2013.07.02 22:00:00.334,0.9009,0.90137,0.19,0.19
2013.07.02 22:00:00.573,0.90094,0.90137,0.19,0.19
2013.07.02 22:00:00.874,0.90097,0.90137,0.75,0.19
2013.07.02 22:00:01.257,0.90103,0.90143,0.19,0.94
2013.07.02 22:00:03.454,0.90103,0.90145,0.19,0.19
2013.07.02 22:00:03.961,0.90102,0.90146,0.19,0.19
2013.07.02 22:00:04.069,0.90106,0.90139,0.19,0.19
2013.07.02 22:00:04.382,0.90103,0.90135,0.19,0.19
2013.07.02 22:00:04.613,0.90097,0.90144,0.19,0.19
2013.07.02 22:00:05.013,0.90104,0.90147,0.19,0.19
2013.07.02 22:00:06.043,0.90103,0.90144,0.19,0.19
2013.07.02 22:00:06.294,0.90103,0.90147,0.19,0.19
2013.07.02 22:00:07.613,0.90105,0.90144,0.19,0.19
2013.07.02 22:00:08.015,0.90104,0.90139,0.19,0.19
2013.07.02 22:00:08.253,0.901,0.90146,0.19,0.19
2013.07.02 22:00:08.716,0.90101,0.90143,0.19,0.19
2013.07.02 22:00:09.983,0.90101,0.9014,0.19,0.19
2013.07.02 22:00:10.631,0.90099,0.90142,0.19,0.19
2013.07.02 22:00:10.752,0.901,0.90139,0.19,0.19
2013.07.02 22:00:11.744,0.90099,0.90138,0.19,0.19
2013.07.02 22:00:13.154,0.90103,0.9014,0.19,0.19
2013.07.02 22:00:13.413,0.901,0.90142,0.19,0.19
2013.07.02 22:00:15.274,0.90098,0.90145,0.19,0.19
2013.07.02 22:00:17.285,0.90103,0.90146,0.19,0.19
2013.07.02 22:00:19.214,0.90103,0.90142,0.19,0.19
2013.07.02 22:00:20.613,0.90102,0.90142,0.19,0.19
2013.07.02 22:00:23.224,0.90101,0.90143,0.19,0.19
2013.07.02 22:00:26.038,0.901,0.90145,0.19,0.19
2013.07.02 22:00:28.240,0.901,0.9014,0.19,0.19
2013.07.02 22:00:31.174,0.90103,0.90142,0.19,0.19
2013.07.02 22:00:32.181,0.90097,0.90145,0.75,0.19
2013.07.02 22:00:32.543,0.90103,0.9014,0.19,0.19
2013.07.02 22:00:33.853,0.90105,0.9014,0.19,0.19
2013.07.02 22:00:35.497,0.90106,0.90138,0.19,0.19
2013.07.02 22:00:36.807,0.90105,0.90145,0.19,0.19
2013.07.02 22:00:36.914,0.90108,0.90142,0.19,0.19
2013.07.02 22:00:39.033,0.90105,0.90138,0.19,0.19
2013.07.02 22:00:40.624,0.90102,0.90139,0.19,0.19
2013.07.02 22:00:42.238,0.901,0.90146,0.19,0.19
2013.07.02 22:00:42.338,0.90097,0.90148,0.75,0.19
2013.07.02 22:00:42.475,0.90102,0.90148,0.75,0.19
2013.07.02 22:00:42.882,0.90102,0.9014,0.75,0.19
2013.07.02 22:00:45.155,0.90102,0.90141,0.94,0.19
2013.07.02 22:00:46.113,0.90102,0.90146,0.75,0.19
2013.07.02 22:00:46.567,0.90106,0.90143,0.19,0.19
2013.07.02 22:00:50.594,0.90104,0.90143,0.19,0.19
2013.07.02 22:00:54.103,0.90101,0.90149,0.94,0.19
2013.07.02 22:00:54.913,0.90107,0.90144,0.19,0.19
2013.07.02 22:00:56.162,0.90103,0.90143,0.19,0.19
2013.07.02 22:01:00.183,0.901,0.90141,0.19,0.19
2013.07.02 22:01:00.243,0.90101,0.90146,0.19,0.19
2013.07.02 22:01:00.636,0.90103,0.90141,0.19,0.19
2013.07.02 22:01:01.783,0.90103,0.90137,0.19,0.19
2013.07.02 22:01:02.850,0.90102,0.9014,0.19,0.19
2013.07.02 22:01:04.493,0.90102,0.90137,0.75,0.19
2013.07.02 22:01:05.969,0.90102,0.90138,0.94,0.19
2013.07.02 22:01:07.276,0.90104,0.90137,0.19,0.19
2013.07.02 22:01:09.287,0.90105,0.90136,0.19,0.19
2013.07.02 22:01:11.414,0.90103,0.90141,0.19,0.19
2013.07.02 22:01:13.904,0.90102,0.90141,0.75,0.19
2013.07.02 22:01:14.011,0.90106,0.90143,0.19,0.75
2013.07.02 22:01:16.254,0.90104,0.90143,0.19,0.75
2013.07.02 22:01:16.673,0.90106,0.90143,0.19,0.75
2013.07.02 22:01:16.734,0.90113,0.90158,0.19,0.19
2013.07.02 22:01:16.983,0.9012,0.9016,0.19,0.19
2013.07.02 22:01:17.604,0.90115,0.90154,0.19,0.19
2013.07.02 22:01:18.952,0.90114,0.90154,0.19,0.19
2013.07.02 22:01:20.554,0.90114,0.90151,0.19,0.19
2013.07.02 22:01:20.751,0.90114,0.90156,0.19,0.19
2013.07.02 22:01:21.063,0.90119,0.90158,0.19,0.19
2013.07.02 22:01:21.559,0.90113,0.90154,0.19,0.19
2013.07.02 22:01:21.673,0.90108,0.90154,0.19,0.19
2013.07.02 22:01:22.065,0.90114,0.90155,0.19,0.19
2013.07.02 22:01:23.803,0.90112,0.90152,0.19,0.19
2013.07.02 22:01:26.832,0.90117,0.90149,0.19,0.19
2013.07.02 22:01:28.102,0.90116,0.90149,0.19,0.19
2013.07.02 22:01:30.023,0.90112,0.90157,0.94,0.19
2013.07.02 22:01:31.617,0.90112,0.90159,0.75,0.19
2013.07.02 22:01:33.621,0.90115,0.90158,0.19,0.19
2013.07.02 22:01:33.923,0.90118,0.90155,0.19,0.19
2013.07.02 22:01:34.254,0.90117,0.9015,0.19,0.19
2013.07.02 22:01:34.773,0.90112,0.90154,0.19,0.19
2013.07.02 22:01:36.344,0.90109,0.90152,0.19,0.19
2013.07.02 22:01:37.741,0.9011,0.90151,0.19,0.19
2013.07.02 22:01:39.056,0.90108,0.90153,0.19,0.19
2013.07.02 22:01:41.858,0.90105,0.90152,0.19,0.19
2013.07.02 22:01:49.480,0.90107,0.9015,0.19,0.19
2013.07.02 22:01:50.432,0.90103,0.9015,0.19,0.19
2013.07.02 22:01:51.532,0.90105,0.9015,0.19,0.19
2013.07.02 22:01:58.416,0.90106,0.90149,0.19,0.19
2013.07.02 22:01:59.622,0.90106,0.90148,0.19,0.19
2013.07.02 22:02:00.924,0.90107,0.90149,0.19,0.19
2013.07.02 22:02:01.283,0.90107,0.90134,0.19,0.75
2013.07.02 22:02:01.343,0.90104,0.90134,0.19,0.75
2013.07.02 22:02:03.041,0.90105,0.90134,0.19,0.75
2013.07.02 22:02:03.103,0.90105,0.90124,0.19,0.75
2013.07.02 22:02:03.163,0.90101,0.90124,0.19,0.75
2013.07.02 22:02:03.413,0.90101,0.90129,0.19,0.75
2013.07.02 22:02:03.626,0.90101,0.90124,0.19,0.75
2013.07.02 22:02:04.143,0.90101,0.90123,0.19,0.75
2013.07.02 22:02:04.231,0.90101,0.90133,0.19,0.75
2013.07.02 22:02:04.403,0.90098,0.90133,0.19,0.75
2013.07.02 22:02:06.966,0.90101,0.90133,0.19,0.75
2013.07.02 22:02:07.967,0.90098,0.90133,0.19,0.75
2013.07.02 22:02:09.477,0.90101,0.90133,0.19,0.75
2013.07.02 22:02:13.184,0.90102,0.90133,0.19,0.75
2013.07.02 22:02:13.625,0.90106,0.90133,0.19,0.75
2013.07.02 22:02:14.494,0.90103,0.90133,0.19,0.75
2013.07.02 22:02:18.708,0.90104,0.90133,0.19,0.75
2013.07.02 22:02:20.313,0.90108,0.90133,0.19,0.75
2013.07.02 22:02:22.273,0.90107,0.90133,0.19,0.75
2013.07.02 22:02:23.631,0.90108,0.90133,0.19,0.75
2013.07.02 22:02:30.959,0.90101,0.90133,0.19,0.75
2013.07.02 22:02:32.161,0.901,0.90133,0.19,0.75
2013.07.02 22:02:36.076,0.90099,0.90133,0.19,0.75
2013.07.02 22:02:36.177,0.90103,0.90133,0.19,0.75
2013.07.02 22:02:36.574,0.90106,0.90133,0.19,0.75
2013.07.02 22:02:39.388,0.90111,0.90133,0.19,0.75
2013.07.02 22:02:39.701,0.90104,0.90133,0.19,0.75
2013.07.02 22:02:41.901,0.90101,0.90133,0.19,0.75
2013.07.02 22:02:45.543,0.90098,0.90133,0.19,0.75
2013.07.02 22:02:46.534,0.90099,0.90133,0.19,0.75
2013.07.02 22:02:46.864,0.90096,0.90133,0.19,0.75
2013.07.02 22:02:47.925,0.90102,0.90133,0.19,0.75
2013.07.02 22:02:49.444,0.90105,0.90133,0.19,0.75
2013.07.02 22:02:52.744,0.90104,0.90133,0.19,0.75
2013.07.02 22:02:55.943,0.90103,0.90133,0.19,0.75
2013.07.02 22:02:58.651,0.90099,0.90133,0.19,0.75
2013.07.02 22:02:58.713,0.90099,0.90153,0.19,0.75
2013.07.02 22:02:58.773,0.90106,0.90149,0.19,0.19
2013.07.02 22:02:59.073,0.90109,0.90158,0.19,0.19
2013.07.02 22:03:00.663,0.9011,0.90158,0.19,0.19
2013.07.02 22:03:05.905,0.90109,0.90161,0.19,0.19
2013.07.02 22:03:08.313,0.90106,0.90163,0.19,0.19
2013.07.02 22:03:09.814,0.90107,0.90158,0.19,0.19
2013.07.02 22:03:10.813,0.90106,0.90157,0.19,0.19
2013.07.02 22:03:11.524,0.9011,0.90153,0.19,0.19
2013.07.02 22:03:12.024,0.90115,0.90152,0.19,0.19
2013.07.02 22:03:14.235,0.90117,0.90155,0.19,0.19
2013.07.02 22:03:15.292,0.90119,0.90157,0.19,0.19
2013.07.02 22:03:18.234,0.90116,0.90156,0.19,0.19
2013.07.02 22:03:18.724,0.90116,0.90159,0.19,0.19
2013.07.02 22:03:20.531,0.90115,0.9016,0.19,0.19
2013.07.02 22:03:20.653,0.90112,0.90166,0.19,0.19
2013.07.02 22:03:22.039,0.90113,0.90166,0.19,0.19
2013.07.02 22:03:22.173,0.90116,0.9016,0.19,0.19
2013.07.02 22:03:22.473,0.90117,0.90166,0.19,0.19
2013.07.02 22:03:23.763,0.90116,0.90162,0.19,0.19
2013.07.02 22:03:24.713,0.90116,0.90161,0.19,0.19
2013.07.02 22:03:27.304,0.90114,0.90161,0.19,0.19
2013.07.02 22:03:28.823,0.90118,0.90159,0.19,0.19
2013.07.02 22:03:30.373,0.90119,0.90159,0.19,0.19
2013.07.02 22:03:32.781,0.90119,0.90158,0.19,0.19
2013.07.02 22:03:34.887,0.90118,0.90159,0.19,0.19
2013.07.02 22:03:35.703,0.90114,0.90155,0.19,0.19
2013.07.02 22:03:37.004,0.90114,0.90157,0.19,0.19
2013.07.02 22:03:38.098,0.90113,0.90156,0.19,0.19
2013.07.02 22:03:39.810,0.90113,0.90158,0.19,0.19
2013.07.02 22:03:41.818,0.90115,0.9016,0.19,0.19
2013.07.02 22:03:42.834,0.90114,0.90162,0.19,0.19
2013.07.02 22:03:44.063,0.90115,0.90159,0.19,0.19
2013.07.02 22:03:45.121,0.90117,0.90157,0.19,0.19
2013.07.02 22:03:46.427,0.90115,0.9016,0.19,0.19
2013.07.02 22:03:48.837,0.90114,0.90159,0.19,0.19
2013.07.02 22:03:50.556,0.90112,0.90159,0.75,0.19
2013.07.02 22:03:52.752,0.90112,0.90161,0.75,0.19
2013.07.02 22:03:55.934,0.90111,0.90161,0.94,0.19
2013.07.02 22:03:56.833,0.90111,0.90159,0.94,0.19
2013.07.02 22:03:57.884,0.90112,0.90156,0.19,0.19
2013.07.02 22:04:00.494,0.90113,0.90155,0.19,0.19
2013.07.02 22:04:05.116,0.90112,0.9016,1.69,2.44
2013.07.02 22:04:06.218,0.90112,0.90162,1.69,2.44
2013.07.02 22:04:06.823,0.9011,0.90167,1.69,2.44
2013.07.02 22:04:09.364,0.9011,0.90167,1.69,2.44
2013.07.02 22:04:09.544,0.9011,0.90171,1.69,2.44
2013.07.02 22:04:09.641,0.90116,0.90168,1.69,2.44
2013.07.02 22:04:14.285,0.90115,0.90172,1.69,2.44
2013.07.02 22:04:15.776,0.90118,0.90169,1.69,2.44
2013.07.02 22:04:16.984,0.90116,0.9017,1.69,2.44
2013.07.02 22:04:19.302,0.90117,0.90173,1.69,1.69
2013.07.02 22:04:20.733,0.90116,0.9017,1.69,2.44
2013.07.02 22:04:22.514,0.90118,0.90168,1.69,3.19
2013.07.02 22:04:22.816,0.9012,0.90168,1.69,1.69
2013.07.02 22:04:24.124,0.90118,0.90167,1.69,2.44
2013.07.02 22:04:25.428,0.90121,0.90164,1.69,2.44
2013.07.02 22:04:27.190,0.90118,0.90167,1.69,2.44
2013.07.02 22:04:31.813,0.90122,0.90168,1.69,3.19
2013.07.02 22:04:35.194,0.90119,0.90167,1.69,2.44
2013.07.02 22:04:38.100,0.90117,0.90168,1.69,1.69
2013.07.02 22:04:39.307,0.90111,0.90171,1.69,1.69
2013.07.02 22:04:40.949,0.90114,0.90168,1.69,1.69
2013.07.02 22:04:43.044,0.90117,0.90168,1.69,1.69
2013.07.02 22:04:43.794,0.90118,0.90163,1.69,1.69
2013.07.02 22:04:44.803,0.90119,0.90162,1.69,2.44
2013.07.02 22:04:46.959,0.90118,0.90163,1.69,3.19
2013.07.02 22:04:48.865,0.90118,0.90162,1.69,2.44
2013.07.02 22:04:50.274,0.90118,0.90162,1.69,2.44
2013.07.02 22:04:53.593,0.9012,0.90162,1.69,2.44
2013.07.02 22:04:54.700,0.90117,0.90163,1.69,1.69
2013.07.02 22:04:58.006,0.9012,0.90163,1.69,1.69
2013.07.02 22:04:59.243,0.90119,0.90163,1.69,1.69
2013.07.02 22:05:00.503,0.90119,0.90163,1.69,1.69
2013.07.02 22:05:02.434,0.90119,0.90164,1.69,2.44
2013.07.02 22:05:02.493,0.90119,0.90166,1.69,2.44
2013.07.02 22:05:06.087,0.90116,0.90163,1.69,2.44
2013.07.02 22:05:08.296,0.90115,0.90165,1.69,2.44
2013.07.02 22:05:09.510,0.90116,0.90163,1.69,2.44
2013.07.02 22:05:10.833,0.90116,0.90164,1.69,3.19
2013.07.02 22:05:12.338,0.90118,0.90161,1.69,2.44
2013.07.02 22:05:16.774,0.9012,0.90163,1.69,2.44
2013.07.02 22:05:18.501,0.9012,0.90163,1.69,2.44
2013.07.02 22:05:18.733,0.90114,0.90167,1.69,2.44
2013.07.02 22:05:18.793,0.90117,0.9016,1.69,2.44
2013.07.02 22:05:19.033,0.90111,0.90158,1.69,3.19
2013.07.02 22:05:23.210,0.90111,0.90158,1.69,1.69
2013.07.02 22:05:24.415,0.90114,0.90158,1.69,1.69
2013.07.02 22:05:28.136,0.90114,0.90158,1.69,1.69
2013.07.02 22:05:30.461,0.9011,0.9016,1.69,1.69
2013.07.02 22:05:30.763,0.90114,0.90158,1.69,1.69
2013.07.02 22:05:32.094,0.90114,0.90158,1.69,1.69
2013.07.02 22:05:33.113,0.90112,0.90163,1.69,1.69
2013.07.02 22:05:36.207,0.90112,0.90163,1.69,1.69
2013.07.02 22:05:36.536,0.90114,0.90156,1.69,1.69
2013.07.02 22:05:38.853,0.90112,0.90158,1.69,1.69
2013.07.02 22:05:44.053,0.9011,0.90151,1.69,1.69
2013.07.02 22:05:44.233,0.901,0.90151,2.44,1.69
2013.07.02 22:05:45.653,0.90096,0.90151,1.69,1.69
2013.07.02 22:05:45.713,0.90095,0.90151,2.44,1.69
2013.07.02 22:05:46.872,0.90097,0.90151,1.69,1.69
2013.07.02 22:05:47.213,0.90102,0.90153,1.69,1.69
2013.07.02 22:05:48.423,0.90107,0.90153,1.69,1.69
2013.07.02 22:05:48.483,0.90105,0.90153,1.69,1.69
2013.07.02 22:05:48.809,0.90105,0.90152,1.69,1.69
2013.07.02 22:05:49.043,0.90105,0.90153,1.69,1.69
2013.07.02 22:05:50.544,0.90104,0.90153,1.69,1.69
2013.07.02 22:05:51.544,0.90106,0.90153,1.69,1.69
2013.07.02 22:05:51.998,0.90106,0.90153,1.69,1.69
2013.07.02 22:05:52.055,0.90101,0.9015,1.69,1.69
2013.07.02 22:05:52.355,0.90101,0.9015,1.69,1.69
2013.07.02 22:05:52.674,0.90101,0.9015,1.69,1.69
2013.07.02 22:05:52.988,0.90101,0.9015,1.69,1.69
2013.07.02 22:05:53.734,0.90107,0.90151,1.69,1.69
2013.07.02 22:05:54.133,0.90106,0.90154,1.69,1.69
2013.07.02 22:05:55.204,0.90106,0.90154,1.69,1.69
2013.07.02 22:06:01.953,0.90103,0.90158,1.69,1.69
2013.07.02 22:06:04.829,0.90105,0.90156,1.69,1.69
2013.07.02 22:06:07.037,0.90104,0.90154,1.69,1.69
2013.07.02 22:06:08.245,0.90106,0.90154,1.69,1.69
2013.07.02 22:06:09.047,0.90106,0.90154,1.69,1.69
2013.07.02 22:06:11.861,0.90106,0.90155,1.69,1.69
2013.07.02 22:06:14.173,0.90105,0.90156,1.69,1.69
2013.07.02 22:06:16.089,0.90105,0.90156,1.69,1.69
2013.07.02 22:06:16.914,0.90106,0.90158,1.69,1.69
2013.07.02 22:06:18.166,0.90106,0.90158,1.69,1.69
2013.07.02 22:06:21.933,0.90106,0.90159,1.69,1.69
2013.07.02 22:06:23.417,0.90104,0.90159,1.69,1.69
2013.07.02 22:06:33.160,0.90103,0.90161,1.69,1.69
2013.07.02 22:06:35.173,0.90104,0.90159,1.69,1.69
2013.07.02 22:06:41.605,0.90105,0.90161,1.69,1.69
2013.07.02 22:06:42.294,0.90108,0.90156,1.69,1.69
2013.07.02 22:06:43.013,0.9011,0.90159,1.69,1.69
2013.07.02 22:06:44.316,0.90111,0.90155,1.69,1.69
2013.07.02 22:06:45.627,0.90106,0.90158,1.69,1.69
2013.07.02 22:06:48.337,0.90106,0.90157,1.69,1.69
2013.07.02 22:06:51.356,0.90106,0.9016,1.69,1.69
2013.07.02 22:06:53.154,0.90104,0.90159,1.69,1.69
2013.07.02 22:06:53.371,0.90104,0.90159,1.69,1.69
2013.07.02 22:06:56.678,0.90111,0.90156,1.69,1.69
2013.07.02 22:06:56.913,0.90106,0.90152,3.19,1.69
2013.07.02 22:06:57.923,0.90106,0.90154,1.69,1.69
2013.07.02 22:07:00.915,0.90111,0.90154,1.69,1.69
2013.07.02 22:07:02.523,0.90108,0.90158,1.69,1.69
2013.07.02 22:07:05.834,0.90109,0.90155,1.69,1.69
2013.07.02 22:07:07.039,0.90109,0.90157,1.69,1.69
2013.07.02 22:07:08.360,0.90107,0.90162,1.69,1.69
2013.07.02 22:07:09.345,0.90109,0.90157,1.69,1.69
2013.07.02 22:07:13.060,0.90111,0.90154,1.69,1.69
2013.07.02 22:07:14.304,0.90109,0.90155,1.69,1.69
2013.07.02 22:07:15.824,0.90108,0.90157,1.69,1.69
2013.07.02 22:07:17.089,0.90111,0.90157,1.69,1.69
2013.07.02 22:07:19.124,0.9011,0.90159,1.69,1.69
2013.07.02 22:07:21.103,0.90111,0.90157,1.69,1.69
2013.07.02 22:07:23.509,0.90111,0.90156,1.69,1.69
2013.07.02 22:07:24.916,0.90111,0.90156,1.69,1.69
2013.07.02 22:07:25.980,0.90111,0.90156,1.69,1.69
2013.07.02 22:07:30.165,0.90106,0.9016,1.69,1.69
2013.07.02 22:07:30.665,0.90107,0.90155,3.19,1.69
2013.07.02 22:07:31.884,0.90107,0.90154,1.69,1.69
2013.07.02 22:07:33.477,0.90107,0.90156,1.69,1.69
2013.07.02 22:07:34.780,0.90108,0.90156,1.69,1.69
2013.07.02 22:08:12.004,0.90109,0.90155,1.69,1.69
2013.07.02 22:08:12.236,0.90109,0.90155,1.69,1.69
2013.07.02 22:08:17.099,0.90108,0.90152,1.69,1.69
2013.07.02 22:08:18.513,0.90111,0.90149,1.69,1.69
2013.07.02 22:08:19.610,0.90106,0.90154,1.69,1.69
2013.07.02 22:08:20.413,0.90111,0.90152,1.69,1.69
2013.07.02 22:08:23.683,0.90112,0.90152,1.69,1.69
2013.07.02 22:08:33.851,0.90112,0.9015,1.69,1.69
2013.07.02 22:08:37.076,0.9011,0.90152,1.69,1.69
2013.07.02 22:08:42.191,0.90111,0.90151,1.69,1.69
2013.07.02 22:08:44.393,0.9011,0.90152,1.69,1.69
2013.07.02 22:09:00.695,0.90109,0.90153,1.69,1.69
2013.07.02 22:09:01.525,0.90111,0.90153,1.69,1.69
2013.07.02 22:09:03.932,0.90112,0.90153,1.69,1.69
2013.07.02 22:09:07.142,0.9011,0.90154,1.69,1.69
2013.07.02 22:09:09.073,0.90108,0.90156,1.69,1.69
2013.07.02 22:09:14.266,0.90108,0.90158,1.69,1.69
2013.07.02 22:09:16.315,0.90109,0.90157,1.69,1.69
2013.07.02 22:09:50.355,0.90112,0.90158,1.69,1.69
2013.07.02 22:09:50.494,0.90108,0.90155,1.69,1.69
2013.07.02 22:09:51.650,0.90111,0.90155,1.69,1.69
2013.07.02 22:09:52.256,0.90108,0.9016,1.69,1.69
2013.07.02 22:09:56.670,0.90111,0.90159,1.69,1.69
2013.07.02 22:10:02.189,0.90104,0.90163,1.69,1.69
2013.07.02 22:10:04.697,0.90111,0.9016,1.69,1.69
2013.07.02 22:10:11.244,0.90104,0.90163,1.69,1.69
2013.07.02 22:10:14.835,0.9011,0.90164,1.69,3.27
2013.07.02 22:10:16.734,0.90111,0.90161,1.69,1.69
2013.07.02 22:10:18.654,0.90112,0.90159,1.69,1.69
2013.07.02 22:10:19.665,0.90112,0.90158,3.19,1.69
2013.07.02 22:10:21.057,0.90112,0.90162,1.69,1.69
2013.07.02 22:10:21.154,0.90108,0.90164,1.69,2.52
2013.07.02 22:10:24.675,0.90111,0.9016,1.69,1.69
2013.07.02 22:10:31.188,0.90105,0.90164,1.69,2.52
2013.07.02 22:10:32.827,0.9011,0.9016,1.69,1.69
2013.07.02 22:10:32.893,0.90112,0.90157,1.69,1.69
2013.07.02 22:10:33.308,0.90113,0.90158,2.44,1.69
2013.07.02 22:10:35.403,0.90113,0.90157,2.44,1.69
2013.07.02 22:10:39.026,0.90113,0.90158,2.44,1.69
2013.07.02 22:10:40.529,0.90111,0.90162,1.69,1.69
2013.07.02 22:10:42.745,0.90112,0.90158,3.19,1.69
2013.07.02 22:10:43.744,0.90114,0.90156,2.44,1.69
2013.07.02 22:10:45.354,0.90112,0.90158,1.69,1.69
2013.07.02 22:10:45.414,0.90113,0.90158,1.69,1.69
2013.07.02 22:10:46.625,0.90115,0.9016,1.69,1.69
2013.07.02 22:10:48.928,0.90112,0.9016,1.69,1.69
2013.07.02 22:10:50.854,0.90105,0.90159,1.69,1.69
2013.07.02 22:10:59.817,0.90107,0.9016,1.69,1.69
2013.07.02 22:10:59.875,0.90108,0.90158,2.44,1.69
2013.07.02 22:11:01.785,0.90111,0.90156,2.44,1.69
2013.07.02 22:11:06.303,0.90107,0.90159,1.69,1.69
2013.07.02 22:11:06.806,0.90103,0.90161,1.69,1.69
2013.07.02 22:11:09.498,0.90103,0.90161,1.69,1.69
2013.07.02 22:11:10.415,0.9011,0.90158,1.69,1.69
2013.07.02 22:11:11.623,0.90108,0.90158,1.69,1.69
2013.07.02 22:11:18.845,0.90111,0.90155,3.19,1.69
2013.07.02 22:11:19.847,0.90111,0.90156,1.69,1.69
2013.07.02 22:11:21.253,0.90107,0.90162,1.69,1.69
2013.07.02 22:11:24.345,0.90109,0.90162,1.69,1.69
2013.07.02 22:11:30.560,0.90111,0.90164,1.69,3.27
2013.07.02 22:11:31.875,0.90113,0.90158,2.44,1.69
2013.07.02 22:11:32.885,0.90113,0.90158,2.44,1.69
2013.07.02 22:11:34.072,0.90111,0.90163,1.69,1.69
2013.07.02 22:11:35.584,0.90111,0.9016,3.19,1.69
2013.07.02 22:11:36.895,0.90112,0.90158,2.44,1.69
2013.07.02 22:11:38.898,0.9011,0.90162,1.69,1.69
2013.07.02 22:11:40.203,0.90111,0.90162,1.69,1.69
2013.07.02 22:11:42.214,0.90107,0.90163,1.69,1.69
2013.07.02 22:11:45.434,0.90107,0.90164,1.69,2.52
2013.07.02 22:11:50.365,0.90109,0.90164,1.69,1.69
2013.07.02 22:11:57.177,0.9011,0.9016,1.69,1.69
2013.07.02 22:11:57.604,0.90112,0.90161,1.69,1.69
2013.07.02 22:11:57.664,0.90114,0.90161,1.69,1.69
2013.07.02 22:11:57.724,0.90119,0.9016,1.69,1.69
2013.07.02 22:11:58.195,0.90121,0.90164,1.69,1.69
2013.07.02 22:11:59.193,0.90121,0.90166,1.69,1.69
2013.07.02 22:12:00.194,0.90119,0.90167,1.69,1.69
2013.07.02 22:12:01.502,0.90118,0.90166,1.69,1.69
2013.07.02 22:12:05.105,0.90116,0.90166,1.69,1.69
2013.07.02 22:12:05.164,0.90113,0.90166,1.69,1.69
2013.07.02 22:12:05.815,0.90113,0.90163,1.69,1.69
2013.07.02 22:12:07.122,0.90114,0.90162,1.69,1.69
2013.07.02 22:12:08.336,0.90115,0.90159,1.69,1.69
2013.07.02 22:12:08.842,0.90111,0.90163,1.69,1.69
2013.07.02 22:12:09.957,0.90116,0.90158,1.69,1.69
2013.07.02 22:12:15.115,0.90117,0.90159,1.69,1.69
2013.07.02 22:12:15.294,0.9012,0.90163,1.69,1.69
2013.07.02 22:12:16.704,0.90117,0.90163,1.69,1.69
2013.07.02 22:12:16.824,0.90117,0.90164,1.69,1.69
2013.07.02 22:12:20.615,0.90118,0.90161,1.69,1.69
2013.07.02 22:12:20.814,0.9012,0.90162,1.69,1.69
2013.07.02 22:12:21.304,0.90122,0.90167,1.69,1.69
2013.07.02 22:12:21.844,0.90119,0.90167,2.44,1.69
2013.07.02 22:12:21.904,0.90116,0.90163,1.69,1.69
2013.07.02 22:12:21.965,0.90114,0.90163,2.44,1.69
2013.07.02 22:12:24.734,0.90117,0.90159,1.69,1.69
2013.07.02 22:12:25.674,0.90113,0.90159,2.44,1.69
2013.07.02 22:12:27.100,0.90112,0.9016,3.19,1.69
2013.07.02 22:12:28.625,0.90116,0.9016,1.69,1.69
2013.07.02 22:12:29.615,0.90112,0.90161,3.19,1.69
2013.07.02 22:12:30.326,0.90113,0.90161,2.44,1.69
2013.07.02 22:12:31.216,0.90111,0.90165,1.69,1.69
2013.07.02 22:12:32.324,0.90111,0.90166,1.69,1.69
2013.07.02 22:12:33.130,0.90112,0.90159,1.69,1.69
2013.07.02 22:12:37.156,0.90112,0.90161,1.69,1.69
2013.07.02 22:12:40.859,0.90115,0.90158,2.44,1.69
2013.07.02 22:12:41.865,0.90112,0.90162,1.69,1.69
2013.07.02 22:12:44.575,0.90112,0.90161,1.69,1.69
2013.07.02 22:12:48.896,0.9011,0.90162,1.69,1.69
2013.07.02 22:12:50.395,0.9011,0.90162,1.69,1.69
2013.07.02 22:12:51.644,0.90112,0.90157,3.19,1.69
2013.07.02 22:12:53.955,0.90115,0.9016,2.44,1.69
2013.07.02 22:12:55.159,0.90112,0.90157,3.19,1.69
2013.07.02 22:12:56.974,0.90112,0.9016,1.69,1.69
2013.07.02 22:12:58.371,0.90112,0.90163,1.69,1.69
2013.07.02 22:12:59.875,0.90112,0.90163,1.69,1.69
2013.07.02 22:13:00.197,0.90114,0.90163,1.69,1.69
2013.07.02 22:13:01.905,0.90116,0.90158,1.69,1.69
2013.07.02 22:13:03.191,0.90115,0.90158,1.69,1.69
2013.07.02 22:13:04.995,0.90114,0.90159,1.69,1.69
2013.07.02 22:13:07.692,0.90113,0.9016,1.69,1.69
2013.07.02 22:13:16.015,0.90115,0.9016,1.69,1.69
2013.07.02 22:13:16.312,0.90116,0.90162,1.69,1.69
2013.07.02 22:13:16.916,0.90114,0.90158,1.69,1.69
2013.07.02 22:13:21.431,0.9011,0.90161,1.69,1.69
2013.07.02 22:13:22.915,0.9011,0.90161,1.69,1.69
2013.07.02 22:13:24.035,0.90115,0.90158,1.69,1.69
2013.07.02 22:13:26.399,0.90117,0.90159,1.69,1.69
2013.07.02 22:13:27.238,0.90115,0.90162,1.69,1.69
2013.07.02 22:13:31.254,0.90113,0.90164,1.69,1.69
2013.07.02 22:13:32.194,0.90115,0.9016,1.69,1.69
2013.07.02 22:13:32.500,0.90117,0.9016,1.69,1.69
2013.07.02 22:13:35.866,0.90117,0.90159,3.19,1.69
2013.07.02 22:13:37.514,0.90117,0.90161,1.69,1.69
2013.07.02 22:13:40.886,0.90117,0.90162,1.69,1.69
2013.07.02 22:13:44.494,0.90117,0.90159,3.19,1.69
2013.07.02 22:13:47.006,0.90117,0.9016,1.69,1.69
2013.07.02 22:13:54.311,0.90116,0.90164,1.69,1.69
2013.07.02 22:13:55.515,0.90112,0.90166,1.69,1.69
2013.07.02 22:14:11.965,0.90112,0.90162,1.69,1.69
2013.07.02 22:14:12.024,0.90112,0.90159,3.19,1.69
2013.07.02 22:14:14.614,0.90113,0.90157,2.44,1.69
2013.07.02 22:14:17.144,0.90114,0.90159,2.44,1.69
2013.07.02 22:14:27.243,0.90109,0.90165,1.69,1.69
2013.07.02 22:14:28.949,0.90112,0.90161,1.69,1.69
2013.07.02 22:14:30.148,0.90112,0.90162,1.69,1.69
2013.07.02 22:14:33.462,0.90112,0.9016,3.19,1.69
2013.07.02 22:14:33.779,0.90117,0.9016,1.69,1.69
2013.07.02 22:14:39.484,0.90117,0.90159,1.69,1.69
2013.07.02 22:14:41.088,0.90117,0.9016,1.69,1.69
2013.07.02 22:14:44.498,0.90117,0.90159,1.69,1.69
2013.07.02 22:14:50.914,0.90116,0.90159,1.69,1.69
2013.07.02 22:14:51.129,0.90117,0.90161,1.69,1.69
2013.07.02 22:14:51.326,0.90115,0.90161,1.69,1.69
2013.07.02 22:14:51.457,0.90115,0.90161,1.69,1.69
2013.07.02 22:14:55.939,0.90113,0.90163,1.69,1.69
2013.07.02 22:15:12.255,0.90111,0.90164,1.69,1.69
2013.07.02 22:15:16.194,0.9011,0.90165,1.69,1.69
2013.07.02 22:15:16.915,0.9012,0.90165,1.69,1.69
2013.07.02 22:15:20.423,0.90122,0.90166,1.69,1.69
2013.07.02 22:15:22.274,0.90122,0.90165,1.69,1.69
2013.07.02 22:15:25.446,0.90119,0.90167,1.69,1.69
2013.07.02 22:15:27.148,0.9012,0.90166,1.69,1.69
2013.07.02 22:15:32.365,0.90117,0.90166,1.69,1.69
2013.07.02 22:15:34.883,0.90111,0.9017,1.69,1.69
2013.07.02 22:15:43.093,0.90116,0.90164,1.69,1.69
2013.07.02 22:15:50.320,0.90116,0.90164,1.69,1.69
2013.07.02 22:15:51.334,0.90117,0.90162,1.69,1.69
2013.07.02 22:15:52.279,0.90116,0.90162,1.69,1.69
2013.07.02 22:15:53.325,0.90118,0.90162,2.44,1.69
2013.07.02 22:15:54.641,0.90116,0.9016,1.69,1.69
2013.07.02 22:15:55.950,0.90116,0.90161,1.69,1.69
2013.07.02 22:15:57.055,0.90117,0.9016,2.44,1.69
2013.07.02 22:15:58.660,0.90116,0.90163,1.69,1.69
2013.07.02 22:16:01.069,0.90116,0.90164,1.69,1.69
2013.07.02 22:16:01.976,0.90117,0.90161,2.44,1.69
2013.07.02 22:16:06.224,0.90117,0.90163,2.44,1.69
2013.07.02 22:16:08.210,0.90119,0.90162,2.44,1.69
2013.07.02 22:16:09.834,0.90123,0.90164,1.69,1.69
2013.07.02 22:16:10.014,0.90121,0.90167,1.69,1.69
2013.07.02 22:16:10.134,0.90127,0.90175,2.44,1.69
2013.07.02 22:16:10.254,0.90123,0.90171,2.44,1.69
2013.07.02 22:16:11.334,0.90125,0.90167,1.69,1.69
2013.07.02 22:16:14.597,0.90124,0.90165,1.69,1.69
2013.07.02 22:16:17.310,0.90125,0.90163,1.69,1.69
2013.07.02 22:16:18.454,0.90125,0.90164,1.69,1.69
2013.07.02 22:16:20.344,0.90124,0.90162,1.69,1.69
2013.07.02 22:16:22.736,0.90125,0.90166,1.69,1.69
2013.07.02 22:16:29.064,0.90125,0.90165,1.69,1.69
2013.07.02 22:16:34.886,0.90126,0.90165,1.69,1.69
2013.07.02 22:16:36.964,0.90125,0.90165,1.69,1.69
2013.07.02 22:16:39.305,0.90121,0.90169,1.69,1.69
2013.07.02 22:16:40.905,0.90121,0.90169,1.69,1.69
2013.07.02 22:16:41.471,0.90122,0.90165,1.69,1.69
2013.07.02 22:16:44.659,0.9012,0.90163,1.69,1.69
2013.07.02 22:16:47.237,0.90122,0.90164,1.69,1.69
2013.07.02 22:16:49.846,0.90122,0.90163,1.69,1.69
2013.07.02 22:16:50.364,0.90125,0.90163,1.69,1.69
2013.07.02 22:16:51.453,0.90125,0.90165,1.69,1.69
2013.07.02 22:16:52.694,0.90125,0.90165,1.69,1.69
2013.07.02 22:16:53.766,0.90126,0.90168,1.69,1.69
2013.07.02 22:16:54.668,0.90126,0.90167,1.69,1.69
2013.07.02 22:16:59.025,0.90126,0.90167,1.69,1.69
2013.07.02 22:16:59.554,0.90126,0.90171,1.69,1.69
2013.07.02 22:17:00.503,0.90124,0.90169,1.69,1.69
2013.07.02 22:17:01.504,0.90124,0.90167,1.69,1.69
2013.07.02 22:17:03.812,0.90123,0.9017,1.69,1.69
2013.07.02 22:17:04.754,0.90126,0.90165,1.69,1.69
2013.07.02 22:17:09.062,0.90126,0.90166,1.69,1.69
2013.07.02 22:17:10.244,0.90125,0.90168,1.69,1.69
2013.07.02 22:17:15.159,0.90122,0.90169,1.69,1.69
2013.07.02 22:17:17.074,0.90125,0.90168,1.69,1.69
2013.07.02 22:17:18.576,0.90126,0.90166,1.69,1.69
2013.07.02 22:17:20.424,0.90126,0.90167,1.69,1.69
2013.07.02 22:17:22.590,0.90127,0.90166,1.69,1.69
2013.07.02 22:17:23.714,0.90127,0.90165,1.69,1.69
2013.07.02 22:17:25.001,0.90126,0.90167,1.69,1.69
2013.07.02 22:17:27.208,0.90127,0.90168,1.69,1.69
2013.07.02 22:17:30.275,0.90126,0.90167,1.69,1.69
2013.07.02 22:17:32.524,0.90126,0.90169,1.69,1.69
2013.07.02 22:17:36.754,0.90125,0.90167,1.69,1.69
2013.07.02 22:17:38.316,0.90126,0.90164,1.69,1.69
2013.07.02 22:17:39.414,0.90126,0.90166,1.69,1.69
2013.07.02 22:17:41.124,0.90123,0.90164,1.69,1.69
2013.07.02 22:17:42.155,0.90124,0.90163,1.69,1.69
2013.07.02 22:17:43.305,0.90124,0.90165,1.69,1.69
2013.07.02 22:17:46.745,0.90125,0.90165,1.69,1.69
2013.07.02 22:17:48.178,0.90125,0.90165,1.69,1.69
2013.07.02 22:17:48.912,0.90126,0.90167,1.69,1.69
2013.07.02 22:17:49.195,0.90126,0.90167,1.69,1.69
2013.07.02 22:17:50.085,0.90125,0.90168,1.69,1.69
2013.07.02 22:17:54.235,0.90125,0.90168,1.69,1.69
2013.07.02 22:17:56.791,0.90126,0.90166,1.69,1.69
2013.07.02 22:17:59.544,0.90124,0.90166,1.69,1.69
2013.07.02 22:18:02.917,0.90121,0.90168,1.69,1.69
2013.07.02 22:18:05.156,0.90126,0.90166,1.69,1.69
2013.07.02 22:18:09.255,0.90124,0.90167,1.69,1.69
2013.07.02 22:18:10.066,0.90123,0.90171,1.69,1.69
2013.07.02 22:18:10.395,0.90126,0.90168,1.69,1.69
2013.07.02 22:18:12.366,0.90125,0.9017,1.69,1.69
2013.07.02 22:18:13.367,0.90127,0.9017,1.69,1.69
2013.07.02 22:18:15.356,0.90127,0.90169,1.69,1.69
2013.07.02 22:18:17.261,0.90128,0.90168,1.69,1.69
2013.07.02 22:18:20.284,0.90126,0.90168,1.69,1.69
2013.07.02 22:18:22.695,0.90128,0.90168,1.69,1.69
2013.07.02 22:18:24.035,0.90127,0.90168,1.69,1.69
2013.07.02 22:18:25.415,0.90127,0.90168,1.69,1.69
2013.07.02 22:18:27.305,0.90126,0.90169,1.69,1.69
2013.07.02 22:18:30.518,0.9013,0.90171,1.69,1.69
2013.07.02 22:18:31.523,0.90126,0.90168,1.69,1.69
2013.07.02 22:18:37.241,0.90126,0.90168,1.69,1.69
2013.07.02 22:18:42.195,0.90123,0.90172,1.69,1.69
2013.07.02 22:18:42.885,0.90126,0.90168,1.69,1.69
2013.07.02 22:18:52.126,0.90127,0.90168,1.69,1.69
2013.07.02 22:18:53.165,0.90128,0.90172,1.69,1.69
2013.07.02 22:18:56.860,0.90129,0.90173,1.69,1.69
2013.07.02 22:19:09.715,0.90126,0.90172,1.69,1.69
2013.07.02 22:19:10.713,0.90126,0.90169,1.69,1.69
2013.07.02 22:19:11.475,0.90129,0.90173,1.69,1.69
2013.07.02 22:19:20.249,0.9013,0.90171,1.69,1.69
2013.07.02 22:19:21.695,0.90127,0.90172,1.69,1.69
2013.07.02 22:19:22.750,0.90127,0.9017,1.69,1.69
2013.07.02 22:19:24.085,0.90128,0.9017,1.69,1.69
2013.07.02 22:19:24.215,0.90129,0.90172,1.69,1.69
2013.07.02 22:19:28.414,0.90132,0.90171,1.69,1.69
2013.07.02 22:19:30.782,0.9013,0.90173,1.69,1.69
2013.07.02 22:19:41.535,0.90132,0.9017,1.69,1.69
2013.07.02 22:19:42.126,0.90126,0.90174,1.69,1.69
2013.07.02 22:19:44.740,0.90128,0.90172,1.69,1.69
2013.07.02 22:19:47.274,0.90131,0.90171,1.69,1.69
2013.07.02 22:19:47.849,0.90129,0.90174,1.69,1.69
2013.07.02 22:19:53.373,0.90131,0.90172,1.69,1.69
2013.07.02 22:19:54.886,0.90131,0.90173,1.69,1.69
2013.07.02 22:20:24.326,0.90123,0.90181,2.44,2.44
2013.07.02 22:20:24.431,0.90124,0.90181,2.44,2.44
2013.07.02 22:20:33.468,0.90128,0.90178,2.44,2.44
2013.07.02 22:20:36.296,0.90122,0.90178,2.44,2.44
2013.07.02 22:20:37.783,0.9012,0.9018,2.44,2.44
2013.07.02 22:20:38.186,0.90126,0.90175,2.44,2.44
2013.07.02 22:20:39.606,0.9013,0.90174,1.69,1.69
2013.07.02 22:20:39.745,0.90133,0.90175,1.69,1.69
2013.07.02 22:20:39.865,0.90133,0.90179,1.69,3.19
2013.07.02 22:20:39.985,0.90133,0.90178,1.69,1.69
2013.07.02 22:20:40.806,0.90131,0.90178,1.69,1.69
2013.07.02 22:20:44.922,0.90132,0.90178,1.69,3.19
2013.07.02 22:20:49.375,0.90132,0.90178,1.69,1.69
2013.07.02 22:20:50.539,0.9013,0.90178,1.69,3.19
2013.07.02 22:20:52.047,0.90131,0.90176,1.69,2.44
2013.07.02 22:20:53.614,0.90132,0.90177,1.69,2.44
2013.07.02 22:20:54.866,0.90134,0.90176,1.69,2.44
2013.07.02 22:20:55.305,0.90134,0.90173,1.69,1.69
2013.07.02 22:20:55.443,0.90134,0.90174,1.69,1.69
2013.07.02 22:20:56.071,0.9013,0.90174,1.69,1.69
2013.07.02 22:20:56.318,0.9013,0.90173,1.69,1.69
2013.07.02 22:20:56.435,0.9013,0.90176,1.69,2.44
2013.07.02 22:21:00.453,0.90134,0.90179,1.69,3.19
2013.07.02 22:21:01.865,0.90132,0.90179,1.69,3.19
2013.07.02 22:21:06.386,0.90134,0.90178,1.69,2.44
2013.07.02 22:21:07.288,0.90134,0.90179,1.69,3.19
2013.07.02 22:21:09.905,0.90133,0.90174,1.69,1.69
2013.07.02 22:21:13.825,0.90131,0.90174,1.69,1.69
2013.07.02 22:21:19.232,0.90129,0.90174,1.69,1.69
2013.07.02 22:21:19.736,0.90129,0.90177,1.69,2.44
2013.07.02 22:21:22.146,0.90129,0.90178,1.69,1.69
2013.07.02 22:21:23.354,0.90132,0.90176,1.69,2.44
2013.07.02 22:21:24.866,0.90133,0.90177,1.69,2.44
2013.07.02 22:21:25.772,0.90132,0.90173,1.69,1.69
2013.07.02 22:21:27.363,0.90131,0.90173,1.69,1.69
2013.07.02 22:21:31.047,0.90131,0.90171,1.69,1.69
2013.07.02 22:21:34.006,0.90132,0.9017,1.69,1.69
2013.07.02 22:21:38.907,0.90131,0.9017,1.69,1.69
2013.07.02 22:21:39.165,0.9013,0.90173,1.69,1.69
2013.07.02 22:21:41.317,0.90131,0.90171,1.69,1.69
2013.07.02 22:21:42.605,0.90128,0.90171,2.44,1.69
2013.07.02 22:21:46.175,0.90127,0.90171,3.19,1.69
2013.07.02 22:21:47.244,0.90127,0.90171,1.69,1.69
2013.07.02 22:21:49.751,0.90126,0.90172,1.69,1.69
2013.07.02 22:21:52.465,0.90127,0.90174,1.69,1.69
2013.07.02 22:21:54.067,0.90128,0.90174,2.44,1.69
2013.07.02 22:21:55.075,0.90129,0.90173,2.44,1.69
2013.07.02 22:21:57.661,0.90131,0.90173,1.69,1.69
2013.07.02 22:22:01.084,0.90131,0.90172,1.69,1.69
2013.07.02 22:22:02.297,0.90131,0.90174,1.69,1.69
2013.07.02 22:22:04.493,0.90131,0.90174,1.69,1.69
2013.07.02 22:22:05.906,0.90131,0.90174,1.69,1.69
2013.07.02 22:22:17.123,0.90128,0.90176,1.69,1.69
2013.07.02 22:22:19.575,0.90129,0.90176,1.69,1.69
2013.07.02 22:22:20.685,0.90131,0.90173,1.69,1.69
2013.07.02 22:22:21.035,0.90131,0.90173,3.19,1.69
2013.07.02 22:22:24.440,0.90131,0.90172,1.69,1.69
2013.07.02 22:22:27.156,0.90131,0.90172,1.69,1.69
2013.07.02 22:22:33.245,0.90131,0.90173,1.69,1.69
2013.07.02 22:22:44.988,0.90131,0.90173,1.69,1.69
2013.07.02 22:22:46.525,0.90131,0.90172,1.69,1.69
2013.07.02 22:22:56.697,0.90131,0.90173,1.69,1.69
2013.07.02 22:22:58.124,0.90128,0.90177,2.44,2.44
2013.07.02 22:23:00.055,0.90128,0.90177,2.44,2.44
2013.07.02 22:23:07.328,0.90129,0.90178,2.44,2.44
2013.07.02 22:23:08.526,0.90132,0.90179,2.44,2.44
2013.07.02 22:23:10.246,0.90131,0.90178,2.44,2.44
2013.07.02 22:23:20.454,0.90129,0.90178,2.44,2.44
2013.07.02 22:23:30.476,0.90128,0.90177,2.44,2.44
2013.07.02 22:23:35.176,0.90129,0.90176,2.44,2.44
2013.07.02 22:23:36.274,0.90128,0.90175,2.44,2.44
2013.07.02 22:23:37.380,0.90129,0.90178,2.44,2.44
2013.07.02 22:23:38.987,0.90128,0.90177,2.44,2.44
2013.07.02 22:23:40.015,0.90129,0.90174,2.44,1.69
2013.07.02 22:23:47.403,0.90129,0.90171,2.44,1.69
2013.07.02 22:23:59.717,0.90132,0.90173,1.69,1.69
2013.07.02 22:24:07.241,0.90132,0.90174,1.69,1.69
2013.07.02 22:24:09.045,0.90132,0.90174,1.69,1.69
2013.07.02 22:24:19.167,0.90132,0.90176,1.69,1.69
2013.07.02 22:24:21.372,0.90132,0.90174,1.69,1.69
2013.07.02 22:24:23.180,0.90132,0.90173,1.69,1.69
2013.07.02 22:24:26.689,0.90132,0.90173,1.69,1.69
2013.07.02 22:24:28.496,0.90132,0.90173,1.69,1.69
2013.07.02 22:24:32.309,0.90132,0.90173,1.69,1.69
2013.07.02 22:24:37.020,0.90132,0.90173,1.69,1.69
2013.07.02 22:24:38.524,0.90132,0.90173,1.69,1.69
2013.07.02 22:24:40.428,0.90132,0.90173,1.69,1.69
2013.07.02 22:24:41.833,0.90132,0.90174,1.69,1.69
2013.07.02 22:24:47.043,0.90132,0.90173,1.69,1.69
2013.07.02 22:24:48.651,0.90132,0.90173,1.69,1.69
2013.07.02 22:24:49.715,0.90127,0.90172,2.44,1.69
2013.07.02 22:24:54.061,0.90128,0.9017,2.44,1.69
2013.07.02 22:24:55.267,0.90127,0.9017,2.44,1.69
2013.07.02 22:24:59.120,0.90127,0.90171,2.44,1.69
2013.07.02 22:25:00.017,0.90128,0.90172,2.44,1.69
2013.07.02 22:25:11.508,0.90128,0.90174,2.44,1.69
2013.07.02 22:25:13.214,0.90128,0.90172,2.44,1.69
2013.07.02 22:25:14.220,0.90129,0.90171,2.44,1.69
2013.07.02 22:25:19.131,0.90128,0.90173,2.44,1.69
2013.07.02 22:25:22.539,0.90129,0.90171,2.44,1.69
2013.07.02 22:25:24.348,0.90128,0.9017,2.44,1.69
2013.07.02 22:25:36.180,0.90127,0.90171,2.44,1.69
2013.07.02 22:25:40.192,0.90128,0.90171,2.44,1.69
2013.07.02 22:25:47.404,0.90129,0.90171,2.44,1.69
2013.07.02 22:25:48.731,0.90131,0.90171,1.69,1.69
2013.07.02 22:25:49.274,0.90128,0.90171,2.44,1.69
2013.07.02 22:25:49.735,0.90124,0.90168,2.44,1.69
2013.07.02 22:25:51.645,0.90122,0.90166,1.69,1.69
2013.07.02 22:25:54.926,0.90124,0.90166,2.44,1.69
2013.07.02 22:25:57.536,0.90125,0.90168,2.44,1.69
2013.07.02 22:26:10.068,0.90124,0.90169,2.44,1.69
2013.07.02 22:26:24.435,0.90129,0.90169,1.69,1.69
2013.07.02 22:26:27.101,0.90132,0.9017,1.69,1.69
2013.07.02 22:26:31.525,0.90132,0.9017,1.69,1.69
2013.07.02 22:26:34.316,0.90131,0.90171,1.69,1.69
2013.07.02 22:26:45.295,0.90132,0.9017,1.69,1.69
2013.07.02 22:26:45.753,0.90132,0.90175,1.69,2.44
2013.07.02 22:26:45.875,0.90128,0.90188,1.69,4.77
2013.07.02 22:26:45.935,0.90134,0.90188,1.69,2.52
2013.07.02 22:26:45.995,0.90134,0.90188,1.69,2.52
2013.07.02 22:26:46.339,0.90141,0.90183,1.69,1.69
2013.07.02 22:26:46.395,0.90145,0.90183,1.69,1.69
2013.07.02 22:26:46.535,0.90145,0.90183,1.69,1.69
2013.07.02 22:26:46.705,0.90145,0.90183,1.69,1.69
2013.07.02 22:26:47.346,0.90145,0.90183,1.69,1.69
2013.07.02 22:26:48.006,0.90145,0.90183,1.69,1.69
2013.07.02 22:26:49.648,0.90142,0.90182,1.69,1.69
2013.07.02 22:26:50.183,0.90141,0.90182,1.69,1.69
2013.07.02 22:26:52.055,0.90141,0.9018,1.69,1.69
2013.07.02 22:26:55.163,0.90141,0.9018,1.69,1.69
2013.07.02 22:26:56.264,0.90141,0.90181,1.69,1.69
2013.07.02 22:27:06.187,0.90141,0.90184,1.69,1.69
2013.07.02 22:27:06.722,0.90142,0.90183,1.69,1.69
2013.07.02 22:27:07.502,0.90141,0.90183,1.69,1.69
2013.07.02 22:27:17.520,0.90142,0.90183,1.69,1.69
2013.07.02 22:27:22.326,0.90141,0.90183,1.69,3.19
2013.07.02 22:27:30.440,0.90143,0.90183,1.69,1.69
2013.07.02 22:27:32.502,0.90144,0.90184,1.69,1.69
2013.07.02 22:27:34.105,0.90147,0.90188,1.69,1.69
2013.07.02 22:27:35.758,0.90143,0.90189,2.44,1.69
2013.07.02 22:27:42.373,0.90141,0.90189,1.69,3.19
2013.07.02 22:27:44.681,0.90142,0.90186,3.19,1.69
2013.07.02 22:28:00.016,0.90145,0.90188,1.69,3.19
2013.07.02 22:28:04.131,0.90141,0.90189,3.19,1.69
2013.07.02 22:28:09.445,0.90142,0.90184,1.69,1.69
2013.07.02 22:28:14.152,0.90142,0.90184,1.69,1.69
2013.07.02 22:28:27.489,0.90142,0.90187,1.69,2.44
2013.07.02 22:28:50.395,0.90143,0.90188,2.44,1.69
2013.07.02 22:28:57.469,0.90142,0.90184,1.69,1.69
2013.07.02 22:29:12.307,0.90142,0.90184,1.69,1.69
2013.07.02 22:29:22.130,0.90142,0.90183,1.69,1.69
2013.07.02 22:29:29.175,0.90142,0.90188,3.19,1.69
2013.07.02 22:29:32.946,0.90142,0.90189,2.44,3.19
2013.07.02 22:29:36.165,0.90141,0.90184,1.69,1.69
2013.07.02 22:29:57.417,0.90141,0.90186,3.19,1.69
2013.07.02 22:30:02.220,0.90141,0.90184,1.69,1.69
2013.07.02 22:30:10.047,0.90141,0.90185,3.19,1.69
2013.07.02 22:30:20.567,0.90141,0.90184,3.19,1.69
2013.07.02 22:30:23.975,0.90146,0.90189,1.69,3.19
2013.07.02 22:30:29.033,0.90146,0.90189,1.69,1.69
2013.07.02 22:30:30.536,0.90146,0.90189,1.69,3.19
2013.07.02 22:30:41.563,0.90146,0.90189,1.69,1.69
2013.07.02 22:30:45.473,0.90145,0.90188,1.69,2.44
2013.07.02 22:30:55.895,0.90143,0.90186,1.69,2.44
2013.07.02 22:30:57.597,0.90143,0.90187,1.69,2.44
2013.07.02 22:30:59.346,0.90142,0.90185,1.69,2.44
2013.07.02 22:31:10.137,0.90141,0.90184,1.69,2.44
2013.07.02 22:31:18.978,0.9014,0.90184,1.69,3.19
2013.07.02 22:31:21.152,0.9014,0.90183,1.69,2.44
2013.07.02 22:31:26.067,0.9014,0.90182,1.69,2.44
2013.07.02 22:31:27.573,0.90141,0.90184,1.69,1.69
2013.07.02 22:31:36.695,0.90141,0.90184,1.69,1.69
2013.07.02 22:31:43.056,0.90136,0.90184,1.69,1.69
2013.07.02 22:31:45.518,0.90137,0.90184,2.44,3.19
2013.07.02 22:31:47.526,0.90136,0.90182,1.69,2.44
2013.07.02 22:31:56.841,0.90136,0.90184,1.69,3.19
2013.07.02 22:32:02.457,0.90136,0.90182,1.69,2.44
2013.07.02 22:32:11.473,0.90136,0.90183,1.69,2.44
2013.07.02 22:32:12.477,0.90136,0.90181,1.69,2.44
2013.07.02 22:32:22.304,0.90136,0.9018,1.69,2.44
2013.07.02 22:32:23.505,0.90136,0.90182,1.69,2.44
2013.07.02 22:32:34.731,0.90136,0.90181,1.69,2.44
2013.07.02 22:32:40.986,0.90136,0.90181,1.69,2.44
2013.07.02 22:32:54.174,0.90135,0.90182,2.44,2.44
2013.07.02 22:33:02.398,0.90137,0.90178,1.69,1.69
2013.07.02 22:33:07.609,0.90137,0.90178,1.69,1.69
2013.07.02 22:33:16.326,0.90137,0.90178,1.69,1.69
2013.07.02 22:33:17.236,0.90142,0.90183,1.69,1.69
2013.07.02 22:33:19.317,0.90142,0.90182,1.69,1.69
2013.07.02 22:33:21.636,0.90142,0.90184,1.69,1.69
2013.07.02 22:33:24.346,0.90142,0.90184,3.19,1.69
2013.07.02 22:33:32.478,0.90145,0.90183,1.69,1.69
2013.07.02 22:33:34.172,0.90142,0.9018,1.69,1.69
2013.07.02 22:33:37.482,0.90144,0.90182,1.69,1.69
2013.07.02 22:33:41.186,0.90145,0.90185,1.69,1.69
2013.07.02 22:33:43.396,0.90141,0.90181,1.69,1.69
2013.07.02 22:33:47.477,0.90141,0.90183,1.69,1.69
2013.07.02 22:33:47.616,0.90141,0.90183,3.19,1.69
2013.07.02 22:33:57.436,0.90141,0.90181,1.69,1.69
2013.07.02 22:34:00.907,0.90145,0.90185,1.69,1.69
2013.07.02 22:34:01.547,0.90141,0.90185,3.19,1.69
2013.07.02 22:34:03.386,0.90141,0.90182,1.69,1.69
2013.07.02 22:34:04.029,0.90141,0.90182,1.69,1.69
2013.07.02 22:34:05.130,0.90141,0.90182,1.69,1.69
2013.07.02 22:34:06.156,0.90142,0.90182,1.69,1.69
2013.07.02 22:34:06.718,0.90141,0.90182,1.69,1.69
2013.07.02 22:34:07.426,0.90141,0.90183,1.69,1.69
2013.07.02 22:34:07.977,0.90143,0.90183,1.69,1.69
2013.07.02 22:34:09.482,0.90141,0.90183,1.69,1.69
2013.07.02 22:34:17.308,0.90141,0.9018,1.69,1.69
2013.07.02 22:34:17.807,0.90141,0.90186,3.19,1.69
2013.07.02 22:34:27.117,0.90141,0.90183,1.69,1.69
2013.07.02 22:34:30.024,0.90141,0.90181,1.69,1.69
2013.07.02 22:34:33.233,0.90147,0.90185,1.69,1.69
2013.07.02 22:34:35.377,0.90147,0.90185,1.69,1.69
2013.07.02 22:34:36.315,0.90146,0.90185,1.69,1.69
2013.07.02 22:34:37.657,0.90145,0.90185,1.69,1.69
2013.07.02 22:34:39.253,0.90144,0.90184,1.69,1.69
2013.07.02 22:34:40.366,0.90144,0.90184,1.69,1.69
2013.07.02 22:34:41.169,0.90142,0.90184,1.69,1.69
2013.07.02 22:34:42.439,0.90142,0.90184,1.69,1.69
2013.07.02 22:34:44.372,0.90142,0.90185,1.69,1.69
2013.07.02 22:34:54.199,0.90142,0.90183,1.69,1.69
2013.07.02 22:35:00.546,0.90141,0.90182,1.69,1.69
2013.07.02 22:35:02.866,0.90141,0.90181,1.69,1.69
2013.07.02 22:35:12.040,0.90141,0.90181,1.69,1.69
2013.07.02 22:35:26.316,0.90141,0.90181,1.69,1.69
2013.07.02 22:35:35.007,0.90141,0.90184,1.69,1.69
2013.07.02 22:35:36.336,0.90141,0.90182,1.69,1.69
2013.07.02 22:35:43.028,0.90141,0.90183,1.69,1.69
2013.07.02 22:35:46.839,0.90141,0.90184,1.69,1.69
2013.07.02 22:35:57.064,0.90141,0.90182,1.69,1.69
2013.07.02 22:35:59.164,0.90141,0.90181,1.69,1.69
2013.07.02 22:36:00.446,0.90141,0.90181,1.69,1.69
2013.07.02 22:36:00.506,0.90141,0.90181,1.69,1.69
2013.07.02 22:36:05.884,0.90139,0.90179,1.69,1.69
2013.07.02 22:36:12.016,0.90141,0.90181,1.69,1.69
2013.07.02 22:36:16.007,0.90141,0.90179,1.69,1.69
2013.07.02 22:36:20.514,0.90136,0.90177,1.69,1.69
2013.07.02 22:36:25.837,0.90141,0.90181,1.69,1.69
2013.07.02 22:36:36.958,0.9014,0.9018,1.69,1.69
2013.07.02 22:36:43.870,0.9014,0.90178,1.69,1.69
2013.07.02 22:36:47.076,0.90141,0.90181,1.69,1.69
2013.07.02 22:36:48.783,0.90141,0.90181,1.69,1.69
2013.07.02 22:36:50.990,0.90141,0.90181,1.69,1.69
2013.07.02 22:36:57.403,0.9014,0.9018,1.69,1.69
2013.07.02 22:37:00.396,0.9014,0.90183,1.69,1.69
2013.07.02 22:37:00.456,0.90142,0.90183,1.69,1.69
2013.07.02 22:37:07.786,0.90142,0.90183,1.69,1.69
2013.07.02 22:37:10.643,0.90142,0.90183,1.69,1.69
2013.07.02 22:37:12.650,0.90142,0.90183,1.69,1.69
2013.07.02 22:37:19.670,0.90142,0.90185,1.69,1.69
2013.07.02 22:37:20.906,0.90142,0.90183,1.69,1.69
2013.07.02 22:37:25.287,0.90142,0.90183,1.69,1.69
2013.07.02 22:37:27.043,0.90145,0.90183,1.69,1.69
2013.07.02 22:37:28.796,0.90137,0.90182,3.19,1.69
2013.07.02 22:37:30.902,0.9014,0.90184,1.69,3.19
2013.07.02 22:37:38.920,0.90141,0.90184,1.69,1.69
2013.07.02 22:38:01.482,0.90141,0.90184,1.69,1.69
2013.07.02 22:38:06.302,0.90141,0.90184,1.69,1.69
2013.07.02 22:38:11.919,0.90141,0.90184,1.69,1.69
2013.07.02 22:38:19.437,0.90141,0.90184,1.69,1.69
2013.07.02 22:38:27.751,0.90141,0.90184,1.69,1.69
2013.07.02 22:38:33.636,0.90133,0.90182,2.44,2.44
2013.07.02 22:38:33.966,0.90131,0.90174,1.69,1.69
2013.07.02 22:38:56.546,0.90126,0.90169,1.69,1.69
2013.07.02 22:38:57.839,0.90126,0.90169,1.69,1.69
2013.07.02 22:39:02.950,0.90121,0.90169,1.69,3.19
2013.07.02 22:39:12.489,0.90121,0.90167,1.69,2.44
2013.07.02 22:39:17.106,0.90121,0.90164,1.69,1.69
2013.07.02 22:39:21.118,0.90121,0.90165,3.19,1.69
2013.07.02 22:39:24.497,0.90122,0.90165,2.44,1.69
2013.07.02 22:39:25.476,0.90122,0.90165,1.69,1.69
2013.07.02 22:39:37.762,0.90122,0.90164,1.69,1.69
2013.07.02 22:39:44.377,0.90122,0.90165,1.69,1.69
2013.07.02 22:39:47.701,0.90122,0.90163,1.69,1.69
2013.07.02 22:40:01.744,0.90119,0.90164,2.44,1.69
2013.07.02 22:40:11.166,0.9012,0.90163,2.44,1.69
2013.07.02 22:40:14.516,0.90119,0.90163,2.44,1.69
2013.07.02 22:40:26.223,0.9012,0.90165,2.44,1.69
2013.07.02 22:40:27.729,0.90121,0.90163,2.44,1.69
2013.07.02 22:40:35.486,0.90117,0.90162,2.44,1.69
2013.07.02 22:40:37.254,0.90119,0.90163,2.44,1.69
2013.07.02 22:40:37.806,0.90119,0.90164,2.44,1.69
2013.07.02 22:40:46.177,0.9012,0.90164,2.44,1.69
2013.07.02 22:40:49.685,0.9012,0.90164,2.44,1.69
2013.07.02 22:40:53.617,0.90126,0.90169,1.69,1.69
2013.07.02 22:41:04.735,0.90126,0.90169,1.69,3.19
2013.07.02 22:41:09.651,0.90125,0.90169,1.69,1.69
2013.07.02 22:41:13.267,0.90124,0.90168,1.69,2.44
2013.07.02 22:41:17.822,0.90118,0.90164,2.44,1.69
2013.07.02 22:41:19.526,0.90119,0.90164,2.44,1.69
2013.07.02 22:41:27.750,0.90117,0.90159,2.44,1.69
2013.07.02 22:41:29.655,0.90114,0.90159,2.44,1.69
2013.07.02 22:41:40.803,0.90114,0.90159,2.44,1.69
2013.07.02 22:41:43.956,0.90117,0.90163,1.69,3.19
2013.07.02 22:42:12.589,0.90117,0.90163,1.69,3.19
2013.07.02 22:42:36.437,0.90117,0.90163,1.69,1.69
2013.07.02 22:42:51.465,0.90114,0.90163,2.44,2.44
2013.07.02 22:42:54.172,0.90113,0.90159,2.44,1.69
2013.07.02 22:43:14.206,0.90114,0.90159,2.44,1.69
2013.07.02 22:43:16.414,0.90113,0.90159,2.44,1.69
2013.07.02 22:43:37.857,0.90114,0.90159,2.44,1.69
2013.07.02 22:43:38.860,0.90116,0.90159,2.44,1.69
2013.07.02 22:43:47.878,0.90115,0.90159,2.44,1.69
2013.07.02 22:43:53.289,0.90114,0.90161,2.44,2.44
2013.07.02 22:43:59.908,0.90114,0.90163,2.44,2.44
2013.07.02 22:44:06.628,0.90115,0.90164,2.44,2.44
2013.07.02 22:44:07.833,0.90114,0.90163,2.44,2.44
2013.07.02 22:44:12.451,0.90114,0.90161,2.44,2.44
2013.07.02 22:44:15.459,0.90112,0.90161,2.44,2.44
2013.07.02 22:44:27.279,0.90113,0.9016,2.44,2.44
2013.07.02 22:44:30.989,0.9011,0.90159,2.44,2.44
2013.07.02 22:44:40.807,0.90112,0.90159,2.44,2.44
2013.07.02 22:44:59.839,0.9011,0.90159,2.44,2.44
2013.07.02 22:45:02.845,0.90111,0.9016,2.44,2.44
2013.07.02 22:45:08.962,0.90111,0.90158,2.44,2.44
2013.07.02 22:45:10.367,0.9011,0.90157,2.44,2.44
2013.07.02 22:45:17.890,0.90109,0.90158,2.44,2.44
2013.07.02 22:45:26.068,0.90111,0.9016,2.44,2.44
2013.07.02 22:45:27.816,0.90109,0.90158,2.44,2.44
2013.07.02 22:45:31.933,0.90113,0.9016,2.44,2.44
2013.07.02 22:45:33.933,0.9011,0.90159,2.44,2.44
2013.07.02 22:45:44.157,0.90109,0.90156,2.44,2.44
2013.07.02 22:45:47.869,0.90111,0.90156,1.69,2.44
2013.07.02 22:45:53.980,0.90111,0.90156,1.69,2.44
2013.07.02 22:45:57.884,0.9011,0.90156,1.69,2.44
2013.07.02 22:46:05.505,0.90107,0.90154,2.44,3.19
2013.07.02 22:46:11.428,0.90107,0.90154,2.44,3.19
2013.07.02 22:46:12.448,0.90109,0.90153,1.69,2.44
2013.07.02 22:46:15.434,0.90112,0.90158,1.69,3.19
2013.07.02 22:46:21.048,0.90111,0.90154,1.69,1.69
2013.07.02 22:46:29.963,0.90111,0.90154,1.69,1.69
2013.07.02 22:46:32.880,0.90111,0.90154,1.69,1.69
2013.07.02 22:46:37.989,0.90111,0.90154,1.69,3.19
2013.07.02 22:46:41.978,0.90111,0.90157,1.69,2.44
2013.07.02 22:46:53.501,0.90107,0.90152,1.69,2.44
2013.07.02 22:46:58.019,0.90107,0.90152,1.69,2.44
2013.07.02 22:47:14.579,0.90103,0.90147,2.44,1.69
2013.07.02 22:47:14.698,0.90096,0.90143,2.52,1.69
2013.07.02 22:47:14.758,0.90097,0.90138,1.69,1.69
2013.07.02 22:47:15.298,0.90097,0.90143,1.69,2.44
2013.07.02 22:47:16.159,0.90102,0.90147,1.69,2.44
2013.07.02 22:47:17.259,0.90104,0.90149,1.69,2.44
2013.07.02 22:47:19.052,0.90105,0.9015,1.69,2.44
2013.07.02 22:47:25.308,0.90102,0.90148,1.69,1.69
2013.07.02 22:47:27.875,0.90102,0.90148,1.69,1.69
2013.07.02 22:47:31.238,0.90102,0.90146,1.69,2.44
2013.07.02 22:47:32.586,0.90102,0.90147,1.69,2.44
2013.07.02 22:47:40.868,0.90104,0.90148,2.44,1.69
2013.07.02 22:47:44.838,0.90109,0.90153,2.44,1.69
2013.07.02 22:47:46.683,0.9011,0.90153,2.44,1.69
2013.07.02 22:47:54.228,0.90112,0.90155,1.69,1.69
2013.07.02 22:48:00.324,0.90112,0.90155,1.69,1.69
2013.07.02 22:48:01.768,0.90109,0.90154,2.44,1.69
2013.07.02 22:48:03.539,0.90111,0.90154,1.69,1.69
2013.07.02 22:48:07.347,0.90108,0.90154,2.44,1.69
2013.07.02 22:48:08.268,0.90114,0.90156,2.44,1.69
2013.07.02 22:48:09.518,0.90117,0.90159,2.44,1.69
2013.07.02 22:48:10.880,0.90113,0.90157,2.44,1.69
2013.07.02 22:48:11.428,0.90116,0.90159,1.69,1.69
2013.07.02 22:48:11.939,0.90113,0.90157,2.44,1.69
2013.07.02 22:48:12.709,0.90117,0.90158,1.69,1.69
2013.07.02 22:48:13.592,0.90117,0.90158,1.69,1.69
2013.07.02 22:48:14.309,0.90114,0.90158,1.69,3.19
2013.07.02 22:48:17.009,0.90111,0.90153,1.69,1.69
2013.07.02 22:48:20.278,0.9011,0.9015,1.69,1.69
2013.07.02 22:48:21.340,0.9011,0.90153,1.69,1.69
2013.07.02 22:48:28.065,0.90107,0.90153,3.19,1.69
2013.07.02 22:48:29.071,0.90108,0.90153,2.44,1.69
2013.07.02 22:48:35.594,0.90107,0.9015,1.69,1.69
2013.07.02 22:48:37.602,0.90106,0.90153,3.19,2.44
2013.07.02 22:48:41.248,0.90112,0.90158,1.69,2.44
2013.07.02 22:48:41.368,0.90116,0.90159,1.69,1.69
2013.07.02 22:48:43.729,0.90111,0.9016,3.19,2.44
2013.07.02 22:48:48.046,0.90114,0.90161,2.44,2.44
2013.07.02 22:48:51.708,0.90112,0.90159,2.44,1.69
2013.07.02 22:49:01.888,0.90112,0.90158,3.19,1.69
2013.07.02 22:49:07.910,0.90113,0.90158,2.44,1.69
2013.07.02 22:49:24.478,0.90116,0.90159,1.69,1.69
2013.07.02 22:49:36.318,0.90116,0.90163,3.19,2.44
2013.07.02 22:49:37.925,0.90116,0.90161,1.69,2.44
2013.07.02 22:49:45.178,0.90116,0.90159,1.69,3.19
2013.07.02 22:49:46.269,0.90112,0.90157,1.69,2.44
2013.07.02 22:49:50.565,0.90111,0.90159,3.19,1.69
2013.07.02 22:49:53.810,0.90111,0.90158,1.69,2.44
2013.07.02 22:49:57.592,0.90111,0.90159,3.19,1.69
2013.07.02 22:49:58.738,0.90112,0.90159,2.44,2.44
2013.07.02 22:50:01.913,0.90115,0.90158,1.69,1.69
2013.07.02 22:50:03.261,0.90117,0.90162,1.69,2.44
2013.07.02 22:50:14.752,0.90116,0.90158,1.69,1.69
2013.07.02 22:50:16.058,0.90116,0.90158,1.69,1.69
2013.07.02 22:50:27.479,0.90116,0.90158,1.69,1.69
2013.07.02 22:50:37.850,0.90117,0.90158,1.69,1.69
2013.07.02 22:50:47.975,0.90116,0.90158,1.69,1.69
2013.07.02 22:51:06.225,0.90112,0.90158,3.19,1.69
2013.07.02 22:51:10.034,0.90113,0.90158,2.44,1.69
2013.07.02 22:51:13.950,0.90115,0.90158,2.44,1.69
2013.07.02 22:51:16.160,0.90113,0.90158,2.44,1.69
2013.07.02 22:51:17.855,0.90114,0.90158,2.44,1.69
2013.07.02 22:51:25.058,0.90117,0.90159,1.69,1.69
2013.07.02 22:51:27.990,0.90117,0.90163,2.44,1.69
2013.07.02 22:51:29.828,0.90115,0.90158,2.44,1.69
2013.07.02 22:51:33.028,0.90112,0.90158,3.19,1.69
2013.07.02 22:51:44.268,0.90111,0.90154,2.44,1.69
2013.07.02 22:51:45.740,0.90112,0.90159,2.44,3.19
2013.07.02 22:51:48.037,0.90111,0.90158,1.69,2.44
2013.07.02 22:51:54.850,0.90112,0.90159,3.19,2.44
2013.07.02 22:51:56.439,0.90112,0.90158,1.69,3.19
2013.07.02 22:51:57.960,0.90112,0.90158,1.69,1.69
2013.07.02 22:51:59.570,0.90116,0.90164,1.69,3.19
2013.07.02 22:52:00.698,0.90122,0.90164,1.69,2.44
2013.07.02 22:52:07.182,0.9012,0.90163,1.69,2.44
2013.07.02 22:52:08.918,0.90122,0.90166,1.69,2.44
2013.07.02 22:52:12.699,0.90122,0.90165,1.69,2.44
2013.07.02 22:52:13.711,0.90122,0.90164,1.69,2.44
2013.07.02 22:52:27.533,0.90122,0.90167,1.69,2.44
2013.07.02 22:52:37.457,0.90121,0.90164,1.69,2.44
2013.07.02 22:52:40.668,0.90122,0.90166,1.69,2.44
2013.07.02 22:52:41.780,0.90122,0.90167,1.69,2.44
2013.07.02 22:52:50.795,0.90122,0.90168,1.69,1.69
2013.07.02 22:52:52.903,0.90123,0.90168,2.44,1.69
2013.07.02 22:52:56.315,0.90121,0.90169,3.19,1.69
2013.07.02 22:52:59.040,0.90121,0.90165,2.44,1.69
2013.07.02 22:52:59.158,0.90118,0.90162,2.44,1.69
2013.07.02 22:53:03.932,0.90117,0.90157,1.69,1.69
2013.07.02 22:53:14.805,0.90116,0.90156,1.69,1.69
2013.07.02 22:53:17.429,0.90117,0.90157,1.69,1.69
2013.07.02 22:53:28.735,0.90116,0.90156,1.69,1.69
2013.07.02 22:53:43.063,0.90117,0.90156,1.69,1.69
2013.07.02 22:53:49.076,0.90116,0.90156,1.69,1.69
2013.07.02 22:53:53.584,0.90117,0.90156,1.69,1.69
2013.07.02 22:53:56.463,0.90117,0.90156,1.69,1.69
2013.07.02 22:53:57.039,0.90117,0.90158,1.69,1.69
2013.07.02 22:53:59.199,0.90117,0.90157,1.69,1.69
2013.07.02 22:54:00.218,0.90118,0.90158,1.69,1.69
2013.07.02 22:54:01.411,0.90117,0.90162,2.44,1.69
2013.07.02 22:54:07.430,0.9012,0.90163,2.44,1.69
2013.07.02 22:54:09.550,0.90117,0.90159,2.44,1.69
2013.07.02 22:54:09.669,0.90117,0.90159,2.44,1.69
2013.07.02 22:54:09.788,0.90116,0.90155,1.69,1.69
2013.07.02 22:54:10.938,0.90117,0.90155,1.69,1.69
2013.07.02 22:54:10.998,0.90117,0.90157,1.69,1.69
2013.07.02 22:54:17.250,0.90116,0.90156,1.69,1.69
2013.07.02 22:54:19.078,0.90115,0.90155,1.69,1.69
2013.07.02 22:54:19.199,0.90115,0.90155,1.69,1.69
2013.07.02 22:54:20.669,0.90112,0.90153,1.69,1.69
2013.07.02 22:54:22.149,0.90112,0.90153,1.69,1.69
2013.07.02 22:54:24.880,0.90112,0.90155,1.69,1.69
2013.07.02 22:54:33.500,0.90112,0.90154,1.69,1.69
2013.07.02 22:54:38.110,0.90112,0.9015,1.69,1.69
2013.07.02 22:54:41.513,0.90109,0.90149,1.69,1.69
2013.07.02 22:54:43.821,0.90111,0.90151,1.69,1.69
2013.07.02 22:54:47.028,0.90111,0.90151,1.69,1.69
2013.07.02 22:54:56.363,0.90107,0.9015,2.44,1.69
2013.07.02 22:54:58.180,0.90106,0.90149,3.19,1.69
2013.07.02 22:55:05.688,0.90106,0.90148,1.69,1.69
2013.07.02 22:55:16.815,0.90106,0.90149,1.69,1.69
2013.07.02 22:55:22.989,0.90104,0.90146,2.44,1.69
2013.07.02 22:55:25.844,0.90102,0.90145,2.44,1.69
2013.07.02 22:55:46.630,0.90106,0.90144,1.69,1.69
2013.07.02 22:55:46.749,0.90107,0.90146,1.69,1.69
2013.07.02 22:56:05.884,0.90104,0.90147,2.44,1.69
2013.07.02 22:56:08.054,0.90101,0.90143,3.19,1.69
2013.07.02 22:56:20.201,0.90102,0.90142,1.69,1.69
2013.07.02 22:56:23.209,0.90101,0.90141,1.69,1.69
2013.07.02 22:56:25.628,0.90102,0.90143,1.69,1.69
2013.07.02 22:56:27.540,0.90102,0.90143,1.69,1.69
2013.07.02 22:56:35.029,0.90102,0.90142,1.69,1.69
2013.07.02 22:56:47.397,0.90102,0.90142,1.69,1.69
2013.07.02 22:56:54.179,0.90103,0.90141,1.69,1.69
2013.07.02 22:56:56.319,0.90106,0.90144,1.69,1.69
2013.07.02 22:56:56.892,0.90102,0.90144,2.44,1.69
2013.07.02 22:56:57.210,0.90102,0.90144,2.44,1.69
2013.07.02 22:56:58.180,0.90101,0.90141,1.69,1.69
2013.07.02 22:57:01.800,0.90101,0.9014,1.69,1.69
2013.07.02 22:57:07.700,0.90101,0.90142,1.69,1.69
2013.07.02 22:57:13.026,0.90101,0.90142,1.69,1.69
2013.07.02 22:57:14.920,0.90101,0.90142,1.69,1.69
2013.07.02 22:57:36.971,0.90101,0.90143,1.69,1.69
2013.07.02 22:57:41.779,0.90101,0.90141,1.69,1.69
2013.07.02 22:58:08.225,0.90101,0.90142,1.69,1.69
2013.07.02 22:58:17.498,0.90096,0.90147,2.44,2.44
2013.07.02 22:58:20.100,0.90099,0.90146,2.44,2.44
2013.07.02 22:58:25.790,0.901,0.90147,2.44,2.44
2013.07.02 22:58:28.186,0.90099,0.90148,2.44,2.44
2013.07.02 22:58:29.710,0.901,0.90149,2.44,2.44
2013.07.02 22:58:36.310,0.90099,0.90148,2.44,2.44
2013.07.02 22:58:37.015,0.90101,0.90143,1.69,1.69
2013.07.02 22:58:39.209,0.90099,0.90143,2.44,1.69
2013.07.02 22:58:39.272,0.90097,0.9014,1.69,1.69
2013.07.02 22:58:40.659,0.90098,0.90142,2.44,1.69
2013.07.02 22:58:40.780,0.90101,0.90142,1.69,1.69
2013.07.02 22:58:42.900,0.90102,0.90142,1.69,1.69
2013.07.02 22:58:43.399,0.90106,0.90148,1.69,1.69
2013.07.02 22:58:44.875,0.90108,0.9015,2.44,1.69
2013.07.02 22:58:45.229,0.90108,0.9015,2.44,1.69
2013.07.02 22:58:46.260,0.90108,0.9015,2.44,1.69
2013.07.02 22:58:46.583,0.90106,0.90146,1.69,1.69
2013.07.02 22:58:48.080,0.90106,0.90146,1.69,1.69
2013.07.02 22:58:48.140,0.90106,0.90146,1.69,1.69
2013.07.02 22:58:49.895,0.90106,0.90148,3.19,1.69
2013.07.02 22:58:50.496,0.9011,0.90148,1.69,1.69
2013.07.02 22:58:51.379,0.90107,0.90148,1.69,1.69
2013.07.02 22:58:51.519,0.90107,0.90149,1.69,1.69
2013.07.02 22:58:52.804,0.90107,0.9015,3.19,1.69
2013.07.02 22:58:54.724,0.90107,0.9015,2.44,1.69
2013.07.02 22:58:55.508,0.90112,0.9015,1.69,1.69
2013.07.02 22:58:56.071,0.9011,0.90148,1.69,1.69
2013.07.02 22:58:56.609,0.9011,0.90148,1.69,1.69
2013.07.02 22:58:58.044,0.90107,0.90148,1.69,1.69
2013.07.02 22:59:10.189,0.90107,0.90152,3.19,1.69
2013.07.02 22:59:11.259,0.90107,0.90151,1.69,1.69
2013.07.02 22:59:15.470,0.90107,0.90149,3.19,1.69
2013.07.02 22:59:17.881,0.90107,0.9015,1.69,1.69
2013.07.02 22:59:19.984,0.90106,0.9015,1.69,1.69
2013.07.02 22:59:29.514,0.90106,0.90148,3.19,1.69
2013.07.02 22:59:37.372,0.90106,0.90148,3.19,1.69
2013.07.02 22:59:38.541,0.90111,0.90152,1.69,1.69
2013.07.02 22:59:39.344,0.90108,0.90152,2.44,1.69
2013.07.02 22:59:42.649,0.90107,0.90148,1.69,1.69
2013.07.02 22:59:44.362,0.90107,0.90149,3.19,1.69
2013.07.02 22:59:46.639,0.90111,0.90149,1.69,1.69
2013.07.02 22:59:47.780,0.90107,0.90149,3.19,1.69
2013.07.02 22:59:52.585,0.90107,0.90149,1.69,1.69
2013.07.02 22:59:54.090,0.90107,0.9015,1.69,1.69
2013.07.02 22:59:58.859,0.90106,0.9015,3.19,1.69
