2015.01.15 23:00:00.074,0.71559,0.71991,0.75,0.75
2015.01.15 23:00:00.325,0.71509,0.71953,0.75,0.75
2015.01.15 23:00:00.426,0.71444,0.71958,0.75,0.75
2015.01.15 23:00:00.526,0.7141,0.71927,0.75,0.75
2015.01.15 23:00:00.777,0.71376,0.71912,0.75,0.75
2015.01.15 23:00:00.961,0.71312,0.71972,0.75,0.75
2015.01.15 23:00:01.112,0.71342,0.72,0.75,0.75
2015.01.15 23:00:01.313,0.71249,0.72083,0.75,0.75
2015.01.15 23:00:02.735,0.71244,0.72056,0.75,0.75
2015.01.15 23:00:03.054,0.712,0.72012,0.75,0.75
2015.01.15 23:00:03.375,0.71181,0.71994,0.75,0.75
2015.01.15 23:00:03.486,0.71245,0.72059,0.75,0.75
2015.01.15 23:00:03.637,0.71212,0.72026,0.75,0.75
2015.01.15 23:00:04.962,0.7125,0.72066,0.75,0.75
2015.01.15 23:00:05.063,0.71327,0.71939,1.00,1.00
2015.01.15 23:00:05.364,0.71281,0.72018,1.00,1.00
2015.01.15 23:00:08.664,0.71259,0.71968,0.75,0.75
2015.01.15 23:00:08.991,0.71287,0.71996,0.75,0.75
2015.01.15 23:00:10.647,0.71317,0.71973,0.75,0.75
2015.01.15 23:00:10.803,0.71295,0.72004,0.75,0.75
2015.01.15 23:00:11.212,0.71367,0.71967,0.75,0.75
2015.01.15 23:00:11.900,0.71378,0.71936,0.75,0.75
2015.01.15 23:00:12.294,0.71378,0.71932,0.75,0.75
2015.01.15 23:00:14.615,0.71378,0.71932,2.00,2.00
2015.01.15 23:00:14.925,0.71378,0.71932,0.75,0.75
2015.01.15 23:00:15.654,0.71378,0.71932,2.00,2.00
2015.01.15 23:00:15.713,0.71378,0.71932,0.75,0.75
2015.01.15 23:00:17.854,0.71378,0.7187,2.00,0.75
2015.01.15 23:00:17.954,0.71378,0.71932,0.75,0.75
2015.01.15 23:00:18.723,0.71476,0.71819,0.75,0.75
2015.01.15 23:00:19.114,0.71452,0.71841,1.00,1.00
2015.01.15 23:00:19.694,0.71436,0.71834,1.00,1.00
2015.01.15 23:00:20.112,0.71542,0.71705,2.10,2.10
2015.01.15 23:00:20.553,0.71434,0.71836,0.75,0.75
2015.01.15 23:00:21.195,0.71542,0.71701,2.10,2.10
2015.01.15 23:00:21.653,0.71437,0.71834,1.00,1.00
2015.01.15 23:00:22.285,0.71542,0.71701,2.10,2.10
2015.01.15 23:00:22.738,0.71477,0.71795,0.75,0.75
2015.01.15 23:00:22.838,0.71442,0.71832,0.75,0.75
2015.01.15 23:00:23.372,0.71541,0.71706,2.10,2.10
2015.01.15 23:00:23.845,0.71442,0.71836,0.75,0.75
2015.01.15 23:00:24.596,0.71554,0.71704,2.10,2.10
2015.01.15 23:00:25.402,0.71483,0.71798,0.75,0.75
2015.01.15 23:00:25.603,0.71446,0.7184,0.75,0.75
2015.01.15 23:00:26.053,0.71563,0.71705,2.10,2.10
2015.01.15 23:00:26.603,0.71449,0.71843,0.75,0.75
2015.01.15 23:00:27.262,0.71554,0.71704,2.10,2.10
2015.01.15 23:00:27.592,0.71449,0.71839,0.75,0.75
2015.01.15 23:00:27.812,0.71371,0.71916,2.00,2.00
2015.01.15 23:00:28.483,0.7151,0.71816,0.75,1.00
2015.01.15 23:00:28.584,0.71461,0.7185,1.00,1.00
2015.01.15 23:00:29.283,0.71494,0.71849,0.75,0.75
2015.01.15 23:00:29.632,0.7149,0.71809,0.75,0.75
2015.01.15 23:00:30.018,0.71497,0.71856,0.75,0.75
2015.01.15 23:00:30.119,0.71477,0.7187,0.75,0.75
2015.01.15 23:00:30.270,0.7146,0.71853,0.75,0.75
2015.01.15 23:00:30.444,0.71471,0.71865,0.75,0.75
2015.01.15 23:00:30.555,0.71554,0.71704,2.10,2.10
2015.01.15 23:00:31.007,0.71452,0.71842,0.75,0.75
2015.01.15 23:00:31.434,0.7146,0.71839,0.75,0.75
2015.01.15 23:00:31.763,0.7146,0.71839,1.37,2.00
2015.01.15 23:00:32.229,0.71519,0.71809,0.75,1.00
2015.01.15 23:00:33.862,0.71494,0.71767,0.75,0.75
2015.01.15 23:00:34.083,0.71429,0.71804,0.75,0.75
2015.01.15 23:00:35.044,0.7157,0.71765,0.75,1.00
2015.01.15 23:00:35.355,0.71569,0.71761,0.75,1.00
2015.01.15 23:00:35.891,0.7157,0.7176,0.75,1.00
2015.01.15 23:00:37.982,0.71574,0.71746,0.75,1.00
2015.01.15 23:00:39.195,0.71575,0.71745,0.75,1.00
2015.01.15 23:00:41.181,0.71574,0.71746,0.75,1.00
2015.01.15 23:00:42.712,0.7158,0.71725,0.75,1.00
2015.01.15 23:00:43.065,0.71585,0.7172,0.75,1.00
2015.01.15 23:00:43.742,0.71585,0.71651,0.75,2.10
2015.01.15 23:00:45.464,0.7159,0.71651,0.75,2.10
2015.01.15 23:00:47.114,0.71585,0.71651,0.75,2.10
2015.01.15 23:00:49.663,0.7156,0.71651,0.75,2.10
2015.01.15 23:00:49.754,0.71554,0.71651,0.75,2.10
2015.01.15 23:00:49.914,0.7156,0.71651,0.75,2.10
2015.01.15 23:00:50.523,0.71475,0.71651,2.10,2.10
2015.01.15 23:00:55.748,0.71351,0.71772,1.00,1.00
2015.01.15 23:00:55.993,0.71316,0.71794,1.00,1.00
2015.01.15 23:00:56.094,0.71331,0.7175,1.00,1.00
2015.01.15 23:00:56.412,0.71437,0.71638,2.10,2.10
2015.01.15 23:01:03.013,0.71365,0.71701,0.75,0.75
2015.01.15 23:01:03.064,0.71341,0.71743,1.00,1.00
2015.01.15 23:01:03.521,0.71429,0.71613,2.10,2.10
2015.01.15 23:01:04.071,0.71369,0.71714,1.00,1.00
2015.01.15 23:01:04.251,0.71329,0.71731,1.00,1.00
2015.01.15 23:01:04.351,0.71244,0.71816,1.00,1.00
2015.01.15 23:01:04.663,0.71363,0.71702,1.00,1.00
2015.01.15 23:01:05.206,0.71353,0.71693,1.00,1.00
2015.01.15 23:01:08.064,0.71433,0.71613,2.10,2.10
2015.01.15 23:01:10.601,0.71324,0.7171,1.00,1.00
2015.01.15 23:01:10.813,0.71235,0.71789,1.00,1.00
2015.01.15 23:01:11.483,0.71318,0.71687,1.00,1.00
2015.01.15 23:01:13.207,0.71386,0.71581,2.10,2.10
2015.01.15 23:01:26.511,0.71322,0.71643,1.00,1.00
2015.01.15 23:01:26.663,0.71274,0.71691,1.00,1.00
2015.01.15 23:01:27.213,0.71391,0.71556,2.10,2.10
2015.01.15 23:01:30.512,0.71291,0.71669,1.00,1.00
2015.01.15 23:01:30.731,0.71276,0.71685,1.00,1.00
2015.01.15 23:01:30.943,0.71228,0.71723,1.00,1.00
2015.01.15 23:01:31.211,0.71336,0.7164,1.00,1.00
2015.01.15 23:01:31.312,0.71327,0.71632,1.00,1.00
2015.01.15 23:01:32.561,0.71391,0.71538,2.10,2.10
2015.01.15 23:01:33.373,0.71327,0.71632,1.00,1.00
2015.01.15 23:01:33.482,0.71235,0.71728,1.00,1.00
2015.01.15 23:01:34.032,0.71307,0.7163,1.00,1.00
2015.01.15 23:01:34.439,0.71327,0.71636,1.00,1.00
2015.01.15 23:01:34.801,0.71282,0.7168,1.00,1.00
2015.01.15 23:01:35.260,0.71268,0.71665,1.00,1.00
2015.01.15 23:01:36.011,0.71357,0.71539,2.10,2.10
2015.01.15 23:01:36.562,0.71266,0.71677,1.00,1.00
2015.01.15 23:01:36.783,0.7128,0.71691,1.00,1.00
2015.01.15 23:01:37.003,0.7125,0.7168,1.00,1.00
2015.01.15 23:01:38.526,0.71271,0.71697,1.00,1.00
2015.01.15 23:01:38.761,0.71239,0.71734,1.00,1.00
2015.01.15 23:01:39.396,0.71302,0.7164,1.00,1.00
2015.01.15 23:01:39.883,0.71292,0.7163,1.00,1.00
2015.01.15 23:01:39.941,0.71314,0.71654,1.00,1.00
2015.01.15 23:01:40.371,0.71358,0.71538,2.10,2.10
2015.01.15 23:01:40.840,0.71301,0.7164,1.00,1.00
2015.01.15 23:01:40.961,0.71289,0.7167,1.00,1.00
2015.01.15 23:01:41.512,0.71282,0.71658,1.00,1.00
2015.01.15 23:01:41.583,0.71285,0.71678,1.00,1.00
2015.01.15 23:01:41.841,0.71218,0.71711,1.00,1.00
2015.01.15 23:01:42.682,0.71235,0.71728,1.00,1.00
2015.01.15 23:01:43.343,0.71218,0.71711,1.00,1.00
2015.01.15 23:01:43.893,0.71239,0.71732,1.00,1.00
2015.01.15 23:01:45.142,0.71199,0.71695,1.00,1.00
2015.01.15 23:01:46.020,0.71244,0.71728,1.00,1.00
2015.01.15 23:01:46.454,0.71222,0.71709,1.00,1.00
2015.01.15 23:01:46.560,0.71249,0.71733,1.00,1.00
2015.01.15 23:01:50.734,0.71293,0.71644,1.00,1.00
2015.01.15 23:01:51.043,0.71291,0.71435,1.00,2.10
2015.01.15 23:01:51.093,0.71282,0.71435,2.10,2.10
2015.01.15 23:01:51.194,0.71253,0.71656,1.00,1.00
2015.01.15 23:01:51.307,0.71244,0.71674,1.00,1.00
2015.01.15 23:01:51.742,0.7126,0.71703,1.00,1.00
2015.01.15 23:01:51.962,0.71362,0.71538,2.10,2.10
2015.01.15 23:01:52.181,0.71319,0.71653,1.00,1.00
2015.01.15 23:01:52.253,0.71264,0.71702,1.00,1.00
2015.01.15 23:01:52.732,0.71365,0.71539,2.10,2.10
2015.01.15 23:01:53.051,0.71318,0.71648,1.00,1.00
2015.01.15 23:01:53.152,0.71279,0.71659,1.00,1.00
2015.01.15 23:01:53.309,0.71221,0.71714,1.00,1.00
2015.01.15 23:01:53.510,0.7128,0.71641,1.00,1.00
2015.01.15 23:01:53.723,0.71251,0.71652,1.00,1.00
2015.01.15 23:01:53.941,0.71239,0.71665,1.00,1.00
2015.01.15 23:01:54.381,0.71286,0.71607,1.00,1.00
2015.01.15 23:01:54.703,0.71341,0.71504,2.10,2.10
2015.01.15 23:01:55.023,0.71228,0.71663,1.00,1.00
2015.01.15 23:01:58.992,0.71195,0.7169,1.00,1.00
2015.01.15 23:01:59.442,0.7121,0.71657,1.00,1.00
2015.01.15 23:01:59.867,0.71196,0.71643,1.00,1.00
2015.01.15 23:02:00.172,0.71216,0.71664,1.00,1.00
2015.01.15 23:02:00.864,0.7137,0.7158,0.75,0.75
2015.01.15 23:02:02.963,0.71203,0.71646,0.75,0.75
2015.01.15 23:02:03.064,0.71164,0.7169,1.00,1.00
2015.01.15 23:02:03.311,0.71188,0.71736,1.00,1.00
2015.01.15 23:02:03.731,0.71234,0.71673,1.00,1.00
2015.01.15 23:02:04.124,0.7137,0.7158,0.75,0.75
2015.01.15 23:02:06.590,0.71374,0.71576,0.75,0.75
2015.01.15 23:02:06.841,0.71231,0.71666,1.00,1.00
2015.01.15 23:02:12.619,0.71261,0.71618,1.00,1.00
2015.01.15 23:02:13.031,0.71307,0.71507,2.10,2.10
2015.01.15 23:02:13.631,0.71235,0.71631,1.00,1.00
2015.01.15 23:02:13.740,0.71214,0.71608,1.00,1.00
2015.01.15 23:02:14.289,0.71269,0.71616,1.00,1.00
2015.01.15 23:02:15.163,0.71316,0.71468,2.10,2.10
2015.01.15 23:02:16.808,0.71197,0.71612,1.00,1.00
2015.01.15 23:02:17.240,0.71241,0.71443,2.10,2.10
2015.01.15 23:02:18.361,0.71206,0.71566,1.00,1.00
2015.01.15 23:02:18.470,0.71193,0.71599,1.00,1.00
2015.01.15 23:02:21.915,0.71175,0.71646,1.00,1.00
2015.01.15 23:02:24.190,0.71232,0.71611,1.00,1.00
2015.01.15 23:02:28.666,0.71232,0.7159,1.00,1.00
2015.01.15 23:02:30.569,0.71212,0.71604,1.00,1.00
2015.01.15 23:02:30.983,0.71227,0.71575,1.00,1.00
2015.01.15 23:02:31.450,0.71214,0.71604,1.00,1.00
2015.01.15 23:02:32.110,0.71234,0.71582,1.00,1.00
2015.01.15 23:02:32.550,0.71214,0.71603,1.00,1.00
2015.01.15 23:02:33.210,0.71234,0.71582,1.00,1.00
2015.01.15 23:02:33.649,0.71215,0.7159,1.00,1.00
2015.01.15 23:02:34.530,0.71233,0.71581,1.00,1.00
2015.01.15 23:02:34.860,0.71226,0.71571,1.00,1.00
2015.01.15 23:02:34.960,0.71206,0.71591,1.00,1.00
2015.01.15 23:02:35.280,0.71237,0.71431,2.10,2.10
2015.01.15 23:02:35.630,0.7127,0.71468,2.10,2.10
2015.01.15 23:02:39.239,0.71279,0.71427,2.10,2.10
2015.01.15 23:02:39.761,0.713,0.71427,1.00,2.10
2015.01.15 23:02:40.360,0.71299,0.71427,1.00,2.10
2015.01.15 23:02:41.130,0.713,0.71427,1.00,2.10
2015.01.15 23:02:43.031,0.71305,0.71427,1.00,2.10
2015.01.15 23:02:46.840,0.71325,0.71427,1.00,2.10
2015.01.15 23:02:51.239,0.71324,0.71427,1.00,2.10
2015.01.15 23:02:52.350,0.71325,0.71427,1.00,2.10
2015.01.15 23:02:55.091,0.71335,0.71427,1.00,2.10
2015.01.15 23:02:59.831,0.71335,0.71428,0.75,2.10
2015.01.15 23:03:04.020,0.71334,0.71428,0.75,2.10
2015.01.15 23:03:04.671,0.71335,0.71428,0.75,2.10
2015.01.15 23:03:04.781,0.7133,0.71428,0.75,2.10
2015.01.15 23:03:05.706,0.71329,0.71428,0.75,2.10
2015.01.15 23:03:06.409,0.7133,0.71428,0.75,2.10
2015.01.15 23:03:11.490,0.7134,0.71428,0.75,2.10
2015.01.15 23:03:12.129,0.7134,0.71426,0.75,2.10
2015.01.15 23:03:14.571,0.71339,0.71426,0.75,2.10
2015.01.15 23:03:16.552,0.7134,0.71426,0.75,2.10
2015.01.15 23:03:17.761,0.71339,0.71426,0.75,2.10
2015.01.15 23:03:18.311,0.71335,0.71426,0.75,2.10
2015.01.15 23:03:19.409,0.7134,0.71426,0.75,2.10
2015.01.15 23:03:21.611,0.71339,0.71426,0.75,2.10
2015.01.15 23:03:25.350,0.7134,0.71426,0.75,2.10
2015.01.15 23:03:27.111,0.71339,0.71426,0.75,2.10
2015.01.15 23:03:27.660,0.7134,0.71426,0.75,2.10
2015.01.15 23:03:28.459,0.7133,0.71426,1.00,2.10
2015.01.15 23:03:35.479,0.7131,0.71426,1.00,2.10
2015.01.15 23:03:36.180,0.71315,0.71426,1.00,2.10
2015.01.15 23:03:36.908,0.71314,0.71426,1.00,2.10
2015.01.15 23:03:37.229,0.71314,0.71491,0.75,0.75
2015.01.15 23:03:43.107,0.71315,0.71485,0.75,0.75
2015.01.15 23:03:44.601,0.71314,0.71486,0.75,0.75
2015.01.15 23:03:45.370,0.71315,0.71485,0.75,0.75
2015.01.15 23:03:48.893,0.71315,0.7148,0.75,0.75
2015.01.15 23:03:50.101,0.71319,0.71481,0.75,0.75
2015.01.15 23:03:55.048,0.7132,0.71485,0.75,0.75
2015.01.15 23:04:00.709,0.71325,0.71475,0.75,0.75
2015.01.15 23:04:06.382,0.7133,0.7147,0.75,0.75
2015.01.15 23:04:08.008,0.7133,0.71444,1.00,2.10
2015.01.15 23:04:10.892,0.71324,0.71444,1.00,2.10
2015.01.15 23:04:11.129,0.7133,0.71445,1.00,2.10
2015.01.15 23:04:11.229,0.71324,0.71445,1.00,2.10
2015.01.15 23:04:11.331,0.7132,0.71445,1.00,2.10
2015.01.15 23:04:11.938,0.71319,0.71445,1.00,2.10
2015.01.15 23:04:12.319,0.71315,0.71445,1.00,2.10
2015.01.15 23:04:12.868,0.71314,0.71445,1.00,2.10
2015.01.15 23:04:13.862,0.7132,0.71445,1.00,2.10
2015.01.15 23:04:13.971,0.71315,0.71445,1.00,2.10
2015.01.15 23:04:22.767,0.7131,0.71445,1.00,2.10
2015.01.15 23:04:23.101,0.71315,0.71445,1.00,2.10
2015.01.15 23:04:23.320,0.7131,0.71445,1.00,2.10
2015.01.15 23:04:23.651,0.71315,0.71445,1.00,2.10
2015.01.15 23:04:24.420,0.7131,0.71445,1.00,2.10
2015.01.15 23:04:25.851,0.71304,0.71445,1.00,2.10
2015.01.15 23:04:26.070,0.7131,0.71445,1.00,2.10
2015.01.15 23:04:28.270,0.71305,0.71445,1.00,2.10
2015.01.15 23:04:31.371,0.7132,0.71445,1.00,2.10
2015.01.15 23:04:31.817,0.71305,0.71445,1.00,2.10
2015.01.15 23:04:38.278,0.7131,0.71445,1.00,2.10
2015.01.15 23:04:39.819,0.71305,0.71445,1.00,2.10
2015.01.15 23:04:40.369,0.71299,0.71445,1.00,2.10
2015.01.15 23:04:40.810,0.71305,0.71445,1.00,2.10
2015.01.15 23:04:41.358,0.71305,0.71462,1.00,2.10
2015.01.15 23:04:42.240,0.71304,0.71462,1.00,2.10
2015.01.15 23:04:44.330,0.7131,0.71462,1.00,2.10
2015.01.15 23:04:45.098,0.7131,0.71409,1.00,2.10
2015.01.15 23:04:45.661,0.7132,0.71409,1.00,2.10
2015.01.15 23:04:47.851,0.71319,0.71409,1.00,2.10
2015.01.15 23:04:48.401,0.7132,0.71409,1.00,2.10
2015.01.15 23:04:48.839,0.71325,0.71409,1.00,2.10
2015.01.15 23:04:53.349,0.71329,0.71409,1.00,2.10
2015.01.15 23:04:53.931,0.7133,0.71409,1.00,2.10
2015.01.15 23:04:54.550,0.71329,0.71409,0.75,2.10
2015.01.15 23:04:54.998,0.7133,0.7142,0.75,1.00
2015.01.15 23:04:55.100,0.7132,0.7144,1.00,1.00
2015.01.15 23:04:55.878,0.71315,0.71417,1.00,2.10
2015.01.15 23:04:56.437,0.7131,0.71417,1.00,2.10
2015.01.15 23:04:57.408,0.71315,0.71417,1.00,2.10
2015.01.15 23:04:57.947,0.71315,0.71413,0.75,2.10
2015.01.15 23:04:58.550,0.71314,0.71413,0.75,2.10
2015.01.15 23:04:59.004,0.71319,0.71413,0.75,2.10
2015.01.15 23:05:00.049,0.71325,0.71413,0.75,2.10
2015.01.15 23:05:04.573,0.7132,0.71413,0.75,2.10
2015.01.15 23:05:07.327,0.71319,0.71413,0.75,2.10
2015.01.15 23:05:07.970,0.7132,0.71413,0.75,2.10
2015.01.15 23:05:09.840,0.71325,0.71413,0.75,2.10
2015.01.15 23:05:10.391,0.71319,0.71413,0.75,2.10
2015.01.15 23:05:11.050,0.71325,0.71413,0.75,2.10
2015.01.15 23:05:12.615,0.71324,0.71413,0.75,2.10
2015.01.15 23:05:13.248,0.71325,0.71413,0.75,2.10
2015.01.15 23:05:14.139,0.7133,0.71413,0.75,2.10
2015.01.15 23:05:16.448,0.71319,0.71413,0.75,2.10
2015.01.15 23:05:16.778,0.71325,0.71413,0.75,2.10
2015.01.15 23:05:17.870,0.71325,0.71405,0.75,1.00
2015.01.15 23:05:18.321,0.71325,0.714,0.75,1.00
2015.01.15 23:05:18.631,0.71325,0.71376,0.75,2.10
2015.01.15 23:05:18.782,0.7132,0.71376,0.75,2.10
2015.01.15 23:05:19.299,0.71325,0.71376,0.75,2.10
2015.01.15 23:05:19.878,0.71324,0.71376,0.75,2.10
2015.01.15 23:05:20.404,0.71325,0.71376,0.75,2.10
2015.01.15 23:05:21.171,0.7132,0.71376,0.75,2.10
2015.01.15 23:05:21.499,0.71324,0.71376,0.75,2.10
2015.01.15 23:05:21.619,0.7132,0.71376,0.75,2.10
2015.01.15 23:05:22.039,0.7132,0.7142,0.75,0.75
2015.01.15 23:05:22.139,0.7129,0.715,0.75,1.00
2015.01.15 23:05:22.413,0.71324,0.71416,0.75,2.10
2015.01.15 23:05:22.927,0.71325,0.71416,0.75,2.10
2015.01.15 23:05:22.977,0.71319,0.71416,0.75,2.10
2015.01.15 23:05:23.077,0.71325,0.71416,0.75,2.10
2015.01.15 23:05:24.057,0.7132,0.71416,0.75,2.10
2015.01.15 23:05:24.469,0.71325,0.71416,0.75,2.10
2015.01.15 23:05:24.719,0.71243,0.71416,2.10,2.10
2015.01.15 23:05:39.678,0.71245,0.71405,1.00,0.75
2015.01.15 23:05:39.979,0.71251,0.71392,2.10,2.10
2015.01.15 23:05:47.358,0.71235,0.7143,0.75,1.00
2015.01.15 23:05:47.509,0.71167,0.71469,1.00,1.00
2015.01.15 23:05:47.560,0.71243,0.71419,2.10,2.10
2015.01.15 23:05:58.578,0.71242,0.71373,2.10,2.10
2015.01.15 23:06:00.888,0.7123,0.7142,0.75,1.00
2015.01.15 23:06:01.650,0.71235,0.71425,0.75,1.00
2015.01.15 23:06:02.046,0.71243,0.7138,2.10,2.10
2015.01.15 23:06:05.177,0.71235,0.7139,0.75,0.75
2015.01.15 23:06:05.507,0.71238,0.71367,2.10,2.10
2015.01.15 23:06:05.611,0.71225,0.7143,0.75,1.00
2015.01.15 23:06:05.661,0.7118,0.71355,1.00,0.75
2015.01.15 23:06:05.761,0.71162,0.7143,1.00,1.00
2015.01.15 23:06:06.711,0.71215,0.714,1.00,1.00
2015.01.15 23:06:07.260,0.71162,0.7143,1.00,1.00
2015.01.15 23:06:15.619,0.7122,0.714,0.75,1.00
2015.01.15 23:06:17.147,0.71238,0.71363,2.10,2.10
2015.01.15 23:06:17.297,0.71238,0.71394,2.10,2.10
2015.01.15 23:06:22.537,0.71131,0.71474,1.00,1.00
2015.01.15 23:06:22.638,0.71115,0.71491,1.00,1.00
2015.01.15 23:06:23.160,0.71117,0.71511,1.00,1.00
2015.01.15 23:06:24.892,0.71133,0.71503,1.00,1.00
2015.01.15 23:06:26.460,0.71134,0.71494,1.00,1.00
2015.01.15 23:06:26.570,0.71117,0.71502,1.00,1.00
2015.01.15 23:06:37.948,0.7132,0.715,0.75,1.00
2015.01.15 23:06:38.508,0.71172,0.71557,1.00,1.00
2015.01.15 23:06:38.560,0.71168,0.71536,1.00,1.00
2015.01.15 23:06:39.033,0.71162,0.71522,1.00,1.00
2015.01.15 23:06:41.639,0.71172,0.71506,1.00,1.00
2015.01.15 23:06:42.923,0.713,0.715,0.75,1.00
2015.01.15 23:06:43.736,0.713,0.71425,1.00,2.10
2015.01.15 23:06:44.671,0.71305,0.71425,0.75,2.10
2015.01.15 23:06:46.055,0.71305,0.71426,1.00,2.10
2015.01.15 23:06:47.173,0.71305,0.71425,1.00,2.10
2015.01.15 23:06:47.720,0.71305,0.71426,1.00,2.10
2015.01.15 23:06:48.137,0.71305,0.715,0.75,1.00
2015.01.15 23:06:49.164,0.71305,0.71425,1.00,2.10
2015.01.15 23:06:49.947,0.71247,0.71425,2.10,2.10
2015.01.15 23:06:50.586,0.71276,0.71468,2.10,2.10
2015.01.15 23:06:55.130,0.7132,0.71468,1.00,2.10
2015.01.15 23:06:55.337,0.71276,0.71468,2.10,2.10
2015.01.15 23:06:59.406,0.71322,0.71447,2.10,2.10
2015.01.15 23:07:01.225,0.71227,0.71517,0.75,0.75
2015.01.15 23:07:01.776,0.71326,0.71447,2.10,2.10
2015.01.15 23:07:01.932,0.71227,0.71517,0.75,0.75
2015.01.15 23:07:02.106,0.71309,0.71447,2.10,2.10
2015.01.15 23:07:05.449,0.71255,0.71447,2.10,2.10
2015.01.15 23:07:06.869,0.71238,0.71401,2.10,2.10
2015.01.15 23:07:08.266,0.71149,0.71471,1.00,1.00
2015.01.15 23:07:08.516,0.7113,0.71506,1.00,1.00
2015.01.15 23:07:08.651,0.71151,0.71485,1.00,1.00
2015.01.15 23:07:08.965,0.71239,0.7139,2.10,2.10
2015.01.15 23:07:10.846,0.7125,0.71431,2.10,2.10
2015.01.15 23:07:12.162,0.7125,0.71389,2.10,2.10
2015.01.15 23:07:14.362,0.71274,0.71431,2.10,2.10
2015.01.15 23:07:21.621,0.71325,0.71431,1.00,2.10
2015.01.15 23:07:21.872,0.71274,0.71431,2.10,2.10
2015.01.15 23:07:29.293,0.71287,0.71473,2.10,2.10
2015.01.15 23:07:39.619,0.71173,0.7154,1.00,1.00
2015.01.15 23:07:41.852,0.71175,0.71515,0.75,0.75
2015.01.15 23:07:42.185,0.71174,0.71539,0.75,0.75
2015.01.15 23:07:44.917,0.71191,0.71533,1.00,1.00
2015.01.15 23:07:45.880,0.71184,0.7155,1.00,1.00
2015.01.15 23:07:46.454,0.71173,0.71538,1.00,1.00
2015.01.15 23:07:47.969,0.71191,0.71516,1.00,1.00
2015.01.15 23:07:51.093,0.71181,0.71507,1.00,1.00
2015.01.15 23:07:51.365,0.71195,0.7139,1.00,0.75
2015.01.15 23:07:51.691,0.71251,0.71406,2.10,2.10
2015.01.15 23:07:51.842,0.71166,0.71488,1.00,1.00
2015.01.15 23:07:51.942,0.71166,0.71505,1.00,1.00
2015.01.15 23:07:52.052,0.71119,0.71432,1.00,1.00
2015.01.15 23:07:52.383,0.71165,0.71521,1.00,1.00
2015.01.15 23:07:52.483,0.71125,0.71426,1.00,1.00
2015.01.15 23:07:52.590,0.7111,0.71441,1.00,1.00
2015.01.15 23:07:53.084,0.71251,0.71441,2.10,1.00
2015.01.15 23:07:53.378,0.71149,0.71523,1.00,1.00
2015.01.15 23:07:53.479,0.71168,0.71512,1.00,1.00
2015.01.15 23:07:53.804,0.7128,0.71466,2.10,2.10
2015.01.15 23:07:54.055,0.71162,0.71437,1.00,1.00
2015.01.15 23:07:54.570,0.71174,0.71429,1.00,1.00
2015.01.15 23:07:55.119,0.71183,0.71421,1.00,1.00
2015.01.15 23:07:55.340,0.71169,0.71433,1.00,1.00
2015.01.15 23:07:55.490,0.7116,0.71424,1.00,1.00
2015.01.15 23:07:56.219,0.71161,0.71408,1.00,1.00
2015.01.15 23:07:57.869,0.71172,0.71396,1.00,1.00
2015.01.15 23:07:58.686,0.71213,0.71337,2.10,2.10
2015.01.15 23:08:00.665,0.71147,0.71445,1.00,1.00
2015.01.15 23:08:00.766,0.71221,0.71408,2.10,2.10
2015.01.15 23:08:00.866,0.71131,0.71478,1.00,1.00
2015.01.15 23:08:01.067,0.71114,0.71496,1.00,1.00
2015.01.15 23:08:01.218,0.71115,0.71406,1.00,1.00
2015.01.15 23:08:01.318,0.71123,0.71429,1.00,1.00
2015.01.15 23:08:02.049,0.71114,0.71407,1.00,1.00
2015.01.15 23:08:02.269,0.71117,0.71422,1.00,1.00
2015.01.15 23:08:02.599,0.7111,0.71402,1.00,1.00
2015.01.15 23:08:04.602,0.71113,0.71425,1.00,1.00
2015.01.15 23:08:04.702,0.71108,0.71412,1.00,1.00
2015.01.15 23:08:06.889,0.71134,0.714,1.00,1.00
2015.01.15 23:08:06.999,0.71141,0.71415,1.00,1.00
2015.01.15 23:08:07.330,0.71124,0.71431,1.00,1.00
2015.01.15 23:08:07.380,0.71209,0.71332,2.10,2.10
2015.01.15 23:08:07.554,0.71124,0.71431,0.75,0.75
2015.01.15 23:08:07.705,0.71116,0.71417,0.75,0.75
2015.01.15 23:08:08.010,0.71138,0.7132,2.10,2.10
2015.01.15 23:08:08.110,0.71038,0.71454,0.75,0.75
2015.01.15 23:08:08.211,0.71044,0.71414,1.00,1.00
2015.01.15 23:08:08.429,0.71015,0.71431,1.00,1.00
2015.01.15 23:08:08.655,0.71154,0.7132,2.10,2.10
2015.01.15 23:08:10.349,0.71155,0.71362,2.10,2.10
2015.01.15 23:08:11.845,0.71059,0.71426,1.00,1.00
2015.01.15 23:08:11.950,0.71015,0.71458,1.00,1.00
2015.01.15 23:08:12.609,0.71052,0.71428,1.00,1.00
2015.01.15 23:08:12.910,0.71209,0.71381,2.10,2.10
2015.01.15 23:08:13.061,0.71083,0.71413,1.00,1.00
2015.01.15 23:08:13.162,0.71111,0.7141,1.00,1.00
2015.01.15 23:08:13.270,0.71026,0.71497,1.00,1.00
2015.01.15 23:08:13.976,0.71186,0.71347,2.10,2.10
2015.01.15 23:08:14.302,0.71052,0.71438,1.00,1.00
2015.01.15 23:08:21.300,0.71043,0.71422,0.75,0.75
2015.01.15 23:08:21.551,0.71023,0.71461,0.75,0.75
2015.01.15 23:08:22.075,0.71045,0.71426,1.00,1.00
2015.01.15 23:08:22.544,0.71018,0.71464,1.00,1.00
2015.01.15 23:08:23.059,0.7105,0.71421,1.00,1.00
2015.01.15 23:08:24.599,0.71032,0.71439,1.00,1.00
2015.01.15 23:08:25.918,0.71018,0.71425,0.75,0.75
2015.01.15 23:08:27.239,0.70984,0.71466,0.75,0.75
2015.01.15 23:08:27.679,0.71024,0.71414,0.75,0.75
2015.01.15 23:08:28.154,0.71027,0.71411,0.75,0.75
2015.01.15 23:08:29.336,0.71011,0.71423,1.00,1.00
2015.01.15 23:08:31.755,0.70998,0.7145,0.75,0.75
2015.01.15 23:08:32.207,0.71009,0.71408,1.00,1.00
2015.01.15 23:08:33.435,0.70994,0.71425,0.75,0.75
2015.01.15 23:08:33.636,0.71166,0.71366,2.10,2.10
2015.01.15 23:08:33.736,0.71016,0.71417,0.75,0.75
2015.01.15 23:08:33.844,0.71167,0.71327,2.10,2.10
2015.01.15 23:08:35.165,0.71055,0.71389,1.00,1.00
2015.01.15 23:08:35.489,0.70997,0.71393,1.00,1.00
2015.01.15 23:08:35.819,0.71039,0.71384,1.00,1.00
2015.01.15 23:08:36.160,0.71027,0.71405,1.00,1.00
2015.01.15 23:08:37.908,0.71014,0.71454,1.00,1.00
2015.01.15 23:08:38.679,0.71039,0.71432,1.00,1.00
2015.01.15 23:08:42.464,0.71025,0.71458,0.75,0.75
2015.01.15 23:08:43.080,0.71038,0.71431,0.75,0.75
2015.01.15 23:08:43.857,0.71025,0.71458,0.75,0.75
2015.01.15 23:08:44.638,0.71039,0.71432,0.75,0.75
2015.01.15 23:08:45.608,0.71041,0.71454,0.75,0.75
2015.01.15 23:08:46.067,0.71039,0.71432,0.75,0.75
2015.01.15 23:08:46.708,0.71029,0.71463,0.75,0.75
2015.01.15 23:08:47.524,0.71043,0.71438,1.00,1.00
2015.01.15 23:08:47.856,0.71057,0.71453,1.00,1.00
2015.01.15 23:08:48.157,0.71036,0.71469,1.00,1.00
2015.01.15 23:08:48.915,0.71035,0.71429,1.00,1.00
2015.01.15 23:08:49.586,0.71016,0.71464,1.00,1.00
2015.01.15 23:08:50.229,0.70994,0.71454,1.00,1.00
2015.01.15 23:08:50.339,0.71018,0.71425,1.00,1.00
2015.01.15 23:08:55.730,0.71,0.71418,1.00,1.00
2015.01.15 23:08:59.249,0.70983,0.71443,1.00,1.00
2015.01.15 23:08:59.689,0.70999,0.71417,1.00,1.00
2015.01.15 23:09:00.010,0.70985,0.71403,1.00,1.00
2015.01.15 23:09:00.340,0.70979,0.71331,1.00,1.00
2015.01.15 23:09:00.675,0.70989,0.71324,1.00,1.00
2015.01.15 23:09:01.014,0.71079,0.7122,2.10,2.10
2015.01.15 23:09:01.894,0.70989,0.71324,1.00,1.00
2015.01.15 23:09:02.000,0.71,0.71385,1.00,1.00
2015.01.15 23:09:02.151,0.70993,0.71403,1.00,1.00
2015.01.15 23:09:03.430,0.7098,0.7139,0.75,0.75
2015.01.15 23:09:04.089,0.70986,0.71368,0.75,0.75
2015.01.15 23:09:09.369,0.70966,0.71363,1.00,1.00
2015.01.15 23:09:09.720,0.71051,0.71177,2.10,2.10
2015.01.15 23:09:09.933,0.70929,0.713,1.00,1.00
2015.01.15 23:09:09.984,0.70944,0.71302,1.00,1.00
2015.01.15 23:09:10.034,0.70942,0.71361,1.00,1.00
2015.01.15 23:09:13.220,0.70949,0.71364,1.00,1.00
2015.01.15 23:09:21.799,0.70961,0.71343,1.00,1.00
2015.01.15 23:09:25.674,0.70943,0.71356,1.00,1.00
2015.01.15 23:09:26.088,0.7096,0.71323,1.00,1.00
2015.01.15 23:09:27.298,0.70938,0.71347,1.00,1.00
2015.01.15 23:09:27.894,0.70961,0.71316,1.00,1.00
2015.01.15 23:09:29.608,0.70951,0.71361,0.75,0.75
2015.01.15 23:09:30.103,0.70936,0.71379,1.00,1.00
2015.01.15 23:09:30.827,0.70955,0.7134,1.00,1.00
2015.01.15 23:09:31.811,0.70965,0.71331,0.75,0.75
2015.01.15 23:09:34.008,0.70967,0.71352,0.75,0.75
2015.01.15 23:09:34.668,0.70974,0.71334,1.00,1.00
2015.01.15 23:09:34.889,0.70955,0.71346,1.00,1.00
2015.01.15 23:09:36.758,0.70944,0.71333,1.00,1.00
2015.01.15 23:09:36.909,0.70929,0.71349,1.00,1.00
2015.01.15 23:09:37.418,0.70956,0.71315,1.00,1.00
2015.01.15 23:09:38.236,0.70935,0.71361,1.00,1.00
2015.01.15 23:09:38.751,0.70955,0.71331,1.00,1.00
2015.01.15 23:09:39.077,0.70938,0.71355,1.00,1.00
2015.01.15 23:09:39.618,0.70955,0.71327,1.00,1.00
2015.01.15 23:09:46.768,0.70929,0.71335,0.75,0.75
2015.01.15 23:09:46.923,0.70944,0.71324,1.00,1.00
2015.01.15 23:10:07.175,0.70954,0.71315,1.00,1.00
2015.01.15 23:10:14.092,0.7109,0.71244,2.10,2.10
2015.01.15 23:10:14.192,0.71048,0.71244,2.10,2.10
2015.01.15 23:10:44.023,0.70938,0.71339,1.00,1.00
2015.01.15 23:10:44.245,0.71002,0.7116,2.10,2.10
2015.01.15 23:10:45.353,0.7093,0.713,1.00,1.00
2015.01.15 23:10:45.571,0.70888,0.71359,1.00,1.00
2015.01.15 23:10:45.671,0.70909,0.71351,1.00,1.00
2015.01.15 23:10:54.794,0.70896,0.71368,1.00,1.00
2015.01.15 23:10:55.565,0.70914,0.71344,1.00,1.00
2015.01.15 23:10:59.962,0.70907,0.71367,0.75,0.75
2015.01.15 23:11:03.713,0.70917,0.71342,1.00,1.00
2015.01.15 23:11:05.683,0.70896,0.71357,1.00,1.00
2015.01.15 23:11:06.132,0.70916,0.7133,1.00,1.00
2015.01.15 23:11:07.233,0.7089,0.71347,1.00,1.00
2015.01.15 23:11:07.997,0.70892,0.71347,1.00,1.00
2015.01.15 23:11:08.528,0.7091,0.71365,1.00,1.00
2015.01.15 23:11:09.108,0.70894,0.71349,1.00,1.00
2015.01.15 23:11:09.433,0.70911,0.71339,1.00,1.00
2015.01.15 23:11:17.245,0.70928,0.71331,0.75,0.75
2015.01.15 23:11:17.703,0.70907,0.71352,0.75,0.75
2015.01.15 23:11:18.124,0.7093,0.71333,0.75,0.75
2015.01.15 23:11:18.582,0.70909,0.71348,1.00,1.00
2015.01.15 23:11:19.087,0.7094,0.71329,1.00,1.00
2015.01.15 23:11:20.963,0.70898,0.71349,1.00,1.00
2015.01.15 23:11:26.152,0.70926,0.71328,1.00,1.00
2015.01.15 23:11:28.243,0.70904,0.71339,1.00,1.00
2015.01.15 23:11:30.222,0.70996,0.71202,2.10,2.10
2015.01.15 23:11:33.192,0.70906,0.71328,1.00,1.00
2015.01.15 23:11:34.622,0.70915,0.71346,1.00,1.00
2015.01.15 23:11:35.147,0.70936,0.71342,1.00,1.00
2015.01.15 23:11:36.027,0.70952,0.71332,1.00,1.00
2015.01.15 23:11:36.278,0.70956,0.71358,1.00,1.00
2015.01.15 23:11:48.042,0.70971,0.71368,1.00,1.00
2015.01.15 23:11:48.812,0.70991,0.71388,1.00,1.00
2015.01.15 23:11:49.243,0.70981,0.71374,1.00,1.00
2015.01.15 23:11:52.642,0.71055,0.71235,2.10,2.10
2015.01.15 23:12:09.361,0.70974,0.71313,0.75,0.75
2015.01.15 23:12:09.467,0.70971,0.71336,1.00,1.00
2015.01.15 23:12:09.518,0.71059,0.71235,2.10,2.10
2015.01.15 23:12:10.132,0.70971,0.71336,1.00,1.00
2015.01.15 23:12:10.237,0.70958,0.7137,1.00,1.00
2015.01.15 23:12:12.001,0.70941,0.71388,1.00,1.00
2015.01.15 23:12:12.131,0.70963,0.71373,1.00,1.00
2015.01.15 23:12:20.163,0.70937,0.7138,1.00,1.00
2015.01.15 23:12:20.602,0.70959,0.71352,1.00,1.00
2015.01.15 23:12:21.042,0.70944,0.71361,1.00,1.00
2015.01.15 23:12:26.651,0.70952,0.71357,1.00,1.00
2015.01.15 23:12:32.482,0.70956,0.71336,1.00,1.00
2015.01.15 23:12:33.913,0.71048,0.71256,2.10,2.10
2015.01.15 23:13:01.414,0.70931,0.71333,1.00,1.00
2015.01.15 23:13:19.451,0.70912,0.71357,1.00,1.00
2015.01.15 23:13:20.002,0.70949,0.71355,1.00,1.00
2015.01.15 23:13:20.444,0.70976,0.71367,1.00,1.00
2015.01.15 23:13:20.544,0.70964,0.71384,1.00,1.00
2015.01.15 23:13:20.756,0.70952,0.7137,1.00,1.00
2015.01.15 23:13:21.076,0.70967,0.71349,1.00,1.00
2015.01.15 23:13:21.761,0.70982,0.71343,1.00,1.00
2015.01.15 23:13:24.898,0.71085,0.71285,0.75,0.75
2015.01.15 23:13:25.129,0.70985,0.71299,1.00,1.00
2015.01.15 23:13:25.179,0.71053,0.71206,2.10,2.10
2015.01.15 23:13:25.281,0.71024,0.71207,2.10,2.10
2015.01.15 23:13:26.601,0.70963,0.71321,1.00,1.00
2015.01.15 23:13:26.801,0.70961,0.71344,1.00,1.00
2015.01.15 23:13:27.614,0.70944,0.71339,1.00,1.00
2015.01.15 23:13:27.920,0.70924,0.71359,1.00,1.00
2015.01.15 23:13:28.385,0.70908,0.71375,1.00,1.00
2015.01.15 23:13:28.486,0.70935,0.71355,1.00,1.00
2015.01.15 23:13:28.691,0.7091,0.71378,1.00,1.00
2015.01.15 23:13:29.682,0.70941,0.71355,1.00,1.00
2015.01.15 23:13:30.001,0.70921,0.71366,1.00,1.00
2015.01.15 23:13:31.440,0.7096,0.71385,1.00,1.00
2015.01.15 23:13:32.207,0.70933,0.71357,0.75,0.75
2015.01.15 23:13:46.731,0.70938,0.71363,1.00,1.00
2015.01.15 23:13:47.851,0.70941,0.71395,1.00,1.00
2015.01.15 23:13:48.263,0.7097,0.71382,1.00,1.00
2015.01.15 23:13:48.583,0.70932,0.71387,1.00,1.00
2015.01.15 23:13:49.170,0.70964,0.71364,1.00,1.00
2015.01.15 23:13:49.370,0.70968,0.71369,1.00,1.00
2015.01.15 23:13:49.590,0.70989,0.71398,1.00,1.00
2015.01.15 23:13:51.106,0.70966,0.71416,1.00,1.00
2015.01.15 23:13:51.240,0.71001,0.71397,1.00,1.00
2015.01.15 23:13:52.646,0.71001,0.71425,1.00,1.00
2015.01.15 23:13:52.866,0.71003,0.714,1.00,1.00
2015.01.15 23:13:55.200,0.70957,0.71415,1.00,1.00
2015.01.15 23:13:56.093,0.71001,0.71397,1.00,1.00
2015.01.15 23:13:56.524,0.7096,0.71422,1.00,1.00
2015.01.15 23:13:57.200,0.70999,0.71397,1.00,1.00
2015.01.15 23:13:57.400,0.70965,0.71419,1.00,1.00
2015.01.15 23:13:58.050,0.70999,0.71397,1.00,1.00
2015.01.15 23:13:58.476,0.71001,0.71396,1.00,1.00
2015.01.15 23:14:00.236,0.7098,0.71392,1.00,1.00
2015.01.15 23:14:04.330,0.71002,0.71397,1.00,1.00
2015.01.15 23:14:05.093,0.71028,0.714,1.00,1.00
2015.01.15 23:14:05.649,0.71028,0.71403,1.00,1.00
2015.01.15 23:14:12.606,0.71191,0.71345,2.10,2.10
2015.01.15 23:14:12.715,0.71063,0.71403,1.00,1.00
2015.01.15 23:14:12.815,0.71025,0.71416,1.00,1.00
2015.01.15 23:14:14.669,0.71039,0.71434,1.00,1.00
2015.01.15 23:14:21.050,0.71045,0.71463,1.00,1.00
2015.01.15 23:14:23.689,0.71041,0.7144,1.00,1.00
2015.01.15 23:14:24.791,0.71045,0.71461,1.00,1.00
2015.01.15 23:14:27.209,0.7105,0.71441,0.75,0.75
2015.01.15 23:14:35.987,0.71056,0.71459,1.00,1.00
2015.01.15 23:14:42.382,0.71049,0.71441,1.00,1.00
2015.01.15 23:14:44.040,0.71013,0.71446,1.00,1.00
2015.01.15 23:14:45.038,0.71031,0.71441,1.00,1.00
2015.01.15 23:14:48.886,0.71014,0.71455,0.75,0.75
2015.01.15 23:14:52.971,0.71032,0.71465,1.00,1.00
2015.01.15 23:14:53.389,0.71059,0.71479,1.00,1.00
2015.01.15 23:14:55.345,0.71064,0.71485,1.00,1.00
2015.01.15 23:14:57.035,0.71048,0.7151,1.00,1.00
2015.01.15 23:14:57.342,0.71067,0.71495,1.00,1.00
2015.01.15 23:14:59.202,0.71055,0.71501,1.00,1.00
2015.01.15 23:14:59.353,0.71079,0.71475,1.00,1.00
2015.01.15 23:15:02.293,0.71053,0.71483,1.00,1.00
2015.01.15 23:15:03.302,0.7101,0.71507,1.00,1.00
2015.01.15 23:15:12.201,0.70992,0.71488,1.00,1.00
2015.01.15 23:15:13.192,0.71014,0.71466,1.00,1.00
2015.01.15 23:15:20.208,0.71027,0.71453,1.00,1.00
2015.01.15 23:15:24.751,0.71042,0.71467,1.00,1.00
2015.01.15 23:15:25.293,0.71019,0.71496,1.00,1.00
2015.01.15 23:15:26.416,0.71058,0.7147,1.00,1.00
2015.01.15 23:15:27.032,0.7105,0.71488,1.00,1.00
2015.01.15 23:15:27.491,0.71082,0.71469,1.00,1.00
2015.01.15 23:15:28.481,0.71062,0.71488,1.00,1.00
2015.01.15 23:15:29.035,0.7109,0.71465,1.00,1.00
2015.01.15 23:15:29.341,0.71043,0.71504,1.00,1.00
2015.01.15 23:15:29.448,0.7107,0.7148,1.00,1.00
2015.01.15 23:15:29.923,0.71092,0.71467,1.00,1.00
2015.01.15 23:15:30.331,0.71108,0.71475,1.00,1.00
2015.01.15 23:15:30.810,0.71114,0.7146,1.00,1.00
2015.01.15 23:15:33.211,0.71126,0.71468,1.00,1.00
2015.01.15 23:15:33.711,0.71116,0.71458,1.00,1.00
2015.01.15 23:15:33.896,0.71122,0.71475,1.00,1.00
2015.01.15 23:15:38.689,0.71134,0.7147,1.00,1.00
2015.01.15 23:15:44.652,0.71115,0.7145,1.00,1.00
2015.01.15 23:15:44.752,0.71125,0.71468,1.00,1.00
2015.01.15 23:15:50.142,0.71155,0.71449,1.00,0.75
2015.01.15 23:15:50.349,0.71135,0.71454,1.00,1.00
2015.01.15 23:15:50.399,0.71232,0.71383,2.10,2.10
2015.01.15 23:15:52.457,0.71194,0.71383,2.10,2.10
2015.01.15 23:15:52.829,0.71117,0.71464,1.00,1.00
2015.01.15 23:15:52.929,0.71071,0.71492,1.00,1.00
2015.01.15 23:15:53.346,0.71215,0.71383,2.10,2.10
2015.01.15 23:15:56.091,0.71094,0.71478,1.00,1.00
2015.01.15 23:15:56.751,0.71215,0.71383,2.10,2.10
2015.01.15 23:15:57.073,0.71088,0.71463,1.00,1.00
2015.01.15 23:15:57.412,0.71076,0.7149,1.00,1.00
2015.01.15 23:15:57.731,0.71214,0.71384,2.10,2.10
2015.01.15 23:15:58.530,0.71084,0.71522,1.00,1.00
2015.01.15 23:15:59.191,0.71211,0.71401,2.10,2.10
2015.01.15 23:16:04.881,0.71135,0.71574,1.00,1.00
2015.01.15 23:16:05.090,0.71119,0.71588,1.00,1.00
2015.01.15 23:16:05.641,0.71137,0.7157,1.00,1.00
2015.01.15 23:16:05.953,0.71143,0.71537,1.00,1.00
2015.01.15 23:16:06.003,0.71119,0.71564,1.00,1.00
2015.01.15 23:16:08.950,0.71216,0.7141,2.10,2.10
2015.01.15 23:16:14.124,0.71119,0.71501,1.00,1.00
2015.01.15 23:16:14.224,0.71085,0.71524,1.00,1.00
2015.01.15 23:16:14.911,0.71073,0.71495,1.00,1.00
2015.01.15 23:16:16.010,0.71088,0.71487,1.00,1.00
2015.01.15 23:16:17.760,0.71104,0.71499,0.75,0.75
2015.01.15 23:16:21.202,0.71099,0.71494,0.75,0.75
2015.01.15 23:16:21.588,0.7109,0.71482,0.75,0.75
2015.01.15 23:16:21.961,0.71115,0.71485,0.75,0.75
2015.01.15 23:16:32.414,0.71115,0.71479,0.75,0.75
2015.01.15 23:16:38.858,0.71104,0.71524,1.00,1.00
2015.01.15 23:16:39.336,0.71033,0.7156,1.00,1.00
2015.01.15 23:16:39.537,0.71076,0.71528,1.00,1.00
2015.01.15 23:16:39.990,0.71109,0.71514,1.00,1.00
2015.01.15 23:16:43.505,0.71089,0.71507,1.00,1.00
2015.01.15 23:16:43.917,0.71112,0.71495,1.00,1.00
2015.01.15 23:16:44.294,0.711,0.71516,1.00,1.00
2015.01.15 23:16:44.793,0.71126,0.715,1.00,1.00
2015.01.15 23:16:44.950,0.7114,0.71515,1.00,1.00
2015.01.15 23:16:45.788,0.71158,0.71528,1.00,1.00
2015.01.15 23:16:46.270,0.71155,0.71525,1.00,1.00
2015.01.15 23:16:46.370,0.71127,0.71556,1.00,1.00
2015.01.15 23:16:46.918,0.7116,0.71526,1.00,1.00
2015.01.15 23:16:47.223,0.7116,0.71555,1.00,1.00
2015.01.15 23:16:47.483,0.71107,0.7158,1.00,1.00
2015.01.15 23:16:47.657,0.71064,0.71617,1.00,1.00
2015.01.15 23:16:47.767,0.71145,0.71565,1.00,1.00
2015.01.15 23:16:48.241,0.71155,0.71555,1.00,1.00
2015.01.15 23:16:48.427,0.71137,0.71566,1.00,1.00
2015.01.15 23:16:48.867,0.71165,0.71551,1.00,1.00
2015.01.15 23:16:50.081,0.71179,0.71561,1.00,1.00
2015.01.15 23:16:50.187,0.7115,0.7157,1.00,1.00
2015.01.15 23:16:50.771,0.71178,0.71553,1.00,1.00
2015.01.15 23:16:51.416,0.71158,0.71578,1.00,1.00
2015.01.15 23:16:51.961,0.71172,0.71547,1.00,1.00
2015.01.15 23:16:52.062,0.71145,0.71565,1.00,1.00
2015.01.15 23:16:52.497,0.71131,0.71551,1.00,1.00
2015.01.15 23:16:52.648,0.71099,0.71575,1.00,1.00
2015.01.15 23:16:53.200,0.71142,0.71541,1.00,1.00
2015.01.15 23:16:53.503,0.7106,0.71567,1.00,1.00
2015.01.15 23:16:53.855,0.71081,0.71581,1.00,1.00
2015.01.15 23:16:54.172,0.7113,0.71534,1.00,1.00
2015.01.15 23:16:55.830,0.71087,0.71545,1.00,1.00
2015.01.15 23:16:56.574,0.71125,0.71529,1.00,1.00
2015.01.15 23:17:03.320,0.71096,0.71549,0.75,0.75
2015.01.15 23:17:04.280,0.71124,0.71524,1.00,1.00
2015.01.15 23:17:04.629,0.7107,0.71565,1.00,1.00
2015.01.15 23:17:05.171,0.71122,0.71523,1.00,1.00
2015.01.15 23:17:09.900,0.71094,0.71543,1.00,1.00
2015.01.15 23:17:10.582,0.71115,0.71527,1.00,1.00
2015.01.15 23:17:11.069,0.71131,0.71543,1.00,1.00
2015.01.15 23:17:13.869,0.71151,0.71538,0.75,0.75
2015.01.15 23:17:14.057,0.71132,0.71552,0.75,0.75
2015.01.15 23:17:14.191,0.71146,0.71568,0.75,0.75
2015.01.15 23:17:15.378,0.7114,0.71543,0.75,0.75
2015.01.15 23:17:20.877,0.71137,0.71545,0.75,0.75
2015.01.15 23:17:25.938,0.7115,0.71557,1.00,1.00
2015.01.15 23:17:27.576,0.71149,0.71558,1.00,1.00
2015.01.15 23:17:53.439,0.71144,0.71552,1.00,1.00
2015.01.15 23:18:36.913,0.71156,0.71552,1.00,1.00
2015.01.15 23:18:40.658,0.71149,0.71574,1.00,1.00
2015.01.15 23:18:52.638,0.71153,0.71569,0.75,0.75
2015.01.15 23:19:09.013,0.71126,0.71572,1.00,1.00
2015.01.15 23:19:09.889,0.71156,0.71517,1.00,1.00
2015.01.15 23:19:10.039,0.71133,0.71525,1.00,1.00
2015.01.15 23:19:10.798,0.71142,0.71511,1.00,1.00
2015.01.15 23:19:17.501,0.71121,0.71513,1.00,1.00
2015.01.15 23:19:22.667,0.71108,0.71525,1.00,1.00
2015.01.15 23:19:26.108,0.71069,0.71548,1.00,1.00
2015.01.15 23:19:26.738,0.71103,0.71497,1.00,1.00
2015.01.15 23:19:28.487,0.71091,0.71508,1.00,1.00
2015.01.15 23:19:29.150,0.71104,0.71495,1.00,1.00
2015.01.15 23:19:29.358,0.71091,0.71508,1.00,1.00
2015.01.15 23:19:29.508,0.71104,0.71496,1.00,1.00
2015.01.15 23:19:32.987,0.71091,0.71508,1.00,1.00
2015.01.15 23:19:34.525,0.71101,0.71493,1.00,1.00
2015.01.15 23:21:18.253,0.71079,0.71476,0.75,0.75
2015.01.15 23:21:29.624,0.7106,0.71514,1.00,1.00
2015.01.15 23:21:29.834,0.71045,0.71536,1.00,1.00
2015.01.15 23:21:30.143,0.71079,0.71515,1.00,1.00
2015.01.15 23:21:30.445,0.71186,0.71394,2.10,2.10
2015.01.15 23:21:36.343,0.71077,0.71513,1.00,1.00
2015.01.15 23:21:36.793,0.71187,0.71389,2.10,2.10
2015.01.15 23:21:41.693,0.71095,0.71498,1.00,1.00
2015.01.15 23:21:41.914,0.71089,0.71522,1.00,1.00
2015.01.15 23:21:42.343,0.71112,0.71478,1.00,1.00
2015.01.15 23:21:46.864,0.71128,0.71484,1.00,1.00
2015.01.15 23:21:57.427,0.71112,0.71514,1.00,1.00
2015.01.15 23:21:57.634,0.71099,0.71526,1.00,1.00
2015.01.15 23:21:58.073,0.71128,0.71496,1.00,1.00
2015.01.15 23:22:07.753,0.71158,0.7157,1.00,1.00
2015.01.15 23:22:07.803,0.71311,0.71449,2.10,2.10
2015.01.15 23:22:07.954,0.71182,0.71525,1.00,1.00
2015.01.15 23:22:08.054,0.71188,0.71553,1.00,1.00
2015.01.15 23:22:08.105,0.71168,0.7157,1.00,1.00
2015.01.15 23:22:08.205,0.71144,0.71567,1.00,1.00
2015.01.15 23:22:08.624,0.71137,0.71588,1.00,1.00
2015.01.15 23:22:09.074,0.71163,0.71571,1.00,1.00
2015.01.15 23:22:09.534,0.71168,0.71536,1.00,1.00
2015.01.15 23:22:13.254,0.71157,0.71558,1.00,1.00
2015.01.15 23:22:14.024,0.7117,0.71538,1.00,1.00
2015.01.15 23:22:17.654,0.71182,0.71546,0.75,0.75
2015.01.15 23:22:44.252,0.71166,0.7154,1.00,1.00
2015.01.15 23:22:49.112,0.71159,0.71557,1.00,1.00
2015.01.15 23:22:49.641,0.7117,0.71544,1.00,1.00
2015.01.15 23:23:09.182,0.71251,0.71456,2.10,2.10
2015.01.15 23:23:14.133,0.71245,0.71429,2.10,2.10
2015.01.15 23:23:26.402,0.71245,0.71386,2.10,1.00
2015.01.15 23:23:27.483,0.71245,0.7139,2.10,1.00
2015.01.15 23:23:27.722,0.71245,0.71385,2.10,1.00
2015.01.15 23:23:28.032,0.71245,0.7139,2.10,1.00
2015.01.15 23:23:29.702,0.71245,0.71385,2.10,1.00
2015.01.15 23:23:37.601,0.71245,0.71375,2.10,1.00
2015.01.15 23:23:38.621,0.71245,0.71361,2.10,0.75
2015.01.15 23:23:38.813,0.71245,0.71365,2.10,0.75
2015.01.15 23:23:39.148,0.71245,0.71375,2.10,1.00
2015.01.15 23:23:39.602,0.71245,0.7137,2.10,0.75
2015.01.15 23:23:41.901,0.71245,0.71429,2.10,2.10
2015.01.15 23:23:42.002,0.71152,0.71514,1.00,1.00
2015.01.15 23:23:42.114,0.7115,0.7153,1.00,1.00
2015.01.15 23:23:42.802,0.7116,0.71517,1.00,1.00
2015.01.15 23:23:50.541,0.71245,0.71418,2.10,2.10
2015.01.15 23:24:20.901,0.71245,0.71412,2.10,2.10
2015.01.15 23:24:26.331,0.71141,0.71522,1.00,1.00
2015.01.15 23:24:26.440,0.71153,0.71534,1.00,1.00
2015.01.15 23:24:26.771,0.71162,0.71521,1.00,1.00
2015.01.15 23:24:38.660,0.71157,0.71544,1.00,1.00
2015.01.15 23:24:42.941,0.71168,0.71529,1.00,1.00
2015.01.15 23:24:46.310,0.7125,0.71422,2.10,2.10
2015.01.15 23:25:16.450,0.71245,0.71421,2.10,2.10
2015.01.15 23:25:46.809,0.71283,0.71416,2.10,2.10
2015.01.15 23:25:51.139,0.71245,0.71445,1.00,1.00
2015.01.15 23:25:51.190,0.7125,0.714,1.00,0.75
2015.01.15 23:25:52.151,0.7123,0.71415,1.00,0.75
2015.01.15 23:25:56.329,0.71235,0.71415,1.00,0.75
2015.01.15 23:25:57.650,0.71234,0.71416,1.00,0.75
2015.01.15 23:25:59.111,0.71235,0.71415,1.00,0.75
2015.01.15 23:26:00.512,0.7123,0.71415,1.00,0.75
2015.01.15 23:26:00.729,0.71235,0.71415,1.00,0.75
2015.01.15 23:26:02.162,0.71249,0.71396,1.00,0.75
2015.01.15 23:26:02.649,0.71255,0.714,1.00,0.75
2015.01.15 23:26:05.679,0.71254,0.71401,1.00,0.75
2015.01.15 23:26:14.621,0.71255,0.714,1.00,0.75
2015.01.15 23:26:17.009,0.71265,0.7139,1.00,0.75
2015.01.15 23:26:18.148,0.71264,0.71391,1.00,0.75
2015.01.15 23:26:21.339,0.71265,0.7139,1.00,0.75
2015.01.15 23:26:25.630,0.71265,0.71385,1.00,0.75
2015.01.15 23:26:39.560,0.71264,0.71386,0.75,0.75
2015.01.15 23:26:43.960,0.71264,0.71391,0.75,0.75
2015.01.15 23:26:44.840,0.71265,0.71385,0.75,0.75
2015.01.15 23:26:46.602,0.7126,0.71385,1.00,0.75
2015.01.15 23:26:46.821,0.7126,0.7138,1.00,0.75
2015.01.15 23:26:46.931,0.7126,0.71385,1.00,0.75
2015.01.15 23:26:47.042,0.71265,0.7139,0.75,0.75
2015.01.15 23:26:55.839,0.71264,0.71391,0.75,0.75
2015.01.15 23:27:04.768,0.7124,0.71395,1.00,0.75
2015.01.15 23:27:04.868,0.71235,0.7135,0.75,0.75
2015.01.15 23:27:05.169,0.71235,0.71332,1.00,2.10
2015.01.15 23:27:05.450,0.71224,0.71332,1.00,2.10
2015.01.15 23:27:05.674,0.71235,0.71332,1.00,2.10
2015.01.15 23:27:05.724,0.71235,0.7135,1.00,1.00
2015.01.15 23:27:05.775,0.71215,0.7136,1.00,1.00
2015.01.15 23:27:05.825,0.71215,0.71332,1.00,2.10
2015.01.15 23:27:05.875,0.71212,0.71332,2.10,2.10
2015.01.15 23:27:05.926,0.71212,0.71374,2.10,2.10
2015.01.15 23:27:08.648,0.7122,0.71407,2.10,2.10
2015.01.15 23:27:09.109,0.7116,0.71536,1.00,1.00
2015.01.15 23:27:21.679,0.71171,0.71525,1.00,1.00
2015.01.15 23:27:32.459,0.71167,0.71541,1.00,1.00
2015.01.15 23:27:40.217,0.71228,0.71432,2.10,2.10
2015.01.15 23:28:09.799,0.7129,0.71432,0.75,2.10
2015.01.15 23:28:10.687,0.7129,0.7144,1.00,1.00
2015.01.15 23:28:11.628,0.71295,0.71445,1.00,1.00
2015.01.15 23:28:12.548,0.71294,0.71446,1.00,1.00
2015.01.15 23:28:12.878,0.713,0.7145,1.00,1.00
2015.01.15 23:28:13.554,0.71299,0.71451,1.00,1.00
2015.01.15 23:28:14.488,0.713,0.7145,1.00,1.00
2015.01.15 23:28:15.908,0.71299,0.71451,1.00,1.00
2015.01.15 23:28:16.250,0.71303,0.7145,2.10,1.00
2015.01.15 23:28:16.689,0.71303,0.71453,2.10,2.10
2015.01.15 23:28:17.301,0.71305,0.71453,1.00,2.10
2015.01.15 23:28:19.556,0.71303,0.71453,2.10,2.10
2015.01.15 23:28:20.318,0.71303,0.7145,2.10,1.00
2015.01.15 23:28:21.749,0.71303,0.71453,2.10,2.10
2015.01.15 23:28:25.828,0.71294,0.71486,2.10,2.10
2015.01.15 23:28:56.216,0.71307,0.71512,2.10,2.10
2015.01.15 23:29:08.207,0.71319,0.71524,2.10,2.10
2015.01.15 23:29:12.058,0.71319,0.7147,2.10,1.00
2015.01.15 23:29:12.358,0.71319,0.71524,2.10,2.10
2015.01.15 23:29:27.212,0.71222,0.71582,0.75,0.75
2015.01.15 23:29:27.318,0.71319,0.71494,2.10,2.10
2015.01.15 23:29:27.429,0.71197,0.71586,0.75,0.75
2015.01.15 23:29:27.749,0.71206,0.71557,1.00,1.00
2015.01.15 23:29:28.051,0.71261,0.71411,2.10,2.10
2015.01.15 23:29:40.105,0.71285,0.7144,1.00,0.75
2015.01.15 23:29:40.428,0.71265,0.7145,1.00,0.75
2015.01.15 23:29:40.528,0.71295,0.71417,2.10,2.10
2015.01.15 23:30:11.096,0.7128,0.71411,1.00,2.10
2015.01.15 23:30:13.496,0.71285,0.71411,1.00,2.10
2015.01.15 23:30:17.457,0.7128,0.71411,1.00,2.10
2015.01.15 23:30:18.888,0.71284,0.71411,1.00,2.10
2015.01.15 23:30:19.039,0.7128,0.71411,1.00,2.10
2015.01.15 23:30:23.619,0.71285,0.71411,1.00,2.10
2015.01.15 23:30:23.948,0.7128,0.71411,1.00,2.10
2015.01.15 23:30:32.307,0.71295,0.71411,1.00,2.10
2015.01.15 23:30:32.357,0.71295,0.71435,0.75,1.00
2015.01.15 23:30:34.556,0.71305,0.7143,0.75,0.75
2015.01.15 23:30:36.732,0.71304,0.71431,0.75,0.75
2015.01.15 23:30:40.668,0.71305,0.7143,0.75,0.75
2015.01.15 23:30:41.875,0.71305,0.71425,0.75,0.75
2015.01.15 23:31:01.568,0.71305,0.7143,0.75,0.75
2015.01.15 23:31:12.835,0.71295,0.7144,0.75,0.75
2015.01.15 23:31:13.350,0.71294,0.71441,0.75,0.75
2015.01.15 23:31:22.250,0.71295,0.71435,0.75,0.75
2015.01.15 23:31:27.865,0.71295,0.7144,0.75,0.75
2015.01.15 23:31:29.287,0.71305,0.7143,0.75,0.75
2015.01.15 23:31:29.784,0.71305,0.71425,0.75,0.75
2015.01.15 23:31:36.765,0.71295,0.7144,0.75,0.75
2015.01.15 23:31:36.877,0.71295,0.71435,0.75,0.75
2015.01.15 23:31:37.647,0.71295,0.7144,0.75,0.75
2015.01.15 23:31:38.306,0.71305,0.71425,0.75,0.75
2015.01.15 23:31:49.874,0.71304,0.71426,0.75,0.75
2015.01.15 23:31:54.197,0.71305,0.7143,0.75,0.75
2015.01.15 23:31:55.575,0.71304,0.71426,0.75,0.75
2015.01.15 23:31:57.361,0.71305,0.71425,0.75,0.75
2015.01.15 23:31:58.435,0.71304,0.71426,0.75,0.75
2015.01.15 23:32:00.574,0.71305,0.71417,1.00,2.10
2015.01.15 23:32:01.424,0.71304,0.71417,1.00,2.10
2015.01.15 23:32:01.737,0.7131,0.71417,1.00,2.10
2015.01.15 23:32:01.848,0.71304,0.71417,1.00,2.10
2015.01.15 23:32:02.068,0.71309,0.71417,1.00,2.10
2015.01.15 23:32:02.682,0.7131,0.71417,1.00,2.10
2015.01.15 23:32:03.480,0.71309,0.71417,1.00,2.10
2015.01.15 23:32:05.036,0.7131,0.71417,1.00,2.10
2015.01.15 23:32:05.834,0.71309,0.71417,1.00,2.10
2015.01.15 23:32:07.126,0.7131,0.71417,1.00,2.10
2015.01.15 23:32:09.043,0.71305,0.71417,1.00,2.10
2015.01.15 23:32:09.216,0.713,0.71417,1.00,2.10
2015.01.15 23:32:09.546,0.71305,0.71417,1.00,2.10
2015.01.15 23:32:24.984,0.71304,0.71417,1.00,2.10
2015.01.15 23:32:25.363,0.71289,0.71417,1.00,2.10
2015.01.15 23:32:25.515,0.71295,0.71417,1.00,2.10
2015.01.15 23:32:25.833,0.71289,0.71417,1.00,2.10
2015.01.15 23:32:26.357,0.713,0.71417,1.00,2.10
2015.01.15 23:32:26.806,0.71294,0.71417,1.00,2.10
2015.01.15 23:32:27.125,0.713,0.71417,1.00,2.10
2015.01.15 23:32:27.343,0.71295,0.71417,1.00,2.10
2015.01.15 23:32:39.883,0.71299,0.71417,1.00,2.10
2015.01.15 23:32:40.606,0.71299,0.71418,1.00,2.10
2015.01.15 23:32:42.855,0.71295,0.71418,1.00,2.10
2015.01.15 23:32:42.966,0.713,0.71418,1.00,2.10
2015.01.15 23:32:43.735,0.71299,0.71418,1.00,2.10
2015.01.15 23:32:48.912,0.71294,0.71418,1.00,2.10
2015.01.15 23:32:49.673,0.713,0.71418,1.00,2.10
2015.01.15 23:32:51.904,0.71295,0.71418,1.00,2.10
2015.01.15 23:32:52.645,0.713,0.71418,1.00,2.10
2015.01.15 23:32:53.184,0.713,0.71417,1.00,2.10
2015.01.15 23:32:53.509,0.7131,0.71417,1.00,2.10
2015.01.15 23:33:02.124,0.713,0.71417,1.00,2.10
2015.01.15 23:33:05.515,0.7131,0.71417,1.00,2.10
2015.01.15 23:33:06.065,0.71315,0.71417,1.00,2.10
2015.01.15 23:33:06.175,0.71309,0.71417,1.00,2.10
2015.01.15 23:33:06.725,0.71315,0.71417,1.00,2.10
2015.01.15 23:33:06.835,0.71309,0.71417,1.00,2.10
2015.01.15 23:33:08.043,0.71314,0.71417,1.00,2.10
2015.01.15 23:33:08.104,0.71314,0.71421,0.75,0.75
2015.01.15 23:33:08.611,0.71315,0.7142,0.75,0.75
2015.01.15 23:33:09.927,0.71319,0.71421,0.75,0.75
2015.01.15 23:33:13.168,0.71314,0.71423,1.00,2.10
2015.01.15 23:33:14.043,0.71314,0.71426,0.75,0.75
2015.01.15 23:33:14.093,0.7132,0.7142,0.75,0.75
2015.01.15 23:33:14.313,0.71314,0.71426,0.75,0.75
2015.01.15 23:33:14.413,0.71314,0.71423,1.00,2.10
2015.01.15 23:33:18.382,0.71315,0.71423,1.00,2.10
2015.01.15 23:33:21.703,0.71314,0.71423,1.00,2.10
2015.01.15 23:33:22.453,0.71315,0.71423,1.00,2.10
2015.01.15 23:33:31.475,0.71314,0.71423,1.00,2.10
2015.01.15 23:33:32.733,0.71315,0.71423,1.00,2.10
2015.01.15 23:33:33.344,0.71314,0.71423,1.00,2.10
2015.01.15 23:33:33.810,0.71305,0.71423,1.00,2.10
2015.01.15 23:33:34.429,0.713,0.71423,1.00,2.10
2015.01.15 23:33:34.480,0.71305,0.71423,1.00,2.10
2015.01.15 23:33:34.774,0.713,0.71423,1.00,2.10
2015.01.15 23:33:38.404,0.71305,0.71423,1.00,2.10
2015.01.15 23:33:39.409,0.71304,0.71423,1.00,2.10
2015.01.15 23:33:40.041,0.71305,0.71423,1.00,2.10
2015.01.15 23:33:40.382,0.71315,0.7143,0.75,0.75
2015.01.15 23:33:40.913,0.71314,0.71431,0.75,0.75
2015.01.15 23:33:41.424,0.71315,0.7143,0.75,0.75
2015.01.15 23:33:43.794,0.71314,0.71431,0.75,0.75
2015.01.15 23:33:44.935,0.7131,0.7143,0.75,0.75
2015.01.15 23:33:53.473,0.71315,0.7143,0.75,0.75
2015.01.15 23:33:54.682,0.7131,0.7143,0.75,0.75
2015.01.15 23:33:56.359,0.71314,0.71431,0.75,0.75
2015.01.15 23:33:56.551,0.7131,0.7143,0.75,0.75
2015.01.15 23:34:05.572,0.71315,0.7143,0.75,0.75
2015.01.15 23:34:05.792,0.7131,0.7143,0.75,0.75
2015.01.15 23:34:14.940,0.71315,0.7143,0.75,0.75
2015.01.15 23:34:19.103,0.7131,0.7143,0.75,0.75
2015.01.15 23:34:20.313,0.71315,0.7143,0.75,0.75
2015.01.15 23:34:21.522,0.7131,0.7143,0.75,0.75
2015.01.15 23:34:22.096,0.71305,0.71435,0.75,0.75
2015.01.15 23:34:22.434,0.71305,0.71425,0.75,0.75
2015.01.15 23:34:34.403,0.7131,0.7143,0.75,0.75
2015.01.15 23:34:42.221,0.71305,0.7143,1.00,0.75
2015.01.15 23:34:42.472,0.71339,0.71416,0.75,0.75
2015.01.15 23:34:42.573,0.71289,0.71441,1.00,0.75
2015.01.15 23:34:42.762,0.71335,0.71425,0.75,0.75
2015.01.15 23:34:42.981,0.7129,0.71445,1.00,0.75
2015.01.15 23:34:43.204,0.7129,0.7144,1.00,0.75
2015.01.15 23:34:44.207,0.71289,0.71436,1.00,0.75
2015.01.15 23:34:50.182,0.71289,0.71431,0.75,0.75
2015.01.15 23:34:50.902,0.7129,0.71425,0.75,0.75
2015.01.15 23:34:51.121,0.7129,0.7143,0.75,0.75
2015.01.15 23:34:51.321,0.71298,0.71423,2.10,2.10
2015.01.15 23:34:52.601,0.71295,0.7143,0.75,0.75
2015.01.15 23:34:52.882,0.7129,0.7143,0.75,0.75
2015.01.15 23:34:53.010,0.71294,0.71431,0.75,0.75
2015.01.15 23:34:53.371,0.71298,0.71423,2.10,2.10
2015.01.15 23:34:56.196,0.7131,0.71415,1.00,1.00
2015.01.15 23:34:56.403,0.71298,0.71423,2.10,2.10
2015.01.15 23:34:57.331,0.71295,0.7143,0.75,0.75
2015.01.15 23:34:57.503,0.71294,0.71436,0.75,0.75
2015.01.15 23:35:02.282,0.71298,0.71423,2.10,2.10
2015.01.15 23:35:04.764,0.713,0.71423,1.00,2.10
2015.01.15 23:35:04.874,0.71298,0.71423,2.10,2.10
2015.01.15 23:35:11.232,0.71295,0.7145,0.75,0.75
2015.01.15 23:35:11.583,0.713,0.7145,0.75,0.75
2015.01.15 23:35:13.781,0.7131,0.71435,0.75,0.75
2015.01.15 23:35:17.663,0.71315,0.71435,0.75,0.75
2015.01.15 23:35:20.053,0.7131,0.71435,0.75,0.75
2015.01.15 23:35:23.463,0.71315,0.71435,0.75,0.75
2015.01.15 23:35:25.882,0.71309,0.71436,0.75,0.75
2015.01.15 23:35:28.341,0.7131,0.71435,0.75,0.75
2015.01.15 23:35:28.633,0.71305,0.71435,0.75,0.75
2015.01.15 23:35:39.852,0.71304,0.71436,0.75,0.75
2015.01.15 23:35:55.912,0.71305,0.71493,0.75,0.75
2015.01.15 23:36:02.543,0.71304,0.71493,0.75,0.75
2015.01.15 23:36:03.310,0.71305,0.71493,0.75,0.75
2015.01.15 23:36:12.301,0.71304,0.71493,0.75,0.75
2015.01.15 23:36:13.841,0.7131,0.7149,0.75,0.75
2015.01.15 23:36:17.253,0.7131,0.71492,0.75,0.75
2015.01.15 23:36:22.661,0.7131,0.71445,1.00,1.00
2015.01.15 23:36:24.078,0.71308,0.7146,2.10,2.85
2015.01.15 23:36:25.867,0.71308,0.71455,2.10,1.00
2015.01.15 23:36:26.822,0.71308,0.7146,2.10,2.10
2015.01.15 23:36:31.251,0.7131,0.7146,1.00,2.10
2015.01.15 23:36:31.992,0.71315,0.7146,1.00,2.10
2015.01.15 23:36:40.571,0.71309,0.7146,1.00,2.10
2015.01.15 23:36:40.793,0.71315,0.7146,1.00,2.10
2015.01.15 23:36:41.384,0.7132,0.7146,1.00,2.10
2015.01.15 23:36:42.111,0.71319,0.7146,1.00,2.10
2015.01.15 23:36:46.183,0.71325,0.7146,1.00,2.10
2015.01.15 23:36:46.293,0.71319,0.7146,1.00,2.10
2015.01.15 23:36:47.061,0.71324,0.7146,1.00,2.10
2015.01.15 23:36:47.611,0.71325,0.7146,1.00,2.10
2015.01.15 23:36:48.383,0.7133,0.7146,1.00,2.10
2015.01.15 23:36:52.720,0.7133,0.71482,1.00,2.10
2015.01.15 23:36:54.846,0.7133,0.7149,1.00,0.75
2015.01.15 23:36:54.947,0.71339,0.71485,2.10,2.10
2015.01.15 23:37:25.170,0.71339,0.71486,2.10,1.00
2015.01.15 23:37:26.610,0.71339,0.71485,2.10,1.00
2015.01.15 23:37:29.960,0.71339,0.7148,2.10,1.00
2015.01.15 23:37:39.310,0.71339,0.71481,2.10,1.00
2015.01.15 23:37:45.379,0.71339,0.7148,2.10,1.00
2015.01.15 23:37:47.119,0.71339,0.71481,2.10,1.00
2015.01.15 23:37:47.889,0.71339,0.71485,2.10,1.00
2015.01.15 23:37:49.464,0.71339,0.7148,2.10,1.00
2015.01.15 23:37:50.311,0.71339,0.71485,2.10,1.00
2015.01.15 23:37:50.641,0.71339,0.7148,2.10,1.00
2015.01.15 23:37:51.301,0.71339,0.71485,2.10,1.00
2015.01.15 23:37:52.731,0.71339,0.7148,2.10,1.00
2015.01.15 23:37:53.383,0.71339,0.71481,2.10,1.00
2015.01.15 23:37:53.979,0.71339,0.7148,2.10,1.00
2015.01.15 23:37:56.190,0.71312,0.71467,2.10,2.10
2015.01.15 23:38:05.210,0.71311,0.71455,2.10,2.10
2015.01.15 23:38:37.028,0.71295,0.71446,1.00,2.10
2015.01.15 23:38:37.308,0.7129,0.71446,1.00,2.10
2015.01.15 23:38:37.498,0.71295,0.71446,1.00,2.10
2015.01.15 23:38:37.699,0.71295,0.7148,0.75,0.75
2015.01.15 23:38:40.908,0.7129,0.71475,0.75,0.75
2015.01.15 23:38:51.580,0.71289,0.71476,0.75,0.75
2015.01.15 23:38:52.677,0.71295,0.7148,0.75,0.75
2015.01.15 23:38:53.391,0.7129,0.71475,0.75,0.75
2015.01.15 23:38:53.889,0.71295,0.7148,0.75,0.75
2015.01.15 23:38:54.882,0.71295,0.71475,0.75,0.75
2015.01.15 23:38:55.345,0.71295,0.7148,0.75,0.75
2015.01.15 23:38:58.071,0.71295,0.71475,0.75,0.75
2015.01.15 23:38:58.180,0.71295,0.7148,0.75,0.75
2015.01.15 23:39:02.250,0.71294,0.71481,0.75,0.75
2015.01.15 23:39:03.569,0.71295,0.7148,0.75,0.75
2015.01.15 23:39:20.067,0.71294,0.71481,1.00,1.00
2015.01.15 23:39:20.597,0.71295,0.7148,1.00,1.00
2015.01.15 23:39:20.647,0.713,0.7148,1.00,1.00
2015.01.15 23:39:27.659,0.71299,0.71481,1.00,1.00
2015.01.15 23:39:28.006,0.71305,0.71465,1.00,1.00
2015.01.15 23:39:28.767,0.7131,0.71465,1.00,1.00
2015.01.15 23:39:28.897,0.7131,0.7147,1.00,1.00
2015.01.15 23:39:29.353,0.71305,0.7148,1.00,1.00
2015.01.15 23:39:29.637,0.7131,0.71475,1.00,1.00
2015.01.15 23:39:29.947,0.71315,0.7148,1.00,1.00
2015.01.15 23:39:30.297,0.71309,0.71471,1.00,1.00
2015.01.15 23:39:30.827,0.7131,0.7147,1.00,1.00
2015.01.15 23:39:30.877,0.71294,0.71471,1.00,1.00
2015.01.15 23:39:31.097,0.713,0.71465,1.00,1.00
2015.01.15 23:39:35.030,0.713,0.7146,1.00,1.00
2015.01.15 23:39:35.255,0.71299,0.71466,1.00,1.00
2015.01.15 23:39:35.798,0.713,0.71465,1.00,1.00
2015.01.15 23:39:36.239,0.71295,0.7146,1.00,1.00
2015.01.15 23:39:36.678,0.713,0.71465,1.00,1.00
2015.01.15 23:39:37.008,0.713,0.7146,1.00,1.00
2015.01.15 23:39:37.229,0.713,0.71465,1.00,1.00
2015.01.15 23:39:37.449,0.713,0.7146,1.00,1.00
2015.01.15 23:39:37.779,0.71299,0.71466,1.00,1.00
2015.01.15 23:39:37.999,0.71299,0.71461,1.00,1.00
2015.01.15 23:39:38.441,0.71304,0.71466,1.00,1.00
2015.01.15 23:39:38.550,0.71299,0.71466,1.00,1.00
2015.01.15 23:39:39.183,0.713,0.71465,1.00,1.00
2015.01.15 23:39:40.419,0.71299,0.71466,1.00,1.00
2015.01.15 23:39:41.300,0.713,0.71465,1.00,1.00
2015.01.15 23:39:43.719,0.71295,0.7146,1.00,1.00
2015.01.15 23:39:44.380,0.713,0.7146,1.00,1.00
2015.01.15 23:39:44.600,0.71295,0.7146,1.00,1.00
2015.01.15 23:39:45.149,0.713,0.71465,1.00,1.00
2015.01.15 23:39:45.919,0.713,0.7146,1.00,1.00
2015.01.15 23:39:48.806,0.71295,0.7146,1.00,1.00
2015.01.15 23:39:48.888,0.713,0.7146,1.00,1.00
2015.01.15 23:39:49.989,0.713,0.71465,1.00,1.00
2015.01.15 23:39:51.687,0.71295,0.7146,1.00,1.00
2015.01.15 23:39:53.767,0.713,0.7146,1.00,1.00
2015.01.15 23:39:54.607,0.71295,0.7146,1.00,1.00
2015.01.15 23:39:55.157,0.713,0.7146,1.00,1.00
2015.01.15 23:39:56.149,0.71295,0.7146,1.00,1.00
2015.01.15 23:39:56.701,0.713,0.71465,1.00,1.00
2015.01.15 23:39:58.678,0.713,0.7146,1.00,1.00
2015.01.15 23:40:02.857,0.713,0.71465,1.00,1.00
2015.01.15 23:40:06.743,0.71299,0.71466,1.00,1.00
2015.01.15 23:40:07.698,0.713,0.7146,1.00,1.00
2015.01.15 23:40:10.229,0.71295,0.7146,1.00,1.00
2015.01.15 23:40:11.769,0.713,0.7146,1.00,1.00
2015.01.15 23:40:18.415,0.71295,0.7146,1.00,1.00
2015.01.15 23:40:18.589,0.71299,0.71466,1.00,1.00
2015.01.15 23:40:19.137,0.713,0.7146,1.00,1.00
2015.01.15 23:40:20.349,0.713,0.71465,1.00,1.00
2015.01.15 23:40:20.678,0.71294,0.71461,1.00,1.00
2015.01.15 23:40:20.898,0.713,0.71465,1.00,1.00
2015.01.15 23:40:22.659,0.71294,0.71461,1.00,1.00
2015.01.15 23:40:23.827,0.71295,0.7146,1.00,1.00
2015.01.15 23:40:26.288,0.713,0.7146,1.00,1.00
2015.01.15 23:40:32.908,0.7129,0.71455,1.00,1.00
2015.01.15 23:40:33.109,0.71288,0.7145,2.10,1.00
2015.01.15 23:40:33.669,0.71288,0.71451,2.10,1.00
2015.01.15 23:40:41.637,0.71291,0.71451,2.10,1.00
2015.01.15 23:40:50.407,0.71291,0.7145,2.10,1.00
2015.01.15 23:40:50.926,0.71294,0.71451,1.00,1.00
2015.01.15 23:40:52.361,0.71295,0.7144,1.00,1.00
2015.01.15 23:40:52.511,0.71291,0.7144,2.10,1.00
2015.01.15 23:40:52.612,0.71295,0.7144,1.00,1.00
2015.01.15 23:40:52.687,0.71291,0.7144,2.10,1.00
2015.01.15 23:40:52.787,0.7131,0.7144,2.10,1.00
2015.01.15 23:40:55.547,0.7131,0.71441,2.10,1.00
2015.01.15 23:40:56.098,0.7131,0.7144,2.10,1.00
2015.01.15 23:40:56.866,0.7131,0.71435,2.10,1.00
2015.01.15 23:41:00.819,0.7131,0.71436,2.10,1.00
2015.01.15 23:41:01.466,0.7131,0.71435,2.10,1.00
2015.01.15 23:41:06.649,0.7131,0.7144,2.10,1.00
2015.01.15 23:41:08.189,0.7131,0.71435,2.10,1.00
2015.01.15 23:41:08.726,0.7131,0.71436,2.10,1.00
2015.01.15 23:41:08.776,0.7131,0.7144,2.10,1.00
2015.01.15 23:41:22.885,0.71311,0.7144,2.10,1.00
2015.01.15 23:41:23.920,0.71311,0.71435,2.10,1.00
2015.01.15 23:41:24.028,0.71311,0.7144,2.10,1.00
2015.01.15 23:41:24.358,0.71311,0.71435,2.10,1.00
2015.01.15 23:41:24.729,0.71311,0.7144,2.10,1.00
2015.01.15 23:41:25.130,0.71311,0.71435,2.10,1.00
2015.01.15 23:41:26.015,0.71311,0.7144,2.10,1.00
2015.01.15 23:41:26.338,0.71311,0.71435,2.10,1.00
2015.01.15 23:41:26.778,0.71311,0.7144,2.10,1.00
2015.01.15 23:41:27.326,0.71311,0.71435,2.10,1.00
2015.01.15 23:41:30.557,0.71311,0.7144,2.10,1.00
2015.01.15 23:41:31.063,0.71311,0.71435,2.10,1.00
2015.01.15 23:41:31.507,0.71311,0.71441,2.10,1.00
2015.01.15 23:41:31.618,0.71311,0.71435,2.10,1.00
2015.01.15 23:41:38.108,0.71311,0.7144,2.10,1.00
2015.01.15 23:41:38.218,0.71311,0.71435,2.10,1.00
2015.01.15 23:41:38.878,0.71311,0.7144,2.10,1.00
2015.01.15 23:41:39.357,0.71311,0.71445,2.10,1.00
2015.01.15 23:41:39.457,0.71311,0.7144,2.10,1.00
2015.01.15 23:41:39.558,0.71311,0.71445,2.10,1.00
2015.01.15 23:41:40.129,0.71311,0.7144,2.10,1.00
2015.01.15 23:41:40.359,0.71311,0.71445,2.10,1.00
2015.01.15 23:41:40.567,0.71311,0.7144,2.10,1.00
2015.01.15 23:41:40.747,0.71311,0.71445,2.10,1.00
2015.01.15 23:41:41.079,0.71311,0.7144,2.10,1.00
2015.01.15 23:41:41.336,0.71311,0.71446,2.10,1.00
2015.01.15 23:41:41.787,0.71311,0.7144,2.10,1.00
2015.01.15 23:41:42.509,0.71311,0.71441,2.10,1.00
2015.01.15 23:41:42.728,0.71311,0.71446,2.10,1.00
2015.01.15 23:41:42.987,0.71311,0.7144,2.10,1.00
2015.01.15 23:41:43.752,0.71311,0.71431,2.10,1.00
2015.01.15 23:41:43.853,0.71311,0.71435,2.10,1.00
2015.01.15 23:41:43.978,0.71311,0.7143,2.10,1.00
2015.01.15 23:41:44.294,0.71311,0.71436,2.10,1.00
2015.01.15 23:41:44.805,0.71311,0.71435,2.10,1.00
2015.01.15 23:41:48.530,0.7129,0.71435,1.00,0.75
2015.01.15 23:41:48.631,0.71322,0.71435,2.10,1.00
2015.01.15 23:41:48.933,0.71322,0.7144,2.10,1.00
2015.01.15 23:41:49.366,0.71322,0.71436,2.10,1.00
2015.01.15 23:41:50.757,0.71322,0.71435,2.10,1.00
2015.01.15 23:41:58.456,0.71322,0.71436,2.10,1.00
2015.01.15 23:41:59.117,0.71322,0.71435,2.10,1.00
2015.01.15 23:42:03.077,0.71322,0.71441,2.10,1.00
2015.01.15 23:42:10.926,0.71322,0.7144,2.10,1.00
2015.01.15 23:42:12.524,0.71322,0.71441,2.10,1.00
2015.01.15 23:42:18.037,0.71322,0.7144,2.10,1.00
2015.01.15 23:42:19.007,0.71317,0.7144,2.10,1.00
2015.01.15 23:42:19.359,0.71317,0.71445,2.10,1.00
2015.01.15 23:42:19.721,0.71317,0.7144,2.10,1.00
2015.01.15 23:42:20.063,0.71317,0.71435,2.10,1.00
2015.01.15 23:42:20.527,0.71296,0.7144,2.10,1.00
2015.01.15 23:42:20.724,0.71296,0.71435,2.10,1.00
2015.01.15 23:42:20.925,0.71296,0.7144,2.10,1.00
2015.01.15 23:42:21.376,0.71296,0.71436,2.10,1.00
2015.01.15 23:42:21.889,0.71296,0.71435,2.10,1.00
2015.01.15 23:42:24.857,0.71296,0.71431,2.10,1.00
2015.01.15 23:42:25.005,0.71296,0.71436,2.10,1.00
2015.01.15 23:42:30.067,0.71296,0.7143,2.10,1.00
2015.01.15 23:42:30.394,0.713,0.7143,1.00,1.00
2015.01.15 23:42:30.712,0.7131,0.71425,0.75,0.75
2015.01.15 23:42:31.084,0.7133,0.71425,2.10,1.00
2015.01.15 23:42:32.379,0.7133,0.71431,2.10,1.00
2015.01.15 23:42:36.625,0.7133,0.71425,2.10,1.00
2015.01.15 23:42:40.367,0.7133,0.71431,2.10,1.00
2015.01.15 23:42:40.515,0.7133,0.71425,2.10,1.00
2015.01.15 23:42:42.803,0.7133,0.71426,2.10,1.00
2015.01.15 23:42:43.079,0.71305,0.71425,1.00,1.00
2015.01.15 23:42:43.585,0.713,0.7144,2.85,1.00
2015.01.15 23:42:44.333,0.71275,0.71425,0.75,0.75
2015.01.15 23:42:44.484,0.7127,0.7142,1.00,0.75
2015.01.15 23:42:44.595,0.71265,0.71425,0.75,0.75
2015.01.15 23:42:44.646,0.71309,0.71425,2.10,1.00
2015.01.15 23:42:44.917,0.7128,0.71403,2.10,2.10
2015.01.15 23:42:57.374,0.7124,0.71435,1.00,0.75
2015.01.15 23:42:57.424,0.7126,0.7143,1.00,1.00
2015.01.15 23:42:57.767,0.71279,0.71404,2.10,2.10
2015.01.15 23:43:03.175,0.7124,0.71435,1.00,0.75
2015.01.15 23:43:03.276,0.71245,0.71435,1.00,1.00
2015.01.15 23:43:03.724,0.7128,0.71403,2.10,2.10
2015.01.15 23:43:04.123,0.71239,0.71436,1.00,1.00
2015.01.15 23:43:04.249,0.71255,0.71435,1.00,1.00
2015.01.15 23:43:06.653,0.71271,0.71403,2.10,2.10
2015.01.15 23:43:11.534,0.71255,0.71435,1.00,0.75
2015.01.15 23:43:15.592,0.71259,0.71431,1.00,1.00
2015.01.15 23:43:15.933,0.71271,0.71399,2.10,2.10
2015.01.15 23:43:33.934,0.71265,0.71415,0.75,0.75
2015.01.15 23:43:34.085,0.7127,0.71415,1.00,0.75
2015.01.15 23:43:37.786,0.71265,0.7142,1.00,0.75
2015.01.15 23:43:37.897,0.71264,0.71416,1.00,0.75
2015.01.15 23:43:38.251,0.71271,0.71403,2.10,2.10
2015.01.15 23:43:46.295,0.71275,0.71415,0.75,0.75
2015.01.15 23:43:47.135,0.71285,0.71415,0.75,0.75
2015.01.15 23:43:50.546,0.71284,0.71421,0.75,0.75
2015.01.15 23:43:53.404,0.71285,0.71415,0.75,0.75
2015.01.15 23:43:54.202,0.71284,0.71416,0.75,0.75
2015.01.15 23:43:54.949,0.7128,0.7142,0.75,0.75
2015.01.15 23:43:55.277,0.71285,0.71415,0.75,0.75
2015.01.15 23:43:57.366,0.7128,0.71415,0.75,0.75
2015.01.15 23:43:57.913,0.71284,0.71416,0.75,0.75
2015.01.15 23:43:59.784,0.71285,0.71415,0.75,0.75
2015.01.15 23:44:00.116,0.7128,0.71415,0.75,0.75
2015.01.15 23:44:00.443,0.71285,0.71415,0.75,0.75
2015.01.15 23:44:01.103,0.7128,0.71415,0.75,0.75
2015.01.15 23:44:03.083,0.71284,0.71416,0.75,0.75
2015.01.15 23:44:03.673,0.71285,0.71415,0.75,0.75
2015.01.15 23:44:04.312,0.7128,0.71415,0.75,0.75
2015.01.15 23:44:04.413,0.71275,0.71403,2.10,2.10
2015.01.15 23:44:10.604,0.71275,0.71415,0.75,0.75
2015.01.15 23:44:23.543,0.71275,0.71404,1.00,2.10
2015.01.15 23:44:24.090,0.71274,0.71404,2.10,2.10
2015.01.15 23:44:24.422,0.71285,0.71415,0.75,0.75
2015.01.15 23:44:26.002,0.7128,0.71403,2.10,2.10
2015.01.15 23:44:26.664,0.71285,0.71415,0.75,0.75
2015.01.15 23:44:33.992,0.71285,0.71403,1.00,2.10
2015.01.15 23:44:34.043,0.7128,0.71403,2.10,2.10
2015.01.15 23:44:34.582,0.7127,0.71415,1.00,0.75
2015.01.15 23:44:34.653,0.71275,0.71415,0.75,0.75
2015.01.15 23:44:35.863,0.71275,0.7142,0.75,0.75
2015.01.15 23:44:37.843,0.71275,0.71415,0.75,0.75
2015.01.15 23:44:53.352,0.71279,0.71416,0.75,0.75
2015.01.15 23:44:58.853,0.7128,0.71415,0.75,0.75
2015.01.15 23:45:02.705,0.7128,0.7142,0.75,0.75
2015.01.15 23:45:04.133,0.7128,0.71415,0.75,0.75
2015.01.15 23:45:05.126,0.7128,0.7142,0.75,0.75
2015.01.15 23:45:05.295,0.71275,0.7142,0.75,0.75
2015.01.15 23:45:05.815,0.7128,0.7142,0.75,0.75
2015.01.15 23:45:06.404,0.7128,0.71415,0.75,0.75
2015.01.15 23:45:06.457,0.7128,0.7142,0.75,0.75
2015.01.15 23:45:06.665,0.71275,0.71425,0.75,0.75
2015.01.15 23:45:06.885,0.71275,0.7142,0.75,0.75
2015.01.15 23:45:07.654,0.71279,0.71421,1.00,1.00
2015.01.15 23:45:07.963,0.71296,0.7142,2.10,1.00
2015.01.15 23:45:08.096,0.71296,0.71428,2.10,2.10
2015.01.15 23:45:10.842,0.71296,0.71425,2.10,1.00
2015.01.15 23:45:10.952,0.71296,0.71428,2.10,2.10
2015.01.15 23:45:14.952,0.71296,0.71425,2.10,1.00
2015.01.15 23:45:15.054,0.71296,0.71428,2.10,2.10
2015.01.15 23:45:15.242,0.71296,0.71426,2.10,1.00
2015.01.15 23:45:15.353,0.71284,0.71426,1.00,0.75
2015.01.15 23:45:15.504,0.71295,0.7143,0.75,0.75
2015.01.15 23:45:15.902,0.71285,0.7144,0.75,0.75
2015.01.15 23:45:16.016,0.7128,0.71445,1.00,0.75
2015.01.15 23:45:16.123,0.71313,0.71436,2.10,2.10
2015.01.15 23:45:17.112,0.71285,0.7144,0.75,0.75
2015.01.15 23:45:17.230,0.71313,0.71436,2.10,2.10
2015.01.15 23:45:17.773,0.71285,0.7144,0.75,0.75
2015.01.15 23:45:17.926,0.71275,0.71445,1.00,0.75
2015.01.15 23:45:18.102,0.71312,0.71437,2.10,2.10
2015.01.15 23:45:18.323,0.71275,0.7145,1.00,0.75
2015.01.15 23:45:18.437,0.71265,0.71455,1.00,0.75
2015.01.15 23:45:18.804,0.71312,0.71442,2.10,2.10
2015.01.15 23:45:22.864,0.71355,0.7142,0.75,0.75
2015.01.15 23:45:23.429,0.71349,0.71426,0.75,0.75
2015.01.15 23:45:23.534,0.7135,0.7143,0.75,0.75
2015.01.15 23:45:23.746,0.71354,0.71426,0.75,0.75
2015.01.15 23:45:24.059,0.71355,0.7142,0.75,0.75
2015.01.15 23:45:24.373,0.71354,0.71426,0.75,0.75
2015.01.15 23:45:24.912,0.71355,0.71425,0.75,0.75
2015.01.15 23:45:25.022,0.71326,0.71425,2.10,1.00
2015.01.15 23:45:25.132,0.71326,0.71458,2.10,2.10
2015.01.15 23:45:52.242,0.7133,0.715,0.75,1.00
2015.01.15 23:45:52.772,0.71368,0.71491,2.10,2.10
2015.01.15 23:45:52.971,0.7133,0.715,1.00,0.75
2015.01.15 23:45:53.451,0.7133,0.71483,2.10,2.10
2015.01.15 23:46:23.991,0.71317,0.71482,2.10,2.10
2015.01.15 23:46:42.801,0.7129,0.7149,0.75,0.75
2015.01.15 23:46:42.952,0.71276,0.71543,0.75,0.75
2015.01.15 23:46:43.053,0.71251,0.71567,0.75,0.75
2015.01.15 23:46:43.103,0.7131,0.71515,0.75,1.00
2015.01.15 23:46:43.254,0.71278,0.71544,0.75,0.75
2015.01.15 23:46:43.354,0.7132,0.71477,2.10,2.10
2015.01.15 23:46:43.505,0.7131,0.71515,1.00,1.00
2015.01.15 23:46:43.611,0.71324,0.71477,2.10,2.10
2015.01.15 23:46:43.711,0.71278,0.71544,0.75,0.75
2015.01.15 23:46:43.812,0.7132,0.71477,2.10,2.10
2015.01.15 23:46:43.912,0.71278,0.71544,0.75,0.75
2015.01.15 23:46:44.013,0.71341,0.71477,2.10,2.10
2015.01.15 23:46:44.812,0.71307,0.71476,2.10,2.10
2015.01.15 23:46:53.295,0.71324,0.71476,1.00,2.10
2015.01.15 23:46:57.472,0.71325,0.71476,1.00,2.10
2015.01.15 23:46:59.391,0.7134,0.71476,1.00,2.10
2015.01.15 23:47:00.334,0.71345,0.71476,1.00,2.10
2015.01.15 23:47:00.443,0.7134,0.71476,1.00,2.10
2015.01.15 23:47:01.213,0.71345,0.71476,1.00,2.10
2015.01.15 23:47:01.325,0.71339,0.71476,1.00,2.10
2015.01.15 23:47:01.873,0.71345,0.71476,1.00,2.10
2015.01.15 23:47:02.094,0.71339,0.71476,1.00,2.10
2015.01.15 23:47:02.546,0.71344,0.71476,1.00,2.10
2015.01.15 23:47:02.863,0.71307,0.71476,2.10,2.10
2015.01.15 23:47:06.821,0.71246,0.71552,0.75,0.75
2015.01.15 23:47:06.922,0.71258,0.71529,0.75,0.75
2015.01.15 23:47:21.342,0.7129,0.71475,1.00,1.00
2015.01.15 23:47:27.060,0.71295,0.71485,1.00,1.00
2015.01.15 23:47:27.437,0.713,0.71485,1.00,1.00
2015.01.15 23:47:27.761,0.71295,0.71505,1.00,1.00
2015.01.15 23:47:27.811,0.71338,0.71468,2.10,2.10
2015.01.15 23:47:58.299,0.71349,0.71489,2.10,2.10
2015.01.15 23:48:05.059,0.7139,0.71489,1.00,2.10
2015.01.15 23:48:05.389,0.714,0.71485,1.00,1.00
2015.01.15 23:48:05.489,0.71404,0.71491,0.75,0.75
2015.01.15 23:48:05.922,0.714,0.71485,1.00,1.00
2015.01.15 23:48:06.141,0.71329,0.71541,1.75,1.75
2015.01.15 23:48:06.192,0.71329,0.71541,1.00,1.00
2015.01.15 23:48:06.242,0.7137,0.71493,2.10,2.10
2015.01.15 23:48:09.080,0.71283,0.71573,0.75,0.75
2015.01.15 23:48:09.299,0.71369,0.71495,2.10,2.10
2015.01.15 23:48:13.089,0.7142,0.71495,1.00,2.10
2015.01.15 23:48:13.558,0.71425,0.71495,1.00,2.10
2015.01.15 23:48:13.609,0.71425,0.715,0.75,0.75
2015.01.15 23:48:13.760,0.7137,0.7152,1.00,1.00
2015.01.15 23:48:13.860,0.71313,0.71565,0.75,0.75
2015.01.15 23:48:13.919,0.71369,0.71497,2.10,2.10
2015.01.15 23:48:32.690,0.71429,0.71497,0.75,2.10
2015.01.15 23:48:32.844,0.71429,0.71511,0.75,0.75
2015.01.15 23:48:32.895,0.71425,0.71525,0.75,0.75
2015.01.15 23:48:32.995,0.71425,0.71516,1.00,2.10
2015.01.15 23:48:33.096,0.7141,0.7155,0.75,1.00
2015.01.15 23:48:33.251,0.7143,0.71525,0.75,0.75
2015.01.15 23:48:33.532,0.7143,0.7153,0.75,0.75
2015.01.15 23:48:34.538,0.71429,0.71531,0.75,0.75
2015.01.15 23:48:35.063,0.7143,0.7153,0.75,1.00
2015.01.15 23:48:35.400,0.7143,0.71525,0.75,0.75
2015.01.15 23:48:36.286,0.7143,0.7153,0.75,1.00
2015.01.15 23:48:36.439,0.7143,0.71525,0.75,1.00
2015.01.15 23:48:40.352,0.71429,0.71526,0.75,0.75
2015.01.15 23:48:43.100,0.71415,0.71555,0.75,1.00
2015.01.15 23:48:43.251,0.7139,0.71585,0.75,1.00
2015.01.15 23:48:43.301,0.7139,0.71585,1.00,1.75
2015.01.15 23:48:43.352,0.71329,0.71607,2.00,2.00
2015.01.15 23:48:43.452,0.7139,0.71585,0.75,1.00
2015.01.15 23:48:43.648,0.71329,0.71607,0.75,0.75
2015.01.15 23:48:43.800,0.71389,0.71596,0.75,1.00
2015.01.15 23:48:44.561,0.7139,0.7159,0.75,1.00
2015.01.15 23:48:45.598,0.7139,0.71572,1.00,1.00
2015.01.15 23:48:49.498,0.7137,0.71572,0.75,0.75
2015.01.15 23:48:51.348,0.71404,0.71572,1.00,1.00
2015.01.15 23:48:55.406,0.71404,0.71572,1.00,1.37
2015.01.15 23:48:55.939,0.71404,0.71572,1.00,1.00
2015.01.15 23:48:57.731,0.71405,0.71572,1.00,1.12
2015.01.15 23:48:58.613,0.71404,0.71572,1.00,1.00
2015.01.15 23:49:01.032,0.71405,0.71572,1.00,1.00
2015.01.15 23:49:01.372,0.71405,0.71572,1.00,1.75
2015.01.15 23:49:01.522,0.71405,0.71572,1.00,1.00
2015.01.15 23:49:03.670,0.7141,0.71572,1.00,1.00
2015.01.15 23:49:04.660,0.71405,0.71572,1.00,1.00
2015.01.15 23:49:05.541,0.7141,0.71572,1.00,1.00
2015.01.15 23:49:05.982,0.71405,0.71572,1.00,1.00
2015.01.15 23:49:06.279,0.7142,0.71548,2.10,2.10
2015.01.15 23:49:06.645,0.71405,0.71584,1.00,1.00
2015.01.15 23:49:07.169,0.71404,0.71584,1.00,1.00
2015.01.15 23:49:07.268,0.71421,0.71547,2.10,2.10
2015.01.15 23:49:19.840,0.7144,0.71547,1.00,2.10
2015.01.15 23:49:20.138,0.7144,0.7156,0.75,1.00
2015.01.15 23:49:21.160,0.71445,0.7156,0.75,1.00
2015.01.15 23:49:21.381,0.71439,0.71561,0.75,1.00
2015.01.15 23:49:21.907,0.7144,0.7156,0.75,1.00
2015.01.15 23:49:24.350,0.71395,0.71576,1.00,1.00
2015.01.15 23:49:24.475,0.7138,0.71576,1.00,1.00
2015.01.15 23:49:24.758,0.71417,0.71539,2.10,2.10
2015.01.15 23:49:39.756,0.71417,0.71564,2.10,2.10
2015.01.15 23:49:41.384,0.71404,0.71592,2.10,2.10
2015.01.15 23:50:01.099,0.71405,0.71592,1.00,2.10
2015.01.15 23:50:01.311,0.71404,0.71585,2.10,1.00
2015.01.15 23:50:01.437,0.71405,0.7159,1.00,1.00
2015.01.15 23:50:01.660,0.71405,0.71592,1.00,2.10
2015.01.15 23:50:01.782,0.71404,0.7159,2.10,1.00
2015.01.15 23:50:02.560,0.71404,0.71591,2.10,1.00
2015.01.15 23:50:03.071,0.71405,0.7159,1.00,1.00
2015.01.15 23:50:03.864,0.71404,0.71585,2.10,1.00
2015.01.15 23:50:04.172,0.71404,0.7159,2.10,1.00
2015.01.15 23:50:04.501,0.71404,0.71585,2.10,1.00
2015.01.15 23:50:05.646,0.71404,0.71586,2.10,1.00
2015.01.15 23:50:05.955,0.71404,0.71591,2.10,1.00
2015.01.15 23:50:06.043,0.71404,0.71586,2.10,1.00
2015.01.15 23:50:08.349,0.71404,0.71585,2.10,1.00
2015.01.15 23:50:11.398,0.7141,0.71585,2.10,1.00
2015.01.15 23:50:15.831,0.7141,0.71586,2.10,1.00
2015.01.15 23:50:16.949,0.7141,0.71585,2.10,1.00
2015.01.15 23:50:26.801,0.7141,0.71586,2.10,1.00
2015.01.15 23:50:28.221,0.7141,0.71585,2.10,1.00
2015.01.15 23:50:29.651,0.7141,0.71586,2.10,1.00
2015.01.15 23:50:31.139,0.7141,0.71585,2.10,1.00
2015.01.15 23:50:31.991,0.7141,0.71586,2.10,1.00
2015.01.15 23:50:32.498,0.7141,0.71585,2.10,1.00
2015.01.15 23:50:33.830,0.7141,0.71586,2.10,1.00
2015.01.15 23:50:34.380,0.7141,0.71585,2.10,1.00
2015.01.15 23:50:59.939,0.7141,0.71586,2.10,1.00
2015.01.15 23:51:03.246,0.7141,0.71566,2.10,1.00
2015.01.15 23:51:03.648,0.71416,0.71552,2.10,2.10
2015.01.15 23:51:39.728,0.71398,0.71549,2.10,2.10
2015.01.15 23:51:50.538,0.71379,0.71501,1.00,1.00
2015.01.15 23:51:50.845,0.71396,0.71532,2.10,2.10
2015.01.15 23:52:20.789,0.71389,0.71532,2.10,2.10
2015.01.15 23:52:50.976,0.71389,0.71526,2.10,2.10
2015.01.15 23:53:21.445,0.71383,0.71526,2.10,2.10
2015.01.15 23:53:28.938,0.7139,0.7146,1.00,0.75
2015.01.15 23:53:29.139,0.71325,0.71525,0.75,0.75
2015.01.15 23:53:29.189,0.71391,0.71513,2.10,2.10
2015.01.15 23:53:42.786,0.71358,0.71563,0.75,0.75
2015.01.15 23:53:43.596,0.71396,0.71526,2.10,2.10
2015.01.15 23:53:51.625,0.71344,0.71548,0.75,0.75
2015.01.15 23:53:51.805,0.71382,0.71515,2.10,2.10
2015.01.15 23:54:21.875,0.71379,0.71532,2.10,2.10
2015.01.15 23:54:46.355,0.71379,0.7153,2.10,1.00
2015.01.15 23:54:46.796,0.71379,0.71532,2.10,2.10
2015.01.15 23:54:52.084,0.71379,0.71526,2.10,2.10
2015.01.15 23:55:06.175,0.71379,0.71525,2.10,1.00
2015.01.15 23:55:06.705,0.71379,0.71526,2.10,2.10
2015.01.15 23:55:12.317,0.71379,0.7152,2.10,1.00
2015.01.15 23:55:12.645,0.71379,0.71525,2.10,1.00
2015.01.15 23:55:15.866,0.71379,0.71526,2.10,2.10
2015.01.15 23:55:18.804,0.71379,0.71525,2.10,1.00
2015.01.15 23:55:19.360,0.71379,0.71526,2.10,2.10
2015.01.15 23:55:21.665,0.71379,0.71525,2.10,1.00
2015.01.15 23:55:22.324,0.71379,0.71526,2.10,2.10
2015.01.15 23:55:22.773,0.71373,0.71526,2.10,2.10
2015.01.15 23:55:28.594,0.71373,0.71525,2.10,1.00
2015.01.15 23:55:29.363,0.71373,0.71526,2.10,2.10
2015.01.15 23:55:31.894,0.71373,0.7152,2.10,1.00
2015.01.15 23:55:35.084,0.71373,0.71525,2.10,1.00
2015.01.15 23:55:35.634,0.71373,0.71526,2.10,2.10
2015.01.15 23:55:53.242,0.71367,0.71526,2.10,2.10
2015.01.15 23:56:23.602,0.71372,0.71527,2.10,2.10
2015.01.15 23:56:55.501,0.71367,0.71526,2.10,2.10
2015.01.15 23:58:28.590,0.71379,0.71525,2.10,2.10
2015.01.15 23:59:17.869,0.7137,0.71545,1.00,1.00
2015.01.15 23:59:17.970,0.71375,0.71495,1.00,1.00
2015.01.15 23:59:18.860,0.71377,0.71509,2.10,2.10
2015.01.15 23:59:49.768,0.7137,0.71513,1.00,2.10
2015.01.15 23:59:53.710,0.7136,0.71513,2.10,2.10
