2014.04.23 19:00:00.181,0.80041,0.80066,1.65,2.03
2014.04.23 19:00:00.729,0.80037,0.80068,2.78,1.38
2014.04.23 19:00:00.779,0.80037,0.80068,2.78,1.38
2014.04.23 19:00:08.369,0.80037,0.80068,2.78,1.38
2014.04.23 19:00:08.493,0.80037,0.80068,2.40,1.00
2014.04.23 19:00:08.702,0.80037,0.80068,2.78,1.38
2014.04.23 19:00:12.961,0.80037,0.80069,2.03,2.78
2014.04.23 19:00:14.613,0.80037,0.80068,2.78,1.13
2014.04.23 19:00:14.940,0.80037,0.80068,2.78,1.38
2014.04.23 19:00:18.303,0.80037,0.80068,2.78,1.13
2014.04.23 19:00:27.742,0.80037,0.80068,3.38,1.38
2014.04.23 19:00:27.897,0.80037,0.80068,3.38,1.38
2014.04.23 19:00:39.244,0.80033,0.80067,2.63,2.03
2014.04.23 19:00:39.469,0.80032,0.80066,2.63,2.03
2014.04.23 19:00:47.098,0.80039,0.80063,2.48,1.13
2014.04.23 19:00:47.828,0.80042,0.80067,1.60,2.63
2014.04.23 19:00:47.883,0.80043,0.80067,1.30,2.63
2014.04.23 19:00:48.436,0.80042,0.80068,1.98,1.60
2014.04.23 19:00:54.985,0.80043,0.80068,1.30,1.60
2014.04.23 19:00:55.498,0.80042,0.80067,1.13,1.30
2014.04.23 19:00:59.246,0.80042,0.80068,1.00,1.13
2014.04.23 19:01:03.046,0.80042,0.80068,1.73,1.35
2014.04.23 19:01:03.706,0.80042,0.80068,1.38,1.73
2014.04.23 19:01:13.906,0.80042,0.80067,1.00,1.30
2014.04.23 19:01:14.036,0.80042,0.80067,1.00,2.48
2014.04.23 19:01:19.535,0.80036,0.80067,1.38,2.48
2014.04.23 19:01:26.261,0.80036,0.80067,1.38,2.48
2014.04.23 19:01:27.169,0.80037,0.80063,1.38,1.35
2014.04.23 19:01:31.594,0.80036,0.80068,1.38,2.03
2014.04.23 19:01:32.239,0.80037,0.80063,1.38,1.00
2014.04.23 19:01:43.510,0.80037,0.80063,1.38,1.00
2014.04.23 19:01:52.318,0.80041,0.80067,1.13,2.63
2014.04.23 19:01:56.032,0.80036,0.80064,1.38,1.73
2014.04.23 19:02:02.215,0.80036,0.80064,1.38,1.73
2014.04.23 19:02:11.136,0.80037,0.80067,1.38,2.03
2014.04.23 19:02:28.134,0.80037,0.80068,2.78,1.38
2014.04.23 19:02:34.268,0.80037,0.80068,2.78,1.38
2014.04.23 19:02:34.338,0.80037,0.80068,2.78,1.38
2014.04.23 19:02:34.777,0.80037,0.80068,2.78,1.38
2014.04.23 19:02:49.491,0.80037,0.80068,2.78,1.38
2014.04.23 19:03:26.689,0.80037,0.80069,2.03,2.03
2014.04.23 19:03:53.304,0.80035,0.80064,2.63,1.13
2014.04.23 19:03:55.444,0.80035,0.80064,2.63,1.38
2014.04.23 19:04:03.716,0.80037,0.80063,1.38,1.38
2014.04.23 19:04:06.033,0.80034,0.80059,2.63,1.00
2014.04.23 19:04:07.793,0.80036,0.80064,1.38,1.73
2014.04.23 19:04:18.972,0.80036,0.80064,1.38,1.73
2014.04.23 19:04:24.353,0.80034,0.80059,2.63,1.00
2014.04.23 19:04:28.097,0.80031,0.80059,4.88,1.73
2014.04.23 19:04:28.275,0.80031,0.80059,4.88,1.73
2014.04.23 19:04:38.013,0.80031,0.80059,4.88,1.73
2014.04.23 19:04:39.990,0.80031,0.80059,4.88,1.35
2014.04.23 19:04:42.047,0.80033,0.80059,2.63,1.35
2014.04.23 19:04:42.852,0.80031,0.80059,4.88,1.73
2014.04.23 19:04:51.759,0.80031,0.80059,4.88,1.73
2014.04.23 19:04:58.608,0.80032,0.80059,2.48,1.73
2014.04.23 19:04:59.918,0.80032,0.80059,2.48,1.73
2014.04.23 19:05:30.172,0.80033,0.80062,2.48,2.48
2014.04.23 19:05:58.097,0.80033,0.80062,2.10,2.48
2014.04.23 19:06:01.044,0.80032,0.80058,2.48,1.30
2014.04.23 19:06:05.293,0.80032,0.80061,2.48,2.48
2014.04.23 19:06:07.994,0.80032,0.80058,2.10,1.30
2014.04.23 19:06:13.584,0.80032,0.80061,2.48,2.48
2014.04.23 19:06:23.539,0.80032,0.80058,2.48,1.30
2014.04.23 19:06:26.844,0.80032,0.80061,4.13,2.48
2014.04.23 19:06:29.330,0.80032,0.80058,4.88,1.73
2014.04.23 19:06:29.991,0.80032,0.80058,4.88,1.73
2014.04.23 19:06:37.553,0.80033,0.80053,2.10,1.00
2014.04.23 19:06:54.137,0.80033,0.80054,2.10,1.13
2014.04.23 19:06:54.443,0.80033,0.80054,2.10,1.38
2014.04.23 19:06:55.093,0.80026,0.80054,1.98,1.38
2014.04.23 19:06:55.194,0.80025,0.80053,4.13,1.38
2014.04.23 19:07:03.862,0.80031,0.80053,2.10,1.38
2014.04.23 19:07:03.913,0.80031,0.80053,2.10,1.38
2014.04.23 19:07:04.101,0.80031,0.80053,2.10,1.00
2014.04.23 19:07:07.334,0.80031,0.80049,2.10,1.00
2014.04.23 19:07:07.384,0.80029,0.80049,1.30,1.13
2014.04.23 19:07:09.842,0.80029,0.80057,2.48,2.03
2014.04.23 19:07:09.893,0.80029,0.80053,2.10,1.38
2014.04.23 19:07:12.083,0.80031,0.80054,1.60,1.38
2014.04.23 19:07:12.624,0.80031,0.80059,1.98,1.73
2014.04.23 19:07:12.831,0.80031,0.80059,1.98,1.73
2014.04.23 19:07:13.381,0.80026,0.80059,3.38,1.73
2014.04.23 19:07:13.727,0.80026,0.80053,2.63,1.13
2014.04.23 19:07:14.864,0.8003,0.80054,2.10,1.38
2014.04.23 19:07:15.367,0.8003,0.80054,2.48,1.00
2014.04.23 19:07:15.583,0.8003,0.80057,4.13,1.30
2014.04.23 19:07:15.634,0.80031,0.80059,2.48,1.38
2014.04.23 19:07:15.811,0.80031,0.80059,4.13,1.00
2014.04.23 19:07:15.962,0.80032,0.80063,2.63,2.03
2014.04.23 19:07:16.307,0.80031,0.8006,1.00,2.63
2014.04.23 19:07:16.357,0.80027,0.80058,1.73,1.98
2014.04.23 19:07:16.408,0.80027,0.80058,1.73,1.98
2014.04.23 19:07:17.150,0.80027,0.80058,1.73,3.38
2014.04.23 19:07:18.097,0.80027,0.80058,1.73,3.38
2014.04.23 19:07:19.842,0.80029,0.80058,2.10,3.38
2014.04.23 19:07:20.194,0.80027,0.80057,1.73,2.03
2014.04.23 19:07:25.482,0.80025,0.80054,2.63,1.38
2014.04.23 19:07:42.170,0.80025,0.80054,2.63,1.38
2014.04.23 19:07:44.122,0.80029,0.80053,2.10,1.38
2014.04.23 19:07:44.367,0.80027,0.80053,3.38,1.38
2014.04.23 19:07:44.468,0.80025,0.80053,2.63,1.38
2014.04.23 19:07:44.788,0.80028,0.80053,1.30,1.38
2014.04.23 19:07:44.960,0.80024,0.80053,2.48,1.38
2014.04.23 19:07:46.137,0.80024,0.80053,4.13,1.38
2014.04.23 19:08:04.108,0.80027,0.80056,1.98,2.03
2014.04.23 19:08:11.874,0.80027,0.80056,1.73,2.03
2014.04.23 19:08:15.245,0.80027,0.80056,1.73,2.03
2014.04.23 19:08:21.652,0.80026,0.80054,1.98,1.98
2014.04.23 19:08:22.040,0.80028,0.80054,1.30,1.98
2014.04.23 19:08:26.930,0.80027,0.80054,1.30,1.38
2014.04.23 19:08:28.118,0.80024,0.80054,2.63,1.38
2014.04.23 19:08:32.268,0.80027,0.80054,1.30,1.38
2014.04.23 19:08:32.470,0.80016,0.80044,3.23,1.00
2014.04.23 19:08:32.520,0.80016,0.80044,3.23,1.38
2014.04.23 19:08:32.621,0.80021,0.80049,1.13,4.88
2014.04.23 19:08:32.671,0.80021,0.80049,3.23,1.38
2014.04.23 19:08:32.878,0.80021,0.80049,1.73,1.38
2014.04.23 19:08:35.359,0.80017,0.80048,3.23,1.38
2014.04.23 19:08:37.791,0.80017,0.80048,3.23,3.23
2014.04.23 19:08:37.842,0.80017,0.80043,3.23,1.00
2014.04.23 19:08:37.893,0.80017,0.80043,3.23,1.00
2014.04.23 19:08:38.202,0.80017,0.80048,3.38,1.38
2014.04.23 19:08:38.615,0.80017,0.80048,3.38,1.38
2014.04.23 19:08:49.742,0.80017,0.80048,3.38,1.38
2014.04.23 19:08:52.233,0.80017,0.80048,3.38,1.38
2014.04.23 19:08:52.580,0.80017,0.80048,3.38,1.38
2014.04.23 19:09:01.872,0.80017,0.80048,3.38,1.38
2014.04.23 19:09:03.194,0.80019,0.80048,1.30,1.38
2014.04.23 19:09:13.411,0.80018,0.80048,2.03,1.38
2014.04.23 19:09:13.492,0.80018,0.80048,2.03,1.38
2014.04.23 19:09:13.743,0.80022,0.80048,3.23,1.13
2014.04.23 19:09:16.538,0.80022,0.80049,4.13,1.00
2014.04.23 19:09:16.589,0.80022,0.80044,4.13,1.00
2014.04.23 19:09:16.641,0.80022,0.80044,2.03,1.35
2014.04.23 19:09:17.100,0.8002,0.80049,2.03,1.73
2014.04.23 19:09:19.591,0.8002,0.80047,2.63,2.48
2014.04.23 19:09:19.642,0.8002,0.80043,2.63,1.00
2014.04.23 19:09:20.062,0.80019,0.80049,2.03,1.38
2014.04.23 19:09:22.051,0.8002,0.80043,2.03,1.00
2014.04.23 19:09:22.151,0.8002,0.80043,2.03,1.00
2014.04.23 19:09:22.445,0.80019,0.80049,2.63,1.73
2014.04.23 19:09:22.890,0.80019,0.80049,2.63,1.73
2014.04.23 19:09:24.325,0.8002,0.80046,2.03,2.48
2014.04.23 19:09:24.541,0.80019,0.80044,2.63,1.60
2014.04.23 19:09:24.641,0.80019,0.80049,2.03,1.38
2014.04.23 19:09:24.985,0.80021,0.80049,2.03,1.38
2014.04.23 19:09:27.324,0.8002,0.80049,2.03,1.38
2014.04.23 19:09:28.847,0.8002,0.80049,2.03,1.38
2014.04.23 19:09:29.504,0.8002,0.80049,2.03,1.38
2014.04.23 19:09:37.670,0.80021,0.80049,2.78,1.38
2014.04.23 19:09:57.880,0.80019,0.80049,2.03,1.73
2014.04.23 19:09:58.849,0.80019,0.80049,2.03,1.35
2014.04.23 19:09:58.900,0.80019,0.80041,2.03,2.10
2014.04.23 19:09:58.950,0.80017,0.80041,2.03,2.48
2014.04.23 19:09:59.090,0.80016,0.80041,1.38,2.48
2014.04.23 19:09:59.141,0.80016,0.80045,1.38,2.63
2014.04.23 19:09:59.191,0.80016,0.80048,1.38,4.13
2014.04.23 19:09:59.697,0.80017,0.80048,1.38,4.88
2014.04.23 19:10:00.229,0.80017,0.80047,1.38,2.63
2014.04.23 19:10:00.779,0.80017,0.80048,1.38,4.88
2014.04.23 19:10:04.842,0.80014,0.80042,2.03,2.48
2014.04.23 19:10:05.541,0.80013,0.80039,2.03,1.30
2014.04.23 19:10:09.298,0.80013,0.80038,2.03,1.00
2014.04.23 19:10:18.135,0.80016,0.80039,1.38,1.30
2014.04.23 19:10:21.288,0.80013,0.80038,2.63,1.00
2014.04.23 19:10:29.110,0.80012,0.80038,1.98,1.00
2014.04.23 19:10:29.215,0.80012,0.80038,1.98,1.38
2014.04.23 19:10:33.240,0.80012,0.80038,1.98,1.38
2014.04.23 19:10:34.426,0.80012,0.80038,1.98,1.38
2014.04.23 19:11:07.923,0.80013,0.80044,2.63,1.38
2014.04.23 19:11:08.124,0.80008,0.80039,2.63,1.38
2014.04.23 19:11:08.174,0.80008,0.80039,2.63,1.38
2014.04.23 19:11:15.573,0.80011,0.8004,1.00,2.03
2014.04.23 19:11:15.757,0.80011,0.80041,1.38,2.63
2014.04.23 19:11:16.057,0.80011,0.80043,1.38,2.63
2014.04.23 19:11:17.884,0.80011,0.80038,1.73,2.48
2014.04.23 19:11:18.194,0.80012,0.80033,1.38,1.38
2014.04.23 19:11:18.694,0.80012,0.80033,1.13,1.38
2014.04.23 19:11:19.149,0.80006,0.80039,3.38,1.38
2014.04.23 19:11:35.303,0.80007,0.80038,2.63,2.03
2014.04.23 19:11:35.989,0.80007,0.80033,1.98,1.38
2014.04.23 19:11:41.526,0.80006,0.80028,2.48,1.00
2014.04.23 19:11:41.598,0.80005,0.80028,2.03,1.60
2014.04.23 19:11:41.649,0.80005,0.80028,1.65,1.98
2014.04.23 19:11:41.953,0.80002,0.80028,1.60,1.98
2014.04.23 19:11:42.204,0.80006,0.80032,1.00,2.03
2014.04.23 19:11:42.743,0.80006,0.80034,1.00,2.63
2014.04.23 19:11:43.098,0.80006,0.80032,1.00,2.03
2014.04.23 19:11:43.248,0.80001,0.80032,1.38,2.03
2014.04.23 19:11:45.377,0.80001,0.80032,1.98,2.03
2014.04.23 19:11:45.427,0.80001,0.80034,1.98,2.78
2014.04.23 19:11:47.280,0.80002,0.80034,1.98,2.03
2014.04.23 19:11:59.529,0.80002,0.8003,3.38,2.48
2014.04.23 19:11:59.647,0.80002,0.80028,1.60,1.98
2014.04.23 19:11:59.906,0.79998,0.80029,2.03,1.98
2014.04.23 19:11:59.956,0.79996,0.80027,2.78,2.63
2014.04.23 19:12:00.276,0.80002,0.80028,1.00,1.98
2014.04.23 19:12:00.427,0.80002,0.80027,1.13,1.30
2014.04.23 19:12:01.957,0.80002,0.80028,1.13,1.98
2014.04.23 19:12:02.058,0.79997,0.80023,3.23,1.00
2014.04.23 19:12:02.108,0.79997,0.80023,1.13,1.60
2014.04.23 19:12:02.326,0.79998,0.80023,2.10,1.38
2014.04.23 19:12:02.706,0.79997,0.80028,1.73,3.38
2014.04.23 19:12:04.220,0.79997,0.80027,1.73,2.63
2014.04.23 19:12:05.524,0.79997,0.80024,1.30,1.38
2014.04.23 19:12:12.423,0.79993,0.80019,2.63,1.38
2014.04.23 19:12:19.486,0.79995,0.80019,1.30,1.38
2014.04.23 19:12:19.893,0.79991,0.80019,4.88,1.38
2014.04.23 19:12:20.649,0.79993,0.80019,2.63,1.38
2014.04.23 19:12:28.040,0.79991,0.80019,4.88,1.38
2014.04.23 19:12:29.335,0.79997,0.80023,1.00,1.98
2014.04.23 19:12:31.890,0.79997,0.80023,1.00,1.98
2014.04.23 19:12:32.086,0.79995,0.80018,1.30,1.38
2014.04.23 19:12:35.617,0.7999,0.80018,2.03,1.38
2014.04.23 19:12:36.386,0.79992,0.80018,1.60,1.38
2014.04.23 19:12:38.043,0.79992,0.80015,1.00,2.48
2014.04.23 19:12:38.244,0.79986,0.80014,3.23,1.98
2014.04.23 19:12:38.783,0.79991,0.80015,1.00,4.13
2014.04.23 19:12:39.786,0.79987,0.80015,1.98,4.13
2014.04.23 19:12:39.946,0.79987,0.80018,1.98,2.78
2014.04.23 19:12:42.445,0.79987,0.80018,1.98,2.78
2014.04.23 19:12:46.378,0.79987,0.80018,1.98,2.78
2014.04.23 19:12:47.415,0.79993,0.80018,2.10,1.38
2014.04.23 19:12:47.466,0.79993,0.80018,2.48,1.38
2014.04.23 19:12:47.617,0.79991,0.80023,1.73,2.63
2014.04.23 19:12:47.717,0.79991,0.80023,1.73,2.63
2014.04.23 19:12:48.036,0.79991,0.80022,1.73,2.03
2014.04.23 19:12:48.103,0.79991,0.80022,1.73,2.03
2014.04.23 19:12:50.275,0.79991,0.80022,3.00,2.03
2014.04.23 19:12:50.376,0.79991,0.80018,2.40,2.48
2014.04.23 19:12:50.726,0.79993,0.80019,2.48,1.73
2014.04.23 19:12:51.263,0.79996,0.80028,1.98,2.03
2014.04.23 19:12:53.306,0.79996,0.80028,1.73,2.03
2014.04.23 19:12:54.574,0.79997,0.80023,1.00,1.98
2014.04.23 19:12:55.239,0.79997,0.80023,1.00,1.98
2014.04.23 19:12:55.398,0.79997,0.80023,1.73,1.38
2014.04.23 19:12:56.413,0.79997,0.80027,1.73,2.03
2014.04.23 19:13:04.599,0.79997,0.80027,1.73,2.03
2014.04.23 19:13:15.276,0.79997,0.80027,1.73,2.03
2014.04.23 19:13:43.418,0.79997,0.80028,1.98,2.78
2014.04.23 19:13:43.519,0.79997,0.80028,1.98,1.38
2014.04.23 19:13:43.670,0.80002,0.80034,2.48,2.78
2014.04.23 19:13:58.995,0.80002,0.80034,2.48,2.78
2014.04.23 19:13:59.506,0.80002,0.80034,2.48,2.78
2014.04.23 19:14:13.727,0.80002,0.80034,2.63,2.78
2014.04.23 19:14:24.907,0.80002,0.80034,2.63,2.78
2014.04.23 19:14:41.917,0.80002,0.80034,2.63,2.78
2014.04.23 19:14:51.182,0.80004,0.80038,2.63,2.63
2014.04.23 19:15:01.276,0.80005,0.80036,1.30,2.03
2014.04.23 19:15:01.392,0.80003,0.80036,2.63,2.03
2014.04.23 19:15:01.543,0.80002,0.80036,2.63,2.63
2014.04.23 19:15:01.603,0.80002,0.80036,2.63,2.63
2014.04.23 19:15:02.163,0.80004,0.80035,2.63,2.03
2014.04.23 19:15:02.679,0.80006,0.80035,1.38,2.03
2014.04.23 19:15:03.059,0.80006,0.80035,1.38,2.03
2014.04.23 19:15:03.139,0.80006,0.80035,1.38,2.03
2014.04.23 19:15:18.111,0.80004,0.80028,2.63,1.00
2014.04.23 19:15:18.162,0.80002,0.80028,3.38,1.00
2014.04.23 19:15:19.314,0.80002,0.80029,3.38,1.30
2014.04.23 19:15:33.781,0.80004,0.80033,2.63,1.38
2014.04.23 19:15:40.551,0.80004,0.80033,2.63,1.38
2014.04.23 19:15:41.873,0.80004,0.80033,2.63,1.38
2014.04.23 19:15:43.067,0.80004,0.80033,2.63,1.38
2014.04.23 19:15:46.205,0.80008,0.80039,2.03,1.98
2014.04.23 19:15:47.800,0.80009,0.80039,2.63,1.38
2014.04.23 19:15:48.253,0.80009,0.80039,2.63,1.00
2014.04.23 19:15:48.404,0.80016,0.80039,2.03,1.00
2014.04.23 19:15:48.504,0.80018,0.80039,2.03,1.00
2014.04.23 19:15:48.805,0.80021,0.80048,2.03,1.38
2014.04.23 19:16:00.249,0.80019,0.80048,2.03,1.38
2014.04.23 19:16:06.664,0.80019,0.80048,2.03,1.38
2014.04.23 19:16:11.882,0.8002,0.80048,2.03,1.38
2014.04.23 19:16:15.273,0.80022,0.80051,1.00,2.03
2014.04.23 19:16:17.622,0.80021,0.80049,1.13,3.23
2014.04.23 19:16:17.723,0.80021,0.80049,1.00,3.23
2014.04.23 19:16:18.172,0.80021,0.80051,1.13,2.03
2014.04.23 19:16:19.882,0.80021,0.80049,1.00,3.23
2014.04.23 19:16:24.871,0.80017,0.80049,2.63,1.38
2014.04.23 19:16:25.192,0.80012,0.80043,3.38,1.38
2014.04.23 19:16:30.227,0.80012,0.80043,1.98,2.78
2014.04.23 19:16:32.902,0.80013,0.80038,1.30,1.98
2014.04.23 19:16:45.349,0.80012,0.80038,1.60,1.98
2014.04.23 19:16:50.033,0.80012,0.80038,1.98,1.98
2014.04.23 19:17:07.908,0.80014,0.80043,1.30,2.03
2014.04.23 19:17:10.082,0.80011,0.80043,3.38,2.03
2014.04.23 19:17:10.243,0.80011,0.80044,1.98,3.38
2014.04.23 19:17:12.479,0.80011,0.80044,1.98,3.38
2014.04.23 19:17:18.966,0.80014,0.80042,1.30,2.03
2014.04.23 19:17:25.394,0.80011,0.80042,1.98,2.03
2014.04.23 19:17:42.189,0.80011,0.80042,1.98,2.03
2014.04.23 19:17:51.368,0.8001,0.80042,2.63,2.03
2014.04.23 19:17:59.396,0.8001,0.80042,2.63,2.03
2014.04.23 19:18:14.038,0.8001,0.80042,4.13,2.03
2014.04.23 19:18:14.499,0.8001,0.80039,4.13,1.38
2014.04.23 19:18:15.775,0.80014,0.80039,1.30,1.38
2014.04.23 19:18:16.436,0.8001,0.80039,4.13,1.38
2014.04.23 19:18:18.060,0.80011,0.80042,1.98,2.03
2014.04.23 19:18:23.061,0.80011,0.80043,3.38,2.03
2014.04.23 19:18:39.162,0.80011,0.80044,3.38,1.38
2014.04.23 19:18:47.838,0.80011,0.80042,1.98,2.03
2014.04.23 19:19:03.096,0.80011,0.80042,1.98,2.03
2014.04.23 19:19:04.579,0.80012,0.80044,2.63,2.78
2014.04.23 19:19:05.920,0.80012,0.80044,2.63,2.78
2014.04.23 19:19:11.418,0.80012,0.80044,2.63,2.78
2014.04.23 19:19:41.494,0.8001,0.80038,2.48,1.38
2014.04.23 19:19:43.021,0.80011,0.80043,1.98,2.03
2014.04.23 19:19:46.029,0.80011,0.80043,1.98,2.03
2014.04.23 19:19:46.251,0.80013,0.80041,1.30,2.48
2014.04.23 19:19:50.129,0.80011,0.80042,1.98,2.03
2014.04.23 19:19:50.308,0.80011,0.80042,1.98,2.03
2014.04.23 19:20:05.493,0.80011,0.80042,1.98,2.03
2014.04.23 19:20:16.296,0.80014,0.80042,1.30,2.03
2014.04.23 19:20:22.162,0.80011,0.80042,1.98,2.03
2014.04.23 19:20:28.335,0.80011,0.80042,1.98,2.03
2014.04.23 19:20:28.860,0.80008,0.80038,2.03,1.38
2014.04.23 19:20:29.262,0.80008,0.80038,2.03,1.38
2014.04.23 19:20:41.278,0.80007,0.80038,3.38,2.78
2014.04.23 19:20:48.197,0.80012,0.80039,1.38,1.65
2014.04.23 19:20:48.299,0.80012,0.80043,1.98,2.78
2014.04.23 19:20:48.349,0.80012,0.80043,1.98,2.78
2014.04.23 19:20:48.687,0.80017,0.80047,1.38,2.63
2014.04.23 19:20:49.078,0.80021,0.80047,1.38,2.63
2014.04.23 19:20:49.419,0.80021,0.80045,1.38,1.30
2014.04.23 19:20:49.839,0.80022,0.80051,1.98,2.03
2014.04.23 19:20:49.949,0.80022,0.80053,3.38,1.38
2014.04.23 19:20:50.268,0.80022,0.80053,1.73,2.78
2014.04.23 19:20:50.665,0.80021,0.80049,2.63,1.00
2014.04.23 19:20:51.326,0.80021,0.80049,2.63,1.00
2014.04.23 19:20:51.988,0.80022,0.80053,1.73,1.38
2014.04.23 19:20:52.259,0.80023,0.80053,2.03,1.38
2014.04.23 19:20:58.773,0.80024,0.80053,2.03,1.38
2014.04.23 19:20:58.929,0.80024,0.80053,2.03,1.38
2014.04.23 19:21:01.611,0.80024,0.80049,2.03,1.00
2014.04.23 19:21:01.762,0.80022,0.80049,2.63,1.13
2014.04.23 19:21:01.963,0.80021,0.80049,2.63,1.38
2014.04.23 19:21:02.398,0.80018,0.80049,2.48,1.38
2014.04.23 19:21:04.254,0.80018,0.80049,2.48,1.38
2014.04.23 19:21:04.330,0.8002,0.80049,1.30,3.23
2014.04.23 19:21:04.481,0.80017,0.80044,2.63,1.38
2014.04.23 19:21:19.486,0.80016,0.80044,3.23,1.38
2014.04.23 19:21:22.589,0.80016,0.80044,1.38,3.23
2014.04.23 19:21:22.639,0.80015,0.80038,2.63,1.00
2014.04.23 19:21:23.630,0.80013,0.80043,4.13,1.38
2014.04.23 19:21:31.813,0.80013,0.80043,2.48,1.38
2014.04.23 19:21:49.019,0.80013,0.80043,2.48,1.38
2014.04.23 19:21:51.423,0.80013,0.80043,2.48,1.38
2014.04.23 19:22:07.654,0.80013,0.80043,2.48,1.38
2014.04.23 19:22:22.558,0.80013,0.80043,2.48,1.38
2014.04.23 19:22:35.263,0.80013,0.80046,4.13,2.03
2014.04.23 19:22:35.379,0.80013,0.80046,4.13,2.03
2014.04.23 19:22:35.989,0.80016,0.80044,1.30,2.03
2014.04.23 19:22:38.395,0.80013,0.80044,2.48,2.03
2014.04.23 19:22:42.249,0.80013,0.80044,2.48,2.03
2014.04.23 19:22:48.250,0.80013,0.80044,2.48,2.03
2014.04.23 19:23:00.185,0.80013,0.80044,2.48,2.03
2014.04.23 19:23:03.263,0.80016,0.80045,2.48,2.03
2014.04.23 19:23:04.610,0.80017,0.80048,2.48,2.03
2014.04.23 19:23:04.711,0.8002,0.80049,2.63,1.38
2014.04.23 19:23:34.840,0.8002,0.80053,2.63,1.38
2014.04.23 19:23:35.438,0.80019,0.80048,2.63,1.38
2014.04.23 19:23:43.723,0.80019,0.80048,2.63,1.38
2014.04.23 19:23:58.766,0.80019,0.80049,2.03,1.38
2014.04.23 19:24:07.962,0.80018,0.80043,2.03,1.13
2014.04.23 19:24:10.255,0.80018,0.80043,2.03,1.00
2014.04.23 19:24:19.184,0.80018,0.80043,2.03,1.38
2014.04.23 19:24:20.482,0.80018,0.80043,2.03,1.00
2014.04.23 19:24:21.301,0.80018,0.80043,2.03,1.13
2014.04.23 19:24:27.433,0.80018,0.80043,2.03,1.00
2014.04.23 19:24:29.609,0.80018,0.80043,2.03,1.38
2014.04.23 19:24:36.359,0.80018,0.80043,2.03,1.00
2014.04.23 19:24:50.738,0.80018,0.80043,2.03,1.00
2014.04.23 19:24:58.940,0.8002,0.80051,2.03,2.03
2014.04.23 19:25:06.141,0.80019,0.80051,2.03,2.03
2014.04.23 19:25:06.487,0.80019,0.80051,2.03,2.03
2014.04.23 19:25:10.218,0.80019,0.80051,2.03,2.03
2014.04.23 19:25:14.840,0.80019,0.80051,2.03,2.03
2014.04.23 19:25:16.250,0.80019,0.80051,2.03,2.03
2014.04.23 19:25:17.343,0.80019,0.80051,2.03,2.03
2014.04.23 19:25:18.323,0.80019,0.80051,2.03,2.03
2014.04.23 19:25:23.757,0.80017,0.80049,2.03,2.03
2014.04.23 19:25:28.138,0.80017,0.80049,2.03,2.03
2014.04.23 19:25:33.445,0.80017,0.80049,2.03,2.03
2014.04.23 19:25:34.096,0.80017,0.80049,2.03,2.03
2014.04.23 19:25:39.756,0.80017,0.80049,2.03,2.03
2014.04.23 19:25:42.065,0.80018,0.8005,2.03,2.03
2014.04.23 19:25:48.122,0.80018,0.8005,2.03,2.03
2014.04.23 19:25:48.774,0.80016,0.8005,2.63,2.03
2014.04.23 19:25:50.629,0.80016,0.8005,2.63,2.03
2014.04.23 19:25:57.794,0.80016,0.8005,2.63,2.03
2014.04.23 19:26:02.328,0.80016,0.8005,2.63,2.03
2014.04.23 19:26:04.177,0.80016,0.8005,2.63,2.03
2014.04.23 19:26:12.981,0.80016,0.8005,2.63,2.03
2014.04.23 19:26:15.622,0.80016,0.8005,2.63,2.03
2014.04.23 19:26:17.763,0.80016,0.8005,2.63,2.03
2014.04.23 19:26:22.890,0.80016,0.80043,2.63,1.13
2014.04.23 19:26:22.992,0.80016,0.80043,1.30,1.00
2014.04.23 19:26:23.062,0.80013,0.80043,2.63,1.38
2014.04.23 19:26:23.404,0.80015,0.80044,2.63,1.13
2014.04.23 19:26:52.647,0.80016,0.80044,2.63,1.00
2014.04.23 19:26:53.213,0.80016,0.80044,2.63,1.13
2014.04.23 19:27:27.289,0.80016,0.80048,2.63,1.65
2014.04.23 19:27:27.400,0.80016,0.80048,2.63,2.03
2014.04.23 19:27:35.842,0.80016,0.80039,2.63,1.00
2014.04.23 19:27:36.384,0.80014,0.80039,2.63,1.00
2014.04.23 19:27:40.983,0.80013,0.80039,2.63,1.00
2014.04.23 19:27:41.084,0.80013,0.80039,2.63,1.00
2014.04.23 19:27:41.733,0.80018,0.80038,1.30,1.00
2014.04.23 19:27:41.942,0.80017,0.80044,4.13,1.13
2014.04.23 19:27:45.516,0.8002,0.80044,1.30,1.13
2014.04.23 19:27:53.997,0.80014,0.80044,2.63,1.38
2014.04.23 19:27:56.458,0.80012,0.80044,4.13,1.38
2014.04.23 19:28:00.729,0.80012,0.80044,4.13,1.13
2014.04.23 19:28:04.062,0.80017,0.80043,1.38,1.00
2014.04.23 19:28:04.163,0.80018,0.80043,2.48,1.00
2014.04.23 19:28:07.675,0.80019,0.80043,2.48,1.00
2014.04.23 19:28:14.986,0.80019,0.80043,2.48,1.00
2014.04.23 19:28:32.141,0.80023,0.80043,1.30,1.00
2014.04.23 19:28:35.721,0.80019,0.80043,4.13,1.00
2014.04.23 19:28:36.248,0.8002,0.80043,2.63,1.00
2014.04.23 19:28:36.906,0.80021,0.80043,2.63,1.00
2014.04.23 19:28:37.452,0.80022,0.80043,3.23,1.00
2014.04.23 19:28:38.887,0.80022,0.80043,3.23,1.00
2014.04.23 19:28:38.938,0.80022,0.80049,2.48,1.38
2014.04.23 19:28:42.948,0.80022,0.80049,2.48,1.00
2014.04.23 19:28:54.784,0.80025,0.80049,1.30,1.13
2014.04.23 19:28:56.545,0.80022,0.80049,2.48,1.38
2014.04.23 19:28:58.074,0.80022,0.80049,2.48,1.13
2014.04.23 19:29:01.442,0.80022,0.80049,2.48,1.38
2014.04.23 19:29:07.470,0.80024,0.80049,2.48,1.38
2014.04.23 19:29:20.178,0.80024,0.80049,2.10,1.13
2014.04.23 19:29:59.151,0.80027,0.80053,1.30,1.13
2014.04.23 19:29:59.270,0.80026,0.80053,2.63,1.00
2014.04.23 19:29:59.571,0.80024,0.80049,2.48,1.13
2014.04.23 19:30:00.118,0.80024,0.80049,2.48,1.38
2014.04.23 19:30:00.639,0.80028,0.80049,1.30,1.13
2014.04.23 19:30:01.152,0.80024,0.80049,2.48,1.38
2014.04.23 19:30:13.462,0.80024,0.80049,2.48,1.00
2014.04.23 19:30:13.864,0.80027,0.80053,1.30,1.38
2014.04.23 19:30:13.978,0.80023,0.80053,4.13,1.38
2014.04.23 19:30:14.232,0.80023,0.80053,2.48,1.38
2014.04.23 19:30:14.282,0.80023,0.80048,2.48,1.00
2014.04.23 19:30:33.641,0.80024,0.80048,2.10,1.00
2014.04.23 19:30:34.034,0.80028,0.80053,1.30,1.38
2014.04.23 19:30:34.712,0.80024,0.80053,4.13,1.00
2014.04.23 19:30:35.291,0.80024,0.80053,4.13,1.00
2014.04.23 19:30:35.794,0.80024,0.80053,4.13,1.38
2014.04.23 19:30:35.844,0.80024,0.80053,4.13,1.13
2014.04.23 19:30:39.055,0.80025,0.80053,2.63,1.00
2014.04.23 19:30:45.221,0.80025,0.80053,2.63,1.13
2014.04.23 19:30:45.665,0.80028,0.80053,1.30,1.38
2014.04.23 19:30:46.165,0.80027,0.80049,1.30,1.13
2014.04.23 19:30:48.145,0.80023,0.80053,2.63,1.38
2014.04.23 19:30:50.291,0.80024,0.80053,2.63,1.38
2014.04.23 19:30:50.592,0.80024,0.80049,2.63,1.00
2014.04.23 19:30:51.129,0.80024,0.80049,2.63,1.38
2014.04.23 19:31:07.291,0.80027,0.80049,1.30,1.00
2014.04.23 19:31:13.159,0.80023,0.80049,2.48,1.38
2014.04.23 19:31:13.675,0.80026,0.80048,1.30,1.38
2014.04.23 19:31:14.521,0.80023,0.80048,2.48,1.38
2014.04.23 19:31:17.051,0.80023,0.80054,4.13,1.38
2014.04.23 19:31:20.121,0.80026,0.80054,2.63,1.38
2014.04.23 19:31:20.331,0.80024,0.80054,2.63,1.38
2014.04.23 19:31:20.382,0.80024,0.80048,4.13,1.00
2014.04.23 19:31:20.891,0.80027,0.80048,1.30,1.13
2014.04.23 19:31:21.194,0.80024,0.80048,2.48,1.38
2014.04.23 19:31:33.474,0.80025,0.80048,1.30,1.38
2014.04.23 19:31:42.965,0.80025,0.80048,1.30,1.38
2014.04.23 19:31:57.239,0.80025,0.80048,1.30,1.38
2014.04.23 19:32:01.634,0.80023,0.80048,2.63,1.00
2014.04.23 19:32:03.030,0.80023,0.80048,2.63,1.38
2014.04.23 19:32:07.681,0.80025,0.80048,1.30,1.00
2014.04.23 19:32:07.761,0.80023,0.80048,4.13,1.00
2014.04.23 19:32:08.486,0.80023,0.80048,4.13,1.38
2014.04.23 19:32:09.903,0.80023,0.80048,2.48,1.38
2014.04.23 19:32:32.133,0.80023,0.80048,2.10,1.38
2014.04.23 19:32:39.439,0.80023,0.80048,2.10,1.38
2014.04.23 19:32:57.427,0.80023,0.80048,2.48,1.38
2014.04.23 19:33:04.749,0.80025,0.80048,2.25,1.00
2014.04.23 19:33:05.087,0.80029,0.80048,1.30,1.00
2014.04.23 19:33:05.138,0.80029,0.80054,1.30,1.38
2014.04.23 19:33:05.289,0.80029,0.80054,1.30,1.38
2014.04.23 19:33:15.699,0.8003,0.80058,1.65,1.38
2014.04.23 19:33:21.818,0.8003,0.80058,2.03,1.38
2014.04.23 19:33:32.056,0.8003,0.80058,1.65,1.38
2014.04.23 19:33:40.600,0.8003,0.80054,1.65,1.38
2014.04.23 19:33:40.724,0.80028,0.80054,1.30,1.73
2014.04.23 19:33:40.933,0.80026,0.80054,3.23,1.38
2014.04.23 19:33:41.627,0.80026,0.80058,3.38,2.03
2014.04.23 19:33:41.857,0.80026,0.80053,2.03,1.13
2014.04.23 19:33:42.186,0.80022,0.80053,1.98,1.38
2014.04.23 19:33:42.978,0.80022,0.80052,1.98,2.03
2014.04.23 19:33:43.049,0.80021,0.80049,2.63,1.00
2014.04.23 19:33:43.558,0.80023,0.80054,2.63,1.38
2014.04.23 19:33:45.027,0.80023,0.80049,2.63,1.00
2014.04.23 19:33:48.198,0.80023,0.80049,2.63,1.38
2014.04.23 19:33:49.074,0.80024,0.80049,2.63,1.00
2014.04.23 19:33:49.829,0.80024,0.80049,2.63,1.38
2014.04.23 19:33:50.082,0.80023,0.80053,2.63,1.38
2014.04.23 19:33:51.860,0.80023,0.80049,2.63,1.00
2014.04.23 19:33:52.398,0.80023,0.80054,2.63,1.38
2014.04.23 19:33:52.449,0.80026,0.80054,2.03,1.38
2014.04.23 19:33:52.765,0.80026,0.80059,4.88,1.38
2014.04.23 19:33:53.016,0.8003,0.80063,2.63,1.38
2014.04.23 19:33:53.503,0.80034,0.80059,2.03,1.38
2014.04.23 19:33:54.120,0.80035,0.80063,2.63,1.38
2014.04.23 19:33:54.342,0.80035,0.80063,2.63,1.38
2014.04.23 19:33:54.392,0.80035,0.80059,2.63,1.00
2014.04.23 19:33:54.621,0.80033,0.80064,2.48,1.38
2014.04.23 19:34:01.203,0.80037,0.80064,1.30,1.38
2014.04.23 19:34:03.287,0.80033,0.80058,2.03,1.00
2014.04.23 19:34:14.636,0.80034,0.80063,2.63,1.38
2014.04.23 19:34:16.287,0.80034,0.80063,2.63,1.38
2014.04.23 19:34:16.817,0.80034,0.80058,2.63,1.00
2014.04.23 19:34:24.608,0.80034,0.80058,2.63,1.38
2014.04.23 19:34:24.830,0.80032,0.80058,1.38,1.38
2014.04.23 19:34:26.213,0.80032,0.80059,2.03,1.38
2014.04.23 19:34:26.365,0.80034,0.80064,2.48,2.78
2014.04.23 19:34:26.427,0.80034,0.80064,2.48,2.78
2014.04.23 19:34:26.577,0.80037,0.80068,2.63,1.38
2014.04.23 19:34:27.153,0.80044,0.80068,1.30,1.38
2014.04.23 19:34:33.308,0.80042,0.80068,1.98,1.38
2014.04.23 19:34:33.447,0.80042,0.80068,1.13,1.98
2014.04.23 19:34:33.548,0.80042,0.80068,1.00,1.98
2014.04.23 19:34:33.648,0.80042,0.80068,1.13,1.98
2014.04.23 19:34:34.076,0.80042,0.80068,1.38,1.98
2014.04.23 19:34:35.602,0.80042,0.80068,1.13,1.98
2014.04.23 19:34:36.482,0.80042,0.80068,1.13,1.98
2014.04.23 19:34:37.022,0.80042,0.80068,1.38,1.98
2014.04.23 19:34:40.302,0.80037,0.80068,2.63,2.63
2014.04.23 19:34:44.810,0.80037,0.80068,2.63,2.63
2014.04.23 19:34:45.912,0.80037,0.80068,2.63,2.63
2014.04.23 19:34:55.426,0.80037,0.80063,3.38,1.38
2014.04.23 19:34:55.738,0.80037,0.80063,1.98,1.38
2014.04.23 19:34:55.846,0.80032,0.80059,2.03,1.38
2014.04.23 19:34:55.947,0.80031,0.80059,1.38,1.38
2014.04.23 19:34:56.366,0.80031,0.80064,3.38,2.78
2014.04.23 19:34:58.979,0.80032,0.80064,1.30,2.78
2014.04.23 19:35:00.729,0.80031,0.80064,3.38,2.78
2014.04.23 19:35:00.838,0.80031,0.80064,3.38,2.78
2014.04.23 19:35:00.945,0.80032,0.80064,1.30,2.78
2014.04.23 19:35:01.376,0.80031,0.80064,3.38,2.78
2014.04.23 19:35:05.206,0.80032,0.80058,1.00,1.38
2014.04.23 19:35:12.036,0.80032,0.80058,1.00,1.13
2014.04.23 19:35:12.685,0.80028,0.80058,2.63,1.38
2014.04.23 19:35:13.311,0.80032,0.80058,1.00,1.38
2014.04.23 19:35:16.146,0.80032,0.80058,1.00,1.38
2014.04.23 19:35:18.543,0.80032,0.80058,1.00,1.38
2014.04.23 19:35:22.018,0.80032,0.80058,1.00,1.00
2014.04.23 19:35:22.137,0.80033,0.80058,3.75,1.00
2014.04.23 19:35:31.220,0.80033,0.80058,3.75,1.38
2014.04.23 19:35:34.495,0.80033,0.80058,4.13,1.13
2014.04.23 19:35:36.131,0.80033,0.80058,3.75,1.38
2014.04.23 19:35:36.236,0.80033,0.80058,4.13,1.38
2014.04.23 19:35:37.892,0.80033,0.80058,2.10,1.00
2014.04.23 19:35:39.821,0.80033,0.80058,4.13,1.38
2014.04.23 19:35:46.901,0.80033,0.80063,2.03,1.38
2014.04.23 19:35:52.605,0.80033,0.80063,2.03,1.38
2014.04.23 19:35:53.002,0.80036,0.80063,1.65,1.38
2014.04.23 19:36:00.100,0.80036,0.80063,2.03,1.38
2014.04.23 19:36:01.322,0.80036,0.80063,2.03,1.38
2014.04.23 19:36:02.215,0.80034,0.80063,2.25,1.38
2014.04.23 19:36:02.366,0.80029,0.80058,2.03,1.38
2014.04.23 19:36:02.939,0.80028,0.80058,2.63,1.38
2014.04.23 19:36:07.525,0.80028,0.80049,2.63,1.00
2014.04.23 19:36:07.676,0.80023,0.80049,4.13,1.00
2014.04.23 19:36:07.776,0.80023,0.80049,4.13,1.38
2014.04.23 19:36:08.125,0.80028,0.80059,1.30,1.38
2014.04.23 19:36:09.111,0.80028,0.80049,1.65,1.00
2014.04.23 19:36:09.211,0.80024,0.80049,2.63,1.00
2014.04.23 19:36:09.412,0.80027,0.80058,3.38,1.38
2014.04.23 19:36:11.574,0.80028,0.80058,1.65,1.38
2014.04.23 19:36:11.890,0.80025,0.80057,2.63,2.03
2014.04.23 19:36:12.137,0.80026,0.80059,3.38,1.38
2014.04.23 19:36:13.357,0.80028,0.80048,2.03,1.00
2014.04.23 19:36:13.558,0.80026,0.80048,1.30,1.00
2014.04.23 19:36:13.609,0.80024,0.80054,2.03,1.38
2014.04.23 19:36:13.659,0.80021,0.80054,3.38,1.38
2014.04.23 19:36:15.534,0.80024,0.80054,2.03,1.38
2014.04.23 19:36:15.635,0.80026,0.80057,1.73,2.03
2014.04.23 19:36:15.834,0.80026,0.80059,3.38,1.38
2014.04.23 19:36:17.366,0.80026,0.80049,2.25,1.38
2014.04.23 19:36:17.820,0.80023,0.80049,2.03,1.38
2014.04.23 19:36:17.921,0.80023,0.80049,1.65,1.38
2014.04.23 19:36:18.305,0.80022,0.80052,3.23,2.63
2014.04.23 19:36:18.786,0.80024,0.80053,2.48,1.38
2014.04.23 19:36:18.915,0.80024,0.80053,2.48,1.38
2014.04.23 19:36:19.438,0.80027,0.80058,1.98,1.38
2014.04.23 19:36:20.835,0.80026,0.80048,2.63,1.00
2014.04.23 19:36:20.886,0.80026,0.80048,1.65,1.00
2014.04.23 19:36:20.987,0.80023,0.80048,2.63,1.38
2014.04.23 19:36:21.307,0.80025,0.80057,2.63,2.03
2014.04.23 19:36:21.830,0.80025,0.80054,2.63,1.38
2014.04.23 19:36:22.595,0.80026,0.80048,2.63,1.00
2014.04.23 19:36:22.646,0.80023,0.80048,4.13,1.00
2014.04.23 19:36:22.949,0.80024,0.80048,2.63,1.38
2014.04.23 19:36:23.635,0.80025,0.80054,2.25,1.38
2014.04.23 19:36:23.697,0.80025,0.80054,2.63,1.38
2014.04.23 19:36:24.030,0.80025,0.80054,2.63,1.38
2014.04.23 19:36:25.228,0.80027,0.80058,2.63,1.38
2014.04.23 19:36:27.293,0.80027,0.80058,3.38,1.38
2014.04.23 19:36:27.627,0.80027,0.80048,1.65,1.00
2014.04.23 19:36:28.275,0.80024,0.80048,2.63,1.13
2014.04.23 19:36:28.660,0.80026,0.80059,3.38,1.38
2014.04.23 19:36:33.605,0.80027,0.80054,2.25,1.38
2014.04.23 19:36:33.714,0.80023,0.80054,2.63,1.98
2014.04.23 19:36:33.814,0.80024,0.80048,2.63,1.00
2014.04.23 19:36:34.545,0.80026,0.80057,1.13,2.48
2014.04.23 19:36:34.596,0.80026,0.80057,1.38,2.48
2014.04.23 19:36:34.785,0.80028,0.80059,2.63,2.78
2014.04.23 19:36:38.310,0.80028,0.80059,2.63,2.78
2014.04.23 19:36:43.835,0.80028,0.80054,2.63,1.38
2014.04.23 19:36:44.824,0.80027,0.80056,1.38,2.48
2014.04.23 19:36:44.925,0.80027,0.80058,3.38,1.38
2014.04.23 19:36:51.300,0.80027,0.80058,3.38,1.38
2014.04.23 19:36:51.455,0.80027,0.80053,1.38,1.98
2014.04.23 19:36:51.961,0.80027,0.80058,3.38,1.38
2014.04.23 19:37:10.764,0.80028,0.80058,2.63,1.38
2014.04.23 19:37:11.525,0.80028,0.80058,2.25,1.38
2014.04.23 19:37:12.055,0.80027,0.80056,1.35,2.48
2014.04.23 19:37:12.105,0.80027,0.80056,1.73,2.48
2014.04.23 19:37:12.601,0.80027,0.80058,3.38,1.38
2014.04.23 19:37:26.124,0.80028,0.80058,2.63,1.38
2014.04.23 19:37:31.187,0.80028,0.80058,2.63,1.38
2014.04.23 19:37:32.598,0.80028,0.80058,2.63,1.38
2014.04.23 19:37:50.144,0.80028,0.80058,2.63,1.38
2014.04.23 19:37:51.385,0.80028,0.80054,2.03,1.38
2014.04.23 19:37:51.624,0.80029,0.80058,2.48,1.38
2014.04.23 19:37:51.759,0.8003,0.80058,2.63,1.38
2014.04.23 19:37:51.834,0.8003,0.80058,2.03,1.38
2014.04.23 19:37:52.065,0.80029,0.80058,2.48,1.38
2014.04.23 19:37:52.633,0.80028,0.80058,2.63,1.38
2014.04.23 19:37:53.581,0.80028,0.80058,2.63,1.38
2014.04.23 19:37:53.681,0.80027,0.80053,1.73,1.38
2014.04.23 19:37:54.080,0.80028,0.80059,2.63,1.38
2014.04.23 19:37:54.895,0.80029,0.80053,1.65,1.38
2014.04.23 19:37:55.204,0.80028,0.80059,2.03,1.38
2014.04.23 19:37:56.104,0.80028,0.80053,2.03,1.38
2014.04.23 19:37:56.829,0.80026,0.80054,2.63,1.38
2014.04.23 19:37:57.793,0.80026,0.80054,2.63,1.38
2014.04.23 19:37:57.954,0.80029,0.80058,2.03,1.38
2014.04.23 19:37:58.011,0.80029,0.80058,2.03,1.38
2014.04.23 19:38:13.816,0.80027,0.80058,3.38,1.38
2014.04.23 19:38:14.369,0.80027,0.80058,3.38,1.38
2014.04.23 19:38:22.306,0.80027,0.80059,2.63,1.38
2014.04.23 19:38:29.413,0.80027,0.80059,2.63,1.38
2014.04.23 19:38:53.466,0.80028,0.80059,2.63,2.78
2014.04.23 19:38:58.284,0.80026,0.80058,3.38,2.03
2014.04.23 19:38:58.470,0.80027,0.80059,2.63,2.78
2014.04.23 19:39:10.193,0.80025,0.80053,2.63,1.38
2014.04.23 19:39:15.872,0.80025,0.80053,2.63,1.38
2014.04.23 19:39:22.133,0.80026,0.80059,2.78,1.38
2014.04.23 19:39:26.042,0.80024,0.80053,2.63,1.38
2014.04.23 19:39:27.381,0.80027,0.80058,1.38,1.38
2014.04.23 19:39:27.542,0.80025,0.80057,1.30,2.03
2014.04.23 19:39:27.592,0.80024,0.80057,2.63,2.03
2014.04.23 19:39:30.630,0.80025,0.80054,2.63,1.38
2014.04.23 19:39:32.369,0.80025,0.80054,2.63,1.38
2014.04.23 19:39:32.520,0.80024,0.80054,2.63,1.38
2014.04.23 19:39:34.342,0.80021,0.80054,1.38,2.78
2014.04.23 19:39:34.999,0.80026,0.80059,2.78,1.38
2014.04.23 19:39:35.911,0.80026,0.80059,1.38,2.78
2014.04.23 19:39:38.082,0.80026,0.80059,1.38,2.78
2014.04.23 19:39:53.453,0.80027,0.80058,1.38,2.78
2014.04.23 19:39:57.706,0.80027,0.80058,1.38,2.78
2014.04.23 19:40:00.391,0.80032,0.80053,1.00,1.38
2014.04.23 19:40:00.441,0.80032,0.80053,1.38,1.00
2014.04.23 19:40:00.634,0.80031,0.80062,1.98,2.03
2014.04.23 19:40:00.734,0.80031,0.80062,1.98,2.03
2014.04.23 19:40:01.453,0.80036,0.80064,1.98,1.38
2014.04.23 19:40:03.620,0.80034,0.80059,2.03,1.00
2014.04.23 19:40:03.721,0.80031,0.80059,1.98,1.38
2014.04.23 19:40:04.504,0.80032,0.80059,1.30,1.38
2014.04.23 19:40:04.893,0.80031,0.80064,3.38,1.38
2014.04.23 19:40:05.213,0.80033,0.80064,2.03,1.38
2014.04.23 19:40:05.902,0.80032,0.80064,2.63,2.78
2014.04.23 19:40:07.212,0.80032,0.80064,2.63,2.78
2014.04.23 19:40:10.381,0.80036,0.80064,1.98,1.38
2014.04.23 19:40:15.211,0.80036,0.80064,3.23,1.38
2014.04.23 19:40:15.373,0.80033,0.80063,2.03,1.38
2014.04.23 19:40:15.424,0.80032,0.80062,1.38,2.03
2014.04.23 19:40:15.644,0.80029,0.80058,2.03,1.38
2014.04.23 19:40:18.989,0.80029,0.80058,2.03,1.38
2014.04.23 19:40:20.575,0.80027,0.80058,2.78,1.38
2014.04.23 19:40:20.893,0.80026,0.80054,2.03,1.38
2014.04.23 19:40:20.993,0.80024,0.80054,2.63,1.38
2014.04.23 19:40:21.393,0.80021,0.80054,2.78,1.38
2014.04.23 19:40:21.522,0.80021,0.80054,2.78,1.38
2014.04.23 19:40:21.673,0.80022,0.80054,2.63,1.38
2014.04.23 19:40:22.004,0.80022,0.80054,2.63,1.38
2014.04.23 19:40:22.070,0.80022,0.80054,2.63,1.38
2014.04.23 19:40:22.221,0.80023,0.80054,2.63,1.38
2014.04.23 19:40:22.720,0.80023,0.80054,2.63,1.38
2014.04.23 19:40:23.260,0.80023,0.80054,2.63,1.38
2014.04.23 19:40:23.411,0.80027,0.80058,2.78,1.73
2014.04.23 19:40:25.123,0.80027,0.80054,2.03,1.38
2014.04.23 19:40:25.332,0.80027,0.80048,1.38,1.00
2014.04.23 19:40:25.590,0.80022,0.80049,2.03,1.38
2014.04.23 19:40:25.790,0.80019,0.80049,2.03,1.38
2014.04.23 19:40:25.891,0.80021,0.80049,3.38,1.00
2014.04.23 19:40:26.220,0.80022,0.80049,2.63,1.38
2014.04.23 19:40:28.312,0.80021,0.80044,2.63,1.13
2014.04.23 19:40:28.413,0.80016,0.80044,1.73,1.38
2014.04.23 19:40:31.146,0.80018,0.80048,2.63,1.38
2014.04.23 19:40:46.923,0.80019,0.80048,2.03,1.38
2014.04.23 19:40:54.872,0.80017,0.80048,3.38,1.38
2014.04.23 19:41:00.851,0.80017,0.80048,3.38,1.38
2014.04.23 19:41:02.387,0.80017,0.80048,3.38,1.38
2014.04.23 19:41:12.653,0.80021,0.80044,1.38,1.38
2014.04.23 19:41:12.774,0.80022,0.80044,2.48,1.38
2014.04.23 19:41:12.983,0.80022,0.80049,2.48,1.38
2014.04.23 19:41:14.029,0.80022,0.80049,2.10,1.38
2014.04.23 19:41:14.130,0.80021,0.80044,1.13,1.00
2014.04.23 19:41:14.180,0.80021,0.80044,1.38,1.38
2014.04.23 19:41:14.603,0.80018,0.80049,2.63,1.38
2014.04.23 19:41:15.776,0.80018,0.80049,2.63,1.38
2014.04.23 19:41:16.303,0.80021,0.80044,2.48,1.38
2014.04.23 19:41:16.819,0.80017,0.80048,3.38,1.38
2014.04.23 19:41:17.627,0.80017,0.80048,3.38,1.73
2014.04.23 19:41:18.642,0.80021,0.8005,1.38,2.03
2014.04.23 19:41:19.053,0.80025,0.80054,2.63,1.38
2014.04.23 19:41:19.605,0.80029,0.80058,2.03,1.38
2014.04.23 19:41:25.596,0.80029,0.80048,2.03,1.00
2014.04.23 19:41:25.647,0.80029,0.80048,2.03,1.00
2014.04.23 19:41:26.110,0.80024,0.80048,2.63,1.00
2014.04.23 19:41:26.197,0.80027,0.80058,1.73,2.78
2014.04.23 19:41:26.432,0.80028,0.80058,2.63,1.38
2014.04.23 19:41:27.797,0.80028,0.80059,2.03,1.38
2014.04.23 19:41:27.897,0.80028,0.80049,2.03,1.00
2014.04.23 19:41:28.467,0.80027,0.80049,2.03,1.00
2014.04.23 19:41:30.072,0.80027,0.80059,2.03,3.38
2014.04.23 19:41:30.223,0.80028,0.80059,2.03,1.38
2014.04.23 19:41:46.070,0.80029,0.80058,2.03,1.38
2014.04.23 19:41:55.859,0.80028,0.80048,2.03,1.00
2014.04.23 19:41:56.273,0.80028,0.80048,2.48,1.00
2014.04.23 19:41:56.374,0.80028,0.80057,2.48,2.03
2014.04.23 19:41:56.425,0.8003,0.80059,2.63,1.38
2014.04.23 19:41:56.629,0.80033,0.80053,1.30,1.00
2014.04.23 19:41:58.673,0.80033,0.80058,1.30,1.38
2014.04.23 19:42:02.693,0.80033,0.80054,1.30,1.00
2014.04.23 19:42:03.462,0.80033,0.80059,1.30,1.38
2014.04.23 19:42:10.873,0.80031,0.80059,1.98,1.38
2014.04.23 19:42:23.318,0.80033,0.80058,1.30,1.38
2014.04.23 19:42:26.124,0.80033,0.80054,1.30,1.00
2014.04.23 19:42:34.615,0.80029,0.80054,2.63,1.38
2014.04.23 19:42:36.574,0.80029,0.80054,2.63,1.13
2014.04.23 19:42:36.809,0.80029,0.80054,2.63,1.38
2014.04.23 19:42:41.578,0.80028,0.80054,2.48,1.38
2014.04.23 19:42:42.113,0.80028,0.80053,2.48,1.38
2014.04.23 19:43:11.072,0.8003,0.80053,2.48,1.38
2014.04.23 19:43:21.521,0.80033,0.8006,1.30,2.63
2014.04.23 19:43:29.844,0.80032,0.80058,1.60,3.38
2014.04.23 19:43:30.371,0.80031,0.80062,1.73,2.03
2014.04.23 19:43:35.338,0.8003,0.80059,2.48,1.38
2014.04.23 19:43:35.439,0.8003,0.80059,2.48,1.38
2014.04.23 19:43:39.332,0.8003,0.80058,4.13,1.38
2014.04.23 19:43:41.070,0.8003,0.80058,2.48,1.38
2014.04.23 19:43:47.161,0.80031,0.80059,1.98,3.38
2014.04.23 19:43:51.627,0.80031,0.80059,1.98,1.98
2014.04.23 19:43:55.547,0.80032,0.80054,1.30,1.38
2014.04.23 19:44:01.303,0.80029,0.80054,2.48,1.38
2014.04.23 19:44:09.109,0.80029,0.80059,2.48,1.38
2014.04.23 19:44:09.274,0.80029,0.80059,2.48,1.38
2014.04.23 19:44:09.605,0.80029,0.80059,2.48,1.38
2014.04.23 19:44:10.117,0.80029,0.80053,2.48,1.38
2014.04.23 19:44:25.147,0.80029,0.80053,4.13,1.13
2014.04.23 19:44:36.510,0.80031,0.80059,1.73,1.98
2014.04.23 19:44:40.525,0.80032,0.80053,1.73,1.38
2014.04.23 19:44:52.365,0.80032,0.80054,1.30,1.38
2014.04.23 19:44:52.680,0.80031,0.80058,2.48,1.38
2014.04.23 19:44:56.031,0.80031,0.80064,3.23,2.78
2014.04.23 19:44:56.418,0.80032,0.80063,3.38,2.78
2014.04.23 19:44:56.764,0.80032,0.80063,3.38,2.78
2014.04.23 19:44:56.815,0.80032,0.80063,3.38,2.78
2014.04.23 19:44:58.629,0.80032,0.80063,3.38,2.78
2014.04.23 19:45:00.618,0.80032,0.80063,3.38,2.78
2014.04.23 19:45:00.844,0.80035,0.80063,2.03,1.38
2014.04.23 19:45:00.961,0.80037,0.80067,1.38,2.03
2014.04.23 19:45:01.262,0.80039,0.80068,2.03,1.38
2014.04.23 19:45:03.153,0.80041,0.80068,2.03,1.38
2014.04.23 19:45:03.659,0.80041,0.80068,2.03,1.38
2014.04.23 19:45:09.508,0.80041,0.80068,2.03,1.38
2014.04.23 19:45:09.840,0.80035,0.80067,2.03,2.03
2014.04.23 19:45:11.568,0.80035,0.80063,2.03,1.38
2014.04.23 19:45:17.076,0.80034,0.80059,2.03,1.00
2014.04.23 19:45:19.746,0.80033,0.80059,2.63,1.38
2014.04.23 19:45:19.947,0.80029,0.80053,2.63,1.00
2014.04.23 19:45:20.197,0.8003,0.80053,2.63,1.00
2014.04.23 19:45:20.298,0.8003,0.80053,2.63,1.00
2014.04.23 19:45:20.883,0.80032,0.80058,1.38,1.38
2014.04.23 19:45:22.582,0.80031,0.80054,1.73,1.38
2014.04.23 19:45:24.413,0.80031,0.80054,1.73,1.00
2014.04.23 19:45:24.564,0.80031,0.80059,1.73,1.38
2014.04.23 19:45:25.042,0.80032,0.80058,2.78,1.38
2014.04.23 19:45:44.147,0.80032,0.80058,1.13,1.38
2014.04.23 19:45:54.429,0.80032,0.80058,1.73,1.38
2014.04.23 19:45:54.795,0.80032,0.80058,1.73,1.38
2014.04.23 19:45:55.577,0.80032,0.80058,1.73,1.38
2014.04.23 19:45:55.627,0.80032,0.80058,1.73,1.38
2014.04.23 19:45:56.056,0.80032,0.80053,1.73,1.38
2014.04.23 19:46:13.558,0.80032,0.80058,1.73,1.38
2014.04.23 19:46:18.793,0.80028,0.80054,2.48,1.38
2014.04.23 19:46:18.859,0.80028,0.80049,2.48,1.00
2014.04.23 19:46:18.909,0.80025,0.80049,2.63,1.38
2014.04.23 19:46:19.357,0.80024,0.80048,2.63,1.38
2014.04.23 19:46:19.888,0.80022,0.80048,4.88,1.38
2014.04.23 19:46:31.586,0.80022,0.80048,3.23,1.38
2014.04.23 19:46:44.025,0.80025,0.80048,1.30,1.38
2014.04.23 19:46:56.379,0.80022,0.80048,3.23,1.38
2014.04.23 19:47:00.991,0.80022,0.80048,3.23,1.38
2014.04.23 19:47:02.975,0.80022,0.80048,4.88,1.38
2014.04.23 19:47:03.176,0.80024,0.80054,2.63,1.38
2014.04.23 19:47:03.758,0.80024,0.80049,2.63,1.13
2014.04.23 19:47:04.407,0.80024,0.80049,2.63,1.00
2014.04.23 19:47:10.156,0.80025,0.80049,2.63,1.00
2014.04.23 19:47:11.455,0.80025,0.80049,2.63,1.00
2014.04.23 19:47:19.104,0.80023,0.80049,2.63,1.38
2014.04.23 19:47:19.215,0.80023,0.80049,2.63,1.38
2014.04.23 19:47:19.402,0.80024,0.80049,1.30,1.38
2014.04.23 19:47:32.514,0.80021,0.80049,4.88,1.38
2014.04.23 19:47:39.380,0.80021,0.80049,4.88,1.38
2014.04.23 19:47:40.526,0.80021,0.80049,4.88,1.38
2014.04.23 19:47:41.394,0.80021,0.80049,4.88,1.38
2014.04.23 19:47:41.486,0.80021,0.80049,4.88,1.38
2014.04.23 19:47:41.817,0.80021,0.80049,4.88,1.38
2014.04.23 19:47:42.590,0.80021,0.80049,4.88,1.38
2014.04.23 19:47:43.104,0.80021,0.80049,4.88,1.38
2014.04.23 19:47:53.815,0.80022,0.80049,4.13,1.38
2014.04.23 19:47:55.206,0.80024,0.80054,2.63,1.38
2014.04.23 19:47:55.308,0.80026,0.80054,2.03,1.38
2014.04.23 19:47:55.508,0.80025,0.80049,2.63,1.00
2014.04.23 19:47:59.653,0.80025,0.80049,2.63,1.00
2014.04.23 19:48:05.417,0.80026,0.80053,2.63,1.38
2014.04.23 19:48:19.828,0.80026,0.80053,2.63,1.38
2014.04.23 19:48:19.929,0.80024,0.80049,2.63,1.00
2014.04.23 19:48:20.269,0.80026,0.80049,1.30,1.38
2014.04.23 19:48:31.523,0.80026,0.80049,2.48,1.38
2014.04.23 19:48:47.805,0.80032,0.80049,2.10,1.38
2014.04.23 19:48:47.906,0.80032,0.80058,3.23,1.73
2014.04.23 19:48:47.956,0.80034,0.80058,2.48,1.38
2014.04.23 19:48:48.057,0.80035,0.80058,2.48,1.13
2014.04.23 19:48:48.353,0.80037,0.80063,2.85,1.38
2014.04.23 19:48:48.888,0.80037,0.80063,3.38,1.38
2014.04.23 19:49:03.326,0.80039,0.80063,1.30,1.38
2014.04.23 19:49:11.721,0.80039,0.80063,1.30,1.38
2014.04.23 19:49:12.044,0.80041,0.80064,1.38,1.38
2014.04.23 19:49:12.346,0.80045,0.80069,1.30,1.38
2014.04.23 19:49:12.991,0.80042,0.80069,2.48,1.38
2014.04.23 19:49:13.702,0.80041,0.80064,2.48,1.38
2014.04.23 19:49:16.092,0.80041,0.80064,2.48,1.38
2014.04.23 19:49:17.742,0.80038,0.80064,2.48,1.38
2014.04.23 19:49:18.474,0.80036,0.80064,3.23,1.98
2014.04.23 19:49:22.782,0.80037,0.80064,2.48,1.38
2014.04.23 19:49:23.033,0.80041,0.80064,3.75,1.38
2014.04.23 19:49:23.555,0.80043,0.80064,1.30,1.38
2014.04.23 19:49:30.042,0.80042,0.80064,2.48,1.38
2014.04.23 19:49:30.922,0.80042,0.80069,2.63,1.98
2014.04.23 19:49:33.052,0.80038,0.80064,4.13,1.38
2014.04.23 19:49:37.830,0.80042,0.80072,1.60,4.13
2014.04.23 19:49:38.032,0.80048,0.80079,2.10,1.38
2014.04.23 19:49:38.233,0.80049,0.80077,2.10,2.63
2014.04.23 19:49:38.333,0.80047,0.80073,1.60,1.38
2014.04.23 19:49:38.384,0.80052,0.80077,1.00,2.63
2014.04.23 19:49:38.434,0.80052,0.80077,1.60,2.03
2014.04.23 19:49:38.771,0.80049,0.80074,2.10,1.38
2014.04.23 19:49:43.134,0.80051,0.80074,1.00,1.73
2014.04.23 19:49:43.442,0.80047,0.80073,1.38,1.98
2014.04.23 19:49:45.163,0.80052,0.80076,1.00,2.48
2014.04.23 19:49:45.214,0.80052,0.80076,1.00,2.48
2014.04.23 19:49:45.415,0.80051,0.80074,1.35,1.38
2014.04.23 19:49:45.566,0.80051,0.80079,1.73,1.98
2014.04.23 19:49:45.666,0.80052,0.80073,1.00,1.38
2014.04.23 19:49:50.222,0.80046,0.80074,3.38,1.98
2014.04.23 19:49:50.296,0.80046,0.80074,3.38,1.98
2014.04.23 19:49:53.023,0.80046,0.80074,1.73,1.98
2014.04.23 19:49:59.121,0.80047,0.80078,1.73,1.38
2014.04.23 19:50:00.169,0.80047,0.80073,1.00,1.73
2014.04.23 19:50:00.320,0.80047,0.80073,1.98,1.38
2014.04.23 19:50:02.166,0.80046,0.80079,3.38,3.38
2014.04.23 19:50:17.904,0.80048,0.80074,2.03,1.38
2014.04.23 19:50:18.004,0.80047,0.80074,2.03,1.38
2014.04.23 19:50:51.562,0.80048,0.80078,2.03,1.98
2014.04.23 19:51:01.028,0.80048,0.80078,2.03,1.98
2014.04.23 19:51:07.020,0.80048,0.80074,2.03,1.38
2014.04.23 19:51:07.121,0.80052,0.80079,2.03,1.38
2014.04.23 19:51:07.222,0.80055,0.80079,1.30,1.38
2014.04.23 19:51:07.423,0.80052,0.80084,2.63,1.38
2014.04.23 19:51:25.542,0.80055,0.80078,1.30,1.38
2014.04.23 19:52:01.782,0.80053,0.80078,2.63,1.38
2014.04.23 19:52:12.390,0.80047,0.80081,2.03,2.63
2014.04.23 19:52:12.570,0.80045,0.80074,2.03,1.38
2014.04.23 19:52:12.677,0.80045,0.80074,2.03,1.38
2014.04.23 19:52:16.054,0.80045,0.80074,2.03,1.38
2014.04.23 19:52:46.366,0.80044,0.80074,2.63,1.38
2014.04.23 19:52:46.715,0.8005,0.80074,2.03,1.00
2014.04.23 19:52:46.865,0.80053,0.80084,2.63,1.38
2014.04.23 19:52:46.916,0.80053,0.80084,2.63,1.38
2014.04.23 19:52:53.099,0.80053,0.80084,2.63,1.38
2014.04.23 19:52:53.149,0.80052,0.80083,2.63,2.03
2014.04.23 19:52:55.600,0.80053,0.80083,1.30,2.03
2014.04.23 19:52:55.751,0.80051,0.80081,1.98,2.03
2014.04.23 19:52:59.761,0.80052,0.80083,1.98,1.38
2014.04.23 19:53:00.488,0.80052,0.80083,1.98,1.38
2014.04.23 19:53:03.506,0.80053,0.80082,1.30,2.03
2014.04.23 19:53:12.567,0.80053,0.80083,1.30,2.78
2014.04.23 19:53:15.319,0.80051,0.80079,3.38,1.73
2014.04.23 19:53:15.940,0.8005,0.80074,2.48,1.00
2014.04.23 19:53:16.273,0.80052,0.80073,1.73,1.38
2014.04.23 19:53:19.417,0.8005,0.80073,2.48,1.00
2014.04.23 19:53:19.961,0.8005,0.80073,4.13,1.00
2014.04.23 19:53:21.860,0.80052,0.80078,1.98,1.38
2014.04.23 19:53:32.069,0.80052,0.80073,1.98,1.00
2014.04.23 19:53:32.948,0.80051,0.80079,1.98,1.73
2014.04.23 19:53:36.798,0.8005,0.80073,4.13,1.00
2014.04.23 19:53:37.301,0.8005,0.80073,4.13,1.38
2014.04.23 19:53:39.398,0.8005,0.80073,2.48,1.38
2014.04.23 19:53:39.904,0.8005,0.80073,2.48,1.00
2014.04.23 19:53:40.431,0.80053,0.80073,1.30,1.38
2014.04.23 19:53:41.092,0.8005,0.80073,2.48,1.00
2014.04.23 19:53:41.471,0.8005,0.80073,2.48,1.38
2014.04.23 19:53:42.462,0.8005,0.80073,2.48,1.00
2014.04.23 19:53:42.893,0.8005,0.80073,2.48,1.38
2014.04.23 19:53:43.511,0.8005,0.80073,2.48,1.38
2014.04.23 19:53:45.446,0.80053,0.80073,1.30,1.38
2014.04.23 19:53:47.743,0.80053,0.80073,1.30,1.00
2014.04.23 19:53:47.798,0.80053,0.80078,1.30,1.73
2014.04.23 19:53:47.959,0.80052,0.80078,1.73,1.73
2014.04.23 19:53:48.939,0.80052,0.80078,1.73,1.73
2014.04.23 19:53:49.340,0.8005,0.80074,4.13,1.00
2014.04.23 19:53:49.673,0.80051,0.80079,1.98,1.98
2014.04.23 19:53:58.394,0.80053,0.80073,1.30,1.13
2014.04.23 19:53:59.374,0.80051,0.80079,1.98,1.98
2014.04.23 19:54:01.706,0.80051,0.80079,1.98,1.98
2014.04.23 19:54:02.215,0.80051,0.80079,1.98,1.98
2014.04.23 19:54:02.545,0.80051,0.80079,1.98,1.98
2014.04.23 19:54:02.696,0.80051,0.80079,1.98,1.98
2014.04.23 19:54:02.928,0.80051,0.80079,1.98,1.98
2014.04.23 19:54:03.624,0.80051,0.80079,1.98,1.98
2014.04.23 19:54:05.916,0.80051,0.80079,1.98,1.98
2014.04.23 19:54:06.508,0.80052,0.80073,1.98,1.00
2014.04.23 19:54:06.575,0.80052,0.80073,1.98,1.00
2014.04.23 19:54:07.168,0.8005,0.80074,4.13,1.00
2014.04.23 19:54:09.582,0.8005,0.80079,4.13,1.38
2014.04.23 19:54:10.143,0.8005,0.80079,4.13,1.38
2014.04.23 19:54:10.401,0.8005,0.80079,2.63,1.38
2014.04.23 19:54:11.478,0.8005,0.80079,2.48,1.38
2014.04.23 19:54:12.871,0.80054,0.80079,1.30,1.38
2014.04.23 19:54:28.577,0.80048,0.80079,2.63,1.38
2014.04.23 19:55:00.270,0.80049,0.80079,2.03,1.38
2014.04.23 19:55:01.282,0.80049,0.80079,2.03,1.38
2014.04.23 19:55:03.982,0.80052,0.80081,1.38,2.63
2014.04.23 19:55:10.830,0.80052,0.80079,2.48,1.38
2014.04.23 19:55:11.159,0.80055,0.80084,2.48,1.38
2014.04.23 19:55:11.693,0.80058,0.80086,1.30,2.03
2014.04.23 19:55:17.319,0.80055,0.80083,4.13,1.38
2014.04.23 19:55:17.849,0.8005,0.80078,2.63,1.38
2014.04.23 19:55:17.900,0.8005,0.80078,2.63,1.38
2014.04.23 19:55:32.396,0.80052,0.80079,1.65,1.38
2014.04.23 19:55:32.952,0.80049,0.80079,2.63,1.38
2014.04.23 19:55:33.474,0.80049,0.80079,2.63,1.38
2014.04.23 19:55:34.137,0.80049,0.80079,2.63,1.38
2014.04.23 19:55:35.036,0.80047,0.80079,2.03,1.38
2014.04.23 19:55:40.749,0.8005,0.80079,2.03,1.38
2014.04.23 19:55:41.851,0.80051,0.80079,1.98,1.38
2014.04.23 19:55:54.183,0.80051,0.80079,3.23,1.38
2014.04.23 19:56:07.057,0.80049,0.80079,2.63,1.38
2014.04.23 19:56:13.782,0.80049,0.80079,2.63,1.38
2014.04.23 19:56:16.504,0.80049,0.80079,2.63,1.38
2014.04.23 19:56:18.333,0.80049,0.80079,2.63,1.38
2014.04.23 19:56:18.890,0.80049,0.80079,2.63,1.38
2014.04.23 19:56:24.810,0.80049,0.80073,2.63,1.00
2014.04.23 19:56:24.860,0.80049,0.80073,2.03,1.00
2014.04.23 19:56:25.438,0.80048,0.80073,2.63,1.13
2014.04.23 19:56:45.818,0.8005,0.80078,2.03,1.38
2014.04.23 19:56:49.608,0.8005,0.80078,2.03,1.38
2014.04.23 19:57:05.409,0.80052,0.80078,1.98,1.38
2014.04.23 19:57:11.389,0.80052,0.80078,1.98,1.38
2014.04.23 19:57:29.390,0.80052,0.80078,4.88,1.38
2014.04.23 19:57:37.459,0.80054,0.80078,2.48,1.38
2014.04.23 19:57:56.048,0.80056,0.80085,2.10,4.13
2014.04.23 19:57:56.199,0.80055,0.80085,1.30,4.13
2014.04.23 19:58:02.169,0.80052,0.80085,2.48,4.13
2014.04.23 19:58:11.447,0.80057,0.80085,2.48,2.03
2014.04.23 19:58:11.651,0.80057,0.80083,3.23,1.38
2014.04.23 19:58:11.702,0.80059,0.80083,2.10,1.38
2014.04.23 19:58:17.506,0.80057,0.80083,1.38,1.98
2014.04.23 19:58:17.557,0.80057,0.80083,1.13,1.98
2014.04.23 19:58:18.102,0.80055,0.80078,2.48,1.13
2014.04.23 19:58:20.146,0.80052,0.80078,3.38,1.38
2014.04.23 19:58:22.642,0.80052,0.80078,3.38,1.38
2014.04.23 19:58:30.241,0.80052,0.80078,3.38,1.38
2014.04.23 19:58:30.292,0.80057,0.80078,2.10,1.38
2014.04.23 19:58:57.914,0.80057,0.80083,3.23,1.38
2014.04.23 19:58:58.109,0.80061,0.80083,2.10,1.38
2014.04.23 19:58:58.195,0.80057,0.80083,3.23,1.38
2014.04.23 19:58:58.439,0.8006,0.80083,2.10,1.38
2014.04.23 19:59:00.154,0.8006,0.80079,2.10,1.38
2014.04.23 19:59:04.900,0.8006,0.80083,2.10,1.38
2014.04.23 19:59:07.731,0.8006,0.80083,2.10,1.38
2014.04.23 19:59:12.448,0.8006,0.80083,2.10,1.38
2014.04.23 19:59:13.163,0.8006,0.80083,2.10,1.38
2014.04.23 19:59:14.678,0.8006,0.80083,2.10,1.38
2014.04.23 19:59:22.247,0.8006,0.80083,2.10,1.38
2014.04.23 19:59:22.812,0.8006,0.80083,2.48,1.38
2014.04.23 19:59:27.154,0.8006,0.80083,2.10,1.38
2014.04.23 19:59:28.336,0.8006,0.80083,2.10,1.38
2014.04.23 19:59:32.992,0.8006,0.80083,2.10,1.38
2014.04.23 19:59:34.905,0.8006,0.80083,2.10,1.38
2014.04.23 19:59:35.006,0.8006,0.80083,2.10,1.38
2014.04.23 19:59:43.422,0.8006,0.80083,2.48,1.38
2014.04.23 19:59:44.648,0.8006,0.80083,2.48,1.38
2014.04.23 19:59:44.724,0.80057,0.80083,3.23,1.38
2014.04.23 19:59:44.955,0.80057,0.80083,3.23,1.38
2014.04.23 19:59:46.387,0.80057,0.80078,2.48,1.00
2014.04.23 19:59:46.488,0.80055,0.80078,2.03,1.13
2014.04.23 19:59:47.054,0.80057,0.80078,1.00,1.13
2014.04.23 19:59:49.928,0.80053,0.80078,2.63,1.13
2014.04.23 19:59:50.590,0.80052,0.80078,2.78,1.38
2014.04.23 19:59:51.129,0.80057,0.80078,1.00,1.38
2014.04.23 19:59:51.679,0.80057,0.80078,1.00,1.13
2014.04.23 19:59:53.035,0.80054,0.80078,2.03,1.13
2014.04.23 19:59:56.380,0.80054,0.80078,2.03,1.38
2014.04.23 19:59:57.193,0.80054,0.80078,2.03,1.38
2014.04.23 19:59:57.568,0.80054,0.80078,2.03,1.38
2014.04.23 19:59:57.902,0.80057,0.80085,1.13,2.03
2014.04.23 19:59:58.116,0.80057,0.80088,1.00,2.78
2014.04.23 19:59:58.792,0.80053,0.80084,2.03,3.38
2014.04.23 19:59:59.228,0.80057,0.80083,1.38,1.38
