2016.02.17 08:00:00.276,0.71118,0.71146,1.00,1.00
2016.02.17 08:00:00.383,0.71116,0.71145,1.00,1.00
2016.02.17 08:00:00.484,0.71117,0.71141,1.00,1.00
2016.02.17 08:00:00.700,0.71117,0.71145,1.00,1.00
2016.02.17 08:00:01.160,0.71119,0.71145,1.00,1.00
2016.02.17 08:00:01.758,0.7112,0.71145,1.00,1.00
2016.02.17 08:00:02.711,0.71117,0.71145,1.00,1.00
2016.02.17 08:00:03.048,0.7111,0.71138,1.00,1.00
2016.02.17 08:00:03.633,0.71109,0.71138,1.00,1.00
2016.02.17 08:00:04.183,0.7111,0.71138,1.00,1.00
2016.02.17 08:00:04.455,0.7111,0.71141,2.00,1.00
2016.02.17 08:00:04.513,0.71115,0.71141,1.00,1.00
2016.02.17 08:00:04.573,0.71115,0.71143,1.00,1.00
2016.02.17 08:00:04.722,0.71118,0.71147,1.00,1.00
2016.02.17 08:00:04.823,0.71115,0.71146,2.00,1.00
2016.02.17 08:00:04.923,0.71117,0.71146,1.00,1.00
2016.02.17 08:00:05.224,0.7112,0.71149,1.00,1.00
2016.02.17 08:00:05.544,0.71123,0.71152,1.00,1.00
2016.02.17 08:00:06.763,0.71122,0.71151,1.00,1.00
2016.02.17 08:00:07.091,0.71119,0.7115,1.00,2.00
2016.02.17 08:00:07.203,0.71117,0.71148,1.00,1.00
2016.02.17 08:00:07.506,0.71117,0.71146,1.00,1.00
2016.02.17 08:00:07.919,0.71115,0.71144,1.00,1.00
2016.02.17 08:00:08.451,0.71114,0.71143,1.00,1.00
2016.02.17 08:00:08.977,0.71115,0.71144,1.00,1.00
2016.02.17 08:00:09.492,0.71114,0.71143,1.00,1.00
2016.02.17 08:00:11.602,0.71115,0.71144,1.00,1.00
2016.02.17 08:00:12.201,0.71119,0.71145,1.00,1.00
2016.02.17 08:00:12.251,0.71119,0.71148,1.00,1.00
2016.02.17 08:00:12.653,0.71119,0.71145,1.00,1.00
2016.02.17 08:00:13.197,0.71119,0.71146,1.00,1.00
2016.02.17 08:00:13.678,0.71119,0.71148,1.00,1.00
2016.02.17 08:00:13.728,0.71121,0.7115,1.00,2.00
2016.02.17 08:00:15.081,0.71123,0.7115,1.00,1.00
2016.02.17 08:00:15.731,0.71123,0.71151,1.00,1.00
2016.02.17 08:00:16.503,0.71124,0.7115,1.00,1.00
2016.02.17 08:00:17.112,0.71125,0.7115,1.00,1.00
2016.02.17 08:00:17.670,0.71124,0.7115,1.00,1.00
2016.02.17 08:00:18.198,0.71124,0.71151,1.00,1.00
2016.02.17 08:00:18.541,0.71118,0.71146,1.00,1.00
2016.02.17 08:00:18.592,0.7112,0.71146,1.00,1.00
2016.02.17 08:00:19.101,0.71121,0.71145,1.00,1.00
2016.02.17 08:00:19.663,0.71118,0.71146,1.00,1.00
2016.02.17 08:00:19.714,0.71118,0.7114,1.00,1.00
2016.02.17 08:00:19.899,0.71116,0.7114,1.00,1.00
2016.02.17 08:00:20.142,0.71119,0.7114,1.00,1.00
2016.02.17 08:00:20.473,0.71119,0.71145,1.00,1.00
2016.02.17 08:00:21.132,0.71119,0.7114,1.00,1.00
2016.02.17 08:00:21.243,0.71118,0.71145,1.00,1.00
2016.02.17 08:00:21.352,0.71116,0.71145,1.00,2.00
2016.02.17 08:00:22.011,0.71116,0.71141,1.00,1.00
2016.02.17 08:00:22.281,0.71114,0.7114,1.00,1.00
2016.02.17 08:00:22.783,0.71113,0.7114,1.00,1.00
2016.02.17 08:00:23.663,0.71113,0.71141,1.00,1.00
2016.02.17 08:00:24.670,0.71113,0.7114,1.00,1.00
2016.02.17 08:00:25.220,0.71115,0.7114,1.00,1.00
2016.02.17 08:00:25.752,0.71115,0.71141,1.00,1.00
2016.02.17 08:00:26.023,0.71113,0.7114,1.00,1.00
2016.02.17 08:00:26.963,0.71113,0.71135,1.00,1.00
2016.02.17 08:00:27.072,0.71113,0.7114,1.00,1.00
2016.02.17 08:00:27.557,0.71113,0.71135,1.00,1.00
2016.02.17 08:00:28.338,0.71101,0.7113,1.00,1.00
2016.02.17 08:00:28.518,0.71099,0.71128,1.00,1.00
2016.02.17 08:00:28.618,0.71096,0.71127,1.00,1.00
2016.02.17 08:00:29.441,0.71095,0.71126,1.00,1.00
2016.02.17 08:00:30.161,0.71095,0.71124,1.00,1.00
2016.02.17 08:00:31.742,0.71095,0.71126,1.00,1.00
2016.02.17 08:00:32.022,0.71097,0.71126,1.00,1.00
2016.02.17 08:00:32.352,0.711,0.71128,1.00,1.00
2016.02.17 08:00:32.556,0.71102,0.71131,1.00,1.00
2016.02.17 08:00:32.612,0.71105,0.71132,1.00,1.00
2016.02.17 08:00:32.816,0.71105,0.71134,2.00,1.00
2016.02.17 08:00:34.003,0.71106,0.71135,1.00,1.00
2016.02.17 08:00:34.112,0.71109,0.71135,1.00,1.00
2016.02.17 08:00:34.550,0.71109,0.71138,2.00,1.00
2016.02.17 08:00:35.105,0.7111,0.71138,1.00,1.00
2016.02.17 08:00:35.651,0.71109,0.71138,2.00,1.00
2016.02.17 08:00:36.201,0.7111,0.71138,1.00,1.00
2016.02.17 08:00:36.970,0.71109,0.71138,2.00,1.00
2016.02.17 08:00:37.507,0.7111,0.71138,1.00,1.00
2016.02.17 08:00:37.560,0.7111,0.71141,2.00,1.00
2016.02.17 08:00:37.841,0.7111,0.71139,2.00,1.00
2016.02.17 08:00:38.468,0.7111,0.71138,1.00,1.00
2016.02.17 08:00:39.721,0.71109,0.71138,1.00,1.00
2016.02.17 08:00:40.713,0.71106,0.71135,1.00,1.00
2016.02.17 08:00:41.704,0.7111,0.71135,1.00,1.00
2016.02.17 08:00:42.033,0.71114,0.71136,1.00,1.00
2016.02.17 08:00:42.671,0.71115,0.71137,1.00,1.00
2016.02.17 08:00:42.721,0.7111,0.71137,1.00,1.00
2016.02.17 08:00:42.851,0.7111,0.71135,1.00,1.00
2016.02.17 08:00:43.570,0.7111,0.71136,1.00,1.00
2016.02.17 08:00:43.681,0.71105,0.71134,1.00,1.00
2016.02.17 08:00:44.228,0.71105,0.71133,1.00,1.00
2016.02.17 08:00:44.531,0.71105,0.71136,2.00,1.00
2016.02.17 08:00:44.780,0.71105,0.71134,2.00,1.00
2016.02.17 08:00:46.192,0.71105,0.71131,1.00,1.00
2016.02.17 08:00:46.342,0.711,0.71128,1.00,1.00
2016.02.17 08:00:46.702,0.71095,0.71124,2.00,1.00
2016.02.17 08:00:46.811,0.71095,0.71122,1.00,1.00
2016.02.17 08:00:47.252,0.71095,0.71124,2.00,1.00
2016.02.17 08:00:48.808,0.711,0.71124,1.00,1.00
2016.02.17 08:00:49.292,0.71096,0.71125,1.00,1.00
2016.02.17 08:00:49.869,0.711,0.71125,1.00,1.00
2016.02.17 08:00:50.551,0.711,0.71124,1.00,1.00
2016.02.17 08:00:50.833,0.71095,0.71124,2.00,1.00
2016.02.17 08:00:51.192,0.711,0.71125,1.00,1.00
2016.02.17 08:00:52.263,0.71099,0.71125,1.00,1.00
2016.02.17 08:00:52.500,0.71095,0.71125,1.00,1.00
2016.02.17 08:00:52.812,0.71094,0.71122,1.00,1.00
2016.02.17 08:00:53.326,0.71095,0.71122,1.00,1.00
2016.02.17 08:00:54.023,0.71094,0.71122,1.00,1.00
2016.02.17 08:00:54.261,0.71095,0.71124,2.00,1.00
2016.02.17 08:00:56.661,0.71096,0.71125,1.00,1.00
2016.02.17 08:00:57.680,0.71097,0.71126,1.00,1.00
2016.02.17 08:00:58.041,0.71095,0.71125,1.00,1.00
2016.02.17 08:00:58.626,0.71095,0.71123,1.00,1.00
2016.02.17 08:01:00.621,0.71095,0.71121,1.00,1.00
2016.02.17 08:01:00.671,0.71092,0.71121,1.00,1.00
2016.02.17 08:01:00.722,0.7109,0.71121,2.00,1.00
2016.02.17 08:01:01.449,0.71089,0.7112,2.00,1.00
2016.02.17 08:01:01.761,0.71091,0.7112,1.00,1.00
2016.02.17 08:01:02.381,0.71089,0.71118,2.00,1.00
2016.02.17 08:01:02.768,0.71085,0.71114,2.00,1.00
2016.02.17 08:01:03.093,0.7109,0.71114,1.00,1.00
2016.02.17 08:01:03.154,0.71085,0.71114,2.00,1.00
2016.02.17 08:01:03.441,0.71085,0.71116,2.00,1.00
2016.02.17 08:01:03.491,0.7109,0.71116,1.00,1.00
2016.02.17 08:01:03.611,0.71085,0.71116,1.00,1.00
2016.02.17 08:01:04.032,0.7109,0.71116,1.00,1.00
2016.02.17 08:01:04.251,0.71089,0.71118,2.00,1.00
2016.02.17 08:01:04.301,0.71095,0.71119,1.00,1.00
2016.02.17 08:01:04.583,0.7109,0.71119,2.00,1.00
2016.02.17 08:01:05.190,0.71091,0.7112,1.00,1.00
2016.02.17 08:01:05.858,0.71095,0.7112,1.00,1.00
2016.02.17 08:01:06.283,0.71095,0.71122,1.00,1.00
2016.02.17 08:01:06.453,0.71099,0.71123,1.00,1.00
2016.02.17 08:01:06.580,0.71099,0.71125,1.00,1.00
2016.02.17 08:01:06.822,0.71097,0.71128,1.00,1.00
2016.02.17 08:01:06.873,0.71097,0.71126,1.00,1.00
2016.02.17 08:01:07.224,0.71095,0.71124,2.00,1.00
2016.02.17 08:01:07.559,0.71099,0.71124,1.00,1.00
2016.02.17 08:01:07.706,0.71095,0.71124,1.00,1.00
2016.02.17 08:01:08.101,0.71099,0.71124,1.00,1.00
2016.02.17 08:01:08.726,0.711,0.71125,1.00,1.00
2016.02.17 08:01:09.201,0.71096,0.71125,1.00,1.00
2016.02.17 08:01:09.703,0.71095,0.71124,2.00,1.00
2016.02.17 08:01:12.410,0.71096,0.71125,1.00,1.00
2016.02.17 08:01:14.481,0.71095,0.71124,2.00,1.00
2016.02.17 08:01:16.789,0.71094,0.71123,1.00,1.00
2016.02.17 08:01:16.840,0.71092,0.71121,1.00,1.00
2016.02.17 08:01:17.298,0.7109,0.71119,2.00,1.00
2016.02.17 08:01:17.940,0.7109,0.71118,1.00,1.00
2016.02.17 08:01:18.451,0.71089,0.71117,1.00,1.00
2016.02.17 08:01:18.593,0.71092,0.71121,1.00,1.00
2016.02.17 08:01:18.743,0.71095,0.71122,1.00,1.00
2016.02.17 08:01:19.284,0.71094,0.71122,1.00,1.00
2016.02.17 08:01:19.711,0.711,0.71123,1.00,1.00
2016.02.17 08:01:20.042,0.71095,0.71123,1.00,1.00
2016.02.17 08:01:20.419,0.71095,0.71125,1.00,1.00
2016.02.17 08:01:20.529,0.711,0.71125,1.00,1.00
2016.02.17 08:01:21.409,0.711,0.71126,1.00,1.00
2016.02.17 08:01:21.631,0.71101,0.7113,1.00,1.00
2016.02.17 08:01:21.732,0.71105,0.71133,1.00,1.00
2016.02.17 08:01:21.954,0.7111,0.71139,2.00,1.00
2016.02.17 08:01:22.460,0.71111,0.7114,1.00,1.00
2016.02.17 08:01:22.621,0.7111,0.71138,1.00,1.00
2016.02.17 08:01:22.905,0.71107,0.71136,1.00,1.00
2016.02.17 08:01:23.010,0.7111,0.71137,1.00,1.00
2016.02.17 08:01:23.212,0.71115,0.71143,1.00,1.00
2016.02.17 08:01:23.267,0.71112,0.71143,1.00,1.00
2016.02.17 08:01:23.390,0.71115,0.71143,1.00,1.00
2016.02.17 08:01:23.440,0.71115,0.71145,1.00,1.00
2016.02.17 08:01:23.660,0.71113,0.71142,1.00,1.00
2016.02.17 08:01:24.272,0.7111,0.71139,2.00,1.00
2016.02.17 08:01:25.071,0.71113,0.71142,1.00,1.00
2016.02.17 08:01:25.415,0.7111,0.71141,2.00,1.00
2016.02.17 08:01:26.047,0.71112,0.71143,1.00,1.00
2016.02.17 08:01:26.639,0.71115,0.71143,1.00,1.00
2016.02.17 08:01:26.961,0.71117,0.71146,1.00,1.00
2016.02.17 08:01:27.117,0.71119,0.71146,1.00,1.00
2016.02.17 08:01:27.980,0.7112,0.71148,1.00,1.00
2016.02.17 08:01:28.292,0.71124,0.71148,1.00,1.00
2016.02.17 08:01:28.562,0.71125,0.71152,1.00,1.00
2016.02.17 08:01:28.613,0.71125,0.71154,2.00,1.00
2016.02.17 08:01:29.270,0.71127,0.71156,1.00,1.00
2016.02.17 08:01:29.902,0.71129,0.71158,1.00,1.00
2016.02.17 08:01:30.371,0.71129,0.71156,1.00,1.00
2016.02.17 08:01:30.421,0.71126,0.71155,1.00,1.00
2016.02.17 08:01:30.761,0.7113,0.71157,1.00,1.00
2016.02.17 08:01:31.309,0.71129,0.71157,1.00,1.00
2016.02.17 08:01:31.360,0.71129,0.7116,2.00,1.00
2016.02.17 08:01:31.921,0.71135,0.7116,1.00,1.00
2016.02.17 08:01:32.511,0.71135,0.71161,1.00,1.00
2016.02.17 08:01:33.432,0.71135,0.7116,1.00,1.00
2016.02.17 08:01:33.569,0.71131,0.7116,1.00,1.00
2016.02.17 08:01:34.380,0.7113,0.71158,1.00,1.00
2016.02.17 08:01:35.251,0.71129,0.71158,1.00,1.00
2016.02.17 08:01:35.370,0.71127,0.71158,1.00,1.00
2016.02.17 08:01:35.482,0.71125,0.71156,2.00,1.00
2016.02.17 08:01:36.080,0.71125,0.71154,2.00,1.00
2016.02.17 08:01:36.410,0.71127,0.71156,1.00,1.00
2016.02.17 08:01:37.461,0.71127,0.71158,1.00,1.00
2016.02.17 08:01:39.141,0.71127,0.71156,1.00,1.00
2016.02.17 08:01:39.470,0.71125,0.71154,2.00,1.00
2016.02.17 08:01:40.133,0.71123,0.71152,1.00,1.00
2016.02.17 08:01:40.521,0.71125,0.71151,1.00,1.00
2016.02.17 08:01:40.962,0.71122,0.71151,1.00,1.00
2016.02.17 08:01:41.071,0.71124,0.71151,1.00,1.00
2016.02.17 08:01:42.169,0.71125,0.71151,1.00,1.00
2016.02.17 08:01:43.761,0.71125,0.71153,1.00,1.00
2016.02.17 08:01:43.918,0.71125,0.71155,1.00,2.00
2016.02.17 08:01:44.281,0.7113,0.71155,1.00,1.00
2016.02.17 08:01:44.331,0.7113,0.71157,1.00,1.00
2016.02.17 08:01:44.900,0.7113,0.71159,1.00,1.00
2016.02.17 08:01:48.440,0.71128,0.71159,1.00,1.00
2016.02.17 08:01:48.490,0.7113,0.71159,1.00,1.00
2016.02.17 08:01:48.662,0.71128,0.71159,1.00,1.00
2016.02.17 08:01:48.712,0.71125,0.71156,2.00,1.00
2016.02.17 08:01:49.045,0.71125,0.71154,1.00,1.00
2016.02.17 08:01:49.450,0.71124,0.71152,1.00,1.00
2016.02.17 08:01:49.989,0.71125,0.71152,1.00,1.00
2016.02.17 08:01:51.130,0.71125,0.7115,1.00,1.00
2016.02.17 08:01:51.189,0.71121,0.7115,1.00,1.00
2016.02.17 08:01:51.412,0.71125,0.7115,1.00,1.00
2016.02.17 08:01:51.973,0.71121,0.7115,1.00,1.00
2016.02.17 08:01:52.091,0.71125,0.7115,1.00,1.00
2016.02.17 08:01:52.191,0.71125,0.71152,1.00,1.00
2016.02.17 08:01:52.435,0.7113,0.71154,1.00,1.00
2016.02.17 08:01:52.667,0.7113,0.71157,1.00,1.00
2016.02.17 08:01:53.172,0.7113,0.71158,1.00,1.00
2016.02.17 08:01:53.818,0.7113,0.71157,1.00,1.00
2016.02.17 08:01:54.070,0.71128,0.71157,1.00,1.00
2016.02.17 08:01:54.711,0.7113,0.71156,1.00,1.00
2016.02.17 08:01:54.929,0.71127,0.71156,1.00,1.00
2016.02.17 08:01:55.370,0.71129,0.71156,1.00,1.00
2016.02.17 08:01:55.880,0.7113,0.71157,1.00,1.00
2016.02.17 08:01:56.711,0.71129,0.71157,1.00,1.00
2016.02.17 08:01:57.681,0.7113,0.71157,1.00,1.00
2016.02.17 08:01:58.779,0.71129,0.71157,1.00,1.00
2016.02.17 08:01:59.301,0.7113,0.71157,1.00,1.00
2016.02.17 08:01:59.402,0.7113,0.71159,1.00,1.00
2016.02.17 08:01:59.502,0.71133,0.71162,1.00,1.00
2016.02.17 08:01:59.803,0.71135,0.71163,1.00,1.00
2016.02.17 08:02:00.869,0.71134,0.71163,1.00,1.00
2016.02.17 08:02:01.141,0.7113,0.71161,2.00,1.00
2016.02.17 08:02:01.288,0.7113,0.71158,1.00,1.00
2016.02.17 08:02:02.223,0.71127,0.71156,1.00,1.00
2016.02.17 08:02:03.511,0.7113,0.71156,1.00,1.00
2016.02.17 08:02:04.140,0.7113,0.71158,1.00,1.00
2016.02.17 08:02:05.179,0.71131,0.71162,1.00,1.00
2016.02.17 08:02:06.000,0.71131,0.7116,1.00,1.00
2016.02.17 08:02:06.373,0.71135,0.71161,1.00,1.00
2016.02.17 08:02:06.423,0.71135,0.71163,1.00,1.00
2016.02.17 08:02:07.249,0.71134,0.71163,1.00,1.00
2016.02.17 08:02:07.929,0.71135,0.71164,2.00,1.00
2016.02.17 08:02:08.131,0.71139,0.71164,1.00,1.00
2016.02.17 08:02:08.351,0.71136,0.71165,1.00,1.00
2016.02.17 08:02:09.060,0.71135,0.71165,1.00,1.00
2016.02.17 08:02:09.469,0.71137,0.71166,1.00,1.00
2016.02.17 08:02:10.110,0.71136,0.71165,1.00,1.00
2016.02.17 08:02:12.200,0.71135,0.71163,1.00,1.00
2016.02.17 08:02:12.830,0.71134,0.71163,1.00,1.00
2016.02.17 08:02:13.374,0.71135,0.71163,1.00,1.00
2016.02.17 08:02:13.912,0.71134,0.71163,1.00,1.00
2016.02.17 08:02:13.962,0.71132,0.71163,1.00,1.00
2016.02.17 08:02:14.839,0.71134,0.71163,1.00,1.00
2016.02.17 08:02:16.269,0.71135,0.71163,1.00,1.00
2016.02.17 08:02:18.412,0.71135,0.71164,2.00,1.00
2016.02.17 08:02:19.479,0.7114,0.71165,1.00,1.00
2016.02.17 08:02:19.727,0.71136,0.71165,1.00,1.00
2016.02.17 08:02:20.831,0.71135,0.71164,1.00,1.00
2016.02.17 08:02:21.080,0.71135,0.71162,1.00,1.00
2016.02.17 08:02:22.076,0.71135,0.71161,1.00,1.00
2016.02.17 08:02:23.780,0.71135,0.7116,1.00,1.00
2016.02.17 08:02:23.961,0.71135,0.71162,1.00,1.00
2016.02.17 08:02:24.139,0.71135,0.71164,2.00,1.00
2016.02.17 08:02:24.190,0.7114,0.71164,1.00,1.00
2016.02.17 08:02:24.240,0.7114,0.71167,1.00,1.00
2016.02.17 08:02:24.510,0.7114,0.71164,1.00,1.00
2016.02.17 08:02:24.740,0.71135,0.71164,1.00,1.00
2016.02.17 08:02:25.340,0.71135,0.71166,1.00,1.00
2016.02.17 08:02:25.519,0.71135,0.71164,1.00,1.00
2016.02.17 08:02:26.169,0.71139,0.71165,1.00,1.00
2016.02.17 08:02:26.280,0.71136,0.71165,1.00,1.00
2016.02.17 08:02:26.519,0.71135,0.71162,1.00,1.00
2016.02.17 08:02:27.066,0.71135,0.71161,1.00,1.00
2016.02.17 08:02:27.611,0.71132,0.71161,1.00,1.00
2016.02.17 08:02:27.982,0.71129,0.71157,1.00,1.00
2016.02.17 08:02:28.292,0.7112,0.71149,2.00,1.00
2016.02.17 08:02:28.618,0.71124,0.71149,1.00,1.00
2016.02.17 08:02:28.669,0.71124,0.71151,1.00,1.00
2016.02.17 08:02:30.149,0.71119,0.71148,2.00,1.00
2016.02.17 08:02:30.199,0.71119,0.71145,1.00,1.00
2016.02.17 08:02:30.848,0.7112,0.71145,1.00,1.00
2016.02.17 08:02:30.999,0.7112,0.71148,1.00,1.00
2016.02.17 08:02:31.779,0.71125,0.71149,1.00,1.00
2016.02.17 08:02:32.001,0.7112,0.71149,2.00,1.00
2016.02.17 08:02:32.239,0.71124,0.71149,1.00,1.00
2016.02.17 08:02:32.290,0.71124,0.71151,1.00,1.00
2016.02.17 08:02:32.814,0.71125,0.71152,1.00,1.00
2016.02.17 08:02:33.450,0.71123,0.71152,1.00,1.00
2016.02.17 08:02:33.508,0.7112,0.71148,1.00,1.00
2016.02.17 08:02:33.724,0.71111,0.7114,1.00,1.00
2016.02.17 08:02:33.775,0.71109,0.71138,1.00,1.00
2016.02.17 08:02:33.875,0.71105,0.71136,1.00,1.00
2016.02.17 08:02:34.026,0.71105,0.71134,1.00,1.00
2016.02.17 08:02:34.495,0.7111,0.71139,1.00,1.00
2016.02.17 08:02:34.939,0.71115,0.71139,1.00,1.00
2016.02.17 08:02:35.273,0.7111,0.71139,2.00,1.00
2016.02.17 08:02:35.870,0.71109,0.71139,1.00,1.00
2016.02.17 08:02:36.120,0.7111,0.71137,1.00,1.00
2016.02.17 08:02:36.463,0.7111,0.71139,2.00,1.00
2016.02.17 08:02:36.798,0.7111,0.71136,1.00,1.00
2016.02.17 08:02:37.181,0.71109,0.71138,1.00,1.00
2016.02.17 08:02:37.734,0.7111,0.71137,1.00,1.00
2016.02.17 08:02:38.487,0.7111,0.71135,1.00,1.00
2016.02.17 08:02:39.132,0.7111,0.71136,1.00,1.00
2016.02.17 08:02:39.642,0.71109,0.71136,1.00,1.00
2016.02.17 08:02:39.743,0.7111,0.71138,1.00,1.00
2016.02.17 08:02:39.900,0.7111,0.71141,2.00,1.00
2016.02.17 08:02:40.088,0.7111,0.71138,1.00,1.00
2016.02.17 08:02:40.819,0.7111,0.71135,1.00,1.00
2016.02.17 08:02:42.724,0.71109,0.71137,1.00,1.00
2016.02.17 08:02:43.301,0.7111,0.71137,1.00,1.00
2016.02.17 08:02:43.689,0.71109,0.71134,1.00,1.00
2016.02.17 08:02:43.901,0.71109,0.71136,1.00,1.00
2016.02.17 08:02:44.011,0.7111,0.71138,1.00,1.00
2016.02.17 08:02:44.749,0.7111,0.71139,2.00,1.00
2016.02.17 08:02:45.120,0.7111,0.71136,1.00,1.00
2016.02.17 08:02:45.391,0.71105,0.71134,1.00,1.00
2016.02.17 08:02:45.441,0.71104,0.71132,1.00,1.00
2016.02.17 08:02:46.429,0.71105,0.71131,1.00,1.00
2016.02.17 08:02:48.280,0.71105,0.71132,1.00,1.00
2016.02.17 08:02:48.528,0.71106,0.71135,1.00,1.00
2016.02.17 08:02:48.660,0.71105,0.71133,1.00,1.00
2016.02.17 08:02:49.783,0.71105,0.71132,1.00,1.00
2016.02.17 08:02:50.171,0.71105,0.71135,1.00,1.00
2016.02.17 08:02:50.231,0.7111,0.71135,1.00,1.00
2016.02.17 08:02:50.560,0.71105,0.71135,1.00,1.00
2016.02.17 08:02:50.640,0.71107,0.71136,1.00,1.00
2016.02.17 08:02:51.269,0.7111,0.71136,1.00,1.00
2016.02.17 08:02:51.658,0.7111,0.71134,1.00,1.00
2016.02.17 08:02:51.973,0.7111,0.71137,1.00,1.00
2016.02.17 08:02:52.023,0.71115,0.71139,1.00,1.00
2016.02.17 08:02:52.180,0.71115,0.71144,1.00,1.00
2016.02.17 08:02:52.764,0.71114,0.71144,1.00,1.00
2016.02.17 08:02:53.004,0.7112,0.71144,1.00,1.00
2016.02.17 08:02:53.055,0.7112,0.71146,1.00,1.00
2016.02.17 08:02:53.105,0.7112,0.71144,1.00,1.00
2016.02.17 08:02:53.301,0.7112,0.71146,1.00,1.00
2016.02.17 08:02:53.791,0.7112,0.71148,1.00,1.00
2016.02.17 08:02:55.288,0.71125,0.71148,1.00,1.00
2016.02.17 08:02:55.565,0.71125,0.71151,1.00,1.00
2016.02.17 08:02:55.668,0.71134,0.71152,1.00,1.00
2016.02.17 08:02:55.769,0.7113,0.71153,1.00,1.00
2016.02.17 08:02:56.438,0.71129,0.71153,1.00,1.00
2016.02.17 08:02:56.670,0.7113,0.71156,1.00,1.00
2016.02.17 08:02:56.878,0.7113,0.71154,1.00,1.00
2016.02.17 08:02:57.098,0.71125,0.71153,1.00,1.00
2016.02.17 08:02:57.151,0.71125,0.71151,1.00,1.00
2016.02.17 08:02:57.648,0.71125,0.71148,1.00,1.00
2016.02.17 08:02:58.017,0.7112,0.71148,1.00,1.00
2016.02.17 08:02:58.650,0.7112,0.71147,1.00,1.00
2016.02.17 08:02:59.097,0.71119,0.71145,1.00,1.00
2016.02.17 08:02:59.717,0.71119,0.71146,1.00,1.00
2016.02.17 08:03:01.231,0.7112,0.71146,1.00,1.00
2016.02.17 08:03:02.455,0.71125,0.71146,1.00,1.00
2016.02.17 08:03:03.510,0.7112,0.71146,1.00,1.00
2016.02.17 08:03:04.180,0.7112,0.71144,1.00,1.00
2016.02.17 08:03:04.358,0.71115,0.71142,1.00,1.00
2016.02.17 08:03:04.682,0.7112,0.71142,1.00,1.00
2016.02.17 08:03:04.784,0.71115,0.71142,1.00,1.00
2016.02.17 08:03:04.987,0.71115,0.7114,1.00,1.00
2016.02.17 08:03:05.412,0.7112,0.71141,1.00,1.00
2016.02.17 08:03:05.489,0.7112,0.71143,1.00,1.00
2016.02.17 08:03:05.590,0.7112,0.71146,1.00,1.00
2016.02.17 08:03:06.119,0.7112,0.71144,1.00,1.00
2016.02.17 08:03:08.666,0.71115,0.71144,2.00,1.00
2016.02.17 08:03:08.840,0.7112,0.71145,1.00,1.00
2016.02.17 08:03:11.430,0.7112,0.71143,1.00,1.00
2016.02.17 08:03:11.838,0.71115,0.71142,1.00,1.00
2016.02.17 08:03:11.909,0.71115,0.7114,1.00,1.00
2016.02.17 08:03:12.567,0.71111,0.7114,1.00,1.00
2016.02.17 08:03:13.048,0.71115,0.7114,1.00,1.00
2016.02.17 08:03:16.741,0.71111,0.7114,1.00,1.00
2016.02.17 08:03:16.899,0.7111,0.71138,1.00,1.00
2016.02.17 08:03:17.449,0.7111,0.71137,1.00,1.00
2016.02.17 08:03:17.951,0.71106,0.71135,1.00,1.00
2016.02.17 08:03:18.169,0.7111,0.71135,1.00,1.00
2016.02.17 08:03:18.611,0.7111,0.71137,1.00,1.00
2016.02.17 08:03:18.661,0.7111,0.71135,1.00,1.00
2016.02.17 08:03:18.711,0.7111,0.71138,1.00,1.00
2016.02.17 08:03:19.769,0.7111,0.71136,1.00,1.00
2016.02.17 08:03:20.071,0.7111,0.7113,1.00,1.00
2016.02.17 08:03:20.180,0.71105,0.7113,1.00,1.00
2016.02.17 08:03:20.282,0.71099,0.71129,1.00,1.00
2016.02.17 08:03:20.419,0.71099,0.71126,1.00,1.00
2016.02.17 08:03:21.021,0.711,0.71126,1.00,1.00
2016.02.17 08:03:22.230,0.711,0.71125,1.00,1.00
2016.02.17 08:03:22.281,0.71096,0.71125,1.00,1.00
2016.02.17 08:03:22.381,0.71095,0.71122,1.00,1.00
2016.02.17 08:03:23.108,0.71094,0.71122,1.00,1.00
2016.02.17 08:03:23.657,0.71095,0.71122,1.00,1.00
2016.02.17 08:03:23.874,0.71095,0.71124,1.00,1.00
2016.02.17 08:03:23.969,0.71095,0.71122,1.00,1.00
2016.02.17 08:03:30.369,0.71094,0.71122,1.00,1.00
2016.02.17 08:03:31.139,0.71095,0.71122,1.00,1.00
2016.02.17 08:03:31.471,0.71099,0.71122,1.00,1.00
2016.02.17 08:03:32.350,0.711,0.71122,1.00,1.00
2016.02.17 08:03:32.851,0.711,0.71121,1.00,1.00
2016.02.17 08:03:32.901,0.71095,0.71121,1.00,1.00
2016.02.17 08:03:32.970,0.71095,0.71119,1.00,1.00
2016.02.17 08:03:33.341,0.71095,0.71117,1.00,1.00
2016.02.17 08:03:33.450,0.7109,0.71117,1.00,1.00
2016.02.17 08:03:34.328,0.71089,0.71117,1.00,1.00
2016.02.17 08:03:34.989,0.7109,0.71117,1.00,1.00
2016.02.17 08:03:35.850,0.7109,0.71119,1.00,1.00
2016.02.17 08:03:36.629,0.7109,0.71117,1.00,1.00
2016.02.17 08:03:37.189,0.71089,0.71117,1.00,1.00
2016.02.17 08:03:37.563,0.71095,0.71117,1.00,1.00
2016.02.17 08:03:37.848,0.7109,0.71117,1.00,1.00
2016.02.17 08:03:38.947,0.71095,0.71117,1.00,1.00
2016.02.17 08:03:39.178,0.7109,0.71117,1.00,1.00
2016.02.17 08:03:40.390,0.71095,0.71117,1.00,1.00
2016.02.17 08:03:40.954,0.7109,0.71117,1.00,1.00
2016.02.17 08:03:41.494,0.7109,0.71116,1.00,1.00
2016.02.17 08:03:42.030,0.7109,0.71117,1.00,1.00
2016.02.17 08:03:42.081,0.71095,0.71117,1.00,1.00
2016.02.17 08:03:42.420,0.71094,0.71119,1.00,1.00
2016.02.17 08:03:43.028,0.71095,0.71119,1.00,1.00
2016.02.17 08:03:43.508,0.7109,0.71118,1.00,1.00
2016.02.17 08:03:44.570,0.71094,0.71118,1.00,1.00
2016.02.17 08:03:44.889,0.71095,0.71115,1.00,1.00
2016.02.17 08:03:44.939,0.7109,0.71114,1.00,1.00
2016.02.17 08:03:45.294,0.71085,0.71114,1.00,1.00
2016.02.17 08:03:45.345,0.7109,0.71114,1.00,1.00
2016.02.17 08:03:45.668,0.71085,0.71113,1.00,1.00
2016.02.17 08:03:45.889,0.71089,0.71112,1.00,1.00
2016.02.17 08:03:46.410,0.7109,0.71111,1.00,1.00
2016.02.17 08:03:46.829,0.71089,0.71114,1.00,1.00
2016.02.17 08:03:47.520,0.71089,0.71113,1.00,1.00
2016.02.17 08:03:48.029,0.7109,0.71113,1.00,1.00
2016.02.17 08:03:48.088,0.71095,0.71113,1.00,1.00
2016.02.17 08:03:48.286,0.7109,0.71113,1.00,1.00
2016.02.17 08:03:48.389,0.71089,0.71115,1.00,1.00
2016.02.17 08:03:49.820,0.7109,0.71115,1.00,1.00
2016.02.17 08:03:51.935,0.7109,0.71116,1.00,1.00
2016.02.17 08:03:52.180,0.7109,0.71114,1.00,1.00
2016.02.17 08:03:52.649,0.7109,0.71116,1.00,1.00
2016.02.17 08:03:53.449,0.71089,0.71116,1.00,1.00
2016.02.17 08:03:53.942,0.71089,0.71118,2.00,1.00
2016.02.17 08:03:53.999,0.71089,0.71115,1.00,1.00
2016.02.17 08:03:54.881,0.7109,0.71115,1.00,1.00
2016.02.17 08:03:55.137,0.71085,0.71112,1.00,1.00
2016.02.17 08:03:55.389,0.71085,0.71108,1.00,1.00
2016.02.17 08:03:55.490,0.71085,0.7111,1.00,1.00
2016.02.17 08:03:56.338,0.71084,0.7111,1.00,1.00
2016.02.17 08:03:57.187,0.71085,0.71111,1.00,1.00
2016.02.17 08:03:59.059,0.71084,0.71111,1.00,1.00
2016.02.17 08:03:59.225,0.71085,0.71109,1.00,1.00
2016.02.17 08:03:59.279,0.7108,0.71109,2.00,1.00
2016.02.17 08:04:00.352,0.7108,0.71108,1.00,1.00
2016.02.17 08:04:00.706,0.71085,0.71108,1.00,1.00
2016.02.17 08:04:01.257,0.71085,0.71109,1.00,1.00
2016.02.17 08:04:01.809,0.7108,0.71108,1.00,1.00
2016.02.17 08:04:02.130,0.71079,0.71105,1.00,1.00
2016.02.17 08:04:02.686,0.7108,0.71104,1.00,1.00
2016.02.17 08:04:03.017,0.71085,0.71104,1.00,1.00
2016.02.17 08:04:03.067,0.71085,0.71106,1.00,1.00
2016.02.17 08:04:03.458,0.7108,0.71106,1.00,1.00
2016.02.17 08:04:03.720,0.7108,0.71104,1.00,1.00
2016.02.17 08:04:05.220,0.71075,0.71104,1.00,1.00
2016.02.17 08:04:05.319,0.71075,0.71101,1.00,1.00
2016.02.17 08:04:05.690,0.7107,0.71099,2.00,1.00
2016.02.17 08:04:05.876,0.71075,0.71099,1.00,1.00
2016.02.17 08:04:06.317,0.71071,0.711,1.00,1.00
2016.02.17 08:04:06.428,0.71074,0.711,1.00,1.00
2016.02.17 08:04:07.179,0.71074,0.71101,1.00,1.00
2016.02.17 08:04:08.188,0.71075,0.71101,1.00,1.00
2016.02.17 08:04:08.519,0.7108,0.71101,1.00,1.00
2016.02.17 08:04:08.738,0.71075,0.71101,1.00,1.00
2016.02.17 08:04:08.789,0.71075,0.71103,1.00,1.00
2016.02.17 08:04:09.095,0.71074,0.71101,1.00,1.00
2016.02.17 08:04:09.618,0.71075,0.71102,1.00,1.00
2016.02.17 08:04:10.279,0.7108,0.71102,1.00,1.00
2016.02.17 08:04:10.769,0.71075,0.71101,1.00,1.00
2016.02.17 08:04:12.367,0.71074,0.71101,1.00,1.00
2016.02.17 08:04:12.918,0.71075,0.71101,1.00,1.00
2016.02.17 08:04:13.517,0.71075,0.71099,1.00,1.00
2016.02.17 08:04:14.129,0.71074,0.71099,1.00,1.00
2016.02.17 08:04:14.786,0.7107,0.71099,2.00,1.00
2016.02.17 08:04:15.007,0.71075,0.71099,1.00,1.00
2016.02.17 08:04:15.915,0.71074,0.71099,1.00,1.00
2016.02.17 08:04:16.658,0.71075,0.71099,1.00,1.00
2016.02.17 08:04:17.648,0.71074,0.71099,1.00,1.00
2016.02.17 08:04:17.808,0.71075,0.71102,1.00,1.00
2016.02.17 08:04:18.637,0.7108,0.71102,1.00,1.00
2016.02.17 08:04:18.988,0.71075,0.71103,1.00,1.00
2016.02.17 08:04:19.838,0.71075,0.71102,1.00,1.00
2016.02.17 08:04:20.340,0.71075,0.71101,1.00,1.00
2016.02.17 08:04:20.891,0.71075,0.71099,1.00,1.00
2016.02.17 08:04:21.238,0.71075,0.71101,1.00,1.00
2016.02.17 08:04:21.420,0.71075,0.71104,1.00,1.00
2016.02.17 08:04:21.579,0.71074,0.71102,1.00,1.00
2016.02.17 08:04:21.680,0.71075,0.71104,2.00,1.00
2016.02.17 08:04:21.730,0.71079,0.71104,1.00,1.00
2016.02.17 08:04:21.940,0.71079,0.71106,1.00,1.00
2016.02.17 08:04:22.486,0.7108,0.71107,1.00,1.00
2016.02.17 08:04:22.637,0.71085,0.71108,1.00,1.00
2016.02.17 08:04:22.778,0.71085,0.7111,1.00,1.00
2016.02.17 08:04:23.428,0.71084,0.7111,1.00,1.00
2016.02.17 08:04:24.138,0.71085,0.7111,1.00,1.00
2016.02.17 08:04:24.879,0.71085,0.71107,1.00,1.00
2016.02.17 08:04:25.539,0.71085,0.71108,1.00,1.00
2016.02.17 08:04:26.340,0.71084,0.71108,1.00,1.00
2016.02.17 08:04:26.701,0.71085,0.7111,1.00,1.00
2016.02.17 08:04:27.264,0.71085,0.71109,1.00,1.00
2016.02.17 08:04:27.779,0.71085,0.7111,1.00,1.00
2016.02.17 08:04:29.760,0.71085,0.71111,1.00,1.00
2016.02.17 08:04:29.810,0.7109,0.71111,1.00,1.00
2016.02.17 08:04:29.860,0.7109,0.71113,1.00,1.00
2016.02.17 08:04:30.360,0.71089,0.71116,1.00,1.00
2016.02.17 08:04:31.306,0.7109,0.71116,1.00,1.00
2016.02.17 08:04:31.839,0.71089,0.71114,1.00,1.00
2016.02.17 08:04:32.406,0.7109,0.71114,1.00,1.00
2016.02.17 08:04:34.058,0.71089,0.71112,1.00,1.00
2016.02.17 08:04:34.108,0.71089,0.71114,1.00,1.00
2016.02.17 08:04:34.159,0.71089,0.71117,1.00,1.00
2016.02.17 08:04:34.708,0.71094,0.71118,1.00,1.00
2016.02.17 08:04:34.817,0.7109,0.71118,1.00,1.00
2016.02.17 08:04:35.518,0.7109,0.71119,2.00,1.00
2016.02.17 08:04:35.998,0.7109,0.71116,1.00,1.00
2016.02.17 08:04:36.324,0.71085,0.71111,1.00,1.00
2016.02.17 08:04:36.581,0.71081,0.7111,1.00,1.00
2016.02.17 08:04:36.797,0.71085,0.7111,1.00,1.00
2016.02.17 08:04:37.016,0.71081,0.7111,1.00,1.00
2016.02.17 08:04:37.126,0.71085,0.7111,1.00,1.00
2016.02.17 08:04:37.787,0.71084,0.71111,1.00,1.00
2016.02.17 08:04:37.898,0.71082,0.71111,1.00,1.00
2016.02.17 08:04:38.385,0.71085,0.71111,1.00,1.00
2016.02.17 08:04:38.486,0.7108,0.71111,2.00,1.00
2016.02.17 08:04:39.157,0.7108,0.71109,2.00,1.00
2016.02.17 08:04:39.549,0.71076,0.71105,1.00,2.00
2016.02.17 08:04:39.879,0.71075,0.71103,1.00,1.00
2016.02.17 08:04:40.356,0.71075,0.711,1.00,1.00
2016.02.17 08:04:41.124,0.71071,0.711,1.00,1.00
2016.02.17 08:04:41.198,0.71075,0.711,1.00,1.00
2016.02.17 08:04:42.076,0.71071,0.711,1.00,1.00
2016.02.17 08:04:42.525,0.71069,0.711,2.00,1.00
2016.02.17 08:04:43.246,0.7107,0.711,1.00,1.00
2016.02.17 08:04:43.827,0.7107,0.71097,1.00,1.00
2016.02.17 08:04:44.447,0.7107,0.71098,1.00,1.00
2016.02.17 08:04:44.983,0.71069,0.71098,2.00,1.00
2016.02.17 08:04:45.309,0.71075,0.71099,1.00,1.00
2016.02.17 08:04:45.598,0.7107,0.71099,2.00,1.00
2016.02.17 08:04:45.858,0.71074,0.71099,1.00,1.00
2016.02.17 08:04:46.120,0.71074,0.71102,1.00,1.00
2016.02.17 08:04:46.758,0.71075,0.71103,1.00,1.00
2016.02.17 08:04:48.021,0.7108,0.71103,1.00,1.00
2016.02.17 08:04:48.576,0.7108,0.71105,1.00,1.00
2016.02.17 08:04:49.237,0.71079,0.71105,1.00,1.00
2016.02.17 08:04:49.666,0.7108,0.71102,1.00,1.00
2016.02.17 08:04:49.820,0.71075,0.71098,1.00,1.00
2016.02.17 08:04:50.166,0.71075,0.71102,1.00,1.00
2016.02.17 08:04:51.871,0.71074,0.71102,1.00,1.00
2016.02.17 08:04:52.377,0.71075,0.71101,1.00,1.00
2016.02.17 08:04:52.478,0.71075,0.71104,1.00,1.00
2016.02.17 08:04:52.741,0.71075,0.71106,2.00,1.00
2016.02.17 08:04:52.791,0.71075,0.71104,1.00,1.00
2016.02.17 08:04:53.128,0.71075,0.71099,1.00,1.00
2016.02.17 08:04:53.300,0.7107,0.71099,1.00,1.00
2016.02.17 08:04:53.879,0.71069,0.71099,1.00,1.00
2016.02.17 08:04:54.407,0.7107,0.71098,1.00,1.00
2016.02.17 08:04:54.457,0.7107,0.71096,1.00,1.00
2016.02.17 08:04:54.868,0.7107,0.71098,1.00,1.00
2016.02.17 08:04:55.997,0.7107,0.71097,1.00,1.00
2016.02.17 08:04:56.048,0.7107,0.71095,1.00,1.00
2016.02.17 08:04:56.536,0.7107,0.71098,1.00,1.00
2016.02.17 08:04:56.926,0.7107,0.711,1.00,1.00
2016.02.17 08:04:57.508,0.71071,0.711,1.00,1.00
2016.02.17 08:04:58.106,0.7107,0.71099,2.00,1.00
2016.02.17 08:04:58.288,0.7107,0.71101,2.00,1.00
2016.02.17 08:04:58.806,0.71072,0.71101,1.00,1.00
2016.02.17 08:04:59.152,0.71074,0.71101,1.00,1.00
2016.02.17 08:04:59.619,0.71075,0.71103,1.00,1.00
2016.02.17 08:05:00.185,0.71074,0.71103,2.00,1.00
2016.02.17 08:05:00.361,0.71076,0.71105,1.00,1.00
2016.02.17 08:05:00.688,0.7108,0.71106,1.00,1.00
2016.02.17 08:05:02.711,0.71084,0.71106,1.00,1.00
2016.02.17 08:05:02.762,0.71085,0.71109,1.00,1.00
2016.02.17 08:05:03.386,0.71084,0.7111,1.00,1.00
2016.02.17 08:05:03.939,0.71085,0.71111,1.00,1.00
2016.02.17 08:05:03.999,0.71085,0.71114,1.00,1.00
2016.02.17 08:05:04.307,0.7109,0.71116,1.00,1.00
2016.02.17 08:05:04.407,0.71085,0.71116,1.00,1.00
2016.02.17 08:05:04.457,0.71088,0.71117,1.00,1.00
2016.02.17 08:05:04.811,0.7109,0.71118,1.00,1.00
2016.02.17 08:05:06.999,0.7109,0.71117,1.00,1.00
2016.02.17 08:05:07.168,0.7109,0.71119,1.00,1.00
2016.02.17 08:05:07.218,0.71089,0.71115,1.00,1.00
2016.02.17 08:05:07.417,0.71085,0.71112,1.00,1.00
2016.02.17 08:05:07.599,0.71085,0.71114,1.00,1.00
2016.02.17 08:05:08.460,0.71089,0.71114,1.00,1.00
2016.02.17 08:05:08.510,0.71085,0.71114,2.00,1.00
2016.02.17 08:05:09.470,0.7109,0.71114,1.00,1.00
2016.02.17 08:05:09.616,0.71085,0.71114,2.00,1.00
2016.02.17 08:05:10.246,0.71086,0.71117,1.00,1.00
2016.02.17 08:05:10.786,0.7109,0.71117,1.00,1.00
2016.02.17 08:05:11.566,0.7109,0.71119,1.00,1.00
2016.02.17 08:05:11.787,0.7109,0.71115,1.00,1.00
2016.02.17 08:05:11.990,0.71084,0.71113,2.00,1.00
2016.02.17 08:05:12.099,0.71084,0.7111,1.00,1.00
2016.02.17 08:05:12.387,0.71085,0.71112,1.00,1.00
2016.02.17 08:05:13.048,0.71084,0.71113,1.00,1.00
2016.02.17 08:05:13.587,0.71085,0.71113,1.00,1.00
2016.02.17 08:05:13.881,0.7109,0.71113,1.00,1.00
2016.02.17 08:05:13.932,0.7109,0.71115,1.00,1.00
2016.02.17 08:05:14.520,0.71085,0.71115,1.00,1.00
2016.02.17 08:05:15.399,0.71084,0.71115,2.00,1.00
2016.02.17 08:05:15.660,0.7109,0.71115,1.00,1.00
2016.02.17 08:05:17.041,0.71086,0.71115,1.00,1.00
2016.02.17 08:05:17.646,0.71085,0.71115,1.00,1.00
2016.02.17 08:05:18.919,0.7109,0.71115,1.00,1.00
2016.02.17 08:05:19.798,0.71085,0.71115,1.00,1.00
2016.02.17 08:05:20.148,0.71085,0.71112,1.00,1.00
2016.02.17 08:05:21.136,0.71085,0.71114,1.00,1.00
2016.02.17 08:05:21.686,0.71086,0.71115,1.00,1.00
2016.02.17 08:05:23.569,0.71087,0.71116,1.00,1.00
2016.02.17 08:05:24.700,0.71088,0.71119,1.00,1.00
2016.02.17 08:05:25.098,0.71085,0.71114,2.00,1.00
2016.02.17 08:05:25.530,0.7108,0.71106,1.00,1.00
2016.02.17 08:05:25.581,0.71077,0.71108,1.00,1.00
2016.02.17 08:05:25.632,0.7108,0.71106,1.00,1.00
2016.02.17 08:05:25.976,0.71079,0.7111,2.00,1.00
2016.02.17 08:05:26.027,0.71079,0.71108,2.00,1.00
2016.02.17 08:05:26.259,0.71079,0.7111,2.00,1.00
2016.02.17 08:05:26.359,0.71081,0.7111,1.00,1.00
2016.02.17 08:05:26.679,0.71084,0.71112,1.00,1.00
2016.02.17 08:05:26.967,0.71084,0.71114,1.00,1.00
2016.02.17 08:05:27.573,0.71085,0.71115,1.00,1.00
2016.02.17 08:05:28.033,0.71085,0.71113,1.00,1.00
2016.02.17 08:05:28.558,0.71084,0.71111,1.00,1.00
2016.02.17 08:05:29.439,0.71084,0.71112,1.00,1.00
2016.02.17 08:05:29.920,0.71086,0.71115,1.00,1.00
2016.02.17 08:05:30.046,0.7109,0.71118,1.00,1.00
2016.02.17 08:05:30.376,0.71084,0.71112,1.00,1.00
2016.02.17 08:05:30.699,0.71085,0.71114,1.00,1.00
2016.02.17 08:05:31.778,0.71087,0.71116,1.00,1.00
2016.02.17 08:05:32.336,0.71087,0.71118,1.00,1.00
2016.02.17 08:05:32.440,0.71089,0.71118,1.00,1.00
2016.02.17 08:05:32.607,0.71085,0.71116,2.00,1.00
2016.02.17 08:05:32.708,0.71085,0.71113,1.00,1.00
2016.02.17 08:05:33.016,0.7109,0.71114,1.00,1.00
2016.02.17 08:05:33.067,0.7109,0.71116,1.00,1.00
2016.02.17 08:05:33.327,0.71088,0.71117,1.00,1.00
2016.02.17 08:05:33.882,0.7109,0.71117,1.00,1.00
2016.02.17 08:05:34.557,0.71091,0.7112,1.00,1.00
2016.02.17 08:05:34.746,0.7109,0.71117,1.00,1.00
2016.02.17 08:05:35.166,0.71089,0.71115,1.00,1.00
2016.02.17 08:05:35.266,0.71089,0.71117,1.00,1.00
2016.02.17 08:05:35.367,0.71091,0.7112,1.00,1.00
2016.02.17 08:05:35.417,0.7109,0.71118,1.00,1.00
2016.02.17 08:05:35.824,0.71091,0.7112,1.00,1.00
2016.02.17 08:05:36.138,0.7109,0.71118,1.00,1.00
2016.02.17 08:05:36.519,0.7109,0.71115,1.00,1.00
2016.02.17 08:05:36.579,0.7109,0.71118,1.00,1.00
2016.02.17 08:05:36.794,0.71092,0.71121,1.00,1.00
2016.02.17 08:05:36.895,0.71086,0.71115,1.00,1.00
2016.02.17 08:05:37.228,0.71084,0.71113,2.00,1.00
2016.02.17 08:05:37.586,0.71086,0.71115,1.00,1.00
2016.02.17 08:05:38.120,0.71085,0.71114,2.00,1.00
2016.02.17 08:05:38.498,0.7109,0.71115,1.00,1.00
2016.02.17 08:05:38.627,0.71085,0.71111,1.00,1.00
2016.02.17 08:05:38.822,0.71085,0.71109,1.00,1.00
2016.02.17 08:05:39.068,0.71084,0.71113,1.00,1.00
2016.02.17 08:05:39.157,0.7109,0.71113,1.00,1.00
2016.02.17 08:05:39.257,0.7109,0.71115,1.00,2.00
2016.02.17 08:05:39.859,0.7109,0.71116,1.00,1.00
2016.02.17 08:05:40.320,0.71089,0.71114,1.00,1.00
2016.02.17 08:05:40.497,0.71085,0.71112,1.00,1.00
2016.02.17 08:05:40.587,0.7109,0.71112,1.00,1.00
2016.02.17 08:05:40.769,0.7109,0.71114,1.00,1.00
2016.02.17 08:05:41.325,0.71089,0.71114,1.00,1.00
2016.02.17 08:05:41.516,0.7109,0.71116,1.00,1.00
2016.02.17 08:05:41.567,0.7109,0.71119,2.00,1.00
2016.02.17 08:05:41.617,0.71094,0.71119,1.00,1.00
2016.02.17 08:05:42.229,0.71095,0.7112,1.00,1.00
2016.02.17 08:05:42.330,0.71095,0.71122,1.00,1.00
2016.02.17 08:05:42.439,0.71095,0.71119,1.00,1.00
2016.02.17 08:05:42.756,0.71095,0.71117,1.00,1.00
2016.02.17 08:05:43.388,0.71095,0.71118,1.00,1.00
2016.02.17 08:05:43.998,0.71095,0.71119,1.00,1.00
2016.02.17 08:05:44.517,0.71095,0.7112,1.00,1.00
2016.02.17 08:05:44.788,0.71095,0.71123,1.00,1.00
2016.02.17 08:05:44.896,0.71095,0.71125,1.00,2.00
2016.02.17 08:05:44.997,0.71097,0.71125,1.00,1.00
2016.02.17 08:05:45.166,0.71099,0.71128,1.00,1.00
2016.02.17 08:05:45.217,0.71101,0.7113,1.00,1.00
2016.02.17 08:05:45.269,0.71099,0.7113,2.00,1.00
2016.02.17 08:05:45.369,0.71101,0.7113,1.00,1.00
2016.02.17 08:05:45.725,0.71105,0.71133,1.00,1.00
2016.02.17 08:05:46.216,0.711,0.71129,2.00,1.00
2016.02.17 08:05:46.317,0.711,0.71127,1.00,1.00
2016.02.17 08:05:46.570,0.71096,0.71125,1.00,1.00
2016.02.17 08:05:46.679,0.71094,0.71123,2.00,1.00
2016.02.17 08:05:47.009,0.711,0.71128,1.00,1.00
2016.02.17 08:05:47.368,0.711,0.71126,1.00,1.00
2016.02.17 08:05:47.418,0.71097,0.71126,1.00,1.00
2016.02.17 08:05:47.519,0.71095,0.71123,1.00,1.00
2016.02.17 08:05:48.257,0.71095,0.71124,2.00,1.00
2016.02.17 08:05:48.616,0.71099,0.71128,1.00,1.00
2016.02.17 08:05:48.940,0.711,0.71123,1.00,1.00
2016.02.17 08:05:48.990,0.71094,0.71121,1.00,1.00
2016.02.17 08:05:49.409,0.71095,0.71124,2.00,1.00
2016.02.17 08:05:49.625,0.71097,0.71126,1.00,1.00
2016.02.17 08:05:49.972,0.71099,0.71128,1.00,1.00
2016.02.17 08:05:50.278,0.71094,0.71123,2.00,1.00
2016.02.17 08:05:50.785,0.71095,0.71124,2.00,1.00
2016.02.17 08:05:50.835,0.71095,0.71126,2.00,1.00
2016.02.17 08:05:51.002,0.711,0.71126,1.00,1.00
2016.02.17 08:05:51.052,0.711,0.71128,1.00,1.00
2016.02.17 08:05:51.605,0.71095,0.71124,2.00,1.00
2016.02.17 08:05:51.706,0.71095,0.71121,1.00,1.00
2016.02.17 08:05:52.193,0.71095,0.71124,1.00,1.00
2016.02.17 08:05:52.908,0.71096,0.71125,1.00,1.00
2016.02.17 08:05:53.509,0.711,0.71128,1.00,1.00
2016.02.17 08:05:53.820,0.71101,0.71132,1.00,1.00
2016.02.17 08:05:53.871,0.71103,0.71132,1.00,1.00
2016.02.17 08:05:54.172,0.711,0.71127,1.00,1.00
2016.02.17 08:05:54.770,0.711,0.71128,1.00,1.00
2016.02.17 08:05:55.301,0.711,0.71129,1.00,1.00
2016.02.17 08:05:55.817,0.71104,0.71129,1.00,1.00
2016.02.17 08:05:55.924,0.71105,0.71131,1.00,1.00
2016.02.17 08:05:56.537,0.71105,0.71132,1.00,1.00
2016.02.17 08:05:56.609,0.71105,0.71127,1.00,1.00
2016.02.17 08:05:56.709,0.71105,0.7113,1.00,1.00
2016.02.17 08:05:56.810,0.711,0.71131,2.00,1.00
2016.02.17 08:05:57.028,0.711,0.71129,1.00,1.00
2016.02.17 08:05:57.929,0.71101,0.7113,1.00,1.00
2016.02.17 08:05:58.358,0.71105,0.71132,1.00,1.00
2016.02.17 08:05:58.887,0.71105,0.71131,1.00,1.00
2016.02.17 08:05:58.948,0.71105,0.71134,1.00,1.00
2016.02.17 08:05:59.129,0.71105,0.71131,1.00,1.00
2016.02.17 08:05:59.229,0.71106,0.71135,1.00,1.00
2016.02.17 08:05:59.445,0.7111,0.71137,1.00,1.00
2016.02.17 08:06:00.168,0.7111,0.71138,1.00,1.00
2016.02.17 08:06:00.549,0.71111,0.7114,1.00,1.00
2016.02.17 08:06:01.455,0.71112,0.71141,1.00,1.00
2016.02.17 08:06:02.576,0.71111,0.7114,1.00,1.00
2016.02.17 08:06:03.377,0.71113,0.71142,1.00,1.00
2016.02.17 08:06:03.905,0.71114,0.71143,1.00,1.00
2016.02.17 08:06:04.372,0.71112,0.71143,1.00,1.00
2016.02.17 08:06:04.728,0.71115,0.71143,1.00,1.00
2016.02.17 08:06:04.897,0.71112,0.71141,1.00,1.00
2016.02.17 08:06:05.428,0.71111,0.7114,1.00,1.00
2016.02.17 08:06:06.094,0.7111,0.71139,2.00,1.00
2016.02.17 08:06:06.388,0.7111,0.71137,1.00,1.00
2016.02.17 08:06:08.368,0.7111,0.71139,2.00,1.00
2016.02.17 08:06:08.885,0.7111,0.71138,1.00,1.00
2016.02.17 08:06:10.232,0.71109,0.71138,2.00,1.00
2016.02.17 08:06:10.447,0.71112,0.71141,1.00,1.00
2016.02.17 08:06:10.759,0.7111,0.71139,2.00,1.00
2016.02.17 08:06:11.173,0.71115,0.71139,1.00,1.00
2016.02.17 08:06:11.232,0.71115,0.71142,1.00,1.00
2016.02.17 08:06:11.336,0.71116,0.71145,1.00,1.00
2016.02.17 08:06:11.386,0.71118,0.71147,1.00,1.00
2016.02.17 08:06:11.717,0.71112,0.71141,1.00,1.00
2016.02.17 08:06:12.170,0.71114,0.71143,1.00,1.00
2016.02.17 08:06:12.220,0.71115,0.71145,1.00,1.00
2016.02.17 08:06:12.270,0.71117,0.71146,1.00,1.00
2016.02.17 08:06:12.388,0.7112,0.7115,1.00,1.00
2016.02.17 08:06:12.587,0.71116,0.71147,1.00,1.00
2016.02.17 08:06:12.709,0.71119,0.71148,1.00,1.00
2016.02.17 08:06:13.235,0.7112,0.71149,1.00,1.00
2016.02.17 08:06:13.648,0.71122,0.7115,1.00,1.00
2016.02.17 08:06:13.868,0.71117,0.71146,1.00,1.00
2016.02.17 08:06:14.128,0.71114,0.71143,1.00,1.00
2016.02.17 08:06:14.478,0.71116,0.71145,1.00,1.00
2016.02.17 08:06:14.788,0.71113,0.71142,1.00,1.00
2016.02.17 08:06:15.378,0.71114,0.71143,1.00,1.00
2016.02.17 08:06:15.786,0.71116,0.71145,1.00,1.00
2016.02.17 08:06:16.936,0.71117,0.71146,1.00,1.00
2016.02.17 08:06:17.088,0.71118,0.71149,1.00,1.00
2016.02.17 08:06:17.547,0.7112,0.71149,1.00,1.00
2016.02.17 08:06:18.168,0.71122,0.7115,1.00,1.00
2016.02.17 08:06:18.384,0.71124,0.71153,1.00,1.00
2016.02.17 08:06:18.936,0.71123,0.71154,1.00,1.00
2016.02.17 08:06:19.189,0.71123,0.71152,1.00,1.00
2016.02.17 08:06:20.236,0.71124,0.71153,1.00,1.00
2016.02.17 08:06:20.787,0.71123,0.71152,1.00,1.00
2016.02.17 08:06:21.102,0.71118,0.71147,1.00,1.00
2016.02.17 08:06:21.776,0.71119,0.71148,1.00,1.00
2016.02.17 08:06:22.086,0.71121,0.7115,1.00,1.00
2016.02.17 08:06:22.456,0.71123,0.71152,1.00,1.00
2016.02.17 08:06:22.877,0.71121,0.7115,1.00,2.00
2016.02.17 08:06:23.425,0.7112,0.71149,1.00,1.00
2016.02.17 08:06:23.568,0.71118,0.71149,1.00,1.00
2016.02.17 08:06:23.928,0.7112,0.71149,1.00,1.00
2016.02.17 08:06:24.585,0.71119,0.71148,1.00,1.00
2016.02.17 08:06:25.525,0.71118,0.71147,1.00,1.00
2016.02.17 08:06:25.576,0.71118,0.71149,1.00,1.00
2016.02.17 08:06:27.217,0.71118,0.71147,1.00,1.00
2016.02.17 08:06:27.530,0.71116,0.71145,1.00,2.00
2016.02.17 08:06:27.785,0.71114,0.71145,1.00,1.00
2016.02.17 08:06:28.441,0.71112,0.71143,1.00,1.00
2016.02.17 08:06:32.928,0.71114,0.71143,1.00,1.00
2016.02.17 08:06:33.265,0.71116,0.71145,1.00,1.00
2016.02.17 08:06:33.835,0.71117,0.71146,1.00,1.00
2016.02.17 08:06:34.207,0.71115,0.71146,1.00,1.00
2016.02.17 08:06:35.316,0.71115,0.71144,1.00,1.00
2016.02.17 08:06:35.694,0.71113,0.71142,1.00,1.00
2016.02.17 08:06:37.631,0.71112,0.71141,1.00,1.00
2016.02.17 08:06:38.005,0.71109,0.71138,1.00,1.00
2016.02.17 08:06:38.826,0.7111,0.71138,1.00,1.00
2016.02.17 08:06:38.876,0.71112,0.71141,1.00,1.00
2016.02.17 08:06:39.497,0.71114,0.71143,1.00,1.00
2016.02.17 08:06:40.020,0.71115,0.71144,1.00,1.00
2016.02.17 08:06:40.070,0.71117,0.71148,1.00,1.00
2016.02.17 08:06:40.188,0.7111,0.71141,2.00,1.00
2016.02.17 08:06:41.846,0.7111,0.7114,1.00,1.00
2016.02.17 08:06:43.493,0.7111,0.71135,1.00,1.00
2016.02.17 08:06:43.547,0.71104,0.71135,2.00,1.00
2016.02.17 08:06:43.597,0.71104,0.71133,1.00,1.00
2016.02.17 08:06:43.958,0.7111,0.71132,1.00,1.00
2016.02.17 08:06:44.016,0.71105,0.71132,1.00,1.00
2016.02.17 08:06:44.189,0.71105,0.71135,1.00,1.00
2016.02.17 08:06:44.339,0.71108,0.71137,1.00,1.00
2016.02.17 08:06:44.756,0.7111,0.71138,1.00,1.00
2016.02.17 08:06:45.408,0.7111,0.71134,1.00,1.00
2016.02.17 08:06:45.636,0.71104,0.7113,1.00,1.00
2016.02.17 08:06:45.797,0.71105,0.71132,1.00,1.00
2016.02.17 08:06:46.075,0.71105,0.71136,2.00,1.00
2016.02.17 08:06:46.176,0.71105,0.71134,1.00,1.00
2016.02.17 08:06:46.428,0.71105,0.71136,1.00,1.00
2016.02.17 08:06:46.627,0.71115,0.71136,1.00,1.00
2016.02.17 08:06:46.856,0.71115,0.7114,1.00,1.00
2016.02.17 08:06:47.108,0.7111,0.71139,2.00,1.00
2016.02.17 08:06:47.776,0.7111,0.71136,1.00,1.00
2016.02.17 08:06:48.300,0.71109,0.71134,1.00,1.00
2016.02.17 08:06:48.350,0.71109,0.71137,1.00,1.00
2016.02.17 08:06:48.451,0.7111,0.71139,2.00,1.00
2016.02.17 08:06:48.614,0.71113,0.71142,1.00,1.00
2016.02.17 08:06:49.267,0.71115,0.71142,1.00,1.00
2016.02.17 08:06:49.318,0.71115,0.71145,1.00,2.00
2016.02.17 08:06:49.519,0.7111,0.71137,1.00,1.00
2016.02.17 08:06:49.982,0.71109,0.7114,2.00,1.00
2016.02.17 08:06:50.032,0.71112,0.71141,1.00,1.00
2016.02.17 08:06:50.454,0.71114,0.71143,1.00,1.00
2016.02.17 08:06:51.101,0.71115,0.71143,1.00,1.00
2016.02.17 08:06:51.905,0.71115,0.71144,2.00,1.00
2016.02.17 08:06:52.238,0.7112,0.71144,1.00,1.00
2016.02.17 08:06:52.288,0.7112,0.71148,1.00,1.00
2016.02.17 08:06:52.855,0.7112,0.71147,1.00,1.00
2016.02.17 08:06:53.332,0.71118,0.71147,1.00,1.00
2016.02.17 08:06:53.543,0.71115,0.71144,2.00,1.00
2016.02.17 08:06:54.078,0.71122,0.7115,1.00,1.00
2016.02.17 08:06:54.544,0.71118,0.71149,1.00,1.00
2016.02.17 08:06:55.105,0.7112,0.71149,2.00,1.00
2016.02.17 08:06:55.758,0.71115,0.71143,1.00,1.00
2016.02.17 08:06:56.256,0.71115,0.7114,1.00,1.00
2016.02.17 08:06:56.543,0.7111,0.71136,1.00,1.00
2016.02.17 08:06:56.749,0.71106,0.71135,1.00,1.00
2016.02.17 08:06:57.798,0.71105,0.71134,2.00,1.00
2016.02.17 08:06:58.065,0.71114,0.71134,1.00,1.00
2016.02.17 08:06:58.115,0.71114,0.71137,1.00,1.00
2016.02.17 08:06:58.216,0.7111,0.71138,1.00,1.00
2016.02.17 08:06:59.102,0.71112,0.71141,1.00,1.00
2016.02.17 08:06:59.215,0.7111,0.71139,2.00,1.00
2016.02.17 08:06:59.327,0.71108,0.71139,1.00,1.00
2016.02.17 08:06:59.377,0.71108,0.71137,1.00,1.00
2016.02.17 08:06:59.606,0.71106,0.71137,1.00,1.00
2016.02.17 08:07:00.274,0.71107,0.71135,1.00,1.00
2016.02.17 08:07:00.918,0.71105,0.71135,1.00,2.00
2016.02.17 08:07:01.265,0.71105,0.71133,1.00,1.00
2016.02.17 08:07:02.337,0.71105,0.7113,1.00,1.00
2016.02.17 08:07:03.128,0.71104,0.71131,1.00,1.00
2016.02.17 08:07:03.637,0.71105,0.71131,1.00,1.00
2016.02.17 08:07:04.378,0.71105,0.71133,1.00,1.00
2016.02.17 08:07:05.152,0.71104,0.71133,2.00,1.00
2016.02.17 08:07:05.665,0.71105,0.71133,1.00,1.00
2016.02.17 08:07:06.326,0.71104,0.71133,1.00,1.00
2016.02.17 08:07:06.934,0.71105,0.71133,1.00,1.00
2016.02.17 08:07:07.206,0.71109,0.71135,1.00,1.00
2016.02.17 08:07:07.555,0.7111,0.71133,1.00,1.00
2016.02.17 08:07:07.617,0.7111,0.71135,1.00,1.00
2016.02.17 08:07:07.718,0.7111,0.71133,1.00,1.00
2016.02.17 08:07:08.188,0.7111,0.71136,1.00,1.00
2016.02.17 08:07:08.457,0.7111,0.71131,1.00,1.00
2016.02.17 08:07:08.663,0.71105,0.7113,1.00,1.00
2016.02.17 08:07:09.065,0.71105,0.71132,1.00,1.00
2016.02.17 08:07:09.316,0.71109,0.71133,1.00,1.00
2016.02.17 08:07:09.535,0.71105,0.71134,2.00,1.00
2016.02.17 08:07:09.668,0.7111,0.71134,1.00,1.00
2016.02.17 08:07:09.768,0.71105,0.71133,1.00,1.00
2016.02.17 08:07:09.819,0.71105,0.71131,1.00,1.00
2016.02.17 08:07:10.194,0.7111,0.71131,1.00,1.00
2016.02.17 08:07:10.317,0.7111,0.71133,1.00,1.00
2016.02.17 08:07:10.777,0.71109,0.71135,1.00,1.00
2016.02.17 08:07:11.295,0.7111,0.71135,1.00,1.00
2016.02.17 08:07:11.586,0.7111,0.71131,1.00,1.00
2016.02.17 08:07:12.133,0.7111,0.71132,1.00,1.00
2016.02.17 08:07:12.636,0.7111,0.71133,1.00,1.00
2016.02.17 08:07:13.219,0.7111,0.71134,1.00,1.00
2016.02.17 08:07:13.541,0.71109,0.71131,1.00,1.00
2016.02.17 08:07:13.693,0.71105,0.71131,1.00,1.00
2016.02.17 08:07:14.194,0.71105,0.71133,1.00,1.00
2016.02.17 08:07:15.337,0.71104,0.71132,1.00,1.00
2016.02.17 08:07:16.051,0.71105,0.71132,1.00,1.00
2016.02.17 08:07:18.258,0.71105,0.71131,1.00,1.00
2016.02.17 08:07:19.954,0.71104,0.71131,1.00,1.00
2016.02.17 08:07:20.725,0.71105,0.71131,1.00,1.00
2016.02.17 08:07:22.997,0.71106,0.71135,1.00,1.00
2016.02.17 08:07:23.346,0.7111,0.71136,1.00,1.00
2016.02.17 08:07:23.916,0.71107,0.71136,1.00,1.00
2016.02.17 08:07:25.015,0.7111,0.71136,1.00,1.00
2016.02.17 08:07:25.236,0.71107,0.71136,1.00,1.00
2016.02.17 08:07:25.655,0.7111,0.71136,1.00,1.00
2016.02.17 08:07:27.583,0.71107,0.71136,1.00,1.00
2016.02.17 08:07:28.974,0.7111,0.71136,1.00,1.00
2016.02.17 08:07:29.307,0.71107,0.71136,1.00,1.00
2016.02.17 08:07:30.076,0.7111,0.71136,1.00,1.00
2016.02.17 08:07:30.185,0.71107,0.71136,1.00,1.00
2016.02.17 08:07:33.925,0.7111,0.71136,1.00,1.00
2016.02.17 08:07:34.035,0.71107,0.71136,1.00,1.00
2016.02.17 08:07:35.118,0.71106,0.71135,1.00,1.00
2016.02.17 08:07:36.108,0.71107,0.71136,1.00,1.00
2016.02.17 08:07:36.655,0.71107,0.71138,1.00,1.00
2016.02.17 08:07:36.786,0.7111,0.71138,1.00,1.00
2016.02.17 08:07:37.336,0.7111,0.71139,2.00,1.00
2016.02.17 08:07:38.078,0.7111,0.71138,1.00,1.00
2016.02.17 08:07:38.840,0.71109,0.71138,1.00,1.00
2016.02.17 08:07:39.344,0.7111,0.71138,1.00,1.00
2016.02.17 08:07:39.444,0.71108,0.71137,1.00,1.00
2016.02.17 08:07:42.145,0.71107,0.71136,1.00,1.00
2016.02.17 08:07:43.445,0.71109,0.71136,1.00,1.00
2016.02.17 08:07:43.987,0.7111,0.71137,1.00,1.00
2016.02.17 08:07:45.845,0.71106,0.71137,1.00,1.00
2016.02.17 08:07:50.298,0.71106,0.71135,1.00,1.00
2016.02.17 08:07:51.605,0.71107,0.71136,1.00,1.00
2016.02.17 08:07:51.973,0.7111,0.71137,1.00,1.00
2016.02.17 08:07:52.234,0.71108,0.71137,1.00,1.00
2016.02.17 08:07:53.897,0.71107,0.71136,1.00,1.00
2016.02.17 08:07:54.708,0.71106,0.71135,1.00,1.00
2016.02.17 08:07:55.303,0.71105,0.71135,1.00,1.00
2016.02.17 08:07:56.106,0.711,0.71128,1.00,1.00
2016.02.17 08:07:56.333,0.71096,0.71125,1.00,1.00
2016.02.17 08:07:56.404,0.711,0.71125,1.00,1.00
2016.02.17 08:07:56.717,0.711,0.71128,1.00,1.00
2016.02.17 08:07:56.820,0.71101,0.7113,1.00,1.00
2016.02.17 08:07:56.870,0.71099,0.71128,2.00,1.00
2016.02.17 08:07:57.394,0.711,0.71128,1.00,1.00
2016.02.17 08:07:58.006,0.711,0.71126,1.00,1.00
2016.02.17 08:07:58.823,0.71097,0.71126,1.00,1.00
2016.02.17 08:08:00.017,0.71099,0.71128,1.00,1.00
2016.02.17 08:08:00.470,0.71104,0.71133,1.00,1.00
2016.02.17 08:08:00.520,0.71104,0.71135,1.00,2.00
2016.02.17 08:08:01.112,0.71103,0.71134,1.00,1.00
2016.02.17 08:08:01.277,0.71102,0.71131,1.00,1.00
2016.02.17 08:08:01.823,0.71101,0.7113,1.00,1.00
2016.02.17 08:08:02.330,0.71099,0.71128,2.00,1.00
2016.02.17 08:08:02.895,0.711,0.71129,2.00,1.00
2016.02.17 08:08:03.229,0.71098,0.71127,1.00,1.00
2016.02.17 08:08:04.486,0.71097,0.71126,1.00,1.00
2016.02.17 08:08:05.063,0.71097,0.71125,1.00,1.00
2016.02.17 08:08:05.163,0.71092,0.71123,1.00,1.00
2016.02.17 08:08:05.214,0.71091,0.7112,1.00,1.00
2016.02.17 08:08:05.795,0.71086,0.71115,1.00,2.00
2016.02.17 08:08:05.896,0.71082,0.71113,1.00,1.00
2016.02.17 08:08:05.946,0.71082,0.71111,1.00,1.00
2016.02.17 08:08:06.279,0.71079,0.71108,1.00,1.00
2016.02.17 08:08:06.536,0.71077,0.71108,1.00,1.00
2016.02.17 08:08:06.586,0.71075,0.71101,1.00,1.00
2016.02.17 08:08:06.639,0.71072,0.71101,1.00,1.00
2016.02.17 08:08:06.690,0.7107,0.711,1.00,1.00
2016.02.17 08:08:06.740,0.7107,0.71096,1.00,1.00
2016.02.17 08:08:06.790,0.71067,0.71096,1.00,1.00
2016.02.17 08:08:06.903,0.71069,0.71098,2.00,1.00
2016.02.17 08:08:07.413,0.7107,0.71098,1.00,1.00
2016.02.17 08:08:08.066,0.71075,0.71099,1.00,1.00
2016.02.17 08:08:08.507,0.7107,0.71099,2.00,1.00
2016.02.17 08:08:09.017,0.71071,0.711,1.00,1.00
2016.02.17 08:08:10.337,0.7107,0.71099,2.00,1.00
2016.02.17 08:08:11.074,0.71067,0.71096,1.00,1.00
2016.02.17 08:08:11.417,0.71069,0.71097,1.00,1.00
2016.02.17 08:08:11.636,0.7107,0.71099,1.00,1.00
2016.02.17 08:08:11.822,0.71075,0.711,1.00,1.00
2016.02.17 08:08:11.872,0.71075,0.71102,1.00,1.00
2016.02.17 08:08:12.444,0.71075,0.71104,2.00,1.00
2016.02.17 08:08:13.518,0.71072,0.71101,1.00,1.00
2016.02.17 08:08:13.843,0.7107,0.71098,1.00,1.00
2016.02.17 08:08:13.974,0.71072,0.71101,1.00,1.00
2016.02.17 08:08:14.325,0.71075,0.711,1.00,2.00
2016.02.17 08:08:14.477,0.71071,0.711,1.00,1.00
2016.02.17 08:08:15.234,0.71075,0.711,1.00,2.00
2016.02.17 08:08:15.534,0.7107,0.71099,2.00,1.00
2016.02.17 08:08:15.754,0.71075,0.71099,1.00,1.00
2016.02.17 08:08:16.682,0.7107,0.71099,2.00,1.00
2016.02.17 08:08:17.674,0.71075,0.71099,1.00,1.00
2016.02.17 08:08:18.333,0.71075,0.711,1.00,1.00
2016.02.17 08:08:18.615,0.7107,0.71101,1.00,2.00
2016.02.17 08:08:19.143,0.7107,0.711,2.00,1.00
2016.02.17 08:08:19.813,0.7107,0.71098,1.00,1.00
2016.02.17 08:08:20.263,0.7107,0.71095,1.00,1.00
2016.02.17 08:08:20.314,0.71065,0.71096,1.00,2.00
2016.02.17 08:08:20.364,0.71065,0.71094,1.00,1.00
2016.02.17 08:08:20.813,0.7107,0.71094,1.00,1.00
2016.02.17 08:08:21.317,0.7107,0.71095,1.00,1.00
2016.02.17 08:08:22.353,0.71067,0.71095,1.00,1.00
2016.02.17 08:08:23.016,0.7107,0.71095,1.00,1.00
2016.02.17 08:08:23.359,0.7107,0.71097,1.00,1.00
2016.02.17 08:08:23.945,0.71075,0.71097,1.00,1.00
2016.02.17 08:08:24.096,0.71075,0.711,1.00,1.00
2016.02.17 08:08:24.279,0.7108,0.71107,1.00,1.00
2016.02.17 08:08:24.977,0.7108,0.71109,2.00,1.00
2016.02.17 08:08:25.221,0.7108,0.71105,2.00,1.00
2016.02.17 08:08:25.327,0.7108,0.71108,1.00,1.00
2016.02.17 08:08:25.397,0.7108,0.7111,1.00,2.00
2016.02.17 08:08:26.894,0.71079,0.71105,1.00,1.00
2016.02.17 08:08:26.944,0.71075,0.71103,1.00,1.00
2016.02.17 08:08:27.045,0.71074,0.71101,1.00,1.00
2016.02.17 08:08:27.095,0.7107,0.711,2.00,1.00
2016.02.17 08:08:27.461,0.71074,0.71101,1.00,1.00
2016.02.17 08:08:27.676,0.7107,0.711,1.00,2.00
2016.02.17 08:08:28.344,0.71075,0.711,1.00,2.00
2016.02.17 08:08:28.524,0.7107,0.711,1.00,2.00
2016.02.17 08:08:28.651,0.71075,0.711,1.00,2.00
2016.02.17 08:08:28.802,0.71075,0.71104,2.00,1.00
2016.02.17 08:08:28.903,0.71075,0.71101,1.00,1.00
2016.02.17 08:08:29.407,0.71075,0.71102,1.00,1.00
2016.02.17 08:08:29.457,0.71075,0.71104,2.00,1.00
2016.02.17 08:08:29.507,0.71078,0.71105,1.00,1.00
2016.02.17 08:08:29.833,0.71075,0.71101,1.00,1.00
2016.02.17 08:08:31.219,0.71075,0.711,1.00,1.00
2016.02.17 08:08:31.623,0.71075,0.71098,1.00,1.00
2016.02.17 08:08:32.436,0.71075,0.71099,1.00,1.00
2016.02.17 08:08:32.486,0.7107,0.71099,2.00,1.00
2016.02.17 08:08:35.344,0.71075,0.71099,1.00,1.00
2016.02.17 08:08:36.217,0.71075,0.711,1.00,1.00
2016.02.17 08:08:37.657,0.71071,0.711,1.00,1.00
2016.02.17 08:08:37.822,0.7107,0.71097,1.00,1.00
2016.02.17 08:08:37.974,0.7107,0.71099,1.00,1.00
2016.02.17 08:08:38.893,0.71069,0.71099,1.00,1.00
2016.02.17 08:08:39.023,0.7107,0.71096,1.00,1.00
2016.02.17 08:08:39.633,0.7107,0.71097,1.00,1.00
2016.02.17 08:08:40.518,0.71066,0.71097,1.00,1.00
2016.02.17 08:08:40.677,0.71065,0.71095,1.00,1.00
2016.02.17 08:08:40.985,0.7107,0.711,1.00,1.00
2016.02.17 08:08:41.413,0.71072,0.71101,1.00,1.00
2016.02.17 08:08:41.677,0.71074,0.71104,1.00,1.00
2016.02.17 08:08:42.265,0.71075,0.71104,2.00,1.00
2016.02.17 08:08:42.433,0.71073,0.71102,1.00,1.00
2016.02.17 08:08:42.853,0.71075,0.71102,1.00,1.00
2016.02.17 08:08:43.343,0.71075,0.711,1.00,1.00
2016.02.17 08:08:43.393,0.71069,0.71096,1.00,1.00
2016.02.17 08:08:43.544,0.71066,0.71095,1.00,1.00
2016.02.17 08:08:44.333,0.71066,0.71097,1.00,1.00
2016.02.17 08:08:44.519,0.7107,0.71097,1.00,1.00
2016.02.17 08:08:44.634,0.7107,0.71099,1.00,1.00
2016.02.17 08:08:45.757,0.7107,0.71098,1.00,1.00
2016.02.17 08:08:45.926,0.7107,0.71095,1.00,1.00
2016.02.17 08:08:46.233,0.71066,0.71095,1.00,2.00
2016.02.17 08:08:46.838,0.71065,0.71094,2.00,1.00
2016.02.17 08:08:47.115,0.7107,0.71094,1.00,1.00
2016.02.17 08:08:47.557,0.7107,0.71096,1.00,1.00
2016.02.17 08:08:47.663,0.7107,0.71098,1.00,1.00
2016.02.17 08:08:48.177,0.71072,0.71101,1.00,2.00
2016.02.17 08:08:49.296,0.71069,0.711,2.00,1.00
2016.02.17 08:08:49.424,0.71069,0.71096,1.00,1.00
2016.02.17 08:08:49.776,0.71074,0.711,1.00,1.00
2016.02.17 08:08:50.126,0.71074,0.71102,1.00,1.00
2016.02.17 08:08:50.195,0.71075,0.711,1.00,1.00
2016.02.17 08:08:51.677,0.71075,0.71099,1.00,1.00
2016.02.17 08:08:51.869,0.71069,0.71097,1.00,1.00
2016.02.17 08:08:51.920,0.71069,0.71095,1.00,1.00
2016.02.17 08:08:52.056,0.71069,0.71097,1.00,1.00
2016.02.17 08:08:52.207,0.71075,0.71098,1.00,1.00
2016.02.17 08:08:52.257,0.71075,0.711,1.00,2.00
2016.02.17 08:08:52.458,0.71075,0.71103,1.00,1.00
2016.02.17 08:08:52.716,0.71076,0.71105,1.00,1.00
2016.02.17 08:08:52.992,0.71074,0.71103,1.00,1.00
2016.02.17 08:08:53.496,0.71073,0.71104,1.00,1.00
2016.02.17 08:08:54.043,0.71074,0.71104,1.00,1.00
2016.02.17 08:08:55.897,0.71074,0.71105,2.00,1.00
2016.02.17 08:08:56.238,0.71081,0.7111,1.00,1.00
2016.02.17 08:08:56.572,0.7108,0.71104,1.00,1.00
2016.02.17 08:08:56.622,0.71075,0.71104,2.00,1.00
2016.02.17 08:08:57.381,0.71074,0.71103,1.00,1.00
2016.02.17 08:08:57.736,0.71078,0.71107,1.00,1.00
2016.02.17 08:08:58.351,0.71077,0.71106,1.00,1.00
2016.02.17 08:08:58.896,0.71072,0.71103,1.00,1.00
2016.02.17 08:08:58.946,0.71071,0.711,1.00,1.00
2016.02.17 08:08:59.652,0.7107,0.71099,1.00,1.00
2016.02.17 08:09:00.931,0.71068,0.71097,1.00,1.00
2016.02.17 08:09:01.278,0.71068,0.71095,1.00,1.00
2016.02.17 08:09:01.522,0.71068,0.71097,1.00,1.00
2016.02.17 08:09:06.415,0.71068,0.71099,1.00,1.00
2016.02.17 08:09:07.590,0.7107,0.71099,1.00,1.00
2016.02.17 08:09:08.336,0.71068,0.71097,1.00,1.00
2016.02.17 08:09:08.686,0.7107,0.71101,2.00,1.00
2016.02.17 08:09:08.786,0.71075,0.71104,1.00,1.00
2016.02.17 08:09:09.114,0.71077,0.71105,1.00,1.00
2016.02.17 08:09:09.555,0.71079,0.71105,1.00,1.00
2016.02.17 08:09:09.707,0.71079,0.7111,1.00,1.00
2016.02.17 08:09:10.105,0.71079,0.71105,1.00,1.00
2016.02.17 08:09:10.213,0.71079,0.7111,1.00,1.00
2016.02.17 08:09:11.312,0.71079,0.71105,1.00,1.00
2016.02.17 08:09:11.362,0.71076,0.71105,1.00,2.00
2016.02.17 08:09:11.413,0.71075,0.71102,1.00,1.00
2016.02.17 08:09:11.463,0.71073,0.71102,1.00,1.00
2016.02.17 08:09:11.792,0.71073,0.711,1.00,1.00
2016.02.17 08:09:12.476,0.71073,0.71102,1.00,1.00
2016.02.17 08:09:12.635,0.71073,0.711,1.00,1.00
2016.02.17 08:09:12.965,0.71074,0.71103,1.00,1.00
2016.02.17 08:09:13.182,0.71073,0.711,1.00,1.00
2016.02.17 08:09:13.733,0.71072,0.711,1.00,1.00
2016.02.17 08:09:14.313,0.71071,0.711,1.00,2.00
2016.02.17 08:09:15.104,0.7107,0.71099,1.00,1.00
2016.02.17 08:09:15.904,0.71071,0.711,1.00,1.00
2016.02.17 08:09:17.492,0.71071,0.71101,1.00,1.00
2016.02.17 08:09:17.896,0.71073,0.71101,1.00,1.00
2016.02.17 08:09:18.624,0.71073,0.711,1.00,1.00
2016.02.17 08:09:19.372,0.71072,0.711,1.00,1.00
2016.02.17 08:09:19.996,0.71073,0.71102,1.00,1.00
2016.02.17 08:09:20.114,0.71073,0.711,1.00,1.00
2016.02.17 08:09:20.662,0.71072,0.711,1.00,1.00
2016.02.17 08:09:21.812,0.71072,0.71101,1.00,2.00
2016.02.17 08:09:22.456,0.71073,0.71102,1.00,1.00
2016.02.17 08:09:23.956,0.71075,0.71104,1.00,1.00
2016.02.17 08:09:24.856,0.71073,0.71102,1.00,1.00
2016.02.17 08:09:25.576,0.71075,0.71104,1.00,1.00
2016.02.17 08:09:26.622,0.71078,0.71107,1.00,1.00
2016.02.17 08:09:26.764,0.71079,0.7111,1.00,2.00
2016.02.17 08:09:26.814,0.71076,0.71105,1.00,1.00
2016.02.17 08:09:26.864,0.71076,0.71107,1.00,1.00
2016.02.17 08:09:26.915,0.71075,0.71104,2.00,1.00
2016.02.17 08:09:27.374,0.71073,0.711,1.00,1.00
2016.02.17 08:09:27.812,0.71075,0.71105,2.00,1.00
2016.02.17 08:09:28.473,0.71075,0.711,2.00,1.00
2016.02.17 08:09:28.696,0.71075,0.71105,2.00,1.00
2016.02.17 08:09:28.816,0.71077,0.71105,1.00,1.00
2016.02.17 08:09:29.116,0.71075,0.71105,2.00,1.00
2016.02.17 08:09:29.421,0.71071,0.711,1.00,1.00
2016.02.17 08:09:30.233,0.71072,0.711,1.00,1.00
2016.02.17 08:09:30.631,0.71074,0.711,1.00,1.00
2016.02.17 08:09:31.117,0.71075,0.71104,2.00,1.00
2016.02.17 08:09:31.692,0.71076,0.71105,1.00,2.00
2016.02.17 08:09:32.740,0.71077,0.71105,1.00,1.00
2016.02.17 08:09:32.790,0.7108,0.71105,1.00,1.00
2016.02.17 08:09:33.357,0.71079,0.71108,1.00,1.00
2016.02.17 08:09:33.496,0.71077,0.71106,1.00,1.00
2016.02.17 08:09:34.009,0.71075,0.71104,1.00,1.00
2016.02.17 08:09:34.837,0.71076,0.71105,1.00,2.00
2016.02.17 08:09:36.561,0.71075,0.71104,1.00,1.00
2016.02.17 08:09:39.282,0.71071,0.711,1.00,1.00
2016.02.17 08:09:39.567,0.71055,0.71085,2.00,1.00
2016.02.17 08:09:39.668,0.71057,0.71085,1.00,1.00
2016.02.17 08:09:39.980,0.71054,0.71083,1.00,1.00
2016.02.17 08:09:40.030,0.71052,0.71081,1.00,1.00
2016.02.17 08:09:40.963,0.71053,0.71082,1.00,1.00
2016.02.17 08:09:41.906,0.71054,0.71083,1.00,1.00
2016.02.17 08:09:42.592,0.71055,0.71084,1.00,1.00
2016.02.17 08:09:42.745,0.71053,0.71084,1.00,1.00
2016.02.17 08:09:43.217,0.71053,0.71082,1.00,1.00
2016.02.17 08:09:43.587,0.71054,0.71085,1.00,2.00
2016.02.17 08:09:44.121,0.71055,0.71086,1.00,1.00
2016.02.17 08:09:44.425,0.71055,0.71084,2.00,1.00
2016.02.17 08:09:44.545,0.71055,0.71086,2.00,1.00
2016.02.17 08:09:44.833,0.71058,0.71087,1.00,1.00
2016.02.17 08:09:45.193,0.71061,0.7109,1.00,1.00
2016.02.17 08:09:45.545,0.71063,0.71092,1.00,1.00
2016.02.17 08:09:46.183,0.71063,0.71091,1.00,1.00
2016.02.17 08:09:46.467,0.7106,0.71089,1.00,1.00
2016.02.17 08:09:46.586,0.71062,0.7109,1.00,1.00
2016.02.17 08:09:46.687,0.71059,0.7109,1.00,2.00
2016.02.17 08:09:46.922,0.71061,0.7109,1.00,2.00
2016.02.17 08:09:46.972,0.71059,0.7109,1.00,2.00
2016.02.17 08:09:47.185,0.71062,0.7109,1.00,1.00
2016.02.17 08:09:48.051,0.71063,0.71091,1.00,1.00
2016.02.17 08:09:48.358,0.71055,0.71084,2.00,1.00
2016.02.17 08:09:48.409,0.71054,0.71082,1.00,1.00
2016.02.17 08:09:49.262,0.71059,0.71082,1.00,1.00
2016.02.17 08:09:49.947,0.7106,0.71082,1.00,1.00
2016.02.17 08:09:50.365,0.71055,0.71082,1.00,1.00
2016.02.17 08:09:50.846,0.71055,0.71084,2.00,1.00
2016.02.17 08:09:51.009,0.7106,0.71084,1.00,1.00
2016.02.17 08:09:51.059,0.7106,0.71088,1.00,1.00
2016.02.17 08:09:51.685,0.71059,0.71088,2.00,1.00
2016.02.17 08:09:52.233,0.7106,0.71088,1.00,1.00
2016.02.17 08:09:53.358,0.71065,0.71088,1.00,1.00
2016.02.17 08:09:53.492,0.71065,0.7109,1.00,1.00
2016.02.17 08:09:54.083,0.71064,0.7109,1.00,1.00
2016.02.17 08:09:54.356,0.71065,0.71094,2.00,1.00
2016.02.17 08:09:54.407,0.71067,0.71096,1.00,1.00
2016.02.17 08:09:54.754,0.7107,0.71099,2.00,1.00
2016.02.17 08:09:55.286,0.71071,0.711,1.00,1.00
2016.02.17 08:09:55.706,0.71072,0.71103,1.00,1.00
2016.02.17 08:09:55.883,0.71075,0.71103,1.00,1.00
2016.02.17 08:09:56.103,0.71072,0.71101,1.00,1.00
2016.02.17 08:09:56.153,0.7107,0.71098,1.00,1.00
2016.02.17 08:09:56.366,0.71071,0.711,1.00,1.00
2016.02.17 08:09:56.725,0.71072,0.71103,1.00,1.00
2016.02.17 08:09:56.786,0.71071,0.711,1.00,1.00
2016.02.17 08:09:57.325,0.71072,0.71101,1.00,1.00
2016.02.17 08:09:57.506,0.71072,0.71103,1.00,1.00
2016.02.17 08:09:57.808,0.71076,0.71105,1.00,1.00
2016.02.17 08:09:58.168,0.71074,0.71102,1.00,1.00
2016.02.17 08:09:58.219,0.71071,0.71102,1.00,1.00
2016.02.17 08:09:58.363,0.71073,0.71102,1.00,1.00
2016.02.17 08:09:59.351,0.71074,0.71102,1.00,1.00
2016.02.17 08:09:59.402,0.71074,0.71105,2.00,1.00
2016.02.17 08:09:59.905,0.71074,0.71102,1.00,1.00
2016.02.17 08:10:00.571,0.71073,0.71102,1.00,1.00
2016.02.17 08:10:01.187,0.71075,0.71102,1.00,1.00
2016.02.17 08:10:01.735,0.71075,0.71103,1.00,1.00
2016.02.17 08:10:01.785,0.71078,0.71107,1.00,1.00
2016.02.17 08:10:01.885,0.7108,0.71108,1.00,1.00
2016.02.17 08:10:01.936,0.71083,0.71112,1.00,1.00
2016.02.17 08:10:01.986,0.71085,0.71114,2.00,1.00
2016.02.17 08:10:02.330,0.7108,0.71107,1.00,1.00
2016.02.17 08:10:02.393,0.71078,0.71107,1.00,1.00
2016.02.17 08:10:02.444,0.71076,0.71105,1.00,1.00
2016.02.17 08:10:02.935,0.71078,0.71107,1.00,1.00
2016.02.17 08:10:03.604,0.7108,0.71108,1.00,1.00
2016.02.17 08:10:04.283,0.7108,0.71109,1.00,1.00
2016.02.17 08:10:04.998,0.71081,0.7111,1.00,1.00
2016.02.17 08:10:05.965,0.71083,0.71112,1.00,1.00
2016.02.17 08:10:06.455,0.71085,0.71114,2.00,1.00
2016.02.17 08:10:06.608,0.71082,0.71113,1.00,1.00
2016.02.17 08:10:08.512,0.71081,0.71112,1.00,1.00
2016.02.17 08:10:08.657,0.7108,0.71109,1.00,1.00
2016.02.17 08:10:09.256,0.71081,0.7111,1.00,1.00
2016.02.17 08:10:10.157,0.71082,0.71111,1.00,1.00
2016.02.17 08:10:10.623,0.71084,0.71113,1.00,1.00
2016.02.17 08:10:11.138,0.71085,0.71114,1.00,1.00
2016.02.17 08:10:11.883,0.71085,0.7111,1.00,1.00
2016.02.17 08:10:11.933,0.71083,0.7111,1.00,1.00
2016.02.17 08:10:11.984,0.71085,0.71114,1.00,1.00
2016.02.17 08:10:12.515,0.71086,0.71115,1.00,1.00
2016.02.17 08:10:12.845,0.71089,0.71115,1.00,1.00
2016.02.17 08:10:12.953,0.71086,0.71115,1.00,1.00
2016.02.17 08:10:13.591,0.71085,0.71114,2.00,1.00
2016.02.17 08:10:14.196,0.71086,0.71115,1.00,1.00
2016.02.17 08:10:16.862,0.71084,0.71113,1.00,1.00
2016.02.17 08:10:16.963,0.71084,0.71115,1.00,1.00
2016.02.17 08:10:17.546,0.71085,0.71115,1.00,1.00
2016.02.17 08:10:17.652,0.71086,0.71117,1.00,1.00
2016.02.17 08:10:17.702,0.71088,0.71117,1.00,1.00
2016.02.17 08:10:18.175,0.7109,0.71119,1.00,1.00
2016.02.17 08:10:18.497,0.71085,0.71116,1.00,1.00
2016.02.17 08:10:18.548,0.71084,0.71112,1.00,1.00
2016.02.17 08:10:18.963,0.71088,0.71117,1.00,1.00
2016.02.17 08:10:19.092,0.71088,0.71119,1.00,1.00
2016.02.17 08:10:19.193,0.71091,0.7112,1.00,2.00
2016.02.17 08:10:19.513,0.7109,0.71116,1.00,1.00
2016.02.17 08:10:19.563,0.71087,0.71116,1.00,1.00
2016.02.17 08:10:19.802,0.71085,0.71116,1.00,1.00
2016.02.17 08:10:19.956,0.71088,0.71117,1.00,1.00
2016.02.17 08:10:20.726,0.71087,0.71116,1.00,1.00
2016.02.17 08:10:21.615,0.71086,0.71115,1.00,1.00
2016.02.17 08:10:22.775,0.71083,0.71112,1.00,1.00
2016.02.17 08:10:23.184,0.71082,0.7111,1.00,1.00
2016.02.17 08:10:23.284,0.71079,0.71108,1.00,1.00
2016.02.17 08:10:23.609,0.71081,0.71112,1.00,1.00
2016.02.17 08:10:23.659,0.71083,0.71112,1.00,1.00
2016.02.17 08:10:26.282,0.71083,0.71111,1.00,1.00
2016.02.17 08:10:26.846,0.7108,0.7111,1.00,1.00
2016.02.17 08:10:27.447,0.71077,0.71108,1.00,1.00
2016.02.17 08:10:27.566,0.71075,0.71105,1.00,1.00
2016.02.17 08:10:27.876,0.71073,0.71102,1.00,1.00
2016.02.17 08:10:28.411,0.71074,0.71103,1.00,1.00
2016.02.17 08:10:28.646,0.71074,0.71105,1.00,2.00
2016.02.17 08:10:28.746,0.71076,0.71105,1.00,2.00
2016.02.17 08:10:29.263,0.71077,0.71106,1.00,1.00
2016.02.17 08:10:29.771,0.7108,0.71109,1.00,1.00
2016.02.17 08:10:30.170,0.71083,0.71112,1.00,1.00
2016.02.17 08:10:30.626,0.71084,0.71115,1.00,2.00
2016.02.17 08:10:30.747,0.71088,0.71117,1.00,1.00
2016.02.17 08:10:31.197,0.71086,0.71115,1.00,1.00
2016.02.17 08:10:32.453,0.71085,0.71114,1.00,1.00
2016.02.17 08:10:32.952,0.71083,0.71112,1.00,1.00
2016.02.17 08:10:33.371,0.71086,0.71115,1.00,1.00
2016.02.17 08:10:34.213,0.71085,0.71115,1.00,1.00
2016.02.17 08:10:34.728,0.71084,0.71115,1.00,2.00
2016.02.17 08:10:35.307,0.71084,0.71113,1.00,1.00
2016.02.17 08:10:35.847,0.71083,0.71112,1.00,1.00
2016.02.17 08:10:36.852,0.71084,0.71113,1.00,1.00
2016.02.17 08:10:37.403,0.71085,0.71114,1.00,1.00
2016.02.17 08:10:41.665,0.71084,0.71113,1.00,1.00
2016.02.17 08:10:42.733,0.71082,0.71111,1.00,1.00
2016.02.17 08:10:43.716,0.7108,0.71107,1.00,1.00
2016.02.17 08:10:43.818,0.71076,0.71105,1.00,1.00
2016.02.17 08:10:44.428,0.71074,0.71104,1.00,1.00
2016.02.17 08:10:44.529,0.71072,0.71103,1.00,1.00
2016.02.17 08:10:44.630,0.71074,0.71103,1.00,1.00
2016.02.17 08:10:44.831,0.71077,0.71108,1.00,1.00
2016.02.17 08:10:45.478,0.71078,0.71109,1.00,1.00
2016.02.17 08:10:47.522,0.7108,0.71109,1.00,1.00
2016.02.17 08:10:49.108,0.71078,0.71107,1.00,1.00
2016.02.17 08:10:49.502,0.71076,0.71105,1.00,1.00
2016.02.17 08:10:49.935,0.71074,0.71105,1.00,2.00
2016.02.17 08:10:49.986,0.71071,0.71102,1.00,1.00
2016.02.17 08:10:50.300,0.71075,0.71102,1.00,1.00
2016.02.17 08:10:50.350,0.71075,0.71105,1.00,2.00
2016.02.17 08:10:50.712,0.71077,0.71108,1.00,1.00
2016.02.17 08:10:51.533,0.71079,0.71108,1.00,1.00
2016.02.17 08:10:52.017,0.71077,0.71106,1.00,1.00
2016.02.17 08:10:52.585,0.71078,0.71107,1.00,1.00
2016.02.17 08:10:53.622,0.71075,0.71103,1.00,1.00
2016.02.17 08:10:53.723,0.71071,0.711,1.00,1.00
2016.02.17 08:10:53.874,0.71066,0.71095,1.00,1.00
2016.02.17 08:10:54.192,0.71063,0.71092,1.00,1.00
2016.02.17 08:10:54.292,0.71061,0.71092,1.00,1.00
2016.02.17 08:10:54.343,0.71061,0.7109,1.00,1.00
2016.02.17 08:10:55.335,0.71061,0.71092,1.00,1.00
2016.02.17 08:10:56.101,0.7106,0.71089,1.00,1.00
2016.02.17 08:10:56.431,0.7106,0.71086,1.00,1.00
2016.02.17 08:10:56.702,0.7106,0.71089,2.00,1.00
2016.02.17 08:10:56.802,0.71062,0.7109,1.00,1.00
2016.02.17 08:10:57.231,0.71065,0.7109,1.00,1.00
2016.02.17 08:10:57.785,0.71061,0.7109,1.00,1.00
2016.02.17 08:10:58.216,0.71065,0.71091,1.00,1.00
2016.02.17 08:10:58.303,0.71062,0.71091,1.00,1.00
2016.02.17 08:11:01.885,0.7106,0.71089,2.00,1.00
2016.02.17 08:11:02.431,0.7106,0.71088,1.00,1.00
2016.02.17 08:11:03.203,0.7106,0.71089,2.00,1.00
2016.02.17 08:11:04.106,0.71061,0.7109,1.00,1.00
2016.02.17 08:11:05.452,0.7106,0.71089,1.00,1.00
2016.02.17 08:11:06.012,0.7106,0.71088,1.00,1.00
2016.02.17 08:11:08.198,0.7106,0.7109,1.00,2.00
2016.02.17 08:11:08.596,0.71062,0.71091,1.00,1.00
2016.02.17 08:11:09.093,0.71064,0.71091,1.00,1.00
2016.02.17 08:11:09.312,0.71062,0.71091,1.00,1.00
2016.02.17 08:11:10.596,0.71061,0.7109,1.00,1.00
2016.02.17 08:11:11.204,0.71063,0.71092,1.00,1.00
2016.02.17 08:11:11.601,0.71064,0.71095,1.00,1.00
2016.02.17 08:11:12.503,0.71065,0.71095,1.00,2.00
2016.02.17 08:11:13.375,0.71065,0.71093,1.00,1.00
2016.02.17 08:11:14.041,0.71064,0.71093,1.00,1.00
2016.02.17 08:11:14.795,0.71065,0.71094,1.00,1.00
2016.02.17 08:11:15.875,0.71066,0.71095,1.00,1.00
2016.02.17 08:11:16.852,0.71065,0.71094,2.00,1.00
2016.02.17 08:11:19.416,0.71065,0.71093,1.00,1.00
2016.02.17 08:11:19.981,0.71064,0.71093,1.00,1.00
2016.02.17 08:11:21.875,0.71063,0.71092,1.00,1.00
2016.02.17 08:11:22.556,0.71061,0.7109,1.00,1.00
2016.02.17 08:11:22.896,0.71057,0.71086,1.00,1.00
2016.02.17 08:11:23.203,0.7106,0.71091,2.00,1.00
2016.02.17 08:11:28.177,0.7106,0.71089,1.00,1.00
2016.02.17 08:11:28.579,0.71056,0.71085,1.00,1.00
2016.02.17 08:11:28.758,0.71056,0.71087,1.00,1.00
2016.02.17 08:11:29.197,0.71058,0.71087,1.00,1.00
2016.02.17 08:11:29.682,0.71066,0.71095,1.00,1.00
2016.02.17 08:11:30.205,0.71067,0.71096,1.00,1.00
2016.02.17 08:11:30.713,0.71068,0.71097,1.00,1.00
2016.02.17 08:11:31.410,0.71067,0.71096,1.00,1.00
2016.02.17 08:11:32.255,0.71066,0.71095,1.00,1.00
2016.02.17 08:11:32.564,0.71065,0.71093,1.00,1.00
2016.02.17 08:11:33.114,0.71067,0.71096,1.00,1.00
2016.02.17 08:11:34.901,0.71065,0.71092,1.00,1.00
2016.02.17 08:11:34.951,0.71063,0.71092,1.00,1.00
2016.02.17 08:11:35.101,0.71061,0.7109,1.00,1.00
2016.02.17 08:11:35.641,0.71062,0.71091,1.00,1.00
2016.02.17 08:11:35.967,0.71065,0.71094,1.00,1.00
2016.02.17 08:11:36.276,0.71062,0.71091,1.00,1.00
2016.02.17 08:11:36.462,0.71063,0.71094,1.00,1.00
2016.02.17 08:11:39.455,0.71063,0.71092,1.00,1.00
2016.02.17 08:11:40.100,0.71062,0.71091,1.00,1.00
2016.02.17 08:11:40.401,0.7106,0.71088,1.00,1.00
2016.02.17 08:11:40.536,0.71062,0.71093,1.00,1.00
2016.02.17 08:11:40.586,0.71065,0.71093,1.00,1.00
2016.02.17 08:11:40.886,0.71066,0.71095,1.00,1.00
2016.02.17 08:11:41.656,0.71065,0.71094,1.00,1.00
2016.02.17 08:11:42.302,0.71066,0.71095,1.00,1.00
2016.02.17 08:11:42.949,0.71067,0.71096,1.00,1.00
2016.02.17 08:11:44.775,0.71066,0.71095,1.00,1.00
2016.02.17 08:11:44.837,0.71066,0.71097,1.00,1.00
2016.02.17 08:11:48.381,0.71068,0.71097,1.00,1.00
2016.02.17 08:11:48.720,0.71072,0.71101,1.00,1.00
2016.02.17 08:11:49.031,0.71069,0.71098,1.00,1.00
2016.02.17 08:11:54.084,0.71072,0.71101,1.00,1.00
2016.02.17 08:11:55.170,0.71073,0.71102,1.00,1.00
2016.02.17 08:11:57.531,0.71072,0.71101,1.00,1.00
2016.02.17 08:11:58.047,0.71073,0.71102,1.00,1.00
2016.02.17 08:11:58.396,0.71076,0.71105,1.00,1.00
2016.02.17 08:11:58.961,0.71075,0.71104,1.00,1.00
2016.02.17 08:11:59.306,0.71078,0.71107,1.00,1.00
2016.02.17 08:12:04.193,0.71079,0.71107,1.00,1.00
2016.02.17 08:12:04.310,0.7108,0.71109,1.00,1.00
2016.02.17 08:12:04.982,0.71077,0.71108,1.00,1.00
2016.02.17 08:12:05.162,0.71077,0.71106,1.00,1.00
2016.02.17 08:12:05.561,0.71073,0.71102,1.00,1.00
2016.02.17 08:12:06.102,0.71071,0.711,1.00,1.00
2016.02.17 08:12:06.507,0.71073,0.71102,1.00,1.00
2016.02.17 08:12:06.595,0.7107,0.71101,1.00,1.00
2016.02.17 08:12:06.695,0.71072,0.71101,1.00,1.00
2016.02.17 08:12:07.212,0.71073,0.71102,1.00,1.00
2016.02.17 08:12:08.109,0.71071,0.711,1.00,1.00
2016.02.17 08:12:08.702,0.71072,0.71101,1.00,1.00
2016.02.17 08:12:09.656,0.7107,0.71101,2.00,1.00
2016.02.17 08:12:09.775,0.7107,0.71099,1.00,1.00
2016.02.17 08:12:12.199,0.71068,0.71099,1.00,1.00
2016.02.17 08:12:12.493,0.71067,0.71096,1.00,1.00
2016.02.17 08:12:12.856,0.71062,0.71091,1.00,1.00
2016.02.17 08:12:13.336,0.7106,0.71089,2.00,1.00
2016.02.17 08:12:13.838,0.71064,0.71093,1.00,1.00
2016.02.17 08:12:14.421,0.71065,0.71094,2.00,1.00
2016.02.17 08:12:14.866,0.71062,0.71093,1.00,1.00
2016.02.17 08:12:15.175,0.71062,0.71091,1.00,1.00
2016.02.17 08:12:15.686,0.71063,0.71092,1.00,1.00
2016.02.17 08:12:17.002,0.71061,0.7109,1.00,1.00
2016.02.17 08:12:18.438,0.71058,0.71087,1.00,1.00
2016.02.17 08:12:18.746,0.71055,0.71084,2.00,1.00
2016.02.17 08:12:19.311,0.71054,0.71083,1.00,1.00
2016.02.17 08:12:19.843,0.71055,0.71084,1.00,1.00
2016.02.17 08:12:20.456,0.71056,0.71087,1.00,1.00
2016.02.17 08:12:21.499,0.71055,0.71084,1.00,1.00
2016.02.17 08:12:22.170,0.71056,0.71087,1.00,1.00
2016.02.17 08:12:22.220,0.71061,0.7109,1.00,2.00
2016.02.17 08:12:22.836,0.71058,0.71089,1.00,1.00
2016.02.17 08:12:23.034,0.7106,0.71089,1.00,1.00
2016.02.17 08:12:24.118,0.71059,0.71088,1.00,1.00
2016.02.17 08:12:24.470,0.71056,0.71085,1.00,1.00
2016.02.17 08:12:25.421,0.71057,0.71086,1.00,1.00
2016.02.17 08:12:25.925,0.71056,0.71087,1.00,1.00
2016.02.17 08:12:26.271,0.71056,0.71085,1.00,1.00
2016.02.17 08:12:27.604,0.71055,0.71083,1.00,1.00
2016.02.17 08:12:27.710,0.71053,0.71082,1.00,1.00
2016.02.17 08:12:28.441,0.71053,0.71084,1.00,1.00
2016.02.17 08:12:28.909,0.71055,0.71084,1.00,1.00
2016.02.17 08:12:29.800,0.71053,0.71084,1.00,1.00
2016.02.17 08:12:29.971,0.71055,0.71084,1.00,1.00
2016.02.17 08:12:30.312,0.71057,0.71086,1.00,1.00
2016.02.17 08:12:30.849,0.71058,0.71087,1.00,1.00
2016.02.17 08:12:32.334,0.71059,0.71088,1.00,1.00
2016.02.17 08:12:35.380,0.7106,0.71089,1.00,1.00
2016.02.17 08:12:39.499,0.71058,0.71089,1.00,1.00
2016.02.17 08:12:39.670,0.71058,0.71087,1.00,1.00
2016.02.17 08:12:40.234,0.71057,0.71086,1.00,1.00
2016.02.17 08:12:42.620,0.71057,0.71085,1.00,1.00
2016.02.17 08:12:43.171,0.71057,0.71086,1.00,1.00
2016.02.17 08:12:43.569,0.7106,0.71089,1.00,1.00
2016.02.17 08:12:44.135,0.71062,0.71091,1.00,1.00
2016.02.17 08:12:45.094,0.71063,0.71094,1.00,1.00
2016.02.17 08:12:45.880,0.71062,0.71091,1.00,1.00
2016.02.17 08:12:52.835,0.71061,0.7109,1.00,1.00
2016.02.17 08:12:53.170,0.71059,0.71088,1.00,1.00
2016.02.17 08:12:53.452,0.71056,0.71087,1.00,1.00
2016.02.17 08:12:53.503,0.71055,0.71084,2.00,1.00
2016.02.17 08:12:53.845,0.71057,0.71086,1.00,1.00
2016.02.17 08:12:54.359,0.71058,0.71087,1.00,1.00
2016.02.17 08:12:55.354,0.7106,0.71089,1.00,1.00
2016.02.17 08:12:55.696,0.71058,0.71087,1.00,1.00
2016.02.17 08:12:56.139,0.71056,0.71087,1.00,1.00
2016.02.17 08:12:56.195,0.71059,0.71088,1.00,1.00
2016.02.17 08:12:58.641,0.7106,0.71089,1.00,1.00
2016.02.17 08:12:59.691,0.71058,0.71087,1.00,1.00
2016.02.17 08:12:59.914,0.71056,0.71087,1.00,1.00
2016.02.17 08:13:00.095,0.71056,0.71085,1.00,1.00
2016.02.17 08:13:00.514,0.71058,0.71089,1.00,1.00
2016.02.17 08:13:02.470,0.71062,0.71091,1.00,1.00
2016.02.17 08:13:02.520,0.71064,0.71095,1.00,1.00
2016.02.17 08:13:02.764,0.71064,0.71093,1.00,1.00
2016.02.17 08:13:03.081,0.71066,0.71095,1.00,1.00
2016.02.17 08:13:03.935,0.71065,0.71094,1.00,1.00
2016.02.17 08:13:06.761,0.71066,0.71095,1.00,1.00
2016.02.17 08:13:09.754,0.71067,0.71096,1.00,1.00
2016.02.17 08:13:10.614,0.71068,0.71097,1.00,1.00
2016.02.17 08:13:10.904,0.71072,0.71103,1.00,1.00
2016.02.17 08:13:10.954,0.71074,0.71103,1.00,1.00
2016.02.17 08:13:11.055,0.71075,0.71105,1.00,1.00
2016.02.17 08:13:11.367,0.71078,0.71107,1.00,1.00
2016.02.17 08:13:11.708,0.71081,0.7111,1.00,2.00
2016.02.17 08:13:12.211,0.71082,0.7111,1.00,1.00
2016.02.17 08:13:13.014,0.71081,0.7111,1.00,2.00
2016.02.17 08:13:13.861,0.71082,0.7111,1.00,1.00
2016.02.17 08:13:14.320,0.71083,0.71112,1.00,1.00
2016.02.17 08:13:14.814,0.71083,0.71114,1.00,1.00
2016.02.17 08:13:15.011,0.71083,0.71112,1.00,1.00
2016.02.17 08:13:15.342,0.71085,0.7111,1.00,1.00
2016.02.17 08:13:15.402,0.71085,0.71114,1.00,1.00
2016.02.17 08:13:15.513,0.71085,0.7111,1.00,1.00
2016.02.17 08:13:15.728,0.71083,0.7111,1.00,1.00
2016.02.17 08:13:15.902,0.71081,0.7111,1.00,2.00
2016.02.17 08:13:16.406,0.71084,0.7111,1.00,1.00
2016.02.17 08:13:16.519,0.71085,0.71114,1.00,1.00
2016.02.17 08:13:17.050,0.71085,0.71111,1.00,1.00
2016.02.17 08:13:17.822,0.71085,0.7111,1.00,1.00
2016.02.17 08:13:18.355,0.71085,0.71111,1.00,1.00
2016.02.17 08:13:19.030,0.71085,0.71114,1.00,1.00
2016.02.17 08:13:19.769,0.71086,0.71115,1.00,2.00
2016.02.17 08:13:20.132,0.71086,0.7111,1.00,1.00
2016.02.17 08:13:20.182,0.71086,0.71115,1.00,2.00
2016.02.17 08:13:22.840,0.71087,0.71115,1.00,1.00
2016.02.17 08:13:23.276,0.7109,0.71115,1.00,1.00
2016.02.17 08:13:23.326,0.7109,0.71119,1.00,1.00
2016.02.17 08:13:23.773,0.71089,0.71115,1.00,1.00
2016.02.17 08:13:24.834,0.71088,0.71115,1.00,1.00
2016.02.17 08:13:25.320,0.71087,0.7111,1.00,1.00
2016.02.17 08:13:25.374,0.71085,0.7111,1.00,1.00
2016.02.17 08:13:25.435,0.71082,0.7111,1.00,1.00
2016.02.17 08:13:25.734,0.7108,0.7111,1.00,1.00
2016.02.17 08:13:25.834,0.71083,0.7111,1.00,1.00
2016.02.17 08:13:26.338,0.71087,0.7111,1.00,1.00
2016.02.17 08:13:26.445,0.71088,0.71115,1.00,1.00
2016.02.17 08:13:26.495,0.7109,0.71115,1.00,1.00
2016.02.17 08:13:27.113,0.71089,0.71115,1.00,1.00
2016.02.17 08:13:27.500,0.7109,0.71119,1.00,1.00
2016.02.17 08:13:27.611,0.7109,0.71115,1.00,1.00
2016.02.17 08:13:28.052,0.7109,0.71119,1.00,1.00
2016.02.17 08:13:28.729,0.7109,0.71116,1.00,1.00
2016.02.17 08:13:29.369,0.71089,0.71115,1.00,1.00
2016.02.17 08:13:29.612,0.71086,0.71115,1.00,1.00
2016.02.17 08:13:29.663,0.71084,0.71113,1.00,1.00
2016.02.17 08:13:30.030,0.71082,0.7111,1.00,1.00
2016.02.17 08:13:30.414,0.71084,0.71113,1.00,1.00
2016.02.17 08:13:30.988,0.71085,0.71114,1.00,1.00
2016.02.17 08:13:31.314,0.71088,0.71117,1.00,1.00
2016.02.17 08:13:31.690,0.7109,0.71119,1.00,1.00
2016.02.17 08:13:32.607,0.7109,0.71116,1.00,1.00
2016.02.17 08:13:32.657,0.71088,0.71116,1.00,1.00
2016.02.17 08:13:33.329,0.71087,0.71115,1.00,1.00
2016.02.17 08:13:35.201,0.71087,0.71116,1.00,2.00
2016.02.17 08:13:35.361,0.71085,0.71116,1.00,2.00
2016.02.17 08:13:35.420,0.71085,0.7111,1.00,1.00
2016.02.17 08:13:35.912,0.71083,0.71111,1.00,1.00
2016.02.17 08:13:36.234,0.7108,0.71111,1.00,2.00
2016.02.17 08:13:36.302,0.7108,0.71105,1.00,1.00
2016.02.17 08:13:36.412,0.7108,0.7111,1.00,1.00
2016.02.17 08:13:36.980,0.71082,0.7111,1.00,1.00
2016.02.17 08:13:37.089,0.71083,0.71112,1.00,1.00
2016.02.17 08:13:40.039,0.71083,0.7111,1.00,1.00
2016.02.17 08:13:40.479,0.71083,0.71112,1.00,1.00
2016.02.17 08:13:41.029,0.71083,0.7111,1.00,1.00
2016.02.17 08:13:41.155,0.71081,0.7111,1.00,1.00
2016.02.17 08:13:42.724,0.71082,0.7111,1.00,1.00
2016.02.17 08:13:44.654,0.71081,0.7111,1.00,2.00
2016.02.17 08:13:45.276,0.7108,0.71109,1.00,1.00
2016.02.17 08:13:45.481,0.71082,0.7111,1.00,1.00
2016.02.17 08:13:46.748,0.71082,0.71111,1.00,2.00
2016.02.17 08:13:47.191,0.71082,0.71105,1.00,1.00
2016.02.17 08:13:47.629,0.71082,0.71111,1.00,2.00
2016.02.17 08:13:48.178,0.71082,0.7111,1.00,1.00
2016.02.17 08:13:48.310,0.71082,0.71105,1.00,1.00
2016.02.17 08:13:48.411,0.7108,0.71106,1.00,1.00
2016.02.17 08:13:48.613,0.71074,0.71105,1.00,1.00
2016.02.17 08:13:48.664,0.71074,0.711,1.00,1.00
2016.02.17 08:13:49.073,0.71074,0.71105,1.00,2.00
2016.02.17 08:13:49.188,0.71076,0.71105,1.00,2.00
2016.02.17 08:13:49.575,0.71076,0.711,1.00,1.00
2016.02.17 08:13:49.626,0.71076,0.71105,1.00,1.00
2016.02.17 08:13:49.676,0.71078,0.71106,1.00,1.00
2016.02.17 08:13:50.380,0.71078,0.71105,1.00,1.00
2016.02.17 08:13:50.766,0.71076,0.71105,1.00,1.00
2016.02.17 08:13:51.447,0.71075,0.71104,1.00,1.00
2016.02.17 08:13:53.135,0.71074,0.71103,1.00,1.00
2016.02.17 08:13:53.259,0.71072,0.711,1.00,1.00
2016.02.17 08:13:53.589,0.7107,0.71095,1.00,1.00
2016.02.17 08:13:53.920,0.7107,0.7109,1.00,1.00
2016.02.17 08:13:53.978,0.71066,0.7109,1.00,1.00
2016.02.17 08:13:54.130,0.71065,0.71085,1.00,1.00
2016.02.17 08:13:54.458,0.71057,0.71085,1.00,1.00
2016.02.17 08:13:54.681,0.71055,0.71084,1.00,1.00
2016.02.17 08:13:55.189,0.71056,0.71085,1.00,2.00
2016.02.17 08:13:56.389,0.71054,0.71085,1.00,2.00
2016.02.17 08:13:56.639,0.71054,0.7108,1.00,1.00
2016.02.17 08:13:56.740,0.71054,0.71085,1.00,2.00
2016.02.17 08:13:57.181,0.71054,0.7108,1.00,1.00
2016.02.17 08:13:57.291,0.71054,0.71085,1.00,1.00
2016.02.17 08:13:57.717,0.71056,0.71085,1.00,2.00
2016.02.17 08:13:58.049,0.71058,0.71085,1.00,1.00
2016.02.17 08:13:58.330,0.71056,0.71085,1.00,1.00
2016.02.17 08:13:58.940,0.71056,0.71086,1.00,1.00
2016.02.17 08:14:00.147,0.71056,0.71085,1.00,1.00
2016.02.17 08:14:00.479,0.71055,0.7108,1.00,1.00
2016.02.17 08:14:01.034,0.71056,0.71085,1.00,2.00
2016.02.17 08:14:01.385,0.71058,0.71086,1.00,1.00
2016.02.17 08:14:01.626,0.71061,0.7109,1.00,2.00
2016.02.17 08:14:01.744,0.71063,0.7109,1.00,1.00
2016.02.17 08:14:01.993,0.71065,0.71094,1.00,1.00
2016.02.17 08:14:04.271,0.71066,0.71097,1.00,1.00
2016.02.17 08:14:04.324,0.71068,0.71097,1.00,1.00
2016.02.17 08:14:04.674,0.7107,0.71099,1.00,1.00
2016.02.17 08:14:06.623,0.71071,0.711,1.00,1.00
2016.02.17 08:14:07.349,0.71068,0.71099,1.00,1.00
2016.02.17 08:14:07.609,0.71068,0.71097,1.00,1.00
2016.02.17 08:14:07.854,0.71066,0.71096,1.00,1.00
2016.02.17 08:14:07.904,0.71065,0.71094,1.00,1.00
2016.02.17 08:14:08.413,0.71064,0.71093,1.00,1.00
2016.02.17 08:14:08.729,0.71064,0.7109,1.00,1.00
2016.02.17 08:14:09.279,0.71064,0.71093,1.00,1.00
2016.02.17 08:14:09.383,0.71066,0.71095,1.00,2.00
2016.02.17 08:14:09.727,0.71066,0.7109,1.00,1.00
2016.02.17 08:14:09.837,0.71066,0.71095,1.00,2.00
2016.02.17 08:14:10.345,0.71065,0.71094,1.00,1.00
2016.02.17 08:14:10.396,0.71065,0.7109,1.00,1.00
2016.02.17 08:14:10.558,0.71063,0.7109,1.00,1.00
2016.02.17 08:14:11.147,0.71062,0.7109,1.00,1.00
2016.02.17 08:14:11.433,0.71059,0.71088,1.00,1.00
2016.02.17 08:14:12.034,0.71059,0.71085,1.00,1.00
2016.02.17 08:14:12.192,0.71055,0.71084,1.00,1.00
2016.02.17 08:14:13.223,0.71055,0.71085,1.00,1.00
2016.02.17 08:14:13.359,0.71058,0.71087,1.00,1.00
2016.02.17 08:14:13.544,0.71058,0.71089,1.00,1.00
2016.02.17 08:14:14.118,0.71058,0.71085,1.00,1.00
2016.02.17 08:14:14.585,0.71058,0.71089,1.00,1.00
2016.02.17 08:14:14.663,0.71058,0.71087,1.00,1.00
2016.02.17 08:14:15.111,0.71058,0.71085,1.00,1.00
2016.02.17 08:14:15.161,0.71056,0.71085,1.00,2.00
2016.02.17 08:14:15.212,0.71054,0.71083,1.00,1.00
2016.02.17 08:14:15.312,0.71052,0.71083,1.00,1.00
2016.02.17 08:14:15.490,0.71051,0.7108,1.00,2.00
2016.02.17 08:14:15.923,0.71053,0.71081,1.00,1.00
2016.02.17 08:14:16.454,0.71052,0.7108,1.00,1.00
2016.02.17 08:14:16.809,0.7105,0.71079,1.00,1.00
2016.02.17 08:14:17.354,0.71051,0.7108,1.00,1.00
2016.02.17 08:14:17.823,0.71053,0.7108,1.00,1.00
2016.02.17 08:14:18.775,0.71053,0.71082,1.00,1.00
2016.02.17 08:14:20.282,0.71053,0.7108,1.00,1.00
2016.02.17 08:14:20.611,0.71053,0.71082,1.00,1.00
2016.02.17 08:14:20.830,0.71052,0.7108,1.00,1.00
2016.02.17 08:14:22.040,0.71052,0.71081,1.00,1.00
2016.02.17 08:14:22.344,0.71052,0.71083,1.00,1.00
2016.02.17 08:14:23.243,0.71054,0.71085,1.00,2.00
2016.02.17 08:14:23.579,0.71053,0.71082,1.00,1.00
2016.02.17 08:14:24.411,0.71053,0.7108,1.00,1.00
2016.02.17 08:14:24.567,0.71053,0.71082,1.00,1.00
2016.02.17 08:14:25.910,0.71054,0.71083,1.00,1.00
2016.02.17 08:14:26.658,0.71054,0.71081,1.00,1.00
2016.02.17 08:14:27.207,0.71054,0.71083,1.00,1.00
2016.02.17 08:14:27.916,0.71054,0.7108,1.00,1.00
2016.02.17 08:14:27.966,0.71051,0.7108,1.00,2.00
2016.02.17 08:14:28.016,0.71049,0.71076,1.00,1.00
2016.02.17 08:14:28.165,0.71046,0.71075,1.00,1.00
2016.02.17 08:14:28.265,0.71044,0.71073,1.00,1.00
2016.02.17 08:14:28.639,0.71049,0.71078,1.00,1.00
2016.02.17 08:14:29.189,0.7105,0.71079,1.00,1.00
2016.02.17 08:14:29.519,0.71048,0.71077,1.00,1.00
2016.02.17 08:14:29.901,0.71051,0.7108,1.00,2.00
2016.02.17 08:14:30.619,0.71052,0.7108,1.00,1.00
2016.02.17 08:14:30.890,0.71047,0.71078,1.00,1.00
2016.02.17 08:14:31.277,0.71047,0.71076,1.00,1.00
2016.02.17 08:14:31.723,0.71049,0.71078,1.00,1.00
2016.02.17 08:14:32.144,0.71046,0.71077,1.00,1.00
2016.02.17 08:14:32.503,0.71049,0.71078,1.00,1.00
2016.02.17 08:14:33.359,0.71049,0.7108,1.00,1.00
2016.02.17 08:14:33.943,0.71048,0.71077,1.00,1.00
2016.02.17 08:14:35.178,0.71047,0.71076,1.00,1.00
2016.02.17 08:14:35.596,0.7104,0.71069,1.00,1.00
2016.02.17 08:14:36.343,0.71041,0.7107,1.00,2.00
2016.02.17 08:14:37.184,0.71042,0.7107,1.00,1.00
2016.02.17 08:14:37.611,0.71044,0.71073,1.00,1.00
2016.02.17 08:14:38.267,0.71042,0.71071,1.00,1.00
2016.02.17 08:14:38.830,0.71041,0.7107,1.00,2.00
2016.02.17 08:14:39.154,0.71045,0.71074,1.00,1.00
2016.02.17 08:14:40.303,0.71044,0.71073,1.00,1.00
2016.02.17 08:14:40.867,0.71043,0.71072,1.00,1.00
2016.02.17 08:14:41.012,0.71043,0.71074,1.00,1.00
2016.02.17 08:14:41.788,0.71042,0.71073,1.00,1.00
2016.02.17 08:14:41.838,0.71042,0.71071,1.00,1.00
2016.02.17 08:14:41.889,0.7104,0.7107,2.00,1.00
2016.02.17 08:14:42.343,0.71043,0.71074,1.00,1.00
2016.02.17 08:14:42.522,0.71045,0.71074,1.00,1.00
2016.02.17 08:14:44.443,0.71046,0.71075,1.00,2.00
2016.02.17 08:14:45.343,0.71044,0.71073,1.00,1.00
2016.02.17 08:14:46.027,0.71043,0.71072,1.00,1.00
2016.02.17 08:14:46.619,0.71042,0.71071,1.00,1.00
2016.02.17 08:14:48.477,0.71043,0.71072,1.00,1.00
2016.02.17 08:14:50.323,0.71044,0.71073,1.00,1.00
2016.02.17 08:14:51.643,0.71042,0.71071,1.00,1.00
2016.02.17 08:14:53.508,0.71042,0.7107,1.00,1.00
2016.02.17 08:14:54.058,0.71042,0.71071,1.00,1.00
2016.02.17 08:14:54.828,0.71042,0.7107,1.00,1.00
2016.02.17 08:14:56.588,0.71042,0.71071,1.00,1.00
2016.02.17 08:14:57.690,0.71042,0.7107,1.00,1.00
2016.02.17 08:14:58.357,0.71042,0.71071,1.00,1.00
2016.02.17 08:14:58.869,0.71042,0.7107,1.00,1.00
2016.02.17 08:14:58.923,0.7104,0.7107,1.00,1.00
2016.02.17 08:14:59.059,0.71038,0.71069,1.00,1.00
2016.02.17 08:14:59.233,0.7104,0.71069,1.00,1.00
2016.02.17 08:15:00.524,0.71037,0.71068,1.00,1.00
2016.02.17 08:15:00.624,0.71037,0.71066,1.00,1.00
2016.02.17 08:15:00.763,0.71038,0.71069,1.00,1.00
2016.02.17 08:15:00.930,0.7104,0.71069,1.00,1.00
2016.02.17 08:15:01.966,0.71041,0.71072,1.00,1.00
2016.02.17 08:15:02.249,0.71041,0.7107,1.00,1.00
2016.02.17 08:15:03.044,0.71042,0.71071,1.00,1.00
2016.02.17 08:15:03.630,0.71043,0.71072,1.00,1.00
2016.02.17 08:15:05.229,0.71044,0.71073,1.00,1.00
2016.02.17 08:15:05.444,0.71046,0.71077,1.00,1.00
2016.02.17 08:15:05.498,0.71046,0.71075,1.00,1.00
2016.02.17 08:15:06.048,0.71045,0.71076,1.00,2.00
2016.02.17 08:15:06.431,0.7105,0.71079,1.00,1.00
2016.02.17 08:15:06.543,0.7105,0.71081,1.00,2.00
2016.02.17 08:15:07.124,0.7105,0.71079,1.00,1.00
2016.02.17 08:15:08.628,0.71051,0.7108,1.00,1.00
2016.02.17 08:15:10.063,0.71052,0.71081,1.00,1.00
2016.02.17 08:15:11.001,0.71052,0.7108,1.00,1.00
2016.02.17 08:15:11.620,0.71052,0.71081,1.00,1.00
2016.02.17 08:15:11.984,0.71055,0.71084,1.00,1.00
2016.02.17 08:15:12.455,0.71056,0.71087,1.00,1.00
2016.02.17 08:15:13.308,0.71057,0.71086,1.00,1.00
2016.02.17 08:15:13.751,0.7106,0.71089,1.00,1.00
2016.02.17 08:15:14.774,0.71058,0.71087,1.00,1.00
2016.02.17 08:15:15.831,0.71058,0.71085,1.00,1.00
2016.02.17 08:15:16.004,0.71055,0.71084,1.00,1.00
2016.02.17 08:15:16.155,0.71053,0.71082,1.00,1.00
2016.02.17 08:15:16.604,0.71051,0.7108,1.00,2.00
2016.02.17 08:15:18.922,0.71052,0.71081,1.00,1.00
2016.02.17 08:15:19.724,0.71051,0.7108,1.00,1.00
2016.02.17 08:15:20.444,0.71052,0.71081,1.00,1.00
2016.02.17 08:15:23.176,0.71053,0.71082,1.00,1.00
2016.02.17 08:15:24.019,0.71055,0.71084,1.00,1.00
2016.02.17 08:15:24.842,0.71056,0.71085,1.00,1.00
2016.02.17 08:15:25.638,0.71057,0.71086,1.00,1.00
2016.02.17 08:15:26.283,0.71057,0.71085,1.00,1.00
2016.02.17 08:15:27.159,0.71057,0.71086,1.00,1.00
2016.02.17 08:15:27.665,0.7106,0.71089,1.00,1.00
2016.02.17 08:15:28.211,0.71061,0.7109,1.00,2.00
2016.02.17 08:15:28.627,0.71059,0.71088,1.00,1.00
2016.02.17 08:15:29.960,0.71061,0.7109,1.00,2.00
2016.02.17 08:15:30.673,0.7106,0.71089,1.00,1.00
2016.02.17 08:15:31.230,0.71059,0.71088,1.00,1.00
2016.02.17 08:15:32.110,0.71059,0.71085,1.00,1.00
2016.02.17 08:15:32.262,0.71059,0.71088,1.00,1.00
2016.02.17 08:15:33.338,0.71059,0.71085,1.00,1.00
2016.02.17 08:15:33.868,0.71059,0.71088,1.00,1.00
2016.02.17 08:15:35.188,0.71059,0.71085,1.00,1.00
2016.02.17 08:15:35.528,0.71059,0.71088,1.00,1.00
2016.02.17 08:15:35.728,0.71059,0.71085,1.00,1.00
2016.02.17 08:15:35.778,0.71059,0.71088,1.00,1.00
2016.02.17 08:15:36.292,0.71058,0.71087,1.00,1.00
2016.02.17 08:15:41.017,0.71058,0.71085,1.00,1.00
2016.02.17 08:15:41.246,0.71055,0.71085,1.00,1.00
2016.02.17 08:15:41.827,0.71055,0.71084,1.00,1.00
2016.02.17 08:15:42.450,0.71056,0.71085,1.00,2.00
2016.02.17 08:15:45.064,0.71055,0.71084,1.00,1.00
2016.02.17 08:15:45.664,0.71056,0.71085,1.00,1.00
2016.02.17 08:15:46.780,0.71057,0.71085,1.00,1.00
2016.02.17 08:15:47.398,0.71057,0.71086,1.00,1.00
2016.02.17 08:15:48.297,0.71057,0.71085,1.00,1.00
2016.02.17 08:15:48.873,0.71056,0.71085,1.00,2.00
2016.02.17 08:15:50.501,0.71057,0.71085,1.00,1.00
2016.02.17 08:15:51.379,0.71057,0.71086,1.00,1.00
2016.02.17 08:15:51.888,0.71059,0.71088,1.00,1.00
2016.02.17 08:15:51.938,0.7106,0.7109,1.00,1.00
2016.02.17 08:15:51.989,0.71064,0.7109,1.00,1.00
2016.02.17 08:15:52.041,0.71064,0.71093,1.00,1.00
2016.02.17 08:15:53.030,0.71064,0.71091,1.00,1.00
2016.02.17 08:15:54.695,0.71064,0.71093,1.00,1.00
2016.02.17 08:15:54.923,0.7106,0.7109,1.00,1.00
2016.02.17 08:15:55.883,0.71058,0.71089,1.00,1.00
2016.02.17 08:15:56.723,0.71057,0.71086,1.00,1.00
2016.02.17 08:15:57.537,0.7106,0.71086,1.00,1.00
2016.02.17 08:15:58.748,0.71059,0.71086,1.00,1.00
2016.02.17 08:15:58.964,0.7106,0.71091,1.00,1.00
2016.02.17 08:16:00.618,0.7106,0.7109,1.00,1.00
2016.02.17 08:16:01.664,0.71062,0.7109,1.00,1.00
2016.02.17 08:16:01.903,0.7106,0.7109,1.00,1.00
2016.02.17 08:16:02.488,0.7106,0.71091,1.00,1.00
2016.02.17 08:16:02.539,0.7106,0.71089,1.00,1.00
2016.02.17 08:16:03.261,0.71061,0.7109,1.00,2.00
2016.02.17 08:16:05.418,0.71062,0.71091,1.00,1.00
2016.02.17 08:16:06.669,0.71065,0.71091,1.00,1.00
2016.02.17 08:16:06.887,0.71063,0.71092,1.00,1.00
2016.02.17 08:16:07.703,0.71061,0.7109,1.00,1.00
2016.02.17 08:16:08.207,0.71059,0.7109,1.00,1.00
2016.02.17 08:16:11.177,0.7106,0.7109,1.00,1.00
2016.02.17 08:16:11.693,0.71061,0.7109,1.00,1.00
2016.02.17 08:16:12.238,0.7106,0.71089,2.00,1.00
2016.02.17 08:16:12.668,0.7106,0.71091,1.00,1.00
2016.02.17 08:16:13.171,0.71059,0.7109,2.00,1.00
2016.02.17 08:16:13.373,0.71059,0.71087,1.00,1.00
2016.02.17 08:16:13.875,0.7106,0.71088,1.00,1.00
2016.02.17 08:16:14.568,0.71059,0.71088,2.00,1.00
2016.02.17 08:16:17.720,0.71057,0.71086,1.00,1.00
2016.02.17 08:16:20.029,0.71059,0.71088,1.00,1.00
2016.02.17 08:16:21.736,0.7106,0.71088,1.00,1.00
2016.02.17 08:16:22.264,0.7106,0.71089,1.00,1.00
2016.02.17 08:16:22.832,0.71059,0.71088,1.00,1.00
2016.02.17 08:16:23.387,0.71058,0.71089,1.00,1.00
2016.02.17 08:16:23.708,0.71058,0.71087,1.00,1.00
2016.02.17 08:16:24.363,0.71056,0.71085,1.00,1.00
2016.02.17 08:16:25.143,0.71055,0.71084,1.00,1.00
2016.02.17 08:16:25.716,0.71056,0.71085,1.00,1.00
2016.02.17 08:16:25.766,0.7105,0.71081,2.00,1.00
2016.02.17 08:16:26.289,0.7105,0.71079,2.00,1.00
2016.02.17 08:16:26.553,0.71045,0.71075,1.00,2.00
2016.02.17 08:16:26.604,0.71042,0.71071,1.00,1.00
2016.02.17 08:16:26.940,0.71037,0.71066,1.00,1.00
2016.02.17 08:16:26.990,0.71034,0.71064,1.00,1.00
2016.02.17 08:16:27.239,0.71036,0.71067,1.00,1.00
2016.02.17 08:16:27.963,0.71038,0.71067,1.00,1.00
2016.02.17 08:16:28.482,0.71037,0.71066,1.00,1.00
2016.02.17 08:16:29.096,0.71036,0.71065,1.00,1.00
2016.02.17 08:16:29.648,0.71037,0.71066,1.00,1.00
2016.02.17 08:16:30.723,0.71038,0.71067,1.00,1.00
2016.02.17 08:16:31.241,0.71039,0.71068,1.00,1.00
2016.02.17 08:16:32.666,0.71036,0.71067,1.00,1.00
2016.02.17 08:16:34.599,0.71036,0.71065,1.00,1.00
2016.02.17 08:16:34.914,0.71029,0.71058,1.00,1.00
2016.02.17 08:16:34.964,0.71027,0.71058,1.00,1.00
2016.02.17 08:16:35.700,0.7103,0.71058,1.00,1.00
2016.02.17 08:16:35.800,0.7103,0.71061,2.00,1.00
2016.02.17 08:16:35.850,0.71032,0.71061,1.00,1.00
2016.02.17 08:16:36.913,0.71034,0.71063,1.00,1.00
2016.02.17 08:16:37.250,0.7103,0.71059,2.00,1.00
2016.02.17 08:16:37.676,0.7103,0.71061,2.00,1.00
2016.02.17 08:16:38.441,0.7103,0.71059,1.00,1.00
2016.02.17 08:16:40.393,0.71028,0.71059,1.00,1.00
2016.02.17 08:16:40.752,0.71028,0.71057,1.00,1.00
2016.02.17 08:16:42.742,0.71029,0.71058,1.00,1.00
2016.02.17 08:16:43.762,0.7103,0.71059,1.00,1.00
2016.02.17 08:16:46.669,0.71032,0.71063,1.00,1.00
2016.02.17 08:16:46.719,0.71035,0.71064,1.00,1.00
2016.02.17 08:16:47.058,0.71037,0.71066,1.00,1.00
2016.02.17 08:16:47.570,0.7104,0.71067,1.00,1.00
2016.02.17 08:16:47.623,0.71038,0.71067,1.00,1.00
2016.02.17 08:16:47.871,0.71035,0.71064,2.00,1.00
2016.02.17 08:16:48.392,0.71034,0.71063,1.00,1.00
2016.02.17 08:16:48.663,0.71032,0.71063,1.00,1.00
2016.02.17 08:16:48.723,0.71034,0.71063,1.00,1.00
2016.02.17 08:16:49.846,0.71032,0.71061,1.00,1.00
2016.02.17 08:16:50.295,0.7103,0.71059,1.00,1.00
2016.02.17 08:16:53.266,0.71032,0.71061,1.00,1.00
2016.02.17 08:16:53.444,0.71032,0.71063,1.00,1.00
2016.02.17 08:16:54.440,0.71035,0.71064,1.00,1.00
2016.02.17 08:16:55.190,0.71036,0.71065,1.00,2.00
2016.02.17 08:16:56.422,0.71037,0.71065,1.00,1.00
2016.02.17 08:16:58.103,0.71035,0.71064,1.00,1.00
2016.02.17 08:16:59.479,0.71035,0.71061,1.00,1.00
2016.02.17 08:17:00.137,0.71034,0.7106,1.00,1.00
2016.02.17 08:17:00.256,0.71034,0.71063,1.00,1.00
2016.02.17 08:17:00.324,0.71032,0.71061,1.00,1.00
2016.02.17 08:17:00.666,0.7103,0.71056,1.00,1.00
2016.02.17 08:17:01.019,0.71027,0.71055,1.00,1.00
2016.02.17 08:17:01.386,0.71029,0.71058,1.00,1.00
2016.02.17 08:17:01.437,0.7103,0.71061,1.00,2.00
2016.02.17 08:17:01.487,0.71033,0.7106,1.00,1.00
2016.02.17 08:17:02.117,0.71034,0.71063,1.00,1.00
2016.02.17 08:17:02.629,0.71034,0.7106,1.00,1.00
2016.02.17 08:17:03.657,0.71034,0.71063,1.00,1.00
2016.02.17 08:17:05.086,0.71034,0.71061,1.00,1.00
2016.02.17 08:17:07.354,0.71033,0.71061,1.00,1.00
2016.02.17 08:17:08.167,0.71033,0.7106,1.00,1.00
2016.02.17 08:17:08.387,0.71033,0.71062,1.00,1.00
2016.02.17 08:17:09.048,0.71033,0.71061,1.00,1.00
2016.02.17 08:17:10.148,0.71033,0.71062,1.00,1.00
2016.02.17 08:17:10.618,0.7103,0.71055,2.00,1.00
2016.02.17 08:17:14.438,0.7103,0.71058,1.00,1.00
2016.02.17 08:17:14.494,0.71032,0.7106,1.00,1.00
2016.02.17 08:17:14.597,0.71033,0.71062,1.00,1.00
2016.02.17 08:17:14.732,0.71035,0.71064,1.00,1.00
2016.02.17 08:17:15.206,0.71033,0.71062,1.00,1.00
2016.02.17 08:17:15.565,0.71033,0.7106,1.00,1.00
2016.02.17 08:17:15.762,0.71033,0.71062,1.00,1.00
2016.02.17 08:17:16.053,0.71034,0.71065,1.00,2.00
2016.02.17 08:17:18.445,0.71035,0.71065,1.00,1.00
2016.02.17 08:17:19.326,0.7104,0.71069,1.00,1.00
2016.02.17 08:17:21.005,0.71039,0.71068,1.00,1.00
2016.02.17 08:17:21.414,0.71033,0.71062,1.00,1.00
2016.02.17 08:17:21.812,0.71029,0.7106,1.00,1.00
2016.02.17 08:17:22.112,0.71031,0.7106,1.00,1.00
2016.02.17 08:17:23.177,0.71032,0.71061,1.00,1.00
2016.02.17 08:17:23.486,0.71035,0.71064,1.00,1.00
2016.02.17 08:17:24.032,0.71033,0.71064,1.00,1.00
2016.02.17 08:17:24.393,0.71031,0.7106,1.00,1.00
2016.02.17 08:17:24.845,0.71033,0.71062,1.00,1.00
2016.02.17 08:17:25.504,0.71034,0.71063,1.00,1.00
2016.02.17 08:17:27.417,0.71035,0.71063,1.00,1.00
2016.02.17 08:17:27.512,0.71036,0.71065,1.00,1.00
2016.02.17 08:17:29.372,0.71034,0.71063,1.00,1.00
2016.02.17 08:17:30.939,0.71035,0.71064,1.00,1.00
2016.02.17 08:17:33.752,0.71032,0.71061,1.00,1.00
2016.02.17 08:17:34.886,0.71035,0.71061,1.00,1.00
2016.02.17 08:17:36.438,0.71034,0.71061,1.00,1.00
2016.02.17 08:17:37.079,0.71035,0.71061,1.00,1.00
2016.02.17 08:17:38.968,0.71032,0.71061,1.00,1.00
2016.02.17 08:17:45.042,0.71033,0.71062,1.00,1.00
2016.02.17 08:17:46.007,0.71032,0.71061,1.00,1.00
2016.02.17 08:17:47.142,0.71031,0.7106,1.00,1.00
2016.02.17 08:17:47.657,0.71032,0.71061,1.00,1.00
2016.02.17 08:17:51.617,0.71035,0.71061,1.00,1.00
2016.02.17 08:17:51.837,0.71032,0.71061,1.00,1.00
2016.02.17 08:17:54.697,0.71035,0.71061,1.00,1.00
2016.02.17 08:17:54.917,0.71032,0.71061,1.00,1.00
2016.02.17 08:17:55.357,0.71035,0.71061,1.00,1.00
2016.02.17 08:17:55.686,0.71032,0.71061,1.00,1.00
2016.02.17 08:17:55.904,0.71035,0.71061,1.00,1.00
2016.02.17 08:17:58.450,0.71032,0.71061,1.00,1.00
2016.02.17 08:17:58.656,0.71035,0.71061,1.00,1.00
2016.02.17 08:17:58.951,0.71034,0.71063,2.00,1.00
2016.02.17 08:18:00.196,0.71035,0.71063,1.00,1.00
2016.02.17 08:18:00.822,0.71035,0.71061,1.00,1.00
2016.02.17 08:18:02.141,0.71035,0.71062,1.00,1.00
2016.02.17 08:18:02.624,0.71033,0.71062,1.00,1.00
2016.02.17 08:18:02.844,0.71035,0.71062,1.00,1.00
2016.02.17 08:18:04.661,0.71035,0.71059,1.00,1.00
2016.02.17 08:18:05.332,0.71034,0.71059,1.00,1.00
2016.02.17 08:18:06.137,0.71035,0.71059,1.00,1.00
2016.02.17 08:18:06.187,0.71035,0.71062,1.00,1.00
2016.02.17 08:18:06.406,0.71036,0.71065,1.00,1.00
2016.02.17 08:18:07.127,0.7104,0.71065,1.00,1.00
2016.02.17 08:18:08.101,0.7104,0.71064,1.00,1.00
2016.02.17 08:18:08.151,0.71035,0.71064,2.00,1.00
2016.02.17 08:18:09.767,0.7104,0.71064,1.00,1.00
2016.02.17 08:18:11.967,0.71035,0.71064,2.00,1.00
2016.02.17 08:18:12.188,0.7104,0.71064,1.00,1.00
2016.02.17 08:18:12.313,0.71035,0.71064,2.00,1.00
2016.02.17 08:18:14.441,0.71036,0.71065,1.00,1.00
2016.02.17 08:18:24.398,0.7104,0.71065,1.00,1.00
2016.02.17 08:18:24.558,0.7104,0.71068,1.00,1.00
2016.02.17 08:18:24.658,0.71048,0.71077,1.00,1.00
2016.02.17 08:18:24.709,0.71052,0.71081,1.00,1.00
2016.02.17 08:18:25.303,0.7105,0.71079,1.00,1.00
2016.02.17 08:18:25.934,0.71051,0.7108,1.00,1.00
2016.02.17 08:18:26.257,0.71055,0.71081,1.00,1.00
2016.02.17 08:18:26.410,0.71052,0.71081,1.00,1.00
2016.02.17 08:18:27.053,0.71054,0.71081,1.00,1.00
2016.02.17 08:18:27.576,0.71055,0.71081,1.00,1.00
2016.02.17 08:18:27.805,0.71052,0.71081,1.00,1.00
2016.02.17 08:18:28.947,0.71055,0.7108,1.00,1.00
2016.02.17 08:18:29.455,0.71051,0.7108,1.00,1.00
2016.02.17 08:18:30.774,0.71055,0.7108,1.00,1.00
2016.02.17 08:18:30.982,0.71054,0.71083,1.00,1.00
2016.02.17 08:18:31.140,0.7106,0.71083,1.00,1.00
2016.02.17 08:18:32.261,0.7106,0.71082,1.00,1.00
2016.02.17 08:18:33.524,0.71059,0.71082,1.00,1.00
2016.02.17 08:18:34.251,0.71059,0.71087,1.00,1.00
2016.02.17 08:18:34.491,0.7106,0.71089,1.00,1.00
2016.02.17 08:18:34.594,0.71062,0.71091,1.00,2.00
2016.02.17 08:18:35.204,0.71063,0.7109,1.00,1.00
2016.02.17 08:18:36.312,0.71059,0.71087,1.00,1.00
2016.02.17 08:18:36.362,0.71059,0.71085,1.00,1.00
2016.02.17 08:18:36.412,0.71056,0.71085,1.00,1.00
2016.02.17 08:18:36.727,0.71052,0.71083,1.00,1.00
2016.02.17 08:18:37.576,0.71053,0.71082,1.00,1.00
2016.02.17 08:18:38.355,0.71054,0.71083,1.00,1.00
2016.02.17 08:18:39.651,0.71049,0.7108,2.00,1.00
2016.02.17 08:18:39.711,0.71051,0.7108,1.00,1.00
2016.02.17 08:18:39.922,0.71042,0.71073,1.00,1.00
2016.02.17 08:18:40.672,0.71043,0.71074,1.00,1.00
2016.02.17 08:18:44.692,0.71041,0.7107,1.00,1.00
2016.02.17 08:18:45.219,0.7104,0.71069,1.00,1.00
2016.02.17 08:18:46.358,0.71037,0.71066,1.00,1.00
2016.02.17 08:18:49.911,0.71038,0.71067,1.00,1.00
2016.02.17 08:18:50.623,0.71039,0.71068,1.00,1.00
2016.02.17 08:18:52.731,0.71037,0.71066,1.00,1.00
2016.02.17 08:18:56.453,0.71034,0.71063,2.00,1.00
2016.02.17 08:18:57.047,0.71033,0.71062,1.00,1.00
2016.02.17 08:18:57.712,0.71034,0.71063,1.00,1.00
2016.02.17 08:18:58.131,0.71032,0.71061,1.00,1.00
2016.02.17 08:18:59.931,0.71033,0.71062,1.00,1.00
2016.02.17 08:19:01.222,0.71032,0.71061,1.00,1.00
2016.02.17 08:19:01.573,0.71034,0.71063,2.00,1.00
2016.02.17 08:19:01.904,0.71035,0.7106,1.00,1.00
2016.02.17 08:19:02.014,0.71035,0.71063,1.00,1.00
2016.02.17 08:19:02.126,0.71034,0.71065,1.00,2.00
2016.02.17 08:19:03.685,0.71035,0.71065,1.00,1.00
2016.02.17 08:19:04.311,0.71036,0.71065,1.00,1.00
2016.02.17 08:19:05.171,0.71037,0.71066,1.00,1.00
2016.02.17 08:19:05.274,0.71038,0.71069,1.00,1.00
2016.02.17 08:19:05.652,0.7104,0.71069,1.00,1.00
2016.02.17 08:19:06.154,0.71039,0.71068,1.00,1.00
2016.02.17 08:19:06.532,0.7104,0.7107,1.00,1.00
2016.02.17 08:19:07.095,0.7104,0.71071,2.00,1.00
2016.02.17 08:19:08.831,0.71043,0.71072,1.00,1.00
2016.02.17 08:19:09.371,0.71044,0.71073,1.00,1.00
2016.02.17 08:19:11.166,0.71045,0.71073,1.00,1.00
2016.02.17 08:19:11.690,0.71045,0.71074,1.00,1.00
2016.02.17 08:19:12.011,0.71045,0.71072,1.00,1.00
2016.02.17 08:19:12.162,0.71034,0.71065,2.00,1.00
2016.02.17 08:19:12.212,0.71034,0.71063,2.00,1.00
2016.02.17 08:19:12.721,0.71035,0.71063,1.00,1.00
2016.02.17 08:19:12.983,0.71032,0.71061,1.00,1.00
2016.02.17 08:19:13.382,0.71035,0.71062,1.00,1.00
2016.02.17 08:19:14.193,0.71036,0.71065,1.00,1.00
2016.02.17 08:19:14.883,0.71037,0.71066,1.00,1.00
2016.02.17 08:19:15.675,0.71036,0.71065,1.00,1.00
2016.02.17 08:19:17.650,0.71036,0.71067,1.00,1.00
2016.02.17 08:19:18.970,0.71034,0.71065,1.00,1.00
2016.02.17 08:19:20.629,0.71035,0.71065,1.00,1.00
2016.02.17 08:19:21.444,0.71035,0.71063,1.00,1.00
2016.02.17 08:19:21.551,0.71037,0.71066,1.00,1.00
2016.02.17 08:19:22.109,0.71038,0.71067,1.00,1.00
2016.02.17 08:19:24.565,0.71042,0.71071,1.00,1.00
2016.02.17 08:19:24.792,0.71045,0.71076,2.00,1.00
2016.02.17 08:19:26.392,0.71044,0.71075,1.00,1.00
2016.02.17 08:19:28.041,0.71045,0.71075,1.00,1.00
2016.02.17 08:19:28.624,0.71044,0.71075,1.00,2.00
2016.02.17 08:19:32.285,0.71045,0.71075,1.00,2.00
2016.02.17 08:19:33.043,0.71046,0.71075,1.00,1.00
2016.02.17 08:19:33.886,0.71045,0.71074,2.00,1.00
2016.02.17 08:19:35.530,0.71046,0.71075,1.00,1.00
2016.02.17 08:19:36.070,0.71045,0.71074,2.00,1.00
2016.02.17 08:19:38.172,0.71046,0.71075,1.00,1.00
2016.02.17 08:19:38.273,0.71046,0.71077,1.00,1.00
2016.02.17 08:19:39.215,0.7105,0.71077,1.00,1.00
2016.02.17 08:19:39.655,0.71046,0.71077,1.00,1.00
2016.02.17 08:19:40.586,0.71046,0.71075,1.00,1.00
2016.02.17 08:19:42.490,0.71047,0.71076,1.00,1.00
2016.02.17 08:19:42.792,0.71045,0.71073,1.00,1.00
2016.02.17 08:19:43.183,0.71044,0.71071,1.00,1.00
2016.02.17 08:19:43.724,0.71045,0.71072,1.00,1.00
2016.02.17 08:19:45.313,0.71045,0.71073,1.00,1.00
2016.02.17 08:19:46.142,0.71044,0.71073,2.00,1.00
2016.02.17 08:19:47.243,0.71045,0.71074,2.00,1.00
2016.02.17 08:19:47.684,0.7105,0.71074,1.00,1.00
2016.02.17 08:19:48.461,0.7105,0.71076,1.00,1.00
2016.02.17 08:19:48.564,0.7105,0.71078,1.00,1.00
2016.02.17 08:19:48.804,0.7105,0.71076,1.00,1.00
2016.02.17 08:19:49.332,0.71049,0.7108,2.00,1.00
2016.02.17 08:19:49.433,0.71053,0.71082,1.00,1.00
2016.02.17 08:19:49.735,0.71055,0.71084,2.00,1.00
2016.02.17 08:19:50.437,0.71054,0.71083,2.00,1.00
2016.02.17 08:19:51.254,0.71054,0.71085,1.00,2.00
2016.02.17 08:19:51.371,0.71055,0.71083,1.00,1.00
2016.02.17 08:19:51.491,0.71053,0.71082,1.00,1.00
2016.02.17 08:19:51.700,0.71051,0.7108,1.00,1.00
2016.02.17 08:19:53.230,0.71052,0.71081,1.00,1.00
2016.02.17 08:19:53.894,0.71052,0.71083,1.00,1.00
2016.02.17 08:19:54.038,0.71052,0.71081,1.00,1.00
2016.02.17 08:19:56.350,0.71053,0.71082,1.00,1.00
2016.02.17 08:19:56.651,0.71055,0.71084,1.00,1.00
2016.02.17 08:19:57.043,0.71057,0.71086,1.00,1.00
2016.02.17 08:19:57.609,0.71058,0.71087,1.00,1.00
2016.02.17 08:19:58.012,0.71055,0.71084,1.00,1.00
2016.02.17 08:19:58.364,0.71057,0.71086,1.00,1.00
2016.02.17 08:19:58.870,0.71055,0.71086,1.00,1.00
2016.02.17 08:19:59.622,0.71057,0.71086,1.00,1.00
2016.02.17 08:20:01.211,0.71057,0.71088,1.00,1.00
2016.02.17 08:20:01.712,0.71058,0.71087,1.00,1.00
2016.02.17 08:20:02.261,0.71057,0.71086,1.00,1.00
2016.02.17 08:20:02.855,0.71058,0.71089,1.00,1.00
2016.02.17 08:20:02.952,0.71058,0.71087,1.00,1.00
2016.02.17 08:20:03.438,0.71059,0.7109,1.00,1.00
2016.02.17 08:20:03.513,0.71061,0.7109,1.00,1.00
2016.02.17 08:20:04.060,0.7106,0.71091,1.00,1.00
2016.02.17 08:20:04.522,0.71062,0.71091,1.00,1.00
2016.02.17 08:20:05.115,0.71064,0.71093,1.00,1.00
2016.02.17 08:20:05.612,0.71062,0.71091,1.00,1.00
2016.02.17 08:20:06.219,0.71062,0.7109,1.00,1.00
2016.02.17 08:20:06.724,0.71062,0.71091,1.00,2.00
2016.02.17 08:20:08.433,0.71062,0.71093,1.00,1.00
2016.02.17 08:20:08.488,0.71062,0.71085,1.00,1.00
2016.02.17 08:20:08.538,0.7106,0.71085,1.00,1.00
2016.02.17 08:20:08.588,0.7106,0.71083,1.00,1.00
2016.02.17 08:20:08.639,0.71055,0.71082,1.00,1.00
2016.02.17 08:20:08.865,0.71052,0.71081,1.00,1.00
2016.02.17 08:20:09.474,0.71051,0.7108,1.00,1.00
2016.02.17 08:20:09.683,0.71054,0.71083,1.00,1.00
2016.02.17 08:20:10.246,0.71055,0.71083,1.00,1.00
2016.02.17 08:20:10.664,0.7106,0.71084,1.00,1.00
2016.02.17 08:20:10.714,0.71057,0.71086,1.00,1.00
2016.02.17 08:20:10.814,0.71055,0.71083,1.00,1.00
2016.02.17 08:20:11.773,0.71055,0.71084,2.00,1.00
2016.02.17 08:20:13.214,0.71056,0.71085,1.00,1.00
2016.02.17 08:20:13.519,0.71059,0.71086,1.00,1.00
2016.02.17 08:20:13.816,0.7106,0.71088,1.00,1.00
2016.02.17 08:20:14.804,0.71065,0.71088,1.00,1.00
2016.02.17 08:20:15.612,0.71065,0.71091,1.00,1.00
2016.02.17 08:20:16.285,0.71065,0.71092,1.00,1.00
2016.02.17 08:20:16.844,0.71065,0.71093,1.00,1.00
2016.02.17 08:20:17.507,0.71064,0.71093,2.00,1.00
2016.02.17 08:20:18.330,0.71065,0.71094,1.00,1.00
2016.02.17 08:20:18.764,0.71066,0.71097,1.00,1.00
2016.02.17 08:20:19.315,0.71067,0.71098,1.00,1.00
2016.02.17 08:20:21.552,0.71065,0.71093,1.00,1.00
2016.02.17 08:20:22.124,0.71065,0.71092,1.00,1.00
2016.02.17 08:20:22.673,0.71064,0.71092,1.00,1.00
2016.02.17 08:20:23.335,0.71065,0.71092,1.00,1.00
2016.02.17 08:20:23.778,0.71065,0.7109,1.00,1.00
2016.02.17 08:20:23.891,0.7106,0.71089,1.00,1.00
2016.02.17 08:20:23.942,0.71058,0.71087,1.00,1.00
2016.02.17 08:20:24.263,0.71055,0.71082,1.00,1.00
2016.02.17 08:20:24.763,0.71055,0.71084,1.00,1.00
2016.02.17 08:20:25.256,0.71057,0.71086,1.00,1.00
2016.02.17 08:20:25.644,0.71059,0.71087,1.00,1.00
2016.02.17 08:20:26.053,0.71057,0.71086,1.00,1.00
2016.02.17 08:20:26.112,0.71055,0.71085,1.00,1.00
2016.02.17 08:20:26.223,0.71055,0.71083,1.00,1.00
2016.02.17 08:20:28.393,0.71054,0.71083,1.00,1.00
2016.02.17 08:20:29.008,0.71053,0.71082,1.00,1.00
2016.02.17 08:20:29.554,0.71055,0.71082,1.00,1.00
2016.02.17 08:20:32.576,0.71054,0.71082,1.00,1.00
2016.02.17 08:20:33.143,0.71055,0.71082,1.00,1.00
2016.02.17 08:20:34.691,0.71055,0.71083,1.00,1.00
2016.02.17 08:20:35.596,0.71058,0.71087,1.00,1.00
2016.02.17 08:20:36.096,0.7106,0.71087,1.00,1.00
2016.02.17 08:20:36.204,0.71058,0.71087,1.00,1.00
2016.02.17 08:20:38.625,0.71058,0.71085,1.00,1.00
2016.02.17 08:20:38.675,0.71055,0.71084,1.00,1.00
2016.02.17 08:20:38.726,0.71051,0.7108,1.00,1.00
2016.02.17 08:20:39.153,0.71048,0.71077,1.00,1.00
2016.02.17 08:20:40.451,0.71049,0.71078,1.00,1.00
2016.02.17 08:20:41.044,0.7105,0.71078,1.00,1.00
2016.02.17 08:20:41.923,0.71049,0.71078,2.00,1.00
2016.02.17 08:20:42.449,0.71053,0.71081,1.00,1.00
2016.02.17 08:20:43.024,0.71053,0.7108,1.00,1.00
2016.02.17 08:20:43.526,0.71054,0.7108,1.00,1.00
2016.02.17 08:20:44.075,0.71054,0.71081,1.00,1.00
2016.02.17 08:20:44.675,0.71054,0.7108,1.00,1.00
2016.02.17 08:20:45.225,0.71057,0.71085,1.00,1.00
2016.02.17 08:20:45.445,0.71056,0.71081,1.00,1.00
2016.02.17 08:20:45.777,0.71056,0.71085,1.00,1.00
2016.02.17 08:20:45.853,0.71059,0.71086,1.00,1.00
2016.02.17 08:20:46.585,0.71059,0.71085,1.00,1.00
2016.02.17 08:20:47.133,0.7106,0.71085,1.00,1.00
2016.02.17 08:20:47.905,0.71059,0.71085,1.00,1.00
2016.02.17 08:20:48.345,0.71061,0.7109,1.00,2.00
2016.02.17 08:20:48.835,0.71063,0.7109,1.00,1.00
2016.02.17 08:20:49.522,0.71064,0.7109,1.00,1.00
2016.02.17 08:20:50.364,0.71064,0.71093,1.00,1.00
2016.02.17 08:20:50.522,0.71066,0.71095,1.00,2.00
2016.02.17 08:20:50.673,0.71068,0.71099,1.00,1.00
2016.02.17 08:20:51.036,0.71071,0.711,1.00,2.00
2016.02.17 08:20:51.644,0.71071,0.71095,1.00,1.00
2016.02.17 08:20:51.806,0.71069,0.71096,1.00,1.00
2016.02.17 08:20:52.458,0.71069,0.71095,1.00,1.00
2016.02.17 08:20:52.509,0.71069,0.71098,1.00,1.00
2016.02.17 08:20:53.016,0.71071,0.711,1.00,2.00
2016.02.17 08:20:54.025,0.71072,0.711,1.00,1.00
2016.02.17 08:20:54.995,0.71074,0.711,1.00,1.00
2016.02.17 08:20:55.095,0.71075,0.71104,1.00,1.00
2016.02.17 08:20:55.826,0.71076,0.711,1.00,1.00
2016.02.17 08:20:55.877,0.71074,0.711,1.00,1.00
2016.02.17 08:20:55.977,0.71066,0.71095,1.00,1.00
2016.02.17 08:20:56.082,0.71067,0.71098,1.00,1.00
2016.02.17 08:20:56.133,0.71069,0.71098,1.00,1.00
2016.02.17 08:20:56.438,0.71061,0.7109,1.00,1.00
2016.02.17 08:20:56.924,0.7106,0.71085,2.00,1.00
2016.02.17 08:20:57.144,0.7106,0.7109,2.00,1.00
2016.02.17 08:20:57.308,0.71062,0.71091,1.00,2.00
2016.02.17 08:20:57.933,0.71062,0.7109,1.00,1.00
2016.02.17 08:20:58.295,0.71064,0.7109,1.00,1.00
2016.02.17 08:20:58.573,0.71066,0.71095,1.00,2.00
2016.02.17 08:20:59.593,0.7107,0.71095,1.00,1.00
2016.02.17 08:20:59.710,0.7107,0.71099,1.00,1.00
2016.02.17 08:20:59.913,0.7107,0.71095,1.00,1.00
2016.02.17 08:21:00.927,0.7107,0.71099,1.00,1.00
2016.02.17 08:21:01.393,0.71072,0.711,1.00,1.00
2016.02.17 08:21:02.316,0.71072,0.71101,1.00,2.00
2016.02.17 08:21:02.659,0.71072,0.71095,1.00,1.00
2016.02.17 08:21:03.203,0.71068,0.71095,1.00,1.00
2016.02.17 08:21:03.869,0.71067,0.71096,1.00,2.00
2016.02.17 08:21:04.467,0.71071,0.711,1.00,2.00
2016.02.17 08:21:04.806,0.71063,0.7109,1.00,1.00
2016.02.17 08:21:05.133,0.71061,0.7109,1.00,2.00
2016.02.17 08:21:05.309,0.71065,0.7109,1.00,1.00
2016.02.17 08:21:05.627,0.71068,0.7109,1.00,1.00
2016.02.17 08:21:06.197,0.71067,0.7109,1.00,1.00
2016.02.17 08:21:06.564,0.71067,0.71096,1.00,2.00
2016.02.17 08:21:07.059,0.71067,0.71085,1.00,1.00
2016.02.17 08:21:07.275,0.71065,0.71085,1.00,1.00
2016.02.17 08:21:07.774,0.71066,0.7109,1.00,1.00
2016.02.17 08:21:07.934,0.71064,0.7109,1.00,1.00
2016.02.17 08:21:07.996,0.71064,0.71086,1.00,1.00
2016.02.17 08:21:08.108,0.71064,0.7109,1.00,1.00
2016.02.17 08:21:08.376,0.71066,0.7109,1.00,1.00
2016.02.17 08:21:08.426,0.71064,0.7109,1.00,1.00
2016.02.17 08:21:08.770,0.71067,0.71091,1.00,1.00
2016.02.17 08:21:09.113,0.71071,0.71095,1.00,1.00
2016.02.17 08:21:09.425,0.71074,0.711,1.00,1.00
2016.02.17 08:21:09.578,0.71074,0.71095,1.00,1.00
2016.02.17 08:21:10.085,0.71073,0.71095,1.00,1.00
2016.02.17 08:21:10.743,0.71073,0.71096,1.00,1.00
2016.02.17 08:21:11.184,0.71073,0.711,1.00,1.00
2016.02.17 08:21:12.262,0.71075,0.711,1.00,1.00
2016.02.17 08:21:13.057,0.71075,0.71104,1.00,1.00
2016.02.17 08:21:13.167,0.71075,0.711,1.00,1.00
2016.02.17 08:21:13.665,0.71075,0.71104,1.00,1.00
2016.02.17 08:21:14.325,0.71077,0.71105,1.00,1.00
2016.02.17 08:21:15.208,0.71079,0.71105,1.00,1.00
2016.02.17 08:21:15.588,0.71075,0.71104,1.00,1.00
2016.02.17 08:21:15.688,0.71073,0.71102,1.00,1.00
2016.02.17 08:21:16.102,0.71071,0.711,1.00,1.00
2016.02.17 08:21:16.299,0.71074,0.71105,1.00,1.00
2016.02.17 08:21:16.642,0.71074,0.71103,1.00,1.00
2016.02.17 08:21:19.281,0.71075,0.71104,1.00,1.00
2016.02.17 08:21:19.603,0.71078,0.71107,1.00,1.00
2016.02.17 08:21:19.703,0.71075,0.71105,1.00,1.00
2016.02.17 08:21:20.024,0.71073,0.71102,1.00,1.00
2016.02.17 08:21:20.340,0.71073,0.711,1.00,1.00
2016.02.17 08:21:20.578,0.71075,0.71104,1.00,1.00
2016.02.17 08:21:20.962,0.71073,0.71104,1.00,1.00
2016.02.17 08:21:21.022,0.71073,0.71102,1.00,1.00
2016.02.17 08:21:22.037,0.71073,0.711,1.00,1.00
2016.02.17 08:21:22.844,0.71073,0.71101,1.00,1.00
2016.02.17 08:21:23.394,0.71069,0.71098,1.00,1.00
2016.02.17 08:21:23.501,0.71069,0.71096,1.00,1.00
2016.02.17 08:21:23.663,0.71067,0.71096,1.00,2.00
2016.02.17 08:21:23.713,0.71062,0.7109,1.00,1.00
2016.02.17 08:21:24.036,0.7106,0.71089,1.00,1.00
2016.02.17 08:21:24.295,0.71057,0.71088,1.00,1.00
2016.02.17 08:21:24.603,0.71059,0.71088,1.00,1.00
2016.02.17 08:21:24.955,0.71064,0.71093,1.00,1.00
2016.02.17 08:21:25.264,0.71068,0.71097,1.00,1.00
2016.02.17 08:21:25.814,0.71067,0.71096,1.00,1.00
2016.02.17 08:21:25.944,0.71068,0.71099,1.00,1.00
2016.02.17 08:21:26.212,0.7107,0.71099,1.00,1.00
2016.02.17 08:21:26.755,0.71069,0.711,1.00,2.00
2016.02.17 08:21:27.183,0.71072,0.711,1.00,1.00
2016.02.17 08:21:27.355,0.71069,0.711,1.00,2.00
2016.02.17 08:21:27.514,0.71067,0.71096,1.00,1.00
2016.02.17 08:21:27.982,0.71069,0.71098,1.00,1.00
2016.02.17 08:21:28.312,0.71071,0.711,1.00,2.00
2016.02.17 08:21:28.815,0.71067,0.71098,1.00,1.00
2016.02.17 08:21:28.918,0.71066,0.71095,1.00,1.00
2016.02.17 08:21:29.424,0.71065,0.71094,1.00,1.00
2016.02.17 08:21:30.193,0.71065,0.7109,1.00,1.00
2016.02.17 08:21:30.244,0.71063,0.7109,1.00,1.00
2016.02.17 08:21:30.799,0.71062,0.7109,1.00,1.00
2016.02.17 08:21:30.849,0.71065,0.7109,1.00,1.00
2016.02.17 08:21:30.962,0.71065,0.71094,1.00,1.00
2016.02.17 08:21:31.504,0.71064,0.71095,1.00,2.00
2016.02.17 08:21:32.032,0.71066,0.71095,1.00,1.00
2016.02.17 08:21:32.453,0.71068,0.71096,1.00,1.00
2016.02.17 08:21:32.906,0.71069,0.71098,1.00,1.00
2016.02.17 08:21:33.044,0.71069,0.71095,1.00,1.00
2016.02.17 08:21:33.383,0.71069,0.71098,1.00,1.00
2016.02.17 08:21:33.682,0.71071,0.711,1.00,2.00
2016.02.17 08:21:34.702,0.71072,0.711,1.00,1.00
2016.02.17 08:21:35.966,0.71071,0.711,1.00,2.00
2016.02.17 08:21:36.621,0.7107,0.71099,1.00,1.00
2016.02.17 08:21:37.162,0.71071,0.711,1.00,2.00
2016.02.17 08:21:37.553,0.71071,0.71095,1.00,1.00
2016.02.17 08:21:38.326,0.71071,0.711,1.00,2.00
2016.02.17 08:21:38.452,0.71071,0.71095,1.00,1.00
2016.02.17 08:21:38.947,0.71069,0.71095,1.00,1.00
2016.02.17 08:21:39.442,0.71069,0.71098,1.00,1.00
2016.02.17 08:21:40.203,0.71071,0.711,1.00,2.00
2016.02.17 08:21:40.524,0.71075,0.711,1.00,1.00
2016.02.17 08:21:40.634,0.71076,0.71105,1.00,2.00
2016.02.17 08:21:40.797,0.7108,0.71105,1.00,1.00
2016.02.17 08:21:40.848,0.71081,0.7111,1.00,1.00
2016.02.17 08:21:40.948,0.71083,0.7111,1.00,1.00
2016.02.17 08:21:41.472,0.71083,0.71111,1.00,1.00
2016.02.17 08:21:42.379,0.71083,0.7111,1.00,1.00
2016.02.17 08:21:42.616,0.71085,0.71114,1.00,1.00
2016.02.17 08:21:42.868,0.71088,0.71115,1.00,1.00
2016.02.17 08:21:43.282,0.71088,0.71117,1.00,1.00
2016.02.17 08:21:43.538,0.71091,0.7112,1.00,1.00
2016.02.17 08:21:44.604,0.71092,0.71121,1.00,2.00
2016.02.17 08:21:44.771,0.7109,0.71121,1.00,2.00
2016.02.17 08:21:45.404,0.7109,0.7112,1.00,1.00
2016.02.17 08:21:46.004,0.7109,0.71121,1.00,2.00
2016.02.17 08:21:46.561,0.7109,0.71119,1.00,1.00
2016.02.17 08:21:46.884,0.71086,0.71115,1.00,1.00
2016.02.17 08:21:47.135,0.71084,0.71115,1.00,1.00
2016.02.17 08:21:47.523,0.71084,0.71113,1.00,1.00
2016.02.17 08:21:47.886,0.71084,0.7111,1.00,1.00
2016.02.17 08:21:47.944,0.71082,0.7111,1.00,1.00
2016.02.17 08:21:48.045,0.71079,0.7111,1.00,2.00
2016.02.17 08:21:48.661,0.71082,0.7111,1.00,1.00
2016.02.17 08:21:48.891,0.71083,0.71112,1.00,1.00
2016.02.17 08:21:49.112,0.71083,0.7111,1.00,1.00
2016.02.17 08:21:49.703,0.71084,0.7111,1.00,1.00
2016.02.17 08:21:50.414,0.71085,0.71111,1.00,1.00
2016.02.17 08:21:51.043,0.71085,0.7111,1.00,1.00
2016.02.17 08:21:51.453,0.71083,0.71111,1.00,1.00
2016.02.17 08:21:53.604,0.71083,0.7111,1.00,1.00
2016.02.17 08:21:54.146,0.71084,0.7111,1.00,1.00
2016.02.17 08:21:55.476,0.71084,0.71111,1.00,1.00
2016.02.17 08:21:55.992,0.71084,0.7111,1.00,1.00
2016.02.17 08:21:56.543,0.71085,0.7111,1.00,1.00
2016.02.17 08:21:56.688,0.71085,0.71114,1.00,1.00
2016.02.17 08:21:56.869,0.71087,0.71115,1.00,1.00
2016.02.17 08:21:57.802,0.71087,0.71116,1.00,2.00
2016.02.17 08:21:59.104,0.71087,0.71115,1.00,1.00
2016.02.17 08:21:59.986,0.71087,0.7111,1.00,1.00
2016.02.17 08:22:00.086,0.71082,0.7111,1.00,1.00
2016.02.17 08:22:00.237,0.71081,0.71106,1.00,1.00
2016.02.17 08:22:00.424,0.7108,0.7111,1.00,1.00
2016.02.17 08:22:00.942,0.7108,0.71109,1.00,1.00
2016.02.17 08:22:01.082,0.71084,0.7111,1.00,1.00
2016.02.17 08:22:01.421,0.71087,0.71116,1.00,2.00
2016.02.17 08:22:01.542,0.71087,0.7111,1.00,1.00
2016.02.17 08:22:01.593,0.71085,0.7111,1.00,1.00
2016.02.17 08:22:01.784,0.71082,0.71105,1.00,1.00
2016.02.17 08:22:01.884,0.71082,0.7111,1.00,1.00
2016.02.17 08:22:02.423,0.71084,0.7111,1.00,1.00
2016.02.17 08:22:03.072,0.71083,0.7111,1.00,1.00
2016.02.17 08:22:04.064,0.71083,0.71112,1.00,1.00
2016.02.17 08:22:04.614,0.71084,0.71113,1.00,1.00
2016.02.17 08:22:04.944,0.71084,0.71111,1.00,1.00
2016.02.17 08:22:05.055,0.71084,0.71113,1.00,1.00
2016.02.17 08:22:05.274,0.71084,0.7111,1.00,1.00
2016.02.17 08:22:08.840,0.7108,0.7111,1.00,2.00
2016.02.17 08:22:08.948,0.71081,0.711,1.00,1.00
2016.02.17 08:22:08.999,0.71075,0.711,1.00,1.00
2016.02.17 08:22:09.156,0.7107,0.711,1.00,1.00
2016.02.17 08:22:09.742,0.7107,0.71101,1.00,2.00
2016.02.17 08:22:09.902,0.71072,0.711,1.00,1.00
2016.02.17 08:22:10.030,0.71073,0.71102,1.00,1.00
2016.02.17 08:22:10.081,0.71074,0.71105,1.00,2.00
2016.02.17 08:22:11.005,0.71074,0.711,1.00,1.00
2016.02.17 08:22:11.381,0.71072,0.711,1.00,1.00
2016.02.17 08:22:11.432,0.7107,0.71099,1.00,1.00
2016.02.17 08:22:12.261,0.71069,0.71098,1.00,1.00
2016.02.17 08:22:12.315,0.71069,0.71095,1.00,1.00
2016.02.17 08:22:12.443,0.71067,0.71095,1.00,1.00
2016.02.17 08:22:13.202,0.71066,0.71095,1.00,1.00
2016.02.17 08:22:13.802,0.71068,0.71097,1.00,1.00
2016.02.17 08:22:14.142,0.71071,0.711,1.00,2.00
2016.02.17 08:22:16.161,0.71069,0.711,1.00,2.00
2016.02.17 08:22:16.211,0.71069,0.71095,1.00,1.00
2016.02.17 08:22:16.757,0.7107,0.71095,1.00,1.00
2016.02.17 08:22:16.942,0.71071,0.711,1.00,2.00
2016.02.17 08:22:17.051,0.71071,0.71095,1.00,1.00
2016.02.17 08:22:17.102,0.71069,0.71095,1.00,1.00
2016.02.17 08:22:18.582,0.71069,0.71096,1.00,1.00
2016.02.17 08:22:19.133,0.71069,0.71095,1.00,1.00
2016.02.17 08:22:20.631,0.71067,0.71095,1.00,1.00
2016.02.17 08:22:21.225,0.71067,0.71096,1.00,2.00
2016.02.17 08:22:22.211,0.71067,0.71095,1.00,1.00
2016.02.17 08:22:22.543,0.71067,0.7109,1.00,1.00
2016.02.17 08:22:22.594,0.71064,0.7109,1.00,1.00
2016.02.17 08:22:22.763,0.71064,0.71095,1.00,2.00
2016.02.17 08:22:23.342,0.71066,0.71095,1.00,2.00
2016.02.17 08:22:23.681,0.71067,0.7109,1.00,1.00
2016.02.17 08:22:23.731,0.71065,0.7109,1.00,1.00
2016.02.17 08:22:23.870,0.71063,0.71091,1.00,1.00
2016.02.17 08:22:24.470,0.71061,0.7109,1.00,2.00
2016.02.17 08:22:25.017,0.71062,0.7109,1.00,1.00
2016.02.17 08:22:25.334,0.71064,0.71091,1.00,1.00
2016.02.17 08:22:25.961,0.71064,0.7109,1.00,1.00
2016.02.17 08:22:26.612,0.71064,0.71091,1.00,1.00
2016.02.17 08:22:27.062,0.71061,0.71085,1.00,1.00
2016.02.17 08:22:27.213,0.71058,0.71086,1.00,1.00
2016.02.17 08:22:27.376,0.71056,0.71085,1.00,2.00
2016.02.17 08:22:27.426,0.71056,0.71081,1.00,1.00
2016.02.17 08:22:27.590,0.71054,0.71081,1.00,1.00
2016.02.17 08:22:27.641,0.71054,0.71083,1.00,1.00
2016.02.17 08:22:27.712,0.71054,0.71081,1.00,1.00
2016.02.17 08:22:27.867,0.71051,0.7108,1.00,1.00
2016.02.17 08:22:27.918,0.71049,0.71078,1.00,1.00
2016.02.17 08:22:28.994,0.71046,0.71075,1.00,1.00
2016.02.17 08:22:29.321,0.71044,0.71073,1.00,1.00
2016.02.17 08:22:31.454,0.71045,0.71073,1.00,1.00
2016.02.17 08:22:31.683,0.71046,0.71075,1.00,1.00
2016.02.17 08:22:31.734,0.71048,0.71077,1.00,1.00
2016.02.17 08:22:32.406,0.71047,0.71078,1.00,1.00
2016.02.17 08:22:32.749,0.71049,0.71078,1.00,1.00
2016.02.17 08:22:33.050,0.71049,0.7108,1.00,2.00
2016.02.17 08:22:34.482,0.71051,0.7108,1.00,2.00
2016.02.17 08:22:35.521,0.71052,0.71081,1.00,2.00
2016.02.17 08:22:35.907,0.71057,0.71086,1.00,2.00
2016.02.17 08:22:36.413,0.71058,0.71087,1.00,1.00
2016.02.17 08:22:41.001,0.7106,0.71089,1.00,1.00
2016.02.17 08:22:41.341,0.71065,0.71094,1.00,1.00
2016.02.17 08:22:43.700,0.71064,0.71093,1.00,1.00
2016.02.17 08:22:44.702,0.71066,0.71095,1.00,2.00
2016.02.17 08:22:45.261,0.71067,0.71095,1.00,1.00
2016.02.17 08:22:45.380,0.71065,0.71095,1.00,1.00
2016.02.17 08:22:46.305,0.71065,0.71096,1.00,2.00
2016.02.17 08:22:46.858,0.71065,0.71091,1.00,1.00
2016.02.17 08:22:46.963,0.71065,0.71096,1.00,2.00
2016.02.17 08:22:47.592,0.71065,0.71095,1.00,1.00
2016.02.17 08:22:48.440,0.71067,0.71095,1.00,1.00
2016.02.17 08:22:48.650,0.71069,0.711,1.00,2.00
2016.02.17 08:22:48.701,0.71072,0.711,1.00,1.00
2016.02.17 08:22:49.248,0.71072,0.71095,1.00,1.00
2016.02.17 08:22:49.299,0.71069,0.71095,1.00,1.00
2016.02.17 08:22:50.389,0.71067,0.71096,1.00,1.00
2016.02.17 08:22:51.142,0.71067,0.71095,1.00,1.00
2016.02.17 08:22:51.617,0.71069,0.71098,1.00,1.00
2016.02.17 08:22:52.830,0.7107,0.71099,1.00,1.00
2016.02.17 08:22:52.933,0.71072,0.71101,1.00,2.00
2016.02.17 08:22:53.385,0.71069,0.71098,1.00,1.00
2016.02.17 08:22:53.817,0.71066,0.71095,1.00,2.00
2016.02.17 08:22:54.329,0.71068,0.71095,1.00,1.00
2016.02.17 08:22:54.439,0.71069,0.71098,1.00,1.00
2016.02.17 08:22:54.543,0.71067,0.71098,1.00,1.00
2016.02.17 08:22:54.643,0.71069,0.71098,1.00,1.00
2016.02.17 08:22:55.246,0.71071,0.711,1.00,2.00
2016.02.17 08:22:55.592,0.71073,0.711,1.00,1.00
2016.02.17 08:22:55.643,0.71073,0.71102,1.00,1.00
2016.02.17 08:22:55.743,0.71076,0.71105,1.00,2.00
2016.02.17 08:22:57.962,0.71076,0.71106,1.00,1.00
2016.02.17 08:22:58.314,0.71073,0.711,1.00,1.00
2016.02.17 08:22:58.650,0.71067,0.71096,1.00,1.00
2016.02.17 08:22:59.171,0.71065,0.71094,1.00,1.00
2016.02.17 08:23:01.144,0.71065,0.7109,1.00,1.00
2016.02.17 08:23:01.252,0.71065,0.71094,1.00,1.00
2016.02.17 08:23:01.771,0.71067,0.71095,1.00,1.00
2016.02.17 08:23:04.590,0.71065,0.71094,1.00,1.00
2016.02.17 08:23:05.370,0.71064,0.71093,1.00,1.00
2016.02.17 08:23:06.051,0.71065,0.71094,1.00,1.00
2016.02.17 08:23:08.951,0.71067,0.71095,1.00,1.00
2016.02.17 08:23:09.946,0.71068,0.71097,1.00,1.00
2016.02.17 08:23:11.593,0.71068,0.71095,1.00,1.00
2016.02.17 08:23:12.142,0.71069,0.71095,1.00,1.00
2016.02.17 08:23:12.650,0.71068,0.71095,1.00,1.00
2016.02.17 08:23:13.463,0.71068,0.71096,1.00,1.00
2016.02.17 08:23:13.971,0.71067,0.71095,1.00,1.00
2016.02.17 08:23:14.461,0.71065,0.71095,1.00,1.00
2016.02.17 08:23:15.113,0.71064,0.71095,1.00,2.00
2016.02.17 08:23:16.950,0.71065,0.71096,1.00,1.00
2016.02.17 08:23:17.534,0.71066,0.71097,1.00,1.00
2016.02.17 08:23:17.752,0.71066,0.71095,1.00,1.00
2016.02.17 08:23:19.510,0.71066,0.71096,1.00,1.00
2016.02.17 08:23:20.131,0.71069,0.71096,1.00,1.00
2016.02.17 08:23:20.181,0.71069,0.71098,1.00,1.00
2016.02.17 08:23:20.330,0.71072,0.711,1.00,1.00
2016.02.17 08:23:20.732,0.71074,0.711,1.00,1.00
2016.02.17 08:23:20.835,0.71075,0.71103,1.00,1.00
2016.02.17 08:23:20.936,0.71079,0.71105,1.00,1.00
2016.02.17 08:23:21.052,0.71079,0.71108,1.00,1.00
2016.02.17 08:23:21.934,0.7108,0.71109,1.00,1.00
2016.02.17 08:23:22.424,0.7108,0.71105,1.00,1.00
2016.02.17 08:23:22.482,0.7108,0.71109,1.00,1.00
2016.02.17 08:23:22.838,0.71082,0.71113,1.00,1.00
2016.02.17 08:23:23.145,0.71083,0.7111,1.00,1.00
2016.02.17 08:23:23.195,0.7108,0.71109,1.00,1.00
2016.02.17 08:23:23.408,0.71082,0.71111,1.00,1.00
2016.02.17 08:23:23.754,0.71075,0.71104,2.00,1.00
2016.02.17 08:23:24.061,0.71073,0.71096,1.00,1.00
2016.02.17 08:23:24.403,0.71072,0.711,1.00,1.00
2016.02.17 08:23:24.803,0.71072,0.71096,1.00,1.00
2016.02.17 08:23:25.351,0.71071,0.711,1.00,2.00
2016.02.17 08:23:25.793,0.71071,0.71095,1.00,1.00
2016.02.17 08:23:26.240,0.7107,0.711,2.00,1.00
2016.02.17 08:23:26.562,0.7107,0.71096,1.00,1.00
2016.02.17 08:23:27.280,0.7107,0.71095,2.00,1.00
2016.02.17 08:23:28.431,0.7107,0.71096,1.00,1.00
2016.02.17 08:23:28.799,0.71071,0.711,1.00,2.00
2016.02.17 08:23:30.390,0.71072,0.711,1.00,1.00
2016.02.17 08:23:30.630,0.7107,0.71095,1.00,1.00
2016.02.17 08:23:31.338,0.7107,0.71096,1.00,1.00
2016.02.17 08:23:32.004,0.71069,0.71096,1.00,1.00
2016.02.17 08:23:32.492,0.7107,0.71092,1.00,1.00
2016.02.17 08:23:32.543,0.71064,0.71092,1.00,1.00
2016.02.17 08:23:33.053,0.71064,0.71091,1.00,1.00
2016.02.17 08:23:33.580,0.71065,0.71091,1.00,1.00
2016.02.17 08:23:33.929,0.7107,0.71091,1.00,1.00
2016.02.17 08:23:34.201,0.7107,0.71094,1.00,1.00
2016.02.17 08:23:34.974,0.7107,0.71093,1.00,1.00
2016.02.17 08:23:35.799,0.7107,0.71094,1.00,1.00
2016.02.17 08:23:35.850,0.71065,0.71094,2.00,1.00
2016.02.17 08:23:35.912,0.71069,0.71094,1.00,1.00
2016.02.17 08:23:36.791,0.71069,0.71095,1.00,1.00
2016.02.17 08:23:36.969,0.7107,0.71097,1.00,1.00
2016.02.17 08:23:37.138,0.7107,0.71099,2.00,1.00
2016.02.17 08:23:37.372,0.71075,0.71101,1.00,1.00
2016.02.17 08:23:38.006,0.71071,0.71102,1.00,1.00
2016.02.17 08:23:38.259,0.7107,0.711,1.00,1.00
2016.02.17 08:23:38.832,0.7107,0.71098,1.00,1.00
2016.02.17 08:23:39.339,0.7107,0.71097,1.00,1.00
2016.02.17 08:23:42.044,0.71071,0.711,1.00,1.00
2016.02.17 08:23:42.094,0.71074,0.711,1.00,1.00
2016.02.17 08:23:42.258,0.71074,0.71102,1.00,1.00
2016.02.17 08:23:42.861,0.71075,0.71103,1.00,1.00
2016.02.17 08:23:45.699,0.71076,0.71105,1.00,1.00
2016.02.17 08:23:45.920,0.71074,0.71105,2.00,1.00
2016.02.17 08:23:46.059,0.71074,0.71103,2.00,1.00
2016.02.17 08:23:46.764,0.71075,0.71104,2.00,1.00
2016.02.17 08:23:47.440,0.71075,0.71103,1.00,1.00
2016.02.17 08:23:47.940,0.7108,0.71103,1.00,1.00
2016.02.17 08:23:48.456,0.71079,0.71103,1.00,1.00
2016.02.17 08:23:49.124,0.7108,0.71103,1.00,1.00
2016.02.17 08:23:49.174,0.71075,0.71103,1.00,1.00
2016.02.17 08:23:50.040,0.71075,0.71104,1.00,1.00
2016.02.17 08:23:50.542,0.7108,0.71104,1.00,1.00
2016.02.17 08:23:51.671,0.71074,0.71104,1.00,1.00
2016.02.17 08:23:52.192,0.71074,0.71102,1.00,1.00
2016.02.17 08:23:52.781,0.71075,0.71102,1.00,1.00
2016.02.17 08:23:53.633,0.7108,0.71102,1.00,1.00
2016.02.17 08:23:54.671,0.71075,0.71102,1.00,1.00
2016.02.17 08:23:55.269,0.71075,0.71101,1.00,1.00
2016.02.17 08:23:56.829,0.71074,0.71101,1.00,1.00
2016.02.17 08:23:57.597,0.71075,0.71101,1.00,1.00
2016.02.17 08:23:58.500,0.7107,0.71098,1.00,1.00
2016.02.17 08:23:58.550,0.7107,0.71094,1.00,1.00
2016.02.17 08:23:58.740,0.7107,0.71096,1.00,1.00
2016.02.17 08:23:59.120,0.71069,0.71093,1.00,1.00
2016.02.17 08:23:59.170,0.71069,0.71097,1.00,1.00
2016.02.17 08:23:59.740,0.7107,0.71098,1.00,1.00
2016.02.17 08:24:00.109,0.7107,0.71095,1.00,1.00
2016.02.17 08:24:00.461,0.71065,0.71092,1.00,1.00
2016.02.17 08:24:02.979,0.71065,0.71091,1.00,1.00
2016.02.17 08:24:03.030,0.71062,0.71091,1.00,1.00
2016.02.17 08:24:03.080,0.7106,0.71088,1.00,1.00
2016.02.17 08:24:03.520,0.71059,0.71086,1.00,1.00
2016.02.17 08:24:04.983,0.7106,0.71086,1.00,1.00
2016.02.17 08:24:05.640,0.71059,0.71086,1.00,1.00
2016.02.17 08:24:06.167,0.7106,0.71084,1.00,1.00
2016.02.17 08:24:07.337,0.7106,0.71086,1.00,1.00
2016.02.17 08:24:07.519,0.7106,0.71083,1.00,1.00
2016.02.17 08:24:07.669,0.71055,0.71082,1.00,1.00
2016.02.17 08:24:08.139,0.71055,0.71084,1.00,1.00
2016.02.17 08:24:08.189,0.7106,0.71084,1.00,1.00
2016.02.17 08:24:08.610,0.71055,0.71084,1.00,1.00
2016.02.17 08:24:10.260,0.7106,0.71084,1.00,1.00
2016.02.17 08:24:10.931,0.71059,0.71085,1.00,1.00
2016.02.17 08:24:11.081,0.7106,0.71088,1.00,1.00
2016.02.17 08:24:11.750,0.7106,0.71089,2.00,1.00
2016.02.17 08:24:11.909,0.71065,0.71089,1.00,1.00
2016.02.17 08:24:12.462,0.71064,0.71089,1.00,1.00
2016.02.17 08:24:13.010,0.71065,0.71089,1.00,1.00
2016.02.17 08:24:13.499,0.71065,0.71093,1.00,1.00
2016.02.17 08:24:15.322,0.71064,0.71093,1.00,1.00
2016.02.17 08:24:15.373,0.71064,0.71091,1.00,1.00
2016.02.17 08:24:16.091,0.71065,0.71091,1.00,1.00
2016.02.17 08:24:16.749,0.7107,0.71091,1.00,1.00
2016.02.17 08:24:18.341,0.7107,0.71092,1.00,1.00
2016.02.17 08:24:18.512,0.71065,0.71092,1.00,1.00
2016.02.17 08:24:20.272,0.71064,0.71092,1.00,1.00
2016.02.17 08:24:21.031,0.71065,0.71092,1.00,1.00
2016.02.17 08:24:21.429,0.71064,0.7109,1.00,1.00
2016.02.17 08:24:21.912,0.71065,0.71088,1.00,1.00
2016.02.17 08:24:22.063,0.71059,0.71087,1.00,1.00
2016.02.17 08:24:22.289,0.71065,0.71088,1.00,1.00
2016.02.17 08:24:23.457,0.71065,0.71089,1.00,1.00
2016.02.17 08:24:23.791,0.71065,0.71091,1.00,1.00
2016.02.17 08:24:25.112,0.71064,0.71091,1.00,1.00
2016.02.17 08:24:26.876,0.71065,0.71091,1.00,1.00
2016.02.17 08:24:27.600,0.71064,0.71091,1.00,1.00
2016.02.17 08:24:28.121,0.71065,0.71091,1.00,1.00
2016.02.17 08:24:28.740,0.71064,0.71091,1.00,1.00
2016.02.17 08:24:29.686,0.71065,0.71091,1.00,1.00
2016.02.17 08:24:31.049,0.71069,0.71091,1.00,1.00
2016.02.17 08:24:31.272,0.71065,0.71091,1.00,1.00
2016.02.17 08:24:31.940,0.71064,0.71091,1.00,1.00
2016.02.17 08:24:32.481,0.71065,0.71091,1.00,1.00
2016.02.17 08:24:32.702,0.7107,0.71092,1.00,1.00
2016.02.17 08:24:33.250,0.7107,0.71093,1.00,1.00
2016.02.17 08:24:35.452,0.71069,0.71093,1.00,1.00
2016.02.17 08:24:35.782,0.7107,0.71096,1.00,1.00
2016.02.17 08:24:35.833,0.7107,0.71098,1.00,1.00
2016.02.17 08:24:35.888,0.7107,0.711,1.00,1.00
2016.02.17 08:24:35.939,0.71075,0.711,1.00,1.00
2016.02.17 08:24:39.739,0.71074,0.711,1.00,1.00
2016.02.17 08:24:40.424,0.71075,0.71099,1.00,1.00
2016.02.17 08:24:41.392,0.7107,0.71099,2.00,1.00
2016.02.17 08:24:41.442,0.7107,0.71097,1.00,1.00
2016.02.17 08:24:41.802,0.7107,0.71095,1.00,1.00
2016.02.17 08:24:42.108,0.7107,0.71093,1.00,1.00
2016.02.17 08:24:43.048,0.71064,0.71093,2.00,1.00
2016.02.17 08:24:43.589,0.71065,0.71093,1.00,1.00
2016.02.17 08:24:44.287,0.71064,0.71093,2.00,1.00
2016.02.17 08:24:45.029,0.71065,0.71093,1.00,1.00
2016.02.17 08:24:45.968,0.71065,0.71091,1.00,1.00
2016.02.17 08:24:46.891,0.71064,0.71091,1.00,1.00
2016.02.17 08:24:47.440,0.71065,0.7109,1.00,1.00
2016.02.17 08:24:48.688,0.71061,0.7109,1.00,1.00
2016.02.17 08:24:50.188,0.7106,0.71089,1.00,1.00
2016.02.17 08:24:50.239,0.7106,0.71085,1.00,1.00
2016.02.17 08:24:50.440,0.7105,0.71078,1.00,1.00
2016.02.17 08:24:50.540,0.71051,0.7108,1.00,1.00
2016.02.17 08:24:50.590,0.7105,0.71078,1.00,1.00
2016.02.17 08:24:50.990,0.7105,0.71076,1.00,1.00
2016.02.17 08:24:52.839,0.71049,0.71076,1.00,1.00
2016.02.17 08:24:53.711,0.7105,0.71076,1.00,1.00
2016.02.17 08:24:54.370,0.71049,0.71077,1.00,1.00
2016.02.17 08:24:55.468,0.7105,0.71077,1.00,1.00
2016.02.17 08:24:56.344,0.71055,0.71077,1.00,1.00
2016.02.17 08:24:58.110,0.71054,0.71077,1.00,1.00
2016.02.17 08:24:58.668,0.71049,0.71077,1.00,1.00
2016.02.17 08:24:59.210,0.7105,0.71077,1.00,1.00
2016.02.17 08:24:59.320,0.7105,0.71079,2.00,1.00
2016.02.17 08:24:59.370,0.71054,0.71079,1.00,1.00
2016.02.17 08:24:59.589,0.71055,0.71082,1.00,1.00
2016.02.17 08:24:59.719,0.71065,0.71083,1.00,1.00
2016.02.17 08:24:59.921,0.71065,0.71086,1.00,1.00
2016.02.17 08:25:00.201,0.7106,0.71086,1.00,1.00
2016.02.17 08:25:00.765,0.71059,0.71086,1.00,1.00
2016.02.17 08:25:01.196,0.71065,0.71086,1.00,1.00
2016.02.17 08:25:01.706,0.71065,0.71087,1.00,1.00
2016.02.17 08:25:02.241,0.71065,0.71088,1.00,1.00
2016.02.17 08:25:02.292,0.71059,0.71088,2.00,1.00
2016.02.17 08:25:02.473,0.7106,0.71086,1.00,1.00
2016.02.17 08:25:03.393,0.7106,0.71085,1.00,1.00
2016.02.17 08:25:04.708,0.71056,0.71085,1.00,1.00
2016.02.17 08:25:05.271,0.71055,0.71085,1.00,1.00
2016.02.17 08:25:05.929,0.71065,0.71085,1.00,1.00
2016.02.17 08:25:06.260,0.71059,0.71085,1.00,1.00
2016.02.17 08:25:07.139,0.7106,0.71085,1.00,1.00
2016.02.17 08:25:08.688,0.71059,0.71086,1.00,1.00
2016.02.17 08:25:08.789,0.7106,0.71089,1.00,1.00
2016.02.17 08:25:08.839,0.71065,0.7109,1.00,1.00
2016.02.17 08:25:09.155,0.7107,0.71091,1.00,1.00
2016.02.17 08:25:09.205,0.7107,0.71094,1.00,1.00
2016.02.17 08:25:09.493,0.71069,0.71096,1.00,1.00
2016.02.17 08:25:10.003,0.7107,0.71096,1.00,1.00
2016.02.17 08:25:10.269,0.7107,0.71098,1.00,1.00
2016.02.17 08:25:10.530,0.71071,0.711,1.00,1.00
2016.02.17 08:25:10.999,0.71073,0.71102,1.00,1.00
2016.02.17 08:25:11.661,0.71072,0.71101,1.00,1.00
2016.02.17 08:25:12.310,0.71069,0.71097,1.00,1.00
2016.02.17 08:25:12.896,0.7107,0.71097,1.00,1.00
2016.02.17 08:25:13.399,0.7107,0.71098,1.00,1.00
2016.02.17 08:25:13.698,0.7107,0.71101,2.00,1.00
2016.02.17 08:25:13.850,0.71075,0.71101,1.00,1.00
2016.02.17 08:25:14.476,0.71075,0.71102,1.00,1.00
2016.02.17 08:25:15.278,0.71074,0.71102,1.00,1.00
2016.02.17 08:25:16.049,0.71075,0.71102,1.00,1.00
2016.02.17 08:25:16.711,0.71074,0.71103,1.00,1.00
2016.02.17 08:25:17.263,0.71075,0.71103,1.00,1.00
2016.02.17 08:25:18.029,0.71074,0.71103,1.00,1.00
2016.02.17 08:25:19.022,0.71075,0.71103,1.00,1.00
2016.02.17 08:25:20.548,0.71075,0.71104,2.00,1.00
2016.02.17 08:25:21.329,0.7108,0.71104,1.00,1.00
2016.02.17 08:25:23.309,0.7108,0.71103,1.00,1.00
2016.02.17 08:25:23.360,0.71075,0.71103,1.00,1.00
2016.02.17 08:25:23.530,0.7108,0.71103,1.00,1.00
2016.02.17 08:25:23.631,0.7108,0.71105,1.00,2.00
2016.02.17 08:25:23.969,0.7108,0.71108,1.00,1.00
2016.02.17 08:25:24.631,0.7108,0.71109,1.00,1.00
2016.02.17 08:25:25.181,0.71079,0.71109,1.00,1.00
2016.02.17 08:25:26.171,0.7108,0.71109,1.00,1.00
2016.02.17 08:25:28.861,0.71081,0.7111,1.00,1.00
2016.02.17 08:25:29.108,0.71085,0.7111,1.00,1.00
2016.02.17 08:25:29.438,0.71085,0.71112,1.00,1.00
2016.02.17 08:25:30.281,0.71083,0.71112,1.00,1.00
2016.02.17 08:25:30.519,0.7108,0.71111,2.00,1.00
2016.02.17 08:25:30.620,0.7108,0.71109,2.00,1.00
2016.02.17 08:25:31.154,0.7108,0.71108,1.00,1.00
2016.02.17 08:25:33.871,0.71079,0.71108,2.00,1.00
2016.02.17 08:25:34.249,0.71074,0.71102,1.00,1.00
2016.02.17 08:25:34.850,0.71073,0.71102,1.00,1.00
2016.02.17 08:25:36.881,0.71072,0.71101,1.00,1.00
2016.02.17 08:25:37.520,0.71074,0.71101,1.00,1.00
2016.02.17 08:25:37.710,0.71072,0.71101,1.00,1.00
2016.02.17 08:25:38.643,0.7107,0.71099,1.00,1.00
2016.02.17 08:25:38.744,0.71065,0.71096,2.00,1.00
2016.02.17 08:25:40.448,0.7107,0.71099,1.00,1.00
2016.02.17 08:25:41.612,0.71071,0.711,1.00,2.00
2016.02.17 08:25:42.161,0.7107,0.71099,1.00,1.00
2016.02.17 08:25:44.658,0.71068,0.71099,1.00,1.00
2016.02.17 08:25:44.858,0.7107,0.71099,1.00,1.00
2016.02.17 08:25:45.080,0.71073,0.71104,1.00,1.00
2016.02.17 08:25:45.679,0.71072,0.71101,1.00,1.00
2016.02.17 08:25:45.851,0.71065,0.71095,2.00,1.00
2016.02.17 08:25:47.440,0.71068,0.71095,1.00,1.00
2016.02.17 08:25:47.501,0.71068,0.71097,1.00,1.00
2016.02.17 08:25:47.551,0.7107,0.71099,1.00,1.00
2016.02.17 08:25:48.049,0.71072,0.711,1.00,1.00
2016.02.17 08:25:48.718,0.71072,0.71101,1.00,1.00
2016.02.17 08:25:49.158,0.7107,0.71101,2.00,1.00
2016.02.17 08:25:49.708,0.7107,0.711,2.00,1.00
2016.02.17 08:25:50.588,0.7107,0.71101,2.00,1.00
2016.02.17 08:25:50.648,0.71072,0.71101,1.00,1.00
2016.02.17 08:25:52.772,0.71076,0.71105,1.00,2.00
2016.02.17 08:25:53.479,0.71077,0.71106,1.00,2.00
2016.02.17 08:25:53.949,0.71074,0.71103,1.00,1.00
2016.02.17 08:25:54.108,0.71069,0.711,1.00,2.00
2016.02.17 08:25:54.870,0.7107,0.711,1.00,2.00
2016.02.17 08:25:55.096,0.71072,0.711,1.00,1.00
2016.02.17 08:25:55.268,0.71074,0.71103,1.00,1.00
2016.02.17 08:25:55.478,0.71078,0.71107,1.00,1.00
2016.02.17 08:25:56.174,0.71078,0.71109,1.00,1.00
2016.02.17 08:25:57.128,0.71078,0.71107,1.00,1.00
2016.02.17 08:25:57.511,0.7108,0.71107,1.00,1.00
2016.02.17 08:25:57.611,0.7108,0.71109,2.00,1.00
2016.02.17 08:25:58.112,0.7108,0.71111,2.00,1.00
2016.02.17 08:25:58.737,0.7108,0.7111,2.00,1.00
2016.02.17 08:25:59.381,0.7108,0.71111,2.00,1.00
2016.02.17 08:25:59.634,0.71082,0.71111,1.00,1.00
2016.02.17 08:26:02.241,0.71084,0.71111,1.00,1.00
2016.02.17 08:26:02.569,0.71082,0.71111,1.00,1.00
2016.02.17 08:26:05.152,0.71084,0.71115,1.00,1.00
2016.02.17 08:26:05.264,0.71086,0.71115,1.00,1.00
2016.02.17 08:26:05.817,0.71087,0.71116,1.00,1.00
2016.02.17 08:26:06.199,0.71089,0.71118,1.00,1.00
2016.02.17 08:26:08.228,0.71086,0.71115,1.00,1.00
2016.02.17 08:26:08.528,0.71087,0.71118,1.00,1.00
2016.02.17 08:26:09.239,0.71087,0.71116,1.00,1.00
2016.02.17 08:26:10.421,0.71087,0.71115,1.00,1.00
2016.02.17 08:26:11.530,0.71087,0.71116,1.00,2.00
2016.02.17 08:26:12.608,0.71086,0.71115,1.00,2.00
2016.02.17 08:26:18.088,0.71087,0.71116,1.00,1.00
2016.02.17 08:26:18.338,0.71091,0.71122,1.00,1.00
2016.02.17 08:26:18.847,0.71092,0.71123,1.00,1.00
2016.02.17 08:26:21.089,0.71092,0.7112,1.00,1.00
2016.02.17 08:26:21.748,0.71092,0.71123,1.00,1.00
2016.02.17 08:26:22.300,0.71093,0.71124,1.00,1.00
2016.02.17 08:26:22.741,0.71095,0.71124,1.00,1.00
2016.02.17 08:26:23.288,0.71094,0.71124,1.00,1.00
2016.02.17 08:26:23.703,0.71096,0.71125,1.00,1.00
2016.02.17 08:26:24.282,0.71097,0.71126,1.00,1.00
2016.02.17 08:26:26.163,0.71096,0.71125,1.00,1.00
2016.02.17 08:26:27.960,0.71094,0.71125,1.00,2.00
2016.02.17 08:26:28.069,0.71093,0.71122,1.00,1.00
2016.02.17 08:26:28.459,0.7109,0.71119,1.00,1.00
2016.02.17 08:26:29.257,0.71089,0.71118,1.00,1.00
2016.02.17 08:26:31.697,0.71091,0.7112,1.00,2.00
2016.02.17 08:26:32.246,0.7109,0.71119,1.00,1.00
2016.02.17 08:26:33.407,0.7109,0.71121,1.00,1.00
2016.02.17 08:26:33.966,0.7109,0.7112,1.00,1.00
2016.02.17 08:26:34.848,0.7109,0.71121,1.00,1.00
2016.02.17 08:26:35.552,0.71091,0.71122,1.00,1.00
2016.02.17 08:26:36.967,0.71093,0.71122,1.00,1.00
2016.02.17 08:26:37.310,0.71096,0.71125,1.00,2.00
2016.02.17 08:26:37.619,0.71099,0.71128,1.00,1.00
2016.02.17 08:26:39.427,0.71098,0.71127,1.00,1.00
2016.02.17 08:26:40.308,0.71096,0.71125,1.00,1.00
2016.02.17 08:26:40.884,0.71095,0.71124,1.00,1.00
2016.02.17 08:26:41.207,0.71092,0.71123,1.00,1.00
2016.02.17 08:26:41.308,0.71091,0.7112,1.00,1.00
2016.02.17 08:26:43.607,0.7109,0.71119,1.00,1.00
2016.02.17 08:26:44.136,0.71091,0.7112,1.00,2.00
2016.02.17 08:26:45.375,0.71092,0.71121,1.00,1.00
2016.02.17 08:26:46.481,0.7109,0.71119,2.00,1.00
2016.02.17 08:26:46.581,0.71092,0.71123,1.00,1.00
2016.02.17 08:26:48.388,0.71092,0.71121,1.00,1.00
2016.02.17 08:26:50.158,0.71092,0.7112,1.00,1.00
2016.02.17 08:26:50.578,0.71093,0.71122,1.00,1.00
2016.02.17 08:26:51.259,0.71094,0.71123,1.00,1.00
2016.02.17 08:26:51.657,0.71092,0.71121,1.00,1.00
2016.02.17 08:26:54.278,0.71094,0.71123,1.00,1.00
2016.02.17 08:26:54.646,0.71095,0.71126,1.00,1.00
2016.02.17 08:26:54.746,0.71099,0.71128,1.00,1.00
2016.02.17 08:26:55.739,0.71101,0.7113,1.00,2.00
2016.02.17 08:26:55.979,0.71102,0.71133,1.00,1.00
2016.02.17 08:26:56.200,0.71104,0.71133,1.00,1.00
2016.02.17 08:26:56.535,0.71107,0.71136,1.00,1.00
2016.02.17 08:26:57.468,0.71105,0.71134,1.00,1.00
2016.02.17 08:26:59.257,0.71103,0.71134,1.00,1.00
2016.02.17 08:27:03.337,0.71103,0.71132,1.00,1.00
2016.02.17 08:27:03.467,0.71101,0.71132,1.00,1.00
2016.02.17 08:27:04.477,0.71101,0.7113,1.00,1.00
2016.02.17 08:27:04.788,0.71099,0.71128,1.00,1.00
2016.02.17 08:27:05.437,0.711,0.71129,1.00,1.00
2016.02.17 08:27:05.557,0.71102,0.71133,1.00,1.00
2016.02.17 08:27:06.927,0.71104,0.71135,1.00,2.00
2016.02.17 08:27:07.239,0.71106,0.71135,1.00,2.00
2016.02.17 08:27:07.691,0.71107,0.71138,1.00,1.00
2016.02.17 08:27:08.027,0.7111,0.71139,1.00,1.00
2016.02.17 08:27:08.669,0.7111,0.71135,1.00,1.00
2016.02.17 08:27:08.927,0.7111,0.71139,1.00,1.00
2016.02.17 08:27:08.978,0.71108,0.71137,1.00,1.00
2016.02.17 08:27:09.299,0.71107,0.71135,1.00,1.00
2016.02.17 08:27:09.923,0.71108,0.71136,1.00,1.00
2016.02.17 08:27:10.340,0.71108,0.71139,1.00,1.00
2016.02.17 08:27:11.053,0.7111,0.71139,1.00,1.00
2016.02.17 08:27:11.707,0.71111,0.7114,1.00,1.00
2016.02.17 08:27:13.957,0.71113,0.71142,1.00,1.00
2016.02.17 08:27:14.526,0.71114,0.71143,1.00,1.00
2016.02.17 08:27:15.067,0.71115,0.71144,1.00,1.00
2016.02.17 08:27:15.584,0.71116,0.71145,1.00,1.00
2016.02.17 08:27:18.678,0.71115,0.71144,1.00,1.00
2016.02.17 08:27:19.177,0.71114,0.7114,1.00,1.00
2016.02.17 08:27:20.167,0.71114,0.71141,1.00,1.00
2016.02.17 08:27:20.719,0.71114,0.7114,1.00,1.00
2016.02.17 08:27:21.051,0.71116,0.71145,1.00,1.00
2016.02.17 08:27:21.597,0.71117,0.71145,1.00,1.00
2016.02.17 08:27:22.043,0.71117,0.71141,1.00,1.00
2016.02.17 08:27:22.152,0.71117,0.71146,1.00,2.00
2016.02.17 08:27:22.257,0.71117,0.7114,1.00,1.00
2016.02.17 08:27:22.372,0.71117,0.71145,1.00,1.00
2016.02.17 08:27:23.249,0.71117,0.7114,1.00,1.00
2016.02.17 08:27:23.478,0.71115,0.71141,1.00,1.00
2016.02.17 08:27:23.639,0.71113,0.7114,1.00,1.00
2016.02.17 08:27:23.868,0.71111,0.71141,1.00,1.00
2016.02.17 08:27:24.458,0.71111,0.7114,1.00,1.00
2016.02.17 08:27:25.676,0.71111,0.71135,1.00,1.00
2016.02.17 08:27:25.886,0.71111,0.7114,1.00,1.00
2016.02.17 08:27:26.283,0.71113,0.7114,1.00,1.00
2016.02.17 08:27:26.927,0.71114,0.7114,1.00,1.00
2016.02.17 08:27:27.857,0.71112,0.7114,1.00,1.00
2016.02.17 08:27:30.057,0.71113,0.7114,1.00,1.00
2016.02.17 08:27:30.948,0.71114,0.7114,1.00,1.00
2016.02.17 08:27:30.998,0.71116,0.7114,1.00,1.00
2016.02.17 08:27:31.057,0.71116,0.71145,1.00,2.00
2016.02.17 08:27:31.169,0.71116,0.7114,1.00,1.00
2016.02.17 08:27:31.429,0.71116,0.71145,1.00,2.00
2016.02.17 08:27:31.938,0.71116,0.7114,1.00,1.00
2016.02.17 08:27:32.307,0.71114,0.7114,1.00,1.00
2016.02.17 08:27:32.667,0.71111,0.71141,1.00,1.00
2016.02.17 08:27:33.259,0.71112,0.71143,1.00,1.00
2016.02.17 08:27:33.664,0.71114,0.71143,1.00,1.00
2016.02.17 08:27:35.349,0.71114,0.7114,1.00,1.00
2016.02.17 08:27:36.388,0.71113,0.7114,1.00,1.00
2016.02.17 08:27:36.711,0.71116,0.7114,1.00,1.00
2016.02.17 08:27:36.777,0.71116,0.71145,1.00,1.00
2016.02.17 08:27:36.938,0.71118,0.71145,1.00,1.00
2016.02.17 08:27:37.767,0.71118,0.71146,1.00,1.00
2016.02.17 08:27:38.069,0.71116,0.71145,1.00,2.00
2016.02.17 08:27:38.119,0.71116,0.71141,1.00,1.00
2016.02.17 08:27:38.427,0.71112,0.71141,1.00,2.00
2016.02.17 08:27:39.310,0.71112,0.7114,1.00,1.00
2016.02.17 08:27:39.419,0.71112,0.71135,1.00,1.00
2016.02.17 08:27:39.748,0.7111,0.7113,1.00,1.00
2016.02.17 08:27:39.798,0.7111,0.71135,1.00,1.00
2016.02.17 08:27:39.966,0.7111,0.71139,1.00,1.00
2016.02.17 08:27:40.186,0.7111,0.71136,1.00,1.00
2016.02.17 08:27:40.408,0.7111,0.71139,1.00,1.00
2016.02.17 08:27:41.846,0.71111,0.7114,1.00,1.00
2016.02.17 08:27:43.600,0.71111,0.71141,1.00,1.00
2016.02.17 08:27:43.651,0.71113,0.71141,1.00,1.00
2016.02.17 08:27:43.822,0.71114,0.71143,1.00,1.00
2016.02.17 08:27:44.375,0.71116,0.71145,1.00,2.00
2016.02.17 08:27:47.346,0.71115,0.71144,1.00,1.00
2016.02.17 08:27:47.879,0.71113,0.71142,1.00,1.00
2016.02.17 08:27:48.220,0.71111,0.7114,1.00,2.00
2016.02.17 08:27:48.598,0.71109,0.71138,1.00,1.00
2016.02.17 08:27:48.918,0.71109,0.71135,1.00,1.00
2016.02.17 08:27:49.174,0.71107,0.71135,1.00,1.00
2016.02.17 08:27:49.274,0.71104,0.71135,1.00,2.00
2016.02.17 08:27:49.487,0.71104,0.71133,1.00,1.00
2016.02.17 08:27:49.943,0.71104,0.7113,1.00,1.00
2016.02.17 08:27:49.993,0.71104,0.71133,1.00,1.00
2016.02.17 08:27:50.099,0.71104,0.7113,1.00,1.00
2016.02.17 08:27:50.406,0.71102,0.7113,1.00,1.00
2016.02.17 08:27:50.506,0.711,0.71129,1.00,1.00
2016.02.17 08:27:52.087,0.711,0.71125,1.00,1.00
2016.02.17 08:27:52.155,0.71098,0.71125,1.00,1.00
2016.02.17 08:27:52.255,0.71095,0.71124,1.00,1.00
2016.02.17 08:27:52.374,0.71093,0.71124,1.00,1.00
2016.02.17 08:27:52.424,0.71093,0.71121,1.00,1.00
2016.02.17 08:27:52.759,0.71091,0.71116,1.00,1.00
2016.02.17 08:27:52.850,0.71089,0.71116,1.00,1.00
2016.02.17 08:27:52.950,0.71087,0.71115,1.00,1.00
2016.02.17 08:27:53.119,0.71088,0.7111,1.00,1.00
2016.02.17 08:27:53.422,0.7109,0.7111,1.00,1.00
2016.02.17 08:27:53.536,0.7109,0.71115,1.00,1.00
2016.02.17 08:27:53.746,0.71088,0.71115,1.00,1.00
2016.02.17 08:27:56.376,0.71088,0.71116,1.00,1.00
2016.02.17 08:27:56.925,0.71088,0.71115,1.00,1.00
2016.02.17 08:27:57.477,0.71088,0.71116,1.00,1.00
2016.02.17 08:27:58.076,0.71086,0.71115,1.00,2.00
2016.02.17 08:27:58.137,0.71086,0.7111,1.00,1.00
2016.02.17 08:27:58.356,0.71086,0.71115,1.00,2.00
2016.02.17 08:27:59.206,0.71087,0.71115,1.00,1.00
2016.02.17 08:28:01.127,0.7109,0.71115,1.00,1.00
2016.02.17 08:28:02.097,0.7109,0.71116,1.00,1.00
2016.02.17 08:28:02.865,0.7109,0.71115,1.00,1.00
2016.02.17 08:28:04.082,0.7109,0.7111,1.00,1.00
2016.02.17 08:28:04.247,0.71088,0.7111,1.00,1.00
2016.02.17 08:28:04.727,0.71086,0.7111,1.00,1.00
2016.02.17 08:28:05.287,0.71085,0.7111,1.00,1.00
2016.02.17 08:28:05.599,0.71087,0.7111,1.00,1.00
2016.02.17 08:28:06.277,0.71088,0.71111,1.00,1.00
2016.02.17 08:28:06.828,0.71086,0.71111,1.00,1.00
2016.02.17 08:28:07.204,0.71087,0.71115,1.00,1.00
2016.02.17 08:28:07.269,0.71087,0.71111,1.00,1.00
2016.02.17 08:28:07.319,0.71085,0.71111,1.00,1.00
2016.02.17 08:28:07.420,0.71083,0.7111,1.00,1.00
2016.02.17 08:28:07.579,0.71084,0.71106,1.00,1.00
2016.02.17 08:28:07.629,0.71087,0.71115,1.00,1.00
2016.02.17 08:28:07.730,0.71089,0.71115,1.00,1.00
2016.02.17 08:28:07.839,0.71089,0.7112,1.00,2.00
2016.02.17 08:28:07.889,0.71089,0.71118,1.00,1.00
2016.02.17 08:28:08.257,0.71091,0.7112,1.00,1.00
2016.02.17 08:28:08.988,0.71095,0.7112,1.00,1.00
2016.02.17 08:28:09.038,0.71095,0.71124,1.00,1.00
2016.02.17 08:28:09.247,0.71095,0.7112,1.00,1.00
2016.02.17 08:28:09.466,0.71096,0.71125,1.00,1.00
2016.02.17 08:28:09.686,0.71096,0.7112,1.00,1.00
2016.02.17 08:28:09.907,0.71096,0.71125,1.00,1.00
2016.02.17 08:28:10.238,0.71097,0.71128,1.00,1.00
2016.02.17 08:28:10.966,0.711,0.71129,1.00,1.00
2016.02.17 08:28:11.504,0.711,0.71125,1.00,1.00
2016.02.17 08:28:11.665,0.71099,0.71128,1.00,1.00
2016.02.17 08:28:11.779,0.71099,0.71125,1.00,1.00
2016.02.17 08:28:11.829,0.71097,0.71125,1.00,1.00
2016.02.17 08:28:12.347,0.71097,0.71128,1.00,1.00
2016.02.17 08:28:12.407,0.71099,0.71128,1.00,1.00
2016.02.17 08:28:12.875,0.71099,0.71125,1.00,1.00
2016.02.17 08:28:13.335,0.71097,0.71125,1.00,1.00
2016.02.17 08:28:13.386,0.71095,0.71124,1.00,1.00
2016.02.17 08:28:13.436,0.71093,0.71122,1.00,1.00
2016.02.17 08:28:13.727,0.71094,0.71125,1.00,2.00
2016.02.17 08:28:13.966,0.71096,0.71125,1.00,2.00
2016.02.17 08:28:17.087,0.71095,0.71124,1.00,1.00
2016.02.17 08:28:17.586,0.71095,0.71121,1.00,1.00
2016.02.17 08:28:18.467,0.71095,0.7112,1.00,1.00
2016.02.17 08:28:18.988,0.71093,0.71121,1.00,1.00
2016.02.17 08:28:19.566,0.71092,0.71121,1.00,2.00
2016.02.17 08:28:19.755,0.7109,0.71121,1.00,2.00
2016.02.17 08:28:20.441,0.7109,0.7112,1.00,1.00
2016.02.17 08:28:20.827,0.71089,0.71118,1.00,1.00
2016.02.17 08:28:21.287,0.71091,0.7112,1.00,2.00
2016.02.17 08:28:21.600,0.7109,0.71115,1.00,1.00
2016.02.17 08:28:21.658,0.7109,0.71119,1.00,1.00
2016.02.17 08:28:21.768,0.7109,0.71115,1.00,1.00
2016.02.17 08:28:22.088,0.71088,0.71115,1.00,1.00
2016.02.17 08:28:22.917,0.71089,0.71115,1.00,1.00
2016.02.17 08:28:23.118,0.71089,0.71118,1.00,1.00
2016.02.17 08:28:23.685,0.7109,0.71119,1.00,1.00
2016.02.17 08:28:24.616,0.71091,0.7112,1.00,1.00
2016.02.17 08:28:25.165,0.71092,0.7112,1.00,1.00
2016.02.17 08:28:26.059,0.71092,0.71121,1.00,2.00
2016.02.17 08:28:26.717,0.71092,0.7112,1.00,1.00
2016.02.17 08:28:27.266,0.71095,0.7112,1.00,1.00
2016.02.17 08:28:27.417,0.71096,0.71125,1.00,2.00
2016.02.17 08:28:28.038,0.71097,0.71125,1.00,1.00
2016.02.17 08:28:28.915,0.71097,0.71126,1.00,1.00
2016.02.17 08:28:29.933,0.71097,0.71125,1.00,1.00
2016.02.17 08:28:31.556,0.71097,0.71128,1.00,1.00
2016.02.17 08:28:31.666,0.71097,0.71125,1.00,1.00
2016.02.17 08:28:32.448,0.71097,0.71126,1.00,1.00
2016.02.17 08:28:32.990,0.71097,0.71125,1.00,1.00
2016.02.17 08:28:36.545,0.71096,0.71125,1.00,1.00
2016.02.17 08:28:36.945,0.71096,0.71127,1.00,1.00
2016.02.17 08:28:37.056,0.71098,0.71127,1.00,1.00
2016.02.17 08:28:37.435,0.711,0.71129,1.00,1.00
2016.02.17 08:28:37.824,0.71102,0.71131,1.00,1.00
2016.02.17 08:28:39.312,0.71103,0.71132,1.00,1.00
2016.02.17 08:28:39.413,0.71105,0.71136,1.00,1.00
2016.02.17 08:28:39.463,0.71108,0.71137,1.00,1.00
2016.02.17 08:28:40.019,0.71109,0.71138,1.00,1.00
2016.02.17 08:28:40.358,0.71112,0.71141,1.00,1.00
2016.02.17 08:28:40.509,0.71115,0.71145,1.00,1.00
2016.02.17 08:28:41.016,0.71115,0.71146,1.00,1.00
2016.02.17 08:28:41.126,0.71115,0.7114,1.00,1.00
2016.02.17 08:28:42.177,0.71114,0.7114,1.00,1.00
2016.02.17 08:28:42.465,0.71116,0.71145,1.00,2.00
2016.02.17 08:28:43.417,0.71114,0.71145,1.00,2.00
2016.02.17 08:28:43.776,0.71116,0.71145,1.00,2.00
2016.02.17 08:28:44.165,0.71119,0.71145,1.00,1.00
2016.02.17 08:28:44.215,0.71116,0.71145,1.00,1.00
2016.02.17 08:28:44.803,0.71116,0.71146,1.00,1.00
2016.02.17 08:28:45.246,0.71119,0.71145,1.00,1.00
2016.02.17 08:28:46.346,0.7112,0.71145,1.00,1.00
2016.02.17 08:28:46.449,0.71115,0.71144,1.00,1.00
2016.02.17 08:28:46.936,0.71118,0.71145,1.00,1.00
2016.02.17 08:28:47.984,0.71119,0.71145,1.00,1.00
2016.02.17 08:28:48.489,0.7112,0.71145,1.00,1.00
2016.02.17 08:28:49.358,0.71116,0.71145,1.00,2.00
2016.02.17 08:28:49.408,0.71116,0.71141,1.00,1.00
2016.02.17 08:28:49.621,0.71114,0.7114,1.00,1.00
2016.02.17 08:28:50.002,0.71114,0.71135,1.00,1.00
2016.02.17 08:28:50.054,0.71109,0.71135,1.00,1.00
2016.02.17 08:28:51.031,0.7111,0.71135,1.00,1.00
2016.02.17 08:28:51.686,0.7111,0.71136,1.00,1.00
2016.02.17 08:28:51.876,0.71112,0.71136,1.00,1.00
2016.02.17 08:28:52.456,0.71112,0.71135,1.00,1.00
2016.02.17 08:28:52.885,0.7111,0.71135,1.00,1.00
2016.02.17 08:28:52.991,0.71108,0.71135,1.00,1.00
2016.02.17 08:28:53.716,0.7111,0.71135,1.00,1.00
2016.02.17 08:28:54.296,0.7111,0.71136,1.00,1.00
2016.02.17 08:28:54.878,0.7111,0.71135,1.00,1.00
2016.02.17 08:28:55.476,0.71112,0.71135,1.00,1.00
2016.02.17 08:28:55.836,0.71109,0.71135,1.00,1.00
2016.02.17 08:28:56.077,0.71106,0.71135,1.00,1.00
2016.02.17 08:28:56.638,0.71105,0.71135,1.00,1.00
2016.02.17 08:28:57.015,0.71104,0.7113,1.00,1.00
2016.02.17 08:28:57.803,0.71104,0.71131,1.00,1.00
2016.02.17 08:28:57.855,0.71102,0.7113,1.00,1.00
2016.02.17 08:28:57.966,0.711,0.71129,1.00,1.00
2016.02.17 08:28:59.058,0.711,0.71125,1.00,1.00
2016.02.17 08:29:00.597,0.711,0.71126,1.00,1.00
2016.02.17 08:29:00.944,0.711,0.71129,1.00,1.00
2016.02.17 08:29:01.474,0.71101,0.7113,1.00,2.00
2016.02.17 08:29:01.589,0.71101,0.71125,1.00,1.00
2016.02.17 08:29:02.136,0.711,0.71125,1.00,1.00
2016.02.17 08:29:02.736,0.711,0.71129,1.00,1.00
2016.02.17 08:29:03.066,0.71103,0.7113,1.00,1.00
2016.02.17 08:29:03.443,0.71101,0.7113,1.00,2.00
2016.02.17 08:29:05.647,0.71102,0.7113,1.00,1.00
2016.02.17 08:29:06.314,0.71102,0.71131,1.00,1.00
2016.02.17 08:29:06.863,0.71101,0.7113,1.00,1.00
2016.02.17 08:29:07.414,0.71102,0.7113,1.00,1.00
2016.02.17 08:29:08.406,0.71102,0.71131,1.00,2.00
2016.02.17 08:29:08.923,0.71102,0.7113,1.00,1.00
2016.02.17 08:29:10.517,0.711,0.7113,1.00,1.00
2016.02.17 08:29:10.568,0.71098,0.71127,1.00,1.00
2016.02.17 08:29:10.769,0.71096,0.71127,1.00,1.00
2016.02.17 08:29:10.936,0.71096,0.71125,1.00,1.00
2016.02.17 08:29:11.326,0.71099,0.71128,1.00,1.00
2016.02.17 08:29:12.105,0.71097,0.71128,1.00,1.00
2016.02.17 08:29:14.326,0.71097,0.71126,1.00,1.00
2016.02.17 08:29:14.893,0.71097,0.71125,1.00,1.00
2016.02.17 08:29:15.246,0.71099,0.71128,1.00,1.00
2016.02.17 08:29:15.347,0.71102,0.7113,1.00,1.00
2016.02.17 08:29:15.772,0.71103,0.71132,1.00,1.00
2016.02.17 08:29:15.822,0.71103,0.7113,1.00,1.00
2016.02.17 08:29:16.044,0.71103,0.71132,1.00,1.00
2016.02.17 08:29:16.546,0.71102,0.71131,1.00,1.00
2016.02.17 08:29:17.754,0.71102,0.7113,1.00,1.00
2016.02.17 08:29:18.491,0.71102,0.71131,1.00,1.00
2016.02.17 08:29:19.135,0.71102,0.7113,1.00,1.00
2016.02.17 08:29:19.844,0.71102,0.71131,1.00,1.00
2016.02.17 08:29:20.316,0.71099,0.71128,1.00,1.00
2016.02.17 08:29:20.865,0.71099,0.71125,1.00,1.00
2016.02.17 08:29:21.494,0.71098,0.71125,1.00,1.00
2016.02.17 08:29:22.044,0.71097,0.71125,1.00,1.00
2016.02.17 08:29:22.773,0.71096,0.71125,1.00,1.00
2016.02.17 08:29:23.745,0.71094,0.71123,1.00,1.00
2016.02.17 08:29:30.235,0.71092,0.71123,1.00,1.00
2016.02.17 08:29:30.485,0.71095,0.71124,1.00,1.00
2016.02.17 08:29:31.066,0.71095,0.71125,1.00,1.00
2016.02.17 08:29:33.978,0.71095,0.71126,1.00,2.00
2016.02.17 08:29:34.659,0.71094,0.71123,1.00,1.00
2016.02.17 08:29:35.377,0.71095,0.71124,1.00,1.00
2016.02.17 08:29:35.731,0.71092,0.71121,1.00,2.00
2016.02.17 08:29:36.087,0.71095,0.7112,1.00,1.00
2016.02.17 08:29:36.188,0.71096,0.71125,1.00,2.00
2016.02.17 08:29:36.394,0.71096,0.7112,1.00,1.00
2016.02.17 08:29:36.614,0.71095,0.71124,1.00,1.00
2016.02.17 08:29:38.024,0.71097,0.71125,1.00,1.00
2016.02.17 08:29:38.814,0.71095,0.71124,1.00,1.00
2016.02.17 08:29:39.725,0.71093,0.71122,1.00,1.00
2016.02.17 08:29:40.875,0.71093,0.7112,1.00,1.00
2016.02.17 08:29:41.168,0.71091,0.7112,1.00,2.00
2016.02.17 08:29:41.427,0.71088,0.71117,1.00,1.00
2016.02.17 08:29:41.735,0.71082,0.71111,1.00,1.00
2016.02.17 08:29:42.301,0.71082,0.7111,1.00,1.00
2016.02.17 08:29:42.352,0.71083,0.71114,1.00,1.00
2016.02.17 08:29:45.387,0.71083,0.71111,1.00,1.00
2016.02.17 08:29:45.537,0.7108,0.71109,1.00,1.00
2016.02.17 08:29:45.588,0.71078,0.71107,1.00,1.00
2016.02.17 08:29:45.892,0.7108,0.71109,1.00,1.00
2016.02.17 08:29:46.410,0.71079,0.7111,1.00,2.00
2016.02.17 08:29:47.075,0.71079,0.71108,1.00,1.00
2016.02.17 08:29:48.435,0.71082,0.71111,1.00,2.00
2016.02.17 08:29:49.104,0.71081,0.7111,1.00,2.00
2016.02.17 08:29:49.483,0.71083,0.7111,1.00,1.00
2016.02.17 08:29:50.347,0.71083,0.71112,1.00,1.00
2016.02.17 08:29:50.398,0.71083,0.71114,1.00,1.00
2016.02.17 08:29:50.448,0.71079,0.7111,1.00,2.00
2016.02.17 08:29:51.684,0.7108,0.7111,1.00,1.00
2016.02.17 08:29:52.204,0.71079,0.7111,2.00,1.00
2016.02.17 08:29:52.785,0.7108,0.7111,1.00,1.00
2016.02.17 08:29:53.135,0.7108,0.71108,1.00,1.00
2016.02.17 08:29:53.916,0.7108,0.71109,1.00,1.00
2016.02.17 08:29:54.324,0.71085,0.71109,1.00,1.00
2016.02.17 08:29:54.937,0.71085,0.71111,1.00,1.00
2016.02.17 08:29:55.148,0.71085,0.71113,1.00,1.00
2016.02.17 08:29:55.677,0.71085,0.71112,1.00,1.00
2016.02.17 08:29:56.179,0.71085,0.71113,1.00,1.00
2016.02.17 08:29:57.171,0.71085,0.71112,1.00,1.00
2016.02.17 08:29:57.554,0.71081,0.71112,1.00,1.00
2016.02.17 08:29:58.143,0.7108,0.71111,2.00,1.00
2016.02.17 08:29:58.194,0.7108,0.71109,2.00,1.00
2016.02.17 08:29:58.598,0.71083,0.71112,1.00,1.00
2016.02.17 08:29:59.183,0.71083,0.7111,1.00,1.00
2016.02.17 08:29:59.233,0.71083,0.71112,1.00,1.00
2016.02.17 08:29:59.553,0.71083,0.7111,1.00,1.00
2016.02.17 08:30:00.084,0.71083,0.71112,1.00,1.00
2016.02.17 08:30:00.995,0.71079,0.71116,1.00,1.00
2016.02.17 08:30:01.175,0.71083,0.71112,1.00,1.00
2016.02.17 08:30:01.956,0.71083,0.71114,1.00,1.00
2016.02.17 08:30:02.376,0.7108,0.71109,1.00,1.00
2016.02.17 08:30:06.976,0.7108,0.71108,1.00,1.00
2016.02.17 08:30:11.634,0.71079,0.71108,2.00,1.00
2016.02.17 08:30:11.978,0.71085,0.71114,2.00,1.00
2016.02.17 08:30:12.176,0.71089,0.7112,1.00,2.00
2016.02.17 08:30:12.226,0.71091,0.7112,1.00,1.00
2016.02.17 08:30:12.737,0.71092,0.71121,1.00,1.00
2016.02.17 08:30:13.414,0.71091,0.7112,1.00,1.00
2016.02.17 08:30:13.928,0.7109,0.71119,1.00,1.00
2016.02.17 08:30:14.686,0.71092,0.71121,1.00,1.00
2016.02.17 08:30:15.045,0.71096,0.71125,1.00,1.00
2016.02.17 08:30:15.379,0.711,0.71127,1.00,1.00
2016.02.17 08:30:15.925,0.711,0.71128,1.00,1.00
2016.02.17 08:30:16.547,0.711,0.71127,1.00,1.00
2016.02.17 08:30:17.941,0.71099,0.71127,1.00,1.00
2016.02.17 08:30:18.227,0.711,0.71129,2.00,1.00
2016.02.17 08:30:18.565,0.71097,0.71128,1.00,1.00
2016.02.17 08:30:18.615,0.71096,0.71125,1.00,1.00
2016.02.17 08:30:19.726,0.71095,0.71124,1.00,1.00
2016.02.17 08:30:20.052,0.71091,0.7112,1.00,1.00
2016.02.17 08:30:20.158,0.71089,0.7112,2.00,1.00
2016.02.17 08:30:20.656,0.71095,0.7112,1.00,1.00
2016.02.17 08:30:21.094,0.7109,0.7112,1.00,1.00
2016.02.17 08:30:21.166,0.7109,0.71118,1.00,1.00
2016.02.17 08:30:21.946,0.7109,0.71116,1.00,1.00
2016.02.17 08:30:22.246,0.7109,0.71119,2.00,1.00
2016.02.17 08:30:23.087,0.71095,0.71119,1.00,1.00
2016.02.17 08:30:23.626,0.71094,0.71119,1.00,1.00
2016.02.17 08:30:23.735,0.7109,0.71119,2.00,1.00
2016.02.17 08:30:23.868,0.7109,0.71117,1.00,1.00
2016.02.17 08:30:24.446,0.7109,0.71116,1.00,1.00
2016.02.17 08:30:25.130,0.7109,0.71115,1.00,1.00
2016.02.17 08:30:28.246,0.71086,0.71115,1.00,1.00
2016.02.17 08:30:28.465,0.71085,0.71113,1.00,1.00
2016.02.17 08:30:29.492,0.71085,0.71111,1.00,1.00
2016.02.17 08:30:30.038,0.71085,0.71113,1.00,1.00
2016.02.17 08:30:30.088,0.71085,0.71111,1.00,1.00
2016.02.17 08:30:30.446,0.71085,0.71113,1.00,1.00
2016.02.17 08:30:31.326,0.71084,0.71113,2.00,1.00
2016.02.17 08:30:32.095,0.71085,0.71112,1.00,1.00
2016.02.17 08:30:32.916,0.71085,0.71111,1.00,1.00
2016.02.17 08:30:33.313,0.71081,0.7111,1.00,1.00
2016.02.17 08:30:33.597,0.71077,0.71106,1.00,1.00
2016.02.17 08:30:33.899,0.71071,0.711,1.00,1.00
2016.02.17 08:30:33.999,0.71071,0.71102,1.00,1.00
2016.02.17 08:30:34.049,0.71071,0.711,1.00,1.00
2016.02.17 08:30:34.380,0.71069,0.71097,1.00,1.00
2016.02.17 08:30:34.516,0.71066,0.71097,1.00,1.00
2016.02.17 08:30:34.586,0.71066,0.71095,1.00,1.00
2016.02.17 08:30:35.615,0.7107,0.71095,1.00,1.00
2016.02.17 08:30:36.205,0.7107,0.71096,1.00,1.00
2016.02.17 08:30:36.716,0.71067,0.71096,1.00,1.00
2016.02.17 08:30:36.824,0.7107,0.71096,1.00,1.00
2016.02.17 08:30:37.705,0.71069,0.71096,1.00,1.00
2016.02.17 08:30:38.252,0.7107,0.71098,1.00,1.00
2016.02.17 08:30:38.366,0.7107,0.711,1.00,1.00
2016.02.17 08:30:38.586,0.71075,0.71101,1.00,1.00
2016.02.17 08:30:39.260,0.7107,0.71101,2.00,1.00
2016.02.17 08:30:39.626,0.7107,0.71099,2.00,1.00
2016.02.17 08:30:40.467,0.7107,0.71098,1.00,1.00
2016.02.17 08:30:41.019,0.71069,0.71097,1.00,1.00
2016.02.17 08:30:41.556,0.7107,0.71096,1.00,1.00
2016.02.17 08:30:41.664,0.71065,0.71096,2.00,1.00
2016.02.17 08:30:41.814,0.71065,0.71094,2.00,1.00
2016.02.17 08:30:42.136,0.7107,0.71095,1.00,1.00
2016.02.17 08:30:42.882,0.7107,0.71096,1.00,1.00
2016.02.17 08:30:43.276,0.7107,0.71099,2.00,1.00
2016.02.17 08:30:44.486,0.71069,0.71097,1.00,1.00
2016.02.17 08:30:46.045,0.71069,0.71098,2.00,1.00
2016.02.17 08:30:46.450,0.71071,0.711,1.00,1.00
2016.02.17 08:30:47.502,0.71075,0.711,1.00,1.00
2016.02.17 08:30:48.028,0.71075,0.71103,1.00,1.00
2016.02.17 08:30:48.614,0.71075,0.71104,2.00,1.00
2016.02.17 08:30:48.786,0.71075,0.71102,1.00,1.00
2016.02.17 08:30:49.559,0.71075,0.71103,1.00,1.00
2016.02.17 08:30:49.919,0.71075,0.71101,1.00,1.00
2016.02.17 08:30:50.907,0.71074,0.711,1.00,1.00
2016.02.17 08:30:51.566,0.71075,0.71101,1.00,1.00
2016.02.17 08:30:52.275,0.71075,0.71102,1.00,1.00
2016.02.17 08:30:54.019,0.71074,0.71102,1.00,1.00
2016.02.17 08:30:54.533,0.71075,0.71103,1.00,1.00
2016.02.17 08:30:55.062,0.71076,0.71105,1.00,1.00
2016.02.17 08:30:55.798,0.71075,0.71105,1.00,1.00
2016.02.17 08:30:56.423,0.71075,0.71106,2.00,1.00
2016.02.17 08:30:56.915,0.71077,0.71106,1.00,1.00
2016.02.17 08:30:57.562,0.71076,0.71105,1.00,1.00
2016.02.17 08:30:57.905,0.7108,0.71105,1.00,1.00
2016.02.17 08:30:58.495,0.71079,0.71105,1.00,1.00
2016.02.17 08:30:59.045,0.7108,0.71105,1.00,1.00
2016.02.17 08:30:59.982,0.7108,0.71106,1.00,1.00
2016.02.17 08:31:01.055,0.7108,0.71107,1.00,1.00
2016.02.17 08:31:02.175,0.7108,0.71109,2.00,1.00
2016.02.17 08:31:02.746,0.7108,0.71108,1.00,1.00
2016.02.17 08:31:02.987,0.7108,0.71106,1.00,1.00
2016.02.17 08:31:03.038,0.71077,0.71106,1.00,1.00
2016.02.17 08:31:03.108,0.71075,0.71103,1.00,1.00
2016.02.17 08:31:03.423,0.7107,0.71101,2.00,1.00
2016.02.17 08:31:03.664,0.71075,0.71101,1.00,1.00
2016.02.17 08:31:04.107,0.7107,0.71101,2.00,1.00
2016.02.17 08:31:04.426,0.7107,0.71099,2.00,1.00
2016.02.17 08:31:04.865,0.7107,0.71097,1.00,1.00
2016.02.17 08:31:05.315,0.71065,0.71094,2.00,1.00
2016.02.17 08:31:05.365,0.71065,0.71092,1.00,1.00
2016.02.17 08:31:05.867,0.71065,0.71091,1.00,1.00
2016.02.17 08:31:05.917,0.71065,0.71093,1.00,1.00
2016.02.17 08:31:06.480,0.71064,0.71093,2.00,1.00
2016.02.17 08:31:06.555,0.7107,0.71093,1.00,1.00
2016.02.17 08:31:07.865,0.7107,0.71094,1.00,1.00
2016.02.17 08:31:08.448,0.71069,0.71094,1.00,1.00
2016.02.17 08:31:09.353,0.7107,0.71094,1.00,1.00
2016.02.17 08:31:10.843,0.71069,0.71094,1.00,1.00
2016.02.17 08:31:11.013,0.71062,0.71091,1.00,1.00
2016.02.17 08:31:12.266,0.71061,0.7109,1.00,1.00
2016.02.17 08:31:12.317,0.71063,0.71092,1.00,1.00
2016.02.17 08:31:12.838,0.71065,0.71093,1.00,1.00
2016.02.17 08:31:13.363,0.71065,0.71092,1.00,1.00
2016.02.17 08:31:13.500,0.71063,0.71092,1.00,1.00
2016.02.17 08:31:13.609,0.71061,0.7109,1.00,1.00
2016.02.17 08:31:13.940,0.71059,0.71087,1.00,1.00
2016.02.17 08:31:13.990,0.71061,0.7109,1.00,1.00
2016.02.17 08:31:14.091,0.71065,0.71089,1.00,1.00
2016.02.17 08:31:14.247,0.71065,0.71091,1.00,1.00
2016.02.17 08:31:14.411,0.71062,0.71091,1.00,1.00
2016.02.17 08:31:14.625,0.71065,0.71091,1.00,1.00
2016.02.17 08:31:14.966,0.7107,0.711,1.00,1.00
2016.02.17 08:31:15.126,0.71072,0.711,1.00,1.00
2016.02.17 08:31:15.475,0.71074,0.71103,1.00,1.00
2016.02.17 08:31:15.774,0.71077,0.71106,1.00,2.00
2016.02.17 08:31:16.431,0.71077,0.71105,1.00,1.00
2016.02.17 08:31:17.005,0.71078,0.71105,1.00,1.00
2016.02.17 08:31:17.123,0.71078,0.71107,1.00,1.00
2016.02.17 08:31:17.629,0.71078,0.71106,1.00,1.00
2016.02.17 08:31:18.144,0.71077,0.71106,1.00,1.00
2016.02.17 08:31:18.685,0.71076,0.71105,1.00,1.00
2016.02.17 08:31:18.866,0.71076,0.71107,1.00,1.00
2016.02.17 08:31:19.459,0.71076,0.71105,1.00,1.00
2016.02.17 08:31:19.947,0.71073,0.71102,1.00,1.00
2016.02.17 08:31:20.065,0.71073,0.71104,1.00,1.00
2016.02.17 08:31:20.115,0.71073,0.711,1.00,1.00
2016.02.17 08:31:20.266,0.71071,0.711,1.00,2.00
2016.02.17 08:31:21.627,0.7107,0.71099,1.00,1.00
2016.02.17 08:31:23.254,0.71072,0.71101,1.00,1.00
2016.02.17 08:31:23.932,0.71073,0.71102,1.00,1.00
2016.02.17 08:31:27.905,0.71073,0.711,1.00,1.00
2016.02.17 08:31:29.315,0.71071,0.711,1.00,2.00
2016.02.17 08:31:29.416,0.71069,0.711,1.00,2.00
2016.02.17 08:31:29.584,0.71069,0.71098,1.00,1.00
2016.02.17 08:31:29.935,0.71071,0.711,1.00,2.00
2016.02.17 08:31:32.886,0.7107,0.71099,1.00,1.00
2016.02.17 08:31:33.018,0.71068,0.71099,1.00,1.00
2016.02.17 08:31:33.068,0.71067,0.71096,1.00,1.00
2016.02.17 08:31:33.645,0.71066,0.71095,1.00,2.00
2016.02.17 08:31:34.395,0.71064,0.71093,1.00,1.00
2016.02.17 08:31:34.943,0.71065,0.71094,1.00,1.00
2016.02.17 08:31:35.923,0.71064,0.71093,1.00,1.00
2016.02.17 08:31:36.228,0.71064,0.7109,1.00,1.00
2016.02.17 08:31:36.375,0.71063,0.71092,1.00,1.00
2016.02.17 08:31:36.486,0.71063,0.7109,1.00,1.00
2016.02.17 08:31:37.373,0.71062,0.7109,1.00,1.00
2016.02.17 08:31:38.134,0.71062,0.71091,1.00,1.00
2016.02.17 08:31:38.663,0.71063,0.7109,1.00,1.00
2016.02.17 08:31:38.846,0.71061,0.7109,1.00,1.00
2016.02.17 08:31:38.970,0.71061,0.71092,1.00,1.00
2016.02.17 08:31:39.025,0.71061,0.7109,1.00,1.00
2016.02.17 08:31:39.155,0.71061,0.71092,1.00,1.00
2016.02.17 08:31:39.566,0.71061,0.7109,1.00,1.00
2016.02.17 08:31:40.547,0.71063,0.7109,1.00,1.00
2016.02.17 08:31:41.140,0.71062,0.7109,1.00,1.00
2016.02.17 08:31:41.325,0.71062,0.71093,1.00,1.00
2016.02.17 08:31:41.704,0.71064,0.71093,1.00,1.00
2016.02.17 08:31:42.345,0.71062,0.71091,1.00,1.00
2016.02.17 08:31:44.216,0.71062,0.7109,1.00,1.00
2016.02.17 08:31:45.172,0.71063,0.7109,1.00,1.00
2016.02.17 08:31:45.925,0.71061,0.7109,1.00,2.00
2016.02.17 08:31:47.073,0.71061,0.71085,1.00,1.00
2016.02.17 08:31:47.185,0.71059,0.71085,1.00,1.00
2016.02.17 08:31:47.768,0.71058,0.71085,1.00,1.00
2016.02.17 08:31:48.685,0.71057,0.71085,1.00,1.00
2016.02.17 08:31:49.186,0.71056,0.71085,1.00,2.00
2016.02.17 08:31:49.482,0.71054,0.71083,1.00,1.00
2016.02.17 08:31:50.076,0.71054,0.7108,1.00,1.00
2016.02.17 08:31:50.295,0.71054,0.71083,1.00,1.00
2016.02.17 08:31:50.777,0.71055,0.7108,1.00,1.00
2016.02.17 08:31:51.439,0.71056,0.7108,1.00,1.00
2016.02.17 08:31:51.944,0.71055,0.7108,1.00,1.00
2016.02.17 08:31:53.155,0.71055,0.71081,1.00,1.00
2016.02.17 08:31:53.205,0.71052,0.71081,1.00,2.00
2016.02.17 08:31:53.715,0.71051,0.7108,1.00,1.00
2016.02.17 08:31:53.765,0.71049,0.71078,1.00,1.00
2016.02.17 08:31:54.085,0.71052,0.71081,1.00,2.00
2016.02.17 08:31:54.685,0.71053,0.7108,1.00,1.00
2016.02.17 08:31:56.344,0.71053,0.71082,1.00,1.00
2016.02.17 08:31:57.431,0.71055,0.71084,1.00,1.00
2016.02.17 08:31:57.774,0.71057,0.71085,1.00,1.00
2016.02.17 08:31:58.324,0.71056,0.71085,1.00,2.00
2016.02.17 08:31:58.838,0.71055,0.71084,1.00,1.00
2016.02.17 08:31:59.913,0.71058,0.71085,1.00,1.00
2016.02.17 08:32:00.294,0.71061,0.71085,1.00,1.00
2016.02.17 08:32:00.412,0.71061,0.7109,1.00,1.00
2016.02.17 08:32:00.744,0.71061,0.71085,1.00,1.00
2016.02.17 08:32:00.962,0.71063,0.7109,1.00,1.00
2016.02.17 08:32:01.045,0.71061,0.7109,1.00,2.00
2016.02.17 08:32:01.095,0.71061,0.71085,1.00,1.00
2016.02.17 08:32:01.145,0.71059,0.71085,1.00,1.00
2016.02.17 08:32:01.296,0.71059,0.71088,1.00,1.00
2016.02.17 08:32:01.913,0.71059,0.71086,1.00,1.00
2016.02.17 08:32:02.354,0.7106,0.71089,1.00,1.00
2016.02.17 08:32:02.665,0.71062,0.71091,1.00,2.00
2016.02.17 08:32:03.668,0.71062,0.7109,1.00,1.00
2016.02.17 08:32:04.094,0.71061,0.71085,1.00,1.00
2016.02.17 08:32:04.334,0.71059,0.71086,1.00,1.00
2016.02.17 08:32:04.638,0.71056,0.71085,1.00,2.00
2016.02.17 08:32:05.015,0.71054,0.71085,1.00,1.00
2016.02.17 08:32:05.323,0.71056,0.71085,1.00,2.00
2016.02.17 08:32:06.312,0.71056,0.71086,1.00,1.00
2016.02.17 08:32:06.815,0.71056,0.71087,1.00,1.00
2016.02.17 08:32:07.142,0.71064,0.71093,1.00,1.00
2016.02.17 08:32:07.471,0.71064,0.7109,1.00,1.00
2016.02.17 08:32:07.727,0.71065,0.71094,1.00,1.00
2016.02.17 08:32:07.944,0.71065,0.7109,1.00,1.00
2016.02.17 08:32:08.195,0.71062,0.71091,1.00,1.00
2016.02.17 08:32:08.668,0.71064,0.7109,1.00,1.00
2016.02.17 08:32:09.503,0.71066,0.7109,1.00,1.00
2016.02.17 08:32:10.492,0.71064,0.7109,1.00,1.00
2016.02.17 08:32:12.454,0.71064,0.71093,1.00,1.00
2016.02.17 08:32:12.802,0.71067,0.71095,1.00,1.00
2016.02.17 08:32:13.341,0.71066,0.71095,1.00,2.00
2016.02.17 08:32:13.776,0.71066,0.7109,1.00,1.00
2016.02.17 08:32:13.846,0.71062,0.7109,1.00,1.00
2016.02.17 08:32:14.872,0.71062,0.71091,1.00,1.00
2016.02.17 08:32:15.044,0.71064,0.71091,1.00,1.00
2016.02.17 08:32:15.457,0.71064,0.71093,1.00,1.00
2016.02.17 08:32:15.508,0.71066,0.71095,1.00,2.00
2016.02.17 08:32:15.886,0.7107,0.71095,1.00,1.00
2016.02.17 08:32:15.978,0.7107,0.71099,1.00,1.00
2016.02.17 08:32:16.155,0.71072,0.711,1.00,1.00
2016.02.17 08:32:19.052,0.71072,0.71101,1.00,2.00
2016.02.17 08:32:19.353,0.71074,0.71103,1.00,1.00
2016.02.17 08:32:19.672,0.71076,0.71105,1.00,2.00
2016.02.17 08:32:20.262,0.71075,0.71104,1.00,1.00
2016.02.17 08:32:20.612,0.71072,0.711,1.00,1.00
2016.02.17 08:32:20.722,0.71073,0.71102,1.00,1.00
2016.02.17 08:32:20.832,0.71074,0.71105,1.00,2.00
2016.02.17 08:32:21.472,0.71074,0.711,1.00,1.00
2016.02.17 08:32:21.587,0.71074,0.71105,1.00,2.00
2016.02.17 08:32:21.763,0.71073,0.71102,1.00,1.00
2016.02.17 08:32:22.101,0.71071,0.711,1.00,1.00
2016.02.17 08:32:22.631,0.71069,0.71098,1.00,1.00
2016.02.17 08:32:23.423,0.71068,0.71099,1.00,1.00
2016.02.17 08:32:25.074,0.71068,0.71097,1.00,1.00
2016.02.17 08:32:25.776,0.71067,0.71096,1.00,1.00
2016.02.17 08:32:26.432,0.71065,0.71094,1.00,1.00
2016.02.17 08:32:27.372,0.71066,0.71095,1.00,1.00
2016.02.17 08:32:28.134,0.71065,0.71094,1.00,1.00
2016.02.17 08:32:29.663,0.71066,0.71095,1.00,1.00
2016.02.17 08:32:31.222,0.71067,0.71096,1.00,2.00
2016.02.17 08:32:31.740,0.71067,0.71095,1.00,1.00
2016.02.17 08:32:32.602,0.71063,0.71094,1.00,1.00
2016.02.17 08:32:32.757,0.71063,0.7109,1.00,1.00
2016.02.17 08:32:32.810,0.71061,0.7109,1.00,2.00
2016.02.17 08:32:33.432,0.7106,0.71089,1.00,1.00
2016.02.17 08:32:33.556,0.71058,0.71089,1.00,1.00
2016.02.17 08:32:34.744,0.71058,0.71087,1.00,1.00
2016.02.17 08:32:35.304,0.71059,0.71088,1.00,1.00
2016.02.17 08:32:35.857,0.71058,0.71087,1.00,1.00
2016.02.17 08:32:36.209,0.71061,0.7109,1.00,2.00
2016.02.17 08:32:36.367,0.71059,0.7109,1.00,2.00
2016.02.17 08:32:36.424,0.71061,0.7109,1.00,2.00
2016.02.17 08:32:36.985,0.71062,0.7109,1.00,1.00
2016.02.17 08:32:37.683,0.71062,0.71091,1.00,2.00
2016.02.17 08:32:37.992,0.71064,0.71093,1.00,1.00
2016.02.17 08:32:38.505,0.71065,0.71094,1.00,1.00
2016.02.17 08:32:39.375,0.71066,0.71095,1.00,2.00
2016.02.17 08:32:40.024,0.71067,0.71095,1.00,1.00
2016.02.17 08:32:40.582,0.71068,0.71095,1.00,1.00
2016.02.17 08:32:41.163,0.71069,0.71098,1.00,1.00
2016.02.17 08:32:41.628,0.71068,0.71095,1.00,1.00
2016.02.17 08:32:41.826,0.71068,0.71097,1.00,1.00
2016.02.17 08:32:42.633,0.71069,0.71098,1.00,1.00
2016.02.17 08:32:43.105,0.71072,0.711,1.00,1.00
2016.02.17 08:32:43.256,0.71073,0.71102,1.00,1.00
2016.02.17 08:32:43.384,0.71073,0.711,1.00,1.00
2016.02.17 08:32:43.535,0.71071,0.711,1.00,2.00
2016.02.17 08:32:43.877,0.71069,0.71098,1.00,1.00
2016.02.17 08:32:44.524,0.7107,0.71099,1.00,1.00
2016.02.17 08:32:45.304,0.71071,0.71101,1.00,1.00
2016.02.17 08:32:45.583,0.7107,0.71099,1.00,1.00
2016.02.17 08:32:45.905,0.71068,0.71097,1.00,1.00
2016.02.17 08:32:46.903,0.7107,0.71099,1.00,1.00
2016.02.17 08:32:47.434,0.71071,0.711,1.00,2.00
2016.02.17 08:32:47.762,0.71065,0.71094,1.00,1.00
2016.02.17 08:32:48.064,0.71063,0.71092,1.00,1.00
2016.02.17 08:32:48.556,0.71066,0.71095,1.00,2.00
2016.02.17 08:32:49.324,0.71065,0.71094,1.00,1.00
2016.02.17 08:32:49.829,0.71066,0.71095,1.00,1.00
2016.02.17 08:32:50.202,0.71068,0.71097,1.00,1.00
2016.02.17 08:32:51.412,0.71068,0.71095,1.00,1.00
2016.02.17 08:32:51.462,0.71066,0.71095,1.00,2.00
2016.02.17 08:32:51.904,0.71068,0.71097,1.00,1.00
2016.02.17 08:32:52.325,0.7107,0.71099,1.00,1.00
2016.02.17 08:32:52.756,0.71074,0.711,1.00,1.00
2016.02.17 08:32:52.933,0.71074,0.71103,1.00,1.00
2016.02.17 08:32:53.481,0.71075,0.71104,1.00,1.00
2016.02.17 08:32:53.971,0.71072,0.71103,1.00,1.00
2016.02.17 08:32:55.293,0.71076,0.71105,1.00,2.00
2016.02.17 08:32:56.150,0.71078,0.71105,1.00,1.00
2016.02.17 08:32:58.321,0.71078,0.71106,1.00,1.00
2016.02.17 08:32:58.987,0.71077,0.71105,1.00,1.00
2016.02.17 08:33:05.143,0.71077,0.71106,1.00,2.00
2016.02.17 08:33:06.462,0.71074,0.71103,1.00,1.00
2016.02.17 08:33:06.512,0.71072,0.71103,1.00,1.00
2016.02.17 08:33:08.291,0.71071,0.711,1.00,1.00
2016.02.17 08:33:08.761,0.71069,0.71098,1.00,1.00
2016.02.17 08:33:10.836,0.71069,0.711,1.00,1.00
2016.02.17 08:33:11.584,0.71069,0.71098,1.00,1.00
2016.02.17 08:33:14.722,0.71069,0.7109,1.00,1.00
2016.02.17 08:33:14.874,0.71067,0.7109,1.00,1.00
2016.02.17 08:33:14.925,0.71064,0.7109,1.00,1.00
2016.02.17 08:33:15.072,0.71062,0.7109,1.00,1.00
2016.02.17 08:33:15.242,0.71063,0.71092,1.00,1.00
2016.02.17 08:33:15.704,0.71063,0.71094,1.00,1.00
2016.02.17 08:33:16.544,0.71063,0.71092,1.00,1.00
2016.02.17 08:33:17.324,0.71064,0.71093,1.00,1.00
2016.02.17 08:33:18.270,0.71062,0.71093,1.00,1.00
2016.02.17 08:33:18.472,0.71062,0.71091,1.00,1.00
2016.02.17 08:33:18.861,0.7106,0.71089,1.00,1.00
2016.02.17 08:33:19.792,0.71062,0.7109,1.00,1.00
2016.02.17 08:33:20.384,0.7106,0.7109,1.00,1.00
2016.02.17 08:33:20.906,0.71061,0.7109,1.00,1.00
2016.02.17 08:33:21.013,0.71059,0.7109,1.00,1.00
2016.02.17 08:33:22.014,0.71058,0.71087,1.00,1.00
2016.02.17 08:33:22.942,0.71058,0.71085,1.00,1.00
2016.02.17 08:33:23.103,0.71055,0.71084,1.00,1.00
2016.02.17 08:33:23.633,0.71054,0.71085,1.00,2.00
2016.02.17 08:33:24.413,0.71056,0.71085,1.00,2.00
2016.02.17 08:33:24.961,0.71057,0.71085,1.00,1.00
2016.02.17 08:33:25.450,0.71055,0.71086,1.00,2.00
2016.02.17 08:33:25.734,0.71057,0.71086,1.00,2.00
2016.02.17 08:33:26.033,0.71057,0.71088,1.00,1.00
2016.02.17 08:33:27.061,0.71055,0.71084,1.00,1.00
2016.02.17 08:33:27.611,0.71054,0.71083,1.00,1.00
2016.02.17 08:33:28.324,0.71055,0.71084,1.00,1.00
2016.02.17 08:33:28.989,0.71057,0.71085,1.00,1.00
2016.02.17 08:33:29.198,0.71059,0.71088,1.00,1.00
2016.02.17 08:33:29.249,0.71059,0.71085,1.00,1.00
2016.02.17 08:33:29.362,0.71059,0.71088,1.00,1.00
2016.02.17 08:33:30.072,0.71058,0.71087,1.00,1.00
2016.02.17 08:33:30.681,0.71056,0.71087,1.00,1.00
2016.02.17 08:33:31.230,0.71057,0.71088,1.00,1.00
2016.02.17 08:33:31.489,0.71057,0.71085,1.00,1.00
2016.02.17 08:33:31.592,0.71055,0.71084,1.00,1.00
2016.02.17 08:33:32.147,0.71054,0.71083,1.00,1.00
2016.02.17 08:33:32.769,0.71054,0.71085,1.00,1.00
2016.02.17 08:33:32.991,0.71057,0.71085,1.00,1.00
2016.02.17 08:33:33.761,0.71056,0.71085,1.00,2.00
2016.02.17 08:33:33.994,0.71053,0.71084,1.00,1.00
2016.02.17 08:33:34.471,0.71055,0.71084,1.00,1.00
2016.02.17 08:33:36.423,0.71056,0.71085,1.00,2.00
2016.02.17 08:33:38.403,0.71054,0.71083,1.00,1.00
2016.02.17 08:33:39.516,0.71053,0.71082,1.00,1.00
2016.02.17 08:33:40.324,0.71054,0.71083,1.00,1.00
2016.02.17 08:33:40.763,0.71057,0.71085,1.00,1.00
2016.02.17 08:33:41.496,0.71056,0.71085,1.00,2.00
2016.02.17 08:33:42.243,0.71054,0.71083,1.00,1.00
2016.02.17 08:33:43.990,0.71054,0.71085,1.00,2.00
2016.02.17 08:33:44.152,0.71057,0.71086,1.00,1.00
2016.02.17 08:33:45.383,0.71057,0.71085,1.00,1.00
2016.02.17 08:33:45.485,0.71055,0.71085,1.00,1.00
2016.02.17 08:33:46.151,0.71055,0.71086,1.00,2.00
2016.02.17 08:33:46.741,0.71055,0.71085,1.00,1.00
2016.02.17 08:33:47.071,0.71053,0.71084,1.00,1.00
2016.02.17 08:33:47.121,0.71053,0.71082,1.00,1.00
2016.02.17 08:33:48.255,0.71054,0.71085,1.00,2.00
2016.02.17 08:33:49.023,0.71053,0.71082,1.00,1.00
2016.02.17 08:33:49.693,0.71055,0.71084,1.00,1.00
2016.02.17 08:33:50.281,0.71054,0.71083,1.00,1.00
2016.02.17 08:33:50.715,0.7105,0.71081,1.00,1.00
2016.02.17 08:33:50.865,0.71049,0.71078,1.00,1.00
2016.02.17 08:33:51.166,0.71051,0.7108,1.00,1.00
2016.02.17 08:33:51.652,0.71052,0.71083,1.00,1.00
2016.02.17 08:33:52.102,0.71054,0.71083,1.00,1.00
2016.02.17 08:33:52.693,0.71053,0.71082,1.00,1.00
2016.02.17 08:33:53.991,0.71052,0.71081,1.00,1.00
2016.02.17 08:33:54.507,0.71052,0.71083,1.00,1.00
2016.02.17 08:33:55.693,0.71052,0.71081,1.00,1.00
2016.02.17 08:33:56.200,0.71054,0.71083,1.00,1.00
2016.02.17 08:33:57.313,0.71055,0.71085,1.00,1.00
2016.02.17 08:33:57.855,0.71054,0.71083,1.00,1.00
2016.02.17 08:33:58.201,0.71051,0.7108,1.00,2.00
2016.02.17 08:33:58.510,0.71053,0.71082,1.00,1.00
2016.02.17 08:33:58.815,0.71055,0.71084,1.00,1.00
2016.02.17 08:33:59.159,0.71056,0.71087,1.00,1.00
2016.02.17 08:33:59.259,0.71058,0.71087,1.00,1.00
2016.02.17 08:33:59.561,0.71061,0.7109,1.00,2.00
2016.02.17 08:33:59.653,0.71059,0.7109,1.00,2.00
2016.02.17 08:34:00.494,0.71062,0.7109,1.00,1.00
2016.02.17 08:34:01.320,0.71063,0.7109,1.00,1.00
2016.02.17 08:34:02.053,0.71065,0.7109,1.00,1.00
2016.02.17 08:34:02.165,0.71065,0.71094,1.00,1.00
2016.02.17 08:34:06.743,0.71066,0.71095,1.00,2.00
2016.02.17 08:34:07.334,0.71065,0.71094,1.00,1.00
2016.02.17 08:34:09.670,0.71066,0.71095,1.00,2.00
2016.02.17 08:34:10.043,0.71068,0.71096,1.00,1.00
2016.02.17 08:34:10.093,0.71068,0.71099,1.00,1.00
2016.02.17 08:34:10.144,0.7107,0.71099,1.00,1.00
2016.02.17 08:34:10.463,0.71077,0.71105,1.00,1.00
2016.02.17 08:34:10.883,0.71075,0.71104,2.00,1.00
2016.02.17 08:34:11.561,0.71076,0.71105,1.00,1.00
2016.02.17 08:34:11.843,0.71076,0.71107,1.00,1.00
2016.02.17 08:34:11.915,0.71078,0.71107,1.00,1.00
2016.02.17 08:34:12.177,0.71079,0.7111,1.00,2.00
2016.02.17 08:34:12.633,0.71078,0.71107,1.00,1.00
2016.02.17 08:34:13.052,0.71078,0.71105,1.00,1.00
2016.02.17 08:34:13.272,0.71078,0.71107,1.00,1.00
2016.02.17 08:34:13.930,0.71078,0.71106,1.00,1.00
2016.02.17 08:34:14.090,0.71076,0.71105,1.00,1.00
2016.02.17 08:34:14.629,0.71075,0.71104,1.00,1.00
2016.02.17 08:34:14.679,0.71072,0.71101,1.00,1.00
2016.02.17 08:34:15.231,0.71074,0.71103,1.00,1.00
2016.02.17 08:34:16.137,0.71072,0.71101,1.00,1.00
2016.02.17 08:34:16.550,0.71072,0.71103,1.00,1.00
2016.02.17 08:34:16.705,0.71075,0.71104,1.00,1.00
2016.02.17 08:34:17.233,0.71075,0.71106,1.00,1.00
2016.02.17 08:34:17.293,0.71077,0.71106,1.00,1.00
2016.02.17 08:34:17.979,0.71078,0.71107,1.00,1.00
2016.02.17 08:34:18.349,0.71079,0.7111,1.00,2.00
2016.02.17 08:34:19.873,0.71079,0.71108,1.00,1.00
2016.02.17 08:34:20.402,0.71081,0.7111,1.00,2.00
2016.02.17 08:34:20.603,0.71085,0.71115,1.00,1.00
2016.02.17 08:34:21.633,0.71085,0.71116,1.00,1.00
2016.02.17 08:34:21.913,0.71087,0.71116,1.00,1.00
2016.02.17 08:34:22.456,0.71089,0.71118,1.00,1.00
2016.02.17 08:34:22.873,0.71089,0.7112,1.00,2.00
2016.02.17 08:34:23.236,0.71087,0.71118,1.00,1.00
2016.02.17 08:34:23.870,0.71088,0.71117,1.00,1.00
2016.02.17 08:34:24.374,0.71089,0.71118,1.00,1.00
2016.02.17 08:34:24.555,0.71087,0.71118,1.00,1.00
2016.02.17 08:34:26.173,0.71089,0.71118,1.00,1.00
2016.02.17 08:34:26.719,0.7109,0.71119,1.00,1.00
2016.02.17 08:34:26.773,0.7109,0.71121,1.00,1.00
2016.02.17 08:34:26.973,0.71093,0.71122,1.00,1.00
2016.02.17 08:34:27.240,0.71093,0.71124,1.00,1.00
2016.02.17 08:34:27.291,0.71095,0.71124,1.00,1.00
2016.02.17 08:34:28.633,0.71097,0.71126,1.00,1.00
2016.02.17 08:34:29.335,0.71098,0.71127,1.00,1.00
2016.02.17 08:34:29.554,0.711,0.7113,1.00,1.00
2016.02.17 08:34:30.036,0.711,0.71125,1.00,1.00
2016.02.17 08:34:30.245,0.711,0.71129,1.00,1.00
2016.02.17 08:34:30.913,0.71101,0.7113,1.00,1.00
2016.02.17 08:34:31.453,0.71102,0.7113,1.00,1.00
2016.02.17 08:34:31.559,0.71103,0.71132,1.00,1.00
2016.02.17 08:34:31.950,0.71105,0.71134,1.00,1.00
2016.02.17 08:34:32.549,0.71103,0.71132,1.00,1.00
2016.02.17 08:34:33.993,0.71103,0.7113,1.00,1.00
2016.02.17 08:34:34.081,0.71103,0.71132,1.00,1.00
2016.02.17 08:34:34.761,0.71102,0.71131,1.00,1.00
2016.02.17 08:34:36.206,0.71102,0.7113,1.00,1.00
2016.02.17 08:34:36.454,0.711,0.71129,1.00,1.00
2016.02.17 08:34:36.554,0.71098,0.71127,1.00,1.00
2016.02.17 08:34:36.655,0.71095,0.71125,1.00,1.00
2016.02.17 08:34:37.162,0.71094,0.71125,1.00,2.00
2016.02.17 08:34:39.081,0.71095,0.71126,1.00,1.00
2016.02.17 08:34:39.312,0.71097,0.71126,1.00,1.00
2016.02.17 08:34:40.352,0.71097,0.71125,1.00,1.00
2016.02.17 08:34:40.853,0.71098,0.71125,1.00,1.00
2016.02.17 08:34:41.162,0.71096,0.71125,1.00,1.00
2016.02.17 08:34:41.213,0.71098,0.71125,1.00,1.00
2016.02.17 08:34:41.372,0.71096,0.71127,1.00,1.00
2016.02.17 08:34:41.891,0.71096,0.71126,1.00,1.00
2016.02.17 08:34:42.412,0.71095,0.71124,1.00,1.00
2016.02.17 08:34:42.990,0.71096,0.71125,1.00,2.00
2016.02.17 08:34:45.473,0.71095,0.71124,1.00,1.00
2016.02.17 08:34:46.003,0.71095,0.71123,1.00,1.00
2016.02.17 08:34:46.510,0.71094,0.71123,1.00,1.00
2016.02.17 08:34:47.153,0.71095,0.71124,1.00,1.00
2016.02.17 08:34:47.831,0.71094,0.71123,1.00,1.00
2016.02.17 08:34:48.823,0.71094,0.71121,1.00,1.00
2016.02.17 08:34:48.873,0.71091,0.71121,1.00,1.00
2016.02.17 08:34:48.974,0.71089,0.7112,1.00,2.00
2016.02.17 08:34:49.090,0.71089,0.71118,1.00,1.00
2016.02.17 08:34:49.434,0.71088,0.71116,1.00,1.00
2016.02.17 08:34:49.709,0.71082,0.71111,1.00,2.00
2016.02.17 08:34:50.214,0.71083,0.7111,1.00,1.00
2016.02.17 08:34:50.360,0.71083,0.71112,1.00,1.00
2016.02.17 08:34:50.648,0.71085,0.71114,1.00,1.00
2016.02.17 08:34:50.753,0.71085,0.71116,1.00,2.00
2016.02.17 08:34:50.873,0.71087,0.71116,1.00,2.00
2016.02.17 08:34:51.233,0.7109,0.71115,1.00,1.00
2016.02.17 08:34:52.128,0.7109,0.71119,1.00,1.00
2016.02.17 08:34:52.313,0.71092,0.7112,1.00,1.00
2016.02.17 08:34:53.563,0.71092,0.71121,1.00,2.00
2016.02.17 08:34:53.972,0.71092,0.71115,1.00,1.00
2016.02.17 08:34:54.623,0.71093,0.71115,1.00,1.00
2016.02.17 08:34:55.252,0.71092,0.71115,1.00,1.00
2016.02.17 08:34:55.459,0.71093,0.7112,1.00,1.00
2016.02.17 08:34:55.662,0.71095,0.71121,1.00,1.00
2016.02.17 08:34:55.764,0.71095,0.71124,1.00,1.00
2016.02.17 08:34:56.032,0.71097,0.71125,1.00,1.00
2016.02.17 08:34:57.289,0.71097,0.71126,1.00,2.00
2016.02.17 08:34:58.173,0.71097,0.71125,1.00,1.00
2016.02.17 08:34:58.887,0.71098,0.71125,1.00,1.00
2016.02.17 08:34:59.731,0.71098,0.71126,1.00,1.00
2016.02.17 08:35:00.483,0.71098,0.71125,1.00,1.00
2016.02.17 08:35:00.814,0.71101,0.71125,1.00,1.00
2016.02.17 08:35:01.360,0.71101,0.7113,1.00,2.00
2016.02.17 08:35:01.631,0.71101,0.71125,1.00,1.00
2016.02.17 08:35:01.809,0.71101,0.7113,1.00,2.00
2016.02.17 08:35:02.249,0.71101,0.71125,1.00,1.00
2016.02.17 08:35:02.951,0.71101,0.7113,1.00,2.00
2016.02.17 08:35:04.887,0.71101,0.71131,1.00,1.00
2016.02.17 08:35:05.051,0.71105,0.7113,1.00,1.00
2016.02.17 08:35:05.786,0.71105,0.71134,1.00,1.00
2016.02.17 08:35:08.268,0.71106,0.71135,1.00,2.00
2016.02.17 08:35:11.057,0.71107,0.71135,1.00,1.00
2016.02.17 08:35:11.787,0.71106,0.71135,1.00,2.00
2016.02.17 08:35:12.769,0.71105,0.71134,1.00,1.00
2016.02.17 08:35:12.837,0.71105,0.71131,1.00,1.00
2016.02.17 08:35:12.988,0.71105,0.71134,1.00,1.00
2016.02.17 08:35:13.391,0.71104,0.7113,1.00,1.00
2016.02.17 08:35:13.501,0.71104,0.71133,1.00,1.00
2016.02.17 08:35:15.347,0.71105,0.71134,1.00,1.00
2016.02.17 08:35:17.530,0.71107,0.71135,1.00,1.00
2016.02.17 08:35:23.033,0.71108,0.71135,1.00,1.00
2016.02.17 08:35:23.083,0.71106,0.71136,1.00,1.00
2016.02.17 08:35:23.471,0.71104,0.71135,1.00,2.00
2016.02.17 08:35:23.572,0.71106,0.71135,1.00,2.00
2016.02.17 08:35:23.937,0.71106,0.7113,1.00,1.00
2016.02.17 08:35:24.190,0.71104,0.7113,1.00,1.00
2016.02.17 08:35:24.371,0.71102,0.7113,1.00,1.00
2016.02.17 08:35:24.671,0.71099,0.7113,1.00,2.00
2016.02.17 08:35:25.990,0.71101,0.7113,1.00,2.00
2016.02.17 08:35:26.890,0.71103,0.7113,1.00,1.00
2016.02.17 08:35:27.041,0.71104,0.71133,1.00,1.00
2016.02.17 08:35:27.202,0.71106,0.71135,1.00,2.00
2016.02.17 08:35:27.719,0.71107,0.71135,1.00,1.00
2016.02.17 08:35:29.597,0.71107,0.7113,1.00,1.00
2016.02.17 08:35:30.140,0.71106,0.7113,1.00,1.00
2016.02.17 08:35:30.367,0.71107,0.71135,1.00,1.00
2016.02.17 08:35:30.975,0.71108,0.71135,1.00,1.00
2016.02.17 08:35:31.357,0.71112,0.71136,1.00,1.00
2016.02.17 08:35:31.906,0.71112,0.71135,1.00,1.00
2016.02.17 08:35:32.473,0.71112,0.71136,1.00,1.00
2016.02.17 08:35:33.523,0.71112,0.71135,1.00,1.00
2016.02.17 08:35:34.109,0.71112,0.71136,1.00,1.00
2016.02.17 08:35:34.616,0.71112,0.71135,1.00,1.00
2016.02.17 08:35:36.460,0.7111,0.71135,1.00,1.00
2016.02.17 08:35:37.509,0.71107,0.71135,1.00,1.00
2016.02.17 08:35:38.439,0.71108,0.71135,1.00,1.00
2016.02.17 08:35:39.567,0.71108,0.71136,1.00,1.00
2016.02.17 08:35:40.106,0.71107,0.71135,1.00,1.00
2016.02.17 08:35:40.157,0.71107,0.7113,1.00,1.00
2016.02.17 08:35:40.207,0.71105,0.7113,1.00,1.00
2016.02.17 08:35:40.816,0.71104,0.7113,1.00,1.00
2016.02.17 08:35:44.667,0.71105,0.7113,1.00,1.00
2016.02.17 08:35:45.227,0.71103,0.7113,1.00,1.00
2016.02.17 08:35:47.731,0.71102,0.7113,1.00,1.00
2016.02.17 08:35:47.968,0.71104,0.7113,1.00,1.00
2016.02.17 08:35:48.365,0.71104,0.71133,1.00,1.00
2016.02.17 08:35:48.950,0.71106,0.71135,1.00,2.00
2016.02.17 08:35:49.629,0.71104,0.71135,1.00,2.00
2016.02.17 08:35:49.798,0.71105,0.7113,1.00,1.00
2016.02.17 08:35:51.118,0.71105,0.71131,1.00,1.00
2016.02.17 08:35:51.713,0.71104,0.7113,1.00,1.00
2016.02.17 08:35:52.807,0.71105,0.71134,2.00,1.00
2016.02.17 08:35:52.857,0.71107,0.71135,1.00,1.00
2016.02.17 08:35:53.197,0.7111,0.71135,1.00,1.00
2016.02.17 08:35:53.930,0.71108,0.71135,1.00,1.00
2016.02.17 08:35:54.087,0.71105,0.71135,1.00,2.00
2016.02.17 08:35:54.143,0.71104,0.7113,1.00,1.00
2016.02.17 08:35:55.885,0.71105,0.7113,1.00,1.00
2016.02.17 08:35:56.396,0.71105,0.71131,1.00,1.00
2016.02.17 08:35:57.169,0.71105,0.7113,1.00,1.00
2016.02.17 08:35:58.849,0.71107,0.7113,1.00,1.00
2016.02.17 08:36:00.176,0.71107,0.71135,1.00,1.00
2016.02.17 08:36:00.397,0.71107,0.7113,1.00,1.00
2016.02.17 08:36:00.960,0.71107,0.71131,1.00,1.00
2016.02.17 08:36:01.487,0.71107,0.7113,1.00,1.00
2016.02.17 08:36:01.788,0.71107,0.71135,1.00,1.00
2016.02.17 08:36:01.838,0.71109,0.71135,1.00,1.00
2016.02.17 08:36:02.377,0.7111,0.71135,1.00,1.00
2016.02.17 08:36:02.876,0.71112,0.71136,1.00,1.00
2016.02.17 08:36:03.577,0.71112,0.71141,1.00,2.00
2016.02.17 08:36:03.767,0.71112,0.71135,1.00,1.00
2016.02.17 08:36:04.325,0.71111,0.7114,1.00,2.00
2016.02.17 08:36:05.169,0.71113,0.7114,1.00,1.00
2016.02.17 08:36:05.856,0.71113,0.71141,1.00,1.00
2016.02.17 08:36:06.407,0.71113,0.7114,1.00,1.00
2016.02.17 08:36:06.846,0.71113,0.71136,1.00,1.00
2016.02.17 08:36:07.510,0.71113,0.7114,1.00,1.00
2016.02.17 08:36:07.947,0.71113,0.71135,1.00,1.00
2016.02.17 08:36:08.526,0.71112,0.71136,1.00,1.00
2016.02.17 08:36:09.158,0.71112,0.7114,1.00,1.00
2016.02.17 08:36:09.406,0.71114,0.7114,1.00,1.00
2016.02.17 08:36:11.907,0.71114,0.71135,1.00,1.00
2016.02.17 08:36:12.127,0.71114,0.7114,1.00,1.00
2016.02.17 08:36:15.047,0.71114,0.71141,1.00,1.00
2016.02.17 08:36:15.295,0.71117,0.7114,1.00,1.00
2016.02.17 08:36:15.636,0.71119,0.7114,1.00,1.00
2016.02.17 08:36:16.186,0.71118,0.7114,1.00,1.00
2016.02.17 08:36:20.378,0.71118,0.71141,1.00,1.00
2016.02.17 08:36:21.037,0.71118,0.7114,1.00,1.00
2016.02.17 08:36:21.628,0.71114,0.7114,1.00,1.00
2016.02.17 08:36:21.738,0.71114,0.71135,1.00,1.00
2016.02.17 08:36:22.507,0.71112,0.71135,1.00,1.00
2016.02.17 08:36:22.765,0.7111,0.71136,1.00,1.00
2016.02.17 08:36:23.678,0.7111,0.7113,1.00,1.00
2016.02.17 08:36:23.782,0.71108,0.7113,1.00,1.00
2016.02.17 08:36:24.409,0.71107,0.7113,1.00,1.00
2016.02.17 08:36:24.700,0.71101,0.71125,1.00,1.00
2016.02.17 08:36:25.326,0.71101,0.71126,1.00,1.00
2016.02.17 08:36:25.586,0.71099,0.71126,1.00,1.00
2016.02.17 08:36:25.747,0.71097,0.71125,1.00,1.00
2016.02.17 08:36:26.535,0.711,0.71125,1.00,1.00
2016.02.17 08:36:26.586,0.71097,0.71126,1.00,1.00
2016.02.17 08:36:26.795,0.711,0.71125,1.00,1.00
2016.02.17 08:36:27.307,0.711,0.71126,1.00,1.00
2016.02.17 08:36:27.415,0.711,0.71129,1.00,1.00
2016.02.17 08:36:27.755,0.71102,0.7113,1.00,1.00
2016.02.17 08:36:28.361,0.71101,0.71125,1.00,1.00
2016.02.17 08:36:28.956,0.711,0.71125,1.00,1.00
2016.02.17 08:36:29.413,0.71098,0.71125,1.00,1.00
2016.02.17 08:36:31.157,0.71098,0.71127,1.00,1.00
2016.02.17 08:36:31.314,0.711,0.71129,1.00,1.00
2016.02.17 08:36:31.789,0.71102,0.7113,1.00,1.00
2016.02.17 08:36:32.009,0.711,0.7113,1.00,1.00
2016.02.17 08:36:32.147,0.711,0.71125,1.00,1.00
2016.02.17 08:36:33.890,0.71101,0.71125,1.00,1.00
2016.02.17 08:36:34.127,0.71101,0.7113,1.00,2.00
2016.02.17 08:36:34.468,0.71102,0.71126,1.00,1.00
2016.02.17 08:36:35.054,0.71102,0.7113,1.00,1.00
2016.02.17 08:36:35.229,0.71102,0.71125,1.00,1.00
2016.02.17 08:36:35.643,0.71102,0.7113,1.00,1.00
2016.02.17 08:36:35.693,0.71102,0.71125,1.00,1.00
2016.02.17 08:36:35.775,0.71102,0.71131,1.00,2.00
2016.02.17 08:36:36.437,0.71101,0.7113,1.00,2.00
2016.02.17 08:36:36.985,0.71102,0.7113,1.00,1.00
2016.02.17 08:36:38.120,0.71103,0.7113,1.00,1.00
2016.02.17 08:36:38.668,0.71102,0.7113,1.00,1.00
2016.02.17 08:36:39.517,0.71102,0.71131,1.00,2.00
2016.02.17 08:36:40.368,0.71102,0.7113,1.00,1.00
2016.02.17 08:36:40.789,0.71104,0.7113,1.00,1.00
2016.02.17 08:36:41.486,0.71104,0.71131,1.00,1.00
2016.02.17 08:36:42.075,0.71104,0.7113,1.00,1.00
2016.02.17 08:36:42.507,0.71106,0.71135,1.00,2.00
2016.02.17 08:36:42.817,0.71106,0.7113,1.00,1.00
2016.02.17 08:36:43.009,0.71104,0.7113,1.00,1.00
2016.02.17 08:36:43.225,0.71106,0.7113,1.00,1.00
2016.02.17 08:36:43.275,0.71106,0.71135,1.00,2.00
2016.02.17 08:36:43.588,0.71106,0.7113,1.00,1.00
2016.02.17 08:36:43.740,0.71104,0.7113,1.00,1.00
2016.02.17 08:36:44.278,0.71105,0.7113,1.00,1.00
2016.02.17 08:36:45.017,0.71105,0.71131,1.00,1.00
2016.02.17 08:36:45.067,0.71108,0.71131,1.00,1.00
2016.02.17 08:36:45.128,0.71108,0.71136,1.00,1.00
2016.02.17 08:36:45.529,0.71105,0.71135,1.00,1.00
2016.02.17 08:36:46.116,0.71105,0.7113,1.00,1.00
2016.02.17 08:36:46.339,0.71105,0.71134,1.00,1.00
2016.02.17 08:36:46.481,0.71104,0.7113,1.00,1.00
2016.02.17 08:36:47.244,0.71103,0.7113,1.00,1.00
2016.02.17 08:36:47.628,0.71101,0.7113,1.00,2.00
2016.02.17 08:36:48.405,0.71102,0.7113,1.00,1.00
2016.02.17 08:36:50.258,0.71103,0.7113,1.00,1.00
2016.02.17 08:36:50.414,0.71104,0.71133,1.00,1.00
2016.02.17 08:36:51.484,0.71102,0.71131,1.00,1.00
2016.02.17 08:36:52.058,0.71102,0.7113,1.00,1.00
2016.02.17 08:36:52.381,0.71099,0.71125,1.00,1.00
2016.02.17 08:36:54.147,0.71099,0.7113,1.00,1.00
2016.02.17 08:36:54.366,0.71099,0.71125,1.00,1.00
2016.02.17 08:36:54.552,0.71099,0.7113,1.00,2.00
2016.02.17 08:36:54.696,0.71099,0.71125,1.00,1.00
2016.02.17 08:36:55.247,0.71099,0.7113,1.00,2.00
2016.02.17 08:36:55.439,0.71099,0.71128,1.00,1.00
2016.02.17 08:36:56.219,0.711,0.71129,1.00,1.00
2016.02.17 08:36:57.005,0.71101,0.7113,1.00,2.00
2016.02.17 08:36:59.351,0.71105,0.71135,1.00,1.00
2016.02.17 08:36:59.478,0.71108,0.71137,1.00,1.00
2016.02.17 08:36:59.528,0.71109,0.7114,1.00,1.00
2016.02.17 08:36:59.836,0.71107,0.71136,1.00,1.00
2016.02.17 08:36:59.886,0.71105,0.71135,1.00,1.00
2016.02.17 08:37:00.636,0.71105,0.71136,1.00,2.00
2016.02.17 08:37:00.686,0.71105,0.71134,1.00,1.00
2016.02.17 08:37:00.989,0.71107,0.71135,1.00,1.00
2016.02.17 08:37:01.262,0.71109,0.71138,1.00,1.00
2016.02.17 08:37:01.406,0.71109,0.71135,1.00,1.00
2016.02.17 08:37:01.551,0.71109,0.71138,1.00,1.00
2016.02.17 08:37:01.601,0.71111,0.7114,1.00,2.00
2016.02.17 08:37:02.175,0.71111,0.71135,1.00,1.00
2016.02.17 08:37:02.706,0.7111,0.71135,1.00,1.00
2016.02.17 08:37:04.316,0.71108,0.71135,1.00,1.00
2016.02.17 08:37:04.550,0.71106,0.71135,1.00,2.00
2016.02.17 08:37:04.701,0.71104,0.71133,1.00,1.00
2016.02.17 08:37:05.366,0.71105,0.7113,1.00,1.00
2016.02.17 08:37:05.914,0.71104,0.7113,1.00,1.00
2016.02.17 08:37:06.465,0.71105,0.71135,1.00,1.00
2016.02.17 08:37:06.685,0.71105,0.71131,1.00,1.00
2016.02.17 08:37:07.017,0.71106,0.71135,1.00,1.00
2016.02.17 08:37:07.118,0.71109,0.71135,1.00,1.00
2016.02.17 08:37:07.168,0.71109,0.71138,1.00,1.00
2016.02.17 08:37:07.219,0.7111,0.71141,1.00,2.00
2016.02.17 08:37:07.344,0.7111,0.71136,1.00,1.00
2016.02.17 08:37:08.674,0.7111,0.7114,1.00,1.00
2016.02.17 08:37:09.009,0.7111,0.71135,1.00,1.00
2016.02.17 08:37:09.700,0.7111,0.71136,1.00,1.00
2016.02.17 08:37:09.815,0.71108,0.71135,1.00,1.00
2016.02.17 08:37:12.994,0.71107,0.71136,1.00,2.00
2016.02.17 08:37:13.117,0.71105,0.71136,1.00,2.00
2016.02.17 08:37:13.665,0.71108,0.71135,1.00,1.00
2016.02.17 08:37:14.176,0.71108,0.71136,1.00,1.00
2016.02.17 08:37:14.825,0.71108,0.71135,1.00,1.00
2016.02.17 08:37:16.877,0.71104,0.71133,1.00,1.00
2016.02.17 08:37:16.927,0.71103,0.71131,1.00,1.00
2016.02.17 08:37:17.464,0.71103,0.71132,1.00,1.00
2016.02.17 08:37:19.559,0.71101,0.7113,1.00,1.00
2016.02.17 08:37:19.709,0.71099,0.7113,1.00,1.00
2016.02.17 08:37:19.798,0.71101,0.7113,1.00,1.00
2016.02.17 08:37:20.295,0.71106,0.71135,1.00,2.00
2016.02.17 08:37:31.388,0.71105,0.71134,1.00,1.00
2016.02.17 08:37:32.243,0.71104,0.71133,1.00,1.00
2016.02.17 08:37:32.921,0.71103,0.7113,1.00,1.00
2016.02.17 08:37:32.971,0.71101,0.7113,1.00,2.00
2016.02.17 08:37:35.322,0.71102,0.7113,1.00,1.00
2016.02.17 08:37:35.450,0.71102,0.71133,1.00,1.00
2016.02.17 08:37:37.174,0.71105,0.71134,1.00,1.00
2016.02.17 08:37:38.070,0.71103,0.71134,1.00,1.00
2016.02.17 08:37:38.285,0.71103,0.71131,1.00,1.00
2016.02.17 08:37:38.801,0.71103,0.7113,1.00,1.00
2016.02.17 08:37:40.069,0.71101,0.7113,1.00,2.00
2016.02.17 08:37:40.526,0.711,0.71126,1.00,1.00
2016.02.17 08:37:40.756,0.711,0.71129,1.00,1.00
2016.02.17 08:37:40.856,0.711,0.71131,1.00,2.00
2016.02.17 08:37:41.043,0.71102,0.7113,1.00,1.00
2016.02.17 08:37:41.972,0.71102,0.71131,1.00,1.00
2016.02.17 08:37:42.450,0.71105,0.71131,1.00,1.00
2016.02.17 08:37:43.347,0.71105,0.7113,1.00,1.00
2016.02.17 08:37:44.429,0.71104,0.7113,1.00,1.00
2016.02.17 08:37:44.548,0.71098,0.71127,1.00,1.00
2016.02.17 08:37:44.599,0.71098,0.7112,1.00,1.00
2016.02.17 08:37:44.776,0.71097,0.71126,1.00,2.00
2016.02.17 08:37:45.106,0.71096,0.7112,1.00,1.00
2016.02.17 08:37:45.654,0.71095,0.7112,1.00,1.00
2016.02.17 08:37:46.315,0.71095,0.71121,1.00,1.00
2016.02.17 08:37:46.865,0.71095,0.7112,1.00,1.00
2016.02.17 08:37:47.161,0.71089,0.71115,1.00,1.00
2016.02.17 08:37:47.261,0.71086,0.71115,1.00,1.00
2016.02.17 08:37:47.311,0.71085,0.71106,1.00,1.00
2016.02.17 08:37:47.570,0.71084,0.7111,1.00,1.00
2016.02.17 08:37:47.884,0.71087,0.7111,1.00,1.00
2016.02.17 08:37:48.294,0.71087,0.71115,1.00,1.00
2016.02.17 08:37:48.887,0.71087,0.7111,1.00,1.00
2016.02.17 08:37:49.284,0.71087,0.71115,1.00,1.00
2016.02.17 08:37:51.495,0.71089,0.71115,1.00,1.00
2016.02.17 08:37:52.035,0.7109,0.71115,1.00,1.00
2016.02.17 08:37:52.085,0.7109,0.71119,1.00,1.00
2016.02.17 08:37:52.138,0.71092,0.7112,1.00,1.00
2016.02.17 08:37:52.659,0.71093,0.71121,1.00,1.00
2016.02.17 08:37:53.243,0.71093,0.71116,1.00,1.00
2016.02.17 08:37:53.685,0.71093,0.7112,1.00,1.00
2016.02.17 08:37:54.238,0.71093,0.71121,1.00,1.00
2016.02.17 08:37:54.818,0.71093,0.7112,1.00,1.00
2016.02.17 08:37:54.970,0.71095,0.7112,1.00,1.00
2016.02.17 08:37:55.020,0.71095,0.71124,1.00,1.00
2016.02.17 08:37:55.386,0.71097,0.71125,1.00,1.00
2016.02.17 08:37:55.496,0.71098,0.71129,1.00,1.00
2016.02.17 08:37:56.619,0.71099,0.7113,1.00,2.00
2016.02.17 08:37:56.795,0.71103,0.71131,1.00,1.00
2016.02.17 08:37:57.313,0.71103,0.7113,1.00,1.00
2016.02.17 08:37:57.661,0.71105,0.7113,1.00,1.00
2016.02.17 08:37:58.084,0.71104,0.71133,1.00,1.00
2016.02.17 08:37:58.303,0.71104,0.7113,1.00,1.00
2016.02.17 08:37:58.512,0.71102,0.7113,1.00,1.00
2016.02.17 08:37:58.682,0.71104,0.7113,1.00,1.00
2016.02.17 08:37:59.643,0.71103,0.7113,1.00,1.00
2016.02.17 08:38:00.113,0.71098,0.71127,1.00,1.00
2016.02.17 08:38:00.163,0.71096,0.71125,1.00,1.00
2016.02.17 08:38:00.503,0.71094,0.71123,1.00,1.00
2016.02.17 08:38:03.725,0.71091,0.71122,1.00,1.00
2016.02.17 08:38:04.286,0.71091,0.7112,1.00,1.00
2016.02.17 08:38:05.988,0.71092,0.71121,1.00,1.00
2016.02.17 08:38:08.718,0.71094,0.71123,1.00,1.00
2016.02.17 08:38:09.215,0.71096,0.71125,1.00,1.00
2016.02.17 08:38:10.918,0.71095,0.71124,1.00,1.00
2016.02.17 08:38:11.265,0.71092,0.7112,1.00,1.00
2016.02.17 08:38:11.772,0.71091,0.7112,1.00,2.00
2016.02.17 08:38:12.134,0.71089,0.71118,1.00,1.00
2016.02.17 08:38:12.184,0.71086,0.71117,1.00,1.00
2016.02.17 08:38:12.286,0.71086,0.71115,1.00,1.00
2016.02.17 08:38:13.383,0.71086,0.71117,1.00,1.00
2016.02.17 08:38:13.438,0.71088,0.71117,1.00,1.00
2016.02.17 08:38:15.605,0.71088,0.71115,1.00,1.00
2016.02.17 08:38:16.579,0.71088,0.71117,1.00,1.00
2016.02.17 08:38:16.738,0.71088,0.71119,1.00,1.00
2016.02.17 08:38:16.858,0.71091,0.7112,1.00,2.00
2016.02.17 08:38:17.634,0.71092,0.7112,1.00,1.00
2016.02.17 08:38:18.225,0.71093,0.7112,1.00,1.00
2016.02.17 08:38:18.446,0.71093,0.71122,1.00,1.00
2016.02.17 08:38:19.325,0.71093,0.7112,1.00,1.00
2016.02.17 08:38:19.550,0.71093,0.71122,1.00,1.00
2016.02.17 08:38:19.655,0.71093,0.7112,1.00,1.00
2016.02.17 08:38:20.203,0.71093,0.71122,1.00,1.00
2016.02.17 08:38:20.650,0.71092,0.7112,1.00,1.00
2016.02.17 08:38:21.193,0.71093,0.7112,1.00,1.00
2016.02.17 08:38:21.737,0.71092,0.7112,1.00,1.00
2016.02.17 08:38:23.067,0.71092,0.71121,1.00,2.00
2016.02.17 08:38:23.618,0.71091,0.7112,1.00,2.00
2016.02.17 08:38:23.974,0.71088,0.71117,1.00,1.00
2016.02.17 08:38:24.498,0.71087,0.71116,1.00,1.00
2016.02.17 08:38:25.119,0.7109,0.71119,1.00,1.00
2016.02.17 08:38:25.503,0.71088,0.71117,1.00,1.00
2016.02.17 08:38:26.160,0.71089,0.7112,1.00,2.00
2016.02.17 08:38:26.958,0.71089,0.71118,1.00,1.00
2016.02.17 08:38:27.577,0.7109,0.71115,1.00,1.00
2016.02.17 08:38:27.795,0.7109,0.71119,1.00,1.00
2016.02.17 08:38:27.924,0.71087,0.71115,1.00,1.00
2016.02.17 08:38:28.584,0.71084,0.7111,1.00,1.00
2016.02.17 08:38:29.183,0.71086,0.7111,1.00,1.00
2016.02.17 08:38:29.233,0.71086,0.71115,1.00,2.00
2016.02.17 08:38:29.463,0.71086,0.7111,1.00,1.00
2016.02.17 08:38:29.683,0.71086,0.71115,1.00,2.00
2016.02.17 08:38:29.773,0.71086,0.71111,1.00,1.00
2016.02.17 08:38:29.884,0.71086,0.71115,1.00,2.00
2016.02.17 08:38:30.609,0.71088,0.71115,1.00,1.00
2016.02.17 08:38:31.277,0.71087,0.71115,1.00,1.00
2016.02.17 08:38:32.235,0.71087,0.71116,1.00,2.00
2016.02.17 08:38:32.935,0.71087,0.71115,1.00,1.00
2016.02.17 08:38:33.094,0.71091,0.7112,1.00,2.00
2016.02.17 08:38:33.367,0.71088,0.71119,1.00,1.00
2016.02.17 08:38:33.671,0.71088,0.71117,1.00,1.00
2016.02.17 08:38:33.790,0.71088,0.71119,1.00,1.00
2016.02.17 08:38:33.895,0.71091,0.7112,1.00,2.00
2016.02.17 08:38:35.750,0.71093,0.71122,1.00,1.00
2016.02.17 08:38:36.109,0.71095,0.71124,1.00,1.00
2016.02.17 08:38:36.264,0.71095,0.71126,2.00,1.00
2016.02.17 08:38:36.315,0.71098,0.71127,1.00,1.00
2016.02.17 08:38:36.468,0.71096,0.71127,1.00,1.00
2016.02.17 08:38:36.678,0.71099,0.71128,1.00,1.00
2016.02.17 08:38:37.147,0.71099,0.71125,1.00,1.00
2016.02.17 08:38:37.495,0.71099,0.71128,1.00,1.00
2016.02.17 08:38:38.125,0.711,0.71129,1.00,1.00
2016.02.17 08:38:38.175,0.711,0.71125,1.00,1.00
2016.02.17 08:38:38.373,0.711,0.71129,1.00,1.00
2016.02.17 08:38:38.964,0.71101,0.7113,1.00,2.00
2016.02.17 08:38:39.803,0.71102,0.7113,1.00,1.00
2016.02.17 08:38:40.387,0.71101,0.7113,1.00,2.00
2016.02.17 08:38:43.687,0.71103,0.7113,1.00,1.00
2016.02.17 08:38:44.440,0.71104,0.71135,1.00,2.00
2016.02.17 08:38:44.953,0.71104,0.7113,1.00,1.00
2016.02.17 08:38:45.083,0.71104,0.71135,1.00,1.00
2016.02.17 08:38:45.911,0.711,0.71129,1.00,1.00
2016.02.17 08:38:46.162,0.71095,0.71125,1.00,1.00
2016.02.17 08:38:46.386,0.71094,0.7112,1.00,1.00
2016.02.17 08:38:49.140,0.71094,0.71123,1.00,1.00
2016.02.17 08:38:49.684,0.71095,0.71124,1.00,1.00
2016.02.17 08:38:50.033,0.71097,0.71128,1.00,1.00
2016.02.17 08:38:50.325,0.711,0.71129,1.00,1.00
2016.02.17 08:38:50.885,0.71101,0.7113,1.00,2.00
2016.02.17 08:38:51.218,0.71101,0.71125,1.00,1.00
2016.02.17 08:38:51.337,0.71101,0.7113,1.00,2.00
2016.02.17 08:38:51.463,0.71098,0.71125,1.00,1.00
2016.02.17 08:38:51.513,0.71096,0.71125,1.00,1.00
2016.02.17 08:38:52.027,0.71098,0.71127,1.00,1.00
2016.02.17 08:38:52.417,0.71095,0.7112,1.00,1.00
2016.02.17 08:38:52.467,0.71095,0.71125,2.00,1.00
2016.02.17 08:38:52.528,0.71098,0.71125,1.00,1.00
2016.02.17 08:38:53.095,0.71099,0.71125,1.00,1.00
2016.02.17 08:38:53.773,0.71097,0.71125,1.00,1.00
2016.02.17 08:38:54.633,0.71097,0.71126,1.00,2.00
2016.02.17 08:38:55.202,0.71098,0.71127,1.00,1.00
2016.02.17 08:38:55.303,0.711,0.71125,1.00,1.00
2016.02.17 08:38:55.580,0.711,0.7113,1.00,1.00
2016.02.17 08:38:55.630,0.71102,0.7113,1.00,1.00
2016.02.17 08:38:55.753,0.711,0.71129,1.00,1.00
2016.02.17 08:38:56.283,0.71102,0.71133,1.00,1.00
2016.02.17 08:38:56.333,0.71104,0.71133,1.00,1.00
2016.02.17 08:38:56.384,0.71105,0.71135,1.00,1.00
2016.02.17 08:38:56.614,0.71105,0.7113,1.00,1.00
2016.02.17 08:38:56.788,0.71103,0.7113,1.00,1.00
2016.02.17 08:38:57.383,0.71102,0.71131,1.00,1.00
2016.02.17 08:38:58.537,0.71102,0.7113,1.00,1.00
2016.02.17 08:38:59.253,0.71102,0.71131,1.00,1.00
2016.02.17 08:39:00.143,0.71102,0.7113,1.00,1.00
2016.02.17 08:39:00.294,0.71103,0.71132,1.00,1.00
2016.02.17 08:39:00.684,0.71105,0.71132,1.00,1.00
2016.02.17 08:39:00.735,0.71106,0.71135,1.00,2.00
2016.02.17 08:39:02.092,0.71104,0.71133,1.00,1.00
2016.02.17 08:39:02.663,0.71103,0.71132,1.00,1.00
2016.02.17 08:39:03.537,0.71105,0.71134,1.00,1.00
2016.02.17 08:39:05.433,0.71104,0.7113,1.00,1.00
2016.02.17 08:39:05.588,0.71102,0.7113,1.00,1.00
2016.02.17 08:39:06.183,0.71102,0.71131,1.00,2.00
2016.02.17 08:39:06.689,0.71101,0.7113,1.00,1.00
2016.02.17 08:39:07.775,0.71103,0.71132,1.00,1.00
2016.02.17 08:39:09.154,0.71103,0.7113,1.00,1.00
2016.02.17 08:39:09.613,0.711,0.71131,2.00,1.00
2016.02.17 08:39:09.837,0.71102,0.71131,1.00,1.00
2016.02.17 08:39:10.744,0.71102,0.71133,1.00,1.00
2016.02.17 08:39:10.794,0.71107,0.71135,1.00,1.00
2016.02.17 08:39:10.945,0.71109,0.71138,1.00,1.00
2016.02.17 08:39:11.057,0.71108,0.71135,1.00,1.00
2016.02.17 08:39:11.108,0.71106,0.71135,1.00,2.00
2016.02.17 08:39:11.213,0.71104,0.71135,1.00,2.00
2016.02.17 08:39:11.263,0.71104,0.71133,1.00,1.00
2016.02.17 08:39:11.967,0.71101,0.71132,1.00,1.00
2016.02.17 08:39:12.664,0.71102,0.71133,1.00,1.00
2016.02.17 08:39:13.776,0.71102,0.7113,1.00,1.00
2016.02.17 08:39:14.153,0.711,0.71129,1.00,1.00
2016.02.17 08:39:14.787,0.71098,0.71127,1.00,1.00
2016.02.17 08:39:15.235,0.71101,0.7113,1.00,2.00
2016.02.17 08:39:15.567,0.71104,0.71133,1.00,1.00
2016.02.17 08:39:17.127,0.71103,0.71132,1.00,1.00
2016.02.17 08:39:18.327,0.71101,0.7113,1.00,1.00
2016.02.17 08:39:18.857,0.71101,0.71131,1.00,1.00
2016.02.17 08:39:19.325,0.71103,0.71132,1.00,1.00
2016.02.17 08:39:19.375,0.71104,0.71135,1.00,2.00
2016.02.17 08:39:19.476,0.71106,0.71135,1.00,1.00
2016.02.17 08:39:20.225,0.71107,0.71135,1.00,1.00
2016.02.17 08:39:20.382,0.7111,0.71139,1.00,1.00
2016.02.17 08:39:20.606,0.71112,0.7114,1.00,1.00
2016.02.17 08:39:21.391,0.71112,0.71141,1.00,2.00
2016.02.17 08:39:21.918,0.71111,0.7114,1.00,1.00
2016.02.17 08:39:22.665,0.7111,0.71139,1.00,1.00
2016.02.17 08:39:23.848,0.71108,0.71137,1.00,1.00
2016.02.17 08:39:23.948,0.71105,0.71135,1.00,1.00
2016.02.17 08:39:24.083,0.71107,0.71135,1.00,1.00
2016.02.17 08:39:24.149,0.71108,0.71137,1.00,1.00
2016.02.17 08:39:24.327,0.71111,0.7114,1.00,2.00
2016.02.17 08:39:24.883,0.7111,0.71141,1.00,2.00
2016.02.17 08:39:25.985,0.7111,0.7114,1.00,1.00
2016.02.17 08:39:26.530,0.7111,0.71139,1.00,1.00
2016.02.17 08:39:27.913,0.71111,0.7114,1.00,1.00
2016.02.17 08:39:28.317,0.71113,0.71142,1.00,1.00
2016.02.17 08:39:28.368,0.71113,0.71144,1.00,1.00
2016.02.17 08:39:28.697,0.71113,0.7114,1.00,1.00
2016.02.17 08:39:28.864,0.71111,0.7114,1.00,2.00
2016.02.17 08:39:29.751,0.7111,0.71139,1.00,1.00
2016.02.17 08:39:30.574,0.71112,0.7114,1.00,1.00
2016.02.17 08:39:31.462,0.71112,0.71141,1.00,1.00
2016.02.17 08:39:32.391,0.71112,0.7114,1.00,1.00
2016.02.17 08:39:33.147,0.71114,0.7114,1.00,1.00
2016.02.17 08:39:33.198,0.71114,0.71143,1.00,1.00
2016.02.17 08:39:33.447,0.71116,0.71145,1.00,2.00
2016.02.17 08:39:33.780,0.71113,0.71144,1.00,1.00
2016.02.17 08:39:33.830,0.71113,0.7114,1.00,1.00
2016.02.17 08:39:33.933,0.71113,0.71144,1.00,1.00
2016.02.17 08:39:36.166,0.71115,0.71144,1.00,1.00
2016.02.17 08:39:37.185,0.71117,0.71145,1.00,1.00
2016.02.17 08:39:37.442,0.71117,0.71148,1.00,1.00
2016.02.17 08:39:38.112,0.71117,0.71146,1.00,1.00
2016.02.17 08:39:38.785,0.71117,0.71145,1.00,1.00
2016.02.17 08:39:40.226,0.71119,0.71145,1.00,1.00
2016.02.17 08:39:40.751,0.71119,0.71146,1.00,1.00
2016.02.17 08:39:41.533,0.71118,0.71145,1.00,1.00
2016.02.17 08:39:43.167,0.7112,0.71145,1.00,1.00
2016.02.17 08:39:43.217,0.7112,0.71149,1.00,1.00
2016.02.17 08:39:43.771,0.71122,0.7115,1.00,1.00
2016.02.17 08:39:44.396,0.71118,0.71149,1.00,1.00
2016.02.17 08:39:44.487,0.71118,0.71147,1.00,1.00
2016.02.17 08:39:44.806,0.71115,0.71144,1.00,1.00
2016.02.17 08:39:45.087,0.71113,0.71144,1.00,1.00
2016.02.17 08:39:45.627,0.71116,0.71145,1.00,2.00
2016.02.17 08:39:46.141,0.71117,0.71145,1.00,1.00
2016.02.17 08:39:47.794,0.71117,0.71146,1.00,1.00
2016.02.17 08:39:48.125,0.71119,0.71148,1.00,1.00
2016.02.17 08:39:48.775,0.7112,0.71149,1.00,1.00
2016.02.17 08:39:51.387,0.71121,0.7115,1.00,1.00
2016.02.17 08:39:51.974,0.71121,0.71151,1.00,1.00
2016.02.17 08:39:52.546,0.71121,0.7115,1.00,1.00
2016.02.17 08:39:55.275,0.71121,0.71145,1.00,1.00
2016.02.17 08:39:55.377,0.71118,0.71145,1.00,1.00
2016.02.17 08:39:55.593,0.71115,0.71144,1.00,1.00
2016.02.17 08:39:55.644,0.71115,0.7114,1.00,1.00
2016.02.17 08:39:58.600,0.71115,0.71144,1.00,1.00
2016.02.17 08:39:59.235,0.71116,0.71145,1.00,2.00
2016.02.17 08:39:59.659,0.71111,0.7114,1.00,1.00
2016.02.17 08:40:00.222,0.7111,0.71139,1.00,1.00
2016.02.17 08:40:01.096,0.71108,0.71137,1.00,1.00
2016.02.17 08:40:01.632,0.7111,0.71139,1.00,1.00
2016.02.17 08:40:02.926,0.71108,0.71137,1.00,1.00
2016.02.17 08:40:03.299,0.71108,0.71135,1.00,1.00
2016.02.17 08:40:03.459,0.71105,0.71136,1.00,2.00
2016.02.17 08:40:03.680,0.71108,0.71135,1.00,1.00
2016.02.17 08:40:03.868,0.71106,0.71135,1.00,1.00
2016.02.17 08:40:03.919,0.71108,0.71136,1.00,1.00
2016.02.17 08:40:04.227,0.71105,0.71134,1.00,1.00
2016.02.17 08:40:04.278,0.71103,0.71134,1.00,1.00
2016.02.17 08:40:04.328,0.71103,0.7113,1.00,1.00
2016.02.17 08:40:04.849,0.71104,0.71131,1.00,1.00
2016.02.17 08:40:05.383,0.71103,0.71131,1.00,1.00
2016.02.17 08:40:05.498,0.71095,0.7113,1.00,1.00
2016.02.17 08:40:05.548,0.711,0.71129,1.00,1.00
2016.02.17 08:40:05.873,0.71101,0.71125,1.00,1.00
2016.02.17 08:40:06.584,0.71102,0.71125,1.00,1.00
2016.02.17 08:40:06.771,0.71104,0.71133,1.00,1.00
2016.02.17 08:40:07.750,0.71106,0.71135,1.00,2.00
2016.02.17 08:40:08.643,0.71106,0.7113,1.00,1.00
2016.02.17 08:40:08.850,0.71106,0.71135,1.00,2.00
2016.02.17 08:40:09.178,0.71106,0.7113,1.00,1.00
2016.02.17 08:40:09.277,0.71104,0.7113,1.00,1.00
2016.02.17 08:40:09.571,0.71102,0.7113,1.00,1.00
2016.02.17 08:40:10.101,0.71103,0.7113,1.00,1.00
2016.02.17 08:40:11.489,0.71103,0.71132,1.00,1.00
2016.02.17 08:40:11.589,0.71105,0.71134,1.00,1.00
2016.02.17 08:40:12.258,0.71105,0.7113,1.00,1.00
2016.02.17 08:40:12.309,0.71103,0.7113,1.00,1.00
2016.02.17 08:40:13.909,0.71103,0.71132,1.00,1.00
2016.02.17 08:40:14.296,0.71105,0.71134,1.00,1.00
2016.02.17 08:40:16.951,0.71106,0.71135,1.00,2.00
2016.02.17 08:40:17.365,0.71106,0.7113,1.00,1.00
2016.02.17 08:40:18.088,0.71105,0.7113,1.00,1.00
2016.02.17 08:40:18.138,0.71105,0.71134,1.00,1.00
2016.02.17 08:40:18.289,0.71107,0.71135,1.00,1.00
2016.02.17 08:40:18.637,0.7111,0.71135,1.00,1.00
2016.02.17 08:40:18.863,0.71108,0.71135,1.00,1.00
2016.02.17 08:40:19.527,0.71108,0.71136,1.00,1.00
2016.02.17 08:40:19.591,0.7111,0.71136,1.00,1.00
2016.02.17 08:40:19.747,0.7111,0.71139,1.00,1.00
2016.02.17 08:40:20.061,0.7111,0.71135,1.00,1.00
2016.02.17 08:40:20.111,0.7111,0.71139,1.00,1.00
2016.02.17 08:40:20.661,0.71111,0.7114,1.00,1.00
2016.02.17 08:40:21.193,0.7111,0.71135,2.00,1.00
2016.02.17 08:40:21.505,0.7111,0.71139,2.00,1.00
2016.02.17 08:40:21.617,0.7111,0.71135,2.00,1.00
2016.02.17 08:40:21.727,0.7111,0.71139,1.00,1.00
2016.02.17 08:40:22.057,0.7111,0.71135,1.00,1.00
2016.02.17 08:40:22.165,0.7111,0.71139,1.00,1.00
2016.02.17 08:40:22.717,0.71109,0.71138,1.00,1.00
2016.02.17 08:40:23.373,0.7111,0.71139,1.00,1.00
2016.02.17 08:40:24.949,0.7111,0.71136,1.00,1.00
2016.02.17 08:40:25.028,0.7111,0.71139,1.00,1.00
2016.02.17 08:40:25.111,0.71108,0.71137,1.00,1.00
2016.02.17 08:40:26.176,0.71108,0.71135,1.00,1.00
2016.02.17 08:40:26.575,0.71108,0.71139,1.00,1.00
2016.02.17 08:40:26.731,0.7111,0.71139,1.00,1.00
2016.02.17 08:40:27.306,0.71111,0.7114,1.00,2.00
2016.02.17 08:40:28.966,0.7111,0.71139,1.00,1.00
2016.02.17 08:40:29.912,0.71111,0.7114,1.00,2.00
2016.02.17 08:40:30.239,0.71115,0.71144,1.00,1.00
2016.02.17 08:40:30.568,0.71114,0.7114,1.00,1.00
2016.02.17 08:40:30.683,0.71112,0.7114,1.00,1.00
2016.02.17 08:40:30.888,0.71114,0.71141,1.00,1.00
2016.02.17 08:40:31.533,0.71114,0.7114,1.00,1.00
2016.02.17 08:40:31.759,0.71113,0.71142,1.00,1.00
2016.02.17 08:40:34.022,0.71113,0.71144,1.00,1.00
2016.02.17 08:40:34.375,0.71113,0.7114,1.00,1.00
2016.02.17 08:40:34.597,0.71113,0.71144,1.00,1.00
2016.02.17 08:40:34.796,0.71115,0.71144,1.00,1.00
2016.02.17 08:40:35.137,0.71118,0.71146,1.00,1.00
2016.02.17 08:40:35.551,0.7112,0.71149,1.00,1.00
2016.02.17 08:40:36.725,0.71118,0.71147,1.00,1.00
2016.02.17 08:40:37.126,0.71118,0.71145,1.00,1.00
2016.02.17 08:40:37.806,0.71118,0.71146,1.00,1.00
2016.02.17 08:40:38.354,0.71117,0.71145,1.00,1.00
2016.02.17 08:40:38.656,0.7112,0.71145,1.00,1.00
2016.02.17 08:40:38.806,0.71118,0.71145,1.00,1.00
2016.02.17 08:40:39.355,0.71117,0.71148,1.00,1.00
2016.02.17 08:40:39.405,0.71121,0.7115,1.00,2.00
2016.02.17 08:40:39.512,0.71122,0.71153,1.00,1.00
2016.02.17 08:40:39.913,0.71125,0.71154,1.00,1.00
2016.02.17 08:40:42.587,0.71127,0.71156,1.00,2.00
2016.02.17 08:40:43.326,0.71127,0.71155,1.00,1.00
2016.02.17 08:40:43.597,0.71128,0.71159,1.00,1.00
2016.02.17 08:40:43.698,0.7113,0.7116,1.00,1.00
2016.02.17 08:40:44.132,0.71129,0.71158,1.00,1.00
2016.02.17 08:40:44.611,0.71128,0.71155,1.00,1.00
2016.02.17 08:40:45.086,0.71128,0.71157,1.00,1.00
2016.02.17 08:40:45.282,0.7113,0.71159,1.00,1.00
2016.02.17 08:40:45.779,0.71132,0.7116,1.00,1.00
2016.02.17 08:40:46.282,0.7113,0.71159,1.00,1.00
2016.02.17 08:40:47.097,0.71131,0.7116,1.00,2.00
2016.02.17 08:40:47.551,0.71133,0.71162,1.00,1.00
2016.02.17 08:40:47.947,0.71135,0.71164,1.00,1.00
2016.02.17 08:40:48.315,0.71137,0.71166,1.00,1.00
2016.02.17 08:40:48.759,0.71137,0.71168,1.00,1.00
2016.02.17 08:40:48.859,0.71139,0.71168,1.00,1.00
2016.02.17 08:40:49.686,0.7114,0.71169,1.00,1.00
2016.02.17 08:40:50.676,0.71139,0.71168,1.00,1.00
2016.02.17 08:40:51.055,0.71138,0.71165,1.00,1.00
2016.02.17 08:40:51.446,0.71135,0.71164,1.00,1.00
2016.02.17 08:40:52.035,0.71136,0.71165,1.00,2.00
2016.02.17 08:40:52.224,0.71136,0.7116,1.00,1.00
2016.02.17 08:40:52.274,0.71132,0.7116,1.00,1.00
2016.02.17 08:40:52.375,0.7113,0.71159,1.00,1.00
2016.02.17 08:40:52.531,0.71128,0.71157,1.00,1.00
2016.02.17 08:40:52.841,0.7113,0.71159,1.00,1.00
2016.02.17 08:40:53.428,0.71129,0.71158,1.00,1.00
2016.02.17 08:40:55.209,0.7113,0.71159,1.00,1.00
2016.02.17 08:40:56.526,0.71129,0.71155,1.00,1.00
2016.02.17 08:40:56.576,0.71127,0.71155,1.00,1.00
2016.02.17 08:40:56.627,0.71124,0.7115,1.00,1.00
2016.02.17 08:40:56.727,0.71125,0.71156,1.00,2.00
2016.02.17 08:40:56.792,0.71124,0.71153,1.00,1.00
2016.02.17 08:40:57.178,0.71124,0.7115,1.00,1.00
2016.02.17 08:40:59.843,0.71126,0.71155,1.00,2.00
2016.02.17 08:40:59.893,0.71128,0.71155,1.00,1.00
2016.02.17 08:41:00.248,0.71128,0.7115,1.00,1.00
2016.02.17 08:41:01.917,0.71126,0.7115,1.00,1.00
2016.02.17 08:41:02.786,0.71126,0.71151,1.00,1.00
2016.02.17 08:41:03.295,0.71124,0.7115,1.00,1.00
2016.02.17 08:41:03.345,0.71124,0.71145,1.00,1.00
2016.02.17 08:41:03.775,0.71123,0.7115,1.00,1.00
2016.02.17 08:41:04.303,0.71124,0.7115,1.00,1.00
2016.02.17 08:41:04.437,0.71124,0.71155,1.00,2.00
2016.02.17 08:41:04.604,0.71126,0.71155,1.00,2.00
2016.02.17 08:41:05.442,0.71126,0.71151,1.00,1.00
2016.02.17 08:41:06.344,0.71126,0.7115,1.00,1.00
2016.02.17 08:41:06.891,0.71127,0.71156,1.00,2.00
2016.02.17 08:41:07.238,0.71129,0.71158,1.00,1.00
2016.02.17 08:41:07.666,0.71131,0.7116,1.00,2.00
2016.02.17 08:41:08.540,0.71133,0.7116,1.00,1.00
2016.02.17 08:41:09.137,0.71134,0.7116,1.00,1.00
2016.02.17 08:41:09.438,0.71139,0.7116,1.00,1.00
2016.02.17 08:41:10.019,0.71139,0.71161,1.00,1.00
2016.02.17 08:41:10.070,0.71139,0.71166,1.00,1.00
2016.02.17 08:41:10.545,0.71141,0.71165,1.00,1.00
2016.02.17 08:41:10.601,0.71142,0.7117,1.00,1.00
2016.02.17 08:41:11.105,0.71142,0.71171,1.00,2.00
2016.02.17 08:41:12.694,0.71142,0.7117,1.00,1.00
2016.02.17 08:41:13.506,0.71143,0.7117,1.00,1.00
2016.02.17 08:41:15.000,0.71143,0.71165,1.00,1.00
2016.02.17 08:41:15.113,0.71138,0.71165,1.00,1.00
2016.02.17 08:41:15.271,0.71136,0.71165,1.00,2.00
2016.02.17 08:41:15.327,0.71136,0.71161,1.00,1.00
2016.02.17 08:41:16.426,0.71136,0.7116,1.00,1.00
2016.02.17 08:41:16.535,0.71136,0.71165,1.00,2.00
2016.02.17 08:41:20.056,0.71136,0.7116,1.00,1.00
2016.02.17 08:41:20.175,0.71136,0.71165,1.00,2.00
2016.02.17 08:41:20.225,0.71134,0.71163,1.00,1.00
2016.02.17 08:41:20.810,0.71135,0.71164,1.00,1.00
2016.02.17 08:41:21.156,0.71134,0.7116,1.00,1.00
2016.02.17 08:41:21.850,0.71135,0.7116,1.00,1.00
2016.02.17 08:41:22.066,0.71136,0.71165,1.00,1.00
2016.02.17 08:41:23.244,0.71138,0.71165,1.00,1.00
2016.02.17 08:41:24.130,0.71139,0.71165,1.00,1.00
2016.02.17 08:41:25.565,0.71139,0.71168,1.00,1.00
2016.02.17 08:41:25.616,0.71143,0.7117,1.00,1.00
2016.02.17 08:41:25.670,0.71143,0.71172,1.00,1.00
2016.02.17 08:41:25.854,0.71144,0.71175,1.00,2.00
2016.02.17 08:41:25.907,0.71148,0.71175,1.00,1.00
2016.02.17 08:41:26.290,0.71146,0.71175,1.00,1.00
2016.02.17 08:41:26.944,0.71146,0.71176,1.00,1.00
2016.02.17 08:41:27.297,0.7115,0.71175,1.00,1.00
2016.02.17 08:41:27.425,0.7115,0.71179,1.00,1.00
2016.02.17 08:41:27.980,0.71149,0.71178,1.00,1.00
2016.02.17 08:41:28.150,0.71149,0.7118,1.00,2.00
2016.02.17 08:41:28.763,0.71147,0.7117,1.00,1.00
2016.02.17 08:41:29.085,0.71145,0.71171,1.00,1.00
2016.02.17 08:41:29.296,0.71145,0.71175,1.00,1.00
2016.02.17 08:41:29.655,0.71147,0.71175,1.00,1.00
2016.02.17 08:41:30.284,0.71148,0.71176,1.00,1.00
2016.02.17 08:41:30.836,0.71148,0.71175,1.00,1.00
2016.02.17 08:41:33.592,0.71148,0.71176,1.00,1.00
2016.02.17 08:41:34.129,0.71147,0.71176,1.00,2.00
2016.02.17 08:41:34.451,0.71143,0.7117,1.00,1.00
2016.02.17 08:41:35.408,0.71145,0.7117,1.00,1.00
2016.02.17 08:41:35.567,0.71144,0.71173,1.00,1.00
2016.02.17 08:41:35.677,0.71144,0.7117,1.00,1.00
2016.02.17 08:41:36.398,0.71144,0.71171,1.00,1.00
2016.02.17 08:41:37.091,0.71144,0.7117,1.00,1.00
2016.02.17 08:41:38.106,0.71144,0.71175,1.00,2.00
2016.02.17 08:41:38.315,0.71145,0.7117,1.00,1.00
2016.02.17 08:41:38.546,0.71145,0.71175,1.00,1.00
2016.02.17 08:41:38.654,0.71147,0.71175,1.00,1.00
2016.02.17 08:41:39.215,0.71148,0.71175,1.00,1.00
2016.02.17 08:41:39.631,0.7115,0.71175,1.00,1.00
2016.02.17 08:41:39.977,0.71148,0.71175,1.00,1.00
2016.02.17 08:41:40.206,0.71148,0.71179,1.00,1.00
2016.02.17 08:41:40.654,0.71148,0.71175,1.00,1.00
2016.02.17 08:41:40.867,0.71148,0.71179,1.00,1.00
2016.02.17 08:41:41.196,0.71148,0.71175,1.00,1.00
2016.02.17 08:41:41.745,0.71148,0.71179,1.00,1.00
2016.02.17 08:41:42.078,0.71148,0.71175,1.00,1.00
2016.02.17 08:41:42.542,0.7115,0.71176,1.00,1.00
2016.02.17 08:41:43.176,0.71149,0.71175,1.00,1.00
2016.02.17 08:41:43.410,0.71147,0.71175,1.00,1.00
2016.02.17 08:41:43.619,0.71149,0.71175,1.00,1.00
2016.02.17 08:41:43.710,0.71147,0.71175,1.00,1.00
2016.02.17 08:41:44.300,0.71147,0.7117,1.00,1.00
2016.02.17 08:41:44.350,0.71145,0.7117,1.00,1.00
2016.02.17 08:41:44.595,0.71142,0.71171,1.00,1.00
2016.02.17 08:41:45.157,0.71142,0.71166,1.00,1.00
2016.02.17 08:41:45.265,0.71142,0.7117,1.00,1.00
2016.02.17 08:41:45.508,0.71142,0.71165,1.00,1.00
2016.02.17 08:41:45.736,0.7114,0.71166,1.00,1.00
2016.02.17 08:41:46.696,0.7114,0.71165,1.00,1.00
2016.02.17 08:41:47.245,0.71141,0.71166,1.00,1.00
2016.02.17 08:41:47.576,0.71141,0.7117,1.00,2.00
2016.02.17 08:41:48.174,0.71142,0.7117,1.00,1.00
2016.02.17 08:41:48.784,0.71142,0.71171,1.00,1.00
2016.02.17 08:41:49.430,0.71145,0.7117,1.00,1.00
2016.02.17 08:41:49.656,0.71143,0.7117,1.00,1.00
2016.02.17 08:41:49.791,0.71145,0.7117,1.00,1.00
2016.02.17 08:41:49.885,0.71145,0.71174,1.00,1.00
2016.02.17 08:41:51.200,0.71146,0.71175,1.00,2.00
2016.02.17 08:41:51.696,0.71144,0.71173,1.00,1.00
2016.02.17 08:41:52.231,0.71144,0.7117,1.00,1.00
2016.02.17 08:41:53.136,0.71144,0.71171,1.00,1.00
2016.02.17 08:41:53.669,0.71144,0.7117,1.00,1.00
2016.02.17 08:41:54.235,0.71143,0.7117,1.00,1.00
2016.02.17 08:41:55.071,0.71142,0.7117,1.00,1.00
2016.02.17 08:41:55.397,0.71142,0.71161,1.00,1.00
2016.02.17 08:41:55.447,0.71135,0.71165,1.00,1.00
2016.02.17 08:41:55.550,0.71137,0.71165,1.00,1.00
2016.02.17 08:41:55.801,0.71141,0.7117,1.00,2.00
2016.02.17 08:41:55.852,0.71139,0.7117,1.00,2.00
2016.02.17 08:41:55.902,0.71139,0.71166,1.00,1.00
2016.02.17 08:41:55.994,0.71139,0.7117,1.00,2.00
2016.02.17 08:41:56.143,0.71139,0.71165,1.00,1.00
2016.02.17 08:41:56.584,0.71141,0.7117,1.00,2.00
2016.02.17 08:41:57.206,0.71142,0.7117,1.00,1.00
2016.02.17 08:41:58.791,0.71141,0.7117,1.00,2.00
2016.02.17 08:41:59.855,0.7114,0.71169,1.00,1.00
2016.02.17 08:42:00.032,0.71142,0.7117,1.00,1.00
2016.02.17 08:42:00.602,0.71145,0.7117,1.00,1.00
2016.02.17 08:42:02.086,0.71145,0.71174,1.00,1.00
2016.02.17 08:42:02.670,0.71146,0.71175,1.00,2.00
2016.02.17 08:42:05.185,0.71144,0.71173,1.00,1.00
2016.02.17 08:42:05.619,0.71146,0.71175,1.00,1.00
2016.02.17 08:42:06.339,0.71145,0.71174,1.00,1.00
2016.02.17 08:42:07.119,0.71144,0.71173,1.00,1.00
2016.02.17 08:42:07.670,0.71145,0.71174,1.00,1.00
2016.02.17 08:42:08.179,0.71142,0.71171,1.00,1.00
2016.02.17 08:42:08.532,0.7114,0.71169,1.00,1.00
2016.02.17 08:42:09.639,0.71142,0.71171,1.00,1.00
2016.02.17 08:42:09.939,0.71145,0.71175,1.00,1.00
2016.02.17 08:42:10.663,0.71145,0.71176,1.00,1.00
2016.02.17 08:42:11.380,0.71147,0.71176,1.00,1.00
2016.02.17 08:42:13.790,0.71147,0.71178,1.00,1.00
2016.02.17 08:42:14.149,0.71149,0.71178,1.00,1.00
2016.02.17 08:42:14.570,0.71147,0.71176,1.00,1.00
2016.02.17 08:42:15.086,0.7115,0.71179,1.00,1.00
2016.02.17 08:42:15.674,0.71151,0.7118,1.00,1.00
2016.02.17 08:42:16.655,0.71149,0.71178,1.00,1.00
2016.02.17 08:42:16.994,0.71148,0.71176,1.00,1.00
2016.02.17 08:42:17.547,0.71148,0.71175,1.00,1.00
2016.02.17 08:42:17.597,0.71146,0.71175,1.00,2.00
2016.02.17 08:42:17.753,0.71148,0.71176,1.00,1.00
2016.02.17 08:42:18.377,0.71148,0.71175,1.00,1.00
2016.02.17 08:42:19.453,0.71144,0.71165,1.00,1.00
2016.02.17 08:42:19.503,0.7114,0.71165,1.00,1.00
2016.02.17 08:42:19.784,0.71141,0.7117,1.00,1.00
2016.02.17 08:42:20.209,0.71138,0.71167,1.00,1.00
2016.02.17 08:42:23.749,0.71137,0.71165,1.00,1.00
2016.02.17 08:42:24.035,0.71138,0.71167,1.00,1.00
2016.02.17 08:42:24.085,0.71141,0.7117,1.00,2.00
2016.02.17 08:42:24.649,0.71142,0.7117,1.00,1.00
2016.02.17 08:42:24.889,0.7114,0.71169,1.00,1.00
2016.02.17 08:42:25.395,0.7114,0.71171,1.00,1.00
2016.02.17 08:42:25.446,0.71142,0.71171,1.00,1.00
2016.02.17 08:42:25.791,0.71144,0.71173,1.00,1.00
2016.02.17 08:42:27.099,0.71144,0.7117,1.00,1.00
2016.02.17 08:42:27.671,0.71143,0.71171,1.00,1.00
2016.02.17 08:42:28.269,0.71143,0.71172,1.00,1.00
2016.02.17 08:42:28.978,0.71142,0.71171,1.00,1.00
2016.02.17 08:42:29.305,0.71138,0.71165,1.00,1.00
2016.02.17 08:42:29.421,0.71136,0.71165,1.00,2.00
2016.02.17 08:42:29.471,0.71134,0.71163,1.00,1.00
2016.02.17 08:42:30.025,0.71136,0.71165,1.00,1.00
2016.02.17 08:42:30.424,0.71142,0.7117,1.00,1.00
2016.02.17 08:42:30.753,0.71143,0.71172,1.00,1.00
2016.02.17 08:42:31.075,0.71143,0.7117,1.00,1.00
2016.02.17 08:42:31.185,0.71143,0.71172,1.00,1.00
2016.02.17 08:42:31.513,0.71143,0.7117,1.00,1.00
2016.02.17 08:42:32.834,0.71143,0.71171,1.00,1.00
2016.02.17 08:42:33.384,0.71143,0.71172,1.00,1.00
2016.02.17 08:42:34.094,0.71143,0.71174,1.00,1.00
2016.02.17 08:42:34.156,0.71143,0.7117,1.00,1.00
2016.02.17 08:42:34.741,0.71142,0.7117,1.00,1.00
2016.02.17 08:42:35.052,0.7114,0.71169,1.00,1.00
2016.02.17 08:42:39.323,0.7114,0.71165,1.00,1.00
2016.02.17 08:42:40.035,0.71139,0.71165,1.00,1.00
2016.02.17 08:42:40.363,0.71141,0.7117,1.00,2.00
2016.02.17 08:42:40.926,0.71142,0.7117,1.00,1.00
2016.02.17 08:42:43.445,0.7114,0.7117,1.00,1.00
2016.02.17 08:42:44.934,0.7114,0.71171,1.00,2.00
2016.02.17 08:42:45.092,0.71142,0.7117,1.00,1.00
2016.02.17 08:42:46.792,0.71144,0.7117,1.00,1.00
2016.02.17 08:42:46.842,0.71144,0.71173,1.00,1.00
2016.02.17 08:42:46.943,0.71146,0.71175,1.00,2.00
2016.02.17 08:42:47.306,0.71148,0.71175,1.00,1.00
2016.02.17 08:42:47.905,0.71147,0.71175,1.00,1.00
2016.02.17 08:42:48.519,0.71146,0.71175,1.00,2.00
2016.02.17 08:42:48.844,0.71142,0.71171,1.00,2.00
2016.02.17 08:42:49.335,0.71139,0.71168,1.00,1.00
2016.02.17 08:42:51.756,0.71139,0.71165,1.00,1.00
2016.02.17 08:42:51.895,0.71137,0.71165,1.00,1.00
2016.02.17 08:42:51.950,0.71135,0.71165,1.00,1.00
2016.02.17 08:42:52.464,0.71136,0.71165,1.00,2.00
2016.02.17 08:42:53.685,0.71137,0.71165,1.00,1.00
2016.02.17 08:42:54.284,0.71137,0.71168,1.00,1.00
2016.02.17 08:42:54.334,0.71139,0.71168,1.00,1.00
2016.02.17 08:42:54.665,0.71143,0.7117,1.00,1.00
2016.02.17 08:42:55.104,0.71145,0.7117,1.00,1.00
2016.02.17 08:42:55.295,0.71147,0.71175,1.00,1.00
2016.02.17 08:42:56.167,0.71147,0.71176,1.00,2.00
2016.02.17 08:42:56.699,0.71146,0.71175,1.00,2.00
2016.02.17 08:42:59.181,0.71145,0.71174,1.00,1.00
2016.02.17 08:42:59.675,0.71145,0.7117,1.00,1.00
2016.02.17 08:43:00.223,0.71145,0.71171,1.00,1.00
2016.02.17 08:43:00.332,0.71143,0.71171,1.00,1.00
2016.02.17 08:43:02.121,0.71141,0.7117,1.00,2.00
2016.02.17 08:43:02.171,0.71139,0.71168,1.00,1.00
2016.02.17 08:43:02.819,0.71138,0.71167,1.00,1.00
2016.02.17 08:43:03.142,0.71136,0.71165,1.00,2.00
2016.02.17 08:43:03.547,0.71138,0.71165,1.00,1.00
2016.02.17 08:43:03.964,0.71138,0.71167,1.00,1.00
2016.02.17 08:43:04.572,0.71139,0.71168,1.00,1.00
2016.02.17 08:43:04.734,0.71139,0.71165,1.00,1.00
2016.02.17 08:43:04.837,0.71137,0.71165,1.00,1.00
2016.02.17 08:43:05.395,0.71136,0.71165,1.00,1.00
2016.02.17 08:43:05.587,0.71138,0.71167,1.00,1.00
2016.02.17 08:43:06.213,0.71139,0.71168,1.00,1.00
2016.02.17 08:43:06.263,0.71139,0.7117,1.00,2.00
2016.02.17 08:43:06.799,0.7114,0.71171,1.00,1.00
2016.02.17 08:43:06.850,0.71143,0.71172,1.00,1.00
2016.02.17 08:43:07.151,0.71145,0.71174,1.00,1.00
2016.02.17 08:43:07.674,0.71146,0.71175,1.00,2.00
2016.02.17 08:43:08.964,0.7115,0.71179,1.00,1.00
2016.02.17 08:43:09.294,0.71152,0.71181,1.00,2.00
2016.02.17 08:43:09.609,0.71149,0.71178,1.00,1.00
2016.02.17 08:43:10.124,0.71148,0.71177,1.00,1.00
2016.02.17 08:43:10.733,0.71147,0.71176,1.00,1.00
2016.02.17 08:43:11.062,0.71145,0.71174,1.00,1.00
2016.02.17 08:43:12.322,0.71146,0.71175,1.00,1.00
2016.02.17 08:43:13.754,0.71145,0.71174,1.00,1.00
2016.02.17 08:43:14.248,0.71143,0.71172,1.00,1.00
2016.02.17 08:43:14.637,0.71145,0.71174,1.00,1.00
2016.02.17 08:43:16.476,0.71143,0.71174,1.00,1.00
2016.02.17 08:43:17.549,0.71143,0.71172,1.00,1.00
2016.02.17 08:43:18.609,0.71144,0.71173,1.00,1.00
2016.02.17 08:43:19.088,0.71146,0.71175,1.00,1.00
2016.02.17 08:43:19.406,0.71149,0.71178,1.00,1.00
2016.02.17 08:43:20.003,0.7115,0.71179,1.00,1.00
2016.02.17 08:43:21.240,0.71151,0.7118,1.00,1.00
2016.02.17 08:43:22.331,0.7115,0.71179,1.00,1.00
2016.02.17 08:43:22.672,0.71147,0.71176,1.00,1.00
2016.02.17 08:43:24.431,0.71147,0.71178,1.00,1.00
2016.02.17 08:43:25.601,0.71149,0.71178,1.00,1.00
2016.02.17 08:43:25.749,0.71149,0.7118,1.00,2.00
2016.02.17 08:43:26.049,0.71151,0.7118,1.00,2.00
2016.02.17 08:43:26.874,0.71146,0.71177,1.00,1.00
2016.02.17 08:43:28.150,0.71145,0.71174,1.00,1.00
2016.02.17 08:43:29.348,0.71144,0.71173,1.00,1.00
2016.02.17 08:43:30.968,0.71143,0.71172,1.00,1.00
2016.02.17 08:43:31.900,0.71142,0.71171,1.00,1.00
2016.02.17 08:43:32.769,0.71141,0.7117,1.00,1.00
2016.02.17 08:43:33.113,0.71139,0.71168,1.00,1.00
2016.02.17 08:43:33.549,0.71146,0.71175,1.00,1.00
2016.02.17 08:43:34.078,0.71147,0.71175,1.00,1.00
2016.02.17 08:43:35.094,0.71147,0.71176,1.00,2.00
2016.02.17 08:43:35.346,0.71145,0.71175,1.00,2.00
2016.02.17 08:43:35.972,0.71144,0.71175,1.00,2.00
2016.02.17 08:43:36.909,0.71147,0.71176,1.00,1.00
2016.02.17 08:43:36.962,0.71147,0.71178,1.00,1.00
2016.02.17 08:43:37.075,0.7115,0.71179,1.00,1.00
2016.02.17 08:43:37.676,0.71149,0.71179,1.00,1.00
2016.02.17 08:43:38.503,0.71149,0.71178,1.00,1.00
2016.02.17 08:43:38.828,0.7115,0.7118,1.00,2.00
2016.02.17 08:43:39.007,0.71149,0.71178,1.00,1.00
2016.02.17 08:43:39.371,0.71149,0.7118,1.00,2.00
2016.02.17 08:43:39.490,0.71156,0.71185,1.00,2.00
2016.02.17 08:43:39.923,0.71159,0.71188,1.00,1.00
2016.02.17 08:43:41.160,0.71159,0.71185,1.00,1.00
2016.02.17 08:43:41.296,0.71157,0.71185,1.00,1.00
2016.02.17 08:43:41.861,0.71156,0.71185,1.00,2.00
2016.02.17 08:43:42.472,0.71155,0.71184,1.00,1.00
2016.02.17 08:43:44.226,0.7116,0.71184,1.00,1.00
2016.02.17 08:43:44.379,0.71157,0.71185,1.00,1.00
2016.02.17 08:43:44.479,0.71158,0.71187,1.00,1.00
2016.02.17 08:43:44.580,0.7116,0.71185,1.00,1.00
2016.02.17 08:43:44.892,0.71156,0.71185,1.00,2.00
2016.02.17 08:43:45.764,0.71156,0.71181,1.00,1.00
2016.02.17 08:43:46.643,0.71156,0.7118,1.00,1.00
2016.02.17 08:43:47.149,0.71155,0.7118,1.00,1.00
2016.02.17 08:43:48.477,0.71151,0.7118,1.00,2.00
2016.02.17 08:43:49.064,0.7115,0.71175,1.00,1.00
2016.02.17 08:43:49.174,0.71149,0.71178,1.00,1.00
2016.02.17 08:43:52.727,0.7115,0.71179,1.00,1.00
2016.02.17 08:43:52.777,0.71152,0.71181,1.00,2.00
2016.02.17 08:43:53.085,0.71155,0.71184,1.00,1.00
2016.02.17 08:43:53.404,0.71161,0.7119,1.00,2.00
2016.02.17 08:43:53.792,0.71161,0.71185,1.00,1.00
2016.02.17 08:43:54.673,0.71161,0.7119,1.00,2.00
2016.02.17 08:43:55.553,0.71161,0.71185,1.00,1.00
2016.02.17 08:43:56.104,0.7116,0.71185,1.00,1.00
2016.02.17 08:43:56.850,0.71159,0.71185,1.00,1.00
2016.02.17 08:43:57.531,0.71159,0.71186,1.00,1.00
2016.02.17 08:43:57.975,0.71159,0.7119,1.00,2.00
2016.02.17 08:43:58.412,0.71159,0.71185,1.00,1.00
2016.02.17 08:43:59.402,0.71159,0.7119,1.00,2.00
2016.02.17 08:43:59.452,0.71161,0.7119,1.00,2.00
2016.02.17 08:43:59.784,0.7116,0.71185,1.00,1.00
2016.02.17 08:44:00.615,0.71159,0.71186,1.00,1.00
2016.02.17 08:44:01.164,0.71158,0.71185,1.00,1.00
2016.02.17 08:44:01.276,0.71158,0.71187,1.00,1.00
2016.02.17 08:44:02.041,0.71158,0.71185,1.00,1.00
2016.02.17 08:44:02.264,0.71158,0.71187,1.00,1.00
2016.02.17 08:44:03.471,0.71158,0.71185,1.00,1.00
2016.02.17 08:44:03.594,0.71156,0.71185,1.00,2.00
2016.02.17 08:44:05.091,0.71157,0.71185,1.00,1.00
2016.02.17 08:44:06.727,0.71157,0.71186,1.00,2.00
2016.02.17 08:44:06.777,0.71155,0.7118,1.00,1.00
2016.02.17 08:44:07.099,0.71152,0.7118,1.00,1.00
2016.02.17 08:44:07.626,0.71153,0.71181,1.00,1.00
2016.02.17 08:44:08.452,0.71152,0.7118,1.00,1.00
2016.02.17 08:44:08.983,0.71152,0.71181,1.00,2.00
2016.02.17 08:44:09.793,0.71152,0.7118,1.00,1.00
2016.02.17 08:44:10.521,0.71152,0.71181,1.00,2.00
2016.02.17 08:44:10.852,0.71152,0.71175,1.00,1.00
2016.02.17 08:44:10.903,0.7115,0.71175,1.00,1.00
2016.02.17 08:44:11.156,0.71146,0.71175,1.00,2.00
2016.02.17 08:44:11.800,0.71147,0.71175,1.00,1.00
2016.02.17 08:44:12.313,0.71147,0.71176,1.00,1.00
2016.02.17 08:44:12.465,0.7115,0.71179,1.00,1.00
2016.02.17 08:44:13.038,0.71149,0.71178,1.00,1.00
2016.02.17 08:44:15.274,0.71149,0.71175,1.00,1.00
2016.02.17 08:44:15.439,0.71147,0.71175,1.00,1.00
2016.02.17 08:44:17.058,0.71149,0.71175,1.00,1.00
2016.02.17 08:44:17.451,0.71149,0.71178,1.00,1.00
2016.02.17 08:44:17.658,0.71151,0.7118,1.00,2.00
2016.02.17 08:44:18.188,0.71153,0.71182,1.00,1.00
2016.02.17 08:44:18.499,0.71155,0.71184,1.00,1.00
2016.02.17 08:44:20.752,0.71153,0.71184,1.00,1.00
2016.02.17 08:44:21.632,0.71155,0.71184,1.00,1.00
2016.02.17 08:44:25.423,0.71154,0.71183,1.00,1.00
2016.02.17 08:44:25.931,0.71155,0.71183,1.00,1.00
2016.02.17 08:44:26.582,0.71154,0.71183,1.00,1.00
2016.02.17 08:44:29.438,0.71155,0.71185,1.00,1.00
2016.02.17 08:44:29.638,0.71158,0.71187,1.00,1.00
2016.02.17 08:44:30.184,0.71159,0.71188,1.00,1.00
2016.02.17 08:44:30.800,0.7116,0.71189,1.00,1.00
2016.02.17 08:44:31.583,0.71159,0.71188,1.00,1.00
2016.02.17 08:44:32.128,0.71158,0.71185,1.00,1.00
2016.02.17 08:44:32.638,0.71158,0.71186,1.00,1.00
2016.02.17 08:44:33.551,0.71158,0.71185,1.00,1.00
2016.02.17 08:44:34.081,0.71159,0.71185,1.00,1.00
2016.02.17 08:44:34.718,0.71158,0.71185,1.00,1.00
2016.02.17 08:44:34.968,0.71155,0.71186,1.00,2.00
2016.02.17 08:44:35.324,0.71153,0.71182,1.00,1.00
2016.02.17 08:44:35.440,0.71149,0.7118,1.00,2.00
2016.02.17 08:44:35.559,0.71148,0.71177,1.00,1.00
2016.02.17 08:44:36.063,0.71148,0.71176,1.00,1.00
2016.02.17 08:44:36.202,0.71149,0.71178,1.00,1.00
2016.02.17 08:44:37.178,0.71149,0.7118,1.00,2.00
2016.02.17 08:44:38.318,0.71151,0.7118,1.00,1.00
2016.02.17 08:44:38.694,0.71154,0.71183,1.00,1.00
2016.02.17 08:44:40.794,0.71155,0.71184,1.00,1.00
2016.02.17 08:44:40.996,0.71158,0.71189,1.00,1.00
2016.02.17 08:44:41.047,0.7116,0.7119,1.00,1.00
2016.02.17 08:44:41.432,0.71161,0.71192,1.00,1.00
2016.02.17 08:44:41.586,0.71161,0.7119,1.00,1.00
2016.02.17 08:44:42.338,0.7116,0.71189,1.00,1.00
2016.02.17 08:44:43.598,0.71162,0.71191,1.00,1.00
2016.02.17 08:44:43.958,0.71164,0.71193,1.00,1.00
2016.02.17 08:44:45.831,0.71164,0.7119,1.00,1.00
2016.02.17 08:44:46.019,0.71161,0.7119,1.00,2.00
2016.02.17 08:44:47.078,0.71162,0.71191,1.00,1.00
2016.02.17 08:44:47.610,0.71162,0.7119,1.00,1.00
2016.02.17 08:44:49.489,0.7116,0.71189,1.00,1.00
2016.02.17 08:44:50.141,0.71161,0.7119,1.00,1.00
2016.02.17 08:44:51.272,0.71162,0.7119,1.00,1.00
2016.02.17 08:44:51.881,0.71162,0.71191,1.00,1.00
2016.02.17 08:44:52.447,0.7116,0.71189,1.00,1.00
2016.02.17 08:44:53.140,0.7116,0.7119,1.00,1.00
2016.02.17 08:44:53.532,0.71163,0.71192,1.00,1.00
2016.02.17 08:44:54.679,0.71162,0.71191,1.00,1.00
2016.02.17 08:44:55.929,0.71159,0.71188,1.00,1.00
2016.02.17 08:44:56.502,0.7116,0.71189,1.00,1.00
2016.02.17 08:45:00.240,0.7116,0.71185,1.00,1.00
2016.02.17 08:45:00.940,0.71159,0.71185,1.00,1.00
2016.02.17 08:45:01.173,0.71157,0.71185,1.00,1.00
2016.02.17 08:45:01.675,0.71156,0.71185,1.00,1.00
2016.02.17 08:45:01.749,0.71154,0.71183,1.00,1.00
2016.02.17 08:45:02.590,0.71155,0.71184,1.00,1.00
2016.02.17 08:45:03.103,0.71154,0.71183,1.00,1.00
2016.02.17 08:45:03.782,0.71153,0.71184,1.00,1.00
2016.02.17 08:45:04.112,0.71152,0.7118,1.00,1.00
2016.02.17 08:45:04.737,0.71151,0.7118,1.00,2.00
2016.02.17 08:45:05.412,0.7115,0.71179,1.00,1.00
2016.02.17 08:45:05.769,0.71147,0.71175,1.00,1.00
2016.02.17 08:45:06.591,0.71146,0.71175,1.00,1.00
2016.02.17 08:45:08.233,0.71147,0.71175,1.00,1.00
2016.02.17 08:45:08.334,0.7115,0.71179,1.00,1.00
2016.02.17 08:45:08.434,0.71152,0.7118,1.00,1.00
2016.02.17 08:45:09.264,0.71152,0.71181,1.00,2.00
2016.02.17 08:45:09.770,0.71152,0.7118,1.00,1.00
2016.02.17 08:45:10.583,0.71152,0.71181,1.00,2.00
2016.02.17 08:45:12.322,0.71152,0.7118,1.00,1.00
2016.02.17 08:45:12.849,0.71151,0.7118,1.00,1.00
2016.02.17 08:45:13.753,0.71154,0.7118,1.00,1.00
2016.02.17 08:45:14.140,0.71154,0.71175,1.00,1.00
2016.02.17 08:45:14.545,0.71154,0.7118,1.00,1.00
2016.02.17 08:45:15.973,0.71154,0.71181,1.00,1.00
2016.02.17 08:45:16.595,0.71154,0.7118,1.00,1.00
2016.02.17 08:45:16.925,0.71151,0.71181,1.00,1.00
2016.02.17 08:45:17.516,0.71151,0.71175,1.00,1.00
2016.02.17 08:45:17.735,0.71151,0.7118,1.00,2.00
2016.02.17 08:45:17.852,0.71151,0.71175,1.00,1.00
2016.02.17 08:45:18.394,0.7115,0.71176,1.00,1.00
2016.02.17 08:45:19.163,0.71149,0.71175,1.00,1.00
2016.02.17 08:45:19.826,0.7115,0.71175,1.00,1.00
2016.02.17 08:45:19.877,0.71152,0.7118,1.00,1.00
2016.02.17 08:45:20.469,0.7115,0.7118,1.00,1.00
2016.02.17 08:45:20.656,0.71152,0.7118,1.00,1.00
2016.02.17 08:45:21.923,0.71152,0.71181,1.00,2.00
2016.02.17 08:45:22.303,0.71155,0.7118,1.00,1.00
2016.02.17 08:45:22.961,0.71156,0.7118,1.00,1.00
2016.02.17 08:45:23.357,0.71156,0.71186,1.00,1.00
2016.02.17 08:45:23.585,0.71157,0.71188,1.00,1.00
2016.02.17 08:45:23.635,0.71161,0.7119,1.00,1.00
2016.02.17 08:45:23.964,0.71157,0.71185,1.00,1.00
2016.02.17 08:45:24.439,0.7116,0.71185,1.00,1.00
2016.02.17 08:45:24.490,0.7116,0.71189,1.00,1.00
2016.02.17 08:45:25.111,0.71159,0.71188,1.00,1.00
2016.02.17 08:45:25.773,0.71159,0.71185,1.00,1.00
2016.02.17 08:45:26.220,0.71159,0.71188,1.00,1.00
2016.02.17 08:45:26.383,0.71161,0.7119,1.00,2.00
2016.02.17 08:45:26.873,0.71161,0.71185,1.00,1.00
2016.02.17 08:45:27.423,0.7116,0.71185,1.00,1.00
2016.02.17 08:45:27.974,0.71161,0.7119,1.00,2.00
2016.02.17 08:45:30.783,0.71162,0.7119,1.00,1.00
2016.02.17 08:45:31.053,0.7116,0.71189,1.00,1.00
2016.02.17 08:45:31.104,0.71162,0.7119,1.00,1.00
2016.02.17 08:45:31.744,0.71161,0.7119,1.00,2.00
2016.02.17 08:45:32.751,0.71162,0.7119,1.00,1.00
2016.02.17 08:45:33.299,0.71163,0.7119,1.00,1.00
2016.02.17 08:45:33.643,0.71165,0.7119,1.00,1.00
2016.02.17 08:45:34.302,0.71164,0.7119,1.00,1.00
2016.02.17 08:45:34.925,0.71164,0.71191,1.00,1.00
2016.02.17 08:45:35.513,0.71164,0.7119,1.00,1.00
2016.02.17 08:45:35.782,0.71164,0.71195,2.00,1.00
2016.02.17 08:45:35.882,0.71165,0.7119,1.00,1.00
2016.02.17 08:45:36.012,0.71164,0.71193,1.00,1.00
2016.02.17 08:45:36.066,0.71164,0.7119,1.00,1.00
2016.02.17 08:45:36.608,0.71163,0.7119,1.00,1.00
2016.02.17 08:45:37.211,0.71163,0.71191,1.00,1.00
2016.02.17 08:45:38.063,0.71163,0.7119,1.00,1.00
2016.02.17 08:45:38.592,0.71163,0.71191,1.00,1.00
2016.02.17 08:45:39.144,0.71163,0.7119,1.00,1.00
2016.02.17 08:45:41.892,0.71163,0.71191,1.00,1.00
2016.02.17 08:45:42.553,0.71163,0.7119,1.00,1.00
2016.02.17 08:45:43.152,0.71162,0.7119,1.00,1.00
2016.02.17 08:45:43.202,0.7116,0.7119,1.00,1.00
2016.02.17 08:45:43.253,0.7116,0.71185,1.00,1.00
2016.02.17 08:45:43.404,0.71158,0.71185,1.00,1.00
2016.02.17 08:45:43.982,0.71157,0.71185,1.00,1.00
2016.02.17 08:45:46.259,0.71156,0.71185,1.00,2.00
2016.02.17 08:45:46.781,0.71155,0.71184,1.00,1.00
2016.02.17 08:45:47.758,0.71157,0.71185,1.00,1.00
2016.02.17 08:45:48.933,0.71157,0.71186,1.00,2.00
2016.02.17 08:45:49.472,0.7116,0.71189,1.00,1.00
2016.02.17 08:45:50.099,0.71161,0.7119,1.00,1.00
2016.02.17 08:45:51.419,0.71162,0.71193,1.00,1.00
2016.02.17 08:45:52.062,0.71165,0.71194,1.00,1.00
2016.02.17 08:45:52.173,0.71166,0.71197,1.00,1.00
2016.02.17 08:45:52.223,0.71168,0.71197,1.00,1.00
2016.02.17 08:45:52.564,0.71168,0.71195,1.00,1.00
2016.02.17 08:45:52.905,0.71168,0.71197,1.00,1.00
2016.02.17 08:45:53.271,0.71168,0.71195,1.00,1.00
2016.02.17 08:45:53.380,0.71168,0.71197,1.00,1.00
2016.02.17 08:45:54.373,0.7117,0.71199,1.00,1.00
2016.02.17 08:45:54.955,0.7117,0.71196,1.00,1.00
2016.02.17 08:45:55.314,0.7117,0.71199,1.00,1.00
2016.02.17 08:45:55.423,0.7117,0.71196,1.00,1.00
2016.02.17 08:45:55.533,0.7117,0.71199,1.00,1.00
2016.02.17 08:45:55.973,0.7117,0.71195,1.00,1.00
2016.02.17 08:45:56.108,0.7117,0.71199,1.00,1.00
2016.02.17 08:45:56.523,0.7117,0.71195,1.00,1.00
2016.02.17 08:45:56.938,0.71168,0.71195,1.00,1.00
2016.02.17 08:45:57.191,0.71166,0.71195,1.00,2.00
2016.02.17 08:45:57.293,0.71168,0.71195,1.00,1.00
2016.02.17 08:45:57.843,0.71167,0.71195,1.00,1.00
2016.02.17 08:45:58.560,0.71168,0.71195,1.00,1.00
2016.02.17 08:45:59.212,0.71168,0.71196,1.00,1.00
2016.02.17 08:45:59.604,0.71168,0.71199,1.00,1.00
2016.02.17 08:46:00.379,0.71167,0.71198,1.00,1.00
2016.02.17 08:46:01.002,0.71167,0.71195,1.00,1.00
2016.02.17 08:46:02.311,0.71169,0.71195,1.00,1.00
2016.02.17 08:46:02.787,0.71167,0.71196,1.00,2.00
2016.02.17 08:46:03.423,0.71167,0.71195,1.00,1.00
2016.02.17 08:46:03.978,0.71166,0.71195,1.00,2.00
2016.02.17 08:46:10.258,0.71167,0.71195,1.00,1.00
2016.02.17 08:46:10.982,0.71168,0.71195,1.00,1.00
2016.02.17 08:46:12.884,0.71168,0.71197,1.00,1.00
2016.02.17 08:46:13.189,0.71168,0.71195,1.00,1.00
2016.02.17 08:46:13.712,0.71168,0.71196,1.00,1.00
2016.02.17 08:46:13.859,0.71166,0.71195,1.00,1.00
2016.02.17 08:46:14.473,0.71165,0.71194,1.00,1.00
2016.02.17 08:46:14.759,0.71167,0.71196,1.00,2.00
2016.02.17 08:46:15.023,0.71165,0.71195,1.00,1.00
2016.02.17 08:46:16.079,0.71164,0.71195,1.00,2.00
2016.02.17 08:46:16.992,0.71164,0.7119,1.00,1.00
2016.02.17 08:46:17.687,0.71163,0.7119,1.00,1.00
2016.02.17 08:46:17.743,0.71163,0.71192,1.00,1.00
2016.02.17 08:46:18.045,0.71166,0.71195,1.00,1.00
2016.02.17 08:46:18.908,0.71165,0.71194,1.00,1.00
2016.02.17 08:46:19.735,0.71164,0.71193,1.00,1.00
2016.02.17 08:46:20.170,0.71166,0.71195,1.00,2.00
2016.02.17 08:46:23.180,0.71163,0.71194,1.00,1.00
2016.02.17 08:46:23.663,0.71163,0.71192,1.00,1.00
2016.02.17 08:46:24.122,0.71163,0.7119,1.00,1.00
2016.02.17 08:46:24.232,0.71163,0.71192,1.00,1.00
2016.02.17 08:46:24.452,0.71163,0.7119,1.00,1.00
2016.02.17 08:46:24.588,0.71163,0.71192,1.00,1.00
2016.02.17 08:46:25.162,0.71165,0.71194,1.00,1.00
2016.02.17 08:46:25.781,0.71165,0.71195,2.00,1.00
2016.02.17 08:46:26.170,0.71165,0.7119,1.00,1.00
2016.02.17 08:46:26.322,0.71165,0.71195,1.00,1.00
2016.02.17 08:46:27.644,0.71165,0.71196,1.00,2.00
2016.02.17 08:46:29.412,0.71165,0.7119,1.00,1.00
2016.02.17 08:46:29.951,0.71164,0.7119,1.00,1.00
2016.02.17 08:46:31.028,0.71165,0.7119,1.00,1.00
2016.02.17 08:46:31.448,0.71162,0.7119,1.00,1.00
2016.02.17 08:46:32.050,0.71161,0.7119,1.00,2.00
2016.02.17 08:46:34.766,0.71162,0.7119,1.00,1.00
2016.02.17 08:46:35.118,0.71165,0.71191,1.00,1.00
2016.02.17 08:46:35.169,0.71165,0.71194,1.00,1.00
2016.02.17 08:46:36.001,0.71164,0.71193,1.00,1.00
2016.02.17 08:46:36.258,0.71165,0.71195,1.00,1.00
2016.02.17 08:46:37.110,0.71165,0.71196,1.00,2.00
2016.02.17 08:46:37.650,0.71165,0.71195,1.00,1.00
2016.02.17 08:46:38.210,0.71165,0.71196,1.00,2.00
2016.02.17 08:46:38.718,0.71165,0.71194,1.00,1.00
2016.02.17 08:46:39.918,0.71166,0.71195,1.00,1.00
2016.02.17 08:46:40.781,0.71169,0.71195,1.00,1.00
2016.02.17 08:46:40.938,0.71166,0.71195,1.00,1.00
2016.02.17 08:46:43.614,0.71168,0.71195,1.00,1.00
2016.02.17 08:46:45.132,0.71168,0.71196,1.00,1.00
2016.02.17 08:46:45.507,0.7117,0.71199,1.00,1.00
2016.02.17 08:46:46.079,0.71172,0.71201,1.00,2.00
2016.02.17 08:46:46.594,0.71172,0.712,1.00,1.00
2016.02.17 08:46:47.038,0.7117,0.712,1.00,1.00
2016.02.17 08:46:47.159,0.71175,0.712,1.00,1.00
2016.02.17 08:46:47.209,0.71175,0.71204,1.00,1.00
2016.02.17 08:46:47.321,0.71177,0.712,1.00,1.00
2016.02.17 08:46:47.739,0.71175,0.712,1.00,1.00
2016.02.17 08:46:47.952,0.71176,0.71205,1.00,2.00
2016.02.17 08:46:48.534,0.71177,0.71206,1.00,1.00
2016.02.17 08:46:48.941,0.71178,0.71209,1.00,1.00
2016.02.17 08:46:49.046,0.71181,0.7121,1.00,2.00
2016.02.17 08:46:49.318,0.71179,0.7121,1.00,2.00
2016.02.17 08:46:49.519,0.71179,0.71205,1.00,1.00
2016.02.17 08:46:50.151,0.71179,0.71206,1.00,1.00
2016.02.17 08:46:50.664,0.71176,0.71205,1.00,1.00
2016.02.17 08:46:50.839,0.71176,0.712,1.00,1.00
2016.02.17 08:46:54.112,0.71176,0.71205,1.00,1.00
2016.02.17 08:46:54.658,0.71179,0.71205,1.00,1.00
2016.02.17 08:46:56.861,0.71179,0.71206,1.00,1.00
2016.02.17 08:46:57.598,0.71178,0.71205,1.00,1.00
2016.02.17 08:46:58.677,0.71177,0.71205,1.00,1.00
2016.02.17 08:47:00.821,0.71177,0.71206,1.00,2.00
2016.02.17 08:47:01.156,0.71177,0.712,1.00,1.00
2016.02.17 08:47:01.678,0.71173,0.712,1.00,1.00
2016.02.17 08:47:02.102,0.71171,0.712,1.00,2.00
2016.02.17 08:47:02.880,0.71172,0.712,1.00,1.00
2016.02.17 08:47:03.511,0.71172,0.71201,1.00,2.00
2016.02.17 08:47:04.233,0.71173,0.71201,1.00,1.00
2016.02.17 08:47:04.783,0.71173,0.712,1.00,1.00
2016.02.17 08:47:05.869,0.71172,0.712,1.00,1.00
2016.02.17 08:47:06.460,0.71171,0.712,1.00,2.00
2016.02.17 08:47:06.981,0.7117,0.71199,1.00,1.00
2016.02.17 08:47:16.759,0.71169,0.71198,1.00,1.00
2016.02.17 08:47:16.977,0.71166,0.71195,1.00,1.00
2016.02.17 08:47:17.562,0.71167,0.71195,1.00,1.00
2016.02.17 08:47:18.063,0.71168,0.71195,1.00,1.00
2016.02.17 08:47:18.488,0.71165,0.71195,1.00,1.00
2016.02.17 08:47:19.327,0.71166,0.71195,1.00,1.00
2016.02.17 08:47:19.970,0.71166,0.71197,1.00,1.00
2016.02.17 08:47:20.436,0.71166,0.71195,1.00,1.00
2016.02.17 08:47:21.428,0.71165,0.71195,1.00,1.00
2016.02.17 08:47:21.979,0.71167,0.71195,1.00,1.00
2016.02.17 08:47:23.778,0.71166,0.71195,1.00,2.00
2016.02.17 08:47:24.731,0.71166,0.7119,1.00,1.00
2016.02.17 08:47:24.917,0.71164,0.7119,1.00,1.00
2016.02.17 08:47:25.217,0.71162,0.7119,1.00,1.00
2016.02.17 08:47:25.385,0.71166,0.7119,1.00,1.00
2016.02.17 08:47:25.507,0.71166,0.71195,1.00,1.00
2016.02.17 08:47:25.558,0.71172,0.712,1.00,1.00
2016.02.17 08:47:26.068,0.71173,0.712,1.00,1.00
2016.02.17 08:47:26.706,0.71172,0.712,1.00,1.00
2016.02.17 08:47:27.557,0.71169,0.71198,1.00,1.00
2016.02.17 08:47:28.139,0.71168,0.71195,1.00,1.00
2016.02.17 08:47:28.411,0.71166,0.71195,1.00,2.00
2016.02.17 08:47:28.647,0.71169,0.712,1.00,2.00
2016.02.17 08:47:28.698,0.71172,0.712,1.00,1.00
2016.02.17 08:47:29.212,0.71175,0.71204,1.00,1.00
2016.02.17 08:47:29.262,0.71177,0.71205,1.00,1.00
2016.02.17 08:47:29.900,0.71178,0.71205,1.00,1.00
2016.02.17 08:47:30.452,0.71179,0.71205,1.00,1.00
2016.02.17 08:47:31.877,0.7118,0.71205,1.00,1.00
2016.02.17 08:47:31.927,0.7118,0.71209,1.00,1.00
2016.02.17 08:47:31.997,0.71182,0.7121,1.00,1.00
2016.02.17 08:47:32.655,0.71181,0.71205,1.00,1.00
2016.02.17 08:47:33.201,0.7118,0.71205,1.00,1.00
2016.02.17 08:47:33.558,0.71177,0.71205,1.00,1.00
2016.02.17 08:47:35.180,0.71177,0.71206,1.00,1.00
2016.02.17 08:47:35.729,0.71177,0.71205,1.00,1.00
2016.02.17 08:47:35.780,0.71177,0.71201,1.00,1.00
2016.02.17 08:47:36.281,0.71178,0.71201,1.00,1.00
2016.02.17 08:47:36.389,0.71178,0.71205,1.00,1.00
2016.02.17 08:47:37.743,0.71176,0.71205,1.00,1.00
2016.02.17 08:47:38.040,0.71176,0.712,1.00,1.00
2016.02.17 08:47:38.541,0.71173,0.712,1.00,1.00
2016.02.17 08:47:39.078,0.71175,0.712,1.00,1.00
2016.02.17 08:47:39.288,0.71179,0.71205,1.00,1.00
2016.02.17 08:47:39.859,0.71181,0.71205,1.00,1.00
2016.02.17 08:47:40.610,0.7118,0.71205,1.00,1.00
2016.02.17 08:47:40.951,0.71178,0.71205,1.00,1.00
2016.02.17 08:47:41.254,0.71177,0.712,1.00,1.00
2016.02.17 08:47:41.500,0.71174,0.71201,1.00,1.00
2016.02.17 08:47:41.898,0.7117,0.71199,1.00,1.00
2016.02.17 08:47:41.948,0.7117,0.71195,1.00,1.00
2016.02.17 08:47:41.999,0.71167,0.71195,1.00,1.00
2016.02.17 08:47:42.149,0.71165,0.71194,1.00,1.00
2016.02.17 08:47:42.681,0.71164,0.71193,1.00,1.00
2016.02.17 08:47:42.991,0.71166,0.71195,1.00,2.00
2016.02.17 08:47:44.098,0.71165,0.71194,1.00,1.00
2016.02.17 08:47:44.661,0.71164,0.7119,1.00,1.00
2016.02.17 08:47:44.781,0.71162,0.71191,1.00,1.00
2016.02.17 08:47:44.839,0.71164,0.71193,1.00,1.00
2016.02.17 08:47:45.263,0.71163,0.7119,1.00,1.00
2016.02.17 08:47:45.651,0.71163,0.71192,1.00,1.00
2016.02.17 08:47:47.267,0.71164,0.71193,1.00,1.00
2016.02.17 08:47:49.187,0.71165,0.71195,1.00,1.00
2016.02.17 08:47:50.050,0.71165,0.71196,1.00,2.00
2016.02.17 08:47:50.209,0.71168,0.71195,1.00,1.00
2016.02.17 08:47:50.550,0.71173,0.712,1.00,1.00
2016.02.17 08:47:50.600,0.71175,0.71204,1.00,1.00
2016.02.17 08:47:51.121,0.71176,0.71205,1.00,2.00
2016.02.17 08:47:57.229,0.71178,0.71206,1.00,1.00
2016.02.17 08:47:57.590,0.71183,0.71205,1.00,1.00
2016.02.17 08:47:58.821,0.71183,0.71211,1.00,1.00
2016.02.17 08:47:59.536,0.71184,0.71211,1.00,1.00
2016.02.17 08:48:00.049,0.71184,0.7121,1.00,1.00
2016.02.17 08:48:00.635,0.71183,0.7121,1.00,1.00
2016.02.17 08:48:00.866,0.71185,0.7121,1.00,1.00
2016.02.17 08:48:01.240,0.71185,0.71214,1.00,1.00
2016.02.17 08:48:01.740,0.71182,0.71211,1.00,1.00
2016.02.17 08:48:02.140,0.7118,0.71209,1.00,1.00
2016.02.17 08:48:02.694,0.71179,0.71208,1.00,1.00
2016.02.17 08:48:03.330,0.7118,0.71209,1.00,1.00
2016.02.17 08:48:05.398,0.71183,0.7121,1.00,1.00
2016.02.17 08:48:06.049,0.71184,0.7121,1.00,1.00
2016.02.17 08:48:06.418,0.71187,0.71215,1.00,1.00
2016.02.17 08:48:06.553,0.71187,0.7121,1.00,1.00
2016.02.17 08:48:07.009,0.71185,0.7121,1.00,1.00
2016.02.17 08:48:07.268,0.71183,0.7121,1.00,1.00
2016.02.17 08:48:08.060,0.71184,0.7121,1.00,1.00
2016.02.17 08:48:11.311,0.71181,0.7121,1.00,1.00
2016.02.17 08:48:11.363,0.71181,0.71205,1.00,1.00
2016.02.17 08:48:11.850,0.71179,0.71205,1.00,1.00
2016.02.17 08:48:12.418,0.7118,0.71206,1.00,1.00
2016.02.17 08:48:13.120,0.7118,0.71205,1.00,1.00
2016.02.17 08:48:13.669,0.71179,0.71205,1.00,1.00
2016.02.17 08:48:14.551,0.71179,0.71206,1.00,1.00
2016.02.17 08:48:15.762,0.71179,0.71205,1.00,1.00
2016.02.17 08:48:16.388,0.7118,0.71206,1.00,1.00
2016.02.17 08:48:16.749,0.7118,0.71209,1.00,1.00
2016.02.17 08:48:17.338,0.71181,0.7121,1.00,2.00
2016.02.17 08:48:17.408,0.71181,0.71205,1.00,1.00
2016.02.17 08:48:18.108,0.71184,0.7121,1.00,1.00
2016.02.17 08:48:18.740,0.71185,0.7121,1.00,1.00
2016.02.17 08:48:19.279,0.71185,0.71211,1.00,1.00
2016.02.17 08:48:19.939,0.71185,0.7121,1.00,1.00
2016.02.17 08:48:20.337,0.71181,0.7121,1.00,2.00
2016.02.17 08:48:20.922,0.71181,0.71205,1.00,1.00
2016.02.17 08:48:21.722,0.71181,0.71206,1.00,1.00
2016.02.17 08:48:22.491,0.71181,0.71205,1.00,1.00
2016.02.17 08:48:22.692,0.71178,0.71205,1.00,1.00
2016.02.17 08:48:23.531,0.71179,0.71205,1.00,1.00
2016.02.17 08:48:24.047,0.71179,0.71208,1.00,1.00
2016.02.17 08:48:24.105,0.71179,0.7121,1.00,1.00
2016.02.17 08:48:24.360,0.71179,0.71205,1.00,1.00
2016.02.17 08:48:24.892,0.71181,0.71205,1.00,1.00
2016.02.17 08:48:25.459,0.71181,0.71206,1.00,1.00
2016.02.17 08:48:26.231,0.71181,0.71205,1.00,1.00
2016.02.17 08:48:26.571,0.71181,0.7121,1.00,2.00
2016.02.17 08:48:26.790,0.71181,0.71205,1.00,1.00
2016.02.17 08:48:27.378,0.71181,0.71206,1.00,1.00
2016.02.17 08:48:27.999,0.71181,0.71205,1.00,1.00
2016.02.17 08:48:30.199,0.71181,0.7121,1.00,2.00
2016.02.17 08:48:30.807,0.71181,0.71205,1.00,1.00
2016.02.17 08:48:31.914,0.71181,0.7121,1.00,2.00
2016.02.17 08:48:32.070,0.71181,0.71205,1.00,1.00
2016.02.17 08:48:32.678,0.7118,0.71206,1.00,1.00
2016.02.17 08:48:33.388,0.7118,0.71205,1.00,1.00
2016.02.17 08:48:35.078,0.7118,0.71206,1.00,1.00
2016.02.17 08:48:36.909,0.7118,0.71205,2.00,1.00
2016.02.17 08:48:38.621,0.71182,0.71205,1.00,1.00
2016.02.17 08:48:38.673,0.71182,0.7121,1.00,1.00
2016.02.17 08:48:39.041,0.71185,0.71214,1.00,1.00
2016.02.17 08:48:39.441,0.71186,0.7121,1.00,1.00
2016.02.17 08:48:39.969,0.71185,0.7121,1.00,1.00
2016.02.17 08:48:40.370,0.71187,0.71211,1.00,1.00
2016.02.17 08:48:41.108,0.71184,0.71205,1.00,1.00
2016.02.17 08:48:41.209,0.71181,0.71205,1.00,1.00
2016.02.17 08:48:41.798,0.71181,0.71206,1.00,1.00
2016.02.17 08:48:42.852,0.71181,0.71205,1.00,1.00
2016.02.17 08:48:43.167,0.71179,0.71205,1.00,1.00
2016.02.17 08:48:45.379,0.71179,0.7121,1.00,1.00
2016.02.17 08:48:46.260,0.71179,0.71205,1.00,1.00
2016.02.17 08:48:48.022,0.71179,0.71206,1.00,1.00
2016.02.17 08:48:48.571,0.71179,0.71205,1.00,1.00
2016.02.17 08:48:49.176,0.71181,0.71205,1.00,1.00
2016.02.17 08:48:51.320,0.71181,0.71206,1.00,1.00
2016.02.17 08:48:51.979,0.71181,0.71205,1.00,1.00
2016.02.17 08:48:53.628,0.71181,0.71206,1.00,1.00
2016.02.17 08:48:54.474,0.71181,0.71205,1.00,1.00
2016.02.17 08:48:54.986,0.71181,0.7121,1.00,2.00
2016.02.17 08:48:55.897,0.71183,0.71211,1.00,1.00
2016.02.17 08:48:56.418,0.71187,0.71215,1.00,1.00
2016.02.17 08:48:56.929,0.71188,0.71215,1.00,1.00
2016.02.17 08:48:57.448,0.71186,0.71215,1.00,2.00
2016.02.17 08:48:58.426,0.71184,0.71213,1.00,1.00
2016.02.17 08:48:58.649,0.71179,0.7121,1.00,2.00
2016.02.17 08:48:58.911,0.71179,0.71205,1.00,1.00
2016.02.17 08:48:59.102,0.71177,0.71205,1.00,1.00
2016.02.17 08:49:00.406,0.71179,0.71205,1.00,1.00
2016.02.17 08:49:01.219,0.71179,0.71206,1.00,1.00
2016.02.17 08:49:01.768,0.71179,0.71205,1.00,1.00
2016.02.17 08:49:02.488,0.71181,0.71205,1.00,1.00
2016.02.17 08:49:02.541,0.71181,0.7121,1.00,1.00
2016.02.17 08:49:02.626,0.71183,0.7121,1.00,1.00
2016.02.17 08:49:03.198,0.71184,0.71211,1.00,1.00
2016.02.17 08:49:03.749,0.71183,0.7121,1.00,1.00
2016.02.17 08:49:04.467,0.71184,0.71211,1.00,1.00
2016.02.17 08:49:05.834,0.71183,0.71211,1.00,1.00
2016.02.17 08:49:06.488,0.71184,0.7121,1.00,1.00
2016.02.17 08:49:08.266,0.71183,0.7121,1.00,1.00
2016.02.17 08:49:09.106,0.71181,0.7121,1.00,2.00
2016.02.17 08:49:09.609,0.71183,0.7121,1.00,1.00
2016.02.17 08:49:09.799,0.71184,0.71213,1.00,1.00
2016.02.17 08:49:10.058,0.71184,0.7121,1.00,1.00
2016.02.17 08:49:10.131,0.71184,0.71213,1.00,1.00
2016.02.17 08:49:10.275,0.71184,0.7121,1.00,1.00
2016.02.17 08:49:10.388,0.71184,0.71213,1.00,1.00
2016.02.17 08:49:10.968,0.71186,0.71215,1.00,2.00
2016.02.17 08:49:11.483,0.71188,0.71216,1.00,1.00
2016.02.17 08:49:11.929,0.71186,0.71215,1.00,1.00
2016.02.17 08:49:12.327,0.71186,0.7121,1.00,1.00
2016.02.17 08:49:13.802,0.71186,0.71211,1.00,1.00
2016.02.17 08:49:13.980,0.71186,0.71215,1.00,2.00
2016.02.17 08:49:14.128,0.71187,0.7121,1.00,1.00
2016.02.17 08:49:14.197,0.71187,0.71215,1.00,1.00
2016.02.17 08:49:14.418,0.71187,0.71211,1.00,1.00
2016.02.17 08:49:14.528,0.71187,0.71216,1.00,2.00
2016.02.17 08:49:14.788,0.71187,0.7121,1.00,1.00
2016.02.17 08:49:14.838,0.71185,0.7121,1.00,1.00
2016.02.17 08:49:16.557,0.71186,0.71215,1.00,2.00
2016.02.17 08:49:17.059,0.71187,0.71215,1.00,1.00
2016.02.17 08:49:17.656,0.71187,0.7121,1.00,1.00
2016.02.17 08:49:17.770,0.71185,0.7121,1.00,1.00
2016.02.17 08:49:18.270,0.71184,0.71213,1.00,1.00
2016.02.17 08:49:19.546,0.71185,0.71214,1.00,1.00
2016.02.17 08:49:20.327,0.71186,0.71215,1.00,2.00
2016.02.17 08:49:21.610,0.71186,0.7121,1.00,1.00
2016.02.17 08:49:21.944,0.71186,0.71215,1.00,2.00
2016.02.17 08:49:22.431,0.71188,0.71215,1.00,1.00
2016.02.17 08:49:22.601,0.71188,0.71217,1.00,1.00
2016.02.17 08:49:22.667,0.7119,0.71219,1.00,1.00
2016.02.17 08:49:23.149,0.71193,0.71221,1.00,1.00
2016.02.17 08:49:23.668,0.71193,0.7122,1.00,1.00
2016.02.17 08:49:23.723,0.71195,0.71224,1.00,1.00
2016.02.17 08:49:23.919,0.71195,0.7122,1.00,1.00
2016.02.17 08:49:24.469,0.71195,0.71224,1.00,1.00
2016.02.17 08:49:24.690,0.71195,0.7122,1.00,1.00
2016.02.17 08:49:24.937,0.71198,0.71225,1.00,1.00
2016.02.17 08:49:25.426,0.712,0.71225,1.00,1.00
2016.02.17 08:49:26.446,0.71203,0.71225,1.00,1.00
2016.02.17 08:49:26.497,0.71203,0.7123,1.00,1.00
2016.02.17 08:49:26.647,0.71208,0.7123,1.00,1.00
2016.02.17 08:49:26.801,0.71214,0.7124,1.00,1.00
2016.02.17 08:49:26.904,0.71218,0.71245,1.00,1.00
2016.02.17 08:49:26.955,0.71216,0.71245,1.00,2.00
2016.02.17 08:49:27.055,0.71221,0.71245,1.00,1.00
2016.02.17 08:49:27.564,0.71222,0.71245,1.00,1.00
2016.02.17 08:49:27.826,0.7122,0.71246,1.00,1.00
2016.02.17 08:49:28.369,0.71217,0.71245,1.00,1.00
2016.02.17 08:49:29.816,0.71218,0.71245,1.00,1.00
2016.02.17 08:49:30.627,0.71218,0.71246,1.00,1.00
2016.02.17 08:49:31.297,0.71219,0.71246,1.00,1.00
2016.02.17 08:49:31.839,0.71219,0.71245,1.00,1.00
2016.02.17 08:49:32.827,0.71219,0.71246,1.00,1.00
2016.02.17 08:49:33.821,0.71219,0.71245,1.00,1.00
2016.02.17 08:49:34.697,0.71218,0.71245,1.00,1.00
2016.02.17 08:49:35.947,0.71218,0.71246,1.00,1.00
2016.02.17 08:49:36.353,0.71214,0.7124,1.00,1.00
2016.02.17 08:49:37.228,0.71213,0.7124,1.00,1.00
2016.02.17 08:49:37.997,0.71213,0.71241,1.00,1.00
2016.02.17 08:49:38.547,0.71214,0.7124,1.00,1.00
2016.02.17 08:49:38.867,0.71209,0.71235,1.00,1.00
2016.02.17 08:49:39.405,0.71206,0.71235,1.00,2.00
2016.02.17 08:49:39.455,0.71205,0.71231,1.00,1.00
2016.02.17 08:49:40.109,0.71205,0.7123,1.00,1.00
2016.02.17 08:49:40.910,0.71203,0.7123,1.00,1.00
2016.02.17 08:49:40.966,0.71201,0.7123,1.00,1.00
2016.02.17 08:49:41.746,0.71203,0.7123,1.00,1.00
2016.02.17 08:49:41.850,0.71203,0.71232,1.00,1.00
2016.02.17 08:49:42.700,0.71202,0.71231,1.00,1.00
2016.02.17 08:49:43.387,0.71202,0.7123,1.00,1.00
2016.02.17 08:49:45.812,0.71202,0.71225,1.00,1.00
2016.02.17 08:49:46.484,0.71201,0.71225,1.00,1.00
2016.02.17 08:49:46.685,0.71199,0.71225,1.00,1.00
2016.02.17 08:49:47.187,0.71199,0.71226,1.00,1.00
2016.02.17 08:49:47.489,0.71195,0.71224,1.00,1.00
2016.02.17 08:49:47.540,0.71195,0.7122,1.00,1.00
2016.02.17 08:49:47.788,0.71195,0.71224,1.00,1.00
2016.02.17 08:49:48.343,0.71194,0.71225,1.00,2.00
2016.02.17 08:49:48.393,0.71196,0.71225,1.00,2.00
2016.02.17 08:49:48.745,0.71198,0.71225,1.00,1.00
2016.02.17 08:49:49.185,0.712,0.71225,1.00,1.00
2016.02.17 08:49:50.017,0.712,0.71226,1.00,1.00
2016.02.17 08:49:50.567,0.712,0.71225,1.00,1.00
2016.02.17 08:49:50.945,0.71195,0.71221,1.00,1.00
2016.02.17 08:49:51.474,0.71194,0.71221,1.00,1.00
2016.02.17 08:49:52.248,0.71194,0.7122,1.00,1.00
2016.02.17 08:49:52.549,0.71194,0.71225,1.00,2.00
2016.02.17 08:49:52.726,0.71196,0.71225,1.00,1.00
2016.02.17 08:49:54.638,0.71196,0.71221,1.00,1.00
2016.02.17 08:49:54.689,0.71194,0.71221,1.00,1.00
2016.02.17 08:49:54.789,0.71192,0.7122,1.00,1.00
2016.02.17 08:49:55.298,0.71192,0.71221,1.00,1.00
2016.02.17 08:49:56.021,0.71193,0.7122,1.00,1.00
2016.02.17 08:49:59.917,0.71193,0.71221,1.00,1.00
2016.02.17 08:50:00.578,0.71193,0.7122,1.00,1.00
2016.02.17 08:50:00.628,0.71195,0.7122,1.00,1.00
2016.02.17 08:50:01.426,0.71192,0.7122,1.00,1.00
2016.02.17 08:50:01.617,0.7119,0.71219,2.00,1.00
2016.02.17 08:50:01.668,0.7119,0.71217,1.00,1.00
2016.02.17 08:50:01.847,0.71185,0.71215,1.00,1.00
2016.02.17 08:50:02.061,0.71184,0.71213,1.00,1.00
2016.02.17 08:50:03.866,0.71187,0.71215,1.00,1.00
2016.02.17 08:50:03.917,0.71185,0.71216,1.00,2.00
2016.02.17 08:50:04.066,0.71187,0.71216,1.00,2.00
2016.02.17 08:50:04.657,0.71188,0.71215,1.00,1.00
2016.02.17 08:50:05.857,0.71188,0.71216,1.00,1.00
2016.02.17 08:50:06.182,0.71192,0.71221,1.00,2.00
2016.02.17 08:50:06.376,0.71194,0.7122,1.00,1.00
2016.02.17 08:50:06.681,0.71191,0.7122,1.00,2.00
2016.02.17 08:50:06.789,0.71191,0.71215,1.00,1.00
2016.02.17 08:50:07.068,0.71191,0.7122,1.00,2.00
2016.02.17 08:50:07.619,0.71192,0.71221,1.00,2.00
2016.02.17 08:50:07.669,0.71194,0.71221,1.00,1.00
2016.02.17 08:50:08.304,0.71196,0.71221,1.00,1.00
2016.02.17 08:50:08.847,0.71196,0.7122,1.00,1.00
2016.02.17 08:50:10.697,0.71196,0.71225,1.00,2.00
2016.02.17 08:50:10.904,0.71199,0.71225,1.00,1.00
2016.02.17 08:50:11.470,0.71199,0.71228,1.00,1.00
2016.02.17 08:50:11.717,0.71199,0.7123,1.00,2.00
2016.02.17 08:50:11.776,0.71201,0.7123,1.00,2.00
2016.02.17 08:50:12.806,0.712,0.7123,1.00,1.00
2016.02.17 08:50:13.719,0.712,0.71231,1.00,2.00
2016.02.17 08:50:14.247,0.71203,0.7123,1.00,1.00
2016.02.17 08:50:15.206,0.71204,0.7123,1.00,1.00
2016.02.17 08:50:15.606,0.71202,0.7123,1.00,1.00
2016.02.17 08:50:16.417,0.71202,0.71231,1.00,1.00
2016.02.17 08:50:16.777,0.712,0.71226,1.00,1.00
2016.02.17 08:50:17.189,0.71199,0.71228,1.00,1.00
2016.02.17 08:50:17.289,0.71203,0.71232,1.00,1.00
2016.02.17 08:50:17.669,0.71204,0.7123,1.00,1.00
2016.02.17 08:50:17.769,0.71205,0.71234,1.00,1.00
2016.02.17 08:50:17.898,0.71207,0.71235,1.00,1.00
2016.02.17 08:50:18.443,0.71208,0.71235,1.00,1.00
2016.02.17 08:50:18.838,0.71208,0.7123,1.00,1.00
2016.02.17 08:50:19.006,0.71206,0.7123,1.00,1.00
2016.02.17 08:50:20.487,0.71206,0.71231,1.00,1.00
2016.02.17 08:50:21.148,0.71206,0.7123,1.00,1.00
2016.02.17 08:50:21.698,0.71206,0.71231,1.00,1.00
2016.02.17 08:50:21.788,0.71204,0.71231,1.00,1.00
2016.02.17 08:50:22.030,0.71204,0.71225,1.00,1.00
2016.02.17 08:50:22.609,0.71204,0.71226,1.00,1.00
2016.02.17 08:50:23.129,0.71204,0.71225,1.00,1.00
2016.02.17 08:50:23.179,0.71201,0.71225,1.00,1.00
2016.02.17 08:50:23.765,0.71202,0.71225,1.00,1.00
2016.02.17 08:50:24.228,0.71202,0.7123,1.00,1.00
2016.02.17 08:50:24.450,0.71202,0.71225,1.00,1.00
2016.02.17 08:50:25.107,0.71202,0.7123,1.00,1.00
2016.02.17 08:50:25.216,0.71202,0.71225,1.00,1.00
2016.02.17 08:50:25.471,0.71202,0.7123,1.00,1.00
2016.02.17 08:50:25.766,0.71202,0.71225,1.00,1.00
2016.02.17 08:50:25.878,0.71202,0.7123,1.00,1.00
2016.02.17 08:50:26.429,0.71202,0.71225,1.00,1.00
2016.02.17 08:50:26.777,0.712,0.71226,1.00,1.00
2016.02.17 08:50:26.928,0.71196,0.71225,1.00,1.00
2016.02.17 08:50:27.451,0.71197,0.71225,1.00,1.00
2016.02.17 08:50:28.191,0.71197,0.7122,1.00,1.00
2016.02.17 08:50:28.739,0.71196,0.71225,1.00,1.00
2016.02.17 08:50:29.828,0.71197,0.71225,1.00,1.00
2016.02.17 08:50:30.907,0.71199,0.71225,1.00,1.00
2016.02.17 08:50:31.357,0.71202,0.71225,1.00,1.00
2016.02.17 08:50:32.086,0.71201,0.71225,1.00,1.00
2016.02.17 08:50:32.830,0.71201,0.71226,1.00,1.00
2016.02.17 08:50:33.579,0.71201,0.71225,1.00,1.00
2016.02.17 08:50:34.327,0.71203,0.71225,1.00,1.00
2016.02.17 08:50:35.136,0.71203,0.7123,1.00,1.00
2016.02.17 08:50:35.469,0.71203,0.71226,1.00,1.00
2016.02.17 08:50:35.689,0.71203,0.7123,1.00,1.00
2016.02.17 08:50:35.785,0.71205,0.7123,1.00,1.00
2016.02.17 08:50:36.896,0.71205,0.71231,1.00,1.00
2016.02.17 08:50:37.557,0.71205,0.7123,1.00,1.00
2016.02.17 08:50:42.751,0.71205,0.71231,1.00,1.00
2016.02.17 08:50:43.278,0.71205,0.7123,1.00,1.00
2016.02.17 08:50:44.927,0.71205,0.71234,2.00,1.00
2016.02.17 08:50:45.587,0.71205,0.7123,2.00,1.00
2016.02.17 08:50:46.551,0.71203,0.7123,1.00,1.00
2016.02.17 08:50:46.936,0.71204,0.71235,1.00,2.00
2016.02.17 08:50:46.986,0.71206,0.71235,1.00,1.00
2016.02.17 08:50:47.566,0.71209,0.71235,1.00,1.00
2016.02.17 08:50:47.796,0.7121,0.71239,1.00,1.00
2016.02.17 08:50:47.916,0.71211,0.71235,1.00,1.00
2016.02.17 08:50:48.168,0.71208,0.71235,1.00,1.00
2016.02.17 08:50:48.227,0.71205,0.71235,1.00,2.00
2016.02.17 08:50:48.571,0.71204,0.71233,1.00,1.00
2016.02.17 08:50:48.622,0.71204,0.71235,1.00,2.00
2016.02.17 08:50:48.722,0.71207,0.71235,1.00,1.00
2016.02.17 08:50:49.577,0.71208,0.71235,1.00,1.00
2016.02.17 08:50:50.086,0.71209,0.71235,1.00,1.00
2016.02.17 08:50:52.077,0.71209,0.71238,1.00,1.00
2016.02.17 08:50:52.297,0.71209,0.71235,1.00,1.00
2016.02.17 08:50:53.226,0.71211,0.71235,1.00,1.00
2016.02.17 08:50:53.286,0.71211,0.7124,1.00,1.00
2016.02.17 08:50:53.806,0.71213,0.71241,1.00,1.00
2016.02.17 08:50:55.267,0.71213,0.7124,1.00,1.00
2016.02.17 08:50:56.082,0.71214,0.7124,1.00,1.00
2016.02.17 08:50:56.546,0.71217,0.7124,1.00,1.00
2016.02.17 08:50:56.596,0.71217,0.71245,1.00,1.00
2016.02.17 08:50:56.811,0.71214,0.71245,1.00,2.00
2016.02.17 08:50:57.376,0.71213,0.71244,1.00,1.00
2016.02.17 08:50:57.477,0.71214,0.7124,1.00,1.00
2016.02.17 08:50:58.506,0.71216,0.71245,1.00,2.00
2016.02.17 08:50:59.036,0.71217,0.71245,1.00,1.00
2016.02.17 08:50:59.086,0.71219,0.71245,1.00,1.00
2016.02.17 08:50:59.137,0.71219,0.71248,1.00,1.00
2016.02.17 08:50:59.227,0.71219,0.71245,1.00,1.00
2016.02.17 08:51:00.505,0.71215,0.71244,1.00,1.00
2016.02.17 08:51:05.377,0.71213,0.71242,1.00,1.00
2016.02.17 08:51:05.733,0.71207,0.71236,1.00,1.00
2016.02.17 08:51:06.166,0.71205,0.71234,1.00,1.00
2016.02.17 08:51:06.726,0.71204,0.71233,1.00,1.00
2016.02.17 08:51:07.267,0.71205,0.71233,1.00,1.00
2016.02.17 08:51:07.895,0.71205,0.71234,1.00,1.00
2016.02.17 08:51:09.196,0.71204,0.71233,1.00,1.00
2016.02.17 08:51:09.626,0.71202,0.71233,1.00,1.00
2016.02.17 08:51:10.097,0.71199,0.7123,2.00,1.00
2016.02.17 08:51:10.506,0.71201,0.71232,1.00,1.00
2016.02.17 08:51:11.125,0.71203,0.71232,1.00,1.00
2016.02.17 08:51:12.077,0.71201,0.7123,1.00,1.00
2016.02.17 08:51:13.755,0.712,0.71229,1.00,1.00
2016.02.17 08:51:14.528,0.71201,0.7123,1.00,1.00
2016.02.17 08:51:15.015,0.71205,0.71234,1.00,1.00
2016.02.17 08:51:15.897,0.71206,0.71235,1.00,2.00
2016.02.17 08:51:18.015,0.71205,0.71234,1.00,1.00
2016.02.17 08:51:18.378,0.71203,0.71232,1.00,1.00
2016.02.17 08:51:19.150,0.71203,0.7123,1.00,1.00
2016.02.17 08:51:19.478,0.71203,0.71232,1.00,1.00
2016.02.17 08:51:20.136,0.71203,0.7123,1.00,1.00
2016.02.17 08:51:20.686,0.71203,0.71231,1.00,1.00
2016.02.17 08:51:21.326,0.71203,0.7123,1.00,1.00
2016.02.17 08:51:22.665,0.71203,0.71231,1.00,1.00
2016.02.17 08:51:23.682,0.71203,0.7123,1.00,1.00
2016.02.17 08:51:24.626,0.71204,0.7123,1.00,1.00
2016.02.17 08:51:25.415,0.71204,0.71231,1.00,1.00
2016.02.17 08:51:26.697,0.71204,0.7123,1.00,1.00
2016.02.17 08:51:27.226,0.71201,0.7123,1.00,2.00
2016.02.17 08:51:27.535,0.71201,0.71225,1.00,1.00
2016.02.17 08:51:27.619,0.71201,0.7123,1.00,2.00
2016.02.17 08:51:28.165,0.712,0.7123,1.00,1.00
2016.02.17 08:51:28.547,0.712,0.71225,1.00,1.00
2016.02.17 08:51:30.685,0.71201,0.71225,1.00,1.00
2016.02.17 08:51:31.026,0.71201,0.7123,1.00,2.00
2016.02.17 08:51:31.249,0.71201,0.71225,1.00,1.00
2016.02.17 08:51:31.469,0.71189,0.71215,1.00,1.00
2016.02.17 08:51:31.825,0.71189,0.7121,1.00,1.00
2016.02.17 08:51:31.926,0.71189,0.71215,1.00,1.00
2016.02.17 08:51:32.507,0.71191,0.71215,1.00,1.00
2016.02.17 08:51:34.327,0.71191,0.71216,1.00,1.00
2016.02.17 08:51:34.987,0.71191,0.71215,1.00,1.00
2016.02.17 08:51:36.305,0.71191,0.71216,1.00,1.00
2016.02.17 08:51:36.912,0.71191,0.71215,1.00,1.00
2016.02.17 08:51:41.966,0.71193,0.71215,1.00,1.00
2016.02.17 08:51:42.176,0.71191,0.71216,1.00,1.00
2016.02.17 08:51:43.725,0.71191,0.71215,1.00,1.00
2016.02.17 08:51:44.286,0.71193,0.71216,1.00,1.00
2016.02.17 08:51:44.415,0.71193,0.71221,1.00,1.00
2016.02.17 08:51:44.935,0.71193,0.7122,1.00,1.00
2016.02.17 08:51:46.668,0.71196,0.7122,1.00,1.00
2016.02.17 08:51:46.920,0.71196,0.71225,1.00,1.00
2016.02.17 08:51:47.145,0.71198,0.71225,1.00,1.00
2016.02.17 08:51:48.127,0.71198,0.71226,1.00,1.00
2016.02.17 08:51:49.165,0.71199,0.71226,1.00,1.00
2016.02.17 08:51:49.958,0.71199,0.71225,1.00,1.00
2016.02.17 08:51:50.487,0.712,0.71226,1.00,1.00
2016.02.17 08:51:50.885,0.71198,0.71225,1.00,1.00
2016.02.17 08:51:51.805,0.712,0.71225,1.00,1.00
2016.02.17 08:51:52.415,0.71201,0.71226,1.00,1.00
2016.02.17 08:51:52.760,0.71201,0.7123,1.00,2.00
2016.02.17 08:51:53.635,0.71202,0.71231,1.00,2.00
2016.02.17 08:51:54.845,0.71202,0.7123,1.00,1.00
2016.02.17 08:51:55.386,0.71202,0.71231,1.00,2.00
2016.02.17 08:51:55.715,0.712,0.71229,1.00,1.00
2016.02.17 08:51:56.056,0.71202,0.7123,1.00,1.00
2016.02.17 08:51:56.815,0.71202,0.71231,1.00,2.00
2016.02.17 08:51:57.710,0.71202,0.7123,1.00,1.00
2016.02.17 08:51:58.144,0.71204,0.7123,1.00,1.00
2016.02.17 08:52:00.224,0.71204,0.71233,1.00,1.00
2016.02.17 08:52:00.275,0.71206,0.71235,1.00,2.00
2016.02.17 08:52:00.897,0.71206,0.7123,1.00,1.00
2016.02.17 08:52:00.995,0.71204,0.7123,1.00,1.00
2016.02.17 08:52:01.265,0.71201,0.7123,1.00,2.00
2016.02.17 08:52:02.698,0.71203,0.7123,1.00,1.00
2016.02.17 08:52:03.035,0.71205,0.7123,1.00,1.00
2016.02.17 08:52:03.966,0.71205,0.71235,1.00,1.00
2016.02.17 08:52:06.174,0.71205,0.71234,1.00,1.00
2016.02.17 08:52:10.461,0.71205,0.71231,1.00,1.00
2016.02.17 08:52:11.228,0.71205,0.7123,1.00,1.00
2016.02.17 08:52:12.267,0.71202,0.7123,1.00,1.00
2016.02.17 08:52:12.986,0.71201,0.7123,1.00,2.00
2016.02.17 08:52:13.155,0.71203,0.7123,1.00,1.00
2016.02.17 08:52:15.235,0.71202,0.7123,1.00,1.00
2016.02.17 08:52:15.571,0.712,0.71225,1.00,1.00
2016.02.17 08:52:15.622,0.71198,0.71225,1.00,1.00
2016.02.17 08:52:16.115,0.712,0.71226,1.00,1.00
2016.02.17 08:52:16.286,0.71201,0.7123,1.00,2.00
2016.02.17 08:52:18.275,0.71203,0.7123,1.00,1.00
2016.02.17 08:52:18.584,0.71205,0.7123,1.00,1.00
2016.02.17 08:52:19.435,0.71206,0.7123,1.00,1.00
2016.02.17 08:52:19.588,0.71207,0.71235,1.00,1.00
2016.02.17 08:52:20.163,0.71209,0.71236,1.00,1.00
2016.02.17 08:52:20.796,0.71208,0.71231,1.00,1.00
2016.02.17 08:52:20.906,0.71208,0.71235,1.00,1.00
2016.02.17 08:52:21.125,0.71209,0.71231,1.00,1.00
2016.02.17 08:52:21.435,0.71207,0.71231,1.00,1.00
2016.02.17 08:52:21.965,0.71207,0.7123,1.00,1.00
2016.02.17 08:52:22.085,0.71207,0.71236,1.00,1.00
2016.02.17 08:52:22.712,0.71207,0.71235,1.00,1.00
2016.02.17 08:52:22.856,0.71207,0.7123,1.00,1.00
2016.02.17 08:52:23.780,0.71206,0.7123,1.00,1.00
2016.02.17 08:52:25.056,0.71206,0.71231,1.00,1.00
2016.02.17 08:52:25.608,0.71206,0.7123,1.00,1.00
2016.02.17 08:52:26.488,0.71206,0.71231,1.00,1.00
2016.02.17 08:52:26.805,0.71208,0.7123,1.00,1.00
2016.02.17 08:52:26.928,0.71208,0.71235,1.00,1.00
2016.02.17 08:52:27.513,0.71207,0.71235,1.00,1.00
2016.02.17 08:52:28.234,0.71207,0.71236,1.00,2.00
2016.02.17 08:52:28.788,0.71207,0.71235,1.00,1.00
2016.02.17 08:52:31.364,0.71207,0.7123,1.00,1.00
2016.02.17 08:52:33.666,0.71207,0.71235,1.00,1.00
2016.02.17 08:52:34.154,0.71202,0.71231,1.00,1.00
2016.02.17 08:52:34.635,0.71202,0.71233,1.00,1.00
2016.02.17 08:52:34.685,0.71205,0.71233,1.00,1.00
2016.02.17 08:52:36.255,0.71205,0.71234,2.00,1.00
2016.02.17 08:52:36.671,0.7121,0.71235,1.00,1.00
2016.02.17 08:52:36.726,0.71205,0.71235,2.00,1.00
2016.02.17 08:52:37.825,0.71205,0.71236,1.00,2.00
2016.02.17 08:52:38.391,0.71205,0.71235,2.00,1.00
2016.02.17 08:52:38.924,0.71205,0.71234,2.00,1.00
2016.02.17 08:52:39.555,0.7121,0.71235,1.00,2.00
2016.02.17 08:52:39.856,0.7121,0.71237,1.00,1.00
2016.02.17 08:52:39.956,0.7121,0.71239,1.00,1.00
2016.02.17 08:52:40.466,0.7121,0.71238,1.00,1.00
2016.02.17 08:52:42.255,0.71209,0.71238,2.00,1.00
2016.02.17 08:52:43.105,0.7121,0.71238,1.00,1.00
2016.02.17 08:52:44.424,0.71209,0.71238,2.00,1.00
2016.02.17 08:52:45.195,0.71214,0.71238,1.00,1.00
2016.02.17 08:52:45.526,0.71215,0.7124,1.00,1.00
2016.02.17 08:52:45.577,0.71211,0.7124,1.00,1.00
2016.02.17 08:52:45.677,0.71214,0.71243,1.00,1.00
2016.02.17 08:52:46.446,0.71215,0.71244,2.00,1.00
2016.02.17 08:52:47.045,0.71214,0.71243,1.00,1.00
2016.02.17 08:52:48.576,0.71214,0.71245,2.00,1.00
2016.02.17 08:52:49.394,0.71215,0.71245,1.00,1.00
2016.02.17 08:52:50.256,0.71214,0.71245,1.00,2.00
2016.02.17 08:52:50.561,0.71211,0.7124,1.00,1.00
2016.02.17 08:52:50.871,0.71207,0.71236,1.00,1.00
2016.02.17 08:52:51.445,0.71206,0.71235,1.00,1.00
2016.02.17 08:52:51.846,0.71208,0.71237,1.00,1.00
2016.02.17 08:52:52.187,0.7121,0.71239,1.00,1.00
2016.02.17 08:52:52.728,0.71211,0.7124,1.00,1.00
2016.02.17 08:52:53.045,0.71207,0.71236,1.00,1.00
2016.02.17 08:52:53.196,0.71205,0.71236,1.00,2.00
2016.02.17 08:52:53.246,0.71204,0.71233,1.00,1.00
2016.02.17 08:52:53.753,0.71203,0.71232,1.00,1.00
2016.02.17 08:52:54.414,0.71204,0.71233,1.00,1.00
2016.02.17 08:52:55.395,0.71201,0.7123,1.00,1.00
2016.02.17 08:52:55.566,0.71199,0.7123,1.00,2.00
2016.02.17 08:52:55.616,0.71198,0.71227,1.00,1.00
2016.02.17 08:52:55.784,0.71196,0.71227,1.00,1.00
2016.02.17 08:52:56.884,0.71195,0.71226,1.00,1.00
2016.02.17 08:52:57.119,0.71195,0.71224,1.00,1.00
2016.02.17 08:52:57.655,0.71195,0.71226,1.00,1.00
2016.02.17 08:52:57.815,0.71198,0.71227,1.00,1.00
2016.02.17 08:52:58.994,0.71196,0.71227,1.00,1.00
2016.02.17 08:52:59.474,0.71195,0.71224,1.00,1.00
2016.02.17 08:52:59.964,0.71197,0.71226,1.00,1.00
2016.02.17 08:53:00.014,0.71195,0.71226,2.00,1.00
2016.02.17 08:53:00.425,0.71197,0.71226,1.00,1.00
2016.02.17 08:53:01.807,0.712,0.71226,1.00,1.00
2016.02.17 08:53:01.920,0.712,0.71228,1.00,1.00
2016.02.17 08:53:02.274,0.71201,0.71232,1.00,1.00
2016.02.17 08:53:03.315,0.71202,0.71231,1.00,1.00
2016.02.17 08:53:03.934,0.712,0.71229,2.00,1.00
2016.02.17 08:53:04.280,0.71198,0.71227,1.00,1.00
2016.02.17 08:53:06.635,0.71197,0.71226,1.00,1.00
2016.02.17 08:53:07.287,0.71196,0.71225,1.00,1.00
2016.02.17 08:53:08.017,0.71197,0.71226,1.00,1.00
2016.02.17 08:53:08.589,0.71198,0.71227,1.00,1.00
2016.02.17 08:53:09.016,0.71196,0.71225,1.00,1.00
2016.02.17 08:53:11.354,0.71198,0.71227,1.00,1.00
2016.02.17 08:53:11.674,0.712,0.71229,1.00,1.00
2016.02.17 08:53:12.224,0.71197,0.71228,1.00,1.00
2016.02.17 08:53:13.368,0.71198,0.71229,1.00,1.00
2016.02.17 08:53:13.493,0.712,0.71229,1.00,1.00
2016.02.17 08:53:14.014,0.71201,0.7123,1.00,1.00
2016.02.17 08:53:14.478,0.71199,0.71228,1.00,1.00
2016.02.17 08:53:14.953,0.71197,0.71226,1.00,1.00
2016.02.17 08:53:15.534,0.71198,0.71227,1.00,1.00
2016.02.17 08:53:16.244,0.71196,0.71227,1.00,1.00
2016.02.17 08:53:16.393,0.71198,0.71227,1.00,1.00
2016.02.17 08:53:17.234,0.71197,0.71226,1.00,1.00
2016.02.17 08:53:17.976,0.71199,0.71228,1.00,1.00
2016.02.17 08:53:18.589,0.712,0.71228,1.00,1.00
2016.02.17 08:53:19.154,0.712,0.71229,2.00,1.00
2016.02.17 08:53:20.833,0.712,0.71228,1.00,1.00
2016.02.17 08:53:21.363,0.712,0.71229,2.00,1.00
2016.02.17 08:53:22.844,0.71199,0.71228,1.00,1.00
2016.02.17 08:53:23.394,0.712,0.71229,1.00,1.00
2016.02.17 08:53:26.526,0.71202,0.7123,1.00,1.00
2016.02.17 08:53:26.576,0.71203,0.71232,1.00,1.00
2016.02.17 08:53:27.083,0.71204,0.71233,1.00,1.00
2016.02.17 08:53:28.914,0.71203,0.71232,1.00,1.00
2016.02.17 08:53:29.142,0.712,0.71229,2.00,1.00
2016.02.17 08:53:36.799,0.712,0.71231,2.00,1.00
2016.02.17 08:53:39.364,0.712,0.71229,2.00,1.00
2016.02.17 08:53:40.244,0.71198,0.71229,1.00,1.00
2016.02.17 08:53:40.419,0.71196,0.71227,1.00,1.00
2016.02.17 08:53:40.722,0.71196,0.71225,1.00,2.00
2016.02.17 08:53:41.053,0.71198,0.71227,1.00,1.00
2016.02.17 08:53:41.358,0.71201,0.7123,1.00,1.00
2016.02.17 08:53:43.545,0.71202,0.71231,1.00,1.00
2016.02.17 08:53:44.436,0.71203,0.71232,1.00,1.00
2016.02.17 08:53:45.037,0.71204,0.71233,1.00,1.00
2016.02.17 08:53:45.713,0.71205,0.71234,1.00,1.00
2016.02.17 08:53:46.356,0.71205,0.71233,1.00,1.00
2016.02.17 08:53:47.015,0.71205,0.71234,2.00,1.00
2016.02.17 08:53:47.734,0.71205,0.71233,1.00,1.00
2016.02.17 08:53:48.056,0.71203,0.71232,1.00,1.00
2016.02.17 08:53:48.562,0.71204,0.71233,1.00,1.00
2016.02.17 08:53:49.373,0.71202,0.71231,1.00,1.00
2016.02.17 08:53:52.372,0.71204,0.71233,1.00,1.00
2016.02.17 08:53:55.019,0.71205,0.71233,1.00,1.00
2016.02.17 08:53:55.593,0.71205,0.71234,2.00,1.00
2016.02.17 08:53:55.864,0.71205,0.71236,1.00,2.00
2016.02.17 08:53:56.584,0.71205,0.71235,2.00,1.00
2016.02.17 08:53:57.143,0.71205,0.71234,2.00,1.00
2016.02.17 08:54:01.425,0.71206,0.71235,1.00,2.00
2016.02.17 08:54:01.653,0.71208,0.71237,1.00,1.00
2016.02.17 08:54:03.153,0.71207,0.71236,1.00,1.00
2016.02.17 08:54:03.804,0.71208,0.71237,1.00,1.00
2016.02.17 08:54:04.576,0.71211,0.7124,1.00,2.00
2016.02.17 08:54:04.913,0.71208,0.71237,1.00,1.00
2016.02.17 08:54:05.431,0.71205,0.71233,1.00,1.00
2016.02.17 08:54:05.611,0.71202,0.71233,1.00,1.00
2016.02.17 08:54:06.173,0.71202,0.71231,1.00,1.00
2016.02.17 08:54:06.814,0.71204,0.71233,1.00,1.00
2016.02.17 08:54:08.198,0.71203,0.71232,1.00,1.00
2016.02.17 08:54:08.793,0.71204,0.71233,1.00,1.00
2016.02.17 08:54:09.675,0.71205,0.71233,1.00,1.00
2016.02.17 08:54:09.755,0.71206,0.71235,1.00,2.00
2016.02.17 08:54:09.855,0.71206,0.71237,1.00,1.00
2016.02.17 08:54:11.193,0.71206,0.71235,1.00,1.00
2016.02.17 08:54:13.054,0.71205,0.71233,1.00,1.00
2016.02.17 08:54:13.782,0.71205,0.71234,2.00,1.00
2016.02.17 08:54:14.194,0.71207,0.71236,1.00,1.00
2016.02.17 08:54:15.933,0.71208,0.71237,1.00,1.00
2016.02.17 08:54:16.761,0.71209,0.71238,1.00,1.00
2016.02.17 08:54:19.620,0.71208,0.71237,1.00,1.00
2016.02.17 08:54:20.132,0.71207,0.71236,1.00,1.00
2016.02.17 08:54:20.698,0.71206,0.71235,1.00,2.00
2016.02.17 08:54:21.220,0.71205,0.71235,2.00,1.00
2016.02.17 08:54:21.730,0.71205,0.71236,2.00,1.00
2016.02.17 08:54:22.546,0.71206,0.71237,1.00,1.00
2016.02.17 08:54:22.876,0.71205,0.71235,2.00,1.00
2016.02.17 08:54:23.180,0.71203,0.71234,1.00,1.00
2016.02.17 08:54:23.230,0.71205,0.7123,1.00,1.00
2016.02.17 08:54:23.889,0.712,0.71231,2.00,1.00
2016.02.17 08:54:23.973,0.71202,0.71231,1.00,1.00
2016.02.17 08:54:24.306,0.71205,0.71231,1.00,1.00
2016.02.17 08:54:24.539,0.71205,0.71234,2.00,1.00
2016.02.17 08:54:24.871,0.71209,0.71236,1.00,1.00
2016.02.17 08:54:25.194,0.7121,0.71234,1.00,1.00
2016.02.17 08:54:25.295,0.71205,0.71234,2.00,1.00
2016.02.17 08:54:25.593,0.71205,0.71231,1.00,1.00
2016.02.17 08:54:29.726,0.71204,0.71231,1.00,1.00
2016.02.17 08:54:30.633,0.71205,0.71234,1.00,1.00
2016.02.17 08:54:30.904,0.7121,0.71234,1.00,1.00
2016.02.17 08:54:30.955,0.7121,0.71236,1.00,1.00
2016.02.17 08:54:32.166,0.7121,0.71235,1.00,1.00
2016.02.17 08:54:32.447,0.71206,0.71235,1.00,1.00
2016.02.17 08:54:32.554,0.7121,0.71235,1.00,1.00
2016.02.17 08:54:32.775,0.71206,0.71235,1.00,1.00
2016.02.17 08:54:32.853,0.71204,0.71233,2.00,1.00
2016.02.17 08:54:33.231,0.712,0.71229,1.00,1.00
2016.02.17 08:54:34.086,0.71201,0.7123,1.00,1.00
2016.02.17 08:54:34.714,0.71202,0.71231,1.00,1.00
2016.02.17 08:54:35.062,0.71205,0.71231,1.00,1.00
2016.02.17 08:54:35.853,0.71205,0.71233,1.00,1.00
2016.02.17 08:54:36.933,0.71205,0.71235,1.00,1.00
2016.02.17 08:54:38.367,0.71204,0.71235,2.00,1.00
2016.02.17 08:54:38.560,0.71205,0.71232,1.00,1.00
2016.02.17 08:54:39.153,0.71205,0.71233,1.00,1.00
2016.02.17 08:54:40.423,0.71206,0.71235,1.00,1.00
2016.02.17 08:54:42.434,0.7121,0.71235,1.00,1.00
2016.02.17 08:54:44.072,0.7121,0.71234,1.00,1.00
2016.02.17 08:54:44.123,0.71205,0.71233,1.00,1.00
2016.02.17 08:54:44.633,0.71204,0.71233,2.00,1.00
2016.02.17 08:54:45.404,0.71205,0.71233,1.00,1.00
2016.02.17 08:54:46.284,0.71204,0.71233,2.00,1.00
2016.02.17 08:54:46.833,0.71205,0.71233,1.00,1.00
2016.02.17 08:54:47.643,0.71205,0.71235,1.00,1.00
2016.02.17 08:54:48.154,0.71204,0.71235,2.00,1.00
2016.02.17 08:54:48.509,0.71204,0.71233,2.00,1.00
2016.02.17 08:54:49.023,0.71204,0.71232,1.00,1.00
2016.02.17 08:54:49.691,0.71205,0.71232,1.00,1.00
2016.02.17 08:54:51.937,0.71202,0.71231,1.00,1.00
2016.02.17 08:54:52.275,0.712,0.71229,2.00,1.00
2016.02.17 08:54:53.513,0.71201,0.7123,1.00,1.00
2016.02.17 08:54:54.023,0.71205,0.71231,1.00,1.00
2016.02.17 08:54:54.094,0.71202,0.71231,1.00,1.00
2016.02.17 08:54:54.295,0.71212,0.7124,1.00,1.00
2016.02.17 08:54:54.782,0.71212,0.71235,1.00,1.00
2016.02.17 08:54:55.854,0.71212,0.7124,1.00,1.00
2016.02.17 08:54:56.183,0.71212,0.71236,1.00,1.00
2016.02.17 08:54:56.952,0.71212,0.7124,1.00,1.00
2016.02.17 08:54:58.332,0.71213,0.7124,1.00,1.00
2016.02.17 08:54:59.993,0.71214,0.7124,1.00,1.00
2016.02.17 08:55:00.694,0.71215,0.7124,1.00,1.00
2016.02.17 08:55:01.674,0.71214,0.7124,1.00,1.00
2016.02.17 08:55:02.214,0.71215,0.7124,1.00,1.00
2016.02.17 08:55:03.163,0.71213,0.7124,1.00,1.00
2016.02.17 08:55:03.263,0.71206,0.71237,1.00,1.00
2016.02.17 08:55:03.534,0.71206,0.71235,1.00,1.00
2016.02.17 08:55:04.504,0.71207,0.71236,1.00,2.00
2016.02.17 08:55:05.013,0.71207,0.71235,1.00,1.00
2016.02.17 08:55:05.134,0.71205,0.71234,2.00,1.00
2016.02.17 08:55:05.782,0.71205,0.71233,1.00,1.00
2016.02.17 08:55:08.733,0.71207,0.71235,1.00,1.00
2016.02.17 08:55:09.385,0.71207,0.71238,1.00,1.00
2016.02.17 08:55:10.593,0.71207,0.71236,1.00,1.00
2016.02.17 08:55:10.974,0.71207,0.71238,1.00,1.00
2016.02.17 08:55:13.507,0.71207,0.71235,1.00,1.00
2016.02.17 08:55:13.724,0.71207,0.71238,1.00,1.00
2016.02.17 08:55:13.874,0.71209,0.71238,1.00,1.00
2016.02.17 08:55:14.192,0.71214,0.71243,1.00,1.00
2016.02.17 08:55:14.622,0.71216,0.71245,1.00,2.00
2016.02.17 08:55:16.533,0.71218,0.71246,1.00,1.00
2016.02.17 08:55:17.030,0.71216,0.71245,1.00,2.00
2016.02.17 08:55:17.272,0.71215,0.7124,1.00,1.00
2016.02.17 08:55:17.383,0.71214,0.71243,1.00,1.00
2016.02.17 08:55:17.433,0.71216,0.71245,1.00,2.00
2016.02.17 08:55:17.793,0.71218,0.71245,1.00,1.00
2016.02.17 08:55:18.462,0.71217,0.71245,1.00,1.00
2016.02.17 08:55:18.693,0.71215,0.71244,1.00,1.00
2016.02.17 08:55:19.562,0.71216,0.71245,1.00,2.00
2016.02.17 08:55:19.912,0.71214,0.71235,1.00,1.00
2016.02.17 08:55:20.242,0.71212,0.71235,1.00,1.00
2016.02.17 08:55:21.700,0.71212,0.7124,1.00,1.00
2016.02.17 08:55:21.765,0.71212,0.71243,1.00,1.00
2016.02.17 08:55:21.873,0.71212,0.7124,1.00,1.00
2016.02.17 08:55:22.005,0.71212,0.71243,1.00,1.00
2016.02.17 08:55:22.294,0.71216,0.71245,1.00,2.00
2016.02.17 08:55:22.833,0.71215,0.71244,1.00,1.00
2016.02.17 08:55:23.428,0.71216,0.71245,1.00,2.00
2016.02.17 08:55:23.478,0.71214,0.71245,1.00,2.00
2016.02.17 08:55:23.648,0.71216,0.71245,1.00,2.00
2016.02.17 08:55:25.023,0.71217,0.71245,1.00,1.00
2016.02.17 08:55:25.197,0.71219,0.71248,1.00,1.00
2016.02.17 08:55:25.306,0.71219,0.71245,1.00,1.00
2016.02.17 08:55:25.524,0.71219,0.71248,1.00,1.00
2016.02.17 08:55:25.742,0.71219,0.71245,1.00,1.00
2016.02.17 08:55:27.503,0.71219,0.71246,1.00,1.00
2016.02.17 08:55:27.554,0.71217,0.71246,1.00,1.00
2016.02.17 08:55:28.253,0.71216,0.71246,1.00,1.00
2016.02.17 08:55:28.819,0.71216,0.71245,1.00,1.00
2016.02.17 08:55:29.178,0.71214,0.71245,1.00,1.00
2016.02.17 08:55:29.370,0.71214,0.7124,1.00,1.00
2016.02.17 08:55:29.703,0.71214,0.71245,1.00,2.00
2016.02.17 08:55:30.451,0.71215,0.71245,1.00,1.00
2016.02.17 08:55:30.605,0.71215,0.7124,1.00,1.00
2016.02.17 08:55:31.245,0.71215,0.71235,1.00,1.00
2016.02.17 08:55:31.464,0.71215,0.7124,1.00,1.00
2016.02.17 08:55:31.586,0.71215,0.71235,1.00,1.00
2016.02.17 08:55:32.043,0.71213,0.71235,1.00,1.00
2016.02.17 08:55:32.232,0.71213,0.71241,1.00,1.00
2016.02.17 08:55:32.784,0.71213,0.71235,1.00,1.00
2016.02.17 08:55:33.223,0.71213,0.7124,1.00,1.00
2016.02.17 08:55:33.553,0.71213,0.71236,1.00,1.00
2016.02.17 08:55:33.664,0.71215,0.7124,1.00,1.00
2016.02.17 08:55:33.781,0.71218,0.7124,1.00,1.00
2016.02.17 08:55:34.313,0.71217,0.7124,1.00,1.00
2016.02.17 08:55:35.094,0.71217,0.71241,1.00,1.00
2016.02.17 08:55:35.653,0.71216,0.7124,1.00,1.00
2016.02.17 08:55:37.072,0.71216,0.71235,1.00,1.00
2016.02.17 08:55:37.123,0.71214,0.71235,1.00,1.00
2016.02.17 08:55:38.065,0.71214,0.7124,1.00,1.00
2016.02.17 08:55:38.394,0.71214,0.71235,1.00,1.00
2016.02.17 08:55:39.077,0.71214,0.71241,1.00,1.00
2016.02.17 08:55:39.128,0.71216,0.71241,1.00,1.00
2016.02.17 08:55:39.702,0.71216,0.7124,1.00,1.00
2016.02.17 08:55:39.825,0.71216,0.71245,1.00,2.00
2016.02.17 08:55:40.431,0.71217,0.71245,1.00,1.00
2016.02.17 08:55:41.472,0.71216,0.71241,1.00,1.00
2016.02.17 08:55:41.697,0.71216,0.71245,1.00,2.00
2016.02.17 08:55:42.405,0.71217,0.71246,1.00,2.00
2016.02.17 08:55:42.683,0.71219,0.71245,1.00,1.00
2016.02.17 08:55:43.343,0.71218,0.71245,1.00,1.00
2016.02.17 08:55:44.444,0.71218,0.71246,1.00,1.00
2016.02.17 08:55:45.023,0.7122,0.71245,1.00,1.00
2016.02.17 08:55:46.582,0.7122,0.71246,1.00,1.00
2016.02.17 08:55:47.253,0.7122,0.71245,1.00,1.00
2016.02.17 08:55:51.660,0.71221,0.7125,1.00,2.00
2016.02.17 08:55:52.021,0.71215,0.71244,1.00,1.00
2016.02.17 08:55:53.798,0.71219,0.71248,1.00,1.00
2016.02.17 08:55:54.222,0.71221,0.7125,1.00,1.00
2016.02.17 08:55:54.787,0.7122,0.71249,1.00,1.00
2016.02.17 08:55:56.243,0.7122,0.71248,1.00,1.00
2016.02.17 08:55:56.748,0.71219,0.71248,2.00,1.00
2016.02.17 08:55:57.143,0.71219,0.7125,2.00,1.00
2016.02.17 08:55:57.728,0.7122,0.7125,1.00,1.00
2016.02.17 08:55:58.683,0.71219,0.7125,2.00,1.00
2016.02.17 08:55:58.777,0.71219,0.71248,2.00,1.00
2016.02.17 08:55:58.928,0.71216,0.71247,1.00,1.00
2016.02.17 08:56:01.104,0.7122,0.71247,1.00,1.00
2016.02.17 08:56:01.433,0.71216,0.71247,1.00,1.00
2016.02.17 08:56:01.871,0.7122,0.71247,1.00,1.00
2016.02.17 08:56:02.361,0.71216,0.71247,1.00,1.00
2016.02.17 08:56:03.517,0.7122,0.71247,1.00,1.00
2016.02.17 08:56:03.813,0.7122,0.71249,2.00,1.00
2016.02.17 08:56:04.016,0.71222,0.71251,1.00,1.00
2016.02.17 08:56:04.736,0.71223,0.71252,1.00,1.00
2016.02.17 08:56:05.904,0.71221,0.7125,1.00,1.00
2016.02.17 08:56:10.237,0.71222,0.71251,1.00,1.00
2016.02.17 08:56:16.273,0.71223,0.71252,1.00,1.00
2016.02.17 08:56:22.114,0.71225,0.71252,1.00,1.00
2016.02.17 08:56:22.731,0.71225,0.71253,1.00,1.00
2016.02.17 08:56:24.203,0.71224,0.71253,1.00,1.00
2016.02.17 08:56:24.444,0.71222,0.71253,1.00,1.00
2016.02.17 08:56:24.581,0.71225,0.71253,1.00,1.00
2016.02.17 08:56:24.692,0.71226,0.71255,1.00,1.00
2016.02.17 08:56:24.878,0.71229,0.71258,1.00,1.00
2016.02.17 08:56:24.929,0.71227,0.71258,1.00,1.00
2016.02.17 08:56:25.640,0.71228,0.71259,1.00,1.00
2016.02.17 08:56:25.942,0.71228,0.71257,1.00,1.00
2016.02.17 08:56:26.004,0.71226,0.71257,1.00,1.00
2016.02.17 08:56:26.123,0.71226,0.71255,1.00,1.00
2016.02.17 08:56:26.484,0.71225,0.71252,1.00,1.00
2016.02.17 08:56:26.534,0.71223,0.71252,1.00,1.00
2016.02.17 08:56:26.635,0.7122,0.71251,2.00,1.00
2016.02.17 08:56:26.914,0.7122,0.71249,2.00,1.00
2016.02.17 08:56:27.730,0.71221,0.7125,1.00,1.00
2016.02.17 08:56:28.491,0.7122,0.71251,2.00,1.00
2016.02.17 08:56:29.030,0.7122,0.7125,1.00,1.00
2016.02.17 08:56:30.106,0.7122,0.71251,2.00,1.00
2016.02.17 08:56:30.682,0.71221,0.71252,1.00,1.00
2016.02.17 08:56:32.002,0.71221,0.7125,1.00,1.00
2016.02.17 08:56:33.082,0.71221,0.71252,1.00,1.00
2016.02.17 08:56:33.229,0.71224,0.71253,1.00,1.00
2016.02.17 08:56:35.356,0.71225,0.71253,1.00,1.00
2016.02.17 08:56:35.810,0.71223,0.71252,1.00,1.00
2016.02.17 08:56:35.923,0.7122,0.71249,2.00,1.00
2016.02.17 08:56:38.243,0.7122,0.71248,1.00,1.00
2016.02.17 08:56:39.083,0.71221,0.7125,1.00,1.00
2016.02.17 08:56:40.172,0.71222,0.71251,1.00,1.00
2016.02.17 08:56:40.223,0.71225,0.71251,1.00,1.00
2016.02.17 08:56:40.293,0.71225,0.71253,1.00,1.00
2016.02.17 08:56:41.971,0.71224,0.71253,1.00,1.00
2016.02.17 08:56:42.522,0.71225,0.71254,2.00,1.00
2016.02.17 08:56:43.343,0.71225,0.71253,1.00,1.00
2016.02.17 08:56:43.888,0.71225,0.71252,1.00,1.00
2016.02.17 08:56:43.938,0.71225,0.7125,1.00,1.00
2016.02.17 08:56:43.989,0.71221,0.7125,1.00,1.00
2016.02.17 08:56:45.042,0.7122,0.71249,2.00,1.00
2016.02.17 08:56:45.462,0.7122,0.71247,1.00,1.00
2016.02.17 08:56:45.704,0.7122,0.71249,2.00,1.00
2016.02.17 08:56:46.811,0.7122,0.71247,1.00,1.00
2016.02.17 08:56:46.926,0.71216,0.71245,1.00,1.00
2016.02.17 08:56:48.042,0.71215,0.71244,2.00,1.00
2016.02.17 08:56:51.822,0.71216,0.71245,1.00,1.00
2016.02.17 08:56:52.411,0.71217,0.71246,1.00,1.00
2016.02.17 08:56:56.749,0.71215,0.71242,1.00,1.00
2016.02.17 08:56:57.420,0.71214,0.71242,1.00,1.00
2016.02.17 08:56:57.922,0.71215,0.71242,1.00,1.00
2016.02.17 08:56:58.473,0.71211,0.71242,1.00,1.00
2016.02.17 08:56:58.662,0.71213,0.71242,1.00,1.00
2016.02.17 08:56:58.782,0.71211,0.71242,1.00,1.00
2016.02.17 08:56:59.146,0.71214,0.71242,1.00,1.00
2016.02.17 08:56:59.922,0.71214,0.71241,1.00,1.00
2016.02.17 08:57:00.563,0.71215,0.7124,1.00,1.00
2016.02.17 08:57:00.942,0.71215,0.71238,1.00,1.00
2016.02.17 08:57:01.225,0.7121,0.71239,2.00,1.00
2016.02.17 08:57:01.773,0.71215,0.71239,1.00,1.00
2016.02.17 08:57:01.994,0.7121,0.71239,2.00,1.00
2016.02.17 08:57:02.322,0.71215,0.71239,1.00,1.00
2016.02.17 08:57:03.201,0.7121,0.71239,1.00,1.00
2016.02.17 08:57:04.742,0.71211,0.7124,1.00,1.00
2016.02.17 08:57:05.072,0.71211,0.71236,1.00,1.00
2016.02.17 08:57:05.182,0.71211,0.7124,1.00,2.00
2016.02.17 08:57:06.833,0.7121,0.71239,2.00,1.00
2016.02.17 08:57:07.440,0.7121,0.7124,1.00,1.00
2016.02.17 08:57:07.494,0.71215,0.7124,1.00,1.00
2016.02.17 08:57:07.545,0.71215,0.71244,1.00,1.00
2016.02.17 08:57:08.304,0.71216,0.71245,1.00,2.00
2016.02.17 08:57:08.812,0.71215,0.71244,1.00,1.00
2016.02.17 08:57:11.964,0.71217,0.71245,1.00,1.00
2016.02.17 08:57:13.762,0.71217,0.71246,1.00,2.00
2016.02.17 08:57:14.532,0.71217,0.71245,1.00,1.00
2016.02.17 08:57:15.082,0.71219,0.71245,1.00,1.00
2016.02.17 08:57:15.457,0.7122,0.71249,1.00,1.00
2016.02.17 08:57:15.572,0.71223,0.7125,1.00,1.00
2016.02.17 08:57:16.071,0.71223,0.71252,1.00,1.00
2016.02.17 08:57:16.693,0.71221,0.7125,1.00,1.00
2016.02.17 08:57:17.460,0.7122,0.71249,1.00,1.00
2016.02.17 08:57:19.185,0.71222,0.71251,1.00,1.00
2016.02.17 08:57:19.693,0.71221,0.7125,1.00,1.00
2016.02.17 08:57:20.173,0.71219,0.71248,1.00,1.00
2016.02.17 08:57:22.272,0.71221,0.7125,1.00,2.00
2016.02.17 08:57:22.602,0.71217,0.71246,1.00,1.00
2016.02.17 08:57:22.892,0.71215,0.71246,2.00,1.00
2016.02.17 08:57:23.551,0.71217,0.71246,1.00,1.00
2016.02.17 08:57:23.942,0.71215,0.71244,1.00,1.00
2016.02.17 08:57:24.320,0.71217,0.71246,1.00,1.00
2016.02.17 08:57:26.672,0.71215,0.71244,2.00,1.00
2016.02.17 08:57:28.722,0.71217,0.71246,1.00,1.00
2016.02.17 08:57:29.892,0.71216,0.71245,1.00,1.00
2016.02.17 08:57:30.408,0.71215,0.71244,1.00,1.00
2016.02.17 08:57:30.852,0.71213,0.71242,1.00,1.00
2016.02.17 08:57:33.113,0.71215,0.71242,1.00,1.00
2016.02.17 08:57:33.230,0.71215,0.71244,2.00,1.00
2016.02.17 08:57:34.572,0.71215,0.71243,1.00,1.00
2016.02.17 08:57:35.100,0.71214,0.71243,1.00,1.00
2016.02.17 08:57:35.150,0.71212,0.71241,1.00,1.00
2016.02.17 08:57:35.562,0.7121,0.71239,2.00,1.00
2016.02.17 08:57:36.585,0.71212,0.71241,1.00,1.00
2016.02.17 08:57:36.823,0.71212,0.71243,1.00,1.00
2016.02.17 08:57:36.971,0.71215,0.71243,1.00,1.00
2016.02.17 08:57:37.402,0.71212,0.71243,1.00,1.00
2016.02.17 08:57:37.666,0.71215,0.71243,1.00,1.00
2016.02.17 08:57:38.172,0.71214,0.71243,1.00,1.00
2016.02.17 08:57:38.762,0.71215,0.71244,2.00,1.00
2016.02.17 08:57:40.358,0.71215,0.71243,1.00,1.00
2016.02.17 08:57:41.030,0.71212,0.71243,1.00,1.00
2016.02.17 08:57:41.341,0.71214,0.71243,1.00,1.00
2016.02.17 08:57:42.020,0.71215,0.71243,1.00,1.00
2016.02.17 08:57:42.072,0.71215,0.71245,1.00,1.00
2016.02.17 08:57:42.732,0.71215,0.71242,1.00,1.00
2016.02.17 08:57:45.361,0.71214,0.71242,1.00,1.00
2016.02.17 08:57:46.877,0.71215,0.71242,1.00,1.00
2016.02.17 08:57:48.658,0.71214,0.71242,1.00,1.00
2016.02.17 08:57:49.611,0.71215,0.71243,1.00,1.00
2016.02.17 08:57:50.161,0.7122,0.71242,1.00,1.00
2016.02.17 08:57:50.211,0.7122,0.71244,1.00,1.00
2016.02.17 08:57:50.270,0.71215,0.71244,1.00,1.00
2016.02.17 08:57:50.490,0.7122,0.71244,1.00,1.00
2016.02.17 08:57:51.041,0.7122,0.71245,1.00,1.00
2016.02.17 08:57:51.319,0.71219,0.71249,1.00,1.00
2016.02.17 08:57:51.997,0.7122,0.71249,1.00,1.00
2016.02.17 08:57:52.373,0.71216,0.71245,1.00,1.00
2016.02.17 08:57:52.736,0.71214,0.71243,2.00,1.00
2016.02.17 08:57:53.239,0.71218,0.71247,1.00,1.00
2016.02.17 08:57:53.360,0.71215,0.71246,2.00,1.00
2016.02.17 08:57:53.592,0.71218,0.71247,1.00,1.00
2016.02.17 08:57:55.091,0.71218,0.71249,1.00,1.00
2016.02.17 08:57:56.053,0.71216,0.71247,1.00,1.00
2016.02.17 08:57:56.615,0.71215,0.71244,2.00,1.00
2016.02.17 08:57:57.582,0.71216,0.71245,1.00,1.00
2016.02.17 08:57:57.899,0.7122,0.71247,1.00,1.00
2016.02.17 08:57:58.986,0.71216,0.71247,1.00,1.00
2016.02.17 08:58:00.239,0.71216,0.71245,1.00,1.00
2016.02.17 08:58:00.679,0.71214,0.71243,2.00,1.00
2016.02.17 08:58:01.186,0.71213,0.71242,1.00,1.00
2016.02.17 08:58:01.492,0.71215,0.71242,1.00,1.00
2016.02.17 08:58:01.932,0.71212,0.71241,1.00,1.00
2016.02.17 08:58:02.042,0.71215,0.71241,1.00,1.00
2016.02.17 08:58:02.653,0.71215,0.71242,1.00,1.00
2016.02.17 08:58:02.754,0.71215,0.71244,2.00,1.00
2016.02.17 08:58:03.090,0.71215,0.71246,2.00,1.00
2016.02.17 08:58:03.473,0.7122,0.71246,1.00,1.00
2016.02.17 08:58:04.036,0.7122,0.71247,1.00,1.00
2016.02.17 08:58:04.631,0.71219,0.71245,1.00,1.00
2016.02.17 08:58:05.009,0.71217,0.71246,1.00,1.00
2016.02.17 08:58:05.561,0.7122,0.71246,1.00,1.00
2016.02.17 08:58:05.790,0.71217,0.71246,1.00,1.00
2016.02.17 08:58:07.092,0.71216,0.71245,1.00,1.00
2016.02.17 08:58:07.787,0.71215,0.71246,2.00,1.00
2016.02.17 08:58:08.901,0.71215,0.71244,2.00,1.00
2016.02.17 08:58:10.301,0.71213,0.71242,1.00,1.00
2016.02.17 08:58:11.725,0.71215,0.71242,1.00,1.00
2016.02.17 08:58:11.939,0.71213,0.71242,1.00,1.00
2016.02.17 08:58:12.558,0.71214,0.71242,1.00,1.00
2016.02.17 08:58:12.609,0.7122,0.71246,1.00,1.00
2016.02.17 08:58:13.329,0.71219,0.71246,1.00,1.00
2016.02.17 08:58:13.852,0.7122,0.71246,1.00,1.00
2016.02.17 08:58:14.910,0.7122,0.71245,1.00,1.00
2016.02.17 08:58:15.022,0.71216,0.71245,1.00,2.00
2016.02.17 08:58:15.662,0.71214,0.71243,1.00,1.00
2016.02.17 08:58:16.352,0.71213,0.71242,1.00,1.00
2016.02.17 08:58:16.890,0.71212,0.71241,1.00,1.00
2016.02.17 08:58:17.852,0.71214,0.71243,1.00,1.00
2016.02.17 08:58:18.482,0.71212,0.71241,1.00,1.00
2016.02.17 08:58:20.822,0.71213,0.71242,1.00,1.00
2016.02.17 08:58:21.381,0.71214,0.71243,2.00,1.00
2016.02.17 08:58:22.131,0.71215,0.71244,2.00,1.00
2016.02.17 08:58:23.681,0.71215,0.71243,1.00,1.00
2016.02.17 08:58:24.701,0.71214,0.71243,1.00,1.00
2016.02.17 08:58:25.208,0.71213,0.71242,1.00,1.00
2016.02.17 08:58:25.902,0.71214,0.71243,1.00,1.00
2016.02.17 08:58:26.523,0.71215,0.71243,1.00,1.00
2016.02.17 08:58:27.041,0.71216,0.71245,1.00,1.00
2016.02.17 08:58:28.121,0.71215,0.71245,1.00,1.00
2016.02.17 08:58:29.210,0.71214,0.71245,2.00,1.00
2016.02.17 08:58:29.741,0.71215,0.71246,1.00,1.00
2016.02.17 08:58:30.341,0.71218,0.71247,1.00,1.00
2016.02.17 08:58:30.822,0.71216,0.71247,1.00,1.00
2016.02.17 08:58:31.061,0.71218,0.71247,1.00,1.00
2016.02.17 08:58:34.661,0.71219,0.71248,1.00,1.00
2016.02.17 08:58:34.761,0.7122,0.7125,1.00,1.00
2016.02.17 08:58:35.341,0.71219,0.71248,1.00,1.00
2016.02.17 08:58:35.811,0.71221,0.7125,1.00,2.00
2016.02.17 08:58:36.661,0.71221,0.71252,1.00,1.00
2016.02.17 08:58:37.240,0.71222,0.71251,1.00,1.00
2016.02.17 08:58:37.469,0.7122,0.71249,2.00,1.00
2016.02.17 08:58:37.790,0.71222,0.71251,1.00,1.00
2016.02.17 08:58:38.252,0.7122,0.71249,1.00,1.00
2016.02.17 08:58:40.110,0.71222,0.71251,1.00,1.00
2016.02.17 08:58:41.088,0.71221,0.7125,1.00,1.00
2016.02.17 08:58:41.839,0.71222,0.71251,1.00,1.00
2016.02.17 08:58:42.429,0.71221,0.7125,1.00,1.00
2016.02.17 08:58:42.960,0.71222,0.71251,1.00,1.00
2016.02.17 08:58:43.681,0.7122,0.71249,2.00,1.00
2016.02.17 08:58:48.300,0.71221,0.7125,1.00,1.00
2016.02.17 08:58:53.751,0.71225,0.71251,1.00,1.00
2016.02.17 08:58:54.061,0.71224,0.71253,1.00,1.00
2016.02.17 08:58:54.112,0.71222,0.71253,1.00,1.00
2016.02.17 08:58:54.318,0.71222,0.71251,1.00,1.00
2016.02.17 08:58:55.219,0.71222,0.71253,1.00,1.00
2016.02.17 08:58:55.280,0.71225,0.71253,1.00,1.00
2016.02.17 08:58:55.388,0.71222,0.71253,1.00,1.00
2016.02.17 08:58:55.719,0.71224,0.71253,1.00,1.00
2016.02.17 08:58:56.388,0.71225,0.71253,1.00,1.00
2016.02.17 08:58:56.641,0.71225,0.71255,1.00,1.00
2016.02.17 08:58:56.773,0.71224,0.71253,2.00,1.00
2016.02.17 08:58:57.541,0.71225,0.71252,1.00,1.00
2016.02.17 08:58:58.249,0.71223,0.71252,1.00,1.00
2016.02.17 08:58:58.910,0.71225,0.71252,1.00,1.00
2016.02.17 08:58:59.028,0.71223,0.71252,1.00,1.00
2016.02.17 08:58:59.277,0.71225,0.71252,1.00,1.00
2016.02.17 08:58:59.790,0.71223,0.71252,1.00,1.00
2016.02.17 08:59:01.449,0.71227,0.71256,1.00,1.00
2016.02.17 08:59:01.748,0.71229,0.7126,2.00,1.00
2016.02.17 08:59:01.921,0.71231,0.7126,1.00,1.00
2016.02.17 08:59:03.301,0.7123,0.71259,1.00,1.00
2016.02.17 08:59:03.857,0.71231,0.7126,1.00,1.00
2016.02.17 08:59:04.408,0.71232,0.71261,1.00,1.00
2016.02.17 08:59:04.958,0.71235,0.71261,1.00,1.00
2016.02.17 08:59:05.451,0.71235,0.71263,1.00,1.00
2016.02.17 08:59:08.199,0.71235,0.71264,2.00,1.00
2016.02.17 08:59:09.320,0.71235,0.71263,1.00,1.00
2016.02.17 08:59:10.018,0.71233,0.71264,1.00,1.00
2016.02.17 08:59:10.068,0.71231,0.7126,1.00,1.00
2016.02.17 08:59:10.401,0.7123,0.71257,1.00,1.00
2016.02.17 08:59:10.459,0.71228,0.71257,1.00,1.00
2016.02.17 08:59:10.522,0.71226,0.71257,1.00,1.00
2016.02.17 08:59:10.743,0.71226,0.71255,1.00,1.00
2016.02.17 08:59:11.298,0.71225,0.71254,1.00,1.00
2016.02.17 08:59:12.499,0.71226,0.71255,1.00,1.00
2016.02.17 08:59:13.201,0.71228,0.71257,1.00,1.00
2016.02.17 08:59:13.941,0.71231,0.7126,1.00,1.00
2016.02.17 08:59:15.840,0.71231,0.71261,1.00,1.00
2016.02.17 08:59:16.415,0.71231,0.7126,1.00,1.00
2016.02.17 08:59:16.849,0.71229,0.71255,1.00,1.00
2016.02.17 08:59:17.381,0.71228,0.71257,1.00,1.00
2016.02.17 08:59:17.921,0.71229,0.71258,1.00,1.00
2016.02.17 08:59:18.688,0.71229,0.7126,1.00,2.00
2016.02.17 08:59:19.101,0.71231,0.7126,1.00,1.00
2016.02.17 08:59:20.390,0.71232,0.7126,1.00,1.00
2016.02.17 08:59:22.552,0.71232,0.71261,1.00,1.00
2016.02.17 08:59:23.425,0.71232,0.71263,1.00,1.00
2016.02.17 08:59:23.715,0.71236,0.71265,1.00,1.00
2016.02.17 08:59:24.863,0.71235,0.71264,1.00,1.00
2016.02.17 08:59:25.387,0.71235,0.71263,1.00,1.00
2016.02.17 08:59:26.849,0.71234,0.71263,1.00,1.00
2016.02.17 08:59:27.728,0.71232,0.71261,1.00,1.00
2016.02.17 08:59:29.100,0.71235,0.71265,1.00,1.00
2016.02.17 08:59:30.190,0.71238,0.71265,1.00,1.00
2016.02.17 08:59:32.736,0.71237,0.71265,1.00,1.00
2016.02.17 08:59:33.670,0.71238,0.71265,1.00,1.00
2016.02.17 08:59:35.650,0.71235,0.71265,1.00,1.00
2016.02.17 08:59:35.950,0.71237,0.71265,1.00,1.00
2016.02.17 08:59:38.110,0.71238,0.71265,1.00,1.00
2016.02.17 08:59:38.909,0.71237,0.71265,1.00,1.00
2016.02.17 08:59:39.252,0.71235,0.71265,1.00,1.00
2016.02.17 08:59:39.508,0.71235,0.7126,1.00,1.00
2016.02.17 08:59:39.777,0.71232,0.7126,1.00,1.00
2016.02.17 08:59:44.768,0.71232,0.71261,1.00,2.00
2016.02.17 08:59:45.277,0.71234,0.7126,1.00,1.00
2016.02.17 08:59:45.888,0.71231,0.71256,1.00,1.00
2016.02.17 08:59:46.007,0.71229,0.71258,1.00,1.00
2016.02.17 08:59:46.802,0.7123,0.71259,1.00,1.00
2016.02.17 08:59:47.901,0.71229,0.71258,1.00,1.00
2016.02.17 08:59:48.427,0.71228,0.71259,1.00,1.00
2016.02.17 08:59:49.018,0.71225,0.71254,2.00,1.00
2016.02.17 08:59:49.608,0.71226,0.71255,1.00,2.00
2016.02.17 08:59:49.931,0.71228,0.71255,1.00,1.00
2016.02.17 08:59:50.049,0.71228,0.71257,1.00,1.00
2016.02.17 08:59:50.399,0.71227,0.71255,1.00,1.00
2016.02.17 08:59:50.919,0.71228,0.71255,1.00,1.00
2016.02.17 08:59:51.160,0.71226,0.71255,1.00,2.00
2016.02.17 08:59:51.777,0.71225,0.71254,1.00,1.00
2016.02.17 08:59:52.497,0.71228,0.71257,1.00,1.00
2016.02.17 08:59:53.032,0.71229,0.71258,1.00,1.00
2016.02.17 08:59:53.615,0.7123,0.71259,1.00,1.00
2016.02.17 08:59:54.499,0.71233,0.7126,1.00,1.00
2016.02.17 08:59:55.275,0.71234,0.7126,1.00,1.00
2016.02.17 08:59:55.376,0.71234,0.71263,1.00,1.00
2016.02.17 08:59:55.601,0.71236,0.71265,1.00,2.00
2016.02.17 08:59:55.990,0.71234,0.71263,1.00,1.00
2016.02.17 08:59:56.327,0.71235,0.7126,1.00,1.00
2016.02.17 08:59:56.378,0.71232,0.7126,1.00,1.00
2016.02.17 08:59:56.881,0.71233,0.7126,1.00,1.00
2016.02.17 08:59:57.071,0.71231,0.7126,1.00,2.00
2016.02.17 08:59:57.745,0.7123,0.7126,1.00,1.00
2016.02.17 08:59:58.510,0.71229,0.7126,1.00,2.00
2016.02.17 08:59:59.142,0.71231,0.7126,1.00,2.00
2016.02.17 08:59:59.491,0.71227,0.71255,1.00,1.00
2016.02.17 08:59:59.830,0.71225,0.71254,1.00,1.00
