2014.06.18 08:00:03.266,0.82734,0.82762,2.03,2.03
2014.06.18 08:00:03.931,0.82733,0.82761,2.03,2.03
2014.06.18 08:00:04.407,0.82733,0.82761,2.03,2.03
2014.06.18 08:00:04.508,0.82729,0.82757,2.63,2.03
2014.06.18 08:00:04.608,0.82729,0.82757,2.63,2.03
2014.06.18 08:00:04.856,0.82729,0.82757,2.63,2.03
2014.06.18 08:00:04.957,0.8273,0.82761,2.03,2.03
2014.06.18 08:00:07.224,0.82735,0.82763,2.03,2.03
2014.06.18 08:00:10.778,0.82735,0.82763,2.03,2.03
2014.06.18 08:00:12.517,0.82738,0.82764,1.65,2.03
2014.06.18 08:00:12.805,0.82735,0.82763,2.03,2.03
2014.06.18 08:00:12.905,0.82735,0.82763,2.03,2.03
2014.06.18 08:00:13.006,0.82733,0.82761,2.63,2.03
2014.06.18 08:00:13.748,0.82733,0.82761,2.63,2.03
2014.06.18 08:00:13.858,0.82733,0.82761,2.63,2.03
2014.06.18 08:00:13.908,0.82736,0.82762,1.65,2.03
2014.06.18 08:00:14.228,0.82734,0.8276,2.03,2.03
2014.06.18 08:00:15.622,0.82734,0.8276,2.03,2.03
2014.06.18 08:00:16.154,0.82735,0.82763,2.03,2.03
2014.06.18 08:00:16.372,0.82736,0.82764,2.03,2.03
2014.06.18 08:00:17.787,0.82736,0.82764,2.03,2.03
2014.06.18 08:00:18.312,0.82738,0.82766,1.65,2.03
2014.06.18 08:00:18.875,0.82736,0.82766,2.03,2.03
2014.06.18 08:00:20.501,0.82737,0.82763,1.65,2.03
2014.06.18 08:00:20.601,0.82734,0.82762,2.03,2.03
2014.06.18 08:00:21.227,0.82734,0.82762,2.03,2.03
2014.06.18 08:00:21.774,0.82734,0.82759,2.03,2.03
2014.06.18 08:00:21.885,0.82732,0.82759,2.63,2.03
2014.06.18 08:00:21.935,0.82733,0.82759,1.30,2.03
2014.06.18 08:00:23.292,0.82732,0.82759,2.03,2.03
2014.06.18 08:00:28.266,0.82732,0.82759,2.03,2.03
2014.06.18 08:00:28.816,0.82733,0.82758,2.03,2.03
2014.06.18 08:00:29.580,0.82734,0.82759,1.65,2.03
2014.06.18 08:00:29.885,0.82735,0.8276,2.03,2.03
2014.06.18 08:00:30.472,0.82735,0.8276,2.03,2.03
2014.06.18 08:00:33.410,0.82734,0.82759,2.03,2.03
2014.06.18 08:00:34.504,0.82735,0.82761,2.03,2.03
2014.06.18 08:00:34.960,0.82735,0.8276,2.03,2.03
2014.06.18 08:00:35.514,0.82735,0.8276,2.03,2.03
2014.06.18 08:00:36.125,0.82735,0.82761,2.03,2.03
2014.06.18 08:00:36.505,0.82735,0.82761,2.03,2.03
2014.06.18 08:00:36.613,0.82735,0.82761,2.03,2.03
2014.06.18 08:00:38.423,0.82734,0.82761,2.63,2.03
2014.06.18 08:00:38.725,0.82741,0.82766,2.03,2.03
2014.06.18 08:00:40.385,0.8274,0.82765,2.03,2.03
2014.06.18 08:00:40.515,0.82738,0.82765,2.03,2.63
2014.06.18 08:00:41.177,0.8274,0.82766,2.03,2.03
2014.06.18 08:00:41.813,0.82741,0.82767,2.03,2.03
2014.06.18 08:00:47.505,0.82742,0.82768,2.03,2.03
2014.06.18 08:00:48.438,0.82742,0.82769,2.03,2.03
2014.06.18 08:00:48.589,0.82742,0.82768,2.03,2.03
2014.06.18 08:00:50.169,0.82742,0.82768,2.03,1.65
2014.06.18 08:00:50.755,0.82741,0.82767,2.03,1.65
2014.06.18 08:00:51.089,0.82742,0.82768,2.03,2.03
2014.06.18 08:00:51.745,0.82743,0.82768,2.03,2.03
2014.06.18 08:00:53.337,0.82743,0.82768,2.03,2.03
2014.06.18 08:00:54.856,0.82744,0.82769,2.03,2.03
2014.06.18 08:01:00.255,0.82743,0.82768,2.03,2.03
2014.06.18 08:01:03.202,0.82743,0.82768,2.03,2.03
2014.06.18 08:01:03.957,0.82743,0.82768,2.03,2.03
2014.06.18 08:01:05.160,0.82743,0.82768,2.03,2.03
2014.06.18 08:01:13.602,0.82743,0.82768,2.03,2.03
2014.06.18 08:01:14.194,0.82743,0.82768,2.03,2.03
2014.06.18 08:01:15.762,0.82743,0.82768,2.03,2.03
2014.06.18 08:01:18.367,0.82744,0.82769,2.03,1.65
2014.06.18 08:01:19.663,0.82744,0.82769,2.03,1.65
2014.06.18 08:01:20.250,0.82744,0.82769,2.03,1.65
2014.06.18 08:01:21.203,0.82744,0.82769,2.03,2.03
2014.06.18 08:01:25.912,0.82744,0.82769,2.03,2.03
2014.06.18 08:01:30.254,0.82743,0.82768,2.03,2.03
2014.06.18 08:01:30.754,0.82743,0.82768,2.03,2.03
2014.06.18 08:01:31.524,0.82743,0.82768,2.03,2.03
2014.06.18 08:01:34.010,0.82743,0.82768,2.03,2.03
2014.06.18 08:01:36.628,0.82742,0.82768,2.03,2.03
2014.06.18 08:01:36.959,0.82742,0.82768,2.03,2.03
2014.06.18 08:01:37.944,0.82743,0.82769,2.03,1.65
2014.06.18 08:01:41.761,0.82743,0.82769,2.03,2.03
2014.06.18 08:01:42.301,0.82742,0.82767,2.03,1.65
2014.06.18 08:01:43.744,0.82743,0.82769,2.03,2.03
2014.06.18 08:01:44.865,0.82741,0.82769,2.63,2.03
2014.06.18 08:01:45.085,0.82741,0.82766,1.30,2.03
2014.06.18 08:01:49.522,0.82739,0.82765,2.48,2.03
2014.06.18 08:01:50.172,0.8274,0.82765,2.63,2.03
2014.06.18 08:01:51.152,0.8274,0.82765,2.63,2.03
2014.06.18 08:01:53.100,0.8274,0.82765,2.63,2.03
2014.06.18 08:01:53.687,0.8274,0.82765,2.03,2.63
2014.06.18 08:01:53.788,0.8274,0.82766,2.03,2.63
2014.06.18 08:01:55.059,0.82739,0.82765,2.63,2.03
2014.06.18 08:01:55.941,0.82739,0.82765,2.63,2.03
2014.06.18 08:01:56.177,0.8274,0.82764,1.30,2.03
2014.06.18 08:01:56.787,0.82738,0.82763,2.63,2.03
2014.06.18 08:01:56.922,0.82738,0.82763,2.63,2.03
2014.06.18 08:01:57.827,0.82737,0.82762,2.63,2.03
2014.06.18 08:02:00.245,0.82737,0.82762,2.63,2.03
2014.06.18 08:02:02.011,0.82734,0.8276,5.51,2.03
2014.06.18 08:02:02.963,0.82733,0.82759,2.03,2.03
2014.06.18 08:02:03.601,0.82731,0.82756,2.03,2.03
2014.06.18 08:02:05.666,0.82732,0.82757,2.03,2.03
2014.06.18 08:02:16.969,0.82733,0.82761,2.03,2.03
2014.06.18 08:02:25.095,0.82732,0.82762,2.03,2.03
2014.06.18 08:02:25.396,0.82737,0.82765,2.03,2.03
2014.06.18 08:02:26.991,0.8274,0.82766,2.03,2.03
2014.06.18 08:02:28.602,0.8274,0.82766,2.03,2.03
2014.06.18 08:02:29.363,0.8274,0.82766,2.03,2.03
2014.06.18 08:02:30.125,0.82741,0.82769,2.03,2.03
2014.06.18 08:02:33.729,0.82742,0.82768,2.03,2.03
2014.06.18 08:02:34.143,0.82742,0.82768,2.03,2.03
2014.06.18 08:02:38.400,0.82745,0.8277,2.03,1.65
2014.06.18 08:02:38.500,0.82738,0.82764,2.63,1.65
2014.06.18 08:02:38.551,0.82738,0.82764,2.63,1.65
2014.06.18 08:02:39.274,0.82739,0.82765,2.03,2.03
2014.06.18 08:02:50.981,0.82739,0.82765,2.03,2.03
2014.06.18 08:02:52.379,0.82738,0.82764,2.63,2.03
2014.06.18 08:02:54.308,0.82738,0.82764,2.03,1.65
2014.06.18 08:02:55.825,0.82738,0.82764,2.03,1.65
2014.06.18 08:02:57.141,0.82738,0.82764,2.03,2.03
2014.06.18 08:03:05.870,0.82738,0.82764,2.03,2.03
2014.06.18 08:03:08.042,0.82738,0.82764,2.03,2.03
2014.06.18 08:03:12.712,0.82738,0.82766,2.03,2.03
2014.06.18 08:03:13.214,0.82738,0.82766,2.03,2.03
2014.06.18 08:03:29.805,0.82738,0.82766,2.03,2.03
2014.06.18 08:03:41.623,0.82738,0.82766,2.03,2.03
2014.06.18 08:03:49.691,0.82738,0.82766,2.03,2.03
2014.06.18 08:03:50.351,0.82738,0.82766,2.03,2.03
2014.06.18 08:03:55.200,0.82738,0.82766,2.03,2.03
2014.06.18 08:03:57.711,0.82738,0.82766,2.03,2.03
2014.06.18 08:04:06.813,0.82738,0.82766,2.03,2.03
2014.06.18 08:04:11.191,0.82739,0.82765,2.03,1.65
2014.06.18 08:04:11.398,0.82742,0.82768,2.03,2.03
2014.06.18 08:04:16.323,0.82743,0.82768,2.03,1.65
2014.06.18 08:04:16.861,0.82745,0.8277,2.03,2.03
2014.06.18 08:04:17.370,0.82745,0.8277,2.03,1.65
2014.06.18 08:04:17.964,0.82746,0.82771,2.03,2.03
2014.06.18 08:04:18.578,0.82747,0.82772,2.03,1.65
2014.06.18 08:04:19.579,0.82747,0.82772,2.03,2.03
2014.06.18 08:04:20.316,0.82745,0.8277,2.03,1.65
2014.06.18 08:04:22.289,0.82745,0.8277,2.03,2.03
2014.06.18 08:04:22.957,0.82743,0.82768,2.03,1.65
2014.06.18 08:04:23.579,0.82743,0.82768,2.03,2.03
2014.06.18 08:04:36.637,0.82743,0.82768,2.03,1.65
2014.06.18 08:04:36.688,0.82745,0.8277,2.03,2.03
2014.06.18 08:04:37.012,0.82747,0.82772,2.03,2.03
2014.06.18 08:04:38.952,0.82747,0.82772,2.03,2.03
2014.06.18 08:04:40.583,0.82747,0.82772,2.03,1.65
2014.06.18 08:04:41.144,0.82748,0.82774,2.03,2.03
2014.06.18 08:04:43.397,0.8275,0.82778,2.03,2.63
2014.06.18 08:04:47.285,0.82751,0.82777,2.03,2.03
2014.06.18 08:04:47.895,0.82751,0.82779,2.03,2.03
2014.06.18 08:04:51.253,0.82751,0.82779,2.03,2.03
2014.06.18 08:04:56.410,0.82751,0.82779,2.03,2.63
2014.06.18 08:05:00.202,0.8275,0.82778,2.03,2.03
2014.06.18 08:05:01.199,0.82752,0.82778,2.03,2.03
2014.06.18 08:05:01.807,0.82752,0.82778,2.03,2.03
2014.06.18 08:05:03.712,0.82752,0.82778,1.65,2.03
2014.06.18 08:05:04.398,0.82751,0.82777,1.65,2.03
2014.06.18 08:05:04.729,0.82751,0.82777,2.03,2.03
2014.06.18 08:05:05.388,0.82752,0.82778,2.03,2.03
2014.06.18 08:05:13.017,0.82752,0.82778,1.65,2.03
2014.06.18 08:05:13.681,0.82751,0.82777,2.03,2.03
2014.06.18 08:05:21.221,0.82751,0.82777,2.03,2.03
2014.06.18 08:05:26.157,0.82751,0.82777,2.03,2.03
2014.06.18 08:05:26.821,0.82753,0.82779,2.03,2.63
2014.06.18 08:05:27.345,0.82754,0.82779,1.65,2.03
2014.06.18 08:05:32.249,0.82754,0.82779,2.03,2.03
2014.06.18 08:05:34.542,0.82755,0.8278,2.03,2.03
2014.06.18 08:05:35.028,0.82759,0.82785,2.03,2.63
2014.06.18 08:05:35.682,0.82758,0.82783,2.03,2.03
2014.06.18 08:05:44.968,0.82758,0.82783,1.65,2.03
2014.06.18 08:05:45.569,0.82754,0.82779,2.03,2.03
2014.06.18 08:05:46.238,0.82754,0.82779,2.03,2.03
2014.06.18 08:05:49.866,0.82754,0.82779,2.03,2.03
2014.06.18 08:05:50.017,0.82751,0.82777,2.03,2.03
2014.06.18 08:05:50.553,0.8275,0.82776,2.03,2.03
2014.06.18 08:05:51.641,0.82753,0.82778,1.65,2.03
2014.06.18 08:05:52.179,0.82753,0.82778,1.65,2.03
2014.06.18 08:05:54.921,0.8275,0.82776,1.65,2.03
2014.06.18 08:05:55.040,0.8275,0.82776,1.65,2.03
2014.06.18 08:05:55.756,0.8275,0.82776,1.65,2.03
2014.06.18 08:05:55.918,0.82748,0.82774,1.65,2.03
2014.06.18 08:05:56.221,0.8275,0.82776,1.65,2.03
2014.06.18 08:05:59.253,0.82747,0.82775,2.03,2.03
2014.06.18 08:05:59.453,0.82747,0.82775,1.65,2.03
2014.06.18 08:06:00.191,0.82748,0.82773,1.65,2.03
2014.06.18 08:06:04.448,0.82748,0.82773,1.65,2.03
2014.06.18 08:06:06.741,0.82748,0.82773,2.03,1.65
2014.06.18 08:06:06.892,0.82749,0.82775,2.03,2.03
2014.06.18 08:06:06.992,0.82751,0.82777,2.03,2.03
2014.06.18 08:06:07.511,0.82752,0.82779,2.03,2.63
2014.06.18 08:06:07.812,0.82756,0.82781,2.03,2.63
2014.06.18 08:06:08.341,0.82757,0.82782,2.03,2.63
2014.06.18 08:06:09.247,0.82755,0.82781,2.03,2.63
2014.06.18 08:06:14.500,0.82757,0.82782,1.65,2.63
2014.06.18 08:06:14.942,0.82759,0.82786,1.65,2.63
2014.06.18 08:06:15.205,0.82759,0.82786,2.03,2.63
2014.06.18 08:06:19.617,0.82759,0.82786,1.65,2.63
2014.06.18 08:06:20.225,0.82758,0.82784,1.65,2.03
2014.06.18 08:06:22.380,0.82758,0.82784,1.65,2.03
2014.06.18 08:06:23.401,0.82756,0.82784,2.03,2.03
2014.06.18 08:06:25.355,0.82756,0.82784,2.03,2.03
2014.06.18 08:06:26.165,0.82756,0.82784,2.03,2.03
2014.06.18 08:06:33.091,0.82756,0.82778,2.03,2.10
2014.06.18 08:06:33.142,0.82756,0.82778,1.65,2.48
2014.06.18 08:06:33.242,0.82752,0.82775,2.03,1.30
2014.06.18 08:06:33.352,0.82749,0.82776,2.63,2.03
2014.06.18 08:06:33.809,0.82756,0.82781,1.65,2.03
2014.06.18 08:06:34.401,0.82756,0.82783,2.03,2.63
2014.06.18 08:06:35.050,0.82756,0.82783,2.03,2.63
2014.06.18 08:06:36.032,0.82757,0.82783,2.03,2.63
2014.06.18 08:06:36.474,0.82757,0.82783,2.03,1.65
2014.06.18 08:06:37.186,0.82761,0.82786,2.03,2.63
2014.06.18 08:06:37.568,0.82761,0.82786,2.03,2.63
2014.06.18 08:06:38.114,0.82761,0.82785,2.03,1.30
2014.06.18 08:06:38.431,0.82764,0.82787,2.03,1.30
2014.06.18 08:06:39.219,0.82763,0.82788,2.03,2.63
2014.06.18 08:06:39.549,0.82764,0.82789,2.03,2.03
2014.06.18 08:06:50.042,0.82768,0.82793,2.03,2.03
2014.06.18 08:06:50.571,0.82771,0.82797,1.65,2.03
2014.06.18 08:06:51.182,0.8277,0.82796,1.65,2.03
2014.06.18 08:06:53.689,0.8277,0.82796,2.03,2.03
2014.06.18 08:06:53.990,0.8278,0.82806,1.65,2.03
2014.06.18 08:06:54.534,0.82776,0.82804,2.03,2.03
2014.06.18 08:06:55.117,0.82776,0.82804,2.03,2.03
2014.06.18 08:06:59.969,0.82775,0.828,2.03,2.03
2014.06.18 08:07:00.271,0.82772,0.828,2.03,2.63
2014.06.18 08:07:00.526,0.82772,0.828,2.03,2.63
2014.06.18 08:07:03.450,0.82772,0.828,2.03,2.63
2014.06.18 08:07:03.829,0.82772,0.828,2.03,2.63
2014.06.18 08:07:05.615,0.82772,0.828,2.03,2.63
2014.06.18 08:07:14.632,0.82775,0.82801,2.03,2.03
2014.06.18 08:07:15.182,0.82775,0.82801,2.03,2.03
2014.06.18 08:07:15.934,0.82777,0.82803,2.03,2.03
2014.06.18 08:07:18.448,0.8278,0.82807,2.03,2.03
2014.06.18 08:07:19.486,0.8278,0.82807,1.65,2.03
2014.06.18 08:07:23.353,0.8278,0.82807,2.03,2.03
2014.06.18 08:07:24.890,0.8278,0.82807,1.65,2.63
2014.06.18 08:07:25.328,0.82777,0.82804,2.03,2.63
2014.06.18 08:07:26.287,0.82777,0.82804,2.03,2.63
2014.06.18 08:07:26.968,0.82776,0.82801,2.03,2.03
2014.06.18 08:07:27.269,0.82774,0.828,2.03,2.03
2014.06.18 08:07:28.442,0.82771,0.828,1.65,2.63
2014.06.18 08:07:29.042,0.82769,0.82794,2.03,2.03
2014.06.18 08:07:34.830,0.82768,0.82795,2.03,2.03
2014.06.18 08:07:35.309,0.82769,0.82795,2.03,2.03
2014.06.18 08:07:35.376,0.82769,0.82795,2.03,2.03
2014.06.18 08:07:38.314,0.8277,0.82797,2.03,2.03
2014.06.18 08:07:39.190,0.8277,0.82797,2.03,2.03
2014.06.18 08:07:39.675,0.82769,0.82795,2.03,2.03
2014.06.18 08:07:41.328,0.82769,0.82794,2.03,2.03
2014.06.18 08:07:42.051,0.82769,0.82794,1.65,2.03
2014.06.18 08:07:42.854,0.82769,0.82794,1.65,2.03
2014.06.18 08:07:43.249,0.82771,0.82798,1.65,2.03
2014.06.18 08:07:43.870,0.82771,0.82798,1.65,2.03
2014.06.18 08:07:45.465,0.82767,0.82796,2.03,2.03
2014.06.18 08:07:46.552,0.82768,0.82795,2.03,2.63
2014.06.18 08:07:47.099,0.82771,0.82796,1.65,2.03
2014.06.18 08:07:47.687,0.82772,0.82797,1.65,2.03
2014.06.18 08:07:50.068,0.82771,0.82796,1.65,2.03
2014.06.18 08:07:50.657,0.82772,0.82797,1.65,2.03
2014.06.18 08:07:52.267,0.82771,0.82796,1.65,2.03
2014.06.18 08:07:54.052,0.82771,0.82796,1.65,2.03
2014.06.18 08:07:54.712,0.82771,0.82796,1.65,2.03
2014.06.18 08:07:55.326,0.8277,0.82797,2.03,2.03
2014.06.18 08:07:58.751,0.82768,0.82794,1.65,2.03
2014.06.18 08:07:59.282,0.82769,0.82795,1.65,2.63
2014.06.18 08:08:02.911,0.82772,0.82797,1.65,2.03
2014.06.18 08:08:03.121,0.82772,0.82797,1.65,2.03
2014.06.18 08:08:03.221,0.82769,0.82795,1.65,2.63
2014.06.18 08:08:04.669,0.82772,0.82797,1.65,2.03
2014.06.18 08:08:04.889,0.82769,0.82795,2.03,2.63
2014.06.18 08:08:05.418,0.82767,0.82794,2.03,2.63
2014.06.18 08:08:06.217,0.82769,0.82795,1.65,2.63
2014.06.18 08:08:06.876,0.82769,0.82795,2.03,2.63
2014.06.18 08:08:12.001,0.82768,0.82794,1.65,2.63
2014.06.18 08:08:12.116,0.82768,0.82794,1.65,2.63
2014.06.18 08:08:12.756,0.82767,0.82793,2.03,2.63
2014.06.18 08:08:13.237,0.8277,0.82795,1.65,2.03
2014.06.18 08:08:13.337,0.82767,0.82793,1.65,2.03
2014.06.18 08:08:13.917,0.82765,0.82792,2.03,2.03
2014.06.18 08:08:15.177,0.82765,0.82792,2.03,2.03
2014.06.18 08:08:15.731,0.82763,0.82791,2.03,2.03
2014.06.18 08:08:15.932,0.82763,0.82791,2.03,2.03
2014.06.18 08:08:16.588,0.82763,0.82791,2.03,2.03
2014.06.18 08:08:17.839,0.82763,0.82791,2.03,2.03
2014.06.18 08:08:20.278,0.82763,0.82789,2.03,2.03
2014.06.18 08:08:20.618,0.82762,0.82788,2.03,2.03
2014.06.18 08:08:21.146,0.82762,0.82788,2.03,2.03
2014.06.18 08:08:21.196,0.82762,0.82788,2.03,2.03
2014.06.18 08:08:21.255,0.82762,0.82788,2.03,2.03
2014.06.18 08:08:21.804,0.82762,0.82788,2.03,2.03
2014.06.18 08:08:24.523,0.82762,0.82788,2.03,2.03
2014.06.18 08:08:26.343,0.82762,0.82788,2.03,2.03
2014.06.18 08:08:28.923,0.82762,0.82788,2.03,2.03
2014.06.18 08:08:30.237,0.82762,0.82788,2.03,2.03
2014.06.18 08:08:30.598,0.82759,0.82784,2.03,2.03
2014.06.18 08:08:31.781,0.82758,0.82785,2.03,2.03
2014.06.18 08:08:32.861,0.82756,0.82783,2.03,2.03
2014.06.18 08:08:35.891,0.82758,0.82783,2.03,2.03
2014.06.18 08:08:37.770,0.82756,0.82781,2.03,1.65
2014.06.18 08:08:37.820,0.82758,0.82784,2.03,2.03
2014.06.18 08:08:37.984,0.82759,0.82787,2.03,2.03
2014.06.18 08:08:38.327,0.82759,0.82787,2.03,2.03
2014.06.18 08:08:38.840,0.82759,0.82787,2.03,2.63
2014.06.18 08:08:39.159,0.82758,0.82784,2.03,2.03
2014.06.18 08:08:39.986,0.82755,0.82782,2.03,2.03
2014.06.18 08:08:42.558,0.82755,0.82781,2.03,2.03
2014.06.18 08:08:43.335,0.82755,0.82781,2.03,2.03
2014.06.18 08:08:44.651,0.82755,0.82781,2.03,5.51
2014.06.18 08:08:44.751,0.82752,0.82777,1.65,2.03
2014.06.18 08:08:44.923,0.82749,0.82777,2.03,2.03
2014.06.18 08:08:44.974,0.82749,0.82777,2.03,2.63
2014.06.18 08:08:45.598,0.82748,0.82774,2.03,2.63
2014.06.18 08:08:46.350,0.8275,0.82775,1.65,5.51
2014.06.18 08:08:46.400,0.8275,0.82775,2.03,2.03
2014.06.18 08:08:46.770,0.82747,0.82773,2.03,2.63
2014.06.18 08:08:47.579,0.82747,0.82773,2.03,2.63
2014.06.18 08:08:48.449,0.82749,0.82774,1.65,2.03
2014.06.18 08:08:48.778,0.82749,0.82774,2.03,2.03
2014.06.18 08:08:49.318,0.82749,0.82774,2.03,2.03
2014.06.18 08:08:50.290,0.82749,0.82774,2.03,2.03
2014.06.18 08:08:53.748,0.82747,0.82774,2.03,2.03
2014.06.18 08:08:57.882,0.82749,0.82776,2.03,2.03
2014.06.18 08:08:58.230,0.82753,0.82781,2.03,2.63
2014.06.18 08:08:58.578,0.82753,0.82781,2.03,2.03
2014.06.18 08:09:01.624,0.82752,0.82778,2.03,2.03
2014.06.18 08:09:04.224,0.82752,0.82778,2.03,2.03
2014.06.18 08:09:04.788,0.82749,0.82774,2.03,2.03
2014.06.18 08:09:05.575,0.82748,0.82773,2.03,2.03
2014.06.18 08:09:14.799,0.82748,0.82775,2.03,2.03
2014.06.18 08:09:15.342,0.82746,0.82773,2.03,2.03
2014.06.18 08:09:16.157,0.82748,0.82773,1.65,2.03
2014.06.18 08:09:16.542,0.82748,0.82773,2.03,2.03
2014.06.18 08:09:19.456,0.82748,0.82773,2.03,2.03
2014.06.18 08:09:19.592,0.82748,0.82773,2.03,2.03
2014.06.18 08:09:19.693,0.82751,0.82778,2.03,2.03
2014.06.18 08:09:21.089,0.82752,0.82778,2.03,2.03
2014.06.18 08:09:21.760,0.82752,0.82778,2.03,2.03
2014.06.18 08:09:22.514,0.82753,0.82779,2.03,2.03
2014.06.18 08:09:26.449,0.82753,0.82779,2.03,1.65
2014.06.18 08:09:26.787,0.82759,0.82784,1.65,2.03
2014.06.18 08:09:27.678,0.82759,0.82784,1.65,2.03
2014.06.18 08:09:30.527,0.82758,0.82783,2.03,2.03
2014.06.18 08:09:30.857,0.82758,0.82783,2.03,2.03
2014.06.18 08:09:34.479,0.82758,0.82783,2.03,2.03
2014.06.18 08:09:35.233,0.82758,0.82783,2.03,2.03
2014.06.18 08:09:37.267,0.82758,0.82783,2.03,2.03
2014.06.18 08:09:37.819,0.82758,0.82783,1.65,2.03
2014.06.18 08:09:38.536,0.82757,0.82783,2.03,2.03
2014.06.18 08:09:39.202,0.82757,0.82783,2.03,2.03
2014.06.18 08:09:40.418,0.82759,0.82784,1.65,2.03
2014.06.18 08:09:42.654,0.82757,0.82783,2.03,2.63
2014.06.18 08:09:43.389,0.82756,0.82781,1.65,2.63
2014.06.18 08:09:44.694,0.82756,0.82781,1.65,2.63
2014.06.18 08:09:45.851,0.82754,0.82781,2.03,2.63
2014.06.18 08:09:46.576,0.82756,0.82781,1.65,2.63
2014.06.18 08:09:47.119,0.82755,0.8278,2.03,2.03
2014.06.18 08:09:49.715,0.82755,0.8278,1.65,2.03
2014.06.18 08:09:50.369,0.82755,0.8278,2.03,2.03
2014.06.18 08:09:50.469,0.82757,0.82782,1.65,2.63
2014.06.18 08:09:50.800,0.82755,0.82782,2.03,2.63
2014.06.18 08:09:51.893,0.82755,0.82782,2.03,2.63
2014.06.18 08:09:53.329,0.82756,0.82783,2.03,2.63
2014.06.18 08:09:53.440,0.82756,0.82783,2.03,2.63
2014.06.18 08:09:56.305,0.82756,0.82783,2.03,2.63
2014.06.18 08:09:58.908,0.82758,0.82783,2.03,2.63
2014.06.18 08:09:59.381,0.82761,0.82787,2.03,2.63
2014.06.18 08:09:59.432,0.82761,0.82785,2.03,1.30
2014.06.18 08:10:00.844,0.82761,0.82787,2.03,2.63
2014.06.18 08:10:01.198,0.82759,0.82787,2.03,2.63
2014.06.18 08:10:01.829,0.8276,0.82786,2.03,2.63
2014.06.18 08:10:04.036,0.82761,0.82787,2.03,2.63
2014.06.18 08:10:04.149,0.82761,0.82786,2.03,1.30
2014.06.18 08:10:04.449,0.82761,0.82786,2.03,1.30
2014.06.18 08:10:04.905,0.82762,0.8279,2.03,2.03
2014.06.18 08:10:05.759,0.82762,0.8279,2.03,2.03
2014.06.18 08:10:06.450,0.82766,0.82791,2.03,2.03
2014.06.18 08:10:06.656,0.82766,0.82791,2.03,2.03
2014.06.18 08:10:07.427,0.82764,0.82792,2.03,2.03
2014.06.18 08:10:07.512,0.82764,0.82792,2.03,2.03
2014.06.18 08:10:13.770,0.82764,0.82792,2.03,2.03
2014.06.18 08:10:14.209,0.82764,0.82792,2.03,2.03
2014.06.18 08:10:14.718,0.82769,0.82794,2.03,2.03
2014.06.18 08:10:15.529,0.82769,0.82794,2.03,2.03
2014.06.18 08:10:20.147,0.82769,0.82794,2.03,2.03
2014.06.18 08:10:20.515,0.82767,0.82791,2.03,1.30
2014.06.18 08:10:21.125,0.82767,0.82792,2.03,2.63
2014.06.18 08:10:21.888,0.82768,0.82795,1.65,2.03
2014.06.18 08:10:21.938,0.82768,0.82795,2.03,2.03
2014.06.18 08:10:22.039,0.82768,0.82794,2.03,2.03
2014.06.18 08:10:24.617,0.82768,0.82794,2.03,2.03
2014.06.18 08:10:28.277,0.82766,0.82792,2.03,2.03
2014.06.18 08:10:28.858,0.82766,0.82792,2.03,2.03
2014.06.18 08:10:31.219,0.82761,0.82788,2.03,2.03
2014.06.18 08:10:31.764,0.82763,0.82788,2.03,2.03
2014.06.18 08:10:32.611,0.82763,0.82788,2.03,2.03
2014.06.18 08:10:38.553,0.82763,0.82788,2.03,2.03
2014.06.18 08:10:39.091,0.82765,0.82791,2.03,2.03
2014.06.18 08:10:55.398,0.82765,0.82791,2.03,2.63
2014.06.18 08:11:04.327,0.82761,0.82788,2.03,2.63
2014.06.18 08:11:06.049,0.82764,0.82789,2.03,2.63
2014.06.18 08:11:12.404,0.82762,0.82788,2.03,2.63
2014.06.18 08:11:12.706,0.82758,0.82783,1.65,2.63
2014.06.18 08:11:12.965,0.82755,0.82781,1.65,2.63
2014.06.18 08:11:13.066,0.82753,0.82779,1.65,2.03
2014.06.18 08:11:13.166,0.82749,0.8278,2.03,2.03
2014.06.18 08:11:13.394,0.82749,0.82779,2.03,2.48
2014.06.18 08:11:15.319,0.82749,0.82775,2.03,2.63
2014.06.18 08:11:18.495,0.82749,0.82775,2.03,2.63
2014.06.18 08:11:19.370,0.82749,0.82774,2.03,1.30
2014.06.18 08:11:20.174,0.82752,0.82775,2.03,1.30
2014.06.18 08:11:20.705,0.82754,0.82779,2.03,2.03
2014.06.18 08:11:21.114,0.82754,0.82779,1.65,5.51
2014.06.18 08:11:22.439,0.82754,0.82779,2.03,2.03
2014.06.18 08:11:22.558,0.82754,0.82779,1.65,2.03
2014.06.18 08:11:23.016,0.82748,0.82773,2.03,2.03
2014.06.18 08:11:30.687,0.82748,0.82773,2.03,2.63
2014.06.18 08:11:33.928,0.82749,0.82774,2.03,2.63
2014.06.18 08:11:34.044,0.82749,0.82774,1.65,2.63
2014.06.18 08:11:34.146,0.82747,0.82767,1.65,1.30
2014.06.18 08:11:34.670,0.82743,0.82768,1.65,2.63
2014.06.18 08:11:34.923,0.82741,0.82767,2.03,2.63
2014.06.18 08:11:37.066,0.82741,0.82763,2.03,2.48
2014.06.18 08:11:37.204,0.82736,0.82761,2.03,2.25
2014.06.18 08:11:37.255,0.82736,0.82761,2.03,2.63
2014.06.18 08:11:39.519,0.82739,0.82763,1.65,2.48
2014.06.18 08:11:40.408,0.82738,0.82763,1.65,5.51
2014.06.18 08:11:41.017,0.82736,0.82761,2.03,2.63
2014.06.18 08:11:42.956,0.82733,0.8276,2.03,2.03
2014.06.18 08:11:43.709,0.82731,0.82756,2.03,1.65
2014.06.18 08:11:43.785,0.82734,0.82759,2.03,2.63
2014.06.18 08:11:50.426,0.82732,0.82758,2.03,2.03
2014.06.18 08:11:51.298,0.82734,0.82759,2.03,2.03
2014.06.18 08:11:54.870,0.82734,0.82759,2.03,2.03
2014.06.18 08:11:56.600,0.82734,0.82759,2.03,2.03
2014.06.18 08:11:57.133,0.82736,0.82764,2.03,2.03
2014.06.18 08:11:57.851,0.82738,0.82764,2.03,2.03
2014.06.18 08:11:59.740,0.82738,0.82764,2.03,2.03
2014.06.18 08:12:07.663,0.82739,0.82763,2.03,2.48
2014.06.18 08:12:08.223,0.82739,0.8276,2.03,1.30
2014.06.18 08:12:22.670,0.82739,0.82763,2.03,2.48
2014.06.18 08:12:24.156,0.82737,0.82762,2.03,2.48
2014.06.18 08:12:24.207,0.82735,0.82759,2.03,1.30
2014.06.18 08:12:24.675,0.82737,0.82765,2.03,2.03
2014.06.18 08:12:26.266,0.82739,0.82765,2.03,2.03
2014.06.18 08:12:28.423,0.82737,0.82762,2.03,1.65
2014.06.18 08:12:28.524,0.8274,0.82765,2.03,1.65
2014.06.18 08:12:28.625,0.82743,0.82768,2.03,2.63
2014.06.18 08:12:28.976,0.82745,0.82772,2.03,2.03
2014.06.18 08:12:29.074,0.82745,0.82772,2.03,2.03
2014.06.18 08:12:31.042,0.82745,0.82772,2.03,2.03
2014.06.18 08:12:34.380,0.82745,0.82772,2.03,2.03
2014.06.18 08:12:42.612,0.82746,0.82771,2.03,2.03
2014.06.18 08:12:43.584,0.82746,0.82771,2.03,2.03
2014.06.18 08:12:44.416,0.82744,0.82769,2.03,1.65
2014.06.18 08:12:47.822,0.82743,0.82768,2.03,1.65
2014.06.18 08:12:48.484,0.82744,0.82769,2.03,1.65
2014.06.18 08:12:49.260,0.82745,0.8277,2.03,2.03
2014.06.18 08:12:56.998,0.82745,0.8277,2.03,2.03
2014.06.18 08:13:01.689,0.8274,0.82768,2.63,2.03
2014.06.18 08:13:02.009,0.82738,0.82764,2.03,2.03
2014.06.18 08:13:02.147,0.82733,0.82763,2.63,1.65
2014.06.18 08:13:02.209,0.82733,0.82763,2.63,1.65
2014.06.18 08:13:02.473,0.82738,0.82766,2.03,1.65
2014.06.18 08:13:03.069,0.82739,0.82767,2.03,2.03
2014.06.18 08:13:06.845,0.82736,0.82767,2.03,2.03
2014.06.18 08:13:07.176,0.82734,0.8276,2.03,1.65
2014.06.18 08:13:07.510,0.82733,0.82758,2.03,1.65
2014.06.18 08:13:08.078,0.82734,0.82759,2.03,1.65
2014.06.18 08:13:08.494,0.82734,0.82761,2.03,1.65
2014.06.18 08:13:14.606,0.82734,0.82761,2.03,2.63
2014.06.18 08:13:14.716,0.82733,0.82759,2.03,2.03
2014.06.18 08:13:23.117,0.82733,0.82759,2.03,2.03
2014.06.18 08:13:28.843,0.82732,0.82757,2.03,1.65
2014.06.18 08:13:29.456,0.82732,0.82757,2.03,1.65
2014.06.18 08:13:29.768,0.82733,0.82759,2.03,2.03
2014.06.18 08:13:30.445,0.82733,0.82759,2.03,1.65
2014.06.18 08:13:44.275,0.82733,0.82759,2.03,2.03
2014.06.18 08:13:47.868,0.82733,0.82759,2.03,1.65
2014.06.18 08:13:48.631,0.82733,0.8276,2.03,2.03
2014.06.18 08:13:50.887,0.82734,0.8276,2.03,1.65
2014.06.18 08:13:51.623,0.82734,0.82766,2.03,2.03
2014.06.18 08:13:52.258,0.82734,0.82766,2.03,2.03
2014.06.18 08:13:55.709,0.82734,0.8276,2.03,1.65
2014.06.18 08:14:00.130,0.82734,0.8276,2.03,1.65
2014.06.18 08:14:01.649,0.82734,0.82766,2.03,2.03
2014.06.18 08:14:06.419,0.82734,0.82766,2.03,2.03
2014.06.18 08:14:15.001,0.82734,0.82767,2.03,2.03
2014.06.18 08:14:15.351,0.82738,0.82767,2.03,2.03
2014.06.18 08:14:16.282,0.82738,0.82769,2.03,2.03
2014.06.18 08:14:16.892,0.8274,0.82768,2.03,2.03
2014.06.18 08:14:17.460,0.8274,0.82768,2.03,2.03
2014.06.18 08:14:18.469,0.82737,0.82766,2.03,2.03
2014.06.18 08:14:18.691,0.82737,0.82766,2.03,2.03
2014.06.18 08:14:19.128,0.82737,0.82766,2.03,2.03
2014.06.18 08:14:19.789,0.82737,0.82766,2.03,2.03
2014.06.18 08:14:23.039,0.82737,0.82766,2.03,2.03
2014.06.18 08:14:23.589,0.82737,0.82765,2.03,2.03
2014.06.18 08:14:24.362,0.82737,0.82765,2.03,2.03
2014.06.18 08:14:24.877,0.82736,0.82762,2.03,1.65
2014.06.18 08:14:24.935,0.82736,0.82762,2.03,1.65
2014.06.18 08:14:25.328,0.82736,0.82762,2.03,1.65
2014.06.18 08:14:25.673,0.82735,0.8276,2.03,1.65
2014.06.18 08:14:27.651,0.82736,0.82761,2.03,1.65
2014.06.18 08:14:27.991,0.82735,0.8276,2.03,1.65
2014.06.18 08:14:28.650,0.82735,0.8276,2.03,1.65
2014.06.18 08:14:35.005,0.82735,0.8276,2.03,1.65
2014.06.18 08:14:35.441,0.82736,0.82761,2.03,1.65
2014.06.18 08:14:35.668,0.82737,0.82764,2.03,1.65
2014.06.18 08:14:35.818,0.82738,0.82766,2.03,2.03
2014.06.18 08:14:37.500,0.8274,0.82768,2.03,2.03
2014.06.18 08:14:38.083,0.8274,0.82765,2.03,1.65
2014.06.18 08:14:40.611,0.82738,0.82764,2.03,1.65
2014.06.18 08:14:41.160,0.82737,0.82765,2.03,2.03
2014.06.18 08:14:48.578,0.8274,0.82766,2.03,2.03
2014.06.18 08:14:49.472,0.8274,0.82766,2.03,2.03
2014.06.18 08:14:49.775,0.82737,0.82765,2.03,2.03
2014.06.18 08:14:53.035,0.82736,0.82764,2.63,2.03
2014.06.18 08:14:58.982,0.82735,0.82763,2.03,2.03
2014.06.18 08:14:59.521,0.82735,0.82763,2.03,2.03
2014.06.18 08:15:00.215,0.82739,0.82767,2.03,2.03
2014.06.18 08:15:02.365,0.82739,0.82767,2.03,2.03
2014.06.18 08:15:03.940,0.82739,0.82767,2.03,2.03
2014.06.18 08:15:04.991,0.82739,0.82767,2.03,2.03
2014.06.18 08:15:05.210,0.82737,0.82765,2.03,2.03
2014.06.18 08:15:05.459,0.82737,0.82765,2.03,2.03
2014.06.18 08:15:07.870,0.82735,0.82763,2.03,1.65
2014.06.18 08:15:08.723,0.82735,0.82763,2.03,2.03
2014.06.18 08:15:13.137,0.82735,0.82763,2.03,2.03
2014.06.18 08:15:14.125,0.82735,0.82763,2.03,2.03
2014.06.18 08:15:14.987,0.82738,0.82766,2.03,2.03
2014.06.18 08:15:17.099,0.82737,0.82765,2.03,2.03
2014.06.18 08:15:19.855,0.82737,0.82765,2.03,2.03
2014.06.18 08:15:20.676,0.82737,0.82767,2.03,2.03
2014.06.18 08:15:23.263,0.82737,0.82765,2.03,1.65
2014.06.18 08:15:23.791,0.82737,0.82765,2.03,2.03
2014.06.18 08:15:32.222,0.82742,0.82767,2.03,2.03
2014.06.18 08:15:34.376,0.82739,0.82765,2.03,1.65
2014.06.18 08:15:34.427,0.82739,0.82765,2.03,2.03
2014.06.18 08:15:34.830,0.82738,0.82763,2.03,2.03
2014.06.18 08:15:38.008,0.82737,0.82762,2.03,2.03
2014.06.18 08:15:38.551,0.82734,0.82761,2.03,2.03
2014.06.18 08:15:39.230,0.82732,0.82758,2.03,2.03
2014.06.18 08:15:40.061,0.82732,0.82758,2.03,2.03
2014.06.18 08:15:40.404,0.82723,0.82749,2.03,2.03
2014.06.18 08:15:40.751,0.82719,0.82744,2.63,1.65
2014.06.18 08:15:41.069,0.8272,0.82746,2.03,1.65
2014.06.18 08:15:42.875,0.8272,0.82746,2.03,1.65
2014.06.18 08:15:43.559,0.8272,0.82746,2.03,1.65
2014.06.18 08:15:44.312,0.82721,0.82749,2.03,1.65
2014.06.18 08:15:44.861,0.82724,0.8275,2.03,1.65
2014.06.18 08:15:45.409,0.82725,0.82751,2.03,2.03
2014.06.18 08:15:46.970,0.82725,0.82751,2.03,1.65
2014.06.18 08:15:49.481,0.82725,0.82751,2.03,1.65
2014.06.18 08:15:50.479,0.82726,0.82752,2.03,1.65
2014.06.18 08:15:53.286,0.82726,0.82752,2.03,2.03
2014.06.18 08:15:53.600,0.8272,0.82746,2.63,2.03
2014.06.18 08:15:56.471,0.82721,0.82747,2.03,1.65
2014.06.18 08:15:56.581,0.82723,0.8275,2.03,2.03
2014.06.18 08:15:58.802,0.82726,0.82751,2.03,1.65
2014.06.18 08:16:00.100,0.82726,0.82751,2.03,1.65
2014.06.18 08:16:03.622,0.82726,0.82751,2.03,2.03
2014.06.18 08:16:10.418,0.82726,0.82751,2.03,1.65
2014.06.18 08:16:11.344,0.82727,0.82752,2.03,2.63
2014.06.18 08:16:11.939,0.82726,0.82751,2.03,1.65
2014.06.18 08:16:19.052,0.82727,0.82752,2.03,2.63
2014.06.18 08:16:20.712,0.82726,0.82753,2.03,1.65
2014.06.18 08:16:21.272,0.82731,0.82757,2.03,2.63
2014.06.18 08:16:22.760,0.82728,0.82753,2.03,1.65
2014.06.18 08:16:23.583,0.82727,0.82752,2.03,1.65
2014.06.18 08:16:24.959,0.82728,0.82754,2.03,2.03
2014.06.18 08:16:33.272,0.82729,0.82755,2.03,2.03
2014.06.18 08:16:35.349,0.82733,0.82758,2.03,2.03
2014.06.18 08:16:37.832,0.82731,0.82758,2.03,2.03
2014.06.18 08:16:44.619,0.82731,0.82758,2.03,2.03
2014.06.18 08:16:45.282,0.82733,0.82758,2.03,2.03
2014.06.18 08:16:47.879,0.82732,0.82757,2.03,1.65
2014.06.18 08:16:48.218,0.82735,0.8276,1.65,2.03
2014.06.18 08:16:49.821,0.82735,0.8276,2.03,2.03
2014.06.18 08:16:49.874,0.82735,0.8276,1.65,2.03
2014.06.18 08:16:49.980,0.82731,0.82756,2.03,2.03
2014.06.18 08:16:50.201,0.82729,0.82755,2.03,2.03
2014.06.18 08:16:50.837,0.82728,0.82754,2.03,2.03
2014.06.18 08:16:51.648,0.82728,0.82754,2.03,2.03
2014.06.18 08:16:52.786,0.82728,0.82754,2.03,2.03
2014.06.18 08:17:17.139,0.82726,0.82752,2.03,1.65
2014.06.18 08:17:17.857,0.82727,0.82753,2.03,2.03
2014.06.18 08:17:19.557,0.82727,0.82753,2.03,2.03
2014.06.18 08:17:19.759,0.82726,0.82752,2.03,2.03
2014.06.18 08:17:30.420,0.82727,0.82753,2.03,2.03
2014.06.18 08:17:34.227,0.82727,0.82753,2.03,2.03
2014.06.18 08:17:36.371,0.82727,0.82753,2.03,2.03
2014.06.18 08:17:47.856,0.82728,0.82754,2.03,1.65
2014.06.18 08:17:52.856,0.82728,0.82754,2.03,2.03
2014.06.18 08:17:55.887,0.82727,0.82752,2.03,1.65
2014.06.18 08:17:56.690,0.82726,0.82754,2.03,2.03
2014.06.18 08:17:57.349,0.82726,0.82754,2.03,2.03
2014.06.18 08:18:00.772,0.82727,0.82753,2.03,2.03
2014.06.18 08:18:00.886,0.82727,0.82753,2.03,2.03
2014.06.18 08:18:01.481,0.82724,0.8275,2.03,2.03
2014.06.18 08:18:03.169,0.82725,0.82751,2.03,2.03
2014.06.18 08:18:05.988,0.82725,0.82751,2.03,1.65
2014.06.18 08:18:06.592,0.82725,0.82751,2.03,1.65
2014.06.18 08:18:08.628,0.82727,0.82752,2.03,2.03
2014.06.18 08:18:09.166,0.82726,0.82751,2.03,1.65
2014.06.18 08:18:09.317,0.82729,0.82754,2.03,1.65
2014.06.18 08:18:13.057,0.82729,0.82754,2.03,2.03
2014.06.18 08:18:14.507,0.82729,0.82755,2.03,2.03
2014.06.18 08:18:17.207,0.82729,0.82755,2.03,2.03
2014.06.18 08:18:21.718,0.82729,0.82755,2.03,1.65
2014.06.18 08:18:21.957,0.8273,0.82758,2.03,2.03
2014.06.18 08:18:24.475,0.8273,0.82758,2.03,2.03
2014.06.18 08:18:26.932,0.8273,0.82758,2.03,2.03
2014.06.18 08:18:35.353,0.8273,0.82758,2.03,2.03
2014.06.18 08:18:36.668,0.8273,0.82755,2.03,1.65
2014.06.18 08:18:36.718,0.8273,0.82755,2.03,1.65
2014.06.18 08:18:36.889,0.82729,0.82757,2.03,1.65
2014.06.18 08:18:37.262,0.8273,0.82755,2.03,1.65
2014.06.18 08:18:38.052,0.82731,0.82757,2.03,1.65
2014.06.18 08:18:38.649,0.8273,0.82756,2.03,1.65
2014.06.18 08:18:39.175,0.8273,0.82756,2.03,1.65
2014.06.18 08:18:39.527,0.82729,0.82754,2.03,1.65
2014.06.18 08:18:39.857,0.82731,0.82756,2.03,1.65
2014.06.18 08:18:40.077,0.82732,0.82758,2.03,1.65
2014.06.18 08:18:48.107,0.82733,0.82759,2.03,2.03
2014.06.18 08:18:48.938,0.82733,0.82759,2.03,1.65
2014.06.18 08:18:51.430,0.82732,0.82758,2.03,1.65
2014.06.18 08:18:57.126,0.82733,0.82759,2.03,1.65
2014.06.18 08:19:00.087,0.82734,0.82759,2.03,1.65
2014.06.18 08:19:00.247,0.82736,0.82761,2.03,1.65
2014.06.18 08:19:00.948,0.82738,0.82763,2.03,2.03
2014.06.18 08:19:01.609,0.82739,0.82764,2.03,2.03
2014.06.18 08:19:01.938,0.82739,0.82764,2.03,1.65
2014.06.18 08:19:02.601,0.8274,0.82765,2.03,1.65
2014.06.18 08:19:03.110,0.82738,0.82765,2.03,1.65
2014.06.18 08:19:03.797,0.82738,0.82765,2.03,2.03
2014.06.18 08:19:04.339,0.82738,0.82765,2.03,2.03
2014.06.18 08:19:04.999,0.82738,0.82763,2.03,1.65
2014.06.18 08:19:05.661,0.82738,0.82763,2.03,2.03
2014.06.18 08:19:08.594,0.82738,0.82763,2.03,1.65
2014.06.18 08:19:09.162,0.8274,0.82765,2.03,2.03
2014.06.18 08:19:11.650,0.82741,0.82767,2.03,2.03
2014.06.18 08:19:15.102,0.82741,0.82767,2.03,2.03
2014.06.18 08:19:15.435,0.82741,0.82767,2.03,2.03
2014.06.18 08:19:15.585,0.82742,0.82768,2.03,2.03
2014.06.18 08:19:17.155,0.82743,0.82769,2.03,2.03
2014.06.18 08:19:17.678,0.8274,0.82768,2.03,2.03
2014.06.18 08:19:19.381,0.8274,0.82768,2.03,2.03
2014.06.18 08:19:20.104,0.8274,0.82768,2.03,2.03
2014.06.18 08:19:21.509,0.8274,0.82766,2.03,2.03
2014.06.18 08:19:28.265,0.82741,0.82767,2.03,2.03
2014.06.18 08:19:28.798,0.82739,0.82767,2.63,2.03
2014.06.18 08:19:32.165,0.8274,0.82766,2.03,2.03
2014.06.18 08:19:32.864,0.8274,0.82766,2.03,2.03
2014.06.18 08:19:35.650,0.8274,0.82766,2.03,2.03
2014.06.18 08:19:40.123,0.82741,0.82767,2.03,2.03
2014.06.18 08:19:40.338,0.82741,0.82767,2.03,1.65
2014.06.18 08:19:40.447,0.82744,0.82769,2.03,2.03
2014.06.18 08:19:40.803,0.82746,0.82771,2.03,1.65
2014.06.18 08:19:40.854,0.8275,0.82776,1.65,2.03
2014.06.18 08:19:40.904,0.8275,0.82776,2.03,2.03
2014.06.18 08:19:41.543,0.82751,0.82777,2.03,2.03
2014.06.18 08:19:42.320,0.82749,0.82775,2.03,2.03
2014.06.18 08:19:43.974,0.82751,0.82777,1.65,2.03
2014.06.18 08:19:44.075,0.82751,0.82777,2.03,2.03
2014.06.18 08:19:46.785,0.82753,0.82779,2.03,2.03
2014.06.18 08:19:51.559,0.82754,0.8278,2.03,2.03
2014.06.18 08:19:52.719,0.82752,0.82778,2.03,2.03
2014.06.18 08:19:54.426,0.82754,0.8278,2.03,2.03
2014.06.18 08:19:55.025,0.82752,0.82778,2.03,2.03
2014.06.18 08:19:55.404,0.82752,0.82778,2.03,2.03
2014.06.18 08:19:55.831,0.82752,0.82778,2.03,2.03
2014.06.18 08:19:56.067,0.82752,0.82778,2.03,2.03
2014.06.18 08:19:56.944,0.82752,0.82778,2.03,2.03
2014.06.18 08:19:57.481,0.82753,0.82779,2.03,2.03
2014.06.18 08:19:58.166,0.82754,0.8278,2.03,2.03
2014.06.18 08:19:58.374,0.82754,0.8278,2.03,2.03
2014.06.18 08:20:04.537,0.82754,0.8278,2.03,2.03
2014.06.18 08:20:06.548,0.82752,0.82778,2.63,1.65
2014.06.18 08:20:06.855,0.82751,0.82777,2.03,2.03
2014.06.18 08:20:08.172,0.82752,0.82778,2.03,2.03
2014.06.18 08:20:09.458,0.8275,0.82778,2.03,2.03
2014.06.18 08:20:10.770,0.82752,0.82778,2.03,2.03
2014.06.18 08:20:11.742,0.82752,0.82778,2.03,2.03
2014.06.18 08:20:12.280,0.82752,0.82778,2.03,2.03
2014.06.18 08:20:13.457,0.82752,0.82778,2.03,2.03
2014.06.18 08:20:14.438,0.82752,0.82778,1.65,2.03
2014.06.18 08:20:16.628,0.82752,0.82778,2.03,2.03
2014.06.18 08:20:24.435,0.82749,0.82777,2.03,2.03
2014.06.18 08:20:26.753,0.82749,0.82777,2.03,2.03
2014.06.18 08:20:27.506,0.82749,0.82777,2.03,2.03
2014.06.18 08:20:29.585,0.82749,0.82777,2.03,2.03
2014.06.18 08:20:33.679,0.82749,0.82775,2.03,2.03
2014.06.18 08:20:34.065,0.82749,0.82774,2.03,2.03
2014.06.18 08:20:34.415,0.82742,0.82768,2.03,2.03
2014.06.18 08:20:34.846,0.82741,0.82767,2.03,2.03
2014.06.18 08:20:47.578,0.82743,0.82769,2.03,2.03
2014.06.18 08:20:48.122,0.82743,0.82769,2.03,2.03
2014.06.18 08:20:50.000,0.82743,0.8277,2.03,2.03
2014.06.18 08:20:50.325,0.82749,0.82774,2.03,2.03
2014.06.18 08:20:50.940,0.82749,0.82775,2.03,2.03
2014.06.18 08:20:51.394,0.82749,0.82775,2.03,1.65
2014.06.18 08:20:51.495,0.82751,0.82777,2.03,2.03
2014.06.18 08:20:51.731,0.82754,0.8278,2.03,2.03
2014.06.18 08:20:52.070,0.82756,0.82781,2.03,2.03
2014.06.18 08:20:54.144,0.82757,0.82782,2.03,2.03
2014.06.18 08:20:54.468,0.82756,0.82782,2.63,2.03
2014.06.18 08:20:55.234,0.82755,0.82781,2.03,2.03
2014.06.18 08:20:56.557,0.82754,0.82782,2.63,2.03
2014.06.18 08:20:57.051,0.82754,0.82782,2.63,2.03
2014.06.18 08:20:57.873,0.82753,0.82779,2.03,2.03
2014.06.18 08:20:59.745,0.82751,0.82777,2.03,2.03
2014.06.18 08:20:59.808,0.82749,0.82774,2.03,1.65
2014.06.18 08:21:00.345,0.82749,0.82774,2.03,2.03
2014.06.18 08:21:00.846,0.82747,0.82772,2.03,2.03
2014.06.18 08:21:02.149,0.82747,0.82772,2.03,2.03
2014.06.18 08:21:07.180,0.82747,0.82772,2.03,2.03
2014.06.18 08:21:08.005,0.82747,0.82772,2.03,1.65
2014.06.18 08:21:08.766,0.82748,0.82773,2.03,2.03
2014.06.18 08:21:09.427,0.82748,0.82773,2.03,1.65
2014.06.18 08:21:16.908,0.82749,0.82774,2.03,2.03
2014.06.18 08:21:17.445,0.82751,0.82777,2.03,2.03
2014.06.18 08:21:25.825,0.82753,0.82779,2.03,2.03
2014.06.18 08:21:38.559,0.82756,0.82783,2.03,2.63
2014.06.18 08:21:46.384,0.82756,0.82783,2.03,2.63
2014.06.18 08:21:50.311,0.82756,0.82783,2.03,2.03
2014.06.18 08:21:51.230,0.82759,0.82784,1.65,2.03
2014.06.18 08:21:53.204,0.82756,0.82783,2.03,2.03
2014.06.18 08:21:53.254,0.82756,0.82783,1.65,2.03
2014.06.18 08:21:53.437,0.82759,0.82784,1.65,2.03
2014.06.18 08:21:54.650,0.82757,0.82782,2.03,2.63
2014.06.18 08:21:54.908,0.82757,0.82783,1.65,2.03
2014.06.18 08:21:55.184,0.82754,0.82782,2.03,2.03
2014.06.18 08:21:55.407,0.82753,0.82781,2.03,2.03
2014.06.18 08:21:58.352,0.8275,0.82779,2.03,2.03
2014.06.18 08:22:06.237,0.82753,0.82782,2.03,2.03
2014.06.18 08:22:06.354,0.82758,0.82786,2.03,2.03
2014.06.18 08:22:07.175,0.82758,0.82786,2.03,2.03
2014.06.18 08:22:14.548,0.82758,0.82786,1.65,2.03
2014.06.18 08:22:15.418,0.82758,0.82786,1.65,2.03
2014.06.18 08:22:16.213,0.82757,0.82782,1.65,2.03
2014.06.18 08:22:17.163,0.82757,0.82782,1.65,2.03
2014.06.18 08:22:17.306,0.82754,0.82779,1.65,2.03
2014.06.18 08:22:17.378,0.82754,0.82779,1.65,2.03
2014.06.18 08:22:18.134,0.82752,0.82778,2.03,2.03
2014.06.18 08:22:28.194,0.82754,0.82782,1.65,2.03
2014.06.18 08:22:30.645,0.82754,0.82782,1.65,2.03
2014.06.18 08:22:31.200,0.82753,0.82781,1.65,2.03
2014.06.18 08:22:32.478,0.82753,0.82781,2.03,2.03
2014.06.18 08:22:53.548,0.8275,0.82781,2.03,2.03
2014.06.18 08:22:55.228,0.82752,0.82778,2.03,2.03
2014.06.18 08:22:57.256,0.82751,0.82776,2.03,2.03
2014.06.18 08:23:04.074,0.8275,0.82778,2.03,2.03
2014.06.18 08:23:27.968,0.8275,0.82776,2.03,2.03
2014.06.18 08:23:28.533,0.82747,0.82772,2.63,2.03
2014.06.18 08:23:30.773,0.82748,0.82773,2.03,2.03
2014.06.18 08:23:35.115,0.82748,0.82773,2.03,2.03
2014.06.18 08:23:36.773,0.82743,0.82769,2.63,1.65
2014.06.18 08:23:36.837,0.82743,0.82769,2.63,2.03
2014.06.18 08:23:36.988,0.82742,0.82768,2.63,2.03
2014.06.18 08:23:37.529,0.82739,0.82768,2.03,2.03
2014.06.18 08:23:37.861,0.8274,0.82767,2.03,2.03
2014.06.18 08:23:40.309,0.82739,0.82768,2.03,2.03
2014.06.18 08:23:41.214,0.82739,0.82768,2.03,2.03
2014.06.18 08:23:41.941,0.82744,0.8277,1.65,2.03
2014.06.18 08:23:42.932,0.82744,0.8277,1.65,2.03
2014.06.18 08:23:43.421,0.8274,0.82766,2.03,2.03
2014.06.18 08:23:44.184,0.8274,0.82767,2.03,2.03
2014.06.18 08:23:47.540,0.8274,0.82767,2.03,2.03
2014.06.18 08:23:56.890,0.8274,0.82769,1.65,2.03
2014.06.18 08:23:56.997,0.8274,0.82769,1.65,2.03
2014.06.18 08:23:57.500,0.82736,0.82764,2.03,2.03
2014.06.18 08:23:58.980,0.82736,0.82764,2.03,2.03
2014.06.18 08:23:59.572,0.82738,0.82765,2.03,2.03
2014.06.18 08:24:04.370,0.82736,0.82764,2.03,2.03
2014.06.18 08:24:05.962,0.82735,0.82763,2.03,2.03
2014.06.18 08:24:06.927,0.82737,0.82765,2.03,2.03
2014.06.18 08:24:07.627,0.82738,0.82766,2.03,2.03
2014.06.18 08:24:17.316,0.82738,0.82766,2.03,2.03
2014.06.18 08:24:41.220,0.82736,0.82763,2.03,1.65
2014.06.18 08:24:41.271,0.82736,0.82763,2.03,2.03
2014.06.18 08:24:42.026,0.82736,0.82763,2.03,2.03
2014.06.18 08:24:42.743,0.82736,0.82761,2.03,2.03
2014.06.18 08:24:43.402,0.82734,0.82761,2.63,2.03
2014.06.18 08:24:47.880,0.82734,0.82761,2.63,2.03
2014.06.18 08:24:48.509,0.82733,0.8276,2.63,1.65
2014.06.18 08:24:48.639,0.82733,0.8276,2.03,2.03
2014.06.18 08:24:48.793,0.82733,0.82759,2.03,2.03
2014.06.18 08:24:49.350,0.82731,0.82756,2.03,2.03
2014.06.18 08:24:53.207,0.82732,0.82757,2.03,2.03
2014.06.18 08:25:00.950,0.82733,0.82759,2.03,2.03
2014.06.18 08:25:04.160,0.82733,0.82759,2.03,2.03
2014.06.18 08:25:04.533,0.82734,0.82761,2.03,2.03
2014.06.18 08:25:18.931,0.82732,0.8276,2.63,1.65
2014.06.18 08:25:22.671,0.82733,0.82759,2.63,1.65
2014.06.18 08:25:23.280,0.82735,0.8276,2.03,1.65
2014.06.18 08:25:36.118,0.82737,0.82762,2.03,1.65
2014.06.18 08:25:36.960,0.82738,0.82763,2.03,2.03
2014.06.18 08:25:46.735,0.82738,0.82763,2.03,1.65
2014.06.18 08:25:47.471,0.82739,0.82764,2.63,1.65
2014.06.18 08:25:56.908,0.82737,0.82762,2.63,1.65
2014.06.18 08:26:00.239,0.82737,0.82762,2.63,1.65
2014.06.18 08:26:00.290,0.82739,0.82764,2.03,2.03
2014.06.18 08:26:13.070,0.8274,0.82765,2.03,1.65
2014.06.18 08:26:13.478,0.8274,0.82765,2.03,2.03
2014.06.18 08:26:17.188,0.82739,0.82764,2.03,1.65
2014.06.18 08:26:18.400,0.8274,0.82766,2.03,2.03
2014.06.18 08:26:22.346,0.8274,0.82766,2.03,2.03
2014.06.18 08:26:27.496,0.8274,0.82766,2.03,2.03
2014.06.18 08:26:31.517,0.82743,0.82768,2.03,2.03
2014.06.18 08:26:40.032,0.82742,0.82768,2.03,2.03
2014.06.18 08:26:46.160,0.82742,0.82768,2.03,2.03
2014.06.18 08:26:47.918,0.8274,0.82766,2.03,2.03
2014.06.18 08:26:59.901,0.8274,0.82766,1.65,2.03
2014.06.18 08:27:00.002,0.82734,0.82759,2.03,2.03
2014.06.18 08:27:01.101,0.82732,0.82761,2.63,2.03
2014.06.18 08:27:01.539,0.82732,0.82761,2.63,2.03
2014.06.18 08:27:03.071,0.82732,0.82761,2.63,2.03
2014.06.18 08:27:03.318,0.82735,0.8276,2.03,1.65
2014.06.18 08:27:04.008,0.82739,0.82765,1.65,2.03
2014.06.18 08:27:04.668,0.82739,0.82765,2.03,2.03
2014.06.18 08:27:11.650,0.8274,0.82766,2.03,2.03
2014.06.18 08:27:18.875,0.82739,0.82767,2.03,2.03
2014.06.18 08:27:21.485,0.82739,0.82767,1.65,2.03
2014.06.18 08:27:24.088,0.82738,0.82764,2.03,2.03
2014.06.18 08:27:38.541,0.82736,0.82762,2.03,2.03
2014.06.18 08:27:41.501,0.82736,0.82761,2.03,2.03
2014.06.18 08:27:41.730,0.82735,0.8276,2.03,2.03
2014.06.18 08:27:44.498,0.82735,0.8276,2.03,2.03
2014.06.18 08:27:44.599,0.82736,0.82761,2.03,2.03
2014.06.18 08:27:45.557,0.82736,0.82764,2.03,2.03
2014.06.18 08:27:49.797,0.82738,0.82764,1.65,2.03
2014.06.18 08:27:51.735,0.82738,0.82764,2.03,2.03
2014.06.18 08:27:52.002,0.82742,0.82768,1.65,2.03
2014.06.18 08:27:52.914,0.82742,0.82768,1.65,2.03
2014.06.18 08:28:14.347,0.82744,0.82769,1.65,2.03
2014.06.18 08:28:14.397,0.82744,0.82769,1.65,2.03
2014.06.18 08:28:15.123,0.82745,0.8277,1.65,2.03
2014.06.18 08:28:17.167,0.82746,0.82771,1.65,2.03
2014.06.18 08:28:17.769,0.82746,0.82771,1.65,2.03
2014.06.18 08:28:20.376,0.82745,0.8277,1.65,2.03
2014.06.18 08:28:26.588,0.82745,0.8277,1.65,2.03
2014.06.18 08:28:26.746,0.82743,0.82768,1.65,2.03
2014.06.18 08:28:26.809,0.82743,0.82768,1.65,2.03
2014.06.18 08:28:27.337,0.82742,0.82768,1.65,2.03
2014.06.18 08:28:27.906,0.82742,0.82768,2.63,2.03
2014.06.18 08:28:27.956,0.82744,0.8277,1.65,2.03
2014.06.18 08:28:28.118,0.82744,0.8277,1.65,2.03
2014.06.18 08:28:28.170,0.82746,0.82772,1.65,2.03
2014.06.18 08:28:29.387,0.82743,0.82769,2.03,2.03
2014.06.18 08:28:29.889,0.82745,0.82773,1.65,2.03
2014.06.18 08:28:29.947,0.82745,0.82773,3.75,2.03
2014.06.18 08:28:29.997,0.82745,0.82773,5.51,2.03
2014.06.18 08:28:30.258,0.8275,0.82775,1.65,2.03
2014.06.18 08:28:31.206,0.8275,0.82775,1.65,2.03
2014.06.18 08:28:31.256,0.82747,0.82772,2.03,2.03
2014.06.18 08:28:31.426,0.82747,0.82772,2.03,2.03
2014.06.18 08:28:40.567,0.82745,0.82772,2.03,2.03
2014.06.18 08:28:41.436,0.82745,0.82772,2.03,2.03
2014.06.18 08:28:42.775,0.8275,0.82775,1.65,2.03
2014.06.18 08:28:46.517,0.82748,0.82773,2.03,2.03
2014.06.18 08:28:46.627,0.82746,0.82773,2.03,2.03
2014.06.18 08:28:48.122,0.82746,0.82773,1.65,2.03
2014.06.18 08:28:48.848,0.82746,0.82773,1.65,2.03
2014.06.18 08:28:50.256,0.82743,0.82771,2.63,2.03
2014.06.18 08:28:53.300,0.82743,0.82771,2.63,2.03
2014.06.18 08:28:53.741,0.82743,0.8277,1.30,2.03
2014.06.18 08:28:56.770,0.82743,0.8277,1.30,2.03
2014.06.18 08:28:57.860,0.82742,0.8277,2.63,2.03
2014.06.18 08:28:59.949,0.82742,0.8277,2.63,2.03
2014.06.18 08:29:13.955,0.82743,0.82769,2.63,2.03
2014.06.18 08:29:17.004,0.82743,0.82769,2.63,2.03
2014.06.18 08:29:24.515,0.82744,0.8277,2.03,2.03
2014.06.18 08:29:27.618,0.82744,0.8277,2.03,2.03
2014.06.18 08:29:32.395,0.82744,0.82769,2.48,2.03
2014.06.18 08:29:33.167,0.82745,0.82771,2.63,2.03
2014.06.18 08:29:33.935,0.82745,0.82771,2.63,2.03
2014.06.18 08:29:34.443,0.82745,0.82771,1.65,2.03
2014.06.18 08:29:35.096,0.82745,0.82771,2.03,2.03
2014.06.18 08:29:36.147,0.82741,0.82769,2.03,2.03
2014.06.18 08:29:36.818,0.82741,0.82769,2.03,2.03
2014.06.18 08:29:40.963,0.82741,0.82769,2.03,2.03
2014.06.18 08:29:45.252,0.82741,0.82769,2.03,2.03
2014.06.18 08:29:48.046,0.82741,0.82769,2.03,2.03
2014.06.18 08:29:51.097,0.82746,0.82771,1.65,2.03
2014.06.18 08:29:51.856,0.82746,0.82771,2.03,2.03
2014.06.18 08:29:53.444,0.82746,0.82771,2.03,2.03
2014.06.18 08:30:01.988,0.82743,0.82771,2.03,2.03
2014.06.18 08:30:02.246,0.82743,0.82769,2.03,2.03
2014.06.18 08:30:02.756,0.82741,0.82767,2.03,1.65
2014.06.18 08:30:03.317,0.82742,0.82768,2.03,2.03
2014.06.18 08:30:03.502,0.82742,0.82768,2.03,2.03
2014.06.18 08:30:04.173,0.82743,0.8277,2.03,2.03
2014.06.18 08:30:04.392,0.82744,0.82771,2.03,2.03
2014.06.18 08:30:05.258,0.82746,0.82771,2.03,2.03
2014.06.18 08:30:05.734,0.82744,0.8277,2.03,2.03
2014.06.18 08:30:06.248,0.82742,0.82768,2.03,2.03
2014.06.18 08:30:07.452,0.82742,0.82768,2.03,2.03
2014.06.18 08:30:08.910,0.82741,0.82767,2.03,2.03
2014.06.18 08:30:09.491,0.82739,0.82765,2.03,2.03
2014.06.18 08:30:09.871,0.82741,0.82767,2.03,2.03
2014.06.18 08:30:10.098,0.8274,0.82766,2.03,2.03
2014.06.18 08:30:10.481,0.82738,0.82766,2.63,2.03
2014.06.18 08:30:11.938,0.82738,0.82763,2.63,2.03
2014.06.18 08:30:12.282,0.82737,0.82762,2.03,2.03
2014.06.18 08:30:12.636,0.82733,0.82758,2.03,2.03
2014.06.18 08:30:13.187,0.82733,0.82758,2.03,2.03
2014.06.18 08:30:14.498,0.82734,0.82759,1.65,2.03
2014.06.18 08:30:14.548,0.8273,0.82757,2.63,2.03
2014.06.18 08:30:14.599,0.8273,0.82757,2.25,2.03
2014.06.18 08:30:14.711,0.82725,0.82751,2.63,2.03
2014.06.18 08:30:15.433,0.82725,0.82751,2.63,2.03
2014.06.18 08:30:16.117,0.82725,0.82751,2.63,2.03
2014.06.18 08:30:16.167,0.82726,0.82751,2.48,2.03
2014.06.18 08:30:16.468,0.82737,0.82763,1.65,1.65
2014.06.18 08:30:16.611,0.82738,0.82766,1.65,1.65
2014.06.18 08:30:17.136,0.82739,0.82767,1.65,2.03
2014.06.18 08:30:17.382,0.82739,0.82765,1.65,1.65
2014.06.18 08:30:17.711,0.82736,0.82764,2.63,2.03
2014.06.18 08:30:18.074,0.82733,0.82758,2.03,2.03
2014.06.18 08:30:18.514,0.82734,0.82762,2.03,2.03
2014.06.18 08:30:18.619,0.82732,0.82762,2.03,2.03
2014.06.18 08:30:18.920,0.82734,0.8276,2.03,2.03
2014.06.18 08:30:19.436,0.82735,0.82762,2.03,2.03
2014.06.18 08:30:19.753,0.82738,0.82763,2.03,2.03
2014.06.18 08:30:20.152,0.82739,0.82765,2.03,2.03
2014.06.18 08:30:20.411,0.8274,0.82766,2.03,2.03
2014.06.18 08:30:20.511,0.82742,0.82768,2.03,2.03
2014.06.18 08:30:20.858,0.82748,0.82773,1.65,2.03
2014.06.18 08:30:21.389,0.82748,0.82773,2.03,2.03
2014.06.18 08:30:22.008,0.82748,0.82773,1.65,2.03
2014.06.18 08:30:22.556,0.82748,0.82773,2.03,2.03
2014.06.18 08:30:24.506,0.82748,0.82773,2.03,1.65
2014.06.18 08:30:24.929,0.82757,0.82781,2.03,1.30
2014.06.18 08:30:25.486,0.82755,0.82782,2.03,2.03
2014.06.18 08:30:26.049,0.82757,0.82783,2.03,2.03
2014.06.18 08:30:27.512,0.82756,0.82781,2.03,2.03
2014.06.18 08:30:27.874,0.82751,0.82777,2.03,2.03
2014.06.18 08:30:28.232,0.82755,0.8278,2.03,2.03
2014.06.18 08:30:28.468,0.82755,0.8278,2.03,1.65
2014.06.18 08:30:28.976,0.82759,0.82784,2.03,2.03
2014.06.18 08:30:29.077,0.82761,0.82786,1.65,2.03
2014.06.18 08:30:29.787,0.82761,0.82786,2.03,2.03
2014.06.18 08:30:30.589,0.82761,0.82786,1.65,2.03
2014.06.18 08:30:30.888,0.82761,0.82786,2.03,2.03
2014.06.18 08:30:31.682,0.82761,0.82786,2.03,1.65
2014.06.18 08:30:31.783,0.82761,0.82787,2.03,1.65
2014.06.18 08:30:32.372,0.82762,0.82789,2.03,2.03
2014.06.18 08:30:32.423,0.82762,0.82789,2.03,2.03
2014.06.18 08:30:32.811,0.8276,0.82785,2.03,1.65
2014.06.18 08:30:32.861,0.8276,0.82785,2.03,2.03
2014.06.18 08:30:33.130,0.82758,0.82783,2.03,2.03
2014.06.18 08:30:33.798,0.82756,0.82781,2.03,2.03
2014.06.18 08:30:34.144,0.82752,0.82778,2.03,2.03
2014.06.18 08:30:34.555,0.8275,0.82776,2.03,2.03
2014.06.18 08:30:38.334,0.82751,0.82777,2.03,2.03
2014.06.18 08:30:38.495,0.82748,0.82774,2.03,2.03
2014.06.18 08:30:38.665,0.82748,0.82774,2.03,2.03
2014.06.18 08:30:39.104,0.82751,0.82777,2.03,2.03
2014.06.18 08:30:42.009,0.82752,0.82778,2.03,2.03
2014.06.18 08:30:42.526,0.82751,0.82777,2.63,1.65
2014.06.18 08:30:43.187,0.82751,0.82777,2.63,1.65
2014.06.18 08:30:43.253,0.82751,0.82777,2.63,1.65
2014.06.18 08:30:43.466,0.82757,0.82783,2.03,2.03
2014.06.18 08:30:44.010,0.82757,0.82783,2.03,2.03
2014.06.18 08:30:45.212,0.82757,0.82783,2.03,2.03
2014.06.18 08:30:45.646,0.82757,0.82783,2.03,1.65
2014.06.18 08:30:45.698,0.82759,0.82788,2.03,2.03
2014.06.18 08:30:46.205,0.82763,0.82789,2.03,1.65
2014.06.18 08:30:46.356,0.82763,0.82789,2.03,1.65
2014.06.18 08:30:46.457,0.82763,0.82791,2.03,2.03
2014.06.18 08:30:47.307,0.82766,0.82792,2.03,2.03
2014.06.18 08:30:47.745,0.82767,0.82792,2.03,1.65
2014.06.18 08:30:47.803,0.82771,0.82797,2.03,2.03
2014.06.18 08:30:48.126,0.82778,0.82803,1.65,2.03
2014.06.18 08:30:48.187,0.82778,0.82803,2.03,2.03
2014.06.18 08:30:48.731,0.82777,0.82803,2.03,2.03
2014.06.18 08:30:49.236,0.82775,0.82803,2.03,2.03
2014.06.18 08:30:49.728,0.82773,0.82798,1.30,2.03
2014.06.18 08:30:50.179,0.82769,0.82797,2.03,2.03
2014.06.18 08:30:50.635,0.82765,0.82795,2.63,2.03
2014.06.18 08:30:51.035,0.82766,0.82795,1.30,2.03
2014.06.18 08:30:51.480,0.82761,0.82788,2.03,2.03
2014.06.18 08:30:53.018,0.8276,0.82789,2.03,2.03
2014.06.18 08:30:54.560,0.82757,0.82785,2.63,2.03
2014.06.18 08:30:54.784,0.82754,0.82783,2.03,2.03
2014.06.18 08:30:55.071,0.8275,0.8278,2.63,2.03
2014.06.18 08:30:57.251,0.82751,0.82781,2.63,2.03
2014.06.18 08:30:58.232,0.82751,0.82779,2.63,2.03
2014.06.18 08:30:59.542,0.82751,0.82779,2.63,2.03
2014.06.18 08:31:00.312,0.82751,0.82779,2.63,2.03
2014.06.18 08:31:00.755,0.82753,0.82781,2.03,2.03
2014.06.18 08:31:00.970,0.82752,0.8278,2.03,2.03
2014.06.18 08:31:01.302,0.82751,0.8278,2.63,2.03
2014.06.18 08:31:01.738,0.82751,0.8278,2.63,2.03
2014.06.18 08:31:02.178,0.82752,0.8278,2.03,2.03
2014.06.18 08:31:02.329,0.82751,0.8278,2.63,2.03
2014.06.18 08:31:02.910,0.8275,0.82778,2.63,2.03
2014.06.18 08:31:03.239,0.8275,0.82781,2.63,2.03
2014.06.18 08:31:03.777,0.82752,0.8278,2.03,2.03
2014.06.18 08:31:04.280,0.82754,0.82782,2.03,2.03
2014.06.18 08:31:04.976,0.82753,0.82781,2.03,2.03
2014.06.18 08:31:05.040,0.82753,0.82781,2.03,2.03
2014.06.18 08:31:05.480,0.82751,0.82781,2.63,2.03
2014.06.18 08:31:05.698,0.82751,0.82781,2.63,2.03
2014.06.18 08:31:06.259,0.82751,0.82781,2.63,2.03
2014.06.18 08:31:06.873,0.82754,0.82782,2.03,2.03
2014.06.18 08:31:11.420,0.82755,0.82785,2.03,2.03
2014.06.18 08:31:11.924,0.82757,0.82785,2.03,2.03
2014.06.18 08:31:12.196,0.82757,0.82785,2.03,2.03
2014.06.18 08:31:12.535,0.82758,0.82786,2.03,2.03
2014.06.18 08:31:12.651,0.82758,0.82786,2.03,2.03
2014.06.18 08:31:14.844,0.82758,0.82786,2.03,2.03
2014.06.18 08:31:15.201,0.82756,0.82784,2.03,2.03
2014.06.18 08:31:15.622,0.82757,0.82785,2.03,2.03
2014.06.18 08:31:16.276,0.82757,0.82785,2.03,2.03
2014.06.18 08:31:18.633,0.82757,0.82785,2.03,2.03
2014.06.18 08:31:20.256,0.82757,0.82785,2.03,2.03
2014.06.18 08:31:20.370,0.82759,0.82789,2.03,2.03
2014.06.18 08:31:20.636,0.82761,0.82788,2.03,2.03
2014.06.18 08:31:21.025,0.82758,0.82786,2.63,2.03
2014.06.18 08:31:21.275,0.82758,0.82786,2.63,2.03
2014.06.18 08:31:21.783,0.82758,0.82786,2.63,2.03
2014.06.18 08:31:22.346,0.82759,0.82787,2.03,2.03
2014.06.18 08:31:22.923,0.82759,0.82787,2.03,2.03
2014.06.18 08:31:23.214,0.82758,0.8279,2.63,2.03
2014.06.18 08:31:23.264,0.82764,0.82792,2.03,2.03
2014.06.18 08:31:23.448,0.82768,0.82796,2.03,2.03
2014.06.18 08:31:24.054,0.82767,0.82795,2.03,2.03
2014.06.18 08:31:24.340,0.82767,0.82797,2.03,2.03
2014.06.18 08:31:24.864,0.82769,0.82797,2.03,2.03
2014.06.18 08:31:25.424,0.82769,0.82797,2.03,2.03
2014.06.18 08:31:25.885,0.82766,0.82794,2.03,2.03
2014.06.18 08:31:26.565,0.82766,0.82794,2.03,2.03
2014.06.18 08:31:28.631,0.82766,0.82794,2.03,2.03
2014.06.18 08:31:28.782,0.82763,0.82793,2.63,2.03
2014.06.18 08:31:29.487,0.82763,0.82791,2.63,2.03
2014.06.18 08:31:36.331,0.82763,0.82793,2.63,2.03
2014.06.18 08:31:36.663,0.82763,0.82791,2.63,2.03
2014.06.18 08:31:37.130,0.82761,0.82789,1.65,2.03
2014.06.18 08:31:37.230,0.82759,0.82786,1.30,2.03
2014.06.18 08:31:37.863,0.82757,0.82785,2.63,2.03
2014.06.18 08:31:38.390,0.82759,0.82785,1.30,2.03
2014.06.18 08:31:39.164,0.82758,0.82786,2.63,2.03
2014.06.18 08:31:39.265,0.82758,0.82786,2.63,2.03
2014.06.18 08:31:39.369,0.82758,0.82786,2.63,2.03
2014.06.18 08:31:40.054,0.82758,0.82786,2.63,2.03
2014.06.18 08:31:40.140,0.82758,0.82786,2.63,2.03
2014.06.18 08:31:41.360,0.82758,0.82786,2.63,2.03
2014.06.18 08:31:43.882,0.82758,0.82786,2.63,2.03
2014.06.18 08:31:44.324,0.82758,0.82786,2.63,2.03
2014.06.18 08:31:45.090,0.82758,0.82786,2.63,2.03
2014.06.18 08:31:46.076,0.82755,0.82783,2.03,2.03
2014.06.18 08:31:46.321,0.82756,0.82784,2.03,2.03
2014.06.18 08:31:46.892,0.82756,0.82784,2.03,2.03
2014.06.18 08:31:48.619,0.82756,0.82784,2.03,2.03
2014.06.18 08:31:52.228,0.82757,0.82785,2.03,2.03
2014.06.18 08:31:52.831,0.82757,0.82785,2.03,2.03
2014.06.18 08:31:53.541,0.82757,0.82785,2.03,2.03
2014.06.18 08:31:53.757,0.82757,0.82785,2.03,2.03
2014.06.18 08:31:54.198,0.82757,0.82785,2.03,2.03
2014.06.18 08:31:54.538,0.82752,0.82782,2.03,2.03
2014.06.18 08:31:55.050,0.82752,0.8278,1.65,2.03
2014.06.18 08:31:57.521,0.82751,0.82781,2.03,2.03
2014.06.18 08:31:57.721,0.82752,0.82782,1.65,2.03
2014.06.18 08:31:58.228,0.82752,0.82782,2.03,2.03
2014.06.18 08:31:58.650,0.82752,0.82782,2.03,2.03
2014.06.18 08:31:58.951,0.82753,0.82783,2.03,2.03
2014.06.18 08:32:00.714,0.82753,0.82782,1.65,2.03
2014.06.18 08:32:01.296,0.82752,0.8278,2.03,2.03
2014.06.18 08:32:01.809,0.82752,0.8278,1.65,2.03
2014.06.18 08:32:05.163,0.82753,0.82781,1.65,2.03
2014.06.18 08:32:08.145,0.82753,0.82781,2.03,2.03
2014.06.18 08:32:08.295,0.82754,0.82782,2.03,2.03
2014.06.18 08:32:08.396,0.82755,0.82783,1.65,2.03
2014.06.18 08:32:08.878,0.82754,0.82782,1.65,2.03
2014.06.18 08:32:09.106,0.82752,0.8278,1.65,2.03
2014.06.18 08:32:09.985,0.82753,0.82781,1.65,2.03
2014.06.18 08:32:11.243,0.82753,0.82781,2.03,2.03
2014.06.18 08:32:11.332,0.82753,0.82781,1.65,2.03
2014.06.18 08:32:12.744,0.82753,0.82781,2.03,2.03
2014.06.18 08:32:14.041,0.82753,0.82781,1.65,2.03
2014.06.18 08:32:14.668,0.82753,0.82781,2.03,2.03
2014.06.18 08:32:28.203,0.82753,0.82781,1.65,2.03
2014.06.18 08:32:28.832,0.82754,0.82784,2.03,2.03
2014.06.18 08:32:29.229,0.82758,0.82786,1.65,2.03
2014.06.18 08:32:29.826,0.82758,0.82786,1.65,2.03
2014.06.18 08:32:31.253,0.82758,0.82786,1.65,2.03
2014.06.18 08:32:31.367,0.82758,0.82786,2.03,2.03
2014.06.18 08:32:31.921,0.82761,0.82789,1.65,2.03
2014.06.18 08:32:31.972,0.82759,0.82789,1.65,2.03
2014.06.18 08:32:33.241,0.82759,0.82789,1.65,2.03
2014.06.18 08:32:33.291,0.82761,0.82789,1.65,2.03
2014.06.18 08:32:33.835,0.82761,0.82791,2.03,2.03
2014.06.18 08:32:34.258,0.82764,0.82792,1.65,2.03
2014.06.18 08:32:34.496,0.82764,0.82792,2.03,2.03
2014.06.18 08:32:34.829,0.8276,0.8279,2.03,2.03
2014.06.18 08:32:35.427,0.82758,0.82786,2.03,2.03
2014.06.18 08:32:36.146,0.8276,0.82788,1.65,2.03
2014.06.18 08:32:37.228,0.82759,0.82787,1.65,2.03
2014.06.18 08:32:37.747,0.8276,0.82788,1.65,2.03
2014.06.18 08:32:38.326,0.8276,0.82788,1.65,2.03
2014.06.18 08:32:38.885,0.8276,0.82788,1.65,2.03
2014.06.18 08:32:38.990,0.82762,0.8279,1.65,2.03
2014.06.18 08:32:39.040,0.82762,0.8279,1.65,2.03
2014.06.18 08:32:39.491,0.82764,0.82792,1.65,2.03
2014.06.18 08:32:40.109,0.82764,0.82792,1.65,2.03
2014.06.18 08:32:41.305,0.82764,0.82792,2.03,2.03
2014.06.18 08:32:42.091,0.82764,0.82792,1.65,2.03
2014.06.18 08:32:43.803,0.82764,0.82792,1.65,2.03
2014.06.18 08:32:44.356,0.82765,0.82793,1.65,2.03
2014.06.18 08:32:45.347,0.82765,0.82793,2.03,2.03
2014.06.18 08:32:45.887,0.82766,0.82794,1.65,2.03
2014.06.18 08:32:49.302,0.82766,0.82794,1.65,2.03
2014.06.18 08:32:49.894,0.82765,0.82793,1.65,2.03
2014.06.18 08:32:51.116,0.82767,0.82795,1.65,2.03
2014.06.18 08:32:51.286,0.82767,0.82795,1.65,2.03
2014.06.18 08:32:51.783,0.82769,0.82797,1.65,2.03
2014.06.18 08:32:52.155,0.82767,0.82797,1.65,2.03
2014.06.18 08:32:52.306,0.82767,0.82797,1.65,2.03
2014.06.18 08:32:52.823,0.82767,0.82797,1.65,2.03
2014.06.18 08:32:53.108,0.82765,0.82793,2.03,2.03
2014.06.18 08:32:53.833,0.82765,0.82793,1.65,2.03
2014.06.18 08:32:56.204,0.82763,0.82791,1.65,2.03
2014.06.18 08:32:56.343,0.82761,0.82789,2.25,2.03
2014.06.18 08:33:01.204,0.82761,0.82791,1.65,2.03
2014.06.18 08:33:05.428,0.82761,0.82791,1.65,2.03
2014.06.18 08:33:06.335,0.82761,0.82789,1.65,2.03
2014.06.18 08:33:06.402,0.82759,0.82787,1.65,2.03
2014.06.18 08:33:06.870,0.82759,0.82787,1.65,2.03
2014.06.18 08:33:07.056,0.82756,0.82786,2.63,2.03
2014.06.18 08:33:07.573,0.82756,0.82786,1.65,2.03
2014.06.18 08:33:07.969,0.82754,0.82782,1.65,2.03
2014.06.18 08:33:08.092,0.82754,0.82782,1.65,5.51
2014.06.18 08:33:08.425,0.82754,0.8278,1.65,2.63
2014.06.18 08:33:08.486,0.82751,0.82777,1.65,2.03
2014.06.18 08:33:08.537,0.82751,0.82777,1.65,2.03
2014.06.18 08:33:08.637,0.82748,0.82773,1.65,2.03
2014.06.18 08:33:08.788,0.82748,0.82774,1.65,2.03
2014.06.18 08:33:09.556,0.82747,0.82773,1.65,2.03
2014.06.18 08:33:12.226,0.82746,0.82773,1.65,2.03
2014.06.18 08:33:12.886,0.82747,0.82773,1.65,2.03
2014.06.18 08:33:13.615,0.82747,0.82773,1.65,2.03
2014.06.18 08:33:13.677,0.82747,0.82773,1.65,2.03
2014.06.18 08:33:13.814,0.82748,0.82774,1.65,2.03
2014.06.18 08:33:14.415,0.82749,0.82775,1.65,2.03
2014.06.18 08:33:16.193,0.82748,0.82773,1.65,2.03
2014.06.18 08:33:17.426,0.82747,0.82772,1.65,2.03
2014.06.18 08:33:18.040,0.82745,0.82772,2.03,2.03
2014.06.18 08:33:19.082,0.82746,0.82771,1.65,2.03
2014.06.18 08:33:19.728,0.82745,0.8277,2.03,2.03
2014.06.18 08:33:20.124,0.82746,0.82771,1.65,2.03
2014.06.18 08:33:20.682,0.82746,0.82773,2.03,2.03
2014.06.18 08:33:22.297,0.82746,0.82773,2.03,2.03
2014.06.18 08:33:24.602,0.82746,0.82771,1.65,2.03
2014.06.18 08:33:25.352,0.82747,0.82772,1.65,2.03
2014.06.18 08:33:26.342,0.82745,0.8277,1.65,2.03
2014.06.18 08:33:26.649,0.82741,0.82766,1.65,2.03
2014.06.18 08:33:26.905,0.82736,0.82764,2.03,2.03
2014.06.18 08:33:27.013,0.82734,0.82764,2.03,2.03
2014.06.18 08:33:27.540,0.82737,0.82764,2.03,2.03
2014.06.18 08:33:28.201,0.82737,0.82764,2.03,2.03
2014.06.18 08:33:28.653,0.82733,0.82763,2.03,2.03
2014.06.18 08:33:29.644,0.82737,0.82763,1.65,2.03
2014.06.18 08:33:29.745,0.82734,0.82759,1.65,2.03
2014.06.18 08:33:29.935,0.82728,0.82759,2.03,2.03
2014.06.18 08:33:29.986,0.82728,0.82759,2.03,2.03
2014.06.18 08:33:37.452,0.82733,0.82762,1.65,2.03
2014.06.18 08:33:37.503,0.82733,0.82762,2.03,2.03
2014.06.18 08:33:38.013,0.82737,0.82763,2.03,2.03
2014.06.18 08:33:38.335,0.8274,0.82766,2.03,2.03
2014.06.18 08:33:38.892,0.8274,0.82766,1.65,2.03
2014.06.18 08:33:39.222,0.82736,0.82761,2.03,2.03
2014.06.18 08:33:39.514,0.82732,0.82761,2.03,2.03
2014.06.18 08:33:39.890,0.82736,0.82761,2.03,2.03
2014.06.18 08:33:41.077,0.82736,0.82764,2.03,2.03
2014.06.18 08:33:41.185,0.82733,0.82761,2.03,2.03
2014.06.18 08:33:41.286,0.82736,0.82764,2.03,2.03
2014.06.18 08:33:41.835,0.82738,0.82766,1.65,2.03
2014.06.18 08:33:41.935,0.8274,0.82766,1.65,2.03
2014.06.18 08:33:42.509,0.82739,0.82767,5.51,2.03
2014.06.18 08:33:42.610,0.82742,0.82767,2.03,2.03
2014.06.18 08:33:43.172,0.82744,0.82769,1.65,2.03
2014.06.18 08:33:43.441,0.82744,0.82769,1.65,2.03
2014.06.18 08:33:43.943,0.82742,0.82769,2.03,2.03
2014.06.18 08:33:44.510,0.82741,0.82767,2.03,2.03
2014.06.18 08:33:44.849,0.82739,0.82765,2.03,2.03
2014.06.18 08:33:46.625,0.82742,0.82767,1.65,2.03
2014.06.18 08:33:47.531,0.8274,0.82766,2.03,2.03
2014.06.18 08:33:50.884,0.8274,0.82766,2.03,2.03
2014.06.18 08:33:56.385,0.82742,0.82767,1.65,2.03
2014.06.18 08:33:57.200,0.82742,0.82767,2.03,2.03
2014.06.18 08:33:57.861,0.82742,0.82767,1.65,2.03
2014.06.18 08:33:58.841,0.82741,0.82766,1.65,2.03
2014.06.18 08:33:59.782,0.82741,0.82766,1.65,2.03
2014.06.18 08:34:00.579,0.82741,0.82766,2.03,2.03
2014.06.18 08:34:01.995,0.82742,0.82767,1.65,2.03
2014.06.18 08:34:02.256,0.82738,0.82764,2.03,2.03
2014.06.18 08:34:02.426,0.82742,0.82767,1.65,2.03
2014.06.18 08:34:03.303,0.8274,0.82765,1.65,2.03
2014.06.18 08:34:04.134,0.82737,0.82763,2.03,2.03
2014.06.18 08:34:04.685,0.82737,0.82763,2.03,2.03
2014.06.18 08:34:05.407,0.82737,0.82763,2.03,2.03
2014.06.18 08:34:05.784,0.82735,0.8276,2.03,2.03
2014.06.18 08:34:06.115,0.82733,0.82758,2.03,2.03
2014.06.18 08:34:06.663,0.82731,0.82756,2.03,2.03
2014.06.18 08:34:08.531,0.82731,0.82756,2.03,1.65
2014.06.18 08:34:08.732,0.82735,0.82761,2.03,2.03
2014.06.18 08:34:09.184,0.82737,0.82763,2.03,2.03
2014.06.18 08:34:11.723,0.82737,0.82766,2.03,2.03
2014.06.18 08:34:12.512,0.82741,0.82767,2.03,2.03
2014.06.18 08:34:14.420,0.82741,0.82767,2.03,2.03
2014.06.18 08:34:21.842,0.82741,0.82767,1.65,2.03
2014.06.18 08:34:22.415,0.8274,0.82765,1.65,2.03
2014.06.18 08:34:28.013,0.8274,0.82765,2.03,2.03
2014.06.18 08:34:28.367,0.82745,0.82771,2.03,2.03
2014.06.18 08:34:33.052,0.82747,0.82772,2.03,2.03
2014.06.18 08:34:33.271,0.82747,0.82774,2.03,2.03
2014.06.18 08:34:33.492,0.8275,0.82778,2.03,2.03
2014.06.18 08:34:35.885,0.82751,0.82779,2.03,2.03
2014.06.18 08:34:36.631,0.82751,0.82779,2.03,2.03
2014.06.18 08:34:37.184,0.82751,0.82779,2.03,2.03
2014.06.18 08:34:40.073,0.82751,0.82779,5.51,2.03
2014.06.18 08:34:40.174,0.82756,0.82782,2.03,2.03
2014.06.18 08:34:40.292,0.82755,0.82781,1.65,2.03
2014.06.18 08:34:40.871,0.82756,0.82782,1.65,2.03
2014.06.18 08:34:41.681,0.82755,0.8278,1.65,2.03
2014.06.18 08:34:41.911,0.82752,0.82777,2.03,2.03
2014.06.18 08:34:42.134,0.82749,0.82774,2.63,2.03
2014.06.18 08:34:42.242,0.82751,0.82776,2.03,2.03
2014.06.18 08:34:42.744,0.82751,0.82776,2.03,2.03
2014.06.18 08:34:43.193,0.82751,0.82776,2.03,2.03
2014.06.18 08:34:45.327,0.82751,0.82776,2.03,2.03
2014.06.18 08:34:46.570,0.82751,0.82776,2.03,2.03
2014.06.18 08:34:46.724,0.82749,0.82774,2.03,2.03
2014.06.18 08:34:46.824,0.82748,0.82773,2.03,2.03
2014.06.18 08:34:47.583,0.82748,0.82773,2.03,2.03
2014.06.18 08:34:49.546,0.82747,0.82772,2.03,2.03
2014.06.18 08:34:55.622,0.82747,0.82772,1.65,2.03
2014.06.18 08:34:56.223,0.82745,0.82771,2.03,2.03
2014.06.18 08:34:58.411,0.82747,0.82772,1.65,2.03
2014.06.18 08:35:00.371,0.82746,0.82774,2.03,2.03
2014.06.18 08:35:03.346,0.82746,0.82774,2.03,2.03
2014.06.18 08:35:05.950,0.82746,0.82774,2.03,2.03
2014.06.18 08:35:06.388,0.82746,0.82774,2.03,2.03
2014.06.18 08:35:06.942,0.82747,0.82775,1.65,2.03
2014.06.18 08:35:07.488,0.82748,0.82775,2.03,2.03
2014.06.18 08:35:23.697,0.82747,0.82773,1.65,2.03
2014.06.18 08:35:24.580,0.82747,0.82772,1.65,2.03
2014.06.18 08:35:34.355,0.82747,0.82772,1.65,2.03
2014.06.18 08:35:36.840,0.82747,0.82772,1.65,2.03
2014.06.18 08:35:43.114,0.82747,0.82772,1.65,2.03
2014.06.18 08:35:43.164,0.82743,0.8277,1.65,2.03
2014.06.18 08:35:43.822,0.82743,0.82768,1.65,2.03
2014.06.18 08:35:44.482,0.82742,0.82767,1.65,2.03
2014.06.18 08:35:44.673,0.8274,0.82768,2.03,2.03
2014.06.18 08:35:45.113,0.82742,0.82767,1.65,1.65
2014.06.18 08:35:46.080,0.82742,0.82767,2.25,2.03
2014.06.18 08:35:46.130,0.82744,0.8277,1.65,2.03
2014.06.18 08:35:46.231,0.82747,0.82773,1.65,2.63
2014.06.18 08:35:46.331,0.82744,0.8277,1.65,2.03
2014.06.18 08:35:46.910,0.82745,0.8277,1.65,2.03
2014.06.18 08:35:47.200,0.82747,0.82773,1.65,2.63
2014.06.18 08:35:47.251,0.82747,0.82772,1.65,1.30
2014.06.18 08:35:47.662,0.82744,0.8277,1.65,1.65
2014.06.18 08:35:48.331,0.82744,0.8277,1.65,2.03
2014.06.18 08:35:48.919,0.82743,0.82769,1.65,2.03
2014.06.18 08:35:53.117,0.82745,0.8277,1.65,2.03
2014.06.18 08:35:55.819,0.82743,0.82768,1.65,1.65
2014.06.18 08:36:04.088,0.82743,0.82768,2.03,1.65
2014.06.18 08:36:04.825,0.82744,0.82771,2.03,2.03
2014.06.18 08:36:06.303,0.82744,0.82769,2.03,2.03
2014.06.18 08:36:07.078,0.82744,0.82772,2.03,2.63
2014.06.18 08:36:11.032,0.82745,0.8277,2.03,2.03
2014.06.18 08:36:11.317,0.82743,0.82768,2.03,2.03
2014.06.18 08:36:11.476,0.82743,0.82768,2.03,2.03
2014.06.18 08:36:12.258,0.82743,0.82768,1.65,2.03
2014.06.18 08:36:16.040,0.82742,0.82767,2.03,2.03
2014.06.18 08:36:16.959,0.82744,0.82769,1.65,2.03
2014.06.18 08:36:17.029,0.82742,0.82767,1.65,1.65
2014.06.18 08:36:19.992,0.82743,0.82768,1.65,1.65
2014.06.18 08:36:20.434,0.82744,0.8277,1.65,1.65
2014.06.18 08:36:20.680,0.82746,0.82773,1.65,2.63
2014.06.18 08:36:21.090,0.82743,0.82771,2.03,1.65
2014.06.18 08:36:21.439,0.82747,0.82772,1.65,1.65
2014.06.18 08:36:21.641,0.82744,0.8277,1.65,1.65
2014.06.18 08:36:21.861,0.82743,0.82768,2.03,1.65
2014.06.18 08:36:22.191,0.82743,0.82771,1.65,1.65
2014.06.18 08:36:23.228,0.82743,0.82771,2.03,1.65
2014.06.18 08:36:23.628,0.82743,0.82768,2.03,1.65
2014.06.18 08:36:24.297,0.82743,0.82768,1.65,1.65
2014.06.18 08:36:28.931,0.82742,0.82767,1.65,1.65
2014.06.18 08:36:31.041,0.82742,0.82767,1.65,2.03
2014.06.18 08:36:31.390,0.82742,0.82767,1.65,2.03
2014.06.18 08:36:31.455,0.82737,0.82763,2.25,2.03
2014.06.18 08:36:32.128,0.82738,0.82764,1.65,2.03
2014.06.18 08:36:32.768,0.82737,0.82763,1.65,1.65
2014.06.18 08:36:33.956,0.82739,0.82764,1.65,2.03
2014.06.18 08:36:34.251,0.82742,0.82767,1.65,1.65
2014.06.18 08:36:34.422,0.8274,0.82765,2.03,1.65
2014.06.18 08:36:34.531,0.82741,0.82768,2.03,1.65
2014.06.18 08:36:34.582,0.82741,0.82768,2.03,1.65
2014.06.18 08:36:34.642,0.82741,0.8277,2.03,2.03
2014.06.18 08:36:34.759,0.82741,0.8277,2.03,2.03
2014.06.18 08:36:34.860,0.82739,0.82766,2.63,1.65
2014.06.18 08:36:34.910,0.82739,0.82766,2.63,1.65
2014.06.18 08:36:34.975,0.82741,0.82766,1.65,1.65
2014.06.18 08:36:38.049,0.82739,0.82765,2.63,1.65
2014.06.18 08:36:44.409,0.8274,0.82766,1.65,1.65
2014.06.18 08:36:48.675,0.8274,0.82766,2.03,1.65
2014.06.18 08:36:49.193,0.82741,0.82767,2.03,1.65
2014.06.18 08:36:50.513,0.82741,0.82767,2.03,1.65
2014.06.18 08:36:50.614,0.82743,0.82769,2.03,1.65
2014.06.18 08:36:51.174,0.82743,0.82769,2.03,1.65
2014.06.18 08:36:52.591,0.82744,0.82769,2.03,1.65
2014.06.18 08:36:54.231,0.82746,0.82771,2.03,1.65
2014.06.18 08:36:57.532,0.82745,0.8277,2.03,1.65
2014.06.18 08:36:58.082,0.82746,0.82771,2.03,1.65
2014.06.18 08:36:58.132,0.82746,0.82771,5.51,1.65
2014.06.18 08:36:58.182,0.82748,0.82775,2.25,2.03
2014.06.18 08:36:58.283,0.8275,0.82778,2.03,2.63
2014.06.18 08:36:58.383,0.8275,0.82776,2.03,1.65
2014.06.18 08:36:58.908,0.82751,0.82777,2.03,1.65
2014.06.18 08:36:59.239,0.8275,0.82775,2.03,1.65
2014.06.18 08:36:59.789,0.82748,0.82775,2.63,1.65
2014.06.18 08:37:00.129,0.82746,0.82771,2.03,1.65
2014.06.18 08:37:00.448,0.82744,0.82769,2.03,1.65
2014.06.18 08:37:00.834,0.82744,0.82769,2.03,1.65
2014.06.18 08:37:02.023,0.82744,0.82769,2.03,1.65
2014.06.18 08:37:02.102,0.82747,0.82772,1.65,1.65
2014.06.18 08:37:02.562,0.82748,0.82773,2.03,1.65
2014.06.18 08:37:02.618,0.82751,0.82777,2.03,1.65
2014.06.18 08:37:02.789,0.82752,0.82778,2.03,1.65
2014.06.18 08:37:03.198,0.82754,0.8278,1.65,2.03
2014.06.18 08:37:03.750,0.82752,0.82778,2.03,1.65
2014.06.18 08:37:03.970,0.82754,0.8278,1.65,2.03
2014.06.18 08:37:10.782,0.82755,0.82781,1.65,1.65
2014.06.18 08:37:14.568,0.82755,0.82781,2.03,1.65
2014.06.18 08:37:14.969,0.82759,0.82786,1.65,2.03
2014.06.18 08:37:15.493,0.82759,0.82786,2.03,1.65
2014.06.18 08:37:18.251,0.82759,0.82784,2.03,1.65
2014.06.18 08:37:18.471,0.82759,0.82786,2.03,1.65
2014.06.18 08:37:18.840,0.82761,0.82786,2.10,1.65
2014.06.18 08:37:18.941,0.82765,0.8279,1.65,2.03
2014.06.18 08:37:19.245,0.82765,0.82793,2.63,1.65
2014.06.18 08:37:19.781,0.82768,0.82794,2.03,1.65
2014.06.18 08:37:20.597,0.82768,0.82794,2.03,1.65
2014.06.18 08:37:20.698,0.82769,0.82796,5.51,1.65
2014.06.18 08:37:20.923,0.82768,0.82794,2.03,1.65
2014.06.18 08:37:21.841,0.82768,0.82794,2.03,1.65
2014.06.18 08:37:22.110,0.82767,0.82793,1.65,1.65
2014.06.18 08:37:26.475,0.82765,0.82793,2.03,1.65
2014.06.18 08:37:26.525,0.82765,0.82791,1.65,1.65
2014.06.18 08:37:27.031,0.82763,0.82791,2.03,2.03
2014.06.18 08:37:27.983,0.82763,0.82791,1.65,2.03
2014.06.18 08:37:28.508,0.82762,0.82788,2.03,1.65
2014.06.18 08:37:31.582,0.82762,0.82788,1.65,2.03
2014.06.18 08:37:31.682,0.82759,0.82785,2.03,1.65
2014.06.18 08:37:32.147,0.82758,0.82784,2.63,1.65
2014.06.18 08:37:32.200,0.82761,0.82787,2.03,1.65
2014.06.18 08:37:32.421,0.82759,0.82787,2.03,2.03
2014.06.18 08:37:33.099,0.82761,0.82787,1.65,2.03
2014.06.18 08:37:33.199,0.82759,0.82787,2.03,1.65
2014.06.18 08:37:33.409,0.82758,0.82784,2.03,1.65
2014.06.18 08:37:33.521,0.82759,0.82786,2.03,1.65
2014.06.18 08:37:33.722,0.82761,0.82788,1.65,2.03
2014.06.18 08:37:34.410,0.82759,0.82786,2.03,1.65
2014.06.18 08:37:34.613,0.82758,0.82785,2.03,1.65
2014.06.18 08:37:34.664,0.82755,0.82782,2.03,1.65
2014.06.18 08:37:35.326,0.82755,0.82782,2.03,1.65
2014.06.18 08:37:35.900,0.82755,0.82782,2.63,1.65
2014.06.18 08:37:35.951,0.82758,0.82785,2.03,1.65
2014.06.18 08:37:36.390,0.8276,0.82789,1.65,2.03
2014.06.18 08:37:36.440,0.8276,0.82789,2.03,2.03
2014.06.18 08:37:40.057,0.8276,0.82789,1.65,2.03
2014.06.18 08:37:40.261,0.8276,0.82789,2.03,1.65
2014.06.18 08:37:40.607,0.82762,0.82789,2.03,1.65
2014.06.18 08:37:40.657,0.82763,0.82792,2.03,1.65
2014.06.18 08:37:41.882,0.82765,0.82792,1.65,2.03
2014.06.18 08:37:42.518,0.82761,0.82791,2.03,2.03
2014.06.18 08:37:50.120,0.82763,0.82791,2.03,1.65
2014.06.18 08:38:05.705,0.82764,0.82793,2.03,2.03
2014.06.18 08:38:05.919,0.82766,0.82794,1.65,2.03
2014.06.18 08:38:06.798,0.82765,0.82793,1.65,2.03
2014.06.18 08:38:07.388,0.82764,0.82792,1.65,2.03
2014.06.18 08:38:08.123,0.82763,0.82791,1.65,2.03
2014.06.18 08:38:08.475,0.82761,0.82791,1.65,2.03
2014.06.18 08:38:08.989,0.82762,0.8279,1.65,1.65
2014.06.18 08:38:10.022,0.82755,0.82783,2.03,1.65
2014.06.18 08:38:10.141,0.82755,0.82783,2.03,1.65
2014.06.18 08:38:10.664,0.82756,0.82784,2.03,1.65
2014.06.18 08:38:10.764,0.82758,0.82786,2.03,2.03
2014.06.18 08:38:11.106,0.82758,0.82786,2.03,1.65
2014.06.18 08:38:11.407,0.82758,0.82786,2.03,2.03
2014.06.18 08:38:16.155,0.82758,0.82786,2.03,2.03
2014.06.18 08:38:16.482,0.82758,0.82786,2.03,2.03
2014.06.18 08:38:17.270,0.82755,0.82785,2.03,2.03
2014.06.18 08:38:20.437,0.82761,0.8279,2.03,2.03
2014.06.18 08:38:20.740,0.82761,0.82786,1.65,2.03
2014.06.18 08:38:23.839,0.82761,0.82786,1.65,2.03
2014.06.18 08:38:24.499,0.82761,0.82786,2.03,2.03
2014.06.18 08:38:29.718,0.82761,0.82786,2.03,1.65
2014.06.18 08:38:29.819,0.82763,0.82789,1.65,2.03
2014.06.18 08:38:29.869,0.82765,0.82791,1.65,2.03
2014.06.18 08:38:29.934,0.82765,0.82791,1.65,2.03
2014.06.18 08:38:30.587,0.82766,0.82792,1.65,2.03
2014.06.18 08:38:30.905,0.82766,0.82792,1.65,2.03
2014.06.18 08:38:31.645,0.82765,0.82791,1.65,2.03
2014.06.18 08:38:33.208,0.82765,0.82791,1.65,2.03
2014.06.18 08:38:33.737,0.82767,0.82793,1.65,2.03
2014.06.18 08:38:34.798,0.82767,0.82793,1.65,2.63
2014.06.18 08:38:35.108,0.82762,0.82789,2.03,1.65
2014.06.18 08:38:35.524,0.82762,0.82787,2.03,1.65
2014.06.18 08:38:36.560,0.82763,0.82788,1.65,1.65
2014.06.18 08:38:38.991,0.82764,0.82792,1.65,1.65
2014.06.18 08:38:39.235,0.82767,0.82793,1.65,2.03
2014.06.18 08:38:39.680,0.82765,0.8279,1.65,1.65
2014.06.18 08:38:39.780,0.82763,0.82789,2.63,1.65
2014.06.18 08:38:40.197,0.82761,0.82789,1.65,1.65
2014.06.18 08:38:40.785,0.82761,0.82789,1.65,2.03
2014.06.18 08:38:41.017,0.82759,0.82789,2.03,2.03
2014.06.18 08:38:41.187,0.82761,0.82789,1.65,2.03
2014.06.18 08:38:41.695,0.8276,0.82788,1.65,2.03
2014.06.18 08:38:42.437,0.8276,0.82788,2.03,2.03
2014.06.18 08:38:45.150,0.82763,0.82791,1.65,2.03
2014.06.18 08:38:45.276,0.82763,0.82791,1.65,2.03
2014.06.18 08:38:45.826,0.82763,0.82791,1.65,2.03
2014.06.18 08:38:46.127,0.82763,0.82791,1.65,2.03
2014.06.18 08:38:46.178,0.82756,0.82786,2.03,2.03
2014.06.18 08:38:47.807,0.82759,0.82787,1.65,2.03
2014.06.18 08:38:47.907,0.82761,0.82789,1.65,2.03
2014.06.18 08:38:48.062,0.82762,0.8279,1.65,1.65
2014.06.18 08:38:48.831,0.82763,0.82791,1.65,2.03
2014.06.18 08:38:49.490,0.82764,0.82794,1.65,2.03
2014.06.18 08:38:50.104,0.82763,0.82793,2.03,2.03
2014.06.18 08:38:54.278,0.82765,0.82793,1.65,2.03
2014.06.18 08:38:54.394,0.82763,0.82793,1.65,2.03
2014.06.18 08:38:55.526,0.82763,0.82793,1.65,2.03
2014.06.18 08:38:55.771,0.8276,0.82788,1.65,1.65
2014.06.18 08:38:55.872,0.82758,0.82786,2.03,1.65
2014.06.18 08:38:56.423,0.82757,0.82785,2.03,1.65
2014.06.18 08:38:56.846,0.82758,0.82786,2.03,1.65
2014.06.18 08:38:56.932,0.82761,0.82789,1.65,1.65
2014.06.18 08:38:57.076,0.82763,0.82791,1.65,2.03
2014.06.18 08:38:58.148,0.82763,0.82791,2.03,2.03
2014.06.18 08:38:59.567,0.82763,0.82791,2.03,1.65
2014.06.18 08:39:00.010,0.82763,0.82791,2.03,1.65
2014.06.18 08:39:00.311,0.82763,0.82791,2.03,1.65
2014.06.18 08:39:00.890,0.82763,0.82791,2.03,2.03
2014.06.18 08:39:05.127,0.82763,0.82791,1.65,2.03
2014.06.18 08:39:05.277,0.82761,0.82789,1.65,2.03
2014.06.18 08:39:06.268,0.82761,0.82789,1.65,2.03
2014.06.18 08:39:08.576,0.8276,0.82788,1.65,2.03
2014.06.18 08:39:09.676,0.82759,0.82787,2.03,2.03
2014.06.18 08:39:10.413,0.8276,0.82788,1.65,2.03
2014.06.18 08:39:13.435,0.82759,0.82787,2.03,2.03
2014.06.18 08:39:14.119,0.82759,0.82788,1.65,2.03
2014.06.18 08:39:14.456,0.82758,0.82787,1.65,2.03
2014.06.18 08:39:15.266,0.82757,0.82786,2.03,2.03
2014.06.18 08:39:17.975,0.82757,0.82786,2.03,2.03
2014.06.18 08:39:18.420,0.82758,0.82787,2.03,1.65
2014.06.18 08:39:18.768,0.8276,0.8279,2.03,2.03
2014.06.18 08:39:18.875,0.8276,0.8279,2.03,2.03
2014.06.18 08:39:19.886,0.82763,0.82788,2.03,1.65
2014.06.18 08:39:21.868,0.82761,0.82787,2.03,1.65
2014.06.18 08:39:22.399,0.82761,0.82787,2.03,1.65
2014.06.18 08:39:23.109,0.82761,0.82787,2.03,1.65
2014.06.18 08:39:23.771,0.8276,0.82786,2.03,1.65
2014.06.18 08:39:27.173,0.82759,0.82784,2.03,1.65
2014.06.18 08:39:27.569,0.8276,0.82786,2.03,2.25
2014.06.18 08:39:28.214,0.82761,0.82786,2.03,1.65
2014.06.18 08:39:36.297,0.82761,0.82786,2.03,1.65
2014.06.18 08:39:37.687,0.82762,0.82787,2.03,1.65
2014.06.18 08:39:38.240,0.82761,0.82786,2.03,1.65
2014.06.18 08:39:40.955,0.82762,0.82787,2.03,1.65
2014.06.18 08:39:41.540,0.82761,0.82786,2.03,1.65
2014.06.18 08:39:43.376,0.82762,0.82787,2.03,1.65
2014.06.18 08:39:43.924,0.82761,0.82786,2.03,1.65
2014.06.18 08:39:44.513,0.82762,0.82787,2.03,1.65
2014.06.18 08:39:49.646,0.82763,0.82788,2.03,1.65
2014.06.18 08:39:52.510,0.8276,0.82785,2.03,1.65
2014.06.18 08:39:53.819,0.8276,0.82785,2.25,1.65
2014.06.18 08:39:53.965,0.82764,0.8279,1.65,2.03
2014.06.18 08:39:54.203,0.82764,0.8279,1.65,2.03
2014.06.18 08:39:54.711,0.82761,0.82786,1.65,1.65
2014.06.18 08:39:56.022,0.82756,0.82781,1.65,1.65
2014.06.18 08:39:56.173,0.82748,0.82785,1.30,2.10
2014.06.18 08:39:56.490,0.82749,0.82775,1.65,1.65
2014.06.18 08:39:56.811,0.82744,0.82769,1.65,1.65
2014.06.18 08:39:56.912,0.82746,0.82772,1.65,1.65
2014.06.18 08:39:57.005,0.82744,0.82772,1.65,1.65
2014.06.18 08:39:57.375,0.82746,0.82772,1.65,1.65
2014.06.18 08:39:58.095,0.82747,0.82773,1.65,1.65
2014.06.18 08:39:59.097,0.82748,0.82774,1.65,2.25
2014.06.18 08:39:59.424,0.8275,0.82775,2.03,1.65
2014.06.18 08:40:08.356,0.82752,0.82777,1.65,1.65
2014.06.18 08:40:08.672,0.82756,0.82782,2.03,1.65
2014.06.18 08:40:08.870,0.82755,0.82784,2.03,2.63
2014.06.18 08:40:09.416,0.82757,0.82784,2.03,2.25
2014.06.18 08:40:12.218,0.82756,0.82782,2.03,1.65
2014.06.18 08:40:12.816,0.82755,0.8278,2.03,1.65
2014.06.18 08:40:12.917,0.82753,0.8278,2.03,1.65
2014.06.18 08:40:13.097,0.82752,0.82777,2.03,1.65
2014.06.18 08:40:14.737,0.82752,0.82777,1.65,2.25
2014.06.18 08:40:14.788,0.8275,0.82775,1.65,1.65
2014.06.18 08:40:14.838,0.8275,0.82775,1.65,2.03
2014.06.18 08:40:14.888,0.82747,0.82773,1.65,2.03
2014.06.18 08:40:15.019,0.82745,0.82771,2.03,1.65
2014.06.18 08:40:15.770,0.82744,0.8277,1.65,2.03
2014.06.18 08:40:17.851,0.82743,0.82769,1.65,1.65
2014.06.18 08:40:19.565,0.82743,0.82771,1.65,2.03
2014.06.18 08:40:20.158,0.82743,0.82769,1.65,1.65
2014.06.18 08:40:20.668,0.82738,0.82763,2.63,1.65
2014.06.18 08:40:20.996,0.82741,0.82766,2.03,1.65
2014.06.18 08:40:21.112,0.82743,0.82768,1.65,1.65
2014.06.18 08:40:21.660,0.82743,0.82768,2.03,1.65
2014.06.18 08:40:22.247,0.82742,0.8277,2.03,2.03
2014.06.18 08:40:22.474,0.82746,0.82772,2.03,1.65
2014.06.18 08:40:22.574,0.82746,0.82772,2.03,1.65
2014.06.18 08:40:22.679,0.82749,0.82774,2.03,1.65
2014.06.18 08:40:22.880,0.82751,0.82776,1.65,1.65
2014.06.18 08:40:23.526,0.82749,0.82776,2.03,1.65
2014.06.18 08:40:24.303,0.82749,0.82776,1.65,2.03
2014.06.18 08:40:24.612,0.82748,0.82774,2.03,1.65
2014.06.18 08:40:25.268,0.82749,0.82774,1.65,1.65
2014.06.18 08:40:26.925,0.82748,0.82774,2.03,1.65
2014.06.18 08:40:27.481,0.82747,0.82773,2.03,1.65
2014.06.18 08:40:27.576,0.82748,0.82775,2.03,2.25
2014.06.18 08:40:27.626,0.82748,0.82775,2.03,2.25
2014.06.18 08:40:28.017,0.8275,0.82777,2.03,1.65
2014.06.18 08:40:28.798,0.82752,0.82777,1.65,1.65
2014.06.18 08:40:29.796,0.82755,0.8278,1.65,2.25
2014.06.18 08:40:30.235,0.82755,0.82781,1.65,1.65
2014.06.18 08:40:31.755,0.82755,0.8278,2.03,1.65
2014.06.18 08:40:32.525,0.82755,0.82781,2.03,1.65
2014.06.18 08:40:33.188,0.82756,0.82783,1.65,2.03
2014.06.18 08:40:34.305,0.82756,0.82781,2.03,1.65
2014.06.18 08:40:34.408,0.8275,0.82778,2.03,1.65
2014.06.18 08:40:34.635,0.82753,0.8278,1.65,2.03
2014.06.18 08:40:34.968,0.8275,0.82777,2.03,1.65
2014.06.18 08:40:35.607,0.82749,0.82777,2.03,2.03
2014.06.18 08:40:36.412,0.8275,0.82778,2.03,1.65
2014.06.18 08:40:36.945,0.82748,0.82777,2.03,2.03
2014.06.18 08:40:38.008,0.82748,0.82777,2.03,1.65
2014.06.18 08:40:38.560,0.82748,0.82777,2.03,2.03
2014.06.18 08:40:38.711,0.82744,0.82774,2.03,1.65
2014.06.18 08:40:38.791,0.82744,0.82772,2.03,1.65
2014.06.18 08:40:39.300,0.82743,0.82774,2.03,2.03
2014.06.18 08:40:40.107,0.82745,0.82772,1.65,2.03
2014.06.18 08:40:40.437,0.82748,0.82774,1.65,2.03
2014.06.18 08:40:40.921,0.8275,0.82776,1.65,2.03
2014.06.18 08:40:41.356,0.8275,0.82776,1.65,2.63
2014.06.18 08:40:41.427,0.82748,0.82773,2.03,2.25
2014.06.18 08:40:41.808,0.82749,0.82775,1.65,2.63
2014.06.18 08:40:42.417,0.82745,0.82772,2.03,2.03
2014.06.18 08:40:43.004,0.82745,0.82772,2.03,2.63
2014.06.18 08:40:43.305,0.82745,0.82772,1.65,2.63
2014.06.18 08:40:44.493,0.82745,0.82772,1.65,2.63
2014.06.18 08:40:44.984,0.82743,0.82768,1.65,2.03
2014.06.18 08:40:45.341,0.82743,0.82765,1.65,2.10
2014.06.18 08:40:45.391,0.8274,0.82765,1.65,3.75
2014.06.18 08:40:45.645,0.82738,0.82763,2.03,2.25
2014.06.18 08:40:46.865,0.82738,0.82763,1.65,1.65
2014.06.18 08:40:47.133,0.82738,0.82763,1.65,2.03
2014.06.18 08:40:47.676,0.82738,0.82763,1.65,2.03
2014.06.18 08:40:48.548,0.82738,0.82763,1.65,2.03
2014.06.18 08:40:48.898,0.82739,0.82765,1.65,2.03
2014.06.18 08:40:49.055,0.82741,0.82766,1.65,2.03
2014.06.18 08:40:49.106,0.82741,0.82766,1.65,2.03
2014.06.18 08:40:49.666,0.82742,0.82768,1.65,2.03
2014.06.18 08:40:50.242,0.82742,0.82768,1.65,2.03
2014.06.18 08:40:52.835,0.8274,0.82765,1.65,1.65
2014.06.18 08:40:55.114,0.82739,0.82764,2.03,1.65
2014.06.18 08:40:57.636,0.82739,0.82764,1.65,2.03
2014.06.18 08:40:57.686,0.82736,0.82761,2.03,1.65
2014.06.18 08:40:58.217,0.82734,0.82762,2.03,1.65
2014.06.18 08:40:59.026,0.82736,0.82761,2.03,1.65
2014.06.18 08:40:59.865,0.82736,0.82761,1.65,2.03
2014.06.18 08:41:00.392,0.82732,0.82758,2.03,2.03
2014.06.18 08:41:01.053,0.82733,0.8276,2.03,2.03
2014.06.18 08:41:01.663,0.82732,0.82759,2.03,1.65
2014.06.18 08:41:02.237,0.82732,0.82758,2.03,2.03
2014.06.18 08:41:02.902,0.82732,0.82758,2.03,2.03
2014.06.18 08:41:04.091,0.82732,0.82758,2.03,1.65
2014.06.18 08:41:06.494,0.82732,0.82758,2.03,1.65
2014.06.18 08:41:06.653,0.82733,0.8276,2.03,2.03
2014.06.18 08:41:07.190,0.82737,0.82764,2.03,2.03
2014.06.18 08:41:07.382,0.82737,0.82764,2.03,2.03
2014.06.18 08:41:08.837,0.82739,0.82764,1.65,2.03
2014.06.18 08:41:08.970,0.82736,0.82761,1.65,2.03
2014.06.18 08:41:09.471,0.82736,0.82761,2.03,1.65
2014.06.18 08:41:10.536,0.82741,0.82767,1.65,2.03
2014.06.18 08:41:10.699,0.82739,0.82766,2.03,2.03
2014.06.18 08:41:11.509,0.82738,0.82765,2.03,1.65
2014.06.18 08:41:11.974,0.82739,0.82767,2.03,2.03
2014.06.18 08:41:15.855,0.82739,0.82765,2.03,1.65
2014.06.18 08:41:18.566,0.82739,0.82765,2.03,1.65
2014.06.18 08:41:18.806,0.82739,0.82765,2.03,1.65
2014.06.18 08:41:19.296,0.82738,0.82767,2.03,2.03
2014.06.18 08:41:19.352,0.82738,0.82767,2.03,2.03
2014.06.18 08:41:19.763,0.8274,0.82767,2.03,2.03
2014.06.18 08:41:24.434,0.8274,0.82767,2.03,2.03
2014.06.18 08:41:24.988,0.82739,0.82765,2.03,2.03
2014.06.18 08:41:25.424,0.82738,0.82764,2.03,2.03
2014.06.18 08:41:29.833,0.82736,0.82761,2.03,2.03
2014.06.18 08:41:30.296,0.82738,0.82763,2.03,2.03
2014.06.18 08:41:32.138,0.82737,0.82765,2.03,2.03
2014.06.18 08:41:33.136,0.82737,0.82765,2.03,2.03
2014.06.18 08:41:35.184,0.82739,0.82765,2.03,1.65
2014.06.18 08:41:35.720,0.82739,0.82768,2.03,2.03
2014.06.18 08:41:45.286,0.82737,0.82765,2.03,1.65
2014.06.18 08:41:47.594,0.8274,0.82767,2.03,2.03
2014.06.18 08:41:49.140,0.8274,0.82767,2.03,2.03
2014.06.18 08:41:55.066,0.82741,0.82767,2.03,2.03
2014.06.18 08:41:55.392,0.82741,0.82767,2.03,1.65
2014.06.18 08:41:55.442,0.82744,0.8277,2.03,2.03
2014.06.18 08:41:55.722,0.82744,0.8277,2.03,1.65
2014.06.18 08:41:56.034,0.82749,0.82774,2.03,2.03
2014.06.18 08:41:56.305,0.82748,0.82776,2.03,2.03
2014.06.18 08:41:56.854,0.8275,0.82776,2.03,2.03
2014.06.18 08:41:57.373,0.8275,0.82776,2.03,2.03
2014.06.18 08:41:57.702,0.82751,0.82777,2.03,2.03
2014.06.18 08:41:58.012,0.82754,0.8278,2.03,2.03
2014.06.18 08:41:58.693,0.82754,0.8278,2.03,1.65
2014.06.18 08:41:59.473,0.82753,0.82779,2.03,2.03
2014.06.18 08:42:00.038,0.8275,0.82778,2.03,2.03
2014.06.18 08:42:00.139,0.8275,0.82778,2.03,2.03
2014.06.18 08:42:00.264,0.8275,0.82778,2.03,2.03
2014.06.18 08:42:01.029,0.82749,0.82774,2.03,2.03
2014.06.18 08:42:01.436,0.82748,0.82776,2.03,2.03
2014.06.18 08:42:02.754,0.82748,0.82776,2.03,2.03
2014.06.18 08:42:06.371,0.82748,0.82776,2.03,2.03
2014.06.18 08:42:07.138,0.82751,0.82777,2.03,2.03
2014.06.18 08:42:09.854,0.82756,0.82781,1.65,2.03
2014.06.18 08:42:10.015,0.82755,0.82781,2.03,2.03
2014.06.18 08:42:10.844,0.82758,0.82784,1.65,2.03
2014.06.18 08:42:10.954,0.82756,0.82783,1.65,2.03
2014.06.18 08:42:12.814,0.82756,0.82781,1.65,2.03
2014.06.18 08:42:13.348,0.82755,0.8278,2.03,2.03
2014.06.18 08:42:13.896,0.82755,0.8278,2.03,2.03
2014.06.18 08:42:14.294,0.82756,0.82781,2.63,2.03
2014.06.18 08:42:14.354,0.82756,0.82781,2.63,2.03
2014.06.18 08:42:14.727,0.82756,0.82783,2.03,2.03
2014.06.18 08:42:14.829,0.82756,0.82783,2.03,2.03
2014.06.18 08:42:15.238,0.82755,0.82781,2.03,2.03
2014.06.18 08:42:15.813,0.82756,0.82781,1.65,2.03
2014.06.18 08:42:16.470,0.82754,0.82781,2.03,2.03
2014.06.18 08:42:17.092,0.82754,0.8278,2.03,2.03
2014.06.18 08:42:21.835,0.82752,0.8278,2.63,2.03
2014.06.18 08:42:22.054,0.82752,0.8278,2.63,2.03
2014.06.18 08:42:22.255,0.82751,0.82777,2.03,2.03
2014.06.18 08:42:22.744,0.8275,0.82777,2.03,2.03
2014.06.18 08:42:23.203,0.82751,0.82777,2.03,2.03
2014.06.18 08:42:23.305,0.82753,0.82778,2.03,2.03
2014.06.18 08:42:24.192,0.82753,0.82778,2.03,2.03
2014.06.18 08:42:25.509,0.82753,0.82778,2.03,2.03
2014.06.18 08:42:30.530,0.82753,0.82778,2.03,2.03
2014.06.18 08:42:33.695,0.82753,0.82778,2.03,2.03
2014.06.18 08:42:34.676,0.82751,0.82779,2.03,2.03
2014.06.18 08:42:35.746,0.82751,0.82777,2.03,2.03
2014.06.18 08:42:39.544,0.8275,0.82775,2.03,2.03
2014.06.18 08:42:40.098,0.8275,0.82775,1.65,2.03
2014.06.18 08:42:40.457,0.82748,0.82773,1.65,2.03
2014.06.18 08:42:41.037,0.82749,0.82774,1.65,2.03
2014.06.18 08:42:41.697,0.82748,0.82773,1.65,2.03
2014.06.18 08:42:42.187,0.82749,0.82774,2.03,2.03
2014.06.18 08:42:42.723,0.8275,0.82775,1.65,2.03
2014.06.18 08:42:43.349,0.82749,0.82774,2.03,2.03
2014.06.18 08:42:44.287,0.82749,0.82774,2.03,2.03
2014.06.18 08:42:44.984,0.8275,0.82775,1.65,2.03
2014.06.18 08:42:46.041,0.8275,0.82775,2.03,2.03
2014.06.18 08:42:48.216,0.82749,0.82774,1.65,2.03
2014.06.18 08:42:48.943,0.82748,0.82774,2.63,2.03
2014.06.18 08:42:48.993,0.82748,0.82774,2.63,2.03
2014.06.18 08:42:50.835,0.82748,0.82774,2.63,2.03
2014.06.18 08:42:50.942,0.82748,0.82774,2.63,2.03
2014.06.18 08:42:52.882,0.82748,0.82774,2.63,2.03
2014.06.18 08:42:53.656,0.82748,0.82774,2.63,2.03
2014.06.18 08:42:55.459,0.8275,0.82775,1.65,2.03
2014.06.18 08:42:56.425,0.82749,0.82774,2.03,2.03
2014.06.18 08:42:57.172,0.82749,0.82774,1.65,2.03
2014.06.18 08:42:57.714,0.82747,0.82774,1.65,2.03
2014.06.18 08:42:58.218,0.82745,0.8277,2.03,2.03
2014.06.18 08:42:58.269,0.82745,0.8277,1.65,2.03
2014.06.18 08:42:58.396,0.82743,0.82769,2.03,2.03
2014.06.18 08:43:01.362,0.82744,0.8277,1.65,2.03
2014.06.18 08:43:01.451,0.82744,0.8277,2.03,2.03
2014.06.18 08:43:02.005,0.82745,0.82771,2.03,2.03
2014.06.18 08:43:02.789,0.82745,0.82771,2.03,2.03
2014.06.18 08:43:03.866,0.82746,0.82771,2.03,2.03
2014.06.18 08:43:04.208,0.82746,0.82771,2.03,2.03
2014.06.18 08:43:04.788,0.82746,0.82771,2.03,2.03
2014.06.18 08:43:05.364,0.82746,0.82771,2.03,2.03
2014.06.18 08:43:06.130,0.82744,0.8277,2.03,2.03
2014.06.18 08:43:10.056,0.82746,0.82771,1.65,2.03
2014.06.18 08:43:10.750,0.82745,0.8277,2.03,2.03
2014.06.18 08:43:11.270,0.82745,0.8277,2.03,2.03
2014.06.18 08:43:11.631,0.82747,0.82774,2.03,2.03
2014.06.18 08:43:11.732,0.82747,0.82774,2.03,2.03
2014.06.18 08:43:13.065,0.82749,0.82774,1.65,2.03
2014.06.18 08:43:13.361,0.82748,0.82777,2.03,2.63
2014.06.18 08:43:13.835,0.82753,0.82779,2.03,2.03
2014.06.18 08:43:14.383,0.82753,0.82779,2.03,2.03
2014.06.18 08:43:15.016,0.82753,0.82779,2.03,2.03
2014.06.18 08:43:16.648,0.82755,0.82781,1.65,2.03
2014.06.18 08:43:24.757,0.82755,0.82781,1.65,2.03
2014.06.18 08:43:24.958,0.82753,0.82779,2.03,2.03
2014.06.18 08:43:25.210,0.82751,0.82779,2.03,2.03
2014.06.18 08:43:25.863,0.8275,0.82776,2.03,2.03
2014.06.18 08:43:26.424,0.82747,0.82774,2.03,2.03
2014.06.18 08:43:28.981,0.82747,0.82772,2.03,2.03
2014.06.18 08:43:30.619,0.82746,0.82773,2.03,2.03
2014.06.18 08:43:39.891,0.82749,0.82774,2.03,2.03
2014.06.18 08:43:42.564,0.82749,0.82776,2.03,2.03
2014.06.18 08:43:42.824,0.8275,0.82776,2.03,1.65
2014.06.18 08:43:43.413,0.82753,0.82779,2.03,2.03
2014.06.18 08:43:44.827,0.82753,0.82781,2.03,2.03
2014.06.18 08:43:47.210,0.82754,0.8278,2.03,2.03
2014.06.18 08:43:51.927,0.82755,0.82781,2.03,2.03
2014.06.18 08:43:51.989,0.82755,0.82781,2.03,2.03
2014.06.18 08:43:54.534,0.82754,0.8278,2.03,2.03
2014.06.18 08:43:55.177,0.82753,0.82781,2.03,2.03
2014.06.18 08:43:55.956,0.82755,0.82781,2.03,2.03
2014.06.18 08:43:58.407,0.82754,0.8278,2.03,2.03
2014.06.18 08:43:58.638,0.82754,0.8278,2.03,2.03
2014.06.18 08:44:02.109,0.82754,0.8278,2.03,2.03
2014.06.18 08:44:03.044,0.82754,0.8278,2.03,2.03
2014.06.18 08:44:07.551,0.82755,0.82781,2.03,2.63
2014.06.18 08:44:07.858,0.82751,0.82777,2.03,2.03
2014.06.18 08:44:08.491,0.82751,0.82777,2.03,2.03
2014.06.18 08:44:09.302,0.82749,0.82776,2.63,1.65
2014.06.18 08:44:09.603,0.82759,0.82785,2.63,2.03
2014.06.18 08:44:14.863,0.82757,0.82782,2.03,2.03
2014.06.18 08:44:15.780,0.82759,0.82786,2.03,2.03
2014.06.18 08:44:16.330,0.82761,0.82786,2.03,2.03
2014.06.18 08:44:17.152,0.82761,0.82786,2.03,2.03
2014.06.18 08:44:26.213,0.82761,0.82786,2.03,2.03
2014.06.18 08:44:27.192,0.82762,0.82788,2.03,2.03
2014.06.18 08:44:31.282,0.82761,0.82786,2.03,2.03
2014.06.18 08:44:32.191,0.82762,0.82788,2.03,2.03
2014.06.18 08:44:32.744,0.82761,0.82787,2.03,2.03
2014.06.18 08:44:33.700,0.82762,0.82788,2.03,2.03
2014.06.18 08:44:34.330,0.8276,0.82787,2.03,2.03
2014.06.18 08:44:34.882,0.8276,0.82787,2.03,2.03
2014.06.18 08:44:38.393,0.8276,0.82787,2.03,2.03
2014.06.18 08:44:53.289,0.8276,0.82787,2.03,2.03
2014.06.18 08:44:58.487,0.82757,0.82786,2.03,2.03
2014.06.18 08:44:59.719,0.82756,0.82785,2.03,2.03
2014.06.18 08:45:09.141,0.82758,0.82785,2.03,2.03
2014.06.18 08:45:09.862,0.8276,0.82785,1.65,2.03
2014.06.18 08:45:10.452,0.8276,0.82785,1.65,2.03
2014.06.18 08:45:10.523,0.82758,0.82783,2.03,2.03
2014.06.18 08:45:10.573,0.82758,0.82783,1.65,2.03
2014.06.18 08:45:10.674,0.82756,0.82781,2.03,2.03
2014.06.18 08:45:10.724,0.82756,0.82781,1.65,2.03
2014.06.18 08:45:10.774,0.82754,0.82782,2.03,2.03
2014.06.18 08:45:12.145,0.82754,0.82782,2.03,2.03
2014.06.18 08:45:12.969,0.82756,0.82781,1.65,2.03
2014.06.18 08:45:13.534,0.82755,0.82781,1.65,2.03
2014.06.18 08:45:14.118,0.82756,0.82781,2.03,2.03
2014.06.18 08:45:15.140,0.82757,0.82782,1.65,2.03
2014.06.18 08:45:17.125,0.82757,0.82782,2.03,2.03
2014.06.18 08:45:23.202,0.82757,0.82782,1.65,2.03
2014.06.18 08:45:24.989,0.82757,0.82782,2.03,2.03
2014.06.18 08:45:25.689,0.82758,0.82783,1.65,2.03
2014.06.18 08:45:26.241,0.82756,0.82783,2.03,2.03
2014.06.18 08:45:26.785,0.82756,0.82783,2.03,2.03
2014.06.18 08:45:28.512,0.82756,0.82783,2.03,2.03
2014.06.18 08:45:30.023,0.82756,0.82783,2.03,2.03
2014.06.18 08:45:34.156,0.82756,0.82783,2.03,2.03
2014.06.18 08:45:41.082,0.82756,0.82783,1.65,2.03
2014.06.18 08:45:41.968,0.82756,0.82783,1.65,2.03
2014.06.18 08:45:42.301,0.82753,0.82778,2.03,2.03
2014.06.18 08:45:42.550,0.82755,0.82781,1.65,2.03
2014.06.18 08:45:46.684,0.82752,0.82778,2.03,2.03
2014.06.18 08:45:47.010,0.82754,0.8278,1.65,2.03
2014.06.18 08:45:47.580,0.82753,0.82779,1.65,2.03
2014.06.18 08:45:50.187,0.82753,0.82779,2.03,2.03
2014.06.18 08:45:55.641,0.82753,0.82779,2.03,2.03
2014.06.18 08:45:56.181,0.82753,0.82779,2.03,2.03
2014.06.18 08:45:56.730,0.82754,0.82782,2.03,2.03
2014.06.18 08:45:57.070,0.82758,0.82785,2.03,2.03
2014.06.18 08:45:57.706,0.82758,0.82785,2.03,2.03
2014.06.18 08:45:58.421,0.82758,0.82785,2.63,2.03
2014.06.18 08:45:58.747,0.82763,0.82789,2.03,2.63
2014.06.18 08:45:59.953,0.8276,0.82789,2.03,2.03
2014.06.18 08:46:01.968,0.8276,0.82788,2.03,2.03
2014.06.18 08:46:02.522,0.82758,0.82786,2.03,2.03
2014.06.18 08:46:04.788,0.82758,0.82786,2.03,2.03
2014.06.18 08:46:07.736,0.82757,0.82785,1.65,2.03
2014.06.18 08:46:08.279,0.82756,0.82784,2.03,2.03
2014.06.18 08:46:09.946,0.82756,0.82784,2.03,2.03
2014.06.18 08:46:14.011,0.82756,0.82784,2.03,2.03
2014.06.18 08:46:16.043,0.82756,0.82781,1.65,2.03
2014.06.18 08:46:16.589,0.82755,0.8278,1.65,2.03
2014.06.18 08:46:16.690,0.82752,0.82778,2.03,2.03
2014.06.18 08:46:16.959,0.82749,0.82777,2.03,2.03
2014.06.18 08:46:21.489,0.82748,0.82774,2.03,2.03
2014.06.18 08:46:21.609,0.82747,0.82773,2.03,2.03
2014.06.18 08:46:28.667,0.82747,0.82773,2.03,2.03
2014.06.18 08:46:31.503,0.82747,0.82773,2.03,2.03
2014.06.18 08:46:31.660,0.82744,0.82769,2.03,2.03
2014.06.18 08:46:31.761,0.82744,0.82769,2.03,2.03
2014.06.18 08:46:32.320,0.82742,0.82769,2.03,2.03
2014.06.18 08:46:32.420,0.82742,0.82769,2.03,2.03
2014.06.18 08:46:32.733,0.82745,0.8277,2.03,2.03
2014.06.18 08:46:33.260,0.82747,0.82773,2.03,2.03
2014.06.18 08:46:33.310,0.82747,0.82773,2.03,2.03
2014.06.18 08:46:33.918,0.82747,0.82773,2.03,2.03
2014.06.18 08:46:35.019,0.82747,0.82773,2.03,2.03
2014.06.18 08:46:35.375,0.82749,0.82775,2.03,2.03
2014.06.18 08:46:35.949,0.82753,0.82779,2.03,2.03
2014.06.18 08:46:36.280,0.82753,0.82779,2.03,2.03
2014.06.18 08:46:37.978,0.82753,0.8278,2.03,2.03
2014.06.18 08:46:38.317,0.82755,0.82781,2.03,2.03
2014.06.18 08:46:38.756,0.82755,0.82782,2.03,2.03
2014.06.18 08:46:41.679,0.82757,0.82782,2.03,2.03
2014.06.18 08:46:42.555,0.82753,0.8278,2.03,2.03
2014.06.18 08:46:46.883,0.82753,0.82779,2.03,2.03
2014.06.18 08:46:59.057,0.82755,0.82781,2.03,2.03
2014.06.18 08:46:59.609,0.82757,0.82783,2.03,2.03
2014.06.18 08:47:02.276,0.82754,0.82782,2.03,2.03
2014.06.18 08:47:02.888,0.82754,0.82782,2.03,2.03
2014.06.18 08:47:11.700,0.82754,0.82782,2.03,2.03
2014.06.18 08:47:12.995,0.82754,0.82782,2.03,2.03
2014.06.18 08:47:22.659,0.82756,0.82782,2.03,2.03
2014.06.18 08:47:24.713,0.82756,0.82782,2.03,2.03
2014.06.18 08:47:34.162,0.82756,0.82782,2.03,2.03
2014.06.18 08:47:36.468,0.82759,0.82785,1.65,2.63
2014.06.18 08:47:44.848,0.82759,0.82785,2.03,2.63
2014.06.18 08:47:44.900,0.82763,0.82788,1.65,5.51
2014.06.18 08:47:45.818,0.82763,0.82788,1.65,5.51
2014.06.18 08:47:48.104,0.82763,0.82788,1.65,5.51
2014.06.18 08:47:48.448,0.8276,0.82787,1.65,2.63
2014.06.18 08:47:49.189,0.82762,0.82787,1.65,2.63
2014.06.18 08:47:49.712,0.82762,0.82787,1.65,2.63
2014.06.18 08:47:50.502,0.82762,0.82787,1.65,2.63
2014.06.18 08:47:50.619,0.8276,0.82787,1.65,2.63
2014.06.18 08:47:52.675,0.8276,0.82786,1.65,2.63
2014.06.18 08:47:53.187,0.82759,0.82785,1.65,2.63
2014.06.18 08:47:53.568,0.82757,0.82785,2.03,2.63
2014.06.18 08:47:53.618,0.82761,0.82788,1.65,2.48
2014.06.18 08:47:53.669,0.82761,0.82788,2.03,2.48
2014.06.18 08:47:53.928,0.82767,0.82793,1.65,2.63
2014.06.18 08:47:54.208,0.82769,0.82794,1.65,2.03
2014.06.18 08:47:54.868,0.82769,0.82794,1.65,2.03
2014.06.18 08:47:54.994,0.82767,0.82795,1.65,2.03
2014.06.18 08:47:55.088,0.82767,0.82795,2.03,2.03
2014.06.18 08:47:55.653,0.82769,0.82794,1.65,2.03
2014.06.18 08:47:57.478,0.82769,0.82794,1.65,2.03
2014.06.18 08:47:58.147,0.82769,0.82794,1.65,2.03
2014.06.18 08:47:58.249,0.82769,0.82794,1.65,2.03
2014.06.18 08:47:58.481,0.82769,0.82794,1.65,2.03
2014.06.18 08:47:59.800,0.82769,0.82794,1.65,2.03
2014.06.18 08:48:00.160,0.82769,0.82794,1.65,2.03
2014.06.18 08:48:00.838,0.82768,0.82793,1.65,2.03
2014.06.18 08:48:03.826,0.82768,0.82793,2.03,2.03
2014.06.18 08:48:04.354,0.82769,0.82795,1.65,2.03
2014.06.18 08:48:08.977,0.82767,0.82792,2.03,2.03
2014.06.18 08:48:09.027,0.82767,0.82792,1.65,2.03
2014.06.18 08:48:09.659,0.82768,0.82796,1.65,2.03
2014.06.18 08:48:15.390,0.82769,0.82794,1.65,2.03
2014.06.18 08:48:17.887,0.82771,0.82798,1.65,2.03
2014.06.18 08:48:17.938,0.82771,0.82798,1.65,2.03
2014.06.18 08:48:18.039,0.82773,0.82798,1.65,2.03
2014.06.18 08:48:18.139,0.82773,0.82798,1.65,2.03
2014.06.18 08:48:18.338,0.82775,0.828,1.65,2.03
2014.06.18 08:48:18.480,0.82777,0.82804,1.65,2.03
2014.06.18 08:48:19.184,0.82772,0.82798,2.03,2.03
2014.06.18 08:48:19.235,0.82775,0.82801,1.65,2.63
2014.06.18 08:48:19.767,0.82774,0.82799,1.65,2.03
2014.06.18 08:48:21.590,0.82774,0.82799,1.65,2.03
2014.06.18 08:48:26.907,0.82771,0.82797,2.03,2.03
2014.06.18 08:48:26.957,0.82771,0.82797,2.03,2.03
2014.06.18 08:48:28.543,0.82771,0.82797,1.65,2.03
2014.06.18 08:48:28.701,0.82767,0.82795,1.65,2.63
2014.06.18 08:48:28.870,0.82766,0.82794,2.63,2.03
2014.06.18 08:48:28.921,0.82771,0.82797,1.65,2.63
2014.06.18 08:48:29.401,0.82774,0.82799,1.65,2.03
2014.06.18 08:48:30.417,0.82773,0.82801,1.65,2.03
2014.06.18 08:48:30.889,0.82776,0.82802,1.65,2.03
2014.06.18 08:48:32.177,0.82773,0.82801,1.65,2.03
2014.06.18 08:48:32.397,0.82775,0.828,1.65,2.03
2014.06.18 08:48:32.629,0.82764,0.82792,2.03,2.25
2014.06.18 08:48:32.680,0.82764,0.82792,2.03,2.63
2014.06.18 08:48:33.161,0.82769,0.82796,1.65,2.63
2014.06.18 08:48:33.458,0.82771,0.82799,1.65,2.63
2014.06.18 08:48:33.630,0.82776,0.82801,1.65,2.48
2014.06.18 08:48:33.708,0.82773,0.82801,1.65,5.51
2014.06.18 08:48:34.024,0.82773,0.82801,1.65,2.03
2014.06.18 08:48:34.359,0.82773,0.82802,1.65,2.63
2014.06.18 08:48:34.419,0.82771,0.82801,1.65,2.03
2014.06.18 08:48:34.919,0.82767,0.82801,2.03,2.63
2014.06.18 08:48:35.496,0.82766,0.82799,2.03,2.63
2014.06.18 08:48:36.559,0.82764,0.82796,2.03,2.48
2014.06.18 08:48:36.900,0.82766,0.828,2.03,2.63
2014.06.18 08:48:37.513,0.82767,0.82801,1.65,2.63
2014.06.18 08:48:38.169,0.82768,0.82802,1.65,5.51
2014.06.18 08:48:38.377,0.82768,0.82796,1.65,2.03
2014.06.18 08:48:38.488,0.8277,0.82798,1.65,2.63
2014.06.18 08:48:38.896,0.82772,0.82797,1.65,2.48
2014.06.18 08:48:39.490,0.82773,0.82799,1.65,2.63
2014.06.18 08:48:40.418,0.82771,0.82799,1.65,2.63
2014.06.18 08:48:41.688,0.82771,0.82799,1.65,2.63
2014.06.18 08:48:42.461,0.8277,0.82798,1.65,2.03
2014.06.18 08:48:42.806,0.8277,0.82798,1.65,2.03
2014.06.18 08:48:42.857,0.82768,0.82796,1.65,2.03
2014.06.18 08:48:43.917,0.82767,0.82795,1.65,2.03
2014.06.18 08:48:44.578,0.82766,0.82794,1.65,2.03
2014.06.18 08:48:44.907,0.82764,0.82791,2.03,2.03
2014.06.18 08:48:45.433,0.82764,0.82791,1.65,2.03
2014.06.18 08:48:45.926,0.82764,0.82791,1.65,2.03
2014.06.18 08:48:46.802,0.82764,0.82791,1.65,2.03
2014.06.18 08:48:47.006,0.82764,0.82791,1.65,2.03
2014.06.18 08:48:50.183,0.82764,0.82791,1.65,2.03
2014.06.18 08:48:52.387,0.82764,0.82791,1.65,2.03
2014.06.18 08:48:53.261,0.82764,0.82791,1.65,2.03
2014.06.18 08:48:54.077,0.82764,0.82791,2.03,2.03
2014.06.18 08:48:56.459,0.82765,0.82792,1.65,2.63
2014.06.18 08:48:56.910,0.82767,0.82792,1.65,2.63
2014.06.18 08:49:06.576,0.82768,0.82794,1.65,2.63
2014.06.18 08:49:07.697,0.82768,0.82794,1.65,2.63
2014.06.18 08:49:11.966,0.82766,0.82794,1.65,2.63
2014.06.18 08:49:12.652,0.82766,0.82794,1.65,2.63
2014.06.18 08:49:18.866,0.82766,0.82794,1.65,2.63
2014.06.18 08:49:18.917,0.82768,0.82794,1.65,2.63
2014.06.18 08:49:19.737,0.82768,0.82794,1.65,2.63
2014.06.18 08:49:21.275,0.82768,0.82794,1.65,2.03
2014.06.18 08:49:22.362,0.82768,0.82794,1.65,2.03
2014.06.18 08:49:26.713,0.82768,0.82794,1.65,2.03
2014.06.18 08:49:27.029,0.8277,0.82796,1.65,2.03
2014.06.18 08:49:27.576,0.82771,0.82799,1.65,2.03
2014.06.18 08:49:28.791,0.82771,0.82799,1.65,2.03
2014.06.18 08:49:30.321,0.82771,0.82799,1.65,2.03
2014.06.18 08:49:30.542,0.82771,0.82799,1.65,2.03
2014.06.18 08:49:31.922,0.82771,0.82799,1.65,2.03
2014.06.18 08:49:33.245,0.82771,0.82799,1.65,2.03
2014.06.18 08:49:39.368,0.82771,0.82799,1.65,2.03
2014.06.18 08:49:41.072,0.82771,0.82799,1.65,2.03
2014.06.18 08:49:43.348,0.82771,0.82797,1.65,2.03
2014.06.18 08:49:44.779,0.82771,0.82797,1.65,2.03
2014.06.18 08:49:48.890,0.8277,0.82796,1.65,2.03
2014.06.18 08:49:49.545,0.82769,0.82795,1.65,2.03
2014.06.18 08:49:50.321,0.82768,0.82795,2.03,2.03
2014.06.18 08:49:52.298,0.82769,0.82795,1.65,2.03
2014.06.18 08:49:52.925,0.8277,0.82796,1.65,2.03
2014.06.18 08:49:53.077,0.82773,0.82801,2.03,2.03
2014.06.18 08:49:53.210,0.82776,0.82804,1.65,2.63
2014.06.18 08:49:53.311,0.82776,0.82804,2.03,2.63
2014.06.18 08:49:53.411,0.82778,0.82804,1.65,2.03
2014.06.18 08:49:53.837,0.8278,0.82805,1.65,2.03
2014.06.18 08:49:54.701,0.8278,0.82805,1.65,2.03
2014.06.18 08:49:55.274,0.8278,0.82806,1.65,2.03
2014.06.18 08:49:59.108,0.8278,0.82806,1.65,2.03
2014.06.18 08:49:59.322,0.82778,0.82804,1.65,2.03
2014.06.18 08:49:59.757,0.8278,0.82806,1.65,2.03
2014.06.18 08:50:02.733,0.82778,0.82804,1.65,2.03
2014.06.18 08:50:03.525,0.82778,0.82804,1.65,2.03
2014.06.18 08:50:04.528,0.82775,0.82801,1.65,2.03
2014.06.18 08:50:04.578,0.82775,0.82801,1.65,2.03
2014.06.18 08:50:05.178,0.82775,0.828,1.65,2.03
2014.06.18 08:50:06.289,0.82775,0.828,1.65,2.03
2014.06.18 08:50:06.836,0.82776,0.82802,1.65,2.03
2014.06.18 08:50:07.938,0.82774,0.82802,2.03,2.03
2014.06.18 08:50:10.090,0.82776,0.82802,1.65,2.03
2014.06.18 08:50:10.420,0.8278,0.82805,1.65,2.03
2014.06.18 08:50:11.407,0.82779,0.82804,1.65,2.03
2014.06.18 08:50:14.707,0.8278,0.82805,1.65,2.03
2014.06.18 08:50:16.120,0.8278,0.82805,1.65,2.03
2014.06.18 08:50:29.873,0.82776,0.82804,2.03,2.03
2014.06.18 08:50:30.118,0.82781,0.82806,1.65,2.03
2014.06.18 08:50:30.619,0.8278,0.82805,1.65,2.03
2014.06.18 08:50:31.279,0.8278,0.82805,1.65,2.03
2014.06.18 08:50:34.527,0.8278,0.82805,1.65,2.03
2014.06.18 08:50:35.790,0.82779,0.82804,1.65,2.03
2014.06.18 08:50:35.943,0.82777,0.82802,2.03,2.03
2014.06.18 08:50:35.994,0.82777,0.82802,1.65,2.03
2014.06.18 08:50:36.044,0.82774,0.82802,2.03,2.03
2014.06.18 08:50:37.602,0.82772,0.82797,2.03,2.03
2014.06.18 08:50:39.250,0.82772,0.82797,2.03,2.03
2014.06.18 08:50:39.575,0.82768,0.82796,2.03,2.03
2014.06.18 08:50:44.614,0.82768,0.82796,1.65,2.03
2014.06.18 08:50:44.915,0.82767,0.82793,1.65,2.03
2014.06.18 08:50:45.125,0.82764,0.82792,2.03,2.03
2014.06.18 08:50:45.850,0.82764,0.82789,1.65,2.03
2014.06.18 08:50:46.430,0.82762,0.82787,2.03,2.03
2014.06.18 08:50:46.480,0.82762,0.82787,1.65,2.03
2014.06.18 08:50:46.581,0.8276,0.82785,2.03,2.03
2014.06.18 08:50:48.164,0.82759,0.82784,2.03,2.03
2014.06.18 08:50:48.928,0.82759,0.82786,2.03,2.03
2014.06.18 08:50:49.222,0.82761,0.82788,2.03,2.03
2014.06.18 08:50:49.811,0.82761,0.82788,2.03,2.03
2014.06.18 08:50:51.285,0.82761,0.82788,1.65,2.03
2014.06.18 08:50:53.458,0.82762,0.82787,1.65,2.03
2014.06.18 08:50:55.659,0.82761,0.82786,1.65,2.03
2014.06.18 08:50:56.184,0.8276,0.82785,1.65,2.03
2014.06.18 08:50:56.826,0.8276,0.82785,1.65,2.03
2014.06.18 08:50:56.935,0.8276,0.82785,1.65,2.03
2014.06.18 08:50:57.507,0.82761,0.82786,1.65,2.03
2014.06.18 08:50:58.078,0.8276,0.82785,2.03,2.03
2014.06.18 08:50:59.000,0.8276,0.82787,2.03,2.03
2014.06.18 08:51:02.122,0.8276,0.82788,2.03,2.03
2014.06.18 08:51:02.273,0.82763,0.82788,2.03,2.03
2014.06.18 08:51:03.104,0.82762,0.82787,2.03,2.03
2014.06.18 08:51:04.235,0.82763,0.82788,2.03,2.03
2014.06.18 08:51:04.737,0.82763,0.82789,2.03,2.03
2014.06.18 08:51:05.282,0.82765,0.8279,2.03,2.03
2014.06.18 08:51:05.606,0.82768,0.82794,2.03,2.03
2014.06.18 08:51:06.619,0.82768,0.82794,1.65,2.03
2014.06.18 08:51:06.924,0.82767,0.82792,2.03,2.03
2014.06.18 08:51:09.162,0.82767,0.82795,2.03,2.03
2014.06.18 08:51:09.852,0.82769,0.82795,1.65,2.03
2014.06.18 08:51:11.659,0.82769,0.82795,2.03,2.03
2014.06.18 08:51:11.770,0.82769,0.82795,2.03,2.03
2014.06.18 08:51:13.617,0.82772,0.82797,1.65,2.03
2014.06.18 08:51:13.946,0.82769,0.82795,2.03,2.03
2014.06.18 08:51:14.610,0.82766,0.82797,2.03,2.03
2014.06.18 08:51:27.407,0.82768,0.82796,2.03,2.03
2014.06.18 08:51:28.936,0.82767,0.82795,2.03,2.03
2014.06.18 08:51:36.387,0.82767,0.82795,2.03,2.03
2014.06.18 08:51:37.515,0.82766,0.82793,2.03,1.65
2014.06.18 08:51:37.575,0.82767,0.82795,2.03,2.03
2014.06.18 08:51:39.430,0.82767,0.82795,2.03,2.03
2014.06.18 08:51:41.685,0.82766,0.82793,2.03,1.65
2014.06.18 08:51:42.264,0.82766,0.82793,2.03,2.03
2014.06.18 08:51:55.801,0.82767,0.82795,2.03,2.03
2014.06.18 08:51:57.930,0.82768,0.82796,2.03,2.03
2014.06.18 08:51:58.234,0.82768,0.82793,1.65,2.03
2014.06.18 08:51:58.778,0.82767,0.82792,1.65,2.03
2014.06.18 08:51:59.370,0.82765,0.82793,2.03,2.03
2014.06.18 08:51:59.621,0.82767,0.82795,2.03,2.03
2014.06.18 08:52:01.529,0.82767,0.82795,2.03,2.03
2014.06.18 08:52:04.092,0.82768,0.82799,1.65,2.63
2014.06.18 08:52:04.663,0.82767,0.82796,2.03,2.03
2014.06.18 08:52:05.372,0.82767,0.82796,2.03,2.03
2014.06.18 08:52:06.024,0.82769,0.82795,1.65,2.03
2014.06.18 08:52:06.690,0.82768,0.82796,1.65,2.03
2014.06.18 08:52:06.997,0.82767,0.82796,1.65,2.03
2014.06.18 08:52:09.223,0.82767,0.82796,1.65,2.03
2014.06.18 08:52:09.710,0.82767,0.82796,2.03,2.03
2014.06.18 08:52:11.153,0.82767,0.82796,2.03,2.03
2014.06.18 08:52:15.055,0.82767,0.82796,2.03,2.03
2014.06.18 08:52:15.625,0.82769,0.82795,2.03,2.03
2014.06.18 08:52:16.185,0.82771,0.82797,1.65,2.03
2014.06.18 08:52:16.235,0.82771,0.82797,2.03,2.03
2014.06.18 08:52:16.781,0.82771,0.828,2.03,2.03
2014.06.18 08:52:17.298,0.82771,0.828,2.03,2.03
2014.06.18 08:52:23.513,0.82771,0.828,2.03,2.03
2014.06.18 08:52:23.628,0.82771,0.828,2.03,2.03
2014.06.18 08:52:23.996,0.82772,0.82803,2.03,2.63
2014.06.18 08:52:28.180,0.82774,0.82802,1.65,2.63
2014.06.18 08:52:28.849,0.82774,0.82802,2.03,2.63
2014.06.18 08:52:31.903,0.82773,0.82802,2.03,2.63
2014.06.18 08:52:44.675,0.82777,0.82803,1.65,2.03
2014.06.18 08:52:46.174,0.82774,0.82802,1.65,2.03
2014.06.18 08:52:52.125,0.82774,0.82802,1.65,2.03
2014.06.18 08:52:52.664,0.82777,0.82803,1.65,2.03
2014.06.18 08:52:53.215,0.82777,0.82803,1.65,2.03
2014.06.18 08:52:53.854,0.82776,0.82802,1.65,2.03
2014.06.18 08:52:54.193,0.82773,0.82801,2.03,2.03
2014.06.18 08:52:59.685,0.82773,0.82801,2.03,2.03
2014.06.18 08:53:09.386,0.8277,0.828,2.03,2.03
2014.06.18 08:53:09.523,0.8277,0.828,2.03,2.03
2014.06.18 08:53:09.850,0.82774,0.82799,1.65,2.03
2014.06.18 08:53:10.460,0.82774,0.82799,1.65,2.03
2014.06.18 08:53:11.104,0.82771,0.82799,2.03,2.03
2014.06.18 08:53:11.830,0.82771,0.82799,2.03,2.03
2014.06.18 08:53:12.440,0.82769,0.82799,2.03,2.03
2014.06.18 08:53:13.083,0.82767,0.82797,2.03,2.03
2014.06.18 08:53:17.594,0.82773,0.82798,1.65,2.03
2014.06.18 08:53:17.658,0.82773,0.82798,1.65,2.03
2014.06.18 08:53:18.383,0.82771,0.82798,2.03,2.03
2014.06.18 08:53:19.142,0.82768,0.82796,2.03,1.65
2014.06.18 08:53:19.193,0.82768,0.82796,2.03,2.03
2014.06.18 08:53:19.285,0.82768,0.82796,2.03,2.03
2014.06.18 08:53:23.303,0.82766,0.82794,2.03,2.03
2014.06.18 08:53:27.917,0.82765,0.82795,2.03,2.03
2014.06.18 08:53:28.186,0.82762,0.8279,2.03,2.03
2014.06.18 08:53:28.296,0.8276,0.8279,2.03,2.03
2014.06.18 08:53:31.195,0.8276,0.8279,2.03,2.03
2014.06.18 08:53:31.980,0.82762,0.8279,2.03,2.03
2014.06.18 08:53:32.837,0.82762,0.8279,2.03,2.03
2014.06.18 08:53:35.557,0.82761,0.82789,2.03,2.03
2014.06.18 08:53:36.748,0.82761,0.82789,2.03,2.03
2014.06.18 08:53:37.672,0.82757,0.82786,2.03,2.03
2014.06.18 08:53:37.734,0.82757,0.82786,2.03,2.03
2014.06.18 08:53:53.902,0.82757,0.82786,2.03,2.03
2014.06.18 08:53:59.043,0.82761,0.82789,2.03,2.63
2014.06.18 08:53:59.435,0.82765,0.8279,2.03,2.63
2014.06.18 08:54:00.142,0.82764,0.82789,2.03,2.63
2014.06.18 08:54:00.472,0.82761,0.82788,2.03,2.03
2014.06.18 08:54:01.408,0.82761,0.82788,2.03,2.03
2014.06.18 08:54:02.172,0.82757,0.82786,2.03,2.03
2014.06.18 08:54:03.905,0.82758,0.82787,2.03,2.03
2014.06.18 08:54:04.677,0.82758,0.82789,2.03,2.63
2014.06.18 08:54:10.479,0.82758,0.82789,2.03,2.63
2014.06.18 08:54:11.089,0.82763,0.82788,1.65,2.03
2014.06.18 08:54:11.798,0.82763,0.82788,1.65,2.03
2014.06.18 08:54:11.969,0.82761,0.82787,1.65,2.03
2014.06.18 08:54:12.172,0.82757,0.82787,2.03,2.03
2014.06.18 08:54:16.078,0.82757,0.82787,2.03,2.03
2014.06.18 08:54:16.263,0.82757,0.82787,2.03,2.03
2014.06.18 08:54:21.673,0.82761,0.82789,1.65,2.63
2014.06.18 08:54:22.745,0.82762,0.82787,1.65,2.03
2014.06.18 08:54:23.172,0.82758,0.82786,2.03,2.03
2014.06.18 08:54:25.253,0.82758,0.82786,2.03,2.03
2014.06.18 08:54:26.046,0.82758,0.82786,2.03,2.03
2014.06.18 08:54:29.113,0.8276,0.82786,1.65,2.03
2014.06.18 08:54:29.444,0.82762,0.82787,1.65,2.03
2014.06.18 08:54:34.632,0.8276,0.82786,1.65,2.03
2014.06.18 08:54:35.170,0.8276,0.82786,1.65,2.03
2014.06.18 08:54:35.694,0.82762,0.82788,1.65,2.63
2014.06.18 08:54:37.452,0.82761,0.82786,1.65,2.03
2014.06.18 08:54:38.416,0.82761,0.82786,1.65,2.03
2014.06.18 08:54:39.988,0.82761,0.82786,1.65,2.03
2014.06.18 08:54:40.601,0.8276,0.82785,1.65,2.03
2014.06.18 08:54:40.651,0.82758,0.82784,2.03,2.03
2014.06.18 08:54:41.257,0.82758,0.82784,1.65,2.03
2014.06.18 08:54:43.842,0.82757,0.82783,2.03,2.03
2014.06.18 08:54:43.892,0.82757,0.82783,1.65,2.03
2014.06.18 08:54:44.398,0.82754,0.82779,2.03,2.03
2014.06.18 08:54:44.990,0.82754,0.82779,1.65,2.03
2014.06.18 08:54:45.090,0.82751,0.82776,1.65,2.03
2014.06.18 08:54:45.167,0.82751,0.82776,1.65,2.03
2014.06.18 08:54:45.879,0.8275,0.82775,2.03,2.03
2014.06.18 08:54:47.344,0.8275,0.82775,2.03,2.03
2014.06.18 08:54:48.445,0.8275,0.82775,2.03,2.03
2014.06.18 08:54:48.596,0.82754,0.8278,2.03,2.03
2014.06.18 08:54:49.231,0.82754,0.8278,2.03,2.03
2014.06.18 08:54:50.221,0.82754,0.8278,2.03,2.03
2014.06.18 08:54:50.898,0.82759,0.82784,2.03,2.03
2014.06.18 08:54:51.539,0.8276,0.82785,2.03,2.03
2014.06.18 08:54:53.045,0.8276,0.82785,2.03,2.03
2014.06.18 08:54:53.597,0.8276,0.82785,1.65,2.03
2014.06.18 08:54:53.862,0.82759,0.82784,2.03,2.03
2014.06.18 08:54:54.322,0.82762,0.82787,1.65,2.03
2014.06.18 08:54:54.479,0.82758,0.82783,1.65,1.65
2014.06.18 08:54:54.529,0.82758,0.82783,1.65,2.03
2014.06.18 08:54:54.852,0.82759,0.82784,1.65,2.03
2014.06.18 08:54:54.953,0.82757,0.82784,1.65,2.63
2014.06.18 08:54:55.902,0.82757,0.82784,1.65,2.63
2014.06.18 08:54:56.679,0.82754,0.82781,1.65,2.03
2014.06.18 08:54:58.263,0.82754,0.82781,1.65,2.03
2014.06.18 08:54:58.424,0.82754,0.82781,2.03,2.03
2014.06.18 08:54:59.517,0.82756,0.82781,1.65,2.03
2014.06.18 08:54:59.786,0.82754,0.82779,1.65,2.03
2014.06.18 08:55:00.416,0.82753,0.82779,2.03,2.03
2014.06.18 08:55:01.300,0.82753,0.82779,2.03,2.03
2014.06.18 08:55:02.023,0.82753,0.82779,2.03,2.03
2014.06.18 08:55:04.533,0.82753,0.82779,2.03,2.03
2014.06.18 08:55:05.085,0.82752,0.82778,2.03,2.03
2014.06.18 08:55:06.186,0.82752,0.82778,1.65,2.03
2014.06.18 08:55:06.497,0.82753,0.82778,2.03,2.03
2014.06.18 08:55:06.647,0.82751,0.82776,2.03,2.03
2014.06.18 08:55:06.766,0.82751,0.82776,2.03,2.03
2014.06.18 08:55:07.285,0.82749,0.82775,2.03,2.03
2014.06.18 08:55:07.853,0.82748,0.82774,2.03,2.03
2014.06.18 08:55:12.943,0.82748,0.82774,2.03,2.03
2014.06.18 08:55:15.349,0.82748,0.82774,1.65,2.03
2014.06.18 08:55:15.400,0.82744,0.82769,2.03,2.03
2014.06.18 08:55:15.500,0.82744,0.8277,2.03,2.03
2014.06.18 08:55:15.567,0.82744,0.8277,1.65,1.65
2014.06.18 08:55:15.667,0.82736,0.82763,2.03,1.65
2014.06.18 08:55:15.933,0.82735,0.8276,2.03,1.65
2014.06.18 08:55:16.702,0.82735,0.8276,2.03,2.03
2014.06.18 08:55:17.050,0.82737,0.82763,2.03,2.03
2014.06.18 08:55:17.401,0.82738,0.82764,2.03,2.03
2014.06.18 08:55:17.768,0.82742,0.82767,2.03,2.03
2014.06.18 08:55:19.084,0.8274,0.82768,2.03,2.03
2014.06.18 08:55:19.298,0.82741,0.82767,2.03,2.03
2014.06.18 08:55:19.902,0.82738,0.82763,2.03,2.03
2014.06.18 08:55:20.227,0.82734,0.82759,2.03,2.03
2014.06.18 08:55:20.625,0.82732,0.82758,2.03,2.03
2014.06.18 08:55:25.034,0.82731,0.82757,2.03,2.03
2014.06.18 08:55:26.264,0.82731,0.82757,2.03,2.03
2014.06.18 08:55:27.064,0.82732,0.82758,2.03,2.03
2014.06.18 08:55:27.427,0.82732,0.82758,2.03,1.65
2014.06.18 08:55:28.077,0.82732,0.82758,2.03,1.65
2014.06.18 08:55:28.128,0.82734,0.82761,2.03,2.25
2014.06.18 08:55:28.255,0.82737,0.82762,2.03,2.03
2014.06.18 08:55:28.405,0.82737,0.82762,2.03,2.03
2014.06.18 08:55:29.290,0.82737,0.82762,2.03,2.03
2014.06.18 08:55:29.590,0.82732,0.82758,2.03,2.03
2014.06.18 08:55:32.511,0.82732,0.82758,2.03,2.03
2014.06.18 08:55:33.181,0.82732,0.82758,2.03,2.03
2014.06.18 08:55:39.265,0.82732,0.82758,2.03,2.03
2014.06.18 08:55:39.792,0.82732,0.82758,2.03,2.03
2014.06.18 08:55:40.131,0.82729,0.82754,1.65,2.63
2014.06.18 08:55:40.777,0.82724,0.8275,2.03,2.03
2014.06.18 08:55:45.931,0.82728,0.82754,2.03,2.63
2014.06.18 08:55:46.332,0.82727,0.82753,2.03,1.65
2014.06.18 08:55:46.485,0.82732,0.82758,2.03,2.03
2014.06.18 08:55:48.269,0.82732,0.82758,2.03,2.03
2014.06.18 08:55:49.078,0.82732,0.82758,2.03,2.03
2014.06.18 08:55:49.597,0.82732,0.82758,2.03,2.03
2014.06.18 08:55:49.748,0.82727,0.82753,2.03,2.03
2014.06.18 08:55:49.824,0.82727,0.82753,2.03,2.03
2014.06.18 08:55:50.479,0.82725,0.82752,2.03,2.03
2014.06.18 08:55:51.011,0.82725,0.82752,2.03,2.03
2014.06.18 08:55:51.274,0.82728,0.82754,2.03,2.03
2014.06.18 08:55:52.711,0.82728,0.82754,2.03,2.03
2014.06.18 08:55:53.930,0.82727,0.82752,2.03,2.03
2014.06.18 08:55:57.766,0.82726,0.82751,2.03,2.03
2014.06.18 08:55:59.841,0.82726,0.82751,2.03,2.03
2014.06.18 08:56:01.468,0.82727,0.82752,2.03,2.03
2014.06.18 08:56:01.789,0.82727,0.82752,2.03,2.03
2014.06.18 08:56:02.307,0.82728,0.82754,2.03,2.03
2014.06.18 08:56:02.637,0.82729,0.82755,2.03,2.03
2014.06.18 08:56:03.349,0.82729,0.82755,2.03,1.65
2014.06.18 08:56:03.501,0.82732,0.82757,2.03,1.30
2014.06.18 08:56:05.490,0.82732,0.82759,2.03,2.03
2014.06.18 08:56:07.687,0.82733,0.82758,2.03,2.03
2014.06.18 08:56:08.252,0.82733,0.82758,2.03,2.03
2014.06.18 08:56:10.949,0.82733,0.82758,2.03,2.03
2014.06.18 08:56:21.641,0.82734,0.82762,2.03,2.03
2014.06.18 08:56:23.899,0.82734,0.82762,2.03,2.03
2014.06.18 08:56:28.300,0.82735,0.82763,2.03,2.03
2014.06.18 08:56:30.672,0.82735,0.82763,2.03,2.03
2014.06.18 08:56:37.976,0.82734,0.82762,2.03,2.03
2014.06.18 08:56:38.448,0.82734,0.82762,2.03,2.03
2014.06.18 08:56:40.151,0.82738,0.82766,1.65,2.03
2014.06.18 08:56:40.759,0.82737,0.82765,2.03,2.03
2014.06.18 08:56:41.419,0.82737,0.82765,2.03,2.03
2014.06.18 08:56:59.841,0.82734,0.82762,2.03,2.03
2014.06.18 08:57:00.469,0.82734,0.82762,2.03,2.03
2014.06.18 08:57:00.570,0.82729,0.82757,2.03,2.03
2014.06.18 08:57:01.108,0.82728,0.82756,2.03,2.03
2014.06.18 08:57:01.619,0.82728,0.82756,2.03,2.03
2014.06.18 08:57:12.930,0.82728,0.82756,2.03,2.03
2014.06.18 08:57:18.198,0.82728,0.82756,2.03,2.03
2014.06.18 08:57:20.410,0.82728,0.82756,2.03,2.03
2014.06.18 08:57:23.881,0.82728,0.82756,2.03,2.03
2014.06.18 08:57:28.198,0.82728,0.82756,2.03,2.03
2014.06.18 08:57:28.864,0.82728,0.82756,2.03,2.03
2014.06.18 08:57:31.251,0.82728,0.82756,2.03,2.03
2014.06.18 08:57:31.708,0.82732,0.8276,2.03,2.03
2014.06.18 08:57:32.491,0.82734,0.82762,2.03,2.03
2014.06.18 08:57:34.522,0.82734,0.82762,2.03,2.03
2014.06.18 08:57:38.081,0.82734,0.82762,2.03,2.03
2014.06.18 08:57:42.307,0.82734,0.82762,2.03,2.03
2014.06.18 08:57:46.232,0.82734,0.82762,2.03,2.03
2014.06.18 08:57:47.841,0.82734,0.82762,2.03,2.03
2014.06.18 08:58:03.109,0.82734,0.82764,2.03,2.03
2014.06.18 08:58:03.260,0.82734,0.82764,5.51,1.65
2014.06.18 08:58:03.310,0.82744,0.82772,1.65,2.03
2014.06.18 08:58:03.467,0.82744,0.82772,1.65,1.65
2014.06.18 08:58:03.518,0.82747,0.82778,1.65,2.03
2014.06.18 08:58:03.747,0.82749,0.82778,1.65,2.03
2014.06.18 08:58:03.830,0.82746,0.82778,1.65,2.03
2014.06.18 08:58:04.088,0.8275,0.82778,1.65,2.03
2014.06.18 08:58:04.455,0.8275,0.82778,2.03,2.03
2014.06.18 08:58:05.115,0.8275,0.82778,2.03,2.03
2014.06.18 08:58:08.360,0.82752,0.82779,2.03,2.03
2014.06.18 08:58:08.786,0.82749,0.82779,2.03,2.03
2014.06.18 08:58:09.521,0.8275,0.82778,1.65,2.03
2014.06.18 08:58:10.069,0.82748,0.82778,2.03,2.03
2014.06.18 08:58:10.120,0.82748,0.82778,2.03,2.03
2014.06.18 08:58:10.233,0.82743,0.82773,2.03,2.03
2014.06.18 08:58:10.757,0.82743,0.82773,2.03,2.03
2014.06.18 08:58:11.638,0.82746,0.82774,1.65,2.03
2014.06.18 08:58:11.739,0.82746,0.82776,2.03,2.63
2014.06.18 08:58:16.395,0.82744,0.82772,2.03,2.03
2014.06.18 08:58:17.587,0.82743,0.82771,2.03,2.03
2014.06.18 08:58:18.245,0.82742,0.8277,2.03,2.03
2014.06.18 08:58:19.121,0.8274,0.8277,2.03,2.03
2014.06.18 08:58:19.814,0.8274,0.82771,2.03,2.03
2014.06.18 08:58:19.915,0.82738,0.82768,2.03,2.03
2014.06.18 08:58:22.333,0.82739,0.82767,2.03,2.03
2014.06.18 08:58:23.273,0.82738,0.82766,2.03,1.65
2014.06.18 08:58:23.358,0.82742,0.8277,1.65,2.03
2014.06.18 08:58:23.680,0.8274,0.8277,2.03,2.03
2014.06.18 08:58:24.189,0.8274,0.8277,2.03,2.03
2014.06.18 08:58:25.050,0.8274,0.82767,2.03,2.03
2014.06.18 08:58:25.865,0.82739,0.82767,2.03,2.03
2014.06.18 08:58:29.377,0.82739,0.82767,2.03,2.03
2014.06.18 08:58:33.189,0.82739,0.82767,2.03,2.03
2014.06.18 08:58:44.802,0.8274,0.82767,2.03,2.03
2014.06.18 08:58:45.137,0.8274,0.82767,2.03,2.03
2014.06.18 08:58:46.715,0.8274,0.82767,2.03,2.03
2014.06.18 08:58:48.128,0.82741,0.82769,2.03,2.03
2014.06.18 08:58:50.322,0.82741,0.82769,2.03,2.03
2014.06.18 08:58:50.973,0.82739,0.82767,2.03,2.03
2014.06.18 08:58:55.974,0.82738,0.82766,2.03,2.03
2014.06.18 08:58:57.703,0.82738,0.82766,2.03,2.03
2014.06.18 08:58:58.362,0.82739,0.82767,2.03,2.03
2014.06.18 08:58:58.706,0.82741,0.82767,2.03,2.03
2014.06.18 08:59:00.011,0.82738,0.82766,2.03,2.03
2014.06.18 08:59:00.111,0.82739,0.82768,2.03,2.03
2014.06.18 08:59:01.867,0.82741,0.82767,2.03,2.03
2014.06.18 08:59:02.068,0.82739,0.82767,2.03,2.03
2014.06.18 08:59:06.433,0.82738,0.82766,2.03,1.65
2014.06.18 08:59:07.120,0.82738,0.82766,2.03,2.03
2014.06.18 08:59:07.703,0.82738,0.82766,2.03,2.03
2014.06.18 08:59:08.232,0.8274,0.82766,2.03,2.03
2014.06.18 08:59:08.741,0.82743,0.82771,2.03,2.63
2014.06.18 08:59:09.351,0.82744,0.82772,2.03,2.03
2014.06.18 08:59:10.391,0.82745,0.82773,1.65,2.03
2014.06.18 08:59:10.459,0.82745,0.82773,2.03,2.03
2014.06.18 08:59:10.686,0.82741,0.82769,2.03,2.03
2014.06.18 08:59:10.790,0.82741,0.82769,2.03,2.03
2014.06.18 08:59:11.331,0.82738,0.82765,2.03,2.03
2014.06.18 08:59:12.084,0.82738,0.82765,2.03,2.03
2014.06.18 08:59:12.717,0.82738,0.82765,2.03,2.03
2014.06.18 08:59:12.833,0.82738,0.82765,2.03,1.65
2014.06.18 08:59:12.921,0.8274,0.82769,2.03,2.03
2014.06.18 08:59:13.643,0.82739,0.82768,2.03,2.03
2014.06.18 08:59:16.108,0.8274,0.82768,2.03,1.65
2014.06.18 08:59:17.654,0.82738,0.82766,2.03,1.65
2014.06.18 08:59:20.961,0.82739,0.82768,2.03,2.03
2014.06.18 08:59:21.011,0.82739,0.82768,2.03,2.03
2014.06.18 08:59:23.086,0.82739,0.82768,2.03,1.65
2014.06.18 08:59:25.836,0.82742,0.82769,2.03,2.03
2014.06.18 08:59:30.706,0.82744,0.82771,2.03,2.03
2014.06.18 08:59:31.147,0.82744,0.82771,2.03,2.03
2014.06.18 08:59:34.873,0.82744,0.82771,2.03,2.03
2014.06.18 08:59:35.708,0.82743,0.82768,2.03,1.65
2014.06.18 08:59:36.431,0.82743,0.8277,2.03,2.03
2014.06.18 08:59:42.754,0.82745,0.8277,2.03,2.03
2014.06.18 08:59:45.221,0.82745,0.8277,1.99,1.65
2014.06.18 08:59:48.378,0.82745,0.8277,1.65,1.65
2014.06.18 08:59:49.525,0.82744,0.82769,1.65,1.65
2014.06.18 08:59:49.966,0.82742,0.82767,1.65,1.65
2014.06.18 08:59:50.116,0.82742,0.82769,1.65,1.65
2014.06.18 08:59:50.781,0.82741,0.82769,1.65,1.65
2014.06.18 08:59:55.476,0.82744,0.82769,1.65,1.65
2014.06.18 08:59:56.935,0.82745,0.82772,1.65,1.65
2014.06.18 08:59:57.712,0.82746,0.82772,1.65,1.65
