2014.06.27 10:00:00.286,0.8358,0.83605,1.38,1.38
2014.06.27 10:00:01.377,0.83574,0.83601,2.70,1.00
2014.06.27 10:00:01.936,0.83577,0.83601,1.95,1.00
2014.06.27 10:00:02.450,0.83575,0.836,2.70,1.00
2014.06.27 10:00:04.298,0.83575,0.836,2.70,1.13
2014.06.27 10:00:04.973,0.83576,0.83601,1.95,1.00
2014.06.27 10:00:05.571,0.83579,0.83601,1.95,1.00
2014.06.27 10:00:06.229,0.83576,0.836,1.95,1.00
2014.06.27 10:00:14.862,0.8358,0.83605,1.38,2.70
2014.06.27 10:00:15.131,0.8358,0.83605,1.38,2.33
2014.06.27 10:00:15.801,0.83583,0.83606,1.95,1.00
2014.06.27 10:00:16.462,0.83583,0.83605,1.95,1.00
2014.06.27 10:00:17.207,0.83582,0.83605,1.95,1.00
2014.06.27 10:00:17.527,0.83583,0.83605,1.95,1.00
2014.06.27 10:00:18.370,0.83585,0.83608,1.13,1.95
2014.06.27 10:00:19.261,0.83582,0.83608,1.95,1.95
2014.06.27 10:00:20.241,0.83582,0.83605,1.95,1.00
2014.06.27 10:00:20.752,0.83582,0.83605,1.95,1.13
2014.06.27 10:00:22.938,0.83582,0.83605,1.95,1.38
2014.06.27 10:00:31.630,0.83585,0.83608,1.00,1.95
2014.06.27 10:00:32.631,0.83581,0.83606,1.95,1.38
2014.06.27 10:00:34.171,0.83585,0.83609,1.00,1.95
2014.06.27 10:00:35.377,0.83585,0.83609,1.00,1.95
2014.06.27 10:00:36.674,0.83585,0.83609,1.13,1.95
2014.06.27 10:00:37.239,0.83581,0.83606,1.95,1.00
2014.06.27 10:00:39.441,0.83585,0.83609,1.38,1.95
2014.06.27 10:00:39.582,0.83582,0.83605,1.95,1.00
2014.06.27 10:00:39.632,0.83582,0.83605,1.95,1.13
2014.06.27 10:00:42.633,0.83582,0.83605,1.95,1.00
2014.06.27 10:00:45.160,0.83585,0.83608,1.38,1.95
2014.06.27 10:00:46.151,0.83582,0.83606,1.95,1.00
2014.06.27 10:00:48.261,0.83585,0.83608,1.38,1.95
2014.06.27 10:00:49.639,0.83585,0.83608,1.13,1.95
2014.06.27 10:01:00.260,0.83585,0.83608,1.00,1.95
2014.06.27 10:01:00.688,0.83581,0.83606,1.95,1.38
2014.06.27 10:01:02.019,0.83585,0.83608,1.00,1.95
2014.06.27 10:01:02.119,0.83585,0.83608,1.00,1.95
2014.06.27 10:01:02.680,0.83582,0.83605,1.95,1.13
2014.06.27 10:01:03.321,0.83582,0.83605,1.95,1.00
2014.06.27 10:01:04.100,0.83585,0.83608,1.13,1.95
2014.06.27 10:01:04.625,0.83585,0.83608,1.00,1.95
2014.06.27 10:01:14.943,0.83585,0.83607,1.00,1.95
2014.06.27 10:01:19.682,0.83585,0.83607,1.00,1.95
2014.06.27 10:01:19.829,0.83581,0.83605,1.95,1.13
2014.06.27 10:01:25.230,0.8358,0.83606,1.95,1.13
2014.06.27 10:01:25.853,0.8358,0.83605,2.70,1.00
2014.06.27 10:01:27.058,0.83585,0.83609,1.00,1.95
2014.06.27 10:01:27.820,0.83581,0.83605,1.95,1.00
2014.06.27 10:01:28.150,0.83584,0.83608,1.13,1.95
2014.06.27 10:01:28.479,0.83584,0.83605,1.00,1.95
2014.06.27 10:01:28.907,0.83585,0.83607,1.13,1.58
2014.06.27 10:01:29.421,0.83585,0.83608,1.13,1.95
2014.06.27 10:01:29.563,0.83585,0.83608,1.00,1.95
2014.06.27 10:01:29.901,0.83585,0.83608,1.13,1.95
2014.06.27 10:01:30.132,0.83581,0.83605,1.95,1.00
2014.06.27 10:01:30.649,0.83581,0.83605,1.95,1.00
2014.06.27 10:01:31.891,0.83585,0.83608,1.38,1.95
2014.06.27 10:01:33.101,0.83581,0.83606,1.95,1.00
2014.06.27 10:01:33.321,0.83584,0.83608,1.38,1.95
2014.06.27 10:01:36.946,0.83585,0.83608,1.13,1.95
2014.06.27 10:01:37.669,0.8358,0.83605,1.38,1.13
2014.06.27 10:01:43.788,0.8358,0.83605,2.70,1.38
2014.06.27 10:01:49.125,0.83585,0.83608,1.00,1.95
2014.06.27 10:01:49.278,0.83585,0.83608,1.13,1.95
2014.06.27 10:01:50.092,0.83581,0.83605,1.95,1.00
2014.06.27 10:01:55.139,0.83582,0.83605,1.95,1.00
2014.06.27 10:01:55.190,0.83585,0.83608,1.38,2.55
2014.06.27 10:01:55.828,0.83584,0.83608,1.38,2.55
2014.06.27 10:01:56.471,0.83582,0.83605,1.95,1.00
2014.06.27 10:01:57.149,0.83585,0.83608,1.13,2.55
2014.06.27 10:02:00.364,0.83584,0.83608,1.00,2.55
2014.06.27 10:02:00.868,0.83581,0.83605,1.95,1.38
2014.06.27 10:02:02.299,0.83585,0.83609,1.00,2.55
2014.06.27 10:02:10.539,0.83583,0.83605,1.95,1.38
2014.06.27 10:02:13.177,0.83584,0.83609,1.00,2.55
2014.06.27 10:02:13.230,0.83584,0.83609,1.38,2.55
2014.06.27 10:02:17.908,0.83583,0.83605,1.95,1.00
2014.06.27 10:02:19.706,0.8358,0.83605,2.70,1.13
2014.06.27 10:02:21.757,0.83585,0.83608,1.00,1.95
2014.06.27 10:02:22.420,0.83585,0.83606,1.00,1.95
2014.06.27 10:02:22.520,0.8358,0.83605,1.38,2.70
2014.06.27 10:02:22.621,0.8358,0.83605,2.70,1.38
2014.06.27 10:02:32.671,0.8358,0.83605,1.13,1.38
2014.06.27 10:02:35.382,0.8358,0.83604,1.00,1.95
2014.06.27 10:02:40.339,0.83575,0.836,2.70,1.13
2014.06.27 10:02:44.377,0.8358,0.83601,1.00,1.95
2014.06.27 10:02:47.127,0.83574,0.836,1.38,1.95
2014.06.27 10:02:56.219,0.83574,0.836,1.38,1.95
2014.06.27 10:02:57.360,0.8358,0.836,1.00,1.95
2014.06.27 10:02:59.280,0.8358,0.83601,1.00,1.95
2014.06.27 10:03:04.837,0.8358,0.836,1.00,1.58
2014.06.27 10:03:05.552,0.83579,0.836,1.00,1.58
2014.06.27 10:03:06.600,0.8358,0.836,1.00,1.58
2014.06.27 10:03:11.817,0.83579,0.836,1.00,1.58
2014.06.27 10:03:15.006,0.83574,0.836,1.38,1.58
2014.06.27 10:03:15.218,0.83575,0.83597,1.38,1.58
2014.06.27 10:03:15.297,0.83575,0.836,1.38,2.33
2014.06.27 10:03:16.683,0.83575,0.836,1.38,2.70
2014.06.27 10:03:19.689,0.83575,0.836,1.38,1.13
2014.06.27 10:03:20.076,0.8358,0.83602,1.13,1.58
2014.06.27 10:03:20.568,0.8358,0.83601,1.00,1.95
2014.06.27 10:03:20.668,0.83575,0.836,1.38,2.70
2014.06.27 10:03:21.402,0.83575,0.83599,1.38,1.58
2014.06.27 10:03:24.662,0.83575,0.836,1.38,2.70
2014.06.27 10:03:37.950,0.83574,0.836,1.38,1.95
2014.06.27 10:03:40.842,0.83575,0.836,1.38,2.70
2014.06.27 10:03:41.159,0.8358,0.83602,1.00,1.95
2014.06.27 10:03:41.725,0.8358,0.83602,1.13,1.95
2014.06.27 10:03:45.299,0.8358,0.83604,1.38,2.55
2014.06.27 10:03:45.349,0.83585,0.83604,1.00,2.55
2014.06.27 10:03:55.530,0.83585,0.8361,1.00,1.73
2014.06.27 10:03:55.643,0.83585,0.8361,1.38,1.38
2014.06.27 10:03:56.051,0.8359,0.8361,1.00,1.95
2014.06.27 10:03:56.789,0.83589,0.83611,1.00,1.95
2014.06.27 10:03:58.519,0.83589,0.83611,1.38,1.95
2014.06.27 10:03:59.479,0.83595,0.83617,1.00,2.55
2014.06.27 10:03:59.802,0.83595,0.83617,1.00,2.55
2014.06.27 10:04:06.388,0.83595,0.83615,1.00,1.95
2014.06.27 10:04:08.276,0.8359,0.83615,1.38,2.70
2014.06.27 10:04:14.158,0.8359,0.83611,1.00,1.95
2014.06.27 10:04:14.989,0.83589,0.83611,1.00,1.95
2014.06.27 10:04:17.739,0.83585,0.8361,2.70,1.38
2014.06.27 10:04:19.939,0.8359,0.8361,1.00,1.38
2014.06.27 10:04:23.902,0.8359,0.8361,1.00,1.13
2014.06.27 10:04:24.511,0.83589,0.83613,1.13,2.55
2014.06.27 10:04:25.881,0.8359,0.83613,1.00,2.55
2014.06.27 10:04:26.455,0.8359,0.83615,1.13,1.98
2014.06.27 10:04:33.549,0.8359,0.83615,1.38,1.98
2014.06.27 10:04:35.857,0.8359,0.83615,2.70,1.98
2014.06.27 10:04:36.695,0.8359,0.83615,1.38,1.98
2014.06.27 10:04:43.477,0.83589,0.83615,2.70,2.55
2014.06.27 10:04:45.624,0.83589,0.83615,2.33,2.55
2014.06.27 10:04:45.825,0.83585,0.8361,2.70,1.38
2014.06.27 10:04:45.875,0.83585,0.8361,1.13,2.70
2014.06.27 10:04:46.095,0.83585,0.8361,1.38,2.70
2014.06.27 10:04:46.196,0.83585,0.8361,1.13,2.70
2014.06.27 10:04:46.605,0.83585,0.8361,1.00,2.33
2014.06.27 10:04:46.706,0.83585,0.83607,1.00,1.58
2014.06.27 10:04:46.930,0.83585,0.83609,1.00,1.58
2014.06.27 10:04:49.819,0.83585,0.83609,1.00,1.95
2014.06.27 10:04:51.395,0.83584,0.83609,1.13,1.95
2014.06.27 10:04:51.940,0.83585,0.83608,1.00,1.95
2014.06.27 10:05:00.269,0.83585,0.83608,1.00,1.95
2014.06.27 10:05:01.504,0.83585,0.83609,1.00,2.55
2014.06.27 10:05:01.887,0.83589,0.83609,1.00,1.95
2014.06.27 10:05:01.988,0.83584,0.83608,1.00,1.95
2014.06.27 10:05:02.090,0.83589,0.83609,1.00,1.95
2014.06.27 10:05:02.279,0.83585,0.83609,1.00,1.95
2014.06.27 10:05:02.830,0.83585,0.83608,1.00,1.95
2014.06.27 10:05:03.598,0.83584,0.83608,1.00,1.95
2014.06.27 10:05:05.358,0.83585,0.83605,1.00,1.38
2014.06.27 10:05:05.575,0.83582,0.83605,1.95,1.38
2014.06.27 10:05:07.116,0.83585,0.83605,1.00,1.38
2014.06.27 10:05:15.117,0.83584,0.83606,1.00,1.73
2014.06.27 10:05:16.768,0.83585,0.83605,1.00,1.38
2014.06.27 10:05:17.353,0.83585,0.83605,1.00,1.38
2014.06.27 10:05:17.566,0.8358,0.83604,1.00,2.55
2014.06.27 10:05:17.621,0.8358,0.83604,1.00,2.55
2014.06.27 10:05:17.976,0.8358,0.83604,1.00,2.55
2014.06.27 10:05:18.087,0.83577,0.836,1.95,1.38
2014.06.27 10:05:18.639,0.8358,0.836,1.00,1.38
2014.06.27 10:05:19.567,0.8358,0.836,1.00,1.38
2014.06.27 10:05:20.888,0.8358,0.83604,1.00,2.55
2014.06.27 10:05:23.479,0.83577,0.836,1.95,1.13
2014.06.27 10:05:23.813,0.83577,0.836,1.95,1.38
2014.06.27 10:05:24.700,0.8358,0.836,1.00,1.38
2014.06.27 10:05:35.050,0.8358,0.836,1.00,1.00
2014.06.27 10:05:35.593,0.83576,0.836,1.95,1.00
2014.06.27 10:05:36.190,0.83575,0.836,1.38,2.70
2014.06.27 10:05:40.308,0.83574,0.83601,1.38,2.70
2014.06.27 10:05:40.637,0.83572,0.83595,1.95,1.00
2014.06.27 10:05:42.237,0.83571,0.83595,1.95,1.13
2014.06.27 10:05:42.337,0.8357,0.83595,2.70,1.38
2014.06.27 10:05:43.739,0.83569,0.83596,2.70,3.30
2014.06.27 10:05:45.538,0.83569,0.83595,1.38,1.95
2014.06.27 10:05:47.340,0.8357,0.83595,1.13,2.70
2014.06.27 10:05:49.055,0.83569,0.83592,1.00,1.95
2014.06.27 10:05:49.779,0.8357,0.83594,1.00,2.55
2014.06.27 10:05:50.106,0.8357,0.83593,1.00,2.55
2014.06.27 10:05:52.045,0.83564,0.83591,2.70,1.38
2014.06.27 10:05:52.482,0.83565,0.8359,1.38,1.38
2014.06.27 10:05:52.611,0.83564,0.8359,2.70,1.95
2014.06.27 10:05:53.405,0.8357,0.8359,1.00,2.70
2014.06.27 10:05:53.806,0.83565,0.8359,2.70,1.38
2014.06.27 10:05:53.921,0.8357,0.8359,1.00,1.38
2014.06.27 10:05:54.034,0.83565,0.8359,2.33,1.38
2014.06.27 10:05:54.247,0.8357,0.8359,1.00,1.38
2014.06.27 10:05:54.577,0.83565,0.8359,2.33,1.38
2014.06.27 10:05:54.951,0.8356,0.83585,1.38,2.70
2014.06.27 10:05:55.064,0.83558,0.8358,2.55,1.00
2014.06.27 10:05:55.223,0.8356,0.8358,1.00,1.13
2014.06.27 10:05:55.425,0.83561,0.83586,1.95,1.38
2014.06.27 10:05:55.633,0.83565,0.83589,1.00,1.95
2014.06.27 10:05:55.962,0.8356,0.83589,1.95,1.95
2014.06.27 10:05:56.113,0.8356,0.83585,1.00,1.38
2014.06.27 10:05:56.456,0.83557,0.83585,1.58,1.38
2014.06.27 10:05:56.789,0.8356,0.83585,1.00,1.38
2014.06.27 10:05:56.903,0.83557,0.8358,2.18,1.13
2014.06.27 10:05:57.004,0.8356,0.83584,1.00,1.95
2014.06.27 10:05:57.104,0.8356,0.83584,1.00,1.95
2014.06.27 10:05:57.429,0.8356,0.83585,2.70,1.38
2014.06.27 10:05:57.979,0.8356,0.83585,1.13,1.38
2014.06.27 10:05:58.531,0.8356,0.83585,2.70,1.38
2014.06.27 10:06:00.160,0.8356,0.83585,1.38,1.13
2014.06.27 10:06:00.211,0.83565,0.83589,1.00,1.95
2014.06.27 10:06:00.273,0.83565,0.83589,1.38,1.95
2014.06.27 10:06:00.323,0.8357,0.83591,1.00,1.95
2014.06.27 10:06:00.497,0.8357,0.83591,1.00,1.95
2014.06.27 10:06:00.958,0.83565,0.83588,1.38,1.58
2014.06.27 10:06:01.109,0.83565,0.83588,1.00,2.55
2014.06.27 10:06:01.655,0.83565,0.83589,1.00,1.95
2014.06.27 10:06:01.756,0.83565,0.83589,1.38,1.95
2014.06.27 10:06:01.856,0.8357,0.8359,1.00,1.73
2014.06.27 10:06:02.651,0.83569,0.83595,1.00,1.95
2014.06.27 10:06:03.313,0.8357,0.83595,1.00,2.70
2014.06.27 10:06:03.563,0.8357,0.83595,1.13,2.70
2014.06.27 10:06:06.988,0.8357,0.83595,1.00,2.70
2014.06.27 10:06:07.097,0.83566,0.83591,1.95,1.38
2014.06.27 10:06:07.320,0.83562,0.83586,1.95,1.38
2014.06.27 10:06:07.647,0.8356,0.83585,1.38,1.38
2014.06.27 10:06:08.076,0.83565,0.83585,1.00,1.38
2014.06.27 10:06:08.176,0.83565,0.83585,1.00,1.13
2014.06.27 10:06:12.189,0.83565,0.8359,1.13,3.30
2014.06.27 10:06:12.289,0.8357,0.8359,1.00,1.38
2014.06.27 10:06:12.340,0.8357,0.8359,1.00,1.13
2014.06.27 10:06:13.740,0.83569,0.83592,1.00,1.95
2014.06.27 10:06:14.393,0.8357,0.83593,1.00,1.95
2014.06.27 10:06:14.443,0.8357,0.83593,1.00,1.95
2014.06.27 10:06:15.300,0.83567,0.83591,1.95,1.38
2014.06.27 10:06:15.579,0.83564,0.8359,1.13,2.55
2014.06.27 10:06:15.814,0.83565,0.83589,1.00,1.95
2014.06.27 10:06:15.915,0.83564,0.8359,1.38,1.95
2014.06.27 10:06:16.436,0.83565,0.83585,1.00,1.13
2014.06.27 10:06:17.146,0.83561,0.83585,1.95,1.13
2014.06.27 10:06:17.701,0.83564,0.83589,1.00,2.55
2014.06.27 10:06:17.914,0.83565,0.83589,1.38,1.95
2014.06.27 10:06:18.797,0.8357,0.83589,1.00,1.95
2014.06.27 10:06:19.345,0.8357,0.83591,1.00,1.95
2014.06.27 10:06:19.920,0.83569,0.83593,1.13,1.95
2014.06.27 10:06:20.272,0.8357,0.83592,1.00,1.95
2014.06.27 10:06:20.382,0.8357,0.8359,1.13,1.00
2014.06.27 10:06:21.067,0.8357,0.83595,1.13,3.30
2014.06.27 10:06:21.193,0.83569,0.83591,1.00,1.38
2014.06.27 10:06:21.852,0.8357,0.83593,1.38,1.95
2014.06.27 10:06:21.978,0.83575,0.83595,1.00,1.95
2014.06.27 10:06:22.106,0.8357,0.83595,1.38,3.30
2014.06.27 10:06:22.157,0.8357,0.83594,1.00,2.55
2014.06.27 10:06:22.374,0.8357,0.83595,1.38,2.70
2014.06.27 10:06:25.087,0.83569,0.83595,2.70,1.95
2014.06.27 10:06:25.606,0.83567,0.8359,1.95,1.00
2014.06.27 10:06:25.707,0.83567,0.8359,1.95,1.00
2014.06.27 10:06:26.142,0.8357,0.83592,1.00,1.95
2014.06.27 10:06:27.356,0.8357,0.83592,1.00,1.95
2014.06.27 10:06:27.406,0.83565,0.83591,1.95,1.38
2014.06.27 10:06:27.835,0.8357,0.83592,1.00,1.95
2014.06.27 10:06:28.385,0.83567,0.8359,1.95,1.13
2014.06.27 10:06:28.486,0.83565,0.8359,2.70,1.38
2014.06.27 10:06:29.190,0.83569,0.8359,1.58,1.38
2014.06.27 10:06:29.350,0.8357,0.83595,1.00,2.70
2014.06.27 10:06:29.451,0.8357,0.83595,1.38,2.70
2014.06.27 10:06:30.138,0.8357,0.83594,1.38,1.95
2014.06.27 10:06:30.587,0.83569,0.8359,1.95,1.00
2014.06.27 10:06:30.687,0.83568,0.8359,1.95,1.00
2014.06.27 10:06:31.144,0.8357,0.83594,1.38,1.95
2014.06.27 10:06:32.275,0.8357,0.83594,1.13,1.95
2014.06.27 10:06:35.950,0.8357,0.83595,1.38,1.38
2014.06.27 10:06:36.405,0.8357,0.83595,1.13,1.38
2014.06.27 10:06:40.286,0.8356,0.83585,2.70,1.13
2014.06.27 10:06:41.328,0.83565,0.83589,1.00,1.95
2014.06.27 10:06:41.379,0.83565,0.83589,1.38,1.95
2014.06.27 10:06:44.297,0.83565,0.8359,2.70,1.73
2014.06.27 10:06:44.747,0.83564,0.83586,1.00,1.38
2014.06.27 10:06:44.860,0.8356,0.83585,2.70,1.38
2014.06.27 10:06:45.866,0.83561,0.83588,1.95,1.95
2014.06.27 10:06:46.558,0.83562,0.8359,1.95,1.38
2014.06.27 10:06:47.597,0.83562,0.8359,1.95,1.38
2014.06.27 10:06:49.940,0.83562,0.8359,1.95,1.38
2014.06.27 10:06:50.484,0.83565,0.8359,1.38,1.38
2014.06.27 10:06:51.015,0.83565,0.8359,2.70,1.38
2014.06.27 10:06:51.808,0.83565,0.8359,1.38,1.00
2014.06.27 10:06:51.966,0.8357,0.83593,1.00,1.95
2014.06.27 10:06:52.513,0.83566,0.8359,1.95,1.00
2014.06.27 10:06:52.614,0.83566,0.8359,1.95,1.38
2014.06.27 10:06:57.596,0.83565,0.83585,1.38,1.00
2014.06.27 10:07:02.906,0.83565,0.8359,2.70,1.38
2014.06.27 10:07:08.548,0.83565,0.8359,1.38,1.38
2014.06.27 10:07:15.792,0.83565,0.83585,2.70,1.00
2014.06.27 10:07:16.335,0.83565,0.8359,2.70,1.38
2014.06.27 10:07:16.435,0.83564,0.83586,2.70,1.00
2014.06.27 10:07:17.997,0.83562,0.83585,1.95,1.00
2014.06.27 10:07:20.527,0.83565,0.83585,1.00,1.13
2014.06.27 10:07:21.304,0.83564,0.83585,1.95,1.13
2014.06.27 10:07:23.097,0.83564,0.83585,1.95,1.00
2014.06.27 10:07:23.560,0.83565,0.8359,2.70,1.38
2014.06.27 10:07:25.062,0.83566,0.8359,1.95,1.38
2014.06.27 10:07:38.929,0.83565,0.8359,2.70,1.13
2014.06.27 10:07:44.156,0.83564,0.83585,1.95,1.00
2014.06.27 10:07:45.321,0.83563,0.83586,1.95,1.00
2014.06.27 10:07:45.595,0.8356,0.83586,1.95,2.70
2014.06.27 10:07:45.877,0.83558,0.83581,1.95,1.00
2014.06.27 10:07:46.416,0.8356,0.8358,1.38,1.00
2014.06.27 10:07:46.975,0.83556,0.83581,1.95,1.00
2014.06.27 10:07:47.738,0.83557,0.83585,1.95,1.38
2014.06.27 10:07:48.295,0.8356,0.83585,1.38,1.38
2014.06.27 10:07:48.894,0.8356,0.83585,2.70,1.38
2014.06.27 10:07:50.311,0.8356,0.83589,2.70,1.95
2014.06.27 10:07:50.492,0.8356,0.83585,2.70,1.00
2014.06.27 10:07:50.812,0.83562,0.83585,1.95,1.00
2014.06.27 10:07:51.195,0.83563,0.8359,1.95,1.13
2014.06.27 10:07:52.094,0.83565,0.83595,1.38,2.70
2014.06.27 10:07:52.514,0.83567,0.83595,1.95,1.38
2014.06.27 10:07:54.823,0.83567,0.8359,1.95,1.00
2014.06.27 10:07:56.913,0.83567,0.83595,1.95,1.38
2014.06.27 10:07:59.680,0.83567,0.8359,1.95,1.00
2014.06.27 10:07:59.885,0.83567,0.83595,1.95,1.38
2014.06.27 10:08:00.492,0.83567,0.83595,1.95,1.38
2014.06.27 10:08:01.867,0.83567,0.8359,1.95,1.00
2014.06.27 10:08:02.600,0.83567,0.83596,1.95,2.70
2014.06.27 10:08:04.066,0.83567,0.8359,1.95,1.00
2014.06.27 10:08:04.580,0.83567,0.83591,1.95,1.13
2014.06.27 10:08:06.943,0.83567,0.8359,1.95,1.00
2014.06.27 10:08:11.353,0.83565,0.8359,1.38,1.38
2014.06.27 10:08:11.454,0.83565,0.8359,1.95,1.13
2014.06.27 10:08:13.614,0.83567,0.8359,1.95,1.00
2014.06.27 10:08:29.865,0.83567,0.83595,1.95,1.38
2014.06.27 10:08:40.645,0.83567,0.8359,1.95,1.00
2014.06.27 10:08:41.201,0.83567,0.83595,1.95,1.38
2014.06.27 10:08:42.857,0.83567,0.8359,1.95,1.00
2014.06.27 10:08:46.293,0.83567,0.8359,1.95,1.38
2014.06.27 10:08:52.551,0.83567,0.8359,1.95,1.00
2014.06.27 10:08:53.964,0.83567,0.83591,1.95,1.13
2014.06.27 10:08:55.283,0.83567,0.8359,1.95,1.00
2014.06.27 10:08:58.612,0.83566,0.8359,1.95,1.38
2014.06.27 10:08:58.762,0.83564,0.8359,1.58,1.38
2014.06.27 10:08:58.846,0.83564,0.8359,1.95,1.38
2014.06.27 10:09:20.464,0.83565,0.83591,1.95,1.38
2014.06.27 10:09:27.403,0.83562,0.83591,1.95,2.70
2014.06.27 10:09:28.334,0.83563,0.83585,1.95,1.00
2014.06.27 10:09:28.481,0.83562,0.8359,1.95,1.38
2014.06.27 10:09:33.926,0.83562,0.8359,1.95,1.38
2014.06.27 10:09:35.678,0.8356,0.83585,1.38,1.38
2014.06.27 10:09:37.874,0.8356,0.83585,1.13,1.38
2014.06.27 10:09:48.847,0.83559,0.83586,1.13,2.70
2014.06.27 10:09:50.636,0.8356,0.83585,1.00,1.38
2014.06.27 10:09:52.236,0.8356,0.83585,2.70,1.38
2014.06.27 10:09:53.102,0.83555,0.8358,2.70,1.38
2014.06.27 10:09:53.420,0.8356,0.83585,1.00,2.70
2014.06.27 10:09:55.058,0.8356,0.83585,1.13,2.70
2014.06.27 10:09:55.799,0.83561,0.83586,1.58,1.38
2014.06.27 10:09:56.940,0.8356,0.83585,1.13,1.38
2014.06.27 10:10:39.284,0.8356,0.83585,2.33,1.38
2014.06.27 10:10:46.167,0.83559,0.83585,2.33,1.95
2014.06.27 10:10:46.755,0.8356,0.83585,1.00,1.38
2014.06.27 10:10:48.312,0.83558,0.83586,1.58,2.70
2014.06.27 10:10:49.036,0.83558,0.83586,1.95,2.70
2014.06.27 10:10:49.189,0.8356,0.83585,1.00,1.38
2014.06.27 10:10:49.725,0.83561,0.83585,1.58,1.38
2014.06.27 10:10:50.529,0.8356,0.83585,1.00,2.70
2014.06.27 10:10:51.045,0.83559,0.83584,1.00,1.95
2014.06.27 10:10:55.793,0.8356,0.83584,1.00,1.95
2014.06.27 10:10:56.324,0.83559,0.83585,2.33,1.95
2014.06.27 10:11:00.099,0.8356,0.83586,1.58,2.70
2014.06.27 10:11:05.421,0.83559,0.83586,2.33,3.30
2014.06.27 10:11:06.019,0.83558,0.8358,1.95,1.38
2014.06.27 10:11:06.069,0.83556,0.8358,1.95,1.38
2014.06.27 10:11:06.179,0.83558,0.8358,1.58,1.38
2014.06.27 10:11:07.369,0.83559,0.8358,1.58,1.38
2014.06.27 10:11:08.262,0.83558,0.8358,1.58,1.38
2014.06.27 10:11:08.869,0.83559,0.8358,1.58,1.38
2014.06.27 10:11:09.528,0.83557,0.8358,1.95,1.38
2014.06.27 10:11:11.629,0.8356,0.8358,1.00,1.38
2014.06.27 10:11:12.118,0.8356,0.8358,1.00,1.38
2014.06.27 10:11:17.529,0.83559,0.83581,1.00,1.38
2014.06.27 10:11:18.111,0.8356,0.83584,1.00,2.55
2014.06.27 10:11:27.091,0.83558,0.8358,1.95,1.38
2014.06.27 10:11:29.948,0.83554,0.83575,1.95,1.00
2014.06.27 10:11:30.433,0.83556,0.83581,1.95,1.38
2014.06.27 10:11:46.609,0.83556,0.8358,1.95,1.13
2014.06.27 10:12:02.734,0.83555,0.8358,2.70,1.38
2014.06.27 10:12:09.144,0.83555,0.83581,1.95,1.38
2014.06.27 10:12:16.306,0.83555,0.8358,2.33,1.38
2014.06.27 10:12:16.457,0.83552,0.83575,1.95,1.38
2014.06.27 10:12:17.560,0.83552,0.83575,1.95,1.38
2014.06.27 10:12:18.517,0.83553,0.83575,1.58,1.38
2014.06.27 10:12:19.023,0.83552,0.83576,1.95,1.38
2014.06.27 10:12:20.953,0.83555,0.83578,1.00,1.95
2014.06.27 10:12:23.357,0.83552,0.83575,1.95,1.38
2014.06.27 10:12:33.166,0.83554,0.8358,1.00,2.55
2014.06.27 10:12:33.917,0.83555,0.8358,1.00,3.30
2014.06.27 10:12:36.135,0.83555,0.8358,1.00,3.30
2014.06.27 10:12:38.558,0.8355,0.83576,1.95,1.38
2014.06.27 10:12:38.890,0.8355,0.83576,1.95,1.38
2014.06.27 10:12:44.528,0.8355,0.83576,1.95,1.38
2014.06.27 10:12:45.000,0.83555,0.83577,1.00,1.95
2014.06.27 10:12:45.654,0.83555,0.83577,1.00,1.95
2014.06.27 10:12:46.198,0.83555,0.83579,1.13,2.55
2014.06.27 10:12:46.852,0.83555,0.8358,1.38,1.98
2014.06.27 10:12:54.951,0.83552,0.83575,1.95,1.00
2014.06.27 10:12:55.050,0.83552,0.83575,1.95,1.13
2014.06.27 10:12:55.280,0.83555,0.8358,1.38,1.38
2014.06.27 10:12:57.918,0.83555,0.8358,2.70,1.38
2014.06.27 10:12:58.312,0.83556,0.8358,1.95,1.38
2014.06.27 10:12:59.246,0.8356,0.83583,1.00,2.55
2014.06.27 10:13:00.757,0.83556,0.8358,1.95,1.38
2014.06.27 10:13:08.598,0.83555,0.8358,2.70,1.13
2014.06.27 10:13:20.417,0.83556,0.8358,1.88,1.13
2014.06.27 10:13:21.026,0.83555,0.8358,2.70,1.38
2014.06.27 10:13:24.626,0.8356,0.83584,1.00,2.55
2014.06.27 10:13:29.807,0.83555,0.8358,2.70,1.38
2014.06.27 10:13:34.671,0.83555,0.8358,1.13,1.38
2014.06.27 10:13:38.903,0.83555,0.8358,1.38,1.38
2014.06.27 10:13:43.526,0.8356,0.83581,1.00,1.95
2014.06.27 10:13:47.578,0.83554,0.83581,2.70,2.70
2014.06.27 10:13:47.818,0.83554,0.83581,2.70,2.70
2014.06.27 10:13:51.886,0.83554,0.83581,2.70,2.70
2014.06.27 10:13:54.246,0.83554,0.83581,2.70,2.70
2014.06.27 10:13:54.686,0.83555,0.8358,1.38,1.38
2014.06.27 10:13:54.988,0.83559,0.83584,1.00,2.55
2014.06.27 10:13:56.334,0.83559,0.83583,1.00,1.95
2014.06.27 10:13:57.916,0.83557,0.8358,1.95,1.38
2014.06.27 10:13:58.508,0.83557,0.8358,1.95,1.38
2014.06.27 10:13:58.911,0.8356,0.83584,1.00,1.95
2014.06.27 10:13:58.961,0.8356,0.83584,1.13,1.95
2014.06.27 10:13:59.071,0.8356,0.83584,1.38,1.95
2014.06.27 10:13:59.372,0.83564,0.83585,1.58,1.38
2014.06.27 10:14:00.257,0.83564,0.83585,1.95,1.13
2014.06.27 10:14:00.991,0.83565,0.83585,1.58,1.13
2014.06.27 10:14:01.702,0.83565,0.83585,1.58,1.38
2014.06.27 10:14:06.056,0.83565,0.8359,2.33,1.38
2014.06.27 10:14:07.263,0.83564,0.83586,1.58,1.38
2014.06.27 10:14:07.925,0.83564,0.83586,1.58,1.13
2014.06.27 10:14:10.869,0.83564,0.83585,1.58,1.00
2014.06.27 10:14:15.618,0.83564,0.83586,1.58,1.73
2014.06.27 10:14:15.769,0.83561,0.83586,1.95,1.35
2014.06.27 10:14:15.870,0.83561,0.83585,1.95,1.38
2014.06.27 10:14:20.390,0.83563,0.83586,1.95,1.38
2014.06.27 10:14:21.736,0.83565,0.83586,1.58,1.38
2014.06.27 10:14:45.215,0.83563,0.83585,1.95,1.13
2014.06.27 10:14:49.395,0.83565,0.83585,1.58,1.13
2014.06.27 10:14:59.401,0.83565,0.83585,1.58,1.38
2014.06.27 10:15:02.450,0.83565,0.83585,1.58,1.38
2014.06.27 10:15:02.500,0.83563,0.83585,1.58,1.38
2014.06.27 10:15:07.068,0.83563,0.83586,1.95,1.38
2014.06.27 10:15:08.758,0.83561,0.83585,1.95,1.38
2014.06.27 10:15:09.307,0.83561,0.83586,1.58,1.38
2014.06.27 10:15:09.915,0.8356,0.83585,2.70,1.38
2014.06.27 10:15:17.381,0.83559,0.83585,2.33,1.95
2014.06.27 10:15:20.534,0.83559,0.83585,2.70,1.95
2014.06.27 10:15:23.695,0.8356,0.83585,2.70,1.38
2014.06.27 10:15:24.510,0.83562,0.83585,1.95,1.38
2014.06.27 10:15:25.171,0.83562,0.83585,1.95,1.38
2014.06.27 10:15:35.511,0.83562,0.83585,1.95,1.13
2014.06.27 10:15:38.950,0.83562,0.83586,1.95,1.38
2014.06.27 10:15:45.786,0.83563,0.83585,1.58,1.38
2014.06.27 10:15:46.199,0.83561,0.83585,1.58,1.38
2014.06.27 10:15:46.796,0.8356,0.83585,1.13,2.70
2014.06.27 10:15:49.738,0.8356,0.83585,1.13,2.70
2014.06.27 10:15:50.393,0.8356,0.83585,1.38,2.70
2014.06.27 10:15:51.581,0.8356,0.83585,2.70,1.38
2014.06.27 10:15:52.272,0.83562,0.83585,1.58,1.38
2014.06.27 10:15:55.951,0.83564,0.83586,1.58,1.38
2014.06.27 10:15:57.931,0.83564,0.83586,1.95,1.38
2014.06.27 10:16:07.586,0.83564,0.83586,1.95,1.00
2014.06.27 10:16:07.844,0.83564,0.83586,1.95,1.00
2014.06.27 10:16:08.368,0.83564,0.83585,1.95,1.00
2014.06.27 10:16:09.763,0.83565,0.83585,1.00,1.13
2014.06.27 10:16:11.836,0.83562,0.83585,1.95,1.13
2014.06.27 10:16:13.377,0.83565,0.83585,1.00,1.13
2014.06.27 10:16:16.347,0.83562,0.83586,1.95,1.38
2014.06.27 10:16:20.559,0.83562,0.83586,1.95,1.13
2014.06.27 10:16:23.381,0.83562,0.83586,1.95,1.38
2014.06.27 10:16:23.705,0.83563,0.83585,1.95,1.00
2014.06.27 10:16:28.871,0.83562,0.83585,1.95,1.13
2014.06.27 10:16:37.488,0.83561,0.83585,1.95,1.38
2014.06.27 10:16:52.023,0.83561,0.83585,1.95,1.38
2014.06.27 10:17:00.092,0.83561,0.83585,1.95,1.38
2014.06.27 10:17:01.471,0.83561,0.83585,1.95,1.13
2014.06.27 10:17:04.260,0.83563,0.83585,1.58,1.38
2014.06.27 10:17:07.333,0.83562,0.83585,1.95,1.38
2014.06.27 10:17:07.865,0.83561,0.83585,1.95,1.38
2014.06.27 10:17:10.246,0.8356,0.83585,1.38,1.38
2014.06.27 10:17:11.023,0.8356,0.83585,1.13,1.38
2014.06.27 10:17:11.460,0.8356,0.83585,2.70,1.38
2014.06.27 10:17:18.453,0.83561,0.83585,1.58,1.38
2014.06.27 10:17:22.584,0.83561,0.83585,1.95,1.38
2014.06.27 10:17:26.174,0.83562,0.83585,1.58,1.38
2014.06.27 10:17:26.256,0.8356,0.83585,2.33,1.38
2014.06.27 10:17:27.298,0.8356,0.83586,1.95,1.38
2014.06.27 10:17:27.634,0.83561,0.83586,1.95,1.38
2014.06.27 10:17:27.955,0.8356,0.83585,2.70,1.13
2014.06.27 10:17:29.123,0.83561,0.83587,1.95,1.95
2014.06.27 10:17:29.962,0.83565,0.83589,1.00,1.95
2014.06.27 10:17:33.285,0.83565,0.83589,1.13,1.95
2014.06.27 10:17:34.154,0.83565,0.8359,1.38,2.70
2014.06.27 10:17:34.583,0.83564,0.83585,1.95,1.00
2014.06.27 10:17:35.234,0.83564,0.83585,1.95,1.00
2014.06.27 10:17:37.853,0.83564,0.83585,1.95,1.00
2014.06.27 10:17:40.996,0.83565,0.8359,1.38,2.70
2014.06.27 10:17:41.165,0.83565,0.8359,1.38,1.00
2014.06.27 10:17:41.492,0.83565,0.8359,1.38,1.38
2014.06.27 10:17:42.143,0.83564,0.83591,2.70,1.38
2014.06.27 10:17:43.236,0.83564,0.83591,2.70,1.38
2014.06.27 10:17:43.823,0.83564,0.83585,1.95,1.13
2014.06.27 10:17:47.110,0.83564,0.83585,1.58,1.38
2014.06.27 10:17:51.123,0.83562,0.83585,1.58,1.38
2014.06.27 10:17:51.849,0.83563,0.83585,1.58,1.38
2014.06.27 10:17:56.292,0.83562,0.83585,1.58,1.38
2014.06.27 10:18:00.010,0.83565,0.83588,1.00,1.95
2014.06.27 10:18:00.761,0.83564,0.8359,2.33,1.95
2014.06.27 10:18:02.482,0.83565,0.8359,1.00,2.70
2014.06.27 10:18:02.666,0.83565,0.8359,1.38,2.70
2014.06.27 10:18:11.545,0.83565,0.8359,2.33,1.38
2014.06.27 10:18:12.114,0.83565,0.8359,2.33,1.38
2014.06.27 10:18:12.656,0.83564,0.8359,2.70,1.95
2014.06.27 10:18:14.255,0.83565,0.8359,2.33,1.38
2014.06.27 10:18:17.860,0.83569,0.83592,1.00,1.95
2014.06.27 10:18:18.153,0.83571,0.83595,1.58,1.38
2014.06.27 10:18:18.593,0.83571,0.83595,2.55,1.00
2014.06.27 10:18:19.255,0.83574,0.83596,2.70,1.13
2014.06.27 10:18:19.686,0.83571,0.83595,2.55,1.38
2014.06.27 10:18:27.126,0.83575,0.836,1.00,1.38
2014.06.27 10:18:28.556,0.83573,0.83595,1.95,1.38
2014.06.27 10:18:29.101,0.83573,0.83595,1.95,1.00
2014.06.27 10:18:30.203,0.83573,0.83595,1.95,1.38
2014.06.27 10:18:42.725,0.83574,0.83596,1.00,1.38
2014.06.27 10:18:43.401,0.83574,0.83596,2.70,1.38
2014.06.27 10:18:44.060,0.83575,0.836,1.13,1.38
2014.06.27 10:18:51.084,0.83576,0.836,1.58,1.38
2014.06.27 10:18:51.655,0.83574,0.83601,2.70,1.38
2014.06.27 10:18:52.672,0.83576,0.836,1.58,1.38
2014.06.27 10:18:52.722,0.83576,0.836,1.95,1.38
2014.06.27 10:19:06.706,0.8358,0.83603,1.00,1.95
2014.06.27 10:19:17.645,0.83576,0.83603,1.95,1.95
2014.06.27 10:19:18.633,0.83579,0.83603,1.00,1.95
2014.06.27 10:19:19.332,0.8358,0.83604,1.00,1.95
2014.06.27 10:19:34.584,0.83579,0.83604,1.00,1.95
2014.06.27 10:19:35.243,0.8358,0.83604,1.00,1.95
2014.06.27 10:19:36.753,0.8358,0.83604,1.38,1.58
2014.06.27 10:19:37.321,0.8358,0.83605,2.70,1.13
2014.06.27 10:19:38.072,0.83581,0.83606,1.95,1.38
2014.06.27 10:19:38.402,0.83584,0.83608,1.13,1.95
2014.06.27 10:19:38.862,0.83581,0.83606,1.95,1.38
2014.06.27 10:19:38.962,0.83581,0.83606,1.95,1.38
2014.06.27 10:19:40.173,0.83581,0.83605,1.95,1.38
2014.06.27 10:19:41.112,0.83581,0.83606,1.95,1.38
2014.06.27 10:20:01.081,0.83582,0.83608,1.95,1.95
2014.06.27 10:20:15.011,0.8358,0.8361,2.70,2.70
2014.06.27 10:20:15.452,0.8358,0.83603,1.00,1.95
2014.06.27 10:20:15.502,0.83575,0.836,1.38,1.38
2014.06.27 10:20:20.820,0.83575,0.836,1.38,1.38
2014.06.27 10:20:22.705,0.83575,0.836,1.13,1.38
2014.06.27 10:20:23.976,0.83571,0.83601,1.95,1.38
2014.06.27 10:20:32.945,0.83571,0.83595,1.95,1.38
2014.06.27 10:20:33.392,0.8357,0.83595,1.38,1.38
2014.06.27 10:20:50.792,0.8357,0.83595,1.38,1.38
2014.06.27 10:20:58.584,0.83568,0.83595,1.95,1.38
2014.06.27 10:20:59.020,0.83571,0.83595,1.95,1.00
2014.06.27 10:20:59.801,0.83574,0.836,1.38,1.95
2014.06.27 10:21:00.313,0.83574,0.836,1.38,1.95
2014.06.27 10:21:04.303,0.83571,0.83595,1.95,1.00
2014.06.27 10:21:06.090,0.8357,0.83601,1.95,2.70
2014.06.27 10:21:09.478,0.83572,0.83596,1.95,1.38
2014.06.27 10:21:11.020,0.8357,0.83599,1.95,1.95
2014.06.27 10:21:19.947,0.83571,0.836,1.95,1.95
2014.06.27 10:21:21.359,0.83571,0.83595,1.95,1.00
2014.06.27 10:21:22.559,0.83571,0.836,1.95,1.95
2014.06.27 10:21:35.319,0.83571,0.83595,1.95,1.00
2014.06.27 10:21:35.439,0.83572,0.83601,1.95,2.70
2014.06.27 10:22:33.550,0.83571,0.83595,1.95,1.00
2014.06.27 10:22:34.053,0.8357,0.83599,2.70,1.95
2014.06.27 10:22:43.459,0.8357,0.83595,2.70,1.00
2014.06.27 10:22:43.625,0.8357,0.83595,2.70,1.38
2014.06.27 10:22:44.238,0.8357,0.83595,1.38,1.38
2014.06.27 10:22:52.086,0.83568,0.83596,1.95,1.38
2014.06.27 10:22:52.428,0.83565,0.83595,2.70,1.38
2014.06.27 10:22:52.830,0.83565,0.83595,2.70,1.38
2014.06.27 10:22:54.130,0.83567,0.83595,1.95,1.38
2014.06.27 10:23:07.683,0.83569,0.83596,2.70,1.38
2014.06.27 10:23:11.692,0.83567,0.83595,1.95,1.38
2014.06.27 10:23:13.062,0.8357,0.83595,1.38,1.00
2014.06.27 10:23:19.699,0.83571,0.83595,1.95,1.00
2014.06.27 10:23:20.986,0.83571,0.83595,1.95,1.00
2014.06.27 10:23:23.783,0.83571,0.83595,1.95,1.00
2014.06.27 10:23:24.409,0.83572,0.83596,1.95,1.13
2014.06.27 10:23:25.178,0.83572,0.83596,1.95,1.00
2014.06.27 10:23:28.592,0.83572,0.83595,1.95,1.00
2014.06.27 10:23:29.011,0.83574,0.83601,1.95,1.38
2014.06.27 10:23:30.454,0.83575,0.836,1.95,1.00
2014.06.27 10:23:32.508,0.83574,0.836,1.95,1.38
2014.06.27 10:23:41.367,0.83574,0.836,1.95,1.38
2014.06.27 10:23:51.038,0.83573,0.836,1.95,1.38
2014.06.27 10:24:14.140,0.83573,0.836,1.95,1.38
2014.06.27 10:24:16.217,0.83573,0.836,1.95,1.38
2014.06.27 10:24:18.174,0.83573,0.836,1.95,1.38
2014.06.27 10:24:19.857,0.83575,0.836,1.00,1.38
2014.06.27 10:24:21.043,0.83575,0.836,1.38,1.38
2014.06.27 10:24:29.830,0.83573,0.836,1.58,1.38
2014.06.27 10:24:29.981,0.83571,0.83595,1.95,1.38
2014.06.27 10:24:30.448,0.83568,0.8359,1.95,1.00
2014.06.27 10:24:42.368,0.83568,0.83595,1.95,1.38
2014.06.27 10:24:45.527,0.83568,0.83595,1.95,1.38
2014.06.27 10:24:48.362,0.83568,0.8359,1.95,1.00
2014.06.27 10:24:51.113,0.83568,0.8359,1.95,1.00
2014.06.27 10:24:52.203,0.83568,0.8359,1.95,1.13
2014.06.27 10:24:59.199,0.83568,0.83585,1.95,1.00
2014.06.27 10:24:59.334,0.83567,0.8359,1.95,1.13
2014.06.27 10:25:02.061,0.83568,0.83585,1.95,1.00
2014.06.27 10:25:02.396,0.83566,0.83585,1.95,1.00
2014.06.27 10:25:02.981,0.83562,0.83585,1.95,1.00
2014.06.27 10:25:05.570,0.83562,0.83585,1.95,1.13
2014.06.27 10:25:07.405,0.83562,0.8359,1.95,1.38
2014.06.27 10:25:07.882,0.83565,0.8359,1.38,1.38
2014.06.27 10:25:08.504,0.83565,0.8359,1.38,1.38
2014.06.27 10:25:08.835,0.83565,0.8359,1.38,1.38
2014.06.27 10:25:09.583,0.83563,0.8359,1.95,1.38
2014.06.27 10:25:23.507,0.83563,0.83585,1.95,1.00
2014.06.27 10:25:23.744,0.8356,0.83585,1.38,1.38
2014.06.27 10:25:30.336,0.8356,0.83585,1.38,1.13
2014.06.27 10:25:35.185,0.83559,0.83586,1.38,1.38
2014.06.27 10:25:43.826,0.83559,0.83585,1.38,1.95
2014.06.27 10:25:44.196,0.83559,0.83585,1.38,1.95
2014.06.27 10:25:50.967,0.83559,0.83585,1.38,1.58
2014.06.27 10:25:51.229,0.83565,0.8359,1.38,2.70
2014.06.27 10:25:51.681,0.83564,0.83589,1.38,1.95
2014.06.27 10:25:52.798,0.83565,0.8359,1.38,2.70
2014.06.27 10:25:53.389,0.83561,0.8359,1.95,1.95
2014.06.27 10:25:53.720,0.83561,0.8359,1.95,2.70
2014.06.27 10:25:55.854,0.83561,0.8359,1.95,2.70
2014.06.27 10:25:56.333,0.83564,0.83591,1.38,1.38
2014.06.27 10:25:57.178,0.83565,0.8359,2.70,1.38
2014.06.27 10:26:06.369,0.83565,0.8359,2.70,1.38
2014.06.27 10:26:06.719,0.8356,0.83585,2.70,1.00
2014.06.27 10:26:09.840,0.8356,0.83586,1.95,1.00
2014.06.27 10:26:10.510,0.8356,0.83586,1.95,1.38
2014.06.27 10:26:21.186,0.8356,0.83585,1.38,1.38
2014.06.27 10:26:21.716,0.83559,0.83586,2.70,2.70
2014.06.27 10:26:33.231,0.83559,0.83584,1.38,1.95
2014.06.27 10:26:41.937,0.8356,0.83584,1.38,1.58
2014.06.27 10:26:42.702,0.8356,0.83585,1.38,1.00
2014.06.27 10:26:43.935,0.8356,0.83585,1.38,1.38
2014.06.27 10:26:44.216,0.83557,0.8358,1.95,1.00
2014.06.27 10:26:45.199,0.83557,0.8358,1.95,1.00
2014.06.27 10:26:55.634,0.83555,0.8358,1.38,1.00
2014.06.27 10:26:56.179,0.83555,0.8358,1.38,1.00
2014.06.27 10:26:56.809,0.83555,0.83581,1.95,1.13
2014.06.27 10:26:56.860,0.83555,0.83581,1.95,1.38
2014.06.27 10:26:57.554,0.83555,0.83579,1.38,1.58
2014.06.27 10:26:57.605,0.83553,0.83575,1.95,1.00
2014.06.27 10:26:58.930,0.83555,0.83579,1.38,1.58
2014.06.27 10:26:59.667,0.83555,0.83579,1.38,1.95
2014.06.27 10:27:06.523,0.83553,0.83575,1.95,1.00
2014.06.27 10:27:27.776,0.83553,0.83576,1.95,1.00
2014.06.27 10:27:28.591,0.83553,0.83575,1.95,1.00
2014.06.27 10:27:37.239,0.83553,0.83576,1.95,1.00
2014.06.27 10:27:38.778,0.83553,0.83575,1.95,1.00
2014.06.27 10:27:50.877,0.83553,0.83576,1.95,1.00
2014.06.27 10:27:54.839,0.83553,0.83575,1.95,1.00
2014.06.27 10:27:59.260,0.83555,0.83579,1.38,1.58
2014.06.27 10:27:59.965,0.83555,0.8358,1.38,2.70
2014.06.27 10:28:10.833,0.83554,0.83579,1.38,1.58
2014.06.27 10:28:11.077,0.83553,0.83576,1.95,1.00
2014.06.27 10:28:11.260,0.83553,0.83576,1.95,1.00
2014.06.27 10:28:11.848,0.8355,0.83575,1.38,2.33
2014.06.27 10:28:12.519,0.8355,0.83575,1.38,2.33
2014.06.27 10:28:17.965,0.83549,0.83575,2.70,1.58
2014.06.27 10:28:21.302,0.8355,0.83575,1.38,2.33
2014.06.27 10:28:29.665,0.83547,0.83571,1.95,1.00
2014.06.27 10:28:32.784,0.8355,0.83575,1.38,1.38
2014.06.27 10:28:42.644,0.83547,0.8357,1.95,1.00
2014.06.27 10:28:42.906,0.8355,0.83575,1.38,2.33
2014.06.27 10:28:43.007,0.83548,0.8357,1.95,1.00
2014.06.27 10:28:43.126,0.8355,0.83574,1.38,1.58
2014.06.27 10:28:43.950,0.8355,0.83575,1.38,2.33
2014.06.27 10:28:44.331,0.83548,0.83571,1.95,1.00
2014.06.27 10:28:47.043,0.83549,0.83575,1.38,1.58
2014.06.27 10:28:49.209,0.83549,0.83575,1.38,1.95
2014.06.27 10:28:51.516,0.83553,0.83575,1.95,1.00
2014.06.27 10:28:51.848,0.83555,0.83579,1.38,1.95
2014.06.27 10:28:51.999,0.83554,0.8358,2.70,1.58
2014.06.27 10:28:52.406,0.83554,0.8358,2.70,1.58
2014.06.27 10:28:55.079,0.83554,0.83581,2.70,1.13
2014.06.27 10:28:55.834,0.83554,0.83581,2.70,1.00
2014.06.27 10:28:56.645,0.83555,0.8358,1.38,1.00
2014.06.27 10:28:58.293,0.83554,0.83581,2.70,1.00
2014.06.27 10:29:00.914,0.83554,0.83581,2.70,1.13
2014.06.27 10:29:02.504,0.83555,0.83581,1.95,2.70
2014.06.27 10:29:05.472,0.83555,0.8358,1.38,1.00
2014.06.27 10:29:09.205,0.83555,0.8358,1.38,1.13
2014.06.27 10:29:15.365,0.83555,0.8358,1.38,1.00
2014.06.27 10:29:15.585,0.8356,0.83585,1.38,1.00
2014.06.27 10:29:15.705,0.8356,0.83585,2.70,1.00
2014.06.27 10:29:30.293,0.83561,0.83586,1.95,1.00
2014.06.27 10:29:36.122,0.83561,0.83585,1.95,1.00
2014.06.27 10:29:36.454,0.83561,0.83585,1.95,1.00
2014.06.27 10:29:37.182,0.83561,0.83585,1.95,1.00
2014.06.27 10:29:45.142,0.83561,0.83586,1.95,1.00
2014.06.27 10:29:46.796,0.83561,0.83585,1.95,1.00
2014.06.27 10:29:51.319,0.83561,0.83585,1.95,1.00
2014.06.27 10:29:52.655,0.83565,0.8359,1.38,1.00
2014.06.27 10:29:54.923,0.83566,0.8359,1.95,1.13
2014.06.27 10:30:13.372,0.8357,0.83595,1.00,2.70
2014.06.27 10:30:14.103,0.8357,0.83595,1.13,2.70
2014.06.27 10:30:14.911,0.83568,0.8359,1.95,1.00
2014.06.27 10:30:15.066,0.83567,0.8359,1.95,1.38
2014.06.27 10:30:18.041,0.83567,0.8359,1.95,1.00
2014.06.27 10:30:18.726,0.83569,0.83595,1.38,1.95
2014.06.27 10:30:30.401,0.83569,0.83595,1.38,1.95
2014.06.27 10:30:30.762,0.83574,0.83595,1.58,1.38
2014.06.27 10:30:31.201,0.83576,0.83595,1.58,1.13
2014.06.27 10:30:31.755,0.83577,0.836,1.58,1.38
2014.06.27 10:30:34.663,0.83577,0.836,1.95,1.38
2014.06.27 10:30:35.154,0.83575,0.83595,1.95,1.00
2014.06.27 10:30:35.255,0.83574,0.83595,1.95,1.00
2014.06.27 10:30:36.288,0.83572,0.83595,1.95,1.13
2014.06.27 10:30:37.523,0.83572,0.83595,1.95,1.38
2014.06.27 10:30:47.261,0.8357,0.83595,2.70,1.38
2014.06.27 10:30:47.763,0.8357,0.83595,2.70,1.38
2014.06.27 10:30:48.489,0.8357,0.83596,1.95,1.38
2014.06.27 10:30:49.144,0.83572,0.83595,1.58,1.38
2014.06.27 10:30:49.771,0.83571,0.83595,1.95,1.38
2014.06.27 10:30:51.672,0.83572,0.83595,1.58,1.38
2014.06.27 10:30:52.001,0.8357,0.8359,1.58,1.13
2014.06.27 10:30:52.741,0.83569,0.83595,2.70,1.95
2014.06.27 10:30:57.001,0.8357,0.83595,1.00,2.70
2014.06.27 10:31:02.831,0.83568,0.8359,1.95,1.13
2014.06.27 10:31:03.207,0.83567,0.8359,1.58,1.38
2014.06.27 10:31:03.257,0.83565,0.83591,1.58,1.38
2014.06.27 10:31:03.961,0.83564,0.83591,2.70,2.70
2014.06.27 10:31:04.622,0.83563,0.83586,1.95,1.00
2014.06.27 10:31:05.691,0.83563,0.83585,1.95,1.00
2014.06.27 10:31:05.802,0.83565,0.83589,1.00,2.55
2014.06.27 10:31:05.902,0.83565,0.8359,1.38,1.38
2014.06.27 10:31:06.272,0.83563,0.83585,1.95,1.00
2014.06.27 10:31:07.562,0.83565,0.83588,1.13,1.95
2014.06.27 10:31:13.422,0.83564,0.83585,1.95,1.00
2014.06.27 10:31:13.945,0.83564,0.83585,1.95,1.00
2014.06.27 10:31:14.984,0.83564,0.83585,1.95,1.00
2014.06.27 10:31:15.123,0.83565,0.8359,1.38,1.38
2014.06.27 10:31:20.758,0.83566,0.8359,1.95,1.38
2014.06.27 10:31:21.943,0.8357,0.83595,1.00,2.70
2014.06.27 10:31:21.993,0.8357,0.83595,1.00,2.70
2014.06.27 10:31:30.092,0.83566,0.83591,1.95,1.13
2014.06.27 10:31:30.703,0.83566,0.83591,1.95,1.38
2014.06.27 10:31:31.671,0.83568,0.8359,1.58,1.13
2014.06.27 10:31:33.126,0.83568,0.8359,1.95,1.13
2014.06.27 10:31:38.105,0.83568,0.8359,1.95,1.38
2014.06.27 10:31:39.330,0.83567,0.8359,1.58,1.38
2014.06.27 10:31:39.890,0.83566,0.8359,1.95,1.38
2014.06.27 10:31:40.415,0.83566,0.8359,1.95,1.13
2014.06.27 10:31:46.131,0.83569,0.8359,1.58,1.38
2014.06.27 10:31:46.319,0.83567,0.8359,1.58,1.38
2014.06.27 10:31:46.370,0.83567,0.83585,1.58,1.00
2014.06.27 10:31:46.873,0.83566,0.83585,1.95,1.00
2014.06.27 10:31:47.790,0.83566,0.8359,1.95,1.38
2014.06.27 10:31:47.942,0.83566,0.8359,1.95,1.38
2014.06.27 10:31:54.061,0.83566,0.83585,1.95,1.00
2014.06.27 10:31:54.212,0.83566,0.83585,1.95,1.00
2014.06.27 10:31:57.086,0.83567,0.83585,1.58,1.00
2014.06.27 10:31:57.187,0.83566,0.8359,1.95,1.38
2014.06.27 10:31:57.238,0.83566,0.8359,1.95,1.38
2014.06.27 10:32:28.894,0.83567,0.8359,1.95,1.00
2014.06.27 10:32:29.007,0.83567,0.8359,1.95,1.38
2014.06.27 10:32:29.091,0.8357,0.8359,1.00,1.38
2014.06.27 10:32:29.341,0.83568,0.8359,1.95,1.38
2014.06.27 10:32:31.090,0.83567,0.8359,1.95,1.38
2014.06.27 10:32:31.323,0.83565,0.83585,2.70,1.00
2014.06.27 10:32:31.542,0.83565,0.8359,2.70,1.38
2014.06.27 10:32:33.172,0.83568,0.8359,1.58,1.38
2014.06.27 10:32:34.339,0.83568,0.8359,1.58,1.38
2014.06.27 10:32:34.439,0.83568,0.83585,1.58,1.00
2014.06.27 10:32:34.490,0.83564,0.83585,1.95,1.13
2014.06.27 10:32:34.591,0.83563,0.83585,1.58,1.38
2014.06.27 10:32:34.897,0.83561,0.8358,1.95,1.00
2014.06.27 10:32:35.430,0.83562,0.83581,1.58,1.00
2014.06.27 10:32:36.092,0.83562,0.83585,1.58,1.38
2014.06.27 10:32:38.115,0.83562,0.83585,1.95,1.38
2014.06.27 10:32:38.604,0.83565,0.8359,1.00,1.38
2014.06.27 10:32:39.391,0.83564,0.83591,1.13,2.70
2014.06.27 10:32:40.250,0.83565,0.8359,1.00,1.38
2014.06.27 10:32:40.763,0.83565,0.8359,1.00,2.70
2014.06.27 10:32:40.813,0.83563,0.83585,1.95,1.38
2014.06.27 10:32:44.922,0.83564,0.8359,1.58,1.38
2014.06.27 10:32:45.639,0.83561,0.83585,1.95,1.38
2014.06.27 10:32:46.655,0.83563,0.83585,1.95,1.00
2014.06.27 10:32:54.993,0.83564,0.8359,1.95,1.38
2014.06.27 10:32:56.309,0.83563,0.83585,1.95,1.00
2014.06.27 10:32:57.080,0.83565,0.8359,1.13,3.30
2014.06.27 10:32:59.925,0.83565,0.8359,1.38,1.38
2014.06.27 10:33:05.732,0.83565,0.8359,1.38,1.38
2014.06.27 10:33:06.133,0.83564,0.83585,1.95,1.00
2014.06.27 10:33:09.403,0.83564,0.8359,1.95,1.38
2014.06.27 10:33:13.112,0.83565,0.8359,1.38,1.38
2014.06.27 10:33:17.602,0.83564,0.83586,1.95,1.00
2014.06.27 10:33:17.653,0.83563,0.83586,1.95,1.13
2014.06.27 10:33:18.343,0.83563,0.83585,1.95,1.00
2014.06.27 10:33:19.523,0.83561,0.83585,2.55,1.00
2014.06.27 10:33:19.727,0.83563,0.83585,1.95,1.13
2014.06.27 10:33:20.232,0.83563,0.83585,1.95,1.00
2014.06.27 10:33:20.335,0.83566,0.83591,1.95,1.73
2014.06.27 10:33:20.386,0.83566,0.8359,1.95,1.13
2014.06.27 10:33:20.613,0.83568,0.8359,1.95,1.13
2014.06.27 10:33:21.071,0.83569,0.8359,1.95,1.00
2014.06.27 10:33:21.172,0.8357,0.83595,2.70,1.38
2014.06.27 10:33:21.456,0.83575,0.836,1.00,2.70
2014.06.27 10:33:21.707,0.83572,0.836,1.95,2.70
2014.06.27 10:33:36.831,0.83573,0.83595,1.58,1.38
2014.06.27 10:33:37.552,0.83571,0.83595,1.95,1.38
2014.06.27 10:33:37.941,0.83571,0.8359,1.95,1.00
2014.06.27 10:33:38.380,0.83571,0.83595,1.95,1.38
2014.06.27 10:33:38.542,0.83572,0.83595,1.58,1.38
2014.06.27 10:33:44.803,0.83572,0.83595,1.58,1.38
2014.06.27 10:33:45.147,0.83571,0.8359,1.95,1.00
2014.06.27 10:33:46.299,0.83571,0.83596,1.95,1.73
2014.06.27 10:33:46.849,0.83572,0.83595,1.95,1.38
2014.06.27 10:33:49.223,0.83572,0.83595,1.58,1.38
2014.06.27 10:33:57.308,0.83572,0.83595,1.58,1.38
2014.06.27 10:33:57.463,0.83567,0.8359,1.95,1.13
2014.06.27 10:33:58.838,0.8357,0.83595,1.00,2.70
2014.06.27 10:33:59.378,0.83568,0.8359,1.95,1.13
2014.06.27 10:34:03.060,0.8357,0.8359,1.58,1.13
2014.06.27 10:34:05.039,0.83569,0.83591,1.95,1.38
2014.06.27 10:34:06.362,0.8357,0.83595,1.38,1.98
2014.06.27 10:34:10.089,0.8357,0.83596,1.95,1.38
2014.06.27 10:34:15.538,0.8357,0.83591,1.95,1.00
2014.06.27 10:34:15.936,0.83569,0.83591,2.70,1.38
2014.06.27 10:34:17.028,0.8357,0.83591,1.58,1.38
2014.06.27 10:34:17.315,0.8357,0.83595,2.70,1.38
2014.06.27 10:34:21.084,0.8357,0.83596,1.95,1.38
2014.06.27 10:34:22.465,0.8357,0.83596,1.95,1.38
2014.06.27 10:34:23.580,0.8357,0.8359,2.70,1.00
2014.06.27 10:34:24.137,0.8357,0.8359,1.38,1.00
2014.06.27 10:34:25.120,0.8357,0.83595,2.70,1.38
2014.06.27 10:34:25.786,0.8357,0.83595,2.70,1.38
2014.06.27 10:34:31.552,0.8357,0.83595,1.13,1.38
2014.06.27 10:34:31.602,0.83569,0.83591,1.95,1.00
2014.06.27 10:34:32.400,0.83568,0.8359,1.95,1.00
2014.06.27 10:34:33.392,0.8357,0.83594,1.13,1.95
2014.06.27 10:34:38.548,0.8357,0.83595,1.38,2.70
2014.06.27 10:34:39.333,0.8357,0.83595,1.38,1.00
2014.06.27 10:34:39.689,0.8357,0.83595,1.38,1.38
2014.06.27 10:34:40.523,0.8357,0.83595,1.38,1.38
2014.06.27 10:34:41.228,0.8357,0.83595,1.38,1.38
2014.06.27 10:34:43.578,0.8357,0.83595,1.38,1.38
2014.06.27 10:34:44.231,0.8357,0.83595,1.38,1.38
2014.06.27 10:34:47.449,0.83569,0.83596,2.70,2.70
2014.06.27 10:34:47.559,0.83569,0.83596,2.70,2.70
2014.06.27 10:34:48.246,0.83565,0.8359,3.30,1.00
2014.06.27 10:34:48.955,0.83565,0.83591,2.55,1.13
2014.06.27 10:34:49.817,0.83568,0.8359,1.95,1.00
2014.06.27 10:34:50.069,0.83569,0.83594,1.38,1.95
2014.06.27 10:34:51.635,0.83569,0.83596,2.70,2.70
2014.06.27 10:34:55.554,0.83569,0.83596,2.70,3.30
2014.06.27 10:34:55.884,0.83565,0.8359,1.38,2.70
2014.06.27 10:34:56.418,0.83565,0.8359,1.13,2.70
2014.06.27 10:34:57.272,0.83565,0.83588,1.00,1.95
2014.06.27 10:34:57.322,0.83562,0.83585,1.95,1.38
2014.06.27 10:34:57.427,0.83561,0.83585,1.95,1.38
2014.06.27 10:34:58.806,0.8356,0.83585,1.38,1.13
2014.06.27 10:34:59.158,0.83561,0.83586,1.95,1.38
2014.06.27 10:35:00.855,0.83565,0.83587,1.00,1.95
2014.06.27 10:35:00.906,0.83565,0.83587,1.00,1.95
2014.06.27 10:35:01.037,0.8356,0.83585,2.70,1.13
2014.06.27 10:35:01.137,0.8356,0.83585,2.70,1.38
2014.06.27 10:35:03.076,0.8356,0.83585,2.70,1.00
2014.06.27 10:35:03.288,0.83561,0.83586,1.95,1.38
2014.06.27 10:35:05.037,0.8356,0.83585,1.38,1.38
2014.06.27 10:35:05.994,0.8356,0.83586,1.95,2.70
2014.06.27 10:35:07.360,0.8356,0.83586,1.95,2.70
2014.06.27 10:35:08.087,0.83559,0.83586,2.70,2.70
2014.06.27 10:35:08.845,0.83559,0.83586,2.70,2.70
2014.06.27 10:35:15.226,0.8356,0.83585,2.70,1.00
2014.06.27 10:35:16.170,0.8356,0.83585,1.38,1.13
2014.06.27 10:35:21.710,0.83559,0.83586,1.38,1.38
2014.06.27 10:35:30.861,0.83564,0.83586,1.00,2.70
2014.06.27 10:35:32.233,0.83565,0.83586,1.00,1.95
2014.06.27 10:35:32.842,0.83565,0.83589,1.38,1.95
2014.06.27 10:35:40.589,0.83565,0.83588,1.38,1.58
2014.06.27 10:35:40.670,0.83565,0.8359,1.38,2.70
2014.06.27 10:35:41.092,0.8357,0.8359,1.00,1.58
2014.06.27 10:35:41.310,0.83565,0.8359,1.38,2.33
2014.06.27 10:35:44.959,0.83565,0.83589,1.38,1.58
2014.06.27 10:35:45.289,0.83565,0.83587,1.38,1.58
2014.06.27 10:35:45.446,0.83565,0.83587,1.38,1.58
2014.06.27 10:35:46.098,0.83565,0.83586,1.38,1.58
2014.06.27 10:35:51.369,0.83564,0.83587,1.38,1.58
2014.06.27 10:35:54.007,0.83564,0.83588,1.38,1.95
2014.06.27 10:35:56.068,0.83564,0.83587,1.38,1.58
2014.06.27 10:35:56.859,0.83565,0.83587,1.00,1.95
2014.06.27 10:35:57.651,0.83565,0.83585,1.00,2.33
2014.06.27 10:35:58.929,0.83565,0.83587,1.00,1.95
2014.06.27 10:36:00.117,0.83565,0.83585,1.00,1.00
2014.06.27 10:36:00.620,0.83565,0.83587,1.00,1.95
2014.06.27 10:36:03.899,0.83559,0.83586,2.70,2.70
2014.06.27 10:36:16.857,0.83559,0.8358,1.95,1.00
2014.06.27 10:36:17.129,0.83565,0.83589,1.13,1.95
2014.06.27 10:36:17.359,0.83565,0.83588,1.00,1.95
2014.06.27 10:36:17.409,0.8356,0.83585,2.70,1.38
2014.06.27 10:36:18.887,0.8356,0.83586,1.38,1.95
2014.06.27 10:36:27.668,0.8356,0.83585,1.38,1.38
2014.06.27 10:36:30.766,0.83559,0.8358,1.95,1.00
2014.06.27 10:36:30.881,0.8356,0.83585,1.38,1.38
2014.06.27 10:36:32.088,0.8356,0.83585,1.38,1.00
2014.06.27 10:36:32.323,0.8356,0.83585,2.70,1.00
2014.06.27 10:36:33.013,0.83563,0.83586,1.95,1.00
2014.06.27 10:36:33.199,0.83563,0.83586,1.95,1.13
2014.06.27 10:36:34.665,0.83562,0.83586,1.95,1.13
2014.06.27 10:36:34.958,0.8356,0.83581,1.95,1.00
2014.06.27 10:36:35.058,0.8356,0.83581,1.95,1.00
2014.06.27 10:36:35.109,0.8356,0.83586,1.95,1.13
2014.06.27 10:36:35.159,0.83561,0.83586,1.95,1.00
2014.06.27 10:36:35.310,0.83561,0.83585,1.95,1.13
2014.06.27 10:36:35.827,0.8356,0.8358,1.95,1.00
2014.06.27 10:36:36.487,0.8356,0.83585,2.70,1.13
2014.06.27 10:36:37.744,0.8356,0.83585,2.70,1.00
2014.06.27 10:36:38.686,0.8356,0.8358,1.95,1.00
2014.06.27 10:36:39.127,0.8356,0.83585,2.70,1.13
2014.06.27 10:36:45.401,0.8356,0.8358,1.95,1.00
2014.06.27 10:36:45.721,0.83559,0.8358,1.95,1.00
2014.06.27 10:36:58.168,0.83559,0.83581,1.95,1.00
2014.06.27 10:37:03.776,0.8356,0.83585,1.38,1.13
2014.06.27 10:37:10.715,0.83559,0.83586,2.70,2.70
2014.06.27 10:37:14.338,0.8356,0.83585,2.70,1.00
2014.06.27 10:37:15.012,0.8356,0.83585,2.70,1.38
2014.06.27 10:37:20.293,0.8356,0.83585,1.38,2.33
2014.06.27 10:37:20.343,0.83558,0.8358,1.95,1.00
2014.06.27 10:37:20.444,0.83555,0.8358,2.70,1.00
2014.06.27 10:37:20.959,0.83558,0.83581,1.95,1.00
2014.06.27 10:37:21.879,0.83556,0.8358,1.95,1.00
2014.06.27 10:37:23.649,0.83556,0.83585,1.95,2.70
2014.06.27 10:37:24.026,0.8356,0.83585,1.38,1.38
2014.06.27 10:37:43.877,0.83561,0.83586,1.95,1.13
2014.06.27 10:37:44.540,0.83563,0.83585,1.95,1.00
2014.06.27 10:37:50.695,0.83563,0.83586,1.95,1.13
2014.06.27 10:38:02.251,0.83563,0.83586,1.95,1.38
2014.06.27 10:38:54.788,0.83563,0.83585,1.95,1.00
2014.06.27 10:39:16.911,0.83563,0.83585,1.95,1.13
2014.06.27 10:39:22.947,0.83563,0.83585,1.95,1.00
2014.06.27 10:39:35.769,0.83563,0.83585,1.95,1.00
2014.06.27 10:39:35.989,0.83563,0.83589,1.95,1.95
2014.06.27 10:39:36.095,0.83562,0.8359,1.95,2.70
2014.06.27 10:39:36.967,0.83565,0.8359,2.70,1.00
2014.06.27 10:39:37.857,0.83565,0.83585,1.95,1.00
2014.06.27 10:39:38.736,0.83565,0.83586,1.95,1.00
2014.06.27 10:39:39.601,0.83565,0.83586,1.95,1.00
2014.06.27 10:39:39.709,0.83561,0.83585,1.95,1.38
2014.06.27 10:39:39.836,0.83559,0.8358,1.95,1.00
2014.06.27 10:39:40.259,0.83555,0.8358,1.38,1.00
2014.06.27 10:39:40.809,0.83557,0.8358,1.95,1.00
2014.06.27 10:39:41.045,0.8356,0.83584,1.38,1.95
2014.06.27 10:39:41.718,0.8356,0.83585,1.38,2.70
2014.06.27 10:39:42.866,0.83557,0.83585,1.95,1.38
2014.06.27 10:39:44.138,0.83557,0.8358,1.95,1.00
2014.06.27 10:39:46.718,0.83557,0.83585,1.95,1.38
2014.06.27 10:39:49.457,0.8356,0.83585,1.38,1.38
2014.06.27 10:39:49.786,0.83561,0.83585,1.95,1.00
2014.06.27 10:39:50.328,0.83562,0.83588,1.95,2.55
2014.06.27 10:39:51.944,0.8356,0.83585,1.38,1.00
2014.06.27 10:39:52.605,0.8356,0.83585,1.38,1.00
2014.06.27 10:39:52.655,0.83559,0.83588,2.70,1.95
2014.06.27 10:39:54.714,0.83565,0.83589,1.38,1.95
2014.06.27 10:40:04.929,0.8356,0.83585,1.38,1.00
2014.06.27 10:40:04.980,0.8356,0.83585,1.38,2.33
2014.06.27 10:40:05.509,0.8356,0.83584,1.38,1.58
2014.06.27 10:40:06.168,0.8356,0.83585,2.70,1.00
2014.06.27 10:40:08.630,0.8356,0.83586,1.95,2.93
2014.06.27 10:40:09.135,0.83561,0.83585,1.95,1.00
2014.06.27 10:40:10.537,0.83565,0.83585,1.00,1.00
2014.06.27 10:40:10.835,0.83565,0.83588,1.00,1.95
2014.06.27 10:40:13.026,0.83564,0.83586,1.13,1.00
2014.06.27 10:40:18.179,0.83564,0.83586,1.38,1.00
2014.06.27 10:40:19.095,0.83564,0.83589,1.38,2.55
2014.06.27 10:40:19.495,0.83565,0.83585,1.38,1.00
2014.06.27 10:40:21.458,0.83565,0.83589,1.38,2.55
2014.06.27 10:40:22.087,0.83567,0.83591,1.95,1.38
2014.06.27 10:40:26.847,0.83569,0.83591,1.00,1.38
2014.06.27 10:40:29.597,0.83569,0.83591,1.38,1.13
2014.06.27 10:40:34.710,0.8357,0.83595,1.38,1.60
2014.06.27 10:40:34.777,0.8357,0.83595,1.13,1.73
2014.06.27 10:40:34.827,0.83569,0.8359,1.95,1.00
2014.06.27 10:40:35.057,0.8357,0.83595,2.70,1.38
2014.06.27 10:40:35.157,0.8357,0.83595,1.38,1.95
2014.06.27 10:40:35.330,0.83571,0.83597,1.95,1.95
2014.06.27 10:40:35.597,0.83571,0.83597,1.95,1.95
2014.06.27 10:40:36.658,0.8357,0.83595,1.38,1.38
2014.06.27 10:40:39.777,0.8357,0.83594,1.13,1.95
2014.06.27 10:40:40.783,0.83566,0.8359,1.95,1.00
2014.06.27 10:40:43.636,0.83566,0.83594,1.95,1.95
2014.06.27 10:40:44.037,0.8357,0.83595,1.38,2.70
2014.06.27 10:40:48.194,0.8357,0.83595,1.38,1.13
2014.06.27 10:40:50.043,0.8357,0.83595,1.38,1.38
2014.06.27 10:40:50.368,0.83568,0.8359,1.95,1.00
2014.06.27 10:40:51.070,0.83567,0.8359,1.95,1.00
2014.06.27 10:40:59.097,0.83565,0.83587,1.38,1.58
2014.06.27 10:40:59.148,0.83565,0.83587,1.38,1.58
2014.06.27 10:40:59.207,0.83565,0.83589,1.38,1.58
2014.06.27 10:40:59.477,0.8357,0.83595,1.38,3.30
2014.06.27 10:40:59.866,0.83565,0.8359,2.70,1.00
2014.06.27 10:40:59.916,0.8357,0.83592,1.38,1.58
2014.06.27 10:41:00.690,0.83566,0.8359,1.95,1.00
2014.06.27 10:41:01.307,0.8357,0.83592,1.38,1.95
2014.06.27 10:41:01.525,0.83566,0.8359,1.95,1.00
2014.06.27 10:41:02.306,0.83569,0.8359,1.95,1.00
2014.06.27 10:41:16.107,0.83568,0.8359,1.95,1.00
2014.06.27 10:41:17.585,0.83567,0.8359,1.95,1.00
2014.06.27 10:41:18.180,0.83569,0.83591,1.13,1.00
2014.06.27 10:41:19.459,0.8357,0.83594,1.00,1.95
2014.06.27 10:41:19.958,0.8357,0.83593,1.38,1.95
2014.06.27 10:41:20.496,0.8357,0.83593,1.13,1.95
2014.06.27 10:41:26.577,0.8357,0.83593,1.00,1.95
2014.06.27 10:41:31.389,0.83567,0.8359,1.95,1.13
2014.06.27 10:41:36.057,0.83567,0.8359,1.95,1.00
2014.06.27 10:41:36.107,0.8357,0.83595,1.38,1.38
2014.06.27 10:41:36.163,0.8357,0.83595,1.38,1.38
2014.06.27 10:41:36.286,0.83569,0.8359,1.95,1.00
2014.06.27 10:41:36.795,0.8357,0.83595,1.38,1.38
2014.06.27 10:41:50.666,0.8357,0.83596,1.95,1.38
2014.06.27 10:41:52.514,0.8357,0.83596,1.95,2.70
2014.06.27 10:41:52.565,0.8357,0.83591,1.95,1.00
2014.06.27 10:41:52.665,0.8357,0.83595,1.13,1.38
2014.06.27 10:41:55.005,0.8357,0.83595,1.38,1.38
2014.06.27 10:41:55.589,0.8357,0.83595,1.38,1.13
2014.06.27 10:41:59.634,0.83571,0.83595,1.95,1.00
2014.06.27 10:42:07.575,0.83571,0.83595,1.95,1.13
2014.06.27 10:42:16.012,0.83571,0.83595,1.95,1.38
2014.06.27 10:42:24.290,0.83571,0.83595,1.95,1.13
2014.06.27 10:42:24.665,0.83575,0.836,2.70,1.38
2014.06.27 10:42:26.380,0.83575,0.83598,1.38,1.58
2014.06.27 10:42:26.953,0.83575,0.83597,1.38,1.58
2014.06.27 10:42:27.946,0.83572,0.83595,1.95,1.00
2014.06.27 10:42:28.476,0.83571,0.83595,1.95,1.00
2014.06.27 10:42:28.804,0.83575,0.83599,1.38,1.58
2014.06.27 10:42:29.590,0.83571,0.836,1.95,2.70
2014.06.27 10:42:32.327,0.83575,0.836,1.38,1.38
2014.06.27 10:42:43.268,0.83575,0.836,1.38,1.38
2014.06.27 10:43:02.663,0.83572,0.836,1.95,1.00
2014.06.27 10:43:02.814,0.83576,0.83605,1.95,2.70
2014.06.27 10:43:03.264,0.83577,0.83605,1.95,1.38
2014.06.27 10:43:06.293,0.83579,0.83601,1.95,1.00
2014.06.27 10:43:08.054,0.83577,0.836,1.95,1.00
2014.06.27 10:43:08.624,0.83578,0.83601,1.95,1.00
2014.06.27 10:43:22.223,0.83579,0.83601,1.95,1.00
2014.06.27 10:43:22.904,0.83579,0.836,1.95,1.00
2014.06.27 10:43:23.448,0.83576,0.836,1.95,1.00
2014.06.27 10:43:24.944,0.83576,0.836,1.95,1.00
2014.06.27 10:43:25.780,0.83579,0.83601,1.95,1.00
2014.06.27 10:43:27.614,0.83579,0.836,1.95,1.00
2014.06.27 10:43:38.041,0.83578,0.836,1.95,1.00
2014.06.27 10:43:38.601,0.83576,0.83601,1.95,1.00
2014.06.27 10:43:38.946,0.83578,0.83595,1.95,1.00
2014.06.27 10:43:39.319,0.83578,0.836,1.95,1.00
2014.06.27 10:43:42.463,0.8358,0.83605,1.38,1.38
2014.06.27 10:43:43.566,0.83579,0.836,1.95,1.00
2014.06.27 10:43:49.176,0.8358,0.83605,1.38,1.38
2014.06.27 10:43:52.166,0.8358,0.83605,1.38,1.38
2014.06.27 10:44:01.075,0.8358,0.83605,1.38,1.13
2014.06.27 10:44:08.834,0.83581,0.83605,2.48,1.13
2014.06.27 10:44:09.144,0.83585,0.8361,1.38,1.38
2014.06.27 10:44:09.194,0.83585,0.8361,1.38,1.00
2014.06.27 10:44:10.016,0.83588,0.8361,1.95,1.00
2014.06.27 10:44:12.758,0.83588,0.8361,1.95,1.00
2014.06.27 10:44:13.051,0.83585,0.8361,2.70,1.38
2014.06.27 10:44:13.105,0.83584,0.83605,2.55,1.00
2014.06.27 10:44:13.834,0.83585,0.83606,1.95,1.00
2014.06.27 10:44:13.884,0.83582,0.83606,1.95,1.00
2014.06.27 10:44:14.035,0.83582,0.83605,1.95,1.00
2014.06.27 10:44:22.283,0.83581,0.83605,2.55,1.00
2014.06.27 10:44:23.763,0.83581,0.83606,2.55,1.13
2014.06.27 10:44:25.522,0.8358,0.83605,3.30,1.00
2014.06.27 10:44:42.352,0.83581,0.83606,2.55,1.13
2014.06.27 10:44:46.573,0.83581,0.83606,1.95,1.38
2014.06.27 10:44:52.330,0.83581,0.83605,1.95,1.13
2014.06.27 10:45:13.389,0.8358,0.83605,1.38,1.38
2014.06.27 10:45:16.590,0.8358,0.83605,1.38,1.38
2014.06.27 10:45:21.377,0.8358,0.83605,2.70,1.13
2014.06.27 10:45:21.479,0.8358,0.83605,2.70,1.13
2014.06.27 10:45:34.508,0.8358,0.83606,1.95,2.70
2014.06.27 10:45:43.636,0.83579,0.83604,1.38,1.58
2014.06.27 10:45:51.784,0.83579,0.83606,1.38,2.70
2014.06.27 10:45:51.885,0.83579,0.83604,1.38,1.58
2014.06.27 10:45:52.351,0.83579,0.83604,1.38,1.58
2014.06.27 10:46:03.835,0.8358,0.83606,1.95,1.00
2014.06.27 10:46:04.605,0.83585,0.83605,1.13,1.00
2014.06.27 10:46:18.908,0.83585,0.8361,1.13,1.73
2014.06.27 10:46:19.917,0.83585,0.8361,1.38,1.00
2014.06.27 10:46:19.968,0.83588,0.83614,1.95,1.58
2014.06.27 10:46:20.355,0.83589,0.83615,1.38,1.95
2014.06.27 10:46:20.456,0.8359,0.83615,1.13,1.00
2014.06.27 10:46:20.564,0.8359,0.83615,1.38,1.00
2014.06.27 10:46:32.907,0.8359,0.83615,2.70,1.38
2014.06.27 10:47:00.286,0.8359,0.83615,2.70,1.00
2014.06.27 10:47:07.446,0.83591,0.83616,1.95,1.13
2014.06.27 10:47:07.923,0.83594,0.8362,1.95,1.38
2014.06.27 10:47:13.584,0.83593,0.83615,1.95,1.00
2014.06.27 10:47:22.392,0.83593,0.83616,1.95,1.00
2014.06.27 10:47:22.604,0.83595,0.8362,2.70,1.00
2014.06.27 10:47:22.971,0.83595,0.83621,1.95,1.00
2014.06.27 10:47:23.515,0.83597,0.8362,1.95,1.00
2014.06.27 10:47:24.024,0.83597,0.8362,1.95,1.00
2014.06.27 10:47:25.676,0.83594,0.8362,1.38,2.55
2014.06.27 10:47:26.159,0.83592,0.83615,1.95,1.00
2014.06.27 10:47:26.692,0.83592,0.83615,1.95,1.00
2014.06.27 10:47:27.477,0.83592,0.83616,1.95,1.00
2014.06.27 10:47:28.045,0.83592,0.83616,1.95,2.85
2014.06.27 10:47:28.095,0.83592,0.8361,1.58,1.00
2014.06.27 10:47:28.270,0.83585,0.8361,1.38,2.33
2014.06.27 10:47:28.375,0.8359,0.83612,1.00,1.95
2014.06.27 10:47:28.426,0.8359,0.83615,1.38,2.70
2014.06.27 10:47:28.795,0.83586,0.8361,1.95,1.00
2014.06.27 10:47:28.896,0.83586,0.83613,1.95,1.95
2014.06.27 10:47:29.074,0.83586,0.8361,1.95,1.00
2014.06.27 10:47:29.349,0.83586,0.8361,1.95,1.00
2014.06.27 10:47:29.685,0.83586,0.8361,1.95,1.00
2014.06.27 10:47:37.268,0.83585,0.8361,2.70,1.13
2014.06.27 10:47:37.917,0.83585,0.8361,2.70,1.00
2014.06.27 10:47:40.325,0.83585,0.8361,2.70,1.13
2014.06.27 10:47:41.396,0.83587,0.8361,1.95,1.00
2014.06.27 10:47:46.124,0.83587,0.83614,1.95,1.95
2014.06.27 10:47:50.311,0.83586,0.8361,1.95,1.13
2014.06.27 10:47:50.396,0.83586,0.8361,1.95,1.13
2014.06.27 10:47:52.461,0.83585,0.8361,1.38,1.38
2014.06.27 10:47:59.040,0.83585,0.8361,1.13,1.38
2014.06.27 10:48:04.096,0.83585,0.8361,1.38,2.70
2014.06.27 10:48:04.778,0.83589,0.83613,1.38,1.95
2014.06.27 10:48:09.723,0.8359,0.83615,1.38,2.70
2014.06.27 10:48:09.926,0.83589,0.83616,2.70,1.38
2014.06.27 10:48:22.473,0.8359,0.83615,1.38,1.38
2014.06.27 10:48:48.269,0.8359,0.83615,1.13,1.38
2014.06.27 10:48:48.663,0.8359,0.8361,1.13,1.00
2014.06.27 10:48:48.864,0.83589,0.83614,1.38,1.95
2014.06.27 10:48:49.347,0.8359,0.83616,1.95,1.38
2014.06.27 10:49:11.062,0.8359,0.8361,2.70,1.00
2014.06.27 10:49:11.393,0.8359,0.83615,1.38,2.70
2014.06.27 10:49:18.105,0.8359,0.8361,1.38,1.00
2014.06.27 10:49:19.963,0.8359,0.83615,1.38,2.70
2014.06.27 10:49:21.665,0.83589,0.83616,2.70,3.30
2014.06.27 10:49:22.399,0.8359,0.83615,2.70,1.00
2014.06.27 10:49:31.739,0.8359,0.83615,2.70,1.00
2014.06.27 10:49:32.390,0.8359,0.83615,2.70,1.00
2014.06.27 10:49:32.541,0.83595,0.8362,1.38,2.70
2014.06.27 10:49:32.962,0.83595,0.8362,1.38,2.70
2014.06.27 10:49:33.062,0.83595,0.8362,1.38,1.00
2014.06.27 10:49:50.721,0.83596,0.8362,1.58,1.38
2014.06.27 10:49:51.311,0.83595,0.83619,1.13,1.95
2014.06.27 10:49:52.140,0.83592,0.83615,2.55,1.00
2014.06.27 10:49:52.651,0.83592,0.83615,2.55,1.00
2014.06.27 10:49:52.872,0.83595,0.8362,1.00,2.70
2014.06.27 10:49:52.922,0.83595,0.8362,1.38,2.33
2014.06.27 10:49:58.601,0.83595,0.83619,1.38,1.58
2014.06.27 10:49:59.072,0.83592,0.83615,2.55,1.13
2014.06.27 10:49:59.591,0.83591,0.83615,1.95,1.13
2014.06.27 10:50:00.141,0.8359,0.83616,1.95,2.70
2014.06.27 10:50:00.721,0.8359,0.83616,1.95,2.70
2014.06.27 10:50:03.114,0.8359,0.83612,1.38,1.58
2014.06.27 10:50:03.165,0.83589,0.83612,1.38,1.95
2014.06.27 10:50:05.316,0.8359,0.83614,1.13,1.95
2014.06.27 10:50:05.860,0.83585,0.8361,2.70,1.13
2014.06.27 10:50:06.854,0.83585,0.83609,1.38,1.58
2014.06.27 10:50:11.714,0.83589,0.83611,1.38,1.13
2014.06.27 10:50:16.621,0.83589,0.83611,1.38,1.00
2014.06.27 10:50:16.782,0.8359,0.83613,1.38,1.58
2014.06.27 10:50:19.063,0.8359,0.83614,1.38,1.58
2014.06.27 10:50:22.646,0.8359,0.83614,1.38,1.58
2014.06.27 10:50:25.366,0.83588,0.8361,2.55,1.00
2014.06.27 10:50:25.897,0.83586,0.83611,4.05,1.00
2014.06.27 10:50:27.556,0.83587,0.8361,2.55,1.00
2014.06.27 10:50:32.150,0.83588,0.8361,1.30,1.00
2014.06.27 10:50:32.696,0.83586,0.83611,1.95,1.38
2014.06.27 10:50:34.878,0.83585,0.8361,1.13,1.38
2014.06.27 10:50:35.210,0.83579,0.83606,1.38,2.70
2014.06.27 10:50:35.729,0.8358,0.83602,1.13,1.95
2014.06.27 10:50:36.143,0.8358,0.83604,1.38,1.58
2014.06.27 10:50:36.717,0.8358,0.83604,1.38,1.95
2014.06.27 10:50:37.683,0.8358,0.83603,1.38,1.58
2014.06.27 10:50:38.307,0.83579,0.83602,1.38,1.58
2014.06.27 10:50:39.462,0.8358,0.83604,1.38,1.95
2014.06.27 10:50:40.021,0.8358,0.83605,1.38,2.70
2014.06.27 10:50:41.388,0.83584,0.83605,1.00,1.95
2014.06.27 10:50:41.488,0.83585,0.83609,1.00,2.55
2014.06.27 10:50:41.999,0.83585,0.83605,1.00,1.00
2014.06.27 10:50:42.523,0.83585,0.83608,1.00,1.95
2014.06.27 10:50:52.698,0.83585,0.8361,2.70,1.38
2014.06.27 10:50:57.996,0.83584,0.83611,1.13,2.70
2014.06.27 10:50:58.149,0.83585,0.8361,1.73,1.00
2014.06.27 10:50:58.300,0.83585,0.8361,1.13,1.13
2014.06.27 10:50:58.648,0.83585,0.83605,1.13,1.00
2014.06.27 10:50:58.757,0.83585,0.8361,1.13,1.13
2014.06.27 10:50:58.866,0.83585,0.83605,1.13,1.00
2014.06.27 10:50:59.226,0.83585,0.83605,1.38,1.00
2014.06.27 10:50:59.654,0.83585,0.83605,1.00,1.38
2014.06.27 10:50:59.849,0.83585,0.83605,1.00,1.38
2014.06.27 10:50:59.905,0.8358,0.83605,1.38,1.38
2014.06.27 10:51:00.452,0.8358,0.83604,1.13,1.95
2014.06.27 10:51:04.299,0.8358,0.83604,1.00,1.95
2014.06.27 10:51:04.814,0.83579,0.83604,1.13,1.95
2014.06.27 10:51:05.356,0.8358,0.83604,1.00,1.95
2014.06.27 10:51:08.238,0.83576,0.836,1.95,1.13
2014.06.27 10:51:10.642,0.8358,0.83604,1.00,1.95
2014.06.27 10:51:10.693,0.8358,0.83604,1.38,1.95
2014.06.27 10:51:16.526,0.8358,0.83604,1.00,1.95
2014.06.27 10:51:22.714,0.8358,0.83604,1.00,1.95
2014.06.27 10:51:26.455,0.83578,0.836,1.95,1.00
2014.06.27 10:51:27.227,0.8358,0.83604,1.00,1.95
2014.06.27 10:51:27.336,0.83578,0.836,1.95,1.00
2014.06.27 10:51:27.559,0.8358,0.83604,1.00,1.95
2014.06.27 10:51:27.666,0.83578,0.836,1.95,1.00
2014.06.27 10:51:28.276,0.83578,0.83601,1.95,1.00
2014.06.27 10:51:29.206,0.83578,0.836,1.95,1.00
2014.06.27 10:51:37.088,0.83578,0.83601,1.95,1.00
2014.06.27 10:51:37.899,0.83578,0.836,1.95,1.00
2014.06.27 10:51:38.381,0.83578,0.836,1.95,1.13
2014.06.27 10:51:40.539,0.83576,0.836,1.95,1.38
2014.06.27 10:51:51.816,0.83575,0.836,2.70,1.13
2014.06.27 10:51:51.967,0.83576,0.83601,2.55,1.13
2014.06.27 10:51:53.534,0.83576,0.83601,2.55,1.00
2014.06.27 10:51:54.359,0.83576,0.836,2.55,1.00
2014.06.27 10:51:56.557,0.83576,0.836,2.55,1.00
2014.06.27 10:52:23.604,0.8358,0.83605,1.38,1.38
2014.06.27 10:52:27.564,0.83579,0.83601,3.30,1.00
2014.06.27 10:52:39.400,0.8358,0.83605,1.38,1.38
2014.06.27 10:52:39.692,0.8358,0.83605,1.13,2.70
2014.06.27 10:52:40.262,0.8358,0.83604,1.13,1.95
2014.06.27 10:52:45.801,0.8358,0.83603,1.00,1.95
2014.06.27 10:52:46.533,0.83577,0.836,1.95,1.13
2014.06.27 10:52:48.563,0.8358,0.83603,1.00,1.95
2014.06.27 10:52:52.857,0.8358,0.83603,1.13,1.95
2014.06.27 10:53:15.174,0.8358,0.83604,1.00,1.95
2014.06.27 10:53:15.400,0.83575,0.836,1.00,1.38
2014.06.27 10:53:15.912,0.83574,0.83598,1.13,1.95
2014.06.27 10:53:16.190,0.83575,0.836,1.38,2.33
2014.06.27 10:53:16.901,0.83576,0.83601,1.95,1.13
2014.06.27 10:53:20.032,0.83576,0.83601,1.95,1.38
2014.06.27 10:53:22.821,0.83576,0.836,1.95,1.38
2014.06.27 10:53:27.988,0.83575,0.83595,1.38,1.00
2014.06.27 10:53:28.519,0.83574,0.83595,1.95,1.00
2014.06.27 10:53:45.572,0.83572,0.83596,1.95,1.00
2014.06.27 10:53:47.223,0.83573,0.83595,1.95,1.00
2014.06.27 10:53:47.353,0.83575,0.836,1.38,3.30
2014.06.27 10:53:47.462,0.83575,0.83595,1.95,1.00
2014.06.27 10:53:48.121,0.83574,0.83595,1.95,1.00
2014.06.27 10:53:48.497,0.83574,0.83595,1.95,1.00
2014.06.27 10:53:49.266,0.83574,0.83595,1.95,1.00
2014.06.27 10:53:49.382,0.83574,0.836,1.95,3.30
2014.06.27 10:53:50.153,0.83574,0.83595,1.95,1.00
2014.06.27 10:53:52.814,0.83575,0.83595,1.95,1.00
2014.06.27 10:53:56.316,0.83573,0.83596,1.95,1.00
2014.06.27 10:53:56.930,0.83574,0.83595,1.95,1.00
2014.06.27 10:53:57.413,0.83574,0.836,1.95,1.13
2014.06.27 10:53:59.446,0.83574,0.836,1.95,1.38
2014.06.27 10:53:59.775,0.83574,0.836,1.95,1.00
2014.06.27 10:54:00.297,0.83574,0.83595,1.95,1.00
2014.06.27 10:54:04.345,0.83576,0.83601,1.95,1.13
2014.06.27 10:54:04.858,0.83576,0.836,1.95,1.00
2014.06.27 10:54:05.128,0.8358,0.83603,1.00,1.95
2014.06.27 10:54:05.860,0.83577,0.83604,1.95,1.95
2014.06.27 10:54:08.303,0.8358,0.83604,1.00,1.95
2014.06.27 10:54:08.810,0.8358,0.83604,1.13,1.95
2014.06.27 10:54:17.025,0.8358,0.83604,1.38,1.95
2014.06.27 10:54:17.508,0.83581,0.83606,1.95,1.38
2014.06.27 10:54:19.144,0.8358,0.83605,1.38,2.70
2014.06.27 10:54:19.463,0.8358,0.83604,1.13,1.95
2014.06.27 10:54:19.739,0.83577,0.83601,1.95,1.13
2014.06.27 10:54:20.280,0.83579,0.83604,1.00,1.95
2014.06.27 10:54:21.091,0.83576,0.836,1.95,1.00
2014.06.27 10:54:21.142,0.8358,0.83603,1.00,1.95
2014.06.27 10:54:35.482,0.8358,0.83605,1.38,2.70
2014.06.27 10:54:38.263,0.83578,0.83601,1.95,1.00
2014.06.27 10:54:38.960,0.83576,0.836,1.95,1.00
2014.06.27 10:54:39.472,0.83579,0.83605,1.38,1.95
2014.06.27 10:54:40.280,0.83576,0.836,1.95,1.00
2014.06.27 10:54:40.940,0.8358,0.83605,1.13,2.70
2014.06.27 10:54:48.784,0.8358,0.83604,1.38,1.95
2014.06.27 10:54:49.093,0.83584,0.8361,2.70,1.95
2014.06.27 10:54:49.394,0.8359,0.83615,1.00,1.38
2014.06.27 10:54:49.565,0.8359,0.83615,1.13,1.38
2014.06.27 10:54:49.962,0.8359,0.83615,1.38,1.38
2014.06.27 10:54:52.721,0.8359,0.83615,1.95,1.13
2014.06.27 10:54:52.772,0.8359,0.8361,1.95,1.00
2014.06.27 10:54:53.254,0.83589,0.8361,1.95,1.00
2014.06.27 10:54:53.563,0.83587,0.83615,2.55,1.38
2014.06.27 10:54:54.194,0.83587,0.83615,2.55,1.38
2014.06.27 10:54:54.384,0.8359,0.83615,1.38,1.13
2014.06.27 10:55:00.638,0.8359,0.83615,2.70,1.00
2014.06.27 10:55:00.969,0.8359,0.83615,2.70,1.00
2014.06.27 10:55:04.251,0.8359,0.83616,1.95,1.13
2014.06.27 10:55:05.152,0.8359,0.83615,2.70,1.00
2014.06.27 10:55:07.549,0.8359,0.83616,1.95,1.13
2014.06.27 10:55:07.834,0.8359,0.83616,1.95,1.38
2014.06.27 10:55:08.362,0.83585,0.8361,1.38,1.00
2014.06.27 10:55:08.610,0.83585,0.8361,1.38,1.38
2014.06.27 10:55:08.719,0.83585,0.8361,1.38,1.38
2014.06.27 10:55:09.639,0.83581,0.83605,2.55,1.00
2014.06.27 10:55:09.858,0.83585,0.83608,1.38,1.95
2014.06.27 10:55:10.766,0.8358,0.83605,2.70,1.00
2014.06.27 10:55:10.817,0.8358,0.83605,2.70,1.13
2014.06.27 10:55:12.880,0.8358,0.83605,1.00,1.38
2014.06.27 10:55:13.406,0.83575,0.836,3.30,1.13
2014.06.27 10:55:13.843,0.83575,0.83598,1.38,1.95
2014.06.27 10:55:14.181,0.8357,0.83595,2.70,1.38
2014.06.27 10:55:15.719,0.83569,0.83595,2.70,1.95
2014.06.27 10:55:16.324,0.83569,0.83596,2.70,1.13
2014.06.27 10:55:16.655,0.8357,0.83595,1.38,2.70
2014.06.27 10:55:17.209,0.8357,0.83593,1.38,1.58
2014.06.27 10:55:17.591,0.8357,0.83593,1.13,1.58
2014.06.27 10:55:17.693,0.83565,0.8359,2.70,1.38
2014.06.27 10:55:18.026,0.83565,0.83587,1.38,1.95
2014.06.27 10:55:18.419,0.83561,0.83585,1.95,1.00
2014.06.27 10:55:18.529,0.83565,0.83587,1.38,1.95
2014.06.27 10:55:20.379,0.83535,0.8356,1.00,2.33
2014.06.27 10:55:20.596,0.83531,0.83555,2.18,1.00
2014.06.27 10:55:20.842,0.83535,0.8356,1.00,2.33
2014.06.27 10:55:20.893,0.8354,0.8356,1.00,1.58
2014.06.27 10:55:21.045,0.8354,0.83562,1.00,1.58
2014.06.27 10:55:21.117,0.8354,0.83565,1.00,2.93
2014.06.27 10:55:21.989,0.83539,0.83568,1.00,1.58
2014.06.27 10:55:22.212,0.83544,0.83567,1.00,1.58
2014.06.27 10:55:22.431,0.83545,0.83569,1.00,1.58
2014.06.27 10:55:22.581,0.83545,0.83567,1.00,1.58
2014.06.27 10:55:22.925,0.83545,0.8357,1.00,2.70
2014.06.27 10:55:23.026,0.8355,0.83572,1.00,1.95
2014.06.27 10:55:23.176,0.8355,0.83573,1.38,1.58
2014.06.27 10:55:23.383,0.8355,0.83574,1.38,1.58
2014.06.27 10:55:23.674,0.83554,0.83576,1.38,1.95
2014.06.27 10:55:24.221,0.83555,0.83578,1.38,1.95
2014.06.27 10:55:25.339,0.83554,0.83579,1.38,1.95
2014.06.27 10:55:26.299,0.83555,0.83578,1.38,1.58
2014.06.27 10:55:26.679,0.83555,0.83579,1.38,1.95
2014.06.27 10:55:27.289,0.83555,0.83575,1.38,1.58
2014.06.27 10:55:27.609,0.83554,0.83576,1.13,1.58
2014.06.27 10:55:28.210,0.83554,0.83576,1.13,1.95
2014.06.27 10:55:28.870,0.83555,0.83576,1.13,1.95
2014.06.27 10:55:29.381,0.83555,0.83578,1.38,1.95
2014.06.27 10:55:29.514,0.83555,0.83578,1.38,1.58
2014.06.27 10:55:29.615,0.8356,0.83581,1.13,1.95
2014.06.27 10:55:33.945,0.83559,0.83581,1.00,1.95
2014.06.27 10:55:34.325,0.83555,0.8358,1.38,1.38
2014.06.27 10:55:37.450,0.83554,0.8358,2.70,1.95
2014.06.27 10:55:37.553,0.83554,0.8358,2.70,1.58
2014.06.27 10:55:38.701,0.83554,0.83579,1.38,1.58
2014.06.27 10:55:39.431,0.83554,0.8358,2.70,1.58
2014.06.27 10:55:40.088,0.83555,0.83581,1.95,2.70
2014.06.27 10:55:40.634,0.83555,0.8358,2.70,1.00
2014.06.27 10:55:41.026,0.8356,0.83584,1.38,1.95
2014.06.27 10:55:41.180,0.8356,0.83585,1.38,2.70
2014.06.27 10:55:41.399,0.83559,0.83588,2.70,1.95
2014.06.27 10:55:44.577,0.83562,0.83589,1.95,1.95
2014.06.27 10:55:44.965,0.83562,0.83589,1.95,1.58
2014.06.27 10:55:45.415,0.83565,0.83589,1.38,1.95
2014.06.27 10:55:45.519,0.83565,0.83588,1.00,1.95
2014.06.27 10:55:45.619,0.83565,0.83585,1.00,1.95
2014.06.27 10:55:45.720,0.8356,0.83583,1.38,1.95
2014.06.27 10:55:45.911,0.83555,0.83583,3.30,1.95
2014.06.27 10:55:46.183,0.83555,0.83579,1.73,1.58
2014.06.27 10:55:46.730,0.83555,0.83581,2.70,1.58
2014.06.27 10:55:48.604,0.8356,0.83581,1.00,1.58
2014.06.27 10:55:48.793,0.83562,0.83585,1.95,1.00
2014.06.27 10:55:48.955,0.83561,0.83585,1.95,1.00
2014.06.27 10:55:49.415,0.83565,0.83588,1.38,1.95
2014.06.27 10:55:50.557,0.83565,0.8359,1.38,2.70
2014.06.27 10:55:50.780,0.83565,0.8359,1.38,2.70
2014.06.27 10:55:53.503,0.83564,0.8359,1.38,1.95
2014.06.27 10:55:53.753,0.83561,0.8359,1.95,2.70
2014.06.27 10:55:53.964,0.8356,0.83583,1.38,1.58
2014.06.27 10:55:54.080,0.8356,0.83582,1.38,1.95
2014.06.27 10:55:54.615,0.83559,0.83581,1.38,1.58
2014.06.27 10:55:55.844,0.8356,0.83582,1.38,1.95
2014.06.27 10:55:56.110,0.8356,0.83585,1.38,2.70
2014.06.27 10:55:56.467,0.83565,0.83588,1.38,1.95
2014.06.27 10:55:58.829,0.83565,0.83589,1.00,1.95
2014.06.27 10:56:07.543,0.83561,0.8359,1.95,2.70
2014.06.27 10:56:08.312,0.83565,0.8359,1.00,2.70
2014.06.27 10:56:12.872,0.83564,0.8359,1.13,1.95
2014.06.27 10:56:12.973,0.83564,0.83589,1.73,1.95
2014.06.27 10:56:13.531,0.83565,0.8359,1.38,1.95
2014.06.27 10:56:14.045,0.83565,0.83589,1.00,1.95
2014.06.27 10:56:19.029,0.83565,0.83589,1.00,1.95
2014.06.27 10:56:23.053,0.83565,0.83589,1.13,1.95
2014.06.27 10:56:28.873,0.83564,0.83589,1.30,1.95
2014.06.27 10:56:33.225,0.83565,0.83589,1.00,1.95
2014.06.27 10:56:33.739,0.83565,0.8359,1.00,1.38
2014.06.27 10:56:33.946,0.83565,0.8359,1.38,1.38
2014.06.27 10:56:34.047,0.83568,0.83594,1.58,1.95
2014.06.27 10:56:35.016,0.83568,0.83594,1.95,1.95
2014.06.27 10:56:35.967,0.8357,0.83594,1.00,1.95
2014.06.27 10:56:50.601,0.83568,0.83594,1.95,1.95
2014.06.27 10:56:50.747,0.83566,0.83593,2.55,1.95
2014.06.27 10:56:51.026,0.83565,0.8359,1.73,1.38
2014.06.27 10:56:51.726,0.83565,0.8359,1.60,2.70
2014.06.27 10:56:52.388,0.83564,0.83589,1.60,1.95
2014.06.27 10:56:55.737,0.83565,0.83589,1.00,1.95
2014.06.27 10:56:55.788,0.83562,0.83586,1.95,1.38
2014.06.27 10:56:58.272,0.83565,0.83588,1.00,1.95
2014.06.27 10:56:58.988,0.83565,0.83589,1.00,1.95
2014.06.27 10:56:59.260,0.83562,0.83586,1.95,1.38
2014.06.27 10:57:03.819,0.83561,0.83586,2.55,1.38
2014.06.27 10:57:04.988,0.83561,0.83585,2.55,1.38
2014.06.27 10:57:06.099,0.83561,0.83585,1.58,1.38
2014.06.27 10:57:06.742,0.8356,0.83585,1.35,1.38
2014.06.27 10:57:11.067,0.8356,0.83585,1.73,1.38
2014.06.27 10:57:14.222,0.83565,0.83586,1.00,1.95
2014.06.27 10:57:15.446,0.83559,0.83586,3.30,2.70
2014.06.27 10:57:16.056,0.83565,0.83586,1.00,1.95
2014.06.27 10:57:16.201,0.83559,0.83586,3.30,2.70
2014.06.27 10:57:17.368,0.83565,0.83586,1.00,1.95
2014.06.27 10:57:18.183,0.83562,0.83585,1.58,1.38
2014.06.27 10:57:19.900,0.83565,0.83588,1.00,1.95
2014.06.27 10:57:23.074,0.83565,0.83587,1.00,1.95
2014.06.27 10:57:25.121,0.83565,0.83587,1.00,1.95
2014.06.27 10:57:32.769,0.83564,0.83587,1.00,1.95
2014.06.27 10:57:33.318,0.83565,0.83587,1.00,1.95
2014.06.27 10:57:35.074,0.83565,0.83587,1.00,1.95
2014.06.27 10:57:44.838,0.8356,0.83585,1.38,1.13
2014.06.27 10:57:47.591,0.83565,0.83587,1.00,1.95
2014.06.27 10:57:47.743,0.83565,0.83588,1.13,1.95
2014.06.27 10:57:48.398,0.83565,0.83589,1.38,1.95
2014.06.27 10:57:51.254,0.83565,0.8359,1.38,2.70
2014.06.27 10:57:55.841,0.8357,0.83593,1.00,1.95
2014.06.27 10:57:57.417,0.83569,0.83593,1.13,1.95
2014.06.27 10:57:57.748,0.8357,0.83594,1.38,1.95
2014.06.27 10:57:59.396,0.8357,0.83594,1.00,1.95
2014.06.27 10:57:59.726,0.8357,0.83594,1.38,1.95
2014.06.27 10:57:59.877,0.8357,0.83593,1.00,1.95
2014.06.27 10:58:01.493,0.8357,0.83593,1.38,1.95
2014.06.27 10:58:02.099,0.8357,0.83595,1.38,1.38
2014.06.27 10:58:02.661,0.8357,0.83593,1.38,1.95
2014.06.27 10:58:07.099,0.83566,0.8359,1.95,1.13
2014.06.27 10:58:07.608,0.83564,0.83591,1.98,1.38
2014.06.27 10:58:08.205,0.83564,0.8359,1.98,1.95
2014.06.27 10:58:09.235,0.83564,0.8359,1.98,1.95
2014.06.27 10:58:09.798,0.83566,0.8359,1.95,1.00
2014.06.27 10:58:10.115,0.8357,0.83594,1.38,1.95
2014.06.27 10:58:11.639,0.8357,0.83594,1.38,1.95
2014.06.27 10:58:12.942,0.8357,0.83594,1.38,1.95
2014.06.27 10:58:15.578,0.8357,0.83594,1.38,1.95
2014.06.27 10:58:18.766,0.83566,0.8359,1.95,1.13
2014.06.27 10:58:19.316,0.83565,0.8359,1.73,1.00
2014.06.27 10:58:21.770,0.83566,0.8359,1.95,1.00
2014.06.27 10:58:23.078,0.83566,0.8359,1.95,1.13
2014.06.27 10:58:24.373,0.83567,0.8359,1.95,1.00
2014.06.27 10:58:26.468,0.83566,0.8359,1.95,1.38
2014.06.27 10:58:26.680,0.83564,0.83587,1.13,1.58
2014.06.27 10:58:26.865,0.8356,0.83585,1.38,1.00
2014.06.27 10:58:27.533,0.8356,0.83585,1.38,1.00
2014.06.27 10:58:31.731,0.8356,0.83585,1.38,1.38
2014.06.27 10:58:32.536,0.8356,0.83585,1.38,1.38
2014.06.27 10:58:35.878,0.8356,0.83585,1.00,2.70
2014.06.27 10:58:36.449,0.83554,0.83581,2.70,1.38
2014.06.27 10:58:37.011,0.83555,0.8358,2.70,1.13
2014.06.27 10:58:37.561,0.83555,0.8358,2.70,1.38
2014.06.27 10:58:38.107,0.83555,0.83581,1.95,1.38
2014.06.27 10:58:38.421,0.8356,0.83583,1.38,1.95
2014.06.27 10:58:38.757,0.83556,0.8358,1.95,1.13
2014.06.27 10:58:40.117,0.83555,0.8358,2.70,1.38
2014.06.27 10:58:41.106,0.83555,0.8358,1.38,1.00
2014.06.27 10:58:43.149,0.83555,0.8358,1.38,1.38
2014.06.27 10:58:43.488,0.8355,0.83575,1.38,2.70
2014.06.27 10:58:43.807,0.83549,0.8357,1.95,1.00
2014.06.27 10:58:49.055,0.8355,0.83575,1.38,2.70
2014.06.27 10:58:50.646,0.8355,0.83574,1.38,1.95
2014.06.27 10:58:51.572,0.8355,0.83574,1.13,1.95
2014.06.27 10:58:51.902,0.83549,0.83575,2.70,1.95
2014.06.27 10:58:52.454,0.83549,0.83575,2.70,1.95
2014.06.27 10:58:52.562,0.83549,0.83574,1.13,1.95
2014.06.27 10:58:52.716,0.8355,0.83575,2.70,1.38
2014.06.27 10:58:53.230,0.8355,0.83575,2.70,1.38
2014.06.27 10:58:53.627,0.83552,0.83578,1.95,1.95
2014.06.27 10:58:54.597,0.83555,0.83578,1.38,1.95
2014.06.27 10:58:54.899,0.8356,0.83581,1.00,1.95
2014.06.27 10:58:55.312,0.8356,0.83585,1.38,2.70
2014.06.27 10:58:55.613,0.83559,0.83585,1.38,1.95
2014.06.27 10:58:56.267,0.8356,0.83585,1.38,2.70
2014.06.27 10:58:56.929,0.8356,0.83585,1.38,2.70
2014.06.27 10:59:00.663,0.8356,0.83585,1.13,1.38
2014.06.27 10:59:01.106,0.83557,0.8358,1.95,1.00
2014.06.27 10:59:01.656,0.83556,0.8358,1.95,1.13
2014.06.27 10:59:09.111,0.83556,0.8358,2.48,1.00
2014.06.27 10:59:09.162,0.8356,0.83583,1.38,1.58
2014.06.27 10:59:09.257,0.8356,0.83585,1.38,1.00
2014.06.27 10:59:09.335,0.8356,0.83585,1.38,1.00
2014.06.27 10:59:09.648,0.8356,0.83585,1.38,2.70
2014.06.27 10:59:10.463,0.8356,0.83581,1.38,1.58
2014.06.27 10:59:11.896,0.8356,0.83584,1.38,1.95
2014.06.27 10:59:12.739,0.8356,0.83585,1.38,2.70
2014.06.27 10:59:13.432,0.8356,0.83585,1.38,1.13
2014.06.27 10:59:16.695,0.83565,0.83588,1.00,1.95
2014.06.27 10:59:23.153,0.83565,0.83588,1.00,1.95
2014.06.27 10:59:28.467,0.83559,0.83586,2.70,2.70
2014.06.27 10:59:36.987,0.83559,0.83586,2.70,2.70
2014.06.27 10:59:37.537,0.83565,0.83588,1.38,1.95
2014.06.27 10:59:38.853,0.83565,0.83588,1.38,1.95
2014.06.27 10:59:42.044,0.83565,0.83589,1.13,1.95
2014.06.27 10:59:42.599,0.8356,0.83585,1.38,1.00
2014.06.27 10:59:43.144,0.83559,0.83587,1.38,1.95
2014.06.27 10:59:44.423,0.83559,0.83587,1.38,1.95
2014.06.27 10:59:45.459,0.83565,0.83587,1.00,1.95
2014.06.27 10:59:45.569,0.83559,0.83587,1.38,1.95
2014.06.27 10:59:47.221,0.83565,0.83587,1.00,1.95
2014.06.27 10:59:47.771,0.83565,0.83588,1.38,1.95
2014.06.27 10:59:48.145,0.8356,0.83586,1.38,1.95
2014.06.27 10:59:48.571,0.8356,0.83585,1.38,1.00
2014.06.27 10:59:48.775,0.83565,0.83588,1.38,1.95
2014.06.27 10:59:49.359,0.83565,0.83587,1.00,1.95
2014.06.27 10:59:50.081,0.83565,0.83588,1.38,1.95
2014.06.27 10:59:51.889,0.83565,0.83588,1.38,1.95
2014.06.27 10:59:53.168,0.83564,0.83588,1.38,1.95
2014.06.27 10:59:56.278,0.83564,0.83586,1.38,1.58
2014.06.27 10:59:56.378,0.8356,0.83585,1.38,1.00
2014.06.27 10:59:57.244,0.83565,0.83586,1.00,1.95
2014.06.27 10:59:57.784,0.83565,0.83589,1.38,1.95
2014.06.27 10:59:59.761,0.83564,0.83588,1.00,1.58
2014.06.27 10:59:59.811,0.83569,0.83588,1.00,1.58
