2016.01.28 10:00:00.117,0.722,0.72229,1.00,1.00
2016.01.28 10:00:00.652,0.72189,0.72246,1.00,1.00
2016.01.28 10:00:00.870,0.72199,0.7223,1.00,1.00
2016.01.28 10:00:05.471,0.72202,0.72231,1.00,1.00
2016.01.28 10:00:05.521,0.722,0.72231,1.00,1.00
2016.01.28 10:00:06.104,0.72199,0.7223,1.00,1.00
2016.01.28 10:00:06.808,0.72198,0.72227,1.00,1.00
2016.01.28 10:00:07.335,0.72197,0.72226,1.00,1.00
2016.01.28 10:00:08.405,0.72196,0.72225,1.00,1.00
2016.01.28 10:00:10.277,0.72199,0.72228,1.00,1.00
2016.01.28 10:00:10.838,0.722,0.72229,1.00,1.00
2016.01.28 10:00:12.806,0.72198,0.72227,1.00,1.00
2016.01.28 10:00:13.589,0.72196,0.72225,1.00,1.00
2016.01.28 10:00:14.131,0.72193,0.72224,1.00,1.00
2016.01.28 10:00:14.635,0.72194,0.72225,1.00,1.00
2016.01.28 10:00:15.451,0.72193,0.72222,1.00,1.00
2016.01.28 10:00:16.348,0.72193,0.72224,1.00,1.00
2016.01.28 10:00:17.990,0.72193,0.72222,1.00,1.00
2016.01.28 10:00:18.510,0.72192,0.72221,1.00,1.00
2016.01.28 10:00:19.057,0.72191,0.7222,1.00,1.00
2016.01.28 10:00:20.868,0.72189,0.72218,1.00,1.00
2016.01.28 10:00:21.446,0.72193,0.72222,1.00,1.00
2016.01.28 10:00:22.129,0.72194,0.72223,1.00,1.00
2016.01.28 10:00:22.651,0.72195,0.72224,1.00,1.00
2016.01.28 10:00:23.317,0.72196,0.72225,1.00,1.00
2016.01.28 10:00:23.972,0.72195,0.72224,1.00,1.00
2016.01.28 10:00:24.169,0.72195,0.72226,1.00,1.00
2016.01.28 10:00:26.114,0.72198,0.72227,1.00,1.00
2016.01.28 10:00:26.741,0.72199,0.72228,1.00,1.00
2016.01.28 10:00:27.418,0.72197,0.72226,1.00,1.00
2016.01.28 10:00:28.024,0.72196,0.72225,1.00,1.00
2016.01.28 10:00:31.030,0.72194,0.72223,1.00,1.00
2016.01.28 10:00:37.833,0.72191,0.7222,1.00,1.00
2016.01.28 10:00:38.145,0.72187,0.72216,1.00,1.00
2016.01.28 10:00:38.839,0.72186,0.72215,1.00,1.00
2016.01.28 10:00:41.499,0.72186,0.72217,1.00,1.00
2016.01.28 10:00:42.820,0.72187,0.72218,1.00,1.00
2016.01.28 10:00:45.095,0.7219,0.72219,1.00,1.00
2016.01.28 10:00:45.441,0.72192,0.72221,1.00,1.00
2016.01.28 10:00:48.008,0.72194,0.72223,1.00,1.00
2016.01.28 10:00:48.543,0.72195,0.72224,1.00,1.00
2016.01.28 10:00:49.045,0.72196,0.72227,1.00,1.00
2016.01.28 10:00:49.734,0.72197,0.72228,1.00,1.00
2016.01.28 10:00:49.929,0.72199,0.72228,1.00,1.00
2016.01.28 10:00:55.518,0.722,0.72229,1.00,1.00
2016.01.28 10:00:56.070,0.72201,0.7223,1.00,1.00
2016.01.28 10:00:56.718,0.72202,0.72231,1.00,1.00
2016.01.28 10:00:57.458,0.72203,0.72232,1.00,1.00
2016.01.28 10:00:57.509,0.72204,0.72235,1.00,1.00
2016.01.28 10:01:00.333,0.72202,0.72233,1.00,1.00
2016.01.28 10:01:00.917,0.72203,0.72232,1.00,1.00
2016.01.28 10:01:05.567,0.72202,0.72231,1.00,1.00
2016.01.28 10:01:09.014,0.72201,0.7223,1.00,1.00
2016.01.28 10:01:10.318,0.72202,0.72231,1.00,1.00
2016.01.28 10:01:10.848,0.72203,0.72232,1.00,1.00
2016.01.28 10:01:11.398,0.72201,0.7223,1.00,1.00
2016.01.28 10:01:12.666,0.72202,0.72231,1.00,1.00
2016.01.28 10:01:13.232,0.72201,0.7223,1.00,1.00
2016.01.28 10:01:14.879,0.722,0.72229,1.00,1.00
2016.01.28 10:01:15.414,0.72201,0.7223,1.00,1.00
2016.01.28 10:01:15.954,0.722,0.72229,1.00,1.00
2016.01.28 10:01:16.498,0.722,0.72231,1.00,1.00
2016.01.28 10:01:17.654,0.72199,0.7223,1.00,1.00
2016.01.28 10:01:17.877,0.72199,0.72228,1.00,1.00
2016.01.28 10:01:18.777,0.72199,0.7223,1.00,1.00
2016.01.28 10:01:19.303,0.72201,0.7223,1.00,1.00
2016.01.28 10:01:21.020,0.722,0.72229,1.00,1.00
2016.01.28 10:01:22.670,0.72202,0.7223,1.00,1.00
2016.01.28 10:01:22.771,0.72203,0.72232,1.00,1.00
2016.01.28 10:01:22.934,0.72203,0.72234,1.00,1.00
2016.01.28 10:01:23.603,0.72203,0.72232,1.00,1.00
2016.01.28 10:01:25.734,0.72202,0.72231,1.00,1.00
2016.01.28 10:01:26.343,0.72201,0.7223,1.00,1.00
2016.01.28 10:01:29.828,0.72202,0.72231,1.00,1.00
2016.01.28 10:01:30.492,0.72201,0.7223,1.00,1.00
2016.01.28 10:01:32.521,0.72202,0.7223,1.00,1.00
2016.01.28 10:01:33.742,0.72202,0.72233,1.00,1.00
2016.01.28 10:01:34.374,0.72203,0.72232,1.00,1.00
2016.01.28 10:01:35.225,0.72201,0.72232,1.00,1.00
2016.01.28 10:01:35.842,0.72202,0.72233,1.00,1.00
2016.01.28 10:01:36.456,0.72201,0.7223,1.00,1.00
2016.01.28 10:01:38.357,0.72202,0.72231,1.00,1.00
2016.01.28 10:01:42.413,0.72202,0.7223,1.00,1.00
2016.01.28 10:01:42.464,0.722,0.72229,1.00,1.00
2016.01.28 10:01:44.396,0.72197,0.72228,1.00,1.00
2016.01.28 10:01:45.569,0.72195,0.72226,1.00,1.00
2016.01.28 10:01:47.368,0.72195,0.72224,1.00,1.00
2016.01.28 10:01:47.956,0.72196,0.72225,1.00,1.00
2016.01.28 10:01:48.617,0.72197,0.72226,1.00,1.00
2016.01.28 10:01:53.410,0.722,0.72229,1.00,1.00
2016.01.28 10:01:58.846,0.72198,0.72229,1.00,1.00
2016.01.28 10:01:59.401,0.722,0.72229,1.00,1.00
2016.01.28 10:02:00.199,0.722,0.72225,1.00,1.00
2016.01.28 10:02:01.503,0.722,0.72229,1.00,1.00
2016.01.28 10:02:03.109,0.72202,0.7223,1.00,1.00
2016.01.28 10:02:03.721,0.72202,0.72231,1.00,2.00
2016.01.28 10:02:04.256,0.72201,0.7223,1.00,1.00
2016.01.28 10:02:04.806,0.72202,0.7223,1.00,1.00
2016.01.28 10:02:05.567,0.72201,0.7223,1.00,2.00
2016.01.28 10:02:06.123,0.72202,0.7223,1.00,1.00
2016.01.28 10:02:06.614,0.72204,0.7223,1.00,1.00
2016.01.28 10:02:07.479,0.72205,0.7223,1.00,1.00
2016.01.28 10:02:08.108,0.72205,0.72234,1.00,1.00
2016.01.28 10:02:08.217,0.72206,0.72237,1.00,1.00
2016.01.28 10:02:08.268,0.72208,0.72237,1.00,1.00
2016.01.28 10:02:08.448,0.72208,0.72239,1.00,1.00
2016.01.28 10:02:09.586,0.7221,0.72239,1.00,1.00
2016.01.28 10:02:11.847,0.72211,0.7224,1.00,1.00
2016.01.28 10:02:14.528,0.72212,0.72241,1.00,1.00
2016.01.28 10:02:15.025,0.72216,0.7224,1.00,1.00
2016.01.28 10:02:15.076,0.72216,0.72245,1.00,2.00
2016.01.28 10:02:15.126,0.72218,0.72245,1.00,1.00
2016.01.28 10:02:15.363,0.7222,0.72249,1.00,1.00
2016.01.28 10:02:16.770,0.72219,0.72248,1.00,1.00
2016.01.28 10:02:17.508,0.72218,0.72247,1.00,1.00
2016.01.28 10:02:17.930,0.72218,0.72245,1.00,1.00
2016.01.28 10:02:18.228,0.72216,0.72245,1.00,1.00
2016.01.28 10:02:19.884,0.72219,0.72248,1.00,1.00
2016.01.28 10:02:21.770,0.7222,0.72249,1.00,1.00
2016.01.28 10:02:22.318,0.7222,0.7225,1.00,1.00
2016.01.28 10:02:22.889,0.72222,0.7225,1.00,1.00
2016.01.28 10:02:24.386,0.72224,0.72253,1.00,1.00
2016.01.28 10:02:24.585,0.72226,0.72255,1.00,2.00
2016.01.28 10:02:25.116,0.72227,0.72255,1.00,1.00
2016.01.28 10:02:25.433,0.72225,0.72254,1.00,1.00
2016.01.28 10:02:25.497,0.72223,0.72254,1.00,1.00
2016.01.28 10:02:26.135,0.72226,0.72255,1.00,2.00
2016.01.28 10:02:26.832,0.72224,0.72253,1.00,1.00
2016.01.28 10:02:27.527,0.72223,0.72252,1.00,1.00
2016.01.28 10:02:28.234,0.72223,0.72251,1.00,1.00
2016.01.28 10:02:28.284,0.72221,0.72251,1.00,1.00
2016.01.28 10:02:28.860,0.72221,0.7225,1.00,1.00
2016.01.28 10:02:28.912,0.72219,0.7225,1.00,2.00
2016.01.28 10:02:32.407,0.72221,0.7225,1.00,2.00
2016.01.28 10:02:33.235,0.72219,0.72248,1.00,1.00
2016.01.28 10:02:33.385,0.72219,0.7225,1.00,2.00
2016.01.28 10:02:33.707,0.72222,0.72251,1.00,1.00
2016.01.28 10:02:33.953,0.72223,0.72254,1.00,1.00
2016.01.28 10:02:36.450,0.72225,0.72254,1.00,1.00
2016.01.28 10:02:36.793,0.72229,0.72258,1.00,1.00
2016.01.28 10:02:37.635,0.7223,0.72259,1.00,1.00
2016.01.28 10:02:37.947,0.72234,0.7226,1.00,1.00
2016.01.28 10:02:38.048,0.72235,0.72264,1.00,1.00
2016.01.28 10:02:38.903,0.72235,0.7226,1.00,1.00
2016.01.28 10:02:39.275,0.72231,0.7226,1.00,2.00
2016.01.28 10:02:39.924,0.7223,0.72259,1.00,1.00
2016.01.28 10:02:40.482,0.72231,0.7226,1.00,2.00
2016.01.28 10:02:41.133,0.72232,0.7226,1.00,1.00
2016.01.28 10:02:41.702,0.72232,0.72261,1.00,1.00
2016.01.28 10:02:43.304,0.72232,0.7226,1.00,1.00
2016.01.28 10:02:44.083,0.72231,0.7226,1.00,2.00
2016.01.28 10:02:44.884,0.72229,0.72258,1.00,1.00
2016.01.28 10:02:47.985,0.72231,0.7226,1.00,2.00
2016.01.28 10:02:51.087,0.72229,0.72258,1.00,1.00
2016.01.28 10:02:52.813,0.72228,0.72257,1.00,1.00
2016.01.28 10:02:54.421,0.7223,0.7226,1.00,2.00
2016.01.28 10:02:54.723,0.7223,0.72258,1.00,1.00
2016.01.28 10:02:55.000,0.72223,0.72252,1.00,1.00
2016.01.28 10:02:55.661,0.72222,0.72251,1.00,1.00
2016.01.28 10:02:55.783,0.72224,0.72253,1.00,1.00
2016.01.28 10:02:55.833,0.72224,0.72255,1.00,2.00
2016.01.28 10:02:55.947,0.72226,0.72255,1.00,1.00
2016.01.28 10:02:56.813,0.72227,0.72256,1.00,1.00
2016.01.28 10:02:57.151,0.7223,0.72259,1.00,1.00
2016.01.28 10:02:58.903,0.7223,0.7226,1.00,1.00
2016.01.28 10:02:59.555,0.7223,0.72261,1.00,1.00
2016.01.28 10:03:01.417,0.72233,0.72262,1.00,1.00
2016.01.28 10:03:03.964,0.72231,0.72262,1.00,1.00
2016.01.28 10:03:06.255,0.72233,0.72262,1.00,1.00
2016.01.28 10:03:07.243,0.72231,0.7226,1.00,1.00
2016.01.28 10:03:07.916,0.72232,0.72261,1.00,1.00
2016.01.28 10:03:14.816,0.72231,0.7226,1.00,1.00
2016.01.28 10:03:15.848,0.72228,0.72255,1.00,1.00
2016.01.28 10:03:16.300,0.72225,0.72256,1.00,1.00
2016.01.28 10:03:16.757,0.72225,0.7225,1.00,1.00
2016.01.28 10:03:16.916,0.72222,0.7225,1.00,1.00
2016.01.28 10:03:17.162,0.72223,0.72254,1.00,1.00
2016.01.28 10:03:17.277,0.72226,0.72255,1.00,2.00
2016.01.28 10:03:18.824,0.72227,0.72255,1.00,1.00
2016.01.28 10:03:20.793,0.72228,0.72255,1.00,1.00
2016.01.28 10:03:20.844,0.72228,0.72257,1.00,1.00
2016.01.28 10:03:21.916,0.72228,0.72255,1.00,1.00
2016.01.28 10:03:23.040,0.72227,0.72255,1.00,1.00
2016.01.28 10:03:23.706,0.72227,0.72256,1.00,1.00
2016.01.28 10:03:23.835,0.72227,0.72258,1.00,1.00
2016.01.28 10:03:23.936,0.72229,0.72258,1.00,1.00
2016.01.28 10:03:25.256,0.7223,0.72259,1.00,1.00
2016.01.28 10:03:29.096,0.72231,0.7226,1.00,2.00
2016.01.28 10:03:29.663,0.7223,0.72259,1.00,1.00
2016.01.28 10:03:31.104,0.72229,0.72258,1.00,1.00
2016.01.28 10:03:34.883,0.72227,0.72256,1.00,1.00
2016.01.28 10:03:35.236,0.72224,0.72253,1.00,1.00
2016.01.28 10:03:35.742,0.72223,0.72252,1.00,1.00
2016.01.28 10:03:36.212,0.72221,0.7225,1.00,2.00
2016.01.28 10:03:36.922,0.72223,0.72252,1.00,1.00
2016.01.28 10:03:38.855,0.72223,0.7225,1.00,1.00
2016.01.28 10:03:39.512,0.72223,0.72252,1.00,1.00
2016.01.28 10:03:41.604,0.72223,0.7225,1.00,1.00
2016.01.28 10:03:42.124,0.72221,0.7225,1.00,2.00
2016.01.28 10:03:42.682,0.72222,0.72251,1.00,2.00
2016.01.28 10:03:43.362,0.72222,0.7225,1.00,1.00
2016.01.28 10:03:45.014,0.72222,0.72251,1.00,1.00
2016.01.28 10:03:45.750,0.72222,0.7225,1.00,1.00
2016.01.28 10:03:46.334,0.72222,0.72251,1.00,2.00
2016.01.28 10:03:48.973,0.72222,0.7225,1.00,1.00
2016.01.28 10:03:49.523,0.72222,0.72251,1.00,2.00
2016.01.28 10:03:50.953,0.72222,0.7225,1.00,1.00
2016.01.28 10:03:51.358,0.72218,0.72249,1.00,1.00
2016.01.28 10:03:51.496,0.72218,0.72247,1.00,1.00
2016.01.28 10:03:53.593,0.72218,0.72245,1.00,1.00
2016.01.28 10:03:53.702,0.72218,0.72247,1.00,1.00
2016.01.28 10:03:54.203,0.72218,0.72245,1.00,1.00
2016.01.28 10:03:54.364,0.72219,0.72248,1.00,1.00
2016.01.28 10:03:54.415,0.72219,0.7225,1.00,1.00
2016.01.28 10:03:54.523,0.72221,0.7225,1.00,2.00
2016.01.28 10:03:55.886,0.72223,0.7225,1.00,1.00
2016.01.28 10:03:56.233,0.72223,0.72252,1.00,1.00
2016.01.28 10:03:56.283,0.72225,0.72254,1.00,1.00
2016.01.28 10:03:56.334,0.72225,0.72256,1.00,2.00
2016.01.28 10:03:56.434,0.72227,0.72256,1.00,2.00
2016.01.28 10:03:56.686,0.72227,0.72258,1.00,1.00
2016.01.28 10:03:57.023,0.72227,0.72255,1.00,1.00
2016.01.28 10:03:57.402,0.72223,0.72254,1.00,1.00
2016.01.28 10:03:57.866,0.72226,0.72255,1.00,2.00
2016.01.28 10:03:58.227,0.72229,0.72255,1.00,1.00
2016.01.28 10:03:58.470,0.72229,0.72258,1.00,1.00
2016.01.28 10:03:59.156,0.7223,0.72259,1.00,1.00
2016.01.28 10:04:00.310,0.72229,0.72255,1.00,1.00
2016.01.28 10:04:00.743,0.72229,0.72258,1.00,1.00
2016.01.28 10:04:01.276,0.7223,0.72259,1.00,1.00
2016.01.28 10:04:01.882,0.72231,0.7226,1.00,2.00
2016.01.28 10:04:02.037,0.72229,0.72258,1.00,1.00
2016.01.28 10:04:02.355,0.72225,0.72253,1.00,1.00
2016.01.28 10:04:02.407,0.7222,0.7225,1.00,1.00
2016.01.28 10:04:02.458,0.72219,0.72248,1.00,1.00
2016.01.28 10:04:02.854,0.72218,0.72245,1.00,1.00
2016.01.28 10:04:02.904,0.72216,0.72245,1.00,2.00
2016.01.28 10:04:03.692,0.72214,0.72243,1.00,1.00
2016.01.28 10:04:04.032,0.72212,0.7224,1.00,1.00
2016.01.28 10:04:04.606,0.72213,0.7224,1.00,1.00
2016.01.28 10:04:05.473,0.72213,0.72241,1.00,1.00
2016.01.28 10:04:06.333,0.72214,0.72241,1.00,1.00
2016.01.28 10:04:06.383,0.72215,0.72243,1.00,1.00
2016.01.28 10:04:06.992,0.72215,0.72245,2.00,1.00
2016.01.28 10:04:07.652,0.72216,0.72245,1.00,1.00
2016.01.28 10:04:08.991,0.72218,0.72245,1.00,1.00
2016.01.28 10:04:09.211,0.72218,0.72247,1.00,1.00
2016.01.28 10:04:09.442,0.72219,0.72245,1.00,1.00
2016.01.28 10:04:09.560,0.72217,0.72248,1.00,1.00
2016.01.28 10:04:09.654,0.72217,0.72246,1.00,1.00
2016.01.28 10:04:10.001,0.72217,0.72248,1.00,1.00
2016.01.28 10:04:10.066,0.72217,0.72246,1.00,1.00
2016.01.28 10:04:10.599,0.72216,0.72245,1.00,2.00
2016.01.28 10:04:10.846,0.7221,0.72241,1.00,2.00
2016.01.28 10:04:11.522,0.7221,0.7224,1.00,1.00
2016.01.28 10:04:14.711,0.7221,0.72239,1.00,1.00
2016.01.28 10:04:14.762,0.72207,0.72236,1.00,1.00
2016.01.28 10:04:15.299,0.72209,0.72238,1.00,1.00
2016.01.28 10:04:17.719,0.72208,0.72237,1.00,1.00
2016.01.28 10:04:19.421,0.7221,0.72239,1.00,1.00
2016.01.28 10:04:19.941,0.72211,0.7224,1.00,1.00
2016.01.28 10:04:20.483,0.72212,0.7224,1.00,1.00
2016.01.28 10:04:20.594,0.72214,0.72243,1.00,1.00
2016.01.28 10:04:25.221,0.72213,0.72242,1.00,1.00
2016.01.28 10:04:25.751,0.72212,0.72243,1.00,1.00
2016.01.28 10:04:26.428,0.72214,0.72243,1.00,1.00
2016.01.28 10:04:26.756,0.72216,0.72245,1.00,1.00
2016.01.28 10:04:29.253,0.72217,0.72246,1.00,1.00
2016.01.28 10:04:29.454,0.7222,0.7225,1.00,1.00
2016.01.28 10:04:29.535,0.72223,0.7225,1.00,1.00
2016.01.28 10:04:29.987,0.72224,0.72253,1.00,1.00
2016.01.28 10:04:30.500,0.72225,0.72254,1.00,1.00
2016.01.28 10:04:30.556,0.72227,0.72255,1.00,1.00
2016.01.28 10:04:31.082,0.72232,0.7226,1.00,1.00
2016.01.28 10:04:33.755,0.72232,0.72263,1.00,1.00
2016.01.28 10:04:34.181,0.72232,0.7226,1.00,1.00
2016.01.28 10:04:36.675,0.72234,0.7226,1.00,1.00
2016.01.28 10:04:37.979,0.72233,0.72262,1.00,1.00
2016.01.28 10:04:38.033,0.72233,0.7226,1.00,1.00
2016.01.28 10:04:38.338,0.72231,0.7226,1.00,2.00
2016.01.28 10:04:39.241,0.72231,0.72256,1.00,1.00
2016.01.28 10:04:39.615,0.72229,0.72256,1.00,1.00
2016.01.28 10:04:40.247,0.72227,0.72256,1.00,2.00
2016.01.28 10:04:40.466,0.72225,0.72254,1.00,1.00
2016.01.28 10:04:41.005,0.72226,0.72255,1.00,2.00
2016.01.28 10:04:41.774,0.72226,0.7225,1.00,1.00
2016.01.28 10:04:42.251,0.72228,0.72255,1.00,1.00
2016.01.28 10:04:42.431,0.72228,0.7225,1.00,1.00
2016.01.28 10:04:42.482,0.72226,0.7225,1.00,1.00
2016.01.28 10:04:43.003,0.72225,0.7225,1.00,1.00
2016.01.28 10:04:43.336,0.72226,0.72255,1.00,2.00
2016.01.28 10:04:45.167,0.72226,0.7225,1.00,1.00
2016.01.28 10:04:45.733,0.72226,0.72255,1.00,2.00
2016.01.28 10:04:46.317,0.72229,0.72256,1.00,1.00
2016.01.28 10:04:46.938,0.72229,0.72255,1.00,1.00
2016.01.28 10:04:47.481,0.7223,0.72256,1.00,1.00
2016.01.28 10:04:48.157,0.7223,0.72255,1.00,1.00
2016.01.28 10:04:48.701,0.72231,0.7226,1.00,2.00
2016.01.28 10:04:48.802,0.72233,0.7226,1.00,1.00
2016.01.28 10:04:48.953,0.72236,0.72265,1.00,2.00
2016.01.28 10:04:49.140,0.72236,0.7226,1.00,1.00
2016.01.28 10:04:50.068,0.72236,0.72265,1.00,2.00
2016.01.28 10:04:52.545,0.72236,0.72266,1.00,1.00
2016.01.28 10:04:53.888,0.72237,0.72266,1.00,1.00
2016.01.28 10:04:54.421,0.72237,0.72265,1.00,1.00
2016.01.28 10:04:55.210,0.72238,0.72265,1.00,1.00
2016.01.28 10:04:55.870,0.72238,0.72266,1.00,1.00
2016.01.28 10:04:56.780,0.72238,0.72265,1.00,1.00
2016.01.28 10:04:57.271,0.7224,0.72265,1.00,1.00
2016.01.28 10:04:57.721,0.7224,0.72269,1.00,1.00
2016.01.28 10:04:58.056,0.72244,0.72271,1.00,1.00
2016.01.28 10:04:58.163,0.72244,0.72273,1.00,1.00
2016.01.28 10:04:59.407,0.72245,0.72274,1.00,1.00
2016.01.28 10:05:01.234,0.72246,0.72275,1.00,2.00
2016.01.28 10:05:04.163,0.72247,0.72276,1.00,2.00
2016.01.28 10:05:05.010,0.72247,0.72275,1.00,1.00
2016.01.28 10:05:05.445,0.72245,0.72275,1.00,1.00
2016.01.28 10:05:06.772,0.72245,0.72271,1.00,1.00
2016.01.28 10:05:07.400,0.72245,0.7227,1.00,1.00
2016.01.28 10:05:08.405,0.72244,0.7227,1.00,1.00
2016.01.28 10:05:08.617,0.72244,0.72273,1.00,1.00
2016.01.28 10:05:08.720,0.72244,0.7227,1.00,1.00
2016.01.28 10:05:09.665,0.72243,0.7227,1.00,1.00
2016.01.28 10:05:09.816,0.72241,0.7227,1.00,2.00
2016.01.28 10:05:09.866,0.72241,0.72265,1.00,1.00
2016.01.28 10:05:10.412,0.7224,0.72265,1.00,1.00
2016.01.28 10:05:11.073,0.72241,0.72265,1.00,1.00
2016.01.28 10:05:11.605,0.72243,0.7227,1.00,1.00
2016.01.28 10:05:12.132,0.72243,0.72272,1.00,1.00
2016.01.28 10:05:12.351,0.72243,0.7227,1.00,1.00
2016.01.28 10:05:12.665,0.72241,0.7227,1.00,2.00
2016.01.28 10:05:12.718,0.72239,0.7227,1.00,2.00
2016.01.28 10:05:14.296,0.72239,0.72268,1.00,1.00
2016.01.28 10:05:14.660,0.72239,0.72265,1.00,1.00
2016.01.28 10:05:14.930,0.72237,0.72265,1.00,1.00
2016.01.28 10:05:15.309,0.72235,0.72264,1.00,1.00
2016.01.28 10:05:15.409,0.72233,0.72264,1.00,1.00
2016.01.28 10:05:15.871,0.72232,0.7226,1.00,1.00
2016.01.28 10:05:16.208,0.72232,0.72251,1.00,1.00
2016.01.28 10:05:16.258,0.7223,0.72251,1.00,1.00
2016.01.28 10:05:16.359,0.72224,0.7225,1.00,1.00
2016.01.28 10:05:16.635,0.72222,0.72251,1.00,2.00
2016.01.28 10:05:17.023,0.72219,0.72248,1.00,1.00
2016.01.28 10:05:17.522,0.72219,0.72245,1.00,1.00
2016.01.28 10:05:18.196,0.72218,0.72245,1.00,1.00
2016.01.28 10:05:18.798,0.72219,0.72245,1.00,1.00
2016.01.28 10:05:19.201,0.72221,0.72245,1.00,1.00
2016.01.28 10:05:19.845,0.72221,0.72246,1.00,1.00
2016.01.28 10:05:20.356,0.72221,0.72245,1.00,1.00
2016.01.28 10:05:20.871,0.72219,0.72245,1.00,1.00
2016.01.28 10:05:21.808,0.72218,0.72245,1.00,1.00
2016.01.28 10:05:23.241,0.72218,0.72247,1.00,1.00
2016.01.28 10:05:23.401,0.72218,0.72249,1.00,1.00
2016.01.28 10:05:24.805,0.72218,0.72245,1.00,1.00
2016.01.28 10:05:25.489,0.72215,0.7224,1.00,1.00
2016.01.28 10:05:25.590,0.72213,0.7224,1.00,1.00
2016.01.28 10:05:25.880,0.72212,0.72235,1.00,1.00
2016.01.28 10:05:26.117,0.72212,0.72241,1.00,2.00
2016.01.28 10:05:26.442,0.72216,0.72245,1.00,2.00
2016.01.28 10:05:26.761,0.72213,0.72242,1.00,1.00
2016.01.28 10:05:27.091,0.72216,0.72245,1.00,1.00
2016.01.28 10:05:28.899,0.72215,0.72244,1.00,1.00
2016.01.28 10:05:29.247,0.72213,0.72242,1.00,1.00
2016.01.28 10:05:29.851,0.72211,0.7224,1.00,2.00
2016.01.28 10:05:30.050,0.72209,0.7224,1.00,2.00
2016.01.28 10:05:30.602,0.72209,0.72238,1.00,1.00
2016.01.28 10:05:31.345,0.72209,0.7224,1.00,2.00
2016.01.28 10:05:31.821,0.72209,0.72235,1.00,1.00
2016.01.28 10:05:32.106,0.72202,0.72231,1.00,1.00
2016.01.28 10:05:32.157,0.722,0.72229,1.00,1.00
2016.01.28 10:05:32.465,0.72197,0.72225,1.00,1.00
2016.01.28 10:05:33.792,0.72195,0.72224,1.00,1.00
2016.01.28 10:05:33.842,0.72195,0.7222,1.00,1.00
2016.01.28 10:05:34.123,0.72192,0.7222,1.00,1.00
2016.01.28 10:05:34.243,0.7219,0.72219,1.00,1.00
2016.01.28 10:05:34.345,0.72187,0.72216,1.00,1.00
2016.01.28 10:05:34.831,0.72183,0.72214,1.00,1.00
2016.01.28 10:05:35.309,0.72186,0.72215,1.00,2.00
2016.01.28 10:05:35.855,0.72187,0.72215,1.00,1.00
2016.01.28 10:05:36.335,0.72186,0.72217,1.00,1.00
2016.01.28 10:05:36.455,0.72188,0.72217,1.00,1.00
2016.01.28 10:05:38.676,0.72192,0.72221,1.00,2.00
2016.01.28 10:05:38.857,0.72193,0.72224,1.00,1.00
2016.01.28 10:05:39.841,0.72193,0.72222,1.00,1.00
2016.01.28 10:05:40.175,0.72196,0.72225,1.00,2.00
2016.01.28 10:05:40.747,0.72195,0.72224,1.00,1.00
2016.01.28 10:05:43.595,0.72193,0.72222,1.00,1.00
2016.01.28 10:05:44.132,0.72194,0.72223,1.00,1.00
2016.01.28 10:05:48.318,0.72195,0.72224,1.00,1.00
2016.01.28 10:05:48.860,0.72196,0.72225,1.00,1.00
2016.01.28 10:05:49.481,0.722,0.72229,1.00,1.00
2016.01.28 10:05:49.531,0.72201,0.72232,1.00,1.00
2016.01.28 10:05:49.641,0.72201,0.7223,1.00,1.00
2016.01.28 10:05:51.285,0.72201,0.72231,1.00,1.00
2016.01.28 10:05:51.950,0.72201,0.7223,1.00,1.00
2016.01.28 10:05:53.930,0.72201,0.72232,1.00,1.00
2016.01.28 10:05:54.046,0.72203,0.72232,1.00,1.00
2016.01.28 10:05:54.550,0.72201,0.72231,1.00,1.00
2016.01.28 10:05:54.650,0.72198,0.72229,1.00,1.00
2016.01.28 10:05:55.032,0.72198,0.72225,1.00,1.00
2016.01.28 10:05:55.546,0.72196,0.72225,1.00,1.00
2016.01.28 10:05:55.935,0.72194,0.72223,1.00,1.00
2016.01.28 10:05:56.232,0.7219,0.7222,1.00,1.00
2016.01.28 10:05:57.119,0.7219,0.72221,1.00,1.00
2016.01.28 10:05:57.828,0.7219,0.7222,1.00,1.00
2016.01.28 10:05:57.928,0.72188,0.72215,1.00,1.00
2016.01.28 10:05:59.714,0.72187,0.72215,1.00,1.00
2016.01.28 10:06:00.421,0.72186,0.72215,1.00,2.00
2016.01.28 10:06:00.970,0.72187,0.72215,1.00,1.00
2016.01.28 10:06:01.330,0.72191,0.72215,1.00,1.00
2016.01.28 10:06:02.012,0.72189,0.72215,1.00,1.00
2016.01.28 10:06:02.063,0.72187,0.72215,1.00,1.00
2016.01.28 10:06:02.610,0.72185,0.72213,1.00,1.00
2016.01.28 10:06:02.955,0.7218,0.72209,2.00,1.00
2016.01.28 10:06:03.767,0.72181,0.7221,1.00,2.00
2016.01.28 10:06:03.818,0.72185,0.72215,2.00,1.00
2016.01.28 10:06:04.421,0.72185,0.72216,1.00,2.00
2016.01.28 10:06:04.635,0.72185,0.72214,1.00,1.00
2016.01.28 10:06:05.162,0.72186,0.72215,1.00,1.00
2016.01.28 10:06:06.032,0.72186,0.7221,1.00,1.00
2016.01.28 10:06:06.515,0.72183,0.7221,1.00,1.00
2016.01.28 10:06:08.087,0.72185,0.7221,1.00,1.00
2016.01.28 10:06:08.137,0.72185,0.72214,2.00,1.00
2016.01.28 10:06:08.206,0.72187,0.72215,1.00,1.00
2016.01.28 10:06:08.829,0.72188,0.72215,1.00,1.00
2016.01.28 10:06:10.200,0.72189,0.72215,1.00,1.00
2016.01.28 10:06:10.250,0.72189,0.72218,1.00,1.00
2016.01.28 10:06:10.589,0.7219,0.72221,1.00,2.00
2016.01.28 10:06:10.640,0.72192,0.72221,1.00,2.00
2016.01.28 10:06:11.170,0.72193,0.7222,1.00,1.00
2016.01.28 10:06:11.911,0.7219,0.72219,1.00,1.00
2016.01.28 10:06:12.465,0.72189,0.72218,1.00,1.00
2016.01.28 10:06:14.134,0.72187,0.72218,1.00,1.00
2016.01.28 10:06:14.184,0.72187,0.72215,1.00,1.00
2016.01.28 10:06:14.567,0.72187,0.72218,1.00,1.00
2016.01.28 10:06:17.024,0.72189,0.72218,1.00,1.00
2016.01.28 10:06:17.940,0.7219,0.7222,1.00,1.00
2016.01.28 10:06:18.715,0.7219,0.72219,1.00,1.00
2016.01.28 10:06:19.124,0.72192,0.7222,1.00,1.00
2016.01.28 10:06:19.656,0.72191,0.7222,1.00,2.00
2016.01.28 10:06:19.957,0.72193,0.7222,1.00,1.00
2016.01.28 10:06:20.370,0.72193,0.72224,1.00,1.00
2016.01.28 10:06:20.564,0.72195,0.72224,1.00,1.00
2016.01.28 10:06:21.760,0.72195,0.7222,1.00,1.00
2016.01.28 10:06:22.089,0.72195,0.72224,1.00,1.00
2016.01.28 10:06:25.579,0.72196,0.72225,1.00,2.00
2016.01.28 10:06:27.896,0.72197,0.72225,1.00,1.00
2016.01.28 10:06:27.996,0.72198,0.72227,1.00,1.00
2016.01.28 10:06:28.047,0.72201,0.7223,1.00,2.00
2016.01.28 10:06:28.362,0.72202,0.72233,1.00,1.00
2016.01.28 10:06:28.412,0.72207,0.72236,1.00,2.00
2016.01.28 10:06:28.732,0.72209,0.72235,1.00,1.00
2016.01.28 10:06:28.784,0.72206,0.72235,1.00,2.00
2016.01.28 10:06:29.709,0.72205,0.72234,1.00,1.00
2016.01.28 10:06:29.809,0.72204,0.7223,1.00,1.00
2016.01.28 10:06:29.925,0.72202,0.7223,1.00,1.00
2016.01.28 10:06:30.345,0.72205,0.72234,1.00,1.00
2016.01.28 10:06:30.798,0.72205,0.7223,1.00,1.00
2016.01.28 10:06:30.849,0.72202,0.7223,1.00,1.00
2016.01.28 10:06:31.512,0.72204,0.7223,1.00,1.00
2016.01.28 10:06:31.562,0.72204,0.72233,1.00,1.00
2016.01.28 10:06:31.624,0.72204,0.72235,1.00,2.00
2016.01.28 10:06:32.161,0.72205,0.72235,1.00,1.00
2016.01.28 10:06:33.365,0.72207,0.72235,1.00,1.00
2016.01.28 10:06:34.084,0.72208,0.72235,1.00,1.00
2016.01.28 10:06:36.086,0.72208,0.72236,1.00,1.00
2016.01.28 10:06:36.720,0.72208,0.72235,1.00,1.00
2016.01.28 10:06:38.764,0.72207,0.72235,1.00,1.00
2016.01.28 10:06:39.304,0.72207,0.72236,1.00,2.00
2016.01.28 10:06:40.459,0.72207,0.72235,1.00,1.00
2016.01.28 10:06:41.118,0.72207,0.72236,1.00,2.00
2016.01.28 10:06:41.499,0.72205,0.7223,1.00,1.00
2016.01.28 10:06:42.344,0.72198,0.72225,1.00,1.00
2016.01.28 10:06:44.421,0.72198,0.72226,1.00,1.00
2016.01.28 10:06:45.193,0.72198,0.72225,1.00,1.00
2016.01.28 10:06:45.293,0.722,0.72229,1.00,1.00
2016.01.28 10:06:50.588,0.722,0.72225,1.00,1.00
2016.01.28 10:06:50.639,0.72197,0.72225,1.00,1.00
2016.01.28 10:06:51.254,0.72197,0.72226,1.00,2.00
2016.01.28 10:06:55.570,0.72197,0.72225,1.00,1.00
2016.01.28 10:06:56.242,0.72195,0.72224,1.00,1.00
2016.01.28 10:06:56.644,0.72197,0.72225,1.00,1.00
2016.01.28 10:06:56.959,0.72197,0.7222,1.00,1.00
2016.01.28 10:06:57.360,0.72194,0.7222,1.00,1.00
2016.01.28 10:06:57.500,0.72192,0.7222,1.00,1.00
2016.01.28 10:06:57.550,0.72194,0.7222,1.00,1.00
2016.01.28 10:06:57.899,0.72196,0.7222,1.00,1.00
2016.01.28 10:06:58.612,0.72196,0.72225,1.00,2.00
2016.01.28 10:06:58.880,0.72198,0.72225,1.00,1.00
2016.01.28 10:06:59.384,0.72195,0.72225,1.00,1.00
2016.01.28 10:06:59.632,0.72195,0.7222,1.00,1.00
2016.01.28 10:07:00.289,0.72194,0.7222,1.00,1.00
2016.01.28 10:07:01.150,0.72195,0.72223,1.00,1.00
2016.01.28 10:07:02.012,0.722,0.72226,1.00,1.00
2016.01.28 10:07:02.062,0.722,0.72229,2.00,1.00
2016.01.28 10:07:02.385,0.72201,0.72232,1.00,1.00
2016.01.28 10:07:02.435,0.72204,0.72233,1.00,1.00
2016.01.28 10:07:03.244,0.72205,0.72234,1.00,1.00
2016.01.28 10:07:04.668,0.72205,0.7223,1.00,1.00
2016.01.28 10:07:04.778,0.72205,0.72234,1.00,1.00
2016.01.28 10:07:04.829,0.72203,0.72232,1.00,1.00
2016.01.28 10:07:05.439,0.72203,0.7223,1.00,1.00
2016.01.28 10:07:05.952,0.72204,0.7223,1.00,1.00
2016.01.28 10:07:06.597,0.72203,0.7223,1.00,1.00
2016.01.28 10:07:07.117,0.72202,0.7223,1.00,1.00
2016.01.28 10:07:07.691,0.72201,0.7223,1.00,2.00
2016.01.28 10:07:08.126,0.72203,0.7223,1.00,1.00
2016.01.28 10:07:08.725,0.72201,0.7223,1.00,1.00
2016.01.28 10:07:08.958,0.72197,0.72225,1.00,1.00
2016.01.28 10:07:09.505,0.722,0.72225,1.00,1.00
2016.01.28 10:07:09.729,0.722,0.72229,1.00,1.00
2016.01.28 10:07:10.344,0.72199,0.72228,1.00,1.00
2016.01.28 10:07:10.831,0.72199,0.72225,1.00,1.00
2016.01.28 10:07:12.738,0.72199,0.72226,1.00,1.00
2016.01.28 10:07:13.297,0.72199,0.72225,1.00,1.00
2016.01.28 10:07:15.354,0.72198,0.72225,1.00,1.00
2016.01.28 10:07:15.872,0.72197,0.72225,1.00,1.00
2016.01.28 10:07:16.367,0.72198,0.72227,1.00,1.00
2016.01.28 10:07:18.093,0.72199,0.72228,1.00,1.00
2016.01.28 10:07:19.337,0.72199,0.72225,1.00,1.00
2016.01.28 10:07:19.851,0.72199,0.72226,1.00,1.00
2016.01.28 10:07:21.628,0.72199,0.72225,1.00,1.00
2016.01.28 10:07:21.856,0.72193,0.7222,1.00,1.00
2016.01.28 10:07:21.959,0.72193,0.72222,1.00,1.00
2016.01.28 10:07:26.135,0.72196,0.72225,1.00,1.00
2016.01.28 10:07:26.484,0.72202,0.72231,1.00,1.00
2016.01.28 10:07:27.018,0.72202,0.7223,1.00,1.00
2016.01.28 10:07:27.670,0.72204,0.7223,1.00,1.00
2016.01.28 10:07:28.347,0.72203,0.7223,1.00,1.00
2016.01.28 10:07:29.159,0.72202,0.7223,1.00,1.00
2016.01.28 10:07:30.112,0.72204,0.7223,1.00,1.00
2016.01.28 10:07:30.320,0.72204,0.72233,1.00,1.00
2016.01.28 10:07:30.837,0.72205,0.72234,1.00,1.00
2016.01.28 10:07:31.260,0.72205,0.7223,1.00,1.00
2016.01.28 10:07:31.748,0.72205,0.72234,1.00,1.00
2016.01.28 10:07:32.187,0.72205,0.7223,1.00,1.00
2016.01.28 10:07:32.410,0.72205,0.72234,1.00,1.00
2016.01.28 10:07:32.554,0.72203,0.72234,1.00,1.00
2016.01.28 10:07:33.325,0.72203,0.7223,1.00,1.00
2016.01.28 10:07:33.840,0.72202,0.7223,1.00,1.00
2016.01.28 10:07:34.241,0.722,0.72229,1.00,1.00
2016.01.28 10:07:35.133,0.72201,0.7223,1.00,2.00
2016.01.28 10:07:35.631,0.72203,0.72232,1.00,1.00
2016.01.28 10:07:36.229,0.72205,0.72234,1.00,1.00
2016.01.28 10:07:36.657,0.72207,0.72236,1.00,2.00
2016.01.28 10:07:37.267,0.72207,0.72235,1.00,1.00
2016.01.28 10:07:39.474,0.72205,0.72235,1.00,1.00
2016.01.28 10:07:40.379,0.72205,0.72234,1.00,1.00
2016.01.28 10:07:41.865,0.72208,0.72235,1.00,1.00
2016.01.28 10:07:42.394,0.72209,0.72236,1.00,1.00
2016.01.28 10:07:43.127,0.72209,0.72235,1.00,1.00
2016.01.28 10:07:43.177,0.72213,0.72241,1.00,1.00
2016.01.28 10:07:44.949,0.72213,0.7224,1.00,1.00
2016.01.28 10:07:45.100,0.72211,0.72235,1.00,1.00
2016.01.28 10:07:45.507,0.72209,0.72235,1.00,1.00
2016.01.28 10:07:46.927,0.72209,0.72236,1.00,1.00
2016.01.28 10:07:47.587,0.72209,0.72235,1.00,1.00
2016.01.28 10:07:48.287,0.72209,0.72236,1.00,1.00
2016.01.28 10:07:48.453,0.72207,0.72236,1.00,2.00
2016.01.28 10:07:49.017,0.72208,0.72235,1.00,1.00
2016.01.28 10:07:49.705,0.72207,0.72235,1.00,1.00
2016.01.28 10:07:50.228,0.72206,0.7223,1.00,1.00
2016.01.28 10:07:50.976,0.72205,0.7223,1.00,1.00
2016.01.28 10:07:52.499,0.72202,0.7223,1.00,1.00
2016.01.28 10:07:54.006,0.72204,0.72233,1.00,1.00
2016.01.28 10:07:54.518,0.72205,0.72234,1.00,1.00
2016.01.28 10:07:57.003,0.72203,0.72234,1.00,1.00
2016.01.28 10:07:58.872,0.72198,0.72225,1.00,1.00
2016.01.28 10:07:59.647,0.72199,0.72225,1.00,1.00
2016.01.28 10:08:00.030,0.72201,0.72225,1.00,1.00
2016.01.28 10:08:00.081,0.72201,0.7223,1.00,2.00
2016.01.28 10:08:01.874,0.722,0.72229,1.00,1.00
2016.01.28 10:08:01.924,0.722,0.72225,1.00,1.00
2016.01.28 10:08:02.025,0.72198,0.72225,1.00,1.00
2016.01.28 10:08:02.217,0.72198,0.72227,1.00,1.00
2016.01.28 10:08:02.293,0.722,0.72229,1.00,1.00
2016.01.28 10:08:02.878,0.722,0.72225,1.00,1.00
2016.01.28 10:08:02.953,0.72197,0.72225,1.00,1.00
2016.01.28 10:08:03.507,0.72196,0.72225,1.00,2.00
2016.01.28 10:08:05.787,0.72197,0.72228,1.00,1.00
2016.01.28 10:08:05.838,0.72199,0.72228,1.00,1.00
2016.01.28 10:08:06.594,0.72199,0.7222,1.00,1.00
2016.01.28 10:08:06.652,0.72192,0.7222,1.00,1.00
2016.01.28 10:08:06.973,0.7219,0.7222,2.00,1.00
2016.01.28 10:08:07.127,0.72192,0.7222,1.00,1.00
2016.01.28 10:08:07.278,0.72186,0.72215,1.00,2.00
2016.01.28 10:08:07.788,0.72185,0.72215,1.00,2.00
2016.01.28 10:08:08.076,0.72185,0.72213,1.00,1.00
2016.01.28 10:08:12.042,0.72186,0.72215,1.00,2.00
2016.01.28 10:08:12.280,0.72188,0.72217,1.00,1.00
2016.01.28 10:08:12.803,0.7219,0.72219,1.00,1.00
2016.01.28 10:08:13.107,0.72189,0.72215,1.00,1.00
2016.01.28 10:08:13.363,0.72186,0.72216,1.00,1.00
2016.01.28 10:08:13.932,0.72189,0.72218,1.00,1.00
2016.01.28 10:08:14.270,0.72187,0.72218,1.00,1.00
2016.01.28 10:08:16.149,0.72193,0.7222,1.00,1.00
2016.01.28 10:08:16.203,0.72197,0.72225,1.00,1.00
2016.01.28 10:08:16.303,0.722,0.72225,1.00,1.00
2016.01.28 10:08:16.354,0.722,0.72229,1.00,1.00
2016.01.28 10:08:16.806,0.72198,0.72225,1.00,1.00
2016.01.28 10:08:16.858,0.72198,0.72227,1.00,1.00
2016.01.28 10:08:17.187,0.722,0.72229,1.00,1.00
2016.01.28 10:08:17.964,0.72201,0.7223,1.00,2.00
2016.01.28 10:08:18.683,0.72203,0.7223,1.00,1.00
2016.01.28 10:08:19.319,0.72202,0.7223,1.00,1.00
2016.01.28 10:08:19.485,0.722,0.7223,1.00,1.00
2016.01.28 10:08:19.586,0.72202,0.7223,1.00,1.00
2016.01.28 10:08:20.198,0.72202,0.72231,1.00,2.00
2016.01.28 10:08:22.473,0.722,0.72229,1.00,1.00
2016.01.28 10:08:22.798,0.722,0.72225,1.00,1.00
2016.01.28 10:08:23.127,0.722,0.72229,1.00,1.00
2016.01.28 10:08:23.677,0.722,0.72226,1.00,1.00
2016.01.28 10:08:24.227,0.72201,0.7223,1.00,2.00
2016.01.28 10:08:24.745,0.72205,0.72234,1.00,1.00
2016.01.28 10:08:25.897,0.72206,0.72235,1.00,1.00
2016.01.28 10:08:26.520,0.72203,0.72234,1.00,1.00
2016.01.28 10:08:28.849,0.72203,0.7223,1.00,1.00
2016.01.28 10:08:29.068,0.72203,0.72234,1.00,1.00
2016.01.28 10:08:29.178,0.72203,0.7223,1.00,1.00
2016.01.28 10:08:29.288,0.72203,0.72234,1.00,1.00
2016.01.28 10:08:29.576,0.72205,0.72234,1.00,1.00
2016.01.28 10:08:31.021,0.72208,0.72235,1.00,1.00
2016.01.28 10:08:31.397,0.7221,0.72239,1.00,1.00
2016.01.28 10:08:32.153,0.72212,0.7224,1.00,1.00
2016.01.28 10:08:32.697,0.72212,0.72241,1.00,2.00
2016.01.28 10:08:34.567,0.72212,0.7224,1.00,1.00
2016.01.28 10:08:35.228,0.72212,0.72241,1.00,2.00
2016.01.28 10:08:35.933,0.72211,0.7224,1.00,1.00
2016.01.28 10:08:36.467,0.72212,0.72241,1.00,2.00
2016.01.28 10:08:38.731,0.72214,0.7224,1.00,1.00
2016.01.28 10:08:38.888,0.72215,0.72244,1.00,1.00
2016.01.28 10:08:39.544,0.72214,0.7224,1.00,1.00
2016.01.28 10:08:39.908,0.72212,0.7224,1.00,1.00
2016.01.28 10:08:40.830,0.72211,0.7224,1.00,2.00
2016.01.28 10:08:41.362,0.72212,0.7224,1.00,1.00
2016.01.28 10:08:41.462,0.72214,0.72241,1.00,1.00
2016.01.28 10:08:41.700,0.72218,0.72249,1.00,1.00
2016.01.28 10:08:41.803,0.72221,0.7225,1.00,2.00
2016.01.28 10:08:42.129,0.72223,0.72254,1.00,1.00
2016.01.28 10:08:44.292,0.72226,0.72255,1.00,2.00
2016.01.28 10:08:45.835,0.72227,0.72255,1.00,1.00
2016.01.28 10:08:46.036,0.72229,0.72258,1.00,1.00
2016.01.28 10:08:46.283,0.72231,0.7226,1.00,1.00
2016.01.28 10:08:47.309,0.7223,0.72259,1.00,1.00
2016.01.28 10:08:47.967,0.72229,0.72258,1.00,1.00
2016.01.28 10:08:48.537,0.72228,0.72257,1.00,1.00
2016.01.28 10:08:49.203,0.72228,0.72259,1.00,1.00
2016.01.28 10:08:49.787,0.72228,0.72255,1.00,1.00
2016.01.28 10:08:49.907,0.72225,0.72255,2.00,1.00
2016.01.28 10:08:50.119,0.72224,0.72253,1.00,1.00
2016.01.28 10:08:50.849,0.72226,0.72255,1.00,1.00
2016.01.28 10:08:52.029,0.72224,0.72255,1.00,2.00
2016.01.28 10:08:52.442,0.72224,0.72253,1.00,1.00
2016.01.28 10:08:53.942,0.72225,0.72254,1.00,1.00
2016.01.28 10:08:54.675,0.72227,0.72255,1.00,1.00
2016.01.28 10:08:55.045,0.72229,0.72258,1.00,1.00
2016.01.28 10:08:55.137,0.72229,0.72256,1.00,1.00
2016.01.28 10:08:55.702,0.72228,0.72255,1.00,1.00
2016.01.28 10:08:56.569,0.72228,0.72259,1.00,1.00
2016.01.28 10:08:56.993,0.7223,0.72259,1.00,1.00
2016.01.28 10:08:58.054,0.7223,0.72256,1.00,1.00
2016.01.28 10:08:58.576,0.7223,0.72255,1.00,1.00
2016.01.28 10:08:59.676,0.7223,0.72259,1.00,1.00
2016.01.28 10:09:00.733,0.72229,0.72258,1.00,1.00
2016.01.28 10:09:01.271,0.7223,0.72259,1.00,1.00
2016.01.28 10:09:01.879,0.7223,0.72255,1.00,1.00
2016.01.28 10:09:02.257,0.72228,0.72256,1.00,1.00
2016.01.28 10:09:02.877,0.72228,0.72255,1.00,1.00
2016.01.28 10:09:03.087,0.72229,0.72258,1.00,1.00
2016.01.28 10:09:04.516,0.72229,0.72255,1.00,1.00
2016.01.28 10:09:05.507,0.72229,0.72258,1.00,1.00
2016.01.28 10:09:06.263,0.72228,0.72257,1.00,1.00
2016.01.28 10:09:06.607,0.72228,0.72255,1.00,1.00
2016.01.28 10:09:06.947,0.72228,0.72257,1.00,1.00
2016.01.28 10:09:07.158,0.72228,0.72255,1.00,1.00
2016.01.28 10:09:08.918,0.72228,0.72257,1.00,1.00
2016.01.28 10:09:09.798,0.72228,0.72255,1.00,1.00
2016.01.28 10:09:10.543,0.72226,0.72255,1.00,2.00
2016.01.28 10:09:11.095,0.72227,0.72256,1.00,1.00
2016.01.28 10:09:11.202,0.72225,0.72255,2.00,1.00
2016.01.28 10:09:12.102,0.72225,0.72254,1.00,1.00
2016.01.28 10:09:12.253,0.72224,0.72251,1.00,1.00
2016.01.28 10:09:12.304,0.72222,0.72251,1.00,2.00
2016.01.28 10:09:12.354,0.72221,0.72245,1.00,1.00
2016.01.28 10:09:12.876,0.7222,0.72249,1.00,1.00
2016.01.28 10:09:13.436,0.72221,0.7225,1.00,2.00
2016.01.28 10:09:15.162,0.72219,0.72248,1.00,1.00
2016.01.28 10:09:15.514,0.72216,0.72245,1.00,2.00
2016.01.28 10:09:16.091,0.72215,0.72244,1.00,1.00
2016.01.28 10:09:17.143,0.72214,0.72243,1.00,1.00
2016.01.28 10:09:17.546,0.72214,0.7224,1.00,1.00
2016.01.28 10:09:17.697,0.72211,0.7224,1.00,1.00
2016.01.28 10:09:18.260,0.7221,0.72239,1.00,1.00
2016.01.28 10:09:20.180,0.72211,0.7224,1.00,2.00
2016.01.28 10:09:21.286,0.72212,0.7224,1.00,1.00
2016.01.28 10:09:27.703,0.72213,0.7224,1.00,1.00
2016.01.28 10:09:28.624,0.72213,0.72242,1.00,1.00
2016.01.28 10:09:29.163,0.72215,0.72244,1.00,1.00
2016.01.28 10:09:31.563,0.72213,0.72242,1.00,1.00
2016.01.28 10:09:31.905,0.72213,0.7224,1.00,1.00
2016.01.28 10:09:32.457,0.72212,0.7224,1.00,1.00
2016.01.28 10:09:35.271,0.7221,0.7224,1.00,1.00
2016.01.28 10:09:35.375,0.72212,0.7224,1.00,1.00
2016.01.28 10:09:36.024,0.7221,0.7224,1.00,1.00
2016.01.28 10:09:36.857,0.7221,0.72241,1.00,2.00
2016.01.28 10:09:37.515,0.7221,0.7224,1.00,1.00
2016.01.28 10:09:38.201,0.72212,0.7224,1.00,1.00
2016.01.28 10:09:38.763,0.72212,0.72241,1.00,1.00
2016.01.28 10:09:39.424,0.72212,0.7224,1.00,1.00
2016.01.28 10:09:40.033,0.72206,0.72231,1.00,1.00
2016.01.28 10:09:40.084,0.72205,0.72234,2.00,1.00
2016.01.28 10:09:40.184,0.72205,0.7223,2.00,1.00
2016.01.28 10:09:40.486,0.72203,0.7223,1.00,1.00
2016.01.28 10:09:41.031,0.72204,0.72231,1.00,1.00
2016.01.28 10:09:41.735,0.72205,0.7223,1.00,1.00
2016.01.28 10:09:43.979,0.72203,0.72231,1.00,1.00
2016.01.28 10:09:44.030,0.72205,0.72235,1.00,2.00
2016.01.28 10:09:44.080,0.72208,0.72235,1.00,1.00
2016.01.28 10:09:45.767,0.7221,0.72235,1.00,1.00
2016.01.28 10:09:45.985,0.72208,0.72235,1.00,1.00
2016.01.28 10:09:48.626,0.72208,0.72236,1.00,1.00
2016.01.28 10:09:49.616,0.72208,0.72235,1.00,1.00
2016.01.28 10:09:49.803,0.7221,0.72235,1.00,1.00
2016.01.28 10:09:50.438,0.72209,0.72235,1.00,1.00
2016.01.28 10:09:51.067,0.72209,0.72236,1.00,1.00
2016.01.28 10:09:51.614,0.72207,0.7223,1.00,1.00
2016.01.28 10:09:51.926,0.72203,0.72225,1.00,1.00
2016.01.28 10:09:52.087,0.722,0.72226,1.00,1.00
2016.01.28 10:09:52.457,0.72198,0.72226,1.00,1.00
2016.01.28 10:09:52.807,0.72201,0.72226,1.00,1.00
2016.01.28 10:09:53.586,0.72201,0.72225,1.00,1.00
2016.01.28 10:09:53.637,0.72199,0.72225,1.00,1.00
2016.01.28 10:09:54.242,0.72196,0.72225,1.00,1.00
2016.01.28 10:09:54.346,0.72196,0.7222,1.00,1.00
2016.01.28 10:09:54.820,0.72195,0.72224,1.00,1.00
2016.01.28 10:09:55.345,0.72195,0.72221,1.00,1.00
2016.01.28 10:09:55.446,0.72195,0.72224,1.00,1.00
2016.01.28 10:09:56.217,0.72195,0.7222,1.00,1.00
2016.01.28 10:09:57.536,0.72195,0.72221,1.00,1.00
2016.01.28 10:09:58.073,0.72195,0.7222,1.00,1.00
2016.01.28 10:09:58.578,0.72193,0.7222,1.00,1.00
2016.01.28 10:09:59.344,0.72192,0.7222,1.00,1.00
2016.01.28 10:09:59.649,0.7219,0.72219,1.00,1.00
2016.01.28 10:10:00.182,0.72191,0.7222,1.00,1.00
2016.01.28 10:10:00.649,0.72193,0.7222,1.00,1.00
2016.01.28 10:10:00.856,0.72194,0.72223,1.00,1.00
2016.01.28 10:10:01.276,0.72193,0.7222,1.00,1.00
2016.01.28 10:10:01.575,0.72189,0.7222,1.00,2.00
2016.01.28 10:10:01.683,0.72189,0.72218,1.00,1.00
2016.01.28 10:10:02.475,0.72189,0.7222,1.00,2.00
2016.01.28 10:10:02.928,0.72189,0.72215,1.00,1.00
2016.01.28 10:10:03.253,0.72187,0.72215,1.00,1.00
2016.01.28 10:10:04.113,0.72185,0.72214,1.00,1.00
2016.01.28 10:10:04.527,0.72187,0.72215,1.00,1.00
2016.01.28 10:10:04.747,0.72184,0.72215,1.00,2.00
2016.01.28 10:10:04.798,0.72184,0.7221,1.00,1.00
2016.01.28 10:10:06.336,0.72184,0.72211,1.00,1.00
2016.01.28 10:10:06.969,0.72184,0.7221,1.00,1.00
2016.01.28 10:10:07.262,0.72177,0.72206,1.00,2.00
2016.01.28 10:10:08.316,0.72177,0.72205,1.00,1.00
2016.01.28 10:10:09.391,0.72177,0.72206,1.00,2.00
2016.01.28 10:10:10.011,0.72177,0.72205,1.00,1.00
2016.01.28 10:10:10.634,0.7218,0.72209,1.00,1.00
2016.01.28 10:10:10.735,0.72182,0.7221,1.00,1.00
2016.01.28 10:10:11.298,0.72182,0.72211,1.00,1.00
2016.01.28 10:10:11.645,0.72184,0.72213,1.00,1.00
2016.01.28 10:10:12.062,0.72187,0.72216,1.00,1.00
2016.01.28 10:10:12.557,0.72196,0.72221,1.00,1.00
2016.01.28 10:10:13.377,0.72196,0.7222,1.00,1.00
2016.01.28 10:10:13.745,0.72196,0.72225,1.00,2.00
2016.01.28 10:10:13.795,0.72198,0.72226,1.00,1.00
2016.01.28 10:10:14.146,0.722,0.7223,1.00,1.00
2016.01.28 10:10:14.686,0.722,0.72225,1.00,1.00
2016.01.28 10:10:15.356,0.722,0.72226,1.00,1.00
2016.01.28 10:10:15.915,0.72199,0.72225,1.00,1.00
2016.01.28 10:10:16.066,0.72201,0.7223,1.00,1.00
2016.01.28 10:10:16.576,0.72198,0.72226,1.00,1.00
2016.01.28 10:10:16.943,0.72199,0.7223,1.00,2.00
2016.01.28 10:10:17.167,0.72202,0.72231,1.00,2.00
2016.01.28 10:10:17.554,0.722,0.72229,1.00,1.00
2016.01.28 10:10:18.108,0.72198,0.72225,1.00,1.00
2016.01.28 10:10:18.750,0.72199,0.72225,1.00,1.00
2016.01.28 10:10:19.299,0.72199,0.72226,1.00,1.00
2016.01.28 10:10:19.648,0.72199,0.7222,1.00,1.00
2016.01.28 10:10:19.698,0.72197,0.7222,1.00,1.00
2016.01.28 10:10:20.382,0.72197,0.72221,1.00,1.00
2016.01.28 10:10:22.068,0.72197,0.7222,1.00,1.00
2016.01.28 10:10:22.396,0.72197,0.72225,1.00,1.00
2016.01.28 10:10:23.904,0.72197,0.72221,1.00,1.00
2016.01.28 10:10:23.954,0.72195,0.7222,1.00,1.00
2016.01.28 10:10:24.266,0.72195,0.72224,1.00,1.00
2016.01.28 10:10:24.370,0.72197,0.72225,1.00,1.00
2016.01.28 10:10:25.136,0.72198,0.72226,1.00,1.00
2016.01.28 10:10:25.481,0.722,0.72226,1.00,1.00
2016.01.28 10:10:25.736,0.72195,0.72224,1.00,1.00
2016.01.28 10:10:25.786,0.72197,0.72226,1.00,2.00
2016.01.28 10:10:26.147,0.722,0.72225,1.00,1.00
2016.01.28 10:10:27.033,0.72198,0.72225,1.00,1.00
2016.01.28 10:10:27.244,0.722,0.72225,1.00,1.00
2016.01.28 10:10:27.348,0.72201,0.7223,1.00,2.00
2016.01.28 10:10:27.835,0.72203,0.7223,1.00,1.00
2016.01.28 10:10:28.390,0.72202,0.72231,1.00,2.00
2016.01.28 10:10:28.491,0.72205,0.72235,1.00,1.00
2016.01.28 10:10:28.541,0.72207,0.72235,1.00,1.00
2016.01.28 10:10:28.899,0.72211,0.72235,1.00,1.00
2016.01.28 10:10:29.056,0.72209,0.72235,1.00,1.00
2016.01.28 10:10:29.654,0.72208,0.72235,1.00,1.00
2016.01.28 10:10:29.855,0.7221,0.72235,1.00,1.00
2016.01.28 10:10:30.426,0.72208,0.72235,1.00,1.00
2016.01.28 10:10:30.977,0.72208,0.72236,1.00,1.00
2016.01.28 10:10:31.716,0.72208,0.72235,1.00,1.00
2016.01.28 10:10:31.767,0.72208,0.7223,1.00,1.00
2016.01.28 10:10:31.835,0.72206,0.7223,1.00,1.00
2016.01.28 10:10:32.120,0.72206,0.72235,1.00,2.00
2016.01.28 10:10:32.170,0.72208,0.72235,1.00,1.00
2016.01.28 10:10:32.693,0.72207,0.72235,1.00,1.00
2016.01.28 10:10:33.295,0.72207,0.72236,1.00,2.00
2016.01.28 10:10:33.647,0.72202,0.72231,1.00,1.00
2016.01.28 10:10:34.008,0.72204,0.72233,1.00,1.00
2016.01.28 10:10:34.646,0.72205,0.72234,1.00,1.00
2016.01.28 10:10:34.952,0.72202,0.72231,1.00,1.00
2016.01.28 10:10:35.625,0.72202,0.72225,1.00,1.00
2016.01.28 10:10:35.786,0.722,0.72225,2.00,1.00
2016.01.28 10:10:35.989,0.72197,0.72225,1.00,1.00
2016.01.28 10:10:36.176,0.72197,0.72228,1.00,1.00
2016.01.28 10:10:36.432,0.72199,0.72228,1.00,1.00
2016.01.28 10:10:37.966,0.72199,0.72225,1.00,1.00
2016.01.28 10:10:38.066,0.72197,0.72226,1.00,1.00
2016.01.28 10:10:38.116,0.72195,0.72224,2.00,1.00
2016.01.28 10:10:38.636,0.72195,0.72226,2.00,1.00
2016.01.28 10:10:39.332,0.72198,0.72226,1.00,1.00
2016.01.28 10:10:39.382,0.72199,0.72228,1.00,1.00
2016.01.28 10:10:41.151,0.72199,0.72225,1.00,1.00
2016.01.28 10:10:41.787,0.72198,0.72226,1.00,1.00
2016.01.28 10:10:42.316,0.72198,0.72225,1.00,1.00
2016.01.28 10:10:43.134,0.72198,0.72226,1.00,1.00
2016.01.28 10:10:43.765,0.72198,0.72227,1.00,1.00
2016.01.28 10:10:44.184,0.72201,0.7223,1.00,2.00
2016.01.28 10:10:44.515,0.72203,0.7223,1.00,1.00
2016.01.28 10:10:45.174,0.72204,0.7223,1.00,1.00
2016.01.28 10:10:45.783,0.72205,0.7223,1.00,1.00
2016.01.28 10:10:46.431,0.72204,0.7223,1.00,1.00
2016.01.28 10:10:46.742,0.72201,0.7223,1.00,1.00
2016.01.28 10:10:48.689,0.72203,0.7223,1.00,1.00
2016.01.28 10:10:48.878,0.72201,0.7223,1.00,2.00
2016.01.28 10:10:48.929,0.72201,0.72226,1.00,1.00
2016.01.28 10:10:49.442,0.722,0.72225,1.00,1.00
2016.01.28 10:10:50.109,0.72199,0.72226,1.00,1.00
2016.01.28 10:10:50.855,0.722,0.72229,1.00,1.00
2016.01.28 10:10:52.107,0.72203,0.72232,1.00,1.00
2016.01.28 10:10:52.641,0.72201,0.7223,1.00,1.00
2016.01.28 10:10:52.974,0.72204,0.72233,1.00,1.00
2016.01.28 10:10:53.550,0.72205,0.72233,1.00,1.00
2016.01.28 10:10:53.604,0.72209,0.72238,1.00,1.00
2016.01.28 10:10:54.106,0.72208,0.72237,1.00,1.00
2016.01.28 10:10:54.974,0.72206,0.72235,1.00,1.00
2016.01.28 10:10:55.553,0.72205,0.72233,1.00,1.00
2016.01.28 10:10:56.526,0.72205,0.7223,1.00,1.00
2016.01.28 10:10:58.395,0.72201,0.7223,1.00,2.00
2016.01.28 10:10:58.583,0.722,0.72228,1.00,1.00
2016.01.28 10:10:59.306,0.72205,0.7223,1.00,1.00
2016.01.28 10:10:59.636,0.72201,0.7223,1.00,2.00
2016.01.28 10:11:01.079,0.722,0.72228,1.00,1.00
2016.01.28 10:11:01.581,0.72199,0.72228,2.00,1.00
2016.01.28 10:11:03.565,0.722,0.72228,1.00,1.00
2016.01.28 10:11:03.749,0.722,0.7223,1.00,2.00
2016.01.28 10:11:04.474,0.72199,0.7223,2.00,1.00
2016.01.28 10:11:04.525,0.72202,0.72231,1.00,2.00
2016.01.28 10:11:04.625,0.72202,0.72233,1.00,1.00
2016.01.28 10:11:04.726,0.72204,0.72233,1.00,1.00
2016.01.28 10:11:05.047,0.72207,0.72236,1.00,1.00
2016.01.28 10:11:05.398,0.72211,0.7224,1.00,2.00
2016.01.28 10:11:05.727,0.72208,0.72236,1.00,1.00
2016.01.28 10:11:06.247,0.72203,0.72234,1.00,1.00
2016.01.28 10:11:06.565,0.72203,0.72225,1.00,1.00
2016.01.28 10:11:06.615,0.72201,0.72225,1.00,1.00
2016.01.28 10:11:06.716,0.722,0.72228,1.00,1.00
2016.01.28 10:11:07.122,0.722,0.7223,2.00,1.00
2016.01.28 10:11:07.835,0.722,0.72231,2.00,1.00
2016.01.28 10:11:09.172,0.72202,0.72231,1.00,1.00
2016.01.28 10:11:09.834,0.722,0.72229,2.00,1.00
2016.01.28 10:11:09.985,0.72198,0.72229,1.00,1.00
2016.01.28 10:11:10.107,0.722,0.72229,1.00,1.00
2016.01.28 10:11:10.894,0.722,0.7223,1.00,1.00
2016.01.28 10:11:11.426,0.72204,0.7223,1.00,1.00
2016.01.28 10:11:11.590,0.72201,0.7223,1.00,1.00
2016.01.28 10:11:11.641,0.72199,0.72228,1.00,1.00
2016.01.28 10:11:12.099,0.72196,0.72227,1.00,1.00
2016.01.28 10:11:12.149,0.72196,0.7222,1.00,1.00
2016.01.28 10:11:12.357,0.72192,0.7222,1.00,1.00
2016.01.28 10:11:12.508,0.72189,0.72218,2.00,1.00
2016.01.28 10:11:12.558,0.72192,0.72221,1.00,2.00
2016.01.28 10:11:13.115,0.72191,0.72222,1.00,1.00
2016.01.28 10:11:14.262,0.72194,0.72225,1.00,2.00
2016.01.28 10:11:14.675,0.72197,0.72226,1.00,2.00
2016.01.28 10:11:15.313,0.72196,0.72225,1.00,1.00
2016.01.28 10:11:15.920,0.72197,0.72225,1.00,1.00
2016.01.28 10:11:19.235,0.72198,0.72225,1.00,1.00
2016.01.28 10:11:19.336,0.72199,0.72228,1.00,1.00
2016.01.28 10:11:19.975,0.722,0.72229,1.00,1.00
2016.01.28 10:11:21.964,0.72201,0.7223,1.00,2.00
2016.01.28 10:11:22.115,0.72204,0.72231,1.00,1.00
2016.01.28 10:11:22.763,0.72201,0.7223,1.00,2.00
2016.01.28 10:11:22.864,0.722,0.72228,1.00,1.00
2016.01.28 10:11:23.170,0.72195,0.72219,1.00,1.00
2016.01.28 10:11:23.524,0.72189,0.72215,1.00,1.00
2016.01.28 10:11:23.575,0.7219,0.72219,1.00,1.00
2016.01.28 10:11:23.745,0.7219,0.72215,1.00,1.00
2016.01.28 10:11:23.845,0.72185,0.72212,1.00,1.00
2016.01.28 10:11:24.355,0.72185,0.72211,1.00,1.00
2016.01.28 10:11:24.703,0.7219,0.72215,1.00,1.00
2016.01.28 10:11:24.958,0.72189,0.72218,2.00,1.00
2016.01.28 10:11:25.065,0.7219,0.7222,1.00,1.00
2016.01.28 10:11:25.662,0.72189,0.7222,2.00,1.00
2016.01.28 10:11:28.110,0.7219,0.7222,1.00,1.00
2016.01.28 10:11:29.749,0.72192,0.72221,1.00,1.00
2016.01.28 10:11:31.062,0.7219,0.72218,1.00,1.00
2016.01.28 10:11:31.654,0.72186,0.72217,1.00,1.00
2016.01.28 10:11:31.764,0.7219,0.72217,1.00,1.00
2016.01.28 10:11:32.493,0.7219,0.72214,1.00,1.00
2016.01.28 10:11:33.047,0.72185,0.72212,1.00,1.00
2016.01.28 10:11:33.706,0.72185,0.72211,1.00,1.00
2016.01.28 10:11:33.756,0.72185,0.72209,1.00,1.00
2016.01.28 10:11:35.904,0.72184,0.72209,1.00,1.00
2016.01.28 10:11:36.499,0.72185,0.72208,1.00,1.00
2016.01.28 10:11:37.053,0.72184,0.72209,1.00,1.00
2016.01.28 10:11:37.312,0.72184,0.72211,1.00,1.00
2016.01.28 10:11:37.814,0.72184,0.72209,1.00,1.00
2016.01.28 10:11:38.474,0.7218,0.72209,2.00,1.00
2016.01.28 10:11:39.411,0.72183,0.72212,1.00,1.00
2016.01.28 10:11:39.771,0.7219,0.72215,1.00,1.00
2016.01.28 10:11:40.087,0.7219,0.72212,1.00,1.00
2016.01.28 10:11:40.195,0.72184,0.72212,1.00,1.00
2016.01.28 10:11:40.798,0.72185,0.72212,1.00,1.00
2016.01.28 10:11:41.775,0.72185,0.72214,1.00,1.00
2016.01.28 10:11:42.026,0.7219,0.72214,1.00,1.00
2016.01.28 10:11:42.615,0.72185,0.72214,1.00,1.00
2016.01.28 10:11:45.365,0.7219,0.72214,1.00,1.00
2016.01.28 10:11:46.485,0.72185,0.72211,1.00,1.00
2016.01.28 10:11:48.154,0.72185,0.72213,1.00,1.00
2016.01.28 10:11:48.722,0.72185,0.72214,2.00,1.00
2016.01.28 10:11:48.776,0.72189,0.72214,1.00,1.00
2016.01.28 10:11:48.827,0.72189,0.72216,1.00,1.00
2016.01.28 10:11:49.541,0.7219,0.72216,1.00,1.00
2016.01.28 10:11:51.187,0.7219,0.72217,1.00,1.00
2016.01.28 10:11:51.674,0.7219,0.72221,2.00,1.00
2016.01.28 10:11:52.921,0.72191,0.7222,1.00,1.00
2016.01.28 10:11:52.971,0.72195,0.7222,1.00,1.00
2016.01.28 10:11:53.284,0.72191,0.7222,1.00,1.00
2016.01.28 10:11:53.985,0.72192,0.72221,1.00,1.00
2016.01.28 10:11:57.135,0.72194,0.72221,1.00,1.00
2016.01.28 10:11:57.885,0.72195,0.72221,1.00,1.00
2016.01.28 10:11:59.995,0.72192,0.72221,1.00,1.00
2016.01.28 10:12:00.654,0.72195,0.72222,1.00,1.00
2016.01.28 10:12:01.424,0.72192,0.72221,1.00,1.00
2016.01.28 10:12:01.916,0.7219,0.72218,1.00,1.00
2016.01.28 10:12:02.752,0.7219,0.72216,1.00,1.00
2016.01.28 10:12:03.015,0.72189,0.72218,2.00,1.00
2016.01.28 10:12:03.116,0.72194,0.72218,1.00,1.00
2016.01.28 10:12:03.516,0.72194,0.72221,1.00,1.00
2016.01.28 10:12:04.064,0.72195,0.72221,1.00,1.00
2016.01.28 10:12:07.122,0.72195,0.7222,1.00,1.00
2016.01.28 10:12:07.229,0.72189,0.7222,2.00,1.00
2016.01.28 10:12:07.628,0.72189,0.72218,2.00,1.00
2016.01.28 10:12:08.357,0.7219,0.72218,1.00,1.00
2016.01.28 10:12:08.791,0.72187,0.72216,1.00,1.00
2016.01.28 10:12:08.846,0.72185,0.72211,1.00,1.00
2016.01.28 10:12:09.325,0.72185,0.72214,2.00,1.00
2016.01.28 10:12:09.870,0.72186,0.72215,1.00,1.00
2016.01.28 10:12:10.543,0.72187,0.72216,1.00,1.00
2016.01.28 10:12:11.082,0.72182,0.72211,1.00,1.00
2016.01.28 10:12:11.133,0.7218,0.72211,1.00,1.00
2016.01.28 10:12:12.148,0.72182,0.72211,1.00,1.00
2016.01.28 10:12:12.901,0.72181,0.7221,1.00,1.00
2016.01.28 10:12:13.786,0.72182,0.72211,1.00,1.00
2016.01.28 10:12:14.116,0.72185,0.72212,1.00,1.00
2016.01.28 10:12:14.657,0.72184,0.72213,2.00,1.00
2016.01.28 10:12:15.173,0.72185,0.72212,1.00,1.00
2016.01.28 10:12:15.978,0.72185,0.72214,1.00,1.00
2016.01.28 10:12:17.264,0.72183,0.72214,1.00,1.00
2016.01.28 10:12:17.341,0.72183,0.72212,1.00,1.00
2016.01.28 10:12:17.882,0.72182,0.72211,1.00,1.00
2016.01.28 10:12:18.240,0.72179,0.72208,1.00,1.00
2016.01.28 10:12:18.290,0.72176,0.72207,1.00,1.00
2016.01.28 10:12:18.405,0.7218,0.72207,1.00,1.00
2016.01.28 10:12:18.947,0.72179,0.72208,2.00,1.00
2016.01.28 10:12:19.394,0.72185,0.72209,1.00,1.00
2016.01.28 10:12:20.558,0.7218,0.72206,1.00,1.00
2016.01.28 10:12:20.923,0.7218,0.7221,1.00,1.00
2016.01.28 10:12:21.024,0.72185,0.72211,1.00,1.00
2016.01.28 10:12:22.144,0.72182,0.72211,1.00,1.00
2016.01.28 10:12:22.261,0.72184,0.72211,1.00,1.00
2016.01.28 10:12:22.562,0.72182,0.72211,1.00,1.00
2016.01.28 10:12:22.794,0.7218,0.72208,1.00,1.00
2016.01.28 10:12:23.469,0.7218,0.72206,1.00,1.00
2016.01.28 10:12:25.334,0.72175,0.72206,2.00,1.00
2016.01.28 10:12:25.405,0.7218,0.72206,1.00,1.00
2016.01.28 10:12:25.944,0.7218,0.72208,1.00,1.00
2016.01.28 10:12:26.423,0.72185,0.72209,1.00,1.00
2016.01.28 10:12:27.061,0.72185,0.72208,1.00,1.00
2016.01.28 10:12:27.205,0.7218,0.72208,1.00,1.00
2016.01.28 10:12:27.762,0.72179,0.72208,2.00,1.00
2016.01.28 10:12:28.304,0.7218,0.72208,1.00,1.00
2016.01.28 10:12:28.486,0.72185,0.72208,1.00,1.00
2016.01.28 10:12:28.887,0.7218,0.72208,1.00,1.00
2016.01.28 10:12:29.442,0.7218,0.72209,2.00,1.00
2016.01.28 10:12:29.492,0.72185,0.72209,1.00,1.00
2016.01.28 10:12:30.019,0.72185,0.7221,1.00,1.00
2016.01.28 10:12:30.292,0.7218,0.72209,2.00,1.00
2016.01.28 10:12:30.853,0.7218,0.72208,1.00,1.00
2016.01.28 10:12:31.525,0.7218,0.72207,1.00,1.00
2016.01.28 10:12:31.575,0.7218,0.72205,1.00,1.00
2016.01.28 10:12:33.677,0.72176,0.72205,1.00,1.00
2016.01.28 10:12:34.287,0.72175,0.72204,1.00,1.00
2016.01.28 10:12:36.085,0.7218,0.72204,1.00,1.00
2016.01.28 10:12:37.021,0.7218,0.72206,1.00,1.00
2016.01.28 10:12:38.164,0.72175,0.72206,2.00,1.00
2016.01.28 10:12:38.214,0.72175,0.72204,2.00,1.00
2016.01.28 10:12:38.771,0.72175,0.72203,1.00,1.00
2016.01.28 10:12:41.138,0.72175,0.72201,1.00,1.00
2016.01.28 10:12:44.154,0.72172,0.72201,1.00,1.00
2016.01.28 10:12:44.205,0.7217,0.72199,2.00,1.00
2016.01.28 10:12:44.526,0.72175,0.72197,1.00,1.00
2016.01.28 10:12:44.576,0.7217,0.72197,1.00,1.00
2016.01.28 10:12:44.774,0.72174,0.72197,1.00,1.00
2016.01.28 10:12:44.824,0.72174,0.72201,1.00,1.00
2016.01.28 10:12:44.875,0.72175,0.72204,1.00,1.00
2016.01.28 10:12:45.152,0.72176,0.72207,1.00,1.00
2016.01.28 10:12:45.252,0.72179,0.72207,1.00,1.00
2016.01.28 10:12:45.843,0.7218,0.72208,1.00,1.00
2016.01.28 10:12:48.614,0.72179,0.72208,1.00,1.00
2016.01.28 10:12:48.992,0.72179,0.72206,1.00,1.00
2016.01.28 10:12:49.493,0.7218,0.72205,1.00,1.00
2016.01.28 10:12:49.644,0.72175,0.72204,1.00,1.00
2016.01.28 10:12:50.170,0.7218,0.72207,1.00,1.00
2016.01.28 10:12:50.519,0.72185,0.72208,1.00,1.00
2016.01.28 10:12:50.570,0.72185,0.7221,1.00,1.00
2016.01.28 10:12:51.125,0.72185,0.72211,1.00,1.00
2016.01.28 10:12:51.211,0.72185,0.72214,2.00,1.00
2016.01.28 10:12:51.735,0.72183,0.72212,1.00,1.00
2016.01.28 10:12:52.238,0.72181,0.7221,1.00,1.00
2016.01.28 10:12:54.484,0.72179,0.7221,1.00,1.00
2016.01.28 10:12:54.936,0.72179,0.72208,1.00,1.00
2016.01.28 10:12:55.305,0.72175,0.72204,2.00,1.00
2016.01.28 10:12:55.998,0.72173,0.72202,1.00,1.00
2016.01.28 10:12:56.414,0.72171,0.722,1.00,1.00
2016.01.28 10:12:56.997,0.7217,0.72199,1.00,1.00
2016.01.28 10:13:00.404,0.72168,0.72197,1.00,1.00
2016.01.28 10:13:00.753,0.72165,0.72194,1.00,1.00
2016.01.28 10:13:00.985,0.72166,0.72196,1.00,1.00
2016.01.28 10:13:01.095,0.72165,0.72194,2.00,1.00
2016.01.28 10:13:01.412,0.72165,0.7219,1.00,1.00
2016.01.28 10:13:01.706,0.72163,0.72192,1.00,1.00
2016.01.28 10:13:01.900,0.72164,0.72195,1.00,2.00
2016.01.28 10:13:02.931,0.72164,0.72193,1.00,1.00
2016.01.28 10:13:03.805,0.72163,0.72192,1.00,1.00
2016.01.28 10:13:04.113,0.72161,0.7219,1.00,2.00
2016.01.28 10:13:04.808,0.72157,0.72186,1.00,2.00
2016.01.28 10:13:05.134,0.72154,0.72183,1.00,1.00
2016.01.28 10:13:05.184,0.72154,0.72185,1.00,2.00
2016.01.28 10:13:05.285,0.72156,0.72187,1.00,1.00
2016.01.28 10:13:07.079,0.72155,0.72184,1.00,1.00
2016.01.28 10:13:07.793,0.72155,0.72183,1.00,1.00
2016.01.28 10:13:08.413,0.72154,0.72183,1.00,1.00
2016.01.28 10:13:09.084,0.72156,0.72185,1.00,1.00
2016.01.28 10:13:09.138,0.72156,0.72187,1.00,1.00
2016.01.28 10:13:10.531,0.72155,0.72183,1.00,1.00
2016.01.28 10:13:11.494,0.72154,0.72183,1.00,1.00
2016.01.28 10:13:12.033,0.72153,0.72182,1.00,1.00
2016.01.28 10:13:13.582,0.72155,0.72183,1.00,1.00
2016.01.28 10:13:14.006,0.72155,0.72185,1.00,1.00
2016.01.28 10:13:14.057,0.7216,0.72187,1.00,1.00
2016.01.28 10:13:14.392,0.72157,0.72186,1.00,1.00
2016.01.28 10:13:14.978,0.72155,0.72184,2.00,1.00
2016.01.28 10:13:15.714,0.72157,0.72186,1.00,1.00
2016.01.28 10:13:16.046,0.72161,0.7219,1.00,1.00
2016.01.28 10:13:16.551,0.7216,0.72189,2.00,1.00
2016.01.28 10:13:16.992,0.7216,0.72187,1.00,1.00
2016.01.28 10:13:17.502,0.72159,0.72187,1.00,1.00
2016.01.28 10:13:19.085,0.7216,0.72187,1.00,1.00
2016.01.28 10:13:19.530,0.72161,0.7219,1.00,1.00
2016.01.28 10:13:19.894,0.72161,0.72192,1.00,1.00
2016.01.28 10:13:20.101,0.72163,0.72194,1.00,1.00
2016.01.28 10:13:20.614,0.72164,0.72194,1.00,1.00
2016.01.28 10:13:21.342,0.72165,0.72194,1.00,1.00
2016.01.28 10:13:22.356,0.72165,0.72192,1.00,1.00
2016.01.28 10:13:24.148,0.72164,0.72192,1.00,1.00
2016.01.28 10:13:24.692,0.72165,0.72193,1.00,1.00
2016.01.28 10:13:27.751,0.72165,0.72194,2.00,1.00
2016.01.28 10:13:28.770,0.72166,0.72195,1.00,1.00
2016.01.28 10:13:29.302,0.72167,0.72196,1.00,1.00
2016.01.28 10:13:29.875,0.72166,0.72195,1.00,1.00
2016.01.28 10:13:30.403,0.72165,0.72194,2.00,1.00
2016.01.28 10:13:30.713,0.72164,0.72192,1.00,1.00
2016.01.28 10:13:31.040,0.72164,0.7219,1.00,1.00
2016.01.28 10:13:31.192,0.72161,0.7219,1.00,1.00
2016.01.28 10:13:31.810,0.7216,0.72189,1.00,1.00
2016.01.28 10:13:32.612,0.72161,0.7219,1.00,1.00
2016.01.28 10:13:32.813,0.72163,0.72192,1.00,1.00
2016.01.28 10:13:33.311,0.72163,0.72194,1.00,1.00
2016.01.28 10:13:33.822,0.72164,0.72193,1.00,1.00
2016.01.28 10:13:34.418,0.72165,0.72193,1.00,1.00
2016.01.28 10:13:34.519,0.72164,0.72191,1.00,1.00
2016.01.28 10:13:34.848,0.72164,0.72189,1.00,1.00
2016.01.28 10:13:35.364,0.72165,0.72189,1.00,1.00
2016.01.28 10:13:36.206,0.72164,0.72189,1.00,1.00
2016.01.28 10:13:36.751,0.72165,0.72189,1.00,1.00
2016.01.28 10:13:37.840,0.72165,0.72187,1.00,1.00
2016.01.28 10:13:38.438,0.72165,0.72188,1.00,1.00
2016.01.28 10:13:39.340,0.72165,0.72187,1.00,1.00
2016.01.28 10:13:39.802,0.72165,0.722,1.00,1.00
2016.01.28 10:13:39.852,0.72165,0.72191,1.00,1.00
2016.01.28 10:13:41.106,0.72164,0.7219,1.00,1.00
2016.01.28 10:13:43.042,0.72164,0.72188,1.00,1.00
2016.01.28 10:13:43.093,0.7216,0.72187,1.00,1.00
2016.01.28 10:13:44.203,0.72165,0.72187,1.00,1.00
2016.01.28 10:13:46.142,0.7216,0.72187,1.00,1.00
2016.01.28 10:13:47.503,0.7216,0.72188,1.00,1.00
2016.01.28 10:13:48.326,0.72159,0.72187,1.00,1.00
2016.01.28 10:13:48.935,0.7216,0.72187,1.00,1.00
2016.01.28 10:13:49.466,0.7216,0.72188,1.00,1.00
2016.01.28 10:13:49.777,0.72161,0.7219,1.00,1.00
2016.01.28 10:13:50.291,0.7216,0.72188,1.00,1.00
2016.01.28 10:13:52.562,0.72165,0.72189,1.00,1.00
2016.01.28 10:13:53.152,0.72164,0.7219,1.00,1.00
2016.01.28 10:13:54.140,0.72164,0.72189,1.00,1.00
2016.01.28 10:13:54.663,0.72165,0.72189,1.00,1.00
2016.01.28 10:13:55.685,0.72165,0.7219,1.00,1.00
2016.01.28 10:13:58.022,0.72165,0.72189,1.00,1.00
2016.01.28 10:13:58.641,0.72165,0.72188,1.00,1.00
2016.01.28 10:13:59.222,0.72164,0.72188,1.00,1.00
2016.01.28 10:13:59.877,0.72164,0.72189,1.00,1.00
2016.01.28 10:14:00.443,0.72165,0.72189,1.00,1.00
2016.01.28 10:14:07.152,0.7216,0.72189,2.00,1.00
2016.01.28 10:14:08.434,0.7216,0.72188,1.00,1.00
2016.01.28 10:14:09.150,0.7216,0.72187,1.00,1.00
2016.01.28 10:14:10.317,0.7216,0.72186,1.00,1.00
2016.01.28 10:14:11.881,0.72159,0.72186,1.00,1.00
2016.01.28 10:14:12.912,0.7216,0.72186,1.00,1.00
2016.01.28 10:14:13.281,0.7216,0.72188,1.00,1.00
2016.01.28 10:14:13.332,0.72165,0.72189,1.00,1.00
2016.01.28 10:14:13.975,0.72165,0.7219,1.00,1.00
2016.01.28 10:14:14.026,0.72165,0.72192,1.00,1.00
2016.01.28 10:14:14.682,0.72164,0.72192,1.00,1.00
2016.01.28 10:14:15.223,0.72164,0.72189,1.00,1.00
2016.01.28 10:14:15.844,0.72165,0.72189,1.00,1.00
2016.01.28 10:14:16.109,0.72165,0.72191,1.00,1.00
2016.01.28 10:14:17.050,0.72165,0.7219,1.00,1.00
2016.01.28 10:14:17.151,0.72161,0.7219,1.00,1.00
2016.01.28 10:14:20.109,0.7216,0.72189,2.00,1.00
2016.01.28 10:14:20.950,0.7216,0.72188,1.00,1.00
2016.01.28 10:14:21.543,0.7216,0.72186,1.00,1.00
2016.01.28 10:14:22.631,0.72155,0.72184,2.00,1.00
2016.01.28 10:14:22.750,0.72155,0.72182,1.00,1.00
2016.01.28 10:14:22.920,0.72153,0.72182,1.00,1.00
2016.01.28 10:14:23.071,0.72151,0.7218,1.00,1.00
2016.01.28 10:14:23.411,0.72153,0.72182,1.00,1.00
2016.01.28 10:14:23.991,0.72155,0.72182,1.00,1.00
2016.01.28 10:14:24.132,0.72153,0.72182,1.00,1.00
2016.01.28 10:14:26.420,0.72154,0.72182,1.00,1.00
2016.01.28 10:14:28.972,0.72155,0.72182,1.00,1.00
2016.01.28 10:14:31.749,0.72155,0.72181,1.00,1.00
2016.01.28 10:14:32.192,0.72152,0.72181,1.00,1.00
2016.01.28 10:14:32.734,0.72151,0.7218,1.00,1.00
2016.01.28 10:14:33.511,0.72149,0.7218,2.00,1.00
2016.01.28 10:14:34.120,0.7215,0.7218,1.00,1.00
2016.01.28 10:14:34.471,0.72152,0.72183,1.00,1.00
2016.01.28 10:14:36.173,0.72151,0.7218,1.00,1.00
2016.01.28 10:14:36.687,0.7215,0.72179,2.00,1.00
2016.01.28 10:14:38.890,0.7215,0.72178,1.00,1.00
2016.01.28 10:14:39.502,0.72149,0.72178,2.00,1.00
2016.01.28 10:14:40.150,0.7215,0.72181,1.00,1.00
2016.01.28 10:14:42.500,0.7215,0.72179,1.00,1.00
2016.01.28 10:14:44.881,0.72151,0.7218,1.00,1.00
2016.01.28 10:14:46.075,0.72154,0.72183,1.00,1.00
2016.01.28 10:14:46.640,0.72151,0.7218,1.00,1.00
2016.01.28 10:14:47.286,0.7215,0.72178,1.00,1.00
2016.01.28 10:14:50.132,0.7215,0.72179,2.00,1.00
2016.01.28 10:14:50.582,0.72152,0.72181,1.00,1.00
2016.01.28 10:14:51.192,0.72153,0.72182,1.00,1.00
2016.01.28 10:14:52.618,0.72155,0.72182,1.00,1.00
2016.01.28 10:14:53.099,0.72156,0.72185,1.00,2.00
2016.01.28 10:14:53.766,0.72157,0.72185,1.00,1.00
2016.01.28 10:14:54.193,0.72155,0.72184,2.00,1.00
2016.01.28 10:14:54.699,0.72154,0.72183,2.00,1.00
2016.01.28 10:14:55.562,0.72155,0.72183,1.00,1.00
2016.01.28 10:14:56.073,0.72154,0.72183,1.00,1.00
2016.01.28 10:14:59.769,0.72157,0.72186,1.00,1.00
2016.01.28 10:15:00.428,0.72156,0.72185,1.00,1.00
2016.01.28 10:15:00.810,0.72154,0.72183,1.00,1.00
2016.01.28 10:15:04.840,0.72155,0.72183,1.00,1.00
2016.01.28 10:15:05.449,0.72154,0.72183,1.00,1.00
2016.01.28 10:15:08.080,0.72153,0.72184,1.00,1.00
2016.01.28 10:15:08.996,0.72155,0.72184,1.00,1.00
2016.01.28 10:15:09.421,0.72153,0.72184,1.00,1.00
2016.01.28 10:15:09.480,0.72153,0.72182,1.00,1.00
2016.01.28 10:15:09.792,0.72151,0.7218,1.00,1.00
2016.01.28 10:15:10.401,0.7215,0.72179,2.00,1.00
2016.01.28 10:15:11.041,0.7215,0.72178,1.00,1.00
2016.01.28 10:15:12.084,0.72149,0.72175,1.00,1.00
2016.01.28 10:15:12.134,0.72147,0.72175,1.00,1.00
2016.01.28 10:15:12.806,0.72147,0.72176,1.00,1.00
2016.01.28 10:15:13.020,0.72145,0.72174,2.00,1.00
2016.01.28 10:15:13.415,0.72143,0.72174,1.00,1.00
2016.01.28 10:15:13.516,0.72143,0.72172,1.00,1.00
2016.01.28 10:15:14.061,0.72142,0.72171,1.00,1.00
2016.01.28 10:15:14.410,0.72142,0.72173,1.00,1.00
2016.01.28 10:15:14.470,0.72144,0.72173,1.00,1.00
2016.01.28 10:15:14.849,0.72147,0.72176,1.00,1.00
2016.01.28 10:15:15.852,0.72146,0.72175,1.00,1.00
2016.01.28 10:15:16.177,0.72141,0.7217,1.00,1.00
2016.01.28 10:15:16.515,0.72137,0.72166,1.00,1.00
2016.01.28 10:15:16.871,0.72135,0.72164,1.00,1.00
2016.01.28 10:15:17.230,0.72132,0.72161,1.00,1.00
2016.01.28 10:15:17.592,0.7213,0.72159,1.00,1.00
2016.01.28 10:15:18.463,0.72131,0.7216,1.00,1.00
2016.01.28 10:15:19.038,0.7213,0.72159,2.00,1.00
2016.01.28 10:15:19.620,0.72129,0.72158,1.00,1.00
2016.01.28 10:15:20.034,0.72125,0.72154,1.00,1.00
2016.01.28 10:15:20.568,0.72123,0.72152,1.00,1.00
2016.01.28 10:15:21.140,0.72122,0.72151,1.00,1.00
2016.01.28 10:15:21.721,0.72122,0.72153,1.00,1.00
2016.01.28 10:15:22.611,0.72121,0.72152,1.00,1.00
2016.01.28 10:15:24.195,0.72121,0.7215,1.00,1.00
2016.01.28 10:15:24.805,0.7212,0.72149,2.00,1.00
2016.01.28 10:15:25.412,0.72121,0.7215,1.00,1.00
2016.01.28 10:15:25.891,0.72123,0.72152,1.00,1.00
2016.01.28 10:15:26.380,0.72126,0.72155,1.00,1.00
2016.01.28 10:15:29.629,0.72125,0.72154,2.00,1.00
2016.01.28 10:15:30.231,0.72125,0.72153,1.00,1.00
2016.01.28 10:15:30.530,0.72123,0.72152,1.00,1.00
2016.01.28 10:15:30.580,0.72125,0.72152,1.00,1.00
2016.01.28 10:15:30.631,0.72125,0.72155,1.00,1.00
2016.01.28 10:15:30.681,0.72125,0.72153,1.00,1.00
2016.01.28 10:15:32.651,0.72124,0.72153,2.00,1.00
2016.01.28 10:15:33.413,0.72125,0.72153,1.00,1.00
2016.01.28 10:15:33.622,0.72127,0.72156,1.00,1.00
2016.01.28 10:15:34.158,0.72126,0.72155,1.00,1.00
2016.01.28 10:15:35.418,0.72125,0.72154,1.00,1.00
2016.01.28 10:15:35.519,0.72122,0.72151,1.00,1.00
2016.01.28 10:15:35.843,0.72118,0.72147,1.00,1.00
2016.01.28 10:15:35.894,0.72116,0.72147,1.00,1.00
2016.01.28 10:15:36.133,0.72115,0.72144,1.00,1.00
2016.01.28 10:15:36.650,0.72113,0.72144,1.00,1.00
2016.01.28 10:15:36.709,0.72119,0.72148,1.00,1.00
2016.01.28 10:15:37.111,0.72114,0.72143,1.00,1.00
2016.01.28 10:15:37.162,0.72118,0.72149,1.00,1.00
2016.01.28 10:15:37.212,0.72114,0.72143,1.00,1.00
2016.01.28 10:15:37.546,0.72114,0.72145,1.00,1.00
2016.01.28 10:15:37.596,0.72114,0.72143,1.00,1.00
2016.01.28 10:15:37.992,0.72116,0.72145,1.00,1.00
2016.01.28 10:15:38.306,0.72122,0.72151,1.00,1.00
2016.01.28 10:15:39.247,0.72122,0.7215,1.00,1.00
2016.01.28 10:15:39.795,0.7212,0.72149,2.00,1.00
2016.01.28 10:15:40.951,0.72119,0.72148,1.00,1.00
2016.01.28 10:15:42.130,0.7212,0.72149,1.00,1.00
2016.01.28 10:15:43.364,0.7212,0.72151,1.00,1.00
2016.01.28 10:15:45.549,0.72122,0.72151,1.00,1.00
2016.01.28 10:15:45.951,0.72124,0.72152,1.00,1.00
2016.01.28 10:15:46.795,0.72123,0.72152,1.00,1.00
2016.01.28 10:15:46.931,0.72125,0.72155,1.00,1.00
2016.01.28 10:15:47.152,0.72128,0.72157,1.00,1.00
2016.01.28 10:15:47.520,0.7213,0.72159,2.00,1.00
2016.01.28 10:15:47.763,0.7213,0.72161,1.00,1.00
2016.01.28 10:15:47.941,0.72133,0.72162,1.00,1.00
2016.01.28 10:15:48.393,0.72135,0.72162,1.00,1.00
2016.01.28 10:15:48.482,0.72133,0.72162,1.00,1.00
2016.01.28 10:15:49.032,0.72134,0.72163,1.00,1.00
2016.01.28 10:15:50.021,0.72135,0.72163,1.00,1.00
2016.01.28 10:15:50.133,0.72135,0.72165,1.00,2.00
2016.01.28 10:15:50.792,0.72134,0.72165,1.00,1.00
2016.01.28 10:15:51.401,0.72135,0.72165,1.00,2.00
2016.01.28 10:15:53.705,0.72137,0.72166,1.00,1.00
2016.01.28 10:15:54.305,0.72138,0.72167,1.00,1.00
2016.01.28 10:15:54.637,0.72142,0.72171,1.00,1.00
2016.01.28 10:15:55.191,0.72141,0.7217,1.00,1.00
2016.01.28 10:15:56.189,0.7214,0.72169,2.00,1.00
2016.01.28 10:15:56.895,0.7214,0.72171,2.00,1.00
2016.01.28 10:15:57.449,0.72143,0.72172,1.00,1.00
2016.01.28 10:15:57.992,0.72142,0.72171,1.00,1.00
2016.01.28 10:15:58.557,0.72141,0.7217,1.00,1.00
2016.01.28 10:16:06.554,0.7214,0.72169,2.00,1.00
2016.01.28 10:16:08.450,0.72138,0.72167,1.00,1.00
2016.01.28 10:16:09.722,0.72137,0.72166,1.00,1.00
2016.01.28 10:16:10.236,0.72136,0.72165,1.00,1.00
2016.01.28 10:16:10.550,0.72133,0.72162,1.00,1.00
2016.01.28 10:16:11.321,0.72132,0.72161,1.00,1.00
2016.01.28 10:16:13.309,0.7213,0.72161,2.00,1.00
2016.01.28 10:16:13.642,0.72133,0.72162,1.00,1.00
2016.01.28 10:16:13.964,0.72136,0.72165,1.00,1.00
2016.01.28 10:16:14.590,0.72135,0.72164,1.00,1.00
2016.01.28 10:16:14.640,0.72131,0.72162,1.00,1.00
2016.01.28 10:16:15.334,0.72131,0.7216,1.00,1.00
2016.01.28 10:16:17.008,0.7213,0.72159,2.00,1.00
2016.01.28 10:16:17.531,0.72135,0.72161,1.00,1.00
2016.01.28 10:16:17.581,0.72135,0.72163,1.00,1.00
2016.01.28 10:16:17.882,0.72137,0.72166,1.00,1.00
2016.01.28 10:16:18.200,0.72139,0.72168,1.00,1.00
2016.01.28 10:16:18.800,0.72138,0.72167,1.00,1.00
2016.01.28 10:16:19.443,0.72136,0.72165,1.00,1.00
2016.01.28 10:16:19.990,0.72134,0.72163,1.00,1.00
2016.01.28 10:16:20.550,0.72131,0.72162,1.00,1.00
2016.01.28 10:16:20.999,0.72131,0.7216,1.00,1.00
2016.01.28 10:16:21.612,0.7213,0.72159,1.00,1.00
2016.01.28 10:16:25.850,0.7213,0.72161,2.00,1.00
2016.01.28 10:16:25.900,0.7213,0.72159,1.00,1.00
2016.01.28 10:16:26.579,0.7213,0.72161,1.00,1.00
2016.01.28 10:16:26.730,0.7213,0.72159,2.00,1.00
2016.01.28 10:16:28.171,0.72133,0.72162,1.00,1.00
2016.01.28 10:16:28.862,0.72135,0.72163,1.00,1.00
2016.01.28 10:16:28.921,0.72137,0.72168,1.00,1.00
2016.01.28 10:16:28.979,0.72137,0.72166,1.00,1.00
2016.01.28 10:16:31.237,0.72138,0.72167,1.00,1.00
2016.01.28 10:16:31.338,0.72139,0.7217,1.00,1.00
2016.01.28 10:16:31.583,0.72145,0.72174,1.00,1.00
2016.01.28 10:16:32.186,0.72146,0.72175,1.00,1.00
2016.01.28 10:16:32.701,0.72145,0.72174,1.00,1.00
2016.01.28 10:16:32.849,0.72143,0.72174,1.00,1.00
2016.01.28 10:16:34.015,0.72145,0.72174,1.00,1.00
2016.01.28 10:16:34.570,0.72144,0.72173,1.00,1.00
2016.01.28 10:16:35.054,0.72141,0.7217,1.00,1.00
2016.01.28 10:16:35.551,0.72138,0.72169,1.00,1.00
2016.01.28 10:16:36.171,0.72138,0.72167,1.00,1.00
2016.01.28 10:16:37.050,0.72139,0.72168,1.00,1.00
2016.01.28 10:16:38.870,0.72138,0.72167,1.00,1.00
2016.01.28 10:16:39.422,0.72137,0.72166,1.00,1.00
2016.01.28 10:16:39.750,0.72135,0.72164,1.00,1.00
2016.01.28 10:16:40.078,0.72137,0.72166,1.00,1.00
2016.01.28 10:16:40.465,0.72139,0.72168,1.00,1.00
2016.01.28 10:16:43.860,0.72138,0.72167,1.00,1.00
2016.01.28 10:16:44.739,0.72136,0.72165,1.00,1.00
2016.01.28 10:16:45.279,0.72137,0.72166,1.00,1.00
2016.01.28 10:16:46.053,0.72136,0.72165,1.00,1.00
2016.01.28 10:16:47.423,0.72139,0.72168,1.00,1.00
2016.01.28 10:16:49.209,0.7214,0.72169,1.00,1.00
2016.01.28 10:16:54.197,0.72138,0.72169,1.00,1.00
2016.01.28 10:16:54.989,0.72137,0.72166,1.00,1.00
2016.01.28 10:16:55.621,0.72136,0.72165,1.00,1.00
2016.01.28 10:16:56.383,0.72137,0.72166,1.00,1.00
2016.01.28 10:16:58.230,0.72137,0.72165,1.00,1.00
2016.01.28 10:16:58.438,0.72136,0.72167,1.00,1.00
2016.01.28 10:16:59.050,0.72133,0.72164,1.00,1.00
2016.01.28 10:16:59.836,0.72134,0.72163,1.00,1.00
2016.01.28 10:17:01.733,0.72133,0.72162,1.00,1.00
2016.01.28 10:17:03.128,0.72134,0.72163,1.00,1.00
2016.01.28 10:17:04.941,0.72133,0.72162,1.00,1.00
2016.01.28 10:17:05.311,0.72131,0.7216,1.00,1.00
2016.01.28 10:17:05.839,0.72132,0.72161,1.00,1.00
2016.01.28 10:17:05.999,0.72136,0.72167,1.00,1.00
2016.01.28 10:17:07.070,0.72138,0.72169,1.00,1.00
2016.01.28 10:17:11.303,0.72137,0.72168,1.00,1.00
2016.01.28 10:17:11.639,0.72137,0.72166,1.00,1.00
2016.01.28 10:17:14.599,0.72135,0.72166,1.00,1.00
2016.01.28 10:17:15.438,0.72138,0.72167,1.00,1.00
2016.01.28 10:17:19.554,0.72139,0.72168,1.00,1.00
2016.01.28 10:17:19.891,0.72141,0.7217,1.00,1.00
2016.01.28 10:17:21.219,0.72143,0.72172,1.00,1.00
2016.01.28 10:17:23.375,0.72143,0.72174,1.00,1.00
2016.01.28 10:17:23.426,0.72145,0.72174,1.00,1.00
2016.01.28 10:17:23.775,0.72148,0.72177,1.00,1.00
2016.01.28 10:17:24.573,0.72146,0.72175,1.00,1.00
2016.01.28 10:17:24.901,0.72144,0.72173,1.00,1.00
2016.01.28 10:17:24.951,0.72141,0.72172,1.00,1.00
2016.01.28 10:17:25.051,0.7214,0.72169,1.00,1.00
2016.01.28 10:17:25.102,0.72138,0.72169,1.00,1.00
2016.01.28 10:17:25.329,0.72138,0.72167,1.00,1.00
2016.01.28 10:17:25.831,0.7214,0.72169,1.00,1.00
2016.01.28 10:17:30.278,0.72144,0.72173,1.00,1.00
2016.01.28 10:17:34.520,0.72146,0.72175,1.00,1.00
2016.01.28 10:17:38.099,0.72148,0.72177,1.00,1.00
2016.01.28 10:17:38.527,0.7215,0.72179,1.00,1.00
2016.01.28 10:17:38.708,0.72148,0.72179,1.00,1.00
2016.01.28 10:17:38.869,0.72148,0.72177,1.00,1.00
2016.01.28 10:17:39.199,0.72146,0.72175,1.00,1.00
2016.01.28 10:17:39.810,0.72145,0.72174,1.00,1.00
2016.01.28 10:17:40.454,0.72146,0.72175,1.00,1.00
2016.01.28 10:17:43.196,0.72147,0.72176,1.00,1.00
2016.01.28 10:17:48.169,0.72148,0.72177,1.00,1.00
2016.01.28 10:17:48.778,0.72149,0.72178,1.00,1.00
2016.01.28 10:17:50.032,0.72152,0.72181,1.00,1.00
2016.01.28 10:17:50.538,0.72153,0.72182,1.00,1.00
2016.01.28 10:17:51.107,0.72154,0.72183,1.00,1.00
2016.01.28 10:17:51.498,0.72152,0.72181,1.00,1.00
2016.01.28 10:17:52.368,0.72155,0.72181,1.00,1.00
2016.01.28 10:17:52.468,0.72154,0.72183,1.00,1.00
2016.01.28 10:17:52.581,0.72153,0.7218,1.00,1.00
2016.01.28 10:17:52.681,0.72151,0.72182,1.00,1.00
2016.01.28 10:17:53.778,0.72151,0.7218,1.00,1.00
2016.01.28 10:17:54.824,0.72153,0.72182,1.00,1.00
2016.01.28 10:17:56.139,0.72151,0.7218,1.00,1.00
2016.01.28 10:17:58.063,0.7215,0.7218,1.00,1.00
2016.01.28 10:18:00.204,0.7215,0.72178,1.00,1.00
2016.01.28 10:18:01.151,0.72149,0.72178,1.00,1.00
2016.01.28 10:18:01.459,0.72146,0.72175,1.00,1.00
2016.01.28 10:18:02.139,0.72145,0.72175,1.00,1.00
2016.01.28 10:18:02.451,0.72142,0.72171,1.00,1.00
2016.01.28 10:18:02.798,0.72145,0.72171,1.00,1.00
2016.01.28 10:18:03.561,0.72143,0.72172,1.00,1.00
2016.01.28 10:18:03.808,0.72141,0.72172,1.00,1.00
2016.01.28 10:18:04.108,0.72143,0.72172,1.00,1.00
2016.01.28 10:18:04.984,0.72142,0.72171,1.00,1.00
2016.01.28 10:18:06.510,0.72145,0.72174,1.00,1.00
2016.01.28 10:18:06.900,0.72139,0.72168,1.00,1.00
2016.01.28 10:18:07.449,0.7214,0.72169,1.00,1.00
2016.01.28 10:18:07.528,0.72138,0.72169,1.00,1.00
2016.01.28 10:18:07.985,0.72141,0.7217,1.00,2.00
2016.01.28 10:18:08.511,0.72142,0.72171,1.00,1.00
2016.01.28 10:18:09.019,0.72142,0.7217,1.00,1.00
2016.01.28 10:18:12.664,0.72142,0.72171,1.00,2.00
2016.01.28 10:18:12.715,0.7214,0.7217,1.00,1.00
2016.01.28 10:18:13.330,0.7214,0.72171,1.00,1.00
2016.01.28 10:18:13.431,0.72142,0.72171,1.00,1.00
2016.01.28 10:18:14.018,0.72144,0.72173,1.00,1.00
2016.01.28 10:18:15.005,0.72146,0.72175,1.00,1.00
2016.01.28 10:18:15.628,0.72147,0.72175,1.00,1.00
2016.01.28 10:18:16.224,0.72147,0.72176,1.00,1.00
2016.01.28 10:18:19.833,0.72148,0.72177,1.00,1.00
2016.01.28 10:18:20.458,0.72147,0.72176,1.00,1.00
2016.01.28 10:18:20.801,0.72153,0.72182,1.00,1.00
2016.01.28 10:18:21.278,0.72154,0.72185,1.00,2.00
2016.01.28 10:18:23.349,0.72157,0.72186,1.00,1.00
2016.01.28 10:18:24.187,0.72158,0.72187,1.00,1.00
2016.01.28 10:18:24.607,0.72158,0.72189,1.00,1.00
2016.01.28 10:18:24.858,0.7216,0.7219,1.00,1.00
2016.01.28 10:18:25.266,0.72159,0.72186,1.00,1.00
2016.01.28 10:18:25.316,0.72157,0.72186,1.00,2.00
2016.01.28 10:18:25.850,0.72157,0.72185,1.00,1.00
2016.01.28 10:18:27.558,0.72157,0.72186,1.00,2.00
2016.01.28 10:18:28.771,0.72157,0.72185,1.00,1.00
2016.01.28 10:18:28.870,0.72159,0.72185,1.00,1.00
2016.01.28 10:18:28.920,0.72159,0.72188,1.00,1.00
2016.01.28 10:18:28.970,0.72161,0.7219,1.00,1.00
2016.01.28 10:18:29.337,0.72164,0.72193,1.00,1.00
2016.01.28 10:18:29.895,0.72165,0.72194,1.00,1.00
2016.01.28 10:18:30.578,0.72164,0.72193,1.00,1.00
2016.01.28 10:18:30.629,0.72161,0.72192,1.00,1.00
2016.01.28 10:18:31.200,0.7216,0.72189,1.00,1.00
2016.01.28 10:18:31.848,0.72161,0.7219,1.00,1.00
2016.01.28 10:18:39.619,0.7216,0.7219,1.00,2.00
2016.01.28 10:18:39.950,0.72158,0.72187,1.00,1.00
2016.01.28 10:18:40.817,0.72158,0.72189,1.00,1.00
2016.01.28 10:18:41.981,0.72156,0.72187,1.00,1.00
2016.01.28 10:18:42.458,0.72159,0.72188,1.00,1.00
2016.01.28 10:18:42.971,0.7216,0.72189,1.00,1.00
2016.01.28 10:18:44.837,0.7216,0.72191,1.00,2.00
2016.01.28 10:18:46.347,0.72163,0.72192,1.00,1.00
2016.01.28 10:18:47.787,0.72164,0.72193,1.00,1.00
2016.01.28 10:18:49.571,0.72169,0.72198,1.00,1.00
2016.01.28 10:18:49.918,0.72171,0.722,1.00,2.00
2016.01.28 10:18:50.452,0.72172,0.72201,1.00,1.00
2016.01.28 10:18:51.388,0.72173,0.72202,1.00,1.00
2016.01.28 10:18:52.205,0.72174,0.72203,1.00,1.00
2016.01.28 10:18:54.451,0.72176,0.72205,1.00,2.00
2016.01.28 10:18:54.809,0.72179,0.7221,1.00,2.00
2016.01.28 10:18:54.927,0.72179,0.72208,1.00,1.00
2016.01.28 10:18:55.278,0.72178,0.72205,1.00,1.00
2016.01.28 10:18:55.699,0.72178,0.72207,1.00,1.00
2016.01.28 10:18:56.597,0.72178,0.72206,1.00,1.00
2016.01.28 10:18:57.368,0.72178,0.72207,1.00,1.00
2016.01.28 10:18:57.657,0.72178,0.72209,1.00,1.00
2016.01.28 10:18:59.289,0.72179,0.7221,1.00,2.00
2016.01.28 10:18:59.340,0.72179,0.72208,1.00,1.00
2016.01.28 10:18:59.850,0.7218,0.72208,1.00,1.00
2016.01.28 10:19:00.237,0.72176,0.72205,1.00,1.00
2016.01.28 10:19:00.398,0.72175,0.72203,1.00,1.00
2016.01.28 10:19:01.480,0.72174,0.72203,1.00,1.00
2016.01.28 10:19:02.098,0.72175,0.72203,1.00,1.00
2016.01.28 10:19:02.199,0.72176,0.72205,1.00,2.00
2016.01.28 10:19:03.859,0.72176,0.72207,1.00,1.00
2016.01.28 10:19:04.165,0.72176,0.72205,1.00,1.00
2016.01.28 10:19:04.216,0.72176,0.72207,1.00,1.00
2016.01.28 10:19:04.924,0.72176,0.72205,1.00,1.00
2016.01.28 10:19:10.560,0.72173,0.72202,1.00,1.00
2016.01.28 10:19:11.311,0.72172,0.72201,1.00,1.00
2016.01.28 10:19:11.971,0.72173,0.72202,1.00,1.00
2016.01.28 10:19:12.360,0.72172,0.722,1.00,1.00
2016.01.28 10:19:12.487,0.7217,0.72201,1.00,2.00
2016.01.28 10:19:12.701,0.72172,0.72201,1.00,2.00
2016.01.28 10:19:13.505,0.72174,0.722,1.00,1.00
2016.01.28 10:19:13.555,0.72174,0.72203,1.00,1.00
2016.01.28 10:19:15.127,0.72174,0.72205,1.00,1.00
2016.01.28 10:19:15.228,0.72174,0.72201,2.00,1.00
2016.01.28 10:19:15.298,0.72174,0.72205,1.00,2.00
2016.01.28 10:19:16.119,0.72174,0.722,1.00,1.00
2016.01.28 10:19:16.179,0.72174,0.72205,1.00,2.00
2016.01.28 10:19:16.482,0.72174,0.722,1.00,1.00
2016.01.28 10:19:16.533,0.72174,0.72205,1.00,2.00
2016.01.28 10:19:16.730,0.72174,0.722,1.00,1.00
2016.01.28 10:19:17.231,0.72172,0.72201,1.00,2.00
2016.01.28 10:19:18.294,0.72175,0.72204,1.00,1.00
2016.01.28 10:19:18.445,0.72176,0.72207,1.00,1.00
2016.01.28 10:19:18.578,0.72179,0.72208,1.00,1.00
2016.01.28 10:19:18.757,0.72176,0.72207,1.00,1.00
2016.01.28 10:19:18.807,0.72176,0.72205,1.00,1.00
2016.01.28 10:19:19.271,0.72176,0.722,1.00,1.00
2016.01.28 10:19:21.237,0.72176,0.72205,1.00,1.00
2016.01.28 10:19:24.964,0.72173,0.722,1.00,1.00
2016.01.28 10:19:25.617,0.7217,0.72199,1.00,1.00
2016.01.28 10:19:29.229,0.72168,0.72199,1.00,1.00
2016.01.28 10:19:30.720,0.7217,0.722,1.00,2.00
2016.01.28 10:19:31.027,0.72175,0.72204,1.00,1.00
2016.01.28 10:19:31.374,0.72173,0.72202,1.00,1.00
2016.01.28 10:19:31.906,0.72174,0.72203,1.00,1.00
2016.01.28 10:19:32.457,0.72173,0.72202,1.00,1.00
2016.01.28 10:19:32.508,0.7217,0.72201,2.00,1.00
2016.01.28 10:19:33.167,0.72168,0.72197,1.00,1.00
2016.01.28 10:19:33.965,0.72167,0.72196,1.00,1.00
2016.01.28 10:19:34.066,0.72165,0.72196,1.00,1.00
2016.01.28 10:19:34.116,0.72165,0.72194,1.00,1.00
2016.01.28 10:19:34.436,0.72162,0.72191,1.00,1.00
2016.01.28 10:19:34.540,0.72163,0.72194,1.00,1.00
2016.01.28 10:19:35.071,0.72163,0.72192,1.00,1.00
2016.01.28 10:19:36.747,0.72164,0.72193,1.00,1.00
2016.01.28 10:19:37.287,0.72162,0.72191,1.00,1.00
2016.01.28 10:19:37.592,0.7216,0.7219,1.00,1.00
2016.01.28 10:19:38.303,0.7216,0.72191,1.00,2.00
2016.01.28 10:19:38.786,0.7216,0.72189,1.00,1.00
2016.01.28 10:19:42.017,0.72156,0.72185,1.00,1.00
2016.01.28 10:19:44.332,0.72154,0.72185,1.00,2.00
2016.01.28 10:19:44.382,0.72152,0.72181,1.00,1.00
2016.01.28 10:19:45.045,0.72151,0.72182,1.00,1.00
2016.01.28 10:19:45.376,0.72153,0.72182,1.00,1.00
2016.01.28 10:19:47.724,0.72152,0.72181,1.00,1.00
2016.01.28 10:19:49.098,0.72153,0.72182,1.00,1.00
2016.01.28 10:19:49.886,0.72151,0.7218,1.00,2.00
2016.01.28 10:19:50.398,0.7215,0.72179,2.00,1.00
2016.01.28 10:19:50.767,0.72151,0.72182,1.00,1.00
2016.01.28 10:19:51.037,0.72153,0.72182,1.00,1.00
2016.01.28 10:19:52.007,0.72152,0.72181,1.00,1.00
2016.01.28 10:19:52.350,0.7215,0.72179,1.00,1.00
2016.01.28 10:19:52.887,0.72149,0.72178,1.00,1.00
2016.01.28 10:19:53.446,0.72151,0.7218,1.00,2.00
2016.01.28 10:19:54.006,0.72152,0.72181,1.00,2.00
2016.01.28 10:19:55.446,0.72152,0.7218,1.00,1.00
2016.01.28 10:19:55.496,0.7215,0.7218,2.00,1.00
2016.01.28 10:19:56.017,0.7215,0.72181,1.00,2.00
2016.01.28 10:19:56.837,0.72152,0.72181,1.00,2.00
2016.01.28 10:19:58.089,0.72152,0.7218,1.00,1.00
2016.01.28 10:19:58.691,0.72155,0.7218,1.00,1.00
2016.01.28 10:19:58.907,0.72155,0.72184,1.00,1.00
2016.01.28 10:19:59.426,0.72155,0.7218,1.00,1.00
2016.01.28 10:19:59.587,0.72153,0.7218,1.00,1.00
2016.01.28 10:19:59.841,0.72151,0.7218,1.00,1.00
2016.01.28 10:20:00.056,0.72153,0.7218,1.00,1.00
2016.01.28 10:20:00.433,0.72155,0.7218,1.00,1.00
2016.01.28 10:20:00.537,0.72155,0.72185,1.00,1.00
2016.01.28 10:20:00.696,0.72157,0.72185,1.00,1.00
2016.01.28 10:20:01.277,0.72158,0.72185,1.00,1.00
2016.01.28 10:20:01.812,0.72159,0.72185,1.00,1.00
2016.01.28 10:20:02.787,0.72159,0.72188,1.00,1.00
2016.01.28 10:20:05.128,0.72159,0.72185,1.00,1.00
2016.01.28 10:20:06.120,0.72159,0.72188,1.00,1.00
2016.01.28 10:20:06.794,0.72159,0.72185,1.00,1.00
2016.01.28 10:20:08.862,0.72157,0.72185,1.00,1.00
2016.01.28 10:20:09.059,0.72157,0.7218,1.00,1.00
2016.01.28 10:20:09.109,0.72154,0.7218,1.00,1.00
2016.01.28 10:20:09.383,0.72152,0.7218,1.00,1.00
2016.01.28 10:20:10.271,0.72151,0.7218,1.00,1.00
2016.01.28 10:20:10.881,0.72151,0.72181,1.00,1.00
2016.01.28 10:20:11.505,0.72151,0.7218,1.00,2.00
2016.01.28 10:20:15.108,0.7215,0.72179,1.00,1.00
2016.01.28 10:20:15.378,0.7215,0.72175,1.00,1.00
2016.01.28 10:20:15.517,0.72148,0.72175,1.00,1.00
2016.01.28 10:20:15.648,0.72143,0.72174,1.00,1.00
2016.01.28 10:20:15.767,0.72143,0.72172,1.00,1.00
2016.01.28 10:20:17.164,0.72141,0.72172,1.00,1.00
2016.01.28 10:20:18.347,0.7214,0.72168,1.00,1.00
2016.01.28 10:20:22.288,0.72139,0.72168,2.00,1.00
2016.01.28 10:20:22.418,0.72137,0.72168,1.00,1.00
2016.01.28 10:20:22.469,0.72136,0.72165,1.00,1.00
2016.01.28 10:20:25.526,0.72138,0.72167,1.00,1.00
2016.01.28 10:20:25.921,0.7214,0.72167,1.00,1.00
2016.01.28 10:20:26.592,0.72138,0.72167,1.00,1.00
2016.01.28 10:20:28.657,0.72135,0.72166,2.00,1.00
2016.01.28 10:20:29.282,0.72135,0.72165,1.00,1.00
2016.01.28 10:20:29.816,0.72135,0.72166,2.00,1.00
2016.01.28 10:20:30.538,0.7214,0.72166,1.00,1.00
2016.01.28 10:20:30.648,0.72135,0.72166,2.00,1.00
2016.01.28 10:20:30.718,0.72137,0.72166,1.00,1.00
2016.01.28 10:20:31.029,0.72139,0.72166,1.00,1.00
2016.01.28 10:20:31.577,0.7214,0.72167,1.00,1.00
2016.01.28 10:20:31.907,0.72145,0.72167,1.00,1.00
2016.01.28 10:20:32.407,0.7214,0.72167,1.00,1.00
2016.01.28 10:20:33.668,0.72138,0.72167,1.00,1.00
2016.01.28 10:20:33.994,0.7214,0.72167,1.00,1.00
2016.01.28 10:20:35.175,0.72139,0.72167,1.00,1.00
2016.01.28 10:20:35.240,0.7214,0.72169,1.00,1.00
2016.01.28 10:20:35.341,0.7214,0.72171,2.00,1.00
2016.01.28 10:20:35.441,0.7214,0.72169,2.00,1.00
2016.01.28 10:20:35.777,0.72145,0.72171,1.00,1.00
2016.01.28 10:20:35.837,0.72145,0.72173,1.00,1.00
2016.01.28 10:20:35.897,0.72145,0.72171,1.00,1.00
2016.01.28 10:20:36.366,0.72141,0.7217,1.00,1.00
2016.01.28 10:20:38.893,0.7214,0.72169,1.00,1.00
2016.01.28 10:20:39.044,0.7214,0.72167,1.00,1.00
2016.01.28 10:20:39.373,0.72138,0.72167,1.00,1.00
2016.01.28 10:20:39.704,0.72136,0.72167,1.00,1.00
2016.01.28 10:20:41.243,0.72135,0.72164,2.00,1.00
2016.01.28 10:20:41.544,0.72129,0.72155,1.00,1.00
2016.01.28 10:20:41.698,0.7213,0.72157,1.00,1.00
2016.01.28 10:20:41.758,0.72135,0.72157,1.00,1.00
2016.01.28 10:20:41.808,0.72135,0.72159,1.00,1.00
2016.01.28 10:20:42.185,0.7213,0.72159,2.00,1.00
2016.01.28 10:20:42.236,0.72135,0.72159,1.00,1.00
2016.01.28 10:20:42.628,0.72135,0.72161,1.00,1.00
2016.01.28 10:20:42.847,0.72134,0.72163,1.00,1.00
2016.01.28 10:20:42.898,0.72137,0.72166,1.00,1.00
2016.01.28 10:20:43.806,0.72136,0.72165,1.00,1.00
2016.01.28 10:20:44.109,0.7213,0.72159,1.00,1.00
2016.01.28 10:20:44.442,0.72126,0.72155,1.00,1.00
2016.01.28 10:20:45.296,0.72125,0.72155,1.00,1.00
2016.01.28 10:20:45.716,0.72125,0.72153,1.00,1.00
2016.01.28 10:20:46.318,0.72125,0.72152,1.00,1.00
2016.01.28 10:20:49.129,0.72124,0.72152,1.00,1.00
2016.01.28 10:20:49.670,0.72125,0.72152,1.00,1.00
2016.01.28 10:20:49.947,0.72125,0.72154,2.00,1.00
2016.01.28 10:20:50.895,0.72126,0.72155,1.00,1.00
2016.01.28 10:20:50.997,0.72128,0.72157,1.00,1.00
2016.01.28 10:20:51.338,0.72133,0.72162,1.00,1.00
2016.01.28 10:20:51.388,0.7213,0.72161,2.00,1.00
2016.01.28 10:20:51.628,0.7213,0.72159,2.00,1.00
2016.01.28 10:20:52.224,0.7213,0.72158,1.00,1.00
2016.01.28 10:20:52.758,0.72129,0.72158,2.00,1.00
2016.01.28 10:20:53.545,0.7213,0.72158,1.00,1.00
2016.01.28 10:20:55.067,0.72129,0.72158,2.00,1.00
2016.01.28 10:20:55.666,0.7213,0.72159,1.00,1.00
2016.01.28 10:20:55.988,0.72128,0.72157,1.00,1.00
2016.01.28 10:20:56.658,0.72131,0.72162,1.00,1.00
2016.01.28 10:20:56.708,0.72133,0.72162,1.00,1.00
2016.01.28 10:20:57.084,0.72135,0.72163,1.00,1.00
2016.01.28 10:20:57.627,0.72135,0.72165,2.00,1.00
2016.01.28 10:20:58.588,0.72135,0.72166,2.00,1.00
2016.01.28 10:20:59.088,0.72135,0.72164,2.00,1.00
2016.01.28 10:20:59.542,0.72135,0.72162,1.00,1.00
2016.01.28 10:20:59.592,0.72133,0.72162,1.00,1.00
2016.01.28 10:21:00.020,0.72131,0.7216,1.00,1.00
2016.01.28 10:21:00.755,0.7213,0.72158,1.00,1.00
2016.01.28 10:21:01.491,0.72129,0.72158,1.00,1.00
2016.01.28 10:21:01.849,0.7213,0.7216,1.00,1.00
2016.01.28 10:21:02.430,0.7213,0.72161,1.00,2.00
2016.01.28 10:21:02.986,0.7213,0.7216,1.00,1.00
2016.01.28 10:21:03.091,0.72128,0.72159,1.00,1.00
2016.01.28 10:21:03.287,0.72128,0.72157,1.00,1.00
2016.01.28 10:21:03.646,0.7213,0.72155,1.00,1.00
2016.01.28 10:21:03.696,0.72128,0.72157,1.00,1.00
2016.01.28 10:21:03.758,0.72128,0.72155,1.00,1.00
2016.01.28 10:21:03.967,0.72126,0.72155,1.00,2.00
2016.01.28 10:21:04.067,0.72124,0.72153,1.00,1.00
2016.01.28 10:21:04.576,0.72121,0.7215,1.00,2.00
2016.01.28 10:21:05.187,0.7212,0.72149,2.00,1.00
2016.01.28 10:21:05.505,0.72124,0.72153,1.00,1.00
2016.01.28 10:21:06.065,0.72125,0.72153,1.00,1.00
2016.01.28 10:21:07.007,0.72126,0.72155,1.00,1.00
2016.01.28 10:21:07.384,0.72129,0.72158,1.00,1.00
2016.01.28 10:21:08.146,0.72127,0.72158,1.00,1.00
2016.01.28 10:21:08.683,0.72129,0.72158,1.00,1.00
2016.01.28 10:21:09.703,0.7213,0.72159,1.00,1.00
2016.01.28 10:21:10.557,0.72128,0.72157,1.00,1.00
2016.01.28 10:21:11.126,0.72129,0.72158,1.00,1.00
2016.01.28 10:21:13.617,0.7213,0.72159,1.00,1.00
2016.01.28 10:21:14.545,0.72128,0.72159,1.00,1.00
2016.01.28 10:21:15.061,0.72128,0.72155,1.00,1.00
2016.01.28 10:21:15.111,0.72126,0.72155,1.00,2.00
2016.01.28 10:21:16.017,0.72127,0.72156,1.00,1.00
2016.01.28 10:21:16.522,0.72128,0.72157,1.00,1.00
2016.01.28 10:21:16.993,0.7213,0.72157,1.00,1.00
2016.01.28 10:21:17.044,0.72132,0.72163,1.00,1.00
2016.01.28 10:21:17.245,0.72134,0.72163,1.00,1.00
2016.01.28 10:21:17.549,0.72137,0.72165,1.00,1.00
2016.01.28 10:21:17.697,0.72135,0.72165,2.00,1.00
2016.01.28 10:21:18.276,0.72135,0.72164,1.00,1.00
2016.01.28 10:21:21.516,0.72136,0.72165,1.00,1.00
2016.01.28 10:21:22.052,0.72135,0.72164,1.00,1.00
2016.01.28 10:21:26.055,0.72138,0.72167,1.00,1.00
2016.01.28 10:21:26.408,0.7214,0.72169,1.00,1.00
2016.01.28 10:21:27.233,0.72141,0.7217,1.00,1.00
2016.01.28 10:21:27.736,0.72142,0.72171,1.00,1.00
2016.01.28 10:21:28.357,0.72142,0.7217,1.00,1.00
2016.01.28 10:21:29.065,0.72138,0.72167,1.00,1.00
2016.01.28 10:21:29.217,0.7214,0.72167,1.00,1.00
2016.01.28 10:21:29.473,0.72136,0.72165,1.00,2.00
2016.01.28 10:21:30.155,0.72135,0.72164,2.00,1.00
2016.01.28 10:21:30.718,0.72135,0.72163,1.00,1.00
2016.01.28 10:21:31.473,0.72136,0.72167,1.00,1.00
2016.01.28 10:21:34.242,0.7214,0.72167,1.00,1.00
2016.01.28 10:21:34.797,0.72136,0.72165,1.00,1.00
2016.01.28 10:21:35.325,0.72135,0.72164,2.00,1.00
2016.01.28 10:21:35.425,0.72135,0.72166,2.00,1.00
2016.01.28 10:21:35.656,0.72139,0.72166,1.00,1.00
2016.01.28 10:21:35.913,0.72135,0.72164,2.00,1.00
2016.01.28 10:21:36.697,0.72135,0.72161,1.00,1.00
2016.01.28 10:21:39.176,0.72135,0.7216,1.00,1.00
2016.01.28 10:21:39.625,0.7213,0.72161,1.00,1.00
2016.01.28 10:21:39.776,0.72135,0.72161,1.00,1.00
2016.01.28 10:21:39.835,0.7213,0.72161,2.00,1.00
2016.01.28 10:21:39.897,0.7213,0.72158,1.00,1.00
2016.01.28 10:21:40.496,0.7213,0.72159,1.00,1.00
2016.01.28 10:21:41.057,0.72129,0.72158,2.00,1.00
2016.01.28 10:21:42.191,0.7213,0.72158,1.00,1.00
2016.01.28 10:21:42.709,0.72128,0.72157,1.00,1.00
2016.01.28 10:21:44.157,0.72126,0.72157,1.00,1.00
2016.01.28 10:21:44.235,0.7213,0.72157,1.00,1.00
2016.01.28 10:21:44.786,0.7213,0.72156,1.00,1.00
2016.01.28 10:21:45.312,0.7213,0.72158,1.00,1.00
2016.01.28 10:21:49.376,0.7213,0.72159,2.00,1.00
2016.01.28 10:21:51.215,0.7213,0.72157,1.00,1.00
2016.01.28 10:21:51.690,0.72124,0.72153,2.00,1.00
2016.01.28 10:21:52.265,0.72125,0.72152,1.00,1.00
2016.01.28 10:21:52.793,0.72124,0.72152,1.00,1.00
2016.01.28 10:21:53.440,0.72125,0.72152,1.00,1.00
2016.01.28 10:21:54.156,0.72124,0.72152,1.00,1.00
2016.01.28 10:21:54.685,0.72125,0.72152,1.00,1.00
2016.01.28 10:21:55.285,0.72124,0.72152,1.00,1.00
2016.01.28 10:21:55.822,0.72125,0.72152,1.00,1.00
2016.01.28 10:21:57.158,0.72124,0.72153,2.00,1.00
2016.01.28 10:21:57.327,0.7213,0.72153,1.00,1.00
2016.01.28 10:21:57.692,0.72124,0.72153,2.00,1.00
2016.01.28 10:21:58.125,0.7213,0.72153,1.00,1.00
2016.01.28 10:21:58.376,0.7213,0.72155,1.00,1.00
2016.01.28 10:21:59.746,0.72126,0.72155,1.00,1.00
2016.01.28 10:22:00.296,0.72129,0.72155,1.00,1.00
2016.01.28 10:22:00.406,0.72126,0.72155,1.00,1.00
2016.01.28 10:22:02.828,0.7213,0.72155,1.00,1.00
2016.01.28 10:22:03.454,0.72125,0.72154,2.00,1.00
2016.01.28 10:22:03.974,0.7213,0.72157,1.00,1.00
2016.01.28 10:22:04.661,0.7213,0.72158,1.00,1.00
2016.01.28 10:22:05.008,0.72135,0.72162,1.00,1.00
2016.01.28 10:22:05.059,0.72133,0.72162,1.00,1.00
2016.01.28 10:22:06.053,0.72134,0.72163,1.00,1.00
2016.01.28 10:22:07.106,0.72133,0.72162,1.00,1.00
2016.01.28 10:22:07.166,0.72131,0.7216,1.00,1.00
2016.01.28 10:22:07.706,0.72129,0.72158,1.00,1.00
2016.01.28 10:22:08.036,0.72127,0.72156,1.00,1.00
2016.01.28 10:22:08.640,0.72129,0.72158,1.00,1.00
2016.01.28 10:22:09.146,0.72128,0.72157,1.00,1.00
2016.01.28 10:22:10.075,0.72126,0.72157,1.00,1.00
2016.01.28 10:22:11.189,0.72128,0.72157,1.00,1.00
2016.01.28 10:22:12.176,0.7213,0.72157,1.00,1.00
2016.01.28 10:22:12.408,0.72128,0.72157,1.00,1.00
2016.01.28 10:22:12.458,0.7213,0.72159,1.00,1.00
2016.01.28 10:22:13.170,0.72131,0.7216,1.00,1.00
2016.01.28 10:22:16.918,0.72132,0.72161,1.00,1.00
2016.01.28 10:22:17.234,0.72134,0.72163,1.00,1.00
2016.01.28 10:22:23.110,0.72133,0.72162,1.00,1.00
2016.01.28 10:22:23.696,0.72132,0.72161,1.00,1.00
2016.01.28 10:22:25.089,0.72132,0.72163,1.00,1.00
2016.01.28 10:22:27.240,0.72135,0.72163,1.00,1.00
2016.01.28 10:22:28.023,0.72135,0.72164,2.00,1.00
2016.01.28 10:22:29.396,0.72136,0.72165,1.00,1.00
2016.01.28 10:22:31.510,0.72135,0.72164,2.00,1.00
2016.01.28 10:22:34.685,0.72136,0.72165,1.00,1.00
2016.01.28 10:22:36.097,0.72134,0.72165,1.00,1.00
2016.01.28 10:22:37.806,0.72135,0.72165,1.00,1.00
2016.01.28 10:22:38.596,0.72135,0.72166,2.00,1.00
2016.01.28 10:22:38.896,0.72137,0.72166,1.00,1.00
2016.01.28 10:22:40.661,0.72136,0.72165,1.00,1.00
2016.01.28 10:22:41.296,0.72135,0.72164,2.00,1.00
2016.01.28 10:22:41.598,0.72131,0.72162,1.00,1.00
2016.01.28 10:22:41.716,0.72131,0.7216,1.00,1.00
2016.01.28 10:22:42.232,0.7213,0.72159,1.00,1.00
2016.01.28 10:22:42.856,0.72129,0.72158,1.00,1.00
2016.01.28 10:22:43.530,0.72128,0.72157,1.00,1.00
2016.01.28 10:22:43.855,0.72126,0.72155,1.00,1.00
2016.01.28 10:22:44.356,0.72125,0.72154,2.00,1.00
2016.01.28 10:22:44.954,0.72122,0.72151,1.00,1.00
2016.01.28 10:22:45.276,0.72125,0.7215,1.00,1.00
2016.01.28 10:22:45.395,0.7212,0.7215,1.00,1.00
2016.01.28 10:22:46.478,0.72121,0.7215,1.00,2.00
2016.01.28 10:22:47.082,0.7212,0.7215,1.00,2.00
2016.01.28 10:22:47.898,0.7212,0.72148,1.00,1.00
2016.01.28 10:22:48.744,0.7212,0.72151,2.00,1.00
2016.01.28 10:22:48.854,0.72122,0.72151,1.00,1.00
2016.01.28 10:22:48.996,0.72122,0.72153,1.00,1.00
2016.01.28 10:22:49.054,0.72125,0.72153,1.00,1.00
2016.01.28 10:22:49.662,0.72125,0.72154,2.00,1.00
2016.01.28 10:22:51.324,0.72125,0.72153,1.00,1.00
2016.01.28 10:22:52.417,0.72131,0.7216,1.00,1.00
2016.01.28 10:22:53.034,0.72129,0.7216,1.00,2.00
2016.01.28 10:22:54.877,0.72132,0.7216,1.00,1.00
2016.01.28 10:22:55.545,0.72132,0.72161,1.00,1.00
2016.01.28 10:23:01.075,0.72129,0.72158,1.00,1.00
2016.01.28 10:23:01.685,0.7213,0.72158,1.00,1.00
2016.01.28 10:23:02.475,0.72129,0.72158,1.00,1.00
2016.01.28 10:23:04.196,0.72127,0.72156,1.00,1.00
2016.01.28 10:23:06.324,0.7213,0.72156,1.00,1.00
2016.01.28 10:23:10.138,0.7213,0.72158,1.00,1.00
2016.01.28 10:23:10.392,0.72132,0.72161,1.00,1.00
2016.01.28 10:23:12.605,0.72133,0.72162,1.00,1.00
2016.01.28 10:23:16.856,0.72134,0.72163,1.00,1.00
2016.01.28 10:23:17.358,0.72132,0.72161,1.00,1.00
2016.01.28 10:23:20.299,0.72132,0.7216,1.00,1.00
2016.01.28 10:23:20.350,0.7213,0.72159,2.00,1.00
2016.01.28 10:23:23.235,0.72131,0.7216,1.00,2.00
2016.01.28 10:23:25.275,0.72133,0.7216,1.00,1.00
2016.01.28 10:23:26.046,0.72134,0.72162,1.00,1.00
2016.01.28 10:23:27.024,0.72134,0.72161,1.00,1.00
2016.01.28 10:23:27.544,0.72132,0.7216,1.00,1.00
2016.01.28 10:23:27.595,0.7213,0.7216,2.00,1.00
2016.01.28 10:23:31.184,0.7213,0.72161,1.00,2.00
2016.01.28 10:23:34.553,0.7213,0.72159,1.00,1.00
2016.01.28 10:23:35.199,0.7213,0.72158,1.00,1.00
2016.01.28 10:23:36.354,0.72129,0.72155,1.00,1.00
2016.01.28 10:23:36.455,0.72126,0.72155,1.00,2.00
2016.01.28 10:23:36.555,0.72124,0.72153,2.00,1.00
2016.01.28 10:23:36.983,0.72125,0.7215,1.00,1.00
2016.01.28 10:23:37.563,0.72124,0.72152,1.00,1.00
2016.01.28 10:23:38.334,0.72125,0.72153,1.00,1.00
2016.01.28 10:23:38.545,0.72126,0.72155,1.00,2.00
2016.01.28 10:23:39.818,0.72125,0.72154,2.00,1.00
2016.01.28 10:23:40.004,0.72125,0.72152,1.00,1.00
2016.01.28 10:23:40.326,0.72125,0.72154,1.00,1.00
2016.01.28 10:23:40.427,0.72128,0.72157,1.00,1.00
2016.01.28 10:23:40.886,0.72131,0.7216,1.00,1.00
2016.01.28 10:23:41.245,0.72131,0.72162,1.00,1.00
2016.01.28 10:23:41.365,0.72131,0.7216,1.00,1.00
2016.01.28 10:23:43.898,0.72133,0.72162,1.00,1.00
2016.01.28 10:23:44.007,0.72131,0.72162,1.00,1.00
2016.01.28 10:23:45.515,0.72134,0.72163,1.00,1.00
2016.01.28 10:23:47.315,0.72135,0.72164,1.00,1.00
2016.01.28 10:23:47.516,0.72135,0.72166,1.00,1.00
2016.01.28 10:23:47.566,0.72138,0.72167,1.00,1.00
2016.01.28 10:23:48.487,0.72137,0.72166,1.00,1.00
2016.01.28 10:23:48.879,0.72139,0.72168,1.00,1.00
2016.01.28 10:23:52.729,0.72142,0.7217,1.00,1.00
2016.01.28 10:23:52.831,0.72144,0.72173,1.00,1.00
2016.01.28 10:23:53.812,0.72143,0.72172,1.00,1.00
2016.01.28 10:23:54.743,0.72143,0.7217,1.00,1.00
2016.01.28 10:23:56.645,0.72144,0.7217,1.00,1.00
2016.01.28 10:23:57.163,0.72145,0.7217,2.00,1.00
2016.01.28 10:23:57.383,0.72145,0.72173,1.00,1.00
2016.01.28 10:23:57.842,0.72145,0.72175,2.00,1.00
2016.01.28 10:23:58.155,0.7215,0.72175,1.00,1.00
2016.01.28 10:23:58.888,0.72149,0.72176,1.00,1.00
2016.01.28 10:23:59.064,0.72151,0.7218,1.00,2.00
2016.01.28 10:23:59.174,0.72151,0.72175,1.00,1.00
2016.01.28 10:23:59.525,0.72154,0.72175,1.00,1.00
2016.01.28 10:24:00.243,0.72154,0.72183,1.00,1.00
2016.01.28 10:24:00.307,0.72156,0.72185,1.00,2.00
2016.01.28 10:24:00.817,0.72157,0.72185,1.00,1.00
2016.01.28 10:24:01.312,0.72157,0.7218,1.00,1.00
2016.01.28 10:24:01.362,0.72155,0.7218,1.00,1.00
2016.01.28 10:24:02.094,0.72155,0.72181,1.00,1.00
2016.01.28 10:24:04.623,0.72155,0.7218,1.00,1.00
2016.01.28 10:24:06.792,0.72155,0.72181,1.00,1.00
2016.01.28 10:24:07.035,0.72153,0.72181,1.00,1.00
2016.01.28 10:24:07.732,0.72153,0.7218,1.00,1.00
2016.01.28 10:24:08.394,0.72155,0.72184,1.00,1.00
2016.01.28 10:24:09.419,0.7215,0.72176,1.00,1.00
2016.01.28 10:24:09.713,0.72146,0.72175,1.00,1.00
2016.01.28 10:24:10.235,0.72147,0.72175,1.00,1.00
2016.01.28 10:24:10.635,0.72144,0.72175,1.00,1.00
2016.01.28 10:24:10.695,0.72146,0.72175,1.00,1.00
2016.01.28 10:24:11.295,0.72147,0.72175,1.00,1.00
2016.01.28 10:24:11.577,0.7215,0.72179,1.00,1.00
2016.01.28 10:24:11.683,0.7215,0.72175,1.00,1.00
2016.01.28 10:24:12.232,0.72149,0.72175,1.00,1.00
2016.01.28 10:24:12.851,0.72146,0.72171,1.00,1.00
2016.01.28 10:24:13.423,0.72145,0.7217,1.00,1.00
2016.01.28 10:24:14.967,0.72145,0.72165,1.00,1.00
2016.01.28 10:24:15.017,0.72142,0.72165,1.00,1.00
2016.01.28 10:24:15.135,0.72139,0.72165,1.00,1.00
2016.01.28 10:24:15.508,0.72139,0.7217,1.00,1.00
2016.01.28 10:24:18.613,0.72138,0.72165,1.00,1.00
2016.01.28 10:24:18.685,0.72136,0.72165,1.00,1.00
2016.01.28 10:24:18.848,0.72136,0.7216,1.00,1.00
2016.01.28 10:24:18.948,0.72134,0.72161,1.00,1.00
2016.01.28 10:24:19.451,0.72132,0.7216,1.00,1.00
2016.01.28 10:24:19.502,0.7213,0.72159,1.00,1.00
2016.01.28 10:24:19.585,0.7213,0.7215,1.00,1.00
2016.01.28 10:24:19.686,0.72128,0.7215,1.00,1.00
2016.01.28 10:24:19.957,0.72124,0.72155,1.00,2.00
2016.01.28 10:24:20.453,0.72124,0.7215,1.00,1.00
2016.01.28 10:24:21.096,0.72125,0.7215,1.00,1.00
2016.01.28 10:24:21.501,0.72123,0.7215,1.00,1.00
2016.01.28 10:24:21.864,0.72121,0.7215,1.00,2.00
2016.01.28 10:24:22.504,0.7212,0.72145,1.00,1.00
2016.01.28 10:24:23.899,0.72118,0.72145,1.00,1.00
2016.01.28 10:24:24.314,0.72118,0.72149,1.00,1.00
2016.01.28 10:24:24.364,0.7212,0.72149,1.00,1.00
2016.01.28 10:24:24.911,0.72122,0.7215,1.00,1.00
2016.01.28 10:24:25.235,0.72119,0.72145,1.00,1.00
2016.01.28 10:24:25.593,0.72116,0.72145,1.00,1.00
2016.01.28 10:24:26.842,0.72116,0.7214,1.00,1.00
2016.01.28 10:24:27.003,0.72113,0.7214,1.00,1.00
2016.01.28 10:24:27.666,0.72111,0.72141,1.00,1.00
2016.01.28 10:24:27.717,0.72113,0.72141,1.00,1.00
2016.01.28 10:24:27.834,0.72114,0.72143,1.00,1.00
2016.01.28 10:24:28.342,0.72115,0.72144,1.00,1.00
2016.01.28 10:24:28.827,0.72115,0.72141,1.00,1.00
2016.01.28 10:24:28.877,0.72113,0.72141,1.00,1.00
2016.01.28 10:24:29.435,0.72114,0.7214,1.00,1.00
2016.01.28 10:24:29.536,0.72112,0.7214,1.00,1.00
2016.01.28 10:24:30.355,0.72114,0.7214,1.00,1.00
2016.01.28 10:24:31.813,0.72114,0.72141,1.00,1.00
2016.01.28 10:24:31.863,0.72111,0.7214,1.00,1.00
2016.01.28 10:24:31.964,0.72109,0.7214,1.00,2.00
2016.01.28 10:24:32.364,0.72111,0.7214,1.00,2.00
2016.01.28 10:24:32.692,0.72114,0.72143,1.00,1.00
2016.01.28 10:24:33.410,0.72107,0.72135,1.00,1.00
2016.01.28 10:24:34.195,0.72108,0.72135,1.00,1.00
2016.01.28 10:24:35.534,0.72108,0.72136,1.00,1.00
2016.01.28 10:24:35.924,0.7211,0.72135,1.00,1.00
2016.01.28 10:24:35.974,0.7211,0.7214,1.00,1.00
2016.01.28 10:24:36.193,0.7211,0.72135,1.00,1.00
2016.01.28 10:24:36.525,0.72111,0.7214,1.00,1.00
2016.01.28 10:24:36.812,0.72113,0.7214,1.00,1.00
2016.01.28 10:24:39.295,0.72112,0.7214,1.00,1.00
2016.01.28 10:24:40.972,0.72111,0.72136,1.00,1.00
2016.01.28 10:24:42.042,0.72108,0.72135,1.00,1.00
2016.01.28 10:24:42.522,0.72106,0.72135,1.00,2.00
2016.01.28 10:24:42.702,0.72108,0.72135,1.00,1.00
2016.01.28 10:24:42.803,0.72108,0.72139,1.00,1.00
2016.01.28 10:24:42.922,0.72108,0.72136,1.00,1.00
2016.01.28 10:24:43.012,0.72108,0.72139,1.00,1.00
2016.01.28 10:24:43.945,0.72107,0.72138,1.00,1.00
2016.01.28 10:24:44.003,0.72107,0.7213,1.00,1.00
2016.01.28 10:24:44.054,0.72105,0.7213,1.00,1.00
2016.01.28 10:24:44.154,0.72103,0.7213,1.00,1.00
2016.01.28 10:24:44.266,0.721,0.7213,1.00,1.00
2016.01.28 10:24:44.931,0.721,0.72129,1.00,1.00
2016.01.28 10:24:45.214,0.721,0.72125,1.00,1.00
2016.01.28 10:24:45.652,0.721,0.72129,1.00,1.00
2016.01.28 10:24:47.304,0.72099,0.72128,1.00,1.00
2016.01.28 10:24:48.072,0.72099,0.72125,1.00,1.00
2016.01.28 10:24:48.533,0.72101,0.72125,1.00,1.00
2016.01.28 10:24:49.181,0.72101,0.7213,1.00,2.00
2016.01.28 10:24:49.332,0.72103,0.7213,1.00,1.00
2016.01.28 10:24:50.634,0.72103,0.72125,1.00,1.00
2016.01.28 10:24:50.685,0.72097,0.7212,1.00,1.00
2016.01.28 10:24:50.785,0.72094,0.72121,1.00,1.00
2016.01.28 10:24:50.836,0.72094,0.72115,1.00,1.00
2016.01.28 10:24:50.904,0.72092,0.72115,1.00,1.00
2016.01.28 10:24:52.064,0.72092,0.72116,1.00,1.00
2016.01.28 10:24:52.272,0.72092,0.7212,1.00,1.00
2016.01.28 10:24:53.012,0.72092,0.72121,1.00,1.00
2016.01.28 10:24:53.572,0.72092,0.7212,1.00,1.00
2016.01.28 10:24:53.702,0.72092,0.72116,1.00,1.00
2016.01.28 10:24:53.802,0.7209,0.72116,1.00,1.00
2016.01.28 10:24:53.953,0.72089,0.7211,1.00,1.00
2016.01.28 10:24:54.284,0.72088,0.72115,1.00,1.00
2016.01.28 10:24:54.792,0.7209,0.72115,1.00,1.00
2016.01.28 10:24:55.464,0.72089,0.72115,1.00,1.00
2016.01.28 10:24:56.242,0.72089,0.7211,1.00,1.00
2016.01.28 10:24:56.355,0.72089,0.72115,1.00,1.00
2016.01.28 10:24:57.012,0.72089,0.72116,1.00,1.00
2016.01.28 10:24:57.233,0.72088,0.7211,1.00,1.00
2016.01.28 10:24:57.414,0.72086,0.7211,1.00,1.00
2016.01.28 10:24:57.914,0.72084,0.72105,1.00,1.00
2016.01.28 10:25:01.191,0.72084,0.72106,1.00,1.00
2016.01.28 10:25:01.523,0.72084,0.7211,1.00,1.00
2016.01.28 10:25:02.523,0.72084,0.72105,1.00,1.00
2016.01.28 10:25:03.837,0.72084,0.7211,1.00,1.00
2016.01.28 10:25:03.887,0.72086,0.7211,1.00,1.00
2016.01.28 10:25:04.485,0.72084,0.7211,1.00,1.00
2016.01.28 10:25:04.703,0.72082,0.7211,1.00,1.00
2016.01.28 10:25:04.754,0.72081,0.72105,1.00,1.00
2016.01.28 10:25:04.804,0.72079,0.72105,1.00,1.00
2016.01.28 10:25:04.970,0.7208,0.7211,1.00,1.00
2016.01.28 10:25:05.026,0.72082,0.7211,1.00,1.00
2016.01.28 10:25:05.529,0.72083,0.7211,1.00,1.00
2016.01.28 10:25:08.182,0.72086,0.7211,1.00,1.00
2016.01.28 10:25:09.884,0.72086,0.72111,1.00,1.00
2016.01.28 10:25:10.433,0.72086,0.7211,1.00,1.00
2016.01.28 10:25:11.643,0.72086,0.72115,1.00,1.00
2016.01.28 10:25:11.693,0.72089,0.72115,1.00,1.00
2016.01.28 10:25:12.344,0.7209,0.72115,1.00,1.00
2016.01.28 10:25:13.522,0.72091,0.72115,1.00,1.00
2016.01.28 10:25:14.024,0.72092,0.72116,1.00,1.00
2016.01.28 10:25:14.075,0.72092,0.7212,1.00,1.00
2016.01.28 10:25:14.325,0.72093,0.72115,1.00,1.00
2016.01.28 10:25:17.913,0.72093,0.72121,1.00,1.00
2016.01.28 10:25:20.139,0.72095,0.72121,1.00,1.00
2016.01.28 10:25:21.212,0.72095,0.7212,1.00,1.00
2016.01.28 10:25:21.992,0.72095,0.72121,1.00,1.00
2016.01.28 10:25:23.534,0.72096,0.72125,1.00,2.00
2016.01.28 10:25:24.040,0.72095,0.72125,1.00,1.00
2016.01.28 10:25:29.472,0.72098,0.72127,1.00,1.00
2016.01.28 10:25:30.082,0.72099,0.72128,1.00,1.00
2016.01.28 10:25:30.601,0.72098,0.72127,1.00,1.00
2016.01.28 10:25:30.976,0.72097,0.72125,1.00,1.00
2016.01.28 10:25:32.196,0.72097,0.72126,1.00,1.00
2016.01.28 10:25:32.957,0.72097,0.72125,1.00,1.00
2016.01.28 10:25:33.654,0.72097,0.72126,1.00,1.00
2016.01.28 10:25:34.445,0.72095,0.72126,1.00,1.00
2016.01.28 10:25:34.993,0.72095,0.72125,1.00,1.00
2016.01.28 10:25:37.469,0.72094,0.72125,1.00,2.00
2016.01.28 10:25:38.263,0.72094,0.7212,1.00,1.00
2016.01.28 10:25:40.345,0.72094,0.72121,1.00,1.00
2016.01.28 10:25:40.904,0.72094,0.7212,1.00,1.00
2016.01.28 10:25:43.652,0.72094,0.72121,1.00,1.00
2016.01.28 10:25:43.985,0.72098,0.7212,1.00,1.00
2016.01.28 10:25:44.105,0.72099,0.72125,1.00,1.00
2016.01.28 10:25:44.156,0.72097,0.72125,1.00,1.00
2016.01.28 10:25:44.733,0.72098,0.72125,1.00,1.00
2016.01.28 10:25:45.422,0.72097,0.72125,1.00,1.00
2016.01.28 10:25:46.275,0.72095,0.72125,1.00,1.00
2016.01.28 10:25:46.325,0.72095,0.7212,1.00,1.00
2016.01.28 10:25:46.863,0.72094,0.7212,1.00,1.00
2016.01.28 10:25:47.211,0.72096,0.72115,1.00,1.00
2016.01.28 10:25:47.721,0.72095,0.72115,1.00,1.00
2016.01.28 10:25:47.993,0.72093,0.72115,1.00,1.00
2016.01.28 10:25:48.511,0.72092,0.72115,1.00,1.00
2016.01.28 10:25:49.047,0.72091,0.72115,1.00,1.00
2016.01.28 10:25:51.903,0.72091,0.72116,1.00,1.00
2016.01.28 10:25:52.053,0.72093,0.72116,1.00,1.00
2016.01.28 10:25:52.123,0.72093,0.7212,1.00,1.00
2016.01.28 10:25:52.225,0.72095,0.7212,1.00,1.00
2016.01.28 10:25:54.348,0.72097,0.7212,1.00,1.00
2016.01.28 10:25:56.425,0.72095,0.7212,1.00,1.00
2016.01.28 10:25:56.485,0.72093,0.7212,1.00,1.00
2016.01.28 10:25:57.162,0.72092,0.72121,1.00,2.00
2016.01.28 10:25:57.826,0.72092,0.7212,1.00,1.00
2016.01.28 10:25:58.189,0.72089,0.72116,1.00,1.00
2016.01.28 10:25:58.239,0.7209,0.72118,1.00,1.00
2016.01.28 10:25:58.290,0.72091,0.7212,1.00,2.00
2016.01.28 10:25:58.340,0.72091,0.72115,1.00,1.00
2016.01.28 10:25:58.514,0.72085,0.72115,1.00,1.00
2016.01.28 10:25:58.564,0.72095,0.7212,1.00,1.00
2016.01.28 10:25:59.255,0.72095,0.72121,1.00,1.00
2016.01.28 10:25:59.913,0.72095,0.7212,1.00,1.00
2016.01.28 10:26:00.732,0.72095,0.72115,1.00,1.00
2016.01.28 10:26:00.782,0.72093,0.72115,1.00,1.00
2016.01.28 10:26:01.112,0.72091,0.72115,1.00,1.00
2016.01.28 10:26:01.254,0.72089,0.72115,1.00,1.00
2016.01.28 10:26:04.553,0.7209,0.72115,1.00,1.00
2016.01.28 10:26:04.780,0.72092,0.72115,1.00,1.00
2016.01.28 10:26:04.974,0.7209,0.72115,2.00,1.00
2016.01.28 10:26:07.791,0.7209,0.72116,1.00,1.00
2016.01.28 10:26:08.348,0.7209,0.72115,1.00,1.00
2016.01.28 10:26:10.222,0.72091,0.72115,1.00,1.00
2016.01.28 10:26:10.355,0.72089,0.72115,1.00,1.00
2016.01.28 10:26:10.513,0.72093,0.72116,1.00,1.00
2016.01.28 10:26:10.664,0.72093,0.7212,1.00,1.00
2016.01.28 10:26:10.915,0.72095,0.7212,1.00,1.00
2016.01.28 10:26:11.514,0.72095,0.72121,1.00,1.00
2016.01.28 10:26:13.272,0.72095,0.7212,1.00,1.00
2016.01.28 10:26:13.494,0.72097,0.72125,1.00,1.00
2016.01.28 10:26:16.895,0.72096,0.72125,1.00,2.00
2016.01.28 10:26:19.214,0.72096,0.7212,1.00,1.00
2016.01.28 10:26:19.777,0.72095,0.7212,1.00,1.00
2016.01.28 10:26:20.490,0.72095,0.72121,1.00,1.00
2016.01.28 10:26:22.784,0.72096,0.72121,1.00,1.00
2016.01.28 10:26:23.347,0.72096,0.7212,1.00,1.00
2016.01.28 10:26:23.942,0.72096,0.72125,1.00,2.00
2016.01.28 10:26:24.044,0.72094,0.72125,1.00,2.00
2016.01.28 10:26:25.164,0.72096,0.72125,1.00,2.00
2016.01.28 10:26:26.024,0.72097,0.72125,1.00,1.00
2016.01.28 10:26:26.744,0.72095,0.72124,2.00,1.00
2016.01.28 10:26:32.193,0.72095,0.7212,1.00,1.00
2016.01.28 10:26:32.352,0.72093,0.7212,1.00,1.00
2016.01.28 10:26:33.081,0.7209,0.72119,1.00,1.00
2016.01.28 10:26:33.132,0.72088,0.72117,1.00,1.00
2016.01.28 10:26:33.474,0.72094,0.72123,1.00,1.00
2016.01.28 10:26:33.534,0.72092,0.72123,1.00,1.00
2016.01.28 10:26:33.594,0.72094,0.72125,1.00,1.00
2016.01.28 10:26:34.314,0.72094,0.72123,1.00,1.00
2016.01.28 10:26:34.848,0.72093,0.7212,1.00,1.00
2016.01.28 10:26:34.977,0.72091,0.7212,1.00,2.00
2016.01.28 10:26:35.160,0.7209,0.72115,1.00,1.00
2016.01.28 10:26:35.210,0.72088,0.72116,1.00,1.00
2016.01.28 10:26:35.432,0.72086,0.72115,1.00,1.00
2016.01.28 10:26:36.547,0.72088,0.72115,1.00,1.00
2016.01.28 10:26:36.931,0.72088,0.7211,1.00,1.00
2016.01.28 10:26:37.194,0.72086,0.7211,1.00,1.00
2016.01.28 10:26:37.471,0.72085,0.72114,2.00,1.00
2016.01.28 10:26:38.024,0.72085,0.72111,1.00,1.00
2016.01.28 10:26:38.587,0.72084,0.72111,1.00,1.00
2016.01.28 10:26:39.342,0.72084,0.7211,1.00,1.00
2016.01.28 10:26:39.503,0.72081,0.7211,1.00,1.00
2016.01.28 10:26:40.021,0.7208,0.72109,2.00,1.00
2016.01.28 10:26:40.976,0.72082,0.72111,1.00,2.00
2016.01.28 10:26:41.497,0.72081,0.7211,1.00,2.00
2016.01.28 10:26:41.901,0.72079,0.72108,1.00,1.00
2016.01.28 10:26:42.952,0.72077,0.72108,1.00,1.00
2016.01.28 10:26:44.066,0.72077,0.72106,1.00,1.00
2016.01.28 10:26:44.167,0.72075,0.72106,1.00,2.00
2016.01.28 10:26:44.809,0.72075,0.72105,1.00,1.00
2016.01.28 10:26:46.051,0.72075,0.72106,1.00,1.00
2016.01.28 10:26:46.641,0.72074,0.72105,1.00,2.00
2016.01.28 10:26:47.489,0.72074,0.721,1.00,1.00
2016.01.28 10:26:47.539,0.72073,0.72104,1.00,1.00
2016.01.28 10:26:47.664,0.72075,0.72105,1.00,1.00
2016.01.28 10:26:48.192,0.72076,0.72105,1.00,1.00
2016.01.28 10:26:48.760,0.72075,0.72104,1.00,1.00
2016.01.28 10:26:49.143,0.72075,0.721,1.00,1.00
2016.01.28 10:26:49.194,0.72072,0.721,1.00,1.00
2016.01.28 10:26:49.345,0.72069,0.72098,1.00,1.00
2016.01.28 10:26:50.064,0.72068,0.72097,1.00,1.00
2016.01.28 10:26:50.981,0.72067,0.72096,1.00,1.00
2016.01.28 10:26:52.010,0.72067,0.72095,1.00,1.00
2016.01.28 10:26:52.551,0.72067,0.72096,1.00,1.00
2016.01.28 10:26:52.661,0.7207,0.721,1.00,2.00
2016.01.28 10:26:53.009,0.72077,0.72105,1.00,1.00
2016.01.28 10:26:53.354,0.72077,0.72108,1.00,1.00
2016.01.28 10:26:54.344,0.72078,0.72109,1.00,1.00
2016.01.28 10:26:54.501,0.72078,0.72107,1.00,1.00
2016.01.28 10:26:54.840,0.72072,0.72103,1.00,1.00
2016.01.28 10:26:54.891,0.72072,0.72101,1.00,1.00
2016.01.28 10:26:55.004,0.72072,0.72103,1.00,1.00
2016.01.28 10:26:55.055,0.72076,0.72105,1.00,2.00
2016.01.28 10:26:56.181,0.72076,0.721,1.00,1.00
2016.01.28 10:26:56.842,0.72076,0.72105,1.00,2.00
2016.01.28 10:26:57.256,0.72074,0.72105,1.00,1.00
2016.01.28 10:26:57.842,0.72074,0.721,1.00,1.00
2016.01.28 10:26:58.433,0.72073,0.721,1.00,1.00
2016.01.28 10:26:59.243,0.7207,0.72096,1.00,1.00
2016.01.28 10:26:59.618,0.72068,0.72095,1.00,1.00
2016.01.28 10:26:59.721,0.72068,0.72097,1.00,1.00
2016.01.28 10:27:00.249,0.72068,0.72095,1.00,1.00
2016.01.28 10:27:00.794,0.72066,0.72095,1.00,1.00
2016.01.28 10:27:00.962,0.72064,0.72093,1.00,1.00
2016.01.28 10:27:01.601,0.72062,0.7209,1.00,1.00
2016.01.28 10:27:03.254,0.72063,0.7209,1.00,1.00
2016.01.28 10:27:03.858,0.72064,0.7209,1.00,1.00
2016.01.28 10:27:04.541,0.72064,0.72091,1.00,1.00
2016.01.28 10:27:05.302,0.72064,0.7209,1.00,1.00
2016.01.28 10:27:05.353,0.72062,0.7209,1.00,1.00
2016.01.28 10:27:09.604,0.7206,0.72089,1.00,1.00
2016.01.28 10:27:12.284,0.7206,0.72085,1.00,1.00
2016.01.28 10:27:15.432,0.7206,0.72089,1.00,1.00
2016.01.28 10:27:15.604,0.72062,0.7209,1.00,1.00
2016.01.28 10:27:16.028,0.72064,0.72091,1.00,1.00
2016.01.28 10:27:16.593,0.72063,0.72091,1.00,1.00
2016.01.28 10:27:17.471,0.72063,0.7209,1.00,1.00
2016.01.28 10:27:17.960,0.72062,0.72085,1.00,1.00
2016.01.28 10:27:18.010,0.7206,0.72085,1.00,1.00
2016.01.28 10:27:18.643,0.7206,0.72086,1.00,1.00
2016.01.28 10:27:21.153,0.7206,0.72089,1.00,1.00
2016.01.28 10:27:21.260,0.72063,0.72091,1.00,1.00
2016.01.28 10:27:21.840,0.72063,0.7209,1.00,1.00
2016.01.28 10:27:22.907,0.72061,0.7209,1.00,2.00
2016.01.28 10:27:23.365,0.7206,0.72085,1.00,1.00
2016.01.28 10:27:24.722,0.72059,0.72085,1.00,1.00
2016.01.28 10:27:26.198,0.72056,0.72085,1.00,2.00
2016.01.28 10:27:26.349,0.72054,0.7208,1.00,1.00
2016.01.28 10:27:27.138,0.72052,0.7208,1.00,1.00
2016.01.28 10:27:27.784,0.7205,0.72075,1.00,1.00
2016.01.28 10:27:28.083,0.7205,0.72079,1.00,1.00
2016.01.28 10:27:28.190,0.7205,0.72076,1.00,1.00
2016.01.28 10:27:28.760,0.7205,0.72075,1.00,1.00
2016.01.28 10:27:30.610,0.7205,0.72076,1.00,1.00
2016.01.28 10:27:31.160,0.7205,0.72079,1.00,1.00
2016.01.28 10:27:31.322,0.72048,0.72079,1.00,1.00
2016.01.28 10:27:31.372,0.7205,0.72079,1.00,1.00
2016.01.28 10:27:32.700,0.7205,0.72075,1.00,1.00
2016.01.28 10:27:32.800,0.72048,0.72075,1.00,1.00
2016.01.28 10:27:35.341,0.72048,0.7207,1.00,1.00
2016.01.28 10:27:36.744,0.72047,0.7207,1.00,1.00
2016.01.28 10:27:36.983,0.72045,0.7207,1.00,1.00
2016.01.28 10:27:37.268,0.72042,0.7207,1.00,1.00
2016.01.28 10:27:37.523,0.7204,0.7207,1.00,1.00
2016.01.28 10:27:37.825,0.72042,0.7207,1.00,1.00
2016.01.28 10:27:39.483,0.72041,0.7207,1.00,2.00
2016.01.28 10:27:40.284,0.72042,0.7207,1.00,1.00
2016.01.28 10:27:40.841,0.72042,0.72071,1.00,2.00
2016.01.28 10:27:41.827,0.72042,0.7207,1.00,1.00
2016.01.28 10:27:44.303,0.7204,0.72069,1.00,1.00
2016.01.28 10:27:44.910,0.7204,0.72066,1.00,1.00
2016.01.28 10:27:45.490,0.7204,0.72065,1.00,1.00
2016.01.28 10:27:45.874,0.72037,0.7206,1.00,1.00
2016.01.28 10:27:46.034,0.72037,0.72065,1.00,1.00
2016.01.28 10:27:46.891,0.72037,0.7206,1.00,1.00
2016.01.28 10:27:49.862,0.72037,0.72066,1.00,2.00
2016.01.28 10:27:50.269,0.72039,0.72065,1.00,1.00
2016.01.28 10:27:51.863,0.72039,0.72061,1.00,1.00
2016.01.28 10:27:51.914,0.72035,0.72061,1.00,1.00
2016.01.28 10:27:52.014,0.72032,0.7206,1.00,1.00
2016.01.28 10:27:52.727,0.72035,0.72061,1.00,1.00
2016.01.28 10:27:52.829,0.72037,0.72065,1.00,1.00
2016.01.28 10:27:52.893,0.72035,0.72062,1.00,1.00
2016.01.28 10:27:53.493,0.72035,0.72063,1.00,1.00
2016.01.28 10:27:54.213,0.72035,0.72062,1.00,1.00
2016.01.28 10:27:55.435,0.72035,0.72063,1.00,1.00
2016.01.28 10:27:55.754,0.7204,0.72065,1.00,1.00
2016.01.28 10:27:58.444,0.72035,0.72065,1.00,2.00
2016.01.28 10:27:58.879,0.7204,0.72065,1.00,2.00
2016.01.28 10:28:00.531,0.72039,0.72065,1.00,1.00
2016.01.28 10:28:01.223,0.7204,0.72065,1.00,1.00
2016.01.28 10:28:01.748,0.7204,0.72066,1.00,1.00
2016.01.28 10:28:02.320,0.7204,0.72065,1.00,1.00
2016.01.28 10:28:02.732,0.72035,0.72065,1.00,2.00
2016.01.28 10:28:03.742,0.72034,0.72062,1.00,1.00
2016.01.28 10:28:03.881,0.72032,0.72061,1.00,1.00
2016.01.28 10:28:04.073,0.7203,0.72061,2.00,1.00
2016.01.28 10:28:04.713,0.72031,0.7206,1.00,1.00
2016.01.28 10:28:04.954,0.72034,0.72063,1.00,1.00
2016.01.28 10:28:05.619,0.72035,0.72063,1.00,1.00
2016.01.28 10:28:05.919,0.7203,0.72059,2.00,1.00
2016.01.28 10:28:06.197,0.72032,0.7206,1.00,1.00
2016.01.28 10:28:06.410,0.72035,0.72064,1.00,1.00
2016.01.28 10:28:06.960,0.72034,0.72063,1.00,1.00
2016.01.28 10:28:07.779,0.72035,0.72064,1.00,1.00
2016.01.28 10:28:08.669,0.72039,0.72064,1.00,1.00
2016.01.28 10:28:11.090,0.7204,0.72064,1.00,1.00
2016.01.28 10:28:14.720,0.72039,0.72064,1.00,1.00
2016.01.28 10:28:15.600,0.72035,0.72064,1.00,1.00
2016.01.28 10:28:17.057,0.7204,0.72064,1.00,1.00
2016.01.28 10:28:17.288,0.72035,0.72064,1.00,1.00
2016.01.28 10:28:17.910,0.72036,0.72065,1.00,1.00
2016.01.28 10:28:18.129,0.7204,0.72065,1.00,2.00
2016.01.28 10:28:18.241,0.72036,0.72065,1.00,2.00
2016.01.28 10:28:18.765,0.7204,0.72065,1.00,2.00
2016.01.28 10:28:18.901,0.72036,0.72065,1.00,1.00
2016.01.28 10:28:19.410,0.72035,0.72064,1.00,1.00
2016.01.28 10:28:19.999,0.7204,0.72064,1.00,1.00
2016.01.28 10:28:20.120,0.72035,0.72064,2.00,1.00
2016.01.28 10:28:22.429,0.7204,0.72064,1.00,1.00
2016.01.28 10:28:22.719,0.72035,0.72065,2.00,1.00
2016.01.28 10:28:23.299,0.7204,0.72066,1.00,1.00
2016.01.28 10:28:24.079,0.72035,0.72065,2.00,1.00
2016.01.28 10:28:24.180,0.7204,0.72066,1.00,1.00
2016.01.28 10:28:24.420,0.72035,0.72065,2.00,1.00
2016.01.28 10:28:24.620,0.7204,0.72066,1.00,1.00
2016.01.28 10:28:24.740,0.72035,0.72065,2.00,1.00
2016.01.28 10:28:25.244,0.72035,0.72064,1.00,1.00
2016.01.28 10:28:25.400,0.72033,0.72064,1.00,1.00
2016.01.28 10:28:28.333,0.72033,0.72062,1.00,1.00
2016.01.28 10:28:28.676,0.72035,0.72064,1.00,1.00
2016.01.28 10:28:29.004,0.7204,0.72066,1.00,1.00
2016.01.28 10:28:29.569,0.72039,0.72066,1.00,1.00
2016.01.28 10:28:29.893,0.7204,0.72063,1.00,1.00
2016.01.28 10:28:29.943,0.72032,0.7206,1.00,1.00
2016.01.28 10:28:30.201,0.7203,0.7206,1.00,1.00
2016.01.28 10:28:30.256,0.72029,0.72058,1.00,1.00
2016.01.28 10:28:30.974,0.72028,0.72057,1.00,1.00
2016.01.28 10:28:34.429,0.72027,0.72056,1.00,1.00
2016.01.28 10:28:34.935,0.72026,0.72055,1.00,1.00
2016.01.28 10:28:35.268,0.72027,0.72058,1.00,1.00
2016.01.28 10:28:36.459,0.72029,0.72058,1.00,1.00
2016.01.28 10:28:38.751,0.7203,0.72059,1.00,1.00
2016.01.28 10:28:39.321,0.72031,0.7206,1.00,1.00
2016.01.28 10:28:39.935,0.7203,0.72059,2.00,1.00
2016.01.28 10:28:40.762,0.7203,0.72058,1.00,1.00
2016.01.28 10:28:41.714,0.7203,0.72059,2.00,1.00
2016.01.28 10:28:42.630,0.72033,0.7206,1.00,1.00
2016.01.28 10:28:42.680,0.72033,0.72062,1.00,1.00
2016.01.28 10:28:42.730,0.72035,0.72064,1.00,1.00
2016.01.28 10:28:43.034,0.72032,0.7206,1.00,1.00
2016.01.28 10:28:43.564,0.72031,0.7206,1.00,2.00
2016.01.28 10:28:44.842,0.72032,0.7206,1.00,1.00
2016.01.28 10:28:45.489,0.72033,0.7206,1.00,1.00
2016.01.28 10:28:45.984,0.72035,0.7206,1.00,1.00
2016.01.28 10:28:46.179,0.72032,0.7206,1.00,1.00
2016.01.28 10:28:46.289,0.72034,0.72061,1.00,1.00
2016.01.28 10:28:46.999,0.72035,0.72061,1.00,1.00
2016.01.28 10:28:48.489,0.72035,0.72064,2.00,1.00
2016.01.28 10:28:50.861,0.72037,0.72065,1.00,1.00
2016.01.28 10:28:51.241,0.72039,0.72065,1.00,1.00
2016.01.28 10:28:51.898,0.72039,0.72066,1.00,1.00
2016.01.28 10:28:52.456,0.72038,0.72065,1.00,1.00
2016.01.28 10:28:53.658,0.72038,0.72066,1.00,1.00
2016.01.28 10:28:53.732,0.72036,0.72065,1.00,1.00
2016.01.28 10:28:54.239,0.72035,0.72064,1.00,1.00
2016.01.28 10:28:54.540,0.72035,0.7206,1.00,1.00
2016.01.28 10:28:56.628,0.72033,0.7206,1.00,1.00
2016.01.28 10:28:56.958,0.72035,0.7206,1.00,1.00
2016.01.28 10:28:57.178,0.72033,0.72061,1.00,1.00
2016.01.28 10:28:58.499,0.72033,0.7206,1.00,1.00
2016.01.28 10:28:58.745,0.7203,0.7206,2.00,1.00
2016.01.28 10:28:59.160,0.7203,0.72055,2.00,1.00
2016.01.28 10:29:00.642,0.72028,0.72059,1.00,1.00
2016.01.28 10:29:02.983,0.72028,0.72057,1.00,1.00
2016.01.28 10:29:03.658,0.72028,0.72056,1.00,1.00
2016.01.28 10:29:04.462,0.72028,0.72055,1.00,1.00
2016.01.28 10:29:04.871,0.72025,0.72054,1.00,1.00
2016.01.28 10:29:04.987,0.72023,0.72054,1.00,1.00
2016.01.28 10:29:05.203,0.72023,0.72052,1.00,1.00
2016.01.28 10:29:05.746,0.72022,0.7205,1.00,1.00
2016.01.28 10:29:06.310,0.72022,0.72051,1.00,1.00
2016.01.28 10:29:06.361,0.72023,0.72054,1.00,1.00
2016.01.28 10:29:06.411,0.72025,0.72054,1.00,1.00
2016.01.28 10:29:06.904,0.72027,0.72055,1.00,1.00
2016.01.28 10:29:08.812,0.72026,0.72055,1.00,1.00
2016.01.28 10:29:09.127,0.72022,0.72053,1.00,1.00
2016.01.28 10:29:10.160,0.72024,0.72053,1.00,1.00
2016.01.28 10:29:10.652,0.72026,0.72055,1.00,1.00
2016.01.28 10:29:14.434,0.72025,0.72054,1.00,1.00
2016.01.28 10:29:21.272,0.7202,0.7205,1.00,1.00
2016.01.28 10:29:21.919,0.72019,0.7205,1.00,1.00
2016.01.28 10:29:21.969,0.72019,0.72045,1.00,1.00
2016.01.28 10:29:22.480,0.72018,0.72045,1.00,1.00
2016.01.28 10:29:22.588,0.72016,0.72045,1.00,2.00
2016.01.28 10:29:22.963,0.72013,0.7204,1.00,1.00
2016.01.28 10:29:23.473,0.72012,0.72041,1.00,2.00
2016.01.28 10:29:24.162,0.72012,0.7204,1.00,1.00
2016.01.28 10:29:24.619,0.72013,0.72042,1.00,1.00
2016.01.28 10:29:24.669,0.72015,0.72044,1.00,1.00
2016.01.28 10:29:25.397,0.72016,0.72045,1.00,2.00
2016.01.28 10:29:26.612,0.72016,0.72046,1.00,1.00
2016.01.28 10:29:27.138,0.72017,0.72046,1.00,1.00
2016.01.28 10:29:27.749,0.72017,0.72045,1.00,1.00
2016.01.28 10:29:28.390,0.72017,0.72046,1.00,2.00
2016.01.28 10:29:29.051,0.72017,0.72045,1.00,1.00
2016.01.28 10:29:30.453,0.72016,0.72045,1.00,2.00
2016.01.28 10:29:30.817,0.72013,0.72042,1.00,1.00
2016.01.28 10:29:31.425,0.72013,0.7204,1.00,1.00
2016.01.28 10:29:31.755,0.72013,0.72042,1.00,1.00
2016.01.28 10:29:32.369,0.72012,0.72041,1.00,1.00
2016.01.28 10:29:35.111,0.72011,0.7204,1.00,1.00
2016.01.28 10:29:37.388,0.7201,0.72038,1.00,1.00
2016.01.28 10:29:37.702,0.72008,0.72037,1.00,1.00
2016.01.28 10:29:38.053,0.72006,0.72035,1.00,1.00
2016.01.28 10:29:38.700,0.72005,0.72034,2.00,1.00
2016.01.28 10:29:40.776,0.72006,0.72035,1.00,1.00
2016.01.28 10:29:41.638,0.72007,0.72038,1.00,1.00
2016.01.28 10:29:41.688,0.72011,0.72042,1.00,1.00
2016.01.28 10:29:42.223,0.72011,0.7204,1.00,1.00
2016.01.28 10:29:42.555,0.72011,0.72042,1.00,1.00
2016.01.28 10:29:42.637,0.72011,0.7204,1.00,1.00
2016.01.28 10:29:43.408,0.72011,0.72042,1.00,1.00
2016.01.28 10:29:43.482,0.72013,0.72042,1.00,1.00
2016.01.28 10:29:43.583,0.72014,0.72045,1.00,2.00
2016.01.28 10:29:43.722,0.7201,0.72041,2.00,1.00
2016.01.28 10:29:44.035,0.72014,0.72041,1.00,1.00
2016.01.28 10:29:44.537,0.72014,0.72042,1.00,1.00
2016.01.28 10:29:45.164,0.72015,0.72042,1.00,1.00
2016.01.28 10:29:45.393,0.72015,0.72044,1.00,1.00
2016.01.28 10:29:45.544,0.72013,0.72044,1.00,1.00
2016.01.28 10:29:45.594,0.72013,0.72042,1.00,1.00
2016.01.28 10:29:46.096,0.72013,0.72044,1.00,1.00
2016.01.28 10:29:46.196,0.72015,0.72045,1.00,1.00
2016.01.28 10:29:46.902,0.72017,0.72046,1.00,1.00
2016.01.28 10:29:47.467,0.72016,0.72045,1.00,1.00
2016.01.28 10:29:52.980,0.7202,0.72045,1.00,1.00
2016.01.28 10:29:53.030,0.7202,0.72049,2.00,1.00
2016.01.28 10:29:53.372,0.7202,0.72051,2.00,1.00
2016.01.28 10:29:53.991,0.72022,0.72051,1.00,1.00
2016.01.28 10:29:54.458,0.7202,0.72051,2.00,1.00
2016.01.28 10:29:54.508,0.7202,0.72049,2.00,1.00
2016.01.28 10:29:54.558,0.72017,0.72048,1.00,1.00
2016.01.28 10:29:54.612,0.72017,0.72046,1.00,1.00
2016.01.28 10:29:55.177,0.72016,0.72045,1.00,1.00
2016.01.28 10:29:55.436,0.72017,0.72048,1.00,1.00
2016.01.28 10:29:55.947,0.72019,0.72048,1.00,1.00
2016.01.28 10:29:56.390,0.72017,0.72048,1.00,1.00
2016.01.28 10:29:56.908,0.72016,0.72047,1.00,1.00
2016.01.28 10:29:57.158,0.7202,0.72047,1.00,1.00
2016.01.28 10:29:59.825,0.7202,0.72048,1.00,1.00
2016.01.28 10:30:00.458,0.72017,0.72048,1.00,1.00
2016.01.28 10:30:00.912,0.72015,0.7205,1.00,1.00
2016.01.28 10:30:01.138,0.72018,0.72047,1.00,1.00
2016.01.28 10:30:01.188,0.72015,0.72045,1.00,1.00
2016.01.28 10:30:01.239,0.72015,0.72043,1.00,1.00
2016.01.28 10:30:01.339,0.72013,0.72042,1.00,1.00
2016.01.28 10:30:01.440,0.72011,0.72042,1.00,1.00
2016.01.28 10:30:02.773,0.72013,0.72042,1.00,1.00
2016.01.28 10:30:03.081,0.72015,0.72044,1.00,1.00
2016.01.28 10:30:03.359,0.72016,0.72047,1.00,1.00
2016.01.28 10:30:04.338,0.7202,0.72047,1.00,1.00
2016.01.28 10:30:04.970,0.72016,0.72047,1.00,1.00
2016.01.28 10:30:06.182,0.7202,0.72047,1.00,1.00
2016.01.28 10:30:06.285,0.72022,0.7205,1.00,1.00
2016.01.28 10:30:06.978,0.72022,0.72051,1.00,1.00
2016.01.28 10:30:07.310,0.72024,0.72053,1.00,1.00
2016.01.28 10:30:07.859,0.72025,0.72053,1.00,1.00
2016.01.28 10:30:08.209,0.72026,0.72055,1.00,1.00
2016.01.28 10:30:08.272,0.7203,0.72055,1.00,1.00
2016.01.28 10:30:08.385,0.7203,0.7206,1.00,2.00
2016.01.28 10:30:08.872,0.7203,0.72057,1.00,1.00
2016.01.28 10:30:09.154,0.72026,0.72057,1.00,1.00
2016.01.28 10:30:10.110,0.72029,0.72058,1.00,1.00
2016.01.28 10:30:10.508,0.72027,0.72056,1.00,1.00
2016.01.28 10:30:10.784,0.72025,0.72056,2.00,1.00
2016.01.28 10:30:12.805,0.7203,0.72057,1.00,1.00
2016.01.28 10:30:12.855,0.7203,0.72059,2.00,1.00
2016.01.28 10:30:12.956,0.72033,0.72062,1.00,1.00
2016.01.28 10:30:13.217,0.7203,0.7206,2.00,1.00
2016.01.28 10:30:13.267,0.72035,0.7206,1.00,2.00
2016.01.28 10:30:13.525,0.7203,0.72059,1.00,1.00
2016.01.28 10:30:13.580,0.7203,0.72057,1.00,1.00
2016.01.28 10:30:14.899,0.72029,0.72057,1.00,1.00
2016.01.28 10:30:15.560,0.7203,0.72057,1.00,1.00
2016.01.28 10:30:16.708,0.7203,0.72056,1.00,1.00
2016.01.28 10:30:17.319,0.72027,0.72056,1.00,1.00
2016.01.28 10:30:17.869,0.72028,0.72057,1.00,1.00
2016.01.28 10:30:19.303,0.72027,0.72056,1.00,1.00
2016.01.28 10:30:19.843,0.72028,0.72059,1.00,1.00
2016.01.28 10:30:20.342,0.72028,0.72057,1.00,1.00
2016.01.28 10:30:20.647,0.7203,0.72056,1.00,1.00
2016.01.28 10:30:20.999,0.7203,0.72058,1.00,1.00
2016.01.28 10:30:21.830,0.72027,0.72055,1.00,1.00
2016.01.28 10:30:22.099,0.72025,0.72054,2.00,1.00
2016.01.28 10:30:22.199,0.72026,0.7205,1.00,1.00
2016.01.28 10:30:22.304,0.72025,0.72054,2.00,1.00
2016.01.28 10:30:22.354,0.72028,0.72055,1.00,1.00
2016.01.28 10:30:22.829,0.72035,0.72064,1.00,1.00
2016.01.28 10:30:23.033,0.72037,0.72066,1.00,2.00
2016.01.28 10:30:23.528,0.72035,0.72064,1.00,1.00
2016.01.28 10:30:24.533,0.72037,0.72065,1.00,1.00
2016.01.28 10:30:25.343,0.72037,0.72066,1.00,2.00
2016.01.28 10:30:25.999,0.72038,0.72069,1.00,1.00
2016.01.28 10:30:26.049,0.72037,0.72066,1.00,1.00
2016.01.28 10:30:27.489,0.72035,0.72066,1.00,1.00
2016.01.28 10:30:27.819,0.72035,0.72063,1.00,1.00
2016.01.28 10:30:27.928,0.72033,0.72062,1.00,1.00
2016.01.28 10:30:28.297,0.72035,0.72064,1.00,1.00
2016.01.28 10:30:32.583,0.72034,0.72063,1.00,1.00
2016.01.28 10:30:35.122,0.72035,0.72064,1.00,1.00
2016.01.28 10:30:38.158,0.72034,0.72063,1.00,1.00
2016.01.28 10:30:38.543,0.72032,0.72061,1.00,1.00
2016.01.28 10:30:40.004,0.72035,0.72064,1.00,1.00
2016.01.28 10:30:41.020,0.72036,0.72067,1.00,1.00
2016.01.28 10:30:41.349,0.7204,0.72069,1.00,1.00
2016.01.28 10:30:41.663,0.72043,0.72074,1.00,1.00
2016.01.28 10:30:42.448,0.72045,0.72074,1.00,1.00
2016.01.28 10:30:43.059,0.72046,0.72075,1.00,1.00
2016.01.28 10:30:43.570,0.72045,0.72074,1.00,1.00
2016.01.28 10:30:45.442,0.72044,0.72073,1.00,1.00
2016.01.28 10:30:48.388,0.7204,0.72066,1.00,1.00
2016.01.28 10:30:48.657,0.72037,0.72065,1.00,1.00
2016.01.28 10:30:49.433,0.72037,0.72066,1.00,2.00
2016.01.28 10:30:49.549,0.72039,0.72066,1.00,1.00
2016.01.28 10:30:51.859,0.7204,0.72066,1.00,1.00
2016.01.28 10:30:52.446,0.72039,0.72066,1.00,1.00
2016.01.28 10:30:52.958,0.72036,0.72065,1.00,2.00
2016.01.28 10:30:53.126,0.72035,0.72062,1.00,1.00
2016.01.28 10:30:54.097,0.72034,0.72062,1.00,1.00
2016.01.28 10:30:54.952,0.72035,0.72062,1.00,1.00
2016.01.28 10:30:55.710,0.72034,0.72062,1.00,1.00
2016.01.28 10:30:57.578,0.7204,0.72062,1.00,1.00
2016.01.28 10:30:57.629,0.7204,0.72065,1.00,1.00
2016.01.28 10:31:00.549,0.72035,0.72065,1.00,2.00
2016.01.28 10:31:00.633,0.72035,0.72062,1.00,1.00
2016.01.28 10:31:01.538,0.72034,0.72062,1.00,1.00
2016.01.28 10:31:01.887,0.72035,0.7206,1.00,1.00
2016.01.28 10:31:02.623,0.72029,0.7206,2.00,1.00
2016.01.28 10:31:03.618,0.72027,0.72058,1.00,1.00
2016.01.28 10:31:04.040,0.72026,0.72055,1.00,1.00
2016.01.28 10:31:04.347,0.72025,0.7205,1.00,1.00
2016.01.28 10:31:04.811,0.72025,0.72053,1.00,1.00
2016.01.28 10:31:08.448,0.72022,0.7205,1.00,1.00
2016.01.28 10:31:08.940,0.72024,0.72052,1.00,1.00
2016.01.28 10:31:09.725,0.72025,0.72052,1.00,1.00
2016.01.28 10:31:10.478,0.72024,0.72051,1.00,1.00
2016.01.28 10:31:10.901,0.72021,0.7205,1.00,1.00
2016.01.28 10:31:12.723,0.72024,0.72051,1.00,1.00
2016.01.28 10:31:14.349,0.72025,0.72052,1.00,1.00
2016.01.28 10:31:14.528,0.72025,0.72054,1.00,1.00
2016.01.28 10:31:17.350,0.72026,0.72055,1.00,2.00
2016.01.28 10:31:17.453,0.7203,0.72055,1.00,1.00
2016.01.28 10:31:17.648,0.72026,0.72055,1.00,2.00
2016.01.28 10:31:17.754,0.72026,0.72045,1.00,1.00
2016.01.28 10:31:17.805,0.72024,0.72045,1.00,1.00
2016.01.28 10:31:18.135,0.72019,0.72045,1.00,1.00
2016.01.28 10:31:18.527,0.72016,0.72045,1.00,1.00
2016.01.28 10:31:18.628,0.72014,0.7204,1.00,1.00
2016.01.28 10:31:18.678,0.72011,0.7204,1.00,2.00
2016.01.28 10:31:18.889,0.7201,0.72038,1.00,1.00
2016.01.28 10:31:19.180,0.72006,0.72035,1.00,1.00
2016.01.28 10:31:19.281,0.7201,0.72037,1.00,1.00
2016.01.28 10:31:20.171,0.72009,0.72037,1.00,1.00
2016.01.28 10:31:20.483,0.7201,0.72039,1.00,1.00
2016.01.28 10:31:20.534,0.7201,0.72041,1.00,2.00
2016.01.28 10:31:21.176,0.7201,0.7204,2.00,1.00
2016.01.28 10:31:22.377,0.7201,0.72041,1.00,2.00
2016.01.28 10:31:22.911,0.7201,0.7204,2.00,1.00
2016.01.28 10:31:23.458,0.7201,0.72041,1.00,2.00
2016.01.28 10:31:24.311,0.7201,0.7204,2.00,1.00
2016.01.28 10:31:24.852,0.72013,0.7204,1.00,1.00
2016.01.28 10:31:25.388,0.72015,0.7204,1.00,1.00
2016.01.28 10:31:25.451,0.72015,0.72043,1.00,1.00
2016.01.28 10:31:25.618,0.72015,0.72046,2.00,1.00
2016.01.28 10:31:25.692,0.72017,0.72046,1.00,1.00
2016.01.28 10:31:26.048,0.7202,0.72049,1.00,1.00
2016.01.28 10:31:29.967,0.72016,0.72046,1.00,1.00
2016.01.28 10:31:30.018,0.72018,0.72046,1.00,1.00
2016.01.28 10:31:30.540,0.72018,0.72047,1.00,1.00
2016.01.28 10:31:31.920,0.72021,0.7205,1.00,2.00
2016.01.28 10:31:32.328,0.72024,0.72053,1.00,1.00
2016.01.28 10:31:32.722,0.72022,0.7205,1.00,1.00
2016.01.28 10:31:33.247,0.72022,0.72051,1.00,1.00
2016.01.28 10:31:33.818,0.72021,0.7205,1.00,1.00
2016.01.28 10:31:35.182,0.7202,0.72049,2.00,1.00
2016.01.28 10:31:35.769,0.72017,0.72046,1.00,1.00
2016.01.28 10:31:36.322,0.72018,0.72047,1.00,1.00
2016.01.28 10:31:38.653,0.7202,0.72047,1.00,1.00
2016.01.28 10:31:38.902,0.7202,0.72051,2.00,1.00
2016.01.28 10:31:40.182,0.72021,0.72052,1.00,1.00
2016.01.28 10:31:40.747,0.72023,0.72052,1.00,1.00
2016.01.28 10:31:41.465,0.72024,0.72053,1.00,1.00
2016.01.28 10:31:43.249,0.72023,0.72052,1.00,1.00
2016.01.28 10:31:43.412,0.72023,0.72054,1.00,1.00
2016.01.28 10:31:44.522,0.72025,0.72054,1.00,1.00
2016.01.28 10:31:44.792,0.72023,0.72054,1.00,1.00
2016.01.28 10:31:45.392,0.72023,0.72052,1.00,1.00
2016.01.28 10:31:45.452,0.72021,0.72052,1.00,1.00
2016.01.28 10:31:45.502,0.72021,0.7205,1.00,1.00
2016.01.28 10:31:45.812,0.72014,0.72045,1.00,2.00
2016.01.28 10:31:45.912,0.72013,0.72042,1.00,1.00
2016.01.28 10:31:46.233,0.72009,0.72038,1.00,1.00
2016.01.28 10:31:46.797,0.72008,0.72037,1.00,1.00
2016.01.28 10:31:49.173,0.72005,0.72035,1.00,1.00
2016.01.28 10:31:49.329,0.72004,0.72033,1.00,1.00
2016.01.28 10:31:49.652,0.71999,0.72028,1.00,1.00
2016.01.28 10:31:50.425,0.72,0.72029,2.00,1.00
2016.01.28 10:31:51.704,0.71996,0.72025,1.00,1.00
2016.01.28 10:31:52.379,0.71995,0.72022,1.00,1.00
2016.01.28 10:31:52.737,0.71993,0.72022,1.00,1.00
2016.01.28 10:31:53.827,0.71995,0.72022,1.00,1.00
2016.01.28 10:31:53.878,0.71997,0.72026,1.00,1.00
2016.01.28 10:31:54.737,0.71995,0.72026,1.00,1.00
2016.01.28 10:31:55.145,0.71997,0.72026,1.00,1.00
2016.01.28 10:31:55.767,0.71996,0.72025,1.00,1.00
2016.01.28 10:31:58.218,0.72,0.72025,1.00,1.00
2016.01.28 10:31:58.548,0.71996,0.72025,1.00,1.00
2016.01.28 10:31:58.879,0.71999,0.72025,1.00,1.00
2016.01.28 10:31:59.757,0.72,0.72025,1.00,1.00
2016.01.28 10:32:00.099,0.71995,0.72024,2.00,1.00
2016.01.28 10:32:04.801,0.71997,0.72026,1.00,1.00
2016.01.28 10:32:05.202,0.72005,0.72033,1.00,1.00
2016.01.28 10:32:05.263,0.7201,0.72039,1.00,1.00
2016.01.28 10:32:05.382,0.72014,0.72043,1.00,1.00
2016.01.28 10:32:05.483,0.72015,0.72045,1.00,1.00
2016.01.28 10:32:05.753,0.7202,0.72049,1.00,1.00
2016.01.28 10:32:05.903,0.72022,0.72053,1.00,1.00
2016.01.28 10:32:05.954,0.7203,0.72055,1.00,1.00
2016.01.28 10:32:06.004,0.7203,0.72058,1.00,1.00
2016.01.28 10:32:06.162,0.7203,0.72056,1.00,1.00
2016.01.28 10:32:07.268,0.72026,0.72056,1.00,1.00
2016.01.28 10:32:08.201,0.72025,0.72056,2.00,1.00
2016.01.28 10:32:09.007,0.72025,0.72053,1.00,1.00
2016.01.28 10:32:09.343,0.72018,0.72045,1.00,1.00
2016.01.28 10:32:09.402,0.72016,0.72045,1.00,2.00
2016.01.28 10:32:09.678,0.72012,0.72041,1.00,1.00
2016.01.28 10:32:09.799,0.7201,0.72045,1.00,1.00
2016.01.28 10:32:09.849,0.72015,0.72044,1.00,1.00
2016.01.28 10:32:10.405,0.72014,0.72044,1.00,1.00
2016.01.28 10:32:11.010,0.72015,0.72044,1.00,1.00
2016.01.28 10:32:11.626,0.72016,0.72045,1.00,1.00
2016.01.28 10:32:14.501,0.72018,0.72047,1.00,1.00
2016.01.28 10:32:15.119,0.72019,0.72048,1.00,1.00
2016.01.28 10:32:15.282,0.72017,0.72048,1.00,1.00
2016.01.28 10:32:15.830,0.72019,0.72048,1.00,1.00
2016.01.28 10:32:16.440,0.72018,0.72047,1.00,1.00
2016.01.28 10:32:16.607,0.72018,0.72049,1.00,1.00
2016.01.28 10:32:17.327,0.72016,0.72047,1.00,1.00
2016.01.28 10:32:17.760,0.72021,0.7205,1.00,2.00
2016.01.28 10:32:18.666,0.72019,0.72048,1.00,1.00
2016.01.28 10:32:19.225,0.72018,0.72049,1.00,1.00
2016.01.28 10:32:19.605,0.72018,0.72045,1.00,1.00
2016.01.28 10:32:20.906,0.72018,0.72046,1.00,1.00
2016.01.28 10:32:21.588,0.72018,0.72045,1.00,1.00
2016.01.28 10:32:21.742,0.72016,0.72045,1.00,2.00
2016.01.28 10:32:22.121,0.72014,0.72045,1.00,2.00
2016.01.28 10:32:22.987,0.72016,0.72045,1.00,1.00
2016.01.28 10:32:23.336,0.72023,0.72052,1.00,1.00
2016.01.28 10:32:24.370,0.72023,0.7205,1.00,1.00
2016.01.28 10:32:24.428,0.72023,0.72052,1.00,1.00
2016.01.28 10:32:24.979,0.72022,0.7205,1.00,1.00
2016.01.28 10:32:27.342,0.72026,0.7205,1.00,1.00
2016.01.28 10:32:31.039,0.72023,0.7205,1.00,1.00
2016.01.28 10:32:31.340,0.72022,0.72045,1.00,1.00
2016.01.28 10:32:31.390,0.72018,0.72045,1.00,1.00
2016.01.28 10:32:31.907,0.72018,0.72047,1.00,1.00
2016.01.28 10:32:32.067,0.72021,0.72046,1.00,1.00
2016.01.28 10:32:32.128,0.72021,0.7205,1.00,2.00
2016.01.28 10:32:34.927,0.72022,0.7205,1.00,1.00
2016.01.28 10:32:34.978,0.72024,0.7205,1.00,1.00
2016.01.28 10:32:35.028,0.72024,0.72053,1.00,1.00
2016.01.28 10:32:35.251,0.72025,0.72055,1.00,1.00
2016.01.28 10:32:37.334,0.72025,0.72056,1.00,2.00
2016.01.28 10:32:38.947,0.72025,0.72055,1.00,1.00
2016.01.28 10:32:39.002,0.72027,0.72055,1.00,1.00
2016.01.28 10:32:39.276,0.7203,0.72059,1.00,1.00
2016.01.28 10:32:39.848,0.72031,0.7206,1.00,2.00
2016.01.28 10:32:39.932,0.72033,0.7206,1.00,1.00
2016.01.28 10:32:40.415,0.72031,0.7206,1.00,1.00
2016.01.28 10:32:41.311,0.72033,0.7206,1.00,1.00
2016.01.28 10:32:41.543,0.72031,0.7206,1.00,2.00
2016.01.28 10:32:41.951,0.7203,0.72056,1.00,1.00
2016.01.28 10:32:42.136,0.7203,0.72059,1.00,1.00
2016.01.28 10:32:44.572,0.72031,0.7206,1.00,1.00
2016.01.28 10:32:45.062,0.72029,0.72058,1.00,1.00
2016.01.28 10:32:45.849,0.7203,0.72059,1.00,1.00
2016.01.28 10:32:46.189,0.72028,0.72055,1.00,1.00
2016.01.28 10:32:46.621,0.72025,0.72055,1.00,1.00
2016.01.28 10:32:47.135,0.72025,0.72056,1.00,2.00
2016.01.28 10:32:47.236,0.72025,0.72054,1.00,1.00
2016.01.28 10:32:50.616,0.72024,0.72053,1.00,1.00
2016.01.28 10:32:52.919,0.72024,0.7205,1.00,1.00
2016.01.28 10:32:53.471,0.72023,0.7205,1.00,1.00
2016.01.28 10:32:53.891,0.72021,0.7205,1.00,1.00
2016.01.28 10:32:54.416,0.72019,0.7205,1.00,2.00
2016.01.28 10:32:55.717,0.72019,0.72048,1.00,1.00
2016.01.28 10:32:56.531,0.7202,0.72049,1.00,1.00
2016.01.28 10:32:56.833,0.72022,0.72051,1.00,1.00
2016.01.28 10:32:56.883,0.72022,0.72053,1.00,1.00
2016.01.28 10:32:57.509,0.72023,0.72054,1.00,1.00
2016.01.28 10:32:57.971,0.72023,0.72052,1.00,1.00
2016.01.28 10:32:58.401,0.72023,0.7205,1.00,1.00
2016.01.28 10:33:00.111,0.72024,0.72053,1.00,1.00
2016.01.28 10:33:00.161,0.72027,0.72056,1.00,2.00
2016.01.28 10:33:00.808,0.72028,0.72055,1.00,1.00
2016.01.28 10:33:01.103,0.72029,0.72058,1.00,1.00
2016.01.28 10:33:02.047,0.72029,0.72055,1.00,1.00
2016.01.28 10:33:03.262,0.72029,0.72056,1.00,1.00
2016.01.28 10:33:03.768,0.72029,0.72058,1.00,1.00
2016.01.28 10:33:06.936,0.7203,0.72059,1.00,1.00
2016.01.28 10:33:07.503,0.72031,0.7206,1.00,2.00
2016.01.28 10:33:08.257,0.72031,0.72061,1.00,1.00
2016.01.28 10:33:08.757,0.72032,0.72063,1.00,1.00
2016.01.28 10:33:09.296,0.72034,0.72063,1.00,1.00
2016.01.28 10:33:09.662,0.72031,0.7206,1.00,2.00
2016.01.28 10:33:10.236,0.7203,0.72059,1.00,1.00
2016.01.28 10:33:10.931,0.72029,0.72055,1.00,1.00
2016.01.28 10:33:11.243,0.72031,0.72055,1.00,1.00
2016.01.28 10:33:11.396,0.72031,0.7206,1.00,2.00
2016.01.28 10:33:12.056,0.72031,0.72055,1.00,1.00
2016.01.28 10:33:12.107,0.72029,0.72055,1.00,1.00
2016.01.28 10:33:12.496,0.72028,0.72057,1.00,1.00
2016.01.28 10:33:13.599,0.72028,0.72055,1.00,1.00
2016.01.28 10:33:14.145,0.72029,0.72055,1.00,1.00
2016.01.28 10:33:14.411,0.7203,0.72059,1.00,1.00
2016.01.28 10:33:14.917,0.72031,0.72055,1.00,1.00
2016.01.28 10:33:15.441,0.72029,0.72055,1.00,1.00
2016.01.28 10:33:15.563,0.7203,0.72059,2.00,1.00
2016.01.28 10:33:15.682,0.72032,0.7206,1.00,1.00
2016.01.28 10:33:15.836,0.72035,0.72064,1.00,1.00
2016.01.28 10:33:16.111,0.72039,0.72065,1.00,1.00
2016.01.28 10:33:16.162,0.72039,0.72068,1.00,1.00
2016.01.28 10:33:16.509,0.72045,0.72074,1.00,1.00
2016.01.28 10:33:16.820,0.72051,0.7208,1.00,2.00
2016.01.28 10:33:17.543,0.72052,0.72081,1.00,1.00
2016.01.28 10:33:18.768,0.72052,0.7208,1.00,1.00
2016.01.28 10:33:19.147,0.72047,0.72076,1.00,1.00
2016.01.28 10:33:19.247,0.72043,0.7207,1.00,1.00
2016.01.28 10:33:19.411,0.7204,0.72069,2.00,1.00
2016.01.28 10:33:19.637,0.72037,0.72065,1.00,1.00
2016.01.28 10:33:19.800,0.72035,0.72064,2.00,1.00
2016.01.28 10:33:19.850,0.72038,0.72065,1.00,1.00
2016.01.28 10:33:20.008,0.72038,0.72067,1.00,1.00
2016.01.28 10:33:20.071,0.72038,0.72069,1.00,1.00
2016.01.28 10:33:20.594,0.72039,0.7207,1.00,1.00
2016.01.28 10:33:20.645,0.72039,0.72068,1.00,1.00
2016.01.28 10:33:20.949,0.72037,0.72066,1.00,1.00
2016.01.28 10:33:21.050,0.72033,0.72064,1.00,1.00
2016.01.28 10:33:21.100,0.72033,0.7206,1.00,1.00
2016.01.28 10:33:21.207,0.72033,0.72062,1.00,1.00
2016.01.28 10:33:21.271,0.72035,0.72064,1.00,1.00
2016.01.28 10:33:21.848,0.72036,0.72065,1.00,2.00
2016.01.28 10:33:22.171,0.72035,0.72061,1.00,1.00
2016.01.28 10:33:22.942,0.72034,0.7206,1.00,1.00
2016.01.28 10:33:23.652,0.72035,0.72064,2.00,1.00
2016.01.28 10:33:23.742,0.72037,0.72065,1.00,1.00
2016.01.28 10:33:24.279,0.72038,0.72065,1.00,1.00
2016.01.28 10:33:24.821,0.72037,0.72065,1.00,1.00
2016.01.28 10:33:25.360,0.72034,0.72063,1.00,1.00
2016.01.28 10:33:25.410,0.72034,0.7206,1.00,1.00
2016.01.28 10:33:26.027,0.72034,0.72063,1.00,1.00
2016.01.28 10:33:26.187,0.72036,0.72066,1.00,1.00
2016.01.28 10:33:26.478,0.72039,0.72065,1.00,1.00
2016.01.28 10:33:26.585,0.7204,0.72069,1.00,1.00
2016.01.28 10:33:26.733,0.7204,0.72066,1.00,1.00
2016.01.28 10:33:26.796,0.7204,0.72069,1.00,1.00
2016.01.28 10:33:29.545,0.7204,0.72066,1.00,1.00
2016.01.28 10:33:29.766,0.7204,0.72069,1.00,1.00
2016.01.28 10:33:30.411,0.72043,0.72071,1.00,1.00
2016.01.28 10:33:30.581,0.72045,0.72074,1.00,1.00
2016.01.28 10:33:30.642,0.72047,0.72075,1.00,1.00
2016.01.28 10:33:30.955,0.72048,0.72077,1.00,1.00
2016.01.28 10:33:32.022,0.72046,0.72075,1.00,1.00
2016.01.28 10:33:32.525,0.72049,0.72078,1.00,1.00
2016.01.28 10:33:35.601,0.72049,0.72075,1.00,1.00
2016.01.28 10:33:37.136,0.72049,0.72078,1.00,1.00
2016.01.28 10:33:37.375,0.72044,0.72075,1.00,2.00
2016.01.28 10:33:37.478,0.72043,0.7207,1.00,1.00
2016.01.28 10:33:37.528,0.72041,0.7207,1.00,1.00
2016.01.28 10:33:37.996,0.72042,0.72073,1.00,1.00
2016.01.28 10:33:38.282,0.72045,0.72074,1.00,1.00
2016.01.28 10:33:38.583,0.72048,0.72075,1.00,1.00
2016.01.28 10:33:39.414,0.72049,0.72075,1.00,1.00
2016.01.28 10:33:39.514,0.72047,0.72075,1.00,1.00
2016.01.28 10:33:39.705,0.72046,0.7207,1.00,1.00
2016.01.28 10:33:39.757,0.72043,0.7207,1.00,1.00
2016.01.28 10:33:39.885,0.72041,0.7207,1.00,1.00
2016.01.28 10:33:40.816,0.7204,0.72069,1.00,1.00
2016.01.28 10:33:41.246,0.7204,0.72065,1.00,1.00
2016.01.28 10:33:41.567,0.72038,0.72065,1.00,1.00
2016.01.28 10:33:42.137,0.72038,0.72066,1.00,1.00
2016.01.28 10:33:42.432,0.72034,0.72065,1.00,2.00
2016.01.28 10:33:42.715,0.72033,0.72062,1.00,1.00
2016.01.28 10:33:43.255,0.72035,0.72064,1.00,1.00
2016.01.28 10:33:43.890,0.72034,0.72065,1.00,2.00
2016.01.28 10:33:44.218,0.72036,0.72065,1.00,1.00
2016.01.28 10:33:44.665,0.72043,0.72066,1.00,1.00
2016.01.28 10:33:46.901,0.72044,0.72066,1.00,1.00
2016.01.28 10:33:46.951,0.72044,0.7207,1.00,1.00
2016.01.28 10:33:47.148,0.72045,0.72075,1.00,1.00
2016.01.28 10:33:47.202,0.72047,0.72075,1.00,1.00
2016.01.28 10:33:47.597,0.72046,0.7207,1.00,1.00
2016.01.28 10:33:47.997,0.72044,0.7207,1.00,1.00
2016.01.28 10:33:49.238,0.72044,0.72066,1.00,1.00
2016.01.28 10:33:49.788,0.72043,0.72065,1.00,1.00
2016.01.28 10:33:51.241,0.72043,0.7207,1.00,1.00
2016.01.28 10:33:51.341,0.72043,0.72065,1.00,1.00
2016.01.28 10:33:51.876,0.72042,0.72066,1.00,1.00
2016.01.28 10:33:53.085,0.72042,0.72065,1.00,1.00
2016.01.28 10:33:53.807,0.72044,0.72065,1.00,1.00
2016.01.28 10:33:53.857,0.72044,0.7207,1.00,1.00
2016.01.28 10:33:54.281,0.72042,0.7207,1.00,1.00
2016.01.28 10:33:56.377,0.72043,0.7207,1.00,1.00
2016.01.28 10:33:56.882,0.72044,0.7207,1.00,1.00
2016.01.28 10:33:57.578,0.72043,0.72071,1.00,1.00
2016.01.28 10:33:57.707,0.72043,0.72065,1.00,1.00
2016.01.28 10:33:57.790,0.72041,0.72065,1.00,1.00
2016.01.28 10:33:58.650,0.7204,0.72065,1.00,1.00
2016.01.28 10:33:59.410,0.72041,0.72065,1.00,1.00
2016.01.28 10:33:59.962,0.7204,0.72065,1.00,1.00
2016.01.28 10:34:00.364,0.7204,0.7206,1.00,1.00
2016.01.28 10:34:00.415,0.72038,0.7206,1.00,1.00
2016.01.28 10:34:01.072,0.7204,0.72065,1.00,1.00
2016.01.28 10:34:01.123,0.72036,0.72065,1.00,1.00
2016.01.28 10:34:01.223,0.72032,0.72063,1.00,1.00
2016.01.28 10:34:01.274,0.72032,0.72055,1.00,1.00
2016.01.28 10:34:02.166,0.72031,0.72055,1.00,1.00
2016.01.28 10:34:03.084,0.72032,0.72055,1.00,1.00
2016.01.28 10:34:03.370,0.7203,0.72055,1.00,1.00
2016.01.28 10:34:04.090,0.72029,0.72055,1.00,1.00
2016.01.28 10:34:06.162,0.72028,0.72055,1.00,1.00
2016.01.28 10:34:06.685,0.72027,0.72055,1.00,1.00
2016.01.28 10:34:06.991,0.72026,0.72051,1.00,1.00
2016.01.28 10:34:07.041,0.72024,0.72051,1.00,1.00
2016.01.28 10:34:07.545,0.72024,0.7205,1.00,1.00
2016.01.28 10:34:08.912,0.72024,0.72051,1.00,1.00
2016.01.28 10:34:09.474,0.72024,0.7205,1.00,1.00
2016.01.28 10:34:09.760,0.72022,0.7205,1.00,1.00
2016.01.28 10:34:10.738,0.72018,0.72047,1.00,1.00
2016.01.28 10:34:10.796,0.72018,0.72045,1.00,1.00
2016.01.28 10:34:10.847,0.72016,0.72045,1.00,1.00
2016.01.28 10:34:11.507,0.72018,0.72045,1.00,1.00
2016.01.28 10:34:11.841,0.72021,0.72045,1.00,1.00
2016.01.28 10:34:12.484,0.72019,0.72045,1.00,1.00
2016.01.28 10:34:12.998,0.72018,0.7204,1.00,1.00
2016.01.28 10:34:13.048,0.72016,0.7204,1.00,1.00
2016.01.28 10:34:13.324,0.72016,0.72045,1.00,2.00
2016.01.28 10:34:15.636,0.72016,0.7204,1.00,1.00
2016.01.28 10:34:16.541,0.72015,0.7204,1.00,1.00
2016.01.28 10:34:16.846,0.72015,0.72035,1.00,1.00
2016.01.28 10:34:17.175,0.72015,0.7204,1.00,1.00
2016.01.28 10:34:17.835,0.72015,0.72035,1.00,1.00
2016.01.28 10:34:18.647,0.72014,0.72035,1.00,1.00
2016.01.28 10:34:20.134,0.72012,0.72035,1.00,1.00
2016.01.28 10:34:20.211,0.72009,0.72035,1.00,1.00
2016.01.28 10:34:20.488,0.72005,0.72031,1.00,1.00
2016.01.28 10:34:20.846,0.72007,0.72031,1.00,1.00
2016.01.28 10:34:21.245,0.72006,0.72035,1.00,1.00
2016.01.28 10:34:21.295,0.72009,0.72035,1.00,1.00
2016.01.28 10:34:23.028,0.72009,0.7203,1.00,1.00
2016.01.28 10:34:23.556,0.72009,0.72036,1.00,1.00
2016.01.28 10:34:24.913,0.72009,0.72035,1.00,1.00
2016.01.28 10:34:25.035,0.72011,0.72036,1.00,1.00
2016.01.28 10:34:27.494,0.72016,0.7204,1.00,1.00
2016.01.28 10:34:28.116,0.72015,0.7204,1.00,1.00
2016.01.28 10:34:28.477,0.72018,0.72046,1.00,1.00
2016.01.28 10:34:28.994,0.72019,0.72045,1.00,1.00
2016.01.28 10:34:29.498,0.7202,0.72045,1.00,1.00
2016.01.28 10:34:30.034,0.7202,0.72046,1.00,1.00
2016.01.28 10:34:31.404,0.7202,0.72049,1.00,1.00
2016.01.28 10:34:32.834,0.72019,0.72046,1.00,1.00
2016.01.28 10:34:33.046,0.72016,0.72045,1.00,1.00
2016.01.28 10:34:33.160,0.72016,0.7204,1.00,1.00
2016.01.28 10:34:33.425,0.72012,0.7204,1.00,1.00
2016.01.28 10:34:33.621,0.72017,0.7204,1.00,1.00
2016.01.28 10:34:33.672,0.72013,0.7204,1.00,1.00
2016.01.28 10:34:34.255,0.72013,0.72042,1.00,1.00
2016.01.28 10:34:34.305,0.72016,0.72045,1.00,2.00
2016.01.28 10:34:34.656,0.7202,0.72045,1.00,1.00
2016.01.28 10:34:34.706,0.72016,0.72045,1.00,2.00
2016.01.28 10:34:34.807,0.72015,0.7204,1.00,1.00
2016.01.28 10:34:35.315,0.72014,0.7204,1.00,1.00
2016.01.28 10:34:35.659,0.7201,0.72035,1.00,1.00
2016.01.28 10:34:36.342,0.72009,0.72036,1.00,1.00
2016.01.28 10:34:36.660,0.72005,0.7203,1.00,1.00
2016.01.28 10:34:36.964,0.72008,0.7203,1.00,1.00
2016.01.28 10:34:37.981,0.72007,0.7203,1.00,1.00
2016.01.28 10:34:38.883,0.72007,0.72031,1.00,1.00
2016.01.28 10:34:38.940,0.72005,0.72031,1.00,1.00
2016.01.28 10:34:39.494,0.72005,0.7203,1.00,1.00
2016.01.28 10:34:40.423,0.72007,0.72035,1.00,1.00
2016.01.28 10:34:40.536,0.72009,0.72038,1.00,1.00
2016.01.28 10:34:40.637,0.72008,0.72036,1.00,1.00
2016.01.28 10:34:40.898,0.72008,0.72039,1.00,1.00
2016.01.28 10:34:40.949,0.72015,0.7204,1.00,1.00
2016.01.28 10:34:41.344,0.72017,0.7204,1.00,1.00
2016.01.28 10:34:42.072,0.72017,0.72045,1.00,1.00
2016.01.28 10:34:42.392,0.72019,0.72048,1.00,1.00
2016.01.28 10:34:42.442,0.72022,0.7205,1.00,1.00
2016.01.28 10:34:42.540,0.7202,0.7205,1.00,1.00
2016.01.28 10:34:42.766,0.72022,0.7205,1.00,1.00
2016.01.28 10:34:43.143,0.72024,0.7205,1.00,1.00
2016.01.28 10:34:43.775,0.72023,0.7205,1.00,1.00
2016.01.28 10:34:43.825,0.72021,0.7205,1.00,1.00
2016.01.28 10:34:44.164,0.7202,0.72045,1.00,1.00
2016.01.28 10:34:44.321,0.72018,0.72045,1.00,1.00
2016.01.28 10:34:44.897,0.72018,0.72046,1.00,1.00
2016.01.28 10:34:45.052,0.72018,0.72049,1.00,1.00
2016.01.28 10:34:45.154,0.72018,0.72047,1.00,1.00
2016.01.28 10:34:45.540,0.72014,0.72043,1.00,1.00
2016.01.28 10:34:46.012,0.72014,0.7204,1.00,1.00
2016.01.28 10:34:46.145,0.72012,0.7204,1.00,1.00
2016.01.28 10:34:48.911,0.72011,0.7204,1.00,2.00
2016.01.28 10:34:49.689,0.72012,0.7204,1.00,1.00
2016.01.28 10:34:50.285,0.72011,0.7204,1.00,2.00
2016.01.28 10:34:51.286,0.72012,0.72041,1.00,2.00
2016.01.28 10:34:51.807,0.72012,0.7204,1.00,1.00
2016.01.28 10:34:52.950,0.72013,0.7204,1.00,1.00
2016.01.28 10:34:53.492,0.72012,0.7204,1.00,1.00
2016.01.28 10:34:54.199,0.72013,0.7204,1.00,1.00
2016.01.28 10:34:54.330,0.72016,0.7204,1.00,1.00
2016.01.28 10:34:55.058,0.72007,0.72035,1.00,1.00
2016.01.28 10:34:55.158,0.72002,0.72031,1.00,2.00
2016.01.28 10:34:55.259,0.72004,0.72031,1.00,1.00
2016.01.28 10:34:55.894,0.72004,0.7203,1.00,1.00
2016.01.28 10:34:57.035,0.72005,0.7203,1.00,1.00
2016.01.28 10:34:57.141,0.72008,0.72035,1.00,1.00
2016.01.28 10:34:57.439,0.72004,0.72025,1.00,1.00
2016.01.28 10:34:57.489,0.72002,0.72025,1.00,1.00
2016.01.28 10:34:57.595,0.71999,0.72025,1.00,1.00
2016.01.28 10:34:57.655,0.71999,0.7202,1.00,1.00
2016.01.28 10:34:57.769,0.71996,0.7202,1.00,1.00
2016.01.28 10:34:57.876,0.71993,0.7202,1.00,1.00
2016.01.28 10:34:58.440,0.71995,0.72021,1.00,1.00
2016.01.28 10:34:58.963,0.71995,0.7202,1.00,1.00
2016.01.28 10:34:59.371,0.71993,0.7202,1.00,1.00
2016.01.28 10:35:00.192,0.71991,0.7202,1.00,2.00
2016.01.28 10:35:00.736,0.7199,0.72015,1.00,1.00
2016.01.28 10:35:01.085,0.71991,0.7202,1.00,2.00
2016.01.28 10:35:02.965,0.71991,0.72015,1.00,1.00
2016.01.28 10:35:03.066,0.71989,0.72015,1.00,1.00
2016.01.28 10:35:04.950,0.71987,0.72015,1.00,1.00
2016.01.28 10:35:05.775,0.71987,0.72016,1.00,1.00
2016.01.28 10:35:06.894,0.71987,0.72015,1.00,1.00
2016.01.28 10:35:08.033,0.71985,0.7201,2.00,1.00
2016.01.28 10:35:08.254,0.71982,0.7201,1.00,1.00
2016.01.28 10:35:08.696,0.71982,0.72005,1.00,1.00
2016.01.28 10:35:08.765,0.71982,0.7201,1.00,1.00
2016.01.28 10:35:09.479,0.71981,0.7201,1.00,1.00
2016.01.28 10:35:09.581,0.7198,0.72005,1.00,1.00
2016.01.28 10:35:09.916,0.71978,0.72005,1.00,1.00
2016.01.28 10:35:09.967,0.71976,0.72005,1.00,2.00
2016.01.28 10:35:10.017,0.71974,0.72003,1.00,1.00
2016.01.28 10:35:10.410,0.71972,0.72001,1.00,1.00
2016.01.28 10:35:10.893,0.71974,0.72003,1.00,1.00
2016.01.28 10:35:11.238,0.71978,0.72005,1.00,1.00
2016.01.28 10:35:11.443,0.71979,0.72008,1.00,1.00
2016.01.28 10:35:11.695,0.71983,0.7201,1.00,1.00
2016.01.28 10:35:11.895,0.71981,0.7201,1.00,1.00
2016.01.28 10:35:11.946,0.71977,0.72006,1.00,1.00
2016.01.28 10:35:11.996,0.71974,0.72005,1.00,2.00
2016.01.28 10:35:12.997,0.71973,0.72004,1.00,1.00
2016.01.28 10:35:13.052,0.7197,0.71998,1.00,1.00
2016.01.28 10:35:13.483,0.71964,0.71988,1.00,1.00
2016.01.28 10:35:13.590,0.71965,0.7199,1.00,1.00
2016.01.28 10:35:14.120,0.71964,0.7199,1.00,1.00
2016.01.28 10:35:15.243,0.71964,0.71992,1.00,1.00
2016.01.28 10:35:15.294,0.7197,0.71992,1.00,1.00
2016.01.28 10:35:15.345,0.7197,0.71996,1.00,1.00
2016.01.28 10:35:15.783,0.71971,0.72,1.00,2.00
2016.01.28 10:35:15.834,0.71969,0.71997,1.00,1.00
2016.01.28 10:35:15.884,0.71971,0.72,1.00,1.00
2016.01.28 10:35:16.000,0.7197,0.71997,1.00,1.00
2016.01.28 10:35:16.101,0.71975,0.72004,1.00,1.00
2016.01.28 10:35:16.368,0.71975,0.72001,1.00,1.00
2016.01.28 10:35:17.233,0.71972,0.72001,1.00,1.00
2016.01.28 10:35:17.754,0.71971,0.72,1.00,1.00
2016.01.28 10:35:18.263,0.71973,0.72002,1.00,1.00
2016.01.28 10:35:18.759,0.71975,0.72002,1.00,1.00
2016.01.28 10:35:19.749,0.71975,0.72001,1.00,1.00
2016.01.28 10:35:20.861,0.71975,0.72002,1.00,1.00
2016.01.28 10:35:21.509,0.71974,0.72003,1.00,1.00
2016.01.28 10:35:21.821,0.71974,0.71999,1.00,1.00
2016.01.28 10:35:22.295,0.7197,0.71998,1.00,1.00
2016.01.28 10:35:22.707,0.71965,0.71994,2.00,1.00
2016.01.28 10:35:22.758,0.71961,0.7199,1.00,1.00
2016.01.28 10:35:23.472,0.7196,0.7199,1.00,1.00
2016.01.28 10:35:25.953,0.71959,0.71988,1.00,1.00
2016.01.28 10:35:26.305,0.71955,0.71985,1.00,1.00
2016.01.28 10:35:26.406,0.7196,0.71985,1.00,1.00
2016.01.28 10:35:26.565,0.7196,0.71987,1.00,1.00
2016.01.28 10:35:26.695,0.7196,0.71989,1.00,1.00
2016.01.28 10:35:27.323,0.71959,0.71989,1.00,1.00
2016.01.28 10:35:27.549,0.71961,0.7199,1.00,1.00
2016.01.28 10:35:28.885,0.71964,0.71993,1.00,1.00
2016.01.28 10:35:29.194,0.71962,0.71991,1.00,1.00
2016.01.28 10:35:30.070,0.71964,0.71993,1.00,1.00
2016.01.28 10:35:30.311,0.71961,0.71992,1.00,1.00
2016.01.28 10:35:30.693,0.71963,0.71992,1.00,1.00
2016.01.28 10:35:31.048,0.71964,0.71995,1.00,2.00
2016.01.28 10:35:31.150,0.71963,0.71992,1.00,1.00
2016.01.28 10:35:31.780,0.71963,0.71994,1.00,1.00
2016.01.28 10:35:32.249,0.71963,0.71992,1.00,1.00
2016.01.28 10:35:32.370,0.71961,0.71992,1.00,1.00
2016.01.28 10:35:32.609,0.71963,0.71992,1.00,1.00
2016.01.28 10:35:34.049,0.71962,0.71991,1.00,1.00
2016.01.28 10:35:34.210,0.71959,0.7199,1.00,2.00
2016.01.28 10:35:36.153,0.7196,0.7199,1.00,1.00
2016.01.28 10:35:37.037,0.71959,0.7199,2.00,1.00
2016.01.28 10:35:37.803,0.7196,0.7199,1.00,2.00
2016.01.28 10:35:38.444,0.71961,0.7199,1.00,1.00
2016.01.28 10:35:38.565,0.71962,0.71993,1.00,1.00
2016.01.28 10:35:38.898,0.71964,0.71993,1.00,1.00
2016.01.28 10:35:39.450,0.71965,0.71994,1.00,1.00
2016.01.28 10:35:43.364,0.71966,0.71995,1.00,1.00
2016.01.28 10:35:43.727,0.71968,0.71997,1.00,1.00
2016.01.28 10:35:44.432,0.71966,0.71995,1.00,1.00
2016.01.28 10:35:46.049,0.71965,0.71994,2.00,1.00
2016.01.28 10:35:46.991,0.7197,0.71999,1.00,1.00
2016.01.28 10:35:48.329,0.71969,0.71998,1.00,1.00
2016.01.28 10:35:49.291,0.71971,0.72,1.00,2.00
2016.01.28 10:35:51.209,0.7197,0.71999,1.00,1.00
2016.01.28 10:35:51.510,0.71968,0.71995,1.00,1.00
2016.01.28 10:35:52.951,0.71965,0.71995,1.00,2.00
2016.01.28 10:35:53.001,0.71964,0.71991,1.00,1.00
2016.01.28 10:35:53.608,0.71962,0.71991,1.00,2.00
2016.01.28 10:35:54.243,0.71963,0.71992,1.00,1.00
2016.01.28 10:35:56.554,0.71964,0.71993,1.00,1.00
2016.01.28 10:35:58.344,0.71965,0.71994,1.00,1.00
2016.01.28 10:35:58.495,0.71968,0.71995,1.00,1.00
2016.01.28 10:35:58.920,0.71966,0.71995,1.00,1.00
2016.01.28 10:35:59.463,0.71965,0.71994,2.00,1.00
2016.01.28 10:35:59.991,0.71966,0.71995,1.00,1.00
2016.01.28 10:36:00.541,0.71966,0.71997,1.00,1.00
2016.01.28 10:36:00.752,0.71969,0.71998,1.00,1.00
2016.01.28 10:36:01.094,0.7197,0.72,2.00,1.00
2016.01.28 10:36:01.605,0.7197,0.71999,1.00,1.00
2016.01.28 10:36:01.675,0.71969,0.71996,1.00,1.00
2016.01.28 10:36:02.647,0.71971,0.72,1.00,2.00
2016.01.28 10:36:03.180,0.71969,0.71996,1.00,1.00
2016.01.28 10:36:03.280,0.7197,0.71998,1.00,1.00
2016.01.28 10:36:03.331,0.71964,0.71992,1.00,1.00
2016.01.28 10:36:03.381,0.71967,0.71996,1.00,2.00
2016.01.28 10:36:03.710,0.71964,0.71992,1.00,1.00
2016.01.28 10:36:03.959,0.71966,0.71996,1.00,1.00
2016.01.28 10:36:04.559,0.71964,0.71992,1.00,1.00
2016.01.28 10:36:05.589,0.71967,0.71996,1.00,2.00
2016.01.28 10:36:06.268,0.7197,0.71995,1.00,1.00
2016.01.28 10:36:06.789,0.7197,0.71997,1.00,1.00
2016.01.28 10:36:07.550,0.71969,0.71996,1.00,1.00
2016.01.28 10:36:08.246,0.7197,0.71997,1.00,1.00
2016.01.28 10:36:08.727,0.7197,0.71995,1.00,1.00
2016.01.28 10:36:09.057,0.71968,0.71995,1.00,1.00
2016.01.28 10:36:10.047,0.7197,0.71995,1.00,1.00
2016.01.28 10:36:10.279,0.7197,0.71997,1.00,1.00
2016.01.28 10:36:10.469,0.7197,0.72,1.00,2.00
2016.01.28 10:36:11.189,0.7197,0.71997,1.00,1.00
2016.01.28 10:36:11.369,0.7197,0.71999,2.00,1.00
2016.01.28 10:36:12.543,0.7197,0.71997,1.00,1.00
2016.01.28 10:36:13.035,0.7197,0.71995,1.00,1.00
2016.01.28 10:36:13.086,0.7197,0.71997,1.00,1.00
2016.01.28 10:36:13.262,0.7197,0.72,1.00,1.00
2016.01.28 10:36:13.773,0.71975,0.72,1.00,1.00
2016.01.28 10:36:14.325,0.71974,0.72001,1.00,1.00
2016.01.28 10:36:14.653,0.71972,0.72,1.00,1.00
2016.01.28 10:36:16.332,0.71975,0.72,1.00,1.00
2016.01.28 10:36:16.748,0.71974,0.72002,1.00,1.00
2016.01.28 10:36:16.802,0.71975,0.72004,2.00,1.00
2016.01.28 10:36:23.155,0.71975,0.72003,1.00,1.00
2016.01.28 10:36:23.333,0.71975,0.72001,1.00,1.00
2016.01.28 10:36:24.452,0.71974,0.72001,1.00,1.00
2016.01.28 10:36:24.982,0.71975,0.72,1.00,1.00
2016.01.28 10:36:25.603,0.71975,0.72001,1.00,1.00
2016.01.28 10:36:28.492,0.71975,0.72002,1.00,1.00
2016.01.28 10:36:29.004,0.71974,0.72002,1.00,1.00
2016.01.28 10:36:31.307,0.71979,0.72002,1.00,1.00
2016.01.28 10:36:31.860,0.7198,0.72002,1.00,1.00
2016.01.28 10:36:33.077,0.7198,0.72,1.00,1.00
2016.01.28 10:36:33.127,0.71975,0.72,1.00,1.00
2016.01.28 10:36:33.791,0.71975,0.71999,1.00,1.00
2016.01.28 10:36:34.383,0.71971,0.72,1.00,1.00
2016.01.28 10:36:34.604,0.71975,0.72,1.00,1.00
2016.01.28 10:36:34.682,0.71971,0.72,1.00,1.00
2016.01.28 10:36:35.642,0.71972,0.72001,1.00,1.00
2016.01.28 10:36:35.693,0.7197,0.71999,1.00,1.00
2016.01.28 10:36:36.222,0.7197,0.71998,1.00,1.00
2016.01.28 10:36:36.917,0.71975,0.71999,1.00,1.00
2016.01.28 10:36:37.102,0.7197,0.71999,2.00,1.00
2016.01.28 10:36:39.433,0.7197,0.71998,1.00,1.00
2016.01.28 10:36:40.369,0.7197,0.72,1.00,2.00
2016.01.28 10:36:40.753,0.71972,0.72001,1.00,1.00
2016.01.28 10:36:41.202,0.7197,0.71999,1.00,1.00
2016.01.28 10:36:41.993,0.71972,0.72001,1.00,1.00
2016.01.28 10:36:42.589,0.71975,0.72003,1.00,1.00
2016.01.28 10:36:42.648,0.71976,0.72005,1.00,1.00
2016.01.28 10:36:44.283,0.71974,0.72003,2.00,1.00
2016.01.28 10:36:44.503,0.71975,0.72005,1.00,1.00
2016.01.28 10:36:45.222,0.71976,0.72005,1.00,1.00
2016.01.28 10:36:45.822,0.71978,0.72007,1.00,1.00
2016.01.28 10:36:46.201,0.7198,0.72007,1.00,1.00
2016.01.28 10:36:46.441,0.71981,0.7201,1.00,1.00
2016.01.28 10:36:47.091,0.71982,0.72011,1.00,1.00
2016.01.28 10:36:50.353,0.71975,0.72005,2.00,1.00
2016.01.28 10:36:50.969,0.71975,0.72006,1.00,2.00
2016.01.28 10:36:51.318,0.7198,0.72005,1.00,1.00
2016.01.28 10:36:51.529,0.7198,0.72009,2.00,1.00
2016.01.28 10:36:51.762,0.71979,0.72005,1.00,1.00
2016.01.28 10:36:52.422,0.71978,0.72005,1.00,1.00
2016.01.28 10:36:52.859,0.7198,0.72005,1.00,1.00
2016.01.28 10:36:52.942,0.71979,0.72008,2.00,1.00
2016.01.28 10:36:53.699,0.7198,0.72008,1.00,1.00
2016.01.28 10:36:54.513,0.7198,0.7201,1.00,2.00
2016.01.28 10:36:56.548,0.71982,0.7201,1.00,1.00
2016.01.28 10:36:56.762,0.71983,0.72012,1.00,1.00
2016.01.28 10:36:56.863,0.71985,0.72014,1.00,1.00
2016.01.28 10:36:58.961,0.71984,0.72013,1.00,1.00
2016.01.28 10:37:04.571,0.71983,0.72012,1.00,1.00
2016.01.28 10:37:05.065,0.71985,0.72011,1.00,1.00
2016.01.28 10:37:05.181,0.71982,0.72011,1.00,1.00
2016.01.28 10:37:05.452,0.71984,0.72013,1.00,1.00
2016.01.28 10:37:06.032,0.71985,0.72012,1.00,1.00
2016.01.28 10:37:06.709,0.71985,0.72011,1.00,1.00
2016.01.28 10:37:06.831,0.71982,0.7201,1.00,1.00
2016.01.28 10:37:07.369,0.71982,0.72011,1.00,1.00
2016.01.28 10:37:07.729,0.71985,0.72012,1.00,1.00
2016.01.28 10:37:07.779,0.71985,0.72014,1.00,1.00
2016.01.28 10:37:08.012,0.71983,0.72014,1.00,1.00
2016.01.28 10:37:08.651,0.71982,0.72013,1.00,1.00
2016.01.28 10:37:08.701,0.71984,0.72013,1.00,1.00
2016.01.28 10:37:08.802,0.71982,0.72013,1.00,1.00
2016.01.28 10:37:09.380,0.71983,0.72014,1.00,1.00
2016.01.28 10:37:09.840,0.71983,0.72012,1.00,1.00
2016.01.28 10:37:10.193,0.71982,0.7201,1.00,1.00
2016.01.28 10:37:10.594,0.71986,0.7201,1.00,1.00
2016.01.28 10:37:11.398,0.71985,0.7201,1.00,1.00
2016.01.28 10:37:11.887,0.71982,0.72005,1.00,1.00
2016.01.28 10:37:12.499,0.71981,0.72005,1.00,1.00
2016.01.28 10:37:13.114,0.7198,0.72005,1.00,1.00
2016.01.28 10:37:13.587,0.71982,0.7201,1.00,1.00
2016.01.28 10:37:13.638,0.71985,0.72015,1.00,1.00
2016.01.28 10:37:13.688,0.71987,0.72015,1.00,1.00
2016.01.28 10:37:14.020,0.7199,0.72015,1.00,1.00
2016.01.28 10:37:14.580,0.7199,0.72016,1.00,1.00
2016.01.28 10:37:15.238,0.71992,0.72016,1.00,1.00
2016.01.28 10:37:15.503,0.71992,0.7202,1.00,1.00
2016.01.28 10:37:16.603,0.71993,0.7202,1.00,1.00
2016.01.28 10:37:17.112,0.71993,0.72021,1.00,1.00
2016.01.28 10:37:17.692,0.71993,0.7202,1.00,1.00
2016.01.28 10:37:18.539,0.71995,0.7202,1.00,1.00
2016.01.28 10:37:19.101,0.71994,0.7202,1.00,1.00
2016.01.28 10:37:24.368,0.71995,0.7202,1.00,1.00
2016.01.28 10:37:25.161,0.72001,0.72026,1.00,1.00
2016.01.28 10:37:25.722,0.72002,0.72025,1.00,1.00
2016.01.28 10:37:25.937,0.72,0.72026,1.00,1.00
2016.01.28 10:37:27.042,0.72,0.72025,1.00,1.00
2016.01.28 10:37:27.804,0.71996,0.7202,1.00,1.00
2016.01.28 10:37:28.148,0.71998,0.7202,1.00,1.00
2016.01.28 10:37:28.253,0.71998,0.72025,1.00,1.00
2016.01.28 10:37:28.399,0.72,0.72025,1.00,1.00
2016.01.28 10:37:28.928,0.72004,0.7203,1.00,1.00
2016.01.28 10:37:29.431,0.72005,0.7203,1.00,1.00
2016.01.28 10:37:32.134,0.72004,0.7203,1.00,1.00
2016.01.28 10:37:32.289,0.72002,0.7203,1.00,1.00
2016.01.28 10:37:32.847,0.72003,0.7203,1.00,1.00
2016.01.28 10:37:32.958,0.72005,0.7203,1.00,1.00
2016.01.28 10:37:33.464,0.72005,0.72031,1.00,1.00
2016.01.28 10:37:36.299,0.72005,0.7203,1.00,1.00
2016.01.28 10:37:38.239,0.72006,0.7203,1.00,1.00
2016.01.28 10:37:38.447,0.72006,0.72035,1.00,1.00
2016.01.28 10:37:38.967,0.72005,0.72034,1.00,1.00
2016.01.28 10:37:39.912,0.72005,0.7203,1.00,1.00
2016.01.28 10:37:40.571,0.72005,0.72034,1.00,1.00
2016.01.28 10:37:41.121,0.72004,0.7203,1.00,1.00
2016.01.28 10:37:41.308,0.72002,0.7203,1.00,1.00
2016.01.28 10:37:42.102,0.72001,0.7203,1.00,2.00
2016.01.28 10:37:42.153,0.71999,0.7203,1.00,1.00
2016.01.28 10:37:42.271,0.71995,0.72024,1.00,1.00
2016.01.28 10:37:43.671,0.71996,0.72025,1.00,1.00
2016.01.28 10:37:44.253,0.71995,0.72024,2.00,1.00
2016.01.28 10:37:45.132,0.71995,0.72026,2.00,1.00
2016.01.28 10:37:46.168,0.71998,0.72029,1.00,1.00
2016.01.28 10:37:46.516,0.72,0.72029,1.00,1.00
2016.01.28 10:37:49.730,0.71999,0.72028,1.00,1.00
2016.01.28 10:37:50.294,0.71998,0.72026,1.00,1.00
2016.01.28 10:37:51.969,0.71998,0.72025,1.00,1.00
2016.01.28 10:37:52.592,0.71998,0.72026,1.00,1.00
2016.01.28 10:37:52.742,0.71996,0.72025,1.00,1.00
2016.01.28 10:37:53.444,0.71995,0.72024,1.00,1.00
2016.01.28 10:37:53.553,0.71995,0.72021,1.00,1.00
2016.01.28 10:37:53.883,0.71995,0.72024,1.00,1.00
2016.01.28 10:37:54.758,0.71996,0.72025,1.00,2.00
2016.01.28 10:37:55.092,0.71996,0.7202,1.00,1.00
2016.01.28 10:37:55.505,0.71996,0.72025,1.00,2.00
2016.01.28 10:37:56.336,0.71996,0.7202,1.00,1.00
2016.01.28 10:38:00.262,0.71996,0.72025,1.00,2.00
2016.01.28 10:38:01.801,0.71996,0.7202,1.00,1.00
2016.01.28 10:38:01.942,0.71997,0.72025,1.00,1.00
2016.01.28 10:38:02.653,0.71998,0.72025,1.00,1.00
2016.01.28 10:38:03.210,0.71999,0.72025,1.00,1.00
2016.01.28 10:38:03.538,0.72001,0.72025,1.00,1.00
2016.01.28 10:38:03.589,0.72001,0.7203,1.00,2.00
2016.01.28 10:38:04.091,0.72,0.72029,1.00,1.00
2016.01.28 10:38:04.351,0.72004,0.7203,1.00,1.00
2016.01.28 10:38:04.678,0.72006,0.7203,1.00,1.00
2016.01.28 10:38:05.681,0.72005,0.7203,1.00,1.00
2016.01.28 10:38:06.496,0.72004,0.7203,1.00,1.00
2016.01.28 10:38:06.556,0.72002,0.7203,1.00,1.00
2016.01.28 10:38:07.597,0.72001,0.7203,1.00,2.00
2016.01.28 10:38:07.880,0.71998,0.72029,1.00,1.00
2016.01.28 10:38:08.158,0.72001,0.7203,1.00,2.00
2016.01.28 10:38:08.821,0.72,0.72029,1.00,1.00
2016.01.28 10:38:09.150,0.72002,0.7203,1.00,1.00
2016.01.28 10:38:09.654,0.72001,0.7203,1.00,2.00
2016.01.28 10:38:10.447,0.72002,0.7203,1.00,1.00
2016.01.28 10:38:12.819,0.72002,0.72033,1.00,1.00
2016.01.28 10:38:12.871,0.72006,0.72035,1.00,1.00
2016.01.28 10:38:13.441,0.72006,0.72036,1.00,1.00
2016.01.28 10:38:14.103,0.72009,0.72035,1.00,1.00
2016.01.28 10:38:14.163,0.72007,0.72035,1.00,1.00
2016.01.28 10:38:14.218,0.72005,0.72034,1.00,1.00
2016.01.28 10:38:15.838,0.72004,0.72033,1.00,1.00
2016.01.28 10:38:15.888,0.72004,0.7203,1.00,1.00
2016.01.28 10:38:16.520,0.72003,0.7203,1.00,1.00
2016.01.28 10:38:16.570,0.72005,0.72034,1.00,1.00
2016.01.28 10:38:17.203,0.72005,0.72031,1.00,1.00
2016.01.28 10:38:17.328,0.72005,0.72034,1.00,1.00
2016.01.28 10:38:20.817,0.72005,0.72035,1.00,1.00
2016.01.28 10:38:20.918,0.72009,0.72035,1.00,1.00
2016.01.28 10:38:20.968,0.7201,0.72039,1.00,1.00
2016.01.28 10:38:21.161,0.72011,0.72041,1.00,1.00
2016.01.28 10:38:21.981,0.72012,0.7204,1.00,1.00
2016.01.28 10:38:24.021,0.72012,0.72043,1.00,1.00
2016.01.28 10:38:24.939,0.72013,0.72044,1.00,1.00
2016.01.28 10:38:26.001,0.72013,0.7204,1.00,1.00
2016.01.28 10:38:27.211,0.72013,0.72041,1.00,1.00
2016.01.28 10:38:27.950,0.72013,0.7204,1.00,1.00
2016.01.28 10:38:31.945,0.72009,0.72038,1.00,1.00
2016.01.28 10:38:32.463,0.72008,0.72037,1.00,1.00
2016.01.28 10:38:32.999,0.72009,0.72038,1.00,1.00
2016.01.28 10:38:33.847,0.7201,0.72041,1.00,2.00
2016.01.28 10:38:36.342,0.7201,0.7204,1.00,1.00
2016.01.28 10:38:36.522,0.72012,0.7204,1.00,1.00
2016.01.28 10:38:37.313,0.72015,0.7204,1.00,1.00
2016.01.28 10:38:37.364,0.72017,0.72045,1.00,1.00
2016.01.28 10:38:37.464,0.72015,0.7204,1.00,1.00
2016.01.28 10:38:37.570,0.72015,0.72044,1.00,1.00
2016.01.28 10:38:38.010,0.72015,0.72041,1.00,1.00
2016.01.28 10:38:38.517,0.72015,0.7204,1.00,1.00
2016.01.28 10:38:41.200,0.72016,0.7204,1.00,1.00
2016.01.28 10:38:43.821,0.72016,0.72041,1.00,1.00
2016.01.28 10:38:44.850,0.72016,0.7204,1.00,1.00
2016.01.28 10:38:44.901,0.72014,0.7204,1.00,1.00
2016.01.28 10:38:45.657,0.72013,0.72035,1.00,1.00
2016.01.28 10:38:45.838,0.72012,0.7204,1.00,1.00
2016.01.28 10:38:45.908,0.72014,0.7204,1.00,1.00
2016.01.28 10:38:47.471,0.72015,0.7204,1.00,1.00
2016.01.28 10:38:47.969,0.72017,0.7204,1.00,1.00
2016.01.28 10:38:48.792,0.72015,0.72041,1.00,1.00
2016.01.28 10:38:50.640,0.72015,0.7204,1.00,1.00
2016.01.28 10:38:51.847,0.72014,0.7204,1.00,1.00
2016.01.28 10:38:53.182,0.72014,0.72041,1.00,1.00
2016.01.28 10:38:53.982,0.72014,0.72035,1.00,1.00
2016.01.28 10:38:54.732,0.72013,0.72035,1.00,1.00
2016.01.28 10:38:55.370,0.72014,0.72035,1.00,1.00
2016.01.28 10:38:55.785,0.72012,0.72035,1.00,1.00
2016.01.28 10:38:56.508,0.72013,0.72035,1.00,1.00
2016.01.28 10:38:57.480,0.72011,0.72035,1.00,1.00
2016.01.28 10:38:57.813,0.72009,0.72035,1.00,1.00
2016.01.28 10:39:00.977,0.72011,0.72035,1.00,1.00
2016.01.28 10:39:01.752,0.72013,0.7204,1.00,1.00
2016.01.28 10:39:01.803,0.72015,0.7204,1.00,1.00
2016.01.28 10:39:02.117,0.72019,0.7204,1.00,1.00
2016.01.28 10:39:02.218,0.72018,0.72045,1.00,1.00
2016.01.28 10:39:02.789,0.72018,0.72046,1.00,1.00
2016.01.28 10:39:03.140,0.72016,0.72045,1.00,2.00
2016.01.28 10:39:03.508,0.72015,0.7204,1.00,1.00
2016.01.28 10:39:03.558,0.72013,0.7204,1.00,1.00
2016.01.28 10:39:03.743,0.72015,0.7204,1.00,1.00
2016.01.28 10:39:03.844,0.72016,0.72045,1.00,1.00
2016.01.28 10:39:04.097,0.72018,0.72046,1.00,1.00
2016.01.28 10:39:04.834,0.72019,0.72045,1.00,1.00
2016.01.28 10:39:05.494,0.72019,0.72046,1.00,1.00
2016.01.28 10:39:06.154,0.72019,0.72045,1.00,1.00
2016.01.28 10:39:08.070,0.72018,0.72045,1.00,1.00
2016.01.28 10:39:08.771,0.72019,0.72045,1.00,1.00
2016.01.28 10:39:09.129,0.7202,0.72049,1.00,1.00
2016.01.28 10:39:09.180,0.72022,0.7205,1.00,1.00
2016.01.28 10:39:11.669,0.72022,0.72045,1.00,1.00
2016.01.28 10:39:12.030,0.72018,0.72045,1.00,1.00
2016.01.28 10:39:12.285,0.72016,0.72045,1.00,1.00
2016.01.28 10:39:12.335,0.72018,0.72045,1.00,1.00
2016.01.28 10:39:12.648,0.72013,0.72035,1.00,1.00
2016.01.28 10:39:13.289,0.72012,0.72035,1.00,1.00
2016.01.28 10:39:13.819,0.72013,0.72036,1.00,1.00
2016.01.28 10:39:14.578,0.72012,0.72035,1.00,1.00
2016.01.28 10:39:14.729,0.72011,0.7204,1.00,1.00
2016.01.28 10:39:14.859,0.72011,0.72035,1.00,1.00
2016.01.28 10:39:15.539,0.72011,0.72036,1.00,1.00
2016.01.28 10:39:15.891,0.72013,0.72035,1.00,1.00
2016.01.28 10:39:16.400,0.72011,0.72035,1.00,1.00
2016.01.28 10:39:16.955,0.72012,0.72035,1.00,1.00
2016.01.28 10:39:17.324,0.72014,0.72036,1.00,1.00
2016.01.28 10:39:17.494,0.72014,0.7204,1.00,1.00
2016.01.28 10:39:17.910,0.72016,0.7204,1.00,1.00
2016.01.28 10:39:18.579,0.72016,0.72041,1.00,1.00
2016.01.28 10:39:20.126,0.72016,0.7204,1.00,1.00
2016.01.28 10:39:20.750,0.72017,0.72041,1.00,1.00
2016.01.28 10:39:21.253,0.72017,0.7204,1.00,1.00
2016.01.28 10:39:22.220,0.72017,0.72045,1.00,1.00
2016.01.28 10:39:22.270,0.72019,0.72045,1.00,1.00
2016.01.28 10:39:22.871,0.72019,0.7204,1.00,1.00
2016.01.28 10:39:23.530,0.72019,0.72046,1.00,1.00
2016.01.28 10:39:24.140,0.7202,0.72046,1.00,1.00
2016.01.28 10:39:25.181,0.7202,0.72045,1.00,1.00
2016.01.28 10:39:25.889,0.72021,0.72045,1.00,1.00
2016.01.28 10:39:28.587,0.72022,0.72045,1.00,1.00
2016.01.28 10:39:30.587,0.72021,0.72045,1.00,1.00
2016.01.28 10:39:31.177,0.7202,0.72045,1.00,1.00
2016.01.28 10:39:31.856,0.72019,0.72045,1.00,1.00
2016.01.28 10:39:32.516,0.72019,0.72046,1.00,1.00
2016.01.28 10:39:32.680,0.72016,0.72045,1.00,1.00
2016.01.28 10:39:32.737,0.72014,0.72043,1.00,1.00
2016.01.28 10:39:33.064,0.72011,0.7204,1.00,1.00
2016.01.28 10:39:33.370,0.72011,0.72035,1.00,1.00
2016.01.28 10:39:33.889,0.7201,0.72035,2.00,1.00
2016.01.28 10:39:34.205,0.72013,0.7204,1.00,1.00
2016.01.28 10:39:34.816,0.72014,0.7204,1.00,1.00
2016.01.28 10:39:35.630,0.72014,0.72043,1.00,1.00
2016.01.28 10:39:36.516,0.72012,0.72041,1.00,1.00
2016.01.28 10:39:37.053,0.72011,0.72036,1.00,1.00
2016.01.28 10:39:37.557,0.72009,0.72035,1.00,1.00
2016.01.28 10:39:39.276,0.72011,0.72035,1.00,1.00
2016.01.28 10:39:44.976,0.72005,0.72031,1.00,1.00
2016.01.28 10:39:45.090,0.72006,0.72035,1.00,1.00
2016.01.28 10:39:46.107,0.72009,0.72035,1.00,1.00
2016.01.28 10:39:46.774,0.72011,0.72036,1.00,1.00
2016.01.28 10:39:47.420,0.72011,0.72035,1.00,1.00
2016.01.28 10:39:47.935,0.72012,0.72035,1.00,1.00
2016.01.28 10:39:48.171,0.72013,0.7204,1.00,1.00
2016.01.28 10:39:48.359,0.72015,0.72044,1.00,1.00
2016.01.28 10:39:48.908,0.72016,0.72045,1.00,2.00
2016.01.28 10:39:49.453,0.72017,0.72045,1.00,1.00
2016.01.28 10:39:50.830,0.72014,0.72045,1.00,1.00
2016.01.28 10:39:50.880,0.72012,0.72043,1.00,1.00
2016.01.28 10:39:51.609,0.7201,0.7204,2.00,1.00
2016.01.28 10:39:51.945,0.7201,0.72035,2.00,1.00
2016.01.28 10:39:52.019,0.7201,0.7204,2.00,1.00
2016.01.28 10:39:52.180,0.72012,0.72041,1.00,2.00
2016.01.28 10:39:52.597,0.72014,0.7204,1.00,1.00
2016.01.28 10:40:00.011,0.72011,0.7204,1.00,2.00
2016.01.28 10:40:00.757,0.7201,0.72039,1.00,1.00
2016.01.28 10:40:00.858,0.72006,0.72035,1.00,2.00
2016.01.28 10:40:02.050,0.72007,0.72035,1.00,1.00
2016.01.28 10:40:02.622,0.72007,0.72036,1.00,2.00
2016.01.28 10:40:03.357,0.72008,0.72036,1.00,1.00
2016.01.28 10:40:04.120,0.72008,0.72035,1.00,1.00
2016.01.28 10:40:06.727,0.72008,0.72036,1.00,1.00
2016.01.28 10:40:07.339,0.72008,0.72035,1.00,1.00
2016.01.28 10:40:15.476,0.72008,0.7203,1.00,1.00
2016.01.28 10:40:16.458,0.72008,0.72035,1.00,1.00
2016.01.28 10:40:17.889,0.72007,0.72035,1.00,1.00
2016.01.28 10:40:18.639,0.72007,0.72036,1.00,2.00
2016.01.28 10:40:23.370,0.72007,0.72035,1.00,1.00
2016.01.28 10:40:23.883,0.72007,0.72036,1.00,2.00
2016.01.28 10:40:25.195,0.72008,0.72036,1.00,1.00
2016.01.28 10:40:26.815,0.72008,0.72035,1.00,1.00
2016.01.28 10:40:27.219,0.72009,0.7204,1.00,2.00
2016.01.28 10:40:27.991,0.7201,0.7204,1.00,1.00
2016.01.28 10:40:28.468,0.72013,0.7204,1.00,1.00
2016.01.28 10:40:28.541,0.72013,0.72042,1.00,1.00
2016.01.28 10:40:29.066,0.72014,0.72043,1.00,1.00
2016.01.28 10:40:30.899,0.72016,0.72046,1.00,1.00
2016.01.28 10:40:31.035,0.72018,0.72046,1.00,1.00
2016.01.28 10:40:31.899,0.72019,0.72046,1.00,1.00
2016.01.28 10:40:33.448,0.7202,0.72046,1.00,1.00
2016.01.28 10:40:34.000,0.7202,0.72045,1.00,1.00
2016.01.28 10:40:34.285,0.7202,0.7205,1.00,1.00
2016.01.28 10:40:34.336,0.72022,0.7205,1.00,1.00
2016.01.28 10:40:35.040,0.72022,0.72051,1.00,2.00
2016.01.28 10:40:35.370,0.72015,0.72044,1.00,1.00
2016.01.28 10:40:35.813,0.7201,0.72039,1.00,1.00
2016.01.28 10:40:36.120,0.72006,0.72035,1.00,2.00
2016.01.28 10:40:36.218,0.72004,0.72035,1.00,2.00
2016.01.28 10:40:36.476,0.72004,0.72033,1.00,1.00
2016.01.28 10:40:36.897,0.72003,0.7203,1.00,1.00
2016.01.28 10:40:36.948,0.72003,0.72032,1.00,1.00
2016.01.28 10:40:37.528,0.72004,0.72033,1.00,1.00
2016.01.28 10:40:37.908,0.72004,0.7203,1.00,1.00
2016.01.28 10:40:38.236,0.72006,0.72035,1.00,2.00
2016.01.28 10:40:39.228,0.72006,0.72031,1.00,1.00
2016.01.28 10:40:39.279,0.72004,0.7203,1.00,1.00
2016.01.28 10:40:41.097,0.72006,0.7203,1.00,1.00
2016.01.28 10:40:41.211,0.72006,0.72035,1.00,2.00
2016.01.28 10:40:41.262,0.72008,0.72035,1.00,1.00
2016.01.28 10:40:44.609,0.72008,0.72036,1.00,1.00
2016.01.28 10:40:48.669,0.72008,0.72035,1.00,1.00
2016.01.28 10:40:49.120,0.72006,0.72035,1.00,2.00
2016.01.28 10:40:51.194,0.72008,0.72035,1.00,1.00
2016.01.28 10:40:54.247,0.72007,0.72035,1.00,1.00
2016.01.28 10:40:54.786,0.72006,0.72035,1.00,2.00
2016.01.28 10:40:55.819,0.72002,0.72033,1.00,1.00
2016.01.28 10:40:55.930,0.72002,0.7203,1.00,1.00
2016.01.28 10:40:58.818,0.72002,0.72031,1.00,2.00
2016.01.28 10:41:00.328,0.72002,0.7203,1.00,1.00
2016.01.28 10:41:00.517,0.72002,0.72033,1.00,1.00
2016.01.28 10:41:00.649,0.72001,0.7203,1.00,1.00
2016.01.28 10:41:01.088,0.71997,0.72028,1.00,1.00
2016.01.28 10:41:01.139,0.71997,0.72025,1.00,1.00
2016.01.28 10:41:01.368,0.71995,0.72026,1.00,2.00
2016.01.28 10:41:01.469,0.71995,0.7202,1.00,1.00
2016.01.28 10:41:01.871,0.71995,0.72025,2.00,1.00
2016.01.28 10:41:01.921,0.71997,0.72025,1.00,1.00
2016.01.28 10:41:02.256,0.72,0.7203,1.00,1.00
2016.01.28 10:41:02.810,0.72,0.72031,1.00,2.00
2016.01.28 10:41:03.531,0.72,0.7203,1.00,1.00
2016.01.28 10:41:04.057,0.72002,0.7203,1.00,1.00
2016.01.28 10:41:04.339,0.72,0.7203,1.00,1.00
2016.01.28 10:41:04.389,0.72002,0.7203,1.00,1.00
2016.01.28 10:41:04.690,0.72004,0.7203,1.00,1.00
2016.01.28 10:41:04.742,0.72004,0.72033,1.00,1.00
2016.01.28 10:41:05.155,0.72006,0.72035,1.00,2.00
2016.01.28 10:41:05.768,0.72005,0.72034,1.00,1.00
2016.01.28 10:41:06.129,0.72007,0.72035,1.00,1.00
2016.01.28 10:41:06.489,0.72015,0.7204,1.00,1.00
2016.01.28 10:41:06.539,0.72013,0.7204,1.00,1.00
2016.01.28 10:41:08.662,0.72012,0.7204,1.00,1.00
2016.01.28 10:41:09.312,0.72012,0.72041,1.00,2.00
2016.01.28 10:41:09.816,0.72013,0.7204,1.00,1.00
2016.01.28 10:41:10.318,0.72014,0.7204,1.00,1.00
2016.01.28 10:41:11.267,0.72013,0.7204,1.00,1.00
2016.01.28 10:41:11.659,0.72012,0.72035,1.00,1.00
2016.01.28 10:41:11.709,0.72008,0.72035,1.00,1.00
2016.01.28 10:41:11.990,0.72007,0.7203,1.00,1.00
2016.01.28 10:41:13.780,0.72008,0.7203,1.00,1.00
2016.01.28 10:41:13.831,0.72009,0.72035,1.00,1.00
2016.01.28 10:41:14.341,0.7201,0.72035,1.00,1.00
2016.01.28 10:41:14.408,0.7201,0.72039,1.00,1.00
2016.01.28 10:41:15.027,0.7201,0.7204,1.00,1.00
2016.01.28 10:41:16.180,0.7201,0.72036,1.00,1.00
2016.01.28 10:41:16.414,0.7201,0.7204,1.00,1.00
2016.01.28 10:41:17.179,0.72013,0.72042,1.00,1.00
2016.01.28 10:41:17.495,0.72015,0.72044,1.00,1.00
2016.01.28 10:41:17.978,0.72018,0.72045,1.00,1.00
2016.01.28 10:41:18.486,0.72019,0.72045,1.00,1.00
2016.01.28 10:41:21.358,0.72019,0.72046,1.00,1.00
2016.01.28 10:41:21.996,0.72018,0.72046,1.00,1.00
2016.01.28 10:41:23.537,0.72018,0.72045,1.00,1.00
2016.01.28 10:41:23.918,0.72016,0.72045,1.00,1.00
2016.01.28 10:41:25.004,0.72015,0.72044,1.00,1.00
2016.01.28 10:41:26.722,0.72017,0.72045,1.00,1.00
2016.01.28 10:41:26.773,0.7202,0.72049,1.00,1.00
2016.01.28 10:41:27.633,0.7202,0.72045,1.00,1.00
2016.01.28 10:41:29.326,0.72021,0.72045,1.00,1.00
2016.01.28 10:41:29.656,0.72019,0.72045,1.00,1.00
2016.01.28 10:41:33.654,0.72016,0.72045,1.00,1.00
2016.01.28 10:41:35.206,0.72018,0.72045,1.00,1.00
2016.01.28 10:41:35.529,0.72019,0.72048,1.00,1.00
2016.01.28 10:41:35.647,0.72021,0.7205,1.00,2.00
2016.01.28 10:41:35.953,0.72024,0.7205,1.00,1.00
2016.01.28 10:41:36.707,0.72024,0.72051,1.00,1.00
2016.01.28 10:41:37.728,0.72024,0.7205,1.00,1.00
2016.01.28 10:41:37.858,0.7202,0.72049,1.00,1.00
2016.01.28 10:41:37.909,0.72017,0.72046,1.00,1.00
2016.01.28 10:41:38.087,0.72015,0.72045,1.00,1.00
2016.01.28 10:41:38.188,0.72017,0.7204,1.00,1.00
2016.01.28 10:41:38.938,0.72017,0.72045,1.00,1.00
2016.01.28 10:41:39.623,0.72021,0.7205,1.00,2.00
2016.01.28 10:41:39.917,0.72023,0.7205,1.00,1.00
2016.01.28 10:41:39.967,0.72023,0.72054,1.00,1.00
2016.01.28 10:41:40.018,0.72026,0.72055,1.00,2.00
2016.01.28 10:41:42.453,0.72024,0.7205,1.00,1.00
2016.01.28 10:41:42.503,0.72021,0.7205,1.00,1.00
2016.01.28 10:41:42.987,0.72023,0.72051,1.00,1.00
2016.01.28 10:41:43.315,0.72025,0.72054,1.00,1.00
2016.01.28 10:41:43.366,0.72027,0.72055,1.00,1.00
2016.01.28 10:41:43.678,0.72029,0.72055,1.00,1.00
2016.01.28 10:41:43.880,0.72027,0.72055,1.00,1.00
2016.01.28 10:41:44.133,0.72027,0.7205,1.00,1.00
2016.01.28 10:41:44.427,0.72029,0.72055,1.00,1.00
2016.01.28 10:41:45.008,0.72031,0.72055,1.00,1.00
2016.01.28 10:41:45.108,0.72033,0.7206,1.00,1.00
2016.01.28 10:41:45.531,0.72035,0.72061,1.00,1.00
2016.01.28 10:41:46.089,0.72035,0.7206,1.00,1.00
2016.01.28 10:41:47.105,0.72035,0.72061,1.00,1.00
2016.01.28 10:41:47.156,0.72032,0.72061,1.00,2.00
2016.01.28 10:41:47.207,0.72032,0.72055,1.00,1.00
2016.01.28 10:41:47.257,0.7203,0.72055,1.00,1.00
2016.01.28 10:41:47.409,0.72027,0.7205,1.00,1.00
2016.01.28 10:41:48.476,0.72026,0.7205,1.00,1.00
2016.01.28 10:41:49.199,0.72027,0.72055,1.00,1.00
2016.01.28 10:41:49.316,0.72029,0.72055,1.00,1.00
2016.01.28 10:41:49.856,0.72026,0.72055,1.00,2.00
2016.01.28 10:41:49.957,0.72024,0.7205,1.00,1.00
2016.01.28 10:41:50.883,0.72026,0.7205,1.00,1.00
2016.01.28 10:41:50.933,0.72026,0.72055,1.00,2.00
2016.01.28 10:41:51.447,0.72025,0.72054,1.00,1.00
2016.01.28 10:41:51.607,0.72025,0.7205,1.00,1.00
2016.01.28 10:41:52.248,0.72025,0.72051,1.00,1.00
2016.01.28 10:41:54.670,0.72025,0.7205,1.00,1.00
2016.01.28 10:41:54.847,0.72022,0.72051,1.00,2.00
2016.01.28 10:41:55.017,0.72022,0.72045,1.00,1.00
2016.01.28 10:41:55.448,0.72022,0.7205,1.00,1.00
2016.01.28 10:41:56.718,0.72021,0.7205,1.00,2.00
2016.01.28 10:41:56.768,0.72021,0.72045,1.00,1.00
2016.01.28 10:41:56.997,0.72021,0.7205,1.00,1.00
2016.01.28 10:41:58.407,0.7202,0.72045,1.00,1.00
2016.01.28 10:41:58.629,0.7202,0.72049,1.00,1.00
2016.01.28 10:41:59.325,0.7202,0.72045,1.00,1.00
2016.01.28 10:41:59.729,0.7202,0.72049,1.00,1.00
2016.01.28 10:42:00.040,0.72019,0.72045,1.00,1.00
2016.01.28 10:42:00.439,0.72017,0.72045,1.00,1.00
2016.01.28 10:42:00.610,0.72017,0.7204,1.00,1.00
2016.01.28 10:42:01.047,0.72017,0.72045,1.00,1.00
2016.01.28 10:42:01.266,0.7202,0.72045,1.00,1.00
2016.01.28 10:42:01.377,0.7202,0.72049,1.00,1.00
2016.01.28 10:42:02.265,0.72021,0.7205,1.00,1.00
2016.01.28 10:42:03.540,0.72018,0.72045,1.00,1.00
2016.01.28 10:42:03.871,0.72017,0.7204,1.00,1.00
2016.01.28 10:42:04.567,0.72017,0.72045,1.00,1.00
2016.01.28 10:42:05.217,0.7202,0.72045,1.00,1.00
2016.01.28 10:42:07.147,0.72021,0.72045,1.00,1.00
2016.01.28 10:42:07.716,0.72021,0.72046,1.00,1.00
2016.01.28 10:42:08.309,0.72021,0.72045,1.00,1.00
2016.01.28 10:42:12.050,0.72021,0.72051,1.00,1.00
2016.01.28 10:42:12.100,0.72024,0.72051,1.00,1.00
2016.01.28 10:42:12.638,0.72025,0.7205,1.00,1.00
2016.01.28 10:42:13.148,0.72027,0.7205,1.00,1.00
2016.01.28 10:42:13.849,0.72027,0.72051,1.00,1.00
2016.01.28 10:42:14.368,0.72028,0.72051,1.00,1.00
2016.01.28 10:42:15.031,0.72028,0.7205,1.00,1.00
2016.01.28 10:42:15.693,0.72027,0.7205,1.00,1.00
2016.01.28 10:42:16.369,0.72027,0.72051,1.00,1.00
2016.01.28 10:42:17.367,0.72027,0.7205,1.00,1.00
2016.01.28 10:42:18.040,0.72026,0.7205,1.00,1.00
2016.01.28 10:42:18.587,0.72025,0.72051,1.00,1.00
2016.01.28 10:42:19.088,0.72025,0.7205,1.00,1.00
2016.01.28 10:42:24.381,0.72023,0.7205,1.00,1.00
2016.01.28 10:42:25.147,0.72023,0.72046,1.00,1.00
2016.01.28 10:42:25.376,0.72025,0.7205,1.00,1.00
2016.01.28 10:42:25.477,0.72027,0.7205,1.00,1.00
2016.01.28 10:42:25.907,0.72027,0.72055,1.00,1.00
2016.01.28 10:42:27.559,0.72028,0.72055,1.00,1.00
2016.01.28 10:42:31.096,0.72027,0.72055,1.00,1.00
2016.01.28 10:42:31.627,0.72027,0.72056,1.00,2.00
2016.01.28 10:42:31.776,0.72026,0.7205,1.00,1.00
2016.01.28 10:42:33.753,0.72026,0.72055,1.00,1.00
2016.01.28 10:42:36.693,0.72025,0.72054,1.00,1.00
2016.01.28 10:42:39.286,0.72022,0.72051,1.00,1.00
2016.01.28 10:42:39.474,0.7202,0.72051,2.00,1.00
2016.01.28 10:42:39.976,0.7202,0.7205,1.00,1.00
2016.01.28 10:42:40.027,0.72023,0.7205,1.00,1.00
2016.01.28 10:42:40.868,0.72024,0.7205,1.00,1.00
2016.01.28 10:42:42.033,0.72025,0.7205,1.00,1.00
2016.01.28 10:42:43.906,0.72023,0.7205,1.00,1.00
2016.01.28 10:42:46.665,0.72024,0.7205,1.00,1.00
2016.01.28 10:42:48.811,0.72024,0.72051,1.00,1.00
2016.01.28 10:42:50.040,0.72025,0.72051,1.00,1.00
2016.01.28 10:42:51.384,0.72025,0.7205,1.00,1.00
2016.01.28 10:42:51.907,0.72025,0.72054,1.00,1.00
2016.01.28 10:42:52.196,0.72025,0.7205,1.00,1.00
2016.01.28 10:42:52.774,0.72023,0.7205,1.00,1.00
2016.01.28 10:42:52.875,0.72021,0.72045,1.00,1.00
2016.01.28 10:42:53.386,0.7202,0.72045,1.00,1.00
2016.01.28 10:42:53.944,0.72019,0.72045,1.00,1.00
2016.01.28 10:42:54.755,0.72019,0.72046,1.00,1.00
2016.01.28 10:42:56.048,0.72019,0.72045,1.00,1.00
2016.01.28 10:42:57.806,0.72019,0.72046,1.00,1.00
2016.01.28 10:42:58.941,0.7202,0.72045,1.00,1.00
2016.01.28 10:42:59.041,0.72021,0.7205,1.00,1.00
2016.01.28 10:42:59.166,0.72023,0.7205,1.00,1.00
2016.01.28 10:42:59.735,0.7202,0.72049,1.00,1.00
2016.01.28 10:42:59.790,0.7202,0.72045,1.00,1.00
2016.01.28 10:43:00.370,0.72019,0.72046,1.00,1.00
2016.01.28 10:43:02.027,0.72019,0.72045,1.00,1.00
2016.01.28 10:43:02.577,0.72018,0.7204,1.00,1.00
2016.01.28 10:43:03.655,0.72018,0.72045,1.00,1.00
2016.01.28 10:43:06.262,0.72019,0.72045,1.00,1.00
2016.01.28 10:43:07.639,0.72019,0.72046,1.00,1.00
2016.01.28 10:43:08.248,0.72019,0.72045,1.00,1.00
2016.01.28 10:43:09.545,0.72021,0.72045,1.00,1.00
2016.01.28 10:43:09.595,0.72021,0.7205,1.00,2.00
2016.01.28 10:43:09.667,0.72024,0.7205,1.00,1.00
2016.01.28 10:43:10.111,0.72025,0.72054,1.00,1.00
2016.01.28 10:43:10.385,0.72027,0.72055,1.00,1.00
2016.01.28 10:43:10.708,0.72029,0.72055,1.00,1.00
2016.01.28 10:43:11.363,0.7203,0.72055,1.00,1.00
2016.01.28 10:43:11.866,0.72033,0.72055,1.00,1.00
2016.01.28 10:43:12.395,0.7203,0.7205,1.00,1.00
2016.01.28 10:43:12.668,0.7203,0.72055,1.00,1.00
2016.01.28 10:43:13.343,0.7203,0.72056,1.00,1.00
2016.01.28 10:43:16.078,0.7203,0.72055,1.00,1.00
2016.01.28 10:43:17.446,0.7203,0.7205,1.00,1.00
2016.01.28 10:43:17.756,0.72028,0.7205,1.00,1.00
2016.01.28 10:43:19.603,0.72028,0.72051,1.00,1.00
2016.01.28 10:43:20.143,0.72027,0.72051,1.00,1.00
2016.01.28 10:43:20.664,0.72027,0.7205,1.00,1.00
2016.01.28 10:43:21.362,0.7203,0.7205,1.00,1.00
2016.01.28 10:43:23.835,0.72031,0.7205,1.00,1.00
2016.01.28 10:43:23.886,0.72031,0.72055,1.00,1.00
2016.01.28 10:43:24.074,0.72031,0.72051,1.00,1.00
2016.01.28 10:43:24.124,0.72031,0.72056,1.00,1.00
2016.01.28 10:43:24.648,0.72031,0.72055,1.00,1.00
2016.01.28 10:43:24.857,0.72033,0.72055,1.00,1.00
2016.01.28 10:43:25.160,0.72035,0.72055,1.00,1.00
2016.01.28 10:43:26.531,0.72035,0.7206,1.00,1.00
2016.01.28 10:43:27.175,0.72035,0.72061,1.00,1.00
2016.01.28 10:43:27.876,0.72035,0.7206,1.00,1.00
2016.01.28 10:43:28.646,0.72037,0.72061,1.00,1.00
2016.01.28 10:43:28.929,0.72038,0.72065,1.00,1.00
2016.01.28 10:43:28.995,0.7204,0.72065,1.00,1.00
2016.01.28 10:43:31.076,0.72041,0.72065,1.00,1.00
2016.01.28 10:43:31.177,0.72043,0.7207,1.00,1.00
2016.01.28 10:43:31.504,0.72045,0.7207,1.00,1.00
2016.01.28 10:43:31.836,0.72047,0.7207,1.00,1.00
2016.01.28 10:43:32.677,0.72047,0.72071,1.00,1.00
2016.01.28 10:43:33.338,0.72047,0.7207,1.00,1.00
2016.01.28 10:43:33.877,0.72047,0.72075,1.00,1.00
2016.01.28 10:43:33.928,0.7205,0.72075,1.00,1.00
2016.01.28 10:43:34.255,0.72049,0.7207,1.00,1.00
2016.01.28 10:43:34.367,0.72049,0.72075,1.00,1.00
2016.01.28 10:43:34.946,0.7205,0.72076,1.00,1.00
2016.01.28 10:43:35.526,0.72051,0.72075,1.00,1.00
2016.01.28 10:43:35.576,0.72053,0.72075,1.00,1.00
2016.01.28 10:43:36.419,0.72053,0.72076,1.00,1.00
2016.01.28 10:43:36.946,0.72053,0.72075,1.00,1.00
2016.01.28 10:43:39.925,0.72051,0.72075,1.00,1.00
2016.01.28 10:43:41.155,0.72051,0.72076,1.00,1.00
2016.01.28 10:43:41.916,0.72051,0.72075,1.00,1.00
2016.01.28 10:43:43.054,0.72052,0.72075,1.00,1.00
2016.01.28 10:43:45.221,0.72052,0.72076,1.00,1.00
2016.01.28 10:43:45.872,0.72051,0.72076,1.00,1.00
2016.01.28 10:43:45.923,0.72051,0.72071,1.00,1.00
2016.01.28 10:43:45.973,0.72049,0.72071,1.00,1.00
2016.01.28 10:43:46.024,0.72049,0.72075,1.00,1.00
2016.01.28 10:43:47.187,0.72049,0.7207,1.00,1.00
2016.01.28 10:43:47.528,0.72049,0.72075,1.00,1.00
2016.01.28 10:43:47.925,0.72051,0.72075,1.00,1.00
2016.01.28 10:43:51.172,0.72053,0.72076,1.00,1.00
2016.01.28 10:43:51.815,0.72054,0.72075,1.00,1.00
2016.01.28 10:43:53.745,0.72055,0.72075,1.00,1.00
2016.01.28 10:43:54.276,0.72054,0.72075,1.00,1.00
2016.01.28 10:43:55.277,0.72055,0.72075,1.00,1.00
2016.01.28 10:43:55.377,0.72056,0.7208,1.00,1.00
2016.01.28 10:43:56.293,0.72057,0.7208,1.00,1.00
2016.01.28 10:43:56.346,0.72055,0.72075,1.00,1.00
2016.01.28 10:43:57.443,0.72055,0.72076,1.00,1.00
2016.01.28 10:43:58.104,0.72055,0.72075,1.00,1.00
2016.01.28 10:43:58.531,0.72057,0.72075,1.00,1.00
2016.01.28 10:43:58.747,0.72057,0.72081,1.00,1.00
2016.01.28 10:43:59.311,0.72057,0.7208,1.00,1.00
2016.01.28 10:43:59.793,0.7206,0.7208,1.00,1.00
2016.01.28 10:44:01.146,0.72058,0.7208,1.00,1.00
2016.01.28 10:44:01.939,0.72055,0.7208,1.00,1.00
2016.01.28 10:44:01.989,0.72057,0.7208,1.00,1.00
2016.01.28 10:44:03.155,0.72052,0.72071,1.00,1.00
2016.01.28 10:44:03.798,0.72051,0.7207,1.00,1.00
2016.01.28 10:44:04.233,0.72048,0.7207,1.00,1.00
2016.01.28 10:44:04.395,0.72049,0.72075,1.00,1.00
2016.01.28 10:44:06.098,0.72049,0.7207,1.00,1.00
2016.01.28 10:44:06.774,0.72052,0.7207,1.00,1.00
2016.01.28 10:44:06.825,0.72052,0.72075,1.00,1.00
2016.01.28 10:44:06.886,0.72052,0.72071,1.00,1.00
2016.01.28 10:44:06.998,0.72052,0.72075,1.00,1.00
2016.01.28 10:44:08.205,0.72052,0.7207,1.00,1.00
2016.01.28 10:44:08.988,0.72052,0.72075,1.00,1.00
2016.01.28 10:44:10.669,0.72052,0.7207,1.00,1.00
2016.01.28 10:44:11.800,0.72053,0.7207,1.00,1.00
2016.01.28 10:44:12.535,0.72054,0.72075,1.00,1.00
2016.01.28 10:44:14.653,0.72057,0.72075,1.00,1.00
2016.01.28 10:44:14.704,0.72057,0.7208,1.00,1.00
2016.01.28 10:44:15.234,0.72058,0.7208,1.00,1.00
2016.01.28 10:44:15.285,0.72056,0.7208,1.00,1.00
2016.01.28 10:44:15.768,0.72059,0.7208,1.00,1.00
2016.01.28 10:44:16.048,0.72061,0.72085,1.00,1.00
2016.01.28 10:44:16.679,0.72062,0.72085,1.00,1.00
2016.01.28 10:44:16.935,0.72061,0.7208,1.00,1.00
2016.01.28 10:44:17.484,0.7206,0.72081,1.00,1.00
2016.01.28 10:44:18.087,0.7206,0.72086,1.00,1.00
2016.01.28 10:44:18.138,0.7206,0.7208,1.00,1.00
2016.01.28 10:44:18.366,0.7206,0.72085,1.00,1.00
2016.01.28 10:44:18.417,0.72063,0.72085,1.00,1.00
2016.01.28 10:44:19.537,0.72063,0.7209,1.00,1.00
2016.01.28 10:44:19.836,0.72065,0.7209,1.00,1.00
2016.01.28 10:44:20.202,0.72066,0.72095,1.00,2.00
2016.01.28 10:44:20.253,0.72069,0.72095,1.00,1.00
2016.01.28 10:44:20.963,0.7207,0.72095,1.00,1.00
2016.01.28 10:44:21.469,0.7207,0.72096,1.00,1.00
2016.01.28 10:44:22.177,0.7207,0.72095,1.00,1.00
2016.01.28 10:44:22.235,0.72066,0.72095,1.00,2.00
2016.01.28 10:44:22.286,0.72066,0.72091,1.00,1.00
2016.01.28 10:44:22.648,0.72064,0.72091,1.00,1.00
2016.01.28 10:44:23.495,0.72064,0.7209,1.00,1.00
2016.01.28 10:44:24.486,0.72064,0.72091,1.00,1.00
2016.01.28 10:44:25.191,0.72064,0.7209,1.00,1.00
2016.01.28 10:44:27.228,0.72063,0.7209,1.00,1.00
2016.01.28 10:44:28.555,0.72063,0.72091,1.00,1.00
2016.01.28 10:44:29.106,0.72063,0.7209,1.00,1.00
2016.01.28 10:44:33.287,0.72063,0.72085,1.00,1.00
2016.01.28 10:44:33.505,0.72063,0.72091,1.00,1.00
2016.01.28 10:44:34.361,0.72063,0.7209,1.00,1.00
2016.01.28 10:44:34.411,0.72066,0.7209,1.00,1.00
2016.01.28 10:44:34.936,0.72067,0.7209,1.00,1.00
2016.01.28 10:44:35.738,0.72069,0.7209,1.00,1.00
2016.01.28 10:44:35.925,0.7207,0.72095,1.00,1.00
2016.01.28 10:44:36.259,0.72074,0.72095,1.00,1.00
2016.01.28 10:44:37.797,0.72074,0.72096,1.00,1.00
2016.01.28 10:44:38.375,0.72074,0.72095,1.00,1.00
2016.01.28 10:44:38.425,0.72072,0.72095,1.00,1.00
2016.01.28 10:44:38.565,0.7207,0.72091,1.00,1.00
2016.01.28 10:44:39.131,0.72068,0.7209,1.00,1.00
2016.01.28 10:44:42.854,0.72067,0.7209,1.00,1.00
2016.01.28 10:44:44.277,0.72068,0.7209,1.00,1.00
2016.01.28 10:44:45.164,0.72068,0.72091,1.00,1.00
2016.01.28 10:44:45.414,0.72066,0.72085,1.00,1.00
2016.01.28 10:44:46.120,0.72067,0.72086,1.00,1.00
2016.01.28 10:44:46.706,0.72067,0.72085,1.00,1.00
2016.01.28 10:44:46.968,0.72067,0.7209,1.00,1.00
2016.01.28 10:44:48.252,0.72067,0.72091,1.00,1.00
2016.01.28 10:44:49.786,0.72067,0.7209,1.00,1.00
2016.01.28 10:44:50.174,0.72069,0.7209,1.00,1.00
2016.01.28 10:44:50.865,0.72067,0.7209,1.00,1.00
2016.01.28 10:44:51.748,0.72068,0.7209,1.00,1.00
2016.01.28 10:44:51.854,0.7207,0.7209,1.00,1.00
2016.01.28 10:44:52.005,0.7207,0.72095,1.00,1.00
2016.01.28 10:44:52.106,0.72073,0.72095,1.00,1.00
2016.01.28 10:44:52.644,0.72074,0.72096,1.00,1.00
2016.01.28 10:44:53.638,0.72074,0.72095,1.00,1.00
2016.01.28 10:44:53.746,0.72074,0.721,1.00,1.00
2016.01.28 10:44:53.899,0.72076,0.721,1.00,1.00
2016.01.28 10:44:54.085,0.72079,0.72105,1.00,1.00
2016.01.28 10:44:54.404,0.72079,0.72101,1.00,1.00
2016.01.28 10:44:55.371,0.72079,0.721,1.00,1.00
2016.01.28 10:44:55.815,0.72081,0.721,1.00,1.00
2016.01.28 10:44:57.254,0.7208,0.721,1.00,1.00
2016.01.28 10:44:57.854,0.72079,0.721,1.00,1.00
2016.01.28 10:44:58.079,0.72076,0.721,1.00,1.00
2016.01.28 10:44:58.266,0.72075,0.72095,1.00,1.00
2016.01.28 10:45:00.131,0.72075,0.721,1.00,1.00
2016.01.28 10:45:00.615,0.72073,0.721,1.00,1.00
2016.01.28 10:45:00.734,0.72071,0.721,1.00,2.00
2016.01.28 10:45:01.229,0.72071,0.72095,1.00,1.00
2016.01.28 10:45:04.231,0.72071,0.72096,1.00,1.00
2016.01.28 10:45:04.525,0.72071,0.721,1.00,1.00
2016.01.28 10:45:05.386,0.72071,0.72101,1.00,1.00
2016.01.28 10:45:06.041,0.72071,0.721,1.00,1.00
2016.01.28 10:45:06.579,0.72073,0.721,1.00,1.00
2016.01.28 10:45:06.629,0.72074,0.72103,1.00,1.00
2016.01.28 10:45:06.780,0.72078,0.72105,1.00,1.00
2016.01.28 10:45:06.947,0.7208,0.72109,1.00,1.00
2016.01.28 10:45:07.588,0.72081,0.7211,1.00,2.00
2016.01.28 10:45:09.807,0.72081,0.72105,1.00,1.00
2016.01.28 10:45:09.915,0.72079,0.72105,1.00,1.00
2016.01.28 10:45:11.216,0.72082,0.72105,1.00,1.00
2016.01.28 10:45:11.728,0.72079,0.72105,1.00,1.00
2016.01.28 10:45:15.792,0.72081,0.72105,1.00,1.00
2016.01.28 10:45:18.363,0.72083,0.72105,1.00,1.00
2016.01.28 10:45:18.413,0.72083,0.7211,1.00,1.00
2016.01.28 10:45:18.625,0.72086,0.7211,1.00,1.00
2016.01.28 10:45:19.685,0.72085,0.7211,1.00,1.00
2016.01.28 10:45:20.055,0.72082,0.72105,1.00,1.00
2016.01.28 10:45:20.910,0.72082,0.72106,1.00,1.00
2016.01.28 10:45:20.961,0.72084,0.7211,1.00,1.00
2016.01.28 10:45:21.291,0.72086,0.7211,1.00,1.00
2016.01.28 10:45:21.865,0.72085,0.7211,1.00,1.00
2016.01.28 10:45:22.345,0.72085,0.72114,1.00,1.00
2016.01.28 10:45:22.455,0.72085,0.7211,1.00,1.00
2016.01.28 10:45:22.776,0.72083,0.7211,1.00,1.00
2016.01.28 10:45:23.323,0.72084,0.7211,1.00,1.00
2016.01.28 10:45:23.534,0.72084,0.72113,1.00,1.00
2016.01.28 10:45:23.585,0.72088,0.72115,1.00,1.00
2016.01.28 10:45:24.205,0.72089,0.72115,1.00,1.00
2016.01.28 10:45:24.305,0.72087,0.72115,1.00,1.00
2016.01.28 10:45:25.148,0.72091,0.72115,1.00,1.00
2016.01.28 10:45:25.757,0.7209,0.72115,1.00,1.00
2016.01.28 10:45:26.288,0.72091,0.72115,1.00,1.00
2016.01.28 10:45:26.673,0.72096,0.7212,1.00,1.00
2016.01.28 10:45:27.407,0.72097,0.7212,1.00,1.00
2016.01.28 10:45:28.047,0.72098,0.7212,1.00,1.00
2016.01.28 10:45:31.621,0.72099,0.7212,1.00,1.00
2016.01.28 10:45:32.076,0.72101,0.72121,1.00,1.00
2016.01.28 10:45:34.421,0.72099,0.7212,1.00,1.00
2016.01.28 10:45:36.389,0.721,0.7212,1.00,1.00
2016.01.28 10:45:37.528,0.721,0.72126,1.00,1.00
2016.01.28 10:45:37.635,0.721,0.72129,1.00,1.00
2016.01.28 10:45:37.794,0.72102,0.7213,1.00,1.00
2016.01.28 10:45:38.335,0.72103,0.72131,1.00,1.00
2016.01.28 10:45:39.067,0.72103,0.7213,1.00,1.00
2016.01.28 10:45:40.195,0.72105,0.7213,1.00,1.00
2016.01.28 10:45:40.707,0.72107,0.7213,1.00,1.00
2016.01.28 10:45:40.935,0.72107,0.72136,1.00,2.00
2016.01.28 10:45:41.081,0.72107,0.7213,1.00,1.00
2016.01.28 10:45:41.927,0.72107,0.72131,1.00,1.00
2016.01.28 10:45:42.125,0.72105,0.72131,1.00,1.00
2016.01.28 10:45:43.136,0.72105,0.7213,1.00,1.00
2016.01.28 10:45:44.896,0.72105,0.72134,1.00,1.00
2016.01.28 10:45:45.225,0.72105,0.7213,1.00,1.00
2016.01.28 10:45:45.806,0.72105,0.72131,1.00,1.00
2016.01.28 10:45:46.467,0.72105,0.7213,1.00,1.00
2016.01.28 10:45:47.976,0.72105,0.72134,1.00,1.00
2016.01.28 10:45:50.392,0.72106,0.72135,1.00,2.00
2016.01.28 10:45:51.095,0.72107,0.72135,1.00,1.00
2016.01.28 10:45:52.028,0.7211,0.72135,1.00,1.00
2016.01.28 10:45:52.455,0.72113,0.72135,1.00,1.00
2016.01.28 10:45:52.606,0.72109,0.72135,1.00,1.00
2016.01.28 10:45:52.745,0.72107,0.72135,1.00,1.00
2016.01.28 10:45:53.088,0.7211,0.72135,1.00,1.00
2016.01.28 10:45:53.405,0.72112,0.72135,1.00,1.00
2016.01.28 10:45:54.281,0.72112,0.72136,1.00,1.00
2016.01.28 10:45:54.467,0.72112,0.7214,1.00,1.00
2016.01.28 10:45:55.905,0.72112,0.72135,1.00,1.00
2016.01.28 10:45:56.126,0.72113,0.7214,1.00,1.00
2016.01.28 10:45:56.335,0.72116,0.7214,1.00,1.00
2016.01.28 10:45:56.486,0.72118,0.72146,1.00,1.00
2016.01.28 10:45:57.013,0.72117,0.72145,1.00,1.00
2016.01.28 10:45:57.435,0.72117,0.7214,1.00,1.00
2016.01.28 10:45:57.545,0.72117,0.72145,1.00,1.00
2016.01.28 10:45:57.875,0.72115,0.72144,1.00,1.00
2016.01.28 10:45:58.063,0.72115,0.7214,1.00,1.00
2016.01.28 10:45:59.317,0.72115,0.72141,1.00,1.00
2016.01.28 10:45:59.855,0.72115,0.72144,1.00,1.00
2016.01.28 10:46:00.076,0.72115,0.7214,1.00,1.00
2016.01.28 10:46:00.847,0.72112,0.7214,1.00,1.00
2016.01.28 10:46:00.947,0.7211,0.7214,1.00,1.00
2016.01.28 10:46:00.998,0.7211,0.72135,1.00,1.00
2016.01.28 10:46:02.033,0.72109,0.72135,1.00,1.00
2016.01.28 10:46:02.893,0.72111,0.7214,1.00,2.00
2016.01.28 10:46:03.375,0.72111,0.72135,1.00,1.00
2016.01.28 10:46:04.108,0.72109,0.72135,1.00,1.00
2016.01.28 10:46:04.393,0.72108,0.7213,1.00,1.00
2016.01.28 10:46:04.925,0.72109,0.7213,1.00,1.00
2016.01.28 10:46:05.147,0.7211,0.72135,1.00,1.00
2016.01.28 10:46:05.792,0.7211,0.72136,1.00,1.00
2016.01.28 10:46:06.534,0.72111,0.72136,1.00,1.00
2016.01.28 10:46:06.585,0.72111,0.7214,1.00,2.00
2016.01.28 10:46:08.268,0.72114,0.7214,1.00,1.00
2016.01.28 10:46:09.001,0.72115,0.72141,1.00,1.00
2016.01.28 10:46:10.090,0.72115,0.7214,1.00,1.00
2016.01.28 10:46:10.674,0.72114,0.7214,1.00,1.00
2016.01.28 10:46:11.404,0.72114,0.72141,1.00,1.00
2016.01.28 10:46:11.815,0.72116,0.7214,1.00,1.00
2016.01.28 10:46:11.866,0.72116,0.72145,1.00,2.00
2016.01.28 10:46:11.967,0.72118,0.72145,1.00,1.00
2016.01.28 10:46:12.470,0.72119,0.72145,1.00,1.00
2016.01.28 10:46:12.791,0.72121,0.72145,1.00,1.00
2016.01.28 10:46:13.299,0.72119,0.72146,1.00,1.00
2016.01.28 10:46:13.350,0.72121,0.72146,1.00,1.00
2016.01.28 10:46:13.934,0.72121,0.72145,1.00,1.00
2016.01.28 10:46:14.475,0.72118,0.72145,1.00,1.00
2016.01.28 10:46:14.576,0.72116,0.72145,1.00,2.00
2016.01.28 10:46:14.626,0.72116,0.7214,1.00,1.00
2016.01.28 10:46:15.176,0.72115,0.7214,1.00,1.00
2016.01.28 10:46:15.377,0.72116,0.72146,1.00,1.00
2016.01.28 10:46:15.435,0.72118,0.72146,1.00,1.00
2016.01.28 10:46:15.738,0.72119,0.7215,1.00,2.00
2016.01.28 10:46:15.977,0.72122,0.7215,1.00,1.00
2016.01.28 10:46:16.492,0.72123,0.7215,1.00,1.00
2016.01.28 10:46:17.272,0.72126,0.7215,1.00,1.00
2016.01.28 10:46:18.459,0.72127,0.7215,1.00,1.00
2016.01.28 10:46:18.510,0.72129,0.72155,1.00,1.00
2016.01.28 10:46:18.865,0.72126,0.72155,1.00,2.00
2016.01.28 10:46:18.995,0.72126,0.7215,1.00,1.00
2016.01.28 10:46:19.095,0.72124,0.7215,1.00,1.00
2016.01.28 10:46:19.465,0.72122,0.7215,1.00,1.00
2016.01.28 10:46:19.984,0.72122,0.72145,1.00,1.00
2016.01.28 10:46:23.944,0.72122,0.7215,1.00,1.00
2016.01.28 10:46:23.995,0.72124,0.7215,1.00,1.00
2016.01.28 10:46:24.340,0.72127,0.72151,1.00,1.00
2016.01.28 10:46:24.848,0.72127,0.7215,1.00,1.00
2016.01.28 10:46:26.047,0.72127,0.72151,1.00,1.00
2016.01.28 10:46:26.574,0.72127,0.7215,1.00,1.00
2016.01.28 10:46:27.075,0.72126,0.7215,1.00,1.00
2016.01.28 10:46:28.105,0.72125,0.7215,1.00,1.00
2016.01.28 10:46:28.525,0.72122,0.7215,1.00,1.00
2016.01.28 10:46:28.645,0.72124,0.7215,1.00,1.00
2016.01.28 10:46:29.175,0.72121,0.7215,1.00,2.00
2016.01.28 10:46:29.275,0.72121,0.72145,1.00,1.00
2016.01.28 10:46:29.854,0.7212,0.72145,1.00,1.00
2016.01.28 10:46:30.283,0.72122,0.72145,1.00,1.00
2016.01.28 10:46:30.919,0.72123,0.72145,1.00,1.00
2016.01.28 10:46:32.239,0.72123,0.7215,1.00,1.00
2016.01.28 10:46:32.425,0.72125,0.7215,1.00,1.00
2016.01.28 10:46:34.400,0.72125,0.72155,1.00,1.00
2016.01.28 10:46:35.316,0.72125,0.7215,1.00,1.00
2016.01.28 10:46:35.935,0.72126,0.7215,1.00,1.00
2016.01.28 10:46:36.294,0.72123,0.72146,1.00,1.00
2016.01.28 10:46:36.870,0.72123,0.72145,1.00,1.00
2016.01.28 10:46:37.694,0.72121,0.72145,1.00,1.00
2016.01.28 10:46:40.945,0.72115,0.7214,1.00,1.00
2016.01.28 10:46:41.477,0.72116,0.7214,1.00,1.00
2016.01.28 10:46:41.626,0.72117,0.72145,1.00,1.00
2016.01.28 10:46:41.804,0.72116,0.7214,1.00,1.00
2016.01.28 10:46:44.640,0.72115,0.7214,1.00,1.00
2016.01.28 10:46:45.804,0.72113,0.7214,1.00,1.00
2016.01.28 10:46:46.314,0.72113,0.72141,1.00,1.00
2016.01.28 10:46:46.364,0.72113,0.72135,1.00,1.00
2016.01.28 10:46:46.465,0.72111,0.72135,1.00,1.00
2016.01.28 10:46:47.006,0.7211,0.72135,1.00,1.00
2016.01.28 10:46:47.473,0.72112,0.72135,1.00,1.00
2016.01.28 10:46:47.636,0.72111,0.7214,1.00,2.00
2016.01.28 10:46:47.746,0.72111,0.72135,1.00,1.00
2016.01.28 10:46:47.856,0.72111,0.7214,1.00,1.00
2016.01.28 10:46:49.304,0.72113,0.7214,1.00,1.00
2016.01.28 10:46:49.960,0.72113,0.72141,1.00,1.00
2016.01.28 10:46:50.493,0.72113,0.7214,1.00,1.00
2016.01.28 10:46:51.156,0.72113,0.72141,1.00,1.00
2016.01.28 10:46:51.975,0.72113,0.7214,1.00,1.00
2016.01.28 10:46:52.025,0.72107,0.72136,1.00,1.00
2016.01.28 10:46:52.075,0.72107,0.7213,1.00,1.00
2016.01.28 10:46:52.634,0.72104,0.7213,1.00,1.00
2016.01.28 10:46:53.295,0.72103,0.7213,1.00,1.00
2016.01.28 10:46:54.504,0.72103,0.72132,1.00,1.00
2016.01.28 10:46:55.114,0.72103,0.7213,1.00,1.00
2016.01.28 10:46:56.089,0.72104,0.7213,1.00,1.00
2016.01.28 10:46:56.706,0.72105,0.7213,1.00,1.00
2016.01.28 10:46:57.406,0.72105,0.72131,1.00,1.00
2016.01.28 10:46:58.001,0.72105,0.72136,1.00,2.00
2016.01.28 10:46:58.051,0.72108,0.72136,1.00,1.00
2016.01.28 10:46:58.294,0.72106,0.72135,1.00,1.00
2016.01.28 10:46:58.448,0.72105,0.7213,1.00,1.00
2016.01.28 10:46:59.108,0.72104,0.7213,1.00,1.00
2016.01.28 10:46:59.453,0.72102,0.7213,1.00,1.00
2016.01.28 10:46:59.674,0.721,0.72129,1.00,1.00
2016.01.28 10:47:00.335,0.72101,0.7213,1.00,2.00
2016.01.28 10:47:00.485,0.72103,0.72131,1.00,1.00
2016.01.28 10:47:01.056,0.72103,0.7213,1.00,1.00
2016.01.28 10:47:01.716,0.72102,0.72131,1.00,2.00
2016.01.28 10:47:02.327,0.72102,0.7213,1.00,1.00
2016.01.28 10:47:02.886,0.72102,0.72131,1.00,2.00
2016.01.28 10:47:03.647,0.72102,0.7213,1.00,1.00
2016.01.28 10:47:04.434,0.72099,0.72128,1.00,1.00
2016.01.28 10:47:04.658,0.72097,0.72128,1.00,1.00
2016.01.28 10:47:04.710,0.72097,0.72125,1.00,1.00
2016.01.28 10:47:06.818,0.72099,0.72128,1.00,1.00
2016.01.28 10:47:06.919,0.72099,0.7213,1.00,2.00
2016.01.28 10:47:07.427,0.721,0.7213,2.00,1.00
2016.01.28 10:47:07.950,0.72103,0.7213,1.00,1.00
2016.01.28 10:47:08.131,0.72103,0.72132,1.00,1.00
2016.01.28 10:47:08.764,0.72103,0.72134,1.00,1.00
2016.01.28 10:47:10.440,0.72103,0.7213,1.00,1.00
2016.01.28 10:47:11.164,0.72108,0.7213,1.00,1.00
2016.01.28 10:47:11.214,0.72108,0.72135,1.00,1.00
2016.01.28 10:47:11.715,0.72109,0.72135,1.00,1.00
2016.01.28 10:47:12.383,0.72108,0.72135,1.00,1.00
2016.01.28 10:47:14.345,0.7211,0.72135,1.00,1.00
2016.01.28 10:47:21.343,0.7211,0.72139,1.00,1.00
2016.01.28 10:47:24.711,0.72111,0.7214,1.00,1.00
2016.01.28 10:47:26.344,0.72113,0.72141,1.00,1.00
2016.01.28 10:47:27.184,0.72113,0.7214,1.00,1.00
2016.01.28 10:47:27.704,0.72112,0.72141,1.00,2.00
2016.01.28 10:47:28.290,0.72112,0.7214,1.00,1.00
2016.01.28 10:47:29.125,0.72109,0.72138,1.00,1.00
2016.01.28 10:47:29.175,0.72108,0.72135,1.00,1.00
2016.01.28 10:47:29.649,0.72106,0.7213,1.00,1.00
2016.01.28 10:47:30.074,0.72104,0.7213,1.00,1.00
2016.01.28 10:47:32.985,0.72104,0.72131,1.00,1.00
2016.01.28 10:47:33.720,0.72104,0.7213,1.00,1.00
2016.01.28 10:47:35.450,0.72106,0.72135,1.00,2.00
2016.01.28 10:47:35.551,0.72109,0.72135,1.00,1.00
2016.01.28 10:47:37.885,0.7211,0.72135,1.00,1.00
2016.01.28 10:47:37.936,0.7211,0.72139,1.00,1.00
2016.01.28 10:47:39.255,0.7211,0.72135,1.00,1.00
2016.01.28 10:47:40.189,0.7211,0.72139,1.00,1.00
2016.01.28 10:47:40.575,0.7211,0.72135,1.00,1.00
2016.01.28 10:47:42.115,0.7211,0.72139,1.00,1.00
2016.01.28 10:47:42.641,0.72111,0.7214,1.00,2.00
2016.01.28 10:47:43.176,0.72113,0.72141,1.00,1.00
2016.01.28 10:47:44.001,0.72113,0.7214,1.00,1.00
2016.01.28 10:47:45.524,0.72113,0.72141,1.00,1.00
2016.01.28 10:47:46.053,0.72114,0.72143,1.00,1.00
2016.01.28 10:47:46.104,0.72114,0.72145,1.00,2.00
2016.01.28 10:47:46.643,0.72115,0.72145,1.00,1.00
2016.01.28 10:47:49.453,0.72115,0.72144,1.00,1.00
2016.01.28 10:47:50.412,0.72115,0.7214,1.00,1.00
2016.01.28 10:47:50.583,0.72115,0.72144,1.00,1.00
2016.01.28 10:47:52.643,0.72116,0.72145,1.00,2.00
2016.01.28 10:47:59.321,0.72117,0.72145,1.00,1.00
2016.01.28 10:48:00.153,0.72117,0.72146,1.00,2.00
2016.01.28 10:48:00.912,0.72116,0.72145,1.00,1.00
2016.01.28 10:48:01.378,0.72115,0.72141,1.00,1.00
2016.01.28 10:48:01.478,0.72115,0.72144,1.00,1.00
2016.01.28 10:48:02.045,0.72115,0.72145,1.00,1.00
2016.01.28 10:48:03.018,0.72115,0.7214,1.00,1.00
2016.01.28 10:48:03.914,0.72115,0.72145,1.00,1.00
2016.01.28 10:48:04.217,0.72115,0.7214,1.00,1.00
2016.01.28 10:48:07.633,0.72115,0.72141,1.00,1.00
2016.01.28 10:48:07.854,0.72113,0.72141,1.00,1.00
2016.01.28 10:48:08.057,0.72113,0.72135,1.00,1.00
2016.01.28 10:48:08.233,0.72111,0.72135,1.00,1.00
2016.01.28 10:48:08.753,0.72112,0.72136,1.00,1.00
2016.01.28 10:48:09.285,0.72112,0.72141,1.00,2.00
2016.01.28 10:48:09.495,0.72115,0.7214,1.00,1.00
2016.01.28 10:48:09.802,0.72114,0.72135,1.00,1.00
2016.01.28 10:48:10.615,0.72114,0.7214,1.00,1.00
2016.01.28 10:48:10.673,0.72116,0.7214,1.00,1.00
2016.01.28 10:48:10.932,0.72116,0.72145,1.00,1.00
2016.01.28 10:48:11.034,0.72118,0.72146,1.00,1.00
2016.01.28 10:48:11.342,0.7212,0.72146,1.00,1.00
2016.01.28 10:48:11.886,0.7212,0.72145,1.00,1.00
2016.01.28 10:48:14.283,0.72121,0.72145,1.00,1.00
2016.01.28 10:48:14.473,0.72121,0.7215,1.00,2.00
2016.01.28 10:48:14.524,0.72123,0.7215,1.00,1.00
2016.01.28 10:48:15.664,0.72123,0.72151,1.00,1.00
2016.01.28 10:48:16.252,0.72123,0.7215,1.00,1.00
2016.01.28 10:48:16.303,0.7212,0.72149,1.00,1.00
2016.01.28 10:48:16.353,0.7212,0.72145,1.00,1.00
2016.01.28 10:48:16.454,0.72118,0.72145,1.00,1.00
2016.01.28 10:48:19.506,0.72119,0.72145,1.00,1.00
2016.01.28 10:48:19.863,0.7212,0.7215,1.00,1.00
2016.01.28 10:48:19.913,0.72123,0.7215,1.00,1.00
2016.01.28 10:48:20.294,0.72124,0.72145,1.00,1.00
2016.01.28 10:48:20.347,0.72122,0.72145,1.00,1.00
2016.01.28 10:48:22.043,0.72122,0.7215,1.00,1.00
2016.01.28 10:48:22.829,0.72122,0.72146,1.00,1.00
2016.01.28 10:48:25.351,0.72122,0.72145,1.00,1.00
2016.01.28 10:48:26.133,0.72122,0.72146,1.00,1.00
2016.01.28 10:48:26.943,0.72122,0.72145,1.00,1.00
2016.01.28 10:48:28.314,0.72122,0.72146,1.00,1.00
2016.01.28 10:48:28.978,0.72122,0.72145,1.00,1.00
2016.01.28 10:48:29.653,0.72122,0.72146,1.00,1.00
2016.01.28 10:48:31.964,0.72122,0.72145,1.00,1.00
2016.01.28 10:48:32.072,0.72122,0.7215,1.00,1.00
2016.01.28 10:48:33.084,0.72122,0.72151,1.00,1.00
2016.01.28 10:48:34.163,0.72122,0.7215,1.00,1.00
2016.01.28 10:48:36.643,0.72124,0.7215,1.00,1.00
2016.01.28 10:48:38.454,0.72124,0.72146,1.00,1.00
2016.01.28 10:48:38.981,0.72124,0.72145,1.00,1.00
2016.01.28 10:48:39.641,0.72124,0.72146,1.00,1.00
2016.01.28 10:48:40.212,0.72124,0.72145,1.00,1.00
2016.01.28 10:48:40.434,0.72123,0.7215,1.00,1.00
2016.01.28 10:48:46.502,0.72123,0.72145,1.00,1.00
2016.01.28 10:48:49.571,0.72123,0.72146,1.00,1.00
2016.01.28 10:48:50.603,0.72123,0.72145,1.00,1.00
2016.01.28 10:48:52.763,0.72123,0.72151,1.00,1.00
2016.01.28 10:48:53.473,0.72123,0.7215,1.00,1.00
2016.01.28 10:48:54.381,0.72123,0.72151,1.00,1.00
2016.01.28 10:48:55.842,0.72123,0.7215,1.00,1.00
2016.01.28 10:48:57.253,0.72122,0.7215,1.00,1.00
2016.01.28 10:48:58.593,0.72122,0.72146,1.00,1.00
2016.01.28 10:48:59.252,0.72122,0.72145,1.00,1.00
2016.01.28 10:48:59.303,0.72118,0.72145,1.00,1.00
2016.01.28 10:48:59.747,0.72113,0.72142,1.00,1.00
2016.01.28 10:48:59.798,0.72113,0.72135,1.00,1.00
2016.01.28 10:49:00.174,0.72113,0.7214,1.00,1.00
2016.01.28 10:49:00.962,0.72113,0.72141,1.00,1.00
2016.01.28 10:49:01.273,0.72112,0.72135,1.00,1.00
2016.01.28 10:49:01.403,0.7211,0.72135,1.00,1.00
2016.01.28 10:49:02.332,0.7211,0.72136,1.00,1.00
2016.01.28 10:49:02.881,0.7211,0.72135,1.00,1.00
2016.01.28 10:49:03.363,0.72113,0.72135,1.00,1.00
2016.01.28 10:49:05.083,0.72113,0.72136,1.00,1.00
2016.01.28 10:49:07.392,0.72115,0.7214,1.00,1.00
2016.01.28 10:49:11.021,0.72115,0.72141,1.00,1.00
2016.01.28 10:49:11.616,0.72115,0.7214,1.00,1.00
2016.01.28 10:49:14.656,0.72119,0.72145,1.00,1.00
2016.01.28 10:49:14.924,0.72122,0.72145,1.00,1.00
2016.01.28 10:49:15.423,0.72122,0.7215,1.00,1.00
2016.01.28 10:49:17.732,0.72122,0.72145,1.00,1.00
2016.01.28 10:49:18.320,0.7212,0.72145,1.00,1.00
2016.01.28 10:49:18.861,0.72121,0.72145,1.00,1.00
2016.01.28 10:49:19.456,0.72122,0.72145,1.00,1.00
2016.01.28 10:49:26.913,0.72123,0.72145,1.00,1.00
2016.01.28 10:49:27.127,0.72121,0.72145,1.00,1.00
2016.01.28 10:49:27.463,0.72123,0.72145,1.00,1.00
2016.01.28 10:49:28.422,0.72124,0.72145,1.00,1.00
2016.01.28 10:49:29.009,0.72123,0.72145,1.00,1.00
2016.01.28 10:49:29.727,0.72124,0.72146,1.00,1.00
2016.01.28 10:49:30.493,0.72124,0.72145,1.00,1.00
2016.01.28 10:49:30.871,0.72122,0.72145,1.00,1.00
2016.01.28 10:49:31.703,0.72122,0.7215,1.00,1.00
2016.01.28 10:49:31.811,0.72122,0.72145,1.00,1.00
2016.01.28 10:49:32.037,0.72122,0.7215,1.00,1.00
2016.01.28 10:49:33.596,0.72122,0.72145,1.00,1.00
2016.01.28 10:49:36.545,0.72122,0.7215,1.00,1.00
2016.01.28 10:49:37.413,0.72121,0.7215,1.00,2.00
2016.01.28 10:49:37.463,0.72121,0.72145,1.00,1.00
2016.01.28 10:49:37.970,0.72118,0.72145,1.00,1.00
2016.01.28 10:49:38.433,0.72115,0.72145,1.00,1.00
2016.01.28 10:49:38.525,0.72115,0.7214,1.00,1.00
2016.01.28 10:49:39.154,0.72115,0.72141,1.00,1.00
2016.01.28 10:49:39.213,0.72113,0.72141,1.00,1.00
2016.01.28 10:49:39.731,0.72114,0.7214,1.00,1.00
2016.01.28 10:49:39.782,0.72112,0.7214,1.00,1.00
2016.01.28 10:49:40.296,0.72113,0.7214,1.00,1.00
2016.01.28 10:49:41.302,0.72113,0.72141,1.00,1.00
2016.01.28 10:49:41.931,0.72113,0.7214,1.00,1.00
2016.01.28 10:49:42.483,0.72113,0.72141,1.00,1.00
2016.01.28 10:49:43.271,0.72113,0.7214,1.00,1.00
2016.01.28 10:49:43.423,0.72116,0.7214,1.00,1.00
2016.01.28 10:49:43.923,0.72117,0.72145,1.00,1.00
2016.01.28 10:49:44.131,0.72117,0.7214,1.00,1.00
2016.01.28 10:49:44.442,0.72114,0.7214,1.00,1.00
2016.01.28 10:49:45.148,0.72115,0.72144,1.00,1.00
2016.01.28 10:49:45.231,0.72115,0.7214,1.00,1.00
2016.01.28 10:49:45.422,0.72113,0.7214,1.00,1.00
2016.01.28 10:49:45.573,0.72113,0.72135,1.00,1.00
2016.01.28 10:49:45.623,0.7211,0.72135,1.00,1.00
2016.01.28 10:49:45.730,0.72113,0.7214,1.00,1.00
2016.01.28 10:49:45.792,0.72113,0.72135,1.00,1.00
2016.01.28 10:49:46.216,0.7211,0.72136,1.00,1.00
2016.01.28 10:49:46.818,0.72109,0.72136,1.00,1.00
2016.01.28 10:49:47.377,0.72109,0.72135,1.00,1.00
2016.01.28 10:49:48.432,0.72109,0.72136,1.00,1.00
2016.01.28 10:49:50.529,0.72109,0.72135,1.00,1.00
2016.01.28 10:49:50.992,0.72112,0.7214,1.00,1.00
2016.01.28 10:49:55.943,0.72112,0.72141,1.00,1.00
2016.01.28 10:49:56.043,0.72115,0.7214,1.00,1.00
2016.01.28 10:50:00.206,0.72115,0.72141,1.00,1.00
2016.01.28 10:50:00.523,0.7212,0.72145,1.00,1.00
2016.01.28 10:50:00.727,0.7212,0.72149,1.00,1.00
2016.01.28 10:50:01.300,0.72121,0.7215,1.00,1.00
2016.01.28 10:50:01.960,0.72121,0.72151,1.00,1.00
2016.01.28 10:50:03.724,0.72121,0.7215,1.00,1.00
2016.01.28 10:50:11.204,0.72121,0.72145,1.00,1.00
2016.01.28 10:50:11.431,0.72121,0.7215,1.00,2.00
2016.01.28 10:50:12.300,0.72121,0.72145,1.00,1.00
2016.01.28 10:50:13.572,0.72121,0.7215,1.00,2.00
2016.01.28 10:50:14.402,0.72122,0.7215,1.00,1.00
2016.01.28 10:50:15.744,0.72122,0.72151,1.00,2.00
2016.01.28 10:50:16.304,0.72122,0.7215,1.00,1.00
2016.01.28 10:50:18.461,0.72122,0.72145,1.00,1.00
2016.01.28 10:50:18.511,0.72118,0.72145,1.00,1.00
2016.01.28 10:50:19.325,0.72117,0.72145,1.00,1.00
2016.01.28 10:50:21.232,0.72115,0.72145,1.00,1.00
2016.01.28 10:50:21.356,0.72115,0.7214,1.00,1.00
2016.01.28 10:50:21.860,0.72114,0.7214,1.00,1.00
2016.01.28 10:50:27.708,0.72116,0.7214,1.00,1.00
2016.01.28 10:50:27.759,0.72114,0.7214,1.00,1.00
2016.01.28 10:50:27.809,0.72117,0.7214,1.00,1.00
2016.01.28 10:50:27.860,0.72111,0.7214,1.00,1.00
2016.01.28 10:50:28.083,0.72109,0.72138,1.00,1.00
2016.01.28 10:50:28.692,0.72108,0.72137,1.00,1.00
2016.01.28 10:50:34.410,0.72108,0.72135,1.00,1.00
2016.01.28 10:50:35.116,0.72106,0.72135,1.00,2.00
2016.01.28 10:50:35.282,0.72103,0.72132,1.00,1.00
2016.01.28 10:50:35.584,0.721,0.72129,1.00,1.00
2016.01.28 10:50:37.430,0.72101,0.7213,1.00,1.00
2016.01.28 10:50:37.707,0.72103,0.72134,1.00,1.00
2016.01.28 10:50:37.759,0.72101,0.72132,1.00,1.00
2016.01.28 10:50:40.770,0.721,0.72129,1.00,1.00
2016.01.28 10:50:41.331,0.72098,0.72129,1.00,1.00
2016.01.28 10:50:41.641,0.72098,0.72125,1.00,1.00
2016.01.28 10:50:43.372,0.72099,0.72125,1.00,1.00
2016.01.28 10:50:43.562,0.72102,0.7213,1.00,1.00
2016.01.28 10:50:43.634,0.72104,0.7213,1.00,1.00
2016.01.28 10:50:44.212,0.72104,0.72131,1.00,1.00
2016.01.28 10:50:44.423,0.72104,0.72133,1.00,1.00
2016.01.28 10:50:45.114,0.72104,0.7213,1.00,1.00
2016.01.28 10:50:46.484,0.72102,0.7213,1.00,1.00
2016.01.28 10:50:46.620,0.72102,0.72133,1.00,1.00
2016.01.28 10:50:48.564,0.72101,0.7213,1.00,1.00
2016.01.28 10:50:49.090,0.72101,0.72132,1.00,1.00
2016.01.28 10:50:54.681,0.72103,0.72132,1.00,1.00
2016.01.28 10:50:55.929,0.72102,0.72131,1.00,1.00
2016.01.28 10:50:56.062,0.721,0.72131,2.00,1.00
2016.01.28 10:50:57.730,0.721,0.7213,1.00,1.00
2016.01.28 10:50:58.280,0.721,0.72131,1.00,1.00
2016.01.28 10:50:58.829,0.721,0.7213,1.00,1.00
2016.01.28 10:50:59.748,0.721,0.72131,1.00,1.00
2016.01.28 10:51:00.165,0.721,0.72129,1.00,1.00
2016.01.28 10:51:00.896,0.72099,0.72128,1.00,1.00
2016.01.28 10:51:02.672,0.72098,0.72127,1.00,1.00
2016.01.28 10:51:03.642,0.721,0.72129,1.00,1.00
2016.01.28 10:51:04.497,0.72098,0.72127,1.00,1.00
2016.01.28 10:51:04.823,0.72096,0.72127,1.00,1.00
2016.01.28 10:51:05.350,0.72094,0.72123,1.00,1.00
2016.01.28 10:51:05.572,0.7209,0.7212,1.00,1.00
2016.01.28 10:51:06.199,0.72089,0.7212,1.00,1.00
2016.01.28 10:51:07.391,0.72089,0.72118,1.00,1.00
2016.01.28 10:51:11.447,0.7209,0.72119,1.00,1.00
2016.01.28 10:51:12.390,0.72091,0.7212,1.00,1.00
2016.01.28 10:51:12.831,0.72093,0.72122,1.00,1.00
2016.01.28 10:51:13.415,0.72093,0.72121,1.00,1.00
2016.01.28 10:51:13.689,0.72093,0.72124,1.00,1.00
2016.01.28 10:51:14.091,0.72095,0.72124,1.00,1.00
2016.01.28 10:51:17.401,0.72094,0.72123,1.00,1.00
2016.01.28 10:51:19.380,0.72093,0.72124,1.00,1.00
2016.01.28 10:51:19.759,0.72092,0.72121,1.00,1.00
2016.01.28 10:51:20.318,0.72091,0.7212,1.00,1.00
2016.01.28 10:51:21.121,0.72089,0.72118,1.00,1.00
2016.01.28 10:51:21.649,0.7209,0.72119,1.00,1.00
2016.01.28 10:51:22.280,0.72091,0.7212,1.00,2.00
2016.01.28 10:51:25.529,0.7209,0.72119,1.00,1.00
2016.01.28 10:51:29.789,0.72089,0.72118,1.00,1.00
2016.01.28 10:51:30.691,0.72088,0.72117,1.00,1.00
2016.01.28 10:51:31.031,0.72085,0.72114,1.00,1.00
2016.01.28 10:51:33.501,0.72087,0.72116,1.00,1.00
2016.01.28 10:51:34.199,0.72086,0.72115,1.00,1.00
2016.01.28 10:51:34.518,0.72082,0.72111,1.00,1.00
2016.01.28 10:51:34.882,0.72076,0.72107,1.00,1.00
2016.01.28 10:51:35.661,0.72076,0.72106,1.00,1.00
2016.01.28 10:51:36.220,0.72076,0.72105,1.00,1.00
2016.01.28 10:51:36.609,0.72074,0.72103,1.00,1.00
2016.01.28 10:51:36.988,0.72072,0.72101,1.00,1.00
2016.01.28 10:51:37.549,0.72072,0.721,1.00,1.00
2016.01.28 10:51:37.784,0.72069,0.72098,1.00,1.00
2016.01.28 10:51:37.885,0.72066,0.72097,1.00,1.00
2016.01.28 10:51:38.138,0.72068,0.72099,1.00,1.00
2016.01.28 10:51:38.460,0.7207,0.72099,1.00,1.00
2016.01.28 10:51:39.921,0.72071,0.721,1.00,1.00
2016.01.28 10:51:40.021,0.72073,0.72104,1.00,1.00
2016.01.28 10:51:40.447,0.72075,0.72104,1.00,1.00
2016.01.28 10:51:41.009,0.72073,0.72102,1.00,1.00
2016.01.28 10:51:41.720,0.72074,0.72103,1.00,1.00
2016.01.28 10:51:43.248,0.72071,0.721,1.00,1.00
2016.01.28 10:51:43.641,0.72068,0.72097,1.00,1.00
2016.01.28 10:51:44.010,0.72066,0.72095,1.00,1.00
2016.01.28 10:51:45.201,0.72065,0.72094,1.00,1.00
2016.01.28 10:51:46.341,0.72064,0.72093,1.00,1.00
2016.01.28 10:51:47.420,0.72063,0.72092,1.00,1.00
2016.01.28 10:51:48.778,0.72061,0.72092,1.00,1.00
2016.01.28 10:51:48.829,0.7206,0.72089,2.00,1.00
2016.01.28 10:51:50.139,0.72061,0.7209,1.00,1.00
2016.01.28 10:51:51.748,0.72061,0.72092,1.00,1.00
2016.01.28 10:51:51.799,0.72064,0.72093,1.00,1.00
2016.01.28 10:51:52.537,0.72065,0.72094,1.00,1.00
2016.01.28 10:51:54.856,0.72066,0.72095,1.00,1.00
2016.01.28 10:51:55.371,0.72065,0.72096,1.00,1.00
2016.01.28 10:51:56.043,0.72068,0.72097,1.00,1.00
2016.01.28 10:51:56.991,0.72066,0.72095,1.00,1.00
2016.01.28 10:51:58.966,0.72065,0.72094,1.00,1.00
2016.01.28 10:51:59.167,0.7206,0.72091,2.00,1.00
2016.01.28 10:51:59.217,0.72058,0.72089,1.00,1.00
2016.01.28 10:51:59.555,0.72057,0.72086,1.00,1.00
2016.01.28 10:51:59.885,0.72054,0.72083,2.00,1.00
2016.01.28 10:52:00.190,0.72052,0.72081,1.00,1.00
2016.01.28 10:52:00.694,0.72053,0.72082,1.00,1.00
2016.01.28 10:52:00.945,0.72053,0.72084,1.00,1.00
2016.01.28 10:52:01.381,0.72055,0.72084,1.00,1.00
2016.01.28 10:52:02.185,0.72054,0.72083,1.00,1.00
2016.01.28 10:52:02.611,0.72048,0.72077,1.00,1.00
2016.01.28 10:52:03.058,0.7205,0.72077,1.00,1.00
2016.01.28 10:52:03.257,0.7205,0.72079,1.00,1.00
2016.01.28 10:52:04.548,0.72051,0.7208,1.00,2.00
2016.01.28 10:52:05.099,0.7205,0.72079,1.00,1.00
2016.01.28 10:52:06.303,0.72049,0.72078,1.00,1.00
2016.01.28 10:52:07.068,0.7205,0.72079,1.00,1.00
2016.01.28 10:52:07.688,0.72051,0.7208,1.00,1.00
2016.01.28 10:52:10.709,0.72053,0.72082,1.00,1.00
2016.01.28 10:52:11.272,0.72052,0.72081,1.00,1.00
2016.01.28 10:52:15.441,0.72051,0.7208,1.00,1.00
2016.01.28 10:52:15.592,0.72047,0.72078,1.00,1.00
2016.01.28 10:52:15.845,0.72046,0.72075,1.00,1.00
2016.01.28 10:52:15.971,0.72044,0.72075,2.00,1.00
2016.01.28 10:52:16.403,0.72042,0.72073,1.00,1.00
2016.01.28 10:52:17.519,0.72042,0.72071,1.00,1.00
2016.01.28 10:52:17.961,0.72039,0.72068,1.00,1.00
2016.01.28 10:52:18.319,0.72036,0.72065,1.00,1.00
2016.01.28 10:52:19.351,0.72035,0.72064,1.00,1.00
2016.01.28 10:52:19.958,0.72036,0.72065,1.00,1.00
2016.01.28 10:52:21.439,0.72035,0.72064,1.00,1.00
2016.01.28 10:52:21.760,0.72035,0.72066,1.00,1.00
2016.01.28 10:52:22.318,0.72036,0.72067,1.00,1.00
2016.01.28 10:52:22.518,0.72038,0.72067,1.00,1.00
2016.01.28 10:52:23.159,0.72037,0.72066,1.00,1.00
2016.01.28 10:52:23.680,0.72038,0.72067,1.00,1.00
2016.01.28 10:52:24.451,0.72036,0.72065,1.00,1.00
2016.01.28 10:52:24.950,0.72032,0.72061,1.00,1.00
2016.01.28 10:52:25.389,0.7203,0.72059,1.00,1.00
2016.01.28 10:52:25.440,0.72028,0.72059,1.00,1.00
2016.01.28 10:52:25.490,0.7203,0.72059,1.00,1.00
2016.01.28 10:52:25.794,0.72033,0.72061,1.00,1.00
2016.01.28 10:52:25.844,0.72031,0.7206,1.00,2.00
2016.01.28 10:52:25.895,0.72028,0.72059,1.00,1.00
2016.01.28 10:52:26.049,0.72027,0.72056,1.00,1.00
2016.01.28 10:52:26.842,0.72028,0.72057,1.00,1.00
2016.01.28 10:52:27.368,0.72029,0.72058,1.00,1.00
2016.01.28 10:52:28.638,0.72031,0.7206,1.00,1.00
2016.01.28 10:52:29.011,0.72035,0.72064,1.00,1.00
2016.01.28 10:52:29.359,0.72037,0.72066,1.00,1.00
2016.01.28 10:52:29.739,0.72034,0.72063,1.00,1.00
2016.01.28 10:52:30.044,0.72031,0.7206,1.00,1.00
2016.01.28 10:52:30.720,0.72032,0.72061,1.00,1.00
2016.01.28 10:52:31.107,0.7203,0.72059,2.00,1.00
2016.01.28 10:52:31.550,0.72032,0.72061,1.00,1.00
2016.01.28 10:52:31.854,0.7203,0.72059,1.00,1.00
2016.01.28 10:52:32.682,0.72031,0.7206,1.00,1.00
2016.01.28 10:52:34.099,0.72034,0.72063,1.00,1.00
2016.01.28 10:52:35.381,0.72035,0.72064,1.00,1.00
2016.01.28 10:52:35.500,0.72036,0.72067,1.00,1.00
2016.01.28 10:52:36.340,0.72037,0.72068,1.00,1.00
2016.01.28 10:52:36.551,0.72039,0.72068,1.00,1.00
2016.01.28 10:52:37.067,0.72038,0.72067,1.00,1.00
2016.01.28 10:52:37.481,0.72036,0.72067,1.00,1.00
2016.01.28 10:52:37.582,0.72035,0.72064,1.00,1.00
2016.01.28 10:52:38.182,0.72038,0.72067,1.00,1.00
2016.01.28 10:52:38.574,0.7204,0.72069,1.00,1.00
2016.01.28 10:52:39.222,0.72041,0.7207,1.00,1.00
2016.01.28 10:52:39.323,0.72041,0.72072,1.00,1.00
2016.01.28 10:52:39.659,0.7204,0.72069,1.00,1.00
2016.01.28 10:52:39.848,0.72038,0.72069,1.00,1.00
2016.01.28 10:52:41.785,0.72037,0.72068,1.00,1.00
2016.01.28 10:52:42.207,0.72042,0.72071,1.00,1.00
2016.01.28 10:52:42.818,0.7204,0.72071,1.00,1.00
2016.01.28 10:52:42.918,0.72039,0.72068,1.00,1.00
2016.01.28 10:52:43.371,0.72037,0.72068,1.00,1.00
2016.01.28 10:52:43.649,0.72037,0.72065,1.00,1.00
2016.01.28 10:52:44.312,0.72039,0.72065,1.00,1.00
2016.01.28 10:52:45.201,0.7204,0.72069,1.00,1.00
2016.01.28 10:52:45.772,0.7204,0.72066,1.00,1.00
2016.01.28 10:52:45.953,0.72038,0.72065,1.00,1.00
2016.01.28 10:52:46.053,0.72036,0.72065,1.00,1.00
2016.01.28 10:52:46.254,0.72034,0.72063,1.00,1.00
2016.01.28 10:52:46.611,0.72032,0.72061,1.00,1.00
2016.01.28 10:52:46.998,0.72035,0.72064,1.00,1.00
2016.01.28 10:52:47.543,0.72033,0.72062,1.00,1.00
2016.01.28 10:52:47.887,0.72035,0.72064,1.00,1.00
2016.01.28 10:52:48.213,0.72041,0.7207,1.00,1.00
2016.01.28 10:52:48.730,0.72042,0.7207,1.00,1.00
2016.01.28 10:52:49.377,0.72042,0.72071,1.00,1.00
2016.01.28 10:52:50.961,0.72043,0.72072,1.00,1.00
2016.01.28 10:52:51.195,0.72043,0.72074,1.00,1.00
2016.01.28 10:52:51.246,0.72046,0.72075,1.00,1.00
2016.01.28 10:52:51.955,0.72047,0.72076,1.00,1.00
2016.01.28 10:52:54.381,0.72047,0.72078,1.00,1.00
2016.01.28 10:52:54.537,0.72047,0.72075,1.00,1.00
2016.01.28 10:52:55.073,0.72047,0.72076,1.00,1.00
2016.01.28 10:52:55.639,0.72047,0.72075,1.00,1.00
2016.01.28 10:52:55.798,0.72049,0.72078,1.00,1.00
2016.01.28 10:52:56.334,0.72051,0.7208,1.00,1.00
2016.01.28 10:52:56.458,0.72049,0.7208,1.00,2.00
2016.01.28 10:52:56.720,0.72049,0.72078,1.00,1.00
2016.01.28 10:52:57.020,0.72051,0.72082,1.00,1.00
2016.01.28 10:52:57.508,0.72051,0.7208,1.00,1.00
2016.01.28 10:52:58.201,0.7205,0.72079,1.00,1.00
2016.01.28 10:52:58.919,0.72049,0.72078,1.00,1.00
2016.01.28 10:52:59.370,0.72051,0.7208,1.00,2.00
2016.01.28 10:52:59.758,0.72054,0.72083,1.00,1.00
2016.01.28 10:53:00.684,0.72053,0.72082,1.00,1.00
2016.01.28 10:53:01.249,0.72053,0.72081,1.00,1.00
2016.01.28 10:53:01.880,0.72048,0.72077,1.00,1.00
2016.01.28 10:53:01.931,0.7205,0.72077,1.00,1.00
2016.01.28 10:53:02.129,0.72048,0.72077,1.00,1.00
2016.01.28 10:53:02.458,0.7205,0.72077,1.00,1.00
2016.01.28 10:53:03.249,0.72049,0.72077,1.00,1.00
2016.01.28 10:53:04.420,0.7205,0.72077,1.00,1.00
2016.01.28 10:53:04.471,0.72046,0.72075,1.00,1.00
2016.01.28 10:53:04.820,0.72045,0.72073,1.00,1.00
2016.01.28 10:53:05.367,0.72045,0.72072,1.00,1.00
2016.01.28 10:53:06.206,0.72044,0.72072,1.00,1.00
2016.01.28 10:53:06.858,0.72045,0.72072,1.00,1.00
2016.01.28 10:53:08.498,0.72045,0.72071,1.00,1.00
2016.01.28 10:53:08.659,0.72042,0.72071,1.00,1.00
2016.01.28 10:53:08.959,0.72038,0.72067,1.00,1.00
2016.01.28 10:53:09.376,0.72036,0.72065,1.00,1.00
2016.01.28 10:53:09.877,0.72037,0.72066,1.00,1.00
2016.01.28 10:53:10.353,0.72035,0.72066,2.00,1.00
2016.01.28 10:53:10.590,0.72035,0.72064,2.00,1.00
2016.01.28 10:53:10.929,0.72031,0.7206,1.00,1.00
2016.01.28 10:53:11.937,0.72029,0.72058,1.00,1.00
2016.01.28 10:53:12.908,0.7203,0.72058,1.00,1.00
2016.01.28 10:53:14.825,0.72029,0.72058,1.00,1.00
2016.01.28 10:53:15.267,0.72024,0.72053,1.00,1.00
2016.01.28 10:53:18.125,0.72025,0.72053,1.00,1.00
2016.01.28 10:53:18.176,0.72028,0.72059,1.00,1.00
2016.01.28 10:53:18.280,0.72031,0.7206,1.00,1.00
2016.01.28 10:53:18.401,0.72027,0.72058,1.00,1.00
2016.01.28 10:53:18.520,0.72029,0.72058,1.00,1.00
2016.01.28 10:53:18.913,0.72026,0.72055,1.00,1.00
2016.01.28 10:53:19.530,0.72025,0.72054,1.00,1.00
2016.01.28 10:53:20.074,0.72024,0.72053,1.00,1.00
2016.01.28 10:53:20.330,0.72022,0.72053,1.00,1.00
2016.01.28 10:53:20.380,0.72025,0.72054,1.00,1.00
2016.01.28 10:53:20.660,0.72023,0.72054,1.00,1.00
2016.01.28 10:53:20.724,0.72025,0.72055,1.00,1.00
2016.01.28 10:53:21.143,0.72028,0.72057,1.00,1.00
2016.01.28 10:53:21.904,0.72029,0.72058,1.00,1.00
2016.01.28 10:53:22.410,0.7203,0.72059,1.00,1.00
2016.01.28 10:53:22.878,0.72031,0.72062,1.00,1.00
2016.01.28 10:53:22.979,0.72035,0.72064,1.00,1.00
2016.01.28 10:53:23.664,0.72033,0.72062,1.00,1.00
2016.01.28 10:53:24.168,0.72032,0.72061,1.00,1.00
2016.01.28 10:53:24.494,0.7203,0.72059,1.00,1.00
2016.01.28 10:53:24.966,0.72027,0.72056,1.00,1.00
2016.01.28 10:53:25.498,0.72027,0.72058,1.00,1.00
2016.01.28 10:53:25.618,0.7203,0.72059,1.00,1.00
2016.01.28 10:53:26.750,0.72029,0.72058,1.00,1.00
2016.01.28 10:53:27.530,0.7203,0.72059,1.00,1.00
2016.01.28 10:53:28.535,0.72029,0.72058,1.00,1.00
2016.01.28 10:53:29.188,0.72028,0.72057,1.00,1.00
2016.01.28 10:53:31.266,0.72031,0.7206,1.00,1.00
2016.01.28 10:53:31.317,0.72029,0.7206,1.00,1.00
2016.01.28 10:53:31.372,0.72028,0.72057,1.00,1.00
2016.01.28 10:53:31.685,0.72032,0.72061,1.00,1.00
2016.01.28 10:53:32.417,0.72029,0.7206,1.00,1.00
2016.01.28 10:53:32.570,0.72032,0.72061,1.00,1.00
2016.01.28 10:53:32.979,0.72034,0.72063,1.00,1.00
2016.01.28 10:53:33.395,0.72036,0.72065,1.00,1.00
2016.01.28 10:53:33.720,0.72038,0.72067,1.00,1.00
2016.01.28 10:53:35.427,0.72039,0.72068,1.00,1.00
2016.01.28 10:53:35.728,0.72039,0.7207,1.00,1.00
2016.01.28 10:53:36.011,0.72039,0.72068,1.00,1.00
2016.01.28 10:53:37.121,0.72038,0.72067,1.00,1.00
2016.01.28 10:53:38.150,0.72039,0.72068,1.00,1.00
2016.01.28 10:53:38.766,0.7204,0.72069,2.00,1.00
2016.01.28 10:53:40.124,0.72037,0.72066,1.00,1.00
2016.01.28 10:53:40.397,0.72035,0.72066,2.00,1.00
2016.01.28 10:53:41.053,0.72037,0.72066,1.00,1.00
2016.01.28 10:53:42.480,0.72038,0.72067,1.00,1.00
2016.01.28 10:53:43.099,0.72036,0.72065,1.00,1.00
2016.01.28 10:53:43.260,0.72034,0.72065,1.00,1.00
2016.01.28 10:53:43.680,0.72036,0.72065,1.00,1.00
2016.01.28 10:53:44.460,0.72038,0.72067,1.00,1.00
2016.01.28 10:53:46.320,0.72036,0.72067,1.00,1.00
2016.01.28 10:53:46.603,0.72036,0.72065,1.00,1.00
2016.01.28 10:53:46.653,0.72034,0.72065,1.00,1.00
2016.01.28 10:53:46.754,0.72033,0.72062,1.00,1.00
2016.01.28 10:53:48.420,0.72034,0.72063,1.00,1.00
2016.01.28 10:53:48.824,0.72036,0.72065,1.00,1.00
2016.01.28 10:53:48.983,0.72036,0.72067,1.00,1.00
2016.01.28 10:53:49.034,0.72038,0.72067,1.00,1.00
2016.01.28 10:53:49.259,0.72038,0.72069,1.00,1.00
2016.01.28 10:53:50.077,0.72038,0.72067,1.00,1.00
2016.01.28 10:53:50.430,0.72036,0.72065,1.00,1.00
2016.01.28 10:53:51.146,0.72035,0.72064,2.00,1.00
2016.01.28 10:53:52.592,0.72037,0.72066,1.00,1.00
2016.01.28 10:53:53.077,0.72041,0.7207,1.00,1.00
2016.01.28 10:53:53.621,0.72042,0.72071,1.00,1.00
2016.01.28 10:53:54.319,0.7204,0.72069,1.00,1.00
2016.01.28 10:54:03.055,0.7204,0.72068,1.00,1.00
2016.01.28 10:54:03.155,0.72037,0.72066,1.00,1.00
2016.01.28 10:54:04.987,0.72036,0.72065,1.00,1.00
2016.01.28 10:54:05.263,0.72032,0.72063,1.00,1.00
2016.01.28 10:54:05.851,0.72031,0.72062,1.00,1.00
2016.01.28 10:54:05.910,0.7203,0.7206,1.00,1.00
2016.01.28 10:54:06.587,0.72029,0.7206,1.00,1.00
2016.01.28 10:54:07.017,0.72026,0.72055,1.00,1.00
2016.01.28 10:54:08.774,0.72025,0.72053,1.00,1.00
2016.01.28 10:54:09.379,0.72024,0.72053,1.00,1.00
2016.01.28 10:54:10.109,0.72023,0.72052,1.00,1.00
2016.01.28 10:54:11.410,0.72022,0.72051,1.00,1.00
2016.01.28 10:54:12.466,0.72021,0.7205,1.00,1.00
2016.01.28 10:54:13.009,0.72022,0.72051,1.00,1.00
2016.01.28 10:54:16.376,0.72024,0.72053,1.00,1.00
2016.01.28 10:54:16.927,0.72025,0.72054,1.00,1.00
2016.01.28 10:54:21.280,0.72026,0.72055,1.00,1.00
2016.01.28 10:54:21.589,0.72029,0.72055,1.00,1.00
2016.01.28 10:54:21.690,0.72026,0.72055,1.00,1.00
2016.01.28 10:54:21.976,0.72025,0.72053,1.00,1.00
2016.01.28 10:54:23.088,0.72024,0.72053,2.00,1.00
2016.01.28 10:54:23.418,0.7203,0.72055,1.00,1.00
2016.01.28 10:54:23.983,0.7203,0.72058,1.00,1.00
2016.01.28 10:54:24.593,0.7203,0.72059,1.00,1.00
2016.01.28 10:54:25.335,0.7203,0.7206,1.00,1.00
2016.01.28 10:54:25.836,0.72029,0.7206,2.00,1.00
2016.01.28 10:54:26.195,0.72029,0.72058,2.00,1.00
2016.01.28 10:54:26.870,0.7203,0.72058,1.00,1.00
2016.01.28 10:54:27.440,0.72029,0.72058,1.00,1.00
2016.01.28 10:54:27.490,0.72026,0.72057,1.00,1.00
2016.01.28 10:54:27.596,0.7203,0.72057,1.00,1.00
2016.01.28 10:54:27.926,0.72028,0.72057,1.00,1.00
2016.01.28 10:54:28.093,0.72026,0.72055,1.00,1.00
2016.01.28 10:54:28.479,0.72025,0.72053,1.00,1.00
2016.01.28 10:54:29.026,0.72023,0.72052,1.00,1.00
2016.01.28 10:54:29.455,0.72021,0.7205,1.00,1.00
2016.01.28 10:54:30.339,0.72019,0.72048,2.00,1.00
2016.01.28 10:54:31.161,0.7202,0.72049,1.00,1.00
2016.01.28 10:54:36.051,0.72017,0.72048,1.00,1.00
2016.01.28 10:54:36.151,0.72017,0.72046,1.00,1.00
2016.01.28 10:54:36.607,0.72018,0.72049,1.00,1.00
2016.01.28 10:54:36.758,0.7202,0.72049,1.00,1.00
2016.01.28 10:54:37.353,0.7202,0.72047,1.00,1.00
2016.01.28 10:54:38.149,0.7202,0.7205,1.00,1.00
2016.01.28 10:54:38.926,0.72019,0.7205,2.00,1.00
2016.01.28 10:54:39.595,0.7202,0.7205,1.00,1.00
2016.01.28 10:54:40.355,0.72019,0.7205,2.00,1.00
2016.01.28 10:54:40.516,0.7202,0.72046,1.00,1.00
2016.01.28 10:54:40.795,0.72017,0.72046,1.00,1.00
2016.01.28 10:54:41.415,0.72016,0.72045,1.00,1.00
2016.01.28 10:54:41.688,0.72018,0.72047,1.00,1.00
2016.01.28 10:54:42.142,0.7202,0.72048,1.00,1.00
2016.01.28 10:54:43.033,0.7202,0.7205,1.00,1.00
2016.01.28 10:54:43.207,0.72021,0.72052,1.00,1.00
2016.01.28 10:54:44.982,0.72023,0.72052,1.00,1.00
2016.01.28 10:54:48.199,0.72021,0.7205,1.00,1.00
2016.01.28 10:54:48.579,0.72019,0.72048,1.00,1.00
2016.01.28 10:54:48.936,0.72016,0.72045,1.00,1.00
2016.01.28 10:54:49.354,0.72015,0.72042,1.00,1.00
2016.01.28 10:54:50.155,0.72014,0.72042,1.00,1.00
2016.01.28 10:54:50.663,0.72015,0.72042,1.00,1.00
2016.01.28 10:54:50.714,0.7201,0.72041,2.00,1.00
2016.01.28 10:54:50.966,0.7201,0.72038,1.00,1.00
2016.01.28 10:54:51.557,0.7201,0.72039,1.00,1.00
2016.01.28 10:54:54.239,0.7201,0.72041,2.00,1.00
2016.01.28 10:54:55.139,0.72012,0.72041,1.00,1.00
2016.01.28 10:54:55.799,0.72011,0.7204,1.00,1.00
2016.01.28 10:54:57.616,0.72012,0.72041,1.00,1.00
2016.01.28 10:54:58.787,0.7201,0.72039,1.00,1.00
2016.01.28 10:55:03.801,0.72011,0.7204,1.00,1.00
2016.01.28 10:55:04.210,0.72015,0.72044,1.00,1.00
2016.01.28 10:55:04.527,0.72012,0.72041,1.00,1.00
2016.01.28 10:55:04.935,0.72014,0.72043,1.00,1.00
2016.01.28 10:55:05.507,0.72015,0.72044,1.00,1.00
2016.01.28 10:55:05.612,0.72016,0.72047,1.00,1.00
2016.01.28 10:55:05.670,0.72019,0.72047,1.00,1.00
2016.01.28 10:55:05.720,0.7202,0.72049,1.00,1.00
2016.01.28 10:55:05.910,0.72025,0.72049,1.00,1.00
2016.01.28 10:55:05.961,0.72025,0.72051,1.00,1.00
2016.01.28 10:55:06.437,0.72022,0.72051,1.00,1.00
2016.01.28 10:55:06.666,0.7202,0.72048,1.00,1.00
2016.01.28 10:55:07.171,0.72019,0.72048,2.00,1.00
2016.01.28 10:55:08.106,0.72018,0.72047,1.00,1.00
2016.01.28 10:55:11.773,0.72016,0.72045,1.00,1.00
2016.01.28 10:55:12.671,0.72015,0.72044,1.00,1.00
2016.01.28 10:55:13.377,0.72014,0.72043,1.00,1.00
2016.01.28 10:55:14.300,0.72015,0.72044,1.00,1.00
2016.01.28 10:55:14.602,0.72017,0.72046,1.00,1.00
2016.01.28 10:55:14.652,0.72017,0.72048,1.00,1.00
2016.01.28 10:55:14.802,0.72019,0.72048,1.00,1.00
2016.01.28 10:55:15.431,0.72019,0.72047,1.00,1.00
2016.01.28 10:55:16.051,0.72018,0.72047,1.00,1.00
2016.01.28 10:55:17.174,0.72014,0.72042,1.00,1.00
2016.01.28 10:55:17.487,0.72014,0.7204,1.00,1.00
2016.01.28 10:55:17.878,0.72015,0.72042,1.00,1.00
2016.01.28 10:55:18.559,0.72014,0.72043,2.00,1.00
2016.01.28 10:55:19.097,0.72015,0.72043,1.00,1.00
2016.01.28 10:55:19.308,0.72012,0.72043,1.00,1.00
2016.01.28 10:55:19.539,0.7201,0.72041,2.00,1.00
2016.01.28 10:55:19.879,0.72012,0.72041,1.00,1.00
2016.01.28 10:55:20.716,0.72015,0.72041,1.00,1.00
2016.01.28 10:55:21.889,0.72011,0.7204,1.00,1.00
2016.01.28 10:55:22.500,0.7201,0.72039,2.00,1.00
2016.01.28 10:55:23.048,0.72009,0.72038,1.00,1.00
2016.01.28 10:55:23.461,0.7201,0.72041,2.00,1.00
2016.01.28 10:55:23.615,0.72015,0.72041,1.00,1.00
2016.01.28 10:55:26.137,0.72015,0.72042,1.00,1.00
2016.01.28 10:55:26.530,0.72015,0.7204,1.00,1.00
2016.01.28 10:55:28.352,0.72009,0.72038,2.00,1.00
2016.01.28 10:55:28.513,0.72007,0.72038,1.00,1.00
2016.01.28 10:55:28.618,0.72005,0.72036,1.00,1.00
2016.01.28 10:55:29.008,0.72005,0.72034,2.00,1.00
2016.01.28 10:55:29.518,0.72007,0.72036,1.00,1.00
2016.01.28 10:55:29.821,0.72005,0.72032,1.00,1.00
2016.01.28 10:55:29.922,0.72,0.72029,2.00,1.00
2016.01.28 10:55:30.970,0.72,0.72028,1.00,1.00
2016.01.28 10:55:32.791,0.72,0.72027,1.00,1.00
2016.01.28 10:55:33.297,0.71999,0.72027,1.00,1.00
2016.01.28 10:55:33.810,0.71999,0.72024,1.00,1.00
2016.01.28 10:55:33.861,0.71995,0.72024,2.00,1.00
2016.01.28 10:55:34.398,0.71999,0.72024,1.00,1.00
2016.01.28 10:55:34.950,0.71995,0.72024,2.00,1.00
2016.01.28 10:55:35.734,0.71995,0.72022,1.00,1.00
2016.01.28 10:55:35.966,0.71992,0.72021,1.00,1.00
2016.01.28 10:55:36.452,0.7199,0.72019,2.00,1.00
2016.01.28 10:55:36.847,0.7199,0.72017,1.00,1.00
2016.01.28 10:55:37.231,0.7199,0.72015,1.00,1.00
2016.01.28 10:55:38.956,0.7199,0.72016,1.00,1.00
2016.01.28 10:55:39.271,0.7199,0.72014,1.00,1.00
2016.01.28 10:55:39.957,0.71985,0.72012,1.00,1.00
2016.01.28 10:55:40.069,0.7198,0.72009,2.00,1.00
2016.01.28 10:55:40.121,0.7198,0.72006,1.00,1.00
2016.01.28 10:55:40.171,0.71977,0.72006,1.00,1.00
2016.01.28 10:55:40.338,0.71975,0.72005,1.00,1.00
2016.01.28 10:55:40.388,0.71979,0.72005,1.00,1.00
2016.01.28 10:55:40.506,0.71975,0.72005,1.00,1.00
2016.01.28 10:55:40.618,0.71977,0.72006,1.00,1.00
2016.01.28 10:55:41.021,0.71975,0.72006,2.00,1.00
2016.01.28 10:55:42.090,0.71979,0.72008,2.00,1.00
2016.01.28 10:55:43.198,0.7198,0.72009,1.00,1.00
2016.01.28 10:55:43.661,0.7198,0.72007,1.00,1.00
2016.01.28 10:55:43.812,0.71976,0.72005,1.00,1.00
2016.01.28 10:55:44.028,0.71975,0.72003,1.00,1.00
2016.01.28 10:55:44.830,0.71975,0.72002,1.00,1.00
2016.01.28 10:55:48.124,0.71975,0.72003,1.00,1.00
2016.01.28 10:55:48.344,0.71977,0.72006,1.00,1.00
2016.01.28 10:55:48.446,0.7198,0.72007,1.00,1.00
2016.01.28 10:55:48.752,0.7198,0.72009,2.00,1.00
2016.01.28 10:55:49.226,0.71985,0.72014,1.00,1.00
2016.01.28 10:55:49.827,0.71985,0.72015,1.00,1.00
2016.01.28 10:55:50.300,0.71985,0.72012,1.00,1.00
2016.01.28 10:55:50.959,0.71984,0.72012,1.00,1.00
2016.01.28 10:55:51.405,0.71984,0.7201,1.00,1.00
2016.01.28 10:55:51.507,0.71984,0.72012,1.00,1.00
2016.01.28 10:55:52.024,0.71984,0.72011,1.00,1.00
2016.01.28 10:55:52.074,0.71984,0.72009,1.00,1.00
2016.01.28 10:55:52.669,0.7199,0.72012,1.00,1.00
2016.01.28 10:55:52.900,0.7199,0.72014,1.00,1.00
2016.01.28 10:55:53.764,0.71985,0.72014,1.00,1.00
2016.01.28 10:55:53.814,0.71981,0.7201,1.00,1.00
2016.01.28 10:55:54.220,0.7198,0.72008,1.00,1.00
2016.01.28 10:55:55.750,0.7198,0.72007,1.00,1.00
2016.01.28 10:55:55.881,0.71978,0.72007,1.00,1.00
2016.01.28 10:55:55.932,0.71976,0.72007,1.00,1.00
2016.01.28 10:55:56.129,0.71975,0.72004,2.00,1.00
2016.01.28 10:55:57.276,0.71975,0.72003,1.00,1.00
2016.01.28 10:55:57.836,0.71974,0.72003,1.00,1.00
2016.01.28 10:55:58.364,0.71975,0.72003,1.00,1.00
2016.01.28 10:55:59.796,0.71975,0.72002,1.00,1.00
2016.01.28 10:56:02.230,0.71975,0.72004,2.00,1.00
2016.01.28 10:56:02.645,0.7198,0.72006,1.00,1.00
2016.01.28 10:56:03.028,0.71975,0.72006,2.00,1.00
2016.01.28 10:56:03.137,0.71979,0.72006,1.00,1.00
2016.01.28 10:56:03.639,0.7198,0.72006,1.00,1.00
2016.01.28 10:56:03.908,0.71975,0.72006,2.00,1.00
2016.01.28 10:56:05.825,0.7198,0.72009,2.00,1.00
2016.01.28 10:56:07.256,0.71982,0.72011,1.00,1.00
2016.01.28 10:56:07.307,0.71983,0.72014,1.00,1.00
2016.01.28 10:56:07.357,0.71985,0.72014,2.00,1.00
2016.01.28 10:56:08.026,0.71985,0.72012,1.00,1.00
2016.01.28 10:56:08.087,0.71983,0.72012,1.00,1.00
2016.01.28 10:56:08.138,0.7198,0.72011,2.00,1.00
2016.01.28 10:56:08.238,0.71985,0.72011,1.00,1.00
2016.01.28 10:56:08.307,0.7198,0.72011,2.00,1.00
2016.01.28 10:56:08.363,0.7198,0.72007,1.00,1.00
2016.01.28 10:56:08.418,0.71978,0.72007,1.00,1.00
2016.01.28 10:56:08.542,0.71975,0.72006,2.00,1.00
2016.01.28 10:56:08.639,0.7198,0.72006,1.00,1.00
2016.01.28 10:56:08.901,0.71974,0.72002,1.00,1.00
2016.01.28 10:56:08.960,0.71974,0.72005,2.00,1.00
2016.01.28 10:56:09.011,0.7198,0.72005,1.00,1.00
2016.01.28 10:56:09.345,0.71979,0.72003,1.00,1.00
2016.01.28 10:56:09.406,0.71975,0.72003,1.00,1.00
2016.01.28 10:56:09.546,0.71975,0.72,1.00,1.00
2016.01.28 10:56:09.761,0.7197,0.71998,1.00,1.00
2016.01.28 10:56:10.105,0.7197,0.71995,1.00,1.00
2016.01.28 10:56:10.340,0.7197,0.71997,1.00,1.00
2016.01.28 10:56:10.927,0.7197,0.71999,1.00,1.00
2016.01.28 10:56:11.235,0.7197,0.71997,1.00,1.00
2016.01.28 10:56:11.736,0.7197,0.71996,1.00,1.00
2016.01.28 10:56:13.257,0.71967,0.71996,1.00,1.00
2016.01.28 10:56:13.308,0.71965,0.71995,1.00,1.00
2016.01.28 10:56:13.358,0.71965,0.71993,1.00,1.00
2016.01.28 10:56:15.458,0.71964,0.71993,2.00,1.00
2016.01.28 10:56:16.233,0.71965,0.71993,1.00,1.00
2016.01.28 10:56:16.334,0.71966,0.71995,1.00,1.00
2016.01.28 10:56:17.028,0.7197,0.71995,1.00,1.00
2016.01.28 10:56:17.417,0.71975,0.71997,1.00,1.00
2016.01.28 10:56:17.870,0.71975,0.72,1.00,1.00
2016.01.28 10:56:18.516,0.71974,0.72,1.00,1.00
2016.01.28 10:56:18.567,0.71971,0.72,1.00,1.00
2016.01.28 10:56:18.820,0.71975,0.71999,1.00,1.00
2016.01.28 10:56:19.336,0.7197,0.71999,2.00,1.00
2016.01.28 10:56:20.270,0.71971,0.72,1.00,1.00
2016.01.28 10:56:20.477,0.71975,0.72,1.00,1.00
2016.01.28 10:56:21.688,0.71971,0.72,1.00,1.00
2016.01.28 10:56:21.920,0.7197,0.71998,1.00,1.00
2016.01.28 10:56:23.447,0.71969,0.71998,1.00,1.00
2016.01.28 10:56:24.022,0.7197,0.71999,1.00,1.00
2016.01.28 10:56:25.188,0.7197,0.71998,1.00,1.00
2016.01.28 10:56:25.526,0.71968,0.71997,1.00,1.00
2016.01.28 10:56:26.018,0.71965,0.71993,1.00,1.00
2016.01.28 10:56:27.945,0.71965,0.71991,1.00,1.00
2016.01.28 10:56:28.889,0.71965,0.7199,1.00,1.00
2016.01.28 10:56:32.008,0.7196,0.71989,1.00,1.00
2016.01.28 10:56:32.096,0.71965,0.71989,1.00,1.00
2016.01.28 10:56:33.650,0.7196,0.71989,2.00,1.00
2016.01.28 10:56:34.261,0.71959,0.71988,2.00,1.00
2016.01.28 10:56:34.814,0.7196,0.71988,1.00,1.00
2016.01.28 10:56:36.041,0.71961,0.7199,1.00,1.00
2016.01.28 10:56:36.092,0.71965,0.7199,1.00,1.00
2016.01.28 10:56:37.637,0.71964,0.7199,1.00,1.00
2016.01.28 10:56:39.432,0.71964,0.71992,1.00,1.00
2016.01.28 10:56:39.887,0.71965,0.7199,1.00,1.00
2016.01.28 10:56:39.938,0.71961,0.7199,1.00,1.00
2016.01.28 10:56:42.490,0.7196,0.71989,2.00,1.00
2016.01.28 10:56:45.962,0.71961,0.7199,1.00,1.00
2016.01.28 10:56:46.565,0.71962,0.71991,1.00,1.00
2016.01.28 10:56:51.235,0.71965,0.71991,1.00,1.00
2016.01.28 10:56:52.775,0.71962,0.71991,1.00,1.00
2016.01.28 10:56:54.045,0.71963,0.71992,1.00,1.00
2016.01.28 10:56:54.150,0.71963,0.71994,1.00,1.00
2016.01.28 10:56:54.517,0.71965,0.71994,1.00,1.00
2016.01.28 10:56:54.763,0.71963,0.71994,1.00,1.00
2016.01.28 10:56:55.307,0.71965,0.71994,1.00,1.00
2016.01.28 10:56:56.610,0.71966,0.71995,1.00,1.00
2016.01.28 10:56:58.422,0.71965,0.71994,2.00,1.00
2016.01.28 10:56:59.010,0.71965,0.71996,2.00,1.00
2016.01.28 10:57:00.629,0.71966,0.71997,1.00,1.00
2016.01.28 10:57:01.735,0.71965,0.71994,1.00,1.00
2016.01.28 10:57:02.429,0.71965,0.71993,1.00,1.00
2016.01.28 10:57:03.024,0.71964,0.71993,2.00,1.00
2016.01.28 10:57:04.829,0.71966,0.71997,1.00,1.00
2016.01.28 10:57:04.889,0.71969,0.71998,1.00,1.00
2016.01.28 10:57:05.189,0.71975,0.72005,1.00,1.00
2016.01.28 10:57:05.290,0.71978,0.72005,1.00,1.00
2016.01.28 10:57:06.217,0.71979,0.72005,1.00,1.00
2016.01.28 10:57:08.973,0.71988,0.72016,1.00,1.00
2016.01.28 10:57:09.225,0.7199,0.72016,1.00,1.00
2016.01.28 10:57:09.277,0.7199,0.72019,1.00,1.00
2016.01.28 10:57:10.889,0.71991,0.7202,1.00,1.00
2016.01.28 10:57:15.330,0.71992,0.7202,1.00,1.00
2016.01.28 10:57:19.926,0.71993,0.7202,1.00,1.00
2016.01.28 10:57:19.977,0.71995,0.72024,1.00,1.00
2016.01.28 10:57:20.558,0.71996,0.72025,1.00,2.00
2016.01.28 10:57:26.266,0.71997,0.72025,1.00,1.00
2016.01.28 10:57:26.379,0.72001,0.72025,1.00,1.00
2016.01.28 10:57:26.482,0.72002,0.72031,1.00,1.00
2016.01.28 10:57:26.532,0.72004,0.72033,1.00,1.00
2016.01.28 10:57:27.329,0.72004,0.72035,1.00,2.00
2016.01.28 10:57:27.917,0.72006,0.72035,1.00,2.00
2016.01.28 10:57:28.664,0.72006,0.7203,1.00,1.00
2016.01.28 10:57:30.645,0.72006,0.72035,1.00,2.00
2016.01.28 10:57:35.082,0.72003,0.72034,1.00,1.00
2016.01.28 10:57:35.183,0.72003,0.7203,1.00,1.00
2016.01.28 10:57:36.104,0.72003,0.72034,1.00,1.00
2016.01.28 10:57:36.155,0.72005,0.72035,1.00,1.00
2016.01.28 10:57:36.579,0.72007,0.72035,1.00,1.00
2016.01.28 10:57:37.102,0.7201,0.72035,1.00,1.00
2016.01.28 10:57:37.152,0.7201,0.72039,1.00,1.00
2016.01.28 10:57:37.804,0.72012,0.72041,1.00,2.00
2016.01.28 10:57:38.384,0.72012,0.7204,1.00,1.00
2016.01.28 10:57:38.804,0.72009,0.72038,1.00,1.00
2016.01.28 10:57:38.855,0.72009,0.72035,1.00,1.00
2016.01.28 10:57:38.962,0.72007,0.72035,1.00,1.00
2016.01.28 10:57:40.395,0.72006,0.72035,1.00,2.00
2016.01.28 10:57:40.445,0.72004,0.72033,1.00,1.00
2016.01.28 10:57:40.772,0.71998,0.72026,1.00,1.00
2016.01.28 10:57:41.366,0.71998,0.72025,1.00,1.00
2016.01.28 10:57:42.169,0.71997,0.72025,1.00,1.00
2016.01.28 10:57:45.590,0.71999,0.72025,1.00,1.00
2016.01.28 10:57:45.849,0.72001,0.7203,1.00,1.00
2016.01.28 10:57:46.396,0.72002,0.7203,1.00,1.00
2016.01.28 10:57:47.311,0.72007,0.7203,1.00,1.00
2016.01.28 10:57:47.509,0.72007,0.72035,1.00,1.00
2016.01.28 10:57:48.290,0.72008,0.72035,1.00,1.00
2016.01.28 10:57:48.469,0.72009,0.72038,1.00,1.00
2016.01.28 10:57:49.196,0.72008,0.72037,1.00,1.00
2016.01.28 10:57:51.179,0.72009,0.72038,1.00,1.00
2016.01.28 10:57:52.019,0.72008,0.72037,1.00,1.00
2016.01.28 10:57:54.839,0.72007,0.72036,1.00,1.00
2016.01.28 10:57:55.102,0.72005,0.72034,1.00,1.00
2016.01.28 10:57:55.567,0.72003,0.72032,1.00,1.00
2016.01.28 10:57:56.186,0.72003,0.72031,1.00,1.00
2016.01.28 10:57:56.348,0.72,0.72029,1.00,1.00
2016.01.28 10:57:56.730,0.71998,0.72029,1.00,1.00
2016.01.28 10:57:57.335,0.72,0.72029,1.00,1.00
2016.01.28 10:57:59.465,0.72002,0.72031,1.00,2.00
2016.01.28 10:57:59.999,0.72003,0.7203,1.00,1.00
2016.01.28 10:58:00.152,0.72003,0.72034,1.00,1.00
2016.01.28 10:58:01.499,0.72005,0.72034,1.00,1.00
2016.01.28 10:58:02.701,0.72007,0.72036,1.00,2.00
2016.01.28 10:58:03.139,0.72009,0.72038,1.00,1.00
2016.01.28 10:58:03.674,0.7201,0.72039,1.00,1.00
2016.01.28 10:58:07.257,0.72012,0.7204,1.00,1.00
2016.01.28 10:58:07.818,0.72012,0.72041,1.00,2.00
2016.01.28 10:58:10.032,0.72012,0.7204,1.00,1.00
2016.01.28 10:58:11.658,0.72011,0.72035,1.00,1.00
2016.01.28 10:58:12.198,0.7201,0.72035,1.00,1.00
2016.01.28 10:58:12.834,0.7201,0.72036,1.00,1.00
2016.01.28 10:58:14.114,0.7201,0.72035,1.00,1.00
2016.01.28 10:58:14.531,0.7201,0.72039,1.00,1.00
2016.01.28 10:58:14.581,0.7201,0.72035,1.00,1.00
2016.01.28 10:58:15.776,0.7201,0.72036,1.00,1.00
2016.01.28 10:58:17.638,0.7201,0.72039,1.00,1.00
2016.01.28 10:58:20.258,0.72009,0.72038,1.00,1.00
2016.01.28 10:58:20.309,0.72009,0.72036,1.00,1.00
2016.01.28 10:58:20.862,0.72008,0.72035,1.00,1.00
2016.01.28 10:58:21.384,0.72008,0.72036,1.00,1.00
2016.01.28 10:58:21.821,0.72011,0.7204,1.00,2.00
2016.01.28 10:58:22.144,0.72011,0.72035,1.00,1.00
2016.01.28 10:58:25.776,0.72011,0.7204,1.00,2.00
2016.01.28 10:58:26.933,0.72013,0.72042,1.00,1.00
2016.01.28 10:58:28.744,0.72013,0.7204,1.00,1.00
2016.01.28 10:58:30.075,0.72013,0.72041,1.00,1.00
2016.01.28 10:58:32.720,0.72014,0.72041,1.00,1.00
2016.01.28 10:58:33.228,0.72012,0.7204,1.00,1.00
2016.01.28 10:58:34.915,0.72012,0.72043,1.00,1.00
2016.01.28 10:58:35.024,0.72012,0.7204,1.00,1.00
2016.01.28 10:58:35.154,0.72012,0.72043,1.00,1.00
2016.01.28 10:58:35.293,0.72015,0.72044,1.00,1.00
2016.01.28 10:58:35.856,0.72018,0.72047,1.00,1.00
2016.01.28 10:58:36.165,0.72018,0.72045,1.00,1.00
2016.01.28 10:58:36.787,0.72018,0.72047,1.00,1.00
2016.01.28 10:58:37.029,0.72018,0.72049,1.00,1.00
2016.01.28 10:58:37.273,0.72018,0.72047,1.00,1.00
2016.01.28 10:58:37.994,0.72019,0.72048,1.00,1.00
2016.01.28 10:58:42.118,0.7202,0.72049,1.00,1.00
2016.01.28 10:58:42.898,0.72021,0.7205,1.00,2.00
2016.01.28 10:58:44.763,0.7202,0.72049,1.00,1.00
2016.01.28 10:58:47.613,0.72022,0.7205,1.00,1.00
2016.01.28 10:58:49.655,0.72022,0.72051,1.00,2.00
2016.01.28 10:58:50.274,0.72023,0.72051,1.00,1.00
2016.01.28 10:58:53.173,0.72023,0.7205,1.00,1.00
2016.01.28 10:58:53.657,0.72025,0.7205,1.00,1.00
2016.01.28 10:58:55.775,0.72027,0.7205,1.00,1.00
2016.01.28 10:58:55.825,0.72029,0.72055,1.00,1.00
2016.01.28 10:58:56.635,0.72024,0.72055,1.00,2.00
2016.01.28 10:58:57.758,0.72024,0.72053,1.00,1.00
2016.01.28 10:58:58.069,0.72021,0.7205,1.00,2.00
2016.01.28 10:58:59.922,0.7202,0.72049,1.00,1.00
2016.01.28 10:59:00.246,0.72017,0.72046,1.00,2.00
2016.01.28 10:59:00.426,0.72015,0.72046,1.00,2.00
2016.01.28 10:59:00.627,0.72015,0.72044,1.00,1.00
2016.01.28 10:59:01.144,0.72013,0.72042,1.00,1.00
2016.01.28 10:59:01.646,0.72012,0.7204,1.00,1.00
2016.01.28 10:59:02.311,0.72011,0.7204,1.00,2.00
2016.01.28 10:59:06.849,0.72012,0.7204,1.00,1.00
2016.01.28 10:59:07.364,0.72012,0.72041,1.00,2.00
2016.01.28 10:59:07.815,0.72007,0.72036,1.00,1.00
2016.01.28 10:59:08.302,0.72009,0.72038,1.00,1.00
2016.01.28 10:59:08.958,0.72005,0.72034,1.00,1.00
2016.01.28 10:59:09.452,0.72003,0.7203,1.00,1.00
2016.01.28 10:59:10.664,0.72003,0.72031,1.00,1.00
2016.01.28 10:59:11.323,0.72003,0.7203,1.00,1.00
2016.01.28 10:59:14.588,0.7201,0.72035,1.00,1.00
2016.01.28 10:59:14.844,0.7201,0.7204,1.00,2.00
2016.01.28 10:59:15.530,0.72009,0.7204,1.00,2.00
2016.01.28 10:59:16.495,0.72009,0.72035,1.00,1.00
2016.01.28 10:59:16.778,0.72009,0.7204,1.00,2.00
2016.01.28 10:59:18.143,0.72009,0.72035,1.00,1.00
2016.01.28 10:59:23.083,0.72011,0.7204,1.00,2.00
2016.01.28 10:59:24.517,0.72014,0.72043,1.00,1.00
2016.01.28 10:59:24.855,0.72014,0.7204,1.00,1.00
2016.01.28 10:59:24.906,0.72012,0.7204,1.00,1.00
2016.01.28 10:59:25.176,0.7201,0.72039,1.00,1.00
2016.01.28 10:59:25.543,0.7201,0.72035,1.00,1.00
2016.01.28 10:59:25.636,0.7201,0.72039,1.00,1.00
2016.01.28 10:59:25.745,0.7201,0.72035,1.00,1.00
2016.01.28 10:59:26.402,0.7201,0.72039,1.00,1.00
2016.01.28 10:59:26.763,0.72013,0.7204,1.00,1.00
2016.01.28 10:59:30.157,0.72013,0.72042,1.00,1.00
2016.01.28 10:59:30.668,0.72013,0.7204,1.00,1.00
2016.01.28 10:59:30.718,0.72013,0.72042,1.00,1.00
2016.01.28 10:59:32.889,0.72014,0.72043,1.00,1.00
2016.01.28 10:59:32.948,0.72016,0.72045,1.00,2.00
2016.01.28 10:59:33.292,0.72014,0.72045,1.00,2.00
2016.01.28 10:59:33.579,0.72017,0.72045,1.00,1.00
2016.01.28 10:59:34.068,0.72015,0.72044,1.00,1.00
2016.01.28 10:59:34.208,0.72013,0.72042,1.00,1.00
2016.01.28 10:59:34.508,0.72011,0.72042,1.00,1.00
2016.01.28 10:59:34.698,0.72011,0.7204,1.00,1.00
2016.01.28 10:59:35.032,0.72008,0.72037,1.00,1.00
2016.01.28 10:59:35.083,0.72008,0.72039,1.00,1.00
2016.01.28 10:59:35.348,0.72011,0.7204,1.00,1.00
2016.01.28 10:59:36.128,0.72009,0.72038,1.00,1.00
2016.01.28 10:59:38.707,0.7201,0.72039,1.00,1.00
2016.01.28 10:59:40.159,0.72009,0.72038,1.00,1.00
2016.01.28 10:59:40.469,0.72005,0.72034,1.00,1.00
2016.01.28 10:59:40.647,0.72003,0.72034,1.00,1.00
2016.01.28 10:59:41.528,0.72001,0.72032,1.00,1.00
2016.01.28 10:59:42.071,0.71997,0.72025,1.00,1.00
2016.01.28 10:59:42.121,0.71995,0.72025,2.00,1.00
2016.01.28 10:59:42.172,0.71995,0.72021,1.00,1.00
2016.01.28 10:59:42.676,0.71995,0.72026,1.00,2.00
2016.01.28 10:59:42.858,0.71995,0.72024,1.00,1.00
2016.01.28 10:59:43.218,0.7199,0.72018,1.00,1.00
2016.01.28 10:59:43.388,0.71987,0.72016,1.00,1.00
2016.01.28 10:59:44.002,0.7199,0.72016,1.00,1.00
2016.01.28 10:59:44.417,0.7199,0.72019,1.00,1.00
2016.01.28 10:59:46.546,0.7199,0.72015,1.00,1.00
2016.01.28 10:59:46.758,0.7199,0.72017,1.00,1.00
2016.01.28 10:59:47.745,0.71989,0.72017,1.00,1.00
2016.01.28 10:59:47.855,0.71991,0.7202,1.00,2.00
2016.01.28 10:59:49.756,0.71992,0.7202,1.00,1.00
2016.01.28 10:59:50.502,0.71994,0.72023,1.00,1.00
2016.01.28 10:59:50.935,0.71993,0.7202,1.00,1.00
2016.01.28 10:59:51.251,0.7199,0.72019,2.00,1.00
2016.01.28 10:59:52.287,0.71993,0.7202,1.00,1.00
2016.01.28 10:59:52.932,0.71993,0.72021,1.00,1.00
2016.01.28 10:59:53.688,0.71991,0.7202,1.00,1.00
2016.01.28 10:59:57.877,0.71992,0.72021,1.00,2.00
2016.01.28 10:59:58.086,0.71994,0.7202,1.00,1.00
2016.01.28 10:59:58.639,0.71994,0.72023,1.00,1.00
2016.01.28 10:59:58.788,0.71996,0.72025,1.00,2.00
2016.01.28 10:59:59.387,0.71997,0.72026,1.00,1.00
