2010.02.24 12:00:02.334,1.0208,1.02305,1.60,1.60
2010.02.24 12:00:02.674,1.02085,1.0232,1.60,1.60
2010.02.24 12:00:03.300,1.02095,1.0232,1.60,1.60
2010.02.24 12:00:03.635,1.0209,1.02315,1.60,1.60
2010.02.24 12:00:07.083,1.02095,1.0232,1.60,1.60
2010.02.24 12:00:07.304,1.0212,1.023,1.60,1.60
2010.02.24 12:00:07.523,1.0216,1.0226,1.60,1.60
2010.02.24 12:00:08.189,1.02155,1.0226,1.60,1.60
2010.02.24 12:00:08.523,1.0215,1.02255,1.60,1.60
2010.02.24 12:00:09.873,1.0215,1.0225,1.60,1.60
2010.02.24 12:00:13.767,1.0217,1.02235,1.60,1.60
2010.02.24 12:00:14.645,1.02165,1.0223,1.60,1.60
2010.02.24 12:00:19.814,1.02155,1.0222,1.60,1.60
2010.02.24 12:00:20.150,1.02165,1.02205,1.60,1.60
2010.02.24 12:00:20.490,1.0217,1.0221,1.60,1.60
2010.02.24 12:00:21.059,1.02165,1.02205,1.60,1.60
2010.02.24 12:00:24.160,1.0216,1.022,1.60,1.60
2010.02.24 12:00:29.582,1.02155,1.02195,1.60,1.60
2010.02.24 12:00:38.477,1.0215,1.0219,1.60,1.60
2010.02.24 12:00:42.465,1.02145,1.0219,1.60,1.60
2010.02.24 12:00:42.805,1.02145,1.02185,1.60,1.60
2010.02.24 12:00:45.100,1.0214,1.0218,1.60,1.60
2010.02.24 12:00:47.353,1.02135,1.02175,1.60,1.60
2010.02.24 12:00:49.343,1.0214,1.0218,1.60,1.60
2010.02.24 12:00:53.701,1.02145,1.02185,1.60,1.60
2010.02.24 12:00:54.800,1.0214,1.0218,1.60,1.60
2010.02.24 12:00:56.912,1.02135,1.02175,1.60,1.60
2010.02.24 12:01:01.891,1.0214,1.0218,1.60,1.60
2010.02.24 12:01:07.269,1.0213,1.0217,1.60,1.60
2010.02.24 12:01:09.759,1.0213,1.02175,1.60,1.60
2010.02.24 12:01:13.135,1.0213,1.0217,1.60,1.60
2010.02.24 12:01:19.246,1.0213,1.02175,1.60,1.60
2010.02.24 12:01:19.835,1.02135,1.02175,1.60,1.60
2010.02.24 12:01:21.364,1.0214,1.0218,1.60,1.60
2010.02.24 12:01:22.574,1.02135,1.02175,1.60,1.60
2010.02.24 12:01:22.865,1.0213,1.0217,1.60,1.60
2010.02.24 12:01:23.830,1.02115,1.0216,1.60,1.60
2010.02.24 12:01:24.753,1.0212,1.0216,1.60,1.60
2010.02.24 12:01:26.081,1.0212,1.0217,1.60,1.60
2010.02.24 12:01:26.924,1.02115,1.02165,1.60,1.60
2010.02.24 12:01:27.755,1.0212,1.0217,1.60,1.60
2010.02.24 12:01:28.094,1.02125,1.02175,1.60,1.60
2010.02.24 12:01:38.483,1.02115,1.02155,1.60,1.60
2010.02.24 12:01:41.981,1.0212,1.0216,1.60,1.60
2010.02.24 12:01:43.002,1.02125,1.02165,1.60,1.60
2010.02.24 12:01:43.661,1.02125,1.02175,1.60,1.60
2010.02.24 12:01:46.000,1.0213,1.0218,1.60,1.60
2010.02.24 12:01:48.201,1.02125,1.02175,1.60,1.60
2010.02.24 12:01:50.888,1.02135,1.02175,1.60,1.60
2010.02.24 12:01:51.220,1.0213,1.0217,1.60,1.60
2010.02.24 12:01:52.598,1.02135,1.02175,1.60,1.60
2010.02.24 12:01:56.397,1.0213,1.0217,1.60,1.60
2010.02.24 12:02:01.957,1.0214,1.0218,1.60,1.60
2010.02.24 12:02:02.685,1.0214,1.02185,1.60,1.60
2010.02.24 12:02:05.736,1.0215,1.0219,1.60,1.60
2010.02.24 12:02:06.615,1.02145,1.02185,1.60,1.60
2010.02.24 12:02:06.955,1.02135,1.0218,1.60,1.60
2010.02.24 12:02:09.555,1.02115,1.02155,1.60,1.60
2010.02.24 12:02:10.324,1.0211,1.02155,1.60,1.60
2010.02.24 12:02:11.469,1.02105,1.0215,1.60,1.60
2010.02.24 12:02:12.143,1.02105,1.02145,1.60,1.60
2010.02.24 12:02:14.432,1.021,1.0214,1.60,1.60
2010.02.24 12:02:14.582,1.02105,1.02145,1.60,1.60
2010.02.24 12:02:15.267,1.02105,1.0215,1.60,1.60
2010.02.24 12:02:16.838,1.02115,1.02155,1.60,1.60
2010.02.24 12:02:17.172,1.0208,1.02125,1.60,1.60
2010.02.24 12:02:17.780,1.02075,1.0212,1.60,1.60
2010.02.24 12:02:18.121,1.02085,1.02125,1.60,1.60
2010.02.24 12:02:18.665,1.02085,1.0213,1.60,1.60
2010.02.24 12:02:21.415,1.02095,1.02135,1.60,1.60
2010.02.24 12:02:21.929,1.021,1.0214,1.60,1.60
2010.02.24 12:02:25.684,1.02105,1.02145,1.60,1.60
2010.02.24 12:02:27.970,1.02105,1.0215,1.60,1.60
2010.02.24 12:02:28.309,1.0211,1.02155,1.60,1.60
2010.02.24 12:02:28.903,1.02115,1.02155,1.60,1.60
2010.02.24 12:02:29.260,1.0212,1.0216,1.60,1.60
2010.02.24 12:02:30.107,1.02115,1.02155,1.60,1.60
2010.02.24 12:02:35.054,1.0212,1.0216,1.60,1.60
2010.02.24 12:02:37.167,1.02115,1.02155,1.60,1.60
2010.02.24 12:02:39.926,1.02115,1.0216,1.60,1.60
2010.02.24 12:02:43.316,1.02125,1.0217,1.60,1.60
2010.02.24 12:02:43.676,1.02115,1.02155,1.60,1.60
2010.02.24 12:02:44.636,1.0212,1.02165,1.60,1.60
2010.02.24 12:02:47.891,1.02125,1.0217,1.60,1.60
2010.02.24 12:02:48.284,1.0213,1.0217,1.60,1.60
2010.02.24 12:02:59.482,1.02135,1.02175,1.60,1.60
2010.02.24 12:03:00.282,1.0213,1.0217,1.60,1.60
2010.02.24 12:03:06.520,1.0214,1.0218,1.60,1.60
2010.02.24 12:03:11.740,1.02135,1.0218,1.60,1.60
2010.02.24 12:03:12.069,1.0213,1.02175,1.60,1.60
2010.02.24 12:03:16.457,1.02135,1.02175,1.60,1.60
2010.02.24 12:03:19.652,1.0214,1.0218,1.60,1.60
2010.02.24 12:03:19.857,1.02145,1.02185,1.60,1.60
2010.02.24 12:03:20.928,1.02135,1.02175,1.60,1.60
2010.02.24 12:03:21.839,1.0215,1.0219,1.60,1.60
2010.02.24 12:03:22.156,1.0213,1.0217,1.60,1.60
2010.02.24 12:03:30.055,1.02125,1.02165,1.60,1.60
2010.02.24 12:03:30.804,1.0213,1.0217,1.60,1.60
2010.02.24 12:03:32.314,1.02135,1.02175,1.60,1.60
2010.02.24 12:03:32.654,1.0213,1.0217,1.60,1.60
2010.02.24 12:03:35.543,1.0213,1.02175,1.60,1.60
2010.02.24 12:03:36.862,1.0213,1.0217,1.60,1.60
2010.02.24 12:03:37.054,1.02125,1.0217,1.60,1.60
2010.02.24 12:03:37.482,1.0213,1.02175,1.60,1.60
2010.02.24 12:03:37.683,1.0212,1.02165,1.60,1.60
2010.02.24 12:03:37.882,1.02125,1.0217,1.60,1.60
2010.02.24 12:03:43.031,1.0213,1.0217,1.60,1.60
2010.02.24 12:03:44.730,1.02125,1.0217,1.60,1.60
2010.02.24 12:03:45.900,1.0213,1.0217,1.60,1.60
2010.02.24 12:03:46.211,1.02125,1.0217,1.60,1.60
2010.02.24 12:03:51.256,1.0213,1.0217,1.60,1.60
2010.02.24 12:03:51.403,1.0212,1.02165,1.60,1.60
2010.02.24 12:03:55.128,1.02125,1.02165,1.60,1.60
2010.02.24 12:03:56.088,1.0213,1.0217,1.60,1.60
2010.02.24 12:03:56.769,1.02125,1.02165,1.60,1.60
2010.02.24 12:03:58.817,1.0213,1.0217,1.60,1.60
2010.02.24 12:03:59.028,1.02125,1.02165,1.60,1.60
2010.02.24 12:04:01.607,1.0212,1.02165,1.60,1.60
2010.02.24 12:04:02.717,1.02125,1.02165,1.60,1.60
2010.02.24 12:04:04.076,1.0212,1.02165,1.60,1.60
2010.02.24 12:04:10.795,1.02115,1.0216,1.60,1.60
2010.02.24 12:04:13.454,1.0212,1.0216,1.60,1.60
2010.02.24 12:04:14.544,1.02125,1.02165,1.60,1.60
2010.02.24 12:04:16.793,1.0213,1.0217,1.60,1.60
2010.02.24 12:04:18.113,1.0212,1.0216,1.60,1.60
2010.02.24 12:04:20.952,1.02135,1.0218,1.60,1.60
2010.02.24 12:04:21.232,1.0213,1.02175,1.60,1.60
2010.02.24 12:04:25.713,1.02125,1.0217,1.60,1.60
2010.02.24 12:04:27.601,1.0212,1.0217,1.60,1.60
2010.02.24 12:04:32.350,1.02125,1.0217,1.60,1.60
2010.02.24 12:04:33.985,1.0213,1.02175,1.60,1.60
2010.02.24 12:04:35.573,1.0212,1.0217,1.60,1.60
2010.02.24 12:04:36.314,1.0213,1.0217,1.60,1.60
2010.02.24 12:04:36.779,1.02125,1.02165,1.60,1.60
2010.02.24 12:04:38.728,1.02115,1.0216,1.60,1.60
2010.02.24 12:04:39.322,1.0212,1.0216,1.60,1.60
2010.02.24 12:04:39.647,1.02115,1.0216,1.60,1.60
2010.02.24 12:04:40.877,1.0212,1.0216,1.60,1.60
2010.02.24 12:04:41.357,1.0212,1.02165,1.60,1.60
2010.02.24 12:04:43.893,1.02115,1.0216,1.60,1.60
2010.02.24 12:04:44.231,1.02115,1.02155,1.60,1.60
2010.02.24 12:04:44.986,1.02115,1.0216,1.60,1.60
2010.02.24 12:04:46.956,1.02125,1.02165,1.60,1.60
2010.02.24 12:04:51.886,1.0213,1.0217,1.60,1.60
2010.02.24 12:04:57.233,1.02125,1.0217,1.60,1.60
2010.02.24 12:04:57.453,1.02125,1.02165,1.60,1.60
2010.02.24 12:05:00.391,1.02125,1.0217,1.60,1.60
2010.02.24 12:05:01.092,1.02125,1.02165,1.60,1.60
2010.02.24 12:05:02.112,1.0212,1.0216,1.60,1.60
2010.02.24 12:05:03.582,1.02125,1.02165,1.60,1.60
2010.02.24 12:05:07.931,1.0213,1.0217,1.60,1.60
2010.02.24 12:05:09.202,1.02135,1.02175,1.60,1.60
2010.02.24 12:05:15.790,1.0213,1.0217,1.60,1.60
2010.02.24 12:05:17.349,1.0212,1.0216,1.60,1.60
2010.02.24 12:05:18.358,1.0211,1.02155,1.60,1.60
2010.02.24 12:05:20.108,1.02105,1.0215,1.60,1.60
2010.02.24 12:05:21.757,1.021,1.02145,1.60,1.60
2010.02.24 12:05:24.177,1.02095,1.0214,1.60,1.60
2010.02.24 12:05:24.917,1.021,1.02145,1.60,1.60
2010.02.24 12:05:27.816,1.02105,1.0215,1.60,1.60
2010.02.24 12:05:32.623,1.02105,1.02145,1.60,1.60
2010.02.24 12:05:33.561,1.02095,1.0214,1.60,1.60
2010.02.24 12:05:34.345,1.021,1.02145,1.60,1.60
2010.02.24 12:05:35.124,1.02095,1.0214,1.60,1.60
2010.02.24 12:05:36.993,1.02105,1.02145,1.60,1.60
2010.02.24 12:05:37.185,1.021,1.0214,1.60,1.60
2010.02.24 12:05:38.283,1.021,1.02145,1.60,1.60
2010.02.24 12:05:44.775,1.02105,1.0215,1.60,1.60
2010.02.24 12:05:45.065,1.02095,1.0214,1.60,1.60
2010.02.24 12:05:48.081,1.021,1.0214,1.60,1.60
2010.02.24 12:06:01.938,1.02105,1.02145,1.60,1.60
2010.02.24 12:06:06.878,1.02105,1.0215,1.60,1.60
2010.02.24 12:06:07.396,1.0211,1.02155,1.60,1.60
2010.02.24 12:06:08.548,1.02115,1.02155,1.60,1.60
2010.02.24 12:06:09.486,1.02115,1.0216,1.60,1.60
2010.02.24 12:06:10.299,1.02105,1.0215,1.60,1.60
2010.02.24 12:06:10.640,1.0211,1.02155,1.60,1.60
2010.02.24 12:06:17.312,1.02105,1.0215,1.60,1.60
2010.02.24 12:06:18.105,1.0211,1.02155,1.60,1.60
2010.02.24 12:06:18.153,1.02115,1.02155,1.60,1.60
2010.02.24 12:06:19.235,1.0211,1.02155,1.60,1.60
2010.02.24 12:06:19.584,1.02115,1.02155,1.60,1.60
2010.02.24 12:06:20.623,1.02105,1.0215,1.60,1.60
2010.02.24 12:06:23.474,1.02115,1.02155,1.60,1.60
2010.02.24 12:06:23.574,1.02105,1.0215,1.60,1.60
2010.02.24 12:06:24.123,1.02095,1.02155,2.00,1.60
2010.02.24 12:06:29.306,1.02105,1.0215,1.60,1.60
2010.02.24 12:06:38.439,1.0211,1.0215,1.60,1.60
2010.02.24 12:06:39.839,1.0211,1.02155,1.60,1.60
2010.02.24 12:07:17.540,1.0211,1.0215,1.60,1.60
2010.02.24 12:07:19.690,1.0211,1.02155,1.60,1.60
2010.02.24 12:07:23.039,1.02115,1.02155,1.60,1.60
2010.02.24 12:07:23.228,1.02115,1.0216,1.60,1.60
2010.02.24 12:07:23.418,1.0212,1.0216,1.60,1.60
2010.02.24 12:07:24.598,1.02125,1.0217,1.60,1.60
2010.02.24 12:07:25.768,1.0213,1.02175,1.60,1.60
2010.02.24 12:07:26.097,1.02125,1.0217,1.60,1.60
2010.02.24 12:07:36.235,1.0213,1.0217,1.60,1.60
2010.02.24 12:07:40.864,1.02125,1.02165,1.60,1.60
2010.02.24 12:07:41.762,1.0213,1.0217,1.60,1.60
2010.02.24 12:07:42.005,1.0213,1.02175,1.60,1.60
2010.02.24 12:07:44.233,1.0214,1.0218,1.60,1.60
2010.02.24 12:07:45.593,1.02135,1.02175,1.60,1.60
2010.02.24 12:07:47.227,1.0213,1.02175,1.60,1.60
2010.02.24 12:07:47.585,1.02135,1.02175,1.60,1.60
2010.02.24 12:07:53.052,1.0214,1.0218,1.60,1.60
2010.02.24 12:07:53.361,1.02135,1.02175,1.60,1.60
2010.02.24 12:07:58.055,1.0213,1.0217,1.60,1.60
2010.02.24 12:08:00.340,1.02135,1.02175,1.60,1.60
2010.02.24 12:08:00.912,1.0213,1.02175,1.60,1.60
2010.02.24 12:08:01.180,1.02135,1.02175,1.60,1.60
2010.02.24 12:08:04.408,1.0213,1.0217,1.60,1.60
2010.02.24 12:08:06.967,1.02135,1.02175,1.60,1.60
2010.02.24 12:08:10.080,1.02135,1.0218,1.60,1.60
2010.02.24 12:08:10.417,1.0214,1.02185,1.60,1.60
2010.02.24 12:08:13.186,1.02145,1.02185,1.60,1.60
2010.02.24 12:08:14.018,1.0214,1.02185,1.60,1.60
2010.02.24 12:08:14.851,1.02145,1.02185,1.60,1.60
2010.02.24 12:08:15.187,1.02125,1.02165,1.60,1.60
2010.02.24 12:08:16.086,1.0213,1.0217,1.60,1.60
2010.02.24 12:08:20.084,1.02125,1.0217,1.60,1.60
2010.02.24 12:08:20.864,1.0213,1.02175,1.60,1.60
2010.02.24 12:08:22.554,1.02125,1.0217,1.60,1.60
2010.02.24 12:08:26.133,1.0213,1.02175,1.60,1.60
2010.02.24 12:08:26.616,1.02135,1.0218,1.60,1.60
2010.02.24 12:08:26.973,1.0214,1.0218,1.60,1.60
2010.02.24 12:08:45.563,1.0213,1.0217,1.60,1.60
2010.02.24 12:08:55.228,1.02135,1.02175,1.60,1.60
2010.02.24 12:08:55.436,1.0213,1.0217,1.60,1.60
2010.02.24 12:09:07.505,1.02135,1.02175,1.60,1.60
2010.02.24 12:09:11.290,1.0213,1.0217,1.60,1.60
2010.02.24 12:09:13.321,1.02125,1.02175,2.00,1.60
2010.02.24 12:09:14.070,1.0213,1.0217,1.60,1.60
2010.02.24 12:09:15.429,1.02125,1.02165,1.60,1.60
2010.02.24 12:09:25.417,1.02135,1.02175,1.60,1.60
2010.02.24 12:09:25.757,1.0213,1.0217,1.60,1.60
2010.02.24 12:09:27.956,1.02125,1.02165,1.60,1.60
2010.02.24 12:09:32.339,1.0212,1.0216,1.60,1.60
2010.02.24 12:09:36.834,1.02115,1.0216,1.60,1.60
2010.02.24 12:09:38.384,1.0212,1.02165,1.60,1.60
2010.02.24 12:09:38.684,1.02125,1.02165,1.60,1.60
2010.02.24 12:09:39.437,1.0213,1.0217,1.60,1.60
2010.02.24 12:09:41.693,1.02135,1.02175,1.60,1.60
2010.02.24 12:09:42.651,1.0214,1.0218,1.60,1.60
2010.02.24 12:09:52.315,1.02135,1.02175,1.60,1.60
2010.02.24 12:09:52.531,1.0213,1.0217,1.60,1.60
2010.02.24 12:09:53.160,1.02135,1.02175,1.60,1.60
2010.02.24 12:09:59.619,1.0214,1.0218,1.60,1.60
2010.02.24 12:10:00.400,1.0214,1.02185,1.60,1.60
2010.02.24 12:10:05.767,1.0214,1.0218,1.60,1.60
2010.02.24 12:10:11.759,1.0214,1.02185,1.60,1.60
2010.02.24 12:10:20.044,1.0214,1.0218,1.60,1.60
2010.02.24 12:10:20.185,1.02135,1.02175,1.60,1.60
2010.02.24 12:10:22.183,1.0215,1.0219,1.60,1.60
2010.02.24 12:10:23.015,1.0215,1.02195,1.60,1.60
2010.02.24 12:10:28.281,1.02145,1.0219,1.60,1.60
2010.02.24 12:10:36.120,1.0215,1.02195,1.60,1.60
2010.02.24 12:10:37.809,1.0215,1.0219,1.60,1.60
2010.02.24 12:10:38.363,1.0215,1.02195,1.60,1.60
2010.02.24 12:10:38.949,1.02145,1.0219,1.60,1.60
2010.02.24 12:10:42.818,1.0215,1.02195,1.60,1.60
2010.02.24 12:10:43.539,1.02145,1.0219,1.60,1.60
2010.02.24 12:10:44.749,1.0215,1.0219,1.60,1.60
2010.02.24 12:10:44.949,1.02155,1.022,1.60,1.60
2010.02.24 12:10:45.432,1.0215,1.02195,1.60,1.60
2010.02.24 12:10:46.517,1.02155,1.022,1.60,1.60
2010.02.24 12:10:47.277,1.0215,1.02195,1.60,1.60
2010.02.24 12:10:51.866,1.02145,1.0219,1.60,1.60
2010.02.24 12:10:56.115,1.0215,1.02195,1.60,1.60
2010.02.24 12:10:57.113,1.02155,1.02195,1.60,1.60
2010.02.24 12:10:57.775,1.0215,1.0219,1.60,1.60
2010.02.24 12:10:59.215,1.02155,1.02195,1.60,1.60
2010.02.24 12:11:00.324,1.0215,1.0219,1.60,1.60
2010.02.24 12:11:01.208,1.02165,1.02205,1.60,1.60
2010.02.24 12:11:02.276,1.0217,1.0221,1.60,1.60
2010.02.24 12:11:15.022,1.02165,1.02205,1.60,1.60
2010.02.24 12:11:16.001,1.0216,1.022,1.60,1.60
2010.02.24 12:11:18.261,1.02155,1.02195,1.60,1.60
2010.02.24 12:11:19.030,1.02155,1.022,1.60,1.60
2010.02.24 12:11:21.679,1.0216,1.02205,1.60,1.60
2010.02.24 12:11:25.608,1.0215,1.02195,1.60,1.60
2010.02.24 12:11:28.607,1.02145,1.0219,1.60,1.60
2010.02.24 12:11:31.377,1.0214,1.0218,1.60,1.60
2010.02.24 12:11:31.687,1.02145,1.02185,1.60,1.60
2010.02.24 12:11:42.455,1.0214,1.0218,1.60,1.60
2010.02.24 12:11:42.964,1.02135,1.02175,1.60,1.60
2010.02.24 12:11:43.732,1.0213,1.0217,1.60,1.60
2010.02.24 12:11:46.628,1.02125,1.0217,1.60,1.60
2010.02.24 12:11:49.694,1.0213,1.0217,1.60,1.60
2010.02.24 12:12:03.679,1.02125,1.02165,1.60,1.60
2010.02.24 12:12:05.001,1.02115,1.02155,1.60,1.60
2010.02.24 12:12:05.159,1.02105,1.02145,1.60,1.60
2010.02.24 12:12:18.805,1.0211,1.0215,1.60,1.60
2010.02.24 12:12:19.146,1.02105,1.02145,1.60,1.60
2010.02.24 12:12:20.135,1.021,1.02145,1.60,1.60
2010.02.24 12:12:21.215,1.02095,1.02135,1.60,1.60
2010.02.24 12:12:22.674,1.02105,1.02145,1.60,1.60
2010.02.24 12:12:25.904,1.021,1.0214,1.60,1.60
2010.02.24 12:12:26.873,1.0209,1.02135,1.60,1.60
2010.02.24 12:12:27.892,1.02095,1.0214,1.60,1.60
2010.02.24 12:12:28.753,1.0209,1.02135,1.60,1.60
2010.02.24 12:12:30.243,1.02095,1.02135,1.60,1.60
2010.02.24 12:12:34.358,1.021,1.0214,1.60,1.60
2010.02.24 12:12:34.692,1.02095,1.02135,1.60,1.60
2010.02.24 12:12:36.971,1.02105,1.02145,1.60,1.60
2010.02.24 12:12:37.181,1.0211,1.0215,1.60,1.60
2010.02.24 12:12:43.040,1.02105,1.02145,1.60,1.60
2010.02.24 12:12:47.438,1.021,1.0214,1.60,1.60
2010.02.24 12:12:50.788,1.021,1.02145,1.60,1.60
2010.02.24 12:12:54.606,1.02085,1.0213,1.60,1.60
2010.02.24 12:12:55.156,1.0209,1.02135,1.60,1.60
2010.02.24 12:13:00.605,1.02095,1.0214,1.60,1.60
2010.02.24 12:13:01.025,1.02095,1.02135,1.60,1.60
2010.02.24 12:13:01.935,1.02085,1.02125,1.60,1.60
2010.02.24 12:13:17.113,1.0209,1.0213,1.60,1.60
2010.02.24 12:13:22.753,1.02095,1.0214,1.60,1.60
2010.02.24 12:13:23.094,1.02095,1.02135,1.60,1.60
2010.02.24 12:13:28.311,1.02085,1.02125,1.60,1.60
2010.02.24 12:13:29.022,1.0209,1.0213,1.60,1.60
2010.02.24 12:13:29.358,1.02095,1.02135,1.60,1.60
2010.02.24 12:13:31.888,1.02105,1.02145,1.60,1.60
2010.02.24 12:13:34.307,1.021,1.02145,1.60,1.60
2010.02.24 12:13:34.806,1.021,1.0214,1.60,1.60
2010.02.24 12:13:36.113,1.021,1.02145,1.60,1.60
2010.02.24 12:13:36.349,1.021,1.0214,1.60,1.60
2010.02.24 12:13:37.452,1.02095,1.0214,1.60,1.60
2010.02.24 12:13:40.393,1.021,1.0214,1.60,1.60
2010.02.24 12:13:40.690,1.02095,1.02135,1.60,1.60
2010.02.24 12:13:45.665,1.02095,1.0214,1.60,1.60
2010.02.24 12:13:48.124,1.02095,1.02145,1.60,1.60
2010.02.24 12:13:48.824,1.02105,1.02145,1.60,1.60
2010.02.24 12:13:49.015,1.02095,1.02135,1.60,1.60
2010.02.24 12:13:50.046,1.02085,1.0213,1.60,1.60
2010.02.24 12:13:52.220,1.0209,1.0213,1.60,1.60
2010.02.24 12:13:54.063,1.021,1.0214,1.60,1.60
2010.02.24 12:13:55.773,1.02095,1.02135,1.60,1.60
2010.02.24 12:13:57.863,1.02085,1.02125,1.60,1.60
2010.02.24 12:14:00.181,1.0209,1.0213,1.60,1.60
2010.02.24 12:14:01.711,1.0208,1.02125,1.60,1.60
2010.02.24 12:14:03.123,1.02075,1.0212,1.60,1.60
2010.02.24 12:14:03.780,1.0208,1.0212,1.60,1.60
2010.02.24 12:14:04.415,1.02085,1.02125,1.60,1.60
2010.02.24 12:14:06.201,1.0208,1.0212,1.60,1.60
2010.02.24 12:14:06.411,1.02075,1.0212,1.60,1.60
2010.02.24 12:14:07.759,1.0208,1.02125,1.60,1.60
2010.02.24 12:14:08.219,1.02075,1.0212,1.60,1.60
2010.02.24 12:14:08.478,1.0207,1.02115,1.60,1.60
2010.02.24 12:14:09.769,1.0208,1.0212,1.60,1.60
2010.02.24 12:14:12.738,1.0208,1.02125,1.60,1.60
2010.02.24 12:14:17.087,1.02075,1.02125,1.60,1.60
2010.02.24 12:14:17.397,1.02075,1.02115,1.60,1.60
2010.02.24 12:14:31.434,1.0207,1.02115,1.60,1.60
2010.02.24 12:14:32.705,1.02065,1.0211,1.60,1.60
2010.02.24 12:14:33.043,1.0208,1.0212,1.60,1.60
2010.02.24 12:14:33.737,1.02075,1.02115,1.60,1.60
2010.02.24 12:14:34.023,1.02055,1.02095,1.60,1.60
2010.02.24 12:14:34.597,1.02075,1.02115,1.60,1.60
2010.02.24 12:14:36.453,1.02065,1.02105,1.60,1.60
2010.02.24 12:14:37.962,1.02075,1.02115,1.60,1.60
2010.02.24 12:14:40.541,1.0207,1.0211,1.60,1.60
2010.02.24 12:14:43.080,1.02075,1.0212,1.60,1.60
2010.02.24 12:14:43.910,1.0208,1.0212,1.60,1.60
2010.02.24 12:14:45.240,1.02075,1.02115,1.60,1.60
2010.02.24 12:14:45.807,1.0207,1.0211,1.60,1.60
2010.02.24 12:14:45.890,1.0208,1.0212,1.60,1.60
2010.02.24 12:14:49.515,1.02085,1.02125,1.60,1.60
2010.02.24 12:14:51.599,1.0208,1.0212,1.60,1.60
2010.02.24 12:14:51.740,1.02075,1.02125,1.60,2.02
2010.02.24 12:14:52.369,1.0208,1.0212,1.60,1.60
2010.02.24 12:14:55.997,1.02085,1.02125,1.60,1.60
2010.02.24 12:14:57.552,1.0208,1.02125,1.60,1.60
2010.02.24 12:14:58.629,1.02075,1.0212,1.60,1.60
2010.02.24 12:15:04.655,1.0207,1.02115,1.60,1.60
2010.02.24 12:15:10.684,1.0208,1.02125,1.60,1.60
2010.02.24 12:15:14.133,1.02085,1.0214,1.60,1.60
2010.02.24 12:15:14.908,1.02095,1.02135,1.60,1.60
2010.02.24 12:15:16.682,1.02095,1.0214,1.60,1.60
2010.02.24 12:15:17.982,1.0209,1.02135,1.60,1.60
2010.02.24 12:15:20.821,1.021,1.0214,1.60,1.60
2010.02.24 12:15:24.541,1.0211,1.0215,1.60,1.60
2010.02.24 12:15:25.750,1.021,1.0214,1.60,1.60
2010.02.24 12:15:26.060,1.02095,1.02135,1.60,1.60
2010.02.24 12:15:26.959,1.02095,1.0214,1.60,1.60
2010.02.24 12:15:27.160,1.0209,1.0213,1.60,1.60
2010.02.24 12:15:28.850,1.0209,1.02135,1.60,1.60
2010.02.24 12:15:29.899,1.0211,1.0215,1.60,1.60
2010.02.24 12:15:30.827,1.02115,1.02155,1.60,1.60
2010.02.24 12:15:31.159,1.02115,1.0216,1.60,1.60
2010.02.24 12:15:33.269,1.0212,1.02165,1.60,1.60
2010.02.24 12:15:34.289,1.02115,1.0216,1.60,1.60
2010.02.24 12:15:34.508,1.0212,1.0216,1.60,1.60
2010.02.24 12:15:35.558,1.02115,1.02155,1.60,1.60
2010.02.24 12:15:37.607,1.0211,1.0215,1.60,1.60
2010.02.24 12:15:37.947,1.02115,1.02155,1.60,1.60
2010.02.24 12:15:41.656,1.0211,1.0215,1.60,1.60
2010.02.24 12:15:42.837,1.02115,1.02155,1.60,1.60
2010.02.24 12:15:43.166,1.0212,1.02165,1.60,1.60
2010.02.24 12:15:43.678,1.0212,1.0216,1.60,1.60
2010.02.24 12:15:57.933,1.02115,1.02155,1.60,1.60
2010.02.24 12:15:58.702,1.0212,1.0216,1.60,1.60
2010.02.24 12:16:04.341,1.02115,1.02165,2.00,1.60
2010.02.24 12:16:07.746,1.0212,1.0216,1.60,1.60
2010.02.24 12:16:13.616,1.02115,1.02155,1.60,1.60
2010.02.24 12:16:15.001,1.0211,1.0215,1.60,1.60
2010.02.24 12:16:19.679,1.02105,1.02145,1.60,1.60
2010.02.24 12:16:20.517,1.0211,1.0215,1.60,1.60
2010.02.24 12:16:22.034,1.02115,1.02155,1.60,1.60
2010.02.24 12:16:22.937,1.0213,1.0217,1.60,1.60
2010.02.24 12:16:23.266,1.0212,1.0216,1.60,1.60
2010.02.24 12:17:17.293,1.0212,1.02165,1.60,1.60
2010.02.24 12:17:17.734,1.0213,1.0217,1.60,1.60
2010.02.24 12:17:26.952,1.02135,1.02175,1.60,1.60
2010.02.24 12:17:28.011,1.0213,1.0217,1.60,1.60
2010.02.24 12:17:33.799,1.02125,1.02165,1.60,1.60
2010.02.24 12:18:09.791,1.02115,1.02155,1.60,1.60
2010.02.24 12:18:23.128,1.0212,1.0216,1.60,1.60
2010.02.24 12:18:29.839,1.02115,1.02155,1.60,1.60
2010.02.24 12:18:59.249,1.0211,1.0215,1.60,1.60
2010.02.24 12:19:04.277,1.02115,1.02155,1.60,1.60
2010.02.24 12:19:05.920,1.0212,1.0216,1.60,1.60
2010.02.24 12:19:07.007,1.0213,1.0217,1.60,1.60
2010.02.24 12:19:10.313,1.02125,1.02165,1.60,1.60
2010.02.24 12:19:20.984,1.0212,1.0216,1.60,1.60
2010.02.24 12:19:22.333,1.02115,1.02155,1.60,1.60
2010.02.24 12:19:22.524,1.02125,1.02165,1.60,1.60
2010.02.24 12:19:29.915,1.02115,1.02155,1.60,1.60
2010.02.24 12:19:30.217,1.02105,1.02145,1.60,1.60
2010.02.24 12:19:32.251,1.02105,1.0215,1.60,1.60
2010.02.24 12:19:34.190,1.0211,1.02155,1.60,1.60
2010.02.24 12:19:35.761,1.0212,1.02165,1.60,1.60
2010.02.24 12:19:35.890,1.02125,1.0217,1.60,1.60
2010.02.24 12:19:37.170,1.02135,1.02175,1.60,1.60
2010.02.24 12:19:39.019,1.0214,1.0218,1.60,1.60
2010.02.24 12:19:41.049,1.02145,1.02185,1.60,1.60
2010.02.24 12:19:41.309,1.0214,1.02185,1.60,1.60
2010.02.24 12:19:44.878,1.02135,1.0218,1.60,1.60
2010.02.24 12:19:45.258,1.0214,1.02185,1.60,1.60
2010.02.24 12:19:47.557,1.02135,1.0218,1.60,1.60
2010.02.24 12:19:49.426,1.02135,1.02175,1.60,1.60
2010.02.24 12:19:53.805,1.0213,1.0217,1.60,1.60
2010.02.24 12:19:54.346,1.02135,1.02175,1.60,1.60
2010.02.24 12:20:17.331,1.0213,1.0217,1.60,1.60
2010.02.24 12:20:20.769,1.02125,1.02165,1.60,1.60
2010.02.24 12:20:21.295,1.0213,1.0217,1.60,1.60
2010.02.24 12:20:56.211,1.02135,1.02175,1.60,1.60
2010.02.24 12:20:56.832,1.02145,1.02185,1.60,1.60
2010.02.24 12:20:57.042,1.0213,1.0217,1.60,1.60
2010.02.24 12:20:57.830,1.02125,1.02165,1.60,1.60
2010.02.24 12:20:58.170,1.0213,1.0217,1.60,1.60
2010.02.24 12:20:59.170,1.02125,1.02165,1.60,1.60
2010.02.24 12:21:00.320,1.0213,1.0217,1.60,1.60
2010.02.24 12:21:01.809,1.02135,1.02175,1.60,1.60
2010.02.24 12:21:04.590,1.0213,1.0217,1.60,1.60
2010.02.24 12:21:05.789,1.02135,1.0218,1.60,1.60
2010.02.24 12:21:11.527,1.02145,1.02185,1.60,1.60
2010.02.24 12:21:14.036,1.02135,1.0218,1.60,1.60
2010.02.24 12:21:23.814,1.0213,1.0217,1.60,1.60
2010.02.24 12:21:32.712,1.02125,1.02165,1.60,1.60
2010.02.24 12:21:39.060,1.02135,1.0218,1.60,1.60
2010.02.24 12:22:03.994,1.0213,1.02175,1.60,1.60
2010.02.24 12:22:10.666,1.0213,1.0217,1.60,1.60
2010.02.24 12:22:11.786,1.0213,1.02175,1.60,1.60
2010.02.24 12:22:15.292,1.0213,1.0217,1.60,1.60
2010.02.24 12:22:15.472,1.02125,1.02165,1.60,1.60
2010.02.24 12:22:16.321,1.0212,1.0216,1.60,1.60
2010.02.24 12:22:16.642,1.02115,1.0216,1.60,1.60
2010.02.24 12:22:22.710,1.0212,1.02165,1.60,1.60
2010.02.24 12:22:30.668,1.02125,1.02165,1.60,1.60
2010.02.24 12:22:31.338,1.0213,1.0217,1.60,1.60
2010.02.24 12:22:32.548,1.0213,1.02175,1.60,1.60
2010.02.24 12:22:35.123,1.0213,1.0217,1.60,1.60
2010.02.24 12:22:40.686,1.02125,1.02165,1.60,1.60
2010.02.24 12:22:45.874,1.0213,1.02175,1.60,1.60
2010.02.24 12:22:47.064,1.02135,1.02175,1.60,1.60
2010.02.24 12:22:52.452,1.0214,1.0218,1.60,1.60
2010.02.24 12:22:52.614,1.02135,1.02175,1.60,1.60
2010.02.24 12:22:54.192,1.0214,1.0218,1.60,1.60
2010.02.24 12:22:58.163,1.0214,1.02185,1.60,1.60
2010.02.24 12:23:00.900,1.02145,1.02185,1.60,1.60
2010.02.24 12:23:44.480,1.0215,1.0219,1.60,1.60
2010.02.24 12:23:44.660,1.02145,1.02185,1.60,1.60
2010.02.24 12:23:47.182,1.02145,1.0219,1.60,1.60
2010.02.24 12:23:47.929,1.0215,1.02195,1.60,1.60
2010.02.24 12:23:50.046,1.02155,1.022,1.60,1.60
2010.02.24 12:23:50.369,1.02145,1.0219,1.60,1.60
2010.02.24 12:23:53.798,1.0215,1.0219,1.60,1.60
2010.02.24 12:23:55.200,1.02145,1.02185,1.60,1.60
2010.02.24 12:23:55.963,1.02145,1.0219,1.60,1.60
2010.02.24 12:23:59.386,1.0215,1.0219,1.60,1.60
2010.02.24 12:24:02.457,1.02145,1.0219,1.60,1.60
2010.02.24 12:24:03.276,1.02145,1.02185,1.60,1.60
2010.02.24 12:24:04.985,1.02145,1.0219,1.60,1.60
2010.02.24 12:24:08.109,1.02145,1.02185,1.60,1.60
2010.02.24 12:24:08.370,1.0214,1.02185,1.60,1.60
2010.02.24 12:24:09.505,1.02145,1.0219,1.60,1.60
2010.02.24 12:24:12.914,1.0215,1.02195,1.60,1.60
2010.02.24 12:24:15.006,1.02155,1.022,1.60,1.60
2010.02.24 12:24:16.242,1.0215,1.02195,1.60,1.60
2010.02.24 12:24:29.619,1.0215,1.0219,1.60,1.60
2010.02.24 12:24:56.339,1.02145,1.0219,1.60,1.60
2010.02.24 12:24:56.543,1.0215,1.02195,1.60,1.60
2010.02.24 12:24:57.770,1.02145,1.0219,1.60,1.60
2010.02.24 12:25:00.634,1.0214,1.02185,1.60,1.60
2010.02.24 12:25:01.762,1.0214,1.0218,1.60,1.60
2010.02.24 12:25:02.983,1.0214,1.02185,1.60,1.60
2010.02.24 12:25:11.905,1.0214,1.0218,1.60,1.60
2010.02.24 12:25:14.569,1.02145,1.02185,1.60,1.60
2010.02.24 12:25:24.276,1.0214,1.0218,1.60,1.60
2010.02.24 12:25:32.404,1.02135,1.02175,1.60,1.60
2010.02.24 12:25:35.016,1.0214,1.0218,1.60,1.60
2010.02.24 12:25:35.373,1.02135,1.02175,1.60,1.60
2010.02.24 12:25:40.892,1.0214,1.0218,1.60,1.60
2010.02.24 12:25:42.662,1.02145,1.02185,1.60,1.60
2010.02.24 12:25:45.781,1.0215,1.0219,1.60,1.60
2010.02.24 12:25:46.771,1.02145,1.02185,1.60,1.60
2010.02.24 12:25:46.950,1.0214,1.0218,1.60,1.60
2010.02.24 12:25:48.570,1.02145,1.02185,1.60,1.60
2010.02.24 12:25:50.320,1.0215,1.0219,1.60,1.60
2010.02.24 12:25:53.579,1.02155,1.02195,1.60,1.60
2010.02.24 12:25:56.398,1.0216,1.02205,1.60,1.60
2010.02.24 12:25:56.918,1.02155,1.02195,1.60,1.60
2010.02.24 12:26:02.958,1.0215,1.0219,1.60,1.60
2010.02.24 12:26:04.576,1.02155,1.02195,1.60,1.60
2010.02.24 12:26:23.223,1.0215,1.02195,1.60,1.60
2010.02.24 12:26:28.687,1.02155,1.022,1.60,1.60
2010.02.24 12:26:28.991,1.0215,1.0219,1.60,1.60
2010.02.24 12:26:30.499,1.02145,1.0219,1.60,1.60
2010.02.24 12:26:30.839,1.0215,1.0219,1.60,1.60
2010.02.24 12:26:36.767,1.0215,1.0219,1.60,1.00
2010.02.24 12:26:37.917,1.0215,1.0219,1.60,1.60
2010.02.24 12:26:38.608,1.02145,1.0219,1.60,1.60
2010.02.24 12:26:38.847,1.0215,1.0219,1.60,1.60
2010.02.24 12:26:50.736,1.0215,1.02195,1.60,1.60
2010.02.24 12:26:56.393,1.0215,1.0219,1.60,1.60
2010.02.24 12:27:10.819,1.02155,1.02195,1.60,1.60
2010.02.24 12:27:15.938,1.02155,1.022,1.60,1.60
2010.02.24 12:27:16.558,1.02165,1.02205,1.60,1.60
2010.02.24 12:27:18.658,1.0216,1.022,1.60,1.60
2010.02.24 12:27:18.977,1.02165,1.02205,1.60,1.60
2010.02.24 12:27:19.690,1.0216,1.022,1.60,1.60
2010.02.24 12:27:22.007,1.0215,1.0219,1.60,1.60
2010.02.24 12:27:29.985,1.02155,1.02195,1.60,1.60
2010.02.24 12:27:48.435,1.02155,1.022,1.60,1.60
2010.02.24 12:27:48.621,1.02145,1.02205,2.00,1.60
2010.02.24 12:27:49.560,1.02165,1.0221,1.60,1.60
2010.02.24 12:27:51.320,1.0216,1.02205,1.60,1.60
2010.02.24 12:27:52.309,1.02155,1.022,1.60,1.60
2010.02.24 12:28:10.571,1.02155,1.02195,1.60,1.60
2010.02.24 12:28:13.053,1.0216,1.022,1.60,1.60
2010.02.24 12:28:16.333,1.02155,1.022,1.60,1.60
2010.02.24 12:28:17.405,1.0215,1.02195,1.60,1.60
2010.02.24 12:28:17.941,1.02155,1.022,1.60,1.60
2010.02.24 12:28:19.173,1.0215,1.02195,1.60,1.60
2010.02.24 12:28:20.063,1.0215,1.0219,1.60,1.60
2010.02.24 12:28:20.348,1.0215,1.02195,1.60,1.60
2010.02.24 12:28:24.182,1.02155,1.022,1.60,1.60
2010.02.24 12:28:25.641,1.0216,1.022,1.60,1.60
2010.02.24 12:28:30.891,1.0217,1.02215,1.60,1.60
2010.02.24 12:28:34.169,1.02165,1.0221,1.60,1.60
2010.02.24 12:28:37.309,1.0216,1.022,1.60,1.60
2010.02.24 12:28:38.568,1.02155,1.02195,1.60,1.60
2010.02.24 12:28:40.087,1.0216,1.02205,1.60,1.60
2010.02.24 12:28:44.518,1.02155,1.02195,1.60,1.60
2010.02.24 12:28:48.670,1.0216,1.022,1.60,1.60
2010.02.24 12:28:49.795,1.02165,1.02205,1.60,1.60
2010.02.24 12:29:00.523,1.02155,1.022,1.60,1.60
2010.02.24 12:29:08.872,1.0215,1.02195,1.60,1.60
2010.02.24 12:29:09.211,1.02145,1.0219,1.60,1.60
2010.02.24 12:29:26.611,1.0215,1.0219,1.60,1.60
2010.02.24 12:29:31.636,1.0214,1.0218,1.60,1.60
2010.02.24 12:29:36.195,1.02145,1.02185,1.60,1.60
2010.02.24 12:29:36.525,1.02135,1.0218,1.60,1.60
2010.02.24 12:29:36.865,1.0213,1.02175,1.60,1.60
2010.02.24 12:29:37.714,1.02135,1.02175,1.60,1.60
2010.02.24 12:29:37.894,1.0213,1.02175,1.60,1.60
2010.02.24 12:29:39.424,1.02135,1.02175,1.60,1.60
2010.02.24 12:29:40.893,1.0211,1.02155,1.60,1.60
2010.02.24 12:29:41.563,1.02105,1.0215,1.60,1.60
2010.02.24 12:29:42.333,1.02115,1.0216,1.60,1.60
2010.02.24 12:29:42.613,1.0211,1.02155,1.60,1.60
2010.02.24 12:29:44.802,1.021,1.0214,1.60,1.60
2010.02.24 12:29:45.112,1.021,1.02145,1.60,1.60
2010.02.24 12:29:46.069,1.02105,1.0215,1.60,1.60
2010.02.24 12:29:46.272,1.0209,1.0213,1.60,1.60
2010.02.24 12:29:46.692,1.021,1.02145,1.60,1.60
2010.02.24 12:29:47.266,1.02105,1.0215,1.60,1.60
2010.02.24 12:29:47.472,1.021,1.02145,1.60,1.60
2010.02.24 12:29:47.772,1.0209,1.0213,1.60,1.60
2010.02.24 12:29:48.071,1.021,1.02145,1.60,1.60
2010.02.24 12:29:48.996,1.0211,1.02155,1.60,1.60
2010.02.24 12:29:49.671,1.021,1.0214,1.60,1.60
2010.02.24 12:29:51.041,1.0211,1.0215,1.60,1.60
2010.02.24 12:29:51.870,1.021,1.0214,1.60,1.60
2010.02.24 12:29:53.531,1.02105,1.02145,1.60,1.60
2010.02.24 12:29:53.873,1.02095,1.02135,1.60,1.60
2010.02.24 12:29:55.141,1.021,1.02145,1.60,1.60
2010.02.24 12:29:55.780,1.02105,1.0215,1.60,1.60
2010.02.24 12:29:55.913,1.02095,1.02135,1.60,1.60
2010.02.24 12:29:58.069,1.0209,1.0213,1.60,1.60
2010.02.24 12:29:59.860,1.02085,1.02125,1.60,1.60
2010.02.24 12:29:59.993,1.02095,1.02135,1.60,1.60
2010.02.24 12:30:00.553,1.0209,1.02135,1.60,1.60
2010.02.24 12:30:02.089,1.02085,1.0213,1.60,1.60
2010.02.24 12:30:03.018,1.0208,1.02125,1.60,1.60
2010.02.24 12:30:05.956,1.0208,1.0212,1.60,1.60
2010.02.24 12:30:07.096,1.02075,1.02115,1.60,1.60
2010.02.24 12:30:07.434,1.0209,1.0213,1.60,1.60
2010.02.24 12:30:10.649,1.02085,1.02125,1.60,1.60
2010.02.24 12:30:11.820,1.0208,1.0212,1.60,1.60
2010.02.24 12:30:12.766,1.02085,1.02125,1.60,1.60
2010.02.24 12:30:13.479,1.021,1.0214,1.60,1.60
2010.02.24 12:30:13.796,1.02085,1.02125,1.60,1.60
2010.02.24 12:30:14.560,1.0208,1.0212,1.60,1.60
2010.02.24 12:30:15.645,1.02075,1.02115,1.60,1.60
2010.02.24 12:30:18.510,1.0207,1.0211,1.60,1.60
2010.02.24 12:30:19.286,1.02075,1.02115,1.60,1.60
2010.02.24 12:30:25.494,1.0206,1.021,1.60,1.60
2010.02.24 12:30:26.991,1.02045,1.0209,1.60,1.60
2010.02.24 12:30:27.323,1.02055,1.02095,1.60,1.60
2010.02.24 12:30:27.663,1.02045,1.021,2.00,1.60
2010.02.24 12:30:28.472,1.02055,1.02095,1.60,1.60
2010.02.24 12:30:29.941,1.0206,1.021,1.60,1.60
2010.02.24 12:30:31.823,1.02055,1.02095,1.60,1.60
2010.02.24 12:30:32.992,1.0205,1.0209,1.60,1.60
2010.02.24 12:30:34.021,1.02055,1.02095,1.60,1.60
2010.02.24 12:30:34.180,1.02045,1.02085,1.60,1.60
2010.02.24 12:30:34.840,1.0205,1.0209,1.60,1.60
2010.02.24 12:30:37.570,1.02045,1.02085,1.60,1.60
2010.02.24 12:30:37.779,1.0204,1.0208,1.60,1.60
2010.02.24 12:30:38.199,1.02045,1.02085,1.60,1.60
2010.02.24 12:30:38.802,1.02035,1.02075,1.60,1.60
2010.02.24 12:30:41.159,1.0203,1.0207,1.60,1.60
2010.02.24 12:30:46.097,1.02045,1.02085,1.60,1.60
2010.02.24 12:30:46.389,1.0205,1.0209,1.60,1.60
2010.02.24 12:30:48.080,1.0204,1.02085,1.60,1.60
2010.02.24 12:30:49.760,1.02055,1.02095,1.60,1.60
2010.02.24 12:30:50.097,1.0206,1.021,1.60,1.60
2010.02.24 12:30:52.797,1.02055,1.02095,1.60,1.60
2010.02.24 12:30:56.335,1.02065,1.02105,1.60,1.60
2010.02.24 12:30:57.015,1.0206,1.021,1.60,1.60
2010.02.24 12:31:07.833,1.02065,1.02105,1.60,1.60
2010.02.24 12:31:30.597,1.0207,1.0211,1.60,1.60
2010.02.24 12:31:31.401,1.0208,1.0212,1.60,1.60
2010.02.24 12:31:35.377,1.02075,1.02115,1.60,1.60
2010.02.24 12:31:36.055,1.0207,1.0211,1.60,1.60
2010.02.24 12:31:36.746,1.02065,1.02105,1.60,1.60
2010.02.24 12:31:37.426,1.0206,1.021,1.60,1.60
2010.02.24 12:31:46.385,1.02055,1.02095,1.60,1.60
2010.02.24 12:31:48.045,1.02055,1.021,1.60,1.60
2010.02.24 12:31:48.324,1.0205,1.02095,1.60,1.60
2010.02.24 12:31:50.062,1.02055,1.021,1.60,1.60
2010.02.24 12:31:52.063,1.02055,1.02095,1.60,1.60
2010.02.24 12:32:00.171,1.0206,1.021,1.60,1.60
2010.02.24 12:32:06.539,1.02065,1.02105,1.60,1.60
2010.02.24 12:32:09.548,1.0207,1.0211,1.60,1.60
2010.02.24 12:32:11.667,1.02065,1.02105,1.60,1.60
2010.02.24 12:32:18.636,1.02055,1.02095,1.60,1.60
2010.02.24 12:32:33.432,1.0206,1.021,1.60,1.60
2010.02.24 12:32:43.021,1.0205,1.02095,1.60,1.60
2010.02.24 12:32:43.899,1.0205,1.0209,1.60,1.60
2010.02.24 12:32:46.179,1.02045,1.02085,1.60,1.60
2010.02.24 12:32:48.798,1.0205,1.0209,1.60,1.60
2010.02.24 12:32:52.998,1.02065,1.02105,1.60,1.60
2010.02.24 12:32:53.278,1.0207,1.0211,1.60,1.60
2010.02.24 12:32:54.207,1.0206,1.021,1.60,1.60
2010.02.24 12:32:54.518,1.02065,1.02105,1.60,1.60
2010.02.24 12:32:55.328,1.02055,1.02105,1.60,2.02
2010.02.24 12:32:56.169,1.0206,1.021,1.60,1.60
2010.02.24 12:32:57.376,1.02065,1.02105,1.60,1.60
2010.02.24 12:32:58.706,1.0206,1.021,1.60,1.60
2010.02.24 12:32:59.336,1.02065,1.02105,1.60,1.60
2010.02.24 12:33:00.276,1.0206,1.021,1.60,1.60
2010.02.24 12:33:00.615,1.02065,1.02105,1.60,1.60
2010.02.24 12:33:01.765,1.0206,1.021,1.60,1.60
2010.02.24 12:33:02.969,1.02055,1.02095,1.60,1.60
2010.02.24 12:33:04.452,1.0205,1.0209,1.60,1.60
2010.02.24 12:33:04.564,1.02055,1.02095,1.60,1.60
2010.02.24 12:33:05.264,1.02055,1.021,1.60,1.60
2010.02.24 12:33:09.542,1.02055,1.02095,1.60,1.60
2010.02.24 12:33:09.943,1.02055,1.021,1.60,1.60
2010.02.24 12:33:11.842,1.0206,1.02105,1.60,1.60
2010.02.24 12:33:12.182,1.02065,1.0211,1.60,1.60
2010.02.24 12:33:15.162,1.02075,1.02115,1.60,1.60
2010.02.24 12:33:20.421,1.0208,1.0212,1.60,1.60
2010.02.24 12:33:21.174,1.02065,1.02105,1.60,1.60
2010.02.24 12:33:21.520,1.0207,1.0211,1.60,1.60
2010.02.24 12:33:43.693,1.02065,1.02105,1.60,1.60
2010.02.24 12:33:46.084,1.0206,1.02105,1.60,1.60
2010.02.24 12:33:52.424,1.02065,1.0211,1.60,1.60
2010.02.24 12:33:58.151,1.0208,1.02125,1.60,1.60
2010.02.24 12:34:00.849,1.02075,1.02115,1.60,1.60
2010.02.24 12:34:01.532,1.0207,1.0211,1.60,1.60
2010.02.24 12:34:01.855,1.02065,1.0211,1.60,1.60
2010.02.24 12:34:02.960,1.0207,1.0211,1.60,1.60
2010.02.24 12:34:03.520,1.0207,1.02115,1.60,1.60
2010.02.24 12:34:04.261,1.02075,1.02115,1.60,1.60
2010.02.24 12:34:05.547,1.0208,1.0212,1.60,1.60
2010.02.24 12:34:08.690,1.02085,1.02125,1.60,1.60
2010.02.24 12:34:11.558,1.0208,1.0212,1.60,1.60
2010.02.24 12:34:11.708,1.02085,1.02125,1.60,1.60
2010.02.24 12:34:11.859,1.02085,1.0213,1.60,1.60
2010.02.24 12:34:12.708,1.02085,1.02125,1.60,1.60
2010.02.24 12:34:13.049,1.0209,1.0213,1.60,1.60
2010.02.24 12:34:13.327,1.02085,1.02125,1.60,1.60
2010.02.24 12:34:14.408,1.02085,1.0213,1.60,1.60
2010.02.24 12:34:15.348,1.02085,1.02125,1.60,1.60
2010.02.24 12:34:16.751,1.02085,1.0213,1.60,1.60
2010.02.24 12:34:20.908,1.02085,1.02125,1.60,1.60
2010.02.24 12:34:22.103,1.02085,1.0213,1.60,1.60
2010.02.24 12:34:22.425,1.0208,1.02125,1.60,1.60
2010.02.24 12:34:23.157,1.02075,1.02115,1.60,1.60
2010.02.24 12:34:23.305,1.0207,1.0211,1.60,1.60
2010.02.24 12:34:24.535,1.02075,1.02115,1.60,1.60
2010.02.24 12:34:25.527,1.0208,1.0212,1.60,1.60
2010.02.24 12:34:27.044,1.02085,1.02125,1.60,1.60
2010.02.24 12:34:29.194,1.0208,1.0212,1.60,1.60
2010.02.24 12:34:30.043,1.02075,1.02115,1.60,1.60
2010.02.24 12:34:30.383,1.0208,1.0212,1.60,1.60
2010.02.24 12:34:31.284,1.02075,1.0212,1.60,1.60
2010.02.24 12:34:33.782,1.02085,1.0213,1.60,1.60
2010.02.24 12:34:34.852,1.0208,1.02125,1.60,1.60
2010.02.24 12:34:37.243,1.02085,1.0213,1.60,1.60
2010.02.24 12:34:38.551,1.0209,1.02135,1.60,1.60
2010.02.24 12:34:39.232,1.021,1.0214,1.60,1.60
2010.02.24 12:34:39.573,1.02105,1.02145,1.60,1.60
2010.02.24 12:34:40.381,1.02115,1.02155,1.60,1.60
2010.02.24 12:34:42.360,1.02105,1.02145,1.60,1.60
2010.02.24 12:34:48.679,1.0211,1.0215,1.60,1.60
2010.02.24 12:34:49.269,1.02105,1.02145,1.60,1.60
2010.02.24 12:34:52.269,1.0211,1.0215,1.60,1.60
2010.02.24 12:34:52.508,1.02105,1.02145,1.60,1.60
2010.02.24 12:34:56.438,1.02095,1.02135,1.60,1.60
2010.02.24 12:34:57.938,1.02105,1.02145,1.60,1.60
2010.02.24 12:35:06.967,1.02115,1.0216,1.60,1.60
2010.02.24 12:35:07.917,1.0212,1.0216,1.60,1.60
2010.02.24 12:35:10.926,1.02125,1.02165,1.60,1.60
2010.02.24 12:35:11.644,1.0212,1.0216,1.60,1.60
2010.02.24 12:35:12.823,1.02125,1.02165,1.60,1.60
2010.02.24 12:35:15.937,1.0212,1.0216,1.60,1.60
2010.02.24 12:35:19.573,1.02125,1.02165,1.60,1.60
2010.02.24 12:35:19.822,1.0213,1.0217,1.60,1.60
2010.02.24 12:35:25.740,1.0212,1.02165,1.60,1.60
2010.02.24 12:35:28.971,1.0213,1.0217,1.60,1.60
2010.02.24 12:35:30.619,1.02135,1.02175,1.60,1.60
2010.02.24 12:35:32.960,1.0213,1.0217,1.60,1.60
2010.02.24 12:35:33.218,1.02125,1.02165,1.60,1.60
2010.02.24 12:35:34.339,1.02135,1.02175,1.60,1.60
2010.02.24 12:35:35.258,1.0214,1.0218,1.60,1.60
2010.02.24 12:35:37.122,1.02135,1.02175,1.60,1.60
2010.02.24 12:35:37.457,1.0213,1.02175,1.60,1.60
2010.02.24 12:35:51.324,1.0213,1.0217,1.60,1.60
2010.02.24 12:35:52.235,1.02135,1.02175,1.60,1.60
2010.02.24 12:35:54.059,1.0213,1.02175,1.60,1.60
2010.02.24 12:35:58.422,1.02125,1.0217,1.60,1.60
2010.02.24 12:35:59.113,1.0214,1.0218,1.60,1.60
2010.02.24 12:35:59.303,1.0213,1.02175,1.60,1.60
2010.02.24 12:36:00.221,1.02125,1.0217,1.60,1.60
2010.02.24 12:36:00.541,1.02135,1.02175,1.60,1.60
2010.02.24 12:36:03.499,1.02125,1.02165,1.60,1.60
2010.02.24 12:36:03.811,1.0213,1.0217,1.60,1.60
2010.02.24 12:36:05.900,1.02145,1.02185,1.60,1.60
2010.02.24 12:36:06.651,1.02135,1.02175,1.60,1.60
2010.02.24 12:36:07.847,1.0213,1.0217,1.60,1.60
2010.02.24 12:36:08.177,1.02125,1.02165,1.60,1.60
2010.02.24 12:36:08.610,1.0213,1.0217,1.60,1.60
2010.02.24 12:36:10.970,1.02135,1.02175,1.60,1.60
2010.02.24 12:36:11.071,1.0213,1.0217,1.60,1.60
2010.02.24 12:36:14.129,1.02125,1.02165,1.60,1.60
2010.02.24 12:36:15.318,1.02145,1.02185,1.60,1.60
2010.02.24 12:36:15.634,1.0214,1.0218,1.60,1.60
2010.02.24 12:36:18.318,1.0214,1.02185,1.60,1.60
2010.02.24 12:36:20.147,1.02145,1.0219,1.60,1.60
2010.02.24 12:36:21.509,1.02145,1.02185,1.60,1.60
2010.02.24 12:36:21.717,1.02155,1.02195,1.60,1.60
2010.02.24 12:36:21.936,1.0215,1.0219,1.60,1.60
2010.02.24 12:36:26.576,1.02155,1.02195,1.60,1.60
2010.02.24 12:36:34.175,1.0215,1.0219,1.60,1.60
2010.02.24 12:36:35.284,1.02145,1.02185,1.60,1.60
2010.02.24 12:36:36.558,1.0214,1.02185,1.60,1.60
2010.02.24 12:36:36.844,1.0214,1.0218,1.60,1.60
2010.02.24 12:36:40.767,1.02145,1.02185,1.60,1.60
2010.02.24 12:36:41.072,1.0215,1.0219,1.60,1.60
2010.02.24 12:36:50.710,1.0216,1.022,1.60,1.60
2010.02.24 12:36:52.010,1.02155,1.02195,1.60,1.60
2010.02.24 12:36:54.210,1.0215,1.0219,1.60,1.60
2010.02.24 12:36:54.789,1.0215,1.02195,1.60,1.60
2010.02.24 12:36:55.465,1.0215,1.0219,1.60,1.60
2010.02.24 12:36:58.033,1.0214,1.02185,1.60,1.60
2010.02.24 12:36:59.998,1.02135,1.0218,1.60,1.60
2010.02.24 12:37:03.307,1.0214,1.02185,1.60,1.60
2010.02.24 12:37:05.008,1.02145,1.0219,1.60,1.60
2010.02.24 12:37:05.206,1.0214,1.02185,1.60,1.60
2010.02.24 12:37:05.896,1.02145,1.02185,1.60,1.60
2010.02.24 12:37:06.796,1.0215,1.0219,1.60,1.60
2010.02.24 12:37:08.097,1.02145,1.02185,1.60,1.60
2010.02.24 12:37:09.612,1.0215,1.0219,1.60,1.60
2010.02.24 12:37:13.647,1.02145,1.02185,1.60,1.60
2010.02.24 12:37:16.743,1.0214,1.0218,1.60,1.60
2010.02.24 12:37:17.572,1.02135,1.0218,1.60,1.60
2010.02.24 12:37:18.721,1.0214,1.0218,1.60,1.60
2010.02.24 12:37:20.025,1.02135,1.0218,1.60,1.60
2010.02.24 12:37:22.034,1.0214,1.02185,1.60,1.60
2010.02.24 12:37:24.312,1.02145,1.02185,1.60,1.60
2010.02.24 12:37:25.691,1.0214,1.02185,1.60,1.60
2010.02.24 12:37:28.052,1.02145,1.02185,1.60,1.60
2010.02.24 12:37:30.511,1.0214,1.02185,1.60,1.60
2010.02.24 12:37:34.189,1.02135,1.0218,1.60,1.60
2010.02.24 12:37:34.910,1.0214,1.0218,1.60,1.60
2010.02.24 12:37:37.249,1.0214,1.02185,1.60,1.60
2010.02.24 12:37:37.589,1.02145,1.02185,1.60,1.60
2010.02.24 12:37:45.777,1.02135,1.02175,1.60,1.60
2010.02.24 12:37:45.937,1.02145,1.02185,1.60,1.60
2010.02.24 12:37:56.137,1.0215,1.02195,1.60,1.60
2010.02.24 12:37:57.064,1.0216,1.02205,1.60,1.60
2010.02.24 12:37:57.994,1.0215,1.02195,1.60,1.60
2010.02.24 12:37:59.204,1.02155,1.02195,1.60,1.60
2010.02.24 12:38:01.306,1.0216,1.022,1.60,1.60
2010.02.24 12:38:02.693,1.02155,1.022,1.60,1.60
2010.02.24 12:38:03.033,1.02155,1.02195,1.60,1.60
2010.02.24 12:38:03.832,1.0216,1.02205,1.60,1.60
2010.02.24 12:38:05.604,1.02165,1.02205,1.60,1.60
2010.02.24 12:38:05.862,1.0216,1.02205,1.60,1.60
2010.02.24 12:38:06.570,1.0216,1.022,1.60,1.60
2010.02.24 12:38:08.891,1.02155,1.022,1.60,1.60
2010.02.24 12:38:09.302,1.02155,1.02195,1.60,1.60
2010.02.24 12:38:09.925,1.02155,1.022,1.60,1.60
2010.02.24 12:38:10.600,1.0216,1.02205,1.60,1.60
2010.02.24 12:38:14.810,1.0216,1.022,1.60,1.60
2010.02.24 12:38:15.141,1.0217,1.0221,1.60,1.60
2010.02.24 12:38:23.187,1.02155,1.02195,1.60,1.60
2010.02.24 12:38:23.608,1.0216,1.022,1.60,1.60
2010.02.24 12:38:24.310,1.02165,1.02205,1.60,1.60
2010.02.24 12:38:24.827,1.0216,1.022,1.60,1.60
2010.02.24 12:38:26.147,1.0217,1.0221,1.60,1.60
2010.02.24 12:38:26.668,1.0216,1.022,1.60,1.60
2010.02.24 12:38:28.816,1.02155,1.022,1.60,1.60
2010.02.24 12:38:29.676,1.02165,1.02205,1.60,1.60
2010.02.24 12:38:31.496,1.0217,1.0221,1.60,1.60
2010.02.24 12:38:31.984,1.02175,1.02215,1.60,1.60
2010.02.24 12:38:34.148,1.0217,1.02215,1.60,1.60
2010.02.24 12:38:36.164,1.0217,1.0221,1.60,1.60
2010.02.24 12:38:38.314,1.0217,1.02215,1.60,1.60
2010.02.24 12:38:38.504,1.0217,1.0221,1.60,1.60
2010.02.24 12:38:42.057,1.0217,1.02215,1.60,1.60
2010.02.24 12:38:44.274,1.02175,1.02215,1.60,1.60
2010.02.24 12:38:46.082,1.0217,1.0221,1.60,1.60
2010.02.24 12:38:47.144,1.02175,1.02215,1.60,1.60
2010.02.24 12:38:47.412,1.02175,1.0222,1.60,1.60
2010.02.24 12:38:48.282,1.0217,1.02215,1.60,1.60
2010.02.24 12:39:33.151,1.02165,1.0221,1.60,1.60
2010.02.24 12:39:33.851,1.02175,1.0222,1.60,1.60
2010.02.24 12:39:35.291,1.02185,1.02225,1.60,1.60
2010.02.24 12:39:35.917,1.02175,1.0222,1.60,1.60
2010.02.24 12:39:36.030,1.0218,1.0222,1.60,1.60
2010.02.24 12:39:43.850,1.02175,1.0222,1.60,1.60
2010.02.24 12:39:47.759,1.0218,1.0222,1.60,1.60
2010.02.24 12:39:48.097,1.02185,1.02225,1.60,1.60
2010.02.24 12:39:48.437,1.0218,1.02225,1.60,1.60
2010.02.24 12:39:56.816,1.0218,1.0222,1.60,1.60
2010.02.24 12:39:59.615,1.02175,1.0222,1.60,1.60
2010.02.24 12:40:01.723,1.0218,1.02225,1.60,1.60
2010.02.24 12:40:02.968,1.0218,1.0222,1.60,1.60
2010.02.24 12:40:07.662,1.02175,1.02215,1.60,1.60
2010.02.24 12:40:07.972,1.0217,1.0221,1.60,1.60
2010.02.24 12:40:13.664,1.02175,1.02215,1.60,1.60
2010.02.24 12:40:18.541,1.0218,1.02225,1.60,1.60
2010.02.24 12:40:28.138,1.02185,1.0223,1.60,1.60
2010.02.24 12:40:28.758,1.02185,1.02225,1.60,1.60
2010.02.24 12:40:28.947,1.0218,1.02225,1.60,1.60
2010.02.24 12:40:36.255,1.02185,1.0223,1.60,1.60
2010.02.24 12:40:40.506,1.0218,1.0222,1.60,1.60
2010.02.24 12:40:52.637,1.02185,1.02225,1.60,1.60
2010.02.24 12:40:54.721,1.02195,1.02235,1.60,1.60
2010.02.24 12:40:57.270,1.0219,1.0223,1.60,1.60
2010.02.24 12:40:57.870,1.02195,1.02235,1.60,1.60
2010.02.24 12:40:59.241,1.0219,1.02235,1.60,1.60
2010.02.24 12:40:59.605,1.02185,1.02225,1.60,1.60
2010.02.24 12:41:00.220,1.02185,1.0223,1.60,1.60
2010.02.24 12:41:01.909,1.02195,1.0224,1.60,1.60
2010.02.24 12:41:02.819,1.02195,1.02235,1.60,1.60
2010.02.24 12:41:03.154,1.0219,1.02235,1.60,1.60
2010.02.24 12:41:04.002,1.0219,1.0223,1.60,1.60
2010.02.24 12:41:04.929,1.022,1.0224,1.60,1.60
2010.02.24 12:41:06.058,1.02205,1.02245,1.60,1.60
2010.02.24 12:41:08.663,1.022,1.02245,1.60,1.60
2010.02.24 12:41:08.762,1.022,1.0224,1.60,1.60
2010.02.24 12:41:11.767,1.02195,1.02235,1.60,1.60
2010.02.24 12:41:12.507,1.02185,1.02225,1.60,1.60
2010.02.24 12:41:16.771,1.0219,1.02235,1.60,1.60
2010.02.24 12:41:19.265,1.02185,1.0223,1.60,1.60
2010.02.24 12:41:23.865,1.02195,1.02235,1.60,1.60
2010.02.24 12:41:31.352,1.0219,1.0223,1.60,1.60
2010.02.24 12:41:32.572,1.02195,1.02235,1.60,1.60
2010.02.24 12:41:35.712,1.02195,1.0224,1.60,1.60
2010.02.24 12:41:40.173,1.022,1.0224,1.60,1.60
2010.02.24 12:41:41.870,1.02185,1.02225,1.60,1.60
2010.02.24 12:41:42.010,1.02195,1.02235,1.60,1.60
2010.02.24 12:41:42.772,1.022,1.0224,1.60,1.60
2010.02.24 12:41:45.789,1.02185,1.02225,1.60,1.60
2010.02.24 12:41:46.688,1.0219,1.0223,1.60,1.60
2010.02.24 12:41:49.708,1.0218,1.0222,1.60,1.60
2010.02.24 12:41:57.648,1.02185,1.02225,1.60,1.60
2010.02.24 12:42:00.850,1.0218,1.0222,1.60,1.60
2010.02.24 12:42:04.809,1.0217,1.0221,1.60,1.60
2010.02.24 12:42:05.442,1.02165,1.0221,1.60,1.60
2010.02.24 12:42:05.518,1.0216,1.02205,1.60,1.60
2010.02.24 12:42:06.109,1.02165,1.0221,1.60,1.60
2010.02.24 12:42:07.326,1.0216,1.02205,1.60,1.60
2010.02.24 12:42:09.134,1.02165,1.02205,1.60,1.60
2010.02.24 12:42:12.692,1.0217,1.0221,1.60,1.60
2010.02.24 12:42:13.836,1.02175,1.02215,1.60,1.60
2010.02.24 12:42:14.533,1.02185,1.02225,1.60,1.60
2010.02.24 12:42:14.872,1.0219,1.0223,1.60,1.60
2010.02.24 12:42:16.591,1.02185,1.0223,1.60,1.60
2010.02.24 12:42:17.373,1.02195,1.0224,1.60,1.60
2010.02.24 12:42:17.631,1.02195,1.02235,1.60,1.60
2010.02.24 12:42:18.234,1.0219,1.0223,1.60,1.60
2010.02.24 12:42:19.662,1.02195,1.0224,1.60,1.60
2010.02.24 12:42:19.990,1.02185,1.02225,1.60,1.60
2010.02.24 12:42:23.415,1.0218,1.0222,1.60,1.60
2010.02.24 12:42:23.711,1.02185,1.02225,1.60,1.60
2010.02.24 12:42:24.280,1.02195,1.02235,1.60,1.60
2010.02.24 12:42:24.821,1.0218,1.0222,1.60,1.60
2010.02.24 12:42:25.089,1.02185,1.02225,1.60,1.60
2010.02.24 12:42:25.640,1.02195,1.02235,1.60,1.60
2010.02.24 12:42:26.449,1.02175,1.02215,1.60,1.60
2010.02.24 12:42:28.580,1.02185,1.02225,1.60,1.60
2010.02.24 12:42:29.578,1.02175,1.0222,1.60,1.60
2010.02.24 12:42:30.728,1.02165,1.02215,2.00,1.60
2010.02.24 12:42:31.828,1.0219,1.0223,1.60,1.60
2010.02.24 12:42:32.048,1.02185,1.02225,1.60,1.60
2010.02.24 12:42:32.777,1.0219,1.0223,1.60,1.60
2010.02.24 12:42:33.117,1.02175,1.0222,1.60,1.60
2010.02.24 12:42:33.997,1.0219,1.0223,1.60,1.60
2010.02.24 12:42:36.886,1.02185,1.0223,1.60,1.60
2010.02.24 12:42:37.927,1.0219,1.02235,1.60,1.60
2010.02.24 12:42:38.996,1.022,1.02245,1.60,1.60
2010.02.24 12:42:40.666,1.02195,1.0224,1.60,1.60
2010.02.24 12:42:41.425,1.0219,1.02235,1.60,1.60
2010.02.24 12:42:42.065,1.0218,1.02225,1.60,1.60
2010.02.24 12:42:44.055,1.0218,1.0222,1.60,1.60
2010.02.24 12:42:45.255,1.02185,1.02225,1.60,1.60
2010.02.24 12:42:46.116,1.0219,1.0223,1.60,1.60
2010.02.24 12:42:50.264,1.0219,1.02235,1.60,1.60
2010.02.24 12:42:50.958,1.02195,1.02235,1.60,1.60
2010.02.24 12:42:51.233,1.0219,1.02235,1.60,1.60
2010.02.24 12:42:52.373,1.02195,1.02235,1.60,1.60
2010.02.24 12:42:52.923,1.0219,1.02235,1.60,1.60
2010.02.24 12:42:53.263,1.02185,1.0223,1.60,1.60
2010.02.24 12:42:54.472,1.02195,1.0224,1.60,1.60
2010.02.24 12:42:57.189,1.022,1.0224,1.60,1.60
2010.02.24 12:42:57.542,1.022,1.02245,1.60,1.60
2010.02.24 12:42:59.671,1.02185,1.0223,1.60,1.60
2010.02.24 12:43:03.272,1.0218,1.0222,1.60,1.60
2010.02.24 12:43:04.120,1.02185,1.02225,1.60,1.60
2010.02.24 12:43:07.039,1.0219,1.02235,1.60,1.60
2010.02.24 12:43:11.658,1.0219,1.0223,1.60,1.60
2010.02.24 12:43:14.508,1.0219,1.02235,1.60,1.60
2010.02.24 12:43:19.906,1.0219,1.0223,1.60,1.60
2010.02.24 12:43:21.635,1.02185,1.0223,1.60,1.60
2010.02.24 12:43:22.665,1.02185,1.02225,1.60,1.60
2010.02.24 12:43:23.334,1.02175,1.0222,1.60,1.60
2010.02.24 12:43:27.395,1.0218,1.0222,1.60,1.60
2010.02.24 12:43:28.330,1.0219,1.0223,1.60,1.60
2010.02.24 12:43:32.188,1.02185,1.0223,1.60,1.60
2010.02.24 12:43:35.862,1.02195,1.02235,1.60,1.60
2010.02.24 12:43:38.602,1.0218,1.0222,1.60,1.60
2010.02.24 12:43:38.876,1.02185,1.02225,1.60,1.60
2010.02.24 12:43:39.388,1.0218,1.0222,1.60,1.60
2010.02.24 12:43:40.881,1.0219,1.0223,1.60,1.60
2010.02.24 12:43:41.881,1.0219,1.02235,1.60,1.60
2010.02.24 12:43:46.725,1.0219,1.0223,1.60,1.60
2010.02.24 12:43:50.368,1.0219,1.02235,1.60,1.60
2010.02.24 12:43:53.969,1.02185,1.0223,1.60,1.60
2010.02.24 12:43:56.148,1.02195,1.0224,1.60,1.60
2010.02.24 12:43:56.872,1.022,1.02245,1.60,1.60
2010.02.24 12:43:57.217,1.0219,1.02235,1.60,1.60
2010.02.24 12:43:58.397,1.0218,1.02225,1.60,1.60
2010.02.24 12:43:58.626,1.02185,1.0223,1.60,1.60
2010.02.24 12:44:04.455,1.02195,1.02235,1.60,1.60
2010.02.24 12:44:04.775,1.02195,1.0224,1.60,1.60
2010.02.24 12:44:09.854,1.022,1.0224,1.60,1.60
2010.02.24 12:44:16.300,1.02195,1.0225,1.60,2.02
2010.02.24 12:44:22.951,1.02195,1.02235,1.60,1.60
2010.02.24 12:44:24.166,1.02195,1.0224,1.60,1.60
2010.02.24 12:44:24.501,1.022,1.02245,1.60,1.60
2010.02.24 12:44:25.180,1.02195,1.0224,1.60,1.60
2010.02.24 12:44:25.920,1.022,1.02245,1.60,1.60
2010.02.24 12:44:30.119,1.02195,1.0224,1.60,1.60
2010.02.24 12:44:33.539,1.02185,1.02235,2.00,1.60
2010.02.24 12:44:33.878,1.022,1.0224,1.60,1.60
2010.02.24 12:44:34.541,1.022,1.02245,1.60,1.60
2010.02.24 12:44:36.358,1.022,1.0224,1.60,1.60
2010.02.24 12:44:37.148,1.02195,1.0224,1.60,1.60
2010.02.24 12:44:38.006,1.02195,1.02235,1.60,1.60
2010.02.24 12:44:41.277,1.022,1.0224,1.60,1.60
2010.02.24 12:44:45.315,1.02205,1.02245,1.60,1.60
2010.02.24 12:44:45.655,1.02205,1.0225,1.60,1.60
2010.02.24 12:44:47.535,1.02205,1.02245,1.60,1.60
2010.02.24 12:44:49.137,1.0221,1.0225,1.60,1.60
2010.02.24 12:44:49.746,1.02205,1.02245,1.60,1.60
2010.02.24 12:44:53.383,1.0221,1.02255,1.60,1.60
2010.02.24 12:44:55.379,1.02215,1.0226,1.60,1.60
2010.02.24 12:44:56.774,1.02205,1.0225,1.60,1.60
2010.02.24 12:44:56.992,1.0221,1.0225,1.60,1.60
2010.02.24 12:44:59.037,1.02215,1.02255,1.60,1.60
2010.02.24 12:44:59.382,1.02225,1.02265,1.60,1.60
2010.02.24 12:45:07.510,1.0221,1.02255,1.60,1.60
2010.02.24 12:45:08.350,1.02205,1.02245,1.60,1.60
2010.02.24 12:45:12.129,1.0221,1.0225,1.60,1.60
2010.02.24 12:45:14.378,1.02215,1.02255,1.60,1.60
2010.02.24 12:45:15.958,1.0222,1.0226,1.60,1.60
2010.02.24 12:45:18.477,1.02225,1.02265,1.60,1.60
2010.02.24 12:45:19.302,1.0223,1.02275,1.60,1.60
2010.02.24 12:45:20.347,1.02235,1.0228,1.60,1.60
2010.02.24 12:45:20.541,1.0223,1.02275,1.60,1.60
2010.02.24 12:45:21.916,1.02225,1.0227,1.60,1.60
2010.02.24 12:45:25.027,1.0223,1.02275,1.60,1.60
2010.02.24 12:45:30.014,1.02225,1.0227,1.60,1.60
2010.02.24 12:45:33.544,1.02235,1.0228,1.60,1.60
2010.02.24 12:45:33.885,1.02225,1.02265,1.60,1.60
2010.02.24 12:45:34.763,1.02235,1.0228,1.60,1.60
2010.02.24 12:45:37.334,1.02235,1.02275,1.60,1.60
2010.02.24 12:45:37.672,1.0223,1.0227,1.60,1.60
2010.02.24 12:45:39.774,1.02235,1.02275,1.60,1.60
2010.02.24 12:45:41.651,1.0223,1.0227,1.60,1.60
2010.02.24 12:45:43.421,1.02235,1.02275,1.60,1.60
2010.02.24 12:45:44.072,1.0224,1.0228,1.60,1.60
2010.02.24 12:45:45.456,1.0224,1.02285,1.60,1.60
2010.02.24 12:45:46.204,1.0224,1.0228,1.60,1.60
2010.02.24 12:45:50.119,1.02245,1.02285,1.60,1.60
2010.02.24 12:45:52.829,1.0225,1.0229,1.60,1.60
2010.02.24 12:45:53.401,1.02255,1.02295,1.60,1.60
2010.02.24 12:45:53.729,1.02245,1.0229,1.60,1.60
2010.02.24 12:45:54.769,1.0224,1.02285,1.60,1.60
2010.02.24 12:45:55.566,1.02245,1.02285,1.60,1.60
2010.02.24 12:45:55.878,1.0224,1.02285,1.60,1.60
2010.02.24 12:46:02.107,1.02235,1.0228,1.60,1.60
2010.02.24 12:46:03.116,1.0224,1.02285,1.60,1.60
2010.02.24 12:46:03.746,1.02235,1.0228,1.60,1.60
2010.02.24 12:46:03.976,1.02245,1.0229,1.60,1.60
2010.02.24 12:46:04.659,1.0224,1.02285,1.60,1.60
2010.02.24 12:46:05.258,1.02235,1.0228,1.60,1.60
2010.02.24 12:46:06.266,1.0224,1.02285,1.60,1.60
2010.02.24 12:46:06.535,1.02245,1.0229,1.60,1.60
2010.02.24 12:46:07.475,1.0225,1.0229,1.60,1.60
2010.02.24 12:46:10.362,1.0224,1.0228,1.60,1.60
2010.02.24 12:46:10.425,1.0224,1.02285,1.60,1.60
2010.02.24 12:46:11.356,1.02245,1.0229,1.60,1.60
2010.02.24 12:46:11.695,1.02235,1.02275,1.60,1.60
2010.02.24 12:46:12.874,1.02235,1.0228,1.60,1.60
2010.02.24 12:46:13.214,1.0224,1.0228,1.60,1.60
2010.02.24 12:46:13.554,1.0225,1.0229,1.60,1.60
2010.02.24 12:46:15.274,1.02255,1.02295,1.60,1.60
2010.02.24 12:46:19.139,1.0226,1.023,1.60,1.60
2010.02.24 12:46:19.385,1.0226,1.02305,1.60,1.60
2010.02.24 12:46:20.233,1.02255,1.023,1.60,1.60
2010.02.24 12:46:21.622,1.02255,1.02295,1.60,1.60
2010.02.24 12:46:25.321,1.0226,1.023,1.60,1.60
2010.02.24 12:46:25.501,1.02265,1.02305,1.60,1.60
2010.02.24 12:46:26.671,1.0226,1.023,1.60,1.60
2010.02.24 12:46:27.344,1.02265,1.02305,1.60,1.60
2010.02.24 12:46:27.652,1.02265,1.0231,1.60,1.60
2010.02.24 12:46:32.389,1.0227,1.0231,1.60,1.60
2010.02.24 12:46:32.839,1.0227,1.02315,1.60,1.60
2010.02.24 12:46:34.600,1.02275,1.02315,1.60,1.60
2010.02.24 12:46:36.391,1.0227,1.02315,1.60,1.60
2010.02.24 12:46:36.649,1.02265,1.0231,1.60,1.60
2010.02.24 12:46:36.989,1.0226,1.023,1.60,1.60
2010.02.24 12:46:40.903,1.02265,1.02305,1.60,1.60
2010.02.24 12:46:42.797,1.0227,1.0231,1.60,1.60
2010.02.24 12:46:45.727,1.02265,1.02305,1.60,1.60
2010.02.24 12:46:46.777,1.0226,1.02305,1.60,1.60
2010.02.24 12:46:50.628,1.02255,1.023,1.60,1.60
2010.02.24 12:46:53.294,1.0226,1.02305,1.60,1.60
2010.02.24 12:46:53.564,1.0225,1.02305,1.60,2.02
2010.02.24 12:46:54.134,1.02245,1.02285,1.60,1.60
2010.02.24 12:47:04.594,1.0225,1.02295,1.60,1.60
2010.02.24 12:47:04.792,1.0226,1.023,1.60,1.60
2010.02.24 12:47:05.286,1.02255,1.02295,1.60,1.60
2010.02.24 12:47:05.484,1.0225,1.02295,1.60,1.60
2010.02.24 12:47:07.672,1.02255,1.02295,1.60,1.60
2010.02.24 12:47:08.927,1.02245,1.02285,1.60,1.60
2010.02.24 12:47:09.262,1.0224,1.0228,1.60,1.60
2010.02.24 12:47:10.630,1.02235,1.02275,1.60,1.60
2010.02.24 12:47:11.521,1.0223,1.02275,1.60,1.60
2010.02.24 12:47:13.220,1.02225,1.0227,1.60,1.60
2010.02.24 12:47:13.559,1.0223,1.0227,1.60,1.60
2010.02.24 12:47:15.843,1.0222,1.02265,1.60,1.60
2010.02.24 12:47:16.699,1.02225,1.0227,1.60,1.60
2010.02.24 12:47:18.372,1.0223,1.0227,1.60,1.60
2010.02.24 12:47:25.748,1.02225,1.0227,1.60,1.60
2010.02.24 12:47:26.354,1.0223,1.02275,1.60,1.60
2010.02.24 12:47:26.736,1.02245,1.0229,1.60,1.60
2010.02.24 12:47:27.596,1.02245,1.02285,1.60,1.60
2010.02.24 12:47:29.126,1.0224,1.0228,1.60,1.60
2010.02.24 12:47:36.319,1.02245,1.02285,1.60,1.60
2010.02.24 12:47:43.467,1.02255,1.02295,1.60,1.60
2010.02.24 12:47:57.149,1.0225,1.0229,1.60,1.60
2010.02.24 12:48:00.922,1.02245,1.02285,1.60,1.60
2010.02.24 12:48:01.158,1.0225,1.0229,1.60,1.60
2010.02.24 12:48:02.178,1.02245,1.02295,1.60,2.02
2010.02.24 12:48:05.377,1.0225,1.0229,1.60,1.60
2010.02.24 12:48:07.879,1.0226,1.023,1.60,1.60
2010.02.24 12:48:08.208,1.0226,1.02305,1.60,1.60
2010.02.24 12:48:11.456,1.0226,1.023,1.60,1.60
2010.02.24 12:48:15.074,1.0226,1.02305,1.60,1.60
2010.02.24 12:48:16.509,1.0226,1.023,1.60,1.60
2010.02.24 12:48:20.265,1.0226,1.02305,1.60,1.60
2010.02.24 12:48:24.137,1.02255,1.02295,1.60,1.60
2010.02.24 12:48:27.014,1.02265,1.02305,1.60,1.60
2010.02.24 12:48:27.336,1.02255,1.02295,1.60,1.60
2010.02.24 12:48:28.581,1.02255,1.023,1.60,1.60
2010.02.24 12:48:29.392,1.02255,1.02295,1.60,1.60
2010.02.24 12:48:32.737,1.02255,1.023,1.60,1.60
2010.02.24 12:48:34.532,1.0225,1.0229,1.60,1.60
2010.02.24 12:48:38.029,1.02245,1.02285,1.60,1.60
2010.02.24 12:48:40.338,1.0225,1.0229,1.60,1.60
2010.02.24 12:48:48.479,1.0224,1.0228,1.60,1.60
2010.02.24 12:48:50.566,1.02245,1.02285,1.60,1.60
2010.02.24 12:48:50.706,1.0224,1.0228,1.60,1.60
2010.02.24 12:48:51.396,1.02245,1.0229,1.60,1.60
2010.02.24 12:48:58.576,1.0224,1.02285,1.60,1.60
2010.02.24 12:49:06.327,1.0224,1.0228,1.60,1.60
2010.02.24 12:49:08.952,1.02235,1.02275,1.60,1.60
2010.02.24 12:49:18.106,1.0223,1.0227,1.60,1.60
2010.02.24 12:49:18.430,1.0223,1.02275,1.60,1.60
2010.02.24 12:49:19.383,1.0224,1.0228,1.60,1.60
2010.02.24 12:49:19.721,1.02245,1.02285,1.60,1.60
2010.02.24 12:49:22.340,1.02235,1.0228,1.60,1.60
2010.02.24 12:49:24.779,1.0224,1.0228,1.60,1.60
2010.02.24 12:49:26.517,1.0225,1.0229,1.60,1.60
2010.02.24 12:49:27.317,1.02255,1.02295,1.60,1.60
2010.02.24 12:49:30.186,1.0226,1.023,1.60,1.60
2010.02.24 12:49:34.024,1.02255,1.02295,1.60,1.60
2010.02.24 12:49:34.825,1.0225,1.0229,1.60,1.60
2010.02.24 12:49:36.265,1.02245,1.0229,1.60,1.60
2010.02.24 12:49:38.777,1.02235,1.02275,1.60,1.60
2010.02.24 12:49:39.561,1.0224,1.0228,1.60,1.60
2010.02.24 12:49:42.664,1.02245,1.02285,1.60,1.60
2010.02.24 12:49:45.223,1.02235,1.02275,1.60,1.60
2010.02.24 12:49:46.163,1.02245,1.02285,1.60,1.60
2010.02.24 12:49:46.503,1.02245,1.0229,1.60,1.60
2010.02.24 12:49:47.252,1.02255,1.023,1.60,1.60
2010.02.24 12:49:47.832,1.02255,1.02295,1.60,1.60
2010.02.24 12:49:49.014,1.0226,1.023,1.60,1.60
2010.02.24 12:49:54.195,1.02265,1.02305,1.60,1.60
2010.02.24 12:50:03.549,1.0226,1.023,1.60,1.60
2010.02.24 12:50:06.574,1.02255,1.02295,1.60,1.60
2010.02.24 12:50:07.129,1.02245,1.02285,1.60,1.60
2010.02.24 12:50:08.697,1.0225,1.0229,1.60,1.60
2010.02.24 12:50:12.497,1.02245,1.02285,1.60,1.60
2010.02.24 12:50:22.431,1.0225,1.0229,1.60,1.60
2010.02.24 12:50:29.812,1.02255,1.02295,1.60,1.60
2010.02.24 12:50:32.712,1.0225,1.0229,1.60,1.60
2010.02.24 12:50:34.282,1.02255,1.02295,1.60,1.60
2010.02.24 12:50:42.921,1.02245,1.0229,1.60,1.60
2010.02.24 12:50:44.579,1.02245,1.02285,1.60,1.60
2010.02.24 12:50:46.825,1.02245,1.0229,1.60,1.60
2010.02.24 12:50:54.947,1.0224,1.0228,1.60,1.60
2010.02.24 12:50:55.779,1.02235,1.02275,1.60,1.60
2010.02.24 12:51:12.903,1.0224,1.0228,1.60,1.60
2010.02.24 12:51:15.002,1.02245,1.02285,1.60,1.60
2010.02.24 12:51:15.301,1.0224,1.0228,1.60,1.60
2010.02.24 12:51:16.452,1.02245,1.02285,1.60,1.60
2010.02.24 12:51:17.051,1.0224,1.0228,1.60,1.60
2010.02.24 12:51:18.751,1.02245,1.02285,1.60,1.60
2010.02.24 12:51:50.293,1.0225,1.0229,1.60,1.60
2010.02.24 12:51:51.176,1.02255,1.02295,1.60,1.60
2010.02.24 12:51:54.578,1.0226,1.023,1.60,1.60
2010.02.24 12:51:56.562,1.02255,1.02295,1.60,1.60
2010.02.24 12:51:56.802,1.0226,1.023,1.60,1.60
2010.02.24 12:51:57.742,1.02245,1.02285,1.60,1.60
2010.02.24 12:51:58.387,1.0225,1.0229,1.60,1.60
2010.02.24 12:52:03.523,1.02245,1.02285,1.60,1.60
2010.02.24 12:52:05.460,1.0224,1.0228,1.60,1.60
2010.02.24 12:52:05.669,1.0225,1.0229,1.60,1.60
2010.02.24 12:52:06.303,1.02245,1.02285,1.60,1.60
2010.02.24 12:52:11.174,1.0225,1.0229,1.60,1.60
2010.02.24 12:52:12.268,1.02255,1.023,1.60,1.60
2010.02.24 12:52:12.528,1.0225,1.0229,1.60,1.60
2010.02.24 12:52:13.199,1.02255,1.02295,1.60,1.60
2010.02.24 12:52:14.397,1.0225,1.0229,1.60,1.60
2010.02.24 12:52:16.447,1.0224,1.0228,1.60,1.60
2010.02.24 12:52:16.937,1.02255,1.02295,1.60,1.60
2010.02.24 12:52:17.276,1.0225,1.023,1.60,2.02
2010.02.24 12:52:20.568,1.0225,1.02295,1.60,1.60
2010.02.24 12:52:23.205,1.02255,1.02295,1.60,1.60
2010.02.24 12:52:23.404,1.0226,1.023,1.60,1.60
2010.02.24 12:52:24.114,1.02245,1.02305,2.00,1.60
2010.02.24 12:52:25.435,1.0226,1.023,1.60,1.60
2010.02.24 12:52:28.814,1.02265,1.02305,1.60,1.60
2010.02.24 12:52:43.230,1.0227,1.0231,1.60,1.60
2010.02.24 12:52:44.650,1.02265,1.02305,1.60,1.60
2010.02.24 12:52:46.872,1.0227,1.0231,1.60,1.60
2010.02.24 12:52:50.053,1.0227,1.02315,1.60,1.60
2010.02.24 12:52:55.419,1.0227,1.0231,1.60,1.60
2010.02.24 12:52:58.866,1.0226,1.02305,1.60,1.60
2010.02.24 12:53:04.226,1.0225,1.02295,1.60,1.60
2010.02.24 12:53:04.998,1.02255,1.023,1.60,1.60
2010.02.24 12:53:16.385,1.02255,1.02295,1.60,1.60
2010.02.24 12:53:24.070,1.0225,1.02295,1.60,1.60
2010.02.24 12:53:29.539,1.0225,1.0229,1.60,1.60
2010.02.24 12:53:29.913,1.0225,1.02295,1.60,1.60
2010.02.24 12:53:32.470,1.02255,1.02295,1.60,1.60
2010.02.24 12:53:36.780,1.02265,1.02305,1.60,1.60
2010.02.24 12:53:36.857,1.0226,1.023,1.60,1.60
2010.02.24 12:53:37.757,1.02265,1.02305,1.60,1.60
2010.02.24 12:53:39.427,1.02265,1.0231,1.60,1.60
2010.02.24 12:53:40.517,1.02265,1.02305,1.60,1.60
2010.02.24 12:53:46.585,1.0226,1.02305,1.60,1.60
2010.02.24 12:53:47.925,1.02265,1.0231,1.60,1.60
2010.02.24 12:53:50.874,1.0226,1.02305,1.60,1.60
2010.02.24 12:53:51.134,1.0226,1.023,1.60,1.60
2010.02.24 12:53:51.993,1.02255,1.023,1.60,1.60
2010.02.24 12:53:53.874,1.0226,1.023,1.60,1.60
2010.02.24 12:53:54.674,1.02255,1.02295,1.60,1.60
2010.02.24 12:53:55.892,1.02255,1.023,1.60,1.60
2010.02.24 12:53:56.183,1.02255,1.02295,1.60,1.60
2010.02.24 12:54:01.056,1.0226,1.023,1.60,1.60
2010.02.24 12:54:01.263,1.02255,1.023,1.60,1.60
2010.02.24 12:54:09.866,1.02255,1.02295,1.60,1.60
2010.02.24 12:54:20.228,1.0226,1.023,1.60,1.60
2010.02.24 12:54:34.091,1.02265,1.02305,1.60,1.60
2010.02.24 12:54:36.445,1.0226,1.02305,1.60,1.60
2010.02.24 12:54:37.023,1.0226,1.023,1.60,1.60
2010.02.24 12:54:39.613,1.02265,1.02305,1.60,1.60
2010.02.24 12:54:45.941,1.0226,1.023,1.60,1.60
2010.02.24 12:54:49.260,1.02265,1.02305,1.60,1.60
2010.02.24 12:54:51.850,1.02235,1.02275,1.60,1.60
2010.02.24 12:54:52.299,1.0224,1.0228,1.60,1.60
2010.02.24 12:54:54.622,1.02235,1.02275,1.60,1.60
2010.02.24 12:54:56.830,1.0224,1.02285,1.60,1.60
2010.02.24 12:54:56.884,1.0224,1.0228,1.60,1.60
2010.02.24 12:54:57.828,1.0224,1.02285,1.60,1.60
2010.02.24 12:54:59.217,1.02235,1.02275,1.60,1.60
2010.02.24 12:55:00.250,1.0222,1.02265,1.60,1.60
2010.02.24 12:55:02.447,1.02225,1.02265,1.60,1.60
2010.02.24 12:55:02.787,1.0223,1.02275,1.60,1.60
2010.02.24 12:55:03.558,1.022,1.0224,1.60,1.60
2010.02.24 12:55:04.181,1.0221,1.0225,1.60,1.60
2010.02.24 12:55:04.456,1.022,1.0224,1.60,1.60
2010.02.24 12:55:07.755,1.0221,1.0225,1.60,1.60
2010.02.24 12:55:08.995,1.02215,1.02255,1.60,1.60
2010.02.24 12:55:10.534,1.0222,1.0226,1.60,1.60
2010.02.24 12:55:13.220,1.02225,1.02265,1.60,1.60
2010.02.24 12:55:13.494,1.0222,1.02265,1.60,1.60
2010.02.24 12:55:14.133,1.02205,1.0225,1.60,1.60
2010.02.24 12:55:14.474,1.022,1.02245,1.60,1.60
2010.02.24 12:55:17.763,1.0221,1.02255,1.60,1.60
2010.02.24 12:55:18.653,1.02215,1.0226,1.60,1.60
2010.02.24 12:55:22.570,1.0222,1.02265,1.60,1.60
2010.02.24 12:55:58.609,1.0223,1.0227,1.60,1.60
2010.02.24 12:56:01.052,1.02225,1.02265,1.60,1.60
2010.02.24 12:56:03.141,1.0222,1.02265,1.60,1.60
2010.02.24 12:56:04.771,1.02225,1.02265,1.60,1.60
2010.02.24 12:56:09.053,1.02235,1.02275,1.60,1.60
2010.02.24 12:56:09.751,1.0223,1.0227,1.60,1.60
2010.02.24 12:56:13.835,1.02225,1.0227,1.60,1.60
2010.02.24 12:56:14.116,1.0222,1.02265,1.60,1.60
2010.02.24 12:56:34.669,1.02215,1.02255,1.60,1.60
2010.02.24 12:56:50.122,1.02215,1.0226,1.60,1.60
2010.02.24 12:56:58.300,1.0222,1.02265,1.60,1.60
2010.02.24 12:57:06.832,1.0223,1.0227,1.60,1.60
2010.02.24 12:57:10.966,1.02225,1.0227,1.60,1.60
2010.02.24 12:57:14.238,1.0223,1.0227,1.60,1.60
2010.02.24 12:57:15.204,1.02235,1.02275,1.60,1.60
2010.02.24 12:57:20.014,1.0223,1.0227,1.60,1.60
2010.02.24 12:57:20.354,1.0223,1.02275,1.60,1.60
2010.02.24 12:57:21.223,1.0223,1.0227,1.60,1.60
2010.02.24 12:57:23.274,1.02235,1.02275,1.60,1.60
2010.02.24 12:57:28.481,1.0223,1.0227,1.60,1.60
2010.02.24 12:57:29.901,1.02225,1.02265,1.60,1.60
2010.02.24 12:57:31.890,1.0223,1.0227,1.60,1.60
2010.02.24 12:57:32.711,1.02235,1.02275,1.60,1.60
2010.02.24 12:57:36.249,1.0224,1.0228,1.60,1.60
2010.02.24 12:57:41.398,1.02235,1.02275,1.60,1.60
2010.02.24 12:57:42.158,1.0223,1.02275,1.60,1.60
2010.02.24 12:57:42.740,1.0223,1.0227,1.60,1.60
2010.02.24 12:57:45.541,1.02225,1.0227,1.60,1.60
2010.02.24 12:57:47.279,1.0222,1.02265,1.60,1.60
2010.02.24 12:57:50.236,1.0223,1.0227,1.60,1.60
2010.02.24 12:57:51.456,1.02235,1.02275,1.60,1.60
2010.02.24 12:57:52.966,1.0223,1.02275,1.60,1.60
2010.02.24 12:57:54.631,1.02235,1.02275,1.60,1.60
2010.02.24 12:57:58.177,1.0223,1.02275,1.60,1.60
2010.02.24 12:57:59.060,1.02235,1.02275,1.60,1.60
2010.02.24 12:58:18.929,1.0224,1.0228,1.60,1.60
2010.02.24 12:58:23.419,1.0225,1.0229,1.60,1.60
2010.02.24 12:58:23.648,1.02255,1.02295,1.60,1.60
2010.02.24 12:58:24.328,1.02255,1.023,1.60,1.60
2010.02.24 12:58:28.496,1.02255,1.02295,1.60,1.60
2010.02.24 12:58:30.377,1.0225,1.0229,1.60,1.60
2010.02.24 12:58:32.337,1.02255,1.02295,1.60,1.60
2010.02.24 12:58:33.958,1.0225,1.0229,1.60,1.60
2010.02.24 12:58:34.855,1.02245,1.02285,1.60,1.60
2010.02.24 12:58:38.235,1.0225,1.0229,1.60,1.60
2010.02.24 12:58:46.803,1.02245,1.02285,1.60,1.60
2010.02.24 12:58:48.102,1.02255,1.02295,1.60,1.60
2010.02.24 12:58:48.702,1.0225,1.0229,1.60,1.60
2010.02.24 12:58:53.231,1.02255,1.02295,1.60,1.60
2010.02.24 12:58:54.051,1.0226,1.023,1.60,1.60
2010.02.24 12:59:02.669,1.02265,1.02305,1.60,1.60
2010.02.24 12:59:03.228,1.02265,1.0231,1.60,1.60
2010.02.24 12:59:09.528,1.0227,1.0231,1.60,1.60
2010.02.24 12:59:09.727,1.02275,1.02315,1.60,1.60
2010.02.24 12:59:10.448,1.02265,1.02305,1.60,1.60
2010.02.24 12:59:12.756,1.0226,1.023,1.60,1.60
2010.02.24 12:59:14.666,1.02245,1.02285,1.60,1.60
2010.02.24 12:59:15.402,1.02245,1.0229,1.60,1.60
2010.02.24 12:59:15.626,1.0225,1.02295,1.60,1.60
2010.02.24 12:59:17.377,1.02255,1.023,1.60,1.60
2010.02.24 12:59:18.095,1.02255,1.02305,1.60,2.02
2010.02.24 12:59:18.435,1.0225,1.0229,1.60,1.60
2010.02.24 12:59:20.304,1.0225,1.02295,1.60,1.60
2010.02.24 12:59:21.911,1.0225,1.0229,1.60,1.60
2010.02.24 12:59:23.635,1.0225,1.02295,1.60,1.60
2010.02.24 12:59:25.093,1.0226,1.023,1.60,1.60
2010.02.24 12:59:27.013,1.02255,1.02295,1.60,1.60
2010.02.24 12:59:27.782,1.02245,1.023,2.00,1.60
2010.02.24 12:59:30.172,1.02255,1.02295,1.60,1.60
2010.02.24 12:59:31.304,1.0226,1.023,1.60,1.60
2010.02.24 12:59:33.391,1.02255,1.023,1.60,1.60
2010.02.24 12:59:35.101,1.02255,1.02295,1.60,1.60
2010.02.24 12:59:42.439,1.02255,1.023,1.60,1.60
2010.02.24 12:59:43.949,1.0226,1.023,1.60,1.60
2010.02.24 12:59:51.558,1.02255,1.02295,1.60,1.60
2010.02.24 12:59:52.269,1.0225,1.02295,1.60,1.60
2010.02.24 12:59:52.519,1.0225,1.0229,1.60,1.60
2010.02.24 12:59:56.622,1.0225,1.02295,1.60,1.60
