2018.04.26 05:00:00.172,0.76543,0.76562,1.20,1.00
2018.04.26 05:00:00.674,0.76543,0.76562,1.45,1.00
2018.04.26 05:00:01.080,0.76541,0.76562,3.45,1.00
2018.04.26 05:00:01.779,0.76542,0.76563,1.20,1.00
2018.04.26 05:00:02.783,0.76542,0.76561,1.20,1.00
2018.04.26 05:00:03.145,0.7654,0.76559,1.45,1.00
2018.04.26 05:00:03.903,0.7654,0.76559,1.20,1.00
2018.04.26 05:00:05.449,0.76539,0.76558,1.45,1.00
2018.04.26 05:00:06.014,0.7654,0.76559,1.20,1.00
2018.04.26 05:00:07.763,0.7654,0.76559,1.45,1.00
2018.04.26 05:00:07.813,0.76542,0.76561,1.20,1.00
2018.04.26 05:00:09.268,0.76541,0.7656,1.45,1.00
2018.04.26 05:00:09.862,0.76541,0.7656,1.20,1.00
2018.04.26 05:00:10.903,0.76541,0.7656,1.10,1.00
2018.04.26 05:00:11.568,0.7654,0.76559,1.20,1.00
2018.04.26 05:00:11.620,0.76538,0.76557,1.07,1.00
2018.04.26 05:00:11.935,0.76535,0.76555,1.45,1.00
2018.04.26 05:00:12.019,0.76535,0.76555,1.20,1.00
2018.04.26 05:00:12.737,0.76535,0.76555,1.45,1.00
2018.04.26 05:00:18.218,0.76535,0.76554,1.95,1.00
2018.04.26 05:00:18.320,0.76535,0.76556,1.95,1.00
2018.04.26 05:00:23.278,0.76535,0.76555,1.45,1.00
2018.04.26 05:00:23.447,0.76534,0.76553,1.20,1.00
2018.04.26 05:00:23.644,0.76534,0.76553,1.45,1.00
2018.04.26 05:00:24.453,0.76534,0.76553,1.45,1.00
2018.04.26 05:00:25.614,0.76535,0.76554,1.20,1.00
2018.04.26 05:00:26.382,0.76535,0.76554,1.45,1.00
2018.04.26 05:00:30.456,0.76534,0.76553,1.95,1.00
2018.04.26 05:00:30.609,0.76533,0.76552,1.45,1.00
2018.04.26 05:00:36.272,0.76532,0.76551,1.45,1.00
2018.04.26 05:00:36.546,0.76532,0.76553,1.45,1.00
2018.04.26 05:00:36.749,0.76534,0.76553,1.20,1.00
2018.04.26 05:00:37.657,0.76533,0.76552,1.45,1.00
2018.04.26 05:00:38.331,0.76533,0.76552,1.45,1.00
2018.04.26 05:00:40.097,0.76533,0.76552,1.45,1.00
2018.04.26 05:00:40.802,0.76534,0.76553,1.45,1.00
2018.04.26 05:00:46.731,0.76534,0.76553,1.45,1.00
2018.04.26 05:00:46.813,0.76534,0.76553,1.07,1.00
2018.04.26 05:00:46.905,0.76534,0.76555,1.07,1.00
2018.04.26 05:00:51.001,0.76535,0.76556,1.10,1.00
2018.04.26 05:00:52.137,0.76539,0.76559,1.00,1.60
2018.04.26 05:00:52.240,0.76539,0.7656,1.07,1.00
2018.04.26 05:00:52.873,0.76539,0.7656,1.00,1.00
2018.04.26 05:00:53.782,0.76539,0.7656,1.07,1.00
2018.04.26 05:00:54.519,0.76539,0.7656,1.10,1.00
2018.04.26 05:00:59.024,0.7654,0.7656,1.57,1.00
2018.04.26 05:00:59.630,0.76541,0.7656,1.00,1.00
2018.04.26 05:01:00.183,0.76542,0.76561,1.00,1.00
2018.04.26 05:01:00.703,0.76543,0.76562,1.10,1.00
2018.04.26 05:01:04.512,0.76542,0.76561,1.00,1.00
2018.04.26 05:01:05.120,0.76541,0.7656,1.57,1.00
2018.04.26 05:01:05.719,0.76541,0.7656,1.95,1.00
2018.04.26 05:01:07.720,0.76541,0.7656,1.50,1.00
2018.04.26 05:01:18.015,0.7654,0.7656,2.32,1.00
2018.04.26 05:01:18.459,0.76542,0.7656,1.00,1.00
2018.04.26 05:01:19.015,0.76541,0.7656,1.00,1.00
2018.04.26 05:01:19.655,0.76541,0.76561,1.00,1.00
2018.04.26 05:01:20.213,0.76541,0.7656,1.00,1.00
2018.04.26 05:01:20.751,0.7654,0.76559,2.25,1.00
2018.04.26 05:01:21.517,0.7654,0.7656,1.50,1.00
2018.04.26 05:01:22.192,0.76541,0.76559,1.00,1.00
2018.04.26 05:01:24.278,0.76541,0.7656,1.00,1.00
2018.04.26 05:01:31.862,0.76541,0.76562,1.50,1.00
2018.04.26 05:01:31.912,0.76543,0.76562,1.00,1.00
2018.04.26 05:01:32.421,0.76544,0.76562,1.00,1.00
2018.04.26 05:01:51.624,0.76543,0.76561,1.00,1.00
2018.04.26 05:01:54.983,0.76544,0.76562,1.00,1.00
2018.04.26 05:02:02.148,0.76546,0.76564,1.00,1.00
2018.04.26 05:02:03.103,0.76547,0.76565,1.00,1.00
2018.04.26 05:02:03.611,0.76546,0.76564,1.00,1.00
2018.04.26 05:02:11.204,0.76545,0.76563,1.00,1.00
2018.04.26 05:02:11.356,0.76545,0.76565,1.00,1.00
2018.04.26 05:02:12.160,0.76546,0.76564,1.00,1.00
2018.04.26 05:02:13.102,0.76544,0.76564,1.07,1.00
2018.04.26 05:02:13.834,0.76546,0.76564,1.00,1.00
2018.04.26 05:02:15.045,0.76547,0.76565,1.00,1.00
2018.04.26 05:02:16.731,0.76546,0.76564,1.00,1.00
2018.04.26 05:02:17.310,0.76547,0.76565,1.00,1.00
2018.04.26 05:02:24.195,0.76546,0.76564,1.00,1.00
2018.04.26 05:02:33.091,0.76547,0.76565,1.00,1.00
2018.04.26 05:02:33.681,0.76548,0.76566,1.00,1.00
2018.04.26 05:02:43.634,0.76547,0.76565,1.10,1.00
2018.04.26 05:02:44.201,0.76548,0.76566,1.00,1.00
2018.04.26 05:02:44.873,0.76549,0.76567,1.00,1.00
2018.04.26 05:02:46.898,0.76547,0.76567,1.10,1.00
2018.04.26 05:02:56.479,0.76547,0.76565,1.10,1.00
2018.04.26 05:03:00.850,0.76548,0.76566,1.00,1.00
2018.04.26 05:03:02.554,0.76546,0.76566,1.10,1.00
2018.04.26 05:03:05.659,0.76546,0.76566,1.20,1.00
2018.04.26 05:03:17.553,0.76548,0.76566,1.00,1.00
2018.04.26 05:03:19.054,0.76547,0.76565,1.10,1.00
2018.04.26 05:03:19.122,0.76547,0.76567,1.10,1.00
2018.04.26 05:03:19.385,0.76547,0.76565,1.10,1.00
2018.04.26 05:03:20.136,0.76548,0.76566,1.00,1.00
2018.04.26 05:03:21.127,0.76547,0.76565,1.10,1.00
2018.04.26 05:03:21.597,0.76547,0.76567,1.10,1.00
2018.04.26 05:03:21.763,0.76549,0.76567,1.00,1.00
2018.04.26 05:03:32.554,0.76548,0.76566,1.00,1.00
2018.04.26 05:03:33.199,0.76549,0.76567,1.00,1.00
2018.04.26 05:03:51.217,0.76548,0.76568,1.10,1.00
2018.04.26 05:03:54.114,0.76552,0.7657,1.00,1.00
2018.04.26 05:03:54.318,0.76553,0.76573,1.00,1.00
2018.04.26 05:03:55.023,0.76554,0.76572,1.00,1.00
2018.04.26 05:04:01.444,0.76553,0.76571,1.00,1.00
2018.04.26 05:04:01.953,0.76554,0.76572,1.00,1.00
2018.04.26 05:04:02.730,0.76552,0.76572,1.57,1.00
2018.04.26 05:04:03.311,0.76552,0.76571,1.10,1.00
2018.04.26 05:04:04.552,0.76553,0.76571,1.00,1.00
2018.04.26 05:04:04.961,0.7655,0.76568,1.00,1.00
2018.04.26 05:04:05.064,0.76548,0.76571,1.57,1.50
2018.04.26 05:04:05.166,0.76553,0.76571,1.00,1.00
2018.04.26 05:04:05.268,0.76553,0.76573,1.00,1.10
2018.04.26 05:04:05.824,0.76552,0.76572,1.00,1.00
2018.04.26 05:04:10.957,0.76552,0.7657,1.00,1.00
2018.04.26 05:04:16.373,0.7655,0.76571,1.95,1.00
2018.04.26 05:04:16.875,0.76552,0.7657,1.00,1.00
2018.04.26 05:04:17.744,0.76553,0.76571,1.00,1.00
2018.04.26 05:04:24.866,0.76552,0.7657,1.00,1.00
2018.04.26 05:04:29.445,0.76551,0.76569,1.10,1.00
2018.04.26 05:04:30.055,0.76552,0.7657,1.00,1.00
2018.04.26 05:04:32.677,0.76553,0.76571,1.00,1.00
2018.04.26 05:04:35.263,0.76552,0.7657,1.00,1.00
2018.04.26 05:04:35.777,0.76551,0.76569,1.00,1.00
2018.04.26 05:04:35.930,0.76546,0.76566,1.10,1.00
2018.04.26 05:04:37.708,0.76546,0.76566,1.20,1.00
2018.04.26 05:04:44.309,0.7655,0.76568,1.00,1.00
2018.04.26 05:04:45.098,0.76549,0.76567,1.20,1.00
2018.04.26 05:04:45.908,0.76549,0.76567,1.10,1.00
2018.04.26 05:04:48.069,0.7655,0.76568,1.00,1.00
2018.04.26 05:04:48.629,0.76549,0.76567,1.10,1.00
2018.04.26 05:04:49.207,0.7655,0.76568,1.00,1.00
2018.04.26 05:05:00.780,0.76549,0.76567,1.20,1.00
2018.04.26 05:05:02.028,0.76549,0.76567,1.00,1.00
2018.04.26 05:05:02.573,0.76547,0.76565,1.10,1.00
2018.04.26 05:05:02.952,0.76545,0.76563,1.10,1.00
2018.04.26 05:05:04.156,0.76544,0.76562,1.07,1.00
2018.04.26 05:05:07.954,0.76544,0.76562,1.10,1.00
2018.04.26 05:05:08.350,0.76547,0.76567,1.00,1.00
2018.04.26 05:05:08.453,0.76549,0.76567,1.00,1.00
2018.04.26 05:05:14.495,0.7655,0.76568,1.00,1.00
2018.04.26 05:05:15.003,0.76549,0.76567,1.00,1.00
2018.04.26 05:05:15.289,0.76549,0.76569,1.00,1.10
2018.04.26 05:05:15.410,0.76549,0.76567,1.00,1.00
2018.04.26 05:05:16.128,0.7655,0.76568,1.00,1.00
2018.04.26 05:05:16.613,0.76548,0.76568,1.00,1.00
2018.04.26 05:05:17.337,0.76549,0.76569,1.00,1.10
2018.04.26 05:05:17.525,0.76549,0.76567,1.00,1.00
2018.04.26 05:05:19.504,0.7655,0.76567,1.00,1.00
2018.04.26 05:05:23.416,0.76549,0.76567,1.00,1.00
2018.04.26 05:05:27.749,0.7655,0.76567,1.00,1.00
2018.04.26 05:05:32.591,0.76549,0.76567,1.00,1.00
2018.04.26 05:05:33.202,0.7655,0.76568,1.00,1.00
2018.04.26 05:05:33.863,0.76549,0.76567,1.00,1.00
2018.04.26 05:05:35.715,0.7655,0.76568,1.00,1.00
2018.04.26 05:05:36.560,0.76549,0.76567,1.00,1.00
2018.04.26 05:05:47.383,0.7655,0.76567,1.00,1.00
2018.04.26 05:05:49.102,0.76549,0.76567,1.00,1.00
2018.04.26 05:05:59.172,0.76548,0.76566,1.00,1.00
2018.04.26 05:06:08.176,0.76548,0.76568,1.00,1.00
2018.04.26 05:06:21.042,0.76548,0.76572,1.00,2.70
2018.04.26 05:06:21.093,0.76549,0.76572,1.10,1.57
2018.04.26 05:06:21.261,0.76548,0.76566,1.10,1.00
2018.04.26 05:06:21.805,0.76549,0.76567,1.00,1.00
2018.04.26 05:06:37.667,0.76547,0.76567,1.10,1.00
2018.04.26 05:06:38.182,0.76548,0.76566,1.00,1.00
2018.04.26 05:06:38.842,0.76549,0.76567,1.00,1.00
2018.04.26 05:06:39.555,0.76548,0.76566,1.00,1.00
2018.04.26 05:06:49.665,0.76548,0.76568,1.00,1.00
2018.04.26 05:06:49.716,0.76548,0.76566,1.00,1.00
2018.04.26 05:07:02.866,0.76549,0.76567,1.00,1.00
2018.04.26 05:07:03.609,0.76548,0.76566,1.00,1.00
2018.04.26 05:07:04.381,0.76549,0.76567,1.00,1.00
2018.04.26 05:07:08.216,0.76547,0.76567,1.00,1.00
2018.04.26 05:07:08.318,0.76547,0.76565,1.00,1.00
2018.04.26 05:07:08.653,0.76545,0.76563,1.10,1.00
2018.04.26 05:07:32.935,0.76544,0.76562,1.00,1.10
2018.04.26 05:07:33.569,0.76545,0.76563,1.00,1.00
2018.04.26 05:07:34.095,0.76544,0.76562,1.10,1.00
2018.04.26 05:07:35.181,0.76545,0.76563,1.00,1.00
2018.04.26 05:07:35.693,0.76544,0.76562,1.00,1.00
2018.04.26 05:07:36.231,0.76545,0.76563,1.00,1.00
2018.04.26 05:07:39.388,0.76546,0.76564,1.00,1.00
2018.04.26 05:07:39.913,0.76545,0.76563,1.00,1.00
2018.04.26 05:07:40.439,0.76546,0.76564,1.00,1.00
2018.04.26 05:07:40.940,0.76545,0.76563,1.00,1.00
2018.04.26 05:07:42.092,0.76546,0.76564,1.00,1.00
2018.04.26 05:07:42.761,0.76545,0.76563,1.00,1.00
2018.04.26 05:07:44.454,0.76543,0.76563,1.10,1.00
2018.04.26 05:07:48.159,0.76545,0.76563,1.00,1.00
2018.04.26 05:07:48.694,0.76546,0.76564,1.00,1.00
2018.04.26 05:07:49.353,0.76545,0.76563,1.00,1.00
2018.04.26 05:07:51.259,0.76546,0.76564,1.00,1.00
2018.04.26 05:07:54.068,0.76545,0.76563,1.00,1.00
2018.04.26 05:07:54.692,0.76546,0.76564,1.00,1.00
2018.04.26 05:07:55.783,0.76545,0.76563,1.00,1.00
2018.04.26 05:07:57.265,0.76544,0.76562,1.10,1.00
2018.04.26 05:07:57.571,0.76547,0.76565,1.00,1.00
2018.04.26 05:07:58.046,0.76545,0.76563,1.10,1.00
2018.04.26 05:07:58.157,0.76545,0.76565,1.10,1.00
2018.04.26 05:08:02.554,0.76545,0.76563,1.10,1.00
2018.04.26 05:08:02.970,0.76547,0.76565,1.00,1.00
2018.04.26 05:08:03.072,0.76547,0.76567,1.00,1.00
2018.04.26 05:08:03.123,0.76549,0.76567,1.00,1.00
2018.04.26 05:08:03.497,0.76546,0.76566,1.10,1.00
2018.04.26 05:08:12.989,0.76547,0.76567,1.00,1.00
2018.04.26 05:08:13.040,0.76546,0.76564,1.10,1.00
2018.04.26 05:08:13.595,0.76545,0.76565,1.10,1.00
2018.04.26 05:08:14.104,0.76547,0.76565,1.00,1.00
2018.04.26 05:08:14.608,0.76546,0.76564,1.00,1.00
2018.04.26 05:08:15.612,0.76547,0.76565,1.00,1.00
2018.04.26 05:08:19.591,0.76546,0.76564,1.00,1.00
2018.04.26 05:08:25.666,0.76547,0.76565,1.00,1.00
2018.04.26 05:08:26.360,0.76546,0.76564,1.00,1.00
2018.04.26 05:08:29.457,0.76547,0.76565,1.00,1.00
2018.04.26 05:08:34.669,0.76546,0.76564,1.00,1.00
2018.04.26 05:08:39.565,0.76547,0.76565,1.00,1.00
2018.04.26 05:08:40.258,0.76546,0.76564,1.00,1.00
2018.04.26 05:08:42.399,0.76545,0.76563,1.10,1.00
2018.04.26 05:08:42.906,0.76546,0.76564,1.00,1.00
2018.04.26 05:08:44.684,0.76547,0.76565,1.00,1.00
2018.04.26 05:08:45.182,0.76545,0.76565,1.10,1.00
2018.04.26 05:08:45.793,0.76546,0.76566,1.00,1.00
2018.04.26 05:08:49.310,0.76545,0.76565,1.00,1.00
2018.04.26 05:08:49.715,0.76547,0.76565,1.00,1.00
2018.04.26 05:08:50.380,0.76546,0.76564,1.00,1.00
2018.04.26 05:08:55.708,0.76547,0.76565,1.00,1.00
2018.04.26 05:08:58.138,0.76546,0.76564,1.00,1.00
2018.04.26 05:09:04.054,0.76547,0.76565,1.00,1.00
2018.04.26 05:09:05.257,0.76548,0.76566,1.00,1.00
2018.04.26 05:09:05.936,0.76547,0.76565,1.10,1.00
2018.04.26 05:09:17.554,0.76548,0.76566,1.00,1.00
2018.04.26 05:09:26.528,0.76547,0.76565,1.00,1.00
2018.04.26 05:09:26.832,0.76545,0.76563,1.20,1.00
2018.04.26 05:09:27.594,0.76546,0.76564,1.10,1.00
2018.04.26 05:09:30.058,0.76547,0.76565,1.00,1.00
2018.04.26 05:09:30.764,0.76545,0.76565,1.07,1.00
2018.04.26 05:09:31.459,0.76546,0.76564,1.00,1.00
2018.04.26 05:09:32.170,0.76545,0.76563,1.10,1.00
2018.04.26 05:09:33.725,0.76546,0.76564,1.00,1.00
2018.04.26 05:09:34.206,0.76544,0.76564,1.10,1.00
2018.04.26 05:09:35.765,0.76546,0.76564,1.00,1.00
2018.04.26 05:09:36.634,0.76548,0.76566,1.00,1.00
2018.04.26 05:09:36.735,0.76546,0.76566,1.10,1.00
2018.04.26 05:09:36.917,0.76548,0.76566,1.00,1.00
2018.04.26 05:09:40.546,0.76546,0.76566,1.10,1.00
2018.04.26 05:09:47.554,0.76546,0.76564,1.00,1.00
2018.04.26 05:09:48.225,0.76547,0.76565,1.00,1.00
2018.04.26 05:09:48.884,0.76546,0.76564,1.00,1.00
2018.04.26 05:09:59.717,0.76545,0.76563,1.10,1.00
2018.04.26 05:10:10.790,0.76546,0.76564,1.00,1.00
2018.04.26 05:10:11.397,0.76547,0.76565,1.00,1.00
2018.04.26 05:10:12.218,0.76546,0.76564,1.00,1.00
2018.04.26 05:10:18.052,0.76547,0.76567,1.00,1.00
2018.04.26 05:10:18.725,0.76548,0.76566,1.00,1.00
2018.04.26 05:10:23.524,0.76549,0.76567,1.00,1.00
2018.04.26 05:10:31.604,0.76548,0.76566,1.00,1.00
2018.04.26 05:10:34.421,0.76547,0.76565,1.00,1.00
2018.04.26 05:10:50.510,0.76548,0.76566,1.00,1.00
2018.04.26 05:10:51.733,0.76546,0.76566,1.00,1.00
2018.04.26 05:10:51.784,0.76548,0.76566,1.00,1.00
2018.04.26 05:10:52.311,0.76547,0.76565,1.00,1.00
2018.04.26 05:10:52.362,0.76544,0.76564,1.10,1.00
2018.04.26 05:10:52.514,0.76546,0.76564,1.00,1.00
2018.04.26 05:11:03.370,0.76547,0.76565,1.00,1.00
2018.04.26 05:11:04.024,0.76546,0.76564,1.00,1.00
2018.04.26 05:11:05.173,0.76545,0.76563,1.00,1.00
2018.04.26 05:11:09.684,0.76546,0.76564,1.00,1.00
2018.04.26 05:11:18.480,0.76546,0.76564,1.45,1.00
2018.04.26 05:11:21.686,0.76546,0.76564,1.45,1.00
2018.04.26 05:11:49.540,0.76545,0.76563,1.95,1.00
2018.04.26 05:11:55.755,0.76544,0.76562,1.00,1.00
2018.04.26 05:11:55.959,0.76542,0.7656,1.00,1.00
2018.04.26 05:11:56.212,0.76542,0.76562,1.10,1.00
2018.04.26 05:12:00.033,0.76542,0.76562,1.20,1.00
2018.04.26 05:12:02.688,0.76541,0.76561,1.95,1.00
2018.04.26 05:12:13.072,0.76541,0.76561,1.95,1.00
2018.04.26 05:12:19.055,0.76543,0.76563,1.20,1.50
2018.04.26 05:12:21.812,0.76543,0.76561,1.20,1.00
2018.04.26 05:12:26.651,0.76544,0.76562,1.10,1.00
2018.04.26 05:13:03.070,0.76543,0.76561,1.20,1.00
2018.04.26 05:13:03.645,0.76543,0.76561,1.00,1.00
2018.04.26 05:13:04.673,0.76542,0.7656,1.20,1.00
2018.04.26 05:13:04.920,0.76542,0.76562,1.20,1.50
2018.04.26 05:13:04.971,0.76545,0.76563,1.10,1.50
2018.04.26 05:13:05.277,0.76546,0.76566,1.45,1.00
2018.04.26 05:13:06.207,0.76546,0.76566,1.20,1.00
2018.04.26 05:13:06.307,0.76546,0.76566,1.45,1.00
2018.04.26 05:13:08.817,0.76546,0.76559,1.45,1.00
2018.04.26 05:13:08.868,0.76541,0.76559,3.00,1.00
2018.04.26 05:13:08.971,0.76538,0.76557,1.45,1.00
2018.04.26 05:13:09.276,0.76536,0.76554,1.95,1.00
2018.04.26 05:13:09.520,0.76536,0.76556,1.95,1.00
2018.04.26 05:13:10.582,0.76536,0.76556,1.45,1.00
2018.04.26 05:13:10.784,0.76536,0.76554,1.95,1.00
2018.04.26 05:13:11.510,0.76536,0.76554,1.10,1.00
2018.04.26 05:13:14.931,0.76537,0.76557,1.00,1.10
2018.04.26 05:13:15.296,0.76539,0.76557,1.00,1.00
2018.04.26 05:13:15.454,0.7654,0.7656,1.00,1.00
2018.04.26 05:13:16.791,0.76542,0.7656,1.00,1.00
2018.04.26 05:13:17.300,0.76541,0.76559,1.00,1.00
2018.04.26 05:13:19.110,0.7654,0.76558,1.00,1.00
2018.04.26 05:13:19.872,0.76539,0.76557,1.00,1.00
2018.04.26 05:13:20.373,0.76538,0.76558,1.10,1.00
2018.04.26 05:13:20.986,0.76539,0.76557,1.00,1.00
2018.04.26 05:13:22.866,0.7654,0.76558,1.00,1.00
2018.04.26 05:13:23.472,0.76539,0.76557,1.00,1.00
2018.04.26 05:13:24.015,0.7654,0.76558,1.00,1.00
2018.04.26 05:13:24.608,0.76538,0.76558,1.20,1.00
2018.04.26 05:13:25.339,0.7654,0.76558,1.00,1.00
2018.04.26 05:13:28.301,0.76541,0.76559,1.00,1.00
2018.04.26 05:13:29.619,0.7654,0.76558,1.00,1.00
2018.04.26 05:13:29.823,0.76538,0.76558,1.10,1.00
2018.04.26 05:13:29.994,0.7654,0.76558,1.00,1.00
2018.04.26 05:13:30.508,0.7654,0.76557,1.00,1.00
2018.04.26 05:13:31.754,0.7654,0.76558,1.10,1.00
2018.04.26 05:13:33.979,0.76541,0.76559,1.00,1.00
2018.04.26 05:13:35.415,0.76539,0.76559,1.10,1.00
2018.04.26 05:13:36.148,0.76538,0.76558,1.57,1.00
2018.04.26 05:13:36.726,0.76538,0.76558,1.50,1.00
2018.04.26 05:13:40.959,0.76538,0.76556,1.00,1.00
2018.04.26 05:13:42.627,0.76539,0.76557,1.00,1.00
2018.04.26 05:13:43.408,0.76538,0.76556,1.00,1.00
2018.04.26 05:13:47.871,0.76539,0.76557,1.00,1.00
2018.04.26 05:13:52.735,0.76537,0.76555,1.10,1.00
2018.04.26 05:13:52.786,0.76537,0.76557,1.00,1.00
2018.04.26 05:13:52.847,0.76539,0.76557,1.00,1.00
2018.04.26 05:13:53.850,0.76538,0.76556,1.00,1.00
2018.04.26 05:13:56.308,0.76538,0.76558,1.10,1.00
2018.04.26 05:13:57.975,0.76538,0.76556,1.00,1.00
2018.04.26 05:13:58.331,0.76536,0.76554,1.00,1.00
2018.04.26 05:13:58.440,0.76536,0.76556,1.00,1.00
2018.04.26 05:14:00.502,0.76535,0.76555,1.10,1.00
2018.04.26 05:14:00.750,0.76537,0.76555,1.00,1.00
2018.04.26 05:14:09.761,0.76535,0.76555,1.10,1.00
2018.04.26 05:14:19.055,0.76535,0.76553,1.00,1.00
2018.04.26 05:14:21.326,0.76536,0.76554,1.00,1.00
2018.04.26 05:14:21.871,0.76537,0.76555,1.00,1.00
2018.04.26 05:14:21.972,0.76535,0.76555,1.10,1.00
2018.04.26 05:14:22.074,0.76535,0.76553,1.10,1.00
2018.04.26 05:14:22.894,0.76536,0.76554,1.00,1.00
2018.04.26 05:14:32.787,0.76535,0.76553,1.00,1.00
2018.04.26 05:14:33.184,0.76537,0.76555,1.00,1.00
2018.04.26 05:14:33.549,0.76535,0.76555,1.10,1.00
2018.04.26 05:14:33.687,0.76537,0.76555,1.00,1.00
2018.04.26 05:14:34.504,0.76536,0.76554,1.00,1.00
2018.04.26 05:14:35.100,0.76537,0.76555,1.00,1.00
2018.04.26 05:14:40.061,0.76536,0.76554,1.00,1.00
2018.04.26 05:14:41.573,0.76535,0.76553,1.00,1.00
2018.04.26 05:14:44.138,0.76536,0.76554,1.00,1.00
2018.04.26 05:14:44.726,0.76537,0.76555,1.00,1.00
2018.04.26 05:14:46.430,0.76536,0.76554,1.00,1.00
2018.04.26 05:14:47.059,0.76537,0.76555,1.00,1.00
2018.04.26 05:14:47.628,0.76536,0.76554,1.00,1.00
2018.04.26 05:14:50.195,0.76535,0.76555,1.10,1.00
2018.04.26 05:15:00.392,0.76537,0.76555,1.00,1.00
2018.04.26 05:15:05.474,0.76538,0.76556,1.00,1.00
2018.04.26 05:15:06.217,0.76537,0.76555,1.00,1.00
2018.04.26 05:15:12.769,0.76536,0.76554,1.00,1.00
2018.04.26 05:15:15.552,0.76537,0.76555,1.00,1.00
2018.04.26 05:15:17.919,0.76536,0.76554,1.00,1.00
2018.04.26 05:15:18.435,0.76537,0.76555,1.00,1.00
2018.04.26 05:15:36.538,0.76538,0.76556,1.00,1.00
2018.04.26 05:15:36.865,0.7654,0.76558,1.00,1.00
2018.04.26 05:15:37.351,0.76538,0.76556,1.00,1.00
2018.04.26 05:15:38.494,0.76539,0.76557,1.00,1.00
2018.04.26 05:15:38.852,0.76536,0.76556,1.07,1.00
2018.04.26 05:15:39.112,0.7654,0.76558,1.00,1.00
2018.04.26 05:15:39.638,0.76541,0.76559,1.00,1.00
2018.04.26 05:15:40.615,0.76542,0.7656,1.00,1.00
2018.04.26 05:15:50.766,0.76539,0.76559,1.07,1.00
2018.04.26 05:15:50.868,0.76542,0.7656,1.00,1.00
2018.04.26 05:15:50.921,0.7654,0.7656,1.10,1.00
2018.04.26 05:15:51.706,0.76541,0.76559,1.00,1.00
2018.04.26 05:15:57.306,0.76542,0.7656,1.00,1.00
2018.04.26 05:15:57.357,0.7654,0.7656,1.00,1.00
2018.04.26 05:15:57.536,0.76542,0.7656,1.00,1.00
2018.04.26 05:15:59.012,0.76542,0.76562,1.00,1.00
2018.04.26 05:15:59.164,0.76542,0.7656,1.10,1.00
2018.04.26 05:15:59.682,0.76541,0.76559,1.00,1.00
2018.04.26 05:16:00.037,0.76541,0.76559,1.45,1.00
2018.04.26 05:16:00.844,0.7654,0.76558,1.95,1.00
2018.04.26 05:16:03.053,0.7654,0.76558,1.20,1.00
2018.04.26 05:16:03.541,0.7654,0.7656,1.20,1.00
2018.04.26 05:16:03.592,0.7654,0.7656,1.95,1.00
2018.04.26 05:16:04.253,0.7654,0.7656,1.95,1.00
2018.04.26 05:16:04.787,0.76543,0.76561,1.00,1.00
2018.04.26 05:16:05.573,0.76543,0.76561,1.20,1.00
2018.04.26 05:16:11.924,0.76543,0.76563,1.20,1.00
2018.04.26 05:16:12.437,0.76542,0.76562,1.95,1.00
2018.04.26 05:16:12.985,0.76544,0.76562,1.07,1.00
2018.04.26 05:16:14.936,0.76545,0.76563,1.10,1.00
2018.04.26 05:16:15.464,0.76544,0.76562,1.00,1.00
2018.04.26 05:16:15.983,0.76543,0.76563,1.20,1.00
2018.04.26 05:16:20.020,0.76543,0.76563,1.10,1.00
2018.04.26 05:16:22.900,0.76543,0.76561,1.00,1.00
2018.04.26 05:16:25.207,0.76544,0.76562,1.00,1.00
2018.04.26 05:16:28.685,0.76542,0.76562,1.10,1.00
2018.04.26 05:16:28.736,0.76544,0.76562,1.00,1.00
2018.04.26 05:16:29.513,0.76543,0.76561,1.00,1.00
2018.04.26 05:16:29.884,0.76543,0.76563,1.00,1.00
2018.04.26 05:16:30.143,0.76545,0.76563,1.00,1.00
2018.04.26 05:16:30.476,0.76547,0.76565,1.00,1.50
2018.04.26 05:16:35.786,0.76547,0.76567,1.00,1.00
2018.04.26 05:16:36.001,0.76547,0.76565,1.00,1.00
2018.04.26 05:16:37.436,0.76548,0.76566,1.00,1.00
2018.04.26 05:16:39.241,0.76547,0.76565,1.00,1.00
2018.04.26 05:16:39.609,0.76545,0.76563,1.00,1.00
2018.04.26 05:16:40.167,0.76544,0.76562,1.00,1.00
2018.04.26 05:16:40.598,0.76546,0.76564,1.00,1.00
2018.04.26 05:16:41.157,0.76545,0.76565,1.10,1.00
2018.04.26 05:16:44.060,0.76547,0.76565,1.00,1.00
2018.04.26 05:16:45.782,0.76545,0.76563,1.10,1.00
2018.04.26 05:16:46.087,0.76543,0.76563,1.10,1.00
2018.04.26 05:16:48.882,0.76545,0.76563,1.00,1.00
2018.04.26 05:16:49.476,0.76544,0.76562,1.00,1.00
2018.04.26 05:16:49.783,0.76546,0.76564,1.10,1.00
2018.04.26 05:16:49.886,0.76542,0.76562,1.57,1.00
2018.04.26 05:16:49.937,0.76544,0.76562,1.00,1.00
2018.04.26 05:16:51.665,0.76545,0.76563,1.00,1.00
2018.04.26 05:16:52.445,0.76544,0.76562,1.00,1.00
2018.04.26 05:16:55.798,0.76543,0.76561,1.00,1.00
2018.04.26 05:16:56.128,0.76542,0.76559,1.00,1.00
2018.04.26 05:16:58.283,0.76542,0.7656,1.00,1.00
2018.04.26 05:17:23.266,0.76542,0.7656,1.20,1.00
2018.04.26 05:17:23.961,0.76542,0.7656,1.00,1.00
2018.04.26 05:17:24.918,0.76542,0.7656,1.20,1.00
2018.04.26 05:17:26.076,0.76546,0.76564,1.00,2.25
2018.04.26 05:17:26.849,0.76547,0.76565,1.10,1.00
2018.04.26 05:17:31.405,0.76545,0.76563,1.95,1.00
2018.04.26 05:17:31.507,0.76544,0.76562,1.20,1.00
2018.04.26 05:17:31.617,0.76547,0.76565,1.45,1.00
2018.04.26 05:17:31.718,0.76549,0.76567,1.10,1.00
2018.04.26 05:17:32.226,0.7655,0.76568,1.00,1.00
2018.04.26 05:17:49.237,0.76548,0.76568,1.10,1.00
2018.04.26 05:17:49.390,0.7655,0.76568,1.00,1.00
2018.04.26 05:17:50.177,0.76549,0.76567,1.10,1.00
2018.04.26 05:17:53.029,0.76549,0.76567,1.20,1.00
2018.04.26 05:17:53.851,0.76549,0.76567,1.20,1.00
2018.04.26 05:17:55.705,0.76549,0.76567,1.20,1.00
2018.04.26 05:18:00.693,0.76549,0.76567,1.10,1.00
2018.04.26 05:18:10.906,0.7655,0.76568,1.00,1.00
2018.04.26 05:18:11.675,0.76549,0.76567,1.10,1.00
2018.04.26 05:18:50.302,0.7655,0.76568,1.00,1.00
2018.04.26 05:18:55.435,0.76549,0.76567,1.20,1.00
2018.04.26 05:18:55.715,0.76548,0.76566,1.10,1.00
2018.04.26 05:18:56.288,0.76548,0.76566,1.20,1.00
2018.04.26 05:18:59.765,0.76549,0.76567,1.10,1.00
2018.04.26 05:19:07.882,0.76547,0.76567,1.10,1.00
2018.04.26 05:19:10.644,0.76549,0.76567,1.00,1.00
2018.04.26 05:19:14.656,0.76545,0.76565,2.17,1.00
2018.04.26 05:19:14.707,0.76546,0.76563,1.00,1.00
2018.04.26 05:19:17.577,0.76545,0.76563,1.00,1.00
2018.04.26 05:19:18.563,0.76544,0.76562,1.00,1.00
2018.04.26 05:19:31.913,0.76544,0.76564,1.00,1.00
2018.04.26 05:19:32.419,0.76545,0.76565,1.00,1.00
2018.04.26 05:19:34.570,0.76544,0.76564,1.10,1.00
2018.04.26 05:19:43.217,0.76545,0.76565,1.00,1.10
2018.04.26 05:19:43.272,0.76548,0.76566,1.00,1.00
2018.04.26 05:19:43.475,0.76546,0.76566,1.00,1.00
2018.04.26 05:19:46.016,0.76546,0.76564,1.00,1.00
2018.04.26 05:19:49.107,0.76544,0.76564,2.25,1.00
2018.04.26 05:19:49.571,0.76544,0.76562,1.50,1.00
2018.04.26 05:19:51.333,0.76545,0.76563,1.00,1.10
2018.04.26 05:19:52.004,0.76544,0.76562,1.00,1.00
2018.04.26 05:19:52.665,0.76544,0.76562,1.00,1.20
2018.04.26 05:19:58.198,0.76544,0.76562,1.00,1.20
2018.04.26 05:20:00.609,0.76545,0.76563,1.00,1.45
2018.04.26 05:20:01.225,0.76544,0.76562,1.00,1.20
2018.04.26 05:20:02.065,0.76544,0.76562,1.00,1.20
2018.04.26 05:20:10.105,0.76543,0.76563,1.00,1.95
2018.04.26 05:20:12.531,0.76545,0.76563,1.00,1.10
2018.04.26 05:20:12.850,0.76547,0.76565,1.00,1.20
2018.04.26 05:20:13.002,0.76545,0.76565,1.00,1.20
2018.04.26 05:20:13.204,0.76543,0.76561,1.50,1.00
2018.04.26 05:20:13.406,0.76541,0.76561,1.00,1.20
2018.04.26 05:20:13.980,0.7654,0.76558,1.00,1.00
2018.04.26 05:20:14.031,0.76538,0.76558,1.00,1.00
2018.04.26 05:20:16.657,0.76538,0.76558,1.00,1.20
2018.04.26 05:20:16.855,0.7654,0.76558,1.00,1.20
2018.04.26 05:20:17.163,0.76539,0.76559,1.00,1.10
2018.04.26 05:20:17.214,0.76541,0.76559,1.00,1.10
2018.04.26 05:20:17.422,0.76539,0.76559,1.00,1.10
2018.04.26 05:20:18.227,0.76541,0.76559,1.00,1.10
2018.04.26 05:20:18.837,0.76541,0.76559,1.00,1.20
2018.04.26 05:20:19.453,0.7654,0.76558,1.00,1.10
2018.04.26 05:20:21.351,0.76541,0.76559,1.00,1.20
2018.04.26 05:20:24.071,0.76541,0.76559,1.00,1.10
2018.04.26 05:20:24.709,0.7654,0.76558,1.00,1.10
2018.04.26 05:20:25.108,0.76538,0.76556,1.00,1.00
2018.04.26 05:20:25.873,0.76537,0.76555,1.00,1.00
2018.04.26 05:20:32.512,0.76538,0.76556,1.00,1.10
2018.04.26 05:20:33.033,0.76537,0.76557,1.00,1.20
2018.04.26 05:20:36.603,0.76537,0.76555,1.00,1.00
2018.04.26 05:20:43.424,0.76538,0.76556,1.00,1.10
2018.04.26 05:20:45.069,0.76537,0.76555,1.00,1.00
2018.04.26 05:20:45.578,0.76535,0.76553,1.00,1.00
2018.04.26 05:20:49.227,0.76536,0.76554,1.00,1.20
2018.04.26 05:20:49.998,0.76536,0.76554,1.00,1.20
2018.04.26 05:20:52.914,0.76536,0.76554,1.00,1.20
2018.04.26 05:20:53.029,0.76534,0.76554,1.00,1.20
2018.04.26 05:20:53.080,0.76536,0.76554,1.00,1.20
2018.04.26 05:20:53.830,0.76536,0.76554,1.00,1.00
2018.04.26 05:20:58.014,0.76535,0.76553,1.00,1.00
2018.04.26 05:20:59.083,0.76536,0.76554,1.00,1.10
2018.04.26 05:20:59.730,0.76535,0.76553,1.00,1.00
2018.04.26 05:21:01.944,0.76535,0.76555,1.00,1.20
2018.04.26 05:21:04.056,0.76535,0.76553,1.00,1.00
2018.04.26 05:21:04.774,0.76534,0.76552,1.00,1.00
2018.04.26 05:21:08.622,0.76535,0.76553,1.00,1.00
2018.04.26 05:21:09.145,0.76536,0.76554,1.00,1.00
2018.04.26 05:21:11.748,0.76537,0.76555,1.00,1.20
2018.04.26 05:21:16.853,0.76538,0.76556,1.00,1.10
2018.04.26 05:21:17.392,0.76537,0.76555,1.00,1.00
2018.04.26 05:21:17.714,0.7654,0.76558,1.00,1.00
2018.04.26 05:21:19.644,0.76537,0.76555,1.57,1.00
2018.04.26 05:21:20.321,0.76536,0.76554,1.10,1.00
2018.04.26 05:21:22.576,0.76535,0.76553,1.07,1.00
2018.04.26 05:21:23.292,0.76536,0.76554,1.10,1.00
2018.04.26 05:21:25.158,0.76537,0.76555,1.00,1.00
2018.04.26 05:21:25.583,0.76539,0.76557,1.00,1.00
2018.04.26 05:21:29.503,0.76538,0.76556,1.00,1.00
2018.04.26 05:21:29.554,0.76538,0.76558,1.00,1.00
2018.04.26 05:21:35.198,0.76539,0.76559,1.00,1.10
2018.04.26 05:21:35.300,0.76541,0.76559,1.00,1.00
2018.04.26 05:21:35.865,0.7654,0.76558,1.00,1.00
2018.04.26 05:21:36.054,0.76538,0.76558,1.00,1.00
2018.04.26 05:21:40.697,0.76537,0.76557,1.00,1.10
2018.04.26 05:21:44.004,0.7654,0.76558,1.00,1.20
2018.04.26 05:21:44.055,0.76541,0.7656,1.00,1.10
2018.04.26 05:21:44.156,0.76543,0.76561,1.00,1.10
2018.04.26 05:21:44.410,0.76541,0.76561,1.00,1.10
2018.04.26 05:21:44.461,0.76543,0.76561,1.00,1.20
2018.04.26 05:21:44.994,0.76542,0.7656,1.00,1.00
2018.04.26 05:21:48.273,0.76542,0.76562,1.00,1.20
2018.04.26 05:21:48.821,0.76542,0.76562,1.00,1.20
2018.04.26 05:21:49.463,0.76542,0.76562,1.00,1.20
2018.04.26 05:21:50.057,0.76542,0.76562,1.00,1.00
2018.04.26 05:21:54.222,0.76542,0.76562,1.00,1.20
2018.04.26 05:21:55.332,0.7654,0.76558,2.25,1.00
2018.04.26 05:21:55.779,0.76542,0.7656,1.00,1.20
2018.04.26 05:21:55.830,0.7654,0.76558,1.00,1.00
2018.04.26 05:21:56.380,0.76541,0.76559,1.00,1.00
2018.04.26 05:21:58.385,0.76545,0.76563,1.00,1.95
2018.04.26 05:21:58.437,0.76545,0.76565,1.00,1.57
2018.04.26 05:21:58.488,0.76547,0.76567,1.00,1.57
2018.04.26 05:21:59.004,0.76548,0.76566,1.00,1.00
2018.04.26 05:21:59.105,0.76545,0.76565,1.00,1.10
2018.04.26 05:22:07.020,0.76545,0.76565,1.00,1.20
2018.04.26 05:22:13.640,0.76545,0.76565,1.00,1.10
2018.04.26 05:22:26.539,0.76547,0.76565,1.00,1.10
2018.04.26 05:22:27.127,0.76546,0.76564,1.00,1.00
2018.04.26 05:22:35.148,0.76545,0.76563,1.00,1.00
2018.04.26 05:22:53.118,0.76546,0.76564,1.00,1.10
2018.04.26 05:23:02.380,0.76545,0.76563,1.00,1.00
2018.04.26 05:23:15.216,0.76542,0.7656,1.00,1.00
2018.04.26 05:23:15.532,0.76544,0.76562,1.00,1.00
2018.04.26 05:23:16.988,0.76545,0.76563,1.00,1.00
2018.04.26 05:23:17.090,0.76543,0.76563,1.00,1.20
2018.04.26 05:23:17.699,0.76543,0.76561,1.00,1.00
2018.04.26 05:23:18.409,0.76544,0.76562,1.00,1.10
2018.04.26 05:23:26.464,0.76542,0.76562,1.00,1.00
2018.04.26 05:23:29.429,0.76542,0.7656,1.00,1.00
2018.04.26 05:23:50.749,0.76544,0.76562,1.00,1.10
2018.04.26 05:23:50.801,0.76542,0.76562,1.00,1.10
2018.04.26 05:23:50.852,0.76544,0.76562,1.00,1.00
2018.04.26 05:23:54.425,0.76545,0.76563,1.00,1.20
2018.04.26 05:23:55.046,0.76545,0.76563,1.00,1.00
2018.04.26 05:23:59.772,0.76544,0.76563,1.00,1.00
2018.04.26 05:24:00.358,0.76543,0.76563,1.00,1.20
2018.04.26 05:24:03.244,0.76543,0.76561,1.00,1.00
2018.04.26 05:24:12.969,0.76544,0.76562,1.00,1.10
2018.04.26 05:24:13.579,0.76543,0.76561,1.00,1.00
2018.04.26 05:24:15.772,0.76544,0.76562,1.00,1.20
2018.04.26 05:24:16.545,0.76544,0.76562,1.00,1.10
2018.04.26 05:24:17.588,0.76542,0.76562,1.00,1.10
2018.04.26 05:24:17.707,0.76544,0.76562,1.00,1.10
2018.04.26 05:24:21.596,0.76543,0.76561,1.00,1.00
2018.04.26 05:24:33.026,0.76543,0.76563,1.00,1.20
2018.04.26 05:24:33.854,0.76544,0.76564,1.00,1.95
2018.04.26 05:24:50.056,0.76543,0.76563,1.00,1.20
2018.04.26 05:24:52.924,0.76543,0.76563,1.00,1.45
2018.04.26 05:24:53.026,0.76541,0.76563,1.50,1.95
2018.04.26 05:24:56.500,0.76541,0.76564,1.00,1.45
2018.04.26 05:24:58.328,0.76541,0.76566,1.00,1.45
2018.04.26 05:25:01.026,0.76541,0.76564,1.00,1.45
2018.04.26 05:25:01.635,0.76541,0.76565,1.10,1.45
2018.04.26 05:25:02.258,0.76542,0.76565,1.00,1.45
2018.04.26 05:25:05.521,0.76541,0.76565,1.10,1.45
2018.04.26 05:25:07.540,0.76542,0.76567,1.00,1.95
2018.04.26 05:25:07.797,0.76543,0.76568,1.07,2.55
2018.04.26 05:25:08.083,0.76544,0.76568,1.10,2.17
2018.04.26 05:25:08.134,0.76544,0.76567,1.10,1.07
2018.04.26 05:25:08.737,0.76543,0.76567,1.57,1.10
2018.04.26 05:25:09.107,0.76545,0.76563,1.00,1.00
2018.04.26 05:25:18.254,0.76546,0.76566,1.00,1.20
2018.04.26 05:25:18.791,0.76545,0.76563,1.00,1.00
2018.04.26 05:25:19.570,0.76544,0.76562,1.00,1.00
2018.04.26 05:25:34.055,0.76544,0.76564,1.00,1.00
2018.04.26 05:25:34.583,0.76544,0.76562,1.00,1.00
2018.04.26 05:25:35.294,0.76546,0.76564,1.00,1.00
2018.04.26 05:25:35.901,0.76545,0.76563,1.00,1.00
2018.04.26 05:25:36.406,0.76546,0.76564,1.00,1.00
2018.04.26 05:25:37.173,0.76545,0.76563,1.00,1.00
2018.04.26 05:25:37.988,0.76544,0.76562,1.00,1.00
2018.04.26 05:25:51.144,0.76545,0.76563,1.00,1.00
2018.04.26 05:25:53.192,0.76544,0.76562,1.00,1.00
2018.04.26 05:25:55.171,0.76543,0.76561,1.00,1.00
2018.04.26 05:25:57.050,0.76544,0.76562,1.00,1.00
2018.04.26 05:26:18.345,0.76545,0.76563,1.00,1.10
2018.04.26 05:26:18.653,0.76549,0.7657,1.00,1.10
2018.04.26 05:26:18.856,0.76551,0.76569,1.00,1.00
2018.04.26 05:26:39.374,0.76547,0.76564,1.00,1.00
2018.04.26 05:26:39.425,0.76545,0.76563,1.00,1.00
2018.04.26 05:26:42.598,0.76546,0.76564,1.00,1.00
2018.04.26 05:26:44.352,0.76545,0.76563,1.00,1.00
2018.04.26 05:26:47.536,0.76545,0.76565,1.10,1.00
2018.04.26 05:26:50.807,0.76547,0.76565,1.00,1.00
2018.04.26 05:26:56.008,0.76545,0.76565,1.10,1.00
2018.04.26 05:27:02.569,0.76547,0.76565,1.00,1.00
2018.04.26 05:27:02.926,0.76545,0.76563,1.00,1.00
2018.04.26 05:27:03.029,0.76547,0.76567,1.00,1.10
2018.04.26 05:27:03.080,0.76547,0.76565,1.00,1.00
2018.04.26 05:27:03.627,0.76546,0.76566,1.00,1.00
2018.04.26 05:27:04.388,0.76548,0.76566,1.00,1.00
2018.04.26 05:27:06.774,0.76547,0.76565,1.00,1.00
2018.04.26 05:27:07.088,0.76544,0.76562,1.00,1.00
2018.04.26 05:27:07.799,0.76543,0.76561,1.00,1.00
2018.04.26 05:27:09.096,0.76544,0.76562,1.00,1.00
2018.04.26 05:27:09.607,0.76543,0.76563,1.00,1.00
2018.04.26 05:27:14.314,0.76543,0.76561,1.00,1.00
2018.04.26 05:27:16.638,0.76544,0.76562,1.00,1.00
2018.04.26 05:27:20.895,0.76542,0.76562,1.00,1.00
2018.04.26 05:27:22.952,0.76543,0.76563,1.00,1.00
2018.04.26 05:27:25.202,0.76542,0.76562,1.00,1.00
2018.04.26 05:27:29.081,0.76544,0.76562,1.00,1.00
2018.04.26 05:27:29.690,0.76543,0.76561,1.00,1.00
2018.04.26 05:27:31.439,0.76543,0.76563,1.00,1.00
2018.04.26 05:27:31.490,0.76543,0.76561,1.00,1.00
2018.04.26 05:27:32.001,0.76544,0.76562,1.00,1.00
2018.04.26 05:27:37.861,0.76543,0.76561,1.00,1.00
2018.04.26 05:27:38.568,0.76544,0.76562,1.00,1.00
2018.04.26 05:27:39.261,0.76543,0.76561,1.00,1.00
2018.04.26 05:27:41.874,0.76544,0.76562,1.00,1.00
2018.04.26 05:27:42.387,0.76543,0.76561,1.00,1.00
2018.04.26 05:27:42.920,0.76542,0.7656,1.00,1.00
2018.04.26 05:27:45.915,0.76543,0.76561,1.00,1.00
2018.04.26 05:27:48.635,0.76544,0.76562,1.00,1.00
2018.04.26 05:27:53.817,0.76545,0.76563,1.00,1.10
2018.04.26 05:27:54.664,0.76544,0.76562,1.00,1.00
2018.04.26 05:28:09.504,0.76544,0.76564,1.00,1.00
2018.04.26 05:28:09.945,0.76544,0.76562,1.00,1.00
2018.04.26 05:28:10.754,0.76545,0.76563,1.00,1.00
2018.04.26 05:28:15.024,0.76544,0.76562,1.00,1.00
2018.04.26 05:28:28.011,0.76547,0.76565,1.00,1.10
2018.04.26 05:28:28.062,0.76544,0.76564,1.00,1.00
2018.04.26 05:28:28.113,0.76544,0.76562,1.00,1.00
2018.04.26 05:28:28.218,0.76544,0.76564,1.00,1.00
2018.04.26 05:28:28.320,0.76544,0.76562,1.10,1.00
2018.04.26 05:28:28.623,0.76546,0.76564,1.00,1.00
2018.04.26 05:28:29.251,0.76545,0.76563,1.00,1.00
2018.04.26 05:28:34.056,0.76544,0.76563,1.00,1.00
2018.04.26 05:28:34.565,0.76545,0.76563,1.00,1.00
2018.04.26 05:28:35.161,0.76544,0.76562,1.00,1.00
2018.04.26 05:28:39.660,0.76545,0.76563,1.00,1.00
2018.04.26 05:28:44.883,0.76544,0.76562,1.00,1.00
2018.04.26 05:28:47.425,0.76545,0.76563,1.00,1.00
2018.04.26 05:28:47.951,0.76544,0.76562,1.00,1.00
2018.04.26 05:28:49.836,0.76545,0.76563,1.00,1.00
2018.04.26 05:28:50.443,0.76546,0.76564,1.00,1.00
2018.04.26 05:28:51.092,0.76547,0.76565,1.00,1.00
2018.04.26 05:28:52.303,0.76547,0.76567,1.00,1.00
2018.04.26 05:28:52.805,0.76546,0.76566,1.00,1.10
2018.04.26 05:28:53.479,0.76545,0.76565,1.00,1.10
2018.04.26 05:28:53.530,0.76545,0.76563,1.00,1.00
2018.04.26 05:29:02.299,0.76546,0.76564,1.00,1.00
2018.04.26 05:29:02.977,0.76545,0.76563,1.00,1.00
2018.04.26 05:29:06.986,0.76546,0.76564,1.00,1.00
2018.04.26 05:29:07.289,0.76544,0.76562,1.00,1.00
2018.04.26 05:29:07.958,0.76545,0.76563,1.00,1.00
2018.04.26 05:29:12.676,0.76547,0.76565,1.00,1.00
2018.04.26 05:29:13.517,0.76546,0.76564,1.00,1.00
2018.04.26 05:29:23.174,0.76544,0.76564,1.00,1.00
2018.04.26 05:29:27.018,0.76545,0.76565,1.00,1.10
2018.04.26 05:29:34.055,0.76545,0.76563,1.00,1.00
2018.04.26 05:29:49.012,0.76546,0.76564,1.00,1.00
2018.04.26 05:30:02.685,0.76544,0.76564,1.00,1.00
2018.04.26 05:30:11.058,0.76545,0.76564,1.00,1.10
2018.04.26 05:30:20.038,0.76545,0.76562,1.00,1.00
2018.04.26 05:30:28.143,0.76545,0.76563,1.10,1.00
2018.04.26 05:30:28.244,0.76546,0.76566,1.00,1.50
2018.04.26 05:30:28.295,0.76545,0.76563,1.20,1.00
2018.04.26 05:30:28.622,0.76542,0.76561,1.10,1.00
2018.04.26 05:30:29.233,0.76543,0.76561,1.10,1.00
2018.04.26 05:30:29.764,0.76542,0.7656,1.20,1.00
2018.04.26 05:30:30.553,0.76542,0.7656,1.10,1.00
2018.04.26 05:30:34.056,0.76542,0.76562,1.10,1.50
2018.04.26 05:30:41.053,0.76542,0.7656,1.00,1.00
2018.04.26 05:30:41.785,0.76543,0.76561,1.00,1.00
2018.04.26 05:30:45.145,0.76545,0.76563,1.00,1.00
2018.04.26 05:30:45.564,0.76547,0.76565,1.00,1.00
2018.04.26 05:30:46.502,0.76546,0.76564,1.00,1.00
2018.04.26 05:30:47.289,0.76547,0.76565,1.00,1.10
2018.04.26 05:30:49.055,0.76545,0.76565,1.50,1.10
2018.04.26 05:30:50.975,0.76546,0.76564,1.00,1.00
2018.04.26 05:30:51.076,0.76545,0.76562,1.00,1.00
2018.04.26 05:30:51.430,0.76546,0.76564,1.00,1.00
2018.04.26 05:30:51.582,0.76546,0.76562,1.00,1.00
2018.04.26 05:30:51.729,0.76544,0.76562,1.50,1.00
2018.04.26 05:30:58.009,0.76544,0.76564,1.00,1.00
2018.04.26 05:30:58.111,0.76547,0.76565,1.00,1.00
2018.04.26 05:30:58.644,0.76548,0.76566,1.50,1.00
2018.04.26 05:31:00.414,0.76548,0.76568,1.00,1.00
2018.04.26 05:31:00.467,0.76551,0.76569,1.00,1.00
2018.04.26 05:31:00.796,0.76555,0.76573,1.00,1.00
2018.04.26 05:31:40.652,0.76553,0.76571,1.00,1.00
2018.04.26 05:31:40.753,0.76551,0.76571,1.00,1.00
2018.04.26 05:31:41.259,0.76551,0.76571,1.00,1.20
2018.04.26 05:31:47.907,0.76551,0.76571,1.00,1.10
2018.04.26 05:31:49.418,0.76553,0.76571,1.00,1.00
2018.04.26 05:31:51.384,0.76552,0.7657,1.00,1.00
2018.04.26 05:31:53.715,0.76553,0.76571,1.00,1.00
2018.04.26 05:31:54.419,0.76554,0.76572,1.00,1.00
2018.04.26 05:32:04.192,0.76555,0.76574,1.00,1.10
2018.04.26 05:32:08.712,0.76554,0.76574,1.50,1.10
2018.04.26 05:32:08.764,0.76554,0.76572,1.50,1.00
2018.04.26 05:32:17.243,0.76553,0.76571,1.00,1.00
2018.04.26 05:32:22.139,0.76554,0.76572,1.00,1.10
2018.04.26 05:32:25.424,0.76554,0.76569,1.00,1.00
2018.04.26 05:32:25.526,0.76549,0.76567,1.50,1.00
2018.04.26 05:32:26.063,0.7655,0.76568,1.00,1.00
2018.04.26 05:32:34.055,0.76549,0.76567,1.50,1.00
2018.04.26 05:32:38.965,0.7655,0.76568,1.00,1.00
2018.04.26 05:33:02.586,0.76549,0.76567,1.00,1.00
2018.04.26 05:33:11.028,0.76551,0.76571,1.00,1.50
2018.04.26 05:33:11.079,0.76553,0.76571,1.00,1.50
2018.04.26 05:33:11.423,0.76556,0.76574,1.00,1.00
2018.04.26 05:33:14.321,0.76558,0.76576,1.00,1.07
2018.04.26 05:33:14.524,0.76558,0.76578,1.50,1.00
2018.04.26 05:33:15.068,0.76556,0.76573,1.00,1.00
2018.04.26 05:33:15.169,0.76552,0.7657,1.10,1.00
2018.04.26 05:33:16.287,0.76553,0.76571,1.00,1.00
2018.04.26 05:33:16.953,0.76552,0.7657,1.00,1.00
2018.04.26 05:33:17.555,0.76553,0.76571,1.00,1.00
2018.04.26 05:33:23.258,0.76552,0.7657,1.00,1.00
2018.04.26 05:33:31.197,0.7655,0.76568,1.10,1.00
2018.04.26 05:33:31.525,0.76552,0.7657,1.00,1.50
2018.04.26 05:33:32.579,0.76553,0.76571,1.00,1.50
2018.04.26 05:33:39.265,0.76552,0.7657,1.00,1.00
2018.04.26 05:33:40.483,0.76553,0.76571,1.00,1.00
2018.04.26 05:33:41.402,0.76551,0.76567,1.00,1.00
2018.04.26 05:33:41.503,0.76547,0.76567,1.50,1.00
2018.04.26 05:33:57.924,0.76547,0.76565,1.50,1.00
2018.04.26 05:33:59.182,0.76548,0.76566,1.00,1.00
2018.04.26 05:33:59.477,0.76549,0.76568,1.00,1.00
2018.04.26 05:34:05.983,0.76549,0.76567,1.00,1.00
2018.04.26 05:34:06.035,0.7655,0.76569,1.10,1.00
2018.04.26 05:34:06.293,0.7655,0.76567,1.00,1.00
2018.04.26 05:34:07.130,0.76548,0.76567,1.00,1.00
2018.04.26 05:34:07.841,0.76547,0.76567,1.57,1.00
2018.04.26 05:34:17.778,0.76547,0.76565,1.50,1.00
2018.04.26 05:34:34.224,0.76548,0.76566,1.00,1.00
2018.04.26 05:34:34.610,0.76551,0.76569,1.00,1.00
2018.04.26 05:34:37.080,0.76551,0.76568,1.00,1.00
2018.04.26 05:34:38.987,0.76551,0.76569,1.50,1.00
2018.04.26 05:34:39.763,0.76552,0.7657,1.00,1.00
2018.04.26 05:34:43.092,0.76553,0.76571,1.00,1.00
2018.04.26 05:34:46.988,0.76551,0.76571,1.50,1.00
2018.04.26 05:34:47.556,0.76553,0.76571,1.00,1.00
2018.04.26 05:34:49.055,0.76553,0.7657,1.00,1.00
2018.04.26 05:34:49.570,0.76552,0.76572,1.00,1.50
2018.04.26 05:34:52.579,0.76551,0.76569,1.50,1.00
2018.04.26 05:34:52.681,0.76551,0.76571,1.50,1.10
2018.04.26 05:34:53.430,0.76552,0.7657,1.00,1.00
2018.04.26 05:34:54.090,0.76551,0.76571,1.50,1.00
2018.04.26 05:34:55.724,0.76551,0.76569,1.50,1.00
2018.04.26 05:34:59.580,0.76552,0.7657,1.00,1.00
2018.04.26 05:35:00.156,0.76553,0.76571,1.00,1.00
2018.04.26 05:35:00.694,0.76552,0.7657,1.00,1.00
2018.04.26 05:35:01.209,0.76553,0.76571,1.00,1.00
2018.04.26 05:35:05.001,0.76552,0.7657,1.00,1.00
2018.04.26 05:35:05.308,0.76547,0.76566,1.00,1.00
2018.04.26 05:35:10.438,0.76548,0.76566,1.00,1.00
2018.04.26 05:35:10.540,0.7655,0.76568,1.00,1.00
2018.04.26 05:35:10.908,0.76553,0.76573,1.00,1.00
2018.04.26 05:35:11.009,0.76555,0.76573,1.00,1.00
2018.04.26 05:35:40.892,0.76557,0.76575,1.00,1.00
2018.04.26 05:35:44.988,0.76558,0.76576,1.00,1.00
2018.04.26 05:35:49.069,0.76557,0.76575,1.00,1.00
2018.04.26 05:35:49.571,0.76558,0.76576,1.00,1.00
2018.04.26 05:35:50.235,0.76556,0.76576,1.00,1.00
2018.04.26 05:35:50.789,0.76558,0.76576,1.00,1.00
2018.04.26 05:35:51.965,0.76556,0.76576,1.00,1.00
2018.04.26 05:35:52.416,0.76558,0.76576,1.00,1.00
2018.04.26 05:35:53.188,0.76557,0.76575,1.00,1.00
2018.04.26 05:35:54.023,0.76558,0.76576,1.00,1.00
2018.04.26 05:35:54.541,0.76557,0.76575,1.00,1.00
2018.04.26 05:35:55.513,0.76558,0.76576,1.00,1.00
2018.04.26 05:35:56.014,0.76557,0.76575,1.00,1.00
2018.04.26 05:35:56.508,0.76557,0.76577,1.00,1.57
2018.04.26 05:35:56.620,0.76557,0.76575,1.00,1.00
2018.04.26 05:35:58.499,0.76558,0.76576,1.00,1.00
2018.04.26 05:36:00.718,0.76557,0.76575,1.50,1.00
2018.04.26 05:36:01.029,0.76556,0.76573,1.00,1.00
2018.04.26 05:36:13.005,0.76555,0.76573,1.00,1.00
2018.04.26 05:36:13.123,0.76555,0.76575,1.00,1.00
2018.04.26 05:36:13.594,0.76555,0.76573,1.00,1.00
2018.04.26 05:36:29.842,0.76555,0.76575,1.00,1.00
2018.04.26 05:36:29.893,0.76557,0.76575,1.00,1.00
2018.04.26 05:36:30.398,0.76558,0.76576,1.00,1.00
2018.04.26 05:36:31.422,0.76557,0.76575,1.00,1.00
2018.04.26 05:36:31.945,0.76556,0.76574,1.50,1.00
2018.04.26 05:36:34.056,0.76556,0.76573,1.00,1.00
2018.04.26 05:36:36.168,0.76555,0.76573,1.00,1.00
2018.04.26 05:37:34.089,0.76554,0.76576,1.10,1.10
2018.04.26 05:37:35.683,0.76555,0.76573,1.00,1.00
2018.04.26 05:38:12.526,0.76554,0.76572,1.00,1.00
2018.04.26 05:38:17.092,0.76553,0.76571,1.00,1.00
2018.04.26 05:38:17.436,0.76548,0.76566,1.00,1.00
2018.04.26 05:38:31.030,0.76547,0.76566,1.00,1.00
2018.04.26 05:38:31.358,0.76545,0.76563,1.00,1.00
2018.04.26 05:38:34.011,0.76544,0.76562,1.50,1.00
2018.04.26 05:38:34.756,0.76543,0.76563,1.00,1.00
2018.04.26 05:38:38.756,0.76545,0.76563,1.00,1.00
2018.04.26 05:38:40.284,0.76547,0.76565,1.00,1.10
2018.04.26 05:38:48.165,0.76548,0.76567,1.00,1.10
2018.04.26 05:38:48.774,0.76548,0.76566,1.00,1.00
2018.04.26 05:38:55.166,0.76546,0.76566,1.00,1.00
2018.04.26 05:39:31.487,0.76548,0.76566,1.00,1.00
2018.04.26 05:39:31.932,0.76551,0.76566,1.00,1.00
2018.04.26 05:39:31.983,0.76551,0.76571,1.50,1.10
2018.04.26 05:39:32.590,0.76551,0.76569,1.50,1.00
2018.04.26 05:39:33.166,0.76552,0.7657,1.00,1.00
2018.04.26 05:39:35.131,0.76551,0.76568,1.00,1.00
2018.04.26 05:39:35.788,0.7655,0.76568,1.00,1.00
2018.04.26 05:39:39.282,0.76549,0.76567,1.00,1.00
2018.04.26 05:39:44.797,0.7655,0.76568,1.00,1.00
2018.04.26 05:39:44.899,0.76548,0.76568,1.57,1.00
2018.04.26 05:39:45.429,0.76549,0.76567,1.00,1.00
2018.04.26 05:39:45.974,0.7655,0.76568,1.00,1.00
2018.04.26 05:39:46.311,0.76548,0.76567,1.10,1.00
2018.04.26 05:39:47.038,0.76549,0.76567,1.00,1.00
2018.04.26 05:39:47.139,0.76549,0.76569,1.00,1.00
2018.04.26 05:39:49.076,0.7655,0.76569,1.00,1.00
2018.04.26 05:39:49.685,0.7655,0.76568,1.00,1.00
2018.04.26 05:39:50.267,0.76549,0.76567,1.00,1.00
2018.04.26 05:39:50.827,0.7655,0.76568,1.00,1.00
2018.04.26 05:39:51.334,0.76551,0.76569,1.00,1.00
2018.04.26 05:39:54.081,0.76549,0.76569,1.50,1.00
2018.04.26 05:39:54.501,0.76549,0.76567,1.50,1.00
2018.04.26 05:40:00.368,0.76549,0.76566,1.00,1.00
2018.04.26 05:40:06.746,0.76549,0.76568,1.00,1.00
2018.04.26 05:40:12.427,0.76548,0.76568,1.50,1.00
2018.04.26 05:40:19.106,0.76548,0.76566,1.50,1.00
2018.04.26 05:40:27.311,0.76547,0.76564,1.00,1.00
2018.04.26 05:40:27.464,0.76545,0.76563,1.00,1.00
2018.04.26 05:40:43.774,0.76545,0.76563,1.20,1.00
2018.04.26 05:40:44.348,0.76545,0.76563,1.10,1.00
2018.04.26 05:40:44.947,0.76547,0.76565,1.00,1.00
2018.04.26 05:40:44.998,0.76547,0.76567,1.00,1.50
2018.04.26 05:40:45.668,0.76548,0.76567,1.10,1.00
2018.04.26 05:40:48.437,0.76549,0.76567,1.00,1.00
2018.04.26 05:40:48.967,0.7655,0.76568,1.50,1.00
2018.04.26 05:40:49.621,0.7655,0.76569,1.50,1.00
2018.04.26 05:40:52.803,0.76552,0.7657,1.00,1.00
2018.04.26 05:40:53.585,0.76553,0.76571,1.00,1.00
2018.04.26 05:40:54.266,0.76554,0.76572,1.00,1.00
2018.04.26 05:41:02.593,0.76554,0.76571,1.00,1.00
2018.04.26 05:41:10.977,0.76554,0.7657,1.00,1.00
2018.04.26 05:41:11.129,0.76552,0.7657,1.57,1.00
2018.04.26 05:41:23.738,0.76553,0.76571,1.00,1.00
2018.04.26 05:41:24.486,0.76554,0.76572,1.00,1.00
2018.04.26 05:41:25.001,0.76553,0.76571,1.00,1.00
2018.04.26 05:41:32.680,0.76552,0.7657,1.10,1.00
2018.04.26 05:41:33.387,0.76553,0.76571,1.50,1.00
2018.04.26 05:41:59.776,0.76554,0.76572,1.00,1.00
2018.04.26 05:42:02.046,0.76553,0.76571,1.10,1.00
2018.04.26 05:42:08.838,0.76553,0.76573,1.57,1.00
2018.04.26 05:42:13.395,0.76553,0.76573,1.95,1.00
2018.04.26 05:42:13.446,0.76555,0.76575,1.00,1.50
2018.04.26 05:42:13.497,0.76557,0.76575,1.10,1.50
2018.04.26 05:42:19.429,0.76556,0.76574,1.95,1.00
2018.04.26 05:42:19.530,0.76555,0.76573,1.10,1.00
2018.04.26 05:42:23.663,0.76556,0.76574,1.00,1.00
2018.04.26 05:42:24.367,0.76555,0.76573,1.10,1.00
2018.04.26 05:42:28.292,0.76556,0.76574,1.00,1.00
2018.04.26 05:42:28.512,0.76554,0.76574,1.57,1.00
2018.04.26 05:42:29.254,0.76554,0.76575,1.57,1.00
2018.04.26 05:42:29.982,0.76554,0.76574,1.50,1.00
2018.04.26 05:42:43.937,0.76554,0.76572,1.50,1.00
2018.04.26 05:42:44.526,0.76554,0.76571,1.00,1.00
2018.04.26 05:42:48.661,0.76554,0.76572,1.50,1.00
2018.04.26 05:42:49.967,0.76554,0.76571,1.00,1.00
2018.04.26 05:42:52.429,0.76553,0.76571,1.57,1.00
2018.04.26 05:43:08.116,0.76554,0.76572,1.00,1.00
2018.04.26 05:43:08.782,0.76555,0.76573,1.00,1.00
2018.04.26 05:43:11.569,0.76556,0.76574,1.50,1.00
2018.04.26 05:43:12.144,0.76555,0.76573,1.00,1.00
2018.04.26 05:43:18.395,0.76554,0.76572,1.50,1.00
2018.04.26 05:43:23.406,0.76555,0.76573,1.00,1.00
2018.04.26 05:43:23.991,0.76553,0.76571,1.10,1.00
2018.04.26 05:43:24.611,0.76554,0.76572,1.00,1.00
2018.04.26 05:43:25.564,0.76555,0.76573,1.00,1.00
2018.04.26 05:43:27.342,0.76556,0.76574,1.00,1.00
2018.04.26 05:43:27.952,0.76555,0.76573,1.00,1.00
2018.04.26 05:43:28.613,0.76554,0.76574,1.50,1.00
2018.04.26 05:43:30.162,0.76554,0.76572,1.57,1.00
2018.04.26 05:43:30.719,0.76554,0.76572,1.57,1.00
2018.04.26 05:43:31.254,0.76554,0.76572,1.50,1.00
2018.04.26 05:43:31.867,0.76554,0.76572,1.57,1.00
2018.04.26 05:43:32.536,0.76554,0.76572,1.50,1.00
2018.04.26 05:43:45.347,0.76553,0.76571,1.95,1.00
2018.04.26 05:43:45.922,0.76553,0.76571,1.10,1.00
2018.04.26 05:43:49.056,0.76554,0.76572,1.00,1.00
2018.04.26 05:43:53.023,0.76553,0.76571,1.10,1.00
2018.04.26 05:43:53.600,0.76553,0.76571,1.20,1.00
2018.04.26 05:43:56.378,0.76553,0.76571,1.10,1.00
2018.04.26 05:44:13.655,0.76553,0.76573,1.10,1.00
2018.04.26 05:44:14.209,0.76553,0.76573,1.95,1.00
2018.04.26 05:44:14.542,0.76553,0.76571,1.95,1.00
2018.04.26 05:44:15.326,0.76553,0.76571,1.57,1.00
2018.04.26 05:44:16.480,0.76554,0.76571,1.00,1.00
2018.04.26 05:44:16.532,0.76556,0.76574,1.10,1.00
2018.04.26 05:44:19.056,0.76556,0.76573,1.10,1.00
2018.04.26 05:44:23.288,0.76554,0.76572,1.57,1.00
2018.04.26 05:44:23.911,0.76554,0.76571,1.10,1.00
2018.04.26 05:44:28.116,0.76556,0.76572,1.00,1.00
2018.04.26 05:44:28.218,0.76553,0.76571,1.57,1.00
2018.04.26 05:44:29.424,0.76553,0.76573,1.57,1.00
2018.04.26 05:44:29.531,0.76556,0.76573,1.00,1.00
2018.04.26 05:44:30.228,0.76556,0.76574,1.50,1.00
2018.04.26 05:44:34.571,0.76556,0.76573,1.00,1.00
2018.04.26 05:44:36.223,0.76556,0.76574,1.50,1.00
2018.04.26 05:44:38.167,0.76556,0.76573,1.00,1.00
2018.04.26 05:44:39.247,0.76556,0.76574,1.00,1.00
2018.04.26 05:44:43.207,0.76556,0.76573,1.00,1.00
2018.04.26 05:44:45.136,0.76555,0.76573,1.10,1.00
2018.04.26 05:44:46.729,0.76554,0.76573,1.10,1.00
2018.04.26 05:44:47.925,0.76555,0.76573,1.00,1.00
2018.04.26 05:44:48.766,0.76555,0.76575,1.00,1.00
2018.04.26 05:44:49.291,0.76555,0.76573,1.00,1.00
2018.04.26 05:44:53.763,0.76554,0.76572,3.07,1.00
2018.04.26 05:44:55.617,0.76553,0.76572,1.00,1.00
2018.04.26 05:45:04.057,0.76554,0.76572,1.00,1.00
2018.04.26 05:45:04.561,0.76555,0.76572,1.00,1.00
2018.04.26 05:45:04.862,0.76553,0.76571,1.57,1.00
2018.04.26 05:45:08.814,0.76555,0.76573,1.00,1.00
2018.04.26 05:45:09.564,0.76556,0.76574,1.00,1.00
2018.04.26 05:45:17.495,0.76558,0.76576,1.00,1.00
2018.04.26 05:45:19.573,0.76556,0.76576,1.20,1.00
2018.04.26 05:45:23.889,0.76556,0.76576,1.45,1.00
2018.04.26 05:45:57.719,0.76557,0.76576,1.00,1.00
2018.04.26 05:46:02.597,0.76554,0.76572,1.00,1.00
2018.04.26 05:46:02.902,0.7655,0.76568,1.95,1.00
2018.04.26 05:46:17.056,0.7655,0.76568,1.10,1.00
2018.04.26 05:46:18.509,0.7655,0.76568,1.20,1.00
2018.04.26 05:46:19.753,0.76551,0.76569,1.10,1.00
2018.04.26 05:46:24.980,0.7655,0.76568,1.95,1.00
2018.04.26 05:46:32.557,0.76551,0.76569,1.10,1.00
2018.04.26 05:46:41.250,0.76549,0.76567,1.57,1.00
2018.04.26 05:46:41.301,0.76549,0.76569,1.57,1.00
2018.04.26 05:46:41.352,0.76549,0.76567,1.57,1.00
2018.04.26 05:46:41.897,0.7655,0.76568,1.10,1.00
2018.04.26 05:46:43.491,0.76552,0.7657,1.00,1.00
2018.04.26 05:46:44.226,0.76553,0.76571,1.10,1.00
2018.04.26 05:46:44.695,0.76553,0.76573,1.20,1.00
2018.04.26 05:46:45.220,0.76553,0.76573,1.20,1.00
2018.04.26 05:46:45.809,0.76553,0.76573,1.20,1.00
2018.04.26 05:46:46.538,0.76553,0.76573,1.20,1.00
2018.04.26 05:46:49.057,0.76553,0.76571,1.20,1.00
2018.04.26 05:46:54.885,0.76553,0.76571,1.20,1.00
2018.04.26 05:46:56.622,0.76553,0.76571,1.10,1.00
2018.04.26 05:46:58.220,0.76553,0.76571,1.07,1.00
2018.04.26 05:46:58.827,0.76554,0.76572,1.10,1.00
2018.04.26 05:47:02.876,0.76554,0.76572,1.07,1.00
2018.04.26 05:47:03.598,0.76554,0.76572,1.10,1.00
2018.04.26 05:47:04.208,0.76553,0.76571,1.20,1.00
2018.04.26 05:47:05.913,0.76552,0.7657,1.95,1.00
2018.04.26 05:47:06.218,0.7655,0.76568,1.20,1.00
2018.04.26 05:47:06.749,0.76551,0.76569,1.10,1.00
2018.04.26 05:47:18.586,0.7655,0.76568,1.10,1.00
2018.04.26 05:47:19.786,0.76551,0.76569,1.00,1.00
2018.04.26 05:47:23.862,0.76551,0.76568,1.00,1.00
2018.04.26 05:47:31.753,0.76551,0.76569,1.50,1.00
2018.04.26 05:47:33.581,0.76551,0.76568,1.00,1.00
2018.04.26 05:47:37.511,0.7655,0.76568,1.00,1.00
2018.04.26 05:47:38.543,0.7655,0.76567,1.00,1.00
2018.04.26 05:47:39.194,0.76549,0.76567,1.50,1.00
2018.04.26 05:47:41.857,0.76548,0.76566,1.00,1.00
2018.04.26 05:47:41.908,0.76548,0.76568,1.00,1.00
2018.04.26 05:47:42.415,0.76549,0.76568,1.00,1.00
2018.04.26 05:47:42.546,0.76549,0.76566,1.00,1.00
2018.04.26 05:47:43.827,0.76549,0.76567,1.50,1.00
2018.04.26 05:47:44.483,0.76549,0.76566,1.00,1.00
2018.04.26 05:47:45.345,0.76548,0.76566,1.00,1.00
2018.04.26 05:47:45.396,0.76545,0.76565,1.00,1.00
2018.04.26 05:47:45.456,0.76544,0.76563,1.10,1.00
2018.04.26 05:47:45.846,0.76543,0.76561,1.50,1.00
2018.04.26 05:47:45.948,0.76543,0.76563,1.50,1.00
2018.04.26 05:47:46.458,0.76544,0.76563,1.00,1.00
2018.04.26 05:47:54.802,0.76548,0.76566,1.00,1.00
2018.04.26 05:47:55.446,0.76547,0.76565,1.50,1.00
2018.04.26 05:47:55.809,0.76549,0.76567,1.00,1.00
2018.04.26 05:47:56.405,0.76548,0.76566,1.50,1.00
2018.04.26 05:47:57.857,0.76548,0.76568,1.50,1.10
2018.04.26 05:47:58.965,0.76548,0.76568,1.50,1.07
2018.04.26 05:47:59.273,0.76548,0.76565,1.00,1.00
2018.04.26 05:47:59.433,0.76548,0.76567,1.00,1.10
2018.04.26 05:48:00.650,0.76549,0.76567,1.00,1.00
2018.04.26 05:48:00.802,0.76548,0.76565,1.00,1.00
2018.04.26 05:48:03.626,0.76546,0.76565,1.00,1.00
2018.04.26 05:48:03.885,0.76546,0.76562,1.00,1.00
2018.04.26 05:48:04.038,0.76544,0.76562,1.00,1.00
2018.04.26 05:48:04.510,0.76546,0.76563,1.00,1.00
2018.04.26 05:48:04.815,0.76546,0.76565,1.00,1.00
2018.04.26 05:48:06.036,0.76548,0.76565,1.00,1.00
2018.04.26 05:48:06.139,0.76549,0.76567,1.00,1.10
2018.04.26 05:48:06.190,0.76548,0.76565,1.00,1.00
2018.04.26 05:48:06.871,0.76548,0.76566,1.50,1.00
2018.04.26 05:48:07.366,0.76548,0.76564,1.00,1.00
2018.04.26 05:48:07.418,0.76548,0.76566,1.00,1.10
2018.04.26 05:48:07.469,0.76546,0.76564,1.50,1.00
2018.04.26 05:48:10.865,0.76544,0.76562,1.50,1.00
2018.04.26 05:48:11.597,0.76544,0.76563,1.00,1.00
2018.04.26 05:48:19.057,0.76545,0.76563,1.00,1.00
2018.04.26 05:48:20.256,0.76544,0.76562,1.50,1.00
2018.04.26 05:48:21.092,0.76544,0.76564,1.50,1.00
2018.04.26 05:48:21.611,0.76544,0.76562,1.50,1.00
2018.04.26 05:48:23.416,0.76547,0.76562,1.00,1.00
2018.04.26 05:48:23.468,0.76547,0.76565,1.00,1.10
2018.04.26 05:48:23.723,0.76545,0.76565,1.00,1.00
2018.04.26 05:48:26.969,0.76544,0.76562,1.57,1.00
2018.04.26 05:48:27.485,0.76543,0.76561,1.00,1.00
2018.04.26 05:48:28.129,0.76542,0.7656,1.50,1.00
2018.04.26 05:48:28.750,0.76543,0.76561,1.00,1.00
2018.04.26 05:48:30.417,0.76545,0.76563,1.00,1.57
2018.04.26 05:48:30.950,0.76544,0.76562,1.00,1.00
2018.04.26 05:48:31.505,0.76545,0.76563,1.00,1.10
2018.04.26 05:48:38.416,0.76544,0.76562,1.00,1.00
2018.04.26 05:48:38.948,0.76545,0.76563,1.50,1.00
2018.04.26 05:48:40.741,0.76546,0.76564,1.00,1.00
2018.04.26 05:48:41.264,0.76545,0.76565,1.00,1.95
2018.04.26 05:48:42.156,0.76544,0.76564,1.00,1.10
2018.04.26 05:48:42.988,0.76546,0.76564,1.00,1.10
2018.04.26 05:48:43.293,0.76546,0.76562,1.00,1.00
2018.04.26 05:48:43.798,0.76546,0.76563,1.00,1.00
2018.04.26 05:48:44.631,0.76546,0.76562,1.00,1.00
2018.04.26 05:48:45.173,0.76546,0.76563,1.00,1.00
2018.04.26 05:48:45.697,0.76546,0.76564,1.50,1.00
2018.04.26 05:48:46.484,0.76547,0.76565,1.50,1.00
2018.04.26 05:48:47.095,0.76548,0.76566,1.00,1.00
2018.04.26 05:48:47.556,0.76548,0.76568,1.00,1.00
2018.04.26 05:48:50.605,0.76549,0.76568,1.00,1.00
2018.04.26 05:48:56.752,0.7655,0.76568,1.00,1.00
2018.04.26 05:48:57.376,0.76549,0.76568,1.00,1.00
2018.04.26 05:49:01.491,0.76549,0.76567,1.10,1.00
2018.04.26 05:49:03.850,0.76549,0.76566,1.00,1.00
2018.04.26 05:49:03.901,0.76547,0.76565,1.00,1.00
2018.04.26 05:49:04.153,0.76545,0.76563,1.20,1.00
2018.04.26 05:49:04.204,0.76544,0.76565,1.20,1.00
2018.04.26 05:49:04.722,0.76546,0.76565,1.00,1.00
2018.04.26 05:49:06.464,0.76545,0.76564,1.57,1.00
2018.04.26 05:49:06.846,0.76547,0.76565,1.00,1.00
2018.04.26 05:49:08.027,0.76547,0.76564,1.00,1.00
2018.04.26 05:49:08.129,0.76545,0.76564,1.57,1.00
2018.04.26 05:49:08.726,0.76546,0.76565,1.00,1.00
2018.04.26 05:49:09.442,0.76547,0.76566,1.00,1.00
2018.04.26 05:49:10.048,0.76548,0.76567,1.57,1.00
2018.04.26 05:49:11.530,0.76548,0.76566,1.00,1.00
2018.04.26 05:49:11.859,0.76549,0.76568,1.00,1.00
2018.04.26 05:49:12.229,0.76548,0.76566,1.50,1.00
2018.04.26 05:49:13.031,0.76548,0.76567,1.50,1.00
2018.04.26 05:49:14.115,0.76548,0.76568,1.50,1.10
2018.04.26 05:49:14.740,0.76548,0.76567,1.00,1.00
2018.04.26 05:49:16.562,0.76549,0.76568,1.00,1.00
2018.04.26 05:49:19.620,0.7655,0.76568,1.00,1.00
2018.04.26 05:49:20.508,0.76549,0.76568,1.00,1.00
2018.04.26 05:49:21.038,0.7655,0.76568,1.00,1.00
2018.04.26 05:49:21.669,0.76549,0.76567,1.50,1.00
2018.04.26 05:49:24.204,0.76549,0.76569,1.50,1.10
2018.04.26 05:49:25.029,0.76549,0.76568,1.00,1.00
2018.04.26 05:49:26.254,0.7655,0.76568,1.00,1.00
2018.04.26 05:49:27.005,0.76549,0.76567,1.50,1.00
2018.04.26 05:49:31.049,0.76549,0.76569,1.50,1.00
2018.04.26 05:49:31.150,0.76549,0.76567,1.50,1.00
2018.04.26 05:49:31.908,0.7655,0.76568,1.00,1.00
2018.04.26 05:49:33.181,0.76549,0.76567,1.50,1.00
2018.04.26 05:49:34.105,0.76549,0.76569,1.50,1.10
2018.04.26 05:49:34.739,0.76549,0.76568,1.00,1.00
2018.04.26 05:49:35.281,0.76549,0.76569,1.50,1.00
2018.04.26 05:49:38.213,0.76549,0.76567,1.50,1.00
2018.04.26 05:49:38.770,0.7655,0.76568,1.00,1.00
2018.04.26 05:49:40.163,0.76549,0.76567,1.50,1.00
2018.04.26 05:49:40.823,0.76548,0.76566,1.00,1.00
2018.04.26 05:49:42.777,0.76547,0.76565,1.57,1.00
2018.04.26 05:49:47.562,0.76548,0.76566,1.00,1.00
2018.04.26 05:49:52.253,0.76547,0.76565,1.57,1.00
2018.04.26 05:49:52.844,0.76547,0.76567,1.57,1.00
2018.04.26 05:50:04.079,0.76547,0.76566,1.10,1.00
2018.04.26 05:50:04.623,0.76548,0.76566,1.00,1.00
2018.04.26 05:50:07.218,0.76547,0.76565,1.50,1.00
2018.04.26 05:50:16.808,0.76547,0.76567,1.57,1.00
2018.04.26 05:50:16.859,0.76547,0.76565,1.10,1.00
2018.04.26 05:50:17.164,0.76545,0.76563,1.50,1.00
2018.04.26 05:50:20.394,0.76545,0.76562,1.00,1.00
2018.04.26 05:50:21.038,0.76544,0.76561,1.00,1.00
2018.04.26 05:50:23.697,0.76543,0.76561,1.00,1.00
2018.04.26 05:50:24.502,0.76544,0.76561,1.00,1.00
2018.04.26 05:50:25.069,0.76543,0.76561,1.00,1.00
2018.04.26 05:50:25.415,0.76545,0.76563,1.00,1.00
2018.04.26 05:50:29.849,0.76543,0.76561,1.00,1.00
2018.04.26 05:50:32.652,0.76542,0.76559,1.00,1.00
2018.04.26 05:50:33.160,0.76542,0.7656,1.00,1.00
2018.04.26 05:50:40.624,0.76541,0.76559,1.00,1.00
2018.04.26 05:50:42.876,0.7654,0.76557,1.00,1.00
2018.04.26 05:50:43.405,0.7654,0.76558,1.50,1.00
2018.04.26 05:50:43.915,0.76541,0.76559,1.00,1.00
2018.04.26 05:50:44.601,0.76541,0.76561,1.00,1.00
2018.04.26 05:50:44.653,0.76541,0.76559,1.00,1.00
2018.04.26 05:50:47.339,0.7654,0.76558,1.57,1.00
2018.04.26 05:50:47.653,0.76538,0.76556,1.50,1.00
2018.04.26 05:50:48.315,0.76539,0.76557,1.00,1.00
2018.04.26 05:50:50.148,0.76537,0.76557,1.57,1.00
2018.04.26 05:50:50.200,0.76539,0.76557,1.50,1.00
2018.04.26 05:50:52.122,0.7654,0.76558,1.00,1.00
2018.04.26 05:50:52.680,0.76541,0.76559,1.00,1.00
2018.04.26 05:50:56.693,0.7654,0.76558,1.10,1.00
2018.04.26 05:50:57.201,0.76539,0.76557,1.50,1.00
2018.04.26 05:50:59.134,0.7654,0.76558,1.00,1.00
2018.04.26 05:50:59.887,0.76541,0.76559,1.00,1.00
2018.04.26 05:51:00.817,0.7654,0.76557,1.00,1.00
2018.04.26 05:51:00.869,0.76539,0.76559,1.10,1.00
2018.04.26 05:51:00.920,0.76542,0.7656,1.00,1.50
2018.04.26 05:51:03.383,0.76542,0.76559,1.00,1.00
2018.04.26 05:51:03.536,0.7654,0.76558,1.50,1.00
2018.04.26 05:51:04.058,0.7654,0.76559,1.00,1.00
2018.04.26 05:51:04.620,0.76541,0.76559,1.00,1.00
2018.04.26 05:51:05.804,0.7654,0.76558,1.50,1.00
2018.04.26 05:51:06.308,0.76539,0.76557,1.50,1.00
2018.04.26 05:51:12.904,0.76539,0.76558,1.00,1.20
2018.04.26 05:51:13.036,0.76538,0.76558,1.00,1.10
2018.04.26 05:51:13.087,0.7654,0.76558,1.00,1.10
2018.04.26 05:51:13.841,0.76539,0.76557,1.00,1.00
2018.04.26 05:51:22.408,0.76539,0.76556,1.00,1.00
2018.04.26 05:51:22.944,0.76539,0.76557,1.50,1.00
2018.04.26 05:51:25.210,0.7654,0.76558,1.00,1.10
2018.04.26 05:51:25.741,0.76539,0.76557,1.50,1.00
2018.04.26 05:51:30.266,0.76539,0.76559,1.50,1.10
2018.04.26 05:51:39.453,0.76539,0.76559,1.20,1.00
2018.04.26 05:51:39.656,0.76542,0.7656,1.00,1.00
2018.04.26 05:51:39.707,0.7654,0.7656,1.95,1.00
2018.04.26 05:51:39.980,0.7654,0.7656,1.95,1.00
2018.04.26 05:51:40.798,0.7654,0.7656,1.95,1.00
2018.04.26 05:51:41.566,0.76542,0.7656,1.10,1.00
2018.04.26 05:51:43.115,0.76542,0.7656,1.20,1.00
2018.04.26 05:51:43.664,0.76541,0.76559,1.10,1.00
2018.04.26 05:51:43.922,0.76541,0.76559,1.45,1.00
2018.04.26 05:51:44.075,0.7654,0.76558,1.57,1.00
2018.04.26 05:51:44.231,0.76537,0.76555,1.10,1.00
2018.04.26 05:51:47.557,0.76536,0.76554,1.57,1.00
2018.04.26 05:51:56.245,0.76536,0.76554,1.95,1.00
2018.04.26 05:52:05.497,0.76536,0.76554,1.57,1.00
2018.04.26 05:52:07.663,0.76535,0.76554,1.20,1.00
2018.04.26 05:52:08.305,0.76536,0.76554,1.10,1.00
2018.04.26 05:52:09.131,0.76535,0.76553,1.50,1.00
2018.04.26 05:52:10.622,0.76535,0.76552,1.00,1.00
2018.04.26 05:52:15.244,0.76534,0.76552,1.10,1.00
2018.04.26 05:52:15.800,0.76535,0.76553,1.50,1.00
2018.04.26 05:52:16.462,0.76535,0.76552,1.00,1.00
2018.04.26 05:52:17.088,0.76534,0.76552,1.10,1.00
2018.04.26 05:52:17.594,0.76535,0.76553,1.00,1.00
2018.04.26 05:52:20.195,0.76536,0.76554,1.00,1.00
2018.04.26 05:52:20.784,0.76536,0.76556,1.10,1.00
2018.04.26 05:52:20.887,0.76538,0.76557,1.00,1.00
2018.04.26 05:52:22.554,0.76538,0.76556,1.57,1.00
2018.04.26 05:52:23.918,0.76538,0.76555,1.10,1.00
2018.04.26 05:52:24.021,0.76536,0.76555,1.00,1.00
2018.04.26 05:52:24.261,0.76538,0.76556,1.00,1.00
2018.04.26 05:52:25.137,0.76539,0.76557,1.00,1.00
2018.04.26 05:52:25.540,0.76541,0.76559,1.00,1.00
2018.04.26 05:52:26.079,0.7654,0.76558,1.10,1.00
2018.04.26 05:52:33.352,0.76541,0.76559,1.10,1.00
2018.04.26 05:52:43.758,0.7654,0.76558,1.10,1.00
2018.04.26 05:52:44.355,0.76539,0.76557,1.50,1.00
2018.04.26 05:52:44.991,0.76539,0.76559,1.50,1.00
2018.04.26 05:52:45.727,0.76539,0.76558,1.00,1.00
2018.04.26 05:52:46.337,0.76538,0.76558,1.00,1.00
2018.04.26 05:52:57.337,0.7654,0.76558,1.00,1.00
2018.04.26 05:52:57.950,0.76539,0.76557,1.00,1.00
2018.04.26 05:53:03.943,0.7654,0.76558,1.00,1.00
2018.04.26 05:53:04.797,0.76539,0.76557,1.00,1.00
2018.04.26 05:53:05.102,0.76542,0.7656,1.00,1.00
2018.04.26 05:53:06.532,0.76542,0.76562,1.00,1.50
2018.04.26 05:53:07.607,0.76542,0.7656,1.00,1.00
2018.04.26 05:53:08.190,0.76543,0.76561,1.00,1.00
2018.04.26 05:53:11.451,0.76541,0.76561,1.57,1.00
2018.04.26 05:53:11.503,0.76541,0.76559,1.50,1.00
2018.04.26 05:53:14.262,0.76542,0.7656,1.00,1.00
2018.04.26 05:53:14.728,0.76544,0.76562,1.00,1.00
2018.04.26 05:53:15.387,0.76543,0.76561,1.00,1.00
2018.04.26 05:53:18.747,0.76544,0.76562,1.00,1.00
2018.04.26 05:53:19.622,0.76545,0.76563,1.00,1.00
2018.04.26 05:53:22.816,0.76543,0.76561,1.00,1.00
2018.04.26 05:53:23.383,0.76544,0.76562,1.00,1.00
2018.04.26 05:53:26.858,0.76545,0.76563,1.00,1.00
2018.04.26 05:53:26.909,0.76543,0.76563,1.10,1.00
2018.04.26 05:53:27.133,0.76543,0.76561,1.10,1.00
2018.04.26 05:53:27.640,0.76544,0.76562,1.00,1.00
2018.04.26 05:53:30.055,0.76543,0.76561,1.00,1.00
2018.04.26 05:53:32.007,0.76542,0.7656,1.10,1.00
2018.04.26 05:53:32.430,0.76544,0.76562,1.00,1.50
2018.04.26 05:53:33.037,0.76543,0.76561,1.00,1.00
2018.04.26 05:53:33.895,0.76543,0.76563,1.00,1.00
2018.04.26 05:53:34.684,0.76545,0.76563,1.00,1.00
2018.04.26 05:53:40.117,0.76546,0.76564,1.00,1.00
2018.04.26 05:53:40.702,0.76547,0.76565,1.00,1.00
2018.04.26 05:53:41.362,0.76546,0.76564,1.00,1.00
2018.04.26 05:53:41.902,0.76544,0.76562,1.10,1.00
2018.04.26 05:53:42.922,0.76545,0.76563,1.00,1.00
2018.04.26 05:53:53.357,0.76543,0.76563,1.00,1.50
2018.04.26 05:53:53.873,0.76542,0.76561,1.10,1.00
2018.04.26 05:53:54.565,0.76543,0.76561,1.00,1.00
2018.04.26 05:54:02.559,0.76542,0.7656,1.10,1.00
2018.04.26 05:54:04.058,0.76542,0.76562,1.10,1.00
2018.04.26 05:54:07.985,0.76542,0.76561,1.10,1.00
2018.04.26 05:54:08.498,0.76542,0.7656,1.00,1.00
2018.04.26 05:54:09.643,0.76543,0.76561,1.00,1.00
2018.04.26 05:54:12.770,0.76542,0.76562,1.00,1.00
2018.04.26 05:54:14.187,0.76544,0.76562,1.00,1.50
2018.04.26 05:54:26.056,0.76544,0.76564,1.10,1.50
2018.04.26 05:54:26.829,0.76544,0.76564,1.20,1.50
2018.04.26 05:54:27.417,0.76546,0.76564,1.00,1.00
2018.04.26 05:54:30.225,0.76546,0.76566,1.00,1.50
2018.04.26 05:54:32.213,0.76546,0.76565,1.00,1.00
2018.04.26 05:54:32.351,0.76548,0.76565,1.00,1.00
2018.04.26 05:54:33.026,0.76547,0.76565,1.00,1.50
2018.04.26 05:54:33.627,0.76549,0.76567,1.00,1.50
2018.04.26 05:54:34.572,0.7655,0.76568,1.00,1.50
2018.04.26 05:54:37.912,0.76549,0.76567,1.00,1.00
2018.04.26 05:54:39.851,0.76548,0.76566,1.00,1.00
2018.04.26 05:54:40.377,0.76547,0.76565,1.00,1.50
2018.04.26 05:54:47.557,0.76548,0.76565,1.00,1.00
2018.04.26 05:54:56.138,0.76548,0.76566,1.00,1.50
2018.04.26 05:55:03.178,0.76547,0.76565,1.00,1.00
2018.04.26 05:55:03.880,0.76546,0.76566,1.00,1.50
2018.04.26 05:55:14.071,0.76546,0.76566,1.07,1.50
2018.04.26 05:55:19.073,0.76547,0.76565,1.10,1.00
2018.04.26 05:55:19.938,0.76547,0.76566,1.00,1.50
2018.04.26 05:55:21.130,0.76546,0.76564,1.10,1.00
2018.04.26 05:55:21.775,0.76545,0.76563,1.00,1.00
2018.04.26 05:55:23.844,0.76544,0.76563,1.10,1.00
2018.04.26 05:55:24.482,0.76543,0.76562,1.00,1.00
2018.04.26 05:55:31.896,0.76544,0.76562,1.00,1.00
2018.04.26 05:55:32.402,0.76544,0.76563,1.00,1.00
2018.04.26 05:55:33.064,0.76543,0.76562,1.00,1.00
2018.04.26 05:55:33.721,0.76544,0.76562,1.00,1.00
2018.04.26 05:55:37.252,0.76544,0.76565,1.50,1.00
2018.04.26 05:55:37.353,0.76546,0.76565,1.00,1.00
2018.04.26 05:55:38.058,0.76547,0.76565,1.00,1.00
2018.04.26 05:55:42.453,0.76546,0.76567,1.20,1.00
2018.04.26 05:55:43.013,0.76548,0.76566,1.00,1.00
2018.04.26 05:55:45.017,0.76547,0.76565,1.50,1.00
2018.04.26 05:55:45.651,0.76546,0.76566,1.50,1.00
2018.04.26 05:55:58.163,0.76545,0.76566,1.00,1.57
2018.04.26 05:55:58.214,0.76546,0.76564,1.00,1.00
2018.04.26 05:56:00.150,0.76549,0.76568,1.00,1.50
2018.04.26 05:56:04.057,0.76549,0.76569,1.10,1.00
2018.04.26 05:56:12.192,0.76549,0.76568,1.00,1.00
2018.04.26 05:56:21.416,0.76551,0.76569,1.00,1.00
2018.04.26 05:56:26.767,0.7655,0.76569,1.00,1.00
2018.04.26 05:56:27.271,0.76549,0.76568,1.00,1.00
2018.04.26 05:56:53.958,0.76548,0.76566,1.10,1.00
2018.04.26 05:56:54.659,0.76547,0.76566,1.00,1.50
2018.04.26 05:57:04.009,0.76548,0.76566,1.00,1.00
2018.04.26 05:57:04.650,0.76549,0.76566,1.00,1.00
2018.04.26 05:57:11.115,0.7655,0.7657,1.10,1.00
2018.04.26 05:57:11.166,0.76553,0.7657,1.00,1.00
2018.04.26 05:57:11.238,0.76554,0.76572,1.00,1.57
2018.04.26 05:57:11.931,0.76555,0.76573,1.00,1.50
2018.04.26 05:57:15.473,0.76556,0.76573,1.00,1.00
2018.04.26 05:57:20.149,0.76554,0.76573,1.00,1.00
2018.04.26 05:57:22.221,0.76553,0.76573,1.10,1.00
2018.04.26 05:57:22.272,0.76553,0.76571,1.00,1.50
2018.04.26 05:57:22.679,0.76555,0.76571,1.00,1.00
2018.04.26 05:57:22.780,0.76555,0.76573,1.00,1.00
2018.04.26 05:57:23.921,0.76553,0.76573,1.00,1.00
2018.04.26 05:57:24.289,0.76555,0.76573,1.00,1.50
2018.04.26 05:57:28.723,0.76554,0.76573,1.00,1.50
2018.04.26 05:57:39.661,0.76552,0.76573,1.10,1.00
2018.04.26 05:57:48.445,0.76552,0.76571,1.10,1.00
2018.04.26 05:57:51.704,0.76552,0.76572,1.10,1.00
2018.04.26 05:57:57.285,0.76549,0.76569,2.55,1.00
2018.04.26 05:57:57.614,0.76548,0.76567,1.60,1.00
2018.04.26 05:57:58.117,0.76548,0.76567,1.00,1.00
2018.04.26 05:57:58.984,0.76547,0.76566,1.10,1.00
2018.04.26 05:58:00.187,0.76547,0.76567,1.10,1.50
2018.04.26 05:58:02.462,0.76545,0.76566,1.95,1.00
2018.04.26 05:58:12.475,0.76546,0.76565,1.00,1.00
2018.04.26 05:58:12.857,0.76545,0.76563,1.00,1.00
2018.04.26 05:58:14.434,0.76544,0.76563,1.00,1.50
2018.04.26 05:58:14.956,0.76543,0.76562,1.00,1.50
2018.04.26 05:58:16.789,0.76544,0.76562,1.00,1.00
2018.04.26 05:58:16.840,0.76544,0.76564,1.00,1.50
2018.04.26 05:58:17.043,0.76546,0.76564,1.00,1.00
2018.04.26 05:58:17.609,0.76544,0.76564,1.07,1.00
2018.04.26 05:58:18.191,0.76544,0.76564,1.10,1.00
2018.04.26 05:58:18.767,0.76543,0.76564,1.10,1.00
2018.04.26 05:58:19.510,0.76544,0.76563,1.00,1.00
2018.04.26 05:58:20.667,0.76542,0.76561,1.80,1.00
2018.04.26 05:58:22.996,0.76542,0.76561,1.10,1.00
2018.04.26 05:58:25.139,0.76543,0.76561,1.00,1.00
2018.04.26 05:58:25.797,0.76543,0.76562,1.00,1.00
2018.04.26 05:58:28.890,0.76543,0.76562,1.45,1.00
2018.04.26 05:58:29.438,0.76546,0.76562,1.00,1.00
2018.04.26 05:58:29.540,0.76547,0.76566,1.07,1.50
2018.04.26 05:58:40.044,0.76547,0.76566,1.00,1.00
2018.04.26 05:58:41.805,0.7655,0.76566,1.00,1.00
2018.04.26 05:58:41.857,0.7655,0.76569,1.00,1.00
2018.04.26 05:58:43.892,0.76551,0.7657,1.00,1.50
2018.04.26 05:58:44.614,0.7655,0.76569,1.10,1.00
2018.04.26 05:58:48.740,0.76549,0.76569,1.10,1.00
2018.04.26 05:58:48.791,0.76549,0.76567,1.00,1.00
2018.04.26 05:58:48.930,0.76547,0.76567,1.35,1.00
2018.04.26 05:59:00.178,0.76547,0.76568,1.57,1.00
2018.04.26 05:59:00.280,0.76549,0.76569,1.00,1.00
2018.04.26 05:59:09.295,0.76549,0.76568,1.10,1.00
2018.04.26 05:59:17.739,0.76548,0.76567,1.00,1.00
2018.04.26 05:59:19.139,0.76547,0.76567,1.00,1.50
2018.04.26 05:59:19.962,0.76548,0.76567,1.00,1.50
2018.04.26 05:59:20.622,0.76547,0.76567,1.00,1.50
2018.04.26 05:59:23.687,0.76547,0.76567,1.07,1.50
2018.04.26 05:59:46.398,0.76549,0.76567,1.00,1.50
2018.04.26 05:59:51.531,0.76549,0.76566,1.00,1.00
2018.04.26 05:59:56.137,0.76549,0.76567,1.00,1.50
2018.04.26 05:59:59.621,0.76549,0.76566,1.00,1.00
