2018.04.18 06:00:00.018,0.76969,0.76987,1.50,1.00
2018.04.18 06:00:00.069,0.76971,0.76987,1.00,1.00
2018.04.18 06:00:00.787,0.76971,0.76988,1.00,1.50
2018.04.18 06:00:01.088,0.76969,0.76984,1.00,1.00
2018.04.18 06:00:01.316,0.76967,0.76983,1.50,1.00
2018.04.18 06:00:06.329,0.7697,0.76985,1.00,1.00
2018.04.18 06:00:06.448,0.76971,0.76987,1.00,1.00
2018.04.18 06:00:07.211,0.7697,0.76987,1.50,1.00
2018.04.18 06:00:08.085,0.7697,0.76983,1.00,1.00
2018.04.18 06:00:08.136,0.76968,0.76983,1.00,1.00
2018.04.18 06:00:13.900,0.76967,0.76983,1.00,1.00
2018.04.18 06:00:20.472,0.76968,0.76983,1.00,1.00
2018.04.18 06:00:24.147,0.76969,0.76985,1.00,1.50
2018.04.18 06:00:40.436,0.76969,0.76987,1.50,1.50
2018.04.18 06:00:41.049,0.76969,0.76986,1.00,1.00
2018.04.18 06:00:43.303,0.7697,0.76985,1.00,1.00
2018.04.18 06:00:44.843,0.76968,0.76984,1.00,1.00
2018.04.18 06:00:44.996,0.76963,0.7698,1.07,1.00
2018.04.18 06:00:45.537,0.76965,0.76981,1.00,1.50
2018.04.18 06:00:45.724,0.76963,0.76981,1.50,1.50
2018.04.18 06:00:45.775,0.76965,0.76981,1.00,1.00
2018.04.18 06:00:46.078,0.76966,0.76979,1.00,1.00
2018.04.18 06:00:46.179,0.76964,0.76979,1.00,1.00
2018.04.18 06:00:46.787,0.76963,0.76979,1.00,1.50
2018.04.18 06:00:46.838,0.76961,0.76979,1.50,1.50
2018.04.18 06:00:46.939,0.76961,0.76977,1.10,1.00
2018.04.18 06:00:46.990,0.76958,0.76976,1.10,1.00
2018.04.18 06:00:47.041,0.76961,0.76976,1.00,1.00
2018.04.18 06:00:47.352,0.76964,0.76979,1.00,1.50
2018.04.18 06:00:49.731,0.76963,0.76981,1.50,1.00
2018.04.18 06:00:50.632,0.76964,0.76981,1.00,1.00
2018.04.18 06:00:51.953,0.76965,0.76981,1.00,1.00
2018.04.18 06:00:52.477,0.76966,0.76982,1.00,1.00
2018.04.18 06:00:53.900,0.76964,0.7698,1.50,1.00
2018.04.18 06:00:54.479,0.76963,0.7698,1.00,1.00
2018.04.18 06:00:55.110,0.76964,0.76979,1.00,1.00
2018.04.18 06:00:55.780,0.76964,0.7698,1.00,1.00
2018.04.18 06:00:58.027,0.76964,0.76981,1.00,1.00
2018.04.18 06:00:58.705,0.76964,0.76983,1.50,1.50
2018.04.18 06:01:00.169,0.76966,0.76983,1.00,1.00
2018.04.18 06:01:00.498,0.76968,0.76984,1.00,1.00
2018.04.18 06:01:01.073,0.76967,0.76984,1.00,1.00
2018.04.18 06:01:02.291,0.76966,0.76984,1.00,1.00
2018.04.18 06:01:02.856,0.76967,0.76984,1.00,1.00
2018.04.18 06:01:04.132,0.76968,0.76984,1.00,1.00
2018.04.18 06:01:04.741,0.76967,0.76984,1.00,1.00
2018.04.18 06:01:05.086,0.76961,0.76978,1.00,1.00
2018.04.18 06:01:05.760,0.76962,0.76979,1.50,1.00
2018.04.18 06:01:07.239,0.76962,0.7698,1.00,1.00
2018.04.18 06:01:08.048,0.76964,0.7698,1.00,1.00
2018.04.18 06:01:08.269,0.76962,0.7698,1.50,1.00
2018.04.18 06:01:08.598,0.76962,0.76978,1.00,1.00
2018.04.18 06:01:09.902,0.7696,0.76978,1.50,1.50
2018.04.18 06:01:10.166,0.76958,0.76976,1.50,1.00
2018.04.18 06:01:11.545,0.7696,0.76977,1.00,1.00
2018.04.18 06:01:12.358,0.7696,0.76978,1.00,1.50
2018.04.18 06:01:13.377,0.76959,0.76976,1.00,1.00
2018.04.18 06:01:15.185,0.7696,0.76976,1.00,1.50
2018.04.18 06:01:15.535,0.76959,0.76974,1.00,1.00
2018.04.18 06:01:15.586,0.76957,0.76974,1.00,1.00
2018.04.18 06:01:15.789,0.76956,0.76972,1.00,1.00
2018.04.18 06:01:16.062,0.76953,0.76971,1.50,1.50
2018.04.18 06:01:16.163,0.76955,0.76971,1.00,1.50
2018.04.18 06:01:16.707,0.76956,0.76972,1.00,1.00
2018.04.18 06:01:17.156,0.76957,0.76975,1.50,1.50
2018.04.18 06:01:17.210,0.7696,0.76975,1.00,1.00
2018.04.18 06:01:17.312,0.76958,0.76975,1.00,1.00
2018.04.18 06:01:17.464,0.76957,0.76973,1.50,1.00
2018.04.18 06:01:18.010,0.76957,0.76974,1.00,1.00
2018.04.18 06:01:18.467,0.76959,0.76975,1.00,1.50
2018.04.18 06:01:18.979,0.76958,0.76974,1.00,1.00
2018.04.18 06:01:20.556,0.76958,0.76975,1.00,1.00
2018.04.18 06:01:21.016,0.76957,0.76973,1.00,1.00
2018.04.18 06:01:21.618,0.76958,0.76974,1.00,1.50
2018.04.18 06:01:23.164,0.76956,0.76972,1.00,1.00
2018.04.18 06:01:23.501,0.76958,0.76973,1.00,1.00
2018.04.18 06:01:23.704,0.76959,0.76975,1.00,1.50
2018.04.18 06:01:26.597,0.76958,0.76974,1.00,1.00
2018.04.18 06:01:26.848,0.76955,0.76971,1.50,1.00
2018.04.18 06:01:26.949,0.76956,0.76973,1.00,1.00
2018.04.18 06:01:27.648,0.76956,0.76972,1.00,1.00
2018.04.18 06:01:28.340,0.76955,0.76971,1.00,1.50
2018.04.18 06:01:28.505,0.76957,0.76971,1.00,1.00
2018.04.18 06:01:28.556,0.76957,0.76973,1.00,1.00
2018.04.18 06:01:29.128,0.76956,0.76972,1.00,1.00
2018.04.18 06:01:32.075,0.76954,0.76972,1.00,1.00
2018.04.18 06:01:32.227,0.76956,0.76972,1.00,1.00
2018.04.18 06:01:32.558,0.76959,0.76975,1.00,1.00
2018.04.18 06:01:32.711,0.76961,0.76978,1.00,1.00
2018.04.18 06:01:33.227,0.7696,0.76975,1.00,1.00
2018.04.18 06:01:33.803,0.76959,0.76975,1.00,1.50
2018.04.18 06:01:34.107,0.76956,0.76972,1.00,1.50
2018.04.18 06:01:34.667,0.76957,0.76972,1.00,1.00
2018.04.18 06:01:35.179,0.76958,0.76972,1.00,1.00
2018.04.18 06:01:35.718,0.76958,0.76973,1.00,1.00
2018.04.18 06:01:38.523,0.76961,0.76974,1.00,1.00
2018.04.18 06:01:39.010,0.76958,0.76974,1.00,1.00
2018.04.18 06:01:41.414,0.7696,0.76975,1.00,1.00
2018.04.18 06:01:41.845,0.7696,0.76973,1.00,1.00
2018.04.18 06:01:42.170,0.76958,0.76973,1.00,1.00
2018.04.18 06:01:42.228,0.76961,0.76975,1.00,1.00
2018.04.18 06:01:42.712,0.76959,0.76973,1.00,1.00
2018.04.18 06:01:43.261,0.76958,0.76972,1.00,1.00
2018.04.18 06:01:43.918,0.76957,0.76972,1.00,1.00
2018.04.18 06:01:44.455,0.76958,0.76973,1.00,1.00
2018.04.18 06:01:50.572,0.76958,0.76971,1.00,1.00
2018.04.18 06:01:50.678,0.76956,0.76971,1.00,1.00
2018.04.18 06:01:51.905,0.76957,0.76971,1.00,1.00
2018.04.18 06:01:52.468,0.76956,0.76971,1.00,1.00
2018.04.18 06:01:53.121,0.76955,0.76969,1.00,1.00
2018.04.18 06:01:54.902,0.76955,0.76973,1.00,1.57
2018.04.18 06:01:54.953,0.76955,0.76971,1.00,1.00
2018.04.18 06:01:55.259,0.7695,0.76966,1.00,1.50
2018.04.18 06:01:57.268,0.76948,0.76964,1.00,1.00
2018.04.18 06:01:57.420,0.76945,0.76962,1.00,1.00
2018.04.18 06:01:57.521,0.76948,0.76962,1.00,1.00
2018.04.18 06:02:00.535,0.76949,0.76962,1.00,1.00
2018.04.18 06:02:00.898,0.76946,0.76962,1.00,1.00
2018.04.18 06:02:01.103,0.76948,0.76962,1.00,1.00
2018.04.18 06:02:03.918,0.76947,0.76962,1.00,1.00
2018.04.18 06:02:04.949,0.76947,0.7696,1.00,1.00
2018.04.18 06:02:05.050,0.76947,0.76963,1.00,1.50
2018.04.18 06:02:05.303,0.76949,0.76963,1.00,1.00
2018.04.18 06:02:05.354,0.76947,0.76963,1.00,1.00
2018.04.18 06:02:05.899,0.76948,0.76963,1.00,1.00
2018.04.18 06:02:06.434,0.76946,0.76962,1.00,1.00
2018.04.18 06:02:06.498,0.76946,0.7696,1.00,1.00
2018.04.18 06:02:07.201,0.76945,0.7696,1.00,1.00
2018.04.18 06:02:07.522,0.7695,0.76963,1.00,1.00
2018.04.18 06:02:07.574,0.76948,0.76963,1.00,1.00
2018.04.18 06:02:08.229,0.76947,0.76963,1.00,1.00
2018.04.18 06:02:08.804,0.76949,0.76963,1.00,1.00
2018.04.18 06:02:09.361,0.76948,0.76963,1.00,1.00
2018.04.18 06:02:12.581,0.76949,0.76963,1.00,1.00
2018.04.18 06:02:13.180,0.76948,0.76963,1.00,1.00
2018.04.18 06:02:13.508,0.7695,0.76963,1.00,1.00
2018.04.18 06:02:14.425,0.7695,0.76966,1.00,3.00
2018.04.18 06:02:15.219,0.76948,0.76966,1.00,1.50
2018.04.18 06:02:15.270,0.76948,0.76963,1.00,1.00
2018.04.18 06:02:17.820,0.7695,0.76963,1.00,1.00
2018.04.18 06:02:18.022,0.76951,0.76965,1.00,1.00
2018.04.18 06:02:18.562,0.7695,0.76966,1.00,1.50
2018.04.18 06:02:20.967,0.76948,0.76965,1.00,1.00
2018.04.18 06:02:21.123,0.7695,0.76966,1.00,1.50
2018.04.18 06:02:21.706,0.76951,0.76966,1.00,1.00
2018.04.18 06:02:26.000,0.76953,0.76966,1.00,1.00
2018.04.18 06:02:26.152,0.76954,0.76968,1.00,1.00
2018.04.18 06:02:26.395,0.76955,0.7697,1.00,1.10
2018.04.18 06:02:26.704,0.76953,0.76968,1.00,1.00
2018.04.18 06:02:27.272,0.76953,0.76969,1.00,1.50
2018.04.18 06:02:28.651,0.76951,0.76966,1.00,1.00
2018.04.18 06:02:29.835,0.76952,0.76966,1.00,1.00
2018.04.18 06:02:34.261,0.76951,0.76966,1.00,1.00
2018.04.18 06:02:34.463,0.76952,0.76968,1.00,1.50
2018.04.18 06:02:35.249,0.76952,0.76966,1.00,1.00
2018.04.18 06:02:35.887,0.76951,0.76966,1.00,1.00
2018.04.18 06:02:36.326,0.76952,0.76968,1.00,1.50
2018.04.18 06:02:36.501,0.76952,0.76966,1.00,1.00
2018.04.18 06:02:37.127,0.76953,0.76966,1.00,1.00
2018.04.18 06:02:37.400,0.76953,0.76969,1.00,1.00
2018.04.18 06:02:37.706,0.76956,0.76969,1.00,1.00
2018.04.18 06:02:37.808,0.76954,0.76972,1.00,2.32
2018.04.18 06:02:37.858,0.76956,0.76972,1.00,2.32
2018.04.18 06:02:38.255,0.76955,0.76969,1.00,1.00
2018.04.18 06:02:39.923,0.76954,0.76969,1.00,1.00
2018.04.18 06:02:44.081,0.76954,0.76967,1.00,1.00
2018.04.18 06:02:45.070,0.76954,0.7697,1.00,1.57
2018.04.18 06:02:45.638,0.76955,0.7697,1.00,1.00
2018.04.18 06:02:45.741,0.76957,0.76971,1.00,1.00
2018.04.18 06:02:45.792,0.76955,0.76971,1.00,1.50
2018.04.18 06:02:45.893,0.76955,0.76968,1.00,1.00
2018.04.18 06:02:46.435,0.76954,0.76968,1.00,1.00
2018.04.18 06:02:46.946,0.76952,0.76966,1.00,1.00
2018.04.18 06:02:46.997,0.7695,0.76966,1.00,1.00
2018.04.18 06:02:47.156,0.7695,0.76964,1.00,1.00
2018.04.18 06:02:47.478,0.76952,0.76964,1.00,1.00
2018.04.18 06:02:47.536,0.7695,0.76964,1.00,1.00
2018.04.18 06:02:51.135,0.76949,0.76964,1.00,1.00
2018.04.18 06:02:52.314,0.76951,0.76966,1.00,1.00
2018.04.18 06:02:52.834,0.76952,0.76966,1.00,1.00
2018.04.18 06:02:53.476,0.76951,0.76966,1.00,1.00
2018.04.18 06:02:53.835,0.76954,0.76966,1.00,1.00
2018.04.18 06:02:53.887,0.76954,0.76968,1.00,1.00
2018.04.18 06:02:54.450,0.76953,0.76968,1.00,1.00
2018.04.18 06:02:54.502,0.76953,0.76966,1.00,1.00
2018.04.18 06:02:54.704,0.7695,0.76966,1.00,1.00
2018.04.18 06:02:54.755,0.7695,0.76964,1.00,1.00
2018.04.18 06:02:55.270,0.76952,0.76966,1.00,1.00
2018.04.18 06:02:56.064,0.76954,0.76966,1.00,1.00
2018.04.18 06:02:56.115,0.76954,0.76968,1.00,1.00
2018.04.18 06:02:56.904,0.76951,0.76966,1.00,1.00
2018.04.18 06:02:57.360,0.76951,0.76964,1.00,1.00
2018.04.18 06:02:57.741,0.76951,0.76967,1.00,1.50
2018.04.18 06:02:57.792,0.76951,0.76965,1.00,1.00
2018.04.18 06:02:58.319,0.7695,0.76965,1.00,1.00
2018.04.18 06:02:59.702,0.76951,0.76965,1.00,1.00
2018.04.18 06:03:00.209,0.7695,0.76965,1.00,1.00
2018.04.18 06:03:00.873,0.76951,0.76966,1.00,1.00
2018.04.18 06:03:03.629,0.76953,0.76966,1.00,1.00
2018.04.18 06:03:03.782,0.76953,0.76968,1.00,1.00
2018.04.18 06:03:04.291,0.76952,0.76967,1.00,1.00
2018.04.18 06:03:09.902,0.76953,0.76967,1.00,1.00
2018.04.18 06:03:10.449,0.76953,0.76968,1.00,1.00
2018.04.18 06:03:10.794,0.76955,0.76968,1.00,1.00
2018.04.18 06:03:10.845,0.76955,0.7697,1.00,1.00
2018.04.18 06:03:11.438,0.76954,0.7697,1.00,1.50
2018.04.18 06:03:12.167,0.76954,0.76968,1.00,1.00
2018.04.18 06:03:12.646,0.76952,0.76968,1.00,1.50
2018.04.18 06:03:12.971,0.76954,0.76968,1.00,1.00
2018.04.18 06:03:13.477,0.76956,0.76968,1.00,1.00
2018.04.18 06:03:13.529,0.76953,0.76968,1.00,1.00
2018.04.18 06:03:13.580,0.76953,0.76971,1.00,1.50
2018.04.18 06:03:13.682,0.76955,0.76968,1.00,1.00
2018.04.18 06:03:13.841,0.76955,0.76971,1.00,2.25
2018.04.18 06:03:14.365,0.76956,0.76971,1.00,1.00
2018.04.18 06:03:14.769,0.76954,0.7697,1.00,1.00
2018.04.18 06:03:15.366,0.76955,0.76971,1.00,1.50
2018.04.18 06:03:15.468,0.76957,0.76971,1.00,1.00
2018.04.18 06:03:15.569,0.76955,0.76971,1.00,1.50
2018.04.18 06:03:16.336,0.76956,0.76971,1.00,1.00
2018.04.18 06:03:17.186,0.76955,0.76971,1.00,1.50
2018.04.18 06:03:17.241,0.76953,0.76968,1.00,1.00
2018.04.18 06:03:17.544,0.76958,0.76971,1.00,1.00
2018.04.18 06:03:17.594,0.76956,0.76971,1.00,1.00
2018.04.18 06:03:17.645,0.76958,0.76971,1.00,1.00
2018.04.18 06:03:18.174,0.76957,0.76971,1.00,1.00
2018.04.18 06:03:18.666,0.76955,0.76971,1.00,1.00
2018.04.18 06:03:18.717,0.76957,0.76971,1.00,1.00
2018.04.18 06:03:19.666,0.76958,0.76971,1.00,1.00
2018.04.18 06:03:19.869,0.76959,0.76973,1.00,1.00
2018.04.18 06:03:20.357,0.76957,0.76972,1.00,1.00
2018.04.18 06:03:20.587,0.76953,0.76969,1.00,1.00
2018.04.18 06:03:20.954,0.76955,0.76969,1.00,1.00
2018.04.18 06:03:22.074,0.76953,0.76969,1.00,1.00
2018.04.18 06:03:22.125,0.76955,0.76969,1.00,1.00
2018.04.18 06:03:22.604,0.76953,0.7697,1.00,1.00
2018.04.18 06:03:23.127,0.76954,0.7697,1.00,1.00
2018.04.18 06:03:24.643,0.76953,0.76969,1.00,1.00
2018.04.18 06:03:24.694,0.76953,0.76967,1.00,1.00
2018.04.18 06:03:25.202,0.76951,0.76967,1.00,1.00
2018.04.18 06:03:25.254,0.76953,0.76967,1.00,1.00
2018.04.18 06:03:25.788,0.76952,0.76967,1.00,1.00
2018.04.18 06:03:26.437,0.76953,0.76967,1.00,1.00
2018.04.18 06:03:26.752,0.76952,0.76965,1.00,1.00
2018.04.18 06:03:27.519,0.76952,0.76967,1.00,1.00
2018.04.18 06:03:28.574,0.76952,0.76965,1.00,1.00
2018.04.18 06:03:28.788,0.76954,0.76968,1.00,1.00
2018.04.18 06:03:28.839,0.76952,0.76968,1.00,1.50
2018.04.18 06:03:28.952,0.76952,0.76965,1.00,1.00
2018.04.18 06:03:29.371,0.76951,0.76967,1.00,1.50
2018.04.18 06:03:29.874,0.76952,0.76967,1.00,1.00
2018.04.18 06:03:30.028,0.76951,0.76965,1.00,1.00
2018.04.18 06:03:30.417,0.76951,0.76967,1.00,1.00
2018.04.18 06:03:30.936,0.76952,0.76968,1.00,1.50
2018.04.18 06:03:31.037,0.76951,0.76965,1.00,1.00
2018.04.18 06:03:31.188,0.76952,0.76967,1.00,1.00
2018.04.18 06:03:31.340,0.7695,0.76965,1.00,1.00
2018.04.18 06:03:31.855,0.76951,0.76965,1.00,1.00
2018.04.18 06:03:32.465,0.76952,0.76965,1.00,1.00
2018.04.18 06:03:32.971,0.76952,0.76967,1.00,1.00
2018.04.18 06:03:33.021,0.76954,0.76967,1.00,1.00
2018.04.18 06:03:33.072,0.76955,0.76969,1.00,1.00
2018.04.18 06:03:33.123,0.76953,0.76969,1.00,1.00
2018.04.18 06:03:33.173,0.76956,0.76969,1.00,1.00
2018.04.18 06:03:33.224,0.76954,0.76969,1.00,1.00
2018.04.18 06:03:33.736,0.76955,0.76969,1.00,1.00
2018.04.18 06:03:34.264,0.76954,0.7697,1.00,1.50
2018.04.18 06:03:34.316,0.76952,0.76968,1.00,1.00
2018.04.18 06:03:34.654,0.76948,0.76963,1.00,1.00
2018.04.18 06:03:37.194,0.76949,0.76963,1.00,1.00
2018.04.18 06:03:37.296,0.7695,0.76966,1.00,1.50
2018.04.18 06:03:37.499,0.76953,0.76968,1.00,1.00
2018.04.18 06:03:37.749,0.76954,0.7697,1.00,1.50
2018.04.18 06:03:38.602,0.76956,0.7697,1.00,1.00
2018.04.18 06:03:38.899,0.76954,0.7697,1.00,1.50
2018.04.18 06:03:43.340,0.76953,0.7697,1.00,1.00
2018.04.18 06:03:45.483,0.76956,0.7697,1.00,1.00
2018.04.18 06:03:45.585,0.76957,0.76972,1.00,1.00
2018.04.18 06:03:46.335,0.76956,0.76972,1.00,1.50
2018.04.18 06:03:48.176,0.76955,0.76971,1.00,1.00
2018.04.18 06:03:48.309,0.76958,0.76972,1.00,1.00
2018.04.18 06:03:48.410,0.76959,0.76974,1.00,1.00
2018.04.18 06:03:49.516,0.76958,0.76974,1.00,1.00
2018.04.18 06:03:49.567,0.7696,0.76974,1.00,1.00
2018.04.18 06:03:51.098,0.76959,0.76974,1.00,1.00
2018.04.18 06:03:51.711,0.7696,0.76974,1.00,1.00
2018.04.18 06:03:54.325,0.76959,0.76974,1.00,1.00
2018.04.18 06:03:55.014,0.7696,0.76974,1.00,1.00
2018.04.18 06:03:57.230,0.76956,0.76974,1.00,1.00
2018.04.18 06:03:57.332,0.76954,0.76968,1.00,1.00
2018.04.18 06:03:57.433,0.76951,0.76967,1.00,1.00
2018.04.18 06:03:57.484,0.76951,0.76963,1.00,1.00
2018.04.18 06:03:57.636,0.76948,0.76963,1.00,1.00
2018.04.18 06:03:58.280,0.76947,0.76963,1.00,1.00
2018.04.18 06:03:58.962,0.76948,0.76963,1.00,1.00
2018.04.18 06:04:00.280,0.76948,0.76966,1.00,1.50
2018.04.18 06:04:01.005,0.76949,0.76966,1.00,1.50
2018.04.18 06:04:01.808,0.76951,0.76967,1.00,1.50
2018.04.18 06:04:04.766,0.76953,0.76967,1.00,1.00
2018.04.18 06:04:05.298,0.76952,0.76967,1.00,1.00
2018.04.18 06:04:11.537,0.76952,0.76968,1.50,1.10
2018.04.18 06:04:13.311,0.76955,0.76969,1.00,1.10
2018.04.18 06:04:13.416,0.76955,0.76972,1.00,1.50
2018.04.18 06:04:13.468,0.76957,0.76972,1.00,1.00
2018.04.18 06:04:13.711,0.76955,0.76971,1.00,1.00
2018.04.18 06:04:13.905,0.76955,0.76973,1.00,1.10
2018.04.18 06:04:14.380,0.76956,0.76971,1.00,1.00
2018.04.18 06:04:16.276,0.76956,0.76972,1.00,1.00
2018.04.18 06:04:16.788,0.76955,0.76972,1.00,1.00
2018.04.18 06:04:17.317,0.76954,0.76971,1.50,1.00
2018.04.18 06:04:17.929,0.76953,0.76971,1.50,1.57
2018.04.18 06:04:18.237,0.76954,0.76969,1.00,1.00
2018.04.18 06:04:18.815,0.76954,0.7697,1.00,1.00
2018.04.18 06:04:20.074,0.76954,0.76971,1.00,1.10
2018.04.18 06:04:20.593,0.76955,0.76971,1.00,1.50
2018.04.18 06:04:21.071,0.76954,0.76969,1.00,1.00
2018.04.18 06:04:21.274,0.76955,0.76971,1.00,1.50
2018.04.18 06:04:21.427,0.76953,0.7697,1.00,1.00
2018.04.18 06:04:21.488,0.76955,0.76971,1.00,1.50
2018.04.18 06:04:22.018,0.76953,0.7697,1.50,1.00
2018.04.18 06:04:22.271,0.76955,0.7697,1.00,1.00
2018.04.18 06:04:22.523,0.7695,0.76968,1.50,1.00
2018.04.18 06:04:22.809,0.76954,0.7697,1.00,1.00
2018.04.18 06:04:22.864,0.76954,0.76972,1.00,1.00
2018.04.18 06:04:22.965,0.76954,0.7697,1.00,1.00
2018.04.18 06:04:23.551,0.76953,0.76968,1.00,1.00
2018.04.18 06:04:23.924,0.76951,0.76967,1.00,1.00
2018.04.18 06:04:24.149,0.7695,0.76965,1.00,1.00
2018.04.18 06:04:24.454,0.76944,0.76961,1.00,1.00
2018.04.18 06:04:24.556,0.76944,0.76959,1.00,1.00
2018.04.18 06:04:25.248,0.76944,0.7696,1.00,1.50
2018.04.18 06:04:25.552,0.76942,0.7696,1.00,1.00
2018.04.18 06:04:25.705,0.76944,0.7696,1.00,1.00
2018.04.18 06:04:26.296,0.76945,0.7696,1.00,1.50
2018.04.18 06:04:26.347,0.76943,0.7696,1.00,1.50
2018.04.18 06:04:26.850,0.76943,0.76959,1.00,1.00
2018.04.18 06:04:27.369,0.76944,0.7696,1.00,1.50
2018.04.18 06:04:28.709,0.76946,0.76961,1.00,1.00
2018.04.18 06:04:28.811,0.76948,0.76964,1.00,1.50
2018.04.18 06:04:28.941,0.7695,0.76964,1.00,1.00
2018.04.18 06:04:28.992,0.76947,0.76963,1.00,1.00
2018.04.18 06:04:29.094,0.76946,0.76961,1.00,1.50
2018.04.18 06:04:29.600,0.76945,0.7696,1.00,1.00
2018.04.18 06:04:30.179,0.76944,0.76959,1.00,1.00
2018.04.18 06:04:30.534,0.7694,0.76956,1.57,1.00
2018.04.18 06:04:30.636,0.76936,0.76954,1.10,1.00
2018.04.18 06:04:30.689,0.76935,0.7695,1.00,1.00
2018.04.18 06:04:30.841,0.7693,0.76946,1.50,1.00
2018.04.18 06:04:32.816,0.76928,0.76944,1.00,1.50
2018.04.18 06:04:33.179,0.76934,0.7695,1.00,1.50
2018.04.18 06:04:33.555,0.76936,0.76951,1.00,1.00
2018.04.18 06:04:33.708,0.76938,0.76954,1.00,1.50
2018.04.18 06:04:34.713,0.76936,0.76954,1.00,1.50
2018.04.18 06:04:35.895,0.76935,0.76949,1.00,1.00
2018.04.18 06:04:35.997,0.76933,0.76949,1.00,1.50
2018.04.18 06:04:36.098,0.76936,0.76949,1.00,1.00
2018.04.18 06:04:36.149,0.76936,0.76952,1.00,1.50
2018.04.18 06:04:36.755,0.76935,0.76951,1.00,1.00
2018.04.18 06:04:37.316,0.76936,0.7695,1.00,1.00
2018.04.18 06:04:38.949,0.76937,0.76952,1.00,1.00
2018.04.18 06:04:39.131,0.76935,0.7695,1.00,1.00
2018.04.18 06:04:39.752,0.76936,0.7695,1.00,1.00
2018.04.18 06:04:41.065,0.76934,0.7695,1.00,1.00
2018.04.18 06:04:41.117,0.76931,0.76949,1.07,1.00
2018.04.18 06:04:41.219,0.76934,0.76949,1.00,1.00
2018.04.18 06:04:41.526,0.76932,0.76949,1.10,1.00
2018.04.18 06:04:42.315,0.76933,0.76949,1.00,1.00
2018.04.18 06:04:43.191,0.76934,0.76949,1.00,1.00
2018.04.18 06:04:43.703,0.76935,0.76949,1.00,1.00
2018.04.18 06:04:44.147,0.76935,0.76951,1.00,1.50
2018.04.18 06:04:44.198,0.76937,0.76951,1.00,1.00
2018.04.18 06:04:44.351,0.76938,0.76953,1.00,1.00
2018.04.18 06:04:44.850,0.76935,0.7695,1.00,1.00
2018.04.18 06:04:46.010,0.76936,0.7695,1.00,1.00
2018.04.18 06:04:46.440,0.76934,0.7695,1.00,1.00
2018.04.18 06:04:46.600,0.76933,0.76947,1.00,1.00
2018.04.18 06:04:47.119,0.76936,0.7695,1.00,1.00
2018.04.18 06:04:47.323,0.76938,0.76954,1.00,1.00
2018.04.18 06:04:47.871,0.76937,0.76954,1.00,1.50
2018.04.18 06:04:47.923,0.76936,0.76951,1.00,1.00
2018.04.18 06:04:47.974,0.76934,0.7695,1.10,1.00
2018.04.18 06:04:48.228,0.76933,0.76948,1.00,1.00
2018.04.18 06:04:48.644,0.76933,0.7695,1.00,1.00
2018.04.18 06:04:48.805,0.76935,0.7695,1.00,1.00
2018.04.18 06:04:49.145,0.76933,0.7695,1.00,1.50
2018.04.18 06:04:49.306,0.76931,0.76948,1.00,1.00
2018.04.18 06:04:49.758,0.76932,0.76946,1.00,1.00
2018.04.18 06:04:49.859,0.76933,0.76948,1.00,1.00
2018.04.18 06:04:49.910,0.76931,0.76948,1.10,1.00
2018.04.18 06:04:50.062,0.76931,0.76945,1.00,1.00
2018.04.18 06:04:50.991,0.76932,0.76945,1.00,1.00
2018.04.18 06:04:51.561,0.76931,0.76945,1.00,1.00
2018.04.18 06:04:52.527,0.76932,0.76947,1.00,1.00
2018.04.18 06:04:53.173,0.76935,0.7695,1.00,1.00
2018.04.18 06:04:53.526,0.76933,0.76949,1.00,1.00
2018.04.18 06:04:54.116,0.76932,0.76949,1.00,1.00
2018.04.18 06:04:54.268,0.76931,0.76947,1.00,1.00
2018.04.18 06:04:55.241,0.76932,0.76948,1.00,1.00
2018.04.18 06:04:55.850,0.76934,0.76948,1.00,1.00
2018.04.18 06:04:56.513,0.76933,0.76948,1.00,1.00
2018.04.18 06:04:57.854,0.76934,0.76948,1.00,1.00
2018.04.18 06:04:58.368,0.76933,0.76948,1.00,1.00
2018.04.18 06:04:58.571,0.76934,0.7695,1.10,1.00
2018.04.18 06:04:58.919,0.76933,0.76948,1.10,1.00
2018.04.18 06:04:58.970,0.76934,0.7695,1.00,1.50
2018.04.18 06:04:59.520,0.76935,0.7695,1.00,1.00
2018.04.18 06:04:59.826,0.76937,0.7695,1.00,1.00
2018.04.18 06:05:00.330,0.76936,0.7695,1.00,1.00
2018.04.18 06:05:01.812,0.76934,0.7695,1.00,1.00
2018.04.18 06:05:02.643,0.76935,0.7695,1.00,1.00
2018.04.18 06:05:03.778,0.76932,0.7695,1.50,1.50
2018.04.18 06:05:03.880,0.76932,0.76948,1.00,1.00
2018.04.18 06:05:04.251,0.76934,0.76948,1.00,1.00
2018.04.18 06:05:04.537,0.76935,0.7695,1.00,1.00
2018.04.18 06:05:05.118,0.76934,0.7695,1.00,1.50
2018.04.18 06:05:05.316,0.76934,0.76947,1.00,1.00
2018.04.18 06:05:05.471,0.76932,0.76947,1.00,1.00
2018.04.18 06:05:05.572,0.76932,0.76949,1.00,1.00
2018.04.18 06:05:06.168,0.76933,0.76949,1.00,1.00
2018.04.18 06:05:07.929,0.76931,0.76949,1.50,1.50
2018.04.18 06:05:08.031,0.76931,0.76947,1.00,1.00
2018.04.18 06:05:08.779,0.7693,0.76947,1.00,1.00
2018.04.18 06:05:09.653,0.76929,0.76947,1.50,1.00
2018.04.18 06:05:09.957,0.76931,0.76947,1.00,1.00
2018.04.18 06:05:14.046,0.76931,0.76949,1.50,1.50
2018.04.18 06:05:16.737,0.76931,0.76947,1.00,1.00
2018.04.18 06:05:17.089,0.76931,0.76949,1.00,1.00
2018.04.18 06:05:18.259,0.76931,0.7695,1.00,1.50
2018.04.18 06:05:21.215,0.76931,0.76949,1.00,1.00
2018.04.18 06:05:21.743,0.76932,0.7695,1.00,1.50
2018.04.18 06:05:22.353,0.76933,0.7695,1.00,1.00
2018.04.18 06:05:23.512,0.76933,0.76949,1.00,1.00
2018.04.18 06:05:28.344,0.76931,0.76946,1.00,1.00
2018.04.18 06:05:28.446,0.76928,0.76945,1.00,1.00
2018.04.18 06:05:28.570,0.7693,0.76946,1.00,1.00
2018.04.18 06:05:28.621,0.7693,0.76949,1.00,1.00
2018.04.18 06:05:28.725,0.76932,0.76949,1.00,1.07
2018.04.18 06:05:28.827,0.76929,0.76946,1.00,1.10
2018.04.18 06:05:28.878,0.76929,0.76943,1.00,1.00
2018.04.18 06:05:28.929,0.76925,0.76942,1.00,1.00
2018.04.18 06:05:29.483,0.76926,0.76943,1.50,1.00
2018.04.18 06:05:29.991,0.76926,0.76945,1.50,1.07
2018.04.18 06:05:30.494,0.76926,0.76945,1.50,1.00
2018.04.18 06:05:30.545,0.76929,0.76946,1.00,1.00
2018.04.18 06:05:31.233,0.7693,0.76947,1.00,1.50
2018.04.18 06:05:31.973,0.76929,0.76947,1.50,1.50
2018.04.18 06:05:32.598,0.76929,0.76946,1.50,1.00
2018.04.18 06:05:33.110,0.76927,0.76945,1.50,1.50
2018.04.18 06:05:33.436,0.76927,0.76943,1.00,1.00
2018.04.18 06:05:34.021,0.76927,0.76944,1.00,1.00
2018.04.18 06:05:37.083,0.76927,0.76943,1.00,1.00
2018.04.18 06:05:37.363,0.76925,0.76943,1.00,1.00
2018.04.18 06:05:37.886,0.76924,0.76944,1.50,1.50
2018.04.18 06:05:42.137,0.76928,0.76944,1.00,1.00
2018.04.18 06:05:42.370,0.7693,0.76947,1.00,1.00
2018.04.18 06:05:42.749,0.76932,0.76947,1.00,1.00
2018.04.18 06:05:43.440,0.76932,0.76949,1.00,1.50
2018.04.18 06:05:44.252,0.76933,0.76949,1.00,1.00
2018.04.18 06:05:45.794,0.76932,0.76949,1.00,1.00
2018.04.18 06:05:51.817,0.76932,0.7695,1.50,1.00
2018.04.18 06:05:51.918,0.76932,0.76947,1.00,1.00
2018.04.18 06:05:52.186,0.76928,0.76947,1.50,1.00
2018.04.18 06:05:52.287,0.76931,0.76947,1.00,1.00
2018.04.18 06:05:52.338,0.76931,0.76949,1.00,1.10
2018.04.18 06:05:52.759,0.76933,0.76949,1.00,1.00
2018.04.18 06:05:52.912,0.76931,0.76949,1.00,1.50
2018.04.18 06:05:53.493,0.76931,0.76948,1.50,1.00
2018.04.18 06:05:54.003,0.76931,0.76949,1.50,1.50
2018.04.18 06:05:54.105,0.76933,0.7695,1.00,1.00
2018.04.18 06:05:55.980,0.76931,0.76949,1.00,1.00
2018.04.18 06:05:56.777,0.76931,0.76948,1.50,1.00
2018.04.18 06:06:01.003,0.76931,0.76949,1.50,1.50
2018.04.18 06:06:01.305,0.76931,0.76947,1.00,1.00
2018.04.18 06:06:07.735,0.76931,0.76948,1.00,1.10
2018.04.18 06:06:08.422,0.76931,0.76947,1.00,1.00
2018.04.18 06:06:10.110,0.76931,0.76948,1.00,1.00
2018.04.18 06:06:10.485,0.76929,0.76945,1.00,1.00
2018.04.18 06:06:11.718,0.76931,0.76946,1.00,1.00
2018.04.18 06:06:12.457,0.76931,0.76947,1.00,1.00
2018.04.18 06:06:14.076,0.76931,0.76948,1.50,1.00
2018.04.18 06:06:14.599,0.76931,0.76949,1.50,1.00
2018.04.18 06:06:15.146,0.76932,0.76949,1.00,1.00
2018.04.18 06:06:15.654,0.76933,0.7695,1.00,1.00
2018.04.18 06:06:18.733,0.76933,0.76949,1.00,1.00
2018.04.18 06:06:18.950,0.7693,0.76948,1.50,1.50
2018.04.18 06:06:19.027,0.76932,0.76948,1.00,1.00
2018.04.18 06:06:20.790,0.7693,0.76946,1.00,1.00
2018.04.18 06:06:20.951,0.7693,0.76948,1.00,1.50
2018.04.18 06:06:21.507,0.76931,0.76948,1.00,1.50
2018.04.18 06:06:23.209,0.7693,0.76948,1.50,1.50
2018.04.18 06:06:23.260,0.76932,0.76948,1.00,1.00
2018.04.18 06:06:24.534,0.76932,0.76948,1.20,1.00
2018.04.18 06:06:25.267,0.76932,0.76949,1.20,1.00
2018.04.18 06:06:25.744,0.7693,0.76946,1.45,1.00
2018.04.18 06:06:26.538,0.7693,0.76947,1.20,1.00
2018.04.18 06:06:28.015,0.7693,0.76947,1.00,1.00
2018.04.18 06:06:28.299,0.76932,0.7695,1.00,1.00
2018.04.18 06:06:28.401,0.76934,0.76951,1.00,1.00
2018.04.18 06:06:32.204,0.76934,0.76952,1.50,1.50
2018.04.18 06:06:32.691,0.76934,0.7695,1.00,1.00
2018.04.18 06:06:33.192,0.76934,0.76949,1.00,1.00
2018.04.18 06:06:33.404,0.76931,0.76948,1.00,1.00
2018.04.18 06:06:34.086,0.7693,0.76948,1.00,1.50
2018.04.18 06:06:34.718,0.76931,0.7695,1.50,1.00
2018.04.18 06:06:34.995,0.76933,0.76951,1.00,1.00
2018.04.18 06:06:35.348,0.76934,0.76949,1.00,1.00
2018.04.18 06:06:35.947,0.76934,0.76948,1.00,1.00
2018.04.18 06:06:35.998,0.76931,0.76948,1.00,1.00
2018.04.18 06:06:36.150,0.76931,0.76946,1.00,1.00
2018.04.18 06:06:36.433,0.76931,0.76948,1.00,1.00
2018.04.18 06:06:37.089,0.76931,0.76947,1.00,1.00
2018.04.18 06:06:37.639,0.76931,0.76948,1.00,1.00
2018.04.18 06:06:38.986,0.76931,0.76949,1.00,1.50
2018.04.18 06:06:39.602,0.76931,0.76947,1.00,1.00
2018.04.18 06:06:40.145,0.76931,0.76948,1.50,1.00
2018.04.18 06:06:42.905,0.7693,0.76947,1.00,1.50
2018.04.18 06:06:43.413,0.76929,0.76946,1.00,1.00
2018.04.18 06:06:44.937,0.76929,0.76947,1.50,1.50
2018.04.18 06:06:45.242,0.76931,0.76949,1.50,1.00
2018.04.18 06:06:46.249,0.7693,0.76948,1.57,1.00
2018.04.18 06:06:46.794,0.76932,0.76948,1.00,1.00
2018.04.18 06:06:47.610,0.76931,0.76948,1.00,1.00
2018.04.18 06:06:48.119,0.76932,0.76948,1.00,1.00
2018.04.18 06:06:48.879,0.7693,0.76948,1.57,1.00
2018.04.18 06:06:49.038,0.76932,0.76948,1.00,1.00
2018.04.18 06:06:49.650,0.76932,0.76949,1.00,1.00
2018.04.18 06:06:51.669,0.7693,0.76948,1.10,1.00
2018.04.18 06:06:52.238,0.76931,0.76949,1.00,1.50
2018.04.18 06:06:59.820,0.7693,0.76947,1.00,1.00
2018.04.18 06:07:00.361,0.7693,0.76948,1.10,1.00
2018.04.18 06:07:00.911,0.7693,0.76947,1.10,1.00
2018.04.18 06:07:00.962,0.76932,0.7695,1.00,1.50
2018.04.18 06:07:01.064,0.76936,0.76953,1.50,1.00
2018.04.18 06:07:01.166,0.76937,0.76955,1.00,1.00
2018.04.18 06:07:01.343,0.76939,0.76956,1.00,1.00
2018.04.18 06:07:01.393,0.76936,0.76955,1.57,1.00
2018.04.18 06:07:01.495,0.76936,0.76953,1.00,1.00
2018.04.18 06:07:02.000,0.76936,0.76952,1.00,1.00
2018.04.18 06:07:03.916,0.76935,0.76952,1.00,1.00
2018.04.18 06:07:06.085,0.76936,0.76952,1.00,1.00
2018.04.18 06:07:07.656,0.76936,0.76954,1.50,1.00
2018.04.18 06:07:07.757,0.76936,0.76952,1.00,1.00
2018.04.18 06:07:08.285,0.76933,0.7695,1.50,1.00
2018.04.18 06:07:09.737,0.76933,0.76949,1.00,1.00
2018.04.18 06:07:10.248,0.76933,0.7695,1.00,1.00
2018.04.18 06:07:11.407,0.76933,0.76949,1.00,1.00
2018.04.18 06:07:11.915,0.76933,0.7695,1.00,1.00
2018.04.18 06:07:14.378,0.76933,0.76949,1.00,1.00
2018.04.18 06:07:14.830,0.76935,0.76951,1.00,1.00
2018.04.18 06:07:14.881,0.76936,0.76953,1.50,1.00
2018.04.18 06:07:15.507,0.76936,0.76954,1.00,1.50
2018.04.18 06:07:17.855,0.76936,0.76953,1.57,1.00
2018.04.18 06:07:18.616,0.76936,0.76954,1.57,1.50
2018.04.18 06:07:19.410,0.76937,0.76954,1.00,1.50
2018.04.18 06:07:20.090,0.76936,0.76954,1.50,1.50
2018.04.18 06:07:20.835,0.76937,0.76954,1.00,1.50
2018.04.18 06:07:21.355,0.76938,0.76954,1.00,1.00
2018.04.18 06:07:22.913,0.76938,0.76956,1.50,1.50
2018.04.18 06:07:23.623,0.7694,0.76957,1.00,1.00
2018.04.18 06:07:23.955,0.76942,0.76959,1.00,1.00
2018.04.18 06:07:24.274,0.76942,0.76956,1.00,1.00
2018.04.18 06:07:24.324,0.7694,0.76957,1.00,1.00
2018.04.18 06:07:25.281,0.76942,0.76957,1.00,1.00
2018.04.18 06:07:28.001,0.76942,0.76956,1.00,1.00
2018.04.18 06:07:28.282,0.7694,0.76956,1.00,1.00
2018.04.18 06:07:29.948,0.7694,0.76957,1.50,1.00
2018.04.18 06:07:30.455,0.7694,0.76955,1.00,1.00
2018.04.18 06:07:30.556,0.76938,0.76955,1.50,1.00
2018.04.18 06:07:31.057,0.76938,0.76952,1.00,1.00
2018.04.18 06:07:31.158,0.76936,0.76951,1.00,1.00
2018.04.18 06:07:31.210,0.76936,0.76947,1.00,1.00
2018.04.18 06:07:31.261,0.76936,0.76949,1.00,1.00
2018.04.18 06:07:31.312,0.76936,0.76947,1.00,1.00
2018.04.18 06:07:31.364,0.76931,0.76947,1.00,1.00
2018.04.18 06:07:31.533,0.76933,0.76948,1.00,1.00
2018.04.18 06:07:31.736,0.76931,0.76947,1.00,1.00
2018.04.18 06:07:35.063,0.76931,0.76949,1.00,1.50
2018.04.18 06:07:35.164,0.76931,0.76947,1.50,1.00
2018.04.18 06:07:36.435,0.76931,0.76948,1.50,1.00
2018.04.18 06:07:37.940,0.76931,0.76947,1.00,1.00
2018.04.18 06:07:39.800,0.76931,0.76946,1.00,1.00
2018.04.18 06:07:39.856,0.76929,0.76946,1.00,1.00
2018.04.18 06:07:40.446,0.76929,0.76945,1.00,1.00
2018.04.18 06:07:42.013,0.76929,0.76944,1.00,1.00
2018.04.18 06:07:42.526,0.76929,0.76945,1.50,1.00
2018.04.18 06:07:43.172,0.76929,0.76944,1.00,1.00
2018.04.18 06:07:43.758,0.76929,0.76945,1.00,1.00
2018.04.18 06:07:44.494,0.76927,0.76942,1.00,1.00
2018.04.18 06:07:44.545,0.76924,0.76941,1.50,1.00
2018.04.18 06:07:44.994,0.76926,0.76943,1.00,1.00
2018.04.18 06:07:46.125,0.76926,0.76944,1.50,1.50
2018.04.18 06:07:46.776,0.76927,0.76944,1.00,1.00
2018.04.18 06:07:50.377,0.76928,0.76944,1.00,1.00
2018.04.18 06:07:50.703,0.76925,0.76939,1.00,1.00
2018.04.18 06:07:50.855,0.76925,0.76942,1.00,1.00
2018.04.18 06:07:53.054,0.76925,0.76939,1.00,1.00
2018.04.18 06:07:53.156,0.76922,0.76938,1.00,1.00
2018.04.18 06:07:53.684,0.76922,0.76939,1.00,1.00
2018.04.18 06:07:54.172,0.76922,0.76937,1.00,1.00
2018.04.18 06:07:57.798,0.76919,0.76937,1.10,1.00
2018.04.18 06:07:57.849,0.76919,0.76933,1.00,1.00
2018.04.18 06:07:58.005,0.76914,0.76931,1.00,1.00
2018.04.18 06:07:58.092,0.76914,0.76929,1.00,1.00
2018.04.18 06:07:58.347,0.7692,0.76936,1.00,1.00
2018.04.18 06:07:58.499,0.76921,0.76938,1.00,1.00
2018.04.18 06:07:58.891,0.76923,0.7694,1.00,1.00
2018.04.18 06:07:59.210,0.76925,0.7694,1.00,1.00
2018.04.18 06:07:59.311,0.76923,0.76939,1.00,1.00
2018.04.18 06:07:59.983,0.76922,0.76939,1.57,1.00
2018.04.18 06:08:00.363,0.76922,0.76937,1.00,1.00
2018.04.18 06:08:00.465,0.7692,0.76936,1.00,1.00
2018.04.18 06:08:02.028,0.7692,0.76935,1.00,1.00
2018.04.18 06:08:03.205,0.7692,0.76934,1.00,1.00
2018.04.18 06:08:03.708,0.7692,0.76937,1.50,1.00
2018.04.18 06:08:04.400,0.7692,0.76936,1.50,1.00
2018.04.18 06:08:05.074,0.7692,0.76938,1.00,1.50
2018.04.18 06:08:05.306,0.7692,0.76936,1.50,1.00
2018.04.18 06:08:05.963,0.7692,0.76937,1.50,1.00
2018.04.18 06:08:06.985,0.76921,0.76937,1.00,1.00
2018.04.18 06:08:07.517,0.7692,0.76936,1.50,1.00
2018.04.18 06:08:08.033,0.7692,0.76937,1.00,1.00
2018.04.18 06:08:08.728,0.7692,0.76935,1.00,1.00
2018.04.18 06:08:08.779,0.7692,0.76937,1.50,1.00
2018.04.18 06:08:09.364,0.7692,0.76936,1.50,1.00
2018.04.18 06:08:10.343,0.7692,0.76937,1.50,1.00
2018.04.18 06:08:12.615,0.76921,0.76938,1.00,1.50
2018.04.18 06:08:12.875,0.7692,0.76936,1.50,1.00
2018.04.18 06:08:13.376,0.76918,0.76935,1.50,1.00
2018.04.18 06:08:13.958,0.76919,0.76935,1.00,1.00
2018.04.18 06:08:14.528,0.76918,0.76935,1.50,1.00
2018.04.18 06:08:15.157,0.76919,0.76935,1.00,1.00
2018.04.18 06:08:15.682,0.76918,0.76934,1.00,1.00
2018.04.18 06:08:17.621,0.76917,0.76934,1.57,1.00
2018.04.18 06:08:18.159,0.76917,0.76933,1.00,1.00
2018.04.18 06:08:18.903,0.76917,0.76934,1.00,1.00
2018.04.18 06:08:20.722,0.76918,0.76934,1.50,1.00
2018.04.18 06:08:22.960,0.76917,0.76934,1.00,1.00
2018.04.18 06:08:23.148,0.76916,0.76932,1.00,1.00
2018.04.18 06:08:23.249,0.76916,0.76934,1.00,1.00
2018.04.18 06:08:23.934,0.76918,0.76933,1.00,1.00
2018.04.18 06:08:24.266,0.76916,0.76931,1.00,1.00
2018.04.18 06:08:24.941,0.76916,0.76932,1.10,1.00
2018.04.18 06:08:26.478,0.76916,0.76934,1.00,1.50
2018.04.18 06:08:28.814,0.76917,0.76934,1.00,1.50
2018.04.18 06:08:29.353,0.76918,0.76934,1.00,1.00
2018.04.18 06:08:30.181,0.76919,0.76936,1.00,1.00
2018.04.18 06:08:30.283,0.7692,0.76938,1.00,1.57
2018.04.18 06:08:31.358,0.76921,0.76937,1.00,1.00
2018.04.18 06:08:31.920,0.7692,0.76937,1.50,1.00
2018.04.18 06:08:32.631,0.7692,0.76938,1.50,1.50
2018.04.18 06:08:39.135,0.76922,0.76939,1.00,1.00
2018.04.18 06:08:40.041,0.76924,0.7694,1.00,1.50
2018.04.18 06:08:40.142,0.76922,0.7694,1.50,1.50
2018.04.18 06:08:40.667,0.76922,0.76939,1.50,1.00
2018.04.18 06:08:42.108,0.76923,0.76939,1.00,1.00
2018.04.18 06:08:42.861,0.76923,0.7694,1.50,1.00
2018.04.18 06:08:43.438,0.76922,0.76939,1.50,1.00
2018.04.18 06:08:43.922,0.76922,0.76937,1.00,1.00
2018.04.18 06:08:44.513,0.76922,0.76935,1.00,1.00
2018.04.18 06:08:45.174,0.76921,0.76935,1.00,1.00
2018.04.18 06:08:48.690,0.7692,0.76935,1.00,1.00
2018.04.18 06:08:49.455,0.76921,0.76935,1.00,1.00
2018.04.18 06:08:52.608,0.76922,0.76935,1.00,1.00
2018.04.18 06:08:53.138,0.76921,0.76935,1.00,1.00
2018.04.18 06:08:54.192,0.76921,0.76937,1.00,1.00
2018.04.18 06:08:55.210,0.7692,0.76937,1.00,1.50
2018.04.18 06:08:55.732,0.76919,0.76936,1.00,1.50
2018.04.18 06:08:56.959,0.76918,0.76935,1.10,1.00
2018.04.18 06:08:57.507,0.76919,0.76936,1.00,1.50
2018.04.18 06:08:58.842,0.7692,0.76936,1.00,1.50
2018.04.18 06:09:03.830,0.76921,0.76936,1.00,1.00
2018.04.18 06:09:04.374,0.7692,0.76937,1.00,1.50
2018.04.18 06:09:04.928,0.76921,0.76937,1.00,1.50
2018.04.18 06:09:05.705,0.7692,0.76935,1.00,1.00
2018.04.18 06:09:06.295,0.76921,0.76935,1.00,1.00
2018.04.18 06:09:07.273,0.76922,0.76938,1.00,1.00
2018.04.18 06:09:07.492,0.76922,0.76936,1.00,1.00
2018.04.18 06:09:08.098,0.76921,0.76936,1.00,1.00
2018.04.18 06:09:08.367,0.76918,0.76936,1.20,1.00
2018.04.18 06:09:08.520,0.76917,0.76933,1.00,1.00
2018.04.18 06:09:08.825,0.76916,0.7693,1.00,1.00
2018.04.18 06:09:08.876,0.76913,0.7693,1.00,1.00
2018.04.18 06:09:09.417,0.76913,0.76929,1.00,1.50
2018.04.18 06:09:10.038,0.76914,0.76929,1.00,1.00
2018.04.18 06:09:13.041,0.76914,0.7693,1.00,1.00
2018.04.18 06:09:13.295,0.76916,0.7693,1.00,1.00
2018.04.18 06:09:13.802,0.76915,0.76931,1.00,1.00
2018.04.18 06:09:14.448,0.76914,0.76931,1.00,1.00
2018.04.18 06:09:15.847,0.76916,0.76931,1.00,1.00
2018.04.18 06:09:16.325,0.76916,0.76934,1.50,1.00
2018.04.18 06:09:16.375,0.76919,0.76934,1.00,1.00
2018.04.18 06:09:16.476,0.7692,0.76936,1.00,1.50
2018.04.18 06:09:17.377,0.76919,0.76935,1.00,1.00
2018.04.18 06:09:17.580,0.76917,0.76933,1.00,1.00
2018.04.18 06:09:19.912,0.76918,0.76934,1.00,1.00
2018.04.18 06:09:20.196,0.76918,0.76936,1.50,1.00
2018.04.18 06:09:20.829,0.76919,0.76935,1.00,1.00
2018.04.18 06:09:21.146,0.76921,0.76937,1.00,1.00
2018.04.18 06:09:21.421,0.76919,0.76936,1.00,1.00
2018.04.18 06:09:21.956,0.76918,0.76935,1.50,1.00
2018.04.18 06:09:22.756,0.76919,0.76936,1.00,1.50
2018.04.18 06:09:24.011,0.76919,0.76935,1.00,1.00
2018.04.18 06:09:24.670,0.7692,0.76936,1.00,1.50
2018.04.18 06:09:25.796,0.76921,0.76936,1.00,1.00
2018.04.18 06:09:26.019,0.76919,0.76936,1.00,1.00
2018.04.18 06:09:27.502,0.7692,0.76936,1.00,1.00
2018.04.18 06:09:27.827,0.76918,0.76936,1.00,1.00
2018.04.18 06:09:28.085,0.76918,0.76934,1.50,1.00
2018.04.18 06:09:28.287,0.76915,0.76932,1.50,1.00
2018.04.18 06:09:28.919,0.76915,0.76931,1.00,1.00
2018.04.18 06:09:29.122,0.76913,0.7693,1.50,1.00
2018.04.18 06:09:31.071,0.76912,0.76929,1.00,1.00
2018.04.18 06:09:31.718,0.76913,0.76929,1.00,1.00
2018.04.18 06:09:32.220,0.76912,0.7693,1.00,1.50
2018.04.18 06:09:32.728,0.76913,0.7693,1.00,1.50
2018.04.18 06:09:32.885,0.76915,0.7693,1.00,1.00
2018.04.18 06:09:32.936,0.76917,0.76933,1.00,1.00
2018.04.18 06:09:33.382,0.76915,0.76933,1.00,1.50
2018.04.18 06:09:33.946,0.76913,0.76931,1.57,1.00
2018.04.18 06:09:34.666,0.76912,0.7693,1.00,1.00
2018.04.18 06:09:34.977,0.76915,0.76931,1.50,1.00
2018.04.18 06:09:35.618,0.76914,0.7693,1.00,1.00
2018.04.18 06:09:36.610,0.76916,0.76931,1.00,1.00
2018.04.18 06:09:36.661,0.76918,0.76935,1.00,1.50
2018.04.18 06:09:36.813,0.76918,0.76933,1.00,1.00
2018.04.18 06:09:37.517,0.76918,0.76934,1.50,1.00
2018.04.18 06:09:37.821,0.7692,0.76936,1.50,1.00
2018.04.18 06:09:39.347,0.76918,0.76932,1.00,1.00
2018.04.18 06:09:39.449,0.76915,0.76933,1.00,1.00
2018.04.18 06:09:39.718,0.76919,0.76935,1.00,1.50
2018.04.18 06:09:39.770,0.76917,0.76935,1.10,1.50
2018.04.18 06:09:39.871,0.76919,0.76935,1.00,1.00
2018.04.18 06:09:40.149,0.76919,0.76937,1.00,1.00
2018.04.18 06:09:40.251,0.76918,0.76933,1.00,1.00
2018.04.18 06:09:40.352,0.76916,0.76934,2.25,1.50
2018.04.18 06:09:40.403,0.76916,0.76932,1.50,1.00
2018.04.18 06:09:40.599,0.76916,0.76934,1.50,1.50
2018.04.18 06:09:41.113,0.76918,0.76934,1.00,1.00
2018.04.18 06:09:41.624,0.76922,0.76937,1.00,1.00
2018.04.18 06:09:41.675,0.76922,0.76939,1.50,1.00
2018.04.18 06:09:41.776,0.76922,0.76937,1.00,1.00
2018.04.18 06:09:42.110,0.76919,0.76934,1.00,1.00
2018.04.18 06:09:42.661,0.76918,0.76934,1.00,1.00
2018.04.18 06:09:43.791,0.76919,0.76936,1.00,1.00
2018.04.18 06:09:44.309,0.7692,0.76936,1.50,1.00
2018.04.18 06:09:44.969,0.76919,0.76935,1.00,1.00
2018.04.18 06:09:45.940,0.76919,0.76936,1.00,1.00
2018.04.18 06:09:46.577,0.76921,0.76936,1.00,1.00
2018.04.18 06:09:47.250,0.7692,0.76936,1.00,1.50
2018.04.18 06:09:48.139,0.76918,0.76934,1.50,1.00
2018.04.18 06:09:48.837,0.76919,0.76935,1.00,1.00
2018.04.18 06:09:49.383,0.76918,0.76934,1.50,1.00
2018.04.18 06:09:49.898,0.76917,0.76933,1.00,1.00
2018.04.18 06:09:50.200,0.76915,0.76931,1.00,1.00
2018.04.18 06:09:52.908,0.76916,0.76932,1.00,1.00
2018.04.18 06:09:57.303,0.76915,0.76931,1.00,1.00
2018.04.18 06:10:00.260,0.76915,0.7693,1.00,1.00
2018.04.18 06:10:00.463,0.7691,0.76926,1.00,1.00
2018.04.18 06:10:00.799,0.76909,0.76924,1.50,1.00
2018.04.18 06:10:01.416,0.76907,0.76923,1.00,1.00
2018.04.18 06:10:01.569,0.76908,0.76925,1.50,1.00
2018.04.18 06:10:02.110,0.76908,0.76924,1.50,1.00
2018.04.18 06:10:03.101,0.76911,0.76926,1.00,1.00
2018.04.18 06:10:03.304,0.76909,0.76925,1.50,1.00
2018.04.18 06:10:03.405,0.76907,0.76922,1.10,1.00
2018.04.18 06:10:03.456,0.76908,0.76924,1.00,1.00
2018.04.18 06:10:03.557,0.7691,0.76925,1.00,1.00
2018.04.18 06:10:04.563,0.76911,0.76926,1.00,1.00
2018.04.18 06:10:05.085,0.76912,0.76927,1.00,1.00
2018.04.18 06:10:05.745,0.76911,0.76927,1.50,1.00
2018.04.18 06:10:06.135,0.76906,0.76921,1.00,1.00
2018.04.18 06:10:06.738,0.76907,0.76922,1.00,1.00
2018.04.18 06:10:08.039,0.76906,0.76921,1.00,1.00
2018.04.18 06:10:08.141,0.76904,0.7692,1.00,1.00
2018.04.18 06:10:08.677,0.76904,0.76919,1.50,1.00
2018.04.18 06:10:10.181,0.76905,0.7692,1.00,1.00
2018.04.18 06:10:12.465,0.76904,0.76921,1.00,1.00
2018.04.18 06:10:12.985,0.76903,0.76919,1.50,1.00
2018.04.18 06:10:13.639,0.76902,0.76918,1.00,1.00
2018.04.18 06:10:19.751,0.76902,0.76919,1.00,1.50
2018.04.18 06:10:20.339,0.76901,0.76919,1.50,1.50
2018.04.18 06:10:21.921,0.76903,0.76919,1.00,1.00
2018.04.18 06:10:22.702,0.76903,0.7692,1.50,1.00
2018.04.18 06:10:23.267,0.76903,0.76919,1.50,1.00
2018.04.18 06:10:26.282,0.76903,0.76917,1.00,1.00
2018.04.18 06:10:26.332,0.76903,0.76919,1.00,1.00
2018.04.18 06:10:26.383,0.76903,0.76917,1.00,1.00
2018.04.18 06:10:26.809,0.76901,0.76917,1.50,1.00
2018.04.18 06:10:27.341,0.769,0.76918,1.00,1.50
2018.04.18 06:10:27.960,0.76903,0.76918,1.00,1.00
2018.04.18 06:10:28.696,0.76901,0.76916,1.50,1.00
2018.04.18 06:10:29.304,0.76902,0.76917,1.00,1.00
2018.04.18 06:10:30.138,0.769,0.76918,1.50,1.50
2018.04.18 06:10:37.277,0.76901,0.76916,1.00,1.00
2018.04.18 06:10:37.821,0.769,0.76916,1.50,1.00
2018.04.18 06:10:38.679,0.769,0.76915,1.50,1.00
2018.04.18 06:10:41.631,0.769,0.76916,1.00,1.00
2018.04.18 06:10:43.128,0.76898,0.76914,1.00,1.00
2018.04.18 06:10:43.483,0.769,0.76915,1.00,1.00
2018.04.18 06:10:44.027,0.76901,0.76916,1.00,1.00
2018.04.18 06:10:45.062,0.769,0.76916,1.00,1.50
2018.04.18 06:10:45.511,0.76898,0.76915,1.00,1.00
2018.04.18 06:10:45.613,0.76898,0.76912,1.00,1.00
2018.04.18 06:10:45.866,0.76898,0.76914,1.00,1.00
2018.04.18 06:10:46.199,0.76896,0.76912,1.00,1.00
2018.04.18 06:10:46.807,0.76897,0.76913,1.00,1.50
2018.04.18 06:10:47.391,0.76897,0.76912,1.50,1.00
2018.04.18 06:10:47.899,0.76895,0.76909,1.00,1.00
2018.04.18 06:10:48.129,0.76893,0.76909,1.00,1.00
2018.04.18 06:10:48.180,0.76893,0.76911,1.50,1.50
2018.04.18 06:10:48.231,0.76895,0.7691,1.00,1.00
2018.04.18 06:10:48.282,0.76895,0.76912,1.00,1.00
2018.04.18 06:10:48.788,0.76896,0.76911,1.00,1.00
2018.04.18 06:10:49.491,0.76897,0.76912,1.00,1.00
2018.04.18 06:10:49.644,0.76902,0.76916,1.00,1.00
2018.04.18 06:10:49.745,0.76902,0.76918,1.50,1.00
2018.04.18 06:10:50.225,0.76898,0.76914,1.00,1.00
2018.04.18 06:10:50.541,0.76897,0.76912,1.00,1.00
2018.04.18 06:10:50.693,0.76897,0.76914,1.00,1.50
2018.04.18 06:10:50.796,0.76898,0.76916,1.50,1.00
2018.04.18 06:10:50.847,0.769,0.76915,1.00,1.00
2018.04.18 06:10:50.897,0.76898,0.76914,1.50,1.00
2018.04.18 06:10:52.870,0.76899,0.76915,1.00,1.00
2018.04.18 06:10:53.328,0.76901,0.76916,1.00,1.00
2018.04.18 06:10:55.245,0.76901,0.76917,1.00,1.00
2018.04.18 06:10:55.787,0.76901,0.76916,1.50,1.00
2018.04.18 06:10:56.590,0.76902,0.76917,1.00,1.50
2018.04.18 06:10:56.794,0.76899,0.76917,1.50,1.50
2018.04.18 06:10:56.896,0.76901,0.76916,1.00,1.00
2018.04.18 06:10:58.328,0.76903,0.76919,1.00,1.00
2018.04.18 06:10:58.964,0.76904,0.76919,1.00,1.00
2018.04.18 06:10:59.638,0.76903,0.7692,1.00,1.50
2018.04.18 06:11:00.178,0.76902,0.76918,1.50,1.00
2018.04.18 06:11:01.531,0.76902,0.76919,1.50,1.00
2018.04.18 06:11:02.069,0.76902,0.76918,1.50,1.00
2018.04.18 06:11:02.589,0.76903,0.76919,1.00,1.00
2018.04.18 06:11:03.131,0.76902,0.7692,1.57,1.50
2018.04.18 06:11:04.643,0.76902,0.76918,1.50,1.00
2018.04.18 06:11:05.587,0.76902,0.76918,1.95,1.50
2018.04.18 06:11:09.480,0.76901,0.76917,1.10,1.00
2018.04.18 06:11:10.001,0.76901,0.76916,1.10,1.00
2018.04.18 06:11:10.512,0.76902,0.76918,1.00,1.00
2018.04.18 06:11:10.565,0.76903,0.76918,1.20,1.00
2018.04.18 06:11:10.618,0.76904,0.76921,1.10,1.00
2018.04.18 06:11:10.741,0.76904,0.76921,1.95,1.00
2018.04.18 06:11:11.454,0.76905,0.76921,1.20,1.50
2018.04.18 06:11:12.778,0.76905,0.76921,1.20,1.50
2018.04.18 06:11:13.347,0.76905,0.76923,1.20,1.00
2018.04.18 06:11:15.311,0.76904,0.76921,2.70,1.00
2018.04.18 06:11:15.817,0.76905,0.7692,1.10,1.00
2018.04.18 06:11:26.486,0.76905,0.76919,1.00,1.00
2018.04.18 06:11:27.029,0.76906,0.76921,1.00,1.50
2018.04.18 06:11:27.546,0.76905,0.76919,1.50,1.00
2018.04.18 06:11:27.699,0.76906,0.76921,1.00,1.00
2018.04.18 06:11:28.766,0.76905,0.7692,1.95,1.00
2018.04.18 06:11:29.301,0.76903,0.7692,1.95,1.50
2018.04.18 06:11:31.422,0.76905,0.7692,1.00,1.50
2018.04.18 06:11:35.095,0.76905,0.76922,1.10,1.50
2018.04.18 06:11:38.850,0.76905,0.76922,1.95,1.50
2018.04.18 06:11:39.768,0.76908,0.76922,1.00,1.00
2018.04.18 06:11:40.391,0.76907,0.76921,1.20,1.00
2018.04.18 06:11:41.796,0.76906,0.76921,1.20,1.00
2018.04.18 06:11:42.944,0.76906,0.76921,1.20,1.00
2018.04.18 06:11:43.249,0.76909,0.76924,1.20,1.00
2018.04.18 06:11:45.862,0.76908,0.76922,1.45,1.00
2018.04.18 06:11:46.116,0.76905,0.7692,1.95,1.00
2018.04.18 06:11:48.549,0.76907,0.76921,1.00,1.00
2018.04.18 06:11:50.962,0.76908,0.76921,1.00,1.00
2018.04.18 06:11:51.497,0.76906,0.76923,1.10,1.50
2018.04.18 06:11:51.599,0.76906,0.76921,1.00,1.00
2018.04.18 06:11:51.966,0.76909,0.76923,1.00,1.50
2018.04.18 06:11:52.531,0.76908,0.76923,1.10,1.00
2018.04.18 06:11:53.061,0.76908,0.76923,1.95,1.00
2018.04.18 06:11:53.481,0.76906,0.76922,1.20,1.00
2018.04.18 06:11:53.633,0.76907,0.76924,1.95,1.50
2018.04.18 06:11:54.181,0.76909,0.76924,1.00,1.00
2018.04.18 06:11:56.146,0.76907,0.76924,1.95,1.00
2018.04.18 06:11:56.778,0.76908,0.76924,1.20,1.00
2018.04.18 06:11:57.353,0.76908,0.76925,1.95,1.50
2018.04.18 06:11:57.813,0.76908,0.76923,1.95,1.00
2018.04.18 06:12:00.787,0.76908,0.76923,1.20,1.00
2018.04.18 06:12:01.976,0.76906,0.76921,1.95,1.00
2018.04.18 06:12:02.348,0.76908,0.76923,1.00,1.00
2018.04.18 06:12:02.917,0.76908,0.76922,1.00,1.00
2018.04.18 06:12:02.968,0.76906,0.76923,1.20,1.00
2018.04.18 06:12:03.546,0.76908,0.76922,1.00,1.00
2018.04.18 06:12:04.185,0.76907,0.76923,1.10,1.00
2018.04.18 06:12:08.056,0.76906,0.76923,1.10,1.00
2018.04.18 06:12:08.579,0.76908,0.76923,1.00,1.00
2018.04.18 06:12:10.280,0.76909,0.76924,1.00,1.50
2018.04.18 06:12:10.820,0.76908,0.76923,1.10,1.00
2018.04.18 06:12:16.445,0.76909,0.76924,1.00,1.00
2018.04.18 06:12:19.460,0.76911,0.76926,1.00,1.50
2018.04.18 06:12:19.726,0.76908,0.76926,1.95,1.50
2018.04.18 06:12:21.153,0.76908,0.76924,1.95,1.00
2018.04.18 06:12:21.305,0.76907,0.76923,1.10,1.00
2018.04.18 06:12:26.110,0.76907,0.76923,1.95,1.00
2018.04.18 06:12:26.614,0.76907,0.76923,1.95,1.00
2018.04.18 06:12:27.246,0.76908,0.76924,1.95,1.50
2018.04.18 06:12:29.588,0.76908,0.76923,1.20,1.00
2018.04.18 06:12:30.395,0.76908,0.76924,1.95,1.50
2018.04.18 06:12:30.667,0.7691,0.76926,1.00,1.00
2018.04.18 06:12:31.236,0.7691,0.76926,2.70,1.00
2018.04.18 06:12:33.887,0.76911,0.76927,1.10,1.00
2018.04.18 06:12:34.107,0.76912,0.76928,1.20,1.50
2018.04.18 06:12:34.921,0.76912,0.76928,1.20,1.50
2018.04.18 06:12:36.437,0.7691,0.76925,1.95,1.00
2018.04.18 06:12:36.538,0.76908,0.76924,1.20,1.00
2018.04.18 06:12:37.040,0.76909,0.76925,1.95,1.50
2018.04.18 06:12:38.991,0.7691,0.76925,1.20,1.00
2018.04.18 06:12:39.043,0.76912,0.76925,1.20,1.00
2018.04.18 06:12:39.145,0.76914,0.76928,1.10,1.00
2018.04.18 06:12:39.247,0.76912,0.76928,1.10,1.00
2018.04.18 06:12:40.015,0.76912,0.76928,1.20,1.50
2018.04.18 06:12:41.201,0.76912,0.76928,1.10,1.50
2018.04.18 06:12:41.912,0.76911,0.76928,1.95,1.00
2018.04.18 06:12:43.335,0.76911,0.76928,1.95,1.00
2018.04.18 06:12:44.851,0.76911,0.76928,1.10,1.00
2018.04.18 06:12:45.537,0.76911,0.76927,1.10,1.00
2018.04.18 06:12:46.698,0.7691,0.76927,1.20,1.00
2018.04.18 06:12:50.043,0.76911,0.76927,1.00,1.00
2018.04.18 06:12:50.196,0.76914,0.7693,1.00,1.00
2018.04.18 06:12:50.248,0.76915,0.76933,1.00,1.00
2018.04.18 06:12:50.353,0.76915,0.76931,1.95,1.00
2018.04.18 06:12:50.883,0.76914,0.7693,2.70,1.00
2018.04.18 06:12:51.407,0.76916,0.76933,1.10,1.00
2018.04.18 06:12:52.065,0.76916,0.76931,1.57,1.00
2018.04.18 06:12:53.568,0.76916,0.76932,1.57,1.00
2018.04.18 06:12:54.462,0.76916,0.76933,1.10,1.00
2018.04.18 06:12:55.543,0.76916,0.76931,1.10,1.00
2018.04.18 06:12:55.773,0.76914,0.7693,1.95,1.00
2018.04.18 06:12:56.027,0.76915,0.76931,1.95,1.00
2018.04.18 06:12:56.745,0.76914,0.7693,2.70,1.00
2018.04.18 06:12:57.294,0.76914,0.76931,1.95,1.00
2018.04.18 06:12:59.105,0.76914,0.7693,2.70,1.00
2018.04.18 06:12:59.411,0.76916,0.76932,1.10,1.00
2018.04.18 06:12:59.544,0.76914,0.7693,1.50,1.00
2018.04.18 06:13:03.971,0.76916,0.76932,1.00,1.00
2018.04.18 06:13:05.429,0.76915,0.76931,1.50,1.00
2018.04.18 06:13:05.581,0.76915,0.76933,2.25,1.00
2018.04.18 06:13:05.633,0.76918,0.76932,1.00,1.00
2018.04.18 06:13:05.836,0.76915,0.76931,1.50,1.00
2018.04.18 06:13:07.511,0.76915,0.76931,2.70,1.00
2018.04.18 06:13:07.612,0.76918,0.76932,1.00,1.00
2018.04.18 06:13:07.713,0.76916,0.76932,1.95,1.00
2018.04.18 06:13:09.450,0.76918,0.76933,1.00,1.00
2018.04.18 06:13:09.502,0.76918,0.76935,1.00,1.00
2018.04.18 06:13:14.522,0.76918,0.76933,1.00,1.00
2018.04.18 06:13:20.390,0.76918,0.76934,1.57,1.00
2018.04.18 06:13:22.743,0.76918,0.76935,1.10,1.00
2018.04.18 06:13:23.381,0.76918,0.76934,1.57,1.00
2018.04.18 06:13:25.905,0.76919,0.76934,1.00,1.00
2018.04.18 06:13:29.282,0.76919,0.76936,1.00,1.00
2018.04.18 06:13:29.384,0.76921,0.76937,1.00,1.50
2018.04.18 06:13:29.541,0.76922,0.7694,1.50,1.50
2018.04.18 06:13:29.592,0.76922,0.76938,2.70,1.00
2018.04.18 06:13:29.941,0.76927,0.76942,1.00,1.00
2018.04.18 06:13:30.705,0.76926,0.76942,1.10,1.00
2018.04.18 06:13:32.585,0.76928,0.76943,1.00,1.00
2018.04.18 06:13:32.636,0.76929,0.76945,1.00,1.00
2018.04.18 06:13:32.738,0.76931,0.76946,1.00,1.00
2018.04.18 06:13:32.840,0.76932,0.76948,1.00,1.00
2018.04.18 06:13:37.109,0.76931,0.76947,1.95,1.00
2018.04.18 06:13:37.636,0.76931,0.76947,1.50,1.00
2018.04.18 06:13:38.273,0.76931,0.76946,1.00,1.00
2018.04.18 06:13:38.562,0.76931,0.76944,1.00,1.00
2018.04.18 06:13:38.613,0.76927,0.76943,1.50,1.00
2018.04.18 06:13:39.165,0.76927,0.76942,1.10,1.00
2018.04.18 06:13:42.663,0.76925,0.76941,2.70,1.00
2018.04.18 06:13:43.274,0.76925,0.76941,1.10,1.00
2018.04.18 06:13:52.234,0.76925,0.76943,1.57,1.50
2018.04.18 06:13:55.276,0.76925,0.76941,1.57,1.00
2018.04.18 06:13:55.675,0.76925,0.76939,1.00,1.00
2018.04.18 06:13:55.879,0.76923,0.76938,1.00,1.00
2018.04.18 06:13:56.230,0.76923,0.76941,1.57,1.50
2018.04.18 06:13:56.281,0.76923,0.76938,1.00,1.00
2018.04.18 06:13:56.433,0.7692,0.76937,1.20,1.00
2018.04.18 06:13:56.972,0.7692,0.76936,1.00,1.00
2018.04.18 06:13:57.481,0.76921,0.76937,1.00,1.00
2018.04.18 06:14:01.128,0.7692,0.76936,1.57,1.00
2018.04.18 06:14:01.630,0.7692,0.76937,1.20,1.00
2018.04.18 06:14:01.915,0.76919,0.76935,1.95,1.00
2018.04.18 06:14:02.469,0.76919,0.76935,1.10,1.00
2018.04.18 06:14:03.842,0.76919,0.76936,1.00,1.00
2018.04.18 06:14:04.435,0.7692,0.76937,1.10,1.00
2018.04.18 06:14:22.245,0.76921,0.76937,1.00,1.00
2018.04.18 06:14:23.983,0.7692,0.76936,1.57,1.00
2018.04.18 06:14:26.367,0.7692,0.76935,1.00,1.00
2018.04.18 06:14:26.796,0.76917,0.76933,1.57,1.00
2018.04.18 06:14:32.319,0.76917,0.76933,2.70,1.00
2018.04.18 06:14:33.924,0.76917,0.76933,1.50,1.00
2018.04.18 06:14:34.228,0.76919,0.76935,1.00,1.50
2018.04.18 06:14:36.150,0.76918,0.76934,1.00,1.00
2018.04.18 06:14:39.668,0.76919,0.76935,1.00,1.00
2018.04.18 06:14:43.280,0.7692,0.76936,1.00,1.00
2018.04.18 06:14:43.584,0.76922,0.76936,1.00,1.00
2018.04.18 06:14:43.636,0.7692,0.76936,1.50,1.00
2018.04.18 06:14:44.244,0.7692,0.76935,1.00,1.00
2018.04.18 06:14:44.900,0.7692,0.76936,1.50,1.00
2018.04.18 06:14:47.498,0.7692,0.76935,1.00,1.00
2018.04.18 06:14:47.551,0.76918,0.76934,1.50,1.00
2018.04.18 06:14:50.308,0.76918,0.76933,1.00,1.00
2018.04.18 06:14:51.375,0.76918,0.76932,1.00,1.00
2018.04.18 06:14:51.476,0.76916,0.76932,1.57,1.00
2018.04.18 06:14:52.646,0.76917,0.76933,1.00,1.00
2018.04.18 06:14:54.880,0.76916,0.76929,1.00,1.00
2018.04.18 06:14:54.982,0.76914,0.7693,1.00,1.00
2018.04.18 06:14:55.083,0.76913,0.76928,1.00,1.00
2018.04.18 06:14:55.290,0.76911,0.76927,1.00,1.00
2018.04.18 06:14:55.819,0.7691,0.76926,1.50,1.00
2018.04.18 06:14:56.322,0.76912,0.76927,1.50,1.00
2018.04.18 06:14:57.305,0.76911,0.76927,1.00,1.00
2018.04.18 06:15:00.401,0.76911,0.76926,1.00,1.00
2018.04.18 06:15:03.884,0.76911,0.76927,1.00,1.00
2018.04.18 06:15:06.780,0.7691,0.76926,1.00,1.00
2018.04.18 06:15:06.831,0.7691,0.76928,1.07,1.00
2018.04.18 06:15:06.947,0.7691,0.76926,1.07,1.00
2018.04.18 06:15:07.461,0.76911,0.76927,1.10,1.00
2018.04.18 06:15:07.844,0.76913,0.76928,1.00,1.50
2018.04.18 06:15:08.365,0.76912,0.76928,1.00,1.50
2018.04.18 06:15:09.711,0.76912,0.76927,1.00,1.00
2018.04.18 06:15:13.583,0.76911,0.76928,1.00,1.00
2018.04.18 06:15:14.090,0.76912,0.76927,1.10,1.00
2018.04.18 06:15:16.170,0.76913,0.76929,1.00,1.00
2018.04.18 06:15:16.720,0.76914,0.7693,1.00,1.00
2018.04.18 06:15:18.903,0.76914,0.76931,1.00,1.50
2018.04.18 06:15:19.455,0.76914,0.7693,1.00,1.00
2018.04.18 06:15:29.456,0.76911,0.76929,1.95,1.50
2018.04.18 06:15:29.508,0.76911,0.76927,1.57,1.00
2018.04.18 06:15:31.672,0.76912,0.76927,1.00,1.00
2018.04.18 06:15:35.192,0.76911,0.76927,1.00,1.50
2018.04.18 06:15:35.497,0.76911,0.76929,1.50,1.57
2018.04.18 06:15:37.182,0.76911,0.76927,1.50,1.00
2018.04.18 06:15:38.219,0.76911,0.76926,1.50,1.00
2018.04.18 06:15:39.753,0.76911,0.76927,1.50,1.00
2018.04.18 06:15:40.268,0.76911,0.76926,1.00,1.00
2018.04.18 06:15:43.620,0.7691,0.76926,1.00,1.00
2018.04.18 06:15:44.232,0.76908,0.76924,1.00,1.00
2018.04.18 06:15:46.913,0.76909,0.76924,1.00,1.00
2018.04.18 06:15:47.526,0.76909,0.76925,1.00,1.00
2018.04.18 06:15:48.193,0.76908,0.76925,1.00,1.00
2018.04.18 06:15:49.442,0.76908,0.76924,1.00,1.00
2018.04.18 06:15:49.978,0.76909,0.76925,1.00,1.00
2018.04.18 06:15:50.261,0.76907,0.76925,1.50,1.00
2018.04.18 06:15:52.425,0.76909,0.76924,1.00,1.00
2018.04.18 06:15:54.313,0.76908,0.76924,1.00,1.00
2018.04.18 06:15:54.801,0.76911,0.76927,1.00,1.50
2018.04.18 06:15:55.157,0.76917,0.76933,1.00,1.50
2018.04.18 06:15:56.720,0.76916,0.76932,1.00,1.00
2018.04.18 06:15:58.586,0.76917,0.76933,1.00,1.50
2018.04.18 06:16:00.462,0.76918,0.76933,1.00,1.00
2018.04.18 06:16:00.614,0.76916,0.76932,1.10,1.00
2018.04.18 06:16:00.912,0.76918,0.76933,1.00,1.00
2018.04.18 06:16:01.064,0.76916,0.76933,1.10,1.00
2018.04.18 06:16:01.276,0.76918,0.76933,1.00,1.00
2018.04.18 06:16:08.498,0.76917,0.76933,1.00,1.50
2018.04.18 06:16:09.032,0.76918,0.76934,1.00,1.00
2018.04.18 06:16:11.436,0.76918,0.76935,1.00,1.50
2018.04.18 06:16:12.077,0.76918,0.76934,1.00,1.00
2018.04.18 06:16:19.503,0.76919,0.76935,1.00,1.50
2018.04.18 06:16:21.955,0.76917,0.76935,1.57,1.50
2018.04.18 06:16:22.486,0.76917,0.76934,1.10,1.00
2018.04.18 06:16:24.006,0.76916,0.76933,1.20,1.00
2018.04.18 06:16:24.757,0.76916,0.76933,1.10,1.00
2018.04.18 06:16:27.854,0.76918,0.76934,1.00,1.00
2018.04.18 06:16:27.958,0.76918,0.76936,1.10,1.50
2018.04.18 06:16:28.111,0.7692,0.76936,1.00,1.00
2018.04.18 06:16:28.620,0.7692,0.76935,1.00,1.00
2018.04.18 06:16:29.144,0.76919,0.76934,1.00,1.00
2018.04.18 06:16:29.313,0.76917,0.76933,1.10,1.00
2018.04.18 06:16:29.517,0.7692,0.76934,1.00,1.00
2018.04.18 06:16:30.036,0.76919,0.76935,1.50,1.00
2018.04.18 06:16:30.754,0.7692,0.76936,1.00,1.00
2018.04.18 06:16:30.907,0.76922,0.7694,1.57,1.50
2018.04.18 06:16:31.108,0.76922,0.76937,1.50,1.00
2018.04.18 06:16:31.503,0.76924,0.7694,1.00,1.50
2018.04.18 06:16:32.021,0.76925,0.7694,1.00,1.00
2018.04.18 06:16:37.517,0.76924,0.7694,1.10,1.50
2018.04.18 06:16:43.484,0.76925,0.7694,1.00,1.00
2018.04.18 06:16:43.585,0.76923,0.76939,1.00,1.00
2018.04.18 06:16:43.876,0.76922,0.76937,1.50,1.00
2018.04.18 06:16:44.604,0.76922,0.76936,1.00,1.00
2018.04.18 06:16:44.706,0.7692,0.76938,1.50,1.50
2018.04.18 06:16:45.349,0.7692,0.76938,1.57,1.50
2018.04.18 06:16:45.898,0.76922,0.76938,1.00,1.50
2018.04.18 06:16:46.888,0.76921,0.76937,1.10,1.00
2018.04.18 06:16:48.143,0.76922,0.76938,1.00,1.50
2018.04.18 06:16:49.791,0.76922,0.76937,1.10,1.00
2018.04.18 06:16:50.560,0.76921,0.76936,1.00,1.00
2018.04.18 06:16:52.588,0.7692,0.76937,1.00,1.00
2018.04.18 06:16:54.048,0.76921,0.76937,1.00,1.00
2018.04.18 06:16:54.626,0.7692,0.76936,1.57,1.00
2018.04.18 06:16:55.178,0.76919,0.76935,1.10,1.00
2018.04.18 06:16:58.291,0.7692,0.76936,1.00,1.50
2018.04.18 06:17:05.267,0.76922,0.76938,1.00,1.50
2018.04.18 06:17:09.096,0.76923,0.76938,1.00,1.00
2018.04.18 06:17:09.804,0.76921,0.76937,1.20,1.00
2018.04.18 06:17:10.314,0.76924,0.76938,1.00,1.00
2018.04.18 06:17:10.417,0.76924,0.7694,1.00,1.00
2018.04.18 06:17:10.935,0.76924,0.76939,1.00,1.00
2018.04.18 06:17:11.474,0.76923,0.76939,1.50,1.00
2018.04.18 06:17:13.914,0.76923,0.76938,1.00,1.00
2018.04.18 06:17:14.471,0.76922,0.76938,1.00,1.50
2018.04.18 06:17:15.318,0.76923,0.76938,1.00,1.00
2018.04.18 06:17:15.510,0.76923,0.7694,1.10,1.50
2018.04.18 06:17:15.662,0.76922,0.76937,1.10,1.00
2018.04.18 06:17:15.814,0.76923,0.76939,1.00,1.00
2018.04.18 06:17:16.507,0.76924,0.7694,1.00,1.50
2018.04.18 06:17:16.988,0.76922,0.76938,1.20,1.00
2018.04.18 06:17:17.039,0.76922,0.76938,1.00,1.00
2018.04.18 06:17:17.839,0.76923,0.76939,1.10,1.50
2018.04.18 06:17:18.417,0.76924,0.7694,1.00,1.00
2018.04.18 06:17:19.292,0.76926,0.76942,1.00,1.00
2018.04.18 06:17:19.824,0.76925,0.76941,1.00,1.00
2018.04.18 06:17:20.839,0.76926,0.76942,1.00,1.00
2018.04.18 06:17:21.219,0.76928,0.76944,1.00,1.50
2018.04.18 06:17:25.700,0.76929,0.76944,1.00,1.00
2018.04.18 06:17:26.220,0.76928,0.76945,1.00,1.00
2018.04.18 06:17:27.271,0.7693,0.76946,1.00,1.50
2018.04.18 06:17:27.575,0.76932,0.76947,1.00,1.00
2018.04.18 06:17:28.138,0.76931,0.76947,1.00,1.00
2018.04.18 06:17:29.231,0.76932,0.76948,1.00,1.00
2018.04.18 06:17:29.920,0.76931,0.76947,1.50,1.00
2018.04.18 06:17:31.964,0.76932,0.76948,1.00,1.00
2018.04.18 06:17:32.270,0.76933,0.76945,1.00,1.00
2018.04.18 06:17:32.322,0.7693,0.76943,1.10,1.00
2018.04.18 06:17:32.424,0.76926,0.76942,1.07,1.00
2018.04.18 06:17:32.527,0.76928,0.76944,1.10,1.00
2018.04.18 06:17:33.112,0.76927,0.76944,1.00,1.00
2018.04.18 06:17:34.250,0.76927,0.76942,1.50,1.00
2018.04.18 06:17:34.803,0.76927,0.76943,1.50,1.00
2018.04.18 06:17:35.289,0.76925,0.76941,1.00,1.00
2018.04.18 06:17:35.795,0.76926,0.76942,1.00,1.00
2018.04.18 06:17:37.607,0.76927,0.76943,1.00,1.00
2018.04.18 06:17:38.124,0.76926,0.76942,1.00,1.50
2018.04.18 06:17:41.411,0.76927,0.76942,1.00,1.50
2018.04.18 06:17:41.719,0.76928,0.76944,1.00,1.00
2018.04.18 06:17:42.229,0.76927,0.76942,1.00,1.00
2018.04.18 06:17:42.733,0.76926,0.76942,1.00,1.50
2018.04.18 06:17:43.250,0.76925,0.76941,1.00,1.00
2018.04.18 06:17:43.803,0.76925,0.7694,1.00,1.50
2018.04.18 06:17:44.865,0.76925,0.76941,1.00,1.00
2018.04.18 06:17:45.372,0.76926,0.76942,1.00,1.50
2018.04.18 06:17:46.894,0.76925,0.76941,1.00,1.00
2018.04.18 06:17:47.667,0.76925,0.7694,1.00,1.50
2018.04.18 06:17:50.606,0.76924,0.7694,1.00,1.50
2018.04.18 06:17:50.657,0.76922,0.7694,1.50,1.50
2018.04.18 06:17:52.685,0.76923,0.7694,1.00,1.50
2018.04.18 06:17:54.169,0.76923,0.76939,1.00,1.00
2018.04.18 06:17:54.946,0.76924,0.7694,1.00,1.50
2018.04.18 06:17:56.421,0.76923,0.76938,1.00,1.00
2018.04.18 06:17:56.928,0.76923,0.76939,1.00,1.00
2018.04.18 06:17:57.585,0.76923,0.76938,1.00,1.00
2018.04.18 06:17:58.162,0.76923,0.76939,1.00,1.00
2018.04.18 06:17:58.495,0.76919,0.76935,1.00,1.00
2018.04.18 06:17:59.750,0.76921,0.76936,1.00,1.00
2018.04.18 06:17:59.852,0.76924,0.7694,1.50,1.00
2018.04.18 06:17:59.902,0.76924,0.76938,1.00,1.00
2018.04.18 06:18:00.054,0.76921,0.76936,1.00,1.50
2018.04.18 06:18:00.529,0.76919,0.76935,1.00,1.00
2018.04.18 06:18:01.219,0.7692,0.76936,1.00,1.50
2018.04.18 06:18:02.711,0.76921,0.76937,1.50,1.00
2018.04.18 06:18:02.836,0.76923,0.76939,1.00,1.50
2018.04.18 06:18:04.239,0.76924,0.76939,1.00,1.50
2018.04.18 06:18:04.847,0.76923,0.76939,1.00,1.50
2018.04.18 06:18:05.798,0.76924,0.7694,1.00,1.50
2018.04.18 06:18:09.204,0.76925,0.7694,1.00,1.00
2018.04.18 06:18:10.179,0.76925,0.76941,1.00,1.50
2018.04.18 06:18:10.696,0.76926,0.76942,1.00,1.50
2018.04.18 06:18:11.544,0.76925,0.76941,1.00,1.00
2018.04.18 06:18:17.275,0.76925,0.7694,1.00,1.00
2018.04.18 06:18:18.113,0.76925,0.76941,1.00,1.00
2018.04.18 06:18:19.799,0.76925,0.7694,1.00,1.00
2018.04.18 06:18:20.307,0.76926,0.76941,1.00,1.00
2018.04.18 06:18:21.038,0.76925,0.76942,1.00,1.00
2018.04.18 06:18:21.555,0.76926,0.76942,1.00,1.00
2018.04.18 06:18:22.802,0.76925,0.76942,1.50,1.00
2018.04.18 06:18:23.304,0.76925,0.76943,1.50,1.50
2018.04.18 06:18:24.279,0.76927,0.76942,1.00,1.00
2018.04.18 06:18:24.554,0.76927,0.76944,1.00,1.00
2018.04.18 06:18:24.606,0.76927,0.76942,1.00,1.00
2018.04.18 06:18:25.391,0.76928,0.76943,1.00,1.00
2018.04.18 06:18:25.544,0.76926,0.76942,1.00,1.00
2018.04.18 06:18:26.053,0.76926,0.76941,1.00,1.00
2018.04.18 06:18:27.288,0.76925,0.76941,1.00,1.50
2018.04.18 06:18:28.036,0.76926,0.76941,1.00,1.00
2018.04.18 06:18:28.087,0.76924,0.76941,1.00,1.00
2018.04.18 06:18:28.414,0.76926,0.76942,1.00,1.00
2018.04.18 06:18:28.788,0.76928,0.76943,1.00,1.50
2018.04.18 06:18:29.188,0.76929,0.76945,1.00,1.50
2018.04.18 06:18:33.237,0.76928,0.76944,1.00,1.00
2018.04.18 06:18:33.759,0.76928,0.76943,1.00,1.00
2018.04.18 06:18:34.281,0.76927,0.76943,1.00,1.50
2018.04.18 06:18:35.457,0.76928,0.76943,1.00,1.00
2018.04.18 06:18:35.608,0.76929,0.76945,1.00,1.50
2018.04.18 06:18:36.284,0.76928,0.76944,1.00,1.00
2018.04.18 06:18:36.335,0.76929,0.76946,1.00,1.00
2018.04.18 06:18:37.001,0.76929,0.76945,1.00,1.50
2018.04.18 06:18:37.504,0.7693,0.76945,1.00,1.50
2018.04.18 06:18:38.372,0.76929,0.76945,1.00,1.50
2018.04.18 06:18:38.901,0.7693,0.76946,1.00,1.00
2018.04.18 06:18:39.283,0.76928,0.76944,1.00,1.00
2018.04.18 06:18:41.394,0.76929,0.76944,1.00,1.00
2018.04.18 06:18:44.768,0.76929,0.76943,1.00,1.00
2018.04.18 06:18:45.409,0.76928,0.76943,1.00,1.00
2018.04.18 06:18:45.914,0.76927,0.76943,1.00,1.50
2018.04.18 06:18:49.162,0.76926,0.76942,1.00,1.00
2018.04.18 06:18:49.544,0.76928,0.76943,1.00,1.00
2018.04.18 06:18:51.071,0.76929,0.76944,1.00,1.00
2018.04.18 06:18:51.581,0.76929,0.76943,1.00,1.00
2018.04.18 06:18:52.785,0.76928,0.76943,1.00,1.00
2018.04.18 06:18:53.562,0.76928,0.76944,1.00,1.00
2018.04.18 06:18:54.222,0.76927,0.76944,1.00,1.00
2018.04.18 06:18:54.655,0.76927,0.76942,1.00,1.00
2018.04.18 06:18:54.706,0.76928,0.76944,1.00,1.50
2018.04.18 06:18:54.908,0.7693,0.76944,1.00,1.00
2018.04.18 06:18:55.009,0.76928,0.76945,1.00,1.00
2018.04.18 06:18:55.606,0.7693,0.76945,1.00,1.00
2018.04.18 06:18:55.989,0.76928,0.76944,1.00,1.00
2018.04.18 06:18:57.011,0.76927,0.76944,1.00,1.00
2018.04.18 06:18:57.277,0.76929,0.76945,1.00,1.00
2018.04.18 06:18:57.905,0.76928,0.76944,1.50,1.00
2018.04.18 06:18:59.084,0.76929,0.76944,1.00,1.50
2018.04.18 06:18:59.508,0.76927,0.76943,1.00,1.00
2018.04.18 06:19:00.210,0.76927,0.76944,1.00,1.00
2018.04.18 06:19:00.690,0.76929,0.76944,1.00,1.50
2018.04.18 06:19:03.396,0.7693,0.76944,1.00,1.00
2018.04.18 06:19:03.893,0.76928,0.76943,1.00,1.00
2018.04.18 06:19:06.955,0.76929,0.76943,1.00,1.00
2018.04.18 06:19:07.007,0.76929,0.76945,1.00,1.00
2018.04.18 06:19:08.346,0.7693,0.76945,1.00,1.50
2018.04.18 06:19:08.894,0.76929,0.76945,1.00,1.00
2018.04.18 06:19:09.448,0.76928,0.76944,1.00,1.50
2018.04.18 06:19:11.158,0.76929,0.76944,1.00,1.00
2018.04.18 06:19:11.664,0.76928,0.76944,1.00,1.50
2018.04.18 06:19:12.085,0.7693,0.76946,1.00,1.00
2018.04.18 06:19:13.560,0.7693,0.76945,1.00,1.00
2018.04.18 06:19:14.269,0.7693,0.76946,1.00,1.00
2018.04.18 06:19:15.909,0.76931,0.76947,1.00,1.50
2018.04.18 06:19:16.460,0.76932,0.76948,1.00,1.50
2018.04.18 06:19:17.019,0.76931,0.76947,1.00,1.00
2018.04.18 06:19:18.193,0.76932,0.76948,1.00,1.50
2018.04.18 06:19:18.742,0.76932,0.76947,1.00,1.00
2018.04.18 06:19:22.858,0.76931,0.76947,1.00,1.00
2018.04.18 06:19:23.436,0.76931,0.76948,1.00,1.50
2018.04.18 06:19:24.978,0.76931,0.76947,1.00,1.00
2018.04.18 06:19:25.518,0.76932,0.76948,1.00,1.50
2018.04.18 06:19:27.023,0.76931,0.76947,1.00,1.00
2018.04.18 06:19:27.640,0.76932,0.76947,1.00,1.00
2018.04.18 06:19:28.386,0.76931,0.76947,1.00,1.00
2018.04.18 06:19:29.570,0.76932,0.76948,1.00,1.50
2018.04.18 06:19:29.883,0.76935,0.76951,1.00,1.00
2018.04.18 06:19:30.388,0.76934,0.7695,1.50,1.00
2018.04.18 06:19:30.938,0.76936,0.7695,1.00,1.00
2018.04.18 06:19:30.989,0.76934,0.76952,1.50,1.00
2018.04.18 06:19:32.146,0.76934,0.7695,1.50,1.00
2018.04.18 06:19:33.328,0.76935,0.76951,1.00,1.00
2018.04.18 06:19:33.916,0.76934,0.76952,1.00,1.50
2018.04.18 06:19:35.315,0.76934,0.7695,1.50,1.00
2018.04.18 06:19:35.937,0.76935,0.76951,1.00,1.00
2018.04.18 06:19:38.854,0.76935,0.7695,1.00,1.00
2018.04.18 06:19:39.412,0.76934,0.7695,1.50,1.00
2018.04.18 06:19:40.717,0.76934,0.76949,1.50,1.00
2018.04.18 06:19:40.769,0.76934,0.76951,1.50,1.00
2018.04.18 06:19:40.926,0.76936,0.76951,1.00,1.00
2018.04.18 06:19:41.411,0.76937,0.76953,1.00,1.00
2018.04.18 06:19:42.941,0.76938,0.76954,1.00,1.00
2018.04.18 06:19:44.518,0.76938,0.76953,1.00,1.00
2018.04.18 06:19:45.037,0.76937,0.76953,1.00,1.50
2018.04.18 06:19:45.276,0.7694,0.76953,1.00,1.00
2018.04.18 06:19:45.405,0.76939,0.76955,1.00,1.50
2018.04.18 06:19:45.990,0.76938,0.76954,1.00,1.00
2018.04.18 06:19:46.526,0.76938,0.76953,1.00,1.00
2018.04.18 06:19:47.601,0.76937,0.76953,1.50,1.00
2018.04.18 06:19:49.553,0.76937,0.76952,1.00,1.00
2018.04.18 06:19:49.988,0.76938,0.76954,1.00,1.00
2018.04.18 06:19:50.799,0.76937,0.76952,1.00,1.00
2018.04.18 06:19:50.951,0.76934,0.76951,1.00,1.00
2018.04.18 06:19:51.463,0.76936,0.76951,1.00,1.00
2018.04.18 06:19:51.514,0.76934,0.76952,1.50,1.00
2018.04.18 06:19:51.809,0.76936,0.76952,1.00,1.00
2018.04.18 06:19:52.325,0.76937,0.76953,1.00,1.00
2018.04.18 06:19:53.616,0.76938,0.76954,1.00,1.00
2018.04.18 06:19:54.382,0.76938,0.76955,1.00,1.00
2018.04.18 06:19:55.041,0.76938,0.76954,1.00,1.00
2018.04.18 06:19:56.809,0.76938,0.76953,1.00,1.00
2018.04.18 06:19:57.360,0.76938,0.76954,1.00,1.00
2018.04.18 06:19:58.188,0.76938,0.76953,1.00,1.00
2018.04.18 06:19:58.872,0.76937,0.76952,1.00,1.00
2018.04.18 06:19:59.463,0.76936,0.76952,1.00,1.00
2018.04.18 06:20:00.413,0.76936,0.76953,1.00,1.50
2018.04.18 06:20:01.012,0.76937,0.76952,1.00,1.00
2018.04.18 06:20:01.774,0.76937,0.76953,1.00,1.50
2018.04.18 06:20:02.255,0.76936,0.76951,1.00,1.00
2018.04.18 06:20:04.556,0.76936,0.76952,1.00,1.00
2018.04.18 06:20:05.305,0.76937,0.76953,1.00,1.50
2018.04.18 06:20:06.125,0.76937,0.76955,1.50,1.50
2018.04.18 06:20:06.176,0.76939,0.76954,1.00,1.00
2018.04.18 06:20:06.333,0.76937,0.76955,1.50,1.50
2018.04.18 06:20:07.333,0.76939,0.76954,1.00,1.00
2018.04.18 06:20:07.942,0.76938,0.76954,1.00,1.00
2018.04.18 06:20:09.244,0.76939,0.76955,1.00,1.50
2018.04.18 06:20:09.775,0.76938,0.76954,1.00,1.00
2018.04.18 06:20:12.330,0.76938,0.76953,1.00,1.00
2018.04.18 06:20:12.483,0.76938,0.76955,1.00,1.00
2018.04.18 06:20:13.873,0.76938,0.76953,1.00,1.00
2018.04.18 06:20:14.528,0.76938,0.76954,1.00,1.00
2018.04.18 06:20:15.380,0.76938,0.76953,1.00,1.00
2018.04.18 06:20:16.809,0.76939,0.76954,1.00,1.00
2018.04.18 06:20:16.962,0.76937,0.76953,1.50,1.00
2018.04.18 06:20:17.757,0.76938,0.76954,1.00,1.00
2018.04.18 06:20:24.729,0.76938,0.76953,1.00,1.00
2018.04.18 06:20:26.125,0.76937,0.76953,1.00,1.50
2018.04.18 06:20:27.541,0.76935,0.76951,1.50,1.00
2018.04.18 06:20:27.595,0.76936,0.76953,1.00,1.50
2018.04.18 06:20:27.646,0.76938,0.76953,1.00,1.50
2018.04.18 06:20:27.848,0.76941,0.76958,1.00,1.50
2018.04.18 06:20:29.051,0.7694,0.76958,1.00,1.50
2018.04.18 06:20:32.978,0.76939,0.76954,1.00,1.00
2018.04.18 06:20:33.173,0.7694,0.76956,1.00,1.00
2018.04.18 06:20:33.752,0.76939,0.76955,1.00,1.00
2018.04.18 06:20:34.434,0.76939,0.76954,1.00,1.00
2018.04.18 06:20:39.257,0.76938,0.76954,1.00,1.00
2018.04.18 06:20:40.813,0.76939,0.76954,1.00,1.00
2018.04.18 06:20:41.353,0.76938,0.76953,1.00,1.00
2018.04.18 06:20:41.868,0.76938,0.76954,1.50,1.00
2018.04.18 06:20:42.573,0.76938,0.76953,1.00,1.00
2018.04.18 06:20:43.963,0.76939,0.76954,1.00,1.00
2018.04.18 06:20:44.745,0.76939,0.76955,1.00,1.00
2018.04.18 06:20:45.344,0.76938,0.76956,1.50,1.50
2018.04.18 06:20:45.395,0.76938,0.76954,1.50,1.00
2018.04.18 06:20:46.447,0.76938,0.76955,1.50,1.00
2018.04.18 06:20:46.972,0.76938,0.76954,1.50,1.00
2018.04.18 06:20:47.517,0.76938,0.76955,1.00,1.00
2018.04.18 06:20:48.046,0.76938,0.76954,1.50,1.00
2018.04.18 06:20:49.188,0.76939,0.76954,1.00,1.00
2018.04.18 06:20:49.698,0.76939,0.76955,1.00,1.00
2018.04.18 06:20:51.470,0.7694,0.76955,1.00,1.00
2018.04.18 06:20:53.031,0.76941,0.76956,1.00,1.10
2018.04.18 06:20:54.580,0.76939,0.76957,1.50,1.10
2018.04.18 06:20:56.755,0.76942,0.76957,1.00,1.10
2018.04.18 06:20:57.077,0.7694,0.76955,1.00,1.00
2018.04.18 06:21:01.274,0.7694,0.76954,1.00,1.00
2018.04.18 06:21:01.529,0.76938,0.76954,1.50,1.00
2018.04.18 06:21:01.580,0.76938,0.76952,1.00,1.00
2018.04.18 06:21:01.631,0.76939,0.76954,1.00,1.00
2018.04.18 06:21:02.257,0.76939,0.76955,1.50,1.00
2018.04.18 06:21:03.073,0.76939,0.76954,1.50,1.00
2018.04.18 06:21:04.291,0.7694,0.76955,1.00,1.00
2018.04.18 06:21:04.342,0.76942,0.76957,1.00,1.50
2018.04.18 06:21:04.855,0.76941,0.76956,1.00,1.00
2018.04.18 06:21:05.799,0.76941,0.76957,1.00,1.00
2018.04.18 06:21:06.116,0.76939,0.76955,1.00,1.00
2018.04.18 06:21:09.558,0.76939,0.76954,1.00,1.00
2018.04.18 06:21:12.001,0.76939,0.76955,1.00,1.00
2018.04.18 06:21:14.137,0.76938,0.76952,1.00,1.00
2018.04.18 06:21:14.424,0.76936,0.76951,1.50,1.00
2018.04.18 06:21:19.150,0.76937,0.76955,1.00,1.57
2018.04.18 06:21:19.652,0.76936,0.76954,1.00,1.10
2018.04.18 06:21:20.423,0.76937,0.76954,1.00,1.00
2018.04.18 06:21:21.161,0.76937,0.76955,1.00,1.57
2018.04.18 06:21:24.575,0.76939,0.76955,1.00,1.57
2018.04.18 06:21:25.123,0.76939,0.76954,1.00,1.00
2018.04.18 06:21:30.776,0.76939,0.76955,1.00,1.00
2018.04.18 06:21:31.446,0.76939,0.76956,1.00,1.50
2018.04.18 06:21:33.286,0.76939,0.76954,1.00,1.00
2018.04.18 06:21:33.336,0.76938,0.76956,1.50,1.57
2018.04.18 06:21:34.519,0.76939,0.76954,1.00,1.00
2018.04.18 06:21:35.077,0.76938,0.76954,1.50,1.00
2018.04.18 06:21:39.557,0.76939,0.76954,1.00,1.00
2018.04.18 06:21:40.448,0.76937,0.76955,1.50,1.50
2018.04.18 06:21:40.608,0.76938,0.76953,1.00,1.00
2018.04.18 06:21:41.158,0.76938,0.76954,1.00,1.00
2018.04.18 06:21:41.717,0.76938,0.76955,1.00,1.50
2018.04.18 06:21:46.251,0.76937,0.76955,1.50,1.50
2018.04.18 06:21:47.017,0.76938,0.76953,1.00,1.50
2018.04.18 06:21:47.660,0.76938,0.76954,1.00,1.00
2018.04.18 06:21:48.379,0.76938,0.76953,1.00,1.00
2018.04.18 06:21:48.481,0.76938,0.76955,1.00,1.00
2018.04.18 06:21:49.019,0.76938,0.76954,1.00,1.00
2018.04.18 06:21:49.689,0.76936,0.76952,1.50,1.00
2018.04.18 06:21:50.193,0.76936,0.76951,1.00,1.00
2018.04.18 06:21:50.358,0.76938,0.76954,1.00,1.50
2018.04.18 06:21:50.511,0.76937,0.76952,1.00,1.00
2018.04.18 06:21:51.135,0.76936,0.76951,1.00,1.00
2018.04.18 06:21:51.790,0.76935,0.76951,1.00,1.00
2018.04.18 06:21:52.610,0.76936,0.76951,1.00,1.00
2018.04.18 06:21:54.071,0.76935,0.76951,1.00,1.00
2018.04.18 06:21:54.461,0.76937,0.76952,1.00,1.50
2018.04.18 06:21:54.512,0.76936,0.76954,1.00,1.00
2018.04.18 06:21:54.645,0.76937,0.76952,1.00,1.00
2018.04.18 06:21:55.476,0.76936,0.76951,1.00,1.00
2018.04.18 06:21:56.438,0.76935,0.7695,1.00,1.00
2018.04.18 06:21:58.742,0.76936,0.76951,1.00,1.00
2018.04.18 06:22:03.093,0.76935,0.76951,1.00,1.50
2018.04.18 06:22:04.533,0.76935,0.7695,1.50,1.00
2018.04.18 06:22:05.157,0.76935,0.76951,1.50,1.00
2018.04.18 06:22:10.060,0.76936,0.76951,1.00,1.00
2018.04.18 06:22:12.229,0.76935,0.76951,1.50,1.00
2018.04.18 06:22:13.831,0.76936,0.76951,1.00,1.00
2018.04.18 06:22:15.160,0.76935,0.7695,1.50,1.00
2018.04.18 06:22:15.765,0.76935,0.76951,1.50,1.00
2018.04.18 06:22:18.303,0.76935,0.7695,1.50,1.00
2018.04.18 06:22:20.348,0.76938,0.76953,1.00,1.50
2018.04.18 06:22:22.952,0.76939,0.76953,1.00,1.00
2018.04.18 06:22:23.064,0.76938,0.76955,1.00,1.50
2018.04.18 06:22:23.437,0.76938,0.76953,1.00,1.00
2018.04.18 06:22:23.842,0.76939,0.76955,1.00,1.50
2018.04.18 06:22:24.757,0.76939,0.76954,1.00,1.00
2018.04.18 06:22:25.273,0.76938,0.76953,1.00,1.00
2018.04.18 06:22:25.820,0.76938,0.76954,1.00,1.00
2018.04.18 06:22:26.025,0.76939,0.76956,1.00,1.00
2018.04.18 06:22:26.314,0.7694,0.76959,1.00,1.10
2018.04.18 06:22:26.469,0.7694,0.76956,1.00,1.00
2018.04.18 06:22:28.350,0.7694,0.76955,1.00,1.00
2018.04.18 06:22:29.389,0.76941,0.76956,1.00,1.00
2018.04.18 06:22:29.820,0.76942,0.76959,1.00,1.50
2018.04.18 06:22:29.973,0.7694,0.76957,1.00,1.50
2018.04.18 06:22:30.575,0.76941,0.76956,1.00,1.00
2018.04.18 06:22:32.236,0.7694,0.76956,1.00,1.00
2018.04.18 06:22:33.026,0.76941,0.76956,1.00,1.00
2018.04.18 06:22:33.686,0.7694,0.76956,1.00,1.00
2018.04.18 06:22:34.190,0.7694,0.76955,1.00,1.00
2018.04.18 06:22:34.342,0.76941,0.76959,1.50,1.10
2018.04.18 06:22:34.962,0.76942,0.76958,1.00,1.00
2018.04.18 06:22:35.665,0.76941,0.76957,1.50,1.00
2018.04.18 06:22:35.810,0.76942,0.76959,1.00,1.00
2018.04.18 06:22:35.860,0.76942,0.76957,1.00,1.00
2018.04.18 06:22:38.896,0.76942,0.76958,1.00,1.00
2018.04.18 06:22:39.225,0.76942,0.76956,1.00,1.00
2018.04.18 06:22:41.935,0.76944,0.7696,1.00,1.00
2018.04.18 06:22:42.135,0.76942,0.76958,1.00,1.00
2018.04.18 06:22:42.836,0.76942,0.76957,1.00,1.00
2018.04.18 06:22:43.351,0.76941,0.76957,1.00,1.00
2018.04.18 06:22:45.331,0.76941,0.76956,1.00,1.00
2018.04.18 06:22:45.763,0.76939,0.76957,1.50,1.00
2018.04.18 06:22:46.234,0.76941,0.76956,1.00,1.50
2018.04.18 06:22:47.223,0.7694,0.76955,1.00,1.00
2018.04.18 06:22:47.881,0.76941,0.76956,1.00,1.50
2018.04.18 06:22:48.507,0.7694,0.76956,1.00,1.50
2018.04.18 06:22:49.206,0.7694,0.76955,1.00,1.00
2018.04.18 06:22:49.860,0.76939,0.76956,1.00,1.50
2018.04.18 06:22:50.861,0.76941,0.76956,1.00,1.50
2018.04.18 06:22:51.549,0.76939,0.76956,1.00,1.00
2018.04.18 06:22:52.205,0.76941,0.76956,1.00,1.00
2018.04.18 06:22:53.994,0.76942,0.76956,1.00,1.00
2018.04.18 06:22:54.616,0.76941,0.76956,1.00,1.00
2018.04.18 06:22:57.026,0.7694,0.76956,1.00,1.50
2018.04.18 06:22:58.857,0.7694,0.76958,1.00,1.00
2018.04.18 06:22:58.958,0.76941,0.76956,1.00,1.00
2018.04.18 06:22:59.201,0.76942,0.76958,1.00,1.00
2018.04.18 06:22:59.720,0.76941,0.76956,1.00,1.00
2018.04.18 06:22:59.772,0.76939,0.76956,1.00,1.00
2018.04.18 06:22:59.873,0.7694,0.76954,1.00,1.00
2018.04.18 06:23:00.440,0.76942,0.76956,1.00,1.50
2018.04.18 06:23:01.220,0.76941,0.76956,1.00,1.50
2018.04.18 06:23:03.595,0.76941,0.76955,1.00,1.00
2018.04.18 06:23:04.420,0.7694,0.76954,1.00,1.00
2018.04.18 06:23:06.262,0.76941,0.76954,1.00,1.00
2018.04.18 06:23:06.316,0.76942,0.76956,1.00,1.00
2018.04.18 06:23:06.470,0.76941,0.76954,1.00,1.00
2018.04.18 06:23:09.826,0.7694,0.76954,1.00,1.50
2018.04.18 06:23:10.150,0.7694,0.76956,1.00,1.00
2018.04.18 06:23:10.627,0.7694,0.76954,1.00,1.00
2018.04.18 06:23:11.138,0.76939,0.76954,1.00,1.00
2018.04.18 06:23:12.151,0.7694,0.76954,1.00,1.50
2018.04.18 06:23:14.682,0.76938,0.76953,1.00,1.50
2018.04.18 06:23:14.785,0.76936,0.76952,1.00,1.00
2018.04.18 06:23:15.402,0.76936,0.76951,1.00,1.00
2018.04.18 06:23:15.980,0.76937,0.7695,1.00,1.00
2018.04.18 06:23:17.764,0.7694,0.76954,1.00,1.00
2018.04.18 06:23:18.018,0.76938,0.76953,1.00,1.00
2018.04.18 06:23:18.513,0.76937,0.76951,1.00,1.00
2018.04.18 06:23:19.398,0.76938,0.76952,1.00,1.50
2018.04.18 06:23:20.669,0.7694,0.76953,1.00,1.00
2018.04.18 06:23:21.344,0.76939,0.76953,1.00,1.50
2018.04.18 06:23:22.391,0.76937,0.76952,1.00,1.00
2018.04.18 06:23:23.273,0.76937,0.76951,1.00,1.00
2018.04.18 06:23:25.670,0.76937,0.76952,1.00,1.50
2018.04.18 06:23:27.383,0.76939,0.76952,1.00,1.00
2018.04.18 06:23:27.991,0.76939,0.76953,1.00,1.00
2018.04.18 06:23:28.499,0.76939,0.76954,1.00,1.50
2018.04.18 06:23:31.290,0.76941,0.76954,1.00,1.00
2018.04.18 06:23:31.391,0.76941,0.76957,1.00,1.50
2018.04.18 06:23:31.553,0.76941,0.76955,1.00,1.00
2018.04.18 06:23:33.514,0.7694,0.76954,1.00,1.00
2018.04.18 06:23:33.815,0.76943,0.76957,1.00,1.00
2018.04.18 06:23:34.432,0.76944,0.76958,1.00,1.50
2018.04.18 06:23:36.839,0.76943,0.76958,1.00,1.00
2018.04.18 06:23:37.475,0.76943,0.76959,1.00,1.00
2018.04.18 06:23:37.815,0.76945,0.76959,1.00,1.00
2018.04.18 06:23:37.969,0.76943,0.76959,1.00,1.00
2018.04.18 06:23:38.183,0.76945,0.76959,1.00,1.00
2018.04.18 06:23:41.512,0.76944,0.76959,1.00,1.00
2018.04.18 06:23:42.122,0.76945,0.76959,1.00,1.00
2018.04.18 06:23:42.770,0.76944,0.76958,1.00,1.00
2018.04.18 06:23:43.305,0.76945,0.76959,1.00,1.50
2018.04.18 06:23:43.931,0.76946,0.76959,1.00,1.00
2018.04.18 06:23:44.432,0.76945,0.76959,1.00,1.50
2018.04.18 06:23:45.036,0.76944,0.76958,1.00,1.00
2018.04.18 06:23:45.730,0.76944,0.76959,1.00,1.50
2018.04.18 06:23:46.170,0.76946,0.76959,1.00,1.00
2018.04.18 06:23:46.795,0.76946,0.7696,1.00,1.00
2018.04.18 06:23:47.406,0.76947,0.76961,1.00,1.50
2018.04.18 06:23:47.730,0.76945,0.76959,1.00,1.00
2018.04.18 06:23:48.231,0.76944,0.76959,1.00,1.00
2018.04.18 06:23:48.827,0.76945,0.7696,1.00,1.50
2018.04.18 06:23:49.776,0.76945,0.76959,1.00,1.00
2018.04.18 06:23:50.377,0.76944,0.76958,1.00,1.00
2018.04.18 06:23:50.678,0.76946,0.7696,1.00,1.50
2018.04.18 06:23:51.369,0.76945,0.76959,1.00,1.00
2018.04.18 06:23:52.617,0.76944,0.76959,1.00,1.00
2018.04.18 06:23:54.937,0.76944,0.7696,1.00,1.50
2018.04.18 06:23:55.917,0.76944,0.76959,1.00,1.00
2018.04.18 06:23:56.238,0.76946,0.7696,1.00,1.00
2018.04.18 06:23:56.289,0.76944,0.7696,1.00,1.00
2018.04.18 06:23:56.341,0.76946,0.7696,1.00,1.00
2018.04.18 06:23:57.362,0.76946,0.76959,1.00,1.00
2018.04.18 06:23:57.901,0.76945,0.76959,1.00,1.50
2018.04.18 06:23:58.358,0.76943,0.76959,1.00,1.50
2018.04.18 06:23:58.888,0.76944,0.76959,1.00,1.50
2018.04.18 06:23:59.623,0.76943,0.76959,1.50,1.00
2018.04.18 06:24:00.543,0.76943,0.76958,1.00,1.00
2018.04.18 06:24:01.297,0.76942,0.76958,1.00,1.00
2018.04.18 06:24:02.997,0.76942,0.76957,1.00,1.00
2018.04.18 06:24:03.610,0.76942,0.76958,1.00,1.00
2018.04.18 06:24:04.859,0.76942,0.76957,1.00,1.00
2018.04.18 06:24:04.974,0.76939,0.76955,1.57,1.00
2018.04.18 06:24:05.538,0.76939,0.76954,1.00,1.00
2018.04.18 06:24:07.689,0.76939,0.76955,1.00,1.50
2018.04.18 06:24:08.205,0.7694,0.76955,1.00,1.50
2018.04.18 06:24:08.734,0.76937,0.76955,1.50,1.50
2018.04.18 06:24:08.932,0.76939,0.76954,1.00,1.00
2018.04.18 06:24:09.452,0.7694,0.76955,1.00,1.50
2018.04.18 06:24:09.824,0.76941,0.76957,1.00,1.00
2018.04.18 06:24:09.926,0.76943,0.76958,1.00,1.00
2018.04.18 06:24:10.079,0.7694,0.76958,1.50,1.50
2018.04.18 06:24:10.236,0.7694,0.76956,1.50,1.00
2018.04.18 06:24:10.764,0.76941,0.76956,1.00,1.00
2018.04.18 06:24:11.304,0.7694,0.76956,1.50,1.00
2018.04.18 06:24:13.734,0.76941,0.76956,1.00,1.00
2018.04.18 06:24:14.267,0.7694,0.76955,1.00,1.00
2018.04.18 06:24:16.402,0.7694,0.76954,1.00,1.00
2018.04.18 06:24:16.966,0.7694,0.76953,1.00,1.00
2018.04.18 06:24:17.017,0.76938,0.76953,1.00,1.00
2018.04.18 06:24:17.577,0.76938,0.76954,1.00,1.00
2018.04.18 06:24:18.173,0.76939,0.76954,1.00,1.00
2018.04.18 06:24:18.872,0.76938,0.76954,1.00,1.00
2018.04.18 06:24:19.688,0.76939,0.76955,1.00,1.00
2018.04.18 06:24:20.185,0.76939,0.76957,1.00,1.00
2018.04.18 06:24:20.445,0.7694,0.76955,1.00,1.00
2018.04.18 06:24:21.317,0.76939,0.76955,1.00,1.00
2018.04.18 06:24:24.214,0.76939,0.76954,1.00,1.00
2018.04.18 06:24:24.827,0.76939,0.76955,1.00,1.00
2018.04.18 06:24:25.840,0.7694,0.76955,1.00,1.00
2018.04.18 06:24:27.363,0.76939,0.76954,1.00,1.00
2018.04.18 06:24:27.420,0.76942,0.76958,1.00,1.00
2018.04.18 06:24:27.621,0.76941,0.76955,1.00,1.00
2018.04.18 06:24:27.672,0.76939,0.76955,1.50,1.00
2018.04.18 06:24:28.250,0.76939,0.76954,1.50,1.00
2018.04.18 06:24:28.911,0.7694,0.76955,1.00,1.00
2018.04.18 06:24:29.470,0.76939,0.76955,1.00,1.00
2018.04.18 06:24:31.302,0.7694,0.76953,1.00,1.00
2018.04.18 06:24:31.353,0.76937,0.76952,2.25,1.00
2018.04.18 06:24:31.658,0.76938,0.76954,1.00,1.00
2018.04.18 06:24:32.290,0.76939,0.76954,1.00,1.00
2018.04.18 06:24:35.060,0.7694,0.76956,1.00,1.00
2018.04.18 06:24:35.111,0.76942,0.76957,1.00,1.00
2018.04.18 06:24:35.162,0.76939,0.76955,1.00,1.00
2018.04.18 06:24:35.671,0.76939,0.76954,1.00,1.00
2018.04.18 06:24:36.253,0.76939,0.76955,1.00,1.00
2018.04.18 06:24:36.814,0.76938,0.76954,1.00,1.00
2018.04.18 06:24:37.275,0.76937,0.76952,1.50,1.00
2018.04.18 06:24:37.428,0.76939,0.76955,1.00,1.00
2018.04.18 06:24:37.733,0.76941,0.76957,1.00,1.00
2018.04.18 06:24:38.247,0.7694,0.76956,1.00,1.00
2018.04.18 06:24:38.915,0.76939,0.76955,1.50,1.00
2018.04.18 06:24:39.555,0.7694,0.76955,1.00,1.00
2018.04.18 06:24:40.188,0.76939,0.76955,1.50,1.00
2018.04.18 06:24:41.222,0.76941,0.76957,1.00,1.50
2018.04.18 06:24:41.725,0.76941,0.76955,1.00,1.00
2018.04.18 06:24:42.372,0.76941,0.76956,1.50,1.00
2018.04.18 06:24:43.437,0.76939,0.76956,1.50,1.00
2018.04.18 06:24:43.954,0.76939,0.76955,1.00,1.50
2018.04.18 06:24:44.511,0.7694,0.76955,1.00,1.50
2018.04.18 06:24:45.170,0.76939,0.76955,1.00,1.50
2018.04.18 06:24:46.022,0.76939,0.76954,1.00,1.00
2018.04.18 06:24:47.172,0.76939,0.76955,1.00,1.50
2018.04.18 06:24:47.223,0.76937,0.76955,1.50,1.50
2018.04.18 06:24:48.218,0.76938,0.76955,1.00,1.00
2018.04.18 06:24:49.697,0.7694,0.76954,1.00,1.00
2018.04.18 06:24:50.109,0.76942,0.76958,1.00,1.50
2018.04.18 06:24:50.333,0.76942,0.76956,1.00,1.00
2018.04.18 06:24:51.309,0.76943,0.76957,1.00,1.00
2018.04.18 06:24:51.583,0.76941,0.76957,1.00,1.00
2018.04.18 06:24:52.112,0.76941,0.76956,1.00,1.00
2018.04.18 06:24:52.809,0.76942,0.76956,1.00,1.00
2018.04.18 06:24:53.418,0.7694,0.76955,1.00,1.00
2018.04.18 06:24:54.127,0.76941,0.76955,1.00,1.00
2018.04.18 06:24:55.117,0.7694,0.76955,1.50,1.00
2018.04.18 06:24:58.189,0.76941,0.76955,1.00,1.00
2018.04.18 06:24:58.544,0.76939,0.76955,1.00,1.00
2018.04.18 06:24:59.078,0.76939,0.76956,1.00,1.50
2018.04.18 06:24:59.734,0.76941,0.76955,1.00,1.00
2018.04.18 06:25:00.397,0.7694,0.76955,1.00,1.00
2018.04.18 06:25:01.378,0.7694,0.76954,1.00,1.00
2018.04.18 06:25:02.599,0.7694,0.76955,1.00,1.00
2018.04.18 06:25:04.140,0.7694,0.76954,1.00,1.00
2018.04.18 06:25:04.191,0.76938,0.76955,1.50,1.00
2018.04.18 06:25:04.456,0.76938,0.76953,1.50,1.00
2018.04.18 06:25:04.803,0.76936,0.76951,1.00,1.00
2018.04.18 06:25:05.035,0.76936,0.76953,1.00,1.50
2018.04.18 06:25:05.087,0.76937,0.76951,1.00,1.00
2018.04.18 06:25:05.593,0.76937,0.76952,1.00,1.00
2018.04.18 06:25:06.839,0.76938,0.76952,1.00,1.00
2018.04.18 06:25:06.941,0.76939,0.76954,1.00,1.00
2018.04.18 06:25:07.486,0.76939,0.76953,1.00,1.00
2018.04.18 06:25:08.176,0.76939,0.76954,1.00,1.00
2018.04.18 06:25:08.860,0.7694,0.76955,1.00,1.00
2018.04.18 06:25:09.310,0.7694,0.76957,1.00,1.50
2018.04.18 06:25:09.361,0.7694,0.76955,1.00,1.00
2018.04.18 06:25:10.001,0.7694,0.76954,1.00,1.00
2018.04.18 06:25:10.517,0.76939,0.76954,1.50,1.00
2018.04.18 06:25:12.433,0.7694,0.76955,1.00,1.00
2018.04.18 06:25:12.932,0.76938,0.76953,1.00,1.00
2018.04.18 06:25:13.536,0.76937,0.76952,1.00,1.00
2018.04.18 06:25:15.188,0.76938,0.76953,1.00,1.00
2018.04.18 06:25:15.528,0.76937,0.76951,1.50,1.00
2018.04.18 06:25:15.579,0.76935,0.76951,1.50,1.00
2018.04.18 06:25:16.178,0.76936,0.76951,1.00,1.00
2018.04.18 06:25:16.406,0.76938,0.76952,1.00,1.00
2018.04.18 06:25:17.220,0.76935,0.76952,1.50,1.00
2018.04.18 06:25:17.517,0.76935,0.7695,1.50,1.00
2018.04.18 06:25:18.472,0.76935,0.76949,1.50,1.00
2018.04.18 06:25:19.339,0.76935,0.7695,1.50,1.00
2018.04.18 06:25:19.878,0.76935,0.76949,1.50,1.00
2018.04.18 06:25:20.392,0.76935,0.7695,1.50,1.00
2018.04.18 06:25:20.705,0.76937,0.76951,1.00,1.00
2018.04.18 06:25:20.756,0.76935,0.76952,1.50,1.00
2018.04.18 06:25:20.808,0.76938,0.76953,1.00,1.50
2018.04.18 06:25:21.132,0.76936,0.76952,1.00,1.00
2018.04.18 06:25:21.662,0.76936,0.76951,1.00,1.00
2018.04.18 06:25:21.733,0.76938,0.76952,1.00,1.00
2018.04.18 06:25:21.936,0.76942,0.76957,1.00,1.50
2018.04.18 06:25:24.464,0.76944,0.76957,1.00,1.00
2018.04.18 06:25:24.567,0.76942,0.76957,1.00,1.00
2018.04.18 06:25:25.090,0.76941,0.76956,1.00,1.00
2018.04.18 06:25:25.910,0.76942,0.76956,1.00,1.00
2018.04.18 06:25:26.637,0.76942,0.76957,1.00,1.50
2018.04.18 06:25:26.947,0.76944,0.76957,1.00,1.00
2018.04.18 06:25:27.236,0.7694,0.76957,1.00,1.50
2018.04.18 06:25:27.286,0.76941,0.76955,1.00,1.00
2018.04.18 06:25:28.059,0.7694,0.76955,1.00,1.50
2018.04.18 06:25:28.718,0.76941,0.76956,1.00,1.00
2018.04.18 06:25:32.626,0.7694,0.76955,1.00,1.00
2018.04.18 06:25:32.677,0.76938,0.76954,1.00,1.00
2018.04.18 06:25:33.410,0.7694,0.76954,1.00,1.50
2018.04.18 06:25:34.020,0.76939,0.76953,1.00,1.00
2018.04.18 06:25:35.665,0.76939,0.76954,1.00,1.50
2018.04.18 06:25:36.329,0.7694,0.76954,1.00,1.00
2018.04.18 06:25:36.380,0.76938,0.76954,1.00,1.00
2018.04.18 06:25:37.527,0.76939,0.76954,1.00,1.00
2018.04.18 06:25:37.577,0.76941,0.76954,1.00,1.00
2018.04.18 06:25:37.679,0.76939,0.76954,1.00,1.50
2018.04.18 06:25:38.228,0.7694,0.76954,1.00,1.00
2018.04.18 06:25:38.742,0.76939,0.76954,1.00,1.50
2018.04.18 06:25:39.766,0.76939,0.76953,1.00,1.00
2018.04.18 06:25:42.475,0.7694,0.76954,1.00,1.50
2018.04.18 06:25:44.265,0.7694,0.76955,1.00,1.50
2018.04.18 06:25:45.123,0.7694,0.76954,1.00,1.00
2018.04.18 06:25:46.235,0.7694,0.76955,1.00,1.00
2018.04.18 06:25:47.932,0.7694,0.76954,1.00,1.00
2018.04.18 06:25:52.573,0.76941,0.76955,1.00,1.50
2018.04.18 06:25:52.675,0.7694,0.76953,1.00,1.00
2018.04.18 06:25:53.197,0.76939,0.76953,1.00,1.00
2018.04.18 06:25:53.905,0.7694,0.76953,1.00,1.00
2018.04.18 06:25:55.405,0.76941,0.76953,1.00,1.00
2018.04.18 06:25:55.456,0.76939,0.76953,1.00,1.50
2018.04.18 06:25:55.660,0.76942,0.76956,1.00,1.50
2018.04.18 06:25:55.839,0.7694,0.76956,1.00,1.50
2018.04.18 06:25:55.992,0.76942,0.76956,1.00,1.00
2018.04.18 06:25:56.422,0.76943,0.76958,1.00,1.50
2018.04.18 06:25:56.646,0.76943,0.76956,1.00,1.00
2018.04.18 06:25:56.900,0.76944,0.76958,1.00,1.00
2018.04.18 06:25:57.393,0.76942,0.76956,1.00,1.00
2018.04.18 06:25:57.894,0.76941,0.76955,1.00,1.00
2018.04.18 06:25:58.540,0.7694,0.76954,1.00,1.00
2018.04.18 06:25:59.053,0.7694,0.76955,1.00,1.00
2018.04.18 06:25:59.580,0.76939,0.76956,1.00,1.50
2018.04.18 06:25:59.890,0.7694,0.76954,1.00,1.00
2018.04.18 06:26:00.719,0.76939,0.76953,1.00,1.00
2018.04.18 06:26:01.226,0.7694,0.76953,1.00,1.00
2018.04.18 06:26:04.730,0.76939,0.76953,1.00,1.00
2018.04.18 06:26:05.312,0.7694,0.76955,1.00,1.50
2018.04.18 06:26:05.518,0.76938,0.76953,1.00,1.50
2018.04.18 06:26:06.148,0.76938,0.76952,1.00,1.00
2018.04.18 06:26:07.416,0.76939,0.76953,1.00,1.50
2018.04.18 06:26:07.947,0.76938,0.76953,1.00,1.50
2018.04.18 06:26:08.604,0.76937,0.76953,1.00,1.50
2018.04.18 06:26:09.119,0.76938,0.76952,1.00,1.00
2018.04.18 06:26:09.879,0.76937,0.76951,1.00,1.00
2018.04.18 06:26:10.074,0.76936,0.76953,1.00,1.50
2018.04.18 06:26:10.125,0.76938,0.76953,1.00,1.50
2018.04.18 06:26:10.530,0.76937,0.76951,1.00,1.00
2018.04.18 06:26:11.068,0.76938,0.76952,1.00,1.50
2018.04.18 06:26:11.584,0.76939,0.76953,1.00,1.00
2018.04.18 06:26:12.134,0.76938,0.76952,1.00,1.00
2018.04.18 06:26:12.975,0.76937,0.76953,1.00,1.00
2018.04.18 06:26:16.531,0.76938,0.76952,1.00,1.00
2018.04.18 06:26:16.752,0.76938,0.76954,1.00,1.00
2018.04.18 06:26:16.803,0.7694,0.76954,1.00,1.00
2018.04.18 06:26:16.854,0.76938,0.76953,1.00,1.00
2018.04.18 06:26:17.208,0.76937,0.76951,1.00,1.00
2018.04.18 06:26:18.286,0.76936,0.7695,1.00,1.00
2018.04.18 06:26:18.744,0.76935,0.76952,1.00,1.50
2018.04.18 06:26:20.334,0.76936,0.7695,1.00,1.00
2018.04.18 06:26:21.009,0.76935,0.7695,1.00,1.50
2018.04.18 06:26:21.648,0.76935,0.76949,1.00,1.00
2018.04.18 06:26:22.373,0.76936,0.7695,1.00,1.50
2018.04.18 06:26:22.670,0.76934,0.7695,1.00,1.00
2018.04.18 06:26:23.091,0.76936,0.7695,1.00,1.50
2018.04.18 06:26:23.777,0.76935,0.7695,1.00,1.50
2018.04.18 06:26:24.287,0.76935,0.76949,1.00,1.00
2018.04.18 06:26:24.800,0.76936,0.7695,1.00,1.50
2018.04.18 06:26:27.581,0.76934,0.7695,1.00,1.00
2018.04.18 06:26:31.860,0.76935,0.7695,1.00,1.00
2018.04.18 06:26:32.392,0.76935,0.76949,1.00,1.00
2018.04.18 06:26:32.897,0.76936,0.7695,1.00,1.50
2018.04.18 06:26:33.759,0.76934,0.7695,1.00,1.00
2018.04.18 06:26:34.596,0.76936,0.7695,1.00,1.50
2018.04.18 06:26:37.435,0.76935,0.76949,1.00,1.00
2018.04.18 06:26:38.150,0.76934,0.76948,1.00,1.50
2018.04.18 06:26:38.201,0.7693,0.76946,1.50,1.00
2018.04.18 06:26:38.252,0.76929,0.76944,1.00,1.00
2018.04.18 06:26:38.654,0.76932,0.76947,1.00,1.50
2018.04.18 06:26:39.197,0.76931,0.76946,1.00,1.00
2018.04.18 06:26:39.719,0.7693,0.76947,1.00,1.50
2018.04.18 06:26:40.268,0.76931,0.76947,1.00,1.50
2018.04.18 06:26:41.797,0.76931,0.76946,1.00,1.00
2018.04.18 06:26:42.563,0.76931,0.76945,1.00,1.00
2018.04.18 06:26:50.707,0.76935,0.76945,1.00,1.00
2018.04.18 06:26:50.758,0.76935,0.76948,1.00,1.00
2018.04.18 06:26:51.335,0.76935,0.76949,1.00,1.00
2018.04.18 06:26:52.346,0.76935,0.7695,1.00,1.50
2018.04.18 06:26:52.513,0.76933,0.7695,1.00,1.50
2018.04.18 06:26:52.564,0.76934,0.76948,1.00,1.00
2018.04.18 06:26:53.227,0.76934,0.76949,1.00,1.00
2018.04.18 06:26:54.736,0.76935,0.76949,1.00,1.00
2018.04.18 06:26:56.090,0.76935,0.7695,1.00,1.50
2018.04.18 06:26:57.013,0.76935,0.76949,1.00,1.00
2018.04.18 06:26:57.116,0.76933,0.7695,1.00,1.50
2018.04.18 06:26:57.633,0.76934,0.76948,1.00,1.00
2018.04.18 06:26:58.135,0.76933,0.76948,1.00,1.50
2018.04.18 06:26:58.939,0.76933,0.76947,1.00,1.00
2018.04.18 06:26:59.618,0.76933,0.76946,1.00,1.00
2018.04.18 06:26:59.719,0.76931,0.76946,1.00,1.00
2018.04.18 06:27:00.048,0.76933,0.76946,1.00,1.00
2018.04.18 06:27:00.592,0.76933,0.76947,1.00,1.00
2018.04.18 06:27:02.626,0.76935,0.76948,1.00,1.00
2018.04.18 06:27:02.737,0.76937,0.76952,1.00,1.00
2018.04.18 06:27:02.989,0.76936,0.7695,1.00,1.00
2018.04.18 06:27:03.491,0.76937,0.76951,1.00,1.00
2018.04.18 06:27:04.324,0.76936,0.76951,1.00,1.00
2018.04.18 06:27:04.993,0.76937,0.76951,1.00,1.00
2018.04.18 06:27:05.310,0.76938,0.76953,1.00,1.50
2018.04.18 06:27:06.337,0.76938,0.76952,1.00,1.00
2018.04.18 06:27:06.932,0.76936,0.76952,1.00,1.00
2018.04.18 06:27:06.993,0.76938,0.76952,1.00,1.50
2018.04.18 06:27:07.044,0.76935,0.76951,1.00,1.00
2018.04.18 06:27:07.362,0.76935,0.76949,1.00,1.00
2018.04.18 06:27:07.515,0.76933,0.7695,1.50,1.00
2018.04.18 06:27:07.885,0.76933,0.76948,1.00,1.00
2018.04.18 06:27:08.430,0.76933,0.76947,1.00,1.00
2018.04.18 06:27:09.226,0.76934,0.76948,1.00,1.00
2018.04.18 06:27:10.137,0.76934,0.76949,1.00,1.50
2018.04.18 06:27:10.701,0.76933,0.76949,1.00,1.50
2018.04.18 06:27:12.810,0.76934,0.76949,1.00,1.00
2018.04.18 06:27:13.442,0.76935,0.76949,1.00,1.00
2018.04.18 06:27:13.768,0.76933,0.76949,1.00,1.50
2018.04.18 06:27:13.933,0.76935,0.76949,1.00,1.50
2018.04.18 06:27:14.086,0.76936,0.76951,1.00,1.00
2018.04.18 06:27:14.443,0.76938,0.76952,1.00,1.50
2018.04.18 06:27:14.960,0.76937,0.76952,1.00,1.00
2018.04.18 06:27:15.957,0.76938,0.76952,1.00,1.50
2018.04.18 06:27:16.058,0.76936,0.76951,1.00,1.00
2018.04.18 06:27:16.545,0.76938,0.76952,1.00,1.00
2018.04.18 06:27:16.749,0.76939,0.76954,1.00,1.50
2018.04.18 06:27:16.851,0.76938,0.76952,1.00,1.00
2018.04.18 06:27:16.953,0.76936,0.76952,1.00,1.50
2018.04.18 06:27:17.264,0.76938,0.76952,1.00,1.50
2018.04.18 06:27:17.804,0.76936,0.76952,1.00,1.50
2018.04.18 06:27:18.330,0.76938,0.76952,1.00,1.00
2018.04.18 06:27:19.666,0.7694,0.76954,1.00,1.50
2018.04.18 06:27:20.215,0.76939,0.76954,1.00,1.50
2018.04.18 06:27:20.942,0.76939,0.76953,1.00,1.00
2018.04.18 06:27:21.393,0.76937,0.76953,1.00,1.00
2018.04.18 06:27:21.496,0.76937,0.76951,1.00,1.00
2018.04.18 06:27:21.648,0.76938,0.76953,1.00,1.00
2018.04.18 06:27:22.134,0.76937,0.76951,1.00,1.00
2018.04.18 06:27:22.917,0.76936,0.76951,1.00,1.00
2018.04.18 06:27:23.577,0.76937,0.76951,1.00,1.00
2018.04.18 06:27:24.459,0.76937,0.76952,1.00,1.50
2018.04.18 06:27:25.308,0.76936,0.76952,1.00,1.50
2018.04.18 06:27:27.937,0.76935,0.76949,1.00,1.00
2018.04.18 06:27:31.418,0.76936,0.7695,1.00,1.00
2018.04.18 06:27:31.725,0.76938,0.7695,1.00,1.00
2018.04.18 06:27:32.218,0.76935,0.7695,1.00,1.00
2018.04.18 06:27:32.704,0.76937,0.76952,1.00,1.00
2018.04.18 06:27:33.026,0.76939,0.76953,1.00,1.50
2018.04.18 06:27:33.355,0.76937,0.76953,1.00,1.00
2018.04.18 06:27:34.070,0.76936,0.76952,1.00,1.00
2018.04.18 06:27:34.375,0.76936,0.7695,1.00,1.00
2018.04.18 06:27:34.905,0.76937,0.76951,1.00,1.00
2018.04.18 06:27:35.507,0.76936,0.7695,1.00,1.00
2018.04.18 06:27:35.974,0.76938,0.76952,1.00,1.00
2018.04.18 06:27:36.506,0.76937,0.76951,1.00,1.00
2018.04.18 06:27:37.485,0.76938,0.76953,1.00,1.50
2018.04.18 06:27:38.516,0.76937,0.76951,1.00,1.00
2018.04.18 06:27:38.738,0.76937,0.76953,1.00,1.00
2018.04.18 06:27:40.449,0.76938,0.76953,1.00,1.00
2018.04.18 06:27:41.440,0.76938,0.76954,1.00,1.50
2018.04.18 06:27:41.541,0.7694,0.76954,1.00,1.50
2018.04.18 06:27:42.157,0.76939,0.76953,1.00,1.00
2018.04.18 06:27:42.700,0.7694,0.76954,1.00,1.00
2018.04.18 06:27:46.029,0.76939,0.76953,1.00,1.00
2018.04.18 06:27:46.603,0.76938,0.76952,1.00,1.00
2018.04.18 06:27:46.851,0.76938,0.76954,1.00,1.50
2018.04.18 06:27:47.398,0.76939,0.76954,1.00,1.50
2018.04.18 06:27:47.601,0.76941,0.76955,1.00,1.00
2018.04.18 06:27:47.652,0.76939,0.76956,1.00,1.50
2018.04.18 06:27:47.931,0.76941,0.76955,1.00,1.00
2018.04.18 06:27:47.983,0.76942,0.76957,1.00,1.00
2018.04.18 06:27:53.476,0.76943,0.76957,1.00,1.00
2018.04.18 06:27:55.416,0.76942,0.76957,1.00,1.00
2018.04.18 06:27:56.261,0.76943,0.76957,1.00,1.00
2018.04.18 06:27:56.901,0.76943,0.76958,1.00,1.50
2018.04.18 06:27:57.445,0.76943,0.76957,1.00,1.00
2018.04.18 06:27:58.005,0.76943,0.76958,1.00,1.50
2018.04.18 06:27:58.841,0.76943,0.76957,1.00,1.00
2018.04.18 06:28:01.054,0.76941,0.76958,1.50,1.00
2018.04.18 06:28:03.723,0.76942,0.76958,1.00,1.00
2018.04.18 06:28:05.087,0.76941,0.76957,1.50,1.00
2018.04.18 06:28:05.714,0.76942,0.76958,1.00,1.00
2018.04.18 06:28:07.483,0.76942,0.76957,1.00,1.00
2018.04.18 06:28:09.098,0.76941,0.76957,1.00,1.50
2018.04.18 06:28:09.455,0.76943,0.76955,1.00,1.00
2018.04.18 06:28:09.878,0.76942,0.76957,1.00,1.50
2018.04.18 06:28:10.360,0.76944,0.76957,1.00,1.00
2018.04.18 06:28:11.005,0.76943,0.76957,1.00,1.50
2018.04.18 06:28:12.486,0.76943,0.76959,1.00,1.50
2018.04.18 06:28:12.608,0.76943,0.76957,1.00,1.00
2018.04.18 06:28:13.766,0.76941,0.76957,1.00,1.50
2018.04.18 06:28:14.526,0.7694,0.76956,1.00,1.00
2018.04.18 06:28:14.578,0.76942,0.76956,1.00,1.00
2018.04.18 06:28:14.629,0.7694,0.76955,1.00,1.00
2018.04.18 06:28:15.297,0.76941,0.76955,1.00,1.00
2018.04.18 06:28:15.466,0.76938,0.76955,1.00,1.50
2018.04.18 06:28:15.517,0.76938,0.76953,1.00,1.50
2018.04.18 06:28:15.822,0.76941,0.76955,1.00,1.00
2018.04.18 06:28:16.339,0.76938,0.76955,1.50,1.00
2018.04.18 06:28:17.979,0.7694,0.76955,1.00,1.00
2018.04.18 06:28:18.550,0.7694,0.76956,1.00,1.50
2018.04.18 06:28:18.857,0.76942,0.76956,1.00,1.50
2018.04.18 06:28:19.417,0.76941,0.76955,1.00,1.00
2018.04.18 06:28:19.945,0.7694,0.76954,1.00,1.00
2018.04.18 06:28:20.387,0.76941,0.76956,1.00,1.50
2018.04.18 06:28:20.710,0.76944,0.76958,1.00,1.57
2018.04.18 06:28:21.019,0.76941,0.76956,1.00,1.00
2018.04.18 06:28:22.359,0.7694,0.76954,1.00,1.00
2018.04.18 06:28:23.130,0.76944,0.76958,1.00,1.00
2018.04.18 06:28:23.638,0.76943,0.76954,1.00,1.00
2018.04.18 06:28:23.690,0.76938,0.76952,1.00,1.00
2018.04.18 06:28:23.791,0.76936,0.76953,1.50,1.00
2018.04.18 06:28:23.995,0.76938,0.76952,1.00,1.50
2018.04.18 06:28:24.147,0.76939,0.76954,1.00,1.50
2018.04.18 06:28:24.963,0.7694,0.76954,1.00,1.50
2018.04.18 06:28:26.538,0.76941,0.76954,1.00,1.00
2018.04.18 06:28:27.271,0.7694,0.76955,1.00,1.00
2018.04.18 06:28:28.742,0.7694,0.76954,1.00,1.00
2018.04.18 06:28:31.602,0.76939,0.76954,1.00,1.50
2018.04.18 06:28:31.886,0.76938,0.76952,1.00,1.00
2018.04.18 06:28:31.988,0.76938,0.76954,1.00,1.50
2018.04.18 06:28:33.394,0.76938,0.76953,1.00,1.00
2018.04.18 06:28:33.446,0.76937,0.76951,1.00,1.50
2018.04.18 06:28:33.548,0.76935,0.76951,1.00,1.50
2018.04.18 06:28:35.864,0.76937,0.76951,1.00,1.00
2018.04.18 06:28:36.331,0.76935,0.76951,1.00,1.57
2018.04.18 06:28:36.613,0.76935,0.76949,1.00,1.00
2018.04.18 06:28:38.955,0.76935,0.7695,1.00,1.10
2018.04.18 06:28:40.195,0.76935,0.76949,1.00,1.00
2018.04.18 06:28:40.755,0.76934,0.76948,1.00,1.00
2018.04.18 06:28:40.907,0.76935,0.7695,1.00,1.10
2018.04.18 06:28:41.603,0.76935,0.76951,1.00,1.57
2018.04.18 06:28:42.166,0.76935,0.7695,1.00,1.10
2018.04.18 06:28:42.803,0.76935,0.76949,1.00,1.00
2018.04.18 06:28:43.342,0.76936,0.7695,1.00,1.00
2018.04.18 06:28:43.864,0.76937,0.76951,1.00,1.50
2018.04.18 06:28:44.036,0.76938,0.76953,1.00,1.57
2018.04.18 06:28:44.593,0.76939,0.76954,1.00,1.10
2018.04.18 06:28:45.152,0.76939,0.76953,1.00,1.00
2018.04.18 06:28:50.447,0.76938,0.76952,1.00,1.00
2018.04.18 06:28:51.030,0.76938,0.76953,1.00,1.10
2018.04.18 06:28:51.708,0.76938,0.76952,1.00,1.10
2018.04.18 06:28:55.638,0.76932,0.76946,1.00,1.00
2018.04.18 06:28:55.946,0.7693,0.76944,1.00,1.57
2018.04.18 06:28:56.148,0.7693,0.76946,1.00,1.10
2018.04.18 06:28:56.249,0.76932,0.76947,1.00,1.57
2018.04.18 06:28:56.705,0.76934,0.76948,1.00,1.50
2018.04.18 06:28:57.308,0.76933,0.76947,1.00,1.00
2018.04.18 06:28:57.885,0.76933,0.76948,1.00,1.00
2018.04.18 06:28:59.400,0.76934,0.76948,1.00,1.50
2018.04.18 06:29:04.777,0.76935,0.76948,1.00,1.00
2018.04.18 06:29:05.081,0.76936,0.7695,1.00,1.57
2018.04.18 06:29:05.380,0.76933,0.76948,1.00,1.50
2018.04.18 06:29:05.483,0.76932,0.76946,1.00,1.00
2018.04.18 06:29:05.585,0.76932,0.76948,1.00,1.57
2018.04.18 06:29:05.686,0.76932,0.76946,1.00,1.00
2018.04.18 06:29:07.798,0.76933,0.76946,1.00,1.00
2018.04.18 06:29:08.305,0.76932,0.76946,1.00,1.50
2018.04.18 06:29:08.494,0.76933,0.76948,1.00,1.50
2018.04.18 06:29:08.975,0.76933,0.76946,1.00,1.00
2018.04.18 06:29:09.564,0.76932,0.76946,1.00,1.00
2018.04.18 06:29:09.843,0.76934,0.76949,1.00,1.50
2018.04.18 06:29:10.566,0.76935,0.76949,1.00,1.50
2018.04.18 06:29:12.914,0.76934,0.76949,1.00,1.50
2018.04.18 06:29:13.537,0.76935,0.76949,1.00,1.00
2018.04.18 06:29:15.927,0.76935,0.76951,1.00,1.57
2018.04.18 06:29:18.874,0.76935,0.7695,1.00,1.57
2018.04.18 06:29:19.147,0.76932,0.76946,1.00,1.00
2018.04.18 06:29:19.751,0.76933,0.76946,1.00,1.00
2018.04.18 06:29:20.331,0.76933,0.76947,1.00,1.00
2018.04.18 06:29:20.979,0.76933,0.76948,1.00,1.10
2018.04.18 06:29:21.444,0.76931,0.76946,1.50,1.00
2018.04.18 06:29:21.546,0.76932,0.76948,1.00,1.57
2018.04.18 06:29:21.598,0.76932,0.76946,1.00,1.00
2018.04.18 06:29:21.700,0.76932,0.76948,1.00,1.57
2018.04.18 06:29:22.361,0.76932,0.76946,1.00,1.00
2018.04.18 06:29:25.326,0.76933,0.76946,1.00,1.00
2018.04.18 06:29:25.478,0.76935,0.76949,1.00,1.57
2018.04.18 06:29:26.083,0.76934,0.76948,1.00,1.00
2018.04.18 06:29:26.597,0.76933,0.76949,1.00,1.00
2018.04.18 06:29:27.425,0.76934,0.76948,1.00,1.00
2018.04.18 06:29:29.255,0.76934,0.76949,1.00,1.50
2018.04.18 06:29:30.088,0.76935,0.76949,1.00,1.00
2018.04.18 06:29:30.469,0.76937,0.76951,1.00,1.10
2018.04.18 06:29:30.829,0.76938,0.76953,1.00,1.57
2018.04.18 06:29:31.921,0.76938,0.76952,1.00,1.00
2018.04.18 06:29:33.284,0.76936,0.76953,1.00,1.57
2018.04.18 06:29:35.908,0.76936,0.7695,1.00,1.00
2018.04.18 06:29:36.673,0.76936,0.76952,1.00,1.00
2018.04.18 06:29:37.349,0.76937,0.76952,1.00,1.00
2018.04.18 06:29:37.650,0.76936,0.7695,1.00,1.00
2018.04.18 06:29:38.343,0.76937,0.7695,1.00,1.00
2018.04.18 06:29:39.857,0.76937,0.76951,1.00,1.00
2018.04.18 06:29:40.010,0.76934,0.7695,1.00,1.00
2018.04.18 06:29:40.111,0.76936,0.7695,1.00,1.57
2018.04.18 06:29:40.419,0.76938,0.7695,1.00,1.00
2018.04.18 06:29:40.470,0.76938,0.76952,1.00,1.00
2018.04.18 06:29:42.028,0.76937,0.76952,1.00,1.50
2018.04.18 06:29:42.563,0.76938,0.76952,1.00,1.50
2018.04.18 06:29:45.198,0.76937,0.76952,1.00,1.57
2018.04.18 06:29:50.399,0.76938,0.76952,1.00,1.50
2018.04.18 06:29:51.609,0.76937,0.76951,1.00,1.00
2018.04.18 06:29:54.105,0.76937,0.76952,1.00,1.50
2018.04.18 06:29:55.157,0.76936,0.7695,1.00,1.00
2018.04.18 06:29:56.001,0.76937,0.7695,1.00,1.00
2018.04.18 06:29:56.510,0.76937,0.76951,1.00,1.00
2018.04.18 06:29:56.673,0.76935,0.7695,1.00,1.50
2018.04.18 06:29:56.774,0.76937,0.7695,1.00,1.00
2018.04.18 06:29:57.310,0.76937,0.76951,1.00,1.00
2018.04.18 06:29:57.713,0.76935,0.76949,1.00,1.00
2018.04.18 06:29:58.221,0.76935,0.7695,1.00,1.00
2018.04.18 06:29:58.733,0.76934,0.7695,1.00,1.50
2018.04.18 06:29:59.375,0.76933,0.7695,1.00,1.50
2018.04.18 06:30:00.116,0.76936,0.7695,1.00,1.50
2018.04.18 06:30:00.621,0.76937,0.76951,1.00,1.50
2018.04.18 06:30:01.197,0.76937,0.7695,1.00,1.00
2018.04.18 06:30:01.729,0.76936,0.7695,1.00,1.50
2018.04.18 06:30:02.041,0.76934,0.76948,1.00,1.50
2018.04.18 06:30:03.285,0.76933,0.76948,1.00,1.50
2018.04.18 06:30:03.588,0.76936,0.76948,1.00,1.00
2018.04.18 06:30:05.168,0.76937,0.76948,1.00,1.00
2018.04.18 06:30:06.056,0.76936,0.76948,1.00,1.00
2018.04.18 06:30:07.013,0.76936,0.7695,1.00,1.00
2018.04.18 06:30:09.511,0.76939,0.7695,1.00,1.00
2018.04.18 06:30:09.562,0.76941,0.76954,1.00,1.50
2018.04.18 06:30:09.665,0.76941,0.76956,1.00,1.50
2018.04.18 06:30:09.868,0.76939,0.76955,1.00,1.50
2018.04.18 06:30:10.152,0.76939,0.76953,1.00,1.50
2018.04.18 06:30:14.655,0.76937,0.76952,1.00,1.00
2018.04.18 06:30:15.211,0.76938,0.76953,1.00,1.50
2018.04.18 06:30:16.291,0.76939,0.76953,1.00,1.50
2018.04.18 06:30:16.860,0.7694,0.76953,1.00,1.00
2018.04.18 06:30:17.518,0.76939,0.76953,1.00,1.00
2018.04.18 06:30:21.326,0.7694,0.76953,1.00,1.00
2018.04.18 06:30:21.749,0.76942,0.76953,1.00,1.00
2018.04.18 06:30:21.850,0.76942,0.76956,1.00,1.50
2018.04.18 06:30:25.696,0.76941,0.76956,1.00,1.00
2018.04.18 06:30:26.054,0.76941,0.76954,1.00,1.00
2018.04.18 06:30:26.493,0.76942,0.76956,1.00,1.50
2018.04.18 06:30:26.821,0.76944,0.76957,1.00,1.00
2018.04.18 06:30:26.935,0.76945,0.76959,1.00,1.50
2018.04.18 06:30:27.459,0.76944,0.7696,1.00,1.00
2018.04.18 06:30:31.938,0.76946,0.7696,1.00,1.00
2018.04.18 06:30:32.513,0.76945,0.76959,1.00,1.00
2018.04.18 06:30:32.804,0.76943,0.7696,1.00,1.50
2018.04.18 06:30:32.855,0.76943,0.76958,1.00,1.00
2018.04.18 06:30:33.186,0.76945,0.76958,1.00,1.00
2018.04.18 06:30:33.237,0.76945,0.7696,1.00,1.50
2018.04.18 06:30:33.761,0.76946,0.7696,1.00,1.00
2018.04.18 06:30:35.177,0.76947,0.7696,1.00,1.00
2018.04.18 06:30:36.174,0.76946,0.7696,1.00,1.00
2018.04.18 06:30:38.899,0.76947,0.7696,1.00,1.00
2018.04.18 06:30:39.354,0.76947,0.76963,1.00,2.25
2018.04.18 06:30:39.972,0.76948,0.76963,1.00,1.50
2018.04.18 06:30:40.728,0.76947,0.76963,1.00,1.50
2018.04.18 06:30:41.542,0.76948,0.76963,1.00,1.50
2018.04.18 06:30:42.079,0.76949,0.76963,1.00,1.50
2018.04.18 06:30:42.945,0.76947,0.76963,1.00,1.50
2018.04.18 06:30:42.996,0.76947,0.7696,1.00,1.00
2018.04.18 06:30:43.497,0.76948,0.7696,1.00,1.00
2018.04.18 06:30:44.020,0.76948,0.76962,1.00,1.00
2018.04.18 06:30:49.934,0.76948,0.7696,1.00,1.00
2018.04.18 06:30:50.552,0.76947,0.7696,1.00,1.00
2018.04.18 06:30:51.742,0.76948,0.7696,1.00,1.00
2018.04.18 06:30:52.438,0.76947,0.7696,1.00,1.00
2018.04.18 06:30:52.489,0.76945,0.7696,1.00,1.00
2018.04.18 06:30:52.763,0.76947,0.7696,1.00,1.00
2018.04.18 06:30:56.142,0.76948,0.7696,1.00,1.00
2018.04.18 06:30:56.308,0.76946,0.7696,1.00,1.00
2018.04.18 06:30:57.199,0.76948,0.7696,1.00,1.00
2018.04.18 06:30:57.250,0.76948,0.76962,1.00,1.50
2018.04.18 06:30:58.612,0.76947,0.76962,1.00,1.00
2018.04.18 06:31:02.134,0.76947,0.76961,1.00,1.00
2018.04.18 06:31:02.186,0.76946,0.76959,1.00,1.00
2018.04.18 06:31:09.304,0.76947,0.76959,1.00,1.00
2018.04.18 06:31:09.605,0.76948,0.76962,1.00,1.50
2018.04.18 06:31:10.128,0.76947,0.76962,1.00,1.50
2018.04.18 06:31:11.600,0.76945,0.76962,1.00,1.00
2018.04.18 06:31:14.236,0.76947,0.76962,1.00,1.50
2018.04.18 06:31:19.472,0.7695,0.76963,1.00,1.00
2018.04.18 06:31:19.859,0.76945,0.76962,1.50,1.00
2018.04.18 06:31:19.910,0.76947,0.76962,1.00,1.00
2018.04.18 06:31:20.459,0.76946,0.76961,1.00,1.00
2018.04.18 06:31:22.386,0.76947,0.76961,1.00,1.00
2018.04.18 06:31:24.285,0.76943,0.76958,1.50,1.00
2018.04.18 06:31:24.795,0.76943,0.76957,1.00,1.00
2018.04.18 06:31:28.421,0.76942,0.76958,1.00,1.00
2018.04.18 06:31:29.840,0.76943,0.76959,1.00,1.50
2018.04.18 06:31:30.111,0.76942,0.76957,1.00,1.00
2018.04.18 06:31:35.318,0.76941,0.76957,1.00,1.00
2018.04.18 06:31:38.153,0.76941,0.76958,1.00,1.50
2018.04.18 06:31:38.709,0.76942,0.76957,1.00,1.00
2018.04.18 06:31:39.244,0.76941,0.76956,1.00,1.00
2018.04.18 06:31:39.599,0.76942,0.76958,1.00,1.50
2018.04.18 06:31:40.243,0.76942,0.76957,1.00,1.00
2018.04.18 06:31:40.771,0.76941,0.76958,1.00,1.00
2018.04.18 06:31:41.885,0.76943,0.76958,1.00,1.50
2018.04.18 06:31:44.855,0.76942,0.76957,1.00,1.00
2018.04.18 06:31:44.906,0.76939,0.76956,1.00,1.50
2018.04.18 06:31:44.957,0.76939,0.76954,1.00,1.00
2018.04.18 06:31:45.211,0.7694,0.76956,1.00,1.50
2018.04.18 06:31:45.282,0.7694,0.76954,1.00,1.00
2018.04.18 06:31:45.822,0.76941,0.76954,1.00,1.00
2018.04.18 06:31:45.873,0.76943,0.76959,1.00,1.50
2018.04.18 06:31:46.389,0.76944,0.76959,1.00,1.00
2018.04.18 06:31:46.980,0.76945,0.76959,1.00,1.00
2018.04.18 06:31:47.511,0.76944,0.7696,1.00,1.00
2018.04.18 06:31:48.968,0.76945,0.7696,1.00,1.50
2018.04.18 06:31:50.121,0.76946,0.76961,1.00,1.00
2018.04.18 06:31:50.632,0.76946,0.76962,1.00,1.00
2018.04.18 06:31:53.074,0.76946,0.76961,1.00,1.00
2018.04.18 06:31:53.304,0.76944,0.76959,1.00,1.50
2018.04.18 06:31:53.870,0.76945,0.7696,1.00,1.50
2018.04.18 06:32:00.714,0.76944,0.7696,1.00,1.50
2018.04.18 06:32:04.430,0.76945,0.7696,1.00,1.00
2018.04.18 06:32:05.043,0.76946,0.7696,1.00,1.00
2018.04.18 06:32:07.803,0.76945,0.7696,1.00,1.00
2018.04.18 06:32:07.904,0.76943,0.7696,1.00,1.50
2018.04.18 06:32:08.556,0.76943,0.76959,1.00,1.00
2018.04.18 06:32:09.438,0.76942,0.76959,1.00,1.00
2018.04.18 06:32:09.599,0.76942,0.76957,1.00,1.00
2018.04.18 06:32:09.881,0.76943,0.76959,1.00,1.00
2018.04.18 06:32:10.546,0.76943,0.76958,1.00,1.00
2018.04.18 06:32:12.240,0.76944,0.76958,1.00,1.00
2018.04.18 06:32:16.862,0.76942,0.76958,1.00,1.00
2018.04.18 06:32:17.392,0.76943,0.76958,1.00,1.50
2018.04.18 06:32:17.908,0.76944,0.76958,1.00,1.00
2018.04.18 06:32:25.870,0.76944,0.76959,1.00,1.50
2018.04.18 06:32:26.943,0.76942,0.76957,1.00,1.50
2018.04.18 06:32:27.526,0.76941,0.76957,1.00,1.00
2018.04.18 06:32:28.075,0.76941,0.76955,1.00,1.00
2018.04.18 06:32:28.410,0.76938,0.76955,1.00,1.00
2018.04.18 06:32:29.126,0.76938,0.76954,1.00,1.00
2018.04.18 06:32:29.789,0.76939,0.76953,1.00,1.00
2018.04.18 06:32:30.156,0.76937,0.76953,1.00,1.00
2018.04.18 06:32:30.811,0.76938,0.76953,1.00,1.00
2018.04.18 06:32:31.976,0.76939,0.76953,1.00,1.00
2018.04.18 06:32:34.740,0.76938,0.76953,1.00,1.50
2018.04.18 06:32:36.622,0.76939,0.76953,1.00,1.00
2018.04.18 06:32:36.773,0.76939,0.76955,1.00,1.50
2018.04.18 06:32:37.564,0.76941,0.76955,1.00,1.00
2018.04.18 06:32:37.665,0.76942,0.76959,1.00,1.00
2018.04.18 06:32:38.107,0.76941,0.76957,1.00,1.00
2018.04.18 06:32:39.447,0.76942,0.76957,1.00,1.00
2018.04.18 06:32:40.041,0.76939,0.76956,1.00,1.00
2018.04.18 06:32:40.092,0.76941,0.76957,1.00,1.50
2018.04.18 06:32:40.715,0.76942,0.76958,1.00,1.50
2018.04.18 06:32:41.780,0.76943,0.76958,1.00,1.50
2018.04.18 06:32:42.377,0.76941,0.76956,1.00,1.00
2018.04.18 06:32:42.691,0.76939,0.76954,1.00,1.50
2018.04.18 06:32:43.945,0.76938,0.76953,1.00,1.00
2018.04.18 06:32:45.784,0.76938,0.76954,1.00,1.50
2018.04.18 06:32:47.706,0.7694,0.76954,1.00,1.00
2018.04.18 06:32:47.758,0.76939,0.76957,1.50,1.50
2018.04.18 06:32:47.859,0.76939,0.76955,1.00,1.00
2018.04.18 06:32:48.384,0.76941,0.76955,1.00,1.00
2018.04.18 06:32:48.847,0.76939,0.76955,1.00,1.00
2018.04.18 06:32:49.724,0.76939,0.76954,1.00,1.00
2018.04.18 06:32:49.908,0.76937,0.76955,1.50,1.50
2018.04.18 06:32:50.183,0.76939,0.76954,1.00,1.00
2018.04.18 06:32:50.695,0.76938,0.76954,1.00,1.50
2018.04.18 06:32:51.215,0.76938,0.76953,1.00,1.00
2018.04.18 06:32:51.589,0.76937,0.76955,1.00,1.00
2018.04.18 06:32:51.640,0.7694,0.76955,1.00,1.00
2018.04.18 06:32:51.952,0.76937,0.76954,1.00,1.00
2018.04.18 06:32:52.003,0.76937,0.76952,1.00,1.00
2018.04.18 06:32:52.104,0.76938,0.76954,1.00,1.00
2018.04.18 06:32:52.677,0.76938,0.76953,1.00,1.00
2018.04.18 06:32:54.539,0.76939,0.76954,1.00,1.00
2018.04.18 06:32:55.969,0.76938,0.76954,1.00,1.00
2018.04.18 06:32:56.611,0.76939,0.76954,1.00,1.00
2018.04.18 06:32:57.201,0.7694,0.76955,1.00,1.00
2018.04.18 06:32:57.752,0.76938,0.76956,1.00,1.50
2018.04.18 06:32:58.610,0.76939,0.76954,1.00,1.00
2018.04.18 06:33:02.175,0.76938,0.76956,1.00,1.50
2018.04.18 06:33:02.327,0.7694,0.76955,1.00,1.00
2018.04.18 06:33:02.452,0.76938,0.76956,1.00,1.50
2018.04.18 06:33:03.511,0.7694,0.76955,1.00,1.00
2018.04.18 06:33:07.508,0.7694,0.76956,1.00,1.50
2018.04.18 06:33:09.968,0.7694,0.76957,1.00,1.50
2018.04.18 06:33:10.416,0.76945,0.7696,1.00,1.00
2018.04.18 06:33:11.021,0.76945,0.76961,1.00,1.50
2018.04.18 06:33:11.985,0.76946,0.76962,1.00,1.00
2018.04.18 06:33:12.996,0.76947,0.76962,1.00,1.00
2018.04.18 06:33:13.615,0.76946,0.76962,1.00,1.00
2018.04.18 06:33:13.947,0.76944,0.76959,1.00,1.00
2018.04.18 06:33:13.998,0.76942,0.76958,1.00,1.00
2018.04.18 06:33:14.649,0.76942,0.76957,1.00,1.00
2018.04.18 06:33:23.991,0.76941,0.76956,1.00,1.00
2018.04.18 06:33:25.534,0.76944,0.76957,1.00,1.00
2018.04.18 06:33:25.636,0.76944,0.76959,1.00,1.00
2018.04.18 06:33:25.687,0.76944,0.76961,1.00,1.50
2018.04.18 06:33:25.738,0.76944,0.76959,1.00,1.00
2018.04.18 06:33:25.789,0.76943,0.76961,1.50,1.50
2018.04.18 06:33:26.049,0.76945,0.7696,1.00,1.00
2018.04.18 06:33:26.592,0.76945,0.76959,1.00,1.00
2018.04.18 06:33:27.174,0.76945,0.7696,1.00,1.00
2018.04.18 06:33:28.071,0.76946,0.76961,1.00,1.50
2018.04.18 06:33:28.122,0.76944,0.7696,1.00,1.00
2018.04.18 06:33:28.260,0.76946,0.76961,1.00,1.50
2018.04.18 06:33:31.276,0.76946,0.76962,1.00,1.00
2018.04.18 06:33:31.840,0.76947,0.76963,1.50,1.00
2018.04.18 06:33:33.573,0.76949,0.76963,1.00,1.00
2018.04.18 06:33:33.972,0.76953,0.76969,1.00,2.10
2018.04.18 06:33:34.257,0.76952,0.76967,1.00,1.00
2018.04.18 06:33:34.867,0.76951,0.76966,1.00,1.00
2018.04.18 06:33:35.907,0.7695,0.76968,1.50,1.50
2018.04.18 06:33:36.044,0.76953,0.76968,1.00,1.00
2018.04.18 06:33:40.909,0.76953,0.76967,1.00,1.00
2018.04.18 06:33:41.010,0.76951,0.76966,1.00,1.00
2018.04.18 06:33:41.806,0.7695,0.76967,1.00,1.00
2018.04.18 06:33:42.461,0.7695,0.76966,1.00,1.00
2018.04.18 06:33:44.057,0.76949,0.76964,1.50,1.00
2018.04.18 06:33:44.473,0.7695,0.76966,1.00,1.00
2018.04.18 06:33:44.829,0.76948,0.76965,1.00,1.50
2018.04.18 06:33:44.879,0.76948,0.76963,1.00,1.00
2018.04.18 06:33:45.219,0.76948,0.76965,1.00,1.00
2018.04.18 06:33:45.904,0.76949,0.76966,1.00,1.00
2018.04.18 06:33:46.949,0.76949,0.76964,1.00,1.00
2018.04.18 06:33:47.485,0.76949,0.76965,1.00,1.00
2018.04.18 06:33:54.634,0.76951,0.76966,1.00,1.00
2018.04.18 06:33:55.561,0.76951,0.76968,1.00,1.00
2018.04.18 06:33:56.093,0.76952,0.76967,1.00,1.00
2018.04.18 06:33:56.725,0.76951,0.76966,1.50,1.00
2018.04.18 06:33:57.385,0.76951,0.76967,1.50,1.00
2018.04.18 06:33:58.482,0.76951,0.76966,1.50,1.00
2018.04.18 06:33:59.575,0.76951,0.76967,1.50,1.00
2018.04.18 06:33:59.893,0.76951,0.76965,1.00,1.00
2018.04.18 06:34:00.412,0.7695,0.76966,1.00,1.00
2018.04.18 06:34:01.327,0.76951,0.76966,1.00,1.00
2018.04.18 06:34:03.434,0.76951,0.76965,1.00,1.00
2018.04.18 06:34:03.990,0.76951,0.76967,1.00,1.00
2018.04.18 06:34:04.821,0.7695,0.76967,1.00,1.50
2018.04.18 06:34:04.872,0.76949,0.76964,1.00,1.00
2018.04.18 06:34:05.216,0.76947,0.76962,1.50,1.00
2018.04.18 06:34:05.318,0.76945,0.76961,1.00,1.00
2018.04.18 06:34:05.823,0.76945,0.7696,1.00,1.00
2018.04.18 06:34:06.243,0.76947,0.76963,1.00,1.00
2018.04.18 06:34:07.019,0.76948,0.76963,1.00,1.00
2018.04.18 06:34:11.342,0.76951,0.76965,1.00,1.00
2018.04.18 06:34:11.393,0.76952,0.76967,1.00,1.00
2018.04.18 06:34:11.556,0.7695,0.76965,1.50,1.00
2018.04.18 06:34:11.875,0.76947,0.76961,1.00,1.00
2018.04.18 06:34:12.107,0.76946,0.76963,1.50,1.00
2018.04.18 06:34:13.536,0.76948,0.76963,1.00,1.00
2018.04.18 06:34:14.097,0.76947,0.76963,1.00,1.00
2018.04.18 06:34:15.456,0.76947,0.76962,1.00,1.00
2018.04.18 06:34:15.951,0.76946,0.7696,1.00,1.00
2018.04.18 06:34:16.617,0.76946,0.76961,1.00,1.00
2018.04.18 06:34:18.377,0.76947,0.76961,1.00,1.00
2018.04.18 06:34:18.428,0.76948,0.76963,1.00,1.00
2018.04.18 06:34:18.783,0.76947,0.76961,1.50,1.00
2018.04.18 06:34:18.885,0.76945,0.76961,1.00,1.00
2018.04.18 06:34:18.936,0.76944,0.76958,1.00,1.00
2018.04.18 06:34:19.477,0.76942,0.76957,1.00,1.00
2018.04.18 06:34:19.528,0.76945,0.76959,1.00,1.00
2018.04.18 06:34:19.682,0.76942,0.76958,1.00,1.00
2018.04.18 06:34:19.970,0.76942,0.76956,1.50,1.00
2018.04.18 06:34:20.601,0.76942,0.76957,1.00,1.00
2018.04.18 06:34:21.103,0.76943,0.76958,1.00,1.00
2018.04.18 06:34:23.457,0.76941,0.76955,1.00,1.00
2018.04.18 06:34:23.610,0.76942,0.76957,1.00,1.00
2018.04.18 06:34:24.311,0.76943,0.76958,1.00,1.00
2018.04.18 06:34:27.296,0.76944,0.76958,1.00,1.00
2018.04.18 06:34:27.628,0.76942,0.76959,1.50,1.00
2018.04.18 06:34:27.777,0.76944,0.76958,1.00,1.00
2018.04.18 06:34:28.124,0.76943,0.76955,1.00,1.00
2018.04.18 06:34:28.225,0.76942,0.76957,1.00,1.00
2018.04.18 06:34:28.975,0.76941,0.76956,1.00,1.00
2018.04.18 06:34:29.535,0.76941,0.76955,1.00,1.00
2018.04.18 06:34:30.337,0.7694,0.76956,1.50,1.00
2018.04.18 06:34:30.963,0.76941,0.76956,1.00,1.00
2018.04.18 06:34:31.503,0.7694,0.76955,1.50,1.00
2018.04.18 06:34:31.555,0.76941,0.76958,1.00,1.50
2018.04.18 06:34:31.605,0.76943,0.76958,1.00,1.50
2018.04.18 06:34:32.270,0.7694,0.76957,1.57,1.00
2018.04.18 06:34:32.658,0.76942,0.76956,1.00,1.00
2018.04.18 06:34:33.142,0.76942,0.76959,1.00,1.50
2018.04.18 06:34:35.014,0.76944,0.76958,1.00,1.00
2018.04.18 06:34:36.242,0.76944,0.76959,1.00,1.00
2018.04.18 06:34:37.906,0.76944,0.76958,1.00,1.00
2018.04.18 06:34:41.108,0.76941,0.76955,1.00,1.00
2018.04.18 06:34:41.936,0.76939,0.76954,1.00,1.00
2018.04.18 06:34:42.176,0.7694,0.76956,1.00,1.00
2018.04.18 06:34:42.278,0.76942,0.76957,1.00,1.00
2018.04.18 06:34:42.900,0.76941,0.76956,1.00,1.00
2018.04.18 06:34:43.954,0.76939,0.76954,1.00,1.00
2018.04.18 06:34:44.513,0.76941,0.76956,1.00,1.00
2018.04.18 06:34:45.070,0.7694,0.76955,1.00,1.00
2018.04.18 06:34:47.340,0.76941,0.76956,1.00,1.00
2018.04.18 06:34:47.974,0.76942,0.76957,1.00,1.00
2018.04.18 06:34:48.025,0.7694,0.76957,1.00,1.00
2018.04.18 06:34:49.818,0.7694,0.76955,1.00,1.00
2018.04.18 06:34:53.869,0.76938,0.76955,1.57,1.00
2018.04.18 06:34:54.401,0.76939,0.76955,1.00,1.00
2018.04.18 06:34:56.208,0.76939,0.76954,1.00,1.00
2018.04.18 06:34:58.071,0.7694,0.76954,1.00,1.00
2018.04.18 06:34:58.622,0.76941,0.76955,1.00,1.00
2018.04.18 06:35:00.080,0.7694,0.76955,1.00,1.00
2018.04.18 06:35:01.779,0.7694,0.76957,1.00,1.00
2018.04.18 06:35:02.056,0.76941,0.76959,1.50,1.50
2018.04.18 06:35:02.107,0.76941,0.76957,1.50,1.00
2018.04.18 06:35:02.615,0.76941,0.76956,1.00,1.00
2018.04.18 06:35:02.666,0.76938,0.76956,1.00,1.00
2018.04.18 06:35:03.552,0.76937,0.76955,1.50,1.00
2018.04.18 06:35:04.096,0.76938,0.76955,1.00,1.00
2018.04.18 06:35:04.368,0.76941,0.76957,1.00,1.50
2018.04.18 06:35:04.419,0.76942,0.76959,1.00,1.50
2018.04.18 06:35:04.799,0.76942,0.76955,1.00,1.00
2018.04.18 06:35:04.850,0.76942,0.76957,1.00,1.00
2018.04.18 06:35:05.021,0.7694,0.76956,1.00,1.00
2018.04.18 06:35:06.823,0.7694,0.76955,1.00,1.00
2018.04.18 06:35:07.614,0.76939,0.76955,1.00,1.00
2018.04.18 06:35:09.098,0.7694,0.76956,1.00,1.50
2018.04.18 06:35:09.429,0.7694,0.76954,1.00,1.00
2018.04.18 06:35:11.257,0.76938,0.76954,1.00,1.00
2018.04.18 06:35:12.002,0.76938,0.76955,1.50,1.00
2018.04.18 06:35:12.115,0.7694,0.76956,1.00,1.00
2018.04.18 06:35:12.633,0.76941,0.76956,1.00,1.00
2018.04.18 06:35:13.503,0.76941,0.76957,1.50,1.00
2018.04.18 06:35:14.717,0.76941,0.76959,1.50,2.10
2018.04.18 06:35:15.595,0.76942,0.76958,1.00,1.00
2018.04.18 06:35:17.967,0.76941,0.76957,1.50,1.00
2018.04.18 06:35:18.272,0.76939,0.76957,1.50,1.50
2018.04.18 06:35:18.453,0.76939,0.76954,1.00,1.00
2018.04.18 06:35:18.954,0.76939,0.76955,1.00,1.00
2018.04.18 06:35:19.318,0.76939,0.76954,1.00,1.60
2018.04.18 06:35:19.471,0.76937,0.76954,1.00,1.60
2018.04.18 06:35:19.982,0.76937,0.76952,1.00,1.00
2018.04.18 06:35:20.501,0.76937,0.76953,1.00,2.10
2018.04.18 06:35:21.032,0.76936,0.76954,1.50,1.60
2018.04.18 06:35:24.367,0.76935,0.76952,1.00,1.00
2018.04.18 06:35:24.520,0.76937,0.76953,1.00,1.50
2018.04.18 06:35:24.626,0.76938,0.76955,1.50,1.00
2018.04.18 06:35:25.176,0.7694,0.76956,1.00,1.50
2018.04.18 06:35:25.737,0.76941,0.76956,1.00,1.00
2018.04.18 06:35:26.266,0.76941,0.76957,1.00,1.35
2018.04.18 06:35:26.469,0.76939,0.76958,1.00,1.35
2018.04.18 06:35:26.520,0.76939,0.76955,1.00,1.00
2018.04.18 06:35:27.055,0.76938,0.76955,1.00,1.50
2018.04.18 06:35:28.505,0.76939,0.76955,1.00,1.00
2018.04.18 06:35:29.035,0.7694,0.76956,1.00,1.00
2018.04.18 06:35:32.980,0.76943,0.7696,1.00,1.00
2018.04.18 06:35:33.082,0.76946,0.76962,1.00,1.50
2018.04.18 06:35:35.472,0.76945,0.76961,1.00,1.00
2018.04.18 06:35:35.887,0.76949,0.76962,1.00,1.00
2018.04.18 06:35:36.040,0.76951,0.76967,1.50,1.00
2018.04.18 06:35:36.579,0.76951,0.76966,1.00,1.00
2018.04.18 06:35:36.633,0.76949,0.76965,1.50,1.35
2018.04.18 06:35:37.191,0.76948,0.76964,1.00,1.00
2018.04.18 06:35:37.741,0.76948,0.76965,1.50,1.35
2018.04.18 06:35:38.190,0.76948,0.7696,1.00,1.00
2018.04.18 06:35:38.241,0.76945,0.7696,1.00,1.00
2018.04.18 06:35:38.884,0.76946,0.76961,1.00,1.00
2018.04.18 06:35:39.845,0.76945,0.76961,1.00,1.00
2018.04.18 06:35:43.676,0.76946,0.76961,1.00,1.00
2018.04.18 06:35:44.426,0.76943,0.76958,1.00,1.00
2018.04.18 06:35:44.632,0.76941,0.76958,1.00,1.00
2018.04.18 06:35:45.277,0.7694,0.76957,1.57,1.00
2018.04.18 06:35:52.256,0.76943,0.76957,1.00,1.00
2018.04.18 06:35:55.537,0.76941,0.76957,1.10,1.00
2018.04.18 06:35:56.329,0.76942,0.76957,1.00,1.00
2018.04.18 06:36:00.194,0.76943,0.76958,1.00,1.00
2018.04.18 06:36:00.931,0.76941,0.76956,1.50,1.00
2018.04.18 06:36:01.146,0.76941,0.76958,1.50,1.00
2018.04.18 06:36:01.212,0.76941,0.76956,1.50,1.00
2018.04.18 06:36:03.197,0.76942,0.76957,1.00,1.00
2018.04.18 06:36:03.860,0.76941,0.76956,1.50,1.00
2018.04.18 06:36:06.985,0.76942,0.76957,1.00,1.00
2018.04.18 06:36:09.267,0.76942,0.76958,1.00,1.00
2018.04.18 06:36:09.826,0.76942,0.76957,1.00,1.50
2018.04.18 06:36:11.407,0.76942,0.76956,1.00,1.00
2018.04.18 06:36:15.777,0.76942,0.76957,1.00,1.50
2018.04.18 06:36:18.817,0.76941,0.76956,1.50,1.00
2018.04.18 06:36:19.523,0.76942,0.76957,1.00,1.00
2018.04.18 06:36:23.447,0.76941,0.76956,1.50,1.00
2018.04.18 06:36:24.863,0.76937,0.76952,1.50,1.00
2018.04.18 06:36:25.182,0.76939,0.76954,1.00,1.00
2018.04.18 06:36:25.387,0.76939,0.76956,1.00,1.00
2018.04.18 06:36:28.156,0.76939,0.76954,1.00,1.00
2018.04.18 06:36:30.245,0.76938,0.76952,1.00,1.00
2018.04.18 06:36:35.411,0.7694,0.76954,1.00,1.50
2018.04.18 06:36:35.918,0.7694,0.76956,1.00,1.50
2018.04.18 06:36:38.287,0.7694,0.76955,1.00,1.00
2018.04.18 06:36:41.419,0.76941,0.76955,1.00,1.00
2018.04.18 06:36:41.971,0.76941,0.76956,1.00,1.50
2018.04.18 06:36:43.811,0.76941,0.76955,1.00,1.00
2018.04.18 06:36:44.360,0.7694,0.76955,1.00,1.00
2018.04.18 06:36:45.567,0.76938,0.76955,1.00,1.00
2018.04.18 06:36:45.618,0.76938,0.76953,1.00,1.00
2018.04.18 06:36:48.295,0.76937,0.76952,1.00,1.00
2018.04.18 06:36:48.813,0.76938,0.76952,1.00,1.00
2018.04.18 06:36:48.915,0.76939,0.76954,1.00,1.00
2018.04.18 06:36:49.567,0.7694,0.76954,1.00,1.00
2018.04.18 06:36:51.909,0.76939,0.76955,2.70,1.00
2018.04.18 06:36:52.336,0.76942,0.76957,1.10,1.00
2018.04.18 06:36:52.698,0.76943,0.76958,1.07,1.00
2018.04.18 06:36:53.200,0.76943,0.76958,1.10,1.00
2018.04.18 06:36:53.712,0.76942,0.76958,1.95,1.00
2018.04.18 06:36:54.287,0.76942,0.76958,1.57,1.00
2018.04.18 06:36:54.851,0.76942,0.76957,1.57,1.00
2018.04.18 06:36:55.657,0.76942,0.76958,1.20,1.00
2018.04.18 06:36:56.172,0.76942,0.76957,1.07,1.00
2018.04.18 06:36:56.748,0.76942,0.76957,1.10,1.00
2018.04.18 06:37:01.623,0.76942,0.76956,1.10,1.00
2018.04.18 06:37:02.750,0.7694,0.76955,1.95,1.00
2018.04.18 06:37:02.854,0.76938,0.76954,1.57,1.00
2018.04.18 06:37:03.483,0.76938,0.76954,1.95,1.00
2018.04.18 06:37:06.399,0.76938,0.76954,1.57,1.00
2018.04.18 06:37:08.244,0.76938,0.76954,1.95,1.00
2018.04.18 06:37:08.827,0.76938,0.76954,1.10,1.00
2018.04.18 06:37:09.340,0.76937,0.76953,1.20,1.00
2018.04.18 06:37:10.045,0.76939,0.76953,1.00,1.00
2018.04.18 06:37:10.620,0.76939,0.76952,1.00,1.00
2018.04.18 06:37:11.442,0.76937,0.76952,1.57,1.00
2018.04.18 06:37:14.320,0.76937,0.76954,1.20,1.00
2018.04.18 06:37:21.930,0.76936,0.76954,1.95,1.00
2018.04.18 06:37:22.463,0.76936,0.76954,1.95,1.00
2018.04.18 06:37:22.566,0.76936,0.76951,1.10,1.00
2018.04.18 06:37:25.761,0.76934,0.76951,1.20,1.00
2018.04.18 06:37:26.299,0.76935,0.7695,1.10,1.00
2018.04.18 06:37:27.325,0.76934,0.7695,1.57,1.00
2018.04.18 06:37:28.778,0.76935,0.7695,1.07,1.00
2018.04.18 06:37:29.302,0.76935,0.7695,1.10,1.00
2018.04.18 06:37:32.334,0.76935,0.7695,1.07,1.00
2018.04.18 06:37:33.906,0.76934,0.76952,2.70,1.00
2018.04.18 06:37:34.456,0.76937,0.76952,1.57,1.00
2018.04.18 06:37:35.902,0.76937,0.76953,1.57,1.00
2018.04.18 06:37:37.749,0.76937,0.76953,1.57,1.00
2018.04.18 06:37:38.059,0.76934,0.76949,1.20,1.00
2018.04.18 06:37:38.122,0.76933,0.76951,2.70,1.00
2018.04.18 06:37:39.057,0.76935,0.7695,1.20,1.00
2018.04.18 06:37:39.650,0.76935,0.7695,1.20,1.00
2018.04.18 06:37:40.311,0.76935,0.7695,1.07,1.00
2018.04.18 06:37:41.517,0.76935,0.76949,1.20,1.00
2018.04.18 06:37:42.110,0.76933,0.76949,3.45,1.00
2018.04.18 06:37:44.670,0.76933,0.76948,1.20,1.00
2018.04.18 06:37:45.262,0.76933,0.76948,1.10,1.00
2018.04.18 06:37:45.333,0.76933,0.76948,1.20,1.00
2018.04.18 06:37:45.588,0.76933,0.76948,1.10,1.00
2018.04.18 06:37:46.165,0.76932,0.76948,1.95,1.00
2018.04.18 06:37:48.944,0.76932,0.76948,1.57,1.00
2018.04.18 06:37:49.491,0.76932,0.76948,1.10,1.00
2018.04.18 06:37:49.694,0.76933,0.76949,1.20,1.00
2018.04.18 06:37:53.705,0.76933,0.76949,1.00,1.00
2018.04.18 06:37:54.252,0.76933,0.76948,1.00,1.00
2018.04.18 06:37:56.140,0.76932,0.7695,1.50,1.00
2018.04.18 06:38:08.592,0.7693,0.76948,1.57,1.00
2018.04.18 06:38:08.910,0.76929,0.76945,1.00,1.00
2018.04.18 06:38:09.305,0.76928,0.76943,1.00,1.00
2018.04.18 06:38:10.846,0.76928,0.76944,1.00,1.00
2018.04.18 06:38:11.307,0.7693,0.76945,1.00,1.50
2018.04.18 06:38:12.074,0.76929,0.76945,1.10,1.00
2018.04.18 06:38:15.558,0.7693,0.76945,1.00,1.50
2018.04.18 06:38:16.100,0.76931,0.76945,1.00,1.00
2018.04.18 06:38:16.656,0.7693,0.76945,1.00,1.00
2018.04.18 06:38:17.485,0.76928,0.76945,1.10,1.00
2018.04.18 06:38:17.720,0.76928,0.76942,1.00,1.00
2018.04.18 06:38:17.771,0.76926,0.76942,1.00,1.00
2018.04.18 06:38:18.422,0.76927,0.76942,1.00,1.50
2018.04.18 06:38:22.278,0.76926,0.76942,1.10,1.00
2018.04.18 06:38:22.899,0.76929,0.76942,1.00,1.00
2018.04.18 06:38:22.950,0.76929,0.76944,1.00,1.00
2018.04.18 06:38:24.439,0.76928,0.76943,1.00,1.00
2018.04.18 06:38:25.125,0.76928,0.76944,1.00,1.50
2018.04.18 06:38:26.185,0.76927,0.76944,1.00,1.00
2018.04.18 06:38:26.737,0.76928,0.76943,1.00,1.00
2018.04.18 06:38:28.975,0.76927,0.76944,1.00,1.00
2018.04.18 06:38:29.726,0.76927,0.76943,1.10,1.00
2018.04.18 06:38:30.262,0.76927,0.76942,1.00,1.00
2018.04.18 06:38:31.021,0.76928,0.76943,1.00,1.50
2018.04.18 06:38:32.255,0.76927,0.76943,1.50,1.00
2018.04.18 06:38:32.623,0.76924,0.76942,1.57,1.00
2018.04.18 06:38:33.232,0.76924,0.76942,1.57,1.00
2018.04.18 06:38:33.893,0.76924,0.76942,1.50,1.00
2018.04.18 06:38:35.393,0.76925,0.76943,1.00,1.50
2018.04.18 06:38:36.769,0.76927,0.76942,1.00,1.00
2018.04.18 06:38:39.234,0.76926,0.76941,1.50,1.00
2018.04.18 06:38:39.743,0.76927,0.76942,1.00,1.00
2018.04.18 06:38:39.893,0.76927,0.76944,1.00,1.00
2018.04.18 06:38:40.506,0.76927,0.76945,1.50,1.50
2018.04.18 06:38:40.557,0.76927,0.76943,1.50,1.00
2018.04.18 06:38:41.106,0.76926,0.76942,1.00,1.00
2018.04.18 06:38:41.686,0.76926,0.76941,1.00,1.00
2018.04.18 06:38:42.212,0.76926,0.76942,1.00,1.00
2018.04.18 06:38:42.868,0.76925,0.76941,1.50,1.00
2018.04.18 06:38:43.437,0.76926,0.76942,1.00,1.00
2018.04.18 06:38:43.742,0.76929,0.76945,1.00,1.00
2018.04.18 06:38:44.059,0.76927,0.76942,1.00,1.00
2018.04.18 06:38:44.608,0.76926,0.76942,1.50,1.00
2018.04.18 06:38:46.445,0.76927,0.76943,1.00,1.00
2018.04.18 06:38:47.126,0.76927,0.76942,1.00,1.00
2018.04.18 06:38:47.640,0.76926,0.76942,1.50,1.00
2018.04.18 06:38:50.291,0.76926,0.76944,1.57,1.50
2018.04.18 06:38:53.821,0.76928,0.76942,1.00,1.00
2018.04.18 06:38:54.408,0.76928,0.76943,1.00,1.00
2018.04.18 06:38:57.696,0.76928,0.76944,1.00,1.00
2018.04.18 06:39:00.047,0.76928,0.76943,1.00,1.00
2018.04.18 06:39:00.460,0.76926,0.76942,1.00,1.00
2018.04.18 06:39:00.512,0.76924,0.7694,1.00,1.00
2018.04.18 06:39:00.879,0.76922,0.76937,1.00,1.00
2018.04.18 06:39:00.982,0.7692,0.76936,1.57,1.00
2018.04.18 06:39:01.427,0.76922,0.76937,1.00,1.00
2018.04.18 06:39:01.478,0.76922,0.7694,1.00,1.60
2018.04.18 06:39:04.617,0.76924,0.7694,1.00,1.00
2018.04.18 06:39:07.410,0.76925,0.7694,1.00,1.00
2018.04.18 06:39:08.071,0.76925,0.76941,1.50,1.00
2018.04.18 06:39:09.600,0.76925,0.7694,1.00,1.00
2018.04.18 06:39:10.118,0.76924,0.76939,1.00,1.00
2018.04.18 06:39:12.221,0.76925,0.76941,1.00,1.00
2018.04.18 06:39:12.756,0.76924,0.76941,1.00,1.00
2018.04.18 06:39:14.063,0.76924,0.76939,1.50,1.00
2018.04.18 06:39:20.562,0.76924,0.76938,1.00,1.00
2018.04.18 06:39:20.665,0.76922,0.76939,1.00,1.00
2018.04.18 06:39:21.119,0.76924,0.76939,1.00,1.00
2018.04.18 06:39:21.881,0.76921,0.76937,2.25,1.00
2018.04.18 06:39:22.986,0.76921,0.76936,1.50,1.00
2018.04.18 06:39:23.087,0.76921,0.76933,1.00,1.00
2018.04.18 06:39:23.138,0.76917,0.76933,2.25,1.60
2018.04.18 06:39:23.242,0.76915,0.76933,1.57,2.10
2018.04.18 06:39:23.344,0.76917,0.76932,1.50,1.00
2018.04.18 06:39:23.395,0.76918,0.76934,1.00,1.00
2018.04.18 06:39:23.937,0.7692,0.76937,1.00,1.00
2018.04.18 06:39:24.089,0.7692,0.76935,1.00,1.00
2018.04.18 06:39:24.690,0.7692,0.76936,1.50,1.00
2018.04.18 06:39:27.309,0.7692,0.76935,1.50,1.00
2018.04.18 06:39:29.130,0.7692,0.76936,1.50,1.00
2018.04.18 06:39:33.056,0.76921,0.76936,1.00,1.00
2018.04.18 06:39:33.415,0.76923,0.76936,1.00,1.00
2018.04.18 06:39:33.466,0.76921,0.76936,1.00,1.00
2018.04.18 06:39:34.049,0.76921,0.76935,1.00,1.00
2018.04.18 06:39:34.502,0.76922,0.76938,1.00,1.00
2018.04.18 06:39:35.290,0.76922,0.76937,1.00,1.00
2018.04.18 06:39:35.846,0.76922,0.76938,1.50,1.00
2018.04.18 06:39:39.163,0.76923,0.7694,1.07,1.00
2018.04.18 06:39:39.479,0.76927,0.76941,1.00,1.00
2018.04.18 06:39:39.580,0.76925,0.76941,1.50,1.00
2018.04.18 06:39:39.681,0.76927,0.76942,1.00,1.00
2018.04.18 06:39:39.970,0.76925,0.76941,1.50,1.00
2018.04.18 06:39:40.154,0.76925,0.76939,1.00,1.00
2018.04.18 06:39:40.205,0.76923,0.76939,1.50,1.00
2018.04.18 06:39:40.356,0.76923,0.76937,1.00,1.00
2018.04.18 06:39:41.050,0.76923,0.76936,1.00,1.00
2018.04.18 06:39:41.451,0.76921,0.76935,1.00,1.00
2018.04.18 06:39:41.654,0.76917,0.76935,1.50,1.00
2018.04.18 06:39:41.931,0.7692,0.76934,1.00,1.00
2018.04.18 06:39:42.471,0.7692,0.76935,1.00,1.00
2018.04.18 06:39:43.562,0.7692,0.76934,1.00,1.00
2018.04.18 06:39:44.359,0.76918,0.76934,1.00,1.00
2018.04.18 06:39:44.520,0.76918,0.76932,1.00,1.00
2018.04.18 06:39:45.137,0.76918,0.76933,1.00,1.00
2018.04.18 06:39:46.012,0.76918,0.76932,1.00,1.00
2018.04.18 06:39:46.114,0.76916,0.76932,1.00,1.00
2018.04.18 06:39:47.034,0.76918,0.76934,1.00,1.00
2018.04.18 06:39:47.085,0.76918,0.76936,1.00,1.00
2018.04.18 06:39:47.136,0.7692,0.76938,1.00,1.00
2018.04.18 06:39:47.311,0.76918,0.76937,1.00,1.00
2018.04.18 06:39:47.362,0.76917,0.76933,1.50,1.00
2018.04.18 06:39:47.696,0.76915,0.76931,1.10,1.00
2018.04.18 06:39:49.149,0.76914,0.76928,1.10,1.00
2018.04.18 06:39:49.352,0.76915,0.7693,1.00,1.00
2018.04.18 06:39:50.798,0.76915,0.76931,1.50,1.00
2018.04.18 06:39:51.055,0.76917,0.76932,1.00,1.00
2018.04.18 06:39:51.685,0.76915,0.76931,1.50,1.00
2018.04.18 06:39:52.262,0.76915,0.7693,1.00,1.00
2018.04.18 06:39:55.358,0.76915,0.76931,1.50,1.00
2018.04.18 06:39:55.506,0.76915,0.76933,1.00,1.00
2018.04.18 06:39:55.558,0.76916,0.76936,1.00,1.42
2018.04.18 06:39:55.609,0.76916,0.76931,1.00,1.00
2018.04.18 06:39:56.180,0.76915,0.7693,1.00,1.00
2018.04.18 06:39:56.690,0.76915,0.76931,1.50,1.00
2018.04.18 06:39:57.439,0.76915,0.7693,1.50,1.00
2018.04.18 06:39:59.170,0.76915,0.76933,1.95,1.50
2018.04.18 06:40:00.468,0.76917,0.76933,1.07,1.00
2018.04.18 06:40:01.018,0.76917,0.76933,1.10,1.00
2018.04.18 06:40:05.059,0.76918,0.76933,1.00,1.00
2018.04.18 06:40:06.680,0.76919,0.76934,1.00,1.00
2018.04.18 06:40:06.937,0.76921,0.76936,1.00,1.00
2018.04.18 06:40:07.285,0.76919,0.76936,1.50,1.00
2018.04.18 06:40:07.336,0.76919,0.76933,1.00,1.00
2018.04.18 06:40:07.437,0.76921,0.76936,1.00,1.00
2018.04.18 06:40:07.713,0.76918,0.76936,1.50,1.50
2018.04.18 06:40:07.766,0.76918,0.76932,1.00,1.00
2018.04.18 06:40:08.386,0.76918,0.76933,1.50,1.00
2018.04.18 06:40:09.502,0.76919,0.76934,1.00,1.00
2018.04.18 06:40:10.029,0.76918,0.76933,1.50,1.00
2018.04.18 06:40:10.382,0.76916,0.76933,1.57,1.00
2018.04.18 06:40:12.101,0.76916,0.76931,1.57,1.00
2018.04.18 06:40:14.274,0.76918,0.76933,1.00,1.00
2018.04.18 06:40:14.786,0.76919,0.76933,1.00,1.00
2018.04.18 06:40:20.960,0.76917,0.76932,1.50,1.00
2018.04.18 06:40:21.162,0.76914,0.76931,1.57,1.00
2018.04.18 06:40:22.054,0.76916,0.76931,1.00,1.00
2018.04.18 06:40:23.131,0.76917,0.76931,1.00,1.00
2018.04.18 06:40:23.648,0.76917,0.76932,1.50,1.00
2018.04.18 06:40:24.171,0.76917,0.76931,1.00,1.00
2018.04.18 06:40:27.945,0.76917,0.76932,1.50,1.00
2018.04.18 06:40:27.996,0.76917,0.76934,1.50,1.00
2018.04.18 06:40:28.047,0.7692,0.76934,1.00,1.00
2018.04.18 06:40:28.314,0.76918,0.76934,1.00,1.00
2018.04.18 06:40:28.990,0.7692,0.76934,1.00,1.00
2018.04.18 06:40:29.128,0.76918,0.76933,1.00,1.00
2018.04.18 06:40:29.740,0.76918,0.76934,1.00,1.00
2018.04.18 06:40:44.224,0.7692,0.76935,1.00,1.00
2018.04.18 06:40:46.502,0.7692,0.76933,1.00,1.00
2018.04.18 06:40:50.529,0.7692,0.76934,1.00,1.00
2018.04.18 06:40:54.115,0.76921,0.76936,1.00,1.00
2018.04.18 06:40:54.322,0.76921,0.76934,1.00,1.00
2018.04.18 06:40:54.372,0.76919,0.76934,1.50,1.00
2018.04.18 06:40:55.163,0.76919,0.76935,1.00,1.00
2018.04.18 06:40:55.216,0.76919,0.76933,1.00,1.00
2018.04.18 06:40:55.777,0.76918,0.76932,1.50,1.00
2018.04.18 06:40:56.118,0.7692,0.76934,1.50,1.00
2018.04.18 06:40:56.422,0.7692,0.76931,1.00,1.00
2018.04.18 06:40:56.632,0.7692,0.76934,1.00,1.00
2018.04.18 06:40:56.841,0.7692,0.76932,1.00,1.00
2018.04.18 06:41:00.981,0.7692,0.76933,1.00,1.00
2018.04.18 06:41:01.538,0.7692,0.76932,1.00,1.00
2018.04.18 06:41:02.196,0.7692,0.76933,1.00,1.00
2018.04.18 06:41:02.856,0.7692,0.76932,1.00,1.00
2018.04.18 06:41:03.204,0.7692,0.76934,1.00,1.00
2018.04.18 06:41:03.255,0.76922,0.76933,1.00,1.00
2018.04.18 06:41:03.306,0.7692,0.76933,1.00,1.00
2018.04.18 06:41:04.193,0.7692,0.76934,1.00,1.00
2018.04.18 06:41:04.671,0.76923,0.76936,1.00,1.00
2018.04.18 06:41:05.010,0.76921,0.76934,1.00,1.00
2018.04.18 06:41:06.016,0.76921,0.76933,1.00,1.00
2018.04.18 06:41:07.189,0.76921,0.76934,1.00,1.00
2018.04.18 06:41:07.742,0.7692,0.76933,1.00,1.00
2018.04.18 06:41:13.063,0.7692,0.76934,1.50,1.00
2018.04.18 06:41:13.576,0.76921,0.76934,1.00,1.00
2018.04.18 06:41:15.759,0.76921,0.76933,1.00,1.00
2018.04.18 06:41:15.810,0.76918,0.76933,1.00,1.00
2018.04.18 06:41:15.861,0.76918,0.76931,1.00,1.00
2018.04.18 06:41:21.744,0.76918,0.76932,1.50,1.00
2018.04.18 06:41:27.604,0.76918,0.76931,1.00,1.00
2018.04.18 06:41:27.929,0.76916,0.76931,1.00,1.00
2018.04.18 06:41:28.182,0.76919,0.76931,1.00,1.00
2018.04.18 06:41:30.322,0.76919,0.7693,1.00,1.00
2018.04.18 06:41:31.353,0.76916,0.7693,2.25,1.00
2018.04.18 06:41:32.172,0.76916,0.76929,1.00,1.00
2018.04.18 06:41:33.094,0.76916,0.7693,1.50,1.00
2018.04.18 06:41:33.988,0.76916,0.76929,1.00,1.00
2018.04.18 06:41:35.367,0.76916,0.7693,1.50,1.00
2018.04.18 06:41:37.162,0.76916,0.76931,1.50,1.00
2018.04.18 06:41:37.499,0.76918,0.76931,1.00,1.00
2018.04.18 06:41:39.689,0.76916,0.7693,1.00,1.00
2018.04.18 06:41:39.918,0.76916,0.76932,1.00,1.00
2018.04.18 06:41:40.019,0.76919,0.76932,1.00,1.00
2018.04.18 06:41:40.070,0.7692,0.76935,1.00,1.00
2018.04.18 06:41:40.172,0.76922,0.76936,1.00,1.00
2018.04.18 06:41:41.275,0.76922,0.76937,1.00,1.00
2018.04.18 06:41:41.745,0.76921,0.76935,1.50,1.00
2018.04.18 06:41:44.028,0.76921,0.76937,1.50,1.00
2018.04.18 06:41:44.079,0.76921,0.76935,1.50,1.00
2018.04.18 06:41:44.465,0.76921,0.76937,1.50,1.00
2018.04.18 06:41:46.553,0.7692,0.76935,1.00,1.00
2018.04.18 06:41:48.201,0.7692,0.76936,1.00,1.00
2018.04.18 06:41:49.153,0.7692,0.76937,1.00,1.00
2018.04.18 06:41:54.795,0.76921,0.76935,1.00,1.00
2018.04.18 06:41:58.159,0.76921,0.76934,1.00,1.00
2018.04.18 06:41:59.128,0.76921,0.76933,1.00,1.00
2018.04.18 06:42:00.095,0.76921,0.76934,1.00,1.00
2018.04.18 06:42:00.211,0.76919,0.76933,1.50,1.00
2018.04.18 06:42:02.034,0.76919,0.76934,1.50,1.00
2018.04.18 06:42:03.078,0.76919,0.76933,1.50,1.00
2018.04.18 06:42:03.334,0.76921,0.76934,1.00,1.00
2018.04.18 06:42:03.435,0.76918,0.76935,2.25,1.00
2018.04.18 06:42:03.540,0.76919,0.76933,1.00,1.00
2018.04.18 06:42:04.057,0.76918,0.76933,1.00,1.00
2018.04.18 06:42:05.906,0.76917,0.76933,1.50,1.00
2018.04.18 06:42:06.216,0.76917,0.7693,1.00,1.00
2018.04.18 06:42:06.897,0.76917,0.76931,1.00,1.00
2018.04.18 06:42:07.466,0.76916,0.76932,1.50,1.00
2018.04.18 06:42:07.972,0.76916,0.7693,1.50,1.00
2018.04.18 06:42:08.926,0.76916,0.76931,1.50,1.00
2018.04.18 06:42:09.562,0.76916,0.76932,1.00,1.00
2018.04.18 06:42:09.999,0.76916,0.7693,1.00,1.00
2018.04.18 06:42:10.755,0.76916,0.76931,1.00,1.00
2018.04.18 06:42:11.910,0.76916,0.7693,1.00,1.00
2018.04.18 06:42:13.959,0.76914,0.7693,1.50,1.00
2018.04.18 06:42:19.905,0.76912,0.7693,1.50,1.50
2018.04.18 06:42:19.956,0.76912,0.76928,1.50,1.00
2018.04.18 06:42:34.729,0.76914,0.76929,1.00,1.00
2018.04.18 06:42:35.072,0.76916,0.76932,1.00,1.00
2018.04.18 06:42:38.386,0.76916,0.76931,1.00,1.00
2018.04.18 06:42:39.672,0.76916,0.76932,1.00,1.00
2018.04.18 06:42:42.580,0.76917,0.76932,1.00,1.00
2018.04.18 06:42:43.490,0.76915,0.76933,1.57,1.50
2018.04.18 06:42:44.664,0.76916,0.76932,1.00,1.00
2018.04.18 06:42:47.563,0.76917,0.76932,1.00,1.00
2018.04.18 06:42:47.716,0.7692,0.76935,1.00,1.00
2018.04.18 06:42:49.559,0.7692,0.76936,1.50,1.00
2018.04.18 06:42:51.399,0.7692,0.76935,1.00,1.00
2018.04.18 06:42:51.908,0.7692,0.76936,1.50,1.00
2018.04.18 06:42:55.824,0.7692,0.76935,1.50,1.00
2018.04.18 06:42:56.391,0.7692,0.76936,1.50,1.00
2018.04.18 06:42:59.063,0.7692,0.76935,1.00,1.00
2018.04.18 06:43:00.411,0.7692,0.76936,1.50,1.00
2018.04.18 06:43:01.215,0.76921,0.76936,1.00,1.00
2018.04.18 06:43:19.635,0.7692,0.76935,1.00,1.00
2018.04.18 06:43:20.021,0.76918,0.76935,1.00,1.00
2018.04.18 06:43:20.705,0.7692,0.76936,1.00,1.00
2018.04.18 06:43:22.218,0.76923,0.76937,1.00,1.00
2018.04.18 06:43:22.320,0.76923,0.76939,1.00,1.00
2018.04.18 06:43:22.823,0.76923,0.76941,1.50,2.10
2018.04.18 06:43:25.396,0.76924,0.7694,1.00,1.35
2018.04.18 06:43:25.548,0.7692,0.76935,1.50,1.00
2018.04.18 06:43:25.801,0.76918,0.76935,1.00,1.00
2018.04.18 06:43:26.352,0.76918,0.76934,1.00,1.00
2018.04.18 06:43:28.668,0.76918,0.76935,1.00,1.50
2018.04.18 06:43:28.851,0.76917,0.76933,1.00,1.50
2018.04.18 06:43:29.466,0.76917,0.76932,1.00,1.00
2018.04.18 06:43:29.672,0.76915,0.76931,1.50,1.00
2018.04.18 06:43:30.196,0.76916,0.76932,1.00,1.00
2018.04.18 06:43:30.248,0.76914,0.76932,1.50,1.00
2018.04.18 06:43:31.672,0.76917,0.76933,1.00,1.00
2018.04.18 06:43:32.333,0.76916,0.76934,1.00,1.50
2018.04.18 06:43:33.614,0.76916,0.76933,1.00,1.00
2018.04.18 06:43:34.026,0.76916,0.76931,1.00,1.00
2018.04.18 06:43:34.593,0.76914,0.7693,1.00,1.00
2018.04.18 06:43:35.152,0.76913,0.76929,1.50,1.00
2018.04.18 06:43:40.756,0.76913,0.76928,1.00,1.00
2018.04.18 06:43:41.554,0.76912,0.76928,1.00,1.00
2018.04.18 06:43:41.680,0.76912,0.7693,1.00,1.50
2018.04.18 06:43:42.819,0.76912,0.76929,1.00,1.00
2018.04.18 06:43:57.001,0.76913,0.76929,1.00,1.50
2018.04.18 06:43:57.180,0.76915,0.76931,1.00,1.50
2018.04.18 06:44:03.468,0.76914,0.7693,1.00,1.00
2018.04.18 06:44:04.248,0.76914,0.76929,1.00,1.00
2018.04.18 06:44:05.022,0.76915,0.76931,1.00,1.50
2018.04.18 06:44:05.544,0.76916,0.76931,1.00,1.00
2018.04.18 06:44:06.286,0.76916,0.76932,1.00,1.00
2018.04.18 06:44:18.270,0.76917,0.76933,1.00,1.00
2018.04.18 06:44:18.383,0.76919,0.76934,1.00,1.00
2018.04.18 06:44:18.433,0.76916,0.76934,1.10,1.00
2018.04.18 06:44:19.996,0.76916,0.76932,1.00,1.00
2018.04.18 06:44:20.147,0.76916,0.76934,1.00,1.00
2018.04.18 06:44:20.198,0.76917,0.76932,1.00,1.00
2018.04.18 06:44:20.768,0.76915,0.76931,1.00,1.00
2018.04.18 06:44:20.922,0.76917,0.76932,1.00,1.50
2018.04.18 06:44:21.424,0.76916,0.76932,1.00,1.50
2018.04.18 06:44:22.148,0.76915,0.76931,1.00,1.00
2018.04.18 06:44:25.132,0.76913,0.76931,1.00,1.50
2018.04.18 06:44:25.639,0.76915,0.76931,1.00,1.50
2018.04.18 06:44:25.795,0.76915,0.76933,1.50,1.50
2018.04.18 06:44:25.846,0.76916,0.76931,1.00,1.00
2018.04.18 06:44:26.175,0.76917,0.76933,1.00,1.50
2018.04.18 06:44:26.555,0.76915,0.7693,1.00,1.00
2018.04.18 06:44:26.656,0.76912,0.76928,1.50,1.00
2018.04.18 06:44:27.032,0.76914,0.7693,1.00,1.50
2018.04.18 06:44:27.352,0.76913,0.76928,1.00,1.00
2018.04.18 06:44:28.062,0.76912,0.76928,1.50,1.00
2018.04.18 06:44:28.381,0.7691,0.76926,1.50,1.00
2018.04.18 06:44:28.900,0.7691,0.76927,1.00,1.00
2018.04.18 06:44:29.223,0.76908,0.76924,1.00,1.00
2018.04.18 06:44:29.730,0.76909,0.76924,1.00,1.00
2018.04.18 06:44:30.258,0.7691,0.76925,1.50,1.00
2018.04.18 06:44:30.600,0.76911,0.76927,1.00,1.00
2018.04.18 06:44:30.752,0.76913,0.76928,1.00,1.00
2018.04.18 06:44:30.803,0.76914,0.7693,1.00,1.00
2018.04.18 06:44:31.956,0.76913,0.76931,1.50,1.50
2018.04.18 06:44:32.516,0.76914,0.76931,1.00,1.50
2018.04.18 06:44:33.512,0.76915,0.76931,1.00,1.00
2018.04.18 06:44:35.836,0.76912,0.76927,1.00,1.00
2018.04.18 06:44:35.989,0.76912,0.76929,1.00,1.00
2018.04.18 06:44:36.040,0.76912,0.76927,1.00,1.00
2018.04.18 06:44:36.777,0.76911,0.76927,1.00,1.00
2018.04.18 06:44:39.303,0.76912,0.76927,1.00,1.00
2018.04.18 06:44:39.813,0.76911,0.76927,1.00,1.00
2018.04.18 06:44:40.665,0.7691,0.76927,1.00,1.00
2018.04.18 06:44:41.440,0.76911,0.76926,1.00,1.00
2018.04.18 06:44:42.378,0.76909,0.76927,1.00,1.00
2018.04.18 06:44:42.916,0.7691,0.76926,1.00,1.00
2018.04.18 06:44:43.588,0.76908,0.76924,1.00,1.00
2018.04.18 06:44:43.910,0.76911,0.76925,1.00,1.00
2018.04.18 06:44:44.011,0.76911,0.76927,1.00,1.00
2018.04.18 06:44:44.417,0.76913,0.76928,1.00,1.00
2018.04.18 06:44:44.809,0.76911,0.76927,1.00,1.00
2018.04.18 06:44:47.334,0.76913,0.76929,1.00,1.50
2018.04.18 06:44:47.908,0.76912,0.76928,1.50,1.00
2018.04.18 06:44:49.394,0.76913,0.76929,1.00,1.50
2018.04.18 06:44:51.303,0.76914,0.76929,1.00,1.00
2018.04.18 06:44:51.404,0.76917,0.76933,1.00,1.50
2018.04.18 06:44:52.200,0.76918,0.76933,1.00,1.50
2018.04.18 06:44:55.188,0.76919,0.76934,1.00,1.50
2018.04.18 06:44:55.239,0.7692,0.76936,1.00,1.00
2018.04.18 06:44:56.012,0.76921,0.76937,1.00,1.00
2018.04.18 06:44:57.465,0.76921,0.76936,1.00,1.00
2018.04.18 06:45:00.201,0.76921,0.76937,1.00,1.00
2018.04.18 06:45:00.492,0.76923,0.76938,1.00,1.00
2018.04.18 06:45:01.039,0.76924,0.76939,1.00,1.00
2018.04.18 06:45:01.242,0.76922,0.76939,1.00,1.00
2018.04.18 06:45:01.293,0.76924,0.76939,1.00,1.00
2018.04.18 06:45:02.595,0.76923,0.76939,1.00,1.50
2018.04.18 06:45:03.356,0.76924,0.76939,1.00,1.00
2018.04.18 06:45:08.053,0.76923,0.76939,1.00,1.50
2018.04.18 06:45:08.631,0.76924,0.76939,1.00,1.00
2018.04.18 06:45:10.110,0.76923,0.76939,1.00,1.50
2018.04.18 06:45:10.614,0.76924,0.76939,1.00,1.00
2018.04.18 06:45:11.730,0.76923,0.76939,1.00,1.00
2018.04.18 06:45:12.235,0.76924,0.76939,1.00,1.00
2018.04.18 06:45:19.407,0.76925,0.76939,1.00,1.00
2018.04.18 06:45:23.276,0.76923,0.76939,1.00,1.00
2018.04.18 06:45:25.906,0.76923,0.7694,1.00,1.00
2018.04.18 06:45:28.990,0.76923,0.76938,1.00,1.00
2018.04.18 06:45:29.091,0.76921,0.76937,1.50,1.00
2018.04.18 06:45:29.294,0.76919,0.76935,1.00,1.00
2018.04.18 06:45:29.835,0.76918,0.76934,1.00,1.50
2018.04.18 06:45:30.996,0.76917,0.76934,1.00,1.50
2018.04.18 06:45:34.300,0.76916,0.76934,1.50,1.50
2018.04.18 06:45:34.909,0.76918,0.76933,1.00,1.00
2018.04.18 06:45:35.434,0.76917,0.76934,1.00,1.00
2018.04.18 06:45:35.971,0.76918,0.76933,1.00,1.00
2018.04.18 06:45:53.101,0.76918,0.76934,1.00,1.50
2018.04.18 06:45:54.599,0.76918,0.76933,1.00,1.00
2018.04.18 06:45:55.244,0.76918,0.76934,1.00,1.50
2018.04.18 06:45:57.529,0.76917,0.76934,1.00,1.50
2018.04.18 06:45:58.047,0.76916,0.76932,1.50,1.00
2018.04.18 06:45:59.135,0.76916,0.76931,1.00,1.00
2018.04.18 06:45:59.768,0.76917,0.76931,1.00,1.00
2018.04.18 06:46:00.077,0.76919,0.76932,1.00,1.00
2018.04.18 06:46:00.247,0.76919,0.76934,1.00,1.00
2018.04.18 06:46:10.025,0.76921,0.76935,1.00,1.00
2018.04.18 06:46:10.149,0.76921,0.76937,1.00,1.00
2018.04.18 06:46:10.471,0.7692,0.76935,1.00,1.00
2018.04.18 06:46:11.055,0.76921,0.76935,1.00,1.00
2018.04.18 06:46:11.985,0.7692,0.76935,1.00,1.00
2018.04.18 06:46:13.400,0.76921,0.76935,1.00,1.00
2018.04.18 06:46:13.818,0.76919,0.76935,1.00,1.00
2018.04.18 06:46:14.197,0.76921,0.76935,1.00,1.00
2018.04.18 06:46:16.480,0.76919,0.76933,1.00,1.00
2018.04.18 06:46:16.783,0.76914,0.76929,1.50,1.00
2018.04.18 06:46:17.440,0.76914,0.76928,1.00,1.00
2018.04.18 06:46:17.541,0.76912,0.76926,1.50,1.00
2018.04.18 06:46:18.407,0.76913,0.76928,1.00,1.00
2018.04.18 06:46:18.618,0.76915,0.76929,1.00,1.00
2018.04.18 06:46:22.237,0.76915,0.7693,1.00,1.00
2018.04.18 06:46:24.087,0.76915,0.76929,1.00,1.00
2018.04.18 06:46:28.892,0.76914,0.76928,1.00,1.00
2018.04.18 06:46:28.944,0.76912,0.76928,1.50,1.00
2018.04.18 06:46:29.680,0.76912,0.76927,1.00,1.00
2018.04.18 06:46:30.905,0.76911,0.76927,1.00,1.00
2018.04.18 06:46:31.007,0.76911,0.76925,1.00,1.00
2018.04.18 06:46:31.579,0.76912,0.76926,1.00,1.00
2018.04.18 06:46:34.355,0.76912,0.76927,1.00,1.00
2018.04.18 06:46:38.435,0.76913,0.76927,1.00,1.00
2018.04.18 06:46:45.333,0.76914,0.76928,1.00,1.00
2018.04.18 06:46:45.543,0.76914,0.76931,1.00,1.00
2018.04.18 06:46:45.594,0.76915,0.76929,1.00,1.00
2018.04.18 06:46:49.618,0.76915,0.7693,1.00,1.00
2018.04.18 06:46:53.578,0.76914,0.76929,1.00,1.00
2018.04.18 06:46:53.916,0.76912,0.76927,1.00,1.00
2018.04.18 06:46:54.467,0.76914,0.76927,1.00,1.00
2018.04.18 06:46:55.202,0.76916,0.76934,1.00,2.17
2018.04.18 06:46:55.253,0.76916,0.76929,1.00,1.00
2018.04.18 06:46:55.305,0.76914,0.76929,1.00,1.00
2018.04.18 06:46:55.507,0.76912,0.76928,1.50,1.00
2018.04.18 06:46:56.008,0.76913,0.76928,1.00,1.00
2018.04.18 06:46:57.698,0.76912,0.76928,1.50,1.00
2018.04.18 06:46:58.237,0.76912,0.76927,1.00,1.00
2018.04.18 06:46:58.287,0.76912,0.76924,1.00,1.00
2018.04.18 06:46:58.338,0.76907,0.76922,1.00,1.00
2018.04.18 06:46:58.860,0.76907,0.76923,1.50,1.00
2018.04.18 06:47:00.042,0.76908,0.76923,1.00,1.00
2018.04.18 06:47:00.306,0.76907,0.76921,1.00,1.00
2018.04.18 06:47:00.509,0.76906,0.76924,1.00,1.50
2018.04.18 06:47:00.560,0.76907,0.76922,1.00,1.00
2018.04.18 06:47:00.768,0.76905,0.76922,1.00,1.00
2018.04.18 06:47:00.819,0.76908,0.76923,1.00,1.00
2018.04.18 06:47:01.356,0.76908,0.76924,1.50,1.00
2018.04.18 06:47:02.410,0.76911,0.76927,1.00,1.00
2018.04.18 06:47:03.074,0.7691,0.76926,1.00,1.00
2018.04.18 06:47:05.316,0.76911,0.76926,1.00,1.00
2018.04.18 06:47:09.375,0.76911,0.76927,1.00,1.00
2018.04.18 06:47:09.734,0.76909,0.76924,1.00,1.00
2018.04.18 06:47:10.188,0.76911,0.76925,1.00,1.00
2018.04.18 06:47:10.289,0.76911,0.76927,1.00,1.00
2018.04.18 06:47:10.860,0.76911,0.76928,1.50,1.00
2018.04.18 06:47:11.028,0.76911,0.76926,1.50,1.00
2018.04.18 06:47:24.442,0.76911,0.76925,1.00,1.00
2018.04.18 06:47:24.595,0.76909,0.76924,1.50,1.00
2018.04.18 06:47:25.399,0.7691,0.76925,1.00,1.00
2018.04.18 06:47:26.386,0.76911,0.76926,1.00,1.00
2018.04.18 06:47:26.692,0.76911,0.76928,1.00,1.00
2018.04.18 06:47:26.781,0.76911,0.76926,1.00,1.00
2018.04.18 06:47:27.358,0.76912,0.76927,1.00,1.00
2018.04.18 06:47:27.887,0.76912,0.76928,1.00,1.00
2018.04.18 06:47:29.112,0.76911,0.76926,1.00,1.00
2018.04.18 06:47:30.102,0.7691,0.76927,1.00,1.00
2018.04.18 06:47:30.787,0.7691,0.76928,1.50,1.00
2018.04.18 06:47:31.501,0.7691,0.76927,1.50,1.00
2018.04.18 06:47:32.021,0.76911,0.76926,1.00,1.00
2018.04.18 06:47:40.943,0.7691,0.76926,1.50,1.00
2018.04.18 06:47:41.593,0.7691,0.76927,1.00,1.00
2018.04.18 06:47:45.131,0.7691,0.76926,1.00,1.00
2018.04.18 06:48:02.070,0.76909,0.76925,1.50,1.00
2018.04.18 06:48:02.636,0.7691,0.76925,1.00,1.00
2018.04.18 06:48:03.878,0.7691,0.76927,1.00,1.50
2018.04.18 06:48:14.805,0.76911,0.76926,1.00,1.00
2018.04.18 06:48:14.856,0.76911,0.76928,1.00,1.00
2018.04.18 06:48:15.616,0.76911,0.76927,1.50,1.00
2018.04.18 06:48:16.108,0.76909,0.76926,1.50,1.00
2018.04.18 06:48:17.829,0.76909,0.76925,1.00,1.00
2018.04.18 06:48:18.354,0.7691,0.76925,1.00,1.50
2018.04.18 06:48:26.413,0.76909,0.76924,1.00,1.00
2018.04.18 06:48:26.566,0.7691,0.76926,1.00,1.00
2018.04.18 06:48:27.302,0.76911,0.76926,1.00,1.00
2018.04.18 06:48:29.186,0.76911,0.76925,1.00,1.00
2018.04.18 06:48:29.238,0.76907,0.76922,1.00,1.00
2018.04.18 06:48:29.341,0.76904,0.76919,1.00,1.00
2018.04.18 06:48:29.941,0.76903,0.76919,1.00,1.50
2018.04.18 06:48:30.601,0.76904,0.76919,1.00,1.50
2018.04.18 06:48:32.361,0.76903,0.76919,1.00,1.50
2018.04.18 06:48:32.710,0.76905,0.7692,1.00,1.00
2018.04.18 06:48:33.247,0.76905,0.76921,1.00,1.00
2018.04.18 06:48:33.836,0.76904,0.7692,1.00,1.00
2018.04.18 06:48:37.099,0.76905,0.7692,1.00,1.00
2018.04.18 06:48:37.253,0.76906,0.76922,1.00,1.00
2018.04.18 06:48:37.507,0.76904,0.7692,1.50,1.00
2018.04.18 06:48:38.244,0.76904,0.76921,1.00,1.00
2018.04.18 06:48:41.647,0.76903,0.76921,1.00,1.50
2018.04.18 06:48:43.140,0.76904,0.76921,1.00,1.00
2018.04.18 06:48:43.676,0.76905,0.76922,1.00,1.50
2018.04.18 06:48:43.988,0.76903,0.76919,1.00,1.00
2018.04.18 06:48:45.226,0.76904,0.76919,1.00,1.00
2018.04.18 06:48:49.404,0.76904,0.76921,1.00,1.50
2018.04.18 06:48:50.030,0.76905,0.76921,1.00,1.50
2018.04.18 06:48:50.822,0.76906,0.76921,1.00,1.50
2018.04.18 06:48:53.813,0.76907,0.76921,1.00,1.00
2018.04.18 06:48:56.188,0.76907,0.76922,1.00,1.00
2018.04.18 06:48:56.710,0.76906,0.76923,1.00,1.50
2018.04.18 06:48:56.761,0.76906,0.76921,1.00,1.00
2018.04.18 06:48:56.863,0.76907,0.76923,1.00,1.50
2018.04.18 06:48:57.507,0.76908,0.76923,1.00,1.00
2018.04.18 06:49:00.763,0.76907,0.76922,1.50,1.00
2018.04.18 06:49:01.340,0.76908,0.76923,1.00,1.50
2018.04.18 06:49:04.172,0.76907,0.76922,1.00,1.00
2018.04.18 06:49:07.575,0.76908,0.76923,1.00,1.50
2018.04.18 06:49:08.111,0.76907,0.76923,1.00,1.00
2018.04.18 06:49:09.950,0.76909,0.76923,1.00,1.00
2018.04.18 06:49:10.777,0.76908,0.76923,1.00,1.00
2018.04.18 06:49:15.105,0.76906,0.76921,1.00,1.00
2018.04.18 06:49:15.409,0.76908,0.76923,1.00,1.50
2018.04.18 06:49:16.294,0.76908,0.76924,1.00,1.00
2018.04.18 06:49:16.865,0.76908,0.76923,1.00,1.00
2018.04.18 06:49:17.759,0.76907,0.76923,1.00,1.00
2018.04.18 06:49:18.369,0.76908,0.76924,1.00,1.00
2018.04.18 06:49:20.472,0.76909,0.76925,1.00,1.50
2018.04.18 06:49:22.932,0.7691,0.76925,1.00,1.50
2018.04.18 06:49:23.472,0.76909,0.76925,1.00,1.50
2018.04.18 06:49:25.024,0.76909,0.76923,1.00,1.00
2018.04.18 06:49:25.078,0.76906,0.76921,1.00,1.00
2018.04.18 06:49:25.595,0.76906,0.7692,1.00,1.00
2018.04.18 06:49:25.697,0.76907,0.76922,1.00,1.00
2018.04.18 06:49:26.470,0.76908,0.76922,1.00,1.00
2018.04.18 06:49:28.311,0.76907,0.76922,1.00,1.00
2018.04.18 06:49:29.107,0.76908,0.76922,1.00,1.00
2018.04.18 06:49:29.779,0.76907,0.76922,1.00,1.50
2018.04.18 06:49:29.830,0.76904,0.76922,1.50,1.50
2018.04.18 06:49:29.932,0.76906,0.76921,1.00,1.00
2018.04.18 06:49:30.352,0.76908,0.76922,1.00,1.00
2018.04.18 06:49:32.371,0.76908,0.76923,1.00,1.00
2018.04.18 06:49:32.989,0.76908,0.76922,1.00,1.00
2018.04.18 06:49:33.162,0.76908,0.76924,1.00,1.50
2018.04.18 06:49:33.800,0.76907,0.76924,1.00,1.00
2018.04.18 06:49:35.015,0.76908,0.76923,1.00,1.00
2018.04.18 06:49:35.573,0.76908,0.76922,1.00,1.00
2018.04.18 06:49:37.110,0.76905,0.76922,1.00,1.00
2018.04.18 06:49:37.555,0.76905,0.7692,1.00,1.00
2018.04.18 06:49:38.081,0.76906,0.7692,1.00,1.00
2018.04.18 06:49:39.230,0.76904,0.76919,1.00,1.00
2018.04.18 06:49:39.433,0.76902,0.76919,1.00,1.00
2018.04.18 06:49:40.088,0.76903,0.76918,1.00,1.00
2018.04.18 06:49:42.528,0.76903,0.76919,1.00,1.00
2018.04.18 06:49:42.661,0.76905,0.7692,1.00,1.50
2018.04.18 06:49:42.926,0.76908,0.76924,1.00,1.00
2018.04.18 06:49:44.515,0.76909,0.76924,1.00,1.00
2018.04.18 06:49:47.371,0.7691,0.76925,1.00,1.00
2018.04.18 06:49:51.774,0.76911,0.76925,1.00,1.00
2018.04.18 06:49:53.545,0.76911,0.76927,1.00,1.00
2018.04.18 06:49:53.724,0.76907,0.76921,1.00,1.00
2018.04.18 06:49:54.129,0.76906,0.76923,1.00,1.50
2018.04.18 06:49:55.158,0.76907,0.76923,1.00,1.00
2018.04.18 06:49:55.404,0.76909,0.76924,1.00,1.00
2018.04.18 06:49:56.534,0.76909,0.76923,1.00,1.00
2018.04.18 06:49:56.714,0.76909,0.76925,1.50,1.00
2018.04.18 06:49:56.816,0.76912,0.76927,1.00,1.50
2018.04.18 06:49:56.867,0.7691,0.76927,1.00,1.00
2018.04.18 06:49:56.918,0.76912,0.76927,1.00,1.50
2018.04.18 06:49:56.969,0.76911,0.76929,1.50,1.00
2018.04.18 06:49:57.071,0.76913,0.76928,1.00,1.00
2018.04.18 06:49:58.048,0.76912,0.76928,1.00,1.00
2018.04.18 06:49:58.583,0.76911,0.76926,1.00,1.00
2018.04.18 06:49:58.743,0.76912,0.76928,1.00,1.50
2018.04.18 06:50:00.288,0.76911,0.76926,1.00,1.00
2018.04.18 06:50:00.794,0.76911,0.76927,1.50,1.00
2018.04.18 06:50:01.179,0.76915,0.7693,1.00,1.00
2018.04.18 06:50:01.419,0.76914,0.76932,1.50,1.50
2018.04.18 06:50:01.520,0.76915,0.7693,1.00,1.00
2018.04.18 06:50:02.062,0.76914,0.76929,1.00,1.00
2018.04.18 06:50:02.113,0.76912,0.7693,1.00,2.10
2018.04.18 06:50:03.281,0.76914,0.76929,1.00,1.00
2018.04.18 06:50:03.383,0.76911,0.76927,1.50,1.00
2018.04.18 06:50:03.457,0.76911,0.76929,1.50,1.35
2018.04.18 06:50:03.512,0.76911,0.76926,1.00,1.00
2018.04.18 06:50:03.995,0.76909,0.76926,1.00,1.00
2018.04.18 06:50:05.313,0.7691,0.76926,1.00,1.00
2018.04.18 06:50:05.458,0.7691,0.76928,1.50,1.50
2018.04.18 06:50:05.661,0.7691,0.76926,1.50,1.00
2018.04.18 06:50:08.289,0.76911,0.76926,1.00,1.00
2018.04.18 06:50:09.382,0.7691,0.76926,1.00,1.50
2018.04.18 06:50:10.112,0.76911,0.76926,1.00,1.50
2018.04.18 06:50:10.653,0.76912,0.76926,1.00,1.00
2018.04.18 06:50:11.595,0.76911,0.76926,1.00,1.50
2018.04.18 06:50:12.124,0.7691,0.76926,1.00,1.50
2018.04.18 06:50:12.862,0.76909,0.76925,1.00,1.00
2018.04.18 06:50:13.420,0.7691,0.76925,1.00,1.00
2018.04.18 06:50:13.736,0.76912,0.76928,1.00,1.50
2018.04.18 06:50:14.306,0.76911,0.76928,1.00,1.00
2018.04.18 06:50:15.410,0.76912,0.76927,1.00,1.00
2018.04.18 06:50:15.955,0.76911,0.76926,1.00,1.00
2018.04.18 06:50:16.511,0.76911,0.76925,1.00,1.00
2018.04.18 06:50:16.673,0.76909,0.76925,1.00,1.50
2018.04.18 06:50:17.286,0.7691,0.76925,1.00,1.00
2018.04.18 06:50:17.835,0.76908,0.76925,1.00,1.00
2018.04.18 06:50:19.273,0.76909,0.76925,1.00,1.00
2018.04.18 06:50:26.582,0.7691,0.76925,1.00,1.50
2018.04.18 06:50:30.306,0.76909,0.76925,1.00,1.50
2018.04.18 06:50:31.738,0.76908,0.76924,1.00,1.00
2018.04.18 06:50:34.609,0.76908,0.76923,1.00,1.00
2018.04.18 06:50:34.763,0.76909,0.76925,1.00,1.50
2018.04.18 06:50:34.814,0.76908,0.76923,1.00,1.00
2018.04.18 06:50:35.117,0.76909,0.76925,1.00,1.00
2018.04.18 06:50:35.287,0.76906,0.76921,1.00,1.00
2018.04.18 06:50:35.904,0.76907,0.76922,1.00,1.50
2018.04.18 06:50:36.413,0.76905,0.7692,1.00,1.50
2018.04.18 06:50:36.514,0.76903,0.7692,1.00,1.00
2018.04.18 06:50:36.564,0.76905,0.7692,1.00,1.50
2018.04.18 06:50:37.795,0.76902,0.76919,1.00,1.00
2018.04.18 06:50:37.947,0.76902,0.76917,1.00,1.00
2018.04.18 06:50:38.574,0.76901,0.76917,1.00,1.00
2018.04.18 06:50:39.090,0.76902,0.76917,1.00,1.00
2018.04.18 06:50:41.037,0.769,0.76918,1.50,1.50
2018.04.18 06:50:41.088,0.76901,0.76916,1.00,1.00
2018.04.18 06:50:41.752,0.769,0.76915,1.00,1.00
2018.04.18 06:50:42.259,0.769,0.76916,1.00,1.50
2018.04.18 06:50:42.919,0.76901,0.76916,1.00,1.00
2018.04.18 06:50:43.263,0.76899,0.76914,1.00,1.00
2018.04.18 06:50:43.911,0.76898,0.76915,1.50,1.00
2018.04.18 06:50:44.522,0.76898,0.76914,1.50,1.00
2018.04.18 06:50:45.089,0.76899,0.76915,1.00,1.00
2018.04.18 06:50:45.722,0.76898,0.76914,1.50,1.00
2018.04.18 06:50:46.201,0.76901,0.76916,1.00,1.00
2018.04.18 06:50:46.712,0.76901,0.76915,1.00,1.00
2018.04.18 06:50:47.120,0.76899,0.76916,1.00,1.50
2018.04.18 06:50:49.950,0.76901,0.76915,1.00,1.00
2018.04.18 06:50:50.781,0.76901,0.76916,1.00,1.50
2018.04.18 06:50:51.378,0.76901,0.76915,1.00,1.00
2018.04.18 06:50:54.529,0.769,0.76915,1.00,1.00
2018.04.18 06:50:56.481,0.76899,0.76913,1.00,1.00
2018.04.18 06:50:57.099,0.76898,0.76913,1.00,1.00
2018.04.18 06:50:58.319,0.76897,0.76913,1.50,1.00
2018.04.18 06:51:00.246,0.76898,0.76912,1.00,1.00
2018.04.18 06:51:02.778,0.76896,0.76911,1.00,1.00
2018.04.18 06:51:02.880,0.76895,0.76909,1.00,1.00
2018.04.18 06:51:03.376,0.76896,0.76911,1.00,1.00
2018.04.18 06:51:03.624,0.76894,0.76911,1.50,1.00
2018.04.18 06:51:03.675,0.76896,0.76911,1.00,1.00
2018.04.18 06:51:04.191,0.76897,0.76911,1.00,1.00
2018.04.18 06:51:05.855,0.76896,0.7691,1.00,1.00
2018.04.18 06:51:08.882,0.76896,0.76911,1.00,1.00
2018.04.18 06:51:09.208,0.76895,0.76909,1.00,1.00
2018.04.18 06:51:09.762,0.76896,0.7691,1.00,1.00
2018.04.18 06:51:10.807,0.76896,0.76911,1.00,1.50
2018.04.18 06:51:11.336,0.76897,0.76911,1.00,1.50
2018.04.18 06:51:19.452,0.76896,0.76911,1.50,1.00
2018.04.18 06:51:20.088,0.76896,0.7691,1.00,1.00
2018.04.18 06:51:29.906,0.76896,0.76909,1.00,1.00
2018.04.18 06:51:29.957,0.76894,0.76909,1.00,1.00
2018.04.18 06:51:30.363,0.76891,0.76906,1.50,1.00
2018.04.18 06:51:30.698,0.76899,0.76915,1.00,1.00
2018.04.18 06:51:31.457,0.76899,0.76914,1.00,1.00
2018.04.18 06:51:32.658,0.76898,0.76913,1.00,1.00
2018.04.18 06:51:33.289,0.76897,0.76912,1.00,1.00
2018.04.18 06:51:34.831,0.76899,0.76913,1.00,1.00
2018.04.18 06:51:35.367,0.769,0.76914,1.00,1.35
2018.04.18 06:51:35.742,0.76898,0.76912,1.00,1.00
2018.04.18 06:51:41.765,0.76899,0.76914,1.00,2.10
2018.04.18 06:51:42.145,0.76896,0.76913,1.00,1.00
2018.04.18 06:51:42.592,0.76896,0.76911,1.00,1.00
2018.04.18 06:51:43.573,0.76898,0.76912,1.00,1.00
2018.04.18 06:51:44.233,0.76897,0.76912,1.00,1.00
2018.04.18 06:51:48.612,0.76898,0.76913,1.00,1.00
2018.04.18 06:51:49.187,0.76899,0.76914,1.00,1.00
2018.04.18 06:51:50.642,0.769,0.76915,1.00,1.00
2018.04.18 06:51:53.771,0.76898,0.76913,1.00,1.00
2018.04.18 06:51:54.425,0.76898,0.76912,1.50,1.00
2018.04.18 06:51:59.993,0.76899,0.76914,1.00,1.00
2018.04.18 06:52:00.740,0.769,0.76914,1.00,1.00
2018.04.18 06:52:00.889,0.76897,0.76912,1.50,1.00
2018.04.18 06:52:03.272,0.76897,0.7691,1.00,1.00
2018.04.18 06:52:03.423,0.76895,0.7691,1.50,1.00
2018.04.18 06:52:04.215,0.76896,0.76911,1.00,1.00
2018.04.18 06:52:04.596,0.76895,0.76909,1.00,1.00
2018.04.18 06:52:04.860,0.76895,0.76912,1.00,1.50
2018.04.18 06:52:05.174,0.76897,0.76912,1.00,1.00
2018.04.18 06:52:06.110,0.76898,0.76912,1.00,1.00
2018.04.18 06:52:07.174,0.76895,0.7691,1.50,1.00
2018.04.18 06:52:07.413,0.76895,0.76912,1.00,1.50
2018.04.18 06:52:07.696,0.76896,0.76908,1.00,1.00
2018.04.18 06:52:07.747,0.76896,0.7691,1.00,1.00
2018.04.18 06:52:07.850,0.76893,0.76909,1.50,1.00
2018.04.18 06:52:08.509,0.76893,0.76908,1.50,1.00
2018.04.18 06:52:09.031,0.76893,0.76906,1.00,1.00
2018.04.18 06:52:09.234,0.76893,0.76908,1.00,1.00
2018.04.18 06:52:09.340,0.76893,0.76906,1.00,1.00
2018.04.18 06:52:09.928,0.76892,0.76907,1.00,1.00
2018.04.18 06:52:11.138,0.76893,0.76907,1.50,1.00
2018.04.18 06:52:11.190,0.76893,0.76909,1.00,1.00
2018.04.18 06:52:11.630,0.76893,0.76906,1.00,1.00
2018.04.18 06:52:12.151,0.76893,0.76907,1.00,1.00
2018.04.18 06:52:13.241,0.76893,0.76908,1.50,1.00
2018.04.18 06:52:16.434,0.76895,0.76908,1.00,1.00
2018.04.18 06:52:16.616,0.76895,0.7691,1.50,1.00
2018.04.18 06:52:20.227,0.76896,0.76911,1.00,1.00
2018.04.18 06:52:20.739,0.76897,0.76911,1.00,1.00
2018.04.18 06:52:21.398,0.76897,0.7691,1.00,1.00
2018.04.18 06:52:23.612,0.76898,0.76913,1.00,1.00
2018.04.18 06:52:23.894,0.76895,0.76912,1.50,1.00
2018.04.18 06:52:24.396,0.76896,0.76911,1.50,1.00
2018.04.18 06:52:24.448,0.76896,0.76913,1.50,1.00
2018.04.18 06:52:24.550,0.76899,0.76913,1.00,1.00
2018.04.18 06:52:24.764,0.76893,0.76908,1.00,1.00
2018.04.18 06:52:25.234,0.76894,0.76911,1.50,1.00
2018.04.18 06:52:25.515,0.76896,0.76911,1.00,1.00
2018.04.18 06:52:25.768,0.76894,0.7691,1.50,1.00
2018.04.18 06:52:25.869,0.76896,0.76909,1.00,1.00
2018.04.18 06:52:26.186,0.76894,0.76907,1.00,1.00
2018.04.18 06:52:26.891,0.76895,0.76909,1.00,1.00
2018.04.18 06:52:26.993,0.76897,0.7691,1.00,1.00
2018.04.18 06:52:27.620,0.76897,0.76911,1.00,1.00
2018.04.18 06:52:31.903,0.76897,0.76912,1.50,1.00
2018.04.18 06:52:34.355,0.76897,0.76914,1.50,1.00
2018.04.18 06:52:34.595,0.76897,0.76911,1.00,1.00
2018.04.18 06:52:35.643,0.76897,0.76912,1.50,1.00
2018.04.18 06:52:36.420,0.76897,0.76911,1.00,1.00
2018.04.18 06:52:36.522,0.76894,0.76911,1.57,1.00
2018.04.18 06:52:39.019,0.76895,0.7691,1.00,1.00
2018.04.18 06:52:39.784,0.76895,0.76909,1.00,1.00
2018.04.18 06:52:39.989,0.76894,0.76911,1.50,1.00
2018.04.18 06:52:40.956,0.76896,0.76911,1.00,1.00
2018.04.18 06:52:41.988,0.76896,0.7691,1.00,1.00
2018.04.18 06:52:42.039,0.76893,0.76909,2.32,1.00
2018.04.18 06:52:43.833,0.76893,0.7691,1.50,1.00
2018.04.18 06:52:43.885,0.76895,0.7691,1.00,1.00
2018.04.18 06:52:44.397,0.76894,0.76909,1.00,1.00
2018.04.18 06:52:46.351,0.76895,0.76909,1.00,1.00
2018.04.18 06:52:46.401,0.76895,0.76911,1.00,1.00
2018.04.18 06:52:46.943,0.76895,0.76912,1.50,1.00
2018.04.18 06:52:47.670,0.76897,0.76911,1.00,1.00
2018.04.18 06:52:48.265,0.76897,0.76912,1.00,1.00
2018.04.18 06:52:49.303,0.76898,0.76913,1.00,1.50
2018.04.18 06:52:49.354,0.76898,0.76915,1.00,1.50
2018.04.18 06:52:49.405,0.769,0.76915,1.00,1.50
2018.04.18 06:52:54.075,0.76901,0.76916,1.00,1.00
2018.04.18 06:52:55.598,0.76902,0.76917,1.50,1.00
2018.04.18 06:52:56.122,0.769,0.76917,1.50,1.00
2018.04.18 06:52:58.721,0.76901,0.76917,1.00,1.00
2018.04.18 06:52:59.301,0.76902,0.76916,1.50,1.00
2018.04.18 06:52:59.827,0.769,0.76915,1.00,1.00
2018.04.18 06:52:59.929,0.76902,0.76916,1.00,1.00
2018.04.18 06:53:00.561,0.76901,0.76915,1.00,1.00
2018.04.18 06:53:01.077,0.76901,0.76916,1.00,1.00
2018.04.18 06:53:03.107,0.769,0.76916,1.00,1.00
2018.04.18 06:53:07.937,0.76901,0.76915,1.00,1.00
2018.04.18 06:53:09.179,0.76901,0.76916,1.00,1.00
2018.04.18 06:53:09.537,0.76903,0.76918,1.00,1.00
2018.04.18 06:53:09.780,0.76905,0.76921,1.00,1.00
2018.04.18 06:53:10.263,0.76905,0.76919,1.00,1.00
2018.04.18 06:53:11.091,0.76905,0.7692,1.00,1.00
2018.04.18 06:53:11.551,0.76904,0.76918,1.00,1.00
2018.04.18 06:53:11.653,0.76903,0.7692,1.50,1.00
2018.04.18 06:53:12.000,0.76905,0.7692,1.00,1.00
2018.04.18 06:53:12.523,0.76904,0.76919,1.00,1.00
2018.04.18 06:53:13.163,0.76905,0.76919,1.00,1.00
2018.04.18 06:53:13.804,0.76905,0.7692,1.00,1.00
2018.04.18 06:53:15.744,0.76905,0.76919,1.50,1.00
2018.04.18 06:53:17.295,0.76903,0.76918,1.50,1.00
2018.04.18 06:53:17.449,0.76903,0.76916,1.00,1.00
2018.04.18 06:53:17.501,0.76901,0.76917,1.50,1.00
2018.04.18 06:53:17.552,0.76904,0.76919,1.00,1.00
2018.04.18 06:53:18.136,0.76905,0.76918,1.00,1.00
2018.04.18 06:53:18.381,0.76902,0.76918,1.00,1.00
2018.04.18 06:53:18.482,0.76902,0.76916,1.00,1.00
2018.04.18 06:53:18.957,0.76903,0.76918,1.00,1.00
2018.04.18 06:53:19.059,0.76905,0.76919,1.00,1.00
2018.04.18 06:53:19.516,0.76906,0.76921,1.00,1.00
2018.04.18 06:53:20.008,0.76906,0.76919,1.00,1.00
2018.04.18 06:53:20.111,0.76903,0.7692,1.00,1.00
2018.04.18 06:53:20.311,0.76905,0.7692,1.50,1.00
2018.04.18 06:53:21.162,0.76905,0.76919,1.00,1.00
2018.04.18 06:53:21.679,0.76903,0.76918,1.50,1.00
2018.04.18 06:53:22.226,0.76903,0.76917,1.00,1.00
2018.04.18 06:53:24.673,0.76903,0.76919,1.00,1.00
2018.04.18 06:53:24.820,0.76903,0.76917,1.00,1.00
2018.04.18 06:53:25.379,0.76903,0.76916,1.00,1.00
2018.04.18 06:53:26.060,0.76903,0.76917,1.00,1.00
2018.04.18 06:53:26.430,0.76901,0.76916,1.50,1.00
2018.04.18 06:53:26.945,0.76901,0.76915,1.00,1.00
2018.04.18 06:53:27.588,0.76901,0.76916,1.50,1.00
2018.04.18 06:53:28.110,0.76901,0.76915,1.50,1.00
2018.04.18 06:53:28.474,0.76902,0.76917,1.00,1.00
2018.04.18 06:53:28.976,0.76903,0.76918,1.00,1.00
2018.04.18 06:53:29.776,0.76902,0.76918,1.00,1.00
2018.04.18 06:53:30.324,0.76901,0.76917,1.50,1.00
2018.04.18 06:53:30.794,0.769,0.76915,1.00,1.00
2018.04.18 06:53:31.100,0.76902,0.76916,1.00,1.00
2018.04.18 06:53:31.215,0.76902,0.76918,1.00,1.50
2018.04.18 06:53:31.737,0.76901,0.76917,1.00,1.00
2018.04.18 06:53:32.248,0.76903,0.76918,1.00,1.50
2018.04.18 06:53:32.596,0.76906,0.76919,1.00,1.00
2018.04.18 06:53:33.089,0.76906,0.76921,1.00,1.50
2018.04.18 06:53:33.191,0.76904,0.76919,1.00,1.00
2018.04.18 06:53:33.733,0.76904,0.76918,1.00,1.00
2018.04.18 06:53:33.784,0.76902,0.76917,1.00,1.00
2018.04.18 06:53:33.886,0.76901,0.76915,1.50,1.00
2018.04.18 06:53:34.341,0.76902,0.76917,1.00,1.00
2018.04.18 06:53:34.719,0.76905,0.7692,1.00,1.00
2018.04.18 06:53:35.249,0.76906,0.76921,1.00,1.00
2018.04.18 06:53:36.598,0.76906,0.7692,1.00,1.00
2018.04.18 06:53:36.938,0.76902,0.76917,2.25,1.00
2018.04.18 06:53:36.989,0.76905,0.76919,1.00,1.00
2018.04.18 06:53:37.281,0.76906,0.76921,1.00,1.00
2018.04.18 06:53:37.977,0.76907,0.7692,1.00,1.00
2018.04.18 06:53:38.096,0.76904,0.76918,1.00,1.00
2018.04.18 06:53:39.254,0.76904,0.76919,1.00,1.00
2018.04.18 06:53:40.343,0.76905,0.7692,1.00,1.00
2018.04.18 06:53:40.563,0.76907,0.76922,1.00,1.00
2018.04.18 06:53:41.001,0.76905,0.7692,1.50,1.00
2018.04.18 06:53:41.306,0.76907,0.76921,1.00,1.00
2018.04.18 06:53:41.972,0.76907,0.76922,1.00,1.00
2018.04.18 06:53:42.726,0.76907,0.76921,1.00,1.00
2018.04.18 06:53:43.418,0.76907,0.7692,1.00,1.00
2018.04.18 06:53:43.524,0.76906,0.76922,1.00,1.00
2018.04.18 06:53:45.811,0.76907,0.76922,1.00,1.00
2018.04.18 06:53:46.413,0.76906,0.76921,1.00,1.00
2018.04.18 06:53:46.600,0.76904,0.76918,1.00,1.00
2018.04.18 06:53:47.182,0.76903,0.76918,1.00,1.00
2018.04.18 06:53:47.737,0.76903,0.76919,1.00,1.00
2018.04.18 06:53:48.288,0.76904,0.76919,1.00,1.00
2018.04.18 06:53:48.860,0.76903,0.76918,1.50,1.00
2018.04.18 06:53:49.753,0.76903,0.76917,1.50,1.00
2018.04.18 06:53:50.268,0.76903,0.76918,1.50,1.00
2018.04.18 06:53:50.811,0.76904,0.76918,1.00,1.00
2018.04.18 06:53:50.913,0.76905,0.7692,1.00,1.00
2018.04.18 06:53:51.015,0.76905,0.76922,1.00,1.00
2018.04.18 06:53:51.066,0.76907,0.76921,1.00,1.00
2018.04.18 06:53:51.456,0.76905,0.7692,1.00,1.00
2018.04.18 06:53:51.961,0.76903,0.76918,1.50,1.00
2018.04.18 06:53:52.263,0.76906,0.76921,1.00,1.50
2018.04.18 06:53:52.778,0.76907,0.76922,1.00,1.50
2018.04.18 06:53:54.212,0.76906,0.76921,1.00,1.00
2018.04.18 06:53:54.555,0.76911,0.76925,1.00,1.00
2018.04.18 06:53:54.851,0.76908,0.76925,1.00,1.50
2018.04.18 06:53:54.953,0.76905,0.76919,1.50,1.00
2018.04.18 06:53:55.054,0.76903,0.76918,1.00,1.00
2018.04.18 06:53:55.295,0.76905,0.76919,1.00,1.00
2018.04.18 06:53:55.499,0.76903,0.76918,1.00,1.00
2018.04.18 06:53:56.198,0.76905,0.76919,1.00,1.00
2018.04.18 06:53:56.300,0.76902,0.76919,1.50,1.00
2018.04.18 06:53:56.451,0.76904,0.76919,1.00,1.00
2018.04.18 06:53:56.881,0.76902,0.76917,1.50,1.00
2018.04.18 06:53:57.680,0.76901,0.76916,1.00,1.00
2018.04.18 06:53:58.201,0.76902,0.76916,1.00,1.00
2018.04.18 06:53:58.727,0.769,0.76917,1.50,1.00
2018.04.18 06:53:58.779,0.76901,0.76915,1.00,1.00
2018.04.18 06:53:58.932,0.76903,0.76918,1.00,1.50
2018.04.18 06:53:59.034,0.76902,0.76916,1.50,1.00
2018.04.18 06:53:59.085,0.76902,0.76919,1.50,1.00
2018.04.18 06:53:59.236,0.76903,0.76917,1.00,1.00
2018.04.18 06:53:59.748,0.76902,0.76917,1.00,1.00
2018.04.18 06:54:00.853,0.76901,0.76916,1.00,1.00
2018.04.18 06:54:01.390,0.76901,0.76915,1.00,1.00
2018.04.18 06:54:01.683,0.769,0.76917,1.00,1.50
2018.04.18 06:54:01.734,0.76902,0.76917,1.00,1.50
2018.04.18 06:54:02.275,0.76901,0.76916,1.00,1.00
2018.04.18 06:54:02.805,0.76901,0.76917,1.00,1.00
2018.04.18 06:54:03.155,0.769,0.76915,1.00,1.00
2018.04.18 06:54:03.687,0.76901,0.76916,1.00,1.00
2018.04.18 06:54:04.576,0.769,0.76915,1.00,1.00
2018.04.18 06:54:05.106,0.76899,0.76914,1.00,1.00
2018.04.18 06:54:05.717,0.76901,0.76915,1.00,1.00
2018.04.18 06:54:05.768,0.76902,0.76917,1.00,1.00
2018.04.18 06:54:05.944,0.76901,0.76915,1.50,1.00
2018.04.18 06:54:06.836,0.76901,0.76916,1.50,1.00
2018.04.18 06:54:07.382,0.76901,0.76915,1.50,1.00
2018.04.18 06:54:07.535,0.76899,0.76914,1.50,1.00
2018.04.18 06:54:07.758,0.76899,0.76916,1.50,1.00
2018.04.18 06:54:07.859,0.76899,0.76914,1.50,1.00
2018.04.18 06:54:08.164,0.76902,0.76917,1.00,1.00
2018.04.18 06:54:08.767,0.76903,0.76918,1.00,1.00
2018.04.18 06:54:09.193,0.76901,0.76918,1.00,1.00
2018.04.18 06:54:09.243,0.76902,0.76916,1.00,1.00
2018.04.18 06:54:10.138,0.76903,0.76917,1.00,1.00
2018.04.18 06:54:10.188,0.76902,0.76919,1.00,1.00
2018.04.18 06:54:10.239,0.76904,0.76918,1.00,1.00
2018.04.18 06:54:10.677,0.76902,0.76917,1.00,1.00
2018.04.18 06:54:11.660,0.76901,0.76918,1.00,1.00
2018.04.18 06:54:11.710,0.76903,0.76917,1.00,1.00
2018.04.18 06:54:11.965,0.76903,0.7692,1.50,1.00
2018.04.18 06:54:12.082,0.76905,0.7692,1.00,1.00
2018.04.18 06:54:12.974,0.76904,0.76919,1.00,1.00
2018.04.18 06:54:13.725,0.76905,0.7692,1.00,1.00
2018.04.18 06:54:14.324,0.76906,0.76921,1.00,1.00
2018.04.18 06:54:16.180,0.76907,0.76922,1.00,1.00
2018.04.18 06:54:16.745,0.76907,0.76921,1.00,1.00
2018.04.18 06:54:17.292,0.76906,0.76921,1.00,1.00
2018.04.18 06:54:17.836,0.76905,0.76919,1.00,1.00
2018.04.18 06:54:18.038,0.76903,0.76918,1.00,1.00
2018.04.18 06:54:18.814,0.76905,0.7692,1.00,1.00
2018.04.18 06:54:19.508,0.76905,0.76921,1.00,1.00
2018.04.18 06:54:19.969,0.76907,0.76921,1.00,1.00
2018.04.18 06:54:20.203,0.76905,0.76921,1.00,1.00
2018.04.18 06:54:20.424,0.76905,0.76919,1.50,1.00
2018.04.18 06:54:20.527,0.76905,0.76922,1.50,1.00
2018.04.18 06:54:21.033,0.76905,0.76921,1.00,1.00
2018.04.18 06:54:21.877,0.76906,0.7692,1.00,1.00
2018.04.18 06:54:22.738,0.76905,0.7692,1.00,1.00
2018.04.18 06:54:23.343,0.76905,0.76921,1.00,1.50
2018.04.18 06:54:23.883,0.76904,0.76921,1.00,1.50
2018.04.18 06:54:24.178,0.76906,0.7692,1.00,1.00
2018.04.18 06:54:26.365,0.76904,0.76919,1.00,1.00
2018.04.18 06:54:26.976,0.76905,0.76919,1.00,1.00
2018.04.18 06:54:27.077,0.76904,0.76921,1.00,1.50
2018.04.18 06:54:29.600,0.76904,0.76919,1.00,1.00
2018.04.18 06:54:30.174,0.76905,0.76919,1.00,1.00
2018.04.18 06:54:30.934,0.76906,0.7692,1.00,1.00
2018.04.18 06:54:31.475,0.76905,0.76919,1.00,1.00
2018.04.18 06:54:31.577,0.76905,0.76921,1.00,1.00
2018.04.18 06:54:31.824,0.76905,0.76919,1.00,1.00
2018.04.18 06:54:32.557,0.76905,0.7692,1.00,1.00
2018.04.18 06:54:35.355,0.76902,0.76919,1.00,1.00
2018.04.18 06:54:35.408,0.76903,0.76917,1.00,1.00
2018.04.18 06:54:35.960,0.76904,0.76917,1.00,1.00
2018.04.18 06:54:36.061,0.76906,0.7692,1.00,1.00
2018.04.18 06:54:36.584,0.76907,0.76922,1.00,1.50
2018.04.18 06:54:36.786,0.76904,0.76921,1.50,1.00
2018.04.18 06:54:37.517,0.76907,0.76922,1.00,1.50
2018.04.18 06:54:38.309,0.76907,0.76921,1.00,1.00
2018.04.18 06:54:38.687,0.76905,0.7692,1.00,1.00
2018.04.18 06:54:39.222,0.76903,0.76918,1.00,1.00
2018.04.18 06:54:45.894,0.76904,0.76919,1.00,1.00
2018.04.18 06:54:46.278,0.76906,0.7692,1.00,1.00
2018.04.18 06:54:46.891,0.76905,0.7692,1.00,1.00
2018.04.18 06:54:48.414,0.76903,0.76919,1.50,1.00
2018.04.18 06:54:48.691,0.76905,0.76919,1.00,1.00
2018.04.18 06:54:49.203,0.76904,0.76919,1.00,1.00
2018.04.18 06:54:49.972,0.76904,0.76918,1.00,1.00
2018.04.18 06:54:51.004,0.76904,0.76919,1.00,1.00
2018.04.18 06:54:51.637,0.76905,0.76919,1.00,1.00
2018.04.18 06:54:56.049,0.76904,0.76919,1.00,1.00
2018.04.18 06:54:56.562,0.76903,0.7692,1.50,1.00
2018.04.18 06:54:56.865,0.76902,0.76918,1.50,1.00
2018.04.18 06:54:58.188,0.76904,0.76918,1.00,1.00
2018.04.18 06:54:58.239,0.76903,0.7692,1.00,1.50
2018.04.18 06:54:59.163,0.76904,0.76918,1.00,1.00
2018.04.18 06:54:59.707,0.76903,0.76918,1.00,1.00
2018.04.18 06:55:00.288,0.76903,0.76917,1.00,1.00
2018.04.18 06:55:00.959,0.76903,0.76918,1.00,1.00
2018.04.18 06:55:01.261,0.76905,0.76921,1.00,1.00
2018.04.18 06:55:01.465,0.76905,0.76919,1.00,1.00
2018.04.18 06:55:01.856,0.76903,0.7692,1.00,1.00
2018.04.18 06:55:02.930,0.76904,0.76918,1.00,1.00
2018.04.18 06:55:03.947,0.76904,0.76919,1.00,1.00
2018.04.18 06:55:04.463,0.76905,0.76919,1.00,1.00
2018.04.18 06:55:05.117,0.76905,0.7692,1.00,1.00
2018.04.18 06:55:07.266,0.76906,0.76921,1.00,1.50
2018.04.18 06:55:08.282,0.76906,0.76923,1.00,2.10
2018.04.18 06:55:08.888,0.76906,0.76921,1.00,1.00
2018.04.18 06:55:09.621,0.76907,0.76921,1.00,1.00
2018.04.18 06:55:10.397,0.76906,0.76921,1.00,1.50
2018.04.18 06:55:10.953,0.76905,0.76921,1.00,1.00
2018.04.18 06:55:11.272,0.76908,0.76923,1.00,1.00
2018.04.18 06:55:11.791,0.76908,0.76922,1.00,1.00
2018.04.18 06:55:12.737,0.76907,0.76922,1.00,1.00
2018.04.18 06:55:13.639,0.76907,0.76923,1.00,1.00
2018.04.18 06:55:16.265,0.76908,0.76923,1.00,1.00
2018.04.18 06:55:16.695,0.7691,0.76925,1.00,1.00
2018.04.18 06:55:17.376,0.76911,0.76926,1.00,1.00
2018.04.18 06:55:24.901,0.7691,0.76925,1.00,1.00
2018.04.18 06:55:28.718,0.76912,0.76926,1.00,1.00
2018.04.18 06:55:29.527,0.76911,0.76926,1.00,1.00
2018.04.18 06:55:30.166,0.76912,0.76927,1.00,1.00
2018.04.18 06:55:30.455,0.76911,0.76929,1.50,1.42
2018.04.18 06:55:30.981,0.76911,0.76928,1.50,1.00
2018.04.18 06:55:33.169,0.76911,0.76926,1.50,1.00
2018.04.18 06:55:33.504,0.76909,0.76922,1.00,1.00
2018.04.18 06:55:33.607,0.76907,0.76922,1.00,1.00
2018.04.18 06:55:40.269,0.76908,0.76922,1.00,1.00
2018.04.18 06:55:40.491,0.7691,0.76924,1.00,1.00
2018.04.18 06:55:40.542,0.76907,0.76924,1.50,1.00
2018.04.18 06:55:41.213,0.76908,0.76925,1.00,1.00
2018.04.18 06:55:42.169,0.7691,0.76924,1.00,1.00
2018.04.18 06:55:42.868,0.76909,0.76924,1.00,1.00
2018.04.18 06:55:43.698,0.7691,0.76924,1.00,1.00
2018.04.18 06:55:44.516,0.76909,0.76924,1.00,1.00
2018.04.18 06:55:44.618,0.76909,0.76926,1.00,1.00
2018.04.18 06:55:44.800,0.76907,0.76922,1.50,1.00
2018.04.18 06:55:47.858,0.76908,0.76922,1.00,1.00
2018.04.18 06:55:56.449,0.76908,0.76923,1.00,1.00
2018.04.18 06:55:57.059,0.76909,0.76924,1.00,1.00
2018.04.18 06:55:57.572,0.7691,0.76924,1.00,1.00
2018.04.18 06:55:57.673,0.76911,0.76926,1.00,1.00
2018.04.18 06:55:58.476,0.76912,0.76926,1.00,1.00
2018.04.18 06:55:59.104,0.76911,0.76926,1.00,1.00
2018.04.18 06:56:03.103,0.76912,0.76927,1.00,1.50
2018.04.18 06:56:08.578,0.76913,0.76928,1.00,1.00
2018.04.18 06:56:09.485,0.76913,0.76927,1.00,1.00
2018.04.18 06:56:10.095,0.76912,0.76927,1.00,1.00
2018.04.18 06:56:13.775,0.76913,0.76927,1.00,1.00
2018.04.18 06:56:14.337,0.7691,0.76924,1.00,1.00
2018.04.18 06:56:14.843,0.76908,0.76923,1.00,1.50
2018.04.18 06:56:14.945,0.7691,0.76923,1.00,1.00
2018.04.18 06:56:15.479,0.76909,0.76924,1.00,1.00
2018.04.18 06:56:15.982,0.76909,0.76923,1.00,1.00
2018.04.18 06:56:17.105,0.7691,0.76923,1.00,1.00
2018.04.18 06:56:17.257,0.7691,0.76925,1.00,1.50
2018.04.18 06:56:17.977,0.7691,0.76924,1.00,1.00
2018.04.18 06:56:19.280,0.7691,0.76925,1.00,1.50
2018.04.18 06:56:22.751,0.7691,0.76927,1.00,1.50
2018.04.18 06:56:22.930,0.76912,0.76926,1.00,1.00
2018.04.18 06:56:23.840,0.76912,0.76927,1.00,1.50
2018.04.18 06:56:24.592,0.76914,0.76927,1.00,1.00
2018.04.18 06:56:25.147,0.76914,0.76928,1.00,1.00
2018.04.18 06:56:25.198,0.76911,0.76926,1.00,1.50
2018.04.18 06:56:25.990,0.76912,0.76926,1.00,1.00
2018.04.18 06:56:26.531,0.76911,0.76926,1.00,1.00
2018.04.18 06:56:27.283,0.76912,0.76926,1.00,1.00
2018.04.18 06:56:28.062,0.76913,0.76926,1.00,1.00
2018.04.18 06:56:29.310,0.76914,0.76926,1.00,1.00
2018.04.18 06:56:32.757,0.76913,0.76926,1.00,1.00
2018.04.18 06:56:32.962,0.76913,0.76928,1.00,1.50
2018.04.18 06:56:33.118,0.76915,0.76928,1.00,1.00
2018.04.18 06:56:33.240,0.76913,0.76927,1.00,1.00
2018.04.18 06:56:33.456,0.7691,0.76925,1.00,1.00
2018.04.18 06:56:33.974,0.7691,0.76926,1.00,1.50
2018.04.18 06:56:35.178,0.7691,0.76925,1.00,1.00
2018.04.18 06:56:35.910,0.76911,0.76925,1.00,1.00
2018.04.18 06:56:36.618,0.76913,0.76926,1.00,1.00
2018.04.18 06:56:37.293,0.76911,0.76926,1.00,1.00
2018.04.18 06:56:40.628,0.7691,0.76926,1.00,1.00
2018.04.18 06:56:40.881,0.7691,0.76923,1.00,1.00
2018.04.18 06:56:41.568,0.76909,0.76923,1.00,1.00
2018.04.18 06:56:42.478,0.76907,0.76923,1.00,1.00
2018.04.18 06:56:42.580,0.7691,0.76923,1.00,1.00
2018.04.18 06:56:43.600,0.76908,0.76923,1.00,1.00
2018.04.18 06:56:43.772,0.7691,0.76923,1.00,1.00
2018.04.18 06:56:44.660,0.76909,0.76923,1.00,1.00
2018.04.18 06:56:51.109,0.76909,0.76924,1.00,1.00
2018.04.18 06:56:53.711,0.76909,0.76923,1.00,1.00
2018.04.18 06:56:58.014,0.76908,0.76924,1.00,1.00
2018.04.18 06:56:59.324,0.76909,0.76923,1.00,1.00
2018.04.18 06:57:00.460,0.76908,0.76923,1.50,1.00
2018.04.18 06:57:00.613,0.76904,0.7692,1.00,1.00
2018.04.18 06:57:00.664,0.76906,0.76921,1.00,1.00
2018.04.18 06:57:01.024,0.76904,0.76921,1.10,1.50
2018.04.18 06:57:01.126,0.76906,0.76921,1.00,1.50
2018.04.18 06:57:01.277,0.76904,0.76921,1.00,1.50
2018.04.18 06:57:01.328,0.76906,0.7692,1.00,1.00
2018.04.18 06:57:03.476,0.76906,0.76921,1.00,1.00
2018.04.18 06:57:03.528,0.76906,0.76923,1.00,1.00
2018.04.18 06:57:04.193,0.76907,0.76923,1.00,1.00
2018.04.18 06:57:05.642,0.76908,0.76923,1.00,1.00
2018.04.18 06:57:06.015,0.76908,0.76921,1.00,1.00
2018.04.18 06:57:09.134,0.76907,0.76921,1.00,1.00
2018.04.18 06:57:10.121,0.76909,0.76924,1.00,1.50
2018.04.18 06:57:10.862,0.76908,0.76923,1.00,1.00
2018.04.18 06:57:12.343,0.76908,0.76924,1.00,1.50
2018.04.18 06:57:12.476,0.76907,0.76922,1.00,1.00
2018.04.18 06:57:13.112,0.76908,0.76922,1.00,1.00
2018.04.18 06:57:19.287,0.76908,0.76923,1.00,1.00
2018.04.18 06:57:19.790,0.76909,0.76923,1.00,1.00
2018.04.18 06:57:20.404,0.76908,0.76923,1.00,1.00
2018.04.18 06:57:21.121,0.76909,0.76924,1.00,1.50
2018.04.18 06:57:22.267,0.76908,0.76921,1.00,1.00
2018.04.18 06:57:23.044,0.76907,0.76921,1.00,1.00
2018.04.18 06:57:28.909,0.76908,0.76921,1.00,1.00
2018.04.18 06:57:38.503,0.76908,0.76923,1.00,1.50
2018.04.18 06:57:39.510,0.76907,0.76923,1.00,1.50
2018.04.18 06:57:39.614,0.76909,0.76924,1.00,1.00
2018.04.18 06:57:40.127,0.7691,0.76924,1.00,1.00
2018.04.18 06:57:40.684,0.76911,0.76924,1.00,1.00
2018.04.18 06:57:42.124,0.7691,0.76924,1.00,1.00
2018.04.18 06:57:43.098,0.7691,0.76926,1.00,1.00
2018.04.18 06:57:43.299,0.76912,0.76926,1.00,1.00
2018.04.18 06:57:43.351,0.7691,0.76926,1.00,1.50
2018.04.18 06:57:43.402,0.76908,0.76924,1.50,1.00
2018.04.18 06:57:43.912,0.76909,0.76924,1.00,1.00
2018.04.18 06:57:44.216,0.76911,0.76928,1.00,1.00
2018.04.18 06:57:44.481,0.76911,0.76926,1.00,1.00
2018.04.18 06:57:45.052,0.76911,0.76927,1.00,1.00
2018.04.18 06:57:45.395,0.76909,0.76925,1.00,1.00
2018.04.18 06:57:46.016,0.76908,0.76926,1.00,1.50
2018.04.18 06:57:46.363,0.76907,0.76924,1.50,1.00
2018.04.18 06:57:48.012,0.76907,0.76923,1.50,1.00
2018.04.18 06:57:48.905,0.76908,0.76923,1.00,1.00
2018.04.18 06:57:49.109,0.76906,0.76922,1.00,1.50
2018.04.18 06:57:49.668,0.76907,0.76922,1.00,1.50
2018.04.18 06:57:51.241,0.76905,0.76922,1.00,1.00
2018.04.18 06:57:51.620,0.76906,0.76924,1.50,1.50
2018.04.18 06:57:52.359,0.76908,0.76924,1.00,1.50
2018.04.18 06:57:52.562,0.76909,0.76926,1.00,1.00
2018.04.18 06:57:53.347,0.76911,0.76926,1.00,1.00
2018.04.18 06:57:53.909,0.7691,0.76925,1.00,1.00
2018.04.18 06:57:54.437,0.7691,0.76926,1.00,1.50
2018.04.18 06:57:55.106,0.7691,0.76925,1.00,1.00
2018.04.18 06:57:56.159,0.7691,0.76926,1.00,1.50
2018.04.18 06:57:56.622,0.76908,0.76924,1.00,1.00
2018.04.18 06:57:57.000,0.7691,0.76925,1.00,1.00
2018.04.18 06:57:58.751,0.7691,0.76926,1.00,1.00
2018.04.18 06:57:59.290,0.76911,0.76926,1.00,1.00
2018.04.18 06:57:59.811,0.7691,0.76926,1.00,1.00
2018.04.18 06:58:00.322,0.76912,0.76927,1.00,1.00
2018.04.18 06:58:01.685,0.76911,0.76927,1.00,1.50
2018.04.18 06:58:02.269,0.76912,0.76927,1.00,1.50
2018.04.18 06:58:02.952,0.76913,0.76927,1.00,1.00
2018.04.18 06:58:03.702,0.76913,0.76929,1.00,1.50
2018.04.18 06:58:04.399,0.76914,0.76929,1.00,1.00
2018.04.18 06:58:04.673,0.76913,0.76926,1.00,1.00
2018.04.18 06:58:04.775,0.7691,0.76926,1.00,1.50
2018.04.18 06:58:05.321,0.76909,0.76926,1.00,1.00
2018.04.18 06:58:06.051,0.7691,0.76926,1.50,1.00
2018.04.18 06:58:06.630,0.76909,0.76926,1.00,1.50
2018.04.18 06:58:08.379,0.7691,0.76926,1.00,1.50
2018.04.18 06:58:08.822,0.76908,0.76924,1.50,1.00
2018.04.18 06:58:09.123,0.76911,0.76926,1.00,1.00
2018.04.18 06:58:09.275,0.76911,0.76928,1.00,1.00
2018.04.18 06:58:09.377,0.76913,0.76928,1.00,1.00
2018.04.18 06:58:09.894,0.76912,0.76928,1.00,1.50
2018.04.18 06:58:10.057,0.76909,0.76926,1.00,1.00
2018.04.18 06:58:10.158,0.76911,0.76926,1.00,1.00
2018.04.18 06:58:11.061,0.76912,0.76926,1.00,1.00
2018.04.18 06:58:11.163,0.76912,0.76928,1.00,1.00
2018.04.18 06:58:11.896,0.76912,0.76929,1.00,1.00
2018.04.18 06:58:11.998,0.76914,0.76929,1.00,1.00
2018.04.18 06:58:12.258,0.76913,0.76931,1.50,1.50
2018.04.18 06:58:12.410,0.76913,0.76929,1.00,1.50
2018.04.18 06:58:12.933,0.76914,0.76929,1.00,1.00
2018.04.18 06:58:13.629,0.76914,0.76931,1.50,1.00
2018.04.18 06:58:13.680,0.76916,0.76932,1.00,1.00
2018.04.18 06:58:13.984,0.76913,0.76929,1.00,1.00
2018.04.18 06:58:14.212,0.76914,0.76932,1.50,1.57
2018.04.18 06:58:14.493,0.76916,0.76932,1.00,1.50
2018.04.18 06:58:14.723,0.76917,0.76934,1.00,1.00
2018.04.18 06:58:15.307,0.76919,0.76935,1.00,1.00
2018.04.18 06:58:15.839,0.76918,0.76934,1.50,1.00
2018.04.18 06:58:16.704,0.76917,0.76933,1.00,1.00
2018.04.18 06:58:16.805,0.76918,0.76935,1.00,1.00
2018.04.18 06:58:17.724,0.76918,0.76934,1.50,1.00
2018.04.18 06:58:18.475,0.76918,0.76936,1.50,2.25
2018.04.18 06:58:18.577,0.7692,0.76936,1.00,1.50
2018.04.18 06:58:19.297,0.76921,0.76937,1.00,1.00
2018.04.18 06:58:19.954,0.7692,0.76937,1.50,1.00
2018.04.18 06:58:20.612,0.7692,0.76938,1.50,1.00
2018.04.18 06:58:21.117,0.7692,0.76937,1.00,1.00
2018.04.18 06:58:21.660,0.76916,0.76935,1.00,1.00
2018.04.18 06:58:21.767,0.76918,0.76934,1.00,1.00
2018.04.18 06:58:22.645,0.76919,0.76935,1.00,1.00
2018.04.18 06:58:23.169,0.76919,0.76937,1.50,1.00
2018.04.18 06:58:23.230,0.76921,0.76937,1.00,1.50
2018.04.18 06:58:23.780,0.7692,0.76936,1.00,1.00
2018.04.18 06:58:24.365,0.76921,0.76937,1.00,1.50
2018.04.18 06:58:24.569,0.76919,0.76937,1.50,1.10
2018.04.18 06:58:24.680,0.76921,0.76937,1.00,1.50
2018.04.18 06:58:25.634,0.76919,0.76931,1.00,1.00
2018.04.18 06:58:25.686,0.76917,0.76931,1.00,1.00
2018.04.18 06:58:25.788,0.76916,0.76934,1.00,1.00
2018.04.18 06:58:25.941,0.76915,0.76931,1.00,1.00
2018.04.18 06:58:26.463,0.76916,0.76932,1.00,1.50
2018.04.18 06:58:28.468,0.76915,0.76933,1.50,1.50
2018.04.18 06:58:29.026,0.76915,0.76932,1.50,1.00
2018.04.18 06:58:29.578,0.76916,0.76932,1.00,1.00
2018.04.18 06:58:31.707,0.76916,0.76933,1.00,1.00
2018.04.18 06:58:32.037,0.76919,0.76935,1.00,1.50
2018.04.18 06:58:32.608,0.7692,0.76936,1.00,1.00
2018.04.18 06:58:33.309,0.76921,0.76937,1.00,1.50
2018.04.18 06:58:37.980,0.76919,0.76936,1.00,1.00
2018.04.18 06:58:38.031,0.76919,0.76933,1.00,1.00
2018.04.18 06:58:38.082,0.76917,0.76933,1.50,1.00
2018.04.18 06:58:39.240,0.76917,0.76934,1.00,1.50
2018.04.18 06:58:39.393,0.76919,0.76934,1.00,1.00
2018.04.18 06:58:39.445,0.7692,0.76936,1.00,1.50
2018.04.18 06:58:40.600,0.76921,0.76937,1.00,1.00
2018.04.18 06:58:40.651,0.76922,0.76939,1.00,1.50
2018.04.18 06:58:40.702,0.76924,0.76938,1.00,1.00
2018.04.18 06:58:40.974,0.76922,0.76938,1.50,1.00
2018.04.18 06:58:41.568,0.76922,0.76939,1.50,1.00
2018.04.18 06:58:42.075,0.76924,0.7694,1.00,1.50
2018.04.18 06:58:42.438,0.76924,0.76942,1.50,1.50
2018.04.18 06:58:42.540,0.76926,0.76942,1.00,1.50
2018.04.18 06:58:45.762,0.76924,0.7694,1.50,1.00
2018.04.18 06:58:45.983,0.76924,0.76942,1.50,1.50
2018.04.18 06:58:46.421,0.76926,0.76942,1.00,1.50
2018.04.18 06:58:47.149,0.76926,0.76941,1.00,1.00
2018.04.18 06:58:47.279,0.76927,0.76943,1.00,1.00
2018.04.18 06:58:47.897,0.76928,0.76944,1.00,1.50
2018.04.18 06:58:47.948,0.76926,0.76942,1.50,1.00
2018.04.18 06:58:48.363,0.76924,0.76942,1.50,1.00
2018.04.18 06:58:50.683,0.76926,0.76942,1.00,1.50
2018.04.18 06:58:51.148,0.76924,0.76941,1.50,1.00
2018.04.18 06:58:51.760,0.76925,0.76941,1.00,1.00
2018.04.18 06:58:52.373,0.76924,0.7694,1.50,1.00
2018.04.18 06:58:52.798,0.76924,0.76942,1.50,1.50
2018.04.18 06:58:52.849,0.76926,0.76942,1.00,1.50
2018.04.18 06:58:54.276,0.76927,0.76942,1.00,1.00
2018.04.18 06:58:55.366,0.76925,0.76941,1.00,1.00
2018.04.18 06:58:55.799,0.76927,0.76943,1.50,1.00
2018.04.18 06:58:56.126,0.76928,0.76945,1.00,1.00
2018.04.18 06:58:56.177,0.76931,0.76947,1.00,1.00
2018.04.18 06:58:56.317,0.76932,0.76949,1.00,1.00
2018.04.18 06:58:56.837,0.76932,0.76948,1.00,1.00
2018.04.18 06:58:56.939,0.76931,0.76946,1.00,1.00
2018.04.18 06:58:57.142,0.7693,0.76948,1.00,1.50
2018.04.18 06:58:57.192,0.7693,0.76946,1.50,1.00
2018.04.18 06:58:57.731,0.76932,0.76948,1.00,1.50
2018.04.18 06:59:02.130,0.76932,0.76949,1.00,1.00
2018.04.18 06:59:02.669,0.76932,0.76948,1.00,1.50
2018.04.18 06:59:03.233,0.76933,0.76949,1.00,1.00
2018.04.18 06:59:04.133,0.76932,0.76949,1.50,1.00
2018.04.18 06:59:04.908,0.76933,0.76949,1.00,1.00
2018.04.18 06:59:05.111,0.7693,0.76947,1.50,1.00
2018.04.18 06:59:05.313,0.76932,0.76948,1.00,1.50
2018.04.18 06:59:05.861,0.76933,0.76948,1.00,1.00
2018.04.18 06:59:05.990,0.76931,0.76948,1.00,1.50
2018.04.18 06:59:06.799,0.76932,0.76948,1.00,1.00
2018.04.18 06:59:08.095,0.76932,0.76947,1.00,1.00
2018.04.18 06:59:08.834,0.76932,0.76948,1.50,1.00
2018.04.18 06:59:09.384,0.76932,0.76947,1.00,1.00
2018.04.18 06:59:09.435,0.7693,0.76947,1.00,1.00
2018.04.18 06:59:10.038,0.76931,0.76948,1.00,1.50
2018.04.18 06:59:10.558,0.76932,0.76948,1.00,1.50
2018.04.18 06:59:11.294,0.76934,0.76948,1.00,1.00
2018.04.18 06:59:12.360,0.76932,0.76948,1.00,1.00
2018.04.18 06:59:13.232,0.76931,0.76947,1.00,1.00
2018.04.18 06:59:13.355,0.76932,0.76949,1.00,1.00
2018.04.18 06:59:13.611,0.76931,0.76947,1.50,1.00
2018.04.18 06:59:13.713,0.76933,0.76951,1.00,1.50
2018.04.18 06:59:13.764,0.76935,0.76951,1.00,1.00
2018.04.18 06:59:14.294,0.76935,0.7695,1.00,1.00
2018.04.18 06:59:14.598,0.76936,0.76952,1.00,1.00
2018.04.18 06:59:15.113,0.76935,0.76953,1.50,1.50
2018.04.18 06:59:15.216,0.76935,0.76951,1.50,1.00
2018.04.18 06:59:15.887,0.76936,0.76952,1.00,1.00
2018.04.18 06:59:16.476,0.76935,0.76953,1.00,1.50
2018.04.18 06:59:17.142,0.76935,0.76952,1.00,1.00
2018.04.18 06:59:18.179,0.76935,0.76953,1.50,1.50
2018.04.18 06:59:20.345,0.76935,0.76951,1.50,1.00
2018.04.18 06:59:21.033,0.76936,0.76952,1.00,1.00
2018.04.18 06:59:22.720,0.76937,0.76953,1.00,1.50
2018.04.18 06:59:23.086,0.76935,0.76951,1.50,1.00
2018.04.18 06:59:24.267,0.76936,0.76952,1.00,1.00
2018.04.18 06:59:24.826,0.76936,0.76953,1.00,1.50
2018.04.18 06:59:26.639,0.76936,0.76952,1.00,1.00
2018.04.18 06:59:28.017,0.76937,0.76953,1.00,1.50
2018.04.18 06:59:28.907,0.76938,0.76953,1.00,1.00
2018.04.18 06:59:29.219,0.76936,0.76954,1.00,1.00
2018.04.18 06:59:33.724,0.76936,0.76952,1.00,1.00
2018.04.18 06:59:34.540,0.76935,0.76953,1.00,1.00
2018.04.18 06:59:38.141,0.76934,0.76953,1.00,1.50
2018.04.18 06:59:38.446,0.76931,0.76947,1.10,1.00
2018.04.18 06:59:38.978,0.76933,0.76949,1.00,1.50
2018.04.18 06:59:39.694,0.76932,0.76948,1.00,1.00
2018.04.18 06:59:40.585,0.76933,0.76949,1.00,1.50
2018.04.18 06:59:40.891,0.7693,0.76946,1.00,1.00
2018.04.18 06:59:41.169,0.76927,0.76945,1.50,1.50
2018.04.18 06:59:41.321,0.76927,0.76942,1.00,1.00
2018.04.18 06:59:41.829,0.76927,0.76941,1.00,1.00
2018.04.18 06:59:42.809,0.76927,0.76943,1.00,1.00
2018.04.18 06:59:42.911,0.76927,0.76941,1.00,1.00
2018.04.18 06:59:43.893,0.76927,0.76944,1.00,1.50
2018.04.18 06:59:44.048,0.76929,0.76944,1.00,1.00
2018.04.18 06:59:46.523,0.76928,0.76944,1.00,1.50
2018.04.18 06:59:46.892,0.76926,0.76944,1.00,1.50
2018.04.18 06:59:46.993,0.76925,0.76941,1.00,1.50
2018.04.18 06:59:51.689,0.76925,0.76942,1.00,1.00
2018.04.18 06:59:52.251,0.76927,0.76943,1.50,1.00
2018.04.18 06:59:56.263,0.76929,0.76944,1.00,1.00
2018.04.18 06:59:56.596,0.76927,0.76942,1.00,1.00
2018.04.18 06:59:56.766,0.76928,0.76944,1.00,1.00
2018.04.18 06:59:57.302,0.76929,0.76944,1.00,1.00
2018.04.18 06:59:59.294,0.76929,0.76943,1.00,1.00
2018.04.18 06:59:59.796,0.7693,0.76943,1.00,1.00
