2010.11.12 09:00:01.173,0.96014,0.96057,1.50,2.30
2010.11.12 09:00:03.258,0.96014,0.96054,1.50,2.30
2010.11.12 09:00:05.286,0.96014,0.9605,1.50,2.30
2010.11.12 09:00:05.725,0.96013,0.96045,1.50,1.50
2010.11.12 09:00:05.945,0.96014,0.96055,1.50,4.20
2010.11.12 09:00:06.736,0.96004,0.96045,2.10,3.80
2010.11.12 09:00:06.846,0.96014,0.96053,1.50,2.70
2010.11.12 09:00:09.237,0.96014,0.96049,1.50,1.50
2010.11.12 09:00:09.808,0.96024,0.96046,1.50,1.50
2010.11.12 09:00:10.379,0.96014,0.9605,1.50,1.50
2010.11.12 09:00:10.775,0.95984,0.96044,4.50,1.90
2010.11.12 09:00:10.885,0.95984,0.96019,1.80,1.50
2010.11.12 09:00:11.425,0.95984,0.96018,1.50,1.50
2010.11.12 09:00:11.541,0.95964,0.96018,1.60,1.50
2010.11.12 09:00:11.975,0.95965,0.96028,6.50,1.50
2010.11.12 09:00:12.926,0.95984,0.9603,1.90,2.30
2010.11.12 09:00:14.366,0.95991,0.96043,2.30,2.30
2010.11.12 09:00:15.029,0.96003,0.96043,1.50,2.30
2010.11.12 09:00:15.244,0.96003,0.96043,1.50,2.30
2010.11.12 09:00:17.542,0.96003,0.96043,1.50,2.30
2010.11.12 09:00:17.647,0.95994,0.96038,1.50,2.30
2010.11.12 09:00:18.005,0.95998,0.96047,2.30,1.50
2010.11.12 09:00:18.827,0.96012,0.96047,1.50,1.50
2010.11.12 09:00:20.913,0.96013,0.96054,1.50,1.90
2010.11.12 09:00:23.425,0.96013,0.96054,1.50,1.50
2010.11.12 09:00:25.819,0.96013,0.96054,1.50,1.50
2010.11.12 09:00:27.858,0.96013,0.96054,1.50,1.50
2010.11.12 09:00:30.629,0.96013,0.96054,1.50,1.50
2010.11.12 09:00:32.505,0.96013,0.96048,1.50,2.30
2010.11.12 09:00:33.465,0.95993,0.96044,1.60,1.50
2010.11.12 09:00:34.595,0.96003,0.96044,1.50,1.50
2010.11.12 09:00:36.723,0.96003,0.96044,1.50,1.50
2010.11.12 09:00:37.416,0.96003,0.96054,1.50,1.50
2010.11.12 09:00:38.021,0.96003,0.96045,1.50,2.30
2010.11.12 09:00:38.775,0.96003,0.96035,1.50,1.50
2010.11.12 09:00:40.365,0.95994,0.96034,1.50,1.50
2010.11.12 09:00:41.886,0.95993,0.96025,1.50,1.50
2010.11.12 09:00:42.105,0.95984,0.96025,1.50,1.50
2010.11.12 09:00:42.767,0.95994,0.96034,1.50,1.50
2010.11.12 09:00:43.105,0.95994,0.96043,1.50,2.30
2010.11.12 09:00:44.017,0.95994,0.96051,1.50,2.30
2010.11.12 09:00:45.332,0.95994,0.96031,1.50,2.30
2010.11.12 09:00:45.875,0.95994,0.96042,1.50,3.00
2010.11.12 09:00:46.433,0.95994,0.96042,1.50,2.30
2010.11.12 09:00:46.547,0.95994,0.9605,1.50,2.30
2010.11.12 09:00:48.154,0.96003,0.96051,1.50,2.30
2010.11.12 09:00:50.753,0.95994,0.96051,1.50,2.30
2010.11.12 09:00:50.868,0.96003,0.96044,1.50,1.50
2010.11.12 09:00:51.087,0.95994,0.96042,1.50,2.30
2010.11.12 09:00:53.240,0.95994,0.96042,1.50,2.30
2010.11.12 09:00:57.356,0.95994,0.96042,1.50,2.30
2010.11.12 09:01:00.751,0.95994,0.96042,1.50,2.30
2010.11.12 09:01:02.841,0.95994,0.96042,1.50,2.30
2010.11.12 09:01:05.972,0.95994,0.96042,1.50,2.30
2010.11.12 09:01:07.010,0.95993,0.96025,1.50,1.50
2010.11.12 09:01:09.026,0.95994,0.96035,1.50,2.30
2010.11.12 09:01:10.125,0.95985,0.96035,2.40,3.80
2010.11.12 09:01:11.586,0.95984,0.96025,1.50,1.90
2010.11.12 09:01:11.915,0.95994,0.96035,1.50,1.50
2010.11.12 09:01:12.825,0.95993,0.96025,1.50,1.50
2010.11.12 09:01:14.325,0.95984,0.96025,1.50,1.50
2010.11.12 09:01:14.655,0.96003,0.96035,1.50,1.50
2010.11.12 09:01:15.997,0.95993,0.96025,1.50,1.50
2010.11.12 09:01:16.215,0.96003,0.96035,1.50,1.50
2010.11.12 09:01:17.508,0.95993,0.96025,1.50,1.50
2010.11.12 09:01:17.726,0.95988,0.96025,3.00,1.50
2010.11.12 09:01:17.836,0.95975,0.96025,2.40,1.50
2010.11.12 09:01:17.945,0.95984,0.96025,1.50,1.50
2010.11.12 09:01:18.627,0.95993,0.96025,1.50,1.50
2010.11.12 09:01:19.496,0.95994,0.96035,1.50,1.50
2010.11.12 09:01:20.169,0.95978,0.96035,2.70,1.50
2010.11.12 09:01:20.276,0.95982,0.96034,3.20,2.70
2010.11.12 09:01:22.016,0.95982,0.96025,3.00,1.50
2010.11.12 09:01:22.234,0.95974,0.96025,2.40,4.20
2010.11.12 09:01:23.167,0.95974,0.96015,1.70,1.50
2010.11.12 09:01:23.386,0.95974,0.96025,4.20,1.90
2010.11.12 09:01:23.605,0.95974,0.96015,1.50,1.90
2010.11.12 09:01:25.076,0.95983,0.96015,1.50,1.90
2010.11.12 09:01:25.856,0.95984,0.96025,1.50,1.90
2010.11.12 09:01:27.964,0.95993,0.96025,1.50,1.90
2010.11.12 09:01:28.754,0.95994,0.96035,1.50,1.90
2010.11.12 09:01:31.580,0.95994,0.96035,1.50,1.90
2010.11.12 09:01:33.755,0.95994,0.96035,1.50,1.90
2010.11.12 09:01:36.282,0.95994,0.96035,1.50,1.90
2010.11.12 09:01:38.333,0.95994,0.96035,1.50,1.90
2010.11.12 09:01:40.429,0.95994,0.96035,1.50,1.50
2010.11.12 09:01:42.306,0.95993,0.96025,1.50,1.50
2010.11.12 09:01:42.527,0.95994,0.96035,1.50,1.50
2010.11.12 09:01:45.040,0.95994,0.96035,1.50,1.50
2010.11.12 09:01:47.586,0.95994,0.96035,1.50,3.80
2010.11.12 09:01:48.106,0.95993,0.96025,1.50,1.50
2010.11.12 09:01:49.536,0.95994,0.96035,1.50,1.90
2010.11.12 09:01:52.115,0.95994,0.96035,1.50,4.20
2010.11.12 09:01:54.175,0.95994,0.96031,1.50,2.30
2010.11.12 09:01:55.355,0.96003,0.96034,1.50,2.30
2010.11.12 09:01:56.527,0.95984,0.96032,2.30,2.30
2010.11.12 09:01:57.278,0.96003,0.96035,1.50,1.50
2010.11.12 09:01:59.369,0.96003,0.96035,1.50,1.50
2010.11.12 09:02:01.777,0.96002,0.96034,1.50,1.50
2010.11.12 09:02:01.895,0.95994,0.96034,1.50,1.50
2010.11.12 09:02:02.905,0.95993,0.96025,1.50,1.50
2010.11.12 09:02:03.125,0.95994,0.96044,1.50,3.80
2010.11.12 09:02:04.015,0.95994,0.96034,1.50,1.50
2010.11.12 09:02:06.914,0.95994,0.96034,1.50,1.50
2010.11.12 09:02:07.761,0.95994,0.96041,1.50,2.30
2010.11.12 09:02:07.976,0.95994,0.96041,1.50,3.00
2010.11.12 09:02:10.460,0.95994,0.96034,1.50,1.50
2010.11.12 09:02:10.916,0.95994,0.96041,1.50,2.30
2010.11.12 09:02:12.604,0.95994,0.96037,1.50,2.30
2010.11.12 09:02:13.086,0.95994,0.96043,1.50,2.30
2010.11.12 09:02:14.385,0.95994,0.96034,1.50,1.50
2010.11.12 09:02:14.931,0.95994,0.96042,1.90,2.30
2010.11.12 09:02:15.036,0.95989,0.96048,2.70,2.30
2010.11.12 09:02:17.400,0.95994,0.96049,1.50,2.30
2010.11.12 09:02:17.724,0.96003,0.96051,1.50,2.30
2010.11.12 09:02:18.225,0.96003,0.96045,1.50,2.30
2010.11.12 09:02:18.335,0.95994,0.96044,1.50,1.50
2010.11.12 09:02:20.259,0.95994,0.96049,1.50,2.30
2010.11.12 09:02:20.575,0.95994,0.96049,1.70,2.30
2010.11.12 09:02:22.675,0.95998,0.96052,2.40,2.30
2010.11.12 09:02:23.906,0.95988,0.96041,2.40,2.30
2010.11.12 09:02:25.936,0.95994,0.96036,1.50,2.30
2010.11.12 09:02:26.045,0.95984,0.96035,2.00,3.80
2010.11.12 09:02:26.979,0.95994,0.96035,1.50,1.50
2010.11.12 09:02:28.834,0.95994,0.96043,1.50,2.30
2010.11.12 09:02:31.080,0.95994,0.96044,1.50,1.50
2010.11.12 09:02:33.758,0.95994,0.96044,1.50,1.50
2010.11.12 09:02:34.738,0.96004,0.96044,1.50,1.50
2010.11.12 09:02:34.851,0.95984,0.96035,2.10,2.30
2010.11.12 09:02:35.179,0.95988,0.96042,2.40,2.30
2010.11.12 09:02:35.288,0.95989,0.96049,2.30,2.30
2010.11.12 09:02:37.285,0.95995,0.9605,2.30,2.70
2010.11.12 09:02:39.428,0.95989,0.96049,2.40,2.30
2010.11.12 09:02:42.465,0.95994,0.96051,3.90,2.30
2010.11.12 09:02:42.797,0.96004,0.96045,1.50,1.50
2010.11.12 09:02:45.177,0.96004,0.96045,1.50,1.50
2010.11.12 09:02:47.555,0.96004,0.96045,1.50,1.50
2010.11.12 09:02:48.458,0.96009,0.96054,3.00,1.50
2010.11.12 09:02:48.787,0.96004,0.96054,1.90,4.20
2010.11.12 09:02:50.236,0.96004,0.96054,2.30,3.80
2010.11.12 09:02:50.908,0.96014,0.96054,1.50,3.80
2010.11.12 09:02:51.015,0.96004,0.96054,1.50,3.80
2010.11.12 09:02:52.267,0.96023,0.96054,1.50,2.30
2010.11.12 09:02:52.596,0.96014,0.96054,1.50,3.80
2010.11.12 09:02:52.815,0.96004,0.96051,1.90,2.30
2010.11.12 09:02:54.940,0.96004,0.96049,1.90,2.30
2010.11.12 09:02:56.686,0.96004,0.96045,1.50,1.50
2010.11.12 09:02:57.355,0.96014,0.96046,1.50,1.50
2010.11.12 09:02:58.000,0.96004,0.96045,1.50,1.50
2010.11.12 09:02:59.995,0.96004,0.96045,1.50,1.50
2010.11.12 09:03:02.028,0.96004,0.96045,1.50,1.50
2010.11.12 09:03:02.465,0.96013,0.96045,1.50,1.50
2010.11.12 09:03:02.973,0.95995,0.96045,1.20,3.80
2010.11.12 09:03:03.089,0.95994,0.96045,1.50,3.80
2010.11.12 09:03:03.196,0.96004,0.96045,1.50,3.80
2010.11.12 09:03:03.416,0.95994,0.96035,1.50,1.50
2010.11.12 09:03:04.090,0.95994,0.96043,1.50,2.30
2010.11.12 09:03:04.197,0.95994,0.96049,1.50,2.30
2010.11.12 09:03:05.186,0.96004,0.96051,1.50,2.30
2010.11.12 09:03:06.341,0.96014,0.96054,1.50,1.50
2010.11.12 09:03:06.816,0.96004,0.96054,1.50,3.80
2010.11.12 09:03:07.034,0.96014,0.96054,1.50,3.80
2010.11.12 09:03:07.995,0.96004,0.96053,1.50,2.30
2010.11.12 09:03:08.768,0.9602,0.96065,2.30,2.30
2010.11.12 09:03:09.204,0.96008,0.96062,2.30,2.30
2010.11.12 09:03:11.545,0.96004,0.96054,1.50,3.80
2010.11.12 09:03:13.345,0.96006,0.96054,2.30,1.50
2010.11.12 09:03:15.429,0.96004,0.96045,1.50,1.50
2010.11.12 09:03:16.106,0.96004,0.96055,3.80,1.50
2010.11.12 09:03:17.278,0.96004,0.96043,1.50,2.30
2010.11.12 09:03:19.341,0.96004,0.96044,1.50,2.30
2010.11.12 09:03:19.448,0.95994,0.96044,1.50,2.30
2010.11.12 09:03:20.346,0.96004,0.96044,1.50,2.30
2010.11.12 09:03:20.875,0.96003,0.96035,1.50,1.50
2010.11.12 09:03:22.226,0.96004,0.96045,1.50,1.50
2010.11.12 09:03:23.117,0.96014,0.96054,1.50,2.30
2010.11.12 09:03:25.060,0.96024,0.96056,1.50,1.50
2010.11.12 09:03:25.278,0.96014,0.96046,1.50,1.50
2010.11.12 09:03:27.216,0.96003,0.96035,2.00,1.50
2010.11.12 09:03:28.350,0.96013,0.96045,1.50,1.90
2010.11.12 09:03:29.475,0.96004,0.96045,1.90,1.50
2010.11.12 09:03:31.295,0.96013,0.96045,1.50,1.50
2010.11.12 09:03:33.320,0.96013,0.96045,1.50,1.50
2010.11.12 09:03:34.387,0.96003,0.96035,2.10,1.50
2010.11.12 09:03:35.297,0.96004,0.96045,1.70,1.50
2010.11.12 09:03:36.217,0.96004,0.96036,1.50,1.50
2010.11.12 09:03:36.329,0.96005,0.96046,1.50,1.50
2010.11.12 09:03:37.316,0.95995,0.96043,1.50,2.30
2010.11.12 09:03:37.866,0.96005,0.96054,1.50,2.30
2010.11.12 09:03:39.885,0.96005,0.96053,1.50,2.30
2010.11.12 09:03:40.456,0.96014,0.96053,1.50,2.30
2010.11.12 09:03:43.113,0.96014,0.96054,1.50,2.30
2010.11.12 09:03:43.445,0.96024,0.96056,1.50,1.90
2010.11.12 09:03:44.198,0.96014,0.96055,1.50,3.80
2010.11.12 09:03:45.275,0.96014,0.96046,1.50,1.50
2010.11.12 09:03:47.894,0.96014,0.96046,1.50,1.50
2010.11.12 09:03:49.896,0.96014,0.96055,1.50,1.50
2010.11.12 09:03:50.565,0.96024,0.96056,1.50,1.50
2010.11.12 09:03:52.644,0.96024,0.96056,1.50,1.50
2010.11.12 09:03:52.976,0.96024,0.96056,1.50,1.50
2010.11.12 09:03:53.086,0.96006,0.96045,3.00,1.50
2010.11.12 09:03:53.550,0.96006,0.96045,2.70,1.50
2010.11.12 09:03:53.767,0.95995,0.96045,1.50,1.50
2010.11.12 09:03:54.460,0.96005,0.96045,1.50,1.50
2010.11.12 09:03:56.525,0.96005,0.96047,1.50,2.30
2010.11.12 09:03:56.635,0.96005,0.96054,1.50,2.30
2010.11.12 09:03:57.206,0.96005,0.96045,1.50,1.50
2010.11.12 09:03:59.743,0.96005,0.96045,1.50,1.50
2010.11.12 09:04:00.882,0.96023,0.96047,1.50,2.30
2010.11.12 09:04:01.000,0.96005,0.96055,1.50,3.80
2010.11.12 09:04:03.236,0.96005,0.96055,1.50,3.80
2010.11.12 09:04:05.680,0.96005,0.96055,1.50,3.80
2010.11.12 09:04:05.986,0.95995,0.96027,1.50,1.50
2010.11.12 09:04:06.206,0.95985,0.96041,5.00,2.30
2010.11.12 09:04:06.316,0.95994,0.96026,1.50,1.50
2010.11.12 09:04:06.824,0.95995,0.96041,1.50,2.70
2010.11.12 09:04:06.943,0.96004,0.96045,1.50,1.50
2010.11.12 09:04:07.167,0.95995,0.96045,1.50,1.50
2010.11.12 09:04:07.859,0.96014,0.96055,1.50,1.50
2010.11.12 09:04:08.075,0.96004,0.96061,1.50,2.30
2010.11.12 09:04:08.295,0.96014,0.96061,1.50,2.30
2010.11.12 09:04:08.857,0.96024,0.96064,1.50,1.50
2010.11.12 09:04:09.185,0.96014,0.96061,1.90,2.30
2010.11.12 09:04:11.459,0.96014,0.96058,1.50,2.30
2010.11.12 09:04:14.254,0.96014,0.9606,1.50,2.30
2010.11.12 09:04:15.575,0.96014,0.96051,1.50,2.30
2010.11.12 09:04:16.405,0.96014,0.96061,1.50,2.30
2010.11.12 09:04:17.641,0.96014,0.96051,1.50,2.30
2010.11.12 09:04:18.414,0.96004,0.96061,1.70,2.30
2010.11.12 09:04:18.635,0.96004,0.96051,1.70,2.30
2010.11.12 09:04:20.108,0.96004,0.96046,1.50,2.30
2010.11.12 09:04:21.345,0.96004,0.96043,1.50,2.30
2010.11.12 09:04:21.883,0.96014,0.96043,1.50,2.30
2010.11.12 09:04:21.986,0.96014,0.96052,1.50,2.30
2010.11.12 09:04:23.458,0.96014,0.96045,1.50,2.30
2010.11.12 09:04:25.277,0.96004,0.96044,1.50,2.30
2010.11.12 09:04:26.488,0.95984,0.96032,1.50,2.30
2010.11.12 09:04:26.815,0.95994,0.96033,1.50,2.30
2010.11.12 09:04:27.817,0.95994,0.96026,1.50,1.50
2010.11.12 09:04:28.995,0.95985,0.96026,1.50,1.50
2010.11.12 09:04:29.435,0.95994,0.96026,1.50,1.50
2010.11.12 09:04:30.081,0.95984,0.96016,1.50,1.50
2010.11.12 09:04:30.406,0.95994,0.96026,1.50,3.80
2010.11.12 09:04:31.875,0.95985,0.96024,1.50,2.30
2010.11.12 09:04:34.357,0.95985,0.96023,1.50,2.30
2010.11.12 09:04:34.686,0.95994,0.96033,1.50,2.70
2010.11.12 09:04:36.908,0.95994,0.96032,1.50,2.70
2010.11.12 09:04:38.825,0.96003,0.96035,1.50,1.50
2010.11.12 09:04:40.850,0.96004,0.96036,1.50,1.50
2010.11.12 09:04:41.066,0.95985,0.96026,2.30,1.50
2010.11.12 09:04:41.584,0.95985,0.96026,1.50,1.90
2010.11.12 09:04:41.806,0.95985,0.96034,1.50,2.30
2010.11.12 09:04:42.708,0.95985,0.96026,1.60,1.90
2010.11.12 09:04:43.893,0.95985,0.96033,1.50,2.30
2010.11.12 09:04:45.207,0.95994,0.96033,1.50,2.30
2010.11.12 09:04:47.652,0.95994,0.96033,1.50,2.30
2010.11.12 09:04:48.895,0.95985,0.9603,1.60,2.30
2010.11.12 09:04:49.115,0.96004,0.96036,1.50,1.50
2010.11.12 09:04:49.768,0.95994,0.96034,1.50,2.30
2010.11.12 09:04:49.896,0.95985,0.9603,1.50,2.30
2010.11.12 09:04:50.009,0.95985,0.96024,1.50,2.30
2010.11.12 09:04:52.219,0.95985,0.96023,1.50,2.30
2010.11.12 09:04:54.661,0.95985,0.96024,1.50,2.30
2010.11.12 09:04:56.784,0.95985,0.96023,1.50,2.30
2010.11.12 09:04:56.895,0.95975,0.96023,2.40,2.30
2010.11.12 09:04:57.115,0.95994,0.96025,1.50,2.30
2010.11.12 09:04:59.499,0.95994,0.96026,1.50,3.80
2010.11.12 09:05:01.585,0.95995,0.96033,1.50,2.70
2010.11.12 09:05:03.847,0.95995,0.96033,1.50,2.30
2010.11.12 09:05:05.032,0.95984,0.96016,1.50,1.50
2010.11.12 09:05:06.615,0.95984,0.96016,1.50,1.50
2010.11.12 09:05:08.816,0.95984,0.96016,1.50,1.50
2010.11.12 09:05:11.155,0.95984,0.96016,1.70,1.50
2010.11.12 09:05:11.377,0.95994,0.96026,1.50,1.50
2010.11.12 09:05:12.776,0.95995,0.96034,1.50,2.30
2010.11.12 09:05:13.323,0.95995,0.96026,1.50,2.30
2010.11.12 09:05:13.444,0.95985,0.96026,1.50,3.80
2010.11.12 09:05:15.528,0.95985,0.96026,1.60,3.80
2010.11.12 09:05:18.103,0.95985,0.96026,1.50,3.80
2010.11.12 09:05:19.145,0.95985,0.96034,1.60,2.70
2010.11.12 09:05:21.493,0.95985,0.96032,1.50,2.30
2010.11.12 09:05:23.491,0.95985,0.96032,1.50,2.30
2010.11.12 09:05:24.998,0.95995,0.96034,1.50,2.30
2010.11.12 09:05:26.497,0.95994,0.96026,1.50,1.50
2010.11.12 09:05:28.529,0.95994,0.96026,1.50,1.50
2010.11.12 09:05:30.809,0.95994,0.96026,1.50,1.50
2010.11.12 09:05:32.883,0.95995,0.96035,1.50,3.80
2010.11.12 09:05:33.885,0.95994,0.96026,1.50,1.50
2010.11.12 09:05:34.476,0.95995,0.96035,1.50,1.50
2010.11.12 09:05:35.998,0.95995,0.96045,2.30,3.80
2010.11.12 09:05:38.074,0.95995,0.96045,4.70,1.50
2010.11.12 09:05:39.404,0.95995,0.96036,2.00,1.50
2010.11.12 09:05:39.805,0.96,0.96036,2.70,1.50
2010.11.12 09:05:40.026,0.96004,0.96045,1.90,1.50
2010.11.12 09:05:40.847,0.96005,0.96055,1.50,2.30
2010.11.12 09:05:41.065,0.96014,0.96053,1.50,2.30
2010.11.12 09:05:41.572,0.96014,0.9606,1.50,2.30
2010.11.12 09:05:41.871,0.96014,0.9605,1.50,2.30
2010.11.12 09:05:43.215,0.96014,0.96062,1.50,2.30
2010.11.12 09:05:43.566,0.96005,0.96058,1.50,2.30
2010.11.12 09:05:44.456,0.96014,0.96055,1.50,1.50
2010.11.12 09:05:44.566,0.95997,0.96055,7.30,1.50
2010.11.12 09:05:44.785,0.95995,0.96045,1.80,3.80
2010.11.12 09:05:45.347,0.96005,0.96053,1.50,2.30
2010.11.12 09:05:45.736,0.96024,0.96053,1.50,2.30
2010.11.12 09:05:45.845,0.96024,0.96065,1.50,1.90
2010.11.12 09:05:45.956,0.96014,0.96065,1.90,1.50
2010.11.12 09:05:46.677,0.96024,0.96065,1.50,1.50
2010.11.12 09:05:47.115,0.96014,0.96053,1.50,2.30
2010.11.12 09:05:47.811,0.96033,0.96067,1.50,2.30
2010.11.12 09:05:47.920,0.96019,0.96069,1.20,2.70
2010.11.12 09:05:48.026,0.96033,0.96069,1.50,2.30
2010.11.12 09:05:48.731,0.96024,0.96068,1.50,2.30
2010.11.12 09:05:49.116,0.96014,0.96067,1.90,2.30
2010.11.12 09:05:49.986,0.96005,0.96053,1.50,2.30
2010.11.12 09:05:50.879,0.96014,0.96064,1.50,2.30
2010.11.12 09:05:52.650,0.96033,0.96074,1.50,3.80
2010.11.12 09:05:52.867,0.96024,0.96071,1.90,2.30
2010.11.12 09:05:53.790,0.96034,0.96073,1.50,2.30
2010.11.12 09:05:55.318,0.96043,0.96075,1.50,1.50
2010.11.12 09:05:55.535,0.96034,0.96073,1.50,2.30
2010.11.12 09:05:56.578,0.96033,0.96065,1.50,1.50
2010.11.12 09:05:56.909,0.96033,0.96075,1.50,1.50
2010.11.12 09:05:58.369,0.96024,0.96074,1.50,1.50
2010.11.12 09:05:58.475,0.96033,0.96074,2.30,1.50
2010.11.12 09:05:59.386,0.96034,0.96074,1.50,1.50
2010.11.12 09:06:00.237,0.96024,0.96071,1.50,2.30
2010.11.12 09:06:01.016,0.96024,0.96071,2.70,2.30
2010.11.12 09:06:01.635,0.96043,0.96075,1.50,1.50
2010.11.12 09:06:04.671,0.96051,0.96082,1.50,2.70
2010.11.12 09:06:06.516,0.96034,0.96081,1.50,2.30
2010.11.12 09:06:08.089,0.96034,0.96075,1.50,2.30
2010.11.12 09:06:09.438,0.96034,0.96082,1.50,2.30
2010.11.12 09:06:11.376,0.96034,0.96074,1.50,1.50
2010.11.12 09:06:12.196,0.96034,0.96082,1.50,2.30
2010.11.12 09:06:12.897,0.96034,0.96074,1.50,1.50
2010.11.12 09:06:15.108,0.96034,0.96074,1.50,1.50
2010.11.12 09:06:16.159,0.96027,0.96074,2.30,1.50
2010.11.12 09:06:17.435,0.96034,0.96081,1.50,2.30
2010.11.12 09:06:19.459,0.96034,0.96081,1.50,2.30
2010.11.12 09:06:21.085,0.96034,0.96072,1.50,2.30
2010.11.12 09:06:21.821,0.96043,0.96072,1.50,2.30
2010.11.12 09:06:23.147,0.96033,0.96065,1.90,1.50
2010.11.12 09:06:23.367,0.96048,0.9608,1.50,1.50
2010.11.12 09:06:24.727,0.96044,0.96074,1.50,2.30
2010.11.12 09:06:24.948,0.96033,0.96065,1.90,1.50
2010.11.12 09:06:25.055,0.96043,0.96075,1.50,1.50
2010.11.12 09:06:26.416,0.96033,0.96065,1.90,1.50
2010.11.12 09:06:26.976,0.96043,0.96075,1.50,1.50
2010.11.12 09:06:28.198,0.96033,0.96065,1.90,1.50
2010.11.12 09:06:28.746,0.96043,0.96075,1.50,1.50
2010.11.12 09:06:29.805,0.96033,0.96065,1.90,1.50
2010.11.12 09:06:31.820,0.96043,0.96075,1.50,1.50
2010.11.12 09:06:32.148,0.96033,0.96065,1.50,1.50
2010.11.12 09:06:32.635,0.96024,0.96071,2.30,2.30
2010.11.12 09:06:32.749,0.96024,0.96074,1.50,2.30
2010.11.12 09:06:32.856,0.96034,0.96075,1.50,1.50
2010.11.12 09:06:33.658,0.96033,0.96065,1.50,1.50
2010.11.12 09:06:33.766,0.96034,0.96071,1.50,2.30
2010.11.12 09:06:35.140,0.96033,0.96065,1.50,1.50
2010.11.12 09:06:37.329,0.96033,0.96065,1.50,1.50
2010.11.12 09:06:38.685,0.96034,0.96075,1.50,3.80
2010.11.12 09:06:40.466,0.96033,0.96065,1.50,1.50
2010.11.12 09:06:43.099,0.96033,0.96065,1.50,1.50
2010.11.12 09:06:45.206,0.96033,0.96065,1.50,1.50
2010.11.12 09:06:48.052,0.96033,0.96065,1.50,1.50
2010.11.12 09:06:50.190,0.96033,0.96065,1.50,1.50
2010.11.12 09:06:50.917,0.96034,0.96075,1.50,3.80
2010.11.12 09:06:52.941,0.96034,0.96075,1.50,1.50
2010.11.12 09:06:55.463,0.96034,0.96075,1.50,3.80
2010.11.12 09:06:57.864,0.96024,0.96065,1.90,1.50
2010.11.12 09:06:58.085,0.96034,0.96066,1.50,1.50
2010.11.12 09:06:59.173,0.96034,0.96066,1.50,1.50
2010.11.12 09:07:00.739,0.96023,0.96055,2.30,1.50
2010.11.12 09:07:02.827,0.96023,0.96055,1.50,1.50
2010.11.12 09:07:05.160,0.96023,0.96055,1.50,1.50
2010.11.12 09:07:07.535,0.96023,0.96055,1.50,1.50
2010.11.12 09:07:10.069,0.96023,0.96055,1.50,1.50
2010.11.12 09:07:12.526,0.96023,0.96055,1.90,1.50
2010.11.12 09:07:14.238,0.96015,0.96047,1.50,1.50
2010.11.12 09:07:16.599,0.96014,0.96046,1.50,1.50
2010.11.12 09:07:18.946,0.96018,0.9605,1.50,1.50
2010.11.12 09:07:21.089,0.96018,0.9605,1.50,1.50
2010.11.12 09:07:23.364,0.96018,0.9605,1.50,1.50
2010.11.12 09:07:24.317,0.96015,0.96056,1.50,1.50
2010.11.12 09:07:24.426,0.96006,0.96046,1.50,1.50
2010.11.12 09:07:25.766,0.96035,0.96052,1.50,2.30
2010.11.12 09:07:25.877,0.96035,0.96067,1.50,3.80
2010.11.12 09:07:27.006,0.96035,0.96075,1.50,1.70
2010.11.12 09:07:27.116,0.96025,0.96065,3.80,1.50
2010.11.12 09:07:28.147,0.96007,0.96072,2.30,2.30
2010.11.12 09:07:29.999,0.96007,0.96072,2.70,2.40
2010.11.12 09:07:31.906,0.96025,0.96073,1.50,2.40
2010.11.12 09:07:32.025,0.96015,0.9607,1.90,2.30
2010.11.12 09:07:33.132,0.96034,0.9607,1.50,2.40
2010.11.12 09:07:33.355,0.96015,0.96063,2.30,2.30
2010.11.12 09:07:33.465,0.96015,0.96063,1.50,2.30
2010.11.12 09:07:33.997,0.96025,0.96063,1.50,2.30
2010.11.12 09:07:34.547,0.96015,0.96065,1.50,1.50
2010.11.12 09:07:34.825,0.96033,0.96065,1.50,1.50
2010.11.12 09:07:35.045,0.96024,0.96065,1.90,1.50
2010.11.12 09:07:37.120,0.96024,0.96065,1.50,1.50
2010.11.12 09:07:37.228,0.96034,0.96066,1.50,1.50
2010.11.12 09:07:37.446,0.96025,0.96063,1.50,2.30
2010.11.12 09:07:38.068,0.96015,0.96056,1.50,1.50
2010.11.12 09:07:39.717,0.96005,0.96046,1.50,1.50
2010.11.12 09:07:39.828,0.96006,0.96046,1.20,1.50
2010.11.12 09:07:40.050,0.96015,0.96055,1.90,1.50
2010.11.12 09:07:40.651,0.96025,0.96057,1.50,1.50
2010.11.12 09:07:42.189,0.96025,0.96084,1.50,2.40
2010.11.12 09:07:43.656,0.96025,0.96076,1.50,1.50
2010.11.12 09:07:44.876,0.96035,0.96084,1.50,2.30
2010.11.12 09:07:45.596,0.96044,0.96095,1.50,1.60
2010.11.12 09:07:46.340,0.96025,0.96076,3.80,1.50
2010.11.12 09:07:47.238,0.96026,0.96086,2.30,1.50
2010.11.12 09:07:49.137,0.96035,0.96086,1.50,1.50
2010.11.12 09:07:51.504,0.96035,0.96086,1.50,1.50
2010.11.12 09:07:53.037,0.96026,0.96086,2.30,1.50
2010.11.12 09:07:53.146,0.96025,0.96072,1.50,2.30
2010.11.12 09:07:54.007,0.96025,0.96078,1.50,2.30
2010.11.12 09:07:54.116,0.96035,0.96078,1.50,2.30
2010.11.12 09:07:54.337,0.96025,0.96072,1.50,2.30
2010.11.12 09:07:56.407,0.96025,0.96076,1.50,1.50
2010.11.12 09:07:58.789,0.96025,0.96072,1.50,2.30
2010.11.12 09:08:01.800,0.96035,0.96076,1.50,1.50
2010.11.12 09:08:01.909,0.96025,0.96076,3.80,1.50
2010.11.12 09:08:03.917,0.9603,0.96076,2.30,1.50
2010.11.12 09:08:04.480,0.96035,0.96067,1.50,1.50
2010.11.12 09:08:04.805,0.96035,0.96076,1.50,1.50
2010.11.12 09:08:05.397,0.96039,0.96085,2.30,1.50
2010.11.12 09:08:05.508,0.96047,0.96097,2.30,2.30
2010.11.12 09:08:05.616,0.96036,0.96105,2.70,4.20
2010.11.12 09:08:07.686,0.96035,0.96105,3.80,1.50
2010.11.12 09:08:08.075,0.9605,0.96105,2.30,1.50
2010.11.12 09:08:08.296,0.96042,0.96101,2.30,2.30
2010.11.12 09:08:09.105,0.9604,0.96095,2.40,2.30
2010.11.12 09:08:10.805,0.96055,0.96095,1.50,1.50
2010.11.12 09:08:12.817,0.96055,0.96095,1.50,1.50
2010.11.12 09:08:13.145,0.96055,0.96095,1.50,1.90
2010.11.12 09:08:14.589,0.96054,0.96086,1.50,1.50
2010.11.12 09:08:17.334,0.96054,0.96086,1.50,1.50
2010.11.12 09:08:19.428,0.96059,0.96091,1.50,1.50
2010.11.12 09:08:21.888,0.96059,0.96091,1.50,1.50
2010.11.12 09:08:23.649,0.96059,0.96091,1.90,1.50
2010.11.12 09:08:26.012,0.96059,0.96091,1.50,1.50
2010.11.12 09:08:28.261,0.96054,0.96086,1.50,1.50
2010.11.12 09:08:30.694,0.96054,0.96086,1.90,1.50
2010.11.12 09:08:30.906,0.96045,0.96086,1.50,1.50
2010.11.12 09:08:32.775,0.96045,0.96093,1.50,2.30
2010.11.12 09:08:33.457,0.96055,0.96095,1.50,1.50
2010.11.12 09:08:35.858,0.96059,0.96095,2.30,1.50
2010.11.12 09:08:37.176,0.96067,0.96115,2.30,1.50
2010.11.12 09:08:37.396,0.96067,0.96123,2.30,2.40
2010.11.12 09:08:39.318,0.96067,0.96125,2.30,1.60
2010.11.12 09:08:41.395,0.96068,0.96125,2.30,1.60
2010.11.12 09:08:41.506,0.96081,0.96125,2.30,1.50
2010.11.12 09:08:41.725,0.96068,0.96122,2.30,2.30
2010.11.12 09:08:43.136,0.9607,0.96115,2.30,1.50
2010.11.12 09:08:43.860,0.96077,0.96125,2.30,1.50
2010.11.12 09:08:43.967,0.96083,0.96125,2.30,1.50
2010.11.12 09:08:46.885,0.96083,0.96125,2.30,1.50
2010.11.12 09:08:48.247,0.96079,0.96115,2.30,1.50
2010.11.12 09:08:50.316,0.96075,0.96115,2.30,1.50
2010.11.12 09:08:52.571,0.96078,0.96115,2.30,1.50
2010.11.12 09:08:54.913,0.96073,0.96115,2.30,1.50
2010.11.12 09:08:56.342,0.96073,0.96095,2.30,1.50
2010.11.12 09:08:56.449,0.96065,0.96109,1.50,2.30
2010.11.12 09:08:56.666,0.96065,0.96104,1.50,2.30
2010.11.12 09:08:56.777,0.96055,0.96095,1.50,1.50
2010.11.12 09:08:58.236,0.96063,0.96095,1.50,1.50
2010.11.12 09:08:58.456,0.96065,0.96109,1.50,2.30
2010.11.12 09:08:59.000,0.96065,0.96115,1.50,1.50
2010.11.12 09:08:59.128,0.96074,0.96115,2.30,1.50
2010.11.12 09:08:59.810,0.96067,0.96106,2.30,1.50
2010.11.12 09:09:01.918,0.96055,0.96106,1.90,1.50
2010.11.12 09:09:03.196,0.96055,0.96115,3.80,1.50
2010.11.12 09:09:03.526,0.96065,0.96115,1.50,1.60
2010.11.12 09:09:05.566,0.96065,0.96115,1.50,1.50
2010.11.12 09:09:06.567,0.96064,0.96096,1.50,1.50
2010.11.12 09:09:06.676,0.96065,0.96115,1.50,1.50
2010.11.12 09:09:09.485,0.96065,0.96115,1.50,1.50
2010.11.12 09:09:11.931,0.96065,0.96115,1.50,1.50
2010.11.12 09:09:13.997,0.96065,0.96115,1.50,1.50
2010.11.12 09:09:14.218,0.96055,0.96115,3.80,1.50
2010.11.12 09:09:14.327,0.96065,0.96115,1.50,1.50
2010.11.12 09:09:16.823,0.96065,0.96115,1.50,1.50
2010.11.12 09:09:19.038,0.96065,0.96115,1.50,1.50
2010.11.12 09:09:21.086,0.96065,0.96115,1.50,1.50
2010.11.12 09:09:22.096,0.96065,0.96109,1.50,2.30
2010.11.12 09:09:22.316,0.96065,0.96115,1.50,1.50
2010.11.12 09:09:24.896,0.96065,0.96115,1.50,1.50
2010.11.12 09:09:27.058,0.96065,0.96115,1.50,1.50
2010.11.12 09:09:27.777,0.96065,0.96125,3.80,1.50
2010.11.12 09:09:28.275,0.96074,0.96125,1.50,1.50
2010.11.12 09:09:28.868,0.96084,0.96125,1.50,1.50
2010.11.12 09:09:29.207,0.96064,0.96125,1.50,1.50
2010.11.12 09:09:29.867,0.96064,0.96115,1.50,1.50
2010.11.12 09:09:31.356,0.96074,0.96115,1.50,1.50
2010.11.12 09:09:33.365,0.96074,0.96115,1.50,1.50
2010.11.12 09:09:35.592,0.96074,0.96115,1.50,1.50
2010.11.12 09:09:37.716,0.96074,0.96115,1.50,1.50
2010.11.12 09:09:38.520,0.96074,0.96108,1.50,2.30
2010.11.12 09:09:38.633,0.96064,0.96115,1.50,1.50
2010.11.12 09:09:39.231,0.96064,0.96124,1.50,1.50
2010.11.12 09:09:40.218,0.96071,0.96124,2.30,1.50
2010.11.12 09:09:41.269,0.96083,0.96124,2.30,1.50
2010.11.12 09:09:43.178,0.96098,0.96134,2.30,1.50
2010.11.12 09:09:45.671,0.96094,0.96134,2.30,1.50
2010.11.12 09:09:48.501,0.96097,0.96134,2.30,1.50
2010.11.12 09:09:50.806,0.96097,0.96134,2.30,1.50
2010.11.12 09:09:52.456,0.96083,0.96124,1.50,1.50
2010.11.12 09:09:54.498,0.96083,0.96124,1.50,1.50
2010.11.12 09:09:55.838,0.96073,0.96124,1.90,1.50
2010.11.12 09:09:56.718,0.96083,0.96124,1.50,1.50
2010.11.12 09:09:58.036,0.96092,0.96124,1.50,1.50
2010.11.12 09:10:00.221,0.96093,0.96125,1.50,1.50
2010.11.12 09:10:02.263,0.96082,0.96114,1.90,1.50
2010.11.12 09:10:02.475,0.96073,0.96114,1.90,1.50
2010.11.12 09:10:04.574,0.96073,0.96114,1.90,1.50
2010.11.12 09:10:04.798,0.96073,0.96114,2.30,1.50
2010.11.12 09:10:06.608,0.96073,0.96114,1.90,1.50
2010.11.12 09:10:08.667,0.96073,0.96114,1.90,1.50
2010.11.12 09:10:10.701,0.96073,0.96114,1.90,1.50
2010.11.12 09:10:11.399,0.96068,0.961,1.90,1.50
2010.11.12 09:10:11.616,0.96073,0.96114,1.50,3.80
2010.11.12 09:10:12.156,0.96073,0.96105,1.50,1.50
2010.11.12 09:10:12.705,0.96073,0.96114,1.50,1.50
2010.11.12 09:10:13.246,0.96073,0.96105,1.50,1.50
2010.11.12 09:10:13.466,0.96073,0.96114,1.50,1.90
2010.11.12 09:10:15.759,0.96073,0.96114,1.90,1.50
2010.11.12 09:10:16.672,0.96068,0.961,4.50,1.50
2010.11.12 09:10:16.887,0.96073,0.96114,1.50,1.50
2010.11.12 09:10:19.326,0.96073,0.96114,1.50,1.50
2010.11.12 09:10:19.768,0.96082,0.96114,1.50,1.50
2010.11.12 09:10:20.477,0.96063,0.96114,1.90,1.50
2010.11.12 09:10:21.209,0.96054,0.96114,2.30,3.80
2010.11.12 09:10:21.666,0.96053,0.96104,1.90,1.50
2010.11.12 09:10:22.890,0.96053,0.96095,1.90,1.50
2010.11.12 09:10:23.437,0.96044,0.96095,1.90,1.50
2010.11.12 09:10:24.237,0.96053,0.96095,1.50,1.50
2010.11.12 09:10:26.551,0.96053,0.96095,1.50,1.50
2010.11.12 09:10:27.718,0.96063,0.96104,1.50,1.50
2010.11.12 09:10:28.626,0.96055,0.96104,2.70,1.50
2010.11.12 09:10:30.658,0.96053,0.96104,1.50,1.50
2010.11.12 09:10:31.456,0.96053,0.96095,1.50,1.50
2010.11.12 09:10:33.093,0.96059,0.96095,2.30,1.50
2010.11.12 09:10:33.316,0.96063,0.96104,1.50,1.50
2010.11.12 09:10:33.883,0.96035,0.96095,1.50,1.50
2010.11.12 09:10:35.887,0.96035,0.96095,1.50,1.50
2010.11.12 09:10:36.215,0.96035,0.96085,1.50,1.50
2010.11.12 09:10:38.296,0.96034,0.96085,1.50,1.50
2010.11.12 09:10:39.406,0.96034,0.96095,1.50,1.50
2010.11.12 09:10:41.448,0.96042,0.96095,2.30,1.50
2010.11.12 09:10:42.129,0.96044,0.96101,1.50,2.30
2010.11.12 09:10:43.446,0.96048,0.96095,2.30,1.50
2010.11.12 09:10:44.687,0.96031,0.96095,2.30,1.50
2010.11.12 09:10:46.062,0.96026,0.96095,6.60,1.50
2010.11.12 09:10:47.297,0.96032,0.96095,2.40,1.50
2010.11.12 09:10:49.845,0.96032,0.96095,2.40,1.50
2010.11.12 09:10:51.627,0.96038,0.96095,2.30,1.50
2010.11.12 09:10:53.660,0.96035,0.96095,1.50,1.50
2010.11.12 09:10:55.746,0.96035,0.96095,1.50,1.50
2010.11.12 09:10:57.406,0.96035,0.96104,1.50,1.50
2010.11.12 09:10:57.736,0.96044,0.96104,1.50,1.50
2010.11.12 09:10:58.433,0.96042,0.96095,2.30,1.50
2010.11.12 09:10:58.547,0.96035,0.96097,1.50,2.30
2010.11.12 09:10:58.656,0.96035,0.96104,1.50,1.50
2010.11.12 09:10:59.808,0.96054,0.96104,2.70,1.50
2010.11.12 09:10:59.917,0.96063,0.96114,1.50,1.50
2010.11.12 09:11:00.137,0.96044,0.96123,3.80,1.60
2010.11.12 09:11:00.729,0.96044,0.96114,1.50,1.50
2010.11.12 09:11:01.836,0.96035,0.96114,3.80,1.50
2010.11.12 09:11:02.406,0.96044,0.96114,1.50,1.50
2010.11.12 09:11:02.856,0.96044,0.96104,1.50,1.50
2010.11.12 09:11:04.186,0.96034,0.96104,3.80,1.50
2010.11.12 09:11:04.296,0.96042,0.96104,2.30,1.50
2010.11.12 09:11:05.247,0.96044,0.96104,1.50,1.50
2010.11.12 09:11:05.506,0.96038,0.96104,2.30,1.50
2010.11.12 09:11:07.832,0.96038,0.96104,2.30,1.50
2010.11.12 09:11:08.047,0.96044,0.96104,2.30,1.50
2010.11.12 09:11:08.156,0.96036,0.96104,2.30,1.50
2010.11.12 09:11:09.398,0.96042,0.96104,2.30,1.50
2010.11.12 09:11:10.487,0.96051,0.96104,2.30,1.50
2010.11.12 09:11:11.052,0.96051,0.96076,2.30,1.50
2010.11.12 09:11:11.157,0.96034,0.96076,2.30,1.50
2010.11.12 09:11:11.838,0.96031,0.96085,2.40,1.50
2010.11.12 09:11:12.166,0.96043,0.96085,2.30,1.50
2010.11.12 09:11:13.217,0.96045,0.96095,2.30,1.50
2010.11.12 09:11:16.096,0.96045,0.96095,2.40,1.50
2010.11.12 09:11:18.015,0.96044,0.96095,1.50,1.50
2010.11.12 09:11:20.399,0.96039,0.96101,2.30,2.30
2010.11.12 09:11:20.509,0.96044,0.96114,1.50,1.50
2010.11.12 09:11:20.946,0.96059,0.96114,2.30,1.50
2010.11.12 09:11:22.486,0.96064,0.96114,1.50,1.50
2010.11.12 09:11:24.638,0.96068,0.96114,2.30,1.50
2010.11.12 09:11:25.086,0.96078,0.96123,2.30,1.50
2010.11.12 09:11:25.748,0.96063,0.96114,1.50,1.50
2010.11.12 09:11:25.965,0.96057,0.96114,2.30,1.50
2010.11.12 09:11:27.529,0.96072,0.96123,1.50,1.50
2010.11.12 09:11:28.120,0.96053,0.96114,1.50,1.50
2010.11.12 09:11:28.446,0.96044,0.96104,1.50,1.50
2010.11.12 09:11:29.047,0.96044,0.96114,1.50,1.90
2010.11.12 09:11:31.153,0.96044,0.96114,1.50,1.90
2010.11.12 09:11:32.376,0.96061,0.96114,2.30,1.90
2010.11.12 09:11:32.816,0.96044,0.96114,1.50,1.90
2010.11.12 09:11:35.223,0.96044,0.96114,1.50,1.90
2010.11.12 09:11:35.846,0.96044,0.96104,1.50,1.50
2010.11.12 09:11:36.449,0.96055,0.96114,2.30,1.90
2010.11.12 09:11:37.722,0.96061,0.96114,2.30,1.50
2010.11.12 09:11:40.034,0.96066,0.96114,2.30,1.50
2010.11.12 09:11:42.077,0.96061,0.96114,2.30,1.50
2010.11.12 09:11:43.337,0.9606,0.96114,2.30,1.50
2010.11.12 09:11:45.548,0.96061,0.96114,2.30,1.50
2010.11.12 09:11:46.236,0.96053,0.96114,1.50,1.50
2010.11.12 09:11:47.037,0.96053,0.96123,1.50,1.50
2010.11.12 09:11:49.123,0.96053,0.96123,1.50,1.70
2010.11.12 09:11:50.444,0.96053,0.96114,1.50,1.50
2010.11.12 09:11:51.356,0.96053,0.96123,1.50,1.60
2010.11.12 09:11:53.266,0.96065,0.96123,2.30,1.50
2010.11.12 09:11:55.546,0.96062,0.96123,2.30,1.50
2010.11.12 09:11:56.026,0.96071,0.96123,2.30,1.50
2010.11.12 09:11:56.735,0.96065,0.96123,2.30,1.50
2010.11.12 09:11:58.759,0.96061,0.96123,2.40,1.50
2010.11.12 09:12:00.492,0.96071,0.96114,2.30,1.50
2010.11.12 09:12:00.598,0.96055,0.96123,2.30,1.50
2010.11.12 09:12:03.086,0.96053,0.96123,2.00,1.50
2010.11.12 09:12:03.418,0.96075,0.96123,2.30,1.50
2010.11.12 09:12:06.492,0.96075,0.96123,2.30,1.50
2010.11.12 09:12:06.927,0.96086,0.96123,2.30,1.50
2010.11.12 09:12:08.989,0.96085,0.96123,2.30,1.50
2010.11.12 09:12:09.476,0.96075,0.96123,2.30,1.50
2010.11.12 09:12:10.217,0.96065,0.96114,2.40,1.50
2010.11.12 09:12:10.664,0.96068,0.96123,2.40,1.50
2010.11.12 09:12:13.109,0.96075,0.96123,2.30,1.50
2010.11.12 09:12:13.816,0.96067,0.96123,2.30,1.50
2010.11.12 09:12:17.054,0.96067,0.96123,2.40,1.50
2010.11.12 09:12:19.136,0.96067,0.96104,2.30,1.50
2010.11.12 09:12:19.661,0.9606,0.96104,2.70,1.50
2010.11.12 09:12:19.985,0.96045,0.96104,2.30,1.50
2010.11.12 09:12:22.011,0.96045,0.96104,2.30,1.50
2010.11.12 09:12:24.783,0.96045,0.96104,2.40,1.50
2010.11.12 09:12:28.793,0.96045,0.96104,2.30,1.60
2010.11.12 09:12:30.893,0.96045,0.96104,2.30,1.50
2010.11.12 09:12:33.352,0.96045,0.96104,2.30,1.50
2010.11.12 09:12:35.578,0.96044,0.96104,1.50,1.70
2010.11.12 09:12:37.642,0.96044,0.96104,1.50,1.70
2010.11.12 09:12:39.256,0.96053,0.96104,1.50,1.50
2010.11.12 09:12:41.420,0.96053,0.96104,1.50,1.50
2010.11.12 09:12:44.180,0.96053,0.96104,1.50,1.50
2010.11.12 09:12:46.319,0.96053,0.96104,1.50,1.50
2010.11.12 09:12:47.210,0.96063,0.96113,1.50,1.70
2010.11.12 09:12:50.354,0.96063,0.96113,1.50,3.80
2010.11.12 09:12:52.833,0.9606,0.96113,2.30,3.80
2010.11.12 09:12:52.938,0.96053,0.96113,1.60,3.80
2010.11.12 09:12:54.436,0.96053,0.96103,1.50,1.50
2010.11.12 09:12:57.540,0.96053,0.96103,1.50,1.50
2010.11.12 09:12:59.620,0.96053,0.96103,1.50,1.50
2010.11.12 09:13:01.634,0.96053,0.96103,1.50,1.50
2010.11.12 09:13:03.678,0.96053,0.96103,1.50,1.50
2010.11.12 09:13:05.731,0.96053,0.96103,1.50,1.50
2010.11.12 09:13:07.939,0.96053,0.96103,1.50,1.50
2010.11.12 09:13:08.698,0.96063,0.96122,2.30,1.90
2010.11.12 09:13:08.806,0.96072,0.96122,1.50,1.50
2010.11.12 09:13:09.490,0.96073,0.96132,2.30,1.60
2010.11.12 09:13:10.037,0.96068,0.96122,2.30,1.50
2010.11.12 09:13:10.679,0.96065,0.96132,2.30,1.90
2010.11.12 09:13:13.088,0.96069,0.96132,2.30,1.90
2010.11.12 09:13:14.922,0.96065,0.96122,2.30,1.50
2010.11.12 09:13:15.776,0.96062,0.96102,1.50,1.50
2010.11.12 09:13:18.160,0.96062,0.96102,1.50,1.50
2010.11.12 09:13:20.338,0.96062,0.96102,1.50,1.50
2010.11.12 09:13:21.858,0.96052,0.96102,1.50,4.50
2010.11.12 09:13:22.077,0.96052,0.96102,1.50,1.50
2010.11.12 09:13:24.654,0.96052,0.96102,1.50,1.50
2010.11.12 09:13:26.957,0.96052,0.96102,1.50,1.50
2010.11.12 09:13:29.474,0.96052,0.96102,1.50,1.50
2010.11.12 09:13:29.591,0.96043,0.96093,2.30,1.50
2010.11.12 09:13:30.278,0.96054,0.96102,2.30,1.50
2010.11.12 09:13:30.387,0.96054,0.96112,2.30,1.90
2010.11.12 09:13:31.294,0.96053,0.96112,3.00,1.50
2010.11.12 09:13:31.406,0.96053,0.96112,2.70,1.50
2010.11.12 09:13:31.970,0.96061,0.96112,1.50,1.50
2010.11.12 09:13:34.160,0.96061,0.96112,1.50,1.50
2010.11.12 09:13:36.263,0.96061,0.96093,1.50,1.50
2010.11.12 09:13:36.390,0.96041,0.96101,3.80,1.50
2010.11.12 09:13:36.496,0.96051,0.96111,2.30,1.50
2010.11.12 09:13:37.131,0.96049,0.96102,2.30,1.50
2010.11.12 09:13:38.191,0.96055,0.96102,2.30,1.50
2010.11.12 09:13:38.518,0.96055,0.96092,2.30,1.50
2010.11.12 09:13:39.286,0.96048,0.96102,2.30,1.50
2010.11.12 09:13:39.406,0.96044,0.96092,2.30,1.50
2010.11.12 09:13:41.679,0.96044,0.96092,2.30,1.50
2010.11.12 09:13:42.403,0.96054,0.96092,2.30,1.50
2010.11.12 09:13:43.327,0.96062,0.96102,2.30,1.50
2010.11.12 09:13:44.698,0.96056,0.96102,2.30,1.50
2010.11.12 09:13:45.490,0.96052,0.96092,1.50,1.50
2010.11.12 09:13:45.598,0.96043,0.96092,2.30,1.50
2010.11.12 09:13:46.920,0.9605,0.96092,2.30,1.50
2010.11.12 09:13:49.358,0.96054,0.96092,2.30,1.50
2010.11.12 09:13:50.707,0.96063,0.96102,2.30,1.50
2010.11.12 09:13:52.778,0.96063,0.96102,2.30,1.50
2010.11.12 09:13:53.106,0.96065,0.96112,2.30,1.50
2010.11.12 09:13:55.247,0.96064,0.96112,2.30,1.50
2010.11.12 09:13:57.677,0.96064,0.96112,2.30,1.50
2010.11.12 09:14:00.722,0.96061,0.96112,2.30,1.50
2010.11.12 09:14:02.328,0.96057,0.96102,2.30,1.50
2010.11.12 09:14:04.197,0.96052,0.96112,1.50,1.50
2010.11.12 09:14:06.478,0.96055,0.96112,2.30,1.60
2010.11.12 09:14:07.167,0.96061,0.96112,2.30,1.50
2010.11.12 09:14:07.387,0.96054,0.96112,2.30,1.50
2010.11.12 09:14:07.659,0.96061,0.96112,2.30,1.50
2010.11.12 09:14:07.769,0.96055,0.96112,2.30,1.50
2010.11.12 09:14:10.751,0.96052,0.96112,1.50,1.50
2010.11.12 09:14:12.826,0.96052,0.96112,3.80,1.50
2010.11.12 09:14:13.156,0.96061,0.96116,1.50,2.30
2010.11.12 09:14:14.744,0.96071,0.96112,1.50,1.50
2010.11.12 09:14:15.097,0.96071,0.96121,1.50,1.50
2010.11.12 09:14:15.728,0.96071,0.96112,1.50,1.50
2010.11.12 09:14:17.726,0.96071,0.96112,1.50,1.50
2010.11.12 09:14:20.108,0.9607,0.96102,1.50,1.50
2010.11.12 09:14:21.398,0.96071,0.96112,3.80,1.50
2010.11.12 09:14:21.512,0.96084,0.96121,2.30,1.50
2010.11.12 09:14:23.607,0.96085,0.96121,2.30,1.50
2010.11.12 09:14:24.408,0.96079,0.96121,2.30,1.50
2010.11.12 09:14:25.876,0.96079,0.96131,2.30,1.50
2010.11.12 09:14:25.985,0.96079,0.96121,2.30,1.50
2010.11.12 09:14:28.719,0.96084,0.96121,2.30,1.50
2010.11.12 09:14:30.926,0.96083,0.96121,2.30,1.50
2010.11.12 09:14:34.013,0.96084,0.96121,2.30,1.50
2010.11.12 09:14:36.019,0.96083,0.96121,2.30,1.50
2010.11.12 09:14:37.247,0.9608,0.96112,3.80,1.50
2010.11.12 09:14:37.846,0.96083,0.96121,2.30,1.50
2010.11.12 09:14:39.949,0.9608,0.96121,3.80,1.50
2010.11.12 09:14:41.980,0.9608,0.96121,3.80,1.50
2010.11.12 09:14:43.908,0.9608,0.96131,3.80,1.50
2010.11.12 09:14:46.134,0.96088,0.96131,2.30,1.50
2010.11.12 09:14:46.250,0.9608,0.96121,1.50,1.50
2010.11.12 09:14:46.941,0.9608,0.96131,1.50,1.50
2010.11.12 09:14:49.005,0.9608,0.96131,1.50,1.50
2010.11.12 09:14:50.458,0.96082,0.9614,2.30,1.50
2010.11.12 09:14:50.581,0.9608,0.96131,1.50,1.50
2010.11.12 09:14:52.617,0.96081,0.96131,2.30,1.50
2010.11.12 09:14:53.517,0.96071,0.9613,1.50,2.30
2010.11.12 09:14:54.616,0.96071,0.96121,3.80,1.50
2010.11.12 09:14:57.111,0.96071,0.96121,3.80,1.50
2010.11.12 09:14:59.255,0.96071,0.96121,3.80,1.50
2010.11.12 09:15:01.912,0.9608,0.96121,2.30,1.50
2010.11.12 09:15:04.483,0.9608,0.96121,2.30,1.50
2010.11.12 09:15:07.344,0.9608,0.96121,2.30,1.50
2010.11.12 09:15:08.587,0.96079,0.96131,2.30,1.60
2010.11.12 09:15:09.608,0.9609,0.96131,2.30,1.50
2010.11.12 09:15:11.880,0.9609,0.96131,2.30,1.50
2010.11.12 09:15:13.158,0.96096,0.96121,2.30,1.50
2010.11.12 09:15:13.267,0.96099,0.96131,1.50,1.50
2010.11.12 09:15:13.875,0.96089,0.9614,2.30,1.50
2010.11.12 09:15:15.442,0.96079,0.96133,2.30,3.00
2010.11.12 09:15:17.452,0.96078,0.96123,2.30,1.20
2010.11.12 09:15:17.556,0.96071,0.96123,2.30,1.20
2010.11.12 09:15:17.667,0.96064,0.96128,2.30,3.10
2010.11.12 09:15:18.557,0.9606,0.96121,2.30,3.00
2010.11.12 09:15:21.006,0.9606,0.96121,2.30,3.00
2010.11.12 09:15:23.372,0.96059,0.96115,2.30,1.50
2010.11.12 09:15:24.399,0.96068,0.96115,2.30,1.50
2010.11.12 09:15:25.830,0.96071,0.9612,2.30,1.50
2010.11.12 09:15:25.936,0.9608,0.9612,2.30,1.50
2010.11.12 09:15:28.430,0.9608,0.9612,2.30,1.50
2010.11.12 09:15:30.934,0.9608,0.9612,2.30,1.50
2010.11.12 09:15:32.537,0.96083,0.9613,2.30,1.50
2010.11.12 09:15:34.682,0.96083,0.9613,2.30,1.50
2010.11.12 09:15:35.659,0.96074,0.96111,2.30,1.50
2010.11.12 09:15:35.880,0.9608,0.9612,2.30,1.50
2010.11.12 09:15:38.028,0.96078,0.9612,2.30,1.50
2010.11.12 09:15:39.207,0.96071,0.9612,2.30,1.50
2010.11.12 09:15:39.536,0.96062,0.9612,2.30,1.50
2010.11.12 09:15:41.923,0.96062,0.9612,2.30,1.50
2010.11.12 09:15:42.029,0.9607,0.9612,2.30,1.50
2010.11.12 09:15:42.137,0.96062,0.9612,2.30,1.50
2010.11.12 09:15:44.477,0.96062,0.9612,2.30,1.50
2010.11.12 09:15:45.818,0.96062,0.9612,1.50,1.70
2010.11.12 09:15:48.468,0.96061,0.9611,2.30,1.60
2010.11.12 09:15:50.799,0.96068,0.9611,2.30,1.50
2010.11.12 09:15:51.726,0.9606,0.9611,2.30,1.50
2010.11.12 09:15:52.661,0.9605,0.96101,1.50,1.50
2010.11.12 09:15:55.118,0.9605,0.96101,2.30,1.50
2010.11.12 09:15:55.336,0.9605,0.96101,2.30,1.50
2010.11.12 09:15:55.446,0.9605,0.9611,2.30,1.50
2010.11.12 09:15:58.242,0.9605,0.9611,2.30,1.50
2010.11.12 09:15:59.240,0.96059,0.96091,2.30,1.50
2010.11.12 09:15:59.349,0.96057,0.961,1.20,1.50
2010.11.12 09:16:01.375,0.96057,0.96108,1.50,2.70
2010.11.12 09:16:01.937,0.96048,0.96101,1.50,2.30
2010.11.12 09:16:02.048,0.96057,0.96101,1.50,4.60
2010.11.12 09:16:02.156,0.96048,0.96101,1.50,4.60
2010.11.12 09:16:02.858,0.96049,0.96101,1.50,1.60
2010.11.12 09:16:03.297,0.96052,0.96101,1.50,1.60
2010.11.12 09:16:03.948,0.96044,0.96099,1.50,2.60
2010.11.12 09:16:05.243,0.96051,0.961,2.30,1.80
2010.11.12 09:16:06.239,0.96057,0.96099,2.30,1.60
2010.11.12 09:16:06.997,0.96044,0.96099,2.30,1.90
2010.11.12 09:16:08.106,0.9604,0.96101,1.50,1.70
2010.11.12 09:16:08.688,0.9604,0.96091,1.50,1.50
2010.11.12 09:16:08.906,0.9603,0.96091,1.50,1.50
2010.11.12 09:16:09.016,0.9603,0.96091,2.30,1.50
2010.11.12 09:16:09.690,0.9603,0.96091,2.30,1.50
2010.11.12 09:16:09.797,0.9604,0.96101,2.30,1.90
2010.11.12 09:16:09.907,0.9604,0.96101,2.30,1.50
2010.11.12 09:16:10.236,0.9604,0.96101,2.30,1.50
2010.11.12 09:16:10.346,0.9604,0.96101,2.30,1.50
2010.11.12 09:16:11.007,0.9604,0.9611,4.70,1.90
2010.11.12 09:16:11.627,0.9604,0.9611,2.40,1.50
2010.11.12 09:16:13.277,0.9604,0.9612,2.40,1.50
2010.11.12 09:16:13.967,0.9604,0.9612,2.40,1.90
2010.11.12 09:16:15.147,0.96055,0.9611,1.50,1.50
2010.11.12 09:16:16.001,0.96048,0.9611,1.50,1.50
2010.11.12 09:16:16.109,0.96052,0.96101,1.50,1.50
2010.11.12 09:16:16.596,0.96055,0.9611,1.50,1.50
2010.11.12 09:16:19.190,0.96055,0.9611,1.50,1.50
2010.11.12 09:16:19.298,0.96061,0.9611,1.50,1.50
2010.11.12 09:16:20.319,0.96057,0.961,2.30,1.50
2010.11.12 09:16:20.536,0.96048,0.961,2.30,1.50
2010.11.12 09:16:23.164,0.96048,0.961,2.30,1.50
2010.11.12 09:16:24.294,0.96059,0.961,2.30,1.50
2010.11.12 09:16:24.409,0.96059,0.9611,2.30,1.50
2010.11.12 09:16:24.977,0.9605,0.961,1.50,1.50
2010.11.12 09:16:25.557,0.96059,0.9611,2.30,1.50
2010.11.12 09:16:27.018,0.96057,0.96101,2.30,1.50
2010.11.12 09:16:27.825,0.96057,0.9611,2.30,1.50
2010.11.12 09:16:28.959,0.96048,0.9611,2.30,1.50
2010.11.12 09:16:31.166,0.96048,0.9611,2.30,1.50
2010.11.12 09:16:32.536,0.96047,0.961,2.30,1.50
2010.11.12 09:16:34.541,0.96046,0.961,2.30,1.50
2010.11.12 09:16:36.561,0.96046,0.961,2.30,1.50
2010.11.12 09:16:38.652,0.96046,0.961,2.30,1.50
2010.11.12 09:16:39.547,0.96081,0.961,2.30,1.50
2010.11.12 09:16:39.657,0.96081,0.96132,2.30,2.40
2010.11.12 09:16:39.767,0.96068,0.9614,2.70,1.50
2010.11.12 09:16:39.877,0.96074,0.9614,1.20,1.50
2010.11.12 09:16:40.469,0.96106,0.9615,2.30,1.50
2010.11.12 09:16:40.576,0.96109,0.96159,2.30,1.50
2010.11.12 09:16:40.796,0.96103,0.96159,2.30,1.50
2010.11.12 09:16:42.818,0.96103,0.96159,2.30,1.50
2010.11.12 09:16:44.850,0.96103,0.96159,2.30,1.50
2010.11.12 09:16:46.357,0.96109,0.96159,2.30,1.50
2010.11.12 09:16:48.367,0.9611,0.96159,2.30,1.90
2010.11.12 09:16:50.548,0.9611,0.96159,2.30,1.90
2010.11.12 09:16:51.588,0.96117,0.96159,2.30,1.90
2010.11.12 09:16:52.888,0.96111,0.9615,2.30,1.90
2010.11.12 09:16:53.849,0.96122,0.96159,2.30,1.90
2010.11.12 09:16:54.786,0.96129,0.96178,2.30,1.60
2010.11.12 09:16:54.902,0.96136,0.96178,2.30,1.50
2010.11.12 09:16:56.477,0.96129,0.96178,2.30,1.50
2010.11.12 09:16:57.698,0.96138,0.96178,2.30,1.50
2010.11.12 09:16:58.498,0.96144,0.96178,2.30,1.50
2010.11.12 09:17:00.537,0.96144,0.96178,2.30,1.50
2010.11.12 09:17:02.677,0.96146,0.96178,2.30,1.50
2010.11.12 09:17:04.751,0.96147,0.96178,2.30,1.50
2010.11.12 09:17:05.277,0.96143,0.96169,2.30,1.50
2010.11.12 09:17:05.386,0.96143,0.96178,2.30,1.50
2010.11.12 09:17:07.518,0.96145,0.96178,2.30,1.50
2010.11.12 09:17:09.769,0.96144,0.96178,2.30,1.50
2010.11.12 09:17:10.528,0.96134,0.96178,2.30,1.50
2010.11.12 09:17:10.746,0.96123,0.96178,2.30,1.50
2010.11.12 09:17:10.856,0.96123,0.96178,2.30,1.70
2010.11.12 09:17:11.326,0.96113,0.96178,2.30,2.10
2010.11.12 09:17:12.967,0.96113,0.96178,2.30,4.00
2010.11.12 09:17:13.128,0.96113,0.96178,2.30,1.70
2010.11.12 09:17:14.648,0.96124,0.96178,2.30,1.70
2010.11.12 09:17:14.760,0.96124,0.96178,2.30,1.70
2010.11.12 09:17:15.648,0.96133,0.96178,2.30,1.50
2010.11.12 09:17:16.436,0.96115,0.96169,2.30,1.50
2010.11.12 09:17:16.549,0.96114,0.96159,2.30,1.50
2010.11.12 09:17:18.598,0.96107,0.96159,2.30,1.80
2010.11.12 09:17:19.596,0.96107,0.96159,2.30,1.70
2010.11.12 09:17:21.687,0.96115,0.96169,2.30,1.70
2010.11.12 09:17:24.196,0.96114,0.96159,2.30,1.60
2010.11.12 09:17:26.418,0.96115,0.96159,2.30,1.50
2010.11.12 09:17:27.808,0.96115,0.96169,2.30,1.70
2010.11.12 09:17:30.194,0.96115,0.96169,2.30,1.50
2010.11.12 09:17:31.171,0.96115,0.96169,2.30,1.80
2010.11.12 09:17:33.565,0.96117,0.96168,2.30,1.60
2010.11.12 09:17:36.437,0.96114,0.96169,2.30,1.50
2010.11.12 09:17:38.715,0.96114,0.96169,2.30,1.50
2010.11.12 09:17:41.728,0.96113,0.96169,2.30,1.70
2010.11.12 09:17:43.326,0.96113,0.96169,2.30,1.70
2010.11.12 09:17:43.437,0.96113,0.96169,2.30,1.60
2010.11.12 09:17:45.497,0.96113,0.96169,2.30,1.70
2010.11.12 09:17:47.537,0.96122,0.96168,2.30,1.50
2010.11.12 09:17:49.207,0.96122,0.96178,2.30,1.60
2010.11.12 09:17:51.229,0.96122,0.96168,2.30,1.50
2010.11.12 09:17:51.557,0.96146,0.96169,1.50,2.30
2010.11.12 09:17:52.108,0.96124,0.96178,2.30,1.70
2010.11.12 09:17:52.217,0.96114,0.96178,2.30,1.70
2010.11.12 09:17:53.118,0.96115,0.96178,2.30,1.70
2010.11.12 09:17:54.817,0.96138,0.96178,2.30,1.70
2010.11.12 09:17:54.926,0.96114,0.96178,2.30,1.70
2010.11.12 09:17:56.610,0.96114,0.96178,2.30,1.70
2010.11.12 09:17:59.081,0.96113,0.96178,2.30,1.80
2010.11.12 09:18:01.098,0.96115,0.96178,2.30,1.70
2010.11.12 09:18:03.648,0.96117,0.96178,2.30,1.70
2010.11.12 09:18:06.193,0.96114,0.96178,2.30,1.70
2010.11.12 09:18:07.025,0.96114,0.96178,2.30,1.80
2010.11.12 09:18:07.368,0.96114,0.96178,2.30,1.70
2010.11.12 09:18:07.586,0.96123,0.96178,2.30,1.70
2010.11.12 09:18:08.567,0.96113,0.96168,2.30,1.50
2010.11.12 09:18:09.296,0.96118,0.96178,1.50,1.50
2010.11.12 09:18:09.938,0.96122,0.96168,2.30,1.50
2010.11.12 09:18:12.364,0.96123,0.96168,2.30,1.50
2010.11.12 09:18:14.448,0.96123,0.96168,2.30,1.50
2010.11.12 09:18:16.439,0.96123,0.96158,2.30,1.50
2010.11.12 09:18:17.028,0.96123,0.96168,2.30,1.50
2010.11.12 09:18:19.116,0.96123,0.96168,2.30,1.50
2010.11.12 09:18:20.246,0.96123,0.96158,2.30,1.50
2010.11.12 09:18:21.668,0.96137,0.96168,2.30,1.50
2010.11.12 09:18:21.888,0.96131,0.96168,2.30,1.50
2010.11.12 09:18:22.487,0.96129,0.96177,2.30,1.90
2010.11.12 09:18:24.497,0.96137,0.96177,2.30,1.90
2010.11.12 09:18:26.107,0.96137,0.96187,2.30,1.70
2010.11.12 09:18:26.217,0.96137,0.96177,2.30,1.50
2010.11.12 09:18:28.246,0.96136,0.96187,2.30,2.30
2010.11.12 09:18:30.485,0.96136,0.96187,2.30,2.30
2010.11.12 09:18:33.049,0.96136,0.96187,2.30,2.30
2010.11.12 09:18:34.586,0.96161,0.96187,2.30,2.30
2010.11.12 09:18:34.807,0.96161,0.96187,2.30,1.50
2010.11.12 09:18:34.917,0.96165,0.96197,2.30,1.90
2010.11.12 09:18:37.071,0.96165,0.96197,2.30,1.90
2010.11.12 09:18:39.356,0.96161,0.96197,2.30,1.90
2010.11.12 09:18:41.628,0.96164,0.96197,2.30,1.90
2010.11.12 09:18:44.521,0.96164,0.96197,2.30,1.50
2010.11.12 09:18:46.555,0.96164,0.96197,2.30,1.50
2010.11.12 09:18:48.829,0.96164,0.96197,2.30,1.50
2010.11.12 09:18:51.391,0.96164,0.96197,2.30,1.50
2010.11.12 09:18:53.828,0.96164,0.96197,2.30,1.50
2010.11.12 09:18:55.854,0.96164,0.96197,2.30,1.50
2010.11.12 09:18:58.020,0.9616,0.96197,2.30,1.50
2010.11.12 09:19:00.032,0.9616,0.96197,2.30,1.50
2010.11.12 09:19:02.087,0.9616,0.96197,2.30,1.50
2010.11.12 09:19:03.313,0.96166,0.96198,1.50,1.50
2010.11.12 09:19:05.477,0.96166,0.96198,1.50,1.50
2010.11.12 09:19:08.082,0.96166,0.96198,1.50,1.50
2010.11.12 09:19:10.097,0.96166,0.96198,1.50,1.50
2010.11.12 09:19:12.122,0.96166,0.96198,1.50,1.50
2010.11.12 09:19:14.568,0.96166,0.96198,1.50,1.50
2010.11.12 09:19:15.673,0.96169,0.96197,2.30,1.50
2010.11.12 09:19:17.687,0.96165,0.96197,3.80,1.50
2010.11.12 09:19:20.163,0.96165,0.96197,3.80,1.50
2010.11.12 09:19:20.268,0.9617,0.96207,2.30,1.50
2010.11.12 09:19:22.443,0.9617,0.96207,2.30,1.50
2010.11.12 09:19:23.917,0.96167,0.96198,2.30,1.50
2010.11.12 09:19:25.919,0.96166,0.96198,3.80,1.50
2010.11.12 09:19:29.560,0.96166,0.96198,3.80,1.50
2010.11.12 09:19:29.669,0.96172,0.96207,2.30,1.50
2010.11.12 09:19:31.726,0.96168,0.96207,2.30,1.50
2010.11.12 09:19:34.257,0.96168,0.96207,2.30,1.90
2010.11.12 09:19:37.100,0.96168,0.96207,2.30,1.90
2010.11.12 09:19:38.322,0.96166,0.96198,1.50,1.50
2010.11.12 09:19:39.978,0.96166,0.96207,1.50,1.90
2010.11.12 09:19:42.661,0.9617,0.96207,2.30,1.90
2010.11.12 09:19:44.952,0.96167,0.96207,2.30,1.90
2010.11.12 09:19:48.174,0.96167,0.96207,2.30,1.90
2010.11.12 09:19:50.950,0.96167,0.96207,2.30,1.90
2010.11.12 09:19:52.259,0.96148,0.96207,2.30,1.50
2010.11.12 09:19:52.808,0.96141,0.96207,2.30,1.50
2010.11.12 09:19:52.917,0.96155,0.96207,2.30,1.50
2010.11.12 09:19:55.031,0.96157,0.96207,2.30,1.50
2010.11.12 09:19:56.196,0.96157,0.96197,2.30,1.50
2010.11.12 09:20:00.387,0.96157,0.96197,2.70,1.50
2010.11.12 09:20:02.869,0.96157,0.96197,2.30,1.90
2010.11.12 09:20:02.978,0.96137,0.96194,2.30,2.30
2010.11.12 09:20:03.197,0.96151,0.96197,2.30,1.50
2010.11.12 09:20:05.228,0.96156,0.96197,1.50,1.90
2010.11.12 09:20:05.883,0.96165,0.96197,1.50,1.50
2010.11.12 09:20:05.987,0.96156,0.96197,3.80,1.50
2010.11.12 09:20:08.369,0.96156,0.96197,3.80,1.50
2010.11.12 09:20:10.247,0.96164,0.96197,2.30,1.50
2010.11.12 09:20:11.118,0.96165,0.96188,2.30,1.50
2010.11.12 09:20:11.226,0.96159,0.96188,2.30,1.50
2010.11.12 09:20:12.956,0.96146,0.96187,3.80,1.50
2010.11.12 09:20:13.066,0.96156,0.96188,1.50,1.50
2010.11.12 09:20:13.286,0.96146,0.96187,3.80,1.50
2010.11.12 09:20:14.508,0.96156,0.96188,1.50,1.50
2010.11.12 09:20:16.529,0.9616,0.96188,2.30,1.50
2010.11.12 09:20:18.564,0.9616,0.96188,2.30,1.50
2010.11.12 09:20:20.626,0.9616,0.96187,2.40,1.50
2010.11.12 09:20:20.738,0.96165,0.96197,1.50,1.90
2010.11.12 09:20:21.817,0.96159,0.96187,2.40,1.50
2010.11.12 09:20:22.159,0.96164,0.96197,2.30,1.50
2010.11.12 09:20:24.465,0.96164,0.96197,2.40,1.50
2010.11.12 09:20:25.328,0.96176,0.96208,1.50,1.50
2010.11.12 09:20:27.668,0.96176,0.96208,1.50,1.50
2010.11.12 09:20:27.890,0.96165,0.96197,4.20,1.50
2010.11.12 09:20:29.894,0.96166,0.96197,2.30,1.50
2010.11.12 09:20:32.173,0.96166,0.96198,1.50,1.50
2010.11.12 09:20:34.281,0.96162,0.96197,2.30,1.50
2010.11.12 09:20:36.569,0.96166,0.96198,1.50,1.50
2010.11.12 09:20:38.328,0.96157,0.96197,2.70,1.50
2010.11.12 09:20:40.386,0.96162,0.96197,2.30,1.50
2010.11.12 09:20:43.596,0.96166,0.96198,1.50,1.50
2010.11.12 09:20:44.763,0.96166,0.96207,1.50,1.90
2010.11.12 09:20:45.621,0.96165,0.96197,1.50,1.50
2010.11.12 09:20:45.948,0.96161,0.96188,2.30,1.50
2010.11.12 09:20:46.466,0.96166,0.96198,1.50,1.50
2010.11.12 09:20:47.158,0.96166,0.96207,1.50,1.90
2010.11.12 09:20:49.675,0.96166,0.96207,1.90,1.50
2010.11.12 09:20:51.763,0.96166,0.96207,1.90,1.50
2010.11.12 09:20:53.920,0.96166,0.96207,1.90,1.50
2010.11.12 09:20:56.224,0.96166,0.96207,1.90,1.50
2010.11.12 09:20:59.225,0.96167,0.96207,2.40,1.50
2010.11.12 09:21:01.181,0.96167,0.96207,2.40,1.50
2010.11.12 09:21:03.247,0.96175,0.96207,2.40,1.50
2010.11.12 09:21:03.938,0.96175,0.96217,2.40,1.50
2010.11.12 09:21:05.647,0.96176,0.96227,4.00,1.50
2010.11.12 09:21:05.867,0.96182,0.96237,2.40,1.50
2010.11.12 09:21:05.977,0.96191,0.96237,2.30,1.50
2010.11.12 09:21:06.087,0.96191,0.96246,2.30,1.50
2010.11.12 09:21:08.128,0.96194,0.96246,2.30,1.50
2010.11.12 09:21:08.271,0.96188,0.96246,2.30,1.50
2010.11.12 09:21:08.389,0.96196,0.96246,1.50,1.50
2010.11.12 09:21:10.407,0.96206,0.96256,1.50,4.50
2010.11.12 09:21:10.518,0.96206,0.96256,1.50,1.50
2010.11.12 09:21:10.737,0.96214,0.96256,2.30,1.50
2010.11.12 09:21:10.957,0.96216,0.96266,1.50,1.50
2010.11.12 09:21:12.077,0.96207,0.96267,2.30,1.50
2010.11.12 09:21:12.779,0.96206,0.9627,1.90,2.30
2010.11.12 09:21:12.888,0.96229,0.96286,2.30,1.50
2010.11.12 09:21:15.196,0.96219,0.96276,3.00,2.30
2010.11.12 09:21:15.420,0.9622,0.96271,2.30,2.30
2010.11.12 09:21:15.637,0.96215,0.96266,2.70,1.50
2010.11.12 09:21:15.747,0.96205,0.96266,3.80,1.50
2010.11.12 09:21:17.399,0.96218,0.96266,2.30,1.50
2010.11.12 09:21:18.156,0.96206,0.96266,2.30,1.50
2010.11.12 09:21:19.017,0.96215,0.96266,1.50,1.50
2010.11.12 09:21:20.201,0.96205,0.96266,3.80,1.50
2010.11.12 09:21:20.308,0.96205,0.96256,1.50,1.50
2010.11.12 09:21:21.898,0.96205,0.96246,1.50,1.50
2010.11.12 09:21:22.227,0.96207,0.96266,2.30,1.50
2010.11.12 09:21:22.776,0.96215,0.96266,1.50,1.50
2010.11.12 09:21:23.438,0.96215,0.96256,1.50,1.90
2010.11.12 09:21:23.978,0.96205,0.96246,1.50,1.50
2010.11.12 09:21:24.197,0.96215,0.96266,1.50,1.50
2010.11.12 09:21:26.290,0.96215,0.96266,1.50,1.50
2010.11.12 09:21:26.507,0.96215,0.96256,1.50,1.50
2010.11.12 09:21:26.728,0.96215,0.96266,1.50,1.50
2010.11.12 09:21:28.018,0.96215,0.96256,1.50,1.50
2010.11.12 09:21:28.237,0.96215,0.96266,1.50,1.50
2010.11.12 09:21:28.897,0.96215,0.96258,1.50,2.30
2010.11.12 09:21:29.448,0.96205,0.96256,1.90,1.90
2010.11.12 09:21:30.208,0.96215,0.96256,1.50,1.90
2010.11.12 09:21:30.317,0.96215,0.96266,1.50,1.50
2010.11.12 09:21:32.477,0.96215,0.96266,1.50,1.50
2010.11.12 09:21:34.847,0.96215,0.96266,1.50,1.50
2010.11.12 09:21:34.973,0.96219,0.96276,2.30,1.50
2010.11.12 09:21:35.989,0.96215,0.96256,1.50,1.50
2010.11.12 09:21:37.517,0.96215,0.96247,1.50,1.50
2010.11.12 09:21:39.478,0.96215,0.96264,1.50,2.30
2010.11.12 09:21:40.386,0.96221,0.96266,2.30,1.50
2010.11.12 09:21:42.480,0.96225,0.96266,1.50,1.50
2010.11.12 09:21:44.562,0.96222,0.96266,2.30,1.50
2010.11.12 09:21:44.928,0.96222,0.96276,2.30,1.50
2010.11.12 09:21:47.196,0.96218,0.96266,2.30,1.50
2010.11.12 09:21:47.757,0.96216,0.96276,3.80,1.50
2010.11.12 09:21:49.709,0.96216,0.96266,1.50,1.50
2010.11.12 09:21:50.146,0.96216,0.96276,3.80,1.50
2010.11.12 09:21:52.542,0.96216,0.96276,3.80,1.50
2010.11.12 09:21:52.638,0.96216,0.96266,1.50,1.50
2010.11.12 09:21:53.296,0.96206,0.96262,1.50,2.30
2010.11.12 09:21:54.337,0.96206,0.96256,1.50,2.30
2010.11.12 09:21:56.524,0.96206,0.96263,1.50,2.40
2010.11.12 09:21:58.852,0.96206,0.96262,1.50,2.40
2010.11.12 09:21:58.959,0.96198,0.96253,2.30,2.30
2010.11.12 09:22:00.231,0.96206,0.96257,1.50,1.50
2010.11.12 09:22:01.566,0.96199,0.96257,2.30,1.50
2010.11.12 09:22:03.771,0.96206,0.96257,1.50,3.80
2010.11.12 09:22:05.101,0.96199,0.96257,2.30,1.50
2010.11.12 09:22:05.577,0.96197,0.96247,1.50,1.50
2010.11.12 09:22:08.986,0.96197,0.96247,1.50,1.50
2010.11.12 09:22:10.558,0.96197,0.96257,3.80,1.50
2010.11.12 09:22:13.215,0.96197,0.96257,3.90,1.50
2010.11.12 09:22:14.889,0.96206,0.96257,1.50,1.50
2010.11.12 09:22:16.032,0.96197,0.96257,3.80,1.50
2010.11.12 09:22:18.060,0.96197,0.96257,3.90,1.50
2010.11.12 09:22:19.118,0.96206,0.96257,1.50,1.50
2010.11.12 09:22:19.717,0.96197,0.96257,3.90,1.50
2010.11.12 09:22:22.235,0.96197,0.96257,3.80,1.50
2010.11.12 09:22:24.907,0.96197,0.96257,1.50,1.70
2010.11.12 09:22:26.917,0.96197,0.96257,1.50,1.80
2010.11.12 09:22:28.971,0.96197,0.96257,1.50,1.60
2010.11.12 09:22:29.081,0.96187,0.96247,1.50,1.50
2010.11.12 09:22:29.667,0.9618,0.96247,2.30,1.50
2010.11.12 09:22:29.887,0.96187,0.96247,1.50,1.50
2010.11.12 09:22:31.983,0.96187,0.96247,1.50,1.50
2010.11.12 09:22:33.095,0.96199,0.96247,2.30,1.50
2010.11.12 09:22:33.429,0.96206,0.96238,2.30,1.50
2010.11.12 09:22:33.994,0.96183,0.96238,2.30,1.50
2010.11.12 09:22:35.280,0.96198,0.96238,2.30,1.50
2010.11.12 09:22:36.816,0.9619,0.96238,2.30,1.50
2010.11.12 09:22:37.140,0.96198,0.96238,2.30,1.50
2010.11.12 09:22:39.417,0.96198,0.96238,2.30,1.50
2010.11.12 09:22:41.318,0.96207,0.96239,1.50,1.50
2010.11.12 09:22:41.537,0.96197,0.96238,1.90,1.50
2010.11.12 09:22:44.899,0.96197,0.96238,1.90,1.60
2010.11.12 09:22:45.834,0.96197,0.96247,1.50,1.60
2010.11.12 09:22:48.104,0.96205,0.96247,2.30,1.50
2010.11.12 09:22:48.219,0.96198,0.96247,2.30,1.50
2010.11.12 09:22:48.327,0.96207,0.96247,1.50,1.50
2010.11.12 09:22:50.690,0.96207,0.96247,1.50,1.70
2010.11.12 09:22:52.726,0.96211,0.96247,2.30,1.60
2010.11.12 09:22:52.830,0.96194,0.96247,2.30,1.60
2010.11.12 09:22:54.909,0.96198,0.96247,2.30,1.50
2010.11.12 09:22:55.018,0.96207,0.96247,1.50,1.50
2010.11.12 09:22:59.006,0.96207,0.96247,1.50,1.50
2010.11.12 09:23:00.070,0.96208,0.96257,2.30,1.50
2010.11.12 09:23:00.176,0.96215,0.96257,2.30,1.50
2010.11.12 09:23:02.555,0.96213,0.96257,2.30,1.50
2010.11.12 09:23:05.330,0.96209,0.96257,2.30,1.50
2010.11.12 09:23:07.375,0.96209,0.96257,2.30,1.50
2010.11.12 09:23:09.377,0.96208,0.96257,2.30,1.50
2010.11.12 09:23:11.824,0.96208,0.96257,2.30,1.70
2010.11.12 09:23:14.269,0.96207,0.96257,3.80,1.50
2010.11.12 09:23:15.720,0.96204,0.96257,2.30,1.50
2010.11.12 09:23:18.624,0.96198,0.96256,2.30,2.30
2010.11.12 09:23:19.086,0.96206,0.96257,1.50,3.90
2010.11.12 09:23:19.980,0.96206,0.96247,1.50,1.50
2010.11.12 09:23:20.197,0.96206,0.96257,1.50,1.70
2010.11.12 09:23:20.776,0.96216,0.96265,1.50,2.40
2010.11.12 09:23:21.327,0.96207,0.96257,2.30,1.70
2010.11.12 09:23:22.009,0.96206,0.96247,1.50,1.70
2010.11.12 09:23:24.680,0.96206,0.96247,1.50,1.50
2010.11.12 09:23:27.435,0.96206,0.96247,1.50,1.50
2010.11.12 09:23:29.476,0.96206,0.96247,1.50,1.50
2010.11.12 09:23:31.665,0.96206,0.96247,1.50,1.50
2010.11.12 09:23:33.679,0.96206,0.96247,1.50,1.50
2010.11.12 09:23:34.116,0.96206,0.96247,1.50,1.50
2010.11.12 09:23:34.940,0.96205,0.96237,1.50,1.50
2010.11.12 09:23:35.487,0.96197,0.96237,1.50,1.50
2010.11.12 09:23:37.515,0.96197,0.96237,1.50,1.50
2010.11.12 09:23:40.111,0.96197,0.96237,1.50,1.50
2010.11.12 09:23:42.610,0.96197,0.96237,1.50,1.50
2010.11.12 09:23:45.130,0.96197,0.96237,1.50,1.50
2010.11.12 09:23:47.764,0.96197,0.96237,1.50,1.50
2010.11.12 09:23:49.578,0.96197,0.96237,1.50,1.50
2010.11.12 09:23:50.198,0.96195,0.96227,1.50,1.50
2010.11.12 09:23:52.287,0.96195,0.96227,1.50,1.50
2010.11.12 09:23:52.617,0.96186,0.96218,1.50,1.50
2010.11.12 09:23:54.984,0.96186,0.96218,1.50,1.50
2010.11.12 09:23:55.103,0.96187,0.96227,1.50,1.50
2010.11.12 09:23:56.110,0.96195,0.96227,1.50,1.50
2010.11.12 09:23:57.454,0.96187,0.96227,1.50,1.50
2010.11.12 09:23:59.553,0.96187,0.96227,1.50,1.50
2010.11.12 09:24:00.729,0.96195,0.96227,1.50,1.50
2010.11.12 09:24:03.185,0.96195,0.96227,1.50,1.50
2010.11.12 09:24:03.314,0.96197,0.96237,1.50,1.50
2010.11.12 09:24:04.400,0.96187,0.96237,1.50,1.50
2010.11.12 09:24:06.549,0.96187,0.96237,1.50,1.50
2010.11.12 09:24:08.783,0.96187,0.96237,1.50,1.50
2010.11.12 09:24:10.788,0.96187,0.96237,1.50,1.50
2010.11.12 09:24:13.027,0.96187,0.96237,1.50,1.50
2010.11.12 09:24:15.078,0.96191,0.96237,2.30,1.50
2010.11.12 09:24:17.656,0.96187,0.96237,1.50,1.50
2010.11.12 09:24:20.127,0.9619,0.96237,2.30,1.50
2010.11.12 09:24:22.240,0.9619,0.96237,2.30,1.50
2010.11.12 09:24:25.164,0.9619,0.96237,2.30,1.50
2010.11.12 09:24:26.791,0.96195,0.96218,2.30,1.50
2010.11.12 09:24:26.897,0.96186,0.96218,1.50,1.50
2010.11.12 09:24:29.138,0.9618,0.96218,2.30,1.50
2010.11.12 09:24:31.262,0.9618,0.96218,2.30,1.50
2010.11.12 09:24:32.697,0.96177,0.96228,1.50,1.50
2010.11.12 09:24:33.028,0.96184,0.96237,2.30,2.30
2010.11.12 09:24:35.640,0.96184,0.96237,2.30,1.90
2010.11.12 09:24:36.147,0.96184,0.96228,2.30,1.50
2010.11.12 09:24:39.349,0.96186,0.96228,2.30,1.50
2010.11.12 09:24:41.554,0.96188,0.96228,2.30,1.50
2010.11.12 09:24:42.548,0.96177,0.96228,1.50,1.50
2010.11.12 09:24:45.053,0.96181,0.96228,2.30,1.50
2010.11.12 09:24:45.267,0.96187,0.96228,1.50,1.50
2010.11.12 09:24:48.291,0.96187,0.96228,1.50,1.50
2010.11.12 09:24:49.057,0.96187,0.96238,1.50,1.50
2010.11.12 09:24:51.145,0.96187,0.96238,1.50,1.50
2010.11.12 09:24:54.989,0.96187,0.96238,1.50,1.50
2010.11.12 09:24:57.129,0.96187,0.96238,1.50,1.50
2010.11.12 09:24:59.578,0.96187,0.96238,1.50,1.50
2010.11.12 09:25:01.687,0.96187,0.96238,1.50,1.50
2010.11.12 09:25:04.001,0.96187,0.96238,1.50,1.50
2010.11.12 09:25:06.070,0.96189,0.96247,2.30,1.50
2010.11.12 09:25:08.120,0.96197,0.96247,1.50,1.50
2010.11.12 09:25:10.288,0.96197,0.96247,1.50,1.50
2010.11.12 09:25:12.583,0.96197,0.96247,1.50,1.50
2010.11.12 09:25:15.613,0.96197,0.96247,1.50,1.50
2010.11.12 09:25:17.111,0.96207,0.96257,1.50,1.50
2010.11.12 09:25:19.225,0.96207,0.96257,1.50,1.50
2010.11.12 09:25:21.355,0.96207,0.96257,1.50,1.50
2010.11.12 09:25:23.559,0.96207,0.96257,1.50,1.50
2010.11.12 09:25:26.175,0.96207,0.96257,1.50,1.50
2010.11.12 09:25:29.451,0.96207,0.96257,1.50,1.50
2010.11.12 09:25:31.794,0.96207,0.96257,1.50,1.50
2010.11.12 09:25:33.949,0.96207,0.96257,1.50,1.50
2010.11.12 09:25:36.558,0.96207,0.96257,1.50,1.50
2010.11.12 09:25:38.684,0.96207,0.96257,1.50,1.50
2010.11.12 09:25:39.169,0.96201,0.96257,2.30,1.60
2010.11.12 09:25:39.636,0.96201,0.96257,2.30,2.00
2010.11.12 09:25:39.751,0.9618,0.96234,2.30,2.30
2010.11.12 09:25:41.973,0.96187,0.96235,1.50,2.30
2010.11.12 09:25:42.298,0.96186,0.96227,1.50,2.70
2010.11.12 09:25:45.189,0.96186,0.96234,1.50,3.00
2010.11.12 09:25:47.592,0.96186,0.96227,1.50,2.70
2010.11.12 09:25:49.997,0.96186,0.96218,1.50,1.50
2010.11.12 09:25:50.817,0.96177,0.96218,1.50,1.50
2010.11.12 09:25:52.926,0.96177,0.96218,3.80,1.50
2010.11.12 09:25:54.042,0.96186,0.96218,1.50,1.50
2010.11.12 09:25:55.767,0.96187,0.96227,1.50,1.90
2010.11.12 09:25:58.828,0.96187,0.96227,1.50,1.50
2010.11.12 09:26:00.168,0.96187,0.96234,1.90,2.30
2010.11.12 09:26:00.855,0.96187,0.96247,1.90,1.50
2010.11.12 09:26:01.767,0.96187,0.96247,1.50,1.90
2010.11.12 09:26:02.627,0.96187,0.96247,1.90,2.40
2010.11.12 09:26:11.437,0.96197,0.96247,1.50,1.50
2010.11.12 09:26:12.109,0.96194,0.96238,2.30,1.50
2010.11.12 09:26:12.437,0.96187,0.96238,3.80,1.50
2010.11.12 09:26:13.546,0.96193,0.96218,2.30,1.50
2010.11.12 09:26:14.145,0.96193,0.96238,2.30,1.50
2010.11.12 09:26:14.259,0.96187,0.96238,1.50,1.50
2010.11.12 09:26:16.101,0.96187,0.96238,1.50,1.90
2010.11.12 09:26:18.861,0.96177,0.96218,1.50,1.50
2010.11.12 09:26:19.517,0.96186,0.96218,1.50,1.50
2010.11.12 09:26:21.537,0.96186,0.96218,1.50,1.50
2010.11.12 09:26:23.624,0.96186,0.96218,1.50,1.50
2010.11.12 09:26:24.350,0.96177,0.96218,1.50,1.50
2010.11.12 09:26:24.838,0.96177,0.96225,1.50,2.30
2010.11.12 09:26:25.365,0.96187,0.96228,1.50,1.50
2010.11.12 09:26:27.726,0.96187,0.96228,1.50,1.50
2010.11.12 09:26:28.586,0.96177,0.96228,1.50,1.50
2010.11.12 09:26:30.055,0.96196,0.96228,1.50,1.50
2010.11.12 09:26:30.277,0.96177,0.96238,1.90,1.90
2010.11.12 09:26:31.200,0.96206,0.96247,1.50,1.50
2010.11.12 09:26:32.978,0.96187,0.96227,1.50,2.30
2010.11.12 09:26:34.677,0.96196,0.96228,1.50,1.50
2010.11.12 09:26:35.232,0.96197,0.96238,1.50,1.50
2010.11.12 09:26:37.245,0.96197,0.96238,1.50,1.50
2010.11.12 09:26:40.477,0.96197,0.96238,1.50,1.50
2010.11.12 09:26:43.969,0.96197,0.96238,1.50,1.50
2010.11.12 09:26:47.000,0.96197,0.96238,1.50,1.50
2010.11.12 09:26:47.399,0.96187,0.96238,1.90,1.50
2010.11.12 09:26:49.814,0.96187,0.96238,3.80,1.50
2010.11.12 09:26:51.897,0.96187,0.96238,3.80,1.50
2010.11.12 09:26:54.373,0.96188,0.96238,2.30,1.50
2010.11.12 09:26:54.705,0.96202,0.96247,2.30,1.90
2010.11.12 09:26:55.279,0.96195,0.96247,2.30,1.50
2010.11.12 09:26:59.498,0.96194,0.96247,2.30,1.50
2010.11.12 09:27:01.074,0.96188,0.96247,2.30,2.30
2010.11.12 09:27:03.807,0.96188,0.96238,2.30,1.50
2010.11.12 09:27:04.776,0.96197,0.96238,1.50,1.50
2010.11.12 09:27:05.653,0.96197,0.96247,1.50,1.50
2010.11.12 09:27:07.700,0.96186,0.96238,2.70,1.50
2010.11.12 09:27:09.388,0.96197,0.96238,1.50,1.50
2010.11.12 09:27:09.607,0.96197,0.96247,1.50,3.90
2010.11.12 09:27:11.965,0.96197,0.96247,1.50,1.50
2010.11.12 09:27:14.806,0.96197,0.96247,1.50,3.80
2010.11.12 09:27:16.798,0.96206,0.96247,1.50,1.50
2010.11.12 09:27:19.511,0.96206,0.96247,1.50,1.70
2010.11.12 09:27:23.146,0.96206,0.96247,1.50,1.70
2010.11.12 09:27:23.699,0.96193,0.96238,3.00,1.50
2010.11.12 09:27:23.809,0.96193,0.96247,3.00,1.60
2010.11.12 09:27:24.670,0.96188,0.96247,2.30,1.50
2010.11.12 09:27:25.448,0.96181,0.96247,2.70,2.30
2010.11.12 09:27:26.069,0.96197,0.96247,1.50,1.50
2010.11.12 09:27:26.437,0.96197,0.96247,1.50,1.90
2010.11.12 09:27:26.658,0.96182,0.96247,2.30,4.20
2010.11.12 09:27:27.612,0.96197,0.96247,1.50,1.90
2010.11.12 09:27:28.297,0.96181,0.96247,2.70,2.40
2010.11.12 09:27:29.038,0.96197,0.96247,1.50,2.40
2010.11.12 09:27:31.053,0.96197,0.96247,1.50,1.60
2010.11.12 09:27:32.391,0.96197,0.96238,1.50,1.50
2010.11.12 09:27:34.425,0.96197,0.96238,1.50,1.50
2010.11.12 09:27:36.455,0.96197,0.96238,1.50,1.50
2010.11.12 09:27:37.790,0.96189,0.96238,2.30,1.50
2010.11.12 09:27:38.326,0.96177,0.96238,1.50,1.50
2010.11.12 09:27:38.658,0.96177,0.96238,2.30,1.50
2010.11.12 09:27:41.063,0.96197,0.96238,1.50,1.50
2010.11.12 09:27:42.837,0.96188,0.96238,2.30,1.90
2010.11.12 09:27:45.189,0.96187,0.96247,1.50,1.70
2010.11.12 09:27:46.172,0.96197,0.96247,1.50,1.50
2010.11.12 09:27:48.271,0.96197,0.96247,1.50,1.50
2010.11.12 09:27:50.327,0.96197,0.96247,1.50,1.50
2010.11.12 09:27:52.929,0.96197,0.96247,1.50,1.50
2010.11.12 09:27:54.577,0.96197,0.96237,1.50,2.30
2010.11.12 09:27:55.487,0.96197,0.96238,1.50,1.50
2010.11.12 09:27:56.472,0.96187,0.96228,1.50,1.50
2010.11.12 09:27:58.600,0.96187,0.96228,1.50,1.50
2010.11.12 09:28:00.622,0.96187,0.96228,1.50,1.50
2010.11.12 09:28:02.933,0.96187,0.96228,1.50,1.50
2010.11.12 09:28:05.186,0.96187,0.96228,1.50,1.50
2010.11.12 09:28:07.218,0.96187,0.96228,1.50,1.50
2010.11.12 09:28:09.355,0.96187,0.96228,1.50,1.50
2010.11.12 09:28:11.418,0.96187,0.96228,1.50,1.50
2010.11.12 09:28:13.478,0.96187,0.96228,1.50,1.50
2010.11.12 09:28:15.249,0.96187,0.96238,1.50,1.50
2010.11.12 09:28:16.543,0.96197,0.96238,1.50,1.50
2010.11.12 09:28:18.070,0.96187,0.96238,1.50,1.50
2010.11.12 09:28:19.079,0.96197,0.96238,1.50,1.50
2010.11.12 09:28:21.129,0.96197,0.96238,1.50,1.50
2010.11.12 09:28:23.413,0.96197,0.96238,1.50,1.50
2010.11.12 09:28:25.992,0.96197,0.96238,1.50,1.50
2010.11.12 09:28:30.788,0.96197,0.96238,1.50,1.50
2010.11.12 09:28:32.317,0.96188,0.96238,2.30,1.50
2010.11.12 09:28:34.359,0.96187,0.96238,1.50,1.50
2010.11.12 09:28:34.688,0.96187,0.96228,1.50,1.50
2010.11.12 09:28:35.880,0.96187,0.96219,1.50,1.50
2010.11.12 09:28:37.985,0.96187,0.96219,1.50,1.50
2010.11.12 09:28:40.481,0.96187,0.96219,1.50,1.50
2010.11.12 09:28:42.679,0.96187,0.96219,1.50,1.50
2010.11.12 09:28:43.637,0.96177,0.96209,1.90,1.50
2010.11.12 09:28:44.233,0.96186,0.96218,1.50,1.50
2010.11.12 09:28:46.069,0.96178,0.96218,1.50,1.50
2010.11.12 09:28:46.507,0.96168,0.96218,1.50,1.50
2010.11.12 09:28:47.118,0.96178,0.96218,1.50,1.50
2010.11.12 09:28:49.750,0.96178,0.96218,1.50,1.50
2010.11.12 09:28:52.646,0.96178,0.96218,1.50,1.50
2010.11.12 09:28:56.126,0.96178,0.96218,1.50,1.50
2010.11.12 09:28:58.394,0.96178,0.96218,1.50,1.50
2010.11.12 09:29:00.927,0.96178,0.96218,1.50,1.50
2010.11.12 09:29:03.677,0.96178,0.96218,1.50,1.50
2010.11.12 09:29:05.748,0.96178,0.96218,1.50,1.50
2010.11.12 09:29:09.245,0.96178,0.96218,1.50,1.50
2010.11.12 09:29:11.359,0.96178,0.96218,1.50,1.50
2010.11.12 09:29:13.609,0.96178,0.96218,1.50,1.50
2010.11.12 09:29:15.614,0.96178,0.96218,1.50,1.50
2010.11.12 09:29:17.589,0.96186,0.96218,1.50,1.50
2010.11.12 09:29:17.809,0.96178,0.96218,1.50,1.50
2010.11.12 09:29:18.029,0.96168,0.96218,1.50,1.50
2010.11.12 09:29:20.148,0.96168,0.96218,1.90,1.50
2010.11.12 09:29:20.258,0.96178,0.96218,1.50,1.50
2010.11.12 09:29:22.320,0.96178,0.96218,1.50,1.50
2010.11.12 09:29:24.784,0.96178,0.96218,1.50,1.50
2010.11.12 09:29:26.832,0.96173,0.96218,2.30,1.50
2010.11.12 09:29:28.847,0.96178,0.96218,1.50,1.60
2010.11.12 09:29:31.549,0.96178,0.96218,1.50,1.50
2010.11.12 09:29:35.245,0.96178,0.96218,1.50,1.50
2010.11.12 09:29:37.618,0.96178,0.96218,1.50,1.50
2010.11.12 09:29:39.906,0.96178,0.96218,1.50,1.50
2010.11.12 09:29:41.985,0.96178,0.96218,1.50,1.50
2010.11.12 09:29:44.013,0.96178,0.96218,1.50,1.50
2010.11.12 09:29:46.061,0.96177,0.96209,1.50,1.50
2010.11.12 09:29:47.089,0.96171,0.96209,2.30,1.50
2010.11.12 09:29:49.219,0.96168,0.96209,1.50,1.50
2010.11.12 09:29:49.887,0.96178,0.96218,1.50,2.30
2010.11.12 09:29:50.550,0.96178,0.9621,1.50,1.50
2010.11.12 09:29:51.048,0.96178,0.96219,1.50,1.50
2010.11.12 09:29:53.069,0.96178,0.96219,1.50,1.50
2010.11.12 09:29:55.180,0.96184,0.96228,2.30,1.50
2010.11.12 09:29:57.324,0.96179,0.96228,2.30,1.50
2010.11.12 09:29:57.547,0.96188,0.96228,1.50,1.50
2010.11.12 09:29:59.800,0.9618,0.96228,2.30,1.50
2010.11.12 09:30:01.136,0.96187,0.96229,2.30,1.50
2010.11.12 09:30:02.127,0.96183,0.96239,2.30,4.20
2010.11.12 09:30:04.995,0.96183,0.96239,2.30,4.20
2010.11.12 09:30:05.114,0.96179,0.96229,3.80,1.90
2010.11.12 09:30:05.558,0.96179,0.96229,1.50,1.50
2010.11.12 09:30:07.576,0.96179,0.96229,1.50,1.50
2010.11.12 09:30:10.035,0.96179,0.96229,1.50,1.50
2010.11.12 09:30:12.834,0.96179,0.96229,1.50,1.50
2010.11.12 09:30:14.444,0.96179,0.96229,1.50,1.50
2010.11.12 09:30:15.230,0.96179,0.96219,1.50,1.50
2010.11.12 09:30:16.877,0.96179,0.96211,1.50,1.50
2010.11.12 09:30:17.538,0.96169,0.9621,1.90,1.50
2010.11.12 09:30:17.758,0.96179,0.96211,1.50,1.50
2010.11.12 09:30:18.299,0.96169,0.9621,1.50,1.50
2010.11.12 09:30:19.408,0.96179,0.96219,1.50,1.50
2010.11.12 09:30:21.547,0.96179,0.96219,1.50,1.50
2010.11.12 09:30:25.127,0.96179,0.96219,1.50,1.50
2010.11.12 09:30:27.269,0.96179,0.96219,1.50,1.50
2010.11.12 09:30:27.667,0.96179,0.96211,1.50,1.50
2010.11.12 09:30:27.888,0.96179,0.96219,1.50,1.50
2010.11.12 09:30:28.108,0.96179,0.96229,1.50,1.50
2010.11.12 09:30:28.327,0.96179,0.96239,1.50,1.60
2010.11.12 09:30:29.807,0.96179,0.96239,4.20,1.50
2010.11.12 09:30:31.894,0.96189,0.96229,1.50,1.50
2010.11.12 09:30:34.028,0.96189,0.96229,1.50,1.50
2010.11.12 09:30:35.300,0.96179,0.96227,1.50,2.30
2010.11.12 09:30:37.477,0.9618,0.96229,2.30,1.50
2010.11.12 09:30:39.630,0.9618,0.96229,2.30,1.50
2010.11.12 09:30:41.819,0.9618,0.96229,2.30,1.50
2010.11.12 09:30:42.616,0.96169,0.96229,2.00,1.50
2010.11.12 09:30:45.456,0.96169,0.96229,1.90,1.50
2010.11.12 09:30:46.351,0.96179,0.96229,1.50,1.50
2010.11.12 09:30:47.368,0.96169,0.96229,1.90,1.50
2010.11.12 09:30:50.170,0.96169,0.96229,1.90,1.50
2010.11.12 09:30:53.277,0.96169,0.96229,1.90,1.50
2010.11.12 09:30:55.394,0.96169,0.96229,1.90,1.50
2010.11.12 09:30:56.050,0.96179,0.96219,1.50,1.50
2010.11.12 09:30:56.709,0.96189,0.96221,1.50,1.50
2010.11.12 09:30:57.203,0.9617,0.96229,1.20,2.30
2010.11.12 09:30:58.940,0.96169,0.96219,1.50,1.50
2010.11.12 09:31:00.976,0.96169,0.96219,1.50,1.50
2010.11.12 09:31:01.720,0.96161,0.96219,2.40,1.90
2010.11.12 09:31:03.792,0.96161,0.96219,2.30,1.90
2010.11.12 09:31:04.789,0.96161,0.96219,2.30,1.90
2010.11.12 09:31:06.852,0.96159,0.962,1.50,1.50
2010.11.12 09:31:09.089,0.96159,0.962,1.50,1.50
2010.11.12 09:31:10.197,0.9615,0.962,3.00,1.50
2010.11.12 09:31:10.706,0.96152,0.9619,2.30,1.50
2010.11.12 09:31:12.768,0.96149,0.96199,1.70,1.70
2010.11.12 09:31:15.099,0.96143,0.96195,1.40,1.40
2010.11.12 09:31:17.134,0.96149,0.962,1.70,2.50
2010.11.12 09:31:19.379,0.96149,0.962,1.70,4.00
2010.11.12 09:31:21.635,0.9614,0.96199,2.10,1.40
2010.11.12 09:31:23.707,0.9614,0.96199,2.10,1.40
2010.11.12 09:31:24.039,0.96149,0.962,1.70,1.70
2010.11.12 09:31:26.129,0.96149,0.9619,1.70,1.50
2010.11.12 09:31:26.238,0.96149,0.962,1.70,2.10
2010.11.12 09:31:28.439,0.96149,0.9619,1.70,1.50
2010.11.12 09:31:30.572,0.96149,0.962,1.70,2.50
2010.11.12 09:31:33.097,0.96149,0.962,1.70,2.50
2010.11.12 09:31:35.806,0.96149,0.9619,1.50,1.70
2010.11.12 09:31:37.556,0.96149,0.9619,1.50,1.70
2010.11.12 09:31:39.670,0.96149,0.9619,1.50,1.70
2010.11.12 09:31:41.972,0.96159,0.962,1.50,2.50
2010.11.12 09:31:44.534,0.96159,0.96206,1.50,3.20
2010.11.12 09:31:44.653,0.96159,0.96209,2.50,1.70
2010.11.12 09:31:47.025,0.96159,0.96209,2.50,1.70
2010.11.12 09:31:49.512,0.96159,0.96209,2.50,1.70
2010.11.12 09:31:51.863,0.96159,0.96209,2.50,1.70
2010.11.12 09:31:52.511,0.96159,0.96208,1.50,1.40
2010.11.12 09:31:54.550,0.96159,0.962,2.10,1.50
2010.11.12 09:31:55.088,0.96159,0.96217,2.90,3.20
2010.11.12 09:31:55.201,0.96159,0.96219,1.70,1.70
2010.11.12 09:31:56.437,0.9616,0.96229,4.00,3.20
2010.11.12 09:31:58.789,0.9616,0.96229,4.00,3.20
2010.11.12 09:32:00.817,0.9616,0.96229,4.00,3.20
2010.11.12 09:32:02.882,0.96161,0.96229,2.90,3.20
2010.11.12 09:32:05.255,0.96161,0.96229,2.90,3.20
2010.11.12 09:32:07.364,0.9616,0.96229,1.70,3.20
2010.11.12 09:32:10.181,0.9616,0.96229,1.70,3.20
2010.11.12 09:32:12.248,0.9616,0.96229,1.70,3.20
2010.11.12 09:32:14.328,0.96161,0.96229,2.90,3.20
2010.11.12 09:32:16.806,0.9616,0.96229,4.00,3.20
2010.11.12 09:32:18.828,0.9616,0.96229,1.70,3.20
2010.11.12 09:32:21.036,0.96161,0.96229,2.90,3.20
2010.11.12 09:32:23.885,0.96161,0.96229,2.90,3.20
2010.11.12 09:32:26.149,0.96161,0.96229,2.90,3.20
2010.11.12 09:32:29.406,0.96161,0.96229,2.90,3.20
2010.11.12 09:32:31.539,0.96161,0.96229,2.90,3.20
2010.11.12 09:32:31.982,0.96159,0.96225,4.40,1.40
2010.11.12 09:32:33.688,0.96159,0.96196,4.20,1.40
2010.11.12 09:32:34.201,0.96159,0.96188,2.30,1.20
2010.11.12 09:32:34.313,0.96145,0.96203,2.30,6.60
2010.11.12 09:32:34.420,0.96145,0.96203,2.30,2.50
2010.11.12 09:32:36.946,0.9615,0.96204,2.30,2.50
2010.11.12 09:32:38.878,0.9615,0.96204,3.20,2.50
2010.11.12 09:32:39.656,0.96156,0.9621,2.50,1.40
2010.11.12 09:32:41.737,0.96152,0.9622,2.60,1.40
2010.11.12 09:32:43.787,0.96153,0.96218,2.90,1.40
2010.11.12 09:32:45.846,0.96151,0.96209,2.40,1.70
2010.11.12 09:32:48.160,0.96151,0.96209,2.30,1.70
2010.11.12 09:32:48.272,0.96153,0.96216,1.40,1.40
2010.11.12 09:32:50.379,0.96158,0.96216,2.50,1.40
2010.11.12 09:32:52.435,0.96155,0.9621,2.90,1.50
2010.11.12 09:32:52.780,0.96155,0.96207,2.30,1.40
2010.11.12 09:32:55.162,0.96156,0.962,2.00,1.50
2010.11.12 09:32:55.270,0.96163,0.96215,2.30,3.20
2010.11.12 09:32:55.384,0.96152,0.9622,1.10,2.50
2010.11.12 09:32:55.601,0.96156,0.96214,3.20,1.40
2010.11.12 09:32:56.897,0.96153,0.96219,1.40,2.50
2010.11.12 09:32:57.553,0.96159,0.96228,6.60,1.40
2010.11.12 09:32:58.441,0.96169,0.96229,2.10,1.70
2010.11.12 09:33:00.110,0.96169,0.96238,2.90,2.50
2010.11.12 09:33:00.329,0.96178,0.96238,2.10,2.10
2010.11.12 09:33:01.680,0.96178,0.96238,2.10,2.90
2010.11.12 09:33:02.009,0.96188,0.96238,1.50,2.50
2010.11.12 09:33:02.119,0.96188,0.96238,1.90,1.70
2010.11.12 09:33:05.138,0.96188,0.96248,2.10,2.10
2010.11.12 09:33:06.884,0.96168,0.9623,2.50,1.40
2010.11.12 09:33:09.797,0.96168,0.96228,2.10,2.10
2010.11.12 09:33:11.543,0.96188,0.96235,2.10,2.70
2010.11.12 09:33:13.472,0.96191,0.96254,1.40,1.40
2010.11.12 09:33:13.691,0.96188,0.96253,2.50,1.40
2010.11.12 09:33:13.798,0.96188,0.96239,1.50,1.40
2010.11.12 09:33:16.122,0.96189,0.96243,2.90,4.00
2010.11.12 09:33:16.748,0.96189,0.96243,3.60,3.20
2010.11.12 09:33:17.553,0.96195,0.96244,1.40,3.20
2010.11.12 09:33:18.781,0.96189,0.96236,2.30,1.40
2010.11.12 09:33:20.180,0.96187,0.96243,2.50,1.70
2010.11.12 09:33:22.301,0.96197,0.96244,1.50,2.50
2010.11.12 09:33:24.431,0.96191,0.96218,1.70,1.50
2010.11.12 09:33:24.546,0.96187,0.96219,1.50,1.50
2010.11.12 09:33:27.246,0.96187,0.96219,1.50,1.50
2010.11.12 09:33:29.412,0.96187,0.96219,1.50,1.50
2010.11.12 09:33:30.849,0.96187,0.96228,1.70,1.70
2010.11.12 09:33:32.874,0.96187,0.96228,1.70,1.70
2010.11.12 09:33:34.458,0.96197,0.96238,1.70,1.50
2010.11.12 09:33:36.638,0.96197,0.96238,1.70,1.50
2010.11.12 09:33:37.079,0.9619,0.96238,2.50,1.70
2010.11.12 09:33:39.495,0.96187,0.96238,2.50,1.70
2010.11.12 09:33:40.358,0.96188,0.96238,1.10,1.50
2010.11.12 09:33:40.578,0.96187,0.96238,1.70,1.70
2010.11.12 09:33:42.680,0.96191,0.96248,2.30,2.10
2010.11.12 09:33:42.898,0.96187,0.96238,1.70,1.50
2010.11.12 09:33:43.418,0.96187,0.96238,1.70,1.90
2010.11.12 09:33:45.430,0.96187,0.96219,1.50,1.50
2010.11.12 09:33:47.842,0.96192,0.96224,1.50,1.50
2010.11.12 09:33:50.060,0.96192,0.96224,1.50,1.50
2010.11.12 09:33:52.815,0.96192,0.96224,1.50,1.50
2010.11.12 09:33:55.950,0.96192,0.96224,1.50,1.50
2010.11.12 09:33:57.226,0.96197,0.96238,1.70,2.50
2010.11.12 09:33:57.338,0.96197,0.96238,2.50,1.50
2010.11.12 09:33:59.762,0.96197,0.96238,1.70,1.70
2010.11.12 09:34:02.380,0.96197,0.96238,1.70,1.70
2010.11.12 09:34:03.509,0.96198,0.96257,1.40,2.90
2010.11.12 09:34:04.989,0.96197,0.96248,1.50,1.40
2010.11.12 09:34:06.159,0.96197,0.96257,2.10,2.50
2010.11.12 09:34:08.260,0.96197,0.96257,2.10,2.50
2010.11.12 09:34:11.453,0.96197,0.96257,2.20,2.50
2010.11.12 09:34:13.538,0.96197,0.96257,2.20,2.50
2010.11.12 09:34:15.549,0.96197,0.96257,2.30,2.50
2010.11.12 09:34:17.630,0.96197,0.96257,2.20,2.50
2010.11.12 09:34:20.423,0.96198,0.96247,2.40,1.70
2010.11.12 09:34:22.430,0.96201,0.96247,2.40,1.70
2010.11.12 09:34:24.509,0.96201,0.96247,2.30,1.70
2010.11.12 09:34:27.267,0.96197,0.96247,4.10,1.70
2010.11.12 09:34:29.431,0.96197,0.96247,4.00,1.70
2010.11.12 09:34:31.520,0.96197,0.96247,4.10,1.70
2010.11.12 09:34:31.788,0.96197,0.96247,2.40,2.90
2010.11.12 09:34:32.008,0.96207,0.96247,1.50,1.70
2010.11.12 09:34:35.892,0.96207,0.96247,1.50,1.70
2010.11.12 09:34:37.388,0.962,0.96247,2.30,2.90
2010.11.12 09:34:39.458,0.96197,0.96247,1.70,1.70
2010.11.12 09:34:41.866,0.96193,0.96247,2.30,2.90
2010.11.12 09:34:44.901,0.96197,0.96247,1.70,2.10
2010.11.12 09:34:45.759,0.96197,0.96247,1.70,2.10
2010.11.12 09:34:47.975,0.96197,0.96247,1.70,1.70
2010.11.12 09:34:48.280,0.96188,0.96247,2.10,2.90
2010.11.12 09:34:51.061,0.96188,0.96247,2.10,2.90
2010.11.12 09:34:52.277,0.96188,0.96228,1.50,1.50
2010.11.12 09:34:53.189,0.96178,0.96228,1.70,1.70
2010.11.12 09:34:55.629,0.96178,0.96228,1.70,1.70
2010.11.12 09:34:56.680,0.96178,0.96228,1.50,2.50
2010.11.12 09:34:59.420,0.96178,0.96219,1.50,1.70
2010.11.12 09:35:00.448,0.96178,0.9621,1.50,1.50
2010.11.12 09:35:02.626,0.96178,0.9621,1.50,1.50
2010.11.12 09:35:04.276,0.96168,0.962,1.50,1.50
2010.11.12 09:35:05.219,0.96168,0.96209,1.50,1.70
2010.11.12 09:35:07.288,0.96168,0.96219,4.70,2.50
2010.11.12 09:35:09.402,0.96168,0.96219,3.80,2.50
2010.11.12 09:35:09.840,0.96178,0.96219,1.50,2.10
2010.11.12 09:35:11.932,0.96178,0.96219,1.50,1.70
2010.11.12 09:35:12.047,0.96168,0.96219,4.00,2.50
2010.11.12 09:35:14.132,0.96162,0.96214,1.10,3.20
2010.11.12 09:35:16.510,0.96168,0.96219,1.70,2.50
2010.11.12 09:35:17.929,0.96168,0.96227,1.70,3.30
2010.11.12 09:35:19.997,0.96168,0.96219,1.70,1.70
2010.11.12 09:35:22.846,0.96168,0.96219,1.70,1.70
2010.11.12 09:35:23.412,0.96178,0.96219,1.50,1.70
2010.11.12 09:35:24.549,0.96172,0.96199,2.30,1.50
2010.11.12 09:35:26.914,0.96168,0.962,1.50,1.50
2010.11.12 09:35:27.020,0.96168,0.96216,4.00,1.40
2010.11.12 09:35:30.390,0.96168,0.96219,4.00,4.70
2010.11.12 09:35:33.597,0.96168,0.96219,4.00,4.70
2010.11.12 09:35:35.712,0.96168,0.96219,1.70,4.70
2010.11.12 09:35:37.741,0.96168,0.96219,1.70,1.70
2010.11.12 09:35:40.121,0.96168,0.96219,1.70,1.70
2010.11.12 09:35:41.275,0.96175,0.96219,2.30,1.70
2010.11.12 09:35:41.719,0.96175,0.96225,2.30,2.50
2010.11.12 09:35:43.810,0.96181,0.96228,2.30,1.70
2010.11.12 09:35:45.548,0.96182,0.96238,2.90,1.70
2010.11.12 09:35:47.892,0.96188,0.96238,1.50,1.70
2010.11.12 09:35:51.237,0.96188,0.96238,3.80,1.70
2010.11.12 09:35:53.698,0.96188,0.96238,3.80,1.70
2010.11.12 09:35:56.369,0.96189,0.96238,2.30,1.70
2010.11.12 09:35:57.001,0.96198,0.96246,1.70,2.50
2010.11.12 09:35:59.455,0.96198,0.96248,1.50,2.50
2010.11.12 09:36:01.468,0.96188,0.96238,3.80,1.70
2010.11.12 09:36:03.642,0.96188,0.96238,1.50,1.70
2010.11.12 09:36:04.188,0.96188,0.96238,1.50,1.70
2010.11.12 09:36:04.299,0.96188,0.96244,2.10,2.30
2010.11.12 09:36:05.508,0.96188,0.96244,2.10,2.40
2010.11.12 09:36:06.120,0.96188,0.96244,2.10,2.30
2010.11.12 09:36:08.188,0.96187,0.96238,1.50,1.50
2010.11.12 09:36:08.796,0.96207,0.96239,1.50,1.70
2010.11.12 09:36:08.905,0.96207,0.96248,1.50,1.90
2010.11.12 09:36:09.020,0.96207,0.96256,2.10,2.30
2010.11.12 09:36:11.052,0.96207,0.96267,2.10,3.00
2010.11.12 09:36:13.459,0.96207,0.96265,2.10,1.10
2010.11.12 09:36:15.705,0.96207,0.96265,2.10,1.10
2010.11.12 09:36:17.962,0.96207,0.96267,2.10,3.00
2010.11.12 09:36:18.823,0.96207,0.96253,2.10,2.30
2010.11.12 09:36:18.933,0.9619,0.96254,1.40,1.40
2010.11.12 09:36:20.779,0.96196,0.96257,1.40,1.90
2010.11.12 09:36:21.881,0.96207,0.96253,2.10,2.30
2010.11.12 09:36:23.919,0.96207,0.96253,1.50,2.30
2010.11.12 09:36:26.395,0.96207,0.96253,1.50,2.30
2010.11.12 09:36:28.544,0.96207,0.96258,1.50,1.70
2010.11.12 09:36:30.711,0.96207,0.96258,1.50,1.70
2010.11.12 09:36:32.889,0.96207,0.96258,1.50,1.70
2010.11.12 09:36:34.789,0.96207,0.96261,2.10,2.50
2010.11.12 09:36:36.818,0.96207,0.96267,2.10,2.90
2010.11.12 09:36:38.962,0.96207,0.9626,2.10,2.50
2010.11.12 09:36:40.929,0.96207,0.96255,1.90,2.50
2010.11.12 09:36:43.073,0.96188,0.96257,3.20,2.50
2010.11.12 09:36:45.208,0.96187,0.96253,1.70,3.70
2010.11.12 09:36:45.319,0.96188,0.96257,2.50,2.80
2010.11.12 09:36:47.498,0.96197,0.96257,1.70,1.70
2010.11.12 09:36:50.294,0.96197,0.96257,2.10,2.10
2010.11.12 09:36:53.209,0.96197,0.96257,2.10,2.40
2010.11.12 09:36:55.233,0.96197,0.96257,2.10,2.20
2010.11.12 09:36:57.601,0.96197,0.96257,2.10,2.30
2010.11.12 09:36:59.678,0.96202,0.9626,2.30,1.50
2010.11.12 09:37:00.219,0.96201,0.96262,2.50,3.00
2010.11.12 09:37:02.369,0.96197,0.96248,1.50,1.70
2010.11.12 09:37:05.279,0.96197,0.96248,1.50,1.70
2010.11.12 09:37:06.039,0.96188,0.96248,2.10,2.90
2010.11.12 09:37:06.711,0.96197,0.96248,1.50,1.70
2010.11.12 09:37:08.758,0.96197,0.96248,1.50,1.70
2010.11.12 09:37:10.861,0.96197,0.96257,2.10,2.90
2010.11.12 09:37:11.301,0.96197,0.96248,1.50,1.70
2010.11.12 09:37:13.550,0.96197,0.96248,1.50,1.70
2010.11.12 09:37:13.660,0.96188,0.96248,2.60,2.50
2010.11.12 09:37:16.743,0.96197,0.96257,2.10,2.50
2010.11.12 09:37:19.127,0.96197,0.96257,2.10,2.50
2010.11.12 09:37:20.171,0.96216,0.96257,1.50,1.70
2010.11.12 09:37:20.388,0.96207,0.96257,1.50,1.70
2010.11.12 09:37:23.058,0.96197,0.96257,2.90,1.70
2010.11.12 09:37:23.182,0.96201,0.96248,2.30,1.70
2010.11.12 09:37:23.979,0.96188,0.96248,2.10,2.50
2010.11.12 09:37:26.457,0.96192,0.96248,2.30,2.50
2010.11.12 09:37:28.825,0.96188,0.96248,2.20,2.50
2010.11.12 09:37:30.261,0.96188,0.96238,1.50,1.40
2010.11.12 09:37:30.590,0.96197,0.96248,1.50,1.70
2010.11.12 09:37:30.811,0.96188,0.96248,1.80,2.50
2010.11.12 09:37:33.188,0.96188,0.96248,1.90,2.50
2010.11.12 09:37:35.541,0.96192,0.96248,2.40,2.50
2010.11.12 09:37:37.633,0.96198,0.96248,1.70,1.70
2010.11.12 09:37:40.560,0.96198,0.96248,1.70,1.70
2010.11.12 09:37:42.131,0.96198,0.96257,2.10,2.50
2010.11.12 09:37:45.086,0.96199,0.96258,2.50,2.10
2010.11.12 09:37:47.258,0.96199,0.96258,2.50,2.10
2010.11.12 09:37:50.119,0.96199,0.96258,2.60,2.10
2010.11.12 09:37:52.199,0.96205,0.96258,2.30,2.10
2010.11.12 09:37:52.310,0.96202,0.96252,2.40,1.40
2010.11.12 09:37:52.641,0.96208,0.96248,1.50,2.50
2010.11.12 09:37:53.215,0.96208,0.96258,1.70,1.70
2010.11.12 09:37:55.025,0.96208,0.96258,1.70,1.50
2010.11.12 09:37:57.018,0.96217,0.96272,1.50,1.80
2010.11.12 09:37:59.030,0.96218,0.96268,1.40,1.50
2010.11.12 09:38:00.049,0.96227,0.96275,1.70,2.50
2010.11.12 09:38:02.100,0.96227,0.96277,1.70,1.70
2010.11.12 09:38:02.828,0.96227,0.96277,1.70,2.50
2010.11.12 09:38:03.419,0.96224,0.96256,2.30,1.40
2010.11.12 09:38:03.533,0.96197,0.96252,1.70,3.20
2010.11.12 09:38:06.054,0.96198,0.96253,3.20,3.20
2010.11.12 09:38:07.709,0.96197,0.9626,1.70,3.20
2010.11.12 09:38:09.845,0.96197,0.9626,1.70,3.20
2010.11.12 09:38:11.912,0.96197,0.9626,1.70,3.20
2010.11.12 09:38:13.921,0.96202,0.96257,2.30,2.50
2010.11.12 09:38:16.014,0.96197,0.96257,2.10,2.50
2010.11.12 09:38:18.021,0.96197,0.96248,1.90,1.70
2010.11.12 09:38:20.344,0.96197,0.96257,2.10,2.50
2010.11.12 09:38:20.451,0.96193,0.96228,2.30,1.50
2010.11.12 09:38:20.779,0.96187,0.96237,1.50,2.50
2010.11.12 09:38:23.118,0.9619,0.96238,2.30,1.70
2010.11.12 09:38:24.121,0.96197,0.96242,1.70,2.90
2010.11.12 09:38:26.156,0.9619,0.96248,3.20,2.50
2010.11.12 09:38:28.326,0.96198,0.96248,2.30,2.50
2010.11.12 09:38:28.934,0.96206,0.96258,2.30,2.50
2010.11.12 09:38:30.551,0.96206,0.96258,2.30,2.50
2010.11.12 09:38:31.092,0.96188,0.96238,1.70,1.70
2010.11.12 09:38:31.309,0.96198,0.96238,1.50,1.70
2010.11.12 09:38:32.032,0.96189,0.96238,2.50,2.50
2010.11.12 09:38:33.980,0.96191,0.96238,3.20,1.50
2010.11.12 09:38:36.090,0.96192,0.96248,1.40,1.70
2010.11.12 09:38:36.308,0.96198,0.96256,2.50,1.40
2010.11.12 09:38:37.103,0.96194,0.96248,2.30,2.50
2010.11.12 09:38:37.971,0.96196,0.96239,2.30,1.70
2010.11.12 09:38:38.079,0.96196,0.96248,2.30,2.90
2010.11.12 09:38:38.408,0.96192,0.96249,2.30,2.10
2010.11.12 09:38:39.158,0.96199,0.96249,2.30,2.10
2010.11.12 09:38:40.476,0.96199,0.96249,2.30,2.50
2010.11.12 09:38:40.591,0.96191,0.96237,2.30,1.40
2010.11.12 09:38:42.239,0.96198,0.96249,4.00,2.90
2010.11.12 09:38:44.698,0.96199,0.96249,2.50,2.50
2010.11.12 09:38:44.811,0.96208,0.96249,1.50,1.50
2010.11.12 09:38:46.071,0.96199,0.96249,2.50,2.90
2010.11.12 09:38:46.991,0.96198,0.96249,1.50,2.90
2010.11.12 09:38:47.100,0.96192,0.96249,3.60,1.70
2010.11.12 09:38:49.254,0.96203,0.96249,2.30,1.70
2010.11.12 09:38:50.069,0.96198,0.96249,4.00,1.70
2010.11.12 09:38:50.184,0.96193,0.96244,2.30,1.40
2010.11.12 09:38:52.093,0.9619,0.96239,2.50,1.70
2010.11.12 09:38:52.199,0.9619,0.96239,2.30,2.90
2010.11.12 09:38:53.839,0.96191,0.96239,1.40,1.70
2010.11.12 09:38:54.519,0.96189,0.96239,1.70,1.70
2010.11.12 09:38:57.045,0.96199,0.96239,1.50,1.70
2010.11.12 09:38:59.030,0.96199,0.96239,1.50,1.70
2010.11.12 09:39:01.059,0.96199,0.96249,2.50,2.50
2010.11.12 09:39:03.090,0.96199,0.96249,2.50,2.50
2010.11.12 09:39:05.339,0.96208,0.96249,1.50,1.70
2010.11.12 09:39:06.860,0.96199,0.96249,1.70,2.50
2010.11.12 09:39:09.264,0.96199,0.96249,1.70,2.50
2010.11.12 09:39:11.978,0.96208,0.96249,1.50,1.70
2010.11.12 09:39:14.045,0.96218,0.96259,1.70,2.30
2010.11.12 09:39:14.379,0.96218,0.96269,1.70,2.10
2010.11.12 09:39:14.978,0.96212,0.96269,2.30,2.10
2010.11.12 09:39:17.048,0.96218,0.96269,1.50,1.70
2010.11.12 09:39:17.158,0.96225,0.96269,2.30,1.70
2010.11.12 09:39:19.319,0.96225,0.96269,2.30,1.70
2010.11.12 09:39:19.432,0.96219,0.96269,2.30,2.10
2010.11.12 09:39:19.539,0.96219,0.96269,2.30,2.50
2010.11.12 09:39:19.649,0.96219,0.96269,2.50,1.50
2010.11.12 09:39:20.512,0.96228,0.96279,1.70,2.50
2010.11.12 09:39:22.110,0.96221,0.96274,2.50,2.50
2010.11.12 09:39:24.125,0.96218,0.96269,3.80,1.70
2010.11.12 09:39:25.372,0.96208,0.96264,1.50,1.40
2010.11.12 09:39:27.038,0.96201,0.96263,1.40,3.20
2010.11.12 09:39:27.369,0.96199,0.96259,4.40,2.50
2010.11.12 09:39:28.838,0.96199,0.96259,4.40,2.10
2010.11.12 09:39:29.410,0.96209,0.96259,4.20,1.50
2010.11.12 09:39:29.739,0.96211,0.96269,2.50,2.10
2010.11.12 09:39:30.069,0.96228,0.96269,1.50,1.70
2010.11.12 09:39:31.069,0.96218,0.96269,4.00,1.70
2010.11.12 09:39:31.289,0.96228,0.96269,1.50,1.50
2010.11.12 09:39:32.299,0.96218,0.9625,4.00,1.50
2010.11.12 09:39:33.939,0.96218,0.9626,1.50,2.10
2010.11.12 09:39:34.281,0.96209,0.9625,2.10,1.50
2010.11.12 09:39:35.059,0.96218,0.9625,1.50,1.50
2010.11.12 09:39:35.500,0.96209,0.9625,1.50,1.90
2010.11.12 09:39:36.103,0.96199,0.9624,2.30,1.50
2010.11.12 09:39:36.210,0.96199,0.9625,1.50,2.90
2010.11.12 09:39:36.648,0.96199,0.9625,1.50,1.70
2010.11.12 09:39:37.776,0.96199,0.9624,1.50,1.50
2010.11.12 09:39:38.250,0.96199,0.9624,1.50,2.50
2010.11.12 09:39:38.359,0.9619,0.9623,2.30,1.50
2010.11.12 09:39:40.142,0.96198,0.9623,1.50,1.50
2010.11.12 09:39:40.635,0.96184,0.9623,2.90,1.50
2010.11.12 09:39:40.743,0.96179,0.9622,1.50,1.50
2010.11.12 09:39:41.069,0.9618,0.9622,2.90,1.50
2010.11.12 09:39:41.289,0.96198,0.9623,1.50,1.50
2010.11.12 09:39:42.219,0.9619,0.9624,2.50,1.70
2010.11.12 09:39:44.501,0.96199,0.9624,1.50,1.50
2010.11.12 09:39:45.649,0.96203,0.96257,2.30,2.90
2010.11.12 09:39:46.660,0.96209,0.96259,2.30,1.80
2010.11.12 09:39:48.679,0.96209,0.96258,2.30,1.10
2010.11.12 09:39:51.376,0.96199,0.96258,1.70,1.10
2010.11.12 09:39:53.551,0.96208,0.96258,1.50,2.60
2010.11.12 09:39:55.949,0.96208,0.96253,1.50,2.30
2010.11.12 09:39:58.003,0.96203,0.96259,2.90,4.10
2010.11.12 09:40:00.061,0.96203,0.96259,2.90,4.10
2010.11.12 09:40:01.119,0.96203,0.96249,2.90,1.50
2010.11.12 09:40:03.773,0.96201,0.96249,2.90,1.50
2010.11.12 09:40:05.902,0.96208,0.96248,1.50,2.50
2010.11.12 09:40:08.507,0.96208,0.96249,1.50,1.70
2010.11.12 09:40:11.094,0.96203,0.96249,2.50,1.70
2010.11.12 09:40:11.421,0.96208,0.96249,3.20,1.50
2010.11.12 09:40:11.639,0.96211,0.96259,1.40,1.60
2010.11.12 09:40:13.776,0.96214,0.96266,1.40,2.60
2010.11.12 09:40:14.241,0.96209,0.96261,2.10,2.60
2010.11.12 09:40:15.150,0.96205,0.96265,3.60,2.60
2010.11.12 09:40:15.731,0.96205,0.96265,3.60,2.60
2010.11.12 09:40:16.451,0.9621,0.96266,1.40,2.60
2010.11.12 09:40:18.846,0.96204,0.96266,4.00,2.40
2010.11.12 09:40:21.100,0.96212,0.96265,2.50,2.60
2010.11.12 09:40:21.319,0.9622,0.96269,1.40,3.90
2010.11.12 09:40:23.791,0.96214,0.96269,1.40,1.70
2010.11.12 09:40:25.625,0.96214,0.96269,1.40,1.70
2010.11.12 09:40:25.740,0.96211,0.96259,2.50,1.50
2010.11.12 09:40:28.195,0.96209,0.96269,2.90,1.50
2010.11.12 09:40:29.542,0.96209,0.96269,2.10,4.10
2010.11.12 09:40:32.258,0.96209,0.96268,2.10,2.80
2010.11.12 09:40:34.298,0.96209,0.96268,2.10,2.80
2010.11.12 09:40:35.317,0.96209,0.96259,2.10,1.50
2010.11.12 09:40:37.851,0.96209,0.96259,1.50,1.70
2010.11.12 09:40:40.822,0.96209,0.96259,1.50,1.70
2010.11.12 09:40:42.568,0.96209,0.96249,1.50,1.50
2010.11.12 09:40:43.879,0.96209,0.96259,1.70,1.70
2010.11.12 09:40:44.711,0.96218,0.96259,1.50,1.50
2010.11.12 09:40:47.170,0.96218,0.96259,1.50,1.50
2010.11.12 09:40:49.249,0.96218,0.96259,1.50,1.50
2010.11.12 09:40:50.118,0.96227,0.96259,1.50,1.50
2010.11.12 09:40:52.160,0.96227,0.96259,1.50,1.50
2010.11.12 09:40:54.229,0.96227,0.96259,1.50,1.50
2010.11.12 09:40:54.680,0.96208,0.96259,4.70,2.50
2010.11.12 09:40:55.538,0.96209,0.96259,1.40,1.50
2010.11.12 09:40:57.984,0.96218,0.96259,1.50,1.50
2010.11.12 09:41:00.045,0.96218,0.96259,1.50,1.50
2010.11.12 09:41:02.103,0.96218,0.96259,1.50,1.50
2010.11.12 09:41:04.560,0.96218,0.96259,1.50,1.50
2010.11.12 09:41:06.629,0.96218,0.96259,1.50,1.50
2010.11.12 09:41:09.940,0.96218,0.96259,1.50,1.50
2010.11.12 09:41:12.359,0.96218,0.96259,1.50,1.50
2010.11.12 09:41:12.695,0.96228,0.96264,1.50,2.30
2010.11.12 09:41:13.453,0.96198,0.96249,2.10,1.50
2010.11.12 09:41:15.529,0.96208,0.96249,1.50,1.50
2010.11.12 09:41:17.961,0.96208,0.96249,1.70,1.50
2010.11.12 09:41:20.445,0.96208,0.96248,1.70,2.30
2010.11.12 09:41:22.469,0.96198,0.96249,2.50,1.70
2010.11.12 09:41:23.780,0.96198,0.96239,1.50,1.70
2010.11.12 09:41:24.000,0.96189,0.96238,2.90,2.30
2010.11.12 09:41:24.749,0.96189,0.96239,1.70,1.70
2010.11.12 09:41:25.630,0.96189,0.96237,2.50,1.20
2010.11.12 09:41:26.282,0.96189,0.96241,1.50,1.40
2010.11.12 09:41:27.540,0.96179,0.9623,1.70,4.00
2010.11.12 09:41:29.600,0.96179,0.9623,1.70,1.70
2010.11.12 09:41:30.523,0.96189,0.9623,1.50,1.50
2010.11.12 09:41:32.774,0.96189,0.9623,1.50,1.50
2010.11.12 09:41:34.973,0.96189,0.9623,1.50,1.50
2010.11.12 09:41:37.652,0.96189,0.96239,1.50,1.70
2010.11.12 09:41:39.668,0.96189,0.96239,1.50,1.70
2010.11.12 09:41:41.880,0.96189,0.9623,1.50,1.50
2010.11.12 09:41:42.210,0.96188,0.9622,1.50,1.50
2010.11.12 09:41:42.430,0.96177,0.9622,2.50,1.70
2010.11.12 09:41:44.299,0.96161,0.9621,2.70,1.70
2010.11.12 09:41:46.380,0.96159,0.9621,1.70,2.10
2010.11.12 09:41:48.633,0.96159,0.962,1.50,1.50
2010.11.12 09:41:49.488,0.96149,0.962,1.70,1.70
2010.11.12 09:41:51.493,0.96149,0.962,1.70,1.70
2010.11.12 09:41:53.166,0.96159,0.962,1.50,1.50
2010.11.12 09:41:53.390,0.96149,0.962,1.70,1.70
2010.11.12 09:41:55.407,0.9615,0.962,2.30,1.70
2010.11.12 09:41:57.720,0.96149,0.962,1.70,1.70
2010.11.12 09:42:00.031,0.96149,0.962,1.70,1.70
2010.11.12 09:42:02.059,0.96149,0.96197,1.70,2.30
2010.11.12 09:42:04.430,0.96149,0.962,1.70,1.70
2010.11.12 09:42:04.539,0.96149,0.9619,1.70,1.50
2010.11.12 09:42:06.901,0.9614,0.9619,1.50,1.70
2010.11.12 09:42:07.410,0.96138,0.9617,1.50,1.50
2010.11.12 09:42:07.631,0.9614,0.96186,1.50,1.40
2010.11.12 09:42:08.160,0.96134,0.9618,2.30,1.70
2010.11.12 09:42:08.497,0.96139,0.9619,2.30,2.90
2010.11.12 09:42:09.519,0.96139,0.9619,2.30,1.90
2010.11.12 09:42:09.636,0.96146,0.9619,2.30,1.50
2010.11.12 09:42:09.860,0.96149,0.962,1.50,1.50
2010.11.12 09:42:11.909,0.96149,0.962,1.50,1.50
2010.11.12 09:42:14.266,0.96149,0.962,1.50,1.50
2010.11.12 09:42:17.328,0.96149,0.962,1.50,1.50
2010.11.12 09:42:19.423,0.96149,0.962,1.50,1.50
2010.11.12 09:42:21.711,0.96149,0.962,1.50,1.50
2010.11.12 09:42:24.577,0.96149,0.962,1.50,1.50
2010.11.12 09:42:26.593,0.96149,0.962,1.50,1.50
2010.11.12 09:42:27.176,0.96168,0.9621,3.80,2.90
2010.11.12 09:42:27.379,0.96156,0.9621,2.30,2.50
2010.11.12 09:42:27.972,0.96162,0.9621,2.30,2.50
2010.11.12 09:42:29.437,0.96149,0.962,1.70,1.70
2010.11.12 09:42:31.524,0.9615,0.9621,2.90,2.90
2010.11.12 09:42:33.948,0.9615,0.9621,2.90,2.90
2010.11.12 09:42:36.224,0.96157,0.9621,2.30,2.90
2010.11.12 09:42:38.069,0.96163,0.9621,2.30,2.90
2010.11.12 09:42:39.259,0.96159,0.96207,3.80,1.40
2010.11.12 09:42:39.700,0.96159,0.962,4.70,1.50
2010.11.12 09:42:40.414,0.96163,0.9621,2.50,1.70
2010.11.12 09:42:42.449,0.96165,0.9621,2.30,2.50
2010.11.12 09:42:44.697,0.96163,0.962,2.30,1.70
2010.11.12 09:42:45.029,0.96169,0.9621,1.50,1.70
2010.11.12 09:42:46.062,0.96177,0.96229,2.50,2.50
2010.11.12 09:42:46.169,0.96179,0.96229,2.50,1.70
2010.11.12 09:42:47.479,0.96188,0.96239,1.50,1.70
2010.11.12 09:42:49.562,0.96188,0.96239,1.50,1.70
2010.11.12 09:42:50.544,0.96198,0.96239,2.30,1.50
2010.11.12 09:42:50.869,0.9621,0.96249,1.50,1.50
2010.11.12 09:42:51.441,0.96217,0.96249,1.50,1.50
2010.11.12 09:42:53.575,0.96217,0.96249,1.50,1.50
2010.11.12 09:42:54.474,0.96191,0.96229,2.30,1.50
2010.11.12 09:42:54.800,0.96191,0.96229,1.40,1.50
2010.11.12 09:42:55.342,0.96191,0.96248,1.40,1.40
2010.11.12 09:42:56.912,0.96208,0.96249,1.50,1.50
2010.11.12 09:42:59.342,0.96208,0.96249,1.50,1.50
2010.11.12 09:43:01.483,0.96208,0.96249,1.50,1.50
2010.11.12 09:43:03.505,0.96208,0.96249,1.50,1.50
2010.11.12 09:43:07.438,0.96208,0.96249,1.50,1.50
2010.11.12 09:43:09.993,0.96208,0.96249,1.50,1.90
2010.11.12 09:43:11.547,0.9619,0.96239,2.70,1.70
2010.11.12 09:43:11.659,0.96189,0.96239,1.50,1.70
2010.11.12 09:43:11.770,0.96198,0.96239,1.50,1.50
2010.11.12 09:43:12.001,0.9619,0.96239,2.30,1.70
2010.11.12 09:43:14.569,0.96189,0.96239,1.50,1.70
2010.11.12 09:43:17.149,0.96189,0.96239,1.50,1.70
2010.11.12 09:43:19.170,0.96189,0.96239,1.50,1.70
2010.11.12 09:43:21.554,0.96199,0.96239,1.50,1.50
2010.11.12 09:43:22.999,0.96199,0.96249,1.70,1.70
2010.11.12 09:43:25.069,0.96209,0.96259,1.70,1.70
2010.11.12 09:43:27.375,0.96209,0.96259,1.70,1.70
2010.11.12 09:43:29.590,0.96209,0.96259,1.70,1.70
2010.11.12 09:43:32.030,0.96209,0.96259,1.70,1.70
2010.11.12 09:43:35.372,0.96209,0.96259,1.70,1.70
2010.11.12 09:43:37.482,0.96209,0.96259,1.70,1.70
2010.11.12 09:43:38.601,0.96218,0.96269,1.70,1.70
2010.11.12 09:43:40.693,0.96212,0.96269,1.40,2.10
2010.11.12 09:43:40.802,0.96209,0.96265,2.50,1.40
2010.11.12 09:43:42.483,0.96201,0.96259,1.40,1.90
2010.11.12 09:43:43.329,0.96227,0.96259,1.50,1.50
2010.11.12 09:43:43.549,0.96228,0.96269,1.50,1.70
2010.11.12 09:43:44.016,0.96227,0.96259,1.50,1.50
2010.11.12 09:43:44.449,0.96228,0.96269,1.50,1.50
2010.11.12 09:43:45.666,0.96237,0.96278,1.50,1.50
2010.11.12 09:43:47.082,0.96237,0.96288,1.70,1.70
2010.11.12 09:43:49.562,0.96237,0.96288,1.70,1.70
2010.11.12 09:43:51.706,0.96237,0.96288,1.70,1.70
2010.11.12 09:43:52.983,0.96237,0.96278,1.50,1.50
2010.11.12 09:43:54.122,0.96237,0.96288,1.70,1.70
2010.11.12 09:43:56.219,0.96237,0.96285,1.50,2.50
2010.11.12 09:43:58.922,0.96237,0.96278,1.50,1.50
2010.11.12 09:44:01.182,0.96237,0.96278,1.50,1.50
2010.11.12 09:44:03.492,0.96237,0.96287,1.70,2.50
2010.11.12 09:44:06.583,0.96237,0.96287,1.70,2.50
2010.11.12 09:44:08.738,0.96237,0.96287,1.70,2.50
2010.11.12 09:44:10.813,0.96237,0.96287,1.70,2.50
2010.11.12 09:44:11.891,0.96227,0.96285,2.90,1.40
2010.11.12 09:44:13.251,0.96236,0.96287,1.40,1.70
2010.11.12 09:44:13.581,0.96237,0.96287,1.70,1.70
2010.11.12 09:44:16.430,0.96227,0.96287,4.40,2.50
2010.11.12 09:44:18.575,0.96238,0.96287,2.30,2.50
2010.11.12 09:44:18.683,0.9624,0.96296,2.50,1.40
2010.11.12 09:44:21.664,0.9624,0.96297,2.50,2.90
2010.11.12 09:44:23.366,0.96237,0.96287,1.50,2.50
2010.11.12 09:44:25.369,0.96233,0.96287,2.50,2.50
2010.11.12 09:44:27.467,0.96233,0.96287,2.50,2.50
2010.11.12 09:44:27.591,0.96246,0.96287,1.50,1.50
2010.11.12 09:44:30.136,0.9625,0.96287,2.30,1.50
2010.11.12 09:44:32.498,0.96246,0.96287,1.50,1.50
2010.11.12 09:44:33.684,0.96256,0.96297,1.50,1.50
2010.11.12 09:44:34.240,0.96256,0.96307,1.70,4.00
2010.11.12 09:44:36.413,0.96256,0.96307,1.70,1.70
2010.11.12 09:44:36.740,0.96256,0.96296,1.70,2.30
2010.11.12 09:44:37.276,0.96256,0.96316,2.10,2.10
2010.11.12 09:44:37.396,0.96265,0.96316,1.50,1.70
2010.11.12 09:44:38.121,0.96257,0.96316,2.90,1.70
2010.11.12 09:44:38.229,0.96257,0.96316,1.40,1.70
2010.11.12 09:44:38.340,0.96256,0.96316,1.70,1.70
2010.11.12 09:44:40.423,0.96256,0.96306,1.70,1.50
2010.11.12 09:44:41.101,0.96246,0.96306,2.10,2.50
2010.11.12 09:44:41.209,0.96256,0.96306,1.50,1.70
2010.11.12 09:44:43.260,0.96251,0.96311,1.40,2.30
2010.11.12 09:44:45.261,0.96256,0.96314,2.10,2.50
2010.11.12 09:44:47.322,0.96256,0.96316,1.70,1.70
2010.11.12 09:44:48.077,0.96256,0.96306,1.70,1.50
2010.11.12 09:44:50.240,0.96257,0.96306,2.50,1.70
2010.11.12 09:44:52.633,0.96266,0.96306,1.50,1.50
2010.11.12 09:44:56.194,0.96266,0.96306,1.50,1.50
2010.11.12 09:44:59.569,0.96266,0.96306,1.50,1.50
2010.11.12 09:45:02.653,0.96266,0.96306,1.50,1.50
2010.11.12 09:45:05.451,0.96266,0.96306,1.50,1.50
2010.11.12 09:45:07.662,0.96266,0.96306,1.50,1.50
2010.11.12 09:45:09.892,0.96266,0.96306,1.70,1.50
2010.11.12 09:45:10.000,0.96266,0.96316,4.00,1.70
2010.11.12 09:45:10.219,0.96266,0.96314,3.80,1.40
2010.11.12 09:45:12.380,0.96266,0.96306,1.50,1.70
2010.11.12 09:45:14.634,0.96266,0.96306,1.50,1.70
2010.11.12 09:45:17.042,0.96266,0.96306,1.50,1.70
2010.11.12 09:45:19.272,0.96266,0.96306,1.50,1.70
2010.11.12 09:45:21.442,0.96266,0.96306,1.50,1.70
2010.11.12 09:45:23.666,0.96266,0.96306,1.50,1.70
2010.11.12 09:45:25.694,0.96266,0.96306,1.50,1.70
2010.11.12 09:45:27.700,0.96266,0.96306,1.50,1.70
2010.11.12 09:45:29.975,0.96266,0.96314,1.50,1.40
2010.11.12 09:45:30.082,0.96266,0.96316,1.70,1.70
2010.11.12 09:45:32.160,0.96266,0.96324,2.10,2.60
2010.11.12 09:45:33.014,0.96266,0.96324,2.10,2.80
2010.11.12 09:45:33.123,0.9627,0.96325,2.30,2.60
2010.11.12 09:45:35.660,0.96275,0.96326,1.50,1.90
2010.11.12 09:45:37.269,0.96275,0.96326,1.50,4.10
2010.11.12 09:45:40.365,0.96275,0.96326,1.50,4.10
2010.11.12 09:45:42.010,0.96275,0.96325,1.50,2.40
2010.11.12 09:45:43.400,0.96266,0.96316,1.70,1.70
2010.11.12 09:45:45.439,0.96266,0.96316,1.70,1.70
2010.11.12 09:45:46.510,0.96273,0.96326,2.50,1.90
2010.11.12 09:45:47.672,0.96266,0.96326,1.50,2.30
2010.11.12 09:45:48.372,0.96266,0.96326,1.70,1.90
2010.11.12 09:45:50.482,0.96266,0.96326,1.70,1.90
2010.11.12 09:45:51.382,0.96266,0.96316,1.50,1.50
2010.11.12 09:45:52.199,0.96275,0.96316,1.50,1.70
2010.11.12 09:45:52.730,0.96268,0.96316,2.30,1.70
2010.11.12 09:45:53.323,0.96266,0.96316,1.50,2.10
2010.11.12 09:45:53.949,0.96255,0.96301,1.50,3.20
2010.11.12 09:45:56.500,0.96246,0.96302,1.70,3.20
2010.11.12 09:45:58.871,0.96246,0.96302,1.70,3.30
2010.11.12 09:46:01.610,0.96246,0.96302,1.70,3.40
2010.11.12 09:46:03.429,0.96255,0.96296,1.50,1.70
2010.11.12 09:46:05.875,0.96255,0.96296,1.50,1.70
2010.11.12 09:46:06.595,0.96246,0.96296,1.70,1.70
2010.11.12 09:46:08.390,0.96246,0.96295,1.50,8.20
2010.11.12 09:46:09.191,0.96246,0.96296,2.50,1.90
2010.11.12 09:46:09.972,0.96246,0.96287,1.50,1.50
2010.11.12 09:46:11.901,0.96255,0.96287,1.50,1.50
2010.11.12 09:46:14.018,0.96255,0.96287,1.50,1.50
2010.11.12 09:46:17.564,0.96255,0.96287,1.50,1.50
2010.11.12 09:46:18.411,0.96236,0.96277,1.50,1.50
2010.11.12 09:46:20.542,0.96236,0.96277,1.50,1.50
2010.11.12 09:46:22.831,0.96236,0.96277,1.50,1.50
2010.11.12 09:46:23.469,0.96245,0.96287,1.50,1.50
2010.11.12 09:46:25.790,0.96245,0.96287,1.50,1.50
2010.11.12 09:46:27.960,0.96245,0.96287,1.50,1.50
2010.11.12 09:46:28.340,0.96255,0.96293,1.50,2.80
2010.11.12 09:46:29.510,0.96245,0.96296,4.40,4.00
2010.11.12 09:46:31.636,0.96236,0.96295,1.70,2.60
2010.11.12 09:46:34.533,0.96236,0.96286,1.50,1.50
2010.11.12 09:46:36.564,0.96236,0.96286,1.50,1.50
2010.11.12 09:46:37.161,0.96242,0.96286,2.30,1.50
2010.11.12 09:46:38.848,0.96236,0.96286,1.50,1.50
2010.11.12 09:46:41.477,0.96236,0.96286,1.50,1.50
2010.11.12 09:46:43.563,0.96236,0.96286,1.50,1.50
2010.11.12 09:46:45.766,0.96236,0.96286,1.50,1.50
2010.11.12 09:46:47.863,0.96236,0.96286,1.50,1.50
2010.11.12 09:46:50.403,0.96236,0.96286,1.70,1.50
2010.11.12 09:46:51.062,0.96245,0.96286,1.50,1.50
2010.11.12 09:46:51.501,0.96245,0.96295,1.70,2.30
2010.11.12 09:46:52.960,0.96264,0.96296,1.50,1.50
2010.11.12 09:46:54.399,0.96254,0.96296,1.50,1.50
2010.11.12 09:46:54.840,0.96264,0.96296,1.50,1.50
2010.11.12 09:46:55.500,0.96254,0.96296,1.50,1.50
2010.11.12 09:46:56.601,0.96254,0.96286,1.50,1.50
2010.11.12 09:46:56.713,0.96244,0.96286,1.50,1.50
2010.11.12 09:46:56.981,0.96244,0.96295,1.50,1.70
2010.11.12 09:46:59.338,0.96244,0.96305,2.10,2.90
2010.11.12 09:46:59.446,0.96254,0.96305,1.50,1.50
2010.11.12 09:47:00.671,0.96235,0.96299,5.10,2.90
2010.11.12 09:47:03.089,0.96235,0.96293,2.90,2.30
2010.11.12 09:47:03.310,0.96235,0.96293,1.50,2.90
2010.11.12 09:47:05.735,0.96226,0.96284,1.70,2.30
2010.11.12 09:47:07.912,0.96225,0.96284,2.10,2.50
2010.11.12 09:47:10.174,0.96225,0.96284,2.10,2.50
2010.11.12 09:47:11.503,0.96216,0.96266,2.10,2.30
2010.11.12 09:47:13.522,0.96206,0.96266,2.10,2.10
2010.11.12 09:47:15.549,0.96206,0.96266,2.10,2.10
2010.11.12 09:47:16.972,0.96225,0.96266,1.50,1.50
2010.11.12 09:47:17.555,0.96225,0.96275,1.50,4.40
2010.11.12 09:47:18.461,0.9622,0.96275,2.50,1.70
2010.11.12 09:47:20.823,0.9622,0.96275,2.50,1.70
2010.11.12 09:47:22.931,0.9622,0.96275,2.50,1.70
2010.11.12 09:47:24.960,0.96225,0.96266,1.70,1.50
2010.11.12 09:47:25.070,0.96235,0.96267,1.50,1.70
2010.11.12 09:47:25.289,0.96225,0.96266,1.70,1.50
2010.11.12 09:47:26.400,0.96216,0.96248,1.50,1.50
2010.11.12 09:47:26.619,0.96216,0.96256,1.70,1.90
2010.11.12 09:47:26.840,0.96216,0.96266,2.50,4.00
2010.11.12 09:47:29.175,0.96218,0.96266,2.50,1.70
2010.11.12 09:47:31.537,0.96218,0.96266,2.50,1.70
2010.11.12 09:47:31.650,0.96218,0.96266,2.30,2.50
2010.11.12 09:47:32.214,0.96209,0.96256,2.50,2.50
2010.11.12 09:47:34.425,0.96206,0.96256,1.50,2.50
2010.11.12 09:47:36.422,0.96197,0.96257,2.50,2.90
2010.11.12 09:47:36.750,0.962,0.96257,1.40,4.00
2010.11.12 09:47:38.826,0.96206,0.96257,1.70,1.70
2010.11.12 09:47:40.480,0.96206,0.96256,2.90,1.50
2010.11.12 09:47:40.930,0.96206,0.96256,2.50,1.50
2010.11.12 09:47:42.871,0.96216,0.96266,1.70,1.70
2010.11.12 09:47:43.773,0.96217,0.96266,1.40,2.30
2010.11.12 09:47:45.235,0.96224,0.96271,1.40,2.40
2010.11.12 09:47:45.971,0.96216,0.96271,2.50,2.30
2010.11.12 09:47:46.740,0.96216,0.96276,2.10,2.50
2010.11.12 09:47:47.226,0.96235,0.96276,1.50,1.50
2010.11.12 09:47:47.335,0.96216,0.96264,1.70,2.30
2010.11.12 09:47:47.440,0.96216,0.96276,1.70,4.70
2010.11.12 09:47:47.881,0.96225,0.96276,2.50,1.50
2010.11.12 09:47:48.392,0.96235,0.96276,1.50,1.50
2010.11.12 09:47:48.501,0.96216,0.96276,1.70,2.50
2010.11.12 09:47:50.602,0.96216,0.96276,1.70,2.50
2010.11.12 09:47:51.771,0.96223,0.96276,2.90,1.90
2010.11.12 09:47:52.693,0.96234,0.96266,1.50,1.50
2010.11.12 09:47:55.303,0.96234,0.96266,1.50,1.50
2010.11.12 09:47:55.411,0.96225,0.96266,1.50,1.70
2010.11.12 09:47:57.844,0.96225,0.96266,1.50,1.70
2010.11.12 09:47:59.933,0.96225,0.96266,1.50,1.70
2010.11.12 09:48:00.576,0.96215,0.96256,2.30,1.50
2010.11.12 09:48:00.683,0.96215,0.96256,1.90,1.50
2010.11.12 09:48:01.801,0.96215,0.96266,1.70,1.70
2010.11.12 09:48:02.021,0.96205,0.96266,1.70,2.50
2010.11.12 09:48:04.044,0.96187,0.96262,1.10,2.50
2010.11.12 09:48:06.088,0.96205,0.96256,1.70,1.90
2010.11.12 09:48:06.879,0.96195,0.96236,1.50,1.50
2010.11.12 09:48:06.990,0.96188,0.96236,2.30,1.70
2010.11.12 09:48:07.931,0.96186,0.96236,2.50,1.50
2010.11.12 09:48:08.913,0.96176,0.96246,4.10,2.50
2010.11.12 09:48:10.982,0.96172,0.96226,6.60,1.50
2010.11.12 09:48:11.764,0.96185,0.96218,2.50,2.30
2010.11.12 09:48:12.589,0.96189,0.96245,2.50,1.50
2010.11.12 09:48:13.360,0.96175,0.96235,2.50,1.50
2010.11.12 09:48:13.483,0.96175,0.96235,1.70,1.70
2010.11.12 09:48:13.700,0.96185,0.96235,1.50,1.70
2010.11.12 09:48:15.777,0.96176,0.96235,1.40,1.90
2010.11.12 09:48:18.251,0.96175,0.96226,2.50,1.50
2010.11.12 09:48:18.362,0.96175,0.96226,1.70,1.50
2010.11.12 09:48:19.441,0.96175,0.96226,1.70,1.90
2010.11.12 09:48:21.637,0.96175,0.96226,1.70,1.90
2010.11.12 09:48:23.719,0.96166,0.96226,1.70,1.70
2010.11.12 09:48:25.851,0.96166,0.96226,1.70,1.70
2010.11.12 09:48:27.966,0.96166,0.96226,1.90,1.70
2010.11.12 09:48:30.395,0.96166,0.96226,1.80,1.70
2010.11.12 09:48:32.041,0.96166,0.96226,2.10,1.70
2010.11.12 09:48:34.512,0.96166,0.96226,2.10,1.70
2010.11.12 09:48:37.727,0.96168,0.96226,2.50,1.70
2010.11.12 09:48:41.050,0.96168,0.96226,2.50,1.70
2010.11.12 09:48:43.091,0.96168,0.96226,2.50,1.70
2010.11.12 09:48:45.889,0.96168,0.96226,2.50,1.70
2010.11.12 09:48:48.192,0.96168,0.96226,2.50,1.70
2010.11.12 09:48:50.580,0.96166,0.96226,2.10,1.70
2010.11.12 09:48:52.956,0.96166,0.96226,2.10,1.70
2010.11.12 09:48:55.044,0.96166,0.96216,1.50,1.50
2010.11.12 09:48:57.070,0.96166,0.96226,2.10,2.10
2010.11.12 09:49:00.012,0.96166,0.96216,1.70,1.50
2010.11.12 09:49:01.423,0.96185,0.96226,1.50,1.90
2010.11.12 09:49:03.502,0.96185,0.96226,1.50,1.90
2010.11.12 09:49:05.692,0.96185,0.96236,1.50,4.70
2010.11.12 09:49:07.310,0.96185,0.96236,2.10,1.50
2010.11.12 09:49:09.359,0.96185,0.96235,1.70,1.50
2010.11.12 09:49:11.849,0.96185,0.96235,1.50,1.50
2010.11.12 09:49:14.462,0.96185,0.96245,1.70,1.70
2010.11.12 09:49:16.522,0.96185,0.96245,1.70,1.70
2010.11.12 09:49:19.485,0.96185,0.96241,1.70,2.50
2010.11.12 09:49:21.800,0.96186,0.96235,2.30,1.70
2010.11.12 09:49:22.349,0.96186,0.96242,2.50,2.50
2010.11.12 09:49:22.910,0.96185,0.96236,4.70,2.30
2010.11.12 09:49:24.140,0.96185,0.96235,1.50,3.80
2010.11.12 09:49:26.254,0.96185,0.96236,1.70,1.50
2010.11.12 09:49:26.359,0.96187,0.96245,2.50,2.10
2010.11.12 09:49:26.470,0.96187,0.96245,2.30,2.50
2010.11.12 09:49:28.531,0.96189,0.96236,2.30,1.50
2010.11.12 09:49:32.698,0.96195,0.96236,1.50,1.90
2010.11.12 09:49:34.949,0.96195,0.96236,1.50,2.20
2010.11.12 09:49:35.684,0.96195,0.96236,1.50,2.10
2010.11.12 09:49:36.011,0.96185,0.96226,3.80,1.50
2010.11.12 09:49:36.920,0.96195,0.96236,1.50,1.60
2010.11.12 09:49:38.921,0.96185,0.96231,2.50,2.30
2010.11.12 09:49:39.251,0.96185,0.96231,1.50,2.30
2010.11.12 09:49:41.577,0.96176,0.96229,2.90,2.30
2010.11.12 09:49:44.507,0.96176,0.96229,2.90,2.30
2010.11.12 09:49:47.018,0.96176,0.96229,2.90,2.30
2010.11.12 09:49:49.021,0.96176,0.9623,2.90,2.30
2010.11.12 09:49:50.472,0.96169,0.96216,2.70,1.50
2010.11.12 09:49:52.552,0.96156,0.96216,2.50,1.70
2010.11.12 09:49:53.924,0.96149,0.96207,2.50,1.50
2010.11.12 09:49:56.235,0.9615,0.96214,6.40,2.90
2010.11.12 09:49:57.589,0.96148,0.96193,1.40,2.30
2010.11.12 09:49:57.705,0.96136,0.96193,1.70,2.50
2010.11.12 09:49:59.718,0.96136,0.96196,1.70,1.70
2010.11.12 09:50:00.060,0.96136,0.96196,2.50,1.70
2010.11.12 09:50:02.398,0.96136,0.96196,1.70,1.90
2010.11.12 09:50:04.483,0.96136,0.96194,1.70,2.60
2010.11.12 09:50:04.811,0.96136,0.96192,2.50,1.10
2010.11.12 09:50:06.843,0.96136,0.96196,2.50,1.90
2010.11.12 09:50:09.511,0.96136,0.96196,2.50,1.90
2010.11.12 09:50:11.645,0.96136,0.96194,2.90,6.20
2010.11.12 09:50:14.531,0.96136,0.96194,2.90,6.20
2010.11.12 09:50:16.021,0.96136,0.96196,2.90,1.90
2010.11.12 09:50:18.161,0.96136,0.96193,2.90,2.80
2010.11.12 09:50:20.383,0.96136,0.96193,2.90,2.60
2010.11.12 09:50:23.009,0.96136,0.96196,2.90,1.80
2010.11.12 09:50:25.706,0.96136,0.96196,2.90,1.90
2010.11.12 09:50:26.281,0.96136,0.96192,1.70,1.50
2010.11.12 09:50:27.610,0.96136,0.96192,1.70,1.40
2010.11.12 09:50:28.240,0.96136,0.96186,1.50,2.90
2010.11.12 09:50:29.066,0.96108,0.96182,1.10,1.10
2010.11.12 09:50:29.450,0.96108,0.96182,1.10,1.10
2010.11.12 09:50:30.769,0.96107,0.9618,4.10,3.20
2010.11.12 09:50:32.541,0.96114,0.96177,2.50,1.70
2010.11.12 09:50:33.204,0.96119,0.96177,2.50,1.50
2010.11.12 09:50:34.463,0.9612,0.96177,2.30,1.70
2010.11.12 09:50:34.570,0.9612,0.96177,3.60,1.50
2010.11.12 09:50:35.661,0.96126,0.96177,2.30,2.90
2010.11.12 09:50:37.392,0.96119,0.96177,2.30,2.90
2010.11.12 09:50:39.957,0.96119,0.96177,2.30,2.50
2010.11.12 09:50:40.072,0.96116,0.96174,4.10,2.90
2010.11.12 09:50:40.180,0.96116,0.96167,4.00,1.50
2010.11.12 09:50:40.399,0.96119,0.96177,2.30,2.30
2010.11.12 09:50:40.781,0.96126,0.96177,1.50,1.70
2010.11.12 09:50:42.795,0.96127,0.96177,2.30,1.50
2010.11.12 09:50:43.821,0.96137,0.96185,1.40,2.70
2010.11.12 09:50:46.659,0.96136,0.96193,2.90,6.20
2010.11.12 09:50:49.122,0.96136,0.96196,2.90,5.10
2010.11.12 09:50:52.010,0.96126,0.96196,4.70,6.50
2010.11.12 09:50:54.431,0.96126,0.96193,4.70,1.90
2010.11.12 09:50:56.689,0.96126,0.96186,2.10,11.10
2010.11.12 09:50:58.948,0.96126,0.9618,2.10,5.90
2010.11.12 09:50:59.920,0.96126,0.9618,2.10,2.40
2010.11.12 09:51:00.140,0.96126,0.9618,2.10,6.10
2010.11.12 09:51:01.041,0.96117,0.96171,2.10,2.50
2010.11.12 09:51:03.075,0.96117,0.96177,1.70,4.90
2010.11.12 09:51:05.618,0.96107,0.96166,1.90,3.20
2010.11.12 09:51:06.340,0.96098,0.96148,1.50,1.70
2010.11.12 09:51:06.962,0.96107,0.96148,1.50,1.50
2010.11.12 09:51:07.511,0.96107,0.96154,1.50,2.30
2010.11.12 09:51:08.188,0.96117,0.96167,1.70,1.70
2010.11.12 09:51:09.711,0.96117,0.96167,1.50,2.50
2010.11.12 09:51:10.260,0.96107,0.96159,2.90,2.50
2010.11.12 09:51:10.941,0.96107,0.96167,2.90,2.50
2010.11.12 09:51:11.221,0.96107,0.96167,2.10,2.50
2010.11.12 09:51:13.390,0.96107,0.96158,1.70,1.70
2010.11.12 09:51:15.507,0.96107,0.96158,1.70,1.70
2010.11.12 09:51:17.865,0.96111,0.96158,2.30,1.70
2010.11.12 09:51:20.241,0.96107,0.96158,1.70,1.70
2010.11.12 09:51:22.252,0.96102,0.96148,2.70,1.80
2010.11.12 09:51:22.792,0.96102,0.96128,2.30,1.50
2010.11.12 09:51:22.909,0.96078,0.96118,1.50,1.70
2010.11.12 09:51:24.580,0.96075,0.96118,2.30,1.70
2010.11.12 09:51:26.691,0.96075,0.96118,2.30,1.70
2010.11.12 09:51:30.358,0.96075,0.96118,2.30,1.70
2010.11.12 09:51:32.677,0.96069,0.96118,2.30,1.80
2010.11.12 09:51:34.962,0.96068,0.96118,1.70,1.70
2010.11.12 09:51:38.453,0.96068,0.96118,1.70,1.70
2010.11.12 09:51:38.564,0.96068,0.96111,1.50,3.20
2010.11.12 09:51:39.000,0.96068,0.96118,1.50,1.70
2010.11.12 09:51:39.810,0.96078,0.96118,1.50,1.50
2010.11.12 09:51:42.585,0.96078,0.96118,1.50,1.50
2010.11.12 09:51:44.925,0.96078,0.96118,1.50,1.50
2010.11.12 09:51:46.962,0.96078,0.96118,1.50,1.50
2010.11.12 09:51:49.032,0.96078,0.9611,1.50,1.50
2010.11.12 09:51:52.094,0.96078,0.9611,1.50,1.50
2010.11.12 09:51:54.295,0.96078,0.96118,1.50,2.10
2010.11.12 09:51:56.485,0.96078,0.96118,1.70,1.50
2010.11.12 09:51:58.984,0.96082,0.96128,2.30,2.50
2010.11.12 09:51:59.094,0.96088,0.96128,1.50,1.50
2010.11.12 09:51:59.310,0.96086,0.96119,2.30,1.50
2010.11.12 09:51:59.883,0.96078,0.96119,3.80,1.50
2010.11.12 09:52:00.802,0.96079,0.96129,2.50,2.50
2010.11.12 09:52:01.713,0.96086,0.9611,2.30,1.50
2010.11.12 09:52:02.182,0.96078,0.9611,1.90,1.50
2010.11.12 09:52:02.301,0.96069,0.9611,2.20,1.50
2010.11.12 09:52:03.162,0.96074,0.96119,2.30,2.10
2010.11.12 09:52:04.194,0.96079,0.96119,2.50,1.50
2010.11.12 09:52:06.331,0.9608,0.96129,2.50,1.70
2010.11.12 09:52:06.990,0.96073,0.96129,2.50,2.90
2010.11.12 09:52:09.042,0.96059,0.96122,2.50,1.10
2010.11.12 09:52:09.984,0.96069,0.96119,1.70,1.70
2010.11.12 09:52:11.169,0.96069,0.96119,2.50,1.50
2010.11.12 09:52:13.460,0.96073,0.96128,2.30,1.10
2010.11.12 09:52:15.423,0.96069,0.96129,2.50,2.20
2010.11.12 09:52:16.249,0.96073,0.96137,2.90,3.00
2010.11.12 09:52:17.560,0.96069,0.96137,2.90,1.10
2010.11.12 09:52:20.283,0.96071,0.96137,2.50,1.10
2010.11.12 09:52:21.901,0.96079,0.9612,1.50,1.50
2010.11.12 09:52:22.677,0.96073,0.9612,2.30,1.50
2010.11.12 09:52:25.145,0.96069,0.9612,1.70,1.50
2010.11.12 09:52:27.169,0.96069,0.9612,1.70,1.50
2010.11.12 09:52:29.269,0.96069,0.9612,1.70,1.50
2010.11.12 09:52:31.204,0.96069,0.96114,1.70,2.30
2010.11.12 09:52:32.137,0.9606,0.961,1.40,1.50
2010.11.12 09:52:32.264,0.96059,0.961,1.50,1.50
2010.11.12 09:52:32.372,0.96059,0.96091,1.50,1.50
2010.11.12 09:52:33.049,0.9605,0.96082,1.50,1.50
2010.11.12 09:52:33.272,0.9605,0.96095,1.50,3.20
2010.11.12 09:52:33.945,0.9606,0.96108,2.30,1.10
2010.11.12 09:52:34.731,0.9606,0.96091,2.30,1.50
2010.11.12 09:52:35.426,0.9605,0.96091,3.80,1.50
2010.11.12 09:52:37.173,0.96049,0.96081,1.50,1.50
2010.11.12 09:52:38.327,0.96059,0.961,1.50,1.60
2010.11.12 09:52:39.890,0.96059,0.9611,1.70,4.10
2010.11.12 09:52:42.017,0.96059,0.9611,1.70,1.80
2010.11.12 09:52:43.910,0.96069,0.9611,1.50,1.50
2010.11.12 09:52:44.910,0.96059,0.9611,1.70,1.70
2010.11.12 09:52:46.997,0.96067,0.9611,2.30,1.70
2010.11.12 09:52:49.158,0.96071,0.9611,2.30,1.70
2010.11.12 09:52:50.070,0.96078,0.9611,1.50,1.50
2010.11.12 09:52:51.770,0.96072,0.9611,3.20,1.50
2010.11.12 09:52:51.888,0.96071,0.9612,2.50,1.70
2010.11.12 09:52:53.988,0.96071,0.9612,2.50,1.80
2010.11.12 09:52:54.422,0.96071,0.96117,2.30,1.10
2010.11.12 09:52:55.200,0.96071,0.9612,2.50,1.80
2010.11.12 09:52:56.641,0.96061,0.9612,3.60,2.60
2010.11.12 09:52:58.750,0.96061,0.9612,2.50,2.20
2010.11.12 09:53:00.809,0.96069,0.9612,1.50,2.10
2010.11.12 09:53:01.030,0.96059,0.96116,1.70,1.40
2010.11.12 09:53:03.258,0.96054,0.9612,2.50,4.70
2010.11.12 09:53:05.493,0.96059,0.96119,1.50,1.70
2010.11.12 09:53:06.753,0.96061,0.96117,2.30,1.40
2010.11.12 09:53:06.861,0.9605,0.96103,1.50,4.00
2010.11.12 09:53:06.972,0.9605,0.96103,2.50,3.00
2010.11.12 09:53:07.465,0.96052,0.96103,1.40,2.30
2010.11.12 09:53:07.573,0.96059,0.9611,1.50,1.70
2010.11.12 09:53:09.590,0.96068,0.96119,2.30,1.70
2010.11.12 09:53:11.911,0.96061,0.9612,2.50,1.70
2010.11.12 09:53:12.014,0.96061,0.9612,2.30,2.50
2010.11.12 09:53:12.822,0.9606,0.9612,2.50,1.70
2010.11.12 09:53:12.930,0.96068,0.9612,2.30,1.70
2010.11.12 09:53:13.783,0.96075,0.9612,2.30,1.70
2010.11.12 09:53:14.742,0.96069,0.9612,1.50,1.70
2010.11.12 09:53:17.119,0.96069,0.9612,1.50,1.80
2010.11.12 09:53:19.245,0.96069,0.9612,1.50,1.80
2010.11.12 09:53:19.807,0.96067,0.96118,2.50,1.10
2010.11.12 09:53:21.955,0.96067,0.96117,2.50,1.10
2010.11.12 09:53:22.790,0.96068,0.9612,2.50,1.70
2010.11.12 09:53:25.561,0.96069,0.9612,1.50,1.90
2010.11.12 09:53:26.210,0.96068,0.96119,2.30,1.40
2010.11.12 09:53:28.579,0.96062,0.96118,3.20,1.10
2010.11.12 09:53:29.570,0.96074,0.9612,2.30,1.70
2010.11.12 09:53:32.090,0.96074,0.9612,2.30,1.70
2010.11.12 09:53:32.532,0.96062,0.96119,3.20,1.40
2010.11.12 09:53:35.004,0.96073,0.9612,2.30,1.70
2010.11.12 09:53:36.173,0.96078,0.9612,1.50,1.50
2010.11.12 09:53:37.520,0.96069,0.9612,2.30,2.90
2010.11.12 09:53:38.940,0.96059,0.9611,4.00,1.70
2010.11.12 09:53:39.160,0.96065,0.9611,2.30,1.70
2010.11.12 09:53:39.270,0.96059,0.9611,4.00,1.70
2010.11.12 09:53:39.769,0.96066,0.9611,2.30,1.70
2010.11.12 09:53:41.204,0.96078,0.9611,1.50,1.50
2010.11.12 09:53:43.250,0.96078,0.9611,1.50,1.50
2010.11.12 09:53:45.309,0.96078,0.9611,1.50,1.50
2010.11.12 09:53:46.119,0.96089,0.96121,1.50,1.50
2010.11.12 09:53:48.752,0.96088,0.9612,1.50,1.50
2010.11.12 09:53:51.684,0.96089,0.96121,1.50,1.50
2010.11.12 09:53:54.087,0.96089,0.96121,1.50,1.50
2010.11.12 09:53:55.354,0.96089,0.96129,1.50,1.70
2010.11.12 09:53:55.470,0.96089,0.96139,1.70,1.70
2010.11.12 09:53:57.480,0.96089,0.96139,1.70,1.80
2010.11.12 09:53:59.529,0.96091,0.96139,2.30,1.70
2010.11.12 09:54:00.670,0.96097,0.96139,2.30,1.70
2010.11.12 09:54:01.581,0.96097,0.96129,2.30,1.50
2010.11.12 09:54:01.693,0.96091,0.96129,2.30,1.50
2010.11.12 09:54:03.782,0.96088,0.9612,1.50,1.50
2010.11.12 09:54:03.890,0.96089,0.96129,1.50,1.70
2010.11.12 09:54:06.615,0.96089,0.96129,1.50,1.70
2010.11.12 09:54:07.982,0.96098,0.9613,1.50,1.50
2010.11.12 09:54:09.039,0.96089,0.96129,1.90,1.70
2010.11.12 09:54:11.162,0.96089,0.96129,1.50,1.70
2010.11.12 09:54:12.175,0.96098,0.9613,1.50,1.50
2010.11.12 09:54:13.302,0.96098,0.96139,1.50,1.70
2010.11.12 09:54:15.582,0.96098,0.96139,1.50,1.70
2010.11.12 09:54:17.816,0.96098,0.96139,1.50,1.70
2010.11.12 09:54:20.110,0.96098,0.96139,1.50,1.70
2010.11.12 09:54:22.547,0.96098,0.96139,1.50,1.70
2010.11.12 09:54:24.718,0.96098,0.96139,1.50,1.70
2010.11.12 09:54:25.164,0.96088,0.96139,1.70,2.50
2010.11.12 09:54:25.858,0.96075,0.96143,3.20,2.50
2010.11.12 09:54:26.904,0.96075,0.96133,2.50,2.50
2010.11.12 09:54:28.614,0.96074,0.96134,2.30,2.90
2010.11.12 09:54:30.868,0.96075,0.96136,2.50,2.90
2010.11.12 09:54:30.983,0.96088,0.96129,1.50,1.50
2010.11.12 09:54:32.210,0.96079,0.96129,2.30,1.70
2010.11.12 09:54:32.431,0.96091,0.96129,2.30,1.70
2010.11.12 09:54:34.499,0.9609,0.96129,2.30,1.50
2010.11.12 09:54:36.792,0.9609,0.96129,2.30,1.70
2010.11.12 09:54:37.723,0.9609,0.96139,2.50,2.10
2010.11.12 09:54:38.770,0.96099,0.96139,2.30,1.70
2010.11.12 09:54:40.810,0.96099,0.96139,2.30,1.70
2010.11.12 09:54:42.322,0.96107,0.96139,1.50,1.50
2010.11.12 09:54:42.432,0.96098,0.96139,2.70,1.50
2010.11.12 09:54:42.991,0.9609,0.96139,3.00,2.10
2010.11.12 09:54:43.320,0.96079,0.96139,1.40,2.10
2010.11.12 09:54:44.211,0.96088,0.96129,2.30,1.70
2010.11.12 09:54:44.943,0.96078,0.96129,4.00,1.70
2010.11.12 09:54:45.161,0.96088,0.96129,2.30,1.50
2010.11.12 09:54:46.184,0.96078,0.96129,4.00,1.70
2010.11.12 09:54:46.292,0.96089,0.96129,2.30,1.50
2010.11.12 09:54:47.544,0.96078,0.96129,4.40,1.70
2010.11.12 09:54:47.656,0.96088,0.96129,4.40,1.50
2010.11.12 09:54:47.871,0.96088,0.96129,1.90,1.70
2010.11.12 09:54:48.932,0.96098,0.9613,1.50,1.70
2010.11.12 09:54:49.261,0.96089,0.96129,2.70,1.70
2010.11.12 09:54:51.210,0.96079,0.96129,4.00,2.50
2010.11.12 09:54:53.501,0.96079,0.96129,4.00,2.50
2010.11.12 09:54:53.614,0.96088,0.96129,1.50,1.70
2010.11.12 09:54:55.341,0.96098,0.96139,1.50,2.10
2010.11.12 09:54:57.690,0.96098,0.96139,1.50,2.10
2010.11.12 09:55:00.124,0.96098,0.9613,1.50,1.50
2010.11.12 09:55:02.641,0.96098,0.9613,1.50,1.50
2010.11.12 09:55:04.832,0.96098,0.9613,1.50,1.50
2010.11.12 09:55:07.052,0.96092,0.96129,2.30,1.70
2010.11.12 09:55:08.736,0.96098,0.96129,2.30,1.70
2010.11.12 09:55:10.791,0.96095,0.96139,2.30,2.10
2010.11.12 09:55:12.252,0.96097,0.96129,1.50,1.50
2010.11.12 09:55:14.094,0.96104,0.96149,2.50,1.70
2010.11.12 09:55:14.210,0.96111,0.96159,2.50,2.50
2010.11.12 09:55:16.235,0.96115,0.96162,2.30,1.40
2010.11.12 09:55:16.561,0.96118,0.96159,1.70,1.50
2010.11.12 09:55:18.410,0.96114,0.96149,2.90,1.50
2010.11.12 09:55:18.526,0.96105,0.96149,2.30,1.70
2010.11.12 09:55:19.911,0.96105,0.96158,2.30,2.50
2010.11.12 09:55:21.995,0.96107,0.96159,2.30,2.10
2010.11.12 09:55:23.705,0.96101,0.96159,2.50,2.10
2010.11.12 09:55:24.930,0.96107,0.96168,2.30,2.90
2010.11.12 09:55:27.182,0.96108,0.96168,4.40,2.10
2010.11.12 09:55:29.231,0.96105,0.96168,1.40,1.70
2010.11.12 09:55:31.492,0.96112,0.96178,2.90,3.40
2010.11.12 09:55:31.931,0.96111,0.96173,2.30,2.90
2010.11.12 09:55:33.341,0.96108,0.96148,1.50,1.50
2010.11.12 09:55:35.482,0.96111,0.96148,2.30,1.50
2010.11.12 09:55:37.139,0.96114,0.96158,2.30,1.50
2010.11.12 09:55:37.471,0.96115,0.96168,2.30,1.70
2010.11.12 09:55:39.940,0.96118,0.96168,1.50,1.50
2010.11.12 09:55:42.034,0.96118,0.96168,1.50,1.50
2010.11.12 09:55:44.396,0.96118,0.96168,1.50,1.90
2010.11.12 09:55:45.472,0.96109,0.96158,3.20,1.50
2010.11.12 09:55:45.980,0.96108,0.96152,1.50,2.30
2010.11.12 09:55:46.092,0.96098,0.96158,2.50,1.50
2010.11.12 09:55:48.759,0.96108,0.96158,1.50,1.70
2010.11.12 09:55:50.212,0.96116,0.96158,2.30,1.50
2010.11.12 09:55:51.950,0.96109,0.96158,2.30,1.50
2010.11.12 09:55:54.031,0.96109,0.96158,2.30,1.50
2010.11.12 09:55:56.071,0.9611,0.96158,2.30,1.50
2010.11.12 09:55:58.178,0.9611,0.96158,2.30,1.50
2010.11.12 09:55:59.072,0.96117,0.96168,1.70,1.90
2010.11.12 09:56:01.162,0.96118,0.96168,2.50,1.50
2010.11.12 09:56:01.763,0.96117,0.96158,1.50,1.50
2010.11.12 09:56:03.775,0.96117,0.96158,1.50,1.50
2010.11.12 09:56:05.851,0.96117,0.96158,1.50,1.50
2010.11.12 09:56:06.291,0.96107,0.96158,1.70,1.70
2010.11.12 09:56:08.519,0.96098,0.96158,3.00,2.10
2010.11.12 09:56:08.627,0.96092,0.96148,1.50,1.70
2010.11.12 09:56:09.520,0.96092,0.96148,1.40,1.70
2010.11.12 09:56:12.012,0.96097,0.96148,1.80,1.70
2010.11.12 09:56:14.091,0.96095,0.96148,2.60,1.90
2010.11.12 09:56:15.800,0.96097,0.96154,2.90,2.50
2010.11.12 09:56:16.831,0.96097,0.96158,1.70,2.10
2010.11.12 09:56:18.861,0.96097,0.96148,1.50,1.50
2010.11.12 09:56:20.932,0.96097,0.96148,1.50,1.70
2010.11.12 09:56:22.101,0.96097,0.96148,1.90,1.70
2010.11.12 09:56:22.321,0.96097,0.96153,1.90,2.90
2010.11.12 09:56:22.430,0.96097,0.96154,1.90,3.60
2010.11.12 09:56:23.920,0.96097,0.96158,4.10,1.70
2010.11.12 09:56:24.140,0.96097,0.96148,1.80,1.70
2010.11.12 09:56:25.221,0.96097,0.96158,3.20,1.90
2010.11.12 09:56:26.131,0.96102,0.96158,2.60,1.90
2010.11.12 09:56:28.424,0.96096,0.96148,2.40,1.50
2010.11.12 09:56:29.900,0.96097,0.96158,2.10,2.10
2010.11.12 09:56:31.926,0.96097,0.96158,2.10,4.40
2010.11.12 09:56:33.511,0.96097,0.96148,1.80,1.50
2010.11.12 09:56:35.314,0.96097,0.96158,2.90,4.70
2010.11.12 09:56:37.573,0.96097,0.96153,2.90,2.30
2010.11.12 09:56:39.563,0.96107,0.96167,5.20,4.40
2010.11.12 09:56:41.615,0.96107,0.96162,2.90,2.30
2010.11.12 09:56:43.633,0.96108,0.96167,3.00,2.10
2010.11.12 09:56:45.731,0.9612,0.96167,2.30,1.70
2010.11.12 09:56:47.348,0.96133,0.96168,2.30,1.70
2010.11.12 09:56:47.947,0.96123,0.96168,2.30,2.50
2010.11.12 09:56:48.063,0.96117,0.96168,2.30,2.90
2010.11.12 09:56:48.172,0.96117,0.9617,2.50,1.40
2010.11.12 09:56:50.209,0.96108,0.96177,2.60,1.70
2010.11.12 09:56:52.230,0.96108,0.96177,2.60,1.40
2010.11.12 09:56:53.290,0.96117,0.96178,2.10,1.70
2010.11.12 09:56:55.352,0.96117,0.96184,4.70,1.40
2010.11.12 09:56:57.514,0.96117,0.96177,2.10,2.10
2010.11.12 09:56:59.772,0.9612,0.96177,2.40,2.10
2010.11.12 09:57:00.364,0.9612,0.96177,2.40,2.10
2010.11.12 09:57:00.493,0.9612,0.96177,2.40,2.10
2010.11.12 09:57:02.752,0.96118,0.96177,1.50,2.10
2010.11.12 09:57:04.552,0.96121,0.96177,2.30,2.10
2010.11.12 09:57:06.579,0.96117,0.96177,4.90,2.10
2010.11.12 09:57:09.075,0.96117,0.96177,4.90,2.10
2010.11.12 09:57:11.014,0.96117,0.96177,2.30,2.10
2010.11.12 09:57:13.816,0.96117,0.96177,2.30,2.10
2010.11.12 09:57:16.110,0.96119,0.96167,2.60,1.50
2010.11.12 09:57:18.139,0.96126,0.96177,1.50,2.50
2010.11.12 09:57:18.265,0.9612,0.96167,2.30,1.70
2010.11.12 09:57:18.596,0.96126,0.96173,1.70,2.30
2010.11.12 09:57:21.073,0.96128,0.96177,2.30,1.70
2010.11.12 09:57:24.164,0.96128,0.96177,2.30,1.70
2010.11.12 09:57:26.151,0.96128,0.96177,2.30,1.70
2010.11.12 09:57:28.410,0.96121,0.96177,2.60,2.90
2010.11.12 09:57:30.495,0.9612,0.96167,2.40,1.70
2010.11.12 09:57:32.041,0.96122,0.96177,2.40,2.90
2010.11.12 09:57:34.418,0.96126,0.96177,1.70,1.70
2010.11.12 09:57:36.438,0.96126,0.96177,1.70,1.70
2010.11.12 09:57:37.883,0.96136,0.96177,1.50,1.50
2010.11.12 09:57:37.991,0.96129,0.96186,2.50,2.90
2010.11.12 09:57:39.450,0.96129,0.96177,2.30,1.70
2010.11.12 09:57:41.281,0.96131,0.96186,2.60,1.50
2010.11.12 09:57:43.358,0.96131,0.96194,2.50,1.40
2010.11.12 09:57:45.452,0.96131,0.96194,2.50,1.40
2010.11.12 09:57:46.382,0.96134,0.96186,2.30,1.70
2010.11.12 09:57:47.348,0.96136,0.96177,1.50,1.70
2010.11.12 09:57:49.709,0.96136,0.96186,4.00,2.10
2010.11.12 09:57:52.257,0.96139,0.96186,2.30,1.70
2010.11.12 09:57:52.871,0.96139,0.96186,2.30,2.90
2010.11.12 09:57:55.397,0.96139,0.96186,2.30,2.90
2010.11.12 09:57:57.463,0.96139,0.96186,2.30,2.90
2010.11.12 09:57:59.717,0.96139,0.96186,2.30,2.90
2010.11.12 09:58:00.961,0.96125,0.96176,2.40,1.40
2010.11.12 09:58:01.180,0.96126,0.96167,2.30,1.70
2010.11.12 09:58:01.292,0.96132,0.96167,2.30,1.70
2010.11.12 09:58:03.124,0.96136,0.96185,1.70,2.50
2010.11.12 09:58:05.478,0.96136,0.96186,1.70,2.50
2010.11.12 09:58:08.607,0.96136,0.96186,1.70,2.50
2010.11.12 09:58:12.287,0.96136,0.96186,1.70,2.50
2010.11.12 09:58:13.921,0.96147,0.96186,2.50,1.50
2010.11.12 09:58:16.474,0.96146,0.96186,1.50,1.70
2010.11.12 09:58:19.321,0.96136,0.96186,2.50,1.70
2010.11.12 09:58:22.676,0.96136,0.96186,2.50,1.70
2010.11.12 09:58:25.519,0.96136,0.96186,2.50,1.70
2010.11.12 09:58:27.164,0.96136,0.96177,1.50,1.70
2010.11.12 09:58:29.344,0.96136,0.96186,4.00,2.50
2010.11.12 09:58:31.957,0.96136,0.96186,1.70,2.50
2010.11.12 09:58:32.420,0.96136,0.96186,1.50,2.50
2010.11.12 09:58:32.752,0.96126,0.96181,1.70,1.40
2010.11.12 09:58:33.423,0.96126,0.96167,1.50,1.70
2010.11.12 09:58:33.758,0.96116,0.96167,1.70,1.70
2010.11.12 09:58:36.224,0.96116,0.96167,1.70,1.70
2010.11.12 09:58:38.523,0.96116,0.96167,4.00,1.70
2010.11.12 09:58:40.676,0.96118,0.96167,2.50,1.70
2010.11.12 09:58:40.787,0.96122,0.96164,2.30,1.40
2010.11.12 09:58:42.788,0.96116,0.96167,1.70,2.10
2010.11.12 09:58:42.909,0.96109,0.96157,2.30,1.70
2010.11.12 09:58:45.206,0.96109,0.96157,2.30,1.70
2010.11.12 09:58:47.350,0.96109,0.96157,2.30,1.70
2010.11.12 09:58:49.390,0.96109,0.96157,2.30,1.70
2010.11.12 09:58:50.761,0.96115,0.96167,1.40,1.50
2010.11.12 09:58:53.322,0.96119,0.96167,2.30,1.70
2010.11.12 09:58:54.681,0.96119,0.96167,3.20,1.50
2010.11.12 09:58:57.565,0.96135,0.96167,1.50,1.50
2010.11.12 09:58:59.713,0.96135,0.96167,1.50,1.50
2010.11.12 09:59:01.722,0.96135,0.96167,1.50,1.50
2010.11.12 09:59:02.382,0.96126,0.96167,4.00,1.50
2010.11.12 09:59:04.674,0.96126,0.96167,4.40,1.50
2010.11.12 09:59:08.074,0.96126,0.96167,4.40,1.50
2010.11.12 09:59:10.421,0.96126,0.96167,4.40,1.50
2010.11.12 09:59:11.441,0.96125,0.96163,2.50,2.30
2010.11.12 09:59:12.153,0.96125,0.96176,1.70,1.70
2010.11.12 09:59:13.260,0.96106,0.96164,2.10,2.50
2010.11.12 09:59:14.757,0.96081,0.96136,2.70,1.70
2010.11.12 09:59:15.499,0.96115,0.96174,2.50,1.50
2010.11.12 09:59:16.913,0.96094,0.96156,2.50,2.30
2010.11.12 09:59:17.022,0.96103,0.96156,1.70,2.30
2010.11.12 09:59:17.569,0.96103,0.96171,1.70,2.30
2010.11.12 09:59:19.325,0.96121,0.96172,2.30,2.30
2010.11.12 09:59:19.431,0.9611,0.96167,2.50,2.30
2010.11.12 09:59:19.543,0.96116,0.96168,2.30,2.30
2010.11.12 09:59:20.249,0.96111,0.96173,2.30,4.00
2010.11.12 09:59:20.692,0.96118,0.96173,2.30,1.70
2010.11.12 09:59:21.573,0.96111,0.96166,2.30,2.30
2010.11.12 09:59:22.389,0.96117,0.96173,2.30,1.70
2010.11.12 09:59:22.616,0.96125,0.96173,2.30,1.70
2010.11.12 09:59:22.724,0.96119,0.96173,2.30,1.70
2010.11.12 09:59:23.237,0.96132,0.96173,2.30,1.70
2010.11.12 09:59:23.351,0.96119,0.96173,2.30,1.70
2010.11.12 09:59:24.373,0.96133,0.96173,1.50,1.50
2010.11.12 09:59:26.172,0.96135,0.96173,2.30,2.50
2010.11.12 09:59:26.502,0.96128,0.96174,2.30,2.50
2010.11.12 09:59:26.611,0.96128,0.96174,2.30,1.70
2010.11.12 09:59:28.721,0.96137,0.96174,2.30,2.10
2010.11.12 09:59:29.735,0.96122,0.96174,2.30,1.90
2010.11.12 09:59:30.420,0.96129,0.96184,2.30,2.30
2010.11.12 09:59:31.161,0.96144,0.96204,2.30,2.30
2010.11.12 09:59:31.265,0.96153,0.9623,2.30,2.30
2010.11.12 09:59:31.370,0.96153,0.96236,2.30,2.30
2010.11.12 09:59:32.058,0.96159,0.96237,2.30,2.30
2010.11.12 09:59:32.174,0.96147,0.96235,2.30,2.30
2010.11.12 09:59:32.955,0.96147,0.96201,2.30,2.30
2010.11.12 09:59:33.062,0.96141,0.96204,2.30,2.30
2010.11.12 09:59:33.174,0.96127,0.96204,2.30,2.30
2010.11.12 09:59:33.818,0.96118,0.96203,2.30,2.30
2010.11.12 09:59:34.360,0.96127,0.96204,2.30,2.30
2010.11.12 09:59:35.172,0.96127,0.96191,2.30,2.30
2010.11.12 09:59:37.207,0.96126,0.96192,2.30,2.30
2010.11.12 09:59:37.431,0.96127,0.96204,2.30,3.80
2010.11.12 09:59:37.541,0.96127,0.96204,2.30,4.20
2010.11.12 09:59:38.332,0.96127,0.96204,2.30,3.80
2010.11.12 09:59:39.742,0.96127,0.96197,2.30,2.30
2010.11.12 09:59:40.960,0.96127,0.96191,2.70,2.30
2010.11.12 09:59:41.070,0.96127,0.96197,2.70,2.30
2010.11.12 09:59:41.771,0.96134,0.96191,4.50,2.30
2010.11.12 09:59:42.978,0.96125,0.9619,2.70,2.70
2010.11.12 09:59:45.351,0.96127,0.96191,2.30,2.30
2010.11.12 09:59:45.461,0.96123,0.9618,2.30,2.30
2010.11.12 09:59:46.631,0.9612,0.96173,2.30,2.30
2010.11.12 09:59:46.961,0.96108,0.96168,2.30,2.30
2010.11.12 09:59:47.070,0.96105,0.96161,3.80,2.30
2010.11.12 09:59:48.028,0.96098,0.96154,2.30,2.30
2010.11.12 09:59:50.091,0.961,0.96158,2.30,2.30
2010.11.12 09:59:52.190,0.96093,0.96158,2.30,2.30
2010.11.12 09:59:53.581,0.961,0.96172,2.30,2.30
2010.11.12 09:59:54.681,0.96101,0.96165,2.30,2.30
2010.11.12 09:59:55.458,0.96107,0.96172,2.30,2.30
2010.11.12 09:59:55.563,0.961,0.96172,2.30,2.70
2010.11.12 09:59:55.671,0.961,0.96172,2.30,2.70
2010.11.12 09:59:55.781,0.96095,0.96149,2.30,2.30
2010.11.12 09:59:56.311,0.96086,0.96142,1.50,2.30
2010.11.12 09:59:58.342,0.96067,0.9614,2.30,2.30
2010.11.12 09:59:58.560,0.96076,0.96141,2.30,2.30
2010.11.12 09:59:59.483,0.96072,0.96126,2.30,2.30
