2010.11.16 14:00:00.999,0.96999,0.97054,2.30,2.30
2010.11.16 14:00:01.720,0.96918,0.97122,1.10,1.10
2010.11.16 14:00:03.850,0.96926,0.9713,1.50,1.80
2010.11.16 14:00:05.859,0.96999,0.97053,2.30,2.30
2010.11.16 14:00:07.122,0.9699,0.97053,2.30,2.30
2010.11.16 14:00:07.826,0.96993,0.97048,2.30,2.30
2010.11.16 14:00:09.390,0.96985,0.97047,2.30,2.30
2010.11.16 14:00:11.178,0.96998,0.97054,2.30,2.30
2010.11.16 14:00:13.370,0.97003,0.97057,2.30,2.30
2010.11.16 14:00:13.479,0.97008,0.97063,2.30,2.30
2010.11.16 14:00:13.831,0.97012,0.97069,2.30,2.30
2010.11.16 14:00:14.050,0.97008,0.97063,2.30,2.30
2010.11.16 14:00:14.737,0.97014,0.97066,2.30,2.30
2010.11.16 14:00:17.471,0.96993,0.97049,2.30,2.30
2010.11.16 14:00:17.585,0.96999,0.97053,2.30,2.30
2010.11.16 14:00:17.699,0.9699,0.97053,2.30,2.30
2010.11.16 14:00:18.618,0.97003,0.97058,2.30,2.30
2010.11.16 14:00:19.129,0.96994,0.97055,2.30,2.30
2010.11.16 14:00:19.889,0.96994,0.97065,2.30,2.30
2010.11.16 14:00:20.109,0.97004,0.97065,2.30,2.30
2010.11.16 14:00:20.939,0.97003,0.97059,2.30,2.30
2010.11.16 14:00:21.629,0.97003,0.97066,2.30,2.30
2010.11.16 14:00:24.710,0.97005,0.97062,1.50,2.30
2010.11.16 14:00:25.381,0.96996,0.97057,2.30,2.30
2010.11.16 14:00:26.899,0.96995,0.97046,1.90,1.50
2010.11.16 14:00:27.751,0.97005,0.97056,1.90,4.50
2010.11.16 14:00:27.861,0.96995,0.97046,2.30,1.90
2010.11.16 14:00:28.190,0.97005,0.97056,2.30,4.20
2010.11.16 14:00:29.171,0.97005,0.97055,2.30,2.70
2010.11.16 14:00:30.100,0.96995,0.97046,2.30,1.90
2010.11.16 14:00:33.779,0.97005,0.97049,1.90,2.30
2010.11.16 14:00:34.725,0.96995,0.97036,1.50,2.30
2010.11.16 14:00:36.094,0.96989,0.97037,2.70,1.90
2010.11.16 14:00:36.199,0.96986,0.97037,2.30,1.90
2010.11.16 14:00:39.508,0.96983,0.97037,2.70,2.30
2010.11.16 14:00:39.727,0.96986,0.97037,2.30,1.90
2010.11.16 14:00:46.238,0.96986,0.97027,1.70,1.90
2010.11.16 14:00:47.402,0.96996,0.97037,1.70,1.50
2010.11.16 14:00:49.590,0.96996,0.9703,1.50,1.40
2010.11.16 14:00:50.365,0.96986,0.97027,1.90,1.70
2010.11.16 14:00:51.276,0.96977,0.97017,1.40,1.50
2010.11.16 14:00:51.424,0.96976,0.97017,1.90,1.50
2010.11.16 14:00:51.530,0.96976,0.97017,2.90,1.50
2010.11.16 14:00:51.742,0.96995,0.97027,1.50,1.90
2010.11.16 14:00:52.085,0.96995,0.97036,2.10,1.90
2010.11.16 14:00:52.308,0.96995,0.97036,2.10,1.50
2010.11.16 14:00:54.387,0.96986,0.97036,2.50,4.40
2010.11.16 14:00:55.559,0.96986,0.97032,2.10,2.70
2010.11.16 14:00:56.988,0.96986,0.97026,1.70,1.50
2010.11.16 14:00:57.758,0.96986,0.97032,2.10,2.30
2010.11.16 14:01:01.730,0.96986,0.97026,1.50,2.10
2010.11.16 14:01:03.050,0.96989,0.97036,1.40,2.10
2010.11.16 14:01:03.819,0.96995,0.97036,1.50,2.10
2010.11.16 14:01:04.439,0.96995,0.97036,1.70,1.90
2010.11.16 14:01:07.498,0.96995,0.97036,1.90,2.50
2010.11.16 14:01:09.569,0.96994,0.97027,1.50,1.50
2010.11.16 14:01:11.989,0.96994,0.97026,1.50,1.50
2010.11.16 14:01:12.788,0.96985,0.97026,2.70,2.50
2010.11.16 14:01:13.775,0.96984,0.97016,1.70,1.50
2010.11.16 14:01:13.889,0.96985,0.97026,2.10,1.90
2010.11.16 14:01:15.940,0.96993,0.97025,2.10,1.50
2010.11.16 14:01:16.058,0.97004,0.97036,1.50,4.40
2010.11.16 14:01:16.401,0.96993,0.97025,1.50,1.50
2010.11.16 14:01:18.471,0.96984,0.97025,1.90,2.10
2010.11.16 14:01:19.352,0.96975,0.97016,2.10,1.50
2010.11.16 14:01:26.339,0.96974,0.97006,1.50,1.50
2010.11.16 14:01:27.519,0.96975,0.97006,1.40,1.50
2010.11.16 14:01:27.629,0.96984,0.97016,1.50,1.50
2010.11.16 14:01:27.738,0.96978,0.97006,2.00,1.50
2010.11.16 14:01:28.180,0.96975,0.97016,2.30,2.50
2010.11.16 14:01:30.780,0.96974,0.97006,1.90,1.50
2010.11.16 14:01:33.200,0.96975,0.97016,4.70,1.50
2010.11.16 14:01:34.210,0.96974,0.97006,2.30,1.50
2010.11.16 14:01:34.582,0.96975,0.97016,1.90,1.70
2010.11.16 14:01:38.320,0.96975,0.97025,3.20,2.50
2010.11.16 14:01:41.197,0.96975,0.97015,2.50,1.50
2010.11.16 14:01:41.308,0.96976,0.97025,1.70,2.50
2010.11.16 14:01:42.199,0.96974,0.97006,1.90,1.50
2010.11.16 14:01:45.141,0.96966,0.97006,1.40,1.70
2010.11.16 14:01:45.689,0.96964,0.96996,1.90,1.50
2010.11.16 14:01:46.909,0.96965,0.97006,2.90,1.70
2010.11.16 14:01:49.353,0.96965,0.97006,2.10,1.90
2010.11.16 14:01:50.399,0.96965,0.96997,1.90,1.50
2010.11.16 14:01:50.848,0.96965,0.97006,2.90,1.50
2010.11.16 14:01:51.729,0.96965,0.96997,1.50,1.50
2010.11.16 14:01:53.541,0.96956,0.96997,2.50,1.70
2010.11.16 14:01:54.460,0.96966,0.97006,1.70,1.90
2010.11.16 14:01:54.827,0.96951,0.97002,2.90,1.40
2010.11.16 14:01:55.760,0.96947,0.96997,2.50,2.10
2010.11.16 14:01:56.568,0.96956,0.96997,1.90,1.50
2010.11.16 14:01:59.271,0.96947,0.96997,2.00,1.70
2010.11.16 14:02:02.908,0.9696,0.97006,1.40,1.90
2010.11.16 14:02:08.390,0.96966,0.97006,1.90,1.50
2010.11.16 14:02:08.724,0.96967,0.97016,2.00,1.70
2010.11.16 14:02:13.340,0.96983,0.97016,2.00,1.50
2010.11.16 14:02:13.456,0.96983,0.97031,2.00,1.40
2010.11.16 14:02:14.402,0.96975,0.97016,1.90,1.50
2010.11.16 14:02:17.580,0.96967,0.97016,2.90,1.90
2010.11.16 14:02:17.798,0.96962,0.97015,2.10,1.70
2010.11.16 14:02:19.802,0.96966,0.97016,2.10,4.40
2010.11.16 14:02:23.908,0.96966,0.97006,1.70,1.50
2010.11.16 14:02:29.449,0.96966,0.97006,2.10,1.50
2010.11.16 14:02:31.725,0.96968,0.96997,1.40,1.50
2010.11.16 14:02:31.950,0.96981,0.97027,2.90,1.70
2010.11.16 14:02:32.311,0.96971,0.97022,1.40,1.10
2010.11.16 14:02:34.539,0.96975,0.97017,1.40,1.50
2010.11.16 14:02:35.841,0.96979,0.97033,1.40,3.20
2010.11.16 14:02:37.880,0.96968,0.97026,3.10,6.60
2010.11.16 14:02:39.123,0.96975,0.97007,2.50,1.50
2010.11.16 14:02:39.229,0.96967,0.97007,1.10,1.50
2010.11.16 14:02:39.340,0.96969,0.97025,1.40,2.90
2010.11.16 14:02:41.288,0.96977,0.97025,2.70,1.40
2010.11.16 14:02:41.859,0.96968,0.97007,6.70,1.50
2010.11.16 14:02:42.079,0.96968,0.97017,2.90,2.50
2010.11.16 14:02:44.862,0.96976,0.97017,1.50,1.50
2010.11.16 14:02:45.299,0.96969,0.97017,2.70,2.10
2010.11.16 14:02:46.321,0.96966,0.97017,4.70,2.50
2010.11.16 14:02:46.921,0.96966,0.97006,1.90,2.50
2010.11.16 14:02:47.359,0.96959,0.97015,3.20,1.40
2010.11.16 14:02:49.535,0.96966,0.97016,3.80,2.50
2010.11.16 14:02:49.759,0.96975,0.97018,1.70,2.30
2010.11.16 14:02:49.980,0.96975,0.97016,1.70,1.50
2010.11.16 14:02:50.571,0.96975,0.97026,1.70,1.70
2010.11.16 14:02:54.365,0.96975,0.97026,4.70,1.70
2010.11.16 14:02:57.478,0.96979,0.97026,1.40,1.90
2010.11.16 14:02:59.979,0.96969,0.97016,2.70,2.90
2010.11.16 14:03:02.359,0.96971,0.97016,2.30,2.50
2010.11.16 14:03:02.682,0.96973,0.97026,1.40,4.70
2010.11.16 14:03:02.792,0.96976,0.97026,1.40,1.90
2010.11.16 14:03:03.118,0.96973,0.97029,3.70,2.90
2010.11.16 14:03:05.210,0.96974,0.97029,6.60,1.40
2010.11.16 14:03:06.969,0.96985,0.97027,1.40,1.90
2010.11.16 14:03:08.258,0.96981,0.97032,1.40,1.70
2010.11.16 14:03:10.662,0.96974,0.97017,2.50,1.50
2010.11.16 14:03:11.428,0.96974,0.97017,1.90,1.70
2010.11.16 14:03:14.120,0.96979,0.97017,1.40,1.50
2010.11.16 14:03:26.820,0.9698,0.97026,2.90,2.10
2010.11.16 14:03:28.140,0.96969,0.97017,2.70,2.10
2010.11.16 14:03:29.839,0.96975,0.97007,1.50,1.50
2010.11.16 14:03:30.061,0.96976,0.97017,1.50,4.20
2010.11.16 14:03:30.569,0.96975,0.97007,1.50,1.50
2010.11.16 14:03:31.009,0.96976,0.97017,1.50,3.80
2010.11.16 14:03:33.048,0.96971,0.97017,1.70,1.50
2010.11.16 14:03:35.830,0.96985,0.97017,1.50,1.90
2010.11.16 14:03:38.589,0.96975,0.97023,2.90,2.90
2010.11.16 14:03:41.115,0.96975,0.97016,2.50,1.50
2010.11.16 14:03:46.352,0.96975,0.97022,2.50,1.40
2010.11.16 14:03:46.794,0.96995,0.97037,1.50,1.20
2010.11.16 14:03:46.900,0.96995,0.97046,2.10,4.70
2010.11.16 14:03:53.679,0.96995,0.97036,1.50,10.40
2010.11.16 14:03:55.431,0.96976,0.97022,1.40,2.90
2010.11.16 14:03:57.627,0.96985,0.97034,2.90,2.70
2010.11.16 14:03:59.678,0.96995,0.97036,1.50,1.70
2010.11.16 14:03:59.898,0.96985,0.97036,4.70,2.10
2010.11.16 14:04:04.041,0.96985,0.97033,1.70,2.90
2010.11.16 14:04:04.150,0.96978,0.97032,1.10,1.10
2010.11.16 14:04:06.848,0.96976,0.97032,1.10,1.10
2010.11.16 14:04:07.461,0.96967,0.97023,1.70,6.60
2010.11.16 14:04:10.300,0.96967,0.97023,1.10,6.60
2010.11.16 14:04:12.400,0.96966,0.97021,4.70,2.90
2010.11.16 14:04:14.542,0.96975,0.97026,2.10,2.30
2010.11.16 14:04:18.049,0.96985,0.97036,2.10,2.50
2010.11.16 14:04:18.939,0.96985,0.97031,2.30,1.40
2010.11.16 14:04:19.761,0.96985,0.97036,2.10,3.20
2010.11.16 14:04:22.980,0.96985,0.97036,2.50,2.10
2010.11.16 14:04:23.994,0.96995,0.97036,1.90,1.70
2010.11.16 14:04:29.773,0.96992,0.97032,2.70,1.40
2010.11.16 14:04:34.464,0.96985,0.97026,2.50,1.50
2010.11.16 14:04:34.899,0.96995,0.97036,1.70,2.50
2010.11.16 14:04:38.473,0.96986,0.97018,1.50,1.50
2010.11.16 14:04:43.750,0.96986,0.97018,1.50,2.10
2010.11.16 14:04:43.859,0.96976,0.97017,2.10,2.10
2010.11.16 14:04:56.269,0.96977,0.97017,2.90,1.50
2010.11.16 14:04:59.280,0.96986,0.97026,1.50,2.10
2010.11.16 14:05:01.289,0.96985,0.97017,1.90,1.50
2010.11.16 14:05:04.002,0.96976,0.97022,1.70,2.90
2010.11.16 14:05:06.188,0.96976,0.97017,1.50,1.50
2010.11.16 14:05:10.802,0.96976,0.97022,1.70,1.40
2010.11.16 14:05:13.853,0.96985,0.97017,1.50,1.50
2010.11.16 14:05:14.069,0.96986,0.97026,1.70,1.90
2010.11.16 14:05:16.129,0.96977,0.97026,1.40,2.50
2010.11.16 14:05:23.750,0.96976,0.97017,1.90,1.40
2010.11.16 14:05:24.081,0.96976,0.97017,1.50,2.10
2010.11.16 14:05:36.252,0.96986,0.97026,1.50,2.50
2010.11.16 14:05:36.360,0.96976,0.97017,4.50,1.50
2010.11.16 14:05:39.110,0.96976,0.97017,2.30,1.50
2010.11.16 14:05:41.679,0.96976,0.97026,1.90,2.90
2010.11.16 14:05:42.701,0.96976,0.97026,1.70,2.10
2010.11.16 14:05:43.248,0.96976,0.97026,2.10,2.10
2010.11.16 14:05:43.685,0.96976,0.97008,1.50,1.50
2010.11.16 14:05:48.260,0.96976,0.97008,1.50,1.70
2010.11.16 14:05:48.370,0.96967,0.97007,1.90,1.70
2010.11.16 14:05:50.685,0.96976,0.97017,1.50,1.50
2010.11.16 14:05:53.332,0.96976,0.97017,1.90,1.50
2010.11.16 14:05:54.493,0.96976,0.97017,1.90,1.70
2010.11.16 14:05:55.304,0.96967,0.97007,1.90,1.50
2010.11.16 14:05:57.300,0.96961,0.97009,1.40,2.90
2010.11.16 14:05:59.980,0.96966,0.97017,2.50,2.10
2010.11.16 14:06:03.557,0.96966,0.97017,2.50,2.10
2010.11.16 14:06:07.853,0.96966,0.97014,2.30,2.90
2010.11.16 14:06:09.929,0.96966,0.97007,1.90,1.50
2010.11.16 14:06:15.819,0.96966,0.97007,1.90,4.00
2010.11.16 14:06:16.148,0.96966,0.97007,1.70,1.70
2010.11.16 14:06:17.120,0.96976,0.97008,1.50,4.20
2010.11.16 14:06:17.449,0.96966,0.97007,1.70,1.70
2010.11.16 14:06:18.401,0.96976,0.97017,1.70,1.60
2010.11.16 14:06:20.659,0.96966,0.97011,2.90,2.40
2010.11.16 14:06:23.770,0.96976,0.97008,1.50,1.50
2010.11.16 14:06:25.958,0.96967,0.97017,2.30,3.20
2010.11.16 14:06:27.062,0.96967,0.97017,2.10,2.50
2010.11.16 14:06:28.781,0.96986,0.97018,1.50,1.70
2010.11.16 14:06:29.000,0.96976,0.97017,1.90,2.10
2010.11.16 14:06:29.443,0.96967,0.97007,1.50,1.50
2010.11.16 14:06:39.979,0.96967,0.97007,1.50,2.10
2010.11.16 14:06:40.088,0.96957,0.97007,2.50,2.10
2010.11.16 14:06:40.418,0.9696,0.97007,1.40,1.90
2010.11.16 14:06:40.981,0.96967,0.97007,1.90,1.50
2010.11.16 14:06:42.541,0.96967,0.97017,2.50,2.90
2010.11.16 14:06:45.852,0.96967,0.97017,2.10,3.20
2010.11.16 14:06:46.869,0.96967,0.97007,1.50,1.50
2010.11.16 14:06:49.819,0.96977,0.97007,1.40,1.50
2010.11.16 14:06:50.251,0.96986,0.97027,1.70,1.70
2010.11.16 14:06:51.801,0.96986,0.97017,1.70,1.50
2010.11.16 14:06:51.910,0.96996,0.97028,1.50,1.50
2010.11.16 14:06:58.069,0.96996,0.97037,1.70,2.30
2010.11.16 14:06:58.298,0.96996,0.97037,1.70,1.90
2010.11.16 14:07:00.160,0.96996,0.97037,1.50,2.50
2010.11.16 14:07:03.379,0.96996,0.97028,1.50,1.70
2010.11.16 14:07:03.919,0.9699,0.97022,1.50,1.50
2010.11.16 14:07:05.741,0.96986,0.97027,1.70,1.70
2010.11.16 14:07:14.448,0.96981,0.97013,1.50,1.50
2010.11.16 14:07:16.529,0.96981,0.97013,1.50,1.70
2010.11.16 14:07:24.510,0.96976,0.97008,1.50,1.90
2010.11.16 14:07:24.619,0.96966,0.96998,2.30,1.50
2010.11.16 14:07:27.273,0.96967,0.97005,1.50,1.40
2010.11.16 14:07:27.782,0.96957,0.96989,1.70,1.50
2010.11.16 14:07:28.623,0.96967,0.96999,1.50,1.50
2010.11.16 14:07:32.722,0.96975,0.97007,1.50,2.90
2010.11.16 14:07:32.830,0.96967,0.96999,1.50,1.50
2010.11.16 14:07:39.779,0.96967,0.96999,1.50,1.70
2010.11.16 14:07:40.108,0.96967,0.96999,1.50,1.70
2010.11.16 14:07:40.560,0.96954,0.96998,1.70,1.70
2010.11.16 14:07:43.589,0.96958,0.96998,2.10,1.70
2010.11.16 14:07:44.248,0.96958,0.96998,1.70,1.50
2010.11.16 14:07:44.919,0.96958,0.96998,2.10,1.50
2010.11.16 14:07:47.750,0.96967,0.96999,1.50,1.90
2010.11.16 14:07:47.860,0.96958,0.96998,1.50,2.10
2010.11.16 14:07:47.970,0.96957,0.96989,1.50,1.50
2010.11.16 14:07:49.530,0.96949,0.96979,1.70,1.50
2010.11.16 14:07:49.749,0.96957,0.96989,1.50,1.50
2010.11.16 14:07:50.974,0.96978,0.97016,1.70,1.20
2010.11.16 14:07:51.847,0.96978,0.97018,1.70,1.70
2010.11.16 14:07:54.210,0.96968,0.97018,5.10,1.70
2010.11.16 14:07:55.472,0.96977,0.97028,1.50,2.50
2010.11.16 14:07:55.966,0.96987,0.97021,1.50,2.50
2010.11.16 14:07:56.083,0.96978,0.97018,1.90,1.50
2010.11.16 14:07:56.300,0.96987,0.97019,1.50,1.50
2010.11.16 14:07:57.300,0.96987,0.97017,1.50,3.20
2010.11.16 14:07:57.410,0.96977,0.97009,1.50,1.50
2010.11.16 14:07:57.631,0.96978,0.97018,1.50,1.50
2010.11.16 14:07:57.850,0.96976,0.97008,1.50,1.50
2010.11.16 14:07:58.471,0.96978,0.97018,1.50,1.70
2010.11.16 14:07:58.582,0.96976,0.97008,1.50,1.50
2010.11.16 14:07:59.469,0.96978,0.97018,1.70,1.70
2010.11.16 14:07:59.580,0.96987,0.97019,1.50,1.50
2010.11.16 14:08:01.580,0.96978,0.97018,1.70,1.70
2010.11.16 14:08:03.948,0.96987,0.97019,1.50,1.50
2010.11.16 14:08:07.429,0.96987,0.97019,1.70,1.50
2010.11.16 14:08:07.972,0.96987,0.97019,1.50,1.50
2010.11.16 14:08:11.938,0.96987,0.97019,1.70,1.50
2010.11.16 14:08:12.726,0.96997,0.97029,1.50,2.50
2010.11.16 14:08:13.059,0.96987,0.97019,1.50,1.50
2010.11.16 14:08:14.188,0.96969,0.97018,3.60,2.90
2010.11.16 14:08:17.423,0.96977,0.97018,2.30,1.50
2010.11.16 14:08:18.125,0.96967,0.97018,7.20,2.50
2010.11.16 14:08:18.237,0.96978,0.97018,1.50,1.90
2010.11.16 14:08:19.800,0.96976,0.97008,1.50,1.50
2010.11.16 14:08:20.459,0.96978,0.97018,1.70,1.50
2010.11.16 14:08:25.073,0.96978,0.97018,1.90,1.70
2010.11.16 14:08:28.258,0.96978,0.97018,1.90,1.50
2010.11.16 14:08:28.372,0.96987,0.97019,1.50,1.50
2010.11.16 14:08:28.750,0.96977,0.97009,2.10,1.50
2010.11.16 14:08:30.030,0.96967,0.96999,11.50,1.50
2010.11.16 14:08:30.139,0.96967,0.96999,2.10,1.50
2010.11.16 14:08:30.732,0.96977,0.97009,1.50,1.50
2010.11.16 14:08:35.601,0.96967,0.96999,4.80,1.50
2010.11.16 14:08:35.820,0.96977,0.97009,1.50,1.50
2010.11.16 14:08:38.659,0.96982,0.97014,1.50,1.90
2010.11.16 14:08:38.881,0.9697,0.97002,1.90,1.50
2010.11.16 14:08:39.231,0.96977,0.97009,1.50,1.50
2010.11.16 14:08:42.095,0.96985,0.97017,1.50,1.50
2010.11.16 14:08:42.319,0.96977,0.97009,1.50,1.50
2010.11.16 14:08:46.710,0.96977,0.97009,1.70,1.50
2010.11.16 14:08:47.280,0.96993,0.97025,1.50,2.30
2010.11.16 14:08:49.418,0.96986,0.97018,1.50,1.50
2010.11.16 14:08:49.910,0.96977,0.97009,5.10,1.50
2010.11.16 14:08:50.024,0.96986,0.97018,1.50,1.70
2010.11.16 14:08:50.350,0.96978,0.97018,1.70,1.70
2010.11.16 14:08:52.442,0.96978,0.97018,1.70,2.10
2010.11.16 14:08:52.768,0.96977,0.97009,1.90,1.50
2010.11.16 14:08:54.649,0.96968,0.97009,1.50,1.70
2010.11.16 14:08:59.141,0.96978,0.97018,1.50,1.50
2010.11.16 14:09:02.059,0.96978,0.97018,1.50,1.50
2010.11.16 14:09:05.184,0.96978,0.97018,2.10,1.50
2010.11.16 14:09:07.539,0.9698,0.97028,1.40,2.50
2010.11.16 14:09:08.119,0.9698,0.97018,1.20,1.50
2010.11.16 14:09:08.229,0.96978,0.97018,1.60,1.50
2010.11.16 14:09:10.390,0.96978,0.97018,1.50,1.70
2010.11.16 14:09:12.771,0.96978,0.97018,1.50,1.50
2010.11.16 14:09:13.352,0.96978,0.97018,1.50,1.90
2010.11.16 14:09:13.680,0.96968,0.97009,1.50,1.70
2010.11.16 14:09:19.721,0.96968,0.97009,1.90,2.50
2010.11.16 14:09:20.051,0.96978,0.9701,1.50,1.50
2010.11.16 14:09:20.757,0.96978,0.97019,1.70,1.70
2010.11.16 14:09:23.242,0.96978,0.97028,2.50,4.50
2010.11.16 14:09:27.481,0.96978,0.97026,2.70,1.40
2010.11.16 14:09:29.912,0.96978,0.97019,2.10,1.50
2010.11.16 14:09:30.461,0.96987,0.97027,1.70,2.70
2010.11.16 14:09:33.920,0.96988,0.97029,1.50,2.50
2010.11.16 14:09:34.151,0.96987,0.97019,1.50,1.50
2010.11.16 14:09:34.702,0.96978,0.97019,2.10,1.70
2010.11.16 14:09:35.296,0.96979,0.97028,1.70,4.40
2010.11.16 14:09:37.941,0.96979,0.97028,1.40,2.10
2010.11.16 14:09:40.698,0.96978,0.97019,2.60,1.50
2010.11.16 14:09:43.659,0.96978,0.97019,1.70,1.70
2010.11.16 14:09:45.999,0.96978,0.97019,1.70,2.10
2010.11.16 14:09:47.330,0.96969,0.97009,2.10,1.50
2010.11.16 14:09:50.403,0.96977,0.97009,1.50,1.50
2010.11.16 14:09:51.511,0.96988,0.9702,1.50,2.10
2010.11.16 14:09:52.353,0.96978,0.9701,1.50,1.50
2010.11.16 14:09:53.400,0.96988,0.9702,1.50,2.10
2010.11.16 14:09:53.821,0.96978,0.9701,1.50,1.50
2010.11.16 14:09:55.942,0.96988,0.9702,1.50,2.10
2010.11.16 14:09:56.270,0.96978,0.9701,1.50,1.50
2010.11.16 14:09:58.599,0.96968,0.97,2.20,1.50
2010.11.16 14:09:59.733,0.96971,0.97,2.70,1.50
2010.11.16 14:09:59.950,0.96988,0.9702,1.50,1.90
2010.11.16 14:10:00.169,0.96978,0.97019,1.70,1.70
2010.11.16 14:10:02.033,0.96983,0.97019,2.90,1.50
2010.11.16 14:10:02.249,0.96988,0.97029,1.70,1.70
2010.11.16 14:10:09.102,0.96983,0.97029,2.90,1.70
2010.11.16 14:10:11.920,0.96988,0.97029,2.10,2.10
2010.11.16 14:10:16.636,0.96979,0.97028,1.40,2.80
2010.11.16 14:10:16.859,0.96973,0.97024,1.70,1.50
2010.11.16 14:10:18.300,0.96973,0.97009,1.40,1.50
2010.11.16 14:10:18.412,0.96968,0.97009,2.50,1.70
2010.11.16 14:10:19.012,0.96977,0.97009,2.90,1.50
2010.11.16 14:10:19.120,0.96978,0.97022,2.50,3.50
2010.11.16 14:10:21.519,0.96987,0.97034,1.90,2.90
2010.11.16 14:10:21.740,0.96987,0.97028,2.30,1.50
2010.11.16 14:10:23.283,0.96997,0.97029,1.50,1.50
2010.11.16 14:10:23.610,0.96988,0.9702,1.50,1.50
2010.11.16 14:10:25.745,0.96971,0.97019,2.90,1.50
2010.11.16 14:10:27.749,0.96978,0.97019,1.70,1.50
2010.11.16 14:10:32.564,0.96969,0.97019,3.20,4.70
2010.11.16 14:10:42.399,0.96969,0.97017,6.60,1.10
2010.11.16 14:10:50.272,0.96968,0.97,1.90,1.50
2010.11.16 14:10:50.489,0.96969,0.97009,1.70,1.90
2010.11.16 14:10:54.325,0.96968,0.97,1.90,1.50
2010.11.16 14:10:55.022,0.96968,0.97,1.50,1.50
2010.11.16 14:10:55.791,0.96968,0.96999,1.40,1.50
2010.11.16 14:10:55.901,0.96978,0.9701,1.50,1.50
2010.11.16 14:10:57.211,0.96978,0.97019,1.70,1.90
2010.11.16 14:10:57.890,0.96978,0.97027,1.40,3.30
2010.11.16 14:10:58.329,0.9697,0.97027,4.10,3.30
2010.11.16 14:10:58.737,0.96987,0.97019,1.50,1.50
2010.11.16 14:10:59.029,0.96978,0.97019,1.90,1.50
2010.11.16 14:10:59.642,0.96987,0.97028,1.70,1.50
2010.11.16 14:11:00.080,0.96987,0.97035,2.10,3.00
2010.11.16 14:11:04.564,0.96987,0.97038,2.10,4.90
2010.11.16 14:11:11.179,0.96987,0.97028,1.90,1.50
2010.11.16 14:11:11.749,0.96987,0.97028,2.50,1.50
2010.11.16 14:11:12.511,0.96987,0.97028,1.90,1.50
2010.11.16 14:11:13.262,0.96987,0.97034,2.50,2.30
2010.11.16 14:11:17.308,0.96987,0.97028,1.90,1.50
2010.11.16 14:11:17.433,0.96987,0.97038,2.10,4.70
2010.11.16 14:11:17.760,0.96997,0.97038,1.50,3.80
2010.11.16 14:11:22.489,0.96997,0.97038,1.50,1.90
2010.11.16 14:11:23.093,0.96988,0.97035,2.90,1.40
2010.11.16 14:11:27.539,0.96987,0.97037,2.50,1.20
2010.11.16 14:11:27.643,0.96997,0.97038,1.70,1.90
2010.11.16 14:11:32.949,0.9699,0.97038,2.00,5.60
2010.11.16 14:11:35.639,0.9699,0.97038,2.00,2.60
2010.11.16 14:11:37.512,0.96987,0.97028,2.10,1.50
2010.11.16 14:11:38.800,0.96997,0.97029,1.50,1.50
2010.11.16 14:11:43.591,0.96987,0.97028,3.60,1.50
2010.11.16 14:11:44.389,0.96997,0.97038,1.70,1.90
2010.11.16 14:11:45.421,0.96987,0.97038,2.90,2.20
2010.11.16 14:11:50.900,0.96985,0.97028,1.70,1.50
2010.11.16 14:11:51.274,0.96978,0.97028,1.90,3.30
2010.11.16 14:11:51.492,0.96968,0.97028,1.70,4.80
2010.11.16 14:11:53.852,0.96978,0.97019,1.50,1.50
2010.11.16 14:11:55.643,0.96959,0.97019,2.50,4.80
2010.11.16 14:11:56.102,0.96962,0.97019,1.10,1.70
2010.11.16 14:11:58.131,0.9696,0.97019,1.10,2.50
2010.11.16 14:12:00.890,0.96968,0.97009,1.50,1.60
2010.11.16 14:12:06.251,0.96972,0.97019,1.40,1.50
2010.11.16 14:12:07.989,0.96971,0.97019,2.70,2.50
2010.11.16 14:12:08.514,0.96978,0.97012,1.50,2.70
2010.11.16 14:12:08.840,0.96978,0.97019,2.90,1.50
2010.11.16 14:12:10.430,0.96981,0.97028,3.60,1.90
2010.11.16 14:12:16.513,0.96997,0.97037,1.50,2.40
2010.11.16 14:12:16.732,0.96987,0.97028,2.10,1.50
2010.11.16 14:12:20.282,0.96977,0.97022,1.50,1.40
2010.11.16 14:12:22.479,0.96977,0.97028,2.10,2.20
2010.11.16 14:12:25.097,0.96977,0.97018,1.50,1.70
2010.11.16 14:12:26.421,0.96967,0.97017,2.10,2.30
2010.11.16 14:12:26.641,0.96957,0.97008,4.70,2.50
2010.11.16 14:12:30.487,0.96957,0.97008,4.70,2.10
2010.11.16 14:12:36.292,0.96957,0.96998,2.30,1.50
2010.11.16 14:12:36.401,0.96967,0.96999,1.50,1.50
2010.11.16 14:12:36.619,0.96957,0.96998,1.90,1.50
2010.11.16 14:12:38.514,0.96967,0.97007,1.50,3.40
2010.11.16 14:12:38.813,0.96967,0.97008,1.90,1.50
2010.11.16 14:12:42.840,0.96967,0.97013,4.50,2.90
2010.11.16 14:12:46.461,0.96967,0.97008,1.90,2.10
2010.11.16 14:12:46.576,0.96957,0.96998,1.50,1.50
2010.11.16 14:12:48.439,0.96951,0.96998,1.40,1.90
2010.11.16 14:12:48.770,0.96957,0.96989,2.30,1.50
2010.11.16 14:12:50.781,0.96948,0.96989,1.90,1.70
2010.11.16 14:12:54.761,0.96957,0.96998,1.50,1.90
2010.11.16 14:12:59.764,0.96957,0.96998,1.60,1.50
2010.11.16 14:13:00.590,0.96957,0.96989,1.90,1.50
2010.11.16 14:13:00.920,0.96966,0.96998,1.50,1.50
2010.11.16 14:13:01.139,0.96959,0.97008,3.00,2.50
2010.11.16 14:13:01.675,0.96957,0.96998,1.90,1.50
2010.11.16 14:13:04.909,0.96957,0.96998,1.50,1.50
2010.11.16 14:13:06.339,0.96957,0.97008,2.30,1.90
2010.11.16 14:13:07.012,0.96957,0.96998,1.50,1.50
2010.11.16 14:13:09.041,0.96957,0.96998,2.60,1.50
2010.11.16 14:13:09.391,0.96967,0.97008,1.50,1.50
2010.11.16 14:13:09.609,0.96966,0.96998,1.50,1.50
2010.11.16 14:13:10.380,0.96967,0.97008,1.50,1.50
2010.11.16 14:13:12.754,0.96967,0.97008,1.50,2.10
2010.11.16 14:13:14.878,0.96967,0.96999,1.50,1.50
2010.11.16 14:13:15.540,0.96967,0.97008,1.50,1.70
2010.11.16 14:13:17.671,0.96967,0.97008,1.50,2.10
2010.11.16 14:13:19.700,0.96967,0.97008,1.50,1.70
2010.11.16 14:13:24.767,0.96967,0.97008,1.50,2.50
2010.11.16 14:13:27.882,0.9696,0.97008,2.70,2.10
2010.11.16 14:13:31.371,0.96966,0.97008,2.30,2.10
2010.11.16 14:13:33.635,0.96957,0.97008,1.60,6.60
2010.11.16 14:13:42.154,0.96957,0.97008,1.70,6.60
2010.11.16 14:13:46.080,0.96969,0.97008,2.30,2.10
2010.11.16 14:13:51.029,0.96958,0.97008,2.70,2.10
2010.11.16 14:13:53.503,0.96969,0.97008,2.30,1.90
2010.11.16 14:13:54.320,0.9696,0.97008,2.70,2.50
2010.11.16 14:13:55.684,0.96956,0.96998,2.70,2.10
2010.11.16 14:13:56.230,0.96951,0.96998,2.70,2.10
2010.11.16 14:13:56.571,0.96948,0.96989,1.50,1.50
2010.11.16 14:14:01.659,0.96943,0.96998,3.20,4.70
2010.11.16 14:14:03.345,0.96958,0.96998,1.50,4.70
2010.11.16 14:14:03.452,0.96958,0.96998,1.50,1.70
2010.11.16 14:14:04.580,0.96957,0.96989,1.50,1.50
2010.11.16 14:14:06.290,0.96958,0.96999,1.70,1.70
2010.11.16 14:14:07.453,0.96958,0.96999,1.50,2.50
2010.11.16 14:14:07.673,0.96939,0.96994,4.70,1.40
2010.11.16 14:14:10.800,0.96941,0.96994,2.90,1.70
2010.11.16 14:14:11.251,0.96932,0.96988,3.30,1.40
2010.11.16 14:14:12.370,0.9693,0.96986,3.70,2.00
2010.11.16 14:14:12.480,0.96929,0.96979,1.50,2.90
2010.11.16 14:14:12.941,0.96929,0.9698,4.80,2.10
2010.11.16 14:14:16.146,0.96929,0.96987,2.50,3.30
2010.11.16 14:14:20.786,0.96933,0.96989,2.90,2.90
2010.11.16 14:14:25.960,0.96926,0.96989,2.90,2.90
2010.11.16 14:14:29.495,0.9692,0.9697,2.40,1.50
2010.11.16 14:14:29.711,0.96934,0.96989,2.40,1.50
2010.11.16 14:14:30.723,0.96919,0.96989,1.50,1.50
2010.11.16 14:14:30.829,0.96916,0.96989,2.70,1.90
2010.11.16 14:14:31.270,0.96916,0.96988,2.70,1.20
2010.11.16 14:14:32.056,0.96911,0.96968,2.70,3.10
2010.11.16 14:14:34.609,0.96921,0.9697,2.70,1.90
2010.11.16 14:14:35.430,0.96923,0.96979,2.40,1.90
2010.11.16 14:14:38.469,0.96919,0.96979,1.90,1.90
2010.11.16 14:14:42.428,0.96929,0.96979,1.50,1.50
2010.11.16 14:14:42.531,0.96929,0.96989,1.50,3.90
2010.11.16 14:14:45.879,0.96926,0.96989,2.40,2.40
2010.11.16 14:14:46.450,0.9693,0.97001,2.40,2.40
2010.11.16 14:14:46.561,0.9693,0.97011,2.40,2.40
2010.11.16 14:14:46.890,0.96931,0.97019,2.40,2.40
2010.11.16 14:14:46.999,0.96931,0.97027,2.40,2.40
2010.11.16 14:14:47.669,0.9693,0.97013,2.40,2.40
2010.11.16 14:14:50.381,0.96932,0.97026,2.40,2.40
2010.11.16 14:14:53.654,0.96936,0.97026,2.40,2.40
2010.11.16 14:14:54.528,0.96923,0.97026,2.40,2.40
2010.11.16 14:14:55.558,0.96922,0.97005,2.40,2.40
2010.11.16 14:14:56.468,0.96921,0.97012,2.40,2.40
2010.11.16 14:14:57.847,0.96934,0.97014,2.40,2.40
2010.11.16 14:14:59.569,0.96928,0.97012,2.40,2.40
2010.11.16 14:15:00.600,0.96909,0.96985,2.40,2.40
2010.11.16 14:15:01.230,0.96906,0.96991,2.40,2.40
2010.11.16 14:15:02.128,0.96899,0.9699,2.40,2.40
2010.11.16 14:15:02.898,0.969,0.9698,2.40,2.40
2010.11.16 14:15:04.311,0.96899,0.96971,2.40,2.40
2010.11.16 14:15:05.423,0.96898,0.96969,2.40,2.40
2010.11.16 14:15:07.460,0.96897,0.9697,2.40,2.40
2010.11.16 14:15:08.070,0.96905,0.96972,2.40,2.40
2010.11.16 14:15:12.292,0.96907,0.96972,2.40,2.40
2010.11.16 14:15:13.192,0.96898,0.96963,2.40,2.40
2010.11.16 14:15:13.300,0.96894,0.96957,2.40,2.40
2010.11.16 14:15:13.410,0.96888,0.96953,2.40,2.40
2010.11.16 14:15:13.732,0.96894,0.96957,2.40,2.40
2010.11.16 14:15:13.844,0.96898,0.96963,2.40,2.40
2010.11.16 14:15:13.952,0.96905,0.9697,2.40,2.40
2010.11.16 14:15:14.171,0.96897,0.96964,2.40,2.40
2010.11.16 14:15:15.882,0.96926,0.96979,2.30,2.30
2010.11.16 14:15:15.991,0.96936,0.96991,2.30,2.70
2010.11.16 14:15:16.563,0.9694,0.96998,2.30,2.30
2010.11.16 14:15:16.670,0.96931,0.96997,2.30,2.30
2010.11.16 14:15:16.780,0.96937,0.97,2.30,2.30
2010.11.16 14:15:17.708,0.9693,0.96988,2.30,2.30
2010.11.16 14:15:18.040,0.96917,0.96982,2.40,2.40
2010.11.16 14:15:18.941,0.96913,0.96977,2.70,2.70
2010.11.16 14:15:19.851,0.96927,0.96982,2.70,3.00
2010.11.16 14:15:20.290,0.96935,0.9699,2.70,3.00
2010.11.16 14:15:21.429,0.96935,0.9699,2.70,3.00
2010.11.16 14:15:21.539,0.96938,0.96991,3.00,3.00
2010.11.16 14:15:22.196,0.96932,0.96993,3.00,3.00
2010.11.16 14:15:22.673,0.96923,0.96986,3.00,3.40
2010.11.16 14:15:23.058,0.96923,0.96986,3.00,3.00
2010.11.16 14:15:26.509,0.96938,0.96988,1.50,1.90
2010.11.16 14:15:27.827,0.96952,0.96979,2.30,1.50
2010.11.16 14:15:28.163,0.96947,0.96998,1.50,1.50
2010.11.16 14:15:28.686,0.96947,0.96988,1.50,1.50
2010.11.16 14:15:29.010,0.96947,0.96997,1.50,1.50
2010.11.16 14:15:29.514,0.96947,0.96988,1.50,1.50
2010.11.16 14:15:29.840,0.96947,0.96979,1.50,1.50
2010.11.16 14:15:30.586,0.96938,0.96978,1.50,1.50
2010.11.16 14:15:33.281,0.96938,0.96978,1.90,1.50
2010.11.16 14:15:33.500,0.96947,0.96979,1.50,1.50
2010.11.16 14:15:34.732,0.96938,0.96978,1.50,1.50
2010.11.16 14:15:35.630,0.96938,0.96988,1.90,1.90
2010.11.16 14:15:36.186,0.96957,0.96989,1.50,1.90
2010.11.16 14:15:36.303,0.96938,0.96978,1.50,1.50
2010.11.16 14:15:36.632,0.96938,0.96988,1.50,1.50
2010.11.16 14:15:37.252,0.96938,0.96978,1.50,1.50
2010.11.16 14:15:38.329,0.96938,0.9697,1.50,1.50
2010.11.16 14:15:39.164,0.96928,0.96978,1.50,1.50
2010.11.16 14:15:42.200,0.96947,0.96979,1.50,1.50
2010.11.16 14:15:42.542,0.96928,0.96978,1.50,1.50
2010.11.16 14:15:42.652,0.96928,0.96969,1.50,1.50
2010.11.16 14:15:44.282,0.96919,0.96969,1.50,1.50
2010.11.16 14:15:44.610,0.96919,0.96959,1.50,1.50
2010.11.16 14:15:45.161,0.96909,0.96959,1.50,1.50
2010.11.16 14:15:46.899,0.96918,0.9695,1.50,1.50
2010.11.16 14:15:47.350,0.96909,0.9695,1.60,1.50
2010.11.16 14:15:49.025,0.96909,0.96959,2.00,1.90
2010.11.16 14:15:49.134,0.96919,0.96969,1.90,2.30
2010.11.16 14:15:51.250,0.96938,0.96978,1.50,1.50
2010.11.16 14:15:51.580,0.96938,0.96988,2.30,2.30
2010.11.16 14:15:52.701,0.96938,0.96978,1.90,1.90
2010.11.16 14:15:53.557,0.96928,0.96969,1.90,1.50
2010.11.16 14:15:55.750,0.96919,0.96959,1.50,1.50
2010.11.16 14:15:56.630,0.96917,0.96949,1.90,1.50
2010.11.16 14:15:58.199,0.96919,0.96959,1.50,1.50
2010.11.16 14:15:59.149,0.96909,0.96959,3.10,1.90
2010.11.16 14:15:59.481,0.96905,0.96949,2.40,1.90
2010.11.16 14:15:59.822,0.96908,0.96949,1.50,1.50
2010.11.16 14:16:02.321,0.96918,0.9695,1.50,1.50
2010.11.16 14:16:02.759,0.96908,0.96949,2.10,1.50
2010.11.16 14:16:03.211,0.96918,0.9695,1.50,1.50
2010.11.16 14:16:04.711,0.96928,0.9696,1.50,1.90
2010.11.16 14:16:09.567,0.96918,0.9695,1.50,1.50
2010.11.16 14:16:16.710,0.96918,0.9695,1.70,1.50
2010.11.16 14:16:17.150,0.96922,0.96969,3.20,2.30
2010.11.16 14:16:19.680,0.96934,0.96977,2.40,1.40
2010.11.16 14:16:21.811,0.9693,0.96978,2.70,2.90
2010.11.16 14:16:22.281,0.96919,0.96967,2.70,1.40
2010.11.16 14:16:22.392,0.96912,0.96967,1.10,1.70
2010.11.16 14:16:24.660,0.96914,0.96962,1.20,2.90
2010.11.16 14:16:25.114,0.96909,0.9695,1.50,1.70
2010.11.16 14:16:25.332,0.96899,0.9694,1.50,1.50
2010.11.16 14:16:31.501,0.96899,0.96931,1.50,1.50
2010.11.16 14:16:31.610,0.96899,0.9694,1.50,1.50
2010.11.16 14:16:32.270,0.96899,0.9694,1.90,1.50
2010.11.16 14:16:33.732,0.96899,0.96937,1.90,1.40
2010.11.16 14:16:34.062,0.9689,0.96931,2.30,1.70
2010.11.16 14:16:34.170,0.96889,0.96921,2.70,1.50
2010.11.16 14:16:34.390,0.969,0.96932,1.50,1.50
2010.11.16 14:16:36.402,0.96899,0.96931,1.50,1.50
2010.11.16 14:16:36.919,0.96909,0.96941,1.50,1.50
2010.11.16 14:16:37.291,0.96909,0.9695,1.50,1.70
2010.11.16 14:16:39.265,0.96908,0.9694,1.70,1.50
2010.11.16 14:16:43.313,0.96899,0.9694,2.30,1.70
2010.11.16 14:16:45.960,0.96909,0.9695,1.50,1.70
2010.11.16 14:16:47.961,0.96909,0.96955,1.90,1.40
2010.11.16 14:16:50.193,0.9691,0.9695,1.90,1.70
2010.11.16 14:16:50.913,0.9691,0.9696,6.60,2.30
2010.11.16 14:16:51.350,0.9691,0.96961,2.50,3.30
2010.11.16 14:16:52.369,0.9691,0.9696,2.10,2.10
2010.11.16 14:16:52.590,0.96912,0.9696,1.20,2.10
2010.11.16 14:16:54.730,0.9691,0.96969,2.50,6.80
2010.11.16 14:16:55.749,0.9692,0.9696,1.50,1.50
2010.11.16 14:17:00.703,0.96919,0.96951,1.50,1.70
2010.11.16 14:17:01.109,0.96913,0.96962,1.70,2.90
2010.11.16 14:17:03.198,0.96929,0.96979,2.30,2.90
2010.11.16 14:17:07.542,0.96929,0.9697,1.90,2.10
2010.11.16 14:17:09.895,0.96919,0.9697,2.10,1.70
2010.11.16 14:17:11.501,0.96932,0.96979,1.70,1.50
2010.11.16 14:17:11.940,0.96929,0.96979,2.10,4.50
2010.11.16 14:17:15.499,0.96929,0.9697,1.50,1.70
2010.11.16 14:17:18.192,0.96929,0.9697,1.50,1.90
2010.11.16 14:17:21.124,0.96929,0.9697,1.50,2.50
2010.11.16 14:17:21.540,0.9692,0.9696,1.90,1.50
2010.11.16 14:17:22.642,0.9691,0.96951,1.50,2.90
2010.11.16 14:17:25.091,0.9691,0.96951,1.50,2.90
2010.11.16 14:17:25.490,0.96909,0.96941,1.50,1.50
2010.11.16 14:17:26.460,0.9691,0.96951,1.50,1.50
2010.11.16 14:17:30.023,0.9691,0.96951,2.10,1.50
2010.11.16 14:17:30.284,0.9692,0.96952,1.50,1.90
2010.11.16 14:17:31.146,0.96911,0.96951,1.50,1.70
2010.11.16 14:17:31.252,0.96909,0.96941,1.50,1.50
2010.11.16 14:17:32.382,0.9692,0.96957,1.50,2.00
2010.11.16 14:17:33.045,0.9692,0.96971,4.70,4.40
2010.11.16 14:17:33.153,0.9692,0.96961,4.70,1.50
2010.11.16 14:17:33.481,0.9693,0.96971,1.50,2.10
2010.11.16 14:17:34.002,0.96921,0.96966,2.30,1.40
2010.11.16 14:17:34.110,0.96921,0.96956,1.50,1.40
2010.11.16 14:17:34.491,0.96911,0.96961,4.60,1.70
2010.11.16 14:17:34.601,0.96913,0.96962,3.10,1.70
2010.11.16 14:17:34.821,0.96911,0.96962,1.70,2.10
2010.11.16 14:17:35.181,0.96911,0.9696,1.70,2.60
2010.11.16 14:17:35.293,0.96911,0.96952,1.70,1.50
2010.11.16 14:17:35.401,0.96911,0.96961,1.70,2.10
2010.11.16 14:17:35.629,0.96911,0.96952,2.50,1.50
2010.11.16 14:17:36.116,0.96913,0.96961,2.60,2.10
2010.11.16 14:17:36.666,0.96911,0.96961,1.50,2.90
2010.11.16 14:17:36.772,0.96901,0.96942,1.50,2.50
2010.11.16 14:17:37.160,0.96892,0.96933,1.50,1.90
2010.11.16 14:17:37.872,0.96882,0.96933,1.70,1.70
2010.11.16 14:17:38.804,0.96902,0.96943,1.50,1.90
2010.11.16 14:17:39.131,0.96892,0.96943,1.70,4.70
2010.11.16 14:17:40.081,0.96892,0.96933,1.50,2.50
2010.11.16 14:17:40.739,0.96883,0.96933,1.70,1.70
2010.11.16 14:17:40.845,0.96892,0.96932,1.50,2.40
2010.11.16 14:17:41.061,0.96883,0.96923,1.70,1.50
2010.11.16 14:17:41.170,0.96892,0.96924,1.50,1.50
2010.11.16 14:17:41.280,0.96876,0.96923,2.90,1.70
2010.11.16 14:17:43.539,0.96883,0.9693,1.90,1.40
2010.11.16 14:17:44.723,0.96879,0.96918,2.70,1.40
2010.11.16 14:17:44.882,0.96872,0.96904,1.50,1.50
2010.11.16 14:17:45.102,0.96873,0.96913,1.50,1.50
2010.11.16 14:17:45.484,0.96864,0.96913,3.10,4.70
2010.11.16 14:17:46.656,0.96883,0.96923,2.10,1.50
2010.11.16 14:17:48.263,0.96892,0.9693,1.50,1.20
2010.11.16 14:17:48.372,0.96892,0.96933,1.50,1.50
2010.11.16 14:17:48.481,0.96885,0.96932,2.70,1.50
2010.11.16 14:17:48.837,0.96884,0.96933,6.80,1.90
2010.11.16 14:17:49.170,0.96882,0.96923,2.70,1.50
2010.11.16 14:17:49.774,0.96892,0.96924,1.50,1.50
2010.11.16 14:17:49.992,0.96882,0.96923,2.90,1.50
2010.11.16 14:17:50.100,0.96892,0.96924,1.50,1.50
2010.11.16 14:17:51.070,0.96892,0.96933,2.50,1.50
2010.11.16 14:17:51.648,0.96902,0.96934,1.50,1.50
2010.11.16 14:17:52.379,0.96902,0.96942,1.50,1.90
2010.11.16 14:17:54.409,0.96901,0.96933,2.30,1.50
2010.11.16 14:17:56.330,0.96895,0.96927,1.50,1.50
2010.11.16 14:17:56.864,0.96901,0.96933,1.50,1.50
2010.11.16 14:17:56.976,0.96892,0.96933,2.20,1.70
2010.11.16 14:17:59.050,0.96883,0.96923,2.50,1.50
2010.11.16 14:17:59.899,0.96873,0.96923,2.10,6.60
2010.11.16 14:18:01.503,0.96883,0.96923,1.70,1.50
2010.11.16 14:18:01.831,0.96882,0.96914,1.50,1.50
2010.11.16 14:18:02.316,0.96883,0.96923,1.70,1.50
2010.11.16 14:18:03.132,0.96883,0.96933,2.90,2.90
2010.11.16 14:18:03.337,0.96883,0.96933,2.50,2.90
2010.11.16 14:18:05.393,0.96876,0.96924,2.80,2.10
2010.11.16 14:18:06.484,0.96883,0.96933,2.10,2.50
2010.11.16 14:18:06.591,0.96883,0.96924,2.10,1.50
2010.11.16 14:18:06.811,0.96876,0.96924,3.50,2.10
2010.11.16 14:18:08.259,0.96867,0.96914,3.20,2.50
2010.11.16 14:18:08.371,0.96853,0.96885,1.50,1.50
2010.11.16 14:18:09.138,0.96854,0.96895,1.50,1.50
2010.11.16 14:18:10.553,0.96854,0.96895,1.50,2.10
2010.11.16 14:18:11.224,0.96854,0.96895,1.50,1.70
2010.11.16 14:18:11.439,0.96854,0.96895,2.50,1.50
2010.11.16 14:18:11.662,0.96864,0.96905,1.70,2.10
2010.11.16 14:18:11.771,0.96863,0.96895,1.70,1.70
2010.11.16 14:18:12.166,0.96847,0.96892,1.20,1.40
2010.11.16 14:18:12.491,0.96845,0.96877,1.50,1.50
2010.11.16 14:18:14.500,0.9684,0.96872,1.50,1.50
2010.11.16 14:18:15.088,0.9684,0.96884,2.60,2.00
2010.11.16 14:18:15.201,0.96844,0.96879,2.40,1.40
2010.11.16 14:18:15.789,0.96835,0.96876,1.90,1.50
2010.11.16 14:18:17.021,0.96835,0.96867,1.90,1.50
2010.11.16 14:18:17.504,0.96835,0.96876,1.50,1.90
2010.11.16 14:18:18.413,0.96834,0.96866,1.90,1.50
2010.11.16 14:18:19.661,0.96834,0.96866,1.50,1.50
2010.11.16 14:18:20.101,0.96835,0.96876,1.50,2.10
2010.11.16 14:18:20.891,0.96834,0.96866,1.50,1.50
2010.11.16 14:18:21.000,0.96835,0.96876,1.50,1.90
2010.11.16 14:18:23.166,0.96835,0.96876,1.50,1.50
2010.11.16 14:18:23.501,0.96844,0.96876,1.50,1.50
2010.11.16 14:18:25.471,0.96844,0.96876,1.50,2.50
2010.11.16 14:18:25.826,0.96826,0.96858,2.30,1.70
2010.11.16 14:18:25.932,0.96826,0.96858,1.50,1.50
2010.11.16 14:18:29.720,0.96825,0.96857,1.50,1.50
2010.11.16 14:18:29.832,0.96813,0.96857,1.70,1.50
2010.11.16 14:18:30.267,0.96826,0.96858,1.50,1.90
2010.11.16 14:18:30.492,0.96807,0.96848,1.90,1.50
2010.11.16 14:18:30.821,0.96807,0.96857,2.10,2.10
2010.11.16 14:18:31.211,0.96817,0.96857,1.50,2.30
2010.11.16 14:18:31.429,0.96817,0.96857,1.50,2.30
2010.11.16 14:18:32.043,0.96826,0.96858,1.50,2.50
2010.11.16 14:18:32.152,0.96817,0.96857,1.50,4.70
2010.11.16 14:18:35.991,0.96808,0.96857,1.40,2.30
2010.11.16 14:18:37.971,0.96803,0.96838,2.70,1.90
2010.11.16 14:18:40.850,0.96798,0.96848,1.40,2.30
2010.11.16 14:18:41.532,0.96807,0.96855,2.30,2.90
2010.11.16 14:18:43.755,0.96807,0.96848,1.90,1.40
2010.11.16 14:18:43.863,0.96797,0.96847,2.20,2.50
2010.11.16 14:18:44.631,0.96797,0.96847,1.90,12.50
2010.11.16 14:18:44.742,0.96826,0.96858,1.50,2.30
2010.11.16 14:18:44.961,0.96815,0.96847,1.50,1.50
2010.11.16 14:18:45.342,0.96825,0.96857,1.50,1.50
2010.11.16 14:18:46.135,0.96816,0.96857,1.70,1.90
2010.11.16 14:18:46.244,0.96816,0.96854,1.50,2.70
2010.11.16 14:18:47.682,0.96807,0.96839,1.50,1.50
2010.11.16 14:18:48.114,0.96797,0.96838,2.10,2.10
2010.11.16 14:18:50.024,0.96797,0.96838,1.90,2.90
2010.11.16 14:18:51.282,0.96787,0.96819,1.50,1.50
2010.11.16 14:18:51.390,0.96787,0.96828,1.50,1.90
2010.11.16 14:18:51.502,0.96789,0.96828,1.40,1.50
2010.11.16 14:18:51.722,0.96816,0.96848,1.50,1.50
2010.11.16 14:18:51.832,0.96797,0.96838,1.50,1.70
2010.11.16 14:18:51.943,0.96806,0.96846,1.50,1.40
2010.11.16 14:18:52.292,0.96797,0.96847,2.10,1.70
2010.11.16 14:18:52.847,0.96806,0.96844,1.50,1.70
2010.11.16 14:18:53.353,0.96806,0.96847,1.70,1.50
2010.11.16 14:18:54.443,0.96806,0.96838,1.50,1.50
2010.11.16 14:18:55.752,0.96797,0.96847,2.10,2.10
2010.11.16 14:18:55.862,0.96797,0.96842,1.50,2.90
2010.11.16 14:18:56.677,0.96805,0.96837,1.50,1.50
2010.11.16 14:18:57.230,0.96806,0.96847,1.50,1.50
2010.11.16 14:18:59.611,0.96806,0.96847,2.10,1.90
2010.11.16 14:19:00.162,0.96805,0.96837,1.50,1.50
2010.11.16 14:19:00.381,0.96806,0.96846,1.50,2.50
2010.11.16 14:19:00.490,0.96797,0.96846,3.30,2.50
2010.11.16 14:19:00.844,0.96793,0.96846,3.10,4.70
2010.11.16 14:19:01.545,0.96806,0.96846,1.50,2.30
2010.11.16 14:19:01.654,0.96797,0.96856,6.80,2.50
2010.11.16 14:19:03.551,0.96806,0.96838,1.50,1.50
2010.11.16 14:19:04.002,0.96787,0.96837,2.40,2.30
2010.11.16 14:19:05.201,0.96796,0.96837,1.50,4.70
2010.11.16 14:19:05.556,0.96805,0.96837,1.70,1.50
2010.11.16 14:19:05.661,0.96806,0.96847,1.50,1.90
2010.11.16 14:19:06.275,0.96796,0.96846,1.90,4.70
2010.11.16 14:19:07.885,0.968,0.96837,2.60,1.50
2010.11.16 14:19:07.992,0.96806,0.96847,1.70,1.90
2010.11.16 14:19:08.981,0.96796,0.96837,2.50,1.50
2010.11.16 14:19:09.444,0.96806,0.96846,1.50,1.90
2010.11.16 14:19:09.771,0.96797,0.96846,1.40,2.10
2010.11.16 14:19:10.371,0.96799,0.96846,1.70,1.90
2010.11.16 14:19:10.483,0.96806,0.96852,2.10,1.20
2010.11.16 14:19:10.703,0.96804,0.96828,2.60,1.50
2010.11.16 14:19:10.810,0.96796,0.96828,1.50,1.50
2010.11.16 14:19:16.345,0.96797,0.96837,1.70,1.90
2010.11.16 14:19:17.000,0.96806,0.96847,2.50,1.90
2010.11.16 14:19:22.939,0.96806,0.96857,2.90,2.10
2010.11.16 14:19:25.300,0.96816,0.96863,2.50,1.40
2010.11.16 14:19:25.409,0.96816,0.96863,1.70,2.90
2010.11.16 14:19:27.608,0.96806,0.96857,2.90,2.50
2010.11.16 14:19:31.400,0.9681,0.96857,1.40,2.10
2010.11.16 14:19:32.242,0.96816,0.96849,1.50,1.40
2010.11.16 14:19:36.470,0.96806,0.96838,1.90,1.50
2010.11.16 14:19:37.363,0.96806,0.96838,4.60,1.50
2010.11.16 14:19:38.572,0.96797,0.96829,1.50,1.50
2010.11.16 14:19:39.276,0.96806,0.96846,2.50,3.10
2010.11.16 14:19:39.391,0.96806,0.96846,1.70,1.50
2010.11.16 14:19:39.823,0.96806,0.96856,1.70,1.70
2010.11.16 14:19:41.450,0.96806,0.96857,1.70,1.10
2010.11.16 14:19:41.990,0.96796,0.96837,1.70,1.50
2010.11.16 14:19:44.946,0.96796,0.96837,2.10,1.50
2010.11.16 14:19:45.404,0.96806,0.96852,2.30,1.40
2010.11.16 14:19:45.536,0.96806,0.96856,2.50,2.90
2010.11.16 14:19:47.530,0.96796,0.96847,2.50,2.50
2010.11.16 14:19:48.097,0.96796,0.96837,1.50,1.50
2010.11.16 14:19:49.960,0.96796,0.96837,1.70,1.50
2010.11.16 14:19:52.042,0.96806,0.96838,1.50,1.50
2010.11.16 14:19:53.659,0.96796,0.96837,2.50,1.50
2010.11.16 14:19:54.823,0.96787,0.96837,3.20,2.30
2010.11.16 14:19:57.385,0.96796,0.96837,1.90,1.90
2010.11.16 14:19:59.438,0.96796,0.96847,2.90,5.70
2010.11.16 14:19:59.990,0.96787,0.96828,1.50,1.90
2010.11.16 14:20:00.443,0.96777,0.96828,2.90,2.70
2010.11.16 14:20:02.502,0.96777,0.96827,2.70,1.40
2010.11.16 14:20:02.985,0.96778,0.96827,1.90,1.70
2010.11.16 14:20:03.786,0.96778,0.96819,1.50,2.50
2010.11.16 14:20:04.630,0.96768,0.96819,2.50,2.10
2010.11.16 14:20:05.420,0.96768,0.96817,2.30,1.40
2010.11.16 14:20:06.106,0.96768,0.96809,1.90,2.10
2010.11.16 14:20:06.323,0.96768,0.96819,2.50,2.50
2010.11.16 14:20:07.531,0.96777,0.96809,1.90,1.50
2010.11.16 14:20:07.860,0.96778,0.96819,1.50,1.70
2010.11.16 14:20:08.320,0.96788,0.9682,1.50,1.50
2010.11.16 14:20:09.093,0.96777,0.96809,1.50,1.50
2010.11.16 14:20:09.421,0.96769,0.96801,2.30,1.50
2010.11.16 14:20:09.994,0.96778,0.9681,1.50,2.30
2010.11.16 14:20:10.102,0.96772,0.96819,1.40,2.10
2010.11.16 14:20:11.360,0.96772,0.96826,2.00,1.40
2010.11.16 14:20:13.034,0.96788,0.96829,1.50,1.90
2010.11.16 14:20:13.361,0.96788,0.96829,1.50,2.10
2010.11.16 14:20:13.581,0.96779,0.96828,1.20,2.00
2010.11.16 14:20:15.482,0.96778,0.96819,1.90,2.90
2010.11.16 14:20:15.842,0.96778,0.96819,1.90,1.50
2010.11.16 14:20:17.886,0.96778,0.96819,1.90,1.90
2010.11.16 14:20:18.226,0.96769,0.96819,2.30,2.50
2010.11.16 14:20:19.031,0.96776,0.96809,2.00,1.50
2010.11.16 14:20:19.351,0.96788,0.9682,1.50,1.50
2010.11.16 14:20:19.501,0.96778,0.9681,1.50,1.50
2010.11.16 14:20:19.721,0.96768,0.96809,1.90,1.50
2010.11.16 14:20:22.211,0.96771,0.96809,2.70,2.10
2010.11.16 14:20:22.683,0.96778,0.96819,1.90,1.90
2010.11.16 14:20:22.902,0.96788,0.96829,1.50,2.10
2010.11.16 14:20:23.557,0.96788,0.96829,1.50,2.50
2010.11.16 14:20:23.891,0.96787,0.96819,1.90,1.50
2010.11.16 14:20:24.110,0.96788,0.96829,1.90,1.90
2010.11.16 14:20:24.694,0.96787,0.96819,1.50,1.50
2010.11.16 14:20:25.462,0.96788,0.96828,1.50,2.10
2010.11.16 14:20:27.382,0.96779,0.96828,2.10,2.50
2010.11.16 14:20:27.711,0.96781,0.96818,3.10,1.50
2010.11.16 14:20:28.065,0.96776,0.96808,1.50,1.50
2010.11.16 14:20:28.281,0.96768,0.96808,1.90,1.70
2010.11.16 14:20:28.785,0.96762,0.96808,1.20,2.50
2010.11.16 14:20:29.560,0.96758,0.96808,2.40,2.50
2010.11.16 14:20:30.034,0.96767,0.96808,1.50,2.50
2010.11.16 14:20:30.141,0.96758,0.96808,2.40,2.50
2010.11.16 14:20:30.361,0.96764,0.96808,2.40,2.50
2010.11.16 14:20:30.819,0.96761,0.96798,2.40,1.70
2010.11.16 14:20:30.953,0.96775,0.96807,1.50,2.30
2010.11.16 14:20:31.061,0.96777,0.96809,1.50,1.50
2010.11.16 14:20:31.535,0.96785,0.96817,1.50,1.90
2010.11.16 14:20:31.751,0.96777,0.96828,1.70,1.50
2010.11.16 14:20:31.860,0.96778,0.96828,2.40,2.50
2010.11.16 14:20:32.140,0.9677,0.96836,2.60,1.40
2010.11.16 14:20:32.470,0.96777,0.96828,1.50,1.70
2010.11.16 14:20:33.545,0.96787,0.96828,1.50,2.50
2010.11.16 14:20:33.651,0.96768,0.96818,2.20,1.50
2010.11.16 14:20:35.492,0.96776,0.96808,1.50,1.50
2010.11.16 14:20:36.551,0.96767,0.96789,2.90,1.50
2010.11.16 14:20:36.885,0.96757,0.96789,1.50,1.50
2010.11.16 14:20:37.228,0.96757,0.96789,2.50,1.50
2010.11.16 14:20:37.367,0.96768,0.96808,1.70,1.60
2010.11.16 14:20:40.572,0.96748,0.96796,1.90,1.70
2010.11.16 14:20:42.481,0.96738,0.96779,5.00,1.50
2010.11.16 14:20:42.812,0.96748,0.96789,1.50,2.30
2010.11.16 14:20:43.144,0.96758,0.96793,1.50,1.20
2010.11.16 14:20:43.252,0.96758,0.96799,1.50,1.50
2010.11.16 14:20:45.578,0.96748,0.96789,1.50,1.50
2010.11.16 14:20:46.812,0.96748,0.96799,1.70,1.70
2010.11.16 14:20:48.241,0.96757,0.96789,1.50,1.50
2010.11.16 14:20:48.571,0.96758,0.96799,1.50,1.90
2010.11.16 14:20:50.173,0.96758,0.96799,1.50,2.90
2010.11.16 14:20:51.603,0.96758,0.96799,1.70,1.70
2010.11.16 14:20:52.411,0.96767,0.96799,1.50,1.70
2010.11.16 14:20:52.792,0.96758,0.96799,1.50,1.70
2010.11.16 14:20:54.990,0.96767,0.96799,1.50,1.50
2010.11.16 14:20:57.161,0.96767,0.96799,1.50,2.90
2010.11.16 14:20:57.381,0.96758,0.9679,1.50,1.50
2010.11.16 14:21:00.168,0.96758,0.96799,1.50,2.10
2010.11.16 14:21:00.872,0.96749,0.96789,1.50,1.50
2010.11.16 14:21:03.290,0.96749,0.96789,1.50,2.50
2010.11.16 14:21:04.040,0.96739,0.9678,2.30,1.70
2010.11.16 14:21:05.701,0.96739,0.9678,1.90,1.70
2010.11.16 14:21:07.968,0.96739,0.96771,1.50,1.50
2010.11.16 14:21:08.082,0.9673,0.9677,1.20,1.50
2010.11.16 14:21:12.587,0.96729,0.9677,2.90,1.50
2010.11.16 14:21:19.051,0.96729,0.9677,2.10,1.90
2010.11.16 14:21:21.211,0.96739,0.96779,2.70,1.50
2010.11.16 14:21:21.594,0.96738,0.9677,1.50,1.50
2010.11.16 14:21:22.826,0.96739,0.96779,1.50,1.50
2010.11.16 14:21:24.837,0.96738,0.9677,2.30,1.50
2010.11.16 14:21:25.284,0.96739,0.96779,1.50,2.30
2010.11.16 14:21:25.910,0.96748,0.9678,1.70,1.50
2010.11.16 14:21:26.130,0.96748,0.96798,2.50,2.10
2010.11.16 14:21:26.570,0.96748,0.96794,1.50,1.70
2010.11.16 14:21:26.975,0.96748,0.9678,1.50,1.50
2010.11.16 14:21:28.101,0.96738,0.96779,2.10,1.70
2010.11.16 14:21:29.791,0.96738,0.9677,1.50,2.50
2010.11.16 14:21:30.108,0.96728,0.9676,1.50,1.50
2010.11.16 14:21:30.804,0.96729,0.9677,1.90,2.10
2010.11.16 14:21:32.810,0.9673,0.96779,1.70,1.90
2010.11.16 14:21:33.602,0.96738,0.9677,1.50,1.50
2010.11.16 14:21:35.950,0.96739,0.96779,1.50,1.90
2010.11.16 14:21:38.434,0.96749,0.96786,1.50,1.20
2010.11.16 14:21:38.554,0.96749,0.96789,1.50,1.50
2010.11.16 14:21:40.655,0.96758,0.9679,1.50,1.70
2010.11.16 14:21:41.072,0.96749,0.96781,1.50,1.50
2010.11.16 14:21:43.720,0.96739,0.9678,1.90,1.50
2010.11.16 14:21:44.305,0.96739,0.96789,2.50,2.50
2010.11.16 14:21:44.418,0.96739,0.9678,2.10,1.50
2010.11.16 14:21:45.661,0.9673,0.9678,1.70,2.90
2010.11.16 14:21:48.923,0.9673,0.9677,2.10,1.50
2010.11.16 14:21:50.843,0.96748,0.9678,1.50,1.90
2010.11.16 14:21:52.829,0.96739,0.96771,1.50,1.50
2010.11.16 14:21:53.360,0.96739,0.9678,1.70,1.90
2010.11.16 14:21:55.444,0.9673,0.96777,2.30,1.70
2010.11.16 14:22:00.270,0.9673,0.9677,1.90,1.50
2010.11.16 14:22:00.962,0.96739,0.96771,1.50,1.50
2010.11.16 14:22:01.402,0.96725,0.96757,1.50,1.50
2010.11.16 14:22:04.190,0.9672,0.96761,1.50,2.30
2010.11.16 14:22:05.111,0.96711,0.96761,1.90,2.90
2010.11.16 14:22:05.441,0.96711,0.96751,2.30,1.50
2010.11.16 14:22:05.912,0.9672,0.96761,1.90,1.50
2010.11.16 14:22:06.132,0.96711,0.96761,4.70,2.10
2010.11.16 14:22:08.388,0.96711,0.96751,1.90,1.50
2010.11.16 14:22:09.278,0.96711,0.96757,4.70,2.60
2010.11.16 14:22:09.398,0.96702,0.96751,2.90,2.10
2010.11.16 14:22:09.621,0.96701,0.96742,2.10,1.50
2010.11.16 14:22:11.804,0.96701,0.96742,2.10,1.50
2010.11.16 14:22:15.252,0.96701,0.96751,4.70,2.30
2010.11.16 14:22:15.580,0.9672,0.96761,1.50,2.70
2010.11.16 14:22:17.157,0.96713,0.9677,2.00,2.20
2010.11.16 14:22:17.771,0.96729,0.96761,1.50,1.50
2010.11.16 14:22:19.650,0.9672,0.96761,1.70,1.50
2010.11.16 14:22:20.101,0.96729,0.96761,1.50,1.50
2010.11.16 14:22:21.212,0.96719,0.96751,1.50,1.50
2010.11.16 14:22:21.431,0.96711,0.96758,1.70,1.40
2010.11.16 14:22:21.872,0.96711,0.96761,2.10,2.10
2010.11.16 14:22:21.981,0.9672,0.96761,1.40,1.50
2010.11.16 14:22:23.544,0.96719,0.96751,1.50,1.50
2010.11.16 14:22:25.553,0.967,0.96741,1.50,2.10
2010.11.16 14:22:27.583,0.96691,0.96731,1.70,1.50
2010.11.16 14:22:27.943,0.967,0.96741,1.70,1.50
2010.11.16 14:22:29.283,0.9671,0.96751,1.90,2.10
2010.11.16 14:22:31.721,0.96721,0.96751,2.90,1.50
2010.11.16 14:22:31.832,0.96728,0.9676,1.50,1.50
2010.11.16 14:22:32.050,0.9672,0.9676,1.70,1.50
2010.11.16 14:22:32.362,0.96739,0.96767,1.50,1.40
2010.11.16 14:22:32.473,0.96739,0.96771,1.50,1.50
2010.11.16 14:22:34.520,0.96739,0.96771,1.50,1.50
2010.11.16 14:22:34.910,0.9672,0.9677,2.90,2.50
2010.11.16 14:22:35.021,0.96729,0.9677,2.10,1.90
2010.11.16 14:22:35.692,0.96722,0.96767,1.20,1.40
2010.11.16 14:22:36.345,0.96722,0.9677,1.40,2.10
2010.11.16 14:22:36.457,0.9672,0.96775,10.60,1.40
2010.11.16 14:22:36.903,0.96719,0.96768,1.70,1.20
2010.11.16 14:22:42.372,0.96719,0.9676,1.50,1.50
2010.11.16 14:22:44.826,0.96722,0.9676,2.40,1.50
2010.11.16 14:22:46.722,0.96718,0.9675,2.90,1.50
2010.11.16 14:22:46.836,0.96727,0.96759,1.50,1.50
2010.11.16 14:22:49.205,0.96729,0.96769,1.70,1.90
2010.11.16 14:22:49.530,0.96738,0.96779,1.50,6.60
2010.11.16 14:22:51.666,0.9673,0.96776,2.80,2.10
2010.11.16 14:22:52.054,0.96741,0.96779,2.40,1.90
2010.11.16 14:22:52.161,0.96741,0.96779,2.40,1.50
2010.11.16 14:22:54.484,0.9673,0.9677,2.80,1.50
2010.11.16 14:22:56.362,0.96739,0.96779,2.40,1.90
2010.11.16 14:22:58.700,0.96738,0.9677,1.50,1.50
2010.11.16 14:22:59.283,0.96731,0.96768,2.40,1.40
2010.11.16 14:22:59.391,0.96716,0.9676,2.80,1.90
2010.11.16 14:23:01.654,0.96709,0.96759,2.70,2.90
2010.11.16 14:23:01.870,0.96721,0.9676,2.40,1.50
2010.11.16 14:23:01.981,0.96721,0.96759,2.40,1.40
2010.11.16 14:23:02.201,0.96709,0.96759,2.70,3.80
2010.11.16 14:23:04.350,0.96707,0.96755,2.40,2.90
2010.11.16 14:23:06.323,0.96719,0.96751,1.50,1.50
2010.11.16 14:23:08.654,0.96719,0.9676,1.50,2.30
2010.11.16 14:23:09.083,0.9671,0.9676,3.90,2.50
2010.11.16 14:23:09.412,0.9671,0.9676,4.90,2.50
2010.11.16 14:23:11.033,0.96705,0.96751,2.60,1.90
2010.11.16 14:23:11.177,0.96705,0.96748,2.60,1.20
2010.11.16 14:23:11.292,0.96697,0.96741,2.40,2.50
2010.11.16 14:23:13.091,0.96697,0.96741,2.40,4.70
2010.11.16 14:23:14.531,0.96701,0.96751,2.90,2.10
2010.11.16 14:23:17.200,0.96701,0.96741,2.40,1.50
2010.11.16 14:23:19.261,0.96706,0.96741,2.40,1.50
2010.11.16 14:23:21.271,0.96706,0.96748,2.40,1.20
2010.11.16 14:23:24.012,0.96702,0.96741,1.10,1.50
2010.11.16 14:23:25.702,0.96716,0.96761,3.30,1.50
2010.11.16 14:23:26.037,0.96719,0.96751,1.90,1.50
2010.11.16 14:23:26.395,0.9672,0.96761,1.70,1.50
2010.11.16 14:23:27.341,0.9671,0.96751,2.30,1.50
2010.11.16 14:23:27.671,0.96714,0.96761,2.40,2.10
2010.11.16 14:23:29.902,0.96701,0.96742,1.50,1.90
2010.11.16 14:23:31.746,0.96711,0.96751,1.50,2.30
2010.11.16 14:23:33.921,0.96716,0.96761,2.90,2.30
2010.11.16 14:23:34.031,0.9672,0.96761,1.50,1.90
2010.11.16 14:23:35.312,0.9673,0.96762,1.50,1.50
2010.11.16 14:23:36.502,0.96719,0.96751,1.50,1.50
2010.11.16 14:23:36.722,0.9672,0.96761,2.10,1.50
2010.11.16 14:23:38.180,0.9672,0.96761,2.10,1.50
2010.11.16 14:23:43.313,0.9673,0.96771,1.50,1.70
2010.11.16 14:23:43.753,0.96727,0.96752,2.70,1.50
2010.11.16 14:23:43.862,0.9672,0.96752,1.50,1.50
2010.11.16 14:23:44.630,0.96721,0.96761,1.70,1.90
2010.11.16 14:23:45.265,0.9673,0.96762,1.50,1.90
2010.11.16 14:23:45.591,0.96721,0.96753,1.70,1.50
2010.11.16 14:23:46.245,0.96721,0.96753,1.50,2.90
2010.11.16 14:23:46.460,0.9671,0.96742,1.90,1.50
2010.11.16 14:23:48.951,0.96711,0.96743,1.50,1.90
2010.11.16 14:23:49.061,0.96703,0.96742,2.70,1.90
2010.11.16 14:23:49.677,0.96701,0.96733,4.10,1.50
2010.11.16 14:23:50.361,0.96692,0.96733,1.90,1.70
2010.11.16 14:23:50.911,0.96702,0.96734,1.50,1.50
2010.11.16 14:23:51.462,0.96702,0.96742,1.50,1.90
2010.11.16 14:23:52.342,0.967,0.96732,1.50,1.50
2010.11.16 14:23:53.022,0.96711,0.96743,1.50,1.50
2010.11.16 14:23:54.310,0.96711,0.96752,1.50,2.50
2010.11.16 14:23:57.831,0.96704,0.96752,1.10,4.60
2010.11.16 14:24:00.422,0.96693,0.96742,1.10,2.30
2010.11.16 14:24:00.539,0.96705,0.96742,2.40,1.90
2010.11.16 14:24:00.651,0.96705,0.96752,2.70,5.70
2010.11.16 14:24:01.441,0.96711,0.96752,1.50,5.70
2010.11.16 14:24:03.655,0.96711,0.96752,1.70,1.50
2010.11.16 14:24:05.922,0.96711,0.96752,1.60,2.10
2010.11.16 14:24:06.504,0.96711,0.96743,1.50,1.50
2010.11.16 14:24:06.911,0.96721,0.96753,1.50,2.90
2010.11.16 14:24:07.240,0.96711,0.96743,1.50,1.50
2010.11.16 14:24:09.667,0.96711,0.96743,2.50,1.50
2010.11.16 14:24:10.001,0.96731,0.96763,1.50,2.30
2010.11.16 14:24:10.682,0.96712,0.96762,1.50,1.50
2010.11.16 14:24:11.287,0.96712,0.96762,1.50,1.80
2010.11.16 14:24:11.632,0.96712,0.96751,1.50,6.80
2010.11.16 14:24:11.859,0.96702,0.96751,1.50,6.80
2010.11.16 14:24:12.745,0.96711,0.96752,1.50,2.30
2010.11.16 14:24:13.202,0.96703,0.96752,2.40,2.30
2010.11.16 14:24:13.532,0.96712,0.96758,1.70,3.10
2010.11.16 14:24:13.641,0.96712,0.96762,1.70,2.20
2010.11.16 14:24:15.162,0.96716,0.96762,3.30,1.90
2010.11.16 14:24:16.211,0.96721,0.96762,2.90,1.50
2010.11.16 14:24:16.434,0.96731,0.96772,1.50,1.90
2010.11.16 14:24:16.773,0.96716,0.96762,2.40,1.90
2010.11.16 14:24:19.223,0.96712,0.96762,1.90,2.90
2010.11.16 14:24:20.610,0.96712,0.96762,2.10,2.50
2010.11.16 14:24:20.943,0.96712,0.96758,1.50,1.40
2010.11.16 14:24:22.681,0.96712,0.96762,3.10,2.50
2010.11.16 14:24:23.121,0.96713,0.96771,6.80,12.20
2010.11.16 14:24:24.371,0.96711,0.9676,2.50,2.90
2010.11.16 14:24:25.025,0.96711,0.96752,2.50,1.50
2010.11.16 14:24:25.604,0.96721,0.96771,2.50,2.10
2010.11.16 14:24:30.116,0.96721,0.96771,2.10,4.40
2010.11.16 14:24:30.634,0.96713,0.96752,2.00,1.50
2010.11.16 14:24:33.387,0.96716,0.96767,1.70,1.40
2010.11.16 14:24:34.858,0.96721,0.96771,2.10,2.10
2010.11.16 14:24:35.710,0.96721,0.96771,1.70,4.70
2010.11.16 14:24:35.820,0.96715,0.96762,2.90,2.10
2010.11.16 14:24:38.065,0.96721,0.96762,1.50,2.50
2010.11.16 14:24:38.611,0.96725,0.96757,1.50,1.90
2010.11.16 14:24:38.723,0.9673,0.96771,1.50,1.50
2010.11.16 14:24:40.742,0.9674,0.96781,1.50,2.00
2010.11.16 14:24:42.992,0.9673,0.96771,1.70,1.50
2010.11.16 14:24:45.781,0.9673,0.96771,1.50,1.70
2010.11.16 14:24:46.221,0.96724,0.96777,1.40,3.60
2010.11.16 14:24:46.565,0.96729,0.9678,1.40,3.30
2010.11.16 14:24:48.485,0.96721,0.96771,2.50,1.70
2010.11.16 14:24:48.814,0.96734,0.96781,2.90,1.50
2010.11.16 14:24:49.911,0.96722,0.96779,1.40,2.00
2010.11.16 14:24:50.135,0.96721,0.96771,1.90,2.90
2010.11.16 14:24:50.913,0.9672,0.96752,2.30,1.50
2010.11.16 14:24:52.605,0.96739,0.96771,1.50,2.10
2010.11.16 14:24:52.822,0.96734,0.9678,1.70,3.10
2010.11.16 14:24:53.252,0.9675,0.9679,1.50,4.70
2010.11.16 14:24:53.363,0.96742,0.9679,2.90,2.10
2010.11.16 14:24:55.461,0.9674,0.96787,2.10,1.40
2010.11.16 14:25:01.086,0.9674,0.96772,1.50,1.50
2010.11.16 14:25:01.302,0.9673,0.96771,2.10,1.50
2010.11.16 14:25:01.647,0.9673,0.96771,2.10,1.90
2010.11.16 14:25:02.012,0.96711,0.96761,13.10,2.10
2010.11.16 14:25:03.701,0.96721,0.96771,4.40,2.50
2010.11.16 14:25:04.035,0.96737,0.96771,2.90,1.90
2010.11.16 14:25:04.465,0.9674,0.96781,1.50,2.10
2010.11.16 14:25:05.887,0.96739,0.96771,1.50,1.50
2010.11.16 14:25:06.102,0.9673,0.96771,4.20,1.70
2010.11.16 14:25:06.320,0.96729,0.96761,1.90,1.50
2010.11.16 14:25:07.421,0.9673,0.96771,1.50,1.50
2010.11.16 14:25:08.241,0.96739,0.9678,1.40,2.70
2010.11.16 14:25:08.572,0.9674,0.96772,1.50,1.50
2010.11.16 14:25:09.811,0.9673,0.96762,1.50,1.50
2010.11.16 14:25:10.031,0.9673,0.96771,1.50,1.90
2010.11.16 14:25:10.252,0.9674,0.96772,1.50,1.50
2010.11.16 14:25:10.639,0.9673,0.96771,1.90,1.50
2010.11.16 14:25:13.019,0.96749,0.96778,1.50,1.10
2010.11.16 14:25:13.144,0.9674,0.96781,1.50,2.10
2010.11.16 14:25:13.253,0.96731,0.96771,1.20,1.50
2010.11.16 14:25:13.882,0.9673,0.96771,1.70,1.50
2010.11.16 14:25:16.521,0.96725,0.96778,4.10,1.70
2010.11.16 14:25:21.517,0.96721,0.96771,2.30,2.90
2010.11.16 14:25:23.204,0.96721,0.96761,1.90,2.50
2010.11.16 14:25:25.391,0.96721,0.96771,2.50,2.90
2010.11.16 14:25:27.393,0.96711,0.96759,2.30,1.40
2010.11.16 14:25:29.673,0.96712,0.96761,3.30,2.10
2010.11.16 14:25:32.148,0.96717,0.96761,1.40,2.30
2010.11.16 14:25:32.854,0.96731,0.96771,1.90,1.50
2010.11.16 14:25:33.181,0.96721,0.96771,10.60,2.10
2010.11.16 14:25:34.562,0.96721,0.96762,4.70,1.50
2010.11.16 14:25:36.550,0.96716,0.96762,1.70,2.10
2010.11.16 14:25:38.021,0.9672,0.96752,1.50,1.50
2010.11.16 14:25:38.878,0.96713,0.96752,2.70,1.50
2010.11.16 14:25:42.550,0.96713,0.96752,2.40,1.50
2010.11.16 14:25:43.202,0.9672,0.96752,1.50,1.50
2010.11.16 14:25:46.037,0.96721,0.96753,1.50,1.50
2010.11.16 14:25:51.737,0.96721,0.96753,1.50,1.70
2010.11.16 14:25:54.495,0.96721,0.96753,1.90,1.50
2010.11.16 14:25:55.698,0.9673,0.96762,1.50,1.50
2010.11.16 14:25:56.141,0.96721,0.96762,2.10,2.10
2010.11.16 14:25:57.216,0.9673,0.96762,1.90,1.50
2010.11.16 14:25:57.432,0.9674,0.96772,1.50,1.50
2010.11.16 14:25:57.650,0.9673,0.96771,2.50,1.50
2010.11.16 14:26:03.216,0.96731,0.96771,1.40,1.50
2010.11.16 14:26:04.102,0.9674,0.96781,2.10,1.70
2010.11.16 14:26:06.656,0.96733,0.9679,3.30,2.50
2010.11.16 14:26:09.333,0.9673,0.96775,1.50,2.90
2010.11.16 14:26:10.034,0.9674,0.96781,1.70,1.90
2010.11.16 14:26:10.492,0.96741,0.96781,1.40,2.30
2010.11.16 14:26:10.821,0.9674,0.96781,2.10,1.50
2010.11.16 14:26:11.288,0.96739,0.96771,1.90,1.50
2010.11.16 14:26:11.394,0.9674,0.96781,1.70,1.50
2010.11.16 14:26:12.031,0.96739,0.96771,1.50,1.50
2010.11.16 14:26:13.714,0.9674,0.96781,1.50,4.70
2010.11.16 14:26:15.852,0.9674,0.96772,1.50,1.50
2010.11.16 14:26:16.322,0.96729,0.96761,1.50,1.50
2010.11.16 14:26:18.021,0.96742,0.96761,1.40,1.50
2010.11.16 14:26:18.265,0.96749,0.96781,1.50,1.50
2010.11.16 14:26:18.377,0.96742,0.96788,1.40,1.10
2010.11.16 14:26:18.746,0.9674,0.9679,1.70,4.70
2010.11.16 14:26:22.003,0.9673,0.96781,4.70,4.50
2010.11.16 14:26:22.610,0.9673,0.96778,2.30,1.40
2010.11.16 14:26:23.104,0.96739,0.96771,1.50,1.50
2010.11.16 14:26:23.321,0.9673,0.96771,2.10,1.50
2010.11.16 14:26:23.651,0.9674,0.96781,1.70,1.90
2010.11.16 14:26:29.381,0.96731,0.96781,1.40,2.50
2010.11.16 14:26:31.656,0.96722,0.96771,1.40,2.90
2010.11.16 14:26:36.232,0.9673,0.96776,2.90,1.20
2010.11.16 14:26:40.563,0.9673,0.96771,4.40,1.90
2010.11.16 14:26:42.283,0.96755,0.96787,1.50,1.90
2010.11.16 14:26:42.984,0.9674,0.96772,1.70,1.50
2010.11.16 14:26:43.093,0.9674,0.9678,1.70,1.90
2010.11.16 14:26:44.019,0.96749,0.96781,1.70,1.50
2010.11.16 14:26:45.353,0.96739,0.96771,1.50,1.50
2010.11.16 14:26:46.320,0.96749,0.96781,1.50,2.90
2010.11.16 14:26:46.983,0.9674,0.96771,2.90,1.50
2010.11.16 14:26:47.200,0.96749,0.9679,1.50,2.50
2010.11.16 14:26:48.893,0.96749,0.96781,1.50,1.50
2010.11.16 14:26:50.311,0.96743,0.9678,3.10,1.50
2010.11.16 14:26:50.751,0.96749,0.9679,1.70,1.50
2010.11.16 14:26:52.461,0.9674,0.9678,2.10,1.50
2010.11.16 14:26:54.824,0.9674,0.9678,2.90,1.50
2010.11.16 14:26:56.722,0.96759,0.9679,1.50,2.60
2010.11.16 14:26:56.950,0.96749,0.96781,1.50,1.50
2010.11.16 14:26:57.420,0.9674,0.9678,2.10,1.70
2010.11.16 14:27:00.112,0.9674,0.9678,1.70,2.20
2010.11.16 14:27:00.332,0.96738,0.9677,1.50,1.50
2010.11.16 14:27:00.640,0.96739,0.9677,1.40,1.50
2010.11.16 14:27:00.759,0.96749,0.9679,1.70,2.30
2010.11.16 14:27:02.193,0.96758,0.9679,1.70,1.50
2010.11.16 14:27:02.302,0.96768,0.968,1.50,2.30
2010.11.16 14:27:03.095,0.96759,0.96791,1.50,1.50
2010.11.16 14:27:04.685,0.96751,0.9679,1.40,1.50
2010.11.16 14:27:04.793,0.96749,0.9679,1.50,1.50
2010.11.16 14:27:06.924,0.96749,0.9679,1.50,1.70
2010.11.16 14:27:07.401,0.96749,0.96781,1.50,1.50
2010.11.16 14:27:11.770,0.96748,0.9678,1.50,1.50
2010.11.16 14:27:13.622,0.9674,0.9678,2.10,1.70
2010.11.16 14:27:16.511,0.96748,0.9678,1.50,1.50
2010.11.16 14:27:22.871,0.96741,0.96773,1.50,1.50
2010.11.16 14:27:23.532,0.9674,0.9678,1.70,1.70
2010.11.16 14:27:24.234,0.96759,0.96787,1.50,2.30
2010.11.16 14:27:24.452,0.96749,0.96781,1.50,1.90
2010.11.16 14:27:24.891,0.96738,0.9677,1.50,1.50
2010.11.16 14:27:30.610,0.96738,0.9677,2.50,1.50
2010.11.16 14:27:30.723,0.96757,0.96789,1.50,1.70
2010.11.16 14:27:33.169,0.96757,0.96789,1.50,2.10
2010.11.16 14:27:33.500,0.96749,0.96781,1.50,1.50
2010.11.16 14:27:35.111,0.96749,0.96789,1.70,1.50
2010.11.16 14:27:37.302,0.9674,0.9678,2.50,1.70
2010.11.16 14:27:37.411,0.9674,0.9678,1.70,1.70
2010.11.16 14:27:37.632,0.96738,0.9677,1.50,1.50
2010.11.16 14:27:40.019,0.96732,0.96761,2.40,1.50
2010.11.16 14:27:40.231,0.96738,0.9677,1.50,1.50
2010.11.16 14:27:49.047,0.96744,0.96776,1.50,1.50
2010.11.16 14:27:50.351,0.96738,0.9677,1.50,1.50
2010.11.16 14:27:51.831,0.96739,0.9678,1.70,2.10
2010.11.16 14:27:53.659,0.96749,0.96789,1.70,1.90
2010.11.16 14:27:55.410,0.9675,0.96789,2.60,2.30
2010.11.16 14:27:55.643,0.9674,0.9678,2.70,1.70
2010.11.16 14:28:04.552,0.96749,0.96781,1.50,1.50
2010.11.16 14:28:08.241,0.9674,0.9678,2.40,1.70
2010.11.16 14:28:10.683,0.9674,0.9678,2.40,2.10
2010.11.16 14:28:10.905,0.96738,0.9677,1.90,1.50
2010.11.16 14:28:12.143,0.96729,0.96761,1.50,1.50
2010.11.16 14:28:13.786,0.96712,0.96751,3.10,1.50
2010.11.16 14:28:13.892,0.96711,0.96751,4.10,1.50
2010.11.16 14:28:15.603,0.9672,0.96752,1.50,1.50
2010.11.16 14:28:16.436,0.96721,0.96761,2.90,1.50
2010.11.16 14:28:16.763,0.9673,0.9677,1.40,1.50
2010.11.16 14:28:21.001,0.96735,0.9678,3.30,2.70
2010.11.16 14:28:25.672,0.96758,0.9679,1.50,1.80
2010.11.16 14:28:25.781,0.96758,0.9679,1.50,1.50
2010.11.16 14:28:29.146,0.96756,0.96788,1.50,1.50
2010.11.16 14:28:29.262,0.96754,0.9678,1.40,1.50
2010.11.16 14:28:29.481,0.96768,0.96798,1.50,2.40
2010.11.16 14:28:29.591,0.96754,0.96789,2.90,1.50
2010.11.16 14:28:30.133,0.96751,0.96783,1.50,1.50
2010.11.16 14:28:31.693,0.96739,0.9678,2.10,2.10
2010.11.16 14:28:35.591,0.96729,0.96761,1.70,1.50
2010.11.16 14:28:35.702,0.96739,0.96771,1.50,2.10
2010.11.16 14:28:35.921,0.96729,0.96761,1.50,1.50
2010.11.16 14:28:39.761,0.96739,0.96771,1.70,1.50
2010.11.16 14:28:39.870,0.96749,0.96781,1.50,2.50
2010.11.16 14:28:40.092,0.96743,0.96775,1.50,1.50
2010.11.16 14:28:40.422,0.96749,0.96781,1.50,1.50
2010.11.16 14:28:42.482,0.96743,0.96775,1.50,1.50
2010.11.16 14:28:42.783,0.96749,0.96781,1.50,1.50
2010.11.16 14:28:43.494,0.96739,0.96771,1.50,1.50
2010.11.16 14:28:49.846,0.96734,0.96766,1.50,1.50
2010.11.16 14:28:50.062,0.9673,0.96762,1.50,1.50
2010.11.16 14:28:51.562,0.96722,0.96767,1.20,1.40
2010.11.16 14:28:51.884,0.96726,0.96771,3.30,2.50
2010.11.16 14:28:52.009,0.96729,0.96778,1.40,2.00
2010.11.16 14:28:54.160,0.96721,0.96762,2.50,1.50
2010.11.16 14:28:54.287,0.9673,0.96771,3.90,1.90
2010.11.16 14:28:54.621,0.96737,0.96781,2.40,4.70
2010.11.16 14:28:57.291,0.9674,0.96781,1.50,2.10
2010.11.16 14:28:57.835,0.9673,0.9678,4.70,2.50
2010.11.16 14:28:59.542,0.96738,0.9677,1.90,1.50
2010.11.16 14:29:00.752,0.96739,0.9678,1.50,1.90
2010.11.16 14:29:01.692,0.96727,0.96759,1.50,1.50
2010.11.16 14:29:03.692,0.9673,0.96762,1.50,1.50
2010.11.16 14:29:04.131,0.96724,0.96756,1.50,1.50
2010.11.16 14:29:06.481,0.96724,0.96756,2.10,1.50
2010.11.16 14:29:10.035,0.9673,0.96769,1.50,1.10
2010.11.16 14:29:14.921,0.9673,0.9677,1.70,1.80
2010.11.16 14:29:16.540,0.9672,0.96761,2.10,1.70
2010.11.16 14:29:19.303,0.96719,0.96751,2.50,1.50
2010.11.16 14:29:19.522,0.96729,0.96761,1.50,1.50
2010.11.16 14:29:21.331,0.9673,0.9677,1.50,1.90
2010.11.16 14:29:23.131,0.9673,0.9677,1.50,1.50
2010.11.16 14:29:23.821,0.9673,0.9677,1.50,1.60
2010.11.16 14:29:24.162,0.96729,0.96761,1.50,1.50
2010.11.16 14:29:25.222,0.96738,0.9677,1.50,1.90
2010.11.16 14:29:27.207,0.96729,0.96761,1.50,2.50
2010.11.16 14:29:27.433,0.96695,0.96732,1.40,1.50
2010.11.16 14:29:28.051,0.96692,0.96732,1.90,1.70
2010.11.16 14:29:28.273,0.96692,0.96742,2.90,2.10
2010.11.16 14:29:30.381,0.96711,0.96751,1.50,2.10
2010.11.16 14:29:35.062,0.96711,0.96751,1.90,1.70
2010.11.16 14:29:35.927,0.9671,0.96742,1.50,1.50
2010.11.16 14:29:38.982,0.9671,0.96742,1.50,2.30
2010.11.16 14:29:39.446,0.96701,0.96742,1.50,2.10
2010.11.16 14:29:41.541,0.96701,0.96742,2.50,1.50
2010.11.16 14:29:41.650,0.96711,0.96743,1.50,1.50
2010.11.16 14:29:45.601,0.96711,0.96751,1.50,1.50
2010.11.16 14:29:47.467,0.96719,0.96751,1.50,1.50
2010.11.16 14:29:47.681,0.96711,0.96751,1.90,1.50
2010.11.16 14:29:49.219,0.96701,0.96741,4.60,1.70
2010.11.16 14:29:49.971,0.96691,0.96732,1.70,1.70
2010.11.16 14:29:50.977,0.967,0.96751,3.20,3.60
2010.11.16 14:29:52.231,0.9672,0.96752,1.50,1.90
2010.11.16 14:29:52.693,0.96711,0.96751,1.50,1.50
2010.11.16 14:29:52.911,0.96709,0.96741,1.50,1.50
2010.11.16 14:29:53.646,0.96709,0.96741,1.90,1.50
2010.11.16 14:29:54.190,0.96711,0.96751,2.50,1.50
2010.11.16 14:29:57.557,0.96724,0.96756,1.50,1.50
2010.11.16 14:29:57.910,0.96724,0.96756,1.50,2.50
2010.11.16 14:29:58.029,0.9671,0.96751,2.10,1.70
2010.11.16 14:29:58.471,0.96709,0.96741,2.30,1.50
2010.11.16 14:30:01.052,0.96705,0.96741,3.30,1.50
2010.11.16 14:30:01.164,0.96711,0.96751,2.40,1.80
2010.11.16 14:30:02.371,0.96714,0.96758,2.40,1.70
2010.11.16 14:30:03.091,0.96712,0.9676,2.90,2.60
2010.11.16 14:30:03.313,0.96705,0.96751,2.70,2.50
2010.11.16 14:30:07.424,0.9671,0.96751,1.50,2.30
2010.11.16 14:30:09.453,0.96702,0.96741,2.70,1.70
2010.11.16 14:30:10.022,0.967,0.96731,3.70,1.50
2010.11.16 14:30:10.979,0.9671,0.96742,1.50,1.50
2010.11.16 14:30:11.587,0.9671,0.96758,6.60,1.10
2010.11.16 14:30:15.623,0.9671,0.96751,1.90,1.70
2010.11.16 14:30:16.066,0.9671,0.96751,4.40,1.50
2010.11.16 14:30:17.573,0.9671,0.96742,2.10,1.50
2010.11.16 14:30:17.902,0.9671,0.96751,1.70,1.50
2010.11.16 14:30:19.192,0.9671,0.96742,1.70,1.50
2010.11.16 14:30:20.113,0.9671,0.96751,1.70,1.50
2010.11.16 14:30:22.465,0.96702,0.96748,1.20,1.40
2010.11.16 14:30:22.984,0.96701,0.96751,1.40,2.50
2010.11.16 14:30:23.824,0.96701,0.96732,1.40,1.50
2010.11.16 14:30:23.931,0.96701,0.96751,1.40,2.60
2010.11.16 14:30:24.042,0.967,0.96741,2.10,1.50
2010.11.16 14:30:25.438,0.967,0.96741,2.10,1.90
2010.11.16 14:30:26.121,0.967,0.96741,1.70,1.90
2010.11.16 14:30:27.031,0.967,0.96732,1.90,1.50
2010.11.16 14:30:28.283,0.96691,0.96732,1.90,2.10
2010.11.16 14:30:28.392,0.96686,0.96732,2.40,2.10
2010.11.16 14:30:30.732,0.96682,0.96732,2.70,2.30
2010.11.16 14:30:30.842,0.96691,0.96723,1.50,1.60
2010.11.16 14:30:31.592,0.96681,0.96713,1.90,1.50
2010.11.16 14:30:31.705,0.96669,0.96712,2.40,1.70
2010.11.16 14:30:31.815,0.9667,0.96702,1.50,1.50
2010.11.16 14:30:32.155,0.96663,0.96701,2.40,1.50
2010.11.16 14:30:32.713,0.96671,0.96711,1.70,1.50
2010.11.16 14:30:32.932,0.9668,0.96721,1.70,1.50
2010.11.16 14:30:33.362,0.9668,0.96712,1.50,1.50
2010.11.16 14:30:34.361,0.9668,0.96729,2.50,1.10
2010.11.16 14:30:35.450,0.96682,0.9673,2.60,1.70
2010.11.16 14:30:35.894,0.96699,0.96731,1.50,1.50
2010.11.16 14:30:36.267,0.96699,0.9674,1.50,2.10
2010.11.16 14:30:36.372,0.96699,0.96731,1.50,1.50
2010.11.16 14:30:37.044,0.9669,0.96731,1.50,1.90
2010.11.16 14:30:38.892,0.9668,0.96721,1.50,1.50
2010.11.16 14:30:41.137,0.96685,0.96721,2.40,1.50
2010.11.16 14:30:42.154,0.9669,0.96731,1.50,2.50
2010.11.16 14:30:43.264,0.9668,0.96721,1.90,1.50
2010.11.16 14:30:44.165,0.96671,0.96721,2.10,2.90
2010.11.16 14:30:46.253,0.96667,0.96711,2.90,1.90
2010.11.16 14:30:47.008,0.96673,0.96719,1.20,1.50
2010.11.16 14:30:49.355,0.96662,0.96718,7.70,2.90
2010.11.16 14:30:49.792,0.96671,0.96721,2.50,2.10
2010.11.16 14:30:50.671,0.96662,0.96717,3.30,1.40
2010.11.16 14:30:51.003,0.96672,0.96721,2.90,2.10
2010.11.16 14:30:53.047,0.96671,0.96721,3.90,2.90
2010.11.16 14:30:54.287,0.96671,0.96711,1.90,2.90
2010.11.16 14:30:54.393,0.96661,0.96702,2.30,1.50
2010.11.16 14:30:54.505,0.96675,0.96702,2.70,1.50
2010.11.16 14:30:54.955,0.9668,0.96721,1.50,1.90
2010.11.16 14:30:56.875,0.96671,0.96721,2.50,2.10
2010.11.16 14:30:57.093,0.96671,0.96718,1.50,7.20
2010.11.16 14:30:57.464,0.96661,0.96701,1.50,1.50
2010.11.16 14:30:58.013,0.96671,0.96703,1.50,1.50
2010.11.16 14:31:00.462,0.96661,0.96712,2.30,2.50
2010.11.16 14:31:00.588,0.96661,0.96711,1.90,1.40
2010.11.16 14:31:02.599,0.9667,0.96702,1.50,1.50
2010.11.16 14:31:05.411,0.96671,0.96703,1.70,1.50
2010.11.16 14:31:05.525,0.96681,0.96713,1.50,2.50
2010.11.16 14:31:05.913,0.96671,0.96703,1.50,1.50
2010.11.16 14:31:08.071,0.9667,0.96702,2.10,1.50
2010.11.16 14:31:08.293,0.96681,0.96713,1.50,1.50
2010.11.16 14:31:08.663,0.9669,0.96722,1.50,2.30
2010.11.16 14:31:08.882,0.96681,0.96713,1.50,1.50
2010.11.16 14:31:11.022,0.9669,0.96722,1.50,2.10
2010.11.16 14:31:11.762,0.96677,0.96702,2.40,1.50
2010.11.16 14:31:12.127,0.96681,0.96713,1.50,1.70
2010.11.16 14:31:13.092,0.96671,0.96712,1.70,1.50
2010.11.16 14:31:15.737,0.96673,0.96721,1.40,1.70
2010.11.16 14:31:17.851,0.96681,0.96721,2.50,1.50
2010.11.16 14:31:24.393,0.96681,0.96721,2.10,1.50
2010.11.16 14:31:28.014,0.96687,0.96721,1.40,1.50
2010.11.16 14:31:28.123,0.96691,0.96731,1.70,1.90
2010.11.16 14:31:28.844,0.9669,0.96722,1.50,1.50
2010.11.16 14:31:30.990,0.96683,0.96712,1.40,1.50
2010.11.16 14:31:31.011,0.9669,0.96722,1.50,1.50
2010.11.16 14:31:31.113,0.96691,0.96731,2.10,1.90
2010.11.16 14:31:31.333,0.96681,0.96722,4.70,1.50
2010.11.16 14:31:33.362,0.9669,0.96722,1.50,1.50
2010.11.16 14:31:35.370,0.9669,0.96722,1.50,1.50
2010.11.16 14:31:37.493,0.9669,0.96722,1.70,1.50
2010.11.16 14:31:37.772,0.96691,0.96731,1.70,1.90
2010.11.16 14:31:37.885,0.9669,0.96722,1.50,1.50
2010.11.16 14:31:38.361,0.96691,0.96731,1.70,1.90
2010.11.16 14:31:38.803,0.96691,0.96723,1.50,1.50
2010.11.16 14:31:39.223,0.96681,0.96721,2.10,1.50
2010.11.16 14:31:41.662,0.96681,0.96721,1.70,1.50
2010.11.16 14:31:42.273,0.9668,0.96712,1.50,1.50
2010.11.16 14:31:43.101,0.96681,0.96721,2.10,1.50
2010.11.16 14:31:47.184,0.9668,0.96712,1.90,1.50
2010.11.16 14:31:47.294,0.96681,0.96721,1.70,1.90
2010.11.16 14:31:47.626,0.9669,0.96722,1.70,1.50
2010.11.16 14:31:48.442,0.96689,0.96721,2.30,1.50
2010.11.16 14:31:48.784,0.96709,0.96741,1.50,1.90
2010.11.16 14:31:48.893,0.967,0.96741,1.50,2.10
2010.11.16 14:31:50.412,0.96689,0.96721,1.50,1.50
2010.11.16 14:31:50.521,0.96681,0.96721,1.70,1.50
2010.11.16 14:31:52.062,0.9669,0.96722,1.50,1.50
2010.11.16 14:31:53.596,0.96681,0.96721,2.10,1.50
2010.11.16 14:31:54.033,0.9669,0.96722,1.50,1.50
2010.11.16 14:31:55.023,0.9669,0.96731,1.70,1.90
2010.11.16 14:31:55.351,0.96699,0.96731,1.50,1.50
2010.11.16 14:31:55.739,0.967,0.9674,1.70,2.00
2010.11.16 14:31:56.542,0.967,0.96732,1.50,1.50
2010.11.16 14:31:56.763,0.9669,0.96731,1.70,1.50
2010.11.16 14:31:57.643,0.96684,0.96712,2.40,1.50
2010.11.16 14:31:58.082,0.9668,0.96721,1.90,1.90
2010.11.16 14:32:01.523,0.9669,0.96722,1.50,1.50
2010.11.16 14:32:02.091,0.9668,0.96721,1.70,1.50
2010.11.16 14:32:03.414,0.9668,0.96738,6.60,1.20
2010.11.16 14:32:05.912,0.9669,0.96731,1.50,1.70
2010.11.16 14:32:06.304,0.9669,0.96722,1.50,1.50
2010.11.16 14:32:06.522,0.9668,0.96721,1.90,1.50
2010.11.16 14:32:07.651,0.96671,0.96721,2.10,2.10
2010.11.16 14:32:09.687,0.96671,0.96721,1.70,2.10
2010.11.16 14:32:10.193,0.96661,0.96711,2.50,2.50
2010.11.16 14:32:11.487,0.96661,0.96711,2.50,2.50
2010.11.16 14:32:13.133,0.96673,0.96721,1.40,2.10
2010.11.16 14:32:16.268,0.9669,0.96722,1.50,4.70
2010.11.16 14:32:19.610,0.9668,0.96712,1.70,1.50
2010.11.16 14:32:20.058,0.96681,0.96721,1.70,1.90
2010.11.16 14:32:20.271,0.96684,0.96731,1.40,2.10
2010.11.16 14:32:21.293,0.96684,0.96731,1.40,2.10
2010.11.16 14:32:23.672,0.967,0.96729,1.50,2.00
2010.11.16 14:32:23.893,0.9669,0.96722,1.90,1.50
2010.11.16 14:32:24.002,0.9669,0.96731,1.90,1.90
2010.11.16 14:32:25.782,0.96671,0.96712,2.10,1.50
2010.11.16 14:32:26.512,0.96682,0.96731,1.40,2.50
2010.11.16 14:32:27.352,0.9669,0.96731,1.50,5.20
2010.11.16 14:32:27.683,0.96671,0.96712,2.10,1.50
2010.11.16 14:32:28.244,0.96659,0.96712,1.40,6.60
2010.11.16 14:32:28.463,0.9666,0.96692,1.40,1.50
2010.11.16 14:32:28.573,0.96675,0.96707,1.50,1.50
2010.11.16 14:32:29.142,0.96661,0.96712,4.70,1.90
2010.11.16 14:32:30.026,0.96661,0.96712,2.10,11.50
2010.11.16 14:32:30.459,0.9666,0.96692,1.50,1.50
2010.11.16 14:32:30.596,0.96653,0.96702,1.70,2.50
2010.11.16 14:32:31.294,0.96661,0.9671,3.20,2.00
2010.11.16 14:32:32.198,0.96671,0.96712,1.50,2.50
2010.11.16 14:32:32.993,0.96671,0.96703,1.90,1.50
2010.11.16 14:32:33.215,0.9668,0.96712,1.50,1.90
2010.11.16 14:32:33.653,0.96671,0.96703,1.50,1.50
2010.11.16 14:32:38.927,0.9668,0.96712,1.50,1.50
2010.11.16 14:32:40.982,0.96681,0.96712,1.40,1.50
2010.11.16 14:32:41.092,0.9669,0.96722,1.50,1.50
2010.11.16 14:32:41.503,0.9668,0.96721,2.50,1.50
2010.11.16 14:32:43.156,0.9668,0.96712,1.50,1.50
2010.11.16 14:32:43.373,0.9669,0.96722,1.50,1.50
2010.11.16 14:32:43.883,0.9668,0.96721,2.50,1.50
2010.11.16 14:32:44.933,0.96671,0.96712,2.10,1.50
2010.11.16 14:32:47.704,0.96671,0.96711,2.30,1.70
2010.11.16 14:32:48.032,0.9668,0.96712,1.50,1.90
2010.11.16 14:32:49.614,0.96671,0.96712,2.10,1.90
2010.11.16 14:32:50.419,0.9668,0.96712,1.50,1.90
2010.11.16 14:32:51.313,0.96671,0.96712,4.80,1.50
2010.11.16 14:32:51.425,0.9668,0.96712,1.50,1.50
2010.11.16 14:32:54.003,0.96671,0.96712,4.80,1.50
2010.11.16 14:32:56.161,0.9668,0.96721,1.90,1.50
2010.11.16 14:32:58.001,0.9668,0.96721,2.90,1.50
2010.11.16 14:33:00.501,0.9668,0.96721,2.50,1.50
2010.11.16 14:33:00.972,0.9669,0.96722,1.90,1.50
2010.11.16 14:33:01.085,0.9668,0.96721,4.70,1.50
2010.11.16 14:33:02.144,0.96683,0.96731,1.40,2.50
2010.11.16 14:33:04.445,0.96673,0.96722,1.70,4.70
2010.11.16 14:33:05.453,0.96671,0.96712,2.50,1.50
2010.11.16 14:33:07.474,0.96672,0.96722,1.40,2.30
2010.11.16 14:33:10.498,0.96673,0.96722,3.00,1.90
2010.11.16 14:33:10.831,0.9668,0.96712,1.70,1.50
2010.11.16 14:33:11.163,0.9668,0.96712,1.90,1.50
2010.11.16 14:33:11.421,0.96681,0.96722,1.90,2.10
2010.11.16 14:33:11.544,0.96691,0.9673,1.70,1.20
2010.11.16 14:33:11.652,0.96691,0.96732,1.70,1.90
2010.11.16 14:33:14.134,0.96682,0.96722,2.10,1.50
2010.11.16 14:33:15.732,0.9669,0.96722,1.50,2.90
2010.11.16 14:33:15.843,0.96671,0.96703,2.50,1.50
2010.11.16 14:33:16.332,0.96672,0.96712,2.10,1.50
2010.11.16 14:33:20.663,0.96663,0.96712,1.20,2.10
2010.11.16 14:33:21.115,0.9667,0.96702,1.50,1.50
2010.11.16 14:33:21.891,0.96661,0.96702,2.50,1.50
2010.11.16 14:33:24.856,0.96681,0.96726,3.20,1.20
2010.11.16 14:33:24.963,0.96691,0.96731,1.70,1.90
2010.11.16 14:33:25.342,0.96681,0.9673,2.30,3.70
2010.11.16 14:33:26.353,0.96681,0.96713,2.10,1.50
2010.11.16 14:33:27.045,0.96671,0.96703,1.50,1.50
2010.11.16 14:33:27.152,0.96662,0.96703,2.50,1.50
2010.11.16 14:33:27.835,0.96672,0.96712,1.70,1.90
2010.11.16 14:33:28.513,0.96666,0.96712,2.90,2.50
2010.11.16 14:33:30.384,0.9667,0.96702,1.90,1.50
2010.11.16 14:33:30.492,0.96661,0.96702,2.10,1.50
2010.11.16 14:33:34.221,0.96661,0.96702,2.10,1.50
2010.11.16 14:33:34.332,0.96663,0.96712,1.40,2.50
2010.11.16 14:33:35.770,0.96673,0.96722,1.40,2.10
2010.11.16 14:33:36.814,0.96671,0.96712,1.90,1.50
2010.11.16 14:33:40.946,0.96662,0.96702,2.10,1.50
2010.11.16 14:33:45.211,0.96654,0.96702,1.70,1.70
2010.11.16 14:33:45.542,0.96654,0.96693,2.90,1.50
2010.11.16 14:33:46.922,0.96654,0.96702,2.90,2.50
2010.11.16 14:33:47.692,0.96661,0.96693,1.50,1.50
2010.11.16 14:33:49.953,0.96662,0.96694,1.50,1.50
2010.11.16 14:33:50.061,0.96652,0.96693,2.10,1.50
2010.11.16 14:33:50.171,0.96661,0.96693,1.50,1.50
2010.11.16 14:33:51.941,0.96652,0.96693,2.50,1.50
2010.11.16 14:33:53.875,0.96651,0.96693,2.60,1.90
2010.11.16 14:33:56.894,0.96652,0.96693,4.70,1.50
2010.11.16 14:33:58.332,0.9666,0.96703,1.40,4.20
2010.11.16 14:33:58.904,0.96655,0.96703,2.90,2.10
2010.11.16 14:34:00.961,0.96655,0.96703,1.40,2.50
2010.11.16 14:34:01.872,0.96653,0.96693,1.70,1.50
2010.11.16 14:34:03.866,0.96643,0.96691,2.10,1.70
2010.11.16 14:34:04.634,0.96648,0.96683,1.40,1.50
2010.11.16 14:34:04.743,0.9666,0.96693,1.40,1.50
2010.11.16 14:34:05.072,0.96662,0.96703,2.10,1.90
2010.11.16 14:34:05.814,0.96653,0.96703,3.30,2.10
2010.11.16 14:34:07.624,0.96653,0.96702,1.90,1.20
2010.11.16 14:34:10.683,0.96653,0.96703,2.20,2.30
2010.11.16 14:34:13.709,0.96646,0.96694,2.70,2.10
2010.11.16 14:34:14.085,0.96638,0.96687,2.70,1.40
2010.11.16 14:34:16.016,0.96634,0.96686,2.30,3.70
2010.11.16 14:34:18.584,0.96633,0.96665,1.90,1.50
2010.11.16 14:34:19.025,0.96634,0.96675,1.50,2.50
2010.11.16 14:34:20.071,0.96625,0.96665,2.10,1.50
2010.11.16 14:34:22.856,0.96626,0.96665,1.40,1.50
2010.11.16 14:34:23.934,0.96625,0.96665,1.70,1.50
2010.11.16 14:34:24.674,0.96624,0.96656,1.50,1.50
2010.11.16 14:34:25.003,0.96625,0.96665,1.70,1.50
2010.11.16 14:34:26.422,0.96634,0.96666,2.50,1.50
2010.11.16 14:34:26.643,0.96634,0.96675,4.80,1.90
2010.11.16 14:34:27.544,0.96633,0.96665,1.70,1.50
2010.11.16 14:34:28.093,0.96634,0.96675,1.70,1.50
2010.11.16 14:34:29.331,0.96633,0.96665,1.50,1.50
2010.11.16 14:34:29.683,0.96634,0.96675,1.70,1.50
2010.11.16 14:34:30.647,0.96643,0.96675,1.50,1.50
2010.11.16 14:34:30.973,0.96644,0.96684,1.70,1.90
2010.11.16 14:34:32.463,0.96645,0.96684,3.30,1.90
2010.11.16 14:34:33.033,0.96653,0.96694,1.70,2.30
2010.11.16 14:34:33.365,0.96644,0.96684,3.90,1.50
2010.11.16 14:34:35.441,0.96645,0.96684,2.40,1.50
2010.11.16 14:34:41.095,0.96644,0.96681,1.50,1.40
2010.11.16 14:34:41.513,0.96634,0.96674,2.10,1.50
2010.11.16 14:34:42.862,0.96634,0.96674,2.50,1.50
2010.11.16 14:34:43.081,0.96644,0.96684,1.70,1.90
2010.11.16 14:34:44.032,0.96643,0.96675,1.50,1.50
2010.11.16 14:34:44.662,0.96634,0.96675,2.10,1.50
2010.11.16 14:34:45.762,0.96633,0.96665,2.10,1.50
2010.11.16 14:34:47.553,0.96625,0.96665,1.90,1.50
2010.11.16 14:34:49.264,0.96605,0.96651,1.90,1.40
2010.11.16 14:34:50.767,0.96612,0.96644,2.10,1.90
2010.11.16 14:34:50.984,0.96614,0.96646,1.50,1.50
2010.11.16 14:34:53.535,0.96614,0.96655,2.50,1.50
2010.11.16 14:34:53.754,0.96624,0.96665,1.70,1.50
2010.11.16 14:34:53.973,0.96634,0.96666,1.50,1.70
2010.11.16 14:34:54.339,0.96624,0.96665,1.50,1.70
2010.11.16 14:34:56.483,0.96624,0.96665,1.50,2.10
2010.11.16 14:34:56.592,0.96624,0.96656,1.50,1.50
2010.11.16 14:34:58.522,0.96614,0.96655,1.50,1.50
2010.11.16 14:34:59.003,0.96624,0.96656,1.50,1.50
2010.11.16 14:34:59.113,0.96614,0.96655,1.70,1.50
2010.11.16 14:35:00.191,0.96614,0.96646,1.50,1.50
2010.11.16 14:35:00.633,0.96614,0.96655,1.70,1.90
2010.11.16 14:35:01.073,0.96624,0.96656,1.50,1.90
2010.11.16 14:35:01.593,0.96624,0.96664,1.70,1.50
2010.11.16 14:35:02.316,0.96613,0.96645,1.90,1.50
2010.11.16 14:35:03.714,0.96624,0.96656,1.50,1.50
2010.11.16 14:35:05.073,0.96624,0.96652,1.50,1.40
2010.11.16 14:35:05.183,0.96614,0.96646,1.90,1.70
2010.11.16 14:35:05.625,0.96604,0.96645,1.50,6.60
2010.11.16 14:35:05.744,0.96604,0.96645,1.70,1.70
2010.11.16 14:35:05.854,0.96612,0.96644,1.50,1.50
2010.11.16 14:35:06.654,0.96623,0.96655,1.50,1.50
2010.11.16 14:35:06.762,0.96623,0.96655,1.50,2.50
2010.11.16 14:35:07.121,0.96612,0.96635,2.70,1.50
2010.11.16 14:35:07.237,0.96623,0.96655,1.50,1.70
2010.11.16 14:35:07.343,0.96614,0.96654,1.70,1.70
2010.11.16 14:35:08.154,0.96613,0.96645,1.50,1.50
2010.11.16 14:35:09.635,0.96614,0.96654,1.70,1.70
2010.11.16 14:35:10.245,0.96605,0.96644,1.70,1.50
2010.11.16 14:35:13.197,0.96613,0.96654,1.70,1.50
2010.11.16 14:35:13.412,0.96613,0.96662,5.70,2.90
2010.11.16 14:35:14.134,0.96613,0.96654,1.90,1.50
2010.11.16 14:35:16.776,0.96613,0.96645,1.90,1.50
2010.11.16 14:35:17.573,0.96613,0.96654,1.70,1.90
2010.11.16 14:35:18.632,0.96613,0.96645,1.70,1.50
2010.11.16 14:35:19.104,0.96604,0.96645,1.50,1.70
2010.11.16 14:35:20.362,0.96604,0.96643,1.50,2.00
2010.11.16 14:35:20.472,0.96595,0.96635,1.60,1.70
2010.11.16 14:35:21.013,0.96594,0.96626,2.10,1.50
2010.11.16 14:35:22.024,0.96595,0.96635,1.50,2.10
2010.11.16 14:35:23.683,0.96595,0.96635,2.50,1.90
2010.11.16 14:35:25.623,0.96595,0.96635,1.50,2.10
2010.11.16 14:35:27.642,0.96605,0.96637,1.50,1.90
2010.11.16 14:35:28.699,0.96595,0.96627,1.50,1.50
2010.11.16 14:35:28.927,0.96585,0.96626,4.70,1.50
2010.11.16 14:35:29.736,0.96597,0.96626,1.40,1.50
2010.11.16 14:35:29.845,0.96603,0.96635,1.70,1.50
2010.11.16 14:35:29.953,0.96603,0.96645,2.10,1.50
2010.11.16 14:35:31.202,0.96605,0.96645,2.50,1.50
2010.11.16 14:35:31.312,0.96604,0.96645,2.10,1.50
2010.11.16 14:35:31.688,0.96613,0.96645,1.50,1.50
2010.11.16 14:35:33.072,0.96604,0.96645,1.70,1.90
2010.11.16 14:35:33.892,0.96603,0.96635,1.50,1.50
2010.11.16 14:35:34.254,0.96613,0.96645,1.50,2.10
2010.11.16 14:35:34.583,0.96595,0.96645,1.40,2.10
2010.11.16 14:35:35.202,0.96605,0.96645,1.40,1.90
2010.11.16 14:35:35.534,0.96613,0.96645,1.50,4.70
2010.11.16 14:35:35.859,0.96595,0.96627,1.70,1.50
2010.11.16 14:35:35.976,0.96604,0.96636,1.50,1.50
2010.11.16 14:35:37.193,0.96594,0.96635,1.70,1.50
2010.11.16 14:35:37.524,0.96588,0.9662,1.50,1.50
2010.11.16 14:35:38.192,0.96594,0.96635,1.70,1.90
2010.11.16 14:35:39.302,0.96594,0.96635,1.70,1.90
2010.11.16 14:35:41.582,0.96594,0.96635,1.50,1.70
2010.11.16 14:35:41.693,0.96593,0.96625,1.70,1.50
2010.11.16 14:35:42.178,0.96583,0.96615,1.90,1.50
2010.11.16 14:35:42.285,0.96594,0.96635,1.50,4.70
2010.11.16 14:35:42.501,0.96594,0.96635,1.70,1.90
2010.11.16 14:35:43.435,0.96594,0.96635,1.70,1.90
2010.11.16 14:35:43.887,0.96604,0.96636,1.50,2.10
2010.11.16 14:35:45.752,0.96612,0.96644,1.50,2.10
2010.11.16 14:35:46.441,0.96604,0.96636,1.50,1.50
2010.11.16 14:35:46.544,0.96594,0.96635,2.10,1.70
2010.11.16 14:35:47.674,0.96596,0.96625,1.40,1.50
2010.11.16 14:35:47.782,0.96603,0.96635,1.50,1.50
2010.11.16 14:35:48.708,0.96585,0.96625,1.70,1.50
2010.11.16 14:35:51.106,0.96585,0.96625,2.10,1.50
2010.11.16 14:35:51.432,0.96603,0.96635,1.50,1.50
2010.11.16 14:35:52.452,0.96587,0.96635,1.90,1.70
2010.11.16 14:35:53.023,0.96593,0.96635,2.70,2.10
2010.11.16 14:35:53.132,0.96585,0.96635,2.10,2.50
2010.11.16 14:35:55.092,0.96594,0.96626,1.50,1.50
2010.11.16 14:35:55.983,0.96595,0.96635,2.70,1.70
2010.11.16 14:35:58.783,0.96594,0.96635,4.80,1.50
2010.11.16 14:35:58.893,0.96604,0.96636,1.50,1.50
2010.11.16 14:36:00.553,0.96604,0.96644,1.50,3.70
2010.11.16 14:36:01.871,0.96596,0.96642,1.40,1.20
2010.11.16 14:36:03.494,0.96598,0.96625,2.40,1.50
2010.11.16 14:36:03.786,0.96587,0.96625,3.50,1.50
2010.11.16 14:36:03.907,0.96585,0.96625,1.90,1.50
2010.11.16 14:36:04.342,0.96585,0.96625,1.50,1.50
2010.11.16 14:36:05.343,0.96585,0.96625,1.50,1.90
2010.11.16 14:36:08.156,0.96585,0.96625,1.90,1.50
2010.11.16 14:36:10.619,0.96593,0.96625,1.50,1.70
2010.11.16 14:36:12.662,0.96593,0.96625,1.50,1.50
2010.11.16 14:36:15.052,0.96594,0.96626,1.50,2.10
2010.11.16 14:36:15.161,0.96583,0.96615,2.50,1.50
2010.11.16 14:36:15.742,0.96593,0.96625,1.50,1.70
2010.11.16 14:36:16.322,0.96603,0.96635,1.50,1.50
2010.11.16 14:36:16.542,0.96594,0.96635,2.10,1.70
2010.11.16 14:36:18.882,0.96594,0.96635,2.50,1.50
2010.11.16 14:36:19.103,0.96604,0.96643,1.50,2.40
2010.11.16 14:36:19.662,0.96594,0.96644,2.10,1.70
2010.11.16 14:36:20.614,0.96604,0.96645,1.50,2.50
2010.11.16 14:36:23.253,0.96604,0.96645,1.50,2.50
2010.11.16 14:36:24.784,0.96604,0.96645,1.70,2.30
2010.11.16 14:36:25.876,0.96594,0.96635,1.50,1.70
2010.11.16 14:36:26.645,0.96603,0.96635,1.50,1.50
2010.11.16 14:36:26.975,0.96614,0.96646,1.50,2.50
2010.11.16 14:36:27.312,0.96603,0.96635,1.50,1.50
2010.11.16 14:36:27.742,0.96594,0.96626,1.70,1.90
2010.11.16 14:36:27.962,0.96588,0.96635,2.70,4.70
2010.11.16 14:36:30.073,0.96575,0.96625,2.50,2.10
2010.11.16 14:36:31.711,0.96578,0.96625,2.90,2.10
2010.11.16 14:36:34.122,0.96577,0.96625,1.40,1.90
2010.11.16 14:36:35.583,0.96586,0.96635,2.70,2.50
2010.11.16 14:36:35.694,0.96594,0.96635,1.50,1.50
2010.11.16 14:36:39.685,0.96594,0.96642,2.50,1.20
2010.11.16 14:36:39.903,0.96614,0.96646,1.50,2.10
2010.11.16 14:36:40.123,0.96604,0.96636,1.50,1.50
2010.11.16 14:36:40.821,0.9659,0.96635,1.40,1.70
2010.11.16 14:36:42.125,0.96604,0.96654,2.90,4.80
2010.11.16 14:36:42.233,0.96614,0.96654,1.70,1.50
2010.11.16 14:36:44.651,0.96604,0.96645,2.50,1.50
2010.11.16 14:36:48.543,0.96604,0.96645,1.50,5.70
2010.11.16 14:36:50.523,0.96594,0.96635,1.70,1.50
2010.11.16 14:36:52.136,0.9659,0.96641,2.60,2.90
2010.11.16 14:36:54.772,0.96604,0.96645,1.50,1.70
2010.11.16 14:36:55.543,0.96614,0.96654,1.40,1.90
2010.11.16 14:36:55.652,0.96614,0.96654,3.70,1.50
2010.11.16 14:36:58.085,0.96614,0.96654,1.50,1.70
2010.11.16 14:36:58.207,0.96604,0.96645,2.30,2.50
2010.11.16 14:36:58.315,0.96601,0.96645,2.40,2.10
2010.11.16 14:37:00.773,0.96594,0.96635,1.80,1.50
2010.11.16 14:37:02.264,0.96604,0.96654,2.90,2.10
2010.11.16 14:37:03.872,0.96604,0.96645,1.50,1.90
2010.11.16 14:37:05.401,0.96595,0.96645,2.50,2.50
2010.11.16 14:37:06.752,0.96585,0.96635,5.40,1.90
2010.11.16 14:37:07.942,0.96604,0.96636,1.50,1.50
2010.11.16 14:37:08.396,0.96594,0.96626,1.50,1.50
2010.11.16 14:37:08.509,0.96575,0.96616,2.40,1.50
2010.11.16 14:37:09.667,0.96578,0.96626,1.30,2.50
2010.11.16 14:37:09.777,0.96575,0.96624,2.60,2.00
2010.11.16 14:37:10.212,0.96575,0.96626,1.90,10.60
2010.11.16 14:37:12.236,0.96575,0.96616,2.50,1.50
2010.11.16 14:37:12.344,0.96575,0.96625,2.90,2.10
2010.11.16 14:37:12.452,0.96575,0.96625,2.90,1.70
2010.11.16 14:37:13.373,0.96585,0.96625,2.10,1.50
2010.11.16 14:37:17.355,0.96585,0.96625,1.70,1.90
2010.11.16 14:37:17.465,0.96594,0.96626,1.50,1.70
2010.11.16 14:37:20.061,0.96604,0.96633,1.50,2.00
2010.11.16 14:37:20.177,0.96603,0.96635,1.50,1.70
2010.11.16 14:37:23.793,0.96594,0.96635,2.10,1.50
2010.11.16 14:37:24.624,0.96594,0.96626,1.50,1.50
2010.11.16 14:37:25.062,0.96594,0.96635,1.70,1.50
2010.11.16 14:37:29.743,0.96594,0.96635,2.90,1.50
2010.11.16 14:37:30.475,0.96604,0.96645,1.50,2.10
2010.11.16 14:37:33.724,0.96613,0.96642,1.50,1.40
2010.11.16 14:37:33.832,0.96613,0.96645,1.50,1.90
2010.11.16 14:37:33.942,0.96603,0.96635,1.70,1.50
2010.11.16 14:37:34.524,0.96595,0.96636,2.40,1.40
2010.11.16 14:37:34.645,0.96595,0.96651,3.30,2.90
2010.11.16 14:37:34.752,0.96595,0.96653,3.30,1.10
2010.11.16 14:37:35.678,0.96594,0.96653,1.70,1.10
2010.11.16 14:37:35.783,0.96594,0.96634,1.70,1.50
2010.11.16 14:37:36.245,0.96593,0.96625,1.50,1.50
2010.11.16 14:37:36.462,0.96594,0.96634,1.90,1.50
2010.11.16 14:37:37.366,0.96613,0.96645,1.50,1.90
2010.11.16 14:37:38.197,0.96603,0.96644,1.50,2.10
2010.11.16 14:37:39.525,0.96602,0.96634,1.90,1.50
2010.11.16 14:37:40.358,0.96593,0.96634,1.70,1.70
2010.11.16 14:37:40.574,0.96584,0.96625,2.10,1.50
2010.11.16 14:37:40.792,0.96584,0.96634,2.90,4.40
2010.11.16 14:37:42.182,0.96593,0.96625,1.50,1.50
2010.11.16 14:37:43.845,0.96603,0.96635,1.50,1.90
2010.11.16 14:37:44.394,0.96593,0.96634,1.70,1.50
2010.11.16 14:37:45.043,0.96607,0.9665,1.40,1.20
2010.11.16 14:37:45.554,0.96607,0.96654,1.70,2.10
2010.11.16 14:37:46.013,0.96613,0.9665,1.50,1.70
2010.11.16 14:37:46.337,0.96604,0.96644,1.50,1.50
2010.11.16 14:37:46.662,0.96604,0.96654,2.10,2.50
2010.11.16 14:37:47.470,0.96597,0.96644,2.90,2.10
2010.11.16 14:37:49.614,0.96606,0.96651,2.70,1.20
2010.11.16 14:37:50.743,0.96612,0.96653,1.50,1.90
2010.11.16 14:37:51.983,0.96603,0.96644,1.70,1.50
2010.11.16 14:37:52.313,0.96603,0.96652,2.50,2.70
2010.11.16 14:37:53.833,0.96622,0.96654,1.50,2.30
2010.11.16 14:37:54.963,0.96612,0.96653,1.50,1.90
2010.11.16 14:37:55.613,0.96622,0.96654,1.50,1.50
2010.11.16 14:37:55.942,0.96605,0.96653,1.10,4.70
2010.11.16 14:37:56.575,0.96603,0.96651,2.80,1.40
2010.11.16 14:37:56.905,0.96603,0.96644,2.30,1.70
2010.11.16 14:37:57.422,0.96622,0.96647,1.50,2.70
2010.11.16 14:37:57.643,0.96611,0.96643,2.10,1.50
2010.11.16 14:37:59.449,0.96611,0.96643,2.90,1.50
2010.11.16 14:37:59.673,0.96613,0.96663,2.50,2.50
2010.11.16 14:37:59.784,0.96613,0.96663,2.10,2.90
2010.11.16 14:38:03.818,0.96603,0.96653,2.20,1.70
2010.11.16 14:38:07.342,0.96603,0.96644,1.90,1.50
2010.11.16 14:38:09.394,0.96603,0.96644,2.40,1.50
2010.11.16 14:38:11.413,0.96603,0.96653,3.00,1.70
2010.11.16 14:38:11.632,0.96622,0.96663,1.50,1.50
2010.11.16 14:38:12.484,0.96612,0.96653,2.10,1.50
2010.11.16 14:38:13.433,0.96621,0.96653,1.50,1.50
2010.11.16 14:38:13.651,0.96622,0.96663,1.50,1.50
2010.11.16 14:38:14.814,0.96622,0.96671,2.50,2.90
2010.11.16 14:38:15.264,0.96641,0.96673,1.50,1.90
2010.11.16 14:38:16.071,0.96632,0.96673,1.90,1.70
2010.11.16 14:38:16.187,0.96632,0.96664,1.50,1.50
2010.11.16 14:38:17.088,0.96623,0.96673,6.60,2.10
2010.11.16 14:38:18.703,0.96632,0.96673,2.50,1.50
2010.11.16 14:38:19.213,0.96632,0.96664,2.70,1.50
2010.11.16 14:38:19.323,0.96623,0.96664,1.90,1.50
2010.11.16 14:38:19.959,0.96604,0.96655,2.10,2.00
2010.11.16 14:38:20.182,0.96605,0.96663,2.90,2.50
2010.11.16 14:38:20.783,0.96613,0.96663,2.30,2.10
2010.11.16 14:38:21.443,0.96623,0.96663,1.70,1.90
2010.11.16 14:38:21.903,0.96623,0.96673,2.10,2.50
2010.11.16 14:38:24.523,0.96613,0.96666,2.50,1.40
2010.11.16 14:38:26.395,0.96603,0.96644,1.50,2.10
2010.11.16 14:38:28.586,0.96603,0.96641,1.70,2.70
2010.11.16 14:38:28.692,0.96603,0.96644,1.70,1.50
2010.11.16 14:38:30.903,0.96603,0.9665,2.90,1.40
2010.11.16 14:38:33.216,0.96603,0.96653,2.90,2.10
2010.11.16 14:38:37.752,0.96603,0.9665,2.20,1.40
2010.11.16 14:38:38.180,0.96612,0.96644,1.50,1.50
2010.11.16 14:38:38.694,0.96603,0.96644,2.60,1.50
2010.11.16 14:38:38.804,0.96603,0.96655,6.80,2.90
2010.11.16 14:38:40.902,0.96621,0.96653,1.50,1.50
2010.11.16 14:38:41.508,0.96622,0.96653,1.40,1.50
2010.11.16 14:38:41.613,0.96622,0.96663,2.10,1.70
2010.11.16 14:38:43.937,0.96622,0.96663,2.10,2.10
2010.11.16 14:38:47.375,0.96617,0.96663,1.40,1.50
2010.11.16 14:38:49.433,0.96613,0.96663,6.60,1.70
2010.11.16 14:38:51.504,0.96622,0.96663,2.50,1.50
2010.11.16 14:38:52.427,0.96636,0.96668,1.50,1.50
2010.11.16 14:38:52.973,0.96632,0.96672,1.70,1.50
2010.11.16 14:38:55.015,0.96651,0.96683,1.50,1.70
2010.11.16 14:38:55.124,0.96641,0.96682,1.50,2.10
2010.11.16 14:38:55.343,0.9664,0.96672,1.50,1.50
2010.11.16 14:38:56.355,0.96651,0.96683,1.50,1.70
2010.11.16 14:38:56.705,0.9665,0.96682,1.50,1.70
2010.11.16 14:38:56.812,0.9664,0.96672,1.50,1.50
2010.11.16 14:38:58.082,0.96641,0.96681,1.70,2.10
2010.11.16 14:38:59.158,0.9664,0.96672,1.50,1.50
2010.11.16 14:39:00.072,0.96641,0.96673,1.50,1.50
2010.11.16 14:39:01.714,0.96651,0.96683,1.50,1.90
2010.11.16 14:39:02.163,0.96641,0.96673,1.90,1.70
2010.11.16 14:39:02.637,0.96622,0.96663,2.10,1.70
2010.11.16 14:39:04.292,0.96629,0.96663,3.30,1.50
2010.11.16 14:39:04.646,0.96641,0.96673,1.50,1.50
2010.11.16 14:39:10.428,0.96632,0.96672,1.90,2.50
2010.11.16 14:39:14.303,0.96622,0.96663,1.90,1.50
2010.11.16 14:39:16.002,0.96639,0.96671,1.50,1.90
2010.11.16 14:39:17.986,0.96651,0.96683,1.50,1.90
2010.11.16 14:39:18.531,0.96642,0.96682,1.90,1.90
2010.11.16 14:39:19.335,0.9665,0.96682,1.40,1.50
2010.11.16 14:39:19.443,0.96661,0.96693,1.50,1.50
2010.11.16 14:39:19.553,0.96661,0.96688,1.50,3.30
2010.11.16 14:39:19.663,0.96642,0.96682,1.50,1.50
2010.11.16 14:39:25.465,0.96642,0.96682,1.50,1.70
2010.11.16 14:39:25.917,0.96641,0.96682,1.90,2.10
2010.11.16 14:39:26.995,0.96631,0.96672,1.90,1.70
2010.11.16 14:39:27.213,0.96641,0.96673,1.50,1.70
2010.11.16 14:39:27.764,0.96641,0.96681,2.10,1.50
2010.11.16 14:39:28.899,0.9664,0.96672,1.50,1.50
2010.11.16 14:39:29.016,0.96641,0.96681,2.10,1.50
2010.11.16 14:39:31.238,0.96639,0.96681,2.70,1.70
2010.11.16 14:39:31.345,0.96631,0.96681,4.70,2.10
2010.11.16 14:39:32.258,0.96631,0.96672,1.90,1.70
2010.11.16 14:39:32.412,0.9665,0.96682,1.50,1.70
2010.11.16 14:39:32.524,0.96641,0.96673,1.50,2.90
2010.11.16 14:39:33.034,0.96632,0.96672,1.50,1.90
2010.11.16 14:39:36.118,0.96622,0.96673,5.10,2.50
2010.11.16 14:39:38.205,0.96627,0.96673,3.30,1.70
2010.11.16 14:39:38.534,0.96632,0.96682,2.10,2.10
2010.11.16 14:39:38.863,0.96632,0.96682,4.50,2.90
2010.11.16 14:39:41.544,0.96632,0.96672,1.50,3.10
2010.11.16 14:39:43.887,0.96628,0.96673,2.70,2.50
2010.11.16 14:39:45.503,0.96642,0.96683,1.50,2.90
2010.11.16 14:39:45.722,0.96624,0.96673,3.50,1.90
2010.11.16 14:39:45.943,0.96623,0.96673,2.50,4.20
2010.11.16 14:39:46.382,0.96623,0.96673,2.50,2.10
2010.11.16 14:39:46.734,0.96635,0.96673,3.70,1.50
2010.11.16 14:39:46.845,0.96642,0.96683,1.50,2.10
2010.11.16 14:39:51.373,0.96642,0.96683,2.40,2.50
2010.11.16 14:39:51.592,0.96645,0.96693,3.30,1.90
2010.11.16 14:39:51.813,0.96642,0.96674,2.30,1.50
2010.11.16 14:39:51.922,0.96642,0.96674,1.50,1.50
2010.11.16 14:39:52.265,0.96635,0.96683,3.30,1.50
2010.11.16 14:39:53.399,0.96642,0.96693,1.70,1.70
2010.11.16 14:39:55.162,0.96633,0.96693,2.60,6.60
2010.11.16 14:39:55.514,0.96633,0.96681,2.10,1.20
2010.11.16 14:39:58.432,0.96633,0.96682,2.30,1.70
2010.11.16 14:39:59.239,0.96635,0.96674,2.00,1.50
2010.11.16 14:39:59.682,0.96643,0.96683,1.50,1.50
2010.11.16 14:40:00.113,0.96635,0.96673,3.30,1.50
2010.11.16 14:40:00.992,0.96623,0.96663,5.70,1.50
2010.11.16 14:40:01.453,0.96632,0.96673,1.50,2.10
2010.11.16 14:40:03.114,0.96632,0.96678,1.90,2.70
2010.11.16 14:40:04.013,0.96632,0.96683,2.30,2.50
2010.11.16 14:40:04.232,0.96632,0.96673,1.90,1.50
2010.11.16 14:40:05.154,0.96632,0.96682,2.50,4.70
2010.11.16 14:40:09.781,0.96622,0.96663,1.90,1.70
2010.11.16 14:40:09.899,0.96613,0.96663,2.60,1.70
2010.11.16 14:40:11.565,0.96632,0.96673,1.50,2.50
2010.11.16 14:40:13.382,0.96631,0.96663,1.50,1.50
2010.11.16 14:40:13.602,0.96632,0.96673,1.50,1.70
2010.11.16 14:40:16.124,0.96641,0.96673,1.50,1.50
2010.11.16 14:40:17.022,0.96652,0.96693,1.70,1.50
2010.11.16 14:40:17.136,0.96643,0.96683,2.30,3.90
2010.11.16 14:40:17.413,0.96643,0.96683,1.50,3.90
2010.11.16 14:40:19.453,0.96633,0.96673,1.70,1.50
2010.11.16 14:40:19.562,0.96633,0.96683,2.10,2.10
2010.11.16 14:40:19.930,0.96633,0.96683,2.50,2.10
2010.11.16 14:40:21.044,0.96635,0.96673,1.40,1.90
2010.11.16 14:40:21.634,0.96624,0.96682,1.70,1.40
2010.11.16 14:40:24.685,0.96624,0.96683,2.90,7.00
2010.11.16 14:40:26.979,0.96623,0.96677,2.50,1.40
2010.11.16 14:40:34.733,0.96623,0.96673,2.20,1.70
2010.11.16 14:40:35.406,0.96623,0.96681,2.10,2.00
2010.11.16 14:40:36.974,0.96623,0.96675,2.30,1.40
2010.11.16 14:40:38.054,0.96623,0.96673,2.10,4.40
2010.11.16 14:40:39.963,0.96627,0.9667,1.40,2.70
2010.11.16 14:40:41.983,0.96623,0.96663,1.90,1.50
2010.11.16 14:40:43.730,0.96623,0.96663,2.50,1.50
2010.11.16 14:40:47.245,0.96636,0.96682,1.70,1.90
2010.11.16 14:40:52.567,0.96652,0.96692,1.50,1.20
2010.11.16 14:40:53.046,0.96662,0.96702,1.50,2.10
2010.11.16 14:40:53.169,0.96652,0.96693,1.50,1.90
2010.11.16 14:40:53.625,0.96643,0.9669,1.90,1.40
2010.11.16 14:40:55.107,0.96652,0.96684,1.50,1.50
2010.11.16 14:40:55.479,0.96643,0.96683,1.50,1.50
2010.11.16 14:40:56.227,0.96642,0.96674,1.70,1.50
2010.11.16 14:40:56.774,0.96643,0.96683,1.50,1.90
2010.11.16 14:40:57.332,0.96637,0.96683,2.60,2.10
2010.11.16 14:41:00.382,0.96633,0.96683,2.60,2.10
2010.11.16 14:41:01.112,0.96643,0.96683,1.50,2.30
2010.11.16 14:41:02.955,0.96652,0.96684,1.50,1.50
2010.11.16 14:41:04.264,0.96633,0.96683,6.60,1.70
2010.11.16 14:41:04.745,0.96642,0.96683,1.50,1.70
2010.11.16 14:41:06.673,0.96633,0.96683,2.40,2.50
2010.11.16 14:41:07.114,0.96633,0.96683,4.70,1.70
2010.11.16 14:41:07.235,0.96633,0.96673,2.10,1.50
2010.11.16 14:41:08.896,0.96643,0.96693,2.10,1.70
2010.11.16 14:41:09.003,0.96643,0.96693,1.90,2.50
2010.11.16 14:41:09.333,0.96633,0.96683,2.20,1.70
2010.11.16 14:41:10.001,0.96643,0.96683,1.50,1.50
2010.11.16 14:41:11.372,0.96633,0.96683,2.10,2.10
2010.11.16 14:41:14.103,0.96652,0.96684,1.50,1.50
2010.11.16 14:41:14.662,0.96635,0.96683,1.20,2.10
2010.11.16 14:41:14.774,0.96633,0.96683,4.40,2.50
2010.11.16 14:41:14.992,0.96633,0.96683,4.50,2.10
2010.11.16 14:41:15.623,0.96634,0.96683,2.70,2.50
2010.11.16 14:41:15.732,0.96634,0.96683,2.70,2.10
2010.11.16 14:41:18.028,0.96642,0.96693,2.30,3.60
2010.11.16 14:41:18.684,0.96642,0.96693,2.10,2.50
2010.11.16 14:41:21.792,0.96642,0.96693,2.10,1.90
2010.11.16 14:41:21.904,0.96643,0.96698,1.10,1.40
2010.11.16 14:41:24.615,0.96644,0.96698,3.30,1.40
2010.11.16 14:41:26.005,0.96645,0.96693,1.20,2.10
2010.11.16 14:41:26.225,0.96652,0.96693,1.90,1.90
2010.11.16 14:41:30.642,0.96652,0.96702,1.90,2.20
2010.11.16 14:41:31.672,0.96646,0.96693,3.50,2.10
2010.11.16 14:41:34.636,0.96636,0.96693,1.10,3.20
2010.11.16 14:41:35.554,0.96652,0.96693,1.50,1.50
2010.11.16 14:41:36.284,0.96662,0.96694,1.50,1.50
2010.11.16 14:41:36.502,0.96662,0.96702,1.50,1.50
2010.11.16 14:41:37.274,0.96656,0.96702,2.40,2.10
2010.11.16 14:41:39.662,0.96652,0.96702,1.70,2.50
2010.11.16 14:41:39.773,0.96652,0.9669,1.50,1.40
2010.11.16 14:41:40.371,0.96642,0.9669,2.50,1.40
2010.11.16 14:41:40.934,0.96647,0.96691,2.70,1.40
2010.11.16 14:41:43.061,0.96642,0.96693,2.50,2.90
2010.11.16 14:41:49.354,0.96642,0.96693,4.80,2.70
2010.11.16 14:41:49.682,0.96643,0.96693,2.70,2.90
2010.11.16 14:41:50.684,0.96652,0.96693,1.50,2.30
2010.11.16 14:41:54.465,0.96642,0.96683,2.50,1.50
2010.11.16 14:41:56.768,0.96652,0.96692,1.50,1.50
2010.11.16 14:41:58.713,0.96651,0.96683,1.50,1.50
2010.11.16 14:42:00.426,0.96642,0.96682,1.50,1.50
2010.11.16 14:42:03.145,0.96648,0.96692,2.40,2.50
2010.11.16 14:42:05.433,0.96643,0.96692,1.40,1.90
2010.11.16 14:42:07.021,0.96651,0.96709,6.60,2.60
2010.11.16 14:42:13.977,0.96642,0.96697,2.50,1.40
2010.11.16 14:42:14.193,0.96642,0.96692,2.50,2.10
2010.11.16 14:42:16.693,0.96651,0.96692,1.90,1.50
2010.11.16 14:42:20.798,0.96661,0.96701,1.50,2.30
2010.11.16 14:42:20.903,0.96661,0.96701,1.50,1.50
2010.11.16 14:42:24.650,0.9666,0.96709,2.10,1.40
2010.11.16 14:42:24.763,0.9666,0.96711,2.10,4.70
2010.11.16 14:42:25.447,0.96679,0.96711,1.50,2.30
2010.11.16 14:42:25.885,0.9668,0.9672,1.50,1.90
2010.11.16 14:42:26.317,0.96679,0.96711,1.50,1.50
2010.11.16 14:42:26.431,0.9667,0.96711,1.90,1.50
2010.11.16 14:42:26.864,0.9668,0.96721,1.50,1.90
2010.11.16 14:42:27.336,0.9667,0.96721,4.70,2.50
2010.11.16 14:42:28.155,0.9667,0.96711,1.90,1.50
2010.11.16 14:42:30.987,0.9667,0.96717,1.90,1.70
2010.11.16 14:42:31.313,0.96669,0.96701,2.10,1.50
2010.11.16 14:42:34.312,0.96663,0.96711,2.00,1.70
2010.11.16 14:42:36.643,0.96657,0.96701,2.90,1.50
2010.11.16 14:42:37.645,0.96661,0.96701,2.50,1.50
2010.11.16 14:42:37.973,0.96661,0.96701,1.50,1.50
2010.11.16 14:42:38.245,0.96661,0.96701,2.30,1.50
2010.11.16 14:42:38.356,0.96661,0.96701,1.90,1.50
2010.11.16 14:42:39.960,0.96661,0.96711,1.70,1.70
2010.11.16 14:42:41.063,0.96661,0.96701,2.30,1.50
2010.11.16 14:42:41.914,0.9667,0.96702,4.20,1.50
2010.11.16 14:42:42.029,0.9668,0.96721,2.10,1.50
2010.11.16 14:42:44.555,0.9668,0.96721,2.50,1.50
2010.11.16 14:42:45.696,0.967,0.96733,1.50,1.20
2010.11.16 14:42:46.618,0.9671,0.96751,1.50,4.70
2010.11.16 14:42:46.783,0.96692,0.96741,6.80,1.70
2010.11.16 14:42:47.198,0.96682,0.96741,1.50,2.50
2010.11.16 14:42:47.303,0.96682,0.96741,1.90,1.70
2010.11.16 14:42:47.743,0.96684,0.96731,2.40,1.70
2010.11.16 14:42:48.336,0.96691,0.9675,2.50,7.50
2010.11.16 14:42:50.002,0.96691,0.96741,1.70,4.40
2010.11.16 14:42:51.074,0.96691,0.96723,1.50,1.50
2010.11.16 14:42:52.391,0.96681,0.96721,1.50,1.50
2010.11.16 14:42:54.194,0.96681,0.96721,1.90,1.70
2010.11.16 14:42:54.630,0.9668,0.96731,2.10,2.10
2010.11.16 14:42:55.884,0.9669,0.9674,2.10,3.30
2010.11.16 14:42:59.134,0.96681,0.96731,2.90,1.70
2010.11.16 14:42:59.936,0.9668,0.96721,4.40,1.50
2010.11.16 14:43:01.734,0.967,0.96732,1.50,1.90
2010.11.16 14:43:03.373,0.9669,0.96731,1.90,1.50
2010.11.16 14:43:04.015,0.9669,0.96731,1.90,1.90
2010.11.16 14:43:04.343,0.96694,0.96741,2.70,2.10
2010.11.16 14:43:08.604,0.967,0.96741,1.50,1.50
2010.11.16 14:43:10.782,0.96694,0.96741,2.40,2.50
2010.11.16 14:43:12.885,0.967,0.9675,1.90,7.60
2010.11.16 14:43:13.213,0.967,0.96741,2.30,1.50
2010.11.16 14:43:13.433,0.9671,0.9675,1.50,1.50
2010.11.16 14:43:14.793,0.9671,0.9675,1.50,1.50
2010.11.16 14:43:16.514,0.96704,0.9675,3.10,2.50
2010.11.16 14:43:17.198,0.96699,0.9675,2.50,5.70
2010.11.16 14:43:19.198,0.96699,0.9674,1.90,2.50
2010.11.16 14:43:19.631,0.96689,0.96721,1.50,1.50
2010.11.16 14:43:19.745,0.96699,0.9675,1.70,2.50
2010.11.16 14:43:20.292,0.9669,0.9674,1.70,1.70
2010.11.16 14:43:20.654,0.9669,0.9674,4.60,2.50
2010.11.16 14:43:20.984,0.9669,0.96731,1.90,1.50
2010.11.16 14:43:21.963,0.9669,0.96731,1.50,1.50
2010.11.16 14:43:24.336,0.96691,0.96741,2.90,1.90
2010.11.16 14:43:25.005,0.96699,0.96731,1.50,1.50
2010.11.16 14:43:25.328,0.967,0.9674,1.50,2.30
2010.11.16 14:43:25.544,0.96683,0.96731,3.30,1.50
2010.11.16 14:43:26.679,0.96709,0.96741,1.50,2.30
2010.11.16 14:43:26.784,0.9671,0.96742,1.50,1.50
2010.11.16 14:43:27.475,0.9671,0.9675,1.50,1.90
2010.11.16 14:43:27.843,0.967,0.9675,2.10,2.10
2010.11.16 14:43:28.063,0.967,0.96741,1.70,1.50
2010.11.16 14:43:30.127,0.967,0.96741,1.50,2.10
2010.11.16 14:43:30.344,0.9669,0.96722,1.50,1.50
2010.11.16 14:43:30.563,0.96691,0.96731,1.50,2.30
2010.11.16 14:43:31.025,0.967,0.96728,1.50,1.40
2010.11.16 14:43:31.135,0.96691,0.96723,1.50,1.50
2010.11.16 14:43:31.763,0.96681,0.96713,2.30,1.50
2010.11.16 14:43:32.094,0.96672,0.96712,2.10,1.50
2010.11.16 14:43:33.723,0.9668,0.96722,1.40,1.90
2010.11.16 14:43:34.398,0.96691,0.96731,1.50,2.10
2010.11.16 14:43:36.444,0.96691,0.96731,1.50,6.60
2010.11.16 14:43:37.012,0.96681,0.96722,1.50,1.70
2010.11.16 14:43:38.784,0.96681,0.96709,1.50,1.40
2010.11.16 14:43:38.894,0.96675,0.96703,2.40,1.90
2010.11.16 14:43:39.153,0.96662,0.96703,4.10,1.90
2010.11.16 14:43:41.514,0.96671,0.96712,2.50,1.50
2010.11.16 14:43:41.624,0.9668,0.96712,2.50,1.50
2010.11.16 14:43:41.736,0.96681,0.96726,2.10,3.10
2010.11.16 14:43:42.092,0.96681,0.96731,2.50,2.50
2010.11.16 14:43:43.429,0.9669,0.96729,1.50,1.40
2010.11.16 14:43:44.028,0.96681,0.96731,2.10,2.50
2010.11.16 14:43:44.865,0.96681,0.96727,1.50,1.40
2010.11.16 14:43:45.703,0.96681,0.96721,2.50,1.50
2010.11.16 14:43:46.155,0.9669,0.96731,1.70,1.50
2010.11.16 14:43:47.475,0.9669,0.96731,1.40,1.90
2010.11.16 14:43:47.582,0.96691,0.96741,2.50,2.10
2010.11.16 14:43:48.054,0.96691,0.96731,2.30,1.50
2010.11.16 14:43:49.106,0.967,0.96732,1.50,1.50
2010.11.16 14:43:49.435,0.96709,0.96741,1.50,1.50
2010.11.16 14:43:49.927,0.9671,0.9675,1.50,1.90
2010.11.16 14:43:50.816,0.96703,0.96731,2.90,1.50
2010.11.16 14:43:51.165,0.96709,0.96741,1.50,1.50
2010.11.16 14:43:52.217,0.9671,0.96759,2.10,1.10
2010.11.16 14:43:53.925,0.967,0.96749,2.30,1.40
2010.11.16 14:43:54.233,0.96699,0.96731,1.90,1.50
2010.11.16 14:43:56.485,0.96699,0.96731,1.90,1.50
2010.11.16 14:43:56.814,0.967,0.9675,2.10,2.90
2010.11.16 14:43:57.647,0.967,0.9675,2.10,2.10
2010.11.16 14:43:58.522,0.96691,0.96737,2.90,2.70
2010.11.16 14:43:59.096,0.967,0.96741,1.70,2.30
2010.11.16 14:43:59.873,0.96699,0.96731,1.50,1.50
2010.11.16 14:44:02.463,0.967,0.96732,1.90,1.50
2010.11.16 14:44:02.988,0.9671,0.96737,1.50,1.40
2010.11.16 14:44:03.204,0.96705,0.96737,1.50,1.50
2010.11.16 14:44:06.094,0.9671,0.96742,1.50,1.90
2010.11.16 14:44:06.579,0.967,0.96732,1.50,1.50
2010.11.16 14:44:08.584,0.9671,0.96742,1.50,1.50
2010.11.16 14:44:09.064,0.967,0.96741,1.70,2.50
2010.11.16 14:44:11.089,0.96681,0.9673,2.30,1.40
2010.11.16 14:44:11.523,0.96672,0.96722,2.50,2.50
2010.11.16 14:44:12.744,0.96675,0.96722,1.40,1.90
2010.11.16 14:44:12.856,0.96681,0.96732,2.10,4.70
2010.11.16 14:44:16.945,0.96691,0.96732,1.90,1.90
2010.11.16 14:44:18.054,0.96672,0.96719,1.90,1.40
2010.11.16 14:44:18.493,0.96672,0.96713,2.10,1.50
2010.11.16 14:44:18.782,0.96681,0.96722,1.90,1.50
2010.11.16 14:44:20.873,0.96672,0.96727,5.70,1.10
2010.11.16 14:44:23.263,0.96673,0.96729,3.30,1.70
2010.11.16 14:44:25.413,0.96672,0.96713,1.90,1.90
2010.11.16 14:44:27.782,0.96675,0.9673,3.30,1.70
2010.11.16 14:44:33.445,0.96673,0.96732,6.80,4.70
2010.11.16 14:44:34.956,0.9669,0.96722,1.50,1.50
2010.11.16 14:44:36.993,0.96681,0.96722,1.50,2.10
2010.11.16 14:44:40.065,0.96671,0.96703,1.90,1.50
2010.11.16 14:44:41.430,0.96682,0.96714,1.50,1.90
2010.11.16 14:44:41.535,0.96672,0.96713,1.90,1.50
2010.11.16 14:44:42.225,0.96671,0.96703,1.70,1.50
2010.11.16 14:44:42.928,0.96663,0.96703,1.90,1.50
2010.11.16 14:44:43.254,0.96672,0.96704,1.50,1.50
2010.11.16 14:44:43.720,0.96663,0.96703,2.30,1.50
2010.11.16 14:44:43.944,0.96667,0.96713,1.40,1.50
2010.11.16 14:44:46.956,0.96675,0.96722,1.40,2.10
2010.11.16 14:44:48.755,0.96681,0.96713,1.50,1.50
2010.11.16 14:44:49.993,0.96672,0.96713,4.70,1.50
2010.11.16 14:44:51.244,0.96682,0.96714,1.50,1.50
2010.11.16 14:44:51.573,0.96682,0.96722,1.50,1.90
2010.11.16 14:44:52.636,0.96676,0.96722,2.90,2.10
2010.11.16 14:44:52.853,0.96672,0.96713,1.70,1.50
2010.11.16 14:44:53.873,0.96663,0.96703,1.90,1.50
2010.11.16 14:44:54.093,0.96663,0.96713,2.10,2.10
2010.11.16 14:44:54.915,0.96663,0.96713,1.70,2.10
2010.11.16 14:44:55.243,0.96667,0.96694,1.40,1.50
2010.11.16 14:44:55.352,0.96672,0.9671,1.70,3.10
2010.11.16 14:44:55.948,0.96672,0.96713,1.70,1.50
2010.11.16 14:44:57.176,0.96663,0.96703,1.50,1.50
2010.11.16 14:44:58.523,0.96662,0.96694,1.50,1.50
2010.11.16 14:44:58.897,0.96671,0.96703,1.50,1.50
2010.11.16 14:44:59.228,0.96663,0.96703,1.50,1.70
2010.11.16 14:45:00.476,0.96662,0.96694,1.50,1.50
2010.11.16 14:45:01.063,0.96653,0.96685,1.50,1.50
2010.11.16 14:45:02.633,0.96653,0.96694,1.70,1.90
2010.11.16 14:45:04.953,0.96653,0.96694,2.10,1.50
2010.11.16 14:45:05.623,0.96663,0.96695,1.50,1.50
2010.11.16 14:45:06.144,0.96663,0.96703,1.50,2.10
2010.11.16 14:45:06.913,0.96663,0.96703,1.90,1.70
2010.11.16 14:45:07.387,0.96672,0.96713,1.70,1.50
2010.11.16 14:45:08.293,0.96671,0.96703,1.50,1.50
2010.11.16 14:45:08.733,0.96662,0.96694,1.70,1.50
2010.11.16 14:45:09.544,0.96662,0.96694,1.70,1.50
2010.11.16 14:45:12.546,0.96663,0.96713,2.90,2.50
2010.11.16 14:45:15.404,0.96663,0.96709,1.90,1.40
2010.11.16 14:45:16.305,0.96653,0.96694,1.90,1.50
2010.11.16 14:45:17.141,0.96653,0.96694,1.50,1.50
2010.11.16 14:45:19.596,0.96659,0.96694,2.90,1.50
2010.11.16 14:45:20.279,0.96653,0.967,1.90,1.40
2010.11.16 14:45:21.264,0.96663,0.96703,1.50,1.70
2010.11.16 14:45:21.705,0.96662,0.96694,1.50,1.50
2010.11.16 14:45:22.284,0.96663,0.96703,1.50,1.50
2010.11.16 14:45:23.963,0.96672,0.96713,1.70,1.50
2010.11.16 14:45:24.074,0.96672,0.96701,1.50,3.30
2010.11.16 14:45:24.418,0.96662,0.96694,1.50,1.50
2010.11.16 14:45:26.513,0.96653,0.96684,2.80,1.50
2010.11.16 14:45:27.173,0.96653,0.96694,2.10,1.50
2010.11.16 14:45:30.537,0.96652,0.96684,1.90,1.50
2010.11.16 14:45:31.347,0.96653,0.96694,2.60,1.70
2010.11.16 14:45:31.898,0.9667,0.96702,1.50,2.30
2010.11.16 14:45:32.266,0.96663,0.96695,1.50,2.10
2010.11.16 14:45:33.503,0.96663,0.96695,1.50,1.50
2010.11.16 14:45:34.862,0.96653,0.96685,1.90,1.50
2010.11.16 14:45:35.852,0.96654,0.96694,1.70,1.20
2010.11.16 14:45:38.423,0.96654,0.96695,2.50,1.70
2010.11.16 14:45:38.533,0.96663,0.96695,1.50,1.50
2010.11.16 14:45:39.626,0.96663,0.96695,1.50,1.90
2010.11.16 14:45:40.144,0.96653,0.96685,1.50,1.50
2010.11.16 14:45:41.431,0.96654,0.96695,1.50,2.10
2010.11.16 14:45:44.730,0.96653,0.96685,1.90,1.50
2010.11.16 14:45:45.065,0.96645,0.96677,2.30,1.50
2010.11.16 14:45:45.175,0.96645,0.96677,1.50,1.50
2010.11.16 14:45:45.844,0.96653,0.96685,1.70,1.90
2010.11.16 14:45:46.282,0.96654,0.96695,2.10,2.10
2010.11.16 14:45:47.847,0.96654,0.96686,1.90,1.50
2010.11.16 14:45:48.698,0.96644,0.96694,2.50,3.20
2010.11.16 14:45:50.314,0.96645,0.96694,1.40,2.90
2010.11.16 14:45:52.583,0.96644,0.96695,2.50,4.70
2010.11.16 14:45:53.172,0.96663,0.96695,1.50,1.50
2010.11.16 14:45:53.284,0.96654,0.96694,2.10,1.50
2010.11.16 14:45:54.242,0.96644,0.96694,2.90,4.70
2010.11.16 14:45:56.377,0.96653,0.96685,1.50,1.50
2010.11.16 14:46:01.136,0.96644,0.96685,2.30,1.90
2010.11.16 14:46:01.483,0.96643,0.96675,1.50,1.50
2010.11.16 14:46:02.144,0.96644,0.96685,1.90,4.70
2010.11.16 14:46:05.027,0.96643,0.96675,1.90,1.50
2010.11.16 14:46:06.713,0.96654,0.96686,1.50,1.50
2010.11.16 14:46:08.724,0.96635,0.96683,2.30,1.70
2010.11.16 14:46:09.067,0.96635,0.96676,1.50,2.30
2010.11.16 14:46:10.423,0.96625,0.96666,1.90,1.90
2010.11.16 14:46:10.857,0.96616,0.96656,1.90,2.10
2010.11.16 14:46:12.074,0.96616,0.96656,1.90,2.10
2010.11.16 14:46:12.845,0.96616,0.96656,1.90,1.90
2010.11.16 14:46:16.233,0.96616,0.96656,1.50,2.30
2010.11.16 14:46:18.264,0.96606,0.96647,1.90,2.10
2010.11.16 14:46:18.375,0.96605,0.96637,1.90,1.50
2010.11.16 14:46:18.846,0.96606,0.96647,1.70,1.90
2010.11.16 14:46:19.786,0.96616,0.96648,1.50,1.90
2010.11.16 14:46:20.009,0.96606,0.96647,2.10,1.90
2010.11.16 14:46:21.036,0.96597,0.96641,1.50,2.90
2010.11.16 14:46:21.583,0.96605,0.96637,1.50,1.50
2010.11.16 14:46:22.838,0.96616,0.96645,1.50,2.40
2010.11.16 14:46:23.163,0.96606,0.96647,1.70,1.50
2010.11.16 14:46:23.835,0.96616,0.96657,1.50,2.20
2010.11.16 14:46:25.925,0.96606,0.96647,1.90,1.50
2010.11.16 14:46:26.715,0.96605,0.96637,1.50,1.50
2010.11.16 14:46:29.294,0.96597,0.96637,1.90,1.50
2010.11.16 14:46:29.842,0.96596,0.96628,1.50,1.50
2010.11.16 14:46:30.064,0.96597,0.96637,1.50,1.50
2010.11.16 14:46:30.535,0.96596,0.96628,1.50,1.50
2010.11.16 14:46:30.756,0.96597,0.96637,1.50,1.70
2010.11.16 14:46:31.083,0.96606,0.96638,1.50,1.50
2010.11.16 14:46:31.535,0.96597,0.96637,1.50,1.50
2010.11.16 14:46:33.563,0.96597,0.96637,1.50,2.10
2010.11.16 14:46:35.232,0.96587,0.96628,1.70,1.50
2010.11.16 14:46:37.263,0.96596,0.96628,1.50,1.50
2010.11.16 14:46:39.880,0.96587,0.96628,1.70,1.90
2010.11.16 14:46:39.996,0.96586,0.96618,2.50,1.50
2010.11.16 14:46:40.644,0.96605,0.96637,1.50,1.50
2010.11.16 14:46:41.414,0.96597,0.96637,1.50,2.10
2010.11.16 14:46:43.805,0.96597,0.96637,1.50,2.10
2010.11.16 14:46:46.724,0.96597,0.96637,1.50,5.00
2010.11.16 14:46:46.947,0.96587,0.96636,2.10,2.00
2010.11.16 14:46:47.504,0.96587,0.96633,1.50,2.90
2010.11.16 14:46:49.584,0.96587,0.96628,1.50,1.70
2010.11.16 14:46:53.740,0.96597,0.96637,2.30,1.70
2010.11.16 14:46:54.173,0.96597,0.96644,4.70,1.10
2010.11.16 14:46:54.963,0.96597,0.96637,4.70,1.50
2010.11.16 14:46:55.074,0.96587,0.96628,2.30,1.50
2010.11.16 14:46:55.183,0.96587,0.96628,1.90,1.90
2010.11.16 14:46:57.453,0.96587,0.96635,3.20,6.80
2010.11.16 14:46:58.012,0.96587,0.96628,1.50,2.00
2010.11.16 14:46:59.718,0.96597,0.96638,1.50,2.00
2010.11.16 14:47:00.045,0.96597,0.96638,1.50,1.90
2010.11.16 14:47:00.659,0.96578,0.96628,3.00,10.60
2010.11.16 14:47:00.774,0.96578,0.96626,2.00,1.40
2010.11.16 14:47:01.155,0.96577,0.96609,1.90,1.50
2010.11.16 14:47:02.033,0.96578,0.96619,1.70,1.90
2010.11.16 14:47:02.516,0.96583,0.96619,2.90,1.50
2010.11.16 14:47:02.623,0.96587,0.96628,1.70,1.90
2010.11.16 14:47:04.675,0.96578,0.96625,2.50,2.70
2010.11.16 14:47:08.466,0.96578,0.96626,2.10,3.10
2010.11.16 14:47:08.793,0.96587,0.96619,1.50,1.90
2010.11.16 14:47:09.505,0.96578,0.96619,1.50,2.10
2010.11.16 14:47:09.614,0.96577,0.96609,1.50,1.50
2010.11.16 14:47:10.385,0.96578,0.96628,2.50,4.70
2010.11.16 14:47:11.013,0.96587,0.96628,1.40,1.90
2010.11.16 14:47:11.234,0.96587,0.96637,1.40,2.00
2010.11.16 14:47:13.043,0.96587,0.96619,1.50,2.90
2010.11.16 14:47:13.454,0.96571,0.96605,3.10,1.50
2010.11.16 14:47:14.291,0.96567,0.96599,2.00,1.50
2010.11.16 14:47:14.405,0.96568,0.96609,3.20,1.50
2010.11.16 14:47:16.254,0.96567,0.96599,1.70,1.50
2010.11.16 14:47:16.866,0.96577,0.96609,1.50,3.90
2010.11.16 14:47:18.433,0.96568,0.96618,4.70,12.60
2010.11.16 14:47:20.743,0.96577,0.96616,1.50,1.20
2010.11.16 14:47:20.855,0.96568,0.96615,2.10,3.10
2010.11.16 14:47:22.873,0.96568,0.96608,1.50,1.70
2010.11.16 14:47:26.453,0.96558,0.96608,2.90,1.90
2010.11.16 14:47:27.100,0.96577,0.96609,1.50,1.50
2010.11.16 14:47:27.313,0.96567,0.96608,1.90,1.50
2010.11.16 14:47:28.275,0.96577,0.96618,1.50,2.30
2010.11.16 14:47:28.607,0.96577,0.96618,1.50,2.30
2010.11.16 14:47:29.264,0.96587,0.96619,1.50,1.90
2010.11.16 14:47:31.381,0.96587,0.96619,1.50,1.50
2010.11.16 14:47:32.245,0.96601,0.96618,3.30,1.50
2010.11.16 14:47:32.353,0.96614,0.96646,1.50,2.30
2010.11.16 14:47:32.607,0.96614,0.96646,1.50,1.50
2010.11.16 14:47:33.044,0.96606,0.96646,1.50,1.50
2010.11.16 14:47:34.893,0.96605,0.96637,1.70,1.50
2010.11.16 14:47:36.903,0.96595,0.96627,1.50,1.50
2010.11.16 14:47:37.123,0.96586,0.96628,4.70,1.50
2010.11.16 14:47:37.342,0.96596,0.96628,1.50,1.50
2010.11.16 14:47:37.941,0.96586,0.96627,1.90,1.50
2010.11.16 14:47:38.456,0.96586,0.96627,1.90,1.90
2010.11.16 14:47:39.004,0.96595,0.96627,1.50,1.50
2010.11.16 14:47:39.463,0.96596,0.96645,2.10,3.30
2010.11.16 14:47:39.575,0.96604,0.96636,1.50,1.50
2010.11.16 14:47:40.342,0.96605,0.96646,1.50,1.70
2010.11.16 14:47:40.989,0.96614,0.96646,1.50,1.50
2010.11.16 14:47:41.786,0.96625,0.96657,1.50,1.70
2010.11.16 14:47:41.894,0.96615,0.96656,2.10,1.50
2010.11.16 14:47:42.004,0.96625,0.96657,1.50,1.50
2010.11.16 14:47:42.333,0.96615,0.96656,1.50,2.10
2010.11.16 14:47:42.674,0.96606,0.96646,1.50,1.50
2010.11.16 14:47:42.784,0.96605,0.96637,1.50,1.50
2010.11.16 14:47:43.815,0.96606,0.96646,1.50,1.90
2010.11.16 14:47:46.396,0.96606,0.96646,1.50,1.90
2010.11.16 14:47:47.749,0.96615,0.96647,1.50,1.90
2010.11.16 14:47:49.843,0.96616,0.96646,3.30,1.50
2010.11.16 14:47:50.236,0.96625,0.96657,1.50,1.90
2010.11.16 14:47:50.348,0.96615,0.96656,1.50,1.50
2010.11.16 14:47:54.754,0.96615,0.96656,1.50,1.90
2010.11.16 14:47:54.863,0.96614,0.96646,1.70,1.50
2010.11.16 14:47:56.947,0.96615,0.96656,1.80,1.90
2010.11.16 14:47:58.963,0.9661,0.96656,2.60,4.70
2010.11.16 14:48:00.876,0.96607,0.96646,1.20,1.50
2010.11.16 14:48:01.094,0.96606,0.96646,1.50,1.50
2010.11.16 14:48:01.775,0.96615,0.96656,1.50,2.10
2010.11.16 14:48:02.323,0.96614,0.96646,1.50,1.50
2010.11.16 14:48:04.550,0.96606,0.96654,2.50,1.20
2010.11.16 14:48:06.643,0.96606,0.96656,2.10,2.10
2010.11.16 14:48:07.083,0.96625,0.96666,1.50,1.50
2010.11.16 14:48:09.073,0.96615,0.96666,2.50,4.70
2010.11.16 14:48:09.853,0.96625,0.96657,1.50,1.50
2010.11.16 14:48:10.183,0.96615,0.96656,1.50,1.90
2010.11.16 14:48:13.963,0.96615,0.96653,1.50,1.40
2010.11.16 14:48:14.075,0.96606,0.96646,1.50,1.90
2010.11.16 14:48:16.773,0.96609,0.96656,1.40,4.60
2010.11.16 14:48:17.695,0.96615,0.96655,1.50,1.40
2010.11.16 14:48:17.914,0.96606,0.96646,1.50,1.90
2010.11.16 14:48:20.352,0.96599,0.96646,2.00,2.10
2010.11.16 14:48:22.359,0.96606,0.96653,2.10,2.00
2010.11.16 14:48:24.246,0.96596,0.9664,2.30,1.40
2010.11.16 14:48:24.464,0.96596,0.96637,1.50,2.10
2010.11.16 14:48:25.493,0.96596,0.96637,1.50,1.90
2010.11.16 14:48:28.254,0.96596,0.96646,6.60,1.30
2010.11.16 14:48:30.897,0.96625,0.96666,1.50,1.50
2010.11.16 14:48:31.113,0.96615,0.96656,1.90,1.50
2010.11.16 14:48:33.153,0.9662,0.96666,2.40,2.50
2010.11.16 14:48:34.054,0.96616,0.96656,1.90,1.50
2010.11.16 14:48:34.906,0.96626,0.96665,1.50,2.70
2010.11.16 14:48:36.278,0.96635,0.96667,1.50,1.50
2010.11.16 14:48:36.604,0.96625,0.96657,1.70,1.50
2010.11.16 14:48:36.935,0.96634,0.96666,1.70,1.50
2010.11.16 14:48:37.305,0.96635,0.96676,1.70,2.10
2010.11.16 14:48:41.534,0.96635,0.96667,1.50,2.10
2010.11.16 14:48:41.973,0.96625,0.96657,1.50,1.50
2010.11.16 14:48:43.002,0.96625,0.96657,1.50,2.50
2010.11.16 14:48:43.225,0.96615,0.96647,1.70,1.50
2010.11.16 14:48:43.581,0.96616,0.96657,1.70,1.70
2010.11.16 14:48:43.694,0.96616,0.96657,2.10,1.70
2010.11.16 14:48:43.804,0.96626,0.96666,1.70,1.50
2010.11.16 14:48:43.916,0.96626,0.96666,1.70,1.90
2010.11.16 14:48:44.659,0.96626,0.96666,1.70,1.50
2010.11.16 14:48:46.973,0.96626,0.96666,1.50,1.70
2010.11.16 14:48:47.092,0.96635,0.96667,1.50,2.20
2010.11.16 14:48:47.206,0.96626,0.96666,1.50,2.10
2010.11.16 14:48:49.944,0.96626,0.96666,1.90,2.10
2010.11.16 14:48:52.132,0.96626,0.96672,2.10,1.40
2010.11.16 14:48:55.413,0.96635,0.96676,1.50,2.10
2010.11.16 14:48:57.859,0.96626,0.96666,1.50,2.50
2010.11.16 14:48:58.194,0.96626,0.96666,1.50,1.90
2010.11.16 14:48:59.824,0.96626,0.96666,1.50,1.90
2010.11.16 14:49:01.813,0.96616,0.96657,1.50,2.10
2010.11.16 14:49:04.004,0.96616,0.96657,1.50,2.50
2010.11.16 14:49:04.223,0.96615,0.96647,1.50,1.50
2010.11.16 14:49:04.443,0.96607,0.96647,1.50,1.50
2010.11.16 14:49:13.344,0.96607,0.96647,1.50,1.90
2010.11.16 14:49:13.646,0.96605,0.96637,1.50,1.50
2010.11.16 14:49:13.865,0.96606,0.96638,1.70,1.50
2010.11.16 14:49:14.769,0.96615,0.96656,1.70,1.70
2010.11.16 14:49:16.823,0.96606,0.96646,2.10,1.50
2010.11.16 14:49:18.893,0.96597,0.96637,4.30,2.50
2010.11.16 14:49:19.013,0.96589,0.96637,7.70,2.90
2010.11.16 14:49:24.004,0.96596,0.96647,1.90,5.20
2010.11.16 14:49:24.508,0.96605,0.96637,1.90,1.50
2010.11.16 14:49:24.615,0.96606,0.96646,1.50,1.50
2010.11.16 14:49:27.274,0.96596,0.96646,2.90,2.10
2010.11.16 14:49:31.335,0.96596,0.96637,2.50,1.50
2010.11.16 14:49:31.555,0.96597,0.96647,2.10,2.50
2010.11.16 14:49:33.815,0.96607,0.96654,1.90,1.70
2010.11.16 14:49:34.364,0.96607,0.96657,2.10,2.10
2010.11.16 14:49:36.166,0.96607,0.96657,1.70,4.70
2010.11.16 14:49:36.276,0.96597,0.96649,5.00,1.40
2010.11.16 14:49:37.334,0.96606,0.96644,1.50,2.10
2010.11.16 14:49:37.554,0.96597,0.96645,2.10,1.20
2010.11.16 14:49:37.922,0.96599,0.96645,1.40,1.20
2010.11.16 14:49:38.256,0.96616,0.96648,1.50,1.50
2010.11.16 14:49:38.764,0.96616,0.96656,2.10,1.90
2010.11.16 14:49:38.876,0.96616,0.96665,2.50,2.00
2010.11.16 14:49:39.556,0.96626,0.96666,1.50,2.30
2010.11.16 14:49:39.663,0.96626,0.96666,1.50,1.90
2010.11.16 14:49:40.774,0.96626,0.96663,1.50,1.40
2010.11.16 14:49:41.149,0.96616,0.96657,1.90,1.90
2010.11.16 14:49:41.258,0.96635,0.96676,4.20,1.50
2010.11.16 14:49:41.584,0.96644,0.96676,1.50,1.70
2010.11.16 14:49:41.957,0.96635,0.96675,1.50,2.50
2010.11.16 14:49:43.205,0.96625,0.96666,1.50,1.50
2010.11.16 14:49:45.723,0.96634,0.96666,1.50,1.50
2010.11.16 14:49:46.674,0.96635,0.96676,1.90,2.10
2010.11.16 14:49:47.942,0.96635,0.96676,2.30,1.70
2010.11.16 14:49:48.724,0.96635,0.96676,1.90,2.90
2010.11.16 14:49:49.410,0.96616,0.96657,2.40,2.10
2010.11.16 14:49:50.183,0.96616,0.96657,2.70,1.50
2010.11.16 14:49:50.635,0.96606,0.96647,1.60,1.50
2010.11.16 14:49:52.155,0.96616,0.96656,2.30,1.50
2010.11.16 14:49:52.374,0.96625,0.96666,1.50,2.10
2010.11.16 14:49:53.494,0.96635,0.96676,1.50,2.30
2010.11.16 14:49:53.934,0.96644,0.96685,1.50,1.90
2010.11.16 14:49:54.392,0.96644,0.96676,1.50,1.50
2010.11.16 14:49:54.833,0.96644,0.96685,1.50,2.50
2010.11.16 14:49:55.430,0.96644,0.96676,1.50,1.50
2010.11.16 14:49:58.185,0.96644,0.96676,1.50,1.50
2010.11.16 14:49:59.924,0.96635,0.96675,1.50,1.50
2010.11.16 14:50:02.516,0.96647,0.96675,2.40,1.50
2010.11.16 14:50:02.898,0.96654,0.96695,1.50,2.50
2010.11.16 14:50:05.211,0.96653,0.96685,1.50,1.50
2010.11.16 14:50:06.993,0.96654,0.96695,1.50,2.10
2010.11.16 14:50:09.746,0.96654,0.96695,3.90,2.10
2010.11.16 14:50:10.583,0.96663,0.96695,1.50,1.90
2010.11.16 14:50:11.178,0.96673,0.96705,1.50,1.50
2010.11.16 14:50:11.534,0.96664,0.96696,1.50,1.50
2010.11.16 14:50:12.863,0.96654,0.96695,2.30,1.50
2010.11.16 14:50:15.851,0.96664,0.96696,1.50,1.50
2010.11.16 14:50:16.246,0.96672,0.96704,1.50,1.50
2010.11.16 14:50:16.805,0.96665,0.96695,2.70,1.50
2010.11.16 14:50:17.024,0.96672,0.96704,1.50,1.50
2010.11.16 14:50:20.474,0.96673,0.96705,1.50,1.50
2010.11.16 14:50:21.046,0.96664,0.96704,1.90,1.50
2010.11.16 14:50:21.915,0.96664,0.96704,1.50,1.50
2010.11.16 14:50:22.246,0.96668,0.96704,2.90,1.50
2010.11.16 14:50:22.464,0.96673,0.96714,1.50,2.10
2010.11.16 14:50:22.574,0.96672,0.96704,1.50,1.50
2010.11.16 14:50:22.953,0.96673,0.96714,1.50,2.90
2010.11.16 14:50:23.524,0.96664,0.96704,2.70,1.50
2010.11.16 14:50:24.435,0.96664,0.9671,1.90,1.40
2010.11.16 14:50:26.671,0.96666,0.96704,3.30,1.50
2010.11.16 14:50:28.434,0.9667,0.96714,2.70,2.10
2010.11.16 14:50:30.933,0.96673,0.96714,1.50,1.70
2010.11.16 14:50:31.153,0.96672,0.96704,1.50,1.50
2010.11.16 14:50:31.263,0.96673,0.96714,1.50,2.50
2010.11.16 14:50:31.819,0.96663,0.96704,1.70,1.50
2010.11.16 14:50:33.619,0.96669,0.96695,1.40,1.50
2010.11.16 14:50:33.724,0.96678,0.9671,1.50,2.30
2010.11.16 14:50:33.834,0.96669,0.96704,2.40,1.50
2010.11.16 14:50:36.015,0.96664,0.96704,2.90,1.50
2010.11.16 14:50:36.454,0.96673,0.96714,1.70,1.90
2010.11.16 14:50:37.913,0.96672,0.96704,1.90,1.50
2010.11.16 14:50:38.435,0.96683,0.96715,1.50,1.50
2010.11.16 14:50:38.764,0.96673,0.96714,4.10,1.50
2010.11.16 14:50:40.730,0.96702,0.96732,1.50,1.10
2010.11.16 14:50:40.851,0.96683,0.96723,1.70,1.50
2010.11.16 14:50:40.965,0.96691,0.96723,1.50,1.50
2010.11.16 14:50:41.560,0.96692,0.96733,1.70,1.50
2010.11.16 14:50:43.255,0.96686,0.96733,1.40,1.50
2010.11.16 14:50:45.454,0.96702,0.96734,1.50,2.10
2010.11.16 14:50:45.752,0.96692,0.96724,1.90,1.50
2010.11.16 14:50:46.524,0.96683,0.96723,4.80,1.50
2010.11.16 14:50:50.213,0.96673,0.96714,1.70,1.90
2010.11.16 14:50:50.433,0.96672,0.96704,1.70,1.50
2010.11.16 14:50:50.544,0.96673,0.96714,1.70,1.50
2010.11.16 14:50:52.137,0.96672,0.96704,1.50,1.50
2010.11.16 14:50:53.184,0.96673,0.96714,1.50,1.70
2010.11.16 14:50:54.254,0.96672,0.96704,1.50,1.50
2010.11.16 14:50:57.194,0.96682,0.96714,1.50,2.10
2010.11.16 14:50:57.856,0.96683,0.96723,1.50,1.50
2010.11.16 14:51:02.871,0.96683,0.96723,1.50,1.50
2010.11.16 14:51:04.493,0.96682,0.96714,1.50,1.50
2010.11.16 14:51:05.574,0.96672,0.96704,2.50,1.50
2010.11.16 14:51:06.057,0.96682,0.96714,1.50,1.50
2010.11.16 14:51:06.274,0.96673,0.96714,2.50,1.70
2010.11.16 14:51:07.404,0.96683,0.96723,2.90,1.90
2010.11.16 14:51:07.623,0.96682,0.96714,2.10,1.50
2010.11.16 14:51:08.136,0.96683,0.96723,1.70,1.70
2010.11.16 14:51:08.354,0.96692,0.96724,1.50,1.50
2010.11.16 14:51:09.502,0.96701,0.96733,1.50,1.50
2010.11.16 14:51:15.087,0.96701,0.96733,1.80,1.50
2010.11.16 14:51:18.633,0.96701,0.96733,1.90,1.50
2010.11.16 14:51:19.036,0.96701,0.96733,1.60,1.50
2010.11.16 14:51:19.827,0.96701,0.96733,1.70,1.50
2010.11.16 14:51:22.466,0.96701,0.96733,1.90,1.50
2010.11.16 14:51:23.378,0.96707,0.96733,1.40,1.50
2010.11.16 14:51:23.485,0.96721,0.96753,1.50,2.30
2010.11.16 14:51:23.597,0.9671,0.96742,1.50,1.50
2010.11.16 14:51:26.194,0.96702,0.96742,1.50,2.50
2010.11.16 14:51:27.355,0.9671,0.96742,1.50,1.90
2010.11.16 14:51:27.794,0.96702,0.96742,4.40,2.90
2010.11.16 14:51:28.165,0.96694,0.96742,6.60,3.20
2010.11.16 14:51:29.899,0.96696,0.96742,2.40,5.70
2010.11.16 14:51:31.723,0.96711,0.96743,1.50,1.50
2010.11.16 14:51:32.196,0.967,0.96732,1.90,1.50
2010.11.16 14:51:32.525,0.96702,0.96734,1.90,1.50
2010.11.16 14:51:32.745,0.96719,0.96751,1.50,1.50
2010.11.16 14:51:33.049,0.9671,0.96742,1.50,1.50
2010.11.16 14:51:33.200,0.96711,0.96751,1.50,1.70
2010.11.16 14:51:33.643,0.96721,0.96753,1.50,1.90
2010.11.16 14:51:34.643,0.96715,0.96747,1.50,1.50
2010.11.16 14:51:35.055,0.96721,0.96753,1.50,2.50
2010.11.16 14:51:36.493,0.96715,0.96747,1.50,1.50
2010.11.16 14:51:36.989,0.9672,0.96752,1.50,1.70
2010.11.16 14:51:38.945,0.9673,0.96762,1.50,2.10
2010.11.16 14:51:39.386,0.96721,0.96753,1.50,1.70
2010.11.16 14:51:39.836,0.96711,0.96751,2.30,1.70
2010.11.16 14:51:40.275,0.96721,0.96753,1.50,1.50
2010.11.16 14:51:41.749,0.96711,0.96752,1.90,2.10
2010.11.16 14:51:41.893,0.96711,0.96747,1.50,1.70
2010.11.16 14:51:42.003,0.96702,0.96742,1.70,1.50
2010.11.16 14:51:42.865,0.96711,0.96752,1.50,1.70
2010.11.16 14:51:44.735,0.96718,0.9675,1.50,1.50
2010.11.16 14:51:45.285,0.96721,0.96761,1.70,1.70
2010.11.16 14:51:47.614,0.9673,0.96762,1.50,1.70
2010.11.16 14:51:51.375,0.9673,0.96762,1.50,1.50
2010.11.16 14:51:55.225,0.9673,0.96762,1.50,2.50
2010.11.16 14:51:55.343,0.96722,0.96752,3.10,1.50
2010.11.16 14:51:57.397,0.96721,0.96761,1.60,1.50
2010.11.16 14:51:59.504,0.9673,0.96762,1.50,2.50
2010.11.16 14:51:59.802,0.9672,0.96752,3.90,1.50
2010.11.16 14:52:02.827,0.9672,0.96761,2.20,1.70
2010.11.16 14:52:03.263,0.9673,0.96762,1.50,1.50
2010.11.16 14:52:08.703,0.9674,0.96772,1.50,2.50
2010.11.16 14:52:09.783,0.96731,0.96771,2.40,1.50
2010.11.16 14:52:10.161,0.96722,0.96771,1.10,4.70
2010.11.16 14:52:11.195,0.96722,0.96771,1.10,2.50
2010.11.16 14:52:11.312,0.96721,0.96767,2.40,1.70
2010.11.16 14:52:14.918,0.96713,0.96761,3.50,2.10
2010.11.16 14:52:17.084,0.9672,0.96771,2.30,7.60
2010.11.16 14:52:17.796,0.9673,0.96771,1.50,1.90
2010.11.16 14:52:20.044,0.96731,0.96771,2.40,1.90
2010.11.16 14:52:20.168,0.96739,0.96771,1.50,1.50
2010.11.16 14:52:21.600,0.9673,0.96771,1.90,1.70
2010.11.16 14:52:23.164,0.96739,0.9678,1.50,1.50
2010.11.16 14:52:24.966,0.96739,0.96771,1.50,1.50
2010.11.16 14:52:27.158,0.96729,0.96761,2.30,1.50
2010.11.16 14:52:29.416,0.96734,0.96766,1.90,1.50
2010.11.16 14:52:29.744,0.96748,0.9678,1.50,1.50
2010.11.16 14:52:33.808,0.96745,0.9678,1.50,1.70
2010.11.16 14:52:34.136,0.9674,0.9678,1.70,1.50
2010.11.16 14:52:35.922,0.96747,0.96779,1.50,1.90
2010.11.16 14:52:37.788,0.96749,0.96781,1.70,1.50
2010.11.16 14:52:37.894,0.96749,0.9679,1.70,2.10
2010.11.16 14:52:39.025,0.9675,0.96782,1.50,1.50
2010.11.16 14:52:39.767,0.9674,0.96781,1.70,1.70
2010.11.16 14:52:40.369,0.96739,0.96771,1.50,1.50
2010.11.16 14:52:41.648,0.96749,0.96781,1.50,1.50
2010.11.16 14:52:52.084,0.9675,0.9679,1.50,1.90
2010.11.16 14:52:53.637,0.96759,0.96791,1.50,1.70
2010.11.16 14:52:55.899,0.96758,0.9679,1.50,1.50
2010.11.16 14:52:57.025,0.96755,0.96781,2.70,1.50
2010.11.16 14:52:57.355,0.96758,0.9679,1.90,1.50
2010.11.16 14:52:58.924,0.96769,0.96801,1.50,1.50
2010.11.16 14:52:59.400,0.96766,0.9679,2.70,1.50
2010.11.16 14:52:59.519,0.9675,0.9679,1.90,1.50
2010.11.16 14:53:01.746,0.9675,0.96783,1.50,1.40
2010.11.16 14:53:01.966,0.96739,0.96771,1.50,1.50
2010.11.16 14:53:04.438,0.9674,0.96785,2.90,2.50
2010.11.16 14:53:04.915,0.9675,0.96791,1.50,1.70
2010.11.16 14:53:05.135,0.96759,0.96791,1.50,1.50
2010.11.16 14:53:05.705,0.9675,0.96791,1.50,1.70
2010.11.16 14:53:07.672,0.9675,0.96791,1.90,1.50
2010.11.16 14:53:10.035,0.9675,0.96791,2.30,1.50
2010.11.16 14:53:11.861,0.9675,0.96791,1.90,1.50
2010.11.16 14:53:13.446,0.9675,0.96791,1.90,2.50
2010.11.16 14:53:13.908,0.96735,0.96782,1.20,2.10
2010.11.16 14:53:14.346,0.96731,0.96781,2.30,1.70
2010.11.16 14:53:14.728,0.96731,0.96782,4.60,2.50
2010.11.16 14:53:17.436,0.96733,0.96782,1.20,1.70
2010.11.16 14:53:18.245,0.96731,0.96782,4.60,2.10
2010.11.16 14:53:18.354,0.96731,0.96781,1.90,7.70
2010.11.16 14:53:18.464,0.96731,0.96772,4.70,1.50
2010.11.16 14:53:18.809,0.96741,0.96782,1.50,1.50
2010.11.16 14:53:19.996,0.9674,0.96781,1.20,1.70
2010.11.16 14:53:20.707,0.96741,0.96791,2.10,4.60
2010.11.16 14:53:21.615,0.96741,0.96781,2.70,1.50
2010.11.16 14:53:23.666,0.96738,0.96781,2.70,2.10
2010.11.16 14:53:23.994,0.96741,0.96773,1.50,1.50
2010.11.16 14:53:24.915,0.96733,0.96772,1.10,1.50
2010.11.16 14:53:25.136,0.96741,0.96781,1.50,1.90
2010.11.16 14:53:27.035,0.96731,0.96772,4.40,1.50
2010.11.16 14:53:27.385,0.96724,0.96773,2.00,1.40
2010.11.16 14:53:28.492,0.96731,0.96763,1.50,2.90
2010.11.16 14:53:28.612,0.96731,0.96772,1.50,1.90
2010.11.16 14:53:29.435,0.96734,0.96781,1.70,1.70
2010.11.16 14:53:31.734,0.96731,0.96773,1.90,1.50
2010.11.16 14:53:32.697,0.96731,0.9678,1.40,1.10
2010.11.16 14:53:34.314,0.9674,0.96781,1.50,1.90
2010.11.16 14:53:35.148,0.96731,0.96776,1.90,2.90
2010.11.16 14:53:36.268,0.96734,0.96771,1.70,1.50
2010.11.16 14:53:36.375,0.9674,0.96781,1.50,2.20
2010.11.16 14:53:36.484,0.96739,0.96771,1.50,1.50
2010.11.16 14:53:39.662,0.9673,0.96776,2.10,1.40
2010.11.16 14:53:40.156,0.96731,0.9678,1.40,1.90
2010.11.16 14:53:41.487,0.96749,0.96781,1.50,1.50
2010.11.16 14:53:42.317,0.9674,0.96781,1.90,1.70
2010.11.16 14:53:43.086,0.96749,0.96781,1.50,1.50
2010.11.16 14:53:43.607,0.96749,0.9679,1.90,1.70
2010.11.16 14:53:44.154,0.96749,0.96781,1.50,1.50
2010.11.16 14:53:48.451,0.96749,0.96781,1.70,1.50
2010.11.16 14:53:48.566,0.96759,0.96791,1.50,1.50
2010.11.16 14:53:51.407,0.96749,0.9679,2.30,2.10
2010.11.16 14:53:54.087,0.96758,0.96791,1.50,1.90
2010.11.16 14:53:58.210,0.96758,0.9679,1.50,1.50
2010.11.16 14:53:59.485,0.96759,0.968,1.50,2.50
2010.11.16 14:54:01.779,0.96749,0.9679,2.30,1.70
2010.11.16 14:54:02.995,0.96759,0.968,1.50,1.70
2010.11.16 14:54:07.456,0.96759,0.968,2.10,1.50
2010.11.16 14:54:08.235,0.96758,0.968,1.20,1.70
2010.11.16 14:54:09.306,0.96769,0.9681,1.90,2.10
2010.11.16 14:54:09.677,0.9676,0.9681,6.80,6.60
2010.11.16 14:54:09.785,0.9676,0.96807,3.10,1.40
2010.11.16 14:54:12.334,0.9676,0.96801,1.50,2.50
2010.11.16 14:54:13.264,0.9676,0.9681,2.10,2.10
2010.11.16 14:54:13.377,0.9676,0.96801,1.70,1.50
2010.11.16 14:54:15.457,0.96754,0.96801,3.30,1.50
2010.11.16 14:54:16.423,0.96752,0.96791,1.20,1.50
2010.11.16 14:54:16.538,0.9675,0.96791,1.50,1.50
2010.11.16 14:54:18.674,0.96742,0.9679,3.10,1.40
2010.11.16 14:54:19.004,0.96741,0.96782,1.90,1.90
2010.11.16 14:54:19.477,0.96731,0.96772,1.50,1.90
2010.11.16 14:54:21.989,0.96732,0.96782,2.40,3.20
2010.11.16 14:54:23.205,0.96731,0.96788,2.50,1.10
2010.11.16 14:54:25.442,0.96731,0.96781,4.70,2.30
2010.11.16 14:54:25.565,0.9674,0.96781,2.10,1.90
2010.11.16 14:54:25.675,0.9674,0.96791,2.10,2.30
2010.11.16 14:54:28.064,0.96733,0.96791,1.40,2.90
2010.11.16 14:54:28.509,0.96731,0.96791,4.70,6.60
2010.11.16 14:54:29.871,0.9674,0.96779,1.50,1.40
2010.11.16 14:54:29.986,0.96731,0.96772,1.50,1.50
2010.11.16 14:54:30.239,0.96731,0.96772,2.10,1.50
2010.11.16 14:54:30.346,0.96735,0.96791,3.30,6.60
2010.11.16 14:54:32.814,0.96738,0.96791,2.80,3.20
2010.11.16 14:54:34.246,0.9675,0.96791,2.10,1.90
2010.11.16 14:54:34.731,0.96743,0.96791,2.70,5.70
2010.11.16 14:54:36.628,0.96736,0.96785,2.40,1.70
2010.11.16 14:54:39.447,0.96736,0.96782,2.70,2.10
2010.11.16 14:54:41.684,0.96731,0.96772,1.50,1.50
2010.11.16 14:54:42.194,0.96741,0.96773,1.50,1.70
2010.11.16 14:54:42.416,0.96749,0.96792,2.70,2.10
2010.11.16 14:54:42.527,0.96751,0.96787,1.50,1.40
2010.11.16 14:54:42.895,0.96732,0.96782,4.80,2.90
2010.11.16 14:54:43.861,0.96742,0.96782,1.50,1.50
2010.11.16 14:54:44.766,0.96761,0.96797,1.50,1.20
2010.11.16 14:54:45.355,0.96752,0.96802,2.10,2.50
2010.11.16 14:54:47.435,0.96742,0.96792,4.40,1.70
2010.11.16 14:54:50.448,0.96741,0.96773,1.90,1.50
2010.11.16 14:54:50.664,0.96742,0.96782,1.50,1.70
2010.11.16 14:54:51.247,0.96751,0.96792,1.50,1.90
2010.11.16 14:54:52.039,0.96741,0.96773,1.90,1.50
2010.11.16 14:54:52.476,0.96731,0.96763,1.50,1.50
2010.11.16 14:54:54.731,0.96731,0.96763,1.60,1.50
2010.11.16 14:54:56.851,0.96732,0.9678,2.60,1.40
2010.11.16 14:54:57.563,0.96742,0.96782,2.90,1.90
2010.11.16 14:54:57.665,0.96742,0.96792,4.80,2.50
2010.11.16 14:54:57.886,0.96761,0.96793,1.50,2.30
2010.11.16 14:54:58.446,0.96751,0.96792,1.50,1.90
2010.11.16 14:54:58.896,0.96751,0.96792,1.50,2.90
2010.11.16 14:54:59.594,0.96747,0.96792,1.70,1.70
2010.11.16 14:55:01.786,0.96751,0.96792,1.50,1.90
2010.11.16 14:55:03.827,0.96746,0.96792,2.80,2.50
2010.11.16 14:55:04.959,0.96746,0.96792,2.40,4.70
2010.11.16 14:55:07.108,0.96741,0.96782,2.40,2.30
2010.11.16 14:55:08.045,0.96741,0.96773,3.90,1.50
2010.11.16 14:55:08.265,0.96732,0.96773,4.20,1.50
2010.11.16 14:55:08.766,0.96732,0.96764,3.90,2.00
2010.11.16 14:55:08.985,0.96722,0.96754,1.50,1.50
2010.11.16 14:55:09.458,0.96713,0.96745,1.50,1.50
2010.11.16 14:55:09.675,0.96723,0.96755,1.50,1.50
2010.11.16 14:55:09.786,0.96713,0.96754,1.50,1.70
2010.11.16 14:55:13.140,0.96713,0.96754,4.20,1.70
2010.11.16 14:55:14.247,0.96723,0.96764,1.50,2.50
2010.11.16 14:55:15.904,0.96722,0.96754,2.50,1.50
2010.11.16 14:55:16.256,0.96732,0.96764,1.50,1.50
2010.11.16 14:55:17.605,0.96732,0.96764,1.50,2.50
2010.11.16 14:55:17.714,0.96723,0.96764,1.90,2.50
2010.11.16 14:55:18.275,0.96723,0.96764,1.50,1.70
2010.11.16 14:55:18.495,0.96732,0.96772,1.70,1.20
2010.11.16 14:55:18.606,0.96732,0.96773,1.70,1.70
2010.11.16 14:55:19.395,0.96742,0.96774,1.50,1.70
2010.11.16 14:55:19.506,0.96732,0.96778,2.90,2.60
2010.11.16 14:55:22.796,0.96731,0.96763,1.90,1.50
2010.11.16 14:55:24.105,0.96732,0.96773,2.30,2.10
2010.11.16 14:55:26.497,0.96742,0.96782,1.50,1.90
2010.11.16 14:55:26.935,0.96742,0.96792,2.50,2.50
2010.11.16 14:55:32.388,0.96742,0.9679,2.30,1.40
2010.11.16 14:55:35.534,0.96733,0.96782,2.70,2.10
2010.11.16 14:55:37.604,0.96751,0.96792,1.50,1.70
2010.11.16 14:55:38.173,0.96732,0.96782,2.40,2.10
2010.11.16 14:55:40.255,0.96738,0.96782,2.70,1.70
2010.11.16 14:55:43.666,0.96732,0.96782,1.90,1.70
2010.11.16 14:55:44.934,0.96741,0.96773,1.50,1.50
2010.11.16 14:55:47.275,0.96742,0.96782,1.50,2.10
2010.11.16 14:55:47.494,0.96751,0.96783,1.50,1.90
2010.11.16 14:55:51.587,0.96751,0.96783,3.90,1.50
2010.11.16 14:55:54.187,0.96751,0.96783,1.90,1.50
2010.11.16 14:55:54.404,0.96761,0.96793,1.50,1.50
2010.11.16 14:55:54.626,0.96751,0.96792,1.90,1.70
2010.11.16 14:55:56.015,0.9676,0.96792,1.50,1.50
2010.11.16 14:55:56.348,0.96751,0.96783,1.50,1.50
2010.11.16 14:55:57.254,0.9676,0.96792,1.50,1.90
2010.11.16 14:55:57.367,0.96753,0.96792,2.70,2.10
2010.11.16 14:56:00.027,0.96751,0.96801,1.90,2.10
2010.11.16 14:56:02.774,0.96751,0.96792,1.50,1.50
2010.11.16 14:56:06.614,0.96751,0.96792,2.30,1.90
2010.11.16 14:56:09.300,0.96751,0.96792,1.90,1.90
2010.11.16 14:56:09.858,0.96741,0.9678,1.50,1.40
2010.11.16 14:56:11.205,0.96741,0.96782,2.50,1.50
2010.11.16 14:56:11.578,0.96741,0.96799,10.60,6.80
2010.11.16 14:56:15.225,0.9675,0.96801,1.90,4.60
2010.11.16 14:56:16.774,0.96741,0.96791,4.40,2.10
2010.11.16 14:56:19.525,0.9675,0.96799,1.90,1.40
2010.11.16 14:56:23.121,0.96741,0.96791,2.30,2.10
2010.11.16 14:56:25.214,0.96757,0.96801,2.40,2.50
2010.11.16 14:56:27.765,0.96757,0.96801,2.70,2.10
2010.11.16 14:56:28.094,0.96753,0.96801,2.70,2.30
2010.11.16 14:56:30.214,0.96758,0.96801,2.90,1.90
2010.11.16 14:56:30.325,0.96762,0.96811,2.70,2.50
2010.11.16 14:56:31.807,0.96751,0.96801,5.20,2.50
2010.11.16 14:56:32.936,0.9676,0.96801,2.70,2.50
2010.11.16 14:56:33.900,0.96761,0.96801,1.90,1.70
2010.11.16 14:56:35.763,0.96761,0.96811,2.10,1.40
2010.11.16 14:56:38.765,0.9676,0.96801,2.40,3.20
2010.11.16 14:56:38.874,0.96752,0.96801,3.00,3.20
2010.11.16 14:56:42.042,0.96755,0.96801,2.40,3.20
2010.11.16 14:56:42.156,0.96759,0.96801,3.70,1.90
2010.11.16 14:56:42.627,0.9676,0.96792,1.50,1.50
2010.11.16 14:56:43.534,0.96761,0.96801,1.90,2.10
2010.11.16 14:56:45.914,0.96764,0.96801,2.40,1.70
2010.11.16 14:56:48.695,0.96766,0.96811,2.40,2.90
2010.11.16 14:56:51.954,0.96761,0.96801,1.90,1.50
2010.11.16 14:56:52.295,0.9677,0.96802,1.50,1.50
2010.11.16 14:56:53.204,0.9677,0.96811,1.50,1.50
2010.11.16 14:56:55.394,0.9678,0.96812,1.50,2.10
2010.11.16 14:56:57.835,0.9677,0.96811,1.50,1.90
2010.11.16 14:57:00.555,0.9677,0.96811,1.50,2.30
2010.11.16 14:57:02.854,0.96769,0.96811,2.40,1.90
2010.11.16 14:57:04.894,0.9677,0.96802,1.50,1.50
2010.11.16 14:57:05.524,0.96761,0.96801,1.50,1.70
2010.11.16 14:57:07.534,0.96761,0.96801,1.90,1.70
2010.11.16 14:57:09.945,0.96761,0.96801,2.10,1.50
2010.11.16 14:57:10.054,0.9677,0.96811,1.50,3.60
2010.11.16 14:57:11.791,0.96761,0.96801,1.50,1.70
2010.11.16 14:57:13.018,0.96755,0.96804,2.70,2.90
2010.11.16 14:57:13.295,0.96761,0.96809,1.70,6.80
2010.11.16 14:57:13.404,0.96763,0.96811,2.70,2.10
2010.11.16 14:57:16.698,0.96764,0.96809,2.70,1.40
2010.11.16 14:57:17.837,0.96764,0.96811,2.40,2.10
2010.11.16 14:57:18.954,0.96756,0.9681,2.70,2.90
2010.11.16 14:57:21.984,0.96756,0.9681,2.70,1.70
2010.11.16 14:57:22.566,0.96764,0.9682,3.30,6.60
2010.11.16 14:57:22.994,0.96762,0.9682,2.90,6.60
2010.11.16 14:57:23.815,0.9676,0.96811,2.90,1.70
2010.11.16 14:57:26.225,0.96766,0.9682,2.70,1.70
2010.11.16 14:57:26.663,0.96767,0.96828,1.40,1.80
2010.11.16 14:57:27.056,0.9677,0.96823,1.50,1.40
2010.11.16 14:57:28.285,0.96783,0.96825,2.40,1.40
2010.11.16 14:57:29.424,0.9678,0.96819,1.50,1.40
2010.11.16 14:57:29.644,0.9677,0.96811,1.50,2.50
2010.11.16 14:57:30.178,0.96765,0.96811,2.90,2.10
2010.11.16 14:57:36.226,0.96774,0.9682,2.70,1.70
2010.11.16 14:57:36.884,0.96783,0.9683,2.40,2.50
2010.11.16 14:57:37.970,0.96783,0.9683,2.40,2.50
2010.11.16 14:57:39.077,0.96787,0.9683,2.40,4.70
2010.11.16 14:57:39.296,0.96773,0.9683,3.40,4.70
2010.11.16 14:57:41.470,0.9678,0.9682,1.50,1.90
2010.11.16 14:57:42.476,0.96789,0.96821,1.50,1.90
2010.11.16 14:57:42.914,0.9678,0.9682,1.90,1.70
2010.11.16 14:57:43.506,0.96774,0.9682,2.70,2.10
2010.11.16 14:57:46.699,0.96774,0.9682,2.70,1.70
2010.11.16 14:57:49.203,0.9677,0.96811,1.60,1.90
2010.11.16 14:57:49.885,0.96769,0.96801,1.90,1.50
2010.11.16 14:57:50.104,0.96769,0.96801,1.90,1.50
2010.11.16 14:57:50.325,0.96771,0.96811,1.50,2.10
2010.11.16 14:57:51.314,0.9678,0.96812,1.50,2.70
2010.11.16 14:57:51.683,0.9678,0.96812,1.50,1.50
2010.11.16 14:57:54.185,0.96773,0.96811,2.40,1.70
2010.11.16 14:57:56.954,0.9677,0.96811,4.20,2.10
2010.11.16 14:57:58.814,0.9678,0.96812,1.50,1.70
2010.11.16 14:58:00.284,0.9678,0.96821,3.90,2.10
2010.11.16 14:58:01.949,0.96779,0.96811,1.50,1.50
2010.11.16 14:58:02.417,0.9678,0.96821,1.50,4.70
2010.11.16 14:58:04.644,0.96779,0.96821,3.10,1.50
2010.11.16 14:58:06.093,0.96775,0.96811,3.10,1.50
2010.11.16 14:58:06.314,0.9677,0.96811,1.50,1.50
2010.11.16 14:58:08.687,0.9677,0.96811,1.50,1.70
2010.11.16 14:58:11.525,0.96763,0.96808,1.70,2.70
2010.11.16 14:58:11.635,0.96761,0.96804,1.70,1.20
2010.11.16 14:58:12.195,0.96771,0.96791,2.40,1.50
2010.11.16 14:58:12.306,0.96771,0.96811,2.90,1.50
2010.11.16 14:58:12.867,0.9678,0.9682,1.50,1.50
2010.11.16 14:58:14.946,0.9678,0.96828,1.90,2.60
2010.11.16 14:58:20.490,0.96784,0.9683,2.40,2.10
2010.11.16 14:58:24.194,0.96773,0.96828,3.10,1.50
2010.11.16 14:58:25.071,0.96763,0.9681,3.10,2.30
2010.11.16 14:58:25.405,0.96763,0.9681,2.70,1.50
2010.11.16 14:58:25.734,0.9677,0.9682,1.90,2.50
2010.11.16 14:58:26.186,0.9677,0.9681,1.50,1.50
2010.11.16 14:58:28.564,0.96764,0.9681,2.90,1.70
2010.11.16 14:58:31.083,0.9676,0.9681,2.50,2.10
2010.11.16 14:58:35.055,0.9676,0.96818,4.70,1.40
2010.11.16 14:58:36.114,0.96769,0.9682,2.30,2.50
2010.11.16 14:58:36.224,0.96769,0.9682,2.30,2.10
2010.11.16 14:58:36.555,0.96776,0.96828,2.90,1.10
2010.11.16 14:58:38.714,0.96779,0.96829,1.90,2.60
2010.11.16 14:58:40.979,0.96779,0.9682,1.90,1.50
2010.11.16 14:58:42.336,0.96779,0.96832,2.30,3.80
2010.11.16 14:58:47.045,0.96779,0.96826,1.90,1.40
2010.11.16 14:58:51.527,0.96758,0.96815,6.80,1.40
2010.11.16 14:58:51.636,0.96754,0.96815,1.40,1.40
2010.11.16 14:58:53.472,0.96763,0.96792,2.70,1.50
2010.11.16 14:58:53.589,0.9677,0.96802,1.50,1.50
2010.11.16 14:58:55.556,0.96762,0.96818,2.90,1.20
2010.11.16 14:58:57.965,0.96762,0.96801,3.10,1.50
2010.11.16 14:58:58.264,0.96762,0.96801,2.40,1.70
2010.11.16 14:59:00.265,0.96761,0.96801,2.40,1.50
2010.11.16 14:59:02.997,0.9676,0.9681,4.20,2.90
2010.11.16 14:59:03.359,0.9676,0.96796,1.50,2.90
2010.11.16 14:59:03.575,0.9675,0.96791,1.50,2.10
2010.11.16 14:59:03.794,0.9675,0.96801,1.70,4.70
2010.11.16 14:59:05.969,0.9675,0.96791,1.50,2.50
2010.11.16 14:59:06.687,0.9675,0.96791,1.70,1.50
2010.11.16 14:59:07.807,0.9676,0.96792,1.50,1.50
2010.11.16 14:59:08.244,0.9675,0.96791,1.50,1.50
2010.11.16 14:59:09.455,0.9675,0.96801,2.10,4.60
2010.11.16 14:59:09.676,0.9675,0.96801,2.10,1.70
2010.11.16 14:59:10.711,0.96741,0.96788,1.90,1.40
2010.11.16 14:59:10.934,0.96741,0.96791,2.10,1.70
2010.11.16 14:59:11.775,0.96741,0.96791,2.10,1.50
2010.11.16 14:59:12.486,0.96741,0.96801,2.50,4.10
2010.11.16 14:59:14.164,0.9674,0.96789,4.70,1.10
2010.11.16 14:59:14.766,0.96731,0.96781,2.30,2.50
2010.11.16 14:59:14.986,0.96731,0.96781,1.70,1.70
2010.11.16 14:59:15.437,0.9674,0.96781,1.50,1.50
2010.11.16 14:59:17.358,0.9673,0.96771,1.50,1.50
2010.11.16 14:59:20.726,0.96725,0.96771,2.10,1.50
2010.11.16 14:59:21.291,0.96724,0.96753,3.10,1.50
2010.11.16 14:59:21.407,0.96721,0.96753,1.50,1.50
2010.11.16 14:59:21.851,0.96721,0.96762,1.50,2.10
2010.11.16 14:59:22.846,0.96721,0.96762,4.70,1.50
2010.11.16 14:59:22.955,0.96721,0.96769,4.70,2.50
2010.11.16 14:59:23.865,0.96721,0.96777,2.50,2.60
2010.11.16 14:59:23.976,0.96722,0.96771,1.40,1.90
2010.11.16 14:59:26.634,0.9674,0.96781,1.50,2.90
2010.11.16 14:59:27.396,0.96731,0.96771,1.50,1.70
2010.11.16 14:59:27.506,0.96731,0.96781,1.70,2.10
2010.11.16 14:59:27.985,0.9674,0.96781,1.70,1.90
2010.11.16 14:59:29.143,0.9674,0.96772,1.50,1.50
2010.11.16 14:59:29.505,0.96749,0.96791,1.40,1.90
2010.11.16 14:59:29.975,0.96741,0.96791,2.60,1.70
2010.11.16 14:59:30.427,0.96741,0.96791,2.40,2.50
2010.11.16 14:59:32.555,0.96731,0.96782,2.10,1.50
2010.11.16 14:59:34.845,0.96731,0.96772,1.50,1.50
2010.11.16 14:59:35.174,0.96731,0.96781,2.30,2.90
2010.11.16 14:59:35.806,0.96731,0.96772,1.90,1.50
2010.11.16 14:59:37.512,0.96741,0.96782,1.50,1.50
2010.11.16 14:59:39.901,0.96741,0.96785,1.50,2.40
2010.11.16 14:59:41.043,0.96741,0.96783,1.70,2.40
2010.11.16 14:59:43.189,0.96741,0.96785,1.70,2.40
2010.11.16 14:59:45.015,0.96749,0.96791,1.40,1.50
2010.11.16 14:59:45.275,0.9676,0.968,1.50,2.40
2010.11.16 14:59:46.107,0.9676,0.96814,1.70,2.50
2010.11.16 14:59:46.324,0.9676,0.96801,1.70,2.40
2010.11.16 14:59:47.444,0.9676,0.96808,1.70,2.40
2010.11.16 14:59:49.024,0.9676,0.9681,1.50,4.80
2010.11.16 14:59:49.134,0.96741,0.9681,4.80,4.80
2010.11.16 14:59:51.806,0.9676,0.96808,1.70,2.40
2010.11.16 14:59:52.434,0.9676,0.968,1.50,1.50
2010.11.16 14:59:56.134,0.9676,0.96811,1.50,1.40
2010.11.16 14:59:57.159,0.96768,0.9681,1.50,1.40
2010.11.16 14:59:57.288,0.96761,0.9683,3.30,1.50
2010.11.16 14:59:57.711,0.96789,0.96814,1.50,2.40
2010.11.16 14:59:57.828,0.9676,0.96814,1.70,2.40
2010.11.16 14:59:58.509,0.96769,0.96814,2.50,2.40
2010.11.16 14:59:58.724,0.96772,0.96828,2.60,2.60
2010.11.16 14:59:59.106,0.96759,0.96815,2.60,2.60
2010.11.16 14:59:59.654,0.96779,0.96826,2.40,2.50
2010.11.16 14:59:59.765,0.96779,0.96826,2.40,1.70
