2014.07.14 09:00:00.514,0.82927,0.8295,1.58,1.00
2014.07.14 09:00:01.683,0.82929,0.8295,1.58,1.00
2014.07.14 09:00:01.889,0.82929,0.82954,1.00,1.58
2014.07.14 09:00:02.623,0.8293,0.82954,1.00,1.58
2014.07.14 09:00:05.198,0.8293,0.82955,1.00,1.00
2014.07.14 09:00:05.742,0.82928,0.8295,1.58,1.00
2014.07.14 09:00:06.305,0.82927,0.8295,1.58,1.00
2014.07.14 09:00:06.872,0.82926,0.82951,1.58,1.00
2014.07.14 09:00:07.023,0.82924,0.82951,2.33,1.00
2014.07.14 09:00:07.124,0.82924,0.82949,1.00,1.58
2014.07.14 09:00:07.859,0.82925,0.8295,1.00,2.33
2014.07.14 09:00:08.083,0.82928,0.82954,1.58,1.58
2014.07.14 09:00:08.854,0.82927,0.82953,1.58,1.58
2014.07.14 09:00:09.022,0.82927,0.8295,1.58,1.00
2014.07.14 09:00:09.132,0.82927,0.82953,1.58,1.58
2014.07.14 09:00:09.833,0.82926,0.82952,1.58,1.58
2014.07.14 09:00:11.916,0.82926,0.8295,1.58,1.00
2014.07.14 09:00:12.981,0.82929,0.82952,1.00,1.58
2014.07.14 09:00:13.141,0.8293,0.82954,1.00,1.58
2014.07.14 09:00:13.192,0.8293,0.82954,1.49,2.31
2014.07.14 09:00:14.804,0.8293,0.82953,1.00,2.31
2014.07.14 09:00:14.955,0.82925,0.82951,2.31,3.06
2014.07.14 09:00:16.209,0.82925,0.82951,2.70,1.95
2014.07.14 09:00:21.441,0.82928,0.82954,1.95,1.95
2014.07.14 09:00:22.488,0.82931,0.82956,1.58,1.50
2014.07.14 09:00:23.258,0.82929,0.82955,2.70,1.95
2014.07.14 09:00:24.540,0.82929,0.82955,1.95,2.70
2014.07.14 09:00:25.087,0.82925,0.8295,2.70,1.13
2014.07.14 09:00:25.188,0.82925,0.8295,2.70,1.38
2014.07.14 09:00:27.688,0.82926,0.82952,1.95,1.95
2014.07.14 09:00:29.414,0.82928,0.82954,1.58,1.95
2014.07.14 09:00:30.508,0.82929,0.82955,1.58,2.55
2014.07.14 09:00:31.013,0.82929,0.82955,2.70,2.93
2014.07.14 09:00:35.230,0.82927,0.82955,1.95,3.68
2014.07.14 09:00:35.736,0.82927,0.82955,1.95,3.30
2014.07.14 09:00:36.200,0.82926,0.82952,1.95,1.95
2014.07.14 09:00:41.166,0.82928,0.82954,1.95,1.95
2014.07.14 09:00:48.827,0.8293,0.82955,1.38,3.30
2014.07.14 09:00:48.977,0.82929,0.8295,1.95,1.00
2014.07.14 09:00:49.504,0.82928,0.82954,1.95,1.95
2014.07.14 09:00:52.753,0.82928,0.82954,1.58,2.33
2014.07.14 09:00:53.281,0.82925,0.8295,2.70,1.38
2014.07.14 09:00:53.658,0.82927,0.82951,1.95,1.38
2014.07.14 09:01:00.870,0.8293,0.82952,1.00,1.95
2014.07.14 09:01:01.920,0.8293,0.82952,1.38,1.95
2014.07.14 09:01:03.447,0.82929,0.82955,2.70,1.95
2014.07.14 09:01:04.879,0.8293,0.82956,1.95,3.30
2014.07.14 09:01:05.428,0.8293,0.82955,2.70,1.38
2014.07.14 09:01:06.367,0.82933,0.82958,1.58,2.85
2014.07.14 09:01:06.917,0.82932,0.82955,1.95,1.38
2014.07.14 09:01:07.987,0.8293,0.82955,1.38,1.38
2014.07.14 09:01:08.421,0.8293,0.82955,1.50,1.13
2014.07.14 09:01:09.708,0.82933,0.8296,1.95,1.38
2014.07.14 09:01:09.815,0.82933,0.8296,1.95,1.38
2014.07.14 09:01:09.917,0.82933,0.82961,1.95,1.38
2014.07.14 09:01:10.137,0.82933,0.8296,1.95,1.38
2014.07.14 09:01:10.578,0.82931,0.82959,2.33,1.95
2014.07.14 09:01:11.601,0.82931,0.82955,2.33,1.00
2014.07.14 09:01:11.701,0.82931,0.82955,1.95,1.00
2014.07.14 09:01:12.284,0.8293,0.82955,2.70,1.13
2014.07.14 09:01:15.526,0.8293,0.82955,1.38,1.38
2014.07.14 09:01:15.678,0.8293,0.8296,2.70,3.08
2014.07.14 09:01:19.814,0.82932,0.82955,1.95,1.13
2014.07.14 09:01:26.923,0.82931,0.82959,1.95,1.95
2014.07.14 09:01:35.159,0.82931,0.82959,1.95,1.95
2014.07.14 09:01:39.070,0.82931,0.82958,1.95,1.35
2014.07.14 09:01:39.398,0.82929,0.82956,2.33,3.30
2014.07.14 09:01:56.178,0.82931,0.82955,1.95,1.00
2014.07.14 09:01:56.431,0.82934,0.8296,1.95,1.38
2014.07.14 09:01:56.818,0.82934,0.8296,1.95,1.38
2014.07.14 09:01:57.069,0.82931,0.8296,1.95,1.50
2014.07.14 09:02:04.537,0.8293,0.82956,1.95,1.38
2014.07.14 09:02:13.935,0.8293,0.82955,1.38,1.13
2014.07.14 09:02:14.055,0.8293,0.82955,1.38,1.38
2014.07.14 09:02:14.389,0.8293,0.82956,1.95,2.10
2014.07.14 09:02:14.490,0.82926,0.82954,1.95,1.95
2014.07.14 09:02:14.709,0.82927,0.8295,1.95,1.38
2014.07.14 09:02:14.859,0.82925,0.8295,1.38,2.70
2014.07.14 09:02:15.258,0.82925,0.82951,1.95,2.70
2014.07.14 09:02:15.789,0.82928,0.8295,1.95,1.00
2014.07.14 09:02:16.067,0.8293,0.82955,1.00,2.70
2014.07.14 09:02:16.653,0.8293,0.82955,1.13,2.70
2014.07.14 09:02:18.925,0.82929,0.8295,1.95,1.00
2014.07.14 09:02:20.796,0.82929,0.82955,1.95,1.95
2014.07.14 09:02:23.401,0.8293,0.82955,2.70,2.70
2014.07.14 09:02:23.552,0.8293,0.82955,2.70,1.38
2014.07.14 09:02:24.489,0.8293,0.82955,2.70,1.38
2014.07.14 09:02:24.936,0.8293,0.82955,2.70,1.38
2014.07.14 09:02:25.306,0.82933,0.82955,1.95,1.13
2014.07.14 09:02:25.895,0.82933,0.82955,1.95,1.38
2014.07.14 09:02:26.768,0.82933,0.82955,1.95,1.38
2014.07.14 09:02:27.332,0.82933,0.82955,1.95,1.00
2014.07.14 09:02:27.760,0.82933,0.82955,1.95,1.00
2014.07.14 09:02:29.925,0.82933,0.82956,1.95,1.13
2014.07.14 09:02:30.163,0.82933,0.82956,2.33,1.00
2014.07.14 09:02:30.516,0.82933,0.82955,2.33,1.00
2014.07.14 09:02:30.702,0.82933,0.82958,2.33,1.95
2014.07.14 09:02:30.811,0.82933,0.82955,2.33,1.00
2014.07.14 09:02:30.861,0.82933,0.82955,1.95,1.00
2014.07.14 09:02:35.265,0.82933,0.82955,1.95,1.00
2014.07.14 09:02:37.645,0.82933,0.82955,1.95,1.38
2014.07.14 09:02:37.746,0.8293,0.82955,2.70,1.38
2014.07.14 09:02:37.922,0.82929,0.82953,1.38,1.95
2014.07.14 09:02:38.537,0.8293,0.82954,1.38,1.95
2014.07.14 09:02:38.735,0.8293,0.82954,1.13,1.95
2014.07.14 09:02:41.934,0.82929,0.82953,1.38,1.95
2014.07.14 09:02:44.184,0.82927,0.82953,1.95,1.95
2014.07.14 09:02:47.095,0.8293,0.82951,1.00,1.95
2014.07.14 09:02:47.246,0.8293,0.82953,1.38,1.95
2014.07.14 09:02:47.414,0.8293,0.82953,1.38,1.95
2014.07.14 09:02:56.314,0.8293,0.82954,1.38,1.95
2014.07.14 09:02:56.988,0.8293,0.82955,2.70,1.00
2014.07.14 09:02:57.815,0.8293,0.82955,2.70,1.38
2014.07.14 09:03:05.746,0.82932,0.82956,1.95,1.38
2014.07.14 09:03:11.358,0.82932,0.82955,1.95,1.13
2014.07.14 09:03:11.665,0.82932,0.82958,2.33,1.95
2014.07.14 09:03:12.095,0.82935,0.8296,2.70,1.38
2014.07.14 09:03:15.131,0.82936,0.8296,2.33,1.38
2014.07.14 09:03:22.992,0.82936,0.8296,1.95,1.38
2014.07.14 09:03:24.854,0.82937,0.8296,1.95,1.38
2014.07.14 09:03:34.091,0.82937,0.82961,1.95,1.38
2014.07.14 09:03:35.289,0.82937,0.82961,2.33,1.38
2014.07.14 09:03:37.040,0.82937,0.8296,1.95,1.00
2014.07.14 09:03:37.152,0.82937,0.8296,1.95,1.38
2014.07.14 09:03:37.873,0.82933,0.82955,2.33,1.00
2014.07.14 09:03:38.535,0.82933,0.82955,2.33,1.00
2014.07.14 09:03:42.784,0.82935,0.8296,1.38,1.38
2014.07.14 09:03:48.507,0.82935,0.8296,1.38,1.38
2014.07.14 09:03:57.962,0.82933,0.82955,2.33,1.00
2014.07.14 09:04:02.964,0.82935,0.8296,2.70,2.70
2014.07.14 09:04:03.064,0.82936,0.8296,1.95,1.38
2014.07.14 09:04:03.573,0.82936,0.8296,1.95,1.38
2014.07.14 09:04:10.934,0.82935,0.8296,3.08,2.70
2014.07.14 09:04:11.532,0.82936,0.8296,1.95,1.38
2014.07.14 09:04:15.100,0.82936,0.8296,1.95,1.00
2014.07.14 09:04:15.837,0.82936,0.82961,1.95,2.70
2014.07.14 09:04:18.427,0.82936,0.8296,1.95,1.00
2014.07.14 09:04:21.076,0.82937,0.8296,2.33,1.00
2014.07.14 09:04:21.277,0.8294,0.82964,1.38,1.95
2014.07.14 09:04:21.433,0.82941,0.82965,2.33,1.38
2014.07.14 09:04:23.062,0.8294,0.82963,1.75,1.58
2014.07.14 09:04:23.163,0.82939,0.82963,1.38,1.95
2014.07.14 09:04:23.758,0.82937,0.82961,2.93,1.38
2014.07.14 09:04:24.603,0.82936,0.8296,1.95,1.38
2014.07.14 09:04:24.899,0.82935,0.8296,2.70,2.70
2014.07.14 09:04:26.083,0.82936,0.8296,1.95,1.38
2014.07.14 09:04:26.731,0.82936,0.8296,2.33,1.38
2014.07.14 09:04:27.944,0.82935,0.8296,3.08,1.38
2014.07.14 09:04:29.823,0.82935,0.82955,2.33,1.00
2014.07.14 09:04:30.364,0.82935,0.82955,1.95,1.00
2014.07.14 09:04:30.597,0.82935,0.8296,2.70,1.38
2014.07.14 09:04:30.647,0.82935,0.8296,3.68,1.00
2014.07.14 09:04:32.144,0.82938,0.82961,1.95,1.13
2014.07.14 09:04:32.675,0.82937,0.8296,1.95,1.13
2014.07.14 09:04:35.384,0.82937,0.8296,1.95,1.38
2014.07.14 09:04:50.626,0.82939,0.8296,1.95,1.00
2014.07.14 09:04:50.906,0.8294,0.82965,2.70,1.38
2014.07.14 09:04:57.680,0.8294,0.82965,1.38,2.70
2014.07.14 09:05:02.869,0.82939,0.82964,1.38,1.95
2014.07.14 09:05:03.391,0.82936,0.82961,2.33,1.38
2014.07.14 09:05:04.038,0.82935,0.82961,2.33,2.70
2014.07.14 09:05:05.460,0.82935,0.82961,2.33,2.70
2014.07.14 09:05:06.119,0.82935,0.82956,2.33,1.00
2014.07.14 09:05:06.170,0.82935,0.82956,1.95,1.00
2014.07.14 09:05:06.674,0.82932,0.82955,1.35,1.00
2014.07.14 09:05:07.854,0.82934,0.82955,2.33,1.00
2014.07.14 09:05:08.055,0.82932,0.82955,2.93,1.00
2014.07.14 09:05:08.206,0.82933,0.82955,2.33,1.00
2014.07.14 09:05:08.989,0.82933,0.82955,2.33,1.00
2014.07.14 09:05:09.324,0.82934,0.82959,1.75,1.95
2014.07.14 09:05:09.475,0.82935,0.82961,2.33,2.70
2014.07.14 09:05:20.046,0.82937,0.82963,2.33,1.95
2014.07.14 09:05:22.115,0.82938,0.82961,2.33,1.00
2014.07.14 09:05:22.774,0.82938,0.82964,2.33,1.95
2014.07.14 09:05:23.513,0.82938,0.82964,2.33,1.95
2014.07.14 09:05:27.943,0.82938,0.8296,2.33,1.00
2014.07.14 09:05:29.376,0.82939,0.82965,1.95,2.70
2014.07.14 09:05:31.975,0.8294,0.82965,1.95,1.38
2014.07.14 09:05:49.105,0.8294,0.82965,2.70,1.38
2014.07.14 09:05:49.823,0.82937,0.82961,2.33,1.00
2014.07.14 09:05:50.584,0.82937,0.8296,2.33,1.00
2014.07.14 09:05:58.405,0.82938,0.82965,1.95,1.38
2014.07.14 09:05:58.625,0.82938,0.8296,1.95,1.00
2014.07.14 09:05:58.885,0.82938,0.82964,1.95,1.95
2014.07.14 09:05:59.614,0.82939,0.8296,1.95,1.00
2014.07.14 09:06:00.517,0.82939,0.82965,1.95,1.95
2014.07.14 09:06:03.445,0.82938,0.82964,2.33,1.95
2014.07.14 09:06:14.635,0.82938,0.82965,1.95,1.00
2014.07.14 09:06:14.886,0.8294,0.82964,1.38,1.95
2014.07.14 09:06:18.760,0.8294,0.82965,1.38,2.70
2014.07.14 09:06:19.023,0.82935,0.8296,2.70,1.38
2014.07.14 09:06:19.243,0.82932,0.8296,1.58,2.93
2014.07.14 09:06:19.388,0.82931,0.82956,1.95,1.58
2014.07.14 09:06:19.743,0.82935,0.8296,2.33,2.93
2014.07.14 09:06:21.703,0.82935,0.8296,2.70,3.30
2014.07.14 09:06:22.375,0.82935,0.82956,1.95,1.00
2014.07.14 09:06:22.631,0.82935,0.8296,2.70,3.30
2014.07.14 09:06:22.693,0.82935,0.8296,2.70,3.30
2014.07.14 09:06:32.173,0.82935,0.82958,1.38,1.58
2014.07.14 09:06:32.224,0.82935,0.82958,1.38,1.95
2014.07.14 09:06:32.607,0.82931,0.82955,2.33,1.00
2014.07.14 09:06:33.397,0.82931,0.82955,1.95,1.00
2014.07.14 09:06:33.718,0.82935,0.82955,1.38,1.00
2014.07.14 09:06:34.362,0.82934,0.82956,1.95,1.00
2014.07.14 09:06:35.108,0.82934,0.82956,1.95,1.00
2014.07.14 09:06:35.218,0.82932,0.82956,1.95,1.13
2014.07.14 09:06:35.326,0.82932,0.82956,1.95,1.13
2014.07.14 09:06:37.113,0.82934,0.82955,1.95,1.00
2014.07.14 09:06:37.788,0.82932,0.82956,1.95,1.00
2014.07.14 09:06:38.564,0.8293,0.82955,2.33,1.00
2014.07.14 09:06:39.122,0.8293,0.82955,2.70,1.13
2014.07.14 09:06:41.793,0.8293,0.82955,1.38,2.70
2014.07.14 09:06:42.012,0.82926,0.82953,2.18,1.58
2014.07.14 09:06:42.063,0.82926,0.8295,2.18,1.00
2014.07.14 09:06:45.163,0.82927,0.82952,1.58,1.58
2014.07.14 09:06:45.336,0.82927,0.82952,2.33,1.95
2014.07.14 09:06:46.052,0.8293,0.82955,1.38,2.70
2014.07.14 09:06:46.646,0.82931,0.82955,2.33,1.13
2014.07.14 09:06:48.403,0.8293,0.82955,2.70,1.38
2014.07.14 09:06:52.043,0.82931,0.82956,1.95,2.70
2014.07.14 09:06:52.972,0.82931,0.82956,2.33,2.70
2014.07.14 09:06:55.812,0.82931,0.82956,1.95,2.70
2014.07.14 09:06:59.432,0.8293,0.82955,3.68,1.00
2014.07.14 09:06:59.640,0.82935,0.82958,1.38,1.95
2014.07.14 09:07:02.945,0.82934,0.82957,1.38,1.58
2014.07.14 09:07:05.509,0.82935,0.82957,1.38,1.58
2014.07.14 09:07:12.186,0.82935,0.82955,1.38,1.00
2014.07.14 09:07:15.487,0.8293,0.82955,3.68,1.13
2014.07.14 09:07:23.264,0.8293,0.82955,3.68,1.00
2014.07.14 09:07:25.990,0.8293,0.82956,2.93,2.70
2014.07.14 09:07:29.874,0.8293,0.82956,2.93,2.70
2014.07.14 09:07:35.561,0.82931,0.82955,1.35,1.00
2014.07.14 09:07:35.673,0.8293,0.82955,3.68,1.13
2014.07.14 09:07:36.263,0.8293,0.82955,1.95,2.70
2014.07.14 09:07:41.263,0.8293,0.82955,3.08,2.70
2014.07.14 09:07:57.960,0.8293,0.82955,2.70,1.00
2014.07.14 09:07:58.048,0.8293,0.82955,3.08,1.00
2014.07.14 09:08:01.281,0.8293,0.82953,1.50,1.58
2014.07.14 09:08:01.331,0.82928,0.82953,1.95,1.95
2014.07.14 09:08:01.441,0.82925,0.82953,3.08,1.95
2014.07.14 09:08:05.613,0.82925,0.8295,1.38,1.00
2014.07.14 09:08:08.890,0.82924,0.82945,1.95,1.00
2014.07.14 09:08:11.090,0.82924,0.82951,2.70,3.30
2014.07.14 09:08:13.994,0.82924,0.82951,2.70,3.30
2014.07.14 09:08:14.357,0.82925,0.8295,3.08,2.33
2014.07.14 09:08:14.558,0.82927,0.82955,1.95,3.30
2014.07.14 09:08:14.804,0.8293,0.8295,1.95,1.00
2014.07.14 09:08:15.605,0.8293,0.82955,1.38,2.70
2014.07.14 09:08:17.461,0.82931,0.82956,1.95,1.38
2014.07.14 09:08:18.029,0.82932,0.82955,1.95,1.00
2014.07.14 09:08:18.906,0.82932,0.8295,1.95,1.00
2014.07.14 09:08:20.556,0.82933,0.82951,1.95,1.00
2014.07.14 09:08:20.632,0.82933,0.82955,1.95,1.00
2014.07.14 09:08:22.611,0.82933,0.82956,1.95,1.13
2014.07.14 09:08:23.204,0.82932,0.82956,1.95,1.00
2014.07.14 09:08:23.808,0.82932,0.82955,1.95,1.00
2014.07.14 09:08:25.183,0.82932,0.82955,1.95,1.38
2014.07.14 09:08:25.364,0.82935,0.82958,1.00,1.95
2014.07.14 09:08:25.839,0.82934,0.8296,2.70,1.95
2014.07.14 09:08:26.951,0.82938,0.8296,1.95,1.00
2014.07.14 09:08:27.160,0.8294,0.82965,3.08,1.13
2014.07.14 09:08:27.489,0.82941,0.82965,1.95,1.00
2014.07.14 09:08:27.642,0.82945,0.82967,1.00,1.95
2014.07.14 09:08:28.149,0.82941,0.82966,1.95,1.38
2014.07.14 09:08:29.281,0.82941,0.82965,1.95,1.00
2014.07.14 09:08:30.140,0.82944,0.82965,1.95,1.00
2014.07.14 09:08:30.558,0.82944,0.82969,1.95,1.95
2014.07.14 09:08:33.531,0.82944,0.82969,1.95,1.95
2014.07.14 09:08:35.393,0.82945,0.8297,1.95,2.70
2014.07.14 09:08:36.374,0.82944,0.82966,1.95,1.00
2014.07.14 09:08:36.475,0.82945,0.82969,1.50,1.95
2014.07.14 09:08:36.910,0.8294,0.82965,3.68,1.00
2014.07.14 09:08:37.010,0.82942,0.82968,2.33,1.58
2014.07.14 09:08:37.313,0.82945,0.8297,2.70,1.00
2014.07.14 09:08:37.571,0.82949,0.8297,1.00,1.58
2014.07.14 09:08:38.080,0.8295,0.82973,1.00,1.58
2014.07.14 09:08:38.131,0.8295,0.82973,1.38,1.95
2014.07.14 09:08:38.453,0.82945,0.82972,1.75,1.95
2014.07.14 09:08:38.782,0.82945,0.82971,1.95,1.95
2014.07.14 09:08:39.325,0.82945,0.8297,2.70,1.13
2014.07.14 09:08:40.654,0.82945,0.8297,3.08,2.70
2014.07.14 09:08:44.338,0.82945,0.8297,2.70,2.70
2014.07.14 09:08:45.450,0.82945,0.8297,3.08,1.00
2014.07.14 09:08:48.302,0.8295,0.82971,1.38,1.95
2014.07.14 09:08:48.809,0.82952,0.82975,1.95,1.38
2014.07.14 09:08:53.030,0.82948,0.82971,2.33,1.00
2014.07.14 09:08:53.200,0.82947,0.82971,1.95,1.13
2014.07.14 09:08:53.853,0.82946,0.8297,1.95,1.00
2014.07.14 09:09:03.702,0.82945,0.82971,1.95,2.70
2014.07.14 09:09:04.835,0.82945,0.8297,2.70,1.00
2014.07.14 09:09:05.130,0.82945,0.8297,3.08,1.13
2014.07.14 09:09:09.457,0.82953,0.82975,1.58,1.50
2014.07.14 09:09:10.065,0.82952,0.82975,1.95,1.50
2014.07.14 09:09:11.020,0.82951,0.82975,1.58,1.50
2014.07.14 09:09:11.611,0.8295,0.82975,2.33,3.08
2014.07.14 09:09:16.717,0.82949,0.82972,1.13,1.95
2014.07.14 09:09:18.118,0.82949,0.82972,1.38,1.58
2014.07.14 09:09:18.169,0.82952,0.82976,1.95,1.38
2014.07.14 09:09:18.227,0.82952,0.82976,1.95,1.38
2014.07.14 09:09:18.544,0.82951,0.82975,2.33,1.00
2014.07.14 09:09:18.824,0.8295,0.82976,1.95,2.70
2014.07.14 09:09:18.924,0.82951,0.82976,1.58,2.70
2014.07.14 09:09:19.125,0.8295,0.82975,2.70,1.38
2014.07.14 09:09:20.450,0.82948,0.82975,1.95,1.38
2014.07.14 09:09:20.691,0.82945,0.8297,3.08,1.00
2014.07.14 09:09:21.081,0.8295,0.82975,1.38,2.70
2014.07.14 09:09:22.839,0.82949,0.8297,1.95,1.00
2014.07.14 09:09:23.340,0.82947,0.82971,1.68,1.13
2014.07.14 09:09:23.880,0.82949,0.8297,1.95,1.00
2014.07.14 09:09:24.105,0.82949,0.82975,1.95,1.38
2014.07.14 09:09:27.131,0.82947,0.8297,2.33,1.00
2014.07.14 09:09:27.619,0.82944,0.82969,1.35,1.95
2014.07.14 09:09:28.160,0.82948,0.8297,1.95,1.00
2014.07.14 09:09:28.388,0.82947,0.82975,2.33,1.95
2014.07.14 09:09:29.485,0.82947,0.82975,2.33,3.08
2014.07.14 09:09:29.609,0.82948,0.82973,1.95,1.95
2014.07.14 09:09:33.812,0.8295,0.82975,1.95,1.38
2014.07.14 09:09:35.650,0.8295,0.82975,1.95,1.50
2014.07.14 09:10:05.714,0.82947,0.82974,2.33,1.95
2014.07.14 09:10:11.561,0.82947,0.8297,2.33,1.00
2014.07.14 09:10:18.661,0.82948,0.8297,1.95,1.13
2014.07.14 09:10:19.149,0.82947,0.82965,1.95,1.00
2014.07.14 09:10:19.761,0.82944,0.82965,2.33,1.00
2014.07.14 09:10:20.359,0.82944,0.8297,2.33,1.38
2014.07.14 09:10:25.421,0.82944,0.82966,2.33,1.00
2014.07.14 09:10:26.411,0.82944,0.82965,2.33,1.00
2014.07.14 09:10:29.050,0.82944,0.82971,2.33,2.70
2014.07.14 09:10:29.578,0.82946,0.8297,2.33,1.00
2014.07.14 09:10:29.729,0.82948,0.8297,2.33,1.00
2014.07.14 09:10:30.320,0.82948,0.82973,2.33,1.95
2014.07.14 09:10:32.957,0.82948,0.82973,1.95,1.95
2014.07.14 09:10:33.507,0.82948,0.82971,1.95,1.38
2014.07.14 09:10:34.158,0.82948,0.82971,1.95,1.38
2014.07.14 09:10:44.139,0.82948,0.8297,1.95,1.13
2014.07.14 09:10:44.563,0.82947,0.82965,1.95,1.00
2014.07.14 09:10:45.079,0.82945,0.82965,1.95,1.00
2014.07.14 09:10:46.069,0.82945,0.82966,1.95,1.00
2014.07.14 09:10:46.578,0.82947,0.82966,1.95,1.00
2014.07.14 09:10:46.629,0.82947,0.8297,1.95,1.38
2014.07.14 09:10:47.816,0.82947,0.8297,1.95,1.38
2014.07.14 09:10:47.867,0.82947,0.82966,1.95,1.00
2014.07.14 09:10:48.090,0.82946,0.8297,2.33,1.13
2014.07.14 09:10:48.190,0.82947,0.8297,1.95,1.38
2014.07.14 09:10:48.367,0.82947,0.8297,1.95,1.13
2014.07.14 09:10:48.817,0.82945,0.82966,2.33,1.00
2014.07.14 09:10:49.477,0.82945,0.82965,2.33,1.00
2014.07.14 09:10:52.498,0.82945,0.82971,2.33,1.38
2014.07.14 09:10:53.160,0.82945,0.82966,2.33,1.00
2014.07.14 09:10:53.261,0.82946,0.82971,2.33,1.00
2014.07.14 09:10:53.361,0.8295,0.82975,2.33,1.13
2014.07.14 09:10:53.462,0.82948,0.8297,2.33,1.00
2014.07.14 09:10:53.563,0.82949,0.82975,2.33,1.13
2014.07.14 09:10:54.583,0.82952,0.82975,1.95,1.38
2014.07.14 09:10:54.669,0.82952,0.82975,1.95,1.13
2014.07.14 09:11:12.371,0.82953,0.82975,1.95,1.38
2014.07.14 09:11:14.646,0.82953,0.82975,1.95,1.13
2014.07.14 09:11:19.410,0.82953,0.82975,1.95,1.00
2014.07.14 09:11:22.609,0.82953,0.8297,1.95,1.00
2014.07.14 09:11:22.896,0.82953,0.8297,1.58,1.00
2014.07.14 09:11:23.599,0.82953,0.82975,1.58,1.00
2014.07.14 09:11:23.868,0.82956,0.82975,1.58,1.00
2014.07.14 09:11:23.958,0.82954,0.82975,1.58,1.00
2014.07.14 09:11:24.587,0.82954,0.82975,1.95,1.00
2014.07.14 09:11:28.327,0.82955,0.82981,1.95,2.70
2014.07.14 09:11:30.254,0.82955,0.8298,2.33,1.38
2014.07.14 09:11:30.800,0.82954,0.82981,1.00,3.08
2014.07.14 09:11:31.742,0.82953,0.8298,1.95,1.38
2014.07.14 09:11:31.792,0.82953,0.8298,1.95,1.50
2014.07.14 09:11:32.399,0.82953,0.82979,1.95,2.33
2014.07.14 09:11:33.080,0.82953,0.82975,1.58,1.38
2014.07.14 09:11:33.981,0.82951,0.82975,1.58,1.38
2014.07.14 09:11:34.304,0.8295,0.82976,1.95,2.70
2014.07.14 09:11:40.885,0.8295,0.82976,1.95,3.08
2014.07.14 09:11:55.837,0.82951,0.82975,1.58,1.38
2014.07.14 09:11:56.919,0.82951,0.82975,1.95,1.38
2014.07.14 09:11:59.736,0.8295,0.82975,1.38,1.38
2014.07.14 09:12:00.639,0.82951,0.82976,1.95,2.70
2014.07.14 09:12:00.840,0.82952,0.82978,1.95,1.95
2014.07.14 09:12:01.357,0.82953,0.82975,1.58,1.00
2014.07.14 09:12:01.781,0.82951,0.82975,1.95,1.38
2014.07.14 09:12:02.116,0.8295,0.82975,2.70,1.38
2014.07.14 09:12:02.417,0.8295,0.8297,1.95,1.00
2014.07.14 09:12:02.946,0.8295,0.82975,1.95,1.38
2014.07.14 09:12:03.457,0.8295,0.8297,1.95,1.00
2014.07.14 09:12:03.848,0.82948,0.8297,1.95,1.00
2014.07.14 09:12:03.949,0.82948,0.8297,2.33,1.00
2014.07.14 09:12:04.948,0.8295,0.8297,1.95,1.00
2014.07.14 09:12:05.917,0.82949,0.8297,1.95,1.00
2014.07.14 09:12:06.017,0.82949,0.82971,2.33,1.00
2014.07.14 09:12:06.760,0.82951,0.8297,1.95,1.00
2014.07.14 09:12:07.139,0.82951,0.82976,1.95,1.38
2014.07.14 09:12:08.119,0.82952,0.8297,1.95,1.00
2014.07.14 09:12:08.186,0.82952,0.82975,1.95,1.00
2014.07.14 09:12:09.739,0.82952,0.82975,1.95,1.00
2014.07.14 09:12:10.129,0.82951,0.8297,1.95,1.00
2014.07.14 09:12:10.237,0.82951,0.82975,1.95,1.00
2014.07.14 09:12:10.347,0.82952,0.82975,1.95,1.00
2014.07.14 09:12:11.008,0.82954,0.82975,1.58,1.00
2014.07.14 09:12:11.120,0.82951,0.82976,1.95,1.00
2014.07.14 09:12:11.170,0.82951,0.82975,1.95,1.00
2014.07.14 09:12:11.713,0.82951,0.82976,1.95,1.00
2014.07.14 09:12:12.765,0.82951,0.82976,1.95,1.00
2014.07.14 09:12:13.362,0.82954,0.82975,1.58,1.00
2014.07.14 09:12:13.871,0.82954,0.82976,1.58,1.00
2014.07.14 09:12:14.353,0.82952,0.82975,1.95,1.00
2014.07.14 09:12:15.015,0.82951,0.82976,2.33,1.13
2014.07.14 09:12:15.350,0.82951,0.8297,2.33,1.00
2014.07.14 09:12:16.002,0.82951,0.82971,2.33,1.00
2014.07.14 09:12:16.543,0.8295,0.8297,2.33,1.00
2014.07.14 09:12:16.937,0.82949,0.8297,1.95,1.00
2014.07.14 09:12:17.037,0.8295,0.82975,1.95,1.13
2014.07.14 09:12:17.596,0.82953,0.82976,1.95,1.13
2014.07.14 09:12:18.276,0.82953,0.8297,1.95,1.00
2014.07.14 09:12:18.930,0.82953,0.82971,1.95,1.00
2014.07.14 09:12:19.898,0.82953,0.82971,1.95,1.00
2014.07.14 09:12:20.188,0.82948,0.8297,2.33,1.00
2014.07.14 09:12:20.379,0.82944,0.82965,2.33,1.00
2014.07.14 09:12:20.580,0.82944,0.8297,2.33,1.13
2014.07.14 09:12:21.679,0.82945,0.82965,1.95,1.00
2014.07.14 09:12:22.280,0.82945,0.82965,1.95,1.00
2014.07.14 09:12:27.739,0.82945,0.82965,1.95,1.00
2014.07.14 09:12:28.498,0.82942,0.82966,2.33,1.00
2014.07.14 09:12:29.095,0.82942,0.82965,1.95,1.00
2014.07.14 09:12:30.269,0.82942,0.82965,2.33,1.00
2014.07.14 09:12:35.887,0.82942,0.82965,1.95,1.00
2014.07.14 09:12:41.588,0.82942,0.82966,1.95,1.00
2014.07.14 09:12:45.286,0.82942,0.82965,1.95,1.00
2014.07.14 09:12:50.060,0.82942,0.82965,2.33,1.00
2014.07.14 09:12:50.390,0.82941,0.82965,2.33,1.00
2014.07.14 09:12:50.946,0.82939,0.82965,2.33,2.70
2014.07.14 09:12:52.097,0.8294,0.82965,1.38,2.70
2014.07.14 09:12:52.651,0.82941,0.82965,1.95,1.00
2014.07.14 09:12:52.976,0.82941,0.82965,1.95,1.00
2014.07.14 09:12:53.195,0.82941,0.82965,1.95,1.00
2014.07.14 09:12:53.346,0.82942,0.82965,1.95,1.00
2014.07.14 09:12:54.196,0.82943,0.82966,1.95,1.13
2014.07.14 09:12:55.846,0.82943,0.82965,1.95,1.00
2014.07.14 09:13:01.463,0.82941,0.82965,2.33,1.13
2014.07.14 09:13:23.077,0.82942,0.82966,1.95,1.38
2014.07.14 09:13:29.630,0.82942,0.82965,1.95,1.38
2014.07.14 09:13:29.730,0.8294,0.82965,2.70,1.50
2014.07.14 09:13:30.617,0.82938,0.8296,2.33,1.00
2014.07.14 09:13:30.718,0.82938,0.8296,1.95,1.13
2014.07.14 09:13:31.045,0.82939,0.8296,2.33,1.00
2014.07.14 09:13:31.376,0.8294,0.82965,1.95,1.95
2014.07.14 09:13:31.586,0.8294,0.8296,2.70,1.00
2014.07.14 09:13:31.929,0.8294,0.82965,2.33,1.95
2014.07.14 09:13:32.155,0.82941,0.82965,1.95,1.13
2014.07.14 09:13:33.256,0.82943,0.82966,1.95,1.13
2014.07.14 09:13:33.698,0.82942,0.82965,2.33,1.00
2014.07.14 09:13:34.249,0.82942,0.82968,2.33,1.95
2014.07.14 09:13:34.776,0.82943,0.8297,1.95,1.38
2014.07.14 09:13:35.669,0.82947,0.8297,1.95,1.38
2014.07.14 09:13:36.850,0.8295,0.82974,1.38,1.95
2014.07.14 09:13:39.249,0.82949,0.82976,1.38,2.70
2014.07.14 09:13:51.156,0.82955,0.82976,1.00,1.95
2014.07.14 09:13:51.895,0.82954,0.82976,1.58,1.13
2014.07.14 09:13:52.402,0.82953,0.82976,1.95,1.13
2014.07.14 09:13:52.946,0.82952,0.82975,1.95,1.00
2014.07.14 09:13:54.655,0.82952,0.82975,1.95,1.38
2014.07.14 09:13:54.978,0.82955,0.82975,1.95,1.38
2014.07.14 09:13:56.304,0.8295,0.82975,2.70,1.38
2014.07.14 09:13:56.806,0.82955,0.82977,1.00,1.95
2014.07.14 09:13:58.227,0.82951,0.82975,1.95,1.38
2014.07.14 09:14:00.676,0.82952,0.82975,1.95,1.13
2014.07.14 09:14:05.925,0.82956,0.8298,1.58,1.50
2014.07.14 09:14:06.596,0.82955,0.8298,1.13,3.08
2014.07.14 09:14:09.839,0.82954,0.8298,2.70,1.95
2014.07.14 09:14:09.948,0.82954,0.8298,2.70,2.33
2014.07.14 09:14:21.764,0.82951,0.82975,1.95,1.38
2014.07.14 09:14:22.284,0.82955,0.82975,1.58,1.38
2014.07.14 09:14:22.945,0.82952,0.82975,1.95,1.13
2014.07.14 09:14:36.021,0.8295,0.82975,1.50,2.70
2014.07.14 09:14:37.011,0.8295,0.82975,1.38,2.70
2014.07.14 09:14:37.112,0.8295,0.82975,1.38,2.70
2014.07.14 09:14:40.000,0.8295,0.8297,1.95,1.00
2014.07.14 09:14:40.207,0.82949,0.8297,1.95,1.00
2014.07.14 09:14:40.713,0.82945,0.8297,1.38,1.38
2014.07.14 09:14:41.396,0.82944,0.82965,2.33,1.00
2014.07.14 09:14:43.264,0.82944,0.82971,2.33,1.38
2014.07.14 09:14:43.969,0.82945,0.8297,1.38,1.38
2014.07.14 09:14:44.416,0.82945,0.82971,2.33,2.70
2014.07.14 09:14:44.526,0.82949,0.8297,1.95,1.00
2014.07.14 09:14:44.677,0.8295,0.8297,1.95,1.00
2014.07.14 09:14:45.216,0.8295,0.82975,1.95,1.38
2014.07.14 09:14:49.095,0.8295,0.8297,1.95,1.00
2014.07.14 09:14:49.604,0.82946,0.8297,2.33,1.38
2014.07.14 09:14:51.866,0.8295,0.8297,1.95,1.00
2014.07.14 09:14:52.479,0.8295,0.8297,1.95,1.00
2014.07.14 09:14:53.355,0.82949,0.82971,1.95,1.00
2014.07.14 09:14:53.406,0.82949,0.82971,1.95,1.00
2014.07.14 09:14:53.577,0.82949,0.82971,1.95,1.00
2014.07.14 09:14:54.555,0.82949,0.82971,1.95,1.38
2014.07.14 09:14:57.313,0.8295,0.82975,1.95,1.73
2014.07.14 09:15:01.135,0.82954,0.82975,1.58,1.38
2014.07.14 09:15:01.667,0.82956,0.8298,1.58,1.75
2014.07.14 09:15:01.717,0.82956,0.8298,1.95,1.38
2014.07.14 09:15:01.818,0.82956,0.8298,1.95,1.38
2014.07.14 09:15:02.019,0.82958,0.8298,1.95,1.13
2014.07.14 09:15:02.544,0.82957,0.8298,1.95,1.38
2014.07.14 09:15:06.055,0.82955,0.8298,1.38,2.70
2014.07.14 09:15:06.685,0.82958,0.8298,1.95,1.38
2014.07.14 09:15:07.331,0.8296,0.82983,1.00,1.95
2014.07.14 09:15:14.129,0.8296,0.82984,1.00,1.95
2014.07.14 09:15:15.177,0.8296,0.82985,2.70,1.38
2014.07.14 09:15:16.305,0.82958,0.8298,1.95,1.00
2014.07.14 09:15:16.356,0.82958,0.8298,1.95,1.00
2014.07.14 09:15:16.459,0.82957,0.8298,1.95,1.00
2014.07.14 09:15:17.076,0.8296,0.82985,1.13,1.38
2014.07.14 09:15:18.145,0.82961,0.82985,1.58,1.38
2014.07.14 09:15:18.687,0.82957,0.8298,1.95,1.00
2014.07.14 09:15:19.214,0.82959,0.8298,1.95,1.13
2014.07.14 09:15:19.718,0.8296,0.82985,2.70,1.38
2014.07.14 09:15:21.196,0.8296,0.82985,2.70,1.38
2014.07.14 09:15:21.775,0.82961,0.82985,1.95,1.38
2014.07.14 09:15:22.382,0.82961,0.82985,1.95,1.38
2014.07.14 09:15:23.178,0.82965,0.82987,1.00,1.95
2014.07.14 09:15:23.873,0.82961,0.82985,1.95,1.38
2014.07.14 09:15:27.579,0.8296,0.82985,2.70,1.38
2014.07.14 09:15:29.284,0.82965,0.82986,1.00,1.95
2014.07.14 09:15:30.113,0.82965,0.82987,1.00,1.95
2014.07.14 09:15:35.564,0.8296,0.82986,2.70,1.95
2014.07.14 09:15:36.876,0.82965,0.82986,1.00,1.95
2014.07.14 09:15:37.563,0.82965,0.82987,1.00,1.95
2014.07.14 09:15:40.614,0.82961,0.82987,1.95,1.95
2014.07.14 09:15:53.373,0.8296,0.82985,2.70,1.38
2014.07.14 09:15:53.488,0.8296,0.82985,2.70,1.38
2014.07.14 09:15:53.740,0.8296,0.82982,1.38,1.95
2014.07.14 09:15:54.377,0.8296,0.82984,1.38,1.95
2014.07.14 09:15:54.698,0.8296,0.82985,2.70,3.30
2014.07.14 09:15:55.794,0.8296,0.82982,1.00,1.95
2014.07.14 09:15:55.895,0.82957,0.82981,1.95,1.38
2014.07.14 09:15:58.935,0.82955,0.8298,1.38,1.95
2014.07.14 09:15:59.045,0.8296,0.8298,1.00,1.95
2014.07.14 09:16:01.243,0.82955,0.8298,1.38,1.95
2014.07.14 09:16:03.663,0.82959,0.8298,1.00,1.95
2014.07.14 09:16:06.152,0.82959,0.8298,1.00,1.95
2014.07.14 09:16:06.762,0.82954,0.8298,2.70,1.95
2014.07.14 09:16:23.117,0.82955,0.82982,1.38,1.95
2014.07.14 09:16:24.163,0.8296,0.82981,1.00,1.95
2014.07.14 09:16:24.992,0.8296,0.82982,1.00,1.95
2014.07.14 09:16:29.917,0.8296,0.82982,1.13,1.95
2014.07.14 09:16:36.188,0.82956,0.82982,1.95,1.95
2014.07.14 09:16:49.894,0.82959,0.82981,1.38,1.58
2014.07.14 09:16:49.998,0.8296,0.82984,1.38,1.95
2014.07.14 09:16:50.664,0.8296,0.82983,1.50,1.95
2014.07.14 09:16:51.736,0.8296,0.82983,1.75,1.58
2014.07.14 09:16:52.414,0.8296,0.82983,1.38,1.58
2014.07.14 09:16:52.465,0.82961,0.82985,1.95,1.00
2014.07.14 09:16:52.515,0.82961,0.82985,2.33,1.38
2014.07.14 09:16:56.197,0.8296,0.82983,1.75,1.58
2014.07.14 09:16:56.303,0.8296,0.82983,1.38,1.58
2014.07.14 09:16:59.233,0.8296,0.82983,1.75,1.58
2014.07.14 09:17:02.522,0.8296,0.82983,1.38,1.58
2014.07.14 09:17:03.352,0.8296,0.82983,1.50,1.95
2014.07.14 09:17:06.191,0.8296,0.82983,1.38,1.95
2014.07.14 09:17:07.921,0.8296,0.82983,1.50,1.95
2014.07.14 09:17:14.641,0.8296,0.82985,1.75,1.95
2014.07.14 09:17:33.322,0.8296,0.82988,2.70,2.55
2014.07.14 09:17:34.943,0.8296,0.82986,2.70,2.33
2014.07.14 09:17:35.194,0.8296,0.82984,1.38,1.95
2014.07.14 09:17:35.496,0.82959,0.82983,1.38,1.95
2014.07.14 09:17:36.183,0.82957,0.82981,1.95,1.38
2014.07.14 09:17:37.695,0.82951,0.82979,1.95,1.95
2014.07.14 09:17:37.832,0.82951,0.82975,1.95,1.60
2014.07.14 09:17:37.932,0.8295,0.82972,1.13,1.95
2014.07.14 09:17:38.165,0.82945,0.82971,2.70,2.55
2014.07.14 09:17:38.215,0.82945,0.82968,1.38,1.58
2014.07.14 09:17:38.554,0.8295,0.82969,1.00,1.95
2014.07.14 09:17:39.254,0.82945,0.82968,1.38,1.58
2014.07.14 09:17:39.922,0.82945,0.82968,1.38,1.95
2014.07.14 09:17:39.972,0.82945,0.82965,1.38,1.58
2014.07.14 09:17:40.022,0.82945,0.82965,1.13,1.58
2014.07.14 09:17:40.073,0.82945,0.82967,1.13,1.58
2014.07.14 09:17:40.425,0.82945,0.82967,1.38,1.58
2014.07.14 09:17:42.593,0.82945,0.82968,1.38,1.58
2014.07.14 09:17:43.636,0.82945,0.82968,1.38,1.58
2014.07.14 09:17:46.602,0.82944,0.82968,1.50,1.58
2014.07.14 09:17:46.703,0.82945,0.82971,3.08,1.58
2014.07.14 09:17:47.492,0.82947,0.82972,1.95,1.30
2014.07.14 09:17:47.602,0.82947,0.8297,1.95,1.00
2014.07.14 09:17:48.082,0.82948,0.8297,1.95,1.00
2014.07.14 09:17:48.402,0.82947,0.8297,2.33,1.00
2014.07.14 09:17:48.532,0.82949,0.82975,2.33,3.30
2014.07.14 09:17:48.922,0.8295,0.8297,2.33,1.00
2014.07.14 09:17:49.032,0.8295,0.82975,2.33,1.73
2014.07.14 09:17:49.913,0.8295,0.82975,3.08,1.73
2014.07.14 09:17:51.011,0.8295,0.82975,3.08,1.35
2014.07.14 09:17:52.225,0.8295,0.8297,2.33,1.00
2014.07.14 09:17:52.882,0.8295,0.82975,2.33,1.35
2014.07.14 09:18:06.166,0.82951,0.82975,2.33,1.73
2014.07.14 09:18:16.396,0.8295,0.82975,2.33,1.73
2014.07.14 09:18:16.912,0.8295,0.82975,1.38,3.30
2014.07.14 09:18:18.485,0.8295,0.82975,1.38,3.30
2014.07.14 09:18:25.652,0.82951,0.82976,1.95,1.38
2014.07.14 09:18:31.703,0.82955,0.82977,1.38,1.95
2014.07.14 09:18:36.228,0.82955,0.82977,1.38,1.95
2014.07.14 09:18:39.072,0.82951,0.82976,1.95,1.38
2014.07.14 09:18:39.122,0.82951,0.8297,1.95,1.00
2014.07.14 09:18:39.353,0.8295,0.82975,1.38,2.70
2014.07.14 09:18:39.970,0.8295,0.82975,1.95,1.38
2014.07.14 09:18:49.771,0.82947,0.8297,1.95,1.00
2014.07.14 09:18:49.922,0.82949,0.82975,1.95,3.30
2014.07.14 09:18:50.069,0.82945,0.82972,1.75,1.95
2014.07.14 09:18:52.955,0.82945,0.8297,2.70,1.38
2014.07.14 09:18:53.128,0.82945,0.8297,2.70,1.38
2014.07.14 09:18:53.921,0.82945,0.82973,3.08,2.93
2014.07.14 09:18:54.021,0.82947,0.82971,1.95,1.38
2014.07.14 09:18:57.033,0.8295,0.82973,1.38,1.95
2014.07.14 09:18:59.413,0.82947,0.82973,1.95,1.95
2014.07.14 09:19:01.039,0.82947,0.82973,1.95,1.95
2014.07.14 09:19:02.281,0.82947,0.8297,1.95,1.00
2014.07.14 09:19:02.785,0.82947,0.82973,1.95,1.95
2014.07.14 09:19:03.666,0.82947,0.82973,2.33,1.95
2014.07.14 09:19:03.774,0.82947,0.82973,1.95,1.95
2014.07.14 09:19:04.700,0.82948,0.82971,1.95,1.00
2014.07.14 09:19:05.427,0.82948,0.82974,1.95,1.95
2014.07.14 09:19:05.971,0.82948,0.82974,1.95,1.95
2014.07.14 09:19:11.932,0.82948,0.82974,1.95,1.95
2014.07.14 09:19:12.611,0.82948,0.8297,1.95,1.00
2014.07.14 09:19:13.347,0.82947,0.82971,1.95,1.38
2014.07.14 09:19:15.141,0.82946,0.8297,1.95,1.50
2014.07.14 09:19:15.443,0.8294,0.8296,2.33,1.00
2014.07.14 09:19:15.494,0.82939,0.8296,1.95,1.00
2014.07.14 09:19:15.849,0.82939,0.82955,1.95,1.00
2014.07.14 09:19:16.132,0.82937,0.8296,2.33,1.00
2014.07.14 09:19:16.903,0.82937,0.82963,2.33,1.58
2014.07.14 09:19:17.638,0.82939,0.82965,1.95,1.38
2014.07.14 09:19:18.348,0.8294,0.82965,1.38,1.13
2014.07.14 09:19:20.607,0.82941,0.82965,1.95,1.38
2014.07.14 09:19:21.900,0.82941,0.82965,1.95,1.38
2014.07.14 09:19:26.933,0.82939,0.8296,1.95,1.00
2014.07.14 09:19:27.111,0.82938,0.8296,1.95,1.00
2014.07.14 09:19:27.658,0.82938,0.8296,2.33,1.00
2014.07.14 09:19:35.452,0.82935,0.8296,3.08,1.13
2014.07.14 09:19:35.796,0.82935,0.82955,3.08,1.00
2014.07.14 09:19:38.310,0.82935,0.8296,3.08,1.13
2014.07.14 09:19:38.948,0.82936,0.8296,1.95,1.38
2014.07.14 09:19:38.998,0.82936,0.82956,1.95,1.00
2014.07.14 09:19:39.755,0.82934,0.82955,1.95,1.00
2014.07.14 09:19:40.490,0.82934,0.82955,1.58,1.38
2014.07.14 09:19:40.841,0.82928,0.82945,1.95,1.00
2014.07.14 09:19:41.352,0.82925,0.82946,2.33,1.00
2014.07.14 09:19:41.621,0.82925,0.82949,1.50,1.95
2014.07.14 09:19:41.824,0.82926,0.8295,2.33,1.13
2014.07.14 09:19:43.222,0.82927,0.82952,1.95,1.95
2014.07.14 09:19:44.048,0.82925,0.8295,3.08,1.00
2014.07.14 09:19:44.637,0.82929,0.82952,1.38,1.95
2014.07.14 09:19:45.592,0.82927,0.82952,1.95,1.95
2014.07.14 09:19:53.012,0.82926,0.8295,1.95,1.38
2014.07.14 09:19:55.890,0.82926,0.8295,1.95,1.13
2014.07.14 09:20:01.826,0.82925,0.8295,1.38,1.38
2014.07.14 09:20:02.045,0.82921,0.82945,1.95,1.00
2014.07.14 09:20:02.154,0.82921,0.82945,2.33,1.00
2014.07.14 09:20:02.305,0.82925,0.8295,2.70,2.70
2014.07.14 09:20:16.936,0.82925,0.8295,1.95,1.95
2014.07.14 09:20:17.410,0.82925,0.8295,1.95,1.95
2014.07.14 09:20:23.620,0.82926,0.8295,1.95,1.38
2014.07.14 09:20:24.245,0.82926,0.8295,2.33,1.38
2014.07.14 09:20:34.111,0.82925,0.82945,2.33,1.00
2014.07.14 09:20:34.212,0.82923,0.82945,2.33,1.00
2014.07.14 09:20:34.880,0.82925,0.8295,3.08,2.70
2014.07.14 09:20:35.430,0.82925,0.8295,1.75,1.38
2014.07.14 09:20:35.980,0.82925,0.8295,3.08,2.70
2014.07.14 09:20:36.600,0.82925,0.8295,1.38,2.70
2014.07.14 09:20:37.132,0.82927,0.8295,1.95,1.13
2014.07.14 09:20:37.481,0.82925,0.8295,1.95,1.95
2014.07.14 09:20:39.609,0.82923,0.82948,1.95,1.95
2014.07.14 09:20:47.093,0.82923,0.82945,1.95,1.00
2014.07.14 09:20:47.194,0.82923,0.82945,1.95,1.00
2014.07.14 09:20:47.703,0.8292,0.82945,1.38,2.70
2014.07.14 09:20:50.571,0.8292,0.82944,1.38,2.55
2014.07.14 09:20:50.872,0.8292,0.8294,1.38,1.58
2014.07.14 09:20:51.011,0.8292,0.8294,1.00,1.58
2014.07.14 09:20:51.112,0.82915,0.8294,2.70,2.33
2014.07.14 09:20:51.732,0.82914,0.82938,1.38,1.58
2014.07.14 09:20:52.034,0.82912,0.82938,1.95,1.95
2014.07.14 09:20:53.090,0.8291,0.82938,2.70,1.95
2014.07.14 09:20:54.341,0.82912,0.82935,1.95,1.00
2014.07.14 09:20:58.420,0.82913,0.82935,1.95,1.00
2014.07.14 09:20:58.521,0.82915,0.82935,1.95,1.00
2014.07.14 09:20:58.632,0.82915,0.8294,2.70,1.73
2014.07.14 09:20:58.733,0.82916,0.8294,1.95,1.73
2014.07.14 09:20:59.056,0.82915,0.8294,3.08,1.73
2014.07.14 09:20:59.491,0.82915,0.8294,2.70,1.00
2014.07.14 09:20:59.740,0.82915,0.8294,2.70,2.70
2014.07.14 09:20:59.809,0.82915,0.8294,2.70,2.70
2014.07.14 09:21:00.326,0.82915,0.8294,1.95,2.70
2014.07.14 09:21:00.906,0.82915,0.8294,1.95,1.95
2014.07.14 09:21:02.150,0.82915,0.82935,1.95,1.00
2014.07.14 09:21:05.120,0.82915,0.8294,1.95,2.70
2014.07.14 09:21:06.345,0.82915,0.82935,1.95,1.00
2014.07.14 09:21:07.099,0.82915,0.8294,1.95,2.70
2014.07.14 09:21:10.192,0.82915,0.8294,1.95,1.95
2014.07.14 09:21:11.499,0.82915,0.8294,1.38,1.38
2014.07.14 09:21:12.239,0.82914,0.82938,1.38,1.95
2014.07.14 09:21:17.241,0.82911,0.82936,2.33,1.58
2014.07.14 09:21:19.591,0.82911,0.82936,1.95,1.58
2014.07.14 09:21:20.871,0.82911,0.82935,1.95,1.00
2014.07.14 09:21:23.842,0.82911,0.82936,1.95,1.58
2014.07.14 09:21:25.381,0.82914,0.82939,1.38,1.95
2014.07.14 09:21:25.710,0.82915,0.82939,1.13,1.95
2014.07.14 09:21:28.484,0.82915,0.82938,1.13,1.58
2014.07.14 09:21:30.355,0.82914,0.82938,1.38,1.95
2014.07.14 09:21:31.218,0.82915,0.82941,1.95,3.30
2014.07.14 09:21:31.549,0.82919,0.8294,1.95,1.00
2014.07.14 09:21:31.651,0.8292,0.82946,1.95,2.70
2014.07.14 09:21:34.607,0.8292,0.82947,1.38,2.55
2014.07.14 09:21:37.009,0.82925,0.82945,1.00,1.95
2014.07.14 09:21:40.418,0.8292,0.82945,1.38,1.95
2014.07.14 09:21:42.402,0.82925,0.82945,1.00,1.95
2014.07.14 09:21:42.562,0.82922,0.82945,1.95,1.00
2014.07.14 09:21:42.687,0.82924,0.82948,1.00,1.95
2014.07.14 09:21:42.737,0.82924,0.82949,1.38,1.95
2014.07.14 09:21:43.293,0.82924,0.82951,1.50,2.70
2014.07.14 09:21:43.989,0.82925,0.8295,1.38,1.00
2014.07.14 09:21:44.615,0.82924,0.82951,1.38,2.70
2014.07.14 09:21:45.274,0.82925,0.8295,1.38,1.00
2014.07.14 09:21:49.442,0.82925,0.8295,1.50,1.38
2014.07.14 09:21:53.289,0.82923,0.82945,2.33,1.00
2014.07.14 09:21:53.490,0.82922,0.82945,2.33,1.00
2014.07.14 09:21:57.784,0.82922,0.82945,2.33,1.00
2014.07.14 09:21:58.475,0.82922,0.82945,2.33,1.00
2014.07.14 09:21:58.991,0.82922,0.82945,2.33,1.00
2014.07.14 09:22:00.079,0.82922,0.82945,2.33,1.00
2014.07.14 09:22:00.629,0.82922,0.82945,2.33,1.00
2014.07.14 09:22:00.888,0.82925,0.82948,1.38,2.55
2014.07.14 09:22:01.485,0.82924,0.8295,1.38,4.05
2014.07.14 09:22:04.648,0.82925,0.82948,1.38,2.18
2014.07.14 09:22:04.758,0.82925,0.82948,1.38,2.18
2014.07.14 09:22:09.784,0.8293,0.8295,1.00,4.05
2014.07.14 09:22:10.301,0.82929,0.8295,1.00,4.05
2014.07.14 09:22:13.734,0.82925,0.8295,1.95,4.05
2014.07.14 09:22:14.808,0.8293,0.8295,1.00,3.23
2014.07.14 09:22:14.918,0.82925,0.8295,1.38,3.23
2014.07.14 09:22:15.174,0.82925,0.82948,1.38,2.18
2014.07.14 09:22:17.535,0.82925,0.82949,1.38,2.55
2014.07.14 09:22:17.888,0.82925,0.82948,1.13,2.18
2014.07.14 09:22:23.000,0.82925,0.82945,1.13,1.00
2014.07.14 09:22:23.168,0.82925,0.82948,1.13,2.18
2014.07.14 09:22:23.244,0.82925,0.82948,1.38,2.55
2014.07.14 09:22:23.354,0.82925,0.82948,1.38,2.55
2014.07.14 09:22:23.404,0.8292,0.82945,3.08,1.00
2014.07.14 09:22:23.745,0.82925,0.82948,1.38,2.55
2014.07.14 09:22:24.003,0.82925,0.82948,1.38,2.55
2014.07.14 09:22:24.217,0.82925,0.82945,1.38,1.00
2014.07.14 09:22:24.368,0.8292,0.82945,2.70,1.13
2014.07.14 09:22:33.705,0.8292,0.82945,1.38,3.30
2014.07.14 09:22:33.807,0.8292,0.82944,1.50,1.95
2014.07.14 09:22:34.596,0.8292,0.82945,1.38,3.30
2014.07.14 09:22:35.156,0.82919,0.82943,1.38,2.55
2014.07.14 09:22:36.378,0.82919,0.82941,1.95,1.00
2014.07.14 09:22:36.528,0.82919,0.82941,1.95,1.00
2014.07.14 09:22:37.848,0.82919,0.8294,1.95,1.00
2014.07.14 09:22:42.909,0.82919,0.8294,1.95,1.00
2014.07.14 09:22:44.227,0.82919,0.8294,1.95,1.00
2014.07.14 09:22:45.843,0.8292,0.82944,1.13,2.48
2014.07.14 09:22:48.234,0.8292,0.82944,1.38,2.48
2014.07.14 09:22:48.334,0.8292,0.82945,1.38,2.70
2014.07.14 09:22:49.026,0.82925,0.82946,1.13,1.95
2014.07.14 09:22:49.200,0.8292,0.82945,2.70,1.13
2014.07.14 09:22:54.819,0.8292,0.82945,2.70,1.73
2014.07.14 09:22:58.127,0.82925,0.82943,1.00,1.30
2014.07.14 09:22:58.568,0.82919,0.82943,2.70,1.30
2014.07.14 09:22:58.775,0.82919,0.82945,3.08,2.55
2014.07.14 09:23:00.825,0.8292,0.82945,2.70,1.98
2014.07.14 09:23:01.077,0.82921,0.82946,1.95,3.23
2014.07.14 09:23:04.778,0.8292,0.82945,2.70,1.13
2014.07.14 09:23:07.149,0.82919,0.8294,2.33,1.00
2014.07.14 09:23:07.253,0.82919,0.8294,1.95,1.00
2014.07.14 09:23:07.353,0.82921,0.82945,1.95,1.35
2014.07.14 09:23:07.404,0.82921,0.82945,1.95,1.35
2014.07.14 09:23:08.112,0.8292,0.8294,1.38,1.00
2014.07.14 09:23:08.327,0.8292,0.82945,1.38,2.93
2014.07.14 09:23:09.739,0.8292,0.82943,1.38,1.58
2014.07.14 09:23:11.938,0.8292,0.8294,1.38,1.58
2014.07.14 09:23:12.048,0.8292,0.82943,1.38,1.58
2014.07.14 09:23:12.594,0.8292,0.82944,1.38,1.58
2014.07.14 09:23:15.698,0.82919,0.82941,1.95,1.00
2014.07.14 09:23:19.126,0.82919,0.82944,2.70,1.58
2014.07.14 09:23:25.066,0.82925,0.82944,1.00,1.58
2014.07.14 09:23:33.058,0.82925,0.82945,1.00,1.30
2014.07.14 09:23:36.506,0.82925,0.82946,1.00,2.55
2014.07.14 09:23:40.117,0.8292,0.82945,2.70,1.60
2014.07.14 09:23:42.946,0.8292,0.82945,2.70,1.98
2014.07.14 09:23:43.047,0.8292,0.82944,2.70,2.48
2014.07.14 09:24:11.676,0.8292,0.82944,1.38,2.48
2014.07.14 09:24:15.025,0.8292,0.82944,1.38,2.48
2014.07.14 09:24:17.558,0.8292,0.82945,1.38,2.70
2014.07.14 09:24:17.609,0.82925,0.82946,1.00,1.95
2014.07.14 09:24:17.659,0.82925,0.82946,1.00,1.95
2014.07.14 09:24:18.087,0.82925,0.82945,1.00,1.73
2014.07.14 09:24:19.704,0.82925,0.82945,1.00,3.30
2014.07.14 09:24:19.786,0.8292,0.82945,1.38,3.30
2014.07.14 09:24:21.066,0.82925,0.82945,1.00,3.30
2014.07.14 09:24:21.801,0.82925,0.82945,1.00,3.30
2014.07.14 09:24:28.130,0.8292,0.82945,1.38,3.30
2014.07.14 09:24:32.099,0.82925,0.82945,1.00,2.55
2014.07.14 09:24:36.052,0.82924,0.82945,1.00,2.55
2014.07.14 09:24:36.662,0.82924,0.82945,1.38,2.55
2014.07.14 09:24:37.919,0.82924,0.82945,1.00,2.55
2014.07.14 09:24:41.334,0.82925,0.82945,1.00,2.55
2014.07.14 09:24:41.745,0.8292,0.82945,1.38,3.30
2014.07.14 09:24:45.880,0.8292,0.82945,1.50,3.30
2014.07.14 09:24:46.728,0.8292,0.82945,1.38,3.30
2014.07.14 09:24:47.355,0.82925,0.82945,1.00,3.30
2014.07.14 09:25:01.469,0.82924,0.82943,1.00,1.30
2014.07.14 09:25:03.900,0.82925,0.82943,1.00,1.30
2014.07.14 09:25:04.111,0.8292,0.82943,1.38,1.30
2014.07.14 09:25:06.584,0.8292,0.82943,1.13,1.30
2014.07.14 09:25:13.679,0.8292,0.82945,1.38,3.30
2014.07.14 09:25:15.407,0.82925,0.82945,1.00,3.30
2014.07.14 09:25:16.837,0.8292,0.82945,1.38,3.30
2014.07.14 09:25:17.057,0.82924,0.82945,1.00,2.55
2014.07.14 09:25:19.806,0.82925,0.82945,1.00,2.55
2014.07.14 09:25:28.287,0.82925,0.82945,1.00,1.95
2014.07.14 09:25:28.852,0.82925,0.82946,1.00,1.95
2014.07.14 09:25:31.966,0.8292,0.82946,2.70,1.95
2014.07.14 09:25:36.595,0.8292,0.82946,2.70,1.95
2014.07.14 09:25:41.647,0.82925,0.82946,1.00,1.95
2014.07.14 09:25:42.383,0.82925,0.82946,1.13,1.95
2014.07.14 09:26:01.410,0.82924,0.82946,1.00,1.95
2014.07.14 09:26:01.810,0.8292,0.82945,1.38,1.95
2014.07.14 09:26:01.861,0.8292,0.82947,1.38,1.95
2014.07.14 09:26:02.196,0.8292,0.82947,1.50,1.95
2014.07.14 09:26:06.698,0.82925,0.82947,1.00,1.95
2014.07.14 09:26:07.016,0.82919,0.82946,2.70,1.38
2014.07.14 09:26:10.867,0.82919,0.82946,3.08,1.38
2014.07.14 09:26:11.537,0.8292,0.82945,1.38,1.38
2014.07.14 09:26:11.686,0.8292,0.82947,1.50,1.95
2014.07.14 09:26:22.327,0.82925,0.82947,1.38,1.95
2014.07.14 09:26:27.914,0.82924,0.82948,1.13,2.55
2014.07.14 09:26:28.611,0.82925,0.82948,1.00,2.55
2014.07.14 09:26:30.225,0.82924,0.82948,1.13,2.55
2014.07.14 09:26:31.324,0.82925,0.82948,1.00,2.55
2014.07.14 09:26:38.047,0.8292,0.82948,2.70,2.55
2014.07.14 09:26:38.097,0.8292,0.82948,3.08,2.55
2014.07.14 09:26:38.435,0.8292,0.82948,2.70,2.55
2014.07.14 09:26:38.486,0.82925,0.82948,1.00,2.55
2014.07.14 09:26:40.125,0.8292,0.82948,2.70,2.55
2014.07.14 09:26:41.114,0.82925,0.82948,1.00,2.55
2014.07.14 09:27:00.846,0.8292,0.82948,2.70,2.55
2014.07.14 09:27:01.386,0.82925,0.82948,1.00,2.55
2014.07.14 09:27:02.379,0.8292,0.82945,2.70,1.38
2014.07.14 09:27:02.940,0.82925,0.82948,1.00,2.55
2014.07.14 09:27:03.600,0.82924,0.82948,1.13,2.55
2014.07.14 09:27:06.734,0.82924,0.82948,1.13,2.55
2014.07.14 09:27:09.085,0.82925,0.82948,1.00,2.55
2014.07.14 09:27:12.823,0.8292,0.82948,1.95,2.55
2014.07.14 09:27:22.175,0.8292,0.82945,2.70,1.00
2014.07.14 09:27:23.824,0.8292,0.82948,2.70,2.55
2014.07.14 09:27:24.396,0.8292,0.82945,2.70,1.00
2014.07.14 09:27:31.313,0.8292,0.82948,2.70,2.55
2014.07.14 09:27:31.856,0.8292,0.82945,2.70,1.00
2014.07.14 09:27:36.816,0.8292,0.82945,3.08,1.38
2014.07.14 09:27:39.456,0.82919,0.82944,2.70,1.30
2014.07.14 09:27:42.754,0.82919,0.82944,3.08,1.30
2014.07.14 09:27:52.789,0.82919,0.82945,2.70,2.18
2014.07.14 09:27:52.893,0.82924,0.82947,1.38,4.05
2014.07.14 09:27:53.170,0.82925,0.82948,1.13,2.55
2014.07.14 09:27:53.220,0.82925,0.82947,1.38,1.30
2014.07.14 09:27:54.594,0.82924,0.82945,1.95,1.00
2014.07.14 09:27:57.462,0.82925,0.82949,1.38,2.48
2014.07.14 09:28:18.492,0.82925,0.82949,1.50,2.48
2014.07.14 09:28:18.699,0.82925,0.82947,1.38,1.30
2014.07.14 09:28:20.402,0.82921,0.82945,2.33,1.00
2014.07.14 09:28:27.275,0.82922,0.82945,2.33,1.00
2014.07.14 09:28:27.823,0.82925,0.82945,1.38,1.00
2014.07.14 09:28:28.446,0.82925,0.82945,3.08,1.00
2014.07.14 09:28:30.933,0.82925,0.82945,1.95,1.00
2014.07.14 09:28:31.516,0.82925,0.82948,1.38,2.48
2014.07.14 09:28:32.502,0.82923,0.82945,2.33,1.00
2014.07.14 09:28:33.053,0.82925,0.82948,1.38,4.05
2014.07.14 09:28:33.726,0.82925,0.8295,1.38,2.70
2014.07.14 09:28:46.251,0.82923,0.82949,1.95,1.95
2014.07.14 09:29:06.873,0.82924,0.82949,1.38,2.33
2014.07.14 09:29:22.431,0.82925,0.82949,1.38,1.95
2014.07.14 09:29:36.895,0.82925,0.82949,1.38,2.33
2014.07.14 09:29:41.895,0.82924,0.82949,1.00,2.33
2014.07.14 09:29:42.005,0.82924,0.82948,1.38,1.95
2014.07.14 09:29:43.851,0.82925,0.82947,1.00,1.95
2014.07.14 09:29:45.921,0.8292,0.82947,2.70,1.95
2014.07.14 09:29:57.661,0.8292,0.82947,3.08,1.95
2014.07.14 09:30:03.751,0.8292,0.82946,1.95,1.38
2014.07.14 09:30:04.622,0.8292,0.82946,1.95,1.38
2014.07.14 09:30:06.121,0.8292,0.82945,3.08,1.13
2014.07.14 09:30:10.842,0.82921,0.82945,2.33,1.00
2014.07.14 09:30:10.892,0.82925,0.8295,2.70,1.38
2014.07.14 09:30:11.020,0.82925,0.8295,3.08,1.00
2014.07.14 09:30:11.144,0.82925,0.82953,3.08,1.95
2014.07.14 09:30:11.245,0.82928,0.82954,1.95,1.95
2014.07.14 09:30:11.465,0.82931,0.82955,1.95,1.38
2014.07.14 09:30:11.991,0.82931,0.82955,1.95,1.38
2014.07.14 09:30:12.142,0.82929,0.82955,1.95,3.30
2014.07.14 09:30:12.793,0.8293,0.82955,1.38,2.70
2014.07.14 09:30:15.823,0.8293,0.82954,1.38,2.48
2014.07.14 09:30:16.181,0.82926,0.8295,2.33,1.38
2014.07.14 09:30:17.520,0.82926,0.8295,1.95,1.38
2014.07.14 09:30:17.671,0.82921,0.82946,2.33,1.13
2014.07.14 09:30:17.771,0.82921,0.82946,2.33,1.38
2014.07.14 09:30:18.179,0.8292,0.82945,1.38,1.38
2014.07.14 09:30:18.623,0.8292,0.82945,1.50,1.38
2014.07.14 09:30:36.942,0.8292,0.82945,2.70,1.38
2014.07.14 09:31:00.708,0.8292,0.82944,1.38,2.55
2014.07.14 09:31:02.452,0.8292,0.82945,2.70,1.38
2014.07.14 09:31:02.968,0.8292,0.82944,1.38,2.55
2014.07.14 09:31:04.267,0.8292,0.82945,2.70,1.38
2014.07.14 09:31:04.653,0.82918,0.82944,1.95,2.55
2014.07.14 09:31:04.704,0.82918,0.82944,1.58,4.05
2014.07.14 09:31:04.755,0.82914,0.8294,2.33,1.95
2014.07.14 09:31:05.278,0.82914,0.82939,1.00,1.58
2014.07.14 09:31:05.328,0.82914,0.82939,1.00,3.68
2014.07.14 09:31:05.629,0.82911,0.82935,1.95,1.13
2014.07.14 09:31:06.267,0.82911,0.82935,1.95,1.38
2014.07.14 09:31:16.531,0.8291,0.82934,1.13,2.18
2014.07.14 09:31:16.682,0.82907,0.8293,2.33,1.00
2014.07.14 09:31:16.783,0.82907,0.8293,1.95,1.35
2014.07.14 09:31:17.214,0.8291,0.82932,1.38,1.30
2014.07.14 09:31:17.421,0.8291,0.82933,1.38,4.05
2014.07.14 09:31:19.081,0.8291,0.82934,1.38,2.55
2014.07.14 09:31:20.900,0.8291,0.82934,1.38,2.55
2014.07.14 09:31:21.223,0.8291,0.82935,3.08,3.30
2014.07.14 09:31:29.340,0.82914,0.82938,1.38,1.95
2014.07.14 09:31:29.442,0.82914,0.82939,1.38,1.95
2014.07.14 09:31:37.026,0.82915,0.8294,1.38,2.55
2014.07.14 09:31:38.077,0.82915,0.8294,1.13,2.55
2014.07.14 09:31:41.392,0.8292,0.8294,1.00,2.55
2014.07.14 09:31:41.442,0.8292,0.8294,1.00,2.55
2014.07.14 09:31:41.807,0.82919,0.82944,2.70,1.95
2014.07.14 09:31:45.607,0.8292,0.82944,1.38,1.95
2014.07.14 09:31:50.714,0.8292,0.82944,1.13,1.95
2014.07.14 09:31:56.243,0.82925,0.82944,1.00,1.95
2014.07.14 09:32:01.354,0.82925,0.82945,1.00,2.55
2014.07.14 09:32:01.606,0.82925,0.82948,1.00,1.95
2014.07.14 09:32:01.657,0.8293,0.82947,1.00,1.30
2014.07.14 09:32:01.863,0.82924,0.8295,1.00,2.48
2014.07.14 09:32:02.215,0.82924,0.82951,1.38,3.23
2014.07.14 09:32:02.726,0.82925,0.82948,1.38,2.55
2014.07.14 09:32:04.490,0.8293,0.82947,1.00,1.95
2014.07.14 09:32:06.470,0.82924,0.82947,1.38,1.95
2014.07.14 09:32:07.140,0.82925,0.82949,1.38,2.55
2014.07.14 09:32:07.573,0.82921,0.82945,1.95,1.00
2014.07.14 09:32:07.949,0.82919,0.82943,2.70,1.30
2014.07.14 09:32:09.376,0.82924,0.82947,1.00,2.55
2014.07.14 09:32:09.929,0.8292,0.82944,1.38,1.30
2014.07.14 09:32:10.645,0.8292,0.82945,1.38,1.98
2014.07.14 09:32:11.192,0.8292,0.82947,1.38,1.95
2014.07.14 09:32:11.967,0.8292,0.82945,1.38,3.30
2014.07.14 09:32:12.725,0.8292,0.82945,1.00,3.30
2014.07.14 09:32:14.901,0.8292,0.8294,1.13,1.00
2014.07.14 09:32:18.091,0.8292,0.82944,1.13,4.05
2014.07.14 09:32:30.225,0.8292,0.82944,1.38,2.48
2014.07.14 09:32:30.359,0.8292,0.82943,1.38,1.30
2014.07.14 09:32:33.546,0.8292,0.82945,2.70,1.98
2014.07.14 09:32:33.806,0.8292,0.82943,1.38,1.30
2014.07.14 09:32:47.495,0.82925,0.82943,1.00,1.30
2014.07.14 09:33:01.530,0.82924,0.82946,1.00,4.05
2014.07.14 09:33:05.491,0.82925,0.82946,1.00,2.48
2014.07.14 09:33:06.814,0.8292,0.82945,1.38,1.60
2014.07.14 09:33:09.121,0.82925,0.82946,1.00,2.48
2014.07.14 09:33:22.830,0.82925,0.82946,1.00,1.95
2014.07.14 09:33:37.080,0.82925,0.82946,1.00,1.95
2014.07.14 09:33:41.926,0.82925,0.82946,1.00,1.95
2014.07.14 09:33:42.520,0.82924,0.82945,1.00,1.95
2014.07.14 09:33:43.076,0.82925,0.82945,1.00,1.95
2014.07.14 09:33:45.649,0.82925,0.82945,1.00,1.95
2014.07.14 09:33:46.787,0.82924,0.82946,1.00,1.95
2014.07.14 09:33:50.057,0.82924,0.82946,1.00,1.95
2014.07.14 09:33:51.849,0.82925,0.82946,1.00,1.95
2014.07.14 09:33:58.671,0.82925,0.82946,1.00,1.95
2014.07.14 09:33:59.877,0.82924,0.82946,1.13,1.95
2014.07.14 09:34:01.641,0.82925,0.82946,1.00,1.95
2014.07.14 09:34:07.219,0.82925,0.82947,1.00,2.55
2014.07.14 09:34:12.747,0.82924,0.82947,1.13,2.55
2014.07.14 09:34:15.389,0.82925,0.82948,1.00,1.95
2014.07.14 09:34:16.371,0.82925,0.82949,1.38,1.95
2014.07.14 09:34:27.968,0.82925,0.82947,1.13,2.55
2014.07.14 09:34:28.914,0.82925,0.82948,1.00,4.05
2014.07.14 09:34:37.162,0.82925,0.82945,1.00,1.95
2014.07.14 09:34:40.740,0.82925,0.82945,1.00,2.70
2014.07.14 09:34:44.724,0.82925,0.82945,1.00,2.70
2014.07.14 09:34:45.535,0.82924,0.82948,1.00,4.05
2014.07.14 09:34:47.845,0.82925,0.82948,1.00,4.05
2014.07.14 09:34:48.576,0.82925,0.82944,1.00,1.95
2014.07.14 09:34:48.835,0.8292,0.82943,1.38,1.95
2014.07.14 09:34:48.886,0.8292,0.82943,1.38,1.95
2014.07.14 09:34:49.029,0.8292,0.82945,1.00,1.73
2014.07.14 09:34:49.180,0.8292,0.82945,1.00,3.23
2014.07.14 09:34:49.689,0.82919,0.82941,1.00,2.70
2014.07.14 09:34:49.852,0.82915,0.8294,2.70,1.73
2014.07.14 09:34:49.903,0.82915,0.8294,1.00,3.68
2014.07.14 09:34:51.026,0.82914,0.82939,1.00,2.93
2014.07.14 09:34:51.755,0.82912,0.82935,1.95,1.38
2014.07.14 09:34:58.507,0.82915,0.82938,1.00,4.05
2014.07.14 09:34:59.048,0.82915,0.82938,1.13,4.05
2014.07.14 09:34:59.376,0.8292,0.82938,1.00,4.05
2014.07.14 09:34:59.458,0.82915,0.82938,1.13,4.05
2014.07.14 09:34:59.568,0.82919,0.82938,1.00,4.05
2014.07.14 09:34:59.676,0.82915,0.82938,1.13,4.05
2014.07.14 09:35:00.776,0.8292,0.82938,1.00,4.05
2014.07.14 09:35:02.109,0.82915,0.82938,1.13,4.05
2014.07.14 09:35:08.787,0.82915,0.8294,1.38,3.30
2014.07.14 09:35:09.330,0.82919,0.82942,1.00,1.35
2014.07.14 09:35:09.380,0.82919,0.82944,1.13,1.35
2014.07.14 09:35:09.557,0.82919,0.82945,1.13,2.48
2014.07.14 09:35:09.708,0.8292,0.82945,1.38,3.23
2014.07.14 09:35:09.898,0.82921,0.82945,1.95,1.38
2014.07.14 09:35:10.148,0.82925,0.82948,1.00,4.05
2014.07.14 09:35:16.068,0.8292,0.82945,2.70,1.38
2014.07.14 09:35:16.222,0.82923,0.82945,1.58,1.38
2014.07.14 09:35:16.888,0.8292,0.82945,1.38,1.38
2014.07.14 09:35:18.719,0.8292,0.82945,2.70,2.70
2014.07.14 09:35:21.608,0.8292,0.82945,1.38,1.38
2014.07.14 09:35:37.238,0.82919,0.82945,1.38,2.55
2014.07.14 09:36:03.563,0.8292,0.82944,1.38,2.55
2014.07.14 09:36:18.551,0.82916,0.82942,1.95,1.95
2014.07.14 09:36:19.098,0.82916,0.8294,1.58,1.00
2014.07.14 09:36:19.331,0.8292,0.82942,1.00,1.58
2014.07.14 09:36:21.059,0.8292,0.82942,1.13,1.95
2014.07.14 09:36:22.799,0.8292,0.82942,1.38,1.95
2014.07.14 09:36:27.680,0.82916,0.8294,2.33,1.00
2014.07.14 09:36:27.916,0.8292,0.82943,1.38,2.55
2014.07.14 09:36:34.449,0.82919,0.82943,1.38,2.18
2014.07.14 09:36:34.557,0.8292,0.82943,1.38,2.18
2014.07.14 09:36:34.689,0.82925,0.82947,1.00,2.18
2014.07.14 09:36:34.840,0.8293,0.82947,1.00,2.18
2014.07.14 09:36:34.941,0.82925,0.8295,1.58,2.18
2014.07.14 09:36:35.142,0.82925,0.82948,1.00,3.68
2014.07.14 09:36:35.328,0.82925,0.82948,1.00,2.55
2014.07.14 09:36:35.836,0.82924,0.82949,1.00,1.95
2014.07.14 09:36:36.646,0.82924,0.82949,1.00,1.58
2014.07.14 09:36:37.138,0.82928,0.8295,1.58,1.00
2014.07.14 09:36:37.385,0.8293,0.82954,1.00,1.58
2014.07.14 09:36:38.096,0.8293,0.82955,2.33,1.00
2014.07.14 09:36:39.118,0.82927,0.82955,1.95,2.70
2014.07.14 09:36:39.467,0.82925,0.8295,3.08,2.70
2014.07.14 09:36:46.728,0.82925,0.82948,1.75,1.58
2014.07.14 09:36:47.337,0.82925,0.82949,1.75,1.95
2014.07.14 09:36:47.999,0.82925,0.82949,1.50,1.95
2014.07.14 09:36:53.120,0.82924,0.82949,1.95,1.95
2014.07.14 09:36:53.221,0.8292,0.82946,2.70,1.95
2014.07.14 09:36:53.401,0.8292,0.82945,2.70,1.73
2014.07.14 09:37:01.588,0.8292,0.82945,1.00,3.30
2014.07.14 09:37:01.638,0.82917,0.82941,1.95,2.85
2014.07.14 09:37:02.026,0.82916,0.8294,1.95,1.98
2014.07.14 09:37:02.227,0.8292,0.82944,1.38,1.58
2014.07.14 09:37:02.640,0.8292,0.82945,2.70,1.73
2014.07.14 09:37:03.301,0.8292,0.82946,3.08,2.55
2014.07.14 09:37:07.336,0.8292,0.82945,3.08,1.73
2014.07.14 09:37:08.547,0.82923,0.82945,1.95,1.73
2014.07.14 09:37:08.597,0.82923,0.82945,1.58,1.73
2014.07.14 09:37:08.648,0.82923,0.8294,1.58,1.00
2014.07.14 09:37:08.698,0.82919,0.8294,1.95,1.38
2014.07.14 09:37:08.898,0.8292,0.82945,1.38,3.30
2014.07.14 09:37:09.965,0.82919,0.82943,1.38,1.95
2014.07.14 09:37:10.780,0.8292,0.8294,1.13,1.00
2014.07.14 09:37:17.325,0.8292,0.82943,1.13,1.95
2014.07.14 09:37:17.430,0.8292,0.82943,1.00,1.95
2014.07.14 09:37:21.194,0.8292,0.82944,1.38,2.55
2014.07.14 09:37:36.135,0.82918,0.8294,2.33,1.00
2014.07.14 09:37:37.345,0.8292,0.82944,1.38,2.55
2014.07.14 09:37:37.408,0.8292,0.82944,1.38,2.55
2014.07.14 09:37:39.148,0.8292,0.82944,1.38,2.55
2014.07.14 09:37:42.226,0.8292,0.82945,1.38,2.70
2014.07.14 09:37:42.605,0.82921,0.82945,1.95,1.73
2014.07.14 09:37:42.836,0.8292,0.82945,1.38,3.30
2014.07.14 09:37:49.626,0.8292,0.82945,2.33,1.95
2014.07.14 09:37:49.866,0.82925,0.82947,1.38,1.95
2014.07.14 09:37:49.986,0.82927,0.8295,1.95,1.38
2014.07.14 09:37:50.764,0.82927,0.8295,1.95,1.38
2014.07.14 09:38:17.784,0.82934,0.82952,1.00,2.55
2014.07.14 09:38:18.486,0.82935,0.82952,1.00,2.55
2014.07.14 09:38:21.674,0.82935,0.82952,1.00,2.55
2014.07.14 09:38:22.182,0.82934,0.82952,1.00,2.55
2014.07.14 09:38:22.295,0.82929,0.82952,1.38,2.55
2014.07.14 09:38:23.064,0.82929,0.82952,1.38,2.55
2014.07.14 09:38:23.604,0.8293,0.82952,1.00,2.55
2014.07.14 09:38:25.468,0.82927,0.8295,1.95,1.38
2014.07.14 09:38:26.126,0.8293,0.82952,1.00,2.55
2014.07.14 09:38:26.635,0.82929,0.82952,1.00,2.55
2014.07.14 09:38:27.954,0.8293,0.82952,1.00,2.55
2014.07.14 09:38:28.824,0.8293,0.82952,1.00,2.55
2014.07.14 09:38:28.874,0.82935,0.82952,1.00,1.95
2014.07.14 09:38:28.925,0.82935,0.82956,1.00,1.95
2014.07.14 09:38:29.146,0.82935,0.82959,1.00,1.35
2014.07.14 09:38:29.218,0.82935,0.8296,1.38,4.80
2014.07.14 09:38:29.486,0.82937,0.82961,1.95,1.38
2014.07.14 09:38:33.884,0.82937,0.82961,1.95,2.10
2014.07.14 09:38:34.884,0.82934,0.82955,1.95,1.00
2014.07.14 09:38:34.935,0.8293,0.82955,1.50,1.38
2014.07.14 09:38:35.040,0.8293,0.82955,1.38,1.38
2014.07.14 09:38:36.445,0.82929,0.82955,1.95,2.70
2014.07.14 09:38:45.225,0.8293,0.82955,1.00,2.70
2014.07.14 09:38:46.991,0.8293,0.82955,1.38,2.70
2014.07.14 09:39:06.664,0.82929,0.82956,2.70,1.13
2014.07.14 09:39:06.815,0.82935,0.82957,1.00,2.55
2014.07.14 09:39:07.133,0.82935,0.8296,1.38,3.68
2014.07.14 09:39:08.483,0.82934,0.8296,2.70,2.55
2014.07.14 09:39:10.374,0.82934,0.82955,1.95,1.00
2014.07.14 09:39:12.792,0.82935,0.8296,1.38,3.30
2014.07.14 09:39:13.611,0.82935,0.8296,1.38,3.30
2014.07.14 09:39:17.243,0.82935,0.8296,1.38,3.30
2014.07.14 09:39:30.931,0.82935,0.8296,1.38,3.30
2014.07.14 09:39:37.457,0.82935,0.8296,1.38,3.30
2014.07.14 09:39:37.881,0.82935,0.8296,1.38,3.68
2014.07.14 09:39:44.389,0.82934,0.8296,2.70,2.55
2014.07.14 09:40:01.435,0.82935,0.8296,1.00,3.30
2014.07.14 09:40:15.415,0.82935,0.82959,1.38,2.55
2014.07.14 09:40:15.515,0.82935,0.82958,1.38,1.30
2014.07.14 09:40:16.315,0.82939,0.82962,1.13,2.55
2014.07.14 09:40:16.884,0.8294,0.82962,1.00,2.55
2014.07.14 09:40:17.675,0.8294,0.8296,1.38,1.30
2014.07.14 09:40:19.301,0.8294,0.82963,1.38,4.05
2014.07.14 09:40:19.351,0.8294,0.82963,1.38,1.95
2014.07.14 09:40:19.402,0.8294,0.82965,1.38,3.30
2014.07.14 09:40:23.939,0.8294,0.82965,1.13,4.80
2014.07.14 09:40:29.352,0.8294,0.82965,1.38,3.30
2014.07.14 09:40:29.503,0.8294,0.82965,1.13,3.30
2014.07.14 09:40:50.841,0.8294,0.82963,1.38,1.95
2014.07.14 09:41:07.042,0.8294,0.82965,3.08,1.98
2014.07.14 09:41:07.151,0.8294,0.82965,1.38,3.30
2014.07.14 09:41:07.596,0.8294,0.82965,1.38,3.30
2014.07.14 09:41:07.914,0.82935,0.8296,2.70,1.38
2014.07.14 09:41:08.014,0.82935,0.82958,1.00,1.58
2014.07.14 09:41:08.065,0.82935,0.82958,1.00,2.18
2014.07.14 09:41:08.235,0.82931,0.82956,1.95,2.93
2014.07.14 09:41:09.114,0.8293,0.82955,2.70,1.00
2014.07.14 09:41:10.602,0.82932,0.82955,1.58,1.00
2014.07.14 09:41:10.652,0.82934,0.82957,1.13,2.55
2014.07.14 09:41:11.286,0.82932,0.82955,1.95,1.00
2014.07.14 09:41:12.555,0.82935,0.82957,1.38,1.95
2014.07.14 09:41:12.937,0.82935,0.82956,1.00,2.55
2014.07.14 09:41:12.988,0.8293,0.82955,2.70,1.73
2014.07.14 09:41:13.038,0.8293,0.82955,3.08,1.73
2014.07.14 09:41:13.139,0.8293,0.82955,2.70,1.73
2014.07.14 09:41:13.502,0.82932,0.82956,1.95,1.98
2014.07.14 09:41:13.687,0.82932,0.82956,1.95,1.98
2014.07.14 09:41:14.990,0.82931,0.82955,1.95,1.30
2014.07.14 09:41:15.106,0.82931,0.82956,1.95,2.70
2014.07.14 09:41:15.206,0.82935,0.82957,1.00,1.95
2014.07.14 09:41:15.806,0.82935,0.8296,1.38,4.80
2014.07.14 09:41:15.865,0.82935,0.82958,1.38,1.30
2014.07.14 09:41:16.957,0.82935,0.8296,1.38,4.80
2014.07.14 09:41:18.168,0.82935,0.8296,1.38,4.80
2014.07.14 09:41:19.676,0.8294,0.82959,1.00,2.55
2014.07.14 09:41:20.002,0.82935,0.82959,1.38,2.55
2014.07.14 09:41:20.875,0.82935,0.82959,1.38,2.55
2014.07.14 09:41:21.417,0.8294,0.8296,1.00,2.48
2014.07.14 09:41:23.386,0.82935,0.8296,1.38,3.23
2014.07.14 09:41:24.042,0.8294,0.8296,1.00,4.05
2014.07.14 09:41:35.812,0.82934,0.8296,3.08,2.48
2014.07.14 09:41:37.638,0.82934,0.8296,2.70,4.05
2014.07.14 09:41:37.742,0.82934,0.8296,2.70,2.55
2014.07.14 09:41:37.851,0.82935,0.8296,1.38,3.30
2014.07.14 09:41:38.579,0.8294,0.8296,1.00,2.55
2014.07.14 09:41:41.531,0.82935,0.8296,1.38,3.30
2014.07.14 09:41:41.871,0.82935,0.82957,1.38,1.58
2014.07.14 09:41:41.972,0.82935,0.82959,1.38,1.58
2014.07.14 09:41:49.152,0.8294,0.82959,1.38,1.58
2014.07.14 09:41:49.805,0.8294,0.8296,1.38,2.18
2014.07.14 09:41:50.427,0.82935,0.8296,1.50,3.30
2014.07.14 09:41:50.795,0.82935,0.82958,1.50,1.58
2014.07.14 09:41:51.225,0.82935,0.82957,1.38,1.95
2014.07.14 09:41:51.542,0.82929,0.82956,3.08,1.38
2014.07.14 09:41:51.991,0.8293,0.82954,1.38,1.95
2014.07.14 09:41:53.632,0.82935,0.82954,1.00,1.95
2014.07.14 09:41:54.651,0.8293,0.82956,2.70,1.95
2014.07.14 09:41:55.845,0.8293,0.82953,1.38,1.95
2014.07.14 09:41:56.742,0.8293,0.82954,1.38,1.95
2014.07.14 09:41:56.962,0.8293,0.82953,1.38,1.95
2014.07.14 09:41:58.371,0.82929,0.82954,1.38,1.95
2014.07.14 09:41:58.722,0.82929,0.82953,1.38,1.95
2014.07.14 09:41:58.785,0.82929,0.82953,1.13,1.95
2014.07.14 09:42:00.139,0.8293,0.82954,1.38,1.95
2014.07.14 09:42:00.196,0.8293,0.82954,1.38,1.95
2014.07.14 09:42:04.204,0.8293,0.82954,1.38,1.95
2014.07.14 09:42:04.741,0.82929,0.82954,1.38,2.55
2014.07.14 09:42:07.563,0.82926,0.8295,2.33,1.00
2014.07.14 09:42:07.614,0.82926,0.8295,1.95,1.13
2014.07.14 09:42:08.225,0.82926,0.8295,1.95,1.38
2014.07.14 09:42:08.947,0.8293,0.8295,1.00,1.38
2014.07.14 09:42:11.408,0.8293,0.8295,1.38,1.00
2014.07.14 09:42:11.458,0.82931,0.82955,1.95,1.38
2014.07.14 09:42:11.514,0.82931,0.82955,1.95,1.13
2014.07.14 09:42:11.665,0.8293,0.82954,1.38,2.55
2014.07.14 09:42:11.733,0.8293,0.82954,1.38,2.55
2014.07.14 09:42:19.769,0.8293,0.82952,1.38,1.95
2014.07.14 09:42:26.549,0.8293,0.82952,1.38,1.95
2014.07.14 09:42:31.032,0.8293,0.82953,1.38,1.95
2014.07.14 09:42:32.628,0.82929,0.82951,1.38,1.38
2014.07.14 09:42:35.151,0.82929,0.82952,1.38,1.95
2014.07.14 09:42:37.635,0.82929,0.82952,1.38,1.95
2014.07.14 09:42:39.073,0.8293,0.82953,1.38,1.58
2014.07.14 09:42:39.401,0.82935,0.82953,1.00,1.95
2014.07.14 09:42:40.011,0.82934,0.82953,1.00,1.95
2014.07.14 09:42:41.436,0.82934,0.82956,1.00,1.95
2014.07.14 09:42:41.656,0.82935,0.82956,1.38,1.58
2014.07.14 09:42:41.820,0.82935,0.82958,1.38,1.95
2014.07.14 09:42:41.871,0.8294,0.82958,1.00,1.95
2014.07.14 09:42:42.573,0.8294,0.82961,1.00,2.55
2014.07.14 09:42:42.747,0.82935,0.82961,1.95,3.30
2014.07.14 09:42:42.848,0.82935,0.82961,1.95,3.68
2014.07.14 09:42:44.026,0.82935,0.82958,1.38,1.95
2014.07.14 09:42:45.882,0.82935,0.82955,1.38,1.58
2014.07.14 09:42:46.547,0.82935,0.82959,1.38,1.95
2014.07.14 09:42:47.861,0.82935,0.82955,1.38,1.58
2014.07.14 09:42:48.596,0.82935,0.82959,1.38,2.55
2014.07.14 09:42:48.852,0.82935,0.82959,1.38,2.55
2014.07.14 09:42:57.915,0.82935,0.82959,1.38,2.55
2014.07.14 09:42:58.340,0.82935,0.82958,1.38,1.58
2014.07.14 09:43:01.431,0.82936,0.82961,1.95,1.73
2014.07.14 09:43:02.939,0.82935,0.82958,1.38,1.58
2014.07.14 09:43:09.360,0.8294,0.82958,1.00,1.95
2014.07.14 09:43:10.791,0.82934,0.82961,3.08,1.98
2014.07.14 09:43:11.561,0.8294,0.82961,1.00,2.55
2014.07.14 09:43:12.439,0.82935,0.8296,2.70,1.38
2014.07.14 09:43:12.931,0.8294,0.82961,1.00,1.95
2014.07.14 09:43:14.410,0.8294,0.8296,1.00,1.58
2014.07.14 09:43:14.461,0.82935,0.8296,1.38,2.70
2014.07.14 09:43:14.642,0.8294,0.82962,1.00,2.55
2014.07.14 09:43:14.766,0.8294,0.82962,1.00,2.55
2014.07.14 09:43:15.527,0.8294,0.8296,1.00,1.00
2014.07.14 09:43:15.577,0.8294,0.8296,1.00,1.38
2014.07.14 09:43:17.403,0.8294,0.82962,1.13,2.55
2014.07.14 09:43:17.941,0.82938,0.8296,1.95,1.13
2014.07.14 09:43:19.124,0.82938,0.8296,1.95,1.13
2014.07.14 09:43:21.767,0.82938,0.8296,1.95,1.13
2014.07.14 09:43:31.079,0.8294,0.8296,1.95,1.00
2014.07.14 09:43:31.429,0.82942,0.82965,1.58,1.73
2014.07.14 09:43:31.691,0.82942,0.82965,1.95,1.73
2014.07.14 09:43:33.590,0.82942,0.82965,1.95,1.73
2014.07.14 09:43:37.891,0.82945,0.82965,1.38,1.38
2014.07.14 09:43:38.477,0.82941,0.82965,1.95,1.38
2014.07.14 09:43:39.000,0.8294,0.82964,1.38,1.95
2014.07.14 09:43:39.101,0.8294,0.82962,1.00,1.30
2014.07.14 09:43:39.202,0.8294,0.82962,1.00,2.55
2014.07.14 09:43:39.734,0.8294,0.8296,1.00,1.38
2014.07.14 09:43:40.288,0.82939,0.82961,1.13,1.73
2014.07.14 09:43:40.609,0.8294,0.8296,1.38,1.00
2014.07.14 09:43:40.659,0.8294,0.8296,1.13,1.00
2014.07.14 09:43:40.877,0.82935,0.8296,2.70,1.13
2014.07.14 09:43:40.928,0.82935,0.82958,1.38,1.58
2014.07.14 09:43:41.157,0.82939,0.82962,1.00,2.55
2014.07.14 09:43:41.309,0.8294,0.82961,1.38,1.30
2014.07.14 09:43:41.631,0.8294,0.82965,2.70,1.98
2014.07.14 09:43:46.018,0.82942,0.82964,1.95,1.30
2014.07.14 09:43:46.438,0.82945,0.8297,1.00,3.30
2014.07.14 09:43:47.046,0.82945,0.8297,1.38,3.30
2014.07.14 09:43:47.240,0.82945,0.8297,1.38,3.30
2014.07.14 09:43:48.019,0.8295,0.8297,1.00,1.98
2014.07.14 09:43:51.649,0.82945,0.82971,1.95,3.30
2014.07.14 09:43:56.127,0.82945,0.8297,1.38,3.30
2014.07.14 09:44:00.670,0.8295,0.8297,1.00,1.98
2014.07.14 09:44:12.325,0.8295,0.82969,1.00,1.30
2014.07.14 09:44:12.559,0.82955,0.82969,1.00,1.30
2014.07.14 09:44:12.660,0.82955,0.82972,1.00,1.95
2014.07.14 09:44:19.148,0.8295,0.82974,1.38,1.95
2014.07.14 09:44:20.358,0.82955,0.82974,1.00,1.95
2014.07.14 09:44:21.692,0.82955,0.82974,1.00,1.95
2014.07.14 09:44:22.009,0.8295,0.82975,1.13,3.68
2014.07.14 09:44:22.528,0.82948,0.8297,1.95,1.13
2014.07.14 09:44:26.501,0.8295,0.82972,1.00,1.95
2014.07.14 09:44:26.601,0.8295,0.82973,1.38,1.95
2014.07.14 09:44:26.921,0.82952,0.82975,1.95,1.13
2014.07.14 09:44:27.071,0.82955,0.82978,1.00,2.55
2014.07.14 09:44:27.373,0.82954,0.82976,1.00,1.95
2014.07.14 09:44:27.589,0.82949,0.82976,2.70,1.38
2014.07.14 09:44:28.139,0.82955,0.82978,1.00,2.93
2014.07.14 09:44:28.207,0.82955,0.82978,1.00,2.55
2014.07.14 09:44:28.379,0.8295,0.82975,2.70,1.38
2014.07.14 09:44:28.579,0.82955,0.82978,1.00,2.55
2014.07.14 09:44:30.039,0.8295,0.82975,2.70,1.38
2014.07.14 09:44:30.942,0.8295,0.82975,2.70,1.38
2014.07.14 09:44:31.042,0.8295,0.82975,2.70,1.38
2014.07.14 09:44:31.274,0.8295,0.82975,2.70,1.38
2014.07.14 09:44:31.689,0.82954,0.82979,1.00,1.68
2014.07.14 09:44:32.022,0.82952,0.82975,1.95,1.38
2014.07.14 09:44:32.321,0.8295,0.8297,1.95,1.00
2014.07.14 09:44:32.428,0.8295,0.82975,2.70,1.38
2014.07.14 09:44:32.822,0.8295,0.82975,1.00,2.70
2014.07.14 09:44:33.437,0.82951,0.82975,1.58,1.38
2014.07.14 09:44:33.491,0.82955,0.82977,1.00,2.55
2014.07.14 09:44:33.720,0.82951,0.82975,1.95,1.38
2014.07.14 09:44:34.088,0.82951,0.82979,1.95,2.55
2014.07.14 09:44:34.660,0.82953,0.82976,1.95,1.38
2014.07.14 09:44:36.676,0.82953,0.82975,1.95,1.13
2014.07.14 09:44:37.764,0.82955,0.82979,1.38,2.55
2014.07.14 09:44:43.488,0.82956,0.8298,1.95,1.38
2014.07.14 09:44:43.689,0.8296,0.82985,1.13,3.30
2014.07.14 09:44:48.223,0.82959,0.82984,2.70,2.55
2014.07.14 09:44:49.302,0.82961,0.82985,1.58,1.98
2014.07.14 09:44:49.677,0.8296,0.82985,2.70,1.73
2014.07.14 09:44:50.863,0.82962,0.82985,1.95,1.38
2014.07.14 09:44:57.147,0.82962,0.82985,2.33,1.13
2014.07.14 09:44:57.657,0.82962,0.82986,2.33,1.13
2014.07.14 09:44:57.708,0.82962,0.82986,1.95,1.13
2014.07.14 09:44:58.317,0.82962,0.82985,1.95,1.00
2014.07.14 09:44:59.968,0.82964,0.82986,1.38,1.13
2014.07.14 09:45:00.715,0.82963,0.82985,1.95,1.00
2014.07.14 09:45:01.282,0.82965,0.82985,1.95,1.00
2014.07.14 09:45:03.660,0.82965,0.82985,1.38,1.13
2014.07.14 09:45:05.519,0.82964,0.82985,1.58,1.38
2014.07.14 09:45:06.048,0.82962,0.82985,1.95,1.38
2014.07.14 09:45:09.019,0.82962,0.82985,1.58,1.13
2014.07.14 09:45:09.069,0.82965,0.82988,2.33,2.48
2014.07.14 09:45:09.371,0.82964,0.82986,1.95,1.13
2014.07.14 09:45:09.939,0.82965,0.82985,1.38,1.00
2014.07.14 09:45:10.309,0.82965,0.82985,1.00,1.00
2014.07.14 09:45:10.530,0.82962,0.82985,1.95,1.00
2014.07.14 09:45:10.709,0.82965,0.82985,1.00,1.00
2014.07.14 09:45:11.479,0.82962,0.82985,1.95,1.00
2014.07.14 09:45:11.579,0.82962,0.82985,1.95,1.13
2014.07.14 09:45:12.667,0.82962,0.82985,1.95,1.13
2014.07.14 09:45:13.529,0.82962,0.82985,2.33,1.13
2014.07.14 09:45:14.248,0.82965,0.82985,1.38,1.00
2014.07.14 09:45:15.219,0.82965,0.82988,1.38,2.55
2014.07.14 09:45:15.343,0.82965,0.82989,1.13,2.55
2014.07.14 09:45:16.477,0.82962,0.82986,2.33,1.00
2014.07.14 09:45:22.267,0.82962,0.82986,1.95,1.38
2014.07.14 09:45:22.418,0.82962,0.82985,2.33,1.00
2014.07.14 09:45:23.161,0.82965,0.82989,1.38,2.55
2014.07.14 09:45:23.910,0.82963,0.82985,1.95,1.00
2014.07.14 09:45:25.988,0.82961,0.82985,1.95,1.13
2014.07.14 09:45:26.055,0.82961,0.82985,1.95,1.38
2014.07.14 09:45:26.915,0.82965,0.82987,1.00,1.95
2014.07.14 09:45:27.980,0.82965,0.82986,1.00,2.48
2014.07.14 09:45:28.131,0.82961,0.82984,1.58,2.48
2014.07.14 09:45:28.521,0.82959,0.8298,1.95,1.00
2014.07.14 09:45:29.104,0.82958,0.8298,1.95,1.13
2014.07.14 09:45:33.409,0.82956,0.8298,2.33,1.98
2014.07.14 09:45:35.146,0.82955,0.82979,1.38,2.55
2014.07.14 09:45:36.513,0.82955,0.82978,2.70,1.30
2014.07.14 09:45:37.630,0.8296,0.8298,1.00,1.73
2014.07.14 09:45:38.070,0.82958,0.8298,1.95,1.73
2014.07.14 09:45:53.689,0.82956,0.8298,1.95,1.73
2014.07.14 09:46:06.786,0.8296,0.8298,1.00,1.73
2014.07.14 09:46:07.330,0.8296,0.8298,1.38,1.13
2014.07.14 09:46:09.757,0.82959,0.82981,1.95,1.38
2014.07.14 09:46:22.301,0.82955,0.8298,2.70,1.98
2014.07.14 09:46:26.512,0.82956,0.8298,1.95,1.60
2014.07.14 09:46:26.562,0.82956,0.8298,2.55,1.00
2014.07.14 09:46:26.664,0.8296,0.82982,1.38,1.58
2014.07.14 09:46:26.714,0.82963,0.82985,1.95,1.00
2014.07.14 09:46:27.277,0.82963,0.82985,1.58,1.00
2014.07.14 09:46:27.378,0.8296,0.82985,1.38,1.60
2014.07.14 09:46:27.633,0.8296,0.82985,1.13,3.68
2014.07.14 09:46:28.387,0.82957,0.8298,1.95,1.38
2014.07.14 09:46:30.883,0.82957,0.8298,1.95,1.00
2014.07.14 09:46:31.461,0.8296,0.82985,1.13,3.30
2014.07.14 09:46:33.158,0.8296,0.82985,1.38,3.68
2014.07.14 09:46:41.469,0.8296,0.82985,2.70,3.30
2014.07.14 09:46:41.608,0.8296,0.82985,3.08,2.70
2014.07.14 09:46:41.842,0.82964,0.82989,1.38,2.55
2014.07.14 09:46:51.298,0.82965,0.82988,1.00,2.55
2014.07.14 09:46:51.349,0.82963,0.82985,1.95,1.00
2014.07.14 09:46:51.679,0.82964,0.82986,1.38,1.38
2014.07.14 09:46:54.474,0.82965,0.8299,2.70,1.98
2014.07.14 09:46:54.796,0.82965,0.8299,2.70,3.68
2014.07.14 09:46:54.947,0.82961,0.82986,1.95,1.38
2014.07.14 09:46:55.015,0.82961,0.82986,1.95,1.38
2014.07.14 09:46:55.593,0.82965,0.8299,2.70,1.98
2014.07.14 09:46:56.114,0.82966,0.8299,1.95,1.98
2014.07.14 09:46:56.456,0.8297,0.82995,1.38,3.68
2014.07.14 09:46:57.742,0.8297,0.82995,2.70,1.73
2014.07.14 09:46:59.529,0.8297,0.82992,2.70,2.48
2014.07.14 09:46:59.629,0.8297,0.8299,1.95,1.73
2014.07.14 09:47:02.807,0.8297,0.8299,1.13,1.73
2014.07.14 09:47:03.420,0.82969,0.82992,1.38,2.48
2014.07.14 09:47:03.786,0.8297,0.82994,1.38,4.05
2014.07.14 09:47:03.887,0.8297,0.82995,1.38,1.98
2014.07.14 09:47:04.205,0.82969,0.82996,3.08,3.23
2014.07.14 09:47:09.034,0.82971,0.82995,2.33,1.73
2014.07.14 09:47:09.222,0.82974,0.82998,1.38,2.55
2014.07.14 09:47:09.819,0.82975,0.82999,1.38,4.05
2014.07.14 09:47:11.007,0.82973,0.82995,1.95,1.38
2014.07.14 09:47:11.472,0.8297,0.82995,2.70,1.38
2014.07.14 09:47:14.758,0.8297,0.82995,2.70,1.38
2014.07.14 09:47:15.948,0.8297,0.82995,1.38,1.38
2014.07.14 09:47:21.707,0.8297,0.82994,1.38,1.95
2014.07.14 09:47:24.659,0.8297,0.82993,1.38,1.95
2014.07.14 09:47:30.560,0.8297,0.82993,1.38,1.95
2014.07.14 09:47:36.724,0.8297,0.82995,1.38,1.38
2014.07.14 09:47:54.206,0.8297,0.82995,1.50,2.70
2014.07.14 09:47:54.508,0.82974,0.82995,1.95,1.00
2014.07.14 09:47:55.045,0.82974,0.82996,1.95,1.13
2014.07.14 09:48:10.358,0.82974,0.82995,1.95,1.00
2014.07.14 09:48:10.759,0.8297,0.82995,3.08,1.13
2014.07.14 09:48:11.719,0.8297,0.82995,1.50,3.30
2014.07.14 09:48:17.771,0.82971,0.82995,2.33,1.73
2014.07.14 09:48:20.260,0.82971,0.82995,1.95,1.35
2014.07.14 09:48:20.567,0.8297,0.82995,1.38,2.70
2014.07.14 09:48:20.887,0.82969,0.82995,3.08,1.95
2014.07.14 09:48:27.388,0.8297,0.82995,1.38,2.70
2014.07.14 09:48:27.935,0.8297,0.82995,1.38,2.70
2014.07.14 09:48:28.478,0.8297,0.82994,1.38,1.95
2014.07.14 09:48:30.558,0.8297,0.82994,1.38,1.95
2014.07.14 09:48:30.809,0.82966,0.8299,2.33,1.38
2014.07.14 09:48:31.002,0.82965,0.82991,1.95,2.70
2014.07.14 09:48:38.036,0.82965,0.8299,3.08,1.38
2014.07.14 09:49:13.070,0.82965,0.82991,2.33,1.95
2014.07.14 09:49:16.166,0.8297,0.82992,1.50,1.58
2014.07.14 09:49:16.385,0.8297,0.82994,1.75,1.95
2014.07.14 09:49:17.632,0.82975,0.82995,1.38,1.00
2014.07.14 09:49:17.864,0.82974,0.83,1.38,4.05
2014.07.14 09:49:31.866,0.82975,0.82995,1.38,1.00
2014.07.14 09:49:32.488,0.82975,0.82995,1.38,1.13
2014.07.14 09:49:36.603,0.82974,0.82997,1.38,1.30
2014.07.14 09:49:40.409,0.82975,0.82999,1.38,2.55
2014.07.14 09:49:40.509,0.82974,0.82999,1.38,2.93
2014.07.14 09:49:45.757,0.8297,0.82995,2.70,2.70
2014.07.14 09:49:46.900,0.8297,0.82994,1.38,1.95
2014.07.14 09:49:56.375,0.8297,0.8299,1.38,1.00
2014.07.14 09:49:59.344,0.8297,0.82994,1.38,1.95
2014.07.14 09:49:59.783,0.8297,0.8299,1.38,1.00
2014.07.14 09:50:01.325,0.8297,0.82994,1.38,1.95
2014.07.14 09:50:03.037,0.82969,0.82994,2.70,1.95
2014.07.14 09:50:03.088,0.82969,0.82991,1.95,1.00
2014.07.14 09:50:03.309,0.8297,0.82994,1.38,1.95
2014.07.14 09:50:03.455,0.8297,0.82992,1.38,1.58
2014.07.14 09:50:03.847,0.8297,0.82995,2.70,1.73
2014.07.14 09:50:03.918,0.8297,0.82995,2.70,1.73
2014.07.14 09:50:04.176,0.8297,0.82995,2.70,1.73
2014.07.14 09:50:04.359,0.8297,0.82995,2.70,1.73
2014.07.14 09:50:04.506,0.8297,0.82995,2.70,1.73
2014.07.14 09:50:04.557,0.8297,0.82992,1.38,1.58
2014.07.14 09:50:04.884,0.82966,0.8299,1.35,1.13
2014.07.14 09:50:05.447,0.82964,0.8299,2.70,1.95
2014.07.14 09:50:06.424,0.82964,0.8299,1.95,2.70
2014.07.14 09:50:08.174,0.82964,0.8299,1.95,2.70
2014.07.14 09:50:14.893,0.82967,0.8299,1.95,1.38
2014.07.14 09:50:30.999,0.8297,0.82993,1.00,2.33
2014.07.14 09:50:31.050,0.8297,0.82993,1.13,1.95
2014.07.14 09:50:37.349,0.82968,0.8299,1.95,1.13
2014.07.14 09:50:37.576,0.82968,0.8299,1.95,1.13
2014.07.14 09:50:37.680,0.8297,0.82995,1.38,2.70
2014.07.14 09:50:39.205,0.8297,0.82993,1.38,1.95
2014.07.14 09:50:39.783,0.8297,0.82993,1.38,1.95
2014.07.14 09:50:42.478,0.8297,0.82993,1.38,1.95
2014.07.14 09:50:46.858,0.8297,0.82993,1.38,1.95
2014.07.14 09:50:56.924,0.8297,0.82994,1.38,1.95
2014.07.14 09:50:58.884,0.8297,0.82995,2.70,1.38
2014.07.14 09:50:59.394,0.8297,0.8299,1.95,1.00
2014.07.14 09:50:59.692,0.82967,0.8299,1.95,1.38
2014.07.14 09:51:08.904,0.8297,0.82994,1.38,1.95
2014.07.14 09:51:12.876,0.82968,0.82993,2.93,1.95
2014.07.14 09:51:12.976,0.82972,0.82995,1.95,1.38
2014.07.14 09:51:13.196,0.82975,0.83,1.13,6.91
2014.07.14 09:51:17.136,0.82975,0.82999,1.38,1.95
2014.07.14 09:51:17.749,0.82975,0.83,2.70,1.38
2014.07.14 09:51:33.324,0.82975,0.82996,1.95,1.00
2014.07.14 09:51:38.192,0.82975,0.83001,1.95,3.08
2014.07.14 09:51:40.398,0.82975,0.83,2.70,1.38
2014.07.14 09:51:44.300,0.82975,0.83,1.75,1.38
2014.07.14 09:51:44.752,0.82978,0.83001,1.95,1.38
2014.07.14 09:51:45.626,0.82975,0.83,2.70,1.38
2014.07.14 09:51:46.148,0.82975,0.83,2.70,1.38
2014.07.14 09:51:49.175,0.82975,0.83,2.70,1.50
2014.07.14 09:51:51.894,0.82972,0.82995,1.95,1.38
2014.07.14 09:51:52.417,0.82972,0.82995,1.95,1.38
2014.07.14 09:51:55.119,0.82972,0.82995,1.95,1.38
2014.07.14 09:51:57.085,0.8297,0.82995,2.70,1.38
2014.07.14 09:51:57.135,0.8297,0.8299,1.95,1.00
2014.07.14 09:51:57.240,0.8297,0.82995,2.70,1.38
2014.07.14 09:51:57.391,0.82967,0.8299,1.95,1.00
2014.07.14 09:51:57.897,0.8297,0.82993,1.13,1.30
2014.07.14 09:51:58.400,0.8297,0.82994,1.38,2.55
2014.07.14 09:51:59.020,0.8297,0.82994,1.38,2.55
2014.07.14 09:51:59.432,0.82966,0.8299,2.33,1.00
2014.07.14 09:52:00.012,0.82966,0.8299,2.33,1.38
2014.07.14 09:52:09.794,0.82966,0.8299,1.95,1.73
2014.07.14 09:52:10.766,0.82965,0.8299,1.38,1.73
2014.07.14 09:52:11.274,0.82964,0.82991,1.38,3.68
2014.07.14 09:52:17.464,0.82965,0.8299,2.70,1.38
2014.07.14 09:52:38.247,0.82965,0.8299,3.08,1.38
2014.07.14 09:52:59.951,0.82965,0.8299,3.08,1.73
2014.07.14 09:53:17.528,0.82965,0.82991,2.33,1.73
2014.07.14 09:53:27.683,0.82965,0.8299,3.08,1.73
2014.07.14 09:53:47.510,0.82964,0.82991,3.08,1.98
2014.07.14 09:54:06.956,0.82966,0.8299,2.33,1.35
2014.07.14 09:54:08.344,0.82966,0.8299,2.33,1.73
2014.07.14 09:54:20.514,0.82971,0.82996,1.95,1.73
2014.07.14 09:54:21.303,0.82971,0.82996,2.33,1.73
2014.07.14 09:54:25.483,0.82971,0.82995,2.33,1.00
2014.07.14 09:54:31.401,0.82974,0.82995,1.95,1.00
2014.07.14 09:54:31.628,0.82976,0.83,1.95,1.98
2014.07.14 09:54:35.008,0.82975,0.83,1.38,3.30
2014.07.14 09:54:46.709,0.82977,0.83,1.95,1.98
2014.07.14 09:54:47.169,0.82977,0.83,1.95,1.38
2014.07.14 09:54:52.864,0.82979,0.83001,1.38,1.38
2014.07.14 09:55:02.862,0.82982,0.83005,1.95,1.38
2014.07.14 09:55:02.963,0.82982,0.83005,1.95,1.38
2014.07.14 09:55:03.063,0.82985,0.83008,1.00,2.33
2014.07.14 09:55:03.370,0.82985,0.8301,1.38,3.08
2014.07.14 09:55:04.012,0.82985,0.83009,1.38,2.93
2014.07.14 09:55:18.451,0.82985,0.83008,1.50,1.30
2014.07.14 09:55:18.752,0.82988,0.83011,1.95,1.38
2014.07.14 09:55:22.652,0.82988,0.8301,1.95,1.38
2014.07.14 09:55:23.609,0.8299,0.83012,1.38,1.95
2014.07.14 09:55:38.453,0.82987,0.8301,2.33,1.13
2014.07.14 09:56:03.848,0.82989,0.83011,1.95,1.13
2014.07.14 09:56:04.652,0.82989,0.8301,1.95,1.00
2014.07.14 09:56:08.485,0.82989,0.8301,1.95,1.13
2014.07.14 09:56:39.540,0.82989,0.8301,1.95,1.00
2014.07.14 09:56:39.591,0.8299,0.83015,1.38,3.30
2014.07.14 09:56:39.691,0.8299,0.83015,1.38,2.70
2014.07.14 09:56:41.118,0.82995,0.83015,1.00,1.38
2014.07.14 09:56:42.333,0.82994,0.83016,1.13,1.95
2014.07.14 09:56:43.228,0.82995,0.83015,1.00,1.95
2014.07.14 09:56:43.653,0.82994,0.83017,1.13,2.55
2014.07.14 09:56:48.049,0.8299,0.83015,2.70,1.00
2014.07.14 09:56:52.974,0.8299,0.83015,1.38,2.70
2014.07.14 09:57:08.531,0.8299,0.83015,3.08,1.13
2014.07.14 09:57:45.081,0.8299,0.8301,2.33,1.00
2014.07.14 09:57:45.194,0.8299,0.83015,3.08,1.13
2014.07.14 09:57:45.245,0.8299,0.83015,2.70,1.38
2014.07.14 09:57:45.784,0.8299,0.8301,1.00,1.00
2014.07.14 09:57:45.988,0.82984,0.83005,2.33,1.00
2014.07.14 09:57:48.250,0.82983,0.83005,2.33,1.00
2014.07.14 09:57:56.579,0.82985,0.83006,1.95,1.00
2014.07.14 09:57:57.129,0.82985,0.8301,1.38,2.70
2014.07.14 09:57:57.734,0.82986,0.8301,1.95,1.38
2014.07.14 09:57:58.677,0.82984,0.8301,1.95,2.70
2014.07.14 09:57:59.222,0.82986,0.83011,1.95,1.38
2014.07.14 09:58:00.667,0.82984,0.83005,1.95,1.00
2014.07.14 09:58:00.869,0.82985,0.8301,1.38,2.70
2014.07.14 09:58:01.532,0.82985,0.8301,2.70,1.38
2014.07.14 09:58:10.879,0.82987,0.83005,1.95,1.00
2014.07.14 09:58:11.099,0.82985,0.8301,1.38,2.70
2014.07.14 09:59:05.211,0.8299,0.8301,1.00,1.38
2014.07.14 09:59:08.398,0.82989,0.83011,1.95,1.38
2014.07.14 09:59:14.857,0.82985,0.8301,1.38,2.70
2014.07.14 09:59:19.413,0.82986,0.8301,1.95,1.38
2014.07.14 09:59:40.097,0.82985,0.8301,1.38,2.70
2014.07.14 09:59:49.671,0.82985,0.8301,2.70,1.38
2014.07.14 09:59:52.355,0.82988,0.83011,1.95,1.38
2014.07.14 09:59:52.505,0.82989,0.8301,1.95,1.00
2014.07.14 09:59:54.290,0.82989,0.8301,1.95,1.00
2014.07.14 09:59:57.584,0.82989,0.83011,1.95,1.00
2014.07.14 09:59:58.685,0.82989,0.8301,1.95,1.00
