2012.02.15 18:00:00.110,0.92507,0.92535,2.63,2.25
2012.02.15 18:00:00.424,0.92502,0.9253,2.25,2.25
2012.02.15 18:00:00.486,0.92502,0.92532,2.25,2.25
2012.02.15 18:00:00.700,0.92504,0.92532,2.25,2.25
2012.02.15 18:00:00.767,0.92499,0.92528,2.25,2.25
2012.02.15 18:00:01.581,0.92497,0.92526,2.25,2.25
2012.02.15 18:00:02.282,0.92499,0.92526,2.25,2.25
2012.02.15 18:00:02.504,0.925,0.92529,2.25,2.25
2012.02.15 18:00:02.618,0.92498,0.92527,2.25,2.25
2012.02.15 18:00:04.604,0.92499,0.92528,2.25,2.25
2012.02.15 18:00:05.242,0.92498,0.92525,2.25,2.25
2012.02.15 18:00:05.816,0.92499,0.92528,2.25,2.25
2012.02.15 18:00:06.246,0.92503,0.92532,2.25,2.25
2012.02.15 18:00:07.070,0.92501,0.92529,2.25,2.25
2012.02.15 18:00:07.536,0.92504,0.92533,2.25,2.25
2012.02.15 18:00:09.727,0.92499,0.92529,2.25,2.25
2012.02.15 18:00:09.854,0.92501,0.92529,2.25,2.25
2012.02.15 18:00:09.946,0.92499,0.92529,2.25,2.25
2012.02.15 18:00:11.556,0.92501,0.92529,2.25,2.25
2012.02.15 18:00:11.864,0.92494,0.92523,2.25,2.25
2012.02.15 18:00:12.622,0.9249,0.9252,2.25,2.85
2012.02.15 18:00:12.805,0.92485,0.92515,2.25,2.25
2012.02.15 18:00:13.325,0.92482,0.92512,2.25,2.25
2012.02.15 18:00:13.860,0.92482,0.9251,2.25,2.25
2012.02.15 18:00:15.264,0.92482,0.92512,2.25,2.25
2012.02.15 18:00:15.384,0.92485,0.92513,2.25,2.25
2012.02.15 18:00:15.503,0.92482,0.92512,2.25,2.25
2012.02.15 18:00:16.116,0.92488,0.92515,2.25,2.85
2012.02.15 18:00:16.592,0.92483,0.92511,2.25,2.25
2012.02.15 18:00:18.076,0.92475,0.92504,2.25,2.25
2012.02.15 18:00:18.142,0.9248,0.92508,2.25,2.85
2012.02.15 18:00:18.694,0.9248,0.92508,2.25,2.25
2012.02.15 18:00:19.794,0.92483,0.92511,2.25,2.85
2012.02.15 18:00:20.497,0.9248,0.92508,2.25,2.25
2012.02.15 18:00:20.570,0.92481,0.92511,2.25,2.85
2012.02.15 18:00:20.835,0.92482,0.92512,2.25,2.25
2012.02.15 18:00:22.249,0.92482,0.92512,2.85,2.25
2012.02.15 18:00:22.331,0.92496,0.92526,2.25,2.85
2012.02.15 18:00:22.396,0.92494,0.92523,2.25,3.00
2012.02.15 18:00:22.704,0.92492,0.92521,2.25,2.25
2012.02.15 18:00:23.020,0.92488,0.92516,2.25,2.25
2012.02.15 18:00:23.651,0.92483,0.92511,2.25,2.25
2012.02.15 18:00:23.717,0.92478,0.92507,2.25,2.25
2012.02.15 18:00:25.215,0.92477,0.92506,2.25,2.25
2012.02.15 18:00:26.002,0.92474,0.92503,2.25,2.25
2012.02.15 18:00:26.453,0.92478,0.92505,2.25,2.25
2012.02.15 18:00:27.225,0.92476,0.92505,2.25,2.25
2012.02.15 18:00:28.084,0.92471,0.925,2.25,2.25
2012.02.15 18:00:28.417,0.92462,0.92491,2.25,2.25
2012.02.15 18:00:28.977,0.92464,0.92491,2.25,1.50
2012.02.15 18:00:30.040,0.92465,0.92492,2.25,1.50
2012.02.15 18:00:30.809,0.92473,0.92503,2.25,1.50
2012.02.15 18:00:31.505,0.92478,0.92506,2.25,2.25
2012.02.15 18:00:31.814,0.92468,0.92497,2.25,2.25
2012.02.15 18:00:32.423,0.92477,0.92506,2.25,2.25
2012.02.15 18:00:34.661,0.92471,0.92501,2.25,2.25
2012.02.15 18:00:34.789,0.92476,0.92503,2.25,2.25
2012.02.15 18:00:35.091,0.92474,0.92503,2.25,2.25
2012.02.15 18:00:35.215,0.92474,0.92501,2.25,2.25
2012.02.15 18:00:35.306,0.92474,0.92503,2.25,2.25
2012.02.15 18:00:36.424,0.92479,0.92507,2.25,2.25
2012.02.15 18:00:38.055,0.9248,0.92508,2.25,2.25
2012.02.15 18:00:39.114,0.9249,0.92517,2.25,2.63
2012.02.15 18:00:39.347,0.9249,0.92517,2.25,2.25
2012.02.15 18:00:40.331,0.92495,0.92524,2.25,3.23
2012.02.15 18:00:40.522,0.92489,0.92517,2.25,2.25
2012.02.15 18:00:41.042,0.9249,0.9252,2.25,2.85
2012.02.15 18:00:41.140,0.92482,0.92511,2.25,2.25
2012.02.15 18:00:42.139,0.92482,0.92509,2.25,2.25
2012.02.15 18:00:43.975,0.92491,0.92519,2.25,2.25
2012.02.15 18:00:44.046,0.92496,0.92523,2.25,2.25
2012.02.15 18:00:45.032,0.92496,0.92523,2.25,2.85
2012.02.15 18:00:45.094,0.9249,0.9252,2.25,2.25
2012.02.15 18:00:48.870,0.92487,0.92517,2.25,2.25
2012.02.15 18:00:49.192,0.92485,0.92515,2.25,2.25
2012.02.15 18:00:49.947,0.92484,0.92514,2.25,2.25
2012.02.15 18:00:50.455,0.92485,0.92515,2.25,2.25
2012.02.15 18:00:50.906,0.92494,0.92522,2.25,2.85
2012.02.15 18:00:50.974,0.92494,0.92522,2.25,2.25
2012.02.15 18:00:51.692,0.92495,0.92523,2.25,2.25
2012.02.15 18:00:52.460,0.92494,0.92522,2.25,2.25
2012.02.15 18:00:52.583,0.92499,0.92527,2.25,2.63
2012.02.15 18:00:53.133,0.925,0.92528,2.25,2.25
2012.02.15 18:00:54.364,0.925,0.92525,2.25,2.10
2012.02.15 18:00:54.491,0.92468,0.92514,1.35,2.10
2012.02.15 18:00:54.553,0.92467,0.92514,1.35,2.10
2012.02.15 18:00:54.613,0.92461,0.92506,1.35,2.10
2012.02.15 18:00:54.740,0.92461,0.92506,1.35,2.10
2012.02.15 18:00:54.807,0.92473,0.92501,2.25,2.85
2012.02.15 18:00:54.940,0.9247,0.925,2.25,2.85
2012.02.15 18:00:55.277,0.92472,0.925,2.25,2.85
2012.02.15 18:00:55.827,0.92468,0.92496,2.25,2.25
2012.02.15 18:00:56.663,0.92468,0.92498,2.25,2.25
2012.02.15 18:00:57.816,0.92467,0.92497,2.25,2.25
2012.02.15 18:00:58.184,0.92472,0.925,2.25,2.85
2012.02.15 18:00:58.806,0.92472,0.925,2.25,2.25
2012.02.15 18:00:59.629,0.92473,0.92501,2.25,2.25
2012.02.15 18:01:00.050,0.92473,0.92503,2.25,2.85
2012.02.15 18:01:00.408,0.92473,0.92503,2.25,4.35
2012.02.15 18:01:00.762,0.92466,0.92496,2.25,2.25
2012.02.15 18:01:00.833,0.92462,0.92491,2.25,2.25
2012.02.15 18:01:01.214,0.92462,0.92491,2.63,2.25
2012.02.15 18:01:01.375,0.92462,0.92491,2.25,2.25
2012.02.15 18:01:02.031,0.92457,0.92487,2.63,2.25
2012.02.15 18:01:02.316,0.92457,0.92487,2.25,2.25
2012.02.15 18:01:04.022,0.9246,0.9249,2.25,2.25
2012.02.15 18:01:04.589,0.92461,0.92491,2.25,2.63
2012.02.15 18:01:04.963,0.9246,0.92488,2.25,2.25
2012.02.15 18:01:05.812,0.92465,0.92492,2.25,2.25
2012.02.15 18:01:06.287,0.92465,0.92494,2.25,2.25
2012.02.15 18:01:06.407,0.92469,0.92496,2.25,2.25
2012.02.15 18:01:06.729,0.9248,0.92507,2.25,1.35
2012.02.15 18:01:06.852,0.92477,0.92505,2.25,2.25
2012.02.15 18:01:06.935,0.92475,0.92503,2.25,2.25
2012.02.15 18:01:07.698,0.92477,0.92506,2.25,2.25
2012.02.15 18:01:07.855,0.92477,0.92504,2.25,2.25
2012.02.15 18:01:08.168,0.92479,0.92506,2.25,2.25
2012.02.15 18:01:09.241,0.92478,0.92505,2.25,2.25
2012.02.15 18:01:09.900,0.92474,0.92503,2.25,2.25
2012.02.15 18:01:10.438,0.92473,0.92502,2.25,2.25
2012.02.15 18:01:10.511,0.92468,0.92497,2.25,2.25
2012.02.15 18:01:11.092,0.9247,0.92499,2.25,2.25
2012.02.15 18:01:11.624,0.92469,0.92497,2.25,2.25
2012.02.15 18:01:11.909,0.92466,0.92495,2.25,2.25
2012.02.15 18:01:12.687,0.92467,0.92497,2.25,2.25
2012.02.15 18:01:16.055,0.92472,0.92502,2.25,2.25
2012.02.15 18:01:16.487,0.92474,0.92502,2.25,2.25
2012.02.15 18:01:17.040,0.92479,0.92507,2.25,2.63
2012.02.15 18:01:17.602,0.92479,0.92507,2.25,2.25
2012.02.15 18:01:17.925,0.92479,0.92509,2.25,2.25
2012.02.15 18:01:18.502,0.92478,0.92508,2.25,2.25
2012.02.15 18:01:19.735,0.92478,0.92506,2.25,2.25
2012.02.15 18:01:23.273,0.9248,0.92508,2.25,2.25
2012.02.15 18:01:23.578,0.92476,0.92504,2.25,2.25
2012.02.15 18:01:27.061,0.92477,0.92508,2.25,2.25
2012.02.15 18:01:28.380,0.92476,0.92504,2.25,2.25
2012.02.15 18:01:28.601,0.92477,0.92508,2.25,2.25
2012.02.15 18:01:29.016,0.92479,0.92507,2.25,2.85
2012.02.15 18:01:29.118,0.92469,0.92499,2.63,2.25
2012.02.15 18:01:29.651,0.92474,0.92501,2.25,2.25
2012.02.15 18:01:29.711,0.92472,0.92501,2.25,2.25
2012.02.15 18:01:29.919,0.92474,0.92501,2.25,2.25
2012.02.15 18:01:30.823,0.92478,0.92506,2.25,2.25
2012.02.15 18:01:31.115,0.92478,0.92508,2.25,2.25
2012.02.15 18:01:31.246,0.92474,0.92503,2.25,2.25
2012.02.15 18:01:32.975,0.92474,0.92503,2.25,3.23
2012.02.15 18:01:33.102,0.92464,0.92494,2.25,2.25
2012.02.15 18:01:33.250,0.92464,0.92494,4.35,2.25
2012.02.15 18:01:33.317,0.92475,0.92502,2.25,2.25
2012.02.15 18:01:36.650,0.9247,0.92498,2.85,2.25
2012.02.15 18:01:37.323,0.92465,0.92493,2.25,2.25
2012.02.15 18:01:37.665,0.92467,0.92495,2.25,2.25
2012.02.15 18:01:37.931,0.92464,0.92493,2.25,2.25
2012.02.15 18:01:38.054,0.92461,0.92492,2.63,2.25
2012.02.15 18:01:38.173,0.92464,0.92493,2.25,2.25
2012.02.15 18:01:41.434,0.92462,0.92491,2.25,2.25
2012.02.15 18:01:42.093,0.92462,0.92493,2.25,2.25
2012.02.15 18:01:44.563,0.92464,0.92494,2.25,2.25
2012.02.15 18:01:46.457,0.92464,0.92493,2.25,2.25
2012.02.15 18:01:46.829,0.9246,0.92488,2.25,2.25
2012.02.15 18:01:49.424,0.92461,0.92491,2.25,2.25
2012.02.15 18:01:49.610,0.92457,0.92489,2.85,2.25
2012.02.15 18:01:50.147,0.92462,0.9249,2.25,2.25
2012.02.15 18:01:51.354,0.92466,0.92493,2.25,2.25
2012.02.15 18:01:52.626,0.92466,0.92495,2.25,2.25
2012.02.15 18:01:52.840,0.92468,0.92495,2.25,2.25
2012.02.15 18:01:53.518,0.92463,0.92491,2.25,2.25
2012.02.15 18:01:54.723,0.92464,0.92492,2.25,2.25
2012.02.15 18:01:58.581,0.92475,0.92502,2.25,3.23
2012.02.15 18:01:58.649,0.92475,0.92502,2.25,2.25
2012.02.15 18:01:58.771,0.92472,0.92499,2.25,2.25
2012.02.15 18:01:59.014,0.92472,0.92501,2.25,2.25
2012.02.15 18:02:01.554,0.92477,0.92505,2.25,2.25
2012.02.15 18:02:03.324,0.92472,0.92501,2.25,2.25
2012.02.15 18:02:03.928,0.92477,0.92505,2.25,2.25
2012.02.15 18:02:04.423,0.92474,0.92503,2.85,2.25
2012.02.15 18:02:04.499,0.92478,0.92508,2.25,3.00
2012.02.15 18:02:04.732,0.92475,0.92502,2.25,2.25
2012.02.15 18:02:05.043,0.92479,0.92507,2.25,2.25
2012.02.15 18:02:05.737,0.92476,0.92504,2.25,2.25
2012.02.15 18:02:09.003,0.92476,0.92504,2.85,2.25
2012.02.15 18:02:09.124,0.9248,0.9251,2.85,2.25
2012.02.15 18:02:10.122,0.9248,0.9251,2.25,2.85
2012.02.15 18:02:10.617,0.92477,0.92507,2.25,2.25
2012.02.15 18:02:10.693,0.92476,0.92504,2.63,2.25
2012.02.15 18:02:11.624,0.92481,0.92508,2.25,2.25
2012.02.15 18:02:12.425,0.92471,0.92501,2.85,2.25
2012.02.15 18:02:12.502,0.92474,0.92504,2.25,2.25
2012.02.15 18:02:12.570,0.92479,0.92508,2.25,2.25
2012.02.15 18:02:12.772,0.92475,0.92505,2.25,2.25
2012.02.15 18:02:14.026,0.92477,0.92505,2.25,2.25
2012.02.15 18:02:14.817,0.92481,0.9251,2.25,2.85
2012.02.15 18:02:15.742,0.9248,0.92509,2.25,2.25
2012.02.15 18:02:16.575,0.92477,0.92506,2.25,2.25
2012.02.15 18:02:16.919,0.92474,0.92501,2.25,2.25
2012.02.15 18:02:17.042,0.92472,0.92501,2.25,2.25
2012.02.15 18:02:17.164,0.92471,0.92498,2.25,2.25
2012.02.15 18:02:17.346,0.92475,0.92503,2.25,2.25
2012.02.15 18:02:19.856,0.92479,0.92509,2.25,2.25
2012.02.15 18:02:20.186,0.92474,0.92504,2.25,2.25
2012.02.15 18:02:20.741,0.92473,0.92503,2.25,2.25
2012.02.15 18:02:21.290,0.92474,0.92504,2.25,2.25
2012.02.15 18:02:21.858,0.92475,0.92505,2.25,2.25
2012.02.15 18:02:22.421,0.92475,0.92503,2.25,2.25
2012.02.15 18:02:26.626,0.92476,0.92506,2.25,2.25
2012.02.15 18:02:27.226,0.92475,0.92505,2.25,2.25
2012.02.15 18:02:29.111,0.92479,0.92509,2.25,2.25
2012.02.15 18:02:29.743,0.92486,0.92514,2.25,2.25
2012.02.15 18:02:30.762,0.92485,0.92513,2.25,2.25
2012.02.15 18:02:30.867,0.92482,0.92512,2.25,2.25
2012.02.15 18:02:31.234,0.92488,0.92515,2.25,2.25
2012.02.15 18:02:31.366,0.92486,0.92515,2.25,2.25
2012.02.15 18:02:33.052,0.92484,0.92511,2.25,2.25
2012.02.15 18:02:33.494,0.92488,0.92516,2.25,2.25
2012.02.15 18:02:34.594,0.92483,0.92515,2.25,2.25
2012.02.15 18:02:34.817,0.92481,0.92511,2.63,2.25
2012.02.15 18:02:35.030,0.92483,0.92515,2.25,2.25
2012.02.15 18:02:35.134,0.92483,0.92513,2.25,2.25
2012.02.15 18:02:36.229,0.92481,0.92513,2.63,2.25
2012.02.15 18:02:36.580,0.92472,0.92502,2.25,2.25
2012.02.15 18:02:36.942,0.92477,0.92506,2.48,2.25
2012.02.15 18:02:37.003,0.92484,0.92515,2.25,2.25
2012.02.15 18:02:37.765,0.92484,0.92516,2.25,2.25
2012.02.15 18:02:37.872,0.92489,0.92519,2.25,2.25
2012.02.15 18:02:38.216,0.92491,0.92523,2.25,2.85
2012.02.15 18:02:38.720,0.92492,0.92524,2.25,2.85
2012.02.15 18:02:39.657,0.92492,0.92524,2.25,2.25
2012.02.15 18:02:40.256,0.92491,0.92523,2.63,2.25
2012.02.15 18:02:40.327,0.92487,0.92519,2.63,2.25
2012.02.15 18:02:40.968,0.92487,0.92519,2.25,2.25
2012.02.15 18:02:41.509,0.92489,0.92519,2.25,2.25
2012.02.15 18:02:43.160,0.92488,0.92518,2.25,2.25
2012.02.15 18:02:43.796,0.92483,0.92513,3.23,2.25
2012.02.15 18:02:44.283,0.92483,0.92513,2.25,2.25
2012.02.15 18:02:44.795,0.92489,0.92521,2.25,2.63
2012.02.15 18:02:44.892,0.92491,0.92523,2.25,2.63
2012.02.15 18:02:46.460,0.9249,0.9252,2.25,2.25
2012.02.15 18:02:50.014,0.92488,0.9252,2.25,2.25
2012.02.15 18:02:50.777,0.92486,0.92516,2.63,2.25
2012.02.15 18:02:50.907,0.92494,0.92526,2.25,2.25
2012.02.15 18:02:51.892,0.92486,0.92516,3.00,2.25
2012.02.15 18:02:52.073,0.92486,0.92516,2.25,2.25
2012.02.15 18:02:52.609,0.92483,0.92515,2.63,2.25
2012.02.15 18:02:52.690,0.92478,0.9251,3.00,2.25
2012.02.15 18:02:52.839,0.92482,0.92512,2.63,2.25
2012.02.15 18:02:53.342,0.92482,0.92512,2.25,2.25
2012.02.15 18:02:53.408,0.92477,0.92507,2.63,2.25
2012.02.15 18:02:53.730,0.92478,0.9251,2.63,2.25
2012.02.15 18:02:54.917,0.92479,0.92511,2.25,2.25
2012.02.15 18:02:55.041,0.92482,0.92514,2.25,2.25
2012.02.15 18:02:55.481,0.9248,0.92512,2.25,2.25
2012.02.15 18:02:56.689,0.9248,0.9251,2.25,2.25
2012.02.15 18:02:56.814,0.92484,0.92516,2.25,2.25
2012.02.15 18:02:57.071,0.92479,0.92511,2.63,2.25
2012.02.15 18:02:58.813,0.92485,0.92515,2.25,2.25
2012.02.15 18:03:03.275,0.92481,0.92511,2.85,2.25
2012.02.15 18:03:03.501,0.92482,0.92514,2.85,2.25
2012.02.15 18:03:04.772,0.92484,0.92514,2.25,2.25
2012.02.15 18:03:06.304,0.92481,0.92511,3.23,2.25
2012.02.15 18:03:06.471,0.92484,0.92514,2.25,2.25
2012.02.15 18:03:07.044,0.92484,0.92516,2.25,2.25
2012.02.15 18:03:07.612,0.9248,0.92512,3.23,2.25
2012.02.15 18:03:08.034,0.9248,0.92512,2.25,2.25
2012.02.15 18:03:09.429,0.92477,0.92509,2.63,2.25
2012.02.15 18:03:09.879,0.92476,0.92506,2.63,2.25
2012.02.15 18:03:11.582,0.92476,0.92506,2.25,2.25
2012.02.15 18:03:15.388,0.92456,0.92502,1.50,2.10
2012.02.15 18:03:15.455,0.92456,0.92502,1.13,2.10
2012.02.15 18:03:15.525,0.92459,0.92489,2.25,2.25
2012.02.15 18:03:16.071,0.92461,0.92491,2.25,2.25
2012.02.15 18:03:16.191,0.92459,0.92491,2.25,2.25
2012.02.15 18:03:17.372,0.9246,0.92492,2.25,2.25
2012.02.15 18:03:19.816,0.92464,0.92494,2.25,2.25
2012.02.15 18:03:19.888,0.92466,0.92498,2.25,2.25
2012.02.15 18:03:20.016,0.92468,0.92498,2.25,2.25
2012.02.15 18:03:20.445,0.92473,0.92503,2.25,2.25
2012.02.15 18:03:21.262,0.92472,0.92504,2.25,2.25
2012.02.15 18:03:22.185,0.92477,0.92509,2.25,2.25
2012.02.15 18:03:22.498,0.92473,0.92503,2.25,2.25
2012.02.15 18:03:23.237,0.92469,0.92499,2.25,2.25
2012.02.15 18:03:23.752,0.92463,0.92495,2.85,2.25
2012.02.15 18:03:24.373,0.92466,0.92496,2.25,2.25
2012.02.15 18:03:24.613,0.92466,0.92498,2.25,2.25
2012.02.15 18:03:25.918,0.92466,0.92496,2.25,2.25
2012.02.15 18:03:26.024,0.92466,0.92498,2.25,2.25
2012.02.15 18:03:27.053,0.92472,0.92502,2.25,2.25
2012.02.15 18:03:27.707,0.9247,0.92502,2.25,2.25
2012.02.15 18:03:28.063,0.92471,0.92503,2.85,2.25
2012.02.15 18:03:28.987,0.92471,0.92501,2.85,2.25
2012.02.15 18:03:30.246,0.92472,0.92502,2.85,2.25
2012.02.15 18:03:30.316,0.92481,0.92511,2.25,3.23
2012.02.15 18:03:31.423,0.92481,0.92511,2.25,2.85
2012.02.15 18:03:36.605,0.92475,0.92507,2.25,2.25
2012.02.15 18:03:36.855,0.92472,0.92504,3.60,2.25
2012.02.15 18:03:37.825,0.92471,0.92501,3.23,2.25
2012.02.15 18:03:42.743,0.92474,0.92503,2.85,2.25
2012.02.15 18:03:45.812,0.92474,0.92501,2.85,2.25
2012.02.15 18:03:47.003,0.92477,0.92507,2.25,2.25
2012.02.15 18:03:48.746,0.92478,0.92505,2.25,2.25
2012.02.15 18:03:49.501,0.92471,0.92499,2.25,2.25
2012.02.15 18:03:49.667,0.92473,0.92501,2.25,2.25
2012.02.15 18:03:52.400,0.92468,0.92496,2.25,2.25
2012.02.15 18:03:52.735,0.92459,0.92487,2.25,2.25
2012.02.15 18:03:53.072,0.92459,0.92487,2.25,2.85
2012.02.15 18:03:53.283,0.9245,0.92477,2.25,2.25
2012.02.15 18:03:53.344,0.9245,0.92477,2.25,2.85
2012.02.15 18:03:53.834,0.92447,0.92477,2.25,2.85
2012.02.15 18:03:54.394,0.92447,0.92477,2.25,2.25
2012.02.15 18:03:55.037,0.92445,0.92476,2.25,2.25
2012.02.15 18:03:55.103,0.92447,0.92475,2.25,2.25
2012.02.15 18:03:55.823,0.92452,0.92479,2.25,2.25
2012.02.15 18:03:56.922,0.92453,0.9248,2.25,2.25
2012.02.15 18:03:58.085,0.92457,0.92484,2.25,2.25
2012.02.15 18:03:58.384,0.92451,0.92481,2.25,2.25
2012.02.15 18:04:00.647,0.92457,0.92484,2.25,2.25
2012.02.15 18:04:01.104,0.92459,0.92488,2.25,2.25
2012.02.15 18:04:01.225,0.92464,0.92491,2.25,2.25
2012.02.15 18:04:01.674,0.92462,0.92491,2.25,2.25
2012.02.15 18:04:01.884,0.92461,0.92488,2.25,2.25
2012.02.15 18:04:04.085,0.92457,0.92484,2.25,2.25
2012.02.15 18:04:05.848,0.92457,0.92484,2.25,2.85
2012.02.15 18:04:05.974,0.92448,0.92477,2.85,2.25
2012.02.15 18:04:06.096,0.92457,0.92485,2.25,2.25
2012.02.15 18:04:06.774,0.92456,0.92485,1.73,2.25
2012.02.15 18:04:06.871,0.92465,0.92493,2.25,2.25
2012.02.15 18:04:07.056,0.92469,0.92499,2.25,2.63
2012.02.15 18:04:07.461,0.92465,0.92493,2.25,2.25
2012.02.15 18:04:13.846,0.92469,0.92499,2.25,2.25
2012.02.15 18:04:16.051,0.92464,0.92494,2.25,2.25
2012.02.15 18:04:16.477,0.92469,0.92499,2.25,2.25
2012.02.15 18:04:19.804,0.92469,0.92499,2.85,2.25
2012.02.15 18:04:20.156,0.92472,0.92502,2.25,2.25
2012.02.15 18:04:20.721,0.9247,0.92497,2.63,2.25
2012.02.15 18:04:21.234,0.9247,0.92497,2.25,2.85
2012.02.15 18:04:21.354,0.92463,0.92491,2.25,2.25
2012.02.15 18:04:22.132,0.92461,0.92491,2.63,2.25
2012.02.15 18:04:23.843,0.92466,0.92496,2.25,2.85
2012.02.15 18:04:24.167,0.92462,0.92492,2.25,2.25
2012.02.15 18:04:25.511,0.9246,0.9249,2.25,2.25
2012.02.15 18:04:25.855,0.92458,0.92486,2.25,2.85
2012.02.15 18:04:26.102,0.92456,0.92486,2.63,2.85
2012.02.15 18:04:27.287,0.92455,0.92485,2.25,2.25
2012.02.15 18:04:27.906,0.9246,0.92488,2.25,2.85
2012.02.15 18:04:28.052,0.92455,0.92483,2.25,2.25
2012.02.15 18:04:29.702,0.92456,0.92484,2.25,2.25
2012.02.15 18:04:31.227,0.92456,0.92484,2.25,2.85
2012.02.15 18:04:31.356,0.92449,0.92477,2.25,2.25
2012.02.15 18:04:31.425,0.92447,0.92477,2.25,2.25
2012.02.15 18:04:31.539,0.92449,0.92477,2.25,2.25
2012.02.15 18:04:31.984,0.9245,0.92477,1.35,2.25
2012.02.15 18:04:32.053,0.9246,0.92489,2.25,2.25
2012.02.15 18:04:32.640,0.9246,0.92487,2.25,2.25
2012.02.15 18:04:35.257,0.92461,0.92488,2.25,2.25
2012.02.15 18:04:35.504,0.92465,0.92493,2.25,2.25
2012.02.15 18:04:36.141,0.92461,0.92488,2.25,2.25
2012.02.15 18:04:36.382,0.92461,0.9249,2.25,2.25
2012.02.15 18:04:36.820,0.9246,0.92487,2.25,2.25
2012.02.15 18:04:38.502,0.92462,0.92489,2.25,2.25
2012.02.15 18:04:38.565,0.9246,0.92489,2.25,2.25
2012.02.15 18:04:38.667,0.9246,0.92487,2.25,2.25
2012.02.15 18:04:39.220,0.92461,0.92488,2.25,2.25
2012.02.15 18:04:39.933,0.92453,0.9248,3.00,2.25
2012.02.15 18:04:40.001,0.92457,0.92485,2.63,2.25
2012.02.15 18:04:40.626,0.92457,0.92485,2.25,2.25
2012.02.15 18:04:42.383,0.92457,0.92487,2.25,2.25
2012.02.15 18:04:43.276,0.92462,0.92492,2.25,2.25
2012.02.15 18:04:45.476,0.92464,0.92492,2.25,2.25
2012.02.15 18:04:46.095,0.9247,0.92498,2.25,2.25
2012.02.15 18:04:46.637,0.92469,0.92499,2.25,2.25
2012.02.15 18:04:48.917,0.92465,0.92493,2.25,2.25
2012.02.15 18:04:48.988,0.92462,0.92492,3.00,2.25
2012.02.15 18:04:49.131,0.92462,0.92492,3.75,2.25
2012.02.15 18:04:49.189,0.92473,0.925,2.25,2.25
2012.02.15 18:04:49.384,0.92475,0.92502,2.25,2.25
2012.02.15 18:04:51.036,0.92469,0.92499,2.63,2.25
2012.02.15 18:04:51.671,0.92469,0.92499,2.25,2.25
2012.02.15 18:04:52.153,0.92471,0.92499,2.25,2.25
2012.02.15 18:04:52.633,0.92465,0.92495,2.25,2.25
2012.02.15 18:04:54.888,0.92464,0.92494,2.25,2.25
2012.02.15 18:04:57.492,0.92465,0.92495,2.25,2.85
2012.02.15 18:04:58.106,0.92464,0.92494,2.25,2.25
2012.02.15 18:04:58.864,0.92461,0.92488,2.25,2.25
2012.02.15 18:04:59.527,0.92456,0.92484,2.25,2.25
2012.02.15 18:05:01.082,0.9246,0.92489,2.25,2.25
2012.02.15 18:05:02.293,0.92455,0.92485,2.63,2.25
2012.02.15 18:05:02.671,0.92461,0.92488,2.25,2.25
2012.02.15 18:05:03.607,0.92462,0.92489,2.25,2.25
2012.02.15 18:05:04.381,0.92461,0.92488,2.25,2.25
2012.02.15 18:05:05.167,0.92462,0.92491,2.25,2.85
2012.02.15 18:05:07.510,0.92466,0.92496,2.25,2.25
2012.02.15 18:05:07.577,0.92472,0.925,2.25,2.63
2012.02.15 18:05:07.703,0.9247,0.92498,2.25,2.63
2012.02.15 18:05:07.825,0.92462,0.92492,2.25,2.25
2012.02.15 18:05:08.090,0.92462,0.92492,5.10,2.25
2012.02.15 18:05:08.372,0.92477,0.92505,2.25,2.63
2012.02.15 18:05:08.575,0.92468,0.92495,2.25,2.25
2012.02.15 18:05:08.785,0.92472,0.925,2.25,2.25
2012.02.15 18:05:09.836,0.92473,0.925,2.25,2.25
2012.02.15 18:05:09.906,0.92475,0.92502,2.25,2.25
2012.02.15 18:05:10.287,0.92478,0.92505,2.25,2.25
2012.02.15 18:05:11.037,0.92476,0.92503,2.25,2.25
2012.02.15 18:05:11.974,0.92471,0.92503,2.63,2.25
2012.02.15 18:05:12.032,0.92471,0.92503,2.63,2.25
2012.02.15 18:05:13.292,0.92477,0.92507,2.25,2.25
2012.02.15 18:05:16.074,0.9248,0.9251,2.25,2.25
2012.02.15 18:05:16.588,0.92475,0.92507,2.63,2.25
2012.02.15 18:05:17.253,0.92476,0.92508,2.25,2.25
2012.02.15 18:05:18.346,0.92471,0.92503,2.25,2.25
2012.02.15 18:05:19.004,0.9247,0.92502,2.85,2.25
2012.02.15 18:05:19.352,0.92476,0.92506,2.25,2.25
2012.02.15 18:05:20.118,0.9247,0.92502,3.23,2.25
2012.02.15 18:05:20.951,0.9247,0.92502,2.85,2.25
2012.02.15 18:05:22.124,0.92471,0.92503,2.25,2.25
2012.02.15 18:05:22.261,0.92474,0.92506,2.25,2.25
2012.02.15 18:05:23.087,0.92468,0.925,3.23,2.25
2012.02.15 18:05:23.244,0.92468,0.925,2.25,2.25
2012.02.15 18:05:25.273,0.92468,0.925,2.25,2.85
2012.02.15 18:05:25.333,0.92462,0.92494,2.85,2.25
2012.02.15 18:05:25.766,0.92466,0.92496,2.25,2.25
2012.02.15 18:05:26.815,0.92461,0.92493,2.85,2.25
2012.02.15 18:05:28.259,0.92467,0.92499,2.25,2.25
2012.02.15 18:05:28.329,0.9247,0.92502,2.25,3.23
2012.02.15 18:05:28.904,0.9247,0.92502,2.25,2.85
2012.02.15 18:05:29.236,0.92466,0.92496,2.63,2.25
2012.02.15 18:05:29.565,0.9247,0.92502,2.25,2.85
2012.02.15 18:05:30.678,0.92464,0.92494,3.23,2.25
2012.02.15 18:05:31.651,0.92464,0.92494,3.23,2.25
2012.02.15 18:05:31.767,0.92464,0.92496,3.23,2.25
2012.02.15 18:05:32.455,0.92469,0.92499,2.25,2.25
2012.02.15 18:05:33.452,0.92471,0.92501,2.25,2.25
2012.02.15 18:05:36.390,0.92471,0.92503,2.25,2.25
2012.02.15 18:05:39.907,0.92467,0.92497,2.63,2.25
2012.02.15 18:05:40.233,0.92462,0.92492,3.00,2.25
2012.02.15 18:05:40.528,0.92458,0.92488,3.23,2.25
2012.02.15 18:05:42.673,0.92464,0.92494,2.25,2.25
2012.02.15 18:05:42.796,0.92469,0.92499,2.25,2.25
2012.02.15 18:05:43.896,0.9247,0.925,2.25,2.25
2012.02.15 18:05:45.012,0.9248,0.92508,2.25,2.25
2012.02.15 18:05:45.485,0.92466,0.92494,2.25,2.25
2012.02.15 18:05:48.794,0.92468,0.92498,2.25,2.25
2012.02.15 18:05:48.855,0.9247,0.92498,2.25,2.25
2012.02.15 18:05:50.285,0.92461,0.92488,2.25,2.25
2012.02.15 18:05:50.652,0.92465,0.92493,2.25,2.25
2012.02.15 18:05:50.833,0.92461,0.92488,2.25,2.25
2012.02.15 18:05:51.438,0.92464,0.92491,2.25,2.25
2012.02.15 18:05:52.243,0.92465,0.92492,2.25,2.25
2012.02.15 18:05:52.588,0.92468,0.92498,2.25,2.85
2012.02.15 18:05:52.813,0.92464,0.92493,2.25,2.25
2012.02.15 18:05:54.672,0.92469,0.92497,2.25,2.25
2012.02.15 18:05:56.473,0.9247,0.92498,2.25,2.25
2012.02.15 18:05:56.774,0.92486,0.92514,2.25,2.25
2012.02.15 18:05:57.142,0.92477,0.92505,2.25,2.25
2012.02.15 18:05:57.264,0.92477,0.92507,3.60,2.25
2012.02.15 18:05:57.703,0.92486,0.92516,2.25,2.85
2012.02.15 18:05:58.874,0.92478,0.92506,2.63,2.25
2012.02.15 18:05:59.947,0.92478,0.92506,2.63,2.25
2012.02.15 18:06:00.314,0.92474,0.92532,1.35,1.35
2012.02.15 18:06:00.433,0.92486,0.92516,2.25,2.25
2012.02.15 18:06:01.005,0.9249,0.92518,2.25,2.25
2012.02.15 18:06:01.073,0.92484,0.92514,2.25,2.25
2012.02.15 18:06:06.465,0.92486,0.92516,2.25,2.63
2012.02.15 18:06:06.822,0.92491,0.9252,2.25,2.25
2012.02.15 18:06:08.042,0.92491,0.92518,2.25,2.25
2012.02.15 18:06:10.232,0.92492,0.92519,2.25,2.25
2012.02.15 18:06:10.744,0.92493,0.9252,2.25,2.25
2012.02.15 18:06:11.656,0.92492,0.92519,2.25,2.25
2012.02.15 18:06:20.995,0.9249,0.92517,2.25,2.25
2012.02.15 18:06:21.506,0.92492,0.92522,2.25,2.25
2012.02.15 18:06:21.568,0.92485,0.92515,2.85,2.25
2012.02.15 18:06:22.073,0.92485,0.92514,2.85,2.25
2012.02.15 18:06:23.570,0.92485,0.92514,2.25,2.25
2012.02.15 18:06:24.159,0.92489,0.92516,2.25,2.25
2012.02.15 18:06:30.921,0.92486,0.92513,2.25,2.25
2012.02.15 18:06:31.415,0.92483,0.9251,2.25,2.25
2012.02.15 18:06:31.966,0.92486,0.92516,2.25,2.25
2012.02.15 18:06:33.416,0.92492,0.9252,2.25,2.25
2012.02.15 18:06:34.054,0.92487,0.92515,2.25,2.25
2012.02.15 18:06:41.978,0.92491,0.92521,2.25,2.25
2012.02.15 18:06:42.469,0.92495,0.92525,2.25,2.63
2012.02.15 18:06:43.685,0.92499,0.92527,2.25,2.25
2012.02.15 18:06:43.995,0.92497,0.92525,2.25,2.25
2012.02.15 18:06:46.292,0.92495,0.92525,2.25,2.25
2012.02.15 18:06:46.423,0.92497,0.92525,2.25,2.25
2012.02.15 18:06:47.288,0.92503,0.92533,2.25,2.63
2012.02.15 18:06:47.354,0.92498,0.92528,2.25,2.25
2012.02.15 18:06:47.554,0.92496,0.92526,2.25,2.25
2012.02.15 18:06:47.894,0.92499,0.92527,2.25,2.25
2012.02.15 18:06:48.237,0.92494,0.92522,2.25,2.25
2012.02.15 18:06:48.371,0.92498,0.92528,2.25,2.25
2012.02.15 18:06:48.825,0.92493,0.92523,2.25,2.25
2012.02.15 18:06:49.362,0.92494,0.92524,2.25,2.25
2012.02.15 18:06:49.870,0.92496,0.92524,2.25,2.25
2012.02.15 18:06:50.673,0.925,0.92528,2.25,2.25
2012.02.15 18:06:51.164,0.92496,0.92524,2.25,2.25
2012.02.15 18:06:51.466,0.92502,0.9253,2.25,2.25
2012.02.15 18:06:51.768,0.92496,0.92526,2.25,2.25
2012.02.15 18:06:52.437,0.92496,0.92527,2.25,2.25
2012.02.15 18:06:53.173,0.92494,0.92524,2.25,2.25
2012.02.15 18:06:53.857,0.92501,0.92528,2.25,2.25
2012.02.15 18:06:54.676,0.92502,0.92529,2.25,2.25
2012.02.15 18:07:00.884,0.92502,0.92529,2.25,2.85
2012.02.15 18:07:01.025,0.92496,0.92523,2.25,2.25
2012.02.15 18:07:01.097,0.92494,0.92521,2.63,2.25
2012.02.15 18:07:01.165,0.92496,0.92523,2.25,2.25
2012.02.15 18:07:01.565,0.92499,0.92526,2.25,2.85
2012.02.15 18:07:02.169,0.92499,0.92526,2.25,2.25
2012.02.15 18:07:02.650,0.92502,0.92529,2.25,2.85
2012.02.15 18:07:06.858,0.92502,0.92529,2.25,2.25
2012.02.15 18:07:06.984,0.92503,0.92532,2.25,2.25
2012.02.15 18:07:07.207,0.92501,0.9253,2.25,2.25
2012.02.15 18:07:07.728,0.92507,0.92535,2.25,2.63
2012.02.15 18:07:08.314,0.92505,0.92535,2.25,2.63
2012.02.15 18:07:08.601,0.92509,0.92539,2.25,2.85
2012.02.15 18:07:09.157,0.92511,0.92539,2.25,2.25
2012.02.15 18:07:11.894,0.92508,0.92536,2.25,2.25
2012.02.15 18:07:12.012,0.92508,0.92538,2.25,2.25
2012.02.15 18:07:12.131,0.9251,0.9254,2.25,2.25
2012.02.15 18:07:12.669,0.92509,0.92539,2.25,2.25
2012.02.15 18:07:13.259,0.9251,0.9254,2.25,2.25
2012.02.15 18:07:13.599,0.92511,0.9254,2.63,2.25
2012.02.15 18:07:14.014,0.92521,0.92549,2.25,2.25
2012.02.15 18:07:14.865,0.92512,0.92539,2.25,2.25
2012.02.15 18:07:15.084,0.92515,0.92545,2.25,2.25
2012.02.15 18:07:19.191,0.92512,0.92539,2.25,2.25
2012.02.15 18:07:23.113,0.92516,0.92543,2.25,2.25
2012.02.15 18:07:23.773,0.92512,0.92539,2.25,2.25
2012.02.15 18:07:26.059,0.92515,0.92545,2.25,2.25
2012.02.15 18:07:27.757,0.92513,0.92543,2.25,2.25
2012.02.15 18:07:28.392,0.92518,0.92548,2.25,2.25
2012.02.15 18:07:28.711,0.92515,0.92543,2.25,2.25
2012.02.15 18:07:31.916,0.92515,0.92545,2.25,2.25
2012.02.15 18:07:34.465,0.92513,0.92541,2.25,2.25
2012.02.15 18:07:34.622,0.92515,0.92545,2.25,2.25
2012.02.15 18:07:43.684,0.92517,0.92545,2.25,2.25
2012.02.15 18:07:48.103,0.92516,0.92544,2.25,2.25
2012.02.15 18:07:48.543,0.92521,0.92549,2.25,2.63
2012.02.15 18:07:53.718,0.92518,0.92546,2.25,2.25
2012.02.15 18:07:54.692,0.92517,0.92545,2.25,2.25
2012.02.15 18:07:54.757,0.92515,0.92545,2.25,2.25
2012.02.15 18:07:55.165,0.92515,0.92545,2.85,2.25
2012.02.15 18:07:55.349,0.92507,0.92535,2.63,2.25
2012.02.15 18:07:55.476,0.92509,0.92538,2.25,2.25
2012.02.15 18:07:55.607,0.92502,0.9253,3.00,2.25
2012.02.15 18:07:56.446,0.92507,0.92534,2.63,2.25
2012.02.15 18:07:58.683,0.92509,0.92538,2.25,2.85
2012.02.15 18:08:00.206,0.92509,0.92538,2.25,4.35
2012.02.15 18:08:00.333,0.92503,0.92532,2.25,2.85
2012.02.15 18:08:00.789,0.92494,0.92523,2.25,2.25
2012.02.15 18:08:01.222,0.92496,0.92523,2.25,2.25
2012.02.15 18:08:02.741,0.92498,0.92525,2.25,2.25
2012.02.15 18:08:04.058,0.92501,0.92528,2.25,2.25
2012.02.15 18:08:04.186,0.92503,0.92532,2.25,2.85
2012.02.15 18:08:04.870,0.92501,0.92528,2.25,2.25
2012.02.15 18:08:04.938,0.92505,0.92533,2.25,2.25
2012.02.15 18:08:05.373,0.92504,0.92535,2.25,2.25
2012.02.15 18:08:05.496,0.92509,0.92537,2.25,2.25
2012.02.15 18:08:05.909,0.92511,0.92539,2.25,2.25
2012.02.15 18:08:06.550,0.92506,0.92534,2.25,2.25
2012.02.15 18:08:06.785,0.9251,0.9254,2.25,2.25
2012.02.15 18:08:07.122,0.92515,0.92543,2.25,2.25
2012.02.15 18:08:07.640,0.92514,0.92544,2.25,2.63
2012.02.15 18:08:11.953,0.92518,0.92548,2.25,2.25
2012.02.15 18:08:13.605,0.92514,0.92542,2.25,2.25
2012.02.15 18:08:14.302,0.92509,0.92538,2.25,3.00
2012.02.15 18:08:14.366,0.92505,0.92533,2.25,2.25
2012.02.15 18:08:14.442,0.92499,0.92529,2.63,2.25
2012.02.15 18:08:17.285,0.92505,0.92533,2.25,2.25
2012.02.15 18:08:20.476,0.92502,0.9253,2.25,2.25
2012.02.15 18:08:20.583,0.925,0.9253,2.25,2.25
2012.02.15 18:08:28.323,0.925,0.9253,2.25,2.85
2012.02.15 18:08:28.631,0.92496,0.92524,2.25,2.25
2012.02.15 18:08:28.755,0.92496,0.92526,2.25,2.85
2012.02.15 18:08:29.286,0.92495,0.92525,2.25,2.25
2012.02.15 18:08:34.973,0.92499,0.92529,2.25,2.25
2012.02.15 18:08:36.484,0.92499,0.92527,2.25,2.25
2012.02.15 18:08:37.252,0.92494,0.92524,2.25,2.25
2012.02.15 18:08:37.319,0.92488,0.92517,1.35,2.25
2012.02.15 18:08:37.388,0.92493,0.92521,2.63,2.25
2012.02.15 18:08:37.766,0.9249,0.92518,2.63,2.25
2012.02.15 18:08:38.074,0.92488,0.92516,2.63,2.25
2012.02.15 18:08:38.656,0.92485,0.92513,2.25,2.25
2012.02.15 18:08:38.718,0.92479,0.92509,2.25,2.25
2012.02.15 18:08:39.437,0.92479,0.92507,2.25,2.25
2012.02.15 18:08:39.753,0.92476,0.92502,1.13,2.25
2012.02.15 18:08:40.575,0.92474,0.92502,2.25,2.25
2012.02.15 18:08:40.643,0.92472,0.925,2.25,2.25
2012.02.15 18:08:40.834,0.92475,0.92505,2.25,2.25
2012.02.15 18:08:41.084,0.92471,0.92499,2.25,2.25
2012.02.15 18:08:41.729,0.92476,0.92504,2.25,2.25
2012.02.15 18:08:42.305,0.92477,0.92505,2.25,2.85
2012.02.15 18:08:42.638,0.92474,0.92502,2.25,2.25
2012.02.15 18:08:44.148,0.92477,0.92505,2.25,2.85
2012.02.15 18:08:46.883,0.92476,0.92504,2.25,2.25
2012.02.15 18:08:47.008,0.92472,0.92502,2.25,2.25
2012.02.15 18:08:47.672,0.92471,0.92501,2.25,2.25
2012.02.15 18:08:49.074,0.92468,0.92495,2.25,2.25
2012.02.15 18:08:51.824,0.92468,0.92497,2.25,2.25
2012.02.15 18:08:53.915,0.92464,0.92492,2.25,2.25
2012.02.15 18:08:54.377,0.92467,0.92495,2.25,2.25
2012.02.15 18:08:54.792,0.92469,0.92497,2.25,2.25
2012.02.15 18:08:55.494,0.92465,0.92492,2.25,2.25
2012.02.15 18:08:58.110,0.92467,0.92494,2.25,2.25
2012.02.15 18:09:02.495,0.92464,0.92493,2.25,2.25
2012.02.15 18:09:02.945,0.92464,0.92493,3.00,2.25
2012.02.15 18:09:03.158,0.92468,0.92498,2.25,2.25
2012.02.15 18:09:03.599,0.9247,0.925,2.25,2.25
2012.02.15 18:09:04.104,0.92469,0.92497,2.25,2.25
2012.02.15 18:09:07.229,0.92471,0.92499,2.25,2.25
2012.02.15 18:09:07.463,0.92468,0.92498,2.63,2.25
2012.02.15 18:09:11.536,0.92472,0.925,2.25,2.25
2012.02.15 18:09:12.726,0.92469,0.92497,2.25,2.25
2012.02.15 18:09:13.535,0.92474,0.92501,2.25,2.25
2012.02.15 18:09:15.148,0.92475,0.92504,2.25,2.25
2012.02.15 18:09:16.176,0.92475,0.92504,2.85,2.25
2012.02.15 18:09:16.303,0.92484,0.92513,2.25,1.35
2012.02.15 18:09:17.264,0.92483,0.92511,2.25,2.25
2012.02.15 18:09:20.385,0.92478,0.92506,2.25,2.25
2012.02.15 18:09:20.934,0.9248,0.92508,2.25,2.25
2012.02.15 18:09:23.463,0.92477,0.92507,2.25,2.25
2012.02.15 18:09:25.232,0.92477,0.92505,2.25,2.25
2012.02.15 18:09:27.775,0.92478,0.92508,2.25,2.25
2012.02.15 18:09:30.286,0.92477,0.92507,2.25,2.25
2012.02.15 18:09:32.502,0.92475,0.92503,2.25,2.25
2012.02.15 18:09:33.288,0.92472,0.925,2.25,2.25
2012.02.15 18:09:34.246,0.92476,0.92506,2.25,2.25
2012.02.15 18:09:34.584,0.92485,0.92515,2.25,2.63
2012.02.15 18:09:37.218,0.92484,0.92514,2.25,2.25
2012.02.15 18:09:38.072,0.92489,0.92517,2.25,2.85
2012.02.15 18:09:38.138,0.92481,0.92509,2.63,2.25
2012.02.15 18:09:40.495,0.92482,0.9251,2.25,2.25
2012.02.15 18:09:44.874,0.92477,0.92507,2.25,2.25
2012.02.15 18:09:45.669,0.92477,0.92507,2.85,2.25
2012.02.15 18:09:46.179,0.92492,0.92519,2.25,2.25
2012.02.15 18:09:47.708,0.92487,0.92516,2.25,2.25
2012.02.15 18:09:48.768,0.92488,0.9252,2.25,2.25
2012.02.15 18:09:48.986,0.92489,0.92518,2.25,2.25
2012.02.15 18:09:50.531,0.92489,0.92517,2.25,2.25
2012.02.15 18:09:51.755,0.92491,0.92518,2.25,2.25
2012.02.15 18:09:52.267,0.92489,0.92516,2.25,2.25
2012.02.15 18:09:52.338,0.92487,0.92515,2.25,2.25
2012.02.15 18:09:53.864,0.92485,0.92513,2.25,2.25
2012.02.15 18:09:54.925,0.92492,0.9252,2.25,2.25
2012.02.15 18:09:55.164,0.92488,0.92518,2.25,2.25
2012.02.15 18:09:57.153,0.92494,0.92522,2.25,2.25
2012.02.15 18:09:59.741,0.92489,0.92517,2.25,2.25
2012.02.15 18:10:00.646,0.92497,0.92527,2.25,2.25
2012.02.15 18:10:00.714,0.92497,0.92527,2.25,4.35
2012.02.15 18:10:00.864,0.92488,0.92518,2.63,2.25
2012.02.15 18:10:02.577,0.92488,0.92518,2.25,2.25
2012.02.15 18:10:03.118,0.92487,0.92517,2.25,2.25
2012.02.15 18:10:03.302,0.92485,0.92515,2.25,2.25
2012.02.15 18:10:03.670,0.92485,0.92513,2.25,2.25
2012.02.15 18:10:04.325,0.92493,0.92523,2.25,2.63
2012.02.15 18:10:04.966,0.92493,0.92522,2.25,2.48
2012.02.15 18:10:05.126,0.92484,0.92514,2.25,2.25
2012.02.15 18:10:05.676,0.9249,0.92517,2.25,2.85
2012.02.15 18:10:05.743,0.9249,0.92517,2.25,2.25
2012.02.15 18:10:05.803,0.92492,0.92521,2.25,2.25
2012.02.15 18:10:06.023,0.92487,0.92517,2.25,2.25
2012.02.15 18:10:06.996,0.92487,0.92515,2.25,2.25
2012.02.15 18:10:08.694,0.92492,0.92519,2.25,2.25
2012.02.15 18:10:12.852,0.92497,0.92524,2.25,2.63
2012.02.15 18:10:13.449,0.92499,0.92526,2.25,2.63
2012.02.15 18:10:13.599,0.92494,0.92522,2.25,2.25
2012.02.15 18:10:15.355,0.92503,0.92529,2.25,1.50
2012.02.15 18:10:15.423,0.92503,0.92531,2.25,3.60
2012.02.15 18:10:15.514,0.92503,0.92531,2.25,2.85
2012.02.15 18:10:15.763,0.92503,0.92528,2.25,2.10
2012.02.15 18:10:15.824,0.92489,0.92517,3.00,2.25
2012.02.15 18:10:15.953,0.92489,0.92519,3.00,2.25
2012.02.15 18:10:16.356,0.92489,0.92519,2.25,2.25
2012.02.15 18:10:16.675,0.92495,0.92523,2.25,2.25
2012.02.15 18:10:17.005,0.9249,0.92518,2.25,2.25
2012.02.15 18:10:17.544,0.92495,0.92523,2.25,2.25
2012.02.15 18:10:17.612,0.92495,0.92525,2.25,2.25
2012.02.15 18:10:17.692,0.92495,0.92523,2.25,2.25
2012.02.15 18:10:20.583,0.9249,0.92518,2.25,2.25
2012.02.15 18:10:22.874,0.92492,0.92522,2.25,2.85
2012.02.15 18:10:23.627,0.92492,0.92522,2.25,2.25
2012.02.15 18:10:24.774,0.92489,0.92519,2.25,2.25
2012.02.15 18:10:25.158,0.92491,0.92521,2.25,2.25
2012.02.15 18:10:25.691,0.92492,0.92522,2.25,2.25
2012.02.15 18:10:26.906,0.92496,0.92526,2.25,2.25
2012.02.15 18:10:27.244,0.92486,0.92513,2.25,2.25
2012.02.15 18:10:27.458,0.92488,0.92517,2.25,2.25
2012.02.15 18:10:27.676,0.92488,0.92515,2.25,2.25
2012.02.15 18:10:31.805,0.92483,0.92511,2.25,2.25
2012.02.15 18:10:33.512,0.9248,0.9251,2.25,2.25
2012.02.15 18:10:34.843,0.92486,0.92513,2.25,2.25
2012.02.15 18:10:36.256,0.92484,0.92513,2.25,2.25
2012.02.15 18:10:38.348,0.92484,0.92511,2.25,2.25
2012.02.15 18:10:39.037,0.92482,0.92509,2.25,2.25
2012.02.15 18:10:40.574,0.92486,0.92514,2.25,2.25
2012.02.15 18:10:42.332,0.92488,0.92518,2.25,2.85
2012.02.15 18:10:43.758,0.9248,0.92508,2.63,2.25
2012.02.15 18:10:44.276,0.9248,0.92508,2.25,2.25
2012.02.15 18:10:44.524,0.92472,0.925,2.25,2.25
2012.02.15 18:10:46.959,0.92476,0.92506,2.25,2.25
2012.02.15 18:10:48.842,0.92481,0.92509,2.25,2.25
2012.02.15 18:10:51.105,0.92479,0.92509,2.25,2.25
2012.02.15 18:10:53.195,0.92479,0.92507,2.25,2.25
2012.02.15 18:10:53.633,0.92476,0.92506,2.25,2.25
2012.02.15 18:10:57.175,0.9248,0.92508,2.25,2.25
2012.02.15 18:10:58.429,0.92489,0.92517,2.25,2.25
2012.02.15 18:10:59.246,0.92487,0.92515,2.25,2.25
2012.02.15 18:10:59.688,0.92484,0.92514,2.25,2.25
2012.02.15 18:11:02.042,0.9249,0.92518,2.25,2.25
2012.02.15 18:11:03.974,0.92494,0.92524,2.25,3.38
2012.02.15 18:11:04.966,0.92494,0.92524,2.25,3.38
2012.02.15 18:11:05.816,0.92494,0.92524,2.25,2.25
2012.02.15 18:11:06.853,0.92489,0.92519,2.25,2.25
2012.02.15 18:11:09.064,0.92488,0.92518,2.25,2.25
2012.02.15 18:11:09.416,0.92486,0.92516,2.25,2.25
2012.02.15 18:11:09.754,0.92485,0.92513,2.25,2.25
2012.02.15 18:11:13.284,0.92485,0.92513,2.63,2.25
2012.02.15 18:11:13.342,0.92494,0.92522,2.25,2.25
2012.02.15 18:11:13.867,0.92484,0.92514,2.63,2.25
2012.02.15 18:11:14.977,0.92486,0.92516,2.63,2.25
2012.02.15 18:11:15.046,0.92485,0.92513,2.63,2.25
2012.02.15 18:11:16.315,0.92487,0.92515,2.25,2.25
2012.02.15 18:11:17.969,0.92484,0.92514,2.63,2.25
2012.02.15 18:11:18.512,0.92485,0.92513,2.25,2.25
2012.02.15 18:11:19.869,0.92479,0.92509,2.25,2.25
2012.02.15 18:11:25.916,0.92477,0.92507,2.25,2.25
2012.02.15 18:11:26.592,0.92482,0.92512,2.25,2.25
2012.02.15 18:11:27.813,0.92481,0.92511,2.63,2.25
2012.02.15 18:11:28.567,0.92482,0.92512,2.25,2.25
2012.02.15 18:11:29.683,0.92482,0.92512,2.25,2.63
2012.02.15 18:11:29.922,0.92476,0.92504,2.25,2.25
2012.02.15 18:11:30.263,0.9248,0.9251,2.25,2.63
2012.02.15 18:11:30.837,0.9248,0.9251,2.25,2.25
2012.02.15 18:11:30.903,0.92482,0.92512,2.25,2.25
2012.02.15 18:11:32.008,0.92475,0.92503,2.63,2.25
2012.02.15 18:11:32.999,0.92476,0.92504,2.25,2.25
2012.02.15 18:11:35.571,0.9248,0.92508,2.25,2.63
2012.02.15 18:11:35.901,0.92489,0.92516,2.25,2.25
2012.02.15 18:11:36.055,0.92484,0.92512,2.25,2.25
2012.02.15 18:11:37.618,0.92478,0.92506,2.63,2.25
2012.02.15 18:11:38.063,0.92475,0.92505,2.25,2.25
2012.02.15 18:11:39.007,0.92477,0.92505,2.25,2.25
2012.02.15 18:11:39.646,0.92478,0.92506,2.25,2.25
2012.02.15 18:11:40.900,0.9248,0.9251,2.25,2.25
2012.02.15 18:11:41.355,0.92486,0.92514,2.25,2.25
2012.02.15 18:11:42.117,0.92485,0.92513,2.25,2.25
2012.02.15 18:11:43.185,0.9248,0.92508,2.25,2.25
2012.02.15 18:11:46.115,0.92483,0.92511,2.25,2.25
2012.02.15 18:11:52.003,0.92483,0.92513,2.25,2.25
2012.02.15 18:11:53.084,0.92488,0.92516,2.25,2.25
2012.02.15 18:11:55.830,0.92486,0.92516,2.25,2.25
2012.02.15 18:11:56.424,0.92488,0.92518,2.25,2.25
2012.02.15 18:11:56.950,0.92489,0.92519,2.25,2.25
2012.02.15 18:11:58.599,0.92488,0.92516,2.25,2.25
2012.02.15 18:11:59.357,0.92489,0.92517,2.25,2.25
2012.02.15 18:12:03.767,0.92493,0.92521,2.25,2.25
2012.02.15 18:12:04.688,0.9249,0.92518,2.25,2.25
2012.02.15 18:12:04.816,0.92488,0.92518,2.25,2.25
2012.02.15 18:12:06.505,0.92489,0.92519,2.25,2.25
2012.02.15 18:12:09.449,0.92492,0.9252,2.25,2.25
2012.02.15 18:12:09.868,0.92493,0.92523,2.25,2.25
2012.02.15 18:12:10.053,0.92495,0.92523,2.25,2.25
2012.02.15 18:12:14.554,0.92498,0.92526,2.25,2.85
2012.02.15 18:12:14.803,0.9249,0.92518,2.25,2.25
2012.02.15 18:12:18.874,0.92486,0.92516,2.25,2.25
2012.02.15 18:12:18.995,0.92484,0.92514,2.25,2.25
2012.02.15 18:12:20.063,0.92489,0.92519,2.25,2.25
2012.02.15 18:12:20.965,0.92489,0.92517,2.25,2.25
2012.02.15 18:12:21.576,0.9249,0.92518,2.25,2.25
2012.02.15 18:12:27.764,0.92497,0.92527,2.25,2.63
2012.02.15 18:12:27.895,0.92499,0.92527,2.25,2.63
2012.02.15 18:12:28.965,0.92499,0.92527,2.25,2.25
2012.02.15 18:12:30.256,0.92498,0.92528,2.25,2.25
2012.02.15 18:12:30.955,0.92494,0.92523,2.25,2.25
2012.02.15 18:12:31.493,0.92496,0.92525,2.25,2.25
2012.02.15 18:12:31.904,0.92495,0.92522,2.25,2.25
2012.02.15 18:12:32.084,0.92499,0.92527,2.25,2.63
2012.02.15 18:12:32.928,0.92495,0.92522,2.25,2.25
2012.02.15 18:12:34.244,0.92496,0.92525,2.25,2.25
2012.02.15 18:12:35.985,0.92494,0.92524,2.25,2.25
2012.02.15 18:12:37.746,0.92495,0.92525,2.25,2.25
2012.02.15 18:12:38.188,0.92495,0.92523,2.25,2.25
2012.02.15 18:12:39.077,0.92503,0.92533,2.25,2.25
2012.02.15 18:12:39.836,0.925,0.92527,2.25,2.25
2012.02.15 18:12:41.312,0.92501,0.92528,2.25,2.25
2012.02.15 18:12:41.964,0.92496,0.92524,2.25,2.25
2012.02.15 18:12:42.625,0.9249,0.9252,2.25,2.25
2012.02.15 18:12:45.778,0.92491,0.92521,2.25,2.25
2012.02.15 18:12:48.045,0.92498,0.92526,2.25,2.25
2012.02.15 18:12:48.539,0.92489,0.92517,2.63,2.25
2012.02.15 18:12:49.988,0.9249,0.9252,2.25,2.25
2012.02.15 18:12:51.883,0.92495,0.92524,2.25,2.25
2012.02.15 18:12:53.257,0.92494,0.92523,2.25,2.25
2012.02.15 18:12:54.242,0.92494,0.92523,2.85,2.25
2012.02.15 18:12:55.806,0.92499,0.92527,2.25,2.25
2012.02.15 18:13:03.604,0.92504,0.92532,2.25,2.25
2012.02.15 18:13:04.123,0.92499,0.92527,2.25,2.25
2012.02.15 18:13:07.552,0.92503,0.92533,2.25,3.60
2012.02.15 18:13:08.233,0.92503,0.92533,2.25,3.00
2012.02.15 18:13:08.554,0.92503,0.92533,2.25,2.85
2012.02.15 18:13:08.683,0.92498,0.92528,2.25,2.25
2012.02.15 18:13:16.566,0.92498,0.92528,2.25,2.85
2012.02.15 18:13:17.004,0.9249,0.92518,2.63,2.25
2012.02.15 18:13:17.647,0.9249,0.92518,2.25,2.25
2012.02.15 18:13:17.845,0.92494,0.92524,2.25,2.25
2012.02.15 18:13:18.348,0.92495,0.92525,2.25,2.25
2012.02.15 18:13:18.896,0.92494,0.92524,2.25,2.25
2012.02.15 18:13:19.805,0.92499,0.92529,2.25,3.00
2012.02.15 18:13:19.935,0.925,0.9253,2.25,2.25
2012.02.15 18:13:19.995,0.925,0.9253,2.25,2.85
2012.02.15 18:13:21.993,0.92499,0.92529,2.25,2.25
2012.02.15 18:13:23.221,0.92491,0.92518,2.25,2.25
2012.02.15 18:13:24.389,0.92495,0.92523,2.25,2.25
2012.02.15 18:13:26.182,0.92499,0.92529,2.25,2.25
2012.02.15 18:13:27.598,0.92503,0.92531,2.25,2.25
2012.02.15 18:13:28.245,0.92497,0.92527,2.25,2.85
2012.02.15 18:13:28.980,0.92498,0.92528,2.25,2.85
2012.02.15 18:13:30.187,0.92498,0.92528,2.25,2.25
2012.02.15 18:13:30.328,0.92503,0.92533,2.25,2.85
2012.02.15 18:13:31.596,0.92499,0.92527,2.25,2.25
2012.02.15 18:13:38.364,0.92503,0.92533,2.25,3.60
2012.02.15 18:13:38.924,0.925,0.92528,2.25,2.25
2012.02.15 18:13:39.668,0.92495,0.92523,2.25,2.25
2012.02.15 18:13:41.720,0.925,0.92528,2.25,2.25
2012.02.15 18:13:43.965,0.92499,0.92527,2.25,2.25
2012.02.15 18:13:46.294,0.92498,0.92526,2.25,2.25
2012.02.15 18:13:47.770,0.92504,0.92534,2.25,3.38
2012.02.15 18:13:47.898,0.92498,0.92528,2.25,2.25
2012.02.15 18:13:48.615,0.92499,0.92529,2.25,2.25
2012.02.15 18:13:49.273,0.9249,0.9252,2.63,2.25
2012.02.15 18:13:49.624,0.92485,0.92515,2.25,2.25
2012.02.15 18:13:51.093,0.92487,0.92517,2.25,2.25
2012.02.15 18:13:54.516,0.92489,0.92519,2.25,2.25
2012.02.15 18:13:54.875,0.92489,0.92517,2.25,2.25
2012.02.15 18:13:55.394,0.92488,0.92518,2.25,2.25
2012.02.15 18:13:56.660,0.92489,0.92519,2.25,2.25
2012.02.15 18:13:57.117,0.92489,0.92517,2.25,2.25
2012.02.15 18:13:58.287,0.92492,0.92522,2.25,2.25
2012.02.15 18:14:02.620,0.92492,0.9252,2.25,2.25
2012.02.15 18:14:03.316,0.92497,0.92525,2.25,2.25
2012.02.15 18:14:04.845,0.92495,0.92525,2.25,2.25
2012.02.15 18:14:05.266,0.92505,0.92533,2.25,2.63
2012.02.15 18:14:05.785,0.92498,0.92528,2.25,2.25
2012.02.15 18:14:05.855,0.9249,0.9252,2.63,2.25
2012.02.15 18:14:06.622,0.92489,0.92519,2.63,2.25
2012.02.15 18:14:06.827,0.92492,0.92522,2.25,2.25
2012.02.15 18:14:07.373,0.9249,0.92519,2.25,2.25
2012.02.15 18:14:08.365,0.92487,0.92517,2.25,2.25
2012.02.15 18:14:09.187,0.92493,0.92523,2.25,2.25
2012.02.15 18:14:10.385,0.92489,0.92519,2.25,2.25
2012.02.15 18:14:11.908,0.92484,0.92514,2.25,2.25
2012.02.15 18:14:14.056,0.92481,0.92508,2.25,2.25
2012.02.15 18:14:14.447,0.92485,0.92512,2.25,2.25
2012.02.15 18:14:14.514,0.92488,0.92518,2.25,2.25
2012.02.15 18:14:17.703,0.9249,0.92518,2.25,2.25
2012.02.15 18:14:18.055,0.9249,0.92518,2.25,2.85
2012.02.15 18:14:18.649,0.9248,0.9251,2.63,2.25
2012.02.15 18:14:18.722,0.9248,0.9251,2.25,2.25
2012.02.15 18:14:19.276,0.92488,0.92516,2.25,2.63
2012.02.15 18:14:19.577,0.9249,0.9252,2.25,2.63
2012.02.15 18:14:19.647,0.9249,0.9252,2.25,2.25
2012.02.15 18:14:20.082,0.92483,0.92514,2.63,2.25
2012.02.15 18:14:21.372,0.92483,0.92514,2.25,2.25
2012.02.15 18:14:22.445,0.92493,0.92523,2.25,2.63
2012.02.15 18:14:23.493,0.92493,0.92523,2.25,2.25
2012.02.15 18:14:23.613,0.92498,0.92527,2.25,2.25
2012.02.15 18:14:24.276,0.92494,0.92522,2.25,2.25
2012.02.15 18:14:25.150,0.92499,0.92526,2.25,2.25
2012.02.15 18:14:25.547,0.92499,0.92528,2.25,2.25
2012.02.15 18:14:25.718,0.92499,0.92528,2.25,3.00
2012.02.15 18:14:25.853,0.92489,0.92519,2.63,2.25
2012.02.15 18:14:26.504,0.92484,0.92513,2.85,2.25
2012.02.15 18:14:26.563,0.92484,0.92513,2.25,2.25
2012.02.15 18:14:27.125,0.92484,0.92515,2.25,2.25
2012.02.15 18:14:27.963,0.92484,0.92514,2.25,2.25
2012.02.15 18:14:31.357,0.92483,0.92511,2.25,2.25
2012.02.15 18:14:32.335,0.92488,0.92516,2.25,2.25
2012.02.15 18:14:32.517,0.92492,0.92521,2.25,2.25
2012.02.15 18:14:38.128,0.92482,0.92512,2.63,2.25
2012.02.15 18:14:38.616,0.92489,0.92517,2.25,2.25
2012.02.15 18:14:38.887,0.92485,0.92514,2.25,2.25
2012.02.15 18:14:41.568,0.92484,0.92511,2.25,2.25
2012.02.15 18:14:41.695,0.92482,0.92511,2.25,2.25
2012.02.15 18:14:41.796,0.92478,0.92507,2.25,2.25
2012.02.15 18:14:45.171,0.92482,0.92512,2.25,2.25
2012.02.15 18:14:45.292,0.92481,0.92509,2.25,2.25
2012.02.15 18:14:46.507,0.92482,0.92512,2.25,2.25
2012.02.15 18:14:47.180,0.92479,0.92509,2.25,2.25
2012.02.15 18:14:48.504,0.92475,0.92507,2.63,2.25
2012.02.15 18:14:48.699,0.92478,0.92508,2.25,2.25
2012.02.15 18:14:49.193,0.9248,0.9251,2.25,2.25
2012.02.15 18:14:57.512,0.92481,0.92509,2.25,2.25
2012.02.15 18:15:02.368,0.92471,0.92501,2.63,2.25
2012.02.15 18:15:02.879,0.92471,0.92501,2.25,2.25
2012.02.15 18:15:02.947,0.92467,0.92495,2.25,2.25
2012.02.15 18:15:04.003,0.92472,0.925,2.25,2.25
2012.02.15 18:15:04.225,0.92466,0.92496,2.25,2.25
2012.02.15 18:15:05.967,0.92465,0.92493,2.25,2.25
2012.02.15 18:15:06.095,0.92463,0.92493,2.25,2.25
2012.02.15 18:15:08.052,0.92465,0.92493,2.25,2.25
2012.02.15 18:15:08.317,0.92469,0.92499,2.25,2.25
2012.02.15 18:15:08.839,0.9247,0.925,2.25,2.25
2012.02.15 18:15:14.363,0.92468,0.92496,2.25,2.25
2012.02.15 18:15:26.565,0.92464,0.92494,2.25,2.25
2012.02.15 18:15:29.469,0.92467,0.92497,2.25,2.25
2012.02.15 18:15:30.052,0.9247,0.925,2.25,2.25
2012.02.15 18:15:30.412,0.9247,0.92498,2.25,2.25
2012.02.15 18:15:30.815,0.9247,0.925,2.25,2.25
2012.02.15 18:15:32.297,0.92467,0.92497,2.25,2.25
2012.02.15 18:15:32.598,0.92461,0.92491,2.63,2.25
2012.02.15 18:15:32.965,0.92461,0.92491,2.25,2.25
2012.02.15 18:15:34.085,0.92475,0.92505,2.25,2.25
2012.02.15 18:15:34.557,0.92477,0.92507,2.25,2.25
2012.02.15 18:15:34.888,0.92476,0.92504,2.25,2.25
2012.02.15 18:15:35.918,0.92477,0.92505,2.25,2.25
2012.02.15 18:15:36.103,0.92471,0.92501,2.25,2.25
2012.02.15 18:15:37.874,0.92467,0.92497,2.25,2.25
2012.02.15 18:15:40.171,0.92465,0.92494,2.25,2.25
2012.02.15 18:15:40.950,0.92468,0.92498,2.25,2.25
2012.02.15 18:15:44.273,0.92473,0.92501,2.25,2.25
2012.02.15 18:15:58.647,0.92481,0.92509,2.25,2.63
2012.02.15 18:15:58.776,0.92483,0.92511,2.25,2.25
2012.02.15 18:15:58.847,0.92485,0.92516,2.25,2.25
2012.02.15 18:16:00.891,0.92485,0.92516,2.25,2.85
2012.02.15 18:16:01.120,0.92485,0.92516,2.25,2.85
2012.02.15 18:16:01.193,0.92481,0.92511,2.25,2.85
2012.02.15 18:16:01.317,0.92474,0.92502,2.25,2.25
2012.02.15 18:16:01.813,0.92487,0.92514,2.25,2.85
2012.02.15 18:16:01.890,0.92487,0.92514,2.25,2.25
2012.02.15 18:16:02.026,0.92485,0.92513,2.25,2.25
2012.02.15 18:16:02.275,0.92483,0.9251,2.25,2.25
2012.02.15 18:16:04.804,0.92482,0.92509,2.25,2.25
2012.02.15 18:16:05.218,0.9248,0.92509,2.25,2.25
2012.02.15 18:16:05.543,0.92476,0.92506,2.25,2.25
2012.02.15 18:16:06.114,0.92482,0.92509,2.25,2.25
2012.02.15 18:16:07.577,0.92482,0.92511,2.25,2.25
2012.02.15 18:16:09.542,0.92477,0.92507,2.25,2.25
2012.02.15 18:16:10.974,0.9247,0.925,2.63,2.25
2012.02.15 18:16:12.116,0.9247,0.925,2.25,2.25
2012.02.15 18:16:15.876,0.92469,0.92499,2.25,2.25
2012.02.15 18:16:18.636,0.92471,0.92499,2.25,2.25
2012.02.15 18:16:39.207,0.92472,0.92502,2.25,2.25
2012.02.15 18:16:39.338,0.92468,0.92498,2.25,2.25
2012.02.15 18:16:41.291,0.92466,0.92495,2.25,2.25
2012.02.15 18:16:44.664,0.92466,0.92495,2.25,2.85
2012.02.15 18:16:44.723,0.92462,0.92489,2.25,2.25
2012.02.15 18:16:46.697,0.92466,0.92495,2.25,2.85
2012.02.15 18:16:46.832,0.92466,0.92495,2.25,2.25
2012.02.15 18:16:46.894,0.92466,0.92493,2.25,2.25
2012.02.15 18:16:48.628,0.92467,0.92494,2.25,2.25
2012.02.15 18:16:58.074,0.92467,0.92494,2.25,2.85
2012.02.15 18:16:58.253,0.92462,0.9249,2.25,2.25
2012.02.15 18:16:58.342,0.92463,0.92493,2.25,2.85
2012.02.15 18:16:59.297,0.92462,0.9249,2.25,2.25
2012.02.15 18:17:12.608,0.92462,0.92489,2.25,2.25
2012.02.15 18:17:16.954,0.92457,0.92485,2.25,2.25
2012.02.15 18:17:28.704,0.92461,0.9249,2.25,2.25
2012.02.15 18:17:32.682,0.92457,0.92485,2.25,2.25
2012.02.15 18:17:33.014,0.92452,0.9248,2.63,2.25
2012.02.15 18:17:33.210,0.9246,0.92488,2.25,2.85
2012.02.15 18:17:33.274,0.92458,0.92486,2.25,2.25
2012.02.15 18:17:33.652,0.92456,0.92484,2.25,2.25
2012.02.15 18:17:34.480,0.92456,0.92484,3.38,2.25
2012.02.15 18:17:34.607,0.92464,0.92493,2.25,2.25
2012.02.15 18:17:35.225,0.92461,0.9249,2.25,2.25
2012.02.15 18:17:38.240,0.92461,0.92491,2.25,2.25
2012.02.15 18:17:40.349,0.92467,0.92496,2.25,2.85
2012.02.15 18:17:41.182,0.9246,0.92488,2.25,2.25
2012.02.15 18:17:42.751,0.92469,0.92497,2.25,2.63
2012.02.15 18:17:45.215,0.92473,0.92503,2.25,2.25
2012.02.15 18:17:45.824,0.92468,0.92498,2.25,2.25
2012.02.15 18:17:47.159,0.92478,0.92506,2.25,2.25
2012.02.15 18:18:01.636,0.92478,0.92506,2.25,2.85
2012.02.15 18:18:02.057,0.9247,0.92498,2.63,2.25
2012.02.15 18:18:04.778,0.9247,0.92498,2.25,2.25
2012.02.15 18:18:05.323,0.92467,0.92497,2.85,2.25
2012.02.15 18:18:07.386,0.92473,0.92501,2.25,2.25
2012.02.15 18:18:07.905,0.92468,0.92496,2.25,2.25
2012.02.15 18:18:13.795,0.92466,0.92494,2.25,2.25
2012.02.15 18:18:27.501,0.92465,0.92493,2.25,2.25
2012.02.15 18:18:28.742,0.92464,0.92492,2.25,2.25
2012.02.15 18:18:29.351,0.92465,0.92493,2.25,2.25
2012.02.15 18:18:39.914,0.92462,0.92492,2.25,2.25
2012.02.15 18:18:40.176,0.92459,0.92489,2.63,2.25
2012.02.15 18:18:41.919,0.92458,0.92486,2.63,2.85
2012.02.15 18:18:41.993,0.92458,0.92486,2.63,2.25
2012.02.15 18:18:42.128,0.92458,0.92486,2.25,2.25
2012.02.15 18:18:42.342,0.92447,0.92477,2.63,2.25
2012.02.15 18:18:43.185,0.92448,0.92478,2.25,2.25
2012.02.15 18:18:43.256,0.9245,0.9248,2.25,2.25
2012.02.15 18:18:43.694,0.92456,0.92486,2.25,2.25
2012.02.15 18:18:46.180,0.92457,0.92487,2.25,2.25
2012.02.15 18:18:46.511,0.92453,0.92481,2.25,2.25
2012.02.15 18:18:48.117,0.92454,0.92484,2.25,2.25
2012.02.15 18:18:49.111,0.92455,0.92485,2.25,2.25
2012.02.15 18:18:50.274,0.92451,0.9248,2.25,2.25
2012.02.15 18:18:51.786,0.92447,0.92475,2.25,2.25
2012.02.15 18:18:58.104,0.92451,0.9248,2.25,2.25
2012.02.15 18:18:59.426,0.92453,0.9248,2.25,2.25
2012.02.15 18:18:59.710,0.92455,0.92484,2.25,2.25
2012.02.15 18:19:00.036,0.92451,0.92479,2.25,2.25
2012.02.15 18:19:01.404,0.92455,0.92483,2.25,2.25
2012.02.15 18:19:02.017,0.92456,0.92484,2.25,2.25
2012.02.15 18:19:02.945,0.92454,0.92484,2.25,2.25
2012.02.15 18:19:03.608,0.92449,0.92477,2.25,2.25
2012.02.15 18:19:06.556,0.92454,0.92481,2.25,2.25
2012.02.15 18:19:10.818,0.92454,0.92483,2.25,2.25
2012.02.15 18:19:10.945,0.92457,0.92484,2.25,2.25
2012.02.15 18:19:11.945,0.92452,0.9248,2.25,2.25
2012.02.15 18:19:12.266,0.9245,0.9248,2.25,2.25
2012.02.15 18:19:12.334,0.92456,0.92483,2.25,2.25
2012.02.15 18:19:12.478,0.92456,0.92485,2.25,2.25
2012.02.15 18:19:13.226,0.92455,0.92484,2.25,2.25
2012.02.15 18:19:16.301,0.92456,0.92485,2.25,2.25
2012.02.15 18:19:16.370,0.92451,0.92481,2.25,2.25
2012.02.15 18:19:26.419,0.9245,0.92478,2.25,2.25
2012.02.15 18:19:28.219,0.92453,0.9248,2.25,2.25
2012.02.15 18:19:29.626,0.92452,0.92482,2.25,2.63
2012.02.15 18:19:30.943,0.92448,0.92477,2.25,2.25
2012.02.15 18:19:31.964,0.92453,0.92483,2.25,2.25
2012.02.15 18:19:32.153,0.92453,0.92481,2.25,2.25
2012.02.15 18:19:32.273,0.92449,0.92478,2.25,2.25
2012.02.15 18:19:33.775,0.92449,0.92477,2.25,2.25
2012.02.15 18:19:34.106,0.92444,0.92472,2.25,2.25
2012.02.15 18:19:34.877,0.92449,0.92477,2.25,2.25
2012.02.15 18:19:35.224,0.92452,0.92482,2.25,2.25
2012.02.15 18:19:35.419,0.92449,0.92477,2.25,2.25
2012.02.15 18:19:36.226,0.92453,0.92483,2.25,2.25
2012.02.15 18:19:36.359,0.92455,0.92485,2.25,2.63
2012.02.15 18:19:36.870,0.92461,0.92489,2.25,2.63
2012.02.15 18:19:36.935,0.92461,0.92489,2.25,2.25
2012.02.15 18:19:37.089,0.92461,0.92491,2.25,2.25
2012.02.15 18:19:37.917,0.92459,0.92487,2.25,2.25
2012.02.15 18:19:39.019,0.92458,0.92486,2.25,2.25
2012.02.15 18:19:39.575,0.92467,0.92497,2.25,3.23
2012.02.15 18:19:39.729,0.92462,0.9249,2.25,2.25
2012.02.15 18:19:49.924,0.92457,0.92485,2.25,2.25
2012.02.15 18:19:52.719,0.92461,0.92489,2.25,2.25
2012.02.15 18:19:53.230,0.92463,0.92493,2.25,2.25
2012.02.15 18:19:55.820,0.92459,0.92489,2.25,2.25
2012.02.15 18:19:57.595,0.9246,0.9249,2.25,2.25
2012.02.15 18:20:00.496,0.92462,0.9249,2.25,2.25
2012.02.15 18:20:08.945,0.92464,0.92492,2.25,2.25
2012.02.15 18:20:09.021,0.92465,0.92495,2.25,2.25
2012.02.15 18:20:11.978,0.92468,0.92496,2.25,2.25
2012.02.15 18:20:12.044,0.92468,0.92498,2.25,2.85
2012.02.15 18:20:13.416,0.92469,0.92498,2.25,2.25
2012.02.15 18:20:16.685,0.92465,0.92495,2.63,2.25
2012.02.15 18:20:17.253,0.92467,0.92495,2.25,2.25
2012.02.15 18:20:19.783,0.92472,0.92499,2.25,2.25
2012.02.15 18:20:20.264,0.92467,0.92495,2.25,2.25
2012.02.15 18:20:21.395,0.92467,0.92497,2.25,2.25
2012.02.15 18:20:22.324,0.92473,0.925,2.25,2.25
2012.02.15 18:20:24.478,0.92467,0.92497,2.25,2.25
2012.02.15 18:20:30.089,0.9247,0.92498,2.25,2.25
2012.02.15 18:20:30.208,0.9247,0.925,2.25,2.25
2012.02.15 18:20:35.615,0.92461,0.9249,2.85,2.25
2012.02.15 18:20:35.803,0.92465,0.92495,2.25,2.25
2012.02.15 18:20:37.685,0.92469,0.92498,2.25,2.25
2012.02.15 18:20:38.227,0.92469,0.92497,2.25,2.25
2012.02.15 18:20:47.364,0.92474,0.92502,2.25,2.63
2012.02.15 18:20:48.657,0.92469,0.92497,2.25,2.25
2012.02.15 18:20:50.675,0.92472,0.925,2.25,2.25
2012.02.15 18:20:51.544,0.92471,0.92499,2.25,2.25
2012.02.15 18:20:51.974,0.92467,0.92497,2.25,2.25
2012.02.15 18:20:52.114,0.92469,0.92497,2.25,2.25
2012.02.15 18:20:54.520,0.9247,0.92498,2.25,2.25
2012.02.15 18:21:00.315,0.92464,0.92494,2.25,2.25
2012.02.15 18:21:01.086,0.9247,0.92498,2.25,2.25
2012.02.15 18:21:02.360,0.92469,0.92497,2.25,2.25
2012.02.15 18:21:05.424,0.92469,0.92499,2.25,2.25
2012.02.15 18:21:05.597,0.92463,0.92493,2.25,2.25
2012.02.15 18:21:05.927,0.9247,0.92498,2.25,2.25
2012.02.15 18:21:06.053,0.92468,0.92498,2.25,2.25
2012.02.15 18:21:08.787,0.92469,0.92499,2.25,2.25
2012.02.15 18:21:09.373,0.92468,0.92498,2.25,2.25
2012.02.15 18:21:10.574,0.92468,0.92496,2.25,2.25
2012.02.15 18:21:10.697,0.92463,0.92493,2.25,2.25
2012.02.15 18:21:13.018,0.92468,0.92496,2.25,2.25
2012.02.15 18:21:13.726,0.92462,0.92492,2.25,2.25
2012.02.15 18:21:13.916,0.92465,0.92495,2.25,2.25
2012.02.15 18:21:15.388,0.92467,0.92495,2.25,2.25
2012.02.15 18:21:17.747,0.92461,0.92491,2.25,2.25
2012.02.15 18:21:22.982,0.92462,0.92492,2.25,2.25
2012.02.15 18:21:25.799,0.92462,0.9249,2.25,2.25
2012.02.15 18:21:28.424,0.92464,0.92492,2.25,2.25
2012.02.15 18:21:29.963,0.92459,0.92488,2.25,2.25
2012.02.15 18:21:32.415,0.92462,0.92489,2.85,2.25
2012.02.15 18:21:32.600,0.92468,0.92497,2.25,2.25
2012.02.15 18:21:33.957,0.92469,0.92498,2.25,2.25
2012.02.15 18:21:36.274,0.92474,0.92503,2.25,2.85
2012.02.15 18:21:36.656,0.92474,0.92504,2.25,2.85
2012.02.15 18:21:36.716,0.92474,0.92502,2.25,2.25
2012.02.15 18:21:37.558,0.92471,0.92501,2.25,2.25
2012.02.15 18:21:38.064,0.92473,0.92503,2.25,2.25
2012.02.15 18:21:41.634,0.92469,0.92498,2.25,2.25
2012.02.15 18:21:42.865,0.92474,0.92502,2.25,2.25
2012.02.15 18:21:56.072,0.9247,0.92497,2.25,2.25
2012.02.15 18:21:57.958,0.92464,0.92491,2.25,2.25
2012.02.15 18:21:58.038,0.92465,0.92495,2.25,2.25
2012.02.15 18:21:59.364,0.92471,0.92498,2.25,2.25
2012.02.15 18:22:10.355,0.92461,0.9249,2.25,2.25
2012.02.15 18:22:10.774,0.92461,0.9249,4.35,2.25
2012.02.15 18:22:11.007,0.92465,0.92495,2.85,2.25
2012.02.15 18:22:11.945,0.92465,0.92495,2.25,2.25
2012.02.15 18:22:12.341,0.92469,0.92497,2.25,2.25
2012.02.15 18:22:13.989,0.9247,0.925,2.25,2.25
2012.02.15 18:22:14.204,0.92468,0.92498,2.25,2.25
2012.02.15 18:22:14.508,0.92474,0.92502,2.25,2.25
2012.02.15 18:22:15.259,0.92475,0.92503,2.25,2.25
2012.02.15 18:22:16.174,0.92476,0.92504,2.25,2.25
2012.02.15 18:22:16.975,0.92472,0.92499,2.25,2.25
2012.02.15 18:22:18.376,0.92475,0.92502,2.25,2.85
2012.02.15 18:22:19.156,0.9247,0.92497,2.25,2.25
2012.02.15 18:22:21.506,0.92469,0.92496,2.25,2.25
2012.02.15 18:22:21.625,0.92473,0.92501,2.25,2.25
2012.02.15 18:22:21.694,0.92471,0.92501,2.25,2.25
2012.02.15 18:22:22.811,0.92472,0.92502,2.25,2.25
2012.02.15 18:22:22.877,0.92477,0.92506,2.25,2.25
2012.02.15 18:22:29.796,0.92473,0.92501,2.25,2.25
2012.02.15 18:22:31.586,0.92473,0.92503,2.25,2.25
2012.02.15 18:22:31.687,0.92473,0.92501,2.25,2.25
2012.02.15 18:22:50.511,0.92472,0.925,2.25,2.25
2012.02.15 18:22:50.610,0.92468,0.92498,2.25,2.25
2012.02.15 18:22:55.768,0.92472,0.92502,2.25,2.25
2012.02.15 18:23:05.325,0.92474,0.92502,2.25,2.25
2012.02.15 18:23:05.997,0.92474,0.92504,2.25,2.63
2012.02.15 18:23:12.095,0.9248,0.92507,2.25,2.63
2012.02.15 18:23:12.154,0.9248,0.92507,2.25,2.25
2012.02.15 18:23:12.637,0.92478,0.92507,2.25,2.25
2012.02.15 18:23:12.764,0.92478,0.92505,2.25,2.25
2012.02.15 18:23:12.824,0.92478,0.92507,2.25,2.25
2012.02.15 18:23:13.368,0.92478,0.92505,2.25,2.25
2012.02.15 18:23:14.396,0.92477,0.92506,2.25,2.25
2012.02.15 18:23:26.127,0.92471,0.92498,3.00,2.25
2012.02.15 18:23:26.760,0.92472,0.925,2.25,2.25
2012.02.15 18:23:27.076,0.92472,0.92502,2.25,2.25
2012.02.15 18:23:27.142,0.92474,0.92502,2.25,2.25
2012.02.15 18:23:27.698,0.92475,0.92503,2.25,2.25
2012.02.15 18:23:28.555,0.92478,0.92506,2.25,2.25
2012.02.15 18:23:29.109,0.92472,0.92501,2.25,2.25
2012.02.15 18:23:35.586,0.92476,0.92505,2.25,2.25
2012.02.15 18:23:39.866,0.92481,0.92509,2.25,2.85
2012.02.15 18:23:40.916,0.92481,0.92509,2.25,2.85
2012.02.15 18:23:42.656,0.92481,0.92509,2.25,2.25
2012.02.15 18:23:43.214,0.92478,0.92506,2.25,2.25
2012.02.15 18:23:43.565,0.92481,0.92509,2.25,2.25
2012.02.15 18:23:59.104,0.92477,0.92507,2.25,2.25
2012.02.15 18:23:59.506,0.9248,0.9251,2.25,2.25
2012.02.15 18:24:00.324,0.92474,0.92504,2.63,2.25
2012.02.15 18:24:00.733,0.92476,0.92506,2.63,2.25
2012.02.15 18:24:01.727,0.92476,0.92506,2.25,2.25
2012.02.15 18:24:01.795,0.92478,0.92506,2.25,2.25
2012.02.15 18:24:01.974,0.92473,0.92504,2.25,2.25
2012.02.15 18:24:02.216,0.92471,0.92499,2.25,2.25
2012.02.15 18:24:02.375,0.92473,0.92504,2.25,2.25
2012.02.15 18:24:02.594,0.92474,0.92502,2.25,2.25
2012.02.15 18:24:07.368,0.92471,0.92499,2.25,2.25
2012.02.15 18:24:07.554,0.92472,0.92502,2.25,2.25
2012.02.15 18:24:09.490,0.92471,0.92499,2.25,2.25
2012.02.15 18:24:10.970,0.92474,0.92503,2.25,2.25
2012.02.15 18:24:15.786,0.92469,0.92502,2.25,2.25
2012.02.15 18:24:25.917,0.92472,0.92502,2.25,2.25
2012.02.15 18:24:26.045,0.92472,0.92504,2.25,2.25
2012.02.15 18:24:26.553,0.92474,0.92504,2.25,2.25
2012.02.15 18:24:27.810,0.92469,0.92501,2.63,2.25
2012.02.15 18:24:28.534,0.92466,0.92498,3.00,2.25
2012.02.15 18:24:28.672,0.92466,0.92498,2.63,2.25
2012.02.15 18:24:29.506,0.92471,0.92501,2.25,2.25
2012.02.15 18:24:29.571,0.92475,0.92507,2.25,2.25
2012.02.15 18:24:30.083,0.92476,0.92508,2.25,2.25
2012.02.15 18:24:30.398,0.92471,0.92503,2.25,2.25
2012.02.15 18:24:31.617,0.92471,0.92501,2.63,2.25
2012.02.15 18:24:32.621,0.92471,0.92503,2.25,2.25
2012.02.15 18:24:38.007,0.9247,0.92502,2.63,2.25
2012.02.15 18:24:39.736,0.92468,0.92498,2.63,2.25
2012.02.15 18:24:40.310,0.92463,0.92495,3.00,2.25
2012.02.15 18:24:40.588,0.92463,0.92495,2.63,2.25
2012.02.15 18:24:41.507,0.92465,0.92494,2.25,2.25
2012.02.15 18:24:43.715,0.92466,0.92495,2.25,2.25
2012.02.15 18:24:50.042,0.92468,0.92498,2.25,2.25
2012.02.15 18:24:54.067,0.92464,0.92493,2.25,2.25
2012.02.15 18:24:58.525,0.92462,0.92491,2.25,2.25
2012.02.15 18:25:07.220,0.92463,0.92492,2.25,2.25
2012.02.15 18:25:11.506,0.92477,0.92506,2.25,3.00
2012.02.15 18:25:12.658,0.92473,0.92501,2.25,2.63
2012.02.15 18:25:12.728,0.92467,0.92497,2.25,2.25
2012.02.15 18:25:17.555,0.92466,0.92496,2.25,2.25
2012.02.15 18:25:28.536,0.92465,0.92495,2.25,2.25
2012.02.15 18:25:31.285,0.92467,0.92494,2.25,2.25
2012.02.15 18:25:31.838,0.92468,0.92495,2.25,2.25
2012.02.15 18:25:32.433,0.92462,0.92492,2.25,2.25
2012.02.15 18:25:33.644,0.92464,0.92492,2.25,2.25
2012.02.15 18:25:33.770,0.92466,0.92496,2.25,2.63
2012.02.15 18:25:33.895,0.9247,0.92498,2.25,2.63
2012.02.15 18:25:35.276,0.9247,0.92498,2.25,2.25
2012.02.15 18:25:37.245,0.92468,0.92498,2.25,2.25
2012.02.15 18:25:37.365,0.92466,0.92496,2.25,2.25
2012.02.15 18:25:42.635,0.92469,0.92499,2.25,2.63
2012.02.15 18:25:43.582,0.9247,0.925,2.25,2.25
2012.02.15 18:25:45.495,0.9247,0.92498,2.25,2.25
2012.02.15 18:25:46.437,0.92464,0.92495,2.25,2.25
2012.02.15 18:25:47.235,0.92467,0.92495,2.25,2.25
2012.02.15 18:25:50.982,0.92466,0.92494,2.25,2.25
2012.02.15 18:25:52.611,0.92464,0.92493,2.25,2.25
2012.02.15 18:25:52.674,0.92464,0.92495,2.25,2.25
2012.02.15 18:25:56.530,0.92465,0.92494,2.25,2.25
2012.02.15 18:26:00.176,0.92464,0.92495,2.25,2.25
2012.02.15 18:26:00.897,0.92463,0.92494,2.25,2.25
2012.02.15 18:26:00.987,0.92468,0.92499,2.25,2.63
2012.02.15 18:26:04.505,0.92472,0.92504,2.25,2.25
2012.02.15 18:26:08.501,0.92465,0.92495,2.63,2.25
2012.02.15 18:26:09.781,0.92465,0.92495,2.25,2.25
2012.02.15 18:26:10.598,0.92466,0.92496,2.25,2.25
2012.02.15 18:26:10.950,0.92463,0.92491,2.25,2.25
2012.02.15 18:26:11.273,0.92461,0.92489,2.25,2.25
2012.02.15 18:26:11.933,0.92462,0.9249,2.25,2.25
2012.02.15 18:26:14.324,0.92463,0.92493,2.25,2.85
2012.02.15 18:26:16.735,0.92468,0.92496,2.25,2.25
2012.02.15 18:26:20.216,0.92468,0.92496,2.25,2.63
2012.02.15 18:26:20.274,0.92466,0.92496,2.25,2.63
2012.02.15 18:26:21.731,0.92466,0.92496,2.25,2.25
2012.02.15 18:26:22.000,0.92462,0.9249,2.25,2.25
2012.02.15 18:26:29.060,0.92466,0.92494,2.25,2.25
2012.02.15 18:26:29.797,0.92468,0.92495,2.25,2.25
2012.02.15 18:26:30.847,0.92465,0.92492,2.25,2.25
2012.02.15 18:26:30.917,0.92465,0.92494,2.25,2.25
2012.02.15 18:26:31.777,0.92466,0.92493,2.25,2.25
2012.02.15 18:26:31.850,0.92468,0.92498,2.25,2.63
2012.02.15 18:26:34.321,0.92465,0.92494,2.25,2.25
2012.02.15 18:26:38.723,0.92462,0.92491,2.25,2.25
2012.02.15 18:26:39.076,0.92459,0.92486,2.25,2.25
2012.02.15 18:26:39.283,0.92449,0.92478,2.25,2.25
2012.02.15 18:26:39.810,0.92453,0.92481,2.25,2.25
2012.02.15 18:26:40.550,0.92452,0.92482,2.25,2.25
2012.02.15 18:26:48.068,0.92448,0.92477,2.25,2.25
2012.02.15 18:26:49.876,0.92449,0.92478,2.25,2.25
2012.02.15 18:26:50.477,0.92452,0.92479,2.25,2.25
2012.02.15 18:26:50.657,0.92457,0.92486,2.25,2.25
2012.02.15 18:26:51.358,0.92458,0.92487,2.25,2.25
2012.02.15 18:27:00.711,0.92458,0.92485,2.25,2.25
2012.02.15 18:27:01.016,0.9245,0.92477,2.63,2.25
2012.02.15 18:27:01.176,0.92452,0.92482,2.63,2.25
2012.02.15 18:27:02.393,0.92452,0.92482,2.25,2.25
2012.02.15 18:27:02.492,0.92448,0.92478,2.25,2.25
2012.02.15 18:27:02.805,0.9245,0.92478,2.25,2.25
2012.02.15 18:27:02.930,0.92452,0.92482,2.25,2.25
2012.02.15 18:27:03.536,0.92453,0.92483,2.25,2.25
2012.02.15 18:27:04.057,0.92457,0.92485,2.25,2.25
2012.02.15 18:27:04.637,0.9246,0.92489,2.25,2.85
2012.02.15 18:27:07.663,0.92461,0.9249,2.25,2.85
2012.02.15 18:27:07.724,0.92461,0.9249,2.25,2.25
2012.02.15 18:27:08.387,0.9246,0.92489,2.25,2.25
2012.02.15 18:27:08.574,0.92465,0.92493,2.25,2.25
2012.02.15 18:27:11.627,0.92466,0.92494,2.25,2.25
2012.02.15 18:27:12.168,0.92464,0.92494,2.25,2.25
2012.02.15 18:27:13.478,0.92466,0.92494,2.25,2.25
2012.02.15 18:27:13.823,0.92464,0.92494,2.25,2.25
2012.02.15 18:27:16.486,0.92465,0.92493,2.25,2.25
2012.02.15 18:27:16.580,0.92461,0.92488,2.25,2.25
2012.02.15 18:27:23.376,0.92465,0.92493,2.25,2.25
2012.02.15 18:27:23.869,0.92472,0.92502,2.25,2.63
2012.02.15 18:27:24.073,0.92466,0.92494,2.25,2.25
2012.02.15 18:27:24.139,0.92466,0.92494,2.25,2.85
2012.02.15 18:27:24.213,0.92463,0.92493,2.25,2.85
2012.02.15 18:27:24.426,0.92459,0.92487,2.25,2.25
2012.02.15 18:27:24.900,0.92461,0.92491,2.25,2.25
2012.02.15 18:27:28.116,0.92464,0.92494,2.25,2.63
2012.02.15 18:27:28.807,0.92466,0.92494,2.25,2.63
2012.02.15 18:27:32.056,0.92461,0.9249,2.25,2.25
2012.02.15 18:27:33.955,0.92468,0.92497,2.25,2.25
2012.02.15 18:27:34.268,0.9247,0.92497,2.25,2.25
2012.02.15 18:27:36.766,0.9247,0.92497,2.25,2.85
2012.02.15 18:27:36.825,0.92465,0.92492,2.25,2.25
2012.02.15 18:27:37.134,0.9247,0.92498,2.25,2.25
2012.02.15 18:27:44.402,0.9248,0.92507,2.25,3.23
2012.02.15 18:27:44.982,0.92479,0.92506,2.25,2.63
2012.02.15 18:27:48.515,0.92479,0.92506,2.25,2.25
2012.02.15 18:27:48.575,0.92472,0.925,2.25,2.25
2012.02.15 18:27:49.530,0.9247,0.925,2.25,2.25
2012.02.15 18:27:55.067,0.92467,0.92497,2.25,2.25
2012.02.15 18:27:57.046,0.92467,0.92498,2.25,2.25
2012.02.15 18:27:57.909,0.92462,0.92493,2.25,2.25
2012.02.15 18:27:58.915,0.92463,0.92491,2.25,2.25
2012.02.15 18:27:59.865,0.92468,0.92496,2.25,2.25
2012.02.15 18:28:08.825,0.92471,0.92499,2.25,2.25
2012.02.15 18:28:09.007,0.92466,0.92496,2.25,2.25
2012.02.15 18:28:09.900,0.92467,0.92497,2.25,2.25
2012.02.15 18:28:18.439,0.92473,0.92501,2.25,2.85
2012.02.15 18:28:26.796,0.92467,0.92497,2.25,2.25
2012.02.15 18:28:27.653,0.92468,0.92498,2.25,2.25
2012.02.15 18:28:27.720,0.92472,0.925,2.25,2.25
2012.02.15 18:28:28.335,0.92471,0.92499,2.25,2.25
2012.02.15 18:28:28.395,0.92471,0.92501,2.25,2.25
2012.02.15 18:28:28.555,0.92473,0.92501,2.25,2.25
2012.02.15 18:28:30.083,0.92474,0.92502,2.25,2.25
2012.02.15 18:28:31.325,0.92478,0.92508,2.25,2.85
2012.02.15 18:28:33.835,0.92484,0.92514,2.25,3.23
2012.02.15 18:28:34.602,0.92483,0.92513,2.25,2.63
2012.02.15 18:28:35.779,0.92484,0.92514,2.25,3.23
2012.02.15 18:28:36.327,0.92484,0.92514,2.25,2.85
2012.02.15 18:28:36.875,0.92486,0.92514,2.25,2.85
2012.02.15 18:28:39.940,0.92486,0.92514,2.25,2.85
2012.02.15 18:28:40.127,0.92477,0.92505,2.25,2.25
2012.02.15 18:28:43.178,0.92477,0.92507,2.25,2.25
2012.02.15 18:28:44.402,0.92478,0.92508,2.25,2.85
2012.02.15 18:28:52.325,0.92481,0.92511,2.25,2.25
2012.02.15 18:28:52.750,0.92484,0.92512,2.25,2.25
2012.02.15 18:28:57.665,0.92487,0.92515,2.25,2.85
2012.02.15 18:28:58.179,0.92488,0.92518,2.25,3.23
2012.02.15 18:28:58.249,0.92488,0.92518,2.25,2.63
2012.02.15 18:28:58.851,0.92489,0.92517,2.25,2.25
2012.02.15 18:29:00.368,0.92485,0.92515,2.25,2.25
2012.02.15 18:29:02.195,0.92487,0.92517,2.25,2.25
2012.02.15 18:29:05.028,0.92489,0.92517,2.25,2.25
2012.02.15 18:29:10.401,0.92487,0.92515,2.25,2.25
2012.02.15 18:29:10.813,0.92489,0.92517,2.25,2.25
2012.02.15 18:29:15.816,0.92494,0.92521,2.25,2.25
2012.02.15 18:29:16.024,0.92489,0.92517,2.25,2.25
2012.02.15 18:29:16.356,0.92498,0.92526,2.25,2.63
2012.02.15 18:29:16.561,0.92489,0.92517,2.25,2.25
2012.02.15 18:29:18.867,0.92488,0.92516,2.25,2.25
2012.02.15 18:29:19.308,0.92483,0.92514,2.25,2.25
2012.02.15 18:29:20.061,0.92484,0.92514,2.25,2.25
2012.02.15 18:29:22.634,0.92485,0.92515,2.25,2.25
2012.02.15 18:29:29.318,0.92486,0.92516,2.25,2.25
2012.02.15 18:29:29.696,0.92488,0.92516,2.25,2.25
2012.02.15 18:29:30.528,0.92489,0.92517,2.25,2.25
2012.02.15 18:29:30.858,0.92487,0.92517,2.25,2.25
2012.02.15 18:29:37.857,0.92488,0.92516,2.25,2.25
2012.02.15 18:29:40.982,0.92489,0.92517,2.25,2.25
2012.02.15 18:29:41.057,0.92489,0.92519,2.25,2.25
2012.02.15 18:29:45.856,0.92488,0.92518,2.25,2.25
2012.02.15 18:29:46.048,0.92485,0.92515,2.25,2.25
2012.02.15 18:29:47.090,0.92481,0.92511,2.63,2.25
2012.02.15 18:29:47.164,0.92491,0.92522,2.25,2.25
2012.02.15 18:29:48.440,0.92491,0.92522,2.63,2.25
2012.02.15 18:29:48.769,0.92489,0.92517,2.63,2.25
2012.02.15 18:29:49.374,0.92491,0.92521,2.63,2.25
2012.02.15 18:29:50.185,0.92492,0.92521,2.25,2.25
2012.02.15 18:29:50.425,0.92494,0.92524,2.25,2.25
2012.02.15 18:29:50.795,0.92499,0.92528,2.25,1.13
2012.02.15 18:29:51.304,0.92493,0.92523,2.25,2.25
2012.02.15 18:29:51.380,0.92491,0.92518,2.25,2.25
2012.02.15 18:29:52.281,0.92491,0.9252,2.25,2.25
2012.02.15 18:29:52.498,0.92491,0.92518,2.25,2.25
2012.02.15 18:29:52.609,0.92495,0.92524,2.25,3.00
2012.02.15 18:29:53.204,0.92495,0.92524,2.25,2.25
2012.02.15 18:29:53.266,0.92497,0.92524,2.25,2.25
2012.02.15 18:29:53.635,0.92498,0.92527,2.25,2.25
2012.02.15 18:29:56.742,0.92503,0.92532,2.25,2.85
2012.02.15 18:29:57.121,0.92499,0.92528,2.25,2.25
2012.02.15 18:30:00.154,0.92504,0.92533,2.25,2.63
2012.02.15 18:30:00.947,0.92499,0.92526,2.25,2.25
2012.02.15 18:30:01.485,0.92498,0.92527,2.25,2.25
2012.02.15 18:30:01.817,0.92496,0.92525,2.25,2.25
2012.02.15 18:30:02.947,0.92499,0.92526,2.25,2.25
2012.02.15 18:30:05.178,0.92495,0.92524,2.25,2.85
2012.02.15 18:30:05.855,0.92488,0.92515,2.25,2.25
2012.02.15 18:30:06.456,0.92485,0.92514,2.63,2.25
2012.02.15 18:30:07.297,0.92485,0.92514,2.25,2.25
2012.02.15 18:30:07.990,0.92488,0.92515,2.25,2.25
2012.02.15 18:30:08.316,0.92491,0.92518,2.25,2.25
2012.02.15 18:30:08.630,0.92484,0.92512,2.63,2.25
2012.02.15 18:30:08.696,0.92484,0.92514,2.63,2.25
2012.02.15 18:30:08.988,0.9249,0.92518,2.25,2.25
2012.02.15 18:30:09.118,0.92487,0.92517,2.63,2.25
2012.02.15 18:30:09.589,0.92493,0.92521,2.25,2.25
2012.02.15 18:30:13.366,0.92488,0.92516,2.25,2.25
2012.02.15 18:30:17.106,0.92489,0.92519,2.25,2.25
2012.02.15 18:30:17.547,0.92487,0.92517,2.25,2.25
2012.02.15 18:30:18.133,0.92489,0.92517,2.25,2.25
2012.02.15 18:30:18.885,0.9249,0.9252,2.25,2.25
2012.02.15 18:30:20.032,0.92487,0.92517,2.25,2.25
2012.02.15 18:30:20.120,0.92491,0.92523,2.25,2.25
2012.02.15 18:30:20.579,0.92487,0.92517,2.25,2.25
2012.02.15 18:30:22.336,0.92485,0.92512,2.25,2.25
2012.02.15 18:30:22.887,0.92487,0.92517,2.25,2.25
2012.02.15 18:30:25.198,0.92486,0.92517,2.25,2.25
2012.02.15 18:30:26.005,0.92488,0.92517,2.25,2.25
2012.02.15 18:30:26.418,0.92482,0.92512,2.25,2.25
2012.02.15 18:30:26.633,0.92479,0.92509,2.25,2.25
2012.02.15 18:30:27.409,0.92485,0.92512,2.25,2.25
2012.02.15 18:30:30.395,0.92486,0.92517,2.25,2.25
2012.02.15 18:30:30.641,0.92483,0.92513,2.25,2.25
2012.02.15 18:30:31.688,0.92481,0.92513,2.25,2.25
2012.02.15 18:30:32.694,0.92484,0.92514,2.25,2.25
2012.02.15 18:30:34.136,0.92489,0.92518,2.25,2.25
2012.02.15 18:30:42.319,0.92489,0.92518,2.25,2.85
2012.02.15 18:30:42.849,0.92484,0.92511,2.25,2.25
2012.02.15 18:30:42.976,0.92483,0.92513,2.25,2.25
2012.02.15 18:30:43.037,0.92485,0.92513,2.25,2.25
2012.02.15 18:30:44.350,0.92483,0.92513,2.25,2.25
2012.02.15 18:30:48.637,0.9248,0.92507,2.25,2.25
2012.02.15 18:30:51.936,0.92479,0.92507,2.25,2.25
2012.02.15 18:31:05.941,0.92485,0.92512,2.25,2.25
2012.02.15 18:31:10.447,0.9248,0.92508,2.25,2.25
2012.02.15 18:31:10.910,0.9248,0.92508,2.25,2.63
2012.02.15 18:31:11.194,0.92465,0.92495,2.25,2.25
2012.02.15 18:31:11.656,0.92475,0.92504,2.25,2.63
2012.02.15 18:31:14.079,0.92473,0.92504,2.25,2.25
2012.02.15 18:31:14.152,0.92475,0.92503,2.25,2.25
2012.02.15 18:31:14.880,0.92473,0.92504,2.25,2.25
2012.02.15 18:31:15.080,0.92473,0.92501,2.25,2.25
2012.02.15 18:31:15.204,0.9247,0.925,2.25,2.25
2012.02.15 18:31:15.409,0.92467,0.92496,2.25,2.25
2012.02.15 18:31:17.034,0.92467,0.92497,2.25,2.25
2012.02.15 18:31:17.915,0.92468,0.92498,2.25,2.25
2012.02.15 18:31:19.217,0.92468,0.92496,2.25,2.25
2012.02.15 18:31:22.007,0.92473,0.925,2.25,2.25
2012.02.15 18:31:28.623,0.92472,0.92499,2.25,2.25
2012.02.15 18:31:28.957,0.92468,0.92495,2.25,2.25
2012.02.15 18:31:29.309,0.92472,0.925,2.25,2.25
2012.02.15 18:31:31.915,0.92477,0.92505,2.25,2.25
2012.02.15 18:31:32.254,0.92472,0.925,2.25,2.25
2012.02.15 18:31:32.751,0.92474,0.92502,2.25,2.25
2012.02.15 18:31:32.818,0.92472,0.92502,2.25,2.25
2012.02.15 18:31:34.056,0.92477,0.92507,2.25,2.25
2012.02.15 18:31:34.697,0.92472,0.92502,2.25,2.25
2012.02.15 18:31:35.886,0.92477,0.92507,2.25,2.25
2012.02.15 18:31:36.465,0.92474,0.92502,2.25,2.25
2012.02.15 18:31:37.789,0.92478,0.92506,2.25,2.25
2012.02.15 18:31:37.958,0.92472,0.92502,2.25,2.25
2012.02.15 18:31:38.294,0.92474,0.92502,2.25,2.25
2012.02.15 18:31:40.212,0.92475,0.92505,2.25,2.25
2012.02.15 18:31:50.204,0.92477,0.92505,2.25,2.25
2012.02.15 18:31:54.786,0.9248,0.9251,2.25,2.25
2012.02.15 18:31:56.476,0.92481,0.9251,2.25,2.25
2012.02.15 18:31:57.006,0.92483,0.92512,2.25,2.25
2012.02.15 18:32:01.511,0.92489,0.92516,2.25,3.23
2012.02.15 18:32:01.917,0.92485,0.92514,2.25,2.25
2012.02.15 18:32:02.847,0.92491,0.92518,2.25,2.25
2012.02.15 18:32:02.933,0.92488,0.92518,2.25,2.25
2012.02.15 18:32:03.057,0.92484,0.92513,2.25,2.25
2012.02.15 18:32:03.411,0.9248,0.9251,2.25,2.25
2012.02.15 18:32:04.012,0.92476,0.92506,2.25,2.25
2012.02.15 18:32:04.488,0.92478,0.92506,2.25,2.25
2012.02.15 18:32:04.824,0.92482,0.9251,2.25,2.25
2012.02.15 18:32:06.052,0.9248,0.92508,2.25,2.25
2012.02.15 18:32:06.817,0.92479,0.92507,2.25,2.25
2012.02.15 18:32:06.921,0.92476,0.92506,2.25,2.25
2012.02.15 18:32:08.336,0.92481,0.9251,2.25,2.25
2012.02.15 18:32:08.835,0.92485,0.92514,2.25,2.63
2012.02.15 18:32:09.497,0.92486,0.92514,2.25,2.25
2012.02.15 18:32:11.538,0.92485,0.92517,2.25,2.25
2012.02.15 18:32:11.889,0.92494,0.92521,2.25,2.63
2012.02.15 18:32:12.030,0.92484,0.92512,2.25,2.25
2012.02.15 18:32:12.097,0.92486,0.92516,2.25,2.25
2012.02.15 18:32:12.347,0.92482,0.92511,2.25,2.25
2012.02.15 18:32:14.170,0.92482,0.92509,2.25,2.25
2012.02.15 18:32:14.642,0.92476,0.92505,2.63,2.25
2012.02.15 18:32:14.767,0.92478,0.92505,2.25,2.25
2012.02.15 18:32:23.399,0.92478,0.92507,2.25,2.25
2012.02.15 18:32:26.038,0.92482,0.92512,2.25,4.35
2012.02.15 18:32:26.977,0.92482,0.92512,2.25,2.85
2012.02.15 18:32:38.731,0.92488,0.92516,2.25,3.23
2012.02.15 18:32:39.193,0.92492,0.92522,2.25,2.25
2012.02.15 18:32:41.494,0.92489,0.92518,2.25,2.25
2012.02.15 18:32:42.170,0.92483,0.92512,2.25,2.25
2012.02.15 18:32:43.312,0.92479,0.92506,2.85,2.25
2012.02.15 18:32:43.394,0.92474,0.92502,2.63,2.25
2012.02.15 18:32:44.981,0.92475,0.92502,2.25,2.25
2012.02.15 18:32:46.969,0.92476,0.92505,2.25,2.85
2012.02.15 18:32:47.927,0.92477,0.92506,2.25,2.85
2012.02.15 18:32:51.184,0.92481,0.9251,2.25,2.85
2012.02.15 18:32:52.377,0.92482,0.9251,2.25,2.85
2012.02.15 18:32:53.888,0.92481,0.9251,2.25,2.85
2012.02.15 18:33:08.460,0.92485,0.92514,2.25,2.85
2012.02.15 18:33:08.527,0.92485,0.92514,2.25,2.25
2012.02.15 18:33:12.927,0.92485,0.92514,2.25,3.00
2012.02.15 18:33:13.478,0.92485,0.92514,2.25,2.25
2012.02.15 18:33:13.687,0.92485,0.92514,2.25,2.85
2012.02.15 18:33:13.749,0.92481,0.9251,2.25,2.85
2012.02.15 18:33:15.089,0.92482,0.92511,2.25,2.85
2012.02.15 18:33:15.942,0.92482,0.92511,2.25,2.25
2012.02.15 18:33:16.185,0.92486,0.92515,2.25,2.25
2012.02.15 18:33:16.861,0.92489,0.92516,2.25,2.85
2012.02.15 18:33:24.636,0.92489,0.92516,2.25,2.85
2012.02.15 18:33:24.712,0.92485,0.92514,2.25,2.25
2012.02.15 18:33:24.835,0.92482,0.92511,2.25,2.25
2012.02.15 18:33:28.817,0.92485,0.92514,2.25,2.25
2012.02.15 18:33:29.876,0.92486,0.92515,2.25,2.85
2012.02.15 18:33:30.207,0.92484,0.92512,2.25,2.25
2012.02.15 18:33:30.325,0.92487,0.92516,2.25,2.25
2012.02.15 18:33:32.862,0.92483,0.9251,2.25,2.25
2012.02.15 18:33:32.929,0.92488,0.92517,2.25,2.85
2012.02.15 18:33:34.856,0.92488,0.92517,2.25,2.25
2012.02.15 18:33:38.366,0.92487,0.92514,2.25,2.25
2012.02.15 18:33:38.433,0.92485,0.92514,2.25,2.25
2012.02.15 18:33:42.327,0.92484,0.92513,2.25,2.25
2012.02.15 18:33:42.395,0.92484,0.92511,2.25,2.25
2012.02.15 18:33:44.369,0.92483,0.9251,2.25,2.25
2012.02.15 18:33:47.904,0.92486,0.92515,2.25,2.25
2012.02.15 18:33:48.839,0.92485,0.92514,2.25,2.25
2012.02.15 18:33:50.204,0.92484,0.92513,2.25,2.25
2012.02.15 18:33:50.528,0.92483,0.9251,2.25,2.25
2012.02.15 18:33:54.537,0.92482,0.92509,2.25,2.25
2012.02.15 18:33:57.898,0.92485,0.92514,2.25,2.25
2012.02.15 18:34:00.742,0.92486,0.92515,2.25,2.25
2012.02.15 18:34:01.247,0.92486,0.92515,2.25,3.00
2012.02.15 18:34:02.237,0.92486,0.92515,2.25,2.25
2012.02.15 18:34:03.616,0.92489,0.92516,2.25,2.85
2012.02.15 18:34:03.735,0.92487,0.92516,2.25,2.85
2012.02.15 18:34:05.707,0.92486,0.92513,2.25,2.25
2012.02.15 18:34:05.836,0.92486,0.92515,2.25,2.25
2012.02.15 18:34:05.977,0.92483,0.9251,2.25,2.25
2012.02.15 18:34:06.563,0.92479,0.92506,2.63,2.25
2012.02.15 18:34:06.626,0.92479,0.92506,2.25,2.25
2012.02.15 18:34:10.806,0.92482,0.92511,2.25,2.85
2012.02.15 18:34:12.215,0.92481,0.92508,2.25,2.25
2012.02.15 18:34:14.497,0.9248,0.92507,2.25,2.25
2012.02.15 18:34:14.558,0.92476,0.92505,2.25,2.25
2012.02.15 18:34:14.741,0.92475,0.92502,2.25,2.25
2012.02.15 18:34:14.866,0.92481,0.9251,2.25,2.85
2012.02.15 18:34:19.370,0.92486,0.92513,2.25,3.00
2012.02.15 18:34:19.437,0.92484,0.92512,2.25,2.25
2012.02.15 18:34:19.721,0.92489,0.92516,2.25,2.85
2012.02.15 18:34:19.860,0.92487,0.92516,2.25,2.85
2012.02.15 18:34:20.048,0.92486,0.92513,2.25,2.25
2012.02.15 18:34:20.606,0.92484,0.92511,2.25,2.25
2012.02.15 18:34:21.089,0.92487,0.92514,2.25,2.25
2012.02.15 18:34:21.472,0.92489,0.92516,2.25,2.85
2012.02.15 18:34:22.686,0.92486,0.92515,2.25,2.25
2012.02.15 18:34:23.098,0.92485,0.92514,2.25,2.25
2012.02.15 18:34:23.228,0.92485,0.92512,2.25,2.25
2012.02.15 18:34:27.279,0.92484,0.92511,2.25,2.25
2012.02.15 18:34:28.144,0.92485,0.92512,2.25,2.25
2012.02.15 18:34:28.932,0.92486,0.92513,2.25,2.25
2012.02.15 18:34:29.926,0.9248,0.9251,2.25,2.85
2012.02.15 18:34:30.473,0.92481,0.92511,2.25,2.85
2012.02.15 18:34:30.851,0.92483,0.92513,2.25,2.63
2012.02.15 18:34:36.231,0.9249,0.9252,2.25,3.00
2012.02.15 18:34:36.865,0.9249,0.9252,2.25,2.25
2012.02.15 18:34:36.934,0.92493,0.92521,2.25,2.25
2012.02.15 18:34:36.996,0.92493,0.92523,2.25,2.25
2012.02.15 18:34:38.049,0.92493,0.92522,2.25,2.25
2012.02.15 18:34:40.162,0.92493,0.92523,2.25,3.00
2012.02.15 18:34:41.275,0.92493,0.92522,2.25,2.25
2012.02.15 18:34:43.004,0.92496,0.92524,2.25,2.25
2012.02.15 18:34:43.065,0.92492,0.92523,2.25,2.25
2012.02.15 18:34:45.648,0.925,0.9253,2.25,2.63
2012.02.15 18:34:46.058,0.925,0.9253,2.25,2.25
2012.02.15 18:34:48.924,0.92507,0.92528,2.25,1.13
2012.02.15 18:34:49.216,0.92494,0.92524,2.25,3.38
2012.02.15 18:34:49.322,0.92492,0.92522,2.25,2.25
2012.02.15 18:34:51.429,0.9249,0.92518,2.25,2.25
2012.02.15 18:34:52.044,0.92492,0.9252,2.25,2.85
2012.02.15 18:34:52.112,0.92492,0.92522,2.25,2.25
2012.02.15 18:34:54.365,0.9249,0.9252,2.25,2.25
2012.02.15 18:34:55.131,0.92491,0.92521,2.25,2.25
2012.02.15 18:34:55.632,0.92492,0.92522,2.25,2.25
2012.02.15 18:34:57.087,0.92492,0.92522,2.25,2.85
2012.02.15 18:34:57.896,0.92493,0.92521,2.25,2.25
2012.02.15 18:34:57.957,0.9249,0.9252,2.25,2.25
2012.02.15 18:34:59.019,0.92491,0.92521,2.25,2.25
2012.02.15 18:34:59.679,0.9249,0.9252,2.25,2.25
2012.02.15 18:35:03.479,0.92491,0.92521,2.25,2.25
2012.02.15 18:35:05.620,0.92492,0.92522,2.25,2.25
2012.02.15 18:35:15.213,0.9249,0.9252,2.85,2.25
2012.02.15 18:35:15.549,0.92493,0.92521,2.25,2.25
2012.02.15 18:35:19.840,0.92491,0.92521,2.25,2.25
2012.02.15 18:35:20.809,0.92492,0.92522,2.25,2.25
2012.02.15 18:35:23.051,0.92491,0.92521,2.25,2.25
2012.02.15 18:35:23.270,0.92493,0.92521,2.25,2.25
2012.02.15 18:35:25.816,0.92491,0.92519,2.25,2.25
2012.02.15 18:35:29.207,0.92485,0.92515,2.25,2.25
2012.02.15 18:35:29.517,0.92491,0.92519,2.25,2.85
2012.02.15 18:35:29.896,0.92485,0.92515,2.25,2.25
2012.02.15 18:35:34.578,0.92491,0.92519,2.25,2.25
2012.02.15 18:35:35.463,0.92489,0.92519,2.25,2.25
2012.02.15 18:35:35.592,0.92489,0.92517,2.25,2.25
2012.02.15 18:35:35.720,0.92487,0.92517,2.25,2.25
2012.02.15 18:35:36.036,0.92489,0.92517,2.25,2.25
2012.02.15 18:35:36.686,0.92488,0.92516,2.25,2.25
2012.02.15 18:35:40.666,0.92493,0.9252,2.25,2.25
2012.02.15 18:35:40.737,0.92487,0.92517,2.25,2.25
2012.02.15 18:35:40.985,0.92493,0.9252,2.25,2.25
2012.02.15 18:35:41.069,0.92488,0.92516,2.25,2.25
2012.02.15 18:35:52.457,0.92488,0.92518,2.25,2.25
2012.02.15 18:35:52.633,0.9249,0.92518,2.25,2.25
2012.02.15 18:35:53.392,0.92489,0.92517,2.25,2.25
2012.02.15 18:35:56.745,0.9249,0.92518,2.25,2.25
2012.02.15 18:35:58.586,0.92487,0.92518,2.25,2.25
2012.02.15 18:35:59.241,0.9249,0.92518,2.25,2.25
2012.02.15 18:36:00.240,0.92487,0.92518,2.25,2.25
2012.02.15 18:36:00.447,0.92489,0.92517,2.25,2.25
2012.02.15 18:36:00.900,0.92486,0.92516,2.25,2.85
2012.02.15 18:36:01.029,0.92492,0.9252,2.25,2.25
2012.02.15 18:36:01.356,0.92489,0.92517,2.25,2.25
2012.02.15 18:36:01.442,0.92493,0.92523,2.25,2.85
2012.02.15 18:36:02.303,0.92495,0.92523,2.25,2.25
2012.02.15 18:36:04.831,0.92494,0.92522,2.25,2.25
2012.02.15 18:36:06.883,0.92495,0.92523,2.25,2.25
2012.02.15 18:36:07.797,0.92488,0.92517,2.25,2.25
2012.02.15 18:36:09.401,0.92494,0.92524,2.25,2.85
2012.02.15 18:36:09.956,0.92493,0.92523,2.25,2.25
2012.02.15 18:36:21.781,0.92493,0.92521,2.25,2.25
2012.02.15 18:36:22.421,0.9249,0.92518,2.25,2.25
2012.02.15 18:36:24.265,0.92488,0.92516,2.25,2.25
2012.02.15 18:36:24.389,0.92488,0.92518,2.25,2.25
2012.02.15 18:36:24.749,0.92485,0.92515,2.25,2.25
2012.02.15 18:36:25.327,0.92486,0.92516,2.25,2.25
2012.02.15 18:36:26.148,0.92488,0.92518,2.25,2.25
2012.02.15 18:36:26.562,0.92487,0.92515,2.25,2.25
2012.02.15 18:36:27.023,0.92493,0.9252,2.25,2.25
2012.02.15 18:36:27.663,0.92492,0.92519,2.25,2.25
2012.02.15 18:36:32.066,0.92486,0.92516,2.25,2.25
2012.02.15 18:36:44.893,0.92486,0.92515,2.25,2.25
2012.02.15 18:36:50.071,0.92489,0.92516,2.25,2.25
2012.02.15 18:36:50.143,0.92484,0.92512,2.25,2.25
2012.02.15 18:36:53.887,0.92481,0.92511,2.25,2.25
2012.02.15 18:36:54.109,0.92487,0.92514,2.25,2.25
2012.02.15 18:36:54.340,0.92482,0.92511,2.25,2.25
2012.02.15 18:36:55.925,0.92481,0.92511,2.25,2.25
2012.02.15 18:36:56.052,0.92481,0.92509,2.25,2.25
2012.02.15 18:36:56.173,0.92486,0.92515,2.25,2.25
2012.02.15 18:36:57.460,0.92485,0.92514,2.25,2.25
2012.02.15 18:37:02.328,0.9248,0.92511,2.25,2.25
2012.02.15 18:37:02.424,0.92485,0.92516,2.25,2.63
2012.02.15 18:37:03.283,0.92481,0.9251,2.25,2.25
2012.02.15 18:37:04.612,0.92481,0.92511,2.25,2.25
2012.02.15 18:37:05.381,0.92482,0.92511,2.25,2.25
2012.02.15 18:37:05.739,0.92486,0.92513,2.25,2.85
2012.02.15 18:37:06.275,0.92473,0.925,2.63,2.25
2012.02.15 18:37:06.459,0.92473,0.925,2.25,2.25
2012.02.15 18:37:06.528,0.92476,0.92503,2.25,2.25
2012.02.15 18:37:13.346,0.92478,0.92505,2.25,2.25
2012.02.15 18:37:15.649,0.92477,0.92506,2.25,2.25
2012.02.15 18:37:16.287,0.92476,0.92505,2.25,2.25
2012.02.15 18:37:17.046,0.92477,0.92506,2.25,2.25
2012.02.15 18:37:19.651,0.92477,0.92504,2.25,2.25
2012.02.15 18:37:20.125,0.92475,0.92502,2.25,2.25
2012.02.15 18:37:20.800,0.92477,0.92504,2.25,2.25
2012.02.15 18:37:22.330,0.92477,0.92506,2.25,2.25
2012.02.15 18:37:25.408,0.92481,0.92511,2.25,2.25
2012.02.15 18:37:27.598,0.92478,0.92505,2.25,2.25
2012.02.15 18:37:29.976,0.92481,0.92511,2.25,2.25
2012.02.15 18:37:33.665,0.92487,0.92515,2.25,2.25
2012.02.15 18:37:34.564,0.92487,0.92517,2.25,2.25
2012.02.15 18:37:39.442,0.92486,0.92516,2.25,2.25
2012.02.15 18:37:40.432,0.92487,0.92517,2.25,2.25
2012.02.15 18:37:42.601,0.92486,0.92516,2.25,2.25
2012.02.15 18:37:42.665,0.92486,0.92514,2.25,2.25
2012.02.15 18:37:42.788,0.92481,0.92511,2.25,2.25
2012.02.15 18:37:43.171,0.92487,0.92516,2.25,2.25
2012.02.15 18:37:43.853,0.92486,0.92514,2.25,2.25
2012.02.15 18:37:44.770,0.92486,0.92515,2.25,2.25
2012.02.15 18:37:45.077,0.92483,0.92512,2.25,2.25
2012.02.15 18:37:50.216,0.92488,0.92516,2.25,2.25
2012.02.15 18:37:51.189,0.92487,0.92515,2.25,2.25
2012.02.15 18:37:51.959,0.92487,0.92516,2.25,2.25
2012.02.15 18:37:52.085,0.92485,0.92515,2.25,2.25
2012.02.15 18:37:52.192,0.92487,0.92514,2.25,2.25
2012.02.15 18:37:52.521,0.92486,0.92516,2.25,2.25
2012.02.15 18:37:52.649,0.92488,0.92517,2.25,2.25
2012.02.15 18:37:53.191,0.92489,0.92517,2.25,2.25
2012.02.15 18:37:56.250,0.92493,0.9252,2.25,2.25
2012.02.15 18:37:59.364,0.92493,0.92522,2.25,2.25
2012.02.15 18:37:59.820,0.92491,0.92521,2.25,2.25
2012.02.15 18:38:01.915,0.92497,0.92524,2.25,2.25
2012.02.15 18:38:03.581,0.92498,0.92525,2.25,2.25
2012.02.15 18:38:03.927,0.92496,0.92526,2.25,2.25
2012.02.15 18:38:04.878,0.92494,0.92522,2.25,2.25
2012.02.15 18:38:05.390,0.92497,0.92525,2.25,2.25
2012.02.15 18:38:08.086,0.92494,0.92522,2.25,2.25
2012.02.15 18:38:10.148,0.92496,0.92526,2.25,2.25
2012.02.15 18:38:13.138,0.92487,0.92517,2.63,2.25
2012.02.15 18:38:13.868,0.92493,0.9252,2.25,2.25
2012.02.15 18:38:13.943,0.92489,0.92518,2.25,2.25
2012.02.15 18:38:15.299,0.92493,0.92523,2.25,2.25
2012.02.15 18:38:18.679,0.92489,0.92518,2.25,2.25
2012.02.15 18:38:19.259,0.92488,0.92517,2.25,2.25
2012.02.15 18:38:19.567,0.92491,0.92518,2.25,2.25
2012.02.15 18:38:19.632,0.92488,0.92516,2.25,2.25
2012.02.15 18:38:23.192,0.92483,0.92511,2.25,2.25
2012.02.15 18:38:23.260,0.92481,0.92511,2.25,2.25
2012.02.15 18:38:26.650,0.92483,0.92511,2.25,2.25
2012.02.15 18:38:30.921,0.92482,0.9251,2.25,2.25
2012.02.15 18:38:31.886,0.92483,0.92511,2.25,2.25
2012.02.15 18:38:32.297,0.92478,0.92507,2.25,2.25
2012.02.15 18:38:37.315,0.92483,0.92511,2.25,2.25
2012.02.15 18:38:40.337,0.92479,0.92506,2.25,2.25
2012.02.15 18:39:04.059,0.9248,0.92507,2.25,2.25
2012.02.15 18:39:12.926,0.9248,0.92509,2.25,2.25
2012.02.15 18:39:13.031,0.9248,0.92507,2.25,2.25
2012.02.15 18:39:14.796,0.92479,0.92507,2.25,2.25
2012.02.15 18:39:14.900,0.92477,0.92507,2.25,2.25
2012.02.15 18:39:15.117,0.92476,0.92505,2.25,2.25
2012.02.15 18:39:15.747,0.92474,0.92503,2.63,2.25
2012.02.15 18:39:16.359,0.92474,0.92503,2.25,2.25
2012.02.15 18:39:19.552,0.92476,0.92505,2.25,2.25
2012.02.15 18:39:20.390,0.92478,0.92507,2.25,2.25
2012.02.15 18:39:21.367,0.92479,0.92508,2.25,2.25
2012.02.15 18:39:30.069,0.92483,0.92513,2.25,2.25
2012.02.15 18:39:45.186,0.92483,0.92511,2.25,2.25
2012.02.15 18:39:48.706,0.9248,0.9251,2.25,2.25
2012.02.15 18:39:53.973,0.9248,0.92508,2.25,2.25
2012.02.15 18:39:54.097,0.92478,0.92508,2.25,2.25
2012.02.15 18:39:58.829,0.92478,0.92506,2.25,2.25
2012.02.15 18:40:01.598,0.92479,0.92507,2.25,2.25
2012.02.15 18:40:16.915,0.92475,0.92505,2.63,2.25
2012.02.15 18:40:17.104,0.92475,0.92503,2.63,2.25
2012.02.15 18:40:17.620,0.92475,0.92503,2.25,2.25
2012.02.15 18:40:22.216,0.92473,0.92503,2.25,2.25
2012.02.15 18:40:22.335,0.92471,0.92499,2.25,2.25
2012.02.15 18:40:23.046,0.92472,0.925,2.25,2.25
2012.02.15 18:40:27.463,0.92473,0.92501,2.25,2.25
2012.02.15 18:40:28.026,0.92471,0.92499,2.25,2.25
2012.02.15 18:40:29.286,0.92472,0.925,2.25,2.25
2012.02.15 18:40:42.694,0.92474,0.92502,2.25,2.25
2012.02.15 18:40:42.908,0.92474,0.92504,2.25,2.25
2012.02.15 18:40:51.864,0.92469,0.92497,2.63,2.25
2012.02.15 18:40:52.075,0.92471,0.92501,2.25,2.25
2012.02.15 18:40:53.674,0.92468,0.92499,2.63,2.25
2012.02.15 18:40:55.109,0.92469,0.92499,2.25,2.25
2012.02.15 18:41:17.615,0.92471,0.92499,2.25,2.25
2012.02.15 18:41:17.727,0.92471,0.92501,2.25,2.85
2012.02.15 18:41:21.034,0.92469,0.92499,2.25,2.25
2012.02.15 18:41:30.718,0.92474,0.92502,2.25,2.85
2012.02.15 18:41:31.426,0.92466,0.92494,2.25,2.25
2012.02.15 18:41:31.743,0.92471,0.92498,2.25,2.25
2012.02.15 18:41:33.326,0.92466,0.92494,2.25,2.25
2012.02.15 18:41:33.572,0.92462,0.92489,2.25,2.25
2012.02.15 18:41:34.897,0.92464,0.92491,2.25,2.25
2012.02.15 18:41:35.119,0.92461,0.9249,2.25,2.25
2012.02.15 18:41:47.027,0.9247,0.92499,2.25,2.63
2012.02.15 18:41:50.735,0.9247,0.92499,2.25,2.25
2012.02.15 18:41:50.959,0.9247,0.92497,2.25,2.25
2012.02.15 18:41:51.084,0.92466,0.92494,2.25,2.25
2012.02.15 18:41:59.935,0.92469,0.92498,2.25,2.25
2012.02.15 18:42:00.473,0.9247,0.92499,2.25,2.63
2012.02.15 18:42:00.536,0.92465,0.92495,2.25,2.25
2012.02.15 18:42:02.068,0.92464,0.92494,2.25,2.25
2012.02.15 18:42:02.488,0.92463,0.92491,2.25,2.25
2012.02.15 18:42:02.803,0.92463,0.92491,3.23,2.25
2012.02.15 18:42:02.863,0.92477,0.92504,2.25,2.25
2012.02.15 18:42:02.983,0.92477,0.92504,2.25,3.60
2012.02.15 18:42:03.069,0.92463,0.92491,2.63,2.25
2012.02.15 18:42:03.883,0.92463,0.92491,2.25,2.25
2012.02.15 18:42:06.633,0.9246,0.9249,2.25,2.25
2012.02.15 18:42:10.335,0.92466,0.92493,2.25,2.25
2012.02.15 18:42:14.104,0.9247,0.92498,2.25,2.25
2012.02.15 18:42:22.901,0.92469,0.92498,2.25,2.25
2012.02.15 18:42:23.026,0.92471,0.92498,2.25,2.25
2012.02.15 18:42:23.904,0.92469,0.92498,2.25,2.25
2012.02.15 18:42:24.855,0.92471,0.92498,2.25,2.25
2012.02.15 18:42:26.285,0.9247,0.92497,2.25,2.25
2012.02.15 18:42:29.499,0.92469,0.92496,2.25,2.25
2012.02.15 18:42:30.259,0.92468,0.92495,2.25,2.25
2012.02.15 18:42:38.081,0.92468,0.92497,2.25,2.25
2012.02.15 18:42:39.548,0.92473,0.92502,2.25,2.63
2012.02.15 18:42:39.719,0.92467,0.92497,2.25,2.25
2012.02.15 18:42:40.133,0.92469,0.92497,2.25,2.25
2012.02.15 18:42:40.197,0.92469,0.92499,2.25,2.25
2012.02.15 18:42:46.075,0.92479,0.92508,2.25,2.63
2012.02.15 18:42:46.355,0.92465,0.92494,2.25,2.25
2012.02.15 18:42:46.517,0.92469,0.92499,2.25,2.25
2012.02.15 18:42:52.126,0.92474,0.92504,2.25,2.85
2012.02.15 18:43:11.595,0.9248,0.92507,2.25,2.25
2012.02.15 18:43:27.754,0.9248,0.92507,2.25,2.63
2012.02.15 18:43:27.875,0.9247,0.92498,2.25,2.25
2012.02.15 18:43:29.145,0.92472,0.92503,2.25,2.85
2012.02.15 18:43:29.635,0.92467,0.92499,2.25,2.85
2012.02.15 18:43:30.102,0.92469,0.92498,2.25,2.25
2012.02.15 18:43:30.447,0.92473,0.92504,2.25,2.25
2012.02.15 18:43:30.561,0.92471,0.92504,2.25,2.25
2012.02.15 18:43:30.801,0.92473,0.92501,2.25,2.25
2012.02.15 18:43:31.383,0.92473,0.925,2.25,2.25
2012.02.15 18:43:31.446,0.92468,0.92497,2.25,2.25
2012.02.15 18:43:31.768,0.92468,0.92495,2.25,2.25
2012.02.15 18:43:32.274,0.92459,0.92487,2.63,2.25
2012.02.15 18:43:32.595,0.92464,0.92492,2.25,2.25
2012.02.15 18:43:32.767,0.92469,0.92496,2.25,2.25
2012.02.15 18:43:34.295,0.9247,0.92497,2.25,2.25
2012.02.15 18:43:46.581,0.92473,0.92501,2.25,2.25
2012.02.15 18:43:46.646,0.92468,0.92499,2.25,2.25
2012.02.15 18:43:46.956,0.9247,0.92499,2.25,2.25
2012.02.15 18:43:47.758,0.92471,0.92499,2.25,2.25
2012.02.15 18:43:53.595,0.92476,0.92504,2.25,2.25
2012.02.15 18:43:53.918,0.92473,0.92502,2.25,2.25
2012.02.15 18:43:54.886,0.92477,0.92504,2.25,2.25
2012.02.15 18:43:54.946,0.92477,0.92506,2.25,2.25
2012.02.15 18:44:00.334,0.9248,0.92507,2.25,2.25
2012.02.15 18:44:02.156,0.92478,0.92507,2.25,2.25
2012.02.15 18:44:07.563,0.92477,0.92506,2.25,2.25
2012.02.15 18:44:10.837,0.92481,0.92511,2.25,2.25
2012.02.15 18:44:12.526,0.92476,0.92509,2.25,2.25
2012.02.15 18:44:12.644,0.92478,0.92508,2.25,2.25
2012.02.15 18:44:24.395,0.9248,0.92508,2.25,2.25
2012.02.15 18:44:24.628,0.92478,0.92508,2.25,2.25
2012.02.15 18:44:32.466,0.92484,0.92512,2.25,2.63
2012.02.15 18:44:32.905,0.92482,0.92512,2.25,2.63
2012.02.15 18:44:33.811,0.92482,0.92512,2.25,2.25
2012.02.15 18:44:37.421,0.9248,0.92507,2.25,2.25
2012.02.15 18:44:43.436,0.92478,0.92505,2.25,2.25
2012.02.15 18:45:05.902,0.92479,0.92506,2.25,2.25
2012.02.15 18:45:17.880,0.92477,0.92506,2.25,2.25
2012.02.15 18:45:18.536,0.92478,0.92507,2.25,2.25
2012.02.15 18:45:18.976,0.92478,0.92505,2.25,2.25
2012.02.15 18:45:20.848,0.92479,0.92506,2.25,2.25
2012.02.15 18:45:21.737,0.92478,0.92505,2.25,2.25
2012.02.15 18:45:21.832,0.92473,0.92503,2.25,2.25
2012.02.15 18:45:23.169,0.92473,0.92504,2.25,2.25
2012.02.15 18:45:25.368,0.92475,0.92504,2.25,2.25
2012.02.15 18:45:28.434,0.92473,0.92504,2.25,2.25
2012.02.15 18:45:41.215,0.92474,0.92502,2.25,2.25
2012.02.15 18:45:41.761,0.92472,0.92502,2.25,2.25
2012.02.15 18:45:41.825,0.92472,0.925,2.25,2.25
2012.02.15 18:45:41.978,0.92472,0.92502,2.25,2.25
2012.02.15 18:45:42.115,0.92472,0.925,2.25,2.25
2012.02.15 18:45:43.976,0.92473,0.92501,2.25,2.25
2012.02.15 18:45:50.115,0.92472,0.925,2.25,2.25
2012.02.15 18:45:51.391,0.92474,0.92502,2.25,2.25
2012.02.15 18:45:52.145,0.92475,0.92503,2.25,2.25
2012.02.15 18:45:53.366,0.92471,0.92498,2.25,2.25
2012.02.15 18:45:53.963,0.92465,0.92495,2.63,2.25
2012.02.15 18:45:54.298,0.9246,0.9249,2.25,2.25
2012.02.15 18:46:01.936,0.92459,0.92487,2.25,2.25
2012.02.15 18:46:02.163,0.92464,0.92494,2.25,2.25
2012.02.15 18:46:08.054,0.92459,0.92489,2.25,2.25
2012.02.15 18:46:12.794,0.92461,0.92492,2.25,2.25
2012.02.15 18:46:13.155,0.92463,0.92494,2.25,2.25
2012.02.15 18:46:24.269,0.92463,0.92493,2.25,2.25
2012.02.15 18:46:26.357,0.92461,0.92493,2.25,2.25
2012.02.15 18:46:26.579,0.92463,0.92493,2.25,2.25
2012.02.15 18:46:32.629,0.92462,0.92495,2.25,2.25
2012.02.15 18:46:33.164,0.92468,0.92496,2.25,2.25
2012.02.15 18:46:33.233,0.92463,0.92492,2.25,2.25
2012.02.15 18:46:33.686,0.92465,0.92494,2.25,2.25
2012.02.15 18:46:52.286,0.92464,0.92491,2.25,2.25
2012.02.15 18:46:52.922,0.92458,0.9249,2.25,2.25
2012.02.15 18:46:52.987,0.92462,0.92489,2.25,2.25
2012.02.15 18:46:53.047,0.92457,0.92486,2.25,2.25
2012.02.15 18:46:53.447,0.92453,0.92482,2.25,2.25
2012.02.15 18:46:55.396,0.92456,0.92483,2.25,2.25
2012.02.15 18:46:55.454,0.92456,0.92485,2.25,2.25
2012.02.15 18:46:55.595,0.92451,0.92481,2.25,2.25
2012.02.15 18:46:55.913,0.92456,0.92485,2.25,2.25
2012.02.15 18:46:56.521,0.92452,0.9248,2.25,2.25
2012.02.15 18:46:57.007,0.92449,0.92477,2.25,2.25
2012.02.15 18:46:57.539,0.92441,0.9247,2.63,2.25
2012.02.15 18:46:57.764,0.92451,0.92479,2.25,2.85
2012.02.15 18:46:57.913,0.92451,0.92479,2.25,2.25
2012.02.15 18:46:58.786,0.92455,0.92484,2.25,2.85
2012.02.15 18:46:59.298,0.92456,0.92485,2.25,2.85
2012.02.15 18:46:59.859,0.92453,0.92482,2.25,2.25
2012.02.15 18:47:03.147,0.92451,0.9248,2.25,2.25
2012.02.15 18:47:04.359,0.92448,0.9248,2.25,2.25
2012.02.15 18:47:04.618,0.92444,0.92473,2.25,2.25
2012.02.15 18:47:05.282,0.92442,0.9247,2.25,2.25
2012.02.15 18:47:06.405,0.92437,0.92464,2.25,2.25
2012.02.15 18:47:07.906,0.92436,0.92465,2.25,2.25
2012.02.15 18:47:09.146,0.92435,0.92462,2.25,2.25
2012.02.15 18:47:10.285,0.92437,0.92464,2.25,2.25
2012.02.15 18:47:10.346,0.92437,0.92466,2.25,2.85
2012.02.15 18:47:11.324,0.92438,0.92467,2.25,2.85
2012.02.15 18:47:11.756,0.92443,0.9247,2.25,3.23
2012.02.15 18:47:11.818,0.92443,0.9247,2.25,2.63
2012.02.15 18:47:12.506,0.92443,0.9247,2.25,2.25
2012.02.15 18:47:13.405,0.92445,0.92472,2.25,2.25
2012.02.15 18:47:15.387,0.92441,0.92469,2.25,2.25
2012.02.15 18:47:16.823,0.92437,0.92466,2.25,2.25
2012.02.15 18:47:17.692,0.92438,0.92467,2.25,2.25
2012.02.15 18:47:17.805,0.92438,0.92465,2.25,2.25
2012.02.15 18:47:22.584,0.92434,0.92463,2.63,2.25
2012.02.15 18:47:22.660,0.9244,0.92471,2.25,2.25
2012.02.15 18:47:25.905,0.92441,0.92471,2.25,2.25
2012.02.15 18:47:26.606,0.92437,0.92466,2.25,2.25
2012.02.15 18:47:26.995,0.92442,0.9247,2.25,2.25
2012.02.15 18:47:27.065,0.92437,0.92466,2.25,2.25
2012.02.15 18:47:27.555,0.92437,0.92464,2.25,2.25
2012.02.15 18:47:27.620,0.92432,0.92462,2.25,2.25
2012.02.15 18:47:28.259,0.92434,0.92461,2.25,2.25
2012.02.15 18:47:30.028,0.92437,0.92467,2.25,2.25
2012.02.15 18:47:31.805,0.9244,0.9247,2.25,2.25
2012.02.15 18:47:34.317,0.92446,0.92474,2.25,2.63
2012.02.15 18:47:34.375,0.92442,0.92472,2.25,2.63
2012.02.15 18:47:35.087,0.92443,0.92473,2.25,2.25
2012.02.15 18:47:35.880,0.92439,0.92467,2.25,2.25
2012.02.15 18:47:39.379,0.92444,0.92472,2.25,2.63
2012.02.15 18:47:42.351,0.92439,0.92467,2.25,2.25
2012.02.15 18:47:48.592,0.92436,0.92463,2.25,2.25
2012.02.15 18:47:51.768,0.92435,0.92462,2.25,2.25
2012.02.15 18:47:52.384,0.92436,0.92463,2.25,2.25
2012.02.15 18:47:53.403,0.92435,0.92462,2.25,2.25
2012.02.15 18:47:53.645,0.92429,0.92459,2.25,2.25
2012.02.15 18:47:53.765,0.9243,0.92458,3.00,2.25
2012.02.15 18:47:53.865,0.92438,0.92468,2.25,2.85
2012.02.15 18:47:54.626,0.92434,0.92463,2.25,2.25
2012.02.15 18:47:54.863,0.92438,0.92468,2.25,2.85
2012.02.15 18:48:00.575,0.92438,0.92467,2.25,2.10
2012.02.15 18:48:00.694,0.92432,0.92462,2.25,2.25
2012.02.15 18:48:00.816,0.92429,0.92459,2.25,2.25
2012.02.15 18:48:01.381,0.92423,0.92453,2.85,2.25
2012.02.15 18:48:01.876,0.92429,0.92457,2.25,2.25
2012.02.15 18:48:04.496,0.92434,0.92462,2.25,2.25
2012.02.15 18:48:06.239,0.92448,0.92471,2.25,1.35
2012.02.15 18:48:06.307,0.92448,0.92475,2.25,2.85
2012.02.15 18:48:06.366,0.92438,0.92467,2.25,2.25
2012.02.15 18:48:06.917,0.92438,0.92467,2.25,2.85
2012.02.15 18:48:07.186,0.92428,0.92458,2.25,2.25
2012.02.15 18:48:07.304,0.92442,0.92472,2.25,2.85
2012.02.15 18:48:08.118,0.92438,0.92467,2.25,2.25
2012.02.15 18:48:08.690,0.92433,0.92463,2.25,2.25
2012.02.15 18:48:11.587,0.92435,0.92463,2.25,2.25
2012.02.15 18:48:12.526,0.92434,0.92462,2.25,2.25
2012.02.15 18:48:13.895,0.92428,0.92458,2.25,2.25
2012.02.15 18:48:14.013,0.92425,0.92452,2.25,2.25
2012.02.15 18:48:14.145,0.92425,0.92454,2.25,2.25
2012.02.15 18:48:14.653,0.92424,0.92453,2.25,2.25
2012.02.15 18:48:15.498,0.92424,0.92453,2.85,2.25
2012.02.15 18:48:15.617,0.92434,0.92461,2.25,2.25
2012.02.15 18:48:16.514,0.92439,0.92468,2.25,3.00
2012.02.15 18:48:16.593,0.92438,0.92467,2.25,2.25
2012.02.15 18:48:16.662,0.92433,0.92463,2.25,2.25
2012.02.15 18:48:16.728,0.92433,0.92461,2.25,2.25
2012.02.15 18:48:17.636,0.92434,0.92464,2.25,2.25
2012.02.15 18:48:17.746,0.92434,0.92462,2.25,2.25
2012.02.15 18:48:18.423,0.92427,0.92455,2.85,2.25
2012.02.15 18:48:19.096,0.92428,0.92456,2.25,2.25
2012.02.15 18:48:19.636,0.92424,0.92451,2.25,2.25
2012.02.15 18:48:22.509,0.92419,0.92447,3.23,2.25
2012.02.15 18:48:22.836,0.92427,0.92457,2.25,2.25
2012.02.15 18:48:23.605,0.92424,0.92451,2.25,2.25
2012.02.15 18:48:27.785,0.92428,0.92456,2.25,2.25
2012.02.15 18:48:28.861,0.92432,0.92462,2.25,2.85
2012.02.15 18:48:29.011,0.92428,0.92458,2.25,2.25
2012.02.15 18:48:31.434,0.92433,0.92461,2.25,2.25
2012.02.15 18:48:31.527,0.92431,0.92461,2.25,2.25
2012.02.15 18:48:31.746,0.92426,0.92456,2.25,2.25
2012.02.15 18:48:32.076,0.92422,0.92451,2.25,2.25
2012.02.15 18:48:39.117,0.92423,0.92452,2.25,2.25
2012.02.15 18:48:39.703,0.92423,0.9245,2.25,2.25
2012.02.15 18:48:40.448,0.92427,0.92454,2.25,2.25
2012.02.15 18:48:41.166,0.92431,0.92459,2.25,2.25
2012.02.15 18:48:41.255,0.92422,0.9245,2.25,2.25
2012.02.15 18:48:43.404,0.92426,0.92453,2.25,2.25
2012.02.15 18:48:43.466,0.92424,0.92452,2.25,2.25
2012.02.15 18:48:48.937,0.92427,0.92458,2.25,2.25
2012.02.15 18:49:09.307,0.92433,0.92461,2.25,2.25
2012.02.15 18:49:14.468,0.92431,0.92459,2.25,2.25
2012.02.15 18:49:14.786,0.92429,0.92457,2.25,2.25
2012.02.15 18:49:15.165,0.92426,0.92454,2.25,2.25
2012.02.15 18:49:16.108,0.92429,0.92457,2.25,2.25
2012.02.15 18:49:17.536,0.92426,0.92454,2.25,2.25
2012.02.15 18:49:18.883,0.92421,0.92449,2.25,2.25
2012.02.15 18:49:20.617,0.92426,0.92454,2.25,2.25
2012.02.15 18:49:32.843,0.92423,0.92453,2.25,2.25
2012.02.15 18:49:33.280,0.92425,0.92454,2.25,2.25
2012.02.15 18:49:33.969,0.92425,0.92452,2.25,2.25
2012.02.15 18:49:35.860,0.9242,0.92448,2.25,2.25
2012.02.15 18:49:37.285,0.92425,0.92452,2.25,2.25
2012.02.15 18:49:37.534,0.92419,0.92449,2.25,2.25
2012.02.15 18:49:37.836,0.92424,0.92453,2.25,2.25
2012.02.15 18:49:38.513,0.92419,0.92449,2.25,2.25
2012.02.15 18:49:38.828,0.92424,0.92453,2.25,2.25
2012.02.15 18:49:39.049,0.92419,0.92449,2.25,2.25
2012.02.15 18:49:39.294,0.92425,0.92452,2.25,2.25
2012.02.15 18:49:45.674,0.92422,0.92451,2.25,2.25
2012.02.15 18:49:46.866,0.92421,0.9245,2.25,2.25
2012.02.15 18:49:49.498,0.92422,0.92451,2.25,2.25
2012.02.15 18:49:52.083,0.92424,0.92453,2.25,2.25
2012.02.15 18:50:06.804,0.92424,0.92451,2.25,2.25
2012.02.15 18:50:07.469,0.92421,0.9245,2.25,2.25
2012.02.15 18:50:09.907,0.9242,0.92448,2.25,2.25
2012.02.15 18:50:10.224,0.92416,0.92443,3.00,2.25
2012.02.15 18:50:10.325,0.92419,0.92449,2.25,2.25
2012.02.15 18:50:10.567,0.92425,0.92452,2.25,2.25
2012.02.15 18:50:10.765,0.9242,0.92448,2.25,2.25
2012.02.15 18:50:12.055,0.92412,0.92442,3.75,2.25
2012.02.15 18:50:12.201,0.92412,0.92442,3.00,2.25
2012.02.15 18:50:12.320,0.92412,0.92442,3.00,2.25
2012.02.15 18:50:12.447,0.92414,0.92444,3.00,2.25
2012.02.15 18:50:12.640,0.9242,0.92448,2.25,2.63
2012.02.15 18:50:13.350,0.92424,0.92452,2.25,2.25
2012.02.15 18:50:14.562,0.92421,0.92451,2.25,2.25
2012.02.15 18:50:15.133,0.92423,0.92451,2.25,2.25
2012.02.15 18:50:15.229,0.92421,0.92451,2.25,2.25
2012.02.15 18:50:15.473,0.92418,0.92445,2.25,2.25
2012.02.15 18:50:15.594,0.92413,0.92442,2.63,2.25
2012.02.15 18:50:15.654,0.92418,0.92447,2.25,2.25
2012.02.15 18:50:16.147,0.92428,0.92455,2.25,2.63
2012.02.15 18:50:16.298,0.92419,0.92446,2.25,2.25
2012.02.15 18:50:17.025,0.92423,0.92451,2.25,2.25
2012.02.15 18:50:17.630,0.92418,0.92446,2.25,2.25
2012.02.15 18:50:18.158,0.92421,0.92449,2.25,2.25
2012.02.15 18:50:18.215,0.92425,0.92454,2.25,2.25
2012.02.15 18:50:18.999,0.92427,0.92454,2.25,2.25
2012.02.15 18:50:19.706,0.92425,0.92454,2.25,2.25
2012.02.15 18:50:20.654,0.92424,0.92453,2.25,2.25
2012.02.15 18:50:21.027,0.92426,0.92453,2.25,2.25
2012.02.15 18:50:21.924,0.92425,0.92452,2.25,2.25
2012.02.15 18:50:22.735,0.92425,0.92454,2.25,2.25
2012.02.15 18:50:23.406,0.92426,0.92455,2.25,2.25
2012.02.15 18:50:24.396,0.92425,0.92454,2.25,2.25
2012.02.15 18:50:26.756,0.92425,0.92452,2.25,2.25
2012.02.15 18:50:27.330,0.92425,0.92454,2.25,2.25
2012.02.15 18:50:30.068,0.92425,0.92454,2.25,2.85
2012.02.15 18:50:30.177,0.92422,0.92451,2.25,2.25
2012.02.15 18:50:30.404,0.92425,0.92452,2.25,2.85
2012.02.15 18:50:32.376,0.9242,0.92448,2.85,2.25
2012.02.15 18:50:32.815,0.92416,0.92446,3.00,2.25
2012.02.15 18:50:35.117,0.92422,0.92449,2.25,2.25
2012.02.15 18:50:36.806,0.92417,0.92445,2.25,2.25
2012.02.15 18:50:37.663,0.92417,0.92447,2.25,2.25
2012.02.15 18:50:37.736,0.92413,0.92442,2.25,2.25
2012.02.15 18:50:38.334,0.92409,0.92437,2.25,2.25
2012.02.15 18:50:38.741,0.92411,0.92439,2.25,2.25
2012.02.15 18:50:42.117,0.92408,0.92438,2.25,2.25
2012.02.15 18:50:42.392,0.92409,0.92436,2.25,2.25
2012.02.15 18:50:42.959,0.9241,0.92437,2.25,2.25
2012.02.15 18:50:43.886,0.92409,0.92436,2.25,2.25
2012.02.15 18:50:45.048,0.92409,0.92436,2.85,2.25
2012.02.15 18:50:46.424,0.92419,0.92447,2.25,2.25
2012.02.15 18:50:47.627,0.92423,0.92452,2.25,2.25
2012.02.15 18:50:50.636,0.9242,0.92448,2.25,2.25
2012.02.15 18:50:50.826,0.92421,0.9245,2.25,2.25
2012.02.15 18:50:52.206,0.92417,0.92446,2.25,2.25
2012.02.15 18:50:52.688,0.92425,0.92452,2.25,2.85
2012.02.15 18:50:53.198,0.92426,0.92453,2.25,2.85
2012.02.15 18:50:54.784,0.92427,0.92454,2.25,2.25
2012.02.15 18:50:55.580,0.92424,0.92453,2.25,2.25
2012.02.15 18:50:57.086,0.92426,0.92453,2.25,2.25
2012.02.15 18:50:59.415,0.92424,0.92453,2.25,2.25
2012.02.15 18:51:00.825,0.92426,0.92453,2.25,2.25
2012.02.15 18:51:01.155,0.92424,0.92453,2.25,2.25
2012.02.15 18:51:06.860,0.92426,0.92453,2.25,2.25
2012.02.15 18:51:08.096,0.92429,0.92457,2.25,2.85
2012.02.15 18:51:09.832,0.92431,0.92461,2.25,2.85
2012.02.15 18:51:09.894,0.92436,0.92464,2.25,3.23
2012.02.15 18:51:10.643,0.92433,0.92463,2.25,2.63
2012.02.15 18:51:12.305,0.9243,0.9246,2.25,2.25
2012.02.15 18:51:12.735,0.9243,0.92458,2.25,2.25
2012.02.15 18:51:12.854,0.92428,0.92458,2.25,2.25
2012.02.15 18:51:16.795,0.92424,0.92453,2.25,2.25
2012.02.15 18:51:17.555,0.92425,0.92454,2.25,2.25
2012.02.15 18:51:22.326,0.92428,0.92455,2.25,2.25
2012.02.15 18:51:23.055,0.92431,0.92461,2.25,2.25
2012.02.15 18:51:31.902,0.92436,0.92464,2.25,2.25
2012.02.15 18:51:32.550,0.92432,0.92459,2.25,2.25
2012.02.15 18:51:33.423,0.92429,0.92456,2.25,2.25
2012.02.15 18:51:33.485,0.92431,0.92461,2.25,2.25
2012.02.15 18:51:36.491,0.9243,0.9246,2.25,2.25
2012.02.15 18:51:36.556,0.9243,0.92458,2.25,2.25
2012.02.15 18:51:44.311,0.92431,0.92459,2.25,2.25
2012.02.15 18:51:47.888,0.92428,0.92458,2.25,2.25
2012.02.15 18:51:54.657,0.92427,0.92457,2.25,2.25
2012.02.15 18:51:55.085,0.92427,0.92455,2.25,2.25
2012.02.15 18:51:55.511,0.92423,0.92453,2.25,2.25
2012.02.15 18:51:55.955,0.92421,0.92451,3.23,2.25
2012.02.15 18:51:56.284,0.92425,0.92452,2.25,2.25
2012.02.15 18:51:56.946,0.92424,0.92453,2.25,2.25
2012.02.15 18:51:57.720,0.92424,0.92451,2.25,2.25
2012.02.15 18:51:58.635,0.92428,0.92458,2.25,2.25
2012.02.15 18:51:59.997,0.92428,0.92458,4.35,2.25
2012.02.15 18:52:00.476,0.92439,0.92466,2.25,2.63
2012.02.15 18:52:00.535,0.92434,0.92462,2.25,2.25
2012.02.15 18:52:02.017,0.92429,0.92457,2.25,2.25
2012.02.15 18:52:02.571,0.92425,0.92452,2.25,2.25
2012.02.15 18:52:03.715,0.92426,0.92453,2.25,2.25
2012.02.15 18:52:03.854,0.92429,0.92458,2.25,2.25
2012.02.15 18:52:03.974,0.92434,0.92462,2.25,2.63
2012.02.15 18:52:04.034,0.92432,0.92462,2.25,2.63
2012.02.15 18:52:04.816,0.92429,0.92456,2.25,2.25
2012.02.15 18:52:08.626,0.92423,0.92453,2.25,2.25
2012.02.15 18:52:09.175,0.92424,0.92454,2.25,2.25
2012.02.15 18:52:09.617,0.92426,0.92454,2.25,2.25
2012.02.15 18:52:12.624,0.92422,0.9245,2.25,2.25
2012.02.15 18:52:12.954,0.92426,0.92454,2.25,2.25
2012.02.15 18:52:14.448,0.92424,0.92454,2.25,2.25
2012.02.15 18:52:15.236,0.92426,0.92454,2.25,2.25
2012.02.15 18:52:15.714,0.9243,0.92457,2.25,2.25
2012.02.15 18:52:16.655,0.9243,0.92459,2.25,2.25
2012.02.15 18:52:17.917,0.92429,0.92458,2.25,2.25
2012.02.15 18:52:28.960,0.92426,0.92454,2.25,2.25
2012.02.15 18:52:32.099,0.92427,0.92455,2.25,2.25
2012.02.15 18:52:33.334,0.92431,0.9246,2.25,2.25
2012.02.15 18:52:33.407,0.92431,0.92458,2.25,2.25
2012.02.15 18:52:33.846,0.92429,0.92458,2.25,2.25
2012.02.15 18:52:36.394,0.9243,0.92459,2.25,2.25
2012.02.15 18:52:37.726,0.92429,0.92456,2.25,2.25
2012.02.15 18:52:38.151,0.92429,0.92459,2.25,2.25
2012.02.15 18:52:38.249,0.92429,0.92457,2.25,2.25
2012.02.15 18:52:38.394,0.92429,0.92459,2.25,2.25
2012.02.15 18:52:40.306,0.92432,0.9246,2.25,2.25
2012.02.15 18:52:40.798,0.92428,0.92455,2.25,2.25
2012.02.15 18:52:41.147,0.92429,0.92458,2.25,2.25
2012.02.15 18:52:41.386,0.92432,0.92459,2.25,2.25
2012.02.15 18:52:41.907,0.92432,0.92461,2.25,2.25
2012.02.15 18:52:41.974,0.92427,0.92457,2.25,2.25
2012.02.15 18:52:45.113,0.92433,0.9246,2.25,2.25
2012.02.15 18:52:49.117,0.92427,0.92457,2.25,2.25
2012.02.15 18:52:51.138,0.92433,0.9246,2.25,2.25
2012.02.15 18:52:54.516,0.92432,0.9246,2.25,2.25
2012.02.15 18:52:57.436,0.92431,0.92459,2.25,2.25
2012.02.15 18:52:57.877,0.92436,0.92463,2.25,2.25
2012.02.15 18:52:59.736,0.92437,0.92464,2.25,2.25
2012.02.15 18:52:59.871,0.92431,0.92461,2.25,2.25
2012.02.15 18:53:00.398,0.9243,0.9246,2.63,2.25
2012.02.15 18:53:01.324,0.9244,0.92468,2.25,2.63
2012.02.15 18:53:04.578,0.9244,0.9247,2.25,2.25
2012.02.15 18:53:05.896,0.92439,0.92469,2.25,2.25
2012.02.15 18:53:08.538,0.9244,0.9247,2.25,2.25
2012.02.15 18:53:13.822,0.92443,0.92471,2.25,2.25
2012.02.15 18:53:22.616,0.9245,0.92478,2.25,2.85
2012.02.15 18:53:22.857,0.92442,0.92472,2.25,2.25
2012.02.15 18:53:22.917,0.92437,0.92467,2.25,2.25
2012.02.15 18:53:26.980,0.92437,0.92465,2.25,2.25
2012.02.15 18:53:27.855,0.92435,0.92465,2.25,2.25
2012.02.15 18:53:28.104,0.92434,0.92462,2.25,2.25
2012.02.15 18:53:37.230,0.92438,0.92466,2.25,2.25
2012.02.15 18:53:37.792,0.92442,0.9247,2.25,2.63
2012.02.15 18:53:39.638,0.92442,0.9247,2.25,2.25
2012.02.15 18:53:41.009,0.92441,0.92469,2.25,2.25
2012.02.15 18:53:45.016,0.92437,0.92464,2.25,2.25
2012.02.15 18:53:53.067,0.92441,0.92469,2.25,2.25
2012.02.15 18:54:00.096,0.92436,0.92465,2.25,2.25
2012.02.15 18:54:02.301,0.92437,0.92466,2.25,2.25
2012.02.15 18:54:07.340,0.92437,0.92464,2.25,2.25
2012.02.15 18:54:10.867,0.92434,0.92463,2.25,2.25
2012.02.15 18:54:11.220,0.92433,0.9246,2.25,2.25
2012.02.15 18:54:11.471,0.9243,0.92459,2.63,2.25
2012.02.15 18:54:16.310,0.9243,0.92459,2.25,2.25
2012.02.15 18:54:18.009,0.92433,0.9246,2.25,2.25
2012.02.15 18:54:20.567,0.9243,0.92457,2.25,2.25
2012.02.15 18:54:21.339,0.92432,0.92461,2.25,2.25
2012.02.15 18:54:21.404,0.9243,0.92457,2.25,2.25
2012.02.15 18:54:21.707,0.92424,0.92453,2.25,2.25
2012.02.15 18:54:21.888,0.92426,0.92453,2.25,2.25
2012.02.15 18:54:22.210,0.92429,0.92458,2.25,2.25
2012.02.15 18:54:24.413,0.92432,0.92459,2.25,2.25
2012.02.15 18:54:24.624,0.9243,0.92459,2.25,2.25
2012.02.15 18:54:25.487,0.92431,0.9246,2.25,2.25
2012.02.15 18:54:26.598,0.92431,0.92458,2.25,2.25
2012.02.15 18:54:27.228,0.92431,0.92458,2.85,2.25
2012.02.15 18:54:28.357,0.92434,0.92464,2.25,2.25
2012.02.15 18:54:31.342,0.92433,0.92463,3.23,2.25
2012.02.15 18:54:31.467,0.92443,0.92472,2.25,2.25
2012.02.15 18:54:35.537,0.92439,0.92468,2.25,2.25
2012.02.15 18:54:36.355,0.92434,0.92464,2.63,2.25
2012.02.15 18:54:38.795,0.92434,0.92462,2.25,2.25
2012.02.15 18:54:39.320,0.92433,0.92463,2.85,2.25
2012.02.15 18:54:40.641,0.92439,0.92466,2.25,2.25
2012.02.15 18:54:41.204,0.92436,0.92463,2.25,2.25
2012.02.15 18:54:41.981,0.92434,0.92461,2.25,2.25
2012.02.15 18:54:43.080,0.92435,0.92462,2.25,2.25
2012.02.15 18:54:43.523,0.92433,0.92462,2.85,2.25
2012.02.15 18:54:44.366,0.92434,0.92463,2.25,2.25
2012.02.15 18:54:45.503,0.92436,0.92465,2.25,2.25
2012.02.15 18:54:47.209,0.92435,0.92464,2.25,2.25
2012.02.15 18:54:48.341,0.92431,0.92459,2.85,2.25
2012.02.15 18:54:48.576,0.92435,0.92464,2.25,2.25
2012.02.15 18:54:52.520,0.92435,0.92462,2.25,2.25
2012.02.15 18:54:53.510,0.92436,0.92463,2.25,2.25
2012.02.15 18:54:54.864,0.92435,0.92462,2.25,2.25
2012.02.15 18:54:55.120,0.92433,0.92463,2.85,2.25
2012.02.15 18:54:55.453,0.9243,0.92458,2.63,2.25
2012.02.15 18:54:55.743,0.9243,0.92458,2.25,2.25
2012.02.15 18:54:56.364,0.92431,0.92461,2.25,2.25
2012.02.15 18:54:56.440,0.92437,0.92466,2.25,2.25
2012.02.15 18:54:56.863,0.92435,0.92464,2.85,2.25
2012.02.15 18:55:03.462,0.92435,0.92464,2.25,2.25
2012.02.15 18:55:03.771,0.92432,0.92461,2.25,2.25
2012.02.15 18:55:04.277,0.92434,0.92461,2.25,2.25
2012.02.15 18:55:04.339,0.92434,0.92463,2.25,2.25
2012.02.15 18:55:04.975,0.92434,0.92461,2.25,2.25
2012.02.15 18:55:06.522,0.92434,0.92463,2.25,2.25
2012.02.15 18:55:12.250,0.92427,0.92454,1.35,2.25
2012.02.15 18:55:12.377,0.92434,0.92463,2.25,2.63
2012.02.15 18:55:15.059,0.92435,0.92462,2.25,2.25
2012.02.15 18:55:15.561,0.92434,0.92461,2.25,2.25
2012.02.15 18:55:23.824,0.92435,0.92462,2.25,2.25
2012.02.15 18:55:26.395,0.92435,0.92464,2.25,2.25
2012.02.15 18:55:31.790,0.92431,0.9246,2.25,2.25
2012.02.15 18:55:32.186,0.92436,0.92463,2.25,2.25
2012.02.15 18:55:35.240,0.92431,0.92459,2.25,2.25
2012.02.15 18:55:35.367,0.92431,0.92461,2.25,2.25
2012.02.15 18:55:37.148,0.92431,0.92459,2.25,2.25
2012.02.15 18:55:45.411,0.92434,0.92464,2.25,2.85
2012.02.15 18:55:45.732,0.92428,0.92455,2.25,2.25
2012.02.15 18:55:45.806,0.92423,0.92451,2.25,2.25
2012.02.15 18:55:46.734,0.92421,0.9245,1.35,2.25
2012.02.15 18:55:46.976,0.9242,0.9245,2.25,2.25
2012.02.15 18:55:47.558,0.92425,0.92454,2.25,2.25
2012.02.15 18:55:49.858,0.92424,0.92453,2.25,2.25
2012.02.15 18:55:54.871,0.92424,0.92451,2.25,2.25
2012.02.15 18:55:55.032,0.92422,0.92451,2.25,2.25
2012.02.15 18:55:55.698,0.9242,0.92447,2.25,2.25
2012.02.15 18:55:56.233,0.92421,0.92448,2.25,2.25
2012.02.15 18:55:58.539,0.92419,0.92448,2.25,2.25
2012.02.15 18:56:00.343,0.92414,0.92443,3.23,2.25
2012.02.15 18:56:00.939,0.92415,0.92444,2.25,2.25
2012.02.15 18:56:03.128,0.92413,0.92443,2.25,2.25
2012.02.15 18:56:03.950,0.92413,0.92443,3.00,2.25
2012.02.15 18:56:04.719,0.92424,0.92451,2.25,2.63
2012.02.15 18:56:05.933,0.92424,0.92451,2.25,2.25
2012.02.15 18:56:06.402,0.92422,0.92449,2.25,2.25
2012.02.15 18:56:10.681,0.9242,0.92449,2.25,2.25
2012.02.15 18:56:10.753,0.92414,0.92444,2.25,2.25
2012.02.15 18:56:10.821,0.92409,0.92439,2.63,2.25
2012.02.15 18:56:12.070,0.92409,0.92439,2.25,2.25
2012.02.15 18:56:14.069,0.92414,0.92444,2.25,2.25
2012.02.15 18:56:19.107,0.9242,0.92447,2.25,2.25
2012.02.15 18:56:21.005,0.92418,0.92445,2.25,2.25
2012.02.15 18:56:22.070,0.92417,0.92444,2.25,2.25
2012.02.15 18:56:22.323,0.9242,0.9245,2.25,2.25
2012.02.15 18:56:22.513,0.92409,0.92439,3.60,2.25
2012.02.15 18:56:23.224,0.92414,0.92444,2.25,2.25
2012.02.15 18:56:23.294,0.92423,0.92453,2.25,2.25
2012.02.15 18:56:23.591,0.92415,0.92443,2.25,2.25
2012.02.15 18:56:24.051,0.92409,0.92439,2.25,2.25
2012.02.15 18:56:24.372,0.92415,0.92443,2.25,2.25
2012.02.15 18:56:25.464,0.92413,0.92441,2.25,2.25
2012.02.15 18:56:25.701,0.92413,0.92443,2.25,2.25
2012.02.15 18:56:27.002,0.92416,0.92444,2.25,2.25
2012.02.15 18:56:27.517,0.92411,0.92439,3.00,2.25
2012.02.15 18:56:28.223,0.92415,0.92445,2.63,2.25
2012.02.15 18:56:28.293,0.92413,0.92443,2.25,2.25
2012.02.15 18:56:28.477,0.92415,0.92443,2.25,2.25
2012.02.15 18:56:28.692,0.92415,0.92445,2.25,2.25
2012.02.15 18:56:28.819,0.9241,0.9244,2.63,2.25
2012.02.15 18:56:29.445,0.9241,0.92438,2.63,2.25
2012.02.15 18:56:33.718,0.92414,0.92442,2.25,2.25
2012.02.15 18:56:33.805,0.92415,0.92445,2.25,2.25
2012.02.15 18:56:33.932,0.92407,0.92435,2.63,2.25
2012.02.15 18:56:34.084,0.92407,0.92437,2.63,2.25
2012.02.15 18:56:34.209,0.92408,0.92439,2.63,2.25
2012.02.15 18:56:36.388,0.9241,0.92438,2.25,2.25
2012.02.15 18:56:36.712,0.9241,0.9244,2.25,2.25
2012.02.15 18:56:37.150,0.92412,0.9244,2.25,2.25
2012.02.15 18:56:39.046,0.92414,0.92442,2.25,2.25
2012.02.15 18:56:39.717,0.92415,0.92443,2.25,2.25
2012.02.15 18:56:41.339,0.92411,0.92442,2.25,2.25
2012.02.15 18:56:41.402,0.92418,0.92446,2.25,2.25
2012.02.15 18:56:43.840,0.92418,0.92445,2.25,2.25
2012.02.15 18:56:45.798,0.92416,0.92445,2.25,2.25
2012.02.15 18:56:46.263,0.92418,0.92445,2.25,2.25
2012.02.15 18:56:46.373,0.92417,0.92447,2.25,2.25
2012.02.15 18:56:47.304,0.92417,0.92446,2.25,2.25
2012.02.15 18:56:48.679,0.92416,0.92445,2.25,2.25
2012.02.15 18:56:51.339,0.92412,0.9244,2.25,2.25
2012.02.15 18:56:51.676,0.92418,0.92445,2.25,2.25
2012.02.15 18:56:53.403,0.92417,0.92444,2.25,2.25
2012.02.15 18:57:00.563,0.92419,0.92446,2.25,2.25
2012.02.15 18:57:00.710,0.9242,0.92449,2.25,2.63
2012.02.15 18:57:00.779,0.92423,0.92452,2.25,2.63
2012.02.15 18:57:00.911,0.92423,0.92452,2.25,2.25
2012.02.15 18:57:01.048,0.92422,0.92449,2.25,2.25
2012.02.15 18:57:02.301,0.92425,0.92452,2.25,2.25
2012.02.15 18:57:04.502,0.92427,0.92454,2.25,2.25
2012.02.15 18:57:06.210,0.9243,0.92457,2.25,2.25
2012.02.15 18:57:06.281,0.9243,0.92459,2.25,2.25
2012.02.15 18:57:06.347,0.92432,0.92461,2.25,2.63
2012.02.15 18:57:06.854,0.92431,0.92458,2.25,2.25
2012.02.15 18:57:08.108,0.92428,0.92455,2.25,2.25
2012.02.15 18:57:08.738,0.92427,0.92454,2.25,2.25
2012.02.15 18:57:09.434,0.92421,0.92451,2.25,2.25
2012.02.15 18:57:10.161,0.92426,0.92455,2.25,2.25
2012.02.15 18:57:11.955,0.92422,0.92449,2.25,2.25
2012.02.15 18:57:12.080,0.92424,0.92452,2.25,2.25
2012.02.15 18:57:12.249,0.92422,0.92452,2.25,2.25
2012.02.15 18:57:12.950,0.92424,0.92454,2.25,2.25
2012.02.15 18:57:13.302,0.92424,0.92452,2.25,2.25
2012.02.15 18:57:13.919,0.92414,0.92444,2.63,2.25
2012.02.15 18:57:14.297,0.92422,0.9245,2.25,2.25
2012.02.15 18:57:16.479,0.92425,0.92453,2.25,2.25
2012.02.15 18:57:19.605,0.92419,0.92449,2.25,2.25
2012.02.15 18:57:19.901,0.92417,0.92445,2.25,2.25
2012.02.15 18:57:21.786,0.92422,0.92449,2.25,2.25
2012.02.15 18:57:22.752,0.9242,0.92449,2.25,2.25
2012.02.15 18:57:23.239,0.92419,0.92446,2.25,2.25
2012.02.15 18:57:23.641,0.92415,0.92444,2.25,2.25
2012.02.15 18:57:24.194,0.92419,0.92446,2.25,2.25
2012.02.15 18:57:24.636,0.92419,0.92448,2.25,2.25
2012.02.15 18:57:24.854,0.92421,0.92448,2.25,2.25
2012.02.15 18:57:25.663,0.92418,0.92445,2.25,2.25
2012.02.15 18:57:26.938,0.92416,0.92443,2.25,2.25
2012.02.15 18:57:27.617,0.92413,0.9244,2.25,2.25
2012.02.15 18:57:28.251,0.92416,0.92445,2.25,2.25
2012.02.15 18:57:28.320,0.92416,0.92443,2.25,2.25
2012.02.15 18:57:28.437,0.92414,0.92443,2.25,2.25
2012.02.15 18:57:30.170,0.92413,0.92442,2.25,2.25
2012.02.15 18:57:30.727,0.92412,0.92439,2.63,2.25
2012.02.15 18:57:31.122,0.9241,0.92437,2.63,2.25
2012.02.15 18:57:31.253,0.9241,0.92437,2.25,2.25
2012.02.15 18:57:31.322,0.92404,0.92433,2.25,2.25
2012.02.15 18:57:31.861,0.92404,0.92433,3.00,2.25
2012.02.15 18:57:31.949,0.92414,0.92442,2.25,2.25
2012.02.15 18:57:32.012,0.92416,0.92444,2.25,2.25
2012.02.15 18:57:32.078,0.92414,0.92444,2.25,2.25
2012.02.15 18:57:32.280,0.92417,0.92445,2.25,2.25
2012.02.15 18:57:36.377,0.92413,0.92443,2.25,2.25
2012.02.15 18:57:37.336,0.92412,0.92442,2.25,2.25
2012.02.15 18:57:39.239,0.92413,0.92443,2.25,2.25
2012.02.15 18:57:39.575,0.92416,0.92446,2.25,2.25
2012.02.15 18:57:39.879,0.92414,0.92444,2.25,2.25
2012.02.15 18:57:42.359,0.9241,0.92438,2.25,2.25
2012.02.15 18:57:42.812,0.92404,0.92433,3.23,2.25
2012.02.15 18:57:42.877,0.92414,0.92442,2.25,2.25
2012.02.15 18:57:43.203,0.92416,0.92446,2.25,2.25
2012.02.15 18:57:44.027,0.92417,0.92447,2.25,2.25
2012.02.15 18:57:44.093,0.92412,0.92442,2.25,2.25
2012.02.15 18:57:45.406,0.92417,0.92447,2.25,2.25
2012.02.15 18:57:46.059,0.92416,0.92446,2.25,2.25
2012.02.15 18:57:46.712,0.92417,0.92445,2.25,2.25
2012.02.15 18:57:46.781,0.92418,0.92448,2.25,2.25
2012.02.15 18:57:47.821,0.92413,0.92443,2.25,2.25
2012.02.15 18:57:48.529,0.92407,0.92436,2.63,2.25
2012.02.15 18:57:48.601,0.92411,0.92441,2.25,2.25
2012.02.15 18:57:49.745,0.92416,0.92446,2.25,2.25
2012.02.15 18:57:50.942,0.92418,0.92446,2.25,2.25
2012.02.15 18:57:51.459,0.92415,0.92445,2.25,2.25
2012.02.15 18:57:51.520,0.92417,0.92445,2.25,2.25
2012.02.15 18:57:52.397,0.92416,0.92444,2.25,2.25
2012.02.15 18:57:53.963,0.92416,0.92446,2.25,2.25
2012.02.15 18:57:55.891,0.92412,0.9244,2.25,2.25
2012.02.15 18:57:58.091,0.9241,0.9244,2.25,2.25
2012.02.15 18:57:58.202,0.92408,0.92438,2.25,2.25
2012.02.15 18:57:59.458,0.92402,0.9243,3.38,2.25
2012.02.15 18:57:59.923,0.92407,0.92436,2.25,2.25
2012.02.15 18:58:02.755,0.92411,0.92438,2.25,2.25
2012.02.15 18:58:02.821,0.92411,0.9244,2.25,2.25
2012.02.15 18:58:04.820,0.9241,0.92439,2.25,2.25
2012.02.15 18:58:06.059,0.92411,0.9244,2.25,2.25
2012.02.15 18:58:06.561,0.92411,0.92438,2.25,2.25
2012.02.15 18:58:08.103,0.9241,0.92437,2.25,2.25
2012.02.15 18:58:09.067,0.92407,0.92439,2.25,2.25
2012.02.15 18:58:11.653,0.92403,0.92434,2.63,2.25
2012.02.15 18:58:12.199,0.92403,0.92434,2.63,2.25
2012.02.15 18:58:13.772,0.92402,0.92433,2.63,2.25
2012.02.15 18:58:14.327,0.92406,0.92438,2.25,2.25
2012.02.15 18:58:14.451,0.92406,0.92436,2.25,2.25
2012.02.15 18:58:16.062,0.92411,0.92443,2.25,2.25
2012.02.15 18:58:19.380,0.92412,0.92444,2.25,2.25
2012.02.15 18:58:19.879,0.92415,0.92445,2.25,2.25
2012.02.15 18:58:20.179,0.92415,0.92447,2.25,2.25
2012.02.15 18:58:20.304,0.92419,0.92449,2.25,2.25
2012.02.15 18:58:22.242,0.92416,0.92448,2.25,2.25
2012.02.15 18:58:22.926,0.92417,0.92449,2.25,2.25
2012.02.15 18:58:22.993,0.92417,0.92447,2.25,2.25
2012.02.15 18:58:23.703,0.92411,0.92443,2.25,2.25
2012.02.15 18:58:25.460,0.92413,0.92443,2.25,2.25
2012.02.15 18:58:26.010,0.92411,0.92443,2.25,2.25
2012.02.15 18:58:28.303,0.92412,0.92444,2.25,2.25
2012.02.15 18:58:29.038,0.92411,0.92443,2.25,2.25
2012.02.15 18:58:30.420,0.92412,0.92444,2.25,2.25
2012.02.15 18:58:30.935,0.92414,0.92446,2.25,2.25
2012.02.15 18:58:31.241,0.92411,0.92441,2.25,2.25
2012.02.15 18:58:31.317,0.92414,0.92445,2.25,2.25
2012.02.15 18:58:33.178,0.92413,0.92446,2.25,2.25
2012.02.15 18:58:35.313,0.92414,0.92445,2.25,2.25
2012.02.15 18:58:37.884,0.92411,0.92441,2.63,2.25
2012.02.15 18:58:38.919,0.92411,0.92443,2.63,2.25
2012.02.15 18:58:39.036,0.92415,0.92445,2.25,2.25
2012.02.15 18:58:40.672,0.92414,0.92447,2.25,2.25
2012.02.15 18:58:40.808,0.92411,0.92443,2.63,2.25
2012.02.15 18:58:41.459,0.92414,0.92446,2.25,2.25
2012.02.15 18:58:45.511,0.92414,0.92447,2.25,2.25
2012.02.15 18:58:45.872,0.92415,0.92445,2.25,2.25
2012.02.15 18:58:46.869,0.92415,0.92446,2.25,2.25
2012.02.15 18:58:49.921,0.92419,0.92449,2.25,2.25
2012.02.15 18:58:52.938,0.92414,0.92447,2.25,2.25
2012.02.15 18:58:53.402,0.9242,0.92452,2.25,2.25
2012.02.15 18:58:54.190,0.92419,0.92451,2.25,2.25
2012.02.15 18:59:00.420,0.92419,0.92452,2.25,2.25
2012.02.15 18:59:00.473,0.92424,0.92455,2.25,2.25
2012.02.15 18:59:02.490,0.92424,0.92454,2.25,2.25
2012.02.15 18:59:04.158,0.92417,0.92455,2.63,2.25
2012.02.15 18:59:05.088,0.92419,0.92454,2.25,2.25
2012.02.15 18:59:05.910,0.92419,0.92455,2.25,2.25
2012.02.15 18:59:06.908,0.92419,0.92454,2.25,2.25
2012.02.15 18:59:07.846,0.92418,0.92453,2.25,2.25
2012.02.15 18:59:12.389,0.92422,0.92453,2.25,2.25
2012.02.15 18:59:17.345,0.92417,0.92458,2.25,2.63
2012.02.15 18:59:17.852,0.92411,0.92465,3.00,3.00
2012.02.15 18:59:19.377,0.92416,0.92469,2.63,3.00
2012.02.15 18:59:22.001,0.92418,0.92471,3.00,2.63
2012.02.15 18:59:25.987,0.92423,0.92477,3.00,3.00
2012.02.15 18:59:28.389,0.92423,0.92477,3.00,3.00
2012.02.15 18:59:29.413,0.92428,0.92482,3.00,3.00
2012.02.15 18:59:32.884,0.92424,0.92476,2.63,3.00
2012.02.15 18:59:34.321,0.92424,0.92476,2.63,3.00
2012.02.15 18:59:36.693,0.92424,0.92476,2.63,3.00
2012.02.15 18:59:37.830,0.92423,0.9248,2.63,3.00
2012.02.15 18:59:39.677,0.92426,0.9248,2.63,3.00
2012.02.15 18:59:40.362,0.92431,0.92485,2.25,3.00
2012.02.15 18:59:40.582,0.92431,0.92485,2.63,3.00
2012.02.15 18:59:42.180,0.92435,0.92489,2.25,3.00
2012.02.15 18:59:42.993,0.92436,0.92488,2.25,3.00
2012.02.15 18:59:43.104,0.92436,0.92488,2.63,3.00
2012.02.15 18:59:45.441,0.92436,0.92488,2.25,2.25
2012.02.15 18:59:45.568,0.92432,0.92484,2.25,2.25
2012.02.15 18:59:46.331,0.92422,0.92474,2.25,2.25
2012.02.15 18:59:46.608,0.92431,0.92485,2.25,2.25
2012.02.15 18:59:48.122,0.92433,0.92484,2.25,2.25
2012.02.15 18:59:48.711,0.92431,0.92485,2.25,2.25
2012.02.15 18:59:49.308,0.92427,0.92479,2.25,2.25
2012.02.15 18:59:49.988,0.92407,0.925,3.00,3.00
2012.02.15 18:59:50.459,0.92407,0.925,2.25,2.25
2012.02.15 18:59:53.877,0.92387,0.92513,1.45,1.45
2012.02.15 18:59:55.435,0.92377,0.92527,1.35,1.35
2012.02.15 18:59:56.358,0.92377,0.92527,1.35,1.35
2012.02.15 18:59:56.478,0.92377,0.92527,1.35,1.35
2012.02.15 18:59:57.838,0.92377,0.92527,1.35,1.35
2012.02.15 18:59:59.747,0.92377,0.92527,1.35,1.35
