2018.05.01 06:00:00.087,0.77326,0.77344,1.00,1.00
2018.05.01 06:00:00.432,0.7733,0.77347,1.00,1.00
2018.05.01 06:00:00.937,0.77329,0.77348,1.00,1.50
2018.05.01 06:00:01.288,0.77329,0.77346,1.00,1.50
2018.05.01 06:00:02.049,0.77328,0.77347,1.00,1.50
2018.05.01 06:00:02.536,0.77329,0.77345,1.00,1.50
2018.05.01 06:00:02.587,0.77327,0.77345,1.00,1.00
2018.05.01 06:00:03.091,0.77328,0.77347,1.00,1.50
2018.05.01 06:00:03.142,0.7733,0.77347,1.00,1.50
2018.05.01 06:00:05.530,0.77329,0.77346,1.00,1.00
2018.05.01 06:00:06.109,0.77329,0.77348,1.00,1.50
2018.05.01 06:00:08.063,0.77329,0.77347,1.00,1.00
2018.05.01 06:00:08.470,0.77328,0.77345,1.00,1.00
2018.05.01 06:00:10.718,0.77327,0.77344,1.00,1.50
2018.05.01 06:00:16.160,0.77328,0.77344,1.00,1.00
2018.05.01 06:00:16.776,0.77327,0.77344,1.00,1.50
2018.05.01 06:00:30.372,0.77328,0.77344,1.00,1.00
2018.05.01 06:00:31.169,0.77327,0.77345,1.00,1.00
2018.05.01 06:00:32.078,0.77327,0.77344,1.00,1.00
2018.05.01 06:00:34.428,0.77326,0.77343,1.00,1.00
2018.05.01 06:00:37.997,0.77325,0.77342,1.50,1.00
2018.05.01 06:00:38.202,0.77323,0.77342,1.00,1.00
2018.05.01 06:00:38.253,0.77323,0.7734,1.00,1.00
2018.05.01 06:00:38.776,0.77322,0.77339,1.50,1.00
2018.05.01 06:00:38.982,0.77323,0.77342,1.00,1.00
2018.05.01 06:00:39.398,0.77323,0.7734,1.00,1.00
2018.05.01 06:00:41.206,0.77322,0.7734,1.00,1.00
2018.05.01 06:00:47.871,0.77322,0.77339,1.00,1.00
2018.05.01 06:00:48.417,0.77323,0.77339,1.00,1.00
2018.05.01 06:00:50.069,0.77322,0.77338,1.00,1.00
2018.05.01 06:00:58.609,0.77319,0.77335,1.00,1.00
2018.05.01 06:00:58.711,0.77317,0.77334,1.00,1.00
2018.05.01 06:00:59.319,0.77317,0.77333,1.00,1.00
2018.05.01 06:01:00.264,0.77317,0.77335,1.00,1.50
2018.05.01 06:01:00.784,0.77318,0.77334,1.00,1.00
2018.05.01 06:01:01.295,0.77317,0.77334,1.00,1.00
2018.05.01 06:01:02.291,0.77317,0.77333,1.00,1.00
2018.05.01 06:01:03.333,0.77317,0.77334,1.00,1.00
2018.05.01 06:01:04.116,0.77318,0.77334,1.00,1.00
2018.05.01 06:01:05.060,0.77317,0.77334,1.00,1.00
2018.05.01 06:01:06.668,0.77317,0.77333,1.00,1.00
2018.05.01 06:01:09.735,0.77318,0.77335,1.00,1.00
2018.05.01 06:01:13.916,0.77317,0.77334,1.00,1.00
2018.05.01 06:01:19.428,0.77317,0.77333,1.00,1.00
2018.05.01 06:01:29.198,0.77317,0.77334,1.00,1.00
2018.05.01 06:01:30.601,0.77317,0.77333,1.00,1.00
2018.05.01 06:01:39.657,0.77316,0.77332,1.50,1.00
2018.05.01 06:01:40.346,0.77317,0.77333,1.00,1.00
2018.05.01 06:01:51.294,0.77315,0.7733,1.00,1.00
2018.05.01 06:01:51.345,0.77313,0.77331,1.50,1.00
2018.05.01 06:01:51.396,0.77313,0.77329,1.00,1.00
2018.05.01 06:01:51.965,0.77314,0.7733,1.00,1.00
2018.05.01 06:01:52.631,0.77315,0.77331,1.00,1.00
2018.05.01 06:01:59.005,0.77313,0.77329,1.00,1.00
2018.05.01 06:01:59.308,0.77315,0.77331,1.00,1.00
2018.05.01 06:01:59.360,0.77313,0.77331,1.00,1.00
2018.05.01 06:01:59.411,0.77316,0.77332,1.00,1.50
2018.05.01 06:01:59.750,0.77314,0.77331,1.00,1.00
2018.05.01 06:01:59.801,0.77313,0.77329,1.00,1.00
2018.05.01 06:01:59.852,0.77313,0.77331,1.00,1.00
2018.05.01 06:02:00.646,0.77313,0.77329,1.00,1.00
2018.05.01 06:02:01.179,0.77312,0.77328,1.00,1.00
2018.05.01 06:02:01.928,0.77311,0.77329,1.00,1.00
2018.05.01 06:02:02.794,0.77313,0.77331,1.00,1.50
2018.05.01 06:02:03.133,0.77316,0.77332,1.00,1.00
2018.05.01 06:02:04.137,0.77315,0.77331,1.00,1.00
2018.05.01 06:02:04.642,0.77316,0.77332,1.00,1.00
2018.05.01 06:02:08.324,0.77317,0.77333,1.00,1.50
2018.05.01 06:02:09.817,0.77316,0.77332,1.00,1.00
2018.05.01 06:02:10.681,0.77314,0.77332,1.10,1.00
2018.05.01 06:02:14.404,0.77315,0.77333,1.00,1.50
2018.05.01 06:02:17.818,0.77314,0.7733,1.00,1.00
2018.05.01 06:02:22.472,0.77312,0.7733,1.00,1.00
2018.05.01 06:02:22.523,0.77311,0.77327,1.00,1.00
2018.05.01 06:02:23.147,0.77312,0.77328,1.00,1.00
2018.05.01 06:02:23.630,0.7731,0.77326,1.00,1.00
2018.05.01 06:02:23.681,0.77308,0.77326,1.57,1.00
2018.05.01 06:02:23.958,0.7731,0.77326,1.00,1.00
2018.05.01 06:02:25.039,0.77311,0.77327,1.00,1.00
2018.05.01 06:02:32.928,0.77311,0.77328,1.00,1.00
2018.05.01 06:02:33.483,0.77311,0.77329,1.00,2.25
2018.05.01 06:02:33.996,0.7731,0.77328,1.00,1.00
2018.05.01 06:02:34.452,0.7731,0.77326,1.00,1.00
2018.05.01 06:02:35.514,0.77311,0.77327,1.00,1.00
2018.05.01 06:02:36.044,0.7731,0.77326,1.00,1.00
2018.05.01 06:02:38.317,0.77311,0.77327,1.00,1.00
2018.05.01 06:02:39.422,0.7731,0.77326,1.00,1.00
2018.05.01 06:02:40.004,0.77311,0.77327,1.00,1.00
2018.05.01 06:02:43.303,0.7731,0.77326,1.00,1.00
2018.05.01 06:02:43.893,0.77311,0.77327,1.00,1.00
2018.05.01 06:02:46.330,0.77309,0.77327,1.00,1.00
2018.05.01 06:02:49.125,0.77308,0.77325,1.50,1.00
2018.05.01 06:02:49.667,0.77309,0.77327,1.00,1.00
2018.05.01 06:02:51.166,0.77308,0.77326,1.00,1.50
2018.05.01 06:02:54.247,0.7731,0.77326,1.00,1.50
2018.05.01 06:02:55.226,0.77308,0.77326,1.00,1.50
2018.05.01 06:02:57.544,0.77308,0.77324,1.00,1.00
2018.05.01 06:02:59.809,0.77309,0.77325,1.00,1.00
2018.05.01 06:03:00.735,0.77308,0.77324,1.00,1.00
2018.05.01 06:03:00.906,0.77308,0.77326,1.00,1.50
2018.05.01 06:03:00.959,0.77308,0.77324,1.00,1.00
2018.05.01 06:03:02.382,0.77309,0.77325,1.00,1.00
2018.05.01 06:03:02.903,0.7731,0.77326,1.00,1.00
2018.05.01 06:03:03.434,0.77309,0.77325,1.00,1.00
2018.05.01 06:03:04.624,0.7731,0.77326,1.00,1.00
2018.05.01 06:03:07.794,0.77308,0.77325,1.00,1.00
2018.05.01 06:03:10.264,0.77308,0.77324,1.00,1.00
2018.05.01 06:03:10.315,0.77306,0.77322,1.00,1.00
2018.05.01 06:03:12.535,0.77306,0.77324,1.00,1.00
2018.05.01 06:03:13.065,0.77306,0.77323,1.00,1.00
2018.05.01 06:03:14.199,0.77306,0.77322,1.00,1.00
2018.05.01 06:03:17.421,0.77305,0.77321,1.00,1.00
2018.05.01 06:03:18.566,0.77306,0.77322,1.00,1.00
2018.05.01 06:03:18.668,0.77304,0.7732,1.00,1.00
2018.05.01 06:03:19.163,0.77306,0.77322,1.00,1.50
2018.05.01 06:03:19.467,0.77303,0.77319,1.00,1.00
2018.05.01 06:03:21.753,0.77304,0.77319,1.00,1.00
2018.05.01 06:03:22.355,0.77304,0.7732,1.00,1.00
2018.05.01 06:03:22.701,0.77305,0.77322,1.00,1.00
2018.05.01 06:03:22.751,0.77307,0.77323,1.00,1.50
2018.05.01 06:03:22.928,0.77305,0.77323,1.00,1.00
2018.05.01 06:03:25.616,0.77308,0.77324,1.00,1.00
2018.05.01 06:03:25.768,0.77304,0.77322,1.50,1.00
2018.05.01 06:03:25.819,0.77306,0.77322,1.00,1.00
2018.05.01 06:03:27.579,0.77307,0.77323,1.00,1.50
2018.05.01 06:03:30.174,0.77305,0.77323,1.00,1.00
2018.05.01 06:03:30.684,0.77306,0.77324,1.00,1.00
2018.05.01 06:03:36.618,0.77306,0.77323,1.00,1.00
2018.05.01 06:03:37.402,0.77306,0.77322,1.00,1.00
2018.05.01 06:03:38.063,0.77307,0.77323,1.00,1.50
2018.05.01 06:03:38.787,0.77305,0.77323,1.00,1.50
2018.05.01 06:03:39.817,0.77307,0.77323,1.00,1.50
2018.05.01 06:03:49.428,0.77306,0.77322,1.00,1.00
2018.05.01 06:03:51.212,0.77306,0.77323,1.00,1.00
2018.05.01 06:03:51.961,0.77306,0.77322,1.00,1.00
2018.05.01 06:04:07.951,0.77305,0.77321,1.00,1.00
2018.05.01 06:04:08.523,0.77306,0.77322,1.00,1.50
2018.05.01 06:04:09.182,0.77305,0.77321,1.00,1.00
2018.05.01 06:04:09.817,0.77306,0.77322,1.00,1.50
2018.05.01 06:04:17.601,0.77304,0.77322,1.00,1.50
2018.05.01 06:04:17.652,0.77304,0.7732,1.00,1.50
2018.05.01 06:04:19.460,0.77305,0.7732,1.00,1.00
2018.05.01 06:04:25.072,0.77303,0.7732,1.00,1.00
2018.05.01 06:04:25.123,0.77305,0.7732,1.00,1.00
2018.05.01 06:04:25.902,0.77305,0.77321,1.00,1.00
2018.05.01 06:04:32.767,0.77303,0.77319,1.00,1.00
2018.05.01 06:04:33.277,0.77304,0.7732,1.00,1.00
2018.05.01 06:04:34.467,0.77305,0.77321,1.00,1.00
2018.05.01 06:04:41.162,0.77303,0.77319,1.00,1.00
2018.05.01 06:04:41.466,0.77305,0.77321,1.00,1.00
2018.05.01 06:04:41.773,0.77302,0.7732,1.00,1.00
2018.05.01 06:04:42.429,0.77303,0.77321,1.00,1.00
2018.05.01 06:04:48.082,0.77305,0.77321,1.00,1.50
2018.05.01 06:04:55.267,0.77304,0.7732,1.00,1.00
2018.05.01 06:04:55.843,0.77305,0.77321,1.00,1.50
2018.05.01 06:04:59.115,0.77306,0.77321,1.00,1.00
2018.05.01 06:05:02.929,0.77305,0.77321,1.00,1.00
2018.05.01 06:05:10.868,0.77306,0.77322,1.00,1.50
2018.05.01 06:05:10.972,0.77304,0.77322,1.00,1.50
2018.05.01 06:05:30.131,0.77304,0.7732,1.00,1.00
2018.05.01 06:05:30.384,0.77302,0.7732,1.00,1.50
2018.05.01 06:05:30.566,0.773,0.7732,1.00,1.50
2018.05.01 06:05:30.820,0.77298,0.77318,1.10,1.00
2018.05.01 06:05:31.124,0.77303,0.77319,1.00,3.00
2018.05.01 06:05:31.996,0.77301,0.77319,1.00,1.50
2018.05.01 06:05:32.200,0.77302,0.77317,1.00,1.00
2018.05.01 06:05:32.718,0.77301,0.77317,1.00,1.00
2018.05.01 06:05:34.135,0.773,0.77316,1.00,1.00
2018.05.01 06:05:37.992,0.77299,0.77315,1.00,1.00
2018.05.01 06:05:45.590,0.773,0.77316,1.00,1.00
2018.05.01 06:05:46.137,0.77301,0.77317,1.00,1.00
2018.05.01 06:05:46.443,0.77303,0.77319,1.00,1.00
2018.05.01 06:05:49.234,0.77302,0.77318,1.00,1.00
2018.05.01 06:05:50.705,0.77301,0.77317,1.00,1.00
2018.05.01 06:05:53.334,0.77302,0.77318,1.00,1.00
2018.05.01 06:05:54.022,0.77301,0.77317,1.00,1.00
2018.05.01 06:05:54.300,0.77299,0.77317,1.00,1.00
2018.05.01 06:05:54.479,0.77303,0.77318,1.00,1.00
2018.05.01 06:05:55.025,0.77302,0.77318,1.00,1.00
2018.05.01 06:05:56.608,0.77303,0.77319,1.00,1.00
2018.05.01 06:05:57.900,0.77302,0.77318,1.00,1.00
2018.05.01 06:06:00.670,0.77303,0.77319,1.00,1.00
2018.05.01 06:06:01.723,0.77304,0.7732,1.00,1.50
2018.05.01 06:06:12.918,0.77305,0.77321,1.00,1.00
2018.05.01 06:06:13.554,0.77306,0.77322,1.00,1.00
2018.05.01 06:06:17.973,0.77306,0.77321,1.00,1.00
2018.05.01 06:06:18.507,0.77305,0.77321,1.00,1.50
2018.05.01 06:06:28.012,0.77305,0.77322,1.00,1.00
2018.05.01 06:06:32.928,0.77306,0.77322,1.00,1.00
2018.05.01 06:06:55.903,0.77307,0.77323,1.00,1.00
2018.05.01 06:06:56.252,0.77309,0.77325,1.00,1.00
2018.05.01 06:06:56.355,0.77307,0.77325,1.50,1.00
2018.05.01 06:07:00.915,0.77307,0.77323,1.50,1.00
2018.05.01 06:07:01.461,0.77306,0.77322,1.00,1.00
2018.05.01 06:07:02.931,0.77306,0.77324,1.00,1.00
2018.05.01 06:07:11.413,0.77306,0.77322,1.00,1.00
2018.05.01 06:07:19.819,0.77304,0.77322,1.00,1.00
2018.05.01 06:07:19.957,0.77304,0.7732,1.00,1.00
2018.05.01 06:07:20.870,0.77305,0.77321,1.00,1.00
2018.05.01 06:07:23.908,0.77306,0.77322,1.00,1.00
2018.05.01 06:07:30.022,0.77306,0.77324,1.00,1.50
2018.05.01 06:07:30.073,0.77308,0.77324,1.00,1.50
2018.05.01 06:07:30.844,0.77309,0.77325,1.00,1.00
2018.05.01 06:07:31.450,0.77308,0.77324,1.10,1.00
2018.05.01 06:07:35.609,0.77308,0.77325,1.00,1.00
2018.05.01 06:07:37.337,0.7731,0.77325,1.00,1.00
2018.05.01 06:07:38.110,0.7731,0.77326,1.00,1.00
2018.05.01 06:07:49.713,0.77309,0.77325,1.00,1.50
2018.05.01 06:07:59.116,0.77307,0.77325,1.10,1.50
2018.05.01 06:07:59.167,0.77306,0.77322,1.00,1.00
2018.05.01 06:08:03.344,0.77304,0.77322,1.10,1.50
2018.05.01 06:08:04.429,0.77306,0.77322,1.00,1.50
2018.05.01 06:08:11.607,0.77305,0.77321,1.00,1.00
2018.05.01 06:08:14.290,0.77304,0.7732,1.00,1.00
2018.05.01 06:08:23.650,0.77303,0.77319,1.00,1.00
2018.05.01 06:08:23.804,0.77301,0.77318,1.00,1.00
2018.05.01 06:08:23.855,0.77303,0.77318,1.00,1.00
2018.05.01 06:08:25.307,0.77302,0.77318,1.00,1.50
2018.05.01 06:08:26.777,0.77301,0.77317,1.00,1.00
2018.05.01 06:08:27.765,0.77302,0.77318,1.00,1.50
2018.05.01 06:08:28.452,0.77303,0.77318,1.00,1.00
2018.05.01 06:08:29.110,0.77303,0.77319,1.00,1.00
2018.05.01 06:08:35.579,0.77304,0.7732,1.00,2.25
2018.05.01 06:08:40.268,0.77303,0.77319,1.00,1.00
2018.05.01 06:08:50.563,0.77303,0.77318,1.00,1.00
2018.05.01 06:08:50.614,0.77301,0.77318,1.10,1.00
2018.05.01 06:08:55.658,0.77303,0.77318,1.00,1.00
2018.05.01 06:08:56.191,0.77302,0.77318,1.00,1.50
2018.05.01 06:09:03.730,0.77303,0.77318,1.00,1.00
2018.05.01 06:09:03.995,0.77304,0.7732,1.00,3.00
2018.05.01 06:09:07.533,0.77302,0.7732,1.00,1.50
2018.05.01 06:09:09.369,0.77302,0.77318,1.00,1.00
2018.05.01 06:09:10.309,0.77303,0.77319,1.00,1.00
2018.05.01 06:09:17.246,0.77304,0.7732,1.00,1.50
2018.05.01 06:09:17.386,0.77302,0.7732,1.00,1.50
2018.05.01 06:09:17.437,0.77304,0.7732,1.00,1.50
2018.05.01 06:09:25.903,0.77304,0.77319,1.00,1.00
2018.05.01 06:09:43.562,0.77305,0.7732,1.00,1.00
2018.05.01 06:09:44.231,0.77306,0.7732,1.00,1.00
2018.05.01 06:09:47.164,0.77305,0.7732,1.00,1.00
2018.05.01 06:09:57.657,0.77304,0.7732,1.00,1.50
2018.05.01 06:09:58.090,0.773,0.77314,1.00,1.00
2018.05.01 06:09:58.472,0.773,0.77316,1.00,1.50
2018.05.01 06:10:08.782,0.773,0.77315,1.00,1.00
2018.05.01 06:10:16.009,0.77301,0.77315,1.00,1.00
2018.05.01 06:10:16.577,0.773,0.77316,1.00,1.00
2018.05.01 06:10:17.567,0.77299,0.77315,1.00,1.00
2018.05.01 06:10:18.074,0.773,0.77316,1.00,3.00
2018.05.01 06:10:23.562,0.77299,0.77315,1.00,1.00
2018.05.01 06:10:34.626,0.77298,0.77313,1.00,1.00
2018.05.01 06:10:34.727,0.77297,0.77315,1.00,1.50
2018.05.01 06:10:34.778,0.77299,0.77315,1.00,1.50
2018.05.01 06:10:35.094,0.77297,0.77313,1.00,1.50
2018.05.01 06:10:35.397,0.77295,0.77311,1.00,1.00
2018.05.01 06:10:36.119,0.77296,0.77312,1.00,1.00
2018.05.01 06:10:41.453,0.77297,0.77313,1.00,1.50
2018.05.01 06:10:42.060,0.77298,0.77313,1.00,1.00
2018.05.01 06:10:42.404,0.77299,0.77315,1.00,1.50
2018.05.01 06:10:55.553,0.77297,0.77315,1.10,1.50
2018.05.01 06:10:57.619,0.77296,0.77312,1.00,1.00
2018.05.01 06:10:57.738,0.77294,0.77312,1.00,1.00
2018.05.01 06:10:57.789,0.77294,0.7731,1.00,1.00
2018.05.01 06:10:58.597,0.77295,0.77311,1.00,1.00
2018.05.01 06:11:01.901,0.77293,0.77311,1.10,1.00
2018.05.01 06:11:06.334,0.77295,0.77311,1.00,1.00
2018.05.01 06:11:08.452,0.77295,0.7731,1.00,1.00
2018.05.01 06:11:10.772,0.77295,0.77309,1.00,1.00
2018.05.01 06:11:12.984,0.77295,0.7731,1.00,1.00
2018.05.01 06:11:29.049,0.77293,0.77309,1.00,1.00
2018.05.01 06:11:30.242,0.77292,0.77308,1.00,1.00
2018.05.01 06:11:30.293,0.7729,0.77308,1.00,1.50
2018.05.01 06:11:30.344,0.77292,0.77308,1.00,1.00
2018.05.01 06:11:31.154,0.77293,0.77309,1.00,1.50
2018.05.01 06:11:31.619,0.77295,0.77311,1.00,2.25
2018.05.01 06:11:32.158,0.77294,0.7731,1.00,1.00
2018.05.01 06:11:34.290,0.77293,0.77309,1.00,1.00
2018.05.01 06:11:34.621,0.77295,0.7731,1.00,1.00
2018.05.01 06:11:38.318,0.77295,0.77311,1.00,1.50
2018.05.01 06:11:44.680,0.77296,0.77311,1.00,1.50
2018.05.01 06:11:45.223,0.77297,0.77311,1.00,1.50
2018.05.01 06:11:47.478,0.77296,0.77311,1.00,1.00
2018.05.01 06:11:47.786,0.773,0.77314,1.00,1.50
2018.05.01 06:11:53.317,0.77301,0.77314,1.00,1.00
2018.05.01 06:11:53.847,0.77299,0.77314,1.00,1.50
2018.05.01 06:11:54.391,0.773,0.77314,1.00,1.00
2018.05.01 06:11:54.760,0.77298,0.77314,1.00,1.50
2018.05.01 06:11:55.456,0.77299,0.77314,1.00,1.00
2018.05.01 06:12:01.595,0.77298,0.77313,1.00,1.00
2018.05.01 06:12:01.646,0.77295,0.77312,1.00,1.00
2018.05.01 06:12:01.747,0.77297,0.77311,1.00,1.00
2018.05.01 06:12:02.461,0.77296,0.77311,1.00,1.00
2018.05.01 06:12:03.515,0.77297,0.77311,1.00,1.00
2018.05.01 06:12:08.318,0.77296,0.77311,1.00,1.00
2018.05.01 06:12:09.869,0.77297,0.77312,1.00,1.00
2018.05.01 06:12:10.381,0.77298,0.77313,1.00,1.00
2018.05.01 06:12:11.045,0.77299,0.77314,1.00,1.50
2018.05.01 06:12:17.366,0.77302,0.77316,1.00,1.00
2018.05.01 06:12:18.534,0.77301,0.77316,1.00,1.50
2018.05.01 06:12:19.429,0.77301,0.77315,1.00,1.00
2018.05.01 06:12:21.389,0.773,0.77315,1.00,1.00
2018.05.01 06:12:25.953,0.77301,0.77316,1.00,1.50
2018.05.01 06:12:35.247,0.77301,0.77315,1.00,1.00
2018.05.01 06:12:36.752,0.77301,0.77316,1.00,1.50
2018.05.01 06:12:50.426,0.77301,0.77315,1.00,1.00
2018.05.01 06:12:53.368,0.773,0.77315,1.00,1.00
2018.05.01 06:12:54.676,0.77301,0.77316,1.00,1.50
2018.05.01 06:13:03.236,0.77301,0.77315,1.00,1.00
2018.05.01 06:13:03.997,0.77301,0.77316,1.00,1.50
2018.05.01 06:13:06.423,0.77302,0.77316,1.00,1.50
2018.05.01 06:13:07.346,0.77302,0.77317,1.00,1.50
2018.05.01 06:13:07.864,0.77303,0.77317,1.00,1.50
2018.05.01 06:13:08.216,0.77301,0.77317,1.00,1.00
2018.05.01 06:13:11.747,0.77302,0.77316,1.00,1.00
2018.05.01 06:13:11.798,0.773,0.77317,1.00,1.50
2018.05.01 06:13:11.849,0.77302,0.77316,1.00,1.00
2018.05.01 06:13:12.958,0.77301,0.77316,1.00,1.00
2018.05.01 06:13:13.568,0.77302,0.77316,1.00,1.00
2018.05.01 06:13:15.184,0.77302,0.77317,1.00,1.50
2018.05.01 06:13:16.816,0.77302,0.77316,1.00,1.00
2018.05.01 06:13:17.929,0.77302,0.77317,1.00,1.50
2018.05.01 06:13:25.904,0.77302,0.77316,1.00,1.00
2018.05.01 06:13:34.187,0.77299,0.77314,1.00,1.00
2018.05.01 06:13:34.238,0.77301,0.77314,1.00,1.00
2018.05.01 06:13:34.390,0.77303,0.77317,1.00,1.00
2018.05.01 06:13:34.867,0.773,0.77315,1.00,1.00
2018.05.01 06:13:35.070,0.77302,0.77316,1.00,1.00
2018.05.01 06:13:35.701,0.77302,0.77317,1.00,1.00
2018.05.01 06:13:36.034,0.77304,0.77317,1.00,1.00
2018.05.01 06:13:38.330,0.77303,0.77317,1.00,1.50
2018.05.01 06:13:38.886,0.77303,0.77318,1.00,1.00
2018.05.01 06:13:39.038,0.773,0.77316,1.00,1.00
2018.05.01 06:13:39.157,0.77302,0.77316,1.00,1.00
2018.05.01 06:13:39.208,0.77301,0.77318,1.00,2.25
2018.05.01 06:13:39.261,0.77303,0.77317,1.00,1.00
2018.05.01 06:13:40.377,0.77304,0.77318,1.00,1.00
2018.05.01 06:13:40.889,0.77303,0.77317,1.00,1.00
2018.05.01 06:13:41.419,0.77304,0.77318,1.00,1.00
2018.05.01 06:13:42.357,0.77303,0.7732,1.00,2.25
2018.05.01 06:13:43.448,0.77305,0.77319,1.00,1.00
2018.05.01 06:13:43.963,0.77304,0.7732,1.00,1.50
2018.05.01 06:13:44.503,0.77304,0.77318,1.00,1.00
2018.05.01 06:13:46.397,0.77304,0.77319,1.00,1.00
2018.05.01 06:13:48.776,0.77303,0.77319,1.00,1.00
2018.05.01 06:13:49.296,0.77303,0.77318,1.00,1.00
2018.05.01 06:13:49.907,0.77303,0.77317,1.00,1.00
2018.05.01 06:13:51.725,0.77304,0.77318,1.00,1.00
2018.05.01 06:13:52.465,0.77303,0.77317,1.00,1.00
2018.05.01 06:13:53.135,0.77302,0.77316,1.00,1.00
2018.05.01 06:13:53.872,0.77301,0.77317,1.00,1.00
2018.05.01 06:13:54.188,0.77303,0.77318,1.00,1.50
2018.05.01 06:13:54.578,0.77302,0.77316,1.00,1.00
2018.05.01 06:13:55.094,0.77301,0.77317,1.00,1.50
2018.05.01 06:14:00.470,0.773,0.77315,1.00,1.00
2018.05.01 06:14:00.787,0.77302,0.77316,1.00,1.00
2018.05.01 06:14:01.090,0.77303,0.77318,1.00,1.50
2018.05.01 06:14:01.343,0.77303,0.77316,1.00,1.00
2018.05.01 06:14:01.852,0.77303,0.77317,1.00,1.00
2018.05.01 06:14:02.446,0.77302,0.77316,1.00,1.00
2018.05.01 06:14:05.450,0.773,0.77316,1.00,2.25
2018.05.01 06:14:05.501,0.773,0.77314,1.00,1.00
2018.05.01 06:14:06.011,0.77299,0.77314,1.00,1.00
2018.05.01 06:14:07.198,0.77302,0.77314,1.00,1.00
2018.05.01 06:14:07.299,0.77302,0.77317,1.00,1.50
2018.05.01 06:14:08.104,0.77303,0.77317,1.00,1.50
2018.05.01 06:14:10.086,0.77302,0.77317,1.00,1.00
2018.05.01 06:14:10.592,0.77301,0.77317,1.00,1.00
2018.05.01 06:14:11.459,0.77302,0.77317,1.00,1.50
2018.05.01 06:14:12.846,0.77302,0.77315,1.00,1.00
2018.05.01 06:14:12.897,0.773,0.77315,1.00,1.00
2018.05.01 06:14:13.723,0.77301,0.77315,1.00,1.00
2018.05.01 06:14:14.855,0.773,0.77315,1.00,1.00
2018.05.01 06:14:15.369,0.773,0.77314,1.00,1.00
2018.05.01 06:14:17.307,0.773,0.77315,1.00,1.00
2018.05.01 06:14:17.358,0.77302,0.77316,1.00,1.00
2018.05.01 06:14:17.510,0.77303,0.77318,1.00,1.50
2018.05.01 06:14:17.712,0.77301,0.77315,1.00,1.00
2018.05.01 06:14:17.763,0.77302,0.77317,1.00,1.50
2018.05.01 06:14:19.204,0.77301,0.77317,1.00,1.50
2018.05.01 06:14:19.381,0.77303,0.77315,1.00,1.00
2018.05.01 06:14:20.347,0.77302,0.77315,1.00,1.00
2018.05.01 06:14:20.720,0.77302,0.77317,1.00,1.50
2018.05.01 06:14:22.503,0.77302,0.77316,1.00,1.00
2018.05.01 06:14:24.063,0.77301,0.77315,1.00,1.00
2018.05.01 06:14:24.589,0.773,0.77314,1.00,1.00
2018.05.01 06:14:25.271,0.77301,0.77315,1.00,1.00
2018.05.01 06:14:34.754,0.773,0.77315,1.00,1.00
2018.05.01 06:14:49.472,0.77301,0.77315,1.00,1.00
2018.05.01 06:14:50.739,0.773,0.77315,1.00,1.50
2018.05.01 06:14:53.118,0.77301,0.77315,1.00,1.00
2018.05.01 06:14:58.564,0.773,0.77315,1.00,1.50
2018.05.01 06:14:59.089,0.77299,0.77315,1.00,1.50
2018.05.01 06:15:00.219,0.773,0.77315,1.00,1.00
2018.05.01 06:15:00.765,0.77299,0.77315,1.00,1.50
2018.05.01 06:15:01.309,0.773,0.77315,1.00,1.50
2018.05.01 06:15:02.327,0.77301,0.77315,1.00,1.00
2018.05.01 06:15:02.429,0.77302,0.77318,1.00,1.50
2018.05.01 06:15:02.958,0.77303,0.77318,1.00,1.00
2018.05.01 06:15:03.525,0.77298,0.77315,1.00,1.00
2018.05.01 06:15:03.576,0.773,0.77315,1.00,1.00
2018.05.01 06:15:04.140,0.773,0.77316,1.00,1.50
2018.05.01 06:15:04.938,0.77301,0.77316,1.00,1.50
2018.05.01 06:15:06.887,0.77302,0.77316,1.00,1.00
2018.05.01 06:15:07.525,0.77302,0.77317,1.00,1.00
2018.05.01 06:15:09.506,0.77303,0.77317,1.00,1.00
2018.05.01 06:15:14.229,0.77304,0.77317,1.00,1.00
2018.05.01 06:15:14.932,0.77303,0.77317,1.00,1.00
2018.05.01 06:15:16.018,0.77302,0.77317,1.00,1.00
2018.05.01 06:15:16.546,0.77303,0.77317,1.00,1.00
2018.05.01 06:15:17.107,0.77302,0.77317,1.00,1.00
2018.05.01 06:15:17.563,0.77301,0.77319,1.00,2.25
2018.05.01 06:15:17.664,0.77303,0.77318,1.00,1.00
2018.05.01 06:15:19.429,0.77302,0.77318,1.00,1.00
2018.05.01 06:15:20.440,0.77303,0.77319,1.00,2.25
2018.05.01 06:15:21.020,0.77303,0.77318,1.00,1.00
2018.05.01 06:15:21.541,0.77302,0.77317,1.00,1.00
2018.05.01 06:15:24.108,0.77302,0.77318,1.00,1.00
2018.05.01 06:15:24.686,0.77302,0.77317,1.00,1.00
2018.05.01 06:15:24.787,0.773,0.77319,1.00,1.50
2018.05.01 06:15:24.838,0.77301,0.77317,1.00,1.00
2018.05.01 06:15:25.252,0.77299,0.77315,1.50,1.00
2018.05.01 06:15:25.863,0.773,0.77315,1.00,1.00
2018.05.01 06:15:26.494,0.773,0.77316,1.00,1.00
2018.05.01 06:15:27.138,0.77301,0.77317,1.00,1.50
2018.05.01 06:15:27.641,0.77302,0.77317,1.00,1.50
2018.05.01 06:15:28.002,0.77304,0.7732,1.00,1.00
2018.05.01 06:15:28.105,0.77306,0.77319,1.00,1.00
2018.05.01 06:15:28.156,0.77306,0.77321,1.00,1.00
2018.05.01 06:15:28.567,0.77306,0.77323,1.00,1.50
2018.05.01 06:15:28.720,0.77306,0.77321,1.10,1.00
2018.05.01 06:15:28.978,0.77305,0.77323,1.00,1.50
2018.05.01 06:15:29.227,0.77307,0.77323,1.00,1.50
2018.05.01 06:15:29.562,0.7731,0.77325,1.00,1.50
2018.05.01 06:15:29.612,0.77308,0.77326,1.00,1.50
2018.05.01 06:15:29.713,0.77308,0.77324,1.00,1.00
2018.05.01 06:15:30.062,0.77306,0.77322,1.00,1.00
2018.05.01 06:15:30.816,0.77307,0.77322,1.00,1.00
2018.05.01 06:15:32.928,0.77307,0.77323,1.00,1.50
2018.05.01 06:15:35.383,0.77308,0.77323,1.00,1.00
2018.05.01 06:15:35.923,0.77309,0.77324,1.00,1.50
2018.05.01 06:15:36.228,0.77311,0.77326,1.00,1.50
2018.05.01 06:15:36.535,0.77307,0.77322,1.00,1.00
2018.05.01 06:15:36.742,0.77305,0.77323,1.00,1.50
2018.05.01 06:15:36.956,0.77307,0.77323,1.00,1.50
2018.05.01 06:15:37.852,0.77306,0.77322,1.00,1.00
2018.05.01 06:15:40.889,0.77305,0.77321,1.00,1.00
2018.05.01 06:15:41.568,0.77304,0.77322,1.00,1.00
2018.05.01 06:15:42.111,0.77305,0.77321,1.00,1.00
2018.05.01 06:15:42.702,0.77304,0.77319,1.00,1.00
2018.05.01 06:15:42.754,0.77302,0.77318,1.00,1.00
2018.05.01 06:15:42.805,0.77302,0.7732,1.00,1.00
2018.05.01 06:15:42.856,0.77302,0.77317,1.00,1.00
2018.05.01 06:15:42.907,0.77303,0.77319,1.00,1.00
2018.05.01 06:15:43.066,0.77305,0.77321,1.00,1.00
2018.05.01 06:15:43.422,0.77304,0.77319,1.00,1.00
2018.05.01 06:15:43.851,0.77302,0.77318,1.00,1.00
2018.05.01 06:15:44.083,0.77304,0.7732,1.00,1.50
2018.05.01 06:15:44.643,0.77302,0.7732,1.00,1.50
2018.05.01 06:15:44.694,0.77304,0.7732,1.00,1.00
2018.05.01 06:15:45.455,0.77304,0.77319,1.00,1.00
2018.05.01 06:15:45.976,0.77303,0.7732,1.00,1.00
2018.05.01 06:15:46.287,0.77305,0.7732,1.00,1.50
2018.05.01 06:15:46.920,0.77304,0.77321,1.00,1.50
2018.05.01 06:15:47.665,0.77304,0.7732,1.00,1.00
2018.05.01 06:15:48.303,0.77305,0.7732,1.00,1.00
2018.05.01 06:15:49.217,0.77304,0.7732,1.00,1.50
2018.05.01 06:15:49.369,0.77302,0.7732,1.00,1.50
2018.05.01 06:15:49.470,0.77304,0.7732,1.00,1.50
2018.05.01 06:15:49.815,0.77302,0.77318,1.00,1.00
2018.05.01 06:15:50.202,0.77304,0.77319,1.00,1.50
2018.05.01 06:15:50.728,0.77305,0.77321,1.00,1.00
2018.05.01 06:15:51.259,0.77306,0.77322,1.00,1.00
2018.05.01 06:15:52.167,0.77306,0.77321,1.00,1.00
2018.05.01 06:15:53.129,0.77305,0.7732,1.00,1.00
2018.05.01 06:15:53.669,0.77305,0.77321,1.00,1.00
2018.05.01 06:15:54.238,0.77306,0.77322,1.00,1.00
2018.05.01 06:15:54.870,0.77307,0.77322,1.00,1.00
2018.05.01 06:15:55.876,0.77306,0.77322,1.00,1.00
2018.05.01 06:15:56.692,0.77306,0.77321,1.00,1.00
2018.05.01 06:15:56.794,0.77304,0.77322,1.00,1.50
2018.05.01 06:15:57.311,0.77306,0.77321,1.00,1.00
2018.05.01 06:15:57.362,0.77304,0.7732,1.00,1.50
2018.05.01 06:15:58.010,0.77305,0.7732,1.00,1.00
2018.05.01 06:15:58.669,0.77306,0.7732,1.00,1.00
2018.05.01 06:16:00.196,0.77304,0.77319,1.00,1.00
2018.05.01 06:16:00.248,0.77302,0.77318,1.00,1.00
2018.05.01 06:16:00.496,0.77304,0.77319,1.00,1.00
2018.05.01 06:16:00.598,0.77305,0.77321,1.00,2.25
2018.05.01 06:16:00.800,0.77305,0.77323,1.00,1.00
2018.05.01 06:16:00.851,0.77307,0.77322,1.00,1.00
2018.05.01 06:16:01.292,0.77304,0.77321,1.00,1.00
2018.05.01 06:16:01.393,0.77306,0.77322,1.00,1.00
2018.05.01 06:16:02.745,0.77305,0.77321,1.00,1.00
2018.05.01 06:16:03.311,0.77306,0.77321,1.00,1.00
2018.05.01 06:16:04.073,0.77305,0.7732,1.00,1.00
2018.05.01 06:16:04.638,0.77305,0.77321,1.00,1.00
2018.05.01 06:16:05.182,0.77307,0.77323,1.00,1.50
2018.05.01 06:16:05.628,0.77306,0.77321,1.00,1.00
2018.05.01 06:16:06.009,0.77304,0.7732,1.00,1.00
2018.05.01 06:16:06.656,0.77303,0.7732,1.00,1.00
2018.05.01 06:16:07.265,0.77302,0.7732,1.00,1.00
2018.05.01 06:16:07.786,0.77304,0.7732,1.00,1.00
2018.05.01 06:16:08.313,0.77303,0.7732,1.00,1.00
2018.05.01 06:16:09.795,0.77304,0.77319,1.00,1.00
2018.05.01 06:16:10.021,0.77305,0.77321,1.00,1.50
2018.05.01 06:16:13.359,0.77306,0.77321,1.00,1.00
2018.05.01 06:16:14.168,0.77305,0.77321,1.00,1.00
2018.05.01 06:16:14.919,0.77305,0.7732,1.00,1.00
2018.05.01 06:16:17.120,0.77304,0.77319,1.00,1.00
2018.05.01 06:16:17.660,0.77304,0.77321,1.00,1.00
2018.05.01 06:16:19.429,0.77304,0.7732,1.00,1.00
2018.05.01 06:16:22.817,0.77304,0.77321,1.00,1.00
2018.05.01 06:16:22.868,0.77304,0.77319,1.00,1.00
2018.05.01 06:16:23.546,0.77305,0.7732,1.00,1.00
2018.05.01 06:16:26.567,0.77306,0.7732,1.00,1.00
2018.05.01 06:16:26.819,0.77304,0.77319,1.00,1.00
2018.05.01 06:16:26.971,0.77305,0.77322,1.00,1.00
2018.05.01 06:16:27.022,0.77308,0.77323,1.00,1.50
2018.05.01 06:16:27.073,0.77305,0.77322,1.00,1.00
2018.05.01 06:16:27.124,0.77307,0.77322,1.00,1.00
2018.05.01 06:16:27.700,0.77306,0.77321,1.00,1.00
2018.05.01 06:16:28.334,0.77307,0.77322,1.00,1.00
2018.05.01 06:16:28.851,0.77306,0.77321,1.00,1.00
2018.05.01 06:16:29.488,0.77306,0.7732,1.00,1.00
2018.05.01 06:16:29.921,0.77307,0.77322,1.00,1.00
2018.05.01 06:16:30.715,0.77306,0.77322,1.00,1.00
2018.05.01 06:16:31.324,0.77307,0.77322,1.00,1.00
2018.05.01 06:16:31.827,0.77307,0.77323,1.00,1.00
2018.05.01 06:16:32.141,0.77311,0.77325,1.00,1.00
2018.05.01 06:16:32.650,0.77311,0.77326,1.00,1.00
2018.05.01 06:16:34.944,0.77311,0.77325,1.00,1.00
2018.05.01 06:16:35.559,0.77311,0.77326,1.00,1.00
2018.05.01 06:16:36.446,0.77312,0.77329,1.00,1.50
2018.05.01 06:16:36.497,0.77313,0.77327,1.00,1.00
2018.05.01 06:16:37.019,0.77312,0.77327,1.00,1.00
2018.05.01 06:16:37.545,0.77309,0.77326,1.00,1.00
2018.05.01 06:16:37.596,0.7731,0.77324,1.00,1.00
2018.05.01 06:16:37.647,0.77307,0.77322,1.00,1.00
2018.05.01 06:16:37.901,0.7731,0.77325,1.00,1.00
2018.05.01 06:16:38.002,0.77308,0.77325,1.00,1.00
2018.05.01 06:16:38.053,0.77308,0.77323,1.00,1.00
2018.05.01 06:16:38.256,0.77309,0.77325,1.00,1.00
2018.05.01 06:16:38.705,0.77307,0.77324,1.00,1.00
2018.05.01 06:16:38.756,0.77309,0.77323,1.00,1.00
2018.05.01 06:16:38.937,0.77307,0.77322,1.00,1.00
2018.05.01 06:16:38.989,0.77309,0.77323,1.00,1.00
2018.05.01 06:16:39.297,0.77307,0.77322,1.00,1.00
2018.05.01 06:16:40.641,0.77306,0.77321,1.00,1.00
2018.05.01 06:16:40.769,0.77305,0.77319,1.00,1.00
2018.05.01 06:16:41.197,0.77305,0.77321,1.00,1.00
2018.05.01 06:16:42.266,0.77303,0.7732,1.00,1.00
2018.05.01 06:16:42.849,0.77304,0.7732,1.00,1.00
2018.05.01 06:16:44.378,0.77303,0.77319,1.00,1.00
2018.05.01 06:16:45.028,0.77304,0.7732,1.00,1.00
2018.05.01 06:16:48.591,0.77302,0.77319,1.00,1.00
2018.05.01 06:16:48.692,0.77302,0.77317,1.00,1.00
2018.05.01 06:16:49.170,0.77305,0.7732,1.00,1.00
2018.05.01 06:16:49.978,0.77305,0.77321,1.00,1.00
2018.05.01 06:16:52.720,0.77305,0.7732,1.00,1.00
2018.05.01 06:16:53.326,0.77305,0.77321,1.00,1.00
2018.05.01 06:16:54.462,0.77304,0.7732,1.00,1.00
2018.05.01 06:16:55.091,0.77303,0.77319,1.00,1.00
2018.05.01 06:16:56.672,0.77304,0.7732,1.00,1.00
2018.05.01 06:16:57.751,0.77302,0.77318,1.00,1.00
2018.05.01 06:16:57.995,0.77302,0.7732,1.00,1.00
2018.05.01 06:16:58.210,0.77304,0.7732,1.00,1.00
2018.05.01 06:16:58.715,0.77303,0.77319,1.00,1.00
2018.05.01 06:16:58.898,0.77305,0.77323,1.00,1.50
2018.05.01 06:16:58.949,0.77306,0.77321,1.00,1.00
2018.05.01 06:16:59.473,0.77306,0.77322,1.00,1.00
2018.05.01 06:17:00.308,0.77305,0.77323,1.00,1.00
2018.05.01 06:17:00.620,0.77308,0.77324,1.00,1.00
2018.05.01 06:17:01.067,0.77306,0.77322,1.00,1.00
2018.05.01 06:17:01.423,0.77304,0.7732,1.50,1.00
2018.05.01 06:17:02.189,0.77303,0.77319,1.00,1.00
2018.05.01 06:17:02.620,0.773,0.77316,1.00,1.00
2018.05.01 06:17:03.476,0.773,0.77318,1.00,1.00
2018.05.01 06:17:08.396,0.77302,0.77318,1.00,1.00
2018.05.01 06:17:09.503,0.773,0.77318,1.00,1.00
2018.05.01 06:17:10.741,0.77299,0.77315,1.00,1.00
2018.05.01 06:17:11.859,0.773,0.77315,1.00,1.00
2018.05.01 06:17:11.960,0.77298,0.77316,1.00,1.00
2018.05.01 06:17:14.043,0.773,0.77316,1.00,1.00
2018.05.01 06:17:14.350,0.77297,0.77313,1.00,1.00
2018.05.01 06:17:14.452,0.77298,0.77316,1.00,1.57
2018.05.01 06:17:14.503,0.77299,0.77314,1.00,1.00
2018.05.01 06:17:15.075,0.77299,0.77315,1.00,1.00
2018.05.01 06:17:15.886,0.773,0.77316,1.00,1.00
2018.05.01 06:17:18.666,0.773,0.77317,1.00,1.00
2018.05.01 06:17:18.970,0.77299,0.77315,1.00,1.50
2018.05.01 06:17:19.718,0.773,0.77315,1.00,1.00
2018.05.01 06:17:20.203,0.77299,0.77317,1.00,1.50
2018.05.01 06:17:20.254,0.77299,0.77315,1.00,1.00
2018.05.01 06:17:20.758,0.773,0.77316,1.00,1.00
2018.05.01 06:17:21.292,0.77299,0.77315,1.00,1.00
2018.05.01 06:17:22.026,0.77298,0.77314,1.00,1.00
2018.05.01 06:17:22.385,0.77296,0.77314,1.00,1.00
2018.05.01 06:17:22.537,0.77297,0.77312,1.00,1.00
2018.05.01 06:17:22.587,0.77297,0.77315,1.00,1.50
2018.05.01 06:17:24.819,0.77299,0.77315,1.00,1.00
2018.05.01 06:17:27.625,0.77297,0.77313,1.00,1.00
2018.05.01 06:17:27.956,0.77295,0.77311,1.00,1.00
2018.05.01 06:17:28.489,0.77296,0.77312,1.00,1.00
2018.05.01 06:17:29.024,0.77295,0.77311,1.00,1.00
2018.05.01 06:17:29.679,0.77296,0.77312,1.00,1.00
2018.05.01 06:17:30.904,0.77295,0.77311,1.00,1.00
2018.05.01 06:17:31.657,0.77296,0.77312,1.00,1.00
2018.05.01 06:17:31.842,0.77294,0.77312,1.00,1.00
2018.05.01 06:17:32.965,0.77296,0.77311,1.00,1.00
2018.05.01 06:17:33.066,0.77295,0.77313,1.00,1.50
2018.05.01 06:17:33.640,0.77294,0.77312,1.00,1.00
2018.05.01 06:17:33.916,0.77296,0.77312,1.00,1.00
2018.05.01 06:17:38.324,0.77295,0.77311,1.00,1.00
2018.05.01 06:17:41.491,0.77295,0.77313,1.00,1.50
2018.05.01 06:17:41.614,0.77295,0.77311,1.00,1.00
2018.05.01 06:17:41.923,0.77294,0.77309,1.00,1.00
2018.05.01 06:17:41.974,0.77292,0.77308,1.00,1.00
2018.05.01 06:17:42.226,0.77294,0.7731,1.00,1.00
2018.05.01 06:17:42.885,0.77293,0.77311,1.00,1.00
2018.05.01 06:17:46.507,0.77294,0.77309,1.00,1.00
2018.05.01 06:17:47.149,0.77294,0.7731,1.00,1.00
2018.05.01 06:17:47.831,0.77295,0.77311,1.00,1.00
2018.05.01 06:17:54.822,0.77295,0.7731,1.00,1.00
2018.05.01 06:17:55.491,0.77294,0.7731,1.00,1.00
2018.05.01 06:17:58.508,0.77295,0.77311,1.00,1.00
2018.05.01 06:18:00.857,0.77294,0.7731,1.00,1.00
2018.05.01 06:18:03.070,0.77295,0.7731,1.00,1.00
2018.05.01 06:18:03.161,0.77293,0.77311,1.00,1.00
2018.05.01 06:18:05.762,0.77295,0.77311,1.00,1.00
2018.05.01 06:18:08.261,0.77294,0.7731,1.00,1.00
2018.05.01 06:18:08.868,0.77294,0.77309,1.00,1.00
2018.05.01 06:18:08.919,0.7729,0.77306,1.00,1.00
2018.05.01 06:18:09.122,0.77292,0.77308,1.00,1.00
2018.05.01 06:18:10.166,0.77291,0.77307,1.50,1.00
2018.05.01 06:18:11.671,0.77292,0.77308,1.00,1.00
2018.05.01 06:18:14.586,0.7729,0.77308,1.50,1.00
2018.05.01 06:18:14.663,0.77292,0.77308,1.00,1.00
2018.05.01 06:18:15.512,0.77291,0.77307,1.00,1.00
2018.05.01 06:18:21.432,0.77292,0.77308,1.00,1.00
2018.05.01 06:18:22.885,0.77291,0.77307,1.00,1.00
2018.05.01 06:18:32.328,0.77289,0.77307,1.00,1.00
2018.05.01 06:18:37.727,0.77291,0.77307,1.00,1.00
2018.05.01 06:18:38.061,0.77292,0.7731,1.00,1.00
2018.05.01 06:18:38.112,0.77294,0.77309,1.00,1.00
2018.05.01 06:18:39.419,0.7729,0.77306,1.00,1.00
2018.05.01 06:18:39.521,0.7729,0.77308,1.50,1.00
2018.05.01 06:18:39.572,0.77292,0.77307,1.00,1.00
2018.05.01 06:18:40.094,0.77293,0.77308,1.00,1.00
2018.05.01 06:18:41.423,0.77292,0.77308,1.00,1.00
2018.05.01 06:18:42.033,0.77291,0.77307,1.00,1.00
2018.05.01 06:18:43.251,0.77292,0.77308,1.00,1.00
2018.05.01 06:18:44.017,0.77293,0.77309,1.00,1.00
2018.05.01 06:18:44.677,0.77292,0.77308,1.00,1.00
2018.05.01 06:18:51.707,0.77293,0.77309,1.00,1.00
2018.05.01 06:18:53.801,0.77291,0.77309,1.00,1.00
2018.05.01 06:18:55.630,0.77293,0.77308,1.00,1.00
2018.05.01 06:19:02.503,0.77292,0.77308,1.00,1.00
2018.05.01 06:19:04.482,0.77293,0.77309,1.00,1.00
2018.05.01 06:19:05.016,0.77292,0.7731,1.00,1.00
2018.05.01 06:19:05.818,0.77293,0.77311,1.00,1.00
2018.05.01 06:19:06.145,0.77293,0.77309,1.00,1.00
2018.05.01 06:19:06.781,0.77293,0.77311,1.00,1.00
2018.05.01 06:19:07.358,0.77294,0.7731,1.00,1.00
2018.05.01 06:19:08.266,0.77294,0.77311,1.00,1.00
2018.05.01 06:19:08.317,0.77293,0.77309,1.00,1.00
2018.05.01 06:19:11.553,0.77294,0.7731,1.00,1.00
2018.05.01 06:19:12.138,0.77293,0.77309,1.00,1.00
2018.05.01 06:19:14.009,0.77294,0.7731,1.00,1.00
2018.05.01 06:19:14.798,0.77293,0.77309,1.00,1.00
2018.05.01 06:19:16.481,0.77291,0.77309,1.00,1.00
2018.05.01 06:19:16.812,0.77293,0.77309,1.00,1.00
2018.05.01 06:19:17.596,0.77292,0.77308,1.00,1.00
2018.05.01 06:19:18.100,0.77293,0.77308,1.00,1.00
2018.05.01 06:19:18.613,0.77292,0.77308,1.00,1.00
2018.05.01 06:19:19.421,0.77293,0.77309,1.00,1.00
2018.05.01 06:19:20.080,0.77294,0.7731,1.00,1.00
2018.05.01 06:19:21.369,0.77293,0.77309,1.00,1.00
2018.05.01 06:19:21.779,0.77293,0.77311,1.00,1.00
2018.05.01 06:19:22.772,0.77293,0.77309,1.00,1.00
2018.05.01 06:19:23.379,0.77294,0.7731,1.00,1.00
2018.05.01 06:19:23.881,0.77293,0.77309,1.00,1.00
2018.05.01 06:19:24.652,0.77294,0.7731,1.00,1.00
2018.05.01 06:19:24.884,0.77292,0.7731,1.50,1.00
2018.05.01 06:19:28.524,0.77294,0.7731,1.00,1.00
2018.05.01 06:19:29.108,0.77295,0.77311,1.00,1.00
2018.05.01 06:19:29.209,0.77293,0.77311,1.00,1.00
2018.05.01 06:19:29.642,0.77295,0.77311,1.00,1.00
2018.05.01 06:19:32.124,0.77293,0.77311,1.00,1.00
2018.05.01 06:19:33.316,0.77295,0.77311,1.00,1.00
2018.05.01 06:19:34.429,0.77293,0.77311,1.00,1.00
2018.05.01 06:19:36.330,0.77296,0.77312,1.00,1.00
2018.05.01 06:19:36.557,0.77294,0.77312,1.00,1.00
2018.05.01 06:19:36.809,0.77296,0.77311,1.00,1.00
2018.05.01 06:19:36.909,0.77294,0.77312,1.00,1.00
2018.05.01 06:19:36.960,0.77296,0.77311,1.00,1.00
2018.05.01 06:19:37.462,0.77295,0.77311,1.00,1.00
2018.05.01 06:19:42.084,0.77296,0.77312,1.00,1.00
2018.05.01 06:19:47.324,0.77295,0.77311,1.50,1.00
2018.05.01 06:19:56.047,0.77296,0.77312,1.00,1.00
2018.05.01 06:20:05.701,0.77296,0.77311,1.00,1.00
2018.05.01 06:20:06.314,0.77296,0.77312,1.00,1.00
2018.05.01 06:20:12.050,0.77295,0.77312,1.50,1.00
2018.05.01 06:20:18.750,0.77295,0.77311,1.50,1.00
2018.05.01 06:20:22.396,0.77295,0.77313,1.00,1.00
2018.05.01 06:20:23.965,0.77296,0.77313,1.00,1.00
2018.05.01 06:20:31.040,0.77296,0.77311,1.00,1.00
2018.05.01 06:20:34.488,0.77295,0.77311,1.00,1.00
2018.05.01 06:20:35.029,0.77296,0.77312,1.00,1.00
2018.05.01 06:20:38.318,0.77296,0.77313,1.00,1.00
2018.05.01 06:20:39.190,0.77296,0.77312,1.00,1.00
2018.05.01 06:20:39.818,0.77297,0.77312,1.00,1.00
2018.05.01 06:20:47.772,0.77296,0.77313,1.00,1.00
2018.05.01 06:20:51.344,0.77297,0.77313,1.00,1.00
2018.05.01 06:20:51.953,0.77298,0.77313,1.00,1.00
2018.05.01 06:20:52.205,0.773,0.77316,1.00,1.00
2018.05.01 06:20:52.257,0.77298,0.77316,1.50,1.00
2018.05.01 06:20:52.480,0.773,0.77316,1.00,1.00
2018.05.01 06:20:53.104,0.77301,0.77317,1.00,1.00
2018.05.01 06:20:53.647,0.773,0.77314,1.00,1.00
2018.05.01 06:20:53.698,0.77298,0.77314,1.00,1.00
2018.05.01 06:20:54.625,0.77299,0.77314,1.00,1.00
2018.05.01 06:20:54.676,0.77298,0.77316,1.00,1.00
2018.05.01 06:20:55.293,0.77299,0.77317,1.00,1.50
2018.05.01 06:20:55.738,0.77299,0.77315,1.00,1.00
2018.05.01 06:20:56.265,0.773,0.77316,1.00,1.00
2018.05.01 06:21:03.511,0.773,0.77314,1.00,1.00
2018.05.01 06:21:06.205,0.77299,0.77314,1.00,1.00
2018.05.01 06:21:21.915,0.773,0.77314,1.00,1.00
2018.05.01 06:21:29.564,0.77298,0.77315,1.00,1.00
2018.05.01 06:21:30.534,0.77299,0.77313,1.00,1.00
2018.05.01 06:21:31.338,0.77299,0.77314,1.00,1.00
2018.05.01 06:21:38.273,0.77299,0.77313,1.00,1.00
2018.05.01 06:21:39.869,0.77298,0.77315,1.00,1.00
2018.05.01 06:21:43.114,0.77298,0.77314,1.00,1.00
2018.05.01 06:21:47.504,0.77298,0.77313,1.00,1.00
2018.05.01 06:21:48.170,0.77299,0.77313,1.00,1.00
2018.05.01 06:22:00.580,0.773,0.77314,1.00,1.00
2018.05.01 06:22:06.314,0.77299,0.77317,1.00,1.00
2018.05.01 06:22:07.437,0.77298,0.77316,1.50,1.00
2018.05.01 06:22:07.487,0.773,0.77315,1.00,1.00
2018.05.01 06:22:07.837,0.77303,0.77318,1.00,1.50
2018.05.01 06:22:07.939,0.77302,0.7732,1.00,1.50
2018.05.01 06:22:09.636,0.77302,0.77318,1.00,1.00
2018.05.01 06:22:10.994,0.77303,0.77319,1.00,1.00
2018.05.01 06:22:18.425,0.77304,0.7732,1.00,1.50
2018.05.01 06:22:19.431,0.77303,0.7732,1.00,1.50
2018.05.01 06:22:22.080,0.77303,0.77319,1.00,1.00
2018.05.01 06:22:22.630,0.77304,0.77319,1.00,1.00
2018.05.01 06:22:24.818,0.77303,0.77319,1.00,1.00
2018.05.01 06:22:25.455,0.77302,0.77318,1.00,1.00
2018.05.01 06:22:26.201,0.77302,0.7732,1.00,1.00
2018.05.01 06:22:26.252,0.77303,0.77318,1.00,1.00
2018.05.01 06:22:26.404,0.77302,0.7732,1.00,1.00
2018.05.01 06:22:26.458,0.77302,0.77318,1.00,1.00
2018.05.01 06:22:27.261,0.77303,0.77319,1.00,1.00
2018.05.01 06:22:28.301,0.77302,0.77318,1.00,1.00
2018.05.01 06:22:29.862,0.77303,0.77319,1.00,1.00
2018.05.01 06:22:34.429,0.77303,0.77318,1.00,1.00
2018.05.01 06:22:34.530,0.77301,0.77319,1.50,1.00
2018.05.01 06:22:34.877,0.77301,0.77316,1.00,1.00
2018.05.01 06:22:34.979,0.77298,0.77314,1.00,1.00
2018.05.01 06:22:35.674,0.77298,0.77316,1.00,1.00
2018.05.01 06:22:35.725,0.77301,0.77317,1.00,1.50
2018.05.01 06:22:36.037,0.77303,0.77319,1.00,1.00
2018.05.01 06:22:36.382,0.773,0.77316,1.50,1.00
2018.05.01 06:22:37.033,0.77299,0.77316,1.00,1.00
2018.05.01 06:22:37.084,0.773,0.77318,1.00,1.00
2018.05.01 06:22:37.286,0.77303,0.77319,1.00,1.00
2018.05.01 06:22:39.375,0.77302,0.77318,1.00,1.00
2018.05.01 06:22:39.687,0.773,0.77318,1.00,1.00
2018.05.01 06:22:39.858,0.77301,0.77316,1.00,1.00
2018.05.01 06:22:39.982,0.773,0.77318,1.00,1.00
2018.05.01 06:22:40.611,0.773,0.77316,1.00,1.00
2018.05.01 06:22:40.920,0.77298,0.77314,1.00,1.00
2018.05.01 06:22:41.865,0.77299,0.77317,1.00,1.00
2018.05.01 06:22:42.305,0.77298,0.77315,1.00,1.00
2018.05.01 06:22:44.041,0.77299,0.77315,1.00,1.00
2018.05.01 06:22:44.753,0.77298,0.77314,1.00,1.00
2018.05.01 06:22:45.499,0.77298,0.77316,1.00,1.00
2018.05.01 06:22:46.107,0.77299,0.77317,1.00,1.00
2018.05.01 06:22:46.502,0.77302,0.77318,1.00,1.00
2018.05.01 06:22:47.238,0.77301,0.77317,1.00,1.00
2018.05.01 06:22:48.525,0.77302,0.77318,1.00,1.00
2018.05.01 06:22:49.081,0.77302,0.77317,1.00,1.00
2018.05.01 06:22:49.738,0.77301,0.77317,1.00,1.00
2018.05.01 06:22:50.911,0.773,0.77316,1.50,1.00
2018.05.01 06:22:51.426,0.77301,0.77317,1.00,1.00
2018.05.01 06:22:52.083,0.773,0.77316,1.00,1.00
2018.05.01 06:22:56.581,0.77299,0.77315,1.00,1.00
2018.05.01 06:22:57.082,0.77298,0.77314,1.00,1.00
2018.05.01 06:22:57.998,0.77299,0.77315,1.00,1.00
2018.05.01 06:22:59.711,0.77298,0.77314,1.00,1.00
2018.05.01 06:23:05.664,0.77299,0.77315,1.00,1.00
2018.05.01 06:23:06.200,0.77298,0.77314,1.00,1.00
2018.05.01 06:23:11.105,0.77299,0.77315,1.00,1.50
2018.05.01 06:23:11.656,0.77298,0.77314,1.00,1.00
2018.05.01 06:23:18.755,0.77297,0.77314,1.00,1.00
2018.05.01 06:23:18.906,0.77295,0.77314,1.00,1.00
2018.05.01 06:23:18.957,0.77295,0.77311,1.00,1.00
2018.05.01 06:23:19.480,0.77295,0.77312,1.00,1.00
2018.05.01 06:23:20.245,0.77296,0.77312,1.00,1.00
2018.05.01 06:23:22.023,0.77296,0.77313,1.00,1.00
2018.05.01 06:23:22.432,0.77299,0.77315,1.00,1.00
2018.05.01 06:23:25.598,0.77299,0.77317,1.00,1.00
2018.05.01 06:23:28.658,0.77302,0.7732,1.00,2.32
2018.05.01 06:23:29.053,0.77302,0.77318,1.00,1.00
2018.05.01 06:23:30.734,0.77303,0.77319,1.00,1.00
2018.05.01 06:23:31.687,0.77304,0.7732,1.00,1.00
2018.05.01 06:23:32.425,0.77305,0.7732,1.00,1.00
2018.05.01 06:23:32.771,0.77306,0.77322,1.00,1.50
2018.05.01 06:23:33.328,0.77305,0.77321,1.00,1.00
2018.05.01 06:23:33.828,0.77302,0.7732,2.25,1.00
2018.05.01 06:23:34.667,0.77302,0.77319,1.00,1.00
2018.05.01 06:23:34.719,0.773,0.77318,2.25,1.00
2018.05.01 06:23:38.165,0.77303,0.77319,1.00,1.00
2018.05.01 06:23:38.470,0.77305,0.77321,1.00,1.00
2018.05.01 06:23:40.148,0.77303,0.77321,1.00,1.50
2018.05.01 06:23:40.199,0.77303,0.77319,1.00,1.00
2018.05.01 06:23:40.817,0.77304,0.7732,1.00,1.00
2018.05.01 06:23:42.799,0.77304,0.77322,1.00,1.00
2018.05.01 06:23:45.107,0.77306,0.77322,1.00,1.00
2018.05.01 06:23:45.211,0.77306,0.77324,1.00,1.00
2018.05.01 06:23:45.262,0.77306,0.77322,1.00,1.00
2018.05.01 06:23:45.313,0.77306,0.77324,1.00,1.00
2018.05.01 06:23:45.364,0.77306,0.77321,1.00,1.00
2018.05.01 06:23:45.536,0.77304,0.7732,1.00,1.00
2018.05.01 06:23:46.264,0.77305,0.77321,1.00,1.00
2018.05.01 06:23:46.381,0.77303,0.77319,1.50,1.00
2018.05.01 06:23:47.663,0.77305,0.77321,1.00,1.00
2018.05.01 06:23:48.449,0.77304,0.7732,1.00,1.00
2018.05.01 06:23:48.775,0.77308,0.77324,1.00,1.00
2018.05.01 06:23:49.083,0.77305,0.77321,1.00,1.00
2018.05.01 06:23:52.422,0.77304,0.7732,1.00,1.00
2018.05.01 06:23:54.043,0.77303,0.77319,1.00,1.00
2018.05.01 06:23:54.144,0.77303,0.77321,1.00,1.00
2018.05.01 06:23:54.408,0.77303,0.77319,1.00,1.00
2018.05.01 06:23:55.605,0.77303,0.77321,1.00,1.00
2018.05.01 06:23:57.174,0.77303,0.77319,1.00,1.00
2018.05.01 06:23:57.732,0.77302,0.77318,1.50,1.00
2018.05.01 06:23:58.077,0.77304,0.7732,1.50,1.00
2018.05.01 06:23:58.688,0.77305,0.7732,1.00,1.00
2018.05.01 06:23:58.849,0.77303,0.77319,1.00,1.00
2018.05.01 06:24:01.232,0.77303,0.77318,1.00,1.00
2018.05.01 06:24:01.972,0.77304,0.7732,1.00,1.00
2018.05.01 06:24:02.023,0.77305,0.77324,1.00,1.07
2018.05.01 06:24:02.187,0.77305,0.77321,1.00,1.00
2018.05.01 06:24:02.609,0.77303,0.77318,1.00,1.00
2018.05.01 06:24:03.168,0.77303,0.77319,1.00,1.00
2018.05.01 06:24:03.219,0.77301,0.77319,1.50,1.00
2018.05.01 06:24:03.479,0.77303,0.77318,1.00,1.00
2018.05.01 06:24:03.530,0.77303,0.77321,1.00,1.50
2018.05.01 06:24:04.305,0.77304,0.77321,1.00,1.50
2018.05.01 06:24:04.579,0.77306,0.77321,1.00,1.00
2018.05.01 06:24:04.908,0.7731,0.77324,1.00,1.00
2018.05.01 06:24:05.010,0.77307,0.77323,1.50,1.00
2018.05.01 06:24:06.741,0.77308,0.77324,1.00,1.00
2018.05.01 06:24:07.256,0.77307,0.77323,1.00,1.00
2018.05.01 06:24:07.878,0.77308,0.77324,1.00,1.00
2018.05.01 06:24:08.629,0.7731,0.77326,1.00,1.00
2018.05.01 06:24:09.001,0.77309,0.77324,1.50,1.00
2018.05.01 06:24:09.585,0.77308,0.77323,1.50,1.00
2018.05.01 06:24:10.608,0.77309,0.77325,1.00,1.00
2018.05.01 06:24:10.709,0.77308,0.77323,1.10,1.00
2018.05.01 06:24:11.036,0.77304,0.77319,2.32,1.00
2018.05.01 06:24:13.129,0.77305,0.77319,1.00,1.00
2018.05.01 06:24:13.879,0.77304,0.77319,1.00,1.00
2018.05.01 06:24:14.790,0.77303,0.77318,1.50,1.00
2018.05.01 06:24:15.508,0.77304,0.77319,1.00,1.00
2018.05.01 06:24:16.181,0.77305,0.7732,1.00,1.00
2018.05.01 06:24:16.755,0.77305,0.77319,1.00,1.00
2018.05.01 06:24:17.122,0.77303,0.77319,1.50,1.00
2018.05.01 06:24:17.814,0.77305,0.77319,1.00,1.00
2018.05.01 06:24:18.500,0.77305,0.7732,1.50,1.00
2018.05.01 06:24:19.162,0.77305,0.77319,1.50,1.00
2018.05.01 06:24:20.289,0.77303,0.77319,2.25,1.00
2018.05.01 06:24:21.488,0.77303,0.7732,2.25,1.00
2018.05.01 06:24:23.651,0.77305,0.7732,1.00,1.00
2018.05.01 06:24:24.775,0.77305,0.77318,1.00,1.00
2018.05.01 06:24:25.030,0.77305,0.7732,1.00,1.00
2018.05.01 06:24:27.073,0.77305,0.77318,1.00,1.00
2018.05.01 06:24:27.733,0.77303,0.77318,1.50,1.00
2018.05.01 06:24:27.835,0.77301,0.77315,1.50,1.00
2018.05.01 06:24:28.325,0.77302,0.77317,1.00,1.00
2018.05.01 06:24:28.837,0.77302,0.77316,1.00,1.00
2018.05.01 06:24:28.985,0.77301,0.77318,1.00,1.00
2018.05.01 06:24:29.994,0.77303,0.77318,1.00,1.00
2018.05.01 06:24:30.775,0.77302,0.77317,1.00,1.00
2018.05.01 06:24:31.861,0.77303,0.77317,1.00,1.00
2018.05.01 06:24:32.448,0.77303,0.77318,1.00,1.00
2018.05.01 06:24:34.811,0.77303,0.7732,1.00,1.00
2018.05.01 06:24:34.862,0.77303,0.77318,1.00,1.00
2018.05.01 06:24:38.642,0.77302,0.77317,1.00,1.00
2018.05.01 06:24:43.710,0.77301,0.77315,1.00,1.00
2018.05.01 06:24:44.332,0.77301,0.77316,1.00,1.00
2018.05.01 06:24:45.042,0.773,0.77315,1.00,1.00
2018.05.01 06:24:47.197,0.77298,0.77315,1.00,1.00
2018.05.01 06:24:47.357,0.773,0.77316,1.00,1.00
2018.05.01 06:24:50.356,0.77301,0.77317,1.00,1.00
2018.05.01 06:24:51.067,0.77301,0.77319,1.00,1.10
2018.05.01 06:24:53.504,0.77301,0.77317,1.00,1.00
2018.05.01 06:24:54.030,0.773,0.77316,1.00,1.00
2018.05.01 06:24:54.611,0.77301,0.77317,1.00,1.00
2018.05.01 06:24:55.247,0.773,0.77316,1.00,1.00
2018.05.01 06:24:55.937,0.77301,0.77317,1.00,1.00
2018.05.01 06:24:58.686,0.773,0.77316,1.00,1.00
2018.05.01 06:24:59.209,0.77301,0.77317,1.00,1.00
2018.05.01 06:25:00.217,0.77301,0.77318,1.00,1.50
2018.05.01 06:25:01.104,0.77301,0.77319,1.00,1.00
2018.05.01 06:25:01.451,0.77304,0.7732,1.00,1.00
2018.05.01 06:25:03.532,0.77306,0.77322,1.00,1.00
2018.05.01 06:25:03.806,0.77307,0.77324,1.00,1.00
2018.05.01 06:25:04.544,0.77308,0.77324,1.00,1.00
2018.05.01 06:25:06.022,0.77308,0.77326,1.00,1.50
2018.05.01 06:25:12.078,0.77308,0.77324,1.00,1.00
2018.05.01 06:25:12.577,0.77305,0.77323,1.00,1.00
2018.05.01 06:25:12.628,0.77306,0.77321,1.00,1.00
2018.05.01 06:25:12.897,0.77303,0.77319,1.00,1.00
2018.05.01 06:25:13.128,0.77297,0.77318,1.95,1.50
2018.05.01 06:25:13.229,0.77301,0.77317,1.00,1.00
2018.05.01 06:25:13.742,0.773,0.77316,1.00,1.50
2018.05.01 06:25:14.250,0.77301,0.77316,1.00,1.00
2018.05.01 06:25:15.075,0.77299,0.77316,1.00,1.00
2018.05.01 06:25:15.136,0.77301,0.77316,1.00,1.00
2018.05.01 06:25:15.908,0.77302,0.77316,1.00,1.00
2018.05.01 06:25:17.907,0.77302,0.77318,1.00,1.50
2018.05.01 06:25:20.330,0.77301,0.77317,1.00,1.00
2018.05.01 06:25:20.665,0.773,0.77315,1.00,1.00
2018.05.01 06:25:20.953,0.773,0.77318,1.00,1.50
2018.05.01 06:25:21.054,0.77302,0.77318,1.00,1.50
2018.05.01 06:25:23.551,0.773,0.77316,1.00,1.00
2018.05.01 06:25:23.855,0.77303,0.77319,1.00,1.00
2018.05.01 06:25:24.367,0.77302,0.7732,1.00,1.50
2018.05.01 06:25:24.869,0.77301,0.7732,1.00,1.50
2018.05.01 06:25:25.918,0.77303,0.77319,1.00,1.00
2018.05.01 06:25:26.468,0.77302,0.77319,1.00,1.00
2018.05.01 06:25:28.628,0.77302,0.7732,1.00,1.00
2018.05.01 06:25:29.355,0.77303,0.77319,1.00,1.00
2018.05.01 06:25:31.230,0.77304,0.77319,1.00,1.00
2018.05.01 06:25:31.521,0.77302,0.7732,1.00,1.50
2018.05.01 06:25:32.375,0.77304,0.7732,1.00,1.50
2018.05.01 06:25:32.636,0.773,0.77318,1.00,1.00
2018.05.01 06:25:32.687,0.773,0.77316,1.00,1.00
2018.05.01 06:25:33.285,0.77301,0.77317,1.00,1.00
2018.05.01 06:25:35.102,0.77299,0.77315,1.00,1.00
2018.05.01 06:25:35.727,0.773,0.77316,1.00,1.50
2018.05.01 06:25:39.869,0.77299,0.77315,1.00,1.00
2018.05.01 06:25:43.294,0.773,0.77316,1.00,1.50
2018.05.01 06:25:46.042,0.77301,0.77316,1.00,1.00
2018.05.01 06:25:46.631,0.773,0.77315,1.00,1.00
2018.05.01 06:25:47.929,0.773,0.77316,1.00,1.50
2018.05.01 06:25:48.450,0.77299,0.77315,1.00,1.50
2018.05.01 06:25:50.846,0.77298,0.77314,1.00,1.00
2018.05.01 06:25:55.933,0.77298,0.77313,1.00,1.00
2018.05.01 06:25:59.037,0.77297,0.77313,1.00,1.50
2018.05.01 06:26:01.625,0.77293,0.77311,1.00,1.00
2018.05.01 06:26:01.777,0.77289,0.77311,1.10,1.00
2018.05.01 06:26:01.928,0.77293,0.77311,1.00,1.00
2018.05.01 06:26:02.234,0.77296,0.77312,1.00,1.50
2018.05.01 06:26:03.058,0.77296,0.77311,1.00,1.00
2018.05.01 06:26:04.430,0.77295,0.77311,1.00,1.00
2018.05.01 06:26:06.416,0.77296,0.77311,1.00,1.00
2018.05.01 06:26:06.932,0.77295,0.77311,1.00,1.00
2018.05.01 06:26:07.689,0.77295,0.77312,1.00,1.00
2018.05.01 06:26:08.237,0.77295,0.77311,1.00,1.00
2018.05.01 06:26:14.035,0.77294,0.7731,1.00,1.00
2018.05.01 06:26:14.577,0.77295,0.77311,1.00,1.00
2018.05.01 06:26:15.202,0.77296,0.77312,1.00,1.00
2018.05.01 06:26:19.676,0.77294,0.7731,1.00,1.00
2018.05.01 06:26:20.727,0.77293,0.77309,1.00,1.00
2018.05.01 06:26:21.034,0.7729,0.77306,1.00,1.00
2018.05.01 06:26:21.818,0.77291,0.77307,1.00,1.00
2018.05.01 06:26:22.902,0.7729,0.77306,1.00,1.00
2018.05.01 06:26:23.466,0.77291,0.77307,1.00,1.00
2018.05.01 06:26:25.041,0.7729,0.77306,1.00,1.00
2018.05.01 06:26:30.442,0.77289,0.77305,1.00,1.00
2018.05.01 06:26:31.044,0.7729,0.77306,1.00,1.00
2018.05.01 06:26:31.664,0.77291,0.77307,1.00,1.00
2018.05.01 06:26:32.380,0.7729,0.77306,1.00,1.00
2018.05.01 06:26:33.235,0.77291,0.77307,1.00,1.00
2018.05.01 06:26:34.457,0.77289,0.77308,1.00,1.50
2018.05.01 06:26:35.295,0.7729,0.77306,1.00,1.00
2018.05.01 06:26:38.615,0.77291,0.77307,1.00,1.00
2018.05.01 06:26:38.717,0.77291,0.77309,1.00,1.00
2018.05.01 06:26:38.768,0.77293,0.77309,1.00,1.00
2018.05.01 06:26:39.320,0.77292,0.77308,1.00,1.00
2018.05.01 06:26:43.097,0.77291,0.77307,1.00,1.00
2018.05.01 06:26:43.608,0.7729,0.77308,1.00,1.00
2018.05.01 06:26:44.091,0.77291,0.77306,1.00,1.00
2018.05.01 06:26:44.715,0.77291,0.77307,1.00,1.50
2018.05.01 06:26:47.765,0.7729,0.77306,1.00,1.00
2018.05.01 06:26:50.562,0.77291,0.77307,1.00,1.50
2018.05.01 06:26:50.646,0.77289,0.77307,1.00,1.50
2018.05.01 06:26:50.755,0.77291,0.77307,1.00,1.50
2018.05.01 06:26:52.067,0.7729,0.77307,1.00,1.50
2018.05.01 06:26:53.104,0.77289,0.77307,1.00,1.50
2018.05.01 06:26:53.458,0.77291,0.77306,1.00,1.00
2018.05.01 06:26:54.818,0.7729,0.77306,1.00,1.00
2018.05.01 06:26:56.381,0.77291,0.77309,1.00,1.50
2018.05.01 06:26:56.433,0.77291,0.77307,1.00,1.00
2018.05.01 06:26:56.484,0.77289,0.77307,1.00,1.00
2018.05.01 06:26:57.294,0.7729,0.77307,1.00,1.00
2018.05.01 06:26:57.504,0.77288,0.77304,1.00,1.00
2018.05.01 06:26:58.009,0.77287,0.77305,1.00,1.00
2018.05.01 06:26:58.847,0.77289,0.77305,1.00,1.00
2018.05.01 06:27:00.185,0.7729,0.77307,1.00,1.00
2018.05.01 06:27:01.639,0.7729,0.77306,1.00,1.00
2018.05.01 06:27:06.268,0.77288,0.77306,1.00,1.00
2018.05.01 06:27:08.856,0.77289,0.77306,1.00,1.00
2018.05.01 06:27:09.996,0.7729,0.77306,1.00,1.00
2018.05.01 06:27:10.048,0.77292,0.77308,1.00,1.00
2018.05.01 06:27:10.584,0.77291,0.77307,1.00,1.00
2018.05.01 06:27:11.334,0.7729,0.77308,1.00,1.00
2018.05.01 06:27:11.665,0.77292,0.77308,1.00,1.00
2018.05.01 06:27:12.213,0.77293,0.77309,1.00,1.00
2018.05.01 06:27:12.265,0.77293,0.77311,1.00,1.00
2018.05.01 06:27:12.438,0.77293,0.77309,1.00,1.00
2018.05.01 06:27:12.985,0.77292,0.7731,1.00,1.00
2018.05.01 06:27:13.624,0.77292,0.77309,1.00,1.00
2018.05.01 06:27:14.311,0.77293,0.77308,1.00,1.00
2018.05.01 06:27:15.069,0.77293,0.77311,1.00,1.00
2018.05.01 06:27:15.220,0.77295,0.77311,1.00,1.00
2018.05.01 06:27:15.958,0.77295,0.7731,1.00,1.00
2018.05.01 06:27:16.009,0.77294,0.77312,1.00,1.00
2018.05.01 06:27:16.191,0.77294,0.7731,1.00,1.00
2018.05.01 06:27:16.928,0.77293,0.77309,1.50,1.00
2018.05.01 06:27:18.931,0.77294,0.77309,1.00,1.00
2018.05.01 06:27:19.592,0.77294,0.7731,1.50,1.00
2018.05.01 06:27:20.860,0.77295,0.7731,1.00,1.00
2018.05.01 06:27:21.569,0.77294,0.7731,1.50,1.00
2018.05.01 06:27:26.240,0.77296,0.77311,1.00,1.00
2018.05.01 06:27:27.166,0.77295,0.77313,1.00,1.00
2018.05.01 06:27:28.213,0.77297,0.77313,1.00,1.00
2018.05.01 06:27:28.832,0.77298,0.77314,1.00,1.00
2018.05.01 06:27:33.780,0.77297,0.77313,1.20,1.00
2018.05.01 06:27:34.429,0.77298,0.77314,1.10,1.00
2018.05.01 06:27:35.007,0.77296,0.77314,1.20,1.00
2018.05.01 06:27:36.392,0.77297,0.77313,1.00,1.00
2018.05.01 06:27:37.445,0.77297,0.77315,1.20,1.00
2018.05.01 06:27:38.455,0.77297,0.77315,1.20,1.00
2018.05.01 06:27:38.964,0.773,0.77316,1.00,1.00
2018.05.01 06:27:39.269,0.77298,0.77314,1.10,1.00
2018.05.01 06:27:44.525,0.77299,0.77317,1.00,1.00
2018.05.01 06:27:44.626,0.77299,0.77315,1.10,1.00
2018.05.01 06:27:45.399,0.77299,0.77314,1.00,1.00
2018.05.01 06:27:47.929,0.77299,0.77315,1.00,1.00
2018.05.01 06:27:54.543,0.773,0.77316,1.00,1.00
2018.05.01 06:27:55.065,0.77299,0.77317,1.00,1.00
2018.05.01 06:27:58.748,0.773,0.77315,1.00,1.00
2018.05.01 06:28:00.105,0.77299,0.77315,1.00,1.00
2018.05.01 06:28:02.667,0.773,0.77316,1.00,1.00
2018.05.01 06:28:03.330,0.77299,0.77315,1.00,1.00
2018.05.01 06:28:07.396,0.773,0.77315,1.00,1.00
2018.05.01 06:28:07.952,0.77299,0.77315,1.00,1.00
2018.05.01 06:28:08.503,0.77298,0.77316,1.57,1.00
2018.05.01 06:28:09.274,0.77299,0.77316,1.00,1.00
2018.05.01 06:28:11.067,0.77299,0.77315,1.00,1.00
2018.05.01 06:28:14.121,0.77299,0.77316,1.00,1.00
2018.05.01 06:28:14.425,0.77296,0.77312,1.50,1.00
2018.05.01 06:28:15.269,0.77297,0.77313,1.00,1.00
2018.05.01 06:28:17.766,0.77298,0.77313,1.00,1.00
2018.05.01 06:28:18.482,0.77297,0.77313,1.00,1.00
2018.05.01 06:28:19.211,0.77298,0.77314,1.00,1.00
2018.05.01 06:28:20.183,0.77297,0.77313,1.00,1.00
2018.05.01 06:28:20.868,0.77298,0.77313,1.00,1.00
2018.05.01 06:28:23.319,0.77297,0.77313,1.00,1.00
2018.05.01 06:28:24.971,0.77298,0.77314,1.00,1.00
2018.05.01 06:28:26.858,0.77296,0.77312,1.00,1.00
2018.05.01 06:28:27.439,0.77296,0.77311,1.00,1.00
2018.05.01 06:28:27.722,0.77297,0.77315,1.50,1.00
2018.05.01 06:28:27.773,0.77299,0.77315,1.00,1.00
2018.05.01 06:28:28.167,0.77298,0.77313,1.00,1.00
2018.05.01 06:28:29.031,0.77298,0.77314,1.00,1.00
2018.05.01 06:28:33.263,0.77299,0.77314,1.00,1.00
2018.05.01 06:28:34.458,0.77297,0.77315,1.20,1.00
2018.05.01 06:28:35.829,0.77299,0.77314,1.00,1.00
2018.05.01 06:28:37.696,0.77298,0.77314,1.10,1.00
2018.05.01 06:28:38.111,0.77301,0.77319,1.00,1.50
2018.05.01 06:28:38.162,0.77301,0.77317,1.00,1.00
2018.05.01 06:28:38.608,0.77302,0.77314,1.00,1.00
2018.05.01 06:28:38.709,0.77297,0.77312,1.00,1.00
2018.05.01 06:28:39.358,0.77296,0.77312,1.00,1.00
2018.05.01 06:28:40.016,0.77295,0.77313,1.50,1.00
2018.05.01 06:28:40.675,0.77296,0.77314,1.00,1.00
2018.05.01 06:28:40.961,0.77298,0.77314,1.00,1.00
2018.05.01 06:28:49.852,0.77298,0.77313,1.00,1.00
2018.05.01 06:28:50.906,0.77297,0.77312,1.00,1.00
2018.05.01 06:28:51.112,0.77296,0.77314,1.00,1.00
2018.05.01 06:28:51.624,0.77297,0.77313,1.00,1.00
2018.05.01 06:28:53.479,0.77298,0.77314,1.00,1.00
2018.05.01 06:28:54.086,0.77297,0.77313,1.00,1.00
2018.05.01 06:28:56.298,0.77296,0.77312,1.00,1.00
2018.05.01 06:28:58.224,0.77297,0.77313,1.00,1.00
2018.05.01 06:28:58.948,0.77298,0.77314,1.00,1.00
2018.05.01 06:28:59.861,0.77298,0.77313,1.00,1.00
2018.05.01 06:29:00.669,0.77297,0.77315,1.00,1.00
2018.05.01 06:29:09.745,0.77297,0.77313,1.00,1.00
2018.05.01 06:29:10.514,0.77296,0.77312,1.00,1.00
2018.05.01 06:29:20.447,0.77297,0.77313,1.00,1.00
2018.05.01 06:29:21.096,0.77296,0.77312,1.00,1.00
2018.05.01 06:29:26.426,0.77294,0.7731,1.00,1.00
2018.05.01 06:29:26.730,0.77298,0.77314,1.00,1.50
2018.05.01 06:29:27.248,0.77299,0.77315,1.00,1.00
2018.05.01 06:29:28.028,0.77299,0.77316,1.00,1.00
2018.05.01 06:29:28.892,0.77299,0.77315,1.00,1.00
2018.05.01 06:29:30.604,0.77299,0.77316,1.00,1.00
2018.05.01 06:29:32.763,0.77299,0.77314,1.00,1.00
2018.05.01 06:29:32.814,0.773,0.77316,1.00,1.50
2018.05.01 06:29:36.333,0.773,0.77315,1.00,1.00
2018.05.01 06:29:36.939,0.773,0.77316,1.00,1.50
2018.05.01 06:29:38.319,0.77299,0.77315,1.00,1.00
2018.05.01 06:29:39.013,0.773,0.77316,1.00,1.50
2018.05.01 06:29:40.956,0.77298,0.77315,1.00,1.00
2018.05.01 06:29:42.513,0.77299,0.77316,1.00,1.00
2018.05.01 06:29:43.225,0.77299,0.77315,1.00,1.00
2018.05.01 06:29:43.801,0.77298,0.77314,1.00,1.00
2018.05.01 06:29:45.320,0.77297,0.77315,1.00,1.00
2018.05.01 06:29:45.872,0.77297,0.77314,1.00,1.00
2018.05.01 06:29:45.924,0.77297,0.77312,1.00,1.00
2018.05.01 06:29:46.047,0.77293,0.7731,1.00,1.00
2018.05.01 06:29:46.608,0.77292,0.77311,1.50,1.00
2018.05.01 06:29:46.862,0.77294,0.77311,1.00,1.00
2018.05.01 06:29:47.064,0.77292,0.77312,1.50,1.50
2018.05.01 06:29:48.787,0.77294,0.77311,1.00,1.00
2018.05.01 06:29:49.316,0.77296,0.77313,1.00,1.00
2018.05.01 06:29:49.368,0.77294,0.77312,1.00,1.00
2018.05.01 06:29:49.984,0.77295,0.77312,1.50,1.00
2018.05.01 06:29:51.026,0.77295,0.77314,1.00,1.00
2018.05.01 06:29:54.819,0.77295,0.77315,1.00,1.50
2018.05.01 06:29:56.390,0.77296,0.77315,1.50,1.00
2018.05.01 06:29:57.330,0.77296,0.77316,1.00,1.50
2018.05.01 06:29:57.591,0.77294,0.77315,2.32,1.00
2018.05.01 06:29:58.187,0.77296,0.77316,1.00,1.50
2018.05.01 06:29:59.640,0.77296,0.77315,1.00,1.00
2018.05.01 06:30:00.085,0.77294,0.77315,1.50,1.50
2018.05.01 06:30:00.294,0.77294,0.77315,2.70,1.50
2018.05.01 06:30:00.345,0.77294,0.77315,1.50,1.50
2018.05.01 06:30:00.862,0.77295,0.77316,1.00,1.10
2018.05.01 06:30:00.966,0.77298,0.77316,1.00,1.00
2018.05.01 06:30:01.071,0.77297,0.77318,1.00,1.10
2018.05.01 06:30:01.122,0.77299,0.77318,1.00,1.00
2018.05.01 06:30:01.296,0.773,0.77321,1.00,1.10
2018.05.01 06:30:01.497,0.77299,0.77319,1.00,1.00
2018.05.01 06:30:03.044,0.77299,0.77318,1.00,1.00
2018.05.01 06:30:03.197,0.77295,0.77315,1.57,1.00
2018.05.01 06:30:06.320,0.77297,0.77313,1.00,1.00
2018.05.01 06:30:07.525,0.77298,0.77314,1.00,1.00
2018.05.01 06:30:08.171,0.77298,0.77315,1.00,1.00
2018.05.01 06:30:08.500,0.77297,0.77313,1.00,1.00
2018.05.01 06:30:09.966,0.77298,0.77314,1.00,1.00
2018.05.01 06:30:10.307,0.77298,0.77316,1.00,1.00
2018.05.01 06:30:11.357,0.77297,0.77315,1.00,1.00
2018.05.01 06:30:12.977,0.77297,0.77312,1.00,1.00
2018.05.01 06:30:13.029,0.77295,0.77313,1.00,1.00
2018.05.01 06:30:13.549,0.77296,0.77311,1.00,1.00
2018.05.01 06:30:13.657,0.77294,0.7731,1.50,1.00
2018.05.01 06:30:14.473,0.77295,0.77311,1.00,1.00
2018.05.01 06:30:16.086,0.77295,0.77313,1.00,1.00
2018.05.01 06:30:16.974,0.77297,0.77313,1.00,1.00
2018.05.01 06:30:17.554,0.77296,0.77312,1.00,1.00
2018.05.01 06:30:20.361,0.77298,0.77314,1.00,1.00
2018.05.01 06:30:21.073,0.77297,0.77314,1.00,1.00
2018.05.01 06:30:23.319,0.77297,0.77315,1.00,1.00
2018.05.01 06:30:26.358,0.77299,0.77315,1.00,1.00
2018.05.01 06:30:26.685,0.77296,0.77312,1.00,1.00
2018.05.01 06:30:27.015,0.77296,0.77314,1.00,1.50
2018.05.01 06:30:27.655,0.77295,0.77311,1.50,1.00
2018.05.01 06:30:28.339,0.77296,0.77312,1.00,1.00
2018.05.01 06:30:30.052,0.77298,0.77314,1.00,1.00
2018.05.01 06:30:30.355,0.77296,0.77312,1.00,1.00
2018.05.01 06:30:30.936,0.77295,0.77311,1.00,1.00
2018.05.01 06:30:32.470,0.77296,0.77312,1.00,1.00
2018.05.01 06:30:33.044,0.77295,0.77311,1.00,1.00
2018.05.01 06:30:35.811,0.77296,0.77311,1.00,1.00
2018.05.01 06:30:36.336,0.77295,0.77311,1.00,1.00
2018.05.01 06:30:36.765,0.77295,0.77313,1.00,1.00
2018.05.01 06:30:36.917,0.77294,0.7731,1.00,1.00
2018.05.01 06:30:38.369,0.77295,0.7731,1.00,1.00
2018.05.01 06:30:39.819,0.77294,0.7731,1.00,1.00
2018.05.01 06:30:40.512,0.77292,0.77307,1.00,1.00
2018.05.01 06:30:41.289,0.77291,0.77307,1.00,1.00
2018.05.01 06:30:43.562,0.77293,0.77309,1.00,1.00
2018.05.01 06:30:43.893,0.77296,0.77312,1.00,1.00
2018.05.01 06:30:44.450,0.77295,0.77311,1.00,1.00
2018.05.01 06:30:45.411,0.77295,0.7731,1.00,1.00
2018.05.01 06:30:45.462,0.77292,0.77308,1.00,1.00
2018.05.01 06:30:46.242,0.77291,0.77307,1.00,1.00
2018.05.01 06:30:47.282,0.77292,0.77308,1.00,1.00
2018.05.01 06:30:48.090,0.77291,0.77306,1.00,1.00
2018.05.01 06:30:48.192,0.77293,0.77309,1.00,1.00
2018.05.01 06:30:49.098,0.77294,0.7731,1.00,1.00
2018.05.01 06:30:49.647,0.77294,0.77312,1.00,1.00
2018.05.01 06:30:49.925,0.77291,0.77307,1.00,1.00
2018.05.01 06:30:53.075,0.7729,0.77306,1.10,1.00
2018.05.01 06:30:53.230,0.77287,0.77305,1.95,1.00
2018.05.01 06:30:53.281,0.77287,0.77303,1.95,1.00
2018.05.01 06:30:53.332,0.77286,0.77302,1.00,1.00
2018.05.01 06:30:53.433,0.77288,0.77303,1.00,1.00
2018.05.01 06:30:54.165,0.77287,0.77302,1.00,1.00
2018.05.01 06:30:54.560,0.77288,0.77304,1.00,1.00
2018.05.01 06:30:54.611,0.7729,0.77306,1.00,1.50
2018.05.01 06:30:55.983,0.77291,0.77307,1.00,1.00
2018.05.01 06:30:56.532,0.77292,0.77308,1.00,1.00
2018.05.01 06:30:56.842,0.77295,0.77311,1.00,1.00
2018.05.01 06:30:57.461,0.77296,0.77311,1.00,1.00
2018.05.01 06:30:57.758,0.77294,0.7731,1.10,1.00
2018.05.01 06:30:57.910,0.77293,0.77308,1.20,1.00
2018.05.01 06:30:58.063,0.7729,0.77306,1.20,1.00
2018.05.01 06:30:58.577,0.77291,0.77307,1.00,1.00
2018.05.01 06:30:59.361,0.7729,0.77306,1.20,1.00
2018.05.01 06:30:59.565,0.77292,0.77308,1.00,1.00
2018.05.01 06:31:00.151,0.77293,0.77308,1.00,1.00
2018.05.01 06:31:00.743,0.77292,0.77308,1.00,1.00
2018.05.01 06:31:00.794,0.77291,0.77306,1.00,1.00
2018.05.01 06:31:00.896,0.77289,0.77305,1.00,1.00
2018.05.01 06:31:00.998,0.77287,0.77303,1.20,1.00
2018.05.01 06:31:01.055,0.77285,0.77301,1.10,1.00
2018.05.01 06:31:01.330,0.77286,0.77302,1.20,1.00
2018.05.01 06:31:01.431,0.77288,0.77304,1.00,1.00
2018.05.01 06:31:03.115,0.77289,0.77305,1.00,1.00
2018.05.01 06:31:03.471,0.7729,0.77307,1.10,1.00
2018.05.01 06:31:03.522,0.7729,0.77309,1.10,1.00
2018.05.01 06:31:03.573,0.77291,0.77307,1.10,1.00
2018.05.01 06:31:04.182,0.77292,0.77308,1.00,1.00
2018.05.01 06:31:05.109,0.77291,0.77307,1.10,1.00
2018.05.01 06:31:05.614,0.7729,0.77305,1.95,1.00
2018.05.01 06:31:05.767,0.77288,0.77306,1.10,1.50
2018.05.01 06:31:05.817,0.7729,0.77305,1.00,1.00
2018.05.01 06:31:05.868,0.77288,0.77306,1.95,1.00
2018.05.01 06:31:05.919,0.77288,0.77304,1.50,1.00
2018.05.01 06:31:06.349,0.77286,0.77302,1.00,1.00
2018.05.01 06:31:07.153,0.77285,0.77301,1.10,1.00
2018.05.01 06:31:08.956,0.77286,0.77302,1.00,1.00
2018.05.01 06:31:09.504,0.77287,0.77303,1.00,1.00
2018.05.01 06:31:10.021,0.77286,0.77302,1.10,1.00
2018.05.01 06:31:10.741,0.77286,0.77306,1.50,1.00
2018.05.01 06:31:10.843,0.77287,0.77303,1.50,1.00
2018.05.01 06:31:11.114,0.77285,0.77303,1.57,1.00
2018.05.01 06:31:11.595,0.77285,0.77301,1.10,1.00
2018.05.01 06:31:13.588,0.77285,0.77303,1.10,1.00
2018.05.01 06:31:14.875,0.77285,0.77303,1.20,1.00
2018.05.01 06:31:16.355,0.77287,0.77303,1.00,1.00
2018.05.01 06:31:17.390,0.77288,0.77304,1.00,1.00
2018.05.01 06:31:17.895,0.77287,0.77303,1.00,1.00
2018.05.01 06:31:18.155,0.77287,0.77305,1.00,1.00
2018.05.01 06:31:18.280,0.77287,0.77303,1.00,1.00
2018.05.01 06:31:18.463,0.77287,0.77305,1.20,1.00
2018.05.01 06:31:18.615,0.77287,0.77303,1.20,1.00
2018.05.01 06:31:21.391,0.77288,0.77304,1.00,1.00
2018.05.01 06:31:21.442,0.77288,0.77306,1.10,1.00
2018.05.01 06:31:21.750,0.77292,0.77308,1.00,1.00
2018.05.01 06:31:21.963,0.7729,0.77308,1.57,1.00
2018.05.01 06:31:22.467,0.7729,0.77307,1.00,1.00
2018.05.01 06:31:24.170,0.7729,0.77307,1.20,1.00
2018.05.01 06:31:24.383,0.7729,0.77305,1.00,1.00
2018.05.01 06:31:24.707,0.77288,0.77306,1.10,1.00
2018.05.01 06:31:24.977,0.7729,0.77306,1.00,1.00
2018.05.01 06:31:25.502,0.77291,0.77307,1.10,1.00
2018.05.01 06:31:26.256,0.77291,0.77306,1.00,1.00
2018.05.01 06:31:26.409,0.77289,0.77306,1.10,1.00
2018.05.01 06:31:26.510,0.77288,0.77304,1.10,1.00
2018.05.01 06:31:27.032,0.77289,0.77305,1.00,1.00
2018.05.01 06:31:27.347,0.77288,0.77303,1.00,1.00
2018.05.01 06:31:27.658,0.77289,0.77305,1.00,1.00
2018.05.01 06:31:27.959,0.77287,0.77303,1.57,1.00
2018.05.01 06:31:29.336,0.77288,0.77303,1.00,1.00
2018.05.01 06:31:29.438,0.77289,0.77305,1.10,1.00
2018.05.01 06:31:30.045,0.77289,0.77304,1.00,1.00
2018.05.01 06:31:30.546,0.77289,0.77305,1.00,1.00
2018.05.01 06:31:31.715,0.7729,0.77306,1.00,1.00
2018.05.01 06:31:32.250,0.77289,0.77305,1.10,1.00
2018.05.01 06:31:32.763,0.7729,0.77306,1.00,1.00
2018.05.01 06:31:33.525,0.77289,0.77305,1.10,1.00
2018.05.01 06:31:34.248,0.77288,0.77303,1.20,1.00
2018.05.01 06:31:34.403,0.7729,0.77305,1.00,1.00
2018.05.01 06:31:35.062,0.77289,0.77305,1.00,1.00
2018.05.01 06:31:37.300,0.77288,0.77303,1.00,1.00
2018.05.01 06:31:37.837,0.77288,0.77304,1.00,1.00
2018.05.01 06:31:38.407,0.77289,0.77304,1.00,1.00
2018.05.01 06:31:38.908,0.7729,0.77306,1.00,1.00
2018.05.01 06:31:39.488,0.77289,0.77305,1.00,1.00
2018.05.01 06:31:41.327,0.77289,0.77304,1.00,1.00
2018.05.01 06:31:41.993,0.77289,0.77306,1.00,1.00
2018.05.01 06:31:42.496,0.77291,0.77306,1.00,1.00
2018.05.01 06:31:42.799,0.77289,0.77306,1.10,1.00
2018.05.01 06:31:43.405,0.7729,0.77305,1.00,1.00
2018.05.01 06:31:43.584,0.7729,0.77307,1.00,1.00
2018.05.01 06:31:44.171,0.7729,0.77306,1.10,1.00
2018.05.01 06:31:44.359,0.77289,0.77304,1.10,1.00
2018.05.01 06:31:44.562,0.7729,0.77306,1.00,1.00
2018.05.01 06:31:44.613,0.77289,0.77304,1.10,1.00
2018.05.01 06:31:45.161,0.77287,0.77305,1.95,1.00
2018.05.01 06:31:46.338,0.77287,0.77305,1.57,1.00
2018.05.01 06:31:46.679,0.77285,0.77302,1.20,1.00
2018.05.01 06:31:47.367,0.77286,0.77301,1.00,1.00
2018.05.01 06:31:47.910,0.77286,0.77302,1.00,1.00
2018.05.01 06:31:48.463,0.77287,0.77303,1.20,1.00
2018.05.01 06:31:49.431,0.77288,0.77303,1.00,1.00
2018.05.01 06:31:50.016,0.77288,0.77306,1.10,1.50
2018.05.01 06:31:50.168,0.7729,0.77306,1.00,1.00
2018.05.01 06:31:50.711,0.77291,0.77307,1.00,1.00
2018.05.01 06:31:51.431,0.7729,0.77306,1.00,1.00
2018.05.01 06:31:52.946,0.77288,0.77304,1.50,1.00
2018.05.01 06:31:53.250,0.77284,0.773,1.10,1.00
2018.05.01 06:31:53.351,0.77284,0.77302,1.20,1.00
2018.05.01 06:31:54.450,0.77284,0.77302,1.20,1.00
2018.05.01 06:31:54.552,0.77285,0.77302,1.20,1.00
2018.05.01 06:31:57.221,0.77286,0.77303,1.10,1.00
2018.05.01 06:31:59.255,0.77286,0.77303,1.95,1.00
2018.05.01 06:31:59.575,0.77288,0.77305,1.50,1.00
2018.05.01 06:32:00.116,0.77288,0.77304,1.10,1.00
2018.05.01 06:32:00.675,0.77288,0.77303,1.10,1.00
2018.05.01 06:32:01.968,0.77287,0.77303,1.10,1.00
2018.05.01 06:32:02.222,0.77288,0.77304,1.95,1.00
2018.05.01 06:32:02.930,0.77288,0.77306,1.95,1.00
2018.05.01 06:32:03.518,0.77288,0.77306,1.57,1.00
2018.05.01 06:32:03.569,0.77288,0.77304,1.57,1.00
2018.05.01 06:32:04.108,0.77288,0.77305,1.10,1.00
2018.05.01 06:32:07.685,0.77288,0.77303,1.00,1.00
2018.05.01 06:32:12.500,0.77289,0.77304,1.00,1.00
2018.05.01 06:32:13.247,0.77289,0.77305,1.10,1.00
2018.05.01 06:32:14.371,0.7729,0.77306,1.00,1.00
2018.05.01 06:32:14.898,0.77292,0.77307,1.10,1.00
2018.05.01 06:32:17.774,0.77291,0.77306,1.20,1.00
2018.05.01 06:32:18.287,0.77291,0.77307,1.57,1.00
2018.05.01 06:32:18.862,0.77291,0.77307,1.95,1.00
2018.05.01 06:32:19.430,0.77292,0.77308,1.10,1.00
2018.05.01 06:32:19.977,0.77291,0.77309,2.70,1.00
2018.05.01 06:32:20.285,0.77295,0.77311,1.10,1.00
2018.05.01 06:32:20.839,0.77295,0.7731,1.10,1.00
2018.05.01 06:32:21.505,0.77295,0.77311,1.10,1.00
2018.05.01 06:32:22.161,0.77294,0.77311,1.20,1.00
2018.05.01 06:32:22.979,0.77293,0.77308,1.10,1.00
2018.05.01 06:32:23.487,0.77293,0.77309,1.50,1.00
2018.05.01 06:32:24.140,0.77293,0.77309,1.95,1.00
2018.05.01 06:32:25.719,0.77293,0.77309,1.95,1.00
2018.05.01 06:32:26.394,0.77294,0.7731,1.10,1.00
2018.05.01 06:32:26.973,0.77294,0.77312,1.20,1.00
2018.05.01 06:32:27.176,0.77296,0.77312,1.00,1.00
2018.05.01 06:32:28.156,0.77295,0.7731,1.95,1.00
2018.05.01 06:32:28.511,0.77292,0.77308,1.95,1.00
2018.05.01 06:32:31.121,0.77294,0.77309,1.00,1.00
2018.05.01 06:32:32.320,0.77293,0.77309,1.10,1.00
2018.05.01 06:32:32.839,0.7729,0.77308,2.32,1.00
2018.05.01 06:32:36.897,0.7729,0.77306,1.95,1.00
2018.05.01 06:32:37.439,0.77289,0.77305,1.10,1.00
2018.05.01 06:32:43.415,0.77291,0.77307,1.50,1.00
2018.05.01 06:32:43.919,0.77292,0.77308,1.57,1.00
2018.05.01 06:32:45.320,0.77292,0.77307,1.10,1.00
2018.05.01 06:32:45.421,0.77292,0.77309,1.10,1.00
2018.05.01 06:32:46.081,0.77292,0.77307,1.10,1.00
2018.05.01 06:32:46.389,0.77295,0.7731,1.95,1.00
2018.05.01 06:32:46.914,0.77295,0.77313,1.00,1.00
2018.05.01 06:32:46.965,0.77295,0.77311,1.10,1.00
2018.05.01 06:32:50.593,0.77294,0.7731,1.00,1.00
2018.05.01 06:32:52.900,0.77294,0.77309,1.10,1.00
2018.05.01 06:32:54.245,0.77294,0.7731,1.10,1.00
2018.05.01 06:32:54.964,0.77293,0.77309,1.95,1.00
2018.05.01 06:32:55.510,0.77293,0.77309,1.95,1.00
2018.05.01 06:32:55.562,0.77293,0.77311,1.95,1.00
2018.05.01 06:32:56.136,0.77293,0.77311,1.95,1.00
2018.05.01 06:32:57.349,0.77293,0.77311,1.95,1.00
2018.05.01 06:32:57.400,0.77294,0.77309,1.00,1.00
2018.05.01 06:32:57.956,0.77294,0.7731,1.00,1.00
2018.05.01 06:32:58.879,0.77293,0.77309,1.57,1.00
2018.05.01 06:33:00.080,0.77294,0.7731,1.00,1.00
2018.05.01 06:33:06.611,0.77294,0.77309,1.00,1.00
2018.05.01 06:33:06.859,0.77292,0.77308,1.20,1.00
2018.05.01 06:33:07.551,0.77292,0.77308,1.20,1.00
2018.05.01 06:33:09.819,0.77292,0.77307,1.20,1.00
2018.05.01 06:33:10.574,0.77291,0.77307,1.20,1.00
2018.05.01 06:33:10.676,0.77292,0.77308,1.20,1.00
2018.05.01 06:33:11.232,0.77292,0.77308,1.10,1.00
2018.05.01 06:33:15.007,0.77292,0.77308,1.20,1.00
2018.05.01 06:33:27.864,0.77292,0.77308,1.00,1.00
2018.05.01 06:33:28.182,0.77293,0.77309,1.20,1.00
2018.05.01 06:33:28.759,0.77294,0.7731,1.10,1.00
2018.05.01 06:33:29.121,0.77293,0.77308,1.00,1.00
2018.05.01 06:33:30.492,0.77293,0.77309,1.10,1.00
2018.05.01 06:33:30.796,0.77295,0.77311,1.00,1.00
2018.05.01 06:33:39.287,0.77296,0.77311,1.00,1.00
2018.05.01 06:33:39.490,0.77295,0.77313,1.00,1.00
2018.05.01 06:33:40.103,0.77295,0.77312,1.00,1.00
2018.05.01 06:33:41.325,0.77297,0.77312,1.00,1.00
2018.05.01 06:33:43.424,0.77295,0.7731,1.95,1.00
2018.05.01 06:33:47.929,0.77295,0.77312,1.00,1.00
2018.05.01 06:33:47.980,0.77295,0.7731,1.00,1.00
2018.05.01 06:33:48.682,0.77294,0.7731,1.57,1.00
2018.05.01 06:33:49.903,0.77294,0.7731,1.95,1.00
2018.05.01 06:33:50.407,0.77295,0.77311,1.20,1.00
2018.05.01 06:33:50.923,0.77293,0.77311,1.20,1.00
2018.05.01 06:33:51.245,0.77291,0.77309,1.20,1.50
2018.05.01 06:33:51.802,0.77292,0.77308,1.10,1.00
2018.05.01 06:33:52.412,0.77292,0.77307,1.00,1.00
2018.05.01 06:33:53.367,0.77291,0.77309,1.20,1.00
2018.05.01 06:33:53.962,0.77291,0.77309,1.20,1.00
2018.05.01 06:33:55.620,0.77291,0.77309,1.20,1.00
2018.05.01 06:33:55.671,0.7729,0.77306,1.57,1.00
2018.05.01 06:33:56.205,0.77291,0.77307,1.50,1.00
2018.05.01 06:33:58.535,0.77291,0.77306,1.50,1.00
2018.05.01 06:33:59.042,0.77291,0.77307,1.50,1.00
2018.05.01 06:34:00.454,0.77289,0.77305,3.45,1.00
2018.05.01 06:34:02.930,0.7729,0.77306,1.10,1.00
2018.05.01 06:34:08.555,0.77291,0.77307,1.00,1.00
2018.05.01 06:34:10.904,0.7729,0.77305,1.10,1.00
2018.05.01 06:34:11.213,0.77289,0.77307,2.32,1.00
2018.05.01 06:34:11.444,0.77291,0.77307,1.00,1.00
2018.05.01 06:34:17.220,0.7729,0.77306,1.57,1.00
2018.05.01 06:34:20.003,0.77291,0.77307,1.00,1.00
2018.05.01 06:34:20.326,0.7729,0.77305,1.57,1.00
2018.05.01 06:34:20.859,0.77289,0.77305,1.00,1.00
2018.05.01 06:34:24.308,0.7729,0.77306,1.00,1.00
2018.05.01 06:34:25.088,0.77291,0.77307,1.00,1.00
2018.05.01 06:34:26.701,0.7729,0.77306,1.20,1.00
2018.05.01 06:34:27.240,0.77289,0.77305,1.20,1.00
2018.05.01 06:34:27.789,0.77289,0.77305,1.20,1.00
2018.05.01 06:34:28.449,0.77289,0.77305,1.20,1.00
2018.05.01 06:34:30.496,0.7729,0.77306,1.00,1.00
2018.05.01 06:34:32.930,0.77289,0.77306,1.10,1.00
2018.05.01 06:34:37.508,0.77294,0.7731,1.00,1.50
2018.05.01 06:34:38.319,0.77294,0.77309,1.00,1.00
2018.05.01 06:34:39.819,0.77294,0.7731,1.10,1.00
2018.05.01 06:34:40.537,0.77293,0.77309,1.50,1.00
2018.05.01 06:34:50.452,0.77294,0.7731,1.00,1.00
2018.05.01 06:34:52.332,0.77293,0.77309,1.20,1.00
2018.05.01 06:34:53.081,0.77294,0.7731,1.00,1.00
2018.05.01 06:34:54.570,0.77297,0.77311,1.00,1.00
2018.05.01 06:34:54.621,0.77297,0.77314,1.00,1.00
2018.05.01 06:34:54.672,0.77299,0.77315,1.00,1.00
2018.05.01 06:34:58.400,0.77298,0.77314,1.10,1.00
2018.05.01 06:34:58.451,0.77296,0.77314,1.95,1.00
2018.05.01 06:34:58.553,0.77298,0.77314,1.00,1.00
2018.05.01 06:35:00.996,0.77298,0.77313,1.20,1.00
2018.05.01 06:35:01.618,0.77299,0.77314,1.00,1.00
2018.05.01 06:35:04.430,0.77299,0.77315,1.00,1.00
2018.05.01 06:35:06.813,0.77298,0.7731,1.00,1.00
2018.05.01 06:35:06.872,0.77294,0.7731,1.20,1.00
2018.05.01 06:35:07.607,0.77294,0.7731,1.20,1.00
2018.05.01 06:35:08.162,0.77294,0.7731,1.20,1.00
2018.05.01 06:35:09.283,0.77295,0.77311,1.10,1.00
2018.05.01 06:35:09.879,0.77294,0.77311,1.20,1.00
2018.05.01 06:35:10.884,0.77294,0.77311,1.20,1.00
2018.05.01 06:35:11.418,0.77294,0.77311,1.10,1.00
2018.05.01 06:35:12.424,0.77294,0.77311,1.20,1.00
2018.05.01 06:35:13.025,0.77294,0.77311,1.00,1.00
2018.05.01 06:35:13.792,0.77294,0.77311,1.20,1.00
2018.05.01 06:35:14.470,0.77294,0.77311,1.20,1.00
2018.05.01 06:35:17.320,0.77295,0.77311,1.00,1.00
2018.05.01 06:35:17.864,0.77294,0.7731,1.57,1.00
2018.05.01 06:35:29.653,0.77294,0.77312,1.57,1.00
2018.05.01 06:35:34.374,0.77294,0.7731,1.57,1.00
2018.05.01 06:35:39.613,0.77295,0.77311,1.00,1.00
2018.05.01 06:35:40.711,0.77295,0.77311,1.95,1.00
2018.05.01 06:35:40.812,0.77295,0.77313,1.95,1.00
2018.05.01 06:35:41.222,0.77295,0.77311,1.20,1.00
2018.05.01 06:35:41.597,0.77293,0.77311,1.50,1.00
2018.05.01 06:35:47.749,0.77293,0.77309,1.00,1.00
2018.05.01 06:35:47.850,0.77291,0.77309,1.20,1.00
2018.05.01 06:35:49.192,0.77291,0.77307,1.10,1.00
2018.05.01 06:35:49.754,0.7729,0.77305,1.00,1.00
2018.05.01 06:35:50.450,0.77289,0.77305,1.00,1.00
2018.05.01 06:35:54.154,0.77289,0.77306,1.10,1.00
2018.05.01 06:36:01.955,0.77289,0.77305,1.10,1.00
2018.05.01 06:36:02.900,0.77288,0.77304,1.10,1.00
2018.05.01 06:36:03.325,0.77285,0.77301,1.10,1.00
2018.05.01 06:36:10.448,0.77286,0.77302,1.00,1.00
2018.05.01 06:36:15.394,0.77288,0.77304,1.10,1.50
2018.05.01 06:36:15.498,0.77288,0.77306,1.00,1.00
2018.05.01 06:36:19.447,0.77288,0.77304,1.10,1.00
2018.05.01 06:36:22.379,0.77286,0.77302,1.95,1.00
2018.05.01 06:36:22.581,0.77283,0.77301,1.20,1.00
2018.05.01 06:36:23.093,0.77283,0.77301,1.95,1.00
2018.05.01 06:36:24.821,0.77285,0.773,1.10,1.00
2018.05.01 06:36:27.670,0.77286,0.77302,1.00,1.50
2018.05.01 06:36:27.772,0.77287,0.77305,1.00,3.00
2018.05.01 06:36:27.823,0.77289,0.77304,1.00,1.00
2018.05.01 06:36:30.307,0.77289,0.77305,1.00,1.50
2018.05.01 06:36:33.982,0.77287,0.77303,1.10,1.00
2018.05.01 06:36:34.137,0.77284,0.77302,1.20,1.00
2018.05.01 06:36:36.171,0.77286,0.77302,1.00,1.00
2018.05.01 06:36:36.221,0.77288,0.77303,1.00,1.00
2018.05.01 06:36:36.521,0.77284,0.773,1.10,1.00
2018.05.01 06:36:37.127,0.77283,0.77299,1.10,1.50
2018.05.01 06:36:37.438,0.7728,0.77296,1.57,1.00
2018.05.01 06:36:37.786,0.77283,0.77299,1.10,1.00
2018.05.01 06:36:38.319,0.77283,0.77301,1.10,1.50
2018.05.01 06:36:39.820,0.77283,0.77299,1.00,1.00
2018.05.01 06:36:40.987,0.77281,0.77299,1.20,1.50
2018.05.01 06:36:41.908,0.77281,0.77299,1.20,1.50
2018.05.01 06:36:42.545,0.77281,0.77299,1.20,1.50
2018.05.01 06:36:43.072,0.77281,0.77299,1.20,1.50
2018.05.01 06:36:44.603,0.77281,0.77297,1.10,1.00
2018.05.01 06:36:52.497,0.77283,0.77299,1.00,1.00
2018.05.01 06:36:53.023,0.77282,0.77298,1.20,1.00
2018.05.01 06:36:54.819,0.77282,0.77299,1.20,1.00
2018.05.01 06:37:00.622,0.7728,0.77297,1.45,1.00
2018.05.01 06:37:00.673,0.77279,0.77296,1.00,1.00
2018.05.01 06:37:01.204,0.7728,0.77296,1.00,1.00
2018.05.01 06:37:17.561,0.77279,0.77295,1.57,1.00
2018.05.01 06:37:20.925,0.77282,0.77297,1.00,1.00
2018.05.01 06:37:21.237,0.77282,0.773,1.95,1.00
2018.05.01 06:37:22.976,0.77282,0.773,1.10,1.00
2018.05.01 06:37:23.027,0.77282,0.77297,1.10,1.00
2018.05.01 06:37:23.894,0.77279,0.77297,1.45,1.00
2018.05.01 06:37:24.440,0.7728,0.77296,1.10,1.00
2018.05.01 06:37:25.132,0.77279,0.77295,1.20,1.00
2018.05.01 06:37:25.691,0.77279,0.77295,1.10,1.00
2018.05.01 06:37:31.736,0.77279,0.77295,1.20,1.00
2018.05.01 06:37:42.595,0.77279,0.77295,1.00,1.00
2018.05.01 06:37:46.380,0.7728,0.77296,1.00,1.00
2018.05.01 06:37:46.885,0.7728,0.77295,1.00,1.00
2018.05.01 06:37:47.405,0.7728,0.77296,1.20,1.00
2018.05.01 06:37:49.752,0.77279,0.77295,1.20,1.00
2018.05.01 06:37:50.470,0.77279,0.77294,1.20,1.00
2018.05.01 06:37:52.251,0.77279,0.77294,1.20,1.00
2018.05.01 06:37:52.784,0.77279,0.77294,1.20,1.00
2018.05.01 06:37:53.416,0.77279,0.77294,1.20,1.00
2018.05.01 06:37:54.825,0.77279,0.77295,1.20,1.00
2018.05.01 06:37:55.436,0.77279,0.77294,1.20,1.00
2018.05.01 06:37:56.092,0.77279,0.77295,1.20,1.00
2018.05.01 06:37:57.463,0.77279,0.77295,1.20,1.00
2018.05.01 06:37:58.077,0.77279,0.77295,1.20,1.00
2018.05.01 06:37:59.359,0.77279,0.77295,1.20,1.00
2018.05.01 06:38:00.216,0.77278,0.77294,1.95,1.00
2018.05.01 06:38:03.596,0.77278,0.77296,1.20,1.00
2018.05.01 06:38:12.161,0.77278,0.77296,1.00,1.00
2018.05.01 06:38:12.307,0.7728,0.77296,1.00,1.00
2018.05.01 06:38:12.655,0.77278,0.77294,1.00,1.00
2018.05.01 06:38:15.453,0.77276,0.77294,1.20,1.00
2018.05.01 06:38:15.814,0.77276,0.77292,1.10,1.00
2018.05.01 06:38:20.857,0.77275,0.77291,1.10,1.00
2018.05.01 06:38:21.569,0.77275,0.7729,1.10,1.00
2018.05.01 06:38:22.437,0.77275,0.77291,1.00,1.00
2018.05.01 06:38:23.218,0.77276,0.77292,1.00,1.00
2018.05.01 06:38:29.944,0.77275,0.77291,1.57,1.00
2018.05.01 06:38:30.480,0.77275,0.7729,1.00,1.00
2018.05.01 06:38:31.746,0.77274,0.7729,1.10,1.00
2018.05.01 06:38:33.475,0.77275,0.77291,1.00,1.00
2018.05.01 06:38:33.577,0.77275,0.77293,1.00,1.50
2018.05.01 06:38:34.128,0.77275,0.77293,1.20,1.00
2018.05.01 06:38:35.500,0.77275,0.77293,1.00,1.00
2018.05.01 06:38:40.417,0.77278,0.77294,1.00,1.00
2018.05.01 06:38:40.727,0.77277,0.77292,1.00,1.00
2018.05.01 06:38:42.761,0.77276,0.77292,1.00,1.00
2018.05.01 06:38:45.248,0.77274,0.77292,1.00,1.00
2018.05.01 06:38:45.300,0.77274,0.7729,1.00,1.00
2018.05.01 06:38:45.638,0.77272,0.77288,1.00,1.00
2018.05.01 06:38:46.086,0.77275,0.77291,1.00,1.00
2018.05.01 06:38:46.593,0.77274,0.7729,1.00,1.00
2018.05.01 06:38:57.148,0.77273,0.77289,1.10,1.00
2018.05.01 06:38:57.679,0.77271,0.77289,1.95,1.00
2018.05.01 06:39:00.227,0.77272,0.7729,1.10,1.00
2018.05.01 06:39:04.662,0.77274,0.7729,1.00,1.00
2018.05.01 06:39:07.062,0.77273,0.77289,1.10,1.00
2018.05.01 06:39:19.193,0.77274,0.7729,1.00,1.00
2018.05.01 06:39:19.353,0.77276,0.77293,1.10,1.50
2018.05.01 06:39:19.962,0.77277,0.77293,1.10,1.00
2018.05.01 06:39:24.820,0.77278,0.77294,1.00,1.00
2018.05.01 06:39:30.962,0.77277,0.77293,1.00,1.00
2018.05.01 06:39:37.876,0.77277,0.77292,1.00,1.00
2018.05.01 06:39:38.620,0.77277,0.77293,1.00,1.00
2018.05.01 06:39:42.765,0.77278,0.77294,1.00,1.00
2018.05.01 06:39:51.552,0.77277,0.77293,1.00,1.00
2018.05.01 06:39:52.156,0.77278,0.77294,1.00,1.00
2018.05.01 06:39:53.710,0.77276,0.77294,1.10,1.00
2018.05.01 06:39:56.019,0.7728,0.77298,1.00,3.00
2018.05.01 06:39:56.323,0.77279,0.77295,1.57,1.00
2018.05.01 06:39:56.857,0.7728,0.77296,1.00,1.00
2018.05.01 06:40:00.257,0.77279,0.77295,1.57,1.00
2018.05.01 06:40:00.760,0.77278,0.77296,1.50,1.00
2018.05.01 06:40:01.148,0.77278,0.77294,1.50,1.00
2018.05.01 06:40:02.013,0.77278,0.77296,1.50,1.00
2018.05.01 06:40:02.973,0.77278,0.77296,1.95,1.00
2018.05.01 06:40:03.487,0.7728,0.77296,1.50,1.00
2018.05.01 06:40:06.069,0.77278,0.77294,1.10,1.00
2018.05.01 06:40:09.820,0.77279,0.77295,1.00,1.00
2018.05.01 06:40:10.665,0.77278,0.77294,1.10,1.00
2018.05.01 06:40:15.228,0.77278,0.77295,1.00,1.00
2018.05.01 06:40:15.780,0.77279,0.77295,1.00,1.00
2018.05.01 06:40:19.392,0.77279,0.77294,1.00,1.00
2018.05.01 06:40:20.101,0.77279,0.77295,1.00,1.00
2018.05.01 06:40:23.319,0.77278,0.77294,1.50,1.00
2018.05.01 06:40:24.591,0.77279,0.77295,1.00,1.00
2018.05.01 06:40:30.525,0.7728,0.77296,1.00,1.00
2018.05.01 06:40:35.464,0.77281,0.77297,1.00,1.00
2018.05.01 06:40:36.276,0.7728,0.77296,1.00,1.00
2018.05.01 06:40:42.261,0.77279,0.77295,1.50,1.00
2018.05.01 06:40:42.880,0.7728,0.77296,1.00,1.00
2018.05.01 06:40:45.487,0.77279,0.77295,1.50,1.00
2018.05.01 06:40:46.891,0.77279,0.77294,1.50,1.00
2018.05.01 06:40:47.942,0.7728,0.77295,1.00,1.00
2018.05.01 06:40:49.430,0.77279,0.77295,1.50,1.00
2018.05.01 06:40:53.286,0.77279,0.77294,1.00,1.00
2018.05.01 06:40:53.338,0.77278,0.77296,1.00,1.00
2018.05.01 06:40:53.935,0.7728,0.77296,1.00,1.00
2018.05.01 06:40:54.822,0.77278,0.77296,1.50,1.00
2018.05.01 06:41:00.479,0.77278,0.77295,1.00,1.00
2018.05.01 06:41:04.431,0.77278,0.77296,1.50,1.00
2018.05.01 06:41:08.931,0.77278,0.77294,1.00,1.00
2018.05.01 06:41:11.764,0.77278,0.77296,1.00,1.00
2018.05.01 06:41:11.816,0.77278,0.77294,1.50,1.00
2018.05.01 06:41:14.756,0.77279,0.77295,1.00,1.00
2018.05.01 06:41:15.153,0.77281,0.77297,1.00,1.00
2018.05.01 06:41:15.468,0.7728,0.77294,1.00,1.00
2018.05.01 06:41:15.780,0.77278,0.77294,1.00,1.00
2018.05.01 06:41:16.180,0.77278,0.77296,1.00,1.00
2018.05.01 06:41:16.566,0.7728,0.77296,1.00,1.00
2018.05.01 06:41:17.636,0.7728,0.77294,1.00,1.00
2018.05.01 06:41:17.688,0.7728,0.77296,1.00,1.00
2018.05.01 06:41:19.683,0.77278,0.77296,1.50,1.00
2018.05.01 06:41:24.868,0.7728,0.77296,1.00,1.00
2018.05.01 06:41:30.662,0.7728,0.77298,1.00,1.00
2018.05.01 06:41:34.430,0.7728,0.77296,1.50,1.00
2018.05.01 06:41:44.439,0.77279,0.77296,1.50,1.00
2018.05.01 06:41:45.026,0.7728,0.77296,1.00,1.00
2018.05.01 06:41:46.972,0.77281,0.77296,1.00,1.00
2018.05.01 06:41:53.320,0.77281,0.77298,1.00,1.00
2018.05.01 06:41:59.367,0.77281,0.77296,1.00,1.00
2018.05.01 06:41:59.417,0.77279,0.77296,1.00,1.00
2018.05.01 06:42:00.626,0.77281,0.77296,1.00,1.00
2018.05.01 06:42:01.600,0.77281,0.77297,1.00,1.00
2018.05.01 06:42:03.072,0.77281,0.77296,1.00,1.00
2018.05.01 06:42:03.604,0.7728,0.77295,1.00,1.00
2018.05.01 06:42:03.738,0.77279,0.77297,1.00,1.00
2018.05.01 06:42:15.939,0.77279,0.77295,1.00,1.00
2018.05.01 06:42:16.482,0.7728,0.77296,1.00,1.00
2018.05.01 06:42:17.674,0.77279,0.77295,1.50,1.00
2018.05.01 06:42:20.473,0.7728,0.77296,1.00,1.00
2018.05.01 06:42:21.058,0.77279,0.77295,1.50,1.00
2018.05.01 06:42:21.766,0.7728,0.77296,1.00,1.00
2018.05.01 06:42:34.956,0.77278,0.77293,1.00,1.00
2018.05.01 06:42:35.459,0.77277,0.77293,1.00,1.00
2018.05.01 06:42:36.009,0.77278,0.77294,1.00,1.00
2018.05.01 06:42:54.218,0.77275,0.77292,1.00,1.00
2018.05.01 06:42:54.269,0.77273,0.77291,1.50,1.00
2018.05.01 06:42:54.320,0.77273,0.77289,1.00,1.00
2018.05.01 06:42:54.838,0.77272,0.77289,1.00,1.00
2018.05.01 06:42:55.193,0.77274,0.77289,1.00,1.00
2018.05.01 06:42:55.741,0.77274,0.7729,1.00,1.00
2018.05.01 06:42:58.269,0.77273,0.77289,1.00,1.00
2018.05.01 06:42:58.830,0.77272,0.7729,1.00,1.00
2018.05.01 06:43:09.406,0.77271,0.77287,1.00,1.00
2018.05.01 06:43:09.729,0.77273,0.77289,1.00,1.50
2018.05.01 06:43:12.935,0.77273,0.77288,1.00,1.00
2018.05.01 06:43:17.930,0.77273,0.77289,1.00,1.50
2018.05.01 06:43:18.824,0.77272,0.77288,1.00,1.00
2018.05.01 06:43:19.129,0.77268,0.77284,1.00,1.00
2018.05.01 06:43:26.327,0.77269,0.77284,1.00,1.00
2018.05.01 06:43:29.871,0.77268,0.77284,1.00,1.00
2018.05.01 06:43:31.493,0.77267,0.77283,1.00,1.00
2018.05.01 06:43:34.729,0.77267,0.77285,1.00,1.50
2018.05.01 06:43:34.881,0.77269,0.77285,1.00,1.00
2018.05.01 06:43:35.180,0.7727,0.77288,1.00,1.50
2018.05.01 06:43:35.282,0.77272,0.77288,1.00,1.50
2018.05.01 06:43:39.862,0.77272,0.77287,1.00,1.00
2018.05.01 06:43:43.826,0.77271,0.77287,1.00,1.00
2018.05.01 06:43:49.473,0.77272,0.77287,1.00,1.00
2018.05.01 06:43:51.810,0.7727,0.77288,1.00,1.00
2018.05.01 06:43:52.580,0.77271,0.77286,1.00,1.00
2018.05.01 06:43:53.154,0.77271,0.77287,1.00,1.00
2018.05.01 06:43:53.514,0.7727,0.77285,1.00,1.00
2018.05.01 06:43:54.032,0.7727,0.77286,1.00,1.00
2018.05.01 06:44:00.311,0.77269,0.77285,1.00,1.00
2018.05.01 06:44:00.906,0.7727,0.77286,1.00,1.00
2018.05.01 06:44:07.901,0.77271,0.77287,1.00,1.00
2018.05.01 06:44:08.434,0.7727,0.77287,1.00,1.00
2018.05.01 06:44:09.560,0.7727,0.77285,1.00,1.00
2018.05.01 06:44:09.614,0.77267,0.77283,1.50,1.00
2018.05.01 06:44:10.696,0.77265,0.77283,1.50,1.00
2018.05.01 06:44:11.017,0.77267,0.77282,1.00,1.00
2018.05.01 06:44:12.959,0.77266,0.77282,1.00,1.00
2018.05.01 06:44:14.396,0.77267,0.77283,1.00,1.00
2018.05.01 06:44:17.090,0.77269,0.77285,1.00,1.00
2018.05.01 06:44:17.610,0.77267,0.77283,1.00,1.00
2018.05.01 06:44:19.182,0.77268,0.77284,1.00,1.00
2018.05.01 06:44:19.841,0.77267,0.77283,1.00,1.00
2018.05.01 06:44:20.218,0.77267,0.77285,1.00,1.00
2018.05.01 06:44:32.364,0.77267,0.77283,1.00,1.00
2018.05.01 06:44:33.430,0.77268,0.77283,1.00,1.00
2018.05.01 06:44:34.081,0.77268,0.77284,1.00,1.00
2018.05.01 06:44:34.671,0.77269,0.77285,1.00,1.00
2018.05.01 06:44:37.336,0.7727,0.77286,1.00,1.00
2018.05.01 06:44:41.079,0.77269,0.77285,1.00,1.00
2018.05.01 06:44:41.231,0.77269,0.77287,1.00,1.50
2018.05.01 06:44:41.825,0.77269,0.77285,1.00,1.00
2018.05.01 06:44:42.931,0.77268,0.77286,1.50,1.00
2018.05.01 06:44:46.742,0.7727,0.77286,1.00,1.00
2018.05.01 06:44:47.272,0.77271,0.77287,1.00,1.50
2018.05.01 06:44:50.210,0.77271,0.77288,1.00,1.00
2018.05.01 06:44:50.902,0.77271,0.77287,1.00,1.00
2018.05.01 06:44:51.413,0.7727,0.77286,1.00,1.00
2018.05.01 06:44:51.575,0.77268,0.77286,1.00,1.00
2018.05.01 06:44:56.474,0.77269,0.77285,1.00,1.00
2018.05.01 06:44:56.890,0.77269,0.77287,1.00,1.50
2018.05.01 06:44:56.940,0.77269,0.77285,1.00,1.00
2018.05.01 06:45:00.212,0.7727,0.77288,1.00,1.50
2018.05.01 06:45:00.263,0.77272,0.77288,1.00,1.50
2018.05.01 06:45:01.503,0.7727,0.77288,1.00,1.00
2018.05.01 06:45:01.621,0.7727,0.77286,1.00,1.50
2018.05.01 06:45:03.459,0.77269,0.77286,1.00,1.00
2018.05.01 06:45:03.997,0.77267,0.77285,1.00,1.00
2018.05.01 06:45:04.235,0.77269,0.77285,1.00,1.00
2018.05.01 06:45:08.320,0.77268,0.77284,1.00,1.00
2018.05.01 06:45:15.734,0.77269,0.77284,1.00,1.00
2018.05.01 06:45:16.282,0.77269,0.77285,1.00,1.00
2018.05.01 06:45:19.666,0.77268,0.77284,1.00,1.00
2018.05.01 06:45:21.064,0.77269,0.77285,1.00,1.00
2018.05.01 06:45:21.617,0.77268,0.77284,1.00,1.00
2018.05.01 06:45:38.190,0.77268,0.77283,1.00,1.00
2018.05.01 06:45:38.796,0.77267,0.77283,1.00,1.00
2018.05.01 06:45:42.239,0.77268,0.77283,1.00,1.00
2018.05.01 06:45:45.912,0.7727,0.77285,1.00,1.00
2018.05.01 06:45:46.064,0.77271,0.77287,1.00,1.00
2018.05.01 06:45:46.546,0.77269,0.77285,1.00,1.00
2018.05.01 06:45:47.013,0.77271,0.77287,1.00,1.00
2018.05.01 06:45:49.368,0.77272,0.77288,1.00,1.50
2018.05.01 06:45:53.422,0.77271,0.77287,1.00,1.00
2018.05.01 06:45:53.995,0.7727,0.77286,1.00,1.50
2018.05.01 06:46:00.201,0.77271,0.77287,1.00,1.00
2018.05.01 06:46:00.929,0.7727,0.77286,1.00,1.00
2018.05.01 06:46:07.959,0.77271,0.77286,1.00,1.00
2018.05.01 06:46:13.244,0.7727,0.77286,1.00,1.00
2018.05.01 06:46:14.095,0.7727,0.77285,1.00,1.00
2018.05.01 06:46:14.196,0.77267,0.77283,1.00,1.00
2018.05.01 06:46:14.592,0.77269,0.77284,1.00,1.00
2018.05.01 06:46:15.421,0.77268,0.77284,1.00,1.00
2018.05.01 06:46:16.830,0.77267,0.77284,1.00,1.00
2018.05.01 06:46:17.566,0.77268,0.77284,1.00,1.00
2018.05.01 06:46:22.261,0.77269,0.77285,1.00,1.00
2018.05.01 06:46:25.438,0.7727,0.77286,1.00,1.00
2018.05.01 06:46:25.656,0.7727,0.77288,1.00,1.00
2018.05.01 06:46:25.706,0.7727,0.77286,1.00,1.00
2018.05.01 06:46:26.342,0.77271,0.77287,1.00,1.00
2018.05.01 06:46:29.504,0.7727,0.77287,1.00,1.00
2018.05.01 06:46:30.089,0.7727,0.77288,1.00,1.00
2018.05.01 06:46:33.192,0.7727,0.77286,1.00,1.00
2018.05.01 06:46:34.369,0.77271,0.77287,1.00,1.00
2018.05.01 06:46:34.893,0.7727,0.77286,1.00,1.00
2018.05.01 06:46:37.734,0.7727,0.77285,1.00,1.00
2018.05.01 06:46:38.367,0.7727,0.77286,1.00,1.00
2018.05.01 06:46:46.090,0.77269,0.77285,1.00,1.00
2018.05.01 06:46:49.251,0.77268,0.77284,1.00,1.00
2018.05.01 06:46:49.860,0.77269,0.77285,1.00,1.00
2018.05.01 06:46:50.964,0.77268,0.77284,1.00,1.00
2018.05.01 06:46:51.129,0.77265,0.77283,1.35,1.00
2018.05.01 06:46:51.179,0.77267,0.77283,1.00,1.00
2018.05.01 06:46:51.812,0.77266,0.77282,1.00,1.00
2018.05.01 06:46:51.913,0.77267,0.77284,1.00,1.00
2018.05.01 06:46:51.965,0.77269,0.77284,1.00,1.00
2018.05.01 06:46:52.117,0.7727,0.77286,1.00,1.50
2018.05.01 06:46:53.196,0.77271,0.77287,1.00,1.00
2018.05.01 06:46:53.247,0.77269,0.77287,1.00,1.00
2018.05.01 06:46:53.888,0.7727,0.77288,1.00,1.00
2018.05.01 06:46:54.414,0.77269,0.77285,1.00,1.00
2018.05.01 06:46:54.465,0.77269,0.77287,1.00,1.50
2018.05.01 06:46:54.831,0.77269,0.77285,1.00,1.00
2018.05.01 06:46:55.903,0.7727,0.77286,1.00,1.00
2018.05.01 06:46:58.596,0.77269,0.77285,1.00,1.00
2018.05.01 06:46:58.752,0.7727,0.77287,1.00,1.50
2018.05.01 06:46:59.311,0.7727,0.77286,1.00,1.00
2018.05.01 06:46:59.362,0.77268,0.77286,1.00,1.00
2018.05.01 06:46:59.863,0.77268,0.77285,1.00,1.00
2018.05.01 06:47:00.205,0.7727,0.77288,1.00,1.50
2018.05.01 06:47:00.461,0.77272,0.7729,1.00,1.00
2018.05.01 06:47:00.765,0.77272,0.77288,1.00,1.00
2018.05.01 06:47:01.891,0.77271,0.77287,1.00,1.00
2018.05.01 06:47:07.682,0.7727,0.77286,1.00,1.00
2018.05.01 06:47:14.886,0.77269,0.77285,1.00,1.00
2018.05.01 06:47:17.418,0.77268,0.77284,1.00,1.00
2018.05.01 06:47:18.019,0.77269,0.77285,1.00,1.00
2018.05.01 06:47:19.975,0.77268,0.77284,1.00,1.00
2018.05.01 06:47:24.020,0.77269,0.77285,1.00,1.00
2018.05.01 06:47:24.656,0.7727,0.77285,1.00,1.00
2018.05.01 06:47:25.314,0.7727,0.77286,1.00,1.00
2018.05.01 06:47:25.976,0.77269,0.77285,1.00,1.00
2018.05.01 06:47:26.877,0.77269,0.77286,1.00,1.00
2018.05.01 06:47:29.099,0.77272,0.77288,1.00,1.50
2018.05.01 06:47:31.249,0.77267,0.77285,1.00,1.50
2018.05.01 06:47:31.404,0.77269,0.77285,1.00,1.00
2018.05.01 06:47:34.420,0.77269,0.77284,1.00,1.00
2018.05.01 06:47:34.944,0.77269,0.77285,1.00,1.00
2018.05.01 06:47:41.522,0.7727,0.77286,1.00,1.00
2018.05.01 06:47:41.826,0.77272,0.77288,1.00,1.00
2018.05.01 06:47:45.144,0.77273,0.77288,1.00,1.00
2018.05.01 06:47:47.931,0.77273,0.77289,1.00,1.00
2018.05.01 06:47:48.861,0.77274,0.7729,1.00,1.00
2018.05.01 06:47:49.135,0.77272,0.77289,1.50,1.00
2018.05.01 06:47:49.806,0.77273,0.77289,1.00,1.00
2018.05.01 06:47:51.031,0.77272,0.7729,1.50,1.00
2018.05.01 06:47:51.235,0.77274,0.7729,1.00,1.00
2018.05.01 06:47:52.277,0.77272,0.77289,1.00,1.00
2018.05.01 06:47:52.790,0.77273,0.77289,1.00,1.00
2018.05.01 06:47:53.385,0.77272,0.77288,1.00,1.00
2018.05.01 06:47:53.664,0.77274,0.7729,1.00,1.00
2018.05.01 06:47:54.143,0.77272,0.77289,1.50,1.00
2018.05.01 06:47:54.778,0.77271,0.77289,1.00,1.00
2018.05.01 06:47:54.876,0.77273,0.77288,1.00,1.00
2018.05.01 06:47:58.941,0.77272,0.7729,1.00,1.00
2018.05.01 06:47:59.458,0.77274,0.7729,1.00,1.00
2018.05.01 06:48:00.568,0.77275,0.77291,1.00,1.00
2018.05.01 06:48:02.090,0.77274,0.7729,1.00,1.00
2018.05.01 06:48:02.701,0.77275,0.77291,1.00,1.00
2018.05.01 06:48:07.327,0.77274,0.7729,1.00,1.00
2018.05.01 06:48:07.668,0.77272,0.7729,1.35,1.00
2018.05.01 06:48:07.719,0.77272,0.77288,1.35,1.00
2018.05.01 06:48:08.373,0.77273,0.77288,1.00,1.00
2018.05.01 06:48:09.294,0.77273,0.77289,1.00,1.00
2018.05.01 06:48:09.854,0.77273,0.77291,1.00,1.50
2018.05.01 06:48:10.207,0.77273,0.77289,1.00,1.00
2018.05.01 06:48:10.894,0.77273,0.77291,1.00,1.00
2018.05.01 06:48:10.999,0.77274,0.77289,1.00,1.00
2018.05.01 06:48:11.050,0.77275,0.77291,1.00,1.00
2018.05.01 06:48:13.308,0.77275,0.77293,1.00,1.00
2018.05.01 06:48:20.433,0.77273,0.77291,1.00,1.00
2018.05.01 06:48:20.919,0.77272,0.77288,1.00,1.50
2018.05.01 06:48:21.762,0.77272,0.77287,1.00,1.00
2018.05.01 06:48:22.570,0.77272,0.77288,1.00,1.00
2018.05.01 06:48:28.016,0.77271,0.77288,1.00,1.00
2018.05.01 06:48:28.965,0.7727,0.77288,1.00,1.00
2018.05.01 06:48:30.709,0.77271,0.77289,1.00,1.00
2018.05.01 06:48:31.144,0.77272,0.77287,1.00,1.00
2018.05.01 06:48:31.838,0.7727,0.77288,1.00,1.00
2018.05.01 06:48:33.071,0.77272,0.77287,1.00,1.00
2018.05.01 06:48:44.755,0.77272,0.77288,1.00,1.00
2018.05.01 06:48:45.654,0.77273,0.77291,1.00,1.50
2018.05.01 06:48:46.196,0.77272,0.7729,1.35,1.00
2018.05.01 06:48:46.247,0.77274,0.7729,1.00,1.00
2018.05.01 06:48:46.743,0.77272,0.7729,1.35,1.00
2018.05.01 06:48:50.329,0.77271,0.77289,2.17,1.00
2018.05.01 06:48:50.380,0.77271,0.77287,2.10,1.00
2018.05.01 06:48:52.192,0.77272,0.77288,1.35,1.00
2018.05.01 06:48:53.314,0.77271,0.77287,2.10,1.00
2018.05.01 06:48:53.857,0.77271,0.77287,1.00,1.00
2018.05.01 06:49:08.567,0.77272,0.77288,1.00,1.00
2018.05.01 06:49:10.815,0.77271,0.77287,1.35,1.00
2018.05.01 06:49:11.680,0.77272,0.77288,1.00,1.00
2018.05.01 06:49:13.411,0.77271,0.77287,1.35,1.00
2018.05.01 06:49:13.462,0.77271,0.77289,1.35,1.00
2018.05.01 06:49:19.677,0.7727,0.77288,1.50,1.00
2018.05.01 06:49:20.227,0.77271,0.77289,1.00,1.00
2018.05.01 06:49:38.948,0.77271,0.77288,1.00,1.00
2018.05.01 06:49:39.132,0.77271,0.77286,1.00,1.00
2018.05.01 06:49:39.820,0.7727,0.77286,1.50,1.00
2018.05.01 06:49:46.980,0.77271,0.77287,1.00,1.00
2018.05.01 06:50:04.461,0.77272,0.77287,1.00,1.00
2018.05.01 06:50:05.616,0.77272,0.77288,1.00,1.00
2018.05.01 06:50:19.912,0.77272,0.77289,1.00,1.00
2018.05.01 06:50:22.066,0.77272,0.77288,1.00,1.00
2018.05.01 06:50:23.493,0.77271,0.77288,1.00,1.00
2018.05.01 06:50:24.225,0.7727,0.77288,1.00,1.00
2018.05.01 06:50:29.882,0.77271,0.77288,1.00,1.00
2018.05.01 06:50:31.635,0.77272,0.77288,1.00,1.00
2018.05.01 06:50:34.431,0.77271,0.77288,1.00,1.00
2018.05.01 06:50:36.191,0.77272,0.77288,1.00,1.00
2018.05.01 06:50:36.295,0.77272,0.7729,1.00,1.00
2018.05.01 06:50:38.163,0.77273,0.7729,1.00,1.00
2018.05.01 06:50:39.166,0.77273,0.77289,1.00,1.00
2018.05.01 06:50:40.118,0.77272,0.77289,1.00,1.00
2018.05.01 06:50:41.040,0.77272,0.77288,1.00,1.00
2018.05.01 06:50:46.428,0.77272,0.7729,1.00,1.50
2018.05.01 06:50:46.543,0.77272,0.77288,1.00,1.00
2018.05.01 06:50:56.770,0.77271,0.77287,1.35,1.00
2018.05.01 06:51:05.293,0.77272,0.77288,1.00,1.00
2018.05.01 06:51:10.439,0.77271,0.77287,1.35,1.00
2018.05.01 06:51:11.083,0.77272,0.77288,1.00,1.50
2018.05.01 06:51:15.174,0.77271,0.77287,1.00,1.00
2018.05.01 06:51:15.327,0.77269,0.77286,1.35,1.00
2018.05.01 06:51:15.836,0.77269,0.77287,1.00,1.50
2018.05.01 06:51:25.460,0.7727,0.77287,1.00,1.00
2018.05.01 06:51:26.120,0.77271,0.77287,1.00,1.00
2018.05.01 06:51:45.655,0.77269,0.77288,1.00,1.50
2018.05.01 06:51:45.807,0.77271,0.77287,1.00,1.00
2018.05.01 06:51:47.341,0.77271,0.77288,1.00,1.00
2018.05.01 06:51:47.733,0.77273,0.77289,1.00,1.00
2018.05.01 06:51:52.000,0.77272,0.77289,1.50,1.00
2018.05.01 06:51:52.532,0.77273,0.77289,1.00,1.00
2018.05.01 06:52:01.149,0.77274,0.77291,1.00,1.00
2018.05.01 06:52:01.201,0.77273,0.77289,1.50,1.00
2018.05.01 06:52:01.513,0.7727,0.77285,1.00,1.00
2018.05.01 06:52:02.057,0.77269,0.77286,1.00,1.00
2018.05.01 06:52:02.575,0.7727,0.77286,1.00,1.00
2018.05.01 06:52:04.432,0.77271,0.77287,1.00,1.00
2018.05.01 06:52:06.708,0.77269,0.77286,1.00,1.00
2018.05.01 06:52:06.809,0.77271,0.77287,1.00,1.00
2018.05.01 06:52:07.428,0.77272,0.77288,1.00,1.00
2018.05.01 06:52:07.731,0.7727,0.77285,1.00,1.00
2018.05.01 06:52:08.475,0.77269,0.77285,1.00,1.00
2018.05.01 06:52:09.849,0.77269,0.77284,1.00,1.00
2018.05.01 06:52:12.641,0.77268,0.77284,1.35,1.00
2018.05.01 06:52:12.844,0.77266,0.77284,1.50,1.00
2018.05.01 06:52:13.976,0.77269,0.77285,1.00,1.00
2018.05.01 06:52:14.078,0.77269,0.77287,1.00,1.50
2018.05.01 06:52:14.179,0.77271,0.77287,1.00,1.50
2018.05.01 06:52:16.787,0.7727,0.77286,1.00,1.00
2018.05.01 06:52:22.509,0.7727,0.77285,1.00,1.00
2018.05.01 06:52:22.611,0.77267,0.77283,1.00,1.00
2018.05.01 06:52:26.573,0.77267,0.77285,1.00,1.50
2018.05.01 06:52:27.113,0.77266,0.77284,1.00,1.00
2018.05.01 06:52:28.541,0.77266,0.77282,1.00,1.00
2018.05.01 06:52:28.873,0.77268,0.77284,1.00,1.00
2018.05.01 06:52:29.441,0.77267,0.77284,1.00,1.00
2018.05.01 06:52:30.157,0.77267,0.77283,1.00,1.00
2018.05.01 06:52:30.711,0.77268,0.77283,1.00,1.00
2018.05.01 06:52:31.269,0.77268,0.77284,1.00,1.00
2018.05.01 06:52:31.979,0.77268,0.77283,1.00,1.00
2018.05.01 06:52:32.610,0.77267,0.77285,1.00,1.00
2018.05.01 06:52:36.186,0.77269,0.77284,1.00,1.00
2018.05.01 06:52:36.237,0.7727,0.77286,1.00,1.00
2018.05.01 06:52:36.934,0.77271,0.77286,1.00,1.00
2018.05.01 06:52:38.320,0.7727,0.77288,1.00,1.00
2018.05.01 06:52:38.887,0.77269,0.77286,1.00,1.00
2018.05.01 06:52:39.244,0.77269,0.77284,1.00,1.00
2018.05.01 06:52:39.820,0.77269,0.77285,1.00,1.00
2018.05.01 06:52:41.608,0.77268,0.77283,1.00,1.00
2018.05.01 06:52:41.793,0.77266,0.77282,1.00,1.00
2018.05.01 06:52:41.995,0.77265,0.7728,1.00,1.00
2018.05.01 06:52:42.344,0.77264,0.77278,1.50,1.00
2018.05.01 06:52:42.981,0.77265,0.77279,1.00,1.00
2018.05.01 06:52:43.540,0.77264,0.77279,1.50,1.00
2018.05.01 06:52:44.202,0.77265,0.77279,1.00,1.00
2018.05.01 06:52:44.766,0.77264,0.77278,1.00,1.00
2018.05.01 06:52:45.178,0.77264,0.7728,1.00,1.00
2018.05.01 06:52:45.741,0.77264,0.77279,1.00,1.00
2018.05.01 06:52:47.403,0.77266,0.7728,1.00,1.00
2018.05.01 06:52:48.680,0.77266,0.77281,1.00,1.00
2018.05.01 06:52:49.523,0.77267,0.77281,1.00,1.00
2018.05.01 06:52:50.374,0.77267,0.77283,1.00,1.00
2018.05.01 06:52:54.550,0.77267,0.77282,1.50,1.00
2018.05.01 06:52:59.006,0.77267,0.77283,1.50,1.00
2018.05.01 06:53:18.715,0.77267,0.77282,1.00,1.00
2018.05.01 06:53:19.478,0.77267,0.77281,1.00,1.00
2018.05.01 06:53:20.133,0.77267,0.77282,1.00,1.00
2018.05.01 06:53:21.014,0.77267,0.77281,1.00,1.00
2018.05.01 06:53:21.633,0.77265,0.77279,1.00,1.00
2018.05.01 06:53:22.156,0.77264,0.77279,1.35,1.00
2018.05.01 06:53:24.384,0.77264,0.7728,1.35,1.00
2018.05.01 06:53:24.984,0.77265,0.77279,1.00,1.00
2018.05.01 06:53:25.649,0.77263,0.77279,1.35,1.00
2018.05.01 06:53:26.150,0.77264,0.77279,1.00,1.00
2018.05.01 06:53:28.072,0.77265,0.7728,1.00,1.00
2018.05.01 06:53:34.254,0.77265,0.77279,1.00,1.00
2018.05.01 06:53:34.355,0.77263,0.77278,1.00,1.00
2018.05.01 06:53:34.502,0.77262,0.77276,1.00,1.00
2018.05.01 06:53:38.357,0.77262,0.77277,1.00,1.00
2018.05.01 06:53:41.274,0.77262,0.77276,1.00,1.00
2018.05.01 06:53:41.325,0.7726,0.77277,2.10,1.00
2018.05.01 06:53:41.822,0.77261,0.77275,1.00,1.00
2018.05.01 06:53:44.362,0.77262,0.77276,1.00,1.00
2018.05.01 06:53:44.565,0.77263,0.77278,1.00,1.00
2018.05.01 06:53:46.156,0.77264,0.77278,1.00,1.00
2018.05.01 06:53:46.861,0.77264,0.77279,1.00,1.00
2018.05.01 06:53:46.963,0.77264,0.77281,1.00,1.00
2018.05.01 06:53:48.211,0.77266,0.7728,1.00,1.00
2018.05.01 06:53:48.516,0.77268,0.77282,1.00,1.00
2018.05.01 06:53:48.694,0.77267,0.77284,1.00,1.00
2018.05.01 06:53:48.796,0.77267,0.77282,1.00,1.00
2018.05.01 06:53:49.305,0.77268,0.77282,1.00,1.00
2018.05.01 06:53:49.897,0.77267,0.77283,1.00,1.00
2018.05.01 06:53:51.455,0.77267,0.77281,1.00,1.00
2018.05.01 06:53:52.024,0.77267,0.77282,1.00,1.00
2018.05.01 06:53:53.321,0.77268,0.77282,1.00,1.00
2018.05.01 06:53:53.684,0.77266,0.77282,2.25,1.00
2018.05.01 06:53:54.436,0.77268,0.77282,1.00,1.00
2018.05.01 06:53:55.180,0.77268,0.77283,1.00,1.00
2018.05.01 06:53:56.569,0.77269,0.77283,1.00,1.00
2018.05.01 06:53:57.160,0.77268,0.77282,1.00,1.00
2018.05.01 06:53:57.420,0.77267,0.77284,1.00,1.00
2018.05.01 06:53:58.116,0.77269,0.77283,1.00,1.00
2018.05.01 06:53:58.583,0.77268,0.77285,1.00,1.00
2018.05.01 06:53:58.634,0.77269,0.77283,1.00,1.00
2018.05.01 06:54:02.184,0.77268,0.77282,1.00,1.00
2018.05.01 06:54:02.944,0.77267,0.77282,1.00,1.00
2018.05.01 06:54:03.275,0.77266,0.7728,1.00,1.00
2018.05.01 06:54:04.265,0.77266,0.77281,1.00,1.00
2018.05.01 06:54:05.369,0.77267,0.77281,1.00,1.00
2018.05.01 06:54:07.133,0.77268,0.77282,1.00,1.00
2018.05.01 06:54:08.317,0.77266,0.77283,1.50,1.00
2018.05.01 06:54:08.368,0.77266,0.77281,1.50,1.00
2018.05.01 06:54:08.745,0.77264,0.7728,1.00,1.00
2018.05.01 06:54:08.999,0.77266,0.77282,1.00,1.00
2018.05.01 06:54:11.999,0.77265,0.77281,1.00,1.00
2018.05.01 06:54:14.671,0.77266,0.77281,1.00,1.00
2018.05.01 06:54:15.847,0.77265,0.77281,1.00,1.00
2018.05.01 06:54:16.348,0.77267,0.77283,1.00,1.00
2018.05.01 06:54:16.720,0.77266,0.77281,1.00,1.00
2018.05.01 06:54:17.140,0.77264,0.77282,1.00,1.00
2018.05.01 06:54:22.693,0.77266,0.77282,1.00,1.00
2018.05.01 06:54:23.010,0.77264,0.7728,1.00,1.00
2018.05.01 06:54:26.051,0.77265,0.77281,1.00,1.00
2018.05.01 06:54:26.662,0.77266,0.77281,1.00,1.00
2018.05.01 06:54:27.257,0.77265,0.77281,1.00,1.00
2018.05.01 06:54:33.030,0.77266,0.77281,1.00,1.00
2018.05.01 06:54:34.158,0.77265,0.77283,1.00,1.00
2018.05.01 06:54:36.613,0.77265,0.77281,1.00,1.00
2018.05.01 06:54:42.567,0.77266,0.77282,1.00,1.00
2018.05.01 06:54:43.118,0.77266,0.77283,1.00,1.00
2018.05.01 06:54:43.497,0.77268,0.77284,1.00,1.00
2018.05.01 06:54:44.131,0.77267,0.77285,1.00,1.00
2018.05.01 06:54:45.105,0.77267,0.77283,1.00,1.00
2018.05.01 06:54:45.773,0.77268,0.77284,1.00,1.00
2018.05.01 06:54:46.281,0.77269,0.77285,1.00,1.00
2018.05.01 06:54:46.542,0.77271,0.77288,1.00,1.00
2018.05.01 06:54:46.897,0.77272,0.7729,1.00,1.00
2018.05.01 06:54:47.048,0.77272,0.77288,1.00,1.00
2018.05.01 06:54:48.487,0.77272,0.77287,1.00,1.00
2018.05.01 06:54:48.910,0.77273,0.77289,1.00,1.00
2018.05.01 06:54:48.961,0.77271,0.77289,1.00,1.00
2018.05.01 06:54:49.096,0.77272,0.77287,1.00,1.00
2018.05.01 06:54:49.634,0.77272,0.77288,1.00,1.00
2018.05.01 06:54:50.177,0.77271,0.77289,1.00,1.00
2018.05.01 06:54:50.525,0.7727,0.77286,1.50,1.00
2018.05.01 06:54:52.271,0.7727,0.77287,1.50,1.00
2018.05.01 06:54:53.976,0.77271,0.77287,1.00,1.00
2018.05.01 06:54:54.822,0.77271,0.77289,1.00,1.00
2018.05.01 06:54:56.409,0.77271,0.77287,1.00,1.00
2018.05.01 06:54:58.527,0.77269,0.77287,1.00,1.00
2018.05.01 06:54:59.489,0.77269,0.77285,1.00,1.00
2018.05.01 06:55:00.019,0.7727,0.77286,1.00,1.00
2018.05.01 06:55:00.807,0.77271,0.77287,1.00,1.00
2018.05.01 06:55:01.469,0.7727,0.77286,1.00,1.00
2018.05.01 06:55:02.346,0.77271,0.77287,1.00,1.00
2018.05.01 06:55:02.996,0.7727,0.77286,1.00,1.00
2018.05.01 06:55:03.403,0.77267,0.77283,1.00,1.00
2018.05.01 06:55:03.453,0.77267,0.77285,1.00,1.00
2018.05.01 06:55:03.568,0.77267,0.77283,1.00,1.00
2018.05.01 06:55:04.171,0.77266,0.77282,1.00,1.00
2018.05.01 06:55:04.758,0.77267,0.77283,1.00,1.00
2018.05.01 06:55:05.893,0.77266,0.77282,1.00,1.00
2018.05.01 06:55:06.592,0.77267,0.77282,1.00,1.00
2018.05.01 06:55:07.149,0.77266,0.77282,1.00,1.00
2018.05.01 06:55:10.704,0.77267,0.77282,1.00,1.00
2018.05.01 06:55:10.755,0.77265,0.77283,1.00,1.00
2018.05.01 06:55:11.387,0.77266,0.77281,1.00,1.00
2018.05.01 06:55:12.151,0.77266,0.77282,1.00,1.00
2018.05.01 06:55:13.552,0.77265,0.77281,1.00,1.00
2018.05.01 06:55:15.661,0.77265,0.7728,1.00,1.00
2018.05.01 06:55:16.738,0.77265,0.77281,1.00,1.00
2018.05.01 06:55:17.311,0.77266,0.77282,1.00,1.00
2018.05.01 06:55:18.812,0.77265,0.77281,1.00,1.00
2018.05.01 06:55:19.431,0.77266,0.77282,1.00,1.00
2018.05.01 06:55:22.558,0.77265,0.7728,1.00,1.00
2018.05.01 06:55:23.101,0.77264,0.7728,1.00,1.00
2018.05.01 06:55:25.502,0.77265,0.7728,1.00,1.00
2018.05.01 06:55:26.795,0.77263,0.77281,1.00,1.00
2018.05.01 06:55:26.846,0.77265,0.77281,1.00,1.00
2018.05.01 06:55:27.446,0.77265,0.7728,1.00,1.00
2018.05.01 06:55:28.107,0.77265,0.77281,1.00,1.00
2018.05.01 06:55:29.531,0.77266,0.77282,1.00,1.00
2018.05.01 06:55:30.302,0.77264,0.77282,1.00,1.00
2018.05.01 06:55:30.902,0.77266,0.77282,1.00,1.00
2018.05.01 06:55:33.639,0.77265,0.77281,1.00,1.00
2018.05.01 06:55:34.446,0.77265,0.77283,1.00,1.50
2018.05.01 06:55:34.810,0.77265,0.77281,1.00,1.00
2018.05.01 06:55:35.123,0.77262,0.77278,1.00,1.00
2018.05.01 06:55:35.700,0.77261,0.77277,1.00,1.00
2018.05.01 06:55:36.006,0.77262,0.7728,1.00,1.50
2018.05.01 06:55:36.621,0.77265,0.7728,1.00,1.50
2018.05.01 06:55:36.723,0.77265,0.77283,1.00,1.57
2018.05.01 06:55:38.063,0.77265,0.77281,1.00,1.00
2018.05.01 06:55:50.360,0.77266,0.77283,1.00,1.00
2018.05.01 06:55:50.613,0.77265,0.77281,1.50,1.00
2018.05.01 06:55:50.949,0.77263,0.77279,1.00,1.00
2018.05.01 06:55:51.550,0.77264,0.77279,1.00,1.00
2018.05.01 06:55:53.321,0.77264,0.7728,1.00,1.00
2018.05.01 06:55:54.713,0.77263,0.77279,1.00,1.00
2018.05.01 06:55:57.096,0.77264,0.7728,1.00,1.00
2018.05.01 06:55:58.462,0.77264,0.77282,1.00,1.50
2018.05.01 06:56:00.335,0.77263,0.77281,1.50,1.00
2018.05.01 06:56:00.644,0.77265,0.7728,1.00,1.00
2018.05.01 06:56:01.178,0.77264,0.7728,1.00,1.00
2018.05.01 06:56:08.003,0.77264,0.77282,1.00,1.00
2018.05.01 06:56:10.479,0.77266,0.77282,1.00,1.00
2018.05.01 06:56:11.025,0.77265,0.77283,1.00,1.00
2018.05.01 06:56:15.168,0.77265,0.77281,1.00,1.00
2018.05.01 06:56:15.716,0.77264,0.7728,1.00,1.00
2018.05.01 06:56:16.281,0.77265,0.77281,1.00,1.00
2018.05.01 06:56:22.679,0.77265,0.7728,1.00,1.00
2018.05.01 06:56:22.730,0.77265,0.77282,1.00,1.00
2018.05.01 06:56:22.964,0.77264,0.7728,1.00,1.00
2018.05.01 06:56:26.575,0.77263,0.77279,1.50,1.00
2018.05.01 06:56:27.551,0.77263,0.77278,1.00,1.00
2018.05.01 06:56:29.529,0.77264,0.77279,1.00,1.00
2018.05.01 06:56:29.580,0.77263,0.77281,1.00,1.00
2018.05.01 06:56:29.832,0.77265,0.77281,1.00,1.00
2018.05.01 06:56:30.519,0.77264,0.7728,1.00,1.00
2018.05.01 06:56:31.323,0.77263,0.77279,1.00,1.00
2018.05.01 06:56:32.932,0.77264,0.77279,1.00,1.00
2018.05.01 06:56:34.432,0.77263,0.77279,1.00,1.00
2018.05.01 06:56:35.187,0.77264,0.7728,1.00,1.00
2018.05.01 06:56:35.702,0.77265,0.7728,1.00,1.00
2018.05.01 06:56:36.576,0.77264,0.77282,1.00,1.00
2018.05.01 06:56:37.220,0.77266,0.77282,1.00,1.00
2018.05.01 06:56:37.727,0.77265,0.77281,1.00,1.00
2018.05.01 06:56:38.503,0.77265,0.77282,1.00,1.00
2018.05.01 06:56:38.909,0.77263,0.77281,1.00,1.00
2018.05.01 06:56:39.165,0.77264,0.77279,1.00,1.00
2018.05.01 06:56:39.832,0.77262,0.7728,1.50,1.00
2018.05.01 06:56:40.727,0.77264,0.7728,1.00,1.00
2018.05.01 06:56:41.337,0.77263,0.77279,1.00,1.00
2018.05.01 06:56:43.714,0.77261,0.77279,1.50,1.00
2018.05.01 06:56:43.816,0.77263,0.77279,1.00,1.00
2018.05.01 06:56:46.806,0.77262,0.7728,1.00,1.00
2018.05.01 06:56:47.932,0.77262,0.77279,1.00,1.00
2018.05.01 06:56:49.432,0.77262,0.77278,1.00,1.00
2018.05.01 06:56:51.492,0.77263,0.77279,1.00,1.00
2018.05.01 06:56:51.831,0.77261,0.77277,1.00,1.00
2018.05.01 06:56:52.581,0.77262,0.77278,1.00,1.00
2018.05.01 06:56:53.272,0.77261,0.77277,1.00,1.00
2018.05.01 06:56:54.588,0.77259,0.77275,1.00,1.00
2018.05.01 06:56:55.106,0.7726,0.77276,1.00,1.00
2018.05.01 06:56:55.655,0.7726,0.77277,1.00,1.00
2018.05.01 06:56:56.006,0.77259,0.77275,1.00,1.00
2018.05.01 06:56:56.473,0.7726,0.77278,1.00,1.50
2018.05.01 06:56:56.676,0.7726,0.77276,1.00,1.00
2018.05.01 06:56:57.188,0.77261,0.77276,1.00,1.00
2018.05.01 06:56:57.456,0.77262,0.77278,1.00,1.00
2018.05.01 06:56:57.976,0.77261,0.77277,1.00,1.00
2018.05.01 06:56:58.392,0.77258,0.77276,1.00,1.00
2018.05.01 06:56:58.507,0.77262,0.77277,1.00,1.50
2018.05.01 06:56:58.966,0.7726,0.77276,1.00,1.00
2018.05.01 06:56:59.471,0.77259,0.77277,1.07,1.00
2018.05.01 06:57:00.033,0.77261,0.77277,1.00,1.00
2018.05.01 06:57:01.945,0.7726,0.77276,1.10,1.00
2018.05.01 06:57:02.563,0.77259,0.77275,1.00,1.00
2018.05.01 06:57:02.940,0.77259,0.77277,1.00,1.00
2018.05.01 06:57:09.916,0.77259,0.77275,1.00,1.00
2018.05.01 06:57:10.244,0.77262,0.77278,1.00,1.00
2018.05.01 06:57:14.126,0.77263,0.77279,1.00,1.00
2018.05.01 06:57:17.146,0.77264,0.7728,1.00,1.00
2018.05.01 06:57:17.932,0.77263,0.77279,1.00,1.00
2018.05.01 06:57:21.982,0.77264,0.7728,1.00,1.00
2018.05.01 06:57:22.885,0.77263,0.77279,1.00,1.00
2018.05.01 06:57:23.464,0.77262,0.77278,1.00,1.00
2018.05.01 06:57:24.821,0.77263,0.77279,1.00,1.00
2018.05.01 06:57:26.647,0.77264,0.7728,1.00,1.00
2018.05.01 06:57:27.165,0.77263,0.77279,1.00,1.00
2018.05.01 06:57:28.117,0.77267,0.77283,1.00,1.00
2018.05.01 06:57:28.219,0.77267,0.77285,1.00,1.00
2018.05.01 06:57:28.271,0.77266,0.77283,1.00,1.00
2018.05.01 06:57:28.599,0.77262,0.77278,1.00,1.00
2018.05.01 06:57:30.176,0.7726,0.77278,1.50,1.00
2018.05.01 06:57:30.277,0.77262,0.77277,1.00,1.00
2018.05.01 06:57:38.321,0.77261,0.77279,1.00,1.00
2018.05.01 06:58:09.969,0.77263,0.77279,1.00,1.50
2018.05.01 06:58:10.755,0.77264,0.7728,1.00,1.00
2018.05.01 06:58:13.562,0.77263,0.77279,1.00,1.00
2018.05.01 06:58:14.026,0.77266,0.77281,1.00,1.00
2018.05.01 06:58:14.338,0.77268,0.77283,1.00,1.00
2018.05.01 06:58:14.389,0.77264,0.7728,1.00,1.00
2018.05.01 06:58:15.242,0.77263,0.77279,1.00,1.00
2018.05.01 06:58:15.749,0.77264,0.7728,1.00,1.00
2018.05.01 06:58:16.270,0.77263,0.77281,1.00,1.50
2018.05.01 06:58:16.371,0.77263,0.77279,1.00,1.00
2018.05.01 06:58:16.863,0.77261,0.77276,1.00,1.00
2018.05.01 06:58:16.914,0.77259,0.77275,1.10,1.00
2018.05.01 06:58:17.015,0.77259,0.77277,1.00,1.00
2018.05.01 06:58:17.135,0.77261,0.77276,1.00,1.00
2018.05.01 06:58:18.112,0.7726,0.77278,1.00,1.50
2018.05.01 06:58:19.285,0.77261,0.77276,1.00,1.00
2018.05.01 06:58:19.818,0.77258,0.77277,1.10,1.00
2018.05.01 06:58:19.869,0.7726,0.77276,1.00,1.00
2018.05.01 06:58:22.486,0.7726,0.77275,1.00,1.00
2018.05.01 06:58:23.287,0.7726,0.77276,1.00,1.00
2018.05.01 06:58:24.589,0.77259,0.77275,1.00,1.00
2018.05.01 06:58:25.472,0.7726,0.77275,1.00,1.00
2018.05.01 06:58:25.990,0.77259,0.77275,1.00,1.00
2018.05.01 06:58:27.744,0.77259,0.77277,1.00,1.00
2018.05.01 06:58:28.412,0.77259,0.77276,1.00,1.00
2018.05.01 06:58:32.452,0.77259,0.77275,1.00,1.00
2018.05.01 06:58:36.481,0.7726,0.77276,1.00,1.50
2018.05.01 06:58:36.686,0.77258,0.77274,1.00,1.00
2018.05.01 06:58:43.268,0.77259,0.77275,1.00,1.00
2018.05.01 06:58:43.824,0.77258,0.77274,1.00,1.00
2018.05.01 06:58:44.440,0.77259,0.77275,1.00,1.00
2018.05.01 06:58:44.994,0.7726,0.77276,1.00,1.00
2018.05.01 06:58:47.174,0.7726,0.77278,1.00,1.00
2018.05.01 06:58:47.428,0.77262,0.77277,1.00,1.00
2018.05.01 06:58:47.933,0.77261,0.77279,1.00,1.00
2018.05.01 06:58:48.341,0.77261,0.77277,1.00,1.00
2018.05.01 06:58:49.433,0.77262,0.77277,1.00,1.00
2018.05.01 06:58:51.230,0.77261,0.77277,1.00,1.00
2018.05.01 06:58:51.282,0.77258,0.77276,1.07,1.00
2018.05.01 06:58:51.835,0.77258,0.77276,1.00,1.00
2018.05.01 06:58:55.064,0.77262,0.77276,1.00,1.00
2018.05.01 06:58:55.115,0.7726,0.77276,1.00,1.00
2018.05.01 06:58:55.317,0.77262,0.77277,1.00,1.00
2018.05.01 06:58:55.368,0.7726,0.77276,1.00,1.00
2018.05.01 06:58:55.470,0.77262,0.77278,1.00,1.50
2018.05.01 06:58:55.521,0.7726,0.77278,1.00,1.50
2018.05.01 06:58:55.572,0.77262,0.77277,1.00,1.00
2018.05.01 06:58:55.623,0.7726,0.77278,1.00,1.50
2018.05.01 06:58:55.843,0.77262,0.77278,1.00,1.50
2018.05.01 06:58:56.045,0.77259,0.77277,1.00,1.00
2018.05.01 06:58:56.299,0.77261,0.77276,1.00,1.00
2018.05.01 06:58:59.887,0.7726,0.77275,1.00,1.00
2018.05.01 06:59:00.299,0.77258,0.77276,1.00,1.50
2018.05.01 06:59:00.949,0.77257,0.77273,1.00,1.00
2018.05.01 06:59:01.152,0.77255,0.77273,1.00,1.00
2018.05.01 06:59:01.331,0.77257,0.77273,1.00,1.00
2018.05.01 06:59:01.988,0.77256,0.77272,1.00,1.00
2018.05.01 06:59:02.221,0.77257,0.77275,1.00,1.00
2018.05.01 06:59:09.821,0.77259,0.77274,1.00,1.00
2018.05.01 06:59:13.312,0.77259,0.77275,1.00,1.00
2018.05.01 06:59:13.815,0.7726,0.77276,1.00,1.00
2018.05.01 06:59:15.846,0.7726,0.77278,1.00,1.50
2018.05.01 06:59:17.934,0.77261,0.77278,1.00,1.50
2018.05.01 06:59:19.432,0.77261,0.77277,1.00,1.00
2018.05.01 06:59:20.190,0.77261,0.77279,1.00,1.00
2018.05.01 06:59:24.846,0.77262,0.77277,1.00,1.00
2018.05.01 06:59:25.980,0.77262,0.77278,1.00,1.00
2018.05.01 06:59:26.205,0.7726,0.77278,1.00,1.00
2018.05.01 06:59:26.256,0.77262,0.77278,1.00,1.00
2018.05.01 06:59:26.783,0.77261,0.77279,1.00,1.00
2018.05.01 06:59:33.323,0.77262,0.77277,1.00,1.00
2018.05.01 06:59:34.037,0.77262,0.77278,1.00,1.00
2018.05.01 06:59:38.320,0.77263,0.77279,1.00,1.00
2018.05.01 06:59:38.372,0.77261,0.77279,1.10,1.00
2018.05.01 06:59:38.423,0.77264,0.77279,1.00,1.00
2018.05.01 06:59:38.524,0.77262,0.77278,1.00,1.00
2018.05.01 06:59:41.352,0.77263,0.77279,1.00,1.00
2018.05.01 06:59:41.961,0.77262,0.77278,1.00,1.00
2018.05.01 06:59:45.325,0.77261,0.7728,1.00,1.00
2018.05.01 06:59:47.652,0.77263,0.7728,1.00,1.00
2018.05.01 06:59:48.234,0.77262,0.77279,1.00,1.00
2018.05.01 06:59:50.264,0.77261,0.77278,1.00,1.00
2018.05.01 06:59:51.324,0.7726,0.77279,2.10,1.00
2018.05.01 06:59:51.866,0.7726,0.7728,2.10,1.00
2018.05.01 06:59:55.495,0.77261,0.77281,1.00,1.50
2018.05.01 06:59:56.125,0.7726,0.77281,1.35,1.50
2018.05.01 06:59:56.656,0.7726,0.7728,2.17,1.00
2018.05.01 06:59:57.322,0.7726,0.77281,1.35,1.50
2018.05.01 06:59:57.846,0.77261,0.77282,1.00,3.00
