2018.05.30 09:00:00.301,0.76112,0.76128,1.00,1.00
2018.05.30 09:00:00.839,0.76113,0.76128,1.00,1.00
2018.05.30 09:00:01.020,0.76113,0.7613,1.00,1.10
2018.05.30 09:00:01.223,0.76113,0.76128,1.00,1.00
2018.05.30 09:00:01.831,0.76112,0.76128,1.00,1.00
2018.05.30 09:00:02.786,0.76113,0.76128,1.00,1.00
2018.05.30 09:00:03.396,0.76112,0.76128,1.00,1.00
2018.05.30 09:00:04.026,0.76112,0.76127,1.00,1.00
2018.05.30 09:00:04.764,0.76113,0.76127,1.00,1.00
2018.05.30 09:00:05.295,0.76113,0.76128,1.00,1.00
2018.05.30 09:00:06.355,0.76117,0.76132,1.00,1.00
2018.05.30 09:00:06.685,0.76125,0.7614,1.00,1.00
2018.05.30 09:00:09.937,0.76126,0.76141,1.00,1.00
2018.05.30 09:00:10.237,0.76127,0.76144,1.00,1.00
2018.05.30 09:00:10.305,0.7613,0.76144,1.00,1.00
2018.05.30 09:00:10.915,0.7613,0.76145,1.00,1.00
2018.05.30 09:00:11.758,0.76129,0.76144,1.00,1.00
2018.05.30 09:00:12.335,0.7613,0.76145,1.00,1.00
2018.05.30 09:00:12.884,0.76131,0.76145,1.00,1.00
2018.05.30 09:00:13.385,0.7613,0.76145,1.00,1.00
2018.05.30 09:00:13.639,0.76131,0.76147,1.00,1.00
2018.05.30 09:00:13.740,0.76132,0.76149,1.00,1.00
2018.05.30 09:00:13.791,0.76134,0.76149,1.00,1.00
2018.05.30 09:00:15.895,0.76135,0.76149,1.00,1.00
2018.05.30 09:00:16.453,0.76135,0.7615,1.00,1.00
2018.05.30 09:00:16.846,0.76132,0.7615,1.50,1.00
2018.05.30 09:00:16.947,0.76134,0.76149,1.00,1.00
2018.05.30 09:00:17.644,0.76133,0.76148,1.00,1.00
2018.05.30 09:00:18.161,0.76134,0.76149,1.00,1.00
2018.05.30 09:00:18.692,0.76133,0.76148,1.00,1.00
2018.05.30 09:00:18.834,0.76133,0.7615,1.00,1.00
2018.05.30 09:00:19.124,0.76133,0.76148,1.00,1.00
2018.05.30 09:00:19.175,0.76133,0.7615,1.00,1.00
2018.05.30 09:00:19.527,0.76133,0.76148,1.00,1.00
2018.05.30 09:00:20.041,0.76134,0.76149,1.00,1.00
2018.05.30 09:00:21.325,0.76135,0.7615,1.00,1.00
2018.05.30 09:00:22.086,0.76134,0.76149,1.00,1.00
2018.05.30 09:00:22.705,0.76135,0.7615,1.00,1.00
2018.05.30 09:00:22.989,0.76133,0.76149,1.00,1.00
2018.05.30 09:00:23.140,0.76132,0.76147,1.00,1.00
2018.05.30 09:00:23.281,0.76132,0.76149,1.00,1.00
2018.05.30 09:00:23.823,0.76133,0.7615,1.00,1.00
2018.05.30 09:00:24.380,0.76134,0.7615,1.00,1.00
2018.05.30 09:00:24.827,0.76131,0.76149,1.00,1.00
2018.05.30 09:00:24.878,0.76131,0.76147,1.00,1.00
2018.05.30 09:00:25.427,0.7613,0.76147,1.00,1.00
2018.05.30 09:00:25.967,0.76131,0.76148,1.00,1.00
2018.05.30 09:00:26.271,0.76129,0.76148,1.00,1.95
2018.05.30 09:00:26.424,0.7613,0.76145,1.00,1.00
2018.05.30 09:00:27.106,0.76129,0.76144,1.00,1.00
2018.05.30 09:00:27.758,0.7613,0.76145,1.00,1.00
2018.05.30 09:00:29.126,0.76129,0.76144,1.00,1.00
2018.05.30 09:00:31.438,0.76129,0.76143,1.00,1.00
2018.05.30 09:00:32.015,0.76127,0.76144,1.00,1.00
2018.05.30 09:00:32.116,0.76127,0.76142,1.00,1.00
2018.05.30 09:00:32.656,0.76126,0.76141,1.00,1.00
2018.05.30 09:00:33.257,0.76125,0.76141,1.50,1.00
2018.05.30 09:00:33.808,0.76125,0.76142,1.50,1.00
2018.05.30 09:00:34.134,0.76124,0.76139,1.00,1.00
2018.05.30 09:00:34.724,0.76123,0.76138,1.00,1.00
2018.05.30 09:00:36.064,0.76125,0.7614,1.00,1.00
2018.05.30 09:00:38.269,0.76129,0.76144,1.00,1.10
2018.05.30 09:00:38.372,0.76129,0.76146,1.00,1.10
2018.05.30 09:00:38.423,0.76129,0.76144,1.00,1.00
2018.05.30 09:00:39.036,0.76127,0.76142,1.00,1.00
2018.05.30 09:00:39.389,0.76125,0.7614,1.00,1.00
2018.05.30 09:00:40.072,0.76124,0.76139,1.00,1.00
2018.05.30 09:00:40.375,0.76122,0.76138,1.00,1.00
2018.05.30 09:00:40.729,0.76124,0.76138,1.00,1.00
2018.05.30 09:00:41.219,0.76123,0.7614,1.00,1.00
2018.05.30 09:00:42.546,0.76124,0.76138,1.00,1.00
2018.05.30 09:00:43.137,0.76124,0.76139,1.50,1.00
2018.05.30 09:00:44.016,0.76125,0.7614,1.00,1.00
2018.05.30 09:00:44.331,0.76127,0.76142,1.00,1.00
2018.05.30 09:00:44.434,0.76125,0.76142,1.00,1.00
2018.05.30 09:00:45.673,0.76128,0.76143,1.00,1.00
2018.05.30 09:00:46.180,0.76128,0.76142,1.00,1.00
2018.05.30 09:00:46.743,0.76128,0.76143,1.00,1.00
2018.05.30 09:00:47.326,0.76126,0.76143,1.00,1.00
2018.05.30 09:00:48.331,0.76127,0.76144,1.00,1.00
2018.05.30 09:00:48.794,0.7613,0.76145,1.00,1.00
2018.05.30 09:00:49.498,0.76129,0.76144,1.00,1.00
2018.05.30 09:00:51.186,0.76129,0.76145,1.00,1.00
2018.05.30 09:00:51.767,0.76127,0.76142,1.00,1.00
2018.05.30 09:00:52.432,0.76126,0.76141,1.00,1.00
2018.05.30 09:00:52.787,0.76128,0.76143,1.00,1.00
2018.05.30 09:00:53.295,0.76129,0.76143,1.00,1.00
2018.05.30 09:00:54.652,0.76128,0.76143,1.00,1.00
2018.05.30 09:00:55.184,0.76128,0.76142,1.00,1.00
2018.05.30 09:00:57.313,0.76129,0.76144,1.00,1.00
2018.05.30 09:00:57.466,0.76129,0.76146,1.00,1.00
2018.05.30 09:00:57.592,0.76129,0.76144,1.00,1.00
2018.05.30 09:00:59.151,0.7613,0.76144,1.00,1.00
2018.05.30 09:01:00.721,0.76129,0.76144,1.00,1.00
2018.05.30 09:01:00.899,0.76128,0.76146,2.25,1.00
2018.05.30 09:01:01.658,0.76129,0.76145,1.00,1.00
2018.05.30 09:01:01.709,0.76131,0.76146,1.00,1.00
2018.05.30 09:01:02.264,0.76132,0.76147,1.00,1.00
2018.05.30 09:01:05.100,0.76133,0.76147,1.00,1.00
2018.05.30 09:01:05.876,0.76133,0.76148,1.00,1.00
2018.05.30 09:01:06.832,0.76132,0.76147,1.50,1.00
2018.05.30 09:01:07.348,0.76131,0.76147,1.00,1.00
2018.05.30 09:01:08.608,0.76132,0.76147,1.00,1.00
2018.05.30 09:01:10.327,0.76132,0.76148,1.00,1.00
2018.05.30 09:01:10.851,0.76131,0.76148,1.00,1.00
2018.05.30 09:01:11.370,0.76132,0.76147,1.00,1.00
2018.05.30 09:01:12.767,0.76131,0.76146,1.00,1.00
2018.05.30 09:01:12.819,0.7613,0.76148,1.50,1.00
2018.05.30 09:01:12.870,0.76131,0.76146,1.00,1.00
2018.05.30 09:01:13.221,0.76132,0.76148,1.00,1.10
2018.05.30 09:01:13.604,0.76134,0.76149,1.00,1.00
2018.05.30 09:01:14.584,0.76133,0.76149,1.00,1.00
2018.05.30 09:01:15.085,0.76132,0.76149,1.10,1.00
2018.05.30 09:01:16.100,0.76133,0.76149,1.00,1.00
2018.05.30 09:01:16.929,0.76132,0.76147,1.00,1.00
2018.05.30 09:01:17.748,0.76133,0.76148,1.00,1.00
2018.05.30 09:01:18.043,0.76133,0.7615,1.00,1.50
2018.05.30 09:01:18.093,0.76133,0.76148,1.00,1.00
2018.05.30 09:01:19.764,0.76134,0.76149,1.00,1.00
2018.05.30 09:01:21.331,0.76133,0.76148,1.00,1.00
2018.05.30 09:01:21.382,0.76131,0.76148,1.00,1.00
2018.05.30 09:01:22.137,0.76131,0.76146,1.00,1.00
2018.05.30 09:01:22.683,0.76131,0.76145,1.00,1.00
2018.05.30 09:01:22.945,0.76129,0.76144,1.00,1.00
2018.05.30 09:01:23.513,0.7613,0.76145,1.00,1.00
2018.05.30 09:01:24.802,0.76131,0.76146,1.00,1.00
2018.05.30 09:01:24.854,0.76133,0.76148,1.00,1.00
2018.05.30 09:01:25.164,0.76135,0.7615,1.00,1.00
2018.05.30 09:01:29.060,0.76136,0.76151,1.00,1.00
2018.05.30 09:01:29.111,0.76134,0.76151,1.00,1.00
2018.05.30 09:01:32.357,0.76137,0.76151,1.00,1.00
2018.05.30 09:01:32.859,0.76136,0.76151,1.00,1.00
2018.05.30 09:01:33.376,0.76136,0.7615,1.00,1.00
2018.05.30 09:01:33.859,0.76134,0.76148,1.00,1.00
2018.05.30 09:01:34.113,0.7613,0.76145,1.10,1.00
2018.05.30 09:01:34.264,0.76129,0.76143,1.00,1.00
2018.05.30 09:01:34.608,0.76127,0.76141,1.00,1.00
2018.05.30 09:01:35.313,0.76128,0.76142,1.00,1.00
2018.05.30 09:01:35.619,0.76126,0.7614,1.00,1.00
2018.05.30 09:01:36.169,0.76125,0.76141,1.00,1.00
2018.05.30 09:01:36.480,0.76127,0.76141,1.00,1.00
2018.05.30 09:01:37.151,0.76126,0.7614,1.00,1.00
2018.05.30 09:01:37.693,0.76127,0.76141,1.00,1.10
2018.05.30 09:01:38.328,0.76125,0.76142,1.00,1.10
2018.05.30 09:01:38.481,0.76127,0.76141,1.00,1.20
2018.05.30 09:01:38.797,0.76125,0.76139,1.00,1.00
2018.05.30 09:01:39.951,0.76125,0.7614,1.00,1.20
2018.05.30 09:01:40.053,0.76124,0.76138,1.00,1.00
2018.05.30 09:01:40.391,0.76126,0.7614,1.00,1.00
2018.05.30 09:01:40.881,0.76121,0.76135,1.50,1.00
2018.05.30 09:01:41.393,0.7612,0.76134,1.00,1.00
2018.05.30 09:01:41.955,0.76118,0.76134,1.00,1.00
2018.05.30 09:01:42.107,0.76118,0.76132,1.00,1.00
2018.05.30 09:01:42.639,0.76119,0.76133,1.00,1.00
2018.05.30 09:01:43.155,0.7612,0.76134,1.00,1.00
2018.05.30 09:01:44.488,0.76121,0.76135,1.00,1.00
2018.05.30 09:01:46.111,0.7612,0.76134,1.00,1.00
2018.05.30 09:01:46.722,0.76121,0.76135,1.00,1.00
2018.05.30 09:01:47.285,0.76122,0.76136,1.00,1.00
2018.05.30 09:01:47.648,0.7612,0.76134,1.00,1.00
2018.05.30 09:01:47.699,0.7612,0.76136,1.00,1.00
2018.05.30 09:01:48.468,0.76121,0.76137,1.00,1.00
2018.05.30 09:01:48.621,0.76125,0.76139,1.00,1.10
2018.05.30 09:01:49.154,0.76126,0.7614,1.00,1.00
2018.05.30 09:01:50.000,0.76124,0.7614,1.00,1.00
2018.05.30 09:01:50.507,0.76125,0.76141,1.00,1.00
2018.05.30 09:01:51.061,0.76126,0.76141,1.00,1.00
2018.05.30 09:01:51.727,0.76127,0.76142,1.00,1.00
2018.05.30 09:01:52.390,0.76127,0.76143,1.00,1.10
2018.05.30 09:01:52.966,0.76127,0.76142,1.00,1.00
2018.05.30 09:01:54.931,0.76128,0.76142,1.00,1.00
2018.05.30 09:01:55.508,0.76127,0.76141,1.00,1.00
2018.05.30 09:01:56.100,0.76126,0.76142,1.00,1.00
2018.05.30 09:01:56.659,0.76127,0.76141,1.00,1.00
2018.05.30 09:01:57.258,0.76128,0.76142,1.00,1.00
2018.05.30 09:01:57.309,0.76126,0.76142,1.00,1.00
2018.05.30 09:01:58.058,0.76128,0.76142,1.00,1.00
2018.05.30 09:01:59.374,0.76128,0.76143,1.00,1.00
2018.05.30 09:01:59.649,0.76126,0.76144,1.00,1.10
2018.05.30 09:02:00.370,0.76128,0.76143,1.00,1.00
2018.05.30 09:02:00.421,0.76127,0.76145,1.00,2.32
2018.05.30 09:02:00.628,0.76129,0.76144,1.00,1.00
2018.05.30 09:02:00.933,0.76126,0.76144,1.00,1.12
2018.05.30 09:02:00.984,0.76126,0.76141,1.00,1.00
2018.05.30 09:02:02.184,0.76124,0.7614,1.00,1.00
2018.05.30 09:02:02.285,0.76124,0.76138,1.00,1.00
2018.05.30 09:02:02.537,0.76125,0.7614,1.00,1.10
2018.05.30 09:02:02.639,0.76127,0.76141,1.00,1.45
2018.05.30 09:02:02.793,0.76127,0.76142,1.00,1.45
2018.05.30 09:02:03.352,0.76128,0.76142,1.00,1.20
2018.05.30 09:02:03.454,0.76126,0.76142,1.00,1.20
2018.05.30 09:02:03.505,0.76128,0.76142,1.00,1.95
2018.05.30 09:02:04.026,0.76128,0.76142,1.00,1.00
2018.05.30 09:02:04.430,0.7613,0.76144,1.00,1.20
2018.05.30 09:02:05.017,0.7613,0.76144,1.00,1.20
2018.05.30 09:02:06.604,0.7613,0.76144,1.00,1.20
2018.05.30 09:02:08.062,0.7613,0.76144,1.00,1.10
2018.05.30 09:02:08.608,0.76129,0.76143,1.00,1.00
2018.05.30 09:02:09.328,0.76128,0.76142,1.00,1.00
2018.05.30 09:02:11.496,0.76129,0.76143,1.00,1.20
2018.05.30 09:02:11.708,0.76131,0.76145,1.00,1.00
2018.05.30 09:02:12.208,0.76129,0.76143,1.00,1.00
2018.05.30 09:02:12.804,0.7613,0.76144,1.00,1.00
2018.05.30 09:02:13.443,0.7613,0.76145,1.00,1.00
2018.05.30 09:02:13.958,0.76131,0.76145,1.00,1.00
2018.05.30 09:02:14.308,0.76135,0.76149,1.00,1.00
2018.05.30 09:02:15.095,0.76136,0.7615,1.00,1.00
2018.05.30 09:02:15.540,0.76134,0.76148,1.00,1.12
2018.05.30 09:02:15.591,0.76132,0.76148,1.00,1.12
2018.05.30 09:02:15.743,0.76132,0.76146,1.00,1.00
2018.05.30 09:02:15.895,0.76131,0.76148,1.00,1.50
2018.05.30 09:02:16.254,0.76132,0.76146,1.00,1.00
2018.05.30 09:02:16.778,0.76131,0.76145,1.00,1.00
2018.05.30 09:02:17.321,0.76132,0.76146,1.00,1.00
2018.05.30 09:02:17.626,0.76132,0.76148,1.00,1.00
2018.05.30 09:02:17.924,0.76134,0.76148,1.00,1.00
2018.05.30 09:02:18.428,0.76135,0.7615,1.00,1.00
2018.05.30 09:02:18.993,0.76136,0.7615,1.00,1.00
2018.05.30 09:02:19.503,0.76135,0.76149,1.00,1.00
2018.05.30 09:02:19.658,0.76133,0.76147,1.00,1.00
2018.05.30 09:02:19.810,0.76134,0.76151,1.00,2.62
2018.05.30 09:02:20.064,0.76132,0.76146,1.00,1.00
2018.05.30 09:02:20.409,0.7613,0.76144,1.00,1.00
2018.05.30 09:02:20.953,0.76132,0.76147,1.00,1.20
2018.05.30 09:02:21.164,0.76132,0.76148,1.00,1.00
2018.05.30 09:02:21.214,0.76134,0.76148,1.00,1.00
2018.05.30 09:02:21.517,0.76134,0.7615,1.00,1.57
2018.05.30 09:02:22.056,0.76134,0.7615,1.00,1.95
2018.05.30 09:02:24.123,0.76136,0.7615,1.00,1.95
2018.05.30 09:02:24.277,0.76133,0.76147,1.00,1.00
2018.05.30 09:02:24.328,0.76136,0.7615,1.00,1.00
2018.05.30 09:02:24.379,0.76134,0.76149,1.00,1.00
2018.05.30 09:02:24.531,0.76132,0.76148,1.00,1.00
2018.05.30 09:02:25.064,0.76133,0.76148,1.00,1.00
2018.05.30 09:02:25.917,0.76131,0.76148,1.50,1.00
2018.05.30 09:02:26.328,0.76131,0.76146,1.00,1.00
2018.05.30 09:02:27.612,0.7613,0.76146,1.00,1.00
2018.05.30 09:02:28.915,0.7613,0.76145,1.00,1.00
2018.05.30 09:02:29.437,0.76127,0.76143,1.50,1.00
2018.05.30 09:02:29.740,0.76129,0.76144,1.00,1.10
2018.05.30 09:02:29.942,0.7613,0.76146,1.00,1.20
2018.05.30 09:02:30.179,0.76129,0.76144,1.00,1.00
2018.05.30 09:02:30.713,0.76126,0.76143,1.00,1.00
2018.05.30 09:02:30.916,0.76126,0.76141,1.00,1.00
2018.05.30 09:02:31.248,0.76129,0.76144,1.00,1.00
2018.05.30 09:02:31.861,0.7613,0.76145,1.00,1.00
2018.05.30 09:02:32.566,0.76131,0.76148,1.00,1.10
2018.05.30 09:02:32.617,0.76131,0.76146,1.00,1.00
2018.05.30 09:02:33.126,0.76129,0.76145,1.00,1.00
2018.05.30 09:02:33.643,0.76131,0.76146,1.00,1.45
2018.05.30 09:02:33.694,0.76129,0.76146,1.00,1.10
2018.05.30 09:02:34.213,0.76128,0.76146,1.00,1.10
2018.05.30 09:02:34.547,0.76128,0.76143,1.00,1.00
2018.05.30 09:02:34.857,0.7613,0.76145,1.00,1.00
2018.05.30 09:02:35.378,0.76128,0.76145,1.00,1.10
2018.05.30 09:02:35.639,0.7613,0.76145,1.00,1.00
2018.05.30 09:02:35.820,0.76127,0.76144,1.50,1.00
2018.05.30 09:02:35.870,0.76129,0.76144,1.00,1.00
2018.05.30 09:02:37.287,0.7613,0.76145,1.00,1.10
2018.05.30 09:02:37.899,0.7613,0.76145,1.00,1.20
2018.05.30 09:02:38.474,0.7613,0.76145,1.00,1.10
2018.05.30 09:02:39.315,0.76129,0.76145,1.00,1.10
2018.05.30 09:02:39.697,0.76128,0.76143,1.00,1.00
2018.05.30 09:02:39.981,0.76129,0.76147,1.00,1.45
2018.05.30 09:02:40.247,0.76127,0.76143,1.00,1.00
2018.05.30 09:02:40.421,0.76124,0.76141,2.32,1.00
2018.05.30 09:02:40.573,0.76127,0.76143,1.00,1.20
2018.05.30 09:02:40.926,0.76127,0.76145,1.00,1.20
2018.05.30 09:02:41.452,0.76128,0.76144,1.00,1.00
2018.05.30 09:02:41.503,0.76127,0.76142,1.00,1.00
2018.05.30 09:02:41.604,0.76126,0.76144,1.00,1.10
2018.05.30 09:02:41.655,0.76127,0.76142,1.00,1.00
2018.05.30 09:02:42.187,0.76126,0.76141,1.00,1.00
2018.05.30 09:02:43.417,0.76124,0.7614,2.25,1.00
2018.05.30 09:02:43.955,0.76125,0.7614,1.00,1.00
2018.05.30 09:02:44.461,0.76126,0.76141,1.00,1.00
2018.05.30 09:02:45.501,0.76126,0.76142,1.00,1.00
2018.05.30 09:02:46.011,0.76126,0.76141,1.00,1.00
2018.05.30 09:02:46.557,0.76127,0.76142,1.00,1.00
2018.05.30 09:02:47.503,0.76126,0.76141,1.00,1.00
2018.05.30 09:02:49.015,0.76125,0.76143,1.00,1.10
2018.05.30 09:02:49.724,0.76126,0.76141,1.00,1.00
2018.05.30 09:02:50.894,0.76131,0.76146,1.00,1.95
2018.05.30 09:02:50.945,0.76131,0.76146,1.00,1.50
2018.05.30 09:02:51.066,0.76133,0.76146,1.00,1.00
2018.05.30 09:02:51.118,0.76135,0.76151,1.00,1.10
2018.05.30 09:02:51.834,0.76135,0.7615,1.00,1.00
2018.05.30 09:02:52.185,0.76133,0.76148,1.00,1.00
2018.05.30 09:02:52.488,0.76138,0.76153,1.00,1.00
2018.05.30 09:02:53.009,0.76137,0.76152,1.00,1.00
2018.05.30 09:02:53.927,0.76136,0.76151,1.00,1.00
2018.05.30 09:02:55.741,0.76137,0.76152,1.00,1.00
2018.05.30 09:02:57.004,0.76136,0.76151,1.00,1.00
2018.05.30 09:02:57.156,0.76134,0.76151,1.00,1.10
2018.05.30 09:02:57.412,0.76136,0.76151,1.00,1.10
2018.05.30 09:02:57.717,0.76134,0.76151,1.00,1.00
2018.05.30 09:02:57.768,0.76134,0.76149,1.00,1.00
2018.05.30 09:02:57.970,0.76135,0.76151,1.00,1.00
2018.05.30 09:02:58.488,0.76134,0.76149,1.00,1.00
2018.05.30 09:02:58.879,0.76135,0.76151,1.00,1.00
2018.05.30 09:02:59.174,0.76137,0.76153,1.00,1.20
2018.05.30 09:02:59.427,0.76138,0.76155,1.00,1.20
2018.05.30 09:02:59.810,0.76141,0.76156,1.00,1.10
2018.05.30 09:03:00.309,0.76143,0.76158,1.00,1.10
2018.05.30 09:03:00.665,0.76143,0.7616,1.00,1.10
2018.05.30 09:03:00.817,0.76141,0.76157,1.50,1.00
2018.05.30 09:03:01.128,0.7614,0.76155,1.00,1.00
2018.05.30 09:03:01.722,0.7614,0.76157,1.00,1.00
2018.05.30 09:03:01.857,0.7614,0.76155,1.00,1.00
2018.05.30 09:03:02.364,0.76141,0.76156,1.00,1.10
2018.05.30 09:03:02.558,0.76141,0.76159,1.00,1.20
2018.05.30 09:03:03.068,0.76141,0.76159,1.00,1.00
2018.05.30 09:03:03.119,0.76141,0.76156,1.00,1.00
2018.05.30 09:03:03.827,0.7614,0.76156,1.00,1.00
2018.05.30 09:03:04.331,0.7614,0.76157,1.00,1.00
2018.05.30 09:03:04.483,0.76141,0.7616,1.00,1.95
2018.05.30 09:03:05.032,0.76142,0.76158,1.00,1.00
2018.05.30 09:03:05.513,0.76144,0.76159,1.00,1.10
2018.05.30 09:03:06.097,0.76143,0.76159,1.00,1.00
2018.05.30 09:03:06.517,0.76141,0.76159,1.00,1.20
2018.05.30 09:03:06.568,0.76143,0.76158,1.00,1.00
2018.05.30 09:03:06.684,0.76143,0.7616,1.00,1.20
2018.05.30 09:03:06.735,0.76145,0.76162,1.00,1.95
2018.05.30 09:03:06.836,0.76147,0.76163,1.00,1.20
2018.05.30 09:03:06.938,0.76144,0.76163,1.00,1.00
2018.05.30 09:03:07.442,0.76143,0.76162,1.00,1.20
2018.05.30 09:03:07.493,0.76145,0.76162,1.00,1.10
2018.05.30 09:03:07.751,0.76142,0.76161,1.50,1.00
2018.05.30 09:03:07.801,0.76144,0.76161,1.00,1.00
2018.05.30 09:03:08.333,0.76145,0.76162,1.00,1.00
2018.05.30 09:03:08.635,0.76145,0.76165,1.50,1.20
2018.05.30 09:03:08.686,0.76147,0.76166,1.00,1.20
2018.05.30 09:03:09.221,0.76146,0.76164,3.00,1.00
2018.05.30 09:03:09.727,0.76147,0.76164,1.00,1.10
2018.05.30 09:03:10.281,0.76146,0.76164,1.50,1.10
2018.05.30 09:03:10.845,0.76146,0.76165,1.00,1.20
2018.05.30 09:03:11.363,0.76147,0.76164,1.00,1.00
2018.05.30 09:03:11.684,0.76147,0.76162,1.00,1.00
2018.05.30 09:03:12.189,0.76148,0.76163,1.00,1.00
2018.05.30 09:03:12.506,0.7615,0.76165,1.00,1.00
2018.05.30 09:03:13.057,0.7615,0.76167,1.00,1.12
2018.05.30 09:03:13.660,0.76151,0.76166,1.00,1.00
2018.05.30 09:03:14.179,0.76151,0.76167,1.00,1.00
2018.05.30 09:03:14.580,0.76148,0.76165,1.57,1.00
2018.05.30 09:03:14.682,0.76146,0.76165,1.57,1.00
2018.05.30 09:03:14.936,0.76148,0.76164,1.00,1.00
2018.05.30 09:03:15.088,0.76146,0.76165,1.50,1.57
2018.05.30 09:03:15.299,0.76148,0.76164,1.00,1.00
2018.05.30 09:03:15.815,0.76149,0.76165,1.00,1.00
2018.05.30 09:03:15.866,0.76147,0.76165,2.25,1.00
2018.05.30 09:03:15.917,0.76149,0.76164,1.00,1.00
2018.05.30 09:03:15.968,0.76149,0.76166,1.00,1.10
2018.05.30 09:03:16.069,0.76147,0.76166,2.25,1.10
2018.05.30 09:03:16.612,0.76148,0.76166,1.00,1.10
2018.05.30 09:03:16.715,0.76147,0.76164,2.25,1.00
2018.05.30 09:03:17.019,0.76146,0.76162,1.00,1.00
2018.05.30 09:03:17.550,0.76146,0.76163,1.00,1.10
2018.05.30 09:03:17.853,0.76146,0.76161,1.00,1.00
2018.05.30 09:03:18.058,0.76146,0.76163,1.00,1.10
2018.05.30 09:03:18.109,0.76146,0.76161,1.00,1.00
2018.05.30 09:03:18.411,0.76148,0.76163,1.00,1.00
2018.05.30 09:03:18.714,0.76146,0.76162,1.00,1.00
2018.05.30 09:03:19.306,0.76147,0.76162,1.00,1.00
2018.05.30 09:03:19.408,0.76147,0.76164,1.00,1.10
2018.05.30 09:03:20.085,0.76148,0.76163,1.00,1.00
2018.05.30 09:03:20.787,0.76148,0.76164,1.00,1.00
2018.05.30 09:03:21.328,0.76147,0.76162,1.00,1.00
2018.05.30 09:03:21.855,0.76146,0.76161,1.00,1.10
2018.05.30 09:03:22.063,0.76144,0.7616,1.00,1.00
2018.05.30 09:03:22.595,0.76143,0.76158,1.00,1.00
2018.05.30 09:03:22.747,0.76141,0.76159,1.50,1.00
2018.05.30 09:03:22.848,0.76144,0.76159,1.00,1.00
2018.05.30 09:03:23.678,0.76144,0.7616,1.00,1.12
2018.05.30 09:03:24.176,0.76143,0.76158,1.00,1.00
2018.05.30 09:03:25.784,0.7614,0.76158,1.00,1.10
2018.05.30 09:03:25.835,0.76142,0.76157,1.00,1.00
2018.05.30 09:03:26.497,0.76141,0.76156,1.00,1.00
2018.05.30 09:03:26.701,0.76139,0.76156,1.00,1.00
2018.05.30 09:03:26.756,0.76139,0.76154,1.00,1.00
2018.05.30 09:03:27.289,0.7614,0.76155,1.00,1.00
2018.05.30 09:03:27.635,0.76138,0.76156,1.50,1.00
2018.05.30 09:03:28.234,0.76139,0.76157,1.00,1.20
2018.05.30 09:03:28.836,0.76141,0.76156,1.00,1.10
2018.05.30 09:03:29.139,0.76147,0.76161,1.00,1.45
2018.05.30 09:03:29.190,0.76147,0.76162,1.00,1.00
2018.05.30 09:03:29.853,0.76146,0.76162,1.00,1.00
2018.05.30 09:03:30.739,0.76147,0.76162,1.00,1.00
2018.05.30 09:03:32.187,0.76148,0.76163,1.00,1.00
2018.05.30 09:03:32.390,0.76146,0.76162,1.00,1.00
2018.05.30 09:03:32.673,0.76148,0.76164,1.00,1.00
2018.05.30 09:03:32.979,0.76147,0.76162,1.00,1.00
2018.05.30 09:03:33.697,0.76146,0.76161,1.00,1.00
2018.05.30 09:03:33.800,0.76146,0.76163,1.00,1.00
2018.05.30 09:03:34.191,0.76148,0.76163,1.00,1.00
2018.05.30 09:03:34.922,0.76147,0.76162,1.00,1.00
2018.05.30 09:03:35.901,0.76146,0.76162,1.00,1.00
2018.05.30 09:03:36.576,0.76152,0.76167,1.00,1.95
2018.05.30 09:03:36.627,0.76152,0.76167,1.00,1.00
2018.05.30 09:03:37.234,0.76153,0.76168,1.00,1.00
2018.05.30 09:03:37.819,0.76154,0.76169,1.00,1.00
2018.05.30 09:03:38.104,0.76155,0.76171,1.00,1.00
2018.05.30 09:03:38.486,0.76154,0.76169,1.00,1.00
2018.05.30 09:03:38.791,0.76155,0.76172,1.00,1.00
2018.05.30 09:03:39.317,0.76155,0.76171,1.00,1.00
2018.05.30 09:03:39.469,0.76157,0.76172,1.00,1.00
2018.05.30 09:03:40.010,0.76157,0.76173,1.00,1.00
2018.05.30 09:03:40.597,0.76157,0.76172,1.00,1.00
2018.05.30 09:03:41.108,0.76157,0.76173,1.00,1.00
2018.05.30 09:03:41.830,0.76158,0.76173,1.00,1.00
2018.05.30 09:03:42.088,0.76158,0.76175,1.00,1.00
2018.05.30 09:03:42.264,0.76158,0.76173,1.00,1.00
2018.05.30 09:03:42.741,0.76158,0.76175,1.00,1.00
2018.05.30 09:03:43.375,0.76158,0.76173,1.00,1.00
2018.05.30 09:03:43.742,0.76159,0.76175,1.00,1.00
2018.05.30 09:03:43.793,0.76157,0.76175,1.00,1.00
2018.05.30 09:03:44.098,0.76158,0.76173,1.00,1.00
2018.05.30 09:03:44.200,0.76157,0.76175,1.00,1.00
2018.05.30 09:03:44.251,0.76157,0.76172,1.00,1.00
2018.05.30 09:03:44.556,0.76154,0.76171,1.50,1.00
2018.05.30 09:03:44.785,0.76153,0.76168,1.00,1.00
2018.05.30 09:03:45.294,0.76152,0.76168,1.00,1.00
2018.05.30 09:03:45.643,0.7615,0.76165,1.00,1.00
2018.05.30 09:03:45.795,0.76148,0.76165,1.00,1.00
2018.05.30 09:03:46.330,0.76149,0.76165,1.00,1.00
2018.05.30 09:03:46.900,0.76148,0.76164,1.00,1.00
2018.05.30 09:03:47.410,0.76148,0.76163,1.00,1.00
2018.05.30 09:03:48.155,0.76148,0.76165,1.00,1.00
2018.05.30 09:03:48.408,0.7615,0.76165,1.00,1.00
2018.05.30 09:03:48.575,0.76153,0.76169,1.00,1.00
2018.05.30 09:03:49.081,0.76152,0.76167,1.00,1.00
2018.05.30 09:03:49.677,0.76151,0.76167,1.00,1.00
2018.05.30 09:03:50.341,0.76151,0.76166,1.00,1.00
2018.05.30 09:03:51.216,0.76149,0.76167,1.00,1.00
2018.05.30 09:03:51.407,0.7615,0.76165,1.00,1.00
2018.05.30 09:03:52.192,0.76148,0.76165,1.00,1.00
2018.05.30 09:03:52.642,0.76147,0.76163,1.00,1.00
2018.05.30 09:03:52.693,0.76145,0.76164,1.00,1.20
2018.05.30 09:03:52.858,0.76145,0.76164,1.00,1.45
2018.05.30 09:03:53.572,0.76145,0.76164,1.00,1.20
2018.05.30 09:03:53.994,0.76146,0.76161,1.00,1.00
2018.05.30 09:03:54.497,0.76144,0.76162,1.00,1.00
2018.05.30 09:03:54.599,0.76146,0.76161,1.00,1.00
2018.05.30 09:03:55.124,0.76147,0.76162,1.00,1.00
2018.05.30 09:03:55.327,0.76148,0.76164,1.00,1.00
2018.05.30 09:03:56.272,0.76148,0.76165,1.00,1.00
2018.05.30 09:03:56.609,0.7615,0.76165,1.00,1.10
2018.05.30 09:03:56.669,0.76148,0.76166,1.00,1.20
2018.05.30 09:03:57.215,0.76148,0.76163,1.00,1.00
2018.05.30 09:03:57.755,0.76147,0.76165,1.00,1.10
2018.05.30 09:03:57.859,0.76148,0.76163,1.00,1.00
2018.05.30 09:03:58.398,0.76146,0.76162,1.00,1.00
2018.05.30 09:03:58.500,0.76147,0.76164,1.00,1.00
2018.05.30 09:03:58.692,0.76147,0.76162,1.00,1.00
2018.05.30 09:03:59.014,0.76151,0.76166,1.00,1.00
2018.05.30 09:03:59.530,0.76151,0.76167,1.00,1.00
2018.05.30 09:04:00.129,0.76152,0.76167,1.00,1.00
2018.05.30 09:04:00.668,0.76151,0.76166,1.00,1.00
2018.05.30 09:04:01.181,0.76152,0.76167,1.00,1.00
2018.05.30 09:04:01.830,0.76151,0.76167,1.00,1.00
2018.05.30 09:04:02.350,0.76152,0.76167,1.00,1.00
2018.05.30 09:04:02.889,0.76152,0.76168,1.00,1.00
2018.05.30 09:04:04.758,0.76152,0.76169,1.00,1.00
2018.05.30 09:04:05.067,0.76151,0.76166,1.00,1.00
2018.05.30 09:04:07.200,0.76151,0.76167,1.00,1.00
2018.05.30 09:04:07.719,0.76152,0.76168,1.00,1.00
2018.05.30 09:04:08.387,0.76153,0.76169,1.00,1.10
2018.05.30 09:04:08.690,0.76151,0.76166,1.00,1.00
2018.05.30 09:04:08.741,0.76149,0.76167,1.00,1.00
2018.05.30 09:04:08.792,0.76149,0.76165,1.00,1.00
2018.05.30 09:04:09.790,0.7615,0.76165,1.00,1.00
2018.05.30 09:04:10.390,0.76149,0.76165,1.00,1.00
2018.05.30 09:04:10.945,0.76149,0.76164,1.00,1.00
2018.05.30 09:04:12.639,0.76148,0.76163,1.00,1.00
2018.05.30 09:04:12.790,0.76146,0.76164,1.00,1.00
2018.05.30 09:04:13.295,0.76147,0.76164,1.00,1.00
2018.05.30 09:04:13.548,0.76151,0.76166,1.00,1.20
2018.05.30 09:04:13.649,0.76152,0.76167,1.00,1.00
2018.05.30 09:04:16.617,0.76151,0.76166,1.00,1.00
2018.05.30 09:04:17.266,0.76152,0.76167,1.00,1.00
2018.05.30 09:04:17.587,0.76151,0.76169,1.00,1.00
2018.05.30 09:04:17.689,0.76152,0.76167,1.00,1.00
2018.05.30 09:04:17.996,0.76149,0.76165,1.00,1.10
2018.05.30 09:04:18.049,0.76148,0.76163,1.00,1.00
2018.05.30 09:04:18.504,0.76145,0.76163,1.00,1.00
2018.05.30 09:04:19.038,0.76145,0.76162,1.00,1.00
2018.05.30 09:04:19.917,0.76145,0.7616,1.00,1.00
2018.05.30 09:04:19.969,0.76142,0.7616,1.00,1.00
2018.05.30 09:04:20.020,0.76144,0.76159,1.00,1.00
2018.05.30 09:04:21.137,0.76145,0.7616,1.00,1.00
2018.05.30 09:04:24.162,0.76143,0.76161,1.00,1.57
2018.05.30 09:04:24.765,0.76144,0.76161,1.00,1.00
2018.05.30 09:04:25.222,0.76146,0.76161,1.00,1.00
2018.05.30 09:04:27.170,0.76142,0.76157,1.00,1.00
2018.05.30 09:04:27.300,0.76142,0.76159,1.00,1.00
2018.05.30 09:04:27.828,0.76143,0.76158,1.00,1.00
2018.05.30 09:04:28.423,0.76142,0.76157,1.00,1.00
2018.05.30 09:04:28.677,0.76143,0.76159,1.00,1.00
2018.05.30 09:04:28.862,0.76142,0.76157,1.00,1.00
2018.05.30 09:04:29.269,0.76143,0.76159,1.00,1.00
2018.05.30 09:04:29.795,0.76143,0.76158,1.00,1.00
2018.05.30 09:04:29.897,0.76141,0.7616,1.00,1.50
2018.05.30 09:04:29.999,0.76142,0.76157,1.00,1.00
2018.05.30 09:04:30.551,0.76141,0.76156,1.00,1.00
2018.05.30 09:04:31.269,0.76142,0.76157,1.00,1.00
2018.05.30 09:04:31.331,0.76142,0.76159,1.00,1.00
2018.05.30 09:04:31.722,0.76144,0.76159,1.00,1.00
2018.05.30 09:04:34.117,0.76145,0.7616,1.00,1.00
2018.05.30 09:04:34.626,0.76144,0.7616,1.00,1.00
2018.05.30 09:04:35.525,0.76143,0.76158,1.00,1.00
2018.05.30 09:04:35.627,0.7614,0.76157,1.07,1.00
2018.05.30 09:04:35.781,0.76139,0.76156,1.10,1.00
2018.05.30 09:04:35.966,0.76141,0.76156,1.00,1.00
2018.05.30 09:04:36.472,0.76138,0.76155,1.20,1.00
2018.05.30 09:04:36.961,0.76137,0.76155,1.10,1.00
2018.05.30 09:04:37.881,0.76139,0.76154,1.00,1.00
2018.05.30 09:04:37.933,0.76137,0.76155,1.10,1.00
2018.05.30 09:04:38.851,0.76139,0.76154,1.00,1.00
2018.05.30 09:04:39.855,0.76138,0.76154,1.00,1.00
2018.05.30 09:04:40.368,0.76138,0.76153,1.00,1.00
2018.05.30 09:04:40.904,0.76138,0.76154,1.00,1.00
2018.05.30 09:04:41.226,0.76136,0.76151,1.00,1.00
2018.05.30 09:04:41.728,0.76137,0.76152,1.00,1.00
2018.05.30 09:04:42.166,0.76135,0.76151,1.00,1.00
2018.05.30 09:04:42.766,0.76136,0.76152,1.00,1.00
2018.05.30 09:04:42.953,0.76137,0.76154,1.00,1.57
2018.05.30 09:04:43.652,0.76138,0.76154,1.00,1.50
2018.05.30 09:04:47.279,0.76138,0.76153,1.00,1.00
2018.05.30 09:04:49.521,0.76137,0.76153,1.00,1.00
2018.05.30 09:04:50.071,0.76137,0.76152,1.00,1.00
2018.05.30 09:04:50.494,0.76135,0.7615,1.00,1.00
2018.05.30 09:04:51.239,0.76134,0.76149,1.00,1.00
2018.05.30 09:04:51.528,0.76134,0.76152,1.00,2.70
2018.05.30 09:04:52.213,0.76133,0.7615,1.00,1.00
2018.05.30 09:04:52.520,0.76135,0.76151,1.00,1.00
2018.05.30 09:04:52.572,0.76135,0.76153,1.00,1.57
2018.05.30 09:04:52.623,0.76137,0.76153,1.00,1.10
2018.05.30 09:04:52.673,0.76135,0.76153,1.00,1.00
2018.05.30 09:04:53.202,0.76135,0.76152,1.00,1.00
2018.05.30 09:04:54.366,0.76135,0.76151,1.00,1.00
2018.05.30 09:04:57.159,0.76133,0.76151,1.00,1.00
2018.05.30 09:04:57.351,0.76132,0.76147,1.00,1.00
2018.05.30 09:04:58.186,0.76132,0.76148,1.00,1.00
2018.05.30 09:04:58.737,0.76133,0.76149,1.00,1.00
2018.05.30 09:04:59.260,0.76131,0.76147,1.00,1.00
2018.05.30 09:04:59.362,0.76132,0.76151,1.00,2.70
2018.05.30 09:05:00.214,0.76132,0.76148,1.00,1.00
2018.05.30 09:05:00.754,0.76131,0.76149,1.00,1.00
2018.05.30 09:05:01.487,0.76132,0.76148,1.00,1.00
2018.05.30 09:05:02.050,0.76133,0.76148,1.00,1.00
2018.05.30 09:05:02.570,0.76132,0.76147,1.00,1.00
2018.05.30 09:05:03.126,0.76132,0.76149,1.00,1.10
2018.05.30 09:05:03.519,0.76134,0.76149,1.00,1.00
2018.05.30 09:05:04.079,0.76132,0.76149,1.00,1.00
2018.05.30 09:05:04.621,0.76133,0.76149,1.00,1.00
2018.05.30 09:05:05.274,0.76134,0.7615,1.00,1.00
2018.05.30 09:05:05.509,0.76133,0.76148,1.00,1.00
2018.05.30 09:05:05.979,0.76134,0.7615,1.00,1.00
2018.05.30 09:05:06.202,0.76133,0.76148,1.00,1.00
2018.05.30 09:05:06.476,0.76133,0.76151,1.00,1.10
2018.05.30 09:05:06.822,0.76132,0.76149,1.00,1.00
2018.05.30 09:05:07.163,0.76132,0.76151,1.00,1.10
2018.05.30 09:05:07.333,0.76133,0.76148,1.00,1.00
2018.05.30 09:05:07.930,0.76133,0.76149,1.00,1.00
2018.05.30 09:05:08.431,0.76132,0.76147,1.00,1.00
2018.05.30 09:05:08.667,0.76133,0.76149,1.00,1.00
2018.05.30 09:05:09.063,0.76131,0.76148,1.00,1.00
2018.05.30 09:05:09.215,0.76133,0.76149,1.00,1.00
2018.05.30 09:05:10.132,0.76132,0.76147,1.00,1.00
2018.05.30 09:05:10.731,0.76132,0.76146,1.00,1.00
2018.05.30 09:05:11.242,0.76131,0.76147,1.00,1.00
2018.05.30 09:05:11.701,0.7613,0.76145,1.00,1.00
2018.05.30 09:05:11.932,0.7612,0.76138,1.00,1.10
2018.05.30 09:05:12.085,0.7612,0.76136,1.00,1.00
2018.05.30 09:05:12.607,0.76119,0.76137,1.00,1.10
2018.05.30 09:05:12.910,0.76122,0.76137,1.00,1.10
2018.05.30 09:05:13.436,0.76121,0.76136,1.00,1.00
2018.05.30 09:05:14.064,0.7612,0.76135,1.00,1.00
2018.05.30 09:05:14.582,0.76121,0.76136,1.00,1.00
2018.05.30 09:05:15.697,0.76119,0.76137,1.00,1.10
2018.05.30 09:05:15.825,0.7612,0.76135,1.00,1.00
2018.05.30 09:05:16.018,0.76121,0.76137,1.00,1.10
2018.05.30 09:05:16.119,0.76119,0.76136,1.00,1.00
2018.05.30 09:05:16.206,0.76121,0.76136,1.00,1.00
2018.05.30 09:05:16.830,0.76121,0.76135,1.00,1.00
2018.05.30 09:05:17.388,0.7612,0.76137,1.00,1.10
2018.05.30 09:05:17.925,0.76121,0.76136,1.00,1.00
2018.05.30 09:05:18.153,0.76121,0.76138,1.00,1.10
2018.05.30 09:05:18.254,0.76124,0.76139,1.00,1.00
2018.05.30 09:05:18.305,0.76122,0.7614,1.00,1.10
2018.05.30 09:05:18.408,0.76121,0.76138,1.00,1.00
2018.05.30 09:05:18.647,0.76116,0.76137,1.95,1.00
2018.05.30 09:05:18.698,0.76116,0.76137,2.32,1.10
2018.05.30 09:05:18.749,0.76118,0.76137,1.00,1.10
2018.05.30 09:05:18.854,0.76119,0.76139,1.10,1.00
2018.05.30 09:05:18.906,0.7612,0.76137,1.00,1.00
2018.05.30 09:05:19.423,0.76121,0.76135,1.00,1.00
2018.05.30 09:05:19.474,0.7612,0.76138,1.00,1.00
2018.05.30 09:05:20.006,0.76121,0.76137,1.00,1.00
2018.05.30 09:05:20.467,0.7612,0.76135,1.00,1.00
2018.05.30 09:05:20.771,0.76118,0.76133,1.10,1.00
2018.05.30 09:05:21.011,0.76117,0.76135,1.10,1.00
2018.05.30 09:05:21.062,0.76117,0.76133,1.00,1.00
2018.05.30 09:05:22.970,0.76118,0.76133,1.00,1.00
2018.05.30 09:05:23.333,0.76117,0.76131,1.00,1.00
2018.05.30 09:05:24.005,0.76117,0.76134,1.00,1.00
2018.05.30 09:05:25.006,0.76117,0.76132,1.00,1.00
2018.05.30 09:05:25.573,0.76118,0.76132,1.00,1.00
2018.05.30 09:05:26.245,0.76117,0.76132,1.00,1.00
2018.05.30 09:05:26.973,0.76116,0.76133,1.00,1.00
2018.05.30 09:05:27.371,0.76118,0.76132,1.00,1.00
2018.05.30 09:05:27.523,0.76117,0.76134,1.00,1.12
2018.05.30 09:05:27.849,0.76117,0.76132,1.00,1.00
2018.05.30 09:05:28.220,0.76116,0.76135,1.00,2.62
2018.05.30 09:05:28.455,0.76117,0.76132,1.00,1.00
2018.05.30 09:05:28.785,0.76117,0.76134,1.00,1.12
2018.05.30 09:05:29.160,0.76117,0.76132,1.00,1.00
2018.05.30 09:05:29.665,0.76116,0.76131,1.00,1.00
2018.05.30 09:05:30.321,0.76117,0.76132,1.00,1.00
2018.05.30 09:05:30.372,0.76115,0.76132,1.00,1.00
2018.05.30 09:05:31.031,0.76117,0.76132,1.00,1.00
2018.05.30 09:05:31.591,0.76117,0.76131,1.00,1.00
2018.05.30 09:05:34.726,0.76116,0.76131,1.00,1.00
2018.05.30 09:05:37.428,0.76116,0.76133,1.00,1.00
2018.05.30 09:05:37.530,0.76118,0.76133,1.00,1.00
2018.05.30 09:05:42.136,0.76119,0.76134,1.00,1.00
2018.05.30 09:05:42.481,0.76121,0.76136,1.00,1.00
2018.05.30 09:05:44.227,0.76123,0.76138,1.00,1.00
2018.05.30 09:05:44.980,0.76124,0.7614,1.00,1.00
2018.05.30 09:05:45.495,0.76125,0.7614,1.00,1.00
2018.05.30 09:05:45.886,0.76125,0.76142,1.00,1.00
2018.05.30 09:05:46.090,0.76127,0.76141,1.00,1.00
2018.05.30 09:05:46.196,0.76127,0.76143,1.00,1.00
2018.05.30 09:05:46.606,0.7613,0.76145,1.00,1.00
2018.05.30 09:05:47.138,0.76131,0.76146,1.00,1.00
2018.05.30 09:05:47.658,0.76132,0.76147,1.00,1.00
2018.05.30 09:05:48.248,0.76132,0.76146,1.00,1.00
2018.05.30 09:05:48.777,0.76131,0.76146,1.00,1.00
2018.05.30 09:05:49.344,0.76131,0.76148,1.00,1.00
2018.05.30 09:05:49.891,0.76132,0.76147,1.00,1.00
2018.05.30 09:05:50.824,0.7613,0.76147,1.00,1.00
2018.05.30 09:05:51.438,0.76131,0.76148,1.00,1.00
2018.05.30 09:05:51.632,0.76131,0.76146,1.00,1.00
2018.05.30 09:05:52.241,0.7613,0.76145,1.00,1.00
2018.05.30 09:05:56.356,0.76131,0.76145,1.00,1.00
2018.05.30 09:05:56.561,0.76132,0.76147,1.00,1.00
2018.05.30 09:05:57.195,0.76131,0.76146,1.00,1.00
2018.05.30 09:05:58.931,0.76132,0.76146,1.00,1.00
2018.05.30 09:05:59.370,0.76129,0.76144,1.00,1.00
2018.05.30 09:06:00.620,0.7613,0.76145,1.00,1.00
2018.05.30 09:06:01.473,0.76129,0.76144,1.00,1.00
2018.05.30 09:06:02.163,0.7613,0.76145,1.00,1.00
2018.05.30 09:06:02.690,0.76129,0.76144,1.00,1.00
2018.05.30 09:06:03.915,0.76127,0.76144,1.00,1.00
2018.05.30 09:06:03.968,0.76127,0.76142,1.00,1.00
2018.05.30 09:06:04.266,0.76128,0.76144,1.00,1.00
2018.05.30 09:06:04.434,0.76127,0.76142,1.00,1.00
2018.05.30 09:06:04.896,0.7613,0.76145,1.00,1.00
2018.05.30 09:06:05.401,0.7613,0.76144,1.00,1.00
2018.05.30 09:06:05.951,0.76129,0.76144,1.00,1.00
2018.05.30 09:06:08.362,0.7613,0.76144,1.00,1.00
2018.05.30 09:06:08.882,0.76131,0.76145,1.00,1.00
2018.05.30 09:06:09.035,0.76129,0.76144,1.00,1.00
2018.05.30 09:06:09.607,0.76129,0.76146,1.00,1.00
2018.05.30 09:06:09.870,0.76129,0.76144,1.00,1.00
2018.05.30 09:06:11.333,0.7613,0.76145,1.00,1.00
2018.05.30 09:06:11.820,0.76135,0.7615,1.00,1.50
2018.05.30 09:06:12.524,0.76136,0.76151,1.00,1.00
2018.05.30 09:06:13.506,0.76136,0.7615,1.00,1.00
2018.05.30 09:06:13.737,0.76136,0.76152,1.00,1.00
2018.05.30 09:06:14.579,0.76136,0.76151,1.00,1.00
2018.05.30 09:06:16.420,0.76135,0.76151,1.00,1.00
2018.05.30 09:06:16.608,0.76137,0.76151,1.00,1.00
2018.05.30 09:06:18.934,0.76135,0.76152,1.00,1.00
2018.05.30 09:06:19.384,0.76135,0.7615,1.00,1.00
2018.05.30 09:06:20.202,0.76136,0.76151,1.00,1.50
2018.05.30 09:06:20.786,0.76133,0.76148,1.00,1.00
2018.05.30 09:06:21.093,0.7613,0.76144,1.00,1.00
2018.05.30 09:06:21.492,0.76131,0.76146,1.00,1.00
2018.05.30 09:06:22.670,0.7613,0.76145,1.00,1.00
2018.05.30 09:06:25.593,0.76131,0.76146,1.00,1.00
2018.05.30 09:06:25.876,0.76129,0.76143,1.00,1.00
2018.05.30 09:06:25.977,0.76126,0.76143,1.57,1.00
2018.05.30 09:06:26.311,0.76126,0.76141,1.00,1.00
2018.05.30 09:06:27.544,0.76127,0.76142,1.00,1.00
2018.05.30 09:06:27.954,0.76128,0.76144,1.00,1.00
2018.05.30 09:06:28.055,0.76125,0.7614,1.00,1.00
2018.05.30 09:06:28.553,0.76123,0.76138,1.00,1.00
2018.05.30 09:06:29.557,0.76124,0.76141,1.00,1.00
2018.05.30 09:06:29.781,0.76124,0.76139,1.00,1.00
2018.05.30 09:06:30.776,0.76125,0.7614,1.00,1.00
2018.05.30 09:06:30.827,0.76126,0.76142,1.00,1.00
2018.05.30 09:06:31.483,0.76126,0.76141,1.00,1.00
2018.05.30 09:06:31.800,0.76124,0.76139,1.00,1.00
2018.05.30 09:06:32.199,0.76122,0.76136,1.00,1.00
2018.05.30 09:06:32.806,0.76122,0.76137,1.00,1.00
2018.05.30 09:06:33.360,0.76123,0.76138,1.00,1.00
2018.05.30 09:06:33.915,0.76124,0.76138,1.00,1.00
2018.05.30 09:06:34.083,0.76123,0.7614,1.00,1.00
2018.05.30 09:06:35.326,0.76125,0.7614,1.00,1.00
2018.05.30 09:06:35.858,0.76124,0.76139,1.00,1.00
2018.05.30 09:06:36.438,0.76122,0.76139,1.00,1.00
2018.05.30 09:06:39.572,0.76122,0.76138,1.00,1.00
2018.05.30 09:06:40.181,0.76122,0.76139,1.00,1.50
2018.05.30 09:06:40.880,0.76122,0.76137,1.00,1.00
2018.05.30 09:06:41.582,0.76121,0.76137,1.00,1.00
2018.05.30 09:06:44.464,0.7612,0.76137,1.00,1.00
2018.05.30 09:06:47.083,0.76121,0.76138,1.00,1.00
2018.05.30 09:06:47.464,0.76123,0.7614,1.00,1.10
2018.05.30 09:06:47.822,0.76121,0.76139,1.10,1.00
2018.05.30 09:06:47.879,0.76122,0.76137,1.00,1.00
2018.05.30 09:06:48.083,0.76119,0.76137,1.00,1.00
2018.05.30 09:06:48.692,0.76121,0.76136,1.00,1.00
2018.05.30 09:06:48.743,0.76119,0.76136,1.00,1.00
2018.05.30 09:06:48.824,0.76121,0.76136,1.00,1.00
2018.05.30 09:06:49.700,0.76122,0.76137,1.00,1.00
2018.05.30 09:06:49.851,0.7612,0.76137,1.00,1.00
2018.05.30 09:06:52.140,0.76119,0.76137,1.00,1.00
2018.05.30 09:06:52.192,0.76119,0.76135,1.00,1.00
2018.05.30 09:06:52.496,0.76118,0.76133,1.00,1.00
2018.05.30 09:06:52.548,0.76116,0.76134,1.00,1.00
2018.05.30 09:06:53.058,0.76115,0.76134,1.10,1.00
2018.05.30 09:06:53.109,0.76117,0.76134,1.00,1.00
2018.05.30 09:06:53.429,0.76119,0.76137,1.00,1.50
2018.05.30 09:06:53.676,0.76121,0.76136,1.00,1.00
2018.05.30 09:06:55.434,0.76122,0.76137,1.00,1.00
2018.05.30 09:06:55.737,0.76118,0.76133,1.00,1.00
2018.05.30 09:06:56.073,0.76116,0.76131,1.00,1.00
2018.05.30 09:06:56.670,0.76115,0.76131,1.00,1.00
2018.05.30 09:06:57.247,0.76114,0.76131,1.00,1.00
2018.05.30 09:06:58.060,0.76114,0.76129,1.00,1.00
2018.05.30 09:06:58.217,0.76114,0.76132,1.00,1.07
2018.05.30 09:06:58.572,0.76116,0.76131,1.00,1.10
2018.05.30 09:06:59.105,0.76117,0.76132,1.00,1.00
2018.05.30 09:06:59.258,0.76115,0.76132,1.00,1.00
2018.05.30 09:06:59.861,0.76115,0.76132,1.00,1.57
2018.05.30 09:07:00.411,0.76114,0.76129,1.00,1.00
2018.05.30 09:07:01.049,0.76114,0.7613,1.00,1.10
2018.05.30 09:07:01.756,0.76114,0.7613,1.00,1.07
2018.05.30 09:07:01.807,0.76112,0.7613,1.00,1.57
2018.05.30 09:07:01.974,0.76109,0.76126,1.00,1.00
2018.05.30 09:07:02.286,0.76108,0.76123,1.00,1.00
2018.05.30 09:07:02.348,0.76108,0.76125,1.00,1.00
2018.05.30 09:07:04.567,0.76108,0.76123,1.00,1.00
2018.05.30 09:07:04.618,0.76106,0.76124,1.50,1.00
2018.05.30 09:07:06.430,0.76108,0.76123,1.00,1.00
2018.05.30 09:07:06.949,0.76106,0.76122,1.00,1.00
2018.05.30 09:07:07.477,0.76107,0.76122,1.00,1.00
2018.05.30 09:07:08.144,0.76104,0.76122,1.50,1.10
2018.05.30 09:07:08.818,0.76105,0.76122,1.00,1.10
2018.05.30 09:07:09.385,0.76106,0.76123,1.00,1.00
2018.05.30 09:07:10.170,0.76107,0.76124,1.00,1.10
2018.05.30 09:07:10.323,0.76109,0.76124,1.00,1.10
2018.05.30 09:07:10.751,0.7611,0.76126,1.00,1.57
2018.05.30 09:07:11.167,0.76109,0.76124,1.00,1.00
2018.05.30 09:07:11.271,0.76108,0.76126,1.00,2.32
2018.05.30 09:07:11.322,0.76107,0.76122,1.00,1.00
2018.05.30 09:07:12.191,0.76108,0.76123,1.00,1.57
2018.05.30 09:07:12.242,0.76106,0.76123,1.00,1.57
2018.05.30 09:07:12.343,0.76108,0.76123,1.00,1.50
2018.05.30 09:07:12.707,0.76106,0.76123,1.00,1.10
2018.05.30 09:07:12.970,0.76108,0.76123,1.00,2.32
2018.05.30 09:07:13.560,0.76109,0.76123,1.00,1.00
2018.05.30 09:07:13.786,0.76107,0.76123,1.00,1.00
2018.05.30 09:07:14.099,0.76109,0.76123,1.00,1.00
2018.05.30 09:07:15.067,0.76103,0.76123,1.05,1.00
2018.05.30 09:07:15.424,0.76107,0.76123,1.00,1.10
2018.05.30 09:07:15.953,0.76108,0.76123,1.00,1.50
2018.05.30 09:07:17.424,0.76107,0.76123,1.00,1.00
2018.05.30 09:07:17.958,0.76107,0.76122,1.00,1.00
2018.05.30 09:07:18.512,0.76106,0.76121,1.00,1.00
2018.05.30 09:07:20.033,0.76106,0.76123,1.00,1.57
2018.05.30 09:07:20.136,0.76106,0.76121,1.00,1.00
2018.05.30 09:07:20.663,0.76106,0.76123,1.00,1.07
2018.05.30 09:07:21.207,0.76106,0.76121,1.00,1.00
2018.05.30 09:07:21.310,0.76107,0.76123,1.00,1.10
2018.05.30 09:07:21.439,0.76105,0.76122,1.00,1.10
2018.05.30 09:07:21.865,0.76108,0.76124,1.00,1.20
2018.05.30 09:07:23.295,0.76108,0.76124,1.00,1.10
2018.05.30 09:07:23.900,0.76109,0.76125,1.00,1.57
2018.05.30 09:07:24.455,0.7611,0.76126,1.00,1.07
2018.05.30 09:07:25.094,0.76109,0.76125,1.00,1.00
2018.05.30 09:07:25.673,0.76108,0.76126,1.00,1.10
2018.05.30 09:07:25.977,0.76105,0.76121,1.00,1.10
2018.05.30 09:07:26.549,0.76103,0.76121,1.00,1.20
2018.05.30 09:07:27.100,0.76104,0.7612,1.00,1.20
2018.05.30 09:07:28.265,0.76103,0.76119,1.00,1.10
2018.05.30 09:07:28.982,0.76102,0.76117,1.00,1.00
2018.05.30 09:07:29.162,0.761,0.76117,1.00,1.00
2018.05.30 09:07:30.037,0.761,0.76117,1.00,1.07
2018.05.30 09:07:31.122,0.76101,0.76116,1.00,1.10
2018.05.30 09:07:31.414,0.76099,0.76115,1.00,1.10
2018.05.30 09:07:31.856,0.76098,0.76113,1.00,1.00
2018.05.30 09:07:32.201,0.761,0.76116,1.00,1.10
2018.05.30 09:07:32.578,0.76098,0.76117,1.00,1.20
2018.05.30 09:07:33.038,0.761,0.76116,1.00,1.20
2018.05.30 09:07:33.190,0.76098,0.76117,1.00,1.45
2018.05.30 09:07:33.554,0.761,0.76116,1.00,1.07
2018.05.30 09:07:33.812,0.76098,0.76117,1.00,1.20
2018.05.30 09:07:33.863,0.761,0.76116,1.00,1.07
2018.05.30 09:07:34.365,0.76099,0.76117,1.00,1.20
2018.05.30 09:07:34.685,0.76101,0.76116,1.00,1.10
2018.05.30 09:07:35.020,0.76099,0.76116,1.00,1.07
2018.05.30 09:07:35.271,0.76101,0.76116,1.00,1.20
2018.05.30 09:07:36.039,0.76101,0.76116,1.00,1.10
2018.05.30 09:07:38.635,0.761,0.76115,1.00,1.00
2018.05.30 09:07:39.745,0.76101,0.76116,1.00,1.00
2018.05.30 09:07:40.056,0.76099,0.76115,1.00,1.07
2018.05.30 09:07:40.114,0.76097,0.76114,1.00,1.10
2018.05.30 09:07:40.215,0.76099,0.76115,1.00,1.07
2018.05.30 09:07:40.280,0.76097,0.76114,1.00,1.10
2018.05.30 09:07:40.406,0.76099,0.76115,1.00,1.07
2018.05.30 09:07:40.913,0.76098,0.76115,1.00,1.20
2018.05.30 09:07:41.666,0.76098,0.76115,1.00,1.20
2018.05.30 09:07:42.245,0.76098,0.76115,1.00,1.20
2018.05.30 09:07:42.588,0.76097,0.76112,1.00,1.00
2018.05.30 09:07:44.246,0.76096,0.76112,1.00,1.00
2018.05.30 09:07:45.219,0.76097,0.76112,1.00,1.00
2018.05.30 09:07:45.745,0.76096,0.76111,1.00,1.00
2018.05.30 09:07:47.145,0.76096,0.76113,1.00,1.07
2018.05.30 09:07:47.666,0.76097,0.76112,1.00,1.00
2018.05.30 09:07:50.782,0.76095,0.76113,1.00,1.10
2018.05.30 09:07:52.164,0.76096,0.76111,1.00,1.00
2018.05.30 09:07:53.160,0.76095,0.76111,1.00,1.00
2018.05.30 09:07:53.710,0.76095,0.7611,1.00,1.10
2018.05.30 09:07:54.077,0.76093,0.76109,1.00,1.00
2018.05.30 09:07:54.128,0.76093,0.76107,1.00,1.00
2018.05.30 09:07:54.180,0.76092,0.76109,1.00,1.00
2018.05.30 09:07:54.730,0.76092,0.76108,1.00,1.00
2018.05.30 09:07:56.094,0.76094,0.76108,1.00,1.00
2018.05.30 09:07:58.316,0.76092,0.76108,1.00,1.00
2018.05.30 09:07:58.418,0.7609,0.76104,1.00,1.00
2018.05.30 09:07:58.945,0.76088,0.76104,1.00,1.00
2018.05.30 09:08:02.600,0.76088,0.76103,1.00,1.00
2018.05.30 09:08:03.241,0.76089,0.76103,1.00,1.00
2018.05.30 09:08:04.918,0.76092,0.76108,1.00,1.20
2018.05.30 09:08:05.349,0.7609,0.76104,1.00,1.00
2018.05.30 09:08:05.451,0.76088,0.76104,1.00,1.00
2018.05.30 09:08:05.630,0.76091,0.76105,1.00,1.10
2018.05.30 09:08:05.732,0.7609,0.76108,1.00,1.20
2018.05.30 09:08:05.783,0.7609,0.76104,1.00,1.00
2018.05.30 09:08:06.264,0.76087,0.76103,1.00,1.00
2018.05.30 09:08:08.474,0.76087,0.76101,1.00,1.00
2018.05.30 09:08:09.021,0.76088,0.76102,1.00,1.00
2018.05.30 09:08:09.729,0.76087,0.76101,1.00,1.00
2018.05.30 09:08:10.391,0.76086,0.761,1.00,1.00
2018.05.30 09:08:10.977,0.76087,0.76101,1.00,1.00
2018.05.30 09:08:15.185,0.76086,0.761,1.00,1.00
2018.05.30 09:08:15.337,0.76087,0.76102,1.00,1.00
2018.05.30 09:08:15.388,0.76084,0.76099,2.10,1.00
2018.05.30 09:08:15.841,0.76083,0.76097,1.00,1.00
2018.05.30 09:08:17.033,0.76082,0.76097,1.00,1.00
2018.05.30 09:08:17.362,0.76078,0.76092,1.00,1.00
2018.05.30 09:08:17.969,0.76077,0.76091,1.00,1.00
2018.05.30 09:08:18.072,0.76075,0.76091,1.00,1.00
2018.05.30 09:08:18.265,0.76075,0.76089,1.00,1.00
2018.05.30 09:08:18.818,0.76074,0.76088,1.00,1.00
2018.05.30 09:08:21.070,0.76072,0.76087,1.00,1.00
2018.05.30 09:08:21.121,0.7607,0.76087,1.00,1.00
2018.05.30 09:08:21.171,0.76071,0.76085,1.00,1.00
2018.05.30 09:08:21.707,0.7607,0.76085,1.00,1.00
2018.05.30 09:08:22.237,0.7607,0.76086,1.00,1.00
2018.05.30 09:08:23.734,0.76072,0.76086,1.00,1.00
2018.05.30 09:08:23.787,0.7607,0.76085,1.00,1.00
2018.05.30 09:08:24.775,0.7607,0.76086,1.00,1.00
2018.05.30 09:08:25.332,0.7607,0.76085,1.00,1.00
2018.05.30 09:08:25.914,0.76071,0.76085,1.00,1.00
2018.05.30 09:08:27.583,0.76073,0.76087,1.00,1.10
2018.05.30 09:08:27.634,0.76073,0.76089,1.00,1.10
2018.05.30 09:08:27.945,0.76075,0.76089,1.00,1.00
2018.05.30 09:08:28.352,0.76077,0.76091,1.00,1.00
2018.05.30 09:08:28.693,0.76081,0.76095,1.00,1.00
2018.05.30 09:08:28.917,0.76081,0.76097,1.00,1.10
2018.05.30 09:08:31.542,0.76083,0.76097,1.00,1.00
2018.05.30 09:08:32.066,0.76082,0.76097,1.00,1.00
2018.05.30 09:08:32.720,0.76082,0.76096,1.00,1.00
2018.05.30 09:08:33.051,0.76083,0.76098,1.00,1.00
2018.05.30 09:08:33.102,0.76082,0.76096,1.00,1.00
2018.05.30 09:08:33.643,0.76084,0.76099,1.00,1.10
2018.05.30 09:08:33.794,0.76086,0.761,1.00,1.00
2018.05.30 09:08:34.371,0.76087,0.76101,1.00,1.00
2018.05.30 09:08:35.208,0.76086,0.761,1.00,1.00
2018.05.30 09:08:35.530,0.76088,0.76104,1.00,1.10
2018.05.30 09:08:35.910,0.76086,0.76102,1.00,1.00
2018.05.30 09:08:36.265,0.76084,0.76098,1.00,1.00
2018.05.30 09:08:36.696,0.76085,0.761,1.00,1.00
2018.05.30 09:08:37.001,0.76087,0.76101,1.00,1.00
2018.05.30 09:08:37.959,0.76086,0.761,1.00,1.00
2018.05.30 09:08:38.010,0.76083,0.761,1.00,1.00
2018.05.30 09:08:38.061,0.76084,0.76098,1.00,1.00
2018.05.30 09:08:38.112,0.76085,0.76101,1.00,1.57
2018.05.30 09:08:38.272,0.76087,0.76101,1.00,1.50
2018.05.30 09:08:40.246,0.76085,0.76102,1.00,1.00
2018.05.30 09:08:41.470,0.76087,0.76101,1.00,1.00
2018.05.30 09:08:42.200,0.76086,0.76101,1.00,1.00
2018.05.30 09:08:43.315,0.76086,0.76102,1.00,1.00
2018.05.30 09:08:44.967,0.76081,0.76102,1.57,1.00
2018.05.30 09:08:45.179,0.76086,0.76101,1.00,1.00
2018.05.30 09:08:46.222,0.76087,0.76103,1.00,1.57
2018.05.30 09:08:46.273,0.76087,0.76101,1.00,1.00
2018.05.30 09:08:46.796,0.76086,0.761,1.00,1.00
2018.05.30 09:08:46.847,0.76087,0.76103,1.00,1.10
2018.05.30 09:08:46.947,0.76087,0.76101,1.00,1.00
2018.05.30 09:08:47.356,0.76085,0.76099,1.00,1.00
2018.05.30 09:08:47.788,0.76085,0.76101,1.00,1.00
2018.05.30 09:08:50.494,0.76084,0.76098,1.00,1.00
2018.05.30 09:08:51.532,0.76083,0.76097,1.00,1.00
2018.05.30 09:08:52.222,0.76084,0.76098,1.00,1.00
2018.05.30 09:08:54.506,0.76084,0.76099,1.00,1.00
2018.05.30 09:08:54.904,0.76086,0.76101,1.00,1.00
2018.05.30 09:08:55.212,0.76088,0.76104,1.00,1.10
2018.05.30 09:08:55.313,0.7609,0.76104,1.00,1.10
2018.05.30 09:08:58.796,0.76089,0.76103,1.00,1.00
2018.05.30 09:09:01.299,0.76088,0.76102,1.00,1.00
2018.05.30 09:09:01.778,0.76086,0.761,1.00,1.00
2018.05.30 09:09:01.965,0.76084,0.76099,1.00,1.00
2018.05.30 09:09:02.067,0.76083,0.76097,1.00,1.00
2018.05.30 09:09:02.653,0.76084,0.76098,1.00,1.00
2018.05.30 09:09:03.206,0.76083,0.76097,1.00,1.00
2018.05.30 09:09:05.318,0.76083,0.76098,1.00,1.00
2018.05.30 09:09:05.623,0.76085,0.76099,1.00,1.00
2018.05.30 09:09:07.573,0.76086,0.761,1.00,1.00
2018.05.30 09:09:07.624,0.76086,0.76102,1.00,1.10
2018.05.30 09:09:21.351,0.76087,0.76102,1.00,1.00
2018.05.30 09:09:21.962,0.76088,0.76102,1.00,1.00
2018.05.30 09:09:23.587,0.76087,0.76101,1.00,1.00
2018.05.30 09:09:24.392,0.76088,0.76102,1.00,1.00
2018.05.30 09:09:29.623,0.76087,0.76101,1.00,1.00
2018.05.30 09:09:30.167,0.76087,0.76102,1.00,1.00
2018.05.30 09:09:30.475,0.76091,0.76106,1.00,1.57
2018.05.30 09:09:31.076,0.76091,0.76107,1.00,1.10
2018.05.30 09:09:32.627,0.76092,0.76107,1.00,1.00
2018.05.30 09:09:32.932,0.76093,0.7611,1.00,1.10
2018.05.30 09:09:33.512,0.76092,0.7611,1.00,1.00
2018.05.30 09:09:33.822,0.76092,0.76108,1.00,1.00
2018.05.30 09:09:35.537,0.76093,0.76109,1.00,1.00
2018.05.30 09:09:36.071,0.76093,0.76108,1.00,1.00
2018.05.30 09:09:36.646,0.76092,0.76108,1.00,1.00
2018.05.30 09:09:37.584,0.76093,0.76108,1.00,1.00
2018.05.30 09:09:38.110,0.76093,0.76109,1.00,1.10
2018.05.30 09:09:41.364,0.76093,0.76108,1.00,1.00
2018.05.30 09:09:41.868,0.76092,0.76108,1.00,1.00
2018.05.30 09:09:42.626,0.76096,0.76111,1.00,1.20
2018.05.30 09:09:42.728,0.76096,0.76112,1.00,1.10
2018.05.30 09:09:43.251,0.76097,0.76112,1.00,1.00
2018.05.30 09:09:44.045,0.76096,0.76112,1.00,1.00
2018.05.30 09:09:44.684,0.76097,0.76112,1.00,1.00
2018.05.30 09:09:44.735,0.76099,0.76114,1.00,1.10
2018.05.30 09:09:45.423,0.76097,0.76114,1.00,1.00
2018.05.30 09:09:45.937,0.76097,0.76113,1.00,1.10
2018.05.30 09:09:48.311,0.76097,0.76112,1.00,1.00
2018.05.30 09:09:48.827,0.76095,0.76113,1.00,1.50
2018.05.30 09:09:48.929,0.76095,0.7611,1.00,1.00
2018.05.30 09:09:49.727,0.76094,0.76111,1.00,1.57
2018.05.30 09:09:51.355,0.76093,0.7611,1.00,1.10
2018.05.30 09:09:52.193,0.76093,0.7611,1.00,1.07
2018.05.30 09:09:52.714,0.76092,0.76108,1.00,1.00
2018.05.30 09:09:53.244,0.76093,0.76108,1.00,1.00
2018.05.30 09:09:53.345,0.76093,0.7611,1.00,1.10
2018.05.30 09:09:53.946,0.76094,0.76111,1.00,1.07
2018.05.30 09:09:54.805,0.76093,0.76111,1.50,1.07
2018.05.30 09:09:55.812,0.76094,0.76111,1.00,1.07
2018.05.30 09:09:59.291,0.76094,0.76111,1.00,1.10
2018.05.30 09:09:59.937,0.76094,0.76111,1.00,1.07
2018.05.30 09:10:00.575,0.76093,0.76109,1.00,1.00
2018.05.30 09:10:01.515,0.76093,0.7611,1.00,1.10
2018.05.30 09:10:01.719,0.76093,0.76108,1.00,1.00
2018.05.30 09:10:01.769,0.76091,0.76109,1.00,1.00
2018.05.30 09:10:02.347,0.76092,0.76107,1.00,1.00
2018.05.30 09:10:02.908,0.76091,0.76107,1.00,1.00
2018.05.30 09:10:03.229,0.76088,0.76104,1.00,1.00
2018.05.30 09:10:03.802,0.76086,0.76104,1.00,1.00
2018.05.30 09:10:04.465,0.76087,0.76102,1.00,1.00
2018.05.30 09:10:05.077,0.76086,0.76102,1.00,1.00
2018.05.30 09:10:05.657,0.76087,0.76103,1.00,1.10
2018.05.30 09:10:06.193,0.76087,0.76102,1.00,1.00
2018.05.30 09:10:06.607,0.76085,0.76103,1.00,1.00
2018.05.30 09:10:06.760,0.76086,0.76101,1.00,1.00
2018.05.30 09:10:07.262,0.76086,0.76102,1.00,1.00
2018.05.30 09:10:10.731,0.76086,0.76102,1.00,1.57
2018.05.30 09:10:10.842,0.76084,0.76102,1.00,1.57
2018.05.30 09:10:10.943,0.76086,0.76101,1.00,1.00
2018.05.30 09:10:11.427,0.76084,0.76102,1.00,1.10
2018.05.30 09:10:11.742,0.76084,0.76102,1.00,1.20
2018.05.30 09:10:13.248,0.76082,0.761,1.00,1.00
2018.05.30 09:10:13.599,0.76082,0.76097,1.00,1.00
2018.05.30 09:10:14.189,0.76081,0.76098,1.00,1.10
2018.05.30 09:10:14.915,0.76082,0.76097,1.00,1.07
2018.05.30 09:10:14.966,0.76079,0.76095,1.00,1.00
2018.05.30 09:10:15.514,0.76079,0.76094,1.00,1.00
2018.05.30 09:10:15.998,0.76077,0.76095,1.00,1.10
2018.05.30 09:10:16.202,0.76077,0.76092,1.00,1.00
2018.05.30 09:10:16.305,0.76075,0.76091,1.00,1.50
2018.05.30 09:10:17.238,0.76074,0.76091,1.00,1.57
2018.05.30 09:10:18.162,0.76074,0.7609,1.00,1.00
2018.05.30 09:10:18.765,0.76074,0.76091,1.00,1.00
2018.05.30 09:10:18.816,0.76076,0.76092,1.00,1.00
2018.05.30 09:10:19.417,0.76077,0.76093,1.00,1.00
2018.05.30 09:10:19.925,0.76078,0.76093,1.00,1.00
2018.05.30 09:10:20.528,0.76077,0.76093,1.00,1.00
2018.05.30 09:10:21.464,0.76078,0.76094,1.00,1.10
2018.05.30 09:10:22.905,0.76079,0.76094,1.00,1.00
2018.05.30 09:10:23.007,0.7608,0.76096,1.00,1.57
2018.05.30 09:10:23.303,0.76083,0.76098,1.00,1.10
2018.05.30 09:10:23.404,0.7608,0.76098,1.00,1.00
2018.05.30 09:10:23.910,0.7608,0.76099,1.00,1.50
2018.05.30 09:10:24.537,0.7608,0.76098,1.00,1.07
2018.05.30 09:10:25.109,0.76081,0.76098,1.00,1.10
2018.05.30 09:10:25.918,0.76083,0.76098,1.00,1.00
2018.05.30 09:10:26.135,0.76081,0.76099,1.00,1.00
2018.05.30 09:10:27.005,0.76081,0.76099,1.00,2.32
2018.05.30 09:10:27.793,0.76078,0.76097,1.00,1.10
2018.05.30 09:10:27.901,0.76079,0.76096,1.00,1.07
2018.05.30 09:10:28.324,0.76077,0.76096,1.00,1.07
2018.05.30 09:10:29.653,0.76078,0.76095,1.00,1.10
2018.05.30 09:10:30.160,0.76078,0.76097,1.00,1.07
2018.05.30 09:10:30.743,0.76078,0.76095,1.00,1.00
2018.05.30 09:10:31.551,0.76078,0.76096,1.00,1.50
2018.05.30 09:10:32.210,0.76078,0.76097,1.00,2.32
2018.05.30 09:10:32.630,0.76078,0.76095,1.00,1.00
2018.05.30 09:10:33.135,0.76079,0.76096,1.00,1.10
2018.05.30 09:10:33.648,0.76079,0.76095,1.00,1.00
2018.05.30 09:10:34.218,0.76078,0.76097,1.00,2.32
2018.05.30 09:10:34.319,0.7608,0.76096,1.00,1.00
2018.05.30 09:10:34.610,0.76075,0.76097,1.07,2.32
2018.05.30 09:10:34.661,0.76078,0.76097,1.00,1.95
2018.05.30 09:10:34.977,0.76072,0.76088,1.00,1.00
2018.05.30 09:10:35.028,0.7607,0.76087,1.00,1.00
2018.05.30 09:10:35.565,0.76071,0.76088,1.00,1.00
2018.05.30 09:10:36.181,0.7607,0.76089,1.00,1.95
2018.05.30 09:10:36.775,0.7607,0.76087,1.00,1.00
2018.05.30 09:10:37.928,0.7607,0.76085,1.00,1.00
2018.05.30 09:10:38.104,0.76068,0.76086,1.00,1.10
2018.05.30 09:10:38.154,0.76068,0.76079,1.00,1.00
2018.05.30 09:10:38.206,0.76064,0.7608,1.00,1.00
2018.05.30 09:10:38.256,0.76064,0.76076,1.00,1.00
2018.05.30 09:10:38.307,0.76063,0.76079,1.00,1.10
2018.05.30 09:10:38.409,0.76062,0.76077,1.00,1.00
2018.05.30 09:10:38.931,0.76059,0.76076,1.50,1.00
2018.05.30 09:10:39.803,0.7606,0.76076,1.00,1.00
2018.05.30 09:10:40.317,0.76061,0.76076,1.00,1.00
2018.05.30 09:10:40.469,0.76059,0.76075,1.50,1.00
2018.05.30 09:10:41.468,0.76059,0.76076,1.50,1.00
2018.05.30 09:10:42.786,0.76059,0.76075,1.50,1.00
2018.05.30 09:10:43.308,0.7606,0.76075,1.00,1.00
2018.05.30 09:10:43.868,0.76059,0.76075,1.50,1.00
2018.05.30 09:10:44.568,0.7606,0.76076,1.00,1.00
2018.05.30 09:10:44.674,0.76061,0.76079,1.50,1.00
2018.05.30 09:10:45.669,0.76061,0.76076,1.50,1.00
2018.05.30 09:10:46.493,0.76062,0.76077,1.00,1.00
2018.05.30 09:10:47.422,0.76061,0.76077,1.50,1.00
2018.05.30 09:10:47.523,0.76059,0.76076,1.50,1.00
2018.05.30 09:10:48.063,0.76059,0.76075,1.50,1.00
2018.05.30 09:10:49.340,0.7606,0.76075,1.00,1.00
2018.05.30 09:10:50.084,0.7606,0.76076,1.50,1.00
2018.05.30 09:10:50.136,0.76062,0.76078,1.00,1.00
2018.05.30 09:10:50.674,0.76063,0.76078,1.00,1.00
2018.05.30 09:10:51.684,0.76062,0.76077,1.00,1.00
2018.05.30 09:10:51.987,0.76061,0.76079,1.00,1.10
2018.05.30 09:10:52.389,0.76062,0.76077,1.00,1.00
2018.05.30 09:10:52.717,0.76064,0.76079,1.00,1.00
2018.05.30 09:10:56.566,0.76062,0.76077,1.00,1.00
2018.05.30 09:10:56.617,0.7606,0.76077,1.10,1.00
2018.05.30 09:10:57.161,0.76061,0.76077,1.00,1.00
2018.05.30 09:10:57.559,0.76059,0.76077,1.00,1.00
2018.05.30 09:10:58.200,0.76061,0.76077,1.00,1.00
2018.05.30 09:10:59.092,0.76062,0.76077,1.00,1.00
2018.05.30 09:10:59.415,0.76061,0.76079,1.00,1.00
2018.05.30 09:11:00.523,0.76063,0.76078,1.00,1.00
2018.05.30 09:11:00.643,0.76065,0.76081,1.00,1.10
2018.05.30 09:11:00.918,0.76067,0.76084,1.00,1.00
2018.05.30 09:11:01.275,0.76066,0.76082,1.50,1.00
2018.05.30 09:11:01.378,0.76066,0.76084,1.50,1.00
2018.05.30 09:11:02.164,0.76067,0.76084,1.00,1.00
2018.05.30 09:11:02.374,0.76066,0.76082,1.00,1.00
2018.05.30 09:11:02.679,0.76068,0.76083,1.00,1.00
2018.05.30 09:11:03.226,0.76067,0.76083,1.00,1.00
2018.05.30 09:11:04.177,0.76068,0.76083,1.00,1.00
2018.05.30 09:11:04.683,0.76065,0.76083,1.00,1.00
2018.05.30 09:11:05.382,0.76065,0.76081,1.00,1.00
2018.05.30 09:11:05.908,0.76064,0.76082,1.00,1.00
2018.05.30 09:11:06.238,0.76067,0.76082,1.00,1.00
2018.05.30 09:11:06.391,0.76068,0.76084,1.00,1.00
2018.05.30 09:11:06.492,0.76066,0.76084,1.00,1.00
2018.05.30 09:11:08.034,0.76066,0.76083,1.00,1.00
2018.05.30 09:11:08.540,0.76065,0.76084,1.00,1.10
2018.05.30 09:11:08.903,0.76067,0.76084,1.00,1.10
2018.05.30 09:11:09.404,0.76067,0.76085,1.00,1.10
2018.05.30 09:11:09.960,0.76067,0.76085,1.00,1.07
2018.05.30 09:11:10.293,0.76066,0.76081,1.00,1.00
2018.05.30 09:11:10.496,0.76065,0.76083,1.50,1.10
2018.05.30 09:11:10.547,0.76066,0.76081,1.00,1.00
2018.05.30 09:11:11.071,0.76066,0.76082,1.00,1.00
2018.05.30 09:11:11.788,0.76066,0.76083,1.00,1.00
2018.05.30 09:11:12.321,0.76065,0.76083,1.00,1.00
2018.05.30 09:11:13.097,0.76065,0.76081,1.00,1.00
2018.05.30 09:11:13.624,0.76065,0.7608,1.00,1.00
2018.05.30 09:11:15.373,0.76064,0.7608,1.00,1.00
2018.05.30 09:11:16.223,0.76062,0.76077,1.00,1.00
2018.05.30 09:11:16.274,0.7606,0.76077,1.00,1.00
2018.05.30 09:11:16.325,0.7606,0.76075,1.00,1.00
2018.05.30 09:11:17.132,0.76059,0.76075,1.00,1.00
2018.05.30 09:11:17.792,0.76059,0.76074,1.00,1.00
2018.05.30 09:11:18.327,0.76059,0.76075,1.00,1.00
2018.05.30 09:11:19.197,0.76059,0.76076,1.00,1.00
2018.05.30 09:11:19.777,0.76059,0.76074,1.00,1.00
2018.05.30 09:11:20.933,0.76059,0.76075,1.00,1.00
2018.05.30 09:11:21.446,0.76058,0.76074,1.00,1.00
2018.05.30 09:11:21.994,0.76059,0.76074,1.00,1.00
2018.05.30 09:11:22.681,0.76058,0.76074,1.00,1.00
2018.05.30 09:11:23.497,0.76059,0.76075,1.00,1.00
2018.05.30 09:11:24.110,0.76058,0.76075,1.00,1.00
2018.05.30 09:11:24.757,0.76059,0.76074,1.00,1.00
2018.05.30 09:11:25.447,0.76059,0.76076,1.00,1.07
2018.05.30 09:11:25.949,0.76059,0.76076,1.00,1.10
2018.05.30 09:11:26.656,0.76059,0.76076,1.00,1.07
2018.05.30 09:11:26.992,0.76057,0.76072,1.00,1.00
2018.05.30 09:11:27.245,0.76056,0.76074,1.50,1.00
2018.05.30 09:11:27.296,0.76058,0.76074,1.00,1.00
2018.05.30 09:11:27.962,0.76059,0.76074,1.00,1.00
2018.05.30 09:11:28.728,0.76059,0.76075,1.00,1.00
2018.05.30 09:11:29.035,0.76061,0.76076,1.00,1.00
2018.05.30 09:11:29.536,0.7606,0.76075,1.00,1.00
2018.05.30 09:11:31.267,0.76059,0.76075,1.00,1.00
2018.05.30 09:11:32.095,0.7606,0.76075,1.00,1.00
2018.05.30 09:11:32.756,0.76059,0.76075,1.00,1.00
2018.05.30 09:11:33.967,0.76059,0.76074,1.00,1.00
2018.05.30 09:11:34.728,0.76057,0.76075,1.00,1.00
2018.05.30 09:11:35.167,0.76059,0.76076,1.00,1.00
2018.05.30 09:11:35.603,0.76059,0.76078,1.00,1.10
2018.05.30 09:11:36.127,0.7606,0.76077,1.00,1.00
2018.05.30 09:11:37.279,0.76062,0.76078,1.00,1.10
2018.05.30 09:11:37.585,0.76064,0.76079,1.00,1.00
2018.05.30 09:11:38.661,0.76063,0.76079,1.00,1.00
2018.05.30 09:11:40.618,0.76064,0.7608,1.00,1.00
2018.05.30 09:11:44.330,0.76063,0.76079,1.00,1.00
2018.05.30 09:11:44.482,0.76059,0.76077,1.10,1.00
2018.05.30 09:11:47.388,0.76059,0.76075,1.00,1.00
2018.05.30 09:11:48.227,0.76059,0.76076,1.00,1.00
2018.05.30 09:11:48.738,0.7606,0.76076,1.00,1.00
2018.05.30 09:11:50.234,0.7606,0.76077,1.00,1.00
2018.05.30 09:11:52.338,0.7606,0.76076,1.00,1.00
2018.05.30 09:11:52.947,0.7606,0.76075,1.00,1.00
2018.05.30 09:11:53.386,0.76061,0.76077,1.00,1.00
2018.05.30 09:11:53.612,0.76064,0.7608,1.00,1.10
2018.05.30 09:11:53.765,0.76064,0.76082,1.00,1.10
2018.05.30 09:11:53.972,0.76066,0.76081,1.00,1.00
2018.05.30 09:11:54.293,0.76066,0.76083,2.25,1.00
2018.05.30 09:11:55.309,0.76065,0.76082,1.00,1.00
2018.05.30 09:11:55.536,0.76064,0.76079,1.50,1.00
2018.05.30 09:11:55.797,0.76062,0.7608,2.25,1.00
2018.05.30 09:11:57.471,0.76063,0.7608,1.00,1.00
2018.05.30 09:11:58.204,0.76064,0.7608,1.00,1.00
2018.05.30 09:11:58.831,0.76064,0.76081,1.00,1.00
2018.05.30 09:11:59.521,0.76064,0.76079,1.00,1.00
2018.05.30 09:12:00.246,0.76064,0.76078,1.00,1.00
2018.05.30 09:12:00.776,0.76064,0.76079,1.00,1.00
2018.05.30 09:12:01.351,0.76064,0.76077,1.00,1.00
2018.05.30 09:12:01.402,0.76064,0.7608,1.00,1.10
2018.05.30 09:12:01.453,0.76064,0.76078,1.00,1.00
2018.05.30 09:12:01.504,0.76062,0.76078,1.00,1.00
2018.05.30 09:12:01.656,0.76064,0.7608,1.00,1.10
2018.05.30 09:12:02.056,0.76066,0.76081,1.00,1.00
2018.05.30 09:12:02.359,0.76064,0.76079,1.50,1.00
2018.05.30 09:12:02.735,0.76064,0.76081,1.00,1.10
2018.05.30 09:12:03.385,0.76065,0.76081,1.00,1.00
2018.05.30 09:12:03.612,0.76065,0.76083,1.00,1.10
2018.05.30 09:12:04.313,0.76066,0.76081,1.00,1.00
2018.05.30 09:12:06.762,0.76066,0.76082,1.00,1.10
2018.05.30 09:12:06.864,0.76064,0.76082,3.00,1.10
2018.05.30 09:12:07.291,0.76066,0.76082,1.00,1.00
2018.05.30 09:12:07.621,0.76068,0.76083,1.00,1.10
2018.05.30 09:12:07.823,0.76066,0.76083,1.00,1.00
2018.05.30 09:12:08.358,0.76067,0.76083,1.50,1.10
2018.05.30 09:12:09.300,0.76067,0.76082,1.50,1.00
2018.05.30 09:12:09.685,0.76068,0.76085,1.00,1.07
2018.05.30 09:12:09.937,0.76067,0.76082,1.50,1.00
2018.05.30 09:12:10.224,0.76067,0.76085,1.00,1.10
2018.05.30 09:12:10.375,0.76067,0.76083,1.50,1.00
2018.05.30 09:12:12.251,0.76067,0.76082,1.50,1.00
2018.05.30 09:12:12.783,0.76067,0.76083,1.50,1.00
2018.05.30 09:12:12.937,0.76068,0.76085,1.00,1.10
2018.05.30 09:12:13.116,0.76068,0.76083,1.00,1.00
2018.05.30 09:12:13.836,0.76067,0.76082,1.00,1.00
2018.05.30 09:12:14.617,0.76065,0.76081,1.00,1.00
2018.05.30 09:12:15.154,0.76064,0.76082,2.25,1.12
2018.05.30 09:12:15.534,0.76066,0.76081,1.00,1.00
2018.05.30 09:12:16.086,0.76065,0.76081,1.00,1.00
2018.05.30 09:12:17.470,0.76066,0.76081,1.00,1.00
2018.05.30 09:12:18.919,0.76066,0.76082,1.00,1.00
2018.05.30 09:12:19.634,0.76068,0.76083,1.00,1.00
2018.05.30 09:12:20.149,0.76067,0.76083,1.00,1.00
2018.05.30 09:12:20.713,0.76066,0.76083,1.00,1.10
2018.05.30 09:12:21.694,0.76066,0.76082,1.00,1.00
2018.05.30 09:12:22.422,0.76065,0.76082,1.00,1.00
2018.05.30 09:12:22.796,0.76066,0.7608,1.00,1.00
2018.05.30 09:12:29.684,0.76065,0.7608,1.00,1.00
2018.05.30 09:12:30.135,0.76064,0.76082,3.00,1.00
2018.05.30 09:12:31.358,0.76065,0.76082,1.00,1.00
2018.05.30 09:12:31.894,0.76066,0.76081,1.00,1.00
2018.05.30 09:12:32.571,0.76066,0.76082,1.00,1.10
2018.05.30 09:12:32.676,0.76066,0.76084,1.50,1.00
2018.05.30 09:12:33.560,0.76067,0.76082,1.00,1.00
2018.05.30 09:12:35.620,0.76066,0.76082,1.00,1.00
2018.05.30 09:12:36.353,0.76067,0.76082,1.00,1.00
2018.05.30 09:12:36.860,0.76068,0.76083,1.00,1.00
2018.05.30 09:12:36.911,0.76066,0.76083,2.25,1.00
2018.05.30 09:12:37.898,0.76066,0.76082,2.25,1.00
2018.05.30 09:12:39.273,0.76066,0.76081,1.00,1.00
2018.05.30 09:12:39.978,0.76067,0.76082,1.00,1.00
2018.05.30 09:12:41.495,0.76065,0.76083,2.25,1.00
2018.05.30 09:12:43.543,0.76066,0.76081,1.00,1.00
2018.05.30 09:12:44.483,0.76066,0.76082,1.00,1.10
2018.05.30 09:12:47.180,0.76067,0.76082,1.00,1.00
2018.05.30 09:12:49.002,0.76066,0.76082,1.00,1.00
2018.05.30 09:12:49.825,0.76066,0.76081,1.00,1.00
2018.05.30 09:12:51.911,0.76065,0.76081,1.00,1.00
2018.05.30 09:12:53.851,0.76066,0.76082,1.00,1.00
2018.05.30 09:12:54.606,0.76067,0.76082,1.00,1.00
2018.05.30 09:12:58.982,0.76065,0.76083,1.00,1.00
2018.05.30 09:13:02.340,0.76067,0.76083,1.00,1.00
2018.05.30 09:13:02.646,0.76072,0.76091,1.00,1.37
2018.05.30 09:13:02.698,0.76072,0.76092,1.00,1.57
2018.05.30 09:13:03.141,0.76073,0.76089,1.00,1.00
2018.05.30 09:13:03.498,0.76073,0.76091,1.00,1.10
2018.05.30 09:13:04.016,0.76074,0.76091,1.00,1.00
2018.05.30 09:13:04.538,0.76073,0.76091,1.00,1.00
2018.05.30 09:13:05.042,0.76074,0.7609,1.00,1.00
2018.05.30 09:13:05.146,0.76073,0.76092,1.00,1.50
2018.05.30 09:13:05.198,0.76076,0.76092,1.00,1.10
2018.05.30 09:13:05.702,0.76077,0.76093,1.00,1.00
2018.05.30 09:13:06.568,0.76078,0.76093,1.00,1.00
2018.05.30 09:13:06.619,0.76077,0.76095,1.00,1.00
2018.05.30 09:13:06.771,0.76079,0.76094,1.00,1.00
2018.05.30 09:13:07.479,0.76078,0.76096,2.32,1.00
2018.05.30 09:13:07.601,0.76078,0.76094,2.25,1.00
2018.05.30 09:13:08.926,0.76077,0.76092,1.00,1.00
2018.05.30 09:13:09.230,0.76072,0.76087,1.00,1.00
2018.05.30 09:13:09.410,0.76069,0.76085,1.00,1.00
2018.05.30 09:13:09.662,0.7607,0.76083,1.00,1.00
2018.05.30 09:13:10.135,0.76067,0.76083,1.00,1.00
2018.05.30 09:13:10.672,0.76067,0.76084,1.00,1.10
2018.05.30 09:13:11.424,0.76066,0.76084,1.00,1.10
2018.05.30 09:13:11.992,0.76065,0.76084,1.50,1.10
2018.05.30 09:13:12.702,0.76067,0.76083,1.00,1.00
2018.05.30 09:13:13.311,0.76067,0.76085,1.00,1.07
2018.05.30 09:13:15.047,0.76066,0.76083,1.00,1.00
2018.05.30 09:13:15.516,0.76068,0.76087,1.00,3.45
2018.05.30 09:13:16.052,0.76072,0.76087,1.00,1.00
2018.05.30 09:13:18.076,0.76071,0.76086,1.00,1.00
2018.05.30 09:13:18.177,0.76071,0.76089,1.00,1.07
2018.05.30 09:13:18.726,0.76071,0.76089,1.00,1.10
2018.05.30 09:13:20.616,0.76072,0.76089,1.00,1.10
2018.05.30 09:13:21.156,0.76072,0.76088,1.00,1.00
2018.05.30 09:13:21.766,0.76071,0.76088,1.00,1.00
2018.05.30 09:13:22.769,0.76071,0.76087,1.00,1.00
2018.05.30 09:13:23.823,0.7607,0.76085,1.00,1.00
2018.05.30 09:13:24.364,0.76069,0.76085,1.00,1.00
2018.05.30 09:13:26.832,0.76069,0.76084,1.00,1.00
2018.05.30 09:13:27.196,0.76065,0.76081,1.00,1.00
2018.05.30 09:13:27.735,0.76066,0.76081,1.00,1.00
2018.05.30 09:13:28.251,0.76065,0.76082,1.00,1.00
2018.05.30 09:13:28.758,0.76066,0.76081,1.00,1.00
2018.05.30 09:13:29.339,0.76065,0.76081,1.00,1.00
2018.05.30 09:13:30.264,0.76066,0.76081,1.00,1.00
2018.05.30 09:13:30.834,0.76065,0.76081,1.00,1.00
2018.05.30 09:13:31.367,0.76064,0.76081,1.00,1.00
2018.05.30 09:13:35.809,0.76066,0.76081,1.00,1.00
2018.05.30 09:13:36.717,0.76066,0.76082,1.00,1.00
2018.05.30 09:13:37.220,0.76066,0.76083,1.00,1.10
2018.05.30 09:13:42.496,0.76067,0.76083,1.00,1.10
2018.05.30 09:13:43.010,0.76067,0.76084,1.00,1.00
2018.05.30 09:13:43.342,0.76069,0.76084,1.00,1.00
2018.05.30 09:13:43.880,0.76069,0.76086,1.00,1.10
2018.05.30 09:13:44.415,0.76069,0.76085,1.00,1.00
2018.05.30 09:13:45.040,0.76068,0.76084,1.00,1.00
2018.05.30 09:13:45.690,0.76069,0.76085,1.00,1.00
2018.05.30 09:13:46.269,0.76071,0.76087,1.00,1.10
2018.05.30 09:13:46.370,0.76071,0.76089,1.00,1.00
2018.05.30 09:13:47.197,0.76073,0.76089,1.00,1.00
2018.05.30 09:13:47.992,0.76072,0.76088,1.00,1.00
2018.05.30 09:13:50.432,0.76072,0.76087,1.00,1.00
2018.05.30 09:13:50.638,0.76072,0.7609,1.00,1.07
2018.05.30 09:13:51.301,0.76072,0.7609,1.00,1.00
2018.05.30 09:13:53.209,0.76074,0.76089,1.00,1.00
2018.05.30 09:13:53.740,0.76073,0.76088,1.00,1.00
2018.05.30 09:13:53.996,0.7607,0.76088,1.00,1.00
2018.05.30 09:13:55.066,0.76069,0.76086,1.00,1.00
2018.05.30 09:13:55.118,0.76065,0.76084,3.07,1.00
2018.05.30 09:13:55.169,0.76067,0.76083,1.00,1.00
2018.05.30 09:13:55.533,0.76069,0.76084,1.00,1.00
2018.05.30 09:13:55.584,0.76067,0.76085,1.00,1.00
2018.05.30 09:13:56.042,0.76069,0.76084,1.00,1.00
2018.05.30 09:13:56.326,0.76066,0.76084,1.00,1.00
2018.05.30 09:13:59.288,0.76066,0.76083,1.00,1.00
2018.05.30 09:13:59.339,0.76069,0.76084,1.00,1.10
2018.05.30 09:13:59.390,0.76067,0.76084,1.00,1.10
2018.05.30 09:13:59.726,0.7607,0.76085,1.00,1.00
2018.05.30 09:14:00.238,0.76069,0.76085,1.00,1.00
2018.05.30 09:14:00.803,0.7607,0.76085,1.00,1.00
2018.05.30 09:14:01.117,0.7607,0.76088,1.00,1.95
2018.05.30 09:14:01.781,0.7607,0.76086,1.00,1.00
2018.05.30 09:14:02.553,0.76069,0.76086,1.00,1.00
2018.05.30 09:14:03.097,0.7607,0.76086,1.00,1.00
2018.05.30 09:14:03.868,0.7607,0.76085,1.00,1.00
2018.05.30 09:14:04.410,0.76069,0.76085,1.00,1.00
2018.05.30 09:14:04.833,0.76067,0.76083,1.00,1.00
2018.05.30 09:14:04.888,0.76065,0.76083,1.00,1.00
2018.05.30 09:14:04.940,0.76068,0.76083,1.00,1.00
2018.05.30 09:14:05.577,0.76067,0.76083,1.00,1.00
2018.05.30 09:14:07.158,0.76066,0.76083,1.00,1.00
2018.05.30 09:14:07.462,0.76063,0.76081,1.10,1.00
2018.05.30 09:14:07.563,0.76063,0.76079,1.00,1.00
2018.05.30 09:14:07.868,0.76065,0.76081,1.00,1.00
2018.05.30 09:14:10.163,0.76064,0.7608,1.00,1.00
2018.05.30 09:14:10.782,0.76064,0.76082,1.00,1.00
2018.05.30 09:14:11.761,0.76066,0.76081,1.00,1.00
2018.05.30 09:14:12.389,0.76069,0.76084,1.00,2.32
2018.05.30 09:14:12.633,0.76064,0.76083,1.20,2.25
2018.05.30 09:14:12.690,0.76063,0.76079,1.45,1.00
2018.05.30 09:14:12.792,0.76062,0.76078,1.00,1.00
2018.05.30 09:14:13.310,0.76063,0.76079,1.00,1.00
2018.05.30 09:14:13.858,0.76062,0.76079,1.10,1.00
2018.05.30 09:14:14.582,0.76062,0.76078,1.10,1.00
2018.05.30 09:14:15.202,0.76063,0.76079,1.00,1.00
2018.05.30 09:14:16.002,0.76064,0.76079,1.00,1.50
2018.05.30 09:14:16.053,0.76062,0.76079,1.00,1.50
2018.05.30 09:14:16.154,0.76063,0.76081,1.00,1.57
2018.05.30 09:14:16.437,0.76066,0.76081,1.00,1.00
2018.05.30 09:14:17.071,0.76065,0.76083,1.00,1.00
2018.05.30 09:14:17.174,0.76067,0.76082,1.00,1.00
2018.05.30 09:14:17.838,0.76068,0.76083,1.00,1.00
2018.05.30 09:14:18.181,0.76072,0.76087,1.00,1.00
2018.05.30 09:14:18.919,0.76072,0.76088,1.00,1.00
2018.05.30 09:14:19.728,0.76072,0.76087,1.00,1.00
2018.05.30 09:14:20.728,0.76073,0.76088,1.00,1.00
2018.05.30 09:14:20.865,0.76071,0.76088,1.50,1.00
2018.05.30 09:14:21.621,0.76071,0.76087,1.50,1.00
2018.05.30 09:14:23.306,0.76071,0.76086,1.00,1.00
2018.05.30 09:14:23.356,0.76069,0.76084,1.00,1.00
2018.05.30 09:14:23.408,0.76067,0.76085,1.50,1.00
2018.05.30 09:14:23.514,0.76067,0.76083,1.00,1.00
2018.05.30 09:14:24.081,0.76067,0.76084,1.00,1.00
2018.05.30 09:14:24.601,0.76068,0.76083,1.00,1.00
2018.05.30 09:14:24.702,0.76069,0.76086,1.00,1.10
2018.05.30 09:14:24.803,0.76071,0.76086,1.00,1.00
2018.05.30 09:14:25.668,0.7607,0.76085,1.00,1.00
2018.05.30 09:14:26.205,0.76071,0.76086,1.00,1.00
2018.05.30 09:14:26.950,0.76072,0.76087,1.00,1.00
2018.05.30 09:14:28.133,0.76071,0.76086,1.00,1.00
2018.05.30 09:14:28.804,0.7607,0.76085,1.00,1.00
2018.05.30 09:14:29.732,0.76071,0.76086,1.00,1.00
2018.05.30 09:14:29.783,0.76068,0.76085,1.00,1.00
2018.05.30 09:14:30.412,0.7607,0.76085,1.00,1.10
2018.05.30 09:14:31.165,0.76071,0.76087,1.00,1.07
2018.05.30 09:14:31.531,0.76073,0.76088,1.00,1.00
2018.05.30 09:14:32.024,0.76076,0.76091,1.00,1.95
2018.05.30 09:14:32.571,0.76076,0.76091,1.00,1.00
2018.05.30 09:14:35.933,0.76078,0.76093,1.00,1.00
2018.05.30 09:14:36.443,0.76077,0.76092,1.00,1.00
2018.05.30 09:14:36.983,0.76077,0.76093,1.00,1.00
2018.05.30 09:14:37.297,0.76079,0.76094,1.00,1.00
2018.05.30 09:14:39.252,0.7608,0.76095,1.00,1.00
2018.05.30 09:14:40.318,0.76078,0.76095,1.00,1.00
2018.05.30 09:14:40.872,0.76079,0.76095,1.00,1.00
2018.05.30 09:14:41.533,0.76079,0.76094,1.00,1.00
2018.05.30 09:14:42.193,0.76079,0.76095,1.00,1.00
2018.05.30 09:14:42.707,0.7608,0.76095,1.00,1.00
2018.05.30 09:14:42.758,0.7608,0.76097,1.00,1.00
2018.05.30 09:14:43.247,0.76084,0.76099,1.00,1.00
2018.05.30 09:14:43.915,0.76083,0.76099,1.00,1.00
2018.05.30 09:14:44.417,0.76083,0.76098,1.00,1.00
2018.05.30 09:14:44.814,0.76083,0.761,1.00,1.00
2018.05.30 09:14:50.185,0.76083,0.76099,1.00,1.00
2018.05.30 09:14:50.322,0.76082,0.76097,1.00,1.00
2018.05.30 09:14:50.843,0.76083,0.76098,1.00,1.00
2018.05.30 09:14:51.166,0.7608,0.76095,1.00,1.00
2018.05.30 09:14:57.180,0.76081,0.76096,1.00,1.00
2018.05.30 09:14:59.467,0.76077,0.76093,1.10,1.00
2018.05.30 09:14:59.610,0.76076,0.76091,1.00,1.00
2018.05.30 09:15:00.178,0.76077,0.76093,1.00,1.00
2018.05.30 09:15:00.716,0.76076,0.76092,1.00,1.00
2018.05.30 09:15:02.562,0.76074,0.76089,1.00,1.00
2018.05.30 09:15:03.230,0.76074,0.7609,1.00,1.00
2018.05.30 09:15:05.707,0.76075,0.7609,1.00,1.00
2018.05.30 09:15:06.694,0.76075,0.7609,1.07,1.00
2018.05.30 09:15:07.309,0.76075,0.76091,1.07,1.00
2018.05.30 09:15:07.959,0.76075,0.7609,1.10,1.00
2018.05.30 09:15:08.969,0.76073,0.76089,1.10,1.00
2018.05.30 09:15:09.354,0.76072,0.76087,1.00,1.00
2018.05.30 09:15:09.657,0.7607,0.76085,1.00,1.00
2018.05.30 09:15:09.828,0.76067,0.76084,1.10,1.00
2018.05.30 09:15:10.176,0.76066,0.76081,1.10,1.00
2018.05.30 09:15:11.747,0.76066,0.76083,1.00,1.00
2018.05.30 09:15:13.871,0.76067,0.76084,1.00,1.00
2018.05.30 09:15:19.121,0.76069,0.76085,1.00,1.00
2018.05.30 09:15:19.224,0.7607,0.76087,1.00,1.00
2018.05.30 09:15:19.427,0.76068,0.76085,1.00,1.00
2018.05.30 09:15:19.966,0.76069,0.76085,1.00,1.00
2018.05.30 09:15:20.115,0.7607,0.76087,1.00,1.00
2018.05.30 09:15:20.445,0.76069,0.76085,1.07,1.00
2018.05.30 09:15:20.496,0.76068,0.76084,1.00,1.00
2018.05.30 09:15:20.919,0.7607,0.76085,1.00,1.00
2018.05.30 09:15:20.970,0.76068,0.76085,1.10,1.00
2018.05.30 09:15:21.580,0.76067,0.76084,1.00,1.00
2018.05.30 09:15:22.140,0.76066,0.76084,1.00,1.00
2018.05.30 09:15:23.129,0.76068,0.76085,1.00,1.50
2018.05.30 09:15:23.433,0.7607,0.76087,1.00,1.00
2018.05.30 09:15:24.056,0.76071,0.76087,1.00,1.00
2018.05.30 09:15:24.210,0.76069,0.76086,1.10,1.00
2018.05.30 09:15:24.596,0.76069,0.76088,1.00,1.50
2018.05.30 09:15:25.615,0.76071,0.76087,1.00,1.00
2018.05.30 09:15:27.079,0.7607,0.76086,1.00,1.00
2018.05.30 09:15:27.774,0.76069,0.76084,1.10,1.00
2018.05.30 09:15:28.027,0.76065,0.76082,1.20,1.00
2018.05.30 09:15:28.078,0.76065,0.7608,1.10,1.00
2018.05.30 09:15:28.611,0.76065,0.76079,1.00,1.00
2018.05.30 09:15:29.165,0.76064,0.76079,1.10,1.00
2018.05.30 09:15:29.858,0.76065,0.7608,1.00,1.00
2018.05.30 09:15:30.365,0.76066,0.76081,1.00,1.00
2018.05.30 09:15:30.692,0.76064,0.76081,1.10,1.00
2018.05.30 09:15:31.631,0.76064,0.76081,1.20,1.00
2018.05.30 09:15:31.683,0.76067,0.76082,1.00,1.00
2018.05.30 09:15:32.090,0.7607,0.76085,1.00,1.00
2018.05.30 09:15:32.406,0.76065,0.7608,1.00,1.00
2018.05.30 09:15:32.711,0.76063,0.76077,1.00,1.00
2018.05.30 09:15:32.878,0.76065,0.7608,1.00,1.00
2018.05.30 09:15:32.929,0.76065,0.76082,1.00,1.00
2018.05.30 09:15:33.035,0.76067,0.76081,1.00,1.00
2018.05.30 09:15:33.525,0.76068,0.76083,1.00,1.00
2018.05.30 09:15:34.073,0.76068,0.76084,1.10,1.00
2018.05.30 09:15:34.731,0.76068,0.76083,1.10,1.00
2018.05.30 09:15:35.676,0.76069,0.76084,1.00,1.00
2018.05.30 09:15:36.634,0.7607,0.76084,1.00,1.00
2018.05.30 09:15:37.225,0.76073,0.76088,1.00,1.00
2018.05.30 09:15:43.085,0.76073,0.76089,1.10,1.00
2018.05.30 09:15:43.338,0.76075,0.7609,1.00,1.00
2018.05.30 09:15:43.852,0.76074,0.76089,1.00,1.00
2018.05.30 09:15:44.157,0.76072,0.76087,1.00,1.00
2018.05.30 09:15:44.843,0.76071,0.76086,1.00,1.00
2018.05.30 09:15:45.127,0.76069,0.76086,1.10,1.00
2018.05.30 09:15:45.833,0.76069,0.76086,1.07,1.00
2018.05.30 09:15:46.843,0.76069,0.76086,1.10,1.00
2018.05.30 09:15:48.237,0.76069,0.76084,1.10,1.00
2018.05.30 09:15:49.225,0.76069,0.76085,1.00,1.00
2018.05.30 09:15:49.729,0.7607,0.76085,1.00,1.00
2018.05.30 09:15:53.923,0.76071,0.76085,1.00,1.00
2018.05.30 09:15:54.024,0.76072,0.76087,1.00,1.00
2018.05.30 09:15:54.176,0.7607,0.76087,1.10,1.00
2018.05.30 09:15:56.530,0.76071,0.76088,1.00,1.00
2018.05.30 09:15:57.075,0.76072,0.76087,1.00,1.00
2018.05.30 09:15:58.512,0.76071,0.76087,1.10,1.00
2018.05.30 09:15:59.085,0.76072,0.76087,1.50,1.00
2018.05.30 09:16:00.281,0.76071,0.76086,1.10,1.00
2018.05.30 09:16:00.812,0.76072,0.76087,1.00,1.00
2018.05.30 09:16:01.474,0.76071,0.76086,1.10,1.00
2018.05.30 09:16:02.189,0.76071,0.76085,1.00,1.00
2018.05.30 09:16:02.781,0.7607,0.76084,1.00,1.00
2018.05.30 09:16:04.728,0.76069,0.76084,1.00,1.00
2018.05.30 09:16:10.069,0.76068,0.76083,1.00,1.00
2018.05.30 09:16:11.249,0.76067,0.76084,1.10,1.00
2018.05.30 09:16:13.793,0.76069,0.76084,1.00,1.00
2018.05.30 09:16:18.800,0.7607,0.76085,1.00,1.00
2018.05.30 09:16:19.404,0.76071,0.76086,1.00,1.00
2018.05.30 09:16:19.455,0.76073,0.7609,1.00,1.00
2018.05.30 09:16:19.507,0.76075,0.76089,1.00,1.00
2018.05.30 09:16:20.045,0.76075,0.7609,1.00,1.00
2018.05.30 09:16:22.655,0.76076,0.76091,1.00,1.00
2018.05.30 09:16:23.472,0.76073,0.76089,1.00,1.00
2018.05.30 09:16:23.524,0.76071,0.76085,1.07,1.00
2018.05.30 09:16:23.575,0.76072,0.76087,1.00,1.00
2018.05.30 09:16:24.263,0.76073,0.76087,1.00,1.00
2018.05.30 09:16:24.815,0.76072,0.76086,1.00,1.00
2018.05.30 09:16:25.422,0.76072,0.76087,1.00,1.00
2018.05.30 09:16:29.196,0.76073,0.76088,1.00,1.00
2018.05.30 09:16:33.228,0.76073,0.76087,1.00,1.00
2018.05.30 09:16:34.728,0.76073,0.76088,1.00,1.00
2018.05.30 09:16:35.525,0.76072,0.76087,1.00,1.00
2018.05.30 09:16:36.637,0.76069,0.76086,1.10,1.00
2018.05.30 09:16:36.839,0.76069,0.76084,1.00,1.00
2018.05.30 09:16:37.395,0.7607,0.76085,1.00,1.00
2018.05.30 09:16:37.950,0.7607,0.76084,1.00,1.00
2018.05.30 09:16:38.477,0.76069,0.76084,1.00,1.00
2018.05.30 09:16:39.236,0.76068,0.76083,1.00,1.00
2018.05.30 09:16:47.107,0.76068,0.76082,1.00,1.00
2018.05.30 09:16:47.209,0.76066,0.76081,1.00,1.00
2018.05.30 09:16:48.229,0.76067,0.76081,1.00,1.00
2018.05.30 09:16:49.013,0.76066,0.76081,1.00,1.00
2018.05.30 09:16:49.316,0.76063,0.76078,1.00,1.00
2018.05.30 09:16:49.367,0.76061,0.76078,1.00,1.00
2018.05.30 09:16:49.671,0.76062,0.76076,1.00,1.00
2018.05.30 09:16:50.177,0.76061,0.76076,1.00,1.00
2018.05.30 09:16:51.063,0.7606,0.76075,1.00,1.00
2018.05.30 09:16:51.217,0.76056,0.76072,2.25,1.00
2018.05.30 09:16:51.765,0.76056,0.76071,1.00,1.00
2018.05.30 09:16:53.417,0.76052,0.76066,1.07,1.00
2018.05.30 09:16:53.518,0.76051,0.76067,1.00,1.00
2018.05.30 09:16:54.076,0.7605,0.76067,1.00,1.00
2018.05.30 09:17:03.724,0.76052,0.76067,1.00,1.00
2018.05.30 09:17:04.491,0.76053,0.76068,1.00,1.00
2018.05.30 09:17:04.992,0.76054,0.76071,1.00,1.10
2018.05.30 09:17:05.043,0.76056,0.76071,1.00,1.10
2018.05.30 09:17:08.990,0.76055,0.76069,1.00,1.00
2018.05.30 09:17:09.223,0.76052,0.76067,1.00,1.00
2018.05.30 09:17:09.939,0.76052,0.76069,1.00,1.00
2018.05.30 09:17:18.902,0.76055,0.7607,1.00,1.10
2018.05.30 09:17:19.417,0.76054,0.76069,1.00,1.00
2018.05.30 09:17:20.024,0.76053,0.76068,1.00,1.00
2018.05.30 09:17:20.689,0.76054,0.76069,1.00,1.00
2018.05.30 09:17:21.222,0.76055,0.7607,1.00,1.00
2018.05.30 09:17:21.800,0.76054,0.76069,1.00,1.00
2018.05.30 09:17:22.210,0.76053,0.76071,1.00,1.50
2018.05.30 09:17:22.260,0.76054,0.76069,1.00,1.00
2018.05.30 09:17:26.663,0.76055,0.7607,1.00,1.00
2018.05.30 09:17:26.765,0.76053,0.7607,1.00,1.00
2018.05.30 09:17:26.867,0.76055,0.76069,1.00,1.00
2018.05.30 09:17:26.918,0.76056,0.76071,1.00,1.00
2018.05.30 09:17:27.419,0.76057,0.76072,1.00,1.00
2018.05.30 09:17:28.460,0.76057,0.76071,1.00,1.00
2018.05.30 09:17:28.769,0.76058,0.76073,1.00,1.00
2018.05.30 09:17:28.922,0.76061,0.76076,1.00,1.10
2018.05.30 09:17:29.084,0.76058,0.76075,1.00,1.00
2018.05.30 09:17:29.431,0.76062,0.76077,1.00,1.00
2018.05.30 09:17:29.988,0.76061,0.76078,1.00,1.00
2018.05.30 09:17:30.720,0.76062,0.76078,1.00,1.00
2018.05.30 09:17:31.691,0.76062,0.76077,1.00,1.00
2018.05.30 09:17:32.080,0.7606,0.76079,1.00,1.57
2018.05.30 09:17:32.132,0.76062,0.76076,1.00,1.00
2018.05.30 09:17:32.315,0.76062,0.76078,1.00,1.00
2018.05.30 09:17:32.517,0.7606,0.76075,1.00,1.00
2018.05.30 09:17:33.032,0.76059,0.76075,1.00,1.00
2018.05.30 09:17:34.997,0.76059,0.76074,1.00,1.00
2018.05.30 09:17:36.110,0.76058,0.76073,1.00,1.00
2018.05.30 09:17:36.717,0.76059,0.76074,1.00,1.00
2018.05.30 09:17:38.190,0.7606,0.76075,1.00,1.00
2018.05.30 09:17:38.710,0.76061,0.76076,1.00,1.00
2018.05.30 09:17:39.261,0.76062,0.76079,1.00,1.00
2018.05.30 09:17:41.695,0.76063,0.76077,1.00,1.00
2018.05.30 09:17:46.808,0.76063,0.76079,1.00,1.00
2018.05.30 09:17:47.406,0.76064,0.7608,1.00,1.00
2018.05.30 09:17:48.621,0.76066,0.76082,1.00,1.10
2018.05.30 09:17:49.683,0.76066,0.76083,1.00,1.00
2018.05.30 09:17:50.334,0.76067,0.76082,1.00,1.00
2018.05.30 09:17:51.090,0.76064,0.76081,1.50,1.00
2018.05.30 09:17:52.790,0.76064,0.76079,1.00,1.00
2018.05.30 09:17:55.170,0.76065,0.76081,1.00,1.00
2018.05.30 09:17:57.465,0.76066,0.76081,1.00,1.00
2018.05.30 09:17:58.068,0.76067,0.76081,1.00,1.00
2018.05.30 09:17:58.291,0.76068,0.76083,1.00,1.00
2018.05.30 09:17:58.836,0.76069,0.76084,1.00,1.00
2018.05.30 09:17:59.440,0.76068,0.76082,1.00,1.00
2018.05.30 09:17:59.989,0.76067,0.76081,1.00,1.00
2018.05.30 09:18:00.215,0.76068,0.76083,1.00,1.00
2018.05.30 09:18:02.449,0.76067,0.76082,1.00,1.00
2018.05.30 09:18:03.035,0.76067,0.76081,1.00,1.00
2018.05.30 09:18:03.708,0.76067,0.76082,1.00,1.00
2018.05.30 09:18:04.750,0.76067,0.76081,1.00,1.00
2018.05.30 09:18:07.694,0.76067,0.76082,1.00,1.00
2018.05.30 09:18:08.377,0.76067,0.76081,1.00,1.00
2018.05.30 09:18:08.529,0.76065,0.7608,1.57,1.00
2018.05.30 09:18:08.580,0.76063,0.76078,2.32,1.00
2018.05.30 09:18:08.902,0.76062,0.76076,1.35,1.00
2018.05.30 09:18:09.156,0.76063,0.76078,1.00,1.00
2018.05.30 09:18:10.187,0.76063,0.76077,1.00,1.00
2018.05.30 09:18:10.238,0.76061,0.76076,2.32,1.00
2018.05.30 09:18:10.970,0.76062,0.76076,1.00,1.00
2018.05.30 09:18:11.910,0.7606,0.76077,1.10,1.00
2018.05.30 09:18:14.664,0.76061,0.76075,1.00,1.00
2018.05.30 09:18:15.275,0.7606,0.76075,1.00,1.00
2018.05.30 09:18:22.314,0.76064,0.76078,1.00,1.00
2018.05.30 09:18:22.825,0.76063,0.76079,1.10,1.00
2018.05.30 09:18:23.339,0.76064,0.7608,1.00,1.00
2018.05.30 09:18:23.863,0.76064,0.76079,1.00,1.00
2018.05.30 09:18:27.776,0.76064,0.76078,1.00,1.00
2018.05.30 09:18:28.132,0.76062,0.76076,1.00,1.00
2018.05.30 09:18:29.525,0.76061,0.76075,1.00,1.00
2018.05.30 09:18:29.870,0.76058,0.76072,1.00,1.00
2018.05.30 09:18:30.217,0.76056,0.7607,1.00,1.00
2018.05.30 09:18:30.368,0.76054,0.7607,1.00,1.00
2018.05.30 09:18:33.077,0.76053,0.76069,1.00,1.00
2018.05.30 09:18:35.539,0.76053,0.76067,1.00,1.00
2018.05.30 09:18:35.640,0.76051,0.76067,1.00,1.00
2018.05.30 09:18:36.886,0.76051,0.76065,1.00,1.00
2018.05.30 09:18:37.434,0.76052,0.76066,1.00,1.00
2018.05.30 09:18:37.992,0.76051,0.76065,1.00,1.00
2018.05.30 09:18:39.288,0.7605,0.76065,1.00,1.00
2018.05.30 09:18:39.638,0.76052,0.76066,1.00,1.00
2018.05.30 09:18:39.754,0.7605,0.76066,1.00,1.00
2018.05.30 09:18:40.300,0.76052,0.76066,1.00,1.00
2018.05.30 09:18:40.478,0.76053,0.76069,1.00,1.00
2018.05.30 09:18:40.529,0.76055,0.76069,1.00,1.00
2018.05.30 09:18:42.390,0.76053,0.7607,1.00,1.00
2018.05.30 09:18:44.925,0.76055,0.76069,1.00,1.00
2018.05.30 09:18:44.976,0.76055,0.76071,1.00,1.00
2018.05.30 09:18:45.332,0.76057,0.76071,1.00,1.00
2018.05.30 09:18:45.934,0.76056,0.7607,1.00,1.00
2018.05.30 09:18:46.546,0.76057,0.76071,1.00,1.00
2018.05.30 09:18:49.728,0.76056,0.76071,1.00,1.00
2018.05.30 09:18:51.499,0.76055,0.76071,1.00,1.00
2018.05.30 09:18:52.291,0.76056,0.76072,1.00,1.00
2018.05.30 09:18:52.680,0.76058,0.76073,1.00,1.00
2018.05.30 09:18:53.660,0.76059,0.76073,1.00,1.00
2018.05.30 09:18:53.712,0.76058,0.76075,1.00,1.00
2018.05.30 09:18:53.763,0.7606,0.76074,1.00,1.00
2018.05.30 09:18:54.644,0.76058,0.76074,1.00,1.00
2018.05.30 09:18:54.695,0.76057,0.76071,1.50,1.00
2018.05.30 09:18:55.364,0.76056,0.76071,1.00,1.00
2018.05.30 09:18:55.906,0.76057,0.76071,1.00,1.00
2018.05.30 09:18:56.252,0.76059,0.76074,1.00,1.00
2018.05.30 09:18:56.556,0.76058,0.76072,1.00,1.00
2018.05.30 09:19:00.160,0.76057,0.76071,1.00,1.00
2018.05.30 09:19:00.563,0.76056,0.76073,1.00,1.00
2018.05.30 09:19:00.873,0.76059,0.76073,1.00,1.00
2018.05.30 09:19:01.846,0.76059,0.76075,1.00,1.00
2018.05.30 09:19:02.100,0.76061,0.76075,1.00,1.00
2018.05.30 09:19:02.362,0.76058,0.76073,1.00,1.00
2018.05.30 09:19:02.739,0.76056,0.7607,1.20,1.00
2018.05.30 09:19:02.792,0.76053,0.76072,2.70,1.00
2018.05.30 09:19:02.845,0.76056,0.7607,1.00,1.00
2018.05.30 09:19:03.128,0.76058,0.76074,1.00,1.00
2018.05.30 09:19:03.179,0.7606,0.76074,1.00,1.00
2018.05.30 09:19:03.532,0.76061,0.76077,1.00,1.00
2018.05.30 09:19:03.700,0.76063,0.76076,1.00,1.00
2018.05.30 09:19:04.245,0.76062,0.76076,1.00,1.00
2018.05.30 09:19:05.034,0.76061,0.76075,1.00,1.00
2018.05.30 09:19:05.782,0.7606,0.76074,1.00,1.00
2018.05.30 09:19:06.329,0.76061,0.76075,1.00,1.00
2018.05.30 09:19:06.644,0.76059,0.76075,1.00,1.00
2018.05.30 09:19:07.787,0.76059,0.76073,1.00,1.00
2018.05.30 09:19:10.475,0.76058,0.76072,1.00,1.00
2018.05.30 09:19:11.237,0.76059,0.76073,1.00,1.00
2018.05.30 09:19:12.800,0.76058,0.76073,1.00,1.00
2018.05.30 09:19:13.959,0.76059,0.76073,1.00,1.00
2018.05.30 09:19:14.500,0.76058,0.76072,1.57,1.00
2018.05.30 09:19:15.042,0.76059,0.76073,1.00,1.00
2018.05.30 09:19:15.721,0.76057,0.76073,1.00,1.00
2018.05.30 09:19:16.245,0.76059,0.76073,1.00,1.00
2018.05.30 09:19:16.795,0.7606,0.76074,1.00,1.00
2018.05.30 09:19:17.462,0.76061,0.76075,1.00,1.00
2018.05.30 09:19:18.673,0.76062,0.76076,1.00,1.00
2018.05.30 09:19:18.951,0.7606,0.76076,1.00,1.00
2018.05.30 09:19:19.525,0.76059,0.76075,1.00,1.00
2018.05.30 09:19:21.249,0.76061,0.76075,1.00,1.00
2018.05.30 09:19:21.350,0.76059,0.76075,1.00,1.00
2018.05.30 09:19:22.756,0.76061,0.76074,1.00,1.00
2018.05.30 09:19:22.808,0.76059,0.76075,1.00,1.00
2018.05.30 09:19:25.187,0.76059,0.76073,1.00,1.00
2018.05.30 09:19:26.460,0.7606,0.76076,1.00,1.00
2018.05.30 09:19:26.510,0.7606,0.76074,1.00,1.00
2018.05.30 09:19:28.244,0.7606,0.76073,1.00,1.00
2018.05.30 09:19:28.603,0.7606,0.76076,1.00,1.00
2018.05.30 09:19:28.654,0.7606,0.76074,1.00,1.00
2018.05.30 09:19:31.479,0.7606,0.76073,1.00,1.00
2018.05.30 09:19:32.036,0.76059,0.76073,1.00,1.00
2018.05.30 09:19:33.101,0.7606,0.76074,1.00,1.00
2018.05.30 09:19:34.729,0.76059,0.76073,1.00,1.00
2018.05.30 09:19:35.372,0.7606,0.76074,1.00,1.00
2018.05.30 09:19:36.093,0.76059,0.76073,1.00,1.00
2018.05.30 09:19:37.319,0.7606,0.76074,1.00,1.00
2018.05.30 09:19:39.593,0.76061,0.76075,1.00,1.00
2018.05.30 09:19:40.358,0.76062,0.76076,1.00,1.00
2018.05.30 09:19:40.409,0.76062,0.76078,1.00,1.00
2018.05.30 09:19:40.460,0.76064,0.76078,1.00,1.00
2018.05.30 09:19:41.090,0.76065,0.76079,1.00,1.00
2018.05.30 09:19:41.690,0.76066,0.7608,1.00,1.00
2018.05.30 09:19:42.828,0.76068,0.76081,1.00,1.00
2018.05.30 09:19:43.219,0.76066,0.76081,1.00,1.00
2018.05.30 09:19:43.612,0.76065,0.76079,1.00,1.00
2018.05.30 09:19:43.765,0.76062,0.76078,1.00,1.00
2018.05.30 09:19:43.816,0.76061,0.76075,1.00,1.00
2018.05.30 09:19:44.243,0.76062,0.76077,1.00,1.00
2018.05.30 09:19:44.298,0.76064,0.76077,1.00,1.00
2018.05.30 09:19:45.535,0.76064,0.76078,1.00,1.00
2018.05.30 09:19:45.846,0.76066,0.76079,1.00,1.00
2018.05.30 09:19:45.948,0.76065,0.76081,1.00,1.00
2018.05.30 09:19:46.385,0.76064,0.76077,1.00,1.00
2018.05.30 09:19:46.486,0.76063,0.76079,1.00,1.00
2018.05.30 09:19:46.537,0.76063,0.76077,1.00,1.00
2018.05.30 09:19:48.069,0.76061,0.76077,1.00,1.00
2018.05.30 09:19:48.754,0.76063,0.76077,1.00,1.00
2018.05.30 09:19:48.906,0.76063,0.7608,1.00,1.00
2018.05.30 09:19:48.957,0.76066,0.76081,1.00,1.10
2018.05.30 09:19:49.212,0.76066,0.76083,1.00,1.10
2018.05.30 09:19:49.483,0.76066,0.76081,1.00,1.00
2018.05.30 09:19:50.015,0.76066,0.76082,1.00,1.00
2018.05.30 09:19:50.349,0.76068,0.76083,1.00,1.00
2018.05.30 09:19:50.659,0.76069,0.76086,1.00,1.20
2018.05.30 09:19:51.241,0.7607,0.76085,1.00,1.00
2018.05.30 09:19:51.344,0.76071,0.76088,1.00,1.10
2018.05.30 09:19:51.855,0.76072,0.76086,1.00,1.00
2018.05.30 09:19:52.492,0.76072,0.76087,1.00,1.00
2018.05.30 09:19:53.072,0.76071,0.76086,1.00,1.00
2018.05.30 09:19:53.316,0.76069,0.76086,1.00,1.00
2018.05.30 09:19:53.373,0.76068,0.76083,1.00,1.00
2018.05.30 09:19:53.677,0.76066,0.76081,1.00,1.00
2018.05.30 09:19:54.054,0.76067,0.76084,1.00,1.10
2018.05.30 09:19:54.156,0.76066,0.76082,1.00,1.00
2018.05.30 09:19:54.478,0.76064,0.76081,1.00,1.00
2018.05.30 09:19:54.611,0.76066,0.76081,1.00,1.00
2018.05.30 09:19:54.766,0.76067,0.76084,1.00,1.10
2018.05.30 09:19:54.818,0.76066,0.76081,1.00,1.00
2018.05.30 09:19:55.587,0.76065,0.7608,1.00,1.00
2018.05.30 09:19:56.415,0.76066,0.76081,1.00,1.00
2018.05.30 09:19:57.250,0.76066,0.76083,1.00,1.00
2018.05.30 09:19:58.616,0.76067,0.76082,1.00,1.00
2018.05.30 09:19:59.232,0.76066,0.76084,1.00,1.10
2018.05.30 09:19:59.828,0.76066,0.76083,1.00,1.00
2018.05.30 09:20:05.364,0.76065,0.76081,1.00,1.00
2018.05.30 09:20:05.518,0.76066,0.76083,1.00,1.00
2018.05.30 09:20:05.640,0.76069,0.76084,1.00,1.00
2018.05.30 09:20:06.434,0.76069,0.76085,1.00,1.00
2018.05.30 09:20:07.436,0.76067,0.76085,1.00,1.00
2018.05.30 09:20:07.537,0.76068,0.76083,1.00,1.00
2018.05.30 09:20:14.572,0.76065,0.76082,1.00,1.00
2018.05.30 09:20:14.837,0.76067,0.76082,1.00,1.00
2018.05.30 09:20:15.692,0.76067,0.76083,1.00,1.00
2018.05.30 09:20:15.743,0.76068,0.76085,1.00,1.10
2018.05.30 09:20:15.846,0.7607,0.76085,1.00,1.00
2018.05.30 09:20:16.289,0.76068,0.76083,1.00,1.00
2018.05.30 09:20:17.367,0.76067,0.76083,1.00,1.00
2018.05.30 09:20:20.420,0.76067,0.76082,1.00,1.00
2018.05.30 09:20:23.643,0.76066,0.76084,1.00,1.00
2018.05.30 09:20:26.110,0.76065,0.76084,1.12,1.00
2018.05.30 09:20:28.912,0.76066,0.76084,1.00,1.00
2018.05.30 09:20:28.964,0.76068,0.76084,1.00,1.00
2018.05.30 09:20:31.105,0.76069,0.76085,1.00,1.00
2018.05.30 09:20:31.607,0.76071,0.76087,1.00,1.00
2018.05.30 09:20:31.909,0.7607,0.76085,1.00,1.00
2018.05.30 09:20:32.460,0.76069,0.76084,1.00,1.00
2018.05.30 09:20:32.613,0.7607,0.76087,1.00,1.10
2018.05.30 09:20:32.664,0.7607,0.76085,1.00,1.00
2018.05.30 09:20:37.350,0.76072,0.76087,1.00,1.00
2018.05.30 09:20:37.663,0.7607,0.76087,1.12,1.00
2018.05.30 09:20:44.431,0.7607,0.76086,1.00,1.00
2018.05.30 09:20:44.933,0.76069,0.76086,1.00,1.00
2018.05.30 09:20:48.229,0.76069,0.76085,1.00,1.00
2018.05.30 09:20:48.751,0.7607,0.76086,1.00,1.00
2018.05.30 09:20:49.413,0.76069,0.76085,1.00,1.00
2018.05.30 09:20:50.782,0.7607,0.76085,1.00,1.00
2018.05.30 09:20:51.282,0.76072,0.76087,1.00,1.00
2018.05.30 09:20:51.560,0.76073,0.76089,1.00,1.00
2018.05.30 09:20:52.330,0.76073,0.76088,1.00,1.00
2018.05.30 09:20:52.871,0.76074,0.76089,1.00,1.00
2018.05.30 09:20:56.237,0.76075,0.7609,1.00,1.00
2018.05.30 09:20:58.081,0.76075,0.76092,1.00,1.00
2018.05.30 09:20:58.234,0.76078,0.76093,1.00,1.00
2018.05.30 09:20:58.336,0.76079,0.76097,1.00,1.50
2018.05.30 09:20:58.388,0.76079,0.76094,1.00,1.00
2018.05.30 09:20:58.439,0.7608,0.76096,1.00,1.50
2018.05.30 09:20:58.491,0.76078,0.76095,1.00,1.00
2018.05.30 09:20:58.676,0.7608,0.76095,1.00,1.00
2018.05.30 09:20:59.057,0.76076,0.76092,1.10,1.00
2018.05.30 09:20:59.311,0.76078,0.76094,1.00,1.50
2018.05.30 09:20:59.413,0.76076,0.76093,1.00,1.00
2018.05.30 09:20:59.464,0.76079,0.76094,1.00,1.00
2018.05.30 09:20:59.566,0.76077,0.76094,1.00,1.00
2018.05.30 09:20:59.617,0.76077,0.76092,1.00,1.00
2018.05.30 09:21:00.357,0.76077,0.76094,1.00,1.00
2018.05.30 09:21:01.117,0.76077,0.76093,1.00,1.00
2018.05.30 09:21:02.173,0.76076,0.76092,1.00,1.00
2018.05.30 09:21:02.768,0.76077,0.76092,1.00,1.00
2018.05.30 09:21:03.425,0.76075,0.76095,1.00,1.10
2018.05.30 09:21:03.526,0.76078,0.76094,1.00,1.00
2018.05.30 09:21:04.027,0.76077,0.76093,1.00,1.00
2018.05.30 09:21:04.309,0.76078,0.76095,1.00,1.00
2018.05.30 09:21:04.360,0.76074,0.76091,1.00,1.00
2018.05.30 09:21:05.079,0.76074,0.7609,1.00,1.00
2018.05.30 09:21:10.834,0.76074,0.76089,1.00,1.00
2018.05.30 09:21:10.935,0.76068,0.76086,2.32,1.00
2018.05.30 09:21:11.037,0.76067,0.76085,1.10,1.00
2018.05.30 09:21:11.087,0.76067,0.76083,1.10,1.00
2018.05.30 09:21:11.694,0.76067,0.76082,1.00,1.00
2018.05.30 09:21:12.222,0.76066,0.76082,1.00,1.00
2018.05.30 09:21:12.502,0.76066,0.76084,1.00,1.00
2018.05.30 09:21:13.471,0.76067,0.76082,1.00,1.00
2018.05.30 09:21:14.008,0.76065,0.76081,1.00,1.00
2018.05.30 09:21:14.115,0.76064,0.76079,1.00,1.00
2018.05.30 09:21:14.268,0.7606,0.76076,1.00,1.00
2018.05.30 09:21:14.873,0.76059,0.76075,1.00,1.00
2018.05.30 09:21:15.329,0.76061,0.76077,1.00,1.10
2018.05.30 09:21:15.481,0.7606,0.76079,1.00,1.00
2018.05.30 09:21:15.571,0.76062,0.76079,1.00,1.00
2018.05.30 09:21:15.976,0.76064,0.7608,1.00,1.57
2018.05.30 09:21:16.572,0.76063,0.76079,1.00,1.00
2018.05.30 09:21:18.070,0.7606,0.7608,1.10,1.00
2018.05.30 09:21:18.124,0.76061,0.76078,1.00,1.00
2018.05.30 09:21:18.475,0.7606,0.7608,1.00,1.57
2018.05.30 09:21:18.627,0.76062,0.7608,1.12,1.00
2018.05.30 09:21:19.284,0.76062,0.76079,1.12,1.00
2018.05.30 09:21:19.873,0.76062,0.7608,1.12,1.00
2018.05.30 09:21:20.236,0.76064,0.76081,1.00,1.50
2018.05.30 09:21:20.525,0.76065,0.76083,1.00,1.50
2018.05.30 09:21:22.603,0.76066,0.76081,1.00,1.00
2018.05.30 09:21:26.846,0.76065,0.7608,1.00,1.00
2018.05.30 09:21:27.026,0.76063,0.76081,1.00,1.00
2018.05.30 09:21:27.696,0.76065,0.7608,1.00,1.00
2018.05.30 09:21:28.579,0.76064,0.7608,1.00,1.00
2018.05.30 09:21:29.577,0.76065,0.7608,1.00,1.00
2018.05.30 09:21:32.393,0.76064,0.7608,1.00,1.00
2018.05.30 09:21:37.306,0.76064,0.76081,1.00,1.00
2018.05.30 09:21:41.899,0.76064,0.7608,1.00,1.00
2018.05.30 09:21:42.560,0.76064,0.76079,1.00,1.00
2018.05.30 09:21:43.429,0.76068,0.76083,1.00,2.25
2018.05.30 09:21:43.530,0.76068,0.76085,1.00,1.00
2018.05.30 09:21:43.632,0.7607,0.76086,1.00,1.00
2018.05.30 09:21:44.444,0.76069,0.76085,1.00,1.00
2018.05.30 09:21:45.383,0.76067,0.76085,1.10,1.00
2018.05.30 09:21:45.434,0.76066,0.76081,1.57,1.00
2018.05.30 09:21:45.689,0.76065,0.76082,1.10,1.00
2018.05.30 09:21:45.875,0.76069,0.76084,1.00,1.00
2018.05.30 09:21:45.926,0.76067,0.76085,1.00,1.00
2018.05.30 09:21:46.615,0.76068,0.76086,1.00,1.00
2018.05.30 09:21:46.666,0.7607,0.76085,1.00,1.00
2018.05.30 09:21:47.000,0.76073,0.76088,1.00,1.00
2018.05.30 09:21:47.102,0.76074,0.7609,1.00,1.00
2018.05.30 09:21:47.607,0.76073,0.7609,1.00,1.00
2018.05.30 09:21:49.113,0.76074,0.7609,1.00,1.00
2018.05.30 09:21:49.449,0.76073,0.76088,1.00,1.00
2018.05.30 09:21:49.990,0.76073,0.76089,1.00,1.00
2018.05.30 09:21:50.528,0.76074,0.7609,1.00,1.00
2018.05.30 09:21:51.617,0.76074,0.76089,1.00,1.00
2018.05.30 09:21:52.304,0.76074,0.7609,1.00,1.00
2018.05.30 09:21:52.915,0.76075,0.7609,1.00,1.00
2018.05.30 09:21:53.475,0.76074,0.76089,1.00,1.00
2018.05.30 09:21:53.588,0.76075,0.76093,1.00,1.57
2018.05.30 09:21:53.639,0.76078,0.76093,1.00,1.00
2018.05.30 09:21:53.881,0.76081,0.76097,1.00,1.00
2018.05.30 09:21:54.039,0.7608,0.76095,1.00,1.00
2018.05.30 09:21:54.632,0.76077,0.76092,1.00,1.00
2018.05.30 09:21:54.978,0.76079,0.76096,1.00,1.10
2018.05.30 09:21:56.604,0.76078,0.76095,1.00,1.00
2018.05.30 09:21:56.855,0.76078,0.76093,1.00,1.00
2018.05.30 09:21:57.671,0.76079,0.76094,1.00,1.00
2018.05.30 09:21:58.086,0.76079,0.76096,1.00,1.00
2018.05.30 09:21:58.615,0.7608,0.76095,1.00,1.00
2018.05.30 09:21:59.137,0.76079,0.76094,1.00,1.00
2018.05.30 09:22:00.629,0.7608,0.76095,1.00,1.00
2018.05.30 09:22:00.883,0.76078,0.76093,1.00,1.00
2018.05.30 09:22:00.934,0.76076,0.76092,1.50,1.00
2018.05.30 09:22:00.986,0.76078,0.76093,1.00,1.00
2018.05.30 09:22:01.343,0.76075,0.7609,1.00,1.00
2018.05.30 09:22:01.700,0.76072,0.76087,1.00,1.00
2018.05.30 09:22:02.122,0.7607,0.76085,1.00,1.00
2018.05.30 09:22:02.600,0.7607,0.76087,1.00,1.00
2018.05.30 09:22:02.686,0.7607,0.76085,1.00,1.00
2018.05.30 09:22:03.972,0.76069,0.76084,1.00,1.00
2018.05.30 09:22:04.278,0.7607,0.76086,1.00,1.00
2018.05.30 09:22:04.821,0.7607,0.76085,1.00,1.00
2018.05.30 09:22:05.399,0.76069,0.76085,1.00,1.00
2018.05.30 09:22:05.840,0.76071,0.76086,1.00,1.00
2018.05.30 09:22:05.941,0.76069,0.76087,1.00,1.00
2018.05.30 09:22:06.043,0.7607,0.76085,1.00,1.00
2018.05.30 09:22:06.191,0.76065,0.76083,1.50,1.00
2018.05.30 09:22:06.293,0.76065,0.76081,1.00,1.00
2018.05.30 09:22:06.882,0.76066,0.76081,1.00,1.00
2018.05.30 09:22:07.306,0.76065,0.76083,1.00,1.00
2018.05.30 09:22:07.570,0.76065,0.7608,1.00,1.00
2018.05.30 09:22:08.213,0.76064,0.76079,1.00,1.00
2018.05.30 09:22:08.731,0.76065,0.76081,1.00,1.00
2018.05.30 09:22:08.849,0.76067,0.76084,1.00,1.57
2018.05.30 09:22:09.354,0.76068,0.76083,1.00,1.00
2018.05.30 09:22:09.725,0.76068,0.76085,1.00,1.10
2018.05.30 09:22:09.826,0.76068,0.76083,1.00,1.00
2018.05.30 09:22:10.841,0.76069,0.76085,1.00,1.57
2018.05.30 09:22:11.039,0.76067,0.76084,1.00,1.00
2018.05.30 09:22:11.575,0.76066,0.76083,1.00,1.00
2018.05.30 09:22:11.743,0.76068,0.76083,1.00,1.00
2018.05.30 09:22:12.254,0.76068,0.76084,1.00,1.00
2018.05.30 09:22:12.590,0.76071,0.76086,1.00,1.00
2018.05.30 09:22:14.795,0.76072,0.76088,1.00,1.45
2018.05.30 09:22:15.051,0.76073,0.7609,1.00,1.10
2018.05.30 09:22:15.575,0.76073,0.76088,1.00,1.00
2018.05.30 09:22:15.678,0.76071,0.76087,1.00,1.00
2018.05.30 09:22:16.247,0.76072,0.76087,1.00,1.00
2018.05.30 09:22:16.598,0.76069,0.76086,1.00,1.00
2018.05.30 09:22:17.654,0.76069,0.76087,1.00,1.10
2018.05.30 09:22:18.079,0.76067,0.76084,1.50,1.00
2018.05.30 09:22:18.396,0.76069,0.76084,1.00,1.00
2018.05.30 09:22:18.650,0.7607,0.76087,1.00,1.10
2018.05.30 09:22:18.752,0.76067,0.76086,1.00,1.10
2018.05.30 09:22:19.254,0.76067,0.76086,1.00,1.20
2018.05.30 09:22:19.635,0.76068,0.76083,1.00,1.00
2018.05.30 09:22:20.141,0.76069,0.76084,1.00,1.00
2018.05.30 09:22:20.643,0.76069,0.76086,1.00,1.10
2018.05.30 09:22:20.845,0.76071,0.76086,1.00,1.00
2018.05.30 09:22:21.119,0.7607,0.76088,1.00,1.10
2018.05.30 09:22:21.440,0.76072,0.76087,1.00,1.00
2018.05.30 09:22:21.962,0.76072,0.76088,1.50,1.00
2018.05.30 09:22:23.116,0.76071,0.76088,1.50,1.00
2018.05.30 09:22:23.994,0.76073,0.76088,1.00,1.00
2018.05.30 09:22:24.308,0.76075,0.7609,1.00,1.50
2018.05.30 09:22:26.975,0.76072,0.76089,1.00,1.00
2018.05.30 09:22:28.167,0.76073,0.7609,1.00,2.25
2018.05.30 09:22:28.219,0.76076,0.7609,1.00,1.00
2018.05.30 09:22:28.320,0.76077,0.76092,1.00,1.00
2018.05.30 09:22:28.833,0.76078,0.76093,1.00,1.00
2018.05.30 09:22:28.964,0.76076,0.76093,1.00,1.00
2018.05.30 09:22:29.089,0.76078,0.76093,1.00,1.00
2018.05.30 09:22:29.958,0.76077,0.76092,1.00,1.00
2018.05.30 09:22:30.009,0.76077,0.76094,1.00,1.57
2018.05.30 09:22:30.850,0.76078,0.76095,1.00,1.57
2018.05.30 09:22:31.519,0.7608,0.76095,1.00,1.00
2018.05.30 09:22:31.708,0.76078,0.76094,1.00,1.00
2018.05.30 09:22:31.810,0.76076,0.76091,1.00,1.00
2018.05.30 09:22:31.861,0.76073,0.76089,1.00,1.00
2018.05.30 09:22:32.317,0.76075,0.76091,1.00,1.57
2018.05.30 09:22:32.650,0.76077,0.76093,1.00,1.57
2018.05.30 09:22:33.091,0.76075,0.76092,1.00,1.00
2018.05.30 09:22:33.141,0.76077,0.76093,1.00,1.10
2018.05.30 09:22:33.719,0.76078,0.76093,1.00,1.00
2018.05.30 09:22:34.711,0.76078,0.76095,1.00,1.57
2018.05.30 09:22:35.334,0.76078,0.76093,1.00,1.00
2018.05.30 09:22:35.538,0.76074,0.7609,1.00,1.00
2018.05.30 09:22:36.070,0.76073,0.7609,1.00,1.00
2018.05.30 09:22:36.121,0.76075,0.7609,1.00,1.00
2018.05.30 09:22:37.160,0.76073,0.7609,1.00,1.00
2018.05.30 09:22:37.738,0.76074,0.76089,1.00,1.00
2018.05.30 09:22:38.317,0.76073,0.76089,1.00,1.00
2018.05.30 09:22:38.858,0.76074,0.76089,1.00,1.00
2018.05.30 09:22:39.318,0.76076,0.76091,1.00,1.00
2018.05.30 09:22:39.420,0.76074,0.76091,1.00,1.00
2018.05.30 09:22:40.148,0.76076,0.76091,1.00,1.00
2018.05.30 09:22:40.401,0.76078,0.76095,1.00,1.20
2018.05.30 09:22:40.502,0.7608,0.76095,1.00,1.00
2018.05.30 09:22:40.553,0.76078,0.76095,1.00,1.00
2018.05.30 09:22:40.685,0.76078,0.76093,1.00,1.00
2018.05.30 09:22:40.786,0.76076,0.76094,1.00,1.57
2018.05.30 09:22:40.837,0.76075,0.76092,1.00,1.00
2018.05.30 09:22:41.336,0.76072,0.7609,1.57,1.00
2018.05.30 09:22:41.388,0.76074,0.76091,1.00,1.10
2018.05.30 09:22:41.788,0.76072,0.76091,1.00,1.10
2018.05.30 09:22:41.839,0.76074,0.7609,1.00,1.00
2018.05.30 09:22:42.250,0.76076,0.76092,1.00,1.95
2018.05.30 09:22:42.352,0.76074,0.7609,1.00,1.00
2018.05.30 09:22:42.403,0.76075,0.76092,1.00,1.50
2018.05.30 09:22:42.454,0.76077,0.76092,1.00,1.50
2018.05.30 09:22:42.883,0.76076,0.76094,1.00,1.10
2018.05.30 09:22:43.041,0.76077,0.76092,1.00,1.00
2018.05.30 09:22:43.253,0.76076,0.76094,1.00,1.10
2018.05.30 09:22:43.378,0.76077,0.76092,1.00,1.00
2018.05.30 09:22:43.913,0.76076,0.76093,1.00,1.00
2018.05.30 09:22:44.264,0.7607,0.76087,1.00,1.00
2018.05.30 09:22:44.596,0.7607,0.76085,1.00,1.00
2018.05.30 09:22:44.811,0.76071,0.76087,1.00,1.10
2018.05.30 09:22:45.326,0.76071,0.76086,1.00,1.00
2018.05.30 09:22:45.895,0.76069,0.76085,1.00,1.00
2018.05.30 09:22:46.505,0.76069,0.76084,1.00,1.00
2018.05.30 09:22:47.269,0.76066,0.76084,1.10,1.00
2018.05.30 09:22:47.320,0.76067,0.76082,1.00,1.00
2018.05.30 09:22:47.522,0.76064,0.76081,1.00,1.00
2018.05.30 09:22:47.667,0.76064,0.76079,1.00,1.00
2018.05.30 09:22:48.323,0.76063,0.76078,1.50,1.00
2018.05.30 09:22:48.374,0.76064,0.76082,1.00,1.57
2018.05.30 09:22:48.425,0.76066,0.76081,1.00,1.00
2018.05.30 09:22:48.680,0.76066,0.76084,1.00,1.00
2018.05.30 09:22:48.733,0.76067,0.76082,1.00,1.00
2018.05.30 09:22:49.249,0.76068,0.76083,1.00,1.10
2018.05.30 09:22:51.182,0.76068,0.76084,1.00,1.00
2018.05.30 09:22:52.413,0.76067,0.76084,1.00,1.00
2018.05.30 09:22:52.877,0.76069,0.76085,1.00,1.10
2018.05.30 09:22:53.247,0.7607,0.76087,1.00,1.20
2018.05.30 09:22:53.870,0.7607,0.76086,1.00,1.00
2018.05.30 09:22:54.304,0.76068,0.76085,1.00,1.00
2018.05.30 09:22:54.459,0.7607,0.76085,1.00,1.00
2018.05.30 09:22:54.511,0.76068,0.76084,1.00,1.00
2018.05.30 09:22:54.805,0.7607,0.76085,1.00,1.10
2018.05.30 09:22:55.357,0.76069,0.76085,1.00,1.00
2018.05.30 09:22:56.014,0.7607,0.76085,1.00,1.00
2018.05.30 09:22:56.180,0.76068,0.76085,1.00,1.00
2018.05.30 09:22:56.285,0.7607,0.76085,1.00,1.00
2018.05.30 09:22:56.487,0.7607,0.76088,1.00,1.57
2018.05.30 09:22:56.538,0.76071,0.76086,1.00,1.00
2018.05.30 09:22:57.069,0.76072,0.76087,1.00,1.00
2018.05.30 09:22:57.648,0.76072,0.76088,1.00,1.00
2018.05.30 09:22:58.094,0.76076,0.76091,1.00,2.70
2018.05.30 09:22:58.659,0.76075,0.76091,1.00,1.50
2018.05.30 09:22:59.308,0.76075,0.7609,1.00,1.00
2018.05.30 09:22:59.511,0.76071,0.76088,1.00,1.00
2018.05.30 09:22:59.969,0.76074,0.76089,1.00,1.00
2018.05.30 09:23:00.191,0.76072,0.76089,1.50,1.00
2018.05.30 09:23:00.640,0.76074,0.76089,1.00,1.00
2018.05.30 09:23:01.328,0.76073,0.76088,1.00,1.00
2018.05.30 09:23:02.272,0.76074,0.76089,1.00,1.00
2018.05.30 09:23:02.476,0.76079,0.76095,1.00,1.50
2018.05.30 09:23:03.033,0.76079,0.76096,1.00,1.10
2018.05.30 09:23:03.084,0.76078,0.76094,1.00,1.00
2018.05.30 09:23:03.491,0.7608,0.76095,1.00,1.00
2018.05.30 09:23:04.299,0.76079,0.76094,1.00,1.00
2018.05.30 09:23:04.637,0.76076,0.76093,1.20,1.00
2018.05.30 09:23:04.689,0.76076,0.76091,1.20,1.00
2018.05.30 09:23:04.793,0.76075,0.76092,1.57,1.00
2018.05.30 09:23:05.305,0.76076,0.76092,1.00,1.00
2018.05.30 09:23:05.833,0.76076,0.76091,1.00,1.00
2018.05.30 09:23:06.995,0.76076,0.76093,1.10,1.00
2018.05.30 09:23:07.603,0.76075,0.76092,1.10,1.00
2018.05.30 09:23:11.020,0.76077,0.76092,1.00,1.00
2018.05.30 09:23:11.564,0.76076,0.76093,1.00,1.10
2018.05.30 09:23:12.180,0.76075,0.76092,1.00,1.00
2018.05.30 09:23:12.988,0.76078,0.76094,1.00,1.00
2018.05.30 09:23:13.081,0.76078,0.76096,1.00,1.10
2018.05.30 09:23:13.388,0.7608,0.76095,1.00,1.00
2018.05.30 09:23:13.928,0.76079,0.76095,1.50,1.00
2018.05.30 09:23:14.508,0.7608,0.76095,1.00,1.00
2018.05.30 09:23:15.262,0.76081,0.76096,1.00,1.00
2018.05.30 09:23:15.313,0.76079,0.76096,1.00,1.00
2018.05.30 09:23:16.965,0.7608,0.76097,1.00,1.00
2018.05.30 09:23:17.515,0.76081,0.76096,1.00,1.00
2018.05.30 09:23:17.676,0.76078,0.76093,1.20,1.00
2018.05.30 09:23:17.781,0.76079,0.76096,1.00,1.00
2018.05.30 09:23:17.933,0.76082,0.76098,1.00,1.10
2018.05.30 09:23:18.241,0.76084,0.761,1.00,1.50
2018.05.30 09:23:18.422,0.76082,0.76099,1.00,1.00
2018.05.30 09:23:18.981,0.76082,0.761,1.00,1.50
2018.05.30 09:23:19.708,0.76082,0.76099,1.00,1.00
2018.05.30 09:23:20.221,0.76083,0.76098,1.00,1.00
2018.05.30 09:23:20.452,0.76081,0.76099,1.10,1.00
2018.05.30 09:23:20.757,0.76083,0.76097,1.00,1.00
2018.05.30 09:23:20.864,0.76082,0.76099,1.00,1.10
2018.05.30 09:23:21.095,0.76081,0.76096,1.00,1.00
2018.05.30 09:23:21.597,0.76081,0.76095,1.00,1.00
2018.05.30 09:23:22.139,0.7608,0.76095,1.00,1.00
2018.05.30 09:23:22.642,0.76079,0.76094,1.10,1.00
2018.05.30 09:23:22.981,0.76076,0.76091,1.00,1.00
2018.05.30 09:23:23.560,0.76076,0.76094,1.00,1.00
2018.05.30 09:23:23.611,0.76077,0.76092,1.00,1.00
2018.05.30 09:23:24.181,0.76076,0.76091,1.00,1.00
2018.05.30 09:23:25.270,0.76075,0.76092,1.00,1.00
2018.05.30 09:23:25.597,0.76077,0.76092,1.00,1.00
2018.05.30 09:23:26.174,0.76076,0.76093,1.10,1.00
2018.05.30 09:23:26.647,0.76077,0.76091,1.00,1.00
2018.05.30 09:23:26.849,0.76077,0.76093,1.00,1.00
2018.05.30 09:23:27.217,0.76076,0.76091,1.00,1.00
2018.05.30 09:23:29.729,0.76077,0.76093,1.00,1.00
2018.05.30 09:23:29.780,0.76077,0.76091,1.00,1.00
2018.05.30 09:23:30.703,0.76076,0.76091,1.00,1.00
2018.05.30 09:23:31.464,0.76076,0.7609,1.00,1.00
2018.05.30 09:23:32.132,0.76076,0.76091,1.50,1.00
2018.05.30 09:23:32.464,0.76078,0.76092,1.00,1.00
2018.05.30 09:23:32.690,0.76079,0.76094,1.00,1.00
2018.05.30 09:23:33.268,0.76079,0.76095,1.00,1.00
2018.05.30 09:23:33.816,0.76078,0.76095,1.50,1.00
2018.05.30 09:23:34.391,0.76078,0.76093,1.50,1.00
2018.05.30 09:23:36.492,0.76077,0.76091,1.00,1.00
2018.05.30 09:23:36.695,0.76075,0.76092,1.00,1.00
2018.05.30 09:23:36.848,0.76077,0.76092,1.00,1.00
2018.05.30 09:23:37.333,0.76078,0.76094,1.00,1.00
2018.05.30 09:23:37.384,0.76081,0.76094,1.00,1.00
2018.05.30 09:23:37.435,0.76082,0.76096,1.00,1.00
2018.05.30 09:23:37.637,0.7608,0.76095,1.50,1.50
2018.05.30 09:23:38.215,0.7608,0.76093,1.00,1.00
2018.05.30 09:23:38.266,0.76076,0.76091,1.95,1.00
2018.05.30 09:23:38.419,0.76077,0.76094,1.00,1.50
2018.05.30 09:23:38.664,0.76079,0.76096,1.00,1.00
2018.05.30 09:23:39.193,0.7608,0.76095,1.00,1.00
2018.05.30 09:23:39.765,0.76079,0.76096,1.00,1.00
2018.05.30 09:23:40.206,0.76081,0.76096,1.50,1.00
2018.05.30 09:23:40.350,0.76081,0.76098,1.00,1.50
2018.05.30 09:23:41.214,0.7608,0.76097,1.57,1.00
2018.05.30 09:23:41.366,0.76083,0.76098,1.00,1.00
2018.05.30 09:23:41.569,0.76085,0.76102,1.00,1.50
2018.05.30 09:23:42.065,0.76085,0.761,1.50,1.00
2018.05.30 09:23:42.710,0.76085,0.76099,1.00,1.00
2018.05.30 09:23:42.913,0.76085,0.76101,1.00,1.00
2018.05.30 09:23:43.074,0.76084,0.76099,1.00,1.00
2018.05.30 09:23:43.176,0.76086,0.76102,1.00,1.50
2018.05.30 09:23:43.480,0.76084,0.76102,1.57,1.00
2018.05.30 09:23:44.007,0.76085,0.76101,1.00,1.00
2018.05.30 09:23:44.058,0.76087,0.76101,1.00,1.00
2018.05.30 09:23:44.333,0.76087,0.76103,1.00,1.00
2018.05.30 09:23:44.494,0.76086,0.76101,1.00,1.00
2018.05.30 09:23:45.007,0.76087,0.76102,1.00,1.00
2018.05.30 09:23:45.238,0.76088,0.76106,1.00,2.25
2018.05.30 09:23:45.339,0.7609,0.76105,1.00,1.00
2018.05.30 09:23:45.441,0.76087,0.76104,1.20,1.00
2018.05.30 09:23:45.729,0.76091,0.76106,1.00,1.00
2018.05.30 09:23:46.032,0.76093,0.76108,1.00,2.25
2018.05.30 09:23:46.399,0.76091,0.76106,1.00,1.00
2018.05.30 09:23:46.922,0.76092,0.76107,1.00,1.00
2018.05.30 09:23:47.468,0.76092,0.76106,1.00,1.00
2018.05.30 09:23:48.098,0.76092,0.76107,1.00,1.00
2018.05.30 09:23:48.400,0.76094,0.76108,1.00,1.00
2018.05.30 09:23:49.304,0.76092,0.76109,1.10,1.00
2018.05.30 09:23:49.939,0.76094,0.76109,1.00,1.00
2018.05.30 09:23:50.467,0.76094,0.76108,1.00,1.00
2018.05.30 09:23:50.664,0.76092,0.76109,1.00,1.00
2018.05.30 09:23:50.765,0.76092,0.76107,1.00,1.00
2018.05.30 09:23:51.261,0.76093,0.7611,1.00,1.00
2018.05.30 09:23:51.517,0.76093,0.76108,1.00,1.00
2018.05.30 09:23:52.079,0.76093,0.76107,1.00,1.00
2018.05.30 09:23:52.580,0.76092,0.76107,1.00,1.00
2018.05.30 09:23:53.335,0.76093,0.76108,1.00,1.00
2018.05.30 09:23:53.971,0.76091,0.76108,1.00,1.00
2018.05.30 09:23:54.022,0.76091,0.76106,1.00,1.00
2018.05.30 09:23:54.325,0.76093,0.76108,1.00,1.00
2018.05.30 09:23:56.349,0.76094,0.76109,1.00,1.00
2018.05.30 09:23:57.755,0.76097,0.76111,1.00,1.00
2018.05.30 09:23:57.806,0.76094,0.76109,1.00,1.00
2018.05.30 09:23:58.370,0.76093,0.76108,1.00,1.00
2018.05.30 09:23:59.080,0.76094,0.76109,1.00,1.00
2018.05.30 09:23:59.182,0.76096,0.76111,1.00,1.00
2018.05.30 09:23:59.693,0.76097,0.76112,1.00,1.00
2018.05.30 09:23:59.748,0.76098,0.76114,1.00,1.00
2018.05.30 09:24:00.000,0.76099,0.76116,1.00,1.10
2018.05.30 09:24:00.931,0.76101,0.76116,1.00,1.00
2018.05.30 09:24:00.982,0.76099,0.76116,1.00,1.00
2018.05.30 09:24:01.779,0.761,0.76114,1.00,1.00
2018.05.30 09:24:02.460,0.76099,0.76114,1.00,1.00
2018.05.30 09:24:03.231,0.761,0.76114,1.00,1.00
2018.05.30 09:24:03.779,0.761,0.76115,1.00,1.00
2018.05.30 09:24:04.782,0.76099,0.76114,1.00,1.00
2018.05.30 09:24:05.086,0.76094,0.76108,1.00,1.00
2018.05.30 09:24:05.467,0.7609,0.76105,1.00,1.00
2018.05.30 09:24:06.256,0.76092,0.76107,1.00,1.00
2018.05.30 09:24:06.357,0.76092,0.76109,1.00,1.20
2018.05.30 09:24:06.883,0.7609,0.76105,1.00,1.00
2018.05.30 09:24:07.086,0.7609,0.76107,1.00,1.00
2018.05.30 09:24:07.643,0.76092,0.76107,1.00,1.00
2018.05.30 09:24:08.408,0.76091,0.76108,1.00,1.00
2018.05.30 09:24:08.774,0.7609,0.76106,1.00,1.00
2018.05.30 09:24:09.289,0.76089,0.76106,1.00,1.00
2018.05.30 09:24:09.704,0.76091,0.76105,1.00,1.00
2018.05.30 09:24:09.858,0.76089,0.76106,1.00,1.00
2018.05.30 09:24:09.909,0.76091,0.76105,1.00,1.00
2018.05.30 09:24:09.997,0.76089,0.76106,1.00,1.00
2018.05.30 09:24:10.164,0.76091,0.76106,1.00,1.00
2018.05.30 09:24:10.322,0.76091,0.76108,1.00,1.00
2018.05.30 09:24:10.473,0.7609,0.76106,1.00,1.00
2018.05.30 09:24:11.107,0.7609,0.76105,1.00,1.00
2018.05.30 09:24:11.686,0.7609,0.76106,1.00,1.00
2018.05.30 09:24:12.196,0.76092,0.76108,1.00,1.00
2018.05.30 09:24:12.315,0.7609,0.76109,1.00,1.00
2018.05.30 09:24:12.736,0.76092,0.76107,1.00,1.00
2018.05.30 09:24:13.256,0.76092,0.76108,1.00,1.00
2018.05.30 09:24:13.793,0.76092,0.76107,1.00,1.00
2018.05.30 09:24:14.150,0.76095,0.7611,1.00,1.50
2018.05.30 09:24:14.201,0.76093,0.7611,1.00,1.50
2018.05.30 09:24:14.495,0.76093,0.76108,1.00,1.00
2018.05.30 09:24:14.641,0.76092,0.76111,1.00,1.00
2018.05.30 09:24:14.692,0.76092,0.76109,1.00,1.00
2018.05.30 09:24:14.995,0.76091,0.76106,1.00,1.00
2018.05.30 09:24:15.595,0.7609,0.76106,1.00,1.00
2018.05.30 09:24:16.107,0.76091,0.76106,1.00,1.00
2018.05.30 09:24:16.696,0.7609,0.76106,1.00,1.00
2018.05.30 09:24:18.072,0.76091,0.76106,1.00,1.00
2018.05.30 09:24:18.244,0.76091,0.76108,1.00,1.00
2018.05.30 09:24:18.704,0.7609,0.76105,2.25,1.00
2018.05.30 09:24:18.867,0.76091,0.76107,1.00,1.00
2018.05.30 09:24:19.816,0.76091,0.76108,1.00,1.00
2018.05.30 09:24:20.340,0.76092,0.76107,1.00,1.00
2018.05.30 09:24:21.010,0.7609,0.76108,1.07,1.00
2018.05.30 09:24:21.061,0.76091,0.76106,1.00,1.00
2018.05.30 09:24:21.584,0.76092,0.76107,1.00,1.00
2018.05.30 09:24:21.685,0.7609,0.76107,1.10,1.00
2018.05.30 09:24:22.576,0.76092,0.76107,1.00,1.00
2018.05.30 09:24:24.027,0.76093,0.76108,1.00,1.00
2018.05.30 09:24:24.337,0.76096,0.76111,1.00,1.00
2018.05.30 09:24:24.676,0.76091,0.76106,1.00,1.00
2018.05.30 09:24:25.834,0.76091,0.76107,1.10,1.00
2018.05.30 09:24:27.244,0.76091,0.76108,1.00,1.00
2018.05.30 09:24:27.771,0.7609,0.76107,1.10,1.00
2018.05.30 09:24:28.083,0.76092,0.76109,1.00,1.00
2018.05.30 09:24:28.388,0.76091,0.76107,1.00,1.00
2018.05.30 09:24:28.901,0.76091,0.76106,1.00,1.00
2018.05.30 09:24:30.031,0.76092,0.76107,1.00,1.00
2018.05.30 09:24:30.360,0.7609,0.76107,1.10,1.00
2018.05.30 09:24:31.320,0.7609,0.76106,1.00,1.00
2018.05.30 09:24:32.903,0.7609,0.76105,1.00,1.00
2018.05.30 09:24:33.442,0.76091,0.76106,1.00,1.00
2018.05.30 09:24:33.913,0.7609,0.76104,1.00,1.00
2018.05.30 09:24:34.814,0.76088,0.76105,1.20,1.00
2018.05.30 09:24:35.347,0.7609,0.76105,1.00,1.00
2018.05.30 09:24:36.072,0.76091,0.76106,1.00,1.00
2018.05.30 09:24:36.863,0.7609,0.76105,1.00,1.00
2018.05.30 09:24:37.577,0.7609,0.76106,1.00,1.00
2018.05.30 09:24:38.101,0.76091,0.76106,1.00,1.00
2018.05.30 09:24:40.918,0.7609,0.76106,1.10,1.00
2018.05.30 09:24:42.201,0.76091,0.76106,1.00,1.00
2018.05.30 09:24:43.379,0.76091,0.76107,1.00,1.00
2018.05.30 09:24:43.708,0.76096,0.76111,1.00,1.00
2018.05.30 09:24:44.492,0.76094,0.76111,1.57,1.00
2018.05.30 09:24:44.610,0.76094,0.76109,1.57,1.00
2018.05.30 09:24:45.121,0.76093,0.76109,1.00,1.00
2018.05.30 09:24:45.426,0.76096,0.76112,1.00,1.00
2018.05.30 09:24:46.407,0.76093,0.7611,1.00,1.00
2018.05.30 09:24:46.517,0.76092,0.76107,1.00,1.00
2018.05.30 09:24:46.618,0.7609,0.76106,1.57,1.00
2018.05.30 09:24:48.451,0.7609,0.76105,1.00,1.00
2018.05.30 09:24:49.001,0.76091,0.76106,1.00,1.00
2018.05.30 09:24:49.053,0.76093,0.76109,1.00,1.50
2018.05.30 09:24:49.720,0.76094,0.76109,1.00,1.00
2018.05.30 09:24:51.190,0.76095,0.76109,1.00,1.00
2018.05.30 09:24:51.241,0.76096,0.76111,1.00,1.00
2018.05.30 09:24:51.294,0.76094,0.76109,1.00,1.00
2018.05.30 09:24:51.733,0.76092,0.76107,1.00,1.00
2018.05.30 09:24:52.114,0.76094,0.76109,1.00,1.00
2018.05.30 09:24:52.683,0.76094,0.76111,1.00,1.50
2018.05.30 09:24:53.058,0.76091,0.76106,1.20,1.00
2018.05.30 09:24:53.293,0.76091,0.76108,1.00,1.00
2018.05.30 09:24:53.544,0.76091,0.76106,1.00,1.00
2018.05.30 09:24:54.050,0.7609,0.76107,1.00,1.00
2018.05.30 09:24:54.996,0.76091,0.76108,1.00,1.00
2018.05.30 09:24:55.365,0.76091,0.76106,1.00,1.00
2018.05.30 09:25:00.090,0.76091,0.76107,1.00,1.00
2018.05.30 09:25:00.642,0.76092,0.76107,1.00,1.00
2018.05.30 09:25:02.999,0.76092,0.76109,1.00,1.00
2018.05.30 09:25:04.363,0.76096,0.76111,1.00,1.50
2018.05.30 09:25:04.668,0.76094,0.76109,1.00,1.00
2018.05.30 09:25:05.174,0.76093,0.7611,1.00,1.00
2018.05.30 09:25:05.599,0.76095,0.7611,1.00,1.00
2018.05.30 09:25:06.058,0.76095,0.76112,1.00,1.10
2018.05.30 09:25:07.162,0.76095,0.7611,1.00,1.00
2018.05.30 09:25:07.251,0.76095,0.76112,1.00,1.00
2018.05.30 09:25:07.831,0.76095,0.76111,1.00,1.00
2018.05.30 09:25:08.355,0.76095,0.7611,1.00,1.00
2018.05.30 09:25:08.483,0.76093,0.76108,1.00,1.00
2018.05.30 09:25:08.927,0.76095,0.76109,1.00,1.00
2018.05.30 09:25:09.478,0.76095,0.7611,1.00,1.00
2018.05.30 09:25:10.084,0.76096,0.76111,1.00,1.00
2018.05.30 09:25:10.520,0.76098,0.76113,1.00,1.00
2018.05.30 09:25:11.434,0.76098,0.76112,1.00,1.00
2018.05.30 09:25:12.066,0.76097,0.76112,1.00,1.00
2018.05.30 09:25:13.792,0.76097,0.76114,1.00,1.00
2018.05.30 09:25:14.295,0.76098,0.76113,1.00,1.00
2018.05.30 09:25:15.493,0.76096,0.76113,1.00,1.00
2018.05.30 09:25:15.758,0.76098,0.76113,1.00,1.00
2018.05.30 09:25:16.366,0.76097,0.76113,1.00,1.00
2018.05.30 09:25:17.100,0.76098,0.76113,1.00,1.00
2018.05.30 09:25:18.963,0.76096,0.76113,1.00,1.00
2018.05.30 09:25:19.014,0.76098,0.76113,1.00,1.00
2018.05.30 09:25:19.117,0.76096,0.76113,1.00,1.00
2018.05.30 09:25:19.269,0.76098,0.76113,1.00,1.00
2018.05.30 09:25:20.340,0.76097,0.76112,1.00,1.00
2018.05.30 09:25:20.543,0.76099,0.76116,1.00,1.00
2018.05.30 09:25:20.593,0.76102,0.76117,1.00,1.10
2018.05.30 09:25:21.120,0.76101,0.76116,1.00,1.00
2018.05.30 09:25:21.461,0.76098,0.76112,1.00,1.00
2018.05.30 09:25:21.562,0.76098,0.76115,1.00,1.00
2018.05.30 09:25:21.613,0.761,0.76115,1.00,1.00
2018.05.30 09:25:22.211,0.761,0.76114,1.00,1.00
2018.05.30 09:25:22.719,0.761,0.76115,1.00,1.00
2018.05.30 09:25:23.224,0.76099,0.76114,1.00,1.00
2018.05.30 09:25:25.075,0.761,0.76115,1.00,1.00
2018.05.30 09:25:26.506,0.76099,0.76114,1.00,1.00
2018.05.30 09:25:27.446,0.761,0.76115,1.00,1.00
2018.05.30 09:25:28.434,0.76099,0.76114,1.00,1.00
2018.05.30 09:25:29.508,0.76097,0.76109,1.00,1.00
2018.05.30 09:25:29.610,0.76095,0.7611,1.00,1.00
2018.05.30 09:25:29.900,0.76093,0.76111,1.50,1.00
2018.05.30 09:25:29.951,0.76095,0.7611,1.00,1.00
2018.05.30 09:25:30.102,0.76095,0.76112,1.00,1.00
2018.05.30 09:25:30.684,0.76094,0.76111,1.50,1.00
2018.05.30 09:25:30.794,0.76094,0.76109,1.00,1.00
2018.05.30 09:25:30.895,0.76095,0.76112,1.00,1.00
2018.05.30 09:25:31.562,0.76096,0.76111,1.00,1.00
2018.05.30 09:25:31.828,0.76093,0.76111,1.50,1.00
2018.05.30 09:25:32.843,0.76093,0.76109,1.00,1.00
2018.05.30 09:25:32.894,0.76089,0.76107,1.57,1.00
2018.05.30 09:25:32.945,0.76092,0.76108,1.00,1.00
2018.05.30 09:25:33.813,0.76093,0.76109,1.00,1.00
2018.05.30 09:25:34.208,0.76095,0.7611,1.00,1.00
2018.05.30 09:25:34.259,0.76093,0.76111,1.10,1.00
2018.05.30 09:25:34.411,0.76094,0.76109,1.00,1.00
2018.05.30 09:25:35.415,0.76095,0.76109,1.00,1.00
2018.05.30 09:25:36.024,0.76094,0.76109,1.00,1.00
2018.05.30 09:25:37.027,0.76095,0.76109,1.00,1.00
2018.05.30 09:25:37.283,0.76094,0.76111,1.00,1.00
2018.05.30 09:25:38.011,0.76095,0.7611,1.00,1.00
2018.05.30 09:25:38.561,0.76096,0.76111,1.00,1.00
2018.05.30 09:25:38.738,0.76093,0.7611,1.00,1.00
2018.05.30 09:25:39.291,0.76094,0.76108,1.00,1.00
2018.05.30 09:25:39.922,0.76092,0.76107,1.00,1.00
2018.05.30 09:25:39.973,0.76089,0.76104,1.00,1.00
2018.05.30 09:25:40.319,0.76092,0.76107,1.00,1.00
2018.05.30 09:25:40.623,0.76095,0.7611,1.00,1.00
2018.05.30 09:25:40.802,0.76091,0.76107,1.00,1.00
2018.05.30 09:25:41.005,0.76093,0.76109,1.00,1.00
2018.05.30 09:25:41.548,0.76095,0.7611,1.00,1.00
2018.05.30 09:25:41.801,0.76093,0.7611,1.00,1.00
2018.05.30 09:25:42.036,0.76095,0.7611,1.00,1.00
2018.05.30 09:25:42.488,0.76094,0.76112,1.00,1.00
2018.05.30 09:25:42.540,0.76092,0.7611,1.07,1.00
2018.05.30 09:25:43.254,0.76094,0.7611,1.00,1.00
2018.05.30 09:25:43.800,0.76093,0.76109,1.00,1.00
2018.05.30 09:25:44.334,0.76094,0.76109,1.00,1.00
2018.05.30 09:25:44.385,0.76092,0.76109,1.00,1.00
2018.05.30 09:25:44.871,0.76094,0.76109,1.00,1.00
2018.05.30 09:25:45.077,0.76092,0.76109,1.00,1.00
2018.05.30 09:25:45.355,0.76094,0.76109,1.00,1.00
2018.05.30 09:25:45.958,0.76094,0.76108,1.00,1.00
2018.05.30 09:25:46.507,0.76094,0.76109,1.00,1.00
2018.05.30 09:25:48.808,0.76095,0.7611,1.00,1.00
2018.05.30 09:25:48.909,0.76096,0.76113,1.00,2.32
2018.05.30 09:25:49.388,0.76096,0.76111,1.00,1.00
2018.05.30 09:25:49.492,0.76097,0.76113,1.00,1.50
2018.05.30 09:25:49.745,0.76096,0.76111,1.00,1.00
2018.05.30 09:25:50.090,0.76093,0.76108,1.00,1.00
2018.05.30 09:25:50.679,0.76093,0.76107,1.00,1.00
2018.05.30 09:25:51.255,0.76093,0.76108,1.00,1.00
2018.05.30 09:25:51.760,0.76092,0.76109,1.00,1.50
2018.05.30 09:25:52.291,0.76093,0.76108,1.00,1.00
2018.05.30 09:25:52.809,0.76092,0.76108,1.00,1.00
2018.05.30 09:25:54.148,0.76093,0.76108,1.00,1.00
2018.05.30 09:25:54.726,0.76094,0.76109,1.00,1.00
2018.05.30 09:25:55.081,0.76091,0.76106,1.10,1.00
2018.05.30 09:25:55.596,0.76092,0.76108,1.00,1.00
2018.05.30 09:25:56.271,0.76093,0.76108,1.00,1.00
2018.05.30 09:25:56.785,0.76092,0.76108,1.00,1.00
2018.05.30 09:25:57.296,0.76092,0.76107,1.00,1.00
2018.05.30 09:25:57.823,0.76092,0.76108,1.00,1.00
2018.05.30 09:25:58.065,0.7609,0.76107,1.00,1.00
2018.05.30 09:25:58.596,0.76089,0.76107,1.00,1.00
2018.05.30 09:25:58.797,0.76091,0.76107,1.00,1.00
2018.05.30 09:25:59.051,0.76091,0.76109,1.00,1.00
2018.05.30 09:25:59.102,0.76093,0.76108,1.00,1.00
2018.05.30 09:25:59.331,0.76094,0.76111,1.00,2.32
2018.05.30 09:25:59.433,0.76096,0.76111,1.00,2.25
2018.05.30 09:25:59.687,0.76092,0.76109,1.50,1.00
2018.05.30 09:26:00.288,0.76094,0.76108,1.00,1.00
2018.05.30 09:26:00.339,0.76092,0.76109,1.00,1.00
2018.05.30 09:26:02.193,0.76094,0.76109,1.00,1.00
2018.05.30 09:26:02.851,0.76094,0.76108,1.00,1.00
2018.05.30 09:26:03.603,0.76093,0.76108,1.00,1.00
2018.05.30 09:26:06.035,0.76091,0.76106,1.10,1.00
2018.05.30 09:26:07.623,0.76092,0.76107,1.00,1.00
2018.05.30 09:26:07.962,0.76091,0.76105,1.00,1.00
2018.05.30 09:26:08.572,0.76091,0.76106,1.00,1.00
2018.05.30 09:26:10.037,0.76092,0.76107,1.00,1.00
2018.05.30 09:26:11.386,0.76093,0.76108,1.00,1.00
2018.05.30 09:26:11.709,0.76093,0.7611,1.00,1.00
2018.05.30 09:26:12.315,0.76094,0.76109,1.00,1.00
2018.05.30 09:26:13.179,0.76095,0.7611,1.00,1.00
2018.05.30 09:26:13.495,0.76097,0.76112,1.00,1.00
2018.05.30 09:26:14.022,0.76097,0.76113,1.00,1.00
2018.05.30 09:26:14.297,0.76098,0.76115,1.00,1.00
2018.05.30 09:26:14.349,0.761,0.76115,1.00,1.00
2018.05.30 09:26:15.095,0.76099,0.76114,1.00,1.00
2018.05.30 09:26:15.348,0.76097,0.76113,1.10,1.00
2018.05.30 09:26:15.496,0.761,0.76116,1.00,1.00
2018.05.30 09:26:15.856,0.76098,0.76116,1.10,1.00
2018.05.30 09:26:15.907,0.761,0.76115,1.00,1.00
2018.05.30 09:26:16.600,0.76099,0.76116,1.00,1.00
2018.05.30 09:26:17.184,0.761,0.76115,1.00,1.00
2018.05.30 09:26:17.788,0.761,0.76116,1.00,1.00
2018.05.30 09:26:18.334,0.761,0.76115,1.00,1.00
2018.05.30 09:26:19.054,0.761,0.76116,1.00,1.00
2018.05.30 09:26:19.657,0.76099,0.76116,1.00,1.00
2018.05.30 09:26:20.180,0.761,0.76115,1.00,1.00
2018.05.30 09:26:21.110,0.76099,0.76117,1.00,1.00
2018.05.30 09:26:21.465,0.761,0.76115,1.00,1.00
2018.05.30 09:26:21.601,0.761,0.76117,1.00,1.00
2018.05.30 09:26:21.900,0.761,0.76115,1.00,1.00
2018.05.30 09:26:22.051,0.761,0.76117,1.00,1.00
2018.05.30 09:26:22.426,0.76096,0.76113,1.57,1.00
2018.05.30 09:26:22.629,0.76095,0.76112,1.00,1.00
2018.05.30 09:26:22.854,0.76095,0.7611,1.00,1.00
2018.05.30 09:26:23.119,0.76095,0.76112,1.00,1.00
2018.05.30 09:26:23.592,0.76097,0.76112,1.00,1.00
2018.05.30 09:26:24.271,0.76098,0.76113,1.00,1.00
2018.05.30 09:26:24.480,0.76098,0.76115,1.00,1.00
2018.05.30 09:26:25.088,0.76097,0.76115,1.10,1.00
2018.05.30 09:26:25.393,0.76099,0.76114,1.00,1.00
2018.05.30 09:26:25.682,0.761,0.76117,1.00,1.00
2018.05.30 09:26:25.733,0.761,0.76115,1.00,1.00
2018.05.30 09:26:25.784,0.76098,0.76115,1.10,1.00
2018.05.30 09:26:26.242,0.76099,0.76117,1.00,1.00
2018.05.30 09:26:26.343,0.761,0.76115,1.00,1.00
2018.05.30 09:26:26.705,0.76097,0.76116,2.32,1.00
2018.05.30 09:26:26.895,0.76099,0.76114,1.00,1.00
2018.05.30 09:26:28.188,0.761,0.76115,1.00,1.00
2018.05.30 09:26:28.754,0.76099,0.76114,1.00,1.00
2018.05.30 09:26:29.258,0.76098,0.76114,1.10,1.00
2018.05.30 09:26:29.410,0.76098,0.76117,1.10,1.00
2018.05.30 09:26:29.461,0.76098,0.76114,1.10,1.00
2018.05.30 09:26:29.752,0.76099,0.76116,1.00,1.00
2018.05.30 09:26:30.473,0.761,0.76115,1.00,1.00
2018.05.30 09:26:30.631,0.76098,0.76114,1.00,1.00
2018.05.30 09:26:31.197,0.76099,0.76117,1.00,1.00
2018.05.30 09:26:31.599,0.76097,0.76116,2.32,1.00
2018.05.30 09:26:31.794,0.761,0.76114,1.00,1.00
2018.05.30 09:26:32.125,0.761,0.76116,1.00,1.00
2018.05.30 09:26:32.588,0.76098,0.76115,1.00,1.00
2018.05.30 09:26:32.674,0.761,0.76114,1.00,1.00
2018.05.30 09:26:32.916,0.761,0.76116,1.00,1.00
2018.05.30 09:26:33.052,0.76098,0.76114,1.00,1.00
2018.05.30 09:26:33.430,0.761,0.76115,1.00,1.00
2018.05.30 09:26:33.800,0.76098,0.76114,1.00,1.00
2018.05.30 09:26:33.985,0.76099,0.76116,1.00,1.00
2018.05.30 09:26:34.350,0.76099,0.76114,1.00,1.00
2018.05.30 09:26:35.215,0.761,0.76115,1.00,1.00
2018.05.30 09:26:35.480,0.76098,0.76115,1.00,1.00
2018.05.30 09:26:37.049,0.761,0.76115,1.00,1.00
2018.05.30 09:26:37.560,0.76099,0.76115,1.00,1.00
2018.05.30 09:26:38.350,0.76097,0.76115,1.10,1.00
2018.05.30 09:26:39.098,0.76097,0.76114,1.00,1.00
2018.05.30 09:26:39.149,0.76097,0.76112,1.00,1.00
2018.05.30 09:26:40.135,0.76097,0.76113,1.00,1.00
2018.05.30 09:26:41.307,0.76098,0.76113,1.00,1.00
2018.05.30 09:26:41.880,0.76098,0.76114,1.00,1.00
2018.05.30 09:26:42.454,0.76097,0.76114,1.00,1.00
2018.05.30 09:26:43.509,0.76097,0.76112,1.00,1.00
2018.05.30 09:26:44.171,0.76098,0.76113,1.00,1.00
2018.05.30 09:26:44.760,0.76097,0.76112,1.00,1.00
2018.05.30 09:26:46.757,0.76097,0.76111,1.00,1.00
2018.05.30 09:26:48.247,0.76096,0.76112,1.00,1.00
2018.05.30 09:26:48.780,0.76096,0.76111,1.00,1.00
2018.05.30 09:26:49.366,0.76095,0.7611,1.00,1.00
2018.05.30 09:26:50.036,0.76096,0.76111,1.00,1.00
2018.05.30 09:26:50.173,0.76094,0.76111,1.00,1.00
2018.05.30 09:26:50.675,0.76095,0.7611,1.00,1.00
2018.05.30 09:26:51.214,0.76096,0.7611,1.00,1.00
2018.05.30 09:26:51.352,0.76095,0.76112,1.00,1.00
2018.05.30 09:26:51.657,0.76095,0.7611,1.00,1.00
2018.05.30 09:26:52.365,0.76096,0.76111,1.00,1.00
2018.05.30 09:26:52.898,0.76095,0.76111,1.00,1.00
2018.05.30 09:26:53.455,0.76095,0.7611,1.00,1.00
2018.05.30 09:26:54.113,0.76095,0.76111,1.00,1.00
2018.05.30 09:26:54.642,0.76096,0.76111,1.00,1.00
2018.05.30 09:26:55.872,0.76095,0.7611,1.00,1.00
2018.05.30 09:26:56.026,0.76095,0.76112,1.00,1.00
2018.05.30 09:26:56.193,0.76095,0.7611,1.00,1.00
2018.05.30 09:26:56.758,0.76094,0.76111,1.00,1.00
2018.05.30 09:26:57.088,0.76096,0.76111,1.00,1.00
2018.05.30 09:26:57.876,0.76095,0.7611,1.00,1.00
2018.05.30 09:26:58.427,0.76094,0.76109,1.00,1.00
2018.05.30 09:26:58.478,0.76094,0.76111,1.00,1.00
2018.05.30 09:26:58.629,0.76093,0.76108,1.00,1.00
2018.05.30 09:26:58.782,0.76093,0.7611,1.00,1.50
2018.05.30 09:26:58.833,0.76093,0.76108,1.00,1.00
2018.05.30 09:26:59.399,0.76094,0.76109,1.00,1.00
2018.05.30 09:27:00.138,0.76093,0.76108,1.00,1.00
2018.05.30 09:27:00.736,0.76094,0.76109,1.00,1.00
2018.05.30 09:27:00.837,0.76091,0.76108,1.95,1.00
2018.05.30 09:27:00.938,0.76091,0.76105,1.00,1.00
2018.05.30 09:27:01.116,0.76089,0.76104,1.00,1.00
2018.05.30 09:27:01.166,0.76091,0.76106,1.00,1.00
2018.05.30 09:27:01.899,0.76091,0.76107,1.00,1.00
2018.05.30 09:27:02.422,0.7609,0.76104,1.00,1.00
2018.05.30 09:27:02.473,0.76088,0.76105,1.10,1.00
2018.05.30 09:27:02.526,0.76089,0.76103,1.00,1.00
2018.05.30 09:27:02.683,0.7609,0.76105,1.00,1.00
2018.05.30 09:27:02.835,0.7609,0.76108,1.00,1.00
2018.05.30 09:27:03.065,0.7609,0.76106,1.00,1.00
2018.05.30 09:27:03.592,0.76091,0.76107,1.00,1.00
2018.05.30 09:27:03.896,0.76089,0.76104,1.00,1.00
2018.05.30 09:27:04.442,0.76091,0.76106,1.00,1.00
2018.05.30 09:27:05.068,0.76092,0.76107,1.00,1.00
2018.05.30 09:27:09.536,0.76091,0.76106,1.00,1.00
2018.05.30 09:27:10.818,0.76092,0.76107,1.00,1.00
2018.05.30 09:27:11.296,0.76094,0.76108,1.00,1.00
2018.05.30 09:27:11.909,0.76095,0.76109,1.00,1.00
2018.05.30 09:27:13.073,0.76095,0.7611,1.00,1.00
2018.05.30 09:27:14.672,0.76094,0.76109,1.00,1.00
2018.05.30 09:27:15.285,0.76095,0.7611,1.00,1.00
2018.05.30 09:27:23.816,0.76094,0.76109,1.00,1.00
2018.05.30 09:27:23.867,0.76094,0.76111,1.00,1.00
2018.05.30 09:27:23.919,0.76094,0.76109,1.00,1.00
2018.05.30 09:27:24.354,0.76096,0.76111,1.00,1.00
2018.05.30 09:27:24.929,0.76095,0.7611,1.00,1.00
2018.05.30 09:27:27.844,0.76096,0.7611,1.00,1.00
2018.05.30 09:27:28.668,0.76095,0.7611,1.00,1.00
2018.05.30 09:27:33.730,0.76096,0.7611,1.00,1.00
2018.05.30 09:27:34.283,0.76095,0.7611,1.00,1.00
2018.05.30 09:27:34.836,0.76097,0.76112,1.00,1.00
2018.05.30 09:27:34.991,0.76099,0.76115,1.00,1.00
2018.05.30 09:27:35.593,0.76099,0.76114,1.00,1.00
2018.05.30 09:27:36.042,0.761,0.76116,1.00,1.00
2018.05.30 09:27:36.560,0.76099,0.76114,1.00,1.00
2018.05.30 09:27:36.754,0.76098,0.76116,1.00,1.00
2018.05.30 09:27:36.898,0.76099,0.76114,1.00,1.00
2018.05.30 09:27:37.202,0.761,0.76117,1.00,1.00
2018.05.30 09:27:37.254,0.76102,0.76117,1.00,1.00
2018.05.30 09:27:37.847,0.76102,0.76116,1.00,1.00
2018.05.30 09:27:41.051,0.76102,0.76117,1.00,1.00
2018.05.30 09:27:41.790,0.76103,0.76118,1.00,1.00
2018.05.30 09:27:42.096,0.76105,0.7612,1.00,1.00
2018.05.30 09:27:42.451,0.76103,0.76117,1.00,1.00
2018.05.30 09:27:42.502,0.76103,0.76119,1.00,1.00
2018.05.30 09:27:42.553,0.76102,0.76117,1.00,1.00
2018.05.30 09:27:42.604,0.76103,0.76119,1.00,1.00
2018.05.30 09:27:42.767,0.76101,0.7612,1.00,1.57
2018.05.30 09:27:42.992,0.76103,0.76117,1.00,1.00
2018.05.30 09:27:43.043,0.76101,0.7612,1.00,1.57
2018.05.30 09:27:43.319,0.76102,0.76117,1.00,1.00
2018.05.30 09:27:43.444,0.76102,0.76119,1.00,1.00
2018.05.30 09:27:43.495,0.76101,0.76117,1.00,1.00
2018.05.30 09:27:44.108,0.76102,0.76117,1.00,1.00
2018.05.30 09:27:44.159,0.761,0.76117,1.00,1.00
2018.05.30 09:27:44.210,0.761,0.76119,1.00,1.50
2018.05.30 09:27:44.312,0.76099,0.76114,1.10,1.00
2018.05.30 09:27:44.719,0.761,0.76117,1.00,1.20
2018.05.30 09:27:45.427,0.76099,0.76116,1.00,1.00
2018.05.30 09:27:47.571,0.76101,0.76116,1.00,1.50
2018.05.30 09:27:48.743,0.76099,0.76116,1.00,1.50
2018.05.30 09:27:49.268,0.76099,0.76115,1.00,1.00
2018.05.30 09:27:49.784,0.761,0.76115,1.00,1.00
2018.05.30 09:27:50.199,0.76098,0.76113,1.00,1.00
2018.05.30 09:27:50.454,0.76096,0.76113,1.00,1.00
2018.05.30 09:27:50.505,0.76096,0.76111,1.00,1.00
2018.05.30 09:27:50.739,0.76097,0.76113,1.00,1.00
2018.05.30 09:27:51.285,0.76097,0.76112,1.00,1.00
2018.05.30 09:27:51.881,0.76095,0.76112,1.00,1.00
2018.05.30 09:27:52.953,0.76097,0.76113,1.00,1.00
2018.05.30 09:27:53.294,0.76096,0.76111,1.00,1.00
2018.05.30 09:27:53.866,0.76095,0.7611,1.00,1.00
2018.05.30 09:27:54.962,0.76094,0.76109,1.00,1.00
2018.05.30 09:27:55.524,0.76095,0.76109,1.00,1.00
2018.05.30 09:27:57.426,0.76095,0.7611,1.00,1.00
2018.05.30 09:27:59.708,0.76093,0.76109,1.00,1.00
2018.05.30 09:28:00.249,0.76094,0.76109,1.00,1.00
2018.05.30 09:28:00.799,0.76095,0.76109,1.00,1.00
2018.05.30 09:28:03.232,0.76094,0.76111,1.00,1.00
2018.05.30 09:28:03.521,0.76091,0.76107,1.00,1.00
2018.05.30 09:28:03.572,0.76092,0.76111,1.00,1.95
2018.05.30 09:28:03.726,0.76091,0.76108,1.00,1.00
2018.05.30 09:28:04.150,0.76093,0.7611,1.00,1.00
2018.05.30 09:28:04.476,0.76093,0.76108,1.00,1.00
2018.05.30 09:28:04.551,0.76093,0.7611,1.00,1.12
2018.05.30 09:28:04.840,0.76093,0.76108,1.00,1.00
2018.05.30 09:28:05.168,0.76093,0.7611,1.00,1.12
2018.05.30 09:28:05.726,0.76092,0.76109,1.00,1.00
2018.05.30 09:28:06.270,0.76093,0.7611,1.00,1.12
2018.05.30 09:28:06.772,0.76094,0.76109,1.00,1.00
2018.05.30 09:28:06.955,0.76092,0.76111,1.00,1.12
2018.05.30 09:28:07.006,0.76093,0.76109,1.00,1.00
2018.05.30 09:28:07.728,0.76092,0.76111,1.00,1.37
2018.05.30 09:28:08.101,0.76094,0.76109,1.00,1.00
2018.05.30 09:28:08.632,0.76093,0.76109,1.00,1.00
2018.05.30 09:28:09.287,0.76094,0.7611,1.00,1.00
2018.05.30 09:28:09.831,0.76094,0.76111,1.00,1.12
2018.05.30 09:28:10.224,0.76092,0.7611,1.10,1.00
2018.05.30 09:28:10.883,0.76093,0.76108,1.00,1.00
2018.05.30 09:28:11.035,0.76093,0.7611,1.00,1.00
2018.05.30 09:28:11.086,0.76094,0.76108,1.00,1.00
2018.05.30 09:28:11.529,0.76095,0.7611,1.00,1.00
2018.05.30 09:28:11.685,0.76096,0.76113,1.00,1.00
2018.05.30 09:28:11.837,0.76095,0.7611,1.00,1.00
2018.05.30 09:28:12.347,0.76094,0.76109,1.00,1.00
2018.05.30 09:28:13.191,0.76095,0.7611,1.00,1.00
2018.05.30 09:28:14.014,0.76095,0.76109,1.00,1.00
2018.05.30 09:28:17.256,0.76094,0.76111,1.00,1.00
2018.05.30 09:28:17.307,0.76095,0.76109,1.00,1.00
2018.05.30 09:28:19.284,0.76093,0.7611,1.10,1.00
2018.05.30 09:28:19.806,0.76094,0.76111,1.10,1.00
2018.05.30 09:28:22.217,0.76096,0.7611,1.00,1.00
2018.05.30 09:28:22.777,0.76095,0.7611,1.00,1.00
2018.05.30 09:28:24.794,0.76095,0.76111,1.00,1.00
2018.05.30 09:28:25.459,0.76095,0.7611,1.00,1.00
2018.05.30 09:28:25.989,0.76094,0.76109,1.00,1.00
2018.05.30 09:28:26.370,0.76092,0.7611,1.10,1.50
2018.05.30 09:28:26.472,0.76091,0.76107,1.00,1.00
2018.05.30 09:28:26.778,0.7609,0.76105,1.00,1.00
2018.05.30 09:28:27.009,0.76091,0.76107,1.00,1.00
2018.05.30 09:28:27.163,0.76091,0.76105,1.00,1.00
2018.05.30 09:28:27.214,0.76091,0.76107,1.00,1.00
2018.05.30 09:28:28.861,0.76092,0.76107,1.00,1.00
2018.05.30 09:28:28.962,0.7609,0.76107,1.00,1.00
2018.05.30 09:28:29.889,0.7609,0.76105,1.00,1.00
2018.05.30 09:28:30.329,0.76091,0.76107,1.00,1.00
2018.05.30 09:28:31.612,0.76091,0.76106,1.00,1.00
2018.05.30 09:28:32.172,0.76091,0.76107,1.00,1.00
2018.05.30 09:28:33.013,0.76092,0.76107,1.00,1.00
2018.05.30 09:28:33.065,0.76089,0.76106,1.00,1.00
2018.05.30 09:28:33.569,0.76088,0.76105,1.00,1.00
2018.05.30 09:28:34.485,0.76089,0.76103,1.00,1.00
2018.05.30 09:28:34.854,0.76088,0.76105,1.00,1.00
2018.05.30 09:28:35.467,0.76088,0.76104,1.00,1.00
2018.05.30 09:28:36.034,0.76088,0.76103,1.00,1.00
2018.05.30 09:28:36.085,0.76086,0.76104,1.00,1.00
2018.05.30 09:28:36.187,0.76088,0.76103,1.00,1.00
2018.05.30 09:28:38.448,0.76088,0.76104,1.00,1.00
2018.05.30 09:28:38.753,0.76086,0.76101,1.00,1.00
2018.05.30 09:28:38.952,0.76084,0.761,1.00,1.00
2018.05.30 09:28:40.447,0.76083,0.76098,1.00,1.00
2018.05.30 09:28:40.967,0.76083,0.761,1.00,1.00
2018.05.30 09:28:43.054,0.76084,0.761,1.00,1.00
2018.05.30 09:28:43.750,0.76085,0.761,1.00,1.00
2018.05.30 09:28:44.595,0.76086,0.76101,1.00,1.10
2018.05.30 09:28:45.260,0.76085,0.76103,1.00,1.10
2018.05.30 09:28:45.311,0.76087,0.76102,1.00,1.00
2018.05.30 09:28:46.235,0.76088,0.76103,1.00,1.10
2018.05.30 09:28:47.031,0.76088,0.76104,1.00,1.10
2018.05.30 09:28:47.555,0.76089,0.76104,1.00,1.00
2018.05.30 09:28:48.101,0.76088,0.76105,1.00,1.10
2018.05.30 09:28:48.430,0.76088,0.76103,1.00,1.00
2018.05.30 09:28:48.534,0.76088,0.76105,1.00,1.00
2018.05.30 09:28:50.783,0.76088,0.76104,1.00,1.00
2018.05.30 09:28:51.451,0.76089,0.76104,1.00,1.00
2018.05.30 09:28:52.227,0.76088,0.76104,1.00,1.00
2018.05.30 09:28:52.382,0.76091,0.76106,1.00,1.10
2018.05.30 09:28:52.688,0.76093,0.76108,1.00,1.00
2018.05.30 09:28:55.653,0.76093,0.7611,1.00,1.00
2018.05.30 09:28:58.196,0.76093,0.76111,1.00,1.00
2018.05.30 09:28:59.737,0.76095,0.7611,1.00,1.00
2018.05.30 09:29:03.231,0.76094,0.76111,1.00,1.00
2018.05.30 09:29:03.588,0.76096,0.76111,1.00,1.00
2018.05.30 09:29:03.925,0.76099,0.76114,1.00,1.00
2018.05.30 09:29:04.244,0.76097,0.76113,1.00,1.00
2018.05.30 09:29:04.780,0.76096,0.76114,1.00,1.00
2018.05.30 09:29:04.982,0.76097,0.76112,1.00,1.00
2018.05.30 09:29:05.511,0.76098,0.76113,1.00,1.00
2018.05.30 09:29:06.061,0.76098,0.76114,1.00,1.00
2018.05.30 09:29:06.541,0.76097,0.76112,1.00,1.00
2018.05.30 09:29:08.864,0.76098,0.76113,1.00,1.00
2018.05.30 09:29:09.203,0.76098,0.76115,1.00,1.10
2018.05.30 09:29:09.395,0.761,0.76115,1.00,1.00
2018.05.30 09:29:10.696,0.76099,0.76114,1.00,1.00
2018.05.30 09:29:11.235,0.76098,0.76116,1.00,1.00
2018.05.30 09:29:11.337,0.761,0.76115,1.00,1.00
2018.05.30 09:29:13.386,0.76101,0.76117,1.00,1.00
2018.05.30 09:29:13.639,0.76103,0.76118,1.00,1.00
2018.05.30 09:29:14.181,0.76102,0.76118,1.00,1.00
2018.05.30 09:29:14.563,0.761,0.76116,1.10,1.00
2018.05.30 09:29:14.753,0.76097,0.76116,1.10,1.00
2018.05.30 09:29:14.809,0.76098,0.76114,1.00,1.00
2018.05.30 09:29:15.341,0.76097,0.76115,1.00,1.00
2018.05.30 09:29:15.662,0.76097,0.76113,1.00,1.00
2018.05.30 09:29:16.197,0.76096,0.76114,1.00,1.00
2018.05.30 09:29:16.502,0.76099,0.76114,1.00,1.00
2018.05.30 09:29:17.085,0.76098,0.76114,1.00,1.00
2018.05.30 09:29:17.520,0.76096,0.76114,1.10,1.00
2018.05.30 09:29:18.042,0.76097,0.76113,1.00,1.00
2018.05.30 09:29:18.583,0.76099,0.76114,1.00,1.00
2018.05.30 09:29:19.177,0.76098,0.76114,1.00,1.00
2018.05.30 09:29:19.491,0.76096,0.76112,1.00,1.00
2018.05.30 09:29:19.778,0.76094,0.76112,1.00,1.00
2018.05.30 09:29:20.202,0.76095,0.7611,1.00,1.00
2018.05.30 09:29:20.584,0.76095,0.76112,1.00,1.00
2018.05.30 09:29:21.109,0.76093,0.76111,1.00,1.00
2018.05.30 09:29:21.300,0.76093,0.76113,1.00,1.50
2018.05.30 09:29:21.451,0.76094,0.76111,1.00,1.00
2018.05.30 09:29:22.015,0.76094,0.76112,1.00,1.00
2018.05.30 09:29:22.324,0.76095,0.7611,1.00,1.00
2018.05.30 09:29:22.413,0.76093,0.76113,1.00,1.50
2018.05.30 09:29:22.616,0.76095,0.76111,1.00,1.00
2018.05.30 09:29:22.760,0.76092,0.76109,1.00,1.00
2018.05.30 09:29:22.992,0.76091,0.76106,1.00,1.00
2018.05.30 09:29:23.518,0.7609,0.76107,1.00,1.00
2018.05.30 09:29:24.092,0.76089,0.76108,1.00,1.00
2018.05.30 09:29:24.510,0.7609,0.76105,1.00,1.00
2018.05.30 09:29:24.561,0.76089,0.76108,1.00,1.00
2018.05.30 09:29:24.797,0.76091,0.76106,1.00,1.00
2018.05.30 09:29:25.009,0.7609,0.76108,1.00,1.00
2018.05.30 09:29:25.094,0.76091,0.76106,1.00,1.00
2018.05.30 09:29:25.412,0.76089,0.76108,1.00,1.00
2018.05.30 09:29:25.964,0.7609,0.76106,1.00,1.00
2018.05.30 09:29:26.476,0.7609,0.76107,1.00,1.00
2018.05.30 09:29:26.993,0.76089,0.76107,1.00,1.00
2018.05.30 09:29:27.515,0.7609,0.76106,1.00,1.00
2018.05.30 09:29:28.043,0.7609,0.76105,1.00,1.00
2018.05.30 09:29:28.422,0.76088,0.76107,1.00,1.00
2018.05.30 09:29:28.472,0.7609,0.76105,1.00,1.00
2018.05.30 09:29:29.266,0.76089,0.76106,1.00,1.00
2018.05.30 09:29:29.797,0.7609,0.76105,1.00,1.00
2018.05.30 09:29:30.591,0.7609,0.76106,1.00,1.00
2018.05.30 09:29:30.725,0.76089,0.76108,1.00,1.50
2018.05.30 09:29:30.825,0.76093,0.76108,1.00,1.00
2018.05.30 09:29:31.807,0.76092,0.76108,1.00,1.00
2018.05.30 09:29:33.000,0.76092,0.76109,1.00,1.00
2018.05.30 09:29:33.102,0.76093,0.76111,1.00,1.00
2018.05.30 09:29:33.203,0.76093,0.76109,1.00,1.00
2018.05.30 09:29:33.782,0.76093,0.76108,1.00,1.00
2018.05.30 09:29:35.939,0.76092,0.76108,1.00,1.00
2018.05.30 09:29:36.750,0.76093,0.76108,1.00,1.00
2018.05.30 09:29:39.105,0.76092,0.76108,1.00,1.00
2018.05.30 09:29:39.408,0.76095,0.76112,1.00,1.00
2018.05.30 09:29:39.560,0.76097,0.76113,1.00,1.00
2018.05.30 09:29:41.517,0.76096,0.76111,1.00,1.00
2018.05.30 09:29:41.821,0.76094,0.7611,1.00,1.00
2018.05.30 09:29:42.361,0.76092,0.76109,1.00,1.00
2018.05.30 09:29:42.598,0.7609,0.76107,1.00,1.00
2018.05.30 09:29:42.649,0.7609,0.76109,1.00,1.00
2018.05.30 09:29:42.800,0.76091,0.76106,1.00,1.00
2018.05.30 09:29:42.930,0.76091,0.76108,1.00,1.00
2018.05.30 09:29:43.472,0.7609,0.76107,1.00,1.00
2018.05.30 09:29:44.085,0.7609,0.76106,1.00,1.00
2018.05.30 09:29:44.358,0.76088,0.76108,1.57,1.00
2018.05.30 09:29:44.458,0.7609,0.76105,1.00,1.00
2018.05.30 09:29:44.795,0.76089,0.76107,1.00,1.00
2018.05.30 09:29:45.222,0.7609,0.76105,1.00,1.00
2018.05.30 09:29:45.562,0.76089,0.76107,1.00,1.00
2018.05.30 09:29:45.736,0.7609,0.76105,1.00,1.00
2018.05.30 09:29:45.897,0.76089,0.76107,1.00,1.10
2018.05.30 09:29:45.948,0.76089,0.76105,1.00,1.00
2018.05.30 09:29:46.128,0.76089,0.76108,1.00,1.20
2018.05.30 09:29:46.310,0.76089,0.76105,1.00,1.00
2018.05.30 09:29:46.613,0.76087,0.76104,1.00,1.00
2018.05.30 09:29:46.866,0.76089,0.76106,1.00,1.00
2018.05.30 09:29:47.434,0.76089,0.76105,1.00,1.00
2018.05.30 09:29:47.974,0.76089,0.76104,1.00,1.00
2018.05.30 09:29:48.025,0.7609,0.76107,1.00,1.20
2018.05.30 09:29:48.550,0.76091,0.76107,1.00,1.00
2018.05.30 09:29:49.190,0.76092,0.76107,1.00,1.00
2018.05.30 09:29:49.568,0.76092,0.76111,1.00,2.32
2018.05.30 09:29:49.670,0.76094,0.76109,1.00,1.00
2018.05.30 09:29:49.721,0.76093,0.76111,1.00,1.00
2018.05.30 09:29:49.869,0.76093,0.76109,1.00,1.00
2018.05.30 09:29:50.084,0.76093,0.76111,1.00,1.00
2018.05.30 09:29:50.220,0.76093,0.76109,1.00,1.00
2018.05.30 09:29:50.271,0.76093,0.76111,1.00,1.00
2018.05.30 09:29:50.685,0.76091,0.76109,1.10,1.00
2018.05.30 09:29:51.028,0.76093,0.7611,1.00,1.00
2018.05.30 09:29:53.519,0.76093,0.76109,1.00,1.00
2018.05.30 09:29:54.301,0.76092,0.76109,1.00,1.00
2018.05.30 09:29:55.095,0.76089,0.76106,1.10,1.00
2018.05.30 09:29:55.406,0.76091,0.76106,1.00,1.00
2018.05.30 09:29:55.640,0.76091,0.76109,1.50,1.10
2018.05.30 09:29:55.690,0.76093,0.76109,1.00,1.00
2018.05.30 09:29:55.893,0.7609,0.76107,1.50,1.00
2018.05.30 09:29:56.205,0.7609,0.76109,1.00,1.95
2018.05.30 09:29:56.357,0.7609,0.76107,1.00,1.00
2018.05.30 09:29:56.776,0.7609,0.76104,1.00,1.00
2018.05.30 09:29:56.878,0.76086,0.76101,1.00,1.00
2018.05.30 09:29:56.929,0.76083,0.76101,2.32,1.00
2018.05.30 09:29:57.241,0.76083,0.76103,2.32,1.00
2018.05.30 09:29:57.938,0.76086,0.76101,1.00,1.00
2018.05.30 09:29:57.989,0.76084,0.76101,1.00,1.00
2018.05.30 09:29:58.193,0.76081,0.76101,1.07,1.50
2018.05.30 09:29:58.704,0.76082,0.761,1.10,1.00
2018.05.30 09:29:58.806,0.76082,0.76102,1.00,1.10
2018.05.30 09:29:58.987,0.76082,0.761,1.00,1.00
2018.05.30 09:29:59.213,0.76081,0.76103,1.57,4.57
2018.05.30 09:29:59.332,0.76082,0.76099,1.00,1.00
2018.05.30 09:29:59.954,0.76083,0.76099,1.00,1.00
2018.05.30 09:30:00.055,0.76081,0.761,1.50,1.00
2018.05.30 09:30:00.422,0.76082,0.76098,1.00,1.00
2018.05.30 09:30:00.677,0.76083,0.761,1.00,1.00
2018.05.30 09:30:01.040,0.76084,0.76099,1.00,1.20
2018.05.30 09:30:01.293,0.76084,0.761,1.00,1.10
2018.05.30 09:30:01.394,0.76082,0.76101,1.00,1.20
2018.05.30 09:30:01.577,0.76083,0.76098,1.00,1.00
2018.05.30 09:30:01.709,0.76083,0.761,1.00,1.00
2018.05.30 09:30:01.861,0.76085,0.761,1.00,1.00
2018.05.30 09:30:02.113,0.76083,0.76099,1.00,1.10
2018.05.30 09:30:03.377,0.76082,0.76099,1.00,1.00
2018.05.30 09:30:03.529,0.76082,0.76097,1.00,1.10
2018.05.30 09:30:03.884,0.7608,0.76098,1.00,1.20
2018.05.30 09:30:04.192,0.76078,0.76098,1.00,1.45
2018.05.30 09:30:04.243,0.7608,0.76097,1.00,1.20
2018.05.30 09:30:04.942,0.76079,0.76095,1.00,1.00
2018.05.30 09:30:05.913,0.76079,0.76094,1.00,1.00
2018.05.30 09:30:06.417,0.76078,0.76093,1.00,1.00
2018.05.30 09:30:07.830,0.76077,0.76093,1.00,1.00
2018.05.30 09:30:08.144,0.76075,0.76091,1.00,1.10
2018.05.30 09:30:08.959,0.76076,0.76091,1.00,1.00
2018.05.30 09:30:09.674,0.76077,0.76092,1.00,1.20
2018.05.30 09:30:14.426,0.76076,0.76092,1.00,1.00
2018.05.30 09:30:15.075,0.76077,0.76093,1.00,1.00
2018.05.30 09:30:16.211,0.76077,0.76092,1.00,1.00
2018.05.30 09:30:17.034,0.76077,0.76093,1.00,1.00
2018.05.30 09:30:18.402,0.76077,0.76094,1.00,1.57
2018.05.30 09:30:18.943,0.76077,0.76093,1.00,1.00
2018.05.30 09:30:19.599,0.76077,0.76092,1.00,1.00
2018.05.30 09:30:20.259,0.76077,0.76093,1.00,1.00
2018.05.30 09:30:25.888,0.76078,0.76093,1.00,1.00
2018.05.30 09:30:26.666,0.76077,0.76093,1.00,1.00
2018.05.30 09:30:30.174,0.76078,0.76094,1.00,1.50
2018.05.30 09:30:30.682,0.76077,0.76093,1.00,1.00
2018.05.30 09:30:31.507,0.76076,0.76093,1.00,1.00
2018.05.30 09:30:35.913,0.76076,0.76092,1.00,1.00
2018.05.30 09:30:36.244,0.76073,0.76088,1.00,1.00
2018.05.30 09:30:36.658,0.76076,0.76091,1.00,1.00
2018.05.30 09:30:37.087,0.76074,0.76092,1.00,1.10
2018.05.30 09:30:37.289,0.76076,0.76091,1.00,1.00
2018.05.30 09:30:38.004,0.76075,0.76091,1.00,1.00
2018.05.30 09:30:38.544,0.76076,0.76091,1.00,1.00
2018.05.30 09:30:39.331,0.76076,0.76092,1.00,1.00
2018.05.30 09:30:41.193,0.76076,0.76091,1.00,1.00
2018.05.30 09:30:41.244,0.76077,0.76093,1.00,1.10
2018.05.30 09:30:41.347,0.76079,0.76095,1.00,1.00
2018.05.30 09:30:41.557,0.7608,0.76097,1.00,1.00
2018.05.30 09:30:41.774,0.76082,0.76097,1.00,1.00
2018.05.30 09:30:41.976,0.76081,0.76099,1.00,1.00
2018.05.30 09:30:42.486,0.76082,0.76098,1.00,1.00
2018.05.30 09:30:43.935,0.76083,0.76098,1.00,1.00
2018.05.30 09:30:44.473,0.76082,0.76098,1.00,1.00
2018.05.30 09:30:44.624,0.7608,0.76098,2.25,1.00
2018.05.30 09:30:45.146,0.76081,0.76098,1.00,1.00
2018.05.30 09:30:46.015,0.76082,0.76098,1.00,1.00
2018.05.30 09:30:48.232,0.76083,0.76098,1.00,1.00
2018.05.30 09:30:49.471,0.76081,0.76097,1.00,1.00
2018.05.30 09:30:49.761,0.76083,0.76098,1.00,1.00
2018.05.30 09:30:50.363,0.76082,0.76098,1.00,1.00
2018.05.30 09:30:51.330,0.76083,0.76099,1.00,1.00
2018.05.30 09:30:52.947,0.76084,0.76099,1.00,1.00
2018.05.30 09:30:53.539,0.76085,0.761,1.00,1.00
2018.05.30 09:30:54.201,0.76085,0.76101,1.00,1.00
2018.05.30 09:30:56.790,0.76084,0.761,1.00,1.00
2018.05.30 09:30:58.985,0.76085,0.761,1.00,1.00
2018.05.30 09:30:59.515,0.76085,0.76101,1.00,1.10
2018.05.30 09:31:00.033,0.76085,0.761,1.00,1.00
2018.05.30 09:31:00.570,0.76085,0.76101,1.00,1.00
2018.05.30 09:31:01.519,0.76085,0.761,1.00,1.00
2018.05.30 09:31:01.822,0.76082,0.76098,1.10,1.00
2018.05.30 09:31:01.875,0.7608,0.76099,1.10,1.50
2018.05.30 09:31:01.928,0.7608,0.76097,1.10,1.00
2018.05.30 09:31:02.529,0.7608,0.76096,1.00,1.00
2018.05.30 09:31:03.044,0.7608,0.76095,1.00,1.00
2018.05.30 09:31:04.027,0.76078,0.76096,1.00,1.10
2018.05.30 09:31:04.079,0.7608,0.76095,1.00,1.00
2018.05.30 09:31:04.756,0.76079,0.76095,1.00,1.00
2018.05.30 09:31:07.738,0.7608,0.76095,1.00,1.00
2018.05.30 09:31:08.351,0.76078,0.76095,1.00,1.00
2018.05.30 09:31:08.453,0.76078,0.76093,1.00,1.00
2018.05.30 09:31:09.133,0.76077,0.76093,1.00,1.00
2018.05.30 09:31:09.793,0.76077,0.76092,1.00,1.00
2018.05.30 09:31:10.323,0.76076,0.76092,1.00,1.00
2018.05.30 09:31:11.761,0.76076,0.76091,1.00,1.00
2018.05.30 09:31:11.863,0.76074,0.76091,1.00,1.00
2018.05.30 09:31:12.411,0.76077,0.76092,1.00,2.25
2018.05.30 09:31:15.263,0.76078,0.76093,1.00,1.00
2018.05.30 09:31:15.795,0.76079,0.76094,1.00,1.00
2018.05.30 09:31:16.687,0.7608,0.76096,1.00,1.10
2018.05.30 09:31:17.294,0.76081,0.76096,1.00,1.00
2018.05.30 09:31:17.890,0.7608,0.76097,1.00,1.57
2018.05.30 09:31:20.374,0.76079,0.76095,1.00,1.00
2018.05.30 09:31:20.917,0.76079,0.76094,1.00,1.00
2018.05.30 09:31:21.468,0.76078,0.76094,1.00,1.00
2018.05.30 09:31:22.090,0.76078,0.76093,1.00,1.00
2018.05.30 09:31:23.221,0.76078,0.76094,1.00,1.00
2018.05.30 09:31:24.125,0.76078,0.76093,1.00,1.00
2018.05.30 09:31:26.766,0.76074,0.76091,1.10,1.00
2018.05.30 09:31:26.899,0.76074,0.76089,1.00,1.00
2018.05.30 09:31:27.443,0.76073,0.76089,1.00,1.00
2018.05.30 09:31:28.820,0.76072,0.7609,1.00,1.10
2018.05.30 09:31:29.377,0.76073,0.7609,1.00,1.00
2018.05.30 09:31:29.983,0.76073,0.76089,1.00,1.00
2018.05.30 09:31:30.034,0.7607,0.76087,1.00,1.00
2018.05.30 09:31:30.193,0.76069,0.76085,1.00,1.00
2018.05.30 09:31:30.502,0.76072,0.76088,1.00,1.10
2018.05.30 09:31:31.033,0.76072,0.76087,1.00,1.00
2018.05.30 09:31:32.389,0.76072,0.76088,1.00,1.50
2018.05.30 09:31:32.859,0.76074,0.76089,1.00,1.00
2018.05.30 09:31:33.393,0.76073,0.7609,1.00,1.00
2018.05.30 09:31:34.049,0.76072,0.7609,1.00,1.10
2018.05.30 09:31:34.452,0.76074,0.76089,1.00,1.00
2018.05.30 09:31:34.595,0.76072,0.76089,1.00,1.00
2018.05.30 09:31:34.845,0.76074,0.76089,1.00,1.00
2018.05.30 09:31:35.098,0.76072,0.76089,1.00,1.00
2018.05.30 09:31:35.199,0.76074,0.76089,1.00,1.00
2018.05.30 09:31:35.540,0.76072,0.76089,1.00,1.00
2018.05.30 09:31:35.838,0.76074,0.76089,1.00,1.00
2018.05.30 09:31:36.053,0.76072,0.76089,1.00,1.00
2018.05.30 09:31:36.409,0.76074,0.76091,1.00,1.10
2018.05.30 09:31:36.722,0.76076,0.76091,1.00,1.00
2018.05.30 09:31:37.157,0.76074,0.76092,1.00,1.10
2018.05.30 09:31:39.196,0.76074,0.7609,1.00,1.00
2018.05.30 09:31:39.730,0.76072,0.7609,1.00,1.00
2018.05.30 09:31:40.015,0.76074,0.76089,1.00,1.00
2018.05.30 09:31:40.065,0.76072,0.76089,1.00,1.00
2018.05.30 09:31:40.426,0.76072,0.76087,1.00,1.00
2018.05.30 09:31:41.089,0.76071,0.76087,1.00,1.00
2018.05.30 09:31:41.291,0.76069,0.76087,1.00,1.00
2018.05.30 09:31:41.594,0.76071,0.76086,1.00,1.00
2018.05.30 09:31:42.443,0.76067,0.76085,1.10,1.50
2018.05.30 09:31:42.533,0.76069,0.76085,1.00,1.50
2018.05.30 09:31:42.615,0.76067,0.76084,1.00,1.00
2018.05.30 09:31:43.254,0.76068,0.76084,1.00,1.00
2018.05.30 09:31:44.358,0.76066,0.76084,1.00,1.00
2018.05.30 09:31:44.511,0.76067,0.76082,1.00,1.00
2018.05.30 09:31:46.035,0.76066,0.76082,1.00,1.00
2018.05.30 09:31:46.550,0.76066,0.76083,1.00,1.00
2018.05.30 09:31:47.099,0.76066,0.76082,1.00,1.00
2018.05.30 09:31:47.738,0.76067,0.76082,1.00,1.00
2018.05.30 09:31:47.891,0.76067,0.76085,1.00,1.50
2018.05.30 09:31:47.942,0.76067,0.76082,1.00,1.00
2018.05.30 09:31:48.097,0.76065,0.76081,1.00,1.00
2018.05.30 09:31:48.837,0.76066,0.76082,1.00,1.00
2018.05.30 09:31:49.411,0.76065,0.76081,1.00,1.00
2018.05.30 09:31:49.462,0.76064,0.76079,1.00,1.00
2018.05.30 09:31:49.513,0.76062,0.76079,1.00,1.00
2018.05.30 09:31:49.741,0.76063,0.76081,1.00,1.00
2018.05.30 09:31:49.793,0.76063,0.76079,1.00,1.00
2018.05.30 09:31:50.215,0.76063,0.76081,1.00,1.57
2018.05.30 09:31:50.783,0.76062,0.76081,1.00,1.57
2018.05.30 09:31:50.834,0.76064,0.76079,1.00,1.00
2018.05.30 09:31:51.065,0.76063,0.76081,1.00,1.57
2018.05.30 09:31:51.116,0.76064,0.76079,1.00,1.00
2018.05.30 09:31:51.485,0.76062,0.7608,1.00,1.00
2018.05.30 09:31:52.105,0.76063,0.7608,1.00,1.00
2018.05.30 09:31:52.632,0.76064,0.7608,1.00,1.00
2018.05.30 09:31:53.243,0.76064,0.76079,1.00,1.00
2018.05.30 09:31:56.199,0.76063,0.76079,1.00,1.00
2018.05.30 09:31:56.705,0.76064,0.7608,1.00,1.00
2018.05.30 09:31:57.340,0.76065,0.7608,1.00,1.00
2018.05.30 09:31:58.081,0.76066,0.76081,1.00,1.00
2018.05.30 09:31:59.193,0.76067,0.76083,1.00,1.57
2018.05.30 09:31:59.782,0.76068,0.76083,1.00,1.00
2018.05.30 09:32:00.329,0.76067,0.76083,1.00,1.00
2018.05.30 09:32:01.125,0.76068,0.76084,1.00,1.00
2018.05.30 09:32:02.348,0.76067,0.76083,1.00,1.00
2018.05.30 09:32:02.838,0.76067,0.76085,1.00,1.00
2018.05.30 09:32:02.939,0.76066,0.76082,1.00,1.00
2018.05.30 09:32:03.245,0.76063,0.7608,1.50,1.00
2018.05.30 09:32:03.346,0.76064,0.76082,1.50,1.10
2018.05.30 09:32:03.544,0.76064,0.7608,1.00,1.00
2018.05.30 09:32:03.748,0.76061,0.76078,1.57,1.00
2018.05.30 09:32:03.807,0.76063,0.76078,1.00,1.00
2018.05.30 09:32:03.960,0.76063,0.7608,1.00,1.00
2018.05.30 09:32:04.690,0.76063,0.76079,1.00,1.00
2018.05.30 09:32:05.067,0.76063,0.76081,1.00,1.50
2018.05.30 09:32:05.225,0.76063,0.76079,1.00,1.00
2018.05.30 09:32:05.431,0.76061,0.76078,1.57,1.00
2018.05.30 09:32:05.597,0.76063,0.76078,1.00,1.00
2018.05.30 09:32:05.648,0.76061,0.76078,1.50,1.00
2018.05.30 09:32:05.911,0.76063,0.76079,1.00,1.00
2018.05.30 09:32:05.988,0.76061,0.76078,1.50,1.00
2018.05.30 09:32:06.039,0.76063,0.76078,1.00,1.00
2018.05.30 09:32:06.170,0.76061,0.76079,1.50,1.00
2018.05.30 09:32:06.495,0.76063,0.76078,1.00,1.00
2018.05.30 09:32:07.008,0.76062,0.76079,1.20,1.00
2018.05.30 09:32:07.656,0.76061,0.7608,1.95,1.00
2018.05.30 09:32:08.043,0.76064,0.7608,1.00,1.00
2018.05.30 09:32:08.360,0.76062,0.76078,1.00,1.00
2018.05.30 09:32:09.353,0.76061,0.76077,1.12,1.00
2018.05.30 09:32:09.982,0.76061,0.76077,1.57,1.00
2018.05.30 09:32:10.034,0.76062,0.76079,1.20,1.00
2018.05.30 09:32:10.135,0.76061,0.76077,1.45,1.00
2018.05.30 09:32:10.454,0.76061,0.76077,1.00,1.00
2018.05.30 09:32:12.519,0.76061,0.76077,1.57,1.00
2018.05.30 09:32:13.083,0.76061,0.76077,1.00,1.00
2018.05.30 09:32:14.500,0.76062,0.76078,1.00,1.00
2018.05.30 09:32:14.783,0.76064,0.76079,1.00,1.00
2018.05.30 09:32:15.168,0.76062,0.76078,1.10,1.00
2018.05.30 09:32:16.095,0.76061,0.76078,1.00,1.00
2018.05.30 09:32:16.648,0.76062,0.76078,1.00,1.00
2018.05.30 09:32:17.312,0.76062,0.76077,1.00,1.00
2018.05.30 09:32:18.850,0.76061,0.76077,1.00,1.00
2018.05.30 09:32:19.542,0.7606,0.76076,1.00,1.00
2018.05.30 09:32:19.979,0.76061,0.76079,1.00,1.00
2018.05.30 09:32:20.030,0.76064,0.7608,1.00,2.92
2018.05.30 09:32:20.786,0.76065,0.7608,1.00,1.00
2018.05.30 09:32:21.387,0.76064,0.76079,1.00,1.00
2018.05.30 09:32:21.441,0.76062,0.7608,1.10,1.00
2018.05.30 09:32:21.593,0.7606,0.76077,1.20,1.00
2018.05.30 09:32:21.694,0.76058,0.76077,1.10,1.50
2018.05.30 09:32:21.846,0.76061,0.76076,1.00,1.00
2018.05.30 09:32:22.540,0.76061,0.76077,1.00,2.25
2018.05.30 09:32:22.591,0.76059,0.76077,1.00,2.25
2018.05.30 09:32:23.221,0.76058,0.76077,1.10,2.25
2018.05.30 09:32:23.448,0.7606,0.76077,1.00,2.25
2018.05.30 09:32:24.007,0.7606,0.76076,1.00,1.00
2018.05.30 09:32:25.285,0.76057,0.76072,1.95,1.00
2018.05.30 09:32:25.335,0.76056,0.76072,1.00,1.00
2018.05.30 09:32:29.204,0.76056,0.76071,1.00,1.00
2018.05.30 09:32:29.746,0.76055,0.7607,1.00,1.00
2018.05.30 09:32:31.865,0.76056,0.7607,1.00,1.00
2018.05.30 09:32:32.174,0.76052,0.76069,1.00,1.00
2018.05.30 09:32:32.225,0.76051,0.76067,1.10,1.00
2018.05.30 09:32:33.051,0.7605,0.76067,1.00,2.25
2018.05.30 09:32:33.400,0.7605,0.76065,1.00,1.00
2018.05.30 09:32:33.502,0.76047,0.76065,1.00,1.10
2018.05.30 09:32:33.603,0.76049,0.76065,1.00,1.50
2018.05.30 09:32:33.946,0.76051,0.76067,1.00,2.32
2018.05.30 09:32:34.048,0.76052,0.76069,1.00,1.07
2018.05.30 09:32:34.274,0.76052,0.7607,1.00,1.57
2018.05.30 09:32:34.324,0.76054,0.76069,1.00,1.00
2018.05.30 09:32:34.694,0.76051,0.76068,1.00,1.00
2018.05.30 09:32:35.404,0.76051,0.76067,1.00,1.00
2018.05.30 09:32:35.606,0.76049,0.76067,1.20,1.50
2018.05.30 09:32:36.109,0.7605,0.76065,1.00,1.00
2018.05.30 09:32:38.925,0.76049,0.76064,1.00,1.00
2018.05.30 09:32:38.976,0.76046,0.76062,1.10,1.00
2018.05.30 09:32:39.077,0.76045,0.7606,1.00,1.00
2018.05.30 09:32:39.589,0.76044,0.7606,1.00,1.00
2018.05.30 09:32:40.680,0.76045,0.76061,1.00,1.50
2018.05.30 09:32:41.196,0.76044,0.7606,1.00,1.00
2018.05.30 09:32:41.728,0.76044,0.76059,1.00,1.00
2018.05.30 09:32:43.120,0.76044,0.7606,1.00,1.00
2018.05.30 09:32:45.184,0.76042,0.7606,1.00,1.00
2018.05.30 09:32:45.235,0.76044,0.76059,1.00,1.00
2018.05.30 09:32:45.286,0.76044,0.76061,1.00,1.00
2018.05.30 09:32:45.337,0.76047,0.76061,1.00,1.00
2018.05.30 09:32:46.026,0.76047,0.76062,1.00,1.00
2018.05.30 09:32:46.230,0.76046,0.76064,1.00,2.25
2018.05.30 09:32:47.892,0.76048,0.76063,1.00,1.00
2018.05.30 09:32:48.442,0.76047,0.76063,1.00,1.00
2018.05.30 09:32:49.013,0.76048,0.76063,1.00,1.00
2018.05.30 09:32:49.162,0.76046,0.76064,1.00,1.50
2018.05.30 09:32:49.264,0.76048,0.76064,1.00,1.50
2018.05.30 09:32:50.797,0.76049,0.76064,1.00,1.50
2018.05.30 09:32:51.193,0.76047,0.76063,1.00,1.00
2018.05.30 09:32:51.576,0.76045,0.76061,1.00,1.00
2018.05.30 09:32:52.195,0.76045,0.76059,1.00,1.00
2018.05.30 09:32:52.965,0.76044,0.76059,1.00,1.00
2018.05.30 09:32:54.574,0.76045,0.7606,1.00,1.00
2018.05.30 09:32:54.858,0.76046,0.76062,1.00,1.00
2018.05.30 09:32:55.194,0.76048,0.76063,1.00,1.00
2018.05.30 09:32:55.296,0.76046,0.76062,1.00,1.00
2018.05.30 09:32:55.577,0.76045,0.7606,1.00,1.00
2018.05.30 09:32:56.267,0.76044,0.7606,1.00,1.00
2018.05.30 09:32:56.977,0.76044,0.76059,1.00,1.00
2018.05.30 09:32:57.028,0.76044,0.76061,1.00,1.00
2018.05.30 09:32:57.567,0.76043,0.76061,1.00,1.50
2018.05.30 09:32:57.965,0.76043,0.76058,1.00,1.00
2018.05.30 09:32:58.116,0.76043,0.7606,1.00,1.00
2018.05.30 09:32:58.458,0.76043,0.76058,1.00,1.00
2018.05.30 09:32:58.672,0.76043,0.7606,1.00,1.00
2018.05.30 09:32:59.101,0.76041,0.7606,1.00,2.32
2018.05.30 09:32:59.152,0.76042,0.76057,1.00,1.00
2018.05.30 09:32:59.310,0.76043,0.76059,1.00,2.25
2018.05.30 09:32:59.826,0.76042,0.76059,1.00,1.00
2018.05.30 09:32:59.927,0.76044,0.76059,1.00,1.00
2018.05.30 09:32:59.978,0.76044,0.76061,1.00,3.00
2018.05.30 09:33:00.507,0.76044,0.7606,1.00,1.00
2018.05.30 09:33:00.558,0.76043,0.76062,1.00,1.00
2018.05.30 09:33:00.714,0.76046,0.76062,1.00,1.00
2018.05.30 09:33:00.968,0.76047,0.76064,1.00,1.50
2018.05.30 09:33:01.364,0.76047,0.76062,1.00,1.00
2018.05.30 09:33:01.866,0.76048,0.76063,1.00,1.00
2018.05.30 09:33:02.446,0.76047,0.76063,1.00,1.00
2018.05.30 09:33:04.234,0.76048,0.76063,1.00,1.00
2018.05.30 09:33:05.784,0.76048,0.76064,1.00,1.50
2018.05.30 09:33:06.811,0.76048,0.76063,1.00,1.00
2018.05.30 09:33:08.810,0.76049,0.76064,1.00,1.00
2018.05.30 09:33:09.536,0.76048,0.76064,1.00,1.00
2018.05.30 09:33:10.975,0.76048,0.76063,1.00,1.00
2018.05.30 09:33:11.675,0.76047,0.76065,1.00,1.00
2018.05.30 09:33:13.632,0.76049,0.76064,1.00,1.00
2018.05.30 09:33:14.908,0.76048,0.76064,1.00,1.00
2018.05.30 09:33:15.358,0.76044,0.7606,1.10,1.00
2018.05.30 09:33:15.461,0.76046,0.76064,1.12,2.25
2018.05.30 09:33:15.516,0.76048,0.76063,1.00,1.00
2018.05.30 09:33:17.356,0.76047,0.76062,1.00,1.00
2018.05.30 09:33:17.559,0.76043,0.76059,1.00,1.00
2018.05.30 09:33:18.100,0.76043,0.76058,1.00,1.00
2018.05.30 09:33:18.437,0.76042,0.7606,1.00,1.00
2018.05.30 09:33:19.439,0.76043,0.76058,1.00,1.00
2018.05.30 09:33:19.490,0.76043,0.7606,1.00,1.00
2018.05.30 09:33:19.541,0.76042,0.76058,1.10,1.00
2018.05.30 09:33:19.925,0.76042,0.7606,1.00,1.50
2018.05.30 09:33:20.435,0.76044,0.76061,1.00,1.00
2018.05.30 09:33:22.337,0.76044,0.76059,1.00,1.00
2018.05.30 09:33:23.184,0.76044,0.7606,1.00,1.00
2018.05.30 09:33:23.737,0.76044,0.76061,1.00,1.00
2018.05.30 09:33:24.458,0.76044,0.7606,1.00,1.00
2018.05.30 09:33:24.735,0.76041,0.76059,2.32,1.00
2018.05.30 09:33:25.617,0.76042,0.76059,1.37,1.00
2018.05.30 09:33:25.820,0.76043,0.76061,1.12,2.25
2018.05.30 09:33:27.309,0.76042,0.7606,1.12,1.00
2018.05.30 09:33:28.043,0.76042,0.76059,1.00,1.00
2018.05.30 09:33:28.571,0.76041,0.76058,1.00,1.00
2018.05.30 09:33:29.073,0.76043,0.76059,1.00,1.10
2018.05.30 09:33:29.580,0.76043,0.7606,1.00,1.00
2018.05.30 09:33:29.732,0.76044,0.76062,1.00,1.00
2018.05.30 09:33:30.262,0.76044,0.76063,1.00,2.85
2018.05.30 09:33:30.466,0.76044,0.76061,1.00,1.00
2018.05.30 09:33:31.388,0.76047,0.76064,1.00,2.25
2018.05.30 09:33:32.270,0.76048,0.76064,1.00,1.00
2018.05.30 09:33:32.422,0.76045,0.76064,1.00,1.50
2018.05.30 09:33:32.574,0.76045,0.76062,1.00,1.50
2018.05.30 09:33:33.200,0.76044,0.76061,1.00,1.00
2018.05.30 09:33:33.703,0.76044,0.76062,1.00,1.00
2018.05.30 09:33:34.253,0.76043,0.76061,1.00,1.00
2018.05.30 09:33:35.581,0.76044,0.76059,1.00,1.00
2018.05.30 09:33:37.966,0.76044,0.76061,1.00,1.00
2018.05.30 09:33:38.495,0.76044,0.76062,1.00,1.10
2018.05.30 09:33:39.751,0.76043,0.76061,1.00,1.00
2018.05.30 09:33:40.319,0.76045,0.7606,1.00,1.00
2018.05.30 09:33:40.423,0.76042,0.76059,1.00,1.00
2018.05.30 09:33:40.838,0.76041,0.76057,1.00,1.00
2018.05.30 09:33:41.897,0.76042,0.76058,1.00,1.10
2018.05.30 09:33:42.200,0.76041,0.76056,1.00,1.00
2018.05.30 09:33:42.950,0.76039,0.76058,1.00,1.10
2018.05.30 09:33:43.051,0.76043,0.76058,1.00,1.10
2018.05.30 09:33:43.244,0.76043,0.7606,1.00,1.00
2018.05.30 09:33:43.532,0.76045,0.7606,1.00,1.00
2018.05.30 09:33:44.194,0.76045,0.76062,1.00,1.10
2018.05.30 09:33:44.303,0.76045,0.7606,1.00,1.00
2018.05.30 09:33:44.920,0.76044,0.7606,1.00,1.00
2018.05.30 09:33:46.674,0.76044,0.76059,1.00,1.00
2018.05.30 09:33:46.927,0.76044,0.76061,1.00,1.10
2018.05.30 09:33:47.560,0.76043,0.7606,1.00,1.00
2018.05.30 09:33:48.172,0.76044,0.76061,1.00,1.10
2018.05.30 09:33:48.347,0.76044,0.76059,1.00,1.00
2018.05.30 09:33:48.850,0.76043,0.76062,1.00,1.95
2018.05.30 09:33:49.362,0.76044,0.7606,1.00,1.10
2018.05.30 09:33:50.087,0.76044,0.76059,1.00,1.00
2018.05.30 09:33:50.138,0.76043,0.76061,1.00,1.57
2018.05.30 09:33:50.189,0.76044,0.76059,1.00,1.00
2018.05.30 09:33:50.701,0.76044,0.7606,1.00,1.00
2018.05.30 09:33:50.928,0.76042,0.76059,1.00,1.00
2018.05.30 09:33:50.979,0.76041,0.76056,1.00,1.00
2018.05.30 09:33:51.173,0.76039,0.76055,1.00,1.00
2018.05.30 09:33:51.224,0.76038,0.76053,1.00,1.00
2018.05.30 09:33:51.328,0.76035,0.76052,1.00,1.00
2018.05.30 09:33:51.379,0.76033,0.76051,1.50,1.07
2018.05.30 09:33:51.531,0.76028,0.76046,1.57,1.00
2018.05.30 09:33:51.582,0.76031,0.76046,1.00,1.00
2018.05.30 09:33:52.094,0.76033,0.76047,1.00,1.00
2018.05.30 09:33:52.196,0.76032,0.76049,1.00,1.00
2018.05.30 09:33:52.247,0.76031,0.76047,1.00,1.00
2018.05.30 09:33:52.786,0.7603,0.76047,1.00,1.00
2018.05.30 09:33:53.200,0.76027,0.76042,1.00,1.00
2018.05.30 09:33:53.251,0.76026,0.76045,1.00,1.00
2018.05.30 09:33:53.505,0.76028,0.76043,1.00,1.00
2018.05.30 09:33:53.556,0.76027,0.76045,1.00,1.00
2018.05.30 09:33:53.757,0.76028,0.76043,1.00,1.00
2018.05.30 09:33:54.071,0.76027,0.76045,1.00,1.00
2018.05.30 09:33:54.234,0.76027,0.76043,1.00,1.00
2018.05.30 09:33:54.667,0.76028,0.76045,1.00,1.00
2018.05.30 09:33:54.768,0.76028,0.76043,1.00,1.00
2018.05.30 09:33:54.819,0.76028,0.76045,1.00,1.00
2018.05.30 09:33:55.503,0.76027,0.76045,1.00,1.00
2018.05.30 09:33:56.176,0.76027,0.76042,1.00,1.00
2018.05.30 09:33:57.001,0.76028,0.76043,1.00,1.00
2018.05.30 09:33:57.521,0.76029,0.76044,1.00,1.00
2018.05.30 09:33:58.311,0.76026,0.76045,1.20,1.00
2018.05.30 09:33:58.361,0.76028,0.76043,1.00,1.00
2018.05.30 09:33:58.412,0.76028,0.76045,1.00,1.00
2018.05.30 09:33:59.003,0.76028,0.76047,1.00,3.00
2018.05.30 09:33:59.358,0.7603,0.76047,1.00,1.50
2018.05.30 09:33:59.799,0.76028,0.76043,1.10,1.00
2018.05.30 09:34:00.102,0.76029,0.76046,1.00,1.00
2018.05.30 09:34:00.609,0.7603,0.76045,1.00,1.00
2018.05.30 09:34:01.159,0.76029,0.76044,1.00,1.00
2018.05.30 09:34:01.368,0.7603,0.76046,1.00,1.00
2018.05.30 09:34:01.917,0.76031,0.76046,1.00,1.00
2018.05.30 09:34:02.516,0.76031,0.76047,1.00,1.00
2018.05.30 09:34:03.185,0.76031,0.76046,1.00,1.00
2018.05.30 09:34:03.237,0.7603,0.76048,1.10,1.00
2018.05.30 09:34:03.827,0.7603,0.76045,1.00,1.00
2018.05.30 09:34:03.877,0.76031,0.76047,1.00,1.00
2018.05.30 09:34:04.033,0.76032,0.76049,1.00,2.25
2018.05.30 09:34:04.552,0.76033,0.7605,1.00,1.00
2018.05.30 09:34:06.926,0.76033,0.76048,1.00,1.00
2018.05.30 09:34:08.874,0.76034,0.76049,1.00,1.00
2018.05.30 09:34:09.398,0.76033,0.76048,1.00,1.00
2018.05.30 09:34:09.995,0.76032,0.76047,1.00,1.00
2018.05.30 09:34:10.496,0.76031,0.76046,1.00,1.00
2018.05.30 09:34:11.610,0.76032,0.76049,1.00,1.50
2018.05.30 09:34:12.137,0.76032,0.76048,1.00,1.00
2018.05.30 09:34:12.710,0.76032,0.76049,1.00,1.00
2018.05.30 09:34:13.561,0.76034,0.76049,1.00,1.00
2018.05.30 09:34:15.852,0.76032,0.76049,1.00,1.00
2018.05.30 09:34:16.341,0.76034,0.76049,1.00,1.00
2018.05.30 09:34:17.389,0.76033,0.7605,1.00,1.00
2018.05.30 09:34:17.895,0.76033,0.76049,1.00,1.00
2018.05.30 09:34:18.458,0.76034,0.76049,1.00,1.00
2018.05.30 09:34:19.524,0.76033,0.76048,1.00,1.00
2018.05.30 09:34:20.582,0.76032,0.76048,1.00,1.00
2018.05.30 09:34:21.657,0.76033,0.76048,1.00,1.00
2018.05.30 09:34:22.167,0.76034,0.76049,1.00,1.00
2018.05.30 09:34:23.000,0.76033,0.76048,1.00,1.00
2018.05.30 09:34:26.361,0.76032,0.76047,1.00,1.00
2018.05.30 09:34:26.412,0.76029,0.76047,1.00,1.00
2018.05.30 09:34:27.079,0.76029,0.76046,1.00,1.00
2018.05.30 09:34:27.631,0.76028,0.76047,1.00,1.07
2018.05.30 09:34:27.869,0.7603,0.76045,1.00,1.00
2018.05.30 09:34:28.353,0.76028,0.76046,1.00,1.10
2018.05.30 09:34:28.874,0.76028,0.76044,1.00,1.00
2018.05.30 09:34:28.925,0.76027,0.76047,1.00,1.95
2018.05.30 09:34:29.445,0.76028,0.76046,1.00,1.00
2018.05.30 09:34:29.553,0.76029,0.76044,1.00,1.00
2018.05.30 09:34:29.605,0.76029,0.76046,1.00,1.10
2018.05.30 09:34:29.707,0.76028,0.76043,1.00,1.00
2018.05.30 09:34:30.742,0.76027,0.76046,1.00,1.20
2018.05.30 09:34:30.928,0.76029,0.76045,1.00,1.10
2018.05.30 09:34:31.483,0.76028,0.76045,1.00,1.00
2018.05.30 09:34:32.009,0.76027,0.76044,1.00,1.00
2018.05.30 09:34:32.525,0.76028,0.76045,1.00,1.10
2018.05.30 09:34:33.168,0.76029,0.76045,1.00,1.00
2018.05.30 09:34:33.696,0.76028,0.76046,1.00,1.10
2018.05.30 09:34:34.289,0.76029,0.76044,1.00,1.00
2018.05.30 09:34:34.425,0.76028,0.76046,1.00,1.10
2018.05.30 09:34:34.673,0.76029,0.76044,1.00,1.00
2018.05.30 09:34:35.288,0.76029,0.76045,1.00,1.10
2018.05.30 09:34:35.819,0.76029,0.76044,1.00,1.00
2018.05.30 09:34:36.134,0.76028,0.76046,1.00,1.10
2018.05.30 09:34:36.361,0.76029,0.76044,1.00,1.00
2018.05.30 09:34:37.039,0.76028,0.76045,1.00,1.00
2018.05.30 09:34:37.648,0.76027,0.76044,1.00,1.00
2018.05.30 09:34:38.187,0.76027,0.76042,1.00,1.00
2018.05.30 09:34:38.339,0.76025,0.76042,1.00,1.10
2018.05.30 09:34:38.541,0.76023,0.7604,1.00,1.00
2018.05.30 09:34:38.916,0.76023,0.76038,1.00,1.00
2018.05.30 09:34:38.967,0.76023,0.7604,1.00,1.00
2018.05.30 09:34:39.294,0.76022,0.76038,1.00,1.00
2018.05.30 09:34:39.906,0.76022,0.76037,1.00,1.00
2018.05.30 09:34:41.145,0.76021,0.76037,1.00,1.00
2018.05.30 09:34:41.667,0.76022,0.76037,1.00,1.00
2018.05.30 09:34:41.877,0.76022,0.76039,1.00,1.00
2018.05.30 09:34:42.524,0.76023,0.7604,1.00,1.50
2018.05.30 09:34:42.736,0.76025,0.76041,1.00,1.00
2018.05.30 09:34:43.252,0.76023,0.7604,1.00,1.00
2018.05.30 09:34:43.986,0.76025,0.7604,1.00,1.00
2018.05.30 09:34:44.876,0.76024,0.76039,1.00,1.00
2018.05.30 09:34:45.182,0.76022,0.76039,1.00,1.00
2018.05.30 09:34:47.554,0.76023,0.76039,1.00,1.00
2018.05.30 09:34:47.656,0.76023,0.76041,1.00,1.57
2018.05.30 09:34:48.184,0.76024,0.76041,1.00,1.10
2018.05.30 09:34:48.420,0.76026,0.76043,1.00,1.20
2018.05.30 09:34:48.471,0.76026,0.76045,1.00,2.32
2018.05.30 09:34:48.522,0.76025,0.76042,1.00,1.00
2018.05.30 09:34:48.830,0.76023,0.7604,1.00,1.00
2018.05.30 09:34:49.733,0.76022,0.76039,1.00,1.00
2018.05.30 09:34:50.817,0.76023,0.76039,1.00,1.00
2018.05.30 09:34:51.586,0.76024,0.76039,1.00,1.00
2018.05.30 09:34:51.740,0.76025,0.76041,1.00,1.57
2018.05.30 09:34:52.271,0.76026,0.76041,1.00,1.00
2018.05.30 09:34:52.952,0.76025,0.7604,1.00,1.00
2018.05.30 09:34:53.813,0.76025,0.76042,1.00,1.00
2018.05.30 09:34:54.057,0.76028,0.76043,1.00,1.00
2018.05.30 09:34:55.849,0.76026,0.76042,1.00,1.00
2018.05.30 09:34:56.379,0.76027,0.76042,1.00,1.00
2018.05.30 09:34:58.249,0.76026,0.76041,1.00,1.00
2018.05.30 09:34:59.959,0.76026,0.76042,1.00,1.00
2018.05.30 09:35:00.060,0.76028,0.76043,1.00,1.00
2018.05.30 09:35:00.607,0.76027,0.76042,1.00,1.00
2018.05.30 09:35:00.760,0.76027,0.76045,1.00,1.57
2018.05.30 09:35:00.811,0.76027,0.76043,1.00,1.00
2018.05.30 09:35:01.119,0.76023,0.76038,1.00,1.00
2018.05.30 09:35:01.561,0.76021,0.76037,1.00,1.00
2018.05.30 09:35:02.358,0.76021,0.76036,1.00,1.00
2018.05.30 09:35:03.472,0.76022,0.76037,1.00,1.00
2018.05.30 09:35:04.125,0.76021,0.76039,1.00,1.00
2018.05.30 09:35:04.176,0.76022,0.76037,1.00,1.00
2018.05.30 09:35:04.505,0.7602,0.76037,1.00,1.00
2018.05.30 09:35:04.720,0.76022,0.76038,1.00,1.00
2018.05.30 09:35:05.222,0.76022,0.76037,1.00,1.00
2018.05.30 09:35:06.040,0.76021,0.76036,1.00,1.00
2018.05.30 09:35:07.852,0.76021,0.76038,1.00,1.00
2018.05.30 09:35:08.003,0.76023,0.76039,1.00,1.00
2018.05.30 09:35:08.554,0.76024,0.76039,1.00,1.00
2018.05.30 09:35:10.021,0.76024,0.7604,1.00,1.00
2018.05.30 09:35:11.136,0.76024,0.76041,1.00,1.00
2018.05.30 09:35:12.204,0.76022,0.76037,1.00,1.00
2018.05.30 09:35:12.255,0.76022,0.76039,1.00,1.50
2018.05.30 09:35:12.402,0.76025,0.76039,1.00,1.00
2018.05.30 09:35:12.453,0.76024,0.76041,1.00,1.00
2018.05.30 09:35:13.526,0.76024,0.7604,1.00,1.00
2018.05.30 09:35:13.628,0.76026,0.76041,1.00,1.00
2018.05.30 09:35:13.730,0.76028,0.76045,1.00,3.07
2018.05.30 09:35:13.830,0.76027,0.76043,1.00,1.00
2018.05.30 09:35:14.371,0.76025,0.76043,1.00,1.00
2018.05.30 09:35:14.518,0.76028,0.76043,1.00,1.00
2018.05.30 09:35:14.672,0.76027,0.76045,1.00,1.57
2018.05.30 09:35:15.206,0.76027,0.76044,1.00,1.00
2018.05.30 09:35:15.257,0.76025,0.76044,1.00,1.50
2018.05.30 09:35:15.359,0.76028,0.76045,1.00,1.00
2018.05.30 09:35:15.881,0.76026,0.76044,1.00,1.00
2018.05.30 09:35:16.038,0.76028,0.76045,1.00,1.00
2018.05.30 09:35:16.526,0.76027,0.76043,1.00,1.00
2018.05.30 09:35:16.928,0.76025,0.76043,1.00,1.50
2018.05.30 09:35:17.081,0.76027,0.76042,1.00,1.00
2018.05.30 09:35:17.591,0.76027,0.76043,1.00,1.00
2018.05.30 09:35:18.098,0.76027,0.76042,1.00,1.00
2018.05.30 09:35:18.644,0.76027,0.76043,1.00,1.00
2018.05.30 09:35:18.984,0.76032,0.76047,1.00,1.00
2018.05.30 09:35:19.495,0.76033,0.76048,1.00,1.00
2018.05.30 09:35:20.005,0.76032,0.76047,1.00,1.00
2018.05.30 09:35:20.056,0.7603,0.76048,1.00,1.00
2018.05.30 09:35:20.337,0.7603,0.76046,1.00,1.00
2018.05.30 09:35:20.387,0.7603,0.76048,1.00,1.00
2018.05.30 09:35:20.631,0.76032,0.76047,1.00,1.00
2018.05.30 09:35:20.923,0.7603,0.76046,1.00,1.00
2018.05.30 09:35:22.411,0.76031,0.76049,1.00,1.57
2018.05.30 09:35:22.564,0.76032,0.76047,1.00,1.00
2018.05.30 09:35:22.712,0.7603,0.76046,1.00,1.00
2018.05.30 09:35:22.876,0.76032,0.76047,1.00,1.00
2018.05.30 09:35:23.145,0.7603,0.76047,1.00,1.00
2018.05.30 09:35:23.246,0.76032,0.76047,1.00,1.00
2018.05.30 09:35:23.534,0.7603,0.76047,1.00,1.00
2018.05.30 09:35:23.636,0.76032,0.76048,1.00,1.00
2018.05.30 09:35:23.789,0.76033,0.7605,1.00,1.50
2018.05.30 09:35:24.349,0.76033,0.76049,1.00,1.00
2018.05.30 09:35:24.860,0.76033,0.76048,1.00,1.00
2018.05.30 09:35:25.376,0.76034,0.76049,1.00,1.50
2018.05.30 09:35:25.477,0.76032,0.76048,1.00,1.00
2018.05.30 09:35:25.528,0.76029,0.76048,1.00,1.00
2018.05.30 09:35:25.578,0.76031,0.76047,1.00,1.00
2018.05.30 09:35:25.748,0.76029,0.76046,1.00,1.00
2018.05.30 09:35:26.227,0.76029,0.76044,1.00,1.00
2018.05.30 09:35:26.506,0.76027,0.76044,1.00,1.00
2018.05.30 09:35:26.939,0.76029,0.76044,1.00,1.00
2018.05.30 09:35:27.082,0.76027,0.76044,1.00,1.00
2018.05.30 09:35:27.655,0.76029,0.76046,1.00,1.10
2018.05.30 09:35:28.239,0.7603,0.76045,1.00,1.00
2018.05.30 09:35:28.953,0.76028,0.76045,1.00,1.00
2018.05.30 09:35:29.157,0.7603,0.76045,1.00,1.00
2018.05.30 09:35:30.205,0.76029,0.76045,1.00,1.00
2018.05.30 09:35:30.765,0.7603,0.76045,1.00,1.00
2018.05.30 09:35:32.158,0.76029,0.76046,1.00,1.00
2018.05.30 09:35:36.345,0.7603,0.76047,1.00,1.57
2018.05.30 09:35:36.781,0.76032,0.76047,1.00,1.00
2018.05.30 09:35:37.337,0.76031,0.76048,1.00,1.00
2018.05.30 09:35:38.216,0.76032,0.76048,1.00,1.00
2018.05.30 09:35:39.073,0.76031,0.76048,1.00,1.50
2018.05.30 09:35:40.938,0.76032,0.76048,1.00,1.00
2018.05.30 09:35:41.716,0.76032,0.76047,1.00,1.00
2018.05.30 09:35:42.137,0.76032,0.76049,1.00,1.00
2018.05.30 09:35:42.239,0.76032,0.76047,1.00,1.00
2018.05.30 09:35:43.282,0.76031,0.76046,1.00,1.00
2018.05.30 09:35:45.202,0.76032,0.76047,1.00,1.00
2018.05.30 09:35:46.101,0.76031,0.76047,1.00,1.00
2018.05.30 09:35:46.668,0.76032,0.76047,1.00,1.00
2018.05.30 09:35:47.614,0.76031,0.76046,1.00,1.00
2018.05.30 09:35:48.318,0.76032,0.76047,1.00,1.00
2018.05.30 09:35:49.438,0.76033,0.76048,1.00,1.00
2018.05.30 09:35:49.801,0.76031,0.76046,1.00,1.00
2018.05.30 09:35:53.529,0.76032,0.76047,1.00,1.00
2018.05.30 09:35:54.150,0.7603,0.76047,1.00,1.00
2018.05.30 09:35:54.331,0.76032,0.76047,1.00,1.00
2018.05.30 09:35:54.898,0.76031,0.76046,1.00,1.00
2018.05.30 09:35:55.266,0.76033,0.76049,1.00,1.57
2018.05.30 09:35:55.800,0.76033,0.7605,1.00,1.00
2018.05.30 09:35:55.850,0.76033,0.76048,1.00,1.00
2018.05.30 09:35:56.389,0.76033,0.76049,1.00,1.00
2018.05.30 09:35:56.693,0.76035,0.7605,1.00,1.00
2018.05.30 09:35:58.166,0.76035,0.76051,1.00,1.00
2018.05.30 09:35:58.684,0.76036,0.76051,1.00,1.00
2018.05.30 09:35:59.729,0.76035,0.7605,1.00,1.00
2018.05.30 09:36:00.242,0.76034,0.76049,1.00,1.00
2018.05.30 09:36:00.989,0.76034,0.7605,1.00,1.00
2018.05.30 09:36:01.302,0.76033,0.76048,1.00,1.00
2018.05.30 09:36:02.402,0.76033,0.76049,1.00,1.00
2018.05.30 09:36:02.743,0.76032,0.76047,1.00,1.00
2018.05.30 09:36:02.794,0.76034,0.76051,1.00,1.00
2018.05.30 09:36:02.845,0.76037,0.76053,1.00,1.10
2018.05.30 09:36:03.388,0.76038,0.76054,1.00,1.00
2018.05.30 09:36:04.588,0.76037,0.76053,1.00,1.00
2018.05.30 09:36:05.334,0.76038,0.76054,1.00,1.00
2018.05.30 09:36:05.843,0.76039,0.76055,1.00,1.10
2018.05.30 09:36:05.896,0.76037,0.76055,1.00,1.10
2018.05.30 09:36:05.997,0.76039,0.76055,1.00,1.00
2018.05.30 09:36:06.655,0.76038,0.76054,1.00,1.00
2018.05.30 09:36:07.306,0.76039,0.76055,1.00,1.00
2018.05.30 09:36:07.891,0.76039,0.76057,1.00,1.00
2018.05.30 09:36:07.965,0.7604,0.76055,1.00,1.00
2018.05.30 09:36:09.721,0.76039,0.76055,1.00,1.00
2018.05.30 09:36:10.286,0.7604,0.76056,1.00,1.00
2018.05.30 09:36:10.790,0.76039,0.76056,1.00,1.00
2018.05.30 09:36:11.401,0.7604,0.76058,1.00,1.00
2018.05.30 09:36:11.653,0.76041,0.76056,1.00,1.00
2018.05.30 09:36:12.160,0.7604,0.76057,1.00,1.00
2018.05.30 09:36:12.467,0.76044,0.76061,1.00,1.00
2018.05.30 09:36:13.110,0.76045,0.76062,1.00,1.00
2018.05.30 09:36:15.268,0.76047,0.76062,1.00,1.00
2018.05.30 09:36:15.369,0.76045,0.76061,1.00,1.00
2018.05.30 09:36:15.893,0.76046,0.76062,1.00,1.00
2018.05.30 09:36:16.831,0.76047,0.76062,1.00,1.00
2018.05.30 09:36:17.170,0.76046,0.76064,1.00,1.00
2018.05.30 09:36:17.962,0.76047,0.76064,1.10,1.00
2018.05.30 09:36:19.193,0.76048,0.76066,1.00,1.00
2018.05.30 09:36:19.244,0.76046,0.76061,1.10,1.00
2018.05.30 09:36:19.396,0.76045,0.76063,1.00,1.50
2018.05.30 09:36:20.399,0.76045,0.76062,1.00,1.00
2018.05.30 09:36:20.579,0.76045,0.7606,1.10,1.00
2018.05.30 09:36:20.783,0.76046,0.76062,1.00,1.00
2018.05.30 09:36:20.835,0.76045,0.7606,1.00,1.00
2018.05.30 09:36:20.886,0.76046,0.76062,1.00,1.00
2018.05.30 09:36:20.937,0.76048,0.76064,1.00,1.00
2018.05.30 09:36:21.227,0.76045,0.76062,1.10,1.00
2018.05.30 09:36:21.278,0.76045,0.7606,1.00,1.00
2018.05.30 09:36:21.634,0.76043,0.76061,1.10,1.00
2018.05.30 09:36:21.898,0.76045,0.7606,1.00,1.00
2018.05.30 09:36:22.439,0.76043,0.76061,1.10,1.00
2018.05.30 09:36:22.727,0.76043,0.76058,1.00,1.00
2018.05.30 09:36:23.235,0.76043,0.76059,1.00,1.00
2018.05.30 09:36:23.976,0.76044,0.76059,1.00,1.00
2018.05.30 09:36:24.405,0.76041,0.76057,1.00,1.00
2018.05.30 09:36:24.958,0.76042,0.76058,1.00,1.00
2018.05.30 09:36:26.164,0.76042,0.76057,1.00,1.00
2018.05.30 09:36:26.338,0.76045,0.7606,1.00,1.00
2018.05.30 09:36:26.843,0.76043,0.76059,1.00,1.00
2018.05.30 09:36:27.487,0.76044,0.76059,1.00,1.00
2018.05.30 09:36:29.270,0.76043,0.76061,1.10,1.00
2018.05.30 09:36:29.372,0.76044,0.76059,1.10,1.00
2018.05.30 09:36:30.398,0.76045,0.76061,1.00,1.00
2018.05.30 09:36:31.403,0.76046,0.76062,1.00,1.00
2018.05.30 09:36:31.963,0.76047,0.76063,1.00,1.00
2018.05.30 09:36:32.065,0.76045,0.76061,1.10,1.00
2018.05.30 09:36:32.376,0.76049,0.76064,1.00,1.00
2018.05.30 09:36:33.044,0.76049,0.76065,1.00,1.00
2018.05.30 09:36:33.339,0.76049,0.76067,1.10,1.00
2018.05.30 09:36:33.390,0.76051,0.76067,1.00,1.00
2018.05.30 09:36:33.704,0.7605,0.76065,1.00,1.00
2018.05.30 09:36:34.748,0.76049,0.76065,1.00,1.00
2018.05.30 09:36:35.287,0.76052,0.76067,1.00,1.00
2018.05.30 09:36:35.595,0.7605,0.76066,1.00,1.00
2018.05.30 09:36:36.922,0.76051,0.76067,1.00,1.00
2018.05.30 09:36:37.435,0.7605,0.76067,1.00,1.00
2018.05.30 09:36:38.021,0.76049,0.76067,1.00,1.00
2018.05.30 09:36:38.845,0.76051,0.76066,1.00,1.00
2018.05.30 09:36:39.669,0.7605,0.76066,1.00,1.00
2018.05.30 09:36:41.805,0.7605,0.76065,1.00,1.00
2018.05.30 09:36:42.059,0.76048,0.76064,1.10,1.00
2018.05.30 09:36:42.211,0.76047,0.76062,1.00,1.00
2018.05.30 09:36:42.934,0.76046,0.76061,1.00,1.00
2018.05.30 09:36:44.130,0.76047,0.76062,1.00,1.00
2018.05.30 09:36:44.181,0.76045,0.76063,1.57,1.00
2018.05.30 09:36:44.232,0.76047,0.76063,1.00,1.00
2018.05.30 09:36:44.333,0.76044,0.76062,1.57,1.00
2018.05.30 09:36:45.107,0.76046,0.76061,1.00,1.00
2018.05.30 09:36:47.322,0.76046,0.76062,1.00,1.00
2018.05.30 09:36:48.072,0.76045,0.76061,1.00,1.00
2018.05.30 09:36:49.468,0.76044,0.76059,1.00,1.00
2018.05.30 09:36:50.012,0.76044,0.7606,1.00,1.00
2018.05.30 09:36:50.544,0.76042,0.7606,1.10,1.00
2018.05.30 09:36:50.997,0.76045,0.7606,1.00,1.00
2018.05.30 09:36:51.528,0.76046,0.76061,1.00,1.00
2018.05.30 09:36:51.629,0.76044,0.7606,1.10,1.00
2018.05.30 09:36:52.242,0.76043,0.76059,1.10,1.00
2018.05.30 09:36:52.395,0.76045,0.76061,1.00,1.00
2018.05.30 09:36:53.347,0.76044,0.76061,1.00,1.00
2018.05.30 09:36:53.876,0.76045,0.7606,1.00,1.00
2018.05.30 09:36:54.489,0.76045,0.76061,1.00,1.00
2018.05.30 09:36:54.984,0.76049,0.76064,1.00,2.32
2018.05.30 09:36:55.289,0.76046,0.76062,1.00,1.00
2018.05.30 09:36:55.806,0.76046,0.76061,1.00,1.00
2018.05.30 09:36:55.858,0.76042,0.76058,1.95,1.00
2018.05.30 09:36:55.908,0.76041,0.76057,1.20,1.00
2018.05.30 09:36:56.411,0.76041,0.76056,1.00,1.00
2018.05.30 09:36:57.173,0.7604,0.76056,1.10,1.00
2018.05.30 09:37:00.155,0.76041,0.76057,1.00,1.00
2018.05.30 09:37:00.206,0.76039,0.76057,1.00,1.00
2018.05.30 09:37:00.411,0.7604,0.76055,1.00,1.00
2018.05.30 09:37:00.772,0.76039,0.76057,1.20,1.00
2018.05.30 09:37:00.925,0.76039,0.76055,1.20,1.00
2018.05.30 09:37:01.726,0.7604,0.76055,1.00,1.00
2018.05.30 09:37:03.234,0.7604,0.76056,1.00,1.00
2018.05.30 09:37:04.097,0.76039,0.76058,1.10,1.00
2018.05.30 09:37:04.225,0.76039,0.76056,1.10,1.00
2018.05.30 09:37:07.428,0.7604,0.76056,1.00,1.00
2018.05.30 09:37:07.732,0.76037,0.76056,1.57,1.00
2018.05.30 09:37:07.783,0.76039,0.76054,1.00,1.00
2018.05.30 09:37:07.834,0.76036,0.76055,1.95,1.00
2018.05.30 09:37:07.885,0.76039,0.76055,1.00,1.00
2018.05.30 09:37:08.206,0.76038,0.76053,1.00,1.00
2018.05.30 09:37:08.800,0.76037,0.76054,1.10,1.00
2018.05.30 09:37:09.128,0.76039,0.76056,1.00,1.00
2018.05.30 09:37:09.434,0.76041,0.76057,1.00,1.00
2018.05.30 09:37:09.786,0.76039,0.76057,1.10,1.00
2018.05.30 09:37:09.887,0.76041,0.76056,1.00,1.00
2018.05.30 09:37:10.516,0.76042,0.7606,1.00,1.00
2018.05.30 09:37:10.566,0.76044,0.76059,1.00,1.00
2018.05.30 09:37:12.936,0.76044,0.7606,1.00,1.00
2018.05.30 09:37:13.481,0.76044,0.76059,1.00,1.00
2018.05.30 09:37:13.595,0.76043,0.76061,1.10,1.00
2018.05.30 09:37:14.216,0.76045,0.7606,1.00,1.00
2018.05.30 09:37:14.819,0.76044,0.7606,1.00,1.00
2018.05.30 09:37:15.664,0.76045,0.7606,1.00,1.00
2018.05.30 09:37:16.220,0.76044,0.7606,1.00,1.00
2018.05.30 09:37:16.895,0.76044,0.76059,1.00,1.00
2018.05.30 09:37:19.734,0.76044,0.7606,1.00,1.00
2018.05.30 09:37:26.415,0.76044,0.76059,1.00,1.00
2018.05.30 09:37:26.466,0.7604,0.76057,1.20,1.00
2018.05.30 09:37:26.664,0.7604,0.76055,1.07,1.00
2018.05.30 09:37:27.243,0.7604,0.76055,1.00,1.00
2018.05.30 09:37:27.793,0.76039,0.76055,1.00,1.00
2018.05.30 09:37:29.091,0.76038,0.76054,1.00,1.00
2018.05.30 09:37:29.562,0.76039,0.76056,1.00,1.00
2018.05.30 09:37:29.760,0.76038,0.76054,1.00,1.00
2018.05.30 09:37:30.296,0.76038,0.76053,1.00,1.00
2018.05.30 09:37:30.885,0.76037,0.76053,1.00,1.00
2018.05.30 09:37:32.172,0.76037,0.76052,1.00,1.00
2018.05.30 09:37:32.934,0.76036,0.76054,1.00,1.50
2018.05.30 09:37:33.314,0.76036,0.76052,1.00,1.00
2018.05.30 09:37:33.530,0.76034,0.76051,1.00,1.00
2018.05.30 09:37:34.298,0.76035,0.7605,1.00,1.00
2018.05.30 09:37:35.035,0.76037,0.76053,1.00,2.25
2018.05.30 09:37:35.394,0.76035,0.76053,1.10,1.00
2018.05.30 09:37:35.496,0.76037,0.76052,1.00,1.00
2018.05.30 09:37:35.589,0.76035,0.76052,1.10,1.00
2018.05.30 09:37:36.253,0.76036,0.76052,1.00,1.00
2018.05.30 09:37:36.780,0.76036,0.76054,1.00,1.50
2018.05.30 09:37:36.831,0.76034,0.76052,1.10,1.00
2018.05.30 09:37:37.145,0.76036,0.76054,1.00,1.50
2018.05.30 09:37:37.495,0.76039,0.76057,1.00,1.10
2018.05.30 09:37:37.799,0.76041,0.76058,1.00,1.00
2018.05.30 09:37:38.944,0.76042,0.76058,1.00,1.00
2018.05.30 09:37:39.290,0.76039,0.76057,1.10,1.00
2018.05.30 09:37:39.884,0.76039,0.76056,1.00,1.00
2018.05.30 09:37:40.402,0.76039,0.76055,1.00,1.00
2018.05.30 09:37:40.997,0.76038,0.76055,1.10,1.00
2018.05.30 09:37:41.052,0.7604,0.76056,1.00,1.00
2018.05.30 09:37:41.103,0.76037,0.76056,1.95,1.00
2018.05.30 09:37:41.699,0.7604,0.76056,1.00,1.00
2018.05.30 09:37:41.951,0.76038,0.76055,1.10,1.00
2018.05.30 09:37:42.154,0.7604,0.76056,1.00,1.00
2018.05.30 09:37:42.493,0.76038,0.76057,1.10,1.00
2018.05.30 09:37:42.802,0.7604,0.76056,1.00,1.00
2018.05.30 09:37:43.564,0.76039,0.76056,1.00,1.00
2018.05.30 09:37:44.108,0.7604,0.76057,1.00,1.00
2018.05.30 09:37:44.883,0.76038,0.76057,1.50,1.00
2018.05.30 09:37:45.455,0.76039,0.76056,1.00,1.00
2018.05.30 09:37:45.958,0.7604,0.76057,1.00,1.00
2018.05.30 09:37:46.460,0.76039,0.76056,1.00,1.00
2018.05.30 09:37:47.084,0.7604,0.76056,1.00,1.00
2018.05.30 09:37:47.610,0.76039,0.76056,1.10,1.00
2018.05.30 09:37:47.996,0.76039,0.76054,1.00,1.00
2018.05.30 09:37:48.510,0.76039,0.76055,1.00,1.00
2018.05.30 09:37:49.488,0.7604,0.76055,1.00,1.00
2018.05.30 09:37:50.010,0.76039,0.76055,1.00,1.00
2018.05.30 09:37:53.244,0.76038,0.76056,1.00,1.00
2018.05.30 09:37:53.607,0.7604,0.76056,1.00,1.00
2018.05.30 09:37:54.375,0.7604,0.76058,1.00,1.00
2018.05.30 09:37:54.577,0.7604,0.76056,1.00,1.00
2018.05.30 09:37:55.114,0.76041,0.76057,1.00,1.00
2018.05.30 09:37:55.433,0.76039,0.76056,1.00,1.00
2018.05.30 09:37:55.686,0.76041,0.76059,1.00,1.00
2018.05.30 09:37:55.989,0.76043,0.76059,1.00,1.00
2018.05.30 09:37:56.722,0.76042,0.76058,1.00,1.00
2018.05.30 09:37:59.682,0.76042,0.76059,1.00,1.00
2018.05.30 09:38:00.228,0.76043,0.76058,1.00,1.00
2018.05.30 09:38:00.627,0.76042,0.7606,1.00,1.00
2018.05.30 09:38:00.819,0.76043,0.76058,1.00,1.00
2018.05.30 09:38:01.387,0.76043,0.76059,1.00,1.00
2018.05.30 09:38:02.159,0.76044,0.7606,1.00,1.00
2018.05.30 09:38:02.462,0.76048,0.76064,1.00,1.00
2018.05.30 09:38:03.234,0.76047,0.76064,1.00,1.00
2018.05.30 09:38:05.132,0.76048,0.76064,1.00,1.00
2018.05.30 09:38:07.525,0.76049,0.76065,1.00,1.00
2018.05.30 09:38:07.626,0.76047,0.76065,1.00,1.00
2018.05.30 09:38:08.305,0.7605,0.76065,1.00,1.00
2018.05.30 09:38:08.357,0.76048,0.76064,1.00,1.00
2018.05.30 09:38:08.965,0.76047,0.76065,1.00,1.00
2018.05.30 09:38:10.152,0.76049,0.76065,1.00,1.00
2018.05.30 09:38:10.630,0.76052,0.76068,1.00,1.00
2018.05.30 09:38:10.732,0.76053,0.76071,1.00,1.57
2018.05.30 09:38:10.833,0.76056,0.76071,1.00,1.00
2018.05.30 09:38:11.635,0.76055,0.76071,1.00,1.00
2018.05.30 09:38:15.061,0.76054,0.7607,1.10,1.00
2018.05.30 09:38:15.214,0.76052,0.7607,1.00,1.00
2018.05.30 09:38:15.921,0.76052,0.76069,1.00,1.00
2018.05.30 09:38:16.387,0.76051,0.76067,1.00,1.00
2018.05.30 09:38:19.620,0.76052,0.76068,1.00,1.00
2018.05.30 09:38:19.792,0.76049,0.76067,1.57,1.00
2018.05.30 09:38:20.676,0.76049,0.76069,1.50,1.00
2018.05.30 09:38:21.203,0.7605,0.76069,1.57,1.00
2018.05.30 09:38:21.361,0.76052,0.76068,1.00,1.00
2018.05.30 09:38:21.564,0.7605,0.7607,1.57,1.00
2018.05.30 09:38:22.193,0.7605,0.76069,1.57,1.00
2018.05.30 09:38:22.673,0.76052,0.7607,1.00,1.50
2018.05.30 09:38:23.201,0.76052,0.76069,1.00,1.00
2018.05.30 09:38:24.667,0.76052,0.7607,1.00,1.00
2018.05.30 09:38:27.635,0.76054,0.7607,1.00,1.00
2018.05.30 09:38:28.025,0.76054,0.76072,1.00,1.00
2018.05.30 09:38:28.178,0.76056,0.76072,1.00,1.00
2018.05.30 09:38:28.462,0.76053,0.76071,1.00,1.00
2018.05.30 09:38:29.155,0.76053,0.76071,1.07,1.00
2018.05.30 09:38:29.561,0.76056,0.76071,1.00,1.00
2018.05.30 09:38:29.847,0.76054,0.76072,1.10,1.00
2018.05.30 09:38:29.979,0.76054,0.7607,1.00,1.00
2018.05.30 09:38:34.011,0.76053,0.76069,1.00,1.00
2018.05.30 09:38:34.542,0.76054,0.7607,1.00,1.00
2018.05.30 09:38:35.081,0.76053,0.76069,1.00,1.00
2018.05.30 09:38:35.576,0.76054,0.76071,1.00,1.00
2018.05.30 09:38:36.587,0.76052,0.76072,1.07,1.00
2018.05.30 09:38:37.191,0.76054,0.76071,1.00,1.00
2018.05.30 09:38:37.299,0.76057,0.76073,1.00,1.00
2018.05.30 09:38:37.401,0.76057,0.76075,1.00,1.00
2018.05.30 09:38:38.110,0.76056,0.76074,1.00,1.00
2018.05.30 09:38:41.940,0.76058,0.76074,1.00,1.00
2018.05.30 09:38:48.250,0.76059,0.76074,1.00,1.00
2018.05.30 09:38:48.860,0.76058,0.76074,1.00,1.00
2018.05.30 09:38:49.839,0.76059,0.76075,1.00,1.00
2018.05.30 09:38:50.795,0.76059,0.76074,1.00,1.00
2018.05.30 09:38:51.882,0.76059,0.76075,1.00,1.00
2018.05.30 09:38:52.447,0.76062,0.76078,1.00,1.00
2018.05.30 09:38:52.976,0.76061,0.76079,1.00,1.00
2018.05.30 09:38:53.482,0.76063,0.76079,1.00,1.00
2018.05.30 09:38:54.146,0.76063,0.76078,1.00,1.00
2018.05.30 09:38:54.808,0.76062,0.7608,1.00,1.00
2018.05.30 09:38:55.375,0.76061,0.76079,1.07,1.00
2018.05.30 09:38:56.105,0.76062,0.7608,1.10,1.00
2018.05.30 09:38:56.438,0.76064,0.7608,1.00,1.00
2018.05.30 09:38:56.740,0.76062,0.7608,1.10,1.00
2018.05.30 09:38:57.538,0.76064,0.76079,1.00,1.00
2018.05.30 09:38:57.640,0.76061,0.76079,1.00,1.00
2018.05.30 09:38:59.124,0.76064,0.7608,1.00,1.00
2018.05.30 09:38:59.175,0.76062,0.7608,1.00,1.00
2018.05.30 09:39:00.051,0.76063,0.7608,1.00,1.00
2018.05.30 09:39:00.582,0.76063,0.76079,1.00,1.00
2018.05.30 09:39:00.835,0.76063,0.76081,1.00,1.00
2018.05.30 09:39:01.695,0.76063,0.76079,1.00,1.00
2018.05.30 09:39:02.151,0.76061,0.76078,1.00,1.00
2018.05.30 09:39:02.202,0.76063,0.76079,1.00,1.00
2018.05.30 09:39:02.253,0.76061,0.76079,1.00,1.00
2018.05.30 09:39:02.796,0.76062,0.7608,1.00,1.50
2018.05.30 09:39:03.351,0.76064,0.7608,1.00,1.50
2018.05.30 09:39:03.503,0.76062,0.7608,1.10,1.00
2018.05.30 09:39:09.148,0.76064,0.76079,1.00,1.00
2018.05.30 09:39:09.667,0.76063,0.76079,1.00,1.00
2018.05.30 09:39:11.035,0.76063,0.76078,1.00,1.00
2018.05.30 09:39:11.188,0.76067,0.76085,1.00,1.07
2018.05.30 09:39:11.714,0.76067,0.76083,1.00,1.00
2018.05.30 09:39:12.794,0.76067,0.76085,1.00,1.00
2018.05.30 09:39:13.296,0.76068,0.76084,1.00,1.00
2018.05.30 09:39:14.696,0.76065,0.76083,1.20,1.00
2018.05.30 09:39:14.849,0.76064,0.76083,1.50,1.00
2018.05.30 09:39:15.148,0.76066,0.76083,1.00,1.50
2018.05.30 09:39:15.406,0.76064,0.76082,1.00,1.00
2018.05.30 09:39:17.852,0.76064,0.76081,1.00,1.00
2018.05.30 09:39:18.003,0.76064,0.76079,1.00,1.00
2018.05.30 09:39:18.527,0.76061,0.76077,1.00,1.00
2018.05.30 09:39:19.070,0.7606,0.76077,1.00,1.00
2018.05.30 09:39:19.603,0.76061,0.76076,1.00,1.00
2018.05.30 09:39:19.654,0.76059,0.76076,1.00,1.00
2018.05.30 09:39:20.143,0.76061,0.76077,1.00,1.00
2018.05.30 09:39:20.303,0.76059,0.76076,1.00,1.00
2018.05.30 09:39:20.472,0.76059,0.76078,1.10,1.00
2018.05.30 09:39:20.523,0.76059,0.76075,1.10,1.00
2018.05.30 09:39:21.122,0.76058,0.76074,1.00,1.00
2018.05.30 09:39:21.654,0.76057,0.76073,1.00,1.00
2018.05.30 09:39:21.991,0.76054,0.76072,1.10,1.00
2018.05.30 09:39:22.041,0.76052,0.7607,1.45,1.00
2018.05.30 09:39:22.092,0.76052,0.7607,1.00,1.00
2018.05.30 09:39:22.244,0.76052,0.76068,1.00,1.00
2018.05.30 09:39:22.924,0.76051,0.76069,1.10,1.00
2018.05.30 09:39:23.446,0.76052,0.76068,1.00,1.00
2018.05.30 09:39:23.797,0.7605,0.76066,1.10,1.00
2018.05.30 09:39:24.013,0.7605,0.76068,1.00,1.00
2018.05.30 09:39:24.063,0.7605,0.76066,1.00,1.00
2018.05.30 09:39:25.557,0.76051,0.76067,1.00,1.00
2018.05.30 09:39:26.616,0.76052,0.76068,1.00,1.00
2018.05.30 09:39:27.125,0.76055,0.76071,1.00,1.00
2018.05.30 09:39:27.329,0.76056,0.76073,1.00,1.00
2018.05.30 09:39:27.430,0.76056,0.76075,1.20,1.50
2018.05.30 09:39:27.977,0.76058,0.76074,1.00,1.00
2018.05.30 09:39:28.568,0.76059,0.76074,1.00,1.00
2018.05.30 09:39:28.619,0.76058,0.76076,1.00,1.00
2018.05.30 09:39:29.186,0.76056,0.76075,1.10,1.00
2018.05.30 09:39:29.238,0.76058,0.76075,1.00,1.00
2018.05.30 09:39:29.785,0.76057,0.76075,1.00,1.00
2018.05.30 09:39:30.568,0.76058,0.76075,1.00,1.00
2018.05.30 09:39:31.279,0.76057,0.76075,1.00,1.00
2018.05.30 09:39:33.239,0.76057,0.76074,1.00,1.00
2018.05.30 09:39:33.909,0.76057,0.76075,1.00,1.00
2018.05.30 09:39:34.735,0.76058,0.76075,1.00,1.00
2018.05.30 09:39:35.292,0.76056,0.76074,1.10,1.00
2018.05.30 09:39:35.802,0.76057,0.76073,1.00,1.00
2018.05.30 09:39:36.059,0.76058,0.76076,1.00,1.00
2018.05.30 09:39:36.110,0.76061,0.76077,1.00,1.57
2018.05.30 09:39:36.211,0.76061,0.76078,1.00,1.00
2018.05.30 09:39:36.754,0.76059,0.76077,1.07,1.00
2018.05.30 09:39:37.873,0.76059,0.76077,1.10,1.00
2018.05.30 09:39:37.993,0.76061,0.76077,1.00,1.00
2018.05.30 09:39:38.645,0.76059,0.76078,1.10,1.00
2018.05.30 09:39:38.781,0.76061,0.76078,1.00,1.00
2018.05.30 09:39:38.831,0.76059,0.76078,1.10,1.00
2018.05.30 09:39:38.982,0.76061,0.76078,1.00,1.00
2018.05.30 09:39:39.634,0.76059,0.76076,1.10,1.00
2018.05.30 09:39:39.970,0.76059,0.76079,1.07,1.00
2018.05.30 09:39:40.071,0.76061,0.76077,1.00,1.00
2018.05.30 09:39:40.122,0.76059,0.76077,1.10,1.00
2018.05.30 09:39:40.624,0.7606,0.76077,1.10,1.00
2018.05.30 09:39:41.180,0.76061,0.76077,1.00,1.00
2018.05.30 09:39:41.718,0.7606,0.76077,1.00,1.00
2018.05.30 09:39:42.274,0.7606,0.76078,1.00,1.00
2018.05.30 09:39:42.325,0.76059,0.76076,1.10,1.00
2018.05.30 09:39:42.960,0.7606,0.76077,1.00,1.00
2018.05.30 09:39:43.264,0.76063,0.76079,1.00,1.00
2018.05.30 09:39:44.689,0.76064,0.76079,1.00,1.00
2018.05.30 09:39:45.568,0.76063,0.76079,1.00,1.00
2018.05.30 09:39:47.140,0.76064,0.7608,1.00,1.00
2018.05.30 09:39:48.272,0.76063,0.76079,1.00,1.00
2018.05.30 09:39:56.144,0.76064,0.7608,1.00,1.00
2018.05.30 09:40:01.998,0.76065,0.76081,1.00,1.00
2018.05.30 09:40:02.511,0.76065,0.7608,1.00,1.00
2018.05.30 09:40:02.572,0.76063,0.76081,1.50,1.00
2018.05.30 09:40:03.440,0.76065,0.76081,1.00,1.00
2018.05.30 09:40:04.130,0.76064,0.7608,1.00,1.00
2018.05.30 09:40:04.736,0.76065,0.76081,1.00,1.00
2018.05.30 09:40:07.442,0.76064,0.7608,1.00,1.00
2018.05.30 09:40:09.146,0.76064,0.76082,1.00,1.10
2018.05.30 09:40:10.030,0.76064,0.7608,1.00,1.00
2018.05.30 09:40:12.400,0.76066,0.76082,1.00,1.00
2018.05.30 09:40:12.762,0.76068,0.76084,1.00,1.00
2018.05.30 09:40:13.402,0.76067,0.76083,1.50,1.00
2018.05.30 09:40:13.824,0.76065,0.76081,1.00,1.00
2018.05.30 09:40:14.313,0.76066,0.76083,1.00,1.00
2018.05.30 09:40:15.015,0.76066,0.76082,1.00,1.00
2018.05.30 09:40:15.266,0.76065,0.7608,1.00,1.00
2018.05.30 09:40:16.379,0.76064,0.7608,1.00,1.00
2018.05.30 09:40:17.771,0.76064,0.76079,1.00,1.00
2018.05.30 09:40:18.709,0.76063,0.76079,1.00,1.00
2018.05.30 09:40:19.734,0.76063,0.76078,1.00,1.00
2018.05.30 09:40:20.016,0.76066,0.76083,1.00,1.00
2018.05.30 09:40:20.067,0.76068,0.76083,1.00,1.00
2018.05.30 09:40:20.528,0.76069,0.76085,1.00,1.00
2018.05.30 09:40:20.640,0.76067,0.76084,1.00,1.00
2018.05.30 09:40:20.742,0.76065,0.76081,1.10,1.00
2018.05.30 09:40:21.138,0.76065,0.76083,1.00,1.50
2018.05.30 09:40:21.189,0.76067,0.76082,1.00,1.00
2018.05.30 09:40:21.290,0.76064,0.7608,1.00,1.00
2018.05.30 09:40:21.342,0.76061,0.76078,3.07,1.00
2018.05.30 09:40:21.393,0.76063,0.76078,1.00,1.00
2018.05.30 09:40:21.444,0.76061,0.76078,1.57,1.00
2018.05.30 09:40:22.082,0.76061,0.76077,1.00,1.00
2018.05.30 09:40:22.955,0.76061,0.76078,1.00,1.00
2018.05.30 09:40:23.259,0.76063,0.76079,1.00,1.00
2018.05.30 09:40:23.648,0.76065,0.7608,1.00,1.00
2018.05.30 09:40:24.813,0.76065,0.76083,1.00,1.10
2018.05.30 09:40:24.915,0.76065,0.76081,1.00,1.00
2018.05.30 09:40:24.966,0.76064,0.76083,1.00,1.00
2018.05.30 09:40:25.252,0.76065,0.76081,1.00,1.00
2018.05.30 09:40:25.455,0.76064,0.76083,1.00,1.10
2018.05.30 09:40:25.823,0.76065,0.7608,1.00,1.00
2018.05.30 09:40:25.874,0.76065,0.76082,1.00,1.00
2018.05.30 09:40:25.995,0.76065,0.7608,1.00,1.00
2018.05.30 09:40:26.170,0.76065,0.76082,1.00,1.00
2018.05.30 09:40:26.466,0.76065,0.7608,1.00,1.00
2018.05.30 09:40:26.568,0.76065,0.76082,1.00,1.00
2018.05.30 09:40:27.207,0.76065,0.76081,1.00,1.00
2018.05.30 09:40:27.766,0.76065,0.76082,1.00,1.00
2018.05.30 09:40:28.184,0.76066,0.76084,1.00,1.00
2018.05.30 09:40:28.234,0.76069,0.76085,1.00,1.00
2018.05.30 09:40:28.805,0.7607,0.76086,1.00,1.00
2018.05.30 09:40:30.114,0.7607,0.76085,1.00,1.00
2018.05.30 09:40:30.300,0.76069,0.76087,1.00,1.00
2018.05.30 09:40:31.573,0.7607,0.76085,1.00,1.00
2018.05.30 09:40:31.744,0.7607,0.76087,1.00,1.00
2018.05.30 09:40:31.896,0.7607,0.76085,1.00,1.00
2018.05.30 09:40:32.434,0.76069,0.76086,1.00,1.00
2018.05.30 09:40:32.939,0.7607,0.76086,1.00,1.00
2018.05.30 09:40:33.482,0.7607,0.76085,1.00,1.00
2018.05.30 09:40:33.753,0.76069,0.76087,1.00,1.00
2018.05.30 09:40:34.287,0.76069,0.76085,1.00,1.00
2018.05.30 09:40:34.802,0.7607,0.76086,1.00,1.00
2018.05.30 09:40:35.325,0.76071,0.76087,1.00,1.00
2018.05.30 09:40:35.812,0.76067,0.76083,1.57,1.00
2018.05.30 09:40:36.460,0.76068,0.76084,1.00,1.00
2018.05.30 09:40:37.010,0.76068,0.76083,1.00,1.00
2018.05.30 09:40:37.782,0.76067,0.76083,1.00,1.00
2018.05.30 09:40:38.540,0.76068,0.76083,1.00,1.00
2018.05.30 09:40:39.102,0.76067,0.76082,1.00,1.00
2018.05.30 09:40:40.334,0.76068,0.76083,1.00,1.00
2018.05.30 09:40:40.844,0.76067,0.76083,1.00,1.00
2018.05.30 09:40:41.498,0.76067,0.76082,1.00,1.00
2018.05.30 09:40:41.633,0.76065,0.76083,1.50,1.00
2018.05.30 09:40:41.686,0.76064,0.76079,1.00,1.00
2018.05.30 09:40:42.193,0.76063,0.76079,1.00,1.00
2018.05.30 09:40:44.983,0.76064,0.76079,1.00,1.00
2018.05.30 09:40:45.085,0.76061,0.76079,1.50,1.00
2018.05.30 09:40:45.136,0.76063,0.76079,1.00,1.00
2018.05.30 09:40:45.492,0.76063,0.76081,1.00,1.00
2018.05.30 09:40:45.544,0.76064,0.76079,1.00,1.00
2018.05.30 09:40:46.088,0.76063,0.76079,1.00,1.00
2018.05.30 09:40:46.536,0.76061,0.76079,1.00,1.00
2018.05.30 09:40:46.642,0.76063,0.76079,1.00,1.00
2018.05.30 09:40:46.988,0.76061,0.76078,1.00,1.00
2018.05.30 09:40:47.523,0.76062,0.76078,1.00,1.00
2018.05.30 09:40:47.739,0.7606,0.76079,1.00,1.00
2018.05.30 09:40:47.958,0.76062,0.76078,1.00,1.00
2018.05.30 09:40:48.210,0.76058,0.76076,1.10,1.00
2018.05.30 09:40:48.362,0.76058,0.76074,1.00,1.00
2018.05.30 09:40:48.884,0.76058,0.76073,1.00,1.00
2018.05.30 09:40:49.190,0.76056,0.76073,1.00,1.00
2018.05.30 09:40:49.885,0.76057,0.76073,1.00,1.00
2018.05.30 09:40:50.451,0.76058,0.76073,1.00,1.00
2018.05.30 09:40:50.989,0.76057,0.76073,1.00,1.00
2018.05.30 09:40:51.625,0.76057,0.76072,1.00,1.00
2018.05.30 09:40:51.676,0.76057,0.76074,1.00,1.00
2018.05.30 09:40:52.186,0.76057,0.76072,1.00,1.00
2018.05.30 09:40:52.531,0.76055,0.76073,1.00,1.00
2018.05.30 09:40:52.632,0.76054,0.76071,1.00,1.00
2018.05.30 09:40:52.892,0.76056,0.76074,1.00,1.50
2018.05.30 09:40:52.944,0.76059,0.76074,1.00,1.50
2018.05.30 09:40:53.453,0.76059,0.76075,1.00,1.00
2018.05.30 09:40:54.491,0.76058,0.76075,1.00,1.00
2018.05.30 09:40:55.000,0.76058,0.76076,1.00,1.00
2018.05.30 09:40:55.513,0.76059,0.76075,1.00,1.00
2018.05.30 09:40:56.017,0.76058,0.76074,1.00,1.00
2018.05.30 09:40:56.521,0.76059,0.76075,1.00,1.00
2018.05.30 09:40:57.027,0.76058,0.76074,1.00,1.00
2018.05.30 09:40:57.313,0.76058,0.76076,1.00,1.00
2018.05.30 09:40:57.617,0.76058,0.76074,1.00,1.00
2018.05.30 09:40:58.204,0.76058,0.76076,1.00,1.00
2018.05.30 09:40:58.405,0.7606,0.76075,1.00,1.00
2018.05.30 09:40:58.717,0.76062,0.76077,1.00,1.00
2018.05.30 09:40:59.291,0.76062,0.76078,1.00,1.00
2018.05.30 09:40:59.564,0.7606,0.76078,1.00,1.00
2018.05.30 09:41:00.662,0.76062,0.76077,1.00,1.00
2018.05.30 09:41:00.814,0.76063,0.76079,1.00,1.00
2018.05.30 09:41:01.600,0.76062,0.76079,1.00,1.00
2018.05.30 09:41:02.121,0.76063,0.76078,1.00,1.00
2018.05.30 09:41:02.504,0.76061,0.76076,1.00,1.00
2018.05.30 09:41:03.235,0.76061,0.76077,1.00,1.00
2018.05.30 09:41:03.897,0.76061,0.76076,1.00,1.00
2018.05.30 09:41:04.430,0.76062,0.76077,1.00,1.00
2018.05.30 09:41:04.951,0.76063,0.76078,1.00,1.00
2018.05.30 09:41:05.786,0.76062,0.76077,1.00,1.00
2018.05.30 09:41:06.312,0.76061,0.76077,1.00,1.00
2018.05.30 09:41:07.217,0.76062,0.76077,1.00,1.00
2018.05.30 09:41:08.364,0.76061,0.76076,1.00,1.00
2018.05.30 09:41:08.874,0.76061,0.76077,1.00,1.00
2018.05.30 09:41:09.721,0.76062,0.76079,1.00,1.00
2018.05.30 09:41:10.226,0.76063,0.76079,1.00,1.00
2018.05.30 09:41:11.615,0.76061,0.76079,1.00,1.00
2018.05.30 09:41:11.728,0.76062,0.76077,1.00,1.00
2018.05.30 09:41:11.778,0.7606,0.76077,1.00,1.00
2018.05.30 09:41:11.829,0.76062,0.76077,1.00,1.00
2018.05.30 09:41:11.883,0.76061,0.76079,1.00,1.00
2018.05.30 09:41:11.934,0.76063,0.76078,1.00,1.00
2018.05.30 09:41:12.148,0.76063,0.7608,1.00,1.00
2018.05.30 09:41:12.696,0.76064,0.76079,1.00,1.00
2018.05.30 09:41:13.245,0.76063,0.76079,1.00,1.00
2018.05.30 09:41:13.787,0.76064,0.76079,1.00,1.00
2018.05.30 09:41:14.757,0.76064,0.7608,1.00,1.00
2018.05.30 09:41:15.632,0.76064,0.76079,1.00,1.00
2018.05.30 09:41:16.645,0.76063,0.76081,1.00,1.00
2018.05.30 09:41:16.746,0.76064,0.76079,1.00,1.00
2018.05.30 09:41:16.797,0.76063,0.76081,1.00,1.00
2018.05.30 09:41:16.966,0.76064,0.76079,1.00,1.00
2018.05.30 09:41:19.760,0.76063,0.76079,1.00,1.00
2018.05.30 09:41:20.540,0.76064,0.7608,1.00,1.00
2018.05.30 09:41:20.946,0.76062,0.7608,1.00,1.00
2018.05.30 09:41:21.173,0.76066,0.76081,1.00,1.50
2018.05.30 09:41:21.224,0.76064,0.76081,1.00,1.50
2018.05.30 09:41:21.328,0.76066,0.76081,1.00,1.50
2018.05.30 09:41:21.383,0.76064,0.7608,1.00,1.00
2018.05.30 09:41:21.486,0.76062,0.76078,1.00,1.00
2018.05.30 09:41:21.793,0.7606,0.76076,1.00,1.00
2018.05.30 09:41:22.294,0.76061,0.76076,1.00,1.00
2018.05.30 09:41:22.557,0.76063,0.76079,1.00,1.50
2018.05.30 09:41:22.609,0.76065,0.76079,1.00,1.00
2018.05.30 09:41:23.064,0.76064,0.76081,1.00,1.00
2018.05.30 09:41:23.594,0.76064,0.7608,1.00,1.00
2018.05.30 09:41:24.248,0.76063,0.76078,1.00,1.00
2018.05.30 09:41:24.798,0.76062,0.76079,1.00,1.00
2018.05.30 09:41:25.404,0.76063,0.76079,1.00,1.00
2018.05.30 09:41:25.740,0.76065,0.76081,1.00,1.50
2018.05.30 09:41:25.841,0.7606,0.76081,1.45,1.50
2018.05.30 09:41:26.076,0.76063,0.76079,1.00,1.00
2018.05.30 09:41:26.126,0.76063,0.76081,1.00,1.00
2018.05.30 09:41:26.177,0.76063,0.76079,1.00,1.00
2018.05.30 09:41:26.543,0.76065,0.7608,1.00,1.00
2018.05.30 09:41:27.301,0.76065,0.76081,1.00,1.50
2018.05.30 09:41:27.860,0.76066,0.76081,1.00,1.00
2018.05.30 09:41:28.573,0.76065,0.76081,1.00,1.50
2018.05.30 09:41:29.138,0.76065,0.7608,1.00,1.00
2018.05.30 09:41:29.651,0.76069,0.76083,1.00,1.50
2018.05.30 09:41:29.757,0.76067,0.76083,1.00,1.50
2018.05.30 09:41:29.809,0.76065,0.7608,1.10,1.00
2018.05.30 09:41:29.924,0.76062,0.76081,1.00,1.00
2018.05.30 09:41:29.975,0.76064,0.76079,1.00,1.00
2018.05.30 09:41:30.591,0.76065,0.7608,1.00,1.00
2018.05.30 09:41:31.207,0.76064,0.7608,1.00,1.00
2018.05.30 09:41:33.172,0.76063,0.76079,1.00,1.00
2018.05.30 09:41:33.799,0.76063,0.7608,1.00,1.50
2018.05.30 09:41:34.154,0.76061,0.76079,1.10,1.00
2018.05.30 09:41:34.359,0.76061,0.76077,1.00,1.00
2018.05.30 09:41:34.562,0.76059,0.76078,1.10,1.50
2018.05.30 09:41:34.733,0.7606,0.76076,1.00,1.00
2018.05.30 09:41:34.889,0.76061,0.76078,1.00,1.50
2018.05.30 09:41:35.357,0.76059,0.76075,1.07,1.00
2018.05.30 09:41:35.407,0.76058,0.76078,1.20,1.50
2018.05.30 09:41:35.458,0.76058,0.76076,1.07,1.00
2018.05.30 09:41:35.773,0.76058,0.76074,1.00,1.00
2018.05.30 09:41:36.350,0.76057,0.76074,1.00,1.00
2018.05.30 09:41:37.237,0.76058,0.76073,1.00,1.00
2018.05.30 09:41:37.841,0.76058,0.76074,1.00,1.50
2018.05.30 09:41:38.366,0.76058,0.76073,1.00,1.00
2018.05.30 09:41:39.216,0.76059,0.76074,1.00,1.50
2018.05.30 09:41:39.970,0.76058,0.76076,1.00,1.50
2018.05.30 09:41:40.088,0.7606,0.76076,1.00,1.00
2018.05.30 09:41:40.600,0.76058,0.76076,1.00,1.00
2018.05.30 09:41:40.788,0.76058,0.76074,1.00,1.00
2018.05.30 09:41:40.838,0.76056,0.76073,1.00,1.00
2018.05.30 09:41:40.990,0.76058,0.76074,1.00,1.00
2018.05.30 09:41:41.624,0.76057,0.76074,1.00,1.00
2018.05.30 09:41:41.985,0.76059,0.76074,1.00,1.00
2018.05.30 09:41:42.037,0.76057,0.76073,1.00,1.00
2018.05.30 09:41:42.575,0.76058,0.76073,1.00,1.00
2018.05.30 09:41:43.425,0.76057,0.76073,1.00,1.00
2018.05.30 09:41:44.032,0.76058,0.76074,1.00,1.00
2018.05.30 09:41:44.320,0.76055,0.76074,1.00,2.25
2018.05.30 09:41:44.626,0.76055,0.76071,1.00,1.00
2018.05.30 09:41:44.728,0.76054,0.76074,1.00,2.32
2018.05.30 09:41:45.066,0.76055,0.76071,1.00,1.00
2018.05.30 09:41:45.170,0.76054,0.76074,1.00,2.32
2018.05.30 09:41:45.396,0.76055,0.76071,1.00,1.00
2018.05.30 09:41:45.550,0.76054,0.76074,1.00,2.32
2018.05.30 09:41:46.074,0.76054,0.76072,1.00,1.00
2018.05.30 09:41:46.434,0.76054,0.7607,1.00,1.00
2018.05.30 09:41:46.636,0.76054,0.76072,1.00,1.50
2018.05.30 09:41:46.845,0.76054,0.7607,1.00,1.00
2018.05.30 09:41:47.156,0.76053,0.76072,1.00,1.50
2018.05.30 09:41:47.258,0.76054,0.7607,1.00,1.00
2018.05.30 09:41:47.410,0.76054,0.76072,1.00,2.25
2018.05.30 09:41:47.772,0.76054,0.7607,1.00,1.00
2018.05.30 09:41:48.489,0.76055,0.76071,1.00,1.00
2018.05.30 09:41:48.744,0.76053,0.76071,1.00,1.00
2018.05.30 09:41:49.285,0.76054,0.7607,1.00,1.00
2018.05.30 09:41:50.165,0.76054,0.76072,1.00,1.00
2018.05.30 09:41:50.782,0.76053,0.76072,1.00,1.50
2018.05.30 09:41:51.326,0.76053,0.76073,1.00,1.50
2018.05.30 09:41:51.377,0.76054,0.7607,1.00,1.00
2018.05.30 09:41:51.493,0.76054,0.76072,1.00,1.00
2018.05.30 09:41:51.710,0.76053,0.7607,1.00,1.00
2018.05.30 09:41:52.436,0.76054,0.76071,1.00,1.00
2018.05.30 09:41:53.026,0.76053,0.76069,1.00,1.00
2018.05.30 09:41:53.078,0.76053,0.76071,1.00,1.00
2018.05.30 09:41:53.626,0.76054,0.76072,1.00,1.00
2018.05.30 09:41:54.038,0.76054,0.76069,1.00,1.00
2018.05.30 09:41:54.089,0.76054,0.76071,1.00,1.00
2018.05.30 09:41:54.648,0.76054,0.76069,1.00,1.00
2018.05.30 09:41:54.699,0.76053,0.76072,1.00,1.00
2018.05.30 09:41:54.751,0.76054,0.76069,1.00,1.00
2018.05.30 09:41:54.914,0.76054,0.76071,1.00,1.00
2018.05.30 09:41:55.200,0.76054,0.76069,1.00,1.00
2018.05.30 09:41:55.302,0.76054,0.76071,1.00,1.00
2018.05.30 09:41:55.818,0.76054,0.7607,1.00,1.00
2018.05.30 09:41:55.971,0.76054,0.76072,1.00,1.00
2018.05.30 09:41:56.073,0.76055,0.7607,1.00,1.00
2018.05.30 09:41:56.586,0.76054,0.76071,1.00,1.00
2018.05.30 09:41:56.977,0.76054,0.76069,1.00,1.00
2018.05.30 09:41:57.212,0.76054,0.76071,1.00,1.00
2018.05.30 09:41:57.263,0.76054,0.76069,1.00,1.00
2018.05.30 09:41:57.330,0.76054,0.76071,1.00,1.00
2018.05.30 09:41:57.532,0.76054,0.76069,1.00,1.00
2018.05.30 09:41:57.694,0.76054,0.76071,1.00,1.00
2018.05.30 09:41:58.141,0.76054,0.76069,1.00,1.00
2018.05.30 09:41:58.239,0.76053,0.76072,1.00,1.00
2018.05.30 09:41:58.464,0.76054,0.76069,1.00,1.00
2018.05.30 09:41:58.850,0.76054,0.76071,1.00,1.00
2018.05.30 09:41:59.215,0.76054,0.76069,1.00,1.00
2018.05.30 09:41:59.387,0.76053,0.76072,1.00,1.00
2018.05.30 09:41:59.539,0.76054,0.76069,1.00,1.00
2018.05.30 09:41:59.776,0.76053,0.76072,1.00,1.00
2018.05.30 09:42:00.115,0.76053,0.7607,1.00,1.00
2018.05.30 09:42:00.648,0.76054,0.76069,1.00,1.00
2018.05.30 09:42:00.859,0.76054,0.76071,1.00,1.00
2018.05.30 09:42:01.400,0.76054,0.76069,1.00,1.00
2018.05.30 09:42:01.667,0.76052,0.7607,1.10,1.00
2018.05.30 09:42:01.718,0.76052,0.76067,1.00,1.00
2018.05.30 09:42:01.819,0.76052,0.76069,1.00,1.00
2018.05.30 09:42:01.980,0.76052,0.76067,1.00,1.00
2018.05.30 09:42:02.189,0.76052,0.76069,1.00,1.00
2018.05.30 09:42:02.714,0.7605,0.76069,1.00,1.00
2018.05.30 09:42:03.180,0.76052,0.76069,1.00,1.00
2018.05.30 09:42:03.281,0.7605,0.76069,1.00,1.00
2018.05.30 09:42:04.789,0.76051,0.76067,1.00,1.00
2018.05.30 09:42:05.337,0.76051,0.76068,1.00,1.00
2018.05.30 09:42:06.097,0.76052,0.76069,1.00,1.00
2018.05.30 09:42:06.199,0.7605,0.76068,1.00,1.50
2018.05.30 09:42:06.438,0.76052,0.76068,1.00,1.00
2018.05.30 09:42:06.742,0.76053,0.7607,1.00,1.00
2018.05.30 09:42:06.793,0.76055,0.7607,1.00,1.00
2018.05.30 09:42:06.995,0.76053,0.7607,1.00,1.50
2018.05.30 09:42:07.314,0.76055,0.7607,1.00,1.50
2018.05.30 09:42:07.915,0.76054,0.7607,1.00,1.00
2018.05.30 09:42:08.703,0.76054,0.76071,1.00,1.00
2018.05.30 09:42:09.262,0.76055,0.7607,1.00,1.00
2018.05.30 09:42:09.606,0.76057,0.76072,1.00,1.00
2018.05.30 09:42:10.356,0.76058,0.76073,1.00,1.00
2018.05.30 09:42:10.945,0.76058,0.76074,1.00,1.00
2018.05.30 09:42:15.128,0.76059,0.76074,1.00,1.00
2018.05.30 09:42:15.279,0.76063,0.76079,1.00,1.50
2018.05.30 09:42:15.830,0.76064,0.7608,1.00,1.00
2018.05.30 09:42:16.033,0.76062,0.76079,1.10,1.00
2018.05.30 09:42:16.084,0.76061,0.76077,1.00,1.00
2018.05.30 09:42:16.638,0.76061,0.76076,1.00,1.00
2018.05.30 09:42:16.739,0.76061,0.76078,1.00,1.00
2018.05.30 09:42:17.152,0.76061,0.76076,1.00,1.00
2018.05.30 09:42:17.500,0.76061,0.76078,1.00,1.00
2018.05.30 09:42:17.601,0.76061,0.76076,1.00,1.00
2018.05.30 09:42:17.871,0.76061,0.76078,1.00,1.00
2018.05.30 09:42:18.380,0.76061,0.76077,1.00,1.00
2018.05.30 09:42:19.040,0.76061,0.76078,1.00,1.00
2018.05.30 09:42:20.104,0.7606,0.76077,1.00,1.00
2018.05.30 09:42:20.760,0.76061,0.76078,1.00,1.00
2018.05.30 09:42:21.302,0.7606,0.76078,1.00,1.00
2018.05.30 09:42:21.942,0.76061,0.76077,1.00,1.00
2018.05.30 09:42:22.479,0.76061,0.76078,1.00,1.00
2018.05.30 09:42:22.580,0.7606,0.76076,1.00,1.00
2018.05.30 09:42:22.920,0.76058,0.76075,1.00,1.00
2018.05.30 09:42:23.634,0.76059,0.76075,1.00,1.00
2018.05.30 09:42:24.181,0.76059,0.76074,1.00,1.00
2018.05.30 09:42:25.637,0.7606,0.76075,1.00,1.00
2018.05.30 09:42:26.244,0.76059,0.76075,1.00,1.00
2018.05.30 09:42:26.428,0.76063,0.76076,1.00,1.00
2018.05.30 09:42:26.531,0.76062,0.76079,1.00,2.32
2018.05.30 09:42:26.674,0.76062,0.76077,1.00,1.00
2018.05.30 09:42:26.725,0.76061,0.76079,1.00,1.50
2018.05.30 09:42:27.501,0.76061,0.76077,1.00,1.00
2018.05.30 09:42:28.041,0.7606,0.76077,1.00,1.00
2018.05.30 09:42:29.338,0.76061,0.76077,1.00,1.00
2018.05.30 09:42:30.177,0.76061,0.76076,1.00,1.00
2018.05.30 09:42:30.522,0.76059,0.76077,1.00,1.00
2018.05.30 09:42:30.726,0.76062,0.76077,1.00,1.00
2018.05.30 09:42:30.777,0.76061,0.76079,1.00,1.00
2018.05.30 09:42:30.942,0.76063,0.76078,1.00,1.00
2018.05.30 09:42:31.461,0.76062,0.76078,1.00,1.00
2018.05.30 09:42:31.623,0.7606,0.76078,1.00,1.00
2018.05.30 09:42:31.776,0.76059,0.76075,1.00,1.00
2018.05.30 09:42:32.029,0.76057,0.76075,1.00,1.00
2018.05.30 09:42:32.079,0.76058,0.76073,1.00,1.00
2018.05.30 09:42:32.358,0.76059,0.76075,1.00,1.00
2018.05.30 09:42:32.905,0.76059,0.76074,1.00,1.00
2018.05.30 09:42:33.007,0.76059,0.76076,1.00,1.00
2018.05.30 09:42:33.519,0.76058,0.76075,1.00,1.00
2018.05.30 09:42:36.740,0.76059,0.76074,1.00,1.00
2018.05.30 09:42:36.899,0.76059,0.76076,1.00,1.50
2018.05.30 09:42:37.664,0.76058,0.76076,1.00,1.50
2018.05.30 09:42:38.187,0.76059,0.76076,1.00,1.00
2018.05.30 09:42:38.720,0.76059,0.76075,1.00,1.00
2018.05.30 09:42:38.772,0.76059,0.76077,1.00,1.00
2018.05.30 09:42:39.329,0.7606,0.76076,1.00,1.00
2018.05.30 09:42:39.380,0.76058,0.76076,1.00,1.00
2018.05.30 09:42:39.724,0.7606,0.76076,1.00,1.00
2018.05.30 09:42:40.325,0.7606,0.76078,1.00,1.57
2018.05.30 09:42:40.427,0.7606,0.76076,1.00,1.00
2018.05.30 09:42:40.852,0.7606,0.76078,1.00,1.57
2018.05.30 09:42:40.954,0.7606,0.76076,1.00,1.00
2018.05.30 09:42:41.588,0.76061,0.76077,1.00,1.00
2018.05.30 09:42:42.129,0.7606,0.76076,1.00,1.00
2018.05.30 09:42:42.707,0.76063,0.76078,1.00,1.00
2018.05.30 09:42:43.030,0.76068,0.76083,1.00,1.00
2018.05.30 09:42:44.690,0.7607,0.76085,1.00,1.50
2018.05.30 09:42:45.045,0.76071,0.76088,1.00,1.00
2018.05.30 09:42:45.196,0.76071,0.76086,1.00,1.00
2018.05.30 09:42:45.728,0.7607,0.76086,1.00,1.00
2018.05.30 09:42:46.331,0.76071,0.76086,1.00,1.00
2018.05.30 09:42:47.746,0.7607,0.76086,1.00,1.00
2018.05.30 09:42:48.277,0.76069,0.76085,1.00,1.00
2018.05.30 09:42:48.479,0.76067,0.76085,1.50,1.00
2018.05.30 09:42:48.726,0.76068,0.76083,1.00,1.00
2018.05.30 09:42:48.979,0.76069,0.76085,1.00,1.00
2018.05.30 09:42:49.081,0.76068,0.76083,1.00,1.00
2018.05.30 09:42:49.971,0.76069,0.76084,1.00,1.00
2018.05.30 09:42:50.022,0.76071,0.76087,1.00,1.50
2018.05.30 09:42:50.261,0.7607,0.76085,1.00,1.00
2018.05.30 09:42:50.782,0.7607,0.76087,1.00,1.00
2018.05.30 09:42:50.889,0.7607,0.76085,1.00,1.00
2018.05.30 09:42:51.040,0.7607,0.76087,1.00,1.00
2018.05.30 09:42:51.244,0.76069,0.76085,1.50,1.00
2018.05.30 09:42:51.294,0.76069,0.76088,1.00,1.10
2018.05.30 09:42:51.345,0.76069,0.76085,1.50,1.00
2018.05.30 09:42:51.446,0.76069,0.76087,1.00,1.00
2018.05.30 09:42:51.497,0.76069,0.76085,1.00,1.00
2018.05.30 09:42:51.848,0.76068,0.76087,1.00,1.00
2018.05.30 09:42:52.052,0.7607,0.76087,1.00,1.00
2018.05.30 09:42:52.153,0.76066,0.76085,1.57,1.00
2018.05.30 09:42:52.204,0.76064,0.76082,3.07,1.00
2018.05.30 09:42:52.534,0.76063,0.7608,1.00,1.00
2018.05.30 09:42:53.114,0.76063,0.76079,1.00,1.00
2018.05.30 09:42:53.640,0.76062,0.76078,1.00,1.00
2018.05.30 09:42:54.160,0.76061,0.76077,1.00,1.00
2018.05.30 09:42:55.929,0.76061,0.76076,1.00,1.00
2018.05.30 09:42:56.182,0.76059,0.76077,1.50,1.00
2018.05.30 09:42:56.558,0.7606,0.76075,1.00,1.00
2018.05.30 09:42:57.082,0.76059,0.76076,1.50,1.00
2018.05.30 09:42:57.222,0.7606,0.76078,1.00,1.00
2018.05.30 09:42:57.274,0.7606,0.76076,1.00,1.00
2018.05.30 09:42:57.990,0.7606,0.76075,1.00,1.00
2018.05.30 09:42:58.289,0.76058,0.76076,1.10,1.00
2018.05.30 09:42:58.445,0.76059,0.76074,1.00,1.00
2018.05.30 09:42:58.914,0.76057,0.76075,1.00,1.00
2018.05.30 09:42:59.242,0.76058,0.76073,1.00,1.00
2018.05.30 09:42:59.426,0.76058,0.76075,1.00,1.00
2018.05.30 09:43:00.038,0.76059,0.76076,1.00,1.00
2018.05.30 09:43:00.089,0.76059,0.76074,1.00,1.00
2018.05.30 09:43:00.293,0.76058,0.76077,1.00,1.57
2018.05.30 09:43:00.459,0.76059,0.76074,1.00,1.00
2018.05.30 09:43:01.378,0.7606,0.76076,1.00,1.00
2018.05.30 09:43:01.734,0.76058,0.76078,1.00,1.00
2018.05.30 09:43:01.904,0.76059,0.76075,1.00,1.00
2018.05.30 09:43:01.955,0.7606,0.76077,1.00,1.00
2018.05.30 09:43:02.150,0.7606,0.76075,1.00,1.00
2018.05.30 09:43:02.520,0.7606,0.76077,1.00,1.00
2018.05.30 09:43:03.042,0.76059,0.76077,1.00,1.00
2018.05.30 09:43:03.577,0.7606,0.76076,1.00,1.00
2018.05.30 09:43:04.108,0.7606,0.76075,1.00,1.00
2018.05.30 09:43:04.735,0.7606,0.76076,1.00,1.00
2018.05.30 09:43:05.247,0.76059,0.76076,1.00,1.00
2018.05.30 09:43:05.737,0.76061,0.76076,1.00,1.00
2018.05.30 09:43:06.337,0.7606,0.76076,1.00,1.00
2018.05.30 09:43:06.843,0.76061,0.76077,1.00,1.00
2018.05.30 09:43:07.347,0.76061,0.76076,1.00,1.00
2018.05.30 09:43:07.816,0.7606,0.76078,1.00,1.00
2018.05.30 09:43:07.949,0.7606,0.76076,1.00,1.00
2018.05.30 09:43:08.126,0.7606,0.76078,1.00,1.00
2018.05.30 09:43:08.684,0.7606,0.76076,1.00,1.00
2018.05.30 09:43:09.303,0.76061,0.76077,1.00,1.00
2018.05.30 09:43:11.273,0.76061,0.76076,1.00,1.00
2018.05.30 09:43:11.324,0.76062,0.76078,1.00,1.00
2018.05.30 09:43:11.375,0.76061,0.76076,1.00,1.00
2018.05.30 09:43:11.888,0.7606,0.76076,1.00,1.00
2018.05.30 09:43:12.192,0.76057,0.76075,2.62,1.00
2018.05.30 09:43:12.242,0.76059,0.76075,1.00,1.00
2018.05.30 09:43:12.494,0.76057,0.76074,1.50,1.00
2018.05.30 09:43:13.237,0.76057,0.76076,1.00,1.00
2018.05.30 09:43:13.507,0.76058,0.76074,1.00,1.00
2018.05.30 09:43:13.857,0.76059,0.76076,1.00,1.00
2018.05.30 09:43:14.396,0.76059,0.76075,1.00,1.00
2018.05.30 09:43:14.497,0.76058,0.76073,1.00,1.00
2018.05.30 09:43:14.548,0.76057,0.76075,1.10,1.00
2018.05.30 09:43:15.164,0.76058,0.76074,1.00,1.00
2018.05.30 09:43:15.978,0.76057,0.76075,1.00,1.00
2018.05.30 09:43:16.312,0.76059,0.76076,1.00,1.00
2018.05.30 09:43:16.520,0.76057,0.76075,1.00,1.00
2018.05.30 09:43:17.066,0.76058,0.76074,1.00,1.00
2018.05.30 09:43:17.648,0.76057,0.76076,1.00,1.00
2018.05.30 09:43:17.699,0.76058,0.76074,1.00,1.00
2018.05.30 09:43:18.216,0.76057,0.76075,1.00,1.00
2018.05.30 09:43:18.899,0.76058,0.76074,1.00,1.00
2018.05.30 09:43:19.460,0.76057,0.76077,1.00,1.00
2018.05.30 09:43:19.562,0.76059,0.76074,1.00,1.00
2018.05.30 09:43:19.709,0.76057,0.76077,1.12,1.10
2018.05.30 09:43:20.229,0.76058,0.76076,1.00,1.00
2018.05.30 09:43:20.472,0.7606,0.76076,1.00,1.00
2018.05.30 09:43:20.978,0.7606,0.76075,1.00,1.00
2018.05.30 09:43:21.467,0.76061,0.76077,1.00,1.00
2018.05.30 09:43:21.865,0.76059,0.76077,1.00,1.00
2018.05.30 09:43:22.450,0.76059,0.76075,1.00,1.00
2018.05.30 09:43:22.756,0.76058,0.76078,1.50,1.00
2018.05.30 09:43:22.858,0.7606,0.76076,1.00,1.00
2018.05.30 09:43:23.397,0.76059,0.76075,1.00,1.00
2018.05.30 09:43:23.903,0.76059,0.76074,1.00,1.00
2018.05.30 09:43:24.515,0.76058,0.76074,1.00,1.00
2018.05.30 09:43:26.023,0.76057,0.76077,1.00,1.00
2018.05.30 09:43:26.246,0.76059,0.76074,1.00,1.00
2018.05.30 09:43:27.102,0.76059,0.76075,1.00,1.00
2018.05.30 09:43:27.153,0.7606,0.76077,1.00,1.00
2018.05.30 09:43:27.281,0.76059,0.76075,1.00,1.00
2018.05.30 09:43:27.793,0.7606,0.76076,1.00,1.00
2018.05.30 09:43:28.334,0.76061,0.76076,1.00,1.00
2018.05.30 09:43:30.163,0.7606,0.76075,1.00,1.00
2018.05.30 09:43:30.695,0.76059,0.76074,1.00,1.00
2018.05.30 09:43:31.305,0.76059,0.76075,1.00,1.00
2018.05.30 09:43:32.256,0.7606,0.76076,1.00,1.00
2018.05.30 09:43:32.798,0.76059,0.76075,1.00,1.00
2018.05.30 09:43:33.534,0.7606,0.76076,1.00,1.00
2018.05.30 09:43:34.277,0.76059,0.76075,1.00,1.00
2018.05.30 09:43:34.936,0.76059,0.76076,1.00,1.00
2018.05.30 09:43:35.282,0.7606,0.76078,1.00,1.00
2018.05.30 09:43:35.449,0.7606,0.76076,1.00,1.00
2018.05.30 09:43:35.984,0.7606,0.76075,1.00,1.00
2018.05.30 09:43:36.779,0.76059,0.76075,1.00,1.00
2018.05.30 09:43:37.556,0.7606,0.76075,1.00,1.00
2018.05.30 09:43:39.499,0.76059,0.76074,1.00,1.00
2018.05.30 09:43:42.349,0.7606,0.76075,1.00,1.00
2018.05.30 09:43:42.576,0.76061,0.76077,1.00,1.00
2018.05.30 09:43:43.079,0.76059,0.76077,1.57,1.00
2018.05.30 09:43:43.799,0.76059,0.76076,1.00,1.00
2018.05.30 09:43:45.607,0.76059,0.76075,1.00,1.00
2018.05.30 09:43:46.157,0.7606,0.76075,1.00,1.00
2018.05.30 09:43:46.682,0.76059,0.76075,1.00,1.00
2018.05.30 09:43:48.535,0.76056,0.76074,1.42,1.00
2018.05.30 09:43:49.147,0.76056,0.76074,1.10,1.00
2018.05.30 09:43:51.957,0.76058,0.76074,1.00,1.00
2018.05.30 09:43:53.686,0.76057,0.76073,1.00,1.00
2018.05.30 09:43:54.515,0.76057,0.76072,1.00,1.00
2018.05.30 09:44:00.057,0.76057,0.76073,1.00,1.00
2018.05.30 09:44:00.582,0.76058,0.76073,1.00,1.00
2018.05.30 09:44:00.798,0.7606,0.76076,1.00,1.00
2018.05.30 09:44:01.864,0.76061,0.76076,1.00,1.00
2018.05.30 09:44:02.427,0.76061,0.76077,1.00,1.00
2018.05.30 09:44:02.958,0.76061,0.76076,1.00,1.00
2018.05.30 09:44:03.260,0.76059,0.76077,1.87,1.00
2018.05.30 09:44:04.737,0.7606,0.76075,1.00,1.00
2018.05.30 09:44:04.990,0.76064,0.76082,1.00,1.20
2018.05.30 09:44:05.147,0.76066,0.76082,1.00,1.00
2018.05.30 09:44:05.689,0.76067,0.76082,1.00,1.00
2018.05.30 09:44:05.925,0.76066,0.76084,1.50,1.50
2018.05.30 09:44:05.977,0.76066,0.76081,1.00,1.00
2018.05.30 09:44:06.029,0.76066,0.76083,1.00,1.00
2018.05.30 09:44:06.559,0.76067,0.76084,1.00,1.50
2018.05.30 09:44:07.402,0.76067,0.76083,1.00,1.00
2018.05.30 09:44:07.905,0.76067,0.76084,1.00,1.00
2018.05.30 09:44:12.129,0.76067,0.76083,1.00,1.00
2018.05.30 09:44:12.331,0.76069,0.76084,1.00,1.00
2018.05.30 09:44:12.534,0.7607,0.76086,1.00,1.00
2018.05.30 09:44:13.068,0.76068,0.76084,1.00,1.00
2018.05.30 09:44:13.452,0.7607,0.76085,1.00,1.00
2018.05.30 09:44:13.985,0.7607,0.76086,1.00,1.00
2018.05.30 09:44:14.316,0.76077,0.76092,1.00,1.00
2018.05.30 09:44:15.113,0.76078,0.76093,1.00,1.00
2018.05.30 09:44:15.693,0.76079,0.76094,1.00,1.00
2018.05.30 09:44:16.922,0.76078,0.76094,1.00,1.00
2018.05.30 09:44:17.481,0.76079,0.76095,1.00,1.00
2018.05.30 09:44:18.943,0.7608,0.76095,1.00,1.00
2018.05.30 09:44:19.466,0.76079,0.76095,1.00,1.00
2018.05.30 09:44:20.111,0.7608,0.76095,1.00,1.00
2018.05.30 09:44:20.213,0.76078,0.76096,1.00,1.00
2018.05.30 09:44:21.297,0.76078,0.76095,1.00,1.00
2018.05.30 09:44:21.869,0.76078,0.76094,1.00,1.00
2018.05.30 09:44:22.380,0.76078,0.76093,1.00,1.00
2018.05.30 09:44:23.151,0.76078,0.76094,1.00,1.00
2018.05.30 09:44:24.459,0.76081,0.76096,1.00,1.00
2018.05.30 09:44:24.566,0.7608,0.76098,1.00,1.00
2018.05.30 09:44:24.618,0.76082,0.76097,1.00,1.00
2018.05.30 09:44:25.124,0.76083,0.76098,1.00,1.00
2018.05.30 09:44:26.661,0.76083,0.76099,1.00,1.00
2018.05.30 09:44:27.216,0.76083,0.761,1.50,1.00
2018.05.30 09:44:28.021,0.76083,0.76099,1.50,1.00
2018.05.30 09:44:29.002,0.76084,0.76099,1.00,1.00
2018.05.30 09:44:29.963,0.76084,0.761,1.00,1.00
2018.05.30 09:44:30.720,0.76084,0.76099,1.00,1.00
2018.05.30 09:44:31.418,0.76084,0.761,1.00,1.00
2018.05.30 09:44:34.514,0.76085,0.761,1.00,1.00
2018.05.30 09:44:34.771,0.76083,0.76101,3.00,1.00
2018.05.30 09:44:34.821,0.76083,0.76096,1.00,1.00
2018.05.30 09:44:34.872,0.76081,0.76095,1.00,1.00
2018.05.30 09:44:35.075,0.76078,0.76095,2.25,1.00
2018.05.30 09:44:35.642,0.7608,0.76095,1.00,1.00
2018.05.30 09:44:35.893,0.76078,0.76094,1.00,1.00
2018.05.30 09:44:36.405,0.76078,0.76095,1.00,1.00
2018.05.30 09:44:36.939,0.76078,0.76094,1.00,1.00
2018.05.30 09:44:37.103,0.7608,0.76095,1.00,1.00
2018.05.30 09:44:37.406,0.76078,0.76094,1.00,1.00
2018.05.30 09:44:37.941,0.76078,0.76093,1.50,1.00
2018.05.30 09:44:38.735,0.76078,0.76094,1.00,1.00
2018.05.30 09:44:39.621,0.76076,0.76092,1.50,1.00
2018.05.30 09:44:40.192,0.76077,0.76093,1.00,1.00
2018.05.30 09:44:40.714,0.76076,0.76092,1.00,1.00
2018.05.30 09:44:41.945,0.76077,0.76094,1.00,1.00
2018.05.30 09:44:42.047,0.76079,0.76094,1.00,1.00
2018.05.30 09:44:42.673,0.76079,0.76095,1.00,1.00
2018.05.30 09:44:44.538,0.76078,0.76094,1.00,1.00
2018.05.30 09:44:45.452,0.76079,0.76095,1.00,1.00
2018.05.30 09:44:46.000,0.76078,0.76093,1.50,1.00
2018.05.30 09:44:46.590,0.76077,0.76092,1.00,1.00
2018.05.30 09:44:48.608,0.76077,0.76095,1.00,1.10
2018.05.30 09:44:48.847,0.76077,0.76093,1.50,1.00
2018.05.30 09:44:49.170,0.7607,0.76085,2.25,1.00
2018.05.30 09:44:49.480,0.76068,0.76083,1.00,1.00
2018.05.30 09:44:50.065,0.76067,0.76083,1.00,1.00
2018.05.30 09:44:50.598,0.76068,0.76083,1.00,1.00
2018.05.30 09:44:50.901,0.76065,0.76081,2.25,1.00
2018.05.30 09:44:51.154,0.76064,0.76079,1.00,1.00
2018.05.30 09:44:51.798,0.76063,0.76078,1.50,1.00
2018.05.30 09:44:52.969,0.76063,0.76077,1.00,1.00
2018.05.30 09:44:55.168,0.76063,0.76078,1.50,1.00
2018.05.30 09:44:55.669,0.76063,0.76077,1.00,1.00
2018.05.30 09:44:56.193,0.76063,0.76078,1.50,1.00
2018.05.30 09:44:56.349,0.76061,0.76078,1.50,1.00
2018.05.30 09:44:58.317,0.76063,0.76078,1.00,1.00
2018.05.30 09:44:58.663,0.76066,0.76081,1.00,1.00
2018.05.30 09:44:58.841,0.76065,0.76083,1.00,1.10
2018.05.30 09:44:59.751,0.76066,0.76081,1.00,1.00
2018.05.30 09:45:00.485,0.76066,0.76084,1.50,1.00
2018.05.30 09:45:01.383,0.76067,0.76082,1.00,1.00
2018.05.30 09:45:02.525,0.7606,0.76077,1.50,1.00
2018.05.30 09:45:02.627,0.7606,0.76075,1.00,1.00
2018.05.30 09:45:02.902,0.76061,0.76081,1.00,1.45
2018.05.30 09:45:03.094,0.76061,0.76076,1.00,1.00
2018.05.30 09:45:03.448,0.76063,0.76079,1.00,1.10
2018.05.30 09:45:03.499,0.76061,0.76077,1.00,1.00
2018.05.30 09:45:03.797,0.76056,0.76073,1.50,1.00
2018.05.30 09:45:04.000,0.76056,0.76077,1.50,1.45
2018.05.30 09:45:04.101,0.76056,0.76072,1.50,1.00
2018.05.30 09:45:05.142,0.76057,0.76073,1.00,1.00
2018.05.30 09:45:05.243,0.76058,0.76075,1.00,1.00
2018.05.30 09:45:05.508,0.7606,0.76075,1.00,1.00
2018.05.30 09:45:05.710,0.76057,0.76073,1.00,1.00
2018.05.30 09:45:06.225,0.76058,0.76074,1.00,1.00
2018.05.30 09:45:06.737,0.76058,0.76073,1.00,1.00
2018.05.30 09:45:06.788,0.76056,0.76073,1.50,1.00
2018.05.30 09:45:07.155,0.76056,0.76071,1.50,1.00
2018.05.30 09:45:07.256,0.76054,0.76071,1.00,1.00
2018.05.30 09:45:08.439,0.76055,0.7607,1.00,1.00
2018.05.30 09:45:08.666,0.76053,0.76069,1.00,1.00
2018.05.30 09:45:08.718,0.76053,0.76071,1.00,1.00
2018.05.30 09:45:09.250,0.76054,0.7607,1.00,1.00
2018.05.30 09:45:09.893,0.76054,0.76071,1.50,1.00
2018.05.30 09:45:10.259,0.76056,0.76072,1.00,1.00
2018.05.30 09:45:10.805,0.76056,0.76073,1.00,1.00
2018.05.30 09:45:11.149,0.76056,0.76071,1.00,1.00
2018.05.30 09:45:11.301,0.76056,0.76073,1.00,1.00
2018.05.30 09:45:11.403,0.76056,0.76071,1.00,1.00
2018.05.30 09:45:11.783,0.7605,0.76069,1.57,1.00
2018.05.30 09:45:12.137,0.76053,0.76068,1.00,1.00
2018.05.30 09:45:12.671,0.76052,0.76067,1.00,1.00
2018.05.30 09:45:13.204,0.76051,0.76067,1.00,1.00
2018.05.30 09:45:13.697,0.76053,0.76068,1.00,1.00
2018.05.30 09:45:14.208,0.76051,0.76067,1.00,1.00
2018.05.30 09:45:14.740,0.76052,0.76067,1.00,1.00
2018.05.30 09:45:15.242,0.76052,0.76068,1.00,1.00
2018.05.30 09:45:15.823,0.76051,0.76066,1.00,1.00
2018.05.30 09:45:15.924,0.76049,0.76067,1.00,1.00
2018.05.30 09:45:15.975,0.76051,0.76067,1.00,1.00
2018.05.30 09:45:17.606,0.76052,0.76067,1.00,1.00
2018.05.30 09:45:18.594,0.76051,0.76069,1.00,1.00
2018.05.30 09:45:18.932,0.76053,0.76068,1.00,1.00
2018.05.30 09:45:19.034,0.76055,0.76071,1.00,1.00
2018.05.30 09:45:19.737,0.76054,0.76071,1.00,1.00
2018.05.30 09:45:20.338,0.76054,0.76072,1.00,1.00
2018.05.30 09:45:20.487,0.76055,0.7607,1.00,1.00
2018.05.30 09:45:20.740,0.76053,0.76069,1.00,1.00
2018.05.30 09:45:21.137,0.76053,0.76071,1.00,1.00
2018.05.30 09:45:21.289,0.76053,0.76069,1.00,1.00
2018.05.30 09:45:21.835,0.76054,0.7607,1.00,1.00
2018.05.30 09:45:22.350,0.76054,0.76069,1.00,1.00
2018.05.30 09:45:23.328,0.76054,0.7607,1.00,1.00
2018.05.30 09:45:24.185,0.76054,0.76069,1.00,1.00
2018.05.30 09:45:24.638,0.76052,0.7607,1.50,1.00
2018.05.30 09:45:25.117,0.76054,0.76072,1.00,2.25
2018.05.30 09:45:25.434,0.76056,0.76072,1.00,1.00
2018.05.30 09:45:26.147,0.76054,0.76072,1.00,1.00
2018.05.30 09:45:26.661,0.76055,0.76071,1.00,1.00
2018.05.30 09:45:27.135,0.76055,0.76073,1.00,1.00
2018.05.30 09:45:27.608,0.76057,0.76072,1.00,1.00
2018.05.30 09:45:28.156,0.76056,0.76072,1.00,1.00
2018.05.30 09:45:28.359,0.76054,0.76071,1.00,1.00
2018.05.30 09:45:28.515,0.76057,0.76072,1.00,1.00
2018.05.30 09:45:28.829,0.76056,0.76074,1.00,1.10
2018.05.30 09:45:31.326,0.76057,0.76072,1.00,1.00
2018.05.30 09:45:33.236,0.76056,0.76074,1.00,1.10
2018.05.30 09:45:33.746,0.76057,0.76072,1.00,1.00
2018.05.30 09:45:34.774,0.76056,0.76072,1.00,1.00
2018.05.30 09:45:36.562,0.76057,0.76073,1.00,1.00
2018.05.30 09:45:37.895,0.76053,0.76071,1.00,1.00
2018.05.30 09:45:37.945,0.76053,0.76068,1.00,1.00
2018.05.30 09:45:38.097,0.7605,0.76066,1.00,1.00
2018.05.30 09:45:38.631,0.7605,0.76065,1.00,1.00
2018.05.30 09:45:39.161,0.7605,0.76066,1.00,1.00
2018.05.30 09:45:40.509,0.7605,0.76065,1.00,1.00
2018.05.30 09:45:40.560,0.76051,0.76068,1.00,1.10
2018.05.30 09:45:40.711,0.7605,0.76066,1.00,1.00
2018.05.30 09:45:41.290,0.76051,0.76068,1.00,1.00
2018.05.30 09:45:41.845,0.76052,0.76067,1.00,1.00
2018.05.30 09:45:42.172,0.76052,0.76069,1.00,1.00
2018.05.30 09:45:42.740,0.76052,0.76068,1.00,1.00
2018.05.30 09:45:43.374,0.76052,0.76069,1.00,1.00
2018.05.30 09:45:43.886,0.76053,0.76069,1.00,1.00
2018.05.30 09:45:44.399,0.76054,0.7607,1.00,1.00
2018.05.30 09:45:44.501,0.76052,0.76068,1.00,1.00
2018.05.30 09:45:44.603,0.76049,0.76066,1.00,1.00
2018.05.30 09:45:44.704,0.76048,0.76064,1.00,1.00
2018.05.30 09:45:45.149,0.76046,0.76064,1.00,1.00
2018.05.30 09:45:46.273,0.76048,0.76064,1.00,1.10
2018.05.30 09:45:47.306,0.76047,0.76063,1.00,1.00
2018.05.30 09:45:48.581,0.76048,0.76064,1.00,1.00
2018.05.30 09:45:50.319,0.76049,0.76065,1.00,1.00
2018.05.30 09:45:50.655,0.76054,0.7607,1.00,1.20
2018.05.30 09:45:51.218,0.76054,0.7607,1.00,1.10
2018.05.30 09:45:53.141,0.76049,0.76067,1.50,1.00
2018.05.30 09:45:53.313,0.76049,0.76065,1.00,1.00
2018.05.30 09:45:53.901,0.76048,0.76067,1.00,1.10
2018.05.30 09:45:54.004,0.7605,0.76066,1.00,1.00
2018.05.30 09:45:55.395,0.7605,0.76067,1.00,1.10
2018.05.30 09:45:55.757,0.76054,0.7607,1.00,1.57
2018.05.30 09:45:56.005,0.76052,0.7607,1.00,1.10
2018.05.30 09:45:56.230,0.76054,0.7607,1.00,1.10
2018.05.30 09:45:56.762,0.76053,0.76069,1.00,1.00
2018.05.30 09:45:57.404,0.76053,0.76068,1.00,1.00
2018.05.30 09:45:58.045,0.76052,0.76067,1.00,1.00
2018.05.30 09:45:58.250,0.7605,0.76067,1.00,1.00
2018.05.30 09:45:58.637,0.76052,0.76067,1.00,1.10
2018.05.30 09:45:59.163,0.76053,0.76068,1.00,1.10
2018.05.30 09:45:59.774,0.76051,0.76066,1.00,1.00
2018.05.30 09:46:00.058,0.76049,0.76066,1.00,1.10
2018.05.30 09:46:01.328,0.76049,0.76064,1.00,1.00
2018.05.30 09:46:02.025,0.76048,0.76065,1.00,1.00
2018.05.30 09:46:02.379,0.76051,0.76066,1.00,1.10
2018.05.30 09:46:03.281,0.76052,0.76066,1.00,1.00
2018.05.30 09:46:03.587,0.76054,0.76069,1.00,1.00
2018.05.30 09:46:04.088,0.76055,0.7607,1.00,1.10
2018.05.30 09:46:04.680,0.76054,0.76069,1.00,1.00
2018.05.30 09:46:05.086,0.76055,0.76071,1.00,1.10
2018.05.30 09:46:05.602,0.76056,0.76071,1.00,1.00
2018.05.30 09:46:06.111,0.76055,0.7607,1.00,1.00
2018.05.30 09:46:06.624,0.76056,0.76071,1.00,1.20
2018.05.30 09:46:06.964,0.76054,0.76071,1.00,1.00
2018.05.30 09:46:07.065,0.76055,0.76069,1.00,1.00
2018.05.30 09:46:07.315,0.76053,0.7607,1.00,1.00
2018.05.30 09:46:07.417,0.76053,0.76068,1.00,1.00
2018.05.30 09:46:07.518,0.76051,0.76068,1.00,1.00
2018.05.30 09:46:07.569,0.76051,0.76066,1.00,1.00
2018.05.30 09:46:08.049,0.76055,0.7607,1.00,1.45
2018.05.30 09:46:08.100,0.76053,0.76068,1.00,1.00
2018.05.30 09:46:08.251,0.76055,0.76072,1.00,1.50
2018.05.30 09:46:08.403,0.76057,0.76072,1.00,1.10
2018.05.30 09:46:08.829,0.76055,0.76072,1.00,1.00
2018.05.30 09:46:09.032,0.76055,0.7607,1.00,1.00
2018.05.30 09:46:09.549,0.76056,0.76071,1.00,1.00
2018.05.30 09:46:10.024,0.76054,0.76068,1.00,1.00
2018.05.30 09:46:10.077,0.76052,0.76068,1.57,1.00
2018.05.30 09:46:10.129,0.76055,0.76069,1.00,1.00
2018.05.30 09:46:10.636,0.76051,0.76066,1.50,1.00
2018.05.30 09:46:10.777,0.76053,0.76067,1.00,1.00
2018.05.30 09:46:11.240,0.76049,0.76063,1.10,1.00
2018.05.30 09:46:11.291,0.7605,0.76065,1.00,1.00
2018.05.30 09:46:11.406,0.76048,0.76063,1.00,1.00
2018.05.30 09:46:11.687,0.76046,0.76063,1.00,1.00
2018.05.30 09:46:12.594,0.76046,0.76061,1.00,1.00
2018.05.30 09:46:13.142,0.76046,0.7606,1.00,1.00
2018.05.30 09:46:13.245,0.76042,0.76058,1.00,1.00
2018.05.30 09:46:13.702,0.76044,0.76058,1.00,1.00
2018.05.30 09:46:13.753,0.76044,0.76061,1.00,1.20
2018.05.30 09:46:14.277,0.76045,0.76059,1.00,1.00
2018.05.30 09:46:14.589,0.76043,0.7606,1.00,1.00
2018.05.30 09:46:14.716,0.76043,0.76058,1.00,1.00
2018.05.30 09:46:15.022,0.76045,0.7606,1.00,1.10
2018.05.30 09:46:15.327,0.76048,0.76062,1.00,1.00
2018.05.30 09:46:15.869,0.76048,0.76063,1.00,1.00
2018.05.30 09:46:16.438,0.76049,0.76063,1.00,1.00
2018.05.30 09:46:17.033,0.76047,0.76062,1.00,1.00
2018.05.30 09:46:17.084,0.76048,0.76065,1.00,1.10
2018.05.30 09:46:17.227,0.76051,0.76065,1.00,1.00
2018.05.30 09:46:17.280,0.7605,0.76067,1.00,1.10
2018.05.30 09:46:17.383,0.76051,0.76065,1.00,1.00
2018.05.30 09:46:17.434,0.76047,0.76064,1.50,1.00
2018.05.30 09:46:17.535,0.76047,0.76062,1.50,1.00
2018.05.30 09:46:17.865,0.76049,0.76064,1.00,1.00
2018.05.30 09:46:18.829,0.76048,0.76063,1.00,1.00
2018.05.30 09:46:20.155,0.76047,0.76062,1.00,1.00
2018.05.30 09:46:20.758,0.76048,0.76063,1.00,1.00
2018.05.30 09:46:21.801,0.76048,0.76065,1.00,1.00
2018.05.30 09:46:23.635,0.7605,0.76065,1.00,1.00
2018.05.30 09:46:24.391,0.76051,0.76066,1.00,1.00
2018.05.30 09:46:24.934,0.7605,0.76065,1.00,1.00
2018.05.30 09:46:25.600,0.76049,0.76064,1.00,1.00
2018.05.30 09:46:26.350,0.76047,0.76064,1.50,1.00
2018.05.30 09:46:27.014,0.76047,0.76062,1.00,1.00
2018.05.30 09:46:27.217,0.76043,0.7606,1.00,1.00
2018.05.30 09:46:30.826,0.76045,0.7606,1.00,1.00
2018.05.30 09:46:34.068,0.76045,0.76061,1.00,1.00
2018.05.30 09:46:34.677,0.76046,0.76061,1.00,1.00
2018.05.30 09:46:37.477,0.76045,0.7606,1.00,1.00
2018.05.30 09:46:41.250,0.76044,0.76059,1.50,1.00
2018.05.30 09:46:42.036,0.76044,0.76058,1.00,1.00
2018.05.30 09:46:42.603,0.76044,0.76059,1.50,1.00
2018.05.30 09:46:42.832,0.76047,0.76063,1.00,1.10
2018.05.30 09:46:43.353,0.76048,0.76063,1.00,1.00
2018.05.30 09:46:43.592,0.76045,0.7606,1.00,1.00
2018.05.30 09:46:44.121,0.76044,0.76059,1.50,1.00
2018.05.30 09:46:46.762,0.76043,0.76058,1.00,1.00
2018.05.30 09:46:46.914,0.76041,0.76057,1.00,1.00
2018.05.30 09:46:47.433,0.7604,0.76057,2.25,1.00
2018.05.30 09:46:48.611,0.7604,0.76055,2.25,1.00
2018.05.30 09:46:49.557,0.76039,0.76054,1.50,1.00
2018.05.30 09:46:49.660,0.76037,0.76054,1.00,1.00
2018.05.30 09:46:49.711,0.7604,0.76055,1.00,1.00
2018.05.30 09:46:50.276,0.76039,0.76054,1.50,1.00
2018.05.30 09:46:50.890,0.7604,0.76055,1.00,1.00
2018.05.30 09:46:51.194,0.76038,0.76053,1.00,1.00
2018.05.30 09:46:51.547,0.76036,0.76053,1.00,1.00
2018.05.30 09:46:51.720,0.76038,0.76053,1.00,1.00
2018.05.30 09:46:52.535,0.76037,0.76052,1.00,1.00
2018.05.30 09:46:52.882,0.76035,0.7605,1.00,1.00
2018.05.30 09:46:52.985,0.76033,0.76049,1.00,1.00
2018.05.30 09:46:53.533,0.76032,0.76047,1.00,1.00
2018.05.30 09:46:53.635,0.7603,0.76047,1.57,1.00
2018.05.30 09:46:53.847,0.76031,0.76049,1.00,1.00
2018.05.30 09:46:53.898,0.76033,0.76048,1.00,1.00
2018.05.30 09:46:54.878,0.76033,0.76049,1.00,1.00
2018.05.30 09:46:55.632,0.76034,0.76049,1.00,1.00
2018.05.30 09:46:56.553,0.76033,0.76048,1.00,1.00
2018.05.30 09:46:58.427,0.76032,0.76048,1.00,1.00
2018.05.30 09:46:59.010,0.76032,0.76047,1.00,1.00
2018.05.30 09:46:59.545,0.7603,0.76045,1.10,1.00
2018.05.30 09:46:59.920,0.7603,0.76047,1.10,1.00
2018.05.30 09:47:00.072,0.7603,0.76045,1.12,1.00
2018.05.30 09:47:00.529,0.76032,0.76047,1.00,1.00
2018.05.30 09:47:00.737,0.76029,0.76046,1.47,1.00
2018.05.30 09:47:01.365,0.76031,0.76046,1.00,1.00
2018.05.30 09:47:03.107,0.76032,0.76046,1.00,1.00
2018.05.30 09:47:04.384,0.76032,0.76047,1.00,1.00
2018.05.30 09:47:05.461,0.76031,0.76046,1.00,1.00
2018.05.30 09:47:05.512,0.76029,0.76044,1.50,1.00
2018.05.30 09:47:06.026,0.76028,0.76043,1.00,1.00
2018.05.30 09:47:06.551,0.76027,0.76042,1.00,1.00
2018.05.30 09:47:08.085,0.76028,0.76043,1.00,1.00
2018.05.30 09:47:08.186,0.76029,0.76046,1.00,1.00
2018.05.30 09:47:08.722,0.76031,0.76046,1.00,1.00
2018.05.30 09:47:09.321,0.7603,0.76045,1.00,1.00
2018.05.30 09:47:09.833,0.76031,0.76046,1.00,1.00
2018.05.30 09:47:10.396,0.7603,0.76045,1.00,1.00
2018.05.30 09:47:10.936,0.76031,0.76046,1.00,1.00
2018.05.30 09:47:16.237,0.76029,0.76044,1.57,1.00
2018.05.30 09:47:16.611,0.76027,0.76042,1.00,1.00
2018.05.30 09:47:18.301,0.76028,0.76043,1.00,1.00
2018.05.30 09:47:18.837,0.76027,0.76043,1.50,1.00
2018.05.30 09:47:19.502,0.76026,0.76043,1.50,1.00
2018.05.30 09:47:20.425,0.76026,0.76041,1.50,1.00
2018.05.30 09:47:20.976,0.76026,0.76042,1.50,1.00
2018.05.30 09:47:21.797,0.76027,0.76042,1.00,1.00
2018.05.30 09:47:22.146,0.76029,0.76044,1.00,1.00
2018.05.30 09:47:22.734,0.7603,0.76045,1.00,1.00
2018.05.30 09:47:23.313,0.76029,0.76044,1.00,1.00
2018.05.30 09:47:23.693,0.7603,0.76046,1.00,1.00
2018.05.30 09:47:23.821,0.7603,0.76044,1.00,1.00
2018.05.30 09:47:24.359,0.76029,0.76044,1.00,1.00
2018.05.30 09:47:25.830,0.76029,0.76045,1.00,1.00
2018.05.30 09:47:26.607,0.76029,0.76044,1.00,1.00
2018.05.30 09:47:27.418,0.76029,0.76045,1.00,1.00
2018.05.30 09:47:27.949,0.76029,0.76046,1.00,1.00
2018.05.30 09:47:28.596,0.76029,0.76045,1.00,1.00
2018.05.30 09:47:29.345,0.76029,0.76046,1.00,1.00
2018.05.30 09:47:30.437,0.76029,0.76044,1.00,1.00
2018.05.30 09:47:30.947,0.76029,0.76045,1.00,1.00
2018.05.30 09:47:33.238,0.7603,0.76045,1.00,1.00
2018.05.30 09:47:33.770,0.76031,0.76046,1.00,1.00
2018.05.30 09:47:33.821,0.76028,0.76044,1.00,1.00
2018.05.30 09:47:33.872,0.76028,0.76042,1.00,1.00
2018.05.30 09:47:33.923,0.76026,0.76042,1.50,1.00
2018.05.30 09:47:34.746,0.76026,0.76041,1.00,1.00
2018.05.30 09:47:37.661,0.76025,0.7604,1.00,1.00
2018.05.30 09:47:38.326,0.76024,0.7604,1.00,1.00
2018.05.30 09:47:38.511,0.76026,0.76041,1.00,1.00
2018.05.30 09:47:41.044,0.76024,0.76042,1.00,1.00
2018.05.30 09:47:42.122,0.76026,0.76041,1.00,1.00
2018.05.30 09:47:43.889,0.76025,0.76041,1.00,1.00
2018.05.30 09:47:45.814,0.76023,0.7604,1.00,1.00
2018.05.30 09:47:46.363,0.76023,0.76039,1.00,1.00
2018.05.30 09:47:48.237,0.76024,0.76039,1.00,1.00
2018.05.30 09:47:51.665,0.76024,0.7604,1.00,1.00
2018.05.30 09:47:56.672,0.76024,0.76042,1.00,1.00
2018.05.30 09:47:56.895,0.76022,0.76038,1.57,1.00
2018.05.30 09:47:56.996,0.7602,0.76036,1.00,1.00
2018.05.30 09:48:00.658,0.76021,0.76036,1.00,1.00
2018.05.30 09:48:03.295,0.76022,0.7604,1.00,1.00
2018.05.30 09:48:03.346,0.76024,0.76039,1.00,1.00
2018.05.30 09:48:03.450,0.76025,0.76041,1.00,1.00
2018.05.30 09:48:04.054,0.76026,0.76042,1.00,1.00
2018.05.30 09:48:04.876,0.76025,0.76042,1.00,1.00
2018.05.30 09:48:05.787,0.76026,0.76042,1.00,1.00
2018.05.30 09:48:06.336,0.76027,0.76043,1.00,1.00
2018.05.30 09:48:06.898,0.76028,0.76044,1.00,1.00
2018.05.30 09:48:07.000,0.76026,0.76045,1.00,1.00
2018.05.30 09:48:07.410,0.76028,0.76044,1.00,1.00
2018.05.30 09:48:07.805,0.76028,0.76046,1.00,1.00
2018.05.30 09:48:08.231,0.76027,0.76044,1.50,1.00
2018.05.30 09:48:08.768,0.76028,0.76044,1.00,1.00
2018.05.30 09:48:09.270,0.76027,0.76044,1.00,1.00
2018.05.30 09:48:10.044,0.76027,0.76043,1.00,1.00
2018.05.30 09:48:13.461,0.76025,0.76044,1.00,1.00
2018.05.30 09:48:13.649,0.76027,0.76043,1.00,1.00
2018.05.30 09:48:14.225,0.76028,0.76044,1.00,1.00
2018.05.30 09:48:14.736,0.76027,0.76043,1.00,1.00
2018.05.30 09:48:17.004,0.76028,0.76044,1.00,1.00
2018.05.30 09:48:19.154,0.76026,0.76044,1.50,1.00
2018.05.30 09:48:19.736,0.76027,0.76043,1.00,1.00
2018.05.30 09:48:20.146,0.76027,0.76045,1.00,1.00
2018.05.30 09:48:20.533,0.76027,0.76043,1.00,1.00
2018.05.30 09:48:20.804,0.76026,0.76045,1.50,1.00
2018.05.30 09:48:21.012,0.76028,0.76045,1.00,1.00
2018.05.30 09:48:22.007,0.76027,0.76044,1.00,1.00
2018.05.30 09:48:23.001,0.76028,0.76044,1.00,1.00
2018.05.30 09:48:26.393,0.76027,0.76043,1.00,1.00
2018.05.30 09:48:26.618,0.76027,0.76045,1.00,1.00
2018.05.30 09:48:28.672,0.76029,0.76045,1.00,1.00
2018.05.30 09:48:29.537,0.76028,0.76044,1.00,1.00
2018.05.30 09:48:34.026,0.76027,0.76043,1.00,1.00
2018.05.30 09:48:34.081,0.76027,0.76045,1.00,1.00
2018.05.30 09:48:34.777,0.76026,0.76044,1.00,1.00
2018.05.30 09:48:35.128,0.76028,0.76044,1.00,1.00
2018.05.30 09:48:35.280,0.76026,0.76045,1.00,1.10
2018.05.30 09:48:35.330,0.76027,0.76043,1.00,1.00
2018.05.30 09:48:38.579,0.76026,0.76045,1.00,1.00
2018.05.30 09:48:39.164,0.76027,0.76046,1.00,1.00
2018.05.30 09:48:42.992,0.76028,0.76046,1.00,1.00
2018.05.30 09:48:43.044,0.76028,0.76044,1.00,1.00
2018.05.30 09:48:43.370,0.76031,0.76048,1.00,1.00
2018.05.30 09:48:43.471,0.7603,0.76046,1.00,1.00
2018.05.30 09:48:44.163,0.7603,0.76049,1.50,1.00
2018.05.30 09:48:44.315,0.76032,0.76048,1.00,1.00
2018.05.30 09:48:44.366,0.76033,0.7605,1.00,1.00
2018.05.30 09:48:44.885,0.76035,0.76051,1.00,1.00
2018.05.30 09:48:46.023,0.76034,0.7605,1.00,1.00
2018.05.30 09:48:47.222,0.76035,0.76051,1.00,1.00
2018.05.30 09:48:48.022,0.76035,0.76052,1.00,1.00
2018.05.30 09:48:48.610,0.76035,0.76051,1.00,1.00
2018.05.30 09:48:49.154,0.76035,0.76052,1.00,1.00
2018.05.30 09:48:49.777,0.76035,0.76051,1.00,1.00
2018.05.30 09:48:50.291,0.76034,0.76051,1.50,1.00
2018.05.30 09:48:50.802,0.76034,0.7605,1.00,1.00
2018.05.30 09:48:51.289,0.76031,0.76047,1.50,1.00
2018.05.30 09:48:51.640,0.76029,0.76045,1.00,1.00
2018.05.30 09:48:52.186,0.76029,0.76046,1.00,1.00
2018.05.30 09:48:53.177,0.7603,0.76046,1.00,1.00
2018.05.30 09:48:53.835,0.76031,0.76047,1.00,1.00
2018.05.30 09:48:54.414,0.76031,0.76048,1.00,1.00
2018.05.30 09:48:54.976,0.76031,0.76047,1.00,1.00
2018.05.30 09:48:55.524,0.76032,0.76048,1.00,1.00
2018.05.30 09:48:55.718,0.76032,0.7605,1.00,1.35
2018.05.30 09:48:56.849,0.76031,0.76047,1.00,1.00
2018.05.30 09:48:57.395,0.7603,0.76046,1.00,1.00
2018.05.30 09:48:58.019,0.76029,0.76046,1.00,1.00
2018.05.30 09:48:58.831,0.76028,0.76046,1.00,1.00
2018.05.30 09:48:59.966,0.76028,0.76044,1.00,1.00
2018.05.30 09:49:00.547,0.76027,0.76044,1.50,1.00
2018.05.30 09:49:02.062,0.76027,0.76043,1.00,1.00
2018.05.30 09:49:04.112,0.76027,0.76045,1.00,1.10
2018.05.30 09:49:04.928,0.76027,0.76043,1.50,1.00
2018.05.30 09:49:05.513,0.76028,0.76044,1.00,1.00
2018.05.30 09:49:09.972,0.76027,0.76044,1.50,1.00
2018.05.30 09:49:10.511,0.76027,0.76043,1.50,1.00
2018.05.30 09:49:10.816,0.7603,0.76046,1.00,1.67
2018.05.30 09:49:10.867,0.76031,0.76047,1.00,1.00
2018.05.30 09:49:11.962,0.76031,0.76048,1.00,1.00
2018.05.30 09:49:12.488,0.76031,0.76049,1.00,1.00
2018.05.30 09:49:12.997,0.76033,0.76049,1.00,1.00
2018.05.30 09:49:15.615,0.76034,0.7605,1.00,1.00
2018.05.30 09:49:16.222,0.76033,0.7605,1.00,1.00
2018.05.30 09:49:16.933,0.76032,0.7605,1.50,1.00
2018.05.30 09:49:19.737,0.76033,0.7605,1.00,1.00
2018.05.30 09:49:21.049,0.76035,0.76051,1.00,1.00
2018.05.30 09:49:25.704,0.76033,0.76052,1.10,1.35
2018.05.30 09:49:25.876,0.76034,0.7605,1.00,1.00
2018.05.30 09:49:26.517,0.76034,0.76049,1.00,1.00
2018.05.30 09:49:26.958,0.76032,0.76047,1.00,1.00
2018.05.30 09:49:28.235,0.76031,0.76048,1.00,1.00
2018.05.30 09:49:28.539,0.7603,0.76046,1.00,1.00
2018.05.30 09:49:28.841,0.76026,0.76041,1.00,1.00
2018.05.30 09:49:29.542,0.76025,0.7604,1.00,1.00
2018.05.30 09:49:32.246,0.76026,0.76041,1.00,1.00
2018.05.30 09:49:32.297,0.76021,0.76041,1.95,1.00
2018.05.30 09:49:32.347,0.76026,0.76041,1.00,1.00
2018.05.30 09:49:33.153,0.76026,0.76042,1.00,1.00
2018.05.30 09:49:34.246,0.76027,0.76042,1.00,1.00
2018.05.30 09:49:34.817,0.76028,0.76043,1.00,1.50
2018.05.30 09:49:35.539,0.76027,0.76042,1.00,1.00
2018.05.30 09:49:37.648,0.76028,0.76043,1.00,1.50
2018.05.30 09:49:37.969,0.7603,0.76043,1.00,1.00
2018.05.30 09:49:38.199,0.76026,0.76043,1.20,1.50
2018.05.30 09:49:39.333,0.76026,0.76042,1.10,1.00
2018.05.30 09:49:39.384,0.76025,0.7604,1.07,1.00
2018.05.30 09:49:39.435,0.76023,0.7604,1.10,1.00
2018.05.30 09:49:39.486,0.76025,0.76041,1.00,1.00
2018.05.30 09:49:39.757,0.76025,0.76043,1.00,1.50
2018.05.30 09:49:40.101,0.76026,0.76041,1.00,1.00
2018.05.30 09:49:40.619,0.76027,0.76042,1.00,1.00
2018.05.30 09:49:41.169,0.76027,0.76043,1.00,2.25
2018.05.30 09:49:41.654,0.76026,0.76041,1.00,1.00
2018.05.30 09:49:41.756,0.76024,0.76041,1.10,1.50
2018.05.30 09:49:42.009,0.76026,0.76041,1.00,1.50
2018.05.30 09:49:42.718,0.76025,0.7604,1.00,1.00
2018.05.30 09:49:42.814,0.76025,0.76042,1.00,1.00
2018.05.30 09:49:43.320,0.76026,0.76041,1.00,1.00
2018.05.30 09:49:43.424,0.76024,0.76042,1.00,1.00
2018.05.30 09:49:43.932,0.76025,0.76041,1.00,1.00
2018.05.30 09:49:44.475,0.76025,0.7604,1.00,1.00
2018.05.30 09:49:44.654,0.76027,0.76041,1.00,1.00
2018.05.30 09:49:45.189,0.76027,0.76042,1.00,1.00
2018.05.30 09:49:45.815,0.76026,0.76041,1.00,1.00
2018.05.30 09:49:46.325,0.76027,0.76042,1.00,2.25
2018.05.30 09:49:49.737,0.76028,0.76043,1.00,1.50
2018.05.30 09:49:50.635,0.76027,0.76042,1.00,1.50
2018.05.30 09:49:51.998,0.76027,0.76043,1.00,1.50
2018.05.30 09:49:54.371,0.76026,0.76043,1.00,1.50
2018.05.30 09:49:54.732,0.76024,0.76039,1.00,1.50
2018.05.30 09:49:56.336,0.76025,0.76039,1.00,1.00
2018.05.30 09:49:56.806,0.76023,0.7604,1.00,1.00
2018.05.30 09:49:56.857,0.76025,0.7604,1.00,1.00
2018.05.30 09:50:01.484,0.76026,0.76041,1.00,1.50
2018.05.30 09:50:04.804,0.76026,0.76042,1.00,1.00
2018.05.30 09:50:08.243,0.76026,0.76041,1.00,1.50
2018.05.30 09:50:09.351,0.76025,0.76041,1.00,1.10
2018.05.30 09:50:10.146,0.76029,0.76043,1.00,1.45
2018.05.30 09:50:10.248,0.7603,0.76044,1.00,1.00
2018.05.30 09:50:10.826,0.76029,0.76044,1.00,1.50
2018.05.30 09:50:15.944,0.76031,0.76046,1.00,1.20
2018.05.30 09:50:16.050,0.76028,0.76045,1.00,1.50
2018.05.30 09:50:16.304,0.76027,0.76044,1.00,2.70
2018.05.30 09:50:16.863,0.76026,0.76042,1.00,1.10
2018.05.30 09:50:17.725,0.76026,0.76042,1.00,1.45
2018.05.30 09:50:18.407,0.76025,0.7604,1.00,1.20
2018.05.30 09:50:19.477,0.76024,0.76039,1.00,1.20
2018.05.30 09:50:20.066,0.76024,0.76039,1.00,1.45
2018.05.30 09:50:25.059,0.76022,0.76039,1.00,1.45
2018.05.30 09:50:25.667,0.76022,0.76039,1.00,1.95
2018.05.30 09:50:27.680,0.76022,0.76039,1.00,1.20
2018.05.30 09:50:30.518,0.76022,0.76039,1.00,1.45
2018.05.30 09:50:31.868,0.76022,0.76039,1.00,1.20
2018.05.30 09:50:32.581,0.76022,0.76037,1.00,1.10
2018.05.30 09:50:33.076,0.76021,0.76036,1.00,1.95
2018.05.30 09:50:33.317,0.76018,0.76034,1.00,1.10
2018.05.30 09:50:33.837,0.76018,0.76034,1.00,1.20
2018.05.30 09:50:33.889,0.76021,0.76036,1.00,3.45
2018.05.30 09:50:34.088,0.76023,0.76038,1.00,1.20
2018.05.30 09:50:34.925,0.76022,0.76038,1.00,1.95
2018.05.30 09:50:35.261,0.76025,0.76038,1.00,1.20
2018.05.30 09:50:35.466,0.76027,0.76042,1.00,1.20
2018.05.30 09:50:36.043,0.76027,0.76042,1.00,1.00
2018.05.30 09:50:36.889,0.76027,0.76042,1.00,1.20
2018.05.30 09:50:38.668,0.76027,0.76042,1.00,1.00
2018.05.30 09:50:39.200,0.76027,0.76042,1.00,1.20
2018.05.30 09:50:39.836,0.76027,0.76042,1.00,1.20
2018.05.30 09:50:39.953,0.76025,0.7604,1.00,1.00
2018.05.30 09:50:40.165,0.7602,0.76038,1.00,1.20
2018.05.30 09:50:41.177,0.7602,0.76038,1.00,3.45
2018.05.30 09:50:46.017,0.7602,0.76038,1.00,2.70
2018.05.30 09:50:46.871,0.7602,0.76038,1.00,3.45
2018.05.30 09:50:46.978,0.76018,0.76035,1.00,1.00
2018.05.30 09:50:47.104,0.76018,0.76033,1.00,1.00
2018.05.30 09:50:47.207,0.76019,0.76036,1.00,1.20
2018.05.30 09:50:47.360,0.76019,0.76033,1.00,1.00
2018.05.30 09:50:47.462,0.76017,0.76034,1.00,1.20
2018.05.30 09:50:47.563,0.76019,0.76033,1.00,1.10
2018.05.30 09:50:47.705,0.76017,0.76033,1.00,1.57
2018.05.30 09:50:47.959,0.76015,0.76033,1.50,2.70
2018.05.30 09:50:48.010,0.76017,0.76032,1.00,1.10
2018.05.30 09:50:48.683,0.76015,0.76032,1.50,1.00
2018.05.30 09:50:48.785,0.76019,0.76033,1.00,1.95
2018.05.30 09:50:48.941,0.76019,0.76034,1.00,2.70
2018.05.30 09:50:49.176,0.76017,0.76033,1.00,1.50
2018.05.30 09:50:49.941,0.76018,0.76033,1.00,1.20
2018.05.30 09:50:50.092,0.76016,0.76033,1.00,1.57
2018.05.30 09:50:51.181,0.76016,0.76034,1.00,2.70
2018.05.30 09:50:51.248,0.76018,0.76033,1.00,1.20
2018.05.30 09:50:51.561,0.76019,0.76034,1.00,1.95
2018.05.30 09:50:54.670,0.76018,0.76034,1.00,1.95
2018.05.30 09:50:55.276,0.76018,0.76033,1.00,1.00
2018.05.30 09:50:56.944,0.76018,0.76034,1.00,1.10
2018.05.30 09:50:57.447,0.76019,0.76035,1.00,1.95
2018.05.30 09:50:57.707,0.76021,0.76035,1.00,1.45
2018.05.30 09:50:58.191,0.76019,0.76034,1.00,1.00
2018.05.30 09:50:58.242,0.76022,0.76036,1.00,1.95
2018.05.30 09:50:58.293,0.76023,0.76037,1.00,1.00
2018.05.30 09:50:58.348,0.76021,0.76038,1.00,1.95
2018.05.30 09:50:59.102,0.76019,0.76037,1.00,1.57
2018.05.30 09:50:59.265,0.76021,0.76038,1.00,1.95
2018.05.30 09:50:59.597,0.76023,0.76038,1.00,1.00
2018.05.30 09:50:59.901,0.76025,0.7604,1.00,2.70
2018.05.30 09:51:00.218,0.76022,0.76037,1.00,1.00
2018.05.30 09:51:00.780,0.76021,0.76036,1.00,1.10
2018.05.30 09:51:01.692,0.76021,0.76036,1.00,1.95
2018.05.30 09:51:01.875,0.76019,0.76036,1.00,1.95
2018.05.30 09:51:02.284,0.76021,0.76036,1.00,1.57
2018.05.30 09:51:02.842,0.7602,0.76035,1.00,1.10
2018.05.30 09:51:03.509,0.76019,0.76034,1.00,1.00
2018.05.30 09:51:04.071,0.7602,0.76035,1.00,1.00
2018.05.30 09:51:04.683,0.7602,0.76036,1.00,1.10
2018.05.30 09:51:05.211,0.7602,0.76035,1.00,1.00
2018.05.30 09:51:06.097,0.76021,0.76036,1.00,1.10
2018.05.30 09:51:07.047,0.7602,0.76035,1.00,1.00
2018.05.30 09:51:07.580,0.76019,0.76036,1.00,1.00
2018.05.30 09:51:08.012,0.76021,0.76036,1.00,1.57
2018.05.30 09:51:08.586,0.7602,0.76037,1.00,1.20
2018.05.30 09:51:09.120,0.7602,0.76037,1.00,1.20
2018.05.30 09:51:09.710,0.76021,0.76036,1.00,1.10
2018.05.30 09:51:11.085,0.76022,0.76037,1.00,1.20
2018.05.30 09:51:11.498,0.76024,0.76039,1.00,1.20
2018.05.30 09:51:12.004,0.76025,0.76042,1.00,2.70
2018.05.30 09:51:12.433,0.76025,0.76042,1.00,1.20
2018.05.30 09:51:13.404,0.76026,0.76043,1.00,1.57
2018.05.30 09:51:14.420,0.76027,0.76043,1.00,1.57
2018.05.30 09:51:15.570,0.76027,0.76043,1.00,1.95
2018.05.30 09:51:16.315,0.76027,0.76043,1.00,1.95
2018.05.30 09:51:18.497,0.76027,0.76043,1.00,1.20
2018.05.30 09:51:19.057,0.76027,0.76043,1.00,1.00
2018.05.30 09:51:19.769,0.76026,0.76043,1.00,1.20
2018.05.30 09:51:19.820,0.76028,0.76043,1.00,1.10
2018.05.30 09:51:22.689,0.76028,0.76043,1.00,1.20
2018.05.30 09:51:23.234,0.76028,0.76043,1.00,1.10
2018.05.30 09:51:24.195,0.76027,0.76043,1.00,1.10
2018.05.30 09:51:24.697,0.76028,0.76044,1.00,1.10
2018.05.30 09:51:25.401,0.76028,0.76043,1.00,1.00
2018.05.30 09:51:25.952,0.76027,0.76042,1.00,1.10
2018.05.30 09:51:26.494,0.76024,0.76043,1.50,1.20
2018.05.30 09:51:26.544,0.76024,0.76041,1.50,1.00
2018.05.30 09:51:26.919,0.76026,0.76041,1.00,1.00
2018.05.30 09:51:27.970,0.76025,0.76041,1.00,1.10
2018.05.30 09:51:28.581,0.76026,0.76042,1.00,1.95
2018.05.30 09:51:29.106,0.76025,0.76042,1.00,1.45
2018.05.30 09:51:29.928,0.76026,0.76043,1.00,1.20
2018.05.30 09:51:30.256,0.76026,0.76041,1.00,1.20
2018.05.30 09:51:30.581,0.76024,0.76041,1.00,1.10
2018.05.30 09:51:30.931,0.76026,0.76041,1.00,1.20
2018.05.30 09:51:31.480,0.76027,0.76042,1.00,1.10
2018.05.30 09:51:32.010,0.76027,0.76042,1.00,1.20
2018.05.30 09:51:32.951,0.76027,0.76042,1.00,1.20
2018.05.30 09:51:33.453,0.76027,0.76044,1.00,1.20
2018.05.30 09:51:34.065,0.76027,0.76042,1.00,1.00
2018.05.30 09:51:34.589,0.76028,0.76043,1.00,1.20
2018.05.30 09:51:34.882,0.76026,0.76043,1.00,1.20
2018.05.30 09:51:35.101,0.76028,0.76043,1.00,1.20
2018.05.30 09:51:35.836,0.76028,0.76043,1.00,1.10
2018.05.30 09:51:36.914,0.76028,0.76043,1.00,1.20
2018.05.30 09:51:37.563,0.76028,0.76043,1.00,1.10
2018.05.30 09:51:38.275,0.76028,0.76043,1.00,1.20
2018.05.30 09:51:38.889,0.76028,0.76043,1.00,1.10
2018.05.30 09:51:49.732,0.76028,0.76043,1.00,1.20
2018.05.30 09:51:50.443,0.76028,0.76043,1.00,1.00
2018.05.30 09:52:00.062,0.76029,0.76044,1.00,1.00
2018.05.30 09:52:02.912,0.76028,0.76043,1.00,1.00
2018.05.30 09:52:03.500,0.76027,0.76043,1.00,1.10
2018.05.30 09:52:04.314,0.76027,0.76044,1.00,1.10
2018.05.30 09:52:04.817,0.76027,0.76044,1.00,1.20
2018.05.30 09:52:07.732,0.76026,0.76043,1.00,1.10
2018.05.30 09:52:08.347,0.76026,0.76044,1.00,1.45
2018.05.30 09:52:08.869,0.76027,0.76044,1.00,1.20
2018.05.30 09:52:09.511,0.76026,0.76043,1.00,1.00
2018.05.30 09:52:10.115,0.76026,0.76043,1.00,1.20
2018.05.30 09:52:10.465,0.76031,0.76046,1.00,1.00
2018.05.30 09:52:11.109,0.76031,0.76048,1.00,1.45
2018.05.30 09:52:11.613,0.76031,0.76046,1.00,1.00
2018.05.30 09:52:12.067,0.76031,0.76048,1.00,1.20
2018.05.30 09:52:13.287,0.76031,0.76048,1.00,1.20
2018.05.30 09:52:13.804,0.76031,0.76048,1.00,1.10
2018.05.30 09:52:14.352,0.76033,0.76048,1.00,1.10
2018.05.30 09:52:16.825,0.76034,0.76049,1.00,1.20
2018.05.30 09:52:17.175,0.76036,0.76051,1.00,1.10
2018.05.30 09:52:17.819,0.76035,0.76052,1.00,1.20
2018.05.30 09:52:18.238,0.76037,0.76052,1.00,1.20
2018.05.30 09:52:18.593,0.76035,0.76052,1.00,1.10
2018.05.30 09:52:18.764,0.76037,0.76052,1.00,1.10
2018.05.30 09:52:19.402,0.76037,0.76052,1.00,1.20
2018.05.30 09:52:20.130,0.76037,0.76052,1.00,1.10
2018.05.30 09:52:20.829,0.76035,0.76053,1.00,1.45
2018.05.30 09:52:21.296,0.76037,0.76052,1.00,1.00
2018.05.30 09:52:21.883,0.76035,0.76053,1.00,1.10
2018.05.30 09:52:22.347,0.76037,0.76052,1.00,1.00
2018.05.30 09:52:22.949,0.76036,0.76052,1.00,1.20
2018.05.30 09:52:23.471,0.76037,0.76052,1.00,1.20
2018.05.30 09:52:25.146,0.76034,0.7605,1.00,1.10
2018.05.30 09:52:25.349,0.76032,0.76048,1.00,1.10
2018.05.30 09:52:25.552,0.76029,0.76046,1.00,1.10
2018.05.30 09:52:26.082,0.7603,0.76047,1.00,1.20
2018.05.30 09:52:26.594,0.7603,0.76047,1.00,1.20
2018.05.30 09:52:27.119,0.76031,0.76046,1.00,1.20
2018.05.30 09:52:27.900,0.76031,0.76047,1.00,1.10
2018.05.30 09:52:28.095,0.76033,0.76048,1.00,1.20
2018.05.30 09:52:28.988,0.76034,0.76049,1.00,1.20
2018.05.30 09:52:29.294,0.76035,0.7605,1.00,1.20
2018.05.30 09:52:30.361,0.76033,0.76049,1.00,1.00
2018.05.30 09:52:30.868,0.76033,0.76048,1.00,1.00
2018.05.30 09:52:32.137,0.76034,0.76049,1.00,1.00
2018.05.30 09:52:32.289,0.76032,0.76047,1.00,1.00
2018.05.30 09:52:32.504,0.76028,0.76045,1.00,1.00
2018.05.30 09:52:32.555,0.7603,0.76045,1.00,1.00
2018.05.30 09:52:33.092,0.76029,0.76044,1.00,1.00
2018.05.30 09:52:33.273,0.76029,0.76046,1.00,1.10
2018.05.30 09:52:33.800,0.76028,0.76046,1.00,1.20
2018.05.30 09:52:34.133,0.7603,0.76046,1.00,1.20
2018.05.30 09:52:34.426,0.76028,0.76045,1.00,1.00
2018.05.30 09:52:35.038,0.76029,0.76046,1.00,1.20
2018.05.30 09:52:35.089,0.76029,0.76044,1.00,1.10
2018.05.30 09:52:35.404,0.76031,0.76047,1.00,1.45
2018.05.30 09:52:37.139,0.7603,0.76047,1.00,1.20
2018.05.30 09:52:37.856,0.7603,0.76045,1.00,1.00
2018.05.30 09:52:38.401,0.76029,0.76046,1.00,1.10
2018.05.30 09:52:39.002,0.7603,0.76048,1.00,1.95
2018.05.30 09:52:39.320,0.76032,0.76048,1.00,1.20
2018.05.30 09:52:39.854,0.76033,0.76048,1.00,1.10
2018.05.30 09:52:44.115,0.76033,0.76049,1.00,1.00
2018.05.30 09:52:44.716,0.76034,0.76049,1.00,1.00
2018.05.30 09:52:44.771,0.76036,0.76052,1.00,1.00
2018.05.30 09:52:45.392,0.76035,0.76052,1.00,1.00
2018.05.30 09:52:45.802,0.76037,0.76052,1.00,1.00
2018.05.30 09:52:47.379,0.76038,0.76053,1.00,1.00
2018.05.30 09:52:47.430,0.76036,0.76053,1.00,1.00
2018.05.30 09:52:47.481,0.76038,0.76053,1.00,1.00
2018.05.30 09:52:48.002,0.76037,0.76052,1.00,1.00
2018.05.30 09:52:48.566,0.76036,0.76051,1.50,1.00
2018.05.30 09:52:48.772,0.76034,0.76052,1.50,1.00
2018.05.30 09:52:49.322,0.76036,0.76051,1.00,1.00
2018.05.30 09:52:49.559,0.76034,0.76052,1.50,1.00
2018.05.30 09:52:49.609,0.76035,0.7605,1.00,1.00
2018.05.30 09:52:50.109,0.76035,0.76052,1.00,1.00
2018.05.30 09:52:50.713,0.76037,0.76052,1.00,1.00
2018.05.30 09:52:51.254,0.76037,0.76053,1.00,1.00
2018.05.30 09:52:52.366,0.76038,0.76053,1.00,1.00
2018.05.30 09:52:53.099,0.76037,0.76053,1.00,1.00
2018.05.30 09:52:56.395,0.76039,0.76054,1.00,1.00
2018.05.30 09:52:58.115,0.76039,0.76056,1.00,1.00
2018.05.30 09:52:58.217,0.76039,0.76054,1.00,1.00
2018.05.30 09:52:58.544,0.76042,0.76057,1.00,1.00
2018.05.30 09:52:58.697,0.76041,0.76059,1.00,1.00
2018.05.30 09:52:58.886,0.76043,0.76058,1.00,1.00
2018.05.30 09:53:00.086,0.76044,0.76059,1.00,1.10
2018.05.30 09:53:00.592,0.76045,0.76062,1.00,1.20
2018.05.30 09:53:01.383,0.76045,0.76062,1.00,1.10
2018.05.30 09:53:01.917,0.76045,0.76061,1.00,1.00
2018.05.30 09:53:02.290,0.76047,0.76062,1.00,1.20
2018.05.30 09:53:02.480,0.76048,0.76065,1.00,1.20
2018.05.30 09:53:02.531,0.7605,0.76065,1.00,1.20
2018.05.30 09:53:02.819,0.76051,0.76066,1.00,1.10
2018.05.30 09:53:03.071,0.76053,0.76068,1.00,1.20
2018.05.30 09:53:03.726,0.76053,0.76068,1.00,1.00
2018.05.30 09:53:04.700,0.76052,0.76067,1.00,1.00
2018.05.30 09:53:04.801,0.7605,0.76068,1.00,1.00
2018.05.30 09:53:05.484,0.76052,0.76067,1.00,1.00
2018.05.30 09:53:06.227,0.76051,0.76066,1.00,1.00
2018.05.30 09:53:06.739,0.7605,0.76065,1.00,1.00
2018.05.30 09:53:06.790,0.7605,0.76067,1.00,1.00
2018.05.30 09:53:07.083,0.7605,0.76065,1.00,1.00
2018.05.30 09:53:07.616,0.76051,0.76067,1.00,1.10
2018.05.30 09:53:07.667,0.76055,0.7607,1.00,1.10
2018.05.30 09:53:07.997,0.7606,0.76077,1.50,1.20
2018.05.30 09:53:08.099,0.76062,0.76077,1.00,1.00
2018.05.30 09:53:08.403,0.76063,0.7608,1.00,1.45
2018.05.30 09:53:08.918,0.76062,0.76078,1.00,1.10
2018.05.30 09:53:09.070,0.76058,0.76075,1.50,1.00
2018.05.30 09:53:09.324,0.76059,0.76073,1.00,1.00
2018.05.30 09:53:09.888,0.76059,0.76074,1.00,1.00
2018.05.30 09:53:11.223,0.7606,0.76075,1.00,1.00
2018.05.30 09:53:11.959,0.76059,0.76074,1.00,1.00
2018.05.30 09:53:13.490,0.7606,0.76075,1.00,1.00
2018.05.30 09:53:14.021,0.76059,0.76074,1.00,1.00
2018.05.30 09:53:14.559,0.7606,0.76075,1.00,1.00
2018.05.30 09:53:15.306,0.7606,0.76077,1.50,1.10
2018.05.30 09:53:15.356,0.7606,0.76075,1.50,1.00
2018.05.30 09:53:15.899,0.76061,0.76076,1.00,1.00
2018.05.30 09:53:16.406,0.7606,0.76075,1.50,1.00
2018.05.30 09:53:19.741,0.76061,0.76076,1.00,1.10
2018.05.30 09:53:20.573,0.7606,0.76075,1.50,1.00
2018.05.30 09:53:20.802,0.76061,0.76078,1.50,1.00
2018.05.30 09:53:20.853,0.76064,0.76079,1.00,1.10
2018.05.30 09:53:21.511,0.76062,0.76078,1.00,1.00
2018.05.30 09:53:21.562,0.76065,0.76082,1.00,1.20
2018.05.30 09:53:22.101,0.76066,0.76081,1.00,1.00
2018.05.30 09:53:22.647,0.76068,0.76082,1.00,1.00
2018.05.30 09:53:22.914,0.76066,0.76081,1.00,1.00
2018.05.30 09:53:23.434,0.76067,0.76082,1.00,1.10
2018.05.30 09:53:23.536,0.76065,0.7608,1.00,1.00
2018.05.30 09:53:24.117,0.76064,0.76079,1.00,1.00
2018.05.30 09:53:27.746,0.76064,0.7608,1.00,1.00
2018.05.30 09:53:28.248,0.76064,0.76079,1.00,1.00
2018.05.30 09:53:28.671,0.76066,0.76081,1.00,1.10
2018.05.30 09:53:28.976,0.76068,0.76082,1.00,1.00
2018.05.30 09:53:29.583,0.76068,0.76083,1.00,1.10
2018.05.30 09:53:30.290,0.76066,0.76083,1.00,1.20
2018.05.30 09:53:30.966,0.76064,0.76081,1.00,1.00
2018.05.30 09:53:31.310,0.76062,0.76078,1.00,1.00
2018.05.30 09:53:31.513,0.76062,0.7608,1.00,1.00
2018.05.30 09:53:31.564,0.76063,0.76078,1.00,1.00
2018.05.30 09:53:31.944,0.76063,0.7608,1.50,1.10
2018.05.30 09:53:32.147,0.76065,0.76081,1.00,1.20
2018.05.30 09:53:32.361,0.76063,0.76081,1.00,1.10
2018.05.30 09:53:32.412,0.76065,0.76082,1.00,1.20
2018.05.30 09:53:32.772,0.76067,0.76082,1.00,1.00
2018.05.30 09:53:33.281,0.76068,0.76082,1.00,1.00
2018.05.30 09:53:34.210,0.76067,0.76082,1.00,1.00
2018.05.30 09:53:35.271,0.76066,0.76081,1.00,1.00
2018.05.30 09:53:35.772,0.76067,0.76082,1.00,1.00
2018.05.30 09:53:36.294,0.76068,0.76083,1.00,1.45
2018.05.30 09:53:37.117,0.76067,0.76083,1.00,1.20
2018.05.30 09:53:37.472,0.76065,0.76083,1.50,1.10
2018.05.30 09:53:37.523,0.76067,0.76082,1.00,1.00
2018.05.30 09:53:38.902,0.76068,0.76083,1.00,1.00
2018.05.30 09:53:39.442,0.76067,0.76082,1.00,1.00
2018.05.30 09:53:39.997,0.76068,0.76083,1.00,1.10
2018.05.30 09:53:41.036,0.76069,0.76084,1.00,1.20
2018.05.30 09:53:41.548,0.76069,0.76084,1.00,1.00
2018.05.30 09:53:42.055,0.7607,0.76085,1.00,1.00
2018.05.30 09:53:42.595,0.76069,0.76086,1.50,1.10
2018.05.30 09:53:43.127,0.76068,0.76083,1.00,1.00
2018.05.30 09:53:43.386,0.76066,0.76083,1.50,1.00
2018.05.30 09:53:49.274,0.76068,0.76082,1.00,1.00
2018.05.30 09:53:49.788,0.76068,0.76083,1.00,1.00
2018.05.30 09:53:50.493,0.76068,0.76082,1.00,1.00
2018.05.30 09:53:51.141,0.76068,0.76083,1.00,1.00
2018.05.30 09:53:53.059,0.76068,0.76084,1.10,1.00
2018.05.30 09:53:53.479,0.76071,0.76086,1.10,1.00
2018.05.30 09:53:54.033,0.7607,0.76085,1.10,1.00
2018.05.30 09:53:54.236,0.76071,0.76088,1.00,1.00
2018.05.30 09:53:54.462,0.7607,0.76085,1.45,1.00
2018.05.30 09:53:54.852,0.76068,0.76085,1.45,1.00
2018.05.30 09:53:55.397,0.76068,0.76085,1.10,1.00
2018.05.30 09:53:56.076,0.76069,0.76083,1.00,1.00
2018.05.30 09:53:56.305,0.76066,0.76081,1.10,1.00
2018.05.30 09:53:56.756,0.76065,0.76079,3.45,1.00
2018.05.30 09:53:56.807,0.76066,0.76081,1.20,1.00
2018.05.30 09:53:57.049,0.76067,0.76084,1.20,1.00
2018.05.30 09:53:57.649,0.76067,0.76082,1.20,1.00
2018.05.30 09:53:57.824,0.76067,0.76084,1.20,1.00
2018.05.30 09:53:58.425,0.76067,0.76084,1.95,1.00
2018.05.30 09:53:59.695,0.7607,0.76085,1.00,1.00
2018.05.30 09:53:59.918,0.76069,0.76088,1.20,1.00
2018.05.30 09:54:00.065,0.7607,0.76085,1.10,1.00
2018.05.30 09:54:00.444,0.76068,0.76083,1.20,1.00
2018.05.30 09:54:00.770,0.76066,0.7608,1.45,1.00
2018.05.30 09:54:00.871,0.76065,0.7608,1.20,1.00
2018.05.30 09:54:01.298,0.76065,0.76083,2.70,1.00
2018.05.30 09:54:01.817,0.76067,0.76083,1.10,1.00
2018.05.30 09:54:01.868,0.76065,0.76081,2.70,1.00
2018.05.30 09:54:01.919,0.76068,0.76084,3.45,1.00
2018.05.30 09:54:02.092,0.76068,0.76085,4.20,1.00
2018.05.30 09:54:02.960,0.7607,0.76085,1.20,1.00
2018.05.30 09:54:03.488,0.7607,0.76086,1.45,1.00
2018.05.30 09:54:04.262,0.7607,0.76087,1.20,1.00
2018.05.30 09:54:04.795,0.7607,0.76086,1.20,1.00
2018.05.30 09:54:05.863,0.7607,0.76086,1.10,1.00
2018.05.30 09:54:06.685,0.76071,0.76086,1.00,1.00
2018.05.30 09:54:07.425,0.7607,0.76086,1.95,1.00
2018.05.30 09:54:07.577,0.7607,0.76086,1.20,1.00
2018.05.30 09:54:09.049,0.7607,0.76086,1.95,1.00
2018.05.30 09:54:09.576,0.76071,0.76087,1.95,1.00
2018.05.30 09:54:10.077,0.76071,0.76088,1.45,1.00
2018.05.30 09:54:10.610,0.76071,0.76088,1.95,1.00
2018.05.30 09:54:11.131,0.76075,0.7609,1.00,1.00
2018.05.30 09:54:13.246,0.76075,0.7609,1.20,1.00
2018.05.30 09:54:14.050,0.76075,0.76091,1.45,1.00
2018.05.30 09:54:14.674,0.76075,0.7609,1.20,1.00
2018.05.30 09:54:15.185,0.76075,0.76089,1.10,1.00
2018.05.30 09:54:15.801,0.76075,0.7609,1.10,1.00
2018.05.30 09:54:16.410,0.76075,0.7609,1.20,1.00
2018.05.30 09:54:17.177,0.76075,0.7609,1.20,1.00
2018.05.30 09:54:17.981,0.76073,0.7609,1.45,1.00
2018.05.30 09:54:18.332,0.76073,0.76088,1.20,1.00
2018.05.30 09:54:19.010,0.76072,0.76089,1.95,1.00
2018.05.30 09:54:19.512,0.76073,0.76088,1.20,1.00
2018.05.30 09:54:19.563,0.76072,0.76091,1.45,1.00
2018.05.30 09:54:19.614,0.76072,0.76089,1.45,1.00
2018.05.30 09:54:19.962,0.76068,0.76084,2.70,1.00
2018.05.30 09:54:20.277,0.76072,0.76087,1.00,1.00
2018.05.30 09:54:20.782,0.76073,0.76088,1.10,1.00
2018.05.30 09:54:20.940,0.76072,0.7609,1.20,1.00
2018.05.30 09:54:21.100,0.76073,0.76088,1.00,1.00
2018.05.30 09:54:21.649,0.76073,0.76089,1.00,1.00
2018.05.30 09:54:21.987,0.76071,0.76086,1.20,1.00
2018.05.30 09:54:22.139,0.76069,0.76085,1.95,1.00
2018.05.30 09:54:22.228,0.76069,0.76087,1.95,1.00
2018.05.30 09:54:22.279,0.7607,0.76085,1.20,1.00
2018.05.30 09:54:22.431,0.76069,0.76087,1.95,1.00
2018.05.30 09:54:22.663,0.7607,0.76085,1.20,1.00
2018.05.30 09:54:22.993,0.7607,0.76087,1.20,1.00
2018.05.30 09:54:23.297,0.7607,0.76085,1.20,1.00
2018.05.30 09:54:23.347,0.7607,0.76087,1.20,1.00
2018.05.30 09:54:23.448,0.7607,0.76085,1.20,1.00
2018.05.30 09:54:23.550,0.76071,0.76089,1.20,1.00
2018.05.30 09:54:23.765,0.76072,0.76087,1.10,1.00
2018.05.30 09:54:24.312,0.76072,0.76089,1.20,1.00
2018.05.30 09:54:24.906,0.76073,0.76088,1.10,1.00
2018.05.30 09:54:25.421,0.76072,0.76089,1.10,1.00
2018.05.30 09:54:25.688,0.76072,0.76087,1.10,1.00
2018.05.30 09:54:26.219,0.76071,0.76086,1.45,1.00
2018.05.30 09:54:26.774,0.76071,0.76086,1.20,1.00
2018.05.30 09:54:27.477,0.76071,0.76086,1.20,1.00
2018.05.30 09:54:27.993,0.76071,0.76086,1.10,1.00
2018.05.30 09:54:31.741,0.76071,0.76086,1.20,1.00
2018.05.30 09:54:32.245,0.76071,0.76086,1.20,1.00
2018.05.30 09:54:32.760,0.76071,0.76086,1.20,1.00
2018.05.30 09:54:33.288,0.76071,0.76086,1.20,1.00
2018.05.30 09:54:39.882,0.7607,0.76085,1.10,1.00
2018.05.30 09:54:40.219,0.76064,0.76079,1.20,1.00
2018.05.30 09:54:40.320,0.76064,0.76081,1.20,1.00
2018.05.30 09:54:41.810,0.76064,0.76079,1.20,1.00
2018.05.30 09:54:42.553,0.76066,0.76082,1.00,1.00
2018.05.30 09:54:42.604,0.76068,0.76082,1.00,1.00
2018.05.30 09:54:42.857,0.76069,0.76084,1.10,1.00
2018.05.30 09:54:43.500,0.76068,0.76083,1.00,1.00
2018.05.30 09:54:44.581,0.76068,0.76082,1.00,1.00
2018.05.30 09:54:44.682,0.76066,0.76083,1.10,1.00
2018.05.30 09:54:45.209,0.76065,0.7608,1.45,1.00
2018.05.30 09:54:45.854,0.76065,0.7608,1.20,1.00
2018.05.30 09:54:46.568,0.76064,0.76079,1.45,1.00
2018.05.30 09:54:47.137,0.76064,0.76078,1.10,1.00
2018.05.30 09:54:47.659,0.76063,0.76078,1.10,1.00
2018.05.30 09:54:49.127,0.76063,0.76078,1.20,1.00
2018.05.30 09:54:49.738,0.76062,0.76079,1.95,1.00
2018.05.30 09:54:50.939,0.76063,0.76078,1.20,1.00
2018.05.30 09:54:51.148,0.76063,0.7608,1.20,1.00
2018.05.30 09:54:51.310,0.76063,0.76078,1.20,1.00
2018.05.30 09:54:51.462,0.76063,0.7608,1.20,1.00
2018.05.30 09:54:52.302,0.76063,0.76078,1.20,1.00
2018.05.30 09:54:52.433,0.76063,0.7608,1.20,1.00
2018.05.30 09:54:52.483,0.76063,0.76078,1.45,1.00
2018.05.30 09:54:53.165,0.76064,0.76079,1.95,1.00
2018.05.30 09:54:53.713,0.76065,0.7608,1.20,1.00
2018.05.30 09:54:54.122,0.76064,0.76082,2.70,1.00
2018.05.30 09:54:54.190,0.76065,0.7608,1.20,1.00
2018.05.30 09:54:54.958,0.76064,0.76079,1.95,1.00
2018.05.30 09:54:55.535,0.76065,0.7608,1.20,1.00
2018.05.30 09:54:55.856,0.76064,0.76083,2.70,1.00
2018.05.30 09:54:56.034,0.76065,0.7608,1.20,1.00
2018.05.30 09:54:56.613,0.76063,0.76081,1.95,1.00
2018.05.30 09:54:57.020,0.76066,0.76083,1.00,1.00
2018.05.30 09:54:57.589,0.76067,0.76082,1.10,1.00
2018.05.30 09:54:58.524,0.76066,0.76081,1.10,1.00
2018.05.30 09:54:58.762,0.76064,0.76078,1.00,1.00
2018.05.30 09:54:58.864,0.76065,0.7608,1.00,1.00
2018.05.30 09:54:59.403,0.76065,0.76082,1.57,1.00
2018.05.30 09:54:59.453,0.76068,0.76082,1.00,1.00
2018.05.30 09:55:00.002,0.76068,0.76083,1.00,1.00
2018.05.30 09:55:00.662,0.76067,0.76084,1.00,1.00
2018.05.30 09:55:01.514,0.76068,0.76082,1.00,1.00
2018.05.30 09:55:02.446,0.76068,0.76083,1.00,1.00
2018.05.30 09:55:04.734,0.76067,0.76083,1.00,1.00
2018.05.30 09:55:05.344,0.76067,0.76082,1.00,1.00
2018.05.30 09:55:06.457,0.76068,0.76083,1.00,1.00
2018.05.30 09:55:06.965,0.76069,0.76084,1.00,1.00
2018.05.30 09:55:08.494,0.76068,0.76083,1.50,1.00
2018.05.30 09:55:10.887,0.76069,0.76084,1.00,1.00
2018.05.30 09:55:16.523,0.7607,0.76085,1.00,1.00
2018.05.30 09:55:17.021,0.76072,0.76087,1.00,1.00
2018.05.30 09:55:17.461,0.76074,0.76089,1.00,1.00
2018.05.30 09:55:19.786,0.76074,0.76088,1.00,1.00
2018.05.30 09:55:19.943,0.76072,0.76089,1.50,1.00
2018.05.30 09:55:19.994,0.76075,0.7609,1.00,1.00
2018.05.30 09:55:20.541,0.76074,0.76089,1.00,1.00
2018.05.30 09:55:21.064,0.76073,0.76088,1.20,1.00
2018.05.30 09:55:21.205,0.76072,0.76088,1.10,1.00
2018.05.30 09:55:21.388,0.7607,0.76084,1.20,1.00
2018.05.30 09:55:21.674,0.7607,0.76086,1.00,1.00
2018.05.30 09:55:21.783,0.7607,0.76084,1.10,1.00
2018.05.30 09:55:22.144,0.76068,0.76081,1.00,1.00
2018.05.30 09:55:22.378,0.76068,0.76083,1.00,1.00
2018.05.30 09:55:22.900,0.76067,0.76082,1.00,1.00
2018.05.30 09:55:23.307,0.76069,0.76083,1.00,1.00
2018.05.30 09:55:23.490,0.76068,0.76085,1.10,1.00
2018.05.30 09:55:23.541,0.76068,0.76083,1.20,1.00
2018.05.30 09:55:24.128,0.76069,0.76084,1.00,1.00
2018.05.30 09:55:24.587,0.76071,0.76086,1.00,1.00
2018.05.30 09:55:25.052,0.76072,0.76088,1.00,1.50
2018.05.30 09:55:25.254,0.76071,0.76085,1.10,1.00
2018.05.30 09:55:25.767,0.7607,0.76085,1.20,1.00
2018.05.30 09:55:26.294,0.76071,0.76086,1.10,1.00
2018.05.30 09:55:26.818,0.7607,0.76085,1.57,1.00
2018.05.30 09:55:27.358,0.76068,0.76084,2.70,1.00
2018.05.30 09:55:27.567,0.76068,0.76085,1.50,1.00
2018.05.30 09:55:27.618,0.76071,0.76086,1.00,1.00
2018.05.30 09:55:28.131,0.76071,0.76086,1.20,1.00
2018.05.30 09:55:29.131,0.76071,0.76086,1.20,1.00
2018.05.30 09:55:29.510,0.76071,0.76088,1.00,1.00
2018.05.30 09:55:29.611,0.76072,0.7609,1.00,1.00
2018.05.30 09:55:30.132,0.76072,0.76089,1.10,1.00
2018.05.30 09:55:30.233,0.76075,0.76089,1.00,1.00
2018.05.30 09:55:30.589,0.76072,0.76089,1.10,1.00
2018.05.30 09:55:30.789,0.76074,0.76089,1.00,1.00
2018.05.30 09:55:31.102,0.76071,0.76088,1.00,1.00
2018.05.30 09:55:31.254,0.76071,0.76086,1.00,1.00
2018.05.30 09:55:31.722,0.76071,0.76088,1.00,1.00
2018.05.30 09:55:31.773,0.76071,0.76086,1.00,1.00
2018.05.30 09:55:33.175,0.7607,0.76085,1.00,1.00
2018.05.30 09:55:33.741,0.76069,0.76086,1.57,1.00
2018.05.30 09:55:34.271,0.76071,0.76085,1.00,1.00
2018.05.30 09:55:34.544,0.76074,0.76089,1.00,1.12
2018.05.30 09:55:34.950,0.76074,0.76089,2.70,1.00
2018.05.30 09:55:35.093,0.76076,0.76091,1.20,1.00
2018.05.30 09:55:35.508,0.76074,0.76089,1.45,1.00
2018.05.30 09:55:35.872,0.76076,0.76091,1.10,1.00
2018.05.30 09:55:36.395,0.76076,0.7609,1.00,1.00
2018.05.30 09:55:36.944,0.76076,0.76091,1.00,1.00
2018.05.30 09:55:37.572,0.76075,0.7609,1.10,1.00
2018.05.30 09:55:38.237,0.76076,0.76091,1.00,1.00
2018.05.30 09:55:38.820,0.76076,0.7609,1.00,1.00
2018.05.30 09:55:39.274,0.76077,0.76092,1.10,1.00
2018.05.30 09:55:40.420,0.76075,0.76092,1.95,1.00
2018.05.30 09:55:40.542,0.76075,0.7609,1.95,1.00
2018.05.30 09:55:41.108,0.76075,0.76091,1.95,1.00
2018.05.30 09:55:41.209,0.76075,0.76091,1.45,1.00
2018.05.30 09:55:41.373,0.76077,0.76092,1.45,1.00
2018.05.30 09:55:41.705,0.76079,0.76094,1.20,1.00
2018.05.30 09:55:41.908,0.7608,0.76095,1.20,1.00
2018.05.30 09:55:42.470,0.76081,0.76096,1.10,1.00
2018.05.30 09:55:42.793,0.76079,0.76094,1.95,1.00
2018.05.30 09:55:43.000,0.76079,0.76094,1.20,1.00
2018.05.30 09:55:43.201,0.7608,0.76097,1.20,1.00
2018.05.30 09:55:43.851,0.7608,0.76097,1.95,1.00
2018.05.30 09:55:45.216,0.76079,0.76096,1.10,1.00
2018.05.30 09:55:45.267,0.76081,0.76096,1.20,1.00
2018.05.30 09:55:45.369,0.7608,0.76095,1.10,1.00
2018.05.30 09:55:46.540,0.7608,0.76095,1.45,1.00
2018.05.30 09:55:47.907,0.76081,0.76096,1.10,1.00
2018.05.30 09:55:48.471,0.7608,0.76095,1.20,1.00
2018.05.30 09:55:48.716,0.76079,0.76094,1.20,1.00
2018.05.30 09:55:49.019,0.76079,0.76094,1.45,1.00
2018.05.30 09:55:49.533,0.76079,0.76094,1.10,1.00
2018.05.30 09:55:49.754,0.7608,0.76096,1.00,1.00
2018.05.30 09:55:49.806,0.76078,0.76093,1.10,1.00
2018.05.30 09:55:50.059,0.76079,0.76096,1.07,1.00
2018.05.30 09:55:50.568,0.76078,0.76095,1.10,1.00
2018.05.30 09:55:51.101,0.76081,0.76095,1.00,1.00
2018.05.30 09:55:51.603,0.76081,0.76096,1.00,1.00
2018.05.30 09:55:52.784,0.76082,0.76097,1.00,1.00
2018.05.30 09:55:53.474,0.76081,0.76096,1.00,1.00
2018.05.30 09:55:54.136,0.76082,0.76097,1.00,1.00
2018.05.30 09:55:54.970,0.76081,0.76096,1.00,1.00
2018.05.30 09:55:56.065,0.76082,0.76097,1.00,1.00
2018.05.30 09:55:57.155,0.7608,0.76097,1.10,1.00
2018.05.30 09:55:57.650,0.76082,0.76097,1.00,1.00
2018.05.30 09:55:57.754,0.7608,0.76096,1.10,1.00
2018.05.30 09:55:58.286,0.76081,0.76096,1.00,1.00
2018.05.30 09:55:59.201,0.7608,0.76095,1.00,1.00
2018.05.30 09:56:00.290,0.7608,0.76096,1.00,1.00
2018.05.30 09:56:00.342,0.76079,0.76094,1.00,1.00
2018.05.30 09:56:01.820,0.76078,0.76093,1.10,1.00
2018.05.30 09:56:02.380,0.76079,0.76094,1.00,1.00
2018.05.30 09:56:03.610,0.76078,0.76094,1.00,1.00
2018.05.30 09:56:03.915,0.76077,0.76092,1.00,1.00
2018.05.30 09:56:04.205,0.76075,0.76091,1.10,1.00
2018.05.30 09:56:04.738,0.76073,0.76091,1.20,1.00
2018.05.30 09:56:05.286,0.76075,0.7609,1.00,1.00
2018.05.30 09:56:06.009,0.76077,0.76092,1.00,1.00
2018.05.30 09:56:06.516,0.76076,0.76093,1.10,1.00
2018.05.30 09:56:06.995,0.76076,0.76091,1.10,1.00
2018.05.30 09:56:07.325,0.76073,0.7609,1.57,1.00
2018.05.30 09:56:07.375,0.76073,0.76088,1.10,1.00
2018.05.30 09:56:07.527,0.7607,0.76088,3.07,1.00
2018.05.30 09:56:07.982,0.76073,0.76088,1.00,1.00
2018.05.30 09:56:09.677,0.76073,0.76087,1.00,1.00
2018.05.30 09:56:10.060,0.76072,0.76089,1.00,1.00
2018.05.30 09:56:10.212,0.76072,0.76087,1.00,1.00
2018.05.30 09:56:10.720,0.76071,0.76086,1.00,1.00
2018.05.30 09:56:11.075,0.76073,0.76088,1.00,1.00
2018.05.30 09:56:11.317,0.7607,0.76088,1.57,1.00
2018.05.30 09:56:11.559,0.76073,0.76088,1.00,1.00
2018.05.30 09:56:11.610,0.76072,0.7609,1.10,1.00
2018.05.30 09:56:11.762,0.76072,0.76088,1.10,1.00
2018.05.30 09:56:12.329,0.76072,0.76087,1.00,1.00
2018.05.30 09:56:12.853,0.76072,0.76087,1.20,1.00
2018.05.30 09:56:13.031,0.76074,0.76089,1.00,1.00
2018.05.30 09:56:13.568,0.76073,0.76088,1.10,1.00
2018.05.30 09:56:14.952,0.76072,0.76086,1.20,1.00
2018.05.30 09:56:15.087,0.76071,0.76086,1.20,1.00
2018.05.30 09:56:15.611,0.7607,0.76085,1.10,1.00
2018.05.30 09:56:17.987,0.76071,0.76086,1.00,1.00
2018.05.30 09:56:18.089,0.76073,0.76088,1.00,1.00
2018.05.30 09:56:18.140,0.76073,0.7609,1.00,1.50
2018.05.30 09:56:18.292,0.76072,0.76088,1.45,1.00
2018.05.30 09:56:18.789,0.76071,0.76089,1.20,1.00
2018.05.30 09:56:19.313,0.76072,0.76087,1.20,1.00
2018.05.30 09:56:19.863,0.76072,0.7609,1.20,1.00
2018.05.30 09:56:20.408,0.76074,0.7609,1.00,1.00
2018.05.30 09:56:20.954,0.76074,0.76089,1.00,1.00
2018.05.30 09:56:21.541,0.76073,0.76089,1.20,1.00
2018.05.30 09:56:22.047,0.76072,0.76089,1.10,1.00
2018.05.30 09:56:22.627,0.76072,0.76089,1.45,1.00
2018.05.30 09:56:23.471,0.76073,0.76088,1.20,1.00
2018.05.30 09:56:23.993,0.76073,0.76088,1.10,1.00
2018.05.30 09:56:24.855,0.76072,0.76087,1.10,1.00
2018.05.30 09:56:25.388,0.76071,0.76087,1.10,1.00
2018.05.30 09:56:25.721,0.76072,0.76088,2.70,1.00
2018.05.30 09:56:26.542,0.76072,0.76088,1.10,1.00
2018.05.30 09:56:27.311,0.76071,0.76088,1.20,1.00
2018.05.30 09:56:27.889,0.76071,0.76088,1.20,1.00
2018.05.30 09:56:28.546,0.76071,0.76088,1.10,1.00
2018.05.30 09:56:28.875,0.76071,0.76086,1.10,1.00
2018.05.30 09:56:32.551,0.76072,0.76087,1.00,1.00
2018.05.30 09:56:32.923,0.76069,0.76084,1.20,1.00
2018.05.30 09:56:33.024,0.76067,0.76084,1.10,1.00
2018.05.30 09:56:33.530,0.76068,0.76083,1.10,1.00
2018.05.30 09:56:33.727,0.76065,0.76082,1.20,1.00
2018.05.30 09:56:34.259,0.76066,0.76081,1.10,1.00
2018.05.30 09:56:34.790,0.76067,0.76082,1.00,1.00
2018.05.30 09:56:35.715,0.76065,0.76082,1.20,1.00
2018.05.30 09:56:35.816,0.76064,0.76081,1.10,1.00
2018.05.30 09:56:36.703,0.76063,0.76081,1.10,1.00
2018.05.30 09:56:36.754,0.76063,0.76081,1.45,1.00
2018.05.30 09:56:36.856,0.76063,0.76081,1.10,1.00
2018.05.30 09:56:37.306,0.76061,0.76079,1.95,1.00
2018.05.30 09:56:37.629,0.76066,0.76081,1.00,1.00
2018.05.30 09:56:38.193,0.76067,0.76082,1.10,1.00
2018.05.30 09:56:38.497,0.76069,0.76083,1.00,1.00
2018.05.30 09:56:39.078,0.76068,0.76083,1.10,1.00
2018.05.30 09:56:40.453,0.76069,0.76084,1.00,1.00
2018.05.30 09:56:40.963,0.76067,0.76084,1.20,1.00
2018.05.30 09:56:41.492,0.76067,0.76083,1.20,1.00
2018.05.30 09:56:42.021,0.76067,0.76082,1.10,1.00
2018.05.30 09:56:42.657,0.76067,0.76082,1.20,1.00
2018.05.30 09:56:43.234,0.76067,0.76082,1.20,1.00
2018.05.30 09:56:43.762,0.76068,0.76083,1.10,1.00
2018.05.30 09:56:44.874,0.76067,0.76082,1.20,1.00
2018.05.30 09:56:46.449,0.76068,0.76083,1.10,1.00
2018.05.30 09:56:47.009,0.76068,0.76082,1.00,1.00
2018.05.30 09:56:48.198,0.76067,0.76082,1.00,1.00
2018.05.30 09:56:49.026,0.76068,0.76083,1.00,1.00
2018.05.30 09:56:50.613,0.76068,0.76082,1.10,1.00
2018.05.30 09:56:50.792,0.76068,0.76084,1.10,1.00
2018.05.30 09:56:51.601,0.76068,0.76083,1.10,1.00
2018.05.30 09:56:53.852,0.76067,0.76082,1.20,1.00
2018.05.30 09:56:54.387,0.76067,0.76082,1.20,1.00
2018.05.30 09:56:54.993,0.76066,0.76083,1.10,1.00
2018.05.30 09:56:55.162,0.76063,0.76077,1.45,1.00
2018.05.30 09:56:55.213,0.76062,0.76077,1.45,1.00
2018.05.30 09:56:55.868,0.76062,0.76077,1.20,1.00
2018.05.30 09:56:56.560,0.76062,0.76077,1.20,1.00
2018.05.30 09:56:56.712,0.76062,0.76079,1.20,1.00
2018.05.30 09:56:57.557,0.76062,0.76077,1.45,1.00
2018.05.30 09:56:58.807,0.76063,0.76078,1.10,1.00
2018.05.30 09:56:59.590,0.76064,0.76079,1.10,1.00
2018.05.30 09:57:00.102,0.76062,0.76077,1.45,1.00
2018.05.30 09:57:00.456,0.76063,0.76082,1.00,1.50
2018.05.30 09:57:01.022,0.76063,0.76082,1.20,1.00
2018.05.30 09:57:03.271,0.76063,0.7608,1.20,1.00
2018.05.30 09:57:04.565,0.76064,0.76081,1.10,1.00
2018.05.30 09:57:04.908,0.76062,0.76079,1.20,1.00
2018.05.30 09:57:05.444,0.76063,0.7608,1.20,1.00
2018.05.30 09:57:06.023,0.76062,0.76081,1.95,1.00
2018.05.30 09:57:06.367,0.76063,0.76078,1.10,1.00
2018.05.30 09:57:06.871,0.76062,0.76081,1.20,1.00
2018.05.30 09:57:07.381,0.76064,0.76081,1.00,1.00
2018.05.30 09:57:09.648,0.76063,0.76079,1.00,1.00
2018.05.30 09:57:09.956,0.76062,0.76077,1.00,1.00
2018.05.30 09:57:12.128,0.76062,0.76079,1.00,1.00
2018.05.30 09:57:12.179,0.76062,0.76077,1.00,1.00
2018.05.30 09:57:13.365,0.76063,0.76078,1.00,1.00
2018.05.30 09:57:13.724,0.76067,0.76082,1.00,1.10
2018.05.30 09:57:14.457,0.76066,0.76081,1.00,1.00
2018.05.30 09:57:14.764,0.76065,0.76079,1.00,1.00
2018.05.30 09:57:15.315,0.76065,0.7608,1.00,1.00
2018.05.30 09:57:15.859,0.76066,0.76081,1.00,1.00
2018.05.30 09:57:16.548,0.76065,0.7608,1.00,1.00
2018.05.30 09:57:17.222,0.76063,0.76079,1.00,1.00
2018.05.30 09:57:17.273,0.7606,0.76075,3.00,1.00
2018.05.30 09:57:17.784,0.76059,0.76075,1.00,1.00
2018.05.30 09:57:17.887,0.7606,0.76077,1.00,1.00
2018.05.30 09:57:17.938,0.76062,0.76077,1.00,1.00
2018.05.30 09:57:18.040,0.76062,0.76079,1.00,1.00
2018.05.30 09:57:18.189,0.76064,0.76079,1.00,1.00
2018.05.30 09:57:20.217,0.76065,0.76079,1.00,1.00
2018.05.30 09:57:20.323,0.76058,0.76075,1.57,1.00
2018.05.30 09:57:20.821,0.76058,0.76073,1.00,1.00
2018.05.30 09:57:21.442,0.76058,0.76072,1.00,1.00
2018.05.30 09:57:22.001,0.76057,0.76072,1.00,1.00
2018.05.30 09:57:23.314,0.76058,0.76073,1.00,1.00
2018.05.30 09:57:24.128,0.76058,0.76075,1.00,1.50
2018.05.30 09:57:26.619,0.7606,0.76075,1.00,1.00
2018.05.30 09:57:27.294,0.76061,0.76076,1.00,1.00
2018.05.30 09:57:27.345,0.76059,0.76078,1.00,1.50
2018.05.30 09:57:27.396,0.76062,0.76077,1.00,1.00
2018.05.30 09:57:27.653,0.7606,0.76077,1.00,1.00
2018.05.30 09:57:29.061,0.76062,0.76077,1.00,1.00
2018.05.30 09:57:29.578,0.76063,0.76078,1.00,1.00
2018.05.30 09:57:30.050,0.76063,0.7608,1.00,1.00
2018.05.30 09:57:30.202,0.76065,0.76082,1.00,1.57
2018.05.30 09:57:30.508,0.76064,0.7608,1.00,1.00
2018.05.30 09:57:31.175,0.76064,0.76079,1.00,1.00
2018.05.30 09:57:31.734,0.76063,0.76078,1.00,1.00
2018.05.30 09:57:32.321,0.76064,0.76078,1.00,1.00
2018.05.30 09:57:33.239,0.76064,0.76079,1.00,1.00
2018.05.30 09:57:34.450,0.76063,0.76078,1.00,1.00
2018.05.30 09:57:34.552,0.76064,0.7608,1.00,1.00
2018.05.30 09:57:34.956,0.76063,0.76078,1.00,1.00
2018.05.30 09:57:35.473,0.76063,0.76081,1.00,1.00
2018.05.30 09:57:35.523,0.76063,0.76079,1.00,1.00
2018.05.30 09:57:35.978,0.76064,0.76082,1.00,1.57
2018.05.30 09:57:36.133,0.76064,0.7608,1.00,1.00
2018.05.30 09:57:36.654,0.76065,0.76081,1.00,1.00
2018.05.30 09:57:37.166,0.76064,0.7608,1.00,1.00
2018.05.30 09:57:37.690,0.76063,0.76079,1.00,1.00
2018.05.30 09:57:38.069,0.76065,0.76081,1.00,1.00
2018.05.30 09:57:38.674,0.76064,0.76081,1.10,1.00
2018.05.30 09:57:39.009,0.76066,0.76081,1.00,1.00
2018.05.30 09:57:39.588,0.76066,0.76083,1.00,1.00
2018.05.30 09:57:39.852,0.76065,0.76081,1.00,1.00
2018.05.30 09:57:40.197,0.76067,0.76082,1.00,1.00
2018.05.30 09:57:40.718,0.76068,0.76083,1.00,1.00
2018.05.30 09:57:41.074,0.76066,0.76082,1.00,1.00
2018.05.30 09:57:41.611,0.76067,0.76082,1.00,1.00
2018.05.30 09:57:42.949,0.76066,0.76081,1.00,1.00
2018.05.30 09:57:43.051,0.76064,0.76082,2.32,1.00
2018.05.30 09:57:43.102,0.76066,0.76082,1.00,1.00
2018.05.30 09:57:43.635,0.76066,0.76081,1.00,1.00
2018.05.30 09:57:43.686,0.76066,0.76084,1.00,1.10
2018.05.30 09:57:43.737,0.76067,0.76082,1.00,1.00
2018.05.30 09:57:43.890,0.76065,0.76082,1.00,1.00
2018.05.30 09:57:44.033,0.76064,0.7608,1.00,1.00
2018.05.30 09:57:44.540,0.76065,0.76081,1.00,1.00
2018.05.30 09:57:44.864,0.76064,0.76079,2.25,1.00
2018.05.30 09:57:45.352,0.76066,0.76081,1.00,1.00
2018.05.30 09:57:45.759,0.76068,0.76082,1.00,1.00
2018.05.30 09:57:46.292,0.76068,0.76083,1.00,1.00
2018.05.30 09:57:48.644,0.76069,0.76083,1.00,1.00
2018.05.30 09:57:49.202,0.76068,0.76083,1.00,1.00
2018.05.30 09:57:49.717,0.7607,0.76085,1.00,1.00
2018.05.30 09:57:50.026,0.76068,0.76083,1.00,1.00
2018.05.30 09:57:50.606,0.76067,0.76084,1.00,1.00
2018.05.30 09:57:51.364,0.76068,0.76083,1.00,1.00
2018.05.30 09:57:52.054,0.76068,0.76082,1.00,1.00
2018.05.30 09:57:52.961,0.76067,0.76082,1.00,1.00
2018.05.30 09:57:53.012,0.76067,0.76084,1.00,1.00
2018.05.30 09:57:53.064,0.76069,0.76083,1.00,1.00
2018.05.30 09:57:53.677,0.76069,0.76084,1.00,1.00
2018.05.30 09:57:53.985,0.76065,0.76082,2.70,1.00
2018.05.30 09:57:54.137,0.76065,0.76082,2.32,1.00
2018.05.30 09:57:54.188,0.76068,0.76083,1.00,1.00
2018.05.30 09:57:54.700,0.76067,0.76084,1.00,1.00
2018.05.30 09:57:55.095,0.76066,0.76082,1.00,1.00
2018.05.30 09:57:55.401,0.76064,0.76079,1.00,1.00
2018.05.30 09:57:55.979,0.76065,0.7608,1.00,1.00
2018.05.30 09:57:56.592,0.76064,0.76079,1.00,1.00
2018.05.30 09:57:57.037,0.76066,0.76081,1.00,1.00
2018.05.30 09:57:57.577,0.76065,0.76081,2.25,1.00
2018.05.30 09:57:57.979,0.76067,0.76081,1.00,1.00
2018.05.30 09:57:58.082,0.76068,0.76083,1.00,1.00
2018.05.30 09:58:01.200,0.76067,0.76082,1.00,1.00
2018.05.30 09:58:02.744,0.76067,0.76084,1.00,1.00
2018.05.30 09:58:03.088,0.76069,0.76083,1.00,1.00
2018.05.30 09:58:03.291,0.76067,0.76082,1.00,1.00
2018.05.30 09:58:03.734,0.76064,0.76081,1.00,1.00
2018.05.30 09:58:04.524,0.76065,0.76079,1.00,1.00
2018.05.30 09:58:05.095,0.76065,0.7608,1.00,1.00
2018.05.30 09:58:05.662,0.76063,0.7608,1.00,1.00
2018.05.30 09:58:05.764,0.76065,0.76081,1.00,1.00
2018.05.30 09:58:06.414,0.76065,0.7608,1.00,1.00
2018.05.30 09:58:06.781,0.76067,0.76084,1.00,1.00
2018.05.30 09:58:06.884,0.76067,0.76082,1.00,1.00
2018.05.30 09:58:07.190,0.76065,0.76079,1.00,1.00
2018.05.30 09:58:07.783,0.76065,0.76082,1.00,1.00
2018.05.30 09:58:07.834,0.76067,0.76082,1.00,1.00
2018.05.30 09:58:08.359,0.76066,0.76081,1.00,1.00
2018.05.30 09:58:09.563,0.76066,0.7608,1.00,1.00
2018.05.30 09:58:10.119,0.76066,0.76081,1.00,1.00
2018.05.30 09:58:10.741,0.76067,0.76081,1.00,1.00
2018.05.30 09:58:11.323,0.76066,0.76081,1.00,1.00
2018.05.30 09:58:12.374,0.76067,0.76082,1.00,1.00
2018.05.30 09:58:12.852,0.76065,0.76082,1.00,1.00
2018.05.30 09:58:13.077,0.76064,0.76079,1.00,1.00
2018.05.30 09:58:13.379,0.76067,0.76082,1.00,1.00
2018.05.30 09:58:13.888,0.76066,0.76083,1.00,1.00
2018.05.30 09:58:14.436,0.76066,0.76082,1.00,1.00
2018.05.30 09:58:14.989,0.76067,0.76082,1.00,1.00
2018.05.30 09:58:15.092,0.76066,0.76084,1.00,1.00
2018.05.30 09:58:15.194,0.76068,0.76085,1.00,1.57
2018.05.30 09:58:15.567,0.76067,0.76083,1.00,1.00
2018.05.30 09:58:16.391,0.76065,0.76081,2.25,1.00
2018.05.30 09:58:16.493,0.76063,0.7608,1.50,1.00
2018.05.30 09:58:16.714,0.76065,0.7608,1.00,1.00
2018.05.30 09:58:17.723,0.76064,0.7608,1.00,1.00
2018.05.30 09:58:18.032,0.76067,0.76083,1.00,1.10
2018.05.30 09:58:18.819,0.76067,0.76082,1.00,1.00
2018.05.30 09:58:19.789,0.76067,0.76083,1.00,1.00
2018.05.30 09:58:20.537,0.76066,0.76082,1.00,1.00
2018.05.30 09:58:21.039,0.76066,0.76081,1.00,1.00
2018.05.30 09:58:21.929,0.76066,0.76082,1.00,1.00
2018.05.30 09:58:22.237,0.76065,0.7608,1.00,1.00
2018.05.30 09:58:22.402,0.76064,0.76082,1.00,1.00
2018.05.30 09:58:22.758,0.76065,0.7608,1.00,1.00
2018.05.30 09:58:23.640,0.76066,0.76081,1.00,1.00
2018.05.30 09:58:23.919,0.7606,0.76077,1.00,1.00
2018.05.30 09:58:24.173,0.7606,0.76075,1.00,1.00
2018.05.30 09:58:24.616,0.76058,0.76073,1.10,1.00
2018.05.30 09:58:24.937,0.76057,0.76075,1.00,1.00
2018.05.30 09:58:25.038,0.76059,0.76074,1.00,1.00
2018.05.30 09:58:26.028,0.7606,0.76075,1.00,1.00
2018.05.30 09:58:26.181,0.76058,0.76075,1.00,1.00
2018.05.30 09:58:26.233,0.7606,0.76075,1.00,1.00
2018.05.30 09:58:26.787,0.76059,0.76074,1.00,1.00
2018.05.30 09:58:27.614,0.76059,0.76075,1.00,1.00
2018.05.30 09:58:27.665,0.7606,0.76077,1.00,1.50
2018.05.30 09:58:27.716,0.76062,0.76077,1.00,1.50
2018.05.30 09:58:28.258,0.76063,0.76078,1.00,1.00
2018.05.30 09:58:29.107,0.76062,0.7608,1.00,1.00
2018.05.30 09:58:29.158,0.76064,0.76079,1.00,1.00
2018.05.30 09:58:29.662,0.76065,0.76081,1.00,1.00
2018.05.30 09:58:30.187,0.76066,0.76082,1.00,1.00
2018.05.30 09:58:30.339,0.76065,0.7608,1.00,1.00
2018.05.30 09:58:30.569,0.76061,0.7608,1.00,1.00
2018.05.30 09:58:30.621,0.76062,0.76078,1.00,1.00
2018.05.30 09:58:31.408,0.76061,0.76077,1.10,1.00
2018.05.30 09:58:32.109,0.76061,0.76079,1.00,1.00
2018.05.30 09:58:32.692,0.76061,0.76078,1.00,1.00
2018.05.30 09:58:34.087,0.76061,0.76076,1.00,1.00
2018.05.30 09:58:34.670,0.7606,0.76076,1.00,1.00
2018.05.30 09:58:35.026,0.76062,0.76077,1.00,1.00
2018.05.30 09:58:35.671,0.76061,0.76078,1.00,1.00
2018.05.30 09:58:36.058,0.76063,0.7608,1.00,1.00
2018.05.30 09:58:36.410,0.76065,0.76082,1.00,1.00
2018.05.30 09:58:36.860,0.76067,0.76082,1.00,1.00
2018.05.30 09:58:37.114,0.76065,0.76081,1.00,1.00
2018.05.30 09:58:37.483,0.76067,0.76082,1.00,1.00
2018.05.30 09:58:37.636,0.76065,0.76082,1.00,1.00
2018.05.30 09:58:37.790,0.76067,0.76083,1.00,1.00
2018.05.30 09:58:38.349,0.76066,0.76083,1.00,1.00
2018.05.30 09:58:38.552,0.76068,0.76086,1.00,1.20
2018.05.30 09:58:38.654,0.7607,0.76087,1.00,1.10
2018.05.30 09:58:39.311,0.7607,0.76086,1.00,1.00
2018.05.30 09:58:39.835,0.76069,0.76087,1.00,1.00
2018.05.30 09:58:40.350,0.7607,0.76085,1.00,1.00
2018.05.30 09:58:40.472,0.7607,0.76087,1.00,1.00
2018.05.30 09:58:41.277,0.7607,0.76086,1.00,1.00
2018.05.30 09:58:41.694,0.76072,0.76088,1.00,1.00
2018.05.30 09:58:41.999,0.76076,0.76091,1.00,1.00
2018.05.30 09:58:42.178,0.76076,0.76094,1.00,1.50
2018.05.30 09:58:42.229,0.76077,0.76092,1.00,1.00
2018.05.30 09:58:42.779,0.76077,0.76093,1.00,1.00
2018.05.30 09:58:43.113,0.76079,0.76094,1.00,1.00
2018.05.30 09:58:43.672,0.76078,0.76093,1.00,1.00
2018.05.30 09:58:44.195,0.76077,0.76094,1.10,1.00
2018.05.30 09:58:44.708,0.76078,0.76093,1.00,1.00
2018.05.30 09:58:44.844,0.76076,0.76093,1.00,1.00
2018.05.30 09:58:45.890,0.76076,0.76095,1.00,1.00
2018.05.30 09:58:45.940,0.76077,0.76093,1.00,1.00
2018.05.30 09:58:46.260,0.7608,0.76095,1.00,1.00
2018.05.30 09:58:47.487,0.76079,0.76094,1.00,1.00
2018.05.30 09:58:47.990,0.76081,0.76097,1.00,1.00
2018.05.30 09:58:48.175,0.76079,0.76097,1.00,1.00
2018.05.30 09:58:48.225,0.7608,0.76095,1.00,1.00
2018.05.30 09:58:48.726,0.76079,0.76094,1.00,1.00
2018.05.30 09:58:49.486,0.76078,0.76093,1.00,1.00
2018.05.30 09:58:50.317,0.76077,0.76093,1.00,1.00
2018.05.30 09:58:50.836,0.76076,0.76093,1.00,1.00
2018.05.30 09:58:51.362,0.76077,0.76092,1.00,1.00
2018.05.30 09:58:51.685,0.76075,0.76092,1.00,1.00
2018.05.30 09:58:51.787,0.76075,0.76094,1.00,1.00
2018.05.30 09:58:52.066,0.76077,0.76093,1.00,1.00
2018.05.30 09:58:52.167,0.76075,0.76093,1.10,1.00
2018.05.30 09:58:52.218,0.76077,0.76092,1.00,1.00
2018.05.30 09:58:52.269,0.76076,0.76094,1.00,1.00
2018.05.30 09:58:52.442,0.76078,0.76093,1.00,1.00
2018.05.30 09:58:52.949,0.76077,0.76093,1.00,1.00
2018.05.30 09:58:53.287,0.7608,0.76096,1.00,1.00
2018.05.30 09:58:53.662,0.76082,0.76097,1.00,1.00
2018.05.30 09:58:53.764,0.7608,0.76097,1.00,1.00
2018.05.30 09:58:53.865,0.76078,0.76096,1.57,1.00
2018.05.30 09:58:54.368,0.76078,0.76094,1.00,1.00
2018.05.30 09:58:54.784,0.7608,0.76096,1.00,1.00
2018.05.30 09:58:55.240,0.76078,0.76093,1.50,1.00
2018.05.30 09:58:55.930,0.76076,0.76093,1.57,1.00
2018.05.30 09:58:56.451,0.76077,0.76094,1.00,1.00
2018.05.30 09:58:57.046,0.76078,0.76093,1.00,1.00
2018.05.30 09:58:57.604,0.76076,0.76094,1.57,1.00
2018.05.30 09:58:57.884,0.76078,0.76094,1.00,1.00
2018.05.30 09:58:58.261,0.7608,0.76095,1.00,1.00
2018.05.30 09:58:58.312,0.76078,0.76094,1.00,1.00
2018.05.30 09:58:58.819,0.76079,0.76094,1.00,1.00
2018.05.30 09:58:59.383,0.76081,0.76098,3.00,1.50
2018.05.30 09:58:59.434,0.76088,0.761,1.00,1.07
2018.05.30 09:58:59.485,0.76093,0.76106,1.00,1.00
2018.05.30 09:58:59.536,0.76096,0.7611,2.25,1.00
2018.05.30 09:58:59.587,0.76098,0.76112,1.00,1.10
2018.05.30 09:58:59.689,0.76094,0.76115,1.95,1.00
2018.05.30 09:58:59.863,0.76101,0.76117,1.00,1.00
2018.05.30 09:59:00.067,0.76098,0.76118,1.00,1.00
2018.05.30 09:59:00.307,0.76097,0.76116,1.20,1.00
2018.05.30 09:59:00.853,0.76099,0.76114,1.00,1.00
2018.05.30 09:59:01.354,0.76098,0.76113,1.00,1.00
2018.05.30 09:59:01.435,0.76097,0.76115,1.10,1.00
2018.05.30 09:59:01.586,0.76094,0.76113,1.45,1.00
2018.05.30 09:59:01.637,0.76094,0.76112,1.00,1.00
2018.05.30 09:59:01.688,0.76092,0.76108,1.57,1.00
2018.05.30 09:59:01.940,0.76091,0.76108,1.00,1.00
2018.05.30 09:59:02.069,0.76093,0.76108,1.00,1.00
2018.05.30 09:59:02.396,0.76091,0.76107,1.00,1.00
2018.05.30 09:59:02.497,0.76093,0.76111,1.00,1.50
2018.05.30 09:59:02.598,0.76096,0.76113,1.00,1.57
2018.05.30 09:59:03.131,0.76097,0.76112,1.00,1.00
2018.05.30 09:59:03.684,0.76096,0.76111,1.00,1.00
2018.05.30 09:59:03.987,0.76094,0.7611,1.10,1.00
2018.05.30 09:59:04.142,0.76096,0.76111,1.00,1.00
2018.05.30 09:59:04.570,0.76098,0.76113,1.00,1.00
2018.05.30 09:59:04.773,0.76095,0.76113,1.00,1.00
2018.05.30 09:59:05.461,0.76097,0.76112,1.00,1.00
2018.05.30 09:59:05.916,0.76095,0.76111,1.00,1.00
2018.05.30 09:59:06.029,0.76094,0.76113,1.00,1.00
2018.05.30 09:59:06.083,0.76094,0.76109,1.50,1.00
2018.05.30 09:59:06.714,0.76096,0.76112,1.00,1.00
2018.05.30 09:59:06.765,0.76094,0.76109,1.00,1.00
2018.05.30 09:59:06.817,0.76091,0.76109,1.07,1.00
2018.05.30 09:59:06.868,0.76092,0.76107,1.10,1.00
2018.05.30 09:59:07.019,0.7609,0.76107,2.32,1.00
2018.05.30 09:59:07.461,0.76092,0.76107,1.00,1.00
2018.05.30 09:59:07.664,0.76092,0.76109,1.00,1.00
2018.05.30 09:59:07.766,0.76091,0.76106,1.00,1.00
2018.05.30 09:59:08.846,0.7609,0.76106,1.00,1.00
2018.05.30 09:59:09.620,0.76091,0.76106,1.00,1.00
2018.05.30 09:59:09.826,0.76092,0.76109,1.00,1.00
2018.05.30 09:59:10.179,0.76089,0.76105,1.10,1.00
2018.05.30 09:59:10.280,0.76085,0.76103,1.00,1.00
2018.05.30 09:59:10.331,0.76091,0.76104,1.00,1.00
2018.05.30 09:59:10.484,0.76091,0.76107,1.00,1.00
2018.05.30 09:59:11.044,0.7609,0.76106,1.00,1.00
2018.05.30 09:59:11.355,0.76092,0.76107,1.00,1.00
2018.05.30 09:59:11.406,0.7609,0.76108,1.10,1.00
2018.05.30 09:59:11.743,0.76092,0.76107,1.00,1.00
2018.05.30 09:59:12.366,0.76091,0.76107,1.00,1.00
2018.05.30 09:59:12.851,0.7609,0.76105,1.00,1.00
2018.05.30 09:59:12.902,0.76089,0.76107,1.50,1.00
2018.05.30 09:59:13.447,0.76091,0.76108,1.50,1.00
2018.05.30 09:59:13.793,0.76091,0.76106,2.25,1.00
2018.05.30 09:59:14.326,0.7609,0.76107,1.00,1.00
2018.05.30 09:59:14.652,0.76092,0.76108,1.00,1.00
2018.05.30 09:59:15.360,0.76091,0.76109,1.50,1.00
2018.05.30 09:59:15.688,0.76092,0.76107,1.00,1.00
2018.05.30 09:59:16.868,0.76093,0.76109,1.00,1.10
2018.05.30 09:59:16.970,0.76094,0.76111,1.00,1.00
2018.05.30 09:59:17.173,0.76094,0.76109,1.00,1.00
2018.05.30 09:59:17.613,0.76091,0.76109,1.00,1.00
2018.05.30 09:59:17.668,0.76092,0.76107,1.00,1.00
2018.05.30 09:59:18.171,0.76091,0.76106,1.00,1.00
2018.05.30 09:59:18.874,0.76092,0.76107,1.00,1.00
2018.05.30 09:59:19.477,0.76091,0.76107,1.00,1.00
2018.05.30 09:59:19.945,0.76093,0.76108,1.00,1.00
2018.05.30 09:59:20.507,0.76092,0.76108,1.00,1.00
2018.05.30 09:59:20.860,0.7609,0.76108,1.00,1.00
2018.05.30 09:59:20.911,0.76092,0.76107,1.00,1.00
2018.05.30 09:59:20.962,0.7609,0.76106,1.00,1.00
2018.05.30 09:59:21.274,0.76087,0.76104,2.32,1.00
2018.05.30 09:59:21.478,0.76089,0.76106,1.00,1.00
2018.05.30 09:59:21.579,0.76087,0.76104,1.10,1.00
2018.05.30 09:59:21.882,0.76086,0.76102,1.10,1.00
2018.05.30 09:59:22.080,0.76088,0.76105,1.00,1.00
2018.05.30 09:59:22.288,0.76091,0.76106,1.00,1.00
2018.05.30 09:59:22.338,0.76089,0.76106,1.00,1.00
2018.05.30 09:59:22.389,0.76091,0.76106,1.00,1.00
2018.05.30 09:59:22.490,0.76089,0.76105,1.00,1.00
2018.05.30 09:59:23.003,0.7609,0.76106,1.00,1.00
2018.05.30 09:59:23.053,0.76092,0.76107,1.00,1.00
2018.05.30 09:59:23.105,0.76093,0.76109,1.00,1.00
2018.05.30 09:59:23.178,0.76095,0.76112,1.00,1.50
2018.05.30 09:59:23.330,0.76095,0.7611,1.00,1.00
2018.05.30 09:59:23.663,0.76092,0.76107,1.00,1.00
2018.05.30 09:59:24.168,0.76093,0.76108,1.00,1.00
2018.05.30 09:59:25.934,0.76092,0.76107,1.00,1.00
2018.05.30 09:59:26.453,0.76094,0.76111,3.00,1.10
2018.05.30 09:59:26.504,0.76096,0.76111,1.00,1.10
2018.05.30 09:59:26.606,0.76094,0.76112,3.00,1.10
2018.05.30 09:59:26.656,0.76095,0.7611,1.00,1.00
2018.05.30 09:59:26.974,0.76094,0.76106,1.00,1.00
2018.05.30 09:59:27.076,0.76092,0.76105,1.00,1.00
2018.05.30 09:59:27.655,0.76092,0.76108,1.00,1.00
2018.05.30 09:59:27.807,0.76092,0.76106,1.00,1.00
2018.05.30 09:59:28.126,0.76092,0.76108,1.00,1.00
2018.05.30 09:59:28.297,0.76094,0.76109,1.00,1.00
2018.05.30 09:59:28.400,0.76096,0.76112,1.00,1.00
2018.05.30 09:59:28.451,0.76095,0.7611,2.32,1.00
2018.05.30 09:59:28.502,0.76095,0.76112,2.32,1.00
2018.05.30 09:59:28.824,0.76095,0.76109,1.50,1.00
2018.05.30 09:59:29.354,0.76095,0.7611,1.00,1.00
2018.05.30 09:59:29.855,0.76094,0.76109,1.50,1.00
2018.05.30 09:59:30.459,0.76095,0.7611,1.00,1.00
2018.05.30 09:59:31.062,0.76094,0.76109,1.00,1.00
2018.05.30 09:59:31.636,0.76092,0.76108,1.50,1.00
2018.05.30 09:59:32.183,0.76093,0.76109,1.00,1.00
2018.05.30 09:59:32.363,0.76091,0.76112,1.50,2.12
2018.05.30 09:59:32.414,0.76091,0.76109,1.00,2.55
2018.05.30 09:59:32.618,0.76089,0.76106,1.00,1.00
2018.05.30 09:59:32.770,0.76089,0.76104,1.00,1.00
2018.05.30 09:59:33.289,0.76089,0.76105,1.00,1.00
2018.05.30 09:59:33.545,0.7609,0.76107,1.50,1.00
2018.05.30 09:59:34.607,0.7609,0.76106,1.50,1.00
2018.05.30 09:59:35.110,0.7609,0.76105,1.50,1.00
2018.05.30 09:59:35.624,0.76091,0.76106,1.00,1.00
2018.05.30 09:59:36.141,0.7609,0.76105,1.50,1.00
2018.05.30 09:59:37.829,0.76088,0.76106,2.32,1.00
2018.05.30 09:59:37.932,0.76089,0.76104,1.00,1.00
2018.05.30 09:59:38.438,0.7609,0.76105,1.00,1.00
2018.05.30 09:59:40.469,0.76091,0.76108,1.00,1.00
2018.05.30 09:59:41.100,0.76092,0.76108,1.00,1.00
2018.05.30 09:59:41.606,0.76092,0.76107,1.50,1.00
2018.05.30 09:59:42.831,0.76093,0.76108,1.00,1.00
2018.05.30 09:59:43.164,0.76095,0.7611,1.00,1.00
2018.05.30 09:59:43.828,0.76094,0.76109,1.50,1.00
2018.05.30 09:59:44.349,0.76093,0.76109,1.00,1.00
2018.05.30 09:59:44.715,0.76091,0.76108,1.00,1.00
2018.05.30 09:59:45.121,0.76093,0.76108,1.00,1.00
2018.05.30 09:59:47.169,0.76092,0.76108,1.00,1.00
2018.05.30 09:59:47.730,0.76093,0.76108,1.00,1.00
2018.05.30 09:59:48.191,0.76095,0.76111,1.00,1.00
2018.05.30 09:59:48.718,0.76094,0.76111,1.00,1.00
2018.05.30 09:59:49.219,0.76096,0.76111,1.00,1.00
2018.05.30 09:59:49.735,0.76096,0.76112,1.00,1.00
2018.05.30 09:59:50.064,0.76095,0.7611,1.00,1.00
2018.05.30 09:59:50.807,0.76095,0.76111,1.00,1.00
2018.05.30 09:59:51.111,0.761,0.76116,1.50,1.00
2018.05.30 09:59:51.645,0.76101,0.76116,1.00,1.00
2018.05.30 09:59:52.202,0.761,0.76117,1.00,1.00
2018.05.30 09:59:52.742,0.76103,0.76118,1.00,1.00
2018.05.30 09:59:52.894,0.76104,0.7612,1.50,1.00
2018.05.30 09:59:53.271,0.76104,0.76122,1.00,1.00
2018.05.30 09:59:53.563,0.76105,0.7612,1.00,1.00
2018.05.30 09:59:54.400,0.76104,0.76122,1.00,1.00
2018.05.30 09:59:54.451,0.76104,0.7612,1.50,1.00
2018.05.30 09:59:54.786,0.76097,0.76112,1.00,1.00
2018.05.30 09:59:54.840,0.76094,0.76111,1.00,1.00
2018.05.30 09:59:54.891,0.76096,0.76112,1.00,1.00
2018.05.30 09:59:55.197,0.76098,0.76113,1.00,1.00
2018.05.30 09:59:56.120,0.76098,0.76112,1.00,1.00
2018.05.30 09:59:57.274,0.76098,0.76113,1.00,1.00
2018.05.30 09:59:57.794,0.76096,0.76114,1.00,1.00
2018.05.30 09:59:57.845,0.76096,0.76111,1.50,1.00
2018.05.30 09:59:57.997,0.76096,0.76113,1.50,1.00
2018.05.30 09:59:58.745,0.76096,0.76112,1.50,1.00
2018.05.30 09:59:59.301,0.76096,0.76113,1.50,1.00
2018.05.30 09:59:59.403,0.76098,0.76113,1.00,1.00
