2014.01.24 09:00:00.273,0.80832,0.80853,1.00,1.38
2014.01.24 09:00:00.656,0.80827,0.80853,1.00,1.38
2014.01.24 09:00:00.756,0.80826,0.80849,1.00,1.00
2014.01.24 09:00:01.189,0.80822,0.80848,1.00,1.00
2014.01.24 09:00:01.289,0.80817,0.80848,1.38,1.00
2014.01.24 09:00:01.392,0.80816,0.80844,1.38,1.00
2014.01.24 09:00:06.434,0.80816,0.80844,1.00,1.38
2014.01.24 09:00:06.585,0.80811,0.80839,1.13,1.00
2014.01.24 09:00:07.313,0.80812,0.80833,1.00,1.00
2014.01.24 09:00:08.564,0.80806,0.80839,1.38,1.38
2014.01.24 09:00:09.125,0.80807,0.80838,1.75,1.13
2014.01.24 09:00:09.714,0.80812,0.80838,1.00,1.13
2014.01.24 09:00:12.854,0.80811,0.80844,1.13,1.75
2014.01.24 09:00:13.700,0.80812,0.80838,1.13,1.00
2014.01.24 09:00:13.935,0.80812,0.80843,1.13,1.75
2014.01.24 09:00:13.985,0.80812,0.80843,1.38,1.50
2014.01.24 09:00:14.304,0.80821,0.80849,1.00,1.50
2014.01.24 09:00:14.663,0.80822,0.80853,1.38,1.75
2014.01.24 09:00:14.814,0.80822,0.80851,1.50,1.00
2014.01.24 09:00:15.385,0.80826,0.80851,1.00,1.00
2014.01.24 09:00:15.870,0.80826,0.80854,1.00,1.75
2014.01.24 09:00:17.475,0.80826,0.80854,1.00,1.75
2014.01.24 09:00:17.697,0.80822,0.80848,1.13,1.38
2014.01.24 09:00:18.354,0.80821,0.80844,1.38,1.38
2014.01.24 09:00:18.664,0.80826,0.80849,1.00,1.38
2014.01.24 09:00:18.714,0.80826,0.80849,1.00,1.38
2014.01.24 09:00:19.307,0.80822,0.80848,1.50,1.38
2014.01.24 09:00:19.413,0.80826,0.80849,1.00,1.38
2014.01.24 09:00:19.743,0.80822,0.80848,1.50,1.38
2014.01.24 09:00:19.963,0.80826,0.80849,1.00,1.38
2014.01.24 09:00:20.534,0.80822,0.80844,1.00,1.00
2014.01.24 09:00:20.685,0.80821,0.80844,1.38,1.38
2014.01.24 09:00:21.064,0.80816,0.80844,1.38,1.38
2014.01.24 09:00:22.854,0.80816,0.80844,1.50,1.38
2014.01.24 09:00:23.009,0.80816,0.80844,1.00,1.75
2014.01.24 09:00:23.429,0.80817,0.80843,1.38,1.38
2014.01.24 09:00:23.629,0.80817,0.80843,1.38,1.50
2014.01.24 09:00:24.283,0.80817,0.80843,1.00,1.50
2014.01.24 09:00:32.574,0.80817,0.80841,1.00,1.35
2014.01.24 09:00:32.775,0.80812,0.80838,1.00,1.00
2014.01.24 09:00:33.106,0.80817,0.80839,1.00,1.30
2014.01.24 09:00:33.792,0.80817,0.80843,1.00,1.75
2014.01.24 09:00:35.095,0.80817,0.80843,1.00,1.75
2014.01.24 09:00:35.195,0.80812,0.80838,1.13,1.00
2014.01.24 09:00:36.504,0.80816,0.8084,1.00,1.00
2014.01.24 09:00:37.405,0.80816,0.80844,1.38,1.75
2014.01.24 09:00:38.003,0.80816,0.80844,1.38,1.38
2014.01.24 09:00:38.431,0.80816,0.80844,1.38,1.00
2014.01.24 09:00:39.165,0.80822,0.80853,1.38,1.75
2014.01.24 09:00:40.202,0.80827,0.80853,1.00,1.75
2014.01.24 09:00:42.196,0.80822,0.80853,1.38,1.75
2014.01.24 09:00:47.176,0.80822,0.80853,1.38,1.75
2014.01.24 09:00:49.766,0.80822,0.80853,1.75,1.38
2014.01.24 09:00:50.039,0.80826,0.80854,1.50,1.73
2014.01.24 09:00:50.139,0.80831,0.80857,1.00,1.00
2014.01.24 09:00:50.340,0.80832,0.80853,1.00,1.00
2014.01.24 09:00:50.491,0.80827,0.80853,1.00,1.00
2014.01.24 09:00:51.014,0.80827,0.80853,1.38,1.00
2014.01.24 09:00:51.365,0.80832,0.80857,1.00,1.00
2014.01.24 09:01:04.861,0.80832,0.80858,1.50,1.00
2014.01.24 09:01:08.638,0.80836,0.80861,1.00,1.68
2014.01.24 09:01:09.409,0.80836,0.80863,1.00,1.35
2014.01.24 09:01:09.935,0.80836,0.80863,1.38,1.68
2014.01.24 09:01:10.823,0.80831,0.80859,1.50,1.00
2014.01.24 09:01:12.126,0.80832,0.80863,1.13,1.75
2014.01.24 09:01:12.780,0.80832,0.80863,1.13,1.75
2014.01.24 09:01:13.446,0.80832,0.80863,1.13,1.75
2014.01.24 09:01:18.632,0.80836,0.80864,1.00,1.75
2014.01.24 09:01:19.361,0.80836,0.80864,1.00,1.75
2014.01.24 09:01:23.852,0.80836,0.80861,1.00,1.35
2014.01.24 09:01:24.364,0.80836,0.80861,1.00,1.35
2014.01.24 09:01:27.382,0.80836,0.80861,1.00,1.35
2014.01.24 09:01:27.713,0.80841,0.80864,1.00,1.75
2014.01.24 09:01:28.286,0.80842,0.80865,1.00,1.35
2014.01.24 09:01:34.888,0.80842,0.8087,1.00,1.35
2014.01.24 09:01:36.071,0.80842,0.8087,1.00,1.35
2014.01.24 09:01:36.621,0.80842,0.8087,1.00,1.35
2014.01.24 09:01:37.172,0.80842,0.8087,1.00,1.35
2014.01.24 09:01:39.613,0.80837,0.80868,2.10,1.98
2014.01.24 09:01:42.342,0.80837,0.80867,2.10,1.30
2014.01.24 09:01:42.393,0.80837,0.80864,1.35,1.00
2014.01.24 09:01:42.703,0.80836,0.80864,1.38,1.98
2014.01.24 09:01:43.008,0.80836,0.80858,1.35,1.00
2014.01.24 09:01:43.059,0.80836,0.80864,2.10,1.38
2014.01.24 09:01:43.593,0.80836,0.80864,1.98,1.13
2014.01.24 09:01:47.309,0.80837,0.80863,2.10,1.00
2014.01.24 09:01:47.637,0.80842,0.80863,1.00,1.00
2014.01.24 09:01:49.644,0.80841,0.80869,1.60,1.38
2014.01.24 09:01:49.745,0.80846,0.80869,1.00,1.38
2014.01.24 09:01:49.796,0.80846,0.80869,1.00,1.00
2014.01.24 09:01:50.112,0.80846,0.80874,1.00,1.60
2014.01.24 09:01:50.364,0.80847,0.80876,1.00,1.30
2014.01.24 09:01:50.593,0.80847,0.80873,1.00,1.00
2014.01.24 09:01:52.796,0.80852,0.80873,1.00,1.00
2014.01.24 09:01:53.342,0.80856,0.80879,1.00,1.75
2014.01.24 09:01:53.442,0.80856,0.80879,1.38,1.00
2014.01.24 09:01:53.950,0.80853,0.80878,1.35,1.00
2014.01.24 09:01:55.612,0.80852,0.80878,2.10,1.38
2014.01.24 09:01:55.663,0.80852,0.80873,1.68,1.00
2014.01.24 09:01:56.156,0.80852,0.80878,2.10,1.38
2014.01.24 09:01:56.422,0.80852,0.80874,1.35,1.00
2014.01.24 09:02:00.753,0.80848,0.80874,1.35,1.00
2014.01.24 09:02:00.804,0.80846,0.80874,2.10,1.60
2014.01.24 09:02:00.955,0.80851,0.80874,1.00,1.98
2014.01.24 09:02:01.372,0.80846,0.80869,2.10,1.00
2014.01.24 09:02:03.572,0.80847,0.80873,1.38,1.73
2014.01.24 09:02:04.372,0.80847,0.80873,1.38,1.73
2014.01.24 09:02:04.724,0.80847,0.80868,1.38,1.00
2014.01.24 09:02:05.025,0.80842,0.80868,1.50,1.98
2014.01.24 09:02:05.807,0.80842,0.80863,1.38,1.00
2014.01.24 09:02:07.753,0.80841,0.80869,1.50,3.23
2014.01.24 09:02:07.862,0.80842,0.80863,1.50,1.00
2014.01.24 09:02:08.014,0.80841,0.80869,1.75,2.85
2014.01.24 09:02:08.114,0.80843,0.80869,1.68,1.35
2014.01.24 09:02:10.233,0.80842,0.80869,1.35,1.73
2014.01.24 09:02:10.334,0.80841,0.80865,1.00,2.48
2014.01.24 09:02:10.434,0.80836,0.80864,1.13,1.98
2014.01.24 09:02:10.874,0.80837,0.80858,1.00,1.75
2014.01.24 09:02:11.087,0.80826,0.80854,1.50,1.38
2014.01.24 09:02:11.854,0.80826,0.80857,1.13,1.68
2014.01.24 09:02:13.490,0.80827,0.80853,1.00,1.13
2014.01.24 09:02:15.564,0.80826,0.80857,1.13,1.68
2014.01.24 09:02:19.097,0.80826,0.80854,1.13,1.38
2014.01.24 09:02:19.993,0.80826,0.80854,1.13,1.38
2014.01.24 09:02:21.171,0.80827,0.80853,1.00,1.38
2014.01.24 09:02:21.622,0.80827,0.80853,1.00,1.38
2014.01.24 09:02:21.752,0.80827,0.80853,1.00,1.38
2014.01.24 09:02:23.603,0.80827,0.80853,1.00,1.38
2014.01.24 09:02:24.167,0.80822,0.80853,1.50,1.38
2014.01.24 09:02:24.675,0.80822,0.80853,1.38,1.38
2014.01.24 09:02:25.411,0.80826,0.80854,1.13,1.38
2014.01.24 09:02:27.003,0.80821,0.80854,1.13,1.75
2014.01.24 09:02:31.432,0.80822,0.80853,1.00,1.75
2014.01.24 09:02:32.175,0.80822,0.80853,1.00,1.75
2014.01.24 09:02:33.431,0.80822,0.80853,1.00,1.75
2014.01.24 09:02:34.380,0.80827,0.80853,1.00,1.75
2014.01.24 09:02:35.282,0.80827,0.80858,1.00,1.75
2014.01.24 09:02:35.804,0.80831,0.80859,1.00,2.10
2014.01.24 09:02:38.417,0.80831,0.80859,1.38,1.38
2014.01.24 09:02:38.552,0.80832,0.80853,1.38,1.00
2014.01.24 09:02:39.378,0.80826,0.80854,1.38,1.35
2014.01.24 09:02:39.970,0.80832,0.80853,1.38,1.00
2014.01.24 09:02:40.747,0.80827,0.80854,1.38,1.30
2014.01.24 09:02:41.953,0.80831,0.80855,1.38,1.30
2014.01.24 09:02:42.211,0.80832,0.80862,1.75,1.35
2014.01.24 09:02:42.412,0.80836,0.80862,1.00,1.35
2014.01.24 09:02:43.010,0.80836,0.80866,1.00,1.35
2014.01.24 09:02:45.642,0.80837,0.80866,1.00,1.35
2014.01.24 09:02:45.920,0.80842,0.80866,1.00,1.35
2014.01.24 09:02:46.592,0.80842,0.80868,1.38,1.98
2014.01.24 09:02:48.061,0.80842,0.80867,1.38,1.30
2014.01.24 09:02:48.576,0.80842,0.80868,1.75,1.00
2014.01.24 09:02:50.324,0.80842,0.80868,1.75,1.00
2014.01.24 09:02:50.650,0.80843,0.80868,1.35,1.00
2014.01.24 09:02:51.595,0.80847,0.80868,3.23,1.00
2014.01.24 09:02:51.695,0.80851,0.80874,1.00,1.75
2014.01.24 09:02:52.032,0.80851,0.80874,1.73,1.50
2014.01.24 09:02:52.194,0.80851,0.80879,1.98,1.38
2014.01.24 09:02:52.451,0.80852,0.80879,1.35,1.38
2014.01.24 09:02:52.631,0.80857,0.80883,1.00,1.98
2014.01.24 09:02:52.681,0.80857,0.80881,1.00,1.30
2014.01.24 09:02:54.061,0.80861,0.80888,1.00,1.35
2014.01.24 09:02:54.992,0.80861,0.80888,1.00,1.35
2014.01.24 09:02:55.900,0.80861,0.80888,1.00,1.35
2014.01.24 09:02:56.151,0.80856,0.80884,1.13,1.00
2014.01.24 09:02:59.594,0.80856,0.80884,1.00,1.38
2014.01.24 09:03:00.282,0.80856,0.80884,3.23,1.13
2014.01.24 09:03:00.600,0.80862,0.80888,1.50,1.73
2014.01.24 09:03:09.461,0.80857,0.80884,1.35,1.00
2014.01.24 09:03:11.917,0.80867,0.80893,1.00,1.98
2014.01.24 09:03:12.018,0.80867,0.80893,1.00,1.98
2014.01.24 09:03:12.118,0.80861,0.80889,1.75,1.00
2014.01.24 09:03:12.872,0.80867,0.80888,1.00,1.00
2014.01.24 09:03:13.311,0.80862,0.80888,1.38,1.00
2014.01.24 09:03:14.521,0.80858,0.80889,1.35,1.00
2014.01.24 09:03:17.139,0.80861,0.80889,1.38,1.38
2014.01.24 09:03:17.877,0.80856,0.80889,1.50,1.38
2014.01.24 09:03:18.582,0.80856,0.80889,1.75,1.38
2014.01.24 09:03:19.439,0.80861,0.80889,1.38,1.13
2014.01.24 09:03:20.181,0.80861,0.80889,1.38,1.38
2014.01.24 09:03:21.943,0.80861,0.80889,1.38,1.38
2014.01.24 09:03:22.445,0.80862,0.80889,1.68,1.00
2014.01.24 09:03:22.581,0.80866,0.80894,1.00,1.50
2014.01.24 09:03:23.290,0.80866,0.80894,1.00,1.13
2014.01.24 09:03:26.514,0.80866,0.80894,1.38,1.13
2014.01.24 09:03:26.665,0.80872,0.80898,1.00,1.50
2014.01.24 09:03:26.766,0.80867,0.80898,1.00,1.38
2014.01.24 09:03:27.316,0.80865,0.80883,1.30,1.00
2014.01.24 09:03:27.366,0.80857,0.80883,1.38,1.00
2014.01.24 09:03:27.417,0.80857,0.80883,1.00,1.38
2014.01.24 09:03:27.611,0.80857,0.80883,2.85,1.38
2014.01.24 09:03:27.953,0.80857,0.80888,1.75,1.38
2014.01.24 09:03:28.080,0.80857,0.80888,1.38,1.00
2014.01.24 09:03:30.589,0.80861,0.80889,1.13,1.38
2014.01.24 09:03:31.512,0.80856,0.80884,2.10,1.00
2014.01.24 09:03:32.142,0.80857,0.80888,1.38,1.38
2014.01.24 09:03:34.114,0.80857,0.80888,1.38,1.98
2014.01.24 09:03:34.585,0.80852,0.80878,1.50,1.00
2014.01.24 09:03:34.798,0.80851,0.80884,1.75,1.38
2014.01.24 09:03:35.000,0.80851,0.80879,1.50,1.00
2014.01.24 09:03:35.358,0.80852,0.80883,1.38,1.00
2014.01.24 09:03:37.250,0.80861,0.80889,1.13,1.73
2014.01.24 09:03:37.780,0.80856,0.80889,1.50,1.73
2014.01.24 09:03:38.089,0.80856,0.80889,1.38,1.73
2014.01.24 09:03:43.088,0.80856,0.80889,1.38,1.73
2014.01.24 09:03:43.409,0.80856,0.80884,1.38,1.00
2014.01.24 09:03:43.460,0.80856,0.80889,1.38,1.73
2014.01.24 09:03:44.910,0.80854,0.80884,1.35,1.00
2014.01.24 09:03:45.102,0.80857,0.80888,1.38,1.38
2014.01.24 09:03:45.620,0.80857,0.80888,1.38,1.38
2014.01.24 09:03:45.762,0.80856,0.80884,1.38,1.00
2014.01.24 09:03:46.100,0.80857,0.80888,1.38,1.38
2014.01.24 09:03:47.203,0.80861,0.80889,1.00,1.13
2014.01.24 09:03:47.454,0.80867,0.80893,1.00,1.38
2014.01.24 09:03:47.519,0.80862,0.80894,1.30,1.38
2014.01.24 09:03:47.668,0.80867,0.80893,1.00,1.38
2014.01.24 09:03:47.770,0.80862,0.80893,1.73,1.38
2014.01.24 09:03:48.275,0.80861,0.80889,1.00,1.50
2014.01.24 09:03:49.172,0.80857,0.80889,1.68,1.50
2014.01.24 09:03:49.496,0.80856,0.80889,1.98,1.50
2014.01.24 09:03:49.850,0.80866,0.80894,1.00,2.10
2014.01.24 09:03:49.954,0.80866,0.80894,1.00,2.10
2014.01.24 09:03:50.456,0.80867,0.80898,1.00,1.38
2014.01.24 09:03:56.591,0.80871,0.80899,1.00,1.75
2014.01.24 09:03:57.249,0.80866,0.80899,1.00,1.75
2014.01.24 09:03:58.239,0.80867,0.80893,1.00,1.75
2014.01.24 09:04:00.651,0.80867,0.80893,1.00,1.38
2014.01.24 09:04:01.457,0.80867,0.80893,1.00,1.00
2014.01.24 09:04:01.538,0.80871,0.80894,1.00,1.00
2014.01.24 09:04:02.091,0.80872,0.80897,1.00,1.35
2014.01.24 09:04:02.690,0.80872,0.80893,1.00,1.00
2014.01.24 09:04:12.980,0.80867,0.80893,1.38,1.00
2014.01.24 09:04:14.102,0.80867,0.80893,1.38,1.00
2014.01.24 09:04:14.203,0.80871,0.80894,1.00,1.00
2014.01.24 09:04:14.303,0.80866,0.80894,2.10,1.00
2014.01.24 09:04:14.845,0.80866,0.80894,1.50,1.00
2014.01.24 09:04:15.392,0.80867,0.80895,1.38,1.00
2014.01.24 09:04:15.651,0.80872,0.80898,1.13,1.13
2014.01.24 09:04:16.324,0.80872,0.80894,1.00,1.00
2014.01.24 09:04:16.424,0.80872,0.80898,1.50,1.00
2014.01.24 09:04:21.280,0.80871,0.80894,1.75,1.00
2014.01.24 09:04:21.856,0.80871,0.80894,1.38,1.73
2014.01.24 09:04:23.378,0.80892,0.80918,1.00,1.73
2014.01.24 09:04:23.481,0.80892,0.80918,1.00,1.35
2014.01.24 09:04:27.445,0.80897,0.80918,1.00,1.35
2014.01.24 09:04:27.993,0.80892,0.80913,1.00,1.00
2014.01.24 09:04:28.109,0.80892,0.80918,1.00,1.00
2014.01.24 09:04:28.433,0.80897,0.80923,1.00,1.73
2014.01.24 09:04:28.893,0.80897,0.80918,1.00,1.00
2014.01.24 09:04:29.748,0.80897,0.80918,1.73,1.00
2014.01.24 09:04:30.010,0.80891,0.80919,1.98,1.00
2014.01.24 09:04:30.288,0.80891,0.80919,1.13,1.00
2014.01.24 09:04:32.730,0.80891,0.80914,1.13,1.00
2014.01.24 09:04:32.964,0.80891,0.80919,1.13,1.00
2014.01.24 09:04:40.096,0.80901,0.80929,1.00,1.75
2014.01.24 09:04:40.197,0.80901,0.80929,1.00,1.00
2014.01.24 09:04:40.979,0.80901,0.80929,1.38,1.00
2014.01.24 09:04:41.292,0.80901,0.80924,1.00,1.00
2014.01.24 09:04:41.342,0.80896,0.80924,1.38,1.00
2014.01.24 09:04:47.739,0.80897,0.80924,1.35,1.00
2014.01.24 09:04:47.990,0.80911,0.80939,1.98,1.73
2014.01.24 09:04:48.041,0.80917,0.80938,1.00,1.38
2014.01.24 09:04:48.591,0.80911,0.80934,1.38,1.00
2014.01.24 09:04:48.641,0.80911,0.80934,1.00,1.00
2014.01.24 09:04:48.905,0.80907,0.80933,1.38,1.00
2014.01.24 09:04:50.878,0.80912,0.80933,1.00,1.13
2014.01.24 09:04:51.590,0.80912,0.80933,1.00,1.38
2014.01.24 09:04:51.911,0.80902,0.80928,1.38,2.85
2014.01.24 09:04:51.961,0.80902,0.80928,1.00,3.23
2014.01.24 09:04:52.112,0.80906,0.80934,1.35,1.38
2014.01.24 09:04:52.162,0.80906,0.80934,1.35,1.38
2014.01.24 09:04:52.808,0.80906,0.80934,1.35,1.38
2014.01.24 09:04:53.399,0.80902,0.80933,1.00,1.38
2014.01.24 09:04:53.508,0.80906,0.80934,1.00,1.38
2014.01.24 09:04:53.621,0.80902,0.80928,1.13,1.13
2014.01.24 09:04:54.179,0.80901,0.80934,1.38,1.75
2014.01.24 09:04:55.488,0.80906,0.80934,1.00,1.75
2014.01.24 09:04:55.808,0.80902,0.80923,1.13,1.38
2014.01.24 09:04:56.138,0.80905,0.80923,2.10,1.13
2014.01.24 09:04:56.188,0.80912,0.80932,1.00,1.00
2014.01.24 09:04:56.920,0.80908,0.80932,1.30,1.00
2014.01.24 09:04:57.791,0.80906,0.80932,1.73,1.30
2014.01.24 09:04:57.842,0.80907,0.80928,1.13,1.00
2014.01.24 09:04:59.159,0.80913,0.80933,2.48,1.38
2014.01.24 09:05:00.720,0.80915,0.80933,1.68,1.00
2014.01.24 09:05:00.974,0.80917,0.80938,1.00,1.13
2014.01.24 09:05:02.130,0.80922,0.80943,1.60,1.38
2014.01.24 09:05:02.249,0.80922,0.80943,1.60,1.00
2014.01.24 09:05:02.848,0.80922,0.80943,1.00,1.13
2014.01.24 09:05:03.298,0.80916,0.80944,1.50,1.38
2014.01.24 09:05:03.452,0.80916,0.80944,1.13,1.38
2014.01.24 09:05:04.416,0.80916,0.80944,1.13,1.38
2014.01.24 09:05:04.768,0.80917,0.80938,1.38,1.00
2014.01.24 09:05:04.870,0.80917,0.80943,1.38,1.13
2014.01.24 09:05:05.472,0.80919,0.80943,1.30,1.00
2014.01.24 09:05:05.609,0.80921,0.80944,1.00,1.00
2014.01.24 09:05:08.651,0.80921,0.80945,1.00,1.00
2014.01.24 09:05:09.348,0.80922,0.80945,2.10,1.00
2014.01.24 09:05:09.902,0.80926,0.80951,1.00,1.35
2014.01.24 09:05:14.193,0.80926,0.80954,1.00,4.80
2014.01.24 09:05:14.243,0.80926,0.80954,1.00,4.80
2014.01.24 09:05:14.568,0.80926,0.80954,1.13,4.80
2014.01.24 09:05:14.619,0.80931,0.80954,1.00,2.85
2014.01.24 09:05:14.769,0.80931,0.80958,1.00,1.35
2014.01.24 09:05:15.178,0.80927,0.80957,1.13,1.35
2014.01.24 09:05:15.228,0.80927,0.80957,1.00,1.35
2014.01.24 09:05:15.381,0.80921,0.80947,1.75,1.30
2014.01.24 09:05:15.534,0.80921,0.80949,1.50,1.98
2014.01.24 09:05:15.873,0.80922,0.80949,1.35,1.38
2014.01.24 09:05:16.170,0.80927,0.80953,1.00,1.38
2014.01.24 09:05:16.472,0.80932,0.80958,1.00,1.75
2014.01.24 09:05:16.693,0.80927,0.80953,1.00,1.38
2014.01.24 09:05:17.850,0.80927,0.80953,1.00,1.38
2014.01.24 09:05:18.332,0.80931,0.80959,1.00,2.10
2014.01.24 09:05:18.951,0.80931,0.80959,1.00,1.75
2014.01.24 09:05:20.159,0.80931,0.80959,1.00,1.75
2014.01.24 09:05:21.370,0.80931,0.80959,1.00,1.75
2014.01.24 09:05:22.032,0.80931,0.80959,1.00,1.75
2014.01.24 09:05:22.584,0.80931,0.80954,1.00,1.00
2014.01.24 09:05:22.700,0.80931,0.80959,1.00,1.75
2014.01.24 09:05:23.369,0.80932,0.80954,1.00,1.00
2014.01.24 09:05:23.918,0.80932,0.80958,1.00,1.75
2014.01.24 09:05:25.244,0.80932,0.80954,1.00,1.00
2014.01.24 09:05:27.664,0.80932,0.80958,1.00,1.75
2014.01.24 09:05:30.300,0.80932,0.80958,1.00,1.75
2014.01.24 09:05:31.729,0.80932,0.80958,1.00,1.75
2014.01.24 09:05:31.839,0.80932,0.80958,1.00,1.75
2014.01.24 09:05:33.280,0.80932,0.80956,1.00,2.48
2014.01.24 09:05:33.330,0.80926,0.80949,2.10,1.00
2014.01.24 09:05:33.632,0.80921,0.80944,1.38,1.73
2014.01.24 09:05:33.733,0.80921,0.80944,1.38,1.73
2014.01.24 09:05:33.934,0.80921,0.80949,1.38,1.98
2014.01.24 09:05:34.185,0.80921,0.80949,1.38,1.98
2014.01.24 09:05:34.805,0.80921,0.80949,1.38,1.98
2014.01.24 09:05:35.789,0.80921,0.80949,1.38,1.98
2014.01.24 09:05:36.449,0.80921,0.80949,1.38,1.98
2014.01.24 09:05:42.148,0.80921,0.80946,1.00,1.00
2014.01.24 09:05:45.358,0.80921,0.80948,1.00,1.35
2014.01.24 09:05:46.166,0.80921,0.80948,1.00,1.35
2014.01.24 09:05:46.762,0.80921,0.80948,1.00,1.35
2014.01.24 09:05:47.527,0.80921,0.80948,1.00,1.35
2014.01.24 09:05:47.577,0.80921,0.80948,1.00,1.35
2014.01.24 09:05:47.775,0.80921,0.80948,1.00,1.35
2014.01.24 09:05:48.378,0.80918,0.80944,1.30,1.50
2014.01.24 09:05:48.479,0.80916,0.80943,1.73,1.68
2014.01.24 09:05:48.988,0.80916,0.80943,1.60,1.68
2014.01.24 09:05:49.577,0.80916,0.80943,1.60,1.68
2014.01.24 09:05:50.103,0.80917,0.80938,1.00,1.38
2014.01.24 09:05:50.718,0.80917,0.80938,1.00,1.38
2014.01.24 09:05:51.900,0.80911,0.80939,1.38,1.73
2014.01.24 09:05:52.051,0.80911,0.80934,1.38,1.13
2014.01.24 09:05:52.633,0.80911,0.80934,1.38,1.38
2014.01.24 09:05:54.269,0.80911,0.80933,1.00,1.00
2014.01.24 09:05:59.048,0.80907,0.80928,2.10,1.00
2014.01.24 09:05:59.099,0.80906,0.80928,1.30,1.00
2014.01.24 09:05:59.158,0.80906,0.80934,1.73,1.75
2014.01.24 09:06:00.010,0.80906,0.80934,1.35,1.75
2014.01.24 09:06:00.517,0.80906,0.80934,1.73,1.75
2014.01.24 09:06:00.698,0.80912,0.80933,1.00,1.50
2014.01.24 09:06:05.760,0.80906,0.80934,1.73,1.75
2014.01.24 09:06:06.670,0.80901,0.80929,2.10,1.00
2014.01.24 09:06:06.721,0.80901,0.80929,2.10,1.00
2014.01.24 09:06:09.312,0.80901,0.80929,1.73,1.00
2014.01.24 09:06:09.942,0.80907,0.8093,1.00,1.00
2014.01.24 09:06:10.395,0.80907,0.80933,1.00,1.75
2014.01.24 09:06:16.689,0.80907,0.8093,1.00,1.00
2014.01.24 09:06:17.668,0.80907,0.80933,1.00,1.75
2014.01.24 09:06:18.868,0.80907,0.80933,1.00,1.75
2014.01.24 09:06:19.757,0.80907,0.80933,1.00,1.75
2014.01.24 09:06:19.858,0.80896,0.80919,1.38,1.13
2014.01.24 09:06:19.909,0.80896,0.80919,1.00,1.50
2014.01.24 09:06:20.859,0.80896,0.80919,1.00,1.50
2014.01.24 09:06:22.149,0.80897,0.80921,1.00,1.35
2014.01.24 09:06:22.306,0.80892,0.80918,1.00,1.38
2014.01.24 09:06:23.389,0.80892,0.80918,1.13,1.38
2014.01.24 09:06:25.010,0.80896,0.80919,1.00,1.50
2014.01.24 09:06:25.448,0.80891,0.80919,1.00,1.50
2014.01.24 09:06:26.540,0.80891,0.80919,1.60,1.50
2014.01.24 09:06:26.691,0.80897,0.80918,1.00,1.13
2014.01.24 09:06:28.016,0.80897,0.80919,1.00,1.00
2014.01.24 09:06:29.099,0.80897,0.80921,1.00,1.35
2014.01.24 09:06:29.921,0.80897,0.80921,1.00,1.35
2014.01.24 09:06:30.893,0.80897,0.80921,1.00,1.35
2014.01.24 09:06:32.950,0.80896,0.80919,1.00,2.10
2014.01.24 09:06:33.169,0.80896,0.80919,1.00,2.10
2014.01.24 09:06:33.388,0.80896,0.80919,1.00,2.10
2014.01.24 09:06:35.898,0.80891,0.80916,1.13,1.00
2014.01.24 09:06:37.681,0.80891,0.80919,1.00,2.10
2014.01.24 09:06:40.186,0.80886,0.80919,1.38,2.10
2014.01.24 09:06:41.288,0.80887,0.80913,1.13,1.00
2014.01.24 09:06:51.737,0.80887,0.80913,1.00,1.50
2014.01.24 09:07:00.756,0.80887,0.80913,1.38,1.50
2014.01.24 09:07:01.862,0.80891,0.80913,1.00,1.00
2014.01.24 09:07:02.179,0.80891,0.80914,1.00,1.75
2014.01.24 09:07:02.717,0.80891,0.80914,1.00,1.75
2014.01.24 09:07:03.321,0.80891,0.80914,1.00,1.75
2014.01.24 09:07:03.422,0.80886,0.80914,1.38,1.75
2014.01.24 09:07:03.522,0.80886,0.80914,1.00,1.75
2014.01.24 09:07:04.315,0.80886,0.80909,1.00,1.35
2014.01.24 09:07:04.730,0.80882,0.80908,1.50,1.00
2014.01.24 09:07:05.066,0.80882,0.80908,1.00,1.00
2014.01.24 09:07:07.988,0.80882,0.80908,1.00,1.38
2014.01.24 09:07:13.097,0.80882,0.80908,1.00,1.00
2014.01.24 09:07:13.822,0.80882,0.80908,1.38,1.13
2014.01.24 09:07:18.272,0.80882,0.80908,1.13,1.13
2014.01.24 09:07:19.166,0.80882,0.80908,1.00,1.38
2014.01.24 09:07:20.044,0.80882,0.80906,1.00,1.68
2014.01.24 09:07:20.226,0.80877,0.80904,1.00,1.00
2014.01.24 09:07:24.189,0.80881,0.80906,1.00,1.68
2014.01.24 09:07:24.490,0.80881,0.80906,1.00,1.00
2014.01.24 09:07:24.540,0.80887,0.80906,1.00,1.00
2014.01.24 09:07:26.203,0.80881,0.80909,1.38,2.10
2014.01.24 09:07:27.485,0.80887,0.80908,1.00,1.75
2014.01.24 09:07:28.172,0.80882,0.80908,1.00,1.75
2014.01.24 09:07:28.273,0.80877,0.80907,1.50,1.35
2014.01.24 09:07:28.374,0.80881,0.80907,1.00,1.35
2014.01.24 09:07:37.056,0.80882,0.80903,1.00,1.00
2014.01.24 09:07:40.139,0.80876,0.80904,1.38,1.13
2014.01.24 09:07:40.373,0.80876,0.80904,1.13,1.38
2014.01.24 09:07:40.875,0.80876,0.80904,1.00,1.98
2014.01.24 09:07:42.116,0.80877,0.80898,1.00,1.00
2014.01.24 09:07:44.208,0.80877,0.80903,1.00,1.73
2014.01.24 09:07:44.693,0.80877,0.80903,1.00,1.73
2014.01.24 09:07:44.911,0.80877,0.80903,1.00,1.73
2014.01.24 09:07:45.974,0.80877,0.80898,1.00,1.00
2014.01.24 09:07:46.556,0.80877,0.80898,1.60,1.00
2014.01.24 09:07:46.657,0.80877,0.80903,1.98,1.13
2014.01.24 09:07:47.085,0.80876,0.80899,1.98,1.00
2014.01.24 09:07:47.236,0.80876,0.80899,1.13,1.00
2014.01.24 09:07:48.100,0.80876,0.80899,1.38,1.00
2014.01.24 09:07:49.599,0.80876,0.80902,1.38,1.30
2014.01.24 09:07:50.277,0.80876,0.80902,1.38,1.68
2014.01.24 09:07:51.043,0.80876,0.80903,1.38,1.35
2014.01.24 09:07:51.465,0.80882,0.80905,1.00,1.35
2014.01.24 09:07:56.198,0.80886,0.80909,1.00,2.10
2014.01.24 09:07:56.400,0.80886,0.80909,1.00,1.13
2014.01.24 09:07:58.835,0.80891,0.80912,1.00,1.30
2014.01.24 09:08:00.929,0.80882,0.80908,1.50,1.00
2014.01.24 09:08:04.576,0.80883,0.80908,2.48,1.00
2014.01.24 09:08:04.848,0.80886,0.80913,1.35,1.00
2014.01.24 09:08:05.395,0.80883,0.80908,2.48,1.00
2014.01.24 09:08:17.387,0.80886,0.80913,1.73,1.00
2014.01.24 09:08:17.495,0.80886,0.80909,1.73,1.00
2014.01.24 09:08:18.237,0.80886,0.80909,1.00,1.00
2014.01.24 09:08:19.726,0.80882,0.80909,1.35,1.13
2014.01.24 09:08:19.959,0.80881,0.80909,1.38,1.98
2014.01.24 09:08:20.355,0.80881,0.80904,1.38,1.00
2014.01.24 09:08:22.886,0.80881,0.80909,1.38,1.98
2014.01.24 09:08:26.847,0.80881,0.80908,1.00,1.35
2014.01.24 09:08:31.428,0.80881,0.80904,1.00,1.00
2014.01.24 09:08:32.186,0.80881,0.80905,1.00,1.00
2014.01.24 09:08:32.487,0.80881,0.80908,1.38,1.68
2014.01.24 09:08:33.265,0.80884,0.80908,1.30,1.75
2014.01.24 09:08:34.003,0.80882,0.80908,3.23,1.75
2014.01.24 09:08:34.304,0.80887,0.80908,1.13,1.38
2014.01.24 09:08:35.704,0.80887,0.80908,1.73,1.38
2014.01.24 09:08:41.795,0.80887,0.80908,1.98,1.38
2014.01.24 09:08:41.896,0.80889,0.80913,1.30,1.38
2014.01.24 09:08:41.946,0.80887,0.80913,1.98,1.13
2014.01.24 09:08:42.248,0.80891,0.80919,1.73,1.73
2014.01.24 09:08:42.456,0.80896,0.80924,1.60,1.50
2014.01.24 09:08:42.507,0.80896,0.80924,1.98,1.13
2014.01.24 09:08:43.062,0.80896,0.80924,1.98,1.13
2014.01.24 09:08:47.852,0.80896,0.80924,1.98,1.13
2014.01.24 09:08:48.320,0.80898,0.80924,1.30,1.13
2014.01.24 09:08:48.371,0.80899,0.80924,2.10,1.13
2014.01.24 09:08:48.849,0.80907,0.80928,1.00,1.50
2014.01.24 09:08:49.064,0.80902,0.80923,1.35,1.00
2014.01.24 09:08:49.526,0.80896,0.80924,1.98,1.50
2014.01.24 09:08:50.479,0.80898,0.80924,1.30,1.50
2014.01.24 09:08:51.175,0.80898,0.80924,1.30,1.50
2014.01.24 09:08:53.404,0.80896,0.80919,1.73,1.00
2014.01.24 09:08:55.922,0.80897,0.80918,1.60,1.00
2014.01.24 09:08:58.868,0.80901,0.80924,1.00,1.75
2014.01.24 09:08:59.274,0.80901,0.80924,1.73,1.38
2014.01.24 09:09:01.656,0.80901,0.80924,1.98,1.38
2014.01.24 09:09:01.934,0.80907,0.80928,1.13,1.00
2014.01.24 09:09:04.064,0.80907,0.80928,1.38,1.00
2014.01.24 09:09:04.254,0.80906,0.80931,1.38,1.00
2014.01.24 09:09:04.698,0.80907,0.80928,1.38,1.00
2014.01.24 09:09:13.055,0.80901,0.80929,1.98,1.00
2014.01.24 09:09:13.428,0.80902,0.80928,1.38,1.00
2014.01.24 09:09:13.587,0.80902,0.80928,1.38,1.00
2014.01.24 09:09:16.394,0.80902,0.80928,1.38,1.00
2014.01.24 09:09:16.994,0.80902,0.80928,1.38,1.38
2014.01.24 09:09:19.192,0.80902,0.80928,1.38,1.50
2014.01.24 09:09:20.980,0.80897,0.80918,1.98,1.00
2014.01.24 09:09:21.030,0.80897,0.80918,1.38,1.00
2014.01.24 09:09:21.090,0.80902,0.80923,1.00,1.13
2014.01.24 09:09:22.664,0.80901,0.80924,1.13,1.38
2014.01.24 09:09:23.744,0.80896,0.80924,1.38,2.10
2014.01.24 09:09:23.794,0.80896,0.80924,1.38,2.10
2014.01.24 09:09:24.144,0.80896,0.80919,1.00,1.13
2014.01.24 09:09:25.316,0.80896,0.80919,1.00,1.38
2014.01.24 09:09:25.416,0.80897,0.80923,1.13,1.73
2014.01.24 09:09:25.467,0.80897,0.80923,1.13,1.13
2014.01.24 09:09:25.517,0.80902,0.80923,1.00,1.13
2014.01.24 09:09:28.453,0.80896,0.80924,1.38,2.10
2014.01.24 09:09:28.566,0.80901,0.80924,1.00,2.10
2014.01.24 09:09:29.553,0.80896,0.80924,1.38,2.10
2014.01.24 09:09:29.883,0.80902,0.80923,1.00,1.13
2014.01.24 09:09:37.605,0.80895,0.80919,2.48,1.00
2014.01.24 09:09:37.655,0.80891,0.80919,1.73,1.35
2014.01.24 09:09:37.806,0.80891,0.80919,1.35,1.73
2014.01.24 09:09:37.957,0.80886,0.80914,1.38,1.38
2014.01.24 09:09:39.380,0.80886,0.80914,1.38,1.38
2014.01.24 09:09:39.519,0.80886,0.80914,1.38,1.38
2014.01.24 09:09:43.578,0.80887,0.80914,2.48,1.38
2014.01.24 09:09:44.469,0.80892,0.80918,1.00,1.38
2014.01.24 09:09:47.400,0.80897,0.80923,1.00,2.10
2014.01.24 09:09:52.795,0.80897,0.80923,1.00,2.10
2014.01.24 09:09:52.915,0.80891,0.80919,1.00,1.38
2014.01.24 09:09:53.117,0.80886,0.80914,1.38,1.00
2014.01.24 09:09:57.104,0.80892,0.80918,1.00,1.38
2014.01.24 09:09:57.847,0.80897,0.80923,1.00,1.50
2014.01.24 09:10:00.623,0.80901,0.80924,1.00,1.68
2014.01.24 09:10:00.824,0.80901,0.80923,1.00,2.48
2014.01.24 09:10:00.925,0.80892,0.80918,1.75,1.00
2014.01.24 09:10:01.070,0.80892,0.80918,1.75,1.00
2014.01.24 09:10:01.371,0.80901,0.80924,1.00,1.98
2014.01.24 09:10:01.422,0.80901,0.80924,1.00,1.60
2014.01.24 09:10:01.788,0.80897,0.80923,1.00,1.73
2014.01.24 09:10:02.693,0.80897,0.80923,1.00,1.73
2014.01.24 09:10:03.203,0.80891,0.80924,1.75,1.98
2014.01.24 09:10:03.378,0.80891,0.80924,1.75,1.98
2014.01.24 09:10:03.983,0.80897,0.80923,1.00,1.73
2014.01.24 09:10:04.803,0.80897,0.80923,1.00,1.35
2014.01.24 09:10:11.075,0.80897,0.80923,1.00,1.38
2014.01.24 09:10:11.250,0.80901,0.80929,1.00,1.75
2014.01.24 09:10:11.603,0.80892,0.80923,1.75,1.00
2014.01.24 09:10:11.804,0.80891,0.80919,1.38,1.00
2014.01.24 09:10:14.324,0.80896,0.80924,1.13,1.13
2014.01.24 09:10:15.700,0.80896,0.80924,1.00,1.38
2014.01.24 09:10:16.211,0.80892,0.80918,1.00,1.00
2014.01.24 09:10:16.312,0.80892,0.80923,1.38,1.50
2014.01.24 09:10:17.006,0.80897,0.80923,1.00,1.38
2014.01.24 09:10:17.874,0.80897,0.80923,1.38,1.38
2014.01.24 09:10:18.175,0.80902,0.80928,1.13,1.38
2014.01.24 09:10:20.594,0.80896,0.80924,1.38,1.38
2014.01.24 09:10:20.944,0.80896,0.80924,1.38,1.38
2014.01.24 09:10:21.450,0.80896,0.80924,1.13,1.38
2014.01.24 09:10:24.557,0.80901,0.80924,1.00,1.75
2014.01.24 09:10:25.110,0.80902,0.80923,1.00,1.50
2014.01.24 09:10:26.316,0.80897,0.80923,1.00,1.38
2014.01.24 09:10:28.636,0.80891,0.80914,1.38,1.00
2014.01.24 09:10:28.686,0.80891,0.80914,1.00,1.13
2014.01.24 09:10:28.794,0.80891,0.80914,1.00,1.38
2014.01.24 09:10:29.064,0.80887,0.80913,1.38,1.38
2014.01.24 09:10:29.225,0.80887,0.80913,1.38,1.38
2014.01.24 09:10:29.754,0.80887,0.80913,1.38,1.98
2014.01.24 09:10:30.488,0.80887,0.80908,1.00,1.00
2014.01.24 09:10:30.539,0.80881,0.80908,1.00,1.00
2014.01.24 09:10:31.295,0.80881,0.80909,1.00,1.75
2014.01.24 09:10:31.464,0.80881,0.80909,1.00,1.75
2014.01.24 09:10:33.073,0.80881,0.80904,1.00,1.38
2014.01.24 09:10:33.393,0.80887,0.8091,1.00,1.35
2014.01.24 09:10:33.444,0.80887,0.8091,1.00,1.35
2014.01.24 09:10:33.544,0.80887,0.8091,1.00,1.35
2014.01.24 09:10:33.845,0.80886,0.80909,1.00,1.75
2014.01.24 09:10:34.485,0.80886,0.80909,1.00,1.75
2014.01.24 09:10:38.004,0.80886,0.80909,1.00,1.75
2014.01.24 09:10:38.114,0.80886,0.80908,1.00,1.00
2014.01.24 09:10:38.304,0.80892,0.80908,1.00,1.00
2014.01.24 09:10:42.044,0.80886,0.80911,1.00,1.35
2014.01.24 09:10:42.872,0.80886,0.80911,1.00,1.35
2014.01.24 09:10:45.204,0.80886,0.80907,1.00,1.68
2014.01.24 09:10:45.305,0.80882,0.80907,1.00,1.68
2014.01.24 09:10:46.027,0.80882,0.80907,1.00,1.68
2014.01.24 09:10:46.247,0.80887,0.80907,1.00,1.68
2014.01.24 09:10:47.124,0.80887,0.80907,1.00,1.30
2014.01.24 09:10:47.687,0.80887,0.80907,1.00,1.68
2014.01.24 09:10:48.214,0.80887,0.80907,1.00,1.35
2014.01.24 09:10:48.516,0.80892,0.80906,1.00,1.00
2014.01.24 09:10:48.644,0.80887,0.80906,1.00,1.00
2014.01.24 09:10:48.695,0.80887,0.80908,1.00,1.00
2014.01.24 09:10:49.654,0.80887,0.80908,1.00,1.38
2014.01.24 09:10:51.464,0.80887,0.80908,1.00,1.00
2014.01.24 09:10:52.054,0.80887,0.80909,1.00,1.35
2014.01.24 09:10:52.312,0.80891,0.80914,1.00,1.75
2014.01.24 09:10:54.143,0.80892,0.80913,1.00,1.75
2014.01.24 09:10:54.698,0.80886,0.80909,1.00,1.13
2014.01.24 09:10:54.848,0.80891,0.80914,1.00,1.75
2014.01.24 09:10:55.022,0.80886,0.80909,1.00,1.13
2014.01.24 09:10:57.573,0.80886,0.80909,1.00,1.50
2014.01.24 09:11:00.753,0.80886,0.80909,1.00,1.38
2014.01.24 09:11:01.194,0.80886,0.80909,1.00,1.38
2014.01.24 09:11:02.939,0.80886,0.80909,1.00,1.38
2014.01.24 09:11:04.153,0.80887,0.80912,1.00,1.35
2014.01.24 09:11:04.745,0.80887,0.80908,1.00,1.38
2014.01.24 09:11:05.286,0.80881,0.80904,1.73,1.00
2014.01.24 09:11:05.846,0.80882,0.80908,1.35,1.38
2014.01.24 09:11:06.608,0.80882,0.80908,1.73,1.00
2014.01.24 09:11:06.935,0.80886,0.80914,1.73,1.75
2014.01.24 09:11:07.271,0.80892,0.80918,1.00,1.75
2014.01.24 09:11:07.677,0.80886,0.80914,1.73,1.50
2014.01.24 09:11:07.827,0.80886,0.80914,1.13,1.75
2014.01.24 09:11:08.144,0.80891,0.80914,1.00,1.50
2014.01.24 09:11:08.553,0.80887,0.80913,1.38,1.38
2014.01.24 09:11:08.705,0.80887,0.80913,1.13,1.75
2014.01.24 09:11:09.207,0.80887,0.80913,1.00,2.10
2014.01.24 09:11:09.923,0.80887,0.80913,1.00,2.10
2014.01.24 09:11:11.902,0.80887,0.80908,1.00,1.38
2014.01.24 09:11:13.522,0.80887,0.80908,1.00,1.38
2014.01.24 09:11:14.498,0.80887,0.80908,1.00,1.38
2014.01.24 09:11:16.933,0.80887,0.80908,1.00,1.50
2014.01.24 09:11:17.155,0.80882,0.80908,1.00,4.80
2014.01.24 09:11:18.062,0.80881,0.80904,1.13,1.38
2014.01.24 09:11:19.903,0.80881,0.80904,1.00,1.13
2014.01.24 09:11:20.123,0.80881,0.80904,1.00,1.38
2014.01.24 09:11:20.438,0.80881,0.80904,1.00,1.73
2014.01.24 09:11:20.673,0.80881,0.80904,1.13,1.73
2014.01.24 09:11:20.813,0.80881,0.80904,1.00,1.73
2014.01.24 09:11:21.095,0.80876,0.80904,1.75,1.73
2014.01.24 09:11:21.145,0.80876,0.80901,1.38,2.48
2014.01.24 09:11:21.460,0.80872,0.80897,1.00,1.35
2014.01.24 09:11:21.561,0.80872,0.80897,1.00,1.35
2014.01.24 09:11:23.113,0.80872,0.80897,1.00,1.35
2014.01.24 09:11:23.842,0.80871,0.80894,1.00,1.73
2014.01.24 09:11:24.172,0.80872,0.80896,1.00,1.35
2014.01.24 09:11:25.188,0.80871,0.80894,1.00,1.73
2014.01.24 09:11:25.275,0.80867,0.80893,1.13,1.38
2014.01.24 09:11:25.325,0.80867,0.80893,1.13,1.38
2014.01.24 09:11:25.863,0.80866,0.80883,1.38,1.30
2014.01.24 09:11:26.070,0.80862,0.80883,1.00,1.73
2014.01.24 09:11:26.262,0.80866,0.80883,1.00,1.30
2014.01.24 09:11:27.188,0.80866,0.80887,1.00,2.85
2014.01.24 09:11:27.404,0.80861,0.80884,1.00,1.98
2014.01.24 09:11:27.932,0.80861,0.80883,1.00,2.48
2014.01.24 09:11:28.924,0.80861,0.8088,1.00,1.30
2014.01.24 09:11:29.732,0.80861,0.80887,1.00,1.35
2014.01.24 09:11:29.832,0.80862,0.80883,1.00,1.00
2014.01.24 09:11:30.133,0.80862,0.80887,1.00,2.85
2014.01.24 09:11:30.284,0.80862,0.80887,1.00,1.35
2014.01.24 09:11:30.892,0.80862,0.80886,1.00,1.30
2014.01.24 09:11:33.083,0.80866,0.80886,1.00,1.30
2014.01.24 09:11:33.424,0.80871,0.80899,1.00,1.75
2014.01.24 09:11:33.475,0.80871,0.80899,1.00,1.38
2014.01.24 09:11:33.683,0.80871,0.80894,1.00,1.73
2014.01.24 09:11:36.051,0.80868,0.80893,1.68,1.13
2014.01.24 09:11:36.603,0.80872,0.80892,1.00,1.30
2014.01.24 09:11:36.653,0.80872,0.80898,1.00,1.73
2014.01.24 09:11:38.914,0.80866,0.80894,1.50,1.13
2014.01.24 09:11:40.123,0.80872,0.80898,1.00,1.73
2014.01.24 09:11:40.673,0.80866,0.80894,1.50,1.13
2014.01.24 09:11:41.364,0.80866,0.80894,1.50,1.38
2014.01.24 09:11:43.982,0.80866,0.80894,1.75,1.00
2014.01.24 09:11:44.170,0.80871,0.80899,1.00,1.98
2014.01.24 09:11:47.310,0.80871,0.80899,1.00,1.98
2014.01.24 09:11:47.612,0.80866,0.80894,1.50,1.38
2014.01.24 09:11:48.397,0.80866,0.80894,1.00,1.38
2014.01.24 09:11:48.592,0.80867,0.80888,1.00,1.00
2014.01.24 09:11:49.063,0.80867,0.80893,1.00,1.38
2014.01.24 09:11:50.555,0.80867,0.80893,1.00,1.38
2014.01.24 09:11:50.706,0.80867,0.80893,1.00,1.73
2014.01.24 09:11:51.211,0.80867,0.80893,1.00,1.73
2014.01.24 09:11:51.422,0.80861,0.80889,2.10,1.38
2014.01.24 09:11:51.944,0.80861,0.80889,2.10,1.38
2014.01.24 09:11:52.473,0.80866,0.80889,1.00,1.38
2014.01.24 09:11:53.082,0.80866,0.80889,1.00,1.13
2014.01.24 09:11:53.202,0.80866,0.80889,1.00,1.38
2014.01.24 09:11:53.545,0.80861,0.80889,2.10,1.38
2014.01.24 09:11:53.778,0.80861,0.80889,2.10,1.38
2014.01.24 09:11:53.998,0.80861,0.80889,2.10,1.38
2014.01.24 09:11:54.509,0.80861,0.80889,2.10,1.38
2014.01.24 09:11:56.052,0.80861,0.80889,2.10,1.38
2014.01.24 09:11:56.516,0.80861,0.80889,2.10,1.73
2014.01.24 09:12:03.464,0.80859,0.80884,2.48,1.00
2014.01.24 09:12:11.821,0.80858,0.80884,1.68,1.00
2014.01.24 09:12:12.440,0.80858,0.80884,1.68,1.38
2014.01.24 09:12:12.591,0.80858,0.80879,1.00,1.00
2014.01.24 09:12:16.843,0.80857,0.80878,1.38,1.00
2014.01.24 09:12:17.181,0.80851,0.80874,1.50,1.35
2014.01.24 09:12:17.433,0.80856,0.80883,1.38,2.48
2014.01.24 09:12:17.672,0.80851,0.80875,1.38,2.10
2014.01.24 09:12:17.773,0.80852,0.80873,1.00,1.60
2014.01.24 09:12:17.873,0.80852,0.80873,1.00,1.98
2014.01.24 09:12:18.326,0.80852,0.80871,1.00,2.48
2014.01.24 09:12:18.376,0.80846,0.80869,1.38,1.73
2014.01.24 09:12:20.313,0.80846,0.80869,1.38,1.00
2014.01.24 09:12:20.364,0.80852,0.80873,1.00,1.73
2014.01.24 09:12:20.981,0.80852,0.80873,1.00,1.98
2014.01.24 09:12:21.493,0.80852,0.80872,1.00,1.30
2014.01.24 09:12:22.451,0.80852,0.80873,1.00,1.98
2014.01.24 09:12:23.042,0.80852,0.80871,1.00,2.10
2014.01.24 09:12:23.092,0.80847,0.80868,1.38,1.35
2014.01.24 09:12:23.422,0.80852,0.80873,1.00,1.73
2014.01.24 09:12:23.473,0.80852,0.80873,1.00,1.73
2014.01.24 09:12:24.107,0.80852,0.80873,1.00,1.73
2014.01.24 09:12:24.222,0.80846,0.80874,1.38,1.98
2014.01.24 09:12:25.872,0.80846,0.80874,1.38,1.98
2014.01.24 09:12:26.238,0.80846,0.80869,1.38,1.73
2014.01.24 09:12:26.515,0.80846,0.80869,1.38,1.73
2014.01.24 09:12:27.033,0.80846,0.80869,1.38,1.73
2014.01.24 09:12:27.172,0.80846,0.80869,1.38,1.73
2014.01.24 09:12:28.261,0.80846,0.80869,1.38,1.73
2014.01.24 09:12:28.961,0.80846,0.80869,1.38,1.73
2014.01.24 09:12:31.285,0.80846,0.80869,1.38,1.73
2014.01.24 09:12:32.776,0.80846,0.80869,1.38,1.73
2014.01.24 09:12:34.683,0.80846,0.80869,1.73,1.00
2014.01.24 09:12:34.857,0.80857,0.80876,1.00,1.68
2014.01.24 09:12:34.907,0.80857,0.80876,1.00,1.68
2014.01.24 09:12:35.159,0.80857,0.80878,1.00,1.50
2014.01.24 09:12:35.389,0.80857,0.80878,1.13,1.13
2014.01.24 09:12:36.403,0.80861,0.80884,1.00,1.73
2014.01.24 09:12:36.672,0.80861,0.80884,1.00,1.73
2014.01.24 09:12:37.471,0.80861,0.80884,1.00,1.73
2014.01.24 09:12:43.302,0.80861,0.80884,1.00,1.30
2014.01.24 09:12:52.662,0.80866,0.80888,1.00,1.30
2014.01.24 09:12:53.005,0.80871,0.80894,1.73,1.38
2014.01.24 09:12:53.156,0.80877,0.80898,1.00,1.38
2014.01.24 09:12:53.682,0.80877,0.80898,1.00,1.00
2014.01.24 09:12:55.131,0.80881,0.80904,1.00,1.38
2014.01.24 09:12:55.432,0.80892,0.80913,1.00,1.75
2014.01.24 09:12:55.482,0.80892,0.80913,1.00,1.75
2014.01.24 09:12:55.682,0.80887,0.80913,1.00,2.10
2014.01.24 09:12:55.782,0.80881,0.80909,1.00,1.38
2014.01.24 09:12:56.319,0.80881,0.80909,1.00,1.38
2014.01.24 09:12:56.840,0.80881,0.80909,1.00,1.38
2014.01.24 09:12:58.714,0.80886,0.80909,1.00,1.38
2014.01.24 09:12:59.223,0.80886,0.80909,1.00,1.38
2014.01.24 09:13:00.712,0.80886,0.80909,1.00,1.38
2014.01.24 09:13:01.260,0.80886,0.80909,1.00,1.38
2014.01.24 09:13:01.619,0.80887,0.80913,1.00,2.10
2014.01.24 09:13:07.673,0.80886,0.80909,1.00,1.00
2014.01.24 09:13:07.892,0.80887,0.80911,1.00,1.00
2014.01.24 09:13:07.961,0.80887,0.80913,1.00,2.10
2014.01.24 09:13:09.490,0.80886,0.80909,1.00,1.13
2014.01.24 09:13:15.730,0.80886,0.80914,1.00,2.10
2014.01.24 09:13:16.391,0.80886,0.80914,1.00,2.10
2014.01.24 09:13:18.727,0.80886,0.80914,1.00,2.10
2014.01.24 09:13:18.777,0.80891,0.80914,1.00,2.10
2014.01.24 09:13:19.391,0.80891,0.80914,1.00,2.10
2014.01.24 09:13:19.612,0.80887,0.80913,1.00,1.38
2014.01.24 09:13:20.160,0.80892,0.80913,1.00,1.38
2014.01.24 09:13:21.191,0.80892,0.80913,1.00,1.38
2014.01.24 09:13:21.918,0.80892,0.80913,1.00,1.38
2014.01.24 09:13:23.061,0.80892,0.80913,1.00,1.38
2014.01.24 09:13:23.371,0.80886,0.80914,1.00,1.50
2014.01.24 09:13:23.573,0.80886,0.80914,1.00,1.50
2014.01.24 09:13:23.901,0.80882,0.80913,1.38,1.38
2014.01.24 09:13:24.673,0.80881,0.80909,2.10,1.38
2014.01.24 09:13:25.355,0.80881,0.80909,1.73,1.50
2014.01.24 09:13:28.512,0.80881,0.80909,1.35,1.50
2014.01.24 09:13:28.994,0.80882,0.80903,1.00,1.13
2014.01.24 09:13:29.505,0.80881,0.80909,1.00,1.50
2014.01.24 09:13:30.819,0.80882,0.80908,1.00,1.38
2014.01.24 09:13:31.595,0.80882,0.80908,1.00,1.38
2014.01.24 09:13:31.904,0.80876,0.80904,1.38,1.38
2014.01.24 09:13:32.254,0.80876,0.80904,1.38,1.38
2014.01.24 09:13:32.405,0.80881,0.80909,1.00,1.50
2014.01.24 09:13:32.705,0.80881,0.80909,1.00,1.50
2014.01.24 09:13:32.814,0.80881,0.80909,1.00,1.50
2014.01.24 09:13:33.584,0.80881,0.80909,1.00,1.50
2014.01.24 09:13:34.601,0.80881,0.80909,1.00,1.50
2014.01.24 09:13:35.340,0.80881,0.80909,1.00,1.50
2014.01.24 09:13:36.234,0.80881,0.80909,1.00,1.50
2014.01.24 09:13:36.536,0.80876,0.80899,1.98,1.00
2014.01.24 09:13:37.053,0.80872,0.80898,2.10,1.00
2014.01.24 09:13:40.439,0.80872,0.80898,1.60,1.00
2014.01.24 09:13:41.801,0.80872,0.80898,1.00,1.00
2014.01.24 09:13:41.851,0.80872,0.80893,1.00,1.00
2014.01.24 09:13:44.410,0.80877,0.80898,1.00,1.38
2014.01.24 09:13:44.611,0.80871,0.80894,1.00,1.00
2014.01.24 09:13:44.878,0.80872,0.80893,1.60,1.00
2014.01.24 09:13:45.191,0.80867,0.80888,1.98,1.00
2014.01.24 09:13:45.621,0.80871,0.80894,1.73,1.38
2014.01.24 09:13:46.170,0.80871,0.80894,1.73,1.00
2014.01.24 09:13:47.330,0.80871,0.80893,1.30,1.00
2014.01.24 09:13:47.964,0.80871,0.80889,1.30,1.00
2014.01.24 09:13:52.084,0.80867,0.80893,3.23,1.38
2014.01.24 09:13:54.340,0.80867,0.80893,3.23,1.13
2014.01.24 09:13:55.388,0.80867,0.80893,4.80,1.13
2014.01.24 09:13:56.356,0.80871,0.80894,1.00,1.38
2014.01.24 09:13:56.670,0.80872,0.80897,1.00,1.00
2014.01.24 09:14:02.814,0.80872,0.80898,1.60,1.50
2014.01.24 09:14:02.864,0.80877,0.80898,1.00,1.38
2014.01.24 09:14:03.396,0.80876,0.80904,1.35,1.75
2014.01.24 09:14:04.338,0.80876,0.80904,1.73,1.38
2014.01.24 09:14:05.232,0.80876,0.80904,1.73,1.13
2014.01.24 09:14:07.164,0.80881,0.80909,1.00,1.75
2014.01.24 09:14:08.033,0.80881,0.80909,1.00,1.38
2014.01.24 09:14:12.091,0.80882,0.80908,1.00,1.38
2014.01.24 09:14:12.697,0.80881,0.80914,1.38,2.10
2014.01.24 09:14:13.309,0.80881,0.80914,1.38,2.10
2014.01.24 09:14:15.509,0.80882,0.80908,1.13,1.38
2014.01.24 09:14:19.469,0.80882,0.80908,1.50,1.00
2014.01.24 09:14:21.895,0.80882,0.80903,1.50,1.00
2014.01.24 09:14:25.182,0.80882,0.80908,1.38,1.00
2014.01.24 09:14:25.318,0.80881,0.80904,1.38,1.00
2014.01.24 09:14:25.512,0.80881,0.80909,1.38,1.73
2014.01.24 09:14:28.810,0.80886,0.80909,1.00,1.73
2014.01.24 09:14:32.991,0.80881,0.80909,1.50,1.73
2014.01.24 09:14:34.446,0.80881,0.80909,1.50,1.73
2014.01.24 09:14:36.522,0.80881,0.80909,1.50,1.73
2014.01.24 09:14:36.833,0.80877,0.80903,2.10,1.13
2014.01.24 09:14:37.213,0.80881,0.80905,1.13,1.30
2014.01.24 09:14:38.829,0.80881,0.80909,1.13,3.23
2014.01.24 09:14:39.181,0.80882,0.80903,1.00,1.98
2014.01.24 09:14:39.791,0.80882,0.80903,1.00,1.98
2014.01.24 09:14:41.401,0.80882,0.80908,1.00,1.98
2014.01.24 09:14:42.122,0.80882,0.80908,1.00,1.73
2014.01.24 09:14:42.789,0.80882,0.80908,1.00,1.98
2014.01.24 09:14:43.999,0.80882,0.80908,1.00,1.98
2014.01.24 09:14:45.202,0.80881,0.80904,1.13,1.00
2014.01.24 09:15:04.089,0.80881,0.80904,1.00,1.38
2014.01.24 09:15:08.021,0.80881,0.80904,1.00,1.13
2014.01.24 09:15:16.282,0.80877,0.80903,1.00,1.00
2014.01.24 09:15:23.881,0.80877,0.80903,1.00,1.38
2014.01.24 09:15:24.809,0.80877,0.80903,1.00,1.00
2014.01.24 09:15:31.348,0.80881,0.80904,1.00,1.13
2014.01.24 09:15:34.651,0.80877,0.80903,1.00,1.00
2014.01.24 09:15:34.856,0.80877,0.80903,1.38,1.00
2014.01.24 09:15:35.846,0.80877,0.80903,1.13,1.38
2014.01.24 09:15:36.210,0.80877,0.80898,1.00,1.00
2014.01.24 09:15:36.979,0.80874,0.80899,1.35,1.13
2014.01.24 09:15:37.549,0.80877,0.80898,1.00,1.00
2014.01.24 09:15:43.597,0.80876,0.80904,1.13,1.38
2014.01.24 09:15:44.135,0.80881,0.80904,1.00,1.98
2014.01.24 09:15:44.449,0.80881,0.80904,1.00,1.60
2014.01.24 09:15:45.028,0.80881,0.80904,1.00,1.98
2014.01.24 09:15:49.868,0.80881,0.80903,1.00,1.35
2014.01.24 09:15:50.952,0.80881,0.80901,1.00,2.85
2014.01.24 09:15:51.062,0.80881,0.80904,1.00,1.75
2014.01.24 09:15:51.403,0.80877,0.80901,1.13,1.00
2014.01.24 09:15:51.554,0.80877,0.80903,1.00,1.75
2014.01.24 09:15:58.638,0.80877,0.80902,1.00,1.35
2014.01.24 09:15:58.789,0.80871,0.80899,1.38,1.38
2014.01.24 09:15:58.914,0.80871,0.80899,1.38,1.38
2014.01.24 09:15:59.866,0.80871,0.80899,1.38,1.38
2014.01.24 09:16:00.196,0.80871,0.80899,1.38,1.38
2014.01.24 09:16:00.985,0.80871,0.80899,1.38,1.38
2014.01.24 09:16:01.108,0.80871,0.80899,1.38,1.38
2014.01.24 09:16:01.293,0.80872,0.80899,2.48,1.38
2014.01.24 09:16:01.604,0.80877,0.80898,1.00,1.38
2014.01.24 09:16:01.655,0.80872,0.80893,1.13,1.73
2014.01.24 09:16:02.164,0.80872,0.80893,1.13,1.38
2014.01.24 09:16:03.283,0.80872,0.80893,1.13,1.38
2014.01.24 09:16:03.984,0.80866,0.80894,1.38,1.38
2014.01.24 09:16:04.608,0.80866,0.80889,1.38,1.00
2014.01.24 09:16:04.995,0.80866,0.80894,1.00,1.50
2014.01.24 09:16:05.158,0.80866,0.80894,1.00,1.50
2014.01.24 09:16:05.711,0.80866,0.80894,1.00,1.50
2014.01.24 09:16:07.028,0.80866,0.80889,1.00,1.38
2014.01.24 09:16:08.136,0.80866,0.80889,1.00,1.00
2014.01.24 09:16:08.965,0.80871,0.80894,1.00,1.50
2014.01.24 09:16:11.169,0.80871,0.80894,1.00,1.50
2014.01.24 09:16:13.259,0.80871,0.80894,1.00,1.50
2014.01.24 09:16:13.811,0.80871,0.80894,1.00,1.50
2014.01.24 09:16:16.723,0.80876,0.80895,1.00,1.35
2014.01.24 09:16:16.823,0.80876,0.80895,1.00,1.35
2014.01.24 09:16:16.924,0.80876,0.80894,1.00,1.00
2014.01.24 09:16:16.975,0.80872,0.80894,1.00,1.00
2014.01.24 09:16:17.159,0.80877,0.80894,1.00,1.00
2014.01.24 09:16:17.602,0.80872,0.80894,1.00,1.00
2014.01.24 09:16:17.663,0.80872,0.80895,1.00,1.35
2014.01.24 09:16:18.321,0.80872,0.80893,1.00,1.38
2014.01.24 09:16:19.339,0.80872,0.80893,1.00,1.38
2014.01.24 09:16:21.120,0.80871,0.80894,1.00,1.50
2014.01.24 09:16:22.940,0.80871,0.80894,1.00,1.50
2014.01.24 09:16:23.871,0.80877,0.80895,1.00,1.35
2014.01.24 09:16:24.702,0.80877,0.80894,1.00,1.00
2014.01.24 09:16:25.298,0.80872,0.80894,1.00,1.00
2014.01.24 09:16:33.041,0.80872,0.80898,1.38,3.23
2014.01.24 09:16:33.092,0.80872,0.80898,1.38,1.13
2014.01.24 09:16:33.142,0.80877,0.80903,1.00,1.98
2014.01.24 09:16:33.443,0.80882,0.80903,1.00,1.60
2014.01.24 09:16:33.758,0.80887,0.80908,1.00,2.10
2014.01.24 09:16:35.898,0.80892,0.80913,1.00,3.23
2014.01.24 09:16:36.890,0.80891,0.80912,1.00,2.48
2014.01.24 09:16:36.991,0.80891,0.80914,1.00,2.10
2014.01.24 09:16:37.330,0.80886,0.80914,1.00,2.10
2014.01.24 09:16:37.819,0.80886,0.80914,1.00,2.10
2014.01.24 09:16:38.042,0.80886,0.80914,1.00,2.10
2014.01.24 09:16:38.343,0.80887,0.80908,1.00,1.73
2014.01.24 09:16:38.645,0.80892,0.80913,1.00,1.38
2014.01.24 09:16:38.745,0.80892,0.80913,1.00,1.38
2014.01.24 09:16:39.080,0.80896,0.80917,1.00,1.35
2014.01.24 09:16:39.138,0.80896,0.80914,1.00,1.00
2014.01.24 09:16:39.638,0.80901,0.8092,1.00,1.35
2014.01.24 09:16:39.792,0.80901,0.80923,1.00,2.48
2014.01.24 09:16:40.707,0.80901,0.80923,1.00,2.10
2014.01.24 09:16:42.609,0.80901,0.80924,1.00,1.60
2014.01.24 09:16:43.233,0.80906,0.80926,1.00,2.48
2014.01.24 09:16:43.284,0.80906,0.80927,1.00,1.68
2014.01.24 09:16:43.335,0.80906,0.80927,1.00,1.30
2014.01.24 09:16:43.435,0.80906,0.80929,1.38,2.85
2014.01.24 09:16:43.767,0.80912,0.80933,1.00,1.73
2014.01.24 09:16:44.331,0.80907,0.80928,1.38,1.00
2014.01.24 09:16:44.579,0.80911,0.80931,1.00,1.30
2014.01.24 09:16:45.578,0.80907,0.80928,1.38,1.00
2014.01.24 09:16:46.381,0.80902,0.80928,1.38,1.38
2014.01.24 09:16:46.711,0.80902,0.80928,1.38,1.13
2014.01.24 09:16:47.308,0.80906,0.80929,1.38,1.00
2014.01.24 09:16:48.296,0.80902,0.80928,1.50,1.00
2014.01.24 09:16:51.899,0.80906,0.80934,1.38,1.98
2014.01.24 09:16:52.620,0.80906,0.80932,1.38,1.30
2014.01.24 09:16:54.222,0.80906,0.80934,1.38,1.98
2014.01.24 09:16:55.431,0.80906,0.80934,1.38,1.98
2014.01.24 09:16:55.980,0.80906,0.80934,1.38,1.98
2014.01.24 09:16:56.201,0.80906,0.80934,1.38,1.98
2014.01.24 09:16:56.764,0.80906,0.80929,1.38,1.38
2014.01.24 09:16:57.590,0.80906,0.80929,1.38,1.38
2014.01.24 09:16:57.938,0.80911,0.80934,1.00,1.38
2014.01.24 09:16:58.149,0.80906,0.80929,1.38,1.38
2014.01.24 09:16:58.452,0.80906,0.80929,1.00,1.38
2014.01.24 09:16:58.578,0.80902,0.80928,1.50,1.13
2014.01.24 09:16:59.568,0.80907,0.80928,1.00,1.13
2014.01.24 09:16:59.870,0.80907,0.80928,1.00,1.38
2014.01.24 09:17:00.121,0.80903,0.80924,1.30,1.13
2014.01.24 09:17:00.659,0.80897,0.80923,1.98,1.13
2014.01.24 09:17:00.961,0.80897,0.80923,1.98,1.38
2014.01.24 09:17:01.308,0.80902,0.80923,1.73,1.38
2014.01.24 09:17:01.363,0.80901,0.80929,1.98,1.38
2014.01.24 09:17:01.464,0.80906,0.80929,1.00,1.38
2014.01.24 09:17:02.019,0.80906,0.80929,1.00,1.98
2014.01.24 09:17:02.899,0.80906,0.80929,1.00,1.98
2014.01.24 09:17:03.879,0.80906,0.80929,1.00,1.98
2014.01.24 09:17:04.631,0.80901,0.80929,1.38,1.98
2014.01.24 09:17:05.870,0.80902,0.80923,1.38,1.00
2014.01.24 09:17:06.390,0.80907,0.80928,1.00,1.73
2014.01.24 09:17:06.530,0.80907,0.80928,1.00,1.38
2014.01.24 09:17:06.731,0.80903,0.80929,1.30,1.38
2014.01.24 09:17:06.882,0.80903,0.80929,1.30,1.38
2014.01.24 09:17:07.272,0.80907,0.80928,1.00,1.38
2014.01.24 09:17:08.083,0.80907,0.80928,1.00,1.13
2014.01.24 09:17:09.375,0.80903,0.80929,1.35,1.38
2014.01.24 09:17:09.425,0.80903,0.80929,1.30,1.38
2014.01.24 09:17:10.319,0.80903,0.80929,1.30,1.38
2014.01.24 09:17:10.939,0.80901,0.80928,1.73,2.48
2014.01.24 09:17:11.517,0.80901,0.80924,1.73,1.38
2014.01.24 09:17:12.167,0.80901,0.80924,1.38,1.98
2014.01.24 09:17:12.688,0.80902,0.80926,1.38,2.48
2014.01.24 09:17:13.262,0.80902,0.80923,1.38,1.73
2014.01.24 09:17:13.659,0.80897,0.80918,1.35,1.00
2014.01.24 09:17:13.809,0.80897,0.80918,1.00,1.38
2014.01.24 09:17:15.408,0.80902,0.80918,1.00,2.48
2014.01.24 09:17:15.559,0.80902,0.80923,1.00,3.23
2014.01.24 09:17:15.861,0.80901,0.80926,1.00,2.48
2014.01.24 09:17:17.125,0.80907,0.80926,1.00,2.48
2014.01.24 09:17:17.175,0.80907,0.80927,1.00,1.68
2014.01.24 09:17:17.426,0.80912,0.80931,1.00,1.35
2014.01.24 09:17:17.477,0.80912,0.80927,1.00,1.00
2014.01.24 09:17:18.850,0.80906,0.80933,1.00,1.35
2014.01.24 09:17:18.960,0.80916,0.80933,1.00,1.35
2014.01.24 09:17:19.010,0.80916,0.80937,1.00,2.85
2014.01.24 09:17:19.214,0.80912,0.80933,1.00,1.73
2014.01.24 09:17:19.264,0.80912,0.80933,1.00,1.73
2014.01.24 09:17:19.465,0.80912,0.80933,1.00,1.35
2014.01.24 09:17:19.653,0.80922,0.80939,1.00,1.35
2014.01.24 09:17:19.804,0.80922,0.80939,1.00,1.35
2014.01.24 09:17:19.855,0.80911,0.80939,1.00,2.10
2014.01.24 09:17:20.106,0.80916,0.80938,1.00,1.35
2014.01.24 09:17:20.413,0.80916,0.80938,1.00,1.35
2014.01.24 09:17:20.719,0.80916,0.80938,1.00,1.35
2014.01.24 09:17:21.428,0.80916,0.80938,1.00,1.35
2014.01.24 09:17:21.640,0.80916,0.80938,1.00,1.35
2014.01.24 09:17:21.712,0.80911,0.80938,1.00,1.35
2014.01.24 09:17:22.189,0.80917,0.80937,1.00,1.35
2014.01.24 09:17:22.494,0.80921,0.8094,1.00,1.35
2014.01.24 09:17:24.841,0.80916,0.80937,1.00,1.00
2014.01.24 09:17:24.942,0.80916,0.8094,1.00,1.35
2014.01.24 09:17:25.338,0.80921,0.8094,1.00,1.35
2014.01.24 09:17:25.389,0.80921,0.80937,1.00,1.00
2014.01.24 09:17:25.939,0.80921,0.80942,1.00,2.48
2014.01.24 09:17:26.355,0.80931,0.80942,1.00,2.10
2014.01.24 09:17:26.406,0.80931,0.80949,1.00,1.35
2014.01.24 09:17:26.506,0.80931,0.80949,1.00,1.35
2014.01.24 09:17:26.607,0.80927,0.80948,1.00,2.10
2014.01.24 09:17:27.112,0.80927,0.80948,1.00,2.10
2014.01.24 09:17:30.227,0.80927,0.80948,1.00,2.10
2014.01.24 09:17:30.443,0.80927,0.80946,1.00,1.30
2014.01.24 09:17:30.693,0.80932,0.80948,1.00,1.35
2014.01.24 09:17:32.088,0.80932,0.80948,1.00,1.00
2014.01.24 09:17:33.414,0.80932,0.80949,1.00,1.35
2014.01.24 09:17:33.752,0.80932,0.80953,1.00,1.98
2014.01.24 09:17:34.295,0.80932,0.80953,1.00,1.98
2014.01.24 09:17:34.769,0.80932,0.80953,1.00,1.98
2014.01.24 09:17:35.288,0.80932,0.80949,1.00,1.30
2014.01.24 09:17:35.816,0.80932,0.80951,1.00,2.48
2014.01.24 09:17:37.361,0.80932,0.80951,1.00,2.48
2014.01.24 09:17:37.581,0.80931,0.80955,1.00,2.48
2014.01.24 09:17:37.632,0.80937,0.80955,1.00,2.48
2014.01.24 09:17:38.186,0.80937,0.80955,1.00,2.48
2014.01.24 09:17:39.013,0.80937,0.80955,1.00,2.48
2014.01.24 09:17:39.164,0.80937,0.80958,1.00,1.35
2014.01.24 09:17:39.265,0.80937,0.80959,1.00,1.35
2014.01.24 09:17:39.315,0.80937,0.8096,1.38,2.48
2014.01.24 09:17:39.366,0.80937,0.80959,1.38,1.30
2014.01.24 09:17:39.498,0.80941,0.80964,1.00,1.98
2014.01.24 09:17:39.890,0.80941,0.80964,1.00,1.98
2014.01.24 09:17:40.329,0.80941,0.80964,1.00,1.13
2014.01.24 09:17:45.647,0.80942,0.80968,1.00,4.80
2014.01.24 09:17:46.156,0.80941,0.80968,1.00,2.85
2014.01.24 09:17:46.823,0.80941,0.80968,1.00,2.85
2014.01.24 09:17:47.925,0.80941,0.80968,1.00,2.85
2014.01.24 09:17:47.976,0.80947,0.80968,1.00,1.50
2014.01.24 09:17:48.076,0.80947,0.80968,1.00,1.50
2014.01.24 09:17:48.192,0.80952,0.80969,1.00,1.68
2014.01.24 09:17:48.629,0.80947,0.80968,1.38,1.38
2014.01.24 09:17:48.729,0.80952,0.80972,1.00,2.48
2014.01.24 09:17:48.986,0.80947,0.80968,1.38,1.38
2014.01.24 09:17:49.315,0.80951,0.80972,1.00,2.48
2014.01.24 09:17:49.616,0.80947,0.80968,1.38,1.13
2014.01.24 09:17:50.502,0.80942,0.80968,1.13,1.50
2014.01.24 09:17:50.822,0.80942,0.80963,1.00,1.00
2014.01.24 09:17:51.123,0.80942,0.8096,1.00,1.30
2014.01.24 09:17:51.437,0.80947,0.80967,1.00,2.48
2014.01.24 09:17:51.919,0.80942,0.80967,1.00,2.48
2014.01.24 09:17:52.449,0.80942,0.80962,1.00,2.48
2014.01.24 09:17:53.237,0.80936,0.80959,1.38,1.73
2014.01.24 09:17:53.640,0.80936,0.80959,1.38,1.73
2014.01.24 09:17:54.318,0.80936,0.80959,1.00,2.10
2014.01.24 09:17:54.419,0.80936,0.80958,1.00,1.68
2014.01.24 09:17:54.700,0.80926,0.80953,1.38,2.48
2014.01.24 09:17:55.397,0.80926,0.8095,1.38,1.30
2014.01.24 09:17:55.988,0.80926,0.80953,1.38,2.48
2014.01.24 09:17:57.157,0.80926,0.80953,1.38,2.48
2014.01.24 09:17:59.032,0.80926,0.8095,1.00,1.35
2014.01.24 09:17:59.363,0.80926,0.80947,1.00,2.85
2014.01.24 09:17:59.670,0.80921,0.80944,1.00,1.38
2014.01.24 09:17:59.977,0.80921,0.80944,1.00,1.13
2014.01.24 09:18:00.226,0.80921,0.80946,1.00,1.30
2014.01.24 09:18:00.337,0.80926,0.80946,1.00,1.30
2014.01.24 09:18:00.865,0.80922,0.80946,1.00,1.30
2014.01.24 09:18:01.071,0.80926,0.80946,1.00,1.30
2014.01.24 09:18:01.625,0.80926,0.80949,1.00,2.10
2014.01.24 09:18:04.579,0.80932,0.8095,1.00,1.35
2014.01.24 09:18:04.991,0.80931,0.80957,1.00,2.48
2014.01.24 09:18:05.155,0.80931,0.80954,1.00,1.30
2014.01.24 09:18:05.259,0.80931,0.80957,1.00,2.48
2014.01.24 09:18:06.029,0.80931,0.80954,1.00,1.30
2014.01.24 09:18:06.548,0.80931,0.80959,1.00,1.75
2014.01.24 09:18:06.649,0.80936,0.80959,1.00,1.75
2014.01.24 09:18:06.699,0.80936,0.80959,1.00,1.50
2014.01.24 09:18:07.107,0.80932,0.80958,1.00,1.13
2014.01.24 09:18:07.327,0.80932,0.80955,1.00,2.10
2014.01.24 09:18:07.663,0.80936,0.80958,1.00,1.68
2014.01.24 09:18:07.713,0.80936,0.80958,1.00,1.68
2014.01.24 09:18:07.827,0.80931,0.80958,1.00,1.68
2014.01.24 09:18:09.193,0.80937,0.80958,1.00,1.13
2014.01.24 09:18:14.935,0.80937,0.80958,1.00,1.50
2014.01.24 09:18:16.158,0.80937,0.80958,1.00,2.10
2014.01.24 09:18:18.874,0.80942,0.80962,1.00,1.35
2014.01.24 09:18:19.176,0.80946,0.80967,1.00,1.35
2014.01.24 09:18:19.378,0.80942,0.80963,1.00,1.50
2014.01.24 09:18:19.811,0.80942,0.80963,1.00,1.13
2014.01.24 09:18:19.861,0.80942,0.80963,1.00,1.73
2014.01.24 09:18:23.819,0.80942,0.80959,1.00,2.10
2014.01.24 09:18:23.919,0.80937,0.80958,1.38,1.60
2014.01.24 09:18:24.437,0.80937,0.80958,1.38,1.98
2014.01.24 09:18:26.156,0.80937,0.80958,1.38,1.98
2014.01.24 09:18:27.292,0.80937,0.80958,1.38,1.98
2014.01.24 09:18:34.890,0.80937,0.80958,1.00,1.98
2014.01.24 09:18:35.097,0.80931,0.80959,1.13,3.23
2014.01.24 09:18:36.306,0.80932,0.80953,1.00,1.00
2014.01.24 09:18:36.416,0.80932,0.80953,1.00,1.38
2014.01.24 09:18:37.552,0.80932,0.80953,1.00,1.75
2014.01.24 09:18:37.653,0.80922,0.80943,1.38,1.35
2014.01.24 09:18:37.854,0.80926,0.80949,1.00,1.73
2014.01.24 09:18:39.089,0.80921,0.80944,1.13,1.13
2014.01.24 09:18:39.496,0.80927,0.80946,1.00,2.48
2014.01.24 09:18:39.569,0.80927,0.80946,1.00,2.48
2014.01.24 09:18:40.098,0.80927,0.80948,1.00,1.98
2014.01.24 09:18:41.884,0.80927,0.80946,1.00,1.30
2014.01.24 09:18:42.453,0.80922,0.80948,1.00,1.98
2014.01.24 09:18:42.616,0.80926,0.80949,1.00,2.48
2014.01.24 09:18:43.196,0.80926,0.80949,1.00,2.48
2014.01.24 09:18:43.749,0.80927,0.80948,1.00,3.23
2014.01.24 09:18:43.896,0.80922,0.80948,1.00,3.23
2014.01.24 09:18:43.947,0.80922,0.80943,1.00,2.48
2014.01.24 09:18:44.967,0.80922,0.80943,1.00,2.48
2014.01.24 09:18:46.597,0.80922,0.80943,1.00,2.48
2014.01.24 09:18:46.976,0.80926,0.80943,1.00,2.48
2014.01.24 09:18:47.308,0.80926,0.80941,1.00,2.48
2014.01.24 09:18:47.679,0.80922,0.80938,1.00,2.48
2014.01.24 09:18:47.930,0.80922,0.80945,1.00,2.48
2014.01.24 09:18:48.357,0.80922,0.80943,1.00,3.23
2014.01.24 09:18:49.270,0.80922,0.80943,1.00,3.23
2014.01.24 09:18:49.820,0.80921,0.80943,1.13,2.48
2014.01.24 09:18:50.153,0.80921,0.80943,1.13,2.48
2014.01.24 09:18:50.479,0.80921,0.80943,1.13,2.48
2014.01.24 09:18:50.920,0.80921,0.80943,1.13,2.48
2014.01.24 09:18:51.471,0.80922,0.80943,1.00,3.23
2014.01.24 09:18:52.126,0.80922,0.80943,1.00,3.23
2014.01.24 09:18:52.852,0.80922,0.80943,1.00,3.23
2014.01.24 09:18:53.237,0.80922,0.80943,1.00,3.23
2014.01.24 09:18:53.611,0.80917,0.80943,1.00,3.23
2014.01.24 09:18:53.913,0.80922,0.80943,1.00,3.23
2014.01.24 09:18:54.339,0.80922,0.80943,1.00,1.98
2014.01.24 09:18:54.591,0.80927,0.80942,1.00,1.30
2014.01.24 09:18:55.130,0.80921,0.80942,1.00,1.30
2014.01.24 09:18:55.691,0.80927,0.80942,1.00,1.30
2014.01.24 09:18:55.920,0.80921,0.80941,1.00,2.10
2014.01.24 09:18:56.022,0.80927,0.80941,1.00,2.48
2014.01.24 09:18:56.419,0.80927,0.80944,1.00,2.48
2014.01.24 09:18:56.739,0.80927,0.80944,1.00,2.48
2014.01.24 09:18:56.964,0.80927,0.80944,1.00,2.48
2014.01.24 09:18:57.552,0.80927,0.80948,1.00,1.75
2014.01.24 09:18:57.653,0.80926,0.80946,1.00,1.00
2014.01.24 09:18:58.087,0.80932,0.80951,1.00,2.48
2014.01.24 09:18:58.288,0.80932,0.80953,1.00,1.98
2014.01.24 09:18:58.608,0.80932,0.80951,1.00,1.30
2014.01.24 09:19:01.399,0.80927,0.80949,1.13,2.10
2014.01.24 09:19:01.715,0.80927,0.80946,1.00,2.48
2014.01.24 09:19:02.256,0.80927,0.80948,1.00,1.98
2014.01.24 09:19:03.199,0.80921,0.80949,1.38,3.23
2014.01.24 09:19:03.998,0.80921,0.80949,1.38,3.23
2014.01.24 09:19:04.535,0.80921,0.80944,1.38,1.38
2014.01.24 09:19:04.786,0.80926,0.80945,1.13,1.30
2014.01.24 09:19:05.106,0.80926,0.80949,1.13,1.73
2014.01.24 09:19:05.629,0.80927,0.80952,1.00,2.48
2014.01.24 09:19:05.859,0.80927,0.80949,1.00,1.30
2014.01.24 09:19:06.394,0.80927,0.80948,1.00,1.00
2014.01.24 09:19:07.980,0.80926,0.80954,1.13,1.98
2014.01.24 09:19:08.206,0.80932,0.80953,1.00,1.73
2014.01.24 09:19:08.407,0.80931,0.80959,1.00,1.75
2014.01.24 09:19:09.374,0.80931,0.8095,1.00,2.10
2014.01.24 09:19:09.424,0.80927,0.8095,1.00,2.48
2014.01.24 09:19:09.525,0.80932,0.8095,1.00,2.48
2014.01.24 09:19:09.630,0.80932,0.80953,1.00,1.38
2014.01.24 09:19:09.731,0.80932,0.80953,1.00,1.13
2014.01.24 09:19:09.832,0.80926,0.80954,1.13,1.98
2014.01.24 09:19:10.043,0.80926,0.80949,1.13,1.60
2014.01.24 09:19:10.711,0.80927,0.80953,1.00,1.73
2014.01.24 09:19:11.372,0.80927,0.80953,1.00,1.73
2014.01.24 09:19:13.153,0.80922,0.80943,1.73,1.00
2014.01.24 09:19:13.261,0.80921,0.80949,1.98,1.00
2014.01.24 09:19:13.311,0.80921,0.80949,1.38,1.60
2014.01.24 09:19:13.834,0.80921,0.80944,1.38,1.00
2014.01.24 09:19:15.147,0.80921,0.80949,1.38,1.98
2014.01.24 09:19:15.249,0.80921,0.80949,1.38,1.98
2014.01.24 09:19:15.364,0.80921,0.80947,1.38,1.30
2014.01.24 09:19:15.615,0.80921,0.80943,1.38,2.10
2014.01.24 09:19:15.715,0.80921,0.80941,1.00,1.60
2014.01.24 09:19:16.217,0.80921,0.80944,1.00,1.38
2014.01.24 09:19:17.375,0.80924,0.80944,2.10,1.38
2014.01.24 09:19:17.425,0.80927,0.80953,1.00,4.80
2014.01.24 09:19:17.526,0.80927,0.8095,1.00,1.30
2014.01.24 09:19:18.062,0.80927,0.80953,1.00,2.10
2014.01.24 09:19:18.645,0.80927,0.80953,1.00,2.10
2014.01.24 09:19:20.126,0.80927,0.80953,1.00,2.10
2014.01.24 09:19:20.351,0.80927,0.80953,1.00,2.10
2014.01.24 09:19:20.402,0.80931,0.80953,1.00,1.35
2014.01.24 09:19:20.620,0.80927,0.80948,1.00,1.00
2014.01.24 09:19:21.202,0.80927,0.80948,1.00,1.38
2014.01.24 09:19:21.408,0.80921,0.80949,1.38,1.38
2014.01.24 09:19:21.677,0.80921,0.80949,1.38,1.98
2014.01.24 09:19:22.001,0.80921,0.80949,1.38,1.98
2014.01.24 09:19:22.969,0.80921,0.80949,1.38,1.98
2014.01.24 09:19:23.277,0.80926,0.80949,1.00,1.98
2014.01.24 09:19:27.930,0.80926,0.80949,1.00,1.98
2014.01.24 09:19:28.085,0.80921,0.80949,1.38,1.98
2014.01.24 09:19:28.136,0.80921,0.80949,1.38,1.98
2014.01.24 09:19:28.485,0.80926,0.80948,1.00,1.30
2014.01.24 09:19:28.986,0.80926,0.80949,1.00,1.98
2014.01.24 09:19:29.220,0.80926,0.80949,1.00,1.13
2014.01.24 09:19:29.835,0.80927,0.80953,1.00,2.10
2014.01.24 09:19:30.024,0.80927,0.80951,1.00,1.30
2014.01.24 09:19:30.420,0.80926,0.80949,1.00,1.00
2014.01.24 09:19:30.768,0.80922,0.80943,1.13,1.13
2014.01.24 09:19:31.204,0.80922,0.80943,1.13,1.38
2014.01.24 09:19:31.421,0.80922,0.80943,1.13,1.00
2014.01.24 09:19:34.366,0.80927,0.80948,1.00,1.73
2014.01.24 09:19:34.467,0.80921,0.80949,1.35,1.98
2014.01.24 09:19:34.517,0.80921,0.80949,1.35,1.98
2014.01.24 09:19:34.846,0.80926,0.80949,1.00,1.13
2014.01.24 09:19:35.590,0.80926,0.80949,1.00,1.38
2014.01.24 09:19:36.566,0.80922,0.80948,1.35,1.13
2014.01.24 09:19:37.276,0.80922,0.80948,1.35,1.38
2014.01.24 09:19:37.895,0.80922,0.80948,1.00,1.73
2014.01.24 09:19:38.201,0.80927,0.80948,1.00,1.73
2014.01.24 09:19:38.252,0.80927,0.80948,1.00,1.73
2014.01.24 09:19:39.108,0.80927,0.80948,1.00,1.35
2014.01.24 09:19:39.905,0.80926,0.80954,1.00,1.98
2014.01.24 09:19:40.006,0.80932,0.80953,1.00,1.38
2014.01.24 09:19:40.582,0.80932,0.80953,1.00,1.00
2014.01.24 09:19:40.644,0.80931,0.80959,1.00,1.60
2014.01.24 09:19:41.535,0.80931,0.80954,1.00,1.00
2014.01.24 09:19:43.069,0.80927,0.80948,1.38,1.00
2014.01.24 09:19:43.927,0.80927,0.80948,1.00,1.00
2014.01.24 09:19:44.635,0.80931,0.80954,1.00,1.38
2014.01.24 09:19:45.145,0.80931,0.80959,1.00,1.13
2014.01.24 09:19:45.527,0.80931,0.80959,1.00,1.73
2014.01.24 09:19:45.879,0.80931,0.80954,1.00,1.00
2014.01.24 09:19:46.080,0.80931,0.80959,1.00,1.13
2014.01.24 09:19:46.510,0.80937,0.80958,1.00,1.00
2014.01.24 09:19:49.046,0.80937,0.80958,1.00,2.85
2014.01.24 09:19:49.159,0.80931,0.80954,1.00,1.00
2014.01.24 09:19:50.042,0.80931,0.80954,1.00,1.60
2014.01.24 09:19:50.876,0.80927,0.80953,1.38,1.60
2014.01.24 09:19:51.205,0.80927,0.80953,1.35,1.38
2014.01.24 09:19:52.127,0.80926,0.80949,1.00,1.38
2014.01.24 09:19:53.777,0.80922,0.80943,2.85,1.00
2014.01.24 09:19:53.845,0.80922,0.80948,2.85,1.38
2014.01.24 09:19:55.165,0.80927,0.80948,1.00,1.38
2014.01.24 09:20:02.109,0.80921,0.80944,1.00,1.00
2014.01.24 09:20:02.655,0.80921,0.80949,1.00,1.73
2014.01.24 09:20:04.897,0.80921,0.80949,1.00,3.23
2014.01.24 09:20:04.997,0.80922,0.80943,1.00,1.00
2014.01.24 09:20:09.296,0.80922,0.80942,1.00,2.10
2014.01.24 09:20:09.396,0.80917,0.80942,1.13,2.10
2014.01.24 09:20:10.647,0.80917,0.80939,1.13,2.10
2014.01.24 09:20:11.167,0.80911,0.80938,1.38,2.10
2014.01.24 09:20:11.415,0.80911,0.80934,1.00,2.85
2014.01.24 09:20:11.575,0.80906,0.80929,1.00,1.00
2014.01.24 09:20:15.426,0.80912,0.80933,1.00,1.60
2014.01.24 09:20:15.477,0.80912,0.80933,1.00,1.35
2014.01.24 09:20:16.055,0.80911,0.80934,1.00,1.00
2014.01.24 09:20:17.387,0.80912,0.80936,1.00,1.30
2014.01.24 09:20:17.530,0.80916,0.80936,1.00,1.30
2014.01.24 09:20:20.180,0.80912,0.80933,1.00,1.00
2014.01.24 09:20:25.310,0.80916,0.80936,1.00,1.30
2014.01.24 09:20:26.445,0.80916,0.80939,1.00,1.60
2014.01.24 09:20:26.734,0.80912,0.80938,1.00,1.35
2014.01.24 09:20:27.334,0.80917,0.80942,1.00,2.48
2014.01.24 09:20:27.385,0.80917,0.80943,1.00,1.38
2014.01.24 09:20:27.836,0.80921,0.80944,1.00,1.38
2014.01.24 09:20:30.525,0.80921,0.80944,1.60,1.38
2014.01.24 09:20:30.726,0.80926,0.80949,1.00,1.73
2014.01.24 09:20:31.497,0.80926,0.80949,1.00,1.73
2014.01.24 09:20:31.638,0.80926,0.80949,1.60,1.38
2014.01.24 09:20:31.689,0.80926,0.80949,1.73,1.13
2014.01.24 09:20:31.890,0.8093,0.80954,2.10,1.75
2014.01.24 09:20:31.991,0.80937,0.80958,1.13,1.73
2014.01.24 09:20:32.141,0.80942,0.80963,1.00,2.10
2014.01.24 09:20:32.242,0.80942,0.80963,1.00,2.10
2014.01.24 09:20:32.970,0.80942,0.80963,1.00,1.00
2014.01.24 09:20:35.179,0.80942,0.80968,1.00,1.75
2014.01.24 09:20:35.323,0.80937,0.80963,1.00,1.50
2014.01.24 09:20:35.657,0.80942,0.80963,1.00,1.50
2014.01.24 09:20:37.036,0.80942,0.80963,1.00,1.50
2014.01.24 09:20:37.086,0.80936,0.80964,1.00,1.75
2014.01.24 09:20:37.606,0.80936,0.80964,1.00,1.75
2014.01.24 09:20:37.707,0.80937,0.80963,1.00,1.13
2014.01.24 09:20:38.058,0.80937,0.80963,1.00,2.10
2014.01.24 09:20:38.109,0.80931,0.80959,1.38,1.00
2014.01.24 09:20:38.159,0.80931,0.80959,1.38,1.60
2014.01.24 09:20:38.460,0.80931,0.80954,1.00,1.38
2014.01.24 09:20:39.215,0.80927,0.80953,1.38,1.13
2014.01.24 09:20:39.928,0.80931,0.80959,1.00,1.98
2014.01.24 09:20:40.229,0.80937,0.80965,1.00,1.35
2014.01.24 09:20:40.789,0.80936,0.80964,1.00,1.50
2014.01.24 09:20:40.866,0.80936,0.80964,1.00,1.50
2014.01.24 09:20:40.988,0.80936,0.80964,1.00,1.50
2014.01.24 09:20:41.090,0.80936,0.80964,1.00,1.50
2014.01.24 09:20:41.191,0.80936,0.80964,1.00,2.10
2014.01.24 09:20:42.675,0.80936,0.80969,1.00,1.75
2014.01.24 09:20:46.625,0.80941,0.80969,1.00,1.75
2014.01.24 09:20:46.843,0.80937,0.80968,1.00,1.75
2014.01.24 09:20:51.636,0.80937,0.80968,1.00,1.75
2014.01.24 09:20:52.172,0.80937,0.80968,1.00,1.75
2014.01.24 09:20:52.272,0.80937,0.80968,1.00,1.75
2014.01.24 09:20:52.373,0.80942,0.80968,1.00,1.75
2014.01.24 09:20:54.834,0.80942,0.80968,1.00,1.75
2014.01.24 09:20:55.258,0.80942,0.80968,1.00,1.75
2014.01.24 09:20:55.770,0.80942,0.80968,1.00,1.75
2014.01.24 09:20:56.358,0.80942,0.80968,1.00,1.75
2014.01.24 09:20:56.824,0.80942,0.80968,1.00,1.75
2014.01.24 09:20:57.375,0.80942,0.80968,1.00,1.75
2014.01.24 09:20:57.476,0.80942,0.80968,1.00,1.75
2014.01.24 09:20:57.626,0.80946,0.80969,1.00,1.75
2014.01.24 09:20:58.153,0.80946,0.80969,1.00,1.75
2014.01.24 09:20:59.136,0.80942,0.80963,1.73,1.00
2014.01.24 09:20:59.468,0.80952,0.80973,1.00,1.75
2014.01.24 09:20:59.668,0.80947,0.80968,1.73,1.38
2014.01.24 09:21:00.889,0.80947,0.80968,1.13,1.38
2014.01.24 09:21:01.684,0.80942,0.80963,1.98,1.00
2014.01.24 09:21:01.785,0.80947,0.80968,1.00,1.75
2014.01.24 09:21:02.136,0.80942,0.80963,1.38,1.00
2014.01.24 09:21:02.305,0.80942,0.80963,1.00,1.00
2014.01.24 09:21:02.848,0.80941,0.80969,1.38,2.10
2014.01.24 09:21:02.899,0.80941,0.80969,1.38,2.10
2014.01.24 09:21:03.289,0.80941,0.80967,1.38,1.00
2014.01.24 09:21:03.495,0.80941,0.80969,1.38,2.10
2014.01.24 09:21:03.968,0.80946,0.80973,1.38,2.85
2014.01.24 09:21:04.270,0.80952,0.80978,1.38,2.10
2014.01.24 09:21:04.320,0.80952,0.80978,1.38,2.10
2014.01.24 09:21:04.640,0.80951,0.80979,1.13,1.75
2014.01.24 09:21:04.868,0.80947,0.80968,2.10,1.00
2014.01.24 09:21:04.969,0.80947,0.80968,1.50,1.00
2014.01.24 09:21:05.070,0.80946,0.80974,2.10,1.98
2014.01.24 09:21:05.170,0.80947,0.80974,1.68,1.13
2014.01.24 09:21:05.271,0.80947,0.80974,1.35,1.38
2014.01.24 09:21:05.596,0.80952,0.80978,1.00,2.10
2014.01.24 09:21:06.137,0.80952,0.80978,1.00,2.10
2014.01.24 09:21:06.364,0.80952,0.80978,1.00,4.80
2014.01.24 09:21:06.860,0.80946,0.80969,1.50,1.00
2014.01.24 09:21:07.206,0.80946,0.80969,1.38,1.38
2014.01.24 09:21:07.777,0.80946,0.80969,1.38,1.38
2014.01.24 09:21:08.424,0.80946,0.80969,1.38,1.38
2014.01.24 09:21:08.625,0.80941,0.80964,3.23,1.38
2014.01.24 09:21:08.825,0.80941,0.80964,1.00,1.98
2014.01.24 09:21:09.376,0.80941,0.80964,1.00,1.38
2014.01.24 09:21:11.933,0.80941,0.80964,1.00,1.38
2014.01.24 09:21:13.155,0.80941,0.80964,1.00,1.38
2014.01.24 09:21:13.429,0.80937,0.80963,1.00,1.38
2014.01.24 09:21:13.631,0.80937,0.80963,1.00,1.38
2014.01.24 09:21:14.047,0.80937,0.80963,1.00,1.38
2014.01.24 09:21:14.097,0.80932,0.80963,1.38,1.38
2014.01.24 09:21:14.147,0.80932,0.80963,1.38,1.38
2014.01.24 09:21:14.491,0.80937,0.80958,1.00,1.38
2014.01.24 09:21:15.039,0.80937,0.80958,1.00,1.38
2014.01.24 09:21:16.182,0.80931,0.80959,1.38,1.73
2014.01.24 09:21:17.107,0.80931,0.80959,1.38,1.73
2014.01.24 09:21:19.194,0.80931,0.80959,1.38,1.73
2014.01.24 09:21:19.532,0.80937,0.80958,1.00,1.38
2014.01.24 09:21:19.733,0.80932,0.80958,1.38,1.38
2014.01.24 09:21:21.454,0.80936,0.80959,1.00,1.73
2014.01.24 09:21:22.207,0.80936,0.80959,1.00,1.73
2014.01.24 09:21:22.357,0.80932,0.80958,1.38,1.73
2014.01.24 09:21:22.458,0.80932,0.80958,1.38,1.73
2014.01.24 09:21:22.675,0.80932,0.80958,1.38,1.73
2014.01.24 09:21:22.946,0.80936,0.80959,1.00,1.98
2014.01.24 09:21:23.339,0.80936,0.80959,1.00,1.98
2014.01.24 09:21:23.563,0.80936,0.80958,1.00,1.35
2014.01.24 09:21:23.663,0.80926,0.80949,1.00,3.23
2014.01.24 09:21:24.056,0.80926,0.80949,1.60,1.00
2014.01.24 09:21:24.106,0.80936,0.80957,1.00,1.35
2014.01.24 09:21:24.324,0.80926,0.80954,1.60,1.38
2014.01.24 09:21:25.182,0.80926,0.80951,1.00,1.30
2014.01.24 09:21:25.622,0.80926,0.80954,1.60,1.38
2014.01.24 09:21:25.962,0.80931,0.80954,1.00,1.00
2014.01.24 09:21:26.321,0.80931,0.80954,1.00,1.38
2014.01.24 09:21:26.864,0.80931,0.80954,1.00,1.73
2014.01.24 09:21:26.914,0.80926,0.80954,1.38,1.73
2014.01.24 09:21:27.452,0.80926,0.80954,1.00,1.73
2014.01.24 09:21:29.044,0.80927,0.80948,1.00,1.00
2014.01.24 09:21:31.395,0.80932,0.80953,1.00,1.38
2014.01.24 09:21:31.445,0.80932,0.80953,1.00,1.13
2014.01.24 09:21:31.545,0.80932,0.80953,1.00,1.38
2014.01.24 09:21:31.696,0.80931,0.80956,1.13,1.00
2014.01.24 09:21:32.214,0.80931,0.80958,1.38,1.35
2014.01.24 09:21:32.973,0.80931,0.80956,1.13,1.00
2014.01.24 09:21:33.024,0.80932,0.80953,1.00,1.00
2014.01.24 09:21:33.556,0.80931,0.80954,1.13,1.00
2014.01.24 09:21:35.504,0.80931,0.80954,1.00,1.38
2014.01.24 09:21:35.655,0.80942,0.80968,1.00,1.00
2014.01.24 09:21:35.871,0.80952,0.80973,1.00,1.75
2014.01.24 09:21:35.972,0.80952,0.80971,1.00,1.00
2014.01.24 09:21:36.085,0.80948,0.80968,1.30,1.00
2014.01.24 09:21:36.186,0.80943,0.80968,1.30,1.38
2014.01.24 09:21:36.345,0.80941,0.80964,1.38,1.00
2014.01.24 09:21:36.797,0.80942,0.80968,1.73,1.00
2014.01.24 09:21:36.897,0.80952,0.80978,1.00,1.75
2014.01.24 09:21:36.948,0.80952,0.80978,1.00,1.75
2014.01.24 09:21:37.393,0.80951,0.80971,1.00,1.68
2014.01.24 09:21:37.444,0.80946,0.80971,1.00,1.68
2014.01.24 09:21:40.115,0.80946,0.80971,1.38,1.30
2014.01.24 09:21:40.165,0.80956,0.80971,1.00,1.30
2014.01.24 09:21:40.527,0.80957,0.80978,1.00,1.35
2014.01.24 09:21:41.327,0.80957,0.80978,1.00,1.35
2014.01.24 09:21:43.858,0.80957,0.80978,1.00,2.10
2014.01.24 09:21:44.209,0.80957,0.80978,1.00,4.80
2014.01.24 09:21:44.360,0.80951,0.80974,1.00,1.38
2014.01.24 09:21:44.411,0.80951,0.80971,1.00,2.48
2014.01.24 09:21:44.612,0.80951,0.80977,1.00,2.48
2014.01.24 09:21:44.662,0.80951,0.80977,1.00,2.48
2014.01.24 09:21:44.779,0.80952,0.80973,1.00,1.73
2014.01.24 09:21:45.297,0.80952,0.80969,1.00,1.35
2014.01.24 09:21:46.186,0.80952,0.80969,1.00,1.35
2014.01.24 09:21:46.865,0.80946,0.80969,1.00,2.85
2014.01.24 09:21:48.056,0.80946,0.80969,1.00,2.85
2014.01.24 09:21:48.517,0.80947,0.80968,1.00,1.73
2014.01.24 09:21:48.618,0.80947,0.80968,1.00,1.73
2014.01.24 09:21:48.972,0.80946,0.80971,1.00,1.35
2014.01.24 09:21:49.073,0.80952,0.80971,1.00,1.35
2014.01.24 09:21:49.430,0.80946,0.80971,1.00,1.35
2014.01.24 09:21:49.487,0.80946,0.80971,1.00,1.35
2014.01.24 09:21:50.145,0.80946,0.80969,1.00,1.68
2014.01.24 09:21:50.848,0.80946,0.80969,1.00,2.10
2014.01.24 09:21:51.246,0.80946,0.80969,1.00,2.10
2014.01.24 09:21:52.474,0.80946,0.80969,1.00,2.10
2014.01.24 09:21:52.592,0.80951,0.80974,1.00,2.10
2014.01.24 09:21:52.692,0.80951,0.80974,1.00,1.73
2014.01.24 09:21:53.193,0.80951,0.80974,1.00,1.00
2014.01.24 09:21:53.243,0.80957,0.80979,1.00,1.35
2014.01.24 09:21:53.851,0.80956,0.80977,1.00,2.48
2014.01.24 09:21:54.853,0.80956,0.80977,1.00,2.48
2014.01.24 09:21:56.204,0.80956,0.80974,1.00,1.30
2014.01.24 09:21:56.460,0.80956,0.80976,1.00,1.30
2014.01.24 09:21:56.619,0.80952,0.80976,1.00,1.30
2014.01.24 09:21:57.023,0.80952,0.80978,1.00,1.50
2014.01.24 09:21:57.353,0.80952,0.80978,1.00,2.10
2014.01.24 09:21:58.234,0.80952,0.80973,1.00,1.38
2014.01.24 09:21:59.794,0.80947,0.80968,1.98,1.00
2014.01.24 09:22:00.098,0.80949,0.80968,2.48,1.38
2014.01.24 09:22:00.198,0.80951,0.80974,1.35,1.38
2014.01.24 09:22:00.499,0.80951,0.80978,1.13,1.35
2014.01.24 09:22:00.919,0.80947,0.80973,1.75,1.00
2014.01.24 09:22:01.220,0.80956,0.80978,1.00,1.35
2014.01.24 09:22:01.371,0.80947,0.80973,3.23,1.38
2014.01.24 09:22:01.472,0.80947,0.80973,1.38,1.73
2014.01.24 09:22:01.655,0.80951,0.80974,1.00,1.38
2014.01.24 09:22:02.062,0.80951,0.8097,1.00,2.10
2014.01.24 09:22:02.112,0.80947,0.80968,1.38,1.60
2014.01.24 09:22:02.213,0.80947,0.80968,1.38,1.98
2014.01.24 09:22:02.314,0.80947,0.80968,1.00,2.10
2014.01.24 09:22:02.414,0.80941,0.80964,1.00,2.48
2014.01.24 09:22:02.465,0.80941,0.80964,1.00,2.48
2014.01.24 09:22:02.540,0.80941,0.80964,1.00,2.48
2014.01.24 09:22:02.891,0.80946,0.80968,1.00,1.35
2014.01.24 09:22:03.466,0.80946,0.80969,1.00,1.75
2014.01.24 09:22:04.228,0.80946,0.80969,1.00,1.75
2014.01.24 09:22:04.688,0.80942,0.80968,1.38,1.50
2014.01.24 09:22:04.789,0.80942,0.80963,1.00,1.00
2014.01.24 09:22:05.524,0.80942,0.80968,1.00,2.10
2014.01.24 09:22:05.775,0.80941,0.80964,1.38,1.00
2014.01.24 09:22:06.293,0.80941,0.80968,1.38,1.68
2014.01.24 09:22:06.565,0.80941,0.80968,1.13,1.68
2014.01.24 09:22:07.833,0.80946,0.80968,1.00,1.68
2014.01.24 09:22:08.153,0.80942,0.80963,1.00,1.60
2014.01.24 09:22:08.405,0.80942,0.80968,1.00,2.10
2014.01.24 09:22:08.913,0.80942,0.80963,1.00,1.35
2014.01.24 09:22:09.594,0.80942,0.80963,1.00,1.73
2014.01.24 09:22:09.704,0.80936,0.80959,1.50,1.00
2014.01.24 09:22:09.964,0.80936,0.80959,1.38,1.73
2014.01.24 09:22:10.696,0.80942,0.80962,1.00,2.48
2014.01.24 09:22:10.747,0.80942,0.80962,1.00,2.48
2014.01.24 09:22:11.286,0.80937,0.80958,1.38,1.38
2014.01.24 09:22:12.016,0.80937,0.80958,1.75,1.00
2014.01.24 09:22:12.067,0.8094,0.80958,2.10,1.00
2014.01.24 09:22:12.167,0.80946,0.80969,1.00,1.38
2014.01.24 09:22:12.606,0.80951,0.80974,1.00,2.10
2014.01.24 09:22:13.296,0.80951,0.80974,1.00,1.73
2014.01.24 09:22:13.598,0.80951,0.80979,1.73,1.50
2014.01.24 09:22:13.698,0.80951,0.80979,1.73,1.13
2014.01.24 09:22:14.134,0.80957,0.80983,1.00,1.75
2014.01.24 09:22:14.667,0.80962,0.80983,1.00,1.50
2014.01.24 09:22:21.143,0.80961,0.80984,1.00,1.75
2014.01.24 09:22:27.449,0.80962,0.80983,1.00,1.75
2014.01.24 09:22:27.549,0.80956,0.80984,1.35,1.75
2014.01.24 09:22:28.202,0.80956,0.80981,1.00,1.35
2014.01.24 09:22:29.155,0.80956,0.80979,1.00,1.38
2014.01.24 09:22:31.722,0.80956,0.80979,1.00,1.75
2014.01.24 09:22:31.823,0.80947,0.80971,1.00,1.68
2014.01.24 09:22:31.924,0.80941,0.80967,1.38,2.48
2014.01.24 09:22:32.238,0.80941,0.80964,1.38,3.23
2014.01.24 09:22:32.607,0.80936,0.80959,1.00,1.38
2014.01.24 09:22:32.758,0.80936,0.80959,1.00,1.38
2014.01.24 09:22:32.811,0.80936,0.80959,1.00,1.38
2014.01.24 09:22:33.117,0.80942,0.80959,1.00,2.48
2014.01.24 09:22:33.168,0.80942,0.80961,1.00,1.35
2014.01.24 09:22:33.270,0.80936,0.80959,1.00,1.73
2014.01.24 09:22:33.388,0.80931,0.80959,1.50,1.38
2014.01.24 09:22:33.673,0.80931,0.80959,1.38,1.38
2014.01.24 09:22:34.048,0.80937,0.80961,1.00,1.68
2014.01.24 09:22:34.932,0.80936,0.80959,1.00,1.38
2014.01.24 09:22:35.753,0.80936,0.80961,1.00,1.68
2014.01.24 09:22:36.934,0.80936,0.80961,1.00,1.68
2014.01.24 09:22:37.262,0.80936,0.80961,1.00,1.68
2014.01.24 09:22:37.313,0.80936,0.80961,1.00,1.68
2014.01.24 09:22:37.363,0.80941,0.80961,1.00,1.68
2014.01.24 09:22:37.653,0.80937,0.80961,1.00,1.68
2014.01.24 09:22:39.356,0.80937,0.80961,1.00,1.68
2014.01.24 09:22:39.543,0.80937,0.80963,1.38,1.98
2014.01.24 09:22:39.593,0.80937,0.80963,1.38,1.98
2014.01.24 09:22:39.644,0.80947,0.80966,1.00,2.48
2014.01.24 09:22:39.967,0.80937,0.80958,1.38,1.00
2014.01.24 09:22:40.117,0.80946,0.80959,1.00,1.30
2014.01.24 09:22:40.551,0.80942,0.80962,1.13,2.10
2014.01.24 09:22:40.905,0.80937,0.80958,1.38,1.38
2014.01.24 09:22:41.352,0.80937,0.80958,1.38,1.00
2014.01.24 09:22:42.163,0.80942,0.80962,1.13,2.48
2014.01.24 09:22:48.199,0.80936,0.80959,1.38,1.38
2014.01.24 09:22:49.121,0.80936,0.80959,1.38,1.00
2014.01.24 09:22:49.171,0.80936,0.80959,1.38,1.38
2014.01.24 09:22:51.263,0.80936,0.80959,1.98,1.38
2014.01.24 09:22:51.650,0.80941,0.80964,1.38,1.98
2014.01.24 09:22:51.801,0.80941,0.80964,1.38,1.38
2014.01.24 09:22:51.951,0.80947,0.80968,1.00,3.23
2014.01.24 09:22:52.466,0.80947,0.80968,1.00,1.73
2014.01.24 09:22:52.798,0.80947,0.80968,1.75,1.35
2014.01.24 09:22:52.949,0.80966,0.80989,1.00,1.38
2014.01.24 09:22:53.300,0.80966,0.80989,1.00,1.98
2014.01.24 09:22:53.652,0.80962,0.80987,1.00,1.35
2014.01.24 09:22:54.072,0.80956,0.80979,1.38,1.00
2014.01.24 09:22:54.122,0.80956,0.80979,1.38,1.60
2014.01.24 09:22:54.373,0.80957,0.80983,1.13,1.98
2014.01.24 09:22:55.035,0.80971,0.80985,1.00,2.10
2014.01.24 09:22:55.136,0.80971,0.80998,1.00,1.68
2014.01.24 09:22:55.372,0.80971,0.80996,1.00,2.10
2014.01.24 09:22:55.624,0.80966,0.80994,1.38,1.98
2014.01.24 09:22:55.781,0.80966,0.80992,1.38,1.30
2014.01.24 09:22:55.832,0.80967,0.80988,1.13,1.00
2014.01.24 09:22:56.144,0.80962,0.80983,1.38,1.00
2014.01.24 09:22:56.694,0.80962,0.80983,1.00,1.35
2014.01.24 09:22:57.160,0.80967,0.80988,1.00,1.75
2014.01.24 09:22:57.692,0.80971,0.80994,1.00,3.23
2014.01.24 09:22:57.793,0.80971,0.80994,1.00,1.73
2014.01.24 09:22:58.002,0.80971,0.80994,1.00,1.73
2014.01.24 09:22:58.301,0.80971,0.80994,1.00,1.73
2014.01.24 09:22:58.352,0.80967,0.80993,1.38,1.38
2014.01.24 09:22:58.452,0.80966,0.80989,1.38,1.00
2014.01.24 09:22:59.226,0.80966,0.80994,1.38,1.38
2014.01.24 09:22:59.327,0.80966,0.80994,1.38,1.38
2014.01.24 09:22:59.836,0.80966,0.80994,1.38,1.13
2014.01.24 09:23:00.332,0.80972,0.80993,1.00,1.00
2014.01.24 09:23:01.904,0.80977,0.80998,1.00,1.50
2014.01.24 09:23:02.205,0.80972,0.80998,1.00,1.73
2014.01.24 09:23:02.607,0.80972,0.80993,1.00,2.10
2014.01.24 09:23:02.808,0.80971,0.80994,1.35,1.38
2014.01.24 09:23:02.858,0.80976,0.80998,1.00,2.85
2014.01.24 09:23:02.959,0.80972,0.80993,1.00,1.00
2014.01.24 09:23:03.430,0.80977,0.80998,1.00,3.23
2014.01.24 09:23:03.631,0.80971,0.80994,1.00,1.60
2014.01.24 09:23:03.843,0.80976,0.80998,1.00,2.85
2014.01.24 09:23:04.015,0.80976,0.80998,1.00,2.85
2014.01.24 09:23:04.066,0.80972,0.80993,1.00,1.00
2014.01.24 09:23:04.385,0.80977,0.80998,1.00,2.10
2014.01.24 09:23:04.614,0.80971,0.80994,1.00,1.35
2014.01.24 09:23:08.372,0.80966,0.80989,2.10,1.00
2014.01.24 09:23:10.935,0.80966,0.80989,1.38,1.38
2014.01.24 09:23:11.474,0.80966,0.80989,1.38,1.98
2014.01.24 09:23:11.694,0.80961,0.80984,1.00,1.73
2014.01.24 09:23:11.844,0.80961,0.80984,1.00,3.23
2014.01.24 09:23:12.851,0.80957,0.80978,1.13,1.00
2014.01.24 09:23:13.820,0.80958,0.80978,2.10,1.00
2014.01.24 09:23:13.870,0.80961,0.80988,1.00,1.68
2014.01.24 09:23:13.921,0.80961,0.80988,1.13,1.35
2014.01.24 09:23:13.971,0.80958,0.80984,2.48,1.00
2014.01.24 09:23:14.287,0.80961,0.80984,1.00,3.23
2014.01.24 09:23:14.402,0.80961,0.80984,1.00,1.38
2014.01.24 09:23:14.604,0.80961,0.80984,1.00,1.98
2014.01.24 09:23:14.655,0.80957,0.80978,1.13,1.00
2014.01.24 09:23:14.856,0.80953,0.80973,1.68,1.00
2014.01.24 09:23:15.934,0.80956,0.80979,1.38,1.60
2014.01.24 09:23:16.771,0.80956,0.80979,1.38,1.00
2014.01.24 09:23:18.853,0.80951,0.80979,2.10,1.38
2014.01.24 09:23:19.563,0.80952,0.80973,1.73,1.00
2014.01.24 09:23:19.714,0.80952,0.80973,1.00,1.00
2014.01.24 09:23:19.915,0.80946,0.80969,1.50,1.00
2014.01.24 09:23:20.481,0.80946,0.80969,1.50,1.00
2014.01.24 09:23:20.883,0.80953,0.80969,2.48,1.00
2014.01.24 09:23:20.934,0.80957,0.80978,1.38,1.38
2014.01.24 09:23:21.034,0.80957,0.80978,1.75,1.00
2014.01.24 09:23:21.085,0.80957,0.80978,1.75,1.00
2014.01.24 09:23:21.185,0.80957,0.80978,1.75,1.00
2014.01.24 09:23:21.336,0.80961,0.80984,1.38,1.35
2014.01.24 09:23:21.944,0.80961,0.80984,1.38,1.00
2014.01.24 09:23:22.103,0.80956,0.80979,2.10,1.00
2014.01.24 09:23:22.354,0.80961,0.80984,1.38,1.00
2014.01.24 09:23:22.822,0.80961,0.80983,1.38,2.10
2014.01.24 09:23:23.141,0.80962,0.80983,1.00,1.00
2014.01.24 09:23:23.191,0.80962,0.80983,1.38,1.00
2014.01.24 09:23:23.705,0.80962,0.80983,1.38,1.00
2014.01.24 09:23:24.375,0.80962,0.80983,1.00,1.00
2014.01.24 09:23:24.694,0.80957,0.80978,1.75,1.00
2014.01.24 09:23:24.871,0.80962,0.80983,1.00,1.60
2014.01.24 09:23:24.922,0.80962,0.80983,1.00,1.00
2014.01.24 09:23:26.124,0.80962,0.80983,1.38,1.00
2014.01.24 09:23:26.519,0.80958,0.80979,1.35,1.00
2014.01.24 09:23:26.569,0.80958,0.80979,1.35,1.00
2014.01.24 09:23:26.671,0.80958,0.80979,1.35,1.00
2014.01.24 09:23:27.642,0.80956,0.80979,1.75,1.60
2014.01.24 09:23:27.742,0.80954,0.80973,1.35,1.00
2014.01.24 09:23:31.954,0.80952,0.80973,1.38,1.35
2014.01.24 09:23:32.132,0.80956,0.80976,1.00,2.10
2014.01.24 09:23:32.182,0.80956,0.80978,1.00,1.30
2014.01.24 09:23:32.513,0.80956,0.80978,1.00,1.68
2014.01.24 09:23:32.814,0.80956,0.80976,1.00,2.48
2014.01.24 09:23:32.915,0.80951,0.80976,1.00,2.48
2014.01.24 09:23:33.417,0.80951,0.80974,1.38,1.60
2014.01.24 09:23:33.518,0.80951,0.80974,1.13,1.60
2014.01.24 09:23:34.334,0.80951,0.80974,1.00,2.85
2014.01.24 09:23:35.339,0.80951,0.80974,1.00,1.00
2014.01.24 09:23:35.390,0.80951,0.80978,1.00,1.35
2014.01.24 09:23:35.591,0.80951,0.80973,1.00,2.10
2014.01.24 09:23:36.538,0.80951,0.80973,1.38,2.10
2014.01.24 09:23:36.847,0.80946,0.80969,1.75,2.10
2014.01.24 09:23:36.897,0.80951,0.80974,1.38,1.00
2014.01.24 09:23:36.998,0.80952,0.80978,1.38,1.73
2014.01.24 09:23:37.099,0.80952,0.80978,1.38,2.10
2014.01.24 09:23:37.250,0.80956,0.80979,1.00,3.23
2014.01.24 09:23:37.351,0.80957,0.80978,1.00,1.73
2014.01.24 09:23:37.871,0.80957,0.80978,1.00,3.23
2014.01.24 09:23:37.921,0.80952,0.80973,1.38,1.00
2014.01.24 09:23:38.347,0.80948,0.80968,1.35,1.00
2014.01.24 09:23:38.893,0.80952,0.80973,1.00,1.00
2014.01.24 09:23:39.093,0.80956,0.80979,1.60,1.38
2014.01.24 09:23:39.524,0.80958,0.80984,1.35,1.00
2014.01.24 09:23:39.625,0.8096,0.80984,1.35,1.00
2014.01.24 09:23:39.945,0.80961,0.80984,1.13,1.00
2014.01.24 09:23:41.092,0.80961,0.80984,1.73,1.00
2014.01.24 09:23:41.224,0.80961,0.80984,1.73,1.00
2014.01.24 09:23:41.375,0.80961,0.80984,1.73,1.00
2014.01.24 09:23:41.706,0.80967,0.80988,1.00,2.85
2014.01.24 09:23:43.625,0.80961,0.80984,1.73,1.00
2014.01.24 09:23:44.035,0.80966,0.80988,1.13,2.10
2014.01.24 09:23:44.337,0.80966,0.80988,1.38,2.10
2014.01.24 09:23:44.387,0.80966,0.80989,1.38,1.73
2014.01.24 09:23:44.588,0.80971,0.80994,1.00,1.75
2014.01.24 09:23:45.340,0.80971,0.80991,1.13,2.48
2014.01.24 09:23:45.711,0.80967,0.80988,1.00,1.35
2014.01.24 09:23:45.912,0.80967,0.80988,1.00,2.85
2014.01.24 09:23:46.781,0.80962,0.80983,1.38,1.00
2014.01.24 09:23:46.876,0.80962,0.80983,1.38,1.00
2014.01.24 09:23:47.457,0.80962,0.80983,1.00,1.00
2014.01.24 09:23:47.558,0.80962,0.80983,1.00,2.85
2014.01.24 09:23:48.404,0.80962,0.80983,1.38,2.85
2014.01.24 09:23:49.621,0.80962,0.80983,1.00,2.85
2014.01.24 09:23:51.072,0.80957,0.80978,1.38,1.00
2014.01.24 09:23:51.632,0.80957,0.80978,1.38,1.38
2014.01.24 09:23:52.043,0.80957,0.80976,1.38,2.10
2014.01.24 09:23:52.143,0.80952,0.80973,1.00,1.60
2014.01.24 09:23:52.812,0.80952,0.80973,1.00,1.00
2014.01.24 09:23:52.863,0.80956,0.80979,1.00,2.10
2014.01.24 09:23:53.201,0.80951,0.80974,1.00,1.98
2014.01.24 09:23:53.462,0.80951,0.80973,1.00,1.30
2014.01.24 09:23:53.613,0.80957,0.80978,1.00,1.38
2014.01.24 09:23:53.922,0.80957,0.80978,1.00,1.00
2014.01.24 09:23:54.622,0.80957,0.8098,1.00,1.68
2014.01.24 09:24:00.202,0.80962,0.80983,1.00,1.75
2014.01.24 09:24:00.871,0.80962,0.80983,1.00,1.38
2014.01.24 09:24:00.941,0.80962,0.80983,1.00,1.13
2014.01.24 09:24:02.630,0.80962,0.80983,1.00,1.60
2014.01.24 09:24:03.200,0.80957,0.80978,1.50,1.00
2014.01.24 09:24:04.052,0.80957,0.80981,1.50,1.30
2014.01.24 09:24:05.548,0.80957,0.8098,1.75,2.10
2014.01.24 09:24:05.881,0.80956,0.80976,1.38,2.10
2014.01.24 09:24:06.314,0.80956,0.80981,1.38,2.48
2014.01.24 09:24:07.121,0.80956,0.80979,1.38,1.98
2014.01.24 09:24:07.678,0.80956,0.80979,1.38,1.98
2014.01.24 09:24:08.343,0.80962,0.80981,1.00,2.48
2014.01.24 09:24:08.444,0.80962,0.80979,1.00,1.30
2014.01.24 09:24:09.332,0.80964,0.80983,2.48,1.00
2014.01.24 09:24:09.382,0.80971,0.80999,1.00,2.10
2014.01.24 09:24:09.483,0.80971,0.80994,1.00,1.00
2014.01.24 09:24:09.684,0.80976,0.80996,1.00,1.30
2014.01.24 09:24:09.885,0.80971,0.80998,1.35,2.48
2014.01.24 09:24:09.986,0.80971,0.80998,1.35,2.48
2014.01.24 09:24:10.137,0.80966,0.80989,1.00,1.00
2014.01.24 09:24:10.395,0.80966,0.80989,1.00,3.23
2014.01.24 09:24:11.334,0.80962,0.80988,1.13,1.98
2014.01.24 09:24:11.678,0.80962,0.80983,1.13,1.00
2014.01.24 09:24:11.851,0.80961,0.80989,1.75,1.00
2014.01.24 09:24:12.396,0.80961,0.80989,1.75,1.00
2014.01.24 09:24:12.961,0.80962,0.80984,1.00,1.00
2014.01.24 09:24:13.733,0.80961,0.80989,1.50,1.38
2014.01.24 09:24:14.730,0.80961,0.80989,1.50,1.38
2014.01.24 09:24:15.051,0.80962,0.80983,1.00,1.00
2014.01.24 09:24:15.387,0.80967,0.80993,1.13,1.00
2014.01.24 09:24:15.676,0.80977,0.80998,1.00,1.00
2014.01.24 09:24:15.826,0.80972,0.80998,1.73,1.13
2014.01.24 09:24:16.075,0.80972,0.80998,1.13,1.73
2014.01.24 09:24:16.870,0.80972,0.80998,1.13,1.13
2014.01.24 09:24:17.092,0.80971,0.80994,1.38,1.60
2014.01.24 09:24:17.193,0.80971,0.80994,1.13,1.60
2014.01.24 09:24:17.708,0.80966,0.80994,1.75,2.85
2014.01.24 09:24:18.061,0.80976,0.80998,1.00,2.48
2014.01.24 09:24:18.381,0.80972,0.80998,1.38,2.85
2014.01.24 09:24:18.490,0.80977,0.80998,1.00,2.85
2014.01.24 09:24:19.402,0.80977,0.80998,1.00,1.00
2014.01.24 09:24:20.031,0.80977,0.80998,1.00,2.85
2014.01.24 09:24:20.397,0.80977,0.80998,1.00,1.00
2014.01.24 09:24:21.163,0.80981,0.81,1.00,1.30
2014.01.24 09:24:21.491,0.80977,0.80998,1.00,1.00
2014.01.24 09:24:21.542,0.80977,0.80998,1.38,1.00
2014.01.24 09:24:21.843,0.80977,0.80998,1.50,2.85
2014.01.24 09:24:22.263,0.80972,0.80993,1.38,1.00
2014.01.24 09:24:22.373,0.80972,0.80992,1.00,1.30
2014.01.24 09:24:22.784,0.80967,0.80992,1.38,1.30
2014.01.24 09:24:23.250,0.80967,0.80988,1.38,1.00
2014.01.24 09:24:24.651,0.80966,0.80994,1.38,1.98
2014.01.24 09:24:24.840,0.80966,0.80994,1.38,1.98
2014.01.24 09:24:25.348,0.80967,0.80988,1.38,1.00
2014.01.24 09:24:27.144,0.80967,0.80988,1.38,1.38
2014.01.24 09:24:27.698,0.80967,0.80988,1.38,1.13
2014.01.24 09:24:30.404,0.80961,0.80984,1.75,1.00
2014.01.24 09:24:30.581,0.80961,0.80988,1.75,2.48
2014.01.24 09:24:30.632,0.80961,0.80989,1.75,1.38
2014.01.24 09:24:31.551,0.80966,0.80989,1.38,1.00
2014.01.24 09:24:32.096,0.80966,0.80989,1.38,1.38
2014.01.24 09:24:32.197,0.80966,0.80989,1.00,1.38
2014.01.24 09:24:32.297,0.80961,0.80989,1.00,1.38
2014.01.24 09:24:32.398,0.80961,0.80989,1.00,3.23
2014.01.24 09:24:32.699,0.80962,0.80983,1.00,2.85
2014.01.24 09:24:33.140,0.80957,0.80978,1.38,1.00
2014.01.24 09:24:33.191,0.80957,0.80978,1.00,1.00
2014.01.24 09:24:33.688,0.80951,0.80974,1.13,1.00
2014.01.24 09:24:33.789,0.80951,0.80974,1.38,1.00
2014.01.24 09:24:34.090,0.80962,0.80983,1.00,1.73
2014.01.24 09:24:34.341,0.80956,0.80979,1.73,1.00
2014.01.24 09:24:34.795,0.80956,0.80977,1.38,2.10
2014.01.24 09:24:35.147,0.80956,0.80979,1.38,1.73
2014.01.24 09:24:35.680,0.80956,0.80979,1.38,1.13
2014.01.24 09:24:36.088,0.80951,0.80974,1.75,1.00
2014.01.24 09:24:36.889,0.80952,0.80978,1.75,1.13
2014.01.24 09:24:38.162,0.80956,0.80984,1.38,1.98
2014.01.24 09:24:38.312,0.80956,0.80984,2.10,1.38
2014.01.24 09:24:38.375,0.80956,0.80984,2.10,1.38
2014.01.24 09:24:39.180,0.80957,0.80983,1.38,1.38
2014.01.24 09:24:39.494,0.80952,0.80973,1.38,1.13
2014.01.24 09:24:39.820,0.80946,0.80974,2.10,1.38
2014.01.24 09:24:39.920,0.80946,0.80974,1.50,1.98
2014.01.24 09:24:40.179,0.80946,0.80974,1.38,1.98
2014.01.24 09:24:40.525,0.80941,0.80969,1.38,1.38
2014.01.24 09:24:40.776,0.80941,0.80969,1.38,1.38
2014.01.24 09:24:40.881,0.80941,0.80969,1.38,1.38
2014.01.24 09:24:41.721,0.80941,0.80969,1.38,1.38
2014.01.24 09:24:43.140,0.80937,0.80958,2.10,1.00
2014.01.24 09:24:46.345,0.80942,0.80963,1.98,1.00
2014.01.24 09:24:47.670,0.80942,0.80968,1.73,1.13
2014.01.24 09:24:47.890,0.80941,0.80964,1.98,1.00
2014.01.24 09:24:48.311,0.80941,0.80969,1.50,1.13
2014.01.24 09:24:51.699,0.80946,0.80974,1.38,1.98
2014.01.24 09:24:52.224,0.80946,0.80974,1.38,1.98
2014.01.24 09:24:52.275,0.80941,0.80969,1.38,1.00
2014.01.24 09:24:52.595,0.80941,0.80969,1.38,1.38
2014.01.24 09:24:52.884,0.80941,0.80967,1.00,1.30
2014.01.24 09:24:53.001,0.80941,0.80969,1.00,1.98
2014.01.24 09:24:53.052,0.80936,0.80964,1.13,1.13
2014.01.24 09:24:53.256,0.80936,0.80967,1.50,1.30
2014.01.24 09:24:53.356,0.80942,0.80968,1.00,1.98
2014.01.24 09:24:53.702,0.80937,0.80963,1.38,1.00
2014.01.24 09:24:54.280,0.80937,0.80963,1.38,1.00
2014.01.24 09:24:54.692,0.80936,0.80964,1.13,1.13
2014.01.24 09:24:55.103,0.80936,0.80964,1.50,1.98
2014.01.24 09:24:55.851,0.80936,0.80963,1.13,1.30
2014.01.24 09:24:56.405,0.80936,0.80964,1.13,1.98
2014.01.24 09:24:56.623,0.80936,0.80964,1.13,1.98
2014.01.24 09:24:57.742,0.80936,0.80964,1.13,1.73
2014.01.24 09:24:59.721,0.80936,0.80964,1.13,1.98
2014.01.24 09:24:59.791,0.80941,0.80964,1.00,1.98
2014.01.24 09:25:00.182,0.80941,0.80964,1.00,1.00
2014.01.24 09:25:00.452,0.80947,0.80968,1.00,1.98
2014.01.24 09:25:01.024,0.80947,0.80968,1.00,1.73
2014.01.24 09:25:01.331,0.80947,0.80968,1.38,1.60
2014.01.24 09:25:05.553,0.80946,0.8097,1.38,1.30
2014.01.24 09:25:05.654,0.80947,0.80968,1.38,1.00
2014.01.24 09:25:05.855,0.80947,0.80972,1.38,2.10
2014.01.24 09:25:06.286,0.80947,0.80968,1.38,1.00
2014.01.24 09:25:14.681,0.80947,0.80973,1.73,1.00
2014.01.24 09:25:15.590,0.80951,0.80974,1.00,1.00
2014.01.24 09:25:17.852,0.80957,0.8098,1.00,2.10
2014.01.24 09:25:17.902,0.80957,0.80983,1.00,1.75
2014.01.24 09:25:18.057,0.80956,0.80979,1.00,1.00
2014.01.24 09:25:18.874,0.80956,0.80979,1.38,1.60
2014.01.24 09:25:19.580,0.80956,0.80979,1.38,1.35
2014.01.24 09:25:20.192,0.80956,0.80979,1.13,1.35
2014.01.24 09:25:20.522,0.80962,0.80979,1.00,2.10
2014.01.24 09:25:20.623,0.80962,0.80982,1.00,1.68
2014.01.24 09:25:20.824,0.80956,0.80979,1.00,1.00
2014.01.24 09:25:20.874,0.80956,0.80978,1.00,2.10
2014.01.24 09:25:21.222,0.80956,0.80976,1.00,2.10
2014.01.24 09:25:21.390,0.80952,0.80973,1.38,1.35
2014.01.24 09:25:21.641,0.80953,0.80973,2.48,1.00
2014.01.24 09:25:21.691,0.80962,0.80983,1.00,1.75
2014.01.24 09:25:21.791,0.80956,0.80984,1.73,1.75
2014.01.24 09:25:22.410,0.80956,0.80982,1.00,1.00
2014.01.24 09:25:23.783,0.80956,0.80984,1.38,1.38
2014.01.24 09:25:23.833,0.80957,0.80984,1.35,1.00
2014.01.24 09:25:24.135,0.80962,0.80989,1.00,1.60
2014.01.24 09:25:24.324,0.80962,0.80983,1.13,1.00
2014.01.24 09:25:24.551,0.80962,0.80988,1.50,1.73
2014.01.24 09:25:24.871,0.80966,0.80989,1.00,1.38
2014.01.24 09:25:25.031,0.80966,0.80989,1.00,1.38
2014.01.24 09:25:29.350,0.80966,0.80989,1.35,1.38
2014.01.24 09:25:29.921,0.80966,0.80989,1.35,1.38
2014.01.24 09:25:34.263,0.80972,0.80993,1.00,4.80
2014.01.24 09:25:35.110,0.80967,0.80988,1.00,1.13
2014.01.24 09:25:38.652,0.80972,0.80993,1.00,1.50
2014.01.24 09:25:38.702,0.80972,0.80993,1.00,1.50
2014.01.24 09:25:38.892,0.80972,0.80993,1.00,1.13
2014.01.24 09:25:39.093,0.80977,0.80994,1.00,1.68
2014.01.24 09:25:39.832,0.80972,0.80998,1.00,2.10
2014.01.24 09:25:40.367,0.80971,0.80994,1.00,1.73
2014.01.24 09:25:40.703,0.80971,0.80997,1.38,2.48
2014.01.24 09:25:40.904,0.80977,0.80998,1.00,1.13
2014.01.24 09:25:41.564,0.80977,0.80998,1.00,1.38
2014.01.24 09:25:42.069,0.80976,0.81003,1.00,1.68
2014.01.24 09:25:44.943,0.80976,0.81003,1.00,1.68
2014.01.24 09:25:45.371,0.80981,0.81003,1.00,1.68
2014.01.24 09:25:45.422,0.80981,0.81003,1.00,1.68
2014.01.24 09:25:45.642,0.80981,0.81003,1.00,1.68
2014.01.24 09:25:46.153,0.80981,0.81003,1.00,1.30
2014.01.24 09:25:46.254,0.80981,0.81004,1.38,1.73
2014.01.24 09:25:46.561,0.80991,0.81012,1.00,2.48
2014.01.24 09:25:47.350,0.80987,0.81012,1.00,2.48
2014.01.24 09:25:48.094,0.80991,0.81012,1.00,2.10
2014.01.24 09:25:48.144,0.80991,0.81014,1.00,4.80
2014.01.24 09:25:48.561,0.80991,0.81012,1.00,2.48
2014.01.24 09:25:49.161,0.80991,0.81014,1.00,1.50
2014.01.24 09:25:49.261,0.80991,0.81014,1.00,1.50
2014.01.24 09:25:50.322,0.80996,0.81016,1.00,1.35
2014.01.24 09:25:51.472,0.80996,0.81019,1.00,1.98
2014.01.24 09:25:51.861,0.80996,0.81016,1.13,2.10
2014.01.24 09:25:52.012,0.80991,0.81014,1.75,1.60
2014.01.24 09:25:53.911,0.80997,0.81016,1.00,2.10
2014.01.24 09:26:00.623,0.80991,0.81016,1.75,2.10
2014.01.24 09:26:01.151,0.80991,0.81014,1.75,1.60
2014.01.24 09:26:01.617,0.80996,0.81017,1.00,2.48
2014.01.24 09:26:01.914,0.80996,0.81019,1.00,1.73
2014.01.24 09:26:01.965,0.80996,0.81019,1.38,1.60
2014.01.24 09:26:02.266,0.81002,0.81023,1.00,1.60
2014.01.24 09:26:04.091,0.81009,0.81023,2.10,1.00
2014.01.24 09:26:04.192,0.81011,0.81034,1.73,1.00
2014.01.24 09:26:04.715,0.81011,0.81034,1.38,1.00
2014.01.24 09:26:04.926,0.81011,0.81034,1.00,1.00
2014.01.24 09:26:05.903,0.81012,0.81035,1.00,1.30
2014.01.24 09:26:06.416,0.81012,0.81038,1.00,3.23
2014.01.24 09:26:08.252,0.81011,0.81034,1.00,1.13
2014.01.24 09:26:08.436,0.81007,0.81033,1.00,1.00
2014.01.24 09:26:08.486,0.81007,0.81033,1.00,3.23
2014.01.24 09:26:08.637,0.81007,0.81031,1.00,1.30
2014.01.24 09:26:08.687,0.81007,0.81028,1.38,1.00
2014.01.24 09:26:09.090,0.81006,0.81029,1.13,1.00
2014.01.24 09:26:09.312,0.81011,0.81031,1.00,1.30
2014.01.24 09:26:09.570,0.81006,0.81029,1.00,1.00
2014.01.24 09:26:10.282,0.81006,0.81029,1.00,1.73
2014.01.24 09:26:11.060,0.81006,0.81029,1.35,1.00
2014.01.24 09:26:11.609,0.81006,0.81029,1.00,2.85
2014.01.24 09:26:11.660,0.81002,0.81023,1.00,1.00
2014.01.24 09:26:13.417,0.80996,0.81019,1.75,1.00
2014.01.24 09:26:13.618,0.81002,0.81023,1.38,1.00
2014.01.24 09:26:13.944,0.81002,0.81023,1.00,1.00
2014.01.24 09:26:14.179,0.81001,0.81029,1.50,1.00
2014.01.24 09:26:15.029,0.81001,0.81023,1.00,1.00
2014.01.24 09:26:16.072,0.80997,0.81022,1.75,2.10
2014.01.24 09:26:16.373,0.80998,0.81018,1.35,1.00
2014.01.24 09:26:16.578,0.81001,0.81024,1.13,1.60
2014.01.24 09:26:17.231,0.80997,0.81018,1.75,1.00
2014.01.24 09:26:18.331,0.80996,0.81024,1.75,1.60
2014.01.24 09:26:19.153,0.80996,0.81024,1.75,1.60
2014.01.24 09:26:21.130,0.80996,0.81019,1.75,1.00
2014.01.24 09:26:22.181,0.80996,0.81019,1.38,1.00
2014.01.24 09:26:23.310,0.80996,0.81019,1.00,1.35
2014.01.24 09:26:23.361,0.80996,0.81017,1.00,2.10
2014.01.24 09:26:23.411,0.80986,0.81014,1.73,1.73
2014.01.24 09:26:23.931,0.80991,0.81014,1.00,1.35
2014.01.24 09:26:23.981,0.80991,0.81014,1.38,1.35
2014.01.24 09:26:24.549,0.80991,0.81014,1.38,1.35
2014.01.24 09:26:25.279,0.80992,0.81013,1.13,1.00
2014.01.24 09:26:27.710,0.80992,0.81013,1.38,1.00
2014.01.24 09:26:27.928,0.81001,0.81023,1.00,2.10
2014.01.24 09:26:28.080,0.81001,0.81024,1.00,1.00
2014.01.24 09:26:29.571,0.80997,0.81018,1.50,1.00
2014.01.24 09:26:30.149,0.80991,0.81019,1.75,1.35
2014.01.24 09:26:30.483,0.80991,0.81014,1.75,1.00
2014.01.24 09:26:30.908,0.80996,0.81019,1.38,1.35
2014.01.24 09:26:31.571,0.80996,0.81019,1.38,1.73
2014.01.24 09:26:33.344,0.80996,0.81017,1.38,2.10
2014.01.24 09:26:33.561,0.80996,0.81019,1.38,1.98
2014.01.24 09:26:35.459,0.80996,0.81017,1.38,2.10
2014.01.24 09:26:40.312,0.80997,0.81018,1.13,1.60
2014.01.24 09:26:41.891,0.80991,0.81014,2.10,1.00
2014.01.24 09:26:42.092,0.80996,0.81017,1.38,1.30
2014.01.24 09:26:42.732,0.80996,0.81019,1.75,1.00
2014.01.24 09:26:42.882,0.81001,0.81027,1.38,1.30
2014.01.24 09:26:42.933,0.81001,0.81027,1.75,1.30
2014.01.24 09:26:43.201,0.81006,0.81034,1.13,1.38
2014.01.24 09:26:43.610,0.81006,0.81027,1.13,2.10
2014.01.24 09:26:43.861,0.81001,0.81029,1.75,1.60
2014.01.24 09:26:44.159,0.81002,0.81029,1.35,1.35
2014.01.24 09:26:45.115,0.81001,0.81027,1.75,2.10
2014.01.24 09:26:45.635,0.81002,0.81028,1.50,1.00
2014.01.24 09:26:45.736,0.80996,0.81024,1.75,1.00
2014.01.24 09:26:46.624,0.81001,0.81027,1.38,1.30
2014.01.24 09:26:47.531,0.81001,0.81023,1.50,2.10
2014.01.24 09:26:47.883,0.81002,0.81023,1.38,1.35
2014.01.24 09:26:48.799,0.80997,0.81023,1.75,1.60
2014.01.24 09:26:49.359,0.80997,0.81023,1.75,1.00
2014.01.24 09:26:49.959,0.81001,0.81024,1.75,1.00
2014.01.24 09:26:50.366,0.80997,0.81018,1.75,1.00
2014.01.24 09:26:50.517,0.80991,0.81019,1.75,1.00
2014.01.24 09:26:50.617,0.80996,0.81019,1.00,1.00
2014.01.24 09:26:51.153,0.81002,0.8102,1.00,1.30
2014.01.24 09:26:51.492,0.80997,0.81018,1.38,1.00
2014.01.24 09:26:51.880,0.81001,0.81023,1.13,2.10
2014.01.24 09:26:52.044,0.81001,0.81024,1.00,1.60
2014.01.24 09:26:53.690,0.81001,0.81024,1.13,1.13
2014.01.24 09:26:54.305,0.81006,0.81027,1.00,1.35
2014.01.24 09:26:54.752,0.81006,0.81026,1.00,1.30
2014.01.24 09:26:55.069,0.81002,0.81023,1.13,1.00
2014.01.24 09:26:56.279,0.81006,0.81026,1.00,1.30
2014.01.24 09:26:56.731,0.81008,0.81029,1.00,1.60
2014.01.24 09:26:56.932,0.81017,0.81038,1.73,1.00
2014.01.24 09:26:57.656,0.81017,0.81035,1.00,2.10
2014.01.24 09:26:58.050,0.81017,0.81038,1.00,1.60
2014.01.24 09:26:59.316,0.81011,0.81034,1.30,1.00
2014.01.24 09:26:59.366,0.81011,0.81034,1.00,1.00
2014.01.24 09:26:59.608,0.81011,0.81034,1.00,1.60
2014.01.24 09:27:00.151,0.81007,0.81028,1.75,1.00
2014.01.24 09:27:00.251,0.81008,0.81028,1.00,1.00
2014.01.24 09:27:00.610,0.81002,0.81023,1.50,1.00
2014.01.24 09:27:00.710,0.81002,0.81023,1.00,1.00
2014.01.24 09:27:00.761,0.81002,0.81023,1.38,1.00
2014.01.24 09:27:00.811,0.81007,0.81028,1.00,1.00
2014.01.24 09:27:01.062,0.81012,0.81033,1.00,3.23
2014.01.24 09:27:01.389,0.81001,0.81024,1.38,1.35
2014.01.24 09:27:01.490,0.81001,0.81024,1.13,1.35
2014.01.24 09:27:02.727,0.80998,0.81023,1.00,1.00
2014.01.24 09:27:02.995,0.80997,0.81023,1.75,1.00
2014.01.24 09:27:03.339,0.81002,0.81023,1.00,1.00
2014.01.24 09:27:04.118,0.80996,0.81024,2.10,1.35
2014.01.24 09:27:04.647,0.80998,0.81023,1.00,1.00
2014.01.24 09:27:06.251,0.80997,0.81023,1.75,1.00
2014.01.24 09:27:06.351,0.81001,0.81029,1.35,1.50
2014.01.24 09:27:06.402,0.81001,0.81029,1.73,1.13
2014.01.24 09:27:06.562,0.81001,0.81018,1.30,1.00
2014.01.24 09:27:06.713,0.80998,0.81018,1.00,1.00
2014.01.24 09:27:06.867,0.81001,0.81029,1.35,1.50
2014.01.24 09:27:07.325,0.81006,0.81029,1.00,2.10
2014.01.24 09:27:07.375,0.81006,0.81029,1.00,2.10
2014.01.24 09:27:07.425,0.81006,0.81029,1.38,1.13
2014.01.24 09:27:08.289,0.81012,0.81033,1.00,1.60
2014.01.24 09:27:08.610,0.81006,0.81029,1.38,1.35
2014.01.24 09:27:09.580,0.81012,0.81032,1.00,2.48
2014.01.24 09:27:10.379,0.81007,0.81028,1.38,1.00
2014.01.24 09:27:12.472,0.81004,0.81023,1.35,1.00
2014.01.24 09:27:12.578,0.81004,0.81028,1.35,1.00
2014.01.24 09:27:13.288,0.81002,0.81024,1.35,1.00
2014.01.24 09:27:13.610,0.81007,0.81028,1.73,1.00
2014.01.24 09:27:13.711,0.81006,0.81034,1.98,1.00
2014.01.24 09:27:14.163,0.81011,0.81034,1.00,1.00
2014.01.24 09:27:14.782,0.81012,0.81038,1.00,2.10
2014.01.24 09:27:16.482,0.81012,0.81038,1.00,1.73
2014.01.24 09:27:16.582,0.81017,0.81038,1.00,1.73
2014.01.24 09:27:16.943,0.81017,0.81038,1.38,1.35
2014.01.24 09:27:18.782,0.81011,0.81034,1.75,1.00
2014.01.24 09:27:20.879,0.81011,0.81039,2.10,1.38
2014.01.24 09:27:21.149,0.81011,0.81039,2.10,1.00
2014.01.24 09:27:22.373,0.81016,0.81044,1.50,1.38
2014.01.24 09:27:22.744,0.81016,0.81044,1.50,1.38
2014.01.24 09:27:23.074,0.81017,0.81038,1.38,1.00
2014.01.24 09:27:24.349,0.81017,0.81043,1.50,1.38
2014.01.24 09:27:24.890,0.81021,0.81044,1.00,1.38
2014.01.24 09:27:25.508,0.81021,0.81044,1.00,1.38
2014.01.24 09:27:25.941,0.81021,0.81044,1.75,1.00
2014.01.24 09:27:26.549,0.81017,0.81043,1.75,1.00
2014.01.24 09:27:26.599,0.81023,0.81049,1.35,1.73
2014.01.24 09:27:27.143,0.81022,0.81049,2.85,1.73
2014.01.24 09:27:28.137,0.81024,0.81049,1.68,1.73
2014.01.24 09:27:28.566,0.81022,0.81043,1.75,1.00
2014.01.24 09:27:28.870,0.81022,0.81043,1.38,1.73
2014.01.24 09:27:29.812,0.81016,0.81044,4.80,1.98
2014.01.24 09:27:30.130,0.81022,0.81043,1.38,1.38
2014.01.24 09:27:31.609,0.81017,0.81038,1.73,1.00
2014.01.24 09:27:32.050,0.81011,0.81034,2.10,1.00
2014.01.24 09:27:32.151,0.81011,0.81034,2.10,1.00
2014.01.24 09:27:32.402,0.81018,0.81038,1.30,1.00
2014.01.24 09:27:35.578,0.81011,0.81034,1.50,1.00
2014.01.24 09:27:38.907,0.81012,0.81038,1.38,1.38
2014.01.24 09:27:39.490,0.81012,0.81038,1.38,1.38
2014.01.24 09:27:40.889,0.81012,0.81038,1.38,1.13
2014.01.24 09:27:41.110,0.81012,0.81038,1.38,1.38
2014.01.24 09:27:41.613,0.81012,0.81038,1.38,1.38
2014.01.24 09:27:43.071,0.81012,0.81038,1.50,1.13
2014.01.24 09:27:43.987,0.81011,0.81039,1.75,1.38
2014.01.24 09:27:45.210,0.81012,0.81038,1.38,1.38
2014.01.24 09:27:45.555,0.81007,0.81033,1.75,1.00
2014.01.24 09:27:46.049,0.81012,0.81038,1.38,1.13
2014.01.24 09:27:46.161,0.81007,0.81033,1.75,1.00
2014.01.24 09:27:47.092,0.81007,0.81033,1.50,1.00
2014.01.24 09:27:47.357,0.81007,0.81024,1.38,2.10
2014.01.24 09:27:47.458,0.80997,0.81023,1.50,1.98
2014.01.24 09:27:47.608,0.81001,0.81024,1.00,3.23
2014.01.24 09:27:47.709,0.81001,0.81024,2.85,1.38
2014.01.24 09:27:47.910,0.81001,0.81024,1.00,1.00
2014.01.24 09:27:48.379,0.80997,0.81018,2.10,1.00
2014.01.24 09:27:48.580,0.80996,0.81023,2.10,1.30
2014.01.24 09:27:49.197,0.80996,0.81024,2.10,1.00
2014.01.24 09:27:49.391,0.80997,0.81018,1.38,1.00
2014.01.24 09:27:49.789,0.81002,0.81023,1.00,1.00
2014.01.24 09:27:50.448,0.80997,0.81023,2.10,1.00
2014.01.24 09:27:50.608,0.81002,0.81023,1.00,1.00
2014.01.24 09:27:50.911,0.81002,0.81028,1.38,1.38
2014.01.24 09:27:51.338,0.80997,0.81024,1.35,1.00
2014.01.24 09:27:51.438,0.80997,0.81024,1.35,1.00
2014.01.24 09:27:52.108,0.80997,0.81024,1.35,1.00
2014.01.24 09:27:52.310,0.80997,0.81024,1.35,1.00
2014.01.24 09:27:52.361,0.81012,0.81033,1.38,1.60
2014.01.24 09:27:52.462,0.81016,0.81033,1.00,1.00
2014.01.24 09:27:52.539,0.81017,0.81038,1.00,1.00
2014.01.24 09:27:52.639,0.81017,0.81038,2.85,1.00
2014.01.24 09:27:52.760,0.81017,0.81044,2.48,1.35
2014.01.24 09:27:52.861,0.81016,0.81044,1.50,1.73
2014.01.24 09:27:53.012,0.81016,0.81044,1.50,1.73
2014.01.24 09:27:53.315,0.81017,0.81038,1.00,1.35
2014.01.24 09:27:53.994,0.81017,0.81038,1.38,1.00
2014.01.24 09:27:54.239,0.81017,0.81038,1.38,1.00
2014.01.24 09:27:54.741,0.81017,0.81038,1.00,1.00
2014.01.24 09:27:54.848,0.81021,0.81044,1.00,1.00
2014.01.24 09:27:55.891,0.81017,0.81038,1.13,1.00
2014.01.24 09:27:56.092,0.81016,0.81044,2.10,1.00
2014.01.24 09:27:56.142,0.81019,0.81044,2.48,1.00
2014.01.24 09:27:56.510,0.81022,0.81044,1.68,1.00
2014.01.24 09:27:57.649,0.81022,0.81043,1.73,1.00
2014.01.24 09:27:57.850,0.81022,0.81049,1.68,1.00
2014.01.24 09:27:58.383,0.81021,0.81049,2.10,1.38
2014.01.24 09:27:58.484,0.81021,0.81044,2.10,1.00
2014.01.24 09:27:58.859,0.81026,0.81049,1.38,1.38
2014.01.24 09:27:58.960,0.81026,0.81049,1.50,1.13
2014.01.24 09:27:59.463,0.81026,0.81049,1.38,1.73
2014.01.24 09:28:00.569,0.81026,0.81049,1.73,1.13
2014.01.24 09:28:00.670,0.81021,0.81044,1.75,1.00
2014.01.24 09:28:01.289,0.81018,0.81039,1.35,1.00
2014.01.24 09:28:02.171,0.81021,0.81044,1.38,1.00
2014.01.24 09:28:02.769,0.81021,0.81044,1.38,1.38
2014.01.24 09:28:03.097,0.81016,0.81039,1.73,1.00
2014.01.24 09:28:03.604,0.81016,0.81044,1.73,1.38
2014.01.24 09:28:04.367,0.81016,0.81044,1.75,1.00
2014.01.24 09:28:04.742,0.81016,0.81044,1.38,1.38
2014.01.24 09:28:05.043,0.81016,0.81039,1.38,1.00
2014.01.24 09:28:05.225,0.81016,0.81039,1.00,1.00
2014.01.24 09:28:05.375,0.81012,0.81038,1.13,1.00
2014.01.24 09:28:07.121,0.81017,0.81038,1.00,1.00
2014.01.24 09:28:07.422,0.81012,0.81033,1.13,1.00
2014.01.24 09:28:08.392,0.81017,0.81038,1.00,1.38
2014.01.24 09:28:08.620,0.81012,0.81038,1.13,1.38
2014.01.24 09:28:08.720,0.81012,0.81038,1.13,1.98
2014.01.24 09:28:09.116,0.81006,0.81029,1.38,1.00
2014.01.24 09:28:09.391,0.81006,0.81034,1.38,1.38
2014.01.24 09:28:09.721,0.81006,0.81034,1.38,1.13
2014.01.24 09:28:10.062,0.81006,0.81033,1.38,2.10
2014.01.24 09:28:10.398,0.81007,0.81028,1.38,1.00
2014.01.24 09:28:10.612,0.81006,0.81034,1.38,1.38
2014.01.24 09:28:10.712,0.81006,0.81034,1.38,1.38
2014.01.24 09:28:10.935,0.81006,0.81034,1.38,1.38
2014.01.24 09:28:11.592,0.81006,0.81029,1.38,1.00
2014.01.24 09:28:12.571,0.81007,0.81033,1.38,1.38
2014.01.24 09:28:13.245,0.81011,0.81039,1.38,1.98
2014.01.24 09:28:13.446,0.81007,0.81033,1.38,1.38
2014.01.24 09:28:14.549,0.81006,0.81029,1.38,1.00
2014.01.24 09:28:14.898,0.81011,0.81039,1.38,1.98
2014.01.24 09:28:15.628,0.81006,0.81034,1.38,1.38
2014.01.24 09:28:16.169,0.81006,0.81034,1.38,1.38
2014.01.24 09:28:16.654,0.81007,0.81028,1.38,1.00
2014.01.24 09:28:16.905,0.81012,0.81033,1.13,1.13
2014.01.24 09:28:17.896,0.81007,0.81028,1.38,1.00
2014.01.24 09:28:18.288,0.81001,0.81024,1.75,1.00
2014.01.24 09:28:18.690,0.80996,0.81024,1.75,1.35
2014.01.24 09:28:18.813,0.80996,0.81024,1.75,1.35
2014.01.24 09:28:19.624,0.80996,0.81019,1.75,1.00
2014.01.24 09:28:20.197,0.80997,0.81023,1.75,1.00
2014.01.24 09:28:21.038,0.81002,0.81023,1.00,1.00
2014.01.24 09:28:21.811,0.81007,0.81028,1.00,3.23
2014.01.24 09:28:21.912,0.81007,0.81028,1.00,1.38
2014.01.24 09:28:22.012,0.81007,0.81028,1.00,1.00
2014.01.24 09:28:22.799,0.81012,0.8103,1.00,1.68
2014.01.24 09:28:23.447,0.81012,0.81033,1.00,1.98
2014.01.24 09:28:23.498,0.81007,0.81033,1.50,1.98
2014.01.24 09:28:23.979,0.81007,0.81033,1.75,1.60
2014.01.24 09:28:24.135,0.81012,0.81033,1.00,1.00
2014.01.24 09:28:24.438,0.81011,0.81038,1.00,2.48
2014.01.24 09:28:24.677,0.81017,0.81038,1.00,3.23
2014.01.24 09:28:25.148,0.81011,0.81034,1.00,1.00
2014.01.24 09:28:25.676,0.81012,0.81036,1.38,1.30
2014.01.24 09:28:26.137,0.81017,0.81038,1.00,1.38
2014.01.24 09:28:27.007,0.81017,0.81038,1.00,1.13
2014.01.24 09:28:28.181,0.81017,0.81038,1.50,1.00
2014.01.24 09:28:28.440,0.81022,0.81043,1.13,1.13
2014.01.24 09:28:30.408,0.81022,0.81043,2.10,1.00
2014.01.24 09:28:30.839,0.81022,0.81048,2.10,1.13
2014.01.24 09:28:31.358,0.81022,0.81048,2.10,1.38
2014.01.24 09:28:31.408,0.81022,0.81043,2.10,1.00
2014.01.24 09:28:32.297,0.81022,0.81043,1.50,1.00
2014.01.24 09:28:33.349,0.81022,0.81043,1.13,1.00
2014.01.24 09:28:33.600,0.81016,0.81039,1.75,1.00
2014.01.24 09:28:34.308,0.81016,0.81039,1.38,1.38
2014.01.24 09:28:34.622,0.81012,0.81033,1.75,1.00
2014.01.24 09:28:39.337,0.81008,0.81028,1.35,1.00
2014.01.24 09:28:39.387,0.81008,0.81028,1.35,1.00
2014.01.24 09:28:39.738,0.81008,0.81028,1.35,1.00
2014.01.24 09:28:44.026,0.81007,0.81033,2.10,1.00
2014.01.24 09:28:44.387,0.81007,0.81028,2.10,1.00
2014.01.24 09:28:44.650,0.81007,0.81028,2.10,1.00
2014.01.24 09:28:45.595,0.81001,0.81024,1.75,1.00
2014.01.24 09:28:45.986,0.81001,0.81024,1.00,1.00
2014.01.24 09:28:46.494,0.81001,0.81024,1.38,1.00
2014.01.24 09:28:47.004,0.81007,0.81028,1.00,1.38
2014.01.24 09:28:47.362,0.81002,0.81023,1.00,1.00
2014.01.24 09:28:51.289,0.80998,0.81018,1.60,1.00
2014.01.24 09:28:51.890,0.80997,0.81018,1.38,1.00
2014.01.24 09:28:53.083,0.80991,0.81019,1.75,1.00
2014.01.24 09:28:57.597,0.80991,0.81014,1.75,1.00
2014.01.24 09:28:57.939,0.80992,0.81017,1.38,1.30
2014.01.24 09:28:58.121,0.80988,0.81014,1.35,1.00
2014.01.24 09:28:58.909,0.80986,0.81014,2.10,1.38
2014.01.24 09:28:59.137,0.80986,0.81019,2.10,1.13
2014.01.24 09:28:59.349,0.80986,0.81013,1.75,2.48
2014.01.24 09:28:59.400,0.80986,0.81013,1.75,2.48
2014.01.24 09:28:59.601,0.80987,0.81014,2.85,1.38
2014.01.24 09:28:59.652,0.80992,0.81018,1.00,1.38
2014.01.24 09:28:59.702,0.80992,0.81018,1.00,1.38
2014.01.24 09:29:00.127,0.80991,0.81014,1.13,1.00
2014.01.24 09:29:01.656,0.80992,0.81018,1.00,1.00
2014.01.24 09:29:01.887,0.80991,0.81014,1.00,1.00
2014.01.24 09:29:03.322,0.80994,0.81014,2.10,1.00
2014.01.24 09:29:03.423,0.80996,0.81019,1.60,1.13
2014.01.24 09:29:04.087,0.80991,0.81014,1.35,1.00
2014.01.24 09:29:13.288,0.80988,0.81013,2.10,1.00
2014.01.24 09:29:15.607,0.80992,0.81013,1.00,1.13
2014.01.24 09:29:15.658,0.80992,0.81013,2.85,1.13
2014.01.24 09:29:15.856,0.80992,0.81013,1.00,1.00
2014.01.24 09:29:16.068,0.80988,0.81009,2.10,1.00
2014.01.24 09:29:16.659,0.80988,0.81013,2.10,1.38
2014.01.24 09:29:16.709,0.80988,0.81013,2.10,1.38
2014.01.24 09:29:18.037,0.80987,0.81013,1.73,1.38
2014.01.24 09:29:18.137,0.80987,0.81009,1.30,1.00
2014.01.24 09:29:18.439,0.80986,0.81009,1.60,1.50
2014.01.24 09:29:18.607,0.80983,0.81009,2.10,1.50
2014.01.24 09:29:18.710,0.80981,0.81009,1.35,1.50
2014.01.24 09:29:18.833,0.80986,0.81009,1.00,1.50
2014.01.24 09:29:18.937,0.80981,0.81004,1.35,1.00
2014.01.24 09:29:19.351,0.80978,0.81004,1.30,1.13
2014.01.24 09:29:20.122,0.80976,0.80999,1.38,1.00
2014.01.24 09:29:21.318,0.80972,0.80998,1.38,1.00
2014.01.24 09:29:22.132,0.80972,0.80998,1.38,1.38
2014.01.24 09:29:22.845,0.80972,0.80998,1.38,1.13
2014.01.24 09:29:23.190,0.80967,0.80989,1.35,1.00
2014.01.24 09:29:23.240,0.80966,0.80989,1.73,1.00
2014.01.24 09:29:24.067,0.80963,0.80984,2.48,1.00
2014.01.24 09:29:27.615,0.80966,0.80989,1.38,1.98
2014.01.24 09:29:27.818,0.80961,0.80984,1.38,1.00
2014.01.24 09:29:28.168,0.80967,0.80988,1.13,1.38
2014.01.24 09:29:28.320,0.80967,0.80988,3.23,1.38
2014.01.24 09:29:28.371,0.80972,0.80993,1.00,1.38
2014.01.24 09:29:28.624,0.80966,0.80989,1.75,2.85
2014.01.24 09:29:29.279,0.80967,0.80989,1.00,1.00
2014.01.24 09:29:29.379,0.80972,0.80993,1.00,1.38
2014.01.24 09:29:29.480,0.80972,0.80993,1.00,1.13
2014.01.24 09:29:30.558,0.80967,0.80994,1.00,1.38
2014.01.24 09:29:30.806,0.80971,0.80994,1.00,1.38
2014.01.24 09:29:31.610,0.80972,0.80998,1.00,1.50
2014.01.24 09:29:31.671,0.80972,0.80998,1.00,1.50
2014.01.24 09:29:33.766,0.80972,0.80998,1.00,1.50
2014.01.24 09:29:35.163,0.80972,0.80998,1.00,1.50
2014.01.24 09:29:35.766,0.80972,0.80998,1.00,1.50
2014.01.24 09:29:36.920,0.80972,0.80998,1.13,1.50
2014.01.24 09:29:38.115,0.80972,0.80998,1.38,1.13
2014.01.24 09:29:39.141,0.80976,0.81004,1.00,2.10
2014.01.24 09:29:40.049,0.80976,0.81004,1.00,1.50
2014.01.24 09:29:43.727,0.80976,0.81004,1.00,1.50
2014.01.24 09:29:44.067,0.80976,0.80999,1.00,1.98
2014.01.24 09:29:44.382,0.80971,0.80994,1.38,1.00
2014.01.24 09:29:53.060,0.80971,0.80994,1.38,1.00
2014.01.24 09:29:54.127,0.80967,0.80993,1.73,1.00
2014.01.24 09:29:54.563,0.80967,0.80991,1.38,2.10
2014.01.24 09:29:55.066,0.80966,0.80994,1.38,1.38
2014.01.24 09:29:55.382,0.80966,0.80989,1.38,1.73
2014.01.24 09:29:58.878,0.80966,0.80994,1.38,1.73
2014.01.24 09:29:59.977,0.80966,0.80994,1.38,1.73
2014.01.24 09:30:00.424,0.80966,0.80994,1.38,1.73
2014.01.24 09:30:00.474,0.80966,0.80994,1.00,2.10
2014.01.24 09:30:00.636,0.80961,0.80989,1.00,1.38
2014.01.24 09:30:01.909,0.80967,0.80991,1.00,1.68
2014.01.24 09:30:02.440,0.80967,0.80991,1.00,1.68
2014.01.24 09:30:02.541,0.80967,0.80993,1.00,1.75
2014.01.24 09:30:02.591,0.80967,0.80988,1.00,1.00
2014.01.24 09:30:02.692,0.80966,0.80994,1.13,1.38
2014.01.24 09:30:06.786,0.80966,0.80994,1.38,1.38
2014.01.24 09:30:07.288,0.80969,0.80994,1.30,1.38
2014.01.24 09:30:07.598,0.80972,0.80993,1.13,1.00
2014.01.24 09:30:10.817,0.80971,0.80993,1.00,1.00
2014.01.24 09:30:13.174,0.80971,0.80994,1.50,1.00
2014.01.24 09:30:13.476,0.80977,0.81003,1.00,1.50
2014.01.24 09:30:17.126,0.80982,0.81003,1.00,1.38
2014.01.24 09:30:17.176,0.80982,0.81003,1.00,1.00
2014.01.24 09:30:18.442,0.80982,0.81003,1.38,1.00
2014.01.24 09:30:18.645,0.80982,0.81008,1.38,1.00
2014.01.24 09:30:18.846,0.80982,0.81008,1.75,1.00
2014.01.24 09:30:18.897,0.80991,0.81019,4.80,1.00
2014.01.24 09:30:19.098,0.80997,0.81023,1.00,1.38
2014.01.24 09:30:19.148,0.80997,0.81023,1.00,1.00
2014.01.24 09:30:26.989,0.80992,0.81019,2.48,1.00
2014.01.24 09:30:27.556,0.80991,0.81019,1.35,1.00
2014.01.24 09:30:29.206,0.80991,0.81019,1.73,1.00
2014.01.24 09:30:29.412,0.80997,0.81023,1.35,1.00
2014.01.24 09:30:29.462,0.80997,0.81023,1.73,1.00
2014.01.24 09:30:30.066,0.81002,0.81028,1.13,1.60
2014.01.24 09:30:30.116,0.81002,0.81028,1.73,1.00
2014.01.24 09:30:30.639,0.81002,0.81028,1.98,1.00
2014.01.24 09:30:31.849,0.81002,0.81028,1.98,1.00
2014.01.24 09:30:33.698,0.81006,0.81034,1.38,1.00
2014.01.24 09:30:33.920,0.81007,0.81028,1.38,1.00
2014.01.24 09:30:34.074,0.81007,0.81028,1.13,1.00
2014.01.24 09:30:34.639,0.81001,0.81029,1.38,1.73
2014.01.24 09:30:35.654,0.81006,0.81029,1.00,1.35
2014.01.24 09:30:38.637,0.81002,0.81029,1.30,1.00
2014.01.24 09:30:38.851,0.81012,0.81033,1.00,1.38
2014.01.24 09:30:38.901,0.81012,0.81033,1.00,1.13
2014.01.24 09:30:39.347,0.81012,0.81033,1.00,3.23
2014.01.24 09:30:39.849,0.81011,0.81033,1.00,2.48
2014.01.24 09:30:40.163,0.81013,0.81034,2.10,1.00
2014.01.24 09:30:40.297,0.81013,0.81034,1.30,1.00
2014.01.24 09:30:42.012,0.81011,0.81034,2.85,1.38
2014.01.24 09:30:43.420,0.81011,0.81034,2.85,1.38
2014.01.24 09:30:44.575,0.81011,0.81033,1.00,2.48
2014.01.24 09:30:44.726,0.81011,0.81033,1.00,2.48
2014.01.24 09:30:45.217,0.81011,0.81034,1.38,1.38
2014.01.24 09:30:45.378,0.81011,0.81034,1.38,1.38
2014.01.24 09:30:45.905,0.81006,0.81034,1.98,1.38
2014.01.24 09:30:47.508,0.81007,0.81028,1.73,1.00
2014.01.24 09:30:47.971,0.81011,0.81034,1.38,1.38
2014.01.24 09:30:48.027,0.81011,0.81034,1.38,1.38
2014.01.24 09:30:48.787,0.81011,0.81034,1.38,1.38
2014.01.24 09:30:48.906,0.81011,0.81034,1.38,1.38
2014.01.24 09:30:49.415,0.81007,0.81033,2.10,1.38
2014.01.24 09:30:49.923,0.81012,0.81033,1.38,1.38
2014.01.24 09:30:49.974,0.81017,0.81038,1.00,1.73
2014.01.24 09:30:52.165,0.81007,0.81033,1.38,1.38
2014.01.24 09:30:52.456,0.81006,0.81029,1.50,1.00
2014.01.24 09:30:52.589,0.81012,0.81033,1.38,1.38
2014.01.24 09:30:53.925,0.81012,0.81033,1.00,1.38
2014.01.24 09:30:55.758,0.81012,0.81038,1.00,1.98
2014.01.24 09:30:55.889,0.81016,0.81039,1.00,2.10
2014.01.24 09:30:55.990,0.81016,0.81039,1.00,1.50
2014.01.24 09:30:56.090,0.81016,0.81039,1.00,1.50
2014.01.24 09:30:56.629,0.81016,0.81039,1.00,1.50
2014.01.24 09:30:57.369,0.81016,0.81039,1.00,1.50
2014.01.24 09:30:57.497,0.81012,0.81038,1.00,1.38
2014.01.24 09:30:57.633,0.81012,0.81033,1.00,1.00
2014.01.24 09:31:01.833,0.81009,0.81029,1.00,1.00
2014.01.24 09:31:02.615,0.81004,0.81028,1.68,1.00
2014.01.24 09:31:03.137,0.81011,0.81034,1.00,1.38
2014.01.24 09:31:03.237,0.81011,0.81034,1.00,1.00
2014.01.24 09:31:03.357,0.81007,0.81033,1.50,1.00
2014.01.24 09:31:03.458,0.81007,0.81028,1.38,1.00
2014.01.24 09:31:03.795,0.81002,0.81024,1.35,1.00
2014.01.24 09:31:04.156,0.81007,0.81028,1.38,1.00
2014.01.24 09:31:04.357,0.81006,0.81034,1.38,1.38
2014.01.24 09:31:04.554,0.81006,0.81029,1.38,1.00
2014.01.24 09:31:05.215,0.81006,0.81034,1.38,1.00
2014.01.24 09:31:06.758,0.81007,0.81033,1.38,1.00
2014.01.24 09:31:06.942,0.81006,0.81034,1.38,1.98
2014.01.24 09:31:08.036,0.81006,0.81032,1.38,2.48
2014.01.24 09:31:08.367,0.81011,0.81032,1.00,2.10
2014.01.24 09:31:09.313,0.81007,0.81032,1.50,2.48
2014.01.24 09:31:09.655,0.81012,0.81032,1.00,2.48
2014.01.24 09:31:09.805,0.81012,0.81033,1.00,1.13
2014.01.24 09:31:14.345,0.81007,0.81033,1.75,1.35
2014.01.24 09:31:15.065,0.81009,0.81033,1.00,1.35
2014.01.24 09:31:18.366,0.81007,0.81033,1.75,1.73
2014.01.24 09:31:20.235,0.81007,0.81033,1.75,1.35
2014.01.24 09:31:22.484,0.81011,0.81034,1.00,1.73
2014.01.24 09:31:23.048,0.81011,0.81034,1.00,1.73
2014.01.24 09:31:23.535,0.81011,0.81034,1.00,1.73
2014.01.24 09:31:24.066,0.81011,0.81034,1.13,1.73
2014.01.24 09:31:24.617,0.81012,0.81033,1.00,1.13
2014.01.24 09:31:24.981,0.81012,0.81033,1.73,1.00
2014.01.24 09:31:25.132,0.81017,0.81038,1.60,1.00
2014.01.24 09:31:26.114,0.81017,0.81038,1.13,1.35
2014.01.24 09:31:26.164,0.81011,0.81034,2.10,1.00
2014.01.24 09:31:26.215,0.81011,0.81034,2.10,1.00
2014.01.24 09:31:26.315,0.81012,0.81034,2.48,1.00
2014.01.24 09:31:26.566,0.81017,0.81038,1.00,1.38
2014.01.24 09:31:27.284,0.81017,0.81038,2.85,1.00
2014.01.24 09:31:27.840,0.81017,0.81038,3.23,1.00
2014.01.24 09:31:27.891,0.81021,0.81041,1.00,1.00
2014.01.24 09:31:30.184,0.81017,0.81043,2.85,1.75
2014.01.24 09:31:30.624,0.81017,0.81038,2.85,1.00
2014.01.24 09:31:30.807,0.81017,0.81038,1.00,1.00
2014.01.24 09:31:30.907,0.81013,0.81038,1.30,1.00
2014.01.24 09:31:31.285,0.81016,0.81039,1.00,1.00
2014.01.24 09:31:32.055,0.81017,0.81041,1.00,1.00
2014.01.24 09:31:34.709,0.81016,0.81039,1.00,1.00
2014.01.24 09:31:35.065,0.81011,0.81039,1.73,1.13
2014.01.24 09:31:35.116,0.81011,0.81039,2.10,1.38
2014.01.24 09:31:35.166,0.81011,0.81039,1.50,1.38
2014.01.24 09:31:35.654,0.81011,0.81039,1.13,1.13
2014.01.24 09:31:36.127,0.81017,0.81038,1.00,1.00
2014.01.24 09:31:36.605,0.81022,0.81043,1.00,1.75
2014.01.24 09:31:37.408,0.81022,0.81043,1.00,1.75
2014.01.24 09:31:38.914,0.81016,0.81039,1.00,1.00
2014.01.24 09:31:38.965,0.81016,0.81039,1.38,1.38
2014.01.24 09:31:39.534,0.81016,0.81039,1.38,1.38
2014.01.24 09:31:40.555,0.81016,0.81039,1.38,1.38
2014.01.24 09:31:41.185,0.81021,0.81044,1.00,1.98
2014.01.24 09:31:41.405,0.81017,0.81038,1.13,1.13
2014.01.24 09:31:41.556,0.81022,0.81043,1.35,1.38
2014.01.24 09:31:41.710,0.81022,0.81043,1.35,1.13
2014.01.24 09:31:41.760,0.81022,0.81043,2.85,1.13
2014.01.24 09:31:43.285,0.81022,0.81043,1.35,1.00
2014.01.24 09:31:45.816,0.81022,0.81043,1.60,1.00
2014.01.24 09:31:45.967,0.81022,0.81048,1.60,1.75
2014.01.24 09:31:46.512,0.81022,0.81048,1.60,1.75
2014.01.24 09:31:47.467,0.81022,0.81048,1.60,1.75
2014.01.24 09:31:48.852,0.81022,0.81048,1.60,1.75
2014.01.24 09:31:49.004,0.81022,0.81048,1.00,1.75
2014.01.24 09:31:49.107,0.81022,0.81048,1.00,1.75
2014.01.24 09:31:49.157,0.81027,0.81048,1.00,1.75
2014.01.24 09:31:49.258,0.81027,0.81047,1.00,1.00
2014.01.24 09:31:49.358,0.81021,0.81044,1.13,1.00
2014.01.24 09:31:49.574,0.81027,0.81048,1.00,1.75
2014.01.24 09:31:49.725,0.81027,0.81048,1.00,1.75
2014.01.24 09:31:49.904,0.81021,0.81044,1.35,1.00
2014.01.24 09:31:49.955,0.81021,0.81044,1.73,1.00
2014.01.24 09:31:50.256,0.81027,0.81047,1.35,1.00
2014.01.24 09:31:50.597,0.81027,0.81047,1.00,1.60
2014.01.24 09:31:50.697,0.81022,0.81043,1.38,1.00
2014.01.24 09:31:50.895,0.81027,0.81047,1.00,1.00
2014.01.24 09:31:51.676,0.81027,0.81048,1.00,1.75
2014.01.24 09:31:52.228,0.81027,0.81048,1.00,1.75
2014.01.24 09:31:53.142,0.81027,0.81047,1.00,1.00
2014.01.24 09:31:55.762,0.81027,0.81053,1.00,1.98
2014.01.24 09:31:55.863,0.81027,0.81053,1.13,1.98
2014.01.24 09:31:56.440,0.81027,0.81053,1.00,1.98
2014.01.24 09:31:56.614,0.81031,0.81054,1.00,1.50
2014.01.24 09:31:56.706,0.81031,0.81054,1.00,1.50
2014.01.24 09:31:57.366,0.81031,0.81054,1.00,1.50
2014.01.24 09:31:57.806,0.81031,0.81054,1.00,1.50
2014.01.24 09:31:58.387,0.81031,0.81054,1.00,1.50
2014.01.24 09:31:58.912,0.81031,0.81054,1.00,1.50
2014.01.24 09:31:59.865,0.81031,0.81054,1.00,1.50
2014.01.24 09:32:02.310,0.81031,0.81054,1.00,1.50
2014.01.24 09:32:03.405,0.81031,0.81054,1.00,1.50
2014.01.24 09:32:03.627,0.81031,0.81054,1.00,1.50
2014.01.24 09:32:04.286,0.81031,0.81054,1.00,1.50
2014.01.24 09:32:04.619,0.81031,0.81054,1.00,1.50
2014.01.24 09:32:05.937,0.81031,0.81054,1.00,1.50
2014.01.24 09:32:06.460,0.81032,0.81055,1.00,1.35
2014.01.24 09:32:06.511,0.81032,0.81055,1.00,1.35
2014.01.24 09:32:08.689,0.81032,0.81055,1.00,1.35
2014.01.24 09:32:09.132,0.81032,0.81058,1.13,3.23
2014.01.24 09:32:09.346,0.81032,0.81058,1.13,3.23
2014.01.24 09:32:09.708,0.81032,0.81058,1.13,3.23
2014.01.24 09:32:10.262,0.81032,0.81058,1.13,3.23
2014.01.24 09:32:10.773,0.81032,0.81058,1.13,3.23
2014.01.24 09:32:10.916,0.81032,0.81058,1.13,3.23
2014.01.24 09:32:11.459,0.81032,0.81058,1.13,3.23
2014.01.24 09:32:12.719,0.81032,0.81058,1.13,3.23
2014.01.24 09:32:13.324,0.81032,0.81058,1.13,3.23
2014.01.24 09:32:14.845,0.81031,0.81054,1.38,1.38
2014.01.24 09:32:19.015,0.81031,0.81054,1.38,1.38
2014.01.24 09:32:24.184,0.81031,0.81054,1.38,1.38
2014.01.24 09:32:24.724,0.81031,0.81054,1.38,1.38
2014.01.24 09:32:26.740,0.81027,0.81048,1.00,1.00
2014.01.24 09:32:27.071,0.81027,0.81048,1.00,1.73
2014.01.24 09:32:27.201,0.81021,0.81049,1.38,1.98
2014.01.24 09:32:27.259,0.81021,0.81049,1.38,1.98
2014.01.24 09:32:27.489,0.81021,0.81049,1.38,1.98
2014.01.24 09:32:30.263,0.81027,0.81048,1.00,1.73
2014.01.24 09:32:30.670,0.81027,0.81048,1.00,1.38
2014.01.24 09:32:31.874,0.81027,0.81048,1.00,1.38
2014.01.24 09:32:31.974,0.81027,0.81048,1.60,1.38
2014.01.24 09:32:32.025,0.81027,0.81048,1.60,1.13
2014.01.24 09:32:34.559,0.81026,0.81048,2.10,1.38
2014.01.24 09:32:34.659,0.81022,0.81048,1.73,1.38
2014.01.24 09:32:34.911,0.81027,0.81048,1.00,1.38
2014.01.24 09:32:37.416,0.81032,0.81053,1.00,2.10
2014.01.24 09:32:38.483,0.81032,0.81053,1.00,2.10
2014.01.24 09:32:39.583,0.81032,0.81053,1.00,1.75
2014.01.24 09:32:39.911,0.81032,0.81053,1.00,1.75
2014.01.24 09:32:40.248,0.81032,0.81052,1.00,1.00
2014.01.24 09:32:42.314,0.81032,0.81053,1.00,1.38
2014.01.24 09:32:45.947,0.81032,0.81053,1.00,1.38
2014.01.24 09:32:46.271,0.81032,0.81053,1.00,1.73
2014.01.24 09:32:46.383,0.81026,0.81049,1.38,1.38
2014.01.24 09:32:47.929,0.81026,0.81049,1.38,1.38
2014.01.24 09:32:50.456,0.81026,0.81049,1.98,1.13
2014.01.24 09:32:50.557,0.81032,0.81053,1.00,1.38
2014.01.24 09:32:50.915,0.81029,0.81048,1.00,1.00
2014.01.24 09:32:52.233,0.81032,0.81053,1.00,1.00
2014.01.24 09:32:53.286,0.81029,0.81048,1.60,1.00
2014.01.24 09:32:53.398,0.81028,0.81054,1.35,1.38
2014.01.24 09:32:53.665,0.81032,0.81053,1.00,1.38
2014.01.24 09:32:53.966,0.81027,0.81048,1.38,1.00
2014.01.24 09:32:54.573,0.81022,0.81049,1.35,1.38
2014.01.24 09:32:55.164,0.81026,0.81054,1.38,1.98
2014.01.24 09:32:56.735,0.81026,0.81052,1.00,1.35
2014.01.24 09:33:04.015,0.81026,0.81052,1.00,1.35
2014.01.24 09:33:04.726,0.81022,0.81049,1.35,1.38
2014.01.24 09:33:04.967,0.81022,0.81049,1.30,1.38
2014.01.24 09:33:05.578,0.81022,0.81049,1.30,1.38
2014.01.24 09:33:06.165,0.81022,0.81049,1.30,1.38
2014.01.24 09:33:06.502,0.81027,0.81048,1.00,1.38
2014.01.24 09:33:08.136,0.81022,0.81048,1.73,1.38
2014.01.24 09:33:08.187,0.81022,0.81048,1.73,1.38
2014.01.24 09:33:08.473,0.81022,0.81048,1.73,1.38
2014.01.24 09:33:08.831,0.81026,0.81049,1.00,1.38
2014.01.24 09:33:08.932,0.81026,0.81049,1.00,1.38
2014.01.24 09:33:09.118,0.81026,0.81049,1.00,1.38
2014.01.24 09:33:09.168,0.81022,0.81048,1.73,1.38
2014.01.24 09:33:10.775,0.81026,0.81049,1.00,1.38
2014.01.24 09:33:10.987,0.81026,0.81049,1.35,1.38
2014.01.24 09:33:11.533,0.81027,0.8105,1.00,1.00
2014.01.24 09:33:12.442,0.81027,0.81053,1.13,1.38
2014.01.24 09:33:13.323,0.81027,0.81053,1.73,1.38
2014.01.24 09:33:13.868,0.81027,0.81053,1.73,1.38
2014.01.24 09:33:15.851,0.81027,0.81053,1.73,1.38
2014.01.24 09:33:16.088,0.81027,0.81053,1.13,1.38
2014.01.24 09:33:16.301,0.81026,0.81049,1.38,1.38
2014.01.24 09:33:18.905,0.81026,0.81049,1.38,1.38
2014.01.24 09:33:20.153,0.81026,0.81049,1.38,1.13
2014.01.24 09:33:21.388,0.81027,0.81048,1.13,1.00
2014.01.24 09:33:24.584,0.81027,0.81048,1.13,1.60
2014.01.24 09:33:24.635,0.81022,0.81043,1.50,1.00
2014.01.24 09:33:24.887,0.81022,0.81049,1.35,1.38
2014.01.24 09:33:26.053,0.81022,0.81049,1.35,1.38
2014.01.24 09:33:27.117,0.81023,0.81049,1.30,1.38
2014.01.24 09:33:27.262,0.81023,0.81049,1.35,1.38
2014.01.24 09:33:28.473,0.81023,0.81049,1.30,1.38
2014.01.24 09:33:31.267,0.81023,0.81049,1.30,1.38
2014.01.24 09:33:31.367,0.81027,0.81048,1.00,1.13
2014.01.24 09:33:31.785,0.81027,0.81048,1.00,1.38
2014.01.24 09:33:31.878,0.81027,0.81048,1.00,1.38
2014.01.24 09:33:32.646,0.81027,0.81048,1.00,1.00
2014.01.24 09:33:33.572,0.81027,0.81048,1.00,1.38
2014.01.24 09:33:33.779,0.81023,0.81048,1.30,1.38
2014.01.24 09:33:35.083,0.81018,0.81044,1.35,1.00
2014.01.24 09:33:35.192,0.81018,0.81044,1.68,1.38
2014.01.24 09:33:35.723,0.81018,0.81044,1.35,1.00
2014.01.24 09:33:38.053,0.81022,0.81043,1.38,1.00
2014.01.24 09:33:42.107,0.81022,0.81043,1.75,1.00
2014.01.24 09:33:42.158,0.81021,0.81049,2.10,1.38
2014.01.24 09:33:43.302,0.81021,0.81049,2.10,1.38
2014.01.24 09:33:43.997,0.81021,0.81049,2.10,1.38
2014.01.24 09:33:45.362,0.81021,0.81044,1.35,1.00
2014.01.24 09:33:45.582,0.81026,0.81049,1.13,1.98
2014.01.24 09:33:45.632,0.81026,0.81049,1.73,1.38
2014.01.24 09:33:48.345,0.81026,0.81049,1.13,1.38
2014.01.24 09:33:48.525,0.81022,0.81049,1.35,1.38
2014.01.24 09:33:48.626,0.81022,0.81043,1.75,1.00
2014.01.24 09:33:49.453,0.81022,0.81043,1.38,1.38
2014.01.24 09:33:50.001,0.81022,0.81043,1.38,1.00
2014.01.24 09:33:50.533,0.81022,0.81048,1.38,1.98
2014.01.24 09:33:50.684,0.81022,0.81048,1.98,1.38
2014.01.24 09:33:51.534,0.81025,0.81048,2.48,1.38
2014.01.24 09:33:51.685,0.81026,0.81049,1.73,1.38
2014.01.24 09:33:52.864,0.81026,0.81054,3.23,1.50
2014.01.24 09:33:52.973,0.81026,0.81054,3.23,1.50
2014.01.24 09:33:53.113,0.81023,0.81048,1.68,1.00
2014.01.24 09:33:53.214,0.81022,0.81048,2.10,1.38
2014.01.24 09:33:53.303,0.81023,0.81048,1.35,1.38
2014.01.24 09:33:53.622,0.81023,0.81043,1.68,1.00
2014.01.24 09:33:53.723,0.81022,0.81048,1.98,1.38
2014.01.24 09:33:53.883,0.81026,0.81049,1.13,1.13
2014.01.24 09:33:54.084,0.81023,0.81048,1.68,1.38
2014.01.24 09:33:54.663,0.81022,0.81048,1.73,1.73
2014.01.24 09:33:55.252,0.81022,0.81048,1.73,1.73
2014.01.24 09:33:56.271,0.81022,0.81048,1.73,1.73
2014.01.24 09:33:56.787,0.81022,0.81048,1.73,1.73
2014.01.24 09:33:57.069,0.81022,0.81048,1.73,1.73
2014.01.24 09:33:57.153,0.81022,0.81048,1.73,1.73
2014.01.24 09:33:57.493,0.81023,0.81048,2.48,1.38
2014.01.24 09:33:58.219,0.81027,0.81048,1.35,1.13
2014.01.24 09:33:58.821,0.81023,0.81038,1.00,1.00
2014.01.24 09:33:59.340,0.81018,0.81044,2.48,1.38
2014.01.24 09:33:59.592,0.8102,0.81039,1.35,1.00
2014.01.24 09:33:59.889,0.81022,0.81048,1.38,1.38
2014.01.24 09:33:59.940,0.81022,0.81048,1.38,1.38
2014.01.24 09:34:00.141,0.81017,0.81044,1.35,1.00
2014.01.24 09:34:04.098,0.81016,0.81044,1.98,1.38
2014.01.24 09:34:04.625,0.81016,0.81044,1.98,1.38
2014.01.24 09:34:08.356,0.81013,0.81039,1.35,1.00
2014.01.24 09:34:09.460,0.81011,0.81039,1.38,1.00
2014.01.24 09:34:09.562,0.81011,0.81034,1.38,1.00
2014.01.24 09:34:11.884,0.81006,0.81034,2.10,1.38
2014.01.24 09:34:12.424,0.81006,0.81034,2.10,1.38
2014.01.24 09:34:13.193,0.81006,0.81034,2.10,1.00
2014.01.24 09:34:13.742,0.81006,0.81029,2.10,1.00
2014.01.24 09:34:13.922,0.81006,0.81034,2.10,1.00
2014.01.24 09:34:14.892,0.81012,0.81033,1.38,1.00
2014.01.24 09:34:17.042,0.81007,0.81029,1.35,1.00
2014.01.24 09:34:17.151,0.81007,0.81033,2.10,1.00
2014.01.24 09:34:17.202,0.81008,0.81033,1.68,1.38
2014.01.24 09:34:17.923,0.81002,0.81028,2.10,1.00
2014.01.24 09:34:18.126,0.81003,0.81024,1.00,1.00
2014.01.24 09:34:18.590,0.80999,0.81018,1.68,1.00
2014.01.24 09:34:18.804,0.81001,0.81024,1.38,1.00
2014.01.24 09:34:19.362,0.80999,0.81018,1.68,1.00
2014.01.24 09:34:19.472,0.81002,0.81023,1.38,1.00
2014.01.24 09:34:22.152,0.80997,0.81023,1.38,1.38
2014.01.24 09:34:24.551,0.80997,0.81018,1.38,1.00
2014.01.24 09:34:26.122,0.80993,0.81018,1.35,1.38
2014.01.24 09:34:26.673,0.80992,0.81018,1.98,1.38
2014.01.24 09:34:27.337,0.80991,0.81019,2.10,1.38
2014.01.24 09:34:28.953,0.80993,0.81019,1.30,1.38
2014.01.24 09:34:29.327,0.80988,0.81008,1.35,1.00
2014.01.24 09:34:29.377,0.80988,0.81014,1.35,1.38
2014.01.24 09:34:30.431,0.80988,0.81014,1.35,1.38
2014.01.24 09:34:33.902,0.80988,0.81014,1.68,1.38
2014.01.24 09:34:34.447,0.80988,0.81014,1.68,1.38
2014.01.24 09:34:36.005,0.80988,0.81014,1.35,1.38
2014.01.24 09:34:36.106,0.80986,0.81009,1.98,1.00
2014.01.24 09:34:37.401,0.80985,0.81003,1.35,1.00
2014.01.24 09:34:38.175,0.80985,0.81004,1.35,1.00
2014.01.24 09:34:38.327,0.80982,0.81004,2.48,1.00
2014.01.24 09:34:39.241,0.80982,0.81004,2.48,1.00
2014.01.24 09:34:41.695,0.80982,0.81008,3.23,1.13
2014.01.24 09:34:47.781,0.80982,0.81008,3.23,1.00
2014.01.24 09:34:48.291,0.80982,0.81008,3.23,1.00
2014.01.24 09:34:49.174,0.80982,0.81008,3.23,1.00
2014.01.24 09:34:49.483,0.80989,0.81008,1.30,1.00
2014.01.24 09:34:50.602,0.80989,0.81008,1.68,1.00
2014.01.24 09:34:51.517,0.80989,0.81009,1.68,1.00
2014.01.24 09:34:52.803,0.80989,0.81014,1.35,1.38
2014.01.24 09:34:53.020,0.80989,0.81009,1.35,1.00
2014.01.24 09:34:54.281,0.80989,0.81014,1.35,1.38
2014.01.24 09:34:55.051,0.80989,0.81014,1.35,1.13
2014.01.24 09:34:55.152,0.80992,0.81014,1.68,1.00
2014.01.24 09:34:55.493,0.80992,0.81014,1.35,1.00
2014.01.24 09:34:55.594,0.80992,0.81018,2.10,1.38
2014.01.24 09:34:55.895,0.80992,0.81018,2.10,1.00
2014.01.24 09:34:56.104,0.80996,0.81024,1.38,1.38
2014.01.24 09:34:56.155,0.80999,0.81024,1.30,1.38
2014.01.24 09:34:56.456,0.81001,0.81029,1.00,1.75
2014.01.24 09:34:56.963,0.81002,0.81023,1.00,1.38
2014.01.24 09:34:57.862,0.80996,0.81024,3.23,1.38
2014.01.24 09:35:00.832,0.81002,0.81028,1.00,1.75
2014.01.24 09:35:01.183,0.81002,0.81033,1.13,1.38
2014.01.24 09:35:01.415,0.81001,0.81029,1.75,1.00
2014.01.24 09:35:02.531,0.81001,0.81029,1.38,1.00
2014.01.24 09:35:02.863,0.81007,0.81033,1.00,1.75
2014.01.24 09:35:03.191,0.81006,0.81028,1.30,1.00
2014.01.24 09:35:03.392,0.81002,0.81028,2.10,1.00
2014.01.24 09:35:05.262,0.81001,0.81024,1.50,1.00
2014.01.24 09:35:05.574,0.80997,0.81018,2.10,1.00
2014.01.24 09:35:05.624,0.81001,0.81024,1.38,1.00
2014.01.24 09:35:05.725,0.81001,0.81029,1.38,1.38
2014.01.24 09:35:06.161,0.81007,0.81028,1.00,1.00
2014.01.24 09:35:06.362,0.81006,0.81034,1.00,1.75
2014.01.24 09:35:06.872,0.81006,0.81032,1.00,1.00
2014.01.24 09:35:06.922,0.81002,0.81028,2.10,1.00
2014.01.24 09:35:07.242,0.81002,0.81024,1.35,1.00
2014.01.24 09:35:07.381,0.81002,0.81028,2.10,1.00
2014.01.24 09:35:08.563,0.81002,0.81028,1.50,1.00
2014.01.24 09:35:08.686,0.81001,0.81024,1.73,1.00
2014.01.24 09:35:08.991,0.80995,0.81018,1.68,1.00
2014.01.24 09:35:10.755,0.80999,0.81024,1.35,1.38
2014.01.24 09:35:16.161,0.80999,0.81024,1.35,1.38
2014.01.24 09:35:19.893,0.81002,0.81024,2.10,1.38
2014.01.24 09:35:20.233,0.81002,0.81029,2.48,1.50
2014.01.24 09:35:20.284,0.81005,0.81029,1.30,1.50
2014.01.24 09:35:20.395,0.81001,0.81029,1.73,1.13
2014.01.24 09:35:20.605,0.81007,0.81028,1.00,1.00
2014.01.24 09:35:20.706,0.81001,0.81029,1.50,1.13
2014.01.24 09:35:21.272,0.81001,0.81029,1.50,1.13
2014.01.24 09:35:21.953,0.81003,0.81029,1.30,1.13
2014.01.24 09:35:22.003,0.81006,0.81029,1.00,1.13
2014.01.24 09:35:22.343,0.81002,0.81023,1.98,1.00
2014.01.24 09:35:22.961,0.81002,0.81023,1.00,1.00
2014.01.24 09:35:23.352,0.80997,0.81018,1.73,1.00
2014.01.24 09:35:27.084,0.80997,0.81023,1.38,1.38
2014.01.24 09:35:27.622,0.80996,0.81019,1.73,1.00
2014.01.24 09:35:28.605,0.80988,0.81009,1.35,1.00
2014.01.24 09:35:28.656,0.80988,0.81009,1.35,1.00
2014.01.24 09:35:28.857,0.80986,0.81014,1.75,1.00
2014.01.24 09:35:29.158,0.80986,0.81009,1.38,1.00
2014.01.24 09:35:30.921,0.80992,0.81013,1.00,1.13
2014.01.24 09:35:31.244,0.80986,0.81009,1.38,1.00
2014.01.24 09:35:32.397,0.80986,0.81009,1.98,1.38
2014.01.24 09:35:35.764,0.80984,0.81004,2.48,1.00
2014.01.24 09:35:36.082,0.80982,0.81008,1.73,1.38
2014.01.24 09:35:36.805,0.80982,0.81008,1.73,1.13
2014.01.24 09:35:40.821,0.80987,0.81014,2.48,1.13
2014.01.24 09:35:40.922,0.80989,0.81008,1.35,1.00
2014.01.24 09:35:43.714,0.80987,0.81008,3.23,1.00
2014.01.24 09:35:46.070,0.80987,0.81008,1.00,1.00
2014.01.24 09:35:46.650,0.80985,0.81008,1.68,1.00
2014.01.24 09:35:47.193,0.80985,0.81003,1.35,1.00
2014.01.24 09:35:47.524,0.80985,0.81008,1.68,1.13
2014.01.24 09:35:48.082,0.80985,0.80998,1.68,1.00
2014.01.24 09:35:48.413,0.80977,0.80998,1.38,1.00
2014.01.24 09:35:48.515,0.80972,0.80993,2.10,1.00
2014.01.24 09:35:48.751,0.80972,0.80993,2.10,1.00
2014.01.24 09:35:49.830,0.80972,0.80998,2.10,1.00
2014.01.24 09:35:50.291,0.80972,0.80993,2.10,1.00
2014.01.24 09:35:51.285,0.80972,0.80993,2.10,1.00
2014.01.24 09:35:52.034,0.80971,0.80994,1.50,1.00
2014.01.24 09:35:52.185,0.80974,0.80999,1.00,1.98
2014.01.24 09:35:54.121,0.80974,0.80993,1.00,1.00
2014.01.24 09:35:59.892,0.80971,0.80994,1.50,1.00
2014.01.24 09:36:00.432,0.80972,0.80993,1.50,1.00
2014.01.24 09:36:02.193,0.80969,0.80988,1.35,1.00
2014.01.24 09:36:03.439,0.80969,0.80988,1.30,1.00
2014.01.24 09:36:07.848,0.80968,0.80988,1.35,1.00
2014.01.24 09:36:07.898,0.80968,0.80988,1.35,1.00
2014.01.24 09:36:07.949,0.80971,0.80999,1.38,1.38
2014.01.24 09:36:08.180,0.80977,0.80998,1.00,1.13
2014.01.24 09:36:08.581,0.80972,0.80998,1.38,1.13
2014.01.24 09:36:08.732,0.80972,0.80998,1.13,1.13
2014.01.24 09:36:09.940,0.80972,0.80998,1.38,1.13
2014.01.24 09:36:10.723,0.80972,0.80998,1.38,1.13
2014.01.24 09:36:11.324,0.80976,0.81004,1.00,1.38
2014.01.24 09:36:12.311,0.80972,0.80998,1.38,1.13
2014.01.24 09:36:12.411,0.80972,0.80998,1.38,1.13
2014.01.24 09:36:12.581,0.80972,0.80998,1.38,1.13
2014.01.24 09:36:14.420,0.80971,0.80994,1.98,1.00
2014.01.24 09:36:14.570,0.80972,0.80994,1.30,1.00
2014.01.24 09:36:14.621,0.80977,0.80998,1.00,2.10
2014.01.24 09:36:14.872,0.80972,0.80998,1.73,1.73
2014.01.24 09:36:15.391,0.80971,0.80994,1.98,1.00
2014.01.24 09:36:15.991,0.80971,0.80994,1.73,1.00
2014.01.24 09:36:22.063,0.80971,0.80994,1.00,1.00
2014.01.24 09:36:22.591,0.80967,0.80993,1.75,1.00
2014.01.24 09:36:25.291,0.80971,0.80998,1.00,1.60
2014.01.24 09:36:25.391,0.80971,0.80998,1.00,1.00
2014.01.24 09:36:26.280,0.80977,0.80998,1.00,1.13
2014.01.24 09:36:27.601,0.80981,0.81005,1.00,1.35
2014.01.24 09:36:27.821,0.80977,0.80998,1.35,1.13
2014.01.24 09:36:28.044,0.80981,0.81003,1.00,1.35
2014.01.24 09:36:29.510,0.80976,0.80999,1.00,1.38
2014.01.24 09:36:29.738,0.80981,0.81004,1.00,1.75
2014.01.24 09:36:34.293,0.80981,0.81004,1.00,1.38
2014.01.24 09:36:34.970,0.80981,0.81004,1.00,1.38
2014.01.24 09:36:37.060,0.80981,0.81004,1.00,1.38
2014.01.24 09:36:37.831,0.80974,0.80994,1.68,1.00
2014.01.24 09:36:38.134,0.80976,0.80999,1.38,1.98
2014.01.24 09:36:38.335,0.80976,0.80999,1.50,1.00
2014.01.24 09:36:48.831,0.80977,0.81003,1.13,1.98
2014.01.24 09:36:49.732,0.80971,0.80999,1.38,1.00
2014.01.24 09:36:51.550,0.80977,0.80998,1.00,1.00
2014.01.24 09:36:51.832,0.80971,0.80999,1.38,1.00
2014.01.24 09:36:52.094,0.80976,0.80999,1.00,1.13
2014.01.24 09:36:52.221,0.80977,0.81003,1.00,1.50
2014.01.24 09:36:55.569,0.80972,0.80998,1.38,1.00
2014.01.24 09:36:56.563,0.80976,0.80999,1.00,1.00
2014.01.24 09:36:57.330,0.80971,0.80999,1.50,1.00
2014.01.24 09:37:01.403,0.80977,0.81003,1.00,1.50
2014.01.24 09:37:02.280,0.80972,0.80998,1.38,1.00
2014.01.24 09:37:03.869,0.80976,0.81004,1.00,2.10
2014.01.24 09:37:04.462,0.80976,0.81004,1.00,2.10
2014.01.24 09:37:04.512,0.80976,0.81004,1.38,1.73
2014.01.24 09:37:04.860,0.80982,0.81008,1.50,1.13
2014.01.24 09:37:06.730,0.80982,0.81008,1.75,1.00
2014.01.24 09:37:12.561,0.80982,0.81008,1.50,1.00
2014.01.24 09:37:12.661,0.80977,0.81003,1.75,1.00
2014.01.24 09:37:14.929,0.80982,0.81008,1.50,1.00
2014.01.24 09:37:18.999,0.80976,0.81004,2.10,1.00
2014.01.24 09:37:19.521,0.80976,0.81004,2.10,1.00
2014.01.24 09:37:20.209,0.80981,0.81009,1.50,1.00
2014.01.24 09:37:25.995,0.80981,0.81009,1.38,1.38
2014.01.24 09:37:26.096,0.80981,0.80995,1.00,2.10
2014.01.24 09:37:26.147,0.80972,0.80993,1.75,1.60
2014.01.24 09:37:26.247,0.80972,0.80993,1.38,1.60
2014.01.24 09:37:26.699,0.80977,0.80998,1.00,1.00
2014.01.24 09:37:27.099,0.80976,0.81004,1.00,1.00
2014.01.24 09:37:33.478,0.80976,0.80999,1.13,1.00
2014.01.24 09:37:36.006,0.80976,0.80999,1.38,1.00
2014.01.24 09:37:36.412,0.80976,0.80999,1.13,1.00
2014.01.24 09:37:41.085,0.80976,0.80999,1.50,1.00
2014.01.24 09:37:44.039,0.80974,0.80994,1.35,1.00
2014.01.24 09:37:44.149,0.80976,0.80999,1.50,1.00
2014.01.24 09:37:44.383,0.80981,0.81004,1.00,1.00
2014.01.24 09:37:45.800,0.80977,0.80998,1.13,1.00
2014.01.24 09:37:46.790,0.80977,0.80998,1.73,1.00
2014.01.24 09:37:48.990,0.80982,0.81003,1.00,1.00
2014.01.24 09:37:51.628,0.80977,0.81003,2.10,1.00
2014.01.24 09:37:52.171,0.80978,0.81003,1.30,1.00
2014.01.24 09:37:52.222,0.80982,0.81003,1.00,1.00
2014.01.24 09:37:52.948,0.80978,0.81003,1.30,1.00
2014.01.24 09:37:53.938,0.80977,0.80998,2.10,1.00
2014.01.24 09:38:04.201,0.80977,0.80998,2.10,1.00
2014.01.24 09:38:04.657,0.80983,0.81003,1.30,1.00
2014.01.24 09:38:11.111,0.80987,0.81008,1.00,1.73
2014.01.24 09:38:11.331,0.80981,0.81004,1.50,1.00
2014.01.24 09:38:11.841,0.80978,0.81003,1.35,1.00
2014.01.24 09:38:12.880,0.80978,0.81008,1.35,1.38
2014.01.24 09:38:12.986,0.80981,0.81008,1.00,1.00
2014.01.24 09:38:15.079,0.80986,0.81011,1.35,1.68
2014.01.24 09:38:15.431,0.80981,0.81009,2.10,1.13
2014.01.24 09:38:17.637,0.80983,0.81009,1.30,1.13
2014.01.24 09:38:23.579,0.80981,0.81009,2.10,1.13
2014.01.24 09:38:24.081,0.80982,0.81003,1.98,1.00
2014.01.24 09:38:24.653,0.80987,0.81008,1.00,1.00
2014.01.24 09:38:26.299,0.80983,0.81003,1.35,1.00
2014.01.24 09:38:26.429,0.80982,0.81008,2.10,1.00
2014.01.24 09:38:28.589,0.80984,0.81008,1.35,1.00
2014.01.24 09:38:31.049,0.80985,0.81003,1.60,1.00
2014.01.24 09:38:31.150,0.80985,0.81008,1.35,1.00
2014.01.24 09:38:33.668,0.80991,0.81014,1.00,1.35
2014.01.24 09:38:34.352,0.80987,0.81013,3.23,1.00
2014.01.24 09:38:34.531,0.80988,0.81013,2.48,1.00
2014.01.24 09:38:34.681,0.80992,0.81019,1.30,1.38
2014.01.24 09:38:34.998,0.80997,0.81018,1.00,1.38
2014.01.24 09:38:35.099,0.80997,0.81018,1.13,1.00
2014.01.24 09:38:35.200,0.80997,0.81023,1.50,1.00
2014.01.24 09:38:35.300,0.80997,0.81023,1.50,1.00
2014.01.24 09:38:35.785,0.81002,0.81028,1.00,1.38
2014.01.24 09:38:37.490,0.81002,0.81028,1.38,1.38
2014.01.24 09:38:37.641,0.81006,0.81034,1.38,1.00
2014.01.24 09:38:37.994,0.81011,0.81039,1.00,1.38
2014.01.24 09:38:38.300,0.8101,0.81033,1.00,1.00
2014.01.24 09:38:38.552,0.81011,0.81039,1.00,1.38
2014.01.24 09:38:41.633,0.81011,0.81039,1.38,1.38
2014.01.24 09:38:42.169,0.81011,0.81044,1.38,1.38
2014.01.24 09:38:42.550,0.81011,0.81044,1.75,1.00
2014.01.24 09:38:44.295,0.81012,0.81038,1.38,1.00
2014.01.24 09:38:44.582,0.81017,0.81043,1.38,1.00
2014.01.24 09:38:44.741,0.81011,0.81039,1.38,1.00
2014.01.24 09:38:45.410,0.81017,0.81038,1.38,1.00
2014.01.24 09:38:46.938,0.81016,0.81044,1.38,1.00
2014.01.24 09:38:47.262,0.81016,0.81047,1.38,1.30
2014.01.24 09:38:48.210,0.81017,0.81043,1.38,1.00
2014.01.24 09:38:48.428,0.81021,0.81047,1.00,1.30
2014.01.24 09:38:49.334,0.81016,0.81044,1.38,1.00
2014.01.24 09:38:49.737,0.81022,0.81048,1.00,1.73
2014.01.24 09:38:50.629,0.81017,0.81043,1.38,1.00
2014.01.24 09:38:51.501,0.81016,0.81039,1.50,1.00
2014.01.24 09:38:51.624,0.81016,0.81044,1.50,1.00
2014.01.24 09:38:55.268,0.81016,0.81039,1.38,1.00
2014.01.24 09:38:56.568,0.81016,0.81044,1.38,1.38
2014.01.24 09:38:57.227,0.81011,0.81039,2.10,1.00
2014.01.24 09:38:57.519,0.81011,0.81039,2.10,1.00
2014.01.24 09:39:00.647,0.81011,0.81034,1.38,1.00
2014.01.24 09:39:03.527,0.81007,0.81028,1.38,1.00
2014.01.24 09:39:03.628,0.81006,0.81034,1.38,1.13
2014.01.24 09:39:03.749,0.81006,0.81034,1.38,1.00
2014.01.24 09:39:04.268,0.81007,0.81033,1.38,1.00
2014.01.24 09:39:04.867,0.81011,0.81039,1.38,1.13
2014.01.24 09:39:05.839,0.81017,0.81043,1.00,1.50
2014.01.24 09:39:06.048,0.81013,0.81038,1.30,1.13
2014.01.24 09:39:06.387,0.81008,0.81033,1.35,1.00
2014.01.24 09:39:08.565,0.81007,0.81033,1.50,1.60
2014.01.24 09:39:09.163,0.81012,0.81033,1.38,1.00
2014.01.24 09:39:09.698,0.81011,0.81034,1.38,1.00
2014.01.24 09:39:12.473,0.81011,0.81034,1.38,1.00
2014.01.24 09:39:13.039,0.81008,0.81033,1.68,1.00
2014.01.24 09:39:14.408,0.81007,0.81033,1.00,1.13
2014.01.24 09:39:14.523,0.81001,0.81029,2.10,1.00
2014.01.24 09:39:18.520,0.81002,0.81033,1.73,1.50
2014.01.24 09:39:18.588,0.81002,0.81028,1.73,1.00
2014.01.24 09:39:19.467,0.81002,0.81023,1.38,1.00
2014.01.24 09:39:20.457,0.81002,0.81028,1.38,1.00
2014.01.24 09:39:22.688,0.81002,0.81028,1.38,1.38
2014.01.24 09:39:23.527,0.81002,0.81028,1.38,1.13
2014.01.24 09:39:23.918,0.81002,0.81023,1.38,1.00
2014.01.24 09:39:24.908,0.80996,0.81024,1.38,1.35
2014.01.24 09:39:25.673,0.80996,0.81024,1.38,1.73
2014.01.24 09:39:27.381,0.80996,0.81024,1.38,1.73
2014.01.24 09:39:29.486,0.80996,0.81024,1.38,1.35
2014.01.24 09:39:31.160,0.81006,0.81029,1.00,1.00
2014.01.24 09:39:31.910,0.81006,0.81029,1.38,1.00
2014.01.24 09:39:34.760,0.81007,0.81033,1.38,1.35
2014.01.24 09:39:35.613,0.81007,0.81033,1.50,1.35
2014.01.24 09:39:38.320,0.81007,0.81028,1.38,1.00
2014.01.24 09:39:38.832,0.81002,0.81029,1.68,1.00
2014.01.24 09:39:41.829,0.81002,0.81023,1.38,1.00
2014.01.24 09:39:42.128,0.81001,0.81029,1.75,1.35
2014.01.24 09:39:44.145,0.81006,0.81034,1.38,1.60
2014.01.24 09:39:44.746,0.81006,0.81034,1.75,1.60
2014.01.24 09:39:46.913,0.81006,0.81034,1.50,1.60
2014.01.24 09:40:00.835,0.81001,0.81029,2.10,1.00
2014.01.24 09:40:01.845,0.81001,0.81029,2.10,1.00
2014.01.24 09:40:02.398,0.81002,0.81033,1.75,1.00
2014.01.24 09:40:02.938,0.81009,0.81034,1.00,1.00
2014.01.24 09:40:03.817,0.81006,0.81034,1.75,1.00
2014.01.24 09:40:04.259,0.81009,0.81034,1.00,1.00
2014.01.24 09:40:05.021,0.81007,0.81028,1.50,1.00
2014.01.24 09:40:08.101,0.81006,0.81034,1.75,1.00
2014.01.24 09:40:17.009,0.81006,0.81034,1.75,1.00
2014.01.24 09:40:25.369,0.81007,0.81028,1.38,1.00
2014.01.24 09:40:26.923,0.81002,0.81023,1.73,1.00
2014.01.24 09:40:27.065,0.81002,0.81028,1.73,1.13
2014.01.24 09:40:29.216,0.81002,0.81023,1.35,1.00
2014.01.24 09:40:30.646,0.81002,0.81019,1.35,1.00
2014.01.24 09:40:32.012,0.81002,0.81019,1.35,1.00
2014.01.24 09:40:37.227,0.81002,0.81019,1.35,1.00
2014.01.24 09:40:37.277,0.81002,0.81024,1.35,1.00
2014.01.24 09:40:37.779,0.81002,0.81024,1.35,1.00
2014.01.24 09:40:37.883,0.81004,0.81024,1.00,1.00
2014.01.24 09:40:38.736,0.81002,0.81023,1.68,1.00
2014.01.24 09:40:39.616,0.81005,0.81023,2.48,1.00
2014.01.24 09:40:39.817,0.81003,0.81023,1.35,1.00
2014.01.24 09:40:39.868,0.81006,0.81029,1.00,3.23
2014.01.24 09:40:39.968,0.81003,0.81024,1.68,1.00
2014.01.24 09:40:40.307,0.81007,0.81028,1.00,1.00
2014.01.24 09:40:40.358,0.81007,0.81028,1.00,1.60
2014.01.24 09:40:40.621,0.81002,0.81028,2.10,1.00
2014.01.24 09:40:41.140,0.81002,0.81024,1.35,1.00
2014.01.24 09:40:41.661,0.81003,0.81024,1.35,1.00
2014.01.24 09:40:41.711,0.81006,0.81029,1.00,1.13
2014.01.24 09:40:41.812,0.81003,0.81024,1.35,1.00
2014.01.24 09:40:43.567,0.81011,0.81034,1.00,1.38
2014.01.24 09:40:43.959,0.81011,0.81034,1.00,1.50
2014.01.24 09:40:44.626,0.81011,0.81034,1.00,1.13
2014.01.24 09:40:46.488,0.81011,0.81034,1.38,1.00
2014.01.24 09:40:46.890,0.81008,0.81028,1.35,1.00
2014.01.24 09:40:53.348,0.81002,0.81023,1.75,1.00
2014.01.24 09:40:53.599,0.81007,0.81028,1.38,1.00
2014.01.24 09:41:01.281,0.81007,0.81033,1.38,1.00
2014.01.24 09:41:01.446,0.81007,0.81033,1.75,1.00
2014.01.24 09:41:02.756,0.81007,0.81033,1.75,1.00
2014.01.24 09:41:02.857,0.81006,0.81029,2.10,1.00
2014.01.24 09:41:03.376,0.81007,0.81033,1.75,1.00
2014.01.24 09:41:03.427,0.81007,0.81033,1.75,1.00
2014.01.24 09:41:03.932,0.81007,0.81033,1.75,1.00
2014.01.24 09:41:04.147,0.81017,0.81038,1.00,1.00
2014.01.24 09:41:04.497,0.81012,0.81033,1.38,1.00
2014.01.24 09:41:04.648,0.81012,0.81038,1.73,1.00
2014.01.24 09:41:05.129,0.81012,0.81038,1.73,1.00
2014.01.24 09:41:06.557,0.81012,0.81038,1.73,1.00
2014.01.24 09:41:06.939,0.81012,0.81033,1.73,1.00
2014.01.24 09:41:07.458,0.81012,0.81033,1.73,1.00
2014.01.24 09:41:07.578,0.81016,0.81039,1.38,1.13
2014.01.24 09:41:07.629,0.81017,0.81039,1.35,1.00
2014.01.24 09:41:07.830,0.81021,0.81048,1.00,2.48
2014.01.24 09:41:07.930,0.81021,0.81049,1.13,1.38
2014.01.24 09:41:08.347,0.81027,0.81048,1.00,1.13
2014.01.24 09:41:11.086,0.81027,0.81053,1.50,1.38
2014.01.24 09:41:11.136,0.81031,0.81058,1.00,2.85
2014.01.24 09:41:11.440,0.81026,0.81049,1.75,1.00
2014.01.24 09:41:12.075,0.81026,0.81049,1.38,1.00
2014.01.24 09:41:12.666,0.81031,0.81058,1.00,1.35
2014.01.24 09:41:12.836,0.81031,0.81054,1.00,2.10
2014.01.24 09:41:13.088,0.81026,0.81054,1.75,3.23
2014.01.24 09:41:13.188,0.81028,0.81054,1.68,1.13
2014.01.24 09:41:13.540,0.81026,0.81054,2.10,1.00
2014.01.24 09:41:13.843,0.81026,0.81054,2.10,1.00
2014.01.24 09:41:14.094,0.81032,0.81058,1.38,1.00
2014.01.24 09:41:14.497,0.81032,0.81058,1.98,1.13
2014.01.24 09:41:14.887,0.81037,0.81063,1.38,1.38
2014.01.24 09:41:15.429,0.81042,0.81063,1.00,1.00
2014.01.24 09:41:15.908,0.81036,0.81064,1.75,1.00
2014.01.24 09:41:17.176,0.81042,0.81063,1.00,1.00
2014.01.24 09:41:17.953,0.81041,0.81069,1.00,1.38
2014.01.24 09:41:18.003,0.81041,0.81069,1.38,1.38
2014.01.24 09:41:18.249,0.81041,0.81069,1.38,1.38
2014.01.24 09:41:19.065,0.81047,0.81073,1.00,1.38
2014.01.24 09:41:19.566,0.81051,0.81074,1.00,1.38
2014.01.24 09:41:19.617,0.81051,0.81074,1.00,1.00
2014.01.24 09:41:20.159,0.81057,0.81078,1.00,1.50
2014.01.24 09:41:20.360,0.81052,0.81073,1.73,1.00
2014.01.24 09:41:20.898,0.81052,0.81073,1.00,1.00
2014.01.24 09:41:24.876,0.81056,0.81079,1.00,2.10
2014.01.24 09:41:24.926,0.81056,0.81079,1.00,2.10
2014.01.24 09:41:25.096,0.81052,0.81073,1.38,1.00
2014.01.24 09:41:25.705,0.81052,0.81073,1.00,1.00
2014.01.24 09:41:27.207,0.81052,0.81073,1.38,1.00
2014.01.24 09:41:27.407,0.81057,0.81078,1.35,1.00
2014.01.24 09:41:27.576,0.81057,0.81078,2.10,1.00
2014.01.24 09:41:27.627,0.81067,0.81088,1.00,1.38
2014.01.24 09:41:27.727,0.81067,0.81088,1.00,1.00
2014.01.24 09:41:28.239,0.81067,0.81088,1.38,1.00
2014.01.24 09:41:28.420,0.81067,0.81088,1.00,1.38
2014.01.24 09:41:29.460,0.81067,0.81088,1.38,1.00
2014.01.24 09:41:31.916,0.81067,0.81088,1.38,1.00
2014.01.24 09:41:32.237,0.81067,0.81088,1.13,1.00
2014.01.24 09:41:32.881,0.81067,0.81088,1.00,1.38
2014.01.24 09:41:33.732,0.81067,0.81088,1.38,1.00
2014.01.24 09:41:34.565,0.81067,0.81088,1.38,1.00
2014.01.24 09:41:38.146,0.81067,0.81088,1.98,1.00
2014.01.24 09:41:38.406,0.81072,0.81093,1.98,1.00
2014.01.24 09:41:38.817,0.81077,0.81098,1.00,1.00
2014.01.24 09:41:39.396,0.81071,0.81094,2.10,1.00
2014.01.24 09:41:39.454,0.81071,0.81094,2.10,1.00
2014.01.24 09:41:41.376,0.81073,0.81098,1.30,1.00
2014.01.24 09:41:41.672,0.81072,0.81098,1.98,1.00
2014.01.24 09:41:42.205,0.81076,0.81099,1.00,1.00
2014.01.24 09:41:45.091,0.81073,0.81093,1.35,1.00
2014.01.24 09:41:45.617,0.81073,0.81093,1.35,1.00
2014.01.24 09:41:45.667,0.81073,0.81099,1.35,1.00
2014.01.24 09:41:46.606,0.81076,0.81099,1.38,1.00
2014.01.24 09:41:47.596,0.81076,0.81099,1.38,1.00
2014.01.24 09:41:47.936,0.81078,0.81099,1.35,1.00
2014.01.24 09:41:48.087,0.81082,0.81103,2.10,1.00
2014.01.24 09:41:48.700,0.81082,0.81103,1.73,1.00
2014.01.24 09:41:49.357,0.81082,0.81103,2.10,1.00
2014.01.24 09:41:49.520,0.81082,0.81108,2.10,1.73
2014.01.24 09:41:49.620,0.81079,0.81103,1.35,1.00
2014.01.24 09:41:49.922,0.81077,0.81099,1.35,1.00
2014.01.24 09:41:50.276,0.81077,0.81099,1.35,1.00
2014.01.24 09:41:52.376,0.81072,0.81093,1.75,1.00
2014.01.24 09:41:54.047,0.81072,0.81093,1.50,1.00
2014.01.24 09:41:54.156,0.81076,0.81099,1.38,1.38
2014.01.24 09:41:55.519,0.81076,0.81099,1.75,1.13
2014.01.24 09:41:56.086,0.81072,0.81093,1.75,1.00
2014.01.24 09:42:01.615,0.81076,0.81099,1.38,1.00
2014.01.24 09:42:02.477,0.81076,0.81099,1.75,1.00
2014.01.24 09:42:02.872,0.81076,0.81099,1.75,1.00
2014.01.24 09:42:06.537,0.81077,0.81103,1.75,1.35
2014.01.24 09:42:07.056,0.81081,0.81104,1.38,1.00
2014.01.24 09:42:07.394,0.81078,0.81098,1.68,1.00
2014.01.24 09:42:07.697,0.81078,0.81093,1.68,1.00
2014.01.24 09:42:07.856,0.81078,0.81098,1.68,1.00
2014.01.24 09:42:12.797,0.81073,0.81098,1.35,1.00
2014.01.24 09:42:13.057,0.81073,0.81093,1.35,1.00
2014.01.24 09:42:16.107,0.81073,0.81088,1.35,1.00
2014.01.24 09:42:17.266,0.8107,0.81088,2.48,1.00
2014.01.24 09:42:17.366,0.81066,0.81089,1.68,1.00
2014.01.24 09:42:17.417,0.81066,0.81089,1.35,1.00
2014.01.24 09:42:19.405,0.81066,0.81078,1.30,1.00
2014.01.24 09:42:23.476,0.81057,0.81084,1.35,1.38
2014.01.24 09:42:23.545,0.81057,0.81084,1.35,1.13
2014.01.24 09:42:25.734,0.81058,0.81084,1.68,1.38
2014.01.24 09:42:25.785,0.81058,0.81078,1.68,1.00
2014.01.24 09:42:27.606,0.81057,0.81078,1.50,1.00
2014.01.24 09:42:27.769,0.81057,0.81073,1.00,1.00
2014.01.24 09:42:28.094,0.81054,0.81068,1.35,1.00
2014.01.24 09:42:28.395,0.8105,0.81068,1.30,1.00
2014.01.24 09:42:28.496,0.81047,0.81068,2.10,1.00
2014.01.24 09:42:28.865,0.81051,0.81074,1.38,1.00
2014.01.24 09:42:29.696,0.81051,0.81074,1.13,1.00
2014.01.24 09:42:30.224,0.81051,0.81074,1.38,1.00
2014.01.24 09:42:31.016,0.81051,0.81074,1.00,1.00
2014.01.24 09:42:32.091,0.81047,0.81073,4.80,1.00
2014.01.24 09:42:33.867,0.81047,0.81073,4.80,1.00
2014.01.24 09:42:34.168,0.81057,0.81078,1.73,1.00
2014.01.24 09:42:34.675,0.81057,0.81078,1.13,1.00
2014.01.24 09:42:35.181,0.81057,0.81083,1.50,1.00
2014.01.24 09:42:37.145,0.81061,0.81084,1.00,1.00
2014.01.24 09:42:37.446,0.81057,0.81078,1.50,1.00
2014.01.24 09:42:37.555,0.81057,0.81084,1.00,1.00
2014.01.24 09:42:42.294,0.81056,0.81084,1.75,1.00
2014.01.24 09:42:43.165,0.81061,0.81084,1.00,1.00
2014.01.24 09:42:45.145,0.81056,0.81084,1.75,1.00
2014.01.24 09:42:49.119,0.81056,0.81084,1.75,1.00
2014.01.24 09:42:50.428,0.81057,0.81078,1.75,1.00
2014.01.24 09:42:51.722,0.81057,0.81078,1.50,1.00
2014.01.24 09:42:52.076,0.81062,0.81083,1.38,1.00
2014.01.24 09:42:57.136,0.81062,0.81088,2.10,1.00
2014.01.24 09:43:02.146,0.81063,0.81088,1.35,1.00
2014.01.24 09:43:02.416,0.81058,0.81084,1.35,1.00
2014.01.24 09:43:04.138,0.81058,0.81084,1.35,1.00
2014.01.24 09:43:13.085,0.81053,0.81079,1.35,1.00
2014.01.24 09:43:17.705,0.81057,0.81078,1.38,1.00
2014.01.24 09:43:17.944,0.81058,0.81083,1.68,1.00
2014.01.24 09:43:19.908,0.81058,0.81079,1.35,1.00
2014.01.24 09:43:20.735,0.81058,0.81078,1.68,1.00
2014.01.24 09:43:23.534,0.81056,0.81084,2.10,1.00
2014.01.24 09:43:24.063,0.81062,0.81083,1.38,1.00
2014.01.24 09:43:25.777,0.81061,0.81089,1.50,1.00
2014.01.24 09:43:34.178,0.81062,0.81089,1.35,1.00
2014.01.24 09:43:37.063,0.81066,0.81094,1.50,1.00
2014.01.24 09:43:37.947,0.81062,0.81089,1.35,1.00
2014.01.24 09:43:38.276,0.81066,0.81094,1.75,1.00
2014.01.24 09:43:40.147,0.81062,0.81088,2.10,1.00
2014.01.24 09:43:40.587,0.81062,0.81084,1.35,1.00
2014.01.24 09:43:40.637,0.81062,0.81084,1.35,1.00
2014.01.24 09:43:40.858,0.81058,0.81084,1.35,1.00
2014.01.24 09:43:48.394,0.81058,0.81083,1.35,1.00
2014.01.24 09:43:49.175,0.81058,0.81083,1.35,1.00
2014.01.24 09:43:53.024,0.81058,0.81078,1.68,1.00
2014.01.24 09:44:04.251,0.81058,0.81078,1.68,1.00
2014.01.24 09:44:07.753,0.81057,0.81083,1.98,1.00
2014.01.24 09:44:10.642,0.81059,0.81083,1.00,1.00
2014.01.24 09:44:12.939,0.81061,0.81084,1.00,1.00
2014.01.24 09:44:14.028,0.81059,0.81083,1.00,1.00
2014.01.24 09:44:18.133,0.81059,0.81079,1.00,1.00
2014.01.24 09:44:19.297,0.81056,0.81079,1.75,1.00
2014.01.24 09:44:25.235,0.81056,0.81079,1.75,1.00
2014.01.24 09:44:26.044,0.81055,0.81078,1.35,1.00
2014.01.24 09:44:26.345,0.81055,0.81074,1.68,1.00
2014.01.24 09:44:26.824,0.81051,0.81079,2.10,1.13
2014.01.24 09:44:30.065,0.8106,0.81079,2.48,1.00
2014.01.24 09:44:30.116,0.81062,0.81083,1.73,1.00
2014.01.24 09:44:30.623,0.81062,0.81083,1.98,1.00
2014.01.24 09:44:32.106,0.81062,0.81083,1.98,1.00
2014.01.24 09:44:32.785,0.81064,0.81083,2.48,1.00
2014.01.24 09:44:33.206,0.81064,0.81083,2.48,1.00
2014.01.24 09:44:33.425,0.81066,0.81089,1.98,1.13
2014.01.24 09:44:33.833,0.81071,0.81094,1.50,1.00
2014.01.24 09:44:34.928,0.81071,0.81094,1.73,1.00
2014.01.24 09:44:36.153,0.81067,0.81088,2.10,1.00
2014.01.24 09:44:36.805,0.81066,0.81089,1.35,1.00
2014.01.24 09:44:39.055,0.81069,0.81089,2.48,1.00
2014.01.24 09:44:39.105,0.81071,0.81094,1.73,1.00
2014.01.24 09:44:39.343,0.81069,0.81083,2.48,1.00
2014.01.24 09:44:39.394,0.81063,0.81083,1.35,1.00
2014.01.24 09:44:39.695,0.81068,0.81094,1.35,1.00
2014.01.24 09:44:39.904,0.81065,0.81088,1.35,1.00
2014.01.24 09:44:40.814,0.8107,0.81088,2.48,1.00
2014.01.24 09:44:40.864,0.81072,0.81093,1.60,1.00
2014.01.24 09:44:41.067,0.81072,0.81093,1.00,1.00
2014.01.24 09:44:41.141,0.81064,0.81084,1.68,1.00
2014.01.24 09:44:41.342,0.81067,0.81093,1.38,1.00
2014.01.24 09:44:41.644,0.81065,0.81088,1.35,1.00
2014.01.24 09:44:42.612,0.8107,0.81088,2.48,1.00
2014.01.24 09:44:42.663,0.81071,0.81094,1.60,1.00
2014.01.24 09:44:42.813,0.81071,0.81094,1.00,1.00
2014.01.24 09:44:42.864,0.81064,0.81083,1.35,1.00
2014.01.24 09:44:43.064,0.81064,0.81089,1.35,1.00
2014.01.24 09:44:44.383,0.81072,0.81093,1.60,1.00
2014.01.24 09:44:44.554,0.81072,0.81093,1.00,1.00
2014.01.24 09:44:44.705,0.81063,0.81083,1.35,1.00
2014.01.24 09:44:44.856,0.8107,0.81093,1.00,1.00
2014.01.24 09:44:45.057,0.81068,0.81088,1.35,1.00
2014.01.24 09:44:46.280,0.81064,0.81088,1.35,1.00
2014.01.24 09:44:46.585,0.81072,0.81093,1.60,1.00
2014.01.24 09:44:46.867,0.81068,0.81093,1.35,1.00
2014.01.24 09:44:47.592,0.81068,0.81088,1.35,1.00
2014.01.24 09:44:47.693,0.81067,0.81093,1.98,1.00
2014.01.24 09:44:48.238,0.81071,0.81093,1.68,1.00
2014.01.24 09:44:48.455,0.81071,0.81093,1.35,1.00
2014.01.24 09:44:49.342,0.81071,0.81099,2.10,1.00
2014.01.24 09:44:49.599,0.81077,0.81098,1.00,1.00
2014.01.24 09:44:50.127,0.81075,0.81099,1.35,1.00
2014.01.24 09:44:50.580,0.81075,0.81094,1.60,1.00
2014.01.24 09:44:51.224,0.81075,0.81094,1.00,1.00
2014.01.24 09:44:51.352,0.81077,0.81098,1.00,1.00
2014.01.24 09:44:52.073,0.81077,0.81098,1.60,1.00
2014.01.24 09:44:54.408,0.81075,0.81093,2.48,1.00
2014.01.24 09:44:54.564,0.81072,0.81093,1.50,1.00
2014.01.24 09:44:55.101,0.81072,0.81093,2.10,1.00
2014.01.24 09:44:55.604,0.81072,0.81089,1.35,1.00
2014.01.24 09:44:55.906,0.81068,0.81089,1.68,1.00
2014.01.24 09:44:56.295,0.81071,0.81094,2.10,1.00
2014.01.24 09:44:57.803,0.81076,0.81099,1.00,1.73
2014.01.24 09:44:57.954,0.81076,0.81099,1.00,1.00
2014.01.24 09:44:58.367,0.81071,0.81099,1.38,1.00
2014.01.24 09:44:59.723,0.81071,0.81099,1.38,1.38
2014.01.24 09:45:00.283,0.81073,0.81099,2.10,1.13
2014.01.24 09:45:00.585,0.81081,0.81104,1.00,1.50
2014.01.24 09:45:00.887,0.81072,0.81093,1.50,1.00
2014.01.24 09:45:01.139,0.81076,0.81099,1.00,1.00
2014.01.24 09:45:01.543,0.81082,0.81103,1.00,1.50
2014.01.24 09:45:02.094,0.81081,0.81107,1.00,1.35
2014.01.24 09:45:02.295,0.81081,0.81109,1.38,1.98
2014.01.24 09:45:02.346,0.81081,0.81104,1.38,1.00
2014.01.24 09:45:03.893,0.81086,0.81109,1.00,1.98
2014.01.24 09:45:04.418,0.81086,0.81109,1.00,1.60
2014.01.24 09:45:04.843,0.81083,0.81104,1.30,1.00
2014.01.24 09:45:05.386,0.81082,0.81104,1.35,1.00
2014.01.24 09:45:05.893,0.81082,0.81103,1.75,1.00
2014.01.24 09:45:06.942,0.81083,0.81104,1.00,1.00
2014.01.24 09:45:07.327,0.81086,0.81104,2.10,1.00
2014.01.24 09:45:07.377,0.81086,0.81109,2.85,1.00
2014.01.24 09:45:07.594,0.81086,0.81104,2.10,1.00
2014.01.24 09:45:07.845,0.81087,0.81108,1.60,1.00
2014.01.24 09:45:08.183,0.81083,0.81108,1.00,1.00
2014.01.24 09:45:09.914,0.81082,0.81108,2.10,1.00
2014.01.24 09:45:10.135,0.81092,0.81113,1.00,1.38
2014.01.24 09:45:10.390,0.81086,0.81109,1.73,1.00
2014.01.24 09:45:12.146,0.81092,0.81113,1.00,1.38
2014.01.24 09:45:12.801,0.81088,0.81108,1.30,1.00
2014.01.24 09:45:14.162,0.81087,0.81108,1.00,1.00
2014.01.24 09:45:18.643,0.81085,0.81108,1.30,1.00
2014.01.24 09:45:19.363,0.81087,0.81108,1.00,1.00
2014.01.24 09:45:20.244,0.81085,0.81109,1.30,1.00
2014.01.24 09:45:20.416,0.81084,0.81109,2.85,1.00
2014.01.24 09:45:22.284,0.81087,0.81108,1.35,1.00
2014.01.24 09:45:22.915,0.81081,0.81109,2.10,1.00
2014.01.24 09:45:35.186,0.81081,0.81109,2.10,1.38
2014.01.24 09:45:35.705,0.81081,0.81109,1.73,1.13
2014.01.24 09:45:38.534,0.81087,0.81109,2.10,1.13
2014.01.24 09:45:39.112,0.81087,0.81108,2.85,1.00
2014.01.24 09:45:39.321,0.81087,0.81108,1.13,1.00
2014.01.24 09:45:39.645,0.81086,0.81104,1.30,1.00
2014.01.24 09:45:41.386,0.81086,0.81109,1.30,1.00
2014.01.24 09:45:41.787,0.81085,0.81109,1.35,1.00
2014.01.24 09:45:42.173,0.81085,0.81103,1.35,1.00
2014.01.24 09:45:42.286,0.81086,0.81103,1.30,1.00
2014.01.24 09:45:43.282,0.81085,0.81103,1.35,1.00
2014.01.24 09:45:43.343,0.81087,0.81108,1.38,1.00
2014.01.24 09:45:43.393,0.81087,0.81108,3.23,1.00
2014.01.24 09:45:46.363,0.81084,0.81108,1.35,1.35
2014.01.24 09:45:46.565,0.81088,0.81108,2.10,1.00
2014.01.24 09:45:46.665,0.81091,0.81114,1.00,2.10
2014.01.24 09:45:46.766,0.81091,0.81113,1.00,1.00
2014.01.24 09:45:46.866,0.81087,0.81108,1.38,1.00
2014.01.24 09:45:47.315,0.81092,0.81109,1.00,1.30
2014.01.24 09:45:47.666,0.81086,0.81109,1.38,1.00
2014.01.24 09:45:48.156,0.81087,0.81113,1.38,1.50
2014.01.24 09:45:48.257,0.81087,0.81113,1.98,1.13
2014.01.24 09:45:48.842,0.81092,0.81113,1.00,1.13
2014.01.24 09:45:49.376,0.81092,0.81113,1.60,1.50
2014.01.24 09:45:51.842,0.81092,0.81113,3.23,1.13
2014.01.24 09:45:53.033,0.81096,0.81119,1.00,1.75
2014.01.24 09:45:53.467,0.81096,0.81119,1.00,1.38
2014.01.24 09:45:53.832,0.81096,0.81119,1.60,1.38
2014.01.24 09:45:54.267,0.81096,0.81119,1.73,1.13
2014.01.24 09:45:54.367,0.81102,0.81123,1.00,1.50
2014.01.24 09:45:54.418,0.81102,0.81123,1.60,1.13
2014.01.24 09:45:54.620,0.81096,0.81123,1.98,1.00
2014.01.24 09:45:54.973,0.81096,0.81124,1.98,1.38
2014.01.24 09:45:55.567,0.81102,0.81123,1.38,1.13
2014.01.24 09:45:56.653,0.81103,0.81123,2.48,1.13
2014.01.24 09:45:57.389,0.81106,0.81129,1.73,1.38
2014.01.24 09:45:58.751,0.81106,0.81129,2.10,1.00
2014.01.24 09:46:00.413,0.81106,0.81129,1.30,1.38
2014.01.24 09:46:01.176,0.81106,0.81129,1.73,1.00
2014.01.24 09:46:01.278,0.81106,0.81129,4.80,1.00
2014.01.24 09:46:01.637,0.81106,0.81129,4.80,1.00
2014.01.24 09:46:01.705,0.81106,0.81129,4.80,1.00
2014.01.24 09:46:02.033,0.81106,0.81129,4.80,1.00
2014.01.24 09:46:02.854,0.81112,0.81133,1.13,1.00
2014.01.24 09:46:02.955,0.81112,0.81133,1.73,1.00
2014.01.24 09:46:03.395,0.81107,0.81134,2.48,1.13
2014.01.24 09:46:03.905,0.81113,0.81133,1.30,1.00
2014.01.24 09:46:04.236,0.81112,0.81133,1.98,1.00
2014.01.24 09:46:06.105,0.81112,0.81133,1.98,1.00
2014.01.24 09:46:06.435,0.81112,0.81133,1.98,1.00
2014.01.24 09:46:07.343,0.81112,0.81133,1.98,1.00
2014.01.24 09:46:07.688,0.81116,0.81139,1.50,1.00
2014.01.24 09:46:07.889,0.81115,0.81138,1.35,1.00
2014.01.24 09:46:08.391,0.81116,0.81138,1.00,1.00
2014.01.24 09:46:08.441,0.81116,0.81134,1.00,1.00
2014.01.24 09:46:12.851,0.81116,0.81139,1.73,1.00
2014.01.24 09:46:13.052,0.81116,0.81139,2.10,1.00
2014.01.24 09:46:13.153,0.81116,0.81139,2.10,1.00
2014.01.24 09:46:13.235,0.81116,0.81139,2.10,1.00
2014.01.24 09:46:14.142,0.81116,0.81134,1.35,1.00
2014.01.24 09:46:15.244,0.81116,0.81139,2.10,1.00
2014.01.24 09:46:15.764,0.81116,0.81139,2.10,1.00
2014.01.24 09:46:16.312,0.81116,0.81139,2.10,1.00
2014.01.24 09:46:16.672,0.81116,0.81133,1.35,1.00
2014.01.24 09:46:16.862,0.81116,0.81133,1.35,1.00
2014.01.24 09:46:17.346,0.81117,0.81138,1.73,1.00
2014.01.24 09:46:17.525,0.81117,0.81138,1.73,1.00
2014.01.24 09:46:18.542,0.81116,0.81133,1.35,1.00
2014.01.24 09:46:18.643,0.81114,0.81133,1.35,1.00
2014.01.24 09:46:18.907,0.81116,0.81139,4.80,1.00
2014.01.24 09:46:19.058,0.81116,0.81139,4.80,1.00
2014.01.24 09:46:19.190,0.81116,0.81139,4.80,1.00
2014.01.24 09:46:19.493,0.81116,0.81139,4.80,1.00
2014.01.24 09:46:20.416,0.81116,0.81139,1.50,1.00
2014.01.24 09:46:21.070,0.81116,0.81139,1.50,1.00
2014.01.24 09:46:21.221,0.81115,0.81133,1.35,1.00
2014.01.24 09:46:22.062,0.81116,0.81139,1.50,1.00
2014.01.24 09:46:22.733,0.81116,0.81139,1.50,1.00
2014.01.24 09:46:22.928,0.81116,0.81139,1.50,1.00
2014.01.24 09:46:23.128,0.81116,0.81139,1.50,1.00
2014.01.24 09:46:24.793,0.81116,0.81139,1.50,1.00
2014.01.24 09:46:25.270,0.81115,0.81134,1.35,1.00
2014.01.24 09:46:25.901,0.81113,0.81134,1.35,1.00
2014.01.24 09:46:26.204,0.81113,0.81129,1.35,1.00
2014.01.24 09:46:26.255,0.81113,0.81129,1.35,1.00
2014.01.24 09:46:26.607,0.81111,0.81134,1.75,1.00
2014.01.24 09:46:26.913,0.81112,0.81134,1.35,1.00
2014.01.24 09:46:27.164,0.81118,0.81139,2.48,1.00
2014.01.24 09:46:27.265,0.81118,0.81139,2.48,1.00
2014.01.24 09:46:27.365,0.81125,0.81143,1.30,1.00
2014.01.24 09:46:27.466,0.81123,0.81143,2.48,1.00
2014.01.24 09:46:27.667,0.81125,0.81143,1.30,1.00
2014.01.24 09:46:28.206,0.81123,0.81143,1.30,1.00
2014.01.24 09:46:28.884,0.81122,0.81143,1.13,1.00
2014.01.24 09:46:28.984,0.81116,0.81144,2.10,1.00
2014.01.24 09:46:29.235,0.81121,0.81144,1.38,1.00
2014.01.24 09:46:29.436,0.81117,0.81138,3.23,1.00
2014.01.24 09:46:30.624,0.81117,0.81138,3.23,1.00
2014.01.24 09:46:32.539,0.81117,0.81138,1.98,1.00
2014.01.24 09:46:33.412,0.81112,0.81133,2.10,1.00
2014.01.24 09:46:36.124,0.81112,0.81133,2.10,1.00
2014.01.24 09:46:36.376,0.81123,0.81144,2.10,1.00
2014.01.24 09:46:36.728,0.81121,0.81144,1.98,1.00
2014.01.24 09:46:37.242,0.81123,0.81138,1.30,1.00
2014.01.24 09:46:37.394,0.81119,0.81138,1.30,1.00
2014.01.24 09:46:38.341,0.81117,0.81138,1.13,1.00
2014.01.24 09:46:38.793,0.81114,0.81133,1.35,1.00
2014.01.24 09:46:38.894,0.81113,0.81133,1.68,1.00
2014.01.24 09:46:41.091,0.81112,0.81133,1.75,2.85
2014.01.24 09:46:41.192,0.81108,0.81128,1.00,1.00
2014.01.24 09:46:41.684,0.81108,0.81128,1.68,1.00
2014.01.24 09:46:42.902,0.81108,0.81128,1.68,1.00
2014.01.24 09:46:43.002,0.81107,0.81128,1.75,1.00
2014.01.24 09:46:43.762,0.81107,0.81128,1.75,1.00
2014.01.24 09:46:43.875,0.81107,0.81128,1.38,1.00
2014.01.24 09:46:44.973,0.81107,0.81128,1.75,1.00
2014.01.24 09:46:45.882,0.81107,0.81128,1.75,1.00
2014.01.24 09:46:46.087,0.81107,0.81128,1.75,1.00
2014.01.24 09:46:46.238,0.81107,0.81128,1.75,1.00
2014.01.24 09:46:46.389,0.81116,0.81139,1.00,1.13
2014.01.24 09:46:46.644,0.81111,0.81139,1.38,1.00
2014.01.24 09:46:47.282,0.81111,0.81139,1.75,1.00
2014.01.24 09:46:47.474,0.81116,0.81139,1.00,1.00
2014.01.24 09:46:49.564,0.81112,0.81133,1.50,1.00
2014.01.24 09:46:49.715,0.81112,0.81133,1.13,1.00
2014.01.24 09:46:49.915,0.81117,0.81143,1.00,1.75
2014.01.24 09:46:57.356,0.81117,0.81143,1.60,1.38
2014.01.24 09:46:57.406,0.81126,0.81146,1.00,1.35
2014.01.24 09:46:57.967,0.81122,0.81143,1.38,1.38
2014.01.24 09:47:00.562,0.81116,0.81139,1.73,1.00
2014.01.24 09:47:01.664,0.81116,0.81139,2.10,1.00
2014.01.24 09:47:01.771,0.81122,0.81143,1.00,1.60
2014.01.24 09:47:02.152,0.81116,0.81144,1.75,3.23
2014.01.24 09:47:02.325,0.81116,0.81144,1.75,2.85
2014.01.24 09:47:02.568,0.81119,0.81144,1.00,2.85
2014.01.24 09:47:03.426,0.81116,0.81144,1.75,3.23
2014.01.24 09:47:05.507,0.81116,0.81144,1.75,3.23
2014.01.24 09:47:05.671,0.81111,0.81139,1.75,1.00
2014.01.24 09:47:06.272,0.81116,0.8114,1.75,1.30
2014.01.24 09:47:07.401,0.81116,0.81144,1.75,2.85
2014.01.24 09:47:08.252,0.81119,0.81144,1.00,3.23
2014.01.24 09:47:10.634,0.81116,0.81138,1.75,2.10
2014.01.24 09:47:10.935,0.81112,0.81135,1.00,1.35
2014.01.24 09:47:11.036,0.81106,0.81129,1.38,1.00
2014.01.24 09:47:11.242,0.81106,0.81133,1.38,1.00
2014.01.24 09:47:11.383,0.81111,0.81134,1.00,2.10
2014.01.24 09:47:12.021,0.81111,0.81133,1.00,1.00
2014.01.24 09:47:13.427,0.81111,0.81134,1.00,2.10
2014.01.24 09:47:13.972,0.81111,0.81137,1.13,1.35
2014.01.24 09:47:15.460,0.81116,0.81136,1.00,1.35
2014.01.24 09:47:16.740,0.81112,0.81136,1.00,1.35
2014.01.24 09:47:17.562,0.81113,0.81138,2.10,1.75
2014.01.24 09:47:17.713,0.81121,0.81144,1.13,1.73
2014.01.24 09:47:17.864,0.81127,0.81145,1.00,2.48
2014.01.24 09:47:17.964,0.81121,0.81144,1.00,1.73
2014.01.24 09:47:19.109,0.81121,0.81144,1.13,4.80
2014.01.24 09:47:19.694,0.81121,0.81144,1.00,4.80
2014.01.24 09:47:20.241,0.81121,0.81144,1.00,4.80
2014.01.24 09:47:21.684,0.81116,0.81139,1.50,1.00
2014.01.24 09:47:24.054,0.81116,0.8113,1.38,2.10
2014.01.24 09:47:24.305,0.81106,0.81129,1.50,1.60
2014.01.24 09:47:24.405,0.8111,0.81129,1.30,1.00
2014.01.24 09:47:24.456,0.81117,0.81137,1.00,2.10
2014.01.24 09:47:24.556,0.81111,0.81134,1.38,1.35
2014.01.24 09:47:24.858,0.81111,0.81134,1.00,1.00
2014.01.24 09:47:24.958,0.81112,0.81138,1.00,1.00
2014.01.24 09:47:25.762,0.81112,0.81138,1.38,1.13
2014.01.24 09:47:26.972,0.81116,0.81139,1.00,1.68
2014.01.24 09:47:27.313,0.81116,0.81143,1.38,2.48
2014.01.24 09:47:27.730,0.81116,0.81144,1.38,1.73
2014.01.24 09:47:28.855,0.81116,0.81144,1.75,1.73
2014.01.24 09:47:29.061,0.81121,0.81144,1.00,1.35
2014.01.24 09:47:31.593,0.81121,0.81149,1.00,2.10
2014.01.24 09:47:32.366,0.81121,0.81144,1.00,1.00
2014.01.24 09:47:34.321,0.81121,0.81139,1.00,2.10
2014.01.24 09:47:34.372,0.81111,0.81139,2.10,2.85
2014.01.24 09:47:36.590,0.81115,0.81139,1.35,1.35
2014.01.24 09:47:36.891,0.81122,0.81143,1.00,1.00
2014.01.24 09:47:37.092,0.81116,0.81144,2.10,1.00
2014.01.24 09:47:37.243,0.81119,0.81138,1.00,1.00
2014.01.24 09:47:38.962,0.81111,0.81134,1.75,1.00
2014.01.24 09:47:39.626,0.81109,0.81133,1.35,1.00
2014.01.24 09:47:39.727,0.81109,0.81133,1.68,1.00
2014.01.24 09:47:40.282,0.81107,0.81128,1.50,1.00
2014.01.24 09:47:42.263,0.81107,0.81133,1.50,1.00
2014.01.24 09:47:43.704,0.81106,0.81129,1.38,1.00
2014.01.24 09:47:47.081,0.81106,0.81129,1.38,1.00
2014.01.24 09:47:48.911,0.81102,0.81128,1.75,1.00
2014.01.24 09:47:49.520,0.811,0.81124,1.35,1.00
2014.01.24 09:47:50.621,0.811,0.81124,1.35,1.00
2014.01.24 09:47:54.876,0.81101,0.81124,1.75,1.00
2014.01.24 09:47:57.990,0.81102,0.81128,1.50,1.00
2014.01.24 09:47:58.372,0.81106,0.81129,1.00,1.00
2014.01.24 09:47:59.677,0.81102,0.81123,2.10,1.00
2014.01.24 09:48:00.189,0.81102,0.81124,1.35,1.00
2014.01.24 09:48:00.829,0.81102,0.81123,2.10,1.00
2014.01.24 09:48:09.091,0.81102,0.81123,2.10,1.00
2014.01.24 09:48:09.142,0.81111,0.81134,1.38,1.38
2014.01.24 09:48:09.242,0.81111,0.81134,1.38,1.00
2014.01.24 09:48:09.343,0.81107,0.81128,1.75,1.00
2014.01.24 09:48:14.093,0.81111,0.81134,1.50,1.00
2014.01.24 09:48:18.040,0.81111,0.81134,1.50,1.00
2014.01.24 09:48:23.107,0.81111,0.81134,1.75,1.00
2014.01.24 09:48:24.187,0.81112,0.81138,1.75,3.23
2014.01.24 09:48:24.237,0.81112,0.81138,1.75,3.23
2014.01.24 09:48:24.620,0.81112,0.81138,2.10,1.98
2014.01.24 09:48:26.140,0.81117,0.81143,1.00,2.10
2014.01.24 09:48:26.680,0.81117,0.81143,1.00,2.10
2014.01.24 09:48:27.147,0.81117,0.81143,1.00,2.10
2014.01.24 09:48:28.579,0.81117,0.81143,1.00,2.10
2014.01.24 09:48:28.680,0.81117,0.81143,1.00,2.10
2014.01.24 09:48:29.141,0.81121,0.81144,1.00,2.10
2014.01.24 09:48:29.249,0.81121,0.81143,1.00,1.00
2014.01.24 09:48:35.729,0.81126,0.81147,1.00,1.35
2014.01.24 09:48:35.980,0.81122,0.81143,1.00,1.73
2014.01.24 09:48:36.282,0.81122,0.81148,1.13,1.75
2014.01.24 09:48:37.162,0.81117,0.81144,1.35,1.00
2014.01.24 09:48:38.029,0.81116,0.81144,1.98,1.13
2014.01.24 09:48:38.921,0.81118,0.81144,1.30,1.50
2014.01.24 09:48:39.238,0.81118,0.81144,1.68,1.00
2014.01.24 09:48:40.159,0.81118,0.81149,1.35,2.10
2014.01.24 09:48:43.130,0.81122,0.81148,1.00,1.38
2014.01.24 09:48:43.231,0.81122,0.81148,1.00,1.38
2014.01.24 09:48:44.210,0.81122,0.81148,1.38,1.00
2014.01.24 09:48:44.311,0.81122,0.81148,1.13,1.38
2014.01.24 09:48:44.639,0.81126,0.8115,1.00,1.68
2014.01.24 09:48:45.152,0.81122,0.81148,1.00,1.00
2014.01.24 09:48:45.880,0.81127,0.81148,1.00,1.00
2014.01.24 09:48:46.031,0.81122,0.81148,1.00,1.00
2014.01.24 09:48:46.182,0.81122,0.81148,1.00,1.60
2014.01.24 09:48:46.483,0.81126,0.81147,1.00,2.48
2014.01.24 09:48:46.584,0.81122,0.81147,1.00,2.48
2014.01.24 09:48:47.059,0.81121,0.81149,1.13,4.80
2014.01.24 09:48:48.099,0.81126,0.81149,1.00,4.80
2014.01.24 09:48:48.300,0.81122,0.81148,1.00,1.60
2014.01.24 09:48:49.541,0.81122,0.81148,2.85,1.13
2014.01.24 09:48:49.846,0.81126,0.81154,1.38,2.10
2014.01.24 09:48:50.147,0.81132,0.81153,1.00,1.73
2014.01.24 09:48:50.472,0.81132,0.81153,1.38,1.73
2014.01.24 09:48:51.989,0.81132,0.81153,1.38,1.38
2014.01.24 09:48:54.529,0.81132,0.81153,1.38,1.00
2014.01.24 09:48:54.650,0.81132,0.81153,1.00,1.35
2014.01.24 09:48:54.800,0.81125,0.81148,1.35,1.00
2014.01.24 09:48:55.323,0.81126,0.81149,1.50,1.00
2014.01.24 09:48:56.110,0.81126,0.81154,1.50,1.73
2014.01.24 09:49:01.719,0.81131,0.81154,1.00,1.73
2014.01.24 09:49:02.286,0.81131,0.81158,1.00,1.60
2014.01.24 09:49:04.799,0.81132,0.81153,1.00,1.00
2014.01.24 09:49:05.789,0.81131,0.81158,1.00,1.35
2014.01.24 09:49:06.412,0.81131,0.81158,1.00,1.35
2014.01.24 09:49:07.109,0.81132,0.81153,1.00,1.00
2014.01.24 09:49:07.909,0.81131,0.81158,1.13,1.35
2014.01.24 09:49:08.140,0.81132,0.81153,1.00,1.00
2014.01.24 09:49:09.578,0.81132,0.81153,1.50,1.00
2014.01.24 09:49:10.121,0.81135,0.81153,2.48,1.00
2014.01.24 09:49:10.221,0.81142,0.81163,1.00,1.30
2014.01.24 09:49:10.322,0.81141,0.81162,1.00,2.10
2014.01.24 09:49:10.372,0.81137,0.81162,1.38,2.10
2014.01.24 09:49:10.422,0.81137,0.81162,1.00,2.48
2014.01.24 09:49:10.573,0.81132,0.81158,1.50,1.38
2014.01.24 09:49:11.015,0.81137,0.81157,1.00,1.30
2014.01.24 09:49:11.671,0.81136,0.81157,1.00,1.30
2014.01.24 09:49:14.031,0.81136,0.81163,1.00,1.35
2014.01.24 09:49:14.150,0.81136,0.81161,1.00,1.30
2014.01.24 09:49:14.699,0.81136,0.81163,1.00,1.35
2014.01.24 09:49:16.163,0.81136,0.81163,1.00,1.60
2014.01.24 09:49:16.538,0.81137,0.81158,1.00,1.00
2014.01.24 09:49:16.840,0.81131,0.81159,1.50,2.85
2014.01.24 09:49:17.218,0.81136,0.81159,1.00,1.00
2014.01.24 09:49:22.239,0.81137,0.81163,1.00,2.10
2014.01.24 09:49:23.515,0.81137,0.81163,1.00,2.10
2014.01.24 09:49:23.716,0.81137,0.81163,1.00,2.10
2014.01.24 09:49:23.917,0.81132,0.81158,2.10,1.00
2014.01.24 09:49:24.580,0.81132,0.81158,2.10,1.38
2014.01.24 09:49:24.910,0.81132,0.81158,2.10,1.13
2014.01.24 09:49:25.616,0.81132,0.81158,2.10,1.38
2014.01.24 09:49:25.667,0.81132,0.81153,2.10,1.00
2014.01.24 09:49:26.079,0.81131,0.81159,2.10,1.73
2014.01.24 09:49:28.867,0.81131,0.81159,1.98,1.73
2014.01.24 09:49:29.165,0.81132,0.81153,1.38,1.00
2014.01.24 09:49:29.421,0.81131,0.81158,1.75,1.30
2014.01.24 09:49:29.959,0.81132,0.81159,1.35,1.13
2014.01.24 09:49:30.848,0.81132,0.81153,2.10,1.00
2014.01.24 09:49:31.290,0.81131,0.81159,2.10,1.38
2014.01.24 09:49:31.502,0.81131,0.81159,1.75,1.98
2014.01.24 09:49:31.850,0.81131,0.81154,1.38,1.13
2014.01.24 09:49:32.789,0.81132,0.81158,1.38,1.98
2014.01.24 09:49:33.281,0.81135,0.81158,2.48,1.38
2014.01.24 09:49:33.594,0.81141,0.81164,1.00,1.38
2014.01.24 09:49:33.695,0.81141,0.81164,1.00,1.38
2014.01.24 09:49:33.928,0.81136,0.81164,1.35,1.38
2014.01.24 09:49:34.160,0.81136,0.81164,1.00,1.38
2014.01.24 09:49:36.127,0.81136,0.81164,1.00,1.38
2014.01.24 09:49:36.355,0.81137,0.81163,1.38,1.13
2014.01.24 09:49:36.756,0.81137,0.81163,1.00,1.38
2014.01.24 09:49:37.344,0.81137,0.81163,1.00,1.38
2014.01.24 09:49:37.966,0.81137,0.81163,1.00,1.38
2014.01.24 09:49:38.752,0.81131,0.81164,2.10,1.38
2014.01.24 09:49:38.852,0.81131,0.81164,2.10,1.38
2014.01.24 09:49:39.308,0.81135,0.81164,1.30,1.38
2014.01.24 09:49:39.629,0.81135,0.81164,1.68,1.38
2014.01.24 09:49:40.384,0.81136,0.81164,1.50,1.13
2014.01.24 09:49:40.606,0.81136,0.81164,1.75,1.13
2014.01.24 09:49:40.817,0.81137,0.81164,1.00,1.13
2014.01.24 09:49:40.942,0.81136,0.81164,1.75,1.13
2014.01.24 09:49:42.496,0.81136,0.81164,1.38,1.38
2014.01.24 09:49:43.007,0.81136,0.81164,1.38,1.38
2014.01.24 09:49:46.149,0.81136,0.81169,1.38,1.75
2014.01.24 09:49:47.346,0.81136,0.81169,1.38,1.75
2014.01.24 09:49:48.302,0.81141,0.81169,1.00,1.75
2014.01.24 09:49:49.291,0.81141,0.81169,1.00,1.75
2014.01.24 09:49:50.069,0.81137,0.81168,1.50,1.50
2014.01.24 09:49:50.498,0.81137,0.81168,1.50,1.50
2014.01.24 09:49:50.626,0.81142,0.81168,1.00,1.50
2014.01.24 09:49:51.195,0.81146,0.81174,1.00,1.75
2014.01.24 09:49:51.296,0.81146,0.81174,1.00,1.75
2014.01.24 09:49:53.828,0.81142,0.81168,1.00,1.50
2014.01.24 09:49:54.280,0.81142,0.81168,1.00,1.50
2014.01.24 09:49:54.651,0.81142,0.81168,1.38,1.38
2014.01.24 09:49:57.146,0.81142,0.81168,1.38,1.38
2014.01.24 09:49:57.250,0.81142,0.81168,1.38,1.38
2014.01.24 09:49:57.922,0.81142,0.81168,1.50,1.38
2014.01.24 09:50:00.177,0.81141,0.81169,1.75,1.38
2014.01.24 09:50:02.179,0.81141,0.81169,1.75,1.38
2014.01.24 09:50:03.619,0.81147,0.81168,1.00,1.38
2014.01.24 09:50:03.962,0.81147,0.81168,1.00,1.13
2014.01.24 09:50:09.220,0.81147,0.81168,1.00,1.38
2014.01.24 09:50:10.076,0.81146,0.81169,1.00,1.98
2014.01.24 09:50:11.881,0.81146,0.81169,1.50,1.38
2014.01.24 09:50:12.400,0.81147,0.81173,1.00,1.98
2014.01.24 09:50:12.962,0.81147,0.81173,1.00,1.38
2014.01.24 09:50:13.620,0.81147,0.81173,1.38,1.38
2014.01.24 09:50:16.819,0.81147,0.81165,1.00,2.10
2014.01.24 09:50:17.351,0.81142,0.81165,1.38,2.48
2014.01.24 09:50:18.278,0.81142,0.81165,1.38,2.48
2014.01.24 09:50:20.739,0.81142,0.81168,1.98,1.98
2014.01.24 09:50:20.789,0.81143,0.81167,1.68,1.30
2014.01.24 09:50:21.398,0.81147,0.8117,1.00,2.48
2014.01.24 09:50:21.711,0.81147,0.81173,1.00,1.38
2014.01.24 09:50:22.968,0.81147,0.81173,1.00,1.38
2014.01.24 09:50:23.691,0.81147,0.81173,1.13,1.00
2014.01.24 09:50:24.638,0.81147,0.81173,1.50,1.00
2014.01.24 09:50:28.348,0.81147,0.81173,1.50,1.60
2014.01.24 09:50:28.500,0.81142,0.81173,1.75,1.98
2014.01.24 09:50:31.119,0.81142,0.81173,1.75,1.98
2014.01.24 09:50:31.239,0.81146,0.81172,1.50,1.30
2014.01.24 09:50:31.468,0.81142,0.81173,1.75,1.98
2014.01.24 09:50:32.087,0.81147,0.81168,1.13,1.00
2014.01.24 09:50:32.348,0.81147,0.81173,1.13,1.98
2014.01.24 09:50:33.308,0.81147,0.81172,1.13,1.30
2014.01.24 09:50:34.058,0.81147,0.81168,1.13,1.00
2014.01.24 09:50:49.350,0.81147,0.81173,1.00,1.98
2014.01.24 09:50:49.500,0.81147,0.81172,1.00,1.30
2014.01.24 09:50:50.337,0.81147,0.81168,1.00,1.00
2014.01.24 09:50:51.922,0.81141,0.81169,1.75,1.00
2014.01.24 09:50:56.623,0.81142,0.81168,1.38,1.00
2014.01.24 09:50:57.259,0.81142,0.81168,1.50,1.00
2014.01.24 09:50:57.377,0.81146,0.81169,1.00,1.00
2014.01.24 09:51:00.462,0.81142,0.81168,2.10,1.00
2014.01.24 09:51:02.218,0.81147,0.81168,1.00,1.00
2014.01.24 09:51:06.727,0.81141,0.81169,2.10,1.13
2014.01.24 09:51:08.048,0.81146,0.81169,1.00,1.13
2014.01.24 09:51:16.627,0.81141,0.81169,2.10,1.13
2014.01.24 09:51:19.167,0.81146,0.81169,1.00,1.13
2014.01.24 09:51:21.832,0.81146,0.81169,1.00,1.38
2014.01.24 09:51:23.628,0.81146,0.81169,1.00,1.13
2014.01.24 09:51:25.451,0.81146,0.81171,1.00,1.30
2014.01.24 09:51:27.296,0.81146,0.81174,1.00,2.10
2014.01.24 09:51:27.781,0.81152,0.81174,1.00,1.35
2014.01.24 09:51:28.117,0.81156,0.8118,1.00,1.35
2014.01.24 09:51:29.155,0.81156,0.81183,1.00,2.48
2014.01.24 09:51:29.505,0.81156,0.81184,1.00,1.73
2014.01.24 09:51:30.622,0.81156,0.81184,1.38,1.73
2014.01.24 09:51:30.763,0.81156,0.81184,1.73,1.13
2014.01.24 09:51:31.247,0.81162,0.81188,1.00,1.75
2014.01.24 09:51:33.699,0.81162,0.81188,1.00,1.75
2014.01.24 09:51:33.851,0.81156,0.81184,1.13,1.38
2014.01.24 09:51:33.951,0.81156,0.81184,1.13,1.38
2014.01.24 09:51:34.377,0.81156,0.81184,1.00,1.38
2014.01.24 09:51:34.882,0.81156,0.81184,1.38,1.38
2014.01.24 09:51:35.406,0.81156,0.81184,1.38,1.38
2014.01.24 09:51:35.927,0.81156,0.81187,1.38,1.35
2014.01.24 09:51:36.661,0.81156,0.81187,1.38,1.35
2014.01.24 09:51:37.000,0.81156,0.81184,1.13,1.38
2014.01.24 09:51:37.489,0.81162,0.81187,1.00,1.35
2014.01.24 09:51:38.245,0.81162,0.81187,1.00,1.35
2014.01.24 09:51:40.369,0.81162,0.81187,1.00,1.35
2014.01.24 09:51:43.028,0.81162,0.81187,1.00,1.35
2014.01.24 09:51:43.129,0.81162,0.81187,1.00,1.35
2014.01.24 09:51:44.795,0.81162,0.81188,1.00,1.98
2014.01.24 09:51:46.272,0.81162,0.81188,1.38,1.98
2014.01.24 09:51:48.967,0.81161,0.81189,1.38,3.23
2014.01.24 09:51:49.518,0.81161,0.81184,1.38,1.38
2014.01.24 09:51:50.567,0.81161,0.81184,1.38,1.38
2014.01.24 09:51:51.125,0.81161,0.81184,1.38,1.38
2014.01.24 09:51:51.641,0.81161,0.81189,1.38,3.23
2014.01.24 09:51:54.567,0.81158,0.81183,1.68,1.73
2014.01.24 09:51:55.871,0.81158,0.81183,1.68,1.73
2014.01.24 09:51:56.416,0.81157,0.81183,2.10,1.73
2014.01.24 09:51:57.203,0.81157,0.81179,1.35,1.00
2014.01.24 09:51:57.629,0.81156,0.81182,1.73,2.48
2014.01.24 09:51:59.184,0.81157,0.81178,1.13,1.38
2014.01.24 09:52:00.597,0.81156,0.81179,1.73,1.38
2014.01.24 09:52:00.707,0.81156,0.81179,1.73,1.38
2014.01.24 09:52:01.371,0.81157,0.81178,1.13,1.00
2014.01.24 09:52:02.570,0.81157,0.81182,1.13,2.48
2014.01.24 09:52:04.405,0.81151,0.8118,2.10,2.48
2014.01.24 09:52:04.997,0.81157,0.81178,1.13,1.98
2014.01.24 09:52:05.318,0.81152,0.81173,1.38,3.23
2014.01.24 09:52:05.368,0.81151,0.81178,1.38,2.48
2014.01.24 09:52:05.903,0.81152,0.81178,1.38,3.23
2014.01.24 09:52:06.108,0.81152,0.81178,1.38,3.23
2014.01.24 09:52:12.928,0.81152,0.81173,1.38,1.38
2014.01.24 09:52:13.457,0.81152,0.81173,1.38,1.38
2014.01.24 09:52:14.134,0.81151,0.81178,1.38,2.48
2014.01.24 09:52:14.220,0.81151,0.81178,1.13,2.48
2014.01.24 09:52:18.208,0.81151,0.81174,1.13,1.38
2014.01.24 09:52:20.188,0.81151,0.81178,1.13,2.48
2014.01.24 09:52:22.826,0.81151,0.81178,1.13,2.48
2014.01.24 09:52:24.716,0.81151,0.81179,1.13,1.98
2014.01.24 09:52:27.550,0.81151,0.81179,1.13,1.98
2014.01.24 09:52:27.665,0.81151,0.81179,1.50,1.98
2014.01.24 09:52:28.137,0.81151,0.81173,1.00,1.00
2014.01.24 09:52:29.277,0.81147,0.81173,1.75,1.00
2014.01.24 09:52:31.347,0.81152,0.81173,2.48,1.00
2014.01.24 09:52:31.648,0.81152,0.81173,2.85,1.00
2014.01.24 09:52:31.699,0.81157,0.81182,1.13,1.00
2014.01.24 09:52:31.750,0.81157,0.81183,1.13,1.75
2014.01.24 09:52:33.156,0.81156,0.81182,1.38,1.00
2014.01.24 09:52:34.366,0.81156,0.81184,1.13,1.75
2014.01.24 09:52:34.884,0.81156,0.81184,1.00,1.75
2014.01.24 09:52:36.566,0.81156,0.81184,1.13,1.75
2014.01.24 09:52:36.829,0.81156,0.81184,1.38,1.75
2014.01.24 09:52:37.375,0.81156,0.81184,1.38,1.75
2014.01.24 09:52:37.776,0.81156,0.81184,1.38,1.75
2014.01.24 09:52:38.765,0.81156,0.81184,1.38,1.75
2014.01.24 09:52:39.476,0.81157,0.81178,1.38,1.00
2014.01.24 09:52:41.348,0.81157,0.81183,1.38,1.75
2014.01.24 09:52:41.628,0.81157,0.81183,1.38,1.38
2014.01.24 09:52:42.436,0.81161,0.81182,1.13,1.00
2014.01.24 09:52:43.768,0.81156,0.81182,1.38,1.00
2014.01.24 09:52:43.868,0.81156,0.81184,1.13,2.10
2014.01.24 09:52:44.284,0.81156,0.81184,1.50,1.73
2014.01.24 09:52:51.715,0.81156,0.81184,1.50,1.73
2014.01.24 09:52:52.101,0.81151,0.81179,1.75,1.38
2014.01.24 09:52:52.202,0.81151,0.81179,2.10,1.38
2014.01.24 09:52:52.414,0.81151,0.81179,2.10,1.00
2014.01.24 09:52:52.616,0.81157,0.81183,1.38,1.38
2014.01.24 09:52:52.666,0.81157,0.81183,1.38,1.38
2014.01.24 09:52:52.739,0.81157,0.81183,1.38,1.38
2014.01.24 09:52:53.182,0.81151,0.81184,2.10,1.13
2014.01.24 09:52:53.847,0.81157,0.81183,1.38,3.23
2014.01.24 09:52:53.948,0.81151,0.81179,2.10,1.00
2014.01.24 09:52:54.132,0.81157,0.81183,1.00,1.38
2014.01.24 09:52:54.498,0.81157,0.81183,1.00,1.38
2014.01.24 09:52:54.548,0.81151,0.81179,1.98,1.38
2014.01.24 09:52:54.985,0.81157,0.81183,1.00,1.38
2014.01.24 09:52:55.712,0.81157,0.81183,1.00,1.38
2014.01.24 09:52:56.456,0.81151,0.81178,1.38,2.10
2014.01.24 09:52:56.962,0.81151,0.81174,1.38,1.00
2014.01.24 09:52:57.508,0.81151,0.81174,1.38,1.38
2014.01.24 09:52:58.025,0.81151,0.81174,1.38,1.00
2014.01.24 09:52:58.545,0.81151,0.81174,1.38,1.38
2014.01.24 09:52:59.320,0.81151,0.81174,1.00,1.38
2014.01.24 09:52:59.937,0.81151,0.81174,1.00,1.13
2014.01.24 09:53:01.806,0.81149,0.81173,1.30,1.00
2014.01.24 09:53:02.576,0.81152,0.81173,1.00,1.00
2014.01.24 09:53:04.578,0.81149,0.81174,1.30,1.13
2014.01.24 09:53:04.629,0.81149,0.81174,1.30,1.38
2014.01.24 09:53:05.545,0.81149,0.81169,1.30,1.00
2014.01.24 09:53:05.849,0.81144,0.81169,2.85,1.38
2014.01.24 09:53:07.146,0.81141,0.81169,2.10,1.38
2014.01.24 09:53:07.883,0.81141,0.81164,1.38,1.13
2014.01.24 09:53:07.934,0.81141,0.81164,1.00,1.13
2014.01.24 09:53:08.041,0.81141,0.81164,1.00,1.38
2014.01.24 09:53:08.338,0.81141,0.81164,1.00,1.13
2014.01.24 09:53:08.589,0.81141,0.81164,1.00,1.38
2014.01.24 09:53:09.439,0.81141,0.81164,1.00,1.38
2014.01.24 09:53:09.617,0.81137,0.81163,1.38,1.13
2014.01.24 09:53:10.036,0.81137,0.81163,1.38,1.38
2014.01.24 09:53:11.597,0.81133,0.81159,2.85,1.00
2014.01.24 09:53:15.606,0.81133,0.81159,2.48,1.38
2014.01.24 09:53:16.368,0.81131,0.81159,2.10,1.00
2014.01.24 09:53:17.318,0.81136,0.81164,1.38,1.98
2014.01.24 09:53:17.653,0.81136,0.81164,1.38,1.98
2014.01.24 09:53:20.085,0.81137,0.81163,1.38,1.73
2014.01.24 09:53:21.427,0.81131,0.81159,2.10,1.38
2014.01.24 09:53:22.937,0.81132,0.81159,1.30,1.38
2014.01.24 09:53:29.689,0.81132,0.81154,1.30,1.00
2014.01.24 09:53:29.794,0.81132,0.81159,1.30,1.38
2014.01.24 09:53:30.367,0.81131,0.81159,1.38,1.98
2014.01.24 09:53:30.567,0.81131,0.81154,1.38,1.00
2014.01.24 09:53:31.105,0.81127,0.81153,1.75,1.00
2014.01.24 09:53:31.921,0.81127,0.81148,1.50,1.00
2014.01.24 09:53:32.427,0.81125,0.81149,1.35,1.00
2014.01.24 09:53:33.315,0.81125,0.81148,1.35,1.00
2014.01.24 09:53:33.518,0.81122,0.81148,1.98,1.00
2014.01.24 09:53:33.866,0.81127,0.8115,1.00,1.00
2014.01.24 09:53:35.846,0.81126,0.81149,1.38,1.00
2014.01.24 09:53:36.357,0.81126,0.81149,1.13,1.00
2014.01.24 09:53:36.878,0.81127,0.81153,1.00,1.38
2014.01.24 09:53:39.604,0.81127,0.81153,1.38,1.00
2014.01.24 09:53:40.137,0.81137,0.81158,1.00,1.38
2014.01.24 09:53:40.259,0.81126,0.81159,1.75,2.10
2014.01.24 09:53:40.310,0.81126,0.81159,1.75,2.10
2014.01.24 09:53:41.141,0.81126,0.81159,1.75,2.10
2014.01.24 09:53:41.355,0.81126,0.81154,1.75,1.00
2014.01.24 09:53:42.554,0.81136,0.81159,1.00,2.10
2014.01.24 09:53:42.705,0.81127,0.81158,1.50,1.38
2014.01.24 09:53:42.756,0.81127,0.81158,1.75,1.38
2014.01.24 09:53:42.806,0.81126,0.81154,1.75,1.00
2014.01.24 09:53:43.115,0.81129,0.81158,1.35,1.00
2014.01.24 09:53:47.157,0.81132,0.81158,1.38,1.00
2014.01.24 09:53:47.699,0.81132,0.81158,1.75,1.00
2014.01.24 09:53:48.242,0.81132,0.81158,1.75,1.00
2014.01.24 09:53:48.934,0.81131,0.81164,2.10,1.50
2014.01.24 09:53:49.479,0.81131,0.81164,2.10,1.50
2014.01.24 09:53:50.564,0.81131,0.81164,2.10,1.13
2014.01.24 09:53:50.895,0.81136,0.81164,1.75,1.00
2014.01.24 09:53:52.894,0.81142,0.81168,1.38,1.73
2014.01.24 09:53:53.655,0.81142,0.81168,1.38,1.13
2014.01.24 09:53:54.745,0.81142,0.81168,1.38,1.38
2014.01.24 09:53:55.484,0.81142,0.81168,1.38,1.38
2014.01.24 09:53:55.845,0.81142,0.81168,1.38,1.38
2014.01.24 09:53:56.085,0.81147,0.81168,1.00,1.38
2014.01.24 09:53:56.616,0.81147,0.81168,1.00,1.00
2014.01.24 09:54:02.096,0.81149,0.81168,2.10,1.00
2014.01.24 09:54:02.248,0.81151,0.81174,1.98,1.00
2014.01.24 09:54:03.929,0.81162,0.81183,1.00,1.13
2014.01.24 09:54:04.029,0.81156,0.81184,1.00,1.75
2014.01.24 09:54:04.571,0.81156,0.81183,1.00,1.00
2014.01.24 09:54:04.694,0.81156,0.81184,1.38,1.38
2014.01.24 09:54:06.864,0.81152,0.81178,2.10,1.00
2014.01.24 09:54:07.748,0.81156,0.81184,1.38,1.38
2014.01.24 09:54:08.265,0.81156,0.81184,1.50,1.13
2014.01.24 09:54:08.775,0.81156,0.81184,1.75,1.38
2014.01.24 09:54:08.825,0.81156,0.81184,1.75,1.38
2014.01.24 09:54:09.296,0.81156,0.81184,1.75,1.38
2014.01.24 09:54:12.495,0.81156,0.81184,1.75,1.00
2014.01.24 09:54:12.596,0.81162,0.81188,1.75,1.98
2014.01.24 09:54:12.696,0.81165,0.81188,1.00,1.00
2014.01.24 09:54:12.847,0.81168,0.81188,2.10,1.00
2014.01.24 09:54:13.654,0.81168,0.81188,2.48,1.00
2014.01.24 09:54:14.156,0.81168,0.81188,2.48,1.00
2014.01.24 09:54:14.206,0.81168,0.81188,2.48,1.00
2014.01.24 09:54:14.364,0.81163,0.81188,2.48,1.00
2014.01.24 09:54:15.194,0.81163,0.81188,2.48,1.00
2014.01.24 09:54:16.408,0.81167,0.81188,1.38,1.00
2014.01.24 09:54:17.025,0.81167,0.81188,1.38,1.00
2014.01.24 09:54:17.601,0.81167,0.81188,1.38,1.00
2014.01.24 09:54:17.687,0.81167,0.81188,1.38,1.00
2014.01.24 09:54:18.347,0.81167,0.81188,1.38,1.00
2014.01.24 09:54:20.105,0.81167,0.81188,1.38,1.00
2014.01.24 09:54:21.755,0.81167,0.81188,1.38,1.00
2014.01.24 09:54:22.155,0.81166,0.81194,2.10,1.00
2014.01.24 09:54:22.286,0.81174,0.81194,2.48,1.00
2014.01.24 09:54:22.437,0.81176,0.81199,1.73,1.00
2014.01.24 09:54:22.637,0.81176,0.81199,1.73,1.00
2014.01.24 09:54:23.275,0.81176,0.81199,1.38,1.60
2014.01.24 09:54:23.426,0.81176,0.81199,1.00,1.98
2014.01.24 09:54:24.616,0.81176,0.81199,1.38,1.60
2014.01.24 09:54:25.826,0.81176,0.81199,1.38,1.60
2014.01.24 09:54:26.374,0.81176,0.81199,1.73,1.00
2014.01.24 09:54:26.699,0.81176,0.81199,1.73,1.00
2014.01.24 09:54:26.946,0.81176,0.81199,1.13,1.35
2014.01.24 09:54:27.136,0.81176,0.81199,1.38,1.35
2014.01.24 09:54:27.356,0.81176,0.81199,1.13,1.35
2014.01.24 09:54:28.235,0.81176,0.81199,1.00,1.73
2014.01.24 09:54:28.537,0.81167,0.81193,2.10,1.38
2014.01.24 09:54:28.738,0.81166,0.81189,1.00,1.38
2014.01.24 09:54:28.889,0.81151,0.81184,1.75,1.00
2014.01.24 09:54:28.989,0.81151,0.81184,1.38,1.00
2014.01.24 09:54:35.815,0.81166,0.81189,1.00,1.75
2014.01.24 09:54:36.178,0.81156,0.81189,1.38,1.38
2014.01.24 09:54:36.382,0.81156,0.81184,1.38,1.00
2014.01.24 09:54:38.324,0.81153,0.81174,1.68,1.00
2014.01.24 09:54:38.886,0.81157,0.81183,1.38,1.00
2014.01.24 09:54:39.145,0.81161,0.81189,1.98,1.38
2014.01.24 09:54:39.446,0.81157,0.81178,1.75,1.00
2014.01.24 09:54:39.496,0.81157,0.81178,1.38,1.00
2014.01.24 09:54:41.074,0.81161,0.81184,1.00,1.00
2014.01.24 09:54:41.124,0.81161,0.81184,1.38,1.00
2014.01.24 09:54:41.225,0.81161,0.81184,1.38,1.00
2014.01.24 09:54:41.327,0.81161,0.81189,1.38,1.75
2014.01.24 09:54:41.428,0.81161,0.81189,1.38,1.38
2014.01.24 09:54:42.525,0.81161,0.81189,1.38,1.50
2014.01.24 09:54:42.635,0.81161,0.81189,1.38,1.38
2014.01.24 09:54:42.899,0.81156,0.81184,1.50,1.00
2014.01.24 09:54:43.703,0.81156,0.81184,1.00,1.38
2014.01.24 09:54:47.677,0.81156,0.81179,1.00,1.00
2014.01.24 09:54:48.335,0.81153,0.81179,1.35,1.00
2014.01.24 09:54:50.533,0.81151,0.81168,1.35,1.00
2014.01.24 09:54:50.634,0.81143,0.81168,2.48,1.00
2014.01.24 09:54:50.771,0.81143,0.81168,2.48,1.00
2014.01.24 09:54:51.337,0.81153,0.81178,2.10,1.75
2014.01.24 09:54:51.767,0.81153,0.81178,2.48,1.38
2014.01.24 09:54:51.927,0.81153,0.81178,2.85,1.00
2014.01.24 09:54:52.294,0.81157,0.81183,1.38,1.38
2014.01.24 09:54:52.635,0.81153,0.81178,2.85,1.00
2014.01.24 09:54:53.145,0.81152,0.81178,1.75,1.00
2014.01.24 09:54:53.196,0.81152,0.81178,1.50,1.00
2014.01.24 09:54:53.296,0.81151,0.81184,2.10,1.38
2014.01.24 09:54:53.660,0.81153,0.81174,2.48,1.00
2014.01.24 09:54:53.838,0.81153,0.81179,2.48,1.00
2014.01.24 09:54:53.889,0.81151,0.81179,1.73,1.00
2014.01.24 09:54:54.523,0.81147,0.81174,2.85,1.00
2014.01.24 09:54:55.485,0.81152,0.81178,1.38,1.00
2014.01.24 09:55:06.998,0.81152,0.81178,1.73,1.00
2014.01.24 09:55:17.156,0.81157,0.81182,1.00,1.00
2014.01.24 09:55:17.944,0.81161,0.81189,1.00,1.75
2014.01.24 09:55:18.966,0.81161,0.81189,1.60,1.38
2014.01.24 09:55:20.035,0.81161,0.81189,1.60,1.38
2014.01.24 09:55:21.367,0.81156,0.81184,1.98,1.38
2014.01.24 09:55:21.778,0.81161,0.81184,1.00,1.38
2014.01.24 09:55:21.991,0.81161,0.81184,1.13,1.00
2014.01.24 09:55:22.107,0.81161,0.81184,1.38,1.00
2014.01.24 09:55:22.459,0.81167,0.81188,1.00,1.00
2014.01.24 09:55:23.035,0.81167,0.81188,1.60,1.00
2014.01.24 09:55:23.563,0.81166,0.81189,1.38,1.00
2014.01.24 09:55:24.107,0.81162,0.81184,2.48,1.00
2014.01.24 09:55:24.208,0.81165,0.81184,1.30,1.00
2014.01.24 09:55:24.346,0.81166,0.81189,2.85,1.38
2014.01.24 09:55:24.665,0.81166,0.81189,1.00,1.00
2014.01.24 09:55:26.335,0.81166,0.81194,1.98,1.38
2014.01.24 09:55:26.435,0.81167,0.81194,1.30,1.38
2014.01.24 09:55:26.636,0.81166,0.81194,1.98,1.38
2014.01.24 09:55:32.020,0.81167,0.81194,1.30,1.38
2014.01.24 09:55:32.618,0.81166,0.81194,1.13,1.73
2014.01.24 09:55:33.244,0.81176,0.81194,1.00,1.68
2014.01.24 09:55:33.323,0.81166,0.81194,1.13,2.10
2014.01.24 09:55:33.414,0.81166,0.81194,1.38,1.73
2014.01.24 09:55:34.187,0.81166,0.81194,1.00,1.73
2014.01.24 09:55:34.626,0.81166,0.81194,1.38,1.73
2014.01.24 09:55:35.333,0.81177,0.81198,1.00,4.80
2014.01.24 09:55:35.384,0.81177,0.81198,1.00,3.23
2014.01.24 09:55:35.484,0.81167,0.81193,1.75,1.00
2014.01.24 09:55:35.535,0.81176,0.81198,1.00,2.48
2014.01.24 09:55:35.634,0.81166,0.81194,1.75,1.35
2014.01.24 09:55:37.163,0.81166,0.81194,1.50,1.73
2014.01.24 09:55:38.166,0.81166,0.81189,1.50,1.00
2014.01.24 09:55:38.418,0.81162,0.81189,2.48,1.38
2014.01.24 09:55:38.626,0.81161,0.81183,1.68,1.00
2014.01.24 09:55:38.737,0.81161,0.81183,1.30,1.00
2014.01.24 09:55:39.265,0.81167,0.81188,1.00,1.00
2014.01.24 09:55:40.916,0.81167,0.81188,1.00,1.38
2014.01.24 09:55:40.973,0.81162,0.81183,1.00,1.00
2014.01.24 09:55:41.503,0.81159,0.81183,1.35,1.00
2014.01.24 09:55:43.065,0.81161,0.81184,1.13,1.00
2014.01.24 09:55:43.596,0.81161,0.81184,1.73,1.00
2014.01.24 09:55:43.647,0.81166,0.81191,1.00,1.35
2014.01.24 09:55:43.747,0.81162,0.81188,1.35,1.00
2014.01.24 09:55:45.876,0.81166,0.8119,1.00,1.30
2014.01.24 09:55:45.926,0.81162,0.81188,1.35,1.00
2014.01.24 09:55:46.079,0.81167,0.8119,1.00,1.30
2014.01.24 09:55:46.179,0.81162,0.81188,1.35,1.00
2014.01.24 09:55:47.906,0.81167,0.81188,1.00,1.00
2014.01.24 09:55:52.195,0.81171,0.81192,1.00,1.35
2014.01.24 09:55:52.446,0.81167,0.81193,1.00,1.38
2014.01.24 09:55:52.546,0.81171,0.81194,1.00,1.73
2014.01.24 09:55:53.391,0.81171,0.81194,1.00,1.73
2014.01.24 09:55:53.768,0.81167,0.81193,1.98,1.13
2014.01.24 09:55:54.988,0.81168,0.81193,1.30,1.13
2014.01.24 09:55:55.054,0.81172,0.81193,1.00,1.13
2014.01.24 09:55:55.415,0.81167,0.81193,1.98,1.13
2014.01.24 09:55:55.593,0.81168,0.81193,1.30,1.13
2014.01.24 09:55:55.834,0.81167,0.81188,1.73,1.00
2014.01.24 09:55:56.414,0.81167,0.81188,1.35,1.00
2014.01.24 09:55:56.715,0.81162,0.81183,1.75,1.00
2014.01.24 09:56:03.964,0.81161,0.81189,2.10,1.13
2014.01.24 09:56:08.435,0.81161,0.81189,2.10,1.13
2014.01.24 09:56:08.694,0.81167,0.81188,1.00,1.00
2014.01.24 09:56:09.903,0.81162,0.81188,1.13,1.00
2014.01.24 09:56:10.013,0.81166,0.81189,1.00,1.13
2014.01.24 09:56:13.105,0.81162,0.81188,1.13,1.00
2014.01.24 09:56:16.197,0.81162,0.81188,1.00,1.38
2014.01.24 09:56:16.505,0.81161,0.81184,1.13,1.00
2014.01.24 09:56:22.557,0.81162,0.81188,1.00,1.00
2014.01.24 09:56:24.909,0.81162,0.81188,1.00,1.38
2014.01.24 09:56:26.327,0.81162,0.81188,1.00,1.38
2014.01.24 09:56:26.832,0.81161,0.81189,1.00,1.50
2014.01.24 09:56:27.616,0.81161,0.81183,1.00,1.00
2014.01.24 09:56:29.187,0.81157,0.81178,1.75,1.00
2014.01.24 09:56:35.203,0.81156,0.81184,1.38,1.73
2014.01.24 09:56:35.303,0.81156,0.81184,1.38,1.73
2014.01.24 09:56:36.380,0.81156,0.81184,1.50,1.73
2014.01.24 09:56:38.426,0.81161,0.81184,1.13,1.35
2014.01.24 09:56:39.713,0.81162,0.81187,1.00,2.48
2014.01.24 09:56:40.185,0.81166,0.81188,1.00,1.68
2014.01.24 09:56:40.336,0.81166,0.81188,1.00,1.68
2014.01.24 09:56:40.436,0.81166,0.81188,1.00,1.68
2014.01.24 09:56:40.487,0.81162,0.81183,1.13,1.00
2014.01.24 09:56:41.004,0.81162,0.81182,1.00,1.30
2014.01.24 09:56:41.583,0.81167,0.81188,1.00,2.10
2014.01.24 09:56:41.634,0.81167,0.81188,1.00,2.10
2014.01.24 09:56:41.835,0.81161,0.81184,1.38,1.60
2014.01.24 09:56:41.954,0.81161,0.81184,1.00,1.73
2014.01.24 09:56:42.167,0.81166,0.81186,1.00,1.30
2014.01.24 09:56:42.468,0.81162,0.81183,1.00,1.60
2014.01.24 09:56:42.769,0.81166,0.81188,1.00,2.85
2014.01.24 09:56:43.113,0.81162,0.81183,1.00,1.98
2014.01.24 09:56:43.163,0.81162,0.81183,1.13,1.13
2014.01.24 09:56:43.566,0.81167,0.81188,1.00,4.80
2014.01.24 09:56:43.933,0.81167,0.81188,1.00,2.10
2014.01.24 09:56:46.482,0.81167,0.81188,1.00,2.10
2014.01.24 09:56:52.162,0.81162,0.81183,1.13,1.00
2014.01.24 09:56:52.727,0.81162,0.81183,1.00,1.60
2014.01.24 09:56:53.174,0.81156,0.81179,1.50,3.23
2014.01.24 09:56:53.376,0.81157,0.81183,1.38,1.98
2014.01.24 09:56:53.476,0.81157,0.81183,1.75,1.73
2014.01.24 09:56:54.014,0.81161,0.81184,1.00,3.23
2014.01.24 09:56:54.672,0.81157,0.81183,1.50,1.60
2014.01.24 09:56:54.852,0.81157,0.81181,1.50,2.10
2014.01.24 09:56:54.953,0.81157,0.81178,1.13,1.35
2014.01.24 09:56:55.103,0.81157,0.81178,1.13,2.85
2014.01.24 09:56:58.465,0.81151,0.81178,1.38,2.48
2014.01.24 09:57:01.293,0.81151,0.81174,1.38,1.38
2014.01.24 09:57:03.053,0.81151,0.81174,1.38,1.38
2014.01.24 09:57:03.392,0.81157,0.81175,1.13,1.30
2014.01.24 09:57:05.853,0.81157,0.81174,1.13,2.10
2014.01.24 09:57:06.199,0.81151,0.81174,1.00,3.23
2014.01.24 09:57:06.552,0.81146,0.81169,1.50,1.00
2014.01.24 09:57:07.103,0.81147,0.81171,1.00,1.30
2014.01.24 09:57:08.155,0.81147,0.81173,1.00,1.98
2014.01.24 09:57:08.459,0.81142,0.81163,1.00,1.00
2014.01.24 09:57:09.042,0.81141,0.81165,1.00,1.60
2014.01.24 09:57:11.792,0.81141,0.81165,1.00,1.60
2014.01.24 09:57:12.153,0.81142,0.8116,1.00,2.10
2014.01.24 09:57:12.596,0.81142,0.81158,1.00,2.48
2014.01.24 09:57:12.646,0.81136,0.81155,1.38,1.30
2014.01.24 09:57:13.646,0.81131,0.81158,1.38,2.48
2014.01.24 09:57:13.902,0.81131,0.81154,1.38,2.48
2014.01.24 09:57:14.222,0.81131,0.81154,1.00,2.48
2014.01.24 09:57:15.092,0.81131,0.81148,1.00,1.30
2014.01.24 09:57:15.892,0.81131,0.81151,1.00,2.48
2014.01.24 09:57:15.993,0.81131,0.81153,1.00,2.48
2014.01.24 09:57:16.428,0.81131,0.81151,1.00,2.10
2014.01.24 09:57:19.215,0.81126,0.81149,1.00,1.60
2014.01.24 09:57:19.417,0.81126,0.81145,1.00,2.10
2014.01.24 09:57:19.736,0.81126,0.81143,1.00,2.10
2014.01.24 09:57:20.133,0.81122,0.81143,1.38,1.60
2014.01.24 09:57:20.390,0.81122,0.81143,1.00,1.60
2014.01.24 09:57:20.491,0.81122,0.81143,1.00,2.85
2014.01.24 09:57:21.009,0.81116,0.81143,1.13,2.48
2014.01.24 09:57:22.283,0.81117,0.81143,1.00,2.85
2014.01.24 09:57:23.161,0.81116,0.81139,1.13,1.00
2014.01.24 09:57:23.563,0.81116,0.81138,1.13,2.10
2014.01.24 09:57:27.852,0.81116,0.81133,1.13,2.10
2014.01.24 09:57:27.952,0.81111,0.81133,1.00,2.48
2014.01.24 09:57:28.592,0.81116,0.81133,1.00,2.10
2014.01.24 09:57:28.642,0.81116,0.81136,1.00,1.35
2014.01.24 09:57:29.341,0.81116,0.81136,1.00,1.68
2014.01.24 09:57:30.332,0.81116,0.81135,1.00,1.60
2014.01.24 09:57:30.626,0.81116,0.81133,1.00,2.10
2014.01.24 09:57:30.677,0.81107,0.81133,1.00,3.23
2014.01.24 09:57:30.895,0.81111,0.81134,1.00,1.60
2014.01.24 09:57:32.592,0.81111,0.81134,1.00,1.35
2014.01.24 09:57:32.684,0.81107,0.81133,1.00,1.00
2014.01.24 09:57:32.785,0.81107,0.81133,1.00,1.60
2014.01.24 09:57:33.821,0.81107,0.81133,1.00,1.98
2014.01.24 09:57:34.122,0.81107,0.81126,1.00,2.10
2014.01.24 09:57:34.172,0.81101,0.81124,1.75,1.60
2014.01.24 09:57:34.424,0.81107,0.81128,1.00,1.73
2014.01.24 09:57:36.891,0.81107,0.81128,1.00,1.73
2014.01.24 09:57:37.562,0.81107,0.81128,1.00,1.73
2014.01.24 09:57:37.613,0.81116,0.81131,1.00,2.48
2014.01.24 09:57:37.713,0.81112,0.81133,1.00,1.13
2014.01.24 09:57:37.831,0.81106,0.81134,1.98,1.73
2014.01.24 09:57:37.882,0.81106,0.8113,1.38,2.10
2014.01.24 09:57:37.932,0.81106,0.8113,1.00,2.10
2014.01.24 09:57:38.065,0.81106,0.81134,1.60,1.73
2014.01.24 09:57:38.165,0.81111,0.81134,1.00,1.73
2014.01.24 09:57:38.881,0.81111,0.81134,1.00,1.60
2014.01.24 09:57:42.880,0.81111,0.81134,1.00,1.98
2014.01.24 09:57:43.961,0.81107,0.81128,1.00,1.00
2014.01.24 09:57:45.127,0.81108,0.81128,2.10,1.00
2014.01.24 09:57:45.347,0.81111,0.81139,1.00,1.75
2014.01.24 09:57:45.455,0.81111,0.81139,1.00,1.75
2014.01.24 09:57:45.643,0.81106,0.81134,1.98,1.38
2014.01.24 09:57:45.912,0.81107,0.81128,1.00,1.00
2014.01.24 09:57:46.088,0.81102,0.81128,1.38,1.00
2014.01.24 09:57:46.241,0.81102,0.81128,1.38,1.73
2014.01.24 09:57:46.543,0.81102,0.81123,1.38,1.00
2014.01.24 09:57:48.281,0.81096,0.81124,1.38,1.13
2014.01.24 09:57:49.122,0.81096,0.81124,1.38,1.38
2014.01.24 09:57:54.753,0.81096,0.81124,1.38,1.38
2014.01.24 09:57:55.102,0.81096,0.81123,1.38,2.48
2014.01.24 09:57:55.203,0.81096,0.81123,1.38,2.10
2014.01.24 09:57:55.365,0.81096,0.81124,1.38,1.13
2014.01.24 09:57:55.789,0.81096,0.81124,1.38,1.38
2014.01.24 09:57:56.345,0.81096,0.81124,1.38,1.38
2014.01.24 09:57:57.887,0.81096,0.81124,1.00,1.38
2014.01.24 09:58:02.631,0.81097,0.81118,1.00,1.00
2014.01.24 09:58:05.222,0.81092,0.81118,2.10,1.00
2014.01.24 09:58:05.372,0.81102,0.81122,1.00,2.48
2014.01.24 09:58:05.573,0.81102,0.81127,1.00,1.35
2014.01.24 09:58:05.774,0.81097,0.81123,1.38,1.00
2014.01.24 09:58:06.126,0.81097,0.81118,1.00,1.00
2014.01.24 09:58:12.261,0.81091,0.81114,2.10,1.00
2014.01.24 09:58:12.892,0.81091,0.81114,1.73,1.00
2014.01.24 09:58:14.134,0.81092,0.81118,1.50,1.00
2014.01.24 09:58:15.352,0.81092,0.81118,4.80,1.00
2014.01.24 09:58:16.450,0.81096,0.81124,1.73,1.38
2014.01.24 09:58:16.812,0.811,0.81124,2.10,1.38
2014.01.24 09:58:17.029,0.81103,0.81128,1.68,1.00
2014.01.24 09:58:17.129,0.81106,0.81134,1.00,1.75
2014.01.24 09:58:17.179,0.81106,0.81133,1.38,1.00
2014.01.24 09:58:17.497,0.81106,0.81133,1.38,1.00
2014.01.24 09:58:18.606,0.81111,0.81134,1.38,1.38
2014.01.24 09:58:19.280,0.81111,0.81138,1.38,1.35
2014.01.24 09:58:19.576,0.81111,0.81139,1.75,1.98
2014.01.24 09:58:20.158,0.81111,0.81139,1.75,1.60
2014.01.24 09:58:22.541,0.81111,0.81139,1.38,1.98
2014.01.24 09:58:22.877,0.81106,0.81129,1.73,1.00
2014.01.24 09:58:23.206,0.81106,0.81129,1.73,1.00
2014.01.24 09:58:26.160,0.81105,0.81128,1.60,1.00
2014.01.24 09:58:27.814,0.81107,0.81133,1.00,1.50
2014.01.24 09:58:28.478,0.81106,0.81129,1.73,1.00
2014.01.24 09:58:28.637,0.81107,0.81133,1.00,1.50
2014.01.24 09:58:29.136,0.81102,0.81128,1.38,1.00
2014.01.24 09:58:29.488,0.81112,0.81133,1.00,1.13
2014.01.24 09:58:30.944,0.81106,0.81134,1.38,1.38
2014.01.24 09:58:31.045,0.81111,0.81134,1.00,1.38
2014.01.24 09:58:31.775,0.81106,0.81133,1.13,1.00
2014.01.24 09:58:32.322,0.81106,0.81129,1.13,1.00
2014.01.24 09:58:36.610,0.81102,0.81129,1.35,1.00
2014.01.24 09:58:37.656,0.81106,0.81129,1.00,1.00
2014.01.24 09:58:41.150,0.81112,0.81133,1.00,2.10
2014.01.24 09:58:41.311,0.81112,0.81133,1.00,2.10
2014.01.24 09:58:41.850,0.81112,0.81133,1.00,1.73
2014.01.24 09:58:46.081,0.81116,0.81133,2.10,1.13
2014.01.24 09:58:46.182,0.81116,0.81139,2.85,1.38
2014.01.24 09:58:46.283,0.81116,0.81139,2.85,1.13
2014.01.24 09:58:46.383,0.81116,0.81139,1.00,1.00
2014.01.24 09:58:46.692,0.81112,0.81138,1.98,1.38
2014.01.24 09:58:49.991,0.81112,0.81138,1.98,1.38
2014.01.24 09:58:50.658,0.81112,0.81133,1.38,1.00
2014.01.24 09:59:01.270,0.81106,0.81134,1.38,1.38
2014.01.24 09:59:10.342,0.81107,0.81128,1.38,1.00
2014.01.24 09:59:13.210,0.81101,0.81124,1.73,1.38
2014.01.24 09:59:13.361,0.81101,0.81124,1.35,1.38
2014.01.24 09:59:13.461,0.81097,0.81124,1.30,1.38
2014.01.24 09:59:14.610,0.81097,0.81124,1.30,1.38
2014.01.24 09:59:18.904,0.81097,0.81124,1.30,1.38
2014.01.24 09:59:19.123,0.81097,0.81124,1.30,1.38
2014.01.24 09:59:19.231,0.81097,0.81124,1.30,1.38
2014.01.24 09:59:20.251,0.81097,0.81118,1.30,1.38
2014.01.24 09:59:20.528,0.81086,0.81114,1.73,1.38
2014.01.24 09:59:22.630,0.81086,0.81114,3.23,1.38
2014.01.24 09:59:22.858,0.81086,0.81114,3.23,1.38
2014.01.24 09:59:23.620,0.81086,0.81114,3.23,1.38
2014.01.24 09:59:26.911,0.81086,0.81109,3.23,1.00
2014.01.24 09:59:30.309,0.81086,0.81109,1.13,1.13
2014.01.24 09:59:30.779,0.81086,0.81109,1.13,1.38
2014.01.24 09:59:31.358,0.81086,0.81109,1.13,1.38
2014.01.24 09:59:35.709,0.81086,0.81113,1.00,1.35
2014.01.24 09:59:37.360,0.81086,0.81113,1.00,1.35
2014.01.24 09:59:41.102,0.81086,0.81113,1.00,1.35
2014.01.24 09:59:42.648,0.81086,0.81113,1.00,1.35
2014.01.24 09:59:42.801,0.81086,0.81113,1.00,1.35
2014.01.24 09:59:42.861,0.81091,0.81113,1.00,1.35
2014.01.24 09:59:43.191,0.81086,0.81113,1.00,1.35
2014.01.24 09:59:43.999,0.81086,0.81113,1.00,1.35
2014.01.24 09:59:45.720,0.81081,0.81113,1.38,1.35
2014.01.24 09:59:50.454,0.81081,0.81109,1.38,1.38
2014.01.24 09:59:50.504,0.81081,0.81109,1.00,1.75
2014.01.24 09:59:51.588,0.81081,0.81109,1.00,1.75
2014.01.24 09:59:52.919,0.81087,0.81108,1.00,1.50
2014.01.24 09:59:53.242,0.81081,0.81104,1.00,1.38
2014.01.24 09:59:54.554,0.81081,0.81104,1.00,1.38
2014.01.24 09:59:55.988,0.81081,0.81104,1.00,1.38
2014.01.24 09:59:58.785,0.81081,0.81104,1.00,1.38
2014.01.24 09:59:59.158,0.81089,0.81104,2.10,1.38
2014.01.24 09:59:59.208,0.81089,0.81108,2.10,1.13
2014.01.24 09:59:59.309,0.81087,0.81108,1.00,1.13
2014.01.24 09:59:59.560,0.81087,0.81108,1.00,1.50
2014.01.24 09:59:59.711,0.81087,0.81108,1.00,1.00
2014.01.24 09:59:59.812,0.81082,0.81108,1.60,1.13
2014.01.24 09:59:59.912,0.81082,0.81108,1.00,1.13
