2017.11.13 01:00:00.157,0.78528,0.78545,1.00,1.37
2017.11.13 01:00:00.547,0.7853,0.78547,1.00,1.37
2017.11.13 01:00:00.895,0.78529,0.78547,1.00,1.37
2017.11.13 01:00:01.642,0.78529,0.78547,1.12,1.37
2017.11.13 01:00:02.018,0.78531,0.78549,1.00,1.37
2017.11.13 01:00:02.353,0.78528,0.78548,1.87,1.37
2017.11.13 01:00:04.580,0.78528,0.78547,1.12,1.87
2017.11.13 01:00:04.681,0.78528,0.78547,1.37,1.37
2017.11.13 01:00:05.275,0.78528,0.78547,1.00,1.87
2017.11.13 01:00:05.880,0.78527,0.78547,1.12,1.37
2017.11.13 01:00:07.819,0.78525,0.78544,1.12,1.87
2017.11.13 01:00:08.222,0.78528,0.78548,1.37,1.37
2017.11.13 01:00:10.022,0.78525,0.78543,1.37,1.00
2017.11.13 01:00:10.224,0.78524,0.78543,1.12,1.87
2017.11.13 01:00:12.072,0.78525,0.78544,1.00,1.87
2017.11.13 01:00:12.660,0.78523,0.78542,1.87,1.12
2017.11.13 01:00:12.712,0.78523,0.78542,1.87,1.37
2017.11.13 01:00:13.397,0.78523,0.78543,1.37,1.37
2017.11.13 01:00:15.081,0.78523,0.78543,1.87,2.32
2017.11.13 01:00:18.083,0.78525,0.78543,1.00,1.37
2017.11.13 01:00:19.448,0.78524,0.78543,1.12,1.37
2017.11.13 01:00:22.354,0.78525,0.78544,1.00,1.82
2017.11.13 01:00:22.561,0.78524,0.78544,1.37,1.57
2017.11.13 01:00:24.761,0.78523,0.78543,1.87,1.57
2017.11.13 01:00:25.216,0.78526,0.78542,1.00,1.47
2017.11.13 01:00:25.402,0.78525,0.78544,1.37,1.20
2017.11.13 01:00:27.119,0.78525,0.78544,1.00,1.95
2017.11.13 01:00:27.706,0.78524,0.78544,1.87,2.32
2017.11.13 01:00:28.726,0.78526,0.78544,1.37,1.57
2017.11.13 01:00:28.979,0.78524,0.78544,2.25,1.87
2017.11.13 01:00:29.268,0.78526,0.78544,1.00,1.47
2017.11.13 01:00:29.824,0.78528,0.78544,1.00,1.37
2017.11.13 01:00:29.875,0.78529,0.78547,1.12,1.37
2017.11.13 01:00:30.753,0.78526,0.78546,1.87,1.37
2017.11.13 01:00:31.449,0.78525,0.78544,1.37,1.47
2017.11.13 01:00:31.651,0.78527,0.78546,1.12,1.57
2017.11.13 01:00:31.752,0.78525,0.78544,1.37,1.47
2017.11.13 01:00:34.518,0.78524,0.78543,1.87,1.37
2017.11.13 01:00:34.569,0.78526,0.78546,1.00,3.07
2017.11.13 01:00:34.620,0.78526,0.78546,1.37,3.07
2017.11.13 01:00:35.165,0.78527,0.78547,1.12,1.87
2017.11.13 01:00:35.817,0.78527,0.78546,1.12,1.07
2017.11.13 01:00:41.270,0.78527,0.78545,1.00,1.57
2017.11.13 01:00:41.584,0.78527,0.78545,1.12,1.20
2017.11.13 01:00:44.305,0.78527,0.78546,1.12,1.10
2017.11.13 01:00:44.818,0.78527,0.78546,1.12,1.07
2017.11.13 01:00:48.446,0.78527,0.78546,1.00,1.57
2017.11.13 01:00:49.306,0.78526,0.78545,1.00,1.95
2017.11.13 01:00:49.559,0.78528,0.78547,1.00,1.87
2017.11.13 01:00:50.101,0.78527,0.78547,1.00,1.87
2017.11.13 01:00:50.606,0.78526,0.78544,1.00,1.37
2017.11.13 01:00:51.350,0.78525,0.78543,1.12,1.37
2017.11.13 01:00:51.890,0.78524,0.78543,1.00,1.37
2017.11.13 01:00:52.526,0.78523,0.78543,1.00,1.37
2017.11.13 01:00:52.828,0.78523,0.78543,1.37,1.37
2017.11.13 01:00:53.040,0.78523,0.78543,1.00,1.37
2017.11.13 01:00:53.948,0.78524,0.78542,1.00,1.37
2017.11.13 01:00:54.575,0.78521,0.78542,1.37,1.37
2017.11.13 01:00:55.166,0.78523,0.78542,1.00,1.87
2017.11.13 01:00:56.356,0.78524,0.78544,1.12,1.87
2017.11.13 01:00:56.559,0.78522,0.78542,1.12,1.87
2017.11.13 01:00:56.660,0.78521,0.7854,1.12,1.37
2017.11.13 01:00:59.427,0.78522,0.7854,1.00,1.37
2017.11.13 01:00:59.799,0.78522,0.78542,1.37,1.87
2017.11.13 01:01:01.051,0.78525,0.78542,1.00,1.37
2017.11.13 01:01:01.307,0.78524,0.78546,1.87,1.47
2017.11.13 01:01:01.612,0.78523,0.78545,1.37,1.87
2017.11.13 01:01:01.779,0.78523,0.78542,1.12,1.87
2017.11.13 01:01:02.281,0.78522,0.7854,1.00,1.37
2017.11.13 01:01:02.850,0.78523,0.7854,1.00,1.37
2017.11.13 01:01:03.289,0.78524,0.78543,1.37,1.87
2017.11.13 01:01:03.674,0.78523,0.78542,1.12,1.87
2017.11.13 01:01:04.922,0.78525,0.78544,1.00,1.87
2017.11.13 01:01:05.174,0.78524,0.78542,1.00,1.37
2017.11.13 01:01:05.523,0.78526,0.78545,1.00,1.37
2017.11.13 01:01:06.689,0.78526,0.78545,1.00,1.37
2017.11.13 01:01:07.230,0.78525,0.78542,1.00,1.37
2017.11.13 01:01:09.250,0.78526,0.78543,1.00,1.37
2017.11.13 01:01:10.933,0.78526,0.78545,1.37,1.37
2017.11.13 01:01:14.426,0.78526,0.78545,1.00,1.37
2017.11.13 01:01:14.843,0.78523,0.78542,1.12,1.37
2017.11.13 01:01:14.894,0.78525,0.78542,1.00,1.37
2017.11.13 01:01:15.046,0.78526,0.78545,1.00,1.87
2017.11.13 01:01:15.597,0.78525,0.78545,1.12,1.87
2017.11.13 01:01:16.763,0.78527,0.78544,1.00,1.12
2017.11.13 01:01:17.570,0.78526,0.78544,1.00,1.12
2017.11.13 01:01:18.507,0.78527,0.78546,1.00,1.37
2017.11.13 01:01:19.476,0.78528,0.78544,1.12,1.00
2017.11.13 01:01:20.080,0.78527,0.78544,1.00,1.37
2017.11.13 01:01:21.463,0.78528,0.78544,1.00,1.37
2017.11.13 01:01:21.831,0.78526,0.78546,1.47,1.00
2017.11.13 01:01:21.882,0.78528,0.78549,1.00,2.25
2017.11.13 01:01:22.033,0.78529,0.78546,1.00,1.37
2017.11.13 01:01:23.700,0.78528,0.78546,1.12,1.37
2017.11.13 01:01:25.435,0.78526,0.78545,1.12,1.87
2017.11.13 01:01:25.943,0.78527,0.78545,1.00,1.37
2017.11.13 01:01:26.289,0.78529,0.78546,1.00,1.37
2017.11.13 01:01:26.772,0.78529,0.78546,1.00,1.37
2017.11.13 01:01:28.390,0.78526,0.78544,1.37,1.00
2017.11.13 01:01:28.491,0.78523,0.78542,1.87,1.37
2017.11.13 01:01:29.261,0.78523,0.7854,1.00,1.12
2017.11.13 01:01:30.113,0.78522,0.7854,1.00,1.12
2017.11.13 01:01:30.880,0.78523,0.7854,1.00,1.12
2017.11.13 01:01:31.572,0.78524,0.7854,1.00,1.12
2017.11.13 01:01:33.803,0.78523,0.7854,1.00,1.12
2017.11.13 01:01:34.593,0.78522,0.7854,1.00,1.12
2017.11.13 01:01:36.017,0.78521,0.78541,1.12,1.87
2017.11.13 01:01:41.460,0.78522,0.78541,1.00,1.87
2017.11.13 01:01:41.767,0.78527,0.78545,1.00,1.37
2017.11.13 01:01:42.110,0.78526,0.78543,1.00,1.37
2017.11.13 01:01:42.470,0.78526,0.78545,1.00,1.37
2017.11.13 01:01:43.733,0.78525,0.78545,1.00,1.87
2017.11.13 01:01:44.355,0.78523,0.78542,1.37,1.37
2017.11.13 01:01:46.129,0.78522,0.78542,1.12,1.37
2017.11.13 01:01:49.276,0.78524,0.78542,1.00,1.37
2017.11.13 01:01:49.327,0.7852,0.7854,1.95,1.37
2017.11.13 01:01:52.694,0.78523,0.7854,1.00,1.37
2017.11.13 01:01:52.956,0.78523,0.78543,1.12,1.87
2017.11.13 01:01:53.623,0.78524,0.78543,1.00,1.37
2017.11.13 01:01:59.601,0.78524,0.78543,1.00,1.37
2017.11.13 01:02:00.621,0.78523,0.78541,1.00,1.37
2017.11.13 01:02:01.311,0.78524,0.78541,1.00,1.37
2017.11.13 01:02:01.363,0.78522,0.78541,1.12,1.37
2017.11.13 01:02:01.514,0.78522,0.78539,1.00,1.37
2017.11.13 01:02:02.778,0.78521,0.7854,1.00,1.37
2017.11.13 01:02:03.290,0.78522,0.7854,1.00,1.37
2017.11.13 01:02:04.140,0.78521,0.78538,1.00,1.37
2017.11.13 01:02:06.677,0.78521,0.78537,1.00,1.12
2017.11.13 01:02:07.997,0.78525,0.78541,1.00,1.37
2017.11.13 01:02:08.195,0.78524,0.78541,1.00,1.37
2017.11.13 01:02:08.358,0.78522,0.78541,1.00,1.37
2017.11.13 01:02:09.855,0.78523,0.78541,1.00,1.37
2017.11.13 01:02:09.907,0.78523,0.78541,1.12,1.37
2017.11.13 01:02:10.062,0.78525,0.78543,1.00,1.37
2017.11.13 01:02:11.547,0.78525,0.78543,1.00,1.12
2017.11.13 01:02:11.774,0.78525,0.78543,1.00,1.37
2017.11.13 01:02:12.485,0.78524,0.78543,1.12,1.37
2017.11.13 01:02:19.163,0.78519,0.78539,1.37,1.00
2017.11.13 01:02:19.214,0.78519,0.78539,1.12,1.37
2017.11.13 01:02:19.264,0.78516,0.78536,1.47,1.00
2017.11.13 01:02:19.568,0.78518,0.78536,1.00,1.37
2017.11.13 01:02:22.708,0.78517,0.78535,1.12,1.37
2017.11.13 01:02:23.018,0.7852,0.78539,1.12,1.37
2017.11.13 01:02:23.530,0.78519,0.78537,1.00,1.37
2017.11.13 01:02:23.835,0.78521,0.78537,1.00,1.37
2017.11.13 01:02:26.121,0.78521,0.78537,1.37,1.00
2017.11.13 01:02:26.171,0.78523,0.78543,1.00,1.37
2017.11.13 01:02:26.273,0.78525,0.78544,1.00,4.50
2017.11.13 01:02:26.323,0.78526,0.78544,1.12,1.87
2017.11.13 01:02:26.857,0.78527,0.78544,1.00,1.37
2017.11.13 01:02:28.108,0.78526,0.78544,1.12,1.37
2017.11.13 01:02:32.667,0.78526,0.78544,1.00,1.37
2017.11.13 01:02:39.896,0.78526,0.78544,1.37,1.37
2017.11.13 01:02:42.625,0.78524,0.78543,1.12,1.37
2017.11.13 01:02:46.382,0.78525,0.78544,1.00,1.87
2017.11.13 01:02:49.837,0.78524,0.78544,1.87,1.87
2017.11.13 01:02:50.570,0.78524,0.78544,1.87,1.87
2017.11.13 01:02:56.613,0.78524,0.78542,1.37,1.00
2017.11.13 01:02:57.020,0.78522,0.78542,1.87,1.87
2017.11.13 01:02:57.159,0.78521,0.78541,1.37,1.37
2017.11.13 01:02:57.705,0.78523,0.78541,1.00,1.37
2017.11.13 01:02:57.857,0.78525,0.78544,1.12,1.37
2017.11.13 01:02:58.404,0.78526,0.78544,1.00,1.37
2017.11.13 01:02:58.937,0.78527,0.78544,1.00,1.37
2017.11.13 01:02:59.883,0.78526,0.78544,1.00,1.37
2017.11.13 01:03:05.975,0.78525,0.78544,1.12,1.87
2017.11.13 01:03:06.127,0.78522,0.78542,1.12,1.87
2017.11.13 01:03:06.972,0.78523,0.78542,1.00,1.37
2017.11.13 01:03:08.173,0.78524,0.78542,1.12,1.37
2017.11.13 01:03:08.545,0.78525,0.78543,1.12,1.37
2017.11.13 01:03:09.138,0.78525,0.78543,1.00,1.37
2017.11.13 01:03:09.485,0.78524,0.78543,1.00,1.87
2017.11.13 01:03:09.950,0.78522,0.7854,1.12,1.37
2017.11.13 01:03:15.318,0.7852,0.78538,1.37,1.00
2017.11.13 01:03:15.369,0.7852,0.78538,1.00,1.37
2017.11.13 01:03:15.888,0.78518,0.78538,1.37,1.37
2017.11.13 01:03:17.914,0.7852,0.78538,1.00,1.37
2017.11.13 01:03:20.561,0.78518,0.78538,1.37,1.87
2017.11.13 01:03:23.118,0.7852,0.78539,1.00,1.37
2017.11.13 01:03:23.456,0.78522,0.7854,1.00,1.37
2017.11.13 01:03:24.007,0.78521,0.78539,1.12,1.37
2017.11.13 01:03:28.398,0.78522,0.78541,1.00,1.37
2017.11.13 01:03:28.449,0.78522,0.78541,1.00,1.37
2017.11.13 01:03:33.968,0.7852,0.7854,1.87,1.12
2017.11.13 01:03:34.019,0.78519,0.78538,1.47,1.50
2017.11.13 01:03:34.392,0.78519,0.78538,1.12,1.87
2017.11.13 01:03:34.695,0.78522,0.7854,1.12,1.37
2017.11.13 01:03:35.376,0.7852,0.7854,1.87,1.87
2017.11.13 01:03:46.765,0.7852,0.78539,1.00,1.87
2017.11.13 01:03:48.433,0.78522,0.78538,1.00,1.37
2017.11.13 01:03:48.635,0.78523,0.7854,1.00,1.37
2017.11.13 01:03:49.407,0.78522,0.78541,1.12,1.37
2017.11.13 01:03:49.508,0.78521,0.78539,1.00,1.37
2017.11.13 01:03:49.848,0.78518,0.78538,1.37,1.37
2017.11.13 01:03:55.028,0.7852,0.78539,1.37,1.37
2017.11.13 01:03:55.677,0.7852,0.78539,1.00,1.37
2017.11.13 01:04:05.374,0.78522,0.78539,1.00,1.37
2017.11.13 01:04:05.426,0.78522,0.78539,1.00,1.37
2017.11.13 01:04:08.210,0.78521,0.78539,1.00,1.37
2017.11.13 01:04:12.974,0.7852,0.78539,1.12,1.37
2017.11.13 01:04:13.305,0.78521,0.78541,1.37,1.37
2017.11.13 01:04:13.639,0.78522,0.78542,1.37,1.37
2017.11.13 01:04:22.156,0.78522,0.7854,1.00,1.37
2017.11.13 01:04:28.446,0.78522,0.7854,1.12,1.12
2017.11.13 01:04:34.621,0.78522,0.78541,1.00,1.37
2017.11.13 01:04:41.732,0.78522,0.78541,1.37,1.87
2017.11.13 01:04:52.336,0.78524,0.78541,1.00,1.37
2017.11.13 01:04:52.734,0.78524,0.78541,1.12,1.12
2017.11.13 01:05:05.919,0.78523,0.78541,1.00,1.37
2017.11.13 01:05:29.279,0.78523,0.78543,1.87,1.37
2017.11.13 01:05:32.911,0.78526,0.78547,1.00,7.57
2017.11.13 01:05:32.961,0.78528,0.78546,1.12,1.00
2017.11.13 01:05:33.466,0.78528,0.78548,1.12,1.95
2017.11.13 01:05:34.343,0.78528,0.78548,1.00,1.95
2017.11.13 01:05:34.715,0.78525,0.78545,1.37,1.87
2017.11.13 01:05:36.252,0.78526,0.78546,1.37,1.87
2017.11.13 01:05:36.916,0.78527,0.78547,1.37,2.32
2017.11.13 01:05:52.455,0.78526,0.78546,1.37,1.87
2017.11.13 01:05:52.563,0.78526,0.78544,1.12,1.37
2017.11.13 01:05:59.399,0.78527,0.78544,1.00,1.37
2017.11.13 01:05:59.657,0.78528,0.78546,1.12,1.37
2017.11.13 01:06:00.201,0.78529,0.78547,1.00,1.37
2017.11.13 01:06:00.793,0.78528,0.78546,1.12,1.37
2017.11.13 01:06:17.129,0.78525,0.78545,1.87,1.37
2017.11.13 01:06:20.426,0.78525,0.78544,1.37,1.47
2017.11.13 01:06:31.633,0.78522,0.78542,1.87,1.12
2017.11.13 01:06:33.448,0.78524,0.78543,1.00,2.32
2017.11.13 01:06:34.596,0.78523,0.78543,1.12,1.47
2017.11.13 01:06:35.098,0.78524,0.78543,1.00,1.47
2017.11.13 01:06:48.495,0.78524,0.78542,1.00,1.87
2017.11.13 01:06:54.153,0.78525,0.78543,1.00,1.87
2017.11.13 01:06:55.365,0.78522,0.78541,1.37,1.87
2017.11.13 01:06:55.759,0.78522,0.78541,1.00,1.37
2017.11.13 01:06:55.860,0.78522,0.78542,1.12,1.37
2017.11.13 01:06:56.075,0.78522,0.78542,1.87,1.37
2017.11.13 01:06:56.526,0.78522,0.78542,1.87,1.37
2017.11.13 01:06:56.627,0.78522,0.78542,1.87,1.37
2017.11.13 01:06:56.828,0.78522,0.7854,1.37,1.37
2017.11.13 01:06:57.636,0.78524,0.78542,1.00,1.87
2017.11.13 01:06:59.854,0.78523,0.78541,1.12,1.37
2017.11.13 01:07:00.379,0.78524,0.78541,1.00,1.37
2017.11.13 01:07:00.940,0.78523,0.78541,1.12,1.37
2017.11.13 01:07:01.481,0.78524,0.78541,1.00,1.37
2017.11.13 01:07:06.723,0.78523,0.78541,1.12,1.87
2017.11.13 01:07:07.292,0.78524,0.78542,1.00,1.95
2017.11.13 01:07:12.804,0.78521,0.78541,1.62,1.37
2017.11.13 01:07:13.082,0.7852,0.78538,1.12,1.37
2017.11.13 01:07:13.483,0.78523,0.78541,1.00,1.95
2017.11.13 01:07:22.339,0.78523,0.78542,1.37,1.95
2017.11.13 01:07:29.839,0.78522,0.78541,1.87,1.37
2017.11.13 01:07:32.095,0.78522,0.78541,1.00,1.37
2017.11.13 01:07:32.197,0.7852,0.78537,1.00,1.37
2017.11.13 01:07:32.765,0.78519,0.78537,1.00,1.37
2017.11.13 01:07:44.789,0.78517,0.78535,1.12,1.00
2017.11.13 01:07:45.958,0.78517,0.78536,1.12,1.12
2017.11.13 01:07:47.387,0.78517,0.78535,1.12,1.00
2017.11.13 01:07:48.443,0.78517,0.78535,1.12,1.37
2017.11.13 01:08:03.260,0.78518,0.78537,1.00,1.95
2017.11.13 01:08:03.415,0.7852,0.78536,1.00,1.37
2017.11.13 01:08:03.467,0.7852,0.78538,1.12,1.37
2017.11.13 01:08:04.137,0.78521,0.78539,1.00,1.95
2017.11.13 01:08:21.797,0.78519,0.78539,1.37,1.37
2017.11.13 01:08:25.893,0.78519,0.78539,1.37,1.37
2017.11.13 01:08:34.057,0.78521,0.78539,1.12,1.37
2017.11.13 01:08:43.126,0.78518,0.78536,1.87,1.00
2017.11.13 01:08:43.177,0.78518,0.78536,1.12,1.37
2017.11.13 01:08:43.721,0.78519,0.78537,1.00,1.37
2017.11.13 01:08:44.350,0.7852,0.78537,1.00,1.37
2017.11.13 01:08:44.959,0.78519,0.78538,1.37,1.37
2017.11.13 01:08:50.983,0.78518,0.78536,1.12,1.87
2017.11.13 01:08:51.488,0.78518,0.78536,1.00,1.87
2017.11.13 01:08:52.264,0.78517,0.78536,1.00,1.87
2017.11.13 01:08:52.926,0.78517,0.78536,1.37,1.87
2017.11.13 01:08:54.843,0.78516,0.78536,1.87,1.87
2017.11.13 01:08:55.385,0.78515,0.78534,1.37,1.00
2017.11.13 01:08:57.112,0.78515,0.78535,1.37,1.37
2017.11.13 01:08:57.314,0.78515,0.78534,1.37,1.12
2017.11.13 01:08:59.855,0.78515,0.78533,1.87,1.00
2017.11.13 01:09:00.438,0.78517,0.78536,1.12,1.37
2017.11.13 01:09:00.489,0.7852,0.78538,1.00,1.37
2017.11.13 01:09:01.033,0.78521,0.78538,1.00,1.37
2017.11.13 01:09:02.659,0.7852,0.78538,1.12,1.37
2017.11.13 01:09:03.260,0.78521,0.78539,1.00,1.87
2017.11.13 01:09:05.459,0.78522,0.78539,1.00,1.37
2017.11.13 01:09:05.509,0.7852,0.7854,1.12,1.87
2017.11.13 01:09:05.667,0.78522,0.7854,1.00,1.37
2017.11.13 01:09:05.718,0.78522,0.78541,1.37,1.87
2017.11.13 01:09:06.935,0.78522,0.7854,1.00,1.37
2017.11.13 01:09:07.613,0.78523,0.78541,1.00,1.87
2017.11.13 01:09:08.325,0.78522,0.7854,1.00,1.37
2017.11.13 01:09:09.616,0.78521,0.7854,1.12,1.37
2017.11.13 01:09:10.294,0.78522,0.78541,1.00,1.87
2017.11.13 01:09:10.860,0.78521,0.78541,1.12,1.37
2017.11.13 01:09:13.715,0.78522,0.78541,1.00,1.87
2017.11.13 01:09:15.367,0.78521,0.78541,1.12,1.37
2017.11.13 01:09:16.074,0.78522,0.7854,1.00,1.37
2017.11.13 01:09:16.620,0.78521,0.78541,1.12,1.87
2017.11.13 01:09:17.124,0.78522,0.78541,1.00,1.87
2017.11.13 01:09:17.790,0.78521,0.78539,1.12,1.37
2017.11.13 01:09:18.362,0.78522,0.78541,1.00,1.87
2017.11.13 01:09:19.117,0.78521,0.7854,1.12,1.37
2017.11.13 01:09:19.760,0.78522,0.7854,1.00,1.37
2017.11.13 01:09:20.452,0.78523,0.78541,1.00,1.87
2017.11.13 01:09:20.627,0.78522,0.78542,1.37,1.37
2017.11.13 01:09:21.038,0.78522,0.78542,1.00,1.37
2017.11.13 01:09:28.100,0.78523,0.78541,1.00,1.87
2017.11.13 01:09:32.061,0.78523,0.78541,1.37,1.12
2017.11.13 01:09:32.212,0.78523,0.78541,1.12,1.37
2017.11.13 01:09:32.377,0.78519,0.78538,1.87,1.37
2017.11.13 01:09:33.330,0.78518,0.78536,1.87,1.00
2017.11.13 01:09:33.929,0.78519,0.78538,1.37,1.37
2017.11.13 01:09:34.531,0.78519,0.78536,1.37,1.00
2017.11.13 01:09:38.301,0.78519,0.78537,1.87,1.12
2017.11.13 01:09:39.776,0.78519,0.78536,1.37,1.00
2017.11.13 01:09:40.477,0.78519,0.78537,1.37,1.12
2017.11.13 01:09:48.449,0.78518,0.78538,1.87,1.87
2017.11.13 01:10:05.902,0.78518,0.78537,1.12,1.37
2017.11.13 01:10:25.922,0.78518,0.78537,1.00,1.87
2017.11.13 01:10:45.903,0.78518,0.78536,1.12,1.37
2017.11.13 01:11:01.205,0.78518,0.78537,1.87,1.37
2017.11.13 01:11:10.970,0.78517,0.78535,1.37,1.37
2017.11.13 01:11:11.021,0.78516,0.78534,1.87,1.37
2017.11.13 01:11:11.123,0.78516,0.78536,1.87,1.87
2017.11.13 01:11:11.225,0.78518,0.78536,1.12,1.50
2017.11.13 01:11:14.240,0.78518,0.78537,1.87,1.12
2017.11.13 01:11:14.341,0.78519,0.78539,1.37,1.87
2017.11.13 01:11:17.297,0.78518,0.78538,1.37,1.87
2017.11.13 01:11:17.398,0.78517,0.78537,1.95,1.37
2017.11.13 01:11:18.152,0.78517,0.78537,1.95,1.37
2017.11.13 01:11:23.151,0.78517,0.78537,1.87,1.37
2017.11.13 01:11:33.909,0.78518,0.78536,1.00,1.37
2017.11.13 01:11:45.902,0.78518,0.78536,1.12,1.37
2017.11.13 01:12:00.934,0.7852,0.78538,1.00,1.37
2017.11.13 01:12:01.086,0.78519,0.78538,1.37,1.12
2017.11.13 01:12:18.539,0.78521,0.78539,1.37,1.37
2017.11.13 01:12:25.027,0.78522,0.7854,1.37,1.12
2017.11.13 01:12:25.078,0.78526,0.78544,1.00,2.32
2017.11.13 01:12:25.129,0.78526,0.78544,1.12,1.37
2017.11.13 01:12:25.331,0.78527,0.78545,1.37,1.37
2017.11.13 01:12:26.766,0.78525,0.78543,1.47,1.12
2017.11.13 01:12:26.868,0.78525,0.78541,1.37,1.00
2017.11.13 01:12:27.019,0.78525,0.78543,1.37,1.12
2017.11.13 01:12:27.385,0.78525,0.7854,1.37,1.00
2017.11.13 01:12:27.436,0.78522,0.7854,1.12,1.37
2017.11.13 01:12:34.279,0.78522,0.7854,1.87,1.12
2017.11.13 01:12:39.148,0.78521,0.78541,1.37,1.87
2017.11.13 01:12:46.878,0.78523,0.78541,1.00,1.87
2017.11.13 01:12:47.306,0.78523,0.78541,1.37,1.12
2017.11.13 01:12:47.706,0.78523,0.78541,1.12,1.37
2017.11.13 01:12:52.345,0.78524,0.78542,1.00,1.37
2017.11.13 01:13:05.903,0.78524,0.78542,1.12,1.37
2017.11.13 01:13:25.940,0.78524,0.78542,1.37,1.37
2017.11.13 01:13:45.902,0.78524,0.78542,1.12,1.12
2017.11.13 01:13:57.165,0.78524,0.78544,1.37,1.37
2017.11.13 01:13:57.471,0.78521,0.78539,1.00,1.37
2017.11.13 01:13:57.774,0.78523,0.78541,1.00,1.87
2017.11.13 01:14:00.531,0.78522,0.7854,1.12,1.37
2017.11.13 01:14:00.981,0.78523,0.78541,1.87,1.00
2017.11.13 01:14:04.208,0.78523,0.78543,1.37,1.87
2017.11.13 01:14:07.494,0.78523,0.78541,1.87,1.00
2017.11.13 01:14:10.348,0.78523,0.78543,1.87,1.87
2017.11.13 01:14:10.886,0.78525,0.78543,1.00,1.87
2017.11.13 01:14:16.781,0.78526,0.78543,1.00,1.37
2017.11.13 01:14:17.387,0.78526,0.78545,1.12,1.87
2017.11.13 01:14:18.153,0.78527,0.78545,1.00,1.87
2017.11.13 01:14:26.496,0.78526,0.78544,1.12,1.37
2017.11.13 01:14:27.044,0.78525,0.78543,1.37,1.37
2017.11.13 01:14:28.007,0.78524,0.78544,1.12,1.87
2017.11.13 01:14:37.554,0.78525,0.78543,1.00,1.87
2017.11.13 01:14:44.569,0.78524,0.78542,1.12,1.37
2017.11.13 01:15:01.460,0.78524,0.78542,1.00,1.87
2017.11.13 01:15:01.650,0.78518,0.78536,2.62,1.37
2017.11.13 01:15:02.854,0.7852,0.78538,1.12,1.87
2017.11.13 01:15:04.035,0.7852,0.78538,1.00,1.87
2017.11.13 01:15:04.086,0.78518,0.78538,1.12,1.37
2017.11.13 01:15:06.462,0.78518,0.78538,1.87,1.87
2017.11.13 01:15:06.766,0.78521,0.78539,1.37,1.12
2017.11.13 01:15:07.092,0.78524,0.78542,1.12,1.00
2017.11.13 01:15:07.831,0.78523,0.78541,1.12,1.12
2017.11.13 01:15:11.419,0.78522,0.78539,1.37,1.00
2017.11.13 01:15:11.520,0.7852,0.78538,1.37,1.12
2017.11.13 01:15:12.155,0.78519,0.78537,1.37,1.00
2017.11.13 01:15:12.692,0.78518,0.78536,1.87,1.37
2017.11.13 01:15:13.168,0.78518,0.78538,1.87,1.95
2017.11.13 01:15:14.059,0.78519,0.78537,1.12,1.37
2017.11.13 01:15:17.691,0.7852,0.78538,1.00,1.87
2017.11.13 01:15:17.792,0.78519,0.78537,1.37,1.12
2017.11.13 01:15:27.688,0.78515,0.78533,1.37,1.00
2017.11.13 01:15:27.790,0.78515,0.78533,1.12,1.37
2017.11.13 01:15:36.736,0.78513,0.78531,1.37,1.00
2017.11.13 01:15:37.402,0.78513,0.78533,1.87,1.95
2017.11.13 01:15:44.318,0.78513,0.78531,1.87,1.00
2017.11.13 01:15:49.595,0.78511,0.78528,1.47,1.00
2017.11.13 01:15:49.798,0.7851,0.78528,1.12,1.37
2017.11.13 01:15:50.733,0.78513,0.7853,1.00,1.37
2017.11.13 01:15:50.784,0.78511,0.78531,1.50,1.87
2017.11.13 01:15:50.835,0.78514,0.78531,1.37,1.12
2017.11.13 01:15:51.037,0.78517,0.78535,1.37,1.72
2017.11.13 01:15:58.397,0.78517,0.78534,1.37,1.00
2017.11.13 01:16:01.318,0.78513,0.78532,2.32,1.12
2017.11.13 01:16:01.420,0.78515,0.78534,1.37,1.00
2017.11.13 01:16:01.936,0.78516,0.78533,1.12,1.00
2017.11.13 01:16:02.380,0.78514,0.78529,1.37,1.00
2017.11.13 01:16:02.431,0.78512,0.7853,1.57,1.00
2017.11.13 01:16:02.583,0.78511,0.78528,1.37,1.00
2017.11.13 01:16:03.008,0.78513,0.78528,1.37,1.00
2017.11.13 01:16:03.163,0.78513,0.78528,1.12,1.00
2017.11.13 01:16:03.641,0.78508,0.78526,3.75,1.00
2017.11.13 01:16:03.692,0.78508,0.78526,2.62,1.12
2017.11.13 01:16:04.324,0.7851,0.78528,1.37,1.00
2017.11.13 01:16:06.344,0.78511,0.78529,1.12,1.00
2017.11.13 01:16:07.369,0.78512,0.78529,1.37,1.00
2017.11.13 01:16:07.769,0.78509,0.78528,2.32,1.00
2017.11.13 01:16:08.003,0.78509,0.78527,1.47,1.37
2017.11.13 01:16:08.447,0.78509,0.78528,1.37,1.87
2017.11.13 01:16:08.968,0.78509,0.78527,1.87,1.00
2017.11.13 01:16:18.005,0.78509,0.78526,1.37,1.00
2017.11.13 01:16:19.476,0.78509,0.78528,1.37,1.12
2017.11.13 01:16:25.897,0.78509,0.78528,1.37,1.12
2017.11.13 01:16:26.919,0.78509,0.78528,1.37,1.37
2017.11.13 01:16:27.052,0.78509,0.78528,1.37,1.12
2017.11.13 01:16:27.624,0.78509,0.78527,1.87,1.00
2017.11.13 01:16:28.204,0.78509,0.78527,1.87,1.12
2017.11.13 01:16:28.946,0.7851,0.78526,1.12,1.00
2017.11.13 01:16:30.978,0.7851,0.78527,1.37,1.00
2017.11.13 01:16:31.079,0.7851,0.78527,1.00,1.00
2017.11.13 01:16:31.452,0.7851,0.78527,1.37,1.00
2017.11.13 01:16:34.504,0.7851,0.78528,1.37,1.12
2017.11.13 01:16:48.447,0.78509,0.78528,1.87,1.12
2017.11.13 01:16:57.505,0.78512,0.7853,1.00,1.87
2017.11.13 01:16:57.823,0.78512,0.7853,1.87,1.12
2017.11.13 01:17:17.024,0.78511,0.7853,1.12,1.87
2017.11.13 01:17:19.881,0.78512,0.7853,1.00,1.87
2017.11.13 01:17:20.639,0.7851,0.7853,1.95,1.87
2017.11.13 01:17:30.815,0.7851,0.78527,1.37,1.00
2017.11.13 01:17:31.360,0.7851,0.7853,1.37,1.87
2017.11.13 01:17:45.896,0.78511,0.78529,1.37,1.12
2017.11.13 01:17:50.626,0.7851,0.78529,1.12,1.37
2017.11.13 01:18:05.037,0.78506,0.78524,1.47,1.12
2017.11.13 01:18:05.920,0.78508,0.78526,1.37,1.12
2017.11.13 01:18:06.283,0.78509,0.78528,1.37,1.37
2017.11.13 01:18:24.299,0.78509,0.78529,1.87,1.87
2017.11.13 01:18:49.011,0.7851,0.78528,1.87,1.00
2017.11.13 01:18:49.698,0.78511,0.78529,1.37,1.12
2017.11.13 01:19:00.318,0.7851,0.78528,1.37,1.00
2017.11.13 01:19:00.921,0.7851,0.78527,1.37,1.00
2017.11.13 01:19:01.022,0.78507,0.78524,1.37,1.00
2017.11.13 01:19:01.225,0.78504,0.78522,1.87,1.00
2017.11.13 01:19:01.511,0.78504,0.78525,1.37,1.87
2017.11.13 01:19:01.740,0.78507,0.78526,1.37,1.47
2017.11.13 01:19:04.441,0.7851,0.78527,1.00,1.37
2017.11.13 01:19:04.542,0.78511,0.78531,1.87,2.62
2017.11.13 01:19:14.718,0.78513,0.78532,1.37,1.37
2017.11.13 01:19:14.820,0.78513,0.78533,1.87,1.87
2017.11.13 01:19:15.491,0.78513,0.78532,1.37,1.00
2017.11.13 01:19:15.542,0.78513,0.78532,1.87,1.12
2017.11.13 01:19:15.643,0.78515,0.78535,1.87,1.87
2017.11.13 01:19:24.572,0.78517,0.78537,1.87,1.95
2017.11.13 01:19:45.156,0.78518,0.78538,1.87,1.87
2017.11.13 01:19:57.961,0.78515,0.78533,1.95,1.00
2017.11.13 01:19:58.062,0.78514,0.78534,1.87,1.87
2017.11.13 01:19:58.114,0.78514,0.78534,1.87,1.87
2017.11.13 01:19:58.619,0.78512,0.78531,1.87,1.00
2017.11.13 01:19:58.820,0.78512,0.78532,1.87,1.87
2017.11.13 01:19:58.871,0.78512,0.78532,1.87,1.87
2017.11.13 01:19:59.790,0.78514,0.78535,1.37,1.57
2017.11.13 01:20:00.085,0.78513,0.78534,1.87,1.47
2017.11.13 01:20:04.345,0.78515,0.78534,1.37,1.37
2017.11.13 01:20:05.481,0.78514,0.78534,1.87,1.47
2017.11.13 01:20:06.466,0.78515,0.78535,1.00,1.95
2017.11.13 01:20:07.184,0.78515,0.78535,1.37,1.95
2017.11.13 01:20:08.749,0.78515,0.78535,1.12,2.32
2017.11.13 01:20:14.826,0.78515,0.78535,1.37,1.12
2017.11.13 01:20:17.700,0.78513,0.78532,1.47,1.00
2017.11.13 01:20:18.033,0.78512,0.78532,1.37,1.37
2017.11.13 01:20:19.848,0.78514,0.78532,1.37,1.37
2017.11.13 01:20:19.898,0.78516,0.78534,1.12,1.37
2017.11.13 01:20:35.038,0.78517,0.78535,1.12,1.37
2017.11.13 01:20:35.139,0.78517,0.78538,1.37,1.87
2017.11.13 01:20:55.752,0.78519,0.78538,1.00,1.37
2017.11.13 01:20:55.949,0.78519,0.78539,1.87,1.37
2017.11.13 01:21:04.960,0.78518,0.78538,1.87,1.37
2017.11.13 01:21:14.678,0.78518,0.78537,1.37,1.37
2017.11.13 01:21:15.031,0.7852,0.78539,1.12,1.12
2017.11.13 01:21:15.751,0.78521,0.78541,1.87,1.87
2017.11.13 01:21:22.572,0.7852,0.7854,1.37,1.87
2017.11.13 01:21:43.736,0.7852,0.78539,1.37,1.00
2017.11.13 01:21:52.037,0.78521,0.7854,1.12,1.12
2017.11.13 01:21:59.988,0.7852,0.78541,1.87,1.37
2017.11.13 01:22:39.025,0.78521,0.78541,1.12,1.87
2017.11.13 01:22:39.328,0.78518,0.78537,1.37,1.37
2017.11.13 01:22:40.154,0.78518,0.78538,1.00,1.87
2017.11.13 01:22:41.660,0.78518,0.78538,1.12,1.87
2017.11.13 01:22:42.649,0.78518,0.78536,1.00,1.37
2017.11.13 01:22:45.186,0.78517,0.78536,1.12,1.37
2017.11.13 01:22:45.489,0.78521,0.7854,1.37,1.12
2017.11.13 01:22:45.843,0.7852,0.7854,1.00,1.87
2017.11.13 01:22:50.279,0.78519,0.78538,1.12,1.37
2017.11.13 01:22:54.418,0.7852,0.78538,1.00,1.37
2017.11.13 01:22:54.469,0.7852,0.7854,1.12,1.87
2017.11.13 01:22:55.299,0.78522,0.7854,1.00,1.37
2017.11.13 01:22:55.812,0.78523,0.7854,1.00,1.37
2017.11.13 01:23:01.116,0.78522,0.7854,1.00,1.37
2017.11.13 01:23:02.755,0.78523,0.7854,1.00,1.37
2017.11.13 01:23:05.283,0.78522,0.7854,1.00,1.37
2017.11.13 01:23:11.088,0.78521,0.7854,1.37,1.37
2017.11.13 01:23:11.300,0.7852,0.7854,1.87,1.87
2017.11.13 01:23:12.989,0.78521,0.7854,1.37,1.37
2017.11.13 01:23:13.881,0.78519,0.78539,1.37,1.87
2017.11.13 01:23:13.941,0.78519,0.78539,1.12,1.87
2017.11.13 01:23:14.042,0.78519,0.78539,1.37,1.37
2017.11.13 01:23:14.915,0.78521,0.78541,1.37,1.37
2017.11.13 01:23:31.462,0.78523,0.78542,1.00,1.37
2017.11.13 01:23:32.369,0.78524,0.78542,1.00,1.37
2017.11.13 01:23:48.475,0.78524,0.78543,1.00,1.87
2017.11.13 01:23:53.760,0.78527,0.78542,1.00,1.37
2017.11.13 01:23:53.862,0.78527,0.78546,1.37,1.37
2017.11.13 01:24:02.933,0.78529,0.78545,1.00,1.37
2017.11.13 01:24:02.984,0.78529,0.78549,1.37,1.87
2017.11.13 01:24:07.319,0.78529,0.78549,1.37,1.12
2017.11.13 01:24:33.318,0.7853,0.78549,1.37,1.87
2017.11.13 01:24:33.960,0.7853,0.78547,1.00,1.12
2017.11.13 01:24:35.104,0.78528,0.78548,1.20,1.37
2017.11.13 01:24:35.157,0.7853,0.78548,1.00,1.37
2017.11.13 01:24:35.712,0.7853,0.78549,1.37,1.87
2017.11.13 01:24:38.892,0.7853,0.78549,1.00,1.87
2017.11.13 01:24:39.675,0.78529,0.78548,1.00,1.37
2017.11.13 01:24:40.008,0.78529,0.78549,1.87,1.87
2017.11.13 01:24:49.278,0.78529,0.78547,1.12,1.37
2017.11.13 01:25:00.162,0.78528,0.78548,1.87,1.37
2017.11.13 01:25:00.314,0.7853,0.78549,1.87,1.12
2017.11.13 01:25:00.530,0.78528,0.78548,1.95,1.37
2017.11.13 01:25:05.328,0.7853,0.7855,1.87,1.87
2017.11.13 01:25:06.522,0.7853,0.78549,1.87,1.00
2017.11.13 01:25:07.133,0.78531,0.7855,1.12,1.87
2017.11.13 01:25:12.206,0.78532,0.78552,1.87,1.37
2017.11.13 01:25:12.554,0.78532,0.7855,1.12,1.37
2017.11.13 01:25:13.688,0.78533,0.7855,1.00,1.37
2017.11.13 01:25:14.733,0.78533,0.7855,1.37,1.12
2017.11.13 01:25:23.578,0.78534,0.78552,1.37,1.12
2017.11.13 01:25:24.338,0.78532,0.78551,1.95,1.37
2017.11.13 01:25:24.641,0.78535,0.78553,1.00,1.37
2017.11.13 01:25:28.319,0.78534,0.78553,1.12,1.37
2017.11.13 01:25:30.427,0.78535,0.78553,1.00,1.37
2017.11.13 01:25:36.306,0.78535,0.78555,1.37,1.37
2017.11.13 01:25:57.327,0.78535,0.78555,1.47,1.37
2017.11.13 01:26:05.652,0.78538,0.78557,1.00,1.87
2017.11.13 01:26:11.754,0.78537,0.78556,1.12,1.37
2017.11.13 01:26:12.772,0.78537,0.78557,1.87,1.87
2017.11.13 01:26:28.445,0.78538,0.78558,1.12,1.87
2017.11.13 01:26:45.896,0.78537,0.78557,1.37,1.37
2017.11.13 01:27:10.902,0.78537,0.78557,1.87,2.32
2017.11.13 01:27:19.106,0.78538,0.78557,1.00,1.47
2017.11.13 01:27:25.713,0.78536,0.78556,1.87,1.37
2017.11.13 01:27:26.389,0.78536,0.78555,1.37,1.37
2017.11.13 01:27:35.354,0.78532,0.7855,1.57,1.00
2017.11.13 01:27:35.455,0.7853,0.78549,1.00,1.87
2017.11.13 01:27:35.980,0.78526,0.78548,1.87,1.82
2017.11.13 01:27:36.139,0.78526,0.78546,1.87,1.87
2017.11.13 01:28:00.653,0.78527,0.78546,1.00,1.37
2017.11.13 01:28:01.327,0.78526,0.78547,1.37,1.87
2017.11.13 01:28:11.857,0.78527,0.78545,1.12,1.37
2017.11.13 01:28:17.116,0.78529,0.78545,1.00,1.37
2017.11.13 01:28:17.231,0.78532,0.78551,1.00,1.47
2017.11.13 01:28:17.845,0.78533,0.78552,1.12,1.37
2017.11.13 01:28:17.896,0.78535,0.78552,1.00,1.37
2017.11.13 01:28:18.048,0.78534,0.78552,1.20,1.37
2017.11.13 01:28:18.239,0.78531,0.78552,1.87,1.87
2017.11.13 01:28:18.542,0.78531,0.7855,1.12,1.37
2017.11.13 01:28:20.102,0.78532,0.78551,1.00,1.87
2017.11.13 01:28:20.203,0.78532,0.78551,1.87,1.00
2017.11.13 01:28:20.495,0.78534,0.78554,1.87,1.37
2017.11.13 01:28:30.274,0.78533,0.78553,1.47,1.37
2017.11.13 01:28:31.584,0.78535,0.78553,1.00,1.37
2017.11.13 01:28:31.752,0.78537,0.78556,1.00,1.87
2017.11.13 01:28:35.956,0.78536,0.78556,1.12,1.37
2017.11.13 01:28:39.229,0.78537,0.78556,1.00,1.37
2017.11.13 01:28:42.966,0.78538,0.78556,1.00,1.37
2017.11.13 01:28:48.445,0.78538,0.78556,1.00,1.37
2017.11.13 01:28:49.506,0.78539,0.78556,1.00,1.37
2017.11.13 01:28:50.972,0.78538,0.78556,1.00,1.37
2017.11.13 01:28:53.298,0.78537,0.78556,1.12,1.87
2017.11.13 01:28:53.349,0.78535,0.78552,1.47,1.00
2017.11.13 01:28:53.400,0.78534,0.78552,1.20,1.37
2017.11.13 01:28:53.677,0.78538,0.78552,1.00,1.37
2017.11.13 01:28:53.778,0.78537,0.78554,1.00,1.37
2017.11.13 01:28:54.308,0.78536,0.78554,1.20,1.37
2017.11.13 01:28:55.259,0.78537,0.78554,1.00,1.37
2017.11.13 01:28:57.006,0.78536,0.78554,1.20,1.37
2017.11.13 01:28:57.731,0.78537,0.78555,1.00,1.37
2017.11.13 01:28:59.238,0.78536,0.78555,1.20,1.37
2017.11.13 01:28:59.542,0.78538,0.78556,1.00,1.37
2017.11.13 01:29:00.850,0.78537,0.78556,1.00,1.87
2017.11.13 01:29:09.573,0.78537,0.78555,1.00,1.37
2017.11.13 01:29:10.125,0.78538,0.78556,1.00,1.37
2017.11.13 01:29:10.956,0.78539,0.78556,1.00,1.37
2017.11.13 01:29:11.777,0.78538,0.78556,1.00,1.37
2017.11.13 01:29:22.368,0.78539,0.78556,1.00,1.37
2017.11.13 01:29:22.418,0.78536,0.78555,1.87,1.12
2017.11.13 01:29:22.519,0.78536,0.78554,1.00,1.37
2017.11.13 01:29:23.023,0.78535,0.78554,1.12,1.87
2017.11.13 01:29:23.346,0.78537,0.78554,1.00,1.37
2017.11.13 01:29:24.059,0.78536,0.78554,1.00,1.37
2017.11.13 01:29:33.545,0.78535,0.78554,1.12,1.37
2017.11.13 01:29:34.913,0.78535,0.78554,1.57,1.37
2017.11.13 01:29:41.819,0.78535,0.78554,1.57,1.37
2017.11.13 01:29:42.261,0.78534,0.78553,1.12,1.87
2017.11.13 01:29:47.969,0.78535,0.78553,1.00,1.37
2017.11.13 01:29:48.475,0.78536,0.78555,1.12,1.37
2017.11.13 01:29:52.876,0.78538,0.78555,1.00,1.37
2017.11.13 01:29:53.037,0.78535,0.78554,1.47,1.12
2017.11.13 01:29:53.087,0.78536,0.78555,1.12,1.87
2017.11.13 01:29:57.753,0.78538,0.78557,1.12,1.87
2017.11.13 01:30:02.672,0.78539,0.78558,1.00,1.87
2017.11.13 01:30:03.795,0.78537,0.78558,1.37,1.87
2017.11.13 01:30:06.428,0.78534,0.78553,1.82,1.00
2017.11.13 01:30:06.479,0.78534,0.78552,1.12,1.37
2017.11.13 01:30:07.472,0.78535,0.78552,1.00,1.37
2017.11.13 01:30:07.675,0.78533,0.78551,1.00,1.37
2017.11.13 01:30:08.278,0.78532,0.78551,1.12,1.87
2017.11.13 01:30:09.787,0.78533,0.78551,1.00,1.37
2017.11.13 01:30:11.233,0.78534,0.78553,1.00,1.37
2017.11.13 01:30:11.285,0.78532,0.78554,1.47,1.87
2017.11.13 01:30:13.619,0.78531,0.78551,1.87,1.87
2017.11.13 01:30:13.670,0.78534,0.78551,1.00,1.37
2017.11.13 01:30:13.721,0.78534,0.78553,1.37,1.37
2017.11.13 01:30:14.049,0.78536,0.78555,1.47,1.37
2017.11.13 01:30:22.232,0.78537,0.78555,1.57,1.37
2017.11.13 01:30:23.130,0.78538,0.78556,1.45,1.37
2017.11.13 01:30:23.870,0.78538,0.78558,1.00,1.87
2017.11.13 01:30:26.811,0.78538,0.78557,1.37,1.37
2017.11.13 01:30:33.817,0.78537,0.78556,1.12,1.87
2017.11.13 01:30:35.304,0.78537,0.78557,1.57,1.37
2017.11.13 01:30:38.566,0.78536,0.78555,1.47,1.37
2017.11.13 01:30:38.617,0.78534,0.78552,1.57,1.00
2017.11.13 01:30:38.667,0.78534,0.78552,1.00,1.37
2017.11.13 01:30:39.229,0.78533,0.78552,1.12,1.37
2017.11.13 01:30:42.631,0.78532,0.78551,1.37,1.00
2017.11.13 01:30:43.189,0.78535,0.78554,1.12,1.87
2017.11.13 01:30:43.850,0.78536,0.78554,1.00,1.37
2017.11.13 01:30:45.188,0.78536,0.78554,1.37,1.12
2017.11.13 01:30:45.290,0.78534,0.78554,1.87,1.37
2017.11.13 01:30:48.451,0.78534,0.78553,1.12,1.87
2017.11.13 01:30:50.440,0.78535,0.78555,1.00,1.37
2017.11.13 01:30:50.491,0.78535,0.78555,1.37,1.37
2017.11.13 01:31:08.411,0.78533,0.78552,1.47,1.37
2017.11.13 01:31:20.857,0.78535,0.78555,1.00,1.95
2017.11.13 01:31:21.268,0.78537,0.78556,1.37,1.37
2017.11.13 01:31:21.319,0.78536,0.78556,1.37,1.37
2017.11.13 01:31:21.421,0.78534,0.78555,1.37,1.37
2017.11.13 01:31:23.702,0.78535,0.78555,1.37,1.37
2017.11.13 01:31:38.098,0.78538,0.78556,1.00,1.37
2017.11.13 01:31:38.205,0.78538,0.78557,1.12,1.37
2017.11.13 01:31:42.288,0.78539,0.78556,1.00,1.37
2017.11.13 01:31:42.389,0.7854,0.78559,1.37,1.87
2017.11.13 01:31:42.825,0.78539,0.78558,1.37,1.37
2017.11.13 01:31:42.927,0.78534,0.78555,2.32,1.87
2017.11.13 01:31:46.579,0.78533,0.78552,1.47,1.37
2017.11.13 01:31:46.882,0.78531,0.78551,1.37,1.47
2017.11.13 01:31:50.157,0.78531,0.78551,1.87,1.87
2017.11.13 01:31:52.279,0.7853,0.78549,1.37,1.87
2017.11.13 01:32:00.183,0.78529,0.78548,1.87,1.00
2017.11.13 01:32:00.235,0.78529,0.78549,1.37,1.87
2017.11.13 01:32:20.282,0.78529,0.78549,1.12,1.37
2017.11.13 01:32:31.023,0.7853,0.78549,1.37,1.37
2017.11.13 01:32:38.038,0.78531,0.7855,1.37,1.12
2017.11.13 01:32:51.223,0.7853,0.7855,1.87,1.87
2017.11.13 01:32:51.541,0.78531,0.7855,1.00,3.37
2017.11.13 01:32:51.591,0.78531,0.7855,1.00,1.87
2017.11.13 01:32:53.234,0.7853,0.7855,1.12,1.87
2017.11.13 01:33:05.786,0.78527,0.78545,1.37,1.00
2017.11.13 01:33:05.938,0.78527,0.78546,1.12,1.87
2017.11.13 01:33:07.458,0.78527,0.78546,1.00,1.37
2017.11.13 01:33:07.764,0.78525,0.78546,1.37,1.95
2017.11.13 01:33:12.507,0.78526,0.78545,1.37,1.37
2017.11.13 01:33:14.155,0.78526,0.78545,1.37,1.00
2017.11.13 01:33:19.406,0.78526,0.78543,1.37,1.00
2017.11.13 01:33:19.943,0.78525,0.78544,1.37,1.37
2017.11.13 01:33:22.965,0.78527,0.78546,1.12,1.87
2017.11.13 01:33:26.311,0.78526,0.78545,1.12,1.87
2017.11.13 01:33:26.686,0.78526,0.78545,1.37,1.12
2017.11.13 01:33:29.326,0.78526,0.78544,1.37,1.00
2017.11.13 01:33:33.289,0.78525,0.78544,1.12,1.87
2017.11.13 01:33:40.057,0.78524,0.78543,1.87,1.00
2017.11.13 01:33:40.291,0.78524,0.78543,1.87,1.12
2017.11.13 01:33:40.995,0.78524,0.78544,1.37,1.12
2017.11.13 01:33:48.444,0.78525,0.78544,1.12,1.47
2017.11.13 01:34:05.894,0.78525,0.78545,1.00,1.87
2017.11.13 01:34:09.888,0.78524,0.78543,1.12,1.12
2017.11.13 01:34:25.894,0.78524,0.78543,1.12,1.87
2017.11.13 01:34:45.055,0.78524,0.78543,1.00,1.87
2017.11.13 01:34:51.692,0.78523,0.78542,1.12,1.37
2017.11.13 01:34:56.825,0.78524,0.78542,1.00,1.37
2017.11.13 01:35:01.797,0.78524,0.7854,1.00,1.37
2017.11.13 01:35:02.167,0.78526,0.78542,1.00,1.37
2017.11.13 01:35:02.217,0.78526,0.78544,1.00,1.37
2017.11.13 01:35:02.720,0.78527,0.78545,1.00,1.37
2017.11.13 01:35:04.378,0.78528,0.78544,1.00,1.37
2017.11.13 01:35:13.704,0.78526,0.78545,1.00,1.37
2017.11.13 01:35:19.665,0.78526,0.78545,1.12,1.37
2017.11.13 01:35:19.716,0.78528,0.78545,1.00,1.37
2017.11.13 01:35:19.929,0.78528,0.78545,1.00,1.00
2017.11.13 01:35:20.652,0.78528,0.78546,1.00,1.12
2017.11.13 01:35:21.442,0.78528,0.78546,1.00,1.37
2017.11.13 01:35:40.917,0.78528,0.78546,1.00,1.37
2017.11.13 01:35:59.408,0.7853,0.78546,1.00,1.37
2017.11.13 01:36:00.065,0.7853,0.78548,1.00,1.37
2017.11.13 01:36:00.893,0.78531,0.78548,1.00,1.37
2017.11.13 01:36:02.604,0.7853,0.78548,1.00,1.37
2017.11.13 01:36:25.894,0.7853,0.78547,1.00,1.12
2017.11.13 01:36:35.399,0.78531,0.78548,1.00,1.37
2017.11.13 01:36:45.901,0.78531,0.78548,1.00,1.37
2017.11.13 01:36:54.011,0.78532,0.78548,1.00,1.37
2017.11.13 01:37:00.949,0.78532,0.78548,1.00,1.12
2017.11.13 01:37:05.459,0.78531,0.7855,1.12,1.37
2017.11.13 01:37:08.763,0.78532,0.78551,1.00,1.87
2017.11.13 01:37:14.604,0.78535,0.78551,1.00,1.37
2017.11.13 01:37:14.656,0.78535,0.78552,1.00,1.37
2017.11.13 01:37:14.757,0.7853,0.78547,1.00,1.37
2017.11.13 01:37:14.858,0.78528,0.78547,1.12,1.37
2017.11.13 01:37:15.292,0.78527,0.78544,1.10,1.00
2017.11.13 01:37:15.721,0.78527,0.78544,1.00,1.37
2017.11.13 01:37:16.690,0.78527,0.78544,1.00,1.00
2017.11.13 01:37:16.899,0.78525,0.78544,1.87,1.37
2017.11.13 01:37:17.241,0.78526,0.78543,1.00,1.37
2017.11.13 01:37:17.779,0.78526,0.78543,1.00,1.37
2017.11.13 01:37:18.235,0.78528,0.78543,1.00,1.37
2017.11.13 01:37:19.065,0.78528,0.78545,1.00,1.37
2017.11.13 01:37:19.608,0.78527,0.78545,1.12,1.37
2017.11.13 01:37:25.244,0.78527,0.78544,1.00,1.37
2017.11.13 01:37:25.515,0.78527,0.78545,1.00,1.12
2017.11.13 01:37:26.872,0.78528,0.78547,1.00,1.47
2017.11.13 01:37:33.228,0.78529,0.78547,1.00,1.37
2017.11.13 01:37:33.329,0.78529,0.78548,1.00,1.87
2017.11.13 01:37:33.481,0.78528,0.78547,1.12,1.37
2017.11.13 01:37:34.095,0.78529,0.78547,1.00,1.37
2017.11.13 01:37:34.297,0.78526,0.78545,1.12,1.37
2017.11.13 01:37:34.825,0.78527,0.78545,1.00,1.37
2017.11.13 01:37:37.021,0.78528,0.78546,1.00,1.37
2017.11.13 01:37:45.085,0.78527,0.78546,1.00,1.37
2017.11.13 01:37:45.867,0.78528,0.78545,1.00,1.37
2017.11.13 01:37:50.549,0.78527,0.78545,1.00,1.37
2017.11.13 01:37:51.801,0.78526,0.78545,1.12,1.37
2017.11.13 01:37:51.852,0.78528,0.78545,1.00,1.37
2017.11.13 01:37:51.953,0.78528,0.78545,1.00,1.37
2017.11.13 01:37:52.285,0.78525,0.78544,1.12,1.37
2017.11.13 01:37:52.540,0.78526,0.78546,1.37,1.37
2017.11.13 01:37:53.130,0.78528,0.78546,1.00,1.37
2017.11.13 01:37:59.418,0.7853,0.78546,1.00,1.37
2017.11.13 01:38:00.229,0.7853,0.78548,1.12,1.37
2017.11.13 01:38:05.895,0.7853,0.78548,1.00,1.37
2017.11.13 01:38:06.855,0.78532,0.78547,1.00,1.37
2017.11.13 01:38:06.957,0.78533,0.78548,1.00,1.12
2017.11.13 01:38:22.734,0.78531,0.7855,1.12,1.37
2017.11.13 01:38:23.895,0.78533,0.7855,1.00,1.37
2017.11.13 01:38:24.242,0.78533,0.7855,1.37,1.00
2017.11.13 01:38:24.910,0.78533,0.78553,1.37,1.47
2017.11.13 01:38:28.444,0.78533,0.78553,1.00,1.95
2017.11.13 01:38:35.706,0.78534,0.78551,1.00,1.37
2017.11.13 01:38:53.974,0.78532,0.78551,1.12,1.37
2017.11.13 01:38:54.710,0.78532,0.78554,1.37,2.70
2017.11.13 01:38:55.401,0.78535,0.78553,1.00,1.37
2017.11.13 01:39:07.204,0.78533,0.78554,1.37,1.47
2017.11.13 01:39:16.961,0.78532,0.78551,1.00,1.37
2017.11.13 01:39:17.797,0.78533,0.78551,1.00,1.37
2017.11.13 01:39:23.960,0.78534,0.78552,1.00,1.37
2017.11.13 01:39:24.559,0.78533,0.78551,1.00,1.37
2017.11.13 01:39:30.539,0.78533,0.78552,1.37,1.37
2017.11.13 01:39:30.860,0.78533,0.78552,1.12,1.37
2017.11.13 01:39:30.910,0.78535,0.78552,1.00,1.37
2017.11.13 01:39:31.412,0.78535,0.78552,1.12,1.37
2017.11.13 01:39:44.798,0.78536,0.78553,1.00,1.37
2017.11.13 01:39:48.483,0.78536,0.78554,1.00,1.37
2017.11.13 01:39:52.655,0.78534,0.78553,1.37,1.37
2017.11.13 01:39:53.103,0.78533,0.7855,1.00,1.37
2017.11.13 01:39:54.075,0.78534,0.7855,1.00,1.37
2017.11.13 01:39:59.175,0.78533,0.7855,1.00,1.37
2017.11.13 01:39:59.718,0.78532,0.7855,1.12,1.37
2017.11.13 01:40:04.994,0.78533,0.7855,1.00,1.37
2017.11.13 01:40:08.446,0.78533,0.7855,1.00,1.37
2017.11.13 01:40:12.873,0.78532,0.78551,1.12,1.37
2017.11.13 01:40:16.677,0.78533,0.78551,1.00,1.37
2017.11.13 01:40:17.577,0.78534,0.78551,1.00,1.37
2017.11.13 01:40:25.895,0.78534,0.78551,1.00,1.37
2017.11.13 01:40:39.183,0.78535,0.7855,1.00,1.37
2017.11.13 01:40:40.669,0.78533,0.7855,1.00,1.37
2017.11.13 01:40:43.314,0.78534,0.7855,1.00,1.37
2017.11.13 01:40:45.908,0.78534,0.78551,1.00,1.37
2017.11.13 01:40:50.445,0.78533,0.78551,1.00,1.37
2017.11.13 01:40:50.748,0.78531,0.78549,1.12,1.37
2017.11.13 01:40:51.058,0.78531,0.7855,1.12,1.87
2017.11.13 01:40:51.571,0.78532,0.78551,1.00,1.87
2017.11.13 01:40:52.127,0.78533,0.78551,1.00,1.37
2017.11.13 01:40:53.687,0.78534,0.78551,1.00,1.37
2017.11.13 01:40:54.196,0.78533,0.78551,1.00,1.37
2017.11.13 01:40:58.110,0.78535,0.78551,1.00,1.37
2017.11.13 01:41:03.504,0.7853,0.78547,1.47,1.00
2017.11.13 01:41:03.606,0.7853,0.78547,1.00,1.37
2017.11.13 01:41:03.707,0.7853,0.78547,1.12,1.12
2017.11.13 01:41:12.750,0.78531,0.7855,1.00,1.47
2017.11.13 01:41:13.478,0.78532,0.7855,1.00,1.37
2017.11.13 01:41:19.802,0.7853,0.7855,1.87,1.37
2017.11.13 01:41:20.061,0.78527,0.78549,2.32,1.87
2017.11.13 01:41:20.162,0.78527,0.78545,1.00,1.37
2017.11.13 01:41:20.663,0.78528,0.78546,1.00,1.37
2017.11.13 01:41:29.757,0.78528,0.78546,1.37,1.12
2017.11.13 01:41:30.300,0.78528,0.78546,1.00,1.37
2017.11.13 01:41:40.746,0.78529,0.78547,1.00,1.37
2017.11.13 01:41:41.122,0.78528,0.78549,1.87,1.95
2017.11.13 01:41:41.223,0.78531,0.78549,1.00,1.37
2017.11.13 01:41:41.789,0.78532,0.78551,1.00,1.37
2017.11.13 01:41:41.840,0.78532,0.78551,1.12,1.12
2017.11.13 01:41:42.251,0.78536,0.78553,1.00,1.37
2017.11.13 01:41:54.183,0.78536,0.78553,1.00,1.37
2017.11.13 01:41:54.235,0.78534,0.78551,1.00,1.37
2017.11.13 01:41:55.500,0.78533,0.78553,1.37,1.37
2017.11.13 01:41:55.601,0.78533,0.78553,1.00,1.37
2017.11.13 01:41:55.652,0.78535,0.78553,1.00,1.37
2017.11.13 01:41:56.201,0.78534,0.78551,1.00,1.37
2017.11.13 01:41:57.831,0.78534,0.78551,1.00,1.37
2017.11.13 01:41:57.882,0.78532,0.78551,1.00,1.37
2017.11.13 01:41:59.946,0.78532,0.78552,1.37,1.95
2017.11.13 01:42:17.222,0.78531,0.78551,1.12,1.87
2017.11.13 01:42:19.980,0.78531,0.7855,1.37,1.37
2017.11.13 01:42:23.595,0.78533,0.78552,1.37,1.37
2017.11.13 01:42:23.849,0.78533,0.78553,1.87,1.00
2017.11.13 01:42:23.950,0.78533,0.78553,1.87,1.87
2017.11.13 01:42:26.718,0.78534,0.78552,1.00,1.37
2017.11.13 01:42:26.819,0.78535,0.78554,1.12,1.37
2017.11.13 01:42:38.849,0.78536,0.78555,1.00,1.95
2017.11.13 01:42:39.355,0.78534,0.78553,1.37,1.87
2017.11.13 01:42:39.456,0.78533,0.78551,1.12,1.37
2017.11.13 01:42:46.340,0.78534,0.78551,1.00,1.37
2017.11.13 01:42:46.768,0.78534,0.78553,1.37,1.37
2017.11.13 01:42:47.379,0.78534,0.78554,1.00,1.87
2017.11.13 01:42:57.397,0.78533,0.78553,1.12,1.37
2017.11.13 01:42:58.227,0.78533,0.78553,1.87,1.87
2017.11.13 01:43:07.056,0.78537,0.78557,1.37,1.47
2017.11.13 01:43:26.865,0.78536,0.78556,1.37,1.37
2017.11.13 01:43:26.916,0.78535,0.78554,1.12,1.87
2017.11.13 01:43:27.442,0.78536,0.78554,1.00,1.37
2017.11.13 01:43:28.071,0.78535,0.78554,1.12,1.37
2017.11.13 01:43:29.906,0.78536,0.78554,1.00,1.37
2017.11.13 01:43:30.564,0.78535,0.78555,1.12,1.87
2017.11.13 01:43:34.386,0.78536,0.78554,1.00,1.37
2017.11.13 01:43:34.907,0.78535,0.78554,1.12,1.37
2017.11.13 01:43:37.520,0.78532,0.78552,1.87,1.37
2017.11.13 01:43:39.488,0.78532,0.7855,1.00,1.37
2017.11.13 01:43:40.842,0.78533,0.78552,1.12,1.37
2017.11.13 01:43:42.918,0.78532,0.7855,1.00,1.37
2017.11.13 01:43:43.286,0.7853,0.7855,1.95,1.37
2017.11.13 01:43:49.463,0.78531,0.7855,1.00,1.37
2017.11.13 01:43:49.513,0.78531,0.78551,1.87,1.37
2017.11.13 01:43:50.117,0.78532,0.7855,1.00,1.12
2017.11.13 01:43:51.270,0.78533,0.7855,1.00,1.12
2017.11.13 01:43:55.046,0.78532,0.78552,1.00,1.37
2017.11.13 01:43:59.823,0.78534,0.78554,1.00,1.37
2017.11.13 01:44:00.348,0.78534,0.78553,1.37,1.37
2017.11.13 01:44:08.445,0.78534,0.78553,1.12,1.37
2017.11.13 01:44:13.335,0.78536,0.78553,1.00,1.37
2017.11.13 01:44:13.560,0.78537,0.78555,1.12,1.37
2017.11.13 01:44:28.444,0.78536,0.78556,1.87,1.87
2017.11.13 01:44:31.006,0.78537,0.78556,1.00,1.87
2017.11.13 01:44:31.142,0.78535,0.78554,1.12,1.37
2017.11.13 01:44:32.009,0.78536,0.78555,1.00,1.87
2017.11.13 01:44:35.196,0.78537,0.78554,1.00,1.37
2017.11.13 01:44:35.297,0.78539,0.78557,1.00,1.87
2017.11.13 01:44:35.501,0.78539,0.78558,1.37,1.37
2017.11.13 01:44:35.844,0.78536,0.78554,1.00,1.37
2017.11.13 01:44:36.366,0.78536,0.78556,1.12,1.87
2017.11.13 01:44:39.243,0.78537,0.78557,1.00,1.87
2017.11.13 01:44:41.617,0.78537,0.78554,1.37,1.00
2017.11.13 01:44:41.718,0.78534,0.78554,1.87,1.87
2017.11.13 01:44:42.323,0.78537,0.78556,1.12,1.47
2017.11.13 01:44:46.674,0.78532,0.78553,1.47,1.37
2017.11.13 01:44:55.737,0.78532,0.78552,1.12,1.87
2017.11.13 01:45:10.568,0.7853,0.7855,1.12,1.87
2017.11.13 01:45:11.005,0.78533,0.7855,1.00,1.37
2017.11.13 01:45:11.056,0.78533,0.78552,1.00,1.47
2017.11.13 01:45:11.785,0.78532,0.78552,1.87,1.37
2017.11.13 01:45:20.899,0.78531,0.78553,1.82,1.37
2017.11.13 01:45:21.165,0.78536,0.78556,1.37,1.47
2017.11.13 01:45:41.485,0.78537,0.78556,1.12,1.87
2017.11.13 01:45:41.752,0.78537,0.78557,1.37,1.37
2017.11.13 01:45:52.783,0.78538,0.78557,1.37,1.87
2017.11.13 01:46:01.667,0.78537,0.78556,1.87,1.00
2017.11.13 01:46:01.768,0.78537,0.78556,1.37,1.37
2017.11.13 01:46:05.944,0.78534,0.78554,2.62,1.50
2017.11.13 01:46:05.995,0.78534,0.78553,1.87,1.37
2017.11.13 01:46:06.197,0.78532,0.78551,1.12,1.37
2017.11.13 01:46:08.843,0.78532,0.78551,1.37,1.87
2017.11.13 01:46:09.045,0.78537,0.78556,1.37,1.37
2017.11.13 01:46:17.996,0.78536,0.78556,1.87,1.12
2017.11.13 01:46:20.129,0.78538,0.78558,1.87,1.87
2017.11.13 01:46:21.671,0.78538,0.78558,1.87,1.87
2017.11.13 01:46:21.772,0.78538,0.78556,1.12,1.37
2017.11.13 01:46:39.176,0.78535,0.78556,1.87,1.37
2017.11.13 01:46:46.913,0.78535,0.78553,1.00,1.12
2017.11.13 01:46:46.964,0.78532,0.78551,1.47,1.00
2017.11.13 01:46:47.373,0.78532,0.78552,1.12,1.87
2017.11.13 01:47:08.926,0.78533,0.7855,1.00,1.37
2017.11.13 01:47:11.185,0.78532,0.7855,1.12,1.37
2017.11.13 01:47:16.223,0.78532,0.78552,1.87,1.87
2017.11.13 01:47:17.457,0.78535,0.78554,1.12,1.95
2017.11.13 01:47:31.848,0.78532,0.78552,1.87,1.37
2017.11.13 01:47:33.613,0.78534,0.78552,1.00,1.37
2017.11.13 01:47:33.765,0.78535,0.78554,1.12,1.37
2017.11.13 01:47:34.288,0.78536,0.78554,1.00,1.37
2017.11.13 01:47:38.243,0.78537,0.78554,1.00,1.37
2017.11.13 01:47:50.071,0.78537,0.78556,1.00,1.87
2017.11.13 01:47:50.629,0.78536,0.78555,1.12,1.37
2017.11.13 01:47:51.765,0.78537,0.78555,1.00,1.37
2017.11.13 01:47:54.375,0.78536,0.78553,1.00,1.37
2017.11.13 01:48:05.168,0.78535,0.78556,1.00,3.82
2017.11.13 01:48:05.573,0.78536,0.78555,1.37,1.37
2017.11.13 01:48:06.207,0.78536,0.78554,1.00,1.37
2017.11.13 01:48:06.945,0.78535,0.78554,1.12,1.87
2017.11.13 01:48:08.462,0.78536,0.78554,1.00,1.37
2017.11.13 01:48:16.521,0.78536,0.78556,1.87,1.37
2017.11.13 01:48:16.962,0.78537,0.78554,1.00,1.37
2017.11.13 01:48:29.787,0.78538,0.78555,1.00,1.37
2017.11.13 01:48:33.326,0.78538,0.78555,1.00,1.37
2017.11.13 01:48:33.859,0.78537,0.78555,1.00,1.37
2017.11.13 01:48:49.804,0.78537,0.78554,1.00,1.37
2017.11.13 01:48:50.311,0.78536,0.78554,1.00,1.37
2017.11.13 01:48:52.776,0.78535,0.78553,1.00,1.37
2017.11.13 01:48:55.236,0.78533,0.78551,1.12,1.00
2017.11.13 01:48:55.337,0.78532,0.78551,1.12,1.37
2017.11.13 01:49:06.939,0.78533,0.78551,1.00,1.37
2017.11.13 01:49:16.791,0.78532,0.78551,1.12,1.37
2017.11.13 01:49:35.766,0.78533,0.78551,1.00,1.37
2017.11.13 01:49:45.895,0.78533,0.78551,1.12,1.37
2017.11.13 01:49:52.796,0.78529,0.78548,1.47,1.87
2017.11.13 01:49:53.099,0.78533,0.78552,1.12,1.47
2017.11.13 01:49:55.286,0.78531,0.7855,1.00,1.87
2017.11.13 01:49:55.456,0.78529,0.7855,1.87,1.57
2017.11.13 01:49:57.483,0.78529,0.78548,1.00,1.37
2017.11.13 01:49:57.696,0.78532,0.78551,1.12,1.87
2017.11.13 01:49:57.998,0.78531,0.78551,1.87,1.95
2017.11.13 01:49:58.219,0.78531,0.7855,1.87,1.12
2017.11.13 01:49:58.370,0.78531,0.7855,1.37,1.37
2017.11.13 01:49:58.522,0.7853,0.78549,1.12,1.37
2017.11.13 01:49:59.838,0.7853,0.78549,1.37,1.37
2017.11.13 01:50:00.388,0.7853,0.78549,1.12,1.37
2017.11.13 01:50:02.172,0.78529,0.78547,1.12,1.37
2017.11.13 01:50:02.696,0.78529,0.78547,1.37,1.12
2017.11.13 01:50:02.898,0.78532,0.78551,1.00,1.47
2017.11.13 01:50:02.949,0.78532,0.78552,1.37,2.62
2017.11.13 01:50:04.716,0.78533,0.78553,1.37,1.47
2017.11.13 01:50:07.265,0.78536,0.78553,1.00,1.37
2017.11.13 01:50:07.367,0.78537,0.78555,1.37,1.12
2017.11.13 01:50:07.864,0.78537,0.78556,1.12,1.37
2017.11.13 01:50:12.127,0.78534,0.78551,1.37,1.12
2017.11.13 01:50:12.648,0.78534,0.78551,1.00,1.37
2017.11.13 01:50:13.308,0.78534,0.78554,1.37,1.87
2017.11.13 01:50:27.517,0.78534,0.78553,1.00,1.37
2017.11.13 01:50:38.555,0.78533,0.78552,1.00,1.37
2017.11.13 01:50:38.858,0.78534,0.78554,1.37,1.37
2017.11.13 01:51:00.327,0.78534,0.78554,1.00,1.87
2017.11.13 01:51:00.378,0.78532,0.78551,1.12,1.12
2017.11.13 01:51:00.880,0.78534,0.78551,1.00,1.12
2017.11.13 01:51:16.060,0.78534,0.78554,1.87,1.20
2017.11.13 01:51:16.970,0.78536,0.78555,1.00,1.37
2017.11.13 01:51:17.578,0.78535,0.78555,1.12,1.37
2017.11.13 01:51:19.127,0.78536,0.78555,1.00,1.37
2017.11.13 01:51:22.315,0.78535,0.78554,1.12,1.12
2017.11.13 01:51:25.150,0.78534,0.78553,1.12,1.37
2017.11.13 01:51:25.251,0.78531,0.7855,1.00,1.37
2017.11.13 01:51:25.352,0.78532,0.78551,1.37,1.87
2017.11.13 01:51:25.683,0.7853,0.7855,1.87,1.87
2017.11.13 01:51:26.042,0.7853,0.7855,1.87,1.87
2017.11.13 01:51:49.101,0.78532,0.7855,1.12,1.00
2017.11.13 01:51:49.875,0.78532,0.78551,1.12,1.87
2017.11.13 01:52:05.895,0.78532,0.78551,1.37,1.37
2017.11.13 01:52:22.096,0.78532,0.78551,1.37,1.87
2017.11.13 01:52:24.390,0.78533,0.78552,1.37,1.47
2017.11.13 01:52:45.895,0.78532,0.78552,1.87,1.47
2017.11.13 01:52:51.856,0.78533,0.78552,1.37,1.37
2017.11.13 01:52:51.957,0.78534,0.78554,1.87,1.57
2017.11.13 01:53:08.444,0.78535,0.78555,1.37,1.95
2017.11.13 01:53:25.895,0.78535,0.78555,1.87,1.95
2017.11.13 01:53:28.443,0.78535,0.78554,1.12,1.37
2017.11.13 01:53:31.386,0.78534,0.78554,1.00,1.37
2017.11.13 01:53:31.903,0.78532,0.78551,1.37,1.37
2017.11.13 01:53:38.941,0.78534,0.78551,1.00,1.37
2017.11.13 01:53:48.477,0.78534,0.78553,1.12,1.87
2017.11.13 01:53:50.847,0.78529,0.78548,1.95,1.50
2017.11.13 01:53:50.948,0.78528,0.78548,1.12,1.87
2017.11.13 01:53:51.585,0.78528,0.78548,1.37,1.87
2017.11.13 01:53:51.785,0.78529,0.78549,1.87,1.12
2017.11.13 01:53:53.934,0.78529,0.78549,1.87,1.37
2017.11.13 01:53:54.271,0.78529,0.7855,1.87,1.37
2017.11.13 01:54:45.894,0.7853,0.78549,1.12,1.37
2017.11.13 01:54:50.854,0.78529,0.78549,1.00,1.87
2017.11.13 01:54:51.406,0.78528,0.78547,1.12,1.37
2017.11.13 01:54:58.470,0.78527,0.78545,1.00,1.37
2017.11.13 01:54:58.815,0.78531,0.7855,1.00,1.87
2017.11.13 01:55:07.618,0.7853,0.7855,1.12,1.87
2017.11.13 01:55:25.894,0.7853,0.7855,1.12,1.87
2017.11.13 01:55:45.893,0.7853,0.7855,1.37,1.87
2017.11.13 01:56:07.552,0.78533,0.78551,1.00,1.37
2017.11.13 01:56:07.860,0.78536,0.78554,1.12,1.37
2017.11.13 01:56:10.960,0.78537,0.78554,1.00,1.37
2017.11.13 01:56:11.590,0.78535,0.78553,1.00,1.37
2017.11.13 01:56:11.893,0.78534,0.78554,1.37,1.87
2017.11.13 01:56:12.045,0.78534,0.78554,1.12,1.37
2017.11.13 01:56:17.644,0.78535,0.78554,1.37,1.37
2017.11.13 01:56:59.224,0.78532,0.78551,1.12,1.12
2017.11.13 01:56:59.274,0.78529,0.78549,2.32,1.00
2017.11.13 01:56:59.621,0.78529,0.78549,1.37,1.87
2017.11.13 01:57:09.620,0.78531,0.7855,1.00,1.95
2017.11.13 01:57:09.772,0.78533,0.78552,1.37,1.37
2017.11.13 01:57:10.100,0.78532,0.78551,1.87,1.37
2017.11.13 01:57:17.227,0.78531,0.78551,1.12,1.37
2017.11.13 01:57:17.897,0.78532,0.78551,1.00,1.37
2017.11.13 01:57:18.710,0.78531,0.78551,1.12,1.87
2017.11.13 01:57:19.234,0.78532,0.78551,1.00,1.37
2017.11.13 01:57:23.053,0.78533,0.78551,1.12,1.37
2017.11.13 01:57:25.970,0.78534,0.78552,1.00,1.37
2017.11.13 01:57:28.649,0.78533,0.78553,1.12,1.87
2017.11.13 01:57:30.201,0.78533,0.78552,1.37,1.37
2017.11.13 01:57:44.471,0.78531,0.78551,1.37,1.37
2017.11.13 01:58:05.894,0.78531,0.78551,1.37,1.37
2017.11.13 01:58:07.541,0.78534,0.78554,1.00,1.87
2017.11.13 01:58:09.720,0.78533,0.78553,1.87,1.87
2017.11.13 01:58:18.819,0.78531,0.78551,1.20,1.37
2017.11.13 01:58:38.474,0.78531,0.7855,1.37,1.37
2017.11.13 01:58:38.796,0.78534,0.78553,1.12,1.87
2017.11.13 01:58:39.857,0.78531,0.78551,1.47,1.37
2017.11.13 01:59:09.033,0.7853,0.78549,1.12,1.37
2017.11.13 01:59:09.366,0.78534,0.78552,1.12,1.37
2017.11.13 01:59:14.329,0.7853,0.78551,1.47,1.37
2017.11.13 01:59:44.180,0.78533,0.78551,1.00,1.37
2017.11.13 01:59:44.708,0.78533,0.78552,1.00,1.87
2017.11.13 01:59:44.759,0.78528,0.78547,1.47,1.00
2017.11.13 01:59:44.860,0.78527,0.78547,1.37,1.37
2017.11.13 01:59:46.306,0.78527,0.78545,1.12,1.37
2017.11.13 01:59:59.676,0.78525,0.78544,1.20,1.37
2017.11.13 01:59:59.979,0.78526,0.78544,1.12,1.12
