2017.09.13 21:00:00.024,0.79154,0.79249,1.12,0.75
2017.09.13 21:00:00.170,0.79154,0.79261,1.12,0.75
2017.09.13 21:00:00.271,0.79149,0.79271,0.75,0.37
2017.09.13 21:00:00.924,0.79153,0.79277,0.37,0.37
2017.09.13 21:00:01.167,0.79157,0.79255,0.75,0.75
2017.09.13 21:00:01.370,0.79156,0.79258,0.75,0.75
2017.09.13 21:00:01.558,0.79157,0.79255,0.75,0.75
2017.09.13 21:00:07.686,0.79157,0.79257,0.75,0.75
2017.09.13 21:00:14.277,0.79157,0.79259,0.75,0.75
2017.09.13 21:00:15.521,0.79157,0.79264,0.75,0.75
2017.09.13 21:00:17.436,0.79157,0.79261,0.75,0.75
2017.09.13 21:00:38.556,0.79157,0.7926,0.75,0.75
2017.09.13 21:00:58.924,0.79157,0.79261,0.75,0.75
2017.09.13 21:01:00.011,0.7916,0.79261,0.75,0.75
2017.09.13 21:01:00.880,0.79163,0.79233,0.75,0.75
2017.09.13 21:01:12.662,0.79163,0.7923,0.75,0.75
2017.09.13 21:01:12.728,0.79157,0.7923,0.75,0.75
2017.09.13 21:01:18.936,0.79169,0.79242,0.75,0.75
2017.09.13 21:01:19.478,0.79164,0.79233,0.75,0.75
2017.09.13 21:01:25.861,0.7917,0.79242,0.75,0.75
2017.09.13 21:01:25.962,0.79177,0.79242,0.75,0.75
2017.09.13 21:01:27.470,0.7917,0.79242,0.75,0.75
2017.09.13 21:01:30.836,0.79159,0.79237,0.75,0.75
2017.09.13 21:01:31.005,0.7916,0.7926,0.75,0.75
2017.09.13 21:01:31.055,0.7916,0.79255,0.75,0.37
2017.09.13 21:01:31.135,0.7916,0.79264,0.75,0.75
2017.09.13 21:01:49.686,0.79161,0.79261,0.75,0.75
2017.09.13 21:01:58.750,0.79164,0.79261,0.75,1.50
2017.09.13 21:02:00.178,0.79161,0.79261,0.75,0.75
2017.09.13 21:02:01.491,0.7916,0.7926,0.75,0.75
2017.09.13 21:02:04.012,0.79164,0.79263,0.75,0.75
2017.09.13 21:02:09.361,0.7916,0.7926,0.75,0.75
2017.09.13 21:02:37.114,0.7916,0.79262,0.75,0.75
2017.09.13 21:02:39.036,0.79164,0.79264,0.75,0.75
2017.09.13 21:03:02.061,0.79166,0.79268,0.75,0.75
2017.09.13 21:03:08.087,0.79167,0.79266,0.75,0.75
2017.09.13 21:03:20.601,0.79168,0.79267,0.75,0.75
2017.09.13 21:03:39.212,0.7916,0.79264,0.75,0.75
2017.09.13 21:03:48.007,0.7916,0.79253,0.75,0.75
2017.09.13 21:03:52.236,0.7917,0.79254,0.75,0.75
2017.09.13 21:03:52.415,0.79157,0.79261,0.75,0.75
2017.09.13 21:03:52.465,0.79169,0.79255,0.75,0.75
2017.09.13 21:03:52.516,0.79155,0.79261,0.75,0.75
2017.09.13 21:03:57.086,0.79163,0.79247,0.75,0.75
2017.09.13 21:04:01.470,0.79163,0.79248,0.75,0.75
2017.09.13 21:04:03.693,0.79162,0.79251,1.00,1.00
2017.09.13 21:04:09.186,0.79161,0.79251,1.00,1.00
2017.09.13 21:04:10.202,0.79161,0.79253,1.00,1.00
2017.09.13 21:04:12.776,0.79161,0.79252,1.00,1.00
2017.09.13 21:04:17.392,0.79161,0.79253,1.00,1.00
2017.09.13 21:04:18.880,0.79161,0.79252,1.00,1.00
2017.09.13 21:04:28.311,0.79164,0.79254,1.00,1.00
2017.09.13 21:04:29.352,0.79162,0.79253,1.00,1.00
2017.09.13 21:04:32.161,0.79165,0.79254,1.00,1.00
2017.09.13 21:04:40.533,0.79169,0.79254,1.00,1.00
2017.09.13 21:04:46.187,0.79169,0.79252,1.00,1.00
2017.09.13 21:04:46.237,0.79161,0.79252,1.50,1.00
2017.09.13 21:04:50.161,0.79173,0.79257,1.00,1.00
2017.09.13 21:04:51.537,0.79175,0.79255,1.00,1.00
2017.09.13 21:04:51.616,0.79164,0.79255,1.00,1.00
2017.09.13 21:04:57.347,0.79162,0.79252,1.00,1.00
2017.09.13 21:04:58.348,0.79162,0.79253,1.00,1.00
2017.09.13 21:05:00.472,0.79162,0.79254,1.00,1.00
2017.09.13 21:05:01.517,0.79162,0.79255,1.00,1.00
2017.09.13 21:05:02.122,0.79162,0.79254,1.00,1.00
2017.09.13 21:05:04.615,0.79162,0.79252,1.50,1.00
2017.09.13 21:05:05.904,0.79162,0.79253,1.00,1.00
2017.09.13 21:05:06.774,0.79162,0.79254,1.00,1.00
2017.09.13 21:05:09.490,0.79162,0.79251,1.00,1.00
2017.09.13 21:05:10.597,0.79161,0.79251,1.00,1.00
2017.09.13 21:05:13.776,0.79161,0.79253,1.00,1.00
2017.09.13 21:05:19.958,0.79166,0.79254,1.00,1.00
2017.09.13 21:05:21.016,0.79163,0.79253,1.00,1.00
2017.09.13 21:05:22.447,0.79164,0.79252,1.00,1.00
2017.09.13 21:05:23.851,0.79163,0.79252,1.00,1.00
2017.09.13 21:05:24.765,0.79164,0.79254,1.00,1.00
2017.09.13 21:05:29.915,0.79163,0.79256,1.00,1.00
2017.09.13 21:05:30.017,0.79166,0.79257,1.00,1.00
2017.09.13 21:05:30.324,0.79162,0.79257,1.87,1.00
2017.09.13 21:05:30.435,0.79162,0.79257,1.87,1.00
2017.09.13 21:05:43.950,0.79163,0.79259,1.37,1.00
2017.09.13 21:05:45.223,0.79162,0.79258,2.06,1.00
2017.09.13 21:05:48.593,0.79164,0.79258,1.37,1.00
2017.09.13 21:05:49.465,0.79164,0.7926,1.37,1.00
2017.09.13 21:05:49.566,0.79164,0.79256,1.37,1.00
2017.09.13 21:05:49.667,0.79164,0.79256,1.00,1.00
2017.09.13 21:05:49.780,0.79165,0.79254,1.00,1.00
2017.09.13 21:05:54.184,0.79164,0.79254,1.25,1.00
2017.09.13 21:05:57.588,0.79164,0.79257,1.00,1.00
2017.09.13 21:06:01.885,0.79164,0.79255,1.00,1.00
2017.09.13 21:06:02.917,0.79168,0.79255,1.00,1.00
2017.09.13 21:06:04.038,0.79165,0.79257,1.19,1.00
2017.09.13 21:06:05.011,0.79165,0.79258,1.00,1.00
2017.09.13 21:06:06.162,0.79164,0.79257,1.25,1.00
2017.09.13 21:06:07.029,0.79165,0.79257,1.00,1.00
2017.09.13 21:06:07.395,0.79172,0.79252,1.00,1.00
2017.09.13 21:06:16.259,0.79174,0.79253,1.00,1.00
2017.09.13 21:06:31.914,0.79173,0.79255,1.00,1.00
2017.09.13 21:06:31.965,0.79173,0.79253,1.00,1.00
2017.09.13 21:06:37.598,0.79173,0.79254,1.00,1.00
2017.09.13 21:06:42.262,0.79173,0.79253,1.25,1.00
2017.09.13 21:06:46.872,0.79172,0.79254,1.00,1.00
2017.09.13 21:06:48.695,0.79174,0.79256,1.00,1.00
2017.09.13 21:07:16.861,0.79172,0.79255,1.25,1.00
2017.09.13 21:07:22.126,0.79173,0.79253,1.00,1.00
2017.09.13 21:07:29.512,0.79173,0.79255,1.00,1.00
2017.09.13 21:07:52.747,0.79174,0.79256,1.00,1.00
2017.09.13 21:07:57.338,0.79169,0.79256,1.19,1.00
2017.09.13 21:07:57.389,0.79169,0.79256,1.00,1.00
2017.09.13 21:08:04.111,0.79172,0.79257,1.00,1.00
2017.09.13 21:08:14.116,0.79172,0.79254,1.00,1.00
2017.09.13 21:08:16.173,0.79172,0.79253,1.00,1.00
2017.09.13 21:08:21.647,0.7917,0.79255,1.19,1.00
2017.09.13 21:08:21.698,0.79172,0.79258,1.00,1.00
2017.09.13 21:08:26.540,0.79172,0.79261,1.00,1.25
2017.09.13 21:08:26.693,0.79171,0.79259,1.00,1.00
2017.09.13 21:08:29.903,0.79172,0.79259,1.00,1.00
2017.09.13 21:08:30.348,0.79202,0.79258,1.00,1.00
2017.09.13 21:08:33.096,0.79201,0.79258,1.25,1.00
2017.09.13 21:09:02.430,0.79201,0.79266,1.00,1.19
2017.09.13 21:09:02.481,0.79201,0.79266,1.25,1.25
2017.09.13 21:09:03.416,0.79202,0.79266,1.00,1.25
2017.09.13 21:09:03.467,0.79204,0.79266,1.00,1.00
2017.09.13 21:09:06.915,0.79203,0.79266,1.00,1.00
2017.09.13 21:09:18.674,0.79202,0.7927,1.00,1.19
2017.09.13 21:09:18.725,0.79209,0.7927,1.00,1.25
2017.09.13 21:09:18.789,0.79202,0.7927,1.00,1.25
2017.09.13 21:09:24.373,0.79204,0.79269,1.00,1.00
2017.09.13 21:09:24.424,0.79203,0.79271,1.00,1.50
2017.09.13 21:09:27.693,0.79204,0.79271,1.00,1.00
2017.09.13 21:09:38.162,0.79204,0.7927,1.00,1.00
2017.09.13 21:09:46.083,0.79204,0.79271,1.00,1.00
2017.09.13 21:09:46.134,0.79205,0.79269,1.00,1.00
2017.09.13 21:09:46.508,0.79206,0.79267,1.00,1.00
2017.09.13 21:09:48.587,0.79205,0.79268,1.00,1.00
2017.09.13 21:09:51.016,0.79206,0.79267,1.00,1.00
2017.09.13 21:09:53.935,0.79202,0.79264,1.19,1.00
2017.09.13 21:09:53.986,0.79194,0.79265,1.00,1.25
2017.09.13 21:09:56.223,0.79194,0.79264,1.00,1.00
2017.09.13 21:10:01.132,0.79195,0.79264,1.00,1.00
2017.09.13 21:10:01.339,0.79193,0.79266,1.25,1.25
2017.09.13 21:10:01.958,0.79194,0.79264,1.00,1.00
2017.09.13 21:10:02.622,0.79195,0.79263,1.00,1.00
2017.09.13 21:10:02.972,0.79194,0.79265,1.25,1.25
2017.09.13 21:10:03.083,0.79194,0.79263,1.00,1.00
2017.09.13 21:10:05.568,0.79195,0.79264,1.00,1.25
2017.09.13 21:10:06.342,0.79193,0.79264,1.25,1.00
2017.09.13 21:10:06.968,0.79193,0.79263,1.00,1.00
2017.09.13 21:10:07.279,0.79195,0.79266,1.00,1.19
2017.09.13 21:10:07.958,0.79195,0.79264,1.00,1.00
2017.09.13 21:10:08.495,0.79193,0.79265,1.00,1.00
2017.09.13 21:10:08.669,0.79197,0.79264,1.00,1.00
2017.09.13 21:10:08.820,0.79194,0.79265,1.00,1.00
2017.09.13 21:10:09.916,0.79196,0.79268,1.00,1.19
2017.09.13 21:10:10.045,0.79196,0.79268,1.25,1.00
2017.09.13 21:10:10.297,0.79195,0.79264,1.19,1.00
2017.09.13 21:10:11.038,0.79195,0.79264,1.00,1.00
2017.09.13 21:10:12.987,0.79195,0.79263,1.00,1.00
2017.09.13 21:10:13.655,0.79196,0.79265,1.00,1.00
2017.09.13 21:10:14.269,0.79197,0.79267,1.00,1.19
2017.09.13 21:10:14.320,0.79197,0.79267,1.00,1.00
2017.09.13 21:10:14.397,0.79195,0.79263,1.25,1.00
2017.09.13 21:10:15.198,0.79198,0.79263,1.00,1.00
2017.09.13 21:10:16.018,0.79196,0.79263,1.00,1.00
2017.09.13 21:10:16.169,0.79194,0.79262,1.00,1.00
2017.09.13 21:10:17.519,0.79194,0.79263,1.00,1.00
2017.09.13 21:10:18.070,0.79197,0.79263,1.00,1.00
2017.09.13 21:10:18.120,0.79195,0.79263,1.00,1.00
2017.09.13 21:10:25.267,0.79197,0.79263,1.00,1.00
2017.09.13 21:10:26.197,0.79195,0.79263,1.00,1.00
2017.09.13 21:10:26.298,0.79195,0.79261,1.00,1.00
2017.09.13 21:10:36.563,0.79198,0.79262,1.00,1.00
2017.09.13 21:10:36.948,0.79196,0.79264,1.00,1.00
2017.09.13 21:10:37.936,0.79195,0.79264,1.00,1.00
2017.09.13 21:10:38.222,0.79197,0.79263,1.00,1.00
2017.09.13 21:10:38.684,0.79198,0.79261,1.00,1.00
2017.09.13 21:10:39.962,0.79194,0.7926,1.19,1.00
2017.09.13 21:10:40.141,0.79194,0.7926,1.00,1.00
2017.09.13 21:10:41.017,0.79197,0.7926,1.00,1.00
2017.09.13 21:10:41.296,0.79195,0.79259,1.25,1.00
2017.09.13 21:10:42.063,0.79198,0.7926,1.00,1.00
2017.09.13 21:10:42.885,0.79198,0.79256,1.00,1.00
2017.09.13 21:10:43.516,0.79196,0.79254,1.25,1.00
2017.09.13 21:10:44.015,0.79195,0.79252,1.25,1.00
2017.09.13 21:10:44.361,0.79197,0.79252,1.00,1.00
2017.09.13 21:10:45.948,0.79195,0.79253,1.00,1.25
2017.09.13 21:10:46.016,0.79197,0.79251,1.00,1.00
2017.09.13 21:10:47.811,0.79193,0.79252,1.19,1.00
2017.09.13 21:10:47.862,0.79193,0.79252,1.00,1.00
2017.09.13 21:10:49.345,0.792,0.79252,1.00,1.00
2017.09.13 21:10:56.120,0.792,0.79251,1.00,1.00
2017.09.13 21:10:58.422,0.79203,0.79251,1.00,1.00
2017.09.13 21:10:59.437,0.792,0.79252,1.19,1.00
2017.09.13 21:11:00.183,0.792,0.79252,1.00,1.00
2017.09.13 21:11:01.931,0.79199,0.79254,1.25,1.19
2017.09.13 21:11:04.917,0.79201,0.79251,1.00,1.00
2017.09.13 21:11:05.018,0.79201,0.79253,1.00,1.00
2017.09.13 21:11:06.319,0.79201,0.79251,1.00,1.00
2017.09.13 21:11:08.139,0.79201,0.7925,1.00,1.00
2017.09.13 21:11:09.694,0.79201,0.79248,1.00,1.00
2017.09.13 21:11:10.979,0.79199,0.79251,1.00,1.00
2017.09.13 21:11:11.030,0.79201,0.79252,1.00,1.00
2017.09.13 21:11:15.289,0.79199,0.79248,1.00,1.00
2017.09.13 21:11:19.359,0.79198,0.7925,1.00,1.00
2017.09.13 21:11:19.873,0.79199,0.79248,1.00,1.00
2017.09.13 21:11:21.259,0.79202,0.79248,1.00,1.00
2017.09.13 21:11:21.497,0.79198,0.79249,1.25,1.00
2017.09.13 21:11:22.964,0.79198,0.7925,1.25,1.00
2017.09.13 21:11:24.128,0.79196,0.79249,1.00,1.00
2017.09.13 21:11:25.060,0.79197,0.7925,1.00,1.00
2017.09.13 21:11:31.604,0.79197,0.79248,1.00,1.00
2017.09.13 21:11:32.191,0.79198,0.7925,1.00,1.00
2017.09.13 21:11:47.723,0.79197,0.7925,1.00,1.00
2017.09.13 21:11:48.004,0.79198,0.79248,1.00,1.00
2017.09.13 21:11:56.408,0.79198,0.79247,1.00,1.00
2017.09.13 21:12:00.184,0.792,0.79247,1.00,1.00
2017.09.13 21:12:00.235,0.79197,0.79248,1.00,1.00
2017.09.13 21:12:14.743,0.79199,0.79248,1.00,1.00
2017.09.13 21:12:20.568,0.79197,0.79248,1.00,1.00
2017.09.13 21:12:21.040,0.79196,0.79246,1.00,1.00
2017.09.13 21:12:21.361,0.79194,0.79244,1.00,1.00
2017.09.13 21:12:22.411,0.79195,0.79244,1.00,1.00
2017.09.13 21:12:23.170,0.79196,0.79244,1.00,1.00
2017.09.13 21:12:32.051,0.79202,0.7924,1.00,1.00
2017.09.13 21:12:33.334,0.79201,0.79242,1.00,1.25
2017.09.13 21:12:33.384,0.79203,0.79244,1.00,1.00
2017.09.13 21:12:34.777,0.79197,0.79246,1.25,1.00
2017.09.13 21:12:38.317,0.79198,0.79246,1.00,1.00
2017.09.13 21:12:50.955,0.79199,0.79246,1.00,1.00
2017.09.13 21:12:55.024,0.79197,0.79247,1.25,1.00
2017.09.13 21:13:02.004,0.79199,0.79246,1.00,1.00
2017.09.13 21:13:07.965,0.79192,0.79243,1.19,1.00
2017.09.13 21:13:08.016,0.79192,0.79243,1.00,1.00
2017.09.13 21:13:08.066,0.79193,0.79241,1.00,1.00
2017.09.13 21:13:08.117,0.79191,0.7924,1.00,1.00
2017.09.13 21:13:08.971,0.7919,0.7924,1.00,1.00
2017.09.13 21:13:10.344,0.79188,0.79237,1.19,1.00
2017.09.13 21:13:10.395,0.79185,0.79234,1.00,1.00
2017.09.13 21:13:10.496,0.79183,0.79237,1.00,1.00
2017.09.13 21:13:11.411,0.79182,0.79238,1.00,1.25
2017.09.13 21:13:14.514,0.79184,0.79235,1.00,1.00
2017.09.13 21:13:16.380,0.79184,0.79237,1.00,1.25
2017.09.13 21:13:16.431,0.79183,0.79235,1.25,1.00
2017.09.13 21:13:16.919,0.79185,0.79236,1.25,1.00
2017.09.13 21:13:20.790,0.79186,0.79237,1.00,1.00
2017.09.13 21:13:21.126,0.79188,0.79237,1.00,1.00
2017.09.13 21:13:21.720,0.79189,0.79237,1.00,1.00
2017.09.13 21:13:21.947,0.79184,0.79237,1.00,1.00
2017.09.13 21:13:22.118,0.79185,0.79239,1.00,1.25
2017.09.13 21:13:22.219,0.79184,0.79237,1.00,1.00
2017.09.13 21:13:23.266,0.79177,0.79237,1.00,1.00
2017.09.13 21:13:23.317,0.79181,0.79238,1.00,1.00
2017.09.13 21:13:23.820,0.79179,0.79237,1.00,1.00
2017.09.13 21:13:27.377,0.7918,0.79238,1.00,1.00
2017.09.13 21:13:28.715,0.7918,0.79236,1.00,1.00
2017.09.13 21:13:29.040,0.79179,0.79232,1.00,1.00
2017.09.13 21:13:33.010,0.79182,0.79232,1.00,1.00
2017.09.13 21:13:34.748,0.79179,0.79232,1.19,1.00
2017.09.13 21:13:37.416,0.79179,0.79234,1.00,1.25
2017.09.13 21:13:37.517,0.79179,0.79232,1.00,1.00
2017.09.13 21:13:37.879,0.79179,0.79228,1.00,1.00
2017.09.13 21:13:38.438,0.79178,0.79228,1.25,1.00
2017.09.13 21:13:39.377,0.79181,0.79228,1.00,1.00
2017.09.13 21:13:40.211,0.79178,0.79228,1.25,1.00
2017.09.13 21:13:44.516,0.79183,0.79228,1.00,1.00
2017.09.13 21:13:45.226,0.79181,0.79226,1.00,1.00
2017.09.13 21:13:58.967,0.7918,0.79226,1.00,1.00
2017.09.13 21:14:04.616,0.79179,0.79228,1.25,1.25
2017.09.13 21:14:05.900,0.79178,0.79228,1.00,1.00
2017.09.13 21:14:11.678,0.79179,0.79229,1.00,1.00
2017.09.13 21:14:23.528,0.79177,0.7923,1.25,1.00
2017.09.13 21:14:37.015,0.79178,0.79232,1.00,1.19
2017.09.13 21:14:37.116,0.7918,0.79234,1.00,1.00
2017.09.13 21:14:37.167,0.79176,0.79233,1.00,1.00
2017.09.13 21:14:37.405,0.79181,0.79233,1.00,1.00
2017.09.13 21:14:40.376,0.79178,0.79233,1.00,1.00
2017.09.13 21:14:41.737,0.79179,0.79233,1.00,1.00
2017.09.13 21:14:45.580,0.79179,0.79235,1.00,1.25
2017.09.13 21:14:46.001,0.79177,0.79237,1.00,1.00
2017.09.13 21:14:47.530,0.79178,0.79237,1.00,1.00
2017.09.13 21:14:53.587,0.79179,0.79237,1.00,1.00
2017.09.13 21:15:00.071,0.79182,0.79237,1.00,1.00
2017.09.13 21:15:00.172,0.79178,0.79237,1.00,1.00
2017.09.13 21:15:12.489,0.79179,0.79237,1.00,1.00
2017.09.13 21:15:52.432,0.79178,0.79238,1.00,1.00
2017.09.13 21:15:52.534,0.79177,0.79241,1.25,1.00
2017.09.13 21:15:52.652,0.79182,0.7924,1.00,1.00
2017.09.13 21:15:52.866,0.79178,0.79241,1.00,1.00
2017.09.13 21:15:54.635,0.79178,0.79243,1.00,1.19
2017.09.13 21:15:55.461,0.79178,0.79243,1.00,1.25
2017.09.13 21:15:57.477,0.79183,0.79242,1.00,1.00
2017.09.13 21:15:57.578,0.7918,0.79242,1.00,1.00
2017.09.13 21:15:59.461,0.79179,0.79242,1.00,1.00
2017.09.13 21:16:03.367,0.79183,0.79242,1.00,1.00
2017.09.13 21:16:03.565,0.79179,0.79242,1.19,1.00
2017.09.13 21:16:04.083,0.79179,0.79242,1.00,1.00
2017.09.13 21:16:04.134,0.79178,0.79245,1.00,1.25
2017.09.13 21:16:05.514,0.79182,0.79244,1.00,1.00
2017.09.13 21:16:05.564,0.79181,0.79247,1.25,1.00
2017.09.13 21:16:05.615,0.79179,0.79246,1.00,1.00
2017.09.13 21:16:05.923,0.7918,0.79248,1.00,1.00
2017.09.13 21:16:05.974,0.79179,0.7925,1.25,1.00
2017.09.13 21:16:06.025,0.79184,0.79248,1.00,1.00
2017.09.13 21:16:06.383,0.79179,0.79249,1.19,1.25
2017.09.13 21:16:06.826,0.79179,0.79249,1.25,1.00
2017.09.13 21:16:07.381,0.7918,0.79251,1.00,1.19
2017.09.13 21:16:07.550,0.79184,0.79249,1.00,1.00
2017.09.13 21:16:08.001,0.79181,0.79249,1.00,1.00
2017.09.13 21:16:09.979,0.79184,0.79249,1.00,1.00
2017.09.13 21:16:10.030,0.79181,0.79249,1.00,1.00
2017.09.13 21:16:12.020,0.7918,0.79247,1.00,1.00
2017.09.13 21:16:12.360,0.79184,0.79251,1.00,1.00
2017.09.13 21:16:12.759,0.79184,0.79247,1.00,1.00
2017.09.13 21:16:19.964,0.79182,0.79247,1.00,1.00
2017.09.13 21:16:20.065,0.7917,0.79247,1.00,1.00
2017.09.13 21:16:20.320,0.7917,0.79249,1.00,1.00
2017.09.13 21:16:20.649,0.7917,0.79247,1.00,1.00
2017.09.13 21:16:23.761,0.79171,0.79247,1.00,1.00
2017.09.13 21:16:25.801,0.79174,0.79247,1.00,1.00
2017.09.13 21:16:37.966,0.79175,0.79247,1.00,1.00
2017.09.13 21:16:42.006,0.79176,0.79247,1.00,1.00
2017.09.13 21:16:44.718,0.79172,0.79247,1.19,1.00
2017.09.13 21:16:44.769,0.79172,0.79247,1.00,1.00
2017.09.13 21:16:45.868,0.79175,0.79247,1.00,1.00
2017.09.13 21:16:48.111,0.79174,0.79247,1.25,1.00
2017.09.13 21:16:59.087,0.79175,0.79247,1.00,1.00
2017.09.13 21:17:00.112,0.79175,0.79248,1.00,1.00
2017.09.13 21:17:07.531,0.79171,0.79248,1.19,1.00
2017.09.13 21:17:07.737,0.79171,0.79248,1.00,1.00
2017.09.13 21:17:11.087,0.79172,0.79248,1.00,1.00
2017.09.13 21:17:23.149,0.79176,0.79248,1.25,1.00
2017.09.13 21:17:23.250,0.79176,0.79251,1.25,1.00
2017.09.13 21:17:27.113,0.79171,0.79251,1.25,1.00
2017.09.13 21:17:48.396,0.79173,0.79246,1.25,1.00
2017.09.13 21:17:48.611,0.79172,0.79251,1.00,1.50
2017.09.13 21:17:48.745,0.79174,0.79245,1.00,1.00
2017.09.13 21:17:51.952,0.79173,0.79251,1.25,1.69
2017.09.13 21:17:52.002,0.79173,0.79251,1.25,1.69
2017.09.13 21:17:52.132,0.79174,0.79245,1.00,1.00
2017.09.13 21:17:53.954,0.79174,0.7925,1.00,1.19
2017.09.13 21:17:54.005,0.79174,0.7925,1.00,1.00
2017.09.13 21:17:54.087,0.79173,0.79245,1.25,1.00
2017.09.13 21:17:57.121,0.79174,0.79245,1.00,1.00
2017.09.13 21:17:58.488,0.79173,0.79247,1.25,1.00
2017.09.13 21:18:06.087,0.79175,0.79248,1.00,1.00
2017.09.13 21:18:07.086,0.79175,0.79246,1.00,1.00
2017.09.13 21:18:07.961,0.79174,0.79248,1.00,1.00
2017.09.13 21:18:08.971,0.79175,0.79248,1.00,1.00
2017.09.13 21:18:13.879,0.79175,0.79246,1.00,1.00
2017.09.13 21:18:14.137,0.79174,0.79248,1.00,1.69
2017.09.13 21:18:15.314,0.79175,0.79246,1.00,1.00
2017.09.13 21:18:16.087,0.79175,0.79247,1.00,1.00
2017.09.13 21:18:19.950,0.79173,0.79248,1.00,1.00
2017.09.13 21:18:20.052,0.79174,0.79246,1.00,1.00
2017.09.13 21:18:21.954,0.79174,0.79248,1.00,1.19
2017.09.13 21:18:23.087,0.79173,0.79248,1.25,1.50
2017.09.13 21:18:23.431,0.79174,0.79246,1.00,1.00
2017.09.13 21:18:24.001,0.79175,0.79246,1.00,1.00
2017.09.13 21:18:25.956,0.79175,0.79248,1.00,1.19
2017.09.13 21:18:26.733,0.79175,0.79248,1.00,1.00
2017.09.13 21:18:27.088,0.79175,0.79246,1.00,1.00
2017.09.13 21:18:27.990,0.79175,0.79248,1.00,1.19
2017.09.13 21:18:29.087,0.79175,0.79246,1.00,1.00
2017.09.13 21:18:32.888,0.7918,0.79247,1.00,1.00
2017.09.13 21:18:41.132,0.79181,0.79246,1.00,1.00
2017.09.13 21:18:42.134,0.7918,0.79247,1.00,1.25
2017.09.13 21:18:54.061,0.79181,0.79247,1.00,1.00
2017.09.13 21:18:58.801,0.79182,0.79248,1.00,1.50
2017.09.13 21:18:59.154,0.79181,0.79246,1.00,1.00
2017.09.13 21:19:00.165,0.7918,0.79245,1.00,1.00
2017.09.13 21:19:00.706,0.79183,0.79244,1.00,1.00
2017.09.13 21:19:03.005,0.79184,0.79244,1.00,1.00
2017.09.13 21:19:03.454,0.79184,0.79247,1.00,1.19
2017.09.13 21:19:03.505,0.79184,0.7925,1.00,1.00
2017.09.13 21:19:03.606,0.79179,0.79253,1.00,1.00
2017.09.13 21:19:03.873,0.79179,0.79255,1.00,1.69
2017.09.13 21:19:03.924,0.79179,0.79252,1.00,1.19
2017.09.13 21:19:03.974,0.79179,0.79252,1.00,1.00
2017.09.13 21:19:04.025,0.79179,0.79255,1.00,1.50
2017.09.13 21:19:04.087,0.79185,0.79255,1.00,1.00
2017.09.13 21:19:09.091,0.79186,0.79255,1.00,1.00
2017.09.13 21:19:10.337,0.79186,0.79256,1.00,1.00
2017.09.13 21:19:24.086,0.79181,0.79256,1.19,1.00
2017.09.13 21:19:24.137,0.79181,0.79256,1.00,1.00
2017.09.13 21:19:26.227,0.79186,0.79255,1.00,1.00
2017.09.13 21:19:29.101,0.7918,0.79254,1.19,1.00
2017.09.13 21:19:29.151,0.7918,0.79254,1.00,1.00
2017.09.13 21:19:38.739,0.79188,0.79255,1.00,1.00
2017.09.13 21:19:40.086,0.79187,0.79255,1.00,1.00
2017.09.13 21:19:42.035,0.79185,0.79255,1.00,1.00
2017.09.13 21:19:43.788,0.79185,0.79259,1.00,1.00
2017.09.13 21:19:43.889,0.79185,0.79264,1.00,1.00
2017.09.13 21:19:43.940,0.79184,0.79266,1.00,1.00
2017.09.13 21:19:43.991,0.79185,0.79274,1.00,1.00
2017.09.13 21:19:44.149,0.79185,0.79277,1.00,1.19
2017.09.13 21:19:44.827,0.79181,0.79277,1.19,1.00
2017.09.13 21:19:44.878,0.79181,0.79277,1.00,1.00
2017.09.13 21:19:44.929,0.79181,0.79273,1.00,1.00
2017.09.13 21:19:44.979,0.79181,0.79277,1.00,1.00
2017.09.13 21:19:52.937,0.79191,0.79277,1.00,1.00
2017.09.13 21:19:53.653,0.7919,0.79274,1.25,1.00
2017.09.13 21:19:55.199,0.79192,0.79272,1.00,1.00
2017.09.13 21:19:56.978,0.79193,0.79272,1.00,1.00
2017.09.13 21:19:57.933,0.7919,0.79268,1.00,1.00
2017.09.13 21:19:59.699,0.79186,0.79267,1.19,1.00
2017.09.13 21:19:59.749,0.79186,0.79267,1.00,1.00
2017.09.13 21:20:00.741,0.79185,0.79267,1.00,1.00
2017.09.13 21:20:04.322,0.79178,0.79266,1.19,1.00
2017.09.13 21:20:04.423,0.79176,0.79267,1.00,1.00
2017.09.13 21:20:05.343,0.79176,0.79272,1.00,1.19
2017.09.13 21:20:05.394,0.79176,0.79272,1.00,1.00
2017.09.13 21:20:07.893,0.79176,0.79268,1.00,1.00
2017.09.13 21:20:09.262,0.79175,0.79268,1.00,1.00
2017.09.13 21:20:10.093,0.79175,0.79266,1.00,1.00
2017.09.13 21:20:18.146,0.79176,0.7927,1.00,1.00
2017.09.13 21:20:24.248,0.79174,0.79271,1.25,1.25
2017.09.13 21:20:27.482,0.79174,0.79267,1.00,1.00
2017.09.13 21:20:34.209,0.79175,0.7927,1.00,1.19
2017.09.13 21:20:34.901,0.79175,0.7927,1.00,1.00
2017.09.13 21:20:37.775,0.79175,0.79269,1.00,1.00
2017.09.13 21:20:39.279,0.79174,0.79269,1.25,1.00
2017.09.13 21:20:40.743,0.79176,0.79273,1.00,1.00
2017.09.13 21:20:42.458,0.79175,0.79273,1.00,1.00
2017.09.13 21:20:44.094,0.7918,0.79273,1.00,1.00
2017.09.13 21:20:52.084,0.79178,0.79272,1.19,1.00
2017.09.13 21:20:57.663,0.79178,0.79272,1.00,1.00
2017.09.13 21:21:00.239,0.79181,0.79269,1.00,1.00
2017.09.13 21:21:01.266,0.7918,0.79248,1.00,1.00
2017.09.13 21:21:04.466,0.79182,0.79248,1.00,1.00
2017.09.13 21:21:09.339,0.79183,0.79247,1.00,1.00
2017.09.13 21:21:57.608,0.79183,0.79248,1.00,1.00
2017.09.13 21:22:02.323,0.79178,0.79248,1.00,1.00
2017.09.13 21:22:39.518,0.79179,0.79248,1.00,1.00
2017.09.13 21:22:43.009,0.79177,0.79248,1.00,1.00
2017.09.13 21:22:43.141,0.79181,0.79248,1.00,1.00
2017.09.13 21:22:45.093,0.79183,0.79248,1.00,1.00
2017.09.13 21:22:55.478,0.79183,0.79246,1.00,1.00
2017.09.13 21:23:06.166,0.79183,0.7925,1.00,1.19
2017.09.13 21:23:06.267,0.79182,0.79251,1.00,1.00
2017.09.13 21:23:07.252,0.79185,0.79251,1.00,1.00
2017.09.13 21:23:07.985,0.7918,0.79251,1.00,1.00
2017.09.13 21:23:09.539,0.79181,0.79252,1.00,1.25
2017.09.13 21:23:45.168,0.79177,0.79251,1.19,1.00
2017.09.13 21:23:45.219,0.79177,0.79251,1.00,1.00
2017.09.13 21:23:45.269,0.79181,0.79251,1.00,1.00
2017.09.13 21:23:54.668,0.79182,0.79251,1.00,1.00
2017.09.13 21:24:20.381,0.79179,0.79251,1.19,1.00
2017.09.13 21:24:21.101,0.79179,0.79251,1.00,1.00
2017.09.13 21:24:44.399,0.79184,0.79251,1.00,1.00
2017.09.13 21:24:54.789,0.79184,0.79252,1.00,1.00
2017.09.13 21:25:04.333,0.7918,0.79252,1.19,1.00
2017.09.13 21:25:04.384,0.7918,0.79252,1.00,1.00
2017.09.13 21:25:08.313,0.79179,0.79252,1.00,1.00
2017.09.13 21:25:26.523,0.7918,0.79251,1.00,1.00
2017.09.13 21:25:27.090,0.79184,0.79252,1.00,1.00
2017.09.13 21:25:33.517,0.7916,0.79246,1.56,1.00
2017.09.13 21:25:33.618,0.79153,0.79247,1.37,1.00
2017.09.13 21:25:33.719,0.79153,0.79246,1.00,1.00
2017.09.13 21:25:37.480,0.79153,0.79244,1.00,1.00
2017.09.13 21:25:37.531,0.79154,0.7925,1.00,1.00
2017.09.13 21:25:57.494,0.79152,0.79249,1.25,1.00
2017.09.13 21:26:00.144,0.79152,0.79251,1.00,1.19
2017.09.13 21:26:00.195,0.7915,0.79252,1.00,1.00
2017.09.13 21:26:04.090,0.79153,0.79249,1.00,1.00
2017.09.13 21:26:05.999,0.79155,0.79249,1.00,1.00
2017.09.13 21:26:06.050,0.79153,0.79249,1.00,1.00
2017.09.13 21:26:06.521,0.79151,0.79249,1.00,1.00
2017.09.13 21:26:09.936,0.79152,0.79249,1.00,1.00
2017.09.13 21:26:20.194,0.79151,0.7925,1.00,1.00
2017.09.13 21:26:21.226,0.79151,0.79251,1.00,1.25
2017.09.13 21:26:22.157,0.79149,0.79252,1.62,1.00
2017.09.13 21:26:23.090,0.79151,0.79251,1.00,1.00
2017.09.13 21:26:27.494,0.79151,0.79255,1.00,1.19
2017.09.13 21:26:27.545,0.79149,0.79247,1.37,1.00
2017.09.13 21:26:28.477,0.79149,0.79247,1.00,1.00
2017.09.13 21:26:29.095,0.79151,0.79246,1.00,1.00
2017.09.13 21:26:31.877,0.79151,0.79245,1.00,1.00
2017.09.13 21:26:32.318,0.79154,0.79245,1.00,1.00
2017.09.13 21:26:34.773,0.79159,0.79242,1.00,1.00
2017.09.13 21:26:35.721,0.7916,0.79241,1.00,1.00
2017.09.13 21:26:43.243,0.79159,0.79243,1.25,1.25
2017.09.13 21:26:53.638,0.7916,0.79241,1.00,1.00
2017.09.13 21:26:54.069,0.79158,0.79242,1.25,1.25
2017.09.13 21:26:56.977,0.79155,0.79241,1.00,1.00
2017.09.13 21:26:58.206,0.79155,0.79242,1.00,1.00
2017.09.13 21:27:07.143,0.79156,0.79243,1.00,1.19
2017.09.13 21:27:07.719,0.79156,0.79243,1.00,1.00
2017.09.13 21:27:10.056,0.79156,0.79241,1.00,1.00
2017.09.13 21:27:13.236,0.79155,0.79244,1.00,1.19
2017.09.13 21:27:13.938,0.79155,0.79244,1.00,1.25
2017.09.13 21:27:25.339,0.79161,0.79242,1.00,1.00
2017.09.13 21:27:27.956,0.79161,0.79243,1.00,1.00
2017.09.13 21:27:31.221,0.79156,0.79244,1.19,1.25
2017.09.13 21:27:31.271,0.79156,0.79244,1.25,1.00
2017.09.13 21:27:32.093,0.79157,0.79242,1.00,1.00
2017.09.13 21:27:33.015,0.79157,0.79243,1.00,1.00
2017.09.13 21:27:33.997,0.7916,0.79243,1.25,1.00
2017.09.13 21:27:35.120,0.79156,0.79243,1.19,1.00
2017.09.13 21:27:35.170,0.79157,0.79243,1.00,1.00
2017.09.13 21:27:35.701,0.79157,0.79242,1.00,1.00
2017.09.13 21:27:35.992,0.79161,0.79242,1.00,1.00
2017.09.13 21:27:37.190,0.79161,0.79243,1.00,1.00
2017.09.13 21:27:37.240,0.79157,0.79242,1.00,1.00
2017.09.13 21:27:37.450,0.79156,0.79244,1.00,1.25
2017.09.13 21:27:38.010,0.79157,0.79242,1.00,1.00
2017.09.13 21:27:38.390,0.79161,0.79242,1.00,1.00
2017.09.13 21:27:39.091,0.79161,0.79243,1.00,1.00
2017.09.13 21:27:41.091,0.79161,0.79242,1.00,1.00
2017.09.13 21:27:41.248,0.79157,0.79242,1.00,1.00
2017.09.13 21:27:41.988,0.79161,0.79244,1.00,1.00
2017.09.13 21:27:43.839,0.79164,0.79243,1.00,1.00
2017.09.13 21:27:44.182,0.79174,0.79247,1.00,1.00
2017.09.13 21:27:44.928,0.79176,0.79246,1.00,1.00
2017.09.13 21:27:44.979,0.79176,0.79262,1.00,1.00
2017.09.13 21:27:45.030,0.79169,0.79269,1.19,1.19
2017.09.13 21:27:45.130,0.79176,0.7927,1.00,1.25
2017.09.13 21:27:45.724,0.79175,0.79269,1.00,1.00
2017.09.13 21:27:46.764,0.79175,0.7927,1.00,1.00
2017.09.13 21:27:46.815,0.79178,0.7927,1.00,1.00
2017.09.13 21:27:47.754,0.79179,0.79269,1.00,1.00
2017.09.13 21:27:59.767,0.79174,0.79267,1.25,1.00
2017.09.13 21:28:01.091,0.79173,0.79267,1.25,1.00
2017.09.13 21:28:48.115,0.79171,0.79267,1.00,1.00
2017.09.13 21:28:55.266,0.7917,0.79267,1.00,1.00
2017.09.13 21:29:16.116,0.79169,0.79271,1.00,1.19
2017.09.13 21:29:16.640,0.79169,0.79271,1.00,1.00
2017.09.13 21:29:19.171,0.79169,0.79263,1.00,1.00
2017.09.13 21:29:20.205,0.7917,0.79261,1.00,1.00
2017.09.13 21:29:28.091,0.7917,0.7926,1.00,1.00
2017.09.13 21:29:28.529,0.7917,0.79262,1.00,1.00
2017.09.13 21:29:29.552,0.7917,0.79261,1.00,1.00
2017.09.13 21:29:40.355,0.7917,0.7926,1.00,1.00
2017.09.13 21:29:49.839,0.7917,0.79259,1.00,1.00
2017.09.13 21:29:49.940,0.79174,0.7926,1.00,1.00
2017.09.13 21:29:55.387,0.79175,0.7926,1.00,1.00
2017.09.13 21:30:13.168,0.79174,0.7926,1.25,1.00
2017.09.13 21:30:23.110,0.79174,0.79259,1.25,1.00
2017.09.13 21:30:24.152,0.79178,0.79257,1.00,1.00
2017.09.13 21:30:25.896,0.79178,0.79256,1.00,1.00
2017.09.13 21:30:32.550,0.79179,0.79255,1.00,1.00
2017.09.13 21:31:18.696,0.79177,0.79257,1.25,1.00
2017.09.13 21:31:19.274,0.79176,0.79258,1.00,1.00
2017.09.13 21:31:20.709,0.79177,0.79257,1.00,1.00
2017.09.13 21:31:42.271,0.79177,0.79258,1.00,1.00
2017.09.13 21:31:54.122,0.79177,0.79257,1.00,1.00
2017.09.13 21:32:13.730,0.79186,0.79259,1.00,1.00
2017.09.13 21:32:14.752,0.79187,0.79259,1.00,1.00
2017.09.13 21:32:16.036,0.79188,0.79259,1.00,1.00
2017.09.13 21:32:17.107,0.79183,0.79259,1.00,1.00
2017.09.13 21:32:17.158,0.7918,0.79259,1.00,1.00
2017.09.13 21:32:22.089,0.79182,0.79251,1.00,1.00
2017.09.13 21:32:24.214,0.79182,0.79257,1.00,1.19
2017.09.13 21:32:24.265,0.79182,0.79257,1.00,1.00
2017.09.13 21:32:25.089,0.79182,0.79251,1.00,1.00
2017.09.13 21:32:25.685,0.79181,0.79252,1.25,1.00
2017.09.13 21:32:26.420,0.79181,0.79255,1.00,1.00
2017.09.13 21:32:28.866,0.79179,0.79255,1.19,1.00
2017.09.13 21:32:40.720,0.79179,0.79255,1.00,1.00
2017.09.13 21:33:07.063,0.79169,0.79234,1.19,1.00
2017.09.13 21:33:07.114,0.7918,0.7925,1.00,1.00
2017.09.13 21:33:07.165,0.79176,0.79236,1.00,1.00
2017.09.13 21:33:07.266,0.79176,0.79243,1.00,1.19
2017.09.13 21:33:07.367,0.79177,0.79246,1.00,1.19
2017.09.13 21:33:07.418,0.79179,0.79245,1.00,1.19
2017.09.13 21:33:07.919,0.79179,0.79243,1.00,1.00
2017.09.13 21:33:10.775,0.79178,0.79243,1.25,1.00
2017.09.13 21:33:21.072,0.79178,0.79239,1.00,1.00
2017.09.13 21:33:22.342,0.79177,0.79239,1.00,1.00
2017.09.13 21:33:22.653,0.79179,0.79239,1.00,1.00
2017.09.13 21:33:25.997,0.79178,0.79246,1.25,1.25
2017.09.13 21:33:26.238,0.79179,0.79239,1.00,1.00
2017.09.13 21:33:27.290,0.79177,0.79239,1.00,1.00
2017.09.13 21:33:27.799,0.79179,0.79239,1.00,1.00
2017.09.13 21:33:28.341,0.79177,0.79239,1.00,1.00
2017.09.13 21:33:28.845,0.79178,0.79239,1.00,1.00
2017.09.13 21:33:34.657,0.7918,0.79239,1.00,1.00
2017.09.13 21:33:34.758,0.79178,0.79239,1.00,1.00
2017.09.13 21:33:35.090,0.7918,0.79239,1.00,1.00
2017.09.13 21:33:36.091,0.79177,0.7924,1.25,1.00
2017.09.13 21:33:36.834,0.79182,0.79239,1.00,1.00
2017.09.13 21:33:37.386,0.79181,0.7924,1.00,1.25
2017.09.13 21:33:37.896,0.79182,0.79239,1.00,1.00
2017.09.13 21:33:38.937,0.7918,0.7924,1.00,1.25
2017.09.13 21:33:39.206,0.79182,0.79239,1.00,1.00
2017.09.13 21:33:39.970,0.79181,0.79239,1.00,1.00
2017.09.13 21:33:40.751,0.79181,0.7924,1.00,1.00
2017.09.13 21:33:41.540,0.79182,0.7924,1.00,1.00
2017.09.13 21:33:42.132,0.79183,0.7924,1.00,1.00
2017.09.13 21:33:42.903,0.79181,0.7924,1.00,1.00
2017.09.13 21:33:43.442,0.79182,0.79241,1.00,1.25
2017.09.13 21:33:52.261,0.79183,0.79245,1.00,1.00
2017.09.13 21:33:53.133,0.79183,0.7924,1.00,1.00
2017.09.13 21:33:53.864,0.79182,0.79246,1.00,1.19
2017.09.13 21:33:54.025,0.79183,0.7924,1.00,1.00
2017.09.13 21:33:55.864,0.79182,0.7924,1.00,1.00
2017.09.13 21:34:06.600,0.79182,0.79243,1.00,1.19
2017.09.13 21:34:07.140,0.79183,0.79242,1.00,1.00
2017.09.13 21:34:07.670,0.79182,0.79243,1.00,1.00
2017.09.13 21:34:08.934,0.79181,0.79244,1.00,1.25
2017.09.13 21:34:09.119,0.79183,0.79242,1.00,1.00
2017.09.13 21:34:09.230,0.79181,0.79243,1.00,1.00
2017.09.13 21:34:09.372,0.79183,0.79242,1.00,1.00
2017.09.13 21:34:09.884,0.79182,0.79239,1.00,1.00
2017.09.13 21:34:29.104,0.79183,0.79239,1.00,1.00
2017.09.13 21:34:35.556,0.79183,0.79244,1.00,1.00
2017.09.13 21:34:35.729,0.79183,0.79239,1.00,1.00
2017.09.13 21:35:14.201,0.79183,0.7924,1.00,1.25
2017.09.13 21:35:27.849,0.79184,0.79239,1.00,1.00
2017.09.13 21:35:28.158,0.79186,0.79242,1.00,1.25
2017.09.13 21:35:28.310,0.79189,0.79244,1.00,1.00
2017.09.13 21:35:28.411,0.7919,0.79247,1.00,1.00
2017.09.13 21:35:28.512,0.79191,0.79249,1.00,1.25
2017.09.13 21:35:28.834,0.79194,0.7925,1.00,1.00
2017.09.13 21:35:28.935,0.79196,0.79253,1.00,1.00
2017.09.13 21:35:29.919,0.79196,0.79254,1.00,1.00
2017.09.13 21:35:41.082,0.79197,0.79254,1.00,1.00
2017.09.13 21:35:45.625,0.79196,0.79253,1.00,1.00
2017.09.13 21:35:47.402,0.79193,0.79253,1.19,1.00
2017.09.13 21:35:47.452,0.7919,0.79247,1.00,1.25
2017.09.13 21:35:47.755,0.79198,0.79254,1.25,1.00
2017.09.13 21:35:47.805,0.79194,0.79255,1.00,1.00
2017.09.13 21:35:47.957,0.79193,0.79257,1.00,1.25
2017.09.13 21:35:48.466,0.79193,0.79257,1.25,1.19
2017.09.13 21:35:48.642,0.79196,0.79257,1.00,1.00
2017.09.13 21:35:50.454,0.79198,0.79256,1.00,1.00
2017.09.13 21:35:51.334,0.79196,0.79257,1.25,1.00
2017.09.13 21:35:51.384,0.79199,0.79257,1.00,1.00
2017.09.13 21:35:55.166,0.792,0.79257,1.00,1.00
2017.09.13 21:35:55.689,0.79197,0.79259,1.19,1.25
2017.09.13 21:35:55.790,0.792,0.79257,1.00,1.00
2017.09.13 21:35:57.895,0.792,0.79256,1.00,1.00
2017.09.13 21:35:58.215,0.79195,0.79251,1.00,1.00
2017.09.13 21:35:59.292,0.79194,0.79251,1.00,1.00
2017.09.13 21:36:02.099,0.79192,0.79252,1.00,1.00
2017.09.13 21:36:02.200,0.7919,0.79252,1.25,1.00
2017.09.13 21:36:03.167,0.79194,0.79251,1.00,1.00
2017.09.13 21:36:22.163,0.79194,0.79257,1.00,1.00
2017.09.13 21:36:54.097,0.79194,0.79251,1.00,1.00
2017.09.13 21:36:59.411,0.79195,0.79251,1.00,1.00
2017.09.13 21:37:23.692,0.79195,0.79253,1.00,1.25
2017.09.13 21:37:23.742,0.79199,0.79254,1.25,1.00
2017.09.13 21:37:23.894,0.79199,0.7926,1.25,1.25
2017.09.13 21:37:23.995,0.79195,0.79261,1.00,1.00
2017.09.13 21:37:24.045,0.79209,0.79263,1.00,1.00
2017.09.13 21:37:24.096,0.79196,0.79264,1.19,1.00
2017.09.13 21:37:24.445,0.79194,0.79262,1.00,1.00
2017.09.13 21:37:24.958,0.79191,0.79263,1.19,1.00
2017.09.13 21:37:25.009,0.79197,0.79262,1.00,1.00
2017.09.13 21:37:28.168,0.79196,0.79269,1.00,1.25
2017.09.13 21:37:28.218,0.79196,0.79263,1.00,1.00
2017.09.13 21:38:00.574,0.79202,0.79267,1.00,1.19
2017.09.13 21:38:00.625,0.79196,0.79261,1.00,1.00
2017.09.13 21:38:26.412,0.79195,0.79261,1.00,1.00
2017.09.13 21:39:11.502,0.79196,0.79261,1.00,1.00
2017.09.13 21:39:14.682,0.79194,0.79262,1.25,1.00
2017.09.13 21:39:26.532,0.79195,0.79262,1.00,1.00
2017.09.13 21:40:18.124,0.79194,0.79261,1.19,1.00
2017.09.13 21:40:18.175,0.79192,0.79261,1.00,1.00
2017.09.13 21:40:18.226,0.79196,0.79261,1.00,1.00
2017.09.13 21:40:21.030,0.79195,0.7926,1.00,1.00
2017.09.13 21:40:21.398,0.79194,0.79258,1.00,1.00
2017.09.13 21:40:22.010,0.79193,0.79256,1.25,1.00
2017.09.13 21:40:26.659,0.79192,0.79256,1.25,1.00
2017.09.13 21:40:29.838,0.79193,0.79256,1.00,1.00
2017.09.13 21:40:56.719,0.79194,0.79256,1.00,1.00
2017.09.13 21:41:13.460,0.79193,0.79257,1.00,1.00
2017.09.13 21:41:26.756,0.79194,0.79256,1.00,1.00
2017.09.13 21:42:13.395,0.79193,0.79257,1.00,1.00
2017.09.13 21:42:17.769,0.79193,0.79255,1.00,1.00
2017.09.13 21:42:26.899,0.79194,0.79256,1.00,1.00
2017.09.13 21:42:33.444,0.7919,0.7925,1.00,1.00
2017.09.13 21:42:34.852,0.79189,0.79249,1.00,1.00
2017.09.13 21:42:36.457,0.79192,0.79248,1.00,1.00
2017.09.13 21:42:36.851,0.79189,0.79248,1.00,1.00
2017.09.13 21:42:54.314,0.79187,0.79248,1.25,1.00
2017.09.13 21:42:55.338,0.79189,0.79248,1.00,1.00
2017.09.13 21:43:04.180,0.79187,0.79248,1.25,1.00
2017.09.13 21:43:04.860,0.79189,0.79248,1.00,1.00
2017.09.13 21:43:13.948,0.7919,0.79249,1.00,1.00
2017.09.13 21:43:15.159,0.7919,0.79251,1.00,1.25
2017.09.13 21:43:19.477,0.79195,0.7925,1.00,1.00
2017.09.13 21:43:23.966,0.79191,0.7925,1.19,1.00
2017.09.13 21:43:24.017,0.79191,0.7925,1.00,1.00
2017.09.13 21:43:25.197,0.79194,0.79251,1.00,1.00
2017.09.13 21:43:32.969,0.79191,0.7925,1.19,1.00
2017.09.13 21:43:33.019,0.79191,0.7925,1.00,1.00
2017.09.13 21:43:42.049,0.7919,0.7925,1.00,1.00
2017.09.13 21:43:45.229,0.7919,0.79251,1.00,1.00
2017.09.13 21:43:49.031,0.79194,0.7925,1.00,1.00
2017.09.13 21:43:49.969,0.79195,0.79251,1.00,1.00
2017.09.13 21:43:50.951,0.79194,0.79251,1.00,1.00
2017.09.13 21:43:53.398,0.79194,0.79254,1.00,1.00
2017.09.13 21:43:54.079,0.79195,0.79255,1.00,1.00
2017.09.13 21:43:55.348,0.79193,0.79255,1.25,1.25
2017.09.13 21:43:57.115,0.79193,0.79254,1.25,1.00
2017.09.13 21:44:04.102,0.79197,0.79253,1.00,1.00
2017.09.13 21:44:04.463,0.792,0.79254,1.00,1.00
2017.09.13 21:44:05.054,0.79199,0.79253,1.00,1.00
2017.09.13 21:44:10.766,0.79198,0.79252,1.00,1.00
2017.09.13 21:44:11.431,0.79197,0.79252,1.00,1.00
2017.09.13 21:44:15.577,0.79197,0.79251,1.00,1.00
2017.09.13 21:44:15.879,0.79194,0.79248,1.00,1.00
2017.09.13 21:44:57.983,0.79192,0.79246,1.25,1.00
2017.09.13 21:44:58.034,0.7919,0.79246,1.00,1.00
2017.09.13 21:45:00.134,0.79189,0.79243,1.25,1.00
2017.09.13 21:45:03.094,0.79188,0.79244,1.25,1.00
2017.09.13 21:45:12.219,0.79189,0.79244,1.00,1.00
2017.09.13 21:45:29.028,0.79188,0.79244,1.00,1.00
2017.09.13 21:45:36.095,0.79189,0.79244,1.00,1.00
2017.09.13 21:45:53.408,0.79188,0.79244,1.00,1.00
2017.09.13 21:45:53.941,0.79189,0.79244,1.00,1.00
2017.09.13 21:46:15.518,0.79189,0.79243,1.00,1.00
2017.09.13 21:46:39.992,0.79188,0.79243,1.00,1.00
2017.09.13 21:46:40.093,0.79186,0.79247,1.37,1.00
2017.09.13 21:46:40.290,0.79186,0.79243,1.37,1.25
2017.09.13 21:46:40.341,0.79186,0.79245,1.87,1.00
2017.09.13 21:46:40.581,0.79186,0.79242,1.37,1.00
2017.09.13 21:46:40.631,0.79186,0.79246,1.87,1.00
2017.09.13 21:46:40.682,0.79186,0.79242,1.87,1.00
2017.09.13 21:46:41.070,0.79186,0.79246,1.37,1.25
2017.09.13 21:46:45.953,0.79186,0.79246,1.37,1.25
2017.09.13 21:46:52.688,0.79194,0.79245,1.00,1.00
2017.09.13 21:46:52.739,0.79197,0.79255,1.00,1.25
2017.09.13 21:46:57.094,0.79198,0.79251,1.00,1.00
2017.09.13 21:47:11.185,0.79198,0.79254,1.00,1.00
2017.09.13 21:47:15.639,0.79197,0.79255,1.00,1.00
2017.09.13 21:47:15.883,0.79201,0.79255,1.00,1.00
2017.09.13 21:47:15.934,0.79198,0.79256,1.00,1.25
2017.09.13 21:47:15.985,0.79193,0.79251,1.31,1.00
2017.09.13 21:47:18.094,0.79186,0.79246,1.19,1.00
2017.09.13 21:47:18.145,0.79186,0.79246,1.00,1.00
2017.09.13 21:47:22.072,0.79183,0.79243,1.37,1.00
2017.09.13 21:47:22.290,0.79187,0.79246,1.12,1.00
2017.09.13 21:47:22.515,0.79186,0.79243,1.62,1.00
2017.09.13 21:47:27.093,0.79186,0.79247,1.62,1.19
2017.09.13 21:47:42.519,0.79186,0.79243,1.37,1.00
2017.09.13 21:48:05.980,0.79186,0.79243,1.87,1.00
2017.09.13 21:48:10.141,0.79193,0.79241,1.00,1.00
2017.09.13 21:48:12.579,0.79194,0.79241,1.00,1.00
2017.09.13 21:48:16.091,0.79193,0.79245,1.00,1.00
2017.09.13 21:48:16.515,0.79193,0.79242,1.00,1.00
2017.09.13 21:48:23.503,0.79194,0.79241,1.00,1.00
2017.09.13 21:48:41.680,0.79193,0.79243,1.00,1.25
2017.09.13 21:48:45.819,0.79193,0.79242,1.00,1.00
2017.09.13 21:48:52.954,0.79194,0.79241,1.00,1.00
2017.09.13 21:48:58.090,0.79191,0.79244,1.00,1.00
2017.09.13 21:48:58.191,0.79192,0.79241,1.25,1.25
2017.09.13 21:48:58.694,0.7919,0.79241,1.19,1.25
2017.09.13 21:48:58.935,0.79193,0.79244,1.00,1.00
2017.09.13 21:48:59.011,0.79191,0.79244,1.25,1.00
2017.09.13 21:49:01.042,0.79193,0.79244,1.00,1.00
2017.09.13 21:49:01.093,0.7919,0.79244,1.00,1.00
2017.09.13 21:49:01.143,0.79193,0.7924,1.00,1.00
2017.09.13 21:49:01.592,0.7919,0.79241,1.19,1.00
2017.09.13 21:49:02.951,0.79193,0.7924,1.00,1.00
2017.09.13 21:49:04.096,0.7919,0.79241,1.19,1.00
2017.09.13 21:49:04.963,0.79193,0.7924,1.00,1.00
2017.09.13 21:49:05.129,0.7919,0.7924,1.00,1.00
2017.09.13 21:49:06.096,0.79193,0.7924,1.00,1.00
2017.09.13 21:49:06.888,0.7919,0.7924,1.19,1.00
2017.09.13 21:49:06.988,0.79193,0.7924,1.00,1.00
2017.09.13 21:49:08.094,0.7919,0.7924,1.19,1.00
2017.09.13 21:49:08.195,0.79193,0.7924,1.00,1.00
2017.09.13 21:49:08.952,0.79191,0.7924,1.25,1.00
2017.09.13 21:49:10.095,0.79192,0.79241,1.00,1.00
2017.09.13 21:49:10.959,0.79189,0.79241,1.19,1.00
2017.09.13 21:49:11.010,0.79189,0.79241,1.25,1.00
2017.09.13 21:49:11.095,0.79193,0.7924,1.00,1.00
2017.09.13 21:49:12.096,0.7919,0.7924,1.19,1.00
2017.09.13 21:49:12.666,0.7919,0.7924,1.00,1.00
2017.09.13 21:49:12.886,0.79193,0.7924,1.00,1.00
2017.09.13 21:49:12.987,0.7919,0.7924,1.00,1.00
2017.09.13 21:49:13.981,0.79192,0.79241,1.00,1.00
2017.09.13 21:49:14.094,0.79189,0.79241,1.19,1.00
2017.09.13 21:49:14.415,0.79193,0.7924,1.00,1.00
2017.09.13 21:49:14.894,0.7919,0.7924,1.19,1.00
2017.09.13 21:49:14.995,0.79193,0.7924,1.00,1.00
2017.09.13 21:49:17.055,0.79189,0.79241,1.19,1.00
2017.09.13 21:49:17.106,0.79193,0.7924,1.00,1.00
2017.09.13 21:49:18.475,0.7919,0.7924,1.00,1.00
2017.09.13 21:49:18.525,0.79192,0.79241,1.00,1.00
2017.09.13 21:49:18.778,0.79189,0.79241,1.00,1.00
2017.09.13 21:49:18.829,0.79193,0.79241,1.00,1.00
2017.09.13 21:49:18.930,0.79189,0.79242,1.25,1.25
2017.09.13 21:49:19.119,0.79193,0.79241,1.00,1.00
2017.09.13 21:49:19.486,0.79191,0.79241,1.00,1.00
2017.09.13 21:49:19.829,0.79193,0.7924,1.00,1.00
2017.09.13 21:49:19.930,0.79191,0.79241,1.00,1.00
2017.09.13 21:49:20.095,0.79193,0.7924,1.00,1.00
2017.09.13 21:49:21.962,0.79191,0.79241,1.25,1.00
2017.09.13 21:49:22.602,0.79193,0.7924,1.00,1.00
2017.09.13 21:49:23.095,0.79191,0.79244,1.19,1.19
2017.09.13 21:49:23.195,0.79193,0.79244,1.00,1.00
2017.09.13 21:49:23.891,0.79191,0.79244,1.19,1.00
2017.09.13 21:49:25.095,0.79193,0.79244,1.00,1.00
2017.09.13 21:49:25.897,0.7919,0.79245,1.25,1.00
2017.09.13 21:49:26.083,0.79193,0.7924,1.00,1.00
2017.09.13 21:49:26.697,0.79191,0.79244,1.19,1.19
2017.09.13 21:49:26.748,0.79191,0.79244,1.00,1.00
2017.09.13 21:49:26.798,0.79193,0.79244,1.00,1.00
2017.09.13 21:49:27.145,0.79191,0.79244,1.00,1.00
2017.09.13 21:49:27.278,0.79193,0.79244,1.00,1.00
2017.09.13 21:49:27.778,0.79191,0.79244,1.00,1.00
2017.09.13 21:49:28.226,0.79193,0.79244,1.00,1.00
2017.09.13 21:49:29.095,0.79191,0.79244,1.00,1.00
2017.09.13 21:49:29.957,0.79192,0.79245,1.00,1.25
2017.09.13 21:49:30.867,0.79191,0.79244,1.00,1.00
2017.09.13 21:49:31.989,0.79193,0.79244,1.00,1.00
2017.09.13 21:49:32.095,0.79191,0.79244,1.25,1.00
2017.09.13 21:49:33.095,0.79193,0.79244,1.00,1.00
2017.09.13 21:49:33.196,0.7919,0.79245,1.25,1.25
2017.09.13 21:49:33.257,0.79193,0.79241,1.00,1.00
2017.09.13 21:49:33.459,0.79191,0.79241,1.25,1.00
2017.09.13 21:49:33.510,0.79193,0.79241,1.00,1.00
2017.09.13 21:49:34.094,0.79185,0.79243,1.19,1.19
2017.09.13 21:49:34.603,0.79184,0.79242,1.00,1.00
2017.09.13 21:49:35.960,0.79186,0.79242,1.00,1.00
2017.09.13 21:49:36.010,0.79184,0.79242,1.00,1.00
2017.09.13 21:49:37.097,0.79185,0.79243,1.00,1.00
2017.09.13 21:49:37.198,0.79183,0.79243,1.25,1.00
2017.09.13 21:49:37.885,0.79186,0.79242,1.00,1.00
2017.09.13 21:49:37.992,0.79184,0.79242,1.00,1.00
2017.09.13 21:49:38.096,0.79186,0.79242,1.00,1.00
2017.09.13 21:49:39.095,0.79184,0.79242,1.19,1.00
2017.09.13 21:49:39.329,0.79183,0.79243,1.25,1.00
2017.09.13 21:49:39.759,0.79186,0.79242,1.00,1.00
2017.09.13 21:49:39.860,0.79184,0.79242,1.00,1.00
2017.09.13 21:49:39.922,0.79186,0.79242,1.00,1.00
2017.09.13 21:49:42.978,0.79183,0.79243,1.19,1.25
2017.09.13 21:49:43.029,0.79183,0.79243,1.25,1.00
2017.09.13 21:49:43.079,0.79186,0.79242,1.00,1.00
2017.09.13 21:49:57.789,0.79186,0.79243,1.00,1.00
2017.09.13 21:50:16.535,0.79188,0.79242,1.00,1.00
2017.09.13 21:50:18.513,0.79187,0.79242,1.00,1.00
2017.09.13 21:50:22.110,0.79186,0.79246,1.00,1.19
2017.09.13 21:50:22.160,0.79186,0.79246,1.00,1.00
2017.09.13 21:50:22.211,0.79186,0.79243,1.00,1.00
2017.09.13 21:50:22.334,0.79186,0.79246,1.00,1.00
2017.09.13 21:50:23.135,0.79185,0.79245,1.00,1.00
2017.09.13 21:50:25.266,0.79186,0.79247,1.00,1.00
2017.09.13 21:50:26.166,0.79187,0.79244,1.00,1.00
2017.09.13 21:50:26.333,0.79187,0.79247,1.00,1.00
2017.09.13 21:50:28.095,0.79187,0.79244,1.00,1.00
2017.09.13 21:50:28.224,0.79185,0.79248,1.25,1.19
2017.09.13 21:50:28.275,0.79185,0.79248,1.25,1.25
2017.09.13 21:50:30.094,0.79185,0.79245,1.25,1.00
2017.09.13 21:50:30.145,0.79186,0.79247,1.00,1.00
2017.09.13 21:50:37.345,0.79187,0.79247,1.00,1.00
2017.09.13 21:50:38.918,0.79187,0.79244,1.00,1.00
2017.09.13 21:50:42.879,0.79186,0.79245,1.00,1.00
2017.09.13 21:50:47.394,0.79187,0.79248,1.00,1.19
2017.09.13 21:50:47.448,0.79187,0.79248,1.00,1.00
2017.09.13 21:50:50.203,0.79184,0.79249,1.25,1.00
2017.09.13 21:50:50.483,0.79186,0.79249,1.00,1.00
2017.09.13 21:50:50.584,0.79183,0.7925,1.25,1.25
2017.09.13 21:50:50.724,0.79186,0.79248,1.00,1.00
2017.09.13 21:50:52.024,0.79184,0.79249,1.19,1.00
2017.09.13 21:50:57.492,0.79183,0.79249,1.25,1.00
2017.09.13 21:50:57.543,0.79185,0.79249,1.25,1.25
2017.09.13 21:51:02.096,0.79184,0.79248,1.19,1.00
2017.09.13 21:51:03.095,0.79186,0.79248,1.00,1.00
2017.09.13 21:51:03.958,0.79184,0.79248,1.19,1.00
2017.09.13 21:51:04.877,0.79184,0.79248,1.00,1.00
2017.09.13 21:51:05.211,0.79186,0.79243,1.00,1.00
2017.09.13 21:51:05.745,0.79184,0.79243,1.25,1.00
2017.09.13 21:51:06.052,0.79186,0.79243,1.00,1.00
2017.09.13 21:51:15.621,0.79183,0.79244,1.00,1.00
2017.09.13 21:51:16.095,0.79185,0.79244,1.00,1.00
2017.09.13 21:51:27.969,0.79184,0.79244,1.00,1.00
2017.09.13 21:51:35.013,0.79183,0.79244,1.00,1.00
2017.09.13 21:51:38.643,0.79184,0.79242,1.25,1.00
2017.09.13 21:51:40.020,0.79181,0.79235,1.00,1.00
2017.09.13 21:51:58.029,0.79182,0.79236,1.00,1.00
2017.09.13 21:52:02.117,0.79183,0.79239,1.00,1.19
2017.09.13 21:52:02.168,0.79181,0.79236,1.00,1.00
2017.09.13 21:52:03.888,0.79183,0.79238,1.25,1.00
2017.09.13 21:52:07.976,0.79183,0.79239,1.25,1.00
2017.09.13 21:52:13.059,0.79183,0.79238,1.00,1.00
2017.09.13 21:52:22.608,0.79183,0.79239,1.00,1.00
2017.09.13 21:52:22.718,0.79181,0.79239,1.25,1.00
2017.09.13 21:52:22.869,0.79179,0.79238,1.25,1.00
2017.09.13 21:52:26.327,0.79175,0.79238,1.00,1.00
2017.09.13 21:52:27.003,0.79171,0.79238,1.31,1.25
2017.09.13 21:52:27.053,0.79175,0.79237,1.00,1.00
2017.09.13 21:52:31.442,0.79172,0.79237,1.19,1.00
2017.09.13 21:52:31.585,0.79175,0.79237,1.00,1.00
2017.09.13 21:52:32.736,0.79172,0.79237,1.19,1.00
2017.09.13 21:52:33.156,0.79175,0.79237,1.00,1.00
2017.09.13 21:52:34.117,0.79171,0.79237,1.31,1.00
2017.09.13 21:52:34.168,0.79171,0.79237,1.12,1.00
2017.09.13 21:52:37.985,0.79174,0.79237,1.00,1.00
2017.09.13 21:52:39.959,0.79171,0.79237,1.31,1.00
2017.09.13 21:52:41.099,0.79173,0.79238,1.00,1.25
2017.09.13 21:52:41.429,0.79171,0.79237,1.12,1.00
2017.09.13 21:52:44.102,0.79174,0.79237,1.00,1.00
2017.09.13 21:52:46.779,0.79173,0.79237,1.00,1.00
2017.09.13 21:52:49.125,0.79174,0.79237,1.00,1.00
2017.09.13 21:53:01.330,0.79174,0.79236,1.00,1.00
2017.09.13 21:53:05.203,0.79175,0.79237,1.00,1.00
2017.09.13 21:53:05.902,0.79175,0.79236,1.00,1.00
2017.09.13 21:53:06.282,0.79173,0.79236,1.00,1.00
2017.09.13 21:53:07.265,0.79174,0.79236,1.00,1.00
2017.09.13 21:53:08.277,0.79175,0.79237,1.00,1.00
2017.09.13 21:53:08.328,0.79173,0.79237,1.00,1.00
2017.09.13 21:53:10.390,0.79174,0.79236,1.00,1.00
2017.09.13 21:53:11.380,0.79173,0.79237,1.25,1.00
2017.09.13 21:53:11.991,0.7918,0.79236,1.00,1.00
2017.09.13 21:53:13.020,0.79182,0.79236,1.00,1.00
2017.09.13 21:53:14.153,0.7918,0.79237,1.00,1.00
2017.09.13 21:53:14.686,0.79179,0.79236,1.00,1.00
2017.09.13 21:53:16.111,0.79181,0.79237,1.00,1.00
2017.09.13 21:53:17.971,0.79181,0.79236,1.00,1.00
2017.09.13 21:53:19.274,0.79182,0.79236,1.00,1.00
2017.09.13 21:53:21.175,0.7918,0.79236,1.25,1.00
2017.09.13 21:53:22.751,0.79181,0.79236,1.00,1.00
2017.09.13 21:53:25.166,0.7918,0.79236,1.00,1.00
2017.09.13 21:53:36.712,0.7918,0.79235,1.25,1.00
2017.09.13 21:53:37.739,0.79181,0.79235,1.00,1.00
2017.09.13 21:53:39.009,0.7918,0.79236,1.00,1.00
2017.09.13 21:53:40.143,0.79181,0.79236,1.00,1.00
2017.09.13 21:53:41.780,0.79179,0.79237,1.19,1.25
2017.09.13 21:53:42.491,0.79179,0.79237,1.00,1.00
2017.09.13 21:53:43.239,0.79179,0.79236,1.00,1.00
2017.09.13 21:53:46.557,0.79179,0.79239,1.00,1.19
2017.09.13 21:53:46.708,0.79179,0.7924,1.00,1.00
2017.09.13 21:53:46.759,0.79179,0.79236,1.00,1.00
2017.09.13 21:53:46.809,0.79179,0.79239,1.00,1.00
2017.09.13 21:53:46.861,0.79179,0.79236,1.00,1.00
2017.09.13 21:53:46.994,0.79179,0.79239,1.00,1.00
2017.09.13 21:53:47.156,0.79179,0.79236,1.00,1.00
2017.09.13 21:53:47.257,0.79179,0.79239,1.00,1.00
2017.09.13 21:53:47.307,0.79179,0.79236,1.00,1.00
2017.09.13 21:53:47.358,0.79178,0.7924,1.00,1.19
2017.09.13 21:53:47.408,0.79179,0.79236,1.00,1.00
2017.09.13 21:53:56.137,0.79178,0.79241,1.25,1.25
2017.09.13 21:53:56.188,0.79179,0.79236,1.00,1.00
2017.09.13 21:53:56.238,0.79179,0.79239,1.00,1.00
2017.09.13 21:53:56.289,0.79179,0.79236,1.00,1.00
2017.09.13 21:53:56.340,0.79179,0.79239,1.00,1.00
2017.09.13 21:53:56.391,0.79179,0.79236,1.00,1.00
2017.09.13 21:53:56.492,0.79178,0.7924,1.00,1.00
2017.09.13 21:53:56.543,0.79179,0.79236,1.00,1.00
2017.09.13 21:53:56.594,0.79179,0.79239,1.00,1.00
2017.09.13 21:53:56.680,0.79179,0.79239,1.00,1.19
2017.09.13 21:53:56.730,0.79179,0.79239,1.00,1.00
2017.09.13 21:53:56.781,0.79179,0.79236,1.00,1.00
2017.09.13 21:53:57.103,0.79178,0.7924,1.00,1.00
2017.09.13 21:53:58.372,0.79178,0.79237,1.00,1.00
2017.09.13 21:53:58.473,0.79179,0.79239,1.00,1.00
2017.09.13 21:53:59.820,0.79179,0.79236,1.00,1.00
2017.09.13 21:53:59.921,0.79179,0.79239,1.00,1.00
2017.09.13 21:54:00.867,0.79181,0.79239,1.00,1.00
2017.09.13 21:54:01.214,0.79181,0.79236,1.25,1.00
2017.09.13 21:54:02.046,0.79183,0.79236,1.00,1.00
2017.09.13 21:54:07.109,0.79185,0.79237,1.00,1.00
2017.09.13 21:54:07.210,0.79183,0.79236,1.25,1.00
2017.09.13 21:54:09.375,0.79184,0.79237,1.00,1.00
2017.09.13 21:54:10.370,0.79185,0.79237,1.00,1.00
2017.09.13 21:54:11.400,0.79187,0.79237,1.00,1.00
2017.09.13 21:54:12.841,0.79187,0.7924,1.00,1.00
2017.09.13 21:54:12.943,0.79187,0.79237,1.00,1.00
2017.09.13 21:54:16.208,0.79188,0.7924,1.00,1.00
2017.09.13 21:54:16.328,0.79188,0.79237,1.00,1.00
2017.09.13 21:54:16.871,0.79187,0.79236,1.25,1.00
2017.09.13 21:54:16.922,0.79186,0.7924,1.25,1.25
2017.09.13 21:54:17.034,0.79187,0.79236,1.00,1.00
2017.09.13 21:54:25.893,0.79189,0.79234,1.00,1.00
2017.09.13 21:54:27.550,0.79186,0.79237,1.25,1.25
2017.09.13 21:54:28.332,0.7918,0.79236,1.00,1.00
2017.09.13 21:54:47.045,0.79181,0.79236,1.00,1.00
2017.09.13 21:54:53.843,0.7918,0.79236,1.00,1.00
2017.09.13 21:54:58.389,0.7918,0.79235,1.00,1.00
2017.09.13 21:55:35.091,0.7918,0.79237,1.00,1.25
2017.09.13 21:55:39.321,0.79179,0.79236,1.25,1.00
2017.09.13 21:55:39.372,0.79181,0.79236,1.00,1.00
2017.09.13 21:55:54.101,0.79188,0.79242,1.00,1.19
2017.09.13 21:55:54.152,0.79188,0.79242,1.00,1.00
2017.09.13 21:55:54.203,0.79188,0.79234,1.00,1.00
2017.09.13 21:56:13.541,0.79189,0.79234,1.00,1.00
2017.09.13 21:56:17.228,0.79189,0.79237,1.00,1.19
2017.09.13 21:56:18.974,0.79189,0.79235,1.00,1.00
2017.09.13 21:56:19.075,0.79189,0.79238,1.00,1.00
2017.09.13 21:56:19.126,0.79181,0.79239,1.00,1.00
2017.09.13 21:56:20.037,0.79181,0.79236,1.00,1.00
2017.09.13 21:56:45.098,0.79181,0.79239,1.00,1.19
2017.09.13 21:56:45.200,0.7918,0.7924,1.25,1.00
2017.09.13 21:56:45.282,0.7918,0.79237,1.25,1.00
2017.09.13 21:56:45.717,0.7918,0.7924,1.00,1.00
2017.09.13 21:56:45.793,0.7918,0.79237,1.00,1.00
2017.09.13 21:56:46.004,0.79181,0.79239,1.00,1.00
2017.09.13 21:56:46.066,0.79181,0.79236,1.00,1.00
2017.09.13 21:56:46.232,0.79181,0.79239,1.00,1.00
2017.09.13 21:56:47.097,0.79181,0.79236,1.00,1.00
2017.09.13 21:56:47.147,0.79181,0.79239,1.00,1.00
2017.09.13 21:56:48.043,0.79179,0.79239,1.25,1.00
2017.09.13 21:56:48.209,0.79175,0.79239,1.25,1.19
2017.09.13 21:56:53.966,0.79175,0.79239,1.00,1.00
2017.09.13 21:57:13.480,0.79177,0.7924,1.25,1.00
2017.09.13 21:57:14.444,0.79179,0.7924,1.00,1.00
2017.09.13 21:57:58.425,0.79179,0.79241,1.00,1.00
2017.09.13 21:57:59.334,0.79177,0.79242,1.25,1.00
2017.09.13 21:57:59.434,0.7918,0.79241,1.00,1.00
2017.09.13 21:58:12.573,0.7918,0.79239,1.00,1.00
2017.09.13 21:59:02.124,0.7918,0.79238,0.75,0.75
2017.09.13 21:59:26.557,0.7918,0.79238,0.75,0.75
2017.09.13 21:59:43.961,0.7918,0.79239,0.75,0.75
