2017.09.12 06:00:00.330,0.78933,0.78946,1.00,1.37
2017.09.12 06:00:00.773,0.78939,0.7895,1.00,1.37
2017.09.12 06:00:00.824,0.78939,0.78951,1.00,1.37
2017.09.12 06:00:01.396,0.7894,0.78951,1.00,1.37
2017.09.12 06:00:01.548,0.78937,0.7895,1.00,1.37
2017.09.12 06:00:02.124,0.78937,0.78952,1.00,1.37
2017.09.12 06:00:02.225,0.78937,0.78952,1.00,1.37
2017.09.12 06:00:02.970,0.78939,0.78954,1.00,1.37
2017.09.12 06:00:03.021,0.78939,0.78954,1.00,1.37
2017.09.12 06:00:03.546,0.78936,0.78954,1.56,1.37
2017.09.12 06:00:03.597,0.78936,0.7895,1.37,1.00
2017.09.12 06:00:03.800,0.78938,0.78954,1.25,1.87
2017.09.12 06:00:03.851,0.78938,0.78954,1.25,1.37
2017.09.12 06:00:03.952,0.78938,0.78955,1.25,1.37
2017.09.12 06:00:04.154,0.78934,0.78952,1.37,1.87
2017.09.12 06:00:04.534,0.78934,0.78949,1.25,1.37
2017.09.12 06:00:05.249,0.78935,0.78949,1.00,1.37
2017.09.12 06:00:05.829,0.78934,0.78949,1.00,1.37
2017.09.12 06:00:07.278,0.78935,0.7895,1.00,1.37
2017.09.12 06:00:07.472,0.78932,0.78946,1.12,1.00
2017.09.12 06:00:07.523,0.78932,0.78946,1.00,1.37
2017.09.12 06:00:08.030,0.78931,0.78945,1.00,1.37
2017.09.12 06:00:08.259,0.78933,0.78947,1.00,1.37
2017.09.12 06:00:08.846,0.78934,0.78948,1.00,1.37
2017.09.12 06:00:11.234,0.78933,0.78947,1.00,1.37
2017.09.12 06:00:11.958,0.78933,0.78947,1.00,1.37
2017.09.12 06:00:13.159,0.78933,0.78948,1.00,1.37
2017.09.12 06:00:14.744,0.78933,0.78947,1.00,1.37
2017.09.12 06:00:15.826,0.78934,0.78948,1.00,1.37
2017.09.12 06:00:16.368,0.78934,0.78948,1.00,1.37
2017.09.12 06:00:16.748,0.78937,0.78948,1.00,1.00
2017.09.12 06:00:16.954,0.78937,0.78951,1.00,1.37
2017.09.12 06:00:17.055,0.78937,0.78949,1.00,1.37
2017.09.12 06:00:17.156,0.78934,0.78948,1.25,1.12
2017.09.12 06:00:17.257,0.78935,0.78948,1.00,1.37
2017.09.12 06:00:17.798,0.78934,0.78948,1.00,1.37
2017.09.12 06:00:18.779,0.78933,0.78948,1.25,1.37
2017.09.12 06:00:19.338,0.78934,0.78948,1.00,1.37
2017.09.12 06:00:21.533,0.78932,0.78948,1.25,1.37
2017.09.12 06:00:22.649,0.78933,0.78948,1.00,1.37
2017.09.12 06:00:22.750,0.78935,0.78949,1.00,1.37
2017.09.12 06:00:22.902,0.78936,0.7895,1.00,1.37
2017.09.12 06:00:23.104,0.78934,0.78948,1.00,1.12
2017.09.12 06:00:23.366,0.78932,0.78946,1.19,1.37
2017.09.12 06:00:23.880,0.78934,0.78946,1.00,1.37
2017.09.12 06:00:24.252,0.78932,0.78947,1.00,1.37
2017.09.12 06:00:24.815,0.78934,0.78948,1.00,1.37
2017.09.12 06:00:25.440,0.78933,0.78949,1.00,1.87
2017.09.12 06:00:25.693,0.78933,0.78951,1.00,1.87
2017.09.12 06:00:25.852,0.78935,0.7895,1.00,1.37
2017.09.12 06:00:25.988,0.78935,0.78952,1.00,1.87
2017.09.12 06:00:27.432,0.78936,0.78952,1.00,1.87
2017.09.12 06:00:30.918,0.78935,0.78951,1.00,1.37
2017.09.12 06:00:31.714,0.78936,0.7895,1.00,1.37
2017.09.12 06:00:33.243,0.78937,0.7895,1.00,1.37
2017.09.12 06:00:33.294,0.78934,0.78952,1.31,1.37
2017.09.12 06:00:33.345,0.78936,0.78952,1.00,1.87
2017.09.12 06:00:33.446,0.78933,0.78949,1.62,1.12
2017.09.12 06:00:33.497,0.78932,0.78946,1.37,1.00
2017.09.12 06:00:33.547,0.78931,0.78948,1.37,1.00
2017.09.12 06:00:33.598,0.78933,0.78948,1.00,1.37
2017.09.12 06:00:33.699,0.7893,0.78949,1.37,1.37
2017.09.12 06:00:34.631,0.7893,0.78948,1.37,1.37
2017.09.12 06:00:35.042,0.78934,0.7895,1.00,1.37
2017.09.12 06:00:35.400,0.78935,0.7895,1.00,1.37
2017.09.12 06:00:38.878,0.78934,0.78948,1.00,1.37
2017.09.12 06:00:39.181,0.78932,0.78948,1.00,1.37
2017.09.12 06:00:40.213,0.78931,0.78947,1.00,1.37
2017.09.12 06:00:44.831,0.78933,0.78947,1.00,1.37
2017.09.12 06:00:44.882,0.78931,0.78947,1.00,1.37
2017.09.12 06:00:46.027,0.78931,0.78949,1.37,1.87
2017.09.12 06:00:47.480,0.78931,0.78948,1.37,1.12
2017.09.12 06:00:47.582,0.78931,0.78948,1.12,1.37
2017.09.12 06:00:49.098,0.78932,0.78948,1.00,1.37
2017.09.12 06:00:51.506,0.78933,0.78948,1.00,1.37
2017.09.12 06:00:51.658,0.78934,0.7895,1.00,1.37
2017.09.12 06:00:52.328,0.78935,0.7895,1.00,1.37
2017.09.12 06:00:52.463,0.78934,0.7895,1.37,1.12
2017.09.12 06:00:52.677,0.78932,0.78951,2.06,2.06
2017.09.12 06:00:52.884,0.78935,0.78949,1.00,1.12
2017.09.12 06:00:53.410,0.78935,0.78952,1.12,1.37
2017.09.12 06:00:54.170,0.78936,0.78953,1.00,1.37
2017.09.12 06:00:55.086,0.78932,0.78949,1.37,1.00
2017.09.12 06:00:55.163,0.78932,0.78949,1.12,1.37
2017.09.12 06:00:55.264,0.78933,0.78949,1.00,1.37
2017.09.12 06:00:55.567,0.78934,0.78949,1.00,1.37
2017.09.12 06:00:55.806,0.78932,0.78949,1.12,1.37
2017.09.12 06:00:56.123,0.78937,0.78953,1.00,1.37
2017.09.12 06:00:56.174,0.78937,0.78953,1.00,1.37
2017.09.12 06:00:56.477,0.78937,0.78956,2.06,1.37
2017.09.12 06:00:56.527,0.78939,0.78956,1.00,1.87
2017.09.12 06:00:56.812,0.78941,0.78959,1.12,1.87
2017.09.12 06:00:57.217,0.78938,0.78953,1.56,1.00
2017.09.12 06:00:57.489,0.78937,0.78952,1.00,1.37
2017.09.12 06:00:58.156,0.78938,0.78952,1.00,1.37
2017.09.12 06:00:58.608,0.7894,0.78952,1.00,1.37
2017.09.12 06:00:58.810,0.78941,0.78959,1.00,1.87
2017.09.12 06:00:58.861,0.78943,0.78959,1.00,1.87
2017.09.12 06:00:58.912,0.78944,0.78958,1.00,1.37
2017.09.12 06:00:59.366,0.78949,0.78961,1.00,1.37
2017.09.12 06:00:59.417,0.78947,0.78964,1.00,4.50
2017.09.12 06:00:59.536,0.78947,0.78964,1.00,1.37
2017.09.12 06:00:59.687,0.78949,0.78965,1.00,1.37
2017.09.12 06:00:59.788,0.78947,0.78964,1.37,1.37
2017.09.12 06:01:00.338,0.78949,0.78964,1.00,1.37
2017.09.12 06:01:00.692,0.78947,0.78963,1.00,1.37
2017.09.12 06:01:00.793,0.78947,0.78963,1.00,1.12
2017.09.12 06:01:01.235,0.7895,0.78966,1.50,1.37
2017.09.12 06:01:01.286,0.7895,0.78966,1.87,1.12
2017.09.12 06:01:01.387,0.7895,0.78964,1.00,1.00
2017.09.12 06:01:01.643,0.7895,0.78967,1.37,1.50
2017.09.12 06:01:01.694,0.7895,0.78967,1.00,1.87
2017.09.12 06:01:02.019,0.78945,0.78961,1.62,1.00
2017.09.12 06:01:02.601,0.78947,0.78963,1.00,1.37
2017.09.12 06:01:02.904,0.78953,0.78969,1.00,1.37
2017.09.12 06:01:03.006,0.78952,0.78968,1.37,1.50
2017.09.12 06:01:03.107,0.78952,0.78968,1.00,1.87
2017.09.12 06:01:03.417,0.78951,0.78964,1.00,1.00
2017.09.12 06:01:03.721,0.78954,0.78967,1.00,1.12
2017.09.12 06:01:03.772,0.78951,0.78965,1.00,1.00
2017.09.12 06:01:04.321,0.78949,0.78964,1.12,1.87
2017.09.12 06:01:04.681,0.78951,0.78965,1.00,1.37
2017.09.12 06:01:05.214,0.78948,0.78963,1.87,1.00
2017.09.12 06:01:05.416,0.78948,0.78961,1.62,1.00
2017.09.12 06:01:05.517,0.78945,0.78959,1.37,1.00
2017.09.12 06:01:05.568,0.78943,0.78961,1.37,1.12
2017.09.12 06:01:05.677,0.78943,0.78961,1.12,1.37
2017.09.12 06:01:05.980,0.78945,0.78962,1.37,1.37
2017.09.12 06:01:06.407,0.78946,0.78962,1.00,1.37
2017.09.12 06:01:06.508,0.78946,0.78962,1.12,1.87
2017.09.12 06:01:07.014,0.78947,0.78962,1.00,1.37
2017.09.12 06:01:07.361,0.78951,0.78965,1.00,1.87
2017.09.12 06:01:07.512,0.78952,0.78965,1.00,1.37
2017.09.12 06:01:07.614,0.7895,0.78965,1.12,1.12
2017.09.12 06:01:07.715,0.7895,0.78967,1.56,1.12
2017.09.12 06:01:08.025,0.78946,0.78964,1.56,1.00
2017.09.12 06:01:08.542,0.7895,0.78969,1.12,1.37
2017.09.12 06:01:08.892,0.7895,0.78965,1.00,1.37
2017.09.12 06:01:09.144,0.78949,0.78968,1.12,1.87
2017.09.12 06:01:09.303,0.78949,0.78965,1.12,1.37
2017.09.12 06:01:09.617,0.78951,0.78967,1.00,1.37
2017.09.12 06:01:09.819,0.78954,0.78967,1.00,1.50
2017.09.12 06:01:09.869,0.78956,0.78967,1.00,1.50
2017.09.12 06:01:09.971,0.78956,0.78975,1.00,1.37
2017.09.12 06:01:10.139,0.78956,0.78974,1.87,1.37
2017.09.12 06:01:10.881,0.78956,0.78972,1.37,1.00
2017.09.12 06:01:10.932,0.78956,0.78975,1.12,1.87
2017.09.12 06:01:11.034,0.78954,0.78973,2.06,1.37
2017.09.12 06:01:12.873,0.78949,0.78967,1.87,1.00
2017.09.12 06:01:12.923,0.78949,0.78967,1.37,1.12
2017.09.12 06:01:13.024,0.78949,0.78967,1.37,1.37
2017.09.12 06:01:13.337,0.78954,0.78971,1.00,1.37
2017.09.12 06:01:13.388,0.78954,0.78973,1.50,1.37
2017.09.12 06:01:13.439,0.78954,0.78973,1.50,1.00
2017.09.12 06:01:13.661,0.78954,0.78971,1.00,1.50
2017.09.12 06:01:13.962,0.78952,0.7897,1.50,1.00
2017.09.12 06:01:14.076,0.78955,0.78971,1.00,1.00
2017.09.12 06:01:14.177,0.78953,0.78972,1.25,1.00
2017.09.12 06:01:14.379,0.78955,0.78972,1.00,1.00
2017.09.12 06:01:14.530,0.78955,0.78974,1.00,2.25
2017.09.12 06:01:14.582,0.78955,0.7897,1.00,1.00
2017.09.12 06:01:15.098,0.78954,0.7897,1.00,1.00
2017.09.12 06:01:15.552,0.78955,0.78972,1.00,1.00
2017.09.12 06:01:15.716,0.78953,0.78972,1.69,1.00
2017.09.12 06:01:15.767,0.78953,0.78972,1.37,1.87
2017.09.12 06:01:16.068,0.78953,0.78972,1.37,1.37
2017.09.12 06:01:16.371,0.78951,0.7897,2.06,1.37
2017.09.12 06:01:19.448,0.78949,0.78968,1.87,1.37
2017.09.12 06:01:19.848,0.78947,0.78967,1.37,1.87
2017.09.12 06:01:20.760,0.78951,0.78966,1.00,1.37
2017.09.12 06:01:21.065,0.78951,0.78969,1.87,1.87
2017.09.12 06:01:21.166,0.78951,0.78969,1.87,1.87
2017.09.12 06:01:22.557,0.78952,0.78969,1.00,1.87
2017.09.12 06:01:23.062,0.78953,0.7897,1.37,1.12
2017.09.12 06:01:23.237,0.78952,0.78969,1.12,1.12
2017.09.12 06:01:24.716,0.78953,0.7897,1.00,1.37
2017.09.12 06:01:25.069,0.78952,0.78969,1.00,1.37
2017.09.12 06:01:25.373,0.78954,0.78971,1.00,1.37
2017.09.12 06:01:25.575,0.78953,0.78972,1.37,1.37
2017.09.12 06:01:25.626,0.78957,0.78975,1.00,2.62
2017.09.12 06:01:25.878,0.78959,0.78976,1.12,1.37
2017.09.12 06:01:26.490,0.78953,0.78973,1.37,1.37
2017.09.12 06:01:26.691,0.78953,0.78971,1.12,1.37
2017.09.12 06:01:27.188,0.78951,0.78971,1.37,1.37
2017.09.12 06:01:27.492,0.78954,0.78972,1.37,1.37
2017.09.12 06:01:27.593,0.78952,0.78972,1.00,1.37
2017.09.12 06:01:27.694,0.78952,0.78972,1.37,1.37
2017.09.12 06:01:28.070,0.78953,0.78968,1.25,1.37
2017.09.12 06:01:29.222,0.78951,0.78968,1.12,1.37
2017.09.12 06:01:30.161,0.78955,0.7897,1.00,1.37
2017.09.12 06:01:30.211,0.78953,0.78971,1.00,2.62
2017.09.12 06:01:30.262,0.78953,0.78969,1.12,1.37
2017.09.12 06:01:32.600,0.78949,0.78966,1.37,1.00
2017.09.12 06:01:32.701,0.78947,0.78966,1.87,1.87
2017.09.12 06:01:32.803,0.78947,0.78966,1.87,1.87
2017.09.12 06:01:33.331,0.78948,0.78967,1.12,1.37
2017.09.12 06:01:34.106,0.78947,0.78962,1.37,1.00
2017.09.12 06:01:34.618,0.78946,0.78964,1.37,1.37
2017.09.12 06:01:34.669,0.78946,0.78966,1.37,1.37
2017.09.12 06:01:35.253,0.7895,0.78966,1.00,1.37
2017.09.12 06:01:35.304,0.78947,0.78966,1.56,1.37
2017.09.12 06:01:35.506,0.78946,0.78962,1.56,1.37
2017.09.12 06:01:36.383,0.78946,0.78964,1.37,1.37
2017.09.12 06:01:36.916,0.78949,0.78963,1.00,1.37
2017.09.12 06:01:37.118,0.7895,0.78966,1.00,1.37
2017.09.12 06:01:37.320,0.78949,0.78966,1.62,1.12
2017.09.12 06:01:37.801,0.78951,0.78966,1.00,1.37
2017.09.12 06:01:37.953,0.78949,0.78966,2.06,1.37
2017.09.12 06:01:38.003,0.78947,0.78964,1.87,1.50
2017.09.12 06:01:38.115,0.78947,0.78963,1.37,1.37
2017.09.12 06:01:38.323,0.78945,0.78963,1.37,1.87
2017.09.12 06:01:38.525,0.78944,0.78961,1.62,1.37
2017.09.12 06:01:38.840,0.78948,0.78964,1.00,1.87
2017.09.12 06:01:38.891,0.78947,0.78964,1.12,1.87
2017.09.12 06:01:38.992,0.78947,0.78962,1.00,1.37
2017.09.12 06:01:39.970,0.78948,0.78964,1.00,1.87
2017.09.12 06:01:40.021,0.78948,0.78964,1.00,1.87
2017.09.12 06:01:40.323,0.78945,0.78962,1.00,1.87
2017.09.12 06:01:40.526,0.78946,0.7896,1.00,1.37
2017.09.12 06:01:40.754,0.78946,0.78963,1.12,1.87
2017.09.12 06:01:42.336,0.78947,0.78964,1.00,1.87
2017.09.12 06:01:42.865,0.78946,0.78963,1.12,1.37
2017.09.12 06:01:43.324,0.78946,0.78965,1.37,1.37
2017.09.12 06:01:45.004,0.78951,0.78968,1.00,2.25
2017.09.12 06:01:45.106,0.78951,0.78968,1.00,1.37
2017.09.12 06:01:45.473,0.78945,0.78964,1.37,1.12
2017.09.12 06:01:45.625,0.78945,0.78964,1.37,1.37
2017.09.12 06:01:47.073,0.78944,0.78961,1.37,1.00
2017.09.12 06:01:47.377,0.78945,0.78963,1.12,1.87
2017.09.12 06:01:47.427,0.78945,0.78963,1.87,1.87
2017.09.12 06:01:47.806,0.78945,0.78963,1.37,1.12
2017.09.12 06:01:48.226,0.78948,0.78964,1.00,1.37
2017.09.12 06:01:48.537,0.7895,0.78968,1.50,1.37
2017.09.12 06:01:48.647,0.7895,0.78968,1.87,1.25
2017.09.12 06:01:48.850,0.78952,0.78968,1.00,1.37
2017.09.12 06:01:49.377,0.7895,0.78969,1.37,1.87
2017.09.12 06:01:50.162,0.78948,0.78964,1.37,1.00
2017.09.12 06:01:50.313,0.78946,0.78964,1.87,1.37
2017.09.12 06:01:51.462,0.78949,0.78965,1.00,1.37
2017.09.12 06:01:51.513,0.7895,0.78966,1.00,1.87
2017.09.12 06:01:51.614,0.7895,0.78966,1.00,1.37
2017.09.12 06:01:51.811,0.78951,0.78967,1.12,1.37
2017.09.12 06:01:51.912,0.78952,0.78968,1.12,1.37
2017.09.12 06:01:52.815,0.78955,0.78969,1.00,1.37
2017.09.12 06:01:52.916,0.78956,0.78971,1.00,1.37
2017.09.12 06:01:53.096,0.78954,0.78971,1.12,1.37
2017.09.12 06:01:53.434,0.78954,0.78969,1.00,1.37
2017.09.12 06:01:55.358,0.78953,0.7897,1.00,1.87
2017.09.12 06:01:55.701,0.78962,0.78976,1.00,2.25
2017.09.12 06:01:55.752,0.78961,0.78976,1.00,1.00
2017.09.12 06:01:55.903,0.78959,0.78974,1.00,1.00
2017.09.12 06:01:56.426,0.78958,0.78974,1.00,1.00
2017.09.12 06:01:57.100,0.78958,0.78975,1.00,1.50
2017.09.12 06:01:57.843,0.78959,0.78975,1.00,1.50
2017.09.12 06:01:58.572,0.78958,0.78975,1.00,1.50
2017.09.12 06:02:00.236,0.7896,0.78976,1.00,1.50
2017.09.12 06:02:01.245,0.7896,0.78975,1.00,1.00
2017.09.12 06:02:01.754,0.78959,0.78975,1.00,1.00
2017.09.12 06:02:01.855,0.78959,0.78977,1.00,1.00
2017.09.12 06:02:01.906,0.78962,0.78978,1.00,1.12
2017.09.12 06:02:02.257,0.78964,0.78981,1.12,1.87
2017.09.12 06:02:02.594,0.78964,0.78981,1.00,1.37
2017.09.12 06:02:02.645,0.78964,0.78981,1.12,1.37
2017.09.12 06:02:02.696,0.78959,0.78976,1.87,1.50
2017.09.12 06:02:02.746,0.78957,0.78974,1.87,1.00
2017.09.12 06:02:02.848,0.78955,0.78974,2.06,1.37
2017.09.12 06:02:03.151,0.78955,0.78972,1.12,1.87
2017.09.12 06:02:03.702,0.78959,0.78977,1.00,3.75
2017.09.12 06:02:03.753,0.7896,0.78977,1.25,3.37
2017.09.12 06:02:03.854,0.7896,0.78977,1.31,1.37
2017.09.12 06:02:03.905,0.78962,0.78977,1.00,1.37
2017.09.12 06:02:04.647,0.78961,0.78977,1.00,1.87
2017.09.12 06:02:05.578,0.7896,0.78977,1.12,1.87
2017.09.12 06:02:05.881,0.78955,0.78973,1.12,1.37
2017.09.12 06:02:06.395,0.78956,0.78972,1.00,1.37
2017.09.12 06:02:07.118,0.78953,0.78972,2.06,1.37
2017.09.12 06:02:08.344,0.78953,0.78969,1.87,1.00
2017.09.12 06:02:08.445,0.78953,0.78969,1.00,1.12
2017.09.12 06:02:09.550,0.78953,0.7897,1.37,1.37
2017.09.12 06:02:10.199,0.78951,0.78968,1.62,1.50
2017.09.12 06:02:10.250,0.7895,0.78967,1.56,1.00
2017.09.12 06:02:10.351,0.7895,0.78968,1.56,1.87
2017.09.12 06:02:10.553,0.78951,0.78966,1.00,1.37
2017.09.12 06:02:11.084,0.78952,0.78966,1.00,1.12
2017.09.12 06:02:11.185,0.78952,0.78969,1.37,1.12
2017.09.12 06:02:11.286,0.78952,0.78969,1.12,1.87
2017.09.12 06:02:12.319,0.78953,0.78969,1.00,1.87
2017.09.12 06:02:12.471,0.78953,0.7897,1.37,1.37
2017.09.12 06:02:13.036,0.7895,0.78968,2.06,1.00
2017.09.12 06:02:13.087,0.78952,0.78968,1.12,1.37
2017.09.12 06:02:13.189,0.7895,0.78963,1.56,1.00
2017.09.12 06:02:13.340,0.78946,0.78964,1.37,1.12
2017.09.12 06:02:13.391,0.78947,0.78963,1.12,1.37
2017.09.12 06:02:13.523,0.78945,0.78964,1.87,1.62
2017.09.12 06:02:13.574,0.78945,0.78964,1.87,1.62
2017.09.12 06:02:14.036,0.78947,0.78963,1.00,1.37
2017.09.12 06:02:14.417,0.7895,0.78966,1.00,1.37
2017.09.12 06:02:14.569,0.7895,0.78968,1.12,1.87
2017.09.12 06:02:15.107,0.78949,0.78965,1.00,1.37
2017.09.12 06:02:15.677,0.78945,0.78963,1.12,1.37
2017.09.12 06:02:15.779,0.78946,0.78963,1.37,1.37
2017.09.12 06:02:15.981,0.78944,0.78964,2.62,1.00
2017.09.12 06:02:16.082,0.78945,0.78965,1.37,1.87
2017.09.12 06:02:16.710,0.78951,0.78964,1.00,1.37
2017.09.12 06:02:16.811,0.78953,0.78968,1.00,1.37
2017.09.12 06:02:17.348,0.78953,0.78971,1.00,1.87
2017.09.12 06:02:17.776,0.78947,0.78963,2.81,1.50
2017.09.12 06:02:17.877,0.78943,0.78962,2.06,1.87
2017.09.12 06:02:18.274,0.78942,0.78962,1.87,1.12
2017.09.12 06:02:18.588,0.78944,0.78962,1.00,1.37
2017.09.12 06:02:19.169,0.78945,0.78962,1.00,1.37
2017.09.12 06:02:20.036,0.78946,0.78963,1.00,1.87
2017.09.12 06:02:20.087,0.78946,0.78961,1.00,1.12
2017.09.12 06:02:20.471,0.7895,0.78966,1.00,2.62
2017.09.12 06:02:20.615,0.78953,0.78967,1.00,1.37
2017.09.12 06:02:20.817,0.78952,0.78972,1.37,1.37
2017.09.12 06:02:22.414,0.78957,0.78972,1.00,1.37
2017.09.12 06:02:22.539,0.78954,0.78971,1.12,1.37
2017.09.12 06:02:25.429,0.78953,0.78969,1.00,1.37
2017.09.12 06:02:27.759,0.78956,0.7897,1.00,1.37
2017.09.12 06:02:28.084,0.78959,0.78975,1.00,1.37
2017.09.12 06:02:29.771,0.78958,0.78976,1.12,1.87
2017.09.12 06:02:30.675,0.78959,0.78975,1.00,1.37
2017.09.12 06:02:32.536,0.7896,0.78975,1.00,1.37
2017.09.12 06:02:36.230,0.78959,0.78978,1.00,1.37
2017.09.12 06:02:36.281,0.78965,0.7898,1.00,2.25
2017.09.12 06:02:36.364,0.78965,0.78982,1.00,1.87
2017.09.12 06:02:37.137,0.78965,0.78983,1.00,1.00
2017.09.12 06:02:38.291,0.78967,0.78983,1.00,1.00
2017.09.12 06:02:38.342,0.78965,0.78983,1.00,1.00
2017.09.12 06:02:39.733,0.78967,0.78983,1.00,1.00
2017.09.12 06:02:40.242,0.78964,0.78981,1.19,1.00
2017.09.12 06:02:40.545,0.78966,0.78981,1.00,1.37
2017.09.12 06:02:41.102,0.78965,0.78979,1.00,1.37
2017.09.12 06:02:42.981,0.78966,0.7898,1.00,1.37
2017.09.12 06:02:44.317,0.78965,0.78979,1.00,1.37
2017.09.12 06:02:45.847,0.78964,0.78978,1.12,1.12
2017.09.12 06:02:46.157,0.78964,0.78978,1.25,1.37
2017.09.12 06:02:46.677,0.78963,0.7898,1.00,1.37
2017.09.12 06:02:46.728,0.78963,0.7898,1.12,1.37
2017.09.12 06:02:46.778,0.78965,0.7898,1.00,1.37
2017.09.12 06:02:46.879,0.78963,0.78979,1.31,1.37
2017.09.12 06:02:46.930,0.78963,0.78978,1.00,1.37
2017.09.12 06:02:48.077,0.78964,0.78978,1.00,1.37
2017.09.12 06:02:48.319,0.78965,0.78979,1.00,1.37
2017.09.12 06:02:48.864,0.78964,0.78979,1.00,1.37
2017.09.12 06:02:49.512,0.78963,0.78979,1.12,1.37
2017.09.12 06:02:49.764,0.78961,0.78978,1.31,1.37
2017.09.12 06:02:51.208,0.78963,0.78978,1.00,1.37
2017.09.12 06:02:54.197,0.78964,0.78978,1.00,1.37
2017.09.12 06:02:54.511,0.78967,0.78981,1.00,1.37
2017.09.12 06:02:54.562,0.78966,0.78981,1.00,1.37
2017.09.12 06:02:57.413,0.78965,0.78981,1.00,1.37
2017.09.12 06:02:57.660,0.78963,0.7898,1.19,1.37
2017.09.12 06:02:58.247,0.78963,0.78978,1.00,1.37
2017.09.12 06:02:58.817,0.78962,0.78979,1.12,1.37
2017.09.12 06:02:59.363,0.78962,0.78978,1.00,1.37
2017.09.12 06:02:59.666,0.78961,0.78975,1.00,1.37
2017.09.12 06:03:00.178,0.7896,0.78975,1.00,1.37
2017.09.12 06:03:00.515,0.78962,0.78977,1.00,1.37
2017.09.12 06:03:01.337,0.7896,0.78976,1.12,1.37
2017.09.12 06:03:02.843,0.78962,0.78977,1.00,1.37
2017.09.12 06:03:05.263,0.78961,0.78976,1.00,1.37
2017.09.12 06:03:05.771,0.7896,0.78977,1.12,1.37
2017.09.12 06:03:07.672,0.78957,0.78975,1.37,1.37
2017.09.12 06:03:09.869,0.78963,0.78978,1.50,1.87
2017.09.12 06:03:10.070,0.78966,0.78984,1.37,1.37
2017.09.12 06:03:10.171,0.78966,0.78984,1.50,1.37
2017.09.12 06:03:10.900,0.78966,0.78984,1.37,1.37
2017.09.12 06:03:13.244,0.78968,0.78985,1.00,1.62
2017.09.12 06:03:13.378,0.78968,0.78985,1.12,1.37
2017.09.12 06:03:15.984,0.78966,0.78983,1.12,1.87
2017.09.12 06:03:16.854,0.78967,0.78983,1.00,1.37
2017.09.12 06:03:17.885,0.78967,0.78983,1.00,1.87
2017.09.12 06:03:18.467,0.78966,0.78982,1.31,1.37
2017.09.12 06:03:18.828,0.78963,0.78979,1.00,1.37
2017.09.12 06:03:19.176,0.78965,0.78982,1.25,1.87
2017.09.12 06:03:19.327,0.78964,0.7898,1.12,1.50
2017.09.12 06:03:20.026,0.78965,0.7898,1.00,1.37
2017.09.12 06:03:23.623,0.78963,0.78979,1.12,1.37
2017.09.12 06:03:26.279,0.78964,0.7898,1.00,1.87
2017.09.12 06:03:26.739,0.78964,0.7898,1.37,1.12
2017.09.12 06:03:26.906,0.78963,0.78979,1.00,1.12
2017.09.12 06:03:27.198,0.7896,0.78975,1.37,1.00
2017.09.12 06:03:27.441,0.78957,0.78972,1.12,1.12
2017.09.12 06:03:27.542,0.78957,0.78972,1.00,1.37
2017.09.12 06:03:27.716,0.78959,0.78975,1.00,1.37
2017.09.12 06:03:28.279,0.78959,0.78976,1.12,1.87
2017.09.12 06:03:28.801,0.7896,0.78977,1.00,1.37
2017.09.12 06:03:29.308,0.78961,0.78977,1.12,1.37
2017.09.12 06:03:32.523,0.78962,0.78977,1.00,1.37
2017.09.12 06:03:33.026,0.78961,0.78977,1.12,1.87
2017.09.12 06:03:33.789,0.78955,0.78971,1.37,1.00
2017.09.12 06:03:33.839,0.78954,0.7897,1.37,1.12
2017.09.12 06:03:34.041,0.78957,0.78974,1.00,1.37
2017.09.12 06:03:34.233,0.78954,0.7897,1.37,1.12
2017.09.12 06:03:34.334,0.78954,0.7897,1.12,1.37
2017.09.12 06:03:43.062,0.78953,0.78969,1.12,1.87
2017.09.12 06:03:48.107,0.78956,0.78969,1.00,1.37
2017.09.12 06:03:48.410,0.78958,0.78972,2.25,1.00
2017.09.12 06:03:48.461,0.78955,0.78972,1.87,1.50
2017.09.12 06:03:48.562,0.78955,0.78971,1.12,1.37
2017.09.12 06:03:49.097,0.78951,0.78969,2.06,1.37
2017.09.12 06:03:49.762,0.78953,0.7897,1.37,1.37
2017.09.12 06:03:51.471,0.78955,0.78971,1.00,1.37
2017.09.12 06:03:51.572,0.78953,0.7897,1.37,1.00
2017.09.12 06:03:51.875,0.78933,0.7895,3.56,1.00
2017.09.12 06:03:51.976,0.78932,0.7895,1.87,1.00
2017.09.12 06:03:52.487,0.78933,0.78951,1.37,1.31
2017.09.12 06:03:53.226,0.78933,0.7895,1.37,1.00
2017.09.12 06:03:53.926,0.78933,0.78949,1.87,1.00
2017.09.12 06:03:55.187,0.78934,0.7895,1.87,1.00
2017.09.12 06:03:55.288,0.78934,0.7895,1.87,1.00
2017.09.12 06:03:56.396,0.78935,0.78951,1.87,1.00
2017.09.12 06:03:57.053,0.78934,0.7895,1.87,1.00
2017.09.12 06:03:58.377,0.78935,0.78951,1.87,1.00
2017.09.12 06:03:59.264,0.78935,0.78952,1.87,1.12
2017.09.12 06:03:59.781,0.78933,0.78951,1.87,1.00
2017.09.12 06:03:59.882,0.78935,0.78951,1.12,1.37
2017.09.12 06:04:03.478,0.78936,0.78952,1.00,1.37
2017.09.12 06:04:03.658,0.78936,0.78952,1.37,1.12
2017.09.12 06:04:05.478,0.78935,0.78951,1.37,1.00
2017.09.12 06:04:05.732,0.78934,0.7895,1.37,1.87
2017.09.12 06:04:08.687,0.78933,0.78949,1.37,1.00
2017.09.12 06:04:09.741,0.78933,0.78951,1.37,1.37
2017.09.12 06:04:11.766,0.78936,0.7895,1.00,1.12
2017.09.12 06:04:12.051,0.78936,0.78952,1.12,1.00
2017.09.12 06:04:12.152,0.78933,0.78949,1.37,1.00
2017.09.12 06:04:12.253,0.78933,0.78949,1.37,1.00
2017.09.12 06:04:12.739,0.78934,0.78951,1.87,1.31
2017.09.12 06:04:13.695,0.78934,0.7895,1.37,1.00
2017.09.12 06:04:13.847,0.78934,0.7895,1.12,1.37
2017.09.12 06:04:14.151,0.78935,0.78953,1.37,1.87
2017.09.12 06:04:14.562,0.78934,0.7895,1.12,1.12
2017.09.12 06:04:15.111,0.78935,0.78951,1.00,1.37
2017.09.12 06:04:15.728,0.78934,0.7895,1.12,1.12
2017.09.12 06:04:24.502,0.78934,0.78951,1.37,1.87
2017.09.12 06:04:24.859,0.78935,0.78951,1.00,1.87
2017.09.12 06:04:25.370,0.78934,0.78951,1.87,1.37
2017.09.12 06:04:26.546,0.78935,0.78952,1.00,1.87
2017.09.12 06:04:27.068,0.78935,0.78952,1.37,1.37
2017.09.12 06:04:29.249,0.78934,0.7895,1.37,1.00
2017.09.12 06:04:29.401,0.78932,0.78948,1.37,1.12
2017.09.12 06:04:29.502,0.78937,0.78953,1.00,1.87
2017.09.12 06:04:29.625,0.78937,0.78953,1.25,1.12
2017.09.12 06:04:31.762,0.78938,0.78954,1.00,1.87
2017.09.12 06:04:32.356,0.78939,0.78955,1.12,1.37
2017.09.12 06:04:34.835,0.78936,0.78953,1.37,1.37
2017.09.12 06:04:35.137,0.78939,0.78955,1.37,1.12
2017.09.12 06:04:36.888,0.78938,0.78954,1.37,1.00
2017.09.12 06:04:36.939,0.78937,0.78953,1.87,1.00
2017.09.12 06:04:37.497,0.78937,0.78953,1.00,1.87
2017.09.12 06:04:39.225,0.78938,0.78953,1.00,1.37
2017.09.12 06:04:39.759,0.78938,0.78954,1.00,1.37
2017.09.12 06:04:40.007,0.78938,0.78954,1.00,1.12
2017.09.12 06:04:40.472,0.7894,0.78956,1.00,1.37
2017.09.12 06:04:41.089,0.78939,0.78955,1.12,1.12
2017.09.12 06:04:41.428,0.78942,0.78958,1.00,1.87
2017.09.12 06:04:41.529,0.78942,0.78958,1.12,1.87
2017.09.12 06:04:42.385,0.7894,0.78956,1.87,1.00
2017.09.12 06:04:42.537,0.78939,0.78955,1.12,1.00
2017.09.12 06:04:43.046,0.78939,0.78956,1.12,1.87
2017.09.12 06:04:44.925,0.7894,0.78956,1.00,1.87
2017.09.12 06:04:45.096,0.78942,0.78958,1.00,1.87
2017.09.12 06:04:45.147,0.7894,0.78956,1.00,1.12
2017.09.12 06:04:45.734,0.78941,0.78957,1.00,1.37
2017.09.12 06:04:45.902,0.78939,0.78955,1.12,1.50
2017.09.12 06:04:46.053,0.78939,0.78955,1.12,1.87
2017.09.12 06:04:46.693,0.78941,0.78958,1.00,3.37
2017.09.12 06:04:46.917,0.78941,0.78957,1.12,1.87
2017.09.12 06:04:47.867,0.78939,0.78955,1.00,1.12
2017.09.12 06:04:48.163,0.78941,0.78957,1.00,1.87
2017.09.12 06:04:49.674,0.7894,0.78958,1.12,1.87
2017.09.12 06:04:51.219,0.78941,0.78958,1.00,1.37
2017.09.12 06:04:52.622,0.78942,0.78958,1.00,1.87
2017.09.12 06:04:52.747,0.7894,0.78956,1.12,1.12
2017.09.12 06:04:58.446,0.78943,0.78959,1.00,1.37
2017.09.12 06:04:58.547,0.78944,0.78962,1.87,1.31
2017.09.12 06:05:00.678,0.78946,0.78963,1.00,1.87
2017.09.12 06:05:02.227,0.78945,0.78962,1.12,1.12
2017.09.12 06:05:04.579,0.78946,0.78962,1.00,1.12
2017.09.12 06:05:06.519,0.78944,0.78959,1.37,1.00
2017.09.12 06:05:06.748,0.78942,0.78958,1.37,1.00
2017.09.12 06:05:07.280,0.78943,0.78959,1.37,1.37
2017.09.12 06:05:07.584,0.78943,0.7896,1.37,1.12
2017.09.12 06:05:07.687,0.7894,0.78959,2.06,1.87
2017.09.12 06:05:07.990,0.78938,0.78955,1.37,1.12
2017.09.12 06:05:08.604,0.78941,0.78959,1.50,1.37
2017.09.12 06:05:08.806,0.78944,0.7896,1.12,1.37
2017.09.12 06:05:09.039,0.78947,0.78963,1.00,1.37
2017.09.12 06:05:09.090,0.78946,0.78963,1.87,1.37
2017.09.12 06:05:09.191,0.78946,0.78963,1.87,1.12
2017.09.12 06:05:09.607,0.78945,0.78963,1.37,1.87
2017.09.12 06:05:09.873,0.78947,0.78964,1.37,1.12
2017.09.12 06:05:10.500,0.78951,0.78967,1.00,1.87
2017.09.12 06:05:11.134,0.7895,0.78967,1.12,1.37
2017.09.12 06:05:11.541,0.78946,0.78962,1.62,1.00
2017.09.12 06:05:11.693,0.78943,0.78961,2.06,1.00
2017.09.12 06:05:11.795,0.78944,0.78962,2.06,1.37
2017.09.12 06:05:12.085,0.78947,0.78964,1.12,1.87
2017.09.12 06:05:12.186,0.78948,0.78965,1.37,1.00
2017.09.12 06:05:12.329,0.78946,0.78964,1.37,1.87
2017.09.12 06:05:14.640,0.78945,0.78963,1.87,1.00
2017.09.12 06:05:15.145,0.78946,0.78964,1.37,1.12
2017.09.12 06:05:15.659,0.78948,0.78963,1.00,1.00
2017.09.12 06:05:15.709,0.78948,0.78963,1.37,1.00
2017.09.12 06:05:16.243,0.78948,0.78965,1.87,1.12
2017.09.12 06:05:16.766,0.78948,0.78963,1.37,1.00
2017.09.12 06:05:17.018,0.78945,0.78962,1.37,1.12
2017.09.12 06:05:17.584,0.78948,0.78965,1.00,1.37
2017.09.12 06:05:17.739,0.78949,0.78967,1.31,1.87
2017.09.12 06:05:17.840,0.78952,0.78968,1.00,1.37
2017.09.12 06:05:17.941,0.78952,0.78968,1.87,1.12
2017.09.12 06:05:18.351,0.7895,0.78968,1.87,1.37
2017.09.12 06:05:18.553,0.78951,0.78968,1.37,1.37
2017.09.12 06:05:19.307,0.7895,0.78966,1.87,1.00
2017.09.12 06:05:19.458,0.78949,0.78965,1.37,1.12
2017.09.12 06:05:19.711,0.7895,0.78969,2.06,1.37
2017.09.12 06:05:19.914,0.78951,0.78968,1.12,1.62
2017.09.12 06:05:20.249,0.78948,0.78965,1.37,1.37
2017.09.12 06:05:20.831,0.78949,0.78966,1.37,1.87
2017.09.12 06:05:22.278,0.78948,0.78964,1.37,1.00
2017.09.12 06:05:22.847,0.78948,0.78965,1.87,1.12
2017.09.12 06:05:23.363,0.78948,0.78964,1.37,1.00
2017.09.12 06:05:24.921,0.78948,0.78963,1.37,1.00
2017.09.12 06:05:25.073,0.78949,0.78967,1.37,1.87
2017.09.12 06:05:25.344,0.7895,0.78967,1.37,1.37
2017.09.12 06:05:26.274,0.7895,0.78967,1.37,1.50
2017.09.12 06:05:26.598,0.78948,0.78964,1.37,1.00
2017.09.12 06:05:26.866,0.78945,0.78961,1.12,1.37
2017.09.12 06:05:27.906,0.78947,0.78962,1.00,1.37
2017.09.12 06:05:28.058,0.78947,0.78963,1.87,1.37
2017.09.12 06:05:28.560,0.78947,0.78963,1.87,1.00
2017.09.12 06:05:29.148,0.78949,0.78965,1.00,1.31
2017.09.12 06:05:29.459,0.78949,0.78967,1.37,1.37
2017.09.12 06:05:30.955,0.78947,0.78963,1.37,1.00
2017.09.12 06:05:31.158,0.78948,0.78964,1.12,1.37
2017.09.12 06:05:31.208,0.7895,0.78965,1.00,1.37
2017.09.12 06:05:31.380,0.78949,0.78966,1.37,1.00
2017.09.12 06:05:32.575,0.78949,0.78967,1.87,1.87
2017.09.12 06:05:33.223,0.78948,0.78965,1.37,1.00
2017.09.12 06:05:33.274,0.78949,0.78965,1.37,1.12
2017.09.12 06:05:33.375,0.78946,0.78965,2.06,1.37
2017.09.12 06:05:33.450,0.78949,0.78965,1.00,1.37
2017.09.12 06:05:33.906,0.78952,0.7897,2.06,1.37
2017.09.12 06:05:35.933,0.78956,0.78973,1.00,1.37
2017.09.12 06:05:36.085,0.78958,0.78975,1.12,1.12
2017.09.12 06:05:37.694,0.78954,0.7897,1.87,1.00
2017.09.12 06:05:37.797,0.78952,0.78968,1.87,1.00
2017.09.12 06:05:39.049,0.78951,0.78967,1.87,1.00
2017.09.12 06:05:39.100,0.78949,0.78966,1.87,1.00
2017.09.12 06:05:39.302,0.78949,0.78967,1.87,1.62
2017.09.12 06:05:40.235,0.78947,0.78964,2.06,1.00
2017.09.12 06:05:40.588,0.78951,0.78967,1.37,1.12
2017.09.12 06:05:41.735,0.78954,0.78968,1.00,1.37
2017.09.12 06:05:41.886,0.78956,0.78972,1.00,1.31
2017.09.12 06:05:41.988,0.78956,0.78971,1.37,1.00
2017.09.12 06:05:42.326,0.78953,0.78968,1.12,1.00
2017.09.12 06:05:42.377,0.7895,0.78966,1.37,1.00
2017.09.12 06:05:42.478,0.7895,0.78966,1.37,1.00
2017.09.12 06:05:42.841,0.78949,0.78964,1.37,1.00
2017.09.12 06:05:42.995,0.78948,0.78964,1.37,1.12
2017.09.12 06:05:45.974,0.78945,0.78959,1.37,1.00
2017.09.12 06:05:46.126,0.78941,0.78957,1.37,1.00
2017.09.12 06:05:46.651,0.7894,0.78957,1.87,1.37
2017.09.12 06:05:47.420,0.78939,0.78955,1.37,1.00
2017.09.12 06:05:47.521,0.78938,0.78954,1.87,1.00
2017.09.12 06:05:47.830,0.7894,0.78957,1.87,1.12
2017.09.12 06:05:48.355,0.7894,0.78956,1.37,1.00
2017.09.12 06:05:48.886,0.78939,0.78956,1.87,1.37
2017.09.12 06:05:50.700,0.78939,0.78955,1.87,1.00
2017.09.12 06:05:52.098,0.7894,0.78956,1.87,1.00
2017.09.12 06:05:54.640,0.78939,0.78955,1.37,1.00
2017.09.12 06:05:54.742,0.78938,0.78954,1.87,1.00
2017.09.12 06:05:55.811,0.78938,0.78955,1.87,1.00
2017.09.12 06:05:56.469,0.78938,0.78954,1.37,1.00
2017.09.12 06:05:56.570,0.78939,0.78956,1.12,1.12
2017.09.12 06:05:57.655,0.78941,0.78957,1.00,1.37
2017.09.12 06:05:57.958,0.78942,0.78959,1.37,1.37
2017.09.12 06:06:00.103,0.78944,0.78961,1.00,1.37
2017.09.12 06:06:00.153,0.78944,0.78961,1.37,1.37
2017.09.12 06:06:02.510,0.78946,0.78962,1.00,1.87
2017.09.12 06:06:04.304,0.78947,0.78964,1.00,2.25
2017.09.12 06:06:04.355,0.78947,0.78964,1.12,2.25
2017.09.12 06:06:05.366,0.78948,0.78964,1.00,1.87
2017.09.12 06:06:06.642,0.78947,0.78963,1.12,1.37
2017.09.12 06:06:06.692,0.78949,0.78966,1.00,1.87
2017.09.12 06:06:06.743,0.7895,0.78967,1.00,1.37
2017.09.12 06:06:06.845,0.78951,0.78968,1.12,1.87
2017.09.12 06:06:08.795,0.78949,0.78965,2.06,1.00
2017.09.12 06:06:09.249,0.78948,0.78964,1.12,1.00
2017.09.12 06:06:09.351,0.78948,0.78964,1.12,1.37
2017.09.12 06:06:10.886,0.78948,0.78965,1.37,1.87
2017.09.12 06:06:12.344,0.78947,0.78965,1.37,2.06
2017.09.12 06:06:12.647,0.78945,0.78961,1.37,1.00
2017.09.12 06:06:13.170,0.78944,0.78961,1.37,1.12
2017.09.12 06:06:13.768,0.78945,0.7896,1.37,1.00
2017.09.12 06:06:13.869,0.78945,0.78961,1.12,1.37
2017.09.12 06:06:14.287,0.78942,0.78959,1.37,1.37
2017.09.12 06:06:14.995,0.78941,0.78957,1.37,1.00
2017.09.12 06:06:15.788,0.78941,0.78956,1.37,1.00
2017.09.12 06:06:15.991,0.7894,0.78957,1.37,1.37
2017.09.12 06:06:16.092,0.78943,0.78958,1.00,1.12
2017.09.12 06:06:16.194,0.78944,0.78961,1.00,1.37
2017.09.12 06:06:16.313,0.78948,0.78964,1.00,1.12
2017.09.12 06:06:16.616,0.78946,0.78964,1.00,1.00
2017.09.12 06:06:17.129,0.78947,0.78965,1.00,1.69
2017.09.12 06:06:17.230,0.78946,0.78962,1.50,1.00
2017.09.12 06:06:17.860,0.78946,0.78963,1.50,1.00
2017.09.12 06:06:18.197,0.78943,0.78957,1.87,1.00
2017.09.12 06:06:18.298,0.78941,0.78958,1.00,1.25
2017.09.12 06:06:18.602,0.78944,0.78959,1.00,1.00
2017.09.12 06:06:19.002,0.78944,0.7896,1.37,1.00
2017.09.12 06:06:19.305,0.78948,0.78963,1.12,1.37
2017.09.12 06:06:19.784,0.78948,0.78964,1.37,1.00
2017.09.12 06:06:19.887,0.78948,0.78962,1.12,1.12
2017.09.12 06:06:20.525,0.78944,0.78961,1.37,1.00
2017.09.12 06:06:20.700,0.7895,0.78967,1.00,1.37
2017.09.12 06:06:20.802,0.78951,0.78967,1.37,1.12
2017.09.12 06:06:23.669,0.7895,0.78966,1.37,1.00
2017.09.12 06:06:24.273,0.78949,0.78966,1.37,1.37
2017.09.12 06:06:24.573,0.78948,0.78965,1.12,1.87
2017.09.12 06:06:26.320,0.78943,0.78961,2.62,1.00
2017.09.12 06:06:26.472,0.78943,0.7896,1.37,1.00
2017.09.12 06:06:26.573,0.78948,0.78962,1.00,1.87
2017.09.12 06:06:26.709,0.78949,0.78964,1.00,1.37
2017.09.12 06:06:27.941,0.78951,0.78967,1.12,1.87
2017.09.12 06:06:29.616,0.78948,0.78965,1.37,1.37
2017.09.12 06:06:30.052,0.78952,0.78968,1.00,2.06
2017.09.12 06:06:30.203,0.78954,0.78972,1.00,2.06
2017.09.12 06:06:30.304,0.78956,0.78973,1.00,3.37
2017.09.12 06:06:30.405,0.78955,0.78973,1.12,1.87
2017.09.12 06:06:31.355,0.78953,0.78968,1.37,1.00
2017.09.12 06:06:31.406,0.78953,0.78968,1.12,1.12
2017.09.12 06:06:31.507,0.78951,0.78966,1.37,1.00
2017.09.12 06:06:33.096,0.78953,0.78968,1.12,1.12
2017.09.12 06:06:33.198,0.78951,0.78967,1.37,1.37
2017.09.12 06:06:33.741,0.78951,0.78968,1.37,1.00
2017.09.12 06:06:34.910,0.78952,0.78969,1.12,2.06
2017.09.12 06:06:35.093,0.78952,0.78967,1.12,1.00
2017.09.12 06:06:35.218,0.7895,0.78966,1.87,1.00
2017.09.12 06:06:35.940,0.78953,0.78968,1.00,1.37
2017.09.12 06:06:36.173,0.78954,0.7897,1.37,1.31
2017.09.12 06:06:37.114,0.78952,0.78967,1.12,1.12
2017.09.12 06:06:37.435,0.78954,0.7897,1.00,1.37
2017.09.12 06:06:37.536,0.78953,0.7897,1.37,1.37
2017.09.12 06:06:38.318,0.78952,0.78968,1.87,1.00
2017.09.12 06:06:39.281,0.78952,0.78967,1.37,1.00
2017.09.12 06:06:39.420,0.78952,0.78967,1.37,1.00
2017.09.12 06:06:40.013,0.78952,0.78968,1.37,1.00
2017.09.12 06:06:40.685,0.78951,0.78966,1.37,1.00
2017.09.12 06:06:41.014,0.78946,0.78962,1.37,1.00
2017.09.12 06:06:41.216,0.78944,0.78961,1.37,1.37
2017.09.12 06:06:41.574,0.78945,0.78962,1.87,1.12
2017.09.12 06:06:42.459,0.78944,0.78961,1.37,1.00
2017.09.12 06:06:42.614,0.78944,0.78961,1.37,1.37
2017.09.12 06:06:43.465,0.78945,0.78962,1.87,1.00
2017.09.12 06:06:43.945,0.78942,0.78959,1.62,1.00
2017.09.12 06:06:44.046,0.78942,0.78959,1.31,1.87
2017.09.12 06:06:44.097,0.78944,0.78959,1.00,1.37
2017.09.12 06:06:44.198,0.78945,0.78959,1.12,1.00
2017.09.12 06:06:44.639,0.78947,0.78964,1.00,1.37
2017.09.12 06:06:44.740,0.78948,0.78966,1.37,1.37
2017.09.12 06:06:44.842,0.7895,0.78968,1.87,1.12
2017.09.12 06:06:45.644,0.7895,0.78967,1.37,1.00
2017.09.12 06:06:45.988,0.78953,0.78969,1.00,1.37
2017.09.12 06:06:46.368,0.7895,0.78967,1.37,2.06
2017.09.12 06:06:46.671,0.78953,0.78969,1.37,1.12
2017.09.12 06:06:47.188,0.78951,0.78967,1.37,1.50
2017.09.12 06:06:47.239,0.78951,0.78967,1.00,1.87
2017.09.12 06:06:48.303,0.78949,0.78967,1.31,1.37
2017.09.12 06:06:48.746,0.78949,0.78968,1.87,1.37
2017.09.12 06:06:49.089,0.78949,0.78966,1.87,1.37
2017.09.12 06:06:49.229,0.7895,0.78967,1.37,1.37
2017.09.12 06:06:50.114,0.78949,0.78965,1.37,1.00
2017.09.12 06:06:51.620,0.78949,0.78967,1.37,1.62
2017.09.12 06:06:53.194,0.78947,0.78964,1.87,1.00
2017.09.12 06:06:53.245,0.78948,0.78965,1.37,1.37
2017.09.12 06:06:56.914,0.78947,0.78963,1.37,1.00
2017.09.12 06:06:56.965,0.78947,0.78961,1.37,1.00
2017.09.12 06:06:57.301,0.78941,0.78958,1.87,1.37
2017.09.12 06:06:57.402,0.78942,0.7896,1.37,1.37
2017.09.12 06:06:57.755,0.78941,0.7896,2.06,2.06
2017.09.12 06:06:57.949,0.78941,0.7896,2.06,2.06
2017.09.12 06:06:58.656,0.78941,0.78957,1.87,1.00
2017.09.12 06:07:00.104,0.78942,0.78958,1.37,1.12
2017.09.12 06:07:00.265,0.78942,0.78959,1.87,1.12
2017.09.12 06:07:00.366,0.78941,0.78958,1.87,1.12
2017.09.12 06:07:00.522,0.7894,0.78956,1.37,1.00
2017.09.12 06:07:00.573,0.7894,0.78956,1.37,1.12
2017.09.12 06:07:00.959,0.78939,0.78954,1.37,1.25
2017.09.12 06:07:01.061,0.7894,0.78956,1.37,1.12
2017.09.12 06:07:01.162,0.78939,0.78953,1.37,1.00
2017.09.12 06:07:01.315,0.78938,0.78955,1.87,1.37
2017.09.12 06:07:02.272,0.78939,0.78956,1.87,1.00
2017.09.12 06:07:04.835,0.78939,0.78957,1.37,1.12
2017.09.12 06:07:05.063,0.78935,0.78952,1.87,1.00
2017.09.12 06:07:05.374,0.78943,0.78959,1.00,3.75
2017.09.12 06:07:05.526,0.78942,0.78959,1.37,1.12
2017.09.12 06:07:06.925,0.78945,0.7896,1.00,1.37
2017.09.12 06:07:07.028,0.78945,0.78962,1.87,1.37
2017.09.12 06:07:10.806,0.78945,0.78959,1.37,1.00
2017.09.12 06:07:11.127,0.78945,0.78957,1.00,1.12
2017.09.12 06:07:11.179,0.78941,0.78957,1.37,1.12
2017.09.12 06:07:12.032,0.78941,0.78959,1.37,1.37
2017.09.12 06:07:13.379,0.78945,0.78962,1.00,1.37
2017.09.12 06:07:13.531,0.78947,0.78963,1.37,1.00
2017.09.12 06:07:14.044,0.78948,0.78964,1.12,1.00
2017.09.12 06:07:15.189,0.7895,0.78967,1.00,1.37
2017.09.12 06:07:15.561,0.78951,0.78966,1.37,1.00
2017.09.12 06:07:15.915,0.78951,0.78968,1.37,1.25
2017.09.12 06:07:16.804,0.78951,0.78966,1.37,1.00
2017.09.12 06:07:17.411,0.78949,0.78965,1.87,1.00
2017.09.12 06:07:17.462,0.78948,0.78965,1.87,1.00
2017.09.12 06:07:18.959,0.78948,0.78964,1.87,1.00
2017.09.12 06:07:23.371,0.78948,0.78963,1.37,1.25
2017.09.12 06:07:23.567,0.78945,0.78963,1.37,2.06
2017.09.12 06:07:25.469,0.78947,0.78963,1.00,1.37
2017.09.12 06:07:25.520,0.78949,0.78965,1.00,1.37
2017.09.12 06:07:25.571,0.78948,0.78964,1.87,1.37
2017.09.12 06:07:25.672,0.78946,0.78962,2.62,1.00
2017.09.12 06:07:25.874,0.78946,0.78961,1.37,1.00
2017.09.12 06:07:26.834,0.78945,0.78963,1.87,1.12
2017.09.12 06:07:27.036,0.78949,0.78965,1.87,1.12
2017.09.12 06:07:27.673,0.78949,0.78964,1.37,1.00
2017.09.12 06:07:28.348,0.78949,0.78962,1.37,1.00
2017.09.12 06:07:28.639,0.78945,0.78961,1.37,1.12
2017.09.12 06:07:30.270,0.78946,0.78962,1.37,1.00
2017.09.12 06:07:31.756,0.78946,0.78963,1.87,1.12
2017.09.12 06:07:36.487,0.78946,0.78962,1.87,1.00
2017.09.12 06:07:38.155,0.78947,0.78963,1.12,1.12
2017.09.12 06:07:38.886,0.78946,0.78962,1.87,1.00
2017.09.12 06:07:41.736,0.78947,0.78963,1.12,1.12
2017.09.12 06:07:41.949,0.78951,0.78967,1.50,1.37
2017.09.12 06:07:42.202,0.78956,0.7897,1.00,1.62
2017.09.12 06:07:42.253,0.78952,0.78967,1.87,1.00
2017.09.12 06:07:42.852,0.78951,0.78967,1.87,1.00
2017.09.12 06:07:43.532,0.7895,0.78966,1.87,1.00
2017.09.12 06:07:43.583,0.78951,0.78968,1.12,1.37
2017.09.12 06:07:43.685,0.78951,0.78968,1.37,1.12
2017.09.12 06:07:46.334,0.78952,0.78969,1.87,1.00
2017.09.12 06:07:46.922,0.78953,0.78968,1.37,1.00
2017.09.12 06:07:47.586,0.78951,0.78967,1.37,1.00
2017.09.12 06:07:47.788,0.78951,0.78967,1.37,1.00
2017.09.12 06:07:48.376,0.78951,0.78967,1.37,1.00
2017.09.12 06:07:49.992,0.78951,0.78967,1.87,1.00
2017.09.12 06:07:50.511,0.78953,0.78968,1.12,1.12
2017.09.12 06:07:51.102,0.78953,0.78967,1.12,1.00
2017.09.12 06:07:51.649,0.7895,0.78966,1.87,1.00
2017.09.12 06:07:51.824,0.7895,0.78963,1.37,1.00
2017.09.12 06:07:52.026,0.78946,0.78962,1.87,1.00
2017.09.12 06:07:52.572,0.78948,0.78965,1.12,1.87
2017.09.12 06:07:52.828,0.78949,0.78965,1.37,1.12
2017.09.12 06:07:57.448,0.78953,0.78968,1.00,1.37
2017.09.12 06:07:57.499,0.78953,0.78969,1.50,1.37
2017.09.12 06:07:57.600,0.78954,0.78968,1.37,1.00
2017.09.12 06:07:57.926,0.78954,0.78961,1.00,1.00
2017.09.12 06:07:58.027,0.78947,0.78964,1.37,1.37
2017.09.12 06:07:58.129,0.78946,0.78963,1.37,1.00
2017.09.12 06:07:58.179,0.78946,0.78965,1.37,1.12
2017.09.12 06:07:58.230,0.78946,0.78963,1.37,1.00
2017.09.12 06:07:58.984,0.78947,0.78965,1.37,1.12
2017.09.12 06:07:59.536,0.78949,0.78964,1.37,1.00
2017.09.12 06:08:00.022,0.78949,0.78962,1.37,1.00
2017.09.12 06:08:00.172,0.78948,0.78966,1.37,1.37
2017.09.12 06:08:00.736,0.78949,0.78964,1.37,1.00
2017.09.12 06:08:01.933,0.78948,0.78965,1.37,1.12
2017.09.12 06:08:02.606,0.78946,0.78962,1.37,1.25
2017.09.12 06:08:02.858,0.78941,0.78956,1.37,1.00
2017.09.12 06:08:02.909,0.78941,0.78958,1.37,1.12
2017.09.12 06:08:03.378,0.78942,0.78956,1.37,1.00
2017.09.12 06:08:03.973,0.78942,0.78955,1.37,1.00
2017.09.12 06:08:04.339,0.78942,0.78957,1.37,1.00
2017.09.12 06:08:04.568,0.78942,0.78958,1.37,1.25
2017.09.12 06:08:05.095,0.78942,0.78959,1.87,1.31
2017.09.12 06:08:07.635,0.78944,0.78961,1.37,1.12
2017.09.12 06:08:08.009,0.78943,0.78956,1.37,1.00
2017.09.12 06:08:08.262,0.78936,0.78952,1.37,1.00
2017.09.12 06:08:08.363,0.78944,0.78957,1.00,1.37
2017.09.12 06:08:08.630,0.7895,0.78966,1.37,1.00
2017.09.12 06:08:08.682,0.78948,0.78963,1.37,1.00
2017.09.12 06:08:08.733,0.78946,0.78963,1.37,1.00
2017.09.12 06:08:08.834,0.78946,0.78963,1.37,1.12
2017.09.12 06:08:10.489,0.78946,0.78962,1.37,1.00
2017.09.12 06:08:10.991,0.7895,0.78967,1.00,1.87
2017.09.12 06:08:11.143,0.78951,0.78968,1.87,1.37
2017.09.12 06:08:11.244,0.78951,0.78967,1.87,1.00
2017.09.12 06:08:11.759,0.7895,0.78966,1.12,1.25
2017.09.12 06:08:12.264,0.78948,0.78966,1.37,1.62
2017.09.12 06:08:12.442,0.78948,0.78966,1.00,1.87
2017.09.12 06:08:13.083,0.78947,0.78964,1.31,1.00
2017.09.12 06:08:13.332,0.78946,0.78962,1.87,1.00
2017.09.12 06:08:13.385,0.78946,0.78962,1.87,1.00
2017.09.12 06:08:13.927,0.78945,0.78963,1.37,1.25
2017.09.12 06:08:14.905,0.78945,0.78964,1.62,1.31
2017.09.12 06:08:15.476,0.78944,0.78963,1.37,1.00
2017.09.12 06:08:15.578,0.78944,0.78959,1.37,1.00
2017.09.12 06:08:15.918,0.78946,0.7896,1.37,1.00
2017.09.12 06:08:16.294,0.78942,0.78956,1.37,1.00
2017.09.12 06:08:16.395,0.78939,0.78956,1.37,1.00
2017.09.12 06:08:16.497,0.78939,0.78956,1.37,1.00
2017.09.12 06:08:17.397,0.7894,0.78955,1.37,1.00
2017.09.12 06:08:17.448,0.7894,0.78957,1.37,1.00
2017.09.12 06:08:17.997,0.7894,0.78956,1.37,1.00
2017.09.12 06:08:18.538,0.78938,0.78955,1.37,1.00
2017.09.12 06:08:18.655,0.78938,0.78955,1.37,1.00
2017.09.12 06:08:19.678,0.78939,0.78957,1.37,1.31
2017.09.12 06:08:19.744,0.78943,0.78961,1.50,1.37
2017.09.12 06:08:19.795,0.78944,0.78961,1.00,1.37
2017.09.12 06:08:19.998,0.78945,0.78961,1.37,1.00
2017.09.12 06:08:20.526,0.78944,0.7896,1.37,1.00
2017.09.12 06:08:21.049,0.78945,0.78961,1.37,1.00
2017.09.12 06:08:24.269,0.78944,0.7896,1.37,1.00
2017.09.12 06:08:26.176,0.78945,0.78961,1.37,1.25
2017.09.12 06:08:26.488,0.78941,0.7896,1.37,1.31
2017.09.12 06:08:26.539,0.78945,0.78961,1.00,1.37
2017.09.12 06:08:27.083,0.78945,0.78961,1.37,1.00
2017.09.12 06:08:27.621,0.78947,0.78962,1.00,1.00
2017.09.12 06:08:28.182,0.78947,0.78963,1.37,1.00
2017.09.12 06:08:28.485,0.78944,0.78961,1.37,1.00
2017.09.12 06:08:30.244,0.78945,0.78962,1.12,1.00
2017.09.12 06:08:31.851,0.78945,0.78961,1.12,1.00
2017.09.12 06:08:32.457,0.78943,0.78959,1.37,1.00
2017.09.12 06:08:32.840,0.78945,0.78961,1.00,1.12
2017.09.12 06:08:32.941,0.78945,0.78961,1.37,1.00
2017.09.12 06:08:33.513,0.78944,0.78963,1.37,1.00
2017.09.12 06:08:34.333,0.78943,0.78961,1.37,1.00
2017.09.12 06:08:34.494,0.78943,0.78961,1.37,1.00
2017.09.12 06:08:36.710,0.78943,0.78961,1.37,1.19
2017.09.12 06:08:37.355,0.78943,0.78957,1.37,1.00
2017.09.12 06:08:37.507,0.78937,0.78955,1.37,1.00
2017.09.12 06:08:37.944,0.78939,0.78958,1.87,1.00
2017.09.12 06:08:39.070,0.78938,0.78957,1.87,1.00
2017.09.12 06:08:39.334,0.78937,0.78956,1.87,1.12
2017.09.12 06:08:41.114,0.78936,0.78956,1.37,1.37
2017.09.12 06:08:42.714,0.78934,0.78955,2.06,1.37
2017.09.12 06:08:44.667,0.78934,0.78951,1.37,1.00
2017.09.12 06:08:44.967,0.78929,0.78948,1.37,1.12
2017.09.12 06:08:46.123,0.78929,0.78949,1.37,1.00
2017.09.12 06:08:48.243,0.78927,0.78945,2.62,1.00
2017.09.12 06:08:48.344,0.78927,0.78944,1.37,1.00
2017.09.12 06:08:48.873,0.78926,0.78943,1.87,1.00
2017.09.12 06:08:49.155,0.78926,0.78943,1.37,1.00
2017.09.12 06:08:50.223,0.78926,0.78944,1.37,1.12
2017.09.12 06:08:57.428,0.78929,0.78946,1.00,1.37
2017.09.12 06:08:57.479,0.78929,0.78947,1.87,1.12
2017.09.12 06:08:58.039,0.78929,0.78946,1.37,1.00
2017.09.12 06:08:58.541,0.78928,0.78948,1.87,1.00
2017.09.12 06:08:58.799,0.78925,0.78942,1.87,1.00
2017.09.12 06:08:58.850,0.78927,0.78944,1.37,1.00
2017.09.12 06:08:58.900,0.78927,0.78942,1.37,1.00
2017.09.12 06:08:59.002,0.78927,0.78942,1.00,1.00
2017.09.12 06:08:59.052,0.78924,0.7894,2.62,1.00
2017.09.12 06:08:59.356,0.78922,0.7894,1.87,1.00
2017.09.12 06:08:59.407,0.78925,0.78942,1.00,1.37
2017.09.12 06:08:59.721,0.78925,0.78942,1.37,1.00
2017.09.12 06:09:00.257,0.78925,0.78943,1.87,1.00
2017.09.12 06:09:02.933,0.78925,0.78942,1.37,1.00
2017.09.12 06:09:04.482,0.78925,0.78941,1.37,1.00
2017.09.12 06:09:04.785,0.78922,0.78938,1.37,1.00
2017.09.12 06:09:04.836,0.78926,0.78941,1.00,1.12
2017.09.12 06:09:05.459,0.78926,0.78942,1.37,1.00
2017.09.12 06:09:07.171,0.78926,0.7894,1.37,1.00
2017.09.12 06:09:07.323,0.78922,0.7894,1.87,1.00
2017.09.12 06:09:10.094,0.78924,0.78941,1.37,1.00
2017.09.12 06:09:10.245,0.78926,0.78944,1.37,1.12
2017.09.12 06:09:10.755,0.78925,0.78943,1.87,1.00
2017.09.12 06:09:11.979,0.78925,0.78942,1.37,1.00
2017.09.12 06:09:13.827,0.78925,0.78943,1.87,1.00
2017.09.12 06:09:15.684,0.78925,0.7894,1.37,1.00
2017.09.12 06:09:15.836,0.78925,0.78941,1.00,1.00
2017.09.12 06:09:16.038,0.78925,0.78942,1.37,1.00
2017.09.12 06:09:16.966,0.78925,0.78943,1.37,1.00
2017.09.12 06:09:18.363,0.78924,0.78944,1.87,1.12
2017.09.12 06:09:19.044,0.78925,0.78942,1.87,1.00
2017.09.12 06:09:20.223,0.78926,0.78943,1.37,1.00
2017.09.12 06:09:25.303,0.78925,0.78942,2.06,1.00
2017.09.12 06:09:30.164,0.78927,0.78942,1.37,1.00
2017.09.12 06:09:31.464,0.78927,0.7894,1.37,1.00
2017.09.12 06:09:31.767,0.78916,0.78932,1.87,1.00
2017.09.12 06:09:31.938,0.78914,0.78929,1.37,1.00
2017.09.12 06:09:31.989,0.78914,0.78929,1.37,1.00
2017.09.12 06:09:33.307,0.78914,0.7893,1.37,1.12
2017.09.12 06:09:33.610,0.78916,0.78932,1.37,1.00
2017.09.12 06:09:38.080,0.78913,0.78929,1.37,1.00
2017.09.12 06:09:38.232,0.78911,0.78928,1.37,1.00
2017.09.12 06:09:38.282,0.7891,0.78925,1.37,1.00
2017.09.12 06:09:38.434,0.78908,0.78925,1.87,1.00
2017.09.12 06:09:38.636,0.7891,0.78925,1.12,1.12
2017.09.12 06:09:38.737,0.7891,0.78925,1.37,1.00
2017.09.12 06:09:39.646,0.7891,0.78926,1.37,1.00
2017.09.12 06:09:45.874,0.7891,0.78925,1.37,1.00
2017.09.12 06:09:46.240,0.78907,0.78924,1.37,1.12
2017.09.12 06:09:48.540,0.78907,0.78923,1.37,1.00
2017.09.12 06:09:48.641,0.78907,0.78923,1.37,1.00
2017.09.12 06:09:50.066,0.78909,0.78925,1.12,1.37
2017.09.12 06:09:50.168,0.78909,0.78926,1.87,1.12
2017.09.12 06:09:52.268,0.78909,0.78925,1.37,1.00
2017.09.12 06:09:52.470,0.78907,0.78924,1.87,1.12
2017.09.12 06:09:52.672,0.78907,0.78924,1.00,1.87
2017.09.12 06:09:59.786,0.78901,0.78919,1.87,1.50
2017.09.12 06:10:00.070,0.78905,0.78922,1.37,1.37
2017.09.12 06:10:02.457,0.78911,0.78926,1.00,1.37
2017.09.12 06:10:02.640,0.78911,0.78928,1.12,1.37
2017.09.12 06:10:02.691,0.78911,0.78928,1.37,1.12
2017.09.12 06:10:07.447,0.78911,0.78927,1.37,1.00
2017.09.12 06:10:07.699,0.78907,0.78924,1.87,1.12
2017.09.12 06:10:09.110,0.78911,0.78928,1.00,1.37
2017.09.12 06:10:09.211,0.78911,0.78928,1.12,1.37
2017.09.12 06:10:09.268,0.78911,0.78928,1.37,1.12
2017.09.12 06:10:09.845,0.78906,0.78922,3.00,1.00
2017.09.12 06:10:09.997,0.78905,0.78922,1.37,1.00
2017.09.12 06:10:10.098,0.78905,0.78922,1.12,1.37
2017.09.12 06:10:10.663,0.78906,0.78921,1.00,1.37
2017.09.12 06:10:11.351,0.78907,0.78921,1.00,1.37
2017.09.12 06:10:14.469,0.78909,0.78921,1.00,1.37
2017.09.12 06:10:14.705,0.78916,0.78931,1.00,1.37
2017.09.12 06:10:15.234,0.78916,0.78931,1.00,1.37
2017.09.12 06:10:15.748,0.78915,0.78931,1.12,1.37
2017.09.12 06:10:17.212,0.78912,0.78929,1.37,1.37
2017.09.12 06:10:18.298,0.78916,0.78932,1.00,1.37
2017.09.12 06:10:19.199,0.78917,0.78932,1.00,1.37
2017.09.12 06:10:19.502,0.7892,0.78937,1.12,1.37
2017.09.12 06:10:19.764,0.78917,0.78932,1.37,1.00
2017.09.12 06:10:19.818,0.78914,0.78931,1.37,1.50
2017.09.12 06:10:19.969,0.78911,0.78928,1.37,1.50
2017.09.12 06:10:20.020,0.7891,0.78927,1.62,1.50
2017.09.12 06:10:20.121,0.78908,0.78927,2.06,1.87
2017.09.12 06:10:20.172,0.78908,0.78925,1.37,1.50
2017.09.12 06:10:20.476,0.7891,0.78926,1.00,1.37
2017.09.12 06:10:20.526,0.7891,0.78926,1.00,1.37
2017.09.12 06:10:22.184,0.78908,0.78925,1.62,1.37
2017.09.12 06:10:22.235,0.78905,0.78922,1.62,1.00
2017.09.12 06:10:22.336,0.78905,0.78922,1.37,1.87
2017.09.12 06:10:22.547,0.78904,0.78921,1.31,1.37
2017.09.12 06:10:23.732,0.78905,0.78921,1.00,1.87
2017.09.12 06:10:24.133,0.78908,0.78925,1.00,2.62
2017.09.12 06:10:24.234,0.78908,0.78924,1.00,1.37
2017.09.12 06:10:25.559,0.78911,0.78926,1.00,1.37
2017.09.12 06:10:25.711,0.78914,0.7893,1.00,1.87
2017.09.12 06:10:26.611,0.78915,0.7893,1.00,1.37
2017.09.12 06:10:26.813,0.78914,0.78932,1.87,1.37
2017.09.12 06:10:27.123,0.78916,0.78933,1.87,1.12
2017.09.12 06:10:28.681,0.7892,0.78937,1.00,1.87
2017.09.12 06:10:29.242,0.7892,0.78937,1.12,1.87
2017.09.12 06:10:29.576,0.78919,0.78937,1.37,1.00
2017.09.12 06:10:29.728,0.78915,0.78934,1.37,1.50
2017.09.12 06:10:29.779,0.78915,0.78931,1.62,1.00
2017.09.12 06:10:29.830,0.78917,0.78934,1.00,2.62
2017.09.12 06:10:29.880,0.78915,0.78931,1.37,1.50
2017.09.12 06:10:30.133,0.78914,0.78931,1.31,1.37
2017.09.12 06:10:30.700,0.78915,0.78931,1.00,1.87
2017.09.12 06:10:31.857,0.78911,0.78927,1.37,1.00
2017.09.12 06:10:32.026,0.78911,0.78927,1.00,1.37
2017.09.12 06:10:33.472,0.7891,0.78927,1.12,1.37
2017.09.12 06:10:35.692,0.78912,0.78927,1.00,1.37
2017.09.12 06:10:35.931,0.78911,0.78928,1.37,1.37
2017.09.12 06:10:39.733,0.78916,0.78932,1.00,1.37
2017.09.12 06:10:39.885,0.78917,0.78934,1.50,1.37
2017.09.12 06:10:39.986,0.78917,0.78934,1.87,1.00
2017.09.12 06:10:41.345,0.78914,0.7893,1.87,1.00
2017.09.12 06:10:41.659,0.78911,0.78927,1.87,1.12
2017.09.12 06:10:44.567,0.78912,0.78929,1.37,1.87
2017.09.12 06:10:48.156,0.78912,0.78927,1.37,1.00
2017.09.12 06:10:48.779,0.78912,0.78929,1.37,1.37
2017.09.12 06:10:49.280,0.78912,0.78929,1.87,1.37
2017.09.12 06:10:49.381,0.78912,0.78929,1.87,1.00
2017.09.12 06:10:49.897,0.78912,0.78928,1.87,1.00
2017.09.12 06:10:50.999,0.78912,0.78927,1.37,1.00
2017.09.12 06:10:51.152,0.78912,0.78929,1.87,1.00
2017.09.12 06:10:52.685,0.78911,0.78928,1.37,1.00
2017.09.12 06:10:53.281,0.78912,0.78928,1.12,1.37
2017.09.12 06:10:55.064,0.78913,0.78929,1.00,1.87
2017.09.12 06:10:56.571,0.7891,0.78927,1.87,1.12
2017.09.12 06:10:56.790,0.78908,0.78924,1.56,1.00
2017.09.12 06:10:56.992,0.78907,0.78923,1.87,1.12
2017.09.12 06:10:57.841,0.78906,0.78922,1.37,1.00
2017.09.12 06:10:57.925,0.78906,0.78922,1.12,1.12
2017.09.12 06:10:57.977,0.78904,0.78919,1.87,1.00
2017.09.12 06:10:58.180,0.78903,0.78921,1.37,1.00
2017.09.12 06:10:58.748,0.78903,0.78921,1.87,1.37
2017.09.12 06:11:00.300,0.78903,0.78919,1.37,1.00
2017.09.12 06:11:00.804,0.78904,0.78921,1.37,1.37
2017.09.12 06:11:03.998,0.78905,0.78921,1.37,1.00
2017.09.12 06:11:04.637,0.78905,0.78921,1.00,1.12
2017.09.12 06:11:07.114,0.78902,0.78918,1.87,1.00
2017.09.12 06:11:07.617,0.78903,0.78919,1.00,1.87
2017.09.12 06:11:07.819,0.78906,0.78922,1.12,1.37
2017.09.12 06:11:08.537,0.78904,0.7892,1.87,1.00
2017.09.12 06:11:11.840,0.78901,0.78917,1.87,1.00
2017.09.12 06:11:11.941,0.78901,0.78917,1.37,1.00
2017.09.12 06:11:12.043,0.78901,0.78917,1.37,1.12
2017.09.12 06:11:12.995,0.789,0.78916,2.06,1.00
2017.09.12 06:11:13.359,0.78898,0.78916,1.87,1.37
2017.09.12 06:11:13.460,0.78903,0.78917,1.00,1.37
2017.09.12 06:11:13.662,0.78904,0.7892,1.87,1.00
2017.09.12 06:11:14.344,0.78903,0.78919,1.37,1.00
2017.09.12 06:11:17.203,0.78904,0.7892,1.37,1.00
2017.09.12 06:11:17.429,0.78902,0.78918,1.37,1.00
2017.09.12 06:11:17.941,0.78906,0.78923,1.50,1.37
2017.09.12 06:11:18.042,0.78906,0.78923,1.50,1.37
2017.09.12 06:11:18.157,0.78905,0.78922,1.37,1.00
2017.09.12 06:11:18.258,0.78904,0.7892,1.87,1.00
2017.09.12 06:11:18.926,0.78904,0.78921,1.37,1.31
2017.09.12 06:11:19.317,0.78902,0.78918,1.87,1.00
2017.09.12 06:11:19.967,0.78902,0.78919,1.87,1.12
2017.09.12 06:11:21.480,0.78902,0.78916,1.37,1.00
2017.09.12 06:11:21.582,0.789,0.78916,1.37,1.00
2017.09.12 06:11:22.484,0.78901,0.78917,1.87,1.12
2017.09.12 06:11:25.662,0.78897,0.78912,2.62,1.00
2017.09.12 06:11:25.712,0.789,0.78916,1.37,1.00
2017.09.12 06:11:25.888,0.78899,0.78916,1.37,1.37
2017.09.12 06:11:26.463,0.78901,0.78918,1.00,1.62
2017.09.12 06:11:26.564,0.789,0.78918,1.87,1.62
2017.09.12 06:11:27.954,0.789,0.78916,1.37,1.00
2017.09.12 06:11:29.626,0.789,0.78917,1.37,1.12
2017.09.12 06:11:30.681,0.78897,0.78914,1.87,1.19
2017.09.12 06:11:30.783,0.78899,0.78915,1.37,1.00
2017.09.12 06:11:31.181,0.78898,0.78914,1.87,1.00
2017.09.12 06:11:33.602,0.78899,0.78915,1.37,1.12
2017.09.12 06:11:34.355,0.78896,0.78912,1.37,1.00
2017.09.12 06:11:34.607,0.78892,0.78908,1.87,1.00
2017.09.12 06:11:34.833,0.78892,0.78909,1.37,1.62
2017.09.12 06:11:35.391,0.78893,0.7891,1.87,1.12
2017.09.12 06:11:35.821,0.78897,0.78914,1.00,1.37
2017.09.12 06:11:35.871,0.78897,0.78914,1.12,1.37
2017.09.12 06:11:36.795,0.78898,0.78914,1.00,1.37
2017.09.12 06:11:42.497,0.78897,0.78915,1.12,1.87
2017.09.12 06:11:47.488,0.78898,0.78914,1.00,1.87
2017.09.12 06:11:48.002,0.78897,0.78913,1.12,1.37
2017.09.12 06:11:52.848,0.78899,0.78915,1.00,1.37
2017.09.12 06:11:53.516,0.78899,0.78915,1.12,1.37
2017.09.12 06:11:55.333,0.78896,0.78914,1.12,1.37
2017.09.12 06:11:59.572,0.78897,0.78914,1.00,1.87
2017.09.12 06:11:59.852,0.78897,0.78915,1.87,1.37
2017.09.12 06:12:01.149,0.78903,0.78916,1.00,1.37
2017.09.12 06:12:01.491,0.78903,0.7892,1.37,1.37
2017.09.12 06:12:03.725,0.78901,0.78917,1.37,1.00
2017.09.12 06:12:03.878,0.789,0.78917,1.62,1.87
2017.09.12 06:12:03.929,0.789,0.78917,1.31,1.87
2017.09.12 06:12:05.322,0.789,0.78917,1.87,1.12
2017.09.12 06:12:05.641,0.78904,0.7892,1.12,1.37
2017.09.12 06:12:06.543,0.78905,0.78922,1.37,1.87
2017.09.12 06:12:06.919,0.78903,0.78919,1.37,1.12
2017.09.12 06:12:22.973,0.78906,0.78921,1.00,1.87
2017.09.12 06:12:23.286,0.7891,0.78926,1.00,1.37
2017.09.12 06:12:23.387,0.7891,0.78926,1.31,1.37
2017.09.12 06:12:23.488,0.78912,0.78926,1.00,1.37
2017.09.12 06:12:23.590,0.7891,0.78928,1.31,1.87
2017.09.12 06:12:23.742,0.78912,0.78928,1.00,1.87
2017.09.12 06:12:23.792,0.7891,0.78928,1.31,1.87
2017.09.12 06:12:24.320,0.78911,0.78927,1.00,1.37
2017.09.12 06:12:24.688,0.78913,0.78928,1.00,1.87
2017.09.12 06:12:24.842,0.78912,0.78928,1.12,1.37
2017.09.12 06:12:26.067,0.78909,0.78927,1.37,1.37
2017.09.12 06:12:27.820,0.78913,0.78927,1.00,1.37
2017.09.12 06:12:27.871,0.78912,0.78929,1.31,1.37
2017.09.12 06:12:28.199,0.78914,0.7893,1.12,1.37
2017.09.12 06:12:29.106,0.78917,0.78933,1.00,1.87
2017.09.12 06:12:29.207,0.78915,0.78931,1.12,1.50
2017.09.12 06:12:29.303,0.78918,0.78934,1.00,1.87
2017.09.12 06:12:29.606,0.78921,0.78938,2.06,1.12
2017.09.12 06:12:29.708,0.78918,0.78933,1.37,1.00
2017.09.12 06:12:29.809,0.78914,0.78931,1.87,1.00
2017.09.12 06:12:29.910,0.78914,0.78931,1.87,1.00
2017.09.12 06:12:30.011,0.78914,0.7893,1.37,1.00
2017.09.12 06:12:30.074,0.78914,0.7893,1.12,1.37
2017.09.12 06:12:30.294,0.78914,0.78932,1.37,1.87
2017.09.12 06:12:30.722,0.78915,0.78931,1.00,1.37
2017.09.12 06:12:30.823,0.78915,0.78932,1.37,1.37
2017.09.12 06:12:30.975,0.78918,0.78935,1.00,1.37
2017.09.12 06:12:31.025,0.78919,0.78936,1.37,1.37
2017.09.12 06:12:32.276,0.78915,0.78932,2.62,1.00
2017.09.12 06:12:32.327,0.78914,0.78931,1.87,1.00
2017.09.12 06:12:32.428,0.78914,0.78933,1.87,1.87
2017.09.12 06:12:32.594,0.78917,0.78935,1.37,1.12
2017.09.12 06:12:37.769,0.78926,0.7894,1.00,1.37
2017.09.12 06:12:37.873,0.78924,0.78941,1.00,1.87
2017.09.12 06:12:37.924,0.78926,0.78944,1.37,1.87
2017.09.12 06:12:39.169,0.7893,0.78945,1.00,1.37
2017.09.12 06:12:39.220,0.78927,0.78946,1.87,2.06
2017.09.12 06:12:39.271,0.78931,0.78948,1.00,1.37
2017.09.12 06:12:39.472,0.78928,0.78944,1.37,1.00
2017.09.12 06:12:39.591,0.78927,0.78943,1.37,1.12
2017.09.12 06:12:42.126,0.78923,0.78938,1.37,1.00
2017.09.12 06:12:42.227,0.7892,0.78936,1.87,1.00
2017.09.12 06:12:42.530,0.78924,0.7894,1.37,1.12
2017.09.12 06:12:42.690,0.78922,0.78938,2.62,1.00
2017.09.12 06:12:42.868,0.78922,0.78939,1.37,1.56
2017.09.12 06:12:43.019,0.78924,0.78941,1.12,1.12
2017.09.12 06:12:43.120,0.78927,0.78943,1.50,1.62
2017.09.12 06:12:43.221,0.78928,0.78944,1.00,1.12
2017.09.12 06:12:43.603,0.78929,0.78944,1.37,1.00
2017.09.12 06:12:44.108,0.78928,0.78944,1.87,1.12
2017.09.12 06:12:44.754,0.78928,0.78943,1.62,1.00
2017.09.12 06:12:44.804,0.78927,0.78943,1.00,1.12
2017.09.12 06:12:45.305,0.78926,0.78942,1.87,1.00
2017.09.12 06:12:46.863,0.78924,0.78939,1.37,1.00
2017.09.12 06:12:46.964,0.78925,0.78942,1.37,1.19
2017.09.12 06:12:47.823,0.78925,0.78942,1.37,1.25
2017.09.12 06:12:48.235,0.78923,0.78942,2.06,1.37
2017.09.12 06:12:48.564,0.78927,0.78942,1.00,1.37
2017.09.12 06:12:48.614,0.78927,0.78942,1.12,1.12
2017.09.12 06:12:51.487,0.78928,0.78944,1.00,1.37
2017.09.12 06:12:51.739,0.78927,0.78945,1.87,1.62
2017.09.12 06:12:52.426,0.78928,0.78943,1.37,1.00
2017.09.12 06:12:53.718,0.78928,0.78943,1.00,1.87
2017.09.12 06:12:54.398,0.78926,0.78944,1.37,1.87
2017.09.12 06:13:01.928,0.78928,0.78943,1.00,1.37
2017.09.12 06:13:02.435,0.78926,0.78943,1.37,1.37
2017.09.12 06:13:04.193,0.78928,0.78944,1.00,1.87
2017.09.12 06:13:07.443,0.78927,0.78943,1.12,1.37
2017.09.12 06:13:07.952,0.78926,0.78941,1.37,1.00
2017.09.12 06:13:08.526,0.78925,0.78943,2.06,1.37
2017.09.12 06:13:09.402,0.78923,0.78939,1.37,1.00
2017.09.12 06:13:09.453,0.78923,0.78941,1.37,1.37
2017.09.12 06:13:09.554,0.78923,0.7894,1.37,1.37
2017.09.12 06:13:11.057,0.78925,0.78942,1.00,1.37
2017.09.12 06:13:11.158,0.78925,0.78942,1.00,1.37
2017.09.12 06:13:14.939,0.78924,0.78943,1.12,1.37
2017.09.12 06:13:16.681,0.78925,0.78942,1.00,1.37
2017.09.12 06:13:18.232,0.78926,0.78942,1.00,1.37
2017.09.12 06:13:19.869,0.78926,0.78943,1.12,1.12
2017.09.12 06:13:19.920,0.78928,0.78944,1.00,1.37
2017.09.12 06:13:24.331,0.78931,0.78946,1.00,1.37
2017.09.12 06:13:24.381,0.7893,0.78946,1.00,1.37
2017.09.12 06:13:24.786,0.78927,0.78944,1.00,1.12
2017.09.12 06:13:24.837,0.78926,0.78942,2.06,1.00
2017.09.12 06:13:25.096,0.78923,0.7894,1.12,1.00
2017.09.12 06:13:25.198,0.78919,0.78937,2.81,1.00
2017.09.12 06:13:25.299,0.78919,0.78935,1.37,1.00
2017.09.12 06:13:25.451,0.78924,0.7894,1.00,2.62
2017.09.12 06:13:25.501,0.78921,0.78937,1.00,1.37
2017.09.12 06:13:25.603,0.78921,0.78937,1.00,1.12
2017.09.12 06:13:26.421,0.78921,0.78937,1.00,1.37
2017.09.12 06:13:26.952,0.78923,0.78938,1.00,1.37
2017.09.12 06:13:27.103,0.78922,0.78938,1.37,1.00
2017.09.12 06:13:27.205,0.78919,0.78937,1.37,1.00
2017.09.12 06:13:27.255,0.78923,0.78941,1.25,1.87
2017.09.12 06:13:27.508,0.78925,0.78941,1.00,1.12
2017.09.12 06:13:27.709,0.78922,0.7894,1.56,1.00
2017.09.12 06:13:29.242,0.78924,0.7894,1.00,1.00
2017.09.12 06:13:33.311,0.78924,0.7894,1.00,1.37
2017.09.12 06:13:35.546,0.78925,0.78941,1.00,1.62
2017.09.12 06:13:35.597,0.78928,0.78942,1.00,1.37
2017.09.12 06:13:35.757,0.78931,0.78947,1.25,1.37
2017.09.12 06:13:36.356,0.7893,0.78946,1.00,1.12
2017.09.12 06:13:36.495,0.78928,0.78944,1.62,1.00
2017.09.12 06:13:36.749,0.78924,0.7894,1.12,1.00
2017.09.12 06:13:36.956,0.78926,0.78942,1.00,1.37
2017.09.12 06:13:37.469,0.78927,0.78943,1.00,1.87
2017.09.12 06:13:37.520,0.78927,0.78943,1.00,1.50
2017.09.12 06:13:38.540,0.78927,0.78944,1.00,1.87
2017.09.12 06:13:39.715,0.78927,0.78945,1.00,1.87
2017.09.12 06:13:40.525,0.78927,0.78944,1.00,1.00
2017.09.12 06:13:41.096,0.78927,0.78945,1.00,1.87
2017.09.12 06:13:43.071,0.78926,0.78945,1.12,1.87
2017.09.12 06:13:43.121,0.78928,0.78945,1.00,1.31
2017.09.12 06:13:43.172,0.78928,0.78945,1.25,1.12
2017.09.12 06:13:43.324,0.78928,0.78947,1.37,1.19
2017.09.12 06:13:43.426,0.78928,0.78947,1.37,1.56
2017.09.12 06:13:47.503,0.7893,0.78948,1.00,1.87
2017.09.12 06:13:48.034,0.78928,0.78946,1.00,2.06
2017.09.12 06:13:48.085,0.7893,0.78946,1.00,1.37
2017.09.12 06:13:48.485,0.78928,0.78944,1.00,1.00
2017.09.12 06:13:49.177,0.78928,0.78944,1.37,1.00
2017.09.12 06:13:49.616,0.78928,0.78946,1.62,1.31
2017.09.12 06:13:50.818,0.78928,0.78944,1.37,1.00
2017.09.12 06:13:50.920,0.7893,0.78946,1.00,1.12
2017.09.12 06:13:51.072,0.78927,0.78945,1.19,1.37
2017.09.12 06:13:51.733,0.78927,0.78945,1.00,1.62
2017.09.12 06:13:52.207,0.7893,0.78948,1.00,1.87
2017.09.12 06:13:53.361,0.78931,0.7895,1.12,1.87
2017.09.12 06:13:53.865,0.78932,0.7895,1.00,1.37
2017.09.12 06:13:55.140,0.78931,0.78949,1.12,1.62
2017.09.12 06:13:55.835,0.78932,0.78949,1.00,1.37
2017.09.12 06:13:57.036,0.7893,0.78947,1.62,1.12
2017.09.12 06:13:57.339,0.7893,0.78945,1.00,1.37
2017.09.12 06:13:57.870,0.78928,0.78945,1.37,1.87
2017.09.12 06:13:58.217,0.78926,0.78943,1.00,1.37
2017.09.12 06:14:00.579,0.78927,0.78943,1.00,1.37
2017.09.12 06:14:00.681,0.78928,0.78945,1.12,1.37
2017.09.12 06:14:00.949,0.78927,0.78943,1.00,1.37
2017.09.12 06:14:01.292,0.78921,0.78937,1.37,1.00
2017.09.12 06:14:01.393,0.78921,0.78937,1.12,1.37
2017.09.12 06:14:02.375,0.78924,0.78939,1.00,1.37
2017.09.12 06:14:02.548,0.78924,0.7894,1.12,1.37
2017.09.12 06:14:09.634,0.78922,0.78938,1.37,1.00
2017.09.12 06:14:09.735,0.7892,0.78935,1.37,1.00
2017.09.12 06:14:09.786,0.78918,0.78934,1.37,1.00
2017.09.12 06:14:09.837,0.78917,0.78932,1.37,1.00
2017.09.12 06:14:09.888,0.78917,0.78932,1.12,1.12
2017.09.12 06:14:10.191,0.78917,0.78934,1.00,1.37
2017.09.12 06:14:10.485,0.78925,0.78939,1.00,1.00
2017.09.12 06:14:10.586,0.78925,0.78936,1.00,1.00
2017.09.12 06:14:10.889,0.78926,0.78944,1.12,1.37
2017.09.12 06:14:11.306,0.78924,0.78941,1.37,1.37
2017.09.12 06:14:11.947,0.78926,0.78942,1.00,1.87
2017.09.12 06:14:12.472,0.78926,0.78942,1.37,1.37
2017.09.12 06:14:13.596,0.78927,0.78943,1.37,1.12
2017.09.12 06:14:15.158,0.78929,0.78944,1.00,1.37
2017.09.12 06:14:15.775,0.78928,0.78944,1.12,1.37
2017.09.12 06:14:16.706,0.78929,0.78945,1.00,1.37
2017.09.12 06:14:18.795,0.78929,0.78946,1.37,1.37
2017.09.12 06:14:20.425,0.78928,0.78945,1.12,1.87
2017.09.12 06:14:20.635,0.78928,0.78945,1.87,1.00
2017.09.12 06:14:21.516,0.78926,0.78942,1.37,1.00
2017.09.12 06:14:22.041,0.78927,0.78944,1.87,1.37
2017.09.12 06:14:25.593,0.78926,0.78943,1.37,1.87
2017.09.12 06:14:26.262,0.78928,0.78945,1.00,1.87
2017.09.12 06:14:26.413,0.78929,0.78945,1.00,1.37
2017.09.12 06:14:27.767,0.78928,0.78945,1.12,1.87
2017.09.12 06:14:27.926,0.78926,0.78943,1.12,1.87
2017.09.12 06:14:28.257,0.78928,0.78945,1.25,1.37
2017.09.12 06:14:28.408,0.7893,0.78946,1.00,1.12
2017.09.12 06:14:28.510,0.78932,0.78948,1.00,2.06
2017.09.12 06:14:28.711,0.78935,0.78952,1.12,1.37
2017.09.12 06:14:34.189,0.78936,0.78953,1.00,1.87
2017.09.12 06:14:34.240,0.78936,0.78953,1.37,1.87
2017.09.12 06:14:34.391,0.78939,0.78956,1.00,1.87
2017.09.12 06:14:34.518,0.78939,0.78955,1.00,1.12
2017.09.12 06:14:39.151,0.78939,0.78957,1.37,1.87
2017.09.12 06:14:41.051,0.78939,0.78957,1.12,1.37
2017.09.12 06:14:46.052,0.78942,0.78958,1.12,1.37
2017.09.12 06:14:46.356,0.78944,0.7896,1.37,1.12
2017.09.12 06:14:46.703,0.78947,0.78964,1.37,1.00
2017.09.12 06:14:46.754,0.78945,0.78963,1.37,1.25
2017.09.12 06:14:46.856,0.78945,0.7896,1.37,1.00
2017.09.12 06:14:47.261,0.78945,0.78962,1.37,1.00
2017.09.12 06:14:48.447,0.78945,0.78963,1.87,1.12
2017.09.12 06:14:49.072,0.78945,0.78962,1.87,1.00
2017.09.12 06:14:49.375,0.78941,0.7896,2.06,1.69
2017.09.12 06:14:49.476,0.78942,0.7896,1.37,2.06
2017.09.12 06:14:49.954,0.78943,0.78959,1.37,1.00
2017.09.12 06:14:50.981,0.78943,0.7896,1.87,1.12
2017.09.12 06:14:52.305,0.78943,0.78959,1.00,1.37
2017.09.12 06:14:52.826,0.78942,0.78958,1.00,1.12
2017.09.12 06:14:53.866,0.78942,0.7896,1.87,1.37
2017.09.12 06:14:57.297,0.78942,0.78959,1.12,1.37
2017.09.12 06:15:01.318,0.78943,0.78959,1.00,1.37
2017.09.12 06:15:02.344,0.78942,0.78959,1.12,1.87
2017.09.12 06:15:10.933,0.78942,0.78957,1.37,1.00
2017.09.12 06:15:12.983,0.78941,0.78956,1.37,1.00
2017.09.12 06:15:13.034,0.78941,0.78956,1.37,1.00
2017.09.12 06:15:13.550,0.78941,0.78955,1.00,1.12
2017.09.12 06:15:13.850,0.78941,0.78957,1.37,1.87
2017.09.12 06:15:14.774,0.7894,0.78955,1.37,1.00
2017.09.12 06:15:14.925,0.7894,0.78954,1.00,1.00
2017.09.12 06:15:15.153,0.78937,0.78953,1.87,1.12
2017.09.12 06:15:16.428,0.78937,0.78952,1.37,1.00
2017.09.12 06:15:17.688,0.78937,0.78953,1.37,1.12
2017.09.12 06:15:18.633,0.78939,0.78956,1.25,1.87
2017.09.12 06:15:18.834,0.78938,0.78955,1.37,1.12
2017.09.12 06:15:21.874,0.78938,0.78954,1.37,1.00
2017.09.12 06:15:22.876,0.78938,0.78952,1.37,1.00
2017.09.12 06:15:23.151,0.78938,0.78952,1.00,1.12
2017.09.12 06:15:23.354,0.78939,0.78954,1.37,1.00
2017.09.12 06:15:24.332,0.78936,0.78953,1.37,1.12
2017.09.12 06:15:26.559,0.78936,0.78952,1.87,1.00
2017.09.12 06:15:27.960,0.78937,0.78953,1.37,1.12
2017.09.12 06:15:29.297,0.78939,0.78954,1.12,1.00
2017.09.12 06:15:29.848,0.78939,0.78954,1.00,1.37
2017.09.12 06:15:30.455,0.78938,0.78953,1.12,1.12
2017.09.12 06:15:31.434,0.78937,0.78952,1.87,1.00
2017.09.12 06:15:32.481,0.78938,0.78953,1.12,1.12
2017.09.12 06:15:37.665,0.78942,0.78956,1.00,1.37
2017.09.12 06:15:37.716,0.78943,0.78957,1.00,1.37
2017.09.12 06:15:37.817,0.78943,0.78957,1.12,1.12
2017.09.12 06:15:38.768,0.78943,0.78957,1.37,1.00
2017.09.12 06:15:39.296,0.7894,0.78956,1.37,1.00
2017.09.12 06:15:40.152,0.7894,0.78956,1.37,1.00
2017.09.12 06:15:43.019,0.78941,0.78959,1.37,1.37
2017.09.12 06:15:43.070,0.78947,0.78961,1.00,1.37
2017.09.12 06:15:43.121,0.78947,0.78964,1.50,1.37
2017.09.12 06:15:43.907,0.78947,0.78962,1.12,1.00
2017.09.12 06:15:44.378,0.78949,0.78963,1.00,1.00
2017.09.12 06:15:44.894,0.78948,0.78963,1.50,1.00
2017.09.12 06:15:45.259,0.78949,0.78964,1.37,1.00
2017.09.12 06:15:46.019,0.78949,0.78964,1.00,1.37
2017.09.12 06:15:48.272,0.78948,0.78963,1.12,1.87
2017.09.12 06:15:49.024,0.7895,0.78964,1.00,1.37
2017.09.12 06:15:50.307,0.78948,0.78964,1.31,1.37
2017.09.12 06:15:50.944,0.7895,0.78964,1.00,1.37
2017.09.12 06:15:52.026,0.78949,0.78964,1.00,1.37
2017.09.12 06:15:58.545,0.7895,0.78965,1.00,1.37
2017.09.12 06:15:58.798,0.78953,0.78968,1.37,1.00
2017.09.12 06:16:01.273,0.78953,0.78967,1.37,1.00
2017.09.12 06:16:03.156,0.78952,0.78969,1.37,1.12
2017.09.12 06:16:03.308,0.78952,0.78967,1.31,1.12
2017.09.12 06:16:04.412,0.78953,0.78967,1.00,1.00
2017.09.12 06:16:04.736,0.78951,0.78965,1.37,1.00
2017.09.12 06:16:05.614,0.78951,0.78966,1.37,1.00
2017.09.12 06:16:07.670,0.78951,0.78967,1.37,1.00
2017.09.12 06:16:07.973,0.7895,0.78965,1.00,1.00
2017.09.12 06:16:08.328,0.7895,0.78965,1.00,1.37
2017.09.12 06:16:08.479,0.7895,0.78966,1.12,1.37
2017.09.12 06:16:09.167,0.78948,0.78964,1.37,1.00
2017.09.12 06:16:09.700,0.7895,0.78966,1.12,1.37
2017.09.12 06:16:13.268,0.78952,0.78967,1.00,1.37
2017.09.12 06:16:13.525,0.78952,0.78968,1.12,1.37
2017.09.12 06:16:17.064,0.78949,0.78966,1.87,1.00
2017.09.12 06:16:17.115,0.78949,0.78964,1.37,1.00
2017.09.12 06:16:17.422,0.78951,0.78968,1.37,1.62
2017.09.12 06:16:18.591,0.78951,0.78968,1.37,1.25
2017.09.12 06:16:20.269,0.78951,0.78969,2.06,2.06
2017.09.12 06:16:21.506,0.78953,0.78969,1.00,2.06
2017.09.12 06:16:22.940,0.78951,0.78968,1.56,1.37
2017.09.12 06:16:23.603,0.78953,0.78969,1.00,1.37
2017.09.12 06:16:23.945,0.78953,0.78971,2.06,1.12
2017.09.12 06:16:24.102,0.78953,0.78971,2.06,1.37
2017.09.12 06:16:26.961,0.78956,0.78972,1.00,1.37
2017.09.12 06:16:28.657,0.78953,0.78972,2.06,1.37
2017.09.12 06:16:28.859,0.78951,0.78967,1.12,1.00
2017.09.12 06:16:28.973,0.78953,0.78968,1.00,1.37
2017.09.12 06:16:29.125,0.78953,0.78968,1.00,1.37
2017.09.12 06:16:31.134,0.78949,0.78967,2.06,1.12
2017.09.12 06:16:31.336,0.78948,0.78966,1.62,1.37
2017.09.12 06:16:33.728,0.7895,0.78966,1.00,1.87
2017.09.12 06:16:34.053,0.78952,0.78968,1.00,1.37
2017.09.12 06:16:34.231,0.78952,0.78968,1.00,1.87
2017.09.12 06:16:39.501,0.78953,0.78968,1.00,1.37
2017.09.12 06:16:40.498,0.78953,0.78969,1.12,1.37
2017.09.12 06:16:41.849,0.78953,0.78968,1.00,1.37
2017.09.12 06:16:42.216,0.78955,0.78971,1.00,1.87
2017.09.12 06:16:42.267,0.78955,0.78971,1.00,1.37
2017.09.12 06:16:42.491,0.78956,0.78974,1.12,2.06
2017.09.12 06:16:42.592,0.78956,0.78974,1.37,2.06
2017.09.12 06:16:45.900,0.78955,0.78971,1.87,1.00
2017.09.12 06:16:46.203,0.78954,0.7897,1.12,1.00
2017.09.12 06:16:46.841,0.78954,0.78969,1.12,1.00
2017.09.12 06:16:47.866,0.78954,0.7897,1.12,1.00
2017.09.12 06:16:51.775,0.78954,0.7897,1.00,1.37
2017.09.12 06:16:52.398,0.78954,0.7897,1.37,1.12
2017.09.12 06:16:56.957,0.78956,0.78971,1.00,1.37
2017.09.12 06:16:57.569,0.78955,0.78971,1.12,1.87
2017.09.12 06:17:00.285,0.78955,0.7897,1.00,1.37
2017.09.12 06:17:02.485,0.78953,0.78968,1.12,1.12
2017.09.12 06:17:02.536,0.78948,0.78965,1.87,1.50
2017.09.12 06:17:02.637,0.78949,0.78965,1.00,1.37
2017.09.12 06:17:02.739,0.78949,0.78964,1.37,1.00
2017.09.12 06:17:03.459,0.78949,0.78964,1.00,1.37
2017.09.12 06:17:04.843,0.78948,0.78964,1.12,1.37
2017.09.12 06:17:06.077,0.78949,0.78964,1.00,1.37
2017.09.12 06:17:07.701,0.7895,0.78965,1.00,1.37
2017.09.12 06:17:07.752,0.78953,0.78968,1.00,2.62
2017.09.12 06:17:07.905,0.78952,0.78968,1.12,1.37
2017.09.12 06:17:14.770,0.78951,0.78966,1.37,1.00
2017.09.12 06:17:15.548,0.78952,0.78967,1.12,1.12
2017.09.12 06:17:16.647,0.78951,0.78966,1.37,1.00
2017.09.12 06:17:20.462,0.78952,0.78967,1.12,1.12
2017.09.12 06:17:21.120,0.78953,0.78967,1.00,1.12
2017.09.12 06:17:21.658,0.78952,0.78968,1.12,1.37
2017.09.12 06:17:22.759,0.7895,0.78965,1.87,1.00
2017.09.12 06:17:22.981,0.78951,0.78967,1.37,1.12
2017.09.12 06:17:24.883,0.78952,0.78969,1.37,1.37
2017.09.12 06:17:28.287,0.78954,0.78969,1.00,1.37
2017.09.12 06:17:29.852,0.78953,0.78969,1.12,1.37
2017.09.12 06:17:31.967,0.78954,0.7897,1.00,1.37
2017.09.12 06:17:32.118,0.78956,0.78972,1.00,1.87
2017.09.12 06:17:32.270,0.78958,0.78976,1.37,1.87
2017.09.12 06:17:33.492,0.78959,0.78974,1.00,1.37
2017.09.12 06:17:33.814,0.78957,0.78974,1.00,1.87
2017.09.12 06:17:33.865,0.78957,0.78974,1.00,1.87
2017.09.12 06:17:40.058,0.78956,0.78972,1.12,1.50
2017.09.12 06:17:40.159,0.78953,0.7897,1.62,1.50
2017.09.12 06:17:40.311,0.78952,0.78968,1.37,1.12
2017.09.12 06:17:40.830,0.78952,0.78968,1.00,1.37
2017.09.12 06:17:41.378,0.78951,0.78968,1.00,1.87
2017.09.12 06:17:43.273,0.78949,0.78968,1.37,1.87
2017.09.12 06:17:43.425,0.7895,0.78966,1.00,1.37
2017.09.12 06:17:44.792,0.78951,0.78967,1.00,1.37
2017.09.12 06:17:48.095,0.78951,0.78968,1.12,1.87
2017.09.12 06:17:51.908,0.78947,0.78963,1.37,1.00
2017.09.12 06:17:52.110,0.78942,0.78959,1.37,1.00
2017.09.12 06:17:52.211,0.78944,0.78959,1.00,1.37
2017.09.12 06:17:52.519,0.78943,0.7896,1.87,1.12
2017.09.12 06:17:53.111,0.78942,0.78959,1.37,1.37
2017.09.12 06:18:03.016,0.78941,0.78957,1.87,1.00
2017.09.12 06:18:06.399,0.78942,0.78959,1.37,1.37
2017.09.12 06:18:06.602,0.78946,0.78963,1.12,1.12
2017.09.12 06:18:08.438,0.78945,0.78962,1.87,1.00
2017.09.12 06:18:08.749,0.78941,0.78958,1.87,1.00
2017.09.12 06:18:08.800,0.78941,0.78957,1.37,1.00
2017.09.12 06:18:15.521,0.7894,0.78957,1.37,1.37
2017.09.12 06:18:25.536,0.78942,0.78958,1.00,1.37
2017.09.12 06:18:26.144,0.7894,0.78958,1.62,1.37
2017.09.12 06:18:39.584,0.78938,0.78955,1.37,1.50
2017.09.12 06:18:39.685,0.78937,0.78954,1.37,1.37
2017.09.12 06:18:51.290,0.78938,0.78955,1.87,1.00
2017.09.12 06:18:54.439,0.78938,0.78954,1.37,1.00
2017.09.12 06:19:00.191,0.78937,0.78955,1.87,1.00
2017.09.12 06:19:01.683,0.78937,0.78954,1.37,1.00
2017.09.12 06:19:02.448,0.78937,0.78953,1.37,1.00
2017.09.12 06:19:03.121,0.78938,0.78954,1.12,1.37
2017.09.12 06:19:03.525,0.78936,0.78952,1.12,1.37
2017.09.12 06:19:03.932,0.78936,0.78952,1.87,1.00
2017.09.12 06:19:04.033,0.78936,0.78952,1.12,1.37
2017.09.12 06:19:04.923,0.78937,0.78953,1.00,1.87
2017.09.12 06:19:06.446,0.78936,0.78952,1.87,1.00
2017.09.12 06:19:07.783,0.78935,0.78951,1.87,1.00
2017.09.12 06:19:12.072,0.78935,0.78951,1.87,1.00
2017.09.12 06:19:12.673,0.78933,0.7895,1.87,1.00
2017.09.12 06:19:13.125,0.78937,0.78953,1.00,1.87
2017.09.12 06:19:13.643,0.78936,0.78952,1.37,1.00
2017.09.12 06:19:14.049,0.78936,0.78952,1.12,1.37
2017.09.12 06:19:18.181,0.78938,0.78953,1.00,1.37
2017.09.12 06:19:18.282,0.78939,0.78955,1.00,1.87
2017.09.12 06:19:22.885,0.7894,0.78955,1.00,1.37
2017.09.12 06:19:30.287,0.7894,0.78956,1.12,1.37
2017.09.12 06:19:30.817,0.78943,0.78957,1.00,1.37
2017.09.12 06:19:30.919,0.78943,0.78957,1.00,1.12
2017.09.12 06:19:31.449,0.78941,0.78959,2.06,1.37
2017.09.12 06:19:32.216,0.78941,0.78957,1.00,1.37
2017.09.12 06:19:32.418,0.78941,0.78957,1.87,1.12
2017.09.12 06:19:33.179,0.78945,0.78961,1.00,1.37
2017.09.12 06:19:33.381,0.78946,0.78963,1.00,1.37
2017.09.12 06:19:34.628,0.78946,0.78962,1.37,1.12
2017.09.12 06:19:36.495,0.78948,0.78966,1.50,1.87
2017.09.12 06:19:39.997,0.78949,0.78965,1.00,1.37
2017.09.12 06:19:40.098,0.78952,0.78968,1.00,1.37
2017.09.12 06:19:40.250,0.78953,0.78969,1.00,1.37
2017.09.12 06:19:40.351,0.78953,0.7897,1.12,1.12
2017.09.12 06:19:40.937,0.78953,0.78969,1.12,1.00
2017.09.12 06:19:46.319,0.78953,0.78969,1.00,1.37
2017.09.12 06:19:46.857,0.78951,0.78969,1.62,1.37
2017.09.12 06:19:51.247,0.78949,0.78966,1.87,1.00
2017.09.12 06:19:51.333,0.78949,0.78966,1.87,1.12
2017.09.12 06:19:51.384,0.78947,0.78963,1.37,1.00
2017.09.12 06:19:51.540,0.78947,0.78963,1.12,1.37
2017.09.12 06:19:51.831,0.78948,0.78964,1.37,1.12
2017.09.12 06:19:58.950,0.78949,0.78965,1.87,1.00
2017.09.12 06:19:59.458,0.7895,0.78966,1.37,1.12
2017.09.12 06:20:00.120,0.78949,0.78965,1.37,1.00
2017.09.12 06:20:00.425,0.78947,0.78963,1.00,1.37
2017.09.12 06:20:00.476,0.78947,0.78963,1.37,1.00
2017.09.12 06:20:01.008,0.78947,0.78963,1.00,1.12
2017.09.12 06:20:01.059,0.78947,0.78963,1.37,1.00
2017.09.12 06:20:01.156,0.78947,0.78963,1.12,1.37
2017.09.12 06:20:17.491,0.78947,0.78964,1.25,1.37
2017.09.12 06:20:17.592,0.78947,0.78964,1.25,1.37
2017.09.12 06:20:29.472,0.78946,0.78962,1.31,1.00
2017.09.12 06:20:30.263,0.78946,0.78962,1.00,1.87
2017.09.12 06:20:34.346,0.78945,0.78961,1.12,1.12
2017.09.12 06:20:38.398,0.78944,0.7896,1.87,1.00
2017.09.12 06:20:38.647,0.78947,0.78962,1.00,1.37
2017.09.12 06:20:39.003,0.78949,0.78965,1.87,1.00
2017.09.12 06:20:39.580,0.78948,0.78964,1.87,1.00
2017.09.12 06:20:42.807,0.78949,0.78965,1.37,1.00
2017.09.12 06:20:43.761,0.78948,0.78965,1.87,1.37
2017.09.12 06:20:44.321,0.7895,0.78966,1.00,1.87
2017.09.12 06:20:44.372,0.78949,0.78965,1.00,1.37
2017.09.12 06:20:45.559,0.78947,0.78963,1.87,1.37
2017.09.12 06:20:51.861,0.78944,0.78961,1.37,1.00
2017.09.12 06:20:51.912,0.78943,0.78961,2.06,1.87
2017.09.12 06:20:52.014,0.78943,0.78961,2.06,1.87
2017.09.12 06:20:52.290,0.78944,0.78961,1.37,1.12
2017.09.12 06:20:54.521,0.78943,0.78959,1.37,1.12
2017.09.12 06:21:03.371,0.78942,0.78958,1.37,1.00
2017.09.12 06:21:04.148,0.78943,0.78959,1.37,1.12
2017.09.12 06:21:07.698,0.78944,0.7896,1.37,1.12
2017.09.12 06:21:07.940,0.78944,0.7896,1.12,1.37
2017.09.12 06:21:11.686,0.78947,0.78963,1.50,1.37
2017.09.12 06:21:11.737,0.78948,0.78964,1.00,1.37
2017.09.12 06:21:11.838,0.78949,0.78965,1.37,1.12
2017.09.12 06:21:15.263,0.78946,0.78961,1.37,1.00
2017.09.12 06:21:15.314,0.78946,0.78961,1.37,1.00
2017.09.12 06:21:15.365,0.78943,0.78959,1.87,1.00
2017.09.12 06:21:15.415,0.78943,0.78959,1.87,1.00
2017.09.12 06:21:18.996,0.78944,0.7896,1.37,1.12
2017.09.12 06:21:19.513,0.78946,0.78961,1.00,1.37
2017.09.12 06:21:19.563,0.78946,0.78961,1.37,1.00
2017.09.12 06:21:21.043,0.78944,0.78961,1.37,1.37
2017.09.12 06:21:22.447,0.78944,0.78959,1.37,1.00
2017.09.12 06:21:34.164,0.78942,0.7896,2.06,1.12
2017.09.12 06:21:36.100,0.78949,0.78965,1.00,1.37
2017.09.12 06:21:36.151,0.7895,0.78966,1.00,2.62
2017.09.12 06:21:36.300,0.78948,0.78966,1.50,1.37
2017.09.12 06:21:36.351,0.78948,0.78966,1.87,1.37
2017.09.12 06:21:39.846,0.78945,0.78962,1.37,1.00
2017.09.12 06:21:39.997,0.78943,0.78959,1.37,1.00
2017.09.12 06:21:40.721,0.78942,0.78958,1.87,1.00
2017.09.12 06:21:40.772,0.78942,0.78958,1.37,1.12
2017.09.12 06:21:41.613,0.78947,0.78963,1.00,1.87
2017.09.12 06:21:41.664,0.78948,0.78963,1.00,1.37
2017.09.12 06:21:41.765,0.78948,0.78964,1.12,1.12
2017.09.12 06:21:42.320,0.78949,0.78964,1.00,1.12
2017.09.12 06:21:42.371,0.78949,0.78964,1.37,1.00
2017.09.12 06:21:42.729,0.7895,0.78966,1.37,1.12
2017.09.12 06:21:47.251,0.78948,0.78965,1.87,1.00
2017.09.12 06:21:47.761,0.78949,0.78964,1.12,1.12
2017.09.12 06:21:50.245,0.78949,0.78963,1.12,1.00
2017.09.12 06:21:50.889,0.78949,0.78964,1.12,1.12
2017.09.12 06:22:31.437,0.78946,0.78962,1.37,1.00
2017.09.12 06:22:31.589,0.78943,0.78959,1.37,1.00
2017.09.12 06:22:32.469,0.78943,0.78959,1.87,1.37
2017.09.12 06:22:33.086,0.78943,0.78959,1.87,1.00
2017.09.12 06:22:33.552,0.78943,0.78961,1.37,1.12
2017.09.12 06:22:35.702,0.78944,0.7896,1.12,1.00
2017.09.12 06:22:36.540,0.78944,0.78961,1.12,1.12
2017.09.12 06:22:38.300,0.78944,0.7896,1.12,1.00
2017.09.12 06:22:48.370,0.78944,0.7896,1.37,1.12
2017.09.12 06:22:52.890,0.78946,0.78962,1.00,1.87
2017.09.12 06:22:53.097,0.78947,0.78963,1.12,1.37
2017.09.12 06:22:53.424,0.78945,0.78961,1.12,1.87
2017.09.12 06:23:08.618,0.78945,0.78961,1.37,1.12
2017.09.12 06:23:36.466,0.78944,0.78962,2.06,1.00
2017.09.12 06:23:40.460,0.7895,0.78965,1.50,1.37
2017.09.12 06:23:40.980,0.78947,0.78962,1.37,1.00
2017.09.12 06:23:41.570,0.78947,0.78963,1.87,1.00
2017.09.12 06:23:42.569,0.78947,0.78961,1.37,1.00
2017.09.12 06:23:46.002,0.78946,0.78961,1.37,1.00
2017.09.12 06:23:52.512,0.78946,0.78962,1.37,1.12
2017.09.12 06:23:53.059,0.78946,0.78961,1.62,1.00
2017.09.12 06:24:00.231,0.78947,0.78964,1.12,1.37
2017.09.12 06:24:00.433,0.78947,0.78964,1.37,1.12
2017.09.12 06:24:02.063,0.78946,0.78961,1.87,1.00
2017.09.12 06:24:02.164,0.78944,0.78961,2.06,1.00
2017.09.12 06:24:02.940,0.78944,0.7896,2.06,1.00
2017.09.12 06:24:03.370,0.78943,0.78958,1.37,1.00
2017.09.12 06:24:03.573,0.7894,0.78955,1.87,1.00
2017.09.12 06:24:03.807,0.7894,0.78957,1.37,1.00
2017.09.12 06:24:05.083,0.78942,0.78958,1.00,1.12
2017.09.12 06:24:05.820,0.78942,0.78957,1.37,1.00
2017.09.12 06:24:06.871,0.78941,0.78956,1.87,1.00
2017.09.12 06:24:07.419,0.7894,0.78955,1.87,1.00
2017.09.12 06:24:07.470,0.7894,0.78955,1.87,1.00
2017.09.12 06:24:08.668,0.7894,0.78956,1.37,1.00
2017.09.12 06:24:09.379,0.78941,0.78957,1.37,1.12
2017.09.12 06:24:11.414,0.78941,0.78956,1.37,1.00
2017.09.12 06:24:15.798,0.78941,0.78957,1.37,1.12
2017.09.12 06:24:17.409,0.78941,0.78956,1.37,1.00
2017.09.12 06:24:18.179,0.7894,0.78955,1.87,1.00
2017.09.12 06:24:19.565,0.7894,0.78956,1.87,1.00
2017.09.12 06:24:19.717,0.78943,0.78958,1.12,1.00
2017.09.12 06:24:19.897,0.78941,0.78956,1.37,1.00
2017.09.12 06:24:20.539,0.7894,0.78955,1.87,1.00
2017.09.12 06:24:21.502,0.78937,0.78954,1.37,1.00
2017.09.12 06:24:21.552,0.78938,0.78954,1.37,1.12
2017.09.12 06:24:21.754,0.7894,0.78956,1.87,1.00
2017.09.12 06:24:23.383,0.7894,0.78955,1.37,1.00
2017.09.12 06:24:24.757,0.7894,0.78954,1.37,1.00
2017.09.12 06:24:28.179,0.78939,0.78956,1.37,1.00
2017.09.12 06:24:28.575,0.78938,0.78956,2.06,1.12
2017.09.12 06:24:31.003,0.78941,0.78956,1.00,1.12
2017.09.12 06:24:31.621,0.78941,0.78956,1.87,1.00
2017.09.12 06:24:31.792,0.78942,0.7896,1.37,1.37
2017.09.12 06:24:32.044,0.78944,0.78961,1.37,1.12
2017.09.12 06:24:32.923,0.78944,0.78959,1.37,1.00
2017.09.12 06:24:33.442,0.78944,0.7896,1.37,1.00
2017.09.12 06:24:48.297,0.78945,0.7896,1.12,1.12
2017.09.12 06:24:53.996,0.78943,0.78959,1.87,1.00
2017.09.12 06:24:58.000,0.78944,0.78959,1.00,1.12
2017.09.12 06:25:00.114,0.78945,0.7896,1.00,1.87
2017.09.12 06:25:00.810,0.78945,0.7896,1.37,1.00
2017.09.12 06:25:01.359,0.78945,0.78961,1.37,1.12
2017.09.12 06:25:01.685,0.78941,0.78956,1.37,1.00
2017.09.12 06:25:02.292,0.78941,0.78958,1.37,1.37
2017.09.12 06:25:02.609,0.78943,0.78958,1.37,1.12
2017.09.12 06:25:03.156,0.78943,0.78958,1.00,1.37
2017.09.12 06:25:03.846,0.78941,0.78958,2.06,1.37
2017.09.12 06:25:07.415,0.78941,0.78956,1.37,1.00
2017.09.12 06:25:08.329,0.7894,0.78955,1.37,1.12
2017.09.12 06:25:08.431,0.78942,0.78957,1.00,1.00
2017.09.12 06:25:08.532,0.78942,0.78957,1.87,1.00
2017.09.12 06:25:09.127,0.78941,0.78957,1.37,1.12
2017.09.12 06:25:17.346,0.78943,0.78959,1.00,1.87
2017.09.12 06:25:18.213,0.78941,0.78959,2.06,1.87
2017.09.12 06:25:22.340,0.78943,0.78958,1.00,1.37
2017.09.12 06:25:23.346,0.78943,0.78958,1.12,1.00
2017.09.12 06:25:31.906,0.78943,0.7896,1.12,1.12
2017.09.12 06:25:31.957,0.78943,0.78958,1.12,1.00
2017.09.12 06:25:33.114,0.78943,0.78955,1.12,1.00
2017.09.12 06:25:33.753,0.7894,0.78956,1.87,1.00
2017.09.12 06:25:41.232,0.7894,0.78955,1.37,1.00
2017.09.12 06:25:43.196,0.7894,0.78956,1.37,1.00
2017.09.12 06:25:43.542,0.7894,0.78954,1.37,1.00
2017.09.12 06:25:43.845,0.78936,0.78952,1.87,1.00
2017.09.12 06:25:43.895,0.78937,0.78953,1.87,1.00
2017.09.12 06:25:44.047,0.78941,0.78957,1.50,1.37
2017.09.12 06:25:44.098,0.78939,0.78954,1.12,1.12
2017.09.12 06:25:44.630,0.78938,0.78953,1.37,1.00
2017.09.12 06:25:45.884,0.78936,0.78954,1.87,1.12
2017.09.12 06:25:49.185,0.78936,0.78954,1.12,1.87
2017.09.12 06:25:49.834,0.78936,0.78952,1.12,1.00
2017.09.12 06:25:50.768,0.78937,0.78953,1.00,1.12
2017.09.12 06:25:51.564,0.78936,0.78952,1.12,1.00
2017.09.12 06:25:52.084,0.78936,0.78954,1.12,1.87
2017.09.12 06:25:53.071,0.78938,0.78953,1.00,1.12
2017.09.12 06:25:54.890,0.78939,0.78954,1.00,1.37
2017.09.12 06:25:55.197,0.78943,0.78958,1.00,1.37
2017.09.12 06:25:57.033,0.78941,0.78958,1.37,1.87
2017.09.12 06:25:59.314,0.78942,0.78959,1.87,1.12
2017.09.12 06:26:01.638,0.78942,0.78958,1.87,1.00
2017.09.12 06:26:07.513,0.7894,0.78956,1.37,1.00
2017.09.12 06:26:07.666,0.78933,0.78951,1.37,1.00
2017.09.12 06:26:07.717,0.78933,0.78949,1.37,1.00
2017.09.12 06:26:08.020,0.78936,0.78953,1.37,1.37
2017.09.12 06:26:08.880,0.7894,0.78957,1.00,1.37
2017.09.12 06:26:08.931,0.7894,0.78958,1.00,1.37
2017.09.12 06:26:08.982,0.78942,0.78958,1.00,1.37
2017.09.12 06:26:09.032,0.78942,0.78958,1.12,1.37
2017.09.12 06:26:14.527,0.78942,0.78959,1.37,1.00
2017.09.12 06:26:15.053,0.78942,0.78958,1.37,1.00
2017.09.12 06:26:17.705,0.78942,0.78957,1.37,1.00
2017.09.12 06:26:17.979,0.78942,0.78959,1.87,1.00
2017.09.12 06:26:18.080,0.78942,0.78957,1.37,1.00
2017.09.12 06:26:18.962,0.78944,0.78959,1.00,1.37
2017.09.12 06:26:22.530,0.78943,0.78958,1.31,1.12
2017.09.12 06:26:22.833,0.78946,0.78961,1.00,1.37
2017.09.12 06:26:22.958,0.78946,0.78961,1.00,1.37
2017.09.12 06:26:23.470,0.78944,0.78959,1.37,1.00
2017.09.12 06:26:25.057,0.78944,0.78959,1.00,1.12
2017.09.12 06:26:28.355,0.78944,0.7896,1.37,1.12
2017.09.12 06:26:29.831,0.78944,0.78959,1.37,1.00
2017.09.12 06:26:29.983,0.78942,0.78959,1.31,1.37
2017.09.12 06:26:30.309,0.7894,0.78955,1.37,1.00
2017.09.12 06:26:30.511,0.7894,0.78955,1.12,1.12
2017.09.12 06:26:31.466,0.7894,0.78955,1.00,1.87
2017.09.12 06:26:34.387,0.78943,0.78956,1.00,1.37
2017.09.12 06:26:34.489,0.78944,0.78958,1.00,1.37
2017.09.12 06:26:36.267,0.78945,0.7896,1.00,1.87
2017.09.12 06:26:36.418,0.78946,0.78961,1.00,1.37
2017.09.12 06:26:36.519,0.78948,0.78963,1.00,1.37
2017.09.12 06:26:36.858,0.78947,0.78962,1.37,1.00
2017.09.12 06:26:36.909,0.78947,0.78962,1.37,1.00
2017.09.12 06:26:37.323,0.7895,0.78965,1.00,1.37
2017.09.12 06:26:38.858,0.7895,0.78965,1.37,1.00
2017.09.12 06:26:40.595,0.78951,0.78966,1.00,1.87
2017.09.12 06:26:40.746,0.78948,0.78965,1.87,1.37
2017.09.12 06:26:41.569,0.78946,0.78961,1.37,1.00
2017.09.12 06:26:41.720,0.78945,0.7896,1.37,1.00
2017.09.12 06:26:42.223,0.78944,0.78959,1.12,1.12
2017.09.12 06:26:42.558,0.78942,0.78957,1.37,1.00
2017.09.12 06:26:42.710,0.78942,0.78957,1.12,1.12
2017.09.12 06:26:43.272,0.78941,0.78956,1.37,1.00
2017.09.12 06:26:44.212,0.78941,0.78957,1.37,1.12
2017.09.12 06:26:44.743,0.78941,0.78956,1.37,1.00
2017.09.12 06:26:45.309,0.7894,0.78957,2.06,1.12
2017.09.12 06:26:45.705,0.7894,0.78957,1.00,1.87
2017.09.12 06:26:46.191,0.78943,0.78957,1.00,1.37
2017.09.12 06:26:46.394,0.78939,0.78955,2.06,1.00
2017.09.12 06:26:46.445,0.78939,0.78953,1.62,1.00
2017.09.12 06:26:46.596,0.7894,0.78955,1.37,1.12
2017.09.12 06:26:47.205,0.78941,0.78956,1.37,1.00
2017.09.12 06:26:47.478,0.78939,0.78954,1.62,1.00
2017.09.12 06:26:47.529,0.78937,0.78954,1.87,1.00
2017.09.12 06:26:47.650,0.78937,0.78952,1.87,1.00
2017.09.12 06:26:48.197,0.78938,0.78954,1.37,1.37
2017.09.12 06:26:48.349,0.78938,0.78955,1.37,1.12
2017.09.12 06:26:50.168,0.78939,0.78954,1.37,1.00
2017.09.12 06:26:50.837,0.78938,0.78953,1.87,1.00
2017.09.12 06:26:54.210,0.78939,0.78954,1.37,1.00
2017.09.12 06:26:54.716,0.78939,0.78954,1.00,1.12
2017.09.12 06:26:55.893,0.78936,0.78953,1.62,1.00
2017.09.12 06:26:56.572,0.78937,0.78952,1.12,1.00
2017.09.12 06:26:56.623,0.78936,0.78951,1.37,1.00
2017.09.12 06:26:56.724,0.78934,0.78952,2.06,1.50
2017.09.12 06:26:56.825,0.78935,0.7895,1.37,1.00
2017.09.12 06:26:57.219,0.78937,0.78952,1.12,1.00
2017.09.12 06:26:57.522,0.78934,0.78949,1.37,1.00
2017.09.12 06:26:57.825,0.78932,0.78946,1.37,1.00
2017.09.12 06:26:57.928,0.78932,0.78947,1.87,1.12
2017.09.12 06:26:58.000,0.78934,0.78949,1.00,1.37
2017.09.12 06:26:58.469,0.78934,0.78949,1.37,1.00
2017.09.12 06:26:58.766,0.78937,0.78952,1.00,1.37
2017.09.12 06:26:59.032,0.78932,0.78948,1.87,1.00
2017.09.12 06:26:59.345,0.78934,0.78951,1.87,1.00
2017.09.12 06:26:59.656,0.78934,0.78946,1.37,1.00
2017.09.12 06:26:59.993,0.7893,0.78948,1.37,1.12
2017.09.12 06:27:00.046,0.78929,0.78946,1.37,1.00
2017.09.12 06:27:00.097,0.78929,0.78948,1.37,1.12
2017.09.12 06:27:00.148,0.78926,0.78943,1.37,1.00
2017.09.12 06:27:00.452,0.78931,0.78946,1.12,1.12
2017.09.12 06:27:00.582,0.78933,0.78949,1.00,1.37
2017.09.12 06:27:00.734,0.78934,0.78951,1.00,1.37
2017.09.12 06:27:00.885,0.78935,0.7895,1.12,1.12
2017.09.12 06:27:00.993,0.78933,0.78948,1.37,1.00
2017.09.12 06:27:01.145,0.78932,0.78948,1.37,1.37
2017.09.12 06:27:01.495,0.78935,0.78952,1.25,1.37
2017.09.12 06:27:01.546,0.78935,0.7895,1.12,1.00
2017.09.12 06:27:01.698,0.78932,0.78947,2.06,1.00
2017.09.12 06:27:01.951,0.78932,0.78947,1.12,1.12
2017.09.12 06:27:02.873,0.78931,0.78946,1.37,1.00
2017.09.12 06:27:03.404,0.78932,0.78947,1.12,1.12
2017.09.12 06:27:05.630,0.78933,0.78948,1.00,1.37
2017.09.12 06:27:06.783,0.78932,0.78947,1.12,1.12
2017.09.12 06:27:08.164,0.78935,0.7895,1.00,1.37
2017.09.12 06:27:08.265,0.78936,0.78952,1.00,1.87
2017.09.12 06:27:08.650,0.78936,0.78951,1.37,1.00
2017.09.12 06:27:10.148,0.78934,0.78949,1.37,1.00
2017.09.12 06:27:10.300,0.78933,0.78948,1.37,1.00
2017.09.12 06:27:10.581,0.78931,0.78946,1.37,1.00
2017.09.12 06:27:11.659,0.78931,0.78947,1.37,1.12
2017.09.12 06:27:14.077,0.78931,0.78946,1.37,1.00
2017.09.12 06:27:14.389,0.7893,0.78946,1.12,1.37
2017.09.12 06:27:14.490,0.78931,0.78948,1.37,1.87
2017.09.12 06:27:14.592,0.78929,0.78946,1.62,1.37
2017.09.12 06:27:15.517,0.78931,0.78946,1.00,1.37
2017.09.12 06:27:16.203,0.78931,0.78946,1.37,1.00
2017.09.12 06:27:16.733,0.7893,0.78945,1.37,1.00
2017.09.12 06:27:16.784,0.78929,0.78946,1.62,1.37
2017.09.12 06:27:16.834,0.78933,0.7895,1.00,1.37
2017.09.12 06:27:17.086,0.78935,0.7895,1.00,1.37
2017.09.12 06:27:17.682,0.78934,0.78949,1.12,1.12
2017.09.12 06:27:17.784,0.78934,0.78949,1.87,1.00
2017.09.12 06:27:17.837,0.78934,0.78951,1.87,1.12
2017.09.12 06:27:18.133,0.78934,0.78949,1.37,1.00
2017.09.12 06:27:19.668,0.78934,0.7895,1.87,1.00
2017.09.12 06:27:20.070,0.78933,0.78948,1.87,1.00
2017.09.12 06:27:20.222,0.78931,0.78949,2.06,1.87
2017.09.12 06:27:22.052,0.78931,0.78946,1.37,1.00
2017.09.12 06:27:22.336,0.78928,0.78943,1.12,1.12
2017.09.12 06:27:22.437,0.78931,0.78947,1.00,2.06
2017.09.12 06:27:22.639,0.78932,0.78949,1.31,1.87
2017.09.12 06:27:25.070,0.78934,0.78949,1.00,1.87
2017.09.12 06:27:25.222,0.78935,0.7895,1.00,1.37
2017.09.12 06:27:25.736,0.78931,0.78948,1.37,1.50
2017.09.12 06:27:25.787,0.78929,0.78945,2.62,1.00
2017.09.12 06:27:25.938,0.7893,0.78945,1.00,1.12
2017.09.12 06:27:25.989,0.78928,0.78945,1.12,1.12
2017.09.12 06:27:26.040,0.7893,0.78945,1.00,1.12
2017.09.12 06:27:26.141,0.78928,0.78945,1.12,1.12
2017.09.12 06:27:26.958,0.78924,0.78939,1.87,1.00
2017.09.12 06:27:27.110,0.78924,0.78939,1.37,1.00
2017.09.12 06:27:27.312,0.78923,0.78938,1.00,1.00
2017.09.12 06:27:27.742,0.78926,0.78941,1.00,1.37
2017.09.12 06:27:28.220,0.78926,0.78941,1.37,1.00
2017.09.12 06:27:29.512,0.78927,0.78942,1.12,1.12
2017.09.12 06:27:30.342,0.78926,0.78941,1.37,1.00
2017.09.12 06:27:32.036,0.78928,0.78943,1.00,1.37
2017.09.12 06:27:32.140,0.78929,0.78944,1.37,1.12
2017.09.12 06:27:33.825,0.78928,0.78943,1.87,1.00
2017.09.12 06:27:34.721,0.78929,0.78943,1.37,1.00
2017.09.12 06:27:35.050,0.78929,0.78945,1.37,1.00
2017.09.12 06:27:35.152,0.78928,0.78945,2.06,1.12
2017.09.12 06:27:35.790,0.78928,0.78944,1.37,1.00
2017.09.12 06:27:37.782,0.78927,0.78943,1.87,1.00
2017.09.12 06:27:37.832,0.78926,0.78939,1.37,1.00
2017.09.12 06:27:37.993,0.78924,0.78939,1.87,1.00
2017.09.12 06:27:39.199,0.78927,0.78942,1.00,1.37
2017.09.12 06:27:39.825,0.78924,0.7894,1.37,1.00
2017.09.12 06:27:41.582,0.78925,0.78941,1.37,1.12
2017.09.12 06:27:43.442,0.78928,0.78943,1.00,1.37
2017.09.12 06:27:43.746,0.7893,0.78946,1.37,1.87
2017.09.12 06:27:43.829,0.7893,0.78946,1.12,1.87
2017.09.12 06:27:44.392,0.78931,0.78946,1.00,1.37
2017.09.12 06:27:44.900,0.78929,0.78945,1.37,1.87
2017.09.12 06:27:45.521,0.78931,0.78947,1.00,1.37
2017.09.12 06:27:45.673,0.78931,0.78946,1.12,1.12
2017.09.12 06:27:46.516,0.78932,0.78948,1.00,1.37
2017.09.12 06:27:46.642,0.78932,0.78948,1.37,1.12
2017.09.12 06:27:46.693,0.78929,0.78945,1.37,1.00
2017.09.12 06:27:46.744,0.78928,0.78944,1.37,1.00
2017.09.12 06:27:46.945,0.78928,0.78944,1.00,1.37
2017.09.12 06:27:47.844,0.78926,0.78945,1.37,1.87
2017.09.12 06:27:48.147,0.78919,0.78934,1.37,1.00
2017.09.12 06:27:48.248,0.78919,0.78935,1.87,1.37
2017.09.12 06:27:48.902,0.78919,0.78935,1.37,1.00
2017.09.12 06:27:52.324,0.78919,0.78933,1.37,1.00
2017.09.12 06:27:53.251,0.78917,0.78933,1.87,1.12
2017.09.12 06:27:58.616,0.78915,0.78928,1.87,1.00
2017.09.12 06:27:58.770,0.78914,0.7893,1.12,1.87
2017.09.12 06:27:58.872,0.78916,0.78933,1.00,3.19
2017.09.12 06:27:58.973,0.78917,0.78932,1.00,1.37
2017.09.12 06:27:59.091,0.78917,0.78932,1.00,1.00
2017.09.12 06:28:02.712,0.78917,0.78933,1.00,1.87
2017.09.12 06:28:09.605,0.78919,0.78933,1.00,1.12
2017.09.12 06:28:09.896,0.78921,0.78936,1.12,1.00
2017.09.12 06:28:10.472,0.78921,0.78937,1.12,1.12
2017.09.12 06:28:13.541,0.78922,0.7894,1.62,1.37
2017.09.12 06:28:14.594,0.78921,0.78937,1.87,1.00
2017.09.12 06:28:15.134,0.78921,0.78938,1.37,1.12
2017.09.12 06:28:15.482,0.78926,0.78942,1.00,1.62
2017.09.12 06:28:15.533,0.78926,0.78942,1.00,1.62
2017.09.12 06:28:15.634,0.78926,0.78942,1.37,1.12
2017.09.12 06:28:19.379,0.78925,0.78941,2.06,1.00
2017.09.12 06:28:20.856,0.78925,0.78939,1.37,1.00
2017.09.12 06:28:22.384,0.78924,0.7894,1.87,1.00
2017.09.12 06:28:25.554,0.78925,0.78941,1.87,1.00
2017.09.12 06:28:27.507,0.78925,0.78942,1.87,1.12
2017.09.12 06:28:28.397,0.78925,0.78941,1.37,1.00
2017.09.12 06:28:28.549,0.78924,0.78941,1.12,1.37
2017.09.12 06:28:28.835,0.78925,0.78942,1.37,1.37
2017.09.12 06:28:29.252,0.78926,0.78943,1.87,1.37
2017.09.12 06:28:32.821,0.78929,0.78944,1.00,1.37
2017.09.12 06:28:33.339,0.78926,0.78943,1.37,1.37
2017.09.12 06:28:33.643,0.78926,0.78942,1.12,1.37
2017.09.12 06:28:34.378,0.78927,0.78943,1.00,1.37
2017.09.12 06:28:34.545,0.78927,0.78943,1.37,1.12
2017.09.12 06:28:36.056,0.78925,0.78943,1.31,2.06
2017.09.12 06:28:37.463,0.78926,0.78943,1.00,1.87
2017.09.12 06:28:39.593,0.78927,0.78942,1.00,1.12
2017.09.12 06:28:40.264,0.78926,0.78942,1.00,1.12
2017.09.12 06:28:40.851,0.78927,0.78942,1.00,1.12
2017.09.12 06:28:43.952,0.78925,0.78943,1.12,1.37
2017.09.12 06:28:44.652,0.78927,0.78942,1.00,1.12
2017.09.12 06:28:45.342,0.78926,0.78944,2.06,1.62
2017.09.12 06:28:46.323,0.78926,0.78942,1.37,1.00
2017.09.12 06:28:46.514,0.78926,0.78942,1.12,1.37
2017.09.12 06:28:47.057,0.78927,0.78942,1.00,1.37
2017.09.12 06:28:47.598,0.78926,0.78942,1.12,1.37
2017.09.12 06:28:54.208,0.78927,0.78942,1.00,1.37
2017.09.12 06:28:54.361,0.78929,0.78946,1.00,1.87
2017.09.12 06:28:54.457,0.78929,0.78946,1.00,1.87
2017.09.12 06:28:54.508,0.78927,0.78942,1.87,1.00
2017.09.12 06:28:55.103,0.78927,0.78942,1.12,1.12
2017.09.12 06:28:56.720,0.78925,0.78941,1.87,1.00
2017.09.12 06:28:57.295,0.78923,0.78939,1.37,1.00
2017.09.12 06:28:57.397,0.78922,0.78938,1.37,1.00
2017.09.12 06:28:57.501,0.78922,0.78938,1.37,1.12
2017.09.12 06:28:59.642,0.78922,0.78937,1.37,1.00
2017.09.12 06:29:00.573,0.78922,0.78938,1.37,1.12
2017.09.12 06:29:10.443,0.78922,0.78937,1.37,1.00
2017.09.12 06:29:11.052,0.78921,0.78939,1.37,1.37
2017.09.12 06:29:17.862,0.78922,0.78937,1.37,1.00
2017.09.12 06:29:18.461,0.78922,0.78937,1.12,1.00
2017.09.12 06:29:18.773,0.7892,0.78935,1.62,1.00
2017.09.12 06:29:18.975,0.78918,0.78934,1.12,1.12
2017.09.12 06:29:19.189,0.78918,0.78934,1.87,1.00
2017.09.12 06:29:21.401,0.78918,0.78933,1.87,1.00
2017.09.12 06:29:22.753,0.78918,0.78934,1.37,1.00
2017.09.12 06:29:23.301,0.78918,0.78933,1.37,1.12
2017.09.12 06:29:24.379,0.7892,0.78935,1.00,1.87
2017.09.12 06:29:24.657,0.78924,0.7894,1.12,1.37
2017.09.12 06:29:25.551,0.78925,0.78941,1.00,2.06
2017.09.12 06:29:25.602,0.78929,0.78946,1.00,4.69
2017.09.12 06:29:25.703,0.78929,0.78946,1.00,1.62
2017.09.12 06:29:25.790,0.78929,0.78944,1.37,1.00
2017.09.12 06:29:25.842,0.78929,0.78946,1.37,1.31
2017.09.12 06:29:26.220,0.78927,0.78942,1.37,1.00
2017.09.12 06:29:26.372,0.78926,0.78942,1.87,1.00
2017.09.12 06:29:28.568,0.78926,0.78942,1.37,1.12
2017.09.12 06:29:29.423,0.78926,0.78941,1.37,1.00
2017.09.12 06:29:29.575,0.78924,0.7894,1.37,1.37
2017.09.12 06:29:42.398,0.78924,0.78939,1.37,1.00
2017.09.12 06:29:52.467,0.78924,0.78938,1.37,1.00
2017.09.12 06:29:52.619,0.78926,0.78942,1.12,1.37
2017.09.12 06:29:52.871,0.78926,0.78942,1.37,1.00
2017.09.12 06:29:53.419,0.78929,0.78944,1.00,1.91
2017.09.12 06:29:53.773,0.78926,0.78942,1.87,1.00
2017.09.12 06:29:55.223,0.78926,0.7894,1.37,1.00
2017.09.12 06:29:55.734,0.78928,0.78942,1.00,1.25
2017.09.12 06:29:55.785,0.78928,0.78942,1.37,1.00
2017.09.12 06:29:56.573,0.78928,0.78941,1.37,1.00
2017.09.12 06:29:57.189,0.78928,0.7894,1.37,1.00
2017.09.12 06:29:57.363,0.78925,0.7894,1.37,1.00
2017.09.12 06:29:57.565,0.78926,0.78942,1.37,3.22
2017.09.12 06:29:58.238,0.78926,0.78941,1.37,1.00
2017.09.12 06:29:58.354,0.78923,0.7894,1.37,1.37
2017.09.12 06:29:59.759,0.78925,0.78941,1.37,1.35
2017.09.12 06:30:00.285,0.78925,0.78942,1.37,2.47
2017.09.12 06:30:00.612,0.78922,0.78938,1.87,1.00
2017.09.12 06:30:00.917,0.78922,0.78938,1.37,1.35
2017.09.12 06:30:00.968,0.78922,0.78938,1.87,1.30
2017.09.12 06:30:01.070,0.78924,0.78939,1.37,1.60
2017.09.12 06:30:01.662,0.78924,0.78939,1.37,1.00
2017.09.12 06:30:01.813,0.78926,0.78941,1.12,1.12
2017.09.12 06:30:01.864,0.78926,0.78941,1.37,1.00
2017.09.12 06:30:02.511,0.78926,0.78943,1.37,1.31
2017.09.12 06:30:03.053,0.78926,0.78942,1.37,1.00
2017.09.12 06:30:03.485,0.78928,0.78943,1.37,1.00
2017.09.12 06:30:03.813,0.78925,0.78939,1.37,1.00
2017.09.12 06:30:03.965,0.78923,0.78938,1.37,1.00
2017.09.12 06:30:04.459,0.78921,0.78939,1.37,1.91
2017.09.12 06:30:04.561,0.78921,0.78936,1.37,1.00
2017.09.12 06:30:06.195,0.78924,0.78936,1.37,1.00
2017.09.12 06:30:08.101,0.78923,0.78937,1.37,1.00
2017.09.12 06:30:08.417,0.78923,0.78935,1.37,1.00
2017.09.12 06:30:09.080,0.78922,0.78935,1.37,1.00
2017.09.12 06:30:09.336,0.78922,0.78937,1.37,1.00
2017.09.12 06:30:09.958,0.78922,0.78938,1.87,1.25
2017.09.12 06:30:10.160,0.78924,0.7894,1.12,1.12
2017.09.12 06:30:10.379,0.78924,0.7894,1.37,1.25
2017.09.12 06:30:10.810,0.78927,0.78942,1.37,1.25
2017.09.12 06:30:11.209,0.78927,0.7894,1.12,1.00
2017.09.12 06:30:11.260,0.78928,0.78942,1.00,1.00
2017.09.12 06:30:11.811,0.78928,0.78942,1.37,1.00
2017.09.12 06:30:12.787,0.78928,0.78941,1.37,1.00
2017.09.12 06:30:14.350,0.78927,0.7894,1.37,1.00
2017.09.12 06:30:14.684,0.78927,0.78942,1.37,1.00
2017.09.12 06:30:14.786,0.78928,0.78943,1.37,1.00
2017.09.12 06:30:15.095,0.78925,0.78939,1.87,1.00
2017.09.12 06:30:15.223,0.78925,0.78939,1.37,1.00
2017.09.12 06:30:17.651,0.78926,0.7894,1.37,1.00
2017.09.12 06:30:17.928,0.78926,0.78942,1.37,1.00
2017.09.12 06:30:18.436,0.78928,0.78943,1.12,1.00
2017.09.12 06:30:18.638,0.78926,0.78941,1.37,1.00
2017.09.12 06:30:19.158,0.78926,0.7894,1.37,1.00
2017.09.12 06:30:20.237,0.78928,0.78943,1.37,1.25
2017.09.12 06:30:20.899,0.78928,0.78942,1.37,1.00
2017.09.12 06:30:22.621,0.78928,0.7894,1.37,1.00
2017.09.12 06:30:25.822,0.7893,0.78945,1.50,1.00
2017.09.12 06:30:25.873,0.78933,0.78945,1.00,1.00
2017.09.12 06:30:25.974,0.78933,0.78947,1.12,1.00
2017.09.12 06:30:26.025,0.78933,0.78947,1.37,1.00
2017.09.12 06:30:26.608,0.78932,0.78945,1.37,1.00
2017.09.12 06:30:26.949,0.7893,0.78943,1.37,1.00
2017.09.12 06:30:27.249,0.7893,0.78945,1.37,1.25
2017.09.12 06:30:28.275,0.7893,0.78944,1.37,1.00
2017.09.12 06:30:29.074,0.78929,0.78945,1.87,1.00
2017.09.12 06:30:29.802,0.7893,0.78946,1.37,1.25
2017.09.12 06:30:30.002,0.7893,0.78944,1.37,1.00
2017.09.12 06:30:31.329,0.78929,0.78943,1.37,1.00
2017.09.12 06:30:31.462,0.78929,0.78946,1.37,1.25
2017.09.12 06:30:34.429,0.7893,0.78945,1.37,1.00
2017.09.12 06:30:34.480,0.7893,0.78943,1.37,1.00
2017.09.12 06:30:34.732,0.78928,0.78942,1.37,1.00
2017.09.12 06:30:35.729,0.78928,0.78943,1.37,1.00
2017.09.12 06:30:39.163,0.78928,0.78941,1.37,1.00
2017.09.12 06:30:39.690,0.78927,0.78942,1.87,1.00
2017.09.12 06:30:40.347,0.78929,0.78945,1.50,1.62
2017.09.12 06:30:40.752,0.78929,0.78944,1.37,1.00
2017.09.12 06:30:41.308,0.78928,0.78943,1.37,1.00
2017.09.12 06:30:41.564,0.78931,0.78945,1.12,1.00
2017.09.12 06:30:42.092,0.78931,0.78944,1.37,1.00
2017.09.12 06:30:42.440,0.78929,0.78942,1.37,1.00
2017.09.12 06:30:42.642,0.78928,0.78941,1.37,1.00
2017.09.12 06:30:44.039,0.78925,0.78941,1.87,1.00
2017.09.12 06:30:48.504,0.78924,0.78939,1.87,1.00
2017.09.12 06:30:51.525,0.78927,0.78944,1.12,1.31
2017.09.12 06:30:51.575,0.78927,0.78941,1.12,1.00
2017.09.12 06:30:51.901,0.78927,0.78941,1.37,1.00
2017.09.12 06:30:53.211,0.78925,0.7894,1.37,1.00
2017.09.12 06:30:53.362,0.78925,0.7894,1.37,1.00
2017.09.12 06:30:56.317,0.78925,0.78941,1.87,1.00
2017.09.12 06:30:56.469,0.78927,0.78941,1.37,1.00
2017.09.12 06:30:57.036,0.78927,0.78942,1.37,1.00
2017.09.12 06:30:57.871,0.78927,0.78943,1.37,1.00
2017.09.12 06:30:58.649,0.78927,0.78942,1.37,1.00
2017.09.12 06:30:59.846,0.78927,0.78941,1.37,1.00
2017.09.12 06:31:10.507,0.78927,0.78942,1.37,1.00
2017.09.12 06:31:11.706,0.78927,0.78941,1.37,1.00
2017.09.12 06:31:15.222,0.78927,0.78942,1.37,1.00
2017.09.12 06:31:19.532,0.78927,0.7894,1.37,1.00
2017.09.12 06:31:19.734,0.78925,0.78939,1.37,1.00
2017.09.12 06:31:21.944,0.78926,0.78939,1.37,1.00
2017.09.12 06:31:22.544,0.78926,0.7894,1.37,1.00
2017.09.12 06:31:22.821,0.78926,0.7894,1.12,1.00
2017.09.12 06:31:35.222,0.78926,0.78941,1.12,1.00
2017.09.12 06:31:35.272,0.78929,0.78944,1.00,1.56
2017.09.12 06:31:35.689,0.78928,0.78945,1.12,1.31
2017.09.12 06:31:36.210,0.78929,0.78945,1.00,1.31
2017.09.12 06:31:37.328,0.78929,0.78943,1.00,1.00
2017.09.12 06:31:48.571,0.78929,0.78946,1.00,1.56
2017.09.12 06:31:48.672,0.78929,0.78946,1.37,1.00
2017.09.12 06:31:49.662,0.78929,0.78944,1.37,1.00
2017.09.12 06:32:04.496,0.7893,0.78945,1.12,1.00
2017.09.12 06:32:04.844,0.78931,0.78945,1.37,1.00
2017.09.12 06:32:05.897,0.78931,0.78946,1.37,1.00
2017.09.12 06:32:06.239,0.7893,0.78944,1.37,1.00
2017.09.12 06:32:06.520,0.78929,0.78944,1.87,1.00
2017.09.12 06:32:07.076,0.78929,0.78943,1.37,1.00
2017.09.12 06:32:09.365,0.78929,0.78944,1.37,1.00
2017.09.12 06:32:11.733,0.78929,0.78943,1.37,1.00
2017.09.12 06:32:12.421,0.7893,0.78945,1.37,1.25
2017.09.12 06:32:12.623,0.78933,0.78949,1.37,1.12
2017.09.12 06:32:12.725,0.78935,0.78949,1.37,1.00
2017.09.12 06:32:18.219,0.78934,0.7895,1.87,1.00
2017.09.12 06:32:18.370,0.78933,0.78949,1.87,1.00
2017.09.12 06:32:20.921,0.78933,0.7895,1.37,1.12
2017.09.12 06:32:21.848,0.78934,0.78949,1.37,1.00
2017.09.12 06:32:23.443,0.78935,0.7895,1.37,1.25
2017.09.12 06:32:24.775,0.78933,0.78949,1.37,1.00
2017.09.12 06:32:24.876,0.78935,0.78949,1.12,1.00
2017.09.12 06:32:25.041,0.7893,0.78946,2.62,1.00
2017.09.12 06:32:25.092,0.78929,0.78945,1.37,1.00
2017.09.12 06:32:25.819,0.78928,0.78944,1.87,1.00
2017.09.12 06:32:27.282,0.78928,0.78945,1.87,1.12
2017.09.12 06:32:27.665,0.78928,0.78943,1.87,1.00
2017.09.12 06:32:28.574,0.78928,0.78944,1.37,1.00
2017.09.12 06:32:29.684,0.78927,0.78943,1.87,1.00
2017.09.12 06:32:32.042,0.78927,0.78942,1.87,1.00
2017.09.12 06:32:33.045,0.78927,0.78943,1.87,1.00
2017.09.12 06:32:33.805,0.78927,0.78942,1.37,1.00
2017.09.12 06:32:33.906,0.78927,0.78942,1.37,1.00
2017.09.12 06:32:34.108,0.7893,0.78945,1.12,1.12
2017.09.12 06:32:34.210,0.7893,0.78946,1.37,1.00
2017.09.12 06:32:35.005,0.7893,0.78947,1.37,1.12
2017.09.12 06:32:37.230,0.78931,0.78946,1.37,1.00
2017.09.12 06:32:38.535,0.78929,0.78947,2.06,1.31
2017.09.12 06:32:39.113,0.78929,0.78945,1.62,1.00
2017.09.12 06:32:44.336,0.78929,0.78946,1.87,1.00
2017.09.12 06:32:46.481,0.78928,0.78944,1.37,1.25
2017.09.12 06:32:46.632,0.78928,0.78944,1.37,1.25
2017.09.12 06:32:49.855,0.78928,0.78943,1.87,1.00
2017.09.12 06:32:50.548,0.78929,0.78944,1.37,1.00
2017.09.12 06:32:52.091,0.78928,0.78943,1.87,1.00
2017.09.12 06:32:56.516,0.78928,0.78945,1.87,1.12
2017.09.12 06:32:57.701,0.78929,0.78944,1.37,1.00
2017.09.12 06:32:58.506,0.7893,0.78945,1.12,1.12
2017.09.12 06:32:58.910,0.7893,0.78945,1.00,1.37
2017.09.12 06:33:03.808,0.78931,0.78946,1.00,2.06
2017.09.12 06:33:04.060,0.78934,0.78949,1.00,1.87
2017.09.12 06:33:04.262,0.78935,0.7895,1.12,1.12
2017.09.12 06:33:05.341,0.78934,0.78949,1.37,1.00
2017.09.12 06:33:05.555,0.78932,0.78947,1.87,1.00
2017.09.12 06:33:05.758,0.78933,0.78948,1.00,1.37
2017.09.12 06:33:05.910,0.78936,0.7895,1.00,1.37
2017.09.12 06:33:05.960,0.78936,0.7895,1.00,1.12
2017.09.12 06:33:06.505,0.78934,0.7895,1.00,1.12
2017.09.12 06:33:06.721,0.78936,0.7895,1.00,1.12
2017.09.12 06:33:07.230,0.78934,0.7895,1.00,1.12
2017.09.12 06:33:08.111,0.78935,0.78949,1.00,1.00
2017.09.12 06:33:09.262,0.78933,0.78946,1.12,1.00
2017.09.12 06:33:09.574,0.78929,0.78942,2.62,1.25
2017.09.12 06:33:09.888,0.78929,0.7894,1.50,1.12
2017.09.12 06:33:09.989,0.78927,0.78942,1.00,1.37
2017.09.12 06:33:10.552,0.78924,0.78941,1.37,1.00
2017.09.12 06:33:10.943,0.78924,0.78939,1.87,1.00
2017.09.12 06:33:11.044,0.78924,0.78939,1.87,1.00
2017.09.12 06:33:11.246,0.78924,0.78939,1.00,1.00
2017.09.12 06:33:13.803,0.78925,0.7894,1.00,1.12
2017.09.12 06:33:14.918,0.78926,0.78941,1.00,1.37
2017.09.12 06:33:14.969,0.7893,0.78945,1.00,1.37
2017.09.12 06:33:15.070,0.7893,0.78945,1.00,1.37
2017.09.12 06:33:15.171,0.78929,0.78946,1.37,1.37
2017.09.12 06:33:15.374,0.78932,0.78947,1.00,1.87
2017.09.12 06:33:15.897,0.78931,0.78946,1.00,1.37
2017.09.12 06:33:16.420,0.7893,0.78946,1.12,1.62
2017.09.12 06:33:17.519,0.78932,0.78947,1.00,1.37
2017.09.12 06:33:17.570,0.7893,0.78946,1.87,1.62
2017.09.12 06:33:17.671,0.78931,0.78947,1.37,1.00
2017.09.12 06:33:18.339,0.7893,0.78944,1.37,1.00
2017.09.12 06:33:18.491,0.78929,0.78944,1.37,1.00
2017.09.12 06:33:19.080,0.78935,0.7895,1.00,1.87
2017.09.12 06:33:19.181,0.78935,0.7895,1.50,1.37
2017.09.12 06:33:19.284,0.78936,0.7895,1.37,1.00
2017.09.12 06:33:19.385,0.78935,0.7895,1.12,1.12
2017.09.12 06:33:19.892,0.78936,0.78952,1.00,2.06
2017.09.12 06:33:20.195,0.78934,0.7895,1.12,1.37
2017.09.12 06:33:20.296,0.78935,0.7895,1.12,1.31
2017.09.12 06:33:22.836,0.78936,0.78951,1.00,1.37
2017.09.12 06:33:23.277,0.78938,0.78953,1.00,1.37
2017.09.12 06:33:23.378,0.78937,0.78952,1.12,1.12
2017.09.12 06:33:23.833,0.78941,0.78954,1.00,1.56
2017.09.12 06:33:24.041,0.78945,0.7896,1.00,3.56
2017.09.12 06:33:24.093,0.78943,0.7896,1.00,1.56
2017.09.12 06:33:24.397,0.78943,0.78957,1.37,1.25
2017.09.12 06:33:24.498,0.7894,0.78957,1.37,1.00
2017.09.12 06:33:25.934,0.78944,0.78959,1.00,1.37
2017.09.12 06:33:26.171,0.78945,0.78961,1.00,1.12
2017.09.12 06:33:27.503,0.78945,0.7896,1.00,1.00
2017.09.12 06:33:28.085,0.78944,0.78959,1.12,1.00
2017.09.12 06:33:28.623,0.78945,0.7896,1.00,1.00
2017.09.12 06:33:30.099,0.78946,0.78961,1.00,1.12
2017.09.12 06:33:30.836,0.78945,0.78962,1.00,1.37
2017.09.12 06:33:31.764,0.78944,0.7896,1.12,1.00
2017.09.12 06:33:33.049,0.78945,0.78961,1.00,1.12
2017.09.12 06:33:33.572,0.78946,0.78961,1.00,1.87
2017.09.12 06:33:34.631,0.78941,0.78956,1.37,1.50
2017.09.12 06:33:34.888,0.78939,0.78955,1.12,1.37
2017.09.12 06:33:35.467,0.7894,0.78955,1.00,1.37
2017.09.12 06:33:35.518,0.78942,0.78956,1.00,1.37
2017.09.12 06:33:35.720,0.78943,0.78957,1.37,1.00
2017.09.12 06:33:35.771,0.78943,0.78954,1.37,1.00
2017.09.12 06:33:36.125,0.78943,0.78953,1.00,1.37
2017.09.12 06:33:36.739,0.78938,0.78953,1.00,1.37
2017.09.12 06:33:37.803,0.78939,0.78954,1.00,1.37
2017.09.12 06:33:37.920,0.78939,0.78954,1.00,1.00
2017.09.12 06:33:41.079,0.78938,0.78952,1.87,1.00
2017.09.12 06:33:42.193,0.78937,0.78954,1.37,1.25
2017.09.12 06:33:42.701,0.78936,0.78953,1.37,2.06
2017.09.12 06:33:43.668,0.78938,0.78953,1.00,1.37
2017.09.12 06:33:43.921,0.78942,0.78957,1.12,1.12
2017.09.12 06:33:44.203,0.78942,0.78957,1.00,1.37
2017.09.12 06:33:45.108,0.78943,0.78958,1.00,1.87
2017.09.12 06:33:45.216,0.78943,0.78958,1.00,1.87
2017.09.12 06:33:45.762,0.7894,0.78957,1.87,1.12
2017.09.12 06:33:46.001,0.7894,0.78955,1.87,1.00
2017.09.12 06:33:46.309,0.7894,0.78955,1.00,1.12
2017.09.12 06:33:46.410,0.78942,0.78956,1.00,1.37
2017.09.12 06:33:46.612,0.78942,0.7896,1.37,2.06
2017.09.12 06:33:47.358,0.78942,0.7896,1.00,1.87
2017.09.12 06:33:51.913,0.78942,0.78957,1.00,1.00
2017.09.12 06:33:53.041,0.78942,0.78958,1.00,1.87
2017.09.12 06:33:54.069,0.78944,0.78959,1.00,1.62
2017.09.12 06:33:55.016,0.78944,0.78959,1.12,1.12
2017.09.12 06:33:55.665,0.78943,0.78958,1.37,1.00
2017.09.12 06:33:56.641,0.78941,0.78958,1.87,1.62
2017.09.12 06:33:58.464,0.78941,0.78956,1.37,1.00
2017.09.12 06:33:59.539,0.7894,0.78957,1.87,1.12
2017.09.12 06:34:00.937,0.7894,0.78957,1.12,2.06
2017.09.12 06:34:04.932,0.78939,0.78954,1.87,1.00
2017.09.12 06:34:11.489,0.7894,0.78955,1.12,1.12
2017.09.12 06:34:11.792,0.78949,0.78962,1.00,1.87
2017.09.12 06:34:12.087,0.78948,0.78964,1.12,1.12
2017.09.12 06:34:16.375,0.78947,0.78962,1.87,1.00
2017.09.12 06:34:17.026,0.78947,0.78962,1.12,1.12
2017.09.12 06:34:21.468,0.78949,0.78964,1.00,1.87
2017.09.12 06:34:29.896,0.78947,0.78964,1.12,2.06
2017.09.12 06:34:36.003,0.78949,0.78963,1.00,1.37
2017.09.12 06:34:36.705,0.78949,0.78963,1.00,1.12
2017.09.12 06:34:37.779,0.7895,0.78966,1.00,2.06
2017.09.12 06:34:37.931,0.78953,0.78968,1.12,1.12
2017.09.12 06:34:38.465,0.78954,0.78968,1.00,1.12
2017.09.12 06:34:47.708,0.78953,0.78968,1.12,1.12
2017.09.12 06:34:48.117,0.78951,0.78966,1.37,1.00
2017.09.12 06:34:48.168,0.7895,0.78965,1.12,1.00
2017.09.12 06:34:48.347,0.78948,0.78965,1.37,1.37
2017.09.12 06:34:50.555,0.78948,0.78963,1.00,1.87
2017.09.12 06:34:57.421,0.78947,0.78962,1.00,1.37
2017.09.12 06:35:00.362,0.78949,0.78963,1.00,1.37
2017.09.12 06:35:00.805,0.78951,0.78966,1.00,1.87
2017.09.12 06:35:02.210,0.7895,0.78965,1.00,1.37
2017.09.12 06:35:02.850,0.78951,0.78965,1.00,1.37
2017.09.12 06:35:04.028,0.7895,0.78965,1.00,1.87
2017.09.12 06:35:05.051,0.78951,0.78965,1.00,1.37
2017.09.12 06:35:07.514,0.7895,0.78965,1.00,1.87
2017.09.12 06:35:08.171,0.7895,0.78965,1.00,1.87
2017.09.12 06:35:08.288,0.7895,0.78964,1.00,1.12
2017.09.12 06:35:08.838,0.78949,0.78964,1.00,1.37
2017.09.12 06:35:09.362,0.78951,0.78965,1.00,1.37
2017.09.12 06:35:10.193,0.78951,0.78966,1.00,1.37
2017.09.12 06:35:10.532,0.78953,0.78968,1.00,1.87
2017.09.12 06:35:10.835,0.78953,0.7897,1.00,1.37
2017.09.12 06:35:11.345,0.78956,0.7897,1.00,1.37
2017.09.12 06:35:12.497,0.78956,0.7897,1.00,1.00
2017.09.12 06:35:16.185,0.78954,0.78971,1.00,1.50
2017.09.12 06:35:16.503,0.7895,0.78965,1.00,1.00
2017.09.12 06:35:16.809,0.78948,0.78962,1.00,1.87
2017.09.12 06:35:17.767,0.78949,0.78962,1.00,1.37
2017.09.12 06:35:18.142,0.78948,0.78963,1.12,1.12
2017.09.12 06:35:20.034,0.78949,0.78964,1.00,1.87
2017.09.12 06:35:23.218,0.78949,0.78963,1.00,1.37
2017.09.12 06:35:26.988,0.78947,0.78964,1.00,1.87
2017.09.12 06:35:27.165,0.78949,0.78964,1.00,2.06
2017.09.12 06:35:27.335,0.78947,0.78962,1.00,1.37
2017.09.12 06:35:28.213,0.78948,0.78962,1.00,1.37
2017.09.12 06:35:28.855,0.78949,0.78963,1.00,1.37
2017.09.12 06:35:29.240,0.78947,0.78961,1.00,1.12
2017.09.12 06:35:29.341,0.78946,0.78961,1.00,1.37
2017.09.12 06:35:29.928,0.78947,0.78961,1.00,1.37
2017.09.12 06:35:33.297,0.78946,0.78961,1.00,1.37
2017.09.12 06:35:36.908,0.78947,0.78962,1.00,1.37
2017.09.12 06:35:37.157,0.78952,0.78966,1.00,1.37
2017.09.12 06:35:37.980,0.78951,0.78967,1.00,1.37
2017.09.12 06:35:38.511,0.78952,0.78966,1.00,1.37
2017.09.12 06:35:38.562,0.7895,0.78967,1.12,2.06
2017.09.12 06:35:41.084,0.78949,0.78965,1.00,1.87
2017.09.12 06:35:41.591,0.7895,0.78965,1.00,1.87
2017.09.12 06:35:41.707,0.78948,0.78965,1.31,1.37
2017.09.12 06:35:41.910,0.78946,0.78962,1.62,1.87
2017.09.12 06:35:42.458,0.78945,0.78962,1.31,1.37
2017.09.12 06:35:43.610,0.78943,0.78958,1.87,1.00
2017.09.12 06:35:43.822,0.7894,0.78956,1.12,1.37
2017.09.12 06:35:45.597,0.78941,0.78957,1.00,1.37
2017.09.12 06:35:45.698,0.78945,0.7896,1.00,3.37
2017.09.12 06:35:45.799,0.78947,0.78962,1.00,1.87
2017.09.12 06:35:46.358,0.78945,0.7896,1.87,1.00
2017.09.12 06:35:46.868,0.78946,0.78962,1.12,1.37
2017.09.12 06:35:47.057,0.78948,0.78963,1.00,1.37
2017.09.12 06:35:47.995,0.78947,0.78962,1.00,1.37
2017.09.12 06:35:51.777,0.78948,0.78963,1.00,1.37
2017.09.12 06:35:53.891,0.78947,0.78962,1.00,1.37
2017.09.12 06:36:02.822,0.78945,0.78962,1.62,1.50
2017.09.12 06:36:02.907,0.78945,0.78962,1.31,1.87
2017.09.12 06:36:04.375,0.78945,0.78963,2.06,1.87
2017.09.12 06:36:07.117,0.78946,0.78962,1.37,1.00
2017.09.12 06:36:07.218,0.78946,0.78962,1.12,1.37
2017.09.12 06:36:07.858,0.78947,0.78963,1.00,1.37
2017.09.12 06:36:08.413,0.78946,0.78962,1.12,1.37
2017.09.12 06:36:10.364,0.78946,0.78962,1.87,1.00
2017.09.12 06:36:14.487,0.78946,0.78961,1.37,1.00
2017.09.12 06:36:14.538,0.78946,0.78961,1.12,1.37
2017.09.12 06:36:18.373,0.78947,0.78962,1.00,1.87
2017.09.12 06:36:18.579,0.78948,0.78963,1.12,1.12
2017.09.12 06:36:19.323,0.78947,0.78962,1.37,1.00
2017.09.12 06:36:23.186,0.78946,0.78962,1.37,1.37
2017.09.12 06:36:23.794,0.78947,0.78962,1.37,1.00
2017.09.12 06:36:24.360,0.7895,0.78965,1.00,1.37
2017.09.12 06:36:24.462,0.7895,0.78967,1.31,1.87
2017.09.12 06:36:25.134,0.78951,0.78967,1.00,1.87
2017.09.12 06:36:25.475,0.78948,0.78965,1.12,1.37
2017.09.12 06:36:25.679,0.7895,0.78966,1.00,1.37
2017.09.12 06:36:25.893,0.7895,0.78966,1.12,1.12
2017.09.12 06:36:26.260,0.78951,0.78967,1.37,1.12
2017.09.12 06:36:28.614,0.7895,0.78966,1.87,1.00
2017.09.12 06:36:29.131,0.78951,0.78967,1.37,1.12
2017.09.12 06:36:30.201,0.7895,0.78965,2.06,1.00
2017.09.12 06:36:30.353,0.7895,0.78965,1.00,1.37
2017.09.12 06:36:33.865,0.78949,0.78966,1.12,1.37
2017.09.12 06:36:33.967,0.78953,0.78969,1.00,2.62
2017.09.12 06:36:34.091,0.78953,0.78967,1.00,1.37
2017.09.12 06:36:34.757,0.7895,0.78967,1.37,1.37
2017.09.12 06:36:35.307,0.7895,0.78966,1.69,1.12
2017.09.12 06:36:35.609,0.78951,0.78967,1.37,1.12
2017.09.12 06:36:36.025,0.7895,0.78965,1.37,1.00
2017.09.12 06:36:36.075,0.78951,0.78967,1.37,1.12
2017.09.12 06:36:36.715,0.78951,0.78966,1.37,1.00
2017.09.12 06:36:37.228,0.7895,0.78965,1.37,1.00
2017.09.12 06:36:38.235,0.78949,0.78964,1.37,1.00
2017.09.12 06:36:38.765,0.7895,0.78965,1.37,1.12
2017.09.12 06:36:39.510,0.78949,0.78964,1.37,1.00
2017.09.12 06:36:39.743,0.78952,0.78966,1.00,1.87
2017.09.12 06:36:39.794,0.78952,0.78967,1.12,1.12
2017.09.12 06:36:39.896,0.78954,0.78969,1.00,2.06
2017.09.12 06:36:39.997,0.78956,0.78972,1.00,1.37
2017.09.12 06:36:40.048,0.78954,0.7897,1.00,1.12
2017.09.12 06:36:40.098,0.78953,0.78968,1.31,1.00
2017.09.12 06:36:40.402,0.78956,0.78971,1.00,1.37
2017.09.12 06:36:40.987,0.78956,0.78972,1.25,1.12
2017.09.12 06:36:41.492,0.78957,0.78972,1.00,1.87
2017.09.12 06:36:41.593,0.78954,0.78972,1.37,1.87
2017.09.12 06:36:41.968,0.78955,0.7897,1.12,1.00
2017.09.12 06:36:42.384,0.78957,0.78972,1.00,2.06
2017.09.12 06:36:42.580,0.78955,0.78971,1.12,1.00
2017.09.12 06:36:42.782,0.78957,0.78972,1.00,1.87
2017.09.12 06:36:43.283,0.78956,0.78971,1.00,1.00
2017.09.12 06:36:43.923,0.78956,0.78972,1.00,1.87
2017.09.12 06:36:44.637,0.78957,0.78972,1.00,1.12
2017.09.12 06:36:44.921,0.78954,0.78972,1.87,1.12
2017.09.12 06:36:45.112,0.78957,0.78972,1.00,1.12
2017.09.12 06:36:45.726,0.78959,0.78974,1.12,1.12
2017.09.12 06:36:46.067,0.78961,0.78978,1.12,1.62
2017.09.12 06:36:50.090,0.78961,0.78977,1.37,1.12
2017.09.12 06:36:54.696,0.78963,0.78979,1.00,1.87
2017.09.12 06:36:55.204,0.7896,0.78977,1.37,1.31
2017.09.12 06:36:55.484,0.78959,0.78975,1.87,1.00
2017.09.12 06:36:56.146,0.7896,0.78976,1.37,1.25
2017.09.12 06:36:56.518,0.78958,0.78976,1.87,1.12
2017.09.12 06:36:56.619,0.78959,0.78974,1.12,1.00
2017.09.12 06:36:57.186,0.78958,0.78973,1.37,1.00
2017.09.12 06:36:57.749,0.78958,0.78973,1.12,1.37
2017.09.12 06:36:59.640,0.78958,0.78973,1.37,1.00
2017.09.12 06:37:00.494,0.78958,0.78974,1.37,1.12
2017.09.12 06:37:01.103,0.78958,0.78973,1.37,1.00
2017.09.12 06:37:01.628,0.78959,0.78974,1.12,1.12
2017.09.12 06:37:03.160,0.78957,0.78974,1.12,1.87
2017.09.12 06:37:03.461,0.78959,0.78974,1.00,1.87
2017.09.12 06:37:03.804,0.78957,0.78974,1.31,1.37
2017.09.12 06:37:04.649,0.78958,0.78973,1.00,1.37
2017.09.12 06:37:05.513,0.78959,0.78974,1.00,1.87
2017.09.12 06:37:06.020,0.78958,0.78974,1.37,1.12
2017.09.12 06:37:08.343,0.7896,0.78975,1.00,1.37
2017.09.12 06:37:08.445,0.7896,0.78976,1.87,1.00
2017.09.12 06:37:09.085,0.7896,0.78977,1.87,1.12
2017.09.12 06:37:14.619,0.7896,0.78976,1.37,1.00
2017.09.12 06:37:15.164,0.78959,0.78975,1.37,1.12
2017.09.12 06:37:17.296,0.78958,0.78973,1.87,1.00
2017.09.12 06:37:17.469,0.78958,0.78973,1.12,1.12
2017.09.12 06:37:17.571,0.78956,0.78973,1.31,1.37
2017.09.12 06:37:18.164,0.78956,0.78972,1.87,1.00
2017.09.12 06:37:18.532,0.78958,0.78973,1.37,1.00
2017.09.12 06:37:19.157,0.78957,0.78972,1.37,1.12
2017.09.12 06:37:19.673,0.78957,0.78972,1.00,1.37
2017.09.12 06:37:20.339,0.78956,0.78972,1.12,1.37
2017.09.12 06:37:20.879,0.78957,0.78972,1.00,1.37
2017.09.12 06:37:21.676,0.78958,0.78973,1.00,1.37
2017.09.12 06:37:21.777,0.78958,0.78973,1.12,1.00
2017.09.12 06:37:22.719,0.78958,0.78974,1.12,1.00
2017.09.12 06:37:23.243,0.78962,0.78977,1.00,1.37
2017.09.12 06:37:23.395,0.78962,0.78977,1.00,1.12
2017.09.12 06:37:23.683,0.7896,0.78975,1.12,1.00
2017.09.12 06:37:24.190,0.78958,0.78973,1.37,1.00
2017.09.12 06:37:24.939,0.78957,0.78975,1.87,1.37
2017.09.12 06:37:27.638,0.78961,0.78977,1.00,1.37
2017.09.12 06:37:27.790,0.78962,0.78978,1.37,1.12
2017.09.12 06:37:29.036,0.78964,0.78979,1.00,1.87
2017.09.12 06:37:29.811,0.78963,0.78978,1.31,1.12
2017.09.12 06:37:29.913,0.78962,0.78977,1.56,1.00
2017.09.12 06:37:30.014,0.78963,0.78978,1.00,1.12
2017.09.12 06:37:30.146,0.78961,0.78978,1.37,1.00
2017.09.12 06:37:30.398,0.7896,0.78975,1.37,1.00
2017.09.12 06:37:30.550,0.78963,0.78978,1.50,1.62
2017.09.12 06:37:30.701,0.78964,0.7898,1.37,1.62
2017.09.12 06:37:30.852,0.78964,0.78977,1.37,1.00
2017.09.12 06:37:31.433,0.78964,0.78979,1.37,1.00
2017.09.12 06:37:31.963,0.78963,0.78978,1.87,1.00
2017.09.12 06:37:32.761,0.78962,0.78978,1.87,1.00
2017.09.12 06:37:33.275,0.78963,0.78979,1.87,1.12
2017.09.12 06:37:35.872,0.78963,0.78978,1.87,1.00
2017.09.12 06:37:36.402,0.78962,0.78979,1.37,1.12
2017.09.12 06:37:36.987,0.78963,0.78978,1.87,1.00
2017.09.12 06:37:37.521,0.78962,0.7898,1.37,1.87
2017.09.12 06:37:38.615,0.78965,0.7898,1.00,1.37
2017.09.12 06:37:39.139,0.78963,0.78978,1.37,1.00
2017.09.12 06:37:41.963,0.78963,0.7898,1.87,1.62
2017.09.12 06:37:45.345,0.78965,0.7898,1.00,1.37
2017.09.12 06:37:46.168,0.78966,0.78982,1.00,1.87
2017.09.12 06:37:46.631,0.78965,0.78981,1.37,1.12
2017.09.12 06:37:47.411,0.78965,0.7898,1.37,1.00
2017.09.12 06:37:48.534,0.78965,0.7898,1.12,1.12
2017.09.12 06:37:52.659,0.78966,0.78982,1.00,1.37
2017.09.12 06:37:53.244,0.78966,0.78981,1.37,1.12
2017.09.12 06:37:57.610,0.78965,0.7898,1.37,1.00
2017.09.12 06:37:58.930,0.78966,0.78982,1.37,1.62
2017.09.12 06:37:59.128,0.7897,0.78985,1.00,1.37
2017.09.12 06:37:59.255,0.78972,0.78987,1.00,1.00
2017.09.12 06:38:00.792,0.78971,0.78986,1.12,1.00
2017.09.12 06:38:00.950,0.78972,0.78986,1.37,1.00
2017.09.12 06:38:01.252,0.7897,0.78985,1.87,1.00
2017.09.12 06:38:03.038,0.78968,0.78984,1.37,1.00
2017.09.12 06:38:03.139,0.78967,0.78982,1.37,1.00
2017.09.12 06:38:03.908,0.78967,0.78983,1.37,1.31
2017.09.12 06:38:07.047,0.78967,0.78982,1.37,1.00
2017.09.12 06:38:09.389,0.78965,0.78982,1.37,1.37
2017.09.12 06:38:09.981,0.78966,0.78981,1.37,1.00
2017.09.12 06:38:13.790,0.78966,0.78982,1.37,1.00
2017.09.12 06:38:13.921,0.78966,0.78982,1.12,1.37
2017.09.12 06:38:17.193,0.78966,0.78982,1.87,1.00
2017.09.12 06:38:20.440,0.78966,0.78983,1.87,1.31
2017.09.12 06:38:21.407,0.78966,0.78981,1.87,1.00
2017.09.12 06:38:28.735,0.78969,0.78984,1.00,1.37
2017.09.12 06:38:29.053,0.78971,0.78987,1.87,1.00
2017.09.12 06:38:30.694,0.78972,0.78988,1.37,1.31
2017.09.12 06:38:31.234,0.78971,0.78987,1.37,1.00
2017.09.12 06:38:34.755,0.78971,0.78989,1.87,2.06
2017.09.12 06:38:36.633,0.78972,0.78987,1.37,1.00
2017.09.12 06:38:41.454,0.78971,0.78986,1.87,1.00
2017.09.12 06:38:44.176,0.78971,0.78985,1.37,1.00
2017.09.12 06:38:44.379,0.7897,0.78986,1.87,1.12
2017.09.12 06:38:44.583,0.7897,0.78986,1.87,1.00
2017.09.12 06:38:45.949,0.78971,0.78987,1.37,1.00
2017.09.12 06:38:47.039,0.78972,0.78988,1.37,1.12
2017.09.12 06:38:50.078,0.78977,0.78993,1.00,1.87
2017.09.12 06:38:50.179,0.78976,0.78994,1.00,1.87
2017.09.12 06:38:50.257,0.78976,0.78994,1.37,1.87
2017.09.12 06:38:50.468,0.78976,0.78992,1.37,1.00
2017.09.12 06:38:50.983,0.78976,0.78991,1.37,1.00
2017.09.12 06:38:51.135,0.78975,0.78991,1.12,1.00
2017.09.12 06:38:51.707,0.78975,0.7899,1.12,1.00
2017.09.12 06:38:52.414,0.78975,0.78991,1.12,1.00
2017.09.12 06:38:52.672,0.78975,0.78993,1.87,2.06
2017.09.12 06:38:53.145,0.78974,0.78989,1.37,1.00
2017.09.12 06:38:53.195,0.78974,0.78991,1.87,1.00
2017.09.12 06:38:53.347,0.78973,0.78991,1.37,1.37
2017.09.12 06:38:55.511,0.78976,0.78992,1.00,1.37
2017.09.12 06:38:55.561,0.78972,0.78988,2.62,1.00
2017.09.12 06:38:55.835,0.7897,0.78985,1.87,1.00
2017.09.12 06:38:56.501,0.78971,0.78987,1.12,1.37
2017.09.12 06:39:02.539,0.78973,0.78989,1.00,1.37
2017.09.12 06:39:02.797,0.78974,0.78991,1.00,1.87
2017.09.12 06:39:04.638,0.78973,0.78989,1.12,1.00
2017.09.12 06:39:04.840,0.78976,0.78991,1.00,1.87
2017.09.12 06:39:05.114,0.78983,0.78998,1.12,1.12
2017.09.12 06:39:05.215,0.78983,0.78997,1.37,1.00
2017.09.12 06:39:05.408,0.78981,0.78997,1.12,1.00
2017.09.12 06:39:06.060,0.78982,0.78997,1.00,1.00
2017.09.12 06:39:06.275,0.78984,0.79,1.00,2.06
2017.09.12 06:39:06.427,0.78985,0.79003,1.87,1.37
2017.09.12 06:39:06.528,0.78986,0.79003,1.37,2.06
2017.09.12 06:39:11.042,0.78983,0.78999,1.87,1.00
2017.09.12 06:39:11.240,0.78983,0.78999,1.87,1.12
2017.09.12 06:39:11.957,0.78984,0.79,1.87,1.25
2017.09.12 06:39:13.465,0.78984,0.79001,1.87,1.12
2017.09.12 06:39:23.700,0.78984,0.79,1.87,1.00
2017.09.12 06:39:25.592,0.78982,0.79,2.62,1.37
2017.09.12 06:39:27.363,0.78982,0.78998,1.37,1.00
2017.09.12 06:39:27.515,0.78982,0.78998,1.12,1.37
2017.09.12 06:39:28.939,0.78985,0.78998,1.00,1.37
2017.09.12 06:39:29.042,0.78983,0.78999,1.00,1.37
2017.09.12 06:39:29.093,0.78983,0.78999,1.12,1.00
2017.09.12 06:39:29.298,0.78983,0.78999,1.00,1.87
2017.09.12 06:39:30.187,0.78982,0.78999,1.12,1.87
2017.09.12 06:39:31.228,0.78986,0.78999,1.00,1.37
2017.09.12 06:39:31.430,0.78986,0.79002,1.12,1.62
2017.09.12 06:39:31.584,0.78988,0.79003,1.00,1.37
2017.09.12 06:39:34.014,0.78987,0.79002,1.00,1.37
2017.09.12 06:39:34.216,0.78984,0.79001,1.12,1.87
2017.09.12 06:39:34.617,0.78986,0.79002,1.12,1.87
2017.09.12 06:39:36.428,0.78985,0.79001,1.00,1.37
2017.09.12 06:39:38.495,0.78988,0.79002,1.00,1.37
2017.09.12 06:39:38.647,0.78989,0.79004,1.25,1.37
2017.09.12 06:39:40.248,0.78985,0.79002,1.62,1.87
2017.09.12 06:39:40.415,0.78985,0.79002,1.31,1.87
2017.09.12 06:39:41.182,0.78987,0.79002,1.00,1.87
2017.09.12 06:39:41.519,0.78989,0.79004,1.00,1.37
2017.09.12 06:39:42.291,0.78988,0.79004,1.00,1.87
2017.09.12 06:39:46.022,0.78989,0.79004,1.00,1.37
2017.09.12 06:39:46.388,0.78987,0.79002,1.12,1.12
2017.09.12 06:39:46.540,0.78984,0.79,1.62,1.00
2017.09.12 06:39:46.641,0.78984,0.79,1.25,1.37
2017.09.12 06:39:47.130,0.78982,0.78997,1.25,1.37
2017.09.12 06:39:47.661,0.78982,0.79001,1.12,1.37
2017.09.12 06:39:47.763,0.78983,0.78999,1.37,1.87
2017.09.12 06:39:48.066,0.78986,0.79002,1.50,1.37
2017.09.12 06:39:48.498,0.78988,0.79002,1.00,1.37
2017.09.12 06:39:49.027,0.78987,0.79002,1.00,1.37
2017.09.12 06:39:50.195,0.7899,0.79004,1.00,1.37
2017.09.12 06:39:50.246,0.7899,0.79005,1.00,1.37
2017.09.12 06:39:50.347,0.78991,0.79006,1.00,1.87
2017.09.12 06:39:50.725,0.78987,0.79002,1.12,1.50
2017.09.12 06:39:50.810,0.78984,0.79,2.06,1.00
2017.09.12 06:39:50.861,0.78984,0.78999,1.37,1.50
2017.09.12 06:39:50.962,0.78984,0.78999,1.00,1.87
2017.09.12 06:39:51.342,0.78983,0.78998,1.00,1.37
2017.09.12 06:39:51.675,0.78985,0.79,1.12,1.00
2017.09.12 06:39:51.726,0.78987,0.79005,1.00,2.62
2017.09.12 06:39:52.947,0.78989,0.79004,1.00,1.87
2017.09.12 06:39:54.410,0.78988,0.79004,1.25,1.87
2017.09.12 06:39:57.483,0.78987,0.79002,1.12,1.87
2017.09.12 06:39:57.861,0.78987,0.79002,1.00,1.87
2017.09.12 06:39:58.159,0.78988,0.79004,1.00,1.87
2017.09.12 06:39:58.798,0.78989,0.79004,1.00,1.87
2017.09.12 06:39:59.000,0.78988,0.79004,1.00,1.37
2017.09.12 06:39:59.101,0.78989,0.79004,1.00,1.37
2017.09.12 06:40:00.190,0.7899,0.79006,1.00,1.62
2017.09.12 06:40:00.393,0.78992,0.79006,1.00,1.37
2017.09.12 06:40:00.667,0.78994,0.7901,1.00,1.37
2017.09.12 06:40:00.720,0.78996,0.7901,1.00,1.37
2017.09.12 06:40:00.771,0.78996,0.7901,1.00,1.37
2017.09.12 06:40:00.872,0.78994,0.7901,1.12,1.37
2017.09.12 06:40:01.124,0.78992,0.79008,1.25,1.12
2017.09.12 06:40:01.226,0.78992,0.79006,1.00,1.00
2017.09.12 06:40:01.692,0.78991,0.79006,1.00,1.87
2017.09.12 06:40:02.374,0.7899,0.79005,1.37,1.50
2017.09.12 06:40:02.891,0.7899,0.79005,1.00,1.87
2017.09.12 06:40:07.782,0.78989,0.79005,1.00,1.37
2017.09.12 06:40:09.964,0.78988,0.79004,1.00,1.12
2017.09.12 06:40:10.267,0.78985,0.79001,1.37,1.00
2017.09.12 06:40:10.317,0.78985,0.79001,1.12,1.37
2017.09.12 06:40:11.058,0.78987,0.79002,1.00,2.06
2017.09.12 06:40:11.211,0.78988,0.79002,1.00,1.31
2017.09.12 06:40:11.371,0.78989,0.79004,1.00,1.00
2017.09.12 06:40:11.917,0.78988,0.79003,1.12,1.00
2017.09.12 06:40:13.359,0.78989,0.79004,1.00,1.37
2017.09.12 06:40:13.868,0.78991,0.79005,1.00,1.37
2017.09.12 06:40:15.320,0.78989,0.79005,1.31,1.37
2017.09.12 06:40:17.652,0.7899,0.79006,1.00,1.87
2017.09.12 06:40:20.208,0.78989,0.79005,1.12,1.87
2017.09.12 06:40:21.100,0.7899,0.79005,1.00,1.87
2017.09.12 06:40:21.894,0.78989,0.79005,1.12,1.87
2017.09.12 06:40:25.477,0.7899,0.79005,1.00,1.37
2017.09.12 06:40:26.024,0.7899,0.79004,1.00,1.37
2017.09.12 06:40:27.187,0.7899,0.79006,1.00,1.37
2017.09.12 06:40:27.766,0.7899,0.79007,1.37,1.37
2017.09.12 06:40:27.918,0.78998,0.7901,1.00,1.37
2017.09.12 06:40:28.069,0.79,0.79018,2.06,1.31
2017.09.12 06:40:28.902,0.79002,0.79017,1.00,1.00
2017.09.12 06:40:30.029,0.79003,0.79018,1.00,1.12
2017.09.12 06:40:33.617,0.78998,0.79014,1.37,1.00
2017.09.12 06:40:33.718,0.78997,0.79014,1.62,1.37
2017.09.12 06:40:34.979,0.78996,0.79012,1.87,1.00
2017.09.12 06:40:35.992,0.78996,0.79013,1.37,1.12
2017.09.12 06:40:38.586,0.78995,0.7901,1.37,1.00
2017.09.12 06:40:39.262,0.78994,0.79011,1.12,1.37
2017.09.12 06:40:39.461,0.78996,0.79011,1.00,1.37
2017.09.12 06:40:39.804,0.79001,0.79016,1.00,1.37
2017.09.12 06:40:39.855,0.79001,0.79016,1.00,1.12
2017.09.12 06:40:39.906,0.78999,0.79017,1.12,1.87
2017.09.12 06:40:39.957,0.78998,0.79014,1.37,1.50
2017.09.12 06:40:40.271,0.79001,0.79017,1.00,1.37
2017.09.12 06:40:40.422,0.79002,0.79018,1.37,1.12
2017.09.12 06:40:43.138,0.79004,0.7902,1.00,1.37
2017.09.12 06:40:43.239,0.79004,0.7902,1.37,1.12
2017.09.12 06:40:43.621,0.79003,0.79019,1.00,1.12
2017.09.12 06:40:44.234,0.79004,0.7902,1.00,2.06
2017.09.12 06:40:44.398,0.79002,0.7902,2.06,1.87
2017.09.12 06:40:44.695,0.79005,0.7902,1.00,1.37
2017.09.12 06:40:44.797,0.79003,0.79019,1.25,1.12
2017.09.12 06:40:45.340,0.79004,0.7902,1.00,1.37
2017.09.12 06:40:46.924,0.79003,0.79019,1.00,1.12
2017.09.12 06:40:48.433,0.79004,0.7902,1.00,1.87
2017.09.12 06:40:49.012,0.79003,0.79019,1.00,1.12
2017.09.12 06:40:49.554,0.79004,0.7902,1.00,1.87
2017.09.12 06:40:50.065,0.79005,0.79021,1.00,1.87
2017.09.12 06:40:50.166,0.79007,0.79023,1.00,1.37
2017.09.12 06:40:50.368,0.79009,0.79025,1.00,1.87
2017.09.12 06:40:50.547,0.79006,0.79023,1.87,1.00
2017.09.12 06:40:51.081,0.79007,0.79025,1.37,1.31
2017.09.12 06:40:55.526,0.79009,0.79026,1.00,1.87
2017.09.12 06:40:55.577,0.79012,0.79028,1.00,1.37
2017.09.12 06:40:55.677,0.79012,0.79028,1.00,1.37
2017.09.12 06:40:56.585,0.79009,0.79026,1.37,1.00
2017.09.12 06:40:56.636,0.79007,0.79024,1.37,1.00
2017.09.12 06:40:56.787,0.79007,0.79024,1.12,1.37
2017.09.12 06:40:56.838,0.79009,0.79025,1.00,1.37
2017.09.12 06:40:56.889,0.79009,0.79025,1.12,1.37
2017.09.12 06:40:57.513,0.7901,0.79027,1.00,1.37
2017.09.12 06:40:58.030,0.79009,0.79026,1.12,1.37
2017.09.12 06:40:59.622,0.79005,0.79022,1.37,1.00
2017.09.12 06:40:59.926,0.78998,0.79014,2.06,1.00
2017.09.12 06:40:59.976,0.78998,0.79014,2.06,1.00
2017.09.12 06:41:00.550,0.78998,0.79014,1.87,1.12
2017.09.12 06:41:01.145,0.79,0.79015,1.00,1.37
2017.09.12 06:41:01.565,0.78997,0.79013,1.00,1.87
2017.09.12 06:41:01.919,0.78995,0.79011,2.06,1.00
2017.09.12 06:41:02.223,0.78993,0.79009,1.12,1.87
2017.09.12 06:41:04.443,0.78989,0.79004,1.37,1.50
2017.09.12 06:41:04.494,0.78989,0.79004,1.37,1.50
2017.09.12 06:41:05.001,0.7899,0.79004,1.00,1.37
2017.09.12 06:41:05.884,0.7899,0.79006,1.00,1.87
2017.09.12 06:41:06.434,0.78988,0.79004,1.37,1.12
2017.09.12 06:41:08.617,0.78987,0.79003,1.87,1.00
2017.09.12 06:41:09.143,0.7899,0.79006,1.00,1.37
2017.09.12 06:41:09.647,0.78989,0.79006,1.12,1.87
2017.09.12 06:41:10.311,0.7899,0.79005,1.00,1.37
2017.09.12 06:41:12.536,0.78989,0.79005,1.12,1.37
2017.09.12 06:41:13.255,0.7899,0.79005,1.00,1.37
2017.09.12 06:41:13.407,0.78991,0.79006,1.00,1.00
2017.09.12 06:41:13.965,0.7899,0.79007,1.12,1.12
2017.09.12 06:41:15.261,0.7899,0.79006,1.12,1.00
2017.09.12 06:41:16.054,0.7899,0.79005,1.12,1.00
2017.09.12 06:41:16.715,0.78991,0.79006,1.00,1.50
2017.09.12 06:41:17.262,0.7899,0.79005,1.12,1.00
2017.09.12 06:41:19.084,0.7899,0.79005,1.00,1.37
2017.09.12 06:41:20.160,0.78988,0.79006,1.87,1.87
2017.09.12 06:41:21.097,0.7899,0.79005,1.00,1.37
2017.09.12 06:41:22.351,0.78986,0.79001,1.37,1.00
2017.09.12 06:41:22.402,0.78986,0.79001,1.37,1.00
2017.09.12 06:41:23.316,0.78986,0.79001,1.00,1.12
2017.09.12 06:41:23.973,0.78988,0.79003,1.00,1.37
2017.09.12 06:41:24.125,0.78989,0.79005,1.00,2.06
2017.09.12 06:41:25.720,0.78986,0.79004,2.06,1.37
2017.09.12 06:41:25.821,0.78988,0.79003,1.37,1.00
2017.09.12 06:41:25.922,0.78986,0.79001,1.00,1.12
2017.09.12 06:41:26.439,0.78984,0.79001,1.87,1.12
2017.09.12 06:41:27.602,0.78987,0.79002,1.00,1.37
2017.09.12 06:41:27.919,0.78988,0.79002,1.37,1.00
2017.09.12 06:41:27.970,0.78988,0.79005,1.37,1.37
2017.09.12 06:41:28.514,0.7899,0.79005,1.00,1.37
2017.09.12 06:41:29.035,0.78991,0.79006,1.12,1.37
2017.09.12 06:41:33.172,0.7899,0.79006,1.00,1.87
2017.09.12 06:41:33.677,0.78988,0.79005,1.12,1.12
2017.09.12 06:41:33.829,0.78988,0.79004,1.00,1.37
2017.09.12 06:41:34.473,0.7899,0.79005,1.00,1.87
2017.09.12 06:41:35.146,0.78988,0.79003,1.00,1.12
2017.09.12 06:41:41.846,0.78987,0.79003,1.00,1.87
2017.09.12 06:41:42.374,0.78987,0.79002,1.00,1.50
2017.09.12 06:41:42.576,0.78986,0.79001,1.00,1.37
2017.09.12 06:41:44.820,0.78985,0.79,1.12,1.37
2017.09.12 06:41:45.578,0.78984,0.78999,1.00,1.87
2017.09.12 06:41:47.944,0.78984,0.78998,1.00,1.37
2017.09.12 06:41:48.966,0.78983,0.78998,1.00,1.37
2017.09.12 06:41:50.267,0.78984,0.78999,1.00,1.87
2017.09.12 06:41:51.775,0.78983,0.78998,1.00,1.37
2017.09.12 06:41:55.522,0.78982,0.78997,1.00,1.37
2017.09.12 06:41:56.023,0.78981,0.78996,1.12,1.12
2017.09.12 06:41:56.456,0.78979,0.78991,1.37,1.00
2017.09.12 06:41:56.589,0.78973,0.7899,1.37,1.87
2017.09.12 06:41:57.237,0.78975,0.7899,1.00,1.87
2017.09.12 06:41:57.395,0.78975,0.7899,1.12,1.12
2017.09.12 06:41:57.897,0.78973,0.78987,1.37,1.00
2017.09.12 06:41:57.998,0.78971,0.78986,1.37,1.00
2017.09.12 06:41:58.099,0.78971,0.78986,1.12,1.00
2017.09.12 06:41:58.642,0.78971,0.78986,1.00,1.37
2017.09.12 06:41:58.872,0.78974,0.78988,1.00,1.37
2017.09.12 06:41:59.092,0.78974,0.78988,1.00,1.37
2017.09.12 06:42:00.308,0.78976,0.78989,1.00,1.37
2017.09.12 06:42:00.460,0.78974,0.78991,1.00,1.87
2017.09.12 06:42:00.611,0.78975,0.7899,1.37,1.00
2017.09.12 06:42:00.712,0.78975,0.7899,1.12,1.12
2017.09.12 06:42:01.856,0.78974,0.78989,1.37,1.00
2017.09.12 06:42:02.464,0.78974,0.78989,1.00,1.37
2017.09.12 06:42:03.150,0.78975,0.7899,1.00,1.37
2017.09.12 06:42:04.263,0.78976,0.78992,1.00,1.37
2017.09.12 06:42:04.365,0.78978,0.78993,1.00,1.37
2017.09.12 06:42:04.416,0.78978,0.78995,1.00,2.06
2017.09.12 06:42:04.466,0.7898,0.78995,1.00,1.37
2017.09.12 06:42:04.619,0.78979,0.78994,1.00,1.00
2017.09.12 06:42:05.166,0.7898,0.78995,1.00,1.12
2017.09.12 06:42:05.217,0.78982,0.78998,1.00,2.06
2017.09.12 06:42:05.519,0.78984,0.78999,1.00,1.37
2017.09.12 06:42:06.248,0.78983,0.78998,1.00,1.37
2017.09.12 06:42:06.691,0.78981,0.78996,1.12,1.31
2017.09.12 06:42:06.742,0.78978,0.78994,1.37,1.00
2017.09.12 06:42:07.155,0.78974,0.78986,1.87,1.00
2017.09.12 06:42:07.424,0.78964,0.7898,1.37,1.00
2017.09.12 06:42:07.525,0.78963,0.78977,1.37,1.00
2017.09.12 06:42:07.576,0.78965,0.78979,1.37,1.00
2017.09.12 06:42:07.728,0.78966,0.78982,1.00,3.75
2017.09.12 06:42:07.980,0.78969,0.78985,1.00,1.87
2017.09.12 06:42:08.031,0.78969,0.78985,1.00,1.87
2017.09.12 06:42:08.128,0.78969,0.78985,1.00,1.87
2017.09.12 06:42:08.229,0.78969,0.78984,1.00,1.87
2017.09.12 06:42:08.733,0.7897,0.78984,1.00,1.37
2017.09.12 06:42:09.115,0.78973,0.78988,1.00,1.87
2017.09.12 06:42:09.216,0.78973,0.78988,1.00,1.87
2017.09.12 06:42:09.333,0.78973,0.78988,1.00,1.87
2017.09.12 06:42:09.862,0.78972,0.78987,1.00,1.00
2017.09.12 06:42:10.448,0.78973,0.78988,1.00,1.12
2017.09.12 06:42:10.871,0.78975,0.7899,1.00,1.37
2017.09.12 06:42:11.594,0.78975,0.7899,1.00,1.37
2017.09.12 06:42:18.381,0.78974,0.78989,1.12,1.12
2017.09.12 06:42:19.118,0.78974,0.78989,1.00,1.87
2017.09.12 06:42:20.355,0.78973,0.78989,1.00,1.87
2017.09.12 06:42:20.869,0.78974,0.78989,1.00,1.37
2017.09.12 06:42:21.214,0.78977,0.78993,1.00,1.37
2017.09.12 06:42:21.366,0.78977,0.78993,1.12,1.37
2017.09.12 06:42:25.834,0.78973,0.78989,1.87,1.00
2017.09.12 06:42:25.935,0.78971,0.78988,1.87,1.12
2017.09.12 06:42:27.442,0.78975,0.7899,1.00,1.37
2017.09.12 06:42:27.492,0.78973,0.78989,1.12,1.87
2017.09.12 06:42:27.744,0.78972,0.78987,1.00,1.37
2017.09.12 06:42:31.344,0.78971,0.78987,1.12,1.87
2017.09.12 06:42:31.738,0.78969,0.78984,1.12,1.12
2017.09.12 06:42:32.447,0.78968,0.78984,1.00,1.87
2017.09.12 06:42:32.866,0.78965,0.7898,1.12,1.12
2017.09.12 06:42:33.953,0.78964,0.78979,1.37,1.00
2017.09.12 06:42:34.490,0.78964,0.78979,1.00,1.37
2017.09.12 06:42:34.591,0.78967,0.78982,1.00,1.87
2017.09.12 06:42:34.793,0.78968,0.78984,1.00,1.87
2017.09.12 06:42:34.983,0.7897,0.78985,1.00,1.37
2017.09.12 06:42:35.084,0.78971,0.78987,1.00,2.06
2017.09.12 06:42:35.185,0.78971,0.78987,1.00,2.06
2017.09.12 06:42:36.363,0.78969,0.78985,1.37,1.12
2017.09.12 06:42:36.464,0.78969,0.78985,1.00,1.37
2017.09.12 06:42:36.971,0.78971,0.78986,1.00,1.37
2017.09.12 06:42:37.072,0.78971,0.78987,1.00,2.06
2017.09.12 06:42:38.540,0.78969,0.78985,1.37,1.87
2017.09.12 06:42:39.068,0.7897,0.78986,1.12,1.87
2017.09.12 06:42:40.890,0.7897,0.78986,1.00,1.37
2017.09.12 06:42:40.991,0.7897,0.78986,1.00,1.37
2017.09.12 06:42:41.541,0.78969,0.78985,1.12,1.37
2017.09.12 06:42:46.659,0.7897,0.78986,1.00,1.37
2017.09.12 06:42:47.174,0.78971,0.78986,1.00,1.87
2017.09.12 06:42:47.794,0.7897,0.78986,1.00,1.37
2017.09.12 06:42:49.512,0.78971,0.78986,1.00,1.87
2017.09.12 06:42:50.776,0.78975,0.78989,1.00,1.37
2017.09.12 06:42:50.903,0.78975,0.78992,1.00,1.87
2017.09.12 06:42:50.954,0.78978,0.78992,1.00,1.37
2017.09.12 06:42:51.005,0.78978,0.78994,1.00,1.37
2017.09.12 06:42:51.194,0.78979,0.78995,1.00,1.37
2017.09.12 06:42:51.854,0.78978,0.78995,1.12,1.87
2017.09.12 06:42:54.726,0.78979,0.78996,1.00,1.87
2017.09.12 06:42:54.996,0.78983,0.78998,1.00,1.37
2017.09.12 06:42:55.148,0.78983,0.78998,1.00,1.37
2017.09.12 06:42:55.205,0.78983,0.78998,1.00,1.00
2017.09.12 06:42:55.255,0.78981,0.78996,1.87,1.00
2017.09.12 06:42:55.457,0.78983,0.78999,1.00,1.12
2017.09.12 06:42:55.971,0.78985,0.79,1.00,1.37
2017.09.12 06:42:56.501,0.78985,0.79,1.12,1.12
2017.09.12 06:42:59.196,0.78986,0.79002,1.00,1.87
2017.09.12 06:42:59.499,0.78988,0.79004,1.00,1.37
2017.09.12 06:42:59.549,0.78988,0.79004,1.00,1.37
2017.09.12 06:43:00.058,0.78986,0.79002,1.37,1.50
2017.09.12 06:43:00.159,0.78986,0.79001,1.00,1.37
2017.09.12 06:43:00.885,0.78985,0.79001,1.12,1.37
2017.09.12 06:43:01.423,0.78985,0.79,1.00,1.37
2017.09.12 06:43:02.798,0.78986,0.79001,1.00,1.87
2017.09.12 06:43:03.736,0.78988,0.79002,1.00,1.37
2017.09.12 06:43:04.064,0.78998,0.79012,1.00,1.37
2017.09.12 06:43:04.166,0.78997,0.79012,1.00,1.37
2017.09.12 06:43:06.017,0.78996,0.79012,1.00,1.87
2017.09.12 06:43:06.226,0.78998,0.79012,1.00,1.37
2017.09.12 06:43:06.401,0.78998,0.79014,1.12,1.87
2017.09.12 06:43:06.983,0.78999,0.79014,1.00,1.37
2017.09.12 06:43:07.598,0.79,0.79014,1.00,1.37
2017.09.12 06:43:09.495,0.79001,0.79014,1.00,1.37
2017.09.12 06:43:10.444,0.78999,0.79014,1.00,1.37
2017.09.12 06:43:12.466,0.79,0.79014,1.00,1.37
2017.09.12 06:43:12.826,0.78998,0.79014,1.12,1.87
2017.09.12 06:43:13.952,0.78997,0.79013,1.37,1.00
2017.09.12 06:43:14.003,0.78997,0.79011,1.37,1.00
2017.09.12 06:43:14.560,0.78997,0.79012,1.87,1.00
2017.09.12 06:43:14.893,0.79,0.79015,1.00,1.12
2017.09.12 06:43:15.524,0.78999,0.79014,1.00,1.00
2017.09.12 06:43:15.861,0.78995,0.7901,1.37,1.00
2017.09.12 06:43:15.962,0.78995,0.7901,1.37,1.87
2017.09.12 06:43:16.164,0.78995,0.7901,1.00,1.87
2017.09.12 06:43:17.011,0.78996,0.79011,1.00,1.37
2017.09.12 06:43:17.062,0.78996,0.79011,1.00,1.37
2017.09.12 06:43:17.321,0.79,0.79013,1.00,1.37
2017.09.12 06:43:17.454,0.78998,0.79015,1.00,1.37
2017.09.12 06:43:17.505,0.79001,0.79016,1.50,1.37
2017.09.12 06:43:17.608,0.79001,0.79016,1.87,1.00
2017.09.12 06:43:18.213,0.79001,0.79015,1.37,1.50
2017.09.12 06:43:18.486,0.7899,0.79005,1.12,1.12
2017.09.12 06:43:19.018,0.78992,0.79007,1.00,1.37
2017.09.12 06:43:19.246,0.78994,0.79009,1.00,1.37
2017.09.12 06:43:19.398,0.78995,0.7901,1.12,1.12
2017.09.12 06:43:19.500,0.78997,0.79012,1.00,1.87
2017.09.12 06:43:19.752,0.78996,0.79013,1.37,1.37
2017.09.12 06:43:19.803,0.78997,0.79012,1.00,1.37
2017.09.12 06:43:19.975,0.78997,0.79012,1.12,1.12
2017.09.12 06:43:20.178,0.78996,0.79011,1.87,1.00
2017.09.12 06:43:20.379,0.78997,0.79012,1.12,1.12
2017.09.12 06:43:21.573,0.78997,0.79012,1.00,1.87
2017.09.12 06:43:22.351,0.78994,0.7901,1.87,1.00
2017.09.12 06:43:22.604,0.78994,0.79009,1.00,1.37
2017.09.12 06:43:24.213,0.78995,0.79011,1.00,1.87
2017.09.12 06:43:24.516,0.79,0.79015,1.00,1.37
2017.09.12 06:43:25.024,0.78998,0.79013,1.37,1.00
2017.09.12 06:43:25.175,0.78997,0.79014,1.12,2.06
2017.09.12 06:43:26.231,0.78998,0.79014,1.00,2.06
2017.09.12 06:43:26.282,0.79,0.79015,1.00,1.37
2017.09.12 06:43:26.853,0.78999,0.79015,1.12,1.87
2017.09.12 06:43:27.979,0.79,0.79015,1.00,1.37
2017.09.12 06:43:28.182,0.79001,0.79017,1.00,1.87
2017.09.12 06:43:28.719,0.79004,0.79019,1.00,1.87
2017.09.12 06:43:28.770,0.79002,0.7902,1.00,3.37
2017.09.12 06:43:28.821,0.79005,0.7902,1.00,1.62
2017.09.12 06:43:29.023,0.79002,0.79018,1.87,1.00
2017.09.12 06:43:29.226,0.79001,0.79017,1.00,1.12
2017.09.12 06:43:29.730,0.79001,0.79016,1.00,1.00
2017.09.12 06:43:31.523,0.79001,0.79017,1.00,1.12
2017.09.12 06:43:32.178,0.78999,0.79016,1.37,1.00
2017.09.12 06:43:32.614,0.79002,0.79017,1.00,1.12
2017.09.12 06:43:33.438,0.79001,0.79016,1.00,1.00
2017.09.12 06:43:33.923,0.79,0.79015,1.12,1.37
2017.09.12 06:43:36.297,0.79,0.79015,1.12,1.00
2017.09.12 06:43:37.852,0.79001,0.79016,1.00,1.25
2017.09.12 06:43:38.167,0.79004,0.79019,1.00,1.37
2017.09.12 06:43:38.218,0.79005,0.7902,1.12,1.12
2017.09.12 06:43:38.544,0.79,0.79017,1.87,1.00
2017.09.12 06:43:38.746,0.79,0.79017,1.37,2.06
2017.09.12 06:43:38.848,0.79,0.79017,1.37,2.06
2017.09.12 06:43:39.715,0.79002,0.79016,1.00,1.37
2017.09.12 06:43:40.020,0.79002,0.79018,1.37,1.12
2017.09.12 06:43:41.058,0.79004,0.79019,1.00,1.37
2017.09.12 06:43:41.607,0.79003,0.79018,1.12,1.12
2017.09.12 06:43:42.170,0.79004,0.79019,1.00,1.62
2017.09.12 06:43:42.880,0.79003,0.79018,1.12,1.12
2017.09.12 06:43:45.572,0.79002,0.79017,1.87,1.00
2017.09.12 06:43:46.786,0.79001,0.79016,1.37,1.00
2017.09.12 06:43:48.754,0.79002,0.79017,1.37,1.00
2017.09.12 06:43:49.323,0.79002,0.79016,1.37,1.00
2017.09.12 06:43:50.129,0.79003,0.79017,1.12,1.00
2017.09.12 06:43:50.656,0.79004,0.79021,1.00,2.06
2017.09.12 06:43:52.092,0.79001,0.79015,1.37,1.00
2017.09.12 06:43:52.142,0.79001,0.79016,1.12,1.00
2017.09.12 06:43:52.294,0.79004,0.79018,1.00,1.37
2017.09.12 06:43:52.979,0.79004,0.79018,1.00,1.12
2017.09.12 06:43:53.490,0.79003,0.79019,1.12,1.37
2017.09.12 06:43:55.122,0.79005,0.79019,1.00,1.37
2017.09.12 06:43:55.173,0.79003,0.79019,1.12,1.37
2017.09.12 06:43:55.225,0.79005,0.7902,1.00,1.37
2017.09.12 06:43:55.329,0.79005,0.7902,1.37,1.12
2017.09.12 06:43:55.837,0.79007,0.79022,1.00,1.87
2017.09.12 06:43:56.343,0.79006,0.79021,1.12,1.37
2017.09.12 06:43:56.444,0.79003,0.79018,1.37,1.00
2017.09.12 06:43:56.646,0.79003,0.79019,1.37,1.12
2017.09.12 06:43:57.312,0.79005,0.7902,1.00,1.37
2017.09.12 06:43:57.665,0.79006,0.79021,1.12,1.00
2017.09.12 06:43:58.249,0.79005,0.7902,1.87,1.00
2017.09.12 06:43:58.400,0.79002,0.79017,1.37,1.00
2017.09.12 06:43:58.451,0.79001,0.79017,1.87,1.00
2017.09.12 06:43:58.502,0.79003,0.79019,1.37,1.12
2017.09.12 06:43:58.740,0.79001,0.79017,1.87,1.00
2017.09.12 06:43:58.842,0.79001,0.79017,1.12,1.37
2017.09.12 06:43:59.265,0.79001,0.79016,1.00,1.37
2017.09.12 06:44:00.462,0.79001,0.79018,1.12,1.87
2017.09.12 06:44:00.512,0.79003,0.79021,1.00,2.62
2017.09.12 06:44:00.563,0.79003,0.79018,1.37,1.12
2017.09.12 06:44:01.571,0.79001,0.79016,1.37,1.00
2017.09.12 06:44:01.772,0.78999,0.79015,1.87,1.00
2017.09.12 06:44:02.321,0.79001,0.79017,1.87,1.00
2017.09.12 06:44:02.575,0.79,0.79016,1.12,1.37
2017.09.12 06:44:03.902,0.78998,0.79013,1.37,1.00
2017.09.12 06:44:04.083,0.78992,0.79008,1.37,1.00
2017.09.12 06:44:04.235,0.78992,0.7901,2.06,2.06
2017.09.12 06:44:04.285,0.78992,0.7901,1.37,1.37
2017.09.12 06:44:04.746,0.78998,0.79012,1.00,1.37
2017.09.12 06:44:05.855,0.78998,0.79012,1.00,1.37
2017.09.12 06:44:06.007,0.78996,0.79012,1.31,1.37
2017.09.12 06:44:12.475,0.78997,0.79012,1.12,1.87
2017.09.12 06:44:13.134,0.78999,0.79014,1.00,1.87
2017.09.12 06:44:13.184,0.78999,0.79015,1.12,1.62
2017.09.12 06:44:13.326,0.79001,0.79018,1.12,2.06
2017.09.12 06:44:14.209,0.79,0.79016,1.00,1.87
2017.09.12 06:44:14.777,0.79,0.79017,1.37,1.87
2017.09.12 06:44:14.828,0.78998,0.79013,1.37,1.00
2017.09.12 06:44:14.879,0.78998,0.79013,1.00,1.00
2017.09.12 06:44:14.980,0.78996,0.79013,1.37,2.06
2017.09.12 06:44:16.332,0.78995,0.7901,1.37,1.00
2017.09.12 06:44:16.464,0.78993,0.79009,1.37,1.00
2017.09.12 06:44:17.053,0.78995,0.7901,1.00,1.87
2017.09.12 06:44:17.791,0.78995,0.7901,1.12,1.12
2017.09.12 06:44:18.115,0.78997,0.79012,1.00,1.87
2017.09.12 06:44:18.216,0.78998,0.79014,1.00,1.87
2017.09.12 06:44:18.885,0.78996,0.79013,1.37,1.37
2017.09.12 06:44:19.883,0.78998,0.79013,1.50,1.37
2017.09.12 06:44:20.455,0.78997,0.79012,1.12,1.12
2017.09.12 06:44:20.506,0.78995,0.7901,1.37,1.00
2017.09.12 06:44:20.707,0.78993,0.7901,1.31,1.12
2017.09.12 06:44:20.817,0.78993,0.79008,1.31,1.00
2017.09.12 06:44:21.346,0.78991,0.79007,1.37,1.12
2017.09.12 06:44:23.050,0.78994,0.7901,1.00,1.87
2017.09.12 06:44:23.202,0.78994,0.7901,1.37,1.12
2017.09.12 06:44:25.560,0.78994,0.79009,1.37,1.00
2017.09.12 06:44:26.443,0.78994,0.79009,1.12,1.37
2017.09.12 06:44:26.982,0.78995,0.7901,1.00,1.87
2017.09.12 06:44:27.234,0.78996,0.79012,1.00,1.87
2017.09.12 06:44:27.945,0.78994,0.79012,1.56,1.87
2017.09.12 06:44:28.046,0.78991,0.79006,1.37,1.00
2017.09.12 06:44:28.097,0.78991,0.79006,1.12,1.12
2017.09.12 06:44:28.632,0.78992,0.79006,1.00,1.12
2017.09.12 06:44:29.967,0.78994,0.79008,1.00,1.37
2017.09.12 06:44:30.118,0.78995,0.7901,1.00,1.37
2017.09.12 06:44:30.169,0.78992,0.79007,1.37,1.00
2017.09.12 06:44:30.492,0.78992,0.79006,1.00,1.00
2017.09.12 06:44:30.993,0.78991,0.79006,1.87,1.00
2017.09.12 06:44:31.316,0.78992,0.79007,1.87,1.00
2017.09.12 06:44:37.294,0.78991,0.79006,1.37,1.00
2017.09.12 06:44:37.345,0.78989,0.79006,1.87,1.12
2017.09.12 06:44:38.358,0.78989,0.79005,1.87,1.00
2017.09.12 06:44:38.767,0.78987,0.79001,1.37,1.00
2017.09.12 06:44:38.969,0.78985,0.79,1.37,1.00
2017.09.12 06:44:39.588,0.78986,0.79001,1.37,1.00
2017.09.12 06:44:40.618,0.78986,0.79002,1.37,1.12
2017.09.12 06:44:46.221,0.78983,0.78999,1.37,1.00
2017.09.12 06:44:46.379,0.78982,0.78997,1.37,1.00
2017.09.12 06:44:49.162,0.78982,0.78998,1.37,1.12
2017.09.12 06:44:49.264,0.78988,0.79003,1.00,2.62
2017.09.12 06:44:49.365,0.78987,0.79002,1.00,1.00
2017.09.12 06:44:49.992,0.78987,0.79003,1.00,1.12
2017.09.12 06:44:52.751,0.78988,0.79003,1.00,1.12
2017.09.12 06:44:53.253,0.78987,0.79001,1.00,1.00
2017.09.12 06:44:53.819,0.78984,0.78998,1.37,1.00
2017.09.12 06:44:54.367,0.78983,0.79,1.37,1.31
2017.09.12 06:44:54.788,0.78987,0.79001,1.00,1.37
2017.09.12 06:44:54.889,0.78988,0.79003,1.12,1.12
2017.09.12 06:44:57.073,0.78987,0.79002,1.37,1.00
2017.09.12 06:44:57.275,0.78984,0.79001,2.06,1.00
2017.09.12 06:45:01.917,0.78984,0.78999,1.37,1.00
2017.09.12 06:45:02.304,0.78983,0.78998,1.00,1.37
2017.09.12 06:45:03.170,0.78983,0.78998,1.12,1.00
2017.09.12 06:45:03.612,0.7898,0.78996,1.87,1.00
2017.09.12 06:45:04.284,0.7898,0.78996,1.87,1.00
2017.09.12 06:45:07.891,0.7898,0.78995,1.37,1.00
2017.09.12 06:45:09.215,0.78981,0.78996,1.37,1.00
2017.09.12 06:45:09.796,0.78979,0.78995,1.62,1.12
2017.09.12 06:45:10.048,0.78977,0.78993,1.37,1.50
2017.09.12 06:45:10.099,0.78975,0.7899,1.12,1.00
2017.09.12 06:45:10.150,0.78972,0.78988,1.37,1.00
2017.09.12 06:45:10.302,0.78968,0.78985,1.87,1.12
2017.09.12 06:45:12.617,0.78973,0.78989,1.00,1.87
2017.09.12 06:45:12.719,0.78972,0.78991,2.06,1.87
2017.09.12 06:45:12.820,0.78975,0.7899,1.00,1.12
2017.09.12 06:45:13.575,0.78974,0.78989,1.87,1.00
2017.09.12 06:45:14.468,0.78974,0.7899,1.87,1.00
2017.09.12 06:45:16.528,0.78977,0.78992,1.00,1.31
2017.09.12 06:45:16.831,0.78977,0.78993,1.87,1.00
2017.09.12 06:45:17.142,0.78976,0.78992,1.62,1.12
2017.09.12 06:45:17.445,0.78977,0.78992,1.37,1.00
2017.09.12 06:45:18.088,0.78977,0.78993,1.87,1.00
2017.09.12 06:45:18.593,0.78978,0.78994,1.37,1.12
2017.09.12 06:45:19.123,0.78977,0.78994,1.87,1.37
2017.09.12 06:45:20.248,0.78976,0.78992,1.37,1.00
2017.09.12 06:45:20.349,0.78975,0.78991,1.37,1.00
2017.09.12 06:45:22.567,0.78977,0.78993,1.12,1.37
2017.09.12 06:45:23.645,0.78977,0.78994,1.87,1.12
2017.09.12 06:45:27.067,0.78978,0.78994,1.37,1.00
2017.09.12 06:45:27.603,0.78977,0.78993,1.37,1.00
2017.09.12 06:45:28.311,0.78978,0.78994,1.37,1.12
2017.09.12 06:45:28.973,0.7898,0.78995,1.00,1.87
2017.09.12 06:45:29.972,0.78979,0.78994,1.12,1.12
2017.09.12 06:45:32.212,0.78978,0.78993,1.37,1.00
2017.09.12 06:45:33.630,0.78978,0.78994,1.87,1.12
2017.09.12 06:45:35.417,0.7898,0.78995,1.00,1.37
2017.09.12 06:45:37.772,0.78978,0.78995,1.37,1.00
2017.09.12 06:45:37.873,0.78978,0.78995,1.37,1.12
2017.09.12 06:45:38.822,0.78978,0.78994,1.87,1.00
2017.09.12 06:45:40.879,0.78979,0.78996,1.37,1.62
2017.09.12 06:45:41.221,0.78978,0.78993,2.06,1.00
2017.09.12 06:45:41.322,0.78977,0.78992,1.37,1.00
2017.09.12 06:45:42.085,0.78976,0.78991,1.87,1.00
2017.09.12 06:45:42.724,0.78976,0.78992,1.87,1.00
2017.09.12 06:45:43.934,0.78976,0.78994,2.06,1.62
2017.09.12 06:45:44.968,0.78977,0.78992,1.37,1.00
2017.09.12 06:45:46.002,0.78976,0.78993,1.37,1.12
2017.09.12 06:45:47.985,0.78975,0.78992,1.37,1.00
2017.09.12 06:45:48.742,0.78976,0.78993,1.37,1.31
2017.09.12 06:45:48.894,0.78976,0.78993,1.00,1.00
2017.09.12 06:45:50.904,0.78976,0.78991,1.00,1.00
2017.09.12 06:45:51.383,0.78974,0.7899,1.00,1.00
2017.09.12 06:45:51.434,0.78974,0.78989,1.37,1.00
2017.09.12 06:45:51.535,0.78973,0.78988,1.37,1.00
2017.09.12 06:45:52.482,0.78973,0.78989,1.37,1.12
2017.09.12 06:45:54.916,0.78975,0.7899,1.00,1.37
2017.09.12 06:45:55.422,0.78974,0.78991,1.12,2.06
2017.09.12 06:46:00.132,0.78975,0.78991,1.00,1.87
2017.09.12 06:46:00.663,0.78973,0.7899,1.37,1.37
2017.09.12 06:46:01.323,0.78975,0.7899,1.00,1.37
2017.09.12 06:46:02.485,0.78976,0.78991,1.00,1.87
2017.09.12 06:46:02.736,0.78974,0.78989,1.12,1.12
2017.09.12 06:46:02.953,0.78975,0.78989,1.37,1.00
2017.09.12 06:46:04.140,0.78975,0.78991,1.37,1.12
2017.09.12 06:46:04.190,0.78975,0.78989,1.37,1.00
2017.09.12 06:46:05.340,0.78974,0.78988,1.87,1.00
2017.09.12 06:46:05.993,0.78975,0.78989,1.37,1.00
2017.09.12 06:46:06.618,0.78974,0.78988,1.37,1.00
2017.09.12 06:46:07.182,0.78973,0.78988,1.87,1.00
2017.09.12 06:46:07.837,0.78973,0.78989,1.37,1.12
2017.09.12 06:46:09.912,0.78973,0.78988,1.37,1.00
2017.09.12 06:46:11.308,0.78973,0.78987,1.37,1.00
2017.09.12 06:46:11.920,0.78972,0.78985,1.37,1.00
2017.09.12 06:46:11.972,0.78971,0.78985,1.37,1.00
2017.09.12 06:46:12.073,0.78969,0.78984,1.87,1.00
2017.09.12 06:46:12.733,0.7897,0.78985,1.87,1.00
2017.09.12 06:46:12.784,0.78971,0.78986,1.87,1.00
2017.09.12 06:46:13.124,0.78969,0.78984,1.87,1.00
2017.09.12 06:46:14.563,0.78971,0.78986,1.12,1.12
2017.09.12 06:46:15.399,0.78971,0.78985,1.37,1.00
2017.09.12 06:46:15.500,0.78971,0.78985,1.12,1.00
2017.09.12 06:46:16.031,0.78971,0.78987,1.12,1.37
2017.09.12 06:46:16.182,0.7897,0.78985,1.87,1.00
2017.09.12 06:46:16.393,0.78972,0.78987,1.37,1.00
2017.09.12 06:46:16.494,0.78971,0.78985,1.37,1.00
2017.09.12 06:46:16.646,0.78971,0.78988,1.87,1.12
2017.09.12 06:46:16.747,0.78971,0.78986,1.87,1.00
2017.09.12 06:46:17.313,0.78972,0.78987,1.37,1.00
2017.09.12 06:46:17.885,0.78972,0.78988,1.37,1.12
2017.09.12 06:46:18.422,0.78971,0.78987,2.06,1.00
2017.09.12 06:46:22.885,0.78972,0.78989,1.37,1.87
2017.09.12 06:46:23.591,0.78973,0.78987,1.12,1.00
2017.09.12 06:46:23.907,0.78969,0.78985,1.87,1.00
2017.09.12 06:46:24.492,0.7897,0.78984,1.37,1.00
2017.09.12 06:46:25.036,0.78972,0.78986,1.00,1.12
2017.09.12 06:46:25.660,0.78971,0.78988,1.12,1.87
2017.09.12 06:46:26.161,0.78972,0.78988,1.00,1.37
2017.09.12 06:46:26.212,0.78972,0.78988,1.37,1.12
2017.09.12 06:46:26.569,0.78972,0.78986,1.87,1.00
2017.09.12 06:46:26.620,0.78971,0.78988,1.37,1.37
2017.09.12 06:46:26.721,0.78973,0.78987,1.37,1.00
2017.09.12 06:46:26.963,0.78972,0.78989,2.06,1.12
2017.09.12 06:46:29.003,0.78974,0.78988,1.12,1.00
2017.09.12 06:46:30.205,0.78974,0.78989,1.12,1.12
2017.09.12 06:46:31.384,0.78973,0.78988,1.37,1.00
2017.09.12 06:46:32.106,0.78973,0.78991,1.37,1.37
2017.09.12 06:46:36.002,0.78975,0.78991,1.00,1.37
2017.09.12 06:46:36.053,0.78975,0.78991,1.37,1.12
2017.09.12 06:46:37.545,0.78974,0.78992,1.87,1.12
2017.09.12 06:46:38.266,0.78978,0.78994,1.37,1.12
2017.09.12 06:46:38.558,0.78977,0.78994,1.37,1.37
2017.09.12 06:46:41.841,0.7898,0.78998,1.25,2.06
2017.09.12 06:46:41.942,0.78981,0.78998,1.12,1.62
2017.09.12 06:46:41.992,0.78984,0.79,1.00,1.37
2017.09.12 06:46:42.144,0.78984,0.79,1.37,1.12
2017.09.12 06:46:50.035,0.78987,0.79002,1.00,1.37
2017.09.12 06:46:50.355,0.7899,0.79006,1.00,1.37
2017.09.12 06:46:50.456,0.78989,0.79005,1.37,1.12
2017.09.12 06:46:50.860,0.78988,0.79005,1.87,1.37
2017.09.12 06:46:51.189,0.78988,0.79005,1.87,1.12
2017.09.12 06:47:13.974,0.78986,0.79002,1.87,1.00
2017.09.12 06:47:14.227,0.78985,0.79003,1.37,1.37
2017.09.12 06:47:14.328,0.7899,0.79006,1.00,1.37
2017.09.12 06:47:14.481,0.78989,0.79006,1.87,1.00
2017.09.12 06:47:15.533,0.78989,0.79007,1.37,1.12
2017.09.12 06:47:20.023,0.7899,0.79006,1.37,1.00
2017.09.12 06:47:21.525,0.7899,0.79005,1.37,1.00
2017.09.12 06:47:23.621,0.7899,0.79007,1.87,1.31
2017.09.12 06:47:24.585,0.78994,0.7901,1.00,1.37
2017.09.12 06:47:24.636,0.78995,0.7901,1.00,1.37
2017.09.12 06:47:24.737,0.78995,0.79012,1.37,1.37
2017.09.12 06:47:25.428,0.7899,0.79007,1.87,1.00
2017.09.12 06:47:25.529,0.78992,0.79009,1.37,1.87
2017.09.12 06:47:25.580,0.78991,0.79007,1.87,1.00
2017.09.12 06:47:28.932,0.7899,0.79008,1.37,1.69
2017.09.12 06:47:29.273,0.7899,0.79005,1.37,1.00
2017.09.12 06:47:30.884,0.7899,0.79006,1.37,1.12
2017.09.12 06:47:32.404,0.7899,0.79004,1.37,1.00
2017.09.12 06:47:32.882,0.7899,0.79002,1.37,1.00
2017.09.12 06:47:33.708,0.7899,0.79003,1.37,1.00
2017.09.12 06:47:37.866,0.7899,0.79004,1.37,1.00
2017.09.12 06:47:40.914,0.7899,0.79002,1.37,1.00
2017.09.12 06:47:41.066,0.78988,0.79003,1.37,1.00
2017.09.12 06:47:41.548,0.7899,0.79005,1.37,1.00
2017.09.12 06:47:42.086,0.7899,0.79006,1.37,1.00
2017.09.12 06:47:42.672,0.7899,0.79008,2.06,1.62
2017.09.12 06:47:43.023,0.78992,0.79008,1.37,1.25
2017.09.12 06:47:44.667,0.78992,0.79009,1.37,1.31
2017.09.12 06:47:44.982,0.78992,0.79006,1.37,1.00
2017.09.12 06:47:46.521,0.78992,0.79007,1.37,1.25
2017.09.12 06:47:47.342,0.78989,0.79005,1.87,1.00
2017.09.12 06:47:47.429,0.78989,0.79005,1.87,1.00
2017.09.12 06:47:48.469,0.78989,0.79005,1.12,1.00
2017.09.12 06:47:49.307,0.78989,0.79008,1.12,1.87
2017.09.12 06:47:49.850,0.7899,0.79006,1.00,1.12
2017.09.12 06:47:50.270,0.7899,0.79006,1.37,1.00
2017.09.12 06:47:50.875,0.7899,0.79005,1.37,1.00
2017.09.12 06:47:51.583,0.7899,0.79006,1.87,1.00
2017.09.12 06:47:52.372,0.78991,0.79006,1.00,1.12
2017.09.12 06:47:53.179,0.78993,0.79008,1.00,1.37
2017.09.12 06:47:53.381,0.78995,0.79011,1.37,1.12
2017.09.12 06:47:54.459,0.78995,0.7901,1.37,1.00
2017.09.12 06:47:55.449,0.78994,0.79009,1.87,1.00
2017.09.12 06:47:57.965,0.78993,0.79008,1.87,1.00
2017.09.12 06:47:58.016,0.78994,0.7901,1.37,1.00
2017.09.12 06:47:59.531,0.78994,0.79009,1.37,1.00
2017.09.12 06:48:00.553,0.78992,0.79007,1.37,1.00
2017.09.12 06:48:01.054,0.7899,0.79008,1.87,1.37
2017.09.12 06:48:01.998,0.78992,0.79008,1.87,1.00
2017.09.12 06:48:02.536,0.78992,0.79009,1.87,1.00
2017.09.12 06:48:03.145,0.78992,0.79008,1.87,1.00
2017.09.12 06:48:03.398,0.7899,0.79006,1.37,1.00
2017.09.12 06:48:03.936,0.7899,0.79006,1.37,1.00
2017.09.12 06:48:04.779,0.78988,0.79005,1.87,1.00
2017.09.12 06:48:04.881,0.78989,0.79005,1.87,1.12
2017.09.12 06:48:04.982,0.78988,0.79004,1.37,1.37
2017.09.12 06:48:07.918,0.7899,0.79005,1.00,1.37
2017.09.12 06:48:08.091,0.7899,0.79005,1.37,1.00
2017.09.12 06:48:09.754,0.78989,0.79004,1.87,1.00
2017.09.12 06:48:10.277,0.78988,0.79005,1.37,1.37
2017.09.12 06:48:12.064,0.78988,0.79003,1.37,1.00
2017.09.12 06:48:13.701,0.78987,0.79002,1.87,1.00
2017.09.12 06:48:13.853,0.78987,0.79005,1.87,1.62
2017.09.12 06:48:15.785,0.78989,0.79004,1.87,1.00
2017.09.12 06:48:18.134,0.78989,0.79005,1.87,1.12
2017.09.12 06:48:23.149,0.78986,0.79003,2.62,1.00
2017.09.12 06:48:23.338,0.78985,0.79002,1.87,1.00
2017.09.12 06:48:24.575,0.78985,0.79,1.37,1.00
2017.09.12 06:48:24.735,0.78985,0.79,1.37,1.12
2017.09.12 06:48:27.115,0.78987,0.79002,1.00,1.37
2017.09.12 06:48:27.216,0.78987,0.79002,1.37,1.00
2017.09.12 06:48:27.833,0.78986,0.79003,1.37,1.31
2017.09.12 06:48:27.984,0.78986,0.79001,1.37,1.00
2017.09.12 06:48:28.538,0.78985,0.79,1.87,1.00
2017.09.12 06:48:29.054,0.78985,0.79002,1.37,1.25
2017.09.12 06:48:29.181,0.78986,0.79,1.37,1.00
2017.09.12 06:48:29.808,0.78986,0.79001,1.37,1.00
2017.09.12 06:48:29.909,0.78988,0.79003,1.87,1.12
2017.09.12 06:48:30.060,0.78989,0.79004,1.37,1.00
2017.09.12 06:48:32.062,0.78989,0.79005,1.37,1.12
2017.09.12 06:48:36.009,0.78991,0.79006,1.00,1.37
2017.09.12 06:48:37.768,0.78992,0.79007,1.00,1.37
2017.09.12 06:48:37.869,0.78992,0.79007,1.12,1.12
2017.09.12 06:48:38.202,0.78995,0.7901,1.00,1.37
2017.09.12 06:48:38.338,0.78995,0.7901,1.12,1.12
2017.09.12 06:48:41.527,0.78994,0.79009,1.37,1.00
2017.09.12 06:48:41.628,0.78993,0.79005,1.62,1.00
2017.09.12 06:48:41.679,0.78993,0.79008,1.62,1.00
2017.09.12 06:48:41.780,0.78994,0.79009,1.00,1.37
2017.09.12 06:48:41.881,0.78994,0.7901,1.00,1.37
2017.09.12 06:48:42.040,0.78994,0.7901,1.37,1.12
2017.09.12 06:48:43.070,0.78995,0.79012,1.37,1.62
2017.09.12 06:48:44.835,0.78995,0.7901,1.87,1.00
2017.09.12 06:48:47.030,0.78994,0.79009,1.37,1.00
2017.09.12 06:48:47.144,0.78995,0.79011,1.37,1.12
2017.09.12 06:48:47.195,0.78995,0.79011,1.12,1.37
2017.09.12 06:48:52.171,0.78996,0.79012,1.00,1.87
2017.09.12 06:48:53.615,0.78995,0.79011,1.12,1.37
2017.09.12 06:48:53.665,0.78995,0.79011,1.37,1.12
2017.09.12 06:48:53.766,0.78995,0.79011,1.12,1.37
2017.09.12 06:48:59.546,0.78992,0.79007,1.37,1.00
2017.09.12 06:48:59.698,0.7899,0.79008,2.06,1.62
2017.09.12 06:49:04.001,0.78992,0.79009,1.50,1.37
2017.09.12 06:49:04.052,0.78996,0.79011,1.00,1.37
2017.09.12 06:49:04.153,0.78996,0.79011,1.00,1.37
2017.09.12 06:49:04.220,0.78996,0.79011,1.00,1.00
2017.09.12 06:49:07.999,0.78999,0.79014,1.00,2.06
2017.09.12 06:49:08.150,0.79,0.79016,1.00,1.37
2017.09.12 06:49:08.251,0.79001,0.79016,1.12,1.12
2017.09.12 06:49:09.033,0.79,0.79015,1.37,1.00
2017.09.12 06:49:09.821,0.79,0.79016,1.37,1.12
2017.09.12 06:49:10.035,0.78999,0.79013,1.62,1.00
2017.09.12 06:49:10.187,0.78998,0.79013,1.37,1.12
2017.09.12 06:49:11.841,0.78997,0.79012,1.87,1.00
2017.09.12 06:49:12.472,0.78997,0.79013,1.87,1.12
2017.09.12 06:49:18.407,0.78998,0.79012,1.37,1.00
2017.09.12 06:49:20.221,0.78998,0.79012,1.37,1.00
2017.09.12 06:49:20.499,0.78996,0.79011,1.37,1.00
2017.09.12 06:49:21.625,0.78997,0.79012,1.37,1.12
2017.09.12 06:49:22.716,0.78999,0.79015,1.87,1.37
2017.09.12 06:49:22.907,0.78999,0.79017,2.06,1.62
2017.09.12 06:49:23.507,0.79,0.79015,1.37,1.00
2017.09.12 06:49:24.020,0.79001,0.79018,1.12,1.37
2017.09.12 06:49:28.161,0.79002,0.79017,1.00,1.37
2017.09.12 06:49:28.663,0.79002,0.79017,1.12,1.00
2017.09.12 06:49:35.828,0.79002,0.79018,1.12,1.25
2017.09.12 06:49:36.178,0.79009,0.79023,1.12,1.12
2017.09.12 06:49:36.229,0.79007,0.79022,1.87,1.12
2017.09.12 06:49:36.330,0.79007,0.79022,1.87,1.00
2017.09.12 06:49:36.856,0.79006,0.79022,1.37,1.00
2017.09.12 06:49:37.007,0.79006,0.79022,1.37,1.12
2017.09.12 06:49:38.431,0.79006,0.79021,1.37,1.00
2017.09.12 06:49:39.931,0.79006,0.79022,1.37,1.12
2017.09.12 06:49:40.033,0.79005,0.7902,1.87,1.00
2017.09.12 06:49:40.208,0.79003,0.79019,1.37,1.00
2017.09.12 06:49:40.800,0.79004,0.7902,1.37,1.12
2017.09.12 06:49:41.420,0.79003,0.79019,1.87,1.00
2017.09.12 06:49:42.380,0.79003,0.79018,1.37,1.00
2017.09.12 06:49:43.020,0.79003,0.79019,1.87,1.25
2017.09.12 06:49:43.526,0.79001,0.79018,2.06,1.00
2017.09.12 06:49:46.098,0.79001,0.79016,1.87,1.00
2017.09.12 06:49:46.351,0.79006,0.79022,1.87,1.12
2017.09.12 06:49:46.466,0.79006,0.79022,1.87,1.00
2017.09.12 06:49:46.822,0.79006,0.79022,1.87,1.00
2017.09.12 06:49:47.365,0.79006,0.79022,1.87,1.00
2017.09.12 06:49:47.749,0.79004,0.79021,1.37,1.37
2017.09.12 06:49:48.855,0.79006,0.79021,1.00,1.37
2017.09.12 06:49:50.322,0.79003,0.7902,2.06,1.12
2017.09.12 06:49:52.139,0.79003,0.79019,1.87,1.00
2017.09.12 06:49:52.589,0.79001,0.79017,1.87,1.00
2017.09.12 06:49:52.882,0.79002,0.79019,1.37,2.06
2017.09.12 06:49:52.983,0.79005,0.7902,1.00,1.37
2017.09.12 06:49:53.185,0.79005,0.7902,1.12,1.12
2017.09.12 06:50:03.008,0.79004,0.79019,1.37,1.00
2017.09.12 06:50:04.569,0.79002,0.7902,1.87,1.12
2017.09.12 06:50:05.101,0.79003,0.79018,1.87,1.00
2017.09.12 06:50:06.854,0.79003,0.79019,1.87,1.00
2017.09.12 06:50:08.173,0.79005,0.7902,1.12,1.12
2017.09.12 06:50:08.475,0.79008,0.79025,1.12,2.06
2017.09.12 06:50:08.681,0.79008,0.79025,1.37,1.69
2017.09.12 06:50:09.021,0.79005,0.79021,1.37,1.00
2017.09.12 06:50:09.122,0.79005,0.7902,1.37,1.00
2017.09.12 06:50:11.326,0.79005,0.79021,1.37,1.31
2017.09.12 06:50:11.898,0.79005,0.79019,1.37,1.00
2017.09.12 06:50:12.441,0.79003,0.79017,1.37,1.00
2017.09.12 06:50:12.694,0.79003,0.79017,1.12,1.00
2017.09.12 06:50:13.379,0.79001,0.79016,1.37,1.00
2017.09.12 06:50:14.085,0.79002,0.79016,1.37,1.00
2017.09.12 06:50:15.437,0.79001,0.79017,1.37,1.25
2017.09.12 06:50:15.789,0.79,0.79015,1.37,1.00
2017.09.12 06:50:16.154,0.79001,0.79017,1.37,1.12
2017.09.12 06:50:22.008,0.79003,0.79018,1.37,1.00
2017.09.12 06:50:22.916,0.79002,0.79019,1.37,1.00
2017.09.12 06:50:23.512,0.79004,0.79021,1.37,1.37
2017.09.12 06:50:23.683,0.79002,0.79016,1.37,1.00
2017.09.12 06:50:23.904,0.79002,0.79017,1.00,1.00
2017.09.12 06:50:25.024,0.79001,0.79019,1.12,2.06
2017.09.12 06:50:25.906,0.79002,0.79019,1.00,1.62
2017.09.12 06:50:26.008,0.79002,0.79019,1.37,1.31
2017.09.12 06:50:45.954,0.79004,0.7902,1.37,1.12
2017.09.12 06:50:47.419,0.79007,0.79024,1.50,1.37
2017.09.12 06:50:47.520,0.79006,0.79023,1.87,1.37
2017.09.12 06:50:47.570,0.79006,0.79023,1.87,1.12
2017.09.12 06:50:48.404,0.79006,0.79023,1.37,1.87
2017.09.12 06:50:54.154,0.79008,0.79023,1.00,1.37
2017.09.12 06:50:54.651,0.79009,0.79024,1.00,1.00
2017.09.12 06:50:55.747,0.7901,0.79025,1.00,1.12
2017.09.12 06:51:01.277,0.79009,0.79025,1.00,1.12
2017.09.12 06:51:02.377,0.7901,0.79025,1.00,1.12
2017.09.12 06:51:03.008,0.79008,0.79026,1.31,1.87
2017.09.12 06:51:03.258,0.7901,0.79025,1.00,1.12
2017.09.12 06:51:04.709,0.7901,0.79025,1.37,1.00
2017.09.12 06:51:05.110,0.79007,0.79024,1.37,1.62
2017.09.12 06:51:05.849,0.79007,0.79022,1.87,1.00
2017.09.12 06:51:06.419,0.79007,0.79025,2.06,2.06
2017.09.12 06:51:06.601,0.79013,0.79028,1.00,2.62
2017.09.12 06:51:06.753,0.79014,0.79029,1.12,1.12
2017.09.12 06:51:07.214,0.79014,0.79029,1.00,1.37
2017.09.12 06:51:07.881,0.79013,0.79028,1.00,1.37
2017.09.12 06:51:08.519,0.79011,0.79029,1.37,1.37
2017.09.12 06:51:08.828,0.7901,0.79026,1.12,1.37
2017.09.12 06:51:09.146,0.79011,0.79027,1.37,1.87
2017.09.12 06:51:10.113,0.79011,0.79026,1.37,1.00
2017.09.12 06:51:13.712,0.79017,0.79029,1.00,1.37
2017.09.12 06:51:13.863,0.79017,0.79035,1.62,2.06
2017.09.12 06:51:16.491,0.7902,0.79036,1.00,1.87
2017.09.12 06:51:16.972,0.79022,0.79038,1.00,1.87
2017.09.12 06:51:17.074,0.79022,0.79038,1.00,1.87
2017.09.12 06:51:17.586,0.79021,0.79037,1.12,1.37
2017.09.12 06:51:18.751,0.79021,0.79038,1.87,1.12
2017.09.12 06:51:19.054,0.79025,0.79041,1.12,1.37
2017.09.12 06:51:20.446,0.79023,0.79039,1.00,1.12
2017.09.12 06:51:20.497,0.79021,0.79037,1.37,1.00
2017.09.12 06:51:21.001,0.7902,0.79037,1.37,1.37
2017.09.12 06:51:21.379,0.79017,0.79034,1.62,1.87
2017.09.12 06:51:22.151,0.79021,0.79036,1.00,1.62
2017.09.12 06:51:22.252,0.79022,0.79037,1.00,1.12
2017.09.12 06:51:22.354,0.79028,0.79041,1.00,1.87
2017.09.12 06:51:22.455,0.7903,0.79046,1.00,1.87
2017.09.12 06:51:22.556,0.79028,0.79044,1.12,1.00
2017.09.12 06:51:22.657,0.79026,0.79041,1.37,1.00
2017.09.12 06:51:22.968,0.79024,0.79039,1.25,1.37
2017.09.12 06:51:23.579,0.79024,0.7904,1.37,1.37
2017.09.12 06:51:23.972,0.79026,0.79042,1.12,1.37
2017.09.12 06:51:25.287,0.79027,0.79042,1.00,1.37
2017.09.12 06:51:25.404,0.7903,0.79043,1.00,1.37
2017.09.12 06:51:25.505,0.79029,0.79044,1.37,1.00
2017.09.12 06:51:27.327,0.79029,0.79045,1.37,1.12
2017.09.12 06:51:28.794,0.79029,0.79044,1.37,1.00
2017.09.12 06:51:29.529,0.79031,0.79046,1.00,1.87
2017.09.12 06:51:30.082,0.79032,0.79047,1.00,1.37
2017.09.12 06:51:32.320,0.7903,0.79048,1.12,1.37
2017.09.12 06:51:34.344,0.79031,0.79046,1.00,1.37
2017.09.12 06:51:42.873,0.79036,0.79051,1.00,1.37
2017.09.12 06:51:42.923,0.79036,0.79051,1.00,1.37
2017.09.12 06:51:43.025,0.79034,0.7905,1.87,1.00
2017.09.12 06:51:43.126,0.79034,0.7905,1.37,1.12
2017.09.12 06:51:43.320,0.79034,0.7905,1.12,1.37
2017.09.12 06:51:43.826,0.79036,0.79052,1.37,1.12
2017.09.12 06:51:44.381,0.79035,0.79051,1.62,1.50
2017.09.12 06:51:44.432,0.79035,0.79051,1.12,1.37
2017.09.12 06:51:46.966,0.79031,0.79049,1.62,1.50
2017.09.12 06:51:47.017,0.79031,0.79047,1.37,1.50
2017.09.12 06:51:47.118,0.7903,0.79046,1.37,1.00
2017.09.12 06:51:47.679,0.79031,0.79047,1.00,1.87
2017.09.12 06:51:49.222,0.7903,0.79046,1.12,1.12
2017.09.12 06:51:49.453,0.79028,0.79046,1.31,1.87
2017.09.12 06:51:50.079,0.79029,0.79046,1.00,1.87
2017.09.12 06:51:50.382,0.79043,0.79058,1.00,1.37
2017.09.12 06:51:50.432,0.79043,0.79059,1.00,1.37
2017.09.12 06:51:50.964,0.79042,0.79057,1.87,1.00
2017.09.12 06:51:51.904,0.79043,0.79058,1.37,1.00
2017.09.12 06:51:52.230,0.79044,0.7906,1.87,1.00
2017.09.12 06:51:52.949,0.79044,0.79061,1.37,1.12
2017.09.12 06:51:54.364,0.79044,0.79059,1.37,1.00
2017.09.12 06:51:54.566,0.79042,0.79058,1.87,1.00
2017.09.12 06:51:55.137,0.79042,0.79059,1.37,1.31
2017.09.12 06:51:55.188,0.79041,0.79057,1.37,1.00
2017.09.12 06:51:55.380,0.79041,0.79057,1.37,1.12
2017.09.12 06:51:55.834,0.79042,0.79059,1.37,1.62
2017.09.12 06:51:56.433,0.79045,0.7906,1.00,1.37
2017.09.12 06:51:56.484,0.79045,0.7906,1.12,1.12
2017.09.12 06:51:56.641,0.79042,0.79057,1.37,1.00
2017.09.12 06:51:57.203,0.79043,0.79058,1.37,1.00
2017.09.12 06:51:57.354,0.79042,0.79057,1.37,1.00
2017.09.12 06:51:57.656,0.79039,0.79054,1.37,1.00
2017.09.12 06:51:57.808,0.79037,0.79053,1.87,1.00
2017.09.12 06:51:57.859,0.79037,0.79053,1.87,1.12
2017.09.12 06:51:59.292,0.79039,0.79054,1.00,1.37
2017.09.12 06:51:59.696,0.79037,0.79052,1.00,1.37
2017.09.12 06:52:00.256,0.79037,0.79052,1.37,1.00
2017.09.12 06:52:00.891,0.79038,0.79053,1.12,1.12
2017.09.12 06:52:01.206,0.79038,0.79054,1.87,1.00
2017.09.12 06:52:04.253,0.79038,0.79053,1.37,1.00
2017.09.12 06:52:06.211,0.79037,0.79052,1.37,1.00
2017.09.12 06:52:06.312,0.79037,0.79052,1.12,1.12
2017.09.12 06:52:06.871,0.79037,0.79053,1.87,1.00
2017.09.12 06:52:10.333,0.79036,0.79052,1.37,1.00
2017.09.12 06:52:10.485,0.79034,0.79051,1.37,1.25
2017.09.12 06:52:10.592,0.79034,0.79051,1.37,1.62
2017.09.12 06:52:11.109,0.79036,0.79053,1.37,2.06
2017.09.12 06:52:12.667,0.79034,0.7905,1.37,1.00
2017.09.12 06:52:12.818,0.79035,0.7905,1.12,1.12
2017.09.12 06:52:14.116,0.79037,0.79052,1.00,2.06
2017.09.12 06:52:14.390,0.79042,0.79058,1.00,1.87
2017.09.12 06:52:14.918,0.7904,0.79056,1.37,1.00
2017.09.12 06:52:15.019,0.7904,0.79056,1.37,1.12
2017.09.12 06:52:15.421,0.79039,0.79055,1.12,1.37
2017.09.12 06:52:16.317,0.79042,0.79056,1.50,1.37
2017.09.12 06:52:16.515,0.79043,0.79058,1.69,1.37
2017.09.12 06:52:16.566,0.79042,0.79059,1.62,1.00
2017.09.12 06:52:16.617,0.79042,0.79059,1.62,1.37
2017.09.12 06:52:16.984,0.79045,0.79059,1.00,1.37
2017.09.12 06:52:17.749,0.79046,0.79059,1.00,1.37
2017.09.12 06:52:18.270,0.79044,0.79059,1.87,1.00
2017.09.12 06:52:18.522,0.7904,0.79057,2.06,1.37
2017.09.12 06:52:19.016,0.79039,0.79054,2.06,1.00
2017.09.12 06:52:21.942,0.79038,0.79054,1.87,1.12
2017.09.12 06:52:23.453,0.79042,0.79057,1.50,1.37
2017.09.12 06:52:23.555,0.79043,0.79058,1.00,1.87
2017.09.12 06:52:23.656,0.79043,0.79059,1.87,1.69
2017.09.12 06:52:24.283,0.79043,0.79059,1.37,1.37
2017.09.12 06:52:25.054,0.79041,0.79056,1.37,1.00
2017.09.12 06:52:25.155,0.79041,0.79056,1.37,1.00
2017.09.12 06:52:25.859,0.79041,0.79056,1.00,1.37
2017.09.12 06:52:26.426,0.79042,0.79057,1.00,1.37
2017.09.12 06:52:27.356,0.79042,0.79057,1.12,1.87
2017.09.12 06:52:29.145,0.7904,0.79055,1.37,1.00
2017.09.12 06:52:29.246,0.79039,0.79054,1.37,1.00
2017.09.12 06:52:29.348,0.79038,0.79054,1.12,1.87
2017.09.12 06:52:32.612,0.79036,0.79051,1.37,1.00
2017.09.12 06:52:32.662,0.79036,0.79051,1.12,1.12
2017.09.12 06:52:33.228,0.79035,0.7905,1.37,1.00
2017.09.12 06:52:35.458,0.79035,0.79051,1.37,1.12
2017.09.12 06:52:35.610,0.79039,0.79055,1.00,2.06
2017.09.12 06:52:35.761,0.79039,0.79054,1.00,1.12
2017.09.12 06:52:37.091,0.79038,0.79054,1.25,1.12
2017.09.12 06:52:37.848,0.79038,0.79053,1.00,1.00
2017.09.12 06:52:40.680,0.79038,0.79054,1.00,1.12
2017.09.12 06:52:41.208,0.79038,0.79053,1.00,1.00
2017.09.12 06:52:42.892,0.79038,0.79054,1.00,1.12
2017.09.12 06:52:44.833,0.79038,0.79053,1.00,1.00
2017.09.12 06:52:45.547,0.79038,0.79054,1.00,1.12
2017.09.12 06:52:47.777,0.79037,0.79053,1.31,1.00
2017.09.12 06:52:48.913,0.79038,0.79054,1.00,1.31
2017.09.12 06:52:50.681,0.79038,0.79053,1.00,1.00
2017.09.12 06:52:50.835,0.79036,0.79051,1.87,1.00
2017.09.12 06:52:51.365,0.79036,0.79051,1.00,1.87
2017.09.12 06:52:52.136,0.79038,0.79051,1.00,1.37
2017.09.12 06:52:52.388,0.79043,0.79058,1.00,1.37
2017.09.12 06:52:52.489,0.79043,0.79059,1.00,1.37
2017.09.12 06:52:52.992,0.7904,0.79056,1.87,1.00
2017.09.12 06:52:53.297,0.7904,0.79055,1.12,1.12
2017.09.12 06:52:54.607,0.79039,0.79054,1.37,1.00
2017.09.12 06:52:54.816,0.79037,0.79052,1.37,1.00
2017.09.12 06:52:54.917,0.79035,0.79051,1.37,1.00
2017.09.12 06:52:55.448,0.79035,0.79051,1.12,1.37
2017.09.12 06:52:56.408,0.79036,0.79052,1.00,1.37
2017.09.12 06:52:56.711,0.79036,0.79053,1.37,1.87
2017.09.12 06:52:58.770,0.79037,0.79052,1.37,1.00
2017.09.12 06:53:02.324,0.79037,0.79053,1.37,1.12
2017.09.12 06:53:02.825,0.7904,0.79056,1.00,1.37
2017.09.12 06:53:03.143,0.79044,0.79061,1.00,1.37
2017.09.12 06:53:03.295,0.79047,0.79063,1.12,1.37
2017.09.12 06:53:05.660,0.79048,0.79066,1.69,1.37
2017.09.12 06:53:05.811,0.79048,0.79066,2.06,1.12
2017.09.12 06:53:06.557,0.79048,0.79065,1.62,1.00
2017.09.12 06:53:06.608,0.79047,0.79065,1.62,2.06
2017.09.12 06:53:08.629,0.79047,0.79062,1.37,1.00
2017.09.12 06:53:09.178,0.79045,0.79061,1.37,1.12
2017.09.12 06:53:10.603,0.79047,0.79061,1.00,1.12
2017.09.12 06:53:10.734,0.79046,0.79062,1.00,1.37
2017.09.12 06:53:10.835,0.79048,0.79064,1.37,1.87
2017.09.12 06:53:10.936,0.79048,0.79063,1.00,1.37
2017.09.12 06:53:11.539,0.79047,0.79062,1.37,1.00
2017.09.12 06:53:11.719,0.79044,0.7906,1.12,1.37
2017.09.12 06:53:12.063,0.79046,0.79061,1.00,1.37
2017.09.12 06:53:12.408,0.79048,0.79064,1.00,1.87
2017.09.12 06:53:12.459,0.79048,0.79064,1.00,1.87
2017.09.12 06:53:12.981,0.79048,0.79063,1.00,1.00
2017.09.12 06:53:13.230,0.79048,0.79063,1.37,1.00
2017.09.12 06:53:13.549,0.79045,0.7906,1.37,1.00
2017.09.12 06:53:14.082,0.79045,0.79061,1.87,1.00
2017.09.12 06:53:15.963,0.79046,0.79062,1.12,1.31
2017.09.12 06:53:16.815,0.79044,0.7906,1.87,1.00
2017.09.12 06:53:17.421,0.79045,0.79061,1.37,1.00
2017.09.12 06:53:17.891,0.79046,0.79062,1.87,1.00
2017.09.12 06:53:18.972,0.79047,0.79063,1.37,1.12
2017.09.12 06:53:20.473,0.79046,0.79062,2.06,1.00
2017.09.12 06:53:20.649,0.79045,0.79061,1.37,1.12
2017.09.12 06:53:22.894,0.79046,0.7906,1.12,1.00
2017.09.12 06:53:22.945,0.79044,0.7906,1.00,1.12
2017.09.12 06:53:24.494,0.79045,0.7906,1.00,1.87
2017.09.12 06:53:27.817,0.79046,0.79062,1.00,1.37
2017.09.12 06:53:28.151,0.79048,0.79066,1.50,4.69
2017.09.12 06:53:28.303,0.79048,0.79066,1.87,2.06
2017.09.12 06:53:28.404,0.7905,0.79066,1.00,1.37
2017.09.12 06:53:29.436,0.79049,0.79065,1.00,1.12
2017.09.12 06:53:30.773,0.7905,0.79065,1.00,1.12
2017.09.12 06:53:31.289,0.79049,0.79065,1.00,1.12
2017.09.12 06:53:31.592,0.79044,0.7906,1.87,1.00
2017.09.12 06:53:32.168,0.79044,0.7906,1.87,1.12
2017.09.12 06:53:33.057,0.79046,0.79059,1.12,1.00
2017.09.12 06:53:33.223,0.79045,0.79062,1.37,1.00
2017.09.12 06:53:33.681,0.79045,0.7906,1.37,1.00
2017.09.12 06:53:34.216,0.79045,0.79059,1.37,1.00
2017.09.12 06:53:34.918,0.79046,0.7906,1.37,1.00
2017.09.12 06:53:35.020,0.79046,0.79062,1.87,1.25
2017.09.12 06:53:35.365,0.7905,0.79063,1.00,1.00
2017.09.12 06:53:35.945,0.7905,0.79063,1.37,1.00
2017.09.12 06:53:36.457,0.79047,0.79063,1.87,1.00
2017.09.12 06:53:37.388,0.7905,0.79067,1.12,1.87
2017.09.12 06:53:37.439,0.79052,0.79067,1.00,1.37
2017.09.12 06:53:37.729,0.79058,0.79074,1.87,1.62
2017.09.12 06:53:38.287,0.79058,0.79074,1.37,1.25
2017.09.12 06:53:38.337,0.79058,0.79072,1.37,1.00
2017.09.12 06:53:39.284,0.79055,0.7907,1.87,1.00
2017.09.12 06:53:40.448,0.79056,0.79071,1.37,1.00
2017.09.12 06:53:40.954,0.79058,0.79072,1.12,1.00
2017.09.12 06:53:41.288,0.79059,0.79074,1.37,1.00
2017.09.12 06:53:41.840,0.79059,0.79073,1.37,1.00
2017.09.12 06:53:42.333,0.7906,0.79074,1.37,1.00
2017.09.12 06:53:43.799,0.79059,0.79073,1.37,1.00
2017.09.12 06:53:43.950,0.79059,0.79073,1.37,1.00
2017.09.12 06:53:44.011,0.79059,0.79073,1.37,1.00
2017.09.12 06:53:45.835,0.7906,0.79074,1.37,1.00
2017.09.12 06:53:46.256,0.79058,0.79072,1.37,1.00
2017.09.12 06:53:51.335,0.79056,0.7907,1.37,1.00
2017.09.12 06:53:51.552,0.79054,0.79068,1.37,1.00
2017.09.12 06:53:52.263,0.79055,0.79071,1.37,1.31
2017.09.12 06:53:52.364,0.79058,0.79073,1.00,1.37
2017.09.12 06:53:52.768,0.79059,0.79073,1.37,1.00
2017.09.12 06:53:53.231,0.79056,0.7907,1.37,1.00
2017.09.12 06:53:53.565,0.79055,0.79068,1.37,1.00
2017.09.12 06:53:53.832,0.79055,0.7907,1.37,1.25
2017.09.12 06:53:53.933,0.79057,0.79072,1.00,1.31
2017.09.12 06:53:54.074,0.79057,0.79072,1.37,1.25
2017.09.12 06:53:54.465,0.79059,0.79074,1.12,1.12
2017.09.12 06:53:54.516,0.79057,0.79072,1.37,1.00
2017.09.12 06:53:55.230,0.79057,0.79073,1.87,1.00
2017.09.12 06:53:55.534,0.79065,0.7908,1.00,1.37
2017.09.12 06:53:55.585,0.79065,0.7908,1.00,1.12
2017.09.12 06:53:55.686,0.79065,0.79081,1.37,1.00
2017.09.12 06:53:56.409,0.79066,0.79082,1.37,1.12
2017.09.12 06:53:56.889,0.79065,0.7908,1.87,1.00
2017.09.12 06:53:57.145,0.79064,0.79079,1.37,1.00
2017.09.12 06:53:58.840,0.79064,0.7908,1.37,1.12
2017.09.12 06:53:59.295,0.79064,0.79079,1.87,1.00
2017.09.12 06:53:59.349,0.79064,0.79079,1.87,1.00
2017.09.12 06:53:59.965,0.79065,0.7908,1.37,1.25
2017.09.12 06:54:00.541,0.79063,0.79078,1.37,1.00
2017.09.12 06:54:00.844,0.7906,0.79075,3.00,1.00
2017.09.12 06:54:01.034,0.7906,0.79075,1.87,1.00
2017.09.12 06:54:01.711,0.79059,0.79076,1.37,1.00
2017.09.12 06:54:02.229,0.79061,0.79077,1.37,1.12
2017.09.12 06:54:03.770,0.79062,0.79077,1.37,1.00
2017.09.12 06:54:05.420,0.79062,0.79078,1.37,1.00
2017.09.12 06:54:05.874,0.79064,0.7908,1.87,1.00
2017.09.12 06:54:06.422,0.79064,0.79082,2.06,1.62
2017.09.12 06:54:06.726,0.79068,0.79083,1.37,1.00
2017.09.12 06:54:07.029,0.79063,0.79077,1.87,1.00
2017.09.12 06:54:07.180,0.79062,0.79076,1.37,1.00
2017.09.12 06:54:07.412,0.7906,0.79075,1.37,1.00
2017.09.12 06:54:07.670,0.7906,0.79077,1.37,1.31
2017.09.12 06:54:08.989,0.79062,0.79076,1.12,1.00
2017.09.12 06:54:09.090,0.79062,0.79076,1.37,1.00
2017.09.12 06:54:09.141,0.79063,0.79079,1.87,1.12
2017.09.12 06:54:09.191,0.79064,0.79077,1.12,1.00
2017.09.12 06:54:09.698,0.79063,0.79078,1.37,1.00
2017.09.12 06:54:10.726,0.79063,0.79079,1.37,1.12
2017.09.12 06:54:12.246,0.79065,0.79081,1.00,1.62
2017.09.12 06:54:12.548,0.79068,0.79083,1.37,1.00
2017.09.12 06:54:12.599,0.79068,0.79084,1.87,1.00
2017.09.12 06:54:13.108,0.79068,0.79083,1.37,1.00
2017.09.12 06:54:13.310,0.79069,0.79085,1.12,1.00
2017.09.12 06:54:14.072,0.79069,0.79088,1.12,2.06
2017.09.12 06:54:14.123,0.79071,0.79087,1.00,1.37
2017.09.12 06:54:14.667,0.79074,0.79089,1.50,1.37
2017.09.12 06:54:14.718,0.79075,0.7909,1.00,1.37
2017.09.12 06:54:14.820,0.79075,0.7909,1.87,1.00
2017.09.12 06:54:15.066,0.79077,0.79092,1.87,1.12
2017.09.12 06:54:15.117,0.79077,0.79092,1.37,1.00
2017.09.12 06:54:15.668,0.79077,0.7909,1.37,1.00
2017.09.12 06:54:15.983,0.79075,0.79088,1.37,1.00
2017.09.12 06:54:16.312,0.79072,0.79086,1.37,1.00
2017.09.12 06:54:16.413,0.79072,0.79086,1.37,1.00
2017.09.12 06:54:16.543,0.79075,0.79088,1.00,1.00
2017.09.12 06:54:16.644,0.79075,0.7909,1.37,1.00
2017.09.12 06:54:16.745,0.79082,0.79097,1.00,1.87
2017.09.12 06:54:16.847,0.79079,0.79094,1.87,1.00
2017.09.12 06:54:16.897,0.79083,0.791,1.50,1.37
2017.09.12 06:54:16.948,0.79082,0.79097,1.31,1.12
2017.09.12 06:54:17.206,0.79082,0.79096,1.37,1.00
2017.09.12 06:54:17.707,0.79081,0.79096,1.37,1.00
2017.09.12 06:54:18.512,0.79079,0.79094,1.37,1.00
2017.09.12 06:54:18.613,0.79078,0.79093,1.37,1.00
2017.09.12 06:54:18.714,0.79079,0.79093,1.12,1.00
2017.09.12 06:54:18.810,0.79076,0.79091,2.62,1.00
2017.09.12 06:54:18.911,0.79076,0.79091,1.12,1.12
2017.09.12 06:54:19.211,0.79078,0.79093,1.00,1.37
2017.09.12 06:54:19.312,0.79079,0.79094,1.50,1.37
2017.09.12 06:54:19.413,0.79079,0.79093,1.37,1.00
2017.09.12 06:54:19.717,0.7907,0.79085,1.37,1.00
2017.09.12 06:54:19.896,0.7907,0.79085,1.37,1.00
2017.09.12 06:54:20.518,0.79071,0.79086,1.12,1.12
2017.09.12 06:54:20.569,0.79077,0.79091,1.50,1.87
2017.09.12 06:54:20.721,0.79076,0.79091,1.37,1.00
2017.09.12 06:54:21.264,0.79077,0.79092,1.37,1.00
2017.09.12 06:54:21.858,0.79076,0.79091,1.87,1.00
2017.09.12 06:54:22.044,0.79072,0.79086,1.37,1.00
2017.09.12 06:54:22.145,0.79072,0.79086,1.37,1.00
2017.09.12 06:54:22.304,0.79074,0.7909,1.00,1.37
2017.09.12 06:54:22.557,0.79076,0.7909,1.37,1.00
2017.09.12 06:54:23.029,0.79073,0.79089,1.37,1.00
2017.09.12 06:54:23.399,0.79078,0.79094,1.00,1.37
2017.09.12 06:54:23.651,0.79078,0.79095,1.37,1.12
2017.09.12 06:54:24.249,0.79079,0.79094,1.37,1.00
2017.09.12 06:54:24.300,0.79082,0.79097,1.00,1.37
2017.09.12 06:54:24.451,0.79082,0.79097,1.37,1.00
2017.09.12 06:54:24.989,0.79082,0.79097,1.00,1.12
2017.09.12 06:54:25.540,0.79083,0.79097,1.12,1.00
2017.09.12 06:54:25.692,0.79085,0.79102,1.00,1.37
2017.09.12 06:54:26.245,0.79084,0.79099,1.12,1.12
2017.09.12 06:54:26.747,0.79084,0.79098,1.12,1.00
2017.09.12 06:54:27.120,0.79086,0.79103,1.00,1.37
2017.09.12 06:54:27.325,0.79087,0.79102,1.00,1.87
2017.09.12 06:54:27.926,0.79087,0.79102,1.00,1.12
2017.09.12 06:54:28.417,0.79085,0.791,1.37,1.00
2017.09.12 06:54:28.670,0.79085,0.791,1.00,1.37
2017.09.12 06:54:29.200,0.79083,0.791,1.37,1.37
2017.09.12 06:54:30.177,0.79086,0.79101,1.00,1.37
2017.09.12 06:54:30.371,0.79086,0.79103,1.12,1.12
2017.09.12 06:54:30.422,0.79088,0.79103,1.00,1.12
2017.09.12 06:54:31.157,0.79089,0.79104,1.00,1.37
2017.09.12 06:54:31.720,0.79088,0.79104,1.00,1.87
2017.09.12 06:54:32.290,0.79087,0.79103,1.87,1.12
2017.09.12 06:54:36.517,0.7909,0.79105,1.00,1.37
2017.09.12 06:54:36.668,0.7909,0.79107,1.12,1.37
2017.09.12 06:54:36.774,0.79091,0.79107,1.37,1.12
2017.09.12 06:54:37.175,0.79089,0.79104,1.37,1.00
2017.09.12 06:54:37.276,0.79088,0.79104,1.37,1.00
2017.09.12 06:54:37.377,0.79085,0.79103,1.37,1.12
2017.09.12 06:54:37.479,0.79085,0.79103,1.37,1.37
2017.09.12 06:54:37.645,0.79087,0.79102,1.37,1.00
2017.09.12 06:54:38.385,0.79085,0.79102,1.37,1.37
2017.09.12 06:54:39.600,0.79083,0.79099,1.87,1.00
2017.09.12 06:54:39.651,0.79083,0.79099,1.87,1.00
2017.09.12 06:54:40.290,0.79085,0.791,1.87,1.00
2017.09.12 06:54:41.591,0.79085,0.79101,1.37,1.00
2017.09.12 06:54:42.092,0.79084,0.791,1.87,1.00
2017.09.12 06:54:42.546,0.79086,0.79102,1.12,1.12
2017.09.12 06:54:43.090,0.79089,0.79105,1.37,1.37
2017.09.12 06:54:43.494,0.7909,0.79106,1.87,1.00
2017.09.12 06:54:44.248,0.79091,0.79107,1.37,1.12
2017.09.12 06:54:47.987,0.79093,0.7911,1.37,1.37
2017.09.12 06:54:48.492,0.79092,0.79108,1.87,1.00
2017.09.12 06:54:49.012,0.79092,0.7911,1.37,1.37
2017.09.12 06:54:49.405,0.79096,0.79111,1.12,1.12
2017.09.12 06:54:49.748,0.79093,0.79108,1.37,1.00
2017.09.12 06:54:52.182,0.79095,0.79112,1.50,1.37
2017.09.12 06:54:52.400,0.79095,0.79112,1.87,1.12
2017.09.12 06:54:53.555,0.79095,0.79111,1.87,1.00
2017.09.12 06:54:54.159,0.79095,0.7911,1.87,1.00
2017.09.12 06:54:54.361,0.79099,0.79114,1.00,1.87
2017.09.12 06:54:54.595,0.791,0.79115,1.12,1.00
2017.09.12 06:54:54.797,0.79104,0.79119,1.00,1.87
2017.09.12 06:54:54.898,0.79104,0.79119,1.50,1.37
2017.09.12 06:54:55.623,0.79103,0.79119,1.87,1.00
2017.09.12 06:54:56.166,0.79103,0.79118,1.87,1.00
2017.09.12 06:54:56.727,0.79102,0.79117,1.37,1.00
2017.09.12 06:54:57.337,0.79103,0.79119,1.12,1.37
2017.09.12 06:55:02.828,0.79099,0.79115,1.37,1.50
2017.09.12 06:55:03.168,0.79099,0.79115,1.00,1.87
2017.09.12 06:55:07.098,0.79101,0.79115,1.00,1.37
2017.09.12 06:55:07.302,0.79102,0.79117,1.00,1.87
2017.09.12 06:55:07.407,0.79105,0.7912,1.00,1.37
2017.09.12 06:55:07.559,0.79106,0.79122,1.00,1.37
2017.09.12 06:55:07.610,0.79106,0.79122,1.00,1.37
2017.09.12 06:55:07.749,0.79106,0.79122,1.00,1.12
2017.09.12 06:55:08.626,0.79105,0.79121,1.12,1.00
2017.09.12 06:55:10.499,0.79106,0.79121,1.00,1.00
2017.09.12 06:55:11.075,0.79106,0.79122,1.00,1.12
2017.09.12 06:55:14.654,0.79105,0.79121,1.12,1.00
2017.09.12 06:55:15.179,0.79106,0.79123,1.00,2.06
2017.09.12 06:55:15.781,0.79106,0.79121,1.00,1.00
2017.09.12 06:55:16.378,0.79105,0.79122,1.12,1.31
2017.09.12 06:55:17.333,0.79106,0.79123,1.00,2.06
2017.09.12 06:55:18.374,0.79108,0.79123,1.00,1.37
2017.09.12 06:55:18.807,0.79112,0.79127,1.00,1.37
2017.09.12 06:55:20.560,0.79111,0.79126,1.12,1.12
2017.09.12 06:55:21.118,0.79109,0.79123,1.00,1.12
2017.09.12 06:55:21.913,0.79107,0.79122,1.37,1.00
2017.09.12 06:55:22.219,0.79107,0.79122,1.00,1.87
2017.09.12 06:55:23.199,0.79105,0.79122,1.12,1.87
2017.09.12 06:55:23.401,0.79102,0.79117,1.37,1.00
2017.09.12 06:55:23.552,0.79102,0.79117,1.37,1.00
2017.09.12 06:55:24.111,0.79102,0.79118,1.37,1.12
2017.09.12 06:55:26.020,0.79102,0.79117,1.37,1.00
2017.09.12 06:55:26.623,0.79102,0.79117,1.00,1.37
2017.09.12 06:55:28.953,0.79101,0.79117,1.12,1.37
2017.09.12 06:55:29.594,0.79103,0.79118,1.00,1.87
2017.09.12 06:55:29.748,0.79101,0.79117,1.12,1.37
2017.09.12 06:55:33.295,0.791,0.79115,1.37,1.00
2017.09.12 06:55:33.447,0.79099,0.79114,1.00,1.37
2017.09.12 06:55:33.750,0.79101,0.79115,1.00,1.37
2017.09.12 06:55:34.113,0.79104,0.79119,1.00,1.37
2017.09.12 06:55:34.164,0.79105,0.7912,1.00,2.06
2017.09.12 06:55:34.265,0.79105,0.7912,1.00,2.06
2017.09.12 06:55:34.467,0.79107,0.79122,1.00,1.87
2017.09.12 06:55:34.568,0.79107,0.79122,1.00,1.37
2017.09.12 06:55:35.019,0.79108,0.79124,1.00,1.87
2017.09.12 06:55:35.272,0.79106,0.7912,1.12,1.00
2017.09.12 06:55:35.575,0.79108,0.79123,1.00,1.37
2017.09.12 06:55:35.626,0.79108,0.79123,1.00,1.37
2017.09.12 06:55:37.424,0.79109,0.79125,1.00,1.37
2017.09.12 06:55:37.576,0.79109,0.79125,1.00,1.12
2017.09.12 06:55:38.863,0.79111,0.79126,1.00,1.87
2017.09.12 06:55:41.657,0.79109,0.79125,1.00,1.12
2017.09.12 06:55:43.893,0.7911,0.79126,1.50,1.37
2017.09.12 06:55:44.735,0.79109,0.79125,1.12,1.37
2017.09.12 06:55:45.338,0.7911,0.79127,1.00,1.62
2017.09.12 06:55:46.577,0.79109,0.79125,2.06,1.37
2017.09.12 06:55:47.805,0.7911,0.79126,1.00,1.37
2017.09.12 06:55:49.050,0.79111,0.79127,1.00,1.87
2017.09.12 06:55:50.182,0.79108,0.79124,2.06,1.12
2017.09.12 06:55:50.233,0.79102,0.79117,3.00,1.00
2017.09.12 06:55:50.284,0.79101,0.79114,1.37,1.00
2017.09.12 06:55:50.335,0.79098,0.79112,2.25,1.00
2017.09.12 06:55:50.385,0.79097,0.79112,1.62,1.00
2017.09.12 06:55:50.486,0.79097,0.79112,1.25,1.37
2017.09.12 06:55:51.573,0.79097,0.79113,1.00,1.12
2017.09.12 06:55:52.497,0.79095,0.7911,1.37,1.25
2017.09.12 06:55:52.749,0.79089,0.79105,1.37,1.87
2017.09.12 06:55:52.800,0.79089,0.79105,1.00,1.87
2017.09.12 06:55:52.901,0.79089,0.79105,1.12,1.87
2017.09.12 06:55:53.558,0.7909,0.79105,1.00,1.37
2017.09.12 06:55:54.107,0.79088,0.79105,1.62,1.37
2017.09.12 06:55:54.279,0.79092,0.79108,1.00,1.37
2017.09.12 06:55:54.330,0.79089,0.79105,1.12,1.37
2017.09.12 06:55:54.381,0.7909,0.79106,1.12,1.50
2017.09.12 06:55:55.054,0.7909,0.79106,1.00,1.87
2017.09.12 06:55:55.302,0.79092,0.79107,1.00,1.37
2017.09.12 06:55:55.554,0.79084,0.79102,1.37,1.00
2017.09.12 06:55:55.605,0.79084,0.79101,1.37,1.87
2017.09.12 06:55:55.722,0.79079,0.79095,1.87,1.00
2017.09.12 06:55:55.773,0.79076,0.79093,1.37,1.50
2017.09.12 06:55:55.874,0.79074,0.79093,1.87,1.87
2017.09.12 06:55:55.975,0.79077,0.79092,1.00,1.37
2017.09.12 06:55:57.171,0.79078,0.79092,1.00,1.37
2017.09.12 06:55:57.280,0.7908,0.79095,1.00,1.37
2017.09.12 06:56:00.222,0.79081,0.79095,1.00,1.37
2017.09.12 06:56:02.455,0.7908,0.79095,1.00,1.37
2017.09.12 06:56:03.417,0.79079,0.79095,1.00,1.37
2017.09.12 06:56:03.468,0.79074,0.79083,1.37,1.00
2017.09.12 06:56:03.620,0.79065,0.79079,1.37,1.00
2017.09.12 06:56:03.721,0.79065,0.79079,1.00,1.37
2017.09.12 06:56:05.499,0.79064,0.79079,1.12,1.37
2017.09.12 06:56:06.073,0.79066,0.79081,1.00,1.37
2017.09.12 06:56:07.169,0.79064,0.7908,1.31,1.37
2017.09.12 06:56:08.608,0.79061,0.7908,2.06,1.87
2017.09.12 06:56:09.243,0.79061,0.79077,1.00,1.87
2017.09.12 06:56:10.703,0.7906,0.79077,1.00,1.87
2017.09.12 06:56:14.689,0.79061,0.79076,1.00,1.87
2017.09.12 06:56:14.740,0.79059,0.79074,1.12,1.12
2017.09.12 06:56:14.791,0.79058,0.79072,1.62,1.00
2017.09.12 06:56:15.107,0.79057,0.79072,1.00,1.37
2017.09.12 06:56:15.158,0.79057,0.79072,1.00,1.12
2017.09.12 06:56:15.779,0.79062,0.79074,1.00,1.37
2017.09.12 06:56:16.115,0.7906,0.79074,1.25,1.37
2017.09.12 06:56:16.267,0.79061,0.79076,1.00,1.37
2017.09.12 06:56:16.418,0.79059,0.79077,1.12,1.87
2017.09.12 06:56:16.982,0.79057,0.79075,1.12,1.37
2017.09.12 06:56:19.847,0.79055,0.79072,1.37,1.00
2017.09.12 06:56:19.898,0.79052,0.7907,1.37,1.50
2017.09.12 06:56:19.949,0.79051,0.7907,1.87,1.50
2017.09.12 06:56:20.075,0.7905,0.79069,1.37,1.87
2017.09.12 06:56:20.126,0.79048,0.79065,1.37,1.00
2017.09.12 06:56:20.177,0.79048,0.79065,1.37,1.12
2017.09.12 06:56:20.278,0.79048,0.79065,1.12,1.37
2017.09.12 06:56:20.589,0.79052,0.7907,1.50,2.25
2017.09.12 06:56:20.640,0.79052,0.79072,1.50,1.69
2017.09.12 06:56:21.040,0.79054,0.79069,1.00,1.00
2017.09.12 06:56:21.324,0.79052,0.79069,1.69,1.00
2017.09.12 06:56:22.058,0.79054,0.79069,1.00,1.00
2017.09.12 06:56:22.109,0.79054,0.79073,1.00,3.37
2017.09.12 06:56:22.608,0.79053,0.79071,1.50,1.00
2017.09.12 06:56:23.262,0.79053,0.79071,1.87,1.37
2017.09.12 06:56:24.366,0.79052,0.79068,1.37,1.50
2017.09.12 06:56:24.669,0.79049,0.79066,1.37,1.37
2017.09.12 06:56:24.821,0.79047,0.79066,1.37,1.37
2017.09.12 06:56:24.999,0.79047,0.79061,1.37,1.00
2017.09.12 06:56:25.201,0.79045,0.79061,1.69,1.37
2017.09.12 06:56:28.179,0.79046,0.79061,1.00,1.37
2017.09.12 06:56:28.493,0.79046,0.79063,1.00,1.37
2017.09.12 06:56:29.175,0.79046,0.79063,1.12,1.12
2017.09.12 06:56:30.219,0.79047,0.79063,1.00,1.12
2017.09.12 06:56:30.914,0.79046,0.79063,1.12,1.12
2017.09.12 06:56:31.015,0.79046,0.79064,1.00,1.37
2017.09.12 06:56:33.644,0.79047,0.79063,1.00,1.37
2017.09.12 06:56:34.015,0.7905,0.79064,1.00,1.37
2017.09.12 06:56:34.116,0.79044,0.7906,2.81,1.00
2017.09.12 06:56:34.318,0.79044,0.7906,1.00,1.37
2017.09.12 06:56:35.202,0.79046,0.79062,1.00,1.37
2017.09.12 06:56:35.532,0.79052,0.79064,1.00,1.37
2017.09.12 06:56:35.583,0.79049,0.79066,1.00,3.00
2017.09.12 06:56:35.684,0.79048,0.79061,1.00,1.00
2017.09.12 06:56:35.836,0.79046,0.79061,1.00,1.37
2017.09.12 06:56:36.140,0.79047,0.79061,1.12,1.00
2017.09.12 06:56:36.202,0.79047,0.79061,1.00,1.37
2017.09.12 06:56:37.625,0.79048,0.79061,1.00,1.37
2017.09.12 06:56:38.813,0.79048,0.79064,1.00,1.37
2017.09.12 06:56:38.914,0.79052,0.79069,1.00,1.87
2017.09.12 06:56:39.131,0.79048,0.79063,1.37,1.00
2017.09.12 06:56:39.182,0.79043,0.79056,2.25,1.00
2017.09.12 06:56:39.233,0.79042,0.79056,1.00,1.37
2017.09.12 06:56:39.403,0.79039,0.79056,2.06,1.37
2017.09.12 06:56:40.022,0.79041,0.79056,1.00,1.37
2017.09.12 06:56:40.629,0.7904,0.79056,1.12,1.37
2017.09.12 06:56:42.731,0.79042,0.79056,1.00,1.37
2017.09.12 06:56:42.832,0.79043,0.7906,1.00,1.87
2017.09.12 06:56:42.934,0.79043,0.7906,1.00,1.87
2017.09.12 06:56:42.985,0.79045,0.7906,1.00,1.37
2017.09.12 06:56:44.232,0.79044,0.79062,1.00,1.37
2017.09.12 06:56:44.535,0.79049,0.79066,1.00,1.87
2017.09.12 06:56:44.586,0.79047,0.79062,1.00,1.00
2017.09.12 06:56:44.637,0.79045,0.79058,1.50,1.00
2017.09.12 06:56:44.842,0.79042,0.79056,1.00,1.00
2017.09.12 06:56:45.147,0.79041,0.79058,1.00,1.50
2017.09.12 06:56:45.674,0.79044,0.79061,1.00,2.62
2017.09.12 06:56:46.684,0.79047,0.79064,1.00,1.00
2017.09.12 06:56:47.636,0.79052,0.79069,1.00,2.62
2017.09.12 06:56:48.007,0.79043,0.79059,2.25,1.00
2017.09.12 06:56:48.058,0.79045,0.7906,1.12,1.12
2017.09.12 06:56:48.682,0.79044,0.79062,1.62,1.37
2017.09.12 06:56:48.732,0.79041,0.79058,3.56,1.00
2017.09.12 06:56:49.070,0.7904,0.79059,1.87,1.87
2017.09.12 06:56:49.740,0.79042,0.79059,1.00,1.87
2017.09.12 06:56:50.797,0.79043,0.79059,1.00,1.37
2017.09.12 06:56:51.025,0.79041,0.79059,1.31,1.37
2017.09.12 06:56:51.277,0.79041,0.79057,1.00,1.37
2017.09.12 06:56:52.587,0.79042,0.79057,1.00,1.37
2017.09.12 06:56:52.862,0.79042,0.79059,1.12,1.87
2017.09.12 06:56:54.499,0.79038,0.79054,1.37,1.50
2017.09.12 06:56:54.550,0.79037,0.79054,1.37,1.87
2017.09.12 06:56:54.651,0.79037,0.79054,1.12,1.87
2017.09.12 06:56:56.318,0.79038,0.79054,1.00,1.37
2017.09.12 06:56:56.671,0.79039,0.79055,1.37,1.00
2017.09.12 06:56:56.993,0.79039,0.79055,1.00,1.37
2017.09.12 06:56:58.577,0.7904,0.79055,1.00,1.37
2017.09.12 06:56:58.628,0.79038,0.79053,1.12,1.12
2017.09.12 06:56:58.679,0.79036,0.79051,1.37,1.00
2017.09.12 06:56:58.883,0.79029,0.79044,1.37,1.00
2017.09.12 06:56:59.282,0.79032,0.79047,1.00,1.37
2017.09.12 06:57:00.720,0.79034,0.79051,1.00,1.87
2017.09.12 06:57:00.923,0.79037,0.79054,1.00,1.37
2017.09.12 06:57:01.024,0.79037,0.79054,1.37,1.12
2017.09.12 06:57:01.277,0.79037,0.79053,1.25,1.37
2017.09.12 06:57:01.803,0.79038,0.79053,1.00,1.37
2017.09.12 06:57:02.491,0.79039,0.79055,1.00,1.37
2017.09.12 06:57:02.700,0.79042,0.79059,1.00,1.37
2017.09.12 06:57:02.802,0.79042,0.79059,1.12,1.87
2017.09.12 06:57:03.264,0.79038,0.79055,1.37,1.00
2017.09.12 06:57:03.315,0.79038,0.79055,1.37,1.37
2017.09.12 06:57:03.487,0.79038,0.79054,1.00,1.37
2017.09.12 06:57:04.664,0.79037,0.79054,1.12,1.37
2017.09.12 06:57:05.038,0.7904,0.79057,1.00,1.37
2017.09.12 06:57:06.142,0.79039,0.79056,1.12,1.87
2017.09.12 06:57:06.480,0.79038,0.79053,1.00,1.37
2017.09.12 06:57:06.811,0.7904,0.79056,1.12,1.37
2017.09.12 06:57:07.332,0.79041,0.79055,1.00,1.37
2017.09.12 06:57:07.861,0.79041,0.79056,1.00,1.37
2017.09.12 06:57:08.697,0.79041,0.79056,1.00,1.37
2017.09.12 06:57:09.039,0.79037,0.79055,1.31,1.37
2017.09.12 06:57:09.241,0.79037,0.79053,1.25,1.37
2017.09.12 06:57:09.911,0.79036,0.79053,1.31,1.37
2017.09.12 06:57:13.884,0.7903,0.79047,1.37,1.50
2017.09.12 06:57:13.985,0.79029,0.79046,1.37,1.50
2017.09.12 06:57:14.087,0.79029,0.79046,1.12,1.87
2017.09.12 06:57:14.958,0.79028,0.79044,1.00,1.37
2017.09.12 06:57:15.688,0.79029,0.79044,1.00,1.37
2017.09.12 06:57:16.266,0.7903,0.79045,1.00,1.37
2017.09.12 06:57:16.367,0.79028,0.79044,1.25,1.37
2017.09.12 06:57:16.468,0.7903,0.79044,1.00,1.37
2017.09.12 06:57:17.004,0.7903,0.79046,1.00,1.37
2017.09.12 06:57:17.055,0.7903,0.79046,1.00,1.37
2017.09.12 06:57:17.569,0.79027,0.79044,1.12,1.37
2017.09.12 06:57:18.077,0.79028,0.79045,1.37,1.87
2017.09.12 06:57:18.388,0.79027,0.79042,1.12,1.12
2017.09.12 06:57:19.044,0.79024,0.7904,1.62,1.00
2017.09.12 06:57:19.367,0.79026,0.7904,1.00,1.37
2017.09.12 06:57:19.418,0.79024,0.79041,1.25,1.37
2017.09.12 06:57:19.570,0.79025,0.79042,1.00,1.37
2017.09.12 06:57:19.838,0.79027,0.79041,1.00,1.37
2017.09.12 06:57:20.141,0.79029,0.79046,1.00,1.37
2017.09.12 06:57:20.191,0.79028,0.79046,1.69,1.00
2017.09.12 06:57:20.500,0.7903,0.79045,1.00,1.00
2017.09.12 06:57:20.878,0.7903,0.79047,1.25,1.00
2017.09.12 06:57:20.929,0.7903,0.79045,1.25,1.00
2017.09.12 06:57:21.431,0.79029,0.79046,1.00,1.00
2017.09.12 06:57:21.943,0.79028,0.79045,1.00,1.50
2017.09.12 06:57:22.717,0.79029,0.79045,1.00,1.00
2017.09.12 06:57:23.030,0.79031,0.79049,1.25,1.37
2017.09.12 06:57:23.081,0.79031,0.79049,1.25,1.37
2017.09.12 06:57:23.263,0.79031,0.79049,1.62,1.37
2017.09.12 06:57:24.082,0.7903,0.79047,1.00,1.87
2017.09.12 06:57:27.144,0.79031,0.79047,1.00,1.37
2017.09.12 06:57:28.329,0.79029,0.79046,1.31,1.37
2017.09.12 06:57:28.916,0.79032,0.79047,1.00,1.37
2017.09.12 06:57:29.067,0.79034,0.79049,1.00,1.37
2017.09.12 06:57:29.409,0.79031,0.79047,1.37,1.12
2017.09.12 06:57:29.611,0.79031,0.79047,1.00,1.37
2017.09.12 06:57:30.238,0.79032,0.79047,1.00,1.37
2017.09.12 06:57:30.917,0.79031,0.79047,1.00,1.37
2017.09.12 06:57:31.492,0.79032,0.79045,1.00,1.37
2017.09.12 06:57:31.668,0.7903,0.79048,1.00,1.87
2017.09.12 06:57:31.719,0.79032,0.79045,1.00,1.37
2017.09.12 06:57:31.770,0.79029,0.79047,1.31,1.37
2017.09.12 06:57:31.978,0.79031,0.79048,1.00,1.87
2017.09.12 06:57:32.080,0.79031,0.79048,1.00,1.87
2017.09.12 06:57:32.420,0.79031,0.79045,1.00,1.37
2017.09.12 06:57:32.470,0.79029,0.79045,1.25,1.37
2017.09.12 06:57:32.571,0.79031,0.79046,1.00,1.37
2017.09.12 06:57:32.627,0.79029,0.79046,1.00,1.37
2017.09.12 06:57:33.017,0.79028,0.79043,1.00,1.37
2017.09.12 06:57:33.415,0.7903,0.79044,1.00,1.37
2017.09.12 06:57:33.657,0.79028,0.79045,1.12,1.87
2017.09.12 06:57:33.910,0.79026,0.79045,1.31,1.87
2017.09.12 06:57:34.227,0.7903,0.79045,1.00,1.37
2017.09.12 06:57:34.379,0.7903,0.79045,1.00,1.37
2017.09.12 06:57:34.647,0.79028,0.79044,1.12,1.37
2017.09.12 06:57:34.798,0.79027,0.79043,1.00,1.37
2017.09.12 06:57:35.325,0.79028,0.79043,1.00,1.37
2017.09.12 06:57:35.987,0.79029,0.79044,1.00,1.37
2017.09.12 06:57:36.189,0.79032,0.79048,1.00,1.37
2017.09.12 06:57:36.391,0.79033,0.79048,1.00,1.37
2017.09.12 06:57:36.838,0.79036,0.79053,1.00,1.37
2017.09.12 06:57:36.889,0.79036,0.79053,1.00,1.37
2017.09.12 06:57:36.990,0.79036,0.79053,1.00,1.37
2017.09.12 06:57:38.252,0.79037,0.79053,1.00,1.37
2017.09.12 06:57:38.839,0.79036,0.79054,1.00,1.37
2017.09.12 06:57:39.354,0.79037,0.79053,1.00,1.37
2017.09.12 06:57:40.392,0.79036,0.79053,1.00,1.87
2017.09.12 06:57:43.752,0.79035,0.79053,1.31,1.37
2017.09.12 06:57:46.848,0.79035,0.79051,1.31,1.00
2017.09.12 06:57:48.515,0.79035,0.79051,1.00,1.37
2017.09.12 06:58:00.332,0.79036,0.79052,1.00,1.37
2017.09.12 06:58:00.867,0.79037,0.79053,1.00,1.37
2017.09.12 06:58:00.968,0.79039,0.79053,1.00,1.37
2017.09.12 06:58:01.293,0.79041,0.79055,1.00,1.37
2017.09.12 06:58:02.360,0.7904,0.79055,1.25,1.37
2017.09.12 06:58:04.584,0.79041,0.79055,1.00,1.12
2017.09.12 06:58:05.247,0.79041,0.79056,1.00,1.37
2017.09.12 06:58:06.226,0.7904,0.79056,1.00,1.37
2017.09.12 06:58:06.376,0.79036,0.79051,1.37,1.00
2017.09.12 06:58:06.679,0.79032,0.79047,1.12,1.12
2017.09.12 06:58:06.780,0.79032,0.79047,1.00,1.37
2017.09.12 06:58:06.882,0.7903,0.79047,1.31,1.87
2017.09.12 06:58:07.094,0.79029,0.79045,1.00,1.37
2017.09.12 06:58:07.195,0.79029,0.79045,1.12,1.37
2017.09.12 06:58:07.869,0.7903,0.79044,1.00,1.12
2017.09.12 06:58:08.110,0.79029,0.79045,1.00,1.37
2017.09.12 06:58:08.627,0.7903,0.79044,1.00,1.37
2017.09.12 06:58:08.779,0.79027,0.79041,1.00,1.12
2017.09.12 06:58:08.881,0.79024,0.7904,1.00,1.37
2017.09.12 06:58:09.428,0.79022,0.79037,1.37,1.00
2017.09.12 06:58:09.731,0.79018,0.79034,1.00,1.37
2017.09.12 06:58:10.685,0.79015,0.79034,2.81,1.37
2017.09.12 06:58:11.001,0.79018,0.79032,1.00,1.37
2017.09.12 06:58:11.565,0.79017,0.79032,1.00,1.37
2017.09.12 06:58:11.616,0.79014,0.79032,2.06,1.37
2017.09.12 06:58:11.718,0.79012,0.7903,1.62,1.37
2017.09.12 06:58:11.935,0.79009,0.79026,2.06,1.12
2017.09.12 06:58:11.986,0.79011,0.79026,1.00,1.12
2017.09.12 06:58:12.391,0.79013,0.79029,1.00,1.37
2017.09.12 06:58:12.953,0.79013,0.7903,1.00,1.87
2017.09.12 06:58:13.451,0.79014,0.7903,1.12,1.37
2017.09.12 06:58:14.000,0.79013,0.79028,1.00,1.37
2017.09.12 06:58:15.121,0.79012,0.79028,1.00,1.37
2017.09.12 06:58:16.023,0.79012,0.79029,1.37,1.37
2017.09.12 06:58:16.557,0.79012,0.79028,1.00,1.37
2017.09.12 06:58:17.450,0.79011,0.79028,1.12,1.87
2017.09.12 06:58:17.786,0.79005,0.79022,1.37,1.37
2017.09.12 06:58:18.429,0.79006,0.79021,1.00,1.37
2017.09.12 06:58:18.973,0.79007,0.79021,1.00,1.37
2017.09.12 06:58:20.108,0.79008,0.79021,1.00,1.37
2017.09.12 06:58:20.325,0.79008,0.79024,1.12,1.37
2017.09.12 06:58:23.177,0.79009,0.79024,1.00,1.37
2017.09.12 06:58:24.723,0.79008,0.79024,1.12,1.37
2017.09.12 06:58:25.683,0.79009,0.79024,1.00,1.37
2017.09.12 06:58:26.647,0.79007,0.79024,1.62,1.37
2017.09.12 06:58:26.698,0.79002,0.79019,1.37,1.00
2017.09.12 06:58:26.749,0.79002,0.79019,1.37,1.00
2017.09.12 06:58:26.800,0.79,0.79016,1.37,1.00
2017.09.12 06:58:26.850,0.78999,0.79016,1.37,1.50
2017.09.12 06:58:26.952,0.79,0.79016,1.25,1.37
2017.09.12 06:58:27.583,0.79002,0.79017,1.00,1.37
2017.09.12 06:58:27.886,0.79006,0.79019,1.00,1.37
2017.09.12 06:58:28.806,0.79004,0.79019,1.25,1.37
2017.09.12 06:58:29.542,0.79005,0.79022,1.00,1.37
2017.09.12 06:58:32.151,0.79007,0.79023,1.00,1.37
2017.09.12 06:58:32.252,0.79007,0.79023,1.00,1.37
2017.09.12 06:58:32.532,0.79004,0.79022,1.56,1.37
2017.09.12 06:58:32.583,0.79,0.79017,2.06,1.00
2017.09.12 06:58:32.785,0.78997,0.79014,1.37,2.62
2017.09.12 06:58:32.836,0.78997,0.79014,1.00,2.62
2017.09.12 06:58:32.937,0.78997,0.79014,1.12,1.37
2017.09.12 06:58:33.875,0.78998,0.79013,1.00,1.37
2017.09.12 06:58:33.976,0.79001,0.79016,1.00,1.37
2017.09.12 06:58:34.244,0.79,0.79016,1.00,1.37
2017.09.12 06:58:35.907,0.78998,0.79015,1.12,1.72
2017.09.12 06:58:35.958,0.78993,0.79009,2.62,1.00
2017.09.12 06:58:36.160,0.78989,0.79003,1.62,1.00
2017.09.12 06:58:36.264,0.78989,0.79003,1.25,1.37
2017.09.12 06:58:36.709,0.78991,0.79005,1.00,1.37
2017.09.12 06:58:36.837,0.7899,0.79008,1.00,1.37
2017.09.12 06:58:36.887,0.78993,0.79007,1.00,1.37
2017.09.12 06:58:36.938,0.78993,0.79009,1.00,1.37
2017.09.12 06:58:37.140,0.78995,0.7901,1.00,1.37
2017.09.12 06:58:37.908,0.78994,0.7901,1.00,1.37
2017.09.12 06:58:38.222,0.7899,0.79005,1.37,1.00
2017.09.12 06:58:38.813,0.7899,0.79005,1.00,1.37
2017.09.12 06:58:39.268,0.7899,0.79007,1.25,1.37
2017.09.12 06:58:39.369,0.78992,0.79007,1.00,1.37
2017.09.12 06:58:41.637,0.78991,0.79007,1.00,1.87
2017.09.12 06:58:41.871,0.78989,0.79007,1.31,1.87
2017.09.12 06:58:42.152,0.78989,0.79002,1.12,1.00
2017.09.12 06:58:42.253,0.78987,0.79003,1.12,1.37
2017.09.12 06:58:42.576,0.78985,0.79001,1.12,1.37
2017.09.12 06:58:42.796,0.78983,0.78999,1.00,1.37
2017.09.12 06:58:43.915,0.78985,0.78999,1.00,1.37
2017.09.12 06:58:44.168,0.78987,0.79002,1.00,1.37
2017.09.12 06:58:45.166,0.78989,0.79004,1.00,1.37
2017.09.12 06:58:45.368,0.78989,0.79005,1.00,1.37
2017.09.12 06:58:47.565,0.78989,0.79003,1.25,1.37
2017.09.12 06:58:50.777,0.78985,0.78999,1.12,1.00
2017.09.12 06:58:50.827,0.78979,0.78994,2.25,1.00
2017.09.12 06:58:50.979,0.7897,0.78986,2.62,1.50
2017.09.12 06:58:51.080,0.78972,0.78987,1.25,1.37
2017.09.12 06:58:51.432,0.78976,0.78989,1.00,1.37
2017.09.12 06:58:51.766,0.7898,0.78991,1.00,1.37
2017.09.12 06:58:52.019,0.78984,0.78997,1.00,1.37
2017.09.12 06:58:52.449,0.78986,0.78997,1.00,1.37
2017.09.12 06:58:52.607,0.78986,0.78999,1.00,1.37
2017.09.12 06:58:53.027,0.78988,0.79002,1.00,1.37
2017.09.12 06:58:53.330,0.78996,0.79009,1.00,1.37
2017.09.12 06:58:53.381,0.78996,0.79009,1.00,1.37
2017.09.12 06:58:53.482,0.78996,0.79011,1.00,1.50
2017.09.12 06:58:54.332,0.78991,0.79007,1.00,1.00
2017.09.12 06:58:54.383,0.7899,0.79005,1.00,1.50
2017.09.12 06:58:54.433,0.78988,0.79004,1.31,1.00
2017.09.12 06:58:54.635,0.7899,0.79003,1.00,1.00
2017.09.12 06:58:56.088,0.7899,0.79004,1.00,1.00
2017.09.12 06:58:57.225,0.78989,0.79005,1.00,1.50
2017.09.12 06:58:57.656,0.78989,0.79004,1.00,1.87
2017.09.12 06:58:57.909,0.7899,0.79005,1.00,1.37
2017.09.12 06:58:58.466,0.78987,0.79005,1.62,1.87
2017.09.12 06:58:58.694,0.78988,0.79003,1.00,1.87
2017.09.12 06:59:00.733,0.78996,0.79008,1.00,2.25
2017.09.12 06:59:00.784,0.78996,0.79011,1.00,1.37
2017.09.12 06:59:00.835,0.78996,0.79011,1.00,1.37
2017.09.12 06:59:00.936,0.78996,0.79011,1.00,1.00
2017.09.12 06:59:02.967,0.78997,0.79011,1.00,1.00
2017.09.12 06:59:03.320,0.78998,0.79011,1.00,1.37
2017.09.12 06:59:03.494,0.78996,0.79011,1.25,1.37
2017.09.12 06:59:03.657,0.78999,0.79011,1.00,1.37
2017.09.12 06:59:04.103,0.78997,0.79011,1.00,1.37
2017.09.12 06:59:04.154,0.78993,0.79009,1.37,1.12
2017.09.12 06:59:04.255,0.78991,0.79006,1.37,1.00
2017.09.12 06:59:04.306,0.78987,0.79004,1.37,1.87
2017.09.12 06:59:04.408,0.7899,0.79004,1.00,1.37
2017.09.12 06:59:04.509,0.7899,0.79005,1.00,1.87
2017.09.12 06:59:05.054,0.78989,0.79005,1.00,1.87
2017.09.12 06:59:09.561,0.7899,0.79005,1.00,1.87
2017.09.12 06:59:11.297,0.78991,0.79007,1.00,1.87
2017.09.12 06:59:14.173,0.7899,0.79006,1.00,1.87
2017.09.12 06:59:14.732,0.78991,0.79008,1.25,1.37
2017.09.12 06:59:15.154,0.7899,0.79005,1.12,1.37
2017.09.12 06:59:15.684,0.78989,0.79004,1.00,1.37
2017.09.12 06:59:16.317,0.7899,0.79005,1.00,1.37
2017.09.12 06:59:16.634,0.78997,0.79011,1.00,1.37
2017.09.12 06:59:16.684,0.78999,0.79012,1.00,1.12
2017.09.12 06:59:16.786,0.78997,0.79012,1.00,1.37
2017.09.12 06:59:17.111,0.78999,0.79014,1.00,1.37
2017.09.12 06:59:17.161,0.78999,0.79014,1.00,1.37
2017.09.12 06:59:18.578,0.78998,0.79013,1.12,1.12
2017.09.12 06:59:18.843,0.78997,0.79013,1.12,1.87
2017.09.12 06:59:19.545,0.78998,0.79013,1.00,1.87
2017.09.12 06:59:22.135,0.78999,0.79015,1.00,1.37
2017.09.12 06:59:22.554,0.79001,0.79015,1.00,1.37
2017.09.12 06:59:23.333,0.79002,0.79018,1.00,1.87
2017.09.12 06:59:24.310,0.79001,0.79017,1.00,1.37
2017.09.12 06:59:24.412,0.78998,0.79013,1.12,1.12
2017.09.12 06:59:24.513,0.78996,0.7901,1.37,1.00
2017.09.12 06:59:24.779,0.78994,0.7901,1.19,1.37
2017.09.12 06:59:25.768,0.78994,0.7901,1.25,1.37
2017.09.12 06:59:27.038,0.7899,0.79007,1.62,1.00
2017.09.12 06:59:27.089,0.78989,0.79005,1.37,1.50
2017.09.12 06:59:27.190,0.78988,0.79003,1.37,1.00
2017.09.12 06:59:27.291,0.78988,0.79003,1.00,1.37
2017.09.12 06:59:27.525,0.7899,0.79003,1.00,1.37
2017.09.12 06:59:27.871,0.78992,0.79009,1.00,3.75
2017.09.12 06:59:27.922,0.78987,0.79002,1.12,1.12
2017.09.12 06:59:27.973,0.78988,0.79003,1.37,1.00
2017.09.12 06:59:28.074,0.78987,0.79003,1.00,1.87
2017.09.12 06:59:28.225,0.78989,0.79003,1.00,1.37
2017.09.12 06:59:28.745,0.7899,0.79003,1.00,1.37
2017.09.12 06:59:29.032,0.78988,0.79004,1.69,1.37
2017.09.12 06:59:29.083,0.78987,0.79004,1.00,1.37
2017.09.12 06:59:29.285,0.78988,0.79003,1.00,1.37
2017.09.12 06:59:29.580,0.78989,0.79003,1.00,1.37
2017.09.12 06:59:30.790,0.78991,0.79006,1.00,1.87
2017.09.12 06:59:30.995,0.78989,0.79005,1.00,1.37
2017.09.12 06:59:32.271,0.78989,0.79005,1.31,1.37
2017.09.12 06:59:33.103,0.78985,0.79001,1.62,1.00
2017.09.12 06:59:33.204,0.78985,0.79001,1.37,1.00
2017.09.12 06:59:33.273,0.78985,0.79001,1.12,1.37
2017.09.12 06:59:34.174,0.78985,0.79,1.00,1.87
2017.09.12 06:59:37.872,0.78984,0.79,1.25,1.87
2017.09.12 06:59:39.129,0.78983,0.78999,1.12,1.37
2017.09.12 06:59:39.592,0.78984,0.79,1.37,1.12
2017.09.12 06:59:39.895,0.78981,0.78996,1.87,1.00
2017.09.12 06:59:40.097,0.78981,0.78996,1.12,1.12
2017.09.12 06:59:40.444,0.78983,0.78998,1.00,1.37
2017.09.12 06:59:40.595,0.78983,0.78999,1.12,1.37
2017.09.12 06:59:41.591,0.78983,0.78998,1.00,1.87
2017.09.12 06:59:41.742,0.78979,0.78994,1.62,1.00
2017.09.12 06:59:42.044,0.78974,0.78989,1.00,1.37
2017.09.12 06:59:42.706,0.78976,0.78991,1.00,1.37
2017.09.12 06:59:43.497,0.78976,0.78992,1.00,1.87
2017.09.12 06:59:44.046,0.78977,0.78992,1.00,1.37
2017.09.12 06:59:44.900,0.78976,0.78992,1.00,1.87
2017.09.12 06:59:45.639,0.78976,0.78989,1.00,1.00
2017.09.12 06:59:45.979,0.78975,0.78989,1.00,1.37
2017.09.12 06:59:46.739,0.78974,0.78989,1.25,1.37
2017.09.12 06:59:47.687,0.78974,0.78989,1.00,1.12
2017.09.12 06:59:48.008,0.78976,0.78992,1.00,1.37
2017.09.12 06:59:48.109,0.78976,0.78992,1.37,1.12
2017.09.12 06:59:48.657,0.78979,0.78994,1.00,1.37
2017.09.12 06:59:48.878,0.7898,0.78995,1.00,1.37
2017.09.12 06:59:49.663,0.78981,0.78996,1.00,1.87
2017.09.12 06:59:50.390,0.78982,0.78998,1.00,1.87
2017.09.12 06:59:50.441,0.78977,0.78993,1.62,1.00
2017.09.12 06:59:50.643,0.78972,0.78988,1.37,1.12
2017.09.12 06:59:50.846,0.78974,0.78989,1.00,1.37
2017.09.12 06:59:50.947,0.78975,0.7899,1.00,1.87
2017.09.12 06:59:52.808,0.78976,0.78991,1.19,1.37
2017.09.12 06:59:52.909,0.78973,0.78989,1.37,1.50
2017.09.12 06:59:53.060,0.78974,0.78989,1.00,1.87
2017.09.12 06:59:53.647,0.78969,0.78984,1.62,1.00
2017.09.12 06:59:53.697,0.78967,0.78982,1.87,1.50
2017.09.12 06:59:53.842,0.78967,0.78981,1.37,1.00
2017.09.12 06:59:53.943,0.78969,0.78982,1.00,1.37
2017.09.12 06:59:54.045,0.78969,0.78982,1.00,1.37
2017.09.12 06:59:54.828,0.7897,0.78982,1.00,1.37
2017.09.12 06:59:55.107,0.78973,0.78986,1.00,1.37
2017.09.12 06:59:55.360,0.78975,0.78989,1.00,1.37
2017.09.12 06:59:55.613,0.78973,0.78987,1.00,1.12
2017.09.12 06:59:55.663,0.78973,0.78987,1.00,1.37
2017.09.12 06:59:56.250,0.78972,0.78987,1.00,1.37
2017.09.12 06:59:56.965,0.78975,0.78987,1.00,1.37
2017.09.12 06:59:57.383,0.78979,0.78992,1.00,3.00
2017.09.12 06:59:57.433,0.78979,0.78994,1.00,1.87
2017.09.12 06:59:57.638,0.78974,0.78989,1.50,1.00
2017.09.12 06:59:57.941,0.78971,0.78987,1.25,1.00
2017.09.12 06:59:58.009,0.78973,0.78987,1.00,1.00
2017.09.12 06:59:58.060,0.78973,0.7899,1.25,1.12
2017.09.12 06:59:58.224,0.78974,0.78988,1.00,1.00
2017.09.12 06:59:58.511,0.78974,0.7899,1.25,1.00
2017.09.12 06:59:59.233,0.78974,0.78992,1.25,1.00
2017.09.12 06:59:59.746,0.78973,0.78992,1.69,1.00
2017.09.12 06:59:59.797,0.78973,0.78988,1.00,1.00
