2012.06.26 10:00:00.362,0.93615,0.93641,2.63,3.38
2012.06.26 10:00:01.063,0.93614,0.9364,2.63,2.78
2012.06.26 10:00:01.878,0.93614,0.9364,2.63,2.78
2012.06.26 10:00:01.986,0.93614,0.9364,2.63,2.78
2012.06.26 10:00:02.537,0.93614,0.9364,2.63,2.78
2012.06.26 10:00:05.394,0.93614,0.9364,2.63,2.78
2012.06.26 10:00:05.813,0.93613,0.93639,2.63,2.78
2012.06.26 10:00:07.063,0.93611,0.93637,2.63,3.16
2012.06.26 10:00:07.134,0.93606,0.93632,5.85,2.33
2012.06.26 10:00:07.536,0.93606,0.93632,3.75,2.33
2012.06.26 10:00:08.038,0.93606,0.93631,1.05,2.78
2012.06.26 10:00:08.582,0.93606,0.93632,3.38,2.78
2012.06.26 10:00:08.933,0.93606,0.93632,1.05,2.78
2012.06.26 10:00:09.452,0.93606,0.93629,1.05,2.78
2012.06.26 10:00:09.792,0.93611,0.93629,1.05,2.33
2012.06.26 10:00:09.854,0.93612,0.93638,2.63,3.16
2012.06.26 10:00:09.923,0.93612,0.93638,3.38,3.16
2012.06.26 10:00:10.416,0.93612,0.93638,3.38,2.70
2012.06.26 10:00:10.496,0.93612,0.93638,3.75,2.33
2012.06.26 10:00:10.633,0.93615,0.93643,2.63,2.78
2012.06.26 10:00:12.694,0.93614,0.93642,2.63,2.78
2012.06.26 10:00:14.253,0.93612,0.9364,3.60,2.78
2012.06.26 10:00:14.961,0.93612,0.9364,3.60,2.78
2012.06.26 10:00:15.285,0.93612,0.9364,3.60,2.78
2012.06.26 10:00:15.616,0.93612,0.9364,3.60,2.78
2012.06.26 10:00:16.793,0.93617,0.93645,2.33,2.78
2012.06.26 10:00:16.852,0.93617,0.93645,2.63,2.78
2012.06.26 10:00:17.063,0.93617,0.93645,2.33,2.78
2012.06.26 10:00:17.604,0.93612,0.9364,3.00,2.78
2012.06.26 10:00:18.342,0.93612,0.9364,3.00,2.78
2012.06.26 10:00:18.652,0.93608,0.93636,3.00,2.78
2012.06.26 10:00:19.033,0.93613,0.93639,2.63,2.78
2012.06.26 10:00:20.303,0.93617,0.93645,2.63,3.16
2012.06.26 10:00:20.423,0.93617,0.93645,2.63,3.16
2012.06.26 10:00:21.893,0.93619,0.93647,2.63,2.78
2012.06.26 10:00:23.182,0.93618,0.93644,2.63,2.78
2012.06.26 10:00:23.942,0.93617,0.93643,2.33,2.78
2012.06.26 10:00:24.482,0.93612,0.9364,3.38,2.78
2012.06.26 10:00:25.356,0.93617,0.93643,2.63,3.16
2012.06.26 10:00:25.576,0.93617,0.93643,3.00,2.78
2012.06.26 10:00:26.228,0.93617,0.93643,3.00,2.78
2012.06.26 10:00:29.432,0.93619,0.93645,2.63,2.78
2012.06.26 10:00:30.260,0.9362,0.93646,2.63,3.16
2012.06.26 10:00:31.323,0.9362,0.93646,2.63,2.78
2012.06.26 10:00:31.798,0.93618,0.93646,2.63,2.78
2012.06.26 10:00:33.543,0.93618,0.93646,2.63,2.78
2012.06.26 10:00:33.883,0.93627,0.93653,2.33,3.76
2012.06.26 10:00:34.048,0.93625,0.93651,2.63,3.16
2012.06.26 10:00:34.135,0.93625,0.93651,2.33,3.16
2012.06.26 10:00:34.346,0.93621,0.93647,2.63,2.78
2012.06.26 10:00:34.474,0.93622,0.93648,2.63,2.78
2012.06.26 10:00:34.804,0.93622,0.93648,3.00,2.78
2012.06.26 10:00:35.500,0.93622,0.93648,2.63,2.78
2012.06.26 10:00:35.862,0.93622,0.93648,2.63,2.78
2012.06.26 10:00:36.629,0.93627,0.93653,2.33,3.16
2012.06.26 10:00:37.993,0.93621,0.93649,3.00,2.78
2012.06.26 10:00:39.064,0.93621,0.93649,3.00,2.78
2012.06.26 10:00:45.996,0.93622,0.93648,2.63,1.06
2012.06.26 10:00:46.220,0.93622,0.93648,2.63,1.06
2012.06.26 10:00:46.756,0.93622,0.93648,2.63,1.06
2012.06.26 10:00:46.882,0.93622,0.93648,2.63,1.06
2012.06.26 10:00:48.413,0.93621,0.93648,2.63,1.06
2012.06.26 10:00:49.201,0.9362,0.93648,2.63,3.38
2012.06.26 10:00:50.952,0.93619,0.93645,2.63,2.78
2012.06.26 10:00:51.530,0.93618,0.93644,3.00,2.78
2012.06.26 10:00:53.883,0.93616,0.93643,3.00,2.78
2012.06.26 10:00:54.406,0.93616,0.93642,2.70,1.06
2012.06.26 10:00:54.742,0.93613,0.93639,2.70,2.78
2012.06.26 10:00:54.803,0.93613,0.93639,2.33,2.78
2012.06.26 10:00:55.100,0.93614,0.9364,2.33,2.78
2012.06.26 10:00:55.736,0.93614,0.9364,2.33,2.78
2012.06.26 10:00:55.815,0.9361,0.93636,1.28,2.78
2012.06.26 10:00:56.343,0.93608,0.93636,2.63,2.78
2012.06.26 10:00:56.472,0.93606,0.93632,3.00,2.78
2012.06.26 10:00:56.653,0.93611,0.93637,2.63,2.78
2012.06.26 10:00:56.773,0.93611,0.93637,2.63,2.78
2012.06.26 10:00:57.334,0.93611,0.93637,2.63,2.78
2012.06.26 10:00:57.733,0.93611,0.93637,2.33,2.78
2012.06.26 10:00:57.795,0.93606,0.93632,3.00,2.78
2012.06.26 10:01:01.003,0.93606,0.93628,1.05,2.33
2012.06.26 10:01:01.383,0.9361,0.93636,2.33,3.16
2012.06.26 10:01:01.442,0.9361,0.93636,2.33,3.16
2012.06.26 10:01:01.983,0.9361,0.93636,2.63,2.78
2012.06.26 10:01:03.636,0.9361,0.93636,2.33,2.78
2012.06.26 10:01:03.923,0.93607,0.93635,3.38,2.78
2012.06.26 10:01:03.983,0.93607,0.93635,3.75,2.78
2012.06.26 10:01:04.166,0.93607,0.93635,3.75,2.78
2012.06.26 10:01:05.155,0.93609,0.93635,3.00,2.78
2012.06.26 10:01:10.863,0.93606,0.93634,3.75,2.78
2012.06.26 10:01:11.074,0.93606,0.93634,3.00,2.78
2012.06.26 10:01:11.573,0.9361,0.93638,2.33,2.78
2012.06.26 10:01:11.693,0.9361,0.93638,2.33,2.78
2012.06.26 10:01:12.217,0.9361,0.93638,2.63,2.78
2012.06.26 10:01:12.403,0.93605,0.93633,3.00,2.78
2012.06.26 10:01:13.080,0.93608,0.93634,2.33,2.78
2012.06.26 10:01:13.749,0.93609,0.93635,2.33,2.78
2012.06.26 10:01:14.603,0.93608,0.93636,2.63,3.16
2012.06.26 10:01:15.252,0.93608,0.93636,2.63,3.16
2012.06.26 10:01:15.850,0.93607,0.93635,2.63,2.78
2012.06.26 10:01:16.202,0.9361,0.93636,2.33,3.16
2012.06.26 10:01:16.309,0.93607,0.93633,2.63,2.78
2012.06.26 10:01:16.633,0.93606,0.93634,2.63,2.78
2012.06.26 10:01:17.189,0.93605,0.93633,3.00,2.78
2012.06.26 10:01:20.542,0.93607,0.93633,2.63,2.78
2012.06.26 10:01:20.818,0.93605,0.93633,3.00,2.78
2012.06.26 10:01:20.882,0.93605,0.93633,3.00,2.78
2012.06.26 10:01:21.002,0.93605,0.93633,3.00,2.78
2012.06.26 10:01:21.810,0.93605,0.93633,2.70,2.78
2012.06.26 10:01:22.282,0.93604,0.93632,3.00,2.78
2012.06.26 10:01:22.535,0.93602,0.9363,3.00,2.78
2012.06.26 10:01:23.202,0.93603,0.93631,3.00,2.78
2012.06.26 10:01:23.765,0.93604,0.9363,3.00,2.78
2012.06.26 10:01:24.364,0.93606,0.93634,2.63,2.78
2012.06.26 10:01:24.554,0.936,0.93628,3.60,2.78
2012.06.26 10:01:24.683,0.936,0.93626,3.60,2.78
2012.06.26 10:01:24.872,0.936,0.93626,3.60,2.78
2012.06.26 10:01:25.393,0.936,0.93628,3.60,2.78
2012.06.26 10:01:25.752,0.936,0.93628,3.60,2.78
2012.06.26 10:01:26.192,0.936,0.93628,3.00,2.78
2012.06.26 10:01:26.313,0.93596,0.93624,4.13,2.78
2012.06.26 10:01:27.212,0.93596,0.93624,3.75,2.78
2012.06.26 10:01:28.072,0.93596,0.93624,3.75,2.78
2012.06.26 10:01:28.192,0.93596,0.93623,1.43,2.78
2012.06.26 10:01:28.673,0.93596,0.93622,3.75,2.78
2012.06.26 10:01:28.940,0.93597,0.93623,2.63,2.78
2012.06.26 10:01:29.623,0.93596,0.93622,3.75,2.78
2012.06.26 10:01:30.004,0.93596,0.93621,2.33,1.06
2012.06.26 10:01:30.213,0.93592,0.93616,1.43,2.78
2012.06.26 10:01:30.404,0.93592,0.93617,1.43,2.78
2012.06.26 10:01:30.716,0.93592,0.93618,3.75,2.78
2012.06.26 10:01:31.323,0.93594,0.9362,2.63,2.78
2012.06.26 10:01:32.543,0.93596,0.93621,1.05,2.78
2012.06.26 10:01:33.084,0.93596,0.93621,1.05,2.78
2012.06.26 10:01:33.434,0.93595,0.93621,3.08,2.78
2012.06.26 10:01:33.845,0.93594,0.93621,1.65,2.78
2012.06.26 10:01:33.925,0.93593,0.93621,3.23,2.78
2012.06.26 10:01:33.993,0.93593,0.93621,3.23,2.78
2012.06.26 10:01:34.813,0.93597,0.93623,3.38,2.78
2012.06.26 10:01:36.753,0.93597,0.93623,3.38,2.78
2012.06.26 10:01:36.815,0.93597,0.93623,3.38,2.78
2012.06.26 10:01:37.303,0.93597,0.93625,3.38,2.78
2012.06.26 10:01:37.514,0.93597,0.93625,3.38,2.78
2012.06.26 10:01:37.893,0.93597,0.93625,3.38,2.78
2012.06.26 10:01:38.313,0.93597,0.93625,3.38,2.78
2012.06.26 10:01:38.793,0.93597,0.93625,2.63,2.78
2012.06.26 10:01:39.102,0.93595,0.93621,3.00,2.78
2012.06.26 10:01:39.163,0.93595,0.93621,3.00,2.78
2012.06.26 10:01:39.780,0.93595,0.93621,3.00,2.78
2012.06.26 10:01:40.365,0.93595,0.93621,3.00,2.78
2012.06.26 10:01:40.712,0.93595,0.93621,3.00,2.78
2012.06.26 10:01:40.933,0.93595,0.93621,3.00,2.78
2012.06.26 10:01:41.038,0.93595,0.93621,3.00,2.78
2012.06.26 10:01:41.415,0.93592,0.9362,3.38,2.78
2012.06.26 10:01:41.686,0.93592,0.9362,3.08,2.78
2012.06.26 10:01:42.648,0.93592,0.9362,2.63,2.78
2012.06.26 10:01:43.177,0.93592,0.9362,2.33,2.78
2012.06.26 10:01:43.861,0.93591,0.93618,1.05,2.78
2012.06.26 10:01:44.763,0.93589,0.93618,3.23,2.78
2012.06.26 10:01:44.953,0.9359,0.93616,2.63,2.78
2012.06.26 10:01:45.073,0.93593,0.93619,2.63,3.16
2012.06.26 10:01:45.223,0.93593,0.93619,2.63,3.16
2012.06.26 10:01:45.545,0.93583,0.93611,3.00,2.78
2012.06.26 10:01:45.715,0.93583,0.93611,3.00,2.78
2012.06.26 10:01:46.353,0.93589,0.93615,2.63,3.16
2012.06.26 10:01:46.913,0.9359,0.93616,2.63,2.78
2012.06.26 10:01:47.233,0.93591,0.93617,2.63,2.78
2012.06.26 10:01:47.723,0.9359,0.93616,2.63,2.78
2012.06.26 10:01:48.363,0.9359,0.93617,2.63,2.78
2012.06.26 10:01:50.217,0.93591,0.93617,2.33,2.78
2012.06.26 10:01:50.504,0.93591,0.93617,3.23,2.78
2012.06.26 10:01:50.574,0.93591,0.93617,2.63,2.33
2012.06.26 10:01:50.703,0.93591,0.93617,2.63,2.78
2012.06.26 10:01:50.832,0.93587,0.93624,1.43,1.81
2012.06.26 10:01:51.295,0.93592,0.93626,1.43,1.43
2012.06.26 10:01:51.623,0.93593,0.93619,2.63,2.78
2012.06.26 10:01:51.743,0.93592,0.93618,3.75,2.78
2012.06.26 10:01:51.982,0.93592,0.93618,3.75,2.78
2012.06.26 10:01:52.043,0.93592,0.93618,3.75,2.78
2012.06.26 10:01:52.562,0.93592,0.93618,3.00,2.78
2012.06.26 10:01:52.815,0.93592,0.93618,3.00,2.78
2012.06.26 10:01:53.193,0.93592,0.93618,3.00,2.78
2012.06.26 10:01:54.194,0.93592,0.93618,2.63,2.78
2012.06.26 10:01:54.355,0.93592,0.93618,2.63,2.78
2012.06.26 10:01:54.802,0.93593,0.93619,2.63,2.78
2012.06.26 10:01:55.382,0.93592,0.93618,2.63,2.78
2012.06.26 10:01:55.913,0.9359,0.93618,3.00,2.78
2012.06.26 10:01:56.223,0.93589,0.93617,3.23,2.78
2012.06.26 10:01:56.724,0.93592,0.93617,1.05,2.78
2012.06.26 10:01:57.244,0.93592,0.93617,1.05,2.78
2012.06.26 10:01:57.456,0.93592,0.93617,1.05,2.33
2012.06.26 10:01:58.013,0.93595,0.93621,2.63,3.16
2012.06.26 10:01:58.116,0.93595,0.93621,2.33,3.16
2012.06.26 10:01:58.363,0.93587,0.93613,1.43,2.78
2012.06.26 10:01:58.483,0.93591,0.93613,1.05,2.33
2012.06.26 10:01:58.603,0.93591,0.93617,1.05,2.78
2012.06.26 10:02:00.103,0.9359,0.93617,2.63,2.78
2012.06.26 10:02:00.343,0.93587,0.93615,2.63,2.78
2012.06.26 10:02:00.419,0.93589,0.93615,1.05,2.78
2012.06.26 10:02:00.483,0.93591,0.93615,1.05,2.33
2012.06.26 10:02:00.758,0.93598,0.93622,2.33,1.21
2012.06.26 10:02:01.353,0.93598,0.93624,2.33,2.78
2012.06.26 10:02:02.020,0.93598,0.93624,2.33,2.78
2012.06.26 10:02:03.165,0.93598,0.93624,2.63,2.78
2012.06.26 10:02:03.673,0.93601,0.93627,2.63,3.16
2012.06.26 10:02:05.174,0.93601,0.93627,3.38,2.78
2012.06.26 10:02:05.442,0.93601,0.93627,2.63,2.78
2012.06.26 10:02:06.184,0.93604,0.9363,2.63,2.78
2012.06.26 10:02:06.274,0.93604,0.9363,2.63,2.78
2012.06.26 10:02:06.386,0.93604,0.9363,2.63,2.78
2012.06.26 10:02:07.104,0.93601,0.93629,3.60,2.78
2012.06.26 10:02:07.534,0.936,0.93628,3.00,2.78
2012.06.26 10:02:07.725,0.93599,0.93627,3.60,2.78
2012.06.26 10:02:09.163,0.93603,0.93631,2.63,3.16
2012.06.26 10:02:09.630,0.93601,0.93629,2.63,3.16
2012.06.26 10:02:09.964,0.93601,0.93629,2.63,2.78
2012.06.26 10:02:10.363,0.93601,0.93629,2.63,2.78
2012.06.26 10:02:12.376,0.93601,0.93629,2.63,2.78
2012.06.26 10:02:12.853,0.93601,0.93629,2.63,2.78
2012.06.26 10:02:13.043,0.93599,0.93627,3.60,2.78
2012.06.26 10:02:13.695,0.93599,0.93627,3.60,2.78
2012.06.26 10:02:15.129,0.93599,0.93627,2.63,2.78
2012.06.26 10:02:16.633,0.93599,0.93627,3.00,2.78
2012.06.26 10:02:16.907,0.93599,0.93627,3.00,2.78
2012.06.26 10:02:17.034,0.93598,0.93625,1.65,2.33
2012.06.26 10:02:17.163,0.93602,0.93628,3.00,2.78
2012.06.26 10:02:17.228,0.93602,0.93628,3.00,2.78
2012.06.26 10:02:17.473,0.93606,0.93634,2.63,3.16
2012.06.26 10:02:17.892,0.93607,0.93633,2.33,3.16
2012.06.26 10:02:17.954,0.93602,0.93628,2.63,2.78
2012.06.26 10:02:18.624,0.93599,0.93627,3.00,2.78
2012.06.26 10:02:20.478,0.93599,0.93627,2.63,2.78
2012.06.26 10:02:20.703,0.93599,0.93627,3.38,2.33
2012.06.26 10:02:21.029,0.93604,0.9363,3.00,1.06
2012.06.26 10:02:21.213,0.93601,0.93629,3.00,2.78
2012.06.26 10:02:22.904,0.936,0.93628,3.00,2.78
2012.06.26 10:02:22.974,0.936,0.93628,3.00,2.78
2012.06.26 10:02:23.534,0.93599,0.93623,1.28,2.33
2012.06.26 10:02:23.594,0.93596,0.93623,1.05,2.78
2012.06.26 10:02:23.987,0.93595,0.93621,3.00,2.78
2012.06.26 10:02:24.375,0.93593,0.9362,1.28,2.78
2012.06.26 10:02:24.676,0.93592,0.93618,3.00,2.78
2012.06.26 10:02:24.744,0.93587,0.93613,1.28,2.78
2012.06.26 10:02:24.804,0.93587,0.93613,1.28,2.78
2012.06.26 10:02:25.147,0.93585,0.93613,3.00,2.78
2012.06.26 10:02:25.475,0.93583,0.93606,1.05,2.78
2012.06.26 10:02:25.783,0.93586,0.93607,1.28,2.33
2012.06.26 10:02:25.903,0.93582,0.93616,1.05,1.43
2012.06.26 10:02:25.963,0.93582,0.93616,1.05,1.43
2012.06.26 10:02:26.311,0.93583,0.93609,2.63,2.78
2012.06.26 10:02:26.554,0.93586,0.93614,2.63,3.16
2012.06.26 10:02:26.885,0.93586,0.93614,2.63,3.16
2012.06.26 10:02:27.223,0.93586,0.93612,3.00,2.78
2012.06.26 10:02:28.590,0.93585,0.93612,1.28,2.78
2012.06.26 10:02:28.813,0.93585,0.93612,1.28,2.78
2012.06.26 10:02:29.029,0.93585,0.93612,1.28,2.78
2012.06.26 10:02:30.584,0.93587,0.93615,3.00,2.78
2012.06.26 10:02:31.085,0.9359,0.93616,2.63,2.78
2012.06.26 10:02:31.619,0.93591,0.93619,3.38,2.78
2012.06.26 10:02:32.052,0.93589,0.93617,2.63,2.78
2012.06.26 10:02:32.543,0.9359,0.93618,2.63,2.78
2012.06.26 10:02:32.722,0.9359,0.93618,2.63,2.78
2012.06.26 10:02:33.378,0.9359,0.93618,2.63,2.78
2012.06.26 10:02:33.595,0.9359,0.93618,3.00,2.78
2012.06.26 10:02:34.400,0.93591,0.93617,2.63,2.78
2012.06.26 10:02:34.589,0.93591,0.93617,2.63,2.78
2012.06.26 10:02:34.805,0.93591,0.93617,2.63,2.78
2012.06.26 10:02:35.313,0.93588,0.93614,3.00,2.78
2012.06.26 10:02:35.713,0.93587,0.93613,3.75,2.33
2012.06.26 10:02:36.392,0.9359,0.93616,2.63,2.78
2012.06.26 10:02:37.454,0.93591,0.93618,1.05,2.78
2012.06.26 10:02:38.184,0.93595,0.93621,2.63,2.78
2012.06.26 10:02:38.721,0.93595,0.93619,1.05,2.78
2012.06.26 10:02:39.125,0.93592,0.93618,3.75,2.78
2012.06.26 10:02:39.713,0.93595,0.93618,1.05,2.78
2012.06.26 10:02:39.954,0.93592,0.93618,1.05,2.78
2012.06.26 10:02:40.581,0.93595,0.93621,2.63,3.16
2012.06.26 10:02:41.642,0.93595,0.93621,3.00,2.78
2012.06.26 10:02:42.149,0.93595,0.93621,3.00,2.78
2012.06.26 10:02:42.576,0.93596,0.93622,2.63,2.78
2012.06.26 10:02:43.023,0.93596,0.93622,2.63,2.78
2012.06.26 10:02:43.273,0.93594,0.93622,2.63,2.78
2012.06.26 10:02:44.117,0.93591,0.93617,3.23,2.78
2012.06.26 10:02:44.337,0.93591,0.93617,3.23,2.78
2012.06.26 10:02:44.967,0.93592,0.93618,2.63,2.78
2012.06.26 10:02:46.183,0.93592,0.93618,3.23,2.78
2012.06.26 10:02:46.713,0.93592,0.93618,3.23,2.78
2012.06.26 10:02:46.853,0.93592,0.93618,3.23,2.78
2012.06.26 10:02:47.586,0.93591,0.93617,3.23,2.78
2012.06.26 10:02:48.355,0.93591,0.93617,3.23,2.78
2012.06.26 10:02:48.693,0.93591,0.93617,3.23,2.78
2012.06.26 10:02:49.240,0.93591,0.93617,3.23,2.78
2012.06.26 10:02:50.146,0.9359,0.93618,3.23,2.78
2012.06.26 10:02:50.653,0.93588,0.93616,3.00,2.78
2012.06.26 10:02:51.355,0.93593,0.93619,2.33,2.78
2012.06.26 10:02:51.705,0.93593,0.93621,2.63,3.16
2012.06.26 10:02:52.013,0.93598,0.93624,2.33,3.76
2012.06.26 10:02:52.154,0.93591,0.93619,3.23,2.78
2012.06.26 10:02:52.284,0.93592,0.93619,1.28,2.78
2012.06.26 10:02:52.774,0.93589,0.93614,1.05,2.78
2012.06.26 10:02:52.845,0.93589,0.93614,1.05,2.78
2012.06.26 10:02:53.547,0.93586,0.93614,2.63,2.78
2012.06.26 10:02:54.734,0.93586,0.93614,3.00,2.78
2012.06.26 10:02:54.944,0.93591,0.93619,2.33,2.78
2012.06.26 10:02:55.064,0.93586,0.93614,3.00,2.78
2012.06.26 10:02:55.135,0.93586,0.93614,3.00,2.78
2012.06.26 10:02:56.043,0.93585,0.93613,2.63,2.78
2012.06.26 10:02:56.237,0.93585,0.93613,2.63,2.78
2012.06.26 10:03:05.356,0.93587,0.93615,2.63,2.78
2012.06.26 10:03:09.782,0.93587,0.93615,3.38,2.78
2012.06.26 10:03:09.844,0.93593,0.93619,2.33,3.16
2012.06.26 10:03:09.903,0.93593,0.93619,2.63,3.16
2012.06.26 10:03:10.022,0.93587,0.93615,2.63,2.78
2012.06.26 10:03:10.575,0.93587,0.93615,2.63,2.78
2012.06.26 10:03:11.241,0.93587,0.93615,2.63,2.78
2012.06.26 10:03:12.643,0.93587,0.93615,3.00,2.78
2012.06.26 10:03:13.215,0.93587,0.93615,3.00,2.78
2012.06.26 10:03:13.927,0.93587,0.93615,3.00,2.78
2012.06.26 10:03:14.600,0.93589,0.93615,2.63,2.78
2012.06.26 10:03:15.103,0.93589,0.93615,2.63,2.78
2012.06.26 10:03:15.663,0.93589,0.93615,2.63,2.78
2012.06.26 10:03:16.625,0.93589,0.93615,2.63,2.78
2012.06.26 10:03:16.753,0.93589,0.93615,2.63,2.78
2012.06.26 10:03:16.844,0.93589,0.93615,2.63,2.78
2012.06.26 10:03:20.375,0.93587,0.93615,3.00,2.78
2012.06.26 10:03:20.837,0.93587,0.93615,3.00,2.78
2012.06.26 10:03:21.357,0.93592,0.93615,1.28,2.33
2012.06.26 10:03:21.614,0.93595,0.93623,2.63,2.78
2012.06.26 10:03:25.323,0.93599,0.93627,2.33,3.16
2012.06.26 10:03:28.305,0.936,0.93626,2.70,2.78
2012.06.26 10:03:28.494,0.936,0.93626,2.70,2.33
2012.06.26 10:03:28.553,0.936,0.93628,2.70,2.33
2012.06.26 10:03:29.060,0.93601,0.93629,2.70,2.78
2012.06.26 10:03:30.476,0.93601,0.93629,2.33,2.78
2012.06.26 10:03:30.743,0.93601,0.93629,2.33,2.78
2012.06.26 10:03:31.410,0.936,0.93626,2.70,2.33
2012.06.26 10:03:33.883,0.936,0.93626,2.33,2.78
2012.06.26 10:03:35.172,0.936,0.93626,2.33,2.78
2012.06.26 10:03:35.780,0.93599,0.93625,2.33,2.33
2012.06.26 10:03:36.666,0.93599,0.93625,2.70,2.33
2012.06.26 10:03:36.925,0.93601,0.93627,2.70,2.33
2012.06.26 10:03:42.934,0.93604,0.93632,2.33,3.16
2012.06.26 10:03:43.403,0.93604,0.93632,2.33,3.16
2012.06.26 10:03:43.972,0.93603,0.93629,2.70,2.33
2012.06.26 10:03:44.617,0.93602,0.93628,3.00,2.33
2012.06.26 10:03:45.434,0.93602,0.9363,3.00,2.78
2012.06.26 10:03:45.563,0.93602,0.93628,3.00,2.33
2012.06.26 10:03:46.723,0.93602,0.93628,3.00,2.33
2012.06.26 10:03:46.844,0.93602,0.9363,3.00,2.78
2012.06.26 10:03:47.056,0.93602,0.93628,3.00,2.33
2012.06.26 10:03:47.412,0.93603,0.93631,2.33,2.78
2012.06.26 10:03:47.694,0.93603,0.93631,2.70,2.78
2012.06.26 10:03:47.753,0.93607,0.93635,2.33,2.78
2012.06.26 10:03:47.935,0.93603,0.93631,3.00,2.33
2012.06.26 10:03:48.247,0.93603,0.93631,2.70,2.78
2012.06.26 10:03:50.942,0.93603,0.93631,2.33,2.78
2012.06.26 10:03:51.484,0.93601,0.93627,3.00,2.33
2012.06.26 10:03:52.475,0.93603,0.93629,2.33,2.78
2012.06.26 10:03:52.894,0.93599,0.93627,3.00,2.33
2012.06.26 10:03:53.244,0.93599,0.93625,2.70,2.33
2012.06.26 10:03:53.363,0.93607,0.93635,2.33,3.16
2012.06.26 10:03:56.883,0.93607,0.93633,2.70,2.78
2012.06.26 10:03:57.978,0.93606,0.93634,2.33,2.78
2012.06.26 10:03:58.387,0.93608,0.93634,2.33,2.78
2012.06.26 10:03:58.515,0.93604,0.9363,2.70,2.33
2012.06.26 10:03:59.390,0.93604,0.9363,2.33,2.33
2012.06.26 10:04:00.156,0.93605,0.93631,2.33,3.16
2012.06.26 10:04:00.289,0.93607,0.93633,2.33,3.16
2012.06.26 10:04:00.593,0.93608,0.93634,2.33,3.38
2012.06.26 10:04:01.936,0.93606,0.93634,2.70,2.78
2012.06.26 10:04:02.596,0.93606,0.93632,2.70,2.33
2012.06.26 10:04:03.316,0.93606,0.93632,2.33,2.78
2012.06.26 10:04:04.773,0.93604,0.93632,2.70,2.78
2012.06.26 10:04:07.793,0.93609,0.93633,2.33,1.06
2012.06.26 10:04:08.430,0.93609,0.93635,2.33,1.43
2012.06.26 10:04:09.311,0.93609,0.93633,2.33,1.06
2012.06.26 10:04:09.385,0.93606,0.93632,2.33,2.78
2012.06.26 10:04:10.057,0.93609,0.93637,2.33,3.16
2012.06.26 10:04:10.214,0.93609,0.93634,2.33,1.06
2012.06.26 10:04:10.334,0.936,0.93628,2.70,2.78
2012.06.26 10:04:12.704,0.936,0.93627,2.33,1.06
2012.06.26 10:04:12.764,0.936,0.93624,2.33,1.06
2012.06.26 10:04:12.834,0.93591,0.93619,3.83,2.78
2012.06.26 10:04:13.074,0.93596,0.93622,1.13,2.78
2012.06.26 10:04:13.458,0.93596,0.93622,1.13,2.78
2012.06.26 10:04:13.544,0.93596,0.93622,1.13,2.78
2012.06.26 10:04:14.056,0.93594,0.93622,2.33,2.78
2012.06.26 10:04:14.193,0.93594,0.93622,3.08,2.78
2012.06.26 10:04:14.554,0.93594,0.9362,2.33,2.78
2012.06.26 10:04:14.623,0.93594,0.93622,2.33,2.78
2012.06.26 10:04:14.916,0.93594,0.93622,2.33,2.78
2012.06.26 10:04:15.685,0.93594,0.93622,2.33,2.78
2012.06.26 10:04:15.955,0.93594,0.93622,2.63,2.78
2012.06.26 10:04:16.024,0.936,0.93626,2.33,3.16
2012.06.26 10:04:16.725,0.936,0.93626,2.33,2.78
2012.06.26 10:04:17.935,0.93602,0.9363,2.33,2.78
2012.06.26 10:04:20.194,0.93602,0.9363,2.33,2.78
2012.06.26 10:04:20.325,0.93597,0.93625,3.45,2.78
2012.06.26 10:04:20.466,0.93597,0.93623,2.33,1.21
2012.06.26 10:04:20.535,0.93589,0.93615,3.08,2.78
2012.06.26 10:04:20.784,0.93586,0.93612,3.45,2.78
2012.06.26 10:04:21.444,0.93584,0.93612,2.70,2.78
2012.06.26 10:04:21.993,0.93583,0.93609,3.08,2.78
2012.06.26 10:04:23.224,0.93583,0.93609,2.33,2.33
2012.06.26 10:04:23.284,0.93587,0.93615,2.33,3.76
2012.06.26 10:04:23.603,0.93591,0.93619,2.33,3.16
2012.06.26 10:04:23.722,0.93591,0.93619,2.70,2.78
2012.06.26 10:04:23.844,0.93596,0.93624,2.33,2.78
2012.06.26 10:04:25.263,0.93596,0.93624,2.33,2.78
2012.06.26 10:04:27.473,0.93594,0.93622,2.33,2.78
2012.06.26 10:04:30.314,0.93591,0.93617,2.33,2.33
2012.06.26 10:04:31.303,0.93591,0.93617,2.33,3.16
2012.06.26 10:04:31.364,0.93586,0.93613,1.13,2.78
2012.06.26 10:04:31.434,0.93582,0.93609,1.73,2.33
2012.06.26 10:04:31.793,0.93577,0.93603,3.68,2.33
2012.06.26 10:04:33.693,0.93582,0.93603,1.13,2.33
2012.06.26 10:04:33.813,0.93582,0.93609,1.13,2.78
2012.06.26 10:04:34.649,0.93582,0.93609,1.13,2.78
2012.06.26 10:04:40.410,0.93584,0.9361,2.33,2.78
2012.06.26 10:04:40.915,0.93587,0.93615,2.33,3.16
2012.06.26 10:04:42.653,0.93588,0.93616,2.33,2.78
2012.06.26 10:04:43.124,0.93584,0.93612,2.70,2.78
2012.06.26 10:04:43.553,0.93585,0.93611,2.70,2.78
2012.06.26 10:04:43.665,0.93585,0.93611,2.70,2.78
2012.06.26 10:04:43.793,0.93576,0.93602,3.08,2.33
2012.06.26 10:04:43.913,0.93576,0.93602,3.08,2.78
2012.06.26 10:04:44.232,0.93571,0.93598,1.73,2.33
2012.06.26 10:04:44.823,0.93575,0.93603,2.33,2.78
2012.06.26 10:04:47.045,0.93575,0.93603,2.33,2.33
2012.06.26 10:04:48.123,0.93572,0.93598,1.13,2.33
2012.06.26 10:04:50.457,0.9357,0.93598,3.08,2.33
2012.06.26 10:04:52.906,0.9357,0.93598,3.08,2.33
2012.06.26 10:04:53.894,0.93571,0.93598,1.43,2.33
2012.06.26 10:04:54.416,0.93575,0.93603,2.33,3.16
2012.06.26 10:04:54.724,0.93579,0.93605,2.33,3.16
2012.06.26 10:04:55.324,0.93579,0.93605,2.33,2.33
2012.06.26 10:04:55.394,0.93577,0.93605,2.70,2.33
2012.06.26 10:04:55.608,0.93574,0.936,2.70,2.33
2012.06.26 10:04:56.120,0.93575,0.93601,2.70,2.33
2012.06.26 10:04:56.876,0.93575,0.93601,2.70,2.33
2012.06.26 10:04:57.479,0.93576,0.93602,2.33,2.33
2012.06.26 10:04:58.016,0.93577,0.93603,2.33,2.78
2012.06.26 10:04:58.525,0.93581,0.93607,2.33,2.78
2012.06.26 10:04:59.285,0.93582,0.9361,2.33,3.16
2012.06.26 10:04:59.414,0.9358,0.93606,2.33,2.78
2012.06.26 10:05:00.044,0.9358,0.93606,2.33,2.78
2012.06.26 10:05:00.173,0.93578,0.93604,3.30,2.33
2012.06.26 10:05:01.273,0.93577,0.93603,3.45,2.33
2012.06.26 10:05:01.613,0.93577,0.93603,3.08,2.33
2012.06.26 10:05:01.674,0.93578,0.93606,2.33,2.78
2012.06.26 10:05:01.804,0.93574,0.936,3.00,2.33
2012.06.26 10:05:02.214,0.93578,0.93606,2.33,2.78
2012.06.26 10:05:02.343,0.93573,0.93601,2.70,2.33
2012.06.26 10:05:02.437,0.93579,0.93605,2.33,2.78
2012.06.26 10:05:02.976,0.93578,0.93604,2.33,2.78
2012.06.26 10:05:04.336,0.93578,0.93604,2.33,2.78
2012.06.26 10:05:05.164,0.93578,0.93604,2.33,2.78
2012.06.26 10:05:05.629,0.93574,0.936,2.33,2.78
2012.06.26 10:05:06.144,0.93575,0.93601,2.33,2.78
2012.06.26 10:05:06.901,0.93575,0.93601,2.33,2.78
2012.06.26 10:05:07.234,0.93568,0.93589,1.35,2.33
2012.06.26 10:05:07.514,0.93562,0.93588,1.05,2.33
2012.06.26 10:05:07.943,0.93561,0.93588,2.03,2.33
2012.06.26 10:05:08.186,0.93562,0.93588,1.05,2.33
2012.06.26 10:05:09.994,0.93562,0.93588,1.43,2.33
2012.06.26 10:05:10.609,0.93563,0.93589,2.70,2.33
2012.06.26 10:05:14.244,0.93565,0.93593,2.33,2.78
2012.06.26 10:05:18.202,0.93563,0.93589,1.13,2.33
2012.06.26 10:05:18.275,0.93562,0.93589,1.43,2.33
2012.06.26 10:05:19.303,0.93562,0.93589,1.43,2.33
2012.06.26 10:05:21.713,0.93558,0.93586,3.60,2.33
2012.06.26 10:05:22.814,0.93556,0.93583,1.43,2.78
2012.06.26 10:05:23.518,0.93555,0.93578,1.35,2.33
2012.06.26 10:05:24.170,0.93555,0.93578,1.35,2.33
2012.06.26 10:05:26.296,0.93555,0.9358,1.35,2.78
2012.06.26 10:05:27.083,0.93558,0.93584,2.33,2.78
2012.06.26 10:05:27.273,0.93559,0.93585,2.33,3.16
2012.06.26 10:05:37.077,0.93559,0.93585,2.70,2.78
2012.06.26 10:05:37.262,0.9356,0.93585,1.28,2.33
2012.06.26 10:05:37.384,0.93562,0.9359,2.33,2.78
2012.06.26 10:05:37.444,0.9356,0.93585,1.28,2.33
2012.06.26 10:05:38.012,0.93559,0.93585,2.70,2.33
2012.06.26 10:05:38.175,0.93557,0.93584,1.05,2.33
2012.06.26 10:05:38.855,0.93557,0.93585,2.63,2.33
2012.06.26 10:05:41.163,0.93558,0.93585,1.43,2.33
2012.06.26 10:05:41.433,0.93559,0.93585,2.33,2.33
2012.06.26 10:05:42.037,0.93557,0.93585,3.00,2.33
2012.06.26 10:05:42.225,0.93562,0.93589,2.33,2.78
2012.06.26 10:05:42.534,0.93557,0.93585,3.00,2.33
2012.06.26 10:05:42.603,0.93557,0.93585,3.00,2.33
2012.06.26 10:05:43.143,0.93557,0.93584,1.05,2.33
2012.06.26 10:05:44.585,0.9356,0.93586,2.33,2.78
2012.06.26 10:05:45.110,0.93559,0.93585,2.63,2.33
2012.06.26 10:05:49.344,0.93556,0.93584,3.00,2.33
2012.06.26 10:05:49.407,0.93556,0.93584,3.00,2.33
2012.06.26 10:05:49.905,0.93556,0.93583,1.43,2.33
2012.06.26 10:05:49.974,0.93559,0.93585,3.38,2.33
2012.06.26 10:05:50.035,0.93565,0.93591,3.08,3.16
2012.06.26 10:05:50.223,0.93565,0.93591,3.08,3.16
2012.06.26 10:05:50.344,0.93565,0.93591,3.08,2.33
2012.06.26 10:05:52.286,0.93565,0.93591,3.08,2.33
2012.06.26 10:05:52.424,0.93565,0.93591,2.33,2.33
2012.06.26 10:05:52.603,0.93562,0.93587,1.13,2.33
2012.06.26 10:05:53.302,0.93558,0.93586,3.60,2.33
2012.06.26 10:05:53.764,0.93558,0.93586,3.23,2.33
2012.06.26 10:05:54.369,0.93557,0.93585,4.35,2.33
2012.06.26 10:05:55.825,0.93559,0.93585,2.33,3.38
2012.06.26 10:05:56.064,0.93559,0.93585,2.63,2.33
2012.06.26 10:05:56.123,0.93562,0.93588,2.33,2.33
2012.06.26 10:05:56.326,0.93556,0.93584,4.35,2.33
2012.06.26 10:05:56.793,0.93561,0.93587,2.33,3.16
2012.06.26 10:05:57.154,0.93563,0.93589,2.33,1.43
2012.06.26 10:05:57.653,0.93561,0.93589,2.33,3.76
2012.06.26 10:05:59.224,0.93561,0.93587,2.63,2.33
2012.06.26 10:05:59.294,0.93564,0.93592,2.33,3.16
2012.06.26 10:05:59.474,0.93562,0.9359,3.08,2.78
2012.06.26 10:05:59.714,0.93562,0.9359,2.33,2.78
2012.06.26 10:06:00.402,0.93561,0.9359,2.33,2.78
2012.06.26 10:06:02.823,0.93563,0.93589,2.33,2.78
2012.06.26 10:06:03.340,0.93563,0.93589,2.63,2.33
2012.06.26 10:06:03.403,0.93567,0.93593,2.33,3.16
2012.06.26 10:06:03.733,0.93569,0.93595,2.33,2.78
2012.06.26 10:06:04.073,0.93554,0.93579,1.13,2.33
2012.06.26 10:06:04.194,0.93553,0.93579,2.70,2.33
2012.06.26 10:06:04.724,0.93554,0.9358,2.70,2.78
2012.06.26 10:06:05.055,0.93554,0.9358,2.33,3.16
2012.06.26 10:06:05.135,0.93549,0.93575,2.63,2.33
2012.06.26 10:06:05.203,0.9355,0.93575,1.05,2.33
2012.06.26 10:06:05.263,0.93554,0.9358,2.33,3.76
2012.06.26 10:06:05.433,0.93554,0.9358,2.33,3.76
2012.06.26 10:06:05.557,0.93549,0.93575,2.33,2.78
2012.06.26 10:06:05.734,0.93549,0.93575,3.08,2.78
2012.06.26 10:06:05.795,0.9355,0.93576,2.33,2.78
2012.06.26 10:06:06.324,0.93551,0.93577,3.08,2.33
2012.06.26 10:06:06.854,0.93552,0.93578,2.63,2.33
2012.06.26 10:06:07.444,0.93552,0.93578,2.33,2.78
2012.06.26 10:06:07.574,0.93554,0.9358,2.33,2.78
2012.06.26 10:06:08.096,0.93553,0.93579,2.33,2.33
2012.06.26 10:06:08.660,0.93553,0.93581,2.33,2.78
2012.06.26 10:06:09.322,0.93552,0.9358,2.33,2.78
2012.06.26 10:06:12.344,0.93552,0.93578,2.33,2.33
2012.06.26 10:06:13.118,0.93554,0.93582,2.33,3.16
2012.06.26 10:06:14.754,0.93554,0.93582,2.33,2.78
2012.06.26 10:06:15.794,0.93559,0.93585,2.33,3.16
2012.06.26 10:06:15.913,0.93557,0.93585,2.33,3.16
2012.06.26 10:06:16.450,0.93558,0.93586,2.33,3.16
2012.06.26 10:06:20.963,0.93561,0.93587,2.33,2.78
2012.06.26 10:06:21.145,0.93558,0.93584,2.70,2.33
2012.06.26 10:06:21.651,0.93558,0.93586,2.70,2.78
2012.06.26 10:06:22.843,0.93558,0.93584,2.33,2.33
2012.06.26 10:06:23.074,0.9356,0.93588,2.93,3.16
2012.06.26 10:06:23.133,0.9356,0.93588,2.93,2.70
2012.06.26 10:06:23.253,0.93559,0.93585,3.23,2.33
2012.06.26 10:06:25.263,0.9356,0.93585,1.28,2.33
2012.06.26 10:06:25.383,0.93561,0.93587,2.63,2.33
2012.06.26 10:06:27.023,0.93559,0.93587,3.60,2.78
2012.06.26 10:06:27.750,0.93558,0.93586,3.60,2.33
2012.06.26 10:06:28.306,0.93558,0.93586,3.00,2.33
2012.06.26 10:06:28.871,0.93558,0.93586,2.70,2.78
2012.06.26 10:06:31.854,0.93563,0.93591,2.33,3.16
2012.06.26 10:06:32.397,0.93562,0.93588,2.63,2.33
2012.06.26 10:06:33.150,0.93562,0.93588,2.33,2.78
2012.06.26 10:06:33.884,0.93563,0.93588,2.10,2.78
2012.06.26 10:06:34.174,0.93564,0.93592,3.23,2.78
2012.06.26 10:06:35.266,0.93564,0.93592,3.23,2.33
2012.06.26 10:06:35.615,0.93564,0.93592,3.00,2.33
2012.06.26 10:06:35.674,0.93563,0.93589,3.60,2.33
2012.06.26 10:06:36.260,0.9356,0.93588,3.60,2.33
2012.06.26 10:06:36.803,0.93561,0.93588,1.65,2.33
2012.06.26 10:06:36.923,0.93566,0.93592,2.33,2.33
2012.06.26 10:06:37.728,0.93566,0.93592,2.63,2.33
2012.06.26 10:06:37.806,0.93572,0.936,2.33,3.16
2012.06.26 10:06:37.875,0.93572,0.936,2.33,3.16
2012.06.26 10:06:37.945,0.93574,0.936,2.33,3.16
2012.06.26 10:06:38.473,0.93575,0.93601,2.33,3.16
2012.06.26 10:06:39.030,0.93575,0.93603,2.33,3.16
2012.06.26 10:06:39.334,0.93577,0.93603,2.33,2.70
2012.06.26 10:06:39.622,0.93577,0.93605,2.33,2.78
2012.06.26 10:06:39.737,0.93577,0.93603,2.33,2.33
2012.06.26 10:06:40.203,0.93577,0.93605,2.33,2.78
2012.06.26 10:06:41.402,0.93576,0.93604,2.70,2.33
2012.06.26 10:06:42.325,0.93574,0.93602,3.30,2.78
2012.06.26 10:06:42.940,0.93574,0.93602,3.30,2.78
2012.06.26 10:06:46.044,0.93574,0.93602,2.70,2.78
2012.06.26 10:06:46.775,0.93576,0.93604,2.70,2.78
2012.06.26 10:06:47.656,0.93576,0.93602,2.70,2.33
2012.06.26 10:06:50.933,0.93576,0.93602,2.33,2.33
2012.06.26 10:06:51.640,0.93574,0.93602,3.00,2.33
2012.06.26 10:06:52.825,0.93575,0.93603,3.00,2.78
2012.06.26 10:06:53.330,0.93575,0.93603,3.00,2.33
2012.06.26 10:06:53.923,0.93577,0.93603,2.33,2.33
2012.06.26 10:06:55.474,0.93582,0.93603,1.73,2.33
2012.06.26 10:06:55.593,0.93589,0.93617,2.33,3.16
2012.06.26 10:06:55.714,0.93589,0.93617,2.33,3.16
2012.06.26 10:06:55.953,0.93583,0.93608,1.28,2.33
2012.06.26 10:06:56.013,0.93586,0.93614,3.00,2.33
2012.06.26 10:06:56.215,0.93584,0.93609,1.28,2.33
2012.06.26 10:06:57.030,0.93584,0.93609,1.28,2.33
2012.06.26 10:06:59.645,0.93581,0.93609,3.60,2.33
2012.06.26 10:06:59.990,0.93581,0.93613,1.28,1.21
2012.06.26 10:07:00.773,0.93579,0.93615,1.28,1.43
2012.06.26 10:07:01.685,0.93579,0.93617,1.28,1.21
2012.06.26 10:07:02.798,0.93581,0.93618,1.28,1.58
2012.06.26 10:07:03.897,0.93581,0.93617,1.28,1.21
2012.06.26 10:07:04.257,0.93577,0.93613,1.43,1.43
2012.06.26 10:07:04.906,0.93577,0.93613,1.43,1.43
2012.06.26 10:07:05.028,0.93577,0.93613,1.13,1.43
2012.06.26 10:07:05.343,0.93574,0.93599,1.05,2.33
2012.06.26 10:07:05.946,0.93573,0.93599,3.00,2.33
2012.06.26 10:07:06.461,0.93574,0.936,3.00,2.33
2012.06.26 10:07:07.038,0.93574,0.93599,1.28,2.33
2012.06.26 10:07:09.096,0.93574,0.936,1.28,2.33
2012.06.26 10:07:10.923,0.93574,0.93599,1.28,2.33
2012.06.26 10:07:11.674,0.93571,0.93597,4.35,2.33
2012.06.26 10:07:12.135,0.93574,0.93602,2.33,2.78
2012.06.26 10:07:12.206,0.93569,0.93597,3.00,2.33
2012.06.26 10:07:12.801,0.93571,0.93595,1.13,2.33
2012.06.26 10:07:13.348,0.93569,0.93595,3.00,2.33
2012.06.26 10:07:13.723,0.93569,0.93595,3.00,2.33
2012.06.26 10:07:15.448,0.93569,0.93595,3.75,2.33
2012.06.26 10:07:16.172,0.93569,0.93595,3.75,2.33
2012.06.26 10:07:17.704,0.9357,0.93596,3.08,2.33
2012.06.26 10:07:18.447,0.93569,0.93595,3.75,2.33
2012.06.26 10:07:18.983,0.93569,0.93595,3.75,2.33
2012.06.26 10:07:19.974,0.93569,0.93595,3.75,2.33
2012.06.26 10:07:20.096,0.93569,0.93597,3.75,2.33
2012.06.26 10:07:20.435,0.93569,0.93597,3.00,2.33
2012.06.26 10:07:20.745,0.93569,0.93597,3.00,2.33
2012.06.26 10:07:21.250,0.93569,0.93597,3.00,2.33
2012.06.26 10:07:25.273,0.93569,0.93597,3.00,2.33
2012.06.26 10:07:26.172,0.9357,0.93597,1.35,2.33
2012.06.26 10:07:26.425,0.93566,0.93594,3.98,2.33
2012.06.26 10:07:26.554,0.93566,0.93592,3.98,2.33
2012.06.26 10:07:26.893,0.93566,0.93589,1.65,2.33
2012.06.26 10:07:27.158,0.93565,0.93592,1.13,2.33
2012.06.26 10:07:27.830,0.93566,0.93592,1.05,2.33
2012.06.26 10:07:30.087,0.93566,0.9359,1.05,2.33
2012.06.26 10:07:32.084,0.93566,0.93591,1.05,2.33
2012.06.26 10:07:33.984,0.93567,0.93593,3.38,2.33
2012.06.26 10:07:34.580,0.93567,0.93594,1.05,1.06
2012.06.26 10:07:34.643,0.93567,0.93594,1.05,1.06
2012.06.26 10:07:35.144,0.93566,0.93594,1.05,1.06
2012.06.26 10:07:35.385,0.93566,0.93595,1.05,1.06
2012.06.26 10:07:36.100,0.93566,0.93593,1.05,2.33
2012.06.26 10:07:37.597,0.93566,0.93593,1.05,2.33
2012.06.26 10:07:37.843,0.93566,0.93591,1.05,2.33
2012.06.26 10:07:43.744,0.93566,0.93591,1.05,2.33
2012.06.26 10:07:45.613,0.93565,0.93591,3.45,2.33
2012.06.26 10:07:47.374,0.93565,0.93591,3.45,2.33
2012.06.26 10:07:48.346,0.93566,0.93592,3.08,2.33
2012.06.26 10:07:49.284,0.93562,0.93588,3.60,2.33
2012.06.26 10:07:49.674,0.93562,0.93588,3.23,2.33
2012.06.26 10:07:50.926,0.93562,0.93588,2.33,2.78
2012.06.26 10:07:51.369,0.9356,0.93584,1.13,2.33
2012.06.26 10:07:57.264,0.93558,0.93584,1.05,2.33
2012.06.26 10:07:57.656,0.93557,0.93584,1.05,2.33
2012.06.26 10:07:57.724,0.93557,0.93584,1.65,2.33
2012.06.26 10:07:57.806,0.93561,0.93589,2.63,2.70
2012.06.26 10:07:58.405,0.93561,0.93589,2.63,3.30
2012.06.26 10:07:58.597,0.93554,0.93582,3.00,2.33
2012.06.26 10:07:58.663,0.93552,0.93578,3.75,2.33
2012.06.26 10:07:58.784,0.93556,0.93582,2.63,2.33
2012.06.26 10:07:59.493,0.93557,0.93583,1.05,2.33
2012.06.26 10:07:59.638,0.93559,0.93585,2.33,2.33
2012.06.26 10:08:05.194,0.93557,0.93585,2.63,2.33
2012.06.26 10:08:05.253,0.93559,0.93585,2.33,2.33
2012.06.26 10:08:06.081,0.93558,0.93584,2.33,2.33
2012.06.26 10:08:06.554,0.9356,0.93588,2.33,3.38
2012.06.26 10:08:07.130,0.9356,0.93586,2.93,2.33
2012.06.26 10:08:07.663,0.93559,0.93585,2.63,2.33
2012.06.26 10:08:09.763,0.93559,0.93585,2.33,3.38
2012.06.26 10:08:09.943,0.93554,0.93582,3.00,2.33
2012.06.26 10:08:10.703,0.93554,0.9358,3.38,2.33
2012.06.26 10:08:11.416,0.93554,0.9358,2.63,2.33
2012.06.26 10:08:11.965,0.93554,0.9358,3.38,2.33
2012.06.26 10:08:13.104,0.93554,0.9358,2.63,2.33
2012.06.26 10:08:13.343,0.93551,0.93575,1.13,2.33
2012.06.26 10:08:13.553,0.93553,0.93581,2.63,2.78
2012.06.26 10:08:14.375,0.93553,0.93581,2.63,2.33
2012.06.26 10:08:15.314,0.93558,0.93584,2.33,3.16
2012.06.26 10:08:15.690,0.93558,0.93584,3.00,2.33
2012.06.26 10:08:15.753,0.93557,0.93595,2.03,1.43
2012.06.26 10:08:15.934,0.93557,0.93595,2.03,1.43
2012.06.26 10:08:16.704,0.93557,0.93595,2.03,1.43
2012.06.26 10:08:17.015,0.93565,0.93591,2.33,2.33
2012.06.26 10:08:17.345,0.93565,0.93593,2.63,2.70
2012.06.26 10:08:17.695,0.93563,0.93591,3.38,2.33
2012.06.26 10:08:17.825,0.93568,0.93594,3.00,2.33
2012.06.26 10:08:18.015,0.9357,0.93596,2.33,2.78
2012.06.26 10:08:20.215,0.93568,0.93594,2.63,2.33
2012.06.26 10:08:24.377,0.93569,0.93595,2.33,2.33
2012.06.26 10:08:24.624,0.93572,0.936,2.33,1.43
2012.06.26 10:08:24.744,0.93574,0.936,2.33,3.76
2012.06.26 10:08:25.064,0.93572,0.936,2.63,1.43
2012.06.26 10:08:25.804,0.93572,0.93601,3.00,2.78
2012.06.26 10:08:25.935,0.93575,0.93601,2.33,2.78
2012.06.26 10:08:26.194,0.93573,0.93599,2.33,2.33
2012.06.26 10:08:26.759,0.93572,0.93601,2.70,2.78
2012.06.26 10:08:28.164,0.93571,0.93599,2.63,2.78
2012.06.26 10:08:28.550,0.93571,0.93597,2.63,2.33
2012.06.26 10:08:29.536,0.93572,0.93598,2.33,2.33
2012.06.26 10:08:30.993,0.93575,0.93603,2.33,3.16
2012.06.26 10:08:31.511,0.93575,0.93603,2.33,3.16
2012.06.26 10:08:41.435,0.93575,0.93603,2.33,2.78
2012.06.26 10:08:43.334,0.93575,0.93603,2.63,2.33
2012.06.26 10:08:43.484,0.93575,0.93603,2.63,2.33
2012.06.26 10:08:43.555,0.93581,0.93607,2.33,2.70
2012.06.26 10:08:44.103,0.9358,0.93606,2.63,2.70
2012.06.26 10:08:49.544,0.9358,0.93608,2.63,2.78
2012.06.26 10:08:49.952,0.93579,0.93605,2.33,2.78
2012.06.26 10:08:50.101,0.93579,0.93607,2.63,2.33
2012.06.26 10:08:50.224,0.93579,0.93607,2.33,2.78
2012.06.26 10:08:53.213,0.93583,0.93609,2.33,2.78
2012.06.26 10:08:53.502,0.93581,0.93607,2.33,2.33
2012.06.26 10:08:53.744,0.93579,0.93607,2.33,2.78
2012.06.26 10:08:54.816,0.93579,0.93607,2.63,2.33
2012.06.26 10:08:55.260,0.93578,0.93606,3.00,2.78
2012.06.26 10:08:55.324,0.9358,0.93608,2.33,2.78
2012.06.26 10:08:55.486,0.9358,0.93608,2.33,2.33
2012.06.26 10:08:55.706,0.9358,0.93608,2.33,2.78
2012.06.26 10:08:56.256,0.9358,0.93608,2.63,2.78
2012.06.26 10:08:57.383,0.9358,0.93608,2.63,2.33
2012.06.26 10:08:57.807,0.93582,0.9361,2.63,2.78
2012.06.26 10:08:58.136,0.93582,0.9361,2.33,2.78
2012.06.26 10:08:58.245,0.93582,0.9361,2.63,2.78
2012.06.26 10:09:00.714,0.93582,0.9361,2.33,2.78
2012.06.26 10:09:05.324,0.93584,0.9361,2.33,2.78
2012.06.26 10:09:05.534,0.93585,0.93613,2.33,2.70
2012.06.26 10:09:05.833,0.93585,0.93611,2.33,2.33
2012.06.26 10:09:07.777,0.93584,0.9361,2.33,2.33
2012.06.26 10:09:08.380,0.93584,0.93612,2.33,2.78
2012.06.26 10:09:13.113,0.93584,0.93612,2.33,2.78
2012.06.26 10:09:13.453,0.93584,0.93612,2.33,2.78
2012.06.26 10:09:13.573,0.93582,0.9361,2.63,2.78
2012.06.26 10:09:18.885,0.93583,0.93611,2.33,3.16
2012.06.26 10:09:19.413,0.93583,0.93611,2.33,3.16
2012.06.26 10:09:22.424,0.93583,0.93611,2.63,2.78
2012.06.26 10:09:22.675,0.93586,0.93612,2.33,3.16
2012.06.26 10:09:23.225,0.93586,0.93612,2.33,3.16
2012.06.26 10:09:23.617,0.93581,0.93609,2.70,2.78
2012.06.26 10:09:24.625,0.93581,0.93609,2.33,2.78
2012.06.26 10:09:25.303,0.93581,0.93609,2.33,3.38
2012.06.26 10:09:26.539,0.93581,0.93609,3.08,3.38
2012.06.26 10:09:26.605,0.93581,0.93609,3.38,2.33
2012.06.26 10:09:26.736,0.93582,0.93616,1.05,1.35
2012.06.26 10:09:27.045,0.93592,0.93618,2.33,1.06
2012.06.26 10:09:27.159,0.93588,0.93614,2.70,2.33
2012.06.26 10:09:28.519,0.93588,0.93614,2.33,2.33
2012.06.26 10:09:29.954,0.93587,0.93615,2.63,2.33
2012.06.26 10:09:30.391,0.9359,0.93618,2.33,3.76
2012.06.26 10:09:31.784,0.93594,0.93618,2.33,1.43
2012.06.26 10:09:31.905,0.93594,0.9362,2.33,2.78
2012.06.26 10:09:32.444,0.93595,0.93623,2.33,3.16
2012.06.26 10:09:32.874,0.93595,0.93623,2.33,3.16
2012.06.26 10:09:34.864,0.93595,0.93623,3.08,2.78
2012.06.26 10:09:35.165,0.93601,0.93627,2.33,3.16
2012.06.26 10:09:35.739,0.93601,0.93627,2.33,2.78
2012.06.26 10:09:35.894,0.93599,0.93625,2.33,2.78
2012.06.26 10:09:36.076,0.93597,0.93625,2.63,2.78
2012.06.26 10:09:36.146,0.93597,0.93623,2.33,2.33
2012.06.26 10:09:36.473,0.93591,0.93617,3.75,2.33
2012.06.26 10:09:36.655,0.93597,0.93625,2.63,2.78
2012.06.26 10:09:36.785,0.93592,0.9362,3.00,2.33
2012.06.26 10:09:37.684,0.93592,0.9362,2.63,2.70
2012.06.26 10:09:37.745,0.93591,0.93619,2.63,2.33
2012.06.26 10:09:39.571,0.93591,0.93619,3.38,2.33
2012.06.26 10:09:39.754,0.93594,0.93622,2.33,2.78
2012.06.26 10:09:40.084,0.93596,0.93624,2.63,3.16
2012.06.26 10:09:40.636,0.93596,0.93624,2.63,2.70
2012.06.26 10:09:43.824,0.93593,0.93621,2.63,2.33
2012.06.26 10:09:43.956,0.93596,0.93624,2.63,2.70
2012.06.26 10:09:44.025,0.93595,0.93621,2.63,2.33
2012.06.26 10:09:44.214,0.93592,0.9362,2.63,2.33
2012.06.26 10:09:44.724,0.93595,0.93621,2.63,2.33
2012.06.26 10:09:45.224,0.93592,0.93619,1.05,2.33
2012.06.26 10:09:45.376,0.93592,0.93619,1.05,2.33
2012.06.26 10:09:45.596,0.93592,0.93619,1.05,2.33
2012.06.26 10:09:45.664,0.93596,0.93624,2.33,2.70
2012.06.26 10:09:46.077,0.93592,0.93619,1.05,2.33
2012.06.26 10:09:46.824,0.93592,0.93619,1.05,2.33
2012.06.26 10:09:46.884,0.93594,0.93622,2.63,2.70
2012.06.26 10:09:47.352,0.93595,0.93623,2.63,2.70
2012.06.26 10:09:47.414,0.93597,0.93623,1.43,2.33
2012.06.26 10:09:47.545,0.93599,0.93627,2.70,2.78
2012.06.26 10:09:47.614,0.93599,0.93627,2.70,2.78
2012.06.26 10:09:48.091,0.93593,0.93617,1.05,2.33
2012.06.26 10:09:48.402,0.93595,0.93623,3.00,2.78
2012.06.26 10:09:48.476,0.93595,0.93623,3.00,2.78
2012.06.26 10:09:48.954,0.9359,0.93618,3.38,2.33
2012.06.26 10:09:49.076,0.93593,0.93621,3.00,2.33
2012.06.26 10:09:49.609,0.93593,0.93621,2.63,2.33
2012.06.26 10:09:49.674,0.93591,0.93618,1.65,2.33
2012.06.26 10:09:49.854,0.93595,0.93623,2.63,3.16
2012.06.26 10:09:49.974,0.93595,0.93623,2.63,2.70
2012.06.26 10:09:50.368,0.93593,0.93619,2.63,2.33
2012.06.26 10:09:50.435,0.93593,0.93619,2.63,2.33
2012.06.26 10:09:51.071,0.93592,0.93618,2.63,2.33
2012.06.26 10:09:51.565,0.93596,0.93622,2.33,2.33
2012.06.26 10:09:52.150,0.93595,0.93621,2.63,2.33
2012.06.26 10:09:52.385,0.93594,0.9362,3.00,2.33
2012.06.26 10:09:52.946,0.93593,0.93619,2.63,2.33
2012.06.26 10:09:53.446,0.93593,0.93621,2.63,2.33
2012.06.26 10:09:54.224,0.93593,0.93621,2.63,2.33
2012.06.26 10:09:54.810,0.93593,0.93621,2.63,2.33
2012.06.26 10:09:55.316,0.93593,0.93621,2.63,2.33
2012.06.26 10:09:55.778,0.93596,0.93624,2.33,3.16
2012.06.26 10:09:56.391,0.93597,0.93623,2.33,3.16
2012.06.26 10:09:57.544,0.93598,0.93626,2.63,2.33
2012.06.26 10:09:57.764,0.936,0.93626,2.33,2.33
2012.06.26 10:09:58.094,0.93598,0.93626,2.33,2.78
2012.06.26 10:09:58.613,0.93598,0.93626,2.63,2.33
2012.06.26 10:09:58.836,0.93598,0.93624,2.63,2.33
2012.06.26 10:09:59.344,0.93598,0.93624,2.33,2.33
2012.06.26 10:10:03.149,0.93599,0.93627,2.33,2.78
2012.06.26 10:10:03.830,0.93599,0.93627,2.33,2.78
2012.06.26 10:10:04.405,0.93598,0.93626,2.63,2.78
2012.06.26 10:10:05.677,0.93598,0.93624,2.63,2.33
2012.06.26 10:10:06.973,0.93602,0.93628,2.33,3.16
2012.06.26 10:10:07.056,0.93599,0.93625,2.33,2.33
2012.06.26 10:10:07.123,0.93603,0.93629,2.33,3.16
2012.06.26 10:10:07.183,0.93603,0.93629,2.33,3.16
2012.06.26 10:10:07.425,0.93603,0.93631,2.33,2.78
2012.06.26 10:10:08.104,0.93603,0.93631,2.33,2.78
2012.06.26 10:10:11.894,0.93605,0.93631,2.33,2.78
2012.06.26 10:10:12.532,0.93605,0.93631,2.33,2.78
2012.06.26 10:10:12.715,0.93601,0.93629,2.33,2.78
2012.06.26 10:10:12.915,0.936,0.93626,2.33,2.33
2012.06.26 10:10:13.306,0.93597,0.93625,3.00,2.78
2012.06.26 10:10:13.584,0.93597,0.93623,3.00,2.33
2012.06.26 10:10:14.031,0.93595,0.93621,3.00,2.33
2012.06.26 10:10:14.245,0.93598,0.93624,2.63,2.33
2012.06.26 10:10:14.836,0.9359,0.93621,1.05,1.06
2012.06.26 10:10:14.964,0.93587,0.93621,2.03,1.43
2012.06.26 10:10:15.045,0.93587,0.9362,2.03,1.06
2012.06.26 10:10:15.600,0.93587,0.9362,2.03,1.06
2012.06.26 10:10:16.467,0.93587,0.9362,2.40,1.06
2012.06.26 10:10:16.932,0.93595,0.93621,2.33,3.38
2012.06.26 10:10:17.244,0.93595,0.93621,2.63,2.93
2012.06.26 10:10:17.305,0.93599,0.93625,2.33,3.30
2012.06.26 10:10:17.434,0.93594,0.9362,2.63,2.33
2012.06.26 10:10:17.785,0.93591,0.93616,1.28,2.33
2012.06.26 10:10:17.855,0.93591,0.93616,1.28,2.33
2012.06.26 10:10:18.284,0.93587,0.93612,1.05,2.33
2012.06.26 10:10:18.615,0.9359,0.93616,2.70,2.33
2012.06.26 10:10:18.683,0.9359,0.93616,2.33,2.33
2012.06.26 10:10:18.944,0.9359,0.93616,2.63,2.33
2012.06.26 10:10:19.005,0.93595,0.93621,2.33,3.30
2012.06.26 10:10:20.455,0.93595,0.93623,2.33,3.16
2012.06.26 10:10:20.584,0.93598,0.93624,2.33,3.16
2012.06.26 10:10:20.644,0.93595,0.93623,2.63,2.70
2012.06.26 10:10:21.174,0.93595,0.93623,2.33,3.16
2012.06.26 10:10:21.294,0.93593,0.93621,2.63,2.78
2012.06.26 10:10:21.915,0.93593,0.93621,2.63,2.33
2012.06.26 10:10:22.034,0.93594,0.93622,2.63,2.33
2012.06.26 10:10:22.540,0.93598,0.93626,2.33,3.16
2012.06.26 10:10:25.294,0.93598,0.93626,2.33,2.78
2012.06.26 10:10:25.623,0.93598,0.93624,2.33,2.33
2012.06.26 10:10:26.222,0.93598,0.93624,2.63,2.33
2012.06.26 10:10:29.325,0.93596,0.93624,3.00,2.33
2012.06.26 10:10:30.175,0.93598,0.93626,2.63,2.78
2012.06.26 10:10:30.235,0.93598,0.93626,2.63,2.33
2012.06.26 10:10:30.564,0.93602,0.93628,2.33,2.70
2012.06.26 10:10:31.068,0.93599,0.93625,2.63,2.33
2012.06.26 10:10:35.155,0.93599,0.93625,2.63,2.33
2012.06.26 10:10:35.788,0.93602,0.9363,2.33,3.16
2012.06.26 10:10:35.914,0.93599,0.93627,2.63,2.33
2012.06.26 10:10:36.293,0.93598,0.93626,2.33,2.33
2012.06.26 10:10:36.357,0.93595,0.93623,3.00,2.33
2012.06.26 10:10:36.767,0.93595,0.93621,2.63,2.33
2012.06.26 10:10:38.484,0.93596,0.93624,2.63,2.33
2012.06.26 10:10:45.153,0.93596,0.93624,3.00,2.33
2012.06.26 10:10:46.905,0.93596,0.93624,3.00,2.33
2012.06.26 10:10:47.163,0.93594,0.93621,1.28,2.33
2012.06.26 10:10:47.384,0.93597,0.93625,2.63,2.33
2012.06.26 10:10:48.277,0.93598,0.93626,2.63,2.33
2012.06.26 10:10:48.918,0.936,0.93626,2.33,2.33
2012.06.26 10:10:49.496,0.93603,0.93629,2.33,3.16
2012.06.26 10:10:49.745,0.93604,0.9363,2.33,2.33
2012.06.26 10:10:51.325,0.93605,0.93631,2.33,2.33
2012.06.26 10:10:51.395,0.93605,0.93631,2.63,2.33
2012.06.26 10:10:51.464,0.93602,0.9364,2.03,1.21
2012.06.26 10:10:51.584,0.93602,0.93638,1.28,1.58
2012.06.26 10:10:52.129,0.93602,0.93638,1.28,1.58
2012.06.26 10:10:52.205,0.93602,0.93638,1.28,1.58
2012.06.26 10:10:52.417,0.93608,0.93634,2.63,2.78
2012.06.26 10:10:53.435,0.93609,0.93635,2.33,2.78
2012.06.26 10:10:53.752,0.93612,0.93636,2.33,1.43
2012.06.26 10:10:53.996,0.9361,0.93636,2.63,3.16
2012.06.26 10:10:54.064,0.9361,0.93636,2.63,3.16
2012.06.26 10:10:55.875,0.93608,0.93634,2.63,2.33
2012.06.26 10:10:56.305,0.93613,0.93639,2.63,3.16
2012.06.26 10:10:56.844,0.93613,0.93639,2.63,3.16
2012.06.26 10:10:57.607,0.93613,0.93639,2.63,2.78
2012.06.26 10:10:58.674,0.93614,0.9364,2.63,2.78
2012.06.26 10:10:58.766,0.93614,0.9364,2.63,2.78
2012.06.26 10:10:59.014,0.93612,0.9364,2.63,2.78
2012.06.26 10:10:59.539,0.9361,0.93648,1.28,1.58
2012.06.26 10:10:59.916,0.93606,0.9364,2.40,1.21
2012.06.26 10:11:00.224,0.93605,0.93631,2.63,2.33
2012.06.26 10:11:00.286,0.93605,0.93631,3.23,2.33
2012.06.26 10:11:00.594,0.93605,0.93633,2.63,2.78
2012.06.26 10:11:02.092,0.93605,0.93633,2.63,2.78
2012.06.26 10:11:04.004,0.93607,0.93633,2.33,3.16
2012.06.26 10:11:04.752,0.93607,0.93633,2.63,3.16
2012.06.26 10:11:05.205,0.93604,0.9363,2.63,2.78
2012.06.26 10:11:06.048,0.93602,0.93628,3.00,2.78
2012.06.26 10:11:06.553,0.93601,0.93627,1.05,2.78
2012.06.26 10:11:06.734,0.93601,0.93627,1.05,2.33
2012.06.26 10:11:07.269,0.93606,0.93634,2.63,2.78
2012.06.26 10:11:07.787,0.93608,0.93634,2.63,2.78
2012.06.26 10:11:08.203,0.93608,0.93634,3.23,2.78
2012.06.26 10:11:08.504,0.93612,0.93648,1.28,1.21
2012.06.26 10:11:08.694,0.93612,0.93648,1.28,1.21
2012.06.26 10:11:08.809,0.93612,0.93648,1.28,1.21
2012.06.26 10:11:09.346,0.93612,0.93648,1.28,1.21
2012.06.26 10:11:09.474,0.93612,0.93651,1.28,1.21
2012.06.26 10:11:10.065,0.93616,0.93644,2.63,2.78
2012.06.26 10:11:11.521,0.93619,0.93645,2.33,1.06
2012.06.26 10:11:11.584,0.93619,0.93645,2.63,1.06
2012.06.26 10:11:12.181,0.93619,0.93645,2.63,1.06
2012.06.26 10:11:13.076,0.93619,0.93647,2.63,3.16
2012.06.26 10:11:13.635,0.93617,0.93645,2.63,2.78
2012.06.26 10:11:14.184,0.93619,0.93645,2.63,2.78
2012.06.26 10:11:14.722,0.9362,0.93646,2.33,2.78
2012.06.26 10:11:15.305,0.93616,0.93644,3.00,2.78
2012.06.26 10:11:15.948,0.93616,0.93644,2.63,2.78
2012.06.26 10:11:16.595,0.93616,0.93642,2.63,2.78
2012.06.26 10:11:17.426,0.93617,0.93643,2.63,2.78
2012.06.26 10:11:17.494,0.93617,0.93643,2.63,2.78
2012.06.26 10:11:17.768,0.93617,0.93643,2.63,2.78
2012.06.26 10:11:19.324,0.93617,0.93643,2.63,2.78
2012.06.26 10:11:19.930,0.93617,0.93643,2.63,2.78
2012.06.26 10:11:20.663,0.93617,0.93643,2.63,2.78
2012.06.26 10:11:22.485,0.93616,0.93642,2.63,3.16
2012.06.26 10:11:22.995,0.9361,0.93638,2.63,2.78
2012.06.26 10:11:23.532,0.93609,0.93635,2.63,2.78
2012.06.26 10:11:24.285,0.93608,0.93634,2.63,2.33
2012.06.26 10:11:25.364,0.93608,0.93634,2.63,2.78
2012.06.26 10:11:26.994,0.93607,0.93633,1.43,2.78
2012.06.26 10:11:28.804,0.93608,0.93634,2.63,2.78
2012.06.26 10:11:29.137,0.9361,0.93637,2.63,1.43
2012.06.26 10:11:29.353,0.93609,0.93637,2.63,3.76
2012.06.26 10:11:29.970,0.93609,0.93637,2.63,3.76
2012.06.26 10:11:30.771,0.93609,0.93637,2.63,3.76
2012.06.26 10:11:31.946,0.93609,0.93637,2.63,3.38
2012.06.26 10:11:32.255,0.93606,0.93627,1.43,2.78
2012.06.26 10:11:32.505,0.93609,0.93637,2.63,3.38
2012.06.26 10:11:32.564,0.93605,0.93631,3.00,2.33
2012.06.26 10:11:32.895,0.93606,0.93631,1.43,2.33
2012.06.26 10:11:33.428,0.93611,0.93637,2.33,3.76
2012.06.26 10:11:33.495,0.93611,0.93637,2.63,3.76
2012.06.26 10:11:33.564,0.93611,0.93637,2.63,3.76
2012.06.26 10:11:34.092,0.93609,0.93637,2.63,3.38
2012.06.26 10:11:34.824,0.93608,0.93634,3.00,2.33
2012.06.26 10:11:35.355,0.93607,0.93633,3.00,2.33
2012.06.26 10:11:38.255,0.93606,0.93634,3.00,2.78
2012.06.26 10:11:39.394,0.93602,0.93629,1.43,2.78
2012.06.26 10:11:39.950,0.93605,0.93633,3.60,2.78
2012.06.26 10:11:40.611,0.93605,0.93633,3.60,2.33
2012.06.26 10:11:42.003,0.93605,0.93633,3.60,2.78
2012.06.26 10:11:43.354,0.93605,0.93633,3.00,2.33
2012.06.26 10:11:43.855,0.9361,0.93638,2.63,2.78
2012.06.26 10:11:44.105,0.93614,0.9364,2.63,3.16
2012.06.26 10:11:44.277,0.93614,0.9364,2.63,3.16
2012.06.26 10:11:47.294,0.93607,0.93635,3.00,2.33
2012.06.26 10:11:47.354,0.93607,0.93635,3.00,2.78
2012.06.26 10:11:47.474,0.93607,0.93635,3.00,2.33
2012.06.26 10:11:47.617,0.93613,0.93639,2.63,2.78
2012.06.26 10:11:47.684,0.93613,0.93639,2.63,2.78
2012.06.26 10:11:48.335,0.93607,0.93635,3.00,2.78
2012.06.26 10:11:48.804,0.9361,0.93635,1.28,2.33
2012.06.26 10:11:48.864,0.93612,0.9364,2.63,2.78
2012.06.26 10:11:48.987,0.93612,0.9364,2.63,2.78
2012.06.26 10:11:49.096,0.93612,0.9364,2.63,2.78
2012.06.26 10:11:49.224,0.93612,0.9364,2.63,2.78
2012.06.26 10:11:49.546,0.93612,0.9364,2.63,2.78
2012.06.26 10:11:50.444,0.93613,0.93641,2.63,3.16
2012.06.26 10:11:50.565,0.93609,0.93635,3.00,2.78
2012.06.26 10:11:51.365,0.93609,0.93635,3.00,2.78
2012.06.26 10:11:51.694,0.93607,0.93635,2.63,2.78
2012.06.26 10:11:52.210,0.93607,0.93633,2.63,2.33
2012.06.26 10:11:52.990,0.93607,0.93633,2.63,2.78
2012.06.26 10:11:53.874,0.93607,0.93633,3.75,2.33
2012.06.26 10:11:54.490,0.93607,0.93633,3.00,2.78
2012.06.26 10:11:56.206,0.93608,0.93634,2.63,2.78
2012.06.26 10:11:56.628,0.93612,0.93638,2.63,3.16
2012.06.26 10:11:57.984,0.93612,0.93638,2.63,2.78
2012.06.26 10:11:58.194,0.9361,0.93638,2.63,2.78
2012.06.26 10:11:58.790,0.93613,0.93639,2.33,2.78
2012.06.26 10:11:59.214,0.93613,0.93639,2.33,2.78
2012.06.26 10:11:59.387,0.93607,0.93635,3.00,2.78
2012.06.26 10:11:59.643,0.93612,0.9364,2.63,3.16
2012.06.26 10:12:00.380,0.93612,0.9364,2.63,3.16
2012.06.26 10:12:01.591,0.93612,0.9364,2.63,2.78
2012.06.26 10:12:02.346,0.93613,0.93641,2.63,3.38
2012.06.26 10:12:03.174,0.93613,0.93641,2.63,3.38
2012.06.26 10:12:04.536,0.93615,0.93641,2.63,2.78
2012.06.26 10:12:05.054,0.93615,0.93641,2.33,2.78
2012.06.26 10:12:05.115,0.9361,0.93636,3.00,2.78
2012.06.26 10:12:05.245,0.93614,0.93642,3.00,2.78
2012.06.26 10:12:05.436,0.93614,0.93642,3.00,2.78
2012.06.26 10:12:06.111,0.93614,0.93642,3.00,2.78
2012.06.26 10:12:06.550,0.93614,0.93642,3.00,2.78
2012.06.26 10:12:06.976,0.93614,0.93642,3.00,2.78
2012.06.26 10:12:07.087,0.93614,0.93642,3.00,2.78
2012.06.26 10:12:07.214,0.93614,0.93642,3.00,2.78
2012.06.26 10:12:07.747,0.93612,0.9364,2.63,2.78
2012.06.26 10:12:08.055,0.93613,0.93641,2.63,2.78
2012.06.26 10:12:08.514,0.93615,0.93643,2.63,2.78
2012.06.26 10:12:08.714,0.93617,0.93643,2.63,2.78
2012.06.26 10:12:09.255,0.9362,0.93646,2.63,2.78
2012.06.26 10:12:09.375,0.93615,0.93641,2.63,2.78
2012.06.26 10:12:10.564,0.93614,0.93642,2.63,2.78
2012.06.26 10:12:11.055,0.93617,0.93643,3.00,2.78
2012.06.26 10:12:11.374,0.93616,0.93644,3.00,2.78
2012.06.26 10:12:14.085,0.93616,0.93644,3.00,2.78
2012.06.26 10:12:14.981,0.9362,0.93646,2.33,3.38
2012.06.26 10:12:15.434,0.9362,0.93646,2.63,2.78
2012.06.26 10:12:15.554,0.9362,0.93646,2.63,2.78
2012.06.26 10:12:15.614,0.9362,0.93646,2.63,2.78
2012.06.26 10:12:16.160,0.9362,0.93648,2.63,3.16
2012.06.26 10:12:16.604,0.93618,0.93646,2.63,2.78
2012.06.26 10:12:17.146,0.93615,0.93643,3.00,2.78
2012.06.26 10:12:18.726,0.93615,0.93641,2.63,2.78
2012.06.26 10:12:20.006,0.93616,0.93642,2.63,3.16
2012.06.26 10:12:20.134,0.93612,0.93638,1.05,2.78
2012.06.26 10:12:20.493,0.93612,0.93638,1.05,2.33
2012.06.26 10:12:20.674,0.93616,0.93642,2.63,3.16
2012.06.26 10:12:21.655,0.93616,0.93642,2.63,3.16
2012.06.26 10:12:21.893,0.93611,0.93637,2.63,2.78
2012.06.26 10:12:23.715,0.93611,0.93637,3.75,2.33
2012.06.26 10:12:23.904,0.93615,0.93643,2.63,2.78
2012.06.26 10:12:23.963,0.93615,0.93643,2.63,2.78
2012.06.26 10:12:24.144,0.93615,0.93643,2.63,2.78
2012.06.26 10:12:26.245,0.93615,0.93643,2.63,2.78
2012.06.26 10:12:26.901,0.93611,0.93637,3.00,2.78
2012.06.26 10:12:27.645,0.93611,0.93637,3.00,2.33
2012.06.26 10:12:27.883,0.93616,0.93642,2.63,2.78
2012.06.26 10:12:28.685,0.93616,0.93642,2.63,2.78
2012.06.26 10:12:28.756,0.93619,0.93645,2.63,2.78
2012.06.26 10:12:28.858,0.93619,0.93645,2.63,2.78
2012.06.26 10:12:29.626,0.9362,0.93646,2.63,2.78
2012.06.26 10:12:34.064,0.93617,0.93643,2.63,2.78
2012.06.26 10:12:35.714,0.93609,0.93637,3.00,2.78
2012.06.26 10:12:36.341,0.93608,0.93636,3.38,2.78
2012.06.26 10:12:37.326,0.93611,0.93637,2.63,2.78
2012.06.26 10:12:37.868,0.93608,0.93636,3.00,2.78
2012.06.26 10:12:39.565,0.93608,0.93636,3.00,2.33
2012.06.26 10:12:39.624,0.93614,0.9364,2.63,2.78
2012.06.26 10:12:40.133,0.93614,0.9364,2.63,2.78
2012.06.26 10:12:41.024,0.93616,0.93642,2.63,2.78
2012.06.26 10:12:41.085,0.93616,0.93642,2.63,2.78
2012.06.26 10:12:41.711,0.93616,0.93642,2.63,2.78
2012.06.26 10:12:42.275,0.93616,0.93642,2.63,2.78
2012.06.26 10:12:43.096,0.93616,0.93642,2.63,2.78
2012.06.26 10:12:44.104,0.93616,0.93642,2.63,2.78
2012.06.26 10:12:44.866,0.93616,0.93642,2.63,2.78
2012.06.26 10:12:45.103,0.93616,0.93642,2.63,2.78
2012.06.26 10:12:45.626,0.93616,0.93642,2.63,2.78
2012.06.26 10:12:48.156,0.93616,0.93642,2.63,2.78
2012.06.26 10:12:48.702,0.93616,0.93642,2.63,2.78
2012.06.26 10:12:51.237,0.93616,0.93642,2.63,2.78
2012.06.26 10:12:54.109,0.93616,0.93642,2.63,2.78
2012.06.26 10:12:56.806,0.93615,0.93643,2.63,2.78
2012.06.26 10:13:01.695,0.93613,0.93639,2.63,2.78
2012.06.26 10:13:06.535,0.93613,0.93639,2.63,2.78
2012.06.26 10:13:09.505,0.93613,0.93639,2.63,2.78
2012.06.26 10:13:14.094,0.93607,0.93635,3.00,2.33
2012.06.26 10:13:14.640,0.93608,0.93636,3.00,2.78
2012.06.26 10:13:14.706,0.93609,0.93637,2.63,2.78
2012.06.26 10:13:14.775,0.93609,0.93637,2.63,2.78
2012.06.26 10:13:15.265,0.93609,0.93637,2.63,2.78
2012.06.26 10:13:16.051,0.93609,0.93637,2.63,2.78
2012.06.26 10:13:17.135,0.93611,0.93637,2.63,2.78
2012.06.26 10:13:17.756,0.93608,0.93643,1.28,1.43
2012.06.26 10:13:18.084,0.93611,0.93637,2.63,2.78
2012.06.26 10:13:18.988,0.93611,0.93637,2.63,2.78
2012.06.26 10:13:19.175,0.93605,0.93633,3.00,2.78
2012.06.26 10:13:19.294,0.93611,0.93637,2.63,2.78
2012.06.26 10:13:20.304,0.9361,0.93636,2.63,2.78
2012.06.26 10:13:22.847,0.93613,0.93639,2.33,2.78
2012.06.26 10:13:23.463,0.93613,0.93639,2.63,2.78
2012.06.26 10:13:24.125,0.93613,0.93639,3.00,2.78
2012.06.26 10:13:24.470,0.93617,0.93643,2.63,2.78
2012.06.26 10:13:24.656,0.93619,0.93647,2.63,3.76
2012.06.26 10:13:25.284,0.93618,0.93644,2.63,2.78
2012.06.26 10:13:27.783,0.93614,0.9364,2.63,2.33
2012.06.26 10:13:28.339,0.93615,0.93641,2.63,2.78
2012.06.26 10:13:29.584,0.93615,0.93643,2.63,2.78
2012.06.26 10:13:32.184,0.93615,0.93643,2.63,2.78
2012.06.26 10:13:32.725,0.93618,0.93644,2.63,2.78
2012.06.26 10:13:35.154,0.93618,0.93644,2.63,2.78
2012.06.26 10:13:35.551,0.93618,0.93644,2.63,2.78
2012.06.26 10:13:39.988,0.93618,0.93644,2.63,2.78
2012.06.26 10:13:40.541,0.93618,0.93644,2.63,2.78
2012.06.26 10:13:42.077,0.93618,0.93644,2.63,2.78
2012.06.26 10:13:42.880,0.93618,0.93644,2.63,2.78
2012.06.26 10:13:45.723,0.93618,0.93644,2.63,2.78
2012.06.26 10:13:46.324,0.93618,0.93644,2.63,2.78
2012.06.26 10:13:49.895,0.93619,0.93647,2.63,2.78
2012.06.26 10:13:51.404,0.9362,0.93646,2.63,2.78
2012.06.26 10:13:51.525,0.93624,0.93651,2.33,1.43
2012.06.26 10:13:51.778,0.93624,0.93651,2.63,1.43
2012.06.26 10:13:51.906,0.93622,0.93648,3.00,2.33
2012.06.26 10:13:51.973,0.9362,0.93653,1.05,1.06
2012.06.26 10:13:52.881,0.9362,0.93653,1.05,1.06
2012.06.26 10:13:55.175,0.93627,0.93653,2.63,2.78
2012.06.26 10:13:56.296,0.93631,0.93657,2.63,1.06
2012.06.26 10:13:57.475,0.93634,0.93657,2.33,1.06
2012.06.26 10:13:57.549,0.93628,0.93656,3.00,2.78
2012.06.26 10:13:58.188,0.93628,0.93656,2.63,2.78
2012.06.26 10:13:58.935,0.93625,0.93653,3.00,2.78
2012.06.26 10:13:59.126,0.93622,0.9365,3.00,2.78
2012.06.26 10:13:59.254,0.93622,0.9365,2.63,2.78
2012.06.26 10:13:59.585,0.93621,0.93649,3.00,2.78
2012.06.26 10:14:01.296,0.93621,0.93649,3.00,2.78
2012.06.26 10:14:03.045,0.93623,0.93651,2.63,2.78
2012.06.26 10:14:03.445,0.93625,0.93651,2.63,2.78
2012.06.26 10:14:03.726,0.93621,0.93659,2.03,1.21
2012.06.26 10:14:03.948,0.93621,0.93659,2.03,1.21
2012.06.26 10:14:04.074,0.93626,0.93663,1.05,1.43
2012.06.26 10:14:04.606,0.93626,0.93663,1.05,2.18
2012.06.26 10:14:07.304,0.9363,0.93656,3.00,2.78
2012.06.26 10:14:07.367,0.9363,0.93656,3.00,2.78
2012.06.26 10:14:07.686,0.93626,0.93652,1.05,2.78
2012.06.26 10:14:07.945,0.93626,0.93652,1.05,2.78
2012.06.26 10:14:08.137,0.93628,0.93654,3.00,2.78
2012.06.26 10:14:09.834,0.93629,0.93655,2.63,2.33
2012.06.26 10:14:10.164,0.93634,0.9366,2.63,2.78
2012.06.26 10:14:10.694,0.93631,0.93659,3.00,2.78
2012.06.26 10:14:11.886,0.9363,0.93658,3.00,2.78
2012.06.26 10:14:12.422,0.93626,0.93654,3.00,2.78
2012.06.26 10:14:12.736,0.93629,0.93657,3.00,2.78
2012.06.26 10:14:16.818,0.9363,0.93658,2.63,2.78
2012.06.26 10:14:17.794,0.93626,0.93652,3.00,2.78
2012.06.26 10:14:25.138,0.93621,0.93649,3.00,2.78
2012.06.26 10:14:25.752,0.93621,0.93649,3.00,2.78
2012.06.26 10:14:26.091,0.9362,0.93646,3.00,2.33
2012.06.26 10:14:31.093,0.9362,0.93646,3.00,2.33
2012.06.26 10:14:31.735,0.9362,0.93646,3.00,2.33
2012.06.26 10:14:35.142,0.9362,0.93646,3.00,2.33
2012.06.26 10:14:35.874,0.93618,0.93654,1.28,1.21
2012.06.26 10:14:36.403,0.93618,0.93654,1.28,1.21
2012.06.26 10:14:41.434,0.93621,0.93656,1.43,1.43
2012.06.26 10:14:41.784,0.93626,0.93652,2.63,2.78
2012.06.26 10:14:41.964,0.93628,0.93656,2.63,3.16
2012.06.26 10:14:42.772,0.93625,0.93653,3.23,2.78
2012.06.26 10:14:43.378,0.93625,0.93653,3.23,2.78
2012.06.26 10:14:44.184,0.93624,0.9365,3.23,2.33
2012.06.26 10:14:44.324,0.93629,0.93655,2.63,3.16
2012.06.26 10:14:44.505,0.93633,0.93659,2.63,3.53
2012.06.26 10:14:45.131,0.93633,0.93659,2.63,2.78
2012.06.26 10:14:45.928,0.93633,0.93659,2.63,2.78
2012.06.26 10:14:46.592,0.93633,0.93659,2.63,2.78
2012.06.26 10:14:50.384,0.9363,0.93656,3.00,2.33
2012.06.26 10:14:52.658,0.93632,0.9366,2.63,2.78
2012.06.26 10:14:54.548,0.93633,0.93661,2.63,2.78
2012.06.26 10:14:54.914,0.93633,0.93661,2.63,2.78
2012.06.26 10:14:55.472,0.93633,0.93661,2.63,2.78
2012.06.26 10:14:58.635,0.93633,0.93661,2.63,2.78
2012.06.26 10:15:05.401,0.93629,0.93655,3.00,2.78
2012.06.26 10:15:12.002,0.93629,0.93655,3.00,2.78
2012.06.26 10:15:12.530,0.93625,0.93652,3.60,2.78
2012.06.26 10:15:15.067,0.93627,0.93653,3.00,2.78
2012.06.26 10:15:15.545,0.93634,0.9366,2.63,3.16
2012.06.26 10:15:15.861,0.93633,0.93659,2.63,3.16
2012.06.26 10:15:17.305,0.93633,0.93659,2.63,2.78
2012.06.26 10:15:18.514,0.93632,0.93658,2.70,3.38
2012.06.26 10:15:19.325,0.93627,0.93655,3.00,2.78
2012.06.26 10:15:19.615,0.93631,0.93659,2.63,3.16
2012.06.26 10:15:21.364,0.93631,0.93659,2.63,3.16
2012.06.26 10:15:21.447,0.93631,0.93659,2.63,3.16
2012.06.26 10:15:26.676,0.93634,0.9366,2.63,2.78
2012.06.26 10:15:32.674,0.93632,0.9366,3.00,2.78
2012.06.26 10:15:39.785,0.93626,0.93652,1.28,2.78
2012.06.26 10:15:39.997,0.93627,0.93655,3.23,2.78
2012.06.26 10:15:40.464,0.93627,0.93655,3.23,2.78
2012.06.26 10:15:42.297,0.93632,0.93658,2.63,2.78
2012.06.26 10:15:42.696,0.93623,0.9365,1.05,2.78
2012.06.26 10:15:44.174,0.93621,0.93647,3.60,2.33
2012.06.26 10:15:46.926,0.93621,0.93647,1.28,2.78
2012.06.26 10:15:48.590,0.93617,0.93644,2.40,2.33
2012.06.26 10:15:48.667,0.9362,0.93648,2.63,2.78
2012.06.26 10:15:48.739,0.9362,0.93648,2.63,2.78
2012.06.26 10:15:48.847,0.9362,0.93648,2.63,2.78
2012.06.26 10:15:48.974,0.9362,0.93648,2.63,2.78
2012.06.26 10:15:49.498,0.9362,0.93648,2.63,2.78
2012.06.26 10:15:55.126,0.93619,0.93647,2.63,2.78
2012.06.26 10:15:57.585,0.93618,0.93646,2.63,2.78
2012.06.26 10:15:58.325,0.93618,0.93646,2.63,2.78
2012.06.26 10:15:59.014,0.93619,0.93645,2.63,3.16
2012.06.26 10:15:59.087,0.93619,0.93645,2.63,3.16
2012.06.26 10:16:01.195,0.93616,0.93644,3.00,2.78
2012.06.26 10:16:01.574,0.93617,0.93643,3.00,2.78
2012.06.26 10:16:02.607,0.93617,0.93643,2.63,2.78
2012.06.26 10:16:07.886,0.93617,0.93643,2.63,2.78
2012.06.26 10:16:09.444,0.93617,0.93645,2.63,2.78
2012.06.26 10:16:13.494,0.93617,0.93643,2.63,2.78
2012.06.26 10:16:13.835,0.93617,0.93641,1.65,2.33
2012.06.26 10:16:13.905,0.93617,0.93644,1.65,2.33
2012.06.26 10:16:14.455,0.93625,0.9365,2.63,1.21
2012.06.26 10:16:14.704,0.93626,0.93652,2.63,2.78
2012.06.26 10:16:18.093,0.93624,0.93652,2.63,2.78
2012.06.26 10:16:18.215,0.93624,0.93652,2.33,3.38
2012.06.26 10:16:18.625,0.93618,0.93646,2.63,2.78
2012.06.26 10:16:19.187,0.93618,0.93644,2.63,2.78
2012.06.26 10:16:20.389,0.93617,0.93643,2.63,2.78
2012.06.26 10:16:23.839,0.93614,0.93642,2.63,3.16
2012.06.26 10:16:25.176,0.93617,0.93643,2.33,2.70
2012.06.26 10:16:29.357,0.93617,0.93643,2.33,2.33
2012.06.26 10:16:30.254,0.93617,0.93643,2.33,3.16
2012.06.26 10:16:30.374,0.93611,0.93639,3.98,2.33
2012.06.26 10:16:30.678,0.93612,0.93639,1.05,2.33
2012.06.26 10:16:32.327,0.93613,0.93639,2.33,2.33
2012.06.26 10:16:32.548,0.93614,0.93639,1.28,2.33
2012.06.26 10:16:32.614,0.93617,0.93645,2.33,3.16
2012.06.26 10:16:40.373,0.93617,0.93645,2.33,3.16
2012.06.26 10:16:40.686,0.93612,0.9364,2.70,2.78
2012.06.26 10:16:41.831,0.93612,0.9364,2.33,2.78
2012.06.26 10:16:42.344,0.93612,0.9364,2.33,2.78
2012.06.26 10:16:42.404,0.93608,0.93636,3.00,2.78
2012.06.26 10:16:44.588,0.93608,0.93636,2.70,2.33
2012.06.26 10:16:46.127,0.93608,0.93636,3.08,2.70
2012.06.26 10:16:46.194,0.93608,0.93636,2.33,2.70
2012.06.26 10:16:46.616,0.93616,0.93643,2.33,1.21
2012.06.26 10:16:46.745,0.93616,0.93644,2.63,2.78
2012.06.26 10:16:55.154,0.93616,0.93644,2.33,2.78
2012.06.26 10:16:55.772,0.93616,0.93644,2.33,2.78
2012.06.26 10:16:58.650,0.93618,0.93644,2.33,2.78
2012.06.26 10:17:00.295,0.93617,0.93643,2.33,2.78
2012.06.26 10:17:05.053,0.93617,0.93645,2.33,3.16
2012.06.26 10:17:06.185,0.93619,0.93647,2.63,3.30
2012.06.26 10:17:06.495,0.93614,0.93641,1.28,2.33
2012.06.26 10:17:06.625,0.93614,0.93641,1.28,2.33
2012.06.26 10:17:07.085,0.93613,0.93641,2.70,2.33
2012.06.26 10:17:11.767,0.93612,0.9364,3.00,2.33
2012.06.26 10:17:12.685,0.93612,0.9364,2.33,3.16
2012.06.26 10:17:12.995,0.93608,0.93636,3.23,2.33
2012.06.26 10:17:13.621,0.93608,0.93636,3.23,2.78
2012.06.26 10:17:13.684,0.9361,0.93636,2.33,2.78
2012.06.26 10:17:14.077,0.93608,0.93636,3.23,2.78
2012.06.26 10:17:17.266,0.93608,0.93634,3.23,2.33
2012.06.26 10:17:18.002,0.93607,0.93635,4.35,2.33
2012.06.26 10:17:19.014,0.93607,0.93635,3.98,3.16
2012.06.26 10:17:19.321,0.93607,0.93635,3.23,2.70
2012.06.26 10:17:22.384,0.93615,0.93643,2.63,2.78
2012.06.26 10:17:25.164,0.93615,0.93643,2.63,2.78
2012.06.26 10:17:26.556,0.93615,0.93643,2.63,2.78
2012.06.26 10:17:27.101,0.93615,0.93643,2.63,2.78
2012.06.26 10:17:28.115,0.93615,0.93643,2.63,2.78
2012.06.26 10:17:28.365,0.93608,0.93636,3.98,2.78
2012.06.26 10:17:28.747,0.93608,0.93634,1.65,2.78
2012.06.26 10:17:29.308,0.93607,0.93634,1.05,2.78
2012.06.26 10:17:31.068,0.93607,0.93634,1.05,2.78
2012.06.26 10:17:31.194,0.93611,0.93634,1.05,2.33
2012.06.26 10:17:31.497,0.93611,0.93639,3.38,3.16
2012.06.26 10:17:31.865,0.93611,0.93638,1.05,2.70
2012.06.26 10:17:32.056,0.93615,0.93641,2.63,2.33
2012.06.26 10:17:32.618,0.93615,0.93641,2.63,2.33
2012.06.26 10:17:33.565,0.93614,0.9364,2.63,2.33
2012.06.26 10:17:34.305,0.93614,0.9364,2.63,2.33
2012.06.26 10:17:34.844,0.93614,0.9364,2.63,2.33
2012.06.26 10:17:35.536,0.93614,0.9364,2.63,2.33
2012.06.26 10:17:36.464,0.93614,0.9364,2.63,2.33
2012.06.26 10:17:36.911,0.93612,0.93647,3.15,1.21
2012.06.26 10:17:37.235,0.93616,0.93647,1.65,1.21
2012.06.26 10:17:37.366,0.93617,0.93653,1.05,1.06
2012.06.26 10:17:37.625,0.93625,0.93653,2.63,3.38
2012.06.26 10:17:38.109,0.93626,0.93653,2.63,1.06
2012.06.26 10:17:38.485,0.93622,0.93648,3.00,2.33
2012.06.26 10:17:38.665,0.93622,0.93648,3.00,2.33
2012.06.26 10:17:38.875,0.93621,0.93647,3.00,2.33
2012.06.26 10:17:38.995,0.9362,0.93646,3.00,2.78
2012.06.26 10:17:39.256,0.93618,0.93646,3.00,2.78
2012.06.26 10:17:39.314,0.93618,0.93646,3.00,2.78
2012.06.26 10:17:39.865,0.93618,0.93646,2.63,2.78
2012.06.26 10:17:40.235,0.93617,0.93643,2.63,2.78
2012.06.26 10:17:44.467,0.93616,0.93644,3.00,2.78
2012.06.26 10:17:44.831,0.93613,0.93639,3.00,2.78
2012.06.26 10:17:45.295,0.93613,0.93641,3.00,2.78
2012.06.26 10:17:45.565,0.93613,0.93641,2.63,2.78
2012.06.26 10:17:46.115,0.93613,0.93641,2.63,2.78
2012.06.26 10:17:46.666,0.93613,0.93641,2.63,2.78
2012.06.26 10:17:46.776,0.93613,0.93641,2.63,2.78
2012.06.26 10:17:48.086,0.93613,0.93641,2.63,2.78
2012.06.26 10:17:48.370,0.93613,0.93639,2.63,2.33
2012.06.26 10:17:48.595,0.93613,0.93639,2.63,2.78
2012.06.26 10:17:49.124,0.93613,0.93639,2.63,2.78
2012.06.26 10:17:49.495,0.93622,0.93648,2.33,3.16
2012.06.26 10:17:49.555,0.93622,0.93648,2.63,3.16
2012.06.26 10:17:49.675,0.93622,0.93648,2.63,3.16
2012.06.26 10:17:50.315,0.93624,0.9365,2.63,2.78
2012.06.26 10:17:50.715,0.93623,0.93651,2.63,2.78
2012.06.26 10:17:51.015,0.93627,0.93655,2.63,3.16
2012.06.26 10:17:51.175,0.93624,0.9365,2.63,2.78
2012.06.26 10:17:52.814,0.93624,0.9365,2.63,2.78
2012.06.26 10:17:54.565,0.93619,0.93645,2.63,2.78
2012.06.26 10:17:55.099,0.93617,0.93643,3.00,2.33
2012.06.26 10:17:55.757,0.93617,0.93645,3.00,2.78
2012.06.26 10:17:56.441,0.93617,0.93643,2.63,2.33
2012.06.26 10:17:57.928,0.93617,0.93645,2.63,2.78
2012.06.26 10:17:58.726,0.93617,0.93645,3.23,2.33
2012.06.26 10:17:59.366,0.93622,0.9365,2.63,3.16
2012.06.26 10:18:00.115,0.93622,0.9365,2.63,3.16
2012.06.26 10:18:05.286,0.93619,0.93645,3.00,2.78
2012.06.26 10:18:09.040,0.93619,0.93645,2.63,2.78
2012.06.26 10:18:10.945,0.93615,0.93643,3.60,2.78
2012.06.26 10:18:11.107,0.93615,0.93643,3.60,2.78
2012.06.26 10:18:11.655,0.93615,0.93641,3.00,2.78
2012.06.26 10:18:15.064,0.93617,0.93645,2.63,2.78
2012.06.26 10:18:15.618,0.93617,0.93645,3.00,2.78
2012.06.26 10:18:15.986,0.93617,0.93645,3.00,2.33
2012.06.26 10:18:16.600,0.93622,0.93647,2.63,1.06
2012.06.26 10:18:17.919,0.93622,0.93648,2.63,2.78
2012.06.26 10:18:18.603,0.93622,0.9365,2.63,2.78
2012.06.26 10:18:19.155,0.93623,0.93651,2.63,3.38
2012.06.26 10:18:20.415,0.93624,0.9365,2.63,2.78
2012.06.26 10:18:21.039,0.93627,0.93654,2.63,3.76
2012.06.26 10:18:21.365,0.93624,0.93647,1.28,2.33
2012.06.26 10:18:21.436,0.93631,0.93657,2.63,2.78
2012.06.26 10:18:21.505,0.93624,0.93648,1.28,2.78
2012.06.26 10:18:22.185,0.93625,0.93653,3.00,2.78
2012.06.26 10:18:23.354,0.93626,0.93654,2.63,2.78
2012.06.26 10:18:25.515,0.93626,0.93654,2.63,2.78
2012.06.26 10:18:25.636,0.93625,0.93653,2.63,2.78
2012.06.26 10:18:26.335,0.93624,0.9365,3.23,2.33
2012.06.26 10:18:26.794,0.93623,0.93649,2.63,2.33
2012.06.26 10:18:26.934,0.93624,0.93652,2.63,2.78
2012.06.26 10:18:28.028,0.93623,0.93649,2.63,2.33
2012.06.26 10:18:28.588,0.93624,0.93652,2.63,2.78
2012.06.26 10:18:29.007,0.93625,0.93653,2.63,3.16
2012.06.26 10:18:34.834,0.93627,0.93653,2.63,2.78
2012.06.26 10:18:35.284,0.93625,0.93653,2.63,2.78
2012.06.26 10:18:43.215,0.93625,0.93651,2.63,2.33
2012.06.26 10:18:43.760,0.93625,0.93653,2.63,2.78
2012.06.26 10:18:45.225,0.93625,0.93651,2.63,2.78
2012.06.26 10:18:46.767,0.93626,0.93654,2.63,3.16
2012.06.26 10:18:47.456,0.93626,0.93655,3.00,3.38
2012.06.26 10:18:47.584,0.93626,0.93655,3.00,3.38
2012.06.26 10:18:47.972,0.93625,0.93651,3.00,2.78
2012.06.26 10:18:48.516,0.93624,0.9365,2.63,2.78
2012.06.26 10:18:49.213,0.93627,0.93654,2.63,3.16
2012.06.26 10:18:49.538,0.93627,0.93654,2.63,3.16
2012.06.26 10:18:49.845,0.93623,0.93651,3.00,2.78
2012.06.26 10:18:50.187,0.93623,0.93651,3.00,2.78
2012.06.26 10:18:50.556,0.9362,0.93646,3.60,2.33
2012.06.26 10:18:50.865,0.93623,0.93651,2.63,2.70
2012.06.26 10:18:51.286,0.93623,0.93651,2.63,2.70
2012.06.26 10:18:51.534,0.93623,0.93649,2.63,2.33
2012.06.26 10:18:52.211,0.93622,0.93648,2.63,2.33
2012.06.26 10:18:54.275,0.93622,0.93648,3.38,2.33
2012.06.26 10:18:54.356,0.93622,0.9365,3.38,2.33
2012.06.26 10:18:54.871,0.93622,0.9365,2.63,2.33
2012.06.26 10:18:55.474,0.93622,0.9365,2.63,2.33
2012.06.26 10:18:55.775,0.93621,0.93648,1.28,2.33
2012.06.26 10:18:55.897,0.93619,0.93647,3.00,2.78
2012.06.26 10:18:56.206,0.93616,0.93649,1.05,1.06
2012.06.26 10:18:56.550,0.93611,0.93649,1.43,1.43
2012.06.26 10:18:56.675,0.93611,0.93649,1.43,1.43
2012.06.26 10:18:57.212,0.93614,0.9364,2.63,2.33
2012.06.26 10:18:59.276,0.93616,0.93642,2.63,2.33
2012.06.26 10:19:00.129,0.93617,0.93643,2.63,2.78
2012.06.26 10:19:00.741,0.93615,0.93643,3.00,2.33
2012.06.26 10:19:01.584,0.93616,0.93644,2.63,2.78
2012.06.26 10:19:02.410,0.93614,0.93643,2.63,2.33
2012.06.26 10:19:03.956,0.93614,0.93642,2.63,2.33
2012.06.26 10:19:04.308,0.93619,0.93645,2.63,3.16
2012.06.26 10:19:04.494,0.93619,0.93645,2.63,3.16
2012.06.26 10:19:05.337,0.9362,0.93646,2.63,3.16
2012.06.26 10:19:10.865,0.93617,0.93645,3.60,2.33
2012.06.26 10:19:11.394,0.93618,0.93646,3.00,2.33
2012.06.26 10:19:13.115,0.93615,0.93641,3.23,2.33
2012.06.26 10:19:13.795,0.93615,0.93642,2.63,2.33
2012.06.26 10:19:14.332,0.93616,0.93644,2.63,2.33
2012.06.26 10:19:14.605,0.93617,0.93645,2.63,2.33
2012.06.26 10:19:15.246,0.93617,0.93645,2.63,2.33
2012.06.26 10:19:20.495,0.93615,0.93643,3.00,2.33
2012.06.26 10:19:20.714,0.93615,0.93642,3.00,2.33
2012.06.26 10:19:21.480,0.93614,0.93639,1.28,2.33
2012.06.26 10:19:21.724,0.93613,0.93641,3.60,2.33
2012.06.26 10:19:22.342,0.93613,0.93641,3.60,2.33
2012.06.26 10:19:22.957,0.93613,0.93641,3.60,2.78
2012.06.26 10:19:23.025,0.93609,0.93635,3.00,2.33
2012.06.26 10:19:23.334,0.93614,0.9364,2.33,2.33
2012.06.26 10:19:23.674,0.9361,0.93636,3.00,2.33
2012.06.26 10:19:24.031,0.93611,0.93636,1.43,2.33
2012.06.26 10:19:25.994,0.93612,0.93637,1.05,2.33
2012.06.26 10:19:26.550,0.93612,0.93636,1.05,2.33
2012.06.26 10:19:29.004,0.9361,0.93638,2.63,2.33
2012.06.26 10:19:29.181,0.93608,0.93636,3.00,2.33
2012.06.26 10:19:29.611,0.93607,0.93633,3.00,2.33
2012.06.26 10:19:30.377,0.93607,0.93633,3.00,2.33
2012.06.26 10:19:30.598,0.93607,0.93633,3.00,2.33
2012.06.26 10:19:35.234,0.93608,0.93633,1.28,2.33
2012.06.26 10:19:35.415,0.93608,0.93643,1.28,2.18
2012.06.26 10:19:35.475,0.93608,0.93642,1.28,1.43
2012.06.26 10:19:36.100,0.93609,0.93635,2.63,2.33
2012.06.26 10:19:36.187,0.93609,0.93635,2.63,2.78
2012.06.26 10:19:36.314,0.93611,0.93639,2.63,2.78
2012.06.26 10:19:36.375,0.9361,0.93636,2.63,2.78
2012.06.26 10:19:36.495,0.93612,0.9364,2.63,2.78
2012.06.26 10:19:36.804,0.93611,0.93637,2.63,2.78
2012.06.26 10:19:39.305,0.93606,0.93634,3.00,2.78
2012.06.26 10:19:39.666,0.93605,0.93631,3.00,2.78
2012.06.26 10:19:40.265,0.93606,0.93634,2.63,2.78
2012.06.26 10:19:40.325,0.93606,0.93634,2.63,2.78
2012.06.26 10:19:40.845,0.93606,0.93634,2.63,2.78
2012.06.26 10:19:45.138,0.93606,0.93634,3.00,2.78
2012.06.26 10:19:49.324,0.93608,0.93634,2.63,2.33
2012.06.26 10:19:49.666,0.93613,0.93639,2.63,3.16
2012.06.26 10:19:49.944,0.93613,0.93641,2.63,3.16
2012.06.26 10:19:51.116,0.93612,0.93638,2.63,2.78
2012.06.26 10:19:55.533,0.93612,0.93638,2.63,2.78
2012.06.26 10:20:04.065,0.93615,0.93641,2.63,2.78
2012.06.26 10:20:05.307,0.93616,0.93644,2.63,2.78
2012.06.26 10:20:15.186,0.93612,0.9364,3.38,2.78
2012.06.26 10:20:16.984,0.93612,0.93638,3.00,2.33
2012.06.26 10:20:17.581,0.93613,0.93639,3.00,2.78
2012.06.26 10:20:18.478,0.93613,0.93639,3.00,2.33
2012.06.26 10:20:18.605,0.93618,0.93644,2.63,3.16
2012.06.26 10:20:19.356,0.93617,0.93643,3.00,2.78
2012.06.26 10:20:19.687,0.93617,0.93643,3.00,2.78
2012.06.26 10:20:19.994,0.93614,0.9364,3.00,2.78
2012.06.26 10:20:20.295,0.93616,0.93642,1.43,2.33
2012.06.26 10:20:20.424,0.93616,0.93654,1.43,1.43
2012.06.26 10:20:20.877,0.93622,0.9366,1.43,1.43
2012.06.26 10:20:20.950,0.93622,0.9366,1.43,1.43
2012.06.26 10:20:21.145,0.93627,0.93655,2.63,2.78
2012.06.26 10:20:21.475,0.93624,0.93652,2.63,2.78
2012.06.26 10:20:22.107,0.93622,0.93648,2.63,2.78
2012.06.26 10:20:23.316,0.93619,0.93647,2.63,2.78
2012.06.26 10:20:23.845,0.93617,0.93645,3.75,2.78
2012.06.26 10:20:24.184,0.93617,0.93639,1.43,2.33
2012.06.26 10:20:24.515,0.93617,0.93639,1.43,2.33
2012.06.26 10:20:25.242,0.93613,0.93639,3.00,2.78
2012.06.26 10:20:29.695,0.93613,0.93639,3.00,2.33
2012.06.26 10:20:29.874,0.93617,0.93645,2.63,2.78
2012.06.26 10:20:32.764,0.93617,0.93645,2.63,2.78
2012.06.26 10:20:34.205,0.93616,0.9364,1.05,2.33
2012.06.26 10:20:34.394,0.93616,0.93642,1.05,2.78
2012.06.26 10:20:36.104,0.93614,0.93642,2.63,2.78
2012.06.26 10:20:36.472,0.93614,0.9364,2.63,2.78
2012.06.26 10:20:36.996,0.93611,0.93637,1.65,2.33
2012.06.26 10:20:37.439,0.93611,0.93638,1.65,2.78
2012.06.26 10:20:37.808,0.93611,0.93637,1.65,2.33
2012.06.26 10:20:38.345,0.93617,0.93641,1.05,2.78
2012.06.26 10:20:38.475,0.93617,0.93641,1.05,2.78
2012.06.26 10:20:46.227,0.93617,0.9364,1.05,2.33
2012.06.26 10:20:46.354,0.93618,0.93646,2.63,2.78
2012.06.26 10:20:47.130,0.93618,0.93646,2.63,2.78
2012.06.26 10:20:49.316,0.93619,0.93647,2.63,2.78
2012.06.26 10:20:49.544,0.93619,0.93647,2.63,2.78
2012.06.26 10:20:50.865,0.93624,0.9365,2.63,2.78
2012.06.26 10:20:51.305,0.93619,0.93645,3.00,2.78
2012.06.26 10:20:55.256,0.93619,0.93645,3.00,2.78
2012.06.26 10:21:01.257,0.93617,0.93643,2.63,2.78
2012.06.26 10:21:03.002,0.93617,0.93643,2.63,2.78
2012.06.26 10:21:03.561,0.93617,0.93643,2.63,2.78
2012.06.26 10:21:04.281,0.93617,0.93643,2.63,2.78
2012.06.26 10:21:04.865,0.93617,0.93643,2.63,2.78
2012.06.26 10:21:05.485,0.93617,0.93643,2.63,2.78
2012.06.26 10:21:06.014,0.93617,0.93643,2.63,2.78
2012.06.26 10:21:07.856,0.93619,0.93647,2.63,3.16
2012.06.26 10:21:08.175,0.93621,0.93647,2.63,3.16
2012.06.26 10:21:08.732,0.93619,0.93645,2.63,2.78
2012.06.26 10:21:09.423,0.93619,0.93647,2.63,3.16
2012.06.26 10:21:09.953,0.93621,0.93649,2.63,2.78
2012.06.26 10:21:10.015,0.93621,0.93649,2.63,2.78
2012.06.26 10:21:10.195,0.93622,0.9365,2.63,3.16
2012.06.26 10:21:10.334,0.93622,0.9365,2.63,3.16
2012.06.26 10:21:10.963,0.93624,0.9365,2.63,3.16
2012.06.26 10:21:13.120,0.93624,0.9365,2.63,2.78
2012.06.26 10:21:20.095,0.93623,0.93651,2.63,2.78
2012.06.26 10:21:22.657,0.93623,0.93651,2.63,2.78
2012.06.26 10:21:26.622,0.93623,0.93651,2.63,2.78
2012.06.26 10:21:26.834,0.93627,0.93653,2.63,2.78
2012.06.26 10:21:27.716,0.93627,0.93653,2.63,2.78
2012.06.26 10:21:28.424,0.93627,0.93655,2.63,2.78
2012.06.26 10:21:28.587,0.93627,0.93655,2.63,2.78
2012.06.26 10:21:29.247,0.93627,0.93655,2.63,2.78
2012.06.26 10:21:29.970,0.93627,0.93655,2.63,2.78
2012.06.26 10:21:30.315,0.93627,0.93655,3.00,2.78
2012.06.26 10:21:30.675,0.93631,0.93659,2.63,2.78
2012.06.26 10:21:30.808,0.93631,0.93659,2.63,2.78
2012.06.26 10:21:31.311,0.93631,0.93659,2.63,2.78
2012.06.26 10:21:33.904,0.93629,0.93655,3.00,2.33
2012.06.26 10:21:34.076,0.93629,0.93655,3.00,2.78
2012.06.26 10:21:35.355,0.93628,0.93654,2.63,2.78
2012.06.26 10:21:36.011,0.93626,0.93652,3.75,2.33
2012.06.26 10:21:38.147,0.93626,0.93652,3.75,2.78
2012.06.26 10:21:38.275,0.93626,0.93654,3.00,3.38
2012.06.26 10:21:39.797,0.93629,0.93654,2.63,1.06
2012.06.26 10:21:41.235,0.93627,0.93654,2.63,1.43
2012.06.26 10:21:41.414,0.93622,0.93646,1.05,2.78
2012.06.26 10:21:41.475,0.93619,0.93646,1.28,2.33
2012.06.26 10:21:41.615,0.93622,0.9365,2.63,2.78
2012.06.26 10:21:42.766,0.93622,0.9365,3.38,2.78
2012.06.26 10:21:43.647,0.93622,0.9365,3.38,2.78
2012.06.26 10:21:44.429,0.93627,0.93655,3.00,2.78
2012.06.26 10:21:45.847,0.93627,0.93655,3.00,2.78
2012.06.26 10:21:48.600,0.93627,0.93655,3.00,2.78
2012.06.26 10:21:50.526,0.93625,0.93653,3.00,2.78
2012.06.26 10:21:51.517,0.93625,0.93653,2.63,3.38
2012.06.26 10:21:51.845,0.93625,0.93653,3.23,2.78
2012.06.26 10:21:51.916,0.93625,0.93653,3.23,2.78
2012.06.26 10:21:51.985,0.93627,0.93653,3.23,2.78
2012.06.26 10:21:52.295,0.93628,0.93654,2.63,2.78
2012.06.26 10:21:52.636,0.93625,0.93651,2.63,2.78
2012.06.26 10:21:53.178,0.93622,0.93649,1.43,2.33
2012.06.26 10:21:53.748,0.93626,0.93652,2.63,2.78
2012.06.26 10:21:54.486,0.93626,0.93652,2.63,2.78
2012.06.26 10:21:55.080,0.93626,0.93652,2.63,2.33
2012.06.26 10:21:55.634,0.93626,0.93652,2.63,2.78
2012.06.26 10:21:56.174,0.93626,0.93652,2.63,2.78
2012.06.26 10:21:57.226,0.93626,0.93652,2.63,3.16
2012.06.26 10:21:57.771,0.93622,0.93649,1.05,2.78
2012.06.26 10:21:58.436,0.93622,0.93649,1.05,2.78
2012.06.26 10:21:58.795,0.93622,0.93649,1.05,2.78
2012.06.26 10:21:59.255,0.93621,0.93647,3.00,2.78
2012.06.26 10:21:59.614,0.93621,0.93647,3.00,2.33
2012.06.26 10:22:00.453,0.93621,0.93647,2.63,2.78
2012.06.26 10:22:00.766,0.93624,0.93652,2.63,3.76
2012.06.26 10:22:01.523,0.93626,0.93652,2.63,3.38
2012.06.26 10:22:03.565,0.93625,0.93651,2.63,2.78
2012.06.26 10:22:03.746,0.93625,0.93651,2.63,2.78
2012.06.26 10:22:04.466,0.93626,0.93652,2.63,2.78
2012.06.26 10:22:04.767,0.93627,0.93653,2.63,2.78
2012.06.26 10:22:05.146,0.93629,0.93656,2.63,1.06
2012.06.26 10:22:07.491,0.93632,0.93656,2.63,1.06
2012.06.26 10:22:07.884,0.93633,0.93658,2.63,1.06
2012.06.26 10:22:10.476,0.9363,0.93656,2.63,2.78
2012.06.26 10:22:11.002,0.93629,0.93655,2.63,2.78
2012.06.26 10:22:12.537,0.93626,0.93654,3.60,2.78
2012.06.26 10:22:13.076,0.93628,0.93656,2.63,2.78
2012.06.26 10:22:13.454,0.93628,0.93656,2.63,2.78
2012.06.26 10:22:13.575,0.93628,0.93654,2.63,2.78
2012.06.26 10:22:13.754,0.93626,0.93654,3.60,2.78
2012.06.26 10:22:13.934,0.93632,0.93658,2.63,3.76
2012.06.26 10:22:14.511,0.93632,0.93658,2.63,3.16
2012.06.26 10:22:15.938,0.93632,0.93658,2.63,3.16
2012.06.26 10:22:16.188,0.93632,0.9366,2.63,3.16
2012.06.26 10:22:16.315,0.93632,0.9366,2.63,3.16
2012.06.26 10:22:17.110,0.93632,0.9366,2.63,2.78
2012.06.26 10:22:17.790,0.93632,0.9366,2.63,2.78
2012.06.26 10:22:18.185,0.93632,0.9366,2.63,3.16
2012.06.26 10:22:18.597,0.93628,0.93654,2.63,2.78
2012.06.26 10:22:18.744,0.93628,0.93654,2.33,2.78
2012.06.26 10:22:19.036,0.93624,0.9365,3.00,2.78
2012.06.26 10:22:19.256,0.93624,0.9365,3.00,2.78
2012.06.26 10:22:19.791,0.93624,0.9365,2.63,2.78
2012.06.26 10:22:20.305,0.93626,0.93654,2.63,3.76
2012.06.26 10:22:20.516,0.93624,0.93653,2.63,3.16
2012.06.26 10:22:20.915,0.93627,0.93655,3.00,2.78
2012.06.26 10:22:21.562,0.93626,0.93652,3.00,2.78
2012.06.26 10:22:21.685,0.93626,0.93652,3.00,2.78
2012.06.26 10:22:22.222,0.93626,0.93654,2.63,2.78
2012.06.26 10:22:23.626,0.93625,0.93653,2.63,2.78
2012.06.26 10:22:24.177,0.93625,0.93653,2.63,2.78
2012.06.26 10:22:28.265,0.93625,0.93653,2.63,2.78
2012.06.26 10:22:30.117,0.93624,0.93652,2.63,2.78
2012.06.26 10:22:30.786,0.93628,0.93654,2.33,2.78
2012.06.26 10:22:30.856,0.93624,0.9365,2.63,2.78
2012.06.26 10:22:31.605,0.93625,0.93651,2.63,3.16
2012.06.26 10:22:31.921,0.93627,0.93655,2.63,3.16
2012.06.26 10:22:33.107,0.93627,0.93655,2.63,3.16
2012.06.26 10:22:33.471,0.93627,0.93655,2.63,3.16
2012.06.26 10:22:34.185,0.93625,0.93653,2.63,2.78
2012.06.26 10:22:35.471,0.93625,0.93653,2.63,2.78
2012.06.26 10:22:37.446,0.93627,0.93653,2.63,2.78
2012.06.26 10:22:37.802,0.93627,0.93653,2.63,2.78
2012.06.26 10:22:41.984,0.93628,0.93654,2.63,2.78
2012.06.26 10:22:45.150,0.93628,0.93654,2.63,2.78
2012.06.26 10:22:45.690,0.93628,0.93654,2.63,2.78
2012.06.26 10:22:46.204,0.93628,0.93654,2.63,3.16
2012.06.26 10:22:46.265,0.93628,0.93654,2.63,3.16
2012.06.26 10:22:47.003,0.93622,0.9365,2.63,2.78
2012.06.26 10:22:47.662,0.93622,0.9365,2.63,2.78
2012.06.26 10:22:49.874,0.93624,0.9365,2.63,2.78
2012.06.26 10:22:50.438,0.93624,0.93652,2.63,2.78
2012.06.26 10:22:51.081,0.93624,0.93652,2.63,2.78
2012.06.26 10:22:51.736,0.93624,0.93652,2.63,2.78
2012.06.26 10:22:51.854,0.93624,0.93652,2.63,2.78
2012.06.26 10:22:53.606,0.93624,0.93652,2.63,2.78
2012.06.26 10:22:55.844,0.93624,0.93652,2.63,2.78
2012.06.26 10:22:55.908,0.93624,0.93652,2.63,2.78
2012.06.26 10:22:57.787,0.93624,0.93652,2.63,2.78
2012.06.26 10:22:57.897,0.93624,0.93652,2.63,2.78
2012.06.26 10:23:02.881,0.93624,0.93652,2.63,2.78
2012.06.26 10:23:02.955,0.93624,0.93652,2.63,2.78
2012.06.26 10:23:04.166,0.93624,0.93652,2.63,2.78
2012.06.26 10:23:04.911,0.93624,0.9365,2.63,2.33
2012.06.26 10:23:05.897,0.93624,0.9365,2.63,2.70
2012.06.26 10:23:06.205,0.93619,0.93645,2.63,2.33
2012.06.26 10:23:07.665,0.93618,0.93644,3.00,2.33
2012.06.26 10:23:08.546,0.93619,0.93645,2.63,2.33
2012.06.26 10:23:09.015,0.93619,0.93645,2.63,2.33
2012.06.26 10:23:12.269,0.9362,0.93646,2.63,2.78
2012.06.26 10:23:12.334,0.9362,0.93646,2.63,2.78
2012.06.26 10:23:12.454,0.9362,0.93648,2.63,3.16
2012.06.26 10:23:12.746,0.9362,0.93648,2.63,3.16
2012.06.26 10:23:13.281,0.9362,0.93648,2.63,3.16
2012.06.26 10:23:13.975,0.9362,0.93648,2.63,2.78
2012.06.26 10:23:14.067,0.9362,0.93648,2.63,2.78
2012.06.26 10:23:14.195,0.93622,0.93648,2.63,2.78
2012.06.26 10:23:14.617,0.93622,0.93648,2.63,2.78
2012.06.26 10:23:15.332,0.93621,0.93647,2.63,2.33
2012.06.26 10:23:15.901,0.93618,0.93646,2.63,2.33
2012.06.26 10:23:16.835,0.93618,0.93646,2.63,2.78
2012.06.26 10:23:16.895,0.93617,0.93643,2.63,2.33
2012.06.26 10:23:17.651,0.93616,0.93642,3.00,2.33
2012.06.26 10:23:22.835,0.93617,0.93643,2.63,2.33
2012.06.26 10:23:23.124,0.9362,0.93646,2.63,2.33
2012.06.26 10:23:24.225,0.9362,0.93646,2.63,2.33
2012.06.26 10:23:24.780,0.93621,0.93647,2.63,2.33
2012.06.26 10:23:28.861,0.93621,0.93647,2.63,2.33
2012.06.26 10:23:29.190,0.93617,0.93643,3.00,2.33
2012.06.26 10:23:33.045,0.93615,0.93641,3.00,2.33
2012.06.26 10:23:33.157,0.93615,0.93641,3.00,2.33
2012.06.26 10:23:33.871,0.93615,0.93641,3.00,2.33
2012.06.26 10:23:34.917,0.93612,0.93638,3.23,2.33
2012.06.26 10:23:35.541,0.93612,0.93638,2.63,2.33
2012.06.26 10:23:37.765,0.93617,0.93643,2.63,2.78
2012.06.26 10:23:37.825,0.93617,0.93643,2.63,2.33
2012.06.26 10:23:38.604,0.93617,0.93643,2.63,2.33
2012.06.26 10:23:38.665,0.93622,0.93648,2.63,3.76
2012.06.26 10:23:42.206,0.93622,0.9365,2.63,2.78
2012.06.26 10:23:44.347,0.93617,0.93643,3.38,2.33
2012.06.26 10:23:44.715,0.93615,0.93641,2.63,2.78
2012.06.26 10:23:44.895,0.93617,0.93645,2.63,3.16
2012.06.26 10:23:45.217,0.93614,0.9364,2.63,2.33
2012.06.26 10:23:45.532,0.93611,0.93637,3.38,2.78
2012.06.26 10:23:47.088,0.93611,0.93639,2.63,2.78
2012.06.26 10:23:47.669,0.9361,0.93638,2.63,2.33
2012.06.26 10:23:48.181,0.93611,0.93639,2.63,2.78
2012.06.26 10:23:48.513,0.93611,0.93637,2.63,2.33
2012.06.26 10:23:48.990,0.93614,0.9364,2.63,2.78
2012.06.26 10:23:49.746,0.93613,0.93639,2.63,2.78
2012.06.26 10:23:49.948,0.9361,0.93638,2.63,2.78
2012.06.26 10:23:50.621,0.93609,0.93637,3.00,2.78
2012.06.26 10:23:51.281,0.9361,0.93636,2.63,2.33
2012.06.26 10:23:55.227,0.9361,0.93636,2.63,2.78
2012.06.26 10:23:56.435,0.9361,0.93636,2.63,2.78
2012.06.26 10:23:58.308,0.9361,0.93636,2.63,2.33
2012.06.26 10:24:00.435,0.9361,0.93636,2.63,2.78
2012.06.26 10:24:01.330,0.9361,0.93636,2.63,2.33
2012.06.26 10:24:01.936,0.9361,0.93636,2.63,2.78
2012.06.26 10:24:02.527,0.9361,0.93636,2.63,2.33
2012.06.26 10:24:02.885,0.9361,0.93636,2.63,2.33
2012.06.26 10:24:02.956,0.93619,0.93642,2.63,1.43
2012.06.26 10:24:03.504,0.93618,0.93646,2.63,3.16
2012.06.26 10:24:04.575,0.93618,0.93646,2.63,2.78
2012.06.26 10:24:05.118,0.93618,0.93646,2.63,2.78
2012.06.26 10:24:05.605,0.93618,0.93646,2.63,2.78
2012.06.26 10:24:10.835,0.93618,0.93644,2.63,2.78
2012.06.26 10:24:11.305,0.93618,0.93644,2.63,2.78
2012.06.26 10:24:15.557,0.93618,0.93644,2.63,2.78
2012.06.26 10:24:25.254,0.93618,0.93644,2.63,2.78
2012.06.26 10:24:25.904,0.93618,0.93644,2.63,2.78
2012.06.26 10:24:26.087,0.93618,0.93644,2.63,2.78
2012.06.26 10:24:30.157,0.93618,0.93644,2.63,2.78
2012.06.26 10:24:30.513,0.93619,0.93647,2.63,2.78
2012.06.26 10:24:30.808,0.93619,0.93647,2.63,2.78
2012.06.26 10:24:30.935,0.93622,0.93648,2.63,3.16
2012.06.26 10:24:31.027,0.93622,0.93648,2.63,3.16
2012.06.26 10:24:34.925,0.93621,0.93647,2.63,2.78
2012.06.26 10:24:35.328,0.93621,0.93647,2.63,2.78
2012.06.26 10:24:35.871,0.93621,0.93647,2.63,2.78
2012.06.26 10:24:35.934,0.93621,0.93647,2.63,2.78
2012.06.26 10:24:35.994,0.93621,0.93647,2.63,2.78
2012.06.26 10:24:36.207,0.93621,0.93647,2.63,2.78
2012.06.26 10:24:36.334,0.93621,0.93647,2.63,2.78
2012.06.26 10:24:36.537,0.93621,0.93647,2.63,2.78
2012.06.26 10:24:36.974,0.93621,0.93647,2.63,2.78
2012.06.26 10:24:37.541,0.93621,0.93647,2.63,2.78
2012.06.26 10:24:38.201,0.93621,0.93647,2.63,2.78
2012.06.26 10:24:39.035,0.93622,0.93648,2.63,2.78
2012.06.26 10:24:39.304,0.9362,0.93646,2.63,2.78
2012.06.26 10:24:47.368,0.9362,0.93646,2.63,2.78
2012.06.26 10:24:47.880,0.9362,0.93646,2.63,2.78
2012.06.26 10:24:48.690,0.9362,0.93646,2.63,2.78
2012.06.26 10:24:48.754,0.9362,0.93646,2.63,2.33
2012.06.26 10:24:49.237,0.9362,0.93646,2.63,2.78
2012.06.26 10:24:50.041,0.9362,0.93646,2.63,2.78
2012.06.26 10:24:53.636,0.9362,0.93646,2.63,2.78
2012.06.26 10:24:54.351,0.9362,0.93646,2.63,2.78
2012.06.26 10:24:54.956,0.9362,0.93646,2.63,2.78
2012.06.26 10:24:55.074,0.9362,0.93646,2.63,2.78
2012.06.26 10:24:56.734,0.9362,0.93646,2.63,2.78
2012.06.26 10:24:57.376,0.9362,0.93646,2.63,2.78
2012.06.26 10:24:57.927,0.9362,0.93646,2.63,2.78
2012.06.26 10:24:58.239,0.9362,0.93646,2.63,2.78
2012.06.26 10:24:58.376,0.93619,0.93645,2.63,2.78
2012.06.26 10:24:58.926,0.93617,0.93645,2.63,2.78
2012.06.26 10:25:03.396,0.93617,0.93645,2.63,2.78
2012.06.26 10:25:03.946,0.93617,0.93645,2.63,2.78
2012.06.26 10:25:05.284,0.93617,0.93645,2.63,2.78
2012.06.26 10:25:05.496,0.93617,0.93645,2.63,2.78
2012.06.26 10:25:06.305,0.93617,0.93645,3.38,2.78
2012.06.26 10:25:15.936,0.93617,0.93645,2.63,2.78
2012.06.26 10:25:16.514,0.93618,0.93646,2.63,2.78
2012.06.26 10:25:18.395,0.93618,0.93646,2.63,2.78
2012.06.26 10:25:18.467,0.93618,0.93646,2.63,2.78
2012.06.26 10:25:19.017,0.93618,0.93646,2.63,2.78
2012.06.26 10:25:19.566,0.93618,0.93646,2.63,2.78
2012.06.26 10:25:20.446,0.93618,0.93646,2.63,2.78
2012.06.26 10:25:20.564,0.93618,0.93646,2.63,2.78
2012.06.26 10:25:21.217,0.93617,0.93645,3.00,2.78
2012.06.26 10:25:22.554,0.93617,0.93645,3.00,2.78
2012.06.26 10:25:23.077,0.93617,0.93645,3.00,2.78
2012.06.26 10:25:24.496,0.93617,0.93645,3.00,2.78
2012.06.26 10:25:24.614,0.93617,0.93645,3.00,2.78
2012.06.26 10:25:25.155,0.93617,0.93645,3.00,2.78
2012.06.26 10:25:25.515,0.93622,0.93648,2.33,3.16
2012.06.26 10:25:26.146,0.93622,0.93648,2.63,3.16
2012.06.26 10:25:32.087,0.93622,0.93648,2.63,3.16
2012.06.26 10:25:32.427,0.93621,0.93647,2.63,1.06
2012.06.26 10:25:32.766,0.93619,0.93647,3.00,3.38
2012.06.26 10:25:33.076,0.93614,0.93642,3.38,2.78
2012.06.26 10:25:33.205,0.93614,0.93642,2.63,2.78
2012.06.26 10:25:33.922,0.93614,0.9364,2.63,2.78
2012.06.26 10:25:34.396,0.93613,0.93639,2.63,2.78
2012.06.26 10:25:34.746,0.93611,0.93637,2.63,2.78
2012.06.26 10:25:35.181,0.93611,0.93637,2.63,2.78
2012.06.26 10:25:37.039,0.93611,0.93637,2.63,2.78
2012.06.26 10:25:37.346,0.93608,0.93633,1.28,2.33
2012.06.26 10:25:37.475,0.93615,0.93641,2.63,3.16
2012.06.26 10:25:37.894,0.93617,0.93643,2.63,3.16
2012.06.26 10:25:39.148,0.93617,0.93643,2.63,3.16
2012.06.26 10:25:39.215,0.93617,0.93643,2.63,3.16
2012.06.26 10:25:39.551,0.93613,0.93639,2.63,2.78
2012.06.26 10:25:40.665,0.93609,0.93637,3.00,2.78
2012.06.26 10:25:41.021,0.93611,0.93637,2.63,2.78
2012.06.26 10:25:41.574,0.93612,0.93638,2.63,2.78
2012.06.26 10:25:41.635,0.93612,0.93638,2.63,2.78
2012.06.26 10:25:41.977,0.93612,0.9364,2.63,2.78
2012.06.26 10:25:43.359,0.93617,0.93637,1.05,2.78
2012.06.26 10:25:43.609,0.93625,0.93651,2.63,2.78
2012.06.26 10:25:43.945,0.93624,0.93652,2.63,2.78
2012.06.26 10:25:44.754,0.93626,0.93652,2.63,2.78
2012.06.26 10:25:44.814,0.93626,0.93652,2.63,2.78
2012.06.26 10:25:45.823,0.93626,0.93652,2.63,2.78
2012.06.26 10:25:46.237,0.93626,0.93652,2.63,3.38
2012.06.26 10:25:46.307,0.93626,0.93652,3.23,2.78
2012.06.26 10:25:46.437,0.93628,0.93655,1.28,2.78
2012.06.26 10:25:46.873,0.93623,0.93647,1.05,2.33
2012.06.26 10:25:47.005,0.93617,0.93645,5.48,2.78
2012.06.26 10:25:47.543,0.93617,0.93643,2.63,2.33
2012.06.26 10:25:49.498,0.93617,0.93643,2.63,2.33
2012.06.26 10:25:50.004,0.93617,0.93643,2.63,2.33
2012.06.26 10:25:51.604,0.93617,0.93643,2.63,2.78
2012.06.26 10:25:51.725,0.93617,0.93643,2.63,2.33
2012.06.26 10:25:52.335,0.93618,0.93644,2.63,2.33
2012.06.26 10:25:54.696,0.93618,0.93644,3.00,2.33
2012.06.26 10:25:54.796,0.93618,0.93644,3.00,2.78
2012.06.26 10:25:55.305,0.93612,0.9364,3.00,2.33
2012.06.26 10:26:00.068,0.93612,0.9364,2.63,2.78
2012.06.26 10:26:00.632,0.93611,0.93639,3.23,2.33
2012.06.26 10:26:05.297,0.93611,0.93639,3.23,2.78
2012.06.26 10:26:07.555,0.93608,0.93636,2.63,2.33
2012.06.26 10:26:07.616,0.93608,0.93636,2.63,2.33
2012.06.26 10:26:07.745,0.93608,0.93636,2.63,2.78
2012.06.26 10:26:09.857,0.93607,0.93635,2.63,2.33
2012.06.26 10:26:10.371,0.9361,0.93636,2.63,2.78
2012.06.26 10:26:11.047,0.93609,0.93635,2.63,2.33
2012.06.26 10:26:11.609,0.93609,0.93637,2.63,2.78
2012.06.26 10:26:14.357,0.93609,0.93637,2.63,2.78
2012.06.26 10:26:15.032,0.93608,0.93634,2.63,2.33
2012.06.26 10:26:15.701,0.93608,0.93634,2.63,2.78
2012.06.26 10:26:25.144,0.93608,0.93634,2.63,2.78
2012.06.26 10:26:42.871,0.93608,0.93636,2.63,2.78
2012.06.26 10:26:43.176,0.93617,0.93643,2.63,1.06
2012.06.26 10:26:43.235,0.93617,0.93643,2.33,1.06
2012.06.26 10:26:43.535,0.93611,0.93639,3.00,2.78
2012.06.26 10:26:44.846,0.93616,0.93642,2.63,2.78
2012.06.26 10:26:45.195,0.93616,0.93643,2.63,1.06
2012.06.26 10:26:48.258,0.93616,0.93643,2.63,1.06
2012.06.26 10:26:49.578,0.93616,0.93644,2.63,2.78
2012.06.26 10:26:58.506,0.93617,0.93645,3.00,2.78
2012.06.26 10:26:58.635,0.93621,0.93647,2.63,2.78
2012.06.26 10:26:59.098,0.93624,0.93652,2.63,3.16
2012.06.26 10:27:00.395,0.93624,0.93652,2.63,3.16
2012.06.26 10:27:00.711,0.93619,0.93647,2.63,2.78
2012.06.26 10:27:01.138,0.93619,0.93647,2.63,2.78
2012.06.26 10:27:01.205,0.93624,0.93652,2.33,3.16
2012.06.26 10:27:01.265,0.93624,0.93652,2.63,3.16
2012.06.26 10:27:01.387,0.93624,0.93652,2.63,3.16
2012.06.26 10:27:01.905,0.93624,0.93652,2.63,2.78
2012.06.26 10:27:02.567,0.93624,0.93652,2.63,2.78
2012.06.26 10:27:03.424,0.93624,0.93652,2.63,2.78
2012.06.26 10:27:04.101,0.93624,0.93652,2.63,2.78
2012.06.26 10:27:04.446,0.93624,0.93652,2.63,3.16
2012.06.26 10:27:04.696,0.93621,0.93647,2.63,2.78
2012.06.26 10:27:05.116,0.9362,0.93648,2.63,2.78
2012.06.26 10:27:10.175,0.93622,0.93648,2.63,2.78
2012.06.26 10:27:12.716,0.93622,0.9365,2.63,3.16
2012.06.26 10:27:13.395,0.93625,0.93651,2.63,3.16
2012.06.26 10:27:21.055,0.93625,0.93653,2.63,3.38
2012.06.26 10:27:21.666,0.93625,0.93653,2.63,3.38
2012.06.26 10:27:21.776,0.93625,0.93653,2.63,3.38
2012.06.26 10:27:24.437,0.93624,0.93652,2.63,2.78
2012.06.26 10:27:29.088,0.93625,0.93652,2.63,2.78
2012.06.26 10:27:29.591,0.93625,0.93652,2.63,2.78
2012.06.26 10:27:30.337,0.93625,0.93652,2.63,2.78
2012.06.26 10:27:33.107,0.93625,0.93652,2.63,2.78
2012.06.26 10:27:33.716,0.93625,0.93652,2.63,2.78
2012.06.26 10:27:34.267,0.93625,0.93652,2.63,2.78
2012.06.26 10:27:34.755,0.93626,0.93652,2.63,2.78
2012.06.26 10:27:35.266,0.93626,0.93652,2.63,2.78
2012.06.26 10:27:36.141,0.93626,0.93652,2.63,2.78
2012.06.26 10:27:36.265,0.93626,0.93652,2.63,2.78
2012.06.26 10:27:36.346,0.93626,0.93652,2.63,2.78
2012.06.26 10:27:43.086,0.93625,0.93651,2.63,2.78
2012.06.26 10:27:43.145,0.93625,0.93651,2.63,2.78
2012.06.26 10:27:43.922,0.93625,0.93651,2.63,2.78
2012.06.26 10:27:55.135,0.93625,0.93651,2.63,2.78
2012.06.26 10:28:06.227,0.93625,0.93651,2.63,2.78
2012.06.26 10:28:06.355,0.93625,0.93651,2.63,2.78
2012.06.26 10:28:14.258,0.9362,0.93648,2.63,2.78
2012.06.26 10:28:14.385,0.9362,0.93648,2.63,2.78
2012.06.26 10:28:14.598,0.9362,0.93646,2.63,2.78
2012.06.26 10:28:15.045,0.9362,0.93646,2.63,2.78
2012.06.26 10:28:15.360,0.93618,0.93646,3.00,2.78
2012.06.26 10:28:15.807,0.93618,0.93646,3.00,2.78
2012.06.26 10:28:16.147,0.93618,0.93646,3.00,2.78
2012.06.26 10:28:16.847,0.93618,0.93646,3.00,2.78
2012.06.26 10:28:18.546,0.93618,0.93646,3.00,2.78
2012.06.26 10:28:19.536,0.93618,0.93646,3.00,2.78
2012.06.26 10:28:20.291,0.93618,0.93646,3.00,2.78
2012.06.26 10:28:21.076,0.93618,0.93646,3.00,2.78
2012.06.26 10:28:24.256,0.93618,0.93646,3.00,2.78
2012.06.26 10:28:24.615,0.93617,0.93643,3.00,2.33
2012.06.26 10:28:25.202,0.93617,0.93643,3.00,2.78
2012.06.26 10:28:25.862,0.93617,0.93643,3.00,2.78
2012.06.26 10:28:26.446,0.93617,0.93643,3.00,2.78
2012.06.26 10:28:28.106,0.93617,0.93645,2.63,2.78
2012.06.26 10:28:28.436,0.93617,0.93645,2.63,2.78
2012.06.26 10:28:29.098,0.93617,0.93645,2.63,2.78
2012.06.26 10:28:29.779,0.93617,0.93645,2.63,2.78
2012.06.26 10:28:31.077,0.93617,0.93643,2.63,2.78
2012.06.26 10:28:32.885,0.93617,0.93643,2.63,2.78
2012.06.26 10:28:33.408,0.93617,0.93645,2.63,2.78
2012.06.26 10:28:33.985,0.93617,0.93645,3.38,2.78
2012.06.26 10:28:34.513,0.93622,0.93648,2.63,2.78
2012.06.26 10:28:35.258,0.93622,0.93648,2.63,2.78
2012.06.26 10:28:35.368,0.93622,0.93648,2.63,2.78
2012.06.26 10:28:37.905,0.9362,0.93648,2.63,2.78
2012.06.26 10:28:38.477,0.93619,0.93647,2.63,2.78
2012.06.26 10:28:40.485,0.93618,0.93646,3.00,2.33
2012.06.26 10:28:40.545,0.93622,0.9365,2.63,2.78
2012.06.26 10:28:42.918,0.93628,0.93654,2.63,3.38
2012.06.26 10:28:49.947,0.93628,0.93654,2.63,2.78
2012.06.26 10:28:50.524,0.9363,0.93658,2.63,3.16
2012.06.26 10:28:50.894,0.93626,0.93652,3.00,2.33
2012.06.26 10:28:51.407,0.93626,0.93654,3.00,2.78
2012.06.26 10:28:55.338,0.93627,0.93655,2.63,2.78
2012.06.26 10:28:56.675,0.93626,0.93652,2.63,2.33
2012.06.26 10:28:56.795,0.93625,0.93651,2.63,2.78
2012.06.26 10:29:01.967,0.93623,0.93651,2.63,3.16
2012.06.26 10:29:02.276,0.93618,0.93644,3.00,2.78
2012.06.26 10:29:02.349,0.93613,0.93645,1.05,1.06
2012.06.26 10:29:02.964,0.93615,0.93649,1.28,1.06
2012.06.26 10:29:03.266,0.9362,0.93648,2.63,2.78
2012.06.26 10:29:03.798,0.93619,0.93645,2.63,2.78
2012.06.26 10:29:03.907,0.93619,0.93645,2.63,2.78
2012.06.26 10:29:04.085,0.93617,0.93643,3.00,2.78
2012.06.26 10:29:04.326,0.93611,0.93637,3.00,2.33
2012.06.26 10:29:04.513,0.93616,0.93642,2.63,2.78
2012.06.26 10:29:04.700,0.93616,0.93642,2.63,2.78
2012.06.26 10:29:14.158,0.93616,0.93642,3.00,2.78
2012.06.26 10:29:14.528,0.93618,0.93644,2.63,2.33
2012.06.26 10:29:14.596,0.93622,0.93648,2.63,2.78
2012.06.26 10:29:16.429,0.93621,0.93649,2.63,2.78
2012.06.26 10:29:18.435,0.9362,0.93646,2.63,2.78
2012.06.26 10:29:20.715,0.93625,0.93651,2.63,3.16
2012.06.26 10:29:26.767,0.93623,0.93649,3.00,2.78
2012.06.26 10:29:27.174,0.93629,0.93655,2.33,2.78
2012.06.26 10:29:27.682,0.93626,0.93654,2.63,2.78
2012.06.26 10:29:29.844,0.93626,0.93654,2.63,2.78
2012.06.26 10:29:30.536,0.93623,0.93651,3.00,2.78
2012.06.26 10:29:31.071,0.93628,0.93654,2.33,2.78
2012.06.26 10:29:31.205,0.93628,0.93654,2.63,2.78
2012.06.26 10:29:32.926,0.93628,0.93654,2.63,2.78
2012.06.26 10:29:32.987,0.93628,0.93654,2.63,2.78
2012.06.26 10:29:33.513,0.93631,0.93657,2.33,2.78
2012.06.26 10:29:34.089,0.93629,0.93655,2.63,2.78
2012.06.26 10:29:34.506,0.93626,0.93651,2.70,1.06
2012.06.26 10:29:34.996,0.93626,0.93651,2.70,1.06
2012.06.26 10:29:35.343,0.9362,0.93648,3.00,2.78
2012.06.26 10:29:38.839,0.9362,0.93648,3.00,2.78
2012.06.26 10:29:38.966,0.93619,0.93658,1.05,1.58
2012.06.26 10:29:39.077,0.93619,0.93658,1.05,1.58
2012.06.26 10:29:39.890,0.93619,0.93662,1.05,1.21
2012.06.26 10:29:41.086,0.9362,0.93661,1.05,1.21
2012.06.26 10:29:42.799,0.93624,0.93652,3.00,2.78
2012.06.26 10:29:43.397,0.93623,0.93649,3.00,2.78
2012.06.26 10:29:43.707,0.93623,0.93649,3.00,2.78
2012.06.26 10:29:44.219,0.93623,0.93649,3.00,2.33
2012.06.26 10:29:44.717,0.93628,0.93654,2.63,2.78
2012.06.26 10:29:50.684,0.93628,0.93656,2.63,3.38
2012.06.26 10:29:50.758,0.9363,0.93656,2.33,3.38
2012.06.26 10:29:51.364,0.93627,0.93653,3.00,2.78
2012.06.26 10:29:54.305,0.93627,0.93655,2.63,2.78
2012.06.26 10:29:55.266,0.93627,0.93655,2.63,2.78
2012.06.26 10:29:57.347,0.93627,0.93655,2.63,2.78
2012.06.26 10:29:57.686,0.93625,0.9365,1.28,2.33
2012.06.26 10:29:57.764,0.93628,0.93656,2.63,2.78
2012.06.26 10:29:57.826,0.93628,0.93656,2.63,2.78
2012.06.26 10:29:57.976,0.93628,0.93656,2.63,2.78
2012.06.26 10:29:58.419,0.9363,0.93656,2.63,2.78
2012.06.26 10:29:58.757,0.9363,0.93656,2.63,2.78
2012.06.26 10:29:59.461,0.9363,0.93656,2.63,2.78
2012.06.26 10:30:00.046,0.93633,0.93659,2.63,3.16
2012.06.26 10:30:00.596,0.93633,0.93659,2.63,3.16
2012.06.26 10:30:00.678,0.93633,0.93659,2.63,3.16
2012.06.26 10:30:01.228,0.93633,0.93659,2.63,3.16
2012.06.26 10:30:01.558,0.93633,0.93659,2.63,3.16
2012.06.26 10:30:02.106,0.93633,0.93659,2.63,3.16
2012.06.26 10:30:02.375,0.93631,0.93659,2.63,3.16
2012.06.26 10:30:03.192,0.9363,0.93658,2.63,3.16
2012.06.26 10:30:04.089,0.93629,0.93655,2.63,2.78
2012.06.26 10:30:04.872,0.93631,0.93659,2.63,3.16
2012.06.26 10:30:05.465,0.93628,0.93656,2.63,2.78
2012.06.26 10:30:10.677,0.93628,0.93656,2.63,2.78
2012.06.26 10:30:11.106,0.93635,0.93661,2.63,2.78
2012.06.26 10:30:15.315,0.93636,0.93662,2.63,2.78
2012.06.26 10:30:23.388,0.93634,0.93662,2.63,2.78
2012.06.26 10:30:23.905,0.93634,0.93662,2.63,2.78
2012.06.26 10:30:24.498,0.93634,0.93662,2.63,2.78
2012.06.26 10:30:25.288,0.93634,0.93662,2.63,2.78
2012.06.26 10:30:34.677,0.93634,0.93662,3.00,2.33
2012.06.26 10:30:35.127,0.93634,0.93662,3.00,2.78
2012.06.26 10:30:35.804,0.93637,0.93663,2.63,2.78
2012.06.26 10:30:36.483,0.93637,0.93663,2.63,2.78
2012.06.26 10:30:41.675,0.93636,0.93664,2.63,3.16
2012.06.26 10:30:43.750,0.93636,0.93664,2.63,2.78
2012.06.26 10:30:44.490,0.93642,0.93668,2.63,3.16
2012.06.26 10:30:45.344,0.93638,0.93664,2.63,2.78
2012.06.26 10:30:46.002,0.93638,0.93664,2.63,2.78
2012.06.26 10:30:47.055,0.93641,0.93667,2.63,2.78
2012.06.26 10:30:52.297,0.93638,0.93666,3.00,2.78
2012.06.26 10:30:53.005,0.93641,0.93669,2.63,3.76
2012.06.26 10:30:53.289,0.93641,0.93669,2.63,3.76
2012.06.26 10:30:55.225,0.93641,0.93669,2.63,3.16
2012.06.26 10:30:59.357,0.93641,0.93669,2.63,3.16
2012.06.26 10:31:01.339,0.93641,0.93669,2.63,3.16
2012.06.26 10:31:01.855,0.9364,0.93668,2.63,2.78
2012.06.26 10:31:05.082,0.9364,0.93666,2.63,2.78
2012.06.26 10:31:05.782,0.9364,0.93666,2.63,2.78
2012.06.26 10:31:06.735,0.93638,0.93666,3.00,2.78
2012.06.26 10:31:07.335,0.93638,0.93666,3.00,2.78
2012.06.26 10:31:08.153,0.93638,0.93666,3.00,2.78
2012.06.26 10:31:10.076,0.93638,0.93666,3.00,2.78
2012.06.26 10:31:10.387,0.93637,0.93663,1.28,2.78
2012.06.26 10:31:15.092,0.93637,0.93663,1.28,2.78
2012.06.26 10:31:15.955,0.93637,0.93663,1.28,2.33
2012.06.26 10:31:16.105,0.9364,0.93666,2.63,2.78
2012.06.26 10:31:16.165,0.9364,0.93666,2.63,2.78
2012.06.26 10:31:16.696,0.9364,0.93666,2.63,2.78
2012.06.26 10:31:17.276,0.93643,0.93671,2.63,2.78
2012.06.26 10:31:18.028,0.93643,0.93671,2.63,2.78
2012.06.26 10:31:18.138,0.93643,0.93671,2.63,2.78
2012.06.26 10:31:18.929,0.93643,0.93671,2.33,2.78
2012.06.26 10:31:19.081,0.93639,0.93665,3.00,2.78
2012.06.26 10:31:20.779,0.93639,0.93665,2.63,2.78
2012.06.26 10:31:21.118,0.93644,0.9367,2.63,2.78
2012.06.26 10:31:25.565,0.93639,0.93665,2.63,2.33
2012.06.26 10:31:30.677,0.93639,0.93665,2.63,2.33
2012.06.26 10:31:34.765,0.93639,0.93665,2.63,2.78
2012.06.26 10:31:35.391,0.93635,0.93661,3.23,2.33
2012.06.26 10:31:37.775,0.93636,0.93662,3.23,2.78
2012.06.26 10:31:43.216,0.93639,0.93665,2.63,2.78
2012.06.26 10:31:43.686,0.93639,0.93665,2.63,2.33
2012.06.26 10:31:43.997,0.93639,0.93665,2.63,2.78
2012.06.26 10:31:44.126,0.93637,0.93665,3.23,2.78
2012.06.26 10:31:44.307,0.93639,0.93665,2.63,2.78
2012.06.26 10:31:44.774,0.93633,0.93661,3.00,2.78
2012.06.26 10:31:46.687,0.93637,0.93663,2.63,1.21
2012.06.26 10:31:47.150,0.93632,0.93658,1.05,3.38
2012.06.26 10:31:47.398,0.93631,0.93659,3.23,2.78
2012.06.26 10:31:47.607,0.93631,0.93659,3.23,2.78
2012.06.26 10:31:48.527,0.93633,0.93661,2.63,2.78
2012.06.26 10:31:50.209,0.93633,0.93661,3.23,2.33
2012.06.26 10:31:50.336,0.93642,0.9367,2.63,3.76
2012.06.26 10:31:50.430,0.93642,0.9367,2.33,3.76
2012.06.26 10:31:50.496,0.93634,0.9366,3.23,2.33
2012.06.26 10:31:50.557,0.93634,0.9366,3.23,2.78
2012.06.26 10:31:50.676,0.93634,0.9366,3.23,2.33
2012.06.26 10:31:51.026,0.93637,0.93665,2.63,2.78
2012.06.26 10:31:51.749,0.93637,0.93665,2.63,2.78
2012.06.26 10:31:53.095,0.93637,0.93665,2.63,2.78
2012.06.26 10:31:53.335,0.93641,0.93669,2.63,2.78
2012.06.26 10:31:53.695,0.93637,0.93663,2.63,2.78
2012.06.26 10:31:54.426,0.93636,0.93663,2.63,2.78
2012.06.26 10:31:54.756,0.93636,0.93663,2.33,3.38
2012.06.26 10:31:55.363,0.93631,0.93659,3.00,2.78
2012.06.26 10:31:56.121,0.93631,0.93659,3.00,2.78
2012.06.26 10:31:57.047,0.93631,0.93659,2.63,2.78
2012.06.26 10:31:59.430,0.93634,0.9366,2.63,2.78
2012.06.26 10:32:00.426,0.93635,0.93661,2.63,2.78
2012.06.26 10:32:02.833,0.93632,0.9366,2.63,2.33
2012.06.26 10:32:06.175,0.93634,0.9366,2.33,2.33
2012.06.26 10:32:08.776,0.93633,0.93659,2.93,2.33
2012.06.26 10:32:08.967,0.93633,0.93661,2.93,2.33
2012.06.26 10:32:11.047,0.93633,0.93659,2.93,2.33
2012.06.26 10:32:12.416,0.93633,0.93659,3.23,2.33
2012.06.26 10:32:12.535,0.93636,0.93663,2.33,2.70
2012.06.26 10:32:12.716,0.93635,0.93662,2.40,2.33
2012.06.26 10:32:12.930,0.93636,0.93664,3.23,2.33
2012.06.26 10:32:12.996,0.9364,0.93668,2.33,3.16
2012.06.26 10:32:13.558,0.9364,0.93666,2.33,2.33
2012.06.26 10:32:14.156,0.93639,0.93665,2.33,2.78
2012.06.26 10:32:15.926,0.93639,0.93665,2.33,2.78
2012.06.26 10:32:16.935,0.93639,0.93665,2.33,2.78
2012.06.26 10:32:17.532,0.93639,0.93665,2.33,2.78
2012.06.26 10:32:18.256,0.9364,0.93667,2.33,1.06
2012.06.26 10:32:18.400,0.93638,0.93664,2.33,2.33
2012.06.26 10:32:18.526,0.9364,0.93667,2.33,1.06
2012.06.26 10:32:25.445,0.9364,0.93666,2.63,2.33
2012.06.26 10:32:25.767,0.93644,0.93669,2.33,1.06
2012.06.26 10:32:25.826,0.93639,0.93667,3.00,2.78
2012.06.26 10:32:28.097,0.93639,0.93667,2.70,3.38
2012.06.26 10:32:28.406,0.93637,0.93663,3.00,2.33
2012.06.26 10:32:28.567,0.93638,0.93666,3.00,2.33
2012.06.26 10:32:29.016,0.93636,0.93664,3.00,2.33
2012.06.26 10:32:29.206,0.93636,0.93662,2.33,3.16
2012.06.26 10:32:29.337,0.93631,0.93659,2.63,2.33
2012.06.26 10:32:29.797,0.93634,0.93662,2.63,3.16
2012.06.26 10:32:30.266,0.93637,0.93664,2.33,1.06
2012.06.26 10:32:31.446,0.93636,0.93664,2.63,2.78
2012.06.26 10:32:32.046,0.93635,0.93663,2.63,2.33
2012.06.26 10:32:32.858,0.93634,0.9366,2.63,2.33
2012.06.26 10:32:33.383,0.93635,0.93661,2.63,2.33
2012.06.26 10:32:34.326,0.93633,0.93659,2.63,2.33
2012.06.26 10:32:34.696,0.93632,0.9366,2.63,2.33
2012.06.26 10:32:35.233,0.93631,0.93659,3.60,2.33
2012.06.26 10:32:36.456,0.9364,0.93665,2.33,1.21
2012.06.26 10:32:39.469,0.9364,0.93666,2.33,2.33
2012.06.26 10:32:39.801,0.93641,0.93669,2.33,3.38
2012.06.26 10:32:40.948,0.93641,0.93668,2.33,1.06
2012.06.26 10:32:41.442,0.93637,0.93663,2.63,2.33
2012.06.26 10:32:41.917,0.93639,0.93665,2.33,2.33
2012.06.26 10:32:42.046,0.93639,0.93667,2.63,2.33
2012.06.26 10:32:43.767,0.9364,0.93668,2.63,2.93
2012.06.26 10:32:44.322,0.93641,0.93667,2.63,2.33
2012.06.26 10:32:45.073,0.93643,0.93669,2.33,3.76
2012.06.26 10:32:53.800,0.9364,0.93668,2.63,2.93
2012.06.26 10:32:54.572,0.93639,0.93667,2.33,2.33
2012.06.26 10:32:55.647,0.93642,0.93668,2.33,3.38
2012.06.26 10:32:56.252,0.93641,0.93667,2.33,2.78
2012.06.26 10:32:56.751,0.93644,0.93668,2.33,1.06
2012.06.26 10:32:57.066,0.93646,0.93669,2.33,1.06
2012.06.26 10:32:57.219,0.93646,0.93672,2.33,3.16
2012.06.26 10:32:57.418,0.93646,0.93672,2.33,3.16
2012.06.26 10:32:57.606,0.9364,0.93668,2.33,2.78
2012.06.26 10:32:58.986,0.9364,0.93668,2.63,2.78
2012.06.26 10:33:00.015,0.93641,0.93669,2.33,3.38
2012.06.26 10:33:00.602,0.9364,0.93666,2.63,2.33
2012.06.26 10:33:04.730,0.93637,0.93665,3.00,2.33
2012.06.26 10:33:05.237,0.93637,0.93665,3.00,2.33
2012.06.26 10:33:11.698,0.93637,0.93665,3.00,2.33
2012.06.26 10:33:11.945,0.93637,0.93665,3.00,2.78
2012.06.26 10:33:12.007,0.93642,0.9367,2.33,3.76
2012.06.26 10:33:12.450,0.93634,0.9366,3.00,2.33
2012.06.26 10:33:12.576,0.93636,0.93664,3.00,2.33
2012.06.26 10:33:19.031,0.9364,0.93666,2.33,2.78
2012.06.26 10:33:19.365,0.93643,0.9367,2.33,1.43
2012.06.26 10:33:19.805,0.93639,0.93665,2.63,2.33
2012.06.26 10:33:20.330,0.93639,0.93665,2.63,3.08
2012.06.26 10:33:20.637,0.93634,0.93661,2.70,3.38
2012.06.26 10:33:21.010,0.93638,0.93659,2.33,1.43
2012.06.26 10:33:21.076,0.93629,0.93657,2.33,3.16
2012.06.26 10:33:21.585,0.9363,0.93656,2.33,2.70
2012.06.26 10:33:22.121,0.93628,0.93654,2.63,2.33
2012.06.26 10:33:24.429,0.93627,0.93655,2.63,2.70
2012.06.26 10:33:25.218,0.93627,0.93655,2.63,3.16
2012.06.26 10:33:29.626,0.93627,0.93655,2.63,3.16
2012.06.26 10:33:29.806,0.93621,0.93649,3.38,2.33
2012.06.26 10:33:29.928,0.93621,0.93649,3.38,2.33
2012.06.26 10:33:29.995,0.93627,0.93653,2.33,2.70
2012.06.26 10:33:30.237,0.93621,0.93649,3.98,2.33
2012.06.26 10:33:31.580,0.93621,0.93649,3.38,2.33
2012.06.26 10:33:34.046,0.93622,0.9365,2.33,2.33
2012.06.26 10:33:35.226,0.93622,0.9365,3.98,2.33
2012.06.26 10:33:35.728,0.93623,0.93649,2.33,2.33
2012.06.26 10:33:36.262,0.93622,0.9365,3.38,2.33
2012.06.26 10:33:36.907,0.93623,0.93649,2.33,2.33
2012.06.26 10:33:37.380,0.93624,0.93652,2.33,2.78
2012.06.26 10:33:37.448,0.93624,0.93652,2.33,2.78
2012.06.26 10:33:37.807,0.93621,0.93647,2.33,2.78
2012.06.26 10:33:44.586,0.93625,0.93651,2.33,2.78
2012.06.26 10:33:45.121,0.93625,0.93651,2.33,2.78
2012.06.26 10:33:52.778,0.93625,0.9365,2.33,1.06
2012.06.26 10:33:52.846,0.93621,0.93647,2.33,2.33
2012.06.26 10:33:59.175,0.93621,0.93647,3.38,2.78
2012.06.26 10:34:02.527,0.93624,0.93652,2.63,2.78
2012.06.26 10:34:02.597,0.93624,0.93652,2.63,2.78
2012.06.26 10:34:03.046,0.93624,0.93652,3.00,2.78
2012.06.26 10:34:03.457,0.93624,0.93652,3.00,2.78
2012.06.26 10:34:07.425,0.93622,0.93648,3.38,2.78
2012.06.26 10:34:07.959,0.93622,0.93649,1.05,2.78
2012.06.26 10:34:08.315,0.93621,0.93649,2.63,2.78
2012.06.26 10:34:09.132,0.93621,0.93649,3.38,2.78
2012.06.26 10:34:10.077,0.93625,0.9365,2.63,1.06
2012.06.26 10:34:13.459,0.93625,0.93651,2.63,3.16
2012.06.26 10:34:13.585,0.93625,0.93651,2.63,2.78
2012.06.26 10:34:13.796,0.93626,0.93651,1.05,2.78
2012.06.26 10:34:15.169,0.9363,0.93656,3.00,2.78
2012.06.26 10:34:15.237,0.9363,0.93656,3.00,2.78
2012.06.26 10:34:15.890,0.93633,0.93662,3.00,2.78
2012.06.26 10:34:15.957,0.93632,0.93659,1.28,2.78
2012.06.26 10:34:17.916,0.93634,0.93662,2.63,3.16
2012.06.26 10:34:18.127,0.93634,0.93662,2.63,3.16
2012.06.26 10:34:19.739,0.93633,0.93662,2.63,3.16
2012.06.26 10:34:20.976,0.93633,0.9366,2.63,1.06
2012.06.26 10:34:21.039,0.93633,0.9366,2.63,1.06
2012.06.26 10:34:24.967,0.93635,0.9366,2.33,1.43
2012.06.26 10:34:25.277,0.93639,0.93665,2.33,3.16
2012.06.26 10:34:25.660,0.93638,0.93664,2.63,2.78
2012.06.26 10:34:25.736,0.93638,0.93664,2.63,2.78
2012.06.26 10:34:26.325,0.93636,0.93664,2.63,2.78
2012.06.26 10:34:26.869,0.93636,0.93664,2.63,2.78
2012.06.26 10:34:55.208,0.93639,0.93665,2.63,2.78
2012.06.26 10:35:05.127,0.93642,0.93666,2.33,1.43
2012.06.26 10:35:05.807,0.93642,0.93666,2.63,1.43
2012.06.26 10:35:06.490,0.93642,0.93668,2.63,3.16
2012.06.26 10:35:12.516,0.93642,0.93668,2.63,2.78
2012.06.26 10:35:13.030,0.93643,0.93671,2.63,3.76
2012.06.26 10:35:13.096,0.9364,0.93666,2.33,2.78
2012.06.26 10:35:13.156,0.9364,0.93668,2.63,2.78
2012.06.26 10:35:13.917,0.9364,0.93666,2.63,1.21
2012.06.26 10:35:14.524,0.93632,0.9366,2.63,2.78
2012.06.26 10:35:15.119,0.93632,0.9366,2.63,2.78
2012.06.26 10:35:15.863,0.93632,0.9366,2.63,2.78
2012.06.26 10:35:21.250,0.93631,0.93659,3.00,2.78
2012.06.26 10:35:25.211,0.93635,0.93661,2.63,2.78
2012.06.26 10:35:29.819,0.93632,0.9366,2.63,2.78
2012.06.26 10:35:30.626,0.93637,0.93663,2.63,3.16
2012.06.26 10:35:32.128,0.93637,0.93663,2.63,2.78
2012.06.26 10:35:32.517,0.93641,0.93669,2.63,3.16
2012.06.26 10:35:35.208,0.93641,0.93669,2.63,2.78
2012.06.26 10:35:35.538,0.93641,0.93669,2.63,2.78
2012.06.26 10:35:45.235,0.93639,0.93667,3.00,2.78
2012.06.26 10:35:52.276,0.93639,0.93667,3.00,2.78
2012.06.26 10:35:52.713,0.93638,0.93661,1.05,2.78
2012.06.26 10:35:53.140,0.93635,0.93661,3.00,2.78
2012.06.26 10:35:53.686,0.93638,0.93666,2.63,2.78
2012.06.26 10:35:55.299,0.93633,0.93659,3.00,2.78
2012.06.26 10:36:00.027,0.93633,0.93659,3.00,2.78
2012.06.26 10:36:01.735,0.93633,0.93659,3.00,2.78
2012.06.26 10:36:11.137,0.93633,0.93659,2.63,2.78
2012.06.26 10:36:11.485,0.93633,0.93659,3.00,2.33
2012.06.26 10:36:11.616,0.93637,0.93665,2.63,2.78
2012.06.26 10:36:11.856,0.93637,0.93665,2.63,2.78
2012.06.26 10:36:12.349,0.93637,0.93665,2.63,2.78
2012.06.26 10:36:12.596,0.93632,0.9366,2.63,2.78
2012.06.26 10:36:14.598,0.93634,0.93662,2.63,3.16
2012.06.26 10:36:15.039,0.93631,0.93656,1.05,2.33
2012.06.26 10:36:15.138,0.93632,0.9366,2.63,2.78
2012.06.26 10:36:15.598,0.93631,0.93657,2.63,2.78
2012.06.26 10:36:20.115,0.93632,0.9366,2.63,2.78
2012.06.26 10:36:20.613,0.93633,0.93659,2.63,2.78
2012.06.26 10:36:22.026,0.93633,0.93659,2.63,2.78
2012.06.26 10:36:22.602,0.93632,0.93658,2.63,2.78
2012.06.26 10:36:24.173,0.93627,0.93655,3.00,2.33
2012.06.26 10:36:24.559,0.93622,0.9365,4.13,2.78
2012.06.26 10:36:25.215,0.93624,0.93652,2.63,3.16
2012.06.26 10:36:25.516,0.93629,0.93655,2.63,3.16
2012.06.26 10:36:26.405,0.93631,0.93657,2.33,2.78
2012.06.26 10:36:26.526,0.93628,0.93654,2.63,2.78
2012.06.26 10:36:27.056,0.93628,0.93656,2.63,2.78
2012.06.26 10:36:27.116,0.93628,0.93656,2.63,2.78
2012.06.26 10:36:28.569,0.93629,0.93657,3.00,2.78
2012.06.26 10:36:30.347,0.93627,0.93661,1.43,1.43
2012.06.26 10:36:31.118,0.93627,0.93661,1.43,1.43
2012.06.26 10:36:31.246,0.93627,0.93661,1.43,1.43
2012.06.26 10:36:31.779,0.93627,0.93661,1.43,1.43
2012.06.26 10:36:32.438,0.93627,0.93661,1.05,1.81
2012.06.26 10:36:33.181,0.93627,0.93661,1.05,1.81
2012.06.26 10:36:33.704,0.93627,0.93661,1.05,1.81
2012.06.26 10:36:34.306,0.93627,0.93661,1.05,1.81
2012.06.26 10:36:34.820,0.93627,0.93661,1.05,1.81
2012.06.26 10:36:37.071,0.93627,0.93661,1.05,1.81
2012.06.26 10:36:39.785,0.93627,0.93661,1.05,1.81
2012.06.26 10:36:40.392,0.93627,0.93661,1.05,1.81
2012.06.26 10:36:42.395,0.93627,0.93661,1.05,1.81
2012.06.26 10:36:42.925,0.93627,0.93661,1.05,1.81
2012.06.26 10:36:44.028,0.93627,0.93661,1.05,1.81
2012.06.26 10:36:45.126,0.93627,0.93661,1.05,1.81
2012.06.26 10:36:45.685,0.93627,0.93661,1.05,1.81
2012.06.26 10:36:45.897,0.93627,0.93661,1.05,1.81
2012.06.26 10:36:47.486,0.93627,0.93659,1.05,1.21
2012.06.26 10:36:47.727,0.93628,0.93654,2.63,3.16
2012.06.26 10:36:48.343,0.93631,0.93657,2.63,1.43
2012.06.26 10:36:48.716,0.93631,0.93657,2.63,1.43
2012.06.26 10:36:49.036,0.9363,0.93656,2.63,2.78
2012.06.26 10:36:49.208,0.9363,0.93656,2.63,2.78
2012.06.26 10:36:50.851,0.9363,0.93656,2.63,2.78
2012.06.26 10:36:51.395,0.9363,0.93656,2.63,2.78
2012.06.26 10:36:51.736,0.93631,0.93656,1.05,2.33
2012.06.26 10:36:51.865,0.93635,0.93659,2.63,1.43
2012.06.26 10:36:52.164,0.93634,0.9366,2.63,3.16
2012.06.26 10:36:52.356,0.93634,0.9366,2.63,3.16
2012.06.26 10:36:52.476,0.93634,0.9366,2.63,2.78
2012.06.26 10:36:53.136,0.93637,0.93665,2.63,3.38
2012.06.26 10:36:53.667,0.93637,0.93665,2.63,2.78
2012.06.26 10:36:53.805,0.93637,0.93665,2.63,2.78
2012.06.26 10:36:55.098,0.93637,0.93665,2.63,2.78
2012.06.26 10:36:55.226,0.93637,0.93665,2.63,2.78
2012.06.26 10:36:55.486,0.93637,0.93665,2.63,2.78
2012.06.26 10:36:56.163,0.93637,0.93665,2.63,2.78
2012.06.26 10:36:58.239,0.93638,0.93666,2.63,3.16
2012.06.26 10:36:58.306,0.93638,0.93666,2.63,3.16
2012.06.26 10:37:01.858,0.93638,0.93664,2.33,3.38
2012.06.26 10:37:01.927,0.93633,0.93659,3.00,2.78
2012.06.26 10:37:02.459,0.93631,0.93659,3.00,2.78
2012.06.26 10:37:03.421,0.93631,0.93659,2.63,3.16
2012.06.26 10:37:07.207,0.93635,0.93661,2.33,3.16
2012.06.26 10:37:07.735,0.93634,0.9366,2.63,3.16
2012.06.26 10:37:08.735,0.93634,0.9366,2.63,3.16
2012.06.26 10:37:09.137,0.93634,0.9366,2.63,3.16
2012.06.26 10:37:09.702,0.93634,0.9366,2.33,3.16
2012.06.26 10:37:10.614,0.93632,0.9366,2.63,3.16
2012.06.26 10:37:11.137,0.93632,0.9366,2.63,3.16
2012.06.26 10:37:11.469,0.93634,0.93661,2.33,3.16
2012.06.26 10:37:12.283,0.93633,0.93659,2.63,2.78
2012.06.26 10:37:12.796,0.93628,0.93656,2.63,3.16
2012.06.26 10:37:13.785,0.93628,0.93656,2.63,3.16
2012.06.26 10:37:14.026,0.93631,0.93659,2.63,3.16
2012.06.26 10:37:14.579,0.93631,0.93659,2.63,3.16
2012.06.26 10:37:14.767,0.93631,0.93657,2.63,2.78
2012.06.26 10:37:15.136,0.93632,0.9366,2.63,3.16
2012.06.26 10:37:15.686,0.93632,0.9366,2.63,3.16
2012.06.26 10:37:18.587,0.93633,0.93659,2.63,3.16
2012.06.26 10:37:18.716,0.93633,0.93659,2.63,3.16
2012.06.26 10:37:18.986,0.93633,0.93659,2.63,3.16
2012.06.26 10:37:20.557,0.93633,0.93659,2.63,3.16
2012.06.26 10:37:20.906,0.93631,0.93659,2.63,3.16
2012.06.26 10:37:20.966,0.93631,0.93659,2.33,3.16
2012.06.26 10:37:21.306,0.9363,0.93656,2.33,2.78
2012.06.26 10:37:21.596,0.93627,0.93655,2.63,3.16
2012.06.26 10:37:22.317,0.93627,0.93653,2.33,3.16
2012.06.26 10:37:24.765,0.93627,0.93653,2.63,3.16
2012.06.26 10:37:24.885,0.93628,0.93654,2.33,3.16
2012.06.26 10:37:25.126,0.93628,0.93654,2.63,3.16
2012.06.26 10:37:25.316,0.9363,0.93656,2.63,3.16
2012.06.26 10:37:26.132,0.93632,0.9366,2.63,3.76
2012.06.26 10:37:26.793,0.93633,0.9366,2.33,1.43
2012.06.26 10:37:33.345,0.93633,0.9366,2.33,1.43
2012.06.26 10:37:33.795,0.93635,0.9366,2.33,1.43
2012.06.26 10:37:33.949,0.93635,0.9366,2.33,1.43
2012.06.26 10:37:34.465,0.93635,0.9366,2.33,1.43
2012.06.26 10:37:35.016,0.9363,0.93658,2.63,2.78
2012.06.26 10:37:35.076,0.9363,0.93658,2.63,2.78
2012.06.26 10:37:35.591,0.9363,0.93658,2.63,2.78
2012.06.26 10:37:37.176,0.93627,0.93655,2.63,3.16
2012.06.26 10:37:37.907,0.93628,0.93656,2.63,3.16
2012.06.26 10:37:37.975,0.93628,0.93656,2.63,3.16
2012.06.26 10:37:42.965,0.93628,0.93656,2.63,3.16
2012.06.26 10:37:49.011,0.93628,0.93656,2.63,3.16
2012.06.26 10:37:49.633,0.93628,0.93656,2.63,3.16
2012.06.26 10:37:50.546,0.93628,0.93656,2.63,3.16
2012.06.26 10:37:50.971,0.93628,0.93656,2.63,3.16
2012.06.26 10:37:52.047,0.93628,0.93656,2.63,3.16
2012.06.26 10:37:52.816,0.93628,0.93656,2.63,3.16
2012.06.26 10:37:54.576,0.93628,0.93656,2.63,3.16
2012.06.26 10:37:55.154,0.93627,0.93655,2.63,3.16
2012.06.26 10:37:57.328,0.93626,0.93654,3.38,2.78
2012.06.26 10:38:00.854,0.93631,0.93659,2.63,3.16
2012.06.26 10:38:01.363,0.93631,0.93659,2.33,3.16
2012.06.26 10:38:01.875,0.9363,0.93658,2.63,2.78
2012.06.26 10:38:03.527,0.9363,0.93657,2.33,1.43
2012.06.26 10:38:03.691,0.93621,0.93657,1.05,1.43
2012.06.26 10:38:03.876,0.93621,0.93657,1.05,1.43
2012.06.26 10:38:05.247,0.93617,0.93657,1.05,1.43
2012.06.26 10:38:05.965,0.93622,0.93657,1.43,1.43
2012.06.26 10:38:06.296,0.93622,0.93663,1.80,1.96
2012.06.26 10:38:06.832,0.93631,0.93657,2.63,2.78
2012.06.26 10:38:09.765,0.93631,0.93657,2.33,2.78
2012.06.26 10:38:09.837,0.93628,0.93656,2.63,2.78
2012.06.26 10:38:10.656,0.93628,0.93656,2.63,2.78
2012.06.26 10:38:11.272,0.93628,0.93656,2.63,2.78
2012.06.26 10:38:16.396,0.93627,0.93655,2.63,2.78
2012.06.26 10:38:18.066,0.93627,0.93655,2.63,2.78
2012.06.26 10:38:18.136,0.93631,0.93657,2.63,2.70
2012.06.26 10:38:18.460,0.93631,0.93657,2.63,2.70
2012.06.26 10:38:18.930,0.93636,0.93662,2.63,2.78
2012.06.26 10:38:19.270,0.93636,0.93664,2.63,3.16
2012.06.26 10:38:19.476,0.93636,0.93664,2.63,3.16
2012.06.26 10:38:22.636,0.93637,0.93663,2.63,2.78
2012.06.26 10:38:23.068,0.93632,0.93669,1.65,1.21
2012.06.26 10:38:23.136,0.93635,0.93675,1.28,1.81
2012.06.26 10:38:25.220,0.93636,0.93675,1.43,1.81
2012.06.26 10:38:27.276,0.93641,0.93678,1.28,1.21
2012.06.26 10:38:27.456,0.93637,0.93672,1.05,1.06
2012.06.26 10:38:27.706,0.93637,0.93672,1.05,1.06
2012.06.26 10:38:28.291,0.93644,0.93672,2.63,3.38
2012.06.26 10:38:28.798,0.93644,0.93672,2.63,2.78
2012.06.26 10:38:30.756,0.93643,0.93671,2.63,2.78
2012.06.26 10:38:30.826,0.93643,0.93671,2.33,2.78
2012.06.26 10:38:31.117,0.93637,0.93663,2.63,2.78
2012.06.26 10:38:35.375,0.9364,0.93666,2.63,2.78
2012.06.26 10:38:35.849,0.9364,0.93666,2.63,2.78
2012.06.26 10:38:37.818,0.93637,0.93665,2.63,2.78
2012.06.26 10:38:39.141,0.93641,0.93667,2.63,2.78
2012.06.26 10:38:39.507,0.93637,0.93665,2.63,2.78
2012.06.26 10:38:40.048,0.9364,0.93666,2.63,2.78
2012.06.26 10:38:40.187,0.93638,0.93666,2.63,2.78
2012.06.26 10:38:40.317,0.93637,0.93665,2.63,2.78
2012.06.26 10:38:40.856,0.93637,0.93665,2.63,2.78
2012.06.26 10:38:41.227,0.93637,0.93665,2.63,2.78
2012.06.26 10:38:43.715,0.93638,0.93664,2.63,2.33
2012.06.26 10:38:44.229,0.93639,0.93667,2.63,3.16
2012.06.26 10:38:45.166,0.93639,0.93667,2.63,2.78
2012.06.26 10:38:45.672,0.93639,0.93667,2.63,2.78
2012.06.26 10:38:47.566,0.93638,0.93664,2.63,2.33
2012.06.26 10:38:47.625,0.93638,0.93664,2.63,2.78
2012.06.26 10:38:47.747,0.93635,0.93663,3.00,2.78
2012.06.26 10:38:48.417,0.9364,0.93666,2.63,2.78
2012.06.26 10:38:48.791,0.93637,0.93665,2.63,2.78
2012.06.26 10:38:49.347,0.93637,0.93663,2.63,2.78
2012.06.26 10:38:49.585,0.93638,0.93664,2.63,2.78
2012.06.26 10:38:51.327,0.93638,0.93664,2.63,2.78
2012.06.26 10:38:55.287,0.93638,0.93664,2.63,2.78
2012.06.26 10:38:55.802,0.93638,0.93664,2.63,2.78
2012.06.26 10:39:00.466,0.9364,0.93666,2.63,3.16
2012.06.26 10:39:03.376,0.93637,0.93665,2.63,3.16
2012.06.26 10:39:03.782,0.93632,0.93665,1.43,1.43
2012.06.26 10:39:04.286,0.9364,0.93665,2.63,1.06
2012.06.26 10:39:05.188,0.9364,0.93665,2.63,1.06
2012.06.26 10:39:06.075,0.9364,0.93665,2.63,1.06
2012.06.26 10:39:06.346,0.93637,0.93665,3.00,3.38
2012.06.26 10:39:07.125,0.93637,0.93665,3.00,3.38
2012.06.26 10:39:08.013,0.93637,0.93665,3.00,3.38
2012.06.26 10:39:10.755,0.93637,0.93665,2.63,3.76
2012.06.26 10:39:10.875,0.93637,0.93665,2.63,3.76
2012.06.26 10:39:11.417,0.93633,0.93659,2.63,2.33
2012.06.26 10:39:11.727,0.93633,0.93659,2.63,2.78
2012.06.26 10:39:12.314,0.93629,0.93657,2.63,2.78
2012.06.26 10:39:14.546,0.93627,0.93654,1.05,2.78
2012.06.26 10:39:14.641,0.93627,0.93654,1.05,2.33
2012.06.26 10:39:15.006,0.93629,0.93657,2.63,2.70
2012.06.26 10:39:20.026,0.93634,0.9366,2.63,1.21
2012.06.26 10:39:20.728,0.93634,0.93662,2.63,3.16
2012.06.26 10:39:31.534,0.93633,0.93659,2.63,2.78
2012.06.26 10:39:31.806,0.93633,0.93659,2.63,2.78
2012.06.26 10:39:31.986,0.93632,0.9366,2.63,2.78
2012.06.26 10:39:32.343,0.93631,0.93659,2.63,2.78
2012.06.26 10:39:33.015,0.93632,0.93657,1.05,2.33
2012.06.26 10:39:33.838,0.93632,0.93657,1.05,2.78
2012.06.26 10:39:34.097,0.93631,0.93655,2.33,1.06
2012.06.26 10:39:34.347,0.93629,0.93655,2.63,1.06
2012.06.26 10:39:35.086,0.9363,0.93656,2.63,3.16
2012.06.26 10:39:35.684,0.9363,0.93656,2.63,3.16
2012.06.26 10:39:39.056,0.93634,0.9366,2.63,3.38
2012.06.26 10:39:39.682,0.93634,0.9366,2.63,3.38
2012.06.26 10:39:41.756,0.93634,0.9366,2.63,3.38
2012.06.26 10:39:42.106,0.93633,0.93661,2.63,2.78
2012.06.26 10:39:42.547,0.93632,0.93664,1.05,1.43
2012.06.26 10:39:42.628,0.93627,0.93663,2.03,1.43
2012.06.26 10:39:43.396,0.93636,0.93663,2.63,1.06
2012.06.26 10:39:43.720,0.93634,0.93661,2.63,2.78
2012.06.26 10:39:43.847,0.93634,0.93661,2.63,2.78
2012.06.26 10:39:44.037,0.9363,0.93656,2.63,2.33
2012.06.26 10:39:44.131,0.9363,0.93656,2.63,2.33
2012.06.26 10:39:44.471,0.9363,0.93656,2.63,2.78
2012.06.26 10:39:44.596,0.9363,0.93656,2.63,2.78
2012.06.26 10:39:45.466,0.93627,0.93653,3.23,2.78
2012.06.26 10:39:47.118,0.93628,0.93654,2.63,2.78
2012.06.26 10:39:49.880,0.93632,0.93659,2.33,1.43
2012.06.26 10:39:49.948,0.93632,0.93659,2.63,1.06
2012.06.26 10:39:50.528,0.93632,0.93659,2.63,1.06
2012.06.26 10:39:50.776,0.93632,0.9366,3.38,3.38
2012.06.26 10:39:51.326,0.93634,0.9366,2.63,2.78
2012.06.26 10:39:51.455,0.93634,0.9366,2.63,2.78
2012.06.26 10:39:51.886,0.93634,0.93662,2.63,3.16
2012.06.26 10:39:51.967,0.93634,0.93662,2.63,3.16
2012.06.26 10:39:52.532,0.93633,0.93659,2.63,3.16
2012.06.26 10:39:53.117,0.93634,0.9366,2.33,2.78
2012.06.26 10:39:53.746,0.93634,0.9366,2.63,2.78
2012.06.26 10:39:53.995,0.93632,0.9366,2.63,2.78
2012.06.26 10:39:54.679,0.93632,0.9366,2.63,2.78
2012.06.26 10:39:55.257,0.93632,0.9366,2.63,2.78
2012.06.26 10:39:56.497,0.93632,0.93659,2.63,1.06
2012.06.26 10:39:56.798,0.93636,0.93664,2.63,3.16
2012.06.26 10:39:57.343,0.93636,0.93664,2.63,3.16
2012.06.26 10:39:57.405,0.93636,0.93664,2.63,3.16
2012.06.26 10:39:58.887,0.93636,0.93664,2.63,2.78
2012.06.26 10:39:59.456,0.93631,0.93665,1.05,1.21
2012.06.26 10:39:59.585,0.93627,0.93665,2.03,1.21
2012.06.26 10:40:00.000,0.93627,0.93665,1.28,1.21
2012.06.26 10:40:01.428,0.93634,0.9366,2.63,2.78
2012.06.26 10:40:02.243,0.93637,0.93665,2.63,3.16
2012.06.26 10:40:03.407,0.93637,0.93665,2.63,3.16
2012.06.26 10:40:04.627,0.93634,0.9366,2.63,2.78
2012.06.26 10:40:05.305,0.93634,0.9366,2.63,2.78
2012.06.26 10:40:05.387,0.93634,0.9366,2.63,2.78
2012.06.26 10:40:05.956,0.93634,0.9366,2.63,2.78
2012.06.26 10:40:07.046,0.93633,0.93661,2.63,2.78
2012.06.26 10:40:08.966,0.9363,0.93658,2.63,3.16
2012.06.26 10:40:09.505,0.9363,0.93658,2.63,3.16
2012.06.26 10:40:11.921,0.93635,0.9366,2.63,1.21
2012.06.26 10:40:12.167,0.93626,0.93652,2.63,2.78
2012.06.26 10:40:15.265,0.93626,0.93654,2.63,2.78
2012.06.26 10:40:18.996,0.93624,0.93652,2.63,2.78
2012.06.26 10:40:19.553,0.93624,0.93652,2.63,2.78
2012.06.26 10:40:21.833,0.93624,0.93652,2.63,2.78
2012.06.26 10:40:27.586,0.93623,0.9365,2.63,1.06
2012.06.26 10:40:27.769,0.93628,0.9365,2.33,1.06
2012.06.26 10:40:28.377,0.93628,0.9365,2.33,1.06
2012.06.26 10:40:28.506,0.93622,0.93656,1.43,1.43
2012.06.26 10:40:28.649,0.93622,0.93656,1.43,1.43
2012.06.26 10:40:29.031,0.93622,0.93656,1.43,1.43
2012.06.26 10:40:34.506,0.93622,0.93656,1.65,1.21
2012.06.26 10:40:34.816,0.93621,0.93656,1.65,1.21
2012.06.26 10:40:35.456,0.93622,0.93655,1.28,1.06
2012.06.26 10:40:36.896,0.93622,0.93655,1.28,1.06
2012.06.26 10:40:37.018,0.93622,0.93655,1.28,1.06
2012.06.26 10:40:37.111,0.93622,0.93655,1.28,1.06
2012.06.26 10:40:38.539,0.93622,0.9365,2.63,3.16
2012.06.26 10:40:43.437,0.93623,0.93649,2.63,2.78
2012.06.26 10:40:43.506,0.93623,0.93649,2.63,2.78
2012.06.26 10:40:43.626,0.93624,0.93652,2.63,2.78
2012.06.26 10:40:43.928,0.93624,0.9365,2.63,2.78
2012.06.26 10:40:44.599,0.93628,0.93656,2.63,3.16
2012.06.26 10:40:45.195,0.93628,0.93656,2.63,3.16
2012.06.26 10:40:47.788,0.9363,0.93656,2.63,3.16
2012.06.26 10:40:48.447,0.9363,0.93656,2.63,3.16
2012.06.26 10:40:48.882,0.9363,0.93656,2.63,3.16
2012.06.26 10:40:49.438,0.9363,0.93656,2.33,3.16
2012.06.26 10:40:50.357,0.9363,0.93656,2.33,3.16
2012.06.26 10:40:50.778,0.93617,0.93658,1.80,1.21
2012.06.26 10:40:51.156,0.93617,0.93658,1.80,1.21
2012.06.26 10:40:51.216,0.93617,0.93658,1.80,1.21
2012.06.26 10:40:53.729,0.93621,0.93656,1.05,1.21
2012.06.26 10:40:53.916,0.93621,0.93655,1.05,1.43
2012.06.26 10:40:54.465,0.93622,0.93656,1.05,1.21
2012.06.26 10:40:54.735,0.93622,0.9366,1.43,1.21
2012.06.26 10:40:54.977,0.93627,0.93653,2.63,2.78
2012.06.26 10:40:55.609,0.93626,0.93654,2.63,2.78
2012.06.26 10:40:57.346,0.93629,0.93657,2.63,3.16
2012.06.26 10:40:57.896,0.93629,0.93657,2.33,3.16
2012.06.26 10:40:58.197,0.93629,0.93657,2.33,2.78
2012.06.26 10:40:58.256,0.93623,0.93663,1.05,1.43
2012.06.26 10:40:58.676,0.93623,0.93663,1.05,1.43
2012.06.26 10:40:58.757,0.93623,0.93663,1.05,1.43
2012.06.26 10:40:59.015,0.93623,0.93663,1.05,1.43
2012.06.26 10:40:59.345,0.93623,0.93663,1.05,1.43
2012.06.26 10:40:59.407,0.93623,0.93663,1.05,1.43
2012.06.26 10:41:00.397,0.93623,0.93663,1.05,1.43
2012.06.26 10:41:01.053,0.93621,0.93663,1.80,1.43
2012.06.26 10:41:04.796,0.93621,0.93663,1.80,1.43
2012.06.26 10:41:05.382,0.93621,0.93663,1.80,1.43
2012.06.26 10:41:08.180,0.93621,0.93651,1.05,1.06
2012.06.26 10:41:08.486,0.93622,0.93648,3.00,2.78
2012.06.26 10:41:09.226,0.93622,0.9365,2.33,3.16
2012.06.26 10:41:09.347,0.93622,0.9365,2.63,3.76
2012.06.26 10:41:09.855,0.93612,0.93652,1.28,1.21
2012.06.26 10:41:12.406,0.93617,0.93652,1.05,1.21
2012.06.26 10:41:17.575,0.93622,0.9365,2.33,2.78
2012.06.26 10:41:17.636,0.93616,0.93649,1.05,1.43
2012.06.26 10:41:17.816,0.93611,0.93649,1.43,1.43
2012.06.26 10:41:18.172,0.93611,0.93651,1.43,1.81
2012.06.26 10:41:18.437,0.93611,0.93651,1.43,1.81
2012.06.26 10:41:20.322,0.93613,0.93651,1.05,1.43
2012.06.26 10:41:20.978,0.9362,0.93648,2.63,2.78
2012.06.26 10:41:21.487,0.93621,0.93649,2.63,2.78
2012.06.26 10:41:21.687,0.93622,0.93648,2.63,2.78
2012.06.26 10:41:22.037,0.93622,0.93648,2.63,2.78
2012.06.26 10:41:22.546,0.93621,0.93647,2.63,2.78
2012.06.26 10:41:27.137,0.93621,0.93647,2.63,2.78
2012.06.26 10:41:29.345,0.93622,0.93648,2.33,2.78
2012.06.26 10:41:29.840,0.93622,0.93648,2.33,2.78
2012.06.26 10:41:30.048,0.93618,0.93644,2.63,2.78
2012.06.26 10:41:30.535,0.93613,0.93639,3.00,2.78
2012.06.26 10:41:30.657,0.93613,0.93639,2.63,3.16
2012.06.26 10:41:32.656,0.93611,0.93637,2.63,2.78
2012.06.26 10:41:35.246,0.93609,0.93637,2.63,3.16
2012.06.26 10:41:35.793,0.93605,0.93633,3.00,2.78
2012.06.26 10:41:36.156,0.9361,0.93636,2.63,3.16
2012.06.26 10:41:36.705,0.93615,0.9364,2.33,1.43
2012.06.26 10:41:37.443,0.93611,0.93637,2.63,3.16
2012.06.26 10:41:38.366,0.93611,0.93637,2.63,2.78
2012.06.26 10:41:39.226,0.93611,0.93637,2.63,2.78
2012.06.26 10:41:40.297,0.93611,0.93637,2.63,2.78
2012.06.26 10:41:41.103,0.93611,0.93637,2.63,2.78
2012.06.26 10:41:41.447,0.93611,0.93637,3.00,2.78
2012.06.26 10:41:42.506,0.93614,0.93639,2.63,1.06
2012.06.26 10:41:42.935,0.93608,0.93632,1.05,2.78
2012.06.26 10:41:43.177,0.93607,0.93632,1.05,3.16
2012.06.26 10:41:43.306,0.93606,0.93632,2.33,3.16
2012.06.26 10:41:43.607,0.93613,0.93637,2.33,1.21
2012.06.26 10:41:43.915,0.93613,0.93637,2.63,1.21
2012.06.26 10:41:47.065,0.93613,0.93641,2.63,3.16
2012.06.26 10:41:48.256,0.93612,0.93638,2.63,3.38
2012.06.26 10:41:51.657,0.93608,0.93634,1.28,2.78
2012.06.26 10:41:52.250,0.93609,0.93637,2.63,3.16
2012.06.26 10:41:52.376,0.93609,0.93638,2.63,3.53
2012.06.26 10:41:52.726,0.93609,0.93638,2.63,3.53
2012.06.26 10:41:52.967,0.93609,0.93634,2.63,1.06
2012.06.26 10:41:54.726,0.93609,0.93638,2.33,2.78
2012.06.26 10:41:55.263,0.93605,0.93633,3.00,2.78
2012.06.26 10:41:57.259,0.93605,0.93633,3.00,2.78
2012.06.26 10:41:57.339,0.93612,0.93638,2.33,1.43
2012.06.26 10:41:57.876,0.93611,0.93638,2.63,1.43
2012.06.26 10:41:58.348,0.93611,0.93638,2.63,1.43
2012.06.26 10:41:58.458,0.93611,0.93638,2.63,1.43
2012.06.26 10:41:58.897,0.93611,0.93638,2.63,1.43
2012.06.26 10:41:59.407,0.93609,0.93637,2.63,2.78
2012.06.26 10:42:02.321,0.93607,0.93635,3.38,3.16
2012.06.26 10:42:02.918,0.93607,0.93635,2.63,3.16
2012.06.26 10:42:03.246,0.93611,0.93637,2.63,3.16
2012.06.26 10:42:05.276,0.93611,0.93637,2.33,3.16
2012.06.26 10:42:05.884,0.93611,0.93637,2.63,3.16
2012.06.26 10:42:09.419,0.93608,0.93636,2.63,2.78
2012.06.26 10:42:09.547,0.93606,0.93634,3.75,2.78
2012.06.26 10:42:10.027,0.9361,0.93637,2.63,3.16
2012.06.26 10:42:10.536,0.93608,0.93634,3.00,2.78
2012.06.26 10:42:15.136,0.93609,0.93635,2.33,2.78
2012.06.26 10:42:15.814,0.93609,0.93635,2.63,2.78
2012.06.26 10:42:18.026,0.93607,0.93633,2.63,2.78
2012.06.26 10:42:18.663,0.93607,0.93635,2.63,2.78
2012.06.26 10:42:20.846,0.93606,0.93633,1.05,2.78
2012.06.26 10:42:20.966,0.93607,0.93633,2.63,2.78
2012.06.26 10:42:22.187,0.93602,0.9363,3.00,2.78
2012.06.26 10:42:22.317,0.93607,0.93632,1.05,2.78
2012.06.26 10:42:23.805,0.93608,0.93632,2.63,1.06
2012.06.26 10:42:24.136,0.93608,0.93632,2.63,1.06
2012.06.26 10:42:24.902,0.93608,0.93632,2.63,1.06
2012.06.26 10:42:25.345,0.93608,0.93632,2.63,1.06
2012.06.26 10:42:25.916,0.93609,0.93632,2.63,1.06
2012.06.26 10:42:28.942,0.93609,0.93638,3.00,3.38
2012.06.26 10:42:29.006,0.93609,0.93638,3.00,3.38
2012.06.26 10:42:29.066,0.93615,0.93638,2.33,1.06
2012.06.26 10:42:29.613,0.93615,0.93641,2.63,3.38
2012.06.26 10:42:29.676,0.93615,0.93641,2.63,3.38
2012.06.26 10:42:30.346,0.93615,0.93641,2.63,2.78
2012.06.26 10:42:30.676,0.93613,0.93641,2.63,2.78
2012.06.26 10:42:31.498,0.93617,0.93645,2.63,3.76
2012.06.26 10:42:31.610,0.93617,0.93645,2.33,3.76
2012.06.26 10:42:32.149,0.9362,0.93645,2.33,1.43
2012.06.26 10:42:32.282,0.9362,0.93645,2.33,1.43
2012.06.26 10:42:32.406,0.93622,0.93645,2.63,1.43
2012.06.26 10:42:34.488,0.93622,0.93645,2.33,1.06
2012.06.26 10:42:34.557,0.93616,0.93644,3.00,2.78
2012.06.26 10:42:41.357,0.93616,0.93644,2.63,3.16
2012.06.26 10:42:41.850,0.93621,0.93649,2.63,3.53
2012.06.26 10:42:42.857,0.9362,0.93648,2.63,2.78
2012.06.26 10:42:46.431,0.93622,0.93648,2.33,2.78
2012.06.26 10:42:47.897,0.93623,0.93651,2.33,2.78
2012.06.26 10:42:48.604,0.93624,0.93652,2.63,3.16
2012.06.26 10:42:48.749,0.93624,0.93652,2.63,3.16
2012.06.26 10:42:49.290,0.93626,0.93652,2.33,2.78
2012.06.26 10:42:49.357,0.93626,0.93652,2.33,2.78
2012.06.26 10:42:49.942,0.93624,0.93652,2.63,2.78
2012.06.26 10:42:51.951,0.93624,0.9365,2.33,2.78
2012.06.26 10:42:52.378,0.93622,0.93648,3.00,2.78
2012.06.26 10:42:52.446,0.93622,0.93648,3.00,2.78
2012.06.26 10:42:53.478,0.93622,0.93648,2.63,2.78
2012.06.26 10:42:53.786,0.9362,0.93648,2.63,2.78
2012.06.26 10:42:54.289,0.93625,0.93651,2.63,3.16
2012.06.26 10:42:54.596,0.93623,0.93651,3.00,2.78
2012.06.26 10:42:55.141,0.93623,0.93651,2.70,2.78
2012.06.26 10:42:57.606,0.93623,0.93651,2.63,3.16
2012.06.26 10:42:58.136,0.93624,0.93652,2.33,3.16
2012.06.26 10:42:58.637,0.93622,0.93648,2.33,2.78
2012.06.26 10:43:12.507,0.93622,0.93648,2.33,3.16
2012.06.26 10:43:12.577,0.9362,0.93646,2.33,2.78
2012.06.26 10:43:13.110,0.93618,0.93646,2.63,2.78
2012.06.26 10:43:13.616,0.93621,0.93647,2.33,2.78
2012.06.26 10:43:13.690,0.93621,0.93647,2.33,2.78
2012.06.26 10:43:13.817,0.93618,0.93646,2.63,2.78
2012.06.26 10:43:14.457,0.93618,0.93646,2.63,2.78
2012.06.26 10:43:14.786,0.93619,0.93647,3.00,2.78
2012.06.26 10:43:15.136,0.93627,0.93653,2.33,3.16
2012.06.26 10:43:15.196,0.93627,0.93653,2.33,3.16
2012.06.26 10:43:16.988,0.93627,0.93653,2.33,3.16
2012.06.26 10:43:24.930,0.93624,0.93652,2.63,3.16
2012.06.26 10:43:25.460,0.93624,0.93652,2.63,3.16
2012.06.26 10:43:26.014,0.93623,0.93651,2.63,2.78
2012.06.26 10:43:26.550,0.93624,0.93652,2.63,3.16
2012.06.26 10:43:26.616,0.93629,0.93655,2.33,3.16
2012.06.26 10:43:26.797,0.93626,0.93654,2.63,3.16
2012.06.26 10:43:27.036,0.93629,0.93655,2.33,3.16
2012.06.26 10:43:27.478,0.93629,0.93655,2.33,2.78
2012.06.26 10:43:27.749,0.93622,0.9365,3.00,2.78
2012.06.26 10:43:27.817,0.93622,0.9365,3.00,2.33
2012.06.26 10:43:27.946,0.93627,0.93655,2.63,2.33
2012.06.26 10:43:28.131,0.93631,0.93657,2.63,3.16
2012.06.26 10:43:28.199,0.93633,0.93657,1.28,2.78
2012.06.26 10:43:28.570,0.93637,0.93666,2.63,3.16
2012.06.26 10:43:30.526,0.93636,0.93664,2.63,3.16
2012.06.26 10:43:31.938,0.93639,0.93665,2.63,3.16
2012.06.26 10:43:32.006,0.93639,0.93665,2.33,3.16
2012.06.26 10:43:32.507,0.93635,0.93661,2.63,2.78
2012.06.26 10:43:33.696,0.93639,0.93665,2.63,2.78
2012.06.26 10:43:35.214,0.9364,0.93668,2.63,2.78
2012.06.26 10:43:35.676,0.9364,0.93668,2.33,3.16
2012.06.26 10:43:36.222,0.9364,0.93668,2.63,3.16
2012.06.26 10:43:39.757,0.93641,0.93669,2.33,3.16
2012.06.26 10:43:40.067,0.93641,0.93669,2.63,2.78
2012.06.26 10:43:42.864,0.93645,0.93671,2.33,3.16
2012.06.26 10:43:42.927,0.93645,0.93671,2.63,3.16
2012.06.26 10:43:45.266,0.93645,0.93671,2.63,2.78
2012.06.26 10:43:45.447,0.93641,0.93667,2.63,2.78
2012.06.26 10:43:47.576,0.93641,0.93667,2.63,2.78
2012.06.26 10:43:48.877,0.93642,0.93668,2.63,3.16
2012.06.26 10:43:49.420,0.93642,0.93668,2.63,3.16
2012.06.26 10:43:51.608,0.93642,0.93668,2.63,3.16
2012.06.26 10:43:55.248,0.93642,0.93668,2.63,3.16
2012.06.26 10:44:02.197,0.9364,0.93668,2.33,3.16
2012.06.26 10:44:02.577,0.93637,0.93663,2.33,2.78
2012.06.26 10:44:02.959,0.93635,0.93663,2.63,2.78
2012.06.26 10:44:03.729,0.93637,0.93663,2.63,2.78
2012.06.26 10:44:05.278,0.93634,0.93662,2.63,2.78
2012.06.26 10:44:06.798,0.93634,0.93662,2.63,2.78
2012.06.26 10:44:07.354,0.93634,0.93662,2.63,2.78
2012.06.26 10:44:11.578,0.93636,0.93663,1.05,2.33
2012.06.26 10:44:12.137,0.93642,0.93668,2.63,3.16
2012.06.26 10:44:14.039,0.93645,0.93666,2.33,1.06
2012.06.26 10:44:14.107,0.93645,0.93666,2.63,1.06
2012.06.26 10:44:14.288,0.93645,0.93673,2.63,3.91
2012.06.26 10:44:14.537,0.93641,0.93669,3.00,2.78
2012.06.26 10:44:15.273,0.93642,0.9367,3.00,2.78
2012.06.26 10:44:15.806,0.9364,0.93668,2.63,2.78
2012.06.26 10:44:16.396,0.9364,0.93668,2.63,2.78
2012.06.26 10:44:17.077,0.9364,0.93668,2.63,2.78
2012.06.26 10:44:17.618,0.93635,0.93664,3.00,2.78
2012.06.26 10:44:17.928,0.93637,0.93665,3.00,2.78
2012.06.26 10:44:18.136,0.9364,0.93666,2.33,3.16
2012.06.26 10:44:18.713,0.93638,0.93664,2.63,2.78
2012.06.26 10:44:20.166,0.93636,0.93662,2.63,2.78
2012.06.26 10:44:20.380,0.93636,0.93662,2.63,2.78
2012.06.26 10:44:22.936,0.93639,0.93665,2.63,3.16
2012.06.26 10:44:23.473,0.9364,0.93668,2.63,3.16
2012.06.26 10:44:24.147,0.9364,0.93668,2.63,3.16
2012.06.26 10:44:24.336,0.93644,0.9367,2.33,3.16
2012.06.26 10:44:24.942,0.93644,0.9367,2.33,3.16
2012.06.26 10:44:25.066,0.93642,0.93668,2.63,3.16
2012.06.26 10:44:25.209,0.93642,0.93668,2.63,3.16
2012.06.26 10:44:26.750,0.93641,0.93669,2.33,3.16
2012.06.26 10:44:27.333,0.93636,0.93664,3.00,2.78
2012.06.26 10:44:29.446,0.93638,0.93666,2.63,3.16
2012.06.26 10:44:29.747,0.93641,0.93667,2.33,3.16
2012.06.26 10:44:29.868,0.93644,0.93669,2.33,1.58
2012.06.26 10:44:29.938,0.93649,0.93669,2.33,1.58
2012.06.26 10:44:30.188,0.93644,0.93669,2.33,1.58
2012.06.26 10:44:30.328,0.93639,0.93667,2.63,3.16
2012.06.26 10:44:33.327,0.93637,0.93665,2.63,3.16
2012.06.26 10:44:34.216,0.93637,0.93665,2.63,3.16
2012.06.26 10:44:34.557,0.93637,0.93665,2.63,2.78
2012.06.26 10:44:35.087,0.93641,0.93667,2.33,3.16
2012.06.26 10:44:35.606,0.93637,0.93663,2.63,3.16
2012.06.26 10:44:39.249,0.93637,0.93665,2.63,3.16
2012.06.26 10:44:40.392,0.9364,0.93666,2.33,3.16
2012.06.26 10:44:40.847,0.93637,0.93665,2.63,3.16
2012.06.26 10:44:43.378,0.93634,0.9366,2.63,2.78
2012.06.26 10:44:44.651,0.93634,0.9366,2.63,2.78
2012.06.26 10:44:45.236,0.93634,0.9366,2.63,2.78
2012.06.26 10:44:45.357,0.9364,0.93666,2.33,3.16
2012.06.26 10:44:45.717,0.9364,0.93666,2.33,3.16
2012.06.26 10:44:47.607,0.93636,0.93662,3.00,2.78
2012.06.26 10:44:47.677,0.93636,0.93662,3.00,2.78
2012.06.26 10:44:48.298,0.93637,0.93665,2.63,3.16
2012.06.26 10:44:53.938,0.93633,0.9366,2.63,1.06
2012.06.26 10:44:54.126,0.93621,0.93659,1.28,1.58
2012.06.26 10:44:54.437,0.93621,0.93659,1.28,1.58
2012.06.26 10:44:54.766,0.93621,0.9366,1.28,1.81
2012.06.26 10:44:55.360,0.93622,0.9366,1.05,1.43
2012.06.26 10:44:57.700,0.93622,0.9366,1.05,1.43
2012.06.26 10:44:57.929,0.93626,0.9366,1.43,1.43
2012.06.26 10:44:59.188,0.93635,0.93661,2.33,2.78
2012.06.26 10:44:59.704,0.93636,0.93662,2.33,2.78
2012.06.26 10:45:00.239,0.93636,0.93662,2.33,2.78
2012.06.26 10:45:00.778,0.93636,0.93662,2.63,2.78
2012.06.26 10:45:00.937,0.93636,0.93662,2.33,3.16
2012.06.26 10:45:01.057,0.93632,0.93658,2.63,2.78
2012.06.26 10:45:01.733,0.93632,0.93658,2.63,2.78
2012.06.26 10:45:05.317,0.9363,0.93658,2.63,3.16
2012.06.26 10:45:07.267,0.9363,0.93656,2.63,3.16
2012.06.26 10:45:07.587,0.93628,0.93654,2.63,2.78
2012.06.26 10:45:11.308,0.93629,0.93657,2.63,3.16
2012.06.26 10:45:12.188,0.93629,0.93657,2.63,3.16
2012.06.26 10:45:12.437,0.93631,0.93657,2.63,2.78
2012.06.26 10:45:12.518,0.93631,0.93657,2.63,2.78
2012.06.26 10:45:13.024,0.93631,0.93657,2.63,2.78
2012.06.26 10:45:14.181,0.9363,0.93656,2.63,3.16
2012.06.26 10:45:16.177,0.93634,0.93659,2.33,1.21
2012.06.26 10:45:16.297,0.93632,0.93658,2.33,3.16
2012.06.26 10:45:16.616,0.93634,0.93659,2.33,1.21
2012.06.26 10:45:17.073,0.93632,0.93658,2.33,3.16
2012.06.26 10:45:19.558,0.93632,0.93658,2.33,3.16
2012.06.26 10:45:20.156,0.93632,0.93658,2.63,3.16
2012.06.26 10:45:21.328,0.93632,0.93658,2.33,2.78
2012.06.26 10:45:23.654,0.93632,0.93658,2.33,3.16
2012.06.26 10:45:24.008,0.93624,0.93652,2.63,2.78
2012.06.26 10:45:24.247,0.93624,0.93652,2.63,2.78
2012.06.26 10:45:24.558,0.9363,0.93656,2.63,3.16
2012.06.26 10:45:25.841,0.93629,0.93657,2.63,3.16
2012.06.26 10:45:26.359,0.93629,0.93657,2.63,3.16
2012.06.26 10:45:28.406,0.93629,0.93657,2.63,3.16
2012.06.26 10:45:28.528,0.93633,0.93661,2.63,3.53
2012.06.26 10:45:31.057,0.93633,0.93659,2.33,3.16
2012.06.26 10:45:31.357,0.93633,0.93659,2.63,3.16
2012.06.26 10:45:31.627,0.93631,0.93659,2.63,3.16
2012.06.26 10:45:31.807,0.93631,0.93659,2.63,3.16
2012.06.26 10:45:32.443,0.93631,0.93659,2.63,3.16
2012.06.26 10:45:34.547,0.93635,0.93661,2.63,2.78
2012.06.26 10:45:35.078,0.93635,0.93661,2.63,2.78
2012.06.26 10:45:36.069,0.93635,0.93661,2.63,2.78
2012.06.26 10:45:45.088,0.93635,0.93661,2.63,2.78
2012.06.26 10:45:47.287,0.93635,0.93661,2.63,2.78
2012.06.26 10:45:48.197,0.93635,0.93661,2.33,2.78
2012.06.26 10:45:48.814,0.93629,0.93657,3.00,2.78
2012.06.26 10:45:49.484,0.93629,0.93657,2.63,2.78
2012.06.26 10:45:50.589,0.93629,0.93657,2.63,2.78
2012.06.26 10:45:52.495,0.93629,0.93657,2.63,2.78
2012.06.26 10:45:54.328,0.93629,0.93657,2.63,2.78
2012.06.26 10:45:55.143,0.93629,0.93657,2.63,2.78
2012.06.26 10:45:55.318,0.93629,0.93657,2.63,2.78
2012.06.26 10:45:58.316,0.93629,0.93657,2.63,2.78
2012.06.26 10:45:58.616,0.93631,0.93657,2.63,2.78
2012.06.26 10:45:59.534,0.93631,0.93659,2.63,2.78
2012.06.26 10:46:00.233,0.93632,0.9366,2.63,2.78
2012.06.26 10:46:01.357,0.93632,0.9366,2.63,2.78
2012.06.26 10:46:04.017,0.93637,0.93663,2.33,3.16
2012.06.26 10:46:04.086,0.93637,0.93663,2.63,3.16
2012.06.26 10:46:04.487,0.93637,0.93663,2.63,3.16
2012.06.26 10:46:15.188,0.93635,0.93663,2.63,2.78
2012.06.26 10:46:15.849,0.93634,0.93662,2.63,2.78
2012.06.26 10:46:15.957,0.93634,0.93662,2.63,2.78
2012.06.26 10:46:16.648,0.93634,0.93662,2.63,2.78
2012.06.26 10:46:20.197,0.93637,0.93665,2.63,3.16
2012.06.26 10:46:20.706,0.93637,0.93663,2.33,2.78
2012.06.26 10:46:24.126,0.93637,0.93664,2.63,1.06
2012.06.26 10:46:25.097,0.93637,0.93665,2.63,2.78
2012.06.26 10:46:25.320,0.93637,0.93665,2.63,2.78
2012.06.26 10:46:27.798,0.93639,0.93665,2.33,2.78
2012.06.26 10:46:30.178,0.93639,0.93665,2.63,2.78
2012.06.26 10:46:30.557,0.93646,0.93672,2.63,3.16
2012.06.26 10:46:35.330,0.93646,0.93674,2.63,3.16
2012.06.26 10:46:39.278,0.93646,0.93674,2.63,3.16
2012.06.26 10:46:41.809,0.93646,0.93674,2.63,3.16
2012.06.26 10:46:42.693,0.93637,0.93665,3.75,2.78
2012.06.26 10:46:42.942,0.93637,0.93663,3.00,2.33
2012.06.26 10:46:43.067,0.93635,0.93663,3.00,2.78
2012.06.26 10:46:44.077,0.93637,0.93663,2.63,2.78
2012.06.26 10:46:44.693,0.93637,0.93663,2.63,2.78
2012.06.26 10:46:50.312,0.93638,0.93666,2.63,3.16
2012.06.26 10:46:50.638,0.93638,0.93666,2.63,3.16
2012.06.26 10:46:50.796,0.93638,0.93666,2.63,3.16
2012.06.26 10:46:53.667,0.93638,0.93666,2.63,2.78
2012.06.26 10:46:53.848,0.93638,0.93666,2.63,2.78
2012.06.26 10:46:54.107,0.93642,0.9367,2.63,3.16
2012.06.26 10:46:54.507,0.93643,0.93671,2.63,3.16
2012.06.26 10:46:55.260,0.93644,0.93672,2.63,3.16
2012.06.26 10:47:03.127,0.93646,0.93672,2.63,3.16
2012.06.26 10:47:19.407,0.93644,0.93672,2.63,2.78
2012.06.26 10:47:25.136,0.93644,0.93672,2.63,2.78
2012.06.26 10:47:32.880,0.9364,0.93668,2.63,2.78
2012.06.26 10:47:33.141,0.9364,0.93668,2.63,2.78
2012.06.26 10:47:33.208,0.93646,0.93672,2.63,3.16
2012.06.26 10:47:33.827,0.93642,0.9367,2.63,2.78
2012.06.26 10:47:35.117,0.93642,0.9367,2.63,2.78
2012.06.26 10:47:36.687,0.93642,0.9367,3.23,2.78
2012.06.26 10:47:36.817,0.93643,0.93671,3.23,2.33
2012.06.26 10:47:37.545,0.93643,0.93671,3.23,2.78
2012.06.26 10:47:38.417,0.93643,0.93671,3.23,2.33
2012.06.26 10:47:38.957,0.93643,0.93671,3.60,2.78
2012.06.26 10:47:39.389,0.93643,0.93671,3.60,2.33
2012.06.26 10:47:39.890,0.93648,0.93675,2.63,1.43
2012.06.26 10:47:40.826,0.93648,0.93676,2.63,3.16
2012.06.26 10:47:41.669,0.93648,0.93676,2.63,2.78
2012.06.26 10:47:41.736,0.93648,0.93676,2.63,2.78
2012.06.26 10:47:42.047,0.93644,0.93672,3.00,2.78
2012.06.26 10:47:42.148,0.93644,0.93672,3.00,2.78
2012.06.26 10:47:46.430,0.93644,0.93672,2.63,2.78
2012.06.26 10:47:48.959,0.93643,0.93671,2.63,2.78
2012.06.26 10:47:49.086,0.93639,0.93667,3.00,2.78
2012.06.26 10:47:52.397,0.93639,0.93667,2.63,2.78
2012.06.26 10:47:52.527,0.93639,0.93667,2.63,3.16
2012.06.26 10:47:54.406,0.93634,0.93662,2.63,2.78
2012.06.26 10:47:55.077,0.93642,0.93667,2.63,1.21
2012.06.26 10:47:55.340,0.93642,0.93667,2.63,1.21
2012.06.26 10:47:57.046,0.93642,0.93667,2.63,1.21
2012.06.26 10:47:59.030,0.93642,0.93668,2.63,2.78
2012.06.26 10:48:01.556,0.93643,0.93669,2.63,2.78
2012.06.26 10:48:02.237,0.93643,0.93669,2.33,3.16
2012.06.26 10:48:02.438,0.93639,0.93665,2.63,2.78
2012.06.26 10:48:02.687,0.93634,0.9366,3.00,2.33
2012.06.26 10:48:03.031,0.93634,0.9366,3.00,2.78
2012.06.26 10:48:05.246,0.93634,0.9366,3.00,2.78
2012.06.26 10:48:10.079,0.93633,0.93661,2.63,2.78
2012.06.26 10:48:11.056,0.93632,0.93658,2.63,2.78
2012.06.26 10:48:17.097,0.93631,0.93657,2.63,2.78
2012.06.26 10:48:17.200,0.93634,0.9366,2.33,2.78
2012.06.26 10:48:17.277,0.93634,0.9366,2.33,2.78
2012.06.26 10:48:17.337,0.93627,0.93655,3.00,2.78
2012.06.26 10:48:17.870,0.93627,0.93655,3.00,2.78
2012.06.26 10:48:18.217,0.93631,0.93655,1.05,2.70
2012.06.26 10:48:18.775,0.93637,0.9366,2.33,1.21
2012.06.26 10:48:19.127,0.93637,0.9366,2.63,1.21
2012.06.26 10:48:22.042,0.93637,0.93663,2.63,3.16
2012.06.26 10:48:23.567,0.93637,0.93663,2.63,3.16
2012.06.26 10:48:26.207,0.93637,0.93663,2.63,3.16
2012.06.26 10:48:31.060,0.93637,0.93663,2.63,3.16
2012.06.26 10:48:31.170,0.93637,0.93663,2.63,3.16
2012.06.26 10:48:31.376,0.93642,0.93667,2.33,1.81
2012.06.26 10:48:31.986,0.93642,0.93667,2.33,1.21
2012.06.26 10:48:32.657,0.93642,0.93668,2.63,3.76
2012.06.26 10:48:33.017,0.93642,0.93668,2.33,3.76
2012.06.26 10:48:33.138,0.93639,0.93667,2.63,3.16
2012.06.26 10:48:33.919,0.9364,0.93666,2.63,3.16
2012.06.26 10:48:34.446,0.93641,0.93668,2.63,1.43
2012.06.26 10:48:34.580,0.93641,0.93668,2.63,1.43
2012.06.26 10:48:35.329,0.93642,0.93668,2.63,1.43
2012.06.26 10:48:35.457,0.93642,0.93668,2.63,1.43
2012.06.26 10:48:36.786,0.93642,0.93668,2.63,1.43
2012.06.26 10:48:36.916,0.93642,0.93668,2.63,1.43
2012.06.26 10:48:37.735,0.93642,0.93668,2.63,1.43
2012.06.26 10:48:38.829,0.93642,0.93668,2.63,1.43
2012.06.26 10:48:39.268,0.93642,0.93668,2.63,1.43
2012.06.26 10:48:39.516,0.93647,0.93671,2.63,1.06
2012.06.26 10:48:41.488,0.93647,0.93673,2.63,3.16
2012.06.26 10:48:42.084,0.93647,0.93673,2.63,3.16
2012.06.26 10:48:46.881,0.93647,0.93673,2.63,3.16
2012.06.26 10:48:47.205,0.93638,0.93664,2.63,2.78
2012.06.26 10:48:47.421,0.93637,0.93663,3.00,2.78
2012.06.26 10:48:47.861,0.93637,0.93663,3.00,2.78
2012.06.26 10:49:00.428,0.93637,0.93663,2.63,3.16
2012.06.26 10:49:00.501,0.93637,0.93663,2.63,2.70
2012.06.26 10:49:00.808,0.93643,0.93668,2.33,1.21
2012.06.26 10:49:00.878,0.93643,0.93668,2.63,1.21
2012.06.26 10:49:00.949,0.93643,0.93671,3.00,2.78
2012.06.26 10:49:01.358,0.93649,0.93675,2.63,3.38
2012.06.26 10:49:11.636,0.93645,0.93673,2.63,3.38
2012.06.26 10:49:12.428,0.93641,0.93669,3.23,2.78
2012.06.26 10:49:12.732,0.93646,0.93674,2.63,2.78
2012.06.26 10:49:13.957,0.93642,0.9367,2.63,2.78
2012.06.26 10:49:15.057,0.93642,0.9367,2.63,2.33
2012.06.26 10:49:15.296,0.93646,0.93674,2.63,2.78
2012.06.26 10:49:16.921,0.93646,0.93674,2.63,3.16
2012.06.26 10:49:18.067,0.93646,0.93674,3.00,2.78
2012.06.26 10:49:18.381,0.93651,0.93677,2.63,2.78
2012.06.26 10:49:18.708,0.93651,0.93677,2.63,2.78
2012.06.26 10:49:19.234,0.93655,0.93681,2.63,3.16
2012.06.26 10:49:30.027,0.93655,0.93681,2.63,2.78
2012.06.26 10:49:35.211,0.93652,0.9368,2.63,2.78
2012.06.26 10:49:35.517,0.93652,0.9368,2.63,3.16
2012.06.26 10:49:35.955,0.93649,0.93677,2.63,2.78
2012.06.26 10:49:40.197,0.93649,0.93675,2.63,2.78
2012.06.26 10:49:47.886,0.93646,0.93672,2.63,2.78
2012.06.26 10:49:48.108,0.93646,0.93672,2.63,2.78
2012.06.26 10:49:48.357,0.93649,0.93677,2.63,3.16
2012.06.26 10:49:48.945,0.93649,0.93677,2.63,3.16
2012.06.26 10:49:52.768,0.93647,0.93673,1.43,2.78
2012.06.26 10:49:52.947,0.93649,0.93677,2.63,2.78
2012.06.26 10:49:53.510,0.93654,0.9368,2.33,3.16
2012.06.26 10:49:53.845,0.93651,0.93679,2.33,2.78
2012.06.26 10:49:54.205,0.93653,0.93679,2.33,2.78
2012.06.26 10:49:54.607,0.93649,0.93677,2.33,2.78
2012.06.26 10:49:54.797,0.93649,0.93677,2.63,2.78
2012.06.26 10:49:54.857,0.93652,0.9368,2.33,3.16
2012.06.26 10:49:55.545,0.93652,0.9368,2.33,3.16
2012.06.26 10:49:56.049,0.93653,0.93681,2.33,3.16
2012.06.26 10:49:56.598,0.93656,0.93682,2.33,3.16
2012.06.26 10:49:56.889,0.93658,0.93684,2.63,2.78
2012.06.26 10:49:57.475,0.93659,0.93687,2.63,3.16
2012.06.26 10:49:57.777,0.9366,0.93688,2.63,3.16
2012.06.26 10:49:58.396,0.9366,0.93688,2.63,3.16
2012.06.26 10:49:58.727,0.9366,0.93688,2.33,3.91
2012.06.26 10:49:58.786,0.93655,0.93683,2.63,2.78
2012.06.26 10:49:59.598,0.93655,0.93683,2.63,2.78
2012.06.26 10:50:00.717,0.93657,0.93684,2.63,1.43
2012.06.26 10:50:00.907,0.93657,0.93685,2.63,3.16
2012.06.26 10:50:01.728,0.93657,0.93685,2.63,3.16
2012.06.26 10:50:02.880,0.93656,0.93682,2.63,2.78
2012.06.26 10:50:03.187,0.93658,0.93684,2.63,3.16
2012.06.26 10:50:03.561,0.93662,0.93687,2.63,1.43
2012.06.26 10:50:04.107,0.93659,0.93687,2.63,3.76
2012.06.26 10:50:04.705,0.93664,0.93687,2.33,1.43
2012.06.26 10:50:07.827,0.93664,0.93687,2.63,1.06
2012.06.26 10:50:08.077,0.9366,0.93686,2.63,2.78
2012.06.26 10:50:08.368,0.9366,0.93686,2.63,2.78
2012.06.26 10:50:14.199,0.93659,0.93687,2.63,3.76
2012.06.26 10:50:14.631,0.93658,0.93686,2.63,3.16
2012.06.26 10:50:15.046,0.93655,0.93683,2.63,3.76
2012.06.26 10:50:15.517,0.93655,0.93681,2.63,2.78
2012.06.26 10:50:17.568,0.93656,0.93682,2.63,2.78
2012.06.26 10:50:18.459,0.9365,0.93682,1.05,1.06
2012.06.26 10:50:18.767,0.93652,0.93689,1.28,1.43
2012.06.26 10:50:19.360,0.9366,0.93688,2.63,3.16
2012.06.26 10:50:21.849,0.93657,0.93685,2.63,2.78
2012.06.26 10:50:22.382,0.93657,0.93685,2.63,2.78
2012.06.26 10:50:22.864,0.9366,0.93686,2.63,2.78
2012.06.26 10:50:24.492,0.93662,0.93689,2.33,1.43
2012.06.26 10:50:24.759,0.93657,0.93685,2.63,2.78
2012.06.26 10:50:24.931,0.93663,0.93689,2.33,3.76
2012.06.26 10:50:25.058,0.9366,0.93686,2.33,2.78
2012.06.26 10:50:25.417,0.93655,0.93683,2.63,2.78
2012.06.26 10:50:25.766,0.93659,0.93687,2.63,3.16
2012.06.26 10:50:26.957,0.93653,0.93682,2.63,2.78
2012.06.26 10:50:27.467,0.93654,0.93682,2.63,3.38
2012.06.26 10:50:27.727,0.93654,0.93682,2.33,3.38
2012.06.26 10:50:28.311,0.93652,0.9368,2.63,2.78
2012.06.26 10:50:34.588,0.93655,0.93681,2.63,3.16
2012.06.26 10:50:35.129,0.93658,0.93684,2.33,3.16
2012.06.26 10:50:35.290,0.93658,0.93684,2.63,3.16
2012.06.26 10:50:35.538,0.93658,0.93684,2.33,3.16
2012.06.26 10:50:35.787,0.93653,0.93679,3.00,2.78
2012.06.26 10:50:38.897,0.93655,0.93681,2.63,3.16
2012.06.26 10:50:39.423,0.93656,0.93682,2.33,3.16
2012.06.26 10:50:41.750,0.93656,0.93682,2.33,2.78
2012.06.26 10:50:42.242,0.93657,0.93685,2.63,3.16
2012.06.26 10:50:42.318,0.93657,0.93685,2.63,3.16
2012.06.26 10:50:42.862,0.93658,0.93686,2.33,3.16
2012.06.26 10:50:45.110,0.93659,0.93687,2.33,3.38
2012.06.26 10:50:45.894,0.93659,0.93687,2.33,3.38
2012.06.26 10:50:47.668,0.93659,0.93687,2.33,3.38
2012.06.26 10:50:48.027,0.93655,0.93681,3.00,1.06
2012.06.26 10:50:48.407,0.93655,0.93683,2.70,3.38
2012.06.26 10:50:50.187,0.93655,0.93683,2.33,3.38
2012.06.26 10:50:50.247,0.93655,0.93683,2.63,3.38
2012.06.26 10:50:50.311,0.93655,0.93683,2.63,3.38
2012.06.26 10:50:50.908,0.93654,0.93682,2.63,2.33
2012.06.26 10:50:51.038,0.93663,0.9369,2.63,1.43
2012.06.26 10:50:51.529,0.93661,0.93687,2.63,3.16
2012.06.26 10:50:54.517,0.93657,0.93685,2.63,2.78
2012.06.26 10:50:56.587,0.93654,0.93682,3.00,2.78
2012.06.26 10:50:56.651,0.93654,0.93682,3.00,2.78
2012.06.26 10:51:05.227,0.93653,0.93681,2.63,2.78
2012.06.26 10:51:05.729,0.93653,0.93681,3.00,2.78
2012.06.26 10:51:06.337,0.93659,0.93686,2.63,1.43
2012.06.26 10:51:13.999,0.93657,0.93685,2.63,3.16
2012.06.26 10:51:15.677,0.93653,0.93681,2.63,3.38
2012.06.26 10:51:16.753,0.93653,0.93681,2.63,3.38
2012.06.26 10:51:17.195,0.93653,0.93681,2.63,1.06
2012.06.26 10:51:17.596,0.93656,0.93684,2.63,3.16
2012.06.26 10:51:17.671,0.93656,0.93684,2.63,3.16
2012.06.26 10:51:21.187,0.93657,0.93683,2.33,2.78
2012.06.26 10:51:22.015,0.93653,0.93679,2.63,3.16
2012.06.26 10:51:24.478,0.93653,0.93679,2.63,3.16
2012.06.26 10:51:25.015,0.93653,0.93679,2.63,3.16
2012.06.26 10:51:25.143,0.93653,0.93679,2.63,3.16
2012.06.26 10:51:26.156,0.93652,0.93678,2.63,2.78
2012.06.26 10:51:27.887,0.93652,0.9368,2.63,3.16
2012.06.26 10:51:29.428,0.93652,0.9368,2.63,3.16
2012.06.26 10:51:30.307,0.93652,0.9368,2.63,3.16
2012.06.26 10:51:32.068,0.93652,0.9368,2.63,3.16
2012.06.26 10:51:34.160,0.93652,0.93678,2.63,2.78
2012.06.26 10:51:34.317,0.93652,0.93678,2.63,2.78
2012.06.26 10:51:35.153,0.93652,0.93678,2.63,2.78
2012.06.26 10:51:36.046,0.93652,0.9368,2.33,3.16
2012.06.26 10:51:36.359,0.93652,0.9368,2.63,3.16
2012.06.26 10:51:37.597,0.93654,0.9368,2.63,3.16
2012.06.26 10:51:38.999,0.93654,0.9368,2.33,3.16
2012.06.26 10:51:39.709,0.93653,0.93682,2.63,3.16
2012.06.26 10:51:41.217,0.93653,0.93681,2.63,2.78
2012.06.26 10:51:43.513,0.93647,0.93675,2.63,2.78
2012.06.26 10:51:45.046,0.93649,0.93677,2.63,3.16
2012.06.26 10:51:45.284,0.93651,0.93677,2.63,3.16
2012.06.26 10:51:45.599,0.93655,0.93681,2.33,3.16
2012.06.26 10:51:45.711,0.93655,0.93681,2.33,3.16
2012.06.26 10:51:46.208,0.93654,0.9368,2.63,2.78
2012.06.26 10:51:46.277,0.93654,0.9368,2.63,2.78
2012.06.26 10:51:46.804,0.93654,0.9368,2.63,2.78
2012.06.26 10:51:48.838,0.93652,0.9368,2.63,2.78
2012.06.26 10:51:49.387,0.93654,0.9368,2.63,2.78
2012.06.26 10:51:49.660,0.93655,0.93681,2.63,3.16
2012.06.26 10:51:50.216,0.93654,0.93682,2.63,3.16
2012.06.26 10:51:50.980,0.93654,0.93682,2.63,3.16
2012.06.26 10:51:52.417,0.93655,0.93683,2.63,2.78
2012.06.26 10:51:53.254,0.93657,0.93683,2.33,2.78
2012.06.26 10:51:55.143,0.93657,0.93683,2.63,2.78
2012.06.26 10:51:55.517,0.93659,0.93685,2.33,2.78
2012.06.26 10:51:56.648,0.93655,0.93683,2.63,2.78
2012.06.26 10:52:14.609,0.93656,0.93682,2.33,2.78
2012.06.26 10:52:14.971,0.93656,0.93682,2.33,2.78
2012.06.26 10:52:15.496,0.93655,0.93683,2.33,2.78
2012.06.26 10:52:15.974,0.93655,0.93683,2.63,2.78
2012.06.26 10:52:19.109,0.93651,0.93677,2.63,2.78
2012.06.26 10:52:25.475,0.93651,0.93677,2.63,2.78
2012.06.26 10:52:31.629,0.9365,0.93676,2.63,2.78
2012.06.26 10:52:35.259,0.9365,0.93676,2.63,2.78
2012.06.26 10:52:39.566,0.93651,0.93679,2.63,3.16
2012.06.26 10:52:40.112,0.93651,0.93679,4.35,2.78
2012.06.26 10:52:40.418,0.93648,0.93674,3.00,2.78
2012.06.26 10:52:40.937,0.93648,0.93674,3.00,2.78
2012.06.26 10:52:41.379,0.93648,0.93674,3.00,2.78
2012.06.26 10:52:41.673,0.93652,0.93676,2.33,1.06
2012.06.26 10:52:43.247,0.93651,0.93679,2.63,2.78
2012.06.26 10:52:45.271,0.93651,0.9368,2.63,3.16
2012.06.26 10:52:51.319,0.93652,0.93679,2.33,3.16
2012.06.26 10:52:51.388,0.93648,0.93674,2.63,2.78
2012.06.26 10:52:54.407,0.93648,0.93674,3.00,2.78
2012.06.26 10:52:58.268,0.93652,0.93679,2.63,3.16
2012.06.26 10:52:58.508,0.93647,0.93673,3.38,2.78
2012.06.26 10:52:58.638,0.93647,0.93673,2.63,2.78
2012.06.26 10:52:58.911,0.93649,0.93675,2.63,2.78
2012.06.26 10:53:00.451,0.93652,0.9368,2.63,2.78
2012.06.26 10:53:01.204,0.93652,0.93678,2.63,2.78
2012.06.26 10:53:11.449,0.93652,0.93678,2.63,2.78
2012.06.26 10:53:11.898,0.93652,0.93678,2.33,2.78
2012.06.26 10:53:12.167,0.93648,0.93674,2.63,2.78
2012.06.26 10:53:12.661,0.93648,0.93674,2.33,2.78
2012.06.26 10:53:12.867,0.93644,0.9367,3.00,2.78
2012.06.26 10:53:13.393,0.93644,0.9367,3.00,2.78
2012.06.26 10:53:15.528,0.93644,0.9367,3.00,2.78
2012.06.26 10:53:16.067,0.93644,0.9367,2.63,2.78
2012.06.26 10:53:16.601,0.93652,0.93672,1.05,2.33
2012.06.26 10:53:16.669,0.93655,0.93681,2.63,2.78
2012.06.26 10:53:17.069,0.93655,0.93681,2.63,2.78
2012.06.26 10:53:17.308,0.93659,0.93685,2.63,3.16
2012.06.26 10:53:25.201,0.93659,0.93687,2.63,2.78
2012.06.26 10:53:26.957,0.93663,0.93689,1.05,3.16
2012.06.26 10:53:27.017,0.93666,0.93689,1.05,3.16
2012.06.26 10:53:27.077,0.93671,0.93693,2.33,1.21
2012.06.26 10:53:27.376,0.93667,0.93693,2.33,2.78
2012.06.26 10:53:27.620,0.93662,0.93688,3.75,2.78
2012.06.26 10:53:28.170,0.93662,0.93685,1.43,2.78
2012.06.26 10:53:28.658,0.93663,0.93691,2.63,2.78
2012.06.26 10:53:29.138,0.93667,0.93692,2.63,1.43
2012.06.26 10:53:29.197,0.93667,0.93695,2.63,3.16
2012.06.26 10:53:29.737,0.93669,0.93695,2.33,3.16
2012.06.26 10:53:35.419,0.93669,0.93695,2.63,3.16
2012.06.26 10:53:42.506,0.93666,0.93692,2.63,2.78
2012.06.26 10:53:43.028,0.93665,0.93691,2.63,2.78
2012.06.26 10:53:53.458,0.93666,0.93691,2.63,1.06
2012.06.26 10:53:53.847,0.9367,0.93691,2.33,1.06
2012.06.26 10:53:54.037,0.93661,0.93687,3.75,2.78
2012.06.26 10:53:54.115,0.93661,0.93687,3.75,2.78
2012.06.26 10:53:54.478,0.93663,0.93689,2.63,2.78
2012.06.26 10:53:55.111,0.93669,0.93695,2.63,1.06
2012.06.26 10:53:56.577,0.93666,0.93694,2.63,2.78
2012.06.26 10:53:56.897,0.93666,0.93692,2.63,2.78
2012.06.26 10:53:59.447,0.93666,0.93692,2.63,3.16
2012.06.26 10:53:59.723,0.93666,0.93692,3.38,3.16
2012.06.26 10:54:00.028,0.93674,0.93697,2.33,1.21
2012.06.26 10:54:00.087,0.93669,0.93697,2.63,3.53
2012.06.26 10:54:02.605,0.93668,0.93697,2.63,3.53
2012.06.26 10:54:03.124,0.9367,0.93696,2.33,2.78
2012.06.26 10:54:04.167,0.93668,0.93696,2.63,2.78
2012.06.26 10:54:10.306,0.93668,0.93696,2.63,3.16
2012.06.26 10:54:10.837,0.93663,0.93691,3.00,2.78
2012.06.26 10:54:15.330,0.93663,0.93691,3.00,2.78
2012.06.26 10:54:25.256,0.93664,0.9369,2.63,2.78
2012.06.26 10:54:25.972,0.93665,0.93691,2.33,2.78
2012.06.26 10:54:26.679,0.93664,0.9369,2.63,2.78
2012.06.26 10:54:35.129,0.93663,0.93691,2.63,3.16
2012.06.26 10:54:35.893,0.93663,0.93691,2.63,3.16
2012.06.26 10:54:45.266,0.93663,0.93691,2.63,3.16
2012.06.26 10:54:45.820,0.93662,0.93688,2.63,2.78
2012.06.26 10:54:46.048,0.93662,0.93688,3.38,2.78
2012.06.26 10:54:46.228,0.93666,0.93691,2.33,1.43
2012.06.26 10:54:46.302,0.93662,0.93688,2.63,2.78
2012.06.26 10:54:46.727,0.93662,0.93688,2.63,2.78
2012.06.26 10:54:47.276,0.93662,0.9369,2.63,3.16
2012.06.26 10:54:47.915,0.93664,0.9369,2.63,3.16
2012.06.26 10:54:53.718,0.93664,0.93691,2.63,1.43
2012.06.26 10:54:54.342,0.93668,0.93691,2.33,1.43
2012.06.26 10:54:55.119,0.93668,0.93691,2.63,1.43
2012.06.26 10:54:55.654,0.93669,0.93697,2.33,3.76
2012.06.26 10:54:59.408,0.93669,0.93697,2.33,3.76
2012.06.26 10:55:02.379,0.93669,0.93697,2.63,3.76
2012.06.26 10:55:04.251,0.93669,0.93697,2.63,3.76
2012.06.26 10:55:10.578,0.93669,0.93697,2.33,3.76
2012.06.26 10:55:10.637,0.93665,0.93693,3.00,2.78
2012.06.26 10:55:10.757,0.93665,0.93693,3.00,2.78
2012.06.26 10:55:10.879,0.9367,0.93697,2.33,1.43
2012.06.26 10:55:11.306,0.9367,0.93697,2.33,1.43
2012.06.26 10:55:11.379,0.93667,0.93695,2.33,2.78
2012.06.26 10:55:11.508,0.93665,0.93693,2.33,3.16
2012.06.26 10:55:12.027,0.93664,0.9369,2.33,2.78
2012.06.26 10:55:12.648,0.93664,0.9369,2.63,3.16
2012.06.26 10:55:13.149,0.93664,0.9369,2.63,3.16
2012.06.26 10:55:13.921,0.93664,0.9369,2.63,3.16
2012.06.26 10:55:13.988,0.93668,0.93694,2.33,3.16
2012.06.26 10:55:14.058,0.93668,0.93694,2.33,3.16
2012.06.26 10:55:14.120,0.9367,0.93695,2.33,1.21
2012.06.26 10:55:14.247,0.93666,0.93694,2.33,3.16
2012.06.26 10:55:15.129,0.93666,0.93694,2.63,3.16
2012.06.26 10:55:15.919,0.93666,0.93694,3.00,2.78
2012.06.26 10:55:16.047,0.93666,0.93694,3.75,2.78
2012.06.26 10:55:16.341,0.93676,0.93696,2.33,1.06
2012.06.26 10:55:31.118,0.93673,0.93701,2.33,3.38
2012.06.26 10:55:34.379,0.93673,0.93699,2.63,2.78
2012.06.26 10:55:34.508,0.93673,0.93699,3.00,2.78
2012.06.26 10:55:34.638,0.93672,0.9371,1.43,1.43
2012.06.26 10:55:34.878,0.93667,0.93703,1.05,1.21
2012.06.26 10:55:35.167,0.93666,0.937,1.05,1.43
2012.06.26 10:55:35.498,0.93676,0.93703,2.33,1.21
2012.06.26 10:55:35.856,0.93672,0.937,2.63,3.16
2012.06.26 10:55:40.896,0.93672,0.937,2.63,3.16
2012.06.26 10:55:43.359,0.93669,0.93695,3.00,2.78
2012.06.26 10:55:43.747,0.93669,0.93695,2.70,2.78
2012.06.26 10:55:44.417,0.93669,0.93695,2.63,2.78
2012.06.26 10:55:45.067,0.93669,0.93695,2.63,2.78
2012.06.26 10:55:45.294,0.93669,0.93695,2.33,2.78
2012.06.26 10:55:45.502,0.93667,0.93694,1.05,2.78
2012.06.26 10:55:46.038,0.93672,0.93698,2.33,3.16
2012.06.26 10:55:49.479,0.93674,0.937,2.33,3.16
2012.06.26 10:55:52.428,0.93674,0.93699,2.33,1.43
2012.06.26 10:55:53.088,0.93674,0.93699,2.33,1.43
2012.06.26 10:55:54.519,0.93674,0.93699,2.63,1.43
2012.06.26 10:55:55.203,0.93675,0.93699,2.33,1.43
2012.06.26 10:55:55.588,0.93673,0.93699,2.33,1.43
2012.06.26 10:55:55.997,0.9367,0.93696,2.63,3.16
2012.06.26 10:55:57.309,0.93669,0.93697,2.63,2.78
2012.06.26 10:55:57.907,0.93669,0.93697,2.63,2.78
2012.06.26 10:55:59.676,0.93669,0.93697,2.63,2.78
2012.06.26 10:56:00.293,0.93669,0.93697,2.63,2.78
2012.06.26 10:56:00.827,0.9367,0.93698,2.63,2.78
2012.06.26 10:56:00.947,0.9367,0.93698,2.63,2.78
2012.06.26 10:56:01.152,0.93673,0.93699,2.63,3.76
2012.06.26 10:56:02.158,0.93673,0.93701,2.63,2.78
2012.06.26 10:56:02.338,0.93669,0.93697,3.00,2.78
2012.06.26 10:56:02.459,0.93672,0.93698,2.33,2.78
2012.06.26 10:56:02.528,0.93672,0.93698,2.63,2.78
2012.06.26 10:56:02.598,0.93672,0.93698,2.63,2.78
2012.06.26 10:56:03.479,0.93675,0.93703,2.63,3.76
2012.06.26 10:56:03.790,0.93676,0.93703,2.63,1.43
2012.06.26 10:56:04.203,0.93676,0.93703,2.63,1.43
2012.06.26 10:56:05.330,0.93675,0.93703,2.63,3.76
2012.06.26 10:56:11.969,0.93677,0.93703,2.33,1.43
2012.06.26 10:56:12.318,0.93677,0.93703,2.63,1.43
2012.06.26 10:56:13.768,0.93674,0.93702,2.63,2.78
2012.06.26 10:56:15.259,0.93674,0.93702,2.63,2.78
2012.06.26 10:56:15.918,0.93674,0.93702,2.63,3.16
2012.06.26 10:56:21.037,0.93669,0.93697,3.00,2.78
2012.06.26 10:56:21.859,0.93669,0.93697,3.00,2.78
2012.06.26 10:56:22.087,0.93666,0.93692,2.63,2.78
2012.06.26 10:56:22.267,0.93664,0.93688,2.63,1.35
2012.06.26 10:56:22.328,0.93664,0.93687,2.33,1.43
2012.06.26 10:56:22.398,0.93666,0.93687,2.33,1.43
2012.06.26 10:56:22.517,0.93657,0.93681,1.05,2.78
2012.06.26 10:56:23.079,0.93657,0.93683,3.38,3.16
2012.06.26 10:56:25.174,0.93657,0.93683,2.63,3.16
2012.06.26 10:56:28.238,0.93657,0.93681,2.63,1.06
2012.06.26 10:56:29.728,0.93658,0.93682,2.33,1.43
2012.06.26 10:56:29.788,0.93653,0.93679,2.63,2.78
2012.06.26 10:56:30.468,0.93655,0.93682,2.63,1.43
2012.06.26 10:56:30.717,0.93655,0.93682,2.63,1.43
2012.06.26 10:56:34.078,0.9365,0.93676,3.00,2.78
2012.06.26 10:56:34.450,0.93648,0.93677,3.23,2.78
2012.06.26 10:56:34.577,0.93654,0.9368,2.63,3.16
2012.06.26 10:56:35.324,0.93654,0.9368,2.63,3.16
2012.06.26 10:56:36.357,0.93655,0.93683,2.63,2.78
2012.06.26 10:56:37.014,0.93655,0.93683,2.63,2.78
2012.06.26 10:56:38.118,0.93655,0.93683,2.63,2.78
2012.06.26 10:56:38.339,0.93655,0.93682,2.63,1.06
2012.06.26 10:56:38.841,0.93655,0.93682,2.63,1.06
2012.06.26 10:56:42.977,0.93655,0.93683,2.63,2.78
2012.06.26 10:56:45.265,0.93655,0.93683,2.63,2.78
2012.06.26 10:56:51.038,0.93655,0.93683,2.63,2.78
2012.06.26 10:56:55.166,0.93659,0.93686,2.63,1.43
2012.06.26 10:56:55.764,0.93659,0.93686,2.63,1.43
2012.06.26 10:56:58.448,0.93659,0.93686,2.63,1.43
2012.06.26 10:56:59.177,0.93657,0.93683,2.63,3.16
2012.06.26 10:56:59.308,0.93661,0.93686,2.63,1.43
2012.06.26 10:56:59.439,0.93661,0.93687,2.63,3.16
2012.06.26 10:57:01.140,0.93664,0.93692,2.63,3.16
2012.06.26 10:57:01.207,0.93664,0.93692,2.63,3.16
2012.06.26 10:57:01.842,0.9366,0.93688,2.63,3.16
2012.06.26 10:57:02.452,0.93665,0.93691,2.33,3.16
2012.06.26 10:57:03.928,0.93665,0.93691,2.63,3.16
2012.06.26 10:57:03.988,0.93665,0.93691,2.63,3.16
2012.06.26 10:57:04.908,0.93666,0.93692,2.63,3.16
2012.06.26 10:57:07.047,0.93661,0.93687,3.38,2.33
2012.06.26 10:57:07.110,0.93661,0.93687,3.38,2.78
2012.06.26 10:57:07.367,0.9367,0.93694,2.63,1.21
2012.06.26 10:57:07.706,0.93665,0.93691,2.63,3.16
2012.06.26 10:57:08.761,0.93665,0.93691,2.63,3.16
2012.06.26 10:57:10.832,0.93665,0.93691,2.63,3.16
2012.06.26 10:57:11.406,0.93665,0.93691,2.63,3.16
2012.06.26 10:57:13.798,0.93662,0.9369,2.63,2.78
2012.06.26 10:57:14.116,0.93659,0.93687,3.00,2.78
2012.06.26 10:57:14.718,0.9366,0.93686,2.63,2.78
2012.06.26 10:57:14.789,0.9366,0.93686,2.63,2.78
2012.06.26 10:57:15.327,0.9366,0.93686,2.63,2.78
2012.06.26 10:57:18.680,0.9366,0.93686,2.63,2.78
2012.06.26 10:57:20.448,0.93658,0.93686,2.63,2.78
2012.06.26 10:57:20.577,0.93664,0.93688,2.63,1.43
2012.06.26 10:57:21.222,0.93664,0.9369,2.63,3.16
2012.06.26 10:57:22.238,0.93663,0.93691,2.63,3.16
2012.06.26 10:57:22.308,0.93668,0.93694,2.33,3.16
2012.06.26 10:57:23.507,0.93667,0.93695,2.33,2.78
2012.06.26 10:57:24.519,0.9367,0.93698,2.63,3.76
2012.06.26 10:57:24.590,0.9367,0.93696,2.33,3.16
2012.06.26 10:57:24.918,0.9367,0.93698,2.63,3.76
2012.06.26 10:57:25.463,0.9367,0.93698,2.63,3.76
2012.06.26 10:57:26.648,0.93671,0.93698,2.33,1.43
2012.06.26 10:57:28.836,0.93666,0.93694,2.63,3.16
2012.06.26 10:57:30.690,0.93665,0.93691,2.63,2.78
2012.06.26 10:57:33.007,0.93667,0.93693,2.63,2.78
2012.06.26 10:57:33.438,0.93668,0.93694,2.33,3.16
2012.06.26 10:57:37.206,0.93668,0.93694,2.33,3.16
2012.06.26 10:57:37.328,0.93663,0.93691,3.00,2.78
2012.06.26 10:57:37.477,0.93663,0.93691,3.00,2.78
2012.06.26 10:57:38.607,0.93664,0.9369,1.05,2.78
2012.06.26 10:57:38.908,0.93666,0.9369,1.28,2.33
2012.06.26 10:57:39.287,0.93667,0.93695,3.00,2.78
2012.06.26 10:57:39.518,0.93667,0.93695,3.00,2.78
2012.06.26 10:57:39.958,0.9367,0.93698,2.63,3.16
2012.06.26 10:57:43.689,0.9367,0.93698,2.33,2.78
2012.06.26 10:57:44.304,0.93666,0.93692,3.00,2.78
2012.06.26 10:57:45.097,0.93666,0.93692,3.00,2.78
2012.06.26 10:57:45.664,0.93666,0.93692,3.00,2.78
2012.06.26 10:57:46.768,0.93666,0.93692,3.00,2.78
2012.06.26 10:57:47.313,0.93671,0.93697,2.63,2.78
2012.06.26 10:57:47.568,0.93668,0.93696,2.63,2.78
2012.06.26 10:57:47.927,0.93668,0.93694,2.63,2.78
2012.06.26 10:57:48.298,0.93666,0.93694,2.63,2.78
2012.06.26 10:57:48.418,0.93663,0.93686,1.28,2.78
2012.06.26 10:57:48.479,0.93665,0.93686,1.65,2.78
2012.06.26 10:57:48.788,0.93667,0.93693,3.23,2.33
2012.06.26 10:57:49.308,0.93673,0.93701,2.63,3.16
2012.06.26 10:57:49.448,0.93673,0.93701,2.63,2.78
2012.06.26 10:57:49.569,0.93673,0.93701,2.63,2.78
2012.06.26 10:57:52.359,0.93675,0.93703,2.63,3.38
2012.06.26 10:57:52.915,0.93677,0.93703,2.63,3.38
2012.06.26 10:57:53.048,0.93672,0.93698,2.63,2.78
2012.06.26 10:57:53.197,0.93676,0.93702,2.33,2.78
2012.06.26 10:57:53.258,0.93676,0.93702,2.63,2.78
2012.06.26 10:57:55.210,0.93674,0.937,2.63,2.78
2012.06.26 10:57:55.677,0.93673,0.93699,2.63,2.78
2012.06.26 10:57:55.988,0.93673,0.93699,2.33,2.78
2012.06.26 10:57:56.543,0.93671,0.93697,2.63,2.78
2012.06.26 10:57:57.457,0.93669,0.93697,2.63,2.78
2012.06.26 10:57:58.255,0.93674,0.937,2.63,2.78
2012.06.26 10:57:58.568,0.93674,0.937,2.63,2.78
2012.06.26 10:57:58.857,0.93673,0.93699,2.63,2.78
2012.06.26 10:57:59.178,0.93671,0.93699,2.63,2.78
2012.06.26 10:58:01.739,0.93669,0.93695,2.63,2.78
2012.06.26 10:58:02.158,0.93665,0.93693,2.63,2.78
2012.06.26 10:58:02.599,0.93665,0.93693,2.63,2.78
2012.06.26 10:58:03.902,0.93666,0.93694,2.63,2.78
2012.06.26 10:58:04.559,0.93666,0.93694,2.63,2.78
2012.06.26 10:58:04.808,0.93679,0.93707,2.33,2.78
2012.06.26 10:58:05.123,0.93679,0.93707,2.63,2.78
2012.06.26 10:58:05.442,0.93679,0.93707,2.63,2.78
2012.06.26 10:58:05.938,0.93681,0.93707,2.63,2.78
2012.06.26 10:58:06.321,0.93676,0.93704,2.63,2.78
2012.06.26 10:58:07.648,0.93676,0.93701,2.63,1.06
2012.06.26 10:58:08.200,0.93676,0.93701,2.63,1.06
2012.06.26 10:58:08.428,0.93677,0.93704,2.63,1.06
2012.06.26 10:58:08.788,0.93679,0.93704,2.63,1.06
2012.06.26 10:58:08.868,0.93679,0.93704,2.63,1.06
2012.06.26 10:58:12.050,0.93675,0.93703,2.63,2.78
2012.06.26 10:58:12.785,0.93675,0.93703,2.63,2.78
2012.06.26 10:58:15.347,0.93679,0.93704,2.63,1.06
2012.06.26 10:58:16.567,0.93679,0.93704,2.33,1.06
2012.06.26 10:58:16.688,0.93679,0.93704,2.63,1.06
2012.06.26 10:58:17.145,0.93682,0.93704,2.63,1.06
2012.06.26 10:58:18.099,0.93682,0.93704,2.63,1.06
2012.06.26 10:58:18.439,0.93674,0.93702,2.63,3.38
2012.06.26 10:58:18.719,0.93671,0.93699,2.63,3.16
2012.06.26 10:58:19.439,0.9367,0.93698,2.63,2.78
2012.06.26 10:58:23.049,0.9367,0.93698,3.00,2.33
2012.06.26 10:58:23.664,0.93676,0.93702,2.63,2.78
2012.06.26 10:58:25.097,0.93676,0.93702,2.63,2.78
2012.06.26 10:58:27.798,0.93677,0.93703,2.63,2.78
2012.06.26 10:58:28.342,0.93678,0.93704,2.33,2.78
2012.06.26 10:58:28.909,0.93679,0.93705,2.63,2.78
2012.06.26 10:58:30.879,0.93679,0.93705,2.63,2.78
2012.06.26 10:58:31.530,0.93679,0.93705,2.63,2.78
2012.06.26 10:58:33.069,0.93677,0.93705,2.63,2.78
2012.06.26 10:58:35.269,0.93677,0.93705,2.63,2.78
2012.06.26 10:58:38.618,0.93676,0.93704,2.63,2.78
2012.06.26 10:58:39.498,0.93673,0.93701,2.63,2.78
2012.06.26 10:58:39.945,0.93676,0.93702,2.63,2.78
2012.06.26 10:58:40.723,0.93676,0.93702,2.63,2.78
2012.06.26 10:58:41.014,0.93676,0.93702,2.63,2.78
2012.06.26 10:58:41.467,0.93674,0.937,3.00,2.78
2012.06.26 10:58:41.880,0.93676,0.93704,2.63,2.78
2012.06.26 10:58:42.882,0.93676,0.93704,2.63,2.78
2012.06.26 10:58:43.389,0.93682,0.93708,2.63,2.78
2012.06.26 10:58:43.578,0.93677,0.93703,3.00,2.78
2012.06.26 10:58:49.827,0.93677,0.93703,2.63,2.78
2012.06.26 10:58:55.336,0.93681,0.93707,2.63,3.16
2012.06.26 10:58:56.377,0.93681,0.93707,2.63,3.16
2012.06.26 10:58:56.497,0.93681,0.93707,2.63,3.16
2012.06.26 10:58:57.057,0.9368,0.93706,2.63,2.78
2012.06.26 10:59:01.858,0.9368,0.93708,2.63,2.78
2012.06.26 10:59:01.971,0.9368,0.93708,2.63,2.78
2012.06.26 10:59:04.438,0.93677,0.93705,3.00,2.78
2012.06.26 10:59:04.847,0.9368,0.93706,2.63,2.78
2012.06.26 10:59:05.866,0.93681,0.93707,2.63,2.78
2012.06.26 10:59:06.433,0.93681,0.93707,2.63,2.78
2012.06.26 10:59:07.569,0.93681,0.93707,2.63,2.78
2012.06.26 10:59:08.030,0.93682,0.9371,2.63,3.16
2012.06.26 10:59:09.278,0.93682,0.9371,2.63,2.78
2012.06.26 10:59:09.889,0.93682,0.9371,2.63,2.78
2012.06.26 10:59:10.338,0.93683,0.93711,2.63,2.78
2012.06.26 10:59:10.949,0.93684,0.93712,2.33,2.78
2012.06.26 10:59:11.360,0.93675,0.93703,3.00,2.78
2012.06.26 10:59:11.530,0.93675,0.93703,3.00,2.78
2012.06.26 10:59:13.008,0.93679,0.93707,3.00,2.78
2012.06.26 10:59:15.169,0.93684,0.93712,2.63,3.16
2012.06.26 10:59:15.697,0.93684,0.93712,2.63,3.16
2012.06.26 10:59:16.029,0.93683,0.93722,1.28,1.43
2012.06.26 10:59:16.182,0.93683,0.93722,1.28,1.43
2012.06.26 10:59:16.587,0.93683,0.93722,1.28,1.43
2012.06.26 10:59:17.554,0.9369,0.93721,2.33,3.16
2012.06.26 10:59:17.758,0.93684,0.93712,3.00,2.78
2012.06.26 10:59:19.570,0.93684,0.93712,3.00,2.78
2012.06.26 10:59:23.906,0.93691,0.93716,2.33,1.43
2012.06.26 10:59:24.028,0.93686,0.93714,2.63,3.16
2012.06.26 10:59:24.532,0.93686,0.93714,2.63,3.16
2012.06.26 10:59:24.818,0.93684,0.9371,3.23,2.33
2012.06.26 10:59:24.939,0.93689,0.93715,2.63,3.16
2012.06.26 10:59:25.358,0.9369,0.93718,2.63,4.13
2012.06.26 10:59:28.263,0.93689,0.93715,2.63,2.78
2012.06.26 10:59:28.977,0.93689,0.93715,2.63,2.78
2012.06.26 10:59:30.568,0.93689,0.93717,2.63,3.16
2012.06.26 10:59:33.347,0.9369,0.93716,2.63,2.78
2012.06.26 10:59:33.548,0.93686,0.93714,3.60,2.78
2012.06.26 10:59:33.878,0.93682,0.9371,3.00,2.33
2012.06.26 10:59:33.938,0.93689,0.93717,2.63,2.78
2012.06.26 10:59:34.008,0.93689,0.93717,2.63,2.78
2012.06.26 10:59:34.068,0.93689,0.93717,2.63,2.78
2012.06.26 10:59:34.388,0.93689,0.93717,2.63,2.78
2012.06.26 10:59:36.838,0.93692,0.93718,2.63,2.78
2012.06.26 10:59:37.728,0.93692,0.93715,2.63,1.06
2012.06.26 10:59:42.238,0.93688,0.93716,2.63,2.78
2012.06.26 10:59:42.827,0.9369,0.93716,2.63,2.78
2012.06.26 10:59:44.308,0.9369,0.93716,2.63,2.78
2012.06.26 10:59:44.848,0.93691,0.93719,2.63,3.16
2012.06.26 10:59:50.137,0.93693,0.93719,2.63,2.78
2012.06.26 10:59:50.668,0.93694,0.93722,2.63,2.78
2012.06.26 10:59:50.919,0.93698,0.93726,2.63,3.16
2012.06.26 10:59:50.989,0.93692,0.93717,1.43,2.33
2012.06.26 10:59:51.058,0.93692,0.9372,3.75,2.33
2012.06.26 10:59:51.128,0.93692,0.9372,3.00,2.78
2012.06.26 10:59:51.588,0.93692,0.9372,2.63,2.78
2012.06.26 10:59:51.752,0.93692,0.9372,2.63,2.78
2012.06.26 10:59:52.258,0.93692,0.93718,2.63,2.33
2012.06.26 10:59:53.670,0.93689,0.93717,3.00,2.33
2012.06.26 10:59:53.738,0.93689,0.93717,3.00,2.78
2012.06.26 10:59:54.251,0.93693,0.93721,2.63,2.78
2012.06.26 10:59:54.377,0.93693,0.93721,2.63,2.78
2012.06.26 10:59:55.232,0.93693,0.93721,2.63,2.78
2012.06.26 10:59:55.580,0.93698,0.93724,2.63,3.16
2012.06.26 10:59:55.798,0.93698,0.93724,2.63,3.16
2012.06.26 10:59:57.537,0.937,0.93728,2.63,3.76
2012.06.26 10:59:58.097,0.93692,0.9372,3.00,2.78
2012.06.26 10:59:58.408,0.93692,0.93718,3.00,2.78
2012.06.26 10:59:58.648,0.93696,0.93724,3.23,2.78
