2012.04.11 19:00:00.413,0.91356,0.9139,2.25,2.25
2012.04.11 19:00:01.172,0.91355,0.91389,2.25,2.25
2012.04.11 19:00:01.945,0.9136,0.91393,2.25,3.23
2012.04.11 19:00:02.596,0.91361,0.91395,2.25,3.23
2012.04.11 19:00:02.790,0.91359,0.91391,2.25,2.63
2012.04.11 19:00:03.447,0.91357,0.91389,2.25,2.25
2012.04.11 19:00:07.472,0.91357,0.91389,2.85,2.25
2012.04.11 19:00:08.241,0.91367,0.91399,2.25,2.85
2012.04.11 19:00:10.714,0.91367,0.91401,2.25,2.25
2012.04.11 19:00:11.382,0.91367,0.914,2.25,2.25
2012.04.11 19:00:12.395,0.91366,0.91403,2.25,1.13
2012.04.11 19:00:13.165,0.91366,0.91404,2.25,2.85
2012.04.11 19:00:14.326,0.91365,0.91403,2.25,2.25
2012.04.11 19:00:14.452,0.9136,0.914,3.23,2.25
2012.04.11 19:00:15.195,0.91364,0.91403,2.25,2.10
2012.04.11 19:00:15.513,0.91364,0.91404,2.25,3.23
2012.04.11 19:00:18.265,0.91364,0.91404,3.00,3.23
2012.04.11 19:00:18.692,0.91369,0.91407,2.85,2.63
2012.04.11 19:00:19.265,0.91361,0.91395,1.13,2.25
2012.04.11 19:00:19.327,0.91363,0.91401,2.25,2.25
2012.04.11 19:00:19.399,0.91363,0.91401,3.00,2.25
2012.04.11 19:00:19.468,0.91365,0.91403,2.63,2.25
2012.04.11 19:00:19.532,0.91367,0.91405,2.25,2.25
2012.04.11 19:00:19.653,0.91364,0.91404,2.63,2.25
2012.04.11 19:00:19.714,0.91365,0.91404,1.13,2.25
2012.04.11 19:00:19.879,0.91364,0.91404,2.63,2.25
2012.04.11 19:00:21.252,0.91364,0.91404,2.25,2.25
2012.04.11 19:00:21.917,0.91363,0.91403,2.25,2.25
2012.04.11 19:00:22.602,0.91368,0.91408,2.25,3.23
2012.04.11 19:00:23.150,0.91368,0.91408,3.23,2.63
2012.04.11 19:00:23.682,0.9137,0.91408,2.25,2.63
2012.04.11 19:00:24.444,0.9137,0.91406,2.25,2.10
2012.04.11 19:00:24.727,0.9137,0.91409,2.25,1.73
2012.04.11 19:00:25.167,0.9137,0.91405,2.25,1.35
2012.04.11 19:00:25.245,0.9137,0.91408,2.25,1.35
2012.04.11 19:00:25.965,0.91371,0.91408,2.25,1.35
2012.04.11 19:00:26.417,0.91369,0.91408,2.25,1.35
2012.04.11 19:00:26.482,0.91372,0.91408,2.25,1.35
2012.04.11 19:00:26.833,0.91372,0.91409,2.85,1.13
2012.04.11 19:00:26.893,0.91374,0.91409,2.25,1.13
2012.04.11 19:00:28.249,0.91374,0.91412,2.25,2.85
2012.04.11 19:00:29.399,0.91372,0.91412,3.23,2.85
2012.04.11 19:00:29.471,0.91372,0.9141,2.63,2.10
2012.04.11 19:00:30.465,0.91371,0.91409,2.25,1.35
2012.04.11 19:00:31.726,0.91371,0.91411,2.85,2.63
2012.04.11 19:00:32.807,0.9137,0.91408,3.23,2.25
2012.04.11 19:00:32.993,0.9137,0.91408,2.25,3.23
2012.04.11 19:00:34.264,0.91369,0.91407,2.25,2.85
2012.04.11 19:00:35.346,0.91368,0.91406,2.25,2.85
2012.04.11 19:00:37.109,0.91368,0.91406,2.25,4.35
2012.04.11 19:00:37.505,0.91359,0.91397,1.35,2.25
2012.04.11 19:00:37.573,0.91356,0.91397,3.23,2.63
2012.04.11 19:00:41.942,0.91359,0.91398,2.25,2.25
2012.04.11 19:00:45.197,0.91359,0.91398,2.25,2.63
2012.04.11 19:00:45.822,0.91357,0.91396,3.98,2.25
2012.04.11 19:00:46.066,0.91361,0.91399,2.25,3.23
2012.04.11 19:00:46.175,0.91361,0.91399,2.25,3.23
2012.04.11 19:00:48.655,0.91361,0.91399,2.25,3.98
2012.04.11 19:00:49.465,0.91356,0.91397,2.63,2.25
2012.04.11 19:00:50.393,0.91356,0.91397,2.63,2.63
2012.04.11 19:00:55.413,0.91356,0.91397,3.23,2.63
2012.04.11 19:01:11.112,0.91356,0.91397,2.63,3.23
2012.04.11 19:01:11.780,0.91354,0.91393,2.63,2.25
2012.04.11 19:01:13.513,0.91354,0.91393,2.63,2.25
2012.04.11 19:01:19.495,0.91355,0.91394,2.25,1.73
2012.04.11 19:01:19.631,0.91355,0.91394,2.25,1.73
2012.04.11 19:01:20.203,0.91352,0.9139,3.60,2.25
2012.04.11 19:01:20.772,0.91352,0.9139,3.00,2.25
2012.04.11 19:01:25.658,0.91355,0.91393,2.25,1.13
2012.04.11 19:01:25.722,0.91355,0.91395,2.25,3.23
2012.04.11 19:01:28.242,0.91355,0.91395,2.85,2.63
2012.04.11 19:01:28.916,0.91361,0.91399,2.25,3.98
2012.04.11 19:01:29.069,0.91356,0.91394,2.25,2.85
2012.04.11 19:01:32.534,0.91359,0.91397,2.25,3.23
2012.04.11 19:01:32.596,0.91356,0.91395,1.13,2.85
2012.04.11 19:01:33.741,0.91356,0.91395,1.13,2.85
2012.04.11 19:01:38.083,0.91361,0.91399,2.25,4.73
2012.04.11 19:01:43.933,0.91361,0.91399,2.25,2.63
2012.04.11 19:01:45.373,0.91361,0.91399,3.00,2.63
2012.04.11 19:01:52.576,0.91361,0.91399,3.00,2.63
2012.04.11 19:01:54.385,0.91361,0.91399,3.00,2.63
2012.04.11 19:01:55.354,0.91361,0.91399,2.25,2.63
2012.04.11 19:01:55.747,0.91364,0.91402,2.25,3.23
2012.04.11 19:01:57.913,0.91364,0.91402,2.25,3.23
2012.04.11 19:01:58.403,0.91359,0.91399,2.63,2.85
2012.04.11 19:02:03.115,0.91361,0.91401,2.25,3.23
2012.04.11 19:02:06.258,0.9136,0.914,2.25,3.23
2012.04.11 19:02:07.924,0.9136,0.914,3.00,3.23
2012.04.11 19:02:11.113,0.91359,0.91399,2.25,3.23
2012.04.11 19:02:15.491,0.91359,0.91399,2.63,2.85
2012.04.11 19:02:15.611,0.91363,0.91403,2.25,3.23
2012.04.11 19:02:19.885,0.91355,0.91394,1.35,2.25
2012.04.11 19:02:20.047,0.91356,0.91394,1.35,2.63
2012.04.11 19:02:20.236,0.91354,0.91394,2.25,3.23
2012.04.11 19:02:21.676,0.91352,0.9139,1.35,2.25
2012.04.11 19:02:22.384,0.91352,0.91392,3.60,3.23
2012.04.11 19:02:22.884,0.91352,0.91392,3.60,3.23
2012.04.11 19:02:24.414,0.91352,0.91392,3.60,2.85
2012.04.11 19:02:25.198,0.91351,0.91391,3.00,2.85
2012.04.11 19:02:25.856,0.91351,0.91391,3.00,2.85
2012.04.11 19:02:26.810,0.91351,0.91389,3.00,2.25
2012.04.11 19:02:27.834,0.91345,0.91397,1.35,2.10
2012.04.11 19:02:28.396,0.91351,0.91389,3.00,2.25
2012.04.11 19:02:32.672,0.91351,0.91389,3.00,2.25
2012.04.11 19:02:34.226,0.91352,0.9139,2.25,2.85
2012.04.11 19:02:34.351,0.9135,0.9139,2.25,2.85
2012.04.11 19:02:35.425,0.9135,0.9139,3.00,2.85
2012.04.11 19:02:35.878,0.91354,0.91394,2.25,2.85
2012.04.11 19:02:36.223,0.91354,0.91394,3.00,2.85
2012.04.11 19:02:37.912,0.91354,0.91394,3.00,2.85
2012.04.11 19:02:37.971,0.91354,0.91394,3.00,2.25
2012.04.11 19:02:38.093,0.91359,0.91399,2.25,2.85
2012.04.11 19:02:40.974,0.91354,0.91394,2.25,2.25
2012.04.11 19:02:41.642,0.9136,0.91398,2.25,3.60
2012.04.11 19:02:44.282,0.91354,0.91394,2.25,2.25
2012.04.11 19:02:44.724,0.9136,0.91398,2.25,2.85
2012.04.11 19:02:46.026,0.91363,0.91395,2.25,2.85
2012.04.11 19:02:46.714,0.91358,0.9139,2.25,2.25
2012.04.11 19:02:47.233,0.91361,0.91393,2.25,2.25
2012.04.11 19:02:50.982,0.91364,0.91399,2.25,3.98
2012.04.11 19:02:51.675,0.91364,0.91399,2.25,2.63
2012.04.11 19:02:53.505,0.91365,0.91398,2.25,2.25
2012.04.11 19:02:55.077,0.91365,0.91398,2.25,3.23
2012.04.11 19:02:55.252,0.9136,0.91395,2.25,2.85
2012.04.11 19:02:55.890,0.91359,0.91394,2.25,2.63
2012.04.11 19:02:56.210,0.91359,0.91394,2.25,3.23
2012.04.11 19:02:56.734,0.9136,0.91395,2.25,3.23
2012.04.11 19:02:59.007,0.9136,0.91395,2.25,3.60
2012.04.11 19:02:59.089,0.91363,0.91395,2.25,1.35
2012.04.11 19:03:00.529,0.91364,0.91399,2.25,3.98
2012.04.11 19:03:00.774,0.91361,0.91393,2.25,2.25
2012.04.11 19:03:00.975,0.91359,0.91391,2.25,2.25
2012.04.11 19:03:03.175,0.91361,0.91393,2.25,2.85
2012.04.11 19:03:07.288,0.91359,0.91391,2.25,2.25
2012.04.11 19:03:07.667,0.91357,0.91391,2.25,2.25
2012.04.11 19:03:09.447,0.91357,0.91389,2.25,2.25
2012.04.11 19:03:11.672,0.91356,0.91388,2.25,2.25
2012.04.11 19:03:11.739,0.91354,0.91388,2.25,2.25
2012.04.11 19:03:13.384,0.91356,0.91388,2.25,2.25
2012.04.11 19:03:16.685,0.91357,0.91389,2.25,2.25
2012.04.11 19:03:19.896,0.91357,0.91389,2.25,2.63
2012.04.11 19:03:20.205,0.91355,0.91387,2.25,2.25
2012.04.11 19:03:21.637,0.9135,0.91383,3.00,2.25
2012.04.11 19:03:23.244,0.9135,0.91383,2.25,2.63
2012.04.11 19:03:24.195,0.91349,0.91382,2.25,2.25
2012.04.11 19:03:24.340,0.91353,0.91387,2.25,3.60
2012.04.11 19:03:25.057,0.91354,0.91387,2.25,1.35
2012.04.11 19:03:25.578,0.91356,0.91387,2.25,1.35
2012.04.11 19:03:25.915,0.91356,0.91388,2.25,3.23
2012.04.11 19:03:26.034,0.91353,0.91387,2.25,2.85
2012.04.11 19:03:27.367,0.91353,0.91387,2.25,2.25
2012.04.11 19:03:45.444,0.91359,0.91393,2.25,3.23
2012.04.11 19:03:45.675,0.91353,0.91387,2.25,2.25
2012.04.11 19:03:54.319,0.91355,0.91387,2.25,2.25
2012.04.11 19:03:55.495,0.91354,0.91386,2.25,2.25
2012.04.11 19:04:12.343,0.91349,0.91382,2.25,2.25
2012.04.11 19:04:13.116,0.91353,0.91387,2.25,2.63
2012.04.11 19:04:13.423,0.91353,0.91387,2.25,2.25
2012.04.11 19:04:21.249,0.91356,0.9139,2.25,2.63
2012.04.11 19:04:21.481,0.91354,0.91388,2.25,2.63
2012.04.11 19:04:22.525,0.91349,0.91384,2.25,2.25
2012.04.11 19:04:23.886,0.91349,0.91384,2.25,2.63
2012.04.11 19:04:24.143,0.9134,0.91374,2.25,2.25
2012.04.11 19:04:24.262,0.91342,0.91376,2.25,2.25
2012.04.11 19:04:25.028,0.91347,0.91381,2.25,3.23
2012.04.11 19:04:25.101,0.91345,0.91379,2.25,2.85
2012.04.11 19:04:30.471,0.91345,0.91379,3.00,2.25
2012.04.11 19:04:30.595,0.9135,0.91383,2.25,2.63
2012.04.11 19:04:31.083,0.9135,0.91383,3.00,2.63
2012.04.11 19:04:31.326,0.9135,0.91383,3.00,2.25
2012.04.11 19:04:32.364,0.91354,0.91388,2.25,3.23
2012.04.11 19:04:33.297,0.91354,0.91388,2.25,2.85
2012.04.11 19:04:35.623,0.91354,0.91388,2.25,2.25
2012.04.11 19:04:39.655,0.91356,0.9139,2.25,2.63
2012.04.11 19:04:40.374,0.91359,0.91393,2.25,2.85
2012.04.11 19:04:40.886,0.91357,0.91391,2.25,2.25
2012.04.11 19:04:41.243,0.91362,0.91395,2.25,2.63
2012.04.11 19:04:44.424,0.91362,0.91395,2.25,2.63
2012.04.11 19:04:44.481,0.91359,0.91392,2.25,2.25
2012.04.11 19:04:44.864,0.91359,0.91392,2.25,2.85
2012.04.11 19:04:44.922,0.91357,0.91392,2.25,2.85
2012.04.11 19:04:45.541,0.91353,0.91387,2.25,2.25
2012.04.11 19:04:46.554,0.91354,0.91388,2.25,2.25
2012.04.11 19:04:46.782,0.91357,0.91389,2.25,2.25
2012.04.11 19:04:50.002,0.91357,0.91391,2.25,2.25
2012.04.11 19:04:54.766,0.91359,0.91393,2.25,2.63
2012.04.11 19:04:57.084,0.91353,0.91385,2.25,2.25
2012.04.11 19:04:57.562,0.91349,0.91382,2.63,2.25
2012.04.11 19:04:57.750,0.91349,0.91382,2.25,2.25
2012.04.11 19:04:57.820,0.91354,0.91386,2.25,2.25
2012.04.11 19:05:00.194,0.91355,0.91387,2.25,2.25
2012.04.11 19:05:09.888,0.91354,0.91388,2.25,2.25
2012.04.11 19:05:11.091,0.91353,0.91387,2.25,2.25
2012.04.11 19:05:13.735,0.91349,0.91383,2.63,2.25
2012.04.11 19:05:14.597,0.91353,0.91387,2.25,3.23
2012.04.11 19:05:15.447,0.91353,0.91387,2.25,2.25
2012.04.11 19:05:17.558,0.91355,0.91387,2.25,2.25
2012.04.11 19:05:18.184,0.91359,0.91393,2.25,3.23
2012.04.11 19:05:18.944,0.91359,0.91393,2.25,2.85
2012.04.11 19:05:22.255,0.91359,0.91393,2.25,2.25
2012.04.11 19:05:22.858,0.91358,0.91392,2.25,2.25
2012.04.11 19:05:27.930,0.9136,0.91392,2.25,2.25
2012.04.11 19:05:34.236,0.91353,0.91387,2.63,2.25
2012.04.11 19:05:35.357,0.91353,0.91385,3.23,2.25
2012.04.11 19:05:35.555,0.91363,0.91395,2.25,2.25
2012.04.11 19:05:35.955,0.91357,0.91389,2.25,2.25
2012.04.11 19:05:36.083,0.91361,0.91394,2.25,2.25
2012.04.11 19:05:36.206,0.91361,0.91396,2.25,2.25
2012.04.11 19:05:36.525,0.91363,0.91398,2.25,2.25
2012.04.11 19:05:37.041,0.91363,0.91398,2.25,2.63
2012.04.11 19:05:39.028,0.91363,0.91398,2.25,2.25
2012.04.11 19:05:41.554,0.91367,0.91402,2.25,2.63
2012.04.11 19:05:42.935,0.91368,0.91403,2.25,3.23
2012.04.11 19:05:44.257,0.91368,0.91403,2.85,2.63
2012.04.11 19:05:44.325,0.91368,0.91403,2.85,2.25
2012.04.11 19:05:44.645,0.91371,0.91404,2.25,2.85
2012.04.11 19:05:45.183,0.91366,0.91412,1.35,1.35
2012.04.11 19:05:45.692,0.91366,0.91411,1.35,1.35
2012.04.11 19:05:46.114,0.91379,0.91411,2.25,1.35
2012.04.11 19:05:46.383,0.9138,0.91413,2.25,2.25
2012.04.11 19:05:46.444,0.91383,0.91418,2.25,3.23
2012.04.11 19:05:46.965,0.91384,0.91417,2.25,2.63
2012.04.11 19:05:47.475,0.91385,0.91418,2.25,3.23
2012.04.11 19:05:48.352,0.91384,0.91417,2.25,2.63
2012.04.11 19:05:48.965,0.91388,0.9142,2.25,3.23
2012.04.11 19:05:50.184,0.91386,0.91419,2.25,3.23
2012.04.11 19:05:50.866,0.91385,0.91418,2.25,3.23
2012.04.11 19:05:52.018,0.91385,0.91418,3.00,2.63
2012.04.11 19:05:52.345,0.91393,0.91428,2.25,4.35
2012.04.11 19:05:52.622,0.9139,0.91422,2.25,2.25
2012.04.11 19:05:53.269,0.91391,0.91423,2.25,2.85
2012.04.11 19:05:53.333,0.91395,0.91427,2.25,3.23
2012.04.11 19:05:53.395,0.91388,0.91422,2.25,2.25
2012.04.11 19:05:54.277,0.91387,0.91421,2.25,2.25
2012.04.11 19:05:56.051,0.91386,0.91423,2.25,2.85
2012.04.11 19:05:56.373,0.9139,0.91427,2.25,3.23
2012.04.11 19:05:56.592,0.91386,0.91423,2.25,2.85
2012.04.11 19:05:57.216,0.91385,0.91422,2.25,2.25
2012.04.11 19:05:57.753,0.91384,0.91421,2.85,2.25
2012.04.11 19:05:58.206,0.91386,0.91423,2.85,2.63
2012.04.11 19:05:58.394,0.91386,0.91431,1.35,1.13
2012.04.11 19:05:59.452,0.91394,0.91431,2.25,3.38
2012.04.11 19:05:59.703,0.9139,0.91429,3.23,3.00
2012.04.11 19:06:05.123,0.91394,0.9143,2.25,3.00
2012.04.11 19:06:05.894,0.91395,0.91431,2.25,3.38
2012.04.11 19:06:07.011,0.91389,0.91433,1.35,1.35
2012.04.11 19:06:07.443,0.91387,0.91433,2.10,1.73
2012.04.11 19:06:07.916,0.91392,0.91433,2.48,1.13
2012.04.11 19:06:08.939,0.91392,0.91442,3.23,1.35
2012.04.11 19:06:11.112,0.91386,0.91438,1.35,1.35
2012.04.11 19:06:11.365,0.91388,0.91433,2.85,1.13
2012.04.11 19:06:11.824,0.91392,0.91428,1.73,2.25
2012.04.11 19:06:13.364,0.91395,0.91431,1.50,2.25
2012.04.11 19:06:14.253,0.91395,0.91431,1.50,2.63
2012.04.11 19:06:14.386,0.9139,0.91428,1.50,2.25
2012.04.11 19:06:14.566,0.91388,0.91426,2.48,2.25
2012.04.11 19:06:15.039,0.91393,0.91429,2.25,2.63
2012.04.11 19:06:15.399,0.91396,0.91434,2.25,3.38
2012.04.11 19:06:15.465,0.91398,0.91434,2.25,1.13
2012.04.11 19:06:16.012,0.91401,0.91437,2.25,3.23
2012.04.11 19:06:16.554,0.91401,0.91437,2.25,2.25
2012.04.11 19:06:17.023,0.91402,0.9144,2.25,2.63
2012.04.11 19:06:17.087,0.91405,0.91443,2.63,3.60
2012.04.11 19:06:17.213,0.91412,0.91448,2.25,3.00
2012.04.11 19:06:17.896,0.91411,0.91449,2.85,3.00
2012.04.11 19:06:19.668,0.91411,0.91449,2.25,3.60
2012.04.11 19:06:19.735,0.91405,0.91443,2.63,2.25
2012.04.11 19:06:20.376,0.91406,0.91442,2.63,2.25
2012.04.11 19:06:20.443,0.91406,0.91442,2.25,2.63
2012.04.11 19:06:20.694,0.91402,0.9144,3.23,2.25
2012.04.11 19:06:20.806,0.91405,0.91443,2.25,2.63
2012.04.11 19:06:21.723,0.91404,0.91442,2.25,2.63
2012.04.11 19:06:22.243,0.91404,0.9144,2.25,2.25
2012.04.11 19:06:23.264,0.91407,0.91445,2.25,3.23
2012.04.11 19:06:23.774,0.91408,0.91446,2.25,3.23
2012.04.11 19:06:24.615,0.91415,0.91451,2.25,1.35
2012.04.11 19:06:24.768,0.91415,0.91453,2.25,3.23
2012.04.11 19:06:24.884,0.91412,0.9145,2.85,2.63
2012.04.11 19:06:28.398,0.91414,0.91452,2.25,3.23
2012.04.11 19:06:28.734,0.91416,0.91454,2.85,3.38
2012.04.11 19:06:29.057,0.91422,0.91454,2.25,1.13
2012.04.11 19:06:29.126,0.91417,0.91454,2.85,1.13
2012.04.11 19:06:29.196,0.91417,0.91454,2.25,1.73
2012.04.11 19:06:29.278,0.91405,0.91454,1.35,1.73
2012.04.11 19:06:29.888,0.91405,0.9145,1.35,1.35
2012.04.11 19:06:30.439,0.91405,0.91454,1.35,1.73
2012.04.11 19:06:30.795,0.91403,0.91452,2.48,1.35
2012.04.11 19:06:32.802,0.91401,0.91448,1.35,2.48
2012.04.11 19:06:32.864,0.91398,0.91448,2.48,2.85
2012.04.11 19:06:33.636,0.9141,0.91446,2.25,3.23
2012.04.11 19:06:35.196,0.91405,0.91443,2.63,2.85
2012.04.11 19:06:36.412,0.91402,0.91445,3.23,3.23
2012.04.11 19:06:37.106,0.91402,0.91445,3.23,2.85
2012.04.11 19:06:40.431,0.91398,0.91443,2.85,1.35
2012.04.11 19:06:40.555,0.91398,0.91443,2.85,1.35
2012.04.11 19:06:40.935,0.91393,0.91438,1.35,1.35
2012.04.11 19:06:41.563,0.91394,0.91435,2.25,3.23
2012.04.11 19:06:42.255,0.91397,0.91434,2.25,1.35
2012.04.11 19:06:43.654,0.91396,0.91434,2.25,1.35
2012.04.11 19:06:44.017,0.91401,0.91441,2.63,1.35
2012.04.11 19:06:44.634,0.91401,0.91441,2.63,1.35
2012.04.11 19:06:45.285,0.91401,0.91443,2.25,3.23
2012.04.11 19:06:45.846,0.91402,0.91444,2.25,4.35
2012.04.11 19:06:46.156,0.91405,0.91444,2.25,1.73
2012.04.11 19:06:46.518,0.91407,0.91444,2.25,1.73
2012.04.11 19:06:46.652,0.91405,0.91444,2.25,1.73
2012.04.11 19:06:47.353,0.91404,0.91444,2.25,3.98
2012.04.11 19:06:47.735,0.91404,0.91439,2.25,1.13
2012.04.11 19:06:47.807,0.91398,0.91439,2.25,1.13
2012.04.11 19:06:48.361,0.91398,0.91439,2.25,1.13
2012.04.11 19:06:48.873,0.91398,0.91439,2.25,1.13
2012.04.11 19:06:49.115,0.91402,0.91439,2.25,1.13
2012.04.11 19:06:52.178,0.91402,0.91438,2.25,1.13
2012.04.11 19:06:52.302,0.91397,0.91438,2.25,3.38
2012.04.11 19:06:53.022,0.914,0.9144,2.25,1.35
2012.04.11 19:06:54.156,0.91399,0.91441,2.25,1.35
2012.04.11 19:06:54.556,0.91402,0.91441,3.00,1.35
2012.04.11 19:06:56.188,0.91402,0.91443,2.25,1.73
2012.04.11 19:06:56.313,0.91407,0.91444,2.25,1.35
2012.04.11 19:06:56.437,0.91405,0.91444,2.25,1.35
2012.04.11 19:06:57.379,0.91406,0.91444,2.25,1.35
2012.04.11 19:06:58.242,0.91404,0.91443,2.25,1.73
2012.04.11 19:06:59.632,0.91406,0.91444,2.25,1.35
2012.04.11 19:06:59.844,0.91401,0.91442,3.00,3.23
2012.04.11 19:07:00.593,0.91401,0.91442,3.00,3.60
2012.04.11 19:07:00.934,0.91403,0.91442,2.25,1.35
2012.04.11 19:07:01.583,0.91403,0.91444,2.25,3.23
2012.04.11 19:07:02.294,0.91401,0.91444,3.00,3.23
2012.04.11 19:07:02.355,0.91406,0.91446,2.25,1.35
2012.04.11 19:07:02.801,0.91408,0.91446,2.25,1.35
2012.04.11 19:07:03.558,0.91406,0.91446,2.25,1.35
2012.04.11 19:07:04.497,0.91406,0.91447,2.25,3.23
2012.04.11 19:07:05.107,0.91407,0.91444,2.25,1.73
2012.04.11 19:07:05.536,0.91405,0.91444,2.25,1.73
2012.04.11 19:07:06.974,0.91406,0.91443,2.25,1.35
2012.04.11 19:07:07.353,0.91403,0.91443,2.25,1.35
2012.04.11 19:07:07.852,0.91405,0.91443,2.25,1.35
2012.04.11 19:07:07.915,0.91396,0.91442,1.35,1.35
2012.04.11 19:07:07.983,0.91394,0.91439,2.48,1.13
2012.04.11 19:07:08.105,0.91392,0.91441,2.10,2.48
2012.04.11 19:07:08.212,0.91402,0.91441,2.25,2.48
2012.04.11 19:07:08.601,0.91405,0.91442,2.25,1.35
2012.04.11 19:07:09.071,0.91405,0.91447,2.25,2.85
2012.04.11 19:07:10.745,0.91409,0.91447,2.25,2.85
2012.04.11 19:07:11.053,0.91413,0.91447,2.25,1.35
2012.04.11 19:07:11.365,0.91401,0.91447,1.35,1.35
2012.04.11 19:07:11.552,0.91402,0.9145,1.73,2.48
2012.04.11 19:07:12.884,0.91409,0.91449,2.25,3.23
2012.04.11 19:07:13.236,0.91411,0.9145,2.25,2.48
2012.04.11 19:07:17.888,0.91411,0.91451,2.25,3.00
2012.04.11 19:07:18.077,0.91417,0.91458,2.25,1.35
2012.04.11 19:07:18.146,0.9142,0.91458,2.25,1.35
2012.04.11 19:07:18.682,0.91421,0.91458,2.25,1.35
2012.04.11 19:07:19.194,0.91426,0.91458,2.25,1.35
2012.04.11 19:07:19.314,0.91426,0.91462,2.25,1.35
2012.04.11 19:07:19.429,0.91421,0.91461,2.25,3.23
2012.04.11 19:07:19.552,0.91419,0.91461,2.25,3.23
2012.04.11 19:07:19.877,0.91419,0.91458,2.25,1.73
2012.04.11 19:07:20.006,0.91414,0.91454,2.63,2.85
2012.04.11 19:07:20.482,0.91411,0.91453,2.25,3.23
2012.04.11 19:07:20.542,0.91413,0.91453,2.25,3.23
2012.04.11 19:07:26.135,0.91416,0.91454,2.25,1.35
2012.04.11 19:07:26.406,0.91416,0.91456,2.25,3.60
2012.04.11 19:07:26.940,0.91417,0.91456,2.25,1.35
2012.04.11 19:07:28.620,0.9143,0.91463,2.25,1.35
2012.04.11 19:07:28.915,0.91427,0.91463,2.25,1.35
2012.04.11 19:07:29.263,0.91427,0.91466,2.25,1.35
2012.04.11 19:07:30.345,0.91426,0.91465,2.25,1.35
2012.04.11 19:07:30.956,0.91427,0.91465,2.25,1.35
2012.04.11 19:07:31.568,0.91427,0.91468,2.25,1.35
2012.04.11 19:07:31.636,0.91431,0.91468,2.25,1.35
2012.04.11 19:07:31.708,0.91427,0.91468,2.25,1.35
2012.04.11 19:07:31.894,0.91427,0.91469,2.85,2.25
2012.04.11 19:07:31.955,0.9144,0.91469,1.35,2.25
2012.04.11 19:07:32.323,0.9144,0.91493,1.35,2.48
2012.04.11 19:07:32.620,0.91449,0.91491,2.25,3.23
2012.04.11 19:07:33.107,0.91443,0.915,1.35,1.35
2012.04.11 19:07:33.655,0.91457,0.91499,2.25,3.98
2012.04.11 19:07:34.173,0.91457,0.91497,2.25,3.23
2012.04.11 19:07:35.246,0.91461,0.91499,2.25,1.35
2012.04.11 19:07:35.355,0.91457,0.91497,2.25,3.23
2012.04.11 19:07:35.582,0.91452,0.91494,2.63,2.63
2012.04.11 19:07:36.134,0.91453,0.91493,2.63,2.25
2012.04.11 19:07:36.663,0.9145,0.91492,2.63,2.25
2012.04.11 19:07:37.517,0.9145,0.91492,2.25,2.63
2012.04.11 19:07:38.604,0.91446,0.91488,2.63,2.85
2012.04.11 19:07:38.955,0.9145,0.91492,2.25,3.23
2012.04.11 19:07:40.310,0.91456,0.91493,2.25,3.23
2012.04.11 19:07:40.856,0.91454,0.91496,2.25,3.23
2012.04.11 19:07:41.608,0.91454,0.91494,2.25,3.23
2012.04.11 19:07:42.312,0.91452,0.91494,2.25,3.23
2012.04.11 19:07:43.380,0.91452,0.91494,2.25,3.23
2012.04.11 19:07:43.851,0.91458,0.91495,2.25,1.35
2012.04.11 19:07:44.748,0.91463,0.91501,2.25,2.85
2012.04.11 19:07:44.936,0.91463,0.91501,2.25,1.35
2012.04.11 19:07:45.006,0.91465,0.91501,2.25,1.35
2012.04.11 19:07:45.977,0.91465,0.91504,2.25,1.35
2012.04.11 19:07:46.435,0.91462,0.91504,2.25,3.60
2012.04.11 19:07:47.147,0.91458,0.915,2.63,2.63
2012.04.11 19:07:47.644,0.91465,0.91503,2.25,1.35
2012.04.11 19:07:47.705,0.91463,0.91503,2.25,3.60
2012.04.11 19:07:47.944,0.91469,0.91503,2.25,1.35
2012.04.11 19:07:48.420,0.91464,0.91504,2.25,2.63
2012.04.11 19:07:48.989,0.91462,0.91502,2.63,2.85
2012.04.11 19:07:49.757,0.91459,0.91499,2.63,2.25
2012.04.11 19:07:49.936,0.91459,0.91499,2.25,2.63
2012.04.11 19:07:50.742,0.91458,0.91498,2.25,2.63
2012.04.11 19:07:51.656,0.91458,0.91499,2.25,1.13
2012.04.11 19:07:52.324,0.91459,0.91499,2.25,3.38
2012.04.11 19:07:52.476,0.91459,0.91499,2.25,3.38
2012.04.11 19:07:52.542,0.91457,0.91497,2.25,3.00
2012.04.11 19:07:53.087,0.91459,0.91498,2.25,1.13
2012.04.11 19:07:53.156,0.91459,0.91498,2.25,1.13
2012.04.11 19:07:53.630,0.91461,0.915,2.25,1.73
2012.04.11 19:07:53.953,0.91463,0.915,2.25,1.73
2012.04.11 19:07:54.076,0.91461,0.915,2.25,1.73
2012.04.11 19:07:54.191,0.91463,0.915,2.25,1.73
2012.04.11 19:07:54.406,0.91461,0.915,2.25,1.73
2012.04.11 19:07:54.474,0.91461,0.91501,2.25,3.23
2012.04.11 19:07:54.772,0.91464,0.91504,2.25,3.98
2012.04.11 19:07:55.324,0.91463,0.91505,2.25,3.23
2012.04.11 19:07:55.445,0.91443,0.91493,1.35,1.35
2012.04.11 19:07:55.572,0.9145,0.91492,2.25,3.23
2012.04.11 19:07:56.555,0.9145,0.91492,2.25,3.23
2012.04.11 19:07:57.238,0.91458,0.91494,2.25,1.35
2012.04.11 19:07:57.309,0.91446,0.91499,1.73,1.35
2012.04.11 19:07:57.880,0.91451,0.91503,1.35,1.35
2012.04.11 19:07:58.008,0.91462,0.91502,2.25,3.23
2012.04.11 19:07:59.244,0.91458,0.91498,2.25,2.63
2012.04.11 19:07:59.305,0.91458,0.91498,2.25,2.63
2012.04.11 19:07:59.854,0.91462,0.91502,2.25,3.00
2012.04.11 19:08:00.225,0.91462,0.91502,2.25,2.63
2012.04.11 19:08:00.372,0.91459,0.91499,2.63,2.25
2012.04.11 19:08:01.308,0.9146,0.915,2.25,2.63
2012.04.11 19:08:02.131,0.91462,0.91504,2.25,3.00
2012.04.11 19:08:02.344,0.91459,0.91501,2.25,2.63
2012.04.11 19:08:02.401,0.91459,0.91501,2.25,2.63
2012.04.11 19:08:03.891,0.91462,0.91504,2.25,3.00
2012.04.11 19:08:04.984,0.91462,0.91504,2.25,3.00
2012.04.11 19:08:05.045,0.91459,0.91501,2.25,2.63
2012.04.11 19:08:06.993,0.91459,0.91501,2.25,3.00
2012.04.11 19:08:07.433,0.91461,0.91501,2.25,3.00
2012.04.11 19:08:08.493,0.91461,0.91501,2.25,2.25
2012.04.11 19:08:09.432,0.91461,0.91503,2.25,2.63
2012.04.11 19:08:09.497,0.91461,0.91503,2.85,2.63
2012.04.11 19:08:09.985,0.91462,0.91504,2.25,2.63
2012.04.11 19:08:10.526,0.91459,0.91501,2.63,2.25
2012.04.11 19:08:10.594,0.91459,0.91501,2.25,2.63
2012.04.11 19:08:11.068,0.91467,0.91505,2.25,1.35
2012.04.11 19:08:11.391,0.91469,0.91509,2.25,3.00
2012.04.11 19:08:11.761,0.91469,0.91509,2.25,2.63
2012.04.11 19:08:12.823,0.91473,0.91512,2.25,1.35
2012.04.11 19:08:13.509,0.91473,0.91513,2.25,3.23
2012.04.11 19:08:14.644,0.91473,0.91515,2.25,2.63
2012.04.11 19:08:14.703,0.91481,0.91518,2.25,1.73
2012.04.11 19:08:14.775,0.91474,0.91516,2.25,2.63
2012.04.11 19:08:15.499,0.91474,0.91514,2.25,1.13
2012.04.11 19:08:16.149,0.91474,0.91516,2.25,2.63
2012.04.11 19:08:16.241,0.91474,0.91516,2.25,3.00
2012.04.11 19:08:16.365,0.91469,0.91511,2.85,2.63
2012.04.11 19:08:17.015,0.91476,0.91516,2.25,3.00
2012.04.11 19:08:17.840,0.91476,0.91516,2.25,2.63
2012.04.11 19:08:18.186,0.91474,0.91516,2.25,2.63
2012.04.11 19:08:18.516,0.9148,0.91519,2.25,1.35
2012.04.11 19:08:18.865,0.91466,0.91519,1.35,1.35
2012.04.11 19:08:19.644,0.91467,0.9152,1.35,1.35
2012.04.11 19:08:20.091,0.91476,0.91523,1.35,1.13
2012.04.11 19:08:20.393,0.91486,0.91523,2.25,1.13
2012.04.11 19:08:20.854,0.91481,0.91523,2.63,2.63
2012.04.11 19:08:21.074,0.91484,0.91526,2.25,3.60
2012.04.11 19:08:21.601,0.91481,0.91521,2.25,2.63
2012.04.11 19:08:22.608,0.91488,0.91526,2.25,1.35
2012.04.11 19:08:22.915,0.91488,0.91525,2.25,1.35
2012.04.11 19:08:23.730,0.91488,0.91527,2.25,1.35
2012.04.11 19:08:24.716,0.91488,0.9153,2.25,2.63
2012.04.11 19:08:25.173,0.9149,0.9153,2.25,2.63
2012.04.11 19:08:25.236,0.91488,0.91528,2.25,2.25
2012.04.11 19:08:26.082,0.91495,0.91534,2.25,1.35
2012.04.11 19:08:26.325,0.9149,0.91532,2.25,3.23
2012.04.11 19:08:27.106,0.9149,0.91532,2.25,3.60
2012.04.11 19:08:27.206,0.91479,0.91532,2.48,1.35
2012.04.11 19:08:27.448,0.9149,0.91532,2.25,3.60
2012.04.11 19:08:28.703,0.9149,0.91532,2.25,3.23
2012.04.11 19:08:28.763,0.91492,0.91534,2.25,3.60
2012.04.11 19:08:29.252,0.91498,0.91538,2.25,3.60
2012.04.11 19:08:30.489,0.91499,0.91538,2.25,2.10
2012.04.11 19:08:30.560,0.91496,0.91538,2.25,3.60
2012.04.11 19:08:31.293,0.91496,0.91538,2.63,3.23
2012.04.11 19:08:31.830,0.91495,0.91535,2.63,2.25
2012.04.11 19:08:32.204,0.91496,0.91538,2.63,3.23
2012.04.11 19:08:33.230,0.91494,0.91534,2.25,2.25
2012.04.11 19:08:33.624,0.91496,0.91538,2.25,3.23
2012.04.11 19:08:33.708,0.91496,0.91538,2.25,3.23
2012.04.11 19:08:33.898,0.91495,0.91537,2.63,3.00
2012.04.11 19:08:34.086,0.91495,0.91537,2.63,2.25
2012.04.11 19:08:34.154,0.91492,0.91534,3.23,2.25
2012.04.11 19:08:34.249,0.91497,0.91539,2.25,3.98
2012.04.11 19:08:34.377,0.91493,0.91535,2.63,2.25
2012.04.11 19:08:34.988,0.91494,0.91536,2.63,2.25
2012.04.11 19:08:35.524,0.91494,0.91536,2.63,2.25
2012.04.11 19:08:35.835,0.91497,0.91539,2.63,3.23
2012.04.11 19:08:36.620,0.91499,0.91539,2.85,2.63
2012.04.11 19:08:37.241,0.91488,0.91528,3.23,2.25
2012.04.11 19:08:37.311,0.91492,0.91532,2.85,3.23
2012.04.11 19:08:37.880,0.91494,0.91534,2.25,3.23
2012.04.11 19:08:38.203,0.91494,0.91533,2.63,2.10
2012.04.11 19:08:38.796,0.91486,0.91525,1.35,2.25
2012.04.11 19:08:39.070,0.91483,0.91525,3.23,2.25
2012.04.11 19:08:39.553,0.91483,0.91523,3.23,2.25
2012.04.11 19:08:39.874,0.91475,0.91515,4.35,2.63
2012.04.11 19:08:39.947,0.91475,0.91515,2.85,2.63
2012.04.11 19:08:40.072,0.91472,0.91512,3.23,2.25
2012.04.11 19:08:40.650,0.91471,0.91511,3.23,2.25
2012.04.11 19:08:41.523,0.91471,0.91511,2.25,2.25
2012.04.11 19:08:41.643,0.91465,0.91503,1.35,2.25
2012.04.11 19:08:41.823,0.91462,0.91504,3.23,2.63
2012.04.11 19:08:41.883,0.9146,0.91499,2.48,2.25
2012.04.11 19:08:42.005,0.9146,0.91501,2.48,2.25
2012.04.11 19:08:42.072,0.91459,0.91501,3.23,2.25
2012.04.11 19:08:42.392,0.91459,0.91499,3.23,2.25
2012.04.11 19:08:42.865,0.91459,0.91499,3.23,2.25
2012.04.11 19:08:43.053,0.91459,0.91501,3.23,2.25
2012.04.11 19:08:43.323,0.91463,0.91503,2.25,2.63
2012.04.11 19:08:43.984,0.91462,0.91502,2.25,2.63
2012.04.11 19:08:44.875,0.91463,0.91503,3.00,2.25
2012.04.11 19:08:45.184,0.91469,0.91509,2.63,3.98
2012.04.11 19:08:45.244,0.91464,0.91504,1.35,2.25
2012.04.11 19:08:47.186,0.9147,0.91508,2.25,1.35
2012.04.11 19:08:47.258,0.91467,0.91509,3.23,2.25
2012.04.11 19:08:47.337,0.91465,0.91505,4.73,2.25
2012.04.11 19:08:47.722,0.91465,0.91503,2.48,2.25
2012.04.11 19:08:47.783,0.91461,0.915,1.35,2.25
2012.04.11 19:08:47.845,0.9146,0.915,2.85,2.63
2012.04.11 19:08:48.695,0.91456,0.91498,4.73,2.25
2012.04.11 19:08:49.044,0.91461,0.91501,3.23,2.85
2012.04.11 19:08:49.194,0.91464,0.91504,2.85,2.63
2012.04.11 19:08:53.593,0.91465,0.91503,2.10,2.63
2012.04.11 19:08:54.540,0.91475,0.91515,2.85,2.63
2012.04.11 19:08:54.603,0.91475,0.91515,2.25,3.23
2012.04.11 19:08:54.962,0.91469,0.91507,1.35,2.25
2012.04.11 19:08:55.083,0.91467,0.91507,2.85,2.63
2012.04.11 19:08:56.412,0.91471,0.91511,2.25,2.63
2012.04.11 19:08:58.554,0.91467,0.91515,1.73,1.35
2012.04.11 19:08:58.810,0.9147,0.91515,1.35,1.35
2012.04.11 19:08:58.949,0.91466,0.91515,1.73,1.35
2012.04.11 19:08:59.498,0.91466,0.91507,1.73,2.25
2012.04.11 19:08:59.572,0.91472,0.91514,2.25,3.23
2012.04.11 19:09:00.652,0.91474,0.91514,2.25,3.23
2012.04.11 19:09:00.782,0.91471,0.91514,2.25,3.23
2012.04.11 19:09:00.903,0.91466,0.91506,3.98,2.25
2012.04.11 19:09:01.591,0.91468,0.9151,2.63,2.85
2012.04.11 19:09:02.478,0.91468,0.9151,2.25,3.23
2012.04.11 19:09:03.066,0.91465,0.91505,2.25,3.23
2012.04.11 19:09:03.194,0.91468,0.9151,2.25,3.60
2012.04.11 19:09:03.672,0.91468,0.91505,2.25,2.48
2012.04.11 19:09:03.739,0.91457,0.91497,1.35,2.25
2012.04.11 19:09:03.927,0.91455,0.91497,2.25,2.63
2012.04.11 19:09:04.469,0.91456,0.91496,2.25,2.25
2012.04.11 19:09:04.653,0.91449,0.91491,3.60,2.25
2012.04.11 19:09:05.406,0.91449,0.91491,3.23,2.25
2012.04.11 19:09:06.259,0.9146,0.915,2.25,3.00
2012.04.11 19:09:06.467,0.9146,0.915,2.25,2.63
2012.04.11 19:09:06.722,0.91464,0.91504,2.25,3.00
2012.04.11 19:09:07.486,0.91467,0.91506,2.25,1.35
2012.04.11 19:09:07.612,0.91467,0.91509,2.25,3.23
2012.04.11 19:09:07.733,0.91464,0.91504,2.25,2.25
2012.04.11 19:09:08.330,0.91464,0.91504,2.85,2.25
2012.04.11 19:09:08.837,0.91466,0.91506,3.23,2.25
2012.04.11 19:09:10.091,0.91465,0.91507,3.23,2.63
2012.04.11 19:09:10.156,0.91465,0.91505,2.85,2.25
2012.04.11 19:09:10.780,0.91464,0.91506,3.23,2.25
2012.04.11 19:09:11.764,0.91464,0.91506,2.63,2.85
2012.04.11 19:09:12.094,0.91466,0.91506,2.25,2.85
2012.04.11 19:09:14.191,0.9147,0.9151,2.25,3.23
2012.04.11 19:09:14.816,0.9147,0.9151,2.25,3.60
2012.04.11 19:09:14.883,0.91459,0.9151,1.35,1.35
2012.04.11 19:09:15.701,0.91456,0.91504,1.50,2.10
2012.04.11 19:09:15.763,0.91456,0.91504,1.13,2.48
2012.04.11 19:09:15.974,0.91464,0.91504,2.25,4.73
2012.04.11 19:09:16.323,0.91468,0.91505,2.25,1.35
2012.04.11 19:09:16.488,0.91468,0.9151,2.63,2.85
2012.04.11 19:09:16.906,0.9147,0.9151,2.25,2.85
2012.04.11 19:09:17.257,0.91472,0.91512,2.25,3.23
2012.04.11 19:09:17.476,0.9147,0.9151,2.25,2.85
2012.04.11 19:09:17.599,0.91472,0.91515,2.25,3.23
2012.04.11 19:09:18.142,0.91464,0.91505,3.23,2.25
2012.04.11 19:09:18.673,0.91464,0.91505,2.25,3.23
2012.04.11 19:09:18.916,0.91462,0.91503,2.63,2.85
2012.04.11 19:09:19.570,0.91463,0.91506,2.25,3.23
2012.04.11 19:09:19.796,0.91463,0.91506,2.63,3.23
2012.04.11 19:09:20.967,0.91468,0.91509,2.25,3.60
2012.04.11 19:09:21.038,0.91463,0.91506,2.63,3.23
2012.04.11 19:09:21.165,0.91467,0.91509,2.25,1.35
2012.04.11 19:09:21.859,0.91467,0.9151,2.25,3.60
2012.04.11 19:09:21.923,0.91467,0.9151,2.25,3.23
2012.04.11 19:09:22.850,0.91467,0.9151,2.85,2.63
2012.04.11 19:09:23.102,0.91467,0.9151,3.23,2.25
2012.04.11 19:09:24.155,0.91467,0.9151,2.85,2.63
2012.04.11 19:09:24.533,0.91467,0.9151,2.25,3.23
2012.04.11 19:09:24.636,0.91465,0.91508,2.63,2.63
2012.04.11 19:09:24.882,0.91461,0.91503,1.73,2.25
2012.04.11 19:09:25.616,0.91461,0.91502,3.98,2.25
2012.04.11 19:09:25.701,0.91461,0.91502,3.60,2.63
2012.04.11 19:09:26.206,0.91459,0.91502,3.00,2.63
2012.04.11 19:09:26.788,0.9146,0.91503,3.00,2.63
2012.04.11 19:09:28.269,0.91462,0.91503,2.25,2.63
2012.04.11 19:09:30.475,0.91465,0.91504,2.25,1.35
2012.04.11 19:09:31.005,0.91464,0.91504,2.25,1.35
2012.04.11 19:09:32.519,0.91467,0.91504,2.25,1.35
2012.04.11 19:09:33.549,0.91464,0.91504,2.25,3.60
2012.04.11 19:09:33.692,0.91464,0.91504,2.25,3.23
2012.04.11 19:09:34.501,0.91463,0.91505,2.25,3.23
2012.04.11 19:09:35.056,0.91464,0.91506,2.25,3.23
2012.04.11 19:09:35.856,0.91464,0.91506,2.25,3.23
2012.04.11 19:09:35.988,0.91469,0.91508,2.25,1.35
2012.04.11 19:09:36.858,0.91469,0.91509,2.25,3.23
2012.04.11 19:09:39.385,0.91465,0.91507,2.25,3.23
2012.04.11 19:09:40.355,0.91465,0.91506,2.25,1.35
2012.04.11 19:09:40.735,0.91461,0.91501,2.25,2.63
2012.04.11 19:09:41.324,0.9146,0.915,2.25,2.25
2012.04.11 19:09:42.250,0.9146,0.915,3.00,2.25
2012.04.11 19:09:43.115,0.91463,0.91505,2.25,3.23
2012.04.11 19:09:43.733,0.91463,0.91505,3.00,3.23
2012.04.11 19:09:45.086,0.91463,0.91505,3.00,3.23
2012.04.11 19:09:45.444,0.91468,0.91506,2.25,1.35
2012.04.11 19:09:47.534,0.91468,0.91508,2.25,1.35
2012.04.11 19:09:47.768,0.91462,0.91501,1.13,2.25
2012.04.11 19:09:47.837,0.91463,0.91505,3.00,3.23
2012.04.11 19:09:48.098,0.91464,0.91506,2.25,3.23
2012.04.11 19:09:49.008,0.91463,0.91503,2.25,2.63
2012.04.11 19:09:49.133,0.91461,0.91501,2.63,2.25
2012.04.11 19:09:49.659,0.91455,0.91497,3.60,2.25
2012.04.11 19:09:49.906,0.91455,0.91497,3.23,2.63
2012.04.11 19:09:50.293,0.91455,0.91497,2.63,2.63
2012.04.11 19:09:50.360,0.91459,0.91499,2.25,3.23
2012.04.11 19:09:50.571,0.91457,0.91499,2.25,3.23
2012.04.11 19:09:51.342,0.91457,0.91499,2.25,3.23
2012.04.11 19:09:52.712,0.9146,0.915,2.25,3.23
2012.04.11 19:09:54.292,0.91461,0.91498,2.25,1.13
2012.04.11 19:09:54.783,0.91459,0.91499,2.25,2.85
2012.04.11 19:09:55.395,0.91457,0.91499,2.63,2.85
2012.04.11 19:09:55.587,0.91457,0.91499,2.63,3.23
2012.04.11 19:09:56.735,0.9146,0.91502,2.25,3.23
2012.04.11 19:09:57.755,0.9146,0.91502,2.25,3.60
2012.04.11 19:09:57.952,0.91458,0.91498,2.25,2.63
2012.04.11 19:09:58.971,0.91458,0.91498,2.25,2.63
2012.04.11 19:09:59.163,0.91461,0.91503,2.25,3.60
2012.04.11 19:09:59.238,0.91458,0.915,2.25,3.23
2012.04.11 19:10:00.163,0.91457,0.91499,2.25,3.23
2012.04.11 19:10:02.185,0.91453,0.91496,3.23,2.25
2012.04.11 19:10:02.668,0.91458,0.91499,2.25,3.23
2012.04.11 19:10:03.478,0.91459,0.915,2.25,3.23
2012.04.11 19:10:04.225,0.91459,0.91502,2.25,3.60
2012.04.11 19:10:04.786,0.91455,0.91498,2.63,2.63
2012.04.11 19:10:05.916,0.91455,0.91498,2.63,2.63
2012.04.11 19:10:07.381,0.91453,0.91496,3.23,2.25
2012.04.11 19:10:07.799,0.91453,0.91496,3.23,3.00
2012.04.11 19:10:08.744,0.91452,0.91493,3.23,1.13
2012.04.11 19:10:09.371,0.91452,0.91495,3.23,3.00
2012.04.11 19:10:09.673,0.91452,0.91495,3.23,2.25
2012.04.11 19:10:10.204,0.91452,0.91494,2.63,1.35
2012.04.11 19:10:10.463,0.91449,0.91492,2.25,2.63
2012.04.11 19:10:11.378,0.91447,0.9149,3.23,2.63
2012.04.11 19:10:12.113,0.91452,0.91493,2.25,2.63
2012.04.11 19:10:12.574,0.91447,0.91488,3.23,2.25
2012.04.11 19:10:12.804,0.91447,0.91488,2.63,3.23
2012.04.11 19:10:13.174,0.91442,0.91483,3.00,2.25
2012.04.11 19:10:13.920,0.91442,0.91483,2.63,2.63
2012.04.11 19:10:15.136,0.91445,0.91486,2.25,3.23
2012.04.11 19:10:16.223,0.91442,0.91485,2.25,2.63
2012.04.11 19:10:17.404,0.91441,0.91484,3.00,2.63
2012.04.11 19:10:17.466,0.91441,0.91484,3.38,2.63
2012.04.11 19:10:19.249,0.91445,0.91486,2.25,3.23
2012.04.11 19:10:19.373,0.91445,0.91486,2.25,3.23
2012.04.11 19:10:20.677,0.91443,0.91484,2.63,3.00
2012.04.11 19:10:21.403,0.91443,0.91484,2.63,2.25
2012.04.11 19:10:23.696,0.91443,0.91481,2.63,1.35
2012.04.11 19:10:23.854,0.91443,0.91484,2.63,3.60
2012.04.11 19:10:24.206,0.91441,0.91481,2.25,3.60
2012.04.11 19:10:24.334,0.91435,0.91478,2.63,3.38
2012.04.11 19:10:25.124,0.91431,0.91472,3.23,2.25
2012.04.11 19:10:25.468,0.91431,0.91472,2.85,2.63
2012.04.11 19:10:25.538,0.91431,0.91472,2.25,3.23
2012.04.11 19:10:26.386,0.9143,0.91471,2.63,2.63
2012.04.11 19:10:27.378,0.91427,0.9147,3.23,2.63
2012.04.11 19:10:27.450,0.91425,0.91467,3.23,2.25
2012.04.11 19:10:27.753,0.91422,0.91462,3.00,2.25
2012.04.11 19:10:27.993,0.91431,0.91469,2.25,1.35
2012.04.11 19:10:29.216,0.91427,0.91467,2.63,2.85
2012.04.11 19:10:29.537,0.91424,0.91466,2.25,2.63
2012.04.11 19:10:31.437,0.91424,0.91464,2.25,3.38
2012.04.11 19:10:31.503,0.91421,0.91463,2.63,3.00
2012.04.11 19:10:32.286,0.91423,0.91464,2.25,1.13
2012.04.11 19:10:32.590,0.91419,0.91459,2.25,3.23
2012.04.11 19:10:33.529,0.91419,0.91458,2.25,1.13
2012.04.11 19:10:33.602,0.91414,0.91455,2.85,2.63
2012.04.11 19:10:34.044,0.91418,0.91458,2.25,1.13
2012.04.11 19:10:34.225,0.91414,0.91455,2.25,2.63
2012.04.11 19:10:36.218,0.91415,0.91458,2.25,3.98
2012.04.11 19:10:37.617,0.91415,0.91454,2.25,1.13
2012.04.11 19:10:38.993,0.91413,0.91454,2.63,1.13
2012.04.11 19:10:39.674,0.91414,0.91455,2.25,2.63
2012.04.11 19:10:40.503,0.91411,0.91453,2.63,1.13
2012.04.11 19:10:42.281,0.9141,0.91451,3.23,2.25
2012.04.11 19:10:42.924,0.91408,0.91448,1.35,2.25
2012.04.11 19:10:43.035,0.91412,0.91452,2.63,2.25
2012.04.11 19:10:43.096,0.91408,0.91448,3.60,2.25
2012.04.11 19:10:43.164,0.91409,0.91449,2.85,2.25
2012.04.11 19:10:45.884,0.91409,0.91451,2.85,2.63
2012.04.11 19:10:46.386,0.91407,0.91447,3.23,2.25
2012.04.11 19:10:46.668,0.91406,0.91446,3.23,2.25
2012.04.11 19:10:46.913,0.91406,0.91448,3.23,3.00
2012.04.11 19:10:47.748,0.91407,0.91447,3.23,2.25
2012.04.11 19:10:48.923,0.91407,0.91447,3.23,3.00
2012.04.11 19:10:49.684,0.91407,0.91447,3.23,2.25
2012.04.11 19:10:50.167,0.91407,0.91449,3.23,3.60
2012.04.11 19:10:50.614,0.91411,0.91453,2.25,3.23
2012.04.11 19:10:50.957,0.91408,0.91451,3.23,2.25
2012.04.11 19:10:51.526,0.91411,0.91452,2.63,3.00
2012.04.11 19:10:52.563,0.91407,0.9145,3.23,3.00
2012.04.11 19:10:53.273,0.91406,0.91449,2.63,3.60
2012.04.11 19:10:53.534,0.91406,0.91446,2.25,1.35
2012.04.11 19:10:53.592,0.91401,0.91442,2.63,2.63
2012.04.11 19:10:54.614,0.914,0.91443,2.63,2.85
2012.04.11 19:10:55.011,0.914,0.91441,2.63,2.25
2012.04.11 19:10:55.340,0.91405,0.91448,2.25,3.98
2012.04.11 19:10:55.555,0.91398,0.91441,3.00,2.25
2012.04.11 19:10:55.883,0.91398,0.91441,2.63,2.25
2012.04.11 19:10:55.943,0.914,0.91443,2.63,3.23
2012.04.11 19:10:56.873,0.91395,0.91436,1.35,2.25
2012.04.11 19:10:57.012,0.91394,0.91436,3.23,2.25
2012.04.11 19:10:57.450,0.91396,0.91438,2.25,2.63
2012.04.11 19:10:57.806,0.914,0.91441,2.25,2.63
2012.04.11 19:10:58.021,0.91397,0.91439,2.25,2.63
2012.04.11 19:11:00.779,0.914,0.91441,2.25,2.63
2012.04.11 19:11:01.217,0.91398,0.91438,2.25,2.63
2012.04.11 19:11:15.935,0.91397,0.91437,2.63,2.25
2012.04.11 19:11:17.254,0.91397,0.91438,2.63,1.13
2012.04.11 19:11:17.345,0.914,0.91438,2.25,1.13
2012.04.11 19:11:17.456,0.91398,0.91438,2.25,1.13
2012.04.11 19:11:22.218,0.91401,0.91439,2.25,1.13
2012.04.11 19:11:22.345,0.91399,0.9144,2.25,2.63
2012.04.11 19:11:22.892,0.91401,0.91444,2.25,4.35
2012.04.11 19:11:25.385,0.91403,0.91444,2.25,2.10
2012.04.11 19:11:26.080,0.91402,0.91443,2.25,3.23
2012.04.11 19:11:28.357,0.91402,0.91443,2.25,3.23
2012.04.11 19:11:28.425,0.91404,0.91444,2.25,1.73
2012.04.11 19:11:28.807,0.914,0.9144,2.25,3.00
2012.04.11 19:11:28.937,0.914,0.91439,2.25,1.35
2012.04.11 19:11:30.202,0.914,0.91436,2.25,1.73
2012.04.11 19:11:30.325,0.914,0.91439,2.25,1.73
2012.04.11 19:11:30.569,0.91402,0.91439,2.25,1.73
2012.04.11 19:11:30.938,0.91404,0.91441,2.25,1.35
2012.04.11 19:11:31.807,0.91395,0.91437,3.60,2.85
2012.04.11 19:11:32.235,0.91395,0.91437,3.00,4.35
2012.04.11 19:11:32.296,0.91395,0.91437,2.25,5.10
2012.04.11 19:11:32.667,0.91392,0.91434,2.25,3.23
2012.04.11 19:11:33.023,0.91397,0.91437,2.25,1.35
2012.04.11 19:11:33.778,0.91397,0.91438,2.25,3.98
2012.04.11 19:11:34.328,0.91396,0.91437,2.25,3.23
2012.04.11 19:11:35.861,0.91397,0.91439,2.25,3.23
2012.04.11 19:11:36.618,0.91396,0.91439,2.25,5.48
2012.04.11 19:11:36.836,0.91398,0.91439,2.25,3.23
2012.04.11 19:11:37.475,0.91398,0.91435,2.25,1.73
2012.04.11 19:11:37.544,0.91396,0.91435,2.25,1.73
2012.04.11 19:11:39.602,0.91397,0.91435,2.25,1.73
2012.04.11 19:11:40.238,0.91397,0.91438,2.25,1.73
2012.04.11 19:11:40.943,0.91397,0.91435,2.63,1.35
2012.04.11 19:11:41.869,0.91402,0.91435,2.25,1.35
2012.04.11 19:11:42.306,0.91404,0.91435,2.25,1.35
2012.04.11 19:11:43.877,0.91402,0.91435,2.25,1.35
2012.04.11 19:11:47.617,0.91403,0.91435,2.25,1.35
2012.04.11 19:11:47.727,0.91405,0.91435,2.25,1.35
2012.04.11 19:11:47.819,0.91405,0.91439,2.25,3.23
2012.04.11 19:11:48.423,0.91403,0.91439,2.25,3.23
2012.04.11 19:11:52.713,0.91403,0.91438,2.25,1.35
2012.04.11 19:11:52.897,0.91397,0.91438,2.25,1.35
2012.04.11 19:11:53.674,0.914,0.91438,2.25,1.35
2012.04.11 19:11:55.142,0.914,0.91439,2.25,3.23
2012.04.11 19:11:55.232,0.914,0.91439,2.25,1.73
2012.04.11 19:11:56.054,0.91396,0.91438,3.00,2.63
2012.04.11 19:11:56.294,0.91404,0.91441,2.25,1.35
2012.04.11 19:11:56.804,0.91405,0.91441,2.25,1.35
2012.04.11 19:11:57.384,0.91405,0.91443,2.25,1.73
2012.04.11 19:11:57.835,0.91399,0.91442,2.25,3.23
2012.04.11 19:11:58.497,0.91402,0.91443,2.25,1.73
2012.04.11 19:11:58.721,0.91399,0.91442,2.25,3.23
2012.04.11 19:11:58.785,0.91399,0.9144,2.25,1.73
2012.04.11 19:11:59.095,0.91405,0.91441,2.25,1.35
2012.04.11 19:11:59.567,0.91409,0.91443,2.25,1.35
2012.04.11 19:12:01.695,0.91409,0.91448,2.25,1.73
2012.04.11 19:12:03.976,0.91407,0.91444,2.25,1.73
2012.04.11 19:12:21.202,0.91407,0.91449,2.25,3.75
2012.04.11 19:12:21.577,0.91412,0.91448,2.25,1.13
2012.04.11 19:12:21.646,0.91412,0.91449,2.25,1.13
2012.04.11 19:12:22.978,0.91412,0.91448,2.25,1.35
2012.04.11 19:12:23.044,0.91408,0.91448,2.63,3.60
2012.04.11 19:12:23.710,0.91403,0.91443,1.35,2.25
2012.04.11 19:12:23.812,0.9141,0.91448,2.25,1.35
2012.04.11 19:12:23.885,0.91406,0.91448,2.63,3.60
2012.04.11 19:12:23.956,0.91406,0.91448,2.63,3.98
2012.04.11 19:12:25.033,0.91406,0.91448,2.25,3.98
2012.04.11 19:12:25.563,0.91405,0.91447,2.25,3.23
2012.04.11 19:12:25.905,0.91407,0.91448,2.25,1.73
2012.04.11 19:12:26.486,0.91407,0.91447,2.25,3.23
2012.04.11 19:12:27.857,0.91407,0.91445,2.25,1.73
2012.04.11 19:12:30.005,0.91407,0.91445,2.25,1.35
2012.04.11 19:12:30.818,0.91398,0.91438,2.25,2.63
2012.04.11 19:12:32.061,0.91398,0.91438,2.63,2.25
2012.04.11 19:12:32.839,0.91403,0.91441,2.25,1.13
2012.04.11 19:12:33.618,0.91402,0.91442,2.25,3.00
2012.04.11 19:12:34.077,0.91399,0.91441,3.23,3.00
2012.04.11 19:12:35.312,0.91399,0.91441,3.23,3.00
2012.04.11 19:12:35.735,0.91396,0.91438,3.23,3.00
2012.04.11 19:12:35.949,0.91396,0.91438,2.63,3.00
2012.04.11 19:12:36.594,0.91393,0.91429,1.35,2.25
2012.04.11 19:12:36.679,0.91392,0.91434,2.85,3.38
2012.04.11 19:12:36.747,0.91387,0.91429,3.23,2.25
2012.04.11 19:12:37.145,0.91387,0.91429,3.23,2.25
2012.04.11 19:12:37.474,0.91387,0.91429,3.60,2.25
2012.04.11 19:12:37.593,0.91397,0.91437,2.63,2.25
2012.04.11 19:12:37.653,0.91397,0.91437,2.63,3.00
2012.04.11 19:12:38.414,0.91392,0.91429,1.35,2.25
2012.04.11 19:12:38.596,0.91398,0.91439,2.63,3.00
2012.04.11 19:12:38.923,0.91392,0.91434,3.00,3.00
2012.04.11 19:12:39.021,0.91392,0.91433,2.25,1.13
2012.04.11 19:12:44.426,0.91392,0.91433,2.25,1.50
2012.04.11 19:12:44.575,0.91387,0.91428,2.25,1.13
2012.04.11 19:12:46.388,0.91387,0.91429,2.25,3.38
2012.04.11 19:12:46.743,0.91378,0.9142,3.23,3.23
2012.04.11 19:12:46.803,0.91384,0.91424,2.25,4.35
2012.04.11 19:12:47.107,0.91381,0.91423,2.25,3.23
2012.04.11 19:12:47.497,0.91381,0.91423,2.85,2.63
2012.04.11 19:12:51.153,0.91382,0.91422,2.25,3.38
2012.04.11 19:12:54.694,0.91382,0.91422,2.25,2.63
2012.04.11 19:12:55.509,0.91381,0.91421,2.63,2.25
2012.04.11 19:12:57.236,0.91377,0.91417,3.23,2.25
2012.04.11 19:12:57.515,0.91377,0.91419,3.23,2.25
2012.04.11 19:12:58.646,0.91377,0.91419,3.60,3.00
2012.04.11 19:12:58.892,0.91382,0.91423,3.23,3.00
2012.04.11 19:13:05.036,0.91385,0.91427,2.25,3.23
2012.04.11 19:13:05.207,0.91385,0.91427,4.35,2.63
2012.04.11 19:13:07.307,0.91385,0.91427,4.73,2.25
2012.04.11 19:13:08.004,0.91389,0.91431,2.85,3.23
2012.04.11 19:13:08.106,0.91386,0.91426,3.23,2.25
2012.04.11 19:13:09.497,0.91386,0.91426,2.85,2.63
2012.04.11 19:13:09.687,0.91383,0.91425,2.25,2.63
2012.04.11 19:13:09.755,0.91377,0.91418,2.10,2.25
2012.04.11 19:13:11.793,0.91376,0.91418,3.23,2.25
2012.04.11 19:13:12.504,0.91377,0.91419,3.23,2.63
2012.04.11 19:13:14.579,0.91377,0.91419,2.85,2.63
2012.04.11 19:13:14.643,0.91377,0.91419,2.25,2.63
2012.04.11 19:13:15.520,0.91376,0.91418,2.25,2.63
2012.04.11 19:13:15.918,0.91376,0.91418,2.63,2.25
2012.04.11 19:13:16.306,0.9138,0.9142,2.25,2.63
2012.04.11 19:13:16.744,0.91382,0.91422,2.25,3.23
2012.04.11 19:13:17.757,0.91382,0.91422,2.25,3.23
2012.04.11 19:13:20.252,0.9138,0.9142,2.25,2.25
2012.04.11 19:13:20.936,0.91381,0.91421,2.25,2.85
2012.04.11 19:13:22.356,0.91381,0.91421,2.25,3.60
2012.04.11 19:13:22.646,0.91376,0.91417,2.63,2.63
2012.04.11 19:13:23.346,0.91376,0.91417,2.63,2.63
2012.04.11 19:13:23.427,0.91374,0.91415,3.23,2.25
2012.04.11 19:13:23.984,0.91372,0.91413,3.23,2.25
2012.04.11 19:13:24.654,0.91372,0.91413,3.23,2.25
2012.04.11 19:13:28.815,0.91371,0.91412,3.23,2.25
2012.04.11 19:13:31.448,0.91371,0.91412,3.98,2.25
2012.04.11 19:13:31.516,0.91373,0.91414,2.63,2.25
2012.04.11 19:13:31.703,0.91375,0.91418,3.23,2.63
2012.04.11 19:13:32.255,0.91377,0.9142,3.23,3.60
2012.04.11 19:13:35.565,0.91377,0.9142,3.23,2.85
2012.04.11 19:13:36.008,0.91382,0.91423,2.25,1.73
2012.04.11 19:13:36.924,0.91385,0.91425,3.23,1.35
2012.04.11 19:13:37.534,0.91383,0.91425,1.35,3.60
2012.04.11 19:13:40.217,0.91382,0.91425,3.23,3.60
2012.04.11 19:13:41.337,0.91382,0.91423,2.63,2.85
2012.04.11 19:13:41.466,0.91382,0.91418,2.25,1.73
2012.04.11 19:13:41.537,0.91374,0.91414,3.23,2.25
2012.04.11 19:13:41.793,0.91375,0.91414,2.48,2.25
2012.04.11 19:13:41.927,0.91381,0.91423,2.85,3.60
2012.04.11 19:13:45.082,0.91376,0.91413,1.35,2.25
2012.04.11 19:13:45.208,0.91373,0.91413,2.85,2.25
2012.04.11 19:13:45.848,0.91375,0.91415,2.85,2.25
2012.04.11 19:13:46.528,0.91376,0.91415,1.35,2.25
2012.04.11 19:13:46.633,0.91379,0.91421,2.25,2.25
2012.04.11 19:13:48.894,0.91379,0.91421,2.63,2.25
2012.04.11 19:13:49.805,0.91378,0.91418,2.63,2.25
2012.04.11 19:13:54.286,0.91373,0.91413,3.23,2.25
2012.04.11 19:13:56.258,0.91373,0.91413,3.60,2.25
2012.04.11 19:13:56.729,0.91374,0.91416,3.60,2.85
2012.04.11 19:13:57.633,0.91374,0.91416,2.85,3.23
2012.04.11 19:13:57.732,0.91371,0.91407,1.73,2.25
2012.04.11 19:13:58.188,0.91369,0.91409,3.23,2.25
2012.04.11 19:13:58.738,0.91372,0.91414,3.60,3.00
2012.04.11 19:13:59.766,0.91372,0.91412,3.98,2.25
2012.04.11 19:14:00.369,0.91373,0.91415,3.23,3.23
2012.04.11 19:14:01.706,0.91373,0.91415,2.63,4.73
2012.04.11 19:14:01.936,0.9137,0.9141,3.23,3.23
2012.04.11 19:14:02.702,0.91373,0.91414,2.25,3.23
2012.04.11 19:14:03.006,0.91371,0.91411,2.25,3.23
2012.04.11 19:14:03.963,0.91371,0.91411,2.25,3.60
2012.04.11 19:14:04.112,0.91365,0.91407,3.38,2.63
2012.04.11 19:14:04.328,0.9137,0.91411,2.25,1.35
2012.04.11 19:14:05.154,0.9137,0.91412,2.63,2.85
2012.04.11 19:14:05.332,0.91374,0.91415,2.25,2.48
2012.04.11 19:14:06.673,0.91374,0.91415,2.25,2.63
2012.04.11 19:14:08.270,0.91374,0.91415,2.63,2.25
2012.04.11 19:14:08.510,0.91376,0.91417,2.63,3.23
2012.04.11 19:14:09.345,0.91376,0.91417,2.63,3.23
2012.04.11 19:14:17.675,0.91384,0.91424,2.25,2.85
2012.04.11 19:14:17.747,0.91379,0.9142,2.25,3.23
2012.04.11 19:14:17.856,0.91376,0.91419,2.63,3.23
2012.04.11 19:14:18.404,0.91379,0.9142,2.25,3.23
2012.04.11 19:14:23.635,0.91379,0.91419,2.25,1.35
2012.04.11 19:14:23.789,0.91375,0.91415,3.00,2.63
2012.04.11 19:14:23.933,0.91378,0.91419,2.25,1.35
2012.04.11 19:14:24.948,0.91378,0.91421,2.63,3.23
2012.04.11 19:14:25.124,0.9138,0.91421,2.25,3.23
2012.04.11 19:14:25.679,0.91378,0.91421,3.38,3.23
2012.04.11 19:14:25.756,0.91378,0.91421,2.63,3.23
2012.04.11 19:14:25.953,0.91378,0.91419,3.38,3.23
2012.04.11 19:14:26.034,0.91378,0.91419,2.63,3.23
2012.04.11 19:14:26.636,0.91378,0.91419,3.00,3.23
2012.04.11 19:14:28.030,0.91378,0.91419,2.25,3.23
2012.04.11 19:14:28.149,0.91378,0.91419,3.00,3.23
2012.04.11 19:14:29.687,0.91381,0.91422,3.00,3.23
2012.04.11 19:14:31.385,0.91381,0.91422,2.25,3.23
2012.04.11 19:14:39.795,0.91381,0.91422,3.00,3.23
2012.04.11 19:14:40.576,0.91384,0.91424,2.25,2.48
2012.04.11 19:14:40.644,0.9138,0.91423,3.00,3.23
2012.04.11 19:14:41.918,0.91385,0.91426,2.25,3.23
2012.04.11 19:14:41.986,0.91388,0.91428,2.25,1.35
2012.04.11 19:14:42.502,0.91387,0.91428,2.25,3.60
2012.04.11 19:14:43.275,0.91388,0.91428,2.25,1.35
2012.04.11 19:14:48.334,0.91392,0.91426,2.25,3.23
2012.04.11 19:14:51.148,0.91392,0.91426,2.25,3.23
2012.04.11 19:14:52.063,0.91394,0.91426,2.25,2.63
2012.04.11 19:14:52.894,0.91392,0.91424,2.25,2.25
2012.04.11 19:14:53.582,0.91393,0.91425,2.25,2.25
2012.04.11 19:14:53.944,0.91395,0.91427,2.25,2.25
2012.04.11 19:14:54.813,0.91394,0.91426,2.25,2.25
2012.04.11 19:14:56.275,0.91395,0.91427,2.25,2.25
2012.04.11 19:14:56.587,0.91393,0.91427,2.25,2.25
2012.04.11 19:14:58.531,0.91393,0.91427,2.25,2.63
2012.04.11 19:14:59.047,0.91392,0.91424,2.25,2.25
2012.04.11 19:14:59.957,0.91393,0.91425,2.25,2.25
2012.04.11 19:15:00.530,0.91393,0.91425,2.25,2.63
2012.04.11 19:15:01.107,0.91395,0.91427,2.25,2.63
2012.04.11 19:15:01.177,0.91393,0.91427,2.25,2.63
2012.04.11 19:15:01.281,0.91395,0.91427,2.25,2.63
2012.04.11 19:15:01.576,0.91395,0.91427,2.25,2.63
2012.04.11 19:15:03.412,0.91394,0.91428,2.25,2.63
2012.04.11 19:15:05.125,0.91397,0.91429,2.25,2.63
2012.04.11 19:15:06.895,0.91394,0.91428,2.25,2.63
2012.04.11 19:15:07.164,0.91391,0.91425,2.25,2.25
2012.04.11 19:15:09.414,0.91388,0.91421,2.25,2.25
2012.04.11 19:15:10.519,0.91388,0.91422,2.25,2.25
2012.04.11 19:15:18.273,0.91388,0.91422,2.63,2.25
2012.04.11 19:15:19.020,0.91393,0.91425,2.25,2.25
2012.04.11 19:15:19.535,0.91386,0.91434,1.50,1.73
2012.04.11 19:15:20.305,0.91393,0.91427,2.25,2.25
2012.04.11 19:15:20.996,0.91392,0.91426,2.25,2.25
2012.04.11 19:15:22.525,0.91394,0.91426,2.25,2.25
2012.04.11 19:15:22.847,0.91395,0.91429,2.25,2.25
2012.04.11 19:15:24.699,0.91397,0.91429,2.25,2.25
2012.04.11 19:15:26.378,0.91393,0.91425,2.63,2.25
2012.04.11 19:15:34.204,0.91398,0.9143,2.25,2.25
2012.04.11 19:15:36.627,0.91396,0.9143,2.25,2.25
2012.04.11 19:15:38.494,0.91398,0.9143,2.25,2.25
2012.04.11 19:15:40.475,0.91399,0.91433,2.25,2.85
2012.04.11 19:15:42.228,0.91403,0.91435,2.25,2.25
2012.04.11 19:15:42.584,0.91408,0.91442,2.25,2.63
2012.04.11 19:15:43.187,0.91413,0.91445,2.25,2.25
2012.04.11 19:15:44.783,0.91408,0.91442,2.25,2.25
2012.04.11 19:15:46.134,0.91413,0.91445,2.25,2.63
2012.04.11 19:15:47.111,0.91413,0.91445,2.25,2.25
2012.04.11 19:15:48.397,0.91413,0.91447,2.25,2.25
2012.04.11 19:15:49.142,0.91414,0.91448,2.25,2.25
2012.04.11 19:15:49.706,0.91414,0.91446,2.25,2.25
2012.04.11 19:15:53.123,0.91404,0.91451,1.35,1.13
2012.04.11 19:15:53.855,0.91404,0.9145,1.35,1.13
2012.04.11 19:15:54.532,0.91404,0.91453,1.35,1.73
2012.04.11 19:15:55.306,0.91415,0.91447,2.25,2.25
2012.04.11 19:15:58.092,0.9141,0.91444,2.25,2.25
2012.04.11 19:15:58.306,0.91412,0.91444,2.25,2.25
2012.04.11 19:15:59.742,0.91416,0.91448,2.25,2.25
2012.04.11 19:15:59.865,0.91414,0.91448,2.25,2.25
2012.04.11 19:16:01.485,0.91414,0.91446,2.25,2.25
2012.04.11 19:16:06.439,0.91413,0.91445,2.25,2.25
2012.04.11 19:16:06.505,0.91413,0.91447,2.25,2.25
2012.04.11 19:16:10.950,0.91412,0.91446,2.25,2.25
2012.04.11 19:16:12.214,0.91409,0.91441,2.25,2.25
2012.04.11 19:16:13.514,0.91407,0.91441,2.25,2.25
2012.04.11 19:16:15.534,0.91409,0.91441,2.25,2.25
2012.04.11 19:16:20.974,0.91409,0.91443,2.25,2.25
2012.04.11 19:16:21.553,0.91415,0.91447,2.25,3.23
2012.04.11 19:16:22.116,0.91415,0.91447,2.25,2.85
2012.04.11 19:16:22.743,0.91414,0.91448,2.25,2.85
2012.04.11 19:16:23.533,0.91414,0.91448,2.25,2.25
2012.04.11 19:16:23.596,0.91423,0.91454,2.25,1.35
2012.04.11 19:16:24.808,0.91423,0.91457,2.25,2.85
2012.04.11 19:16:29.975,0.91424,0.91456,2.25,2.85
2012.04.11 19:16:30.494,0.91419,0.91454,2.25,3.23
2012.04.11 19:16:32.625,0.91423,0.91458,2.25,2.63
2012.04.11 19:16:32.955,0.91428,0.9146,2.25,2.63
2012.04.11 19:16:33.049,0.91424,0.91457,2.25,2.63
2012.04.11 19:16:33.983,0.91424,0.91457,2.25,2.25
2012.04.11 19:16:34.509,0.91425,0.91457,2.25,2.25
2012.04.11 19:16:34.577,0.91423,0.91458,2.25,2.25
2012.04.11 19:16:35.686,0.91425,0.91459,2.25,2.25
2012.04.11 19:16:36.032,0.91427,0.91459,2.25,2.25
2012.04.11 19:16:36.143,0.91424,0.91457,2.25,2.25
2012.04.11 19:16:37.944,0.91426,0.91458,2.25,2.25
2012.04.11 19:16:38.009,0.91424,0.91458,2.25,2.25
2012.04.11 19:16:38.553,0.91424,0.91457,2.25,2.25
2012.04.11 19:16:42.139,0.91423,0.91456,2.25,2.25
2012.04.11 19:16:42.325,0.91427,0.91459,2.25,2.63
2012.04.11 19:16:43.543,0.91431,0.91464,2.25,3.60
2012.04.11 19:16:43.604,0.91431,0.91464,2.25,3.23
2012.04.11 19:16:45.678,0.91431,0.91464,2.25,3.60
2012.04.11 19:16:46.767,0.91431,0.91464,2.25,2.85
2012.04.11 19:16:46.834,0.91431,0.91464,2.25,2.25
2012.04.11 19:16:46.954,0.91433,0.91468,2.25,3.38
2012.04.11 19:16:47.027,0.91432,0.91465,2.25,2.25
2012.04.11 19:16:47.174,0.9143,0.91465,2.25,2.25
2012.04.11 19:16:47.294,0.91437,0.9147,2.25,3.23
2012.04.11 19:16:47.353,0.91432,0.91467,2.25,2.25
2012.04.11 19:16:47.801,0.9143,0.91465,2.25,2.25
2012.04.11 19:16:49.716,0.91432,0.91465,2.25,2.25
2012.04.11 19:16:51.549,0.91433,0.91466,2.25,2.25
2012.04.11 19:16:51.754,0.91433,0.91468,2.25,3.00
2012.04.11 19:16:52.973,0.91431,0.91466,2.25,2.25
2012.04.11 19:17:07.383,0.91433,0.91466,2.25,2.25
2012.04.11 19:17:07.683,0.91437,0.91472,2.25,2.63
2012.04.11 19:17:11.116,0.91437,0.91472,2.25,2.25
2012.04.11 19:17:11.245,0.91442,0.91476,2.25,2.85
2012.04.11 19:17:13.334,0.91442,0.91476,2.25,3.23
2012.04.11 19:17:13.414,0.91437,0.91471,2.25,2.25
2012.04.11 19:17:15.438,0.91436,0.9147,2.25,2.25
2012.04.11 19:17:15.568,0.91436,0.9147,2.25,2.85
2012.04.11 19:17:15.646,0.91432,0.91464,2.25,2.25
2012.04.11 19:17:16.286,0.91432,0.91466,2.25,2.25
2012.04.11 19:17:16.361,0.91437,0.91469,2.25,2.25
2012.04.11 19:17:17.626,0.91437,0.91469,2.25,2.85
2012.04.11 19:17:17.764,0.91433,0.91465,2.25,2.25
2012.04.11 19:17:17.945,0.91431,0.91463,2.25,2.25
2012.04.11 19:17:18.748,0.91429,0.91463,2.25,2.25
2012.04.11 19:17:21.209,0.91429,0.91463,2.25,2.63
2012.04.11 19:17:21.273,0.91427,0.91459,2.25,2.25
2012.04.11 19:17:21.515,0.91424,0.91458,2.25,2.25
2012.04.11 19:17:22.224,0.91425,0.91457,2.25,2.25
2012.04.11 19:17:22.285,0.91433,0.91465,2.25,2.85
2012.04.11 19:17:22.346,0.91433,0.91465,2.25,2.25
2012.04.11 19:17:22.564,0.9143,0.91464,2.25,2.25
2012.04.11 19:17:22.953,0.91432,0.91466,2.25,2.63
2012.04.11 19:17:23.283,0.91432,0.91464,2.25,2.25
2012.04.11 19:17:25.315,0.91439,0.91472,2.25,2.25
2012.04.11 19:17:25.418,0.91434,0.91467,2.25,2.25
2012.04.11 19:17:26.025,0.9143,0.91464,2.63,2.25
2012.04.11 19:17:26.715,0.91431,0.91465,2.25,2.25
2012.04.11 19:17:30.366,0.91433,0.91465,2.25,2.25
2012.04.11 19:17:31.354,0.91431,0.91465,2.25,2.25
2012.04.11 19:17:44.693,0.91431,0.91465,2.63,2.25
2012.04.11 19:17:44.893,0.91439,0.91472,2.25,2.25
2012.04.11 19:17:45.896,0.91437,0.91472,2.25,2.25
2012.04.11 19:17:48.638,0.91439,0.91472,2.25,2.25
2012.04.11 19:17:53.923,0.91443,0.91477,2.25,2.63
2012.04.11 19:17:54.673,0.91441,0.91473,2.25,2.25
2012.04.11 19:17:55.001,0.91443,0.91477,2.25,3.23
2012.04.11 19:17:55.098,0.91443,0.91477,2.25,2.85
2012.04.11 19:17:55.825,0.91443,0.91477,2.25,3.60
2012.04.11 19:17:57.144,0.91443,0.91477,2.25,2.85
2012.04.11 19:17:57.642,0.91443,0.91475,2.25,2.25
2012.04.11 19:18:03.677,0.91443,0.91475,2.25,3.00
2012.04.11 19:18:04.676,0.91443,0.91475,2.25,2.25
2012.04.11 19:18:05.397,0.91443,0.91475,2.25,3.00
2012.04.11 19:18:05.933,0.91443,0.91475,2.25,3.38
2012.04.11 19:18:06.105,0.91438,0.91471,2.25,2.25
2012.04.11 19:18:07.525,0.91438,0.91471,2.25,5.10
2012.04.11 19:18:07.789,0.91434,0.91466,2.25,3.23
2012.04.11 19:18:08.406,0.91435,0.9147,2.25,3.23
2012.04.11 19:18:10.672,0.91435,0.9147,2.25,2.63
2012.04.11 19:18:10.735,0.91435,0.9147,2.25,2.25
2012.04.11 19:18:10.945,0.91437,0.91472,2.25,2.25
2012.04.11 19:18:29.321,0.91436,0.91469,2.25,2.25
2012.04.11 19:18:49.447,0.91436,0.91469,2.25,3.00
2012.04.11 19:18:49.578,0.91431,0.91465,2.25,2.25
2012.04.11 19:18:49.710,0.91434,0.91466,2.25,2.25
2012.04.11 19:18:50.307,0.91435,0.91467,2.25,2.25
2012.04.11 19:19:07.064,0.91426,0.91458,3.23,2.25
2012.04.11 19:19:07.325,0.91434,0.91468,2.25,2.25
2012.04.11 19:19:07.535,0.91429,0.91464,2.25,2.25
2012.04.11 19:19:10.468,0.91429,0.91464,2.63,2.25
2012.04.11 19:19:11.892,0.91431,0.91465,2.63,2.25
2012.04.11 19:19:12.248,0.91438,0.91473,2.25,2.63
2012.04.11 19:19:14.280,0.91438,0.91473,2.25,2.25
2012.04.11 19:19:15.300,0.91444,0.91477,2.25,2.85
2012.04.11 19:19:15.364,0.91444,0.91477,2.25,2.25
2012.04.11 19:19:22.144,0.91447,0.9148,2.25,2.25
2012.04.11 19:19:38.121,0.91441,0.9147,1.13,2.25
2012.04.11 19:19:38.579,0.91437,0.9147,2.25,2.25
2012.04.11 19:19:43.584,0.91435,0.9147,2.25,2.25
2012.04.11 19:19:45.350,0.91435,0.9147,3.00,2.25
2012.04.11 19:19:45.492,0.91435,0.9147,2.25,2.25
2012.04.11 19:19:45.675,0.91434,0.91466,2.25,2.25
2012.04.11 19:19:47.533,0.91435,0.9147,2.25,2.25
2012.04.11 19:19:51.979,0.91428,0.9146,2.25,2.25
2012.04.11 19:19:52.270,0.91428,0.91462,2.25,2.25
2012.04.11 19:19:53.148,0.91425,0.91459,3.00,2.25
2012.04.11 19:20:00.020,0.91425,0.91459,2.25,2.25
2012.04.11 19:20:00.411,0.91425,0.91457,2.25,2.25
2012.04.11 19:20:03.505,0.91422,0.91454,2.85,2.25
2012.04.11 19:20:03.799,0.91426,0.9146,2.25,2.25
2012.04.11 19:20:03.937,0.91426,0.91458,2.25,2.25
2012.04.11 19:20:04.129,0.91428,0.91462,2.25,2.63
2012.04.11 19:20:05.115,0.91428,0.91462,2.25,2.25
2012.04.11 19:20:12.291,0.91428,0.9146,2.25,2.25
2012.04.11 19:20:12.497,0.91422,0.91456,3.23,2.25
2012.04.11 19:20:13.599,0.91421,0.91455,2.63,2.25
2012.04.11 19:20:14.518,0.91421,0.91455,2.25,2.25
2012.04.11 19:20:14.764,0.91418,0.9145,2.25,2.25
2012.04.11 19:20:16.566,0.91417,0.91449,2.25,2.25
2012.04.11 19:20:17.170,0.91417,0.91451,2.25,2.25
2012.04.11 19:20:20.098,0.91414,0.91446,3.23,2.25
2012.04.11 19:20:20.206,0.91418,0.9145,2.25,2.25
2012.04.11 19:20:27.251,0.91418,0.91452,2.25,2.25
2012.04.11 19:20:34.289,0.91415,0.91447,3.23,2.25
2012.04.11 19:20:34.504,0.91418,0.91452,2.25,2.25
2012.04.11 19:20:36.036,0.9142,0.91452,2.25,2.25
2012.04.11 19:20:52.346,0.91422,0.91456,2.25,2.85
2012.04.11 19:20:52.429,0.9142,0.91454,2.25,2.25
2012.04.11 19:20:53.249,0.9142,0.91454,2.85,2.25
2012.04.11 19:20:53.434,0.91423,0.91457,2.85,2.25
2012.04.11 19:20:58.599,0.91425,0.91459,2.25,2.25
2012.04.11 19:20:59.207,0.91427,0.91461,2.25,2.85
2012.04.11 19:20:59.338,0.91424,0.91458,2.25,2.25
2012.04.11 19:21:01.865,0.91425,0.91459,2.25,2.25
2012.04.11 19:21:01.932,0.9143,0.91462,2.25,2.63
2012.04.11 19:21:03.992,0.91428,0.91462,2.25,2.25
2012.04.11 19:21:04.525,0.91427,0.91461,2.25,2.25
2012.04.11 19:21:05.649,0.91425,0.91459,2.25,2.25
2012.04.11 19:21:07.660,0.91425,0.91459,2.25,3.60
2012.04.11 19:21:07.874,0.91421,0.91454,2.63,2.25
2012.04.11 19:21:09.444,0.91421,0.91454,2.25,2.25
2012.04.11 19:21:09.519,0.91417,0.91449,2.85,2.25
2012.04.11 19:21:16.238,0.91417,0.91449,2.25,2.85
2012.04.11 19:21:16.366,0.91408,0.9144,2.25,2.25
2012.04.11 19:21:25.587,0.9141,0.91444,2.25,2.25
2012.04.11 19:21:26.908,0.91407,0.91439,2.25,2.25
2012.04.11 19:21:27.035,0.9141,0.91444,2.25,2.63
2012.04.11 19:21:27.622,0.91409,0.91441,2.25,2.25
2012.04.11 19:21:27.927,0.91405,0.91437,3.23,2.25
2012.04.11 19:21:34.244,0.91409,0.91441,2.25,2.25
2012.04.11 19:21:35.293,0.91408,0.91442,2.25,2.25
2012.04.11 19:21:37.878,0.91408,0.9144,2.25,2.25
2012.04.11 19:21:38.809,0.91408,0.91442,2.25,2.25
2012.04.11 19:21:38.874,0.91412,0.91447,2.25,2.25
2012.04.11 19:21:41.766,0.91413,0.91448,2.25,3.00
2012.04.11 19:21:41.826,0.91415,0.91448,2.25,2.25
2012.04.11 19:21:41.969,0.91418,0.91453,2.25,3.98
2012.04.11 19:21:43.844,0.91417,0.9145,2.25,2.25
2012.04.11 19:21:44.418,0.91416,0.91449,2.63,2.25
2012.04.11 19:21:49.206,0.91416,0.91451,2.63,2.25
2012.04.11 19:21:54.643,0.91414,0.91447,2.25,2.25
2012.04.11 19:21:55.336,0.91413,0.91446,2.25,2.25
2012.04.11 19:22:00.464,0.91407,0.91454,1.35,1.13
2012.04.11 19:22:00.867,0.91407,0.91452,1.35,1.13
2012.04.11 19:22:01.813,0.91406,0.91452,1.35,1.13
2012.04.11 19:22:05.788,0.91407,0.91453,1.35,1.35
2012.04.11 19:22:05.913,0.91407,0.91454,1.35,1.35
2012.04.11 19:22:06.052,0.91413,0.91446,2.63,2.25
2012.04.11 19:22:08.418,0.91413,0.91446,2.25,2.25
2012.04.11 19:22:08.727,0.91411,0.91443,2.25,3.00
2012.04.11 19:22:09.680,0.91408,0.91442,2.63,2.25
2012.04.11 19:22:09.748,0.91408,0.91442,2.63,2.25
2012.04.11 19:22:09.937,0.91407,0.91439,3.23,2.25
2012.04.11 19:22:11.520,0.91407,0.91439,2.85,2.25
2012.04.11 19:22:11.768,0.91409,0.91443,2.25,2.25
2012.04.11 19:22:23.948,0.91409,0.91443,2.63,2.25
2012.04.11 19:22:24.085,0.91414,0.91448,2.25,3.00
2012.04.11 19:22:26.394,0.91418,0.91453,2.25,2.63
2012.04.11 19:22:32.266,0.91418,0.91453,2.25,3.00
2012.04.11 19:22:45.095,0.91414,0.91448,2.63,2.25
2012.04.11 19:22:58.123,0.91414,0.91448,2.25,2.25
2012.04.11 19:23:03.203,0.91416,0.9145,2.25,2.25
2012.04.11 19:23:03.693,0.91414,0.91448,2.25,2.25
2012.04.11 19:23:04.350,0.91411,0.91443,2.63,2.25
2012.04.11 19:23:04.466,0.91411,0.91443,2.25,2.25
2012.04.11 19:23:05.005,0.91412,0.91444,2.25,2.25
2012.04.11 19:23:05.121,0.9141,0.91444,2.25,2.25
2012.04.11 19:23:09.895,0.91412,0.91444,2.25,2.25
2012.04.11 19:23:10.381,0.9141,0.91444,2.25,2.25
2012.04.11 19:23:11.032,0.91411,0.91445,2.25,2.25
2012.04.11 19:23:15.902,0.91416,0.91448,2.25,3.00
2012.04.11 19:23:17.182,0.91417,0.91449,2.25,3.00
2012.04.11 19:23:18.493,0.91417,0.91449,2.25,3.00
2012.04.11 19:23:19.813,0.91417,0.91449,2.25,3.00
2012.04.11 19:23:20.800,0.91419,0.91453,2.25,2.25
2012.04.11 19:23:20.865,0.91416,0.9145,2.25,2.25
2012.04.11 19:23:21.466,0.91416,0.91448,2.25,2.25
2012.04.11 19:23:21.703,0.91413,0.91447,2.63,2.25
2012.04.11 19:23:21.929,0.91415,0.91447,2.25,2.25
2012.04.11 19:23:22.434,0.91414,0.91446,2.25,2.25
2012.04.11 19:23:23.657,0.91414,0.91448,2.25,2.25
2012.04.11 19:23:24.698,0.91411,0.91443,2.63,2.25
2012.04.11 19:23:24.878,0.91407,0.91452,1.73,1.13
2012.04.11 19:23:25.872,0.91409,0.91456,1.35,1.13
2012.04.11 19:23:26.692,0.91409,0.91456,1.35,1.13
2012.04.11 19:23:38.682,0.91409,0.91457,1.35,1.73
2012.04.11 19:23:38.741,0.91406,0.91452,1.35,1.13
2012.04.11 19:23:39.570,0.91411,0.91445,2.63,2.25
2012.04.11 19:23:40.076,0.91409,0.91441,2.25,2.25
2012.04.11 19:23:45.744,0.91407,0.9144,2.25,2.25
2012.04.11 19:23:45.840,0.91402,0.91435,3.23,2.25
2012.04.11 19:23:46.023,0.91402,0.91435,2.25,2.25
2012.04.11 19:23:46.178,0.91397,0.9143,2.85,2.25
2012.04.11 19:23:48.962,0.91402,0.91435,2.25,2.25
2012.04.11 19:23:51.921,0.91402,0.91435,2.85,2.25
2012.04.11 19:23:52.143,0.91406,0.91438,2.25,2.25
2012.04.11 19:23:52.332,0.91404,0.91438,2.25,2.25
2012.04.11 19:23:53.282,0.91406,0.91438,2.25,2.25
2012.04.11 19:23:55.076,0.91406,0.91439,2.25,2.25
2012.04.11 19:23:55.910,0.91411,0.91446,2.63,2.25
2012.04.11 19:23:57.130,0.91413,0.91446,2.25,2.25
2012.04.11 19:23:57.563,0.91413,0.91446,2.25,3.00
2012.04.11 19:23:59.991,0.91413,0.91446,2.63,2.25
2012.04.11 19:24:00.051,0.91416,0.91449,2.25,3.00
2012.04.11 19:24:00.123,0.91414,0.91449,2.63,3.00
2012.04.11 19:24:01.681,0.91414,0.91449,2.25,2.25
2012.04.11 19:24:02.664,0.9141,0.91444,2.63,2.25
2012.04.11 19:24:03.824,0.9141,0.91444,2.25,2.25
2012.04.11 19:24:06.956,0.91414,0.91449,2.25,2.25
2012.04.11 19:24:10.048,0.91412,0.91447,2.25,2.25
2012.04.11 19:24:19.202,0.91412,0.91447,2.63,2.25
2012.04.11 19:24:19.323,0.91416,0.91449,2.25,2.25
2012.04.11 19:24:25.302,0.91417,0.91452,2.25,2.25
2012.04.11 19:24:26.033,0.91419,0.91454,2.25,3.00
2012.04.11 19:24:26.600,0.91418,0.91453,2.25,2.25
2012.04.11 19:24:28.581,0.91419,0.91454,2.25,3.00
2012.04.11 19:24:29.884,0.91419,0.91454,2.25,2.25
2012.04.11 19:24:31.540,0.91419,0.91454,2.25,3.00
2012.04.11 19:24:32.372,0.91414,0.91447,2.63,2.25
2012.04.11 19:24:35.913,0.91415,0.91448,2.25,2.25
2012.04.11 19:24:36.594,0.91414,0.91447,2.25,2.25
2012.04.11 19:24:37.313,0.91415,0.91448,2.25,2.25
2012.04.11 19:24:43.523,0.91414,0.91447,2.25,2.25
2012.04.11 19:24:45.511,0.91414,0.91449,2.25,2.25
2012.04.11 19:24:52.143,0.91415,0.91447,2.25,2.25
2012.04.11 19:24:52.372,0.91419,0.91452,2.25,2.25
2012.04.11 19:24:53.784,0.91415,0.91447,2.63,2.25
2012.04.11 19:24:54.032,0.91419,0.91452,3.23,2.25
2012.04.11 19:24:56.976,0.91419,0.91454,3.23,2.25
2012.04.11 19:24:57.083,0.91419,0.91452,3.23,2.25
2012.04.11 19:24:57.413,0.91419,0.91454,3.23,2.25
2012.04.11 19:24:57.523,0.91419,0.91452,3.23,2.25
2012.04.11 19:24:58.481,0.91419,0.91452,2.63,2.25
2012.04.11 19:25:10.286,0.91419,0.91452,2.63,2.25
2012.04.11 19:25:11.083,0.9142,0.91453,2.63,2.25
2012.04.11 19:25:11.814,0.91419,0.91452,2.63,2.25
2012.04.11 19:25:11.923,0.91419,0.91454,2.63,2.25
2012.04.11 19:25:13.701,0.91419,0.91454,2.25,3.00
2012.04.11 19:25:13.822,0.91415,0.91449,2.63,2.25
2012.04.11 19:25:15.442,0.91415,0.91447,2.63,2.25
2012.04.11 19:25:16.693,0.91416,0.91448,2.25,2.25
2012.04.11 19:25:19.657,0.91415,0.91448,2.25,2.25
2012.04.11 19:25:20.011,0.91417,0.9145,2.25,2.25
2012.04.11 19:25:26.143,0.91421,0.91454,2.25,2.63
2012.04.11 19:25:26.537,0.91418,0.91451,2.25,2.25
2012.04.11 19:25:26.731,0.91415,0.9145,2.85,2.25
2012.04.11 19:25:27.598,0.91415,0.91448,2.25,2.25
2012.04.11 19:25:27.926,0.91419,0.91453,2.25,2.63
2012.04.11 19:25:36.516,0.91423,0.91458,2.25,3.38
2012.04.11 19:25:38.213,0.91423,0.91458,2.25,2.25
2012.04.11 19:25:49.696,0.9142,0.91453,2.63,2.25
2012.04.11 19:25:50.291,0.91419,0.91452,2.25,2.25
2012.04.11 19:25:52.968,0.91414,0.91449,3.23,2.25
2012.04.11 19:25:54.097,0.91414,0.91449,2.85,2.25
2012.04.11 19:25:56.833,0.91414,0.91449,2.63,2.25
2012.04.11 19:25:56.895,0.91418,0.91453,2.25,2.25
2012.04.11 19:26:03.509,0.91418,0.91453,2.63,3.00
2012.04.11 19:26:03.975,0.91423,0.91457,2.25,2.25
2012.04.11 19:26:04.718,0.91423,0.91457,2.25,2.85
2012.04.11 19:26:05.024,0.91417,0.91449,2.25,2.63
2012.04.11 19:26:05.144,0.91412,0.91444,2.25,2.85
2012.04.11 19:26:05.267,0.91406,0.91441,2.63,2.25
2012.04.11 19:26:06.678,0.9141,0.91445,2.25,2.25
2012.04.11 19:26:06.747,0.91412,0.91445,2.25,2.25
2012.04.11 19:26:08.425,0.91415,0.91448,2.25,1.35
2012.04.11 19:26:09.036,0.91418,0.91449,2.25,1.13
2012.04.11 19:26:09.767,0.91418,0.91453,2.25,2.25
2012.04.11 19:26:17.745,0.91418,0.91453,2.25,2.63
2012.04.11 19:26:17.867,0.91414,0.91449,2.25,2.25
2012.04.11 19:26:18.567,0.91413,0.91448,2.25,2.25
2012.04.11 19:26:26.055,0.91418,0.91452,2.25,2.63
2012.04.11 19:26:26.482,0.91413,0.91448,2.63,2.25
2012.04.11 19:26:26.789,0.91412,0.91446,2.63,2.25
2012.04.11 19:26:27.475,0.91417,0.91449,2.25,2.25
2012.04.11 19:26:33.835,0.9142,0.91452,2.25,2.25
2012.04.11 19:26:59.130,0.91428,0.91462,2.25,3.00
2012.04.11 19:27:00.616,0.91428,0.91462,2.25,2.25
2012.04.11 19:27:02.655,0.91428,0.91462,2.25,3.00
2012.04.11 19:27:03.111,0.91419,0.91453,2.25,2.25
2012.04.11 19:27:05.219,0.91419,0.91453,2.63,2.25
2012.04.11 19:27:05.507,0.91423,0.91457,2.25,2.85
2012.04.11 19:27:06.219,0.9142,0.91452,2.63,2.25
2012.04.11 19:27:45.554,0.91423,0.91457,2.25,3.98
2012.04.11 19:27:45.696,0.91423,0.91457,2.25,2.85
2012.04.11 19:27:46.060,0.9142,0.91452,2.25,2.25
2012.04.11 19:27:48.436,0.91416,0.91448,2.25,2.25
2012.04.11 19:27:48.541,0.91414,0.91448,2.25,2.25
2012.04.11 19:27:50.626,0.91419,0.91451,2.25,2.25
2012.04.11 19:27:54.906,0.91415,0.91447,2.25,2.25
2012.04.11 19:27:56.681,0.91413,0.91445,2.63,2.25
2012.04.11 19:27:57.168,0.91413,0.91445,3.23,2.25
2012.04.11 19:27:57.244,0.91417,0.91451,2.85,2.25
2012.04.11 19:27:57.305,0.91417,0.91449,2.85,2.25
2012.04.11 19:27:58.104,0.91416,0.91448,2.85,2.25
2012.04.11 19:27:59.706,0.91412,0.91446,4.73,2.25
2012.04.11 19:28:00.156,0.91412,0.91444,4.73,2.25
2012.04.11 19:28:00.228,0.91412,0.91444,2.63,2.25
2012.04.11 19:28:00.450,0.91411,0.91445,4.73,2.25
2012.04.11 19:28:00.533,0.91419,0.91453,2.25,3.38
2012.04.11 19:28:00.653,0.91416,0.9145,2.85,2.25
2012.04.11 19:28:02.660,0.91415,0.91449,2.85,2.25
2012.04.11 19:28:04.104,0.91415,0.91449,2.25,2.25
2012.04.11 19:28:05.583,0.91417,0.91451,2.25,2.25
2012.04.11 19:28:06.357,0.91413,0.91447,2.63,2.25
2012.04.11 19:28:07.084,0.91413,0.91447,2.25,2.25
2012.04.11 19:28:07.392,0.91412,0.91444,1.35,2.25
2012.04.11 19:28:07.880,0.91412,0.91447,3.60,2.25
2012.04.11 19:28:09.766,0.91412,0.91447,3.23,2.25
2012.04.11 19:28:10.422,0.91413,0.91448,2.25,2.25
2012.04.11 19:28:11.086,0.91414,0.91449,2.25,2.25
2012.04.11 19:28:11.413,0.91417,0.91452,2.25,2.63
2012.04.11 19:28:11.990,0.9142,0.91452,2.25,2.25
2012.04.11 19:28:12.186,0.91423,0.91457,2.25,2.25
2012.04.11 19:28:14.537,0.91419,0.91453,2.85,2.25
2012.04.11 19:28:14.851,0.91418,0.9145,2.85,2.25
2012.04.11 19:28:16.271,0.91422,0.91456,2.25,2.25
2012.04.11 19:28:35.232,0.91423,0.91457,2.25,2.25
2012.04.11 19:28:42.616,0.91427,0.91459,2.25,2.25
2012.04.11 19:28:42.675,0.91428,0.91462,2.25,2.25
2012.04.11 19:28:53.323,0.91433,0.91467,2.25,2.63
2012.04.11 19:29:12.116,0.91438,0.91472,2.25,3.23
2012.04.11 19:29:12.592,0.91434,0.91466,2.25,2.25
2012.04.11 19:29:16.306,0.9143,0.91464,2.25,2.25
2012.04.11 19:29:17.237,0.9143,0.91464,2.25,3.23
2012.04.11 19:29:17.406,0.91425,0.91459,2.25,2.25
2012.04.11 19:29:19.284,0.91429,0.91461,2.25,2.25
2012.04.11 19:29:23.567,0.91433,0.91467,2.25,2.63
2012.04.11 19:29:30.376,0.91433,0.91467,2.25,2.25
2012.04.11 19:29:31.875,0.91438,0.9147,2.25,2.25
2012.04.11 19:29:33.547,0.91433,0.91467,2.63,2.25
2012.04.11 19:29:33.746,0.91428,0.91462,3.00,2.25
2012.04.11 19:29:35.826,0.91428,0.91462,2.85,2.25
2012.04.11 19:29:44.985,0.91428,0.91462,2.25,2.25
2012.04.11 19:29:45.105,0.91423,0.91458,2.25,2.25
2012.04.11 19:29:45.597,0.91434,0.91464,2.25,1.13
2012.04.11 19:29:51.814,0.91434,0.91466,2.25,2.25
2012.04.11 19:29:51.881,0.9143,0.91464,2.25,2.25
2012.04.11 19:29:53.440,0.91429,0.91463,2.25,2.25
2012.04.11 19:29:56.353,0.91425,0.91459,2.63,2.25
2012.04.11 19:29:57.909,0.91425,0.91459,2.25,2.25
2012.04.11 19:29:59.466,0.91426,0.9146,2.25,2.25
2012.04.11 19:30:00.913,0.91427,0.91459,2.25,2.25
2012.04.11 19:30:04.228,0.91429,0.91463,2.25,2.85
2012.04.11 19:30:05.617,0.91434,0.91466,2.25,2.25
2012.04.11 19:30:12.087,0.91431,0.91463,2.25,2.25
2012.04.11 19:30:12.645,0.91429,0.91463,2.63,2.85
2012.04.11 19:30:16.650,0.91429,0.91463,2.25,4.35
2012.04.11 19:30:16.718,0.91424,0.91456,2.63,2.85
2012.04.11 19:30:17.476,0.9142,0.91452,3.00,2.25
2012.04.11 19:30:17.816,0.9142,0.91452,2.25,2.25
2012.04.11 19:30:20.395,0.91419,0.91451,2.25,2.25
2012.04.11 19:30:20.842,0.91424,0.91456,2.25,2.85
2012.04.11 19:30:29.615,0.91428,0.91461,2.25,2.25
2012.04.11 19:30:29.817,0.91424,0.91456,2.25,2.25
2012.04.11 19:30:30.094,0.91427,0.91462,2.25,2.25
2012.04.11 19:30:30.485,0.91423,0.91457,2.63,2.25
2012.04.11 19:30:38.196,0.91423,0.91457,2.25,3.23
2012.04.11 19:30:38.397,0.91418,0.91452,2.25,2.25
2012.04.11 19:30:38.544,0.91423,0.91457,2.25,3.23
2012.04.11 19:30:38.864,0.91418,0.91452,2.25,2.25
2012.04.11 19:30:47.055,0.91418,0.91452,2.63,2.25
2012.04.11 19:30:47.420,0.91422,0.91456,2.25,2.25
2012.04.11 19:30:47.497,0.91422,0.91456,2.25,2.85
2012.04.11 19:30:47.766,0.91419,0.91453,2.63,2.25
2012.04.11 19:30:48.407,0.91423,0.91457,2.25,2.25
2012.04.11 19:30:54.680,0.91424,0.91458,2.25,2.25
2012.04.11 19:30:55.160,0.91427,0.91459,2.25,2.25
2012.04.11 19:30:56.127,0.91431,0.91463,2.25,3.38
2012.04.11 19:30:56.669,0.91432,0.91464,2.25,2.63
2012.04.11 19:30:56.794,0.91428,0.9146,2.25,2.25
2012.04.11 19:30:57.025,0.91431,0.91465,2.25,3.23
2012.04.11 19:30:57.252,0.91431,0.91465,2.25,2.25
2012.04.11 19:30:57.703,0.91434,0.91466,2.25,2.25
2012.04.11 19:30:59.535,0.91431,0.91465,2.25,2.25
2012.04.11 19:31:00.239,0.9143,0.91464,2.25,2.25
2012.04.11 19:31:04.575,0.91436,0.91468,2.25,3.23
2012.04.11 19:31:06.199,0.91434,0.91468,2.25,3.23
2012.04.11 19:31:06.666,0.9143,0.91464,2.25,2.25
2012.04.11 19:31:07.079,0.91432,0.91466,2.25,2.25
2012.04.11 19:31:07.381,0.91434,0.91466,2.25,2.25
2012.04.11 19:31:07.868,0.91436,0.91468,2.25,2.85
2012.04.11 19:31:08.689,0.91436,0.91468,2.25,2.25
2012.04.11 19:31:08.885,0.91434,0.91468,2.25,2.25
2012.04.11 19:31:09.072,0.91433,0.91465,2.25,2.25
2012.04.11 19:31:09.474,0.91427,0.91461,3.23,2.25
2012.04.11 19:31:09.835,0.91427,0.91461,2.25,2.25
2012.04.11 19:31:11.391,0.91425,0.91459,2.25,2.25
2012.04.11 19:31:27.228,0.91426,0.9146,2.25,2.25
2012.04.11 19:31:29.942,0.91424,0.91456,2.25,2.25
2012.04.11 19:31:31.716,0.91424,0.91456,2.25,3.00
2012.04.11 19:31:31.848,0.91424,0.91456,2.25,2.25
2012.04.11 19:31:31.978,0.91429,0.91463,2.25,3.23
2012.04.11 19:31:32.047,0.91424,0.91458,2.25,3.60
2012.04.11 19:31:32.906,0.91423,0.91455,2.25,2.25
2012.04.11 19:31:33.672,0.91426,0.9146,2.25,3.23
2012.04.11 19:31:34.381,0.91426,0.9146,2.25,2.85
2012.04.11 19:31:35.128,0.91426,0.91458,2.25,2.25
2012.04.11 19:31:46.379,0.91427,0.91459,2.25,2.25
2012.04.11 19:31:47.396,0.91429,0.91461,2.25,2.25
2012.04.11 19:31:48.945,0.9143,0.91462,2.25,2.25
2012.04.11 19:31:50.072,0.91427,0.91461,2.25,2.25
2012.04.11 19:31:54.190,0.91426,0.9146,2.63,2.25
2012.04.11 19:31:54.756,0.91431,0.91465,2.25,2.25
2012.04.11 19:31:58.261,0.91433,0.91465,2.25,2.25
2012.04.11 19:32:13.658,0.91434,0.91466,2.25,2.25
2012.04.11 19:32:14.099,0.91429,0.91461,2.25,2.25
2012.04.11 19:32:23.634,0.91421,0.91453,3.23,2.25
2012.04.11 19:32:30.503,0.91421,0.91453,2.85,2.25
2012.04.11 19:32:39.159,0.91425,0.91459,2.25,2.85
2012.04.11 19:32:39.287,0.91423,0.91457,2.25,2.25
2012.04.11 19:32:41.820,0.91424,0.91458,2.25,2.25
2012.04.11 19:32:43.270,0.91426,0.91458,2.25,2.25
2012.04.11 19:32:44.584,0.91421,0.91453,2.25,2.25
2012.04.11 19:32:50.095,0.91416,0.9145,2.63,2.25
2012.04.11 19:32:51.149,0.9142,0.91452,2.25,2.25
2012.04.11 19:32:51.739,0.91416,0.9145,2.63,2.25
2012.04.11 19:32:53.678,0.9142,0.91454,2.25,2.25
2012.04.11 19:32:54.073,0.91426,0.91458,2.25,2.25
2012.04.11 19:33:05.931,0.91425,0.91457,2.25,2.25
2012.04.11 19:33:06.674,0.91426,0.91458,2.25,2.25
2012.04.11 19:33:11.796,0.91429,0.91464,2.25,3.23
2012.04.11 19:33:12.061,0.91427,0.91462,2.25,2.25
2012.04.11 19:33:12.652,0.91425,0.9146,2.25,2.25
2012.04.11 19:33:13.477,0.91426,0.91461,2.25,2.25
2012.04.11 19:33:25.611,0.91426,0.91459,2.25,2.25
2012.04.11 19:33:26.317,0.91424,0.91457,2.63,2.25
2012.04.11 19:33:27.074,0.91424,0.91457,2.25,2.25
2012.04.11 19:33:28.464,0.91421,0.91454,2.63,2.25
2012.04.11 19:33:28.534,0.91423,0.91456,2.63,2.25
2012.04.11 19:33:34.089,0.91425,0.91458,2.25,2.25
2012.04.11 19:33:34.836,0.91423,0.91456,2.25,2.25
2012.04.11 19:33:36.894,0.91423,0.91456,2.25,3.60
2012.04.11 19:33:37.749,0.9142,0.91453,2.25,2.25
2012.04.11 19:33:40.447,0.9142,0.91455,2.25,2.25
2012.04.11 19:33:41.218,0.91425,0.91458,2.25,3.23
2012.04.11 19:33:41.297,0.9142,0.91454,2.25,2.25
2012.04.11 19:33:41.837,0.9142,0.91452,2.25,2.25
2012.04.11 19:33:46.255,0.91422,0.91456,2.25,2.25
2012.04.11 19:33:46.558,0.91425,0.91457,2.25,2.25
2012.04.11 19:33:47.337,0.91419,0.91453,2.63,2.25
2012.04.11 19:33:47.843,0.91422,0.91455,2.25,2.25
2012.04.11 19:33:48.114,0.91426,0.91458,2.25,2.25
2012.04.11 19:33:48.555,0.91429,0.91463,2.25,2.85
2012.04.11 19:33:49.068,0.91425,0.91458,2.63,3.00
2012.04.11 19:33:49.150,0.9142,0.91454,3.00,2.25
2012.04.11 19:33:50.634,0.9142,0.91454,2.25,2.25
2012.04.11 19:34:07.807,0.91423,0.91455,2.25,2.25
2012.04.11 19:34:08.025,0.91423,0.91457,2.25,2.25
2012.04.11 19:34:15.538,0.91424,0.91458,2.25,2.25
2012.04.11 19:34:16.414,0.91425,0.91459,2.25,2.25
2012.04.11 19:34:28.793,0.91423,0.91457,2.25,2.25
2012.04.11 19:34:29.892,0.91422,0.91456,2.25,2.25
2012.04.11 19:34:31.826,0.91424,0.91458,2.25,2.25
2012.04.11 19:34:33.099,0.9142,0.91452,2.63,2.25
2012.04.11 19:34:33.403,0.91415,0.91449,3.00,2.25
2012.04.11 19:34:34.228,0.91415,0.91449,2.25,2.25
2012.04.11 19:34:38.053,0.91415,0.91447,2.25,2.25
2012.04.11 19:34:38.370,0.91423,0.91457,2.25,2.25
2012.04.11 19:34:39.592,0.91422,0.91456,2.25,2.25
2012.04.11 19:34:40.201,0.91423,0.91457,2.25,2.25
2012.04.11 19:34:45.854,0.91422,0.91456,2.25,2.25
2012.04.11 19:34:47.380,0.91424,0.91456,2.25,2.25
2012.04.11 19:34:51.167,0.91424,0.91458,2.25,2.25
2012.04.11 19:34:58.367,0.91426,0.91458,2.25,2.25
2012.04.11 19:34:58.651,0.91416,0.9145,3.00,2.25
2012.04.11 19:35:00.168,0.91416,0.9145,2.25,2.25
2012.04.11 19:35:01.423,0.91415,0.91449,2.25,2.25
2012.04.11 19:35:02.461,0.91414,0.91448,2.25,2.25
2012.04.11 19:35:03.693,0.91416,0.91448,2.25,2.25
2012.04.11 19:35:05.916,0.91421,0.91453,2.25,2.63
2012.04.11 19:35:05.977,0.91416,0.9145,2.25,2.25
2012.04.11 19:35:07.353,0.91414,0.91448,2.25,2.25
2012.04.11 19:35:17.978,0.91414,0.91448,2.63,3.00
2012.04.11 19:35:18.527,0.91415,0.91447,2.63,2.25
2012.04.11 19:35:18.766,0.91405,0.9144,2.25,2.25
2012.04.11 19:35:19.227,0.91407,0.9144,2.25,2.25
2012.04.11 19:35:21.389,0.91406,0.91439,2.25,2.25
2012.04.11 19:35:21.935,0.91405,0.91439,2.25,2.25
2012.04.11 19:35:24.712,0.91407,0.9144,2.25,2.25
2012.04.11 19:35:24.846,0.91409,0.91444,2.25,2.63
2012.04.11 19:35:26.802,0.91412,0.91447,2.63,2.25
2012.04.11 19:35:27.949,0.91411,0.91446,2.63,2.25
2012.04.11 19:35:28.514,0.91412,0.91445,2.25,2.25
2012.04.11 19:35:30.638,0.91411,0.91444,2.25,2.25
2012.04.11 19:35:44.476,0.9141,0.91443,2.25,2.25
2012.04.11 19:35:45.416,0.9141,0.91443,3.00,2.25
2012.04.11 19:35:45.994,0.9141,0.91443,2.25,2.25
2012.04.11 19:35:46.069,0.91413,0.91447,2.25,2.25
2012.04.11 19:35:46.847,0.91415,0.91447,2.25,2.25
2012.04.11 19:35:47.158,0.9141,0.91442,2.63,2.25
2012.04.11 19:35:47.797,0.91406,0.91438,2.25,2.25
2012.04.11 19:35:49.329,0.91404,0.91438,2.25,2.25
2012.04.11 19:35:54.612,0.91405,0.9144,2.25,2.25
2012.04.11 19:35:54.677,0.9141,0.91443,2.25,1.13
2012.04.11 19:35:55.679,0.9141,0.91445,2.25,2.25
2012.04.11 19:35:55.745,0.9141,0.91445,2.25,3.00
2012.04.11 19:35:56.668,0.9141,0.91445,2.25,2.25
2012.04.11 19:35:57.218,0.9141,0.91445,2.25,3.00
2012.04.11 19:35:57.716,0.91406,0.91441,2.63,2.25
2012.04.11 19:35:58.357,0.91406,0.91439,2.25,2.25
2012.04.11 19:36:04.113,0.91405,0.91439,2.25,2.25
2012.04.11 19:36:07.169,0.91406,0.91439,2.25,2.25
2012.04.11 19:36:07.932,0.91406,0.91438,2.25,2.25
2012.04.11 19:36:08.720,0.91405,0.9144,2.25,2.25
2012.04.11 19:36:10.405,0.91405,0.91439,2.25,2.25
2012.04.11 19:36:11.519,0.91405,0.91437,2.25,2.25
2012.04.11 19:36:11.963,0.91407,0.91441,2.25,2.25
2012.04.11 19:36:12.635,0.91413,0.91447,2.25,2.63
2012.04.11 19:36:14.687,0.91413,0.91445,2.25,2.25
2012.04.11 19:36:15.386,0.91414,0.91446,2.25,2.25
2012.04.11 19:36:19.552,0.91414,0.91448,2.25,3.00
2012.04.11 19:36:22.390,0.91413,0.91447,2.25,2.25
2012.04.11 19:36:26.856,0.91409,0.91443,2.25,2.25
2012.04.11 19:36:28.848,0.91414,0.91446,2.25,2.25
2012.04.11 19:36:29.487,0.91414,0.9144,2.25,1.13
2012.04.11 19:36:29.932,0.914,0.91432,2.25,2.25
2012.04.11 19:36:30.461,0.91399,0.91433,2.63,2.25
2012.04.11 19:36:30.524,0.91399,0.91433,2.63,2.25
2012.04.11 19:36:30.646,0.91404,0.91438,2.25,3.00
2012.04.11 19:36:30.765,0.91399,0.91433,2.63,2.25
2012.04.11 19:36:31.116,0.91405,0.91437,2.25,2.25
2012.04.11 19:36:31.466,0.91399,0.91433,2.63,2.25
2012.04.11 19:36:32.289,0.91404,0.91438,2.25,3.00
2012.04.11 19:36:34.287,0.91405,0.91437,2.25,2.25
2012.04.11 19:36:34.489,0.91399,0.91433,2.25,2.25
2012.04.11 19:36:36.027,0.91405,0.91437,2.25,2.25
2012.04.11 19:36:39.355,0.91399,0.91433,2.25,2.25
2012.04.11 19:36:55.817,0.91395,0.91429,3.23,2.25
2012.04.11 19:36:56.041,0.914,0.91432,2.25,2.25
2012.04.11 19:37:00.398,0.914,0.91432,2.63,2.25
2012.04.11 19:37:00.596,0.91404,0.91438,2.25,2.25
2012.04.11 19:37:00.794,0.91399,0.91433,2.63,2.25
2012.04.11 19:37:09.634,0.91398,0.9143,2.63,2.25
2012.04.11 19:37:11.087,0.91398,0.9143,2.25,2.25
2012.04.11 19:37:11.798,0.91402,0.91436,2.25,2.25
2012.04.11 19:37:13.826,0.91402,0.91436,2.63,2.25
2012.04.11 19:37:14.359,0.91409,0.91442,2.25,3.00
2012.04.11 19:37:15.179,0.91406,0.91438,2.25,3.00
2012.04.11 19:37:15.245,0.91406,0.91438,2.25,3.00
2012.04.11 19:37:15.431,0.91404,0.91438,2.25,3.00
2012.04.11 19:37:16.403,0.91401,0.91433,2.63,3.00
2012.04.11 19:37:18.490,0.91401,0.91433,2.25,2.25
2012.04.11 19:37:19.957,0.914,0.91432,2.25,2.25
2012.04.11 19:37:20.273,0.91398,0.91432,2.63,2.25
2012.04.11 19:37:20.337,0.91398,0.91432,2.63,3.00
2012.04.11 19:37:20.513,0.91398,0.91432,2.63,2.25
2012.04.11 19:37:20.709,0.91401,0.91433,2.25,3.00
2012.04.11 19:37:21.784,0.914,0.91432,2.25,2.25
2012.04.11 19:37:22.799,0.91399,0.91433,2.25,3.00
2012.04.11 19:37:23.442,0.91401,0.91433,2.25,3.00
2012.04.11 19:37:23.663,0.91399,0.91433,2.25,3.00
2012.04.11 19:37:24.434,0.914,0.91432,2.25,2.25
2012.04.11 19:37:24.956,0.91399,0.91433,2.25,3.00
2012.04.11 19:37:25.526,0.914,0.91434,2.25,3.00
2012.04.11 19:37:28.721,0.91399,0.91433,2.25,2.25
2012.04.11 19:37:33.922,0.91399,0.91433,2.63,2.25
2012.04.11 19:37:34.317,0.91405,0.91439,2.25,3.00
2012.04.11 19:37:34.376,0.91405,0.91439,2.25,3.00
2012.04.11 19:37:34.869,0.91405,0.91439,2.25,3.00
2012.04.11 19:37:34.942,0.91402,0.91437,2.63,2.25
2012.04.11 19:37:35.140,0.91398,0.91432,2.63,2.25
2012.04.11 19:37:35.323,0.91402,0.91434,2.25,2.25
2012.04.11 19:37:35.434,0.91406,0.91438,2.25,2.25
2012.04.11 19:37:36.617,0.91401,0.91433,2.63,2.25
2012.04.11 19:37:37.276,0.91401,0.91433,2.25,2.25
2012.04.11 19:37:37.829,0.91405,0.91439,2.25,3.00
2012.04.11 19:37:38.899,0.914,0.91434,2.63,2.25
2012.04.11 19:37:39.545,0.91399,0.91433,2.25,2.25
2012.04.11 19:37:39.836,0.91404,0.91437,2.25,2.25
2012.04.11 19:37:41.338,0.91408,0.91441,2.25,1.13
2012.04.11 19:37:41.829,0.914,0.91432,2.63,2.25
2012.04.11 19:37:47.753,0.914,0.91432,2.25,2.25
2012.04.11 19:37:48.276,0.91399,0.91431,2.25,2.25
2012.04.11 19:37:49.987,0.91397,0.91431,2.25,2.25
2012.04.11 19:37:51.515,0.91393,0.91426,2.85,2.25
2012.04.11 19:37:52.498,0.91389,0.91421,2.25,2.25
2012.04.11 19:37:53.016,0.9139,0.91422,3.00,2.25
2012.04.11 19:37:53.128,0.91391,0.91425,3.00,2.25
2012.04.11 19:37:55.019,0.91394,0.91426,2.25,2.63
2012.04.11 19:37:56.068,0.91393,0.91425,2.25,2.25
2012.04.11 19:37:56.857,0.91392,0.91426,2.25,2.25
2012.04.11 19:37:57.460,0.91393,0.91427,2.25,2.25
2012.04.11 19:38:02.315,0.91393,0.91427,2.25,2.85
2012.04.11 19:38:02.501,0.91389,0.91423,2.25,2.25
2012.04.11 19:38:02.940,0.91389,0.91421,2.25,2.25
2012.04.11 19:38:04.055,0.9139,0.91422,2.25,2.25
2012.04.11 19:38:04.615,0.91392,0.91426,2.25,2.63
2012.04.11 19:38:20.981,0.91392,0.91426,2.25,2.85
2012.04.11 19:38:21.210,0.91386,0.91418,2.25,2.25
2012.04.11 19:38:21.340,0.9139,0.91422,2.25,3.23
2012.04.11 19:38:22.236,0.9139,0.91422,2.25,2.25
2012.04.11 19:38:24.338,0.91395,0.91427,2.25,2.63
2012.04.11 19:38:24.810,0.91395,0.91427,2.25,2.25
2012.04.11 19:38:25.708,0.9139,0.91422,2.25,2.25
2012.04.11 19:38:26.056,0.91395,0.91427,2.25,2.63
2012.04.11 19:38:26.286,0.9139,0.91422,2.25,2.25
2012.04.11 19:38:26.508,0.91395,0.91427,2.25,2.63
2012.04.11 19:38:26.727,0.9139,0.91422,2.25,2.25
2012.04.11 19:38:27.087,0.91394,0.91428,2.25,3.00
2012.04.11 19:38:43.753,0.91393,0.91427,2.25,2.25
2012.04.11 19:38:48.171,0.91393,0.91427,2.25,2.85
2012.04.11 19:38:48.238,0.91391,0.91425,2.25,2.85
2012.04.11 19:38:48.518,0.91386,0.9142,2.25,2.25
2012.04.11 19:38:48.614,0.91389,0.91423,2.25,2.25
2012.04.11 19:38:55.198,0.91389,0.91421,2.25,2.25
2012.04.11 19:39:07.397,0.91387,0.91422,2.25,2.25
2012.04.11 19:39:12.848,0.91389,0.91421,2.25,2.25
2012.04.11 19:39:17.544,0.91389,0.91423,2.25,2.25
2012.04.11 19:39:18.318,0.91388,0.91422,2.25,2.25
2012.04.11 19:39:31.806,0.91387,0.91422,2.25,2.25
2012.04.11 19:39:37.220,0.91384,0.91417,2.25,2.25
2012.04.11 19:39:37.462,0.91385,0.9142,2.25,2.25
2012.04.11 19:39:39.092,0.91388,0.91421,2.25,2.25
2012.04.11 19:39:41.371,0.91388,0.91421,2.25,3.00
2012.04.11 19:39:41.435,0.91383,0.91418,2.25,3.00
2012.04.11 19:39:41.865,0.91388,0.91421,2.25,2.25
2012.04.11 19:39:44.947,0.91389,0.91423,2.25,3.00
2012.04.11 19:39:45.523,0.91389,0.91423,2.25,3.38
2012.04.11 19:39:45.585,0.91386,0.91418,2.25,2.25
2012.04.11 19:39:46.026,0.91384,0.91418,2.25,2.25
2012.04.11 19:39:46.538,0.9138,0.91414,2.25,2.25
2012.04.11 19:39:47.223,0.91378,0.9141,2.25,2.25
2012.04.11 19:39:48.663,0.91381,0.91413,2.25,2.25
2012.04.11 19:39:48.786,0.91381,0.91415,2.25,2.25
2012.04.11 19:39:49.613,0.91383,0.91415,2.25,2.25
2012.04.11 19:39:49.802,0.91381,0.91415,2.25,2.25
2012.04.11 19:39:49.932,0.91384,0.91416,2.25,2.25
2012.04.11 19:39:50.267,0.91382,0.91414,2.25,2.25
2012.04.11 19:39:50.388,0.91384,0.91418,2.25,2.63
2012.04.11 19:39:50.599,0.91382,0.91416,2.25,2.25
2012.04.11 19:39:51.908,0.91382,0.91416,2.25,3.00
2012.04.11 19:39:56.046,0.91381,0.91415,2.25,3.00
2012.04.11 19:39:58.282,0.91381,0.91415,2.25,2.25
2012.04.11 19:39:59.011,0.91381,0.91415,2.25,3.00
2012.04.11 19:39:59.658,0.91381,0.91415,2.25,2.25
2012.04.11 19:40:00.428,0.91381,0.91415,2.25,3.00
2012.04.11 19:40:01.003,0.91381,0.91415,2.25,3.00
2012.04.11 19:40:01.398,0.91378,0.91412,2.63,2.25
2012.04.11 19:40:01.457,0.91378,0.91412,3.00,2.25
2012.04.11 19:40:01.577,0.91387,0.91422,2.25,3.00
2012.04.11 19:40:02.155,0.91384,0.91416,2.63,2.25
2012.04.11 19:40:06.147,0.91384,0.91416,2.25,3.00
2012.04.11 19:40:12.340,0.91388,0.91421,2.25,3.00
2012.04.11 19:40:12.519,0.91388,0.91421,2.25,3.00
2012.04.11 19:40:12.588,0.91384,0.91416,2.25,2.25
2012.04.11 19:40:17.185,0.91384,0.91416,2.63,2.25
2012.04.11 19:40:18.140,0.91393,0.91425,2.25,3.00
2012.04.11 19:40:18.618,0.91388,0.91421,2.25,3.00
2012.04.11 19:40:19.065,0.91383,0.91417,2.63,2.25
2012.04.11 19:40:22.497,0.91383,0.91417,2.25,2.25
2012.04.11 19:40:23.097,0.91382,0.91416,2.25,2.25
2012.04.11 19:40:23.806,0.91387,0.9142,2.25,3.00
2012.04.11 19:40:25.170,0.91387,0.9142,2.25,2.25
2012.04.11 19:40:25.529,0.91385,0.91418,2.25,3.00
2012.04.11 19:40:26.044,0.91382,0.91415,2.63,2.25
2012.04.11 19:40:26.965,0.91382,0.91415,2.25,2.25
2012.04.11 19:40:27.688,0.91382,0.91415,2.25,3.00
2012.04.11 19:40:28.349,0.91382,0.91415,2.25,2.25
2012.04.11 19:40:35.270,0.91381,0.91414,2.25,2.25
2012.04.11 19:40:36.932,0.91382,0.91415,2.25,2.25
2012.04.11 19:40:38.139,0.91381,0.91414,2.25,2.25
2012.04.11 19:40:41.178,0.91379,0.91414,2.63,3.00
2012.04.11 19:40:41.302,0.91376,0.91409,2.63,2.25
2012.04.11 19:40:41.746,0.91384,0.91417,2.25,2.25
2012.04.11 19:40:44.910,0.91381,0.91416,2.25,2.25
2012.04.11 19:40:45.041,0.91376,0.91411,2.63,2.25
2012.04.11 19:40:48.328,0.9138,0.91415,2.25,3.00
2012.04.11 19:40:48.598,0.91381,0.91416,2.25,2.25
2012.04.11 19:40:50.120,0.91381,0.91414,2.25,2.25
2012.04.11 19:40:52.257,0.9138,0.91413,2.25,2.25
2012.04.11 19:40:55.223,0.9138,0.91415,2.25,2.25
2012.04.11 19:41:04.462,0.9138,0.91415,2.25,3.00
2012.04.11 19:41:05.305,0.91372,0.91407,2.25,2.25
2012.04.11 19:41:26.803,0.91372,0.91405,2.25,2.25
2012.04.11 19:41:27.524,0.91372,0.91404,2.25,2.25
2012.04.11 19:41:27.848,0.91375,0.9141,2.25,2.25
2012.04.11 19:41:44.289,0.91375,0.91408,2.25,2.25
2012.04.11 19:41:45.283,0.91376,0.91411,2.25,2.25
2012.04.11 19:41:45.622,0.91378,0.91411,2.25,2.25
2012.04.11 19:41:48.139,0.91379,0.91412,2.25,2.63
2012.04.11 19:41:50.668,0.91377,0.91412,2.25,2.63
2012.04.11 19:41:51.436,0.91377,0.91412,2.25,3.38
2012.04.11 19:41:51.842,0.91374,0.91408,2.25,3.00
2012.04.11 19:41:52.048,0.91376,0.91409,2.25,1.13
2012.04.11 19:41:52.641,0.91372,0.91405,2.25,2.25
2012.04.11 19:41:54.069,0.9137,0.91403,2.25,2.25
2012.04.11 19:41:55.965,0.9137,0.91405,2.25,2.25
2012.04.11 19:41:56.788,0.91371,0.91406,2.25,2.25
2012.04.11 19:41:56.987,0.91373,0.91408,2.25,2.25
2012.04.11 19:42:05.653,0.91375,0.91408,2.25,2.25
2012.04.11 19:42:05.717,0.91375,0.9141,2.25,2.63
2012.04.11 19:42:06.187,0.9138,0.91413,2.25,2.63
2012.04.11 19:42:10.219,0.9138,0.91413,2.25,2.25
2012.04.11 19:42:11.260,0.91379,0.91412,2.25,2.25
2012.04.11 19:42:14.830,0.9138,0.91413,2.25,2.63
2012.04.11 19:42:19.978,0.9138,0.91415,2.25,2.25
2012.04.11 19:42:21.099,0.91379,0.91414,2.25,2.25
2012.04.11 19:42:23.121,0.91379,0.91414,2.25,2.63
2012.04.11 19:42:27.880,0.91378,0.91413,2.25,2.63
2012.04.11 19:42:28.013,0.91378,0.91411,2.25,2.25
2012.04.11 19:42:28.201,0.91376,0.91411,2.25,2.25
2012.04.11 19:42:28.332,0.91376,0.91409,2.25,2.25
2012.04.11 19:42:32.666,0.91373,0.91408,2.25,2.25
2012.04.11 19:42:32.731,0.91373,0.91408,3.00,2.25
2012.04.11 19:42:32.796,0.91373,0.91408,2.25,2.25
2012.04.11 19:42:32.861,0.91378,0.91412,2.25,2.63
2012.04.11 19:42:33.464,0.91383,0.91416,2.25,3.00
2012.04.11 19:42:36.652,0.91383,0.91416,2.25,2.25
2012.04.11 19:42:42.320,0.91379,0.91412,2.25,2.25
2012.04.11 19:42:42.663,0.91374,0.91409,2.63,2.25
2012.04.11 19:42:43.112,0.91374,0.91409,2.25,2.25
2012.04.11 19:42:43.183,0.91378,0.91411,2.25,2.63
2012.04.11 19:42:44.433,0.91378,0.91411,2.25,2.63
2012.04.11 19:42:46.298,0.91375,0.9141,2.25,2.25
2012.04.11 19:42:46.627,0.91377,0.91412,2.25,2.63
2012.04.11 19:42:47.159,0.91376,0.91409,2.25,2.25
2012.04.11 19:42:48.758,0.91377,0.91412,2.25,2.63
2012.04.11 19:42:48.822,0.91377,0.91412,2.25,2.25
2012.04.11 19:42:48.887,0.91379,0.91414,2.25,2.85
2012.04.11 19:42:49.488,0.91378,0.91412,2.25,2.25
2012.04.11 19:42:52.556,0.91377,0.91409,2.25,2.25
2012.04.11 19:42:53.550,0.91377,0.91409,2.25,2.63
2012.04.11 19:42:53.831,0.91372,0.91404,2.25,2.25
2012.04.11 19:42:54.238,0.91375,0.91407,2.25,2.85
2012.04.11 19:42:54.360,0.9137,0.91405,2.25,2.25
2012.04.11 19:42:55.557,0.91372,0.91405,2.25,2.25
2012.04.11 19:42:56.356,0.91373,0.91408,2.25,2.63
2012.04.11 19:43:01.019,0.91373,0.91408,2.25,2.25
2012.04.11 19:43:04.747,0.9137,0.91402,2.25,2.25
2012.04.11 19:43:04.816,0.91374,0.91406,2.25,2.25
2012.04.11 19:43:05.267,0.91372,0.91404,2.25,2.25
2012.04.11 19:43:07.355,0.91366,0.91401,2.63,2.25
2012.04.11 19:43:07.420,0.91366,0.91401,2.25,2.25
2012.04.11 19:43:08.253,0.91366,0.91401,3.00,2.25
2012.04.11 19:43:08.336,0.91368,0.91403,2.25,2.25
2012.04.11 19:43:08.444,0.9137,0.91403,2.25,2.25
2012.04.11 19:43:08.553,0.9137,0.91405,2.25,2.63
2012.04.11 19:43:08.879,0.91368,0.91401,2.25,2.25
2012.04.11 19:43:10.329,0.91364,0.91399,3.38,2.25
2012.04.11 19:43:11.442,0.91364,0.91399,2.63,2.25
2012.04.11 19:43:11.710,0.91364,0.91399,3.38,2.25
2012.04.11 19:43:15.230,0.91366,0.91399,2.25,2.25
2012.04.11 19:43:18.418,0.91366,0.91399,3.00,2.25
2012.04.11 19:43:19.578,0.91366,0.91399,3.00,2.25
2012.04.11 19:43:19.887,0.91364,0.91397,2.63,2.25
2012.04.11 19:43:20.204,0.91364,0.91397,3.38,2.25
2012.04.11 19:43:20.451,0.91372,0.91407,2.25,2.63
2012.04.11 19:43:20.551,0.9137,0.91404,2.25,2.63
2012.04.11 19:43:23.450,0.91368,0.91402,2.25,2.25
2012.04.11 19:43:23.904,0.91366,0.91398,2.25,2.25
2012.04.11 19:43:23.973,0.91366,0.914,2.25,2.25
2012.04.11 19:43:25.283,0.91366,0.914,3.00,2.25
2012.04.11 19:43:25.422,0.91371,0.91405,2.25,2.25
2012.04.11 19:43:26.408,0.91372,0.91407,2.25,2.63
2012.04.11 19:43:26.936,0.91372,0.91405,2.25,2.25
2012.04.11 19:43:27.878,0.9137,0.91404,2.25,2.25
2012.04.11 19:43:28.001,0.91367,0.91399,2.25,2.25
2012.04.11 19:43:30.516,0.91369,0.91401,2.25,2.25
2012.04.11 19:43:39.277,0.91367,0.91399,2.25,2.25
2012.04.11 19:43:47.161,0.9137,0.91402,2.25,2.25
2012.04.11 19:43:47.324,0.9137,0.91404,2.25,2.25
2012.04.11 19:43:47.436,0.91372,0.91405,2.25,2.25
2012.04.11 19:43:48.310,0.91362,0.91397,3.98,2.25
2012.04.11 19:43:49.411,0.91362,0.91397,3.98,2.25
2012.04.11 19:43:55.889,0.91363,0.91398,2.85,2.25
2012.04.11 19:44:00.290,0.91361,0.91396,3.38,2.25
2012.04.11 19:44:01.660,0.9136,0.91393,2.63,2.25
2012.04.11 19:44:01.837,0.91363,0.91396,2.25,2.25
2012.04.11 19:44:01.960,0.91366,0.91399,2.25,2.25
2012.04.11 19:44:05.800,0.91367,0.914,2.25,2.25
2012.04.11 19:44:06.597,0.91368,0.91403,2.25,2.25
2012.04.11 19:44:06.717,0.91371,0.91406,2.25,2.25
2012.04.11 19:44:09.222,0.91369,0.91404,2.25,2.25
2012.04.11 19:44:15.623,0.9137,0.91405,2.25,2.25
2012.04.11 19:44:22.211,0.9137,0.91403,2.25,2.25
2012.04.11 19:44:26.497,0.91371,0.91404,2.25,2.25
2012.04.11 19:44:27.266,0.91369,0.91404,2.25,2.25
2012.04.11 19:44:27.797,0.9137,0.91405,2.25,2.25
2012.04.11 19:44:28.257,0.91374,0.91409,2.25,2.63
2012.04.11 19:44:28.644,0.91371,0.91404,2.25,2.25
2012.04.11 19:44:32.695,0.91379,0.91412,2.25,2.63
2012.04.11 19:44:32.978,0.91372,0.91405,2.25,2.25
2012.04.11 19:44:47.169,0.9137,0.91405,2.25,2.25
2012.04.11 19:44:58.389,0.91371,0.91406,2.25,2.25
2012.04.11 19:45:00.847,0.91366,0.914,2.63,2.25
2012.04.11 19:45:01.297,0.91362,0.91396,3.00,2.25
2012.04.11 19:45:01.417,0.91362,0.91396,2.25,2.25
2012.04.11 19:45:02.148,0.91369,0.91401,2.25,2.63
2012.04.11 19:45:02.283,0.91363,0.91397,2.25,2.25
2012.04.11 19:45:02.615,0.91365,0.91399,2.25,2.25
2012.04.11 19:45:07.678,0.91365,0.91399,2.25,3.00
2012.04.11 19:45:16.932,0.91365,0.91399,2.25,2.25
2012.04.11 19:45:17.739,0.91362,0.91396,2.25,2.25
2012.04.11 19:45:29.867,0.91362,0.91396,2.25,2.63
2012.04.11 19:45:30.117,0.91358,0.91392,2.25,2.25
2012.04.11 19:45:40.757,0.91357,0.91391,2.25,2.25
2012.04.11 19:45:43.086,0.91356,0.91388,2.25,2.25
2012.04.11 19:45:46.149,0.91358,0.9139,2.25,2.25
2012.04.11 19:45:47.600,0.91359,0.91391,2.25,2.25
2012.04.11 19:45:47.836,0.91357,0.91391,2.25,2.25
2012.04.11 19:45:57.413,0.91359,0.91391,2.25,2.25
2012.04.11 19:45:57.947,0.91359,0.91393,2.25,2.25
2012.04.11 19:45:58.316,0.91361,0.91395,2.25,2.63
2012.04.11 19:46:00.747,0.91361,0.91395,2.25,2.25
2012.04.11 19:46:01.716,0.91361,0.91393,2.25,2.25
2012.04.11 19:46:10.394,0.9136,0.91392,2.25,2.25
2012.04.11 19:46:23.924,0.91361,0.91395,2.25,3.00
2012.04.11 19:46:24.779,0.91361,0.91395,2.25,2.25
2012.04.11 19:46:25.748,0.91361,0.91395,2.25,3.00
2012.04.11 19:46:27.869,0.91361,0.91395,2.25,3.00
2012.04.11 19:46:29.232,0.91361,0.91395,2.25,2.25
2012.04.11 19:46:29.851,0.91357,0.91389,2.63,2.25
2012.04.11 19:46:32.089,0.91365,0.91399,2.25,2.63
2012.04.11 19:46:32.294,0.91368,0.914,2.25,2.63
2012.04.11 19:46:32.406,0.91365,0.91399,2.25,2.63
2012.04.11 19:46:32.677,0.91363,0.91395,2.25,2.25
2012.04.11 19:46:33.911,0.91362,0.91395,2.25,2.25
2012.04.11 19:46:37.669,0.91365,0.91397,2.25,2.25
2012.04.11 19:46:39.750,0.91368,0.91402,2.25,2.63
2012.04.11 19:46:40.326,0.91365,0.91397,2.25,2.25
2012.04.11 19:46:41.430,0.91369,0.91403,2.25,2.63
2012.04.11 19:46:42.381,0.91368,0.91402,2.25,2.63
2012.04.11 19:46:48.552,0.91371,0.91405,2.25,2.25
2012.04.11 19:46:49.069,0.9137,0.91404,2.25,2.25
2012.04.11 19:46:49.629,0.91369,0.91403,2.25,2.25
2012.04.11 19:46:52.336,0.91365,0.91397,3.38,2.25
2012.04.11 19:46:52.912,0.91364,0.91396,2.63,2.25
2012.04.11 19:46:53.307,0.91364,0.91396,2.25,2.63
2012.04.11 19:46:53.694,0.9136,0.91392,2.25,2.25
2012.04.11 19:46:53.757,0.9136,0.91392,3.00,2.25
2012.04.11 19:46:57.108,0.9136,0.91392,2.25,2.25
2012.04.11 19:46:58.616,0.91355,0.91387,3.00,2.25
2012.04.11 19:46:59.367,0.91352,0.91384,2.63,2.25
2012.04.11 19:46:59.680,0.91351,0.91383,3.00,2.25
2012.04.11 19:47:20.937,0.91347,0.91381,2.25,2.25
2012.04.11 19:47:21.076,0.91357,0.9139,2.25,3.60
2012.04.11 19:47:25.370,0.91357,0.9139,2.25,2.85
2012.04.11 19:47:30.869,0.91357,0.9139,2.25,3.23
2012.04.11 19:47:31.428,0.91343,0.91377,3.38,2.25
2012.04.11 19:47:31.606,0.91348,0.9138,2.25,2.25
2012.04.11 19:47:32.158,0.91351,0.91383,2.25,2.25
2012.04.11 19:47:42.377,0.91356,0.91388,2.25,2.25
2012.04.11 19:47:44.942,0.91356,0.91388,2.25,2.85
2012.04.11 19:47:45.112,0.91346,0.9138,3.00,2.25
2012.04.11 19:47:45.177,0.91346,0.9138,2.25,3.23
2012.04.11 19:47:45.688,0.91337,0.91371,2.63,2.25
2012.04.11 19:47:46.137,0.91333,0.91365,3.23,2.25
2012.04.11 19:47:47.189,0.91333,0.91365,2.85,2.25
2012.04.11 19:47:47.719,0.91333,0.91365,2.25,2.25
2012.04.11 19:47:47.910,0.91333,0.91365,2.25,2.85
2012.04.11 19:47:47.982,0.91318,0.91353,2.25,2.25
2012.04.11 19:47:48.516,0.91318,0.91353,3.60,2.25
2012.04.11 19:47:48.945,0.91318,0.91353,2.25,2.25
2012.04.11 19:47:49.020,0.9131,0.91343,1.35,2.25
2012.04.11 19:47:52.747,0.91309,0.91343,2.25,2.25
2012.04.11 19:47:52.809,0.91309,0.91343,2.25,2.85
2012.04.11 19:47:53.263,0.913,0.91334,3.00,2.25
2012.04.11 19:47:53.332,0.913,0.91334,3.00,2.25
2012.04.11 19:47:54.230,0.913,0.91334,3.00,2.25
2012.04.11 19:47:54.717,0.913,0.91334,3.00,2.25
2012.04.11 19:47:54.889,0.9131,0.91342,2.25,2.85
2012.04.11 19:47:55.017,0.91306,0.91338,3.00,2.25
2012.04.11 19:47:56.110,0.91309,0.91343,2.25,2.25
2012.04.11 19:47:57.067,0.91305,0.91339,3.00,2.25
2012.04.11 19:47:57.638,0.91305,0.91339,2.25,2.25
2012.04.11 19:47:58.662,0.91309,0.91343,2.25,2.63
2012.04.11 19:47:59.418,0.91307,0.91346,3.00,2.25
2012.04.11 19:48:00.202,0.91307,0.91348,3.00,3.23
2012.04.11 19:48:04.227,0.91307,0.91348,3.00,3.23
2012.04.11 19:48:04.588,0.91312,0.91352,3.00,3.60
2012.04.11 19:48:04.977,0.91312,0.91352,3.00,3.23
2012.04.11 19:48:05.937,0.91312,0.91352,2.25,3.23
2012.04.11 19:48:06.900,0.91311,0.91348,1.13,2.25
2012.04.11 19:48:07.029,0.91311,0.91353,3.38,3.23
2012.04.11 19:48:07.797,0.91316,0.91355,2.25,3.23
2012.04.11 19:48:08.448,0.91317,0.91356,2.25,3.60
2012.04.11 19:48:08.836,0.91317,0.91356,2.25,3.23
2012.04.11 19:48:08.902,0.91311,0.91353,3.00,3.23
2012.04.11 19:48:14.782,0.91312,0.91354,3.00,3.23
2012.04.11 19:48:15.904,0.91312,0.91354,3.38,3.23
2012.04.11 19:48:18.751,0.91312,0.91354,3.38,2.85
2012.04.11 19:48:19.459,0.91315,0.91355,3.00,3.23
2012.04.11 19:48:19.907,0.91318,0.91357,2.25,3.23
2012.04.11 19:48:20.116,0.91318,0.91357,2.25,2.85
2012.04.11 19:48:20.658,0.91324,0.91363,2.25,4.73
2012.04.11 19:48:20.774,0.91319,0.91358,2.25,2.85
2012.04.11 19:48:22.082,0.91318,0.91357,2.25,2.85
2012.04.11 19:48:22.721,0.91318,0.91357,2.25,3.23
2012.04.11 19:48:22.788,0.91312,0.91354,3.23,2.63
2012.04.11 19:48:22.996,0.91311,0.91349,1.13,2.25
2012.04.11 19:48:25.082,0.91308,0.91349,2.63,2.63
2012.04.11 19:48:27.914,0.91308,0.91349,2.63,2.25
2012.04.11 19:48:28.758,0.91309,0.91348,2.63,2.25
2012.04.11 19:48:30.432,0.91309,0.91348,2.25,2.63
2012.04.11 19:48:30.486,0.91304,0.91345,1.35,2.63
2012.04.11 19:48:30.561,0.91303,0.91345,2.25,2.63
2012.04.11 19:48:30.634,0.913,0.9134,2.63,2.25
2012.04.11 19:48:31.387,0.913,0.9134,2.25,2.63
2012.04.11 19:48:31.907,0.913,0.91342,3.00,2.63
2012.04.11 19:48:32.629,0.913,0.91342,3.38,2.63
2012.04.11 19:48:35.078,0.913,0.91342,2.63,2.63
2012.04.11 19:48:36.948,0.913,0.91342,3.38,2.63
2012.04.11 19:48:38.140,0.913,0.91342,2.63,2.25
2012.04.11 19:48:38.436,0.91305,0.91346,2.25,2.85
2012.04.11 19:48:38.497,0.913,0.91342,2.63,2.25
2012.04.11 19:48:39.688,0.913,0.91342,3.38,2.63
2012.04.11 19:48:40.659,0.913,0.91342,3.00,3.00
2012.04.11 19:48:42.211,0.913,0.91342,3.00,2.63
2012.04.11 19:48:43.223,0.91302,0.91342,1.13,2.25
2012.04.11 19:48:43.710,0.91304,0.91344,2.25,2.63
2012.04.11 19:48:45.898,0.91304,0.91344,3.00,2.63
2012.04.11 19:48:46.438,0.91309,0.91348,2.25,2.85
2012.04.11 19:48:46.902,0.91309,0.91348,2.25,2.25
2012.04.11 19:48:47.961,0.91309,0.91348,2.25,3.00
2012.04.11 19:48:48.088,0.913,0.91339,3.00,2.25
2012.04.11 19:48:48.288,0.91303,0.91345,2.25,3.60
2012.04.11 19:48:48.994,0.91303,0.91345,3.00,3.60
2012.04.11 19:48:49.050,0.91303,0.91345,2.25,3.60
2012.04.11 19:48:49.121,0.913,0.91342,3.00,2.63
2012.04.11 19:48:49.188,0.91301,0.91342,1.13,2.63
2012.04.11 19:48:50.949,0.91301,0.91342,1.13,2.63
2012.04.11 19:48:55.800,0.913,0.91342,2.63,2.63
2012.04.11 19:48:56.675,0.91301,0.91341,2.63,2.25
2012.04.11 19:48:56.743,0.91301,0.91341,2.63,2.25
2012.04.11 19:48:57.065,0.91306,0.91345,2.25,2.85
2012.04.11 19:48:59.269,0.91306,0.91345,2.85,2.25
2012.04.11 19:48:59.329,0.91314,0.91349,2.25,1.13
2012.04.11 19:48:59.488,0.91314,0.91354,2.25,1.73
2012.04.11 19:48:59.547,0.9131,0.9135,2.25,2.25
2012.04.11 19:49:00.372,0.91314,0.91354,2.25,1.73
2012.04.11 19:49:00.660,0.91314,0.91354,2.63,1.35
2012.04.11 19:49:01.559,0.91314,0.91355,2.63,2.63
2012.04.11 19:49:02.128,0.91324,0.9136,2.25,1.35
2012.04.11 19:49:02.351,0.91324,0.91363,2.25,3.00
2012.04.11 19:49:02.848,0.91319,0.91359,2.85,2.25
2012.04.11 19:49:02.968,0.91324,0.91363,2.25,3.00
2012.04.11 19:49:10.653,0.91324,0.91363,3.00,2.25
2012.04.11 19:49:11.080,0.91324,0.91363,2.25,2.25
2012.04.11 19:49:17.388,0.91328,0.91368,2.25,2.25
2012.04.11 19:49:17.550,0.91333,0.91372,2.25,2.25
2012.04.11 19:49:18.157,0.91327,0.91369,2.25,2.25
2012.04.11 19:49:18.505,0.91327,0.91369,2.25,2.85
2012.04.11 19:49:18.977,0.9132,0.9136,1.13,2.25
2012.04.11 19:49:19.480,0.9132,0.91362,3.00,2.63
2012.04.11 19:49:23.946,0.91321,0.91363,2.63,2.63
2012.04.11 19:49:28.367,0.9132,0.91362,2.63,2.63
2012.04.11 19:49:28.987,0.9132,0.91362,3.38,2.63
2012.04.11 19:49:29.742,0.91325,0.91366,2.25,2.63
2012.04.11 19:49:29.808,0.91325,0.91366,2.85,2.25
2012.04.11 19:49:35.838,0.91327,0.91366,2.25,2.25
2012.04.11 19:49:39.663,0.91325,0.91366,3.23,2.25
2012.04.11 19:49:40.717,0.91325,0.91366,2.63,4.73
2012.04.11 19:49:41.082,0.91318,0.91356,1.35,2.25
2012.04.11 19:49:41.150,0.9132,0.91362,3.00,2.85
2012.04.11 19:49:42.400,0.9132,0.91362,2.63,2.85
2012.04.11 19:49:42.678,0.9132,0.91362,2.63,2.25
2012.04.11 19:49:50.890,0.9132,0.91362,3.00,2.25
2012.04.11 19:49:51.149,0.91326,0.91365,2.63,2.25
2012.04.11 19:49:51.868,0.91321,0.91361,3.00,2.25
2012.04.11 19:49:52.642,0.91321,0.91361,2.25,2.63
2012.04.11 19:49:52.973,0.91317,0.91356,3.23,2.25
2012.04.11 19:49:53.106,0.9132,0.91362,2.25,2.63
2012.04.11 19:49:53.326,0.91316,0.91357,3.98,2.25
2012.04.11 19:49:53.540,0.91321,0.91361,2.25,2.63
2012.04.11 19:49:53.606,0.91321,0.91361,2.63,2.25
2012.04.11 19:49:59.118,0.91321,0.91361,2.63,2.25
2012.04.11 19:49:59.371,0.91325,0.91366,2.63,2.25
2012.04.11 19:50:00.363,0.91324,0.91363,2.63,2.25
2012.04.11 19:50:01.682,0.91324,0.91363,2.25,2.25
2012.04.11 19:50:02.175,0.91326,0.91367,2.25,3.23
2012.04.11 19:50:03.202,0.91326,0.91367,2.63,3.23
2012.04.11 19:50:05.448,0.91326,0.91367,3.00,2.25
2012.04.11 19:50:06.339,0.91327,0.91366,2.63,2.25
2012.04.11 19:50:06.401,0.91327,0.91366,2.63,2.25
2012.04.11 19:50:06.480,0.91327,0.91366,2.63,3.00
2012.04.11 19:50:07.076,0.91327,0.91366,2.63,2.25
2012.04.11 19:50:13.080,0.91327,0.91366,2.63,3.00
2012.04.11 19:50:14.332,0.91327,0.91366,2.25,2.25
2012.04.11 19:50:15.394,0.91327,0.91366,2.25,3.00
2012.04.11 19:50:15.458,0.91327,0.91366,2.25,2.25
2012.04.11 19:50:17.517,0.91327,0.91366,2.25,3.00
2012.04.11 19:50:17.576,0.91325,0.91364,2.63,3.00
2012.04.11 19:50:18.479,0.91325,0.91359,2.25,1.35
2012.04.11 19:50:18.538,0.91319,0.91359,2.63,1.35
2012.04.11 19:50:19.358,0.91319,0.9136,2.63,3.23
2012.04.11 19:50:21.492,0.91319,0.91359,2.63,1.35
2012.04.11 19:50:22.187,0.91319,0.9136,2.63,3.23
2012.04.11 19:50:28.900,0.91319,0.9136,4.73,2.63
2012.04.11 19:50:29.089,0.91328,0.91367,2.25,1.35
2012.04.11 19:50:29.299,0.91328,0.91369,2.25,3.98
2012.04.11 19:50:29.356,0.91324,0.91364,3.23,2.25
2012.04.11 19:50:30.911,0.91324,0.91364,2.85,2.63
2012.04.11 19:50:31.097,0.91319,0.9136,2.25,2.25
2012.04.11 19:50:40.670,0.91319,0.9136,2.25,2.85
2012.04.11 19:50:41.927,0.91319,0.9136,2.85,2.25
2012.04.11 19:50:42.267,0.91325,0.91366,2.25,3.23
2012.04.11 19:50:43.089,0.9132,0.91362,3.60,2.25
2012.04.11 19:50:44.305,0.91324,0.91364,2.25,3.23
2012.04.11 19:50:44.549,0.91322,0.91362,2.85,2.63
2012.04.11 19:50:45.368,0.91324,0.91364,2.25,3.23
2012.04.11 19:50:49.983,0.91324,0.91364,2.25,2.85
2012.04.11 19:50:50.645,0.91326,0.91366,2.25,3.23
2012.04.11 19:50:51.210,0.91328,0.91369,2.25,1.73
2012.04.11 19:50:52.110,0.91328,0.9137,2.25,2.63
2012.04.11 19:50:53.222,0.91328,0.9137,2.25,2.63
2012.04.11 19:51:01.398,0.91328,0.91369,2.25,1.13
2012.04.11 19:51:05.052,0.91327,0.91367,2.25,2.63
2012.04.11 19:51:05.874,0.91326,0.91366,2.25,2.63
2012.04.11 19:51:06.304,0.91323,0.91365,2.25,2.63
2012.04.11 19:51:07.123,0.91323,0.91365,2.25,2.63
2012.04.11 19:51:18.951,0.91323,0.91364,2.85,1.13
2012.04.11 19:51:19.280,0.91332,0.91372,2.25,1.13
2012.04.11 19:51:19.407,0.91332,0.91373,2.25,1.13
2012.04.11 19:51:23.049,0.91338,0.91373,2.25,1.13
2012.04.11 19:51:23.377,0.91329,0.91371,2.25,2.63
2012.04.11 19:51:24.340,0.9133,0.91372,2.25,2.63
2012.04.11 19:51:26.360,0.9133,0.91372,2.25,2.63
2012.04.11 19:51:46.403,0.9133,0.91372,2.63,2.85
2012.04.11 19:51:46.588,0.91336,0.91374,2.25,1.35
2012.04.11 19:51:47.458,0.91331,0.91371,2.25,2.63
2012.04.11 19:51:48.432,0.91329,0.91369,2.25,2.25
2012.04.11 19:51:48.781,0.91329,0.91369,2.63,2.25
2012.04.11 19:51:49.000,0.91334,0.91373,2.25,2.85
2012.04.11 19:51:50.850,0.91343,0.91381,2.25,1.35
2012.04.11 19:51:50.918,0.91343,0.91382,2.25,3.23
2012.04.11 19:51:54.378,0.91343,0.91382,2.25,3.23
2012.04.11 19:51:54.808,0.91337,0.91379,2.63,2.63
2012.04.11 19:51:55.681,0.91334,0.91381,2.85,1.35
2012.04.11 19:52:01.040,0.91334,0.91382,3.23,3.23
2012.04.11 19:52:11.874,0.91334,0.91382,3.60,2.85
2012.04.11 19:52:17.891,0.91334,0.91382,3.23,3.23
2012.04.11 19:52:20.250,0.91338,0.91384,2.63,1.73
2012.04.11 19:52:29.737,0.91343,0.91384,2.63,1.35
2012.04.11 19:52:30.421,0.91343,0.91384,2.63,1.35
2012.04.11 19:52:32.374,0.91343,0.91383,2.25,2.48
2012.04.11 19:52:32.445,0.91343,0.91384,2.25,1.73
2012.04.11 19:52:32.510,0.91334,0.91383,3.23,3.23
2012.04.11 19:52:33.190,0.91339,0.91384,2.25,1.73
2012.04.11 19:52:33.399,0.91337,0.91382,1.73,3.23
2012.04.11 19:52:41.488,0.91333,0.91377,2.63,2.10
2012.04.11 19:52:41.943,0.91329,0.91377,3.00,2.25
2012.04.11 19:52:42.009,0.91329,0.91377,3.00,3.00
2012.04.11 19:52:42.598,0.91329,0.91373,2.63,1.13
2012.04.11 19:53:05.320,0.91329,0.91377,3.00,2.63
2012.04.11 19:53:06.290,0.9133,0.91374,2.63,1.13
2012.04.11 19:53:06.838,0.9133,0.91378,2.63,2.63
2012.04.11 19:53:06.909,0.9133,0.91376,2.63,1.13
2012.04.11 19:53:07.828,0.9133,0.91375,2.63,1.13
2012.04.11 19:53:09.370,0.91327,0.91374,1.50,2.25
2012.04.11 19:53:09.737,0.91327,0.91374,1.13,3.00
2012.04.11 19:53:10.851,0.91327,0.91374,1.13,2.63
2012.04.11 19:53:20.007,0.91326,0.91373,2.63,1.13
2012.04.11 19:53:23.966,0.91327,0.91373,3.38,1.13
2012.04.11 19:53:25.500,0.91327,0.91377,3.75,2.63
2012.04.11 19:53:37.238,0.91327,0.91377,3.75,2.25
2012.04.11 19:53:38.356,0.91332,0.91378,2.63,1.13
2012.04.11 19:53:43.402,0.91334,0.91381,3.00,2.25
2012.04.11 19:53:43.598,0.91338,0.91383,2.63,1.13
2012.04.11 19:53:44.631,0.91338,0.91384,2.63,1.13
2012.04.11 19:53:46.117,0.91338,0.91386,2.63,3.23
2012.04.11 19:53:47.889,0.91338,0.91384,2.25,1.50
2012.04.11 19:53:48.481,0.91334,0.91381,2.63,2.63
2012.04.11 19:53:49.359,0.91332,0.91382,3.00,3.00
2012.04.11 19:53:54.230,0.91332,0.91377,1.13,2.63
2012.04.11 19:53:54.550,0.91337,0.91383,2.25,1.50
2012.04.11 19:53:54.859,0.91334,0.91381,2.25,3.00
2012.04.11 19:53:55.849,0.91328,0.91378,3.00,2.63
2012.04.11 19:53:57.519,0.91328,0.91378,3.00,3.00
2012.04.11 19:53:58.353,0.91325,0.91372,3.00,2.25
2012.04.11 19:53:58.906,0.91328,0.91378,3.00,3.00
2012.04.11 19:54:01.244,0.91333,0.91378,2.63,1.13
2012.04.11 19:54:01.800,0.91329,0.91377,3.00,2.25
2012.04.11 19:54:03.118,0.91329,0.91377,2.63,2.63
2012.04.11 19:54:25.890,0.91328,0.91378,2.63,3.75
2012.04.11 19:54:33.319,0.91326,0.91375,3.38,2.63
2012.04.11 19:54:33.687,0.9133,0.91377,2.25,3.00
2012.04.11 19:54:34.235,0.91332,0.91379,2.25,3.00
2012.04.11 19:54:34.419,0.91334,0.91383,2.63,3.00
2012.04.11 19:54:36.869,0.91329,0.91377,2.63,3.00
2012.04.11 19:54:39.161,0.91329,0.91377,3.00,2.63
2012.04.11 19:54:40.405,0.9133,0.91377,1.13,3.00
2012.04.11 19:54:41.632,0.91331,0.91379,1.13,2.63
2012.04.11 19:54:42.693,0.91335,0.91382,3.38,3.60
2012.04.11 19:54:42.888,0.91335,0.91382,2.63,3.60
2012.04.11 19:54:44.130,0.91334,0.91381,2.25,3.00
2012.04.11 19:54:44.257,0.91331,0.91378,1.13,3.00
2012.04.11 19:54:46.996,0.91329,0.91378,1.13,3.00
2012.04.11 19:54:47.226,0.91329,0.91378,1.13,3.00
2012.04.11 19:54:48.137,0.91335,0.91382,2.25,1.35
2012.04.11 19:54:48.200,0.91335,0.91382,2.63,1.35
2012.04.11 19:54:49.372,0.91332,0.9138,2.63,2.63
2012.04.11 19:54:50.905,0.91333,0.9138,1.13,2.63
2012.04.11 19:54:50.970,0.91337,0.9138,1.13,2.63
2012.04.11 19:54:59.308,0.91338,0.91384,1.13,2.63
2012.04.11 19:54:59.498,0.91336,0.91389,1.13,1.50
2012.04.11 19:54:59.560,0.91336,0.91389,1.13,1.50
2012.04.11 19:55:03.869,0.91326,0.91383,1.13,1.50
2012.04.11 19:55:03.990,0.91326,0.91375,1.13,1.35
2012.04.11 19:55:05.033,0.91335,0.91375,2.25,1.35
2012.04.11 19:55:05.121,0.91335,0.91378,2.25,1.35
2012.04.11 19:55:05.189,0.91331,0.91378,3.00,1.35
2012.04.11 19:55:07.678,0.91329,0.91378,2.63,3.60
2012.04.11 19:55:07.748,0.91331,0.91375,1.50,2.85
2012.04.11 19:55:08.024,0.91331,0.9138,1.50,2.63
2012.04.11 19:55:08.732,0.91335,0.91384,2.25,3.75
2012.04.11 19:55:08.801,0.9133,0.91379,2.63,1.13
2012.04.11 19:55:10.102,0.91335,0.91383,2.25,1.50
2012.04.11 19:55:11.187,0.91335,0.91379,2.63,1.13
2012.04.11 19:55:12.459,0.91335,0.91383,2.63,1.13
2012.04.11 19:55:18.157,0.91337,0.91384,2.63,3.38
2012.04.11 19:55:20.837,0.91335,0.91383,2.63,1.50
2012.04.11 19:55:26.934,0.91331,0.9138,1.13,3.00
2012.04.11 19:55:38.946,0.91336,0.91383,2.25,3.75
2012.04.11 19:55:39.011,0.91336,0.91383,2.63,3.75
2012.04.11 19:55:39.077,0.9134,0.91383,2.25,1.50
2012.04.11 19:55:39.506,0.91336,0.91383,2.63,3.75
2012.04.11 19:55:39.739,0.91337,0.91383,1.13,2.63
2012.04.11 19:55:40.607,0.91345,0.91388,2.25,1.50
2012.04.11 19:55:40.727,0.91345,0.91388,2.25,1.13
2012.04.11 19:55:40.847,0.9134,0.91388,2.63,1.13
2012.04.11 19:55:41.708,0.9134,0.91388,3.00,1.13
2012.04.11 19:55:42.891,0.91346,0.91393,2.25,2.10
2012.04.11 19:55:42.968,0.91344,0.91391,2.63,2.63
2012.04.11 19:55:43.531,0.91339,0.91386,3.00,2.25
2012.04.11 19:55:43.943,0.91339,0.91386,2.63,2.63
2012.04.11 19:55:47.041,0.91338,0.91387,2.25,3.00
2012.04.11 19:55:47.576,0.91336,0.91382,1.13,3.00
2012.04.11 19:55:48.706,0.91334,0.91382,2.63,2.63
2012.04.11 19:55:51.482,0.91332,0.91381,1.13,3.00
2012.04.11 19:55:54.567,0.91333,0.91381,2.63,2.63
2012.04.11 19:55:54.710,0.91334,0.91381,1.13,2.63
2012.04.11 19:56:00.920,0.91336,0.91385,1.13,3.00
2012.04.11 19:56:03.021,0.91335,0.91383,2.25,1.50
2012.04.11 19:56:03.193,0.91333,0.91383,2.63,3.75
2012.04.11 19:56:03.257,0.91333,0.91383,3.38,3.00
2012.04.11 19:56:04.035,0.91337,0.91384,2.25,1.35
2012.04.11 19:56:04.509,0.91337,0.91383,2.63,1.13
2012.04.11 19:56:06.635,0.91335,0.91382,1.13,2.63
2012.04.11 19:56:16.163,0.91335,0.91384,1.13,3.60
2012.04.11 19:56:16.231,0.91339,0.91384,1.13,3.23
2012.04.11 19:56:16.361,0.91338,0.91386,2.63,3.23
2012.04.11 19:56:17.372,0.91338,0.91388,2.63,3.60
2012.04.11 19:56:18.420,0.91337,0.91384,2.63,1.35
2012.04.11 19:56:30.048,0.91337,0.91384,3.38,1.35
2012.04.11 19:56:31.145,0.91337,0.91384,2.63,2.10
2012.04.11 19:56:31.687,0.91338,0.91384,2.25,2.10
2012.04.11 19:56:32.312,0.91338,0.91384,3.00,1.35
2012.04.11 19:56:33.565,0.91337,0.91384,3.38,1.35
2012.04.11 19:56:38.624,0.91335,0.91383,3.00,3.00
2012.04.11 19:56:45.970,0.91337,0.91384,2.25,1.35
2012.04.11 19:56:46.913,0.91336,0.91384,3.38,3.60
2012.04.11 19:56:55.391,0.91336,0.91384,3.38,3.23
2012.04.11 19:57:05.411,0.9134,0.91388,3.38,1.35
2012.04.11 19:57:06.179,0.91346,0.91392,3.00,1.35
2012.04.11 19:57:06.968,0.91341,0.91388,3.38,3.23
2012.04.11 19:57:07.061,0.91344,0.91388,1.13,3.23
2012.04.11 19:57:08.172,0.91341,0.91388,3.38,3.60
2012.04.11 19:57:09.380,0.91341,0.91388,3.00,3.60
2012.04.11 19:57:10.411,0.91341,0.91388,3.00,3.60
2012.04.11 19:57:11.498,0.91345,0.91388,2.25,1.35
2012.04.11 19:57:11.557,0.91345,0.91391,2.63,1.35
2012.04.11 19:57:15.854,0.91345,0.91391,3.38,1.35
2012.04.11 19:57:19.318,0.91345,0.91391,2.63,1.35
2012.04.11 19:57:20.018,0.91345,0.9139,2.63,1.35
2012.04.11 19:57:20.768,0.91345,0.91389,2.25,1.35
2012.04.11 19:57:20.837,0.91341,0.91389,3.00,1.35
2012.04.11 19:57:21.414,0.9134,0.91387,3.00,3.00
2012.04.11 19:57:22.818,0.91341,0.91387,1.13,2.63
2012.04.11 19:57:23.353,0.91344,0.91391,3.00,1.35
2012.04.11 19:57:28.338,0.91343,0.91391,3.38,3.00
2012.04.11 19:57:31.398,0.91344,0.91391,1.13,2.63
2012.04.11 19:57:31.531,0.91344,0.91391,1.13,2.63
2012.04.11 19:57:31.597,0.91344,0.91391,1.13,2.63
2012.04.11 19:57:31.974,0.91344,0.91391,1.13,2.63
2012.04.11 19:57:33.411,0.91347,0.91391,1.13,2.63
2012.04.11 19:57:33.950,0.9135,0.91395,1.13,3.00
2012.04.11 19:57:34.535,0.91348,0.91393,2.63,1.13
2012.04.11 19:57:37.251,0.9135,0.91395,1.13,3.00
2012.04.11 19:57:37.691,0.91348,0.91393,2.63,1.13
2012.04.11 19:57:40.439,0.9135,0.91395,1.13,3.00
2012.04.11 19:57:41.026,0.91348,0.91393,2.63,1.13
2012.04.11 19:57:42.026,0.9135,0.91394,1.13,1.13
2012.04.11 19:57:42.938,0.91348,0.91393,2.63,1.13
2012.04.11 19:57:47.889,0.91348,0.9139,2.63,1.13
2012.04.11 19:57:47.971,0.91348,0.91389,2.25,1.13
2012.04.11 19:57:48.038,0.91344,0.91389,1.13,1.13
2012.04.11 19:57:51.208,0.91344,0.91392,1.13,3.00
2012.04.11 19:57:53.112,0.91347,0.91393,3.38,1.13
2012.04.11 19:57:53.816,0.91346,0.9139,3.38,1.13
2012.04.11 19:57:54.389,0.91347,0.9139,1.13,2.63
2012.04.11 19:57:54.914,0.91344,0.9139,1.13,2.63
2012.04.11 19:57:56.480,0.91344,0.9139,1.13,2.63
2012.04.11 19:57:56.980,0.91346,0.91394,3.00,1.50
2012.04.11 19:57:58.666,0.91346,0.91395,3.00,3.00
2012.04.11 19:57:58.728,0.91351,0.91395,1.13,2.63
2012.04.11 19:57:59.348,0.91346,0.91391,1.50,2.25
2012.04.11 19:58:01.230,0.91344,0.91391,1.13,3.00
2012.04.11 19:58:02.062,0.91347,0.91394,2.25,3.75
2012.04.11 19:58:04.662,0.91347,0.91394,2.63,3.38
2012.04.11 19:58:05.653,0.91347,0.91394,2.25,1.50
2012.04.11 19:58:26.786,0.91347,0.9139,1.13,2.63
2012.04.11 19:58:26.949,0.91348,0.9139,1.13,2.63
2012.04.11 19:58:28.891,0.91351,0.91395,1.13,3.38
2012.04.11 19:58:29.698,0.9135,0.91395,2.63,1.13
2012.04.11 19:58:29.758,0.91347,0.91391,1.50,2.25
2012.04.11 19:58:30.760,0.91344,0.91391,1.13,3.00
2012.04.11 19:58:31.981,0.91344,0.91391,1.13,3.00
2012.04.11 19:58:32.308,0.91348,0.91393,1.13,1.13
2012.04.11 19:58:32.400,0.91347,0.91393,1.13,1.13
2012.04.11 19:58:34.541,0.91348,0.91394,1.13,1.13
2012.04.11 19:58:34.750,0.91347,0.91393,1.13,1.13
2012.04.11 19:58:35.259,0.91348,0.91396,1.13,3.00
2012.04.11 19:58:35.567,0.91345,0.91392,1.13,3.00
2012.04.11 19:58:40.659,0.91343,0.91392,1.13,3.00
2012.04.11 19:58:40.717,0.91342,0.91392,2.63,3.00
2012.04.11 19:58:40.779,0.91343,0.91392,1.13,3.00
2012.04.11 19:58:45.309,0.91343,0.9139,1.13,2.63
2012.04.11 19:58:46.050,0.91343,0.9139,1.13,2.63
2012.04.11 19:58:57.273,0.91345,0.91387,3.38,2.63
2012.04.11 19:58:57.904,0.91348,0.91388,3.00,2.63
2012.04.11 19:58:59.091,0.91353,0.91392,2.25,3.00
2012.04.11 19:59:00.290,0.91353,0.91392,2.25,2.63
2012.04.11 19:59:01.294,0.91355,0.91394,2.25,2.63
2012.04.11 19:59:01.893,0.91349,0.91391,3.00,3.00
2012.04.11 19:59:04.889,0.91349,0.91391,3.00,2.63
2012.04.11 19:59:05.727,0.91353,0.91393,2.25,1.50
2012.04.11 19:59:05.908,0.91353,0.91395,2.63,2.63
2012.04.11 19:59:06.251,0.91356,0.91396,2.25,2.63
2012.04.11 19:59:06.962,0.91356,0.91396,2.25,2.63
2012.04.11 19:59:08.541,0.91353,0.91395,2.63,2.63
2012.04.11 19:59:09.370,0.91353,0.91395,2.25,2.63
2012.04.11 19:59:12.069,0.91351,0.91391,3.38,2.25
2012.04.11 19:59:13.320,0.9135,0.9139,3.00,2.63
2012.04.11 19:59:16.638,0.9135,0.9139,3.00,2.63
2012.04.11 19:59:16.699,0.9135,0.9139,2.25,2.63
2012.04.11 19:59:18.462,0.91351,0.91391,2.25,2.63
2012.04.11 19:59:19.123,0.91349,0.91391,2.25,2.63
2012.04.11 19:59:19.720,0.91349,0.91391,2.25,3.23
2012.04.11 19:59:19.777,0.91341,0.9138,3.00,2.25
2012.04.11 19:59:20.665,0.91339,0.91377,1.13,2.25
2012.04.11 19:59:20.793,0.91336,0.91377,3.00,2.63
2012.04.11 19:59:21.093,0.91334,0.91374,3.38,2.25
2012.04.11 19:59:21.644,0.91334,0.91374,3.38,2.25
2012.04.11 19:59:22.530,0.91335,0.91374,3.00,2.25
2012.04.11 19:59:23.300,0.91339,0.9138,2.25,2.63
2012.04.11 19:59:24.187,0.91339,0.9138,2.63,2.63
2012.04.11 19:59:24.270,0.91341,0.91382,2.25,2.63
2012.04.11 19:59:26.934,0.91341,0.91382,2.63,2.25
2012.04.11 19:59:27.249,0.91351,0.9139,2.25,3.00
2012.04.11 19:59:29.353,0.91351,0.9139,2.25,2.63
2012.04.11 19:59:30.442,0.91346,0.91386,2.63,2.25
2012.04.11 19:59:30.796,0.91346,0.91386,2.25,2.63
2012.04.11 19:59:32.438,0.91346,0.91386,3.38,2.25
2012.04.11 19:59:32.659,0.9135,0.91391,2.25,2.63
2012.04.11 19:59:33.480,0.9135,0.91391,2.63,2.25
2012.04.11 19:59:34.089,0.91346,0.91386,3.00,2.25
2012.04.11 19:59:34.402,0.91346,0.91386,2.25,2.63
2012.04.11 19:59:35.984,0.91346,0.91386,2.63,2.25
2012.04.11 19:59:36.277,0.91346,0.91388,3.38,2.25
2012.04.11 19:59:36.371,0.91355,0.91397,2.25,3.00
2012.04.11 19:59:36.499,0.91352,0.91391,2.25,2.63
2012.04.11 19:59:37.300,0.91352,0.91391,2.63,2.25
2012.04.11 19:59:38.703,0.91347,0.91386,2.25,2.25
2012.04.11 19:59:38.855,0.91345,0.91386,2.25,2.25
2012.04.11 19:59:38.922,0.9135,0.91389,2.25,2.63
2012.04.11 19:59:39.051,0.91348,0.91389,2.25,2.63
2012.04.11 19:59:39.299,0.91351,0.91393,2.25,3.00
2012.04.11 19:59:39.632,0.91351,0.91393,2.25,2.63
2012.04.11 19:59:40.469,0.9135,0.91392,2.25,2.63
2012.04.11 19:59:40.712,0.91352,0.91392,2.25,2.63
2012.04.11 19:59:43.068,0.91352,0.91392,2.25,3.00
2012.04.11 19:59:43.127,0.91347,0.91388,2.25,2.63
2012.04.11 19:59:46.390,0.91351,0.91393,2.25,3.00
2012.04.11 19:59:46.459,0.91351,0.91393,2.25,2.63
2012.04.11 19:59:47.193,0.91347,0.91386,2.63,2.25
2012.04.11 19:59:49.146,0.91343,0.91383,2.63,2.25
2012.04.11 19:59:49.211,0.91343,0.91383,2.25,2.63
2012.04.11 19:59:49.402,0.91341,0.91383,2.25,2.63
2012.04.11 19:59:49.470,0.91347,0.91386,2.25,2.63
2012.04.11 19:59:50.061,0.91351,0.91391,2.25,3.00
2012.04.11 19:59:50.259,0.91351,0.91391,2.25,3.38
2012.04.11 19:59:50.320,0.91341,0.91383,3.00,2.25
2012.04.11 19:59:51.152,0.91341,0.91383,3.38,2.25
2012.04.11 19:59:51.351,0.91346,0.91387,2.25,2.63
2012.04.11 19:59:52.600,0.9135,0.91392,2.25,3.00
2012.04.11 19:59:53.672,0.9135,0.91392,2.25,2.63
2012.04.11 19:59:54.219,0.91351,0.91393,2.25,2.63
2012.04.11 19:59:54.540,0.91351,0.91393,2.25,3.00
2012.04.11 19:59:54.609,0.91342,0.91384,3.00,2.63
2012.04.11 19:59:55.697,0.91342,0.91384,3.00,2.63
2012.04.11 19:59:58.299,0.91342,0.91384,2.25,2.63
2012.04.11 19:59:58.833,0.91347,0.91388,2.25,3.00
2012.04.11 19:59:59.148,0.91356,0.91394,2.25,1.13
2012.04.11 19:59:59.351,0.91356,0.91393,2.25,1.13
2012.04.11 19:59:59.583,0.91356,0.91397,2.25,2.63
