2011.01.05 04:00:00.494,0.94988,0.95049,2.55,1.65
2011.01.05 04:00:14.350,0.94988,0.95049,2.48,1.58
2011.01.05 04:00:24.750,0.94988,0.95049,2.55,1.65
2011.01.05 04:00:25.419,0.94988,0.95049,2.55,1.65
2011.01.05 04:00:26.479,0.94988,0.95049,2.40,1.65
2011.01.05 04:00:26.589,0.94988,0.95049,2.70,1.65
2011.01.05 04:00:28.698,0.94988,0.95049,2.33,1.58
2011.01.05 04:00:28.969,0.94988,0.95049,2.55,1.65
2011.01.05 04:00:48.763,0.94988,0.95048,2.40,1.65
2011.01.05 04:00:50.083,0.94988,0.95048,2.40,1.58
2011.01.05 04:01:10.071,0.94984,0.95049,2.59,1.84
2011.01.05 04:01:10.473,0.94974,0.95038,2.59,1.69
2011.01.05 04:01:11.073,0.94979,0.95049,4.24,1.65
2011.01.05 04:01:11.186,0.94984,0.95048,2.25,2.59
2011.01.05 04:01:11.302,0.94979,0.95044,2.25,1.77
2011.01.05 04:01:11.411,0.94974,0.95044,3.90,1.69
2011.01.05 04:01:11.896,0.94974,0.95044,3.75,1.84
2011.01.05 04:01:12.013,0.9497,0.95039,2.40,1.69
2011.01.05 04:01:12.690,0.94974,0.95038,2.25,1.50
2011.01.05 04:01:12.792,0.94975,0.95043,1.65,1.84
2011.01.05 04:01:12.987,0.94975,0.95043,1.50,1.84
2011.01.05 04:01:14.531,0.94975,0.95043,1.58,1.77
2011.01.05 04:01:34.040,0.94975,0.95043,1.58,1.77
2011.01.05 04:01:41.192,0.94974,0.95044,1.50,4.24
2011.01.05 04:01:41.572,0.94974,0.95044,1.50,4.62
2011.01.05 04:01:41.800,0.94974,0.95044,3.83,4.09
2011.01.05 04:01:42.150,0.94974,0.95044,3.90,1.84
2011.01.05 04:01:42.701,0.94974,0.95038,2.33,1.50
2011.01.05 04:01:43.610,0.94974,0.95038,2.25,1.50
2011.01.05 04:01:43.830,0.94974,0.95044,3.90,1.84
2011.01.05 04:01:44.560,0.94974,0.95044,3.90,1.84
2011.01.05 04:01:44.670,0.9498,0.95048,1.50,1.99
2011.01.05 04:01:45.220,0.94979,0.95049,1.50,1.84
2011.01.05 04:01:46.934,0.94979,0.95049,1.65,1.84
2011.01.05 04:01:54.182,0.94979,0.95049,1.80,1.69
2011.01.05 04:01:54.786,0.94976,0.95037,2.40,1.50
2011.01.05 04:01:54.904,0.94974,0.95037,2.33,1.50
2011.01.05 04:01:55.753,0.94974,0.95037,2.40,1.50
2011.01.05 04:01:55.980,0.94979,0.95049,1.50,4.24
2011.01.05 04:01:59.773,0.94979,0.95049,1.65,4.24
2011.01.05 04:01:59.999,0.94979,0.95049,1.50,4.24
2011.01.05 04:02:00.111,0.94979,0.95049,1.58,4.09
2011.01.05 04:02:01.168,0.94979,0.95049,1.65,1.84
2011.01.05 04:02:02.549,0.94979,0.95049,1.58,4.09
2011.01.05 04:02:07.008,0.94979,0.95049,1.65,1.84
2011.01.05 04:02:07.130,0.94979,0.95049,1.50,1.77
2011.01.05 04:02:07.571,0.94978,0.95037,2.40,1.50
2011.01.05 04:02:07.991,0.94973,0.95037,2.25,1.50
2011.01.05 04:02:08.290,0.94973,0.95037,2.55,1.50
2011.01.05 04:02:08.980,0.94973,0.95037,2.25,1.50
2011.01.05 04:02:09.500,0.94973,0.95037,2.40,1.50
2011.01.05 04:02:18.070,0.94973,0.95037,2.40,1.50
2011.01.05 04:02:18.890,0.9498,0.95048,1.50,1.84
2011.01.05 04:02:39.321,0.94975,0.95043,1.50,1.50
2011.01.05 04:02:39.432,0.94975,0.95043,1.65,1.50
2011.01.05 04:02:39.541,0.94975,0.95043,1.50,1.50
2011.01.05 04:02:41.651,0.94976,0.95043,2.25,1.65
2011.01.05 04:02:42.200,0.94975,0.95043,1.50,1.58
2011.01.05 04:02:44.453,0.94975,0.95043,1.65,1.65
2011.01.05 04:02:45.406,0.94976,0.95043,2.33,1.65
2011.01.05 04:02:46.214,0.94976,0.95043,2.40,1.65
2011.01.05 04:02:46.944,0.94976,0.95043,2.33,1.58
2011.01.05 04:02:48.780,0.94976,0.95043,2.40,1.80
2011.01.05 04:02:53.181,0.94976,0.95043,2.40,1.65
2011.01.05 04:02:56.899,0.94973,0.95039,2.40,1.50
2011.01.05 04:02:57.230,0.94969,0.95039,1.65,2.44
2011.01.05 04:02:57.340,0.94969,0.95037,1.65,1.09
2011.01.05 04:02:59.420,0.94969,0.95038,1.65,1.02
2011.01.05 04:03:07.312,0.94969,0.95038,1.58,1.02
2011.01.05 04:03:07.750,0.94969,0.95037,1.65,1.02
2011.01.05 04:03:08.261,0.94969,0.95038,1.65,1.09
2011.01.05 04:03:09.481,0.94969,0.95037,1.80,1.09
2011.01.05 04:03:35.114,0.9497,0.95035,1.58,1.02
2011.01.05 04:03:42.901,0.9497,0.95035,1.65,1.09
2011.01.05 04:03:43.231,0.94968,0.95028,2.55,1.50
2011.01.05 04:03:46.701,0.94973,0.95038,2.33,2.52
2011.01.05 04:03:47.360,0.94973,0.95038,2.55,2.59
2011.01.05 04:03:49.130,0.94973,0.95038,2.40,2.44
2011.01.05 04:03:49.521,0.94969,0.95038,6.12,2.44
2011.01.05 04:03:49.630,0.94969,0.95027,6.12,1.50
2011.01.05 04:03:50.730,0.94974,0.95042,1.65,1.09
2011.01.05 04:03:51.619,0.94974,0.95037,2.40,1.50
2011.01.05 04:04:05.850,0.94979,0.95047,1.50,1.09
2011.01.05 04:04:08.011,0.94979,0.95048,1.65,1.09
2011.01.05 04:04:23.081,0.94979,0.95046,1.50,1.09
2011.01.05 04:04:23.531,0.94984,0.95052,1.50,1.99
2011.01.05 04:04:24.053,0.94984,0.95052,1.50,1.77
2011.01.05 04:04:24.162,0.94979,0.95047,1.50,1.50
2011.01.05 04:04:25.471,0.94979,0.95047,1.50,1.69
2011.01.05 04:04:28.430,0.94979,0.95047,1.65,1.84
2011.01.05 04:04:46.200,0.94979,0.95047,1.65,2.59
2011.01.05 04:04:46.310,0.94979,0.95047,1.50,2.44
2011.01.05 04:04:46.421,0.94975,0.95043,1.65,2.44
2011.01.05 04:04:47.511,0.94975,0.95042,1.65,1.09
2011.01.05 04:04:51.424,0.94975,0.95043,1.58,2.52
2011.01.05 04:04:57.883,0.94975,0.95042,1.50,1.09
2011.01.05 04:04:58.320,0.94975,0.95042,1.58,1.02
2011.01.05 04:04:58.430,0.94975,0.95041,1.50,1.09
2011.01.05 04:04:59.416,0.94975,0.95041,1.65,1.09
2011.01.05 04:05:19.860,0.94975,0.95043,1.58,1.77
2011.01.05 04:05:20.080,0.94979,0.95048,1.50,1.09
2011.01.05 04:05:20.411,0.94979,0.95048,3.90,1.09
2011.01.05 04:05:21.021,0.94984,0.95053,1.50,1.24
2011.01.05 04:05:21.130,0.94983,0.95038,2.40,1.50
2011.01.05 04:05:22.455,0.94983,0.95038,2.55,1.50
2011.01.05 04:05:29.500,0.94983,0.95038,2.55,1.50
2011.01.05 04:05:29.891,0.94983,0.95038,2.55,1.50
2011.01.05 04:05:30.221,0.94983,0.95038,2.40,1.50
2011.01.05 04:05:35.707,0.94983,0.95038,2.40,1.50
2011.01.05 04:05:39.224,0.94983,0.95038,2.70,1.50
2011.01.05 04:05:39.336,0.94983,0.95038,2.40,1.50
2011.01.05 04:05:40.534,0.94983,0.95038,2.55,1.50
2011.01.05 04:05:42.281,0.94983,0.95038,2.70,1.50
2011.01.05 04:05:45.475,0.94983,0.95038,2.55,1.50
2011.01.05 04:05:45.963,0.94984,0.95054,1.58,2.44
2011.01.05 04:05:49.810,0.94984,0.95053,1.65,1.09
2011.01.05 04:05:53.273,0.94987,0.95054,1.02,1.50
2011.01.05 04:05:53.602,0.94987,0.95048,2.52,1.50
2011.01.05 04:05:53.933,0.94987,0.95048,2.74,1.50
2011.01.05 04:05:59.602,0.94993,0.95058,2.44,1.69
2011.01.05 04:05:59.712,0.94997,0.95058,2.40,1.69
2011.01.05 04:06:03.452,0.94997,0.95058,2.40,1.69
2011.01.05 04:06:04.472,0.94997,0.95058,2.40,1.69
2011.01.05 04:06:06.512,0.94997,0.95058,2.55,1.69
2011.01.05 04:06:07.036,0.94997,0.95058,2.33,1.69
2011.01.05 04:06:07.612,0.94997,0.95058,2.55,1.69
2011.01.05 04:06:07.832,0.94997,0.95058,3.87,1.50
2011.01.05 04:06:07.941,0.95003,0.95069,1.69,1.09
2011.01.05 04:06:08.162,0.95008,0.95072,1.50,1.09
2011.01.05 04:06:08.926,0.95007,0.95068,2.25,1.69
2011.01.05 04:06:12.313,0.95007,0.95068,2.59,1.50
2011.01.05 04:06:16.994,0.95007,0.95068,2.59,1.65
2011.01.05 04:06:32.052,0.95007,0.95068,2.59,1.50
2011.01.05 04:06:36.781,0.95007,0.95067,2.52,1.50
2011.01.05 04:06:37.353,0.95007,0.95067,2.59,1.65
2011.01.05 04:06:39.932,0.95007,0.95067,2.74,1.50
2011.01.05 04:06:40.612,0.95007,0.95067,2.52,1.50
2011.01.05 04:06:41.182,0.95007,0.95067,2.59,1.50
2011.01.05 04:06:43.125,0.95007,0.95067,2.52,1.50
2011.01.05 04:06:49.182,0.95007,0.95058,2.52,1.50
2011.01.05 04:06:49.831,0.95003,0.95058,2.74,1.50
2011.01.05 04:06:50.342,0.95003,0.95058,3.49,1.50
2011.01.05 04:06:50.562,0.95009,0.95074,1.69,1.02
2011.01.05 04:06:55.784,0.95009,0.95074,1.69,2.37
2011.01.05 04:06:56.111,0.95013,0.95074,3.75,2.37
2011.01.05 04:06:57.512,0.95013,0.95074,3.75,2.37
2011.01.05 04:07:00.341,0.95013,0.9508,3.94,2.74
2011.01.05 04:07:00.969,0.95009,0.95077,2.44,4.62
2011.01.05 04:07:06.493,0.95009,0.95074,1.69,2.37
2011.01.05 04:07:07.260,0.95009,0.95074,1.69,1.09
2011.01.05 04:07:08.074,0.95009,0.95074,1.69,2.22
2011.01.05 04:07:08.572,0.95009,0.95074,1.69,1.02
2011.01.05 04:07:09.264,0.95009,0.95074,1.69,2.37
2011.01.05 04:07:11.015,0.95009,0.95074,1.69,1.09
2011.01.05 04:07:13.385,0.95009,0.95074,1.69,2.37
2011.01.05 04:07:17.409,0.95009,0.95074,1.69,1.09
2011.01.05 04:07:18.552,0.95009,0.95074,1.69,2.37
2011.01.05 04:07:18.662,0.95009,0.95074,1.69,1.02
2011.01.05 04:07:19.222,0.95009,0.95074,1.69,2.37
2011.01.05 04:07:19.781,0.95008,0.95069,2.25,1.09
2011.01.05 04:07:20.114,0.94998,0.95068,3.90,2.59
2011.01.05 04:07:21.773,0.94995,0.95063,4.24,1.84
2011.01.05 04:07:22.258,0.94995,0.95063,1.84,1.69
2011.01.05 04:07:23.474,0.94995,0.95063,1.69,4.24
2011.01.05 04:07:23.874,0.94995,0.95063,1.69,1.84
2011.01.05 04:07:25.622,0.94995,0.95063,1.69,4.24
2011.01.05 04:07:30.543,0.94995,0.95063,1.84,1.99
2011.01.05 04:07:44.912,0.94995,0.95058,1.50,1.09
2011.01.05 04:07:45.228,0.9499,0.95058,1.50,2.59
2011.01.05 04:08:09.472,0.9499,0.95058,1.58,2.44
2011.01.05 04:08:09.582,0.9499,0.95058,1.50,2.59
2011.01.05 04:08:10.266,0.94999,0.95067,1.50,2.14
2011.01.05 04:08:24.433,0.94999,0.95067,1.50,1.84
2011.01.05 04:08:24.921,0.94993,0.95057,2.25,1.50
2011.01.05 04:08:27.644,0.9499,0.95058,1.50,1.65
2011.01.05 04:08:32.203,0.9499,0.95058,1.50,1.80
2011.01.05 04:08:45.283,0.9499,0.95058,1.50,1.73
2011.01.05 04:08:46.273,0.9499,0.95058,1.50,4.20
2011.01.05 04:08:51.486,0.9499,0.95058,1.50,1.65
2011.01.05 04:08:53.184,0.9499,0.95058,1.50,1.95
2011.01.05 04:09:00.713,0.9499,0.95058,1.50,4.20
2011.01.05 04:09:01.113,0.94979,0.95049,1.50,1.65
2011.01.05 04:09:01.222,0.94979,0.95049,1.50,1.65
2011.01.05 04:09:02.295,0.94983,0.95049,2.25,1.65
2011.01.05 04:09:02.733,0.94983,0.95048,2.25,1.58
2011.01.05 04:09:03.253,0.94983,0.95048,2.25,1.77
2011.01.05 04:09:06.187,0.94983,0.95048,2.25,1.99
2011.01.05 04:09:06.664,0.94983,0.95048,2.25,1.77
2011.01.05 04:09:06.893,0.94979,0.95049,1.69,2.44
2011.01.05 04:09:13.204,0.94979,0.95049,1.50,1.69
2011.01.05 04:09:13.954,0.94973,0.95039,2.59,1.50
2011.01.05 04:09:16.992,0.94973,0.95039,2.59,1.50
2011.01.05 04:09:18.456,0.94973,0.95039,2.74,1.50
2011.01.05 04:09:32.242,0.94973,0.95039,2.44,1.50
2011.01.05 04:09:37.873,0.94978,0.95039,2.25,1.50
2011.01.05 04:09:38.175,0.94974,0.95039,2.44,1.50
2011.01.05 04:09:38.287,0.94978,0.95037,2.25,1.50
2011.01.05 04:09:59.784,0.94983,0.95048,2.25,2.44
2011.01.05 04:10:42.693,0.94983,0.95047,2.55,2.59
2011.01.05 04:10:43.062,0.94983,0.95047,2.25,2.44
2011.01.05 04:10:58.324,0.94983,0.95047,2.40,1.65
2011.01.05 04:11:01.181,0.94983,0.95047,2.40,1.50
2011.01.05 04:11:01.437,0.94983,0.95047,2.25,1.50
2011.01.05 04:11:02.067,0.94983,0.95047,2.25,1.65
2011.01.05 04:11:08.143,0.94983,0.95047,2.40,1.80
2011.01.05 04:11:09.222,0.94983,0.95047,2.25,1.65
2011.01.05 04:11:09.973,0.94983,0.95047,2.25,1.65
2011.01.05 04:11:19.165,0.94983,0.95047,2.25,1.50
2011.01.05 04:11:19.492,0.94978,0.95038,2.25,1.50
2011.01.05 04:11:19.964,0.94982,0.95048,2.25,1.80
2011.01.05 04:11:21.709,0.94982,0.95048,2.33,1.58
2011.01.05 04:11:22.321,0.94982,0.95048,2.25,1.80
2011.01.05 04:11:22.802,0.94982,0.95048,2.40,1.65
2011.01.05 04:11:23.092,0.94982,0.95048,2.25,1.65
2011.01.05 04:11:23.610,0.94982,0.95048,2.25,1.58
2011.01.05 04:11:23.832,0.94982,0.95048,2.25,1.65
2011.01.05 04:11:26.790,0.94982,0.95048,2.40,1.80
2011.01.05 04:11:27.178,0.94979,0.95038,2.40,1.50
2011.01.05 04:11:27.294,0.94979,0.95038,2.25,1.50
2011.01.05 04:12:24.026,0.94979,0.95038,2.40,1.50
2011.01.05 04:12:25.444,0.94979,0.95038,2.25,1.50
2011.01.05 04:12:35.394,0.94979,0.95038,2.40,1.50
2011.01.05 04:12:35.833,0.94979,0.95038,2.25,1.50
2011.01.05 04:12:36.773,0.94979,0.95038,2.40,1.50
2011.01.05 04:12:37.006,0.94979,0.95038,2.25,1.50
2011.01.05 04:12:51.622,0.94979,0.95037,2.25,1.50
2011.01.05 04:13:00.073,0.94982,0.95048,2.25,3.98
2011.01.05 04:13:00.554,0.94982,0.95048,2.25,1.80
2011.01.05 04:13:01.125,0.94982,0.95048,2.25,1.80
2011.01.05 04:13:05.682,0.94982,0.95048,2.25,1.80
2011.01.05 04:13:05.792,0.94979,0.95037,2.25,1.50
2011.01.05 04:13:07.743,0.94983,0.95037,2.25,1.50
2011.01.05 04:13:08.203,0.94983,0.95048,2.25,1.80
2011.01.05 04:13:08.863,0.94983,0.95048,2.25,1.80
2011.01.05 04:13:16.554,0.94983,0.95048,2.25,1.65
2011.01.05 04:13:17.084,0.94983,0.95048,2.25,1.65
2011.01.05 04:13:17.922,0.94983,0.95048,2.25,1.58
2011.01.05 04:13:19.506,0.94983,0.95048,2.25,1.65
2011.01.05 04:13:23.263,0.94983,0.95048,2.25,1.80
2011.01.05 04:13:23.374,0.94983,0.95048,2.25,1.50
2011.01.05 04:13:23.894,0.94979,0.95037,2.25,1.50
2011.01.05 04:13:28.027,0.94979,0.95037,2.33,1.50
2011.01.05 04:13:28.250,0.94979,0.95037,2.25,1.50
2011.01.05 04:13:28.361,0.94979,0.95037,2.40,1.50
2011.01.05 04:13:28.821,0.94979,0.95037,2.25,1.50
2011.01.05 04:13:31.131,0.94979,0.95037,2.40,1.50
2011.01.05 04:13:31.559,0.94979,0.95037,2.25,1.50
2011.01.05 04:13:39.821,0.94979,0.95037,2.40,1.50
2011.01.05 04:13:41.000,0.94979,0.95037,2.33,1.50
2011.01.05 04:13:41.672,0.94979,0.95037,2.25,1.50
2011.01.05 04:13:52.531,0.94979,0.95038,2.25,1.50
2011.01.05 04:13:55.860,0.94982,0.95038,2.25,1.50
2011.01.05 04:13:56.200,0.94982,0.95048,2.25,1.65
2011.01.05 04:14:01.452,0.94982,0.95048,2.25,1.65
2011.01.05 04:14:01.832,0.94982,0.95048,2.25,1.80
2011.01.05 04:14:02.051,0.94982,0.95048,2.25,1.65
2011.01.05 04:14:02.437,0.94982,0.95048,2.25,1.80
2011.01.05 04:14:02.940,0.94982,0.95048,2.25,1.65
2011.01.05 04:14:04.111,0.94982,0.95048,2.25,1.80
2011.01.05 04:14:09.189,0.94982,0.95048,2.25,1.65
2011.01.05 04:14:09.311,0.94982,0.95048,2.25,1.80
2011.01.05 04:14:15.229,0.94982,0.95048,2.33,1.58
2011.01.05 04:14:15.822,0.94982,0.95048,2.25,1.80
2011.01.05 04:14:15.931,0.94982,0.95048,2.33,1.58
2011.01.05 04:14:16.200,0.94982,0.95048,2.25,1.80
2011.01.05 04:14:16.408,0.94982,0.95048,2.40,1.65
2011.01.05 04:14:19.261,0.94982,0.95048,2.33,1.65
2011.01.05 04:14:20.102,0.94982,0.95048,2.25,1.80
2011.01.05 04:14:23.882,0.94982,0.95048,2.25,1.80
2011.01.05 04:14:24.378,0.94982,0.95048,2.25,1.65
2011.01.05 04:14:25.314,0.94982,0.95048,2.25,1.65
2011.01.05 04:14:25.971,0.94982,0.95048,2.25,1.58
2011.01.05 04:14:34.547,0.94982,0.95048,2.25,1.65
2011.01.05 04:14:42.911,0.94982,0.95047,2.40,1.65
2011.01.05 04:14:43.692,0.94982,0.95047,2.25,1.50
2011.01.05 04:15:00.688,0.94982,0.95047,2.40,1.65
2011.01.05 04:15:01.211,0.94982,0.95047,2.25,1.50
2011.01.05 04:15:01.815,0.94982,0.95047,2.40,1.65
2011.01.05 04:15:03.732,0.94982,0.95047,2.25,1.50
2011.01.05 04:15:04.409,0.94982,0.95048,2.25,1.65
2011.01.05 04:15:05.261,0.94982,0.95048,2.40,1.65
2011.01.05 04:15:05.811,0.94982,0.95048,2.33,1.50
2011.01.05 04:15:07.249,0.94982,0.95048,2.25,1.65
2011.01.05 04:15:08.180,0.9498,0.95048,1.50,1.65
2011.01.05 04:15:09.933,0.9498,0.95048,1.50,1.69
2011.01.05 04:15:10.358,0.9498,0.95048,1.58,1.69
2011.01.05 04:15:10.474,0.9498,0.95048,1.50,1.69
2011.01.05 04:15:29.583,0.9498,0.95048,1.50,4.24
2011.01.05 04:15:29.691,0.9498,0.95048,1.50,1.77
2011.01.05 04:15:36.575,0.94979,0.95049,1.50,1.84
2011.01.05 04:15:43.372,0.94983,0.95049,2.25,1.69
2011.01.05 04:15:43.931,0.94984,0.95053,1.50,1.09
2011.01.05 04:15:44.803,0.94984,0.95053,1.50,1.09
2011.01.05 04:15:45.395,0.94984,0.95053,1.58,1.02
2011.01.05 04:15:57.581,0.94984,0.95052,1.50,1.09
2011.01.05 04:15:59.774,0.94984,0.95052,1.65,1.09
2011.01.05 04:16:07.431,0.94984,0.95053,1.50,1.02
2011.01.05 04:16:08.441,0.94984,0.95053,1.65,1.09
2011.01.05 04:16:09.054,0.94984,0.95052,1.65,1.09
2011.01.05 04:16:11.501,0.94984,0.95049,1.58,1.02
2011.01.05 04:16:23.511,0.94984,0.95052,1.65,1.09
2011.01.05 04:16:24.103,0.94984,0.95054,1.65,2.44
2011.01.05 04:16:25.966,0.94984,0.95052,1.58,1.02
2011.01.05 04:16:26.736,0.94984,0.95053,1.65,1.02
2011.01.05 04:16:27.362,0.94984,0.95052,1.58,1.02
2011.01.05 04:16:30.196,0.9499,0.95058,1.50,2.59
2011.01.05 04:16:30.303,0.9499,0.95058,1.50,2.59
2011.01.05 04:16:31.642,0.9499,0.95057,1.58,1.02
2011.01.05 04:16:32.201,0.9499,0.95058,1.65,2.59
2011.01.05 04:16:32.311,0.9499,0.95057,1.50,1.02
2011.01.05 04:16:32.831,0.9499,0.95057,1.65,1.09
2011.01.05 04:16:33.153,0.9499,0.95057,1.50,1.09
2011.01.05 04:16:35.321,0.9499,0.95058,1.50,1.84
2011.01.05 04:16:35.431,0.9499,0.95058,1.50,1.99
2011.01.05 04:16:36.492,0.9499,0.95058,1.50,4.28
2011.01.05 04:16:42.641,0.9499,0.95058,1.50,4.64
2011.01.05 04:16:44.826,0.9499,0.95057,1.50,1.30
2011.01.05 04:16:47.091,0.9499,0.95058,1.50,4.62
2011.01.05 04:16:47.201,0.9499,0.95058,1.50,4.64
2011.01.05 04:16:49.275,0.94978,0.95048,1.50,4.62
2011.01.05 04:16:49.714,0.94979,0.95049,1.50,4.64
2011.01.05 04:16:49.826,0.94979,0.95049,1.50,4.62
2011.01.05 04:16:50.404,0.94979,0.95048,1.50,1.30
2011.01.05 04:16:55.492,0.94979,0.95049,1.50,4.28
2011.01.05 04:16:55.601,0.94983,0.95052,1.50,2.40
2011.01.05 04:16:57.511,0.94983,0.95052,1.50,2.22
2011.01.05 04:16:57.875,0.94983,0.95052,1.58,2.59
2011.01.05 04:17:01.826,0.94983,0.95052,1.65,1.24
2011.01.05 04:17:05.053,0.94979,0.95047,1.65,1.69
2011.01.05 04:17:05.162,0.94979,0.95047,1.50,1.84
2011.01.05 04:17:06.402,0.94979,0.95047,1.69,1.84
2011.01.05 04:17:08.981,0.94979,0.95043,1.50,1.09
2011.01.05 04:17:09.311,0.94973,0.95028,2.59,1.50
2011.01.05 04:17:11.321,0.94973,0.95038,2.59,1.69
2011.01.05 04:17:12.394,0.94972,0.95038,7.99,1.69
2011.01.05 04:17:15.441,0.94972,0.95038,8.37,1.69
2011.01.05 04:17:17.482,0.94972,0.95038,7.84,1.69
2011.01.05 04:17:18.413,0.94972,0.95038,3.49,1.69
2011.01.05 04:17:18.615,0.94972,0.95038,8.37,1.69
2011.01.05 04:17:18.831,0.94972,0.95038,3.49,1.69
2011.01.05 04:17:20.943,0.94974,0.95042,1.69,5.97
2011.01.05 04:17:21.183,0.94974,0.95042,1.69,2.59
2011.01.05 04:17:24.161,0.94974,0.95042,1.84,2.74
2011.01.05 04:17:26.889,0.94974,0.95042,1.69,2.74
2011.01.05 04:17:27.241,0.94974,0.95042,1.69,6.49
2011.01.05 04:17:27.676,0.94963,0.95033,1.99,1.84
2011.01.05 04:17:27.784,0.94963,0.95033,1.77,1.77
2011.01.05 04:17:28.503,0.94963,0.95033,1.84,1.77
2011.01.05 04:17:31.307,0.94967,0.95033,2.55,1.69
2011.01.05 04:17:31.418,0.94963,0.95033,1.84,1.69
2011.01.05 04:17:32.773,0.94968,0.95033,2.52,1.50
2011.01.05 04:17:32.883,0.94969,0.95037,1.50,1.77
2011.01.05 04:17:34.264,0.94964,0.95032,1.65,1.50
2011.01.05 04:17:34.373,0.94964,0.95032,1.50,1.50
2011.01.05 04:17:35.044,0.94964,0.95032,1.65,1.50
2011.01.05 04:17:36.570,0.94964,0.95032,1.50,1.50
2011.01.05 04:17:37.154,0.94964,0.95032,1.65,1.50
2011.01.05 04:17:37.995,0.94964,0.95032,1.50,1.50
2011.01.05 04:17:38.116,0.94964,0.95032,1.65,1.50
2011.01.05 04:17:39.715,0.94964,0.95032,1.50,1.50
2011.01.05 04:17:43.351,0.94964,0.95032,1.50,1.69
2011.01.05 04:17:43.673,0.94964,0.95032,1.50,1.50
2011.01.05 04:17:48.825,0.94964,0.95032,1.50,1.65
2011.01.05 04:17:49.193,0.94962,0.95027,2.44,1.50
2011.01.05 04:17:49.692,0.94959,0.95027,1.69,1.84
2011.01.05 04:17:50.432,0.94959,0.95027,1.77,1.77
2011.01.05 04:17:55.275,0.94959,0.95027,1.69,1.84
2011.01.05 04:17:57.434,0.94959,0.95027,1.84,1.69
2011.01.05 04:17:57.994,0.94959,0.95027,1.69,1.84
2011.01.05 04:17:58.334,0.94959,0.95027,1.69,1.77
2011.01.05 04:17:58.788,0.94959,0.95027,1.84,1.69
2011.01.05 04:17:58.894,0.94959,0.95027,1.69,1.84
2011.01.05 04:18:00.738,0.94959,0.95027,1.69,1.84
2011.01.05 04:18:07.712,0.94959,0.95027,1.69,1.84
2011.01.05 04:18:07.917,0.94959,0.95027,1.77,1.69
2011.01.05 04:18:08.334,0.94959,0.95027,1.69,1.69
2011.01.05 04:18:08.443,0.94959,0.95027,1.84,1.84
2011.01.05 04:18:09.294,0.94959,0.95027,1.69,1.84
2011.01.05 04:18:09.404,0.94959,0.95027,1.84,1.84
2011.01.05 04:18:12.953,0.94959,0.95027,1.69,1.77
2011.01.05 04:18:13.322,0.94959,0.95027,1.77,1.69
2011.01.05 04:18:13.853,0.94959,0.95027,1.84,1.69
2011.01.05 04:18:18.474,0.94959,0.95027,1.69,1.69
2011.01.05 04:18:18.583,0.94959,0.95027,2.44,1.50
2011.01.05 04:18:18.803,0.94964,0.95032,1.69,1.65
2011.01.05 04:18:18.914,0.94962,0.95028,3.19,1.50
2011.01.05 04:18:19.344,0.94964,0.95032,1.69,1.65
2011.01.05 04:18:19.674,0.94964,0.95032,1.69,1.80
2011.01.05 04:18:20.195,0.94964,0.95032,1.69,1.50
2011.01.05 04:18:20.577,0.94964,0.95032,1.69,1.80
2011.01.05 04:18:20.683,0.94964,0.95032,1.69,1.65
2011.01.05 04:18:20.911,0.94964,0.95032,1.69,1.65
2011.01.05 04:18:21.583,0.94964,0.95032,1.69,1.65
2011.01.05 04:18:26.207,0.94964,0.95032,1.69,1.73
2011.01.05 04:18:26.689,0.94964,0.95032,1.69,1.65
2011.01.05 04:18:29.545,0.94964,0.95032,1.69,1.95
2011.01.05 04:18:32.314,0.94964,0.95032,1.50,4.62
2011.01.05 04:18:32.534,0.94959,0.95027,1.50,1.80
2011.01.05 04:18:32.644,0.94962,0.95027,2.25,1.80
2011.01.05 04:18:33.156,0.94964,0.95032,1.50,4.62
2011.01.05 04:18:33.264,0.94964,0.95032,1.50,1.99
2011.01.05 04:18:33.604,0.94964,0.95032,1.50,4.24
2011.01.05 04:18:33.713,0.94964,0.95032,1.50,1.77
2011.01.05 04:18:34.678,0.94964,0.95032,1.50,4.28
2011.01.05 04:18:34.797,0.94964,0.95032,1.50,1.99
2011.01.05 04:18:35.926,0.94963,0.95033,1.50,4.62
2011.01.05 04:18:36.615,0.94963,0.95033,1.50,4.09
2011.01.05 04:18:40.234,0.94963,0.95033,1.50,4.62
2011.01.05 04:18:46.243,0.94962,0.95028,2.25,1.80
2011.01.05 04:18:46.774,0.9495,0.95018,1.50,1.50
2011.01.05 04:18:47.044,0.94953,0.95018,2.25,1.50
2011.01.05 04:18:47.527,0.94955,0.95023,1.50,1.84
2011.01.05 04:18:53.845,0.94953,0.95018,2.33,1.50
2011.01.05 04:18:54.333,0.94954,0.95024,1.50,1.77
2011.01.05 04:19:03.862,0.94953,0.95018,2.33,1.50
2011.01.05 04:19:04.336,0.94955,0.95023,1.50,1.77
2011.01.05 04:19:05.600,0.94955,0.95023,1.50,1.99
2011.01.05 04:19:08.683,0.94955,0.95023,1.50,4.24
2011.01.05 04:19:09.984,0.94953,0.95019,2.25,1.65
2011.01.05 04:19:10.203,0.94949,0.95019,3.75,1.65
2011.01.05 04:19:10.423,0.94954,0.95024,1.50,4.24
2011.01.05 04:19:11.055,0.94954,0.95024,3.75,4.09
2011.01.05 04:19:11.556,0.94954,0.95024,3.75,4.24
2011.01.05 04:19:11.906,0.94954,0.95024,3.75,4.28
2011.01.05 04:19:12.389,0.94949,0.95019,3.75,1.65
2011.01.05 04:19:14.095,0.94935,0.95005,1.65,1.69
2011.01.05 04:19:14.314,0.94933,0.95,2.44,1.50
2011.01.05 04:19:22.457,0.94936,0.95004,1.65,1.84
2011.01.05 04:19:26.466,0.94936,0.95004,1.50,1.84
2011.01.05 04:19:27.474,0.94936,0.95004,1.65,1.84
2011.01.05 04:19:27.583,0.94937,0.95004,1.09,1.65
2011.01.05 04:19:27.914,0.94945,0.95012,1.50,1.09
2011.01.05 04:19:35.183,0.94945,0.95013,1.65,2.59
2011.01.05 04:19:42.435,0.94945,0.95013,1.65,2.59
2011.01.05 04:19:42.764,0.94936,0.95004,4.09,1.69
2011.01.05 04:19:44.127,0.94944,0.95014,1.69,4.24
2011.01.05 04:19:44.234,0.94944,0.95014,1.69,1.77
2011.01.05 04:19:45.924,0.9495,0.95018,2.44,1.73
2011.01.05 04:19:46.345,0.94952,0.95018,2.44,1.50
2011.01.05 04:19:46.895,0.94949,0.95019,2.44,1.84
2011.01.05 04:19:47.015,0.94965,0.95033,1.69,4.62
2011.01.05 04:19:47.916,0.94965,0.95033,1.69,1.99
2011.01.05 04:19:50.404,0.94965,0.95033,1.69,1.99
2011.01.05 04:19:50.913,0.94965,0.95033,1.69,4.24
2011.01.05 04:19:51.416,0.94955,0.95023,1.69,1.69
2011.01.05 04:19:59.993,0.94959,0.95027,1.50,1.09
2011.01.05 04:20:02.984,0.94959,0.95029,1.65,2.44
2011.01.05 04:20:03.553,0.94955,0.95023,1.84,1.69
2011.01.05 04:20:19.507,0.94965,0.95033,1.77,1.69
2011.01.05 04:20:21.174,0.94965,0.95033,1.50,2.59
2011.01.05 04:20:21.396,0.9496,0.95025,2.25,1.69
2011.01.05 04:20:21.504,0.94955,0.95025,1.69,1.69
2011.01.05 04:20:24.324,0.94964,0.95034,1.69,5.97
2011.01.05 04:20:24.655,0.94964,0.95034,1.69,6.15
2011.01.05 04:20:24.787,0.94964,0.95034,1.69,6.12
2011.01.05 04:20:25.455,0.94964,0.95034,1.69,6.12
2011.01.05 04:20:27.433,0.94964,0.95034,1.69,6.49
2011.01.05 04:20:29.447,0.94964,0.95034,1.69,5.97
2011.01.05 04:20:29.865,0.94964,0.95034,1.69,6.49
2011.01.05 04:20:29.973,0.94964,0.95034,1.69,5.97
2011.01.05 04:20:32.633,0.94964,0.95034,1.69,5.97
2011.01.05 04:20:32.974,0.94964,0.95028,1.50,1.02
2011.01.05 04:20:33.084,0.94956,0.95024,1.69,1.84
2011.01.05 04:20:33.304,0.94958,0.95024,1.39,1.50
2011.01.05 04:20:33.413,0.9497,0.95038,1.69,4.28
2011.01.05 04:20:38.014,0.94964,0.9503,1.50,1.09
2011.01.05 04:20:38.583,0.94959,0.95029,1.69,1.84
2011.01.05 04:20:39.584,0.94959,0.95029,1.69,4.09
2011.01.05 04:20:42.496,0.94959,0.95029,1.69,4.09
2011.01.05 04:20:43.515,0.94955,0.95025,2.44,4.09
2011.01.05 04:20:43.855,0.94955,0.95025,2.44,1.84
2011.01.05 04:20:46.535,0.9496,0.95028,1.69,1.99
2011.01.05 04:20:55.542,0.9496,0.95028,1.69,4.28
2011.01.05 04:20:56.645,0.9496,0.95028,1.69,1.99
2011.01.05 04:20:58.124,0.9496,0.95028,1.69,4.09
2011.01.05 04:20:59.853,0.9496,0.95028,1.69,1.84
2011.01.05 04:21:08.572,0.9496,0.95028,4.24,1.69
2011.01.05 04:21:09.154,0.9496,0.95028,1.84,1.69
2011.01.05 04:21:16.916,0.94959,0.95029,1.69,4.24
2011.01.05 04:21:17.025,0.94959,0.95029,1.69,1.77
2011.01.05 04:21:17.134,0.94959,0.95029,1.69,4.24
2011.01.05 04:21:17.245,0.94959,0.95029,1.69,1.84
2011.01.05 04:21:17.776,0.94959,0.95029,2.44,1.50
2011.01.05 04:21:18.104,0.9496,0.95028,1.69,1.99
2011.01.05 04:21:18.647,0.94964,0.95034,1.69,4.09
2011.01.05 04:21:18.761,0.94959,0.95029,1.69,1.77
2011.01.05 04:21:24.293,0.94955,0.95025,2.44,1.84
2011.01.05 04:21:25.309,0.94959,0.95029,1.69,4.24
2011.01.05 04:21:25.809,0.94959,0.95029,1.69,4.09
2011.01.05 04:21:26.347,0.94959,0.95029,1.69,1.77
2011.01.05 04:21:26.739,0.94959,0.95029,1.69,4.24
2011.01.05 04:21:27.374,0.94959,0.95029,1.69,4.09
2011.01.05 04:21:32.526,0.9496,0.95028,1.69,4.24
2011.01.05 04:21:34.065,0.9496,0.95028,1.69,1.84
2011.01.05 04:21:38.121,0.9496,0.95028,1.69,1.84
2011.01.05 04:21:41.584,0.9496,0.95028,2.44,1.65
2011.01.05 04:21:43.505,0.94959,0.95029,2.44,1.50
2011.01.05 04:21:45.045,0.94958,0.95024,1.02,1.50
2011.01.05 04:21:51.004,0.94958,0.95024,1.09,1.65
2011.01.05 04:21:57.128,0.94958,0.95024,1.09,1.65
2011.01.05 04:21:57.620,0.94963,0.95024,1.09,1.50
2011.01.05 04:22:04.233,0.94963,0.95024,1.02,1.58
2011.01.05 04:22:04.785,0.94962,0.95024,1.09,1.65
2011.01.05 04:22:05.344,0.94963,0.95024,1.09,1.50
2011.01.05 04:22:06.317,0.94963,0.95024,1.09,1.65
2011.01.05 04:22:07.439,0.94956,0.95024,1.84,1.84
2011.01.05 04:22:08.043,0.94953,0.95019,1.09,1.50
2011.01.05 04:22:08.994,0.94953,0.95019,3.19,1.50
2011.01.05 04:22:09.103,0.94956,0.95024,2.44,1.58
2011.01.05 04:22:14.583,0.94959,0.95029,1.77,1.84
2011.01.05 04:22:15.686,0.94959,0.95029,1.84,1.84
2011.01.05 04:22:17.714,0.94959,0.95028,1.50,1.09
2011.01.05 04:22:18.284,0.94956,0.95024,1.84,1.69
2011.01.05 04:22:25.023,0.9496,0.95028,1.69,4.24
2011.01.05 04:22:25.133,0.9496,0.95028,1.69,1.84
2011.01.05 04:22:33.603,0.9496,0.95028,1.84,4.24
2011.01.05 04:22:36.954,0.9496,0.95028,1.77,1.77
2011.01.05 04:22:56.764,0.94959,0.95029,6.12,1.84
2011.01.05 04:22:57.337,0.94959,0.95029,2.52,1.77
2011.01.05 04:23:08.387,0.94959,0.95029,2.52,4.09
2011.01.05 04:23:08.957,0.94959,0.95029,2.44,1.84
2011.01.05 04:23:09.524,0.94959,0.95029,6.12,1.69
2011.01.05 04:23:10.068,0.94959,0.95029,6.12,1.69
2011.01.05 04:23:16.991,0.94959,0.95029,6.15,1.69
2011.01.05 04:23:17.214,0.94959,0.95029,5.97,1.69
2011.01.05 04:23:18.455,0.94959,0.95029,6.49,1.69
2011.01.05 04:23:25.224,0.94959,0.95029,4.20,1.50
2011.01.05 04:23:30.616,0.94959,0.95029,1.80,1.50
2011.01.05 04:23:30.919,0.94959,0.95029,1.80,1.65
2011.01.05 04:23:31.036,0.94959,0.95029,1.80,1.50
2011.01.05 04:23:50.644,0.94959,0.95029,1.65,1.65
2011.01.05 04:23:55.376,0.94959,0.95029,1.65,1.65
2011.01.05 04:23:56.435,0.94959,0.95029,1.80,1.50
2011.01.05 04:23:57.440,0.94959,0.95029,1.80,1.65
2011.01.05 04:23:57.776,0.94959,0.95029,1.65,1.65
2011.01.05 04:24:00.454,0.94959,0.95029,1.65,1.65
2011.01.05 04:24:04.945,0.94959,0.95029,1.65,1.50
2011.01.05 04:24:05.368,0.94959,0.95029,1.58,1.50
2011.01.05 04:24:05.483,0.94959,0.95029,1.80,1.50
2011.01.05 04:24:20.436,0.9496,0.95028,1.80,1.50
2011.01.05 04:24:21.225,0.9496,0.95028,1.65,1.50
2011.01.05 04:24:21.335,0.9496,0.95028,1.80,1.50
2011.01.05 04:24:26.844,0.9496,0.95027,1.50,1.09
2011.01.05 04:24:26.954,0.94951,0.95019,1.99,1.69
2011.01.05 04:24:27.386,0.94945,0.95015,9.72,2.44
2011.01.05 04:24:28.054,0.9495,0.9502,1.84,1.69
2011.01.05 04:24:29.165,0.94947,0.95015,1.09,1.50
2011.01.05 04:24:29.505,0.94945,0.95015,1.65,2.44
2011.01.05 04:24:29.724,0.9494,0.9501,1.84,1.69
2011.01.05 04:24:37.156,0.9494,0.9501,4.24,1.69
2011.01.05 04:24:37.474,0.9494,0.9501,4.62,1.69
2011.01.05 04:24:40.946,0.9494,0.9501,4.24,1.69
2011.01.05 04:24:41.639,0.9494,0.9501,4.62,1.69
2011.01.05 04:24:57.242,0.9494,0.9501,4.24,1.69
2011.01.05 04:24:58.099,0.9494,0.9501,4.24,1.69
2011.01.05 04:24:58.774,0.94941,0.95009,4.09,1.69
2011.01.05 04:25:00.918,0.94941,0.95009,4.09,1.69
2011.01.05 04:25:01.334,0.94941,0.95009,1.77,1.69
2011.01.05 04:25:03.430,0.94941,0.95009,4.24,1.69
2011.01.05 04:25:22.184,0.94941,0.95009,1.84,1.69
2011.01.05 04:25:22.685,0.94941,0.95009,4.24,1.69
2011.01.05 04:25:24.534,0.94941,0.95009,1.84,1.69
2011.01.05 04:25:25.238,0.94939,0.95006,2.37,1.69
2011.01.05 04:25:25.824,0.94939,0.95006,1.09,1.69
2011.01.05 04:25:27.758,0.94941,0.95009,4.09,1.69
2011.01.05 04:25:28.755,0.94943,0.95009,1.24,1.50
2011.01.05 04:25:28.864,0.94946,0.95014,1.84,1.84
2011.01.05 04:25:40.620,0.9494,0.9501,4.09,1.69
2011.01.05 04:25:42.194,0.9494,0.9501,4.09,1.69
2011.01.05 04:25:44.657,0.94947,0.9501,1.09,1.50
2011.01.05 04:25:44.764,0.94956,0.95024,1.77,1.77
2011.01.05 04:25:44.874,0.94951,0.95019,2.44,1.50
2011.01.05 04:25:45.431,0.94952,0.9502,2.44,1.50
2011.01.05 04:25:45.548,0.94952,0.9502,1.50,1.69
2011.01.05 04:25:46.536,0.94952,0.9502,1.58,1.77
2011.01.05 04:25:50.304,0.94952,0.9502,1.65,4.24
2011.01.05 04:25:50.725,0.94942,0.9501,6.49,1.50
2011.01.05 04:25:57.065,0.94942,0.9501,6.49,1.65
2011.01.05 04:25:58.929,0.94942,0.9501,6.93,1.50
2011.01.05 04:25:59.044,0.94951,0.95019,1.80,1.84
2011.01.05 04:25:59.663,0.94946,0.95009,6.08,1.50
2011.01.05 04:26:01.718,0.94946,0.95009,6.04,1.50
2011.01.05 04:26:08.619,0.94948,0.95009,2.37,1.50
2011.01.05 04:26:09.566,0.94953,0.95009,1.09,1.50
2011.01.05 04:26:09.675,0.94956,0.95024,1.77,1.77
2011.01.05 04:26:12.655,0.94956,0.95023,1.65,1.09
2011.01.05 04:26:12.983,0.94948,0.95009,2.89,1.50
2011.01.05 04:26:14.227,0.94948,0.95009,1.39,1.50
2011.01.05 04:26:14.339,0.94948,0.9501,1.09,1.50
2011.01.05 04:26:15.794,0.94948,0.9501,1.39,1.50
2011.01.05 04:26:16.233,0.94951,0.95019,4.24,1.69
2011.01.05 04:26:18.164,0.94951,0.95019,1.84,1.69
2011.01.05 04:26:20.484,0.94953,0.95019,1.24,1.50
2011.01.05 04:26:20.594,0.94955,0.95025,1.84,2.44
2011.01.05 04:26:23.764,0.94955,0.95025,1.58,2.44
2011.01.05 04:26:24.457,0.9495,0.9502,4.24,1.69
2011.01.05 04:26:24.784,0.9495,0.9502,4.62,1.69
2011.01.05 04:26:25.124,0.94949,0.95009,2.74,1.50
2011.01.05 04:26:28.446,0.94949,0.95009,2.40,1.50
2011.01.05 04:26:37.265,0.94942,0.95009,2.74,1.69
2011.01.05 04:26:37.374,0.94939,0.95,2.37,1.50
2011.01.05 04:26:37.704,0.94939,0.95,2.40,1.50
2011.01.05 04:26:37.924,0.94939,0.95,2.37,1.50
2011.01.05 04:26:42.214,0.94939,0.95,2.40,1.50
2011.01.05 04:26:44.275,0.94939,0.95,2.22,1.50
2011.01.05 04:26:44.614,0.94939,0.95,2.40,1.50
2011.01.05 04:26:55.614,0.94939,0.95,2.37,1.50
2011.01.05 04:26:55.724,0.94939,0.94991,2.37,1.50
2011.01.05 04:27:25.080,0.94939,0.94992,2.22,1.50
2011.01.05 04:27:26.944,0.94939,0.95005,2.37,1.50
2011.01.05 04:27:29.673,0.94939,0.95005,2.37,1.50
2011.01.05 04:27:30.355,0.94939,0.95005,2.37,1.50
2011.01.05 04:27:34.444,0.94939,0.95005,1.09,1.50
2011.01.05 04:27:37.276,0.94937,0.95005,1.80,1.50
2011.01.05 04:27:38.305,0.94937,0.95005,4.20,1.50
2011.01.05 04:27:38.813,0.94937,0.95005,1.95,1.50
2011.01.05 04:27:39.265,0.94942,0.9501,1.80,1.50
2011.01.05 04:27:40.595,0.94947,0.95015,1.84,1.84
2011.01.05 04:27:44.674,0.94947,0.95015,4.24,1.69
2011.01.05 04:27:45.156,0.94947,0.95015,4.62,1.84
2011.01.05 04:27:47.063,0.94947,0.95015,1.99,1.69
2011.01.05 04:27:49.525,0.94947,0.95015,2.14,1.69
2011.01.05 04:27:53.035,0.94947,0.95015,4.24,1.84
2011.01.05 04:28:15.774,0.94946,0.95016,6.27,2.59
2011.01.05 04:28:16.335,0.94946,0.95016,6.12,2.59
2011.01.05 04:28:17.064,0.94946,0.95016,2.59,5.97
2011.01.05 04:28:17.908,0.94946,0.95016,6.15,2.52
2011.01.05 04:28:18.636,0.94946,0.95016,2.59,2.44
2011.01.05 04:28:19.166,0.94946,0.95016,6.27,2.44
2011.01.05 04:28:19.694,0.94946,0.95016,6.12,2.44
2011.01.05 04:28:20.554,0.94946,0.95016,6.49,2.44
2011.01.05 04:28:24.834,0.94946,0.95016,6.27,2.44
2011.01.05 04:28:29.462,0.94951,0.95017,4.09,1.02
2011.01.05 04:28:29.575,0.94951,0.95017,1.77,1.02
2011.01.05 04:28:30.526,0.94951,0.95017,4.24,1.09
2011.01.05 04:28:35.951,0.94951,0.95021,4.68,2.44
2011.01.05 04:28:36.176,0.94951,0.95021,4.24,2.44
2011.01.05 04:28:36.517,0.94951,0.95021,4.68,2.44
2011.01.05 04:28:36.649,0.94951,0.95021,1.84,2.44
2011.01.05 04:28:37.266,0.94952,0.95021,1.30,2.44
2011.01.05 04:28:37.376,0.94951,0.95021,4.68,2.44
2011.01.05 04:28:38.199,0.94951,0.95021,1.99,2.44
2011.01.05 04:28:38.305,0.94951,0.95021,4.68,2.44
2011.01.05 04:28:38.634,0.94951,0.95021,1.99,2.44
2011.01.05 04:28:39.401,0.94951,0.95017,4.24,1.09
2011.01.05 04:28:40.074,0.94951,0.95021,1.80,1.80
2011.01.05 04:28:40.889,0.94951,0.95021,1.80,1.65
2011.01.05 04:28:42.044,0.94951,0.95021,1.80,1.80
2011.01.05 04:28:42.877,0.94951,0.95021,1.80,1.65
2011.01.05 04:28:42.984,0.94951,0.95021,1.80,1.80
2011.01.05 04:28:44.279,0.94951,0.95021,1.65,1.58
2011.01.05 04:28:44.613,0.94951,0.95021,1.80,1.80
2011.01.05 04:28:48.618,0.94951,0.95021,1.58,1.65
2011.01.05 04:28:48.741,0.94951,0.95021,1.50,1.80
2011.01.05 04:28:49.194,0.94951,0.95021,1.65,1.80
2011.01.05 04:28:49.623,0.94951,0.95021,1.65,1.65
2011.01.05 04:28:49.754,0.94951,0.95021,1.80,1.65
2011.01.05 04:28:50.614,0.94951,0.95021,1.58,1.58
2011.01.05 04:28:52.962,0.94951,0.95021,1.65,1.80
2011.01.05 04:28:56.704,0.94951,0.95021,1.58,1.65
2011.01.05 04:28:57.085,0.94951,0.95021,1.58,1.58
2011.01.05 04:28:59.785,0.94951,0.95021,1.65,1.58
2011.01.05 04:29:02.026,0.94951,0.95021,1.58,1.58
2011.01.05 04:29:02.135,0.94952,0.95021,1.02,1.77
2011.01.05 04:29:05.217,0.94952,0.95021,1.09,4.24
2011.01.05 04:29:08.340,0.94952,0.95021,1.02,1.77
2011.01.05 04:29:10.457,0.94953,0.95021,1.09,4.24
2011.01.05 04:29:11.686,0.94952,0.95021,1.09,4.24
2011.01.05 04:29:13.978,0.94953,0.95021,1.02,4.09
2011.01.05 04:29:14.394,0.94953,0.9501,1.02,1.50
2011.01.05 04:29:15.177,0.94948,0.9501,1.09,1.65
2011.01.05 04:29:16.395,0.94952,0.9501,1.02,1.58
2011.01.05 04:29:17.624,0.94953,0.9501,1.09,1.65
2011.01.05 04:29:20.784,0.94952,0.9501,1.09,1.50
2011.01.05 04:29:20.895,0.94952,0.95021,1.02,4.09
2011.01.05 04:29:30.293,0.94951,0.95021,2.44,4.24
2011.01.05 04:29:30.403,0.94952,0.95021,1.09,1.84
2011.01.05 04:29:30.864,0.94953,0.95021,1.09,4.24
2011.01.05 04:29:32.818,0.94953,0.95021,1.09,1.84
2011.01.05 04:29:33.642,0.94953,0.95016,1.09,1.50
2011.01.05 04:29:34.479,0.94953,0.95016,1.09,1.65
2011.01.05 04:29:34.838,0.94946,0.95016,1.77,1.77
2011.01.05 04:29:39.033,0.94946,0.95016,4.24,1.84
2011.01.05 04:29:45.256,0.94946,0.95016,4.62,1.84
2011.01.05 04:29:47.384,0.94946,0.95016,4.09,1.77
2011.01.05 04:29:51.183,0.94946,0.95016,4.62,1.84
2011.01.05 04:29:51.293,0.94946,0.95016,4.24,1.84
2011.01.05 04:29:52.533,0.94952,0.95018,1.80,1.24
2011.01.05 04:29:53.113,0.94946,0.95016,4.24,1.84
2011.01.05 04:29:55.366,0.94946,0.95016,1.84,1.84
2011.01.05 04:29:55.692,0.94944,0.95,1.09,1.50
2011.01.05 04:29:56.139,0.94944,0.9501,1.09,1.50
2011.01.05 04:29:57.486,0.94944,0.9501,1.09,1.65
2011.01.05 04:29:58.292,0.94942,0.9501,1.99,1.84
2011.01.05 04:29:58.722,0.94942,0.9501,1.84,1.84
2011.01.05 04:29:58.833,0.94937,0.95,2.37,1.50
2011.01.05 04:29:59.053,0.94942,0.9501,1.84,1.84
2011.01.05 04:29:59.681,0.94942,0.9501,1.84,1.84
2011.01.05 04:29:59.795,0.94942,0.9501,1.84,1.65
2011.01.05 04:30:02.080,0.94941,0.95001,1.09,1.50
2011.01.05 04:30:02.290,0.94947,0.95015,1.69,6.12
2011.01.05 04:30:08.524,0.94947,0.95015,1.69,6.12
2011.01.05 04:30:08.945,0.94947,0.95015,1.84,2.59
2011.01.05 04:30:09.164,0.94947,0.95015,1.69,5.97
2011.01.05 04:30:09.712,0.94941,0.95,1.02,1.50
2011.01.05 04:30:09.832,0.94946,0.95015,1.77,2.22
2011.01.05 04:30:09.944,0.94946,0.95016,4.24,2.44
2011.01.05 04:30:10.496,0.94946,0.95016,4.39,2.44
2011.01.05 04:30:10.925,0.94946,0.95012,1.80,3.19
2011.01.05 04:30:11.033,0.94941,0.95011,1.77,2.44
2011.01.05 04:30:11.254,0.94937,0.95001,2.37,1.50
2011.01.05 04:30:11.363,0.94941,0.95011,1.84,2.44
2011.01.05 04:30:13.074,0.94941,0.95011,4.09,2.52
2011.01.05 04:30:17.165,0.94941,0.95011,5.97,1.77
2011.01.05 04:30:17.273,0.94941,0.95011,2.59,1.69
2011.01.05 04:30:17.729,0.94947,0.95015,1.99,2.59
2011.01.05 04:30:19.320,0.94947,0.95015,1.99,2.44
2011.01.05 04:30:20.104,0.94947,0.95015,1.84,2.44
2011.01.05 04:30:20.667,0.94947,0.95015,2.14,2.44
2011.01.05 04:30:20.889,0.94947,0.95015,1.99,2.44
2011.01.05 04:30:21.975,0.94947,0.95015,4.68,2.44
2011.01.05 04:30:22.435,0.94947,0.95015,1.99,2.44
2011.01.05 04:30:25.645,0.94947,0.95015,2.14,2.44
2011.01.05 04:30:28.682,0.94947,0.95015,1.84,2.44
2011.01.05 04:30:29.074,0.94947,0.95015,2.14,2.44
2011.01.05 04:30:32.269,0.94947,0.95015,1.99,2.44
2011.01.05 04:30:33.003,0.94947,0.95015,1.84,2.44
2011.01.05 04:30:33.113,0.94947,0.95015,1.92,2.44
2011.01.05 04:30:33.650,0.94947,0.95015,1.99,2.44
2011.01.05 04:30:39.604,0.94947,0.95015,2.14,2.44
2011.01.05 04:30:39.933,0.94937,0.95,2.89,1.50
2011.01.05 04:30:40.434,0.94942,0.9501,1.65,2.44
2011.01.05 04:30:40.553,0.94936,0.95001,2.40,1.50
2011.01.05 04:30:45.463,0.94936,0.95001,2.40,1.50
2011.01.05 04:30:55.113,0.94936,0.95001,2.74,1.50
2011.01.05 04:30:56.044,0.94936,0.95001,2.37,1.50
2011.01.05 04:30:56.153,0.94936,0.95001,2.40,1.50
2011.01.05 04:30:57.675,0.94931,0.95001,4.64,1.69
2011.01.05 04:30:57.783,0.94931,0.95001,4.62,1.69
2011.01.05 04:30:57.893,0.94929,0.9499,2.74,1.50
2011.01.05 04:30:58.506,0.94929,0.94991,2.74,1.50
2011.01.05 04:30:59.484,0.94929,0.94991,2.74,1.50
2011.01.05 04:31:00.115,0.94932,0.95002,4.62,1.84
2011.01.05 04:31:07.114,0.94929,0.94991,2.40,1.50
2011.01.05 04:31:07.333,0.94929,0.94991,2.37,1.50
2011.01.05 04:31:07.443,0.94929,0.94991,2.74,1.50
2011.01.05 04:31:07.553,0.94929,0.94991,2.37,1.50
2011.01.05 04:31:09.701,0.94929,0.94991,2.74,1.50
2011.01.05 04:31:10.309,0.94929,0.94991,2.37,1.50
2011.01.05 04:31:11.275,0.94929,0.94991,2.37,1.50
2011.01.05 04:31:11.384,0.94929,0.94991,2.40,1.50
2011.01.05 04:31:11.613,0.94929,0.94991,2.37,1.50
2011.01.05 04:31:12.112,0.94929,0.94991,2.74,1.50
2011.01.05 04:31:15.106,0.94929,0.94991,2.37,1.50
2011.01.05 04:31:15.601,0.94929,0.94991,1.02,1.50
2011.01.05 04:31:20.274,0.94929,0.94991,2.37,1.50
2011.01.05 04:31:20.624,0.94929,0.94991,1.09,1.50
2011.01.05 04:31:22.285,0.94921,0.94991,4.62,1.69
2011.01.05 04:31:22.895,0.94923,0.94991,4.62,1.69
2011.01.05 04:31:23.376,0.94923,0.94991,1.84,1.69
2011.01.05 04:31:23.960,0.94916,0.94982,2.22,1.69
2011.01.05 04:31:24.419,0.9492,0.94982,2.37,1.50
2011.01.05 04:31:24.813,0.94922,0.94992,1.99,1.69
2011.01.05 04:31:25.645,0.94922,0.94992,4.62,1.69
2011.01.05 04:31:27.208,0.94922,0.94992,4.62,1.69
2011.01.05 04:31:28.504,0.94923,0.94992,1.30,1.84
2011.01.05 04:31:28.674,0.94922,0.94992,4.62,1.84
2011.01.05 04:31:29.147,0.94922,0.94992,4.09,1.77
2011.01.05 04:31:30.483,0.94922,0.94992,4.62,1.69
2011.01.05 04:31:32.677,0.94922,0.94992,4.24,1.84
2011.01.05 04:31:32.794,0.9492,0.94981,1.02,1.50
2011.01.05 04:31:32.906,0.94923,0.94991,1.69,1.69
2011.01.05 04:31:33.047,0.94923,0.94991,4.09,1.69
2011.01.05 04:31:33.617,0.9492,0.94981,2.74,1.50
2011.01.05 04:31:34.054,0.94922,0.94989,4.62,2.44
2011.01.05 04:31:36.364,0.94922,0.94992,1.99,1.69
2011.01.05 04:31:36.586,0.9492,0.94981,2.37,1.50
2011.01.05 04:31:37.182,0.94923,0.94988,1.84,2.25
2011.01.05 04:31:37.794,0.94923,0.94991,1.84,1.69
2011.01.05 04:31:39.708,0.94923,0.94991,4.24,1.69
2011.01.05 04:31:42.344,0.94923,0.94991,4.64,1.69
2011.01.05 04:31:42.564,0.94923,0.94991,4.28,1.69
2011.01.05 04:31:44.550,0.94923,0.94991,4.45,1.69
2011.01.05 04:31:44.896,0.94925,0.94991,1.30,1.69
2011.01.05 04:31:45.321,0.94922,0.94982,1.30,1.50
2011.01.05 04:31:46.100,0.94923,0.94982,1.30,1.50
2011.01.05 04:31:46.220,0.94923,0.94988,1.80,2.44
2011.01.05 04:31:46.334,0.94923,0.94988,4.24,2.25
2011.01.05 04:31:46.979,0.94923,0.94991,4.24,1.69
2011.01.05 04:31:47.100,0.94923,0.94991,1.99,1.69
2011.01.05 04:31:49.604,0.94923,0.94991,4.09,1.69
2011.01.05 04:31:54.885,0.9492,0.94982,2.40,1.50
2011.01.05 04:31:57.745,0.9492,0.94982,2.76,1.50
2011.01.05 04:31:58.735,0.9492,0.94982,2.74,1.50
2011.01.05 04:32:03.387,0.9492,0.94982,2.22,1.50
2011.01.05 04:32:03.726,0.9492,0.94982,2.40,1.50
2011.01.05 04:32:03.974,0.9492,0.94982,2.37,1.50
2011.01.05 04:32:05.036,0.9492,0.94982,2.37,1.50
2011.01.05 04:32:07.574,0.9492,0.94982,2.40,1.50
2011.01.05 04:32:10.074,0.9492,0.94982,2.74,1.50
2011.01.05 04:32:10.549,0.9492,0.94982,2.37,1.50
2011.01.05 04:32:11.090,0.9492,0.94982,2.37,1.50
2011.01.05 04:32:12.743,0.9492,0.94982,1.09,1.50
2011.01.05 04:32:15.394,0.9492,0.94982,2.37,1.50
2011.01.05 04:32:16.551,0.9492,0.94982,2.74,1.50
2011.01.05 04:32:18.837,0.9492,0.94982,2.74,1.50
2011.01.05 04:32:19.174,0.9492,0.94982,2.37,1.50
2011.01.05 04:32:20.315,0.9492,0.94982,2.37,1.50
2011.01.05 04:32:21.477,0.9492,0.94982,2.40,1.50
2011.01.05 04:32:22.025,0.9492,0.94982,2.37,1.50
2011.01.05 04:32:22.134,0.9492,0.94982,2.74,1.50
2011.01.05 04:32:23.114,0.9492,0.94981,2.74,1.50
2011.01.05 04:32:23.784,0.9492,0.94982,2.40,1.50
2011.01.05 04:32:24.006,0.9492,0.94982,2.37,1.50
2011.01.05 04:32:24.614,0.9492,0.94982,2.37,1.50
2011.01.05 04:32:25.385,0.9492,0.94982,2.76,1.50
2011.01.05 04:32:25.778,0.94933,0.94997,2.59,2.59
2011.01.05 04:32:26.008,0.94933,0.94992,1.02,1.50
2011.01.05 04:32:26.460,0.94924,0.94991,1.69,2.44
2011.01.05 04:32:26.564,0.94928,0.94997,1.69,2.59
2011.01.05 04:32:26.990,0.94923,0.94991,1.69,2.25
2011.01.05 04:32:27.219,0.94923,0.94988,1.50,2.59
2011.01.05 04:32:27.546,0.94924,0.94985,1.50,2.25
2011.01.05 04:32:27.967,0.94924,0.94992,1.50,1.69
2011.01.05 04:32:29.305,0.94924,0.94992,1.58,1.69
2011.01.05 04:32:30.563,0.94924,0.94992,1.80,1.69
2011.01.05 04:32:32.064,0.94924,0.94992,1.65,1.69
2011.01.05 04:32:32.174,0.94924,0.94992,1.80,1.69
2011.01.05 04:32:32.789,0.94924,0.94992,1.65,1.84
2011.01.05 04:32:39.175,0.94924,0.94992,1.80,1.69
2011.01.05 04:32:39.447,0.94924,0.94992,1.65,1.69
2011.01.05 04:32:39.845,0.94924,0.94992,1.65,1.69
2011.01.05 04:32:40.505,0.94924,0.94992,1.80,1.69
2011.01.05 04:32:42.636,0.94924,0.94992,1.65,1.69
2011.01.05 04:32:42.999,0.94924,0.94992,1.65,1.69
2011.01.05 04:32:44.346,0.94924,0.94992,1.80,1.69
2011.01.05 04:32:46.040,0.94924,0.94992,1.65,1.69
2011.01.05 04:32:46.265,0.94924,0.94992,1.80,1.69
2011.01.05 04:32:50.937,0.94924,0.94992,1.65,1.69
2011.01.05 04:32:51.585,0.94924,0.94998,1.84,2.59
2011.01.05 04:32:51.987,0.94914,0.94981,5.97,1.50
2011.01.05 04:32:52.206,0.94923,0.94989,1.50,2.25
2011.01.05 04:32:52.315,0.94923,0.94993,1.50,1.50
2011.01.05 04:32:53.489,0.94923,0.94993,1.58,1.50
2011.01.05 04:32:55.097,0.94923,0.94991,1.58,1.50
2011.01.05 04:32:55.425,0.94923,0.94991,1.80,1.50
2011.01.05 04:32:55.535,0.94923,0.94991,1.65,1.50
2011.01.05 04:32:56.104,0.94923,0.94991,1.65,1.50
2011.01.05 04:32:56.734,0.94923,0.94991,1.65,1.50
2011.01.05 04:32:57.285,0.94924,0.94992,1.65,1.69
2011.01.05 04:32:57.691,0.94924,0.94992,1.65,1.69
2011.01.05 04:32:58.247,0.94924,0.94992,1.65,1.69
2011.01.05 04:32:58.740,0.94924,0.94992,1.80,1.69
2011.01.05 04:32:59.186,0.94924,0.94992,1.58,1.69
2011.01.05 04:32:59.706,0.94924,0.94992,1.65,1.69
2011.01.05 04:33:03.906,0.94924,0.94992,1.65,1.69
2011.01.05 04:33:13.199,0.94924,0.94992,1.58,1.77
2011.01.05 04:33:15.735,0.94924,0.94992,1.65,1.69
2011.01.05 04:33:15.933,0.94924,0.94992,1.58,1.69
2011.01.05 04:33:16.155,0.94924,0.94992,1.65,1.69
2011.01.05 04:33:16.711,0.94924,0.94992,1.65,1.84
2011.01.05 04:33:19.155,0.94924,0.94992,1.65,1.77
2011.01.05 04:33:19.835,0.94924,0.94992,1.65,1.69
2011.01.05 04:33:20.945,0.94924,0.94992,1.58,1.50
2011.01.05 04:33:21.485,0.94924,0.94999,1.65,2.44
2011.01.05 04:33:21.836,0.94924,0.94999,1.65,2.44
2011.01.05 04:33:22.054,0.94924,0.94992,1.65,1.50
2011.01.05 04:33:23.778,0.94924,0.94992,1.65,1.50
2011.01.05 04:33:25.551,0.94923,0.94993,1.80,1.50
2011.01.05 04:33:26.135,0.94918,0.94988,1.95,3.75
2011.01.05 04:33:26.661,0.94918,0.94988,1.95,3.90
2011.01.05 04:33:27.044,0.94913,0.94981,5.05,1.50
2011.01.05 04:33:29.517,0.94913,0.94981,5.05,1.50
2011.01.05 04:33:29.637,0.94913,0.94981,4.68,1.50
2011.01.05 04:33:29.855,0.94919,0.94987,1.80,1.69
2011.01.05 04:33:33.815,0.94913,0.94981,4.45,1.50
2011.01.05 04:33:38.879,0.94913,0.94987,4.45,1.69
2011.01.05 04:33:39.164,0.94912,0.94982,4.64,1.50
2011.01.05 04:33:42.490,0.94912,0.94982,4.39,1.50
2011.01.05 04:33:43.275,0.94919,0.94987,1.65,1.69
2011.01.05 04:33:43.715,0.94912,0.94982,5.05,1.50
2011.01.05 04:33:44.546,0.94912,0.9498,1.80,3.19
2011.01.05 04:33:44.655,0.94906,0.94964,1.80,1.50
2011.01.05 04:33:45.056,0.94915,0.94982,1.09,1.69
2011.01.05 04:33:46.706,0.94915,0.94982,2.37,1.69
2011.01.05 04:33:47.264,0.94915,0.94982,2.37,1.69
2011.01.05 04:33:48.265,0.94919,0.94982,1.09,1.50
2011.01.05 04:33:48.374,0.94922,0.94992,1.84,1.69
2011.01.05 04:33:49.387,0.94919,0.94987,1.58,1.69
2011.01.05 04:33:53.650,0.94919,0.94987,1.65,1.69
2011.01.05 04:33:55.135,0.94919,0.94987,1.65,1.69
2011.01.05 04:33:59.275,0.9492,0.94987,1.09,1.69
2011.01.05 04:33:59.604,0.94923,0.94991,1.84,1.69
2011.01.05 04:34:00.975,0.94923,0.94991,1.84,1.69
2011.01.05 04:34:01.084,0.94918,0.94988,1.99,2.44
2011.01.05 04:34:01.666,0.94923,0.94988,1.84,2.44
2011.01.05 04:34:02.105,0.94918,0.94988,1.99,4.69
2011.01.05 04:34:02.325,0.94923,0.94991,1.65,1.69
2011.01.05 04:34:02.435,0.94923,0.94988,1.65,2.25
2011.01.05 04:34:02.875,0.94922,0.94992,1.65,1.84
2011.01.05 04:34:02.985,0.94918,0.94988,1.99,1.50
2011.01.05 04:34:03.746,0.94922,0.94989,1.58,2.33
2011.01.05 04:34:04.438,0.94922,0.94992,1.50,1.84
2011.01.05 04:34:08.706,0.94922,0.94992,1.65,1.84
2011.01.05 04:34:09.050,0.94922,0.94992,1.65,1.84
2011.01.05 04:34:09.177,0.94922,0.94992,1.58,1.84
2011.01.05 04:34:09.285,0.94922,0.94992,1.50,1.69
2011.01.05 04:34:10.996,0.94919,0.94987,1.69,1.50
2011.01.05 04:34:11.435,0.94919,0.94987,1.84,1.69
2011.01.05 04:34:11.945,0.94918,0.94988,4.24,4.69
2011.01.05 04:34:12.927,0.94918,0.94988,1.84,4.69
2011.01.05 04:34:13.036,0.94918,0.94988,4.24,4.69
2011.01.05 04:34:15.479,0.94918,0.94988,4.62,4.84
2011.01.05 04:34:18.380,0.94918,0.94988,4.24,4.69
2011.01.05 04:34:18.911,0.94914,0.94982,2.74,1.69
2011.01.05 04:34:19.507,0.94918,0.94988,4.24,4.84
2011.01.05 04:34:20.973,0.94918,0.94988,4.28,4.77
2011.01.05 04:34:21.087,0.94918,0.94988,1.99,4.84
2011.01.05 04:34:22.813,0.94918,0.94988,4.28,4.77
2011.01.05 04:34:41.606,0.94914,0.94981,2.74,1.69
2011.01.05 04:34:44.846,0.94914,0.94981,2.40,1.69
2011.01.05 04:34:48.696,0.94914,0.94981,2.76,1.69
2011.01.05 04:34:48.994,0.94914,0.94981,2.40,1.69
2011.01.05 04:35:13.556,0.94913,0.94981,4.58,1.50
2011.01.05 04:35:13.666,0.94913,0.94981,4.20,1.50
2011.01.05 04:35:13.889,0.94913,0.94981,4.95,1.50
2011.01.05 04:35:14.819,0.94913,0.94981,3.98,1.50
2011.01.05 04:35:16.126,0.94913,0.94981,4.95,1.50
2011.01.05 04:35:16.234,0.94924,0.94988,1.80,2.25
2011.01.05 04:35:16.346,0.94924,0.94992,1.65,1.50
2011.01.05 04:35:16.704,0.94924,0.94992,4.68,1.69
2011.01.05 04:35:16.840,0.94924,0.94992,1.84,1.69
2011.01.05 04:35:17.125,0.94924,0.94992,1.99,1.69
2011.01.05 04:35:17.536,0.94919,0.94988,2.37,1.69
2011.01.05 04:35:20.515,0.94919,0.94988,2.74,1.69
2011.01.05 04:35:20.735,0.94919,0.94988,2.37,1.69
2011.01.05 04:35:20.845,0.94918,0.94988,1.80,2.44
2011.01.05 04:35:21.223,0.94918,0.94985,1.50,3.19
2011.01.05 04:35:21.795,0.94914,0.94982,1.84,2.44
2011.01.05 04:35:22.509,0.94914,0.94982,1.77,1.50
2011.01.05 04:35:22.619,0.94923,0.94993,1.50,4.77
2011.01.05 04:35:23.575,0.94923,0.94993,1.58,3.94
2011.01.05 04:35:24.225,0.94923,0.94993,1.65,3.94
2011.01.05 04:35:24.798,0.94923,0.94993,1.80,3.94
2011.01.05 04:35:26.504,0.94923,0.94993,1.95,4.09
2011.01.05 04:35:26.934,0.94923,0.94993,1.65,4.09
2011.01.05 04:35:27.543,0.94917,0.94982,6.51,1.50
2011.01.05 04:35:27.660,0.94923,0.94993,1.65,1.69
2011.01.05 04:35:27.876,0.94914,0.94981,2.74,1.50
2011.01.05 04:35:29.557,0.94914,0.94982,6.12,1.50
2011.01.05 04:35:29.995,0.94914,0.94982,6.15,1.50
2011.01.05 04:35:30.872,0.94914,0.94982,1.80,1.69
2011.01.05 04:35:30.988,0.94914,0.94982,4.20,1.69
2011.01.05 04:35:32.248,0.94914,0.94982,1.80,1.69
2011.01.05 04:35:32.466,0.94914,0.94982,1.84,1.50
2011.01.05 04:35:32.576,0.94924,0.94992,1.50,1.84
2011.01.05 04:35:33.556,0.94918,0.94988,1.77,1.50
2011.01.05 04:35:33.775,0.94923,0.94993,1.50,4.02
2011.01.05 04:35:34.895,0.94918,0.94988,1.99,1.50
2011.01.05 04:35:35.115,0.94923,0.94993,1.65,1.84
2011.01.05 04:35:37.095,0.94919,0.94987,1.84,1.50
2011.01.05 04:35:37.925,0.94923,0.94993,1.50,4.09
2011.01.05 04:35:40.393,0.94923,0.94993,1.65,9.87
2011.01.05 04:35:40.505,0.94923,0.94993,1.65,4.09
2011.01.05 04:35:44.514,0.94923,0.94993,1.65,9.87
2011.01.05 04:35:45.557,0.94923,0.94993,1.50,4.09
2011.01.05 04:35:47.166,0.94913,0.94978,4.20,2.25
2011.01.05 04:35:47.276,0.94908,0.94978,1.84,3.75
2011.01.05 04:35:47.491,0.94903,0.94973,4.28,1.50
2011.01.05 04:35:48.046,0.94903,0.94973,4.64,1.50
2011.01.05 04:35:48.155,0.94914,0.94976,1.65,2.25
2011.01.05 04:35:48.264,0.94914,0.94982,1.65,1.69
2011.01.05 04:35:49.325,0.94914,0.94982,1.58,1.69
2011.01.05 04:35:50.194,0.94914,0.94982,1.80,1.69
2011.01.05 04:35:50.925,0.94908,0.94978,4.68,1.50
2011.01.05 04:35:51.147,0.94904,0.94972,1.80,1.50
2011.01.05 04:35:51.766,0.94904,0.94972,3.98,1.50
2011.01.05 04:35:53.228,0.94904,0.94972,1.65,1.50
2011.01.05 04:35:53.335,0.94904,0.94972,4.20,1.50
2011.01.05 04:35:54.088,0.94908,0.94978,1.65,2.44
2011.01.05 04:35:54.746,0.94909,0.94977,1.80,1.69
2011.01.05 04:35:55.355,0.94902,0.94972,4.58,1.50
2011.01.05 04:35:55.935,0.94902,0.94972,4.35,1.50
2011.01.05 04:35:56.310,0.94902,0.94972,4.17,1.50
2011.01.05 04:35:56.966,0.94902,0.94972,4.17,1.50
2011.01.05 04:35:57.966,0.94902,0.94972,4.77,1.50
2011.01.05 04:35:58.077,0.94913,0.94979,1.80,2.25
2011.01.05 04:35:58.187,0.94913,0.94983,1.50,4.02
2011.01.05 04:35:58.612,0.94913,0.94983,1.65,3.94
2011.01.05 04:35:58.925,0.94913,0.94983,1.50,4.09
2011.01.05 04:35:59.646,0.94913,0.94983,1.58,1.77
2011.01.05 04:36:00.185,0.94909,0.94977,1.80,1.50
2011.01.05 04:36:01.038,0.94909,0.94977,1.80,1.69
2011.01.05 04:36:01.477,0.94903,0.94973,1.65,1.69
2011.01.05 04:36:02.286,0.94909,0.94977,1.80,1.69
2011.01.05 04:36:02.624,0.94909,0.94977,1.65,1.69
2011.01.05 04:36:03.048,0.94903,0.94973,4.24,1.50
2011.01.05 04:36:03.825,0.94903,0.94973,1.95,1.69
2011.01.05 04:36:06.241,0.94908,0.94978,1.80,1.69
2011.01.05 04:36:07.088,0.94908,0.94978,1.80,1.69
2011.01.05 04:36:07.664,0.94904,0.94972,4.09,1.69
2011.01.05 04:36:07.975,0.94904,0.94972,4.45,1.69
2011.01.05 04:36:08.085,0.94904,0.94972,4.24,1.69
2011.01.05 04:36:08.667,0.94904,0.94972,4.45,1.69
2011.01.05 04:36:09.059,0.94904,0.94972,4.24,1.69
2011.01.05 04:36:09.894,0.94904,0.94972,4.68,1.69
2011.01.05 04:36:10.008,0.94904,0.94972,4.09,1.69
2011.01.05 04:36:12.986,0.94904,0.94972,4.68,1.69
2011.01.05 04:36:13.820,0.94904,0.94957,4.20,2.44
2011.01.05 04:36:13.940,0.94885,0.94952,2.22,1.50
2011.01.05 04:36:14.055,0.94884,0.94952,1.65,1.69
2011.01.05 04:36:14.385,0.94879,0.94947,1.65,1.50
2011.01.05 04:36:14.497,0.94879,0.94947,1.65,1.50
2011.01.05 04:36:14.886,0.94873,0.94943,4.28,1.50
2011.01.05 04:36:15.216,0.94879,0.94947,1.58,1.50
2011.01.05 04:36:16.566,0.94879,0.94947,1.65,1.50
2011.01.05 04:36:16.821,0.94879,0.94947,1.65,1.50
2011.01.05 04:36:17.371,0.94879,0.94947,1.65,1.50
2011.01.05 04:36:18.143,0.94879,0.94947,1.80,1.50
2011.01.05 04:36:19.405,0.94883,0.94953,1.65,1.77
2011.01.05 04:36:21.216,0.94883,0.94953,1.65,1.58
2011.01.05 04:36:23.028,0.94883,0.94953,1.65,1.50
2011.01.05 04:36:28.625,0.94888,0.94955,1.50,2.25
2011.01.05 04:36:28.958,0.94884,0.94952,1.65,1.50
2011.01.05 04:36:29.359,0.94888,0.94958,1.50,1.84
2011.01.05 04:36:29.575,0.94888,0.94958,1.50,1.50
2011.01.05 04:36:29.685,0.94894,0.94962,1.50,1.50
2011.01.05 04:36:30.106,0.94899,0.94967,1.50,1.99
2011.01.05 04:36:30.612,0.94899,0.94967,1.50,1.69
2011.01.05 04:36:31.516,0.94899,0.94967,1.50,2.44
2011.01.05 04:36:31.736,0.94893,0.94963,1.58,2.44
2011.01.05 04:36:32.175,0.94893,0.94963,1.80,2.44
2011.01.05 04:36:32.515,0.94893,0.94963,1.65,2.44
2011.01.05 04:36:32.845,0.94893,0.94963,1.80,2.44
2011.01.05 04:36:32.956,0.94893,0.94963,1.73,2.44
2011.01.05 04:36:34.195,0.94893,0.94963,4.20,2.44
2011.01.05 04:36:34.305,0.94893,0.94963,1.80,2.44
2011.01.05 04:36:35.105,0.94893,0.94963,1.95,2.44
2011.01.05 04:36:35.787,0.94893,0.94963,1.80,2.44
2011.01.05 04:36:38.118,0.94893,0.94963,1.95,2.44
2011.01.05 04:36:38.776,0.94893,0.94963,4.20,2.44
2011.01.05 04:36:39.847,0.94893,0.94963,4.58,2.44
2011.01.05 04:36:39.957,0.94893,0.94963,1.73,2.44
2011.01.05 04:36:40.505,0.94888,0.94958,4.39,1.69
2011.01.05 04:36:41.752,0.94888,0.94958,4.62,1.69
2011.01.05 04:36:42.560,0.94888,0.94958,1.99,1.69
2011.01.05 04:36:46.567,0.94893,0.94963,1.73,2.52
2011.01.05 04:36:48.846,0.94893,0.94963,1.65,2.59
2011.01.05 04:36:49.517,0.94893,0.94963,1.95,6.12
2011.01.05 04:36:52.428,0.94893,0.94963,1.95,1.80
2011.01.05 04:36:52.788,0.94893,0.94963,4.58,1.65
2011.01.05 04:36:53.616,0.94894,0.9497,4.20,1.09
2011.01.05 04:36:53.726,0.94894,0.94962,4.20,1.50
2011.01.05 04:36:54.327,0.94893,0.94963,4.17,1.50
2011.01.05 04:36:57.537,0.94893,0.94963,3.98,1.58
2011.01.05 04:37:02.227,0.94894,0.94962,10.24,1.50
2011.01.05 04:37:02.797,0.94904,0.94972,1.65,1.50
2011.01.05 04:37:03.355,0.94904,0.94972,1.80,1.65
2011.01.05 04:37:05.088,0.94904,0.94972,1.65,1.80
2011.01.05 04:37:05.198,0.94904,0.94972,1.58,1.58
2011.01.05 04:37:09.246,0.94914,0.9498,1.50,2.55
2011.01.05 04:37:09.355,0.94914,0.9498,1.50,2.25
2011.01.05 04:37:09.466,0.94914,0.9498,1.50,2.33
2011.01.05 04:37:12.986,0.94914,0.94974,1.50,2.25
2011.01.05 04:37:13.778,0.94894,0.94961,6.15,1.50
2011.01.05 04:37:13.997,0.94893,0.94961,5.97,1.50
2011.01.05 04:37:14.105,0.94893,0.94954,2.74,1.50
2011.01.05 04:37:14.325,0.94898,0.94968,4.24,2.44
2011.01.05 04:37:14.435,0.94898,0.94968,5.05,2.44
2011.01.05 04:37:14.827,0.94903,0.94973,5.05,1.69
2011.01.05 04:37:15.515,0.94907,0.94973,1.30,1.69
2011.01.05 04:37:15.631,0.94911,0.94978,2.37,1.69
2011.01.05 04:37:15.856,0.94911,0.94973,1.09,1.50
2011.01.05 04:37:16.185,0.94911,0.94963,1.09,1.50
2011.01.05 04:37:16.657,0.94912,0.94974,1.47,1.50
2011.01.05 04:37:16.765,0.94918,0.94974,1.09,1.50
2011.01.05 04:37:16.985,0.94924,0.94992,1.69,2.74
2011.01.05 04:37:17.607,0.94924,0.94986,1.50,1.09
2011.01.05 04:37:17.936,0.94913,0.94982,3.19,1.69
2011.01.05 04:37:18.157,0.94913,0.94974,3.19,1.50
2011.01.05 04:37:18.687,0.94912,0.94974,1.02,1.50
2011.01.05 04:37:18.796,0.94919,0.94987,1.50,2.44
2011.01.05 04:37:18.906,0.94919,0.94987,1.69,2.44
2011.01.05 04:37:20.058,0.94908,0.94978,1.77,2.44
2011.01.05 04:37:21.146,0.94908,0.94978,4.28,2.44
2011.01.05 04:37:21.458,0.94908,0.94978,1.99,2.44
2011.01.05 04:37:22.175,0.94914,0.94979,1.50,3.19
2011.01.05 04:37:22.289,0.94908,0.94978,4.28,2.44
2011.01.05 04:37:22.615,0.94913,0.94983,1.50,2.52
2011.01.05 04:37:22.725,0.94913,0.94982,1.80,1.09
2011.01.05 04:37:23.357,0.94919,0.94987,1.69,2.59
2011.01.05 04:37:25.158,0.94919,0.94987,1.50,2.44
2011.01.05 04:37:25.375,0.94909,0.94977,1.84,2.44
2011.01.05 04:37:26.200,0.94909,0.94977,4.09,2.44
2011.01.05 04:37:26.553,0.94914,0.94982,2.44,1.69
2011.01.05 04:37:29.475,0.94919,0.94987,1.84,2.44
2011.01.05 04:37:33.265,0.94922,0.94992,1.65,2.59
2011.01.05 04:37:34.276,0.94922,0.94992,1.84,1.84
2011.01.05 04:37:34.996,0.94927,0.94997,1.65,2.59
2011.01.05 04:37:35.107,0.94923,0.94991,1.58,2.44
2011.01.05 04:37:41.208,0.94922,0.94992,1.65,2.44
2011.01.05 04:37:42.156,0.94927,0.94994,1.50,1.09
2011.01.05 04:37:42.917,0.94927,0.94994,1.50,2.37
2011.01.05 04:37:43.586,0.94923,0.94991,1.69,1.84
2011.01.05 04:37:44.185,0.94923,0.94988,1.69,1.09
2011.01.05 04:37:44.515,0.94928,0.94988,1.50,1.09
2011.01.05 04:37:45.186,0.94928,0.94994,1.69,2.37
2011.01.05 04:37:45.735,0.94922,0.94992,2.74,1.69
2011.01.05 04:37:46.457,0.94922,0.94991,2.74,1.69
2011.01.05 04:37:48.570,0.94922,0.94988,2.33,1.02
2011.01.05 04:37:48.796,0.94922,0.9499,4.24,1.69
2011.01.05 04:37:49.887,0.94923,0.94991,1.80,2.44
2011.01.05 04:37:50.106,0.94917,0.94981,1.02,1.50
2011.01.05 04:38:00.621,0.94921,0.94981,1.09,1.50
2011.01.05 04:38:01.017,0.94928,0.94993,1.50,1.09
2011.01.05 04:38:01.126,0.94932,0.94998,1.50,1.02
2011.01.05 04:38:01.669,0.94937,0.95005,1.50,2.29
2011.01.05 04:38:01.784,0.94933,0.95001,1.69,1.77
2011.01.05 04:38:02.666,0.94938,0.95005,1.50,1.24
2011.01.05 04:38:03.206,0.94938,0.95005,1.50,2.22
2011.01.05 04:38:04.036,0.94938,0.95005,1.50,1.09
2011.01.05 04:38:04.839,0.94938,0.95005,1.50,2.37
2011.01.05 04:38:05.275,0.94932,0.95005,3.94,1.09
2011.01.05 04:38:05.797,0.94922,0.94991,6.51,1.69
2011.01.05 04:38:06.036,0.94922,0.94991,2.74,2.44
2011.01.05 04:38:06.675,0.94917,0.94982,5.85,1.50
2011.01.05 04:38:08.407,0.94912,0.94982,10.68,1.50
2011.01.05 04:38:08.825,0.94912,0.94973,6.45,2.44
2011.01.05 04:38:08.936,0.94903,0.94973,4.20,2.44
2011.01.05 04:38:09.312,0.94909,0.94977,1.50,2.44
2011.01.05 04:38:09.427,0.94904,0.94972,1.80,1.69
2011.01.05 04:38:09.535,0.94904,0.94972,1.65,1.69
2011.01.05 04:38:10.585,0.94904,0.94972,1.58,1.69
2011.01.05 04:38:11.668,0.94907,0.94977,1.80,2.44
2011.01.05 04:38:11.908,0.94907,0.94977,1.80,1.50
2011.01.05 04:38:12.511,0.94913,0.94981,1.65,1.69
2011.01.05 04:38:12.906,0.94913,0.94981,1.50,2.44
2011.01.05 04:38:13.368,0.94902,0.94972,1.80,1.69
2011.01.05 04:38:13.805,0.94902,0.94972,1.95,1.69
2011.01.05 04:38:14.627,0.94902,0.94972,4.20,1.69
2011.01.05 04:38:17.126,0.94902,0.94972,4.58,1.69
2011.01.05 04:38:17.235,0.94902,0.94972,1.73,1.69
2011.01.05 04:38:17.456,0.94902,0.94972,4.58,1.69
2011.01.05 04:38:18.363,0.94902,0.94972,4.58,1.69
2011.01.05 04:38:18.559,0.94902,0.94972,1.95,1.69
2011.01.05 04:38:19.344,0.94902,0.94972,4.58,1.69
2011.01.05 04:38:19.459,0.94902,0.94972,1.95,1.69
2011.01.05 04:38:22.227,0.94902,0.94972,3.98,1.77
2011.01.05 04:38:23.097,0.94902,0.94972,1.95,1.69
2011.01.05 04:38:23.315,0.94902,0.94972,1.80,1.69
2011.01.05 04:38:24.386,0.94902,0.94972,1.58,1.69
2011.01.05 04:38:24.496,0.94902,0.94972,1.65,1.69
2011.01.05 04:38:25.897,0.94902,0.94972,1.65,1.69
2011.01.05 04:38:26.109,0.94902,0.94972,1.65,1.69
2011.01.05 04:38:27.986,0.94912,0.94981,1.50,2.22
2011.01.05 04:38:28.205,0.94912,0.94981,1.58,1.02
2011.01.05 04:38:28.315,0.94912,0.94982,1.80,2.44
2011.01.05 04:38:29.065,0.94918,0.94982,1.50,1.02
2011.01.05 04:38:29.485,0.94918,0.94986,1.69,1.77
2011.01.05 04:38:29.705,0.94923,0.94988,1.50,1.02
2011.01.05 04:38:30.041,0.94927,0.94988,1.50,1.02
2011.01.05 04:38:30.507,0.94923,0.9499,1.50,1.02
2011.01.05 04:38:30.615,0.94917,0.94987,3.83,1.77
2011.01.05 04:38:31.507,0.94908,0.94978,1.65,2.44
2011.01.05 04:38:32.727,0.94908,0.94978,2.52,1.50
2011.01.05 04:38:32.945,0.94917,0.94984,1.50,1.09
2011.01.05 04:38:37.667,0.94923,0.94988,1.50,1.09
2011.01.05 04:38:38.885,0.94923,0.94988,1.65,1.09
2011.01.05 04:38:39.546,0.94916,0.94982,2.40,2.44
2011.01.05 04:38:39.659,0.94917,0.94987,1.80,2.44
2011.01.05 04:38:39.905,0.94917,0.94987,1.58,2.44
2011.01.05 04:38:41.215,0.94917,0.94987,1.80,2.44
2011.01.05 04:38:41.437,0.94917,0.94987,1.65,2.44
2011.01.05 04:38:43.199,0.94917,0.94984,1.50,2.37
2011.01.05 04:38:43.415,0.94917,0.94984,1.50,1.09
2011.01.05 04:38:47.010,0.94917,0.94978,1.65,2.25
2011.01.05 04:38:47.347,0.94912,0.94977,2.33,1.02
2011.01.05 04:38:47.778,0.94907,0.94977,1.65,2.44
2011.01.05 04:38:48.781,0.94902,0.94972,1.80,1.69
2011.01.05 04:38:49.435,0.94902,0.94972,1.80,1.69
2011.01.05 04:38:50.346,0.94902,0.94972,1.80,1.69
2011.01.05 04:38:57.250,0.94902,0.94972,4.20,1.69
2011.01.05 04:38:57.475,0.94902,0.94972,1.80,1.69
2011.01.05 04:38:58.052,0.94902,0.94972,1.65,1.69
2011.01.05 04:38:58.169,0.94902,0.94972,1.95,1.69
2011.01.05 04:38:58.278,0.94902,0.94972,1.80,1.69
2011.01.05 04:38:59.076,0.94902,0.94972,1.65,1.69
2011.01.05 04:38:59.186,0.94902,0.94972,1.58,1.77
2011.01.05 04:39:02.416,0.94902,0.94972,1.65,1.77
2011.01.05 04:39:02.526,0.94902,0.94972,1.65,1.69
2011.01.05 04:39:03.138,0.94902,0.94972,1.65,1.77
2011.01.05 04:39:03.576,0.94902,0.94972,1.65,1.84
2011.01.05 04:39:04.667,0.94893,0.94971,1.95,2.44
2011.01.05 04:39:05.937,0.94903,0.94971,1.65,1.50
2011.01.05 04:39:13.405,0.94903,0.94971,1.58,1.50
2011.01.05 04:39:14.076,0.94903,0.94971,1.58,1.50
2011.01.05 04:39:14.756,0.94903,0.94971,1.65,1.50
2011.01.05 04:39:15.413,0.94908,0.94981,1.65,2.44
2011.01.05 04:39:16.159,0.94918,0.94982,1.50,1.02
2011.01.05 04:39:16.376,0.94912,0.9498,1.58,1.02
2011.01.05 04:39:16.902,0.94912,0.9498,1.65,1.09
2011.01.05 04:39:17.216,0.94912,0.9498,1.80,1.09
2011.01.05 04:39:20.443,0.94912,0.9498,1.65,2.22
2011.01.05 04:39:21.416,0.94912,0.9498,1.80,1.09
2011.01.05 04:39:24.381,0.94912,0.9498,1.65,2.22
2011.01.05 04:39:24.815,0.94912,0.94982,1.99,1.84
2011.01.05 04:39:26.386,0.94917,0.94983,1.77,2.40
2011.01.05 04:39:26.770,0.94917,0.94983,1.99,2.37
2011.01.05 04:39:26.886,0.94917,0.94983,1.84,1.24
2011.01.05 04:39:27.540,0.94912,0.94982,1.77,1.77
2011.01.05 04:39:27.646,0.94912,0.94982,1.58,1.77
2011.01.05 04:39:28.216,0.94912,0.94982,1.65,1.69
2011.01.05 04:39:30.489,0.94912,0.94982,1.80,1.84
2011.01.05 04:39:34.938,0.94912,0.94982,1.65,1.99
2011.01.05 04:39:36.806,0.94912,0.94977,1.50,3.19
2011.01.05 04:39:36.918,0.94904,0.94972,1.65,1.69
2011.01.05 04:39:37.778,0.94912,0.94982,1.65,1.99
2011.01.05 04:39:41.478,0.94912,0.94982,1.80,1.99
2011.01.05 04:40:03.196,0.94912,0.94978,1.50,1.02
2011.01.05 04:40:03.415,0.94904,0.94972,1.58,1.69
2011.01.05 04:40:08.296,0.94904,0.94972,1.80,1.69
2011.01.05 04:40:08.460,0.94904,0.94972,1.65,1.69
2011.01.05 04:40:08.955,0.94904,0.94972,1.65,1.69
2011.01.05 04:40:09.535,0.94904,0.94972,1.80,1.69
2011.01.05 04:40:09.876,0.94904,0.94972,1.65,1.69
2011.01.05 04:40:10.328,0.94918,0.94986,1.50,1.77
2011.01.05 04:40:10.937,0.94922,0.94991,1.50,2.22
2011.01.05 04:40:11.157,0.94922,0.94991,1.50,1.09
2011.01.05 04:40:13.766,0.94917,0.94987,4.24,1.99
2011.01.05 04:40:15.029,0.94917,0.94987,1.80,2.59
2011.01.05 04:40:15.819,0.94917,0.94984,1.80,1.09
2011.01.05 04:40:22.317,0.94917,0.94987,1.80,2.59
2011.01.05 04:40:23.430,0.94917,0.94984,1.65,1.02
2011.01.05 04:40:24.739,0.94917,0.94985,1.65,1.02
2011.01.05 04:40:25.306,0.94912,0.94982,4.20,1.84
2011.01.05 04:40:30.777,0.94912,0.94982,1.80,1.69
2011.01.05 04:40:30.996,0.94912,0.94982,4.20,1.69
2011.01.05 04:40:40.182,0.94912,0.94982,1.80,1.69
2011.01.05 04:40:44.598,0.94912,0.94982,1.65,1.69
2011.01.05 04:40:45.047,0.94912,0.94982,1.80,1.69
2011.01.05 04:40:46.437,0.94912,0.94982,4.20,1.69
2011.01.05 04:40:46.655,0.94912,0.94982,1.80,1.69
2011.01.05 04:40:47.166,0.94912,0.94982,1.65,1.69
2011.01.05 04:40:49.036,0.94912,0.94982,1.65,1.69
2011.01.05 04:40:49.691,0.94912,0.94982,1.80,1.69
2011.01.05 04:40:51.576,0.94912,0.94982,4.20,1.69
2011.01.05 04:40:51.795,0.94912,0.94982,1.80,1.69
2011.01.05 04:40:53.214,0.94912,0.94982,1.95,1.69
2011.01.05 04:40:53.436,0.94913,0.94981,1.65,1.69
2011.01.05 04:40:53.847,0.94913,0.94981,1.95,1.69
2011.01.05 04:41:07.421,0.94913,0.94981,1.80,1.69
2011.01.05 04:41:09.225,0.94913,0.94981,1.80,1.69
2011.01.05 04:41:17.095,0.94913,0.94981,1.65,1.69
2011.01.05 04:41:17.746,0.94913,0.94981,1.58,1.69
2011.01.05 04:41:18.609,0.94913,0.94981,1.80,1.69
2011.01.05 04:41:24.287,0.94917,0.94981,2.40,1.50
2011.01.05 04:41:24.582,0.94923,0.94991,1.50,1.69
2011.01.05 04:41:24.806,0.94927,0.94995,1.50,1.77
2011.01.05 04:41:29.997,0.94927,0.94995,1.65,1.84
2011.01.05 04:41:30.336,0.94927,0.94995,1.65,1.69
2011.01.05 04:41:32.742,0.94927,0.94995,1.80,1.69
2011.01.05 04:41:46.256,0.94927,0.94995,1.58,1.69
2011.01.05 04:41:47.248,0.94927,0.94995,1.65,1.84
2011.01.05 04:41:47.799,0.94927,0.94995,1.65,1.69
2011.01.05 04:41:55.476,0.94932,0.95011,1.50,4.62
2011.01.05 04:41:55.971,0.94937,0.95005,1.50,4.09
2011.01.05 04:41:56.090,0.94946,0.95016,1.50,1.84
2011.01.05 04:41:56.826,0.94946,0.95016,1.50,1.84
2011.01.05 04:41:59.506,0.94946,0.95016,1.50,4.24
2011.01.05 04:42:01.722,0.94946,0.95016,1.50,1.84
2011.01.05 04:42:02.295,0.94946,0.95016,1.50,1.84
2011.01.05 04:42:04.485,0.94946,0.95016,1.50,1.84
2011.01.05 04:42:12.426,0.94946,0.95016,1.50,1.84
2011.01.05 04:42:20.407,0.94946,0.95016,1.69,1.65
2011.01.05 04:42:24.943,0.94947,0.95015,1.77,1.50
2011.01.05 04:42:26.648,0.94947,0.95015,1.99,1.50
2011.01.05 04:42:26.756,0.94947,0.95015,1.77,1.50
2011.01.05 04:42:42.673,0.94947,0.95015,1.69,1.65
2011.01.05 04:42:49.496,0.94947,0.95015,1.69,1.65
2011.01.05 04:42:49.605,0.94947,0.95015,1.50,1.84
2011.01.05 04:42:50.259,0.94947,0.95015,1.65,1.69
2011.01.05 04:42:52.979,0.94947,0.95015,1.50,1.77
2011.01.05 04:42:59.694,0.94947,0.95015,1.50,4.24
2011.01.05 04:43:00.407,0.94947,0.95015,1.50,1.84
2011.01.05 04:43:02.914,0.94947,0.95015,1.50,1.84
2011.01.05 04:43:03.140,0.94947,0.95015,1.50,4.24
2011.01.05 04:43:03.824,0.94947,0.95015,1.50,1.77
2011.01.05 04:43:10.244,0.94947,0.95015,1.50,4.24
2011.01.05 04:43:17.996,0.94947,0.95015,1.50,1.77
2011.01.05 04:43:18.573,0.94947,0.95015,1.50,1.77
2011.01.05 04:43:18.689,0.94947,0.95015,1.50,4.24
2011.01.05 04:43:19.338,0.94947,0.95015,1.50,1.84
2011.01.05 04:43:20.028,0.94942,0.95012,1.50,1.50
2011.01.05 04:43:20.247,0.94942,0.95012,1.50,1.65
2011.01.05 04:43:20.587,0.94947,0.95015,1.50,4.24
2011.01.05 04:43:21.806,0.94947,0.95015,1.50,4.24
2011.01.05 04:43:25.305,0.94947,0.95015,1.50,1.84
2011.01.05 04:43:26.125,0.94943,0.95011,1.65,1.50
2011.01.05 04:43:26.873,0.94946,0.95016,1.50,4.09
2011.01.05 04:43:28.220,0.94946,0.95016,1.50,4.24
2011.01.05 04:43:32.919,0.94946,0.95016,1.50,1.84
2011.01.05 04:43:36.985,0.94946,0.95016,1.50,1.84
2011.01.05 04:43:37.296,0.94946,0.95016,1.50,4.24
2011.01.05 04:43:37.859,0.94946,0.95016,1.50,1.84
2011.01.05 04:43:38.469,0.94946,0.95016,1.50,4.24
2011.01.05 04:43:38.977,0.94946,0.95016,1.50,1.84
2011.01.05 04:43:39.995,0.94946,0.95016,1.50,1.84
2011.01.05 04:43:40.556,0.94946,0.95016,1.50,1.84
2011.01.05 04:43:46.411,0.94946,0.95016,1.50,1.84
2011.01.05 04:43:49.187,0.94946,0.95016,1.58,1.77
2011.01.05 04:43:49.298,0.94946,0.95016,1.50,4.24
2011.01.05 04:43:49.717,0.94946,0.95016,1.50,1.65
2011.01.05 04:43:49.827,0.94946,0.95016,1.69,1.65
2011.01.05 04:43:50.046,0.94951,0.95021,1.50,1.65
2011.01.05 04:43:50.155,0.94956,0.95026,1.50,4.24
2011.01.05 04:43:51.165,0.94956,0.95026,1.50,4.09
2011.01.05 04:43:51.690,0.94956,0.95026,1.50,1.77
2011.01.05 04:43:51.798,0.94956,0.95026,1.50,4.09
2011.01.05 04:43:54.407,0.94956,0.95026,1.50,1.84
2011.01.05 04:43:54.521,0.94956,0.95026,1.50,4.09
2011.01.05 04:43:56.455,0.94956,0.95026,1.50,4.24
2011.01.05 04:43:59.846,0.94962,0.9503,1.69,4.20
2011.01.05 04:44:00.067,0.94967,0.95035,1.50,4.20
2011.01.05 04:44:00.726,0.94967,0.95035,1.50,4.20
2011.01.05 04:44:12.858,0.94967,0.95035,1.50,3.98
2011.01.05 04:44:16.337,0.94967,0.95035,1.50,4.20
2011.01.05 04:44:18.068,0.94967,0.95035,1.50,1.65
2011.01.05 04:44:18.288,0.94962,0.9503,1.84,1.65
2011.01.05 04:44:18.828,0.94962,0.9503,1.84,1.65
2011.01.05 04:44:19.798,0.94962,0.9503,1.69,1.65
2011.01.05 04:44:21.011,0.94957,0.95025,1.65,1.65
2011.01.05 04:44:21.117,0.94957,0.95025,1.50,1.80
2011.01.05 04:44:21.857,0.94957,0.95025,1.50,1.80
2011.01.05 04:44:22.616,0.94962,0.9503,1.50,1.80
2011.01.05 04:44:23.279,0.94962,0.9503,1.50,1.65
2011.01.05 04:44:23.995,0.94962,0.9503,1.50,1.65
2011.01.05 04:44:25.277,0.94962,0.9503,1.50,1.80
2011.01.05 04:44:28.396,0.94962,0.9503,1.50,3.98
2011.01.05 04:44:30.676,0.94962,0.9503,1.65,1.80
2011.01.05 04:44:31.508,0.94962,0.9503,1.65,4.20
2011.01.05 04:44:46.169,0.94962,0.9503,1.65,1.80
2011.01.05 04:44:47.477,0.94962,0.9503,1.65,4.20
2011.01.05 04:44:49.996,0.94962,0.9503,1.50,1.80
2011.01.05 04:44:50.556,0.94962,0.9503,1.58,4.09
2011.01.05 04:44:53.796,0.94961,0.95031,1.50,4.24
2011.01.05 04:44:53.906,0.94961,0.95031,1.58,4.45
2011.01.05 04:45:00.073,0.94961,0.95031,1.50,4.24
2011.01.05 04:45:00.458,0.94961,0.95028,1.65,1.09
2011.01.05 04:45:00.949,0.94961,0.95031,1.50,1.69
2011.01.05 04:45:01.632,0.94961,0.95031,1.50,1.84
2011.01.05 04:45:03.997,0.94961,0.95031,1.50,1.77
2011.01.05 04:45:04.605,0.94961,0.95031,1.50,4.09
2011.01.05 04:45:06.986,0.94961,0.95031,1.50,4.24
2011.01.05 04:45:07.657,0.94956,0.95026,1.65,1.65
2011.01.05 04:45:08.288,0.94956,0.95026,1.65,2.59
2011.01.05 04:45:08.616,0.94962,0.95026,1.50,1.09
2011.01.05 04:45:09.076,0.94962,0.95026,1.50,2.37
2011.01.05 04:45:10.057,0.94962,0.95028,1.50,6.15
2011.01.05 04:45:10.449,0.94962,0.95028,1.50,2.74
2011.01.05 04:45:18.687,0.94967,0.95033,1.50,6.45
2011.01.05 04:45:19.017,0.94967,0.95033,1.50,6.08
2011.01.05 04:45:22.864,0.94967,0.95033,1.50,2.70
2011.01.05 04:45:23.378,0.94967,0.95033,1.50,5.85
2011.01.05 04:45:24.327,0.94967,0.95033,1.50,6.45
2011.01.05 04:45:25.068,0.94967,0.95033,1.50,6.45
2011.01.05 04:45:25.176,0.94967,0.95033,1.50,2.48
2011.01.05 04:45:25.921,0.94967,0.95033,1.50,6.08
2011.01.05 04:45:30.138,0.94967,0.95033,1.65,6.08
2011.01.05 04:45:30.268,0.94967,0.95033,1.65,2.55
2011.01.05 04:45:30.937,0.94967,0.95035,1.50,4.24
2011.01.05 04:45:33.222,0.94967,0.95035,1.58,4.09
2011.01.05 04:45:33.747,0.94967,0.95033,1.50,2.40
2011.01.05 04:45:34.607,0.94967,0.95033,1.50,2.70
2011.01.05 04:45:36.806,0.94967,0.95029,1.50,2.55
2011.01.05 04:45:38.088,0.94967,0.95034,1.50,6.93
2011.01.05 04:45:38.441,0.94967,0.95034,1.50,6.33
2011.01.05 04:45:38.561,0.94966,0.95028,1.50,6.08
2011.01.05 04:45:38.898,0.94966,0.95028,1.50,2.55
2011.01.05 04:45:40.491,0.94966,0.95028,1.50,2.55
2011.01.05 04:45:44.806,0.94977,0.95033,1.50,6.08
2011.01.05 04:45:44.923,0.94976,0.95046,2.44,1.58
2011.01.05 04:45:45.040,0.94976,0.95046,1.50,1.65
2011.01.05 04:45:45.659,0.94976,0.95046,1.50,1.65
2011.01.05 04:45:45.767,0.94976,0.95045,1.50,1.09
2011.01.05 04:45:45.878,0.94966,0.95036,1.65,1.50
2011.01.05 04:45:46.328,0.94971,0.95041,1.50,1.84
2011.01.05 04:45:46.439,0.94967,0.95035,1.65,1.50
2011.01.05 04:45:47.598,0.94972,0.9504,1.50,1.50
2011.01.05 04:45:48.546,0.94972,0.9504,1.50,1.65
2011.01.05 04:45:48.876,0.94966,0.95036,3.90,1.50
2011.01.05 04:45:48.987,0.94976,0.95046,1.50,9.87
2011.01.05 04:45:49.097,0.94976,0.95046,1.50,1.58
2011.01.05 04:45:49.679,0.94981,0.95049,1.50,1.69
2011.01.05 04:45:49.897,0.94981,0.95049,1.50,1.84
2011.01.05 04:45:50.007,0.94975,0.95045,1.50,1.50
2011.01.05 04:45:50.756,0.94975,0.95045,1.65,1.50
2011.01.05 04:45:51.993,0.94975,0.95045,1.65,1.65
2011.01.05 04:45:52.230,0.94975,0.95045,1.58,1.50
2011.01.05 04:45:52.822,0.94971,0.95041,1.58,1.50
2011.01.05 04:45:52.933,0.94966,0.95036,1.84,1.50
2011.01.05 04:45:53.159,0.94966,0.95036,4.24,1.50
2011.01.05 04:45:53.687,0.94966,0.95036,1.99,1.50
2011.01.05 04:45:55.181,0.94966,0.95036,4.17,1.50
2011.01.05 04:45:55.997,0.94966,0.95036,1.99,1.50
2011.01.05 04:45:56.374,0.94966,0.95036,3.98,1.69
2011.01.05 04:45:57.295,0.94966,0.95036,4.62,1.50
2011.01.05 04:45:57.406,0.94971,0.95041,1.65,1.50
2011.01.05 04:45:57.516,0.94971,0.95041,1.65,3.90
2011.01.05 04:45:57.862,0.94967,0.95035,4.24,1.50
2011.01.05 04:46:00.436,0.94967,0.95035,1.99,1.50
2011.01.05 04:46:03.668,0.94967,0.95035,1.84,1.50
2011.01.05 04:46:05.917,0.94961,0.95031,1.58,1.50
2011.01.05 04:46:09.399,0.94961,0.95031,1.80,1.50
2011.01.05 04:46:09.791,0.94967,0.95035,1.80,1.50
2011.01.05 04:46:10.210,0.94967,0.95035,1.65,1.50
2011.01.05 04:46:10.465,0.94967,0.95035,1.80,1.50
2011.01.05 04:46:12.338,0.94967,0.95035,1.65,1.50
2011.01.05 04:46:12.447,0.94967,0.95035,1.65,1.65
2011.01.05 04:46:13.117,0.94967,0.95035,1.65,1.50
2011.01.05 04:46:13.695,0.94967,0.95035,1.58,1.58
2011.01.05 04:46:14.386,0.94967,0.95035,1.50,1.58
2011.01.05 04:46:14.716,0.94967,0.95035,1.50,1.80
2011.01.05 04:46:18.336,0.94967,0.95035,1.58,1.65
2011.01.05 04:46:18.558,0.94967,0.95035,1.65,1.65
2011.01.05 04:46:18.666,0.94967,0.95035,1.65,1.50
2011.01.05 04:46:18.885,0.94967,0.95035,1.65,1.65
2011.01.05 04:46:19.617,0.94961,0.95031,1.77,1.50
2011.01.05 04:46:19.727,0.94961,0.95031,1.84,1.65
2011.01.05 04:46:20.324,0.94956,0.95026,1.65,1.50
2011.01.05 04:46:22.308,0.94956,0.95026,1.65,1.50
2011.01.05 04:46:22.435,0.94956,0.95026,1.65,1.50
2011.01.05 04:46:22.768,0.94956,0.95026,1.80,1.50
2011.01.05 04:46:23.657,0.94956,0.95026,1.58,1.50
2011.01.05 04:46:27.407,0.94962,0.9503,1.50,1.69
2011.01.05 04:46:27.755,0.94956,0.95026,1.50,1.65
2011.01.05 04:46:30.388,0.94956,0.95026,1.58,1.50
2011.01.05 04:46:31.098,0.94956,0.95026,1.80,1.50
2011.01.05 04:46:31.987,0.94956,0.95026,1.65,1.50
2011.01.05 04:46:33.047,0.94956,0.95026,1.80,1.50
2011.01.05 04:46:33.234,0.94956,0.95026,1.50,1.65
2011.01.05 04:46:34.900,0.94956,0.95026,1.65,1.50
2011.01.05 04:46:35.346,0.94956,0.95026,1.50,1.58
2011.01.05 04:46:40.808,0.94956,0.95026,1.50,1.65
2011.01.05 04:46:41.633,0.94956,0.95026,1.80,1.50
2011.01.05 04:46:41.749,0.94956,0.95026,1.50,1.65
2011.01.05 04:46:41.857,0.94956,0.95026,1.50,1.65
2011.01.05 04:46:42.076,0.94956,0.95026,1.50,1.58
2011.01.05 04:46:42.308,0.94956,0.95026,1.50,1.80
2011.01.05 04:46:42.698,0.94956,0.95026,1.50,1.58
2011.01.05 04:46:46.250,0.94956,0.95026,1.58,1.50
2011.01.05 04:46:48.410,0.94956,0.95026,1.65,1.50
2011.01.05 04:46:50.527,0.94956,0.95026,1.65,1.58
2011.01.05 04:46:51.792,0.94956,0.95026,1.80,1.65
2011.01.05 04:46:56.546,0.94957,0.95025,1.80,1.50
2011.01.05 04:46:57.079,0.94957,0.95025,1.80,1.65
2011.01.05 04:46:57.187,0.94957,0.95025,1.80,1.50
2011.01.05 04:47:00.408,0.94957,0.95025,1.65,1.69
2011.01.05 04:47:00.517,0.94957,0.95025,1.50,1.84
2011.01.05 04:47:00.827,0.94942,0.9502,4.24,1.69
2011.01.05 04:47:00.939,0.94952,0.9502,1.50,1.84
2011.01.05 04:47:01.267,0.94956,0.95026,1.50,1.65
2011.01.05 04:47:03.576,0.94956,0.95026,1.65,1.65
2011.01.05 04:47:07.345,0.94956,0.95026,1.65,1.80
2011.01.05 04:47:07.459,0.94956,0.95026,1.58,1.58
2011.01.05 04:47:07.898,0.94956,0.95026,1.50,1.65
2011.01.05 04:47:08.627,0.94956,0.95026,1.50,1.65
2011.01.05 04:47:09.007,0.94956,0.95026,1.80,1.65
2011.01.05 04:47:09.380,0.94956,0.95026,1.80,1.50
2011.01.05 04:47:09.513,0.94956,0.95026,1.65,1.50
2011.01.05 04:47:10.378,0.94956,0.95026,1.50,1.50
2011.01.05 04:47:12.870,0.94956,0.95026,1.50,1.65
2011.01.05 04:47:14.206,0.94956,0.95026,1.50,1.80
2011.01.05 04:47:14.554,0.94956,0.95026,1.50,1.65
2011.01.05 04:47:14.946,0.94956,0.95026,1.65,1.50
2011.01.05 04:47:17.067,0.94956,0.95026,1.50,1.50
2011.01.05 04:47:17.287,0.94956,0.95026,1.50,1.65
2011.01.05 04:47:17.636,0.94956,0.95026,1.50,1.80
2011.01.05 04:47:24.518,0.94956,0.95026,1.50,1.65
2011.01.05 04:47:24.627,0.94956,0.95026,1.50,1.50
2011.01.05 04:47:25.009,0.94956,0.95026,1.50,1.65
2011.01.05 04:47:25.477,0.94956,0.95026,1.50,1.50
2011.01.05 04:47:27.507,0.94956,0.95026,1.50,1.80
2011.01.05 04:47:27.620,0.94956,0.95026,1.50,1.65
2011.01.05 04:47:29.662,0.94957,0.95025,1.50,1.65
2011.01.05 04:47:30.470,0.94957,0.95025,1.50,1.58
2011.01.05 04:47:33.977,0.94957,0.95025,1.50,1.80
2011.01.05 04:47:34.087,0.94957,0.95025,1.50,1.58
2011.01.05 04:47:34.343,0.94957,0.95025,1.50,1.65
2011.01.05 04:47:34.457,0.94957,0.95025,1.50,1.58
2011.01.05 04:47:34.567,0.94951,0.95021,1.69,1.50
2011.01.05 04:47:35.086,0.94951,0.95021,1.50,1.50
2011.01.05 04:47:37.396,0.94951,0.95021,1.50,1.58
2011.01.05 04:47:39.132,0.94951,0.95021,1.50,1.80
2011.01.05 04:47:39.626,0.94947,0.95015,1.50,1.50
2011.01.05 04:47:41.737,0.94947,0.95015,1.50,1.65
2011.01.05 04:47:41.962,0.94947,0.95015,1.50,1.50
2011.01.05 04:47:42.416,0.94947,0.95015,1.50,1.65
2011.01.05 04:47:44.738,0.94947,0.95015,1.50,1.50
2011.01.05 04:47:56.421,0.94947,0.95015,1.50,1.58
2011.01.05 04:47:56.541,0.94947,0.95015,1.65,1.50
2011.01.05 04:47:56.981,0.94956,0.95024,1.50,1.50
2011.01.05 04:47:57.431,0.94955,0.95025,1.50,1.65
2011.01.05 04:47:57.657,0.94955,0.95025,1.50,1.50
2011.01.05 04:47:58.057,0.94955,0.95025,1.50,1.65
2011.01.05 04:47:58.387,0.94952,0.9502,1.69,1.50
2011.01.05 04:48:02.404,0.94961,0.95025,1.50,2.40
2011.01.05 04:48:02.795,0.94961,0.95025,1.50,2.25
2011.01.05 04:48:02.906,0.94961,0.95029,1.50,1.69
2011.01.05 04:48:03.017,0.94961,0.95029,1.69,1.50
2011.01.05 04:48:03.126,0.94966,0.95034,1.50,1.50
2011.01.05 04:48:04.466,0.9497,0.9504,1.69,1.50
2011.01.05 04:48:04.688,0.94976,0.95044,1.50,1.50
2011.01.05 04:48:05.100,0.94961,0.95039,1.50,1.50
2011.01.05 04:48:05.316,0.94966,0.95034,1.50,1.50
2011.01.05 04:48:06.408,0.94971,0.95039,1.50,1.50
2011.01.05 04:48:06.737,0.94981,0.95046,1.50,2.59
2011.01.05 04:48:06.957,0.94981,0.95049,1.50,1.65
2011.01.05 04:48:07.067,0.94981,0.95049,1.50,1.65
2011.01.05 04:48:07.570,0.94991,0.95054,1.50,2.59
2011.01.05 04:48:07.896,0.94991,0.95059,1.50,4.17
2011.01.05 04:48:08.407,0.94976,0.95044,1.69,1.69
2011.01.05 04:48:09.086,0.94976,0.95044,1.77,1.69
2011.01.05 04:48:10.557,0.94978,0.95039,1.02,1.50
2011.01.05 04:48:13.097,0.94979,0.95039,2.22,1.50
2011.01.05 04:48:13.766,0.94979,0.95039,1.09,1.50
2011.01.05 04:48:17.478,0.94981,0.95039,1.24,1.50
2011.01.05 04:48:17.696,0.94981,0.95049,1.24,1.50
2011.01.05 04:48:18.211,0.95,0.95068,1.50,1.09
2011.01.05 04:48:18.656,0.95,0.9507,1.69,1.84
2011.01.05 04:48:20.064,0.95,0.9507,1.69,1.99
2011.01.05 04:48:20.840,0.95,0.9507,1.69,4.24
2011.01.05 04:48:20.961,0.95,0.9507,1.69,1.84
2011.01.05 04:48:21.079,0.94995,0.95065,4.69,1.65
2011.01.05 04:48:22.317,0.94995,0.95065,2.44,1.58
2011.01.05 04:48:24.543,0.94995,0.95065,2.44,1.65
2011.01.05 04:48:26.746,0.94995,0.95065,2.44,1.65
2011.01.05 04:48:26.856,0.94994,0.9506,1.32,1.50
2011.01.05 04:48:27.077,0.95004,0.95069,2.44,1.50
2011.01.05 04:48:28.982,0.95004,0.95069,2.59,1.50
2011.01.05 04:48:29.911,0.95004,0.95069,2.44,1.50
2011.01.05 04:48:30.136,0.95002,0.95059,1.09,1.50
2011.01.05 04:48:31.630,0.95005,0.95075,1.69,4.24
2011.01.05 04:48:32.789,0.95005,0.95075,1.69,4.28
2011.01.05 04:48:33.468,0.95005,0.95075,1.69,4.24
2011.01.05 04:48:35.013,0.9501,0.95078,1.50,2.74
2011.01.05 04:48:40.978,0.9501,0.95077,1.50,1.24
2011.01.05 04:48:42.397,0.9501,0.95078,1.50,2.74
2011.01.05 04:48:42.617,0.95,0.9507,2.44,1.65
2011.01.05 04:48:43.266,0.9501,0.95078,1.50,2.74
2011.01.05 04:48:45.286,0.95005,0.95068,1.50,1.09
2011.01.05 04:48:45.506,0.95001,0.95068,1.50,1.09
2011.01.05 04:48:46.008,0.95,0.95068,1.69,1.09
2011.01.05 04:48:48.067,0.94994,0.9506,1.09,1.50
2011.01.05 04:48:51.007,0.94994,0.9506,1.02,1.58
2011.01.05 04:48:51.276,0.94994,0.9506,1.09,1.50
2011.01.05 04:48:51.503,0.95001,0.95066,1.50,1.09
2011.01.05 04:48:51.796,0.94994,0.9506,1.09,1.50
2011.01.05 04:48:52.137,0.94994,0.9506,1.02,1.58
2011.01.05 04:48:52.638,0.94994,0.9506,1.09,1.50
2011.01.05 04:48:53.657,0.95,0.95066,1.69,1.09
2011.01.05 04:48:53.877,0.94994,0.9506,1.09,1.50
2011.01.05 04:48:55.008,0.94994,0.9506,1.09,1.65
2011.01.05 04:48:55.116,0.94994,0.9506,1.09,1.50
2011.01.05 04:48:55.376,0.94994,0.9506,2.37,1.50
2011.01.05 04:48:55.686,0.95,0.95066,1.69,1.09
2011.01.05 04:48:55.796,0.94994,0.95059,1.09,1.65
2011.01.05 04:48:56.448,0.94994,0.95059,1.02,1.50
2011.01.05 04:48:57.055,0.94994,0.95059,1.09,1.65
2011.01.05 04:48:59.706,0.94992,0.95059,1.09,1.65
2011.01.05 04:49:00.818,0.94991,0.95059,1.65,1.50
2011.01.05 04:49:00.927,0.94991,0.95059,1.65,1.65
2011.01.05 04:49:04.066,0.94991,0.95059,1.65,1.50
2011.01.05 04:49:05.062,0.94991,0.95059,1.58,1.58
2011.01.05 04:49:07.397,0.94991,0.95059,1.65,1.50
2011.01.05 04:49:07.921,0.94991,0.95059,1.58,1.50
2011.01.05 04:49:09.106,0.94991,0.95059,1.65,1.65
2011.01.05 04:49:13.487,0.94991,0.95059,1.65,1.50
2011.01.05 04:49:14.747,0.94991,0.95059,1.65,1.58
2011.01.05 04:49:15.359,0.94991,0.95059,1.58,1.58
2011.01.05 04:49:17.158,0.94991,0.95059,1.80,1.65
2011.01.05 04:49:17.597,0.94991,0.95059,1.65,1.65
2011.01.05 04:49:17.720,0.94991,0.95059,1.50,1.80
2011.01.05 04:49:18.103,0.94991,0.95059,1.58,1.65
2011.01.05 04:49:18.381,0.94991,0.95059,1.50,1.65
2011.01.05 04:49:19.098,0.94991,0.95059,1.65,1.65
2011.01.05 04:49:23.237,0.94991,0.95059,1.50,1.65
2011.01.05 04:49:26.568,0.94991,0.95059,1.58,1.58
2011.01.05 04:49:26.908,0.94991,0.95059,1.50,1.80
2011.01.05 04:49:27.317,0.94991,0.95059,1.65,1.65
2011.01.05 04:49:32.336,0.94991,0.95059,1.50,1.80
2011.01.05 04:49:32.827,0.94991,0.95059,1.69,1.80
2011.01.05 04:49:32.917,0.94991,0.95064,1.84,1.80
2011.01.05 04:49:33.247,0.9499,0.9506,1.84,1.50
2011.01.05 04:49:33.403,0.9499,0.9506,1.69,1.65
2011.01.05 04:49:39.308,0.9499,0.9506,1.77,1.50
2011.01.05 04:49:40.464,0.9499,0.9506,1.77,1.58
2011.01.05 04:49:43.423,0.9499,0.9506,1.77,1.65
2011.01.05 04:49:43.778,0.9499,0.9506,1.77,1.58
2011.01.05 04:49:44.428,0.94986,0.95054,1.58,1.50
2011.01.05 04:49:44.646,0.94982,0.9505,1.84,1.50
2011.01.05 04:49:44.866,0.94985,0.95055,1.58,1.50
2011.01.05 04:49:46.307,0.94985,0.95055,1.58,1.50
2011.01.05 04:49:46.417,0.9499,0.9506,1.65,1.69
2011.01.05 04:49:46.526,0.9499,0.9506,1.84,1.50
2011.01.05 04:49:46.637,0.94996,0.95064,1.50,1.65
2011.01.05 04:49:46.746,0.95001,0.95069,1.50,1.84
2011.01.05 04:49:47.405,0.95001,0.95069,1.50,1.99
2011.01.05 04:49:48.656,0.95001,0.95069,1.69,1.84
2011.01.05 04:49:48.825,0.95001,0.95069,1.69,4.09
2011.01.05 04:49:50.473,0.95001,0.95069,1.69,1.99
2011.01.05 04:49:51.657,0.95001,0.95069,1.69,1.84
2011.01.05 04:49:52.888,0.94995,0.9506,3.34,1.50
2011.01.05 04:49:53.313,0.95,0.9507,1.84,1.84
2011.01.05 04:49:55.963,0.95,0.9507,1.69,1.69
2011.01.05 04:49:56.516,0.95,0.9507,1.77,1.77
2011.01.05 04:50:00.626,0.95,0.9507,1.77,1.84
2011.01.05 04:50:01.237,0.95,0.9507,1.84,4.24
2011.01.05 04:50:01.808,0.95,0.95068,1.50,1.09
2011.01.05 04:50:02.480,0.95001,0.95068,1.50,1.09
2011.01.05 04:50:02.917,0.94996,0.95063,1.58,1.02
2011.01.05 04:50:03.139,0.94986,0.95055,1.02,1.69
2011.01.05 04:50:04.117,0.94986,0.95055,2.22,1.69
2011.01.05 04:50:04.696,0.94985,0.95055,1.84,1.50
2011.01.05 04:50:07.417,0.94985,0.95055,1.84,1.58
2011.01.05 04:50:07.579,0.94985,0.95055,1.84,1.50
2011.01.05 04:50:08.120,0.94977,0.95045,1.95,1.50
2011.01.05 04:50:09.757,0.94977,0.95045,1.65,1.50
2011.01.05 04:50:11.318,0.9498,0.95047,1.58,1.02
2011.01.05 04:50:17.969,0.9498,0.95047,1.50,1.02
2011.01.05 04:50:18.077,0.9498,0.95043,1.50,1.02
2011.01.05 04:50:18.187,0.94966,0.95036,1.77,2.44
2011.01.05 04:50:18.298,0.94974,0.95036,3.19,1.50
2011.01.05 04:50:18.407,0.94981,0.95049,1.69,4.24
2011.01.05 04:50:21.656,0.94977,0.95045,2.59,1.65
2011.01.05 04:50:22.226,0.94978,0.95045,1.09,1.65
2011.01.05 04:50:22.338,0.9498,0.9505,1.69,1.77
2011.01.05 04:50:22.558,0.9498,0.9505,2.44,1.58
2011.01.05 04:50:22.898,0.94986,0.95054,1.69,1.77
2011.01.05 04:50:29.262,0.94986,0.95054,1.84,1.99
2011.01.05 04:50:30.536,0.94986,0.95054,1.84,1.84
2011.01.05 04:50:30.647,0.94986,0.95054,1.84,4.24
2011.01.05 04:50:31.516,0.94986,0.95054,1.84,1.84
2011.01.05 04:50:35.058,0.94986,0.95054,4.24,1.84
2011.01.05 04:50:36.602,0.94986,0.95054,4.24,4.24
2011.01.05 04:50:44.708,0.94986,0.95054,1.84,1.77
2011.01.05 04:50:45.347,0.94981,0.95049,4.17,1.69
2011.01.05 04:50:45.457,0.94981,0.95049,1.99,1.69
2011.01.05 04:50:46.152,0.94978,0.95046,2.37,1.69
2011.01.05 04:50:48.228,0.94978,0.95046,1.39,1.69
2011.01.05 04:50:50.436,0.94978,0.95046,2.89,1.69
2011.01.05 04:50:53.618,0.94978,0.95046,1.17,1.77
2011.01.05 04:50:57.296,0.94978,0.95046,2.74,1.69
2011.01.05 04:51:01.808,0.94978,0.95046,2.37,1.84
2011.01.05 04:51:11.569,0.94978,0.95046,1.09,1.84
2011.01.05 04:51:12.237,0.94978,0.95046,2.37,1.84
2011.01.05 04:51:12.736,0.94978,0.95046,1.24,1.84
2011.01.05 04:51:14.286,0.94978,0.95046,1.17,1.77
2011.01.05 04:51:14.597,0.94978,0.95046,1.09,1.84
2011.01.05 04:51:15.596,0.94978,0.95046,1.09,1.69
2011.01.05 04:51:42.672,0.94978,0.95045,1.09,1.50
2011.01.05 04:51:50.258,0.94982,0.95045,1.09,1.50
2011.01.05 04:51:50.476,0.94985,0.95055,3.94,1.84
2011.01.05 04:51:50.879,0.94995,0.95065,1.69,1.77
2011.01.05 04:51:51.317,0.95,0.95068,1.50,2.52
2011.01.05 04:51:56.447,0.95,0.95067,1.65,1.09
2011.01.05 04:52:00.697,0.94993,0.9506,1.24,1.69
2011.01.05 04:52:01.931,0.9499,0.9506,1.80,1.69
2011.01.05 04:52:06.377,0.9499,0.9506,1.58,1.69
2011.01.05 04:52:12.096,0.9499,0.9506,4.20,1.69
2011.01.05 04:52:12.644,0.9499,0.9506,1.80,1.69
2011.01.05 04:52:25.940,0.9499,0.9506,1.58,1.69
2011.01.05 04:52:26.156,0.94986,0.95054,1.65,1.50
2011.01.05 04:52:26.266,0.94991,0.95059,1.58,1.69
2011.01.05 04:52:27.497,0.94991,0.95059,1.65,1.84
2011.01.05 04:52:33.546,0.94985,0.95055,1.80,1.50
2011.01.05 04:52:33.684,0.94991,0.95059,1.65,1.84
2011.01.05 04:52:42.519,0.94991,0.95059,1.50,1.84
2011.01.05 04:52:42.627,0.94991,0.95059,1.50,1.77
2011.01.05 04:52:43.191,0.94991,0.95059,1.50,1.84
2011.01.05 04:52:44.746,0.94991,0.95059,1.50,1.84
2011.01.05 04:52:45.087,0.94991,0.95059,1.50,1.69
2011.01.05 04:52:47.448,0.94991,0.95059,1.65,1.84
2011.01.05 04:52:49.267,0.94991,0.95059,1.50,1.77
2011.01.05 04:52:49.790,0.94991,0.95059,1.65,1.69
2011.01.05 04:52:50.118,0.94994,0.95064,1.50,1.65
2011.01.05 04:52:53.851,0.94994,0.95064,1.50,1.65
2011.01.05 04:52:54.208,0.94994,0.95064,1.65,1.65
2011.01.05 04:52:54.592,0.94994,0.95064,1.50,1.65
2011.01.05 04:52:55.358,0.94994,0.95064,1.50,1.80
2011.01.05 04:52:55.567,0.94994,0.95064,1.50,1.65
2011.01.05 04:52:56.998,0.94994,0.95064,1.58,1.58
2011.01.05 04:52:57.217,0.94994,0.95064,1.50,1.58
2011.01.05 04:52:58.288,0.94994,0.95064,1.58,1.58
2011.01.05 04:52:58.829,0.94994,0.95064,1.50,1.65
2011.01.05 04:52:59.556,0.94994,0.95064,1.58,1.58
2011.01.05 04:52:59.776,0.94994,0.95064,1.65,1.50
2011.01.05 04:52:59.887,0.94989,0.95059,1.84,1.50
2011.01.05 04:53:00.322,0.94999,0.95069,1.50,4.09
2011.01.05 04:53:00.549,0.94996,0.95064,1.50,1.58
2011.01.05 04:53:00.664,0.9499,0.95058,4.02,1.50
2011.01.05 04:53:01.037,0.94994,0.95058,3.19,1.50
2011.01.05 04:53:01.294,0.94999,0.95069,1.69,4.09
2011.01.05 04:53:01.868,0.94999,0.95069,1.69,4.24
2011.01.05 04:53:02.526,0.94999,0.95069,1.84,4.24
2011.01.05 04:53:06.454,0.94999,0.95069,4.24,4.24
2011.01.05 04:53:07.258,0.95002,0.95069,1.09,1.58
2011.01.05 04:53:07.477,0.95004,0.9507,1.58,1.02
2011.01.05 04:53:07.587,0.94999,0.95069,1.84,4.24
2011.01.05 04:53:07.696,0.94999,0.95069,1.84,1.77
2011.01.05 04:53:08.918,0.94999,0.95069,1.84,4.24
2011.01.05 04:53:14.892,0.94999,0.95069,1.84,4.24
2011.01.05 04:53:17.909,0.94999,0.95069,1.99,4.24
2011.01.05 04:53:18.018,0.94999,0.95069,1.77,4.09
2011.01.05 04:53:18.801,0.94999,0.95069,4.09,4.09
2011.01.05 04:53:29.305,0.94999,0.95069,4.64,1.69
2011.01.05 04:53:29.415,0.94999,0.95069,4.62,1.69
2011.01.05 04:53:29.733,0.95003,0.95069,1.30,1.69
2011.01.05 04:53:29.837,0.94999,0.95069,4.62,1.69
2011.01.05 04:53:30.166,0.94999,0.95069,1.99,1.69
2011.01.05 04:53:33.866,0.94999,0.95069,4.24,1.84
2011.01.05 04:53:33.977,0.94999,0.95068,1.80,1.09
2011.01.05 04:53:34.498,0.94999,0.95058,1.02,1.50
2011.01.05 04:53:34.672,0.95,0.95068,1.77,1.69
2011.01.05 04:53:34.894,0.94999,0.95059,1.02,1.50
2011.01.05 04:53:35.587,0.94999,0.95059,2.22,1.50
2011.01.05 04:53:40.452,0.94999,0.95059,2.40,1.50
2011.01.05 04:53:42.797,0.94994,0.95059,2.74,1.50
2011.01.05 04:53:42.907,0.94994,0.95055,1.02,1.50
2011.01.05 04:53:43.015,0.9499,0.95055,2.40,1.69
2011.01.05 04:53:43.149,0.9499,0.95055,2.40,1.69
2011.01.05 04:53:43.256,0.9499,0.95055,2.40,2.44
2011.01.05 04:53:43.772,0.94983,0.95031,2.37,1.50
2011.01.05 04:53:43.890,0.94985,0.95055,4.24,1.69
2011.01.05 04:53:43.996,0.94985,0.95055,1.84,1.69
2011.01.05 04:53:44.326,0.94985,0.95047,1.50,3.19
2011.01.05 04:53:44.655,0.9497,0.9503,2.74,1.50
2011.01.05 04:53:45.707,0.94972,0.9504,4.62,1.69
2011.01.05 04:53:45.815,0.9497,0.95029,2.22,1.50
2011.01.05 04:53:46.335,0.9497,0.95029,2.37,1.50
2011.01.05 04:53:48.357,0.9497,0.95029,2.74,1.50
2011.01.05 04:53:48.917,0.9497,0.95035,2.40,1.50
2011.01.05 04:53:49.327,0.9497,0.9503,2.22,1.50
2011.01.05 04:53:49.435,0.9497,0.9503,2.74,1.50
2011.01.05 04:53:50.489,0.9497,0.9503,2.74,1.50
2011.01.05 04:53:56.707,0.9497,0.9503,2.37,1.50
2011.01.05 04:53:58.027,0.9497,0.9503,2.40,1.50
2011.01.05 04:53:58.245,0.9497,0.9503,2.37,1.50
2011.01.05 04:53:58.541,0.9497,0.95036,2.37,1.65
2011.01.05 04:53:58.654,0.9497,0.95029,2.37,1.50
2011.01.05 04:54:00.516,0.9497,0.95029,2.74,1.50
2011.01.05 04:54:01.965,0.9497,0.95029,2.37,1.50
2011.01.05 04:54:02.075,0.9497,0.95035,2.37,1.50
2011.01.05 04:54:02.452,0.9497,0.95029,2.37,1.50
2011.01.05 04:54:02.568,0.94972,0.9504,4.24,1.69
2011.01.05 04:54:07.437,0.94972,0.9504,4.24,1.50
2011.01.05 04:54:17.115,0.94969,0.95029,2.37,1.50
2011.01.05 04:54:18.105,0.94971,0.95041,4.24,3.94
2011.01.05 04:54:18.635,0.94971,0.95041,4.24,1.50
2011.01.05 04:54:18.746,0.94966,0.95036,4.20,1.69
2011.01.05 04:54:19.075,0.94963,0.9503,1.30,1.50
2011.01.05 04:54:19.185,0.94962,0.9503,4.62,1.50
2011.01.05 04:54:19.552,0.94962,0.9503,4.64,1.50
2011.01.05 04:54:20.005,0.94962,0.9503,4.28,1.50
2011.01.05 04:54:21.192,0.94962,0.9503,4.62,1.50
2011.01.05 04:54:26.577,0.94962,0.9503,1.99,1.50
2011.01.05 04:54:27.653,0.94962,0.9503,4.24,1.50
2011.01.05 04:54:50.102,0.94962,0.9503,1.99,1.50
2011.01.05 04:54:50.326,0.94962,0.9503,1.84,1.50
2011.01.05 04:54:54.099,0.94962,0.9503,1.99,1.50
2011.01.05 04:54:55.728,0.94962,0.9503,1.84,1.50
2011.01.05 04:54:57.509,0.94966,0.95036,1.58,1.77
2011.01.05 04:54:58.128,0.94966,0.95036,2.52,1.77
2011.01.05 04:54:59.449,0.94966,0.95036,5.97,1.77
2011.01.05 04:54:59.778,0.94966,0.95031,1.02,1.50
2011.01.05 04:54:59.997,0.94961,0.95031,4.09,1.50
2011.01.05 04:55:03.002,0.94961,0.95031,4.28,1.50
2011.01.05 04:55:03.118,0.94961,0.95031,4.09,1.50
2011.01.05 04:55:03.738,0.94957,0.95025,4.20,1.50
2011.01.05 04:55:04.118,0.94952,0.9502,4.62,1.50
2011.01.05 04:55:04.447,0.94947,0.95016,1.30,1.50
2011.01.05 04:55:04.557,0.94946,0.95016,4.68,1.50
2011.01.05 04:55:04.668,0.94946,0.95016,4.64,1.50
2011.01.05 04:55:05.338,0.94947,0.95016,1.30,1.50
2011.01.05 04:55:05.858,0.94946,0.95016,4.64,1.50
2011.01.05 04:55:08.587,0.94948,0.95016,1.02,1.69
2011.01.05 04:55:18.768,0.94947,0.95016,2.52,1.69
2011.01.05 04:55:19.357,0.94952,0.95019,1.84,1.02
2011.01.05 04:55:19.467,0.94952,0.9502,4.39,2.44
2011.01.05 04:55:19.577,0.94952,0.95019,1.99,1.09
2011.01.05 04:55:20.457,0.94952,0.95019,4.17,1.02
2011.01.05 04:55:22.424,0.94952,0.95019,1.99,1.09
2011.01.05 04:55:22.828,0.94952,0.9502,4.62,2.44
2011.01.05 04:55:23.646,0.94952,0.95019,1.99,1.09
2011.01.05 04:55:24.524,0.94952,0.95019,4.39,1.09
2011.01.05 04:55:26.609,0.94952,0.9502,4.64,2.44
2011.01.05 04:55:56.939,0.94952,0.9502,1.99,2.44
2011.01.05 04:55:57.588,0.94952,0.9502,4.28,2.44
2011.01.05 04:55:58.557,0.94952,0.9502,4.39,2.44
2011.01.05 04:56:00.227,0.94958,0.95026,1.24,1.69
2011.01.05 04:56:10.264,0.94956,0.95026,1.77,1.50
2011.01.05 04:56:14.567,0.94956,0.95026,1.99,1.50
2011.01.05 04:56:19.915,0.94956,0.95026,4.09,1.50
2011.01.05 04:56:20.704,0.94956,0.95026,1.99,1.50
2011.01.05 04:56:35.677,0.94956,0.95026,1.99,1.69
2011.01.05 04:56:43.527,0.94951,0.95021,6.15,1.77
2011.01.05 04:56:46.268,0.94951,0.95021,6.15,1.77
2011.01.05 04:56:46.827,0.94951,0.95021,6.49,1.84
2011.01.05 04:56:47.859,0.94951,0.95021,6.49,1.69
2011.01.05 04:56:48.255,0.94953,0.95021,1.30,1.69
2011.01.05 04:56:48.709,0.94951,0.95021,6.15,1.69
2011.01.05 04:57:00.080,0.94951,0.95021,6.49,1.84
2011.01.05 04:57:00.199,0.94951,0.95021,5.97,1.69
2011.01.05 04:57:00.866,0.94951,0.95021,6.15,1.69
2011.01.05 04:57:04.347,0.94952,0.9502,4.28,1.50
2011.01.05 04:57:06.990,0.94953,0.9502,1.30,1.50
2011.01.05 04:57:08.007,0.94952,0.9502,5.05,1.50
2011.01.05 04:57:08.133,0.94952,0.9502,4.62,1.50
2011.01.05 04:57:08.979,0.94953,0.9502,1.30,1.50
2011.01.05 04:57:13.987,0.94952,0.9502,4.62,1.50
2011.01.05 04:57:16.208,0.94957,0.95025,4.24,1.84
2011.01.05 04:57:16.757,0.94957,0.95025,1.99,1.69
2011.01.05 04:57:18.647,0.94956,0.9502,1.09,1.50
2011.01.05 04:57:18.979,0.94957,0.95015,1.09,1.50
2011.01.05 04:57:19.355,0.94957,0.95022,2.59,2.25
2011.01.05 04:57:19.470,0.94947,0.95015,1.92,1.50
2011.01.05 04:57:19.797,0.94952,0.9502,2.14,2.44
2011.01.05 04:57:20.234,0.94946,0.95016,6.49,1.69
2011.01.05 04:57:20.839,0.94948,0.95016,1.30,1.69
2011.01.05 04:57:21.723,0.94946,0.95016,6.49,1.69
2011.01.05 04:57:21.841,0.94946,0.95016,6.51,1.69
2011.01.05 04:57:23.470,0.94946,0.95016,6.23,1.69
2011.01.05 04:57:24.181,0.94948,0.95016,1.30,1.69
2011.01.05 04:57:24.287,0.94946,0.95016,6.04,1.69
2011.01.05 04:57:24.507,0.94946,0.95016,6.23,1.69
2011.01.05 04:57:28.767,0.94946,0.95016,4.20,2.44
2011.01.05 04:57:29.249,0.94938,0.95007,2.40,1.69
2011.01.05 04:57:29.527,0.94943,0.9501,2.37,1.69
2011.01.05 04:57:29.776,0.94943,0.9501,1.02,1.69
2011.01.05 04:57:30.209,0.94943,0.9501,1.39,1.69
2011.01.05 04:57:30.727,0.94943,0.9501,1.24,1.69
2011.01.05 04:57:31.598,0.94943,0.9501,1.39,1.69
2011.01.05 04:57:32.495,0.94943,0.9501,1.09,1.69
2011.01.05 04:57:32.761,0.94943,0.9501,2.37,1.69
2011.01.05 04:57:33.549,0.94943,0.9501,1.39,1.69
2011.01.05 04:57:36.628,0.94946,0.95016,4.28,2.44
2011.01.05 04:57:37.500,0.94946,0.95015,4.39,1.09
2011.01.05 04:57:45.385,0.94946,0.95016,1.84,2.44
2011.01.05 04:57:45.735,0.94946,0.95016,4.62,2.44
2011.01.05 04:57:46.237,0.94946,0.95015,4.39,1.09
2011.01.05 04:57:50.918,0.94946,0.95016,4.62,2.44
2011.01.05 04:57:52.767,0.94946,0.95015,4.39,1.09
2011.01.05 04:57:59.439,0.94946,0.95016,4.62,2.44
2011.01.05 04:58:00.557,0.94943,0.9501,2.37,1.69
2011.01.05 04:58:01.076,0.94938,0.95006,4.64,1.69
2011.01.05 04:58:01.578,0.94938,0.95006,4.83,1.69
2011.01.05 04:58:02.041,0.94938,0.95006,4.64,1.69
2011.01.05 04:58:07.359,0.94938,0.95006,4.62,1.69
2011.01.05 04:58:08.019,0.94938,0.95006,4.62,1.84
2011.01.05 04:58:08.128,0.94938,0.95006,1.84,1.69
2011.01.05 04:58:10.757,0.94938,0.95006,4.17,1.69
2011.01.05 04:58:15.978,0.94938,0.95006,1.84,1.69
2011.01.05 04:58:16.197,0.94938,0.95006,1.84,1.77
2011.01.05 04:58:16.514,0.94937,0.95001,1.17,1.50
2011.01.05 04:58:16.631,0.94933,0.95001,4.28,1.69
2011.01.05 04:58:17.207,0.94933,0.95001,4.09,1.69
2011.01.05 04:58:17.729,0.94933,0.95001,4.62,1.69
2011.01.05 04:58:18.528,0.94933,0.95001,4.09,1.69
2011.01.05 04:58:19.217,0.94933,0.95001,1.65,1.50
2011.01.05 04:58:20.058,0.94933,0.95001,1.73,1.58
2011.01.05 04:58:20.167,0.94933,0.95001,1.80,1.50
2011.01.05 04:58:20.579,0.94938,0.95006,1.80,1.69
2011.01.05 04:58:21.277,0.94938,0.95006,2.14,1.69
2011.01.05 04:58:21.390,0.94938,0.95006,1.99,1.69
2011.01.05 04:58:21.500,0.94938,0.95006,2.14,1.69
2011.01.05 04:58:22.283,0.94938,0.95006,1.99,1.69
2011.01.05 04:58:22.827,0.94938,0.95006,2.14,1.69
2011.01.05 04:58:23.330,0.94938,0.95006,1.84,1.84
2011.01.05 04:58:23.699,0.94938,0.95006,2.14,1.69
2011.01.05 04:58:24.537,0.94932,0.94997,6.45,2.44
2011.01.05 04:58:24.648,0.94927,0.94997,4.64,2.44
2011.01.05 04:58:24.758,0.94925,0.94987,2.74,1.50
2011.01.05 04:58:25.206,0.9492,0.94987,1.30,1.69
2011.01.05 04:58:25.332,0.94919,0.94987,4.45,1.69
2011.01.05 04:58:25.485,0.9492,0.94987,1.30,1.69
2011.01.05 04:58:25.977,0.94919,0.94987,4.45,1.69
2011.01.05 04:58:26.478,0.94919,0.94987,4.64,1.69
2011.01.05 04:58:27.898,0.94919,0.94987,4.68,1.69
2011.01.05 04:58:28.557,0.94919,0.94987,4.68,1.69
2011.01.05 04:58:31.273,0.9492,0.94987,1.30,1.69
2011.01.05 04:58:32.199,0.94919,0.94987,4.09,1.69
2011.01.05 04:58:32.308,0.94919,0.94987,4.64,1.69
2011.01.05 04:58:33.058,0.94919,0.94987,4.68,1.69
2011.01.05 04:58:34.408,0.9492,0.94987,1.30,1.69
2011.01.05 04:58:34.526,0.94919,0.94987,4.68,1.69
2011.01.05 04:58:34.971,0.94919,0.94987,4.64,1.69
2011.01.05 04:58:35.274,0.94919,0.94987,4.45,1.69
2011.01.05 04:58:37.632,0.94919,0.94987,4.45,1.69
2011.01.05 04:58:37.747,0.94927,0.94987,1.09,1.50
2011.01.05 04:58:37.967,0.94928,0.94996,1.84,1.50
2011.01.05 04:58:38.299,0.94928,0.94996,1.80,2.44
2011.01.05 04:58:40.567,0.94919,0.94987,6.15,1.69
2011.01.05 04:58:44.257,0.94927,0.94987,1.09,1.50
2011.01.05 04:58:44.367,0.94928,0.94993,1.84,2.25
2011.01.05 04:58:44.479,0.94928,0.94993,1.65,3.19
2011.01.05 04:58:45.178,0.94919,0.94988,2.74,1.69
2011.01.05 04:58:49.414,0.94919,0.94988,2.22,1.77
2011.01.05 04:58:49.530,0.94919,0.94988,2.40,1.77
2011.01.05 04:58:49.887,0.94919,0.94988,2.37,1.84
2011.01.05 04:58:50.560,0.94927,0.94997,2.52,1.69
2011.01.05 04:58:50.667,0.94928,0.94997,1.09,1.99
2011.01.05 04:58:50.888,0.94918,0.94988,6.12,1.69
2011.01.05 04:58:51.444,0.94918,0.94988,2.89,1.69
2011.01.05 04:58:54.848,0.94928,0.94996,1.84,1.65
2011.01.05 04:58:55.276,0.94924,0.94991,1.09,1.69
2011.01.05 04:58:58.547,0.94924,0.94991,1.02,1.77
2011.01.05 04:58:59.215,0.94923,0.94991,2.44,1.77
2011.01.05 04:58:59.483,0.94924,0.94991,1.09,1.69
2011.01.05 04:59:02.257,0.94924,0.94991,1.09,1.84
2011.01.05 04:59:02.621,0.94924,0.94991,1.02,1.69
2011.01.05 04:59:03.974,0.94924,0.94991,1.09,1.84
2011.01.05 04:59:04.394,0.94924,0.94988,2.37,1.50
2011.01.05 04:59:04.498,0.94922,0.94988,1.09,1.65
2011.01.05 04:59:04.718,0.94924,0.94988,2.22,1.50
2011.01.05 04:59:05.064,0.94928,0.94992,1.84,2.44
2011.01.05 04:59:05.172,0.94928,0.94998,4.28,2.44
2011.01.05 04:59:05.899,0.94928,0.94998,4.45,2.44
2011.01.05 04:59:06.009,0.94928,0.94998,4.24,2.44
2011.01.05 04:59:06.119,0.94928,0.94998,1.77,2.44
2011.01.05 04:59:06.928,0.94928,0.94998,4.62,2.44
2011.01.05 04:59:07.370,0.94928,0.94997,1.84,1.02
2011.01.05 04:59:07.789,0.94934,0.95003,1.02,4.09
2011.01.05 04:59:08.187,0.94934,0.95003,2.22,1.77
2011.01.05 04:59:09.421,0.94934,0.95003,1.02,4.09
2011.01.05 04:59:09.951,0.94933,0.94998,1.84,1.02
2011.01.05 04:59:10.169,0.9493,0.94998,1.02,1.50
2011.01.05 04:59:10.277,0.94934,0.95002,1.69,3.75
2011.01.05 04:59:12.098,0.94934,0.95002,1.84,1.65
2011.01.05 04:59:12.208,0.94934,0.95002,1.69,1.50
2011.01.05 04:59:12.498,0.9493,0.94997,1.02,1.50
2011.01.05 04:59:12.609,0.94929,0.94997,1.77,1.50
2011.01.05 04:59:15.088,0.94929,0.94997,1.77,1.58
2011.01.05 04:59:15.840,0.94924,0.94992,6.12,1.69
2011.01.05 04:59:16.168,0.94924,0.94987,1.02,1.50
2011.01.05 04:59:16.957,0.94919,0.94987,1.77,1.69
2011.01.05 04:59:18.205,0.94919,0.94987,4.24,1.69
2011.01.05 04:59:18.617,0.94924,0.94992,1.84,3.75
2011.01.05 04:59:19.308,0.94924,0.94992,1.69,1.65
2011.01.05 04:59:20.397,0.94918,0.94983,2.74,1.50
2011.01.05 04:59:21.068,0.94914,0.94983,2.37,1.50
2011.01.05 04:59:22.417,0.94914,0.94983,1.09,1.50
2011.01.05 04:59:23.478,0.94914,0.94983,2.37,1.50
2011.01.05 04:59:24.071,0.94912,0.94978,2.55,1.50
2011.01.05 04:59:26.023,0.94912,0.94978,2.40,1.50
2011.01.05 04:59:26.627,0.94908,0.94978,1.92,1.50
2011.01.05 04:59:26.957,0.94903,0.94973,6.34,1.69
2011.01.05 04:59:27.861,0.94903,0.94973,6.15,1.69
2011.01.05 04:59:28.609,0.94903,0.94973,6.87,1.69
2011.01.05 04:59:29.279,0.94903,0.94973,6.49,1.69
2011.01.05 04:59:29.391,0.94903,0.94973,5.97,1.69
2011.01.05 04:59:29.559,0.94903,0.94973,6.49,1.69
2011.01.05 04:59:30.457,0.94903,0.94973,6.49,1.69
2011.01.05 04:59:30.567,0.94903,0.94973,6.34,1.69
2011.01.05 04:59:31.477,0.94903,0.94973,6.15,1.69
2011.01.05 04:59:34.000,0.94908,0.94973,2.37,1.50
2011.01.05 04:59:34.107,0.94909,0.94977,4.24,1.69
2011.01.05 04:59:34.584,0.94918,0.94988,2.44,1.84
2011.01.05 04:59:36.242,0.94918,0.94988,1.69,1.65
2011.01.05 04:59:37.578,0.94918,0.94988,1.99,1.65
2011.01.05 04:59:40.769,0.94918,0.94988,1.77,1.58
2011.01.05 04:59:45.471,0.94909,0.94977,4.09,1.50
2011.01.05 04:59:46.028,0.94909,0.94977,4.24,1.50
2011.01.05 04:59:54.067,0.94904,0.94972,4.20,1.50
2011.01.05 04:59:54.398,0.94904,0.94972,1.80,1.50
2011.01.05 04:59:59.087,0.94904,0.94972,1.99,1.69
