2016.08.30 23:00:01.259,0.75103,0.75121,1.00,1.00
2016.08.30 23:00:01.475,0.75104,0.75124,1.00,1.00
2016.08.30 23:00:01.677,0.75106,0.75124,1.00,1.00
2016.08.30 23:00:02.328,0.75107,0.75125,1.00,1.00
2016.08.30 23:00:11.244,0.75106,0.75124,1.00,1.00
2016.08.30 23:00:15.456,0.75102,0.7512,1.00,1.00
2016.08.30 23:00:17.356,0.751,0.7512,1.00,1.00
2016.08.30 23:00:19.461,0.75101,0.7512,1.00,1.00
2016.08.30 23:00:25.974,0.75102,0.7512,1.00,1.00
2016.08.30 23:00:33.293,0.75101,0.75119,1.00,1.00
2016.08.30 23:00:41.054,0.75102,0.7512,1.00,1.00
2016.08.30 23:00:41.415,0.75105,0.75125,1.00,1.00
2016.08.30 23:00:41.956,0.75108,0.75128,1.00,1.00
2016.08.30 23:00:42.213,0.75109,0.75131,1.00,1.00
2016.08.30 23:00:42.323,0.75111,0.7513,1.00,1.00
2016.08.30 23:00:42.906,0.7511,0.7513,1.00,1.00
2016.08.30 23:00:43.914,0.7511,0.75131,1.00,1.00
2016.08.30 23:00:46.130,0.75114,0.75133,1.00,1.00
2016.08.30 23:00:46.261,0.75113,0.75135,1.00,1.00
2016.08.30 23:00:46.762,0.75114,0.75135,1.00,1.00
2016.08.30 23:00:46.863,0.75116,0.75138,1.00,1.00
2016.08.30 23:00:48.068,0.75117,0.75138,1.00,1.00
2016.08.30 23:00:51.022,0.75118,0.75138,1.00,1.00
2016.08.30 23:00:55.218,0.75117,0.75138,1.00,1.00
2016.08.30 23:01:01.643,0.75118,0.75138,1.00,1.00
2016.08.30 23:01:04.550,0.75119,0.75138,1.00,1.00
2016.08.30 23:01:06.053,0.75118,0.75138,1.00,1.00
2016.08.30 23:01:12.862,0.75119,0.75138,1.00,1.00
2016.08.30 23:01:22.717,0.7512,0.75139,1.00,1.00
2016.08.30 23:01:25.219,0.75121,0.75139,1.00,1.00
2016.08.30 23:01:26.091,0.7512,0.75139,1.00,1.00
2016.08.30 23:01:51.842,0.7512,0.75141,1.00,1.00
2016.08.30 23:01:51.965,0.7512,0.75139,1.00,1.00
2016.08.30 23:01:58.243,0.75119,0.75138,1.00,1.00
2016.08.30 23:02:00.734,0.7512,0.75139,1.00,1.00
2016.08.30 23:02:01.524,0.75119,0.75138,1.00,1.00
2016.08.30 23:02:03.869,0.7512,0.75141,1.00,1.00
2016.08.30 23:02:03.985,0.7512,0.75139,1.00,1.00
2016.08.30 23:02:04.533,0.75121,0.7514,1.00,1.00
2016.08.30 23:02:06.193,0.75122,0.75141,1.00,1.00
2016.08.30 23:02:07.023,0.75121,0.7514,1.00,1.00
2016.08.30 23:02:08.295,0.75119,0.7514,1.00,1.00
2016.08.30 23:02:11.477,0.75122,0.7514,1.00,1.00
2016.08.30 23:02:12.045,0.75121,0.7514,1.00,1.00
2016.08.30 23:02:15.788,0.7512,0.75139,1.00,1.00
2016.08.30 23:02:19.676,0.75119,0.75138,1.00,1.00
2016.08.30 23:02:22.182,0.75124,0.75142,1.00,1.00
2016.08.30 23:02:22.983,0.75124,0.75144,1.00,1.00
2016.08.30 23:02:25.387,0.75124,0.75142,1.00,1.00
2016.08.30 23:02:26.093,0.75123,0.75141,1.00,1.00
2016.08.30 23:02:26.788,0.75124,0.75143,1.00,1.00
2016.08.30 23:02:35.934,0.75126,0.75144,1.00,1.00
2016.08.30 23:02:36.527,0.75125,0.75144,1.00,1.00
2016.08.30 23:02:41.817,0.75127,0.75145,1.00,1.00
2016.08.30 23:02:43.848,0.75126,0.75145,1.00,1.00
2016.08.30 23:02:49.167,0.75127,0.75145,1.00,1.00
2016.08.30 23:02:49.708,0.75126,0.75144,1.00,1.00
2016.08.30 23:02:52.732,0.75126,0.75145,1.00,1.00
2016.08.30 23:02:56.976,0.75127,0.75147,1.00,1.00
2016.08.30 23:02:57.342,0.75125,0.75146,1.00,1.00
2016.08.30 23:03:05.555,0.75125,0.75145,1.00,1.00
2016.08.30 23:03:08.259,0.75125,0.75146,1.00,1.00
2016.08.30 23:03:18.190,0.75131,0.75151,1.00,1.00
2016.08.30 23:03:18.535,0.75133,0.75152,1.00,1.00
2016.08.30 23:03:24.718,0.75135,0.75154,1.00,1.00
2016.08.30 23:03:25.629,0.75134,0.75153,1.00,1.00
2016.08.30 23:03:28.102,0.75134,0.75152,1.00,1.00
2016.08.30 23:03:29.954,0.75135,0.75155,1.00,1.00
2016.08.30 23:03:30.055,0.75137,0.75157,1.00,1.00
2016.08.30 23:03:30.357,0.75134,0.75152,1.00,1.00
2016.08.30 23:03:30.445,0.75132,0.75152,1.00,1.00
2016.08.30 23:03:34.433,0.75132,0.7515,1.00,1.00
2016.08.30 23:03:43.171,0.75131,0.75151,1.00,1.00
2016.08.30 23:03:46.708,0.75134,0.75154,1.00,1.00
2016.08.30 23:03:47.065,0.75133,0.75151,1.00,1.00
2016.08.30 23:03:54.285,0.75135,0.75153,1.00,1.00
2016.08.30 23:03:56.663,0.75135,0.75154,1.00,1.00
2016.08.30 23:03:58.314,0.75138,0.75156,1.00,1.00
2016.08.30 23:03:59.040,0.75139,0.75157,1.00,1.00
2016.08.30 23:04:14.691,0.7514,0.75158,1.00,1.00
2016.08.30 23:04:19.697,0.75139,0.75157,1.00,1.00
2016.08.30 23:04:20.008,0.75138,0.75155,1.00,1.00
2016.08.30 23:04:20.208,0.75135,0.75156,1.00,1.00
2016.08.30 23:04:20.298,0.75136,0.75153,1.00,1.00
2016.08.30 23:04:21.097,0.75135,0.75153,1.00,1.00
2016.08.30 23:04:21.220,0.75133,0.75152,1.00,1.00
2016.08.30 23:04:21.321,0.75135,0.75152,1.00,1.00
2016.08.30 23:04:27.208,0.75138,0.75155,1.00,1.00
2016.08.30 23:04:27.311,0.75138,0.75157,1.00,1.00
2016.08.30 23:04:38.522,0.75139,0.75157,1.00,1.00
2016.08.30 23:04:39.077,0.7514,0.75157,1.00,1.00
2016.08.30 23:04:59.746,0.75139,0.75158,1.00,1.00
2016.08.30 23:04:59.855,0.75135,0.75152,1.00,1.00
2016.08.30 23:05:00.193,0.75133,0.7515,1.00,1.00
2016.08.30 23:05:01.099,0.75132,0.75149,1.00,1.00
2016.08.30 23:05:02.250,0.75133,0.7515,1.00,1.00
2016.08.30 23:05:02.845,0.75132,0.75149,1.00,1.00
2016.08.30 23:05:03.346,0.75131,0.75148,1.00,1.00
2016.08.30 23:05:03.897,0.7513,0.75147,1.00,1.00
2016.08.30 23:05:04.398,0.75131,0.75148,1.00,1.00
2016.08.30 23:05:04.928,0.7513,0.75147,1.00,1.00
2016.08.30 23:05:06.587,0.7513,0.75148,1.00,1.00
2016.08.30 23:05:10.663,0.75128,0.75149,1.00,1.00
2016.08.30 23:05:11.864,0.75129,0.75147,1.00,1.00
2016.08.30 23:05:12.213,0.75131,0.75151,1.00,1.00
2016.08.30 23:05:13.066,0.75132,0.75149,1.00,1.00
2016.08.30 23:05:13.567,0.75133,0.7515,1.00,1.00
2016.08.30 23:05:15.870,0.75133,0.75152,1.00,1.00
2016.08.30 23:05:16.071,0.75136,0.75154,1.00,1.00
2016.08.30 23:05:16.421,0.75134,0.75152,1.00,1.00
2016.08.30 23:05:17.173,0.75133,0.75152,1.00,1.00
2016.08.30 23:05:20.076,0.75133,0.75151,1.00,1.00
2016.08.30 23:05:26.884,0.75133,0.75152,1.00,1.00
2016.08.30 23:05:28.386,0.75133,0.75151,1.00,1.00
2016.08.30 23:05:35.296,0.75133,0.75152,1.00,1.00
2016.08.30 23:05:36.597,0.75134,0.75152,1.00,1.00
2016.08.30 23:05:44.107,0.75132,0.75152,1.00,1.00
2016.08.30 23:05:45.809,0.75133,0.75152,1.00,1.00
2016.08.30 23:05:46.810,0.75133,0.75151,1.00,1.00
2016.08.30 23:05:50.114,0.75133,0.7515,1.00,1.00
2016.08.30 23:05:51.616,0.75133,0.75151,1.00,1.00
2016.08.30 23:06:08.535,0.75133,0.7515,1.00,1.00
2016.08.30 23:06:10.638,0.75133,0.75151,1.00,1.00
2016.08.30 23:06:21.251,0.75132,0.75151,1.00,1.00
2016.08.30 23:06:22.810,0.75132,0.7515,1.00,1.00
2016.08.30 23:06:23.554,0.7513,0.7515,1.00,1.00
2016.08.30 23:06:23.954,0.75131,0.75148,1.00,1.00
2016.08.30 23:06:24.071,0.75129,0.75148,1.00,1.00
2016.08.30 23:06:24.171,0.75129,0.75146,1.00,1.00
2016.08.30 23:06:24.956,0.75128,0.75146,1.00,1.00
2016.08.30 23:06:32.265,0.75127,0.75145,1.00,1.00
2016.08.30 23:06:33.238,0.75127,0.75144,1.00,1.00
2016.08.30 23:06:37.872,0.75124,0.75144,1.00,1.00
2016.08.30 23:06:38.194,0.75123,0.75141,1.00,1.00
2016.08.30 23:06:39.185,0.75124,0.75141,1.00,1.00
2016.08.30 23:07:02.704,0.75124,0.75142,1.00,1.00
2016.08.30 23:07:03.212,0.75124,0.75141,1.00,1.00
2016.08.30 23:07:05.307,0.75124,0.75142,1.00,1.00
2016.08.30 23:07:26.236,0.75125,0.75142,1.00,1.00
2016.08.30 23:07:26.939,0.75124,0.75142,1.00,1.00
2016.08.30 23:07:32.749,0.75121,0.75142,1.00,1.00
2016.08.30 23:07:33.350,0.75121,0.75141,1.00,1.00
2016.08.30 23:07:35.353,0.75121,0.7514,1.00,1.00
2016.08.30 23:07:42.165,0.75121,0.75141,1.00,1.00
2016.08.30 23:08:42.264,0.75121,0.7514,1.00,1.00
2016.08.30 23:08:49.501,0.75124,0.75142,1.00,1.00
2016.08.30 23:08:49.608,0.75121,0.75141,1.00,1.00
2016.08.30 23:09:05.510,0.75121,0.7514,1.00,1.00
2016.08.30 23:09:12.970,0.7512,0.7514,1.00,1.00
2016.08.30 23:09:13.125,0.75119,0.75138,1.00,1.00
2016.08.30 23:09:15.060,0.7512,0.75138,1.00,1.00
2016.08.30 23:09:27.248,0.75121,0.75139,1.00,1.00
2016.08.30 23:09:28.150,0.75119,0.75139,1.00,1.00
2016.08.30 23:09:34.590,0.75125,0.75142,1.00,1.00
2016.08.30 23:09:35.099,0.75125,0.75143,1.00,1.00
2016.08.30 23:09:36.107,0.75126,0.75143,1.00,1.00
2016.08.30 23:09:41.008,0.75125,0.75145,1.00,1.00
2016.08.30 23:09:43.889,0.75126,0.75143,1.00,1.00
2016.08.30 23:09:45.291,0.75125,0.75144,1.00,1.00
2016.08.30 23:09:51.700,0.75125,0.75145,1.00,1.00
2016.08.30 23:09:52.131,0.75126,0.75143,1.00,1.00
2016.08.30 23:10:05.131,0.75125,0.75142,1.00,1.00
2016.08.30 23:10:07.120,0.75126,0.75143,1.00,1.00
2016.08.30 23:10:13.929,0.75126,0.75142,1.00,1.00
2016.08.30 23:10:20.240,0.75126,0.75144,1.00,1.00
2016.08.30 23:10:20.437,0.75124,0.75144,1.00,1.00
2016.08.30 23:10:42.071,0.75125,0.75144,1.00,1.00
2016.08.30 23:10:45.039,0.75126,0.75144,1.00,1.00
2016.08.30 23:10:50.683,0.75124,0.75145,1.37,1.00
2016.08.30 23:10:52.186,0.75125,0.75143,1.12,1.00
2016.08.30 23:10:53.148,0.75125,0.75143,1.37,1.00
2016.08.30 23:11:04.305,0.75129,0.75146,1.00,1.12
2016.08.30 23:11:04.406,0.75131,0.75148,1.00,1.12
2016.08.30 23:11:04.507,0.75132,0.75149,1.00,1.00
2016.08.30 23:11:04.607,0.75132,0.7515,1.00,1.12
2016.08.30 23:11:10.406,0.75132,0.7515,1.12,1.00
2016.08.30 23:11:15.217,0.75132,0.75151,1.12,1.00
2016.08.30 23:11:22.326,0.75132,0.7515,1.12,1.00
2016.08.30 23:11:29.135,0.75132,0.75149,1.12,1.00
2016.08.30 23:11:30.124,0.75132,0.75149,1.00,1.00
2016.08.30 23:11:30.456,0.75131,0.75152,1.12,1.00
2016.08.30 23:11:30.525,0.75131,0.75152,1.00,1.12
2016.08.30 23:11:36.645,0.75132,0.75149,1.00,1.00
2016.08.30 23:11:37.346,0.75132,0.7515,1.00,1.00
2016.08.30 23:11:37.593,0.75134,0.75153,1.00,1.37
2016.08.30 23:11:37.977,0.75136,0.75154,1.00,1.37
2016.08.30 23:11:38.078,0.75136,0.75154,1.00,1.00
2016.08.30 23:11:38.748,0.75136,0.75153,1.00,1.00
2016.08.30 23:11:45.957,0.75135,0.75152,1.00,1.00
2016.08.30 23:11:52.365,0.75135,0.75153,1.00,1.00
2016.08.30 23:11:57.870,0.75134,0.75151,1.12,1.00
2016.08.30 23:11:57.971,0.75132,0.75151,1.37,1.00
2016.08.30 23:12:11.302,0.75132,0.75152,1.37,1.00
2016.08.30 23:12:14.187,0.75132,0.75151,1.37,1.00
2016.08.30 23:12:22.398,0.75133,0.75151,1.12,1.00
2016.08.30 23:12:29.206,0.75132,0.75151,1.37,1.00
2016.08.30 23:12:41.134,0.75132,0.75151,1.12,1.00
2016.08.30 23:12:41.319,0.75134,0.75154,1.00,1.37
2016.08.30 23:12:41.370,0.75134,0.75154,1.37,1.00
2016.08.30 23:12:41.420,0.75134,0.75155,1.37,1.12
2016.08.30 23:12:41.521,0.75135,0.75156,1.12,1.37
2016.08.30 23:12:41.946,0.75136,0.75154,1.00,1.00
2016.08.30 23:12:54.460,0.75132,0.75151,1.37,1.00
2016.08.30 23:12:54.738,0.75129,0.75149,1.37,1.00
2016.08.30 23:12:54.789,0.75129,0.75149,1.12,1.00
2016.08.30 23:12:55.054,0.75129,0.75147,1.00,1.00
2016.08.30 23:12:55.155,0.75126,0.75147,1.37,1.00
2016.08.30 23:12:55.350,0.75126,0.75145,1.12,1.00
2016.08.30 23:13:01.663,0.75127,0.75146,1.00,1.00
2016.08.30 23:13:01.751,0.75127,0.75146,1.37,1.00
2016.08.30 23:13:05.669,0.75126,0.75146,1.12,1.00
2016.08.30 23:13:07.458,0.75125,0.75146,1.37,1.00
2016.08.30 23:13:26.402,0.75125,0.75144,1.37,1.00
2016.08.30 23:13:37.600,0.75124,0.75144,1.37,1.00
2016.08.30 23:13:37.918,0.75126,0.75145,1.12,1.00
2016.08.30 23:13:47.439,0.75124,0.75145,1.37,1.00
2016.08.30 23:13:54.355,0.75122,0.75141,1.87,1.00
2016.08.30 23:13:54.572,0.75121,0.7514,1.37,1.00
2016.08.30 23:13:54.622,0.75119,0.7514,1.87,1.00
2016.08.30 23:13:54.690,0.75119,0.7514,1.37,1.00
2016.08.30 23:13:57.023,0.75121,0.75141,1.00,1.12
2016.08.30 23:13:57.324,0.75123,0.7514,1.00,1.00
2016.08.30 23:13:57.925,0.75122,0.75142,1.12,1.12
2016.08.30 23:13:59.427,0.75124,0.75141,1.00,1.00
2016.08.30 23:14:07.636,0.75123,0.75141,1.00,1.00
2016.08.30 23:14:08.938,0.75124,0.75141,1.00,1.00
2016.08.30 23:14:11.741,0.75124,0.7514,1.00,1.00
2016.08.30 23:14:14.177,0.75124,0.75141,1.00,1.00
2016.08.30 23:14:20.886,0.75122,0.75142,1.00,1.37
2016.08.30 23:14:22.655,0.75122,0.75141,1.00,1.12
2016.08.30 23:14:32.865,0.75122,0.75139,1.00,1.00
2016.08.30 23:14:32.992,0.7512,0.75139,1.12,1.00
2016.08.30 23:14:33.116,0.7512,0.75137,1.00,1.00
2016.08.30 23:14:37.370,0.75123,0.7514,1.00,1.37
2016.08.30 23:14:37.522,0.75123,0.7514,1.00,1.00
2016.08.30 23:14:37.573,0.75123,0.75141,1.00,1.12
2016.08.30 23:14:38.171,0.75122,0.75139,1.00,1.00
2016.08.30 23:14:38.286,0.75121,0.75138,1.12,1.00
2016.08.30 23:14:38.672,0.75122,0.7514,1.00,1.00
2016.08.30 23:14:44.478,0.75123,0.7514,1.00,1.00
2016.08.30 23:14:49.284,0.75121,0.75138,1.12,1.00
2016.08.30 23:14:49.494,0.75121,0.75138,1.00,1.00
2016.08.30 23:14:49.886,0.75122,0.7514,1.00,1.12
2016.08.30 23:14:50.040,0.75122,0.7514,1.00,1.00
2016.08.30 23:14:50.091,0.75122,0.75142,1.00,1.37
2016.08.30 23:14:53.589,0.75121,0.75138,1.00,1.00
2016.08.30 23:14:57.443,0.75123,0.7514,1.00,1.12
2016.08.30 23:14:57.505,0.75123,0.7514,1.00,1.00
2016.08.30 23:15:00.510,0.75123,0.7514,1.00,1.37
2016.08.30 23:15:14.218,0.7512,0.75138,1.00,1.00
2016.08.30 23:15:14.435,0.7512,0.75139,1.00,1.12
2016.08.30 23:15:19.123,0.75121,0.7514,1.00,1.37
2016.08.30 23:15:23.642,0.75121,0.7514,1.00,1.00
2016.08.30 23:15:29.536,0.75123,0.7514,1.00,1.00
2016.08.30 23:15:39.152,0.75121,0.75139,1.00,1.00
2016.08.30 23:15:39.262,0.75121,0.75139,1.00,1.12
2016.08.30 23:15:44.589,0.75122,0.75139,1.00,1.12
2016.08.30 23:15:46.562,0.75119,0.75138,1.12,1.00
2016.08.30 23:15:46.873,0.75119,0.75138,1.00,1.12
2016.08.30 23:15:51.370,0.75121,0.75138,1.00,1.12
2016.08.30 23:15:52.874,0.7512,0.75137,1.00,1.00
2016.08.30 23:15:59.586,0.7512,0.75138,1.00,1.12
2016.08.30 23:16:04.241,0.75121,0.7514,1.00,1.37
2016.08.30 23:16:05.842,0.7512,0.75138,1.00,1.00
2016.08.30 23:16:06.402,0.7512,0.75138,1.00,1.12
2016.08.30 23:16:06.502,0.75122,0.75139,1.00,1.37
2016.08.30 23:16:06.644,0.75122,0.75139,1.00,1.12
2016.08.30 23:16:14.615,0.75121,0.75138,1.00,1.00
2016.08.30 23:16:25.566,0.75122,0.75139,1.00,1.12
2016.08.30 23:16:26.567,0.7512,0.75139,1.00,1.12
2016.08.30 23:16:46.494,0.7512,0.75139,1.00,1.37
2016.08.30 23:17:07.980,0.7512,0.75138,1.00,1.12
2016.08.30 23:17:14.630,0.75121,0.75138,1.00,1.12
2016.08.30 23:17:18.795,0.75122,0.75139,1.00,1.37
2016.08.30 23:17:30.251,0.7512,0.75139,1.00,1.37
2016.08.30 23:17:32.253,0.75121,0.75139,1.00,1.37
2016.08.30 23:17:34.621,0.75122,0.75139,1.00,1.37
2016.08.30 23:17:48.066,0.75121,0.75138,1.00,1.12
2016.08.30 23:17:48.617,0.7512,0.75138,1.00,1.12
2016.08.30 23:17:51.537,0.75121,0.75139,1.00,1.37
2016.08.30 23:17:52.371,0.75121,0.75139,1.00,1.00
2016.08.30 23:17:53.039,0.75121,0.7514,1.00,1.00
2016.08.30 23:17:53.363,0.75121,0.7514,1.00,1.37
2016.08.30 23:17:55.875,0.75119,0.7514,1.00,1.37
2016.08.30 23:18:00.149,0.75119,0.75139,1.00,1.37
2016.08.30 23:18:30.120,0.75119,0.75139,1.00,1.12
2016.08.30 23:18:50.050,0.75119,0.75139,1.00,1.37
2016.08.30 23:19:00.301,0.75114,0.75142,1.37,1.37
2016.08.30 23:19:01.540,0.7512,0.75138,1.00,1.12
2016.08.30 23:19:10.097,0.7512,0.75138,1.00,1.37
2016.08.30 23:19:30.120,0.7512,0.75138,1.00,1.12
2016.08.30 23:19:33.323,0.75122,0.75139,1.00,1.37
2016.08.30 23:19:33.424,0.75122,0.75142,1.00,1.37
2016.08.30 23:19:33.525,0.75124,0.75141,1.00,1.37
2016.08.30 23:19:33.999,0.75123,0.7514,1.00,1.12
2016.08.30 23:19:36.128,0.75122,0.7514,1.00,1.12
2016.08.30 23:19:50.041,0.75122,0.7514,1.00,1.37
2016.08.30 23:19:54.751,0.75122,0.75142,1.00,1.37
2016.08.30 23:20:12.234,0.75122,0.7514,1.00,1.37
2016.08.30 23:20:19.044,0.75121,0.75139,1.00,1.12
2016.08.30 23:20:21.847,0.75121,0.7514,1.00,1.37
2016.08.30 23:20:32.899,0.75123,0.75141,1.00,1.37
2016.08.30 23:20:32.950,0.75123,0.75141,1.00,1.12
2016.08.30 23:20:33.112,0.75124,0.75142,1.00,1.37
2016.08.30 23:20:33.413,0.75122,0.75142,1.00,1.37
2016.08.30 23:20:36.896,0.75124,0.75142,1.00,1.37
2016.08.30 23:20:43.531,0.75124,0.75142,1.00,1.00
2016.08.30 23:20:45.221,0.75123,0.75144,1.12,1.12
2016.08.30 23:20:46.524,0.75125,0.75143,1.00,1.00
2016.08.30 23:20:47.638,0.75125,0.75143,1.00,1.12
2016.08.30 23:20:51.943,0.75123,0.75143,1.00,1.12
2016.08.30 23:20:54.650,0.75124,0.75144,1.00,1.37
2016.08.30 23:20:55.551,0.75124,0.75144,1.12,1.12
2016.08.30 23:21:07.393,0.75126,0.75144,1.00,1.12
2016.08.30 23:21:22.157,0.75126,0.75145,1.00,1.37
2016.08.30 23:21:22.208,0.75126,0.75145,1.00,1.12
2016.08.30 23:21:24.379,0.75127,0.75145,1.00,1.12
2016.08.30 23:21:32.831,0.75125,0.75145,1.00,1.12
2016.08.30 23:21:50.033,0.75125,0.75145,1.00,1.00
2016.08.30 23:21:51.536,0.75125,0.75145,1.00,1.37
2016.08.30 23:21:51.586,0.75125,0.75143,1.00,1.12
2016.08.30 23:21:51.675,0.75125,0.75143,1.00,1.37
2016.08.30 23:22:14.505,0.75122,0.7514,1.00,1.00
2016.08.30 23:22:14.780,0.7512,0.75139,1.12,1.00
2016.08.30 23:22:14.969,0.7512,0.75139,1.00,1.37
2016.08.30 23:22:15.858,0.75121,0.7514,1.00,1.37
2016.08.30 23:22:16.009,0.75121,0.75138,1.00,1.12
2016.08.30 23:22:16.188,0.75119,0.75139,1.00,1.37
2016.08.30 23:22:16.973,0.75119,0.75139,1.00,1.12
2016.08.30 23:22:21.389,0.75121,0.75138,1.00,1.00
2016.08.30 23:22:23.192,0.75122,0.75139,1.00,1.12
2016.08.30 23:22:23.392,0.75121,0.75138,1.00,1.00
2016.08.30 23:22:33.626,0.7512,0.75137,1.00,1.00
2016.08.30 23:22:34.409,0.7512,0.75137,1.00,1.12
2016.08.30 23:22:36.714,0.7512,0.75137,1.00,1.00
2016.08.30 23:22:37.230,0.75121,0.75138,1.00,1.00
2016.08.30 23:22:37.416,0.75121,0.75138,1.00,1.12
2016.08.30 23:22:37.617,0.75121,0.75138,1.00,1.00
2016.08.30 23:22:37.717,0.75121,0.75138,1.00,1.12
2016.08.30 23:23:02.854,0.75119,0.75138,1.00,1.12
2016.08.30 23:23:02.905,0.75119,0.75138,1.00,1.00
2016.08.30 23:23:03.166,0.75121,0.75139,1.00,1.12
2016.08.30 23:23:04.354,0.7512,0.75138,1.00,1.00
2016.08.30 23:23:06.140,0.75119,0.75138,1.00,1.00
2016.08.30 23:23:08.662,0.75121,0.75138,1.00,1.00
2016.08.30 23:23:30.016,0.75121,0.75138,1.00,1.12
2016.08.30 23:23:50.098,0.75121,0.75138,1.00,1.37
2016.08.30 23:23:53.832,0.75119,0.75139,1.00,1.37
2016.08.30 23:24:02.257,0.75118,0.75135,1.00,1.00
2016.08.30 23:24:02.307,0.75118,0.75135,1.00,1.12
2016.08.30 23:24:13.505,0.75115,0.75135,1.12,1.12
2016.08.30 23:24:13.606,0.75113,0.7513,1.37,1.00
2016.08.30 23:24:13.734,0.75113,0.7513,1.00,1.12
2016.08.30 23:24:13.871,0.75114,0.75131,1.00,1.37
2016.08.30 23:24:15.172,0.75115,0.75132,1.00,1.37
2016.08.30 23:24:15.337,0.75115,0.75132,1.00,1.12
2016.08.30 23:24:27.334,0.75113,0.7513,1.00,1.00
2016.08.30 23:24:27.443,0.75113,0.7513,1.00,1.12
2016.08.30 23:24:50.093,0.75113,0.7513,1.00,1.37
2016.08.30 23:24:59.233,0.75112,0.75129,1.00,1.12
2016.08.30 23:25:30.014,0.75112,0.75129,1.00,1.00
2016.08.30 23:25:50.065,0.75112,0.75129,1.00,1.12
2016.08.30 23:25:59.427,0.75105,0.75133,1.37,1.37
2016.08.30 23:26:03.223,0.75112,0.75129,1.00,1.12
2016.08.30 23:26:29.455,0.75109,0.75127,1.12,1.00
2016.08.30 23:26:29.505,0.75109,0.75127,1.00,1.00
2016.08.30 23:26:29.756,0.75107,0.75124,1.00,1.00
2016.08.30 23:26:29.907,0.75108,0.75125,1.00,1.12
2016.08.30 23:26:30.008,0.75108,0.75125,1.00,1.00
2016.08.30 23:26:30.058,0.75109,0.75126,1.00,1.12
2016.08.30 23:26:30.109,0.75109,0.75126,1.00,1.37
2016.08.30 23:26:30.602,0.75104,0.75121,1.12,1.00
2016.08.30 23:26:30.703,0.75105,0.75122,1.00,1.00
2016.08.30 23:26:30.753,0.75105,0.75122,1.00,1.12
2016.08.30 23:26:31.257,0.75104,0.75123,1.00,1.37
2016.08.30 23:26:39.173,0.75105,0.75123,1.00,1.37
2016.08.30 23:26:44.373,0.75103,0.75123,1.00,1.37
2016.08.30 23:26:50.008,0.75108,0.75125,1.00,1.37
2016.08.30 23:26:50.398,0.75108,0.75126,1.00,1.12
2016.08.30 23:27:00.301,0.75106,0.75124,1.00,1.00
2016.08.30 23:27:00.352,0.75106,0.75124,1.00,1.12
2016.08.30 23:27:00.402,0.75107,0.75125,1.00,1.37
2016.08.30 23:27:01.003,0.75108,0.75125,1.00,1.37
2016.08.30 23:27:07.614,0.75107,0.75125,1.00,1.37
2016.08.30 23:27:08.115,0.75107,0.75124,1.00,1.12
2016.08.30 23:27:11.073,0.75107,0.75124,1.00,1.00
2016.08.30 23:27:11.273,0.75108,0.75125,1.00,1.37
2016.08.30 23:27:12.304,0.75108,0.75125,1.00,1.00
2016.08.30 23:27:12.829,0.75108,0.75127,1.00,1.12
2016.08.30 23:27:14.451,0.75109,0.75129,1.00,1.37
2016.08.30 23:27:16.122,0.7511,0.75128,1.00,1.37
2016.08.30 23:27:39.315,0.7511,0.75127,1.00,1.12
2016.08.30 23:27:52.959,0.75109,0.75127,1.00,1.12
2016.08.30 23:27:53.515,0.75108,0.75125,1.00,1.00
2016.08.30 23:27:54.016,0.75108,0.75126,1.00,1.00
2016.08.30 23:27:54.119,0.75108,0.75126,1.00,1.37
2016.08.30 23:28:01.037,0.75109,0.75127,1.00,1.37
2016.08.30 23:28:07.749,0.75108,0.75126,1.00,1.37
2016.08.30 23:28:10.057,0.75108,0.75126,1.00,1.12
2016.08.30 23:28:29.964,0.75108,0.75126,1.00,1.37
2016.08.30 23:28:30.923,0.75108,0.75127,1.00,1.37
2016.08.30 23:28:30.973,0.75108,0.75127,1.00,1.12
2016.08.30 23:28:32.177,0.75107,0.75128,1.00,1.37
2016.08.30 23:28:33.598,0.75107,0.75125,1.00,1.00
2016.08.30 23:28:33.897,0.75104,0.75125,1.12,1.37
2016.08.30 23:28:33.998,0.75105,0.75123,1.00,1.00
2016.08.30 23:28:34.171,0.75102,0.75121,1.12,1.00
2016.08.30 23:28:34.272,0.75102,0.75121,1.00,1.12
2016.08.30 23:28:34.373,0.75103,0.75121,1.00,1.37
2016.08.30 23:28:34.423,0.75099,0.75118,1.00,1.37
2016.08.30 23:28:34.574,0.751,0.75119,1.00,1.12
2016.08.30 23:28:34.781,0.75101,0.7512,1.00,1.37
2016.08.30 23:28:35.400,0.75102,0.75121,1.00,1.87
2016.08.30 23:28:35.450,0.75102,0.75121,1.00,1.37
2016.08.30 23:28:39.387,0.75103,0.75121,1.00,1.37
2016.08.30 23:28:42.291,0.75104,0.75121,1.00,1.37
2016.08.30 23:28:43.060,0.75103,0.75121,1.00,1.37
2016.08.30 23:28:44.694,0.75102,0.75121,1.00,1.37
2016.08.30 23:28:59.712,0.75103,0.75122,1.00,1.37
2016.08.30 23:29:01.214,0.75102,0.75121,1.00,1.37
2016.08.30 23:29:18.035,0.75103,0.75122,1.00,1.37
2016.08.30 23:29:19.063,0.75102,0.75121,1.00,1.37
2016.08.30 23:29:24.442,0.75103,0.75121,1.00,1.37
2016.08.30 23:29:30.147,0.75103,0.75121,1.00,1.12
2016.08.30 23:29:31.149,0.75102,0.75121,1.00,1.12
2016.08.30 23:29:42.427,0.75104,0.75121,1.00,1.12
2016.08.30 23:29:42.579,0.75104,0.75121,1.00,1.00
2016.08.30 23:29:43.064,0.75104,0.75121,1.00,1.12
2016.08.30 23:29:46.282,0.75103,0.75123,1.00,1.37
2016.08.30 23:29:47.750,0.75103,0.75123,1.00,1.87
2016.08.30 23:29:47.800,0.75105,0.75122,1.00,1.37
2016.08.30 23:29:47.901,0.75103,0.75122,1.00,1.12
2016.08.30 23:29:48.332,0.75101,0.75122,1.37,1.12
2016.08.30 23:29:48.516,0.75101,0.75122,1.00,1.37
2016.08.30 23:29:56.327,0.75104,0.75122,1.00,1.37
2016.08.30 23:29:56.428,0.75102,0.75122,1.12,1.12
2016.08.30 23:29:56.630,0.75104,0.75122,1.00,1.12
2016.08.30 23:29:57.137,0.75103,0.75122,1.00,1.12
2016.08.30 23:30:00.094,0.75104,0.75121,1.00,1.00
2016.08.30 23:30:00.523,0.75104,0.75121,1.00,1.37
2016.08.30 23:30:05.136,0.75104,0.75122,1.00,1.37
2016.08.30 23:30:05.303,0.75104,0.75122,1.00,1.00
2016.08.30 23:30:16.690,0.75104,0.75121,1.00,1.00
2016.08.30 23:30:16.740,0.75104,0.75121,1.00,1.37
2016.08.30 23:30:23.264,0.75103,0.75121,1.00,1.37
2016.08.30 23:30:28.771,0.75102,0.7512,1.00,1.12
2016.08.30 23:30:28.935,0.75102,0.7512,1.00,1.37
2016.08.30 23:30:29.735,0.75102,0.7512,1.00,1.12
2016.08.30 23:30:33.977,0.75103,0.7512,1.00,1.12
2016.08.30 23:30:38.083,0.75103,0.75121,1.00,1.37
2016.08.30 23:30:40.288,0.75102,0.7512,1.00,1.12
2016.08.30 23:30:41.489,0.75104,0.75121,1.00,1.37
2016.08.30 23:30:52.919,0.75105,0.75124,1.00,1.37
2016.08.30 23:30:53.020,0.75104,0.75122,1.00,1.37
2016.08.30 23:30:53.071,0.75104,0.75122,1.00,1.00
2016.08.30 23:30:55.605,0.75103,0.75122,1.00,1.00
2016.08.30 23:30:56.153,0.75103,0.75121,1.00,1.00
2016.08.30 23:30:58.130,0.75105,0.75123,1.00,1.12
2016.08.30 23:30:58.281,0.75106,0.75123,1.00,1.00
2016.08.30 23:30:58.332,0.75106,0.75124,1.00,1.12
2016.08.30 23:30:58.439,0.75107,0.75125,1.00,1.37
2016.08.30 23:31:15.131,0.75108,0.75126,1.00,1.37
2016.08.30 23:31:15.383,0.75108,0.75126,1.00,1.12
2016.08.30 23:31:16.144,0.75109,0.75126,1.00,1.12
2016.08.30 23:31:16.245,0.75109,0.75126,1.00,1.37
2016.08.30 23:31:16.300,0.75109,0.75126,1.00,1.12
2016.08.30 23:31:16.432,0.75107,0.75127,1.00,1.37
2016.08.30 23:31:17.034,0.75107,0.75125,1.00,1.00
2016.08.30 23:31:17.734,0.75107,0.75125,1.00,1.37
2016.08.30 23:31:19.036,0.75108,0.75125,1.00,1.37
2016.08.30 23:31:25.166,0.75107,0.75125,1.00,1.37
2016.08.30 23:31:25.351,0.75105,0.75124,1.00,1.12
2016.08.30 23:31:25.677,0.75107,0.75124,1.00,1.12
2016.08.30 23:31:25.847,0.75107,0.75125,1.00,1.37
2016.08.30 23:31:27.149,0.75106,0.75124,1.00,1.12
2016.08.30 23:31:27.350,0.75106,0.75126,1.00,1.37
2016.08.30 23:31:27.743,0.75108,0.75126,1.00,1.37
2016.08.30 23:31:31.204,0.75106,0.75126,1.00,1.37
2016.08.30 23:31:31.267,0.75107,0.75124,1.00,1.12
2016.08.30 23:31:32.334,0.75106,0.75124,1.00,1.12
2016.08.30 23:31:34.468,0.75105,0.75123,1.00,1.00
2016.08.30 23:31:34.671,0.75104,0.75122,1.00,1.12
2016.08.30 23:31:34.909,0.75104,0.75123,1.00,1.37
2016.08.30 23:31:35.172,0.75105,0.75125,1.00,1.37
2016.08.30 23:31:38.177,0.75105,0.75124,1.00,1.37
2016.08.30 23:31:43.184,0.75106,0.75124,1.00,1.37
2016.08.30 23:32:05.507,0.75106,0.75125,1.00,1.37
2016.08.30 23:32:05.607,0.75107,0.75125,1.00,1.12
2016.08.30 23:32:06.107,0.75107,0.75126,1.00,1.37
2016.08.30 23:32:06.654,0.75108,0.75126,1.00,1.37
2016.08.30 23:32:07.709,0.75109,0.75126,1.00,1.37
2016.08.30 23:32:08.006,0.75109,0.75126,1.00,1.00
2016.08.30 23:32:09.810,0.75108,0.75128,1.00,1.37
2016.08.30 23:32:10.460,0.75109,0.75128,1.00,1.37
2016.08.30 23:32:19.369,0.75109,0.75126,1.00,1.12
2016.08.30 23:32:34.049,0.75107,0.75127,1.00,1.37
2016.08.30 23:32:40.565,0.75107,0.75125,1.00,1.00
2016.08.30 23:32:40.665,0.75107,0.75125,1.00,1.37
2016.08.30 23:32:45.095,0.75105,0.75124,1.00,1.12
2016.08.30 23:32:45.196,0.75105,0.75122,1.00,1.12
2016.08.30 23:32:45.478,0.75106,0.75123,1.00,1.37
2016.08.30 23:32:46.157,0.75105,0.75123,1.00,1.37
2016.08.30 23:32:48.074,0.75106,0.75123,1.00,1.37
2016.08.30 23:32:48.175,0.75106,0.75123,1.00,1.00
2016.08.30 23:32:50.063,0.75106,0.75123,1.00,1.37
2016.08.30 23:32:50.166,0.75106,0.75123,1.00,1.00
2016.08.30 23:32:53.383,0.75106,0.75124,1.00,1.12
2016.08.30 23:32:54.785,0.75107,0.75124,1.00,1.12
2016.08.30 23:33:01.295,0.75107,0.75127,1.00,1.37
2016.08.30 23:33:01.695,0.75108,0.75125,1.00,1.37
2016.08.30 23:33:02.496,0.75109,0.75126,1.00,1.37
2016.08.30 23:33:09.895,0.75109,0.75126,1.00,1.12
2016.08.30 23:33:09.945,0.7511,0.75127,1.00,1.37
2016.08.30 23:33:09.995,0.7511,0.75127,1.00,1.00
2016.08.30 23:33:10.046,0.75112,0.75129,1.00,1.37
2016.08.30 23:33:10.309,0.75113,0.7513,1.00,1.12
2016.08.30 23:33:10.359,0.75114,0.75131,1.00,1.37
2016.08.30 23:33:10.410,0.75112,0.75131,1.00,1.37
2016.08.30 23:33:10.609,0.75114,0.75131,1.00,1.37
2016.08.30 23:33:10.797,0.75115,0.75132,1.00,1.12
2016.08.30 23:33:10.910,0.75114,0.75131,1.00,1.00
2016.08.30 23:33:10.997,0.75114,0.75131,1.00,1.37
2016.08.30 23:33:11.711,0.75115,0.75132,1.00,1.37
2016.08.30 23:33:16.621,0.75117,0.75134,1.00,1.37
2016.08.30 23:33:16.722,0.75118,0.75135,1.00,1.87
2016.08.30 23:33:16.918,0.75117,0.75134,1.00,1.37
2016.08.30 23:33:17.455,0.75116,0.75134,1.00,1.37
2016.08.30 23:33:18.221,0.75116,0.75133,1.00,1.12
2016.08.30 23:33:24.929,0.75117,0.75134,1.00,1.37
2016.08.30 23:33:27.833,0.75116,0.75133,1.00,1.12
2016.08.30 23:33:30.327,0.75116,0.75133,1.00,1.37
2016.08.30 23:33:30.444,0.75115,0.75132,1.00,1.12
2016.08.30 23:33:30.544,0.75114,0.75131,1.00,1.00
2016.08.30 23:33:30.645,0.75114,0.75131,1.00,1.37
2016.08.30 23:33:31.278,0.75114,0.75131,1.00,1.00
2016.08.30 23:33:31.746,0.75113,0.75133,1.00,1.37
2016.08.30 23:33:39.956,0.75114,0.75131,1.00,1.00
2016.08.30 23:33:51.972,0.75115,0.75132,1.00,1.12
2016.08.30 23:34:08.894,0.75115,0.75134,1.00,1.37
2016.08.30 23:34:20.708,0.75115,0.75132,1.00,1.00
2016.08.30 23:34:20.758,0.75115,0.75132,1.00,1.12
2016.08.30 23:34:23.514,0.75116,0.75133,1.00,1.37
2016.08.30 23:34:24.816,0.75113,0.75132,1.00,1.12
2016.08.30 23:34:24.932,0.75113,0.75132,1.00,1.37
2016.08.30 23:34:38.534,0.75115,0.75132,1.00,1.37
2016.08.30 23:34:42.866,0.75115,0.75132,1.00,1.12
2016.08.30 23:34:58.558,0.75116,0.75133,1.00,1.37
2016.08.30 23:35:10.688,0.75115,0.75132,1.00,1.12
2016.08.30 23:35:12.176,0.75117,0.75134,1.00,1.37
2016.08.30 23:35:12.277,0.75115,0.75132,1.00,1.12
2016.08.30 23:35:15.879,0.75115,0.75132,1.00,1.00
2016.08.30 23:35:22.089,0.75115,0.75132,1.00,1.12
2016.08.30 23:35:22.190,0.75115,0.75133,1.00,1.37
2016.08.30 23:35:22.789,0.75116,0.75133,1.00,1.37
2016.08.30 23:35:24.291,0.75119,0.75136,1.00,1.87
2016.08.30 23:35:24.391,0.75121,0.75137,1.00,1.37
2016.08.30 23:35:24.444,0.75121,0.75139,1.00,1.37
2016.08.30 23:35:24.696,0.75122,0.7514,1.00,1.12
2016.08.30 23:35:24.995,0.75121,0.75141,1.00,1.37
2016.08.30 23:35:25.193,0.75123,0.7514,1.00,1.12
2016.08.30 23:35:28.562,0.75123,0.7514,1.00,1.37
2016.08.30 23:35:34.107,0.75121,0.75138,1.00,1.00
2016.08.30 23:35:38.708,0.75121,0.75139,1.00,1.12
2016.08.30 23:35:39.810,0.75121,0.7514,1.00,1.37
2016.08.30 23:35:39.915,0.75121,0.7514,1.00,1.87
2016.08.30 23:35:40.010,0.75121,0.75138,1.00,1.37
2016.08.30 23:35:47.928,0.7512,0.75138,1.00,1.37
2016.08.30 23:35:50.922,0.75121,0.75138,1.00,1.37
2016.08.30 23:35:51.214,0.75121,0.75138,1.00,1.12
2016.08.30 23:35:51.926,0.75121,0.75139,1.00,1.37
2016.08.30 23:35:54.035,0.7512,0.75139,1.00,1.37
2016.08.30 23:35:55.236,0.7512,0.75138,1.00,1.12
2016.08.30 23:36:04.511,0.7512,0.75138,1.00,1.37
2016.08.30 23:36:19.575,0.75123,0.7514,1.00,1.87
2016.08.30 23:36:19.676,0.75123,0.7514,1.00,1.37
2016.08.30 23:36:20.495,0.75122,0.75139,1.00,1.37
2016.08.30 23:36:24.388,0.7512,0.75137,1.00,1.00
2016.08.30 23:36:24.666,0.75119,0.75136,1.00,1.12
2016.08.30 23:36:24.889,0.75117,0.75136,1.00,1.12
2016.08.30 23:36:26.089,0.75119,0.75136,1.00,1.12
2016.08.30 23:36:26.191,0.75117,0.75136,1.00,1.12
2016.08.30 23:36:27.593,0.75119,0.75136,1.00,1.12
2016.08.30 23:36:28.047,0.75119,0.75136,1.00,1.00
2016.08.30 23:36:36.410,0.75117,0.75137,1.00,1.00
2016.08.30 23:36:50.124,0.75117,0.75137,1.00,1.37
2016.08.30 23:36:51.429,0.75118,0.75137,1.00,1.37
2016.08.30 23:36:53.834,0.75118,0.75135,1.00,1.00
2016.08.30 23:37:04.754,0.75119,0.75136,1.00,1.12
2016.08.30 23:37:33.300,0.75117,0.75136,1.00,1.12
2016.08.30 23:37:35.637,0.75117,0.75136,1.00,1.00
2016.08.30 23:37:41.144,0.75117,0.75136,1.00,1.37
2016.08.30 23:37:59.769,0.75117,0.75136,1.00,1.12
2016.08.30 23:38:05.460,0.75117,0.75134,1.00,1.00
2016.08.30 23:38:07.854,0.75118,0.75135,1.00,1.00
2016.08.30 23:38:08.950,0.75118,0.75134,1.00,1.00
2016.08.30 23:38:10.452,0.75117,0.75134,1.00,1.00
2016.08.30 23:38:38.634,0.75117,0.75134,1.12,1.00
2016.08.30 23:38:43.528,0.75117,0.75134,1.00,1.00
2016.08.30 23:38:44.291,0.75116,0.75133,1.00,1.00
2016.08.30 23:38:46.720,0.75117,0.75134,1.00,1.00
2016.08.30 23:38:50.699,0.7512,0.75137,1.00,1.37
2016.08.30 23:38:50.826,0.75118,0.75137,1.00,1.37
2016.08.30 23:38:50.876,0.75118,0.75137,1.00,1.12
2016.08.30 23:38:50.927,0.7512,0.75137,1.00,1.12
2016.08.30 23:38:50.977,0.7512,0.75137,1.00,1.37
2016.08.30 23:38:51.078,0.7512,0.75137,1.00,1.12
2016.08.30 23:38:51.427,0.75118,0.75137,1.00,1.12
2016.08.30 23:38:54.230,0.75121,0.7514,1.00,1.37
2016.08.30 23:38:54.381,0.75121,0.7514,1.00,1.12
2016.08.30 23:38:54.432,0.75123,0.7514,1.00,1.12
2016.08.30 23:38:55.505,0.7512,0.75137,1.00,1.00
2016.08.30 23:38:55.712,0.75119,0.75136,1.12,1.00
2016.08.30 23:38:55.762,0.75119,0.75136,1.00,1.00
2016.08.30 23:38:55.962,0.75119,0.75136,1.00,1.12
2016.08.30 23:38:58.337,0.75123,0.7514,1.00,1.37
2016.08.30 23:38:58.560,0.75124,0.75141,1.00,1.12
2016.08.30 23:38:58.710,0.75125,0.75142,1.00,1.37
2016.08.30 23:39:05.706,0.75126,0.75143,1.00,1.12
2016.08.30 23:39:05.853,0.75127,0.75144,1.00,1.37
2016.08.30 23:39:05.903,0.75127,0.75144,1.00,1.00
2016.08.30 23:39:06.150,0.75129,0.75146,1.00,1.37
2016.08.30 23:39:06.673,0.75128,0.75146,1.00,1.37
2016.08.30 23:39:06.961,0.75127,0.75144,1.00,1.00
2016.08.30 23:39:07.501,0.75126,0.75143,1.00,1.00
2016.08.30 23:39:07.602,0.75127,0.75144,1.00,1.37
2016.08.30 23:39:10.573,0.75127,0.75144,1.00,1.12
2016.08.30 23:39:10.628,0.75129,0.75146,1.00,1.37
2016.08.30 23:39:10.678,0.75129,0.75146,1.00,1.12
2016.08.30 23:39:10.829,0.75128,0.75145,1.00,1.00
2016.08.30 23:39:11.050,0.75126,0.75143,1.12,1.00
2016.08.30 23:39:11.100,0.75126,0.75143,1.00,1.00
2016.08.30 23:39:13.932,0.75129,0.75148,1.00,1.75
2016.08.30 23:39:14.018,0.75129,0.75148,1.00,1.37
2016.08.30 23:39:20.640,0.7513,0.75149,1.00,1.37
2016.08.30 23:39:20.791,0.7513,0.75149,1.12,1.00
2016.08.30 23:39:23.306,0.7513,0.75149,1.00,1.37
2016.08.30 23:39:27.998,0.7513,0.75149,1.12,1.00
2016.08.30 23:39:32.051,0.75136,0.75153,1.00,1.87
2016.08.30 23:39:32.102,0.75134,0.75151,1.00,1.37
2016.08.30 23:39:32.152,0.75134,0.75151,1.00,1.00
2016.08.30 23:39:32.203,0.75132,0.75149,1.12,1.00
2016.08.30 23:39:32.456,0.75131,0.75148,1.37,1.00
2016.08.30 23:39:37.701,0.75132,0.75151,1.12,1.00
2016.08.30 23:39:37.827,0.75132,0.75151,1.00,1.12
2016.08.30 23:39:37.877,0.75131,0.7515,1.00,1.00
2016.08.30 23:39:41.369,0.75132,0.75151,1.00,1.12
2016.08.30 23:39:41.581,0.75131,0.7515,1.00,1.00
2016.08.30 23:39:43.271,0.75131,0.75148,1.00,1.00
2016.08.30 23:39:45.994,0.75131,0.75147,1.00,1.00
2016.08.30 23:39:46.044,0.75131,0.75147,1.00,1.12
2016.08.30 23:39:46.095,0.75131,0.75148,1.00,1.37
2016.08.30 23:39:46.221,0.75131,0.75148,1.00,1.00
2016.08.30 23:39:51.035,0.7513,0.75147,1.00,1.00
2016.08.30 23:39:51.776,0.7513,0.75147,1.00,1.12
2016.08.30 23:39:51.877,0.7513,0.75147,1.00,1.00
2016.08.30 23:39:53.085,0.75131,0.75148,1.00,1.00
2016.08.30 23:39:59.493,0.75132,0.75149,1.00,1.12
2016.08.30 23:40:02.498,0.7513,0.75149,1.00,1.12
2016.08.30 23:40:03.294,0.7513,0.75149,1.00,1.37
2016.08.30 23:40:03.350,0.7513,0.75149,1.00,1.12
2016.08.30 23:40:10.361,0.7513,0.75149,1.00,1.37
2016.08.30 23:40:10.707,0.75127,0.75144,1.12,1.00
2016.08.30 23:40:10.808,0.75126,0.75144,1.00,1.00
2016.08.30 23:40:10.909,0.75124,0.75141,1.00,1.00
2016.08.30 23:40:11.010,0.75124,0.75141,1.00,1.12
2016.08.30 23:40:11.110,0.75124,0.75141,1.00,1.37
2016.08.30 23:40:11.364,0.75124,0.75141,1.00,1.00
2016.08.30 23:40:20.870,0.75125,0.75142,1.00,1.00
2016.08.30 23:40:21.420,0.75124,0.75141,1.00,1.00
2016.08.30 23:40:23.624,0.75123,0.7514,1.00,1.00
2016.08.30 23:40:49.156,0.75119,0.75136,1.00,1.00
2016.08.30 23:40:49.256,0.75118,0.75137,1.12,1.00
2016.08.30 23:40:49.357,0.75117,0.75134,1.00,1.00
2016.08.30 23:40:49.420,0.75117,0.75134,1.00,1.37
2016.08.30 23:40:49.899,0.75116,0.75133,1.00,1.12
2016.08.30 23:40:52.758,0.75115,0.75132,1.00,1.00
2016.08.30 23:40:52.861,0.75116,0.75133,1.00,1.12
2016.08.30 23:40:54.364,0.75114,0.75133,1.00,1.12
2016.08.30 23:40:55.862,0.75116,0.75133,1.00,1.12
2016.08.30 23:41:04.741,0.75116,0.75133,1.00,1.00
2016.08.30 23:41:06.375,0.75117,0.75134,1.00,1.00
2016.08.30 23:41:07.376,0.75121,0.75137,1.00,1.37
2016.08.30 23:41:07.457,0.75121,0.7514,1.00,1.37
2016.08.30 23:41:07.508,0.75123,0.7514,1.00,1.37
2016.08.30 23:41:10.386,0.75123,0.7514,1.00,1.00
2016.08.30 23:41:22.962,0.75121,0.75138,1.00,1.00
2016.08.30 23:41:23.113,0.75118,0.75135,1.12,1.00
2016.08.30 23:41:23.164,0.75118,0.75135,1.00,1.00
2016.08.30 23:41:23.996,0.75117,0.75134,1.00,1.00
2016.08.30 23:41:24.081,0.75117,0.75134,1.00,1.12
2016.08.30 23:41:24.198,0.75117,0.75134,1.00,1.00
2016.08.30 23:41:26.800,0.75115,0.75132,1.12,1.00
2016.08.30 23:41:26.970,0.75115,0.75132,1.00,1.00
2016.08.30 23:41:27.493,0.75114,0.75131,1.00,1.00
2016.08.30 23:41:31.225,0.75114,0.75133,1.00,1.12
2016.08.30 23:41:32.538,0.75114,0.75133,1.37,1.00
2016.08.30 23:41:32.708,0.75116,0.75133,1.00,1.00
2016.08.30 23:41:41.420,0.75114,0.75133,1.00,1.00
2016.08.30 23:41:49.440,0.75114,0.75131,1.00,1.00
2016.08.30 23:41:50.089,0.75113,0.75131,1.00,1.00
2016.08.30 23:41:50.528,0.75115,0.75132,1.00,1.00
2016.08.30 23:41:52.703,0.75115,0.75132,1.00,1.12
2016.08.30 23:41:53.597,0.75116,0.75132,1.00,1.12
2016.08.30 23:41:54.632,0.75116,0.75133,1.00,1.37
2016.08.30 23:41:54.990,0.75116,0.75133,1.00,1.00
2016.08.30 23:41:55.366,0.75114,0.75133,1.00,1.00
2016.08.30 23:41:55.568,0.75112,0.75129,1.37,1.00
2016.08.30 23:41:55.618,0.75112,0.75129,1.00,1.00
2016.08.30 23:41:55.669,0.75109,0.75128,1.37,1.00
2016.08.30 23:41:55.719,0.75109,0.75128,1.12,1.00
2016.08.30 23:41:55.770,0.75109,0.75126,1.12,1.00
2016.08.30 23:41:55.901,0.75107,0.75126,1.37,1.00
2016.08.30 23:41:56.053,0.75107,0.75126,1.00,1.12
2016.08.30 23:41:56.135,0.75107,0.75124,1.00,1.00
2016.08.30 23:41:56.435,0.75105,0.75124,1.12,1.00
2016.08.30 23:41:56.536,0.75105,0.75124,1.00,1.12
2016.08.30 23:41:56.653,0.75103,0.75122,1.37,1.00
2016.08.30 23:41:56.854,0.75103,0.75122,1.00,1.00
2016.08.30 23:42:09.575,0.75107,0.75124,1.00,1.12
2016.08.30 23:42:09.728,0.75107,0.75124,1.00,1.00
2016.08.30 23:42:10.232,0.75107,0.75124,1.00,1.12
2016.08.30 23:42:10.532,0.75107,0.75124,1.00,1.00
2016.08.30 23:42:10.675,0.75107,0.75124,1.00,1.12
2016.08.30 23:42:11.880,0.75106,0.75123,1.00,1.00
2016.08.30 23:42:19.868,0.75107,0.75124,1.00,1.12
2016.08.30 23:42:20.295,0.75106,0.75123,1.00,1.00
2016.08.30 23:42:28.558,0.75106,0.75123,1.00,1.12
2016.08.30 23:42:28.681,0.75107,0.75124,1.00,1.37
2016.08.30 23:42:30.460,0.75107,0.75124,1.00,1.00
2016.08.30 23:42:30.578,0.75105,0.75124,1.00,1.00
2016.08.30 23:42:30.861,0.75105,0.75124,1.00,1.12
2016.08.30 23:42:32.718,0.75107,0.75124,1.00,1.12
2016.08.30 23:42:32.880,0.75106,0.75123,1.00,1.00
2016.08.30 23:42:49.899,0.75106,0.75122,1.00,1.00
2016.08.30 23:42:50.402,0.75106,0.75123,1.00,1.00
2016.08.30 23:42:52.602,0.75106,0.75125,1.00,1.37
2016.08.30 23:42:52.703,0.75106,0.75123,1.00,1.00
2016.08.30 23:42:52.841,0.75104,0.75121,1.12,1.00
2016.08.30 23:42:52.892,0.75104,0.75121,1.00,1.37
2016.08.30 23:42:52.942,0.75102,0.75119,1.00,1.00
2016.08.30 23:42:54.604,0.75102,0.75118,1.00,1.00
2016.08.30 23:42:56.106,0.75101,0.75118,1.00,1.00
2016.08.30 23:43:12.551,0.75102,0.75119,1.00,1.00
2016.08.30 23:43:30.138,0.75102,0.75119,1.00,1.12
2016.08.30 23:43:31.554,0.75102,0.75119,1.00,1.00
2016.08.30 23:43:31.604,0.75102,0.75121,1.00,1.12
2016.08.30 23:43:31.857,0.75102,0.75119,1.00,1.00
2016.08.30 23:43:32.959,0.75101,0.75118,1.00,1.00
2016.08.30 23:43:41.469,0.75102,0.75119,1.00,1.12
2016.08.30 23:43:41.570,0.75102,0.75119,1.00,1.00
2016.08.30 23:43:42.258,0.75101,0.75118,1.00,1.00
2016.08.30 23:43:48.179,0.75099,0.75118,1.00,1.00
2016.08.30 23:43:50.282,0.751,0.75119,1.00,1.12
2016.08.30 23:43:50.973,0.751,0.75119,1.12,1.00
2016.08.30 23:43:51.024,0.75102,0.75119,1.00,1.00
2016.08.30 23:43:51.578,0.75105,0.75123,1.00,1.87
2016.08.30 23:43:51.628,0.75105,0.75124,1.00,1.37
2016.08.30 23:43:51.827,0.75105,0.75122,1.00,1.00
2016.08.30 23:43:54.927,0.75103,0.75121,1.00,1.37
2016.08.30 23:43:55.028,0.75103,0.7512,1.00,1.12
2016.08.30 23:43:55.138,0.75103,0.7512,1.00,1.37
2016.08.30 23:43:55.239,0.751,0.75119,1.00,1.37
2016.08.30 23:43:55.690,0.75099,0.75118,1.00,1.00
2016.08.30 23:43:56.892,0.75101,0.75118,1.00,1.00
2016.08.30 23:43:56.943,0.75101,0.75118,1.00,1.37
2016.08.30 23:43:57.597,0.75101,0.75118,1.00,1.00
2016.08.30 23:43:59.296,0.75102,0.75119,1.00,1.12
2016.08.30 23:44:01.230,0.75101,0.75118,1.00,1.00
2016.08.30 23:44:01.302,0.75099,0.75119,1.00,1.12
2016.08.30 23:44:01.352,0.75099,0.75119,1.00,1.37
2016.08.30 23:44:01.514,0.75102,0.75118,1.00,1.12
2016.08.30 23:44:02.320,0.751,0.75118,1.00,1.12
2016.08.30 23:44:04.805,0.751,0.75117,1.00,1.00
2016.08.30 23:44:15.620,0.75099,0.75116,1.00,1.00
2016.08.30 23:44:16.422,0.75099,0.75118,1.00,1.12
2016.08.30 23:44:23.512,0.75099,0.75118,1.00,1.37
2016.08.30 23:44:26.656,0.75099,0.75116,1.00,1.00
2016.08.30 23:44:27.367,0.75098,0.75115,1.00,1.00
2016.08.30 23:44:27.492,0.75098,0.75115,1.00,1.12
2016.08.30 23:44:33.448,0.75097,0.75114,1.00,1.00
2016.08.30 23:44:33.629,0.75097,0.75114,1.00,1.37
2016.08.30 23:44:33.780,0.75096,0.75113,1.00,1.12
2016.08.30 23:44:34.275,0.75095,0.75112,1.00,1.00
2016.08.30 23:44:34.448,0.75093,0.75112,1.12,1.00
2016.08.30 23:44:49.357,0.75093,0.75112,1.00,1.00
2016.08.30 23:44:49.429,0.75092,0.75109,1.12,1.00
2016.08.30 23:44:49.867,0.75094,0.75111,1.00,1.00
2016.08.30 23:45:02.107,0.75095,0.75112,1.00,1.00
2016.08.30 23:45:03.107,0.75094,0.75111,1.00,1.00
2016.08.30 23:45:15.592,0.75098,0.75115,1.00,1.37
2016.08.30 23:45:15.643,0.75098,0.75115,1.00,1.12
2016.08.30 23:45:39.575,0.75098,0.75115,1.00,1.00
2016.08.30 23:45:41.397,0.75097,0.75114,1.00,1.00
2016.08.30 23:45:52.995,0.75097,0.75114,1.12,1.00
2016.08.30 23:46:10.130,0.75097,0.75114,1.00,1.00
2016.08.30 23:46:10.768,0.75098,0.75115,1.00,1.00
2016.08.30 23:46:20.769,0.75095,0.75112,1.37,1.00
2016.08.30 23:46:20.869,0.75095,0.75112,1.00,1.00
2016.08.30 23:46:26.267,0.75095,0.75113,1.00,1.00
2016.08.30 23:46:33.338,0.75095,0.75114,1.00,1.00
2016.08.30 23:46:34.479,0.75097,0.75114,1.00,1.00
2016.08.30 23:46:35.380,0.75099,0.75116,1.00,1.12
2016.08.30 23:46:35.481,0.75099,0.75116,1.00,1.00
2016.08.30 23:46:43.491,0.75098,0.75115,1.00,1.00
2016.08.30 23:47:03.317,0.75099,0.75116,1.00,1.00
2016.08.30 23:47:18.341,0.75098,0.75115,1.00,1.00
2016.08.30 23:47:26.076,0.75098,0.75117,1.00,1.00
2016.08.30 23:47:26.850,0.75097,0.75116,1.00,1.00
2016.08.30 23:47:33.361,0.75099,0.75115,1.00,1.00
2016.08.30 23:47:35.765,0.75099,0.75116,1.00,1.00
2016.08.30 23:47:37.969,0.75098,0.75115,1.12,1.00
2016.08.30 23:47:38.874,0.75098,0.75115,1.00,1.00
2016.08.30 23:47:52.791,0.75097,0.75114,1.00,1.00
2016.08.30 23:48:04.613,0.75098,0.75115,1.00,1.12
2016.08.30 23:48:18.530,0.75097,0.75115,1.00,1.12
2016.08.30 23:48:22.335,0.75095,0.75112,1.12,1.00
2016.08.30 23:48:22.439,0.75095,0.75112,1.00,1.00
2016.08.30 23:48:38.006,0.75095,0.75112,1.00,1.12
2016.08.30 23:48:38.107,0.75093,0.7511,1.00,1.00
2016.08.30 23:48:38.672,0.75094,0.75111,1.00,1.00
2016.08.30 23:48:44.204,0.75094,0.75113,1.00,1.37
2016.08.30 23:48:44.384,0.75094,0.75111,1.00,1.00
2016.08.30 23:48:44.673,0.75096,0.75113,1.00,1.37
2016.08.30 23:48:45.174,0.75095,0.75112,1.00,1.12
2016.08.30 23:48:51.617,0.75094,0.75113,1.00,1.37
2016.08.30 23:48:51.794,0.75094,0.75111,1.00,1.00
2016.08.30 23:48:52.183,0.75095,0.75112,1.00,1.12
2016.08.30 23:49:11.811,0.75094,0.75111,1.00,1.00
2016.08.30 23:49:20.822,0.75096,0.75113,1.00,1.37
2016.08.30 23:49:20.922,0.75093,0.75112,1.00,1.12
2016.08.30 23:49:21.022,0.75093,0.7511,1.00,1.00
2016.08.30 23:49:21.073,0.75093,0.7511,1.12,1.00
2016.08.30 23:49:21.133,0.75093,0.7511,1.00,1.00
2016.08.30 23:49:21.326,0.75094,0.75111,1.00,1.12
2016.08.30 23:49:21.634,0.75094,0.75111,1.00,1.00
2016.08.30 23:49:26.829,0.75095,0.75112,1.00,1.00
2016.08.30 23:49:30.646,0.75096,0.75113,1.00,1.12
2016.08.30 23:49:30.696,0.75096,0.75113,1.00,1.00
2016.08.30 23:49:30.812,0.75094,0.75113,1.12,1.00
2016.08.30 23:49:31.034,0.75095,0.75112,1.00,1.00
2016.08.30 23:49:36.177,0.75096,0.75113,1.00,1.00
2016.08.30 23:49:36.343,0.75097,0.75115,1.00,1.00
2016.08.30 23:49:36.559,0.75097,0.75115,1.37,1.00
2016.08.30 23:49:36.742,0.75098,0.75115,1.12,1.00
2016.08.30 23:49:40.985,0.75098,0.75115,1.00,1.00
2016.08.30 23:49:48.657,0.75099,0.75116,1.00,1.12
2016.08.30 23:49:49.668,0.75098,0.75115,1.00,1.00
2016.08.30 23:49:50.962,0.75098,0.75117,1.00,1.37
2016.08.30 23:49:52.208,0.75099,0.75116,1.00,1.12
2016.08.30 23:49:52.308,0.75098,0.75115,1.00,1.00
2016.08.30 23:49:52.370,0.75096,0.75115,1.12,1.00
2016.08.30 23:49:52.471,0.75099,0.75116,1.00,1.12
2016.08.30 23:49:52.571,0.75098,0.75115,1.00,1.00
2016.08.30 23:49:57.270,0.75096,0.75113,1.00,1.00
2016.08.30 23:50:00.375,0.75099,0.75116,1.00,1.00
2016.08.30 23:50:00.800,0.75101,0.75118,1.00,1.00
2016.08.30 23:50:01.450,0.75101,0.75119,1.00,1.00
2016.08.30 23:50:03.685,0.751,0.75119,1.00,1.00
2016.08.30 23:50:11.098,0.751,0.75117,1.00,1.00
2016.08.30 23:50:18.712,0.75101,0.75118,1.00,1.00
2016.08.30 23:50:30.732,0.75099,0.75116,1.00,1.00
2016.08.30 23:50:30.883,0.75098,0.75115,1.00,1.12
2016.08.30 23:50:30.934,0.75097,0.75113,1.00,1.00
2016.08.30 23:50:31.436,0.75096,0.75113,1.00,1.00
2016.08.30 23:50:32.336,0.75095,0.75112,1.12,1.00
2016.08.30 23:50:33.742,0.75094,0.75111,1.37,1.00
2016.08.30 23:50:38.394,0.75094,0.75111,1.00,1.00
2016.08.30 23:50:39.776,0.75093,0.75111,1.00,1.00
2016.08.30 23:50:40.598,0.75094,0.75111,1.00,1.00
2016.08.30 23:50:41.185,0.75095,0.75112,1.00,1.00
2016.08.30 23:50:54.070,0.75094,0.75111,1.00,1.00
2016.08.30 23:50:55.271,0.75093,0.7511,1.00,1.00
2016.08.30 23:50:55.393,0.75091,0.75108,1.12,1.00
2016.08.30 23:50:55.603,0.7509,0.75109,1.37,1.00
2016.08.30 23:50:55.723,0.75089,0.75108,1.12,1.00
2016.08.30 23:50:55.824,0.75089,0.75108,1.00,1.12
2016.08.30 23:50:55.874,0.7509,0.75107,1.00,1.00
2016.08.30 23:50:57.475,0.75091,0.75108,1.00,1.00
2016.08.30 23:50:57.977,0.7509,0.75107,1.00,1.00
2016.08.30 23:51:00.337,0.7509,0.75107,1.00,1.12
2016.08.30 23:51:01.781,0.75089,0.75106,1.00,1.00
2016.08.30 23:51:10.493,0.7509,0.75107,1.00,1.12
2016.08.30 23:51:10.543,0.7509,0.75107,1.00,1.00
2016.08.30 23:51:10.594,0.75088,0.75107,1.37,1.00
2016.08.30 23:51:27.113,0.75089,0.75108,1.12,1.00
2016.08.30 23:51:29.016,0.75091,0.75108,1.00,1.00
2016.08.30 23:51:29.528,0.75092,0.75108,1.00,1.00
2016.08.30 23:51:30.129,0.75092,0.75109,1.00,1.00
2016.08.30 23:51:36.145,0.7509,0.75108,1.37,1.00
2016.08.30 23:51:36.195,0.7509,0.75108,1.12,1.00
2016.08.30 23:51:36.388,0.7509,0.75107,1.00,1.00
2016.08.30 23:51:36.938,0.75089,0.75106,1.00,1.00
2016.08.30 23:51:37.831,0.75088,0.75105,1.12,1.00
2016.08.30 23:51:45.365,0.75088,0.75107,1.12,1.00
2016.08.30 23:51:47.678,0.7509,0.75107,1.00,1.00
2016.08.30 23:51:59.273,0.75089,0.75106,1.00,1.00
2016.08.30 23:52:00.336,0.75089,0.75106,1.37,1.00
2016.08.30 23:52:00.387,0.75089,0.75108,1.37,1.00
2016.08.30 23:52:04.784,0.75091,0.75108,1.00,1.00
2016.08.30 23:52:05.311,0.75092,0.75109,1.00,1.00
2016.08.30 23:52:05.396,0.75092,0.75109,1.12,1.00
2016.08.30 23:52:06.989,0.75093,0.7511,1.00,1.00
2016.08.30 23:52:07.439,0.75093,0.75112,1.00,1.12
2016.08.30 23:52:07.490,0.75093,0.75112,1.37,1.00
2016.08.30 23:52:07.591,0.75095,0.75112,1.00,1.00
2016.08.30 23:52:13.126,0.75096,0.75115,1.00,1.37
2016.08.30 23:52:13.176,0.75096,0.75115,1.12,1.00
2016.08.30 23:52:20.032,0.75096,0.75113,1.12,1.00
2016.08.30 23:52:21.068,0.75096,0.75113,1.00,1.00
2016.08.30 23:52:21.941,0.75098,0.75115,1.00,1.12
2016.08.30 23:52:21.993,0.75098,0.75115,1.00,1.00
2016.08.30 23:52:22.521,0.75099,0.75116,1.00,1.00
2016.08.30 23:52:23.571,0.75099,0.75116,1.00,1.12
2016.08.30 23:52:23.839,0.75097,0.75114,1.00,1.00
2016.08.30 23:52:23.939,0.75095,0.75115,1.00,1.12
2016.08.30 23:52:27.231,0.75096,0.75113,1.00,1.00
2016.08.30 23:52:30.437,0.75094,0.75113,1.00,1.00
2016.08.30 23:52:31.863,0.75096,0.75113,1.00,1.00
2016.08.30 23:52:31.987,0.75096,0.75115,1.00,1.12
2016.08.30 23:52:32.542,0.75096,0.75113,1.00,1.00
2016.08.30 23:52:32.593,0.75096,0.75113,1.12,1.00
2016.08.30 23:52:32.643,0.75097,0.75114,1.00,1.00
2016.08.30 23:52:32.764,0.75097,0.75116,1.00,1.12
2016.08.30 23:52:33.472,0.75096,0.75113,1.12,1.00
2016.08.30 23:52:33.522,0.75096,0.75113,1.00,1.00
2016.08.30 23:52:34.045,0.75095,0.75112,1.00,1.00
2016.08.30 23:52:37.451,0.75093,0.75112,1.37,1.00
2016.08.30 23:52:37.516,0.75093,0.75112,1.00,1.00
2016.08.30 23:52:37.849,0.75093,0.7511,1.00,1.00
2016.08.30 23:52:38.101,0.75089,0.75106,1.12,1.00
2016.08.30 23:52:38.302,0.75089,0.75105,1.00,1.00
2016.08.30 23:52:40.756,0.75088,0.75105,1.00,1.00
2016.08.30 23:52:47.064,0.75088,0.75107,1.00,1.12
2016.08.30 23:52:48.021,0.75088,0.75107,1.37,1.00
2016.08.30 23:52:49.114,0.75088,0.75105,1.37,1.00
2016.08.30 23:52:49.526,0.75088,0.75105,1.00,1.00
2016.08.30 23:52:50.026,0.75088,0.75105,1.12,1.00
2016.08.30 23:52:51.675,0.75086,0.75105,1.37,1.00
2016.08.30 23:52:52.533,0.75086,0.75105,1.12,1.00
2016.08.30 23:52:53.035,0.75086,0.75105,1.12,1.35
2016.08.30 23:52:53.085,0.75084,0.75101,1.37,1.00
2016.08.30 23:52:55.681,0.75085,0.75102,1.37,1.00
2016.08.30 23:52:57.042,0.75085,0.75102,1.00,1.00
2016.08.30 23:52:57.227,0.75084,0.75101,1.12,1.00
2016.08.30 23:52:57.278,0.75084,0.75101,1.00,1.00
2016.08.30 23:52:57.328,0.75082,0.751,1.00,1.00
2016.08.30 23:52:58.085,0.7508,0.75099,1.37,1.00
2016.08.30 23:52:59.631,0.75081,0.751,1.12,1.00
2016.08.30 23:52:59.687,0.75083,0.751,1.00,1.00
2016.08.30 23:52:59.747,0.75083,0.751,1.37,1.00
2016.08.30 23:53:00.649,0.75083,0.751,1.00,1.00
2016.08.30 23:53:00.862,0.75083,0.751,1.00,1.12
2016.08.30 23:53:00.913,0.75078,0.75097,1.37,1.00
2016.08.30 23:53:01.414,0.75083,0.75101,1.00,1.37
2016.08.30 23:53:01.465,0.75083,0.75101,1.00,1.00
2016.08.30 23:53:01.885,0.75082,0.75103,1.00,1.00
2016.08.30 23:53:01.935,0.75082,0.751,1.00,1.00
2016.08.30 23:53:04.094,0.75083,0.751,1.00,1.00
2016.08.30 23:53:06.843,0.75082,0.751,1.00,1.00
2016.08.30 23:53:07.043,0.75081,0.75098,1.12,1.00
2016.08.30 23:53:07.098,0.75081,0.751,1.12,1.00
2016.08.30 23:53:07.198,0.75081,0.75098,1.12,1.00
2016.08.30 23:53:08.422,0.75082,0.751,1.00,1.00
2016.08.30 23:53:09.201,0.75081,0.75098,1.12,1.00
2016.08.30 23:53:10.102,0.75081,0.75098,1.37,1.00
2016.08.30 23:53:11.052,0.75081,0.75099,1.37,1.00
2016.08.30 23:53:11.804,0.75082,0.75099,1.12,1.00
2016.08.30 23:53:11.905,0.75081,0.75098,1.37,1.00
2016.08.30 23:53:12.425,0.7508,0.75097,1.37,1.00
2016.08.30 23:53:12.476,0.7508,0.75097,1.12,1.00
2016.08.30 23:53:17.031,0.75084,0.75101,1.00,1.37
2016.08.30 23:53:17.082,0.75084,0.75101,1.00,1.00
2016.08.30 23:53:17.132,0.75085,0.75102,1.00,1.35
2016.08.30 23:53:17.183,0.75085,0.75102,1.00,1.00
2016.08.30 23:53:18.134,0.75085,0.75102,1.00,1.35
2016.08.30 23:53:18.260,0.75084,0.75101,1.00,1.00
2016.08.30 23:53:18.931,0.75082,0.75101,1.00,1.00
2016.08.30 23:53:19.163,0.75083,0.75102,1.00,1.72
2016.08.30 23:53:19.663,0.75082,0.75101,1.00,1.00
2016.08.30 23:53:19.870,0.75081,0.751,1.12,1.00
2016.08.30 23:53:19.920,0.75081,0.75098,1.00,1.00
2016.08.30 23:53:22.626,0.7508,0.75097,1.00,1.00
2016.08.30 23:53:23.353,0.75081,0.75098,1.00,1.00
2016.08.30 23:53:23.531,0.75082,0.75099,1.00,1.12
2016.08.30 23:53:23.591,0.75082,0.75099,1.00,1.00
2016.08.30 23:53:24.151,0.75081,0.75098,1.00,1.00
2016.08.30 23:53:26.180,0.75082,0.75099,1.00,1.00
2016.08.30 23:53:26.361,0.75079,0.75098,1.37,1.00
2016.08.30 23:53:29.174,0.75082,0.75099,1.00,1.00
2016.08.30 23:53:30.984,0.75084,0.751,1.00,1.30
2016.08.30 23:53:31.104,0.75085,0.75102,1.00,1.37
2016.08.30 23:53:31.155,0.75086,0.75103,1.00,1.12
2016.08.30 23:53:31.307,0.75086,0.75103,1.00,1.00
2016.08.30 23:53:31.357,0.75087,0.75104,1.00,1.12
2016.08.30 23:53:31.634,0.75087,0.75104,1.00,1.00
2016.08.30 23:53:32.628,0.75088,0.75105,1.00,1.00
2016.08.30 23:53:32.678,0.75088,0.75105,1.00,1.35
2016.08.30 23:53:32.794,0.75087,0.75104,1.00,1.00
2016.08.30 23:53:38.066,0.75085,0.75104,1.00,1.00
2016.08.30 23:53:38.507,0.75085,0.75102,1.00,1.00
2016.08.30 23:53:38.558,0.75085,0.75102,1.00,1.12
2016.08.30 23:53:41.884,0.75087,0.75104,1.00,1.37
2016.08.30 23:53:41.935,0.75087,0.75104,1.00,1.12
2016.08.30 23:53:42.190,0.75087,0.75107,1.00,1.97
2016.08.30 23:53:43.373,0.75086,0.75105,1.00,1.72
2016.08.30 23:53:43.523,0.75086,0.75103,1.00,1.00
2016.08.30 23:53:43.774,0.75084,0.75101,1.12,1.00
2016.08.30 23:53:44.174,0.75085,0.75102,1.00,1.00
2016.08.30 23:53:44.374,0.75084,0.75101,1.12,1.00
2016.08.30 23:53:44.775,0.75086,0.75103,1.00,1.00
2016.08.30 23:53:49.423,0.75085,0.75102,1.00,1.00
2016.08.30 23:53:50.048,0.75086,0.75103,1.00,1.00
2016.08.30 23:53:50.344,0.75086,0.75103,1.00,1.37
2016.08.30 23:53:57.510,0.75087,0.75104,1.00,1.37
2016.08.30 23:53:57.663,0.75087,0.75104,1.00,1.00
2016.08.30 23:54:01.560,0.75085,0.75102,1.00,1.00
2016.08.30 23:54:01.660,0.75084,0.75101,1.12,1.00
2016.08.30 23:54:01.711,0.75084,0.75101,1.00,1.12
2016.08.30 23:54:01.761,0.75084,0.75102,1.00,1.37
2016.08.30 23:54:02.619,0.75084,0.75103,1.00,1.37
2016.08.30 23:54:04.127,0.75085,0.75104,1.00,1.72
2016.08.30 23:54:04.177,0.75085,0.75104,1.00,1.00
2016.08.30 23:54:04.228,0.75087,0.75107,1.00,1.37
2016.08.30 23:54:04.589,0.75089,0.75107,1.00,1.37
2016.08.30 23:54:04.690,0.75089,0.75106,1.00,1.12
2016.08.30 23:54:05.573,0.75088,0.75106,1.00,1.12
2016.08.30 23:54:10.156,0.75088,0.75111,1.00,1.97
2016.08.30 23:54:10.206,0.75088,0.7511,1.00,1.35
2016.08.30 23:54:10.256,0.75087,0.75104,1.00,1.00
2016.08.30 23:54:10.331,0.75089,0.75106,1.00,1.12
2016.08.30 23:54:10.432,0.75089,0.75106,1.00,1.00
2016.08.30 23:54:10.633,0.75091,0.75108,1.00,1.12
2016.08.30 23:54:10.921,0.75091,0.75108,1.00,1.00
2016.08.30 23:54:11.935,0.75092,0.75109,1.00,1.00
2016.08.30 23:54:12.937,0.75091,0.7511,1.12,1.00
2016.08.30 23:54:17.752,0.75093,0.7511,1.00,1.00
2016.08.30 23:54:18.067,0.75094,0.75113,1.00,1.72
2016.08.30 23:54:21.482,0.75094,0.75114,1.00,1.97
2016.08.30 23:54:23.094,0.75095,0.75113,1.00,1.72
2016.08.30 23:54:23.144,0.75095,0.75113,1.00,1.12
2016.08.30 23:54:23.195,0.75095,0.75112,1.00,1.00
2016.08.30 23:54:29.928,0.75095,0.75112,1.00,1.12
2016.08.30 23:54:29.978,0.75094,0.75111,1.00,1.00
2016.08.30 23:54:30.164,0.75097,0.75114,1.00,1.37
2016.08.30 23:54:30.265,0.75097,0.75114,1.00,1.00
2016.08.30 23:54:30.429,0.75096,0.75113,1.12,1.00
2016.08.30 23:54:30.541,0.75097,0.75114,1.00,1.00
2016.08.30 23:54:30.802,0.75097,0.75116,1.00,1.12
2016.08.30 23:54:30.852,0.75097,0.75116,1.37,1.00
2016.08.30 23:54:30.903,0.75099,0.75116,1.00,1.00
2016.08.30 23:54:37.799,0.751,0.75118,1.00,1.12
2016.08.30 23:54:37.995,0.751,0.75117,1.00,1.00
2016.08.30 23:54:42.483,0.75099,0.75116,1.00,1.00
2016.08.30 23:54:45.319,0.751,0.75118,1.00,1.12
2016.08.30 23:54:45.370,0.751,0.75118,1.00,1.00
2016.08.30 23:54:45.608,0.75101,0.75118,1.00,1.12
2016.08.30 23:54:45.715,0.751,0.7512,1.00,1.37
2016.08.30 23:54:46.170,0.751,0.7512,1.00,1.12
2016.08.30 23:54:47.389,0.75102,0.7512,1.00,1.12
2016.08.30 23:54:47.823,0.75103,0.75122,1.00,1.37
2016.08.30 23:54:50.076,0.75103,0.75122,1.12,1.00
2016.08.30 23:54:51.542,0.75105,0.75122,1.00,1.00
2016.08.30 23:55:03.556,0.75103,0.7512,1.12,1.00
2016.08.30 23:55:03.606,0.75103,0.7512,1.00,1.00
2016.08.30 23:55:04.124,0.751,0.75119,1.37,1.00
2016.08.30 23:55:04.234,0.751,0.75117,1.00,1.00
2016.08.30 23:55:08.563,0.75101,0.75118,1.00,1.00
2016.08.30 23:55:10.267,0.751,0.75117,1.00,1.00
2016.08.30 23:55:10.506,0.75097,0.75115,1.37,1.00
2016.08.30 23:55:10.658,0.75099,0.75116,1.00,1.37
2016.08.30 23:55:10.716,0.75099,0.75116,1.00,1.00
2016.08.30 23:55:10.867,0.751,0.75118,1.00,1.12
2016.08.30 23:55:11.255,0.751,0.75118,1.00,1.00
2016.08.30 23:55:11.928,0.751,0.75119,1.00,1.00
2016.08.30 23:55:13.352,0.75103,0.7512,1.00,1.12
2016.08.30 23:55:13.624,0.75103,0.7512,1.00,1.00
2016.08.30 23:55:13.872,0.75103,0.75122,1.00,1.37
2016.08.30 23:55:14.061,0.75105,0.75125,1.00,1.72
2016.08.30 23:55:14.265,0.75105,0.75125,1.00,1.37
2016.08.30 23:55:17.857,0.75105,0.75123,1.00,1.00
2016.08.30 23:55:19.359,0.75105,0.75125,1.00,1.37
2016.08.30 23:55:37.307,0.75105,0.75123,1.00,1.00
2016.08.30 23:55:37.422,0.75104,0.75121,1.12,1.00
2016.08.30 23:55:37.472,0.75104,0.75121,1.00,1.00
2016.08.30 23:55:38.282,0.75102,0.75122,1.12,1.12
2016.08.30 23:55:38.683,0.75104,0.75121,1.00,1.00
2016.08.30 23:55:40.211,0.75104,0.75122,1.00,1.12
2016.08.30 23:55:40.385,0.75105,0.75123,1.00,1.37
2016.08.30 23:55:40.508,0.75105,0.75123,1.00,1.00
2016.08.30 23:55:57.546,0.75104,0.75122,1.00,1.00
2016.08.30 23:55:57.789,0.75104,0.75122,1.12,1.00
2016.08.30 23:55:57.839,0.75105,0.75123,1.00,1.00
2016.08.30 23:55:58.105,0.75104,0.75123,1.12,1.00
2016.08.30 23:55:58.306,0.75106,0.75123,1.00,1.00
2016.08.30 23:55:58.985,0.75105,0.75123,1.00,1.00
2016.08.30 23:55:59.808,0.75104,0.75125,1.12,1.37
2016.08.30 23:56:00.396,0.75104,0.75125,1.37,1.00
2016.08.30 23:56:00.446,0.75105,0.75125,1.12,1.00
2016.08.30 23:56:02.241,0.75107,0.75125,1.00,1.00
2016.08.30 23:56:20.029,0.75107,0.75125,1.00,1.12
2016.08.30 23:56:20.719,0.75106,0.75125,1.00,1.12
2016.08.30 23:56:21.660,0.75106,0.75126,1.00,1.37
2016.08.30 23:56:22.036,0.75107,0.75126,1.00,1.00
2016.08.30 23:56:22.086,0.75107,0.75128,1.00,1.12
2016.08.30 23:56:32.671,0.75108,0.75127,1.00,1.00
2016.08.30 23:56:33.152,0.7511,0.75127,1.00,1.00
2016.08.30 23:56:38.568,0.75114,0.75131,1.00,1.37
2016.08.30 23:56:38.669,0.75113,0.75132,1.00,1.87
2016.08.30 23:56:38.720,0.75113,0.75132,1.00,1.12
2016.08.30 23:56:39.071,0.75115,0.75132,1.00,1.12
2016.08.30 23:56:41.262,0.75113,0.75132,1.00,1.12
2016.08.30 23:56:42.764,0.75115,0.75132,1.00,1.12
2016.08.30 23:56:46.892,0.75113,0.75132,1.00,1.12
2016.08.30 23:57:03.087,0.75113,0.75131,1.00,1.00
2016.08.30 23:57:04.990,0.75115,0.75132,1.00,1.12
2016.08.30 23:57:07.074,0.75115,0.75132,1.00,1.00
2016.08.30 23:57:11.606,0.75113,0.7513,1.00,1.00
2016.08.30 23:57:11.801,0.75112,0.75129,1.12,1.00
2016.08.30 23:57:11.852,0.75112,0.75129,1.00,1.00
2016.08.30 23:57:11.952,0.75112,0.75131,1.00,1.12
2016.08.30 23:57:12.004,0.75113,0.7513,1.00,1.00
2016.08.30 23:57:14.212,0.75112,0.75129,1.00,1.00
2016.08.30 23:57:28.640,0.75113,0.7513,1.00,1.12
2016.08.30 23:57:30.415,0.75113,0.7513,1.00,1.00
2016.08.30 23:57:42.869,0.75114,0.75131,1.00,1.00
2016.08.30 23:57:44.976,0.75112,0.75131,1.00,1.00
2016.08.30 23:57:45.477,0.75111,0.7513,1.12,1.00
2016.08.30 23:57:45.670,0.75111,0.75128,1.00,1.00
2016.08.30 23:57:46.780,0.75113,0.7513,1.00,1.00
2016.08.30 23:57:46.881,0.75114,0.75131,1.00,1.12
2016.08.30 23:57:46.932,0.75114,0.75131,1.00,1.00
2016.08.30 23:57:57.897,0.75113,0.7513,1.12,1.00
2016.08.30 23:58:04.250,0.75112,0.75129,1.37,1.00
2016.08.30 23:58:04.365,0.75112,0.75129,1.00,1.00
2016.08.30 23:58:04.915,0.75113,0.7513,1.00,1.00
2016.08.30 23:58:06.590,0.75112,0.75129,1.00,1.00
2016.08.30 23:58:06.640,0.7511,0.75127,1.12,1.00
2016.08.30 23:58:06.813,0.75111,0.75128,1.00,1.00
2016.08.30 23:58:07.114,0.7511,0.75127,1.12,1.00
2016.08.30 23:58:07.164,0.7511,0.75127,1.00,1.00
2016.08.30 23:58:09.617,0.75114,0.75131,1.00,1.12
2016.08.30 23:58:09.787,0.75114,0.75131,1.00,1.00
2016.08.30 23:58:12.020,0.75114,0.7513,1.00,1.00
2016.08.30 23:58:12.922,0.75112,0.75131,1.12,1.00
2016.08.30 23:58:18.030,0.75114,0.75131,1.00,1.00
2016.08.30 23:58:20.533,0.75113,0.7513,1.00,1.00
2016.08.30 23:58:24.840,0.75112,0.75129,1.12,1.00
2016.08.30 23:58:25.349,0.75111,0.75128,1.12,1.00
2016.08.30 23:58:27.945,0.7511,0.75127,1.37,1.00
2016.08.30 23:58:36.456,0.75109,0.75126,1.37,1.00
2016.08.30 23:58:38.005,0.7511,0.75127,1.37,1.00
2016.08.30 23:58:42.963,0.7511,0.75128,1.37,1.00
2016.08.30 23:58:44.488,0.75113,0.7513,1.00,1.00
2016.08.30 23:58:47.369,0.7511,0.75129,1.37,1.00
2016.08.30 23:58:49.772,0.75111,0.75127,1.12,1.00
2016.08.30 23:58:52.374,0.75109,0.75128,1.37,1.00
2016.08.30 23:58:57.700,0.75111,0.75128,1.12,1.00
2016.08.30 23:59:03.708,0.75109,0.75128,1.37,1.00
2016.08.30 23:59:20.240,0.75111,0.75128,1.00,1.00
2016.08.30 23:59:20.290,0.75111,0.75128,1.37,1.00
2016.08.30 23:59:20.341,0.75109,0.75128,1.37,1.00
2016.08.30 23:59:20.757,0.75112,0.75129,1.12,1.00
2016.08.30 23:59:21.241,0.7511,0.75127,1.37,1.00
2016.08.30 23:59:30.388,0.7511,0.75127,1.12,1.00
2016.08.30 23:59:34.605,0.75109,0.75126,1.37,1.00
2016.08.30 23:59:35.909,0.7511,0.75127,1.12,1.00
2016.08.30 23:59:43.099,0.7511,0.75129,1.12,1.00
2016.08.30 23:59:45.924,0.7511,0.75129,1.37,1.00
2016.08.30 23:59:46.303,0.75112,0.75129,1.00,1.00
2016.08.30 23:59:48.758,0.75113,0.7513,1.00,1.00
2016.08.30 23:59:49.480,0.75114,0.75131,1.00,1.00
2016.08.30 23:59:51.384,0.75114,0.75133,1.00,1.00
2016.08.30 23:59:51.539,0.75114,0.75132,1.00,1.12
2016.08.30 23:59:51.589,0.75114,0.75131,1.00,1.00
2016.08.30 23:59:56.590,0.75112,0.75132,1.00,1.12
2016.08.30 23:59:57.692,0.75114,0.75133,1.00,1.37
2016.08.30 23:59:57.742,0.75114,0.75133,1.00,1.12
2016.08.30 23:59:57.843,0.75114,0.75133,1.00,1.37
2016.08.30 23:59:58.302,0.75113,0.7513,1.00,1.00
