2012.01.09 03:00:02.208,0.92769,0.92824,3.08,2.33
2012.01.09 03:00:02.772,0.92769,0.92824,2.33,2.33
2012.01.09 03:00:02.932,0.92769,0.92824,3.08,2.33
2012.01.09 03:00:03.291,0.92769,0.92824,3.08,2.33
2012.01.09 03:00:03.536,0.92773,0.92828,3.08,2.33
2012.01.09 03:00:03.691,0.92776,0.92833,3.08,2.33
2012.01.09 03:00:04.961,0.92776,0.92836,3.08,2.93
2012.01.09 03:00:05.891,0.92776,0.92836,3.08,2.93
2012.01.09 03:00:07.443,0.9278,0.9284,3.08,2.33
2012.01.09 03:00:08.388,0.92781,0.92841,3.08,2.33
2012.01.09 03:00:08.693,0.92781,0.92836,3.08,2.33
2012.01.09 03:00:09.190,0.92782,0.9284,2.33,2.33
2012.01.09 03:00:09.743,0.92783,0.92841,2.33,2.33
2012.01.09 03:00:09.873,0.92783,0.92841,3.08,2.33
2012.01.09 03:00:09.934,0.92783,0.92849,2.33,2.33
2012.01.09 03:00:10.065,0.92789,0.92846,2.33,2.33
2012.01.09 03:00:10.456,0.92791,0.92846,2.33,2.33
2012.01.09 03:00:10.925,0.92786,0.92841,2.33,2.33
2012.01.09 03:00:11.834,0.92781,0.92836,3.08,2.33
2012.01.09 03:00:12.190,0.92786,0.92841,3.08,2.33
2012.01.09 03:00:19.682,0.92786,0.92841,3.08,2.33
2012.01.09 03:00:19.805,0.9279,0.92845,3.08,2.33
2012.01.09 03:00:19.932,0.9279,0.92845,2.33,2.33
2012.01.09 03:00:20.045,0.9279,0.92845,3.08,2.33
2012.01.09 03:00:20.222,0.9279,0.92845,2.33,2.33
2012.01.09 03:00:20.933,0.9279,0.92847,2.33,2.33
2012.01.09 03:00:21.039,0.92782,0.92837,3.08,2.33
2012.01.09 03:00:21.195,0.92782,0.92837,2.33,2.33
2012.01.09 03:00:21.262,0.92783,0.92852,2.33,3.08
2012.01.09 03:00:21.324,0.92783,0.92852,2.33,2.33
2012.01.09 03:00:22.135,0.92785,0.92852,2.33,2.33
2012.01.09 03:00:22.684,0.92776,0.92843,3.68,2.33
2012.01.09 03:00:23.471,0.92775,0.92842,2.93,2.33
2012.01.09 03:00:23.885,0.92776,0.92844,1.35,2.33
2012.01.09 03:00:24.943,0.92776,0.92843,1.35,2.33
2012.01.09 03:00:25.334,0.9278,0.92847,1.35,2.33
2012.01.09 03:00:52.933,0.9278,0.92847,1.35,2.33
2012.01.09 03:00:53.123,0.9278,0.92847,1.35,2.33
2012.01.09 03:00:56.194,0.9278,0.92847,1.35,2.33
2012.01.09 03:00:56.682,0.9278,0.92847,1.35,2.33
2012.01.09 03:00:56.902,0.9278,0.92847,1.35,2.33
2012.01.09 03:00:57.123,0.9278,0.92847,1.35,2.33
2012.01.09 03:00:58.495,0.9278,0.92847,1.35,2.33
2012.01.09 03:01:00.204,0.9278,0.92847,1.35,2.33
2012.01.09 03:01:02.517,0.92781,0.92848,3.08,2.33
2012.01.09 03:01:02.911,0.9278,0.92841,3.08,2.33
2012.01.09 03:01:05.484,0.9278,0.9284,3.08,2.33
2012.01.09 03:01:07.702,0.92776,0.92843,3.08,2.33
2012.01.09 03:01:20.081,0.92774,0.92843,3.08,2.33
2012.01.09 03:01:21.692,0.92774,0.92843,2.33,2.33
2012.01.09 03:01:21.761,0.92769,0.92839,3.08,2.33
2012.01.09 03:01:22.271,0.92769,0.92839,3.08,2.33
2012.01.09 03:01:23.019,0.92765,0.92834,3.08,2.33
2012.01.09 03:01:23.972,0.92765,0.92834,3.08,2.33
2012.01.09 03:01:24.142,0.92765,0.92834,3.08,2.33
2012.01.09 03:01:24.482,0.92765,0.92834,3.08,2.33
2012.01.09 03:01:34.165,0.92765,0.92834,3.08,2.33
2012.01.09 03:01:40.227,0.92765,0.92834,3.08,2.33
2012.01.09 03:01:40.296,0.9277,0.92838,3.08,2.33
2012.01.09 03:01:49.368,0.92775,0.92842,3.08,2.33
2012.01.09 03:01:57.017,0.9277,0.92838,3.08,2.33
2012.01.09 03:01:58.857,0.9277,0.92838,3.08,2.33
2012.01.09 03:01:58.926,0.92766,0.92823,3.08,2.33
2012.01.09 03:01:59.468,0.92766,0.92823,3.08,2.33
2012.01.09 03:01:59.825,0.92764,0.92819,3.08,2.33
2012.01.09 03:01:59.892,0.92767,0.92825,3.08,2.33
2012.01.09 03:02:01.276,0.92767,0.92825,3.08,2.33
2012.01.09 03:02:03.863,0.92767,0.92825,3.08,2.33
2012.01.09 03:02:04.823,0.92772,0.92829,2.33,2.33
2012.01.09 03:02:04.905,0.92772,0.92829,3.08,2.33
2012.01.09 03:02:13.204,0.92775,0.92829,1.35,2.93
2012.01.09 03:02:13.629,0.92772,0.92825,1.35,2.33
2012.01.09 03:02:15.162,0.92775,0.92825,1.35,2.33
2012.01.09 03:02:15.475,0.92775,0.92819,1.35,2.33
2012.01.09 03:02:15.544,0.92767,0.92823,1.35,2.33
2012.01.09 03:02:16.106,0.92767,0.92824,1.35,2.33
2012.01.09 03:03:00.074,0.9277,0.92827,3.08,2.93
2012.01.09 03:03:00.917,0.92771,0.92827,1.35,2.33
2012.01.09 03:03:01.566,0.92771,0.92827,1.35,2.33
2012.01.09 03:03:13.914,0.92774,0.92829,3.08,2.33
2012.01.09 03:03:14.921,0.92773,0.92828,3.08,2.33
2012.01.09 03:03:15.456,0.92772,0.92829,3.08,2.33
2012.01.09 03:03:16.234,0.92772,0.92829,2.33,2.33
2012.01.09 03:03:16.474,0.92772,0.92829,3.08,2.33
2012.01.09 03:03:26.481,0.92772,0.92829,3.08,2.33
2012.01.09 03:03:26.603,0.92771,0.92824,1.35,2.33
2012.01.09 03:03:27.021,0.92763,0.92819,3.08,2.33
2012.01.09 03:03:27.088,0.92763,0.92819,3.08,2.33
2012.01.09 03:03:27.996,0.9276,0.92818,3.08,2.33
2012.01.09 03:03:29.575,0.9276,0.92818,3.08,2.33
2012.01.09 03:03:32.441,0.9276,0.92816,3.08,2.33
2012.01.09 03:03:32.994,0.92758,0.92816,3.68,2.33
2012.01.09 03:03:33.062,0.92756,0.92811,3.08,2.93
2012.01.09 03:03:33.661,0.92756,0.92811,3.08,2.93
2012.01.09 03:03:34.491,0.92755,0.9281,3.08,2.33
2012.01.09 03:03:44.088,0.92751,0.92808,3.08,2.33
2012.01.09 03:03:44.716,0.92752,0.92807,3.08,2.33
2012.01.09 03:03:53.626,0.92749,0.92806,3.68,2.33
2012.01.09 03:03:54.252,0.92749,0.92804,1.35,2.33
2012.01.09 03:03:54.451,0.92749,0.92803,1.35,2.33
2012.01.09 03:03:58.183,0.92757,0.92812,3.08,2.93
2012.01.09 03:03:58.455,0.92765,0.92822,3.08,2.33
2012.01.09 03:03:59.723,0.92766,0.92823,3.08,2.33
2012.01.09 03:04:00.383,0.92766,0.92823,3.08,2.33
2012.01.09 03:04:00.772,0.92773,0.92826,1.35,2.33
2012.01.09 03:04:04.485,0.92771,0.92826,3.68,2.33
2012.01.09 03:04:08.143,0.92774,0.92829,2.33,2.33
2012.01.09 03:04:08.702,0.92772,0.92829,3.68,2.33
2012.01.09 03:04:10.544,0.92773,0.92829,1.35,2.33
2012.01.09 03:04:31.242,0.92772,0.92829,2.93,2.33
2012.01.09 03:04:36.873,0.92773,0.9283,2.93,2.33
2012.01.09 03:04:38.122,0.92772,0.92829,3.68,2.33
2012.01.09 03:04:39.962,0.92772,0.92827,3.68,2.33
2012.01.09 03:04:41.714,0.92772,0.92823,1.35,2.33
2012.01.09 03:04:42.002,0.92767,0.92823,2.33,2.33
2012.01.09 03:04:42.213,0.92763,0.92818,3.08,2.33
2012.01.09 03:04:42.962,0.92763,0.92818,3.08,2.33
2012.01.09 03:04:44.604,0.92763,0.92818,3.08,2.33
2012.01.09 03:05:02.201,0.92763,0.92818,3.08,2.33
2012.01.09 03:05:02.393,0.92767,0.92823,3.08,2.33
2012.01.09 03:05:04.563,0.92767,0.92823,3.68,2.33
2012.01.09 03:05:04.707,0.92772,0.92827,3.08,2.33
2012.01.09 03:05:10.905,0.92772,0.92827,3.08,2.33
2012.01.09 03:05:11.415,0.92767,0.92824,1.35,2.33
2012.01.09 03:05:11.732,0.92766,0.92824,3.68,2.33
2012.01.09 03:05:12.083,0.92766,0.92819,1.35,2.33
2012.01.09 03:05:12.723,0.92762,0.92819,2.33,2.33
2012.01.09 03:05:13.024,0.92758,0.92814,2.33,2.33
2012.01.09 03:05:13.375,0.92758,0.92814,3.08,2.33
2012.01.09 03:05:13.623,0.92761,0.92819,3.08,2.33
2012.01.09 03:05:14.634,0.92761,0.92819,3.08,2.33
2012.01.09 03:05:15.607,0.92764,0.92819,3.08,2.33
2012.01.09 03:05:15.673,0.92764,0.92821,3.08,2.33
2012.01.09 03:05:16.049,0.92764,0.92819,3.08,2.33
2012.01.09 03:05:16.215,0.92764,0.92819,2.33,2.33
2012.01.09 03:05:16.283,0.92764,0.92821,2.33,2.33
2012.01.09 03:05:17.683,0.92764,0.92821,3.08,2.33
2012.01.09 03:05:19.492,0.92764,0.92819,3.08,2.33
2012.01.09 03:05:19.778,0.92766,0.92821,3.08,2.33
2012.01.09 03:05:20.527,0.92763,0.9282,3.08,2.33
2012.01.09 03:05:27.643,0.92763,0.9282,3.08,2.33
2012.01.09 03:05:30.863,0.92763,0.9282,2.33,2.33
2012.01.09 03:05:31.153,0.92767,0.92822,2.33,2.33
2012.01.09 03:05:31.874,0.92764,0.92819,2.33,2.33
2012.01.09 03:05:34.393,0.92764,0.92819,3.08,2.33
2012.01.09 03:05:34.725,0.92764,0.92819,2.33,2.33
2012.01.09 03:05:36.983,0.92764,0.92819,3.08,2.33
2012.01.09 03:05:37.147,0.92764,0.92819,2.33,2.33
2012.01.09 03:05:37.212,0.92762,0.92819,3.08,2.33
2012.01.09 03:05:37.331,0.92764,0.92819,2.33,2.33
2012.01.09 03:05:39.055,0.92764,0.92821,2.33,2.33
2012.01.09 03:05:40.631,0.92764,0.92821,3.08,2.33
2012.01.09 03:05:59.474,0.92764,0.92821,3.08,2.33
2012.01.09 03:05:59.942,0.92764,0.92821,2.33,2.33
2012.01.09 03:06:00.015,0.92764,0.92821,3.08,2.33
2012.01.09 03:06:00.530,0.92767,0.92822,2.33,2.33
2012.01.09 03:06:00.842,0.9277,0.92825,2.33,2.33
2012.01.09 03:06:01.712,0.9277,0.92827,2.33,2.33
2012.01.09 03:06:01.811,0.92772,0.92827,2.33,2.33
2012.01.09 03:06:02.160,0.92762,0.92819,2.33,2.33
2012.01.09 03:06:02.633,0.92762,0.92819,3.68,2.33
2012.01.09 03:06:02.812,0.92768,0.92823,2.93,2.33
2012.01.09 03:06:03.174,0.92773,0.92828,2.33,2.93
2012.01.09 03:06:03.591,0.92764,0.92819,2.93,2.33
2012.01.09 03:06:03.972,0.92764,0.92819,2.93,2.93
2012.01.09 03:06:06.962,0.92764,0.92819,3.68,2.93
2012.01.09 03:06:07.227,0.92768,0.92823,2.93,2.33
2012.01.09 03:06:07.295,0.92769,0.92823,1.35,2.33
2012.01.09 03:06:08.203,0.92769,0.92823,1.35,2.33
2012.01.09 03:06:08.873,0.92772,0.92829,3.08,2.93
2012.01.09 03:06:09.079,0.92772,0.92829,3.08,2.93
2012.01.09 03:06:09.862,0.92777,0.92832,3.08,2.93
2012.01.09 03:06:11.185,0.92777,0.92832,3.08,2.93
2012.01.09 03:06:15.693,0.92777,0.92832,2.33,2.93
2012.01.09 03:06:16.272,0.92772,0.92829,3.08,2.93
2012.01.09 03:06:16.574,0.92769,0.92823,1.35,2.33
2012.01.09 03:06:16.679,0.92769,0.92823,1.35,2.33
2012.01.09 03:06:23.383,0.92769,0.92823,1.35,2.33
2012.01.09 03:06:28.182,0.92769,0.92823,1.35,2.33
2012.01.09 03:06:28.361,0.92773,0.92828,3.08,2.93
2012.01.09 03:06:59.343,0.92777,0.92832,2.33,2.93
2012.01.09 03:07:00.518,0.92773,0.92828,3.08,2.93
2012.01.09 03:07:01.581,0.92769,0.92824,1.35,2.33
2012.01.09 03:07:03.645,0.92769,0.92824,1.35,2.33
2012.01.09 03:07:03.711,0.92773,0.92828,3.08,2.93
2012.01.09 03:07:05.067,0.92777,0.92832,3.68,2.33
2012.01.09 03:07:06.024,0.92777,0.92832,3.68,2.33
2012.01.09 03:07:06.212,0.92768,0.92825,1.35,2.33
2012.01.09 03:07:06.700,0.92768,0.92821,1.35,2.33
2012.01.09 03:07:07.663,0.92768,0.92821,1.35,2.33
2012.01.09 03:07:08.935,0.92767,0.92821,1.35,2.33
2012.01.09 03:07:09.448,0.92763,0.92821,3.08,2.93
2012.01.09 03:07:09.514,0.92763,0.92818,3.08,2.33
2012.01.09 03:07:11.072,0.92762,0.9282,3.08,2.93
2012.01.09 03:07:16.249,0.92766,0.92822,3.08,2.93
2012.01.09 03:07:21.663,0.92763,0.92821,2.33,2.93
2012.01.09 03:07:21.871,0.92759,0.92811,1.35,2.33
2012.01.09 03:07:21.935,0.92759,0.92813,1.35,2.33
2012.01.09 03:07:22.402,0.9276,0.92815,3.08,2.33
2012.01.09 03:07:22.623,0.9276,0.92815,2.33,2.33
2012.01.09 03:07:22.744,0.9276,0.92814,2.33,2.10
2012.01.09 03:07:22.804,0.92756,0.92811,3.08,2.93
2012.01.09 03:07:23.821,0.92756,0.92811,3.08,2.93
2012.01.09 03:07:25.964,0.92755,0.9281,3.08,2.93
2012.01.09 03:07:26.242,0.92755,0.9281,3.08,2.93
2012.01.09 03:07:26.572,0.92755,0.9281,3.08,2.93
2012.01.09 03:07:26.691,0.92755,0.9281,3.08,2.33
2012.01.09 03:07:26.811,0.92755,0.92812,3.08,2.33
2012.01.09 03:07:26.874,0.92754,0.92811,3.08,2.33
2012.01.09 03:07:28.603,0.92754,0.92811,3.08,2.33
2012.01.09 03:07:29.116,0.92754,0.92811,3.08,2.33
2012.01.09 03:07:29.321,0.92752,0.92809,3.08,2.33
2012.01.09 03:07:31.953,0.92755,0.92811,3.08,2.33
2012.01.09 03:07:32.025,0.92755,0.92811,3.08,2.33
2012.01.09 03:07:32.282,0.92752,0.92808,3.08,2.33
2012.01.09 03:07:32.542,0.92751,0.92807,3.08,2.33
2012.01.09 03:07:32.603,0.92758,0.92814,2.33,3.68
2012.01.09 03:07:33.261,0.92756,0.92811,3.68,2.33
2012.01.09 03:07:33.687,0.92756,0.92813,3.68,2.33
2012.01.09 03:07:35.609,0.92759,0.92813,1.35,2.33
2012.01.09 03:07:35.920,0.92756,0.92813,3.68,2.33
2012.01.09 03:07:36.042,0.92756,0.9281,1.35,2.33
2012.01.09 03:07:36.162,0.92755,0.9281,3.08,2.33
2012.01.09 03:07:43.842,0.92759,0.92814,3.08,2.33
2012.01.09 03:07:43.962,0.9276,0.92817,3.08,2.93
2012.01.09 03:07:44.931,0.92762,0.92819,2.33,2.93
2012.01.09 03:07:47.352,0.92762,0.92819,3.08,2.93
2012.01.09 03:07:50.881,0.92762,0.92819,3.08,2.93
2012.01.09 03:07:52.191,0.92764,0.92819,2.33,2.93
2012.01.09 03:07:53.582,0.92765,0.9282,3.08,2.93
2012.01.09 03:07:54.943,0.92765,0.9282,2.33,2.93
2012.01.09 03:07:55.185,0.92755,0.92812,3.08,2.33
2012.01.09 03:07:55.839,0.92754,0.92811,3.08,2.33
2012.01.09 03:07:58.707,0.92754,0.92811,3.08,2.33
2012.01.09 03:07:58.875,0.92754,0.92811,3.08,2.33
2012.01.09 03:07:59.665,0.92752,0.92809,3.08,2.33
2012.01.09 03:07:59.743,0.92752,0.92809,2.33,2.33
2012.01.09 03:07:59.803,0.92757,0.92812,2.33,2.33
2012.01.09 03:08:00.244,0.92753,0.92808,2.33,2.33
2012.01.09 03:08:03.081,0.9275,0.92807,3.68,2.33
2012.01.09 03:08:12.101,0.92752,0.92807,3.08,2.93
2012.01.09 03:08:12.813,0.92747,0.92804,3.08,3.68
2012.01.09 03:08:15.301,0.92749,0.92804,2.33,2.93
2012.01.09 03:08:15.542,0.92749,0.92806,2.33,2.33
2012.01.09 03:08:15.620,0.92748,0.92803,2.33,2.33
2012.01.09 03:08:17.982,0.92744,0.92798,1.35,2.33
2012.01.09 03:08:18.500,0.92741,0.92798,3.08,2.33
2012.01.09 03:08:18.621,0.92737,0.92794,3.08,2.33
2012.01.09 03:08:18.958,0.92737,0.92792,3.08,2.33
2012.01.09 03:08:19.600,0.92737,0.92792,3.08,2.33
2012.01.09 03:08:20.741,0.92737,0.92792,3.08,2.33
2012.01.09 03:08:20.803,0.92745,0.92802,2.33,2.93
2012.01.09 03:08:21.356,0.92746,0.92803,2.33,3.68
2012.01.09 03:08:22.460,0.92746,0.92803,3.08,3.68
2012.01.09 03:08:36.762,0.92746,0.92803,3.08,2.93
2012.01.09 03:08:37.416,0.9275,0.92807,3.08,2.33
2012.01.09 03:08:58.432,0.92753,0.92807,2.10,2.33
2012.01.09 03:08:58.613,0.92753,0.92809,2.10,2.33
2012.01.09 03:08:58.908,0.92751,0.92804,1.35,2.33
2012.01.09 03:08:59.443,0.92747,0.92803,1.35,2.33
2012.01.09 03:08:59.720,0.92745,0.92803,3.08,2.33
2012.01.09 03:09:00.682,0.92745,0.92803,3.08,2.33
2012.01.09 03:09:43.360,0.9275,0.92806,2.33,1.35
2012.01.09 03:09:43.594,0.9275,0.92807,3.08,2.33
2012.01.09 03:09:43.654,0.9275,0.92807,2.33,2.33
2012.01.09 03:09:43.713,0.92746,0.92802,3.68,2.33
2012.01.09 03:09:43.794,0.92747,0.92804,2.33,2.33
2012.01.09 03:09:43.852,0.92747,0.92804,3.08,2.33
2012.01.09 03:09:45.923,0.92747,0.92804,3.08,3.08
2012.01.09 03:09:56.319,0.92747,0.92804,2.33,3.08
2012.01.09 03:09:56.604,0.92746,0.92802,2.33,2.33
2012.01.09 03:09:57.133,0.92745,0.92803,2.33,2.33
2012.01.09 03:10:00.583,0.92745,0.92803,2.33,3.08
2012.01.09 03:10:00.926,0.92747,0.92803,2.33,3.08
2012.01.09 03:10:01.503,0.92747,0.92803,2.33,2.33
2012.01.09 03:10:01.726,0.92749,0.92806,2.33,3.68
2012.01.09 03:10:02.634,0.92749,0.92806,2.33,3.68
2012.01.09 03:10:02.825,0.92746,0.92801,2.33,3.08
2012.01.09 03:10:04.431,0.92746,0.92801,3.08,2.33
2012.01.09 03:10:05.893,0.92746,0.92801,2.33,3.08
2012.01.09 03:10:06.015,0.92741,0.92796,3.68,2.33
2012.01.09 03:10:12.751,0.92741,0.92798,3.68,3.08
2012.01.09 03:10:13.493,0.92744,0.92798,2.10,2.33
2012.01.09 03:10:13.613,0.92746,0.92803,2.93,3.08
2012.01.09 03:10:14.233,0.92746,0.92803,2.93,3.08
2012.01.09 03:10:16.454,0.92747,0.92803,1.35,3.08
2012.01.09 03:10:19.969,0.92746,0.92803,3.08,3.68
2012.01.09 03:10:20.098,0.92746,0.92801,3.08,2.33
2012.01.09 03:10:24.599,0.92746,0.92801,2.33,3.08
2012.01.09 03:10:28.608,0.92746,0.92803,3.08,3.68
2012.01.09 03:10:30.753,0.92746,0.92803,2.33,3.68
2012.01.09 03:10:33.648,0.92745,0.928,2.33,3.08
2012.01.09 03:10:46.044,0.92745,0.928,2.33,2.33
2012.01.09 03:10:46.345,0.92749,0.92804,2.33,2.93
2012.01.09 03:10:46.532,0.92745,0.928,2.33,2.33
2012.01.09 03:10:47.913,0.92745,0.928,3.08,2.33
2012.01.09 03:10:48.904,0.92745,0.928,2.33,3.08
2012.01.09 03:10:52.266,0.92745,0.928,3.08,2.33
2012.01.09 03:10:52.483,0.92749,0.92806,2.33,2.93
2012.01.09 03:10:52.832,0.92751,0.92808,2.33,1.35
2012.01.09 03:10:53.558,0.92745,0.92802,3.08,2.33
2012.01.09 03:10:53.723,0.92745,0.92802,2.33,2.33
2012.01.09 03:10:53.890,0.92747,0.92802,2.33,2.33
2012.01.09 03:10:54.152,0.92745,0.92802,2.33,2.33
2012.01.09 03:10:55.541,0.92751,0.92807,2.33,2.93
2012.01.09 03:10:55.926,0.92747,0.92804,3.08,2.93
2012.01.09 03:10:55.994,0.92752,0.92808,2.33,1.35
2012.01.09 03:10:56.764,0.92751,0.92807,2.33,2.93
2012.01.09 03:11:04.873,0.92746,0.92803,2.33,2.93
2012.01.09 03:11:05.094,0.92751,0.92807,2.33,2.93
2012.01.09 03:11:21.412,0.92751,0.92807,2.33,2.33
2012.01.09 03:12:23.996,0.92754,0.9281,2.33,3.08
2012.01.09 03:12:24.852,0.92754,0.9281,2.33,2.33
2012.01.09 03:12:25.664,0.92754,0.9281,2.33,3.08
2012.01.09 03:12:31.037,0.92751,0.92807,3.08,2.33
2012.01.09 03:12:35.193,0.92751,0.92807,3.08,2.33
2012.01.09 03:12:35.253,0.92756,0.92811,2.33,2.33
2012.01.09 03:12:36.331,0.92756,0.92811,3.08,2.33
2012.01.09 03:12:36.940,0.9276,0.92816,2.33,2.93
2012.01.09 03:12:37.926,0.9276,0.92816,3.08,2.93
2012.01.09 03:12:38.156,0.9276,0.92816,3.08,2.33
2012.01.09 03:12:38.223,0.92765,0.9282,2.33,2.33
2012.01.09 03:12:39.882,0.92765,0.9282,3.08,2.33
2012.01.09 03:12:46.557,0.92765,0.9282,3.08,3.08
2012.01.09 03:12:51.192,0.92765,0.9282,2.33,3.08
2012.01.09 03:12:51.895,0.92765,0.9282,3.08,3.08
2012.01.09 03:12:56.433,0.92765,0.9282,3.08,2.33
2012.01.09 03:12:56.978,0.92766,0.92821,2.33,2.33
2012.01.09 03:13:00.363,0.92766,0.92821,2.33,3.08
2012.01.09 03:13:00.915,0.92766,0.92821,2.33,3.08
2012.01.09 03:13:01.683,0.92766,0.92821,2.33,3.08
2012.01.09 03:13:01.844,0.92761,0.92817,2.33,3.08
2012.01.09 03:13:02.393,0.92757,0.92812,3.08,2.33
2012.01.09 03:13:03.604,0.92757,0.92812,3.08,3.08
2012.01.09 03:13:05.864,0.92757,0.92812,2.33,2.33
2012.01.09 03:13:11.205,0.92757,0.92812,2.33,3.08
2012.01.09 03:13:11.754,0.92757,0.92812,2.33,2.33
2012.01.09 03:13:16.203,0.92757,0.92812,2.33,3.08
2012.01.09 03:13:16.923,0.92751,0.92809,2.93,2.33
2012.01.09 03:13:17.068,0.92755,0.92811,2.93,2.33
2012.01.09 03:13:17.134,0.92751,0.92809,2.93,2.33
2012.01.09 03:13:25.676,0.92751,0.92809,2.93,3.08
2012.01.09 03:13:28.053,0.92749,0.92806,2.93,2.33
2012.01.09 03:13:28.487,0.92742,0.92797,2.33,2.33
2012.01.09 03:13:29.555,0.92741,0.92798,3.08,2.33
2012.01.09 03:13:30.642,0.92746,0.92801,2.33,3.08
2012.01.09 03:13:33.312,0.92746,0.92801,2.33,2.33
2012.01.09 03:13:41.183,0.92746,0.92801,2.33,3.08
2012.01.09 03:13:41.365,0.9274,0.92797,2.93,2.33
2012.01.09 03:13:45.546,0.92742,0.92797,2.33,2.33
2012.01.09 03:13:50.983,0.92744,0.92801,2.33,2.33
2012.01.09 03:13:53.555,0.92744,0.92801,3.08,2.33
2012.01.09 03:13:57.424,0.92744,0.92801,2.33,3.08
2012.01.09 03:14:00.134,0.92748,0.92803,2.33,3.68
2012.01.09 03:14:01.216,0.92748,0.92803,2.33,3.68
2012.01.09 03:14:01.734,0.92746,0.92803,2.33,3.68
2012.01.09 03:14:02.205,0.92746,0.92803,3.08,3.68
2012.01.09 03:14:03.424,0.92748,0.92803,2.33,3.68
2012.01.09 03:14:03.696,0.92748,0.92803,2.33,3.68
2012.01.09 03:14:03.805,0.92744,0.92799,2.33,3.08
2012.01.09 03:14:04.063,0.92747,0.92803,2.33,1.35
2012.01.09 03:14:05.242,0.92747,0.92803,3.08,1.35
2012.01.09 03:14:08.666,0.92754,0.92809,2.33,3.68
2012.01.09 03:14:11.003,0.92754,0.92803,2.33,1.35
2012.01.09 03:14:11.062,0.9274,0.92796,3.68,2.33
2012.01.09 03:14:11.186,0.9274,0.92796,3.08,2.93
2012.01.09 03:14:11.714,0.92738,0.92794,2.33,2.93
2012.01.09 03:14:12.575,0.92739,0.92797,2.33,2.93
2012.01.09 03:14:12.778,0.92739,0.92797,3.08,2.93
2012.01.09 03:14:14.204,0.92739,0.92793,2.33,1.35
2012.01.09 03:14:14.755,0.92738,0.92793,2.33,1.35
2012.01.09 03:14:15.126,0.9274,0.92793,2.33,1.35
2012.01.09 03:14:15.525,0.92741,0.92794,2.33,1.35
2012.01.09 03:14:15.594,0.92735,0.92792,3.08,2.93
2012.01.09 03:14:16.665,0.92739,0.92796,2.33,2.93
2012.01.09 03:14:16.796,0.92736,0.92791,3.08,2.93
2012.01.09 03:14:17.011,0.92739,0.92796,2.33,2.93
2012.01.09 03:14:17.318,0.92741,0.92796,2.33,2.93
2012.01.09 03:14:18.384,0.9274,0.92793,3.08,1.35
2012.01.09 03:14:18.931,0.9274,0.92794,2.33,1.35
2012.01.09 03:14:19.087,0.9274,0.92793,3.08,1.35
2012.01.09 03:14:19.232,0.9274,0.92793,2.33,1.35
2012.01.09 03:14:20.734,0.9274,0.92789,2.33,1.35
2012.01.09 03:14:20.792,0.9274,0.92788,2.33,1.35
2012.01.09 03:14:20.854,0.92737,0.92788,2.33,1.35
2012.01.09 03:14:21.082,0.92732,0.92787,3.08,2.93
2012.01.09 03:14:21.175,0.92732,0.92787,3.08,2.93
2012.01.09 03:14:29.625,0.92727,0.92784,3.08,2.33
2012.01.09 03:14:29.935,0.92727,0.92782,3.08,2.33
2012.01.09 03:14:30.036,0.92727,0.92782,3.08,2.33
2012.01.09 03:14:30.179,0.92728,0.92785,3.08,2.93
2012.01.09 03:14:32.192,0.92732,0.92787,3.08,2.93
2012.01.09 03:14:41.465,0.92732,0.92787,3.08,2.93
2012.01.09 03:14:41.895,0.92737,0.92792,3.08,2.93
2012.01.09 03:14:42.235,0.92739,0.92796,2.33,2.93
2012.01.09 03:14:42.294,0.92733,0.92791,3.08,2.93
2012.01.09 03:14:46.381,0.92733,0.92789,3.08,2.93
2012.01.09 03:14:46.813,0.92738,0.92793,3.08,2.33
2012.01.09 03:14:48.576,0.92735,0.9279,3.08,2.33
2012.01.09 03:14:48.705,0.92732,0.92789,3.08,2.33
2012.01.09 03:14:49.073,0.92732,0.92789,3.08,2.93
2012.01.09 03:14:49.424,0.92736,0.9279,3.08,2.10
2012.01.09 03:14:49.483,0.92732,0.92789,3.08,2.93
2012.01.09 03:14:49.878,0.92736,0.9279,3.08,2.10
2012.01.09 03:15:00.651,0.92735,0.9279,3.08,2.10
2012.01.09 03:15:01.026,0.92737,0.92792,3.08,2.93
2012.01.09 03:15:01.098,0.92737,0.92792,3.08,2.93
2012.01.09 03:15:02.253,0.92737,0.92792,3.08,2.93
2012.01.09 03:15:03.885,0.92737,0.92792,3.08,2.93
2012.01.09 03:15:06.583,0.92739,0.92794,3.08,2.93
2012.01.09 03:15:09.457,0.9274,0.92795,3.08,2.93
2012.01.09 03:15:09.786,0.92742,0.92798,3.08,2.85
2012.01.09 03:15:12.647,0.92739,0.92796,3.08,2.93
2012.01.09 03:15:13.636,0.92743,0.92798,2.33,5.18
2012.01.09 03:15:14.491,0.92743,0.92798,3.08,5.18
2012.01.09 03:15:16.903,0.92744,0.92798,3.08,1.35
2012.01.09 03:15:17.203,0.92746,0.92803,3.68,2.33
2012.01.09 03:15:17.262,0.92749,0.92803,1.35,2.33
2012.01.09 03:15:17.444,0.92747,0.92801,1.35,2.33
2012.01.09 03:15:19.985,0.92747,0.92801,1.35,3.08
2012.01.09 03:15:20.694,0.92744,0.92801,2.93,3.08
2012.01.09 03:15:20.962,0.92744,0.92801,2.33,3.08
2012.01.09 03:15:21.116,0.9274,0.92795,3.08,2.33
2012.01.09 03:15:21.756,0.9274,0.92795,2.33,2.33
2012.01.09 03:15:22.254,0.92739,0.92796,3.08,2.93
2012.01.09 03:15:25.646,0.92738,0.92793,3.08,1.35
2012.01.09 03:15:32.155,0.92743,0.92798,2.33,1.35
2012.01.09 03:15:32.724,0.92739,0.92796,3.68,2.93
2012.01.09 03:15:33.677,0.92739,0.92796,3.68,2.93
2012.01.09 03:15:40.676,0.92739,0.92796,3.68,2.93
2012.01.09 03:15:44.967,0.9274,0.92794,3.08,1.35
2012.01.09 03:15:46.653,0.92743,0.92798,2.33,4.43
2012.01.09 03:15:46.775,0.92745,0.928,2.33,3.68
2012.01.09 03:15:48.644,0.92745,0.928,3.08,3.68
2012.01.09 03:15:50.257,0.92745,0.928,2.33,3.68
2012.01.09 03:15:51.014,0.92745,0.928,3.08,3.68
2012.01.09 03:15:52.226,0.92745,0.928,2.33,3.68
2012.01.09 03:15:52.354,0.92742,0.92797,2.33,3.08
2012.01.09 03:15:52.447,0.92742,0.92797,2.33,2.33
2012.01.09 03:15:53.218,0.92742,0.92797,2.33,3.08
2012.01.09 03:15:55.211,0.92742,0.92797,2.33,3.08
2012.01.09 03:15:55.405,0.92728,0.92783,3.08,2.33
2012.01.09 03:15:55.532,0.92737,0.92792,2.33,3.68
2012.01.09 03:15:56.176,0.92737,0.92792,2.33,2.93
2012.01.09 03:15:59.403,0.92734,0.9279,3.08,2.33
2012.01.09 03:15:59.732,0.92738,0.92793,3.08,2.33
2012.01.09 03:16:00.355,0.92738,0.92795,3.08,2.33
2012.01.09 03:16:02.188,0.92738,0.92795,2.33,2.33
2012.01.09 03:16:02.254,0.92738,0.92793,2.33,2.33
2012.01.09 03:16:03.344,0.92737,0.92792,2.33,2.33
2012.01.09 03:16:03.977,0.92737,0.92794,2.33,2.33
2012.01.09 03:16:25.095,0.92741,0.92799,2.33,2.33
2012.01.09 03:16:33.455,0.92742,0.928,2.33,2.33
2012.01.09 03:16:35.765,0.92741,0.92799,3.08,2.33
2012.01.09 03:16:56.773,0.92745,0.92802,2.33,2.33
2012.01.09 03:16:57.621,0.92745,0.92802,3.08,2.33
2012.01.09 03:17:05.934,0.92745,0.92802,2.33,2.33
2012.01.09 03:17:06.335,0.92745,0.928,2.33,2.33
2012.01.09 03:17:06.660,0.9275,0.92805,2.33,2.33
2012.01.09 03:17:07.009,0.92755,0.9281,2.33,2.33
2012.01.09 03:17:07.779,0.92755,0.9281,2.33,3.08
2012.01.09 03:17:08.085,0.92757,0.92812,2.33,2.33
2012.01.09 03:17:08.203,0.92754,0.92811,2.33,2.33
2012.01.09 03:17:09.295,0.92754,0.92809,2.33,2.33
2012.01.09 03:17:10.571,0.92754,0.92809,3.08,3.08
2012.01.09 03:17:16.841,0.92754,0.92811,2.33,3.08
2012.01.09 03:17:17.962,0.92754,0.92809,3.08,2.33
2012.01.09 03:17:18.022,0.92757,0.92812,3.08,2.33
2012.01.09 03:17:18.142,0.9276,0.92815,2.33,2.93
2012.01.09 03:17:18.443,0.92761,0.92816,2.33,2.33
2012.01.09 03:17:18.562,0.92764,0.92824,2.33,2.93
2012.01.09 03:17:19.488,0.92764,0.92822,2.33,2.33
2012.01.09 03:17:19.556,0.92766,0.92821,2.33,2.33
2012.01.09 03:17:21.176,0.92764,0.92822,2.33,2.33
2012.01.09 03:17:21.303,0.92753,0.9281,2.93,2.33
2012.01.09 03:17:21.545,0.92753,0.9281,2.33,2.33
2012.01.09 03:17:21.752,0.92749,0.92806,3.08,2.33
2012.01.09 03:17:23.551,0.92749,0.92806,3.08,2.33
2012.01.09 03:17:28.654,0.9275,0.92807,3.08,2.33
2012.01.09 03:17:50.012,0.9275,0.92807,3.08,2.93
2012.01.09 03:18:02.655,0.9275,0.92804,2.33,1.35
2012.01.09 03:18:03.123,0.92746,0.92801,3.08,2.33
2012.01.09 03:18:05.621,0.92749,0.92804,2.33,3.68
2012.01.09 03:18:06.145,0.9275,0.92804,2.33,1.35
2012.01.09 03:18:06.865,0.92745,0.92802,3.08,2.93
2012.01.09 03:18:07.083,0.9275,0.92804,2.33,1.35
2012.01.09 03:18:10.592,0.9275,0.92804,3.08,1.35
2012.01.09 03:18:12.934,0.9275,0.92805,3.08,3.08
2012.01.09 03:18:20.329,0.9275,0.92805,2.33,3.08
2012.01.09 03:18:20.947,0.9275,0.92805,3.08,3.08
2012.01.09 03:18:42.904,0.92755,0.9281,2.33,3.08
2012.01.09 03:18:45.144,0.92755,0.9281,3.08,3.08
2012.01.09 03:18:45.326,0.92759,0.92812,2.33,1.35
2012.01.09 03:18:45.424,0.92759,0.92813,2.33,1.35
2012.01.09 03:18:57.342,0.92758,0.92813,2.33,3.68
2012.01.09 03:19:07.915,0.92756,0.92811,2.33,2.33
2012.01.09 03:19:08.666,0.92758,0.92813,2.33,3.68
2012.01.09 03:19:10.611,0.92756,0.92811,3.08,3.08
2012.01.09 03:19:22.166,0.92756,0.92811,3.08,2.33
2012.01.09 03:19:35.167,0.92758,0.92813,2.33,3.08
2012.01.09 03:19:37.247,0.92758,0.92813,3.08,2.33
2012.01.09 03:19:37.456,0.92758,0.92813,2.33,3.08
2012.01.09 03:19:37.598,0.92756,0.92811,3.08,2.33
2012.01.09 03:19:38.025,0.92757,0.92814,3.08,3.08
2012.01.09 03:19:43.639,0.92756,0.92811,3.08,2.33
2012.01.09 03:19:43.985,0.92757,0.92814,3.08,3.08
2012.01.09 03:19:55.715,0.92757,0.92814,3.08,3.08
2012.01.09 03:19:56.064,0.92749,0.92804,3.08,2.33
2012.01.09 03:19:56.122,0.92749,0.92804,3.08,3.08
2012.01.09 03:19:57.103,0.92749,0.92804,2.33,3.08
2012.01.09 03:19:57.223,0.92749,0.92804,2.33,3.68
2012.01.09 03:19:57.282,0.92745,0.928,3.68,2.93
2012.01.09 03:20:01.148,0.92745,0.92798,2.93,1.35
2012.01.09 03:20:01.526,0.9274,0.92793,3.08,1.35
2012.01.09 03:20:02.415,0.9274,0.92793,2.33,1.35
2012.01.09 03:20:02.667,0.92736,0.92792,1.35,2.93
2012.01.09 03:20:03.327,0.92736,0.92786,1.35,2.33
2012.01.09 03:20:04.165,0.92731,0.92786,3.68,2.33
2012.01.09 03:20:04.899,0.92731,0.92786,3.08,2.33
2012.01.09 03:20:06.504,0.92731,0.92786,3.08,2.33
2012.01.09 03:20:07.241,0.92735,0.92792,3.08,2.93
2012.01.09 03:20:14.376,0.92735,0.92788,2.33,1.35
2012.01.09 03:20:14.658,0.9273,0.92787,3.08,2.93
2012.01.09 03:20:14.934,0.9273,0.92787,3.08,2.93
2012.01.09 03:20:15.697,0.9273,0.92787,3.08,2.93
2012.01.09 03:20:15.917,0.9273,0.92787,3.08,2.93
2012.01.09 03:20:21.416,0.9273,0.92787,3.08,2.93
2012.01.09 03:20:21.663,0.9273,0.92787,3.08,2.93
2012.01.09 03:20:24.017,0.92733,0.92788,3.08,1.35
2012.01.09 03:20:24.485,0.92737,0.92794,2.33,3.08
2012.01.09 03:20:36.657,0.92738,0.92795,2.33,3.08
2012.01.09 03:20:37.559,0.92738,0.92795,3.08,3.08
2012.01.09 03:20:43.447,0.92738,0.92795,2.33,3.08
2012.01.09 03:20:44.453,0.92737,0.92794,2.33,3.08
2012.01.09 03:20:55.444,0.92737,0.92794,3.08,2.33
2012.01.09 03:20:55.864,0.9275,0.92804,2.33,1.35
2012.01.09 03:20:55.924,0.92746,0.92803,3.08,2.93
2012.01.09 03:21:10.233,0.92749,0.92804,2.33,1.35
2012.01.09 03:21:10.293,0.92749,0.92804,2.33,1.35
2012.01.09 03:21:10.413,0.92749,0.92803,3.08,1.35
2012.01.09 03:21:11.504,0.92749,0.92804,2.33,1.35
2012.01.09 03:21:12.498,0.9275,0.92804,2.33,1.35
2012.01.09 03:21:21.894,0.92752,0.92804,2.33,1.35
2012.01.09 03:21:24.536,0.92751,0.92803,2.33,1.35
2012.01.09 03:21:25.365,0.92752,0.92804,2.33,1.35
2012.01.09 03:21:29.597,0.92749,0.92804,3.08,1.35
2012.01.09 03:21:32.844,0.92749,0.92803,2.33,1.35
2012.01.09 03:21:33.988,0.9275,0.92803,2.33,1.35
2012.01.09 03:21:34.934,0.9275,0.92808,3.08,3.68
2012.01.09 03:21:44.391,0.9275,0.92803,2.33,1.35
2012.01.09 03:21:58.074,0.9275,0.92808,3.08,2.93
2012.01.09 03:21:58.136,0.92755,0.92809,2.33,2.85
2012.01.09 03:21:58.255,0.92755,0.9281,3.08,2.93
2012.01.09 03:21:58.891,0.92751,0.92808,1.35,2.93
2012.01.09 03:22:03.441,0.92754,0.92808,1.35,2.93
2012.01.09 03:22:06.015,0.92758,0.92813,2.33,1.35
2012.01.09 03:22:16.577,0.92758,0.92813,2.33,1.35
2012.01.09 03:22:16.765,0.92753,0.92811,3.08,2.33
2012.01.09 03:22:43.635,0.92757,0.92808,1.35,2.33
2012.01.09 03:22:45.264,0.92756,0.92811,3.68,2.33
2012.01.09 03:22:45.643,0.92756,0.92811,2.93,3.08
2012.01.09 03:22:46.238,0.92752,0.92807,1.35,2.33
2012.01.09 03:22:49.249,0.92752,0.92807,1.35,2.93
2012.01.09 03:22:59.714,0.92756,0.92806,1.35,2.33
2012.01.09 03:22:59.773,0.92756,0.9281,1.35,3.08
2012.01.09 03:23:10.390,0.92755,0.9281,2.93,3.08
2012.01.09 03:23:11.138,0.92752,0.92807,1.35,2.33
2012.01.09 03:23:11.747,0.92752,0.92808,1.35,3.08
2012.01.09 03:23:17.474,0.92756,0.92808,1.35,2.33
2012.01.09 03:23:17.576,0.92756,0.92811,3.68,2.93
2012.01.09 03:23:17.645,0.92756,0.92809,1.35,2.33
2012.01.09 03:23:17.995,0.92756,0.92809,1.35,2.33
2012.01.09 03:23:18.056,0.92758,0.92814,3.08,2.93
2012.01.09 03:23:18.614,0.92763,0.92818,2.33,2.93
2012.01.09 03:23:19.935,0.92763,0.92818,2.33,2.33
2012.01.09 03:23:24.963,0.92763,0.92818,2.33,3.08
2012.01.09 03:23:25.167,0.92759,0.92815,1.35,3.08
2012.01.09 03:23:42.573,0.92757,0.92815,3.68,3.08
2012.01.09 03:23:42.693,0.92757,0.92815,3.68,2.33
2012.01.09 03:23:42.879,0.92757,0.92813,1.35,2.33
2012.01.09 03:23:45.405,0.92762,0.92818,2.33,2.33
2012.01.09 03:23:45.664,0.92765,0.9282,2.33,2.33
2012.01.09 03:23:45.983,0.92759,0.92812,1.35,2.33
2012.01.09 03:23:47.626,0.92759,0.92812,1.35,2.33
2012.01.09 03:23:51.633,0.9276,0.92817,3.08,2.93
2012.01.09 03:23:52.446,0.92766,0.92819,1.35,1.35
2012.01.09 03:23:58.135,0.92764,0.9281,3.08,2.10
2012.01.09 03:23:58.315,0.92762,0.92816,1.35,2.93
2012.01.09 03:23:58.638,0.92762,0.92813,1.35,2.33
2012.01.09 03:23:58.705,0.92762,0.92818,1.35,2.93
2012.01.09 03:23:59.069,0.92762,0.92814,1.35,2.33
2012.01.09 03:23:59.356,0.92762,0.92818,1.35,2.93
2012.01.09 03:24:03.799,0.92762,0.92815,1.35,2.33
2012.01.09 03:24:04.596,0.92761,0.92817,1.35,2.93
2012.01.09 03:24:05.866,0.92759,0.92816,2.93,1.35
2012.01.09 03:24:05.936,0.92759,0.92815,2.33,1.35
2012.01.09 03:24:06.123,0.92756,0.92811,3.68,2.33
2012.01.09 03:24:08.951,0.92756,0.92811,3.68,3.08
2012.01.09 03:24:09.995,0.92756,0.92811,2.93,3.08
2012.01.09 03:24:10.189,0.92751,0.92807,3.08,2.33
2012.01.09 03:24:15.504,0.92756,0.92811,2.33,3.08
2012.01.09 03:24:15.917,0.92756,0.92811,3.08,2.33
2012.01.09 03:24:16.673,0.92756,0.92811,3.08,2.33
2012.01.09 03:24:16.734,0.92761,0.92818,3.08,2.93
2012.01.09 03:24:16.973,0.92755,0.92812,3.08,2.33
2012.01.09 03:24:36.715,0.92755,0.92812,3.08,3.08
2012.01.09 03:24:37.706,0.92755,0.92812,2.33,3.08
2012.01.09 03:24:38.163,0.9275,0.92808,3.08,2.33
2012.01.09 03:24:38.413,0.9275,0.92808,3.08,3.08
2012.01.09 03:24:52.656,0.9275,0.92808,2.33,3.08
2012.01.09 03:24:52.783,0.92746,0.92803,3.68,2.33
2012.01.09 03:25:08.766,0.92746,0.92798,1.35,2.33
2012.01.09 03:25:09.164,0.92742,0.92799,3.68,2.33
2012.01.09 03:25:09.518,0.92742,0.92792,1.35,2.33
2012.01.09 03:25:09.646,0.92742,0.92799,3.68,3.08
2012.01.09 03:25:10.160,0.92742,0.92793,1.35,2.33
2012.01.09 03:25:10.223,0.92742,0.92798,1.35,3.08
2012.01.09 03:25:10.375,0.92741,0.92798,3.08,3.68
2012.01.09 03:25:10.918,0.92738,0.92792,1.35,2.33
2012.01.09 03:25:11.479,0.92742,0.92797,2.33,2.93
2012.01.09 03:25:12.614,0.92741,0.92796,3.08,2.93
2012.01.09 03:25:13.454,0.92741,0.92796,3.08,2.93
2012.01.09 03:25:13.575,0.92742,0.92797,2.33,2.93
2012.01.09 03:25:13.828,0.92745,0.928,2.33,2.93
2012.01.09 03:25:14.734,0.92745,0.928,3.08,2.93
2012.01.09 03:25:14.854,0.92747,0.92802,2.93,2.93
2012.01.09 03:25:17.679,0.92746,0.928,1.35,2.33
2012.01.09 03:25:18.666,0.92746,0.92799,1.35,2.33
2012.01.09 03:25:19.226,0.92747,0.92799,1.35,2.33
2012.01.09 03:25:19.474,0.92751,0.92805,1.35,3.08
2012.01.09 03:25:20.117,0.92751,0.92805,1.35,2.33
2012.01.09 03:25:21.749,0.92751,0.92806,1.35,2.33
2012.01.09 03:25:22.694,0.92748,0.92806,2.93,3.08
2012.01.09 03:25:23.334,0.92747,0.928,1.35,2.33
2012.01.09 03:25:27.464,0.92747,0.92801,1.35,2.33
2012.01.09 03:25:29.445,0.92747,0.928,1.35,2.33
2012.01.09 03:25:29.996,0.92747,0.92801,1.35,2.33
2012.01.09 03:25:31.644,0.92747,0.928,1.35,2.33
2012.01.09 03:25:34.396,0.92752,0.92798,1.35,2.33
2012.01.09 03:25:38.687,0.92752,0.92807,3.68,3.08
2012.01.09 03:25:38.760,0.92752,0.92807,3.68,2.33
2012.01.09 03:25:38.827,0.92752,0.92807,3.68,2.33
2012.01.09 03:25:39.985,0.92757,0.92807,1.35,2.33
2012.01.09 03:25:40.052,0.92754,0.92807,1.35,2.33
2012.01.09 03:25:40.115,0.92756,0.92812,3.08,2.93
2012.01.09 03:25:40.235,0.92756,0.92811,2.33,1.35
2012.01.09 03:25:40.547,0.92754,0.92804,1.35,2.33
2012.01.09 03:25:40.611,0.92754,0.92808,1.35,3.08
2012.01.09 03:25:46.156,0.92751,0.92808,3.68,2.33
2012.01.09 03:25:48.638,0.92754,0.92808,1.35,3.08
2012.01.09 03:25:49.077,0.92751,0.92808,3.68,2.33
2012.01.09 03:25:50.010,0.92751,0.92806,3.68,2.33
2012.01.09 03:25:51.719,0.92754,0.92806,1.35,2.33
2012.01.09 03:25:51.887,0.92755,0.92811,3.08,3.68
2012.01.09 03:25:51.946,0.92755,0.92811,2.33,3.68
2012.01.09 03:25:52.109,0.92752,0.92806,1.35,2.33
2012.01.09 03:25:58.486,0.92754,0.92806,1.35,2.33
2012.01.09 03:25:59.116,0.92754,0.92805,1.35,2.33
2012.01.09 03:25:59.237,0.92762,0.92816,1.35,2.33
2012.01.09 03:26:07.586,0.92765,0.92816,1.35,2.33
2012.01.09 03:26:09.348,0.92761,0.92816,3.68,2.33
2012.01.09 03:26:09.606,0.92761,0.92814,1.35,2.33
2012.01.09 03:26:15.739,0.92761,0.92816,1.35,2.33
2012.01.09 03:26:18.510,0.92765,0.92816,1.35,2.33
2012.01.09 03:26:18.601,0.92765,0.9282,1.35,3.08
2012.01.09 03:26:18.881,0.92761,0.92815,1.35,2.33
2012.01.09 03:26:19.217,0.92761,0.92812,1.35,2.33
2012.01.09 03:26:43.716,0.92765,0.92823,2.93,3.08
2012.01.09 03:26:43.900,0.92762,0.92817,3.68,2.33
2012.01.09 03:26:44.340,0.92762,0.92811,1.35,2.33
2012.01.09 03:26:44.449,0.92762,0.92818,1.35,2.33
2012.01.09 03:26:45.121,0.92762,0.92812,1.35,2.33
2012.01.09 03:26:48.865,0.92765,0.9282,2.93,3.08
2012.01.09 03:26:48.926,0.92765,0.9282,3.68,3.08
2012.01.09 03:26:48.987,0.92769,0.9282,2.10,3.08
2012.01.09 03:26:49.226,0.92769,0.9282,2.10,2.33
2012.01.09 03:26:49.297,0.92769,0.92824,2.10,1.35
2012.01.09 03:27:12.341,0.92778,0.92828,2.33,1.35
2012.01.09 03:27:12.717,0.92774,0.92828,2.93,1.35
2012.01.09 03:27:13.329,0.92769,0.92822,2.10,2.33
2012.01.09 03:27:13.488,0.92768,0.92823,2.33,1.35
2012.01.09 03:27:13.637,0.9277,0.92823,2.33,1.35
2012.01.09 03:27:13.878,0.92765,0.92822,2.93,2.33
2012.01.09 03:27:14.793,0.92767,0.92823,2.93,1.35
2012.01.09 03:27:15.426,0.9277,0.92823,2.33,1.35
2012.01.09 03:27:15.878,0.92772,0.92823,2.33,1.35
2012.01.09 03:27:16.247,0.92772,0.92827,2.93,2.33
2012.01.09 03:27:16.307,0.92772,0.92829,2.93,2.33
2012.01.09 03:27:16.661,0.92775,0.92832,2.93,2.33
2012.01.09 03:27:18.041,0.92774,0.92831,2.93,2.33
2012.01.09 03:27:18.298,0.92782,0.92831,1.35,2.33
2012.01.09 03:27:18.418,0.92782,0.92837,1.35,2.93
2012.01.09 03:27:18.697,0.92787,0.92842,2.33,2.10
2012.01.09 03:27:19.179,0.92788,0.92843,2.93,1.35
2012.01.09 03:27:21.204,0.92788,0.92844,2.93,1.35
2012.01.09 03:27:21.574,0.92786,0.92838,1.35,2.33
2012.01.09 03:27:21.639,0.92783,0.9284,2.93,2.33
2012.01.09 03:27:21.863,0.92784,0.9284,1.35,2.33
2012.01.09 03:27:21.990,0.92781,0.92838,3.68,2.33
2012.01.09 03:27:22.881,0.92782,0.92839,2.93,3.08
2012.01.09 03:27:23.653,0.92786,0.92841,2.33,1.35
2012.01.09 03:27:24.243,0.92784,0.92841,2.93,1.35
2012.01.09 03:27:24.444,0.92782,0.92837,2.93,2.33
2012.01.09 03:27:24.746,0.92784,0.92837,1.35,2.33
2012.01.09 03:27:24.808,0.92784,0.9284,3.68,2.33
2012.01.09 03:27:24.986,0.92782,0.92839,3.68,3.08
2012.01.09 03:27:25.259,0.92784,0.92836,1.35,2.33
2012.01.09 03:27:26.386,0.92785,0.9284,3.08,2.33
2012.01.09 03:27:27.526,0.92785,0.9284,2.33,2.33
2012.01.09 03:27:27.770,0.92782,0.92837,1.35,2.33
2012.01.09 03:27:27.898,0.92784,0.92841,2.93,3.30
2012.01.09 03:27:28.649,0.92784,0.92841,2.93,3.30
2012.01.09 03:27:28.795,0.92784,0.92841,3.08,2.70
2012.01.09 03:27:30.217,0.92784,0.92841,3.08,2.70
2012.01.09 03:27:32.036,0.92784,0.92841,3.08,2.33
2012.01.09 03:27:33.007,0.92784,0.92839,3.08,2.33
2012.01.09 03:27:34.543,0.92784,0.92839,3.08,3.08
2012.01.09 03:27:36.200,0.92784,0.92839,3.08,2.33
2012.01.09 03:27:37.109,0.92786,0.92841,3.08,2.33
2012.01.09 03:27:40.190,0.92787,0.92842,2.33,2.33
2012.01.09 03:27:40.450,0.92787,0.92842,2.33,3.08
2012.01.09 03:27:41.220,0.92787,0.92842,2.33,2.33
2012.01.09 03:27:42.281,0.92785,0.9284,3.08,2.33
2012.01.09 03:27:42.806,0.92785,0.9284,2.33,2.33
2012.01.09 03:27:43.182,0.92773,0.92831,3.08,2.33
2012.01.09 03:27:43.382,0.92777,0.92833,3.08,2.33
2012.01.09 03:27:48.675,0.92773,0.92831,3.08,2.33
2012.01.09 03:27:51.189,0.92776,0.92834,3.08,2.33
2012.01.09 03:27:51.628,0.92781,0.92838,3.08,3.08
2012.01.09 03:27:53.594,0.92781,0.92838,3.08,3.08
2012.01.09 03:28:02.227,0.92781,0.92838,3.08,2.33
2012.01.09 03:28:03.668,0.92786,0.92841,2.33,3.08
2012.01.09 03:28:03.857,0.92789,0.92846,2.33,3.68
2012.01.09 03:28:04.077,0.92791,0.92846,2.33,3.68
2012.01.09 03:28:04.469,0.92791,0.92843,2.33,1.35
2012.01.09 03:28:04.727,0.92786,0.92841,2.93,2.93
2012.01.09 03:28:05.216,0.92791,0.92844,2.33,1.35
2012.01.09 03:28:05.612,0.92785,0.9284,2.93,1.35
2012.01.09 03:28:07.668,0.92785,0.9284,2.93,1.35
2012.01.09 03:28:07.919,0.92771,0.92824,1.35,2.93
2012.01.09 03:28:08.439,0.92767,0.92824,3.68,3.68
2012.01.09 03:28:08.506,0.92767,0.9282,1.35,2.33
2012.01.09 03:28:08.786,0.92763,0.9282,2.33,2.93
2012.01.09 03:28:09.260,0.92759,0.92816,2.93,3.08
2012.01.09 03:28:09.814,0.9276,0.92816,1.35,3.08
2012.01.09 03:28:10.208,0.9276,0.92816,1.35,2.33
2012.01.09 03:28:10.386,0.92768,0.92825,2.33,3.08
2012.01.09 03:28:10.507,0.92766,0.9282,1.35,2.33
2012.01.09 03:28:10.707,0.92765,0.9282,2.33,3.08
2012.01.09 03:28:10.826,0.92759,0.92816,3.08,2.33
2012.01.09 03:28:11.416,0.92759,0.92816,3.08,3.08
2012.01.09 03:28:11.483,0.92759,0.92816,2.33,3.08
2012.01.09 03:28:11.638,0.92759,0.92816,2.33,2.33
2012.01.09 03:28:11.697,0.92762,0.92817,2.33,2.33
2012.01.09 03:28:12.028,0.92767,0.92821,2.33,1.35
2012.01.09 03:28:12.807,0.92768,0.92821,2.33,1.35
2012.01.09 03:28:15.661,0.92768,0.92824,2.33,3.68
2012.01.09 03:28:19.839,0.92768,0.92821,2.33,1.35
2012.01.09 03:28:21.419,0.92765,0.92821,3.08,1.35
2012.01.09 03:28:21.491,0.92765,0.92823,3.08,3.68
2012.01.09 03:28:21.739,0.92764,0.92821,3.08,2.93
2012.01.09 03:28:22.080,0.92765,0.92819,1.35,2.33
2012.01.09 03:28:22.437,0.92767,0.92824,3.08,2.93
2012.01.09 03:28:24.999,0.92765,0.9282,1.35,2.33
2012.01.09 03:28:32.811,0.92765,0.92822,1.35,2.33
2012.01.09 03:28:32.876,0.92765,0.92822,1.35,2.33
2012.01.09 03:28:33.142,0.92766,0.92822,3.08,2.33
2012.01.09 03:28:33.359,0.92766,0.92822,3.08,2.33
2012.01.09 03:28:34.553,0.92766,0.92822,3.08,2.33
2012.01.09 03:28:36.148,0.92766,0.92822,3.08,2.33
2012.01.09 03:28:36.241,0.92765,0.92819,1.35,2.33
2012.01.09 03:28:37.684,0.92765,0.92819,1.35,2.33
2012.01.09 03:28:38.387,0.92765,0.92818,1.35,2.33
2012.01.09 03:28:39.414,0.92767,0.92822,3.08,2.33
2012.01.09 03:28:44.527,0.9277,0.92825,3.08,2.93
2012.01.09 03:29:02.161,0.92771,0.92826,3.08,2.93
2012.01.09 03:29:02.730,0.92778,0.92826,1.35,2.33
2012.01.09 03:29:02.948,0.92779,0.92834,3.08,3.68
2012.01.09 03:29:03.604,0.92778,0.92833,3.08,2.33
2012.01.09 03:29:03.729,0.92778,0.92833,3.08,2.33
2012.01.09 03:29:03.927,0.92782,0.92839,3.08,3.08
2012.01.09 03:29:04.649,0.92782,0.92839,2.33,3.08
2012.01.09 03:29:06.395,0.92781,0.92838,3.08,2.70
2012.01.09 03:29:06.457,0.92781,0.92838,2.33,3.45
2012.01.09 03:29:06.868,0.92774,0.92828,1.35,2.33
2012.01.09 03:29:08.827,0.92774,0.9283,3.68,2.33
2012.01.09 03:29:09.155,0.92774,0.9283,3.68,3.08
2012.01.09 03:29:09.699,0.92772,0.92825,1.35,2.33
2012.01.09 03:29:11.303,0.9277,0.92825,3.08,2.93
2012.01.09 03:30:09.955,0.92766,0.92823,2.93,2.93
2012.01.09 03:30:11.993,0.92766,0.92823,2.33,2.33
2012.01.09 03:30:57.197,0.92763,0.92818,2.33,2.33
2012.01.09 03:30:57.548,0.92762,0.92819,3.08,2.33
2012.01.09 03:31:02.419,0.92763,0.92818,3.08,2.33
2012.01.09 03:31:08.147,0.92763,0.92818,3.08,2.33
2012.01.09 03:31:08.368,0.92763,0.92818,3.08,2.33
2012.01.09 03:31:08.426,0.92768,0.92825,2.33,2.33
2012.01.09 03:31:08.508,0.92763,0.92818,3.08,2.33
2012.01.09 03:31:16.606,0.92771,0.92828,2.33,2.33
2012.01.09 03:31:17.008,0.92766,0.92821,3.08,2.33
2012.01.09 03:31:18.657,0.92766,0.92821,3.08,2.33
2012.01.09 03:31:55.620,0.92766,0.92821,3.08,2.33
2012.01.09 03:31:55.757,0.9276,0.92818,3.08,2.33
2012.01.09 03:31:57.619,0.92764,0.92819,3.08,2.33
2012.01.09 03:31:57.687,0.92764,0.92819,3.08,2.33
2012.01.09 03:32:08.096,0.92762,0.92819,3.08,2.33
2012.01.09 03:32:08.326,0.92763,0.92818,3.08,2.33
2012.01.09 03:32:09.580,0.92763,0.92818,3.08,2.33
2012.01.09 03:32:10.570,0.92763,0.92818,3.08,2.33
2012.01.09 03:32:16.619,0.92763,0.92818,3.08,2.33
2012.01.09 03:32:20.691,0.92763,0.92818,3.08,2.33
2012.01.09 03:32:20.916,0.92763,0.92818,3.08,2.33
2012.01.09 03:32:38.978,0.92763,0.92818,3.08,2.33
2012.01.09 03:32:39.286,0.92769,0.92826,2.33,2.33
2012.01.09 03:32:39.346,0.92763,0.92818,3.08,2.33
2012.01.09 03:32:40.626,0.92763,0.92818,3.08,2.33
2012.01.09 03:32:42.599,0.92763,0.92818,3.08,2.33
2012.01.09 03:32:50.139,0.92763,0.92818,2.33,3.08
2012.01.09 03:32:50.280,0.92763,0.92818,2.33,3.68
2012.01.09 03:32:50.608,0.9276,0.92814,1.35,2.33
2012.01.09 03:33:04.229,0.9276,0.92811,1.35,2.33
2012.01.09 03:33:06.360,0.9276,0.92811,1.35,2.33
2012.01.09 03:33:06.597,0.92764,0.92819,2.33,2.93
2012.01.09 03:33:06.956,0.9276,0.92816,1.35,2.93
2012.01.09 03:33:07.578,0.9276,0.92816,1.35,2.93
2012.01.09 03:33:08.978,0.9276,0.92816,1.35,2.93
2012.01.09 03:33:09.439,0.92759,0.92815,3.08,2.10
2012.01.09 03:33:09.497,0.92759,0.92815,2.33,2.10
2012.01.09 03:33:09.677,0.92753,0.92806,1.35,2.33
2012.01.09 03:33:10.819,0.92753,0.92806,1.35,2.33
2012.01.09 03:33:11.361,0.92753,0.92805,1.35,2.33
2012.01.09 03:33:12.630,0.92753,0.92805,1.35,2.33
2012.01.09 03:33:23.188,0.9275,0.92799,3.08,2.10
2012.01.09 03:33:23.578,0.92741,0.92792,1.35,2.10
2012.01.09 03:33:23.969,0.92748,0.92798,1.35,2.10
2012.01.09 03:33:24.607,0.92744,0.92788,3.08,2.10
2012.01.09 03:33:24.727,0.92747,0.92797,1.35,2.10
2012.01.09 03:33:25.269,0.92745,0.92797,2.93,2.10
2012.01.09 03:33:25.669,0.92754,0.92802,1.35,2.10
2012.01.09 03:33:28.750,0.92752,0.92802,3.68,2.10
2012.01.09 03:33:28.966,0.92752,0.92798,3.08,2.10
2012.01.09 03:33:29.208,0.92747,0.92802,1.35,2.93
2012.01.09 03:33:29.427,0.9275,0.92807,3.08,2.93
2012.01.09 03:33:31.970,0.92751,0.92804,2.33,1.35
2012.01.09 03:33:32.039,0.92746,0.92798,1.35,2.33
2012.01.09 03:33:32.161,0.92743,0.92798,3.08,2.93
2012.01.09 03:33:34.857,0.92738,0.92795,1.35,2.93
2012.01.09 03:33:35.891,0.92738,0.92795,1.35,2.93
2012.01.09 03:33:56.189,0.92739,0.92795,3.08,2.93
2012.01.09 03:34:05.702,0.92736,0.92791,1.35,2.93
2012.01.09 03:34:05.770,0.92738,0.92791,1.35,2.93
2012.01.09 03:34:51.477,0.92739,0.92789,1.35,4.43
2012.01.09 03:34:51.787,0.92743,0.92791,1.35,2.93
2012.01.09 03:34:52.598,0.92743,0.92791,1.35,2.93
2012.01.09 03:34:54.639,0.92741,0.92791,1.35,2.93
2012.01.09 03:34:55.158,0.92742,0.92787,1.35,2.33
2012.01.09 03:34:57.669,0.92742,0.92789,1.35,2.93
2012.01.09 03:34:59.408,0.92727,0.92774,1.35,2.93
2012.01.09 03:34:59.778,0.92729,0.92777,1.35,2.10
2012.01.09 03:35:00.559,0.92727,0.92777,1.35,2.10
2012.01.09 03:35:05.340,0.92731,0.92785,2.10,2.93
2012.01.09 03:35:05.698,0.92731,0.92777,2.10,2.33
2012.01.09 03:35:05.948,0.92727,0.92777,1.35,2.93
2012.01.09 03:35:08.696,0.92728,0.92777,1.35,2.93
2012.01.09 03:35:08.877,0.92731,0.92785,1.35,2.93
2012.01.09 03:35:09.057,0.92727,0.92777,1.35,2.93
2012.01.09 03:35:10.437,0.92732,0.92785,2.10,2.93
2012.01.09 03:35:10.590,0.92731,0.92777,3.08,2.10
2012.01.09 03:35:10.718,0.92726,0.92776,1.35,2.93
2012.01.09 03:35:11.367,0.92732,0.92776,2.10,2.33
2012.01.09 03:35:11.487,0.92732,0.92785,2.10,2.93
2012.01.09 03:35:11.748,0.92731,0.92779,1.35,2.10
2012.01.09 03:35:12.060,0.92733,0.92786,2.10,2.93
2012.01.09 03:35:21.809,0.92737,0.92792,1.35,2.93
2012.01.09 03:35:25.470,0.9274,0.92792,1.35,2.93
2012.01.09 03:35:31.961,0.92737,0.92792,1.35,2.93
2012.01.09 03:35:39.371,0.92737,0.92788,1.35,2.33
2012.01.09 03:35:42.159,0.92733,0.92788,1.35,2.93
2012.01.09 03:35:47.422,0.92733,0.92787,1.35,2.33
2012.01.09 03:35:49.246,0.92733,0.92786,1.35,2.33
2012.01.09 03:35:49.978,0.92731,0.92786,1.35,2.33
2012.01.09 03:35:50.149,0.92731,0.92781,1.35,2.33
2012.01.09 03:35:50.479,0.92731,0.92779,1.35,2.33
2012.01.09 03:35:50.921,0.92731,0.92781,1.35,2.33
2012.01.09 03:35:51.470,0.92731,0.9278,1.35,2.33
2012.01.09 03:35:52.239,0.92731,0.92783,1.35,2.33
2012.01.09 03:36:12.658,0.92729,0.92784,2.93,2.33
2012.01.09 03:36:12.947,0.92729,0.92786,2.93,2.33
2012.01.09 03:36:13.069,0.92733,0.9279,2.93,2.93
2012.01.09 03:36:13.273,0.92735,0.92792,2.33,2.93
2012.01.09 03:36:13.593,0.92737,0.92792,4.43,2.33
2012.01.09 03:36:15.237,0.92737,0.92788,2.10,2.33
2012.01.09 03:36:15.651,0.92731,0.92788,2.93,2.33
2012.01.09 03:36:19.380,0.92732,0.92788,1.35,2.33
2012.01.09 03:36:19.449,0.9274,0.92795,2.93,2.33
2012.01.09 03:36:20.449,0.9274,0.92795,2.33,2.93
2012.01.09 03:36:20.508,0.92732,0.92789,2.93,2.93
2012.01.09 03:36:20.811,0.92731,0.92787,3.68,2.33
2012.01.09 03:36:25.914,0.92731,0.92787,2.33,2.33
2012.01.09 03:36:25.928,0.92726,0.92783,3.68,2.33
2012.01.09 03:36:44.277,0.92731,0.92786,2.33,2.33
2012.01.09 03:36:45.376,0.92731,0.92786,3.08,2.33
2012.01.09 03:36:45.780,0.92735,0.9279,2.33,2.93
2012.01.09 03:36:46.586,0.92737,0.9279,1.35,2.33
2012.01.09 03:36:48.007,0.92737,0.9279,1.35,2.33
2012.01.09 03:36:49.366,0.9274,0.92795,3.08,2.93
2012.01.09 03:36:52.506,0.9274,0.92793,2.33,1.35
2012.01.09 03:36:52.598,0.92737,0.92791,1.35,2.93
2012.01.09 03:37:14.630,0.92737,0.92791,1.35,3.68
2012.01.09 03:37:15.919,0.92734,0.92791,2.93,3.68
2012.01.09 03:37:16.649,0.92734,0.92791,2.93,2.93
2012.01.09 03:37:17.374,0.92741,0.92797,2.33,2.93
2012.01.09 03:37:17.560,0.92743,0.92799,2.93,3.08
2012.01.09 03:37:18.682,0.92741,0.92796,2.93,2.33
2012.01.09 03:37:18.750,0.92741,0.92796,2.33,2.33
2012.01.09 03:37:19.353,0.92735,0.92792,2.33,2.33
2012.01.09 03:37:20.788,0.92736,0.92791,2.33,2.33
2012.01.09 03:37:20.992,0.92738,0.92793,2.33,2.33
2012.01.09 03:37:21.545,0.92739,0.92794,2.33,2.33
2012.01.09 03:37:21.799,0.92742,0.92799,2.33,3.08
2012.01.09 03:37:22.475,0.92742,0.92799,2.33,3.08
2012.01.09 03:37:23.027,0.92741,0.92798,2.33,3.08
2012.01.09 03:37:23.962,0.92741,0.92796,2.33,2.33
2012.01.09 03:37:25.308,0.92738,0.92795,2.33,2.33
2012.01.09 03:37:25.430,0.92738,0.92793,2.33,2.33
2012.01.09 03:37:25.559,0.92734,0.9279,2.93,2.33
2012.01.09 03:37:25.940,0.92734,0.92789,1.35,2.33
2012.01.09 03:37:26.071,0.92734,0.92789,2.93,2.33
2012.01.09 03:37:26.294,0.92734,0.92789,3.68,2.33
2012.01.09 03:37:26.363,0.92738,0.92794,2.33,2.33
2012.01.09 03:37:26.669,0.92741,0.92797,2.33,2.33
2012.01.09 03:37:27.634,0.92737,0.92793,3.08,2.33
2012.01.09 03:37:28.525,0.92737,0.92793,3.08,2.33
2012.01.09 03:37:42.876,0.92737,0.92793,3.08,2.33
2012.01.09 03:37:58.944,0.92738,0.92796,2.33,3.08
2012.01.09 03:37:59.077,0.92738,0.92796,2.33,2.33
2012.01.09 03:37:59.360,0.92734,0.92791,2.93,2.33
2012.01.09 03:37:59.870,0.92734,0.92791,2.93,3.08
2012.01.09 03:38:00.061,0.92729,0.92787,2.33,2.93
2012.01.09 03:38:00.465,0.92731,0.92787,2.33,2.93
2012.01.09 03:38:01.050,0.9273,0.92788,2.33,2.93
2012.01.09 03:38:02.267,0.92733,0.92789,2.33,3.68
2012.01.09 03:38:03.167,0.92733,0.92786,2.33,2.10
2012.01.09 03:38:03.469,0.92726,0.92781,2.33,2.93
2012.01.09 03:38:04.248,0.92728,0.92783,2.33,1.35
2012.01.09 03:38:08.871,0.92736,0.92784,2.33,1.35
2012.01.09 03:38:09.002,0.92733,0.92789,2.93,3.68
2012.01.09 03:38:09.879,0.92733,0.92788,2.10,3.08
2012.01.09 03:38:10.057,0.92739,0.92795,2.93,2.33
2012.01.09 03:38:10.198,0.9274,0.92797,2.93,2.33
2012.01.09 03:38:10.739,0.92741,0.92796,2.93,2.33
2012.01.09 03:38:11.099,0.9274,0.92795,2.33,2.33
2012.01.09 03:38:14.015,0.92738,0.92795,2.33,2.33
2012.01.09 03:38:14.531,0.92739,0.92796,2.33,2.33
2012.01.09 03:38:15.224,0.92739,0.92794,2.33,2.33
2012.01.09 03:38:17.327,0.9274,0.92795,2.33,2.33
2012.01.09 03:38:18.574,0.9274,0.92795,2.33,3.08
2012.01.09 03:38:19.125,0.9274,0.92795,2.33,2.33
2012.01.09 03:38:27.578,0.9274,0.92795,2.33,3.08
2012.01.09 03:38:28.395,0.9274,0.92795,2.33,2.33
2012.01.09 03:38:32.018,0.92736,0.92793,3.08,2.33
2012.01.09 03:38:32.711,0.92736,0.92793,2.33,2.33
2012.01.09 03:38:34.365,0.92735,0.9279,2.33,2.33
2012.01.09 03:38:37.257,0.92732,0.92786,1.35,2.33
2012.01.09 03:38:37.382,0.9273,0.92788,2.93,2.33
2012.01.09 03:38:37.829,0.92734,0.92791,2.33,2.33
2012.01.09 03:38:38.009,0.92734,0.92789,2.33,2.33
2012.01.09 03:38:38.488,0.92733,0.92788,3.08,2.33
2012.01.09 03:38:38.547,0.92737,0.92793,3.08,2.33
2012.01.09 03:38:40.306,0.92742,0.92798,2.33,2.33
2012.01.09 03:38:44.919,0.92742,0.92798,3.08,3.08
2012.01.09 03:38:48.877,0.92742,0.92798,2.33,2.33
2012.01.09 03:38:49.603,0.92742,0.928,2.33,3.08
2012.01.09 03:38:53.572,0.92741,0.92797,3.08,2.33
2012.01.09 03:38:54.268,0.92744,0.92796,1.35,2.33
2012.01.09 03:38:54.388,0.92744,0.928,1.35,2.33
2012.01.09 03:38:54.578,0.92748,0.92804,2.33,2.93
2012.01.09 03:38:55.112,0.92749,0.92803,2.33,1.35
2012.01.09 03:38:55.330,0.92749,0.92807,3.08,2.93
2012.01.09 03:38:55.426,0.92749,0.92803,2.33,1.35
2012.01.09 03:38:55.542,0.92751,0.92803,2.33,1.35
2012.01.09 03:38:57.098,0.92748,0.92803,2.33,3.68
2012.01.09 03:38:57.338,0.9275,0.92803,2.33,1.35
2012.01.09 03:38:57.460,0.92745,0.928,2.33,2.33
2012.01.09 03:38:58.070,0.92745,0.928,2.33,3.08
2012.01.09 03:38:58.187,0.92749,0.92804,2.33,1.35
2012.01.09 03:38:59.622,0.92749,0.92806,2.93,3.08
2012.01.09 03:39:00.809,0.92746,0.92801,1.35,2.33
2012.01.09 03:39:01.391,0.92744,0.928,2.10,2.33
2012.01.09 03:39:04.771,0.92744,0.92799,2.10,2.33
2012.01.09 03:39:05.972,0.92744,0.928,2.10,2.33
2012.01.09 03:39:11.699,0.92747,0.92804,2.93,3.08
2012.01.09 03:39:26.870,0.92747,0.92804,2.93,3.08
2012.01.09 03:39:26.939,0.92747,0.92798,2.33,1.35
2012.01.09 03:39:27.099,0.92743,0.92798,2.33,1.35
2012.01.09 03:39:27.898,0.92739,0.92794,2.93,2.93
2012.01.09 03:39:28.028,0.92739,0.92794,2.33,3.68
2012.01.09 03:39:35.605,0.9274,0.92794,2.33,1.35
2012.01.09 03:39:36.307,0.92741,0.92794,2.33,1.35
2012.01.09 03:39:37.298,0.92739,0.92794,2.33,1.35
2012.01.09 03:39:37.802,0.92738,0.92794,2.33,1.35
2012.01.09 03:39:39.353,0.92738,0.92794,2.33,1.35
2012.01.09 03:39:42.822,0.92738,0.92794,2.33,1.35
2012.01.09 03:39:44.619,0.92739,0.92794,2.33,1.35
2012.01.09 03:39:46.614,0.92739,0.92794,2.33,1.35
2012.01.09 03:39:48.080,0.92739,0.92794,2.33,1.35
2012.01.09 03:39:50.024,0.92739,0.92794,2.33,1.35
2012.01.09 03:39:52.004,0.9274,0.92794,2.33,1.35
2012.01.09 03:39:52.127,0.92738,0.92794,2.33,1.35
2012.01.09 03:39:52.638,0.92739,0.92794,2.33,1.35
2012.01.09 03:39:53.984,0.92739,0.92794,2.33,1.35
2012.01.09 03:39:55.607,0.92741,0.92794,2.33,1.35
2012.01.09 03:39:55.844,0.92738,0.92794,2.33,1.35
2012.01.09 03:39:56.947,0.92739,0.92794,2.33,1.35
2012.01.09 03:39:57.069,0.92741,0.92798,2.93,3.08
2012.01.09 03:40:06.719,0.92741,0.92798,2.93,3.08
2012.01.09 03:40:06.898,0.92747,0.92802,2.33,3.08
2012.01.09 03:40:07.117,0.92747,0.92802,2.33,2.33
2012.01.09 03:40:08.337,0.92751,0.92806,2.33,3.08
2012.01.09 03:40:17.497,0.92751,0.92808,3.08,3.08
2012.01.09 03:40:17.688,0.92757,0.92812,2.33,3.08
2012.01.09 03:40:23.480,0.92754,0.92811,2.33,3.08
2012.01.09 03:40:26.710,0.92754,0.92809,2.33,2.33
2012.01.09 03:40:26.827,0.92758,0.92813,2.33,3.08
2012.01.09 03:40:27.531,0.92758,0.92813,2.33,3.08
2012.01.09 03:40:28.748,0.92758,0.92813,2.33,2.33
2012.01.09 03:40:29.577,0.92762,0.92819,2.33,3.08
2012.01.09 03:40:30.886,0.92762,0.92819,3.08,3.08
2012.01.09 03:40:31.101,0.92766,0.9282,2.33,1.35
2012.01.09 03:40:32.709,0.92766,0.92823,2.33,2.93
2012.01.09 03:40:32.827,0.92766,0.92823,2.33,2.33
2012.01.09 03:40:33.088,0.92768,0.92825,2.33,3.08
2012.01.09 03:40:40.737,0.92768,0.92825,2.33,2.33
2012.01.09 03:40:41.058,0.92778,0.92833,2.33,2.93
2012.01.09 03:40:41.119,0.92774,0.92829,2.33,2.93
2012.01.09 03:40:41.659,0.92773,0.92828,2.33,3.08
2012.01.09 03:40:41.969,0.92773,0.92828,2.33,3.08
2012.01.09 03:40:42.302,0.9276,0.92815,2.33,2.33
2012.01.09 03:40:42.440,0.9276,0.92815,2.33,3.08
2012.01.09 03:40:42.618,0.92756,0.92811,2.93,2.33
2012.01.09 03:40:43.429,0.92756,0.92811,2.93,3.08
2012.01.09 03:40:43.870,0.92756,0.92811,2.93,2.33
2012.01.09 03:40:43.992,0.92756,0.92811,2.93,3.08
2012.01.09 03:40:45.579,0.92752,0.92807,2.93,2.33
2012.01.09 03:41:37.548,0.92756,0.92811,2.93,2.33
2012.01.09 03:41:42.610,0.9276,0.92817,2.33,2.33
2012.01.09 03:41:54.687,0.92756,0.92811,3.08,2.33
2012.01.09 03:41:56.417,0.92756,0.92811,3.08,2.93
2012.01.09 03:42:31.728,0.92756,0.92813,3.68,2.33
2012.01.09 03:42:49.991,0.92758,0.92813,2.33,2.33
2012.01.09 03:43:07.702,0.92759,0.92814,2.33,3.08
2012.01.09 03:43:08.360,0.9276,0.92815,2.33,3.08
2012.01.09 03:43:14.919,0.9276,0.92815,2.33,3.08
2012.01.09 03:43:15.184,0.92756,0.9281,1.35,3.08
2012.01.09 03:43:16.173,0.92755,0.9281,2.93,3.08
2012.01.09 03:43:16.308,0.92755,0.92808,2.33,1.73
2012.01.09 03:43:16.428,0.92741,0.92798,3.08,3.08
2012.01.09 03:43:16.967,0.92741,0.92798,2.33,3.08
2012.01.09 03:43:17.197,0.92737,0.92792,2.33,2.33
2012.01.09 03:43:17.727,0.92737,0.92792,2.33,3.08
2012.01.09 03:43:17.819,0.92732,0.92789,2.33,3.08
2012.01.09 03:43:22.990,0.92731,0.92788,3.08,2.33
2012.01.09 03:43:27.388,0.92732,0.92789,2.33,3.08
2012.01.09 03:43:27.664,0.92728,0.92783,3.08,2.33
2012.01.09 03:43:27.727,0.92728,0.92783,2.33,3.08
2012.01.09 03:43:34.248,0.92726,0.92783,3.08,3.08
2012.01.09 03:43:48.689,0.92726,0.92783,3.08,3.08
2012.01.09 03:43:48.961,0.92726,0.92783,3.08,2.33
2012.01.09 03:43:53.060,0.92726,0.92781,3.08,2.33
2012.01.09 03:43:58.782,0.92725,0.92782,3.68,2.33
2012.01.09 03:44:00.390,0.92725,0.92782,2.93,3.08
2012.01.09 03:44:00.697,0.92722,0.92777,3.08,2.33
2012.01.09 03:44:11.678,0.92722,0.92777,3.08,2.33
2012.01.09 03:44:16.792,0.92722,0.92777,3.08,2.33
2012.01.09 03:44:16.858,0.92722,0.92777,3.08,2.33
2012.01.09 03:44:17.127,0.92723,0.92781,3.08,2.93
2012.01.09 03:44:17.250,0.92731,0.92781,1.35,2.33
2012.01.09 03:44:17.318,0.92731,0.92785,1.35,2.33
2012.01.09 03:44:17.402,0.92731,0.92781,1.35,2.33
2012.01.09 03:44:19.666,0.92731,0.92781,1.35,2.33
2012.01.09 03:44:21.398,0.92731,0.92784,1.35,3.08
2012.01.09 03:44:21.577,0.92732,0.9279,2.33,3.08
2012.01.09 03:44:23.280,0.92732,0.9279,2.33,3.08
2012.01.09 03:44:23.500,0.92732,0.9279,3.08,3.08
2012.01.09 03:44:35.337,0.92732,0.9279,3.08,3.08
2012.01.09 03:44:36.209,0.92733,0.92791,3.08,2.93
2012.01.09 03:44:36.892,0.92739,0.92793,2.33,1.35
2012.01.09 03:44:38.414,0.92739,0.92791,2.33,1.35
2012.01.09 03:44:38.856,0.92735,0.9279,2.33,3.08
2012.01.09 03:44:39.108,0.92731,0.92786,3.68,2.33
2012.01.09 03:44:39.671,0.92731,0.92786,2.93,3.08
2012.01.09 03:44:40.258,0.92731,0.92786,3.68,2.33
2012.01.09 03:44:41.371,0.92731,0.92785,1.35,2.33
2012.01.09 03:44:44.681,0.92731,0.92785,1.35,2.33
2012.01.09 03:44:44.937,0.92733,0.92791,3.08,3.68
2012.01.09 03:44:47.148,0.92733,0.92791,2.33,3.68
2012.01.09 03:44:48.692,0.92733,0.92791,3.08,3.68
2012.01.09 03:44:54.008,0.92733,0.92791,3.68,2.33
2012.01.09 03:44:58.360,0.92733,0.9279,1.35,2.33
2012.01.09 03:45:00.513,0.92732,0.9279,3.68,2.33
2012.01.09 03:45:01.168,0.92731,0.92789,3.68,3.08
2012.01.09 03:45:01.561,0.92733,0.92789,3.68,3.08
2012.01.09 03:45:08.539,0.92733,0.92789,1.35,2.33
2012.01.09 03:45:08.728,0.92733,0.92791,3.68,2.33
2012.01.09 03:45:08.909,0.92738,0.92795,2.33,3.08
2012.01.09 03:45:09.678,0.92736,0.92793,3.08,2.33
2012.01.09 03:45:11.443,0.92736,0.92791,3.08,2.33
2012.01.09 03:45:12.661,0.92736,0.92791,3.08,2.33
2012.01.09 03:45:12.789,0.92742,0.92797,1.35,2.33
2012.01.09 03:45:13.469,0.92745,0.928,2.93,3.08
2012.01.09 03:45:14.968,0.9274,0.92788,1.35,2.33
2012.01.09 03:45:15.189,0.92736,0.92788,1.35,2.33
2012.01.09 03:45:15.250,0.9274,0.92788,1.35,2.33
2012.01.09 03:45:15.307,0.9274,0.92793,1.35,1.35
2012.01.09 03:45:15.427,0.92739,0.92793,2.93,1.35
2012.01.09 03:45:16.990,0.92732,0.92787,2.85,2.33
2012.01.09 03:45:17.498,0.92733,0.92789,2.93,3.08
2012.01.09 03:45:19.757,0.9274,0.92793,1.35,3.68
2012.01.09 03:45:20.497,0.92741,0.92799,3.08,3.68
2012.01.09 03:45:26.372,0.92741,0.92799,3.68,3.08
2012.01.09 03:45:26.624,0.92741,0.92796,1.35,2.33
2012.01.09 03:45:27.412,0.92745,0.928,2.33,3.08
2012.01.09 03:45:35.468,0.92745,0.92799,2.33,1.13
2012.01.09 03:45:35.807,0.92741,0.92788,1.35,2.33
2012.01.09 03:45:35.928,0.92739,0.92797,2.93,3.08
2012.01.09 03:45:36.048,0.92736,0.92788,1.35,2.33
2012.01.09 03:45:39.530,0.92736,0.92792,1.35,2.33
2012.01.09 03:45:39.787,0.92736,0.92792,1.35,2.33
2012.01.09 03:45:40.081,0.92739,0.92797,2.93,3.08
2012.01.09 03:45:40.311,0.92736,0.92792,1.35,2.33
2012.01.09 03:45:42.707,0.92735,0.92792,2.33,3.08
2012.01.09 03:45:42.767,0.92732,0.92788,1.35,3.08
2012.01.09 03:45:42.960,0.9273,0.92788,2.93,3.08
2012.01.09 03:45:43.020,0.9273,0.92786,2.33,1.35
2012.01.09 03:45:43.089,0.92723,0.92778,1.35,2.33
2012.01.09 03:45:43.258,0.92722,0.92778,3.68,3.08
2012.01.09 03:45:43.320,0.92722,0.92773,1.35,2.33
2012.01.09 03:45:52.539,0.92722,0.92774,1.35,2.33
2012.01.09 03:45:57.679,0.92726,0.92767,2.33,2.33
2012.01.09 03:46:19.350,0.9273,0.92772,2.33,2.33
2012.01.09 03:46:34.369,0.92721,0.92763,2.93,2.33
2012.01.09 03:46:34.461,0.92721,0.92763,2.33,2.33
2012.01.09 03:46:38.288,0.92716,0.92759,3.08,2.33
2012.01.09 03:46:38.460,0.92721,0.92763,2.33,2.33
2012.01.09 03:46:38.790,0.92716,0.92759,3.08,2.33
2012.01.09 03:46:45.439,0.92721,0.92763,2.33,2.33
2012.01.09 03:46:45.748,0.92716,0.92759,3.08,2.33
2012.01.09 03:46:47.198,0.9272,0.92764,2.33,2.33
2012.01.09 03:46:47.858,0.92716,0.92759,3.08,2.33
2012.01.09 03:46:48.411,0.92721,0.92763,2.33,2.33
2012.01.09 03:46:48.477,0.92716,0.92759,3.08,2.33
2012.01.09 03:46:49.547,0.92721,0.92763,2.33,2.33
2012.01.09 03:46:49.790,0.92716,0.92759,3.08,2.33
2012.01.09 03:46:50.012,0.9272,0.92764,2.33,2.33
2012.01.09 03:46:50.779,0.92716,0.92759,3.08,2.33
2012.01.09 03:46:51.201,0.92721,0.92763,2.33,2.33
2012.01.09 03:46:51.598,0.92717,0.92758,2.33,2.33
2012.01.09 03:46:52.019,0.9272,0.92764,2.33,2.33
2012.01.09 03:46:52.759,0.92716,0.92759,3.08,2.33
2012.01.09 03:46:53.120,0.92721,0.92763,2.33,2.33
2012.01.09 03:46:53.530,0.92716,0.92759,3.08,2.33
2012.01.09 03:46:53.972,0.9272,0.92764,2.33,2.33
2012.01.09 03:46:54.741,0.92717,0.92758,2.33,2.33
2012.01.09 03:46:55.088,0.9272,0.92764,2.33,2.33
2012.01.09 03:46:55.748,0.92717,0.92758,2.33,2.33
2012.01.09 03:46:56.392,0.92721,0.92763,2.33,2.33
2012.01.09 03:46:56.797,0.92716,0.92759,3.08,2.33
2012.01.09 03:46:57.519,0.92721,0.92763,2.33,2.33
2012.01.09 03:46:58.041,0.92716,0.92759,2.33,2.33
2012.01.09 03:46:58.488,0.92721,0.92763,2.33,2.33
2012.01.09 03:46:59.363,0.92717,0.92758,2.33,2.33
2012.01.09 03:47:00.020,0.92721,0.92763,2.33,2.33
2012.01.09 03:47:00.491,0.92719,0.92763,2.33,2.33
2012.01.09 03:47:00.635,0.92724,0.92767,2.33,2.33
2012.01.09 03:47:01.573,0.9272,0.92764,2.33,2.33
2012.01.09 03:47:02.089,0.92725,0.92768,2.33,2.33
2012.01.09 03:47:02.877,0.9272,0.92764,2.33,2.33
2012.01.09 03:47:03.391,0.92726,0.92767,2.33,2.33
2012.01.09 03:47:03.812,0.92721,0.92763,2.33,2.33
2012.01.09 03:47:04.604,0.92721,0.92765,2.33,2.33
2012.01.09 03:47:04.821,0.92723,0.92766,2.33,2.33
2012.01.09 03:47:05.389,0.92722,0.92767,2.33,2.33
2012.01.09 03:47:05.829,0.92726,0.92772,2.33,2.33
2012.01.09 03:47:06.345,0.92723,0.92766,2.33,2.33
2012.01.09 03:47:06.560,0.92726,0.92772,2.33,2.33
2012.01.09 03:47:07.332,0.92723,0.92766,2.33,2.33
2012.01.09 03:47:08.540,0.92727,0.92771,2.33,2.33
2012.01.09 03:47:09.329,0.92723,0.92766,2.33,2.33
2012.01.09 03:47:09.768,0.92727,0.92771,2.33,2.33
2012.01.09 03:47:09.862,0.92723,0.92766,2.33,2.33
2012.01.09 03:47:10.412,0.92718,0.92762,2.33,2.33
2012.01.09 03:47:10.537,0.92722,0.92767,2.33,2.33
2012.01.09 03:47:11.290,0.92717,0.92763,2.33,2.33
2012.01.09 03:47:11.839,0.92722,0.92767,2.33,2.33
2012.01.09 03:47:12.279,0.92717,0.92763,2.33,2.33
2012.01.09 03:47:12.710,0.92723,0.92766,2.33,2.33
2012.01.09 03:47:13.419,0.92718,0.92762,2.33,2.33
2012.01.09 03:47:13.600,0.92723,0.92766,2.33,2.33
2012.01.09 03:47:14.310,0.92717,0.92763,2.33,2.33
2012.01.09 03:47:15.140,0.92722,0.92767,2.33,2.33
2012.01.09 03:47:15.910,0.92717,0.92763,2.33,2.33
2012.01.09 03:47:16.028,0.92722,0.92767,2.33,2.33
2012.01.09 03:47:16.958,0.92718,0.92762,2.33,2.33
2012.01.09 03:47:17.019,0.92722,0.92767,2.33,2.33
2012.01.09 03:47:17.852,0.92717,0.92763,2.33,2.33
2012.01.09 03:47:18.620,0.92722,0.92767,2.33,2.33
2012.01.09 03:47:19.279,0.92718,0.92762,2.33,2.33
2012.01.09 03:47:20.101,0.92723,0.92766,2.33,2.33
2012.01.09 03:47:20.380,0.92718,0.92762,2.33,2.33
2012.01.09 03:47:20.600,0.92723,0.92766,2.33,2.33
2012.01.09 03:47:21.408,0.92717,0.92763,2.33,2.33
2012.01.09 03:47:22.033,0.92722,0.92767,2.33,2.33
2012.01.09 03:47:22.910,0.92717,0.92763,2.33,2.33
2012.01.09 03:47:23.178,0.92723,0.92766,2.33,2.33
2012.01.09 03:47:23.927,0.92718,0.92762,2.33,2.33
2012.01.09 03:47:24.890,0.92723,0.92766,2.33,2.33
2012.01.09 03:47:25.332,0.92717,0.92763,2.33,2.33
2012.01.09 03:47:25.769,0.92722,0.92767,2.33,2.33
2012.01.09 03:47:26.188,0.92717,0.92763,3.08,2.33
2012.01.09 03:47:26.869,0.92723,0.92766,2.33,2.33
2012.01.09 03:47:27.380,0.92718,0.92762,2.33,2.33
2012.01.09 03:47:28.079,0.92723,0.92766,2.33,2.33
2012.01.09 03:47:28.777,0.92718,0.92762,2.33,2.33
2012.01.09 03:47:29.400,0.92722,0.92767,2.33,2.33
2012.01.09 03:47:29.767,0.92717,0.92763,2.33,2.33
2012.01.09 03:47:30.390,0.92723,0.92766,2.33,2.33
2012.01.09 03:47:30.830,0.92717,0.92763,2.33,2.33
2012.01.09 03:47:31.600,0.92722,0.92767,2.33,2.33
2012.01.09 03:47:32.131,0.92722,0.92767,2.33,3.08
2012.01.09 03:47:32.428,0.92713,0.92758,2.93,2.33
2012.01.09 03:47:32.488,0.92718,0.92762,2.33,2.33
2012.01.09 03:47:34.579,0.92722,0.92767,2.33,2.33
2012.01.09 03:47:35.439,0.92718,0.92762,2.33,2.33
2012.01.09 03:47:44.799,0.92723,0.92766,2.33,2.33
2012.01.09 03:47:45.412,0.92718,0.92762,2.33,2.33
2012.01.09 03:47:45.479,0.92723,0.92766,2.33,2.33
2012.01.09 03:47:46.340,0.92718,0.92762,2.33,2.33
2012.01.09 03:47:46.709,0.92723,0.92766,2.33,2.33
2012.01.09 03:47:47.331,0.92718,0.92762,2.33,2.33
2012.01.09 03:47:48.001,0.92723,0.92766,2.33,2.33
2012.01.09 03:47:48.319,0.92718,0.92762,2.33,2.33
2012.01.09 03:47:48.649,0.92723,0.92766,2.33,2.33
2012.01.09 03:47:48.999,0.92723,0.92766,2.93,2.33
2012.01.09 03:47:49.089,0.92727,0.92771,2.93,2.33
2012.01.09 03:47:49.338,0.92722,0.92767,2.33,2.33
2012.01.09 03:48:04.049,0.92727,0.92771,2.33,2.33
2012.01.09 03:48:05.408,0.92722,0.92767,2.33,2.33
2012.01.09 03:48:05.580,0.92727,0.92771,2.33,2.33
2012.01.09 03:48:06.298,0.92723,0.92766,2.33,2.33
2012.01.09 03:48:06.598,0.92726,0.92772,2.33,2.33
2012.01.09 03:48:07.340,0.92722,0.92767,2.33,2.33
2012.01.09 03:48:09.070,0.92721,0.92765,2.33,2.33
2012.01.09 03:48:09.415,0.92726,0.9277,2.33,2.33
2012.01.09 03:48:19.343,0.92726,0.92769,2.33,2.33
2012.01.09 03:48:25.729,0.92724,0.92767,2.33,2.33
2012.01.09 03:48:26.041,0.92728,0.92772,2.33,2.33
2012.01.09 03:48:26.199,0.92728,0.92772,2.93,2.33
2012.01.09 03:48:26.318,0.92734,0.92775,2.33,2.33
2012.01.09 03:48:26.510,0.92737,0.92781,2.33,2.33
2012.01.09 03:48:33.041,0.92739,0.92783,2.33,3.08
2012.01.09 03:48:33.327,0.92735,0.92781,2.33,2.33
2012.01.09 03:48:33.479,0.92739,0.92783,2.33,3.08
2012.01.09 03:48:33.873,0.92735,0.92779,2.33,2.33
2012.01.09 03:48:34.171,0.9273,0.92774,2.93,2.33
2012.01.09 03:48:34.520,0.92735,0.92779,2.33,2.33
2012.01.09 03:48:35.218,0.92731,0.92773,2.93,2.33
2012.01.09 03:48:48.789,0.92735,0.92779,2.33,2.33
2012.01.09 03:48:49.401,0.92731,0.92773,2.93,2.33
2012.01.09 03:48:49.519,0.92735,0.92779,2.33,2.33
2012.01.09 03:48:50.174,0.92731,0.92773,2.93,2.33
2012.01.09 03:48:57.322,0.92735,0.92779,2.33,2.33
2012.01.09 03:48:59.569,0.92735,0.92778,2.33,2.33
2012.01.09 03:49:02.279,0.92735,0.92776,2.33,2.33
2012.01.09 03:49:03.150,0.92735,0.92778,2.33,2.33
2012.01.09 03:49:06.124,0.92735,0.92779,2.33,2.33
2012.01.09 03:49:09.771,0.92735,0.92781,2.33,2.33
2012.01.09 03:49:10.100,0.92738,0.92781,2.33,2.33
2012.01.09 03:49:10.331,0.92735,0.92781,2.33,2.33
2012.01.09 03:49:10.533,0.92738,0.92781,2.33,2.33
2012.01.09 03:49:11.093,0.92739,0.9278,2.33,2.33
2012.01.09 03:49:11.458,0.92735,0.92781,2.33,2.33
2012.01.09 03:49:11.522,0.92738,0.92781,2.33,2.33
2012.01.09 03:49:11.844,0.92735,0.92781,2.33,2.33
2012.01.09 03:49:12.331,0.92737,0.9278,2.33,2.33
2012.01.09 03:49:13.491,0.92738,0.92784,2.33,2.33
2012.01.09 03:49:15.082,0.92739,0.92784,2.33,2.33
2012.01.09 03:49:23.463,0.92739,0.92785,2.33,2.33
2012.01.09 03:49:23.711,0.92738,0.92779,2.33,2.33
2012.01.09 03:49:24.158,0.92737,0.92784,2.33,2.33
2012.01.09 03:49:29.930,0.92742,0.92785,2.33,2.33
2012.01.09 03:49:30.484,0.9274,0.92781,2.33,2.33
2012.01.09 03:49:30.938,0.92736,0.92777,2.33,2.33
2012.01.09 03:49:31.044,0.92736,0.92779,2.33,2.33
2012.01.09 03:49:31.169,0.92738,0.92782,2.33,2.33
2012.01.09 03:49:31.362,0.92739,0.92784,2.33,2.33
2012.01.09 03:49:35.279,0.92739,0.92784,2.33,3.08
2012.01.09 03:49:40.723,0.92739,0.92784,2.33,2.33
2012.01.09 03:49:41.488,0.92739,0.92784,2.33,3.08
2012.01.09 03:49:42.832,0.92739,0.92784,2.33,2.33
2012.01.09 03:49:44.442,0.92739,0.92783,2.33,2.33
2012.01.09 03:49:45.223,0.92738,0.92785,2.33,2.33
2012.01.09 03:50:04.768,0.92744,0.92789,2.33,3.08
2012.01.09 03:50:05.099,0.92738,0.92785,2.33,2.33
2012.01.09 03:50:10.536,0.92738,0.92785,2.33,3.08
2012.01.09 03:50:19.389,0.92738,0.92785,2.33,2.33
2012.01.09 03:50:20.980,0.92739,0.92784,2.33,2.33
2012.01.09 03:50:33.207,0.92738,0.92781,2.33,2.33
2012.01.09 03:50:34.473,0.9274,0.92784,2.33,2.33
2012.01.09 03:50:38.784,0.92739,0.92784,2.33,2.33
2012.01.09 03:50:41.419,0.92737,0.92784,2.33,2.33
2012.01.09 03:51:05.433,0.92738,0.92785,2.33,2.33
2012.01.09 03:51:10.163,0.92736,0.92785,2.33,2.33
2012.01.09 03:51:10.603,0.92738,0.92785,2.33,2.33
2012.01.09 03:51:13.902,0.92737,0.92785,2.33,2.33
2012.01.09 03:51:15.001,0.92737,0.92786,2.33,2.33
2012.01.09 03:51:17.751,0.92737,0.92784,2.33,2.33
2012.01.09 03:51:19.292,0.92737,0.92786,2.33,2.33
2012.01.09 03:51:33.811,0.92736,0.92786,2.33,2.33
2012.01.09 03:51:34.519,0.92737,0.92784,2.33,2.33
2012.01.09 03:51:34.584,0.92735,0.92783,2.33,2.33
2012.01.09 03:51:34.913,0.92736,0.92785,2.33,2.33
2012.01.09 03:51:37.542,0.92736,0.92785,2.33,3.08
2012.01.09 03:51:46.295,0.92736,0.92785,2.33,2.33
2012.01.09 03:51:46.358,0.92738,0.92785,2.33,2.33
2012.01.09 03:51:53.061,0.92737,0.92783,2.33,2.33
2012.01.09 03:52:00.048,0.92732,0.9278,2.33,2.33
2012.01.09 03:52:00.319,0.92736,0.92784,2.33,2.33
2012.01.09 03:52:00.697,0.92732,0.9278,2.33,2.33
2012.01.09 03:52:01.351,0.92732,0.92781,2.33,2.33
2012.01.09 03:52:03.661,0.92736,0.92785,2.33,2.33
2012.01.09 03:52:04.919,0.92735,0.92784,2.33,2.33
2012.01.09 03:52:05.348,0.92736,0.92777,2.33,2.33
2012.01.09 03:52:05.562,0.92734,0.92777,2.33,2.33
2012.01.09 03:52:08.422,0.92736,0.92777,2.33,2.33
2012.01.09 03:52:15.681,0.92732,0.92775,2.33,2.33
2012.01.09 03:52:18.858,0.92734,0.92775,2.33,2.33
2012.01.09 03:52:54.632,0.92739,0.92782,2.33,2.33
2012.01.09 03:52:54.675,0.92735,0.92778,2.33,2.33
2012.01.09 03:52:55.083,0.92737,0.92781,2.33,2.93
2012.01.09 03:52:55.150,0.92733,0.92774,2.33,2.33
2012.01.09 03:52:55.512,0.92727,0.9277,2.33,2.33
2012.01.09 03:53:02.168,0.92731,0.92772,2.33,2.33
2012.01.09 03:53:05.125,0.92728,0.92769,2.33,2.33
2012.01.09 03:53:09.081,0.92731,0.92779,2.33,2.93
2012.01.09 03:53:13.703,0.92731,0.92776,2.33,2.33
2012.01.09 03:53:23.269,0.92736,0.92777,2.33,2.33
2012.01.09 03:53:25.581,0.92734,0.9278,2.33,2.33
2012.01.09 03:53:26.241,0.92735,0.92778,2.33,2.33
2012.01.09 03:53:26.919,0.92731,0.92779,2.33,2.33
2012.01.09 03:53:28.567,0.92731,0.92776,2.33,2.33
2012.01.09 03:53:29.308,0.92735,0.9278,2.33,2.33
2012.01.09 03:53:32.073,0.92735,0.92779,2.33,2.33
2012.01.09 03:53:34.395,0.92733,0.92776,2.33,2.33
2012.01.09 03:53:34.616,0.9273,0.92776,2.33,2.33
2012.01.09 03:53:35.120,0.92729,0.92776,2.33,2.33
2012.01.09 03:53:40.322,0.92729,0.92777,2.33,2.33
2012.01.09 03:53:48.150,0.92725,0.92773,2.33,2.33
2012.01.09 03:53:49.559,0.9273,0.92776,2.33,2.33
2012.01.09 03:53:54.840,0.9273,0.92778,2.33,2.33
2012.01.09 03:53:57.519,0.92726,0.92773,2.33,2.33
2012.01.09 03:53:57.937,0.92729,0.92778,2.33,2.33
2012.01.09 03:53:58.441,0.9273,0.92778,2.33,2.33
2012.01.09 03:53:59.350,0.92726,0.92773,2.33,2.33
2012.01.09 03:54:00.068,0.92729,0.92779,2.33,2.33
2012.01.09 03:54:02.041,0.92734,0.92779,2.33,2.33
2012.01.09 03:54:05.292,0.92733,0.92778,2.33,2.33
2012.01.09 03:54:06.690,0.92729,0.92778,2.33,2.33
2012.01.09 03:54:08.240,0.9273,0.92777,2.33,2.33
2012.01.09 03:54:08.313,0.92729,0.92772,2.33,2.33
2012.01.09 03:54:08.484,0.92729,0.92779,2.33,2.33
2012.01.09 03:54:13.611,0.92726,0.92773,2.33,2.33
2012.01.09 03:54:22.499,0.92726,0.92772,2.33,2.33
2012.01.09 03:54:30.808,0.92729,0.92773,2.33,2.33
2012.01.09 03:54:31.423,0.92731,0.92775,2.33,2.33
2012.01.09 03:54:31.797,0.92731,0.92772,2.33,2.33
2012.01.09 03:54:32.208,0.92731,0.92775,2.33,2.33
2012.01.09 03:54:32.841,0.92729,0.92776,2.33,2.33
2012.01.09 03:54:38.128,0.92734,0.92779,2.33,2.33
2012.01.09 03:54:38.892,0.92738,0.9278,2.33,2.33
2012.01.09 03:54:39.633,0.92732,0.92776,2.33,2.33
2012.01.09 03:54:40.158,0.9273,0.92775,2.33,2.33
2012.01.09 03:54:40.930,0.9273,0.92775,3.08,2.33
2012.01.09 03:54:41.090,0.92739,0.92784,2.33,2.33
2012.01.09 03:54:45.418,0.92738,0.92786,2.33,2.33
2012.01.09 03:54:47.053,0.92733,0.92781,2.33,2.33
2012.01.09 03:54:47.389,0.9273,0.92776,2.33,2.33
2012.01.09 03:54:49.528,0.92733,0.9278,2.33,2.33
2012.01.09 03:54:50.209,0.92734,0.9278,2.33,2.33
2012.01.09 03:54:50.448,0.92729,0.92777,2.33,2.33
2012.01.09 03:54:52.648,0.92725,0.92775,2.33,2.33
2012.01.09 03:54:54.781,0.92725,0.92774,2.33,2.33
2012.01.09 03:55:00.721,0.92726,0.9277,2.33,2.33
2012.01.09 03:55:13.616,0.92727,0.92774,2.33,2.33
2012.01.09 03:55:14.035,0.92729,0.92778,2.33,2.33
2012.01.09 03:55:16.583,0.92729,0.92777,2.33,2.33
2012.01.09 03:55:19.648,0.92734,0.9278,2.33,2.33
2012.01.09 03:55:23.398,0.9273,0.92776,2.33,2.33
2012.01.09 03:55:25.053,0.92728,0.92776,2.33,2.33
2012.01.09 03:55:25.180,0.92725,0.92775,2.33,2.33
2012.01.09 03:55:25.298,0.92729,0.9278,2.33,2.33
2012.01.09 03:55:25.602,0.92728,0.92777,2.33,2.33
2012.01.09 03:55:48.077,0.92729,0.92777,2.33,2.33
2012.01.09 03:56:06.849,0.92729,0.92777,2.33,2.93
2012.01.09 03:56:07.174,0.92727,0.92776,2.33,2.93
2012.01.09 03:56:16.254,0.92729,0.92776,2.33,2.93
2012.01.09 03:56:16.800,0.92729,0.92777,2.33,2.33
2012.01.09 03:56:47.329,0.92725,0.92773,2.33,2.33
2012.01.09 03:56:48.594,0.92727,0.92773,2.33,2.33
2012.01.09 03:56:52.479,0.92736,0.92782,2.33,2.33
2012.01.09 03:56:52.890,0.92732,0.92777,2.33,2.33
2012.01.09 03:56:53.209,0.92737,0.92781,2.33,2.33
2012.01.09 03:56:53.570,0.92742,0.92783,2.33,2.33
2012.01.09 03:56:56.080,0.92736,0.9278,2.33,2.33
2012.01.09 03:56:56.681,0.92736,0.9278,2.33,2.93
2012.01.09 03:56:59.401,0.92733,0.92778,2.33,2.33
2012.01.09 03:56:59.542,0.92729,0.92777,2.33,2.33
2012.01.09 03:57:00.317,0.9273,0.92776,2.33,2.33
2012.01.09 03:57:11.836,0.92733,0.92778,2.33,2.33
2012.01.09 03:57:12.170,0.92733,0.92776,2.33,2.33
2012.01.09 03:57:23.691,0.9273,0.92773,2.33,2.33
2012.01.09 03:57:24.037,0.92733,0.92776,2.33,2.33
2012.01.09 03:57:24.736,0.92734,0.92777,2.33,2.33
2012.01.09 03:57:52.705,0.92734,0.92777,2.33,2.93
2012.01.09 03:57:52.899,0.92729,0.92772,2.33,2.93
2012.01.09 03:57:56.721,0.92723,0.92765,2.33,2.33
2012.01.09 03:57:59.847,0.92724,0.92767,2.33,2.33
2012.01.09 03:58:00.394,0.92727,0.9277,2.33,2.33
2012.01.09 03:58:00.741,0.92729,0.92773,2.33,2.93
2012.01.09 03:58:08.440,0.92729,0.92773,2.33,2.33
2012.01.09 03:58:08.569,0.92731,0.92773,2.33,2.33
2012.01.09 03:58:08.768,0.92731,0.92775,2.33,2.33
2012.01.09 03:58:11.061,0.92727,0.9277,2.33,2.33
2012.01.09 03:58:13.431,0.92727,0.9277,2.33,3.08
2012.01.09 03:58:13.741,0.92714,0.92751,2.33,2.10
2012.01.09 03:58:13.871,0.92704,0.92748,2.33,2.93
2012.01.09 03:58:13.936,0.92704,0.92748,2.93,2.33
2012.01.09 03:58:14.062,0.9271,0.92753,2.33,2.93
2012.01.09 03:58:18.141,0.92705,0.92749,2.33,2.93
2012.01.09 03:58:19.501,0.92704,0.92748,2.33,2.93
2012.01.09 03:58:20.749,0.92706,0.9275,2.33,2.93
2012.01.09 03:58:21.460,0.92703,0.92744,2.33,2.93
2012.01.09 03:58:24.300,0.92706,0.9275,2.33,2.93
2012.01.09 03:58:24.378,0.92706,0.9275,2.33,2.33
2012.01.09 03:58:26.453,0.92706,0.9275,3.08,2.33
2012.01.09 03:58:28.873,0.92706,0.9275,2.33,2.33
2012.01.09 03:58:38.320,0.92702,0.92745,3.08,2.33
2012.01.09 03:58:38.703,0.92709,0.9275,2.33,2.33
2012.01.09 03:58:48.600,0.92706,0.9275,2.33,2.33
2012.01.09 03:59:00.660,0.92706,0.9275,3.08,2.33
2012.01.09 03:59:01.311,0.92712,0.92753,2.33,2.33
2012.01.09 03:59:06.653,0.92709,0.9275,2.33,2.33
2012.01.09 03:59:06.972,0.92711,0.92753,2.33,2.33
2012.01.09 03:59:08.153,0.92709,0.92754,2.33,2.33
2012.01.09 03:59:09.852,0.92714,0.92757,2.33,2.93
2012.01.09 03:59:09.979,0.92719,0.92762,2.33,2.33
2012.01.09 03:59:21.402,0.92713,0.92758,2.33,2.33
2012.01.09 03:59:21.469,0.92713,0.92758,2.33,2.93
2012.01.09 03:59:21.529,0.9271,0.92753,2.33,2.33
2012.01.09 03:59:22.047,0.92711,0.92753,2.33,2.33
2012.01.09 03:59:22.330,0.92706,0.92748,2.33,2.33
2012.01.09 03:59:34.922,0.92706,0.92748,3.08,2.33
2012.01.09 03:59:37.576,0.92706,0.92748,2.33,2.33
2012.01.09 03:59:38.182,0.92706,0.92748,3.08,2.33
2012.01.09 03:59:39.384,0.92706,0.92748,2.33,2.33
2012.01.09 03:59:39.662,0.92704,0.92749,2.33,2.33
2012.01.09 03:59:47.931,0.92705,0.92749,2.33,2.33
2012.01.09 03:59:48.463,0.92706,0.92749,2.33,2.33
2012.01.09 03:59:48.533,0.92704,0.92746,2.33,2.33
2012.01.09 03:59:49.257,0.92702,0.92744,2.33,2.33
