2010.07.07 21:02:07.029,1.00455,1.00545,1.00,3.20
2010.07.07 21:02:10.451,1.00455,1.00555,1.00,3.20
2010.07.07 21:02:14.777,1.0044,1.00545,1.00,1.00
2010.07.07 21:02:18.878,1.0044,1.00545,1.00,1.00
2010.07.07 21:02:19.958,1.0044,1.0055,1.00,1.00
2010.07.07 21:02:20.578,1.0044,1.00545,1.00,1.00
2010.07.07 21:02:20.888,1.0044,1.00545,1.00,1.00
2010.07.07 21:02:25.763,1.0046,1.00545,1.00,1.00
2010.07.07 21:02:26.728,1.0046,1.00545,1.00,2.80
2010.07.07 21:02:27.068,1.0045,1.00535,1.00,1.00
2010.07.07 21:02:27.898,1.0045,1.00545,1.00,1.00
2010.07.07 21:02:34.158,1.0045,1.0053,1.00,1.00
2010.07.07 21:02:44.008,1.0046,1.0054,1.00,1.00
2010.07.07 21:02:44.938,1.00465,1.00545,1.00,1.00
2010.07.07 21:02:53.988,1.0046,1.0054,1.00,1.00
2010.07.07 21:03:06.771,1.00455,1.00535,1.00,1.00
2010.07.07 21:03:15.082,1.0045,1.0053,1.00,1.00
2010.07.07 21:03:19.838,1.00455,1.0053,1.00,1.00
2010.07.07 21:03:20.508,1.00455,1.00535,1.00,1.00
2010.07.07 21:03:33.868,1.0045,1.00535,1.00,1.00
2010.07.07 21:03:53.248,1.0044,1.00525,2.80,1.00
2010.07.07 21:03:53.579,1.0044,1.00525,1.00,1.00
2010.07.07 21:04:24.529,1.00435,1.0052,1.00,1.00
2010.07.07 21:04:36.139,1.00435,1.0053,1.00,1.00
2010.07.07 21:04:54.328,1.00455,1.00535,1.00,1.00
2010.07.07 21:05:08.319,1.0046,1.0054,1.00,1.00
2010.07.07 21:05:08.979,1.00455,1.00535,1.00,1.00
2010.07.07 21:05:16.090,1.00455,1.0052,1.00,1.00
2010.07.07 21:05:16.169,1.00445,1.0052,1.00,1.00
2010.07.07 21:05:16.308,1.00445,1.0051,1.00,2.40
2010.07.07 21:05:16.855,1.0042,1.005,1.00,1.00
2010.07.07 21:05:17.529,1.00425,1.00515,1.00,1.00
2010.07.07 21:06:25.579,1.0044,1.0052,1.00,1.00
2010.07.07 21:07:01.539,1.00425,1.00505,1.00,1.00
2010.07.07 21:07:09.709,1.00445,1.00505,1.00,1.00
2010.07.07 21:07:09.911,1.00445,1.00525,1.00,1.00
2010.07.07 21:07:14.100,1.00435,1.00515,2.80,1.00
2010.07.07 21:07:14.656,1.00435,1.00515,1.00,1.00
2010.07.07 21:07:22.821,1.0043,1.0051,1.00,1.00
2010.07.07 21:07:25.214,1.0044,1.0052,1.00,3.30
2010.07.07 21:07:25.391,1.0044,1.0052,1.00,1.00
2010.07.07 21:07:28.680,1.00445,1.00545,1.00,1.00
2010.07.07 21:07:29.600,1.00445,1.00545,1.00,4.10
2010.07.07 21:07:29.820,1.00435,1.00535,1.00,1.00
2010.07.07 21:07:34.881,1.00435,1.00525,1.00,1.00
2010.07.07 21:07:37.800,1.00435,1.00525,1.00,2.80
2010.07.07 21:07:38.121,1.0043,1.00515,1.00,1.00
2010.07.07 21:08:01.791,1.0043,1.00515,1.60,1.00
2010.07.07 21:08:02.650,1.00435,1.00535,1.00,1.00
2010.07.07 21:08:04.421,1.00435,1.00535,1.60,1.00
2010.07.07 21:08:04.660,1.0044,1.00525,1.00,1.00
2010.07.07 21:08:05.371,1.0044,1.00535,1.00,1.00
2010.07.07 21:08:15.431,1.00435,1.00525,1.00,1.00
2010.07.07 21:08:53.532,1.00435,1.0053,1.00,1.00
2010.07.07 21:09:03.822,1.00435,1.0053,1.60,1.00
2010.07.07 21:09:04.444,1.00445,1.0054,1.00,2.80
2010.07.07 21:09:04.585,1.00445,1.0053,1.00,1.00
2010.07.07 21:09:05.331,1.0045,1.00535,1.00,1.00
2010.07.07 21:09:12.061,1.0045,1.00535,1.60,1.00
2010.07.07 21:09:12.222,1.00455,1.0054,1.00,1.00
2010.07.07 21:09:14.491,1.0045,1.00535,1.00,1.00
2010.07.07 21:09:21.099,1.0045,1.00535,1.60,1.00
2010.07.07 21:09:21.242,1.00455,1.00535,1.00,1.00
2010.07.07 21:09:21.962,1.0045,1.00535,1.60,1.00
2010.07.07 21:09:29.131,1.00455,1.0054,1.00,1.00
2010.07.07 21:09:54.501,1.00455,1.0054,1.60,1.00
2010.07.07 21:09:57.751,1.00455,1.0054,1.00,1.00
2010.07.07 21:10:02.052,1.00455,1.0054,1.00,1.00
2010.07.07 21:10:08.782,1.0045,1.00535,1.00,1.00
2010.07.07 21:10:11.121,1.0045,1.0053,1.00,1.00
2010.07.07 21:10:11.786,1.0045,1.0053,1.20,1.00
2010.07.07 21:10:12.064,1.00455,1.00535,1.00,1.00
2010.07.07 21:10:13.082,1.00455,1.00535,1.20,1.00
2010.07.07 21:10:13.424,1.0046,1.0054,1.00,1.00
2010.07.07 21:10:14.776,1.0046,1.0054,1.20,1.00
2010.07.07 21:10:14.942,1.0046,1.0054,1.00,1.00
2010.07.07 21:10:15.102,1.00465,1.00545,1.00,1.00
2010.07.07 21:10:16.901,1.0046,1.00545,1.00,1.00
2010.07.07 21:10:17.082,1.0046,1.0054,1.00,1.00
2010.07.07 21:11:09.597,1.00455,1.00535,1.00,1.00
2010.07.07 21:12:12.702,1.0045,1.0053,2.10,1.00
2010.07.07 21:12:12.932,1.0045,1.0053,1.00,1.00
2010.07.07 21:12:13.122,1.0045,1.0053,1.60,1.00
2010.07.07 21:12:16.522,1.0045,1.0053,2.30,1.00
2010.07.07 21:12:16.672,1.00455,1.00535,1.00,1.00
2010.07.07 21:12:26.902,1.0045,1.0053,2.20,1.00
2010.07.07 21:12:29.912,1.0045,1.0053,2.20,3.00
2010.07.07 21:12:30.675,1.0042,1.005,1.70,1.00
2010.07.07 21:12:32.322,1.0042,1.005,2.00,1.00
2010.07.07 21:12:33.030,1.0042,1.005,2.00,1.00
2010.07.07 21:12:33.491,1.0042,1.005,1.60,1.00
2010.07.07 21:12:33.952,1.0042,1.005,1.70,1.00
2010.07.07 21:12:34.642,1.0042,1.005,2.30,1.00
2010.07.07 21:12:35.931,1.0042,1.005,2.10,1.00
2010.07.07 21:12:36.662,1.0042,1.005,2.00,1.00
2010.07.07 21:12:37.016,1.0042,1.005,2.30,1.00
2010.07.07 21:12:38.193,1.0042,1.005,1.50,1.00
2010.07.07 21:12:38.731,1.0042,1.005,2.20,1.00
2010.07.07 21:12:39.002,1.0042,1.005,2.30,1.00
2010.07.07 21:12:43.423,1.00415,1.005,1.00,1.00
2010.07.07 21:12:44.055,1.00415,1.005,1.50,1.00
2010.07.07 21:12:44.472,1.0043,1.00505,1.60,1.00
2010.07.07 21:12:47.893,1.0043,1.0051,2.30,1.00
2010.07.07 21:12:49.397,1.0043,1.00505,1.60,1.00
2010.07.07 21:12:52.122,1.0043,1.005,1.60,1.00
2010.07.07 21:12:52.322,1.00415,1.005,1.50,1.00
2010.07.07 21:12:52.523,1.0042,1.005,1.00,1.00
2010.07.07 21:12:53.612,1.00415,1.005,1.00,1.00
2010.07.07 21:12:54.333,1.00435,1.0052,1.00,2.50
2010.07.07 21:12:56.082,1.0044,1.0052,1.00,1.60
2010.07.07 21:12:58.923,1.0044,1.0052,1.00,2.40
2010.07.07 21:12:59.064,1.00415,1.005,1.00,1.00
2010.07.07 21:12:59.212,1.00425,1.005,2.40,1.00
2010.07.07 21:12:59.543,1.00415,1.005,1.00,1.00
2010.07.07 21:12:59.872,1.00415,1.005,3.20,1.00
2010.07.07 21:13:00.573,1.00415,1.005,1.00,1.00
2010.07.07 21:13:02.744,1.0043,1.0051,1.00,1.00
2010.07.07 21:13:07.483,1.00425,1.005,1.00,1.70
2010.07.07 21:13:14.713,1.00435,1.00505,1.00,1.70
2010.07.07 21:13:16.186,1.00435,1.00505,1.00,1.00
2010.07.07 21:13:19.563,1.00425,1.005,1.00,1.70
2010.07.07 21:13:20.124,1.00425,1.005,1.50,1.00
2010.07.07 21:13:27.292,1.0043,1.0051,1.00,1.30
2010.07.07 21:13:29.228,1.00435,1.0051,1.00,1.00
2010.07.07 21:13:29.755,1.00435,1.0052,1.00,2.40
2010.07.07 21:13:29.914,1.00435,1.0053,1.00,1.00
2010.07.07 21:13:31.083,1.00435,1.0052,1.00,1.00
2010.07.07 21:13:48.772,1.00435,1.0052,1.00,3.00
2010.07.07 21:13:48.882,1.0043,1.0051,1.00,1.00
2010.07.07 21:14:48.794,1.0043,1.00495,1.00,1.00
2010.07.07 21:14:49.093,1.0043,1.0049,1.00,2.40
2010.07.07 21:14:49.433,1.00405,1.0048,1.60,1.00
2010.07.07 21:14:52.133,1.004,1.00475,1.60,1.00
2010.07.07 21:14:58.613,1.004,1.0047,1.60,1.60
2010.07.07 21:14:59.172,1.004,1.00465,1.60,1.60
2010.07.07 21:15:04.583,1.004,1.00465,1.60,2.50
2010.07.07 21:15:04.803,1.004,1.00465,1.60,1.60
2010.07.07 21:15:05.930,1.00395,1.0046,1.60,1.60
2010.07.07 21:15:12.673,1.004,1.00465,1.60,1.60
2010.07.07 21:15:20.098,1.00395,1.00465,1.60,1.60
2010.07.07 21:15:20.513,1.00395,1.0046,1.60,1.60
2010.07.07 21:15:23.983,1.004,1.00465,1.60,1.60
2010.07.07 21:15:36.363,1.00395,1.0046,1.60,1.60
2010.07.07 21:15:36.583,1.004,1.00465,1.60,1.60
2010.07.07 21:15:56.778,1.004,1.00465,1.00,1.00
2010.07.07 21:15:59.292,1.004,1.00465,1.00,1.70
2010.07.07 21:15:59.533,1.00395,1.0046,1.00,1.00
2010.07.07 21:16:35.352,1.004,1.00465,1.00,1.00
2010.07.07 21:16:46.533,1.00395,1.0046,1.00,1.00
2010.07.07 21:17:20.812,1.00395,1.0046,1.60,1.00
2010.07.07 21:17:21.004,1.004,1.00485,1.00,1.00
2010.07.07 21:17:26.362,1.004,1.0048,1.00,1.00
2010.07.07 21:17:26.503,1.00395,1.00475,1.50,1.00
2010.07.07 21:17:26.642,1.00395,1.0047,1.50,1.00
2010.07.07 21:17:26.783,1.00395,1.0047,1.00,1.30
2010.07.07 21:17:27.813,1.00395,1.0047,1.50,1.00
2010.07.07 21:17:30.362,1.004,1.0047,1.00,1.00
2010.07.07 21:17:34.263,1.00395,1.0047,1.50,1.00
2010.07.07 21:17:44.733,1.004,1.0047,1.00,1.00
2010.07.07 21:17:44.973,1.00405,1.0047,1.00,1.00
2010.07.07 21:17:45.568,1.00405,1.0048,1.00,1.00
2010.07.07 21:17:51.109,1.00405,1.00485,1.00,1.00
2010.07.07 21:17:54.663,1.004,1.0048,1.00,1.00
2010.07.07 21:17:55.772,1.00405,1.0048,2.40,1.00
2010.07.07 21:17:56.053,1.0042,1.00495,1.00,1.00
2010.07.07 21:17:56.704,1.0042,1.005,1.00,1.30
2010.07.07 21:18:02.203,1.00415,1.005,1.50,1.30
2010.07.07 21:18:06.863,1.0042,1.005,1.00,1.30
2010.07.07 21:18:09.103,1.00415,1.005,1.50,1.30
2010.07.07 21:18:11.006,1.0042,1.005,1.00,1.30
2010.07.07 21:18:11.164,1.00415,1.005,1.50,1.30
2010.07.07 21:18:13.723,1.0042,1.005,1.00,1.30
2010.07.07 21:18:14.753,1.00415,1.005,1.50,1.30
2010.07.07 21:18:15.093,1.00415,1.00495,1.00,1.00
2010.07.07 21:18:16.099,1.00415,1.00495,1.50,1.00
2010.07.07 21:18:22.931,1.00415,1.00495,1.00,1.00
2010.07.07 21:18:32.573,1.0042,1.005,1.00,1.30
2010.07.07 21:18:33.353,1.00415,1.00495,1.00,1.00
2010.07.07 21:19:22.903,1.00405,1.0049,1.00,1.00
2010.07.07 21:19:23.063,1.0039,1.00485,1.00,1.00
2010.07.07 21:19:23.143,1.0039,1.00485,1.50,1.00
2010.07.07 21:19:23.223,1.0039,1.00485,4.00,1.00
2010.07.07 21:19:23.303,1.00405,1.0049,1.00,1.00
2010.07.07 21:19:23.469,1.004,1.00485,1.00,1.00
2010.07.07 21:19:23.553,1.00395,1.00485,1.00,1.00
2010.07.07 21:19:24.317,1.004,1.00485,1.00,1.00
2010.07.07 21:19:24.654,1.0039,1.00485,1.50,1.00
2010.07.07 21:19:24.993,1.00395,1.00485,1.00,1.00
2010.07.07 21:19:25.382,1.0039,1.00485,1.50,1.00
2010.07.07 21:19:25.513,1.00395,1.00485,1.00,1.00
2010.07.07 21:19:25.643,1.004,1.00485,1.00,1.00
2010.07.07 21:19:27.452,1.0039,1.00485,1.00,1.00
2010.07.07 21:19:27.543,1.0039,1.00485,3.20,1.00
2010.07.07 21:19:28.123,1.0039,1.00485,1.00,1.00
2010.07.07 21:19:28.292,1.0039,1.00485,1.50,1.00
2010.07.07 21:19:28.463,1.004,1.00485,1.00,1.00
2010.07.07 21:19:28.633,1.0039,1.00485,1.50,1.00
2010.07.07 21:19:28.803,1.004,1.00485,1.00,1.00
2010.07.07 21:19:29.143,1.0039,1.00485,1.50,1.00
2010.07.07 21:19:29.484,1.0039,1.00485,3.20,1.00
2010.07.07 21:19:30.251,1.00395,1.00485,1.00,1.00
2010.07.07 21:19:30.394,1.004,1.00485,1.00,1.00
2010.07.07 21:19:30.534,1.0039,1.00485,1.00,1.00
2010.07.07 21:19:30.673,1.0039,1.00485,1.50,1.00
2010.07.07 21:19:30.813,1.00395,1.00485,1.00,1.00
2010.07.07 21:19:30.954,1.004,1.00485,1.00,1.00
2010.07.07 21:19:31.233,1.0039,1.00485,1.50,1.00
2010.07.07 21:19:31.374,1.004,1.00485,1.00,1.00
2010.07.07 21:19:31.704,1.0039,1.00485,4.00,1.00
2010.07.07 21:19:32.524,1.004,1.00485,1.00,1.00
2010.07.07 21:19:32.743,1.0039,1.00485,4.00,1.00
2010.07.07 21:19:32.963,1.004,1.00485,1.00,1.00
2010.07.07 21:19:33.183,1.0039,1.00485,1.00,1.00
2010.07.07 21:19:33.403,1.00395,1.0048,1.00,1.00
2010.07.07 21:19:33.623,1.00395,1.00475,1.00,1.00
2010.07.07 21:19:33.842,1.00395,1.0047,1.00,1.30
2010.07.07 21:19:34.283,1.0039,1.0047,1.00,1.30
2010.07.07 21:19:34.504,1.00395,1.0046,1.00,1.00
2010.07.07 21:19:35.223,1.00385,1.0046,1.00,1.70
2010.07.07 21:20:30.375,1.00355,1.00435,1.00,1.00
2010.07.07 21:20:34.183,1.00345,1.0043,1.50,1.00
2010.07.07 21:20:34.723,1.00355,1.00435,1.00,1.00
2010.07.07 21:20:37.289,1.00355,1.00435,1.00,1.70
2010.07.07 21:20:38.003,1.0038,1.00435,1.00,1.00
2010.07.07 21:20:38.283,1.0038,1.00455,1.00,1.00
2010.07.07 21:20:38.972,1.0038,1.0046,1.00,1.70
2010.07.07 21:20:42.583,1.0037,1.0043,2.40,1.00
2010.07.07 21:20:42.783,1.00365,1.0043,1.50,1.00
2010.07.07 21:20:52.885,1.00355,1.00415,1.00,1.00
2010.07.07 21:20:53.973,1.0036,1.0043,1.00,1.00
2010.07.07 21:20:54.628,1.0036,1.0043,1.50,1.00
2010.07.07 21:20:55.352,1.0037,1.0044,1.50,1.00
2010.07.07 21:20:55.833,1.00375,1.00445,1.00,1.00
2010.07.07 21:20:56.153,1.00375,1.00445,1.50,1.00
2010.07.07 21:20:57.545,1.00365,1.0043,1.50,1.00
2010.07.07 21:21:01.994,1.00345,1.00405,1.00,1.00
2010.07.07 21:21:04.403,1.00345,1.00415,1.50,1.00
2010.07.07 21:21:05.560,1.00345,1.00415,1.00,1.70
2010.07.07 21:21:05.676,1.00345,1.00415,1.50,1.00
2010.07.07 21:21:15.273,1.00345,1.00405,1.00,1.00
2010.07.07 21:21:24.541,1.0035,1.00405,1.00,1.00
2010.07.07 21:21:24.643,1.00355,1.0043,1.00,1.70
2010.07.07 21:21:24.747,1.0036,1.0043,1.00,1.00
2010.07.07 21:21:34.523,1.00365,1.00435,1.00,1.00
2010.07.07 21:21:50.929,1.00355,1.0043,1.50,1.00
2010.07.07 21:21:54.344,1.00355,1.0043,1.00,1.00
2010.07.07 21:21:55.664,1.0035,1.0043,1.00,1.00
2010.07.07 21:21:57.664,1.0034,1.00425,1.00,1.30
2010.07.07 21:22:01.285,1.0035,1.00425,1.00,1.00
2010.07.07 21:22:01.583,1.0035,1.0043,1.00,1.00
2010.07.07 21:22:03.513,1.00355,1.0043,1.00,1.00
2010.07.07 21:22:05.663,1.00355,1.00435,1.00,1.00
2010.07.07 21:22:05.764,1.0036,1.0045,1.00,1.00
2010.07.07 21:22:05.863,1.00365,1.0044,1.00,1.00
2010.07.07 21:22:06.783,1.00355,1.00445,1.50,1.00
2010.07.07 21:22:14.563,1.00355,1.00445,1.00,1.00
2010.07.07 21:22:19.063,1.00355,1.0043,1.00,1.00
2010.07.07 21:22:31.313,1.00355,1.0044,1.00,1.00
2010.07.07 21:22:31.434,1.00355,1.00445,1.00,1.00
2010.07.07 21:22:37.735,1.0034,1.00425,1.00,1.00
2010.07.07 21:22:59.438,1.0034,1.0043,1.00,1.00
2010.07.07 21:23:02.138,1.0034,1.00435,1.50,1.00
2010.07.07 21:23:20.003,1.00345,1.0044,1.00,1.00
2010.07.07 21:23:56.404,1.0034,1.0042,1.50,1.00
2010.07.07 21:24:13.704,1.0034,1.00425,1.50,1.30
2010.07.07 21:24:40.887,1.0035,1.00425,1.00,1.30
2010.07.07 21:24:43.593,1.0034,1.00425,1.50,1.30
2010.07.07 21:24:45.233,1.0035,1.00425,1.00,1.30
2010.07.07 21:24:47.831,1.0035,1.00425,1.00,1.00
2010.07.07 21:24:48.894,1.0035,1.00425,1.00,1.30
2010.07.07 21:24:51.193,1.0035,1.00425,1.00,1.00
2010.07.07 21:24:52.644,1.0035,1.00425,1.00,1.30
2010.07.07 21:24:54.165,1.0035,1.00425,1.00,1.00
2010.07.07 21:24:56.004,1.0035,1.00425,1.50,1.00
2010.07.07 21:24:56.661,1.00365,1.00445,1.00,1.00
2010.07.07 21:25:09.604,1.00365,1.0045,1.00,2.10
2010.07.07 21:25:11.705,1.00365,1.0045,1.00,1.30
2010.07.07 21:25:15.464,1.0037,1.0045,1.00,1.00
2010.07.07 21:25:16.245,1.00375,1.0045,1.00,1.00
2010.07.07 21:25:22.038,1.0037,1.0045,1.00,1.30
2010.07.07 21:25:23.843,1.00365,1.0044,1.50,1.00
2010.07.07 21:26:00.423,1.0036,1.0044,1.00,1.70
2010.07.07 21:26:34.134,1.00365,1.0044,1.50,1.00
2010.07.07 21:27:02.634,1.00365,1.0044,1.00,1.70
2010.07.07 21:27:02.855,1.00365,1.0043,1.00,1.00
2010.07.07 21:27:20.654,1.00355,1.0043,1.00,1.30
2010.07.07 21:27:24.814,1.00355,1.00425,1.00,1.00
2010.07.07 21:27:28.966,1.00355,1.00405,1.00,1.00
2010.07.07 21:27:29.285,1.003,1.00395,1.00,2.40
2010.07.07 21:27:29.603,1.003,1.004,3.20,2.40
2010.07.07 21:27:30.190,1.0031,1.004,1.00,2.40
2010.07.07 21:27:31.005,1.0031,1.00395,1.00,1.00
2010.07.07 21:27:37.874,1.0031,1.00395,1.00,1.60
2010.07.07 21:27:39.024,1.0031,1.0039,1.00,1.00
2010.07.07 21:27:39.354,1.0031,1.00385,1.00,1.00
2010.07.07 21:27:41.794,1.00295,1.00385,2.40,1.00
2010.07.07 21:27:48.074,1.003,1.00385,1.00,1.20
2010.07.07 21:27:50.816,1.003,1.0038,1.00,1.00
2010.07.07 21:27:51.094,1.003,1.00355,1.00,1.00
2010.07.07 21:27:51.234,1.003,1.00385,1.00,1.20
2010.07.07 21:27:53.112,1.003,1.00385,1.00,2.00
2010.07.07 21:27:53.447,1.00295,1.00365,1.00,1.00
2010.07.07 21:27:54.223,1.003,1.00385,1.00,1.20
2010.07.07 21:28:03.346,1.003,1.00385,1.00,2.00
2010.07.07 21:28:03.756,1.00295,1.00365,1.00,1.00
2010.07.07 21:28:04.134,1.003,1.00385,1.00,1.20
2010.07.07 21:28:04.514,1.003,1.00365,1.00,1.00
2010.07.07 21:28:04.705,1.00305,1.0039,1.00,1.00
2010.07.07 21:29:14.925,1.0031,1.0041,1.00,1.00
2010.07.07 21:29:15.433,1.0031,1.00415,1.00,1.00
2010.07.07 21:29:16.314,1.0031,1.0041,1.00,1.00
2010.07.07 21:29:16.505,1.0031,1.00405,1.00,1.00
2010.07.07 21:29:30.585,1.00315,1.0041,1.00,1.20
2010.07.07 21:30:16.337,1.00315,1.0041,1.00,3.60
2010.07.07 21:30:16.486,1.00315,1.004,1.00,1.20
2010.07.07 21:30:16.634,1.0031,1.0039,1.00,1.00
2010.07.07 21:30:37.119,1.0031,1.0039,1.00,2.80
2010.07.07 21:30:37.205,1.00295,1.0038,1.00,1.00
2010.07.07 21:30:37.384,1.0031,1.0039,1.00,1.20
2010.07.07 21:30:37.564,1.0031,1.0039,1.00,1.00
2010.07.07 21:31:00.586,1.00315,1.00395,1.00,1.20
2010.07.07 21:31:05.724,1.0031,1.0039,1.00,1.00
2010.07.07 21:31:13.321,1.00305,1.0039,1.00,1.00
2010.07.07 21:31:23.405,1.0031,1.0039,1.00,1.00
2010.07.07 21:31:33.534,1.00305,1.0039,1.00,1.00
2010.07.07 21:31:42.684,1.0031,1.00395,1.00,1.20
2010.07.07 21:31:42.884,1.00315,1.00395,1.00,1.00
2010.07.07 21:31:43.085,1.0032,1.00395,1.00,1.00
2010.07.07 21:31:43.185,1.0032,1.00405,1.00,1.00
2010.07.07 21:31:53.737,1.00325,1.00405,1.00,1.00
2010.07.07 21:32:13.115,1.0033,1.0041,1.00,1.00
2010.07.07 21:32:13.224,1.0033,1.0041,1.60,1.00
2010.07.07 21:32:33.016,1.0033,1.0041,1.00,1.00
2010.07.07 21:32:33.185,1.00325,1.00405,1.00,1.00
2010.07.07 21:32:46.446,1.0033,1.00405,1.00,1.00
2010.07.07 21:32:46.724,1.0033,1.0041,1.60,1.00
2010.07.07 21:33:22.965,1.00325,1.00405,1.00,1.00
2010.07.07 21:34:18.215,1.0033,1.0041,1.60,1.00
2010.07.07 21:34:22.818,1.00335,1.00415,1.00,1.20
2010.07.07 21:34:26.246,1.0033,1.0041,1.00,1.00
2010.07.07 21:34:26.445,1.00325,1.00405,1.00,1.00
2010.07.07 21:34:29.305,1.0033,1.0041,1.00,1.00
2010.07.07 21:34:30.395,1.00335,1.00415,1.00,1.20
2010.07.07 21:34:47.635,1.00335,1.00415,1.00,1.00
2010.07.07 21:34:51.864,1.0033,1.0041,1.00,1.00
2010.07.07 21:34:58.545,1.0034,1.00415,1.00,1.20
2010.07.07 21:34:59.876,1.0033,1.0041,1.00,1.00
2010.07.07 21:35:00.006,1.0033,1.0041,1.60,1.00
2010.07.07 21:35:14.120,1.00335,1.00415,1.00,1.00
2010.07.07 21:35:14.238,1.00335,1.00425,1.00,1.00
2010.07.07 21:35:14.446,1.0033,1.00415,1.20,1.00
2010.07.07 21:35:14.785,1.00335,1.00425,1.00,1.60
2010.07.07 21:35:15.126,1.0033,1.00415,1.20,1.00
2010.07.07 21:35:16.106,1.00335,1.0042,1.00,1.00
2010.07.07 21:35:20.266,1.00335,1.00415,1.00,1.60
2010.07.07 21:35:20.445,1.00335,1.0041,1.00,1.00
2010.07.07 21:35:20.625,1.0033,1.00405,1.00,1.00
2010.07.07 21:35:20.805,1.00335,1.0041,1.00,1.00
2010.07.07 21:35:20.985,1.0033,1.00405,1.00,1.00
2010.07.07 21:35:21.165,1.00335,1.00405,1.00,1.00
2010.07.07 21:35:21.678,1.00335,1.0041,1.00,1.00
2010.07.07 21:35:22.018,1.0033,1.00405,1.00,1.00
2010.07.07 21:35:22.355,1.00335,1.0041,1.00,1.00
2010.07.07 21:35:22.616,1.0033,1.00405,1.00,1.00
2010.07.07 21:35:22.876,1.00335,1.0041,1.00,1.00
2010.07.07 21:35:23.145,1.00335,1.00405,1.00,1.00
2010.07.07 21:35:23.345,1.00335,1.0041,1.00,1.00
2010.07.07 21:35:24.047,1.0033,1.00405,1.00,1.00
2010.07.07 21:35:24.145,1.0033,1.0041,1.00,1.00
2010.07.07 21:35:24.397,1.00335,1.00405,1.00,1.00
2010.07.07 21:35:24.896,1.0033,1.00405,1.00,1.00
2010.07.07 21:35:25.394,1.00335,1.00405,1.00,1.00
2010.07.07 21:35:25.616,1.0033,1.00405,1.00,1.00
2010.07.07 21:35:25.836,1.00335,1.0041,1.00,1.00
2010.07.07 21:35:26.532,1.0033,1.00405,1.00,1.00
2010.07.07 21:35:26.800,1.00335,1.00415,1.00,1.00
2010.07.07 21:35:30.616,1.0033,1.00405,1.20,1.00
2010.07.07 21:35:30.965,1.0033,1.00415,1.20,1.20
2010.07.07 21:35:31.129,1.00335,1.00415,1.00,1.20
2010.07.07 21:35:31.204,1.00335,1.00415,1.00,1.00
2010.07.07 21:35:33.306,1.00335,1.00415,1.00,1.60
2010.07.07 21:35:36.866,1.00335,1.00415,1.00,1.00
2010.07.07 21:35:37.045,1.00335,1.00425,1.00,1.00
2010.07.07 21:35:37.698,1.00335,1.0042,1.00,1.00
2010.07.07 21:35:37.885,1.00335,1.00425,1.00,1.20
2010.07.07 21:35:38.116,1.00335,1.0042,1.00,1.00
2010.07.07 21:35:38.806,1.00335,1.0043,1.00,2.40
2010.07.07 21:35:39.026,1.00335,1.0042,1.00,1.00
2010.07.07 21:35:40.867,1.00335,1.00425,1.00,1.00
2010.07.07 21:35:41.576,1.00335,1.0042,1.00,1.00
2010.07.07 21:35:41.915,1.00335,1.00425,1.00,1.60
2010.07.07 21:35:42.255,1.00335,1.0042,1.00,1.00
2010.07.07 21:35:42.936,1.00335,1.00425,1.00,1.00
2010.07.07 21:35:43.095,1.00335,1.00425,1.00,1.20
2010.07.07 21:35:43.254,1.00335,1.0043,1.00,4.90
2010.07.07 21:35:43.415,1.00335,1.00425,1.00,1.00
2010.07.07 21:35:43.915,1.00335,1.0043,1.00,2.40
2010.07.07 21:35:44.056,1.00335,1.0042,1.00,1.00
2010.07.07 21:35:44.475,1.00335,1.00425,1.00,1.00
2010.07.07 21:35:44.755,1.00335,1.0042,1.00,1.00
2010.07.07 21:35:44.895,1.00335,1.00425,1.00,1.00
2010.07.07 21:35:45.035,1.00335,1.00425,1.00,1.60
2010.07.07 21:35:45.375,1.00335,1.0042,1.00,1.00
2010.07.07 21:35:46.357,1.00335,1.0043,1.00,2.40
2010.07.07 21:35:46.557,1.00335,1.0042,1.00,1.00
2010.07.07 21:35:46.945,1.00335,1.00425,1.00,1.00
2010.07.07 21:35:47.135,1.00335,1.00425,1.00,2.00
2010.07.07 21:35:47.325,1.00335,1.0043,1.00,2.40
2010.07.07 21:35:47.666,1.00335,1.0042,1.00,1.00
2010.07.07 21:35:48.376,1.00335,1.0043,1.00,2.40
2010.07.07 21:35:48.494,1.00335,1.0043,1.00,4.90
2010.07.07 21:35:48.554,1.00335,1.0042,1.00,1.00
2010.07.07 21:35:49.095,1.00335,1.00425,1.00,1.00
2010.07.07 21:35:49.154,1.00335,1.0043,1.00,2.40
2010.07.07 21:35:49.214,1.00335,1.00425,1.00,1.00
2010.07.07 21:35:49.334,1.00335,1.0042,1.00,1.00
2010.07.07 21:35:50.276,1.00335,1.00425,1.00,1.20
2010.07.07 21:35:50.616,1.00335,1.00425,1.00,1.00
2010.07.07 21:35:50.795,1.00335,1.00425,1.00,2.00
2010.07.07 21:35:50.975,1.00335,1.00425,1.00,1.20
2010.07.07 21:35:51.156,1.00335,1.00425,1.00,1.00
2010.07.07 21:35:51.334,1.00335,1.00425,1.00,1.60
2010.07.07 21:35:51.516,1.00335,1.0042,1.00,1.00
2010.07.07 21:35:51.695,1.00335,1.00425,1.00,1.00
2010.07.07 21:35:51.995,1.00335,1.0042,1.00,1.00
2010.07.07 21:35:52.295,1.00335,1.00425,1.00,1.60
2010.07.07 21:35:53.105,1.00335,1.00415,1.00,1.20
2010.07.07 21:35:56.315,1.00335,1.00425,1.00,1.00
2010.07.07 21:35:56.607,1.00335,1.0042,1.00,1.00
2010.07.07 21:35:57.052,1.00335,1.00425,1.00,1.00
2010.07.07 21:35:57.156,1.00335,1.0042,1.00,1.00
2010.07.07 21:35:57.265,1.00335,1.00425,1.00,1.00
2010.07.07 21:35:57.374,1.00335,1.00425,1.00,1.20
2010.07.07 21:35:57.485,1.00335,1.0042,1.00,1.00
2010.07.07 21:35:57.595,1.00335,1.00425,1.00,1.00
2010.07.07 21:35:57.816,1.00335,1.0042,1.00,1.00
2010.07.07 21:35:58.035,1.00335,1.00425,1.00,1.00
2010.07.07 21:35:58.386,1.00335,1.0042,1.00,1.00
2010.07.07 21:35:58.625,1.00335,1.00425,1.00,1.20
2010.07.07 21:35:59.482,1.00335,1.0042,1.00,1.00
2010.07.07 21:35:59.786,1.00335,1.00425,1.00,1.20
2010.07.07 21:36:00.086,1.00335,1.0042,1.00,1.00
2010.07.07 21:36:00.915,1.00335,1.00415,1.00,1.20
2010.07.07 21:36:11.885,1.00335,1.00415,1.00,1.00
2010.07.07 21:36:17.545,1.0033,1.00405,1.20,1.00
2010.07.07 21:36:21.145,1.0033,1.00415,1.20,1.20
2010.07.07 21:36:21.346,1.00335,1.00415,1.00,1.00
2010.07.07 21:36:35.386,1.0033,1.00405,1.20,1.00
2010.07.07 21:36:35.575,1.00335,1.00415,1.00,1.00
2010.07.07 21:36:35.826,1.0033,1.00405,1.20,1.00
2010.07.07 21:36:36.075,1.00335,1.00415,1.00,1.20
2010.07.07 21:36:36.326,1.00335,1.00415,1.00,1.00
2010.07.07 21:36:40.315,1.00335,1.00405,1.00,1.00
2010.07.07 21:36:40.515,1.00335,1.00415,1.00,1.20
2010.07.07 21:36:40.716,1.0033,1.00405,1.20,1.00
2010.07.07 21:36:41.016,1.00335,1.00415,1.00,1.00
2010.07.07 21:36:41.315,1.0033,1.00405,1.20,1.00
2010.07.07 21:36:41.616,1.00335,1.00415,1.00,1.00
2010.07.07 21:36:41.815,1.0033,1.00405,1.20,1.00
2010.07.07 21:36:42.016,1.00335,1.00415,1.00,1.00
2010.07.07 21:36:42.895,1.0033,1.00405,1.20,1.00
2010.07.07 21:36:43.005,1.00335,1.00415,1.00,1.00
2010.07.07 21:36:43.225,1.0033,1.00415,1.20,1.20
2010.07.07 21:36:43.334,1.0033,1.00405,1.20,1.00
2010.07.07 21:36:43.445,1.00335,1.00405,1.00,1.00
2010.07.07 21:36:43.554,1.00335,1.00415,1.00,1.00
2010.07.07 21:36:44.615,1.0033,1.00405,1.20,1.00
2010.07.07 21:36:52.614,1.00335,1.00405,1.00,1.00
2010.07.07 21:36:53.135,1.0034,1.00415,1.00,1.00
2010.07.07 21:36:53.316,1.00335,1.00405,1.00,1.00
2010.07.07 21:36:53.495,1.00335,1.00415,1.00,1.00
2010.07.07 21:36:54.566,1.0034,1.00415,1.00,1.00
2010.07.07 21:36:54.815,1.00335,1.00405,1.00,1.00
2010.07.07 21:36:55.066,1.0034,1.00415,1.00,1.00
2010.07.07 21:36:55.315,1.00335,1.00415,1.00,1.00
2010.07.07 21:36:55.565,1.0034,1.00405,1.00,1.00
2010.07.07 21:36:55.815,1.00335,1.00405,1.00,1.00
2010.07.07 21:36:56.066,1.0034,1.00415,1.00,1.00
2010.07.07 21:36:56.315,1.0034,1.00405,1.00,1.00
2010.07.07 21:36:57.106,1.0034,1.00415,1.00,1.00
2010.07.07 21:36:57.405,1.00335,1.00405,1.00,1.00
2010.07.07 21:36:57.605,1.00335,1.00415,1.00,1.00
2010.07.07 21:36:57.805,1.00335,1.00405,1.00,1.00
2010.07.07 21:36:58.105,1.0034,1.00405,1.00,1.00
2010.07.07 21:36:58.205,1.0034,1.00415,1.00,1.00
2010.07.07 21:36:58.386,1.00335,1.00415,1.00,1.00
2010.07.07 21:36:58.566,1.0034,1.00405,1.00,1.00
2010.07.07 21:36:58.745,1.0034,1.00415,1.00,1.00
2010.07.07 21:36:58.925,1.00335,1.00405,1.00,1.00
2010.07.07 21:36:59.105,1.00335,1.00415,1.00,1.00
2010.07.07 21:36:59.730,1.0034,1.00415,1.00,1.00
2010.07.07 21:36:59.966,1.0034,1.00405,1.00,1.00
2010.07.07 21:37:00.195,1.0034,1.00415,1.00,1.00
2010.07.07 21:37:00.428,1.00335,1.00405,1.00,1.00
2010.07.07 21:37:00.695,1.0034,1.00415,1.00,1.00
2010.07.07 21:37:00.825,1.00335,1.00405,1.00,1.00
2010.07.07 21:37:01.085,1.0034,1.00415,1.00,1.00
2010.07.07 21:37:01.756,1.00335,1.00415,1.00,1.00
2010.07.07 21:37:02.077,1.00335,1.00405,1.00,1.00
2010.07.07 21:37:02.716,1.00335,1.00415,1.00,1.00
2010.07.07 21:37:02.946,1.0033,1.00405,1.20,1.00
2010.07.07 21:37:03.176,1.00335,1.00415,1.00,1.00
2010.07.07 21:37:03.406,1.0033,1.00405,1.20,1.00
2010.07.07 21:37:03.636,1.00335,1.00415,1.00,1.00
2010.07.07 21:37:04.280,1.0033,1.00405,1.20,1.00
2010.07.07 21:37:04.615,1.00335,1.00415,1.00,1.00
2010.07.07 21:37:04.835,1.0033,1.00405,1.20,1.00
2010.07.07 21:37:05.054,1.0033,1.00415,1.20,1.20
2010.07.07 21:37:05.276,1.00335,1.00405,1.00,1.00
2010.07.07 21:37:05.626,1.00335,1.00415,1.00,1.00
2010.07.07 21:37:06.104,1.0033,1.00405,1.20,1.00
2010.07.07 21:37:10.945,1.00335,1.00415,1.00,1.00
2010.07.07 21:37:12.067,1.00335,1.0041,1.00,1.00
2010.07.07 21:37:14.715,1.00335,1.00415,1.00,1.00
2010.07.07 21:37:15.872,1.0033,1.00415,1.20,1.20
2010.07.07 21:37:16.315,1.00335,1.00415,1.00,1.00
2010.07.07 21:37:16.425,1.00335,1.00405,1.00,1.00
2010.07.07 21:37:16.536,1.0033,1.00405,1.20,1.00
2010.07.07 21:37:16.876,1.00335,1.00405,1.00,1.00
2010.07.07 21:37:17.726,1.00335,1.00415,1.00,1.00
2010.07.07 21:37:18.067,1.0033,1.00415,1.20,1.20
2010.07.07 21:37:18.205,1.00335,1.00415,1.00,1.00
2010.07.07 21:37:18.345,1.00335,1.00405,1.00,1.00
2010.07.07 21:37:18.486,1.0033,1.00415,1.20,1.20
2010.07.07 21:37:19.069,1.00335,1.00415,1.00,1.00
2010.07.07 21:37:19.327,1.00335,1.00405,1.00,1.00
2010.07.07 21:37:19.576,1.0033,1.00415,1.20,1.20
2010.07.07 21:37:19.825,1.00335,1.00415,1.00,1.00
2010.07.07 21:37:21.175,1.00335,1.00405,1.00,1.00
2010.07.07 21:37:21.395,1.0033,1.00415,1.20,1.20
2010.07.07 21:37:22.328,1.0033,1.00405,1.20,1.00
2010.07.07 21:37:22.576,1.00335,1.00415,1.00,1.00
2010.07.07 21:37:22.675,1.0033,1.00415,1.20,1.20
2010.07.07 21:37:22.774,1.0033,1.00405,1.20,1.00
2010.07.07 21:37:22.876,1.00335,1.00405,1.00,1.00
2010.07.07 21:37:22.975,1.00335,1.00415,1.00,1.20
2010.07.07 21:37:23.075,1.0033,1.00415,1.20,1.00
2010.07.07 21:37:23.175,1.0033,1.00405,1.20,1.00
2010.07.07 21:37:23.375,1.0033,1.00415,1.20,1.20
2010.07.07 21:37:23.575,1.0033,1.00405,1.20,1.00
2010.07.07 21:37:23.925,1.00335,1.00405,1.00,1.00
2010.07.07 21:37:24.958,1.0033,1.00415,1.20,1.20
2010.07.07 21:37:25.146,1.00335,1.00405,1.00,1.00
2010.07.07 21:37:25.325,1.00335,1.00415,1.00,1.00
2010.07.07 21:37:25.505,1.0033,1.00415,1.20,1.20
2010.07.07 21:37:25.686,1.0033,1.00405,1.20,1.00
2010.07.07 21:37:25.866,1.00335,1.00405,1.00,1.00
2010.07.07 21:37:26.116,1.0033,1.00405,1.20,1.00
2010.07.07 21:37:26.365,1.0033,1.00415,1.20,1.20
2010.07.07 21:37:26.616,1.00335,1.00415,1.00,1.00
2010.07.07 21:37:27.351,1.00335,1.00405,1.00,1.00
2010.07.07 21:37:27.515,1.00335,1.00415,1.00,1.00
2010.07.07 21:37:27.835,1.00345,1.00415,1.00,1.20
2010.07.07 21:37:28.155,1.00345,1.00415,1.00,1.00
2010.07.07 21:37:28.316,1.0034,1.0041,1.00,1.00
2010.07.07 21:37:28.475,1.0034,1.0041,1.20,1.00
2010.07.07 21:37:28.636,1.0034,1.0041,1.00,1.00
2010.07.07 21:37:28.796,1.00345,1.00415,1.00,1.20
2010.07.07 21:37:29.456,1.00335,1.00405,1.00,1.00
2010.07.07 21:37:29.628,1.0034,1.00415,1.00,1.00
2010.07.07 21:37:29.806,1.00335,1.00405,1.00,1.00
2010.07.07 21:37:29.976,1.0034,1.00415,1.00,1.00
2010.07.07 21:37:30.145,1.00335,1.00405,1.20,1.00
2010.07.07 21:37:30.486,1.00335,1.00405,1.00,1.00
2010.07.07 21:37:31.066,1.0034,1.00415,1.00,1.20
2010.07.07 21:37:31.785,1.00335,1.00405,1.00,1.00
2010.07.07 21:37:31.947,1.00345,1.0043,1.00,1.20
2010.07.07 21:37:32.117,1.0035,1.00435,1.00,1.00
2010.07.07 21:37:32.275,1.00345,1.0043,1.00,1.20
2010.07.07 21:37:32.435,1.00345,1.0043,1.00,1.00
2010.07.07 21:37:32.596,1.0035,1.0043,1.00,1.00
2010.07.07 21:37:32.757,1.00345,1.0043,1.00,1.20
2010.07.07 21:37:33.598,1.0035,1.00435,1.00,1.00
2010.07.07 21:37:33.937,1.00345,1.0043,1.00,1.20
2010.07.07 21:37:34.065,1.00345,1.0043,1.00,1.00
2010.07.07 21:37:34.325,1.00345,1.0043,1.00,1.20
2010.07.07 21:37:34.585,1.0035,1.0043,1.00,1.00
2010.07.07 21:37:34.715,1.00345,1.0043,1.00,1.20
2010.07.07 21:37:35.487,1.00345,1.0043,1.00,1.00
2010.07.07 21:37:35.776,1.00345,1.0043,1.00,1.20
2010.07.07 21:37:36.057,1.0035,1.00435,1.00,1.00
2010.07.07 21:37:36.346,1.00345,1.0043,1.00,1.20
2010.07.07 21:37:36.626,1.0035,1.00435,1.00,1.00
2010.07.07 21:37:36.836,1.00345,1.0043,1.00,1.20
2010.07.07 21:37:37.046,1.0035,1.00435,1.00,1.00
2010.07.07 21:37:37.255,1.00345,1.0043,1.00,1.20
2010.07.07 21:37:37.847,1.0035,1.0043,1.00,1.20
2010.07.07 21:37:38.056,1.0035,1.00435,1.00,1.00
2010.07.07 21:37:38.235,1.00345,1.0043,1.00,1.00
2010.07.07 21:37:38.415,1.0035,1.00435,1.00,1.00
2010.07.07 21:37:38.775,1.0035,1.0043,1.00,1.00
2010.07.07 21:37:38.956,1.00345,1.0043,1.00,1.20
2010.07.07 21:37:39.185,1.0035,1.00435,1.00,1.00
2010.07.07 21:37:39.416,1.00345,1.0043,1.00,1.20
2010.07.07 21:37:39.645,1.00345,1.0043,1.00,1.00
2010.07.07 21:37:40.349,1.0035,1.0043,1.00,1.00
2010.07.07 21:37:40.588,1.0035,1.00435,1.00,1.00
2010.07.07 21:37:40.786,1.00345,1.0043,1.00,1.00
2010.07.07 21:37:40.975,1.0035,1.00435,1.00,1.00
2010.07.07 21:37:41.165,1.00345,1.0043,1.00,1.20
2010.07.07 21:37:42.226,1.0035,1.0043,1.00,1.00
2010.07.07 21:37:43.046,1.0035,1.00435,1.00,1.00
2010.07.07 21:37:43.426,1.00345,1.0043,1.00,1.20
2010.07.07 21:37:43.505,1.0035,1.0043,1.00,1.00
2010.07.07 21:37:43.551,1.0035,1.00435,1.00,1.00
2010.07.07 21:37:43.785,1.0035,1.0043,1.00,1.00
2010.07.07 21:37:43.984,1.0035,1.00435,1.00,1.00
2010.07.07 21:37:44.145,1.00345,1.0043,1.00,1.00
2010.07.07 21:37:44.565,1.0035,1.00435,1.00,1.00
2010.07.07 21:37:44.905,1.00345,1.0043,1.00,1.20
2010.07.07 21:37:45.403,1.00345,1.0043,1.00,1.00
2010.07.07 21:37:45.748,1.0035,1.00435,1.00,1.00
2010.07.07 21:37:46.126,1.00345,1.0043,1.00,1.20
2010.07.07 21:37:47.495,1.0035,1.0043,1.00,1.00
2010.07.07 21:37:48.207,1.0035,1.00435,1.00,1.00
2010.07.07 21:37:48.387,1.00345,1.0043,1.00,1.20
2010.07.07 21:37:48.569,1.0036,1.0044,1.00,2.00
2010.07.07 21:37:48.745,1.0036,1.0043,1.00,1.00
2010.07.07 21:37:49.424,1.00355,1.0043,1.00,1.00
2010.07.07 21:37:49.768,1.0036,1.0043,1.00,1.00
2010.07.07 21:37:50.106,1.0036,1.0044,1.00,1.60
2010.07.07 21:37:50.446,1.00355,1.00435,1.00,1.00
2010.07.07 21:37:50.665,1.0036,1.0044,1.00,2.40
2010.07.07 21:37:50.886,1.00355,1.0043,1.00,1.00
2010.07.07 21:37:51.445,1.0036,1.0043,1.00,1.00
2010.07.07 21:37:51.886,1.00355,1.0043,1.00,1.00
2010.07.07 21:37:52.106,1.0035,1.00435,1.00,1.00
2010.07.07 21:37:52.545,1.00345,1.0043,1.00,1.00
2010.07.07 21:37:53.243,1.0035,1.00435,1.00,1.00
2010.07.07 21:37:53.915,1.0035,1.0043,1.00,1.00
2010.07.07 21:37:54.085,1.0035,1.00435,1.00,1.00
2010.07.07 21:37:54.255,1.00345,1.0043,1.00,1.00
2010.07.07 21:37:54.425,1.00345,1.0043,1.00,1.20
2010.07.07 21:37:54.595,1.0035,1.00435,1.00,1.00
2010.07.07 21:37:55.188,1.0035,1.0043,1.00,1.00
2010.07.07 21:37:55.411,1.00345,1.0043,1.00,1.20
2010.07.07 21:37:55.626,1.0035,1.0043,1.00,1.00
2010.07.07 21:37:55.876,1.00345,1.0043,1.00,1.20
2010.07.07 21:37:56.126,1.0035,1.0043,1.00,1.00
2010.07.07 21:37:56.376,1.00345,1.0043,1.00,1.20
2010.07.07 21:37:56.627,1.0035,1.00435,1.00,1.00
2010.07.07 21:37:57.518,1.0035,1.0043,1.00,1.00
2010.07.07 21:37:57.856,1.00345,1.0043,1.00,1.20
2010.07.07 21:37:58.115,1.0035,1.00435,1.00,1.00
2010.07.07 21:37:58.245,1.0035,1.0043,1.00,1.00
2010.07.07 21:37:58.375,1.00345,1.0043,1.00,1.20
2010.07.07 21:37:58.508,1.0035,1.0043,1.00,1.00
2010.07.07 21:37:58.635,1.0035,1.00435,1.00,1.00
2010.07.07 21:37:58.945,1.00345,1.0043,1.00,1.20
2010.07.07 21:37:59.165,1.0035,1.0043,1.00,1.00
2010.07.07 21:37:59.816,1.00345,1.0043,1.00,1.20
2010.07.07 21:38:00.037,1.0035,1.0043,1.00,1.00
2010.07.07 21:38:00.256,1.00345,1.0043,1.00,1.20
2010.07.07 21:38:00.697,1.0035,1.00435,1.00,1.00
2010.07.07 21:38:00.916,1.00345,1.0043,1.00,1.20
2010.07.07 21:38:01.135,1.0035,1.00435,1.00,1.00
2010.07.07 21:38:01.355,1.0035,1.0043,1.00,1.00
2010.07.07 21:38:01.596,1.00345,1.0043,1.00,1.00
2010.07.07 21:38:02.305,1.0035,1.00435,1.00,1.00
2010.07.07 21:38:02.496,1.0035,1.0043,1.00,1.00
2010.07.07 21:38:02.685,1.0035,1.00435,1.00,1.00
2010.07.07 21:38:02.876,1.00345,1.0043,1.00,1.20
2010.07.07 21:38:03.065,1.00345,1.0043,1.00,1.00
2010.07.07 21:38:03.255,1.0035,1.0043,1.00,1.00
2010.07.07 21:38:03.446,1.00345,1.0043,1.00,1.20
2010.07.07 21:38:03.655,1.0035,1.00435,1.00,1.00
2010.07.07 21:38:03.865,1.0035,1.0043,1.00,1.00
2010.07.07 21:38:04.075,1.00345,1.0043,1.00,1.00
2010.07.07 21:38:04.786,1.00345,1.0043,1.00,1.20
2010.07.07 21:38:05.057,1.0035,1.0043,1.00,1.00
2010.07.07 21:38:05.336,1.00345,1.0043,1.00,1.00
2010.07.07 21:38:05.606,1.0035,1.00435,1.00,1.00
2010.07.07 21:38:05.875,1.00345,1.0043,1.00,1.20
2010.07.07 21:38:06.106,1.0035,1.00435,1.00,1.00
2010.07.07 21:38:06.335,1.0035,1.0043,1.00,1.00
2010.07.07 21:38:06.565,1.00345,1.0043,1.00,1.20
2010.07.07 21:38:06.795,1.0035,1.00435,1.00,1.00
2010.07.07 21:38:07.494,1.00345,1.0043,1.00,1.20
2010.07.07 21:38:07.726,1.00345,1.0043,1.00,1.00
2010.07.07 21:38:07.956,1.00345,1.0043,1.00,1.20
2010.07.07 21:38:08.085,1.00345,1.0043,1.00,1.00
2010.07.07 21:38:08.215,1.0035,1.00435,1.00,1.00
2010.07.07 21:38:08.345,1.00345,1.0043,1.00,1.00
2010.07.07 21:38:08.475,1.0035,1.0043,1.00,1.00
2010.07.07 21:38:08.735,1.0035,1.00435,1.00,1.00
2010.07.07 21:38:08.865,1.00345,1.0043,1.00,1.20
2010.07.07 21:38:09.275,1.0035,1.00435,1.00,1.00
2010.07.07 21:38:09.556,1.00355,1.00435,1.00,1.00
2010.07.07 21:38:10.405,1.0035,1.0043,1.00,1.20
2010.07.07 21:38:10.626,1.00355,1.00435,1.00,1.00
2010.07.07 21:38:10.735,1.00355,1.0043,1.00,1.00
2010.07.07 21:38:10.845,1.0035,1.0043,1.00,1.20
2010.07.07 21:38:11.065,1.00355,1.0043,1.00,1.00
2010.07.07 21:38:11.516,1.0035,1.0043,1.00,1.20
2010.07.07 21:38:12.379,1.00355,1.0043,1.00,1.00
2010.07.07 21:38:12.527,1.0035,1.0043,1.00,1.20
2010.07.07 21:38:12.675,1.0035,1.0043,1.00,1.00
2010.07.07 21:38:12.825,1.0035,1.00435,1.00,1.00
2010.07.07 21:38:13.427,1.0035,1.0043,1.00,1.00
2010.07.07 21:38:13.635,1.00345,1.0043,1.00,1.20
2010.07.07 21:38:13.846,1.0035,1.0043,1.00,1.00
2010.07.07 21:38:14.268,1.00345,1.0043,1.00,1.20
2010.07.07 21:38:14.475,1.0035,1.00435,1.00,1.00
2010.07.07 21:38:14.960,1.00345,1.0043,1.00,1.00
2010.07.07 21:38:15.205,1.00345,1.0043,1.00,1.20
2010.07.07 21:38:30.835,1.0035,1.0043,1.00,1.00
2010.07.07 21:38:31.046,1.00345,1.00405,1.00,1.00
2010.07.07 21:38:31.777,1.0031,1.00395,1.00,1.00
2010.07.07 21:38:31.995,1.00305,1.0039,1.60,1.00
2010.07.07 21:38:32.205,1.0031,1.0039,1.00,1.00
2010.07.07 21:38:34.508,1.00315,1.00395,1.00,1.00
2010.07.07 21:38:34.636,1.00315,1.00395,1.60,1.00
2010.07.07 21:38:36.455,1.00325,1.00395,1.00,1.00
2010.07.07 21:38:36.646,1.0033,1.004,1.00,1.00
2010.07.07 21:38:43.125,1.0033,1.004,1.60,1.00
2010.07.07 21:38:43.265,1.0033,1.00405,2.00,1.00
2010.07.07 21:38:43.475,1.0034,1.00405,1.00,1.00
2010.07.07 21:38:44.037,1.0035,1.0044,1.00,1.00
2010.07.07 21:38:44.105,1.00345,1.00435,1.00,1.00
2010.07.07 21:38:48.115,1.00345,1.0043,1.00,1.00
2010.07.07 21:38:48.225,1.00345,1.00435,1.00,1.00
2010.07.07 21:38:48.475,1.00345,1.0043,1.00,1.00
2010.07.07 21:38:48.614,1.00345,1.00435,1.00,1.00
2010.07.07 21:38:51.792,1.00355,1.00435,1.00,1.00
2010.07.07 21:38:52.005,1.00355,1.0044,2.00,1.00
2010.07.07 21:38:52.215,1.00355,1.0044,1.20,1.00
2010.07.07 21:38:52.937,1.0034,1.00425,1.00,1.00
2010.07.07 21:38:53.145,1.0033,1.00425,1.00,1.00
2010.07.07 21:38:54.969,1.0032,1.00425,2.80,1.00
2010.07.07 21:38:55.236,1.0032,1.0041,1.00,1.00
2010.07.07 21:39:02.225,1.0032,1.00415,1.00,1.00
2010.07.07 21:39:02.435,1.0033,1.0042,1.00,1.00
2010.07.07 21:39:08.575,1.00325,1.0042,1.00,1.00
2010.07.07 21:39:08.817,1.0033,1.0042,1.00,1.00
2010.07.07 21:39:09.695,1.00325,1.0041,1.00,1.00
2010.07.07 21:39:12.236,1.0033,1.0042,1.00,1.00
2010.07.07 21:39:13.528,1.00335,1.0042,1.00,1.00
2010.07.07 21:39:15.935,1.0033,1.0042,1.00,1.00
2010.07.07 21:39:17.955,1.0033,1.004,1.00,1.00
2010.07.07 21:39:20.406,1.0031,1.0039,2.00,1.00
2010.07.07 21:39:20.545,1.0031,1.0039,1.20,1.00
2010.07.07 21:39:20.965,1.0031,1.00385,1.00,1.00
2010.07.07 21:39:24.156,1.0031,1.00395,1.00,1.00
2010.07.07 21:39:30.520,1.0031,1.00395,1.00,1.20
2010.07.07 21:39:35.125,1.0031,1.00395,1.00,2.00
2010.07.07 21:39:35.315,1.00295,1.00385,1.00,1.00
2010.07.07 21:39:35.808,1.0029,1.00385,1.60,1.00
2010.07.07 21:39:35.985,1.0029,1.00385,1.20,1.00
2010.07.07 21:39:54.266,1.0029,1.00385,1.00,1.00
2010.07.07 21:40:13.348,1.003,1.0039,1.00,1.00
2010.07.07 21:40:18.015,1.003,1.0039,1.20,1.00
2010.07.07 21:40:20.865,1.00305,1.0039,1.00,1.00
2010.07.07 21:40:26.803,1.0032,1.0039,1.00,1.00
2010.07.07 21:40:38.535,1.0032,1.00405,1.20,1.00
2010.07.07 21:40:42.998,1.0033,1.00405,1.00,1.00
2010.07.07 21:40:43.376,1.00345,1.00405,1.00,1.00
2010.07.07 21:40:45.486,1.00335,1.00405,1.00,1.00
2010.07.07 21:40:46.266,1.0033,1.00405,1.00,1.00
2010.07.07 21:40:46.606,1.0033,1.00405,1.20,1.00
2010.07.07 21:40:48.427,1.0033,1.00405,1.00,1.00
2010.07.07 21:40:51.255,1.0034,1.00405,1.00,1.00
2010.07.07 21:40:51.962,1.0035,1.0041,1.00,1.00
2010.07.07 21:40:57.406,1.0035,1.0042,1.00,1.20
2010.07.07 21:40:59.765,1.0035,1.00415,1.00,1.00
2010.07.07 21:40:59.935,1.0035,1.0041,1.00,1.00
2010.07.07 21:41:04.246,1.0035,1.00395,1.00,1.00
2010.07.07 21:41:07.635,1.0034,1.00395,1.00,1.00
2010.07.07 21:41:18.167,1.0034,1.00405,1.00,1.00
2010.07.07 21:41:19.370,1.0034,1.00415,1.00,1.20
2010.07.07 21:41:24.177,1.0035,1.00415,1.00,1.20
2010.07.07 21:41:49.239,1.00365,1.0044,1.00,1.60
2010.07.07 21:41:57.025,1.00365,1.0043,1.00,1.00
2010.07.07 21:42:02.705,1.00365,1.0043,1.00,1.20
2010.07.07 21:42:05.923,1.00365,1.00425,1.00,1.00
2010.07.07 21:42:07.497,1.00365,1.0043,1.00,1.20
2010.07.07 21:42:14.146,1.00365,1.00435,1.00,1.00
2010.07.07 21:42:17.806,1.00375,1.0044,1.00,1.60
2010.07.07 21:42:24.407,1.00355,1.0042,1.00,1.00
2010.07.07 21:42:28.087,1.00355,1.0043,1.00,1.60
2010.07.07 21:42:32.417,1.00355,1.00435,1.00,1.00
2010.07.07 21:42:35.513,1.00355,1.0043,1.00,1.20
2010.07.07 21:42:38.175,1.00385,1.0043,1.00,1.20
2010.07.07 21:42:38.365,1.0036,1.0043,1.00,1.00
2010.07.07 21:42:38.555,1.00355,1.0043,1.00,1.20
2010.07.07 21:42:39.495,1.00355,1.00435,1.00,1.00
2010.07.07 21:42:39.675,1.00355,1.0043,1.00,1.00
2010.07.07 21:42:39.766,1.00355,1.0043,1.00,1.20
2010.07.07 21:42:49.035,1.00355,1.0042,1.00,1.00
2010.07.07 21:42:49.365,1.00355,1.0042,1.00,1.20
2010.07.07 21:42:49.476,1.00355,1.00415,1.00,1.00
2010.07.07 21:42:51.716,1.00365,1.00415,1.00,1.00
2010.07.07 21:42:52.115,1.00365,1.0042,1.00,1.00
2010.07.07 21:43:02.595,1.00365,1.0042,1.60,1.00
2010.07.07 21:43:02.876,1.0037,1.0043,1.00,1.00
2010.07.07 21:43:03.636,1.00375,1.0043,1.00,1.00
2010.07.07 21:43:04.995,1.00375,1.0043,1.20,1.00
2010.07.07 21:43:05.085,1.00375,1.0045,1.20,1.00
2010.07.07 21:43:05.325,1.00375,1.0047,1.20,1.00
2010.07.07 21:43:05.415,1.00375,1.00465,1.20,1.00
2010.07.07 21:43:05.598,1.00375,1.00475,1.20,1.00
2010.07.07 21:43:06.406,1.00375,1.0047,1.20,1.00
2010.07.07 21:43:06.726,1.00375,1.00475,1.20,1.00
2010.07.07 21:43:07.366,1.00375,1.00465,1.20,1.00
2010.07.07 21:43:08.097,1.00375,1.00475,1.20,1.00
2010.07.07 21:43:08.676,1.00375,1.0047,1.20,1.00
2010.07.07 21:43:08.928,1.00375,1.00475,1.20,1.00
2010.07.07 21:43:09.186,1.00375,1.00465,1.20,1.00
2010.07.07 21:43:10.088,1.00375,1.0047,1.00,1.20
2010.07.07 21:43:10.276,1.00375,1.0047,1.00,1.00
2010.07.07 21:43:10.466,1.00375,1.0047,1.00,1.20
2010.07.07 21:43:10.656,1.00375,1.00465,1.00,1.00
2010.07.07 21:43:10.846,1.00375,1.0047,1.00,1.00
2010.07.07 21:43:11.431,1.00375,1.0047,1.00,1.20
2010.07.07 21:43:11.709,1.00375,1.00465,1.00,1.00
2010.07.07 21:43:11.988,1.00375,1.0045,1.00,1.00
2010.07.07 21:43:12.266,1.00375,1.0045,1.00,1.60
2010.07.07 21:43:20.236,1.0037,1.0045,1.00,1.60
2010.07.07 21:43:20.338,1.0036,1.00445,1.20,1.00
2010.07.07 21:43:20.447,1.0036,1.00445,1.00,1.00
2010.07.07 21:43:21.615,1.00355,1.0044,1.20,1.20
2010.07.07 21:43:22.955,1.00355,1.0044,2.00,1.20
2010.07.07 21:43:23.376,1.0036,1.00445,1.00,1.00
2010.07.07 21:43:28.196,1.00355,1.0044,2.00,1.00
2010.07.07 21:43:28.386,1.0036,1.0044,1.00,1.00
2010.07.07 21:43:29.060,1.0036,1.00445,1.00,1.00
2010.07.07 21:43:47.388,1.0036,1.00445,1.20,1.00
2010.07.07 21:43:54.767,1.0036,1.00445,1.00,1.00
2010.07.07 21:43:55.025,1.00355,1.00435,1.20,1.00
2010.07.07 21:43:55.083,1.00355,1.0043,1.20,1.00
2010.07.07 21:43:55.236,1.00355,1.0043,1.00,1.00
2010.07.07 21:44:31.267,1.00355,1.0043,1.00,1.20
2010.07.07 21:44:35.455,1.00355,1.0043,1.00,1.00
2010.07.07 21:44:40.246,1.00355,1.0043,1.00,1.20
2010.07.07 21:44:41.775,1.00355,1.0043,1.00,1.00
2010.07.07 21:44:46.269,1.00355,1.0043,1.00,1.20
2010.07.07 21:44:47.427,1.0036,1.0043,1.00,1.20
2010.07.07 21:44:47.966,1.0036,1.0044,1.20,1.00
2010.07.07 21:44:53.654,1.0036,1.00445,1.20,1.00
2010.07.07 21:44:54.025,1.0036,1.0044,1.20,1.00
2010.07.07 21:44:54.349,1.0037,1.0044,1.00,1.00
2010.07.07 21:44:54.547,1.0037,1.0044,1.00,1.60
2010.07.07 21:44:57.505,1.00365,1.0044,1.00,1.60
2010.07.07 21:44:57.655,1.0036,1.00445,1.20,1.00
2010.07.07 21:44:58.877,1.0036,1.00435,1.00,1.00
2010.07.07 21:45:02.046,1.0036,1.0044,1.20,1.00
2010.07.07 21:45:05.606,1.0036,1.0044,1.00,1.00
2010.07.07 21:45:06.497,1.0036,1.0044,1.20,1.00
2010.07.07 21:45:06.827,1.00355,1.00435,1.20,1.00
2010.07.07 21:45:07.156,1.0036,1.0044,1.20,1.00
2010.07.07 21:45:42.208,1.0036,1.0044,1.00,1.00
2010.07.07 21:45:52.756,1.0036,1.0044,1.00,1.60
2010.07.07 21:45:52.906,1.00355,1.00435,1.20,1.00
2010.07.07 21:45:55.037,1.00355,1.00435,1.00,1.00
2010.07.07 21:45:56.205,1.00355,1.00435,1.00,1.00
2010.07.07 21:45:57.756,1.00355,1.00435,1.00,1.00
2010.07.07 21:46:05.248,1.00355,1.0044,1.00,1.60
2010.07.07 21:46:14.254,1.00355,1.0044,1.20,1.00
2010.07.07 21:46:14.522,1.0036,1.0044,1.00,1.00
2010.07.07 21:46:15.321,1.0036,1.0044,1.20,1.00
2010.07.07 21:46:25.706,1.0037,1.00455,1.00,1.00
2010.07.07 21:46:25.767,1.00365,1.00455,1.00,1.00
2010.07.07 21:46:28.425,1.00375,1.0046,1.00,1.00
2010.07.07 21:46:28.605,1.0038,1.0046,1.00,1.00
2010.07.07 21:46:29.316,1.0038,1.00465,1.00,1.00
2010.07.07 21:46:34.056,1.0037,1.00455,1.00,1.00
2010.07.07 21:46:38.613,1.0038,1.0046,1.00,1.00
2010.07.07 21:46:40.236,1.0038,1.00465,1.00,1.00
2010.07.07 21:46:43.176,1.0038,1.0046,1.00,1.60
2010.07.07 21:46:43.691,1.0038,1.00455,1.00,1.00
2010.07.07 21:46:47.326,1.00375,1.00455,1.00,1.00
2010.07.07 21:46:48.545,1.00375,1.0045,1.00,1.00
2010.07.07 21:46:48.715,1.0037,1.0045,1.00,1.60
2010.07.07 21:46:49.055,1.0037,1.0045,1.00,1.20
2010.07.07 21:46:50.719,1.00365,1.00445,1.00,1.00
2010.07.07 21:46:51.587,1.0036,1.00445,1.00,1.00
2010.07.07 21:46:53.525,1.00365,1.00445,1.00,1.00
2010.07.07 21:46:55.176,1.0037,1.0045,1.00,1.20
2010.07.07 21:46:58.376,1.0037,1.0045,1.00,1.60
2010.07.07 21:46:58.685,1.0037,1.0045,1.00,1.20
2010.07.07 21:47:01.077,1.00365,1.00445,1.00,1.00
2010.07.07 21:47:24.076,1.0036,1.0044,1.00,1.00
2010.07.07 21:47:33.014,1.0036,1.00445,1.00,1.00
2010.07.07 21:47:36.546,1.0036,1.0044,1.00,1.00
2010.07.07 21:47:41.076,1.0036,1.0044,1.00,1.60
2010.07.07 21:47:41.236,1.00355,1.0043,1.00,1.00
2010.07.07 21:47:41.855,1.00355,1.00435,1.00,1.00
2010.07.07 21:47:51.686,1.0035,1.0043,1.00,1.60
2010.07.07 21:47:55.256,1.0035,1.0043,1.00,1.00
2010.07.07 21:48:05.579,1.0035,1.0043,1.00,1.60
2010.07.07 21:48:15.407,1.00355,1.00435,1.00,1.00
2010.07.07 21:48:15.606,1.00355,1.00435,1.00,1.00
2010.07.07 21:48:16.856,1.0035,1.0043,1.00,1.60
2010.07.07 21:48:23.500,1.0036,1.0043,1.00,1.60
2010.07.07 21:48:23.636,1.00365,1.00435,1.00,1.00
2010.07.07 21:48:24.079,1.00365,1.0044,1.00,1.00
2010.07.07 21:48:25.566,1.00355,1.00425,1.00,1.00
2010.07.07 21:48:25.787,1.00355,1.00435,1.00,1.00
2010.07.07 21:48:26.006,1.00355,1.00435,1.00,1.00
2010.07.07 21:48:26.366,1.0035,1.0043,1.00,1.00
2010.07.07 21:48:26.665,1.0035,1.0043,1.00,1.60
2010.07.07 21:48:29.536,1.0036,1.0043,1.00,1.60
2010.07.07 21:48:29.726,1.00365,1.00435,1.00,1.00
2010.07.07 21:48:30.105,1.00365,1.0044,1.00,1.00
2010.07.07 21:48:31.116,1.0036,1.00435,1.00,1.00
2010.07.07 21:48:31.286,1.00355,1.0043,1.00,1.00
2010.07.07 21:48:32.076,1.0035,1.0043,1.00,1.60
2010.07.07 21:48:32.886,1.00355,1.00435,1.00,1.00
2010.07.07 21:48:33.726,1.00365,1.0044,1.00,1.00
2010.07.07 21:48:35.437,1.00355,1.00435,1.00,1.00
2010.07.07 21:48:35.575,1.00355,1.00435,1.00,1.00
2010.07.07 21:48:37.735,1.00355,1.00435,1.00,1.00
2010.07.07 21:48:38.416,1.00355,1.00435,1.00,1.00
2010.07.07 21:48:39.716,1.00355,1.0044,1.00,1.00
2010.07.07 21:48:39.977,1.0036,1.0044,1.00,1.00
2010.07.07 21:48:43.276,1.0036,1.00435,1.00,1.00
2010.07.07 21:48:43.616,1.0036,1.0044,1.00,1.00
2010.07.07 21:48:48.623,1.00355,1.00435,2.00,1.00
2010.07.07 21:48:51.156,1.0036,1.0044,1.00,1.00
2010.07.07 21:48:51.986,1.00355,1.00435,1.20,1.00
2010.07.07 21:48:52.327,1.0035,1.00435,1.20,1.00
2010.07.07 21:48:52.526,1.0035,1.00435,2.00,1.00
2010.07.07 21:48:52.726,1.00355,1.0044,1.00,1.00
2010.07.07 21:49:06.226,1.0036,1.0044,1.00,1.00
2010.07.07 21:49:20.266,1.00365,1.00445,1.00,1.00
2010.07.07 21:49:20.436,1.00365,1.00445,2.00,1.00
2010.07.07 21:49:22.526,1.00365,1.00445,1.60,1.00
2010.07.07 21:49:28.616,1.00365,1.0044,1.00,1.00
2010.07.07 21:49:28.826,1.00365,1.0044,1.00,1.60
2010.07.07 21:49:31.446,1.00375,1.0044,1.00,1.60
2010.07.07 21:49:31.526,1.00375,1.0044,1.00,1.00
2010.07.07 21:49:34.668,1.00365,1.0044,1.00,1.60
2010.07.07 21:49:36.177,1.0037,1.0044,1.00,1.00
2010.07.07 21:49:37.576,1.00365,1.0044,1.20,1.00
2010.07.07 21:49:38.087,1.00365,1.0044,1.00,1.00
2010.07.07 21:49:42.226,1.00365,1.0044,1.20,1.00
2010.07.07 21:49:42.475,1.00365,1.0045,1.20,1.60
2010.07.07 21:49:44.065,1.0037,1.0045,1.00,1.60
2010.07.07 21:49:44.328,1.0037,1.0045,1.20,1.00
2010.07.07 21:49:46.900,1.00375,1.0045,1.00,1.00
2010.07.07 21:49:47.006,1.00375,1.0045,1.60,1.00
2010.07.07 21:49:47.176,1.00375,1.00455,2.00,1.00
2010.07.07 21:49:51.497,1.00375,1.0045,1.00,1.00
2010.07.07 21:49:52.356,1.00375,1.0045,1.00,1.60
2010.07.07 21:49:57.536,1.00375,1.0044,1.00,1.00
2010.07.07 21:50:02.297,1.00405,1.0044,1.00,1.00
2010.07.07 21:50:03.496,1.00405,1.0045,1.00,1.00
2010.07.07 21:50:21.656,1.00385,1.0045,1.20,1.00
2010.07.07 21:50:21.801,1.00385,1.0045,1.00,1.00
2010.07.07 21:50:28.417,1.00395,1.0045,1.00,1.00
2010.07.07 21:50:33.446,1.00385,1.0045,1.00,1.00
2010.07.07 21:50:55.786,1.00385,1.0045,1.00,3.20
2010.07.07 21:50:56.046,1.00385,1.00435,1.00,1.00
2010.07.07 21:50:59.660,1.00385,1.0045,1.00,1.00
2010.07.07 21:51:01.716,1.00385,1.00435,1.00,1.00
2010.07.07 21:51:03.746,1.00385,1.00445,1.00,1.00
2010.07.07 21:51:08.117,1.00385,1.0044,1.00,1.00
2010.07.07 21:51:10.417,1.00385,1.0045,1.00,1.00
2010.07.07 21:51:12.056,1.00385,1.00435,1.00,1.00
2010.07.07 21:51:12.366,1.00385,1.0044,1.00,1.00
2010.07.07 21:51:14.872,1.00385,1.0045,1.00,1.00
2010.07.07 21:51:16.436,1.00385,1.0044,1.00,1.00
2010.07.07 21:51:19.285,1.00385,1.0045,1.00,1.00
2010.07.07 21:51:20.422,1.0037,1.0045,2.00,1.00
2010.07.07 21:51:20.577,1.00345,1.00415,1.00,1.00
2010.07.07 21:51:20.781,1.0034,1.00415,2.40,1.00
2010.07.07 21:51:20.991,1.00345,1.00415,1.00,1.00
2010.07.07 21:51:23.217,1.00345,1.00445,1.00,1.00
2010.07.07 21:51:26.268,1.00345,1.0044,1.00,1.00
2010.07.07 21:51:26.508,1.0034,1.0044,2.00,1.00
2010.07.07 21:51:29.107,1.0034,1.0042,1.20,1.00
2010.07.07 21:51:29.461,1.0034,1.0042,1.00,1.00
2010.07.07 21:51:30.355,1.00355,1.0043,1.00,1.00
2010.07.07 21:51:34.966,1.00355,1.0043,1.20,1.00
2010.07.07 21:51:42.504,1.00355,1.0044,1.20,1.60
2010.07.07 21:51:43.546,1.00355,1.0044,2.00,1.60
2010.07.07 21:51:43.636,1.0036,1.0044,1.00,1.00
2010.07.07 21:51:43.726,1.00365,1.0044,1.00,1.00
2010.07.07 21:51:43.817,1.00365,1.0044,1.20,1.00
2010.07.07 21:51:43.906,1.00375,1.0044,1.00,1.00
2010.07.07 21:51:45.087,1.00375,1.0045,1.00,1.00
2010.07.07 21:51:47.486,1.00375,1.0044,1.00,1.00
2010.07.07 21:51:50.695,1.00375,1.0045,1.00,1.00
2010.07.07 21:51:52.018,1.00365,1.0045,1.00,1.00
2010.07.07 21:51:54.048,1.00365,1.0044,1.60,1.00
2010.07.07 21:51:54.229,1.00375,1.00445,1.00,1.00
2010.07.07 21:51:59.487,1.00375,1.0044,1.00,1.00
2010.07.07 21:52:01.179,1.00365,1.00435,1.00,1.00
2010.07.07 21:52:02.610,1.00355,1.0043,1.20,1.00
2010.07.07 21:52:02.752,1.00355,1.0043,1.00,1.00
2010.07.07 21:52:02.887,1.00355,1.00425,1.00,1.00
2010.07.07 21:52:03.018,1.0035,1.00425,1.20,1.00
2010.07.07 21:52:03.626,1.0035,1.0042,1.20,1.00
2010.07.07 21:52:03.757,1.0035,1.0042,1.00,1.00
2010.07.07 21:52:04.097,1.0035,1.00425,1.00,1.00
2010.07.07 21:52:04.436,1.0035,1.00435,1.00,1.00
2010.07.07 21:52:04.777,1.0035,1.00425,1.00,1.00
2010.07.07 21:52:05.507,1.0035,1.0042,1.00,1.00
2010.07.07 21:52:07.118,1.00345,1.00425,1.00,1.00
2010.07.07 21:52:07.317,1.00355,1.00435,1.00,1.00
2010.07.07 21:52:07.516,1.00355,1.00425,1.00,1.00
2010.07.07 21:52:07.716,1.0035,1.0042,1.20,1.00
2010.07.07 21:52:08.417,1.0035,1.00425,1.60,1.00
2010.07.07 21:52:08.939,1.00355,1.00435,1.00,1.00
2010.07.07 21:52:11.097,1.00355,1.0043,1.00,1.00
2010.07.07 21:52:14.547,1.0035,1.0042,1.20,1.00
2010.07.07 21:52:34.220,1.0035,1.00415,1.20,1.00
2010.07.07 21:52:35.117,1.0034,1.0041,1.20,1.00
2010.07.07 21:52:36.067,1.0034,1.0042,1.00,1.00
2010.07.07 21:52:37.097,1.0034,1.0042,1.20,1.00
2010.07.07 21:52:39.017,1.0034,1.0042,1.00,1.00
2010.07.07 21:52:40.958,1.0036,1.00425,1.00,1.00
2010.07.07 21:52:41.847,1.0035,1.00425,1.00,1.00
2010.07.07 21:52:43.767,1.00355,1.0043,1.00,1.00
2010.07.07 21:52:46.498,1.00375,1.0045,1.00,1.60
2010.07.07 21:52:46.668,1.00375,1.0045,1.20,1.60
2010.07.07 21:52:48.808,1.00375,1.0045,2.00,1.00
2010.07.07 21:52:49.266,1.0038,1.0045,1.00,1.00
2010.07.07 21:52:49.746,1.00385,1.0045,1.00,1.00
2010.07.07 21:52:50.355,1.0039,1.0045,1.00,1.00
2010.07.07 21:52:50.746,1.00395,1.0045,1.00,1.00
2010.07.07 21:52:52.276,1.00395,1.0044,1.00,1.00
2010.07.07 21:53:12.736,1.0038,1.0044,1.00,1.00
2010.07.07 21:53:13.507,1.00375,1.00435,1.00,1.00
2010.07.07 21:53:14.627,1.0036,1.0043,1.00,1.00
2010.07.07 21:53:14.846,1.00355,1.0043,1.00,1.00
2010.07.07 21:53:15.066,1.0035,1.0043,1.00,1.00
2010.07.07 21:53:15.176,1.0035,1.00425,1.00,1.00
2010.07.07 21:53:15.817,1.0035,1.0042,1.00,1.00
2010.07.07 21:53:16.037,1.0035,1.00425,1.00,1.00
2010.07.07 21:53:16.257,1.0035,1.0042,1.00,1.00
2010.07.07 21:53:16.697,1.0035,1.00425,1.00,1.00
2010.07.07 21:53:16.916,1.0035,1.0042,1.00,1.00
2010.07.07 21:53:18.002,1.0035,1.00425,1.00,1.00
2010.07.07 21:53:19.016,1.00335,1.00415,1.00,1.00
2010.07.07 21:53:19.486,1.0033,1.00415,2.40,1.00
2010.07.07 21:53:22.897,1.00355,1.0043,1.00,1.00
2010.07.07 21:53:24.187,1.0035,1.0041,1.00,1.00
2010.07.07 21:53:24.787,1.00345,1.0042,1.00,1.00
2010.07.07 21:53:24.986,1.0033,1.00415,2.40,1.00
2010.07.07 21:53:25.591,1.0033,1.00415,1.60,1.00
2010.07.07 21:53:25.777,1.00335,1.00415,1.00,1.00
2010.07.07 21:53:26.467,1.0033,1.0041,1.60,1.00
2010.07.07 21:53:27.617,1.0034,1.00425,1.00,3.30
2010.07.07 21:53:27.957,1.0034,1.00425,1.00,1.00
2010.07.07 21:53:31.516,1.0034,1.00425,3.30,1.00
2010.07.07 21:53:31.651,1.00355,1.00425,1.00,1.00
2010.07.07 21:53:31.777,1.00355,1.0043,1.20,1.00
2010.07.07 21:53:33.584,1.00355,1.0043,1.00,1.60
2010.07.07 21:53:33.810,1.00345,1.0043,1.00,1.00
2010.07.07 21:53:36.160,1.0035,1.00435,1.00,2.00
2010.07.07 21:53:36.793,1.0035,1.0043,1.00,1.00
2010.07.07 21:53:36.831,1.00355,1.00435,1.00,1.20
2010.07.07 21:53:37.200,1.00355,1.0044,1.00,2.40
2010.07.07 21:53:37.991,1.0035,1.00435,1.00,1.00
2010.07.07 21:53:38.158,1.00355,1.0044,1.00,1.60
2010.07.07 21:53:38.868,1.00355,1.0044,1.60,1.60
2010.07.07 21:53:39.207,1.0037,1.0044,1.00,1.00
2010.07.07 21:53:39.966,1.00375,1.0044,1.00,1.00
2010.07.07 21:53:41.166,1.0037,1.00425,1.00,1.00
2010.07.07 21:53:41.417,1.00365,1.00425,1.00,1.00
2010.07.07 21:53:41.666,1.00365,1.0043,1.00,1.00
2010.07.07 21:53:47.638,1.0038,1.0043,1.00,1.00
2010.07.07 21:53:47.978,1.004,1.0054,1.00,1.00
2010.07.07 21:53:48.337,1.0039,1.0054,1.00,1.00
2010.07.07 21:53:48.517,1.004,1.0054,1.00,1.00
2010.07.07 21:53:48.877,1.0041,1.00535,1.00,1.00
2010.07.07 21:53:49.057,1.00395,1.00535,1.00,1.00
2010.07.07 21:53:49.357,1.00395,1.0054,1.00,1.00
2010.07.07 21:53:50.778,1.0041,1.00535,1.00,1.00
2010.07.07 21:53:50.986,1.00395,1.0054,1.00,1.00
2010.07.07 21:53:51.196,1.0041,1.00535,1.00,1.00
2010.07.07 21:53:51.896,1.00395,1.0054,1.00,1.00
2010.07.07 21:53:52.238,1.004,1.005,1.00,1.00
2010.07.07 21:53:53.257,1.0039,1.0051,1.00,1.00
2010.07.07 21:53:54.060,1.0039,1.0051,1.00,1.00
2010.07.07 21:53:54.367,1.0039,1.005,1.00,1.00
2010.07.07 21:53:54.526,1.0039,1.0051,1.00,1.00
2010.07.07 21:53:54.686,1.00395,1.00505,1.00,1.00
2010.07.07 21:53:55.767,1.00395,1.0051,1.00,1.00
2010.07.07 21:53:55.966,1.00395,1.00505,1.00,1.00
2010.07.07 21:53:56.167,1.00395,1.0051,1.00,1.00
2010.07.07 21:53:56.366,1.00395,1.00505,1.00,1.00
2010.07.07 21:53:57.565,1.004,1.0051,1.00,1.00
2010.07.07 21:53:57.700,1.0039,1.0047,1.00,1.00
2010.07.07 21:53:59.977,1.00395,1.00475,1.00,1.00
2010.07.07 21:54:01.786,1.004,1.0048,1.00,1.60
2010.07.07 21:54:01.926,1.004,1.0047,1.00,1.00
2010.07.07 21:54:02.766,1.00415,1.00485,1.00,1.00
2010.07.07 21:54:02.997,1.0043,1.00515,1.00,1.00
2010.07.07 21:54:03.477,1.0043,1.0052,1.00,1.00
2010.07.07 21:54:03.637,1.0043,1.00515,1.00,1.00
2010.07.07 21:54:03.796,1.0043,1.00525,1.00,1.20
2010.07.07 21:54:03.956,1.0043,1.0052,1.00,1.00
2010.07.07 21:54:04.117,1.0043,1.00515,1.00,1.00
2010.07.07 21:54:05.681,1.0043,1.0052,1.00,1.00
2010.07.07 21:54:05.796,1.0043,1.0052,1.00,1.60
2010.07.07 21:54:05.927,1.0043,1.0052,1.00,1.00
2010.07.07 21:54:06.106,1.0043,1.00515,1.00,1.00
2010.07.07 21:54:07.110,1.00415,1.005,1.00,1.00
2010.07.07 21:54:07.449,1.00415,1.00505,1.00,1.00
2010.07.07 21:54:07.747,1.0042,1.0051,1.00,1.00
2010.07.07 21:54:08.568,1.00425,1.00515,1.00,1.00
2010.07.07 21:54:08.829,1.0042,1.0051,1.00,1.00
2010.07.07 21:54:09.087,1.00425,1.00515,1.00,1.00
2010.07.07 21:54:09.347,1.00415,1.00505,1.20,1.00
2010.07.07 21:54:10.298,1.00415,1.00505,2.00,1.00
2010.07.07 21:54:10.716,1.0042,1.0051,1.00,1.00
2010.07.07 21:54:10.828,1.00415,1.00505,1.20,1.00
2010.07.07 21:54:10.856,1.00415,1.00505,2.00,1.00
2010.07.07 21:54:11.056,1.0042,1.00505,1.00,1.00
2010.07.07 21:54:11.246,1.0042,1.0051,1.00,1.00
2010.07.07 21:54:11.276,1.00415,1.00485,2.00,1.00
2010.07.07 21:54:11.968,1.00415,1.00485,1.00,1.00
2010.07.07 21:54:12.548,1.004,1.00485,1.00,1.00
2010.07.07 21:54:12.838,1.00395,1.00475,1.20,1.00
2010.07.07 21:54:13.606,1.00395,1.00475,1.00,1.00
2010.07.07 21:54:14.147,1.00395,1.00475,1.20,1.00
2010.07.07 21:54:18.086,1.004,1.00485,1.00,1.00
2010.07.07 21:54:21.306,1.00415,1.00485,1.00,1.00
2010.07.07 21:54:21.557,1.0041,1.00495,1.00,1.00
2010.07.07 21:54:22.069,1.0041,1.00505,1.00,1.00
2010.07.07 21:54:22.317,1.0041,1.00505,1.00,1.00
2010.07.07 21:54:22.567,1.0042,1.00505,1.00,1.00
2010.07.07 21:54:24.346,1.0042,1.00505,1.20,1.00
2010.07.07 21:54:24.597,1.00425,1.0051,1.00,1.00
2010.07.07 21:54:24.696,1.0042,1.00505,1.20,1.00
2010.07.07 21:54:25.139,1.0042,1.00505,1.00,1.00
2010.07.07 21:54:29.224,1.0042,1.00505,1.20,1.00
2010.07.07 21:54:29.376,1.00425,1.00505,1.00,1.00
2010.07.07 21:54:29.527,1.00425,1.0051,1.20,1.00
2010.07.07 21:54:29.676,1.0042,1.00505,1.00,1.00
2010.07.07 21:54:29.976,1.00415,1.00495,1.60,1.00
2010.07.07 21:54:40.756,1.00425,1.00505,1.00,1.00
2010.07.07 21:54:41.006,1.00425,1.005,1.00,1.00
2010.07.07 21:54:41.057,1.00415,1.00495,1.00,1.00
2010.07.07 21:54:42.216,1.00415,1.00495,1.20,1.00
2010.07.07 21:54:46.300,1.00425,1.00495,1.00,1.00
2010.07.07 21:54:46.359,1.00425,1.005,1.00,1.00
2010.07.07 21:54:52.907,1.00425,1.0048,1.00,1.00
2010.07.07 21:54:53.587,1.00435,1.0048,1.00,1.00
2010.07.07 21:54:55.768,1.00435,1.0049,1.00,1.00
2010.07.07 21:54:57.166,1.00435,1.00495,1.00,1.00
2010.07.07 21:54:57.457,1.00435,1.0051,1.00,1.00
2010.07.07 21:55:00.366,1.00435,1.0051,1.00,1.20
2010.07.07 21:55:18.017,1.00435,1.00505,1.00,1.00
2010.07.07 21:55:35.666,1.00445,1.0051,1.00,1.20
2010.07.07 21:55:52.227,1.00445,1.005,1.00,1.00
2010.07.07 21:55:57.437,1.00435,1.005,1.00,1.00
2010.07.07 21:55:57.657,1.00435,1.005,1.00,1.20
2010.07.07 21:55:59.536,1.00415,1.005,1.00,2.00
2010.07.07 21:55:59.688,1.00415,1.0049,1.00,1.00
2010.07.07 21:56:07.486,1.00415,1.005,1.00,1.20
2010.07.07 21:56:09.197,1.0041,1.00495,1.00,1.00
2010.07.07 21:56:11.427,1.00415,1.005,1.00,1.00
2010.07.07 21:56:17.291,1.0041,1.00495,2.00,1.00
2010.07.07 21:56:17.557,1.00415,1.00495,1.00,1.00
2010.07.07 21:56:22.286,1.00415,1.0049,1.00,1.00
2010.07.07 21:56:37.538,1.00415,1.0047,1.00,1.00
2010.07.07 21:56:44.827,1.00415,1.00485,1.00,1.00
2010.07.07 21:56:45.827,1.00415,1.0049,1.00,1.00
2010.07.07 21:57:04.277,1.00425,1.0049,1.00,1.00
2010.07.07 21:57:04.601,1.00415,1.0049,1.00,1.00
2010.07.07 21:57:11.037,1.00425,1.0049,1.00,1.00
2010.07.07 21:57:11.125,1.00425,1.00495,1.00,1.00
2010.07.07 21:57:11.759,1.00435,1.005,1.00,1.00
2010.07.07 21:57:12.637,1.00425,1.00495,1.00,1.00
2010.07.07 21:57:14.176,1.00425,1.0049,1.00,1.00
2010.07.07 21:57:15.127,1.00425,1.00495,1.00,1.00
2010.07.07 21:57:37.858,1.00415,1.00495,1.00,3.60
2010.07.07 21:57:38.137,1.00405,1.00475,1.00,1.00
2010.07.07 21:57:38.417,1.00405,1.00485,1.60,1.00
2010.07.07 21:57:45.242,1.00405,1.00475,1.00,1.00
2010.07.07 21:57:46.227,1.00405,1.00475,1.00,1.20
2010.07.07 21:57:46.669,1.0039,1.00475,1.60,1.20
2010.07.07 21:57:47.309,1.00385,1.00465,1.00,1.00
2010.07.07 21:57:47.517,1.00385,1.00465,1.00,1.20
2010.07.07 21:57:48.017,1.00385,1.0046,1.00,1.00
2010.07.07 21:57:51.331,1.0038,1.0046,1.00,1.60
2010.07.07 21:57:51.467,1.0037,1.00455,1.00,1.00
2010.07.07 21:57:51.612,1.0036,1.00455,1.00,1.00
2010.07.07 21:57:51.676,1.0036,1.0045,1.00,1.00
2010.07.07 21:57:52.870,1.00365,1.0045,1.00,1.00
2010.07.07 21:57:53.207,1.0038,1.0046,1.00,1.00
2010.07.07 21:57:54.307,1.0039,1.0046,1.00,1.00
2010.07.07 21:57:54.729,1.0038,1.0046,1.00,1.00
2010.07.07 21:58:02.008,1.0038,1.0046,1.60,1.00
2010.07.07 21:58:03.157,1.00385,1.0046,1.00,1.00
2010.07.07 21:58:09.236,1.00385,1.0047,1.60,1.20
2010.07.07 21:58:09.657,1.00385,1.0046,1.00,1.00
2010.07.07 21:58:10.188,1.0038,1.0046,1.00,1.00
2010.07.07 21:58:10.397,1.0037,1.00455,1.00,1.00
2010.07.07 21:58:11.168,1.00355,1.00455,1.00,1.00
2010.07.07 21:58:11.867,1.00385,1.0047,1.00,1.20
2010.07.07 21:58:20.846,1.0039,1.0047,1.00,1.00
2010.07.07 21:58:21.516,1.0039,1.0047,1.60,1.00
2010.07.07 21:58:22.157,1.00395,1.0047,1.00,1.00
2010.07.07 21:58:22.758,1.00395,1.0046,1.00,1.00
2010.07.07 21:58:27.416,1.00385,1.0046,1.00,1.00
2010.07.07 21:58:30.366,1.00395,1.0046,1.00,1.00
2010.07.07 21:58:31.656,1.0038,1.0046,1.00,1.00
2010.07.07 21:58:32.317,1.00355,1.00455,1.60,1.00
2010.07.07 21:58:44.178,1.0036,1.00455,1.00,1.00
2010.07.07 21:58:46.947,1.00355,1.00455,1.60,1.00
2010.07.07 21:58:47.697,1.00355,1.0044,1.00,1.00
2010.07.07 21:58:48.232,1.0035,1.0044,1.00,1.20
2010.07.07 21:58:48.407,1.0032,1.00425,1.00,1.00
2010.07.07 21:58:49.558,1.00325,1.00425,1.00,1.00
2010.07.07 21:58:50.597,1.0033,1.00425,1.00,1.00
2010.07.07 21:58:52.385,1.00325,1.00425,1.00,1.00
2010.07.07 21:58:58.574,1.0033,1.00425,1.00,1.00
2010.07.07 21:58:58.766,1.0033,1.00425,1.20,1.00
2010.07.07 21:58:59.037,1.0033,1.0043,2.00,1.00
2010.07.07 21:59:00.337,1.00375,1.0043,1.00,1.00
2010.07.07 21:59:00.467,1.00375,1.0044,1.00,3.20
2010.07.07 21:59:00.597,1.00375,1.0044,1.00,1.00
2010.07.07 21:59:01.117,1.0036,1.00435,1.00,1.00
2010.07.07 21:59:01.986,1.00335,1.0043,1.00,1.00
2010.07.07 21:59:03.256,1.00375,1.0044,1.00,1.00
2010.07.07 21:59:06.959,1.0037,1.0044,1.00,1.60
2010.07.07 21:59:07.156,1.00355,1.00435,2.40,1.00
2010.07.07 21:59:07.256,1.00325,1.00435,1.00,1.00
2010.07.07 21:59:08.157,1.0036,1.0044,1.20,2.00
2010.07.07 21:59:09.208,1.0034,1.00435,2.40,1.00
2010.07.07 21:59:09.438,1.00325,1.00425,1.00,1.00
2010.07.07 21:59:10.932,1.0033,1.00425,1.00,1.00
2010.07.07 21:59:11.563,1.0036,1.00425,1.00,1.00
2010.07.07 21:59:11.866,1.0036,1.0044,1.20,2.00
2010.07.07 21:59:14.643,1.0036,1.00435,1.00,1.00
2010.07.07 21:59:18.577,1.00355,1.00435,1.20,1.20
2010.07.07 21:59:19.138,1.00355,1.0043,1.00,1.00
2010.07.07 21:59:19.397,1.00355,1.00435,1.20,1.20
2010.07.07 21:59:19.663,1.00365,1.00435,1.00,1.00
2010.07.07 21:59:19.927,1.00365,1.0044,1.00,1.60
2010.07.07 21:59:21.039,1.0038,1.0044,1.00,1.60
2010.07.07 21:59:21.376,1.0038,1.0044,1.00,1.00
2010.07.07 21:59:22.411,1.00385,1.0044,1.00,1.00
2010.07.07 21:59:57.229,1.00385,1.00455,1.60,1.00
2010.07.07 21:59:57.387,1.00385,1.00455,1.00,1.60
2010.07.07 21:59:57.538,1.00385,1.0045,1.00,1.00
