2016.05.05 02:00:03.967,0.7457,0.74596,1.00,1.75
2016.05.05 02:00:04.621,0.74568,0.74596,1.00,1.75
2016.05.05 02:00:05.246,0.7457,0.74596,1.00,1.75
2016.05.05 02:00:05.447,0.7457,0.74596,1.00,1.50
2016.05.05 02:00:10.236,0.74568,0.74601,1.37,2.25
2016.05.05 02:00:12.147,0.74564,0.74594,1.37,1.50
2016.05.05 02:00:12.198,0.74564,0.74594,1.00,1.87
2016.05.05 02:00:13.150,0.74563,0.74594,1.12,1.87
2016.05.05 02:00:14.110,0.74564,0.74594,1.00,1.87
2016.05.05 02:00:14.635,0.74565,0.74594,1.00,1.87
2016.05.05 02:00:14.735,0.74565,0.74596,1.37,1.12
2016.05.05 02:00:18.152,0.74568,0.74594,1.00,1.75
2016.05.05 02:00:24.203,0.74566,0.74595,1.12,1.75
2016.05.05 02:00:26.856,0.74569,0.74594,1.00,1.75
2016.05.05 02:00:33.823,0.7457,0.74596,1.00,1.37
2016.05.05 02:00:33.924,0.7457,0.74598,1.00,1.75
2016.05.05 02:00:41.286,0.74568,0.74599,1.37,1.87
2016.05.05 02:00:41.541,0.74567,0.74597,1.12,1.12
2016.05.05 02:00:42.091,0.74568,0.74598,1.00,1.87
2016.05.05 02:00:42.253,0.74568,0.74596,1.37,1.00
2016.05.05 02:00:43.347,0.74569,0.74598,1.00,1.75
2016.05.05 02:00:51.377,0.74573,0.74598,1.00,1.75
2016.05.05 02:00:51.478,0.74574,0.74598,1.00,1.37
2016.05.05 02:00:52.256,0.74575,0.74603,1.00,1.87
2016.05.05 02:00:53.359,0.74575,0.74603,1.12,1.75
2016.05.05 02:00:57.536,0.74573,0.74605,1.37,1.75
2016.05.05 02:00:58.138,0.74572,0.74602,1.37,1.75
2016.05.05 02:00:58.189,0.74572,0.74602,1.12,1.87
2016.05.05 02:00:59.737,0.74573,0.74597,1.00,1.00
2016.05.05 02:01:22.939,0.74573,0.74602,1.50,1.50
2016.05.05 02:01:22.990,0.74577,0.74602,1.00,1.50
2016.05.05 02:01:23.312,0.7458,0.74606,1.00,1.50
2016.05.05 02:01:38.316,0.7458,0.74609,1.00,1.75
2016.05.05 02:01:41.209,0.74581,0.74609,1.00,1.75
2016.05.05 02:01:41.324,0.74579,0.74609,1.00,1.75
2016.05.05 02:01:41.424,0.74574,0.74608,2.25,1.87
2016.05.05 02:01:41.475,0.74574,0.74605,1.37,1.75
2016.05.05 02:01:41.808,0.74571,0.74601,1.00,1.87
2016.05.05 02:01:42.611,0.74573,0.74601,1.00,1.87
2016.05.05 02:01:43.159,0.74573,0.74601,1.00,1.75
2016.05.05 02:01:44.811,0.74574,0.74601,1.00,1.75
2016.05.05 02:01:59.550,0.74574,0.74602,1.00,1.12
2016.05.05 02:02:01.463,0.74575,0.74602,1.00,1.87
2016.05.05 02:02:02.228,0.74573,0.74602,1.00,1.87
2016.05.05 02:02:10.991,0.74571,0.74602,1.37,1.87
2016.05.05 02:02:11.091,0.7457,0.746,1.00,1.12
2016.05.05 02:02:13.897,0.7457,0.74599,1.00,1.75
2016.05.05 02:02:16.005,0.7457,0.74595,1.00,1.00
2016.05.05 02:02:16.576,0.7457,0.74597,1.00,1.12
2016.05.05 02:02:16.877,0.7457,0.74597,1.00,1.12
2016.05.05 02:02:20.293,0.7457,0.74595,1.00,1.37
2016.05.05 02:02:25.157,0.74568,0.74595,1.00,1.50
2016.05.05 02:02:26.493,0.74568,0.74599,1.37,1.75
2016.05.05 02:02:27.222,0.7457,0.74599,1.00,1.75
2016.05.05 02:02:42.216,0.7457,0.74599,1.00,1.75
2016.05.05 02:02:43.950,0.74568,0.746,1.37,1.87
2016.05.05 02:02:45.291,0.74568,0.74597,1.00,1.12
2016.05.05 02:02:46.863,0.74566,0.74597,1.12,1.87
2016.05.05 02:02:47.510,0.74567,0.74596,1.00,1.75
2016.05.05 02:02:48.029,0.74567,0.74596,1.00,1.12
2016.05.05 02:02:49.129,0.74567,0.74597,1.12,1.87
2016.05.05 02:02:52.334,0.74567,0.74594,1.00,1.12
2016.05.05 02:02:52.939,0.74567,0.74597,1.00,1.87
2016.05.05 02:02:58.672,0.74567,0.74594,1.00,1.12
2016.05.05 02:03:04.351,0.74567,0.74594,1.00,1.37
2016.05.05 02:03:04.481,0.74569,0.74594,1.00,1.37
2016.05.05 02:03:05.420,0.7457,0.74596,1.00,1.37
2016.05.05 02:03:05.701,0.7457,0.74598,1.00,1.75
2016.05.05 02:03:10.407,0.74568,0.74594,1.12,1.00
2016.05.05 02:03:10.525,0.74568,0.74595,1.00,1.12
2016.05.05 02:03:18.810,0.74568,0.74596,1.37,1.00
2016.05.05 02:03:23.299,0.74568,0.74599,1.37,1.75
2016.05.05 02:03:23.438,0.74568,0.74597,1.00,1.12
2016.05.05 02:03:24.776,0.74566,0.74597,1.12,1.12
2016.05.05 02:03:39.826,0.74566,0.74595,1.00,1.12
2016.05.05 02:03:54.505,0.74565,0.74595,1.00,1.12
2016.05.05 02:03:55.056,0.74566,0.74595,1.00,1.12
2016.05.05 02:03:55.647,0.74566,0.74594,1.00,1.12
2016.05.05 02:04:12.149,0.74565,0.74594,1.00,1.12
2016.05.05 02:04:12.730,0.74566,0.74594,1.00,1.12
2016.05.05 02:04:15.198,0.74567,0.74594,1.00,1.12
2016.05.05 02:04:17.969,0.74566,0.74594,1.00,1.12
2016.05.05 02:04:19.806,0.74566,0.74595,1.00,1.75
2016.05.05 02:04:24.588,0.74564,0.74595,1.00,1.75
2016.05.05 02:04:31.548,0.74565,0.74595,1.00,1.75
2016.05.05 02:04:31.718,0.74565,0.74595,1.50,1.50
2016.05.05 02:04:42.336,0.74565,0.74595,1.00,1.37
2016.05.05 02:04:54.437,0.74564,0.74595,1.12,1.87
2016.05.05 02:05:18.636,0.74564,0.74595,1.37,1.75
2016.05.05 02:05:26.699,0.74562,0.7459,1.37,1.50
2016.05.05 02:05:26.749,0.74562,0.7459,1.37,1.75
2016.05.05 02:05:26.850,0.74557,0.7459,1.50,1.87
2016.05.05 02:05:27.854,0.74556,0.74587,1.37,1.75
2016.05.05 02:05:32.255,0.74553,0.74585,1.50,1.87
2016.05.05 02:05:40.012,0.74551,0.74576,1.75,1.00
2016.05.05 02:05:40.164,0.74542,0.74572,1.00,1.87
2016.05.05 02:05:41.337,0.7454,0.74572,1.75,2.25
2016.05.05 02:05:41.493,0.74542,0.74572,1.75,1.37
2016.05.05 02:05:41.594,0.74542,0.74574,2.62,1.37
2016.05.05 02:05:43.744,0.74543,0.74577,1.75,1.50
2016.05.05 02:05:44.396,0.74544,0.74577,1.12,1.50
2016.05.05 02:06:19.733,0.74547,0.74578,1.50,1.75
2016.05.05 02:06:22.953,0.74546,0.74577,1.37,1.75
2016.05.05 02:06:23.638,0.74546,0.74574,1.37,1.00
2016.05.05 02:06:24.256,0.74544,0.74575,1.87,1.75
2016.05.05 02:06:25.405,0.74544,0.74575,1.37,1.50
2016.05.05 02:06:34.957,0.74544,0.74576,2.62,1.50
2016.05.05 02:06:48.075,0.74547,0.74578,1.12,1.50
2016.05.05 02:06:48.176,0.74549,0.7458,1.75,1.50
2016.05.05 02:06:48.227,0.7455,0.74581,1.12,1.37
2016.05.05 02:06:48.912,0.7455,0.74579,1.50,1.37
2016.05.05 02:06:51.682,0.74546,0.74577,1.37,1.50
2016.05.05 02:07:19.831,0.74545,0.74577,1.75,1.37
2016.05.05 02:07:39.769,0.74545,0.74577,1.75,1.75
2016.05.05 02:08:14.486,0.74546,0.74577,1.75,1.37
2016.05.05 02:08:15.024,0.74546,0.74577,1.75,1.37
2016.05.05 02:08:37.169,0.74546,0.74578,1.75,1.50
2016.05.05 02:08:41.155,0.74546,0.74578,1.75,1.37
2016.05.05 02:08:42.942,0.74546,0.74578,1.75,1.37
2016.05.05 02:08:54.842,0.74546,0.74578,1.75,1.75
2016.05.05 02:09:07.648,0.74547,0.74577,1.75,1.00
2016.05.05 02:09:08.153,0.74549,0.74581,1.75,1.75
2016.05.05 02:09:08.254,0.74549,0.74581,1.75,1.50
2016.05.05 02:09:08.553,0.74553,0.74584,1.50,2.25
2016.05.05 02:09:10.460,0.74553,0.74584,1.75,1.50
2016.05.05 02:09:10.961,0.74551,0.74579,1.37,1.50
2016.05.05 02:09:14.667,0.7455,0.74582,1.75,1.50
2016.05.05 02:09:19.273,0.7455,0.74582,1.75,1.75
2016.05.05 02:09:20.345,0.7455,0.74583,1.75,1.87
2016.05.05 02:09:20.881,0.7455,0.74582,1.75,1.75
2016.05.05 02:09:21.449,0.7455,0.74582,1.75,1.50
2016.05.05 02:09:24.643,0.74551,0.74583,1.75,2.25
2016.05.05 02:09:32.157,0.7455,0.74582,1.75,1.37
2016.05.05 02:09:32.258,0.74549,0.7458,1.50,1.37
2016.05.05 02:09:32.378,0.74548,0.7458,1.50,1.75
2016.05.05 02:09:32.989,0.74548,0.74578,1.00,1.50
2016.05.05 02:09:47.014,0.74546,0.74578,1.75,1.37
2016.05.05 02:09:49.690,0.74546,0.74578,1.75,1.37
2016.05.05 02:10:14.938,0.74548,0.74579,1.12,1.12
2016.05.05 02:10:28.019,0.74548,0.74579,1.12,1.50
2016.05.05 02:10:28.158,0.7455,0.74579,1.00,1.75
2016.05.05 02:10:28.803,0.74547,0.74579,2.25,1.75
2016.05.05 02:10:29.340,0.7455,0.74579,1.00,1.50
2016.05.05 02:10:32.829,0.74547,0.74578,1.75,1.75
2016.05.05 02:10:42.595,0.7455,0.74577,1.00,1.00
2016.05.05 02:10:48.706,0.74549,0.74578,1.00,1.75
2016.05.05 02:10:56.180,0.74546,0.74578,1.75,1.75
2016.05.05 02:10:56.639,0.74547,0.74577,1.12,1.00
2016.05.05 02:11:15.020,0.74548,0.74579,1.75,1.50
2016.05.05 02:11:15.548,0.74545,0.74579,2.25,1.87
2016.05.05 02:11:17.181,0.74545,0.74577,2.62,1.50
2016.05.05 02:11:17.651,0.74549,0.74578,1.00,1.75
2016.05.05 02:11:21.769,0.74546,0.74578,1.75,2.25
2016.05.05 02:11:22.334,0.74549,0.74578,1.00,2.25
2016.05.05 02:11:22.685,0.74547,0.74578,1.12,1.50
2016.05.05 02:11:22.739,0.74547,0.74576,1.12,1.00
2016.05.05 02:11:25.140,0.74547,0.74577,1.12,1.12
2016.05.05 02:11:25.741,0.74547,0.74577,1.87,1.37
2016.05.05 02:11:25.966,0.74547,0.74577,1.75,1.75
2016.05.05 02:11:41.022,0.74544,0.74576,2.25,1.50
2016.05.05 02:11:41.123,0.74547,0.74576,1.12,1.12
2016.05.05 02:11:41.589,0.74549,0.74576,1.00,1.50
2016.05.05 02:11:46.837,0.74545,0.74577,1.75,1.37
2016.05.05 02:11:46.896,0.74546,0.74577,1.12,1.12
2016.05.05 02:11:48.606,0.74546,0.74577,1.12,1.50
2016.05.05 02:11:49.636,0.74546,0.74577,1.12,1.50
2016.05.05 02:11:51.424,0.74546,0.74577,1.12,1.50
2016.05.05 02:11:54.659,0.74546,0.74574,1.12,1.00
2016.05.05 02:11:54.709,0.74544,0.74574,1.75,1.12
2016.05.05 02:11:55.949,0.74546,0.74576,1.12,1.50
2016.05.05 02:11:58.625,0.74546,0.74576,1.12,1.50
2016.05.05 02:11:59.850,0.74546,0.74576,1.12,1.50
2016.05.05 02:12:11.158,0.74546,0.7458,2.62,1.75
2016.05.05 02:12:17.661,0.74549,0.7458,1.75,1.50
2016.05.05 02:12:21.469,0.74552,0.7458,1.00,1.50
2016.05.05 02:12:24.210,0.7455,0.74582,1.75,2.62
2016.05.05 02:12:25.075,0.7455,0.74582,1.75,2.62
2016.05.05 02:12:25.777,0.7455,0.74582,1.75,2.62
2016.05.05 02:12:26.679,0.7455,0.74582,1.75,1.87
2016.05.05 02:12:27.359,0.7455,0.74582,1.75,2.62
2016.05.05 02:12:27.410,0.7455,0.74582,1.75,1.75
2016.05.05 02:12:28.037,0.7455,0.74582,1.75,1.75
2016.05.05 02:12:28.088,0.7455,0.74582,1.75,1.75
2016.05.05 02:12:29.226,0.74551,0.74583,1.50,2.25
2016.05.05 02:12:29.848,0.74551,0.74583,1.75,2.25
2016.05.05 02:12:34.774,0.74551,0.74583,2.25,1.75
2016.05.05 02:12:35.496,0.74551,0.74583,1.50,1.75
2016.05.05 02:12:36.092,0.74551,0.74583,1.50,1.75
2016.05.05 02:12:36.598,0.74551,0.74579,1.50,1.00
2016.05.05 02:12:39.103,0.74551,0.74583,1.50,2.25
2016.05.05 02:12:40.204,0.74551,0.74583,1.50,2.25
2016.05.05 02:12:40.905,0.74551,0.74583,1.50,2.25
2016.05.05 02:12:41.510,0.74551,0.74583,1.75,2.25
2016.05.05 02:12:47.811,0.74552,0.74582,1.00,1.75
2016.05.05 02:12:52.775,0.74547,0.74579,2.62,1.75
2016.05.05 02:12:53.956,0.74547,0.74579,2.62,1.75
2016.05.05 02:12:54.524,0.74547,0.74576,2.25,1.00
2016.05.05 02:12:55.376,0.74548,0.74576,1.00,1.00
2016.05.05 02:12:55.898,0.74547,0.74576,1.75,1.00
2016.05.05 02:12:57.944,0.74548,0.74576,1.00,1.00
2016.05.05 02:12:59.046,0.74547,0.74578,1.75,1.37
2016.05.05 02:13:01.552,0.74547,0.74578,1.75,1.37
2016.05.05 02:13:07.380,0.74547,0.74578,1.75,1.37
2016.05.05 02:13:08.238,0.74547,0.74578,1.75,1.37
2016.05.05 02:13:17.376,0.74547,0.74578,1.75,1.37
2016.05.05 02:13:18.237,0.74549,0.74578,1.00,1.37
2016.05.05 02:13:21.365,0.74546,0.74577,1.75,1.37
2016.05.05 02:13:21.580,0.74544,0.74575,2.62,1.00
2016.05.05 02:13:22.198,0.74545,0.74577,1.75,1.37
2016.05.05 02:13:24.198,0.74546,0.7458,1.75,2.62
2016.05.05 02:13:24.701,0.74546,0.7458,1.75,2.62
2016.05.05 02:13:24.900,0.74546,0.7458,1.75,1.87
2016.05.05 02:13:32.158,0.74546,0.7458,1.75,2.62
2016.05.05 02:13:39.709,0.74546,0.7458,1.75,1.87
2016.05.05 02:13:48.451,0.74547,0.74579,1.75,1.75
2016.05.05 02:13:55.865,0.74547,0.74579,1.37,1.50
2016.05.05 02:13:56.567,0.74547,0.74579,1.75,1.75
2016.05.05 02:14:04.787,0.74547,0.74579,1.75,1.37
2016.05.05 02:14:12.635,0.74547,0.7458,1.75,1.50
2016.05.05 02:14:13.149,0.74547,0.7458,1.75,1.50
2016.05.05 02:14:15.209,0.74547,0.7458,1.75,1.87
2016.05.05 02:14:19.317,0.74547,0.7458,1.75,1.87
2016.05.05 02:14:20.219,0.7455,0.7458,1.00,1.37
2016.05.05 02:14:21.758,0.74547,0.7458,1.75,1.87
2016.05.05 02:14:27.433,0.74547,0.74579,1.75,1.37
2016.05.05 02:14:31.370,0.74547,0.74579,1.75,1.50
2016.05.05 02:14:36.172,0.74552,0.74582,1.37,1.87
2016.05.05 02:14:36.242,0.74552,0.74582,1.75,1.50
2016.05.05 02:14:36.343,0.74552,0.74582,1.75,1.50
2016.05.05 02:14:36.650,0.74554,0.74584,1.87,1.00
2016.05.05 02:14:37.452,0.74552,0.74581,1.75,1.00
2016.05.05 02:14:39.682,0.74549,0.74581,1.75,1.50
2016.05.05 02:14:40.056,0.74551,0.74582,1.87,1.50
2016.05.05 02:14:42.964,0.74555,0.74585,1.75,1.00
2016.05.05 02:14:59.801,0.74559,0.7459,1.50,1.87
2016.05.05 02:15:04.250,0.74556,0.74583,1.50,1.00
2016.05.05 02:15:05.222,0.74554,0.74586,1.75,1.75
2016.05.05 02:15:06.010,0.74554,0.74583,1.75,1.00
2016.05.05 02:15:06.561,0.74552,0.74586,1.87,2.25
2016.05.05 02:15:06.662,0.74551,0.74584,1.75,1.75
2016.05.05 02:15:12.788,0.74555,0.74586,1.50,1.75
2016.05.05 02:15:16.146,0.74555,0.74585,1.50,1.37
2016.05.05 02:15:16.197,0.74557,0.74586,1.00,1.75
2016.05.05 02:15:16.825,0.74557,0.74586,1.50,1.50
2016.05.05 02:15:25.063,0.74557,0.74588,1.12,1.12
2016.05.05 02:15:25.379,0.74557,0.74588,1.50,1.12
2016.05.05 02:15:27.268,0.74557,0.74588,1.50,1.12
2016.05.05 02:15:31.784,0.74557,0.74588,1.50,1.37
2016.05.05 02:15:34.391,0.74557,0.74588,1.50,1.12
2016.05.05 02:15:35.177,0.74557,0.74588,1.50,1.12
2016.05.05 02:15:36.863,0.74557,0.74588,1.50,1.87
2016.05.05 02:15:37.949,0.74557,0.74588,1.50,1.87
2016.05.05 02:15:38.000,0.74557,0.74588,1.75,1.75
2016.05.05 02:15:44.816,0.74557,0.74588,1.75,1.50
2016.05.05 02:15:45.417,0.7456,0.74588,1.00,1.50
2016.05.05 02:15:45.695,0.7456,0.74592,1.50,2.25
2016.05.05 02:15:59.888,0.74563,0.74591,1.00,1.75
2016.05.05 02:16:09.718,0.74563,0.74593,1.37,1.87
2016.05.05 02:16:13.218,0.74564,0.74593,1.37,1.87
2016.05.05 02:16:13.837,0.74564,0.74593,1.00,1.87
2016.05.05 02:16:19.781,0.74564,0.74593,1.00,1.87
2016.05.05 02:16:21.797,0.74561,0.74593,1.75,1.12
2016.05.05 02:16:23.335,0.74561,0.74593,1.75,1.87
2016.05.05 02:16:27.147,0.74561,0.74588,1.50,1.00
2016.05.05 02:16:28.337,0.74564,0.74588,1.00,1.00
2016.05.05 02:16:29.445,0.74563,0.74593,1.12,1.12
2016.05.05 02:16:50.357,0.74562,0.74588,1.12,1.00
2016.05.05 02:17:05.547,0.74566,0.74593,1.00,1.12
2016.05.05 02:17:05.771,0.74567,0.74593,1.00,1.00
2016.05.05 02:17:05.872,0.74569,0.74593,1.00,1.00
2016.05.05 02:17:06.573,0.74567,0.74597,1.00,1.75
2016.05.05 02:17:09.829,0.74567,0.74597,1.00,1.75
2016.05.05 02:17:10.830,0.74567,0.74597,1.00,1.37
2016.05.05 02:17:17.243,0.74567,0.74597,1.00,1.75
2016.05.05 02:17:18.227,0.74567,0.74593,1.00,1.00
2016.05.05 02:17:21.151,0.74567,0.74597,1.00,1.75
2016.05.05 02:17:21.884,0.74567,0.74596,1.00,1.12
2016.05.05 02:17:32.978,0.7457,0.74596,1.00,1.87
2016.05.05 02:17:33.028,0.7457,0.74596,1.00,1.75
2016.05.05 02:17:41.620,0.74573,0.74601,1.00,1.12
2016.05.05 02:17:41.695,0.74573,0.74603,1.12,1.12
2016.05.05 02:17:42.315,0.74575,0.74603,1.00,1.12
2016.05.05 02:17:43.995,0.74574,0.74603,1.00,1.12
2016.05.05 02:17:50.960,0.74573,0.74603,1.12,1.12
2016.05.05 02:17:52.199,0.74574,0.74603,1.00,1.12
2016.05.05 02:17:52.526,0.74576,0.74603,1.00,1.12
2016.05.05 02:17:53.195,0.74577,0.74603,1.00,1.12
2016.05.05 02:17:53.245,0.74577,0.74604,1.00,1.50
2016.05.05 02:17:53.936,0.74578,0.74606,1.00,1.12
2016.05.05 02:18:02.132,0.74578,0.74609,1.12,1.87
2016.05.05 02:18:05.640,0.74578,0.74608,1.50,1.75
2016.05.05 02:18:07.444,0.74578,0.74608,1.50,1.75
2016.05.05 02:18:11.854,0.74578,0.74609,1.50,1.12
2016.05.05 02:18:12.756,0.74578,0.74609,1.50,1.12
2016.05.05 02:18:17.905,0.74579,0.74609,1.00,1.12
2016.05.05 02:18:18.320,0.74577,0.74609,1.00,1.12
2016.05.05 02:18:28.019,0.74579,0.74609,1.00,1.12
2016.05.05 02:18:29.243,0.74577,0.74609,1.00,1.87
2016.05.05 02:18:34.343,0.74579,0.74603,1.00,1.00
2016.05.05 02:18:39.805,0.74579,0.74609,1.12,1.12
2016.05.05 02:18:55.256,0.74578,0.74609,1.37,1.12
2016.05.05 02:18:56.859,0.74578,0.74604,1.37,1.00
2016.05.05 02:19:00.870,0.74578,0.7461,1.37,2.62
2016.05.05 02:19:04.278,0.74578,0.7461,1.37,1.87
2016.05.05 02:19:13.165,0.74578,0.7461,1.00,2.25
2016.05.05 02:19:22.872,0.74579,0.7461,1.00,1.87
2016.05.05 02:19:39.818,0.74579,0.74609,1.12,1.12
2016.05.05 02:19:45.580,0.74579,0.74609,1.50,1.12
2016.05.05 02:19:49.432,0.74579,0.74609,1.50,1.12
2016.05.05 02:19:49.533,0.7458,0.74607,1.37,1.00
2016.05.05 02:19:55.055,0.7458,0.74609,1.00,1.75
2016.05.05 02:19:55.656,0.74578,0.74605,1.50,1.00
2016.05.05 02:19:58.413,0.74578,0.74609,1.50,1.75
2016.05.05 02:20:03.940,0.74578,0.74609,1.50,1.75
2016.05.05 02:20:04.662,0.74578,0.74609,1.50,1.75
2016.05.05 02:20:05.166,0.7458,0.74609,1.00,1.75
2016.05.05 02:20:09.751,0.7458,0.74609,1.37,1.50
2016.05.05 02:20:10.255,0.74579,0.74609,1.75,1.50
2016.05.05 02:20:10.687,0.74579,0.74609,1.50,1.12
2016.05.05 02:20:16.915,0.74579,0.74609,1.50,1.12
2016.05.05 02:20:17.966,0.7458,0.74609,1.00,1.12
2016.05.05 02:20:18.596,0.74579,0.74609,1.00,1.12
2016.05.05 02:20:22.876,0.74578,0.74609,1.75,1.12
2016.05.05 02:20:29.487,0.74579,0.74609,1.00,1.37
2016.05.05 02:20:30.189,0.74578,0.74609,1.75,1.12
2016.05.05 02:20:31.093,0.74578,0.74609,1.75,1.37
2016.05.05 02:20:35.247,0.74583,0.74609,1.00,1.37
2016.05.05 02:20:35.348,0.74587,0.74615,1.00,1.87
2016.05.05 02:20:35.448,0.74584,0.74612,1.50,1.00
2016.05.05 02:20:35.815,0.7459,0.74617,1.00,1.12
2016.05.05 02:20:37.433,0.7459,0.74618,1.00,1.75
2016.05.05 02:20:53.895,0.74586,0.74619,1.75,1.12
2016.05.05 02:20:54.151,0.74585,0.74618,1.50,1.12
2016.05.05 02:20:54.503,0.74585,0.74616,1.50,1.87
2016.05.05 02:20:56.488,0.74585,0.74616,1.50,1.75
2016.05.05 02:20:57.436,0.74585,0.74613,1.75,1.00
2016.05.05 02:21:00.190,0.74585,0.74616,1.37,1.75
2016.05.05 02:21:00.840,0.74585,0.74616,1.37,1.75
2016.05.05 02:21:01.641,0.74585,0.74616,1.37,1.75
2016.05.05 02:21:02.342,0.74585,0.74616,1.37,1.75
2016.05.05 02:21:03.579,0.74585,0.74616,1.37,1.75
2016.05.05 02:21:03.695,0.74584,0.74613,1.75,1.00
2016.05.05 02:21:05.884,0.74586,0.74616,1.37,1.75
2016.05.05 02:21:07.287,0.74586,0.74616,1.37,1.75
2016.05.05 02:21:08.389,0.74586,0.74616,1.37,1.75
2016.05.05 02:21:11.996,0.74586,0.74613,1.37,1.00
2016.05.05 02:21:19.805,0.74586,0.74618,1.37,2.62
2016.05.05 02:21:35.033,0.74585,0.74617,1.50,1.75
2016.05.05 02:21:43.253,0.74585,0.74614,1.37,1.00
2016.05.05 02:21:45.156,0.74585,0.74617,1.37,1.75
2016.05.05 02:21:52.760,0.74585,0.74613,1.37,1.00
2016.05.05 02:22:10.106,0.74586,0.74618,1.37,2.62
2016.05.05 02:22:12.179,0.74586,0.74618,1.37,2.62
2016.05.05 02:22:13.211,0.74586,0.74618,1.37,2.62
2016.05.05 02:22:14.013,0.74586,0.74613,1.37,1.00
2016.05.05 02:22:15.785,0.74586,0.74617,1.37,1.12
2016.05.05 02:22:20.969,0.74584,0.74615,1.75,1.75
2016.05.05 02:22:21.071,0.74582,0.74611,1.37,1.37
2016.05.05 02:22:21.121,0.74582,0.74611,1.00,1.75
2016.05.05 02:22:21.722,0.74583,0.74612,1.00,1.87
2016.05.05 02:22:22.282,0.74584,0.74611,1.00,1.75
2016.05.05 02:22:22.439,0.74585,0.74611,1.00,1.75
2016.05.05 02:22:26.847,0.74584,0.74614,1.00,1.12
2016.05.05 02:22:30.044,0.74584,0.74614,1.37,1.12
2016.05.05 02:22:35.084,0.74584,0.74615,1.37,1.87
2016.05.05 02:22:35.134,0.74589,0.74615,1.00,1.87
2016.05.05 02:22:35.185,0.74586,0.74614,1.12,1.37
2016.05.05 02:22:35.285,0.74587,0.74617,1.50,1.12
2016.05.05 02:22:35.336,0.74587,0.74619,1.50,1.75
2016.05.05 02:22:35.853,0.74589,0.7462,1.37,2.62
2016.05.05 02:22:46.848,0.74589,0.74618,1.75,1.00
2016.05.05 02:22:47.719,0.74589,0.7462,1.37,2.25
2016.05.05 02:22:48.054,0.74589,0.7462,1.37,1.75
2016.05.05 02:22:48.581,0.74593,0.7462,1.00,1.75
2016.05.05 02:22:51.852,0.74595,0.7462,1.00,1.50
2016.05.05 02:22:52.002,0.74595,0.74623,1.00,1.87
2016.05.05 02:22:52.411,0.74594,0.74621,1.00,1.12
2016.05.05 02:22:52.870,0.74594,0.74623,1.00,1.87
2016.05.05 02:22:54.046,0.74592,0.74622,1.37,1.75
2016.05.05 02:22:54.307,0.74592,0.74621,1.00,1.12
2016.05.05 02:22:57.491,0.74595,0.74621,1.00,1.12
2016.05.05 02:22:58.160,0.74594,0.74621,1.00,1.12
2016.05.05 02:22:59.277,0.74595,0.74621,1.00,1.12
2016.05.05 02:22:59.378,0.74595,0.74622,1.00,1.75
2016.05.05 02:23:09.932,0.74597,0.74623,1.00,1.12
2016.05.05 02:23:10.065,0.74597,0.74626,1.00,1.12
2016.05.05 02:23:10.173,0.74599,0.74624,1.12,1.00
2016.05.05 02:23:10.348,0.74599,0.74629,1.12,1.87
2016.05.05 02:23:10.399,0.74596,0.74627,1.00,1.12
2016.05.05 02:23:10.499,0.74594,0.74623,1.00,1.12
2016.05.05 02:23:10.800,0.7459,0.74621,1.12,1.12
2016.05.05 02:23:12.384,0.74588,0.74621,1.37,1.87
2016.05.05 02:23:12.554,0.74588,0.74618,1.12,1.12
2016.05.05 02:23:19.064,0.74587,0.74618,1.37,1.87
2016.05.05 02:23:19.617,0.74586,0.74615,1.00,1.87
2016.05.05 02:23:23.441,0.74589,0.74615,1.00,1.87
2016.05.05 02:23:24.760,0.7459,0.74615,1.00,1.87
2016.05.05 02:23:31.826,0.74592,0.74615,1.00,1.87
2016.05.05 02:23:31.977,0.74591,0.74619,1.37,1.00
2016.05.05 02:23:32.488,0.74591,0.74623,1.37,1.75
2016.05.05 02:23:32.991,0.74591,0.74619,1.37,1.00
2016.05.05 02:23:34.957,0.74595,0.74623,1.00,1.75
2016.05.05 02:23:37.765,0.74594,0.74623,1.00,1.75
2016.05.05 02:23:47.208,0.74594,0.74624,1.00,1.87
2016.05.05 02:23:51.572,0.74595,0.74624,1.00,1.87
2016.05.05 02:23:51.673,0.74596,0.74624,1.12,1.75
2016.05.05 02:23:51.723,0.74598,0.74624,1.00,1.75
2016.05.05 02:23:52.323,0.74599,0.74626,1.00,1.12
2016.05.05 02:23:58.239,0.74597,0.74626,1.00,1.12
2016.05.05 02:23:58.927,0.74595,0.74626,1.37,1.12
2016.05.05 02:24:07.776,0.74593,0.74624,1.37,1.75
2016.05.05 02:24:07.827,0.74593,0.74623,1.12,1.12
2016.05.05 02:24:08.439,0.74595,0.74623,1.00,1.12
2016.05.05 02:24:08.497,0.74595,0.74625,1.12,1.75
2016.05.05 02:24:12.202,0.74595,0.74624,1.37,1.12
2016.05.05 02:24:19.098,0.74595,0.74626,1.37,1.75
2016.05.05 02:24:19.149,0.74595,0.74626,1.12,1.87
2016.05.05 02:24:35.077,0.74596,0.74626,1.00,1.12
2016.05.05 02:24:35.134,0.74596,0.74628,1.37,2.62
2016.05.05 02:24:38.638,0.74598,0.74623,1.00,1.00
2016.05.05 02:24:55.505,0.74598,0.74628,1.00,1.87
2016.05.05 02:24:59.017,0.746,0.74629,1.00,1.12
2016.05.05 02:24:59.168,0.74602,0.74634,1.00,2.62
2016.05.05 02:25:02.281,0.74602,0.74634,1.00,2.62
2016.05.05 02:25:03.083,0.74602,0.74634,1.00,1.87
2016.05.05 02:25:03.183,0.746,0.74628,1.12,1.00
2016.05.05 02:25:06.123,0.746,0.74632,1.37,1.75
2016.05.05 02:25:06.224,0.74606,0.74634,1.00,1.87
2016.05.05 02:25:06.325,0.74608,0.74638,1.00,1.87
2016.05.05 02:25:07.288,0.74608,0.74638,1.00,1.75
2016.05.05 02:25:07.995,0.74608,0.74636,1.00,1.00
2016.05.05 02:25:11.556,0.74602,0.74634,1.75,1.00
2016.05.05 02:25:11.757,0.74599,0.74633,1.12,1.75
2016.05.05 02:25:12.710,0.74599,0.74631,1.00,1.75
2016.05.05 02:25:13.948,0.74599,0.74631,1.00,1.75
2016.05.05 02:25:14.590,0.74599,0.74631,1.00,1.75
2016.05.05 02:25:15.419,0.74599,0.74631,1.00,1.75
2016.05.05 02:25:15.935,0.746,0.74632,1.00,1.75
2016.05.05 02:25:16.404,0.74598,0.74629,1.12,1.75
2016.05.05 02:25:16.455,0.74598,0.74628,1.00,1.12
2016.05.05 02:25:17.123,0.74596,0.74627,1.37,1.75
2016.05.05 02:25:18.814,0.74594,0.74625,1.12,1.37
2016.05.05 02:25:23.144,0.74594,0.74624,1.00,1.12
2016.05.05 02:25:38.248,0.74594,0.74622,1.00,1.87
2016.05.05 02:25:39.427,0.74597,0.74622,1.00,1.87
2016.05.05 02:25:39.478,0.74595,0.74621,1.12,1.00
2016.05.05 02:25:39.625,0.74599,0.74626,1.00,1.87
2016.05.05 02:25:39.925,0.74597,0.74626,1.00,1.12
2016.05.05 02:25:48.954,0.74596,0.74626,1.00,1.87
2016.05.05 02:25:59.790,0.74596,0.74624,1.00,1.87
2016.05.05 02:26:08.342,0.74598,0.74624,1.00,1.87
2016.05.05 02:26:08.648,0.74597,0.74624,1.00,1.75
2016.05.05 02:26:08.766,0.74597,0.74624,1.00,1.87
2016.05.05 02:26:14.008,0.74595,0.74624,1.00,1.12
2016.05.05 02:26:14.109,0.74598,0.74624,1.00,1.12
2016.05.05 02:26:14.260,0.74596,0.74624,1.00,1.12
2016.05.05 02:26:17.913,0.74594,0.74624,1.12,1.12
2016.05.05 02:26:21.448,0.74594,0.74622,1.00,1.12
2016.05.05 02:26:30.871,0.74594,0.74624,1.12,1.12
2016.05.05 02:26:30.921,0.74596,0.74624,1.00,1.87
2016.05.05 02:26:36.557,0.74594,0.74624,1.12,1.87
2016.05.05 02:26:37.002,0.74596,0.74624,1.00,1.87
2016.05.05 02:27:05.911,0.74594,0.74624,1.12,1.50
2016.05.05 02:27:15.470,0.74597,0.74624,1.00,1.12
2016.05.05 02:27:15.570,0.74597,0.74624,1.12,1.50
2016.05.05 02:27:17.161,0.74597,0.74626,1.00,1.12
2016.05.05 02:27:17.604,0.74599,0.74628,1.00,1.75
2016.05.05 02:27:17.988,0.74597,0.74627,1.00,1.12
2016.05.05 02:27:35.900,0.74596,0.74627,1.12,1.12
2016.05.05 02:27:40.424,0.74595,0.74627,1.75,2.62
2016.05.05 02:27:41.425,0.74596,0.74627,1.00,2.62
2016.05.05 02:27:46.834,0.74595,0.74627,1.75,1.50
2016.05.05 02:27:46.885,0.74595,0.74627,1.75,1.37
2016.05.05 02:27:47.035,0.74597,0.74629,1.75,1.75
2016.05.05 02:27:47.382,0.74599,0.74628,1.00,1.50
2016.05.05 02:28:02.015,0.74597,0.74624,1.37,1.00
2016.05.05 02:28:08.525,0.74597,0.74628,1.37,1.75
2016.05.05 02:28:12.823,0.74597,0.74624,1.37,1.00
2016.05.05 02:28:16.336,0.74601,0.74629,1.12,1.87
2016.05.05 02:28:16.436,0.74602,0.74632,1.00,1.12
2016.05.05 02:28:17.759,0.74603,0.74632,1.00,1.12
2016.05.05 02:28:17.944,0.74605,0.74637,1.37,2.62
2016.05.05 02:28:21.038,0.74602,0.74633,1.12,1.75
2016.05.05 02:28:27.143,0.74604,0.74633,1.00,1.75
2016.05.05 02:28:30.195,0.74598,0.74629,1.75,1.00
2016.05.05 02:28:30.246,0.74598,0.7463,1.37,1.75
2016.05.05 02:28:30.371,0.74598,0.74628,1.12,1.87
2016.05.05 02:28:31.098,0.746,0.74628,1.00,1.37
2016.05.05 02:28:35.938,0.74601,0.74628,1.00,1.87
2016.05.05 02:28:36.098,0.74603,0.74628,1.00,1.37
2016.05.05 02:28:36.149,0.74605,0.74631,1.00,1.37
2016.05.05 02:28:36.199,0.74602,0.74635,1.50,2.62
2016.05.05 02:28:36.250,0.74602,0.74635,1.37,2.62
2016.05.05 02:28:36.401,0.746,0.74626,1.37,1.00
2016.05.05 02:28:54.772,0.746,0.7463,1.37,1.75
2016.05.05 02:28:54.823,0.74599,0.7463,1.00,1.87
2016.05.05 02:28:55.775,0.74597,0.7463,1.75,1.87
2016.05.05 02:29:01.597,0.74599,0.7463,1.50,1.87
2016.05.05 02:29:15.148,0.74599,0.7463,1.50,1.87
2016.05.05 02:29:15.707,0.74599,0.74631,1.37,2.62
2016.05.05 02:29:21.459,0.74599,0.74631,1.50,2.62
2016.05.05 02:29:25.293,0.74599,0.74626,1.50,1.00
2016.05.05 02:29:31.192,0.74599,0.7463,1.50,1.87
2016.05.05 02:29:31.802,0.74599,0.7463,1.37,1.87
2016.05.05 02:29:36.285,0.74599,0.74625,1.50,1.00
2016.05.05 02:29:47.704,0.74598,0.74629,1.75,1.87
2016.05.05 02:29:53.978,0.74598,0.74629,1.75,1.87
2016.05.05 02:29:56.435,0.74598,0.74629,1.75,1.87
2016.05.05 02:29:59.140,0.74598,0.74629,1.50,1.12
2016.05.05 02:30:00.643,0.74598,0.74629,1.75,1.87
2016.05.05 02:30:00.825,0.74602,0.74629,1.12,1.00
2016.05.05 02:30:01.485,0.746,0.74632,1.37,1.75
2016.05.05 02:30:02.006,0.74602,0.74629,1.12,1.00
2016.05.05 02:30:02.550,0.74602,0.74634,1.12,1.75
2016.05.05 02:30:04.968,0.74601,0.74629,1.37,1.00
2016.05.05 02:30:06.471,0.74601,0.74633,1.37,1.75
2016.05.05 02:30:07.673,0.74601,0.74633,1.37,1.75
2016.05.05 02:30:13.683,0.74601,0.74633,1.37,1.75
2016.05.05 02:30:17.189,0.74601,0.74633,1.37,2.25
2016.05.05 02:30:17.490,0.74601,0.74632,1.12,1.87
2016.05.05 02:30:18.663,0.74603,0.74632,1.00,1.87
2016.05.05 02:30:25.784,0.74603,0.74632,1.12,1.75
2016.05.05 02:30:26.808,0.74603,0.74632,1.50,1.75
2016.05.05 02:30:27.509,0.74603,0.74632,1.50,1.75
2016.05.05 02:30:29.412,0.74605,0.7463,1.00,1.00
2016.05.05 02:30:29.462,0.74603,0.7463,1.12,1.00
2016.05.05 02:30:30.012,0.74603,0.74635,1.12,2.62
2016.05.05 02:30:30.113,0.74603,0.74632,1.00,1.87
2016.05.05 02:30:32.264,0.74604,0.74632,1.00,1.87
2016.05.05 02:30:32.315,0.74604,0.74629,1.12,1.00
2016.05.05 02:30:32.816,0.74605,0.74633,1.00,1.75
2016.05.05 02:30:33.466,0.74604,0.74632,1.12,1.50
2016.05.05 02:30:33.818,0.74602,0.74632,1.12,1.87
2016.05.05 02:30:52.612,0.74602,0.7463,1.00,1.12
2016.05.05 02:30:52.663,0.746,0.7463,1.12,1.87
2016.05.05 02:30:58.277,0.746,0.7463,1.50,1.87
2016.05.05 02:30:58.488,0.746,0.74631,1.75,1.75
2016.05.05 02:30:59.164,0.746,0.7463,1.37,1.75
2016.05.05 02:31:01.291,0.746,0.74627,1.37,1.00
2016.05.05 02:31:10.585,0.746,0.7463,1.37,1.75
2016.05.05 02:31:11.286,0.74599,0.74631,1.37,1.75
2016.05.05 02:31:13.762,0.74597,0.74628,1.50,1.75
2016.05.05 02:31:13.863,0.74596,0.74627,1.12,1.87
2016.05.05 02:31:14.547,0.74593,0.74625,1.37,1.12
2016.05.05 02:31:14.806,0.74593,0.74626,1.50,1.75
2016.05.05 02:31:18.109,0.74593,0.74626,1.37,1.75
2016.05.05 02:31:20.604,0.74593,0.74622,1.37,1.00
2016.05.05 02:31:31.673,0.74593,0.74624,1.00,1.12
2016.05.05 02:31:31.992,0.74593,0.74623,1.75,1.75
2016.05.05 02:31:33.126,0.74595,0.74625,1.50,1.12
2016.05.05 02:31:51.764,0.74595,0.74627,1.50,2.25
2016.05.05 02:31:52.411,0.74593,0.74625,1.50,1.37
2016.05.05 02:31:52.755,0.74591,0.74622,2.25,1.12
2016.05.05 02:31:53.289,0.74591,0.74622,1.50,1.12
2016.05.05 02:32:11.365,0.74591,0.74623,1.37,1.12
2016.05.05 02:32:39.544,0.74591,0.74622,1.37,1.87
2016.05.05 02:32:57.428,0.74589,0.7462,1.75,1.00
2016.05.05 02:32:58.920,0.7459,0.74622,1.75,1.75
2016.05.05 02:33:05.765,0.74593,0.74624,1.00,2.25
2016.05.05 02:33:09.988,0.7459,0.74621,1.50,1.75
2016.05.05 02:33:10.645,0.7459,0.74621,1.37,1.37
2016.05.05 02:33:12.549,0.74592,0.74624,1.50,2.25
2016.05.05 02:33:20.061,0.74592,0.74622,1.00,1.87
2016.05.05 02:33:28.259,0.74593,0.74622,1.00,1.12
2016.05.05 02:33:28.310,0.74593,0.74624,1.50,1.75
2016.05.05 02:33:28.791,0.74593,0.74624,1.50,1.87
2016.05.05 02:33:44.197,0.74589,0.74622,1.75,1.87
2016.05.05 02:33:51.431,0.74592,0.7462,1.50,1.00
2016.05.05 02:33:59.655,0.7459,0.74622,1.75,1.75
2016.05.05 02:34:00.289,0.7459,0.7462,1.75,1.00
2016.05.05 02:34:08.696,0.74589,0.7462,1.75,1.75
2016.05.05 02:34:56.329,0.74591,0.7462,1.00,1.75
2016.05.05 02:35:02.869,0.74588,0.74621,1.75,1.12
2016.05.05 02:35:03.370,0.74591,0.74621,1.00,1.12
2016.05.05 02:35:12.289,0.74591,0.74622,1.00,2.62
2016.05.05 02:35:13.292,0.74588,0.74622,1.75,2.62
2016.05.05 02:35:15.211,0.7459,0.74622,1.75,2.62
2016.05.05 02:35:16.700,0.7459,0.74622,1.75,2.62
2016.05.05 02:35:21.210,0.7459,0.74622,1.75,2.62
2016.05.05 02:35:24.416,0.74591,0.74622,1.75,1.75
2016.05.05 02:35:24.618,0.74591,0.74622,1.75,1.37
2016.05.05 02:35:28.027,0.74591,0.74622,1.75,1.37
2016.05.05 02:35:30.433,0.74591,0.74622,1.37,1.50
2016.05.05 02:35:34.286,0.74593,0.74623,1.75,1.75
2016.05.05 02:35:37.976,0.74593,0.74624,1.50,1.87
2016.05.05 02:35:38.519,0.74593,0.74623,1.75,1.37
2016.05.05 02:35:39.828,0.74593,0.74623,1.37,1.75
2016.05.05 02:35:41.162,0.74593,0.74624,1.37,1.87
2016.05.05 02:35:41.797,0.74593,0.74623,1.37,1.75
2016.05.05 02:35:43.518,0.74592,0.74623,1.50,1.87
2016.05.05 02:35:47.072,0.74592,0.74624,1.50,2.62
2016.05.05 02:35:47.975,0.74592,0.74623,1.50,1.87
2016.05.05 02:35:48.978,0.74592,0.74623,1.50,1.87
2016.05.05 02:35:50.682,0.74592,0.74623,1.50,1.75
2016.05.05 02:35:51.427,0.74592,0.74624,1.50,2.25
2016.05.05 02:35:55.193,0.74592,0.74623,1.50,1.87
2016.05.05 02:35:59.790,0.74592,0.74623,1.75,1.87
2016.05.05 02:36:00.305,0.74592,0.74623,1.75,1.87
2016.05.05 02:36:04.817,0.74592,0.74624,1.75,1.75
2016.05.05 02:36:05.619,0.74595,0.74624,1.00,1.12
2016.05.05 02:36:08.123,0.74595,0.74624,1.37,1.87
2016.05.05 02:36:08.452,0.74599,0.74629,1.12,1.50
2016.05.05 02:36:08.502,0.74601,0.74629,1.00,1.50
2016.05.05 02:36:09.042,0.746,0.74629,1.00,1.75
2016.05.05 02:36:16.360,0.74603,0.74629,1.00,1.37
2016.05.05 02:36:29.246,0.74603,0.74629,1.00,1.87
2016.05.05 02:36:29.297,0.74599,0.74629,1.00,1.87
2016.05.05 02:36:29.557,0.74603,0.74629,1.00,1.87
2016.05.05 02:36:36.137,0.74601,0.74629,1.00,1.87
2016.05.05 02:36:48.132,0.74597,0.74628,1.00,1.75
2016.05.05 02:36:50.266,0.74598,0.74628,1.00,1.75
2016.05.05 02:36:55.887,0.74597,0.74629,1.12,2.62
2016.05.05 02:36:56.219,0.74598,0.74628,1.37,1.50
2016.05.05 02:36:59.943,0.74598,0.74629,1.12,1.87
2016.05.05 02:37:00.926,0.74598,0.74628,1.37,1.50
2016.05.05 02:37:02.295,0.74599,0.74629,1.00,1.87
2016.05.05 02:37:08.047,0.74594,0.74626,1.12,2.62
2016.05.05 02:37:08.151,0.74592,0.74623,1.12,1.12
2016.05.05 02:37:08.523,0.74589,0.74621,1.50,2.62
2016.05.05 02:37:39.768,0.74587,0.74619,1.50,1.87
2016.05.05 02:37:46.955,0.74589,0.74619,1.00,1.12
2016.05.05 02:37:51.814,0.74588,0.74618,1.00,1.75
2016.05.05 02:37:58.802,0.74587,0.74615,1.50,1.00
2016.05.05 02:38:07.824,0.74587,0.74618,1.00,1.75
2016.05.05 02:38:24.057,0.74586,0.74618,1.50,1.75
2016.05.05 02:38:35.718,0.74586,0.74619,1.37,1.87
2016.05.05 02:38:37.179,0.74586,0.74616,1.00,1.12
2016.05.05 02:38:39.093,0.74584,0.74616,1.37,1.87
2016.05.05 02:38:39.427,0.74583,0.74613,1.12,1.12
2016.05.05 02:38:43.582,0.74584,0.74611,1.00,1.50
2016.05.05 02:38:43.808,0.74584,0.74616,1.50,2.62
2016.05.05 02:38:52.708,0.74583,0.74614,1.12,1.37
2016.05.05 02:39:01.936,0.74579,0.74611,1.37,1.87
2016.05.05 02:39:11.952,0.74576,0.74609,1.50,1.12
2016.05.05 02:39:29.389,0.74579,0.7461,1.00,1.87
2016.05.05 02:39:29.697,0.7458,0.7461,1.37,1.37
2016.05.05 02:39:32.776,0.7458,0.7461,1.12,1.12
2016.05.05 02:39:36.658,0.74579,0.7461,1.00,1.87
2016.05.05 02:39:37.460,0.74578,0.7461,1.75,1.87
2016.05.05 02:39:45.194,0.74578,0.7461,1.75,1.87
2016.05.05 02:39:52.200,0.74578,0.7461,1.75,1.87
2016.05.05 02:39:56.606,0.74579,0.7461,1.00,1.12
2016.05.05 02:39:57.108,0.74578,0.7461,1.50,1.75
2016.05.05 02:39:57.213,0.7458,0.74611,1.50,1.75
2016.05.05 02:40:02.569,0.74579,0.74611,1.50,1.75
2016.05.05 02:40:03.544,0.74579,0.74611,1.50,2.25
2016.05.05 02:40:06.632,0.74579,0.74611,1.50,2.25
2016.05.05 02:40:08.938,0.74579,0.74611,1.50,2.25
2016.05.05 02:40:09.546,0.74579,0.74611,1.50,2.25
2016.05.05 02:40:10.141,0.74579,0.74611,1.50,2.25
2016.05.05 02:40:10.676,0.74579,0.74607,1.50,1.00
2016.05.05 02:40:13.049,0.74579,0.74611,1.50,2.25
2016.05.05 02:40:19.455,0.74579,0.74611,1.50,2.25
2016.05.05 02:40:32.306,0.74578,0.7461,1.37,2.62
2016.05.05 02:40:32.884,0.74577,0.74604,1.50,1.00
2016.05.05 02:40:33.397,0.74577,0.74609,1.50,1.75
2016.05.05 02:40:37.494,0.74577,0.74608,1.50,1.75
2016.05.05 02:40:38.222,0.74578,0.7461,1.37,1.75
2016.05.05 02:40:39.498,0.74576,0.74608,1.50,1.75
2016.05.05 02:40:39.599,0.74575,0.74603,1.50,1.00
2016.05.05 02:40:40.107,0.74575,0.74605,1.37,1.75
2016.05.05 02:40:40.407,0.74571,0.74605,2.62,1.75
2016.05.05 02:40:48.823,0.74571,0.74601,1.37,1.00
2016.05.05 02:40:55.921,0.7457,0.74604,1.87,1.75
2016.05.05 02:41:13.444,0.74573,0.74605,1.75,1.87
2016.05.05 02:41:28.302,0.74577,0.74605,1.00,1.50
2016.05.05 02:41:28.995,0.74575,0.74607,1.75,1.87
2016.05.05 02:41:30.198,0.74577,0.74607,1.00,1.87
2016.05.05 02:41:36.008,0.74575,0.74607,1.75,1.87
2016.05.05 02:41:42.238,0.74578,0.74607,1.37,1.50
2016.05.05 02:41:42.338,0.7458,0.74612,1.50,2.25
2016.05.05 02:41:59.817,0.74579,0.74611,1.75,1.75
2016.05.05 02:42:01.894,0.74582,0.74612,1.00,1.87
2016.05.05 02:42:04.593,0.74581,0.74612,1.00,2.62
2016.05.05 02:42:06.056,0.74579,0.7461,1.00,1.12
2016.05.05 02:42:22.358,0.74579,0.74609,1.00,1.75
2016.05.05 02:42:40.753,0.74577,0.74608,1.50,1.87
2016.05.05 02:42:44.894,0.74575,0.74604,1.00,1.37
2016.05.05 02:42:45.443,0.74572,0.74603,1.75,1.75
2016.05.05 02:42:51.632,0.74571,0.74603,1.00,1.75
2016.05.05 02:42:53.062,0.74568,0.746,1.12,1.87
2016.05.05 02:42:54.543,0.74568,0.746,1.50,1.87
2016.05.05 02:43:03.112,0.74568,0.746,1.50,1.87
2016.05.05 02:43:04.259,0.74569,0.746,1.12,1.12
2016.05.05 02:43:04.760,0.74568,0.746,1.00,1.87
2016.05.05 02:43:08.330,0.74566,0.746,1.75,1.75
2016.05.05 02:43:08.867,0.7457,0.746,1.12,1.75
2016.05.05 02:43:09.030,0.7457,0.74601,1.75,1.75
2016.05.05 02:43:23.229,0.74571,0.74602,1.37,1.75
2016.05.05 02:43:23.479,0.74568,0.746,2.25,1.87
2016.05.05 02:43:24.100,0.74569,0.746,1.00,2.62
2016.05.05 02:43:36.993,0.74569,0.74597,1.00,1.12
2016.05.05 02:43:39.846,0.74569,0.74596,1.37,1.37
2016.05.05 02:43:40.638,0.74569,0.74596,1.12,1.37
2016.05.05 02:43:45.534,0.7457,0.74597,1.00,1.87
2016.05.05 02:43:45.981,0.74572,0.74597,1.00,1.87
2016.05.05 02:43:46.031,0.74572,0.74596,1.00,1.00
2016.05.05 02:43:46.251,0.74569,0.74596,1.37,1.00
2016.05.05 02:43:46.408,0.74569,0.74599,1.00,1.12
2016.05.05 02:43:54.870,0.74568,0.74599,1.00,1.12
2016.05.05 02:43:58.831,0.74569,0.74599,1.00,1.12
2016.05.05 02:44:02.342,0.74569,0.74598,1.00,1.87
2016.05.05 02:44:04.593,0.74569,0.74597,1.37,1.50
2016.05.05 02:44:05.220,0.74569,0.74598,1.00,1.87
2016.05.05 02:44:19.777,0.74569,0.74599,1.12,1.75
2016.05.05 02:44:24.936,0.74567,0.74594,1.50,1.00
2016.05.05 02:44:28.543,0.74567,0.74599,1.50,2.25
2016.05.05 02:44:30.849,0.74567,0.74599,1.12,2.25
2016.05.05 02:44:35.299,0.7457,0.74599,1.12,1.75
2016.05.05 02:44:39.198,0.7457,0.74599,1.37,1.50
2016.05.05 02:44:39.710,0.7457,0.74599,1.37,1.50
2016.05.05 02:44:46.779,0.7457,0.74601,1.00,1.87
2016.05.05 02:44:48.114,0.74571,0.74601,1.00,1.87
2016.05.05 02:44:51.337,0.74569,0.746,1.37,1.37
2016.05.05 02:44:54.292,0.74569,0.746,1.12,1.75
2016.05.05 02:44:59.748,0.74569,0.74601,1.12,2.62
2016.05.05 02:45:05.923,0.74568,0.74599,1.00,1.75
2016.05.05 02:45:08.300,0.74569,0.74601,1.12,2.62
2016.05.05 02:45:19.790,0.74569,0.746,1.50,1.12
2016.05.05 02:45:25.802,0.74567,0.74597,1.50,1.12
2016.05.05 02:45:26.661,0.74567,0.74597,1.00,1.12
2016.05.05 02:45:36.828,0.74566,0.74598,1.75,2.25
2016.05.05 02:45:41.246,0.74568,0.74598,1.00,2.62
2016.05.05 02:46:19.816,0.74566,0.74597,1.37,1.12
2016.05.05 02:46:24.207,0.74566,0.74597,1.75,1.12
2016.05.05 02:46:31.225,0.74562,0.74598,1.87,1.75
2016.05.05 02:46:32.514,0.74567,0.74597,1.00,1.12
2016.05.05 02:46:37.169,0.74562,0.74598,1.87,1.87
2016.05.05 02:46:47.434,0.74562,0.74598,1.87,1.87
2016.05.05 02:46:54.853,0.74568,0.74598,1.00,1.50
2016.05.05 02:46:55.752,0.74567,0.74598,1.37,1.75
2016.05.05 02:46:56.860,0.74567,0.74597,1.00,1.87
2016.05.05 02:47:21.503,0.74567,0.74596,1.50,1.75
2016.05.05 02:47:23.912,0.74567,0.74596,1.75,1.37
2016.05.05 02:47:25.114,0.74568,0.74596,1.00,1.50
2016.05.05 02:47:25.656,0.74569,0.74596,1.00,1.50
2016.05.05 02:47:33.336,0.74569,0.74596,1.37,1.37
2016.05.05 02:47:33.850,0.74569,0.74598,1.12,1.75
2016.05.05 02:47:34.392,0.74569,0.74598,1.37,1.75
2016.05.05 02:47:35.140,0.74569,0.74598,1.12,1.75
2016.05.05 02:47:39.804,0.74569,0.74598,1.00,1.75
2016.05.05 02:47:47.359,0.74569,0.74598,1.37,1.50
2016.05.05 02:47:50.989,0.74569,0.74598,1.37,1.37
2016.05.05 02:47:55.375,0.74569,0.74599,1.00,1.87
2016.05.05 02:47:55.876,0.74569,0.74598,1.37,1.37
2016.05.05 02:47:59.686,0.74569,0.746,1.37,1.12
2016.05.05 02:47:59.775,0.74569,0.74601,1.37,2.62
2016.05.05 02:48:01.391,0.74569,0.74601,1.00,2.62
2016.05.05 02:48:02.699,0.74569,0.746,1.37,1.75
2016.05.05 02:48:03.194,0.74569,0.746,1.12,1.75
2016.05.05 02:48:07.101,0.74569,0.746,1.37,1.75
2016.05.05 02:48:11.810,0.74569,0.74601,1.12,2.62
2016.05.05 02:48:12.551,0.74568,0.746,1.50,2.25
2016.05.05 02:48:12.611,0.74568,0.74596,1.50,1.00
2016.05.05 02:48:12.928,0.74567,0.74597,1.50,1.12
2016.05.05 02:48:26.942,0.74567,0.74597,1.50,1.12
2016.05.05 02:48:29.550,0.74567,0.74597,1.50,1.37
2016.05.05 02:48:30.773,0.74567,0.74598,1.75,1.87
2016.05.05 02:48:35.259,0.74568,0.74598,1.00,1.87
2016.05.05 02:48:59.868,0.74567,0.74597,1.50,1.12
2016.05.05 02:49:19.833,0.74567,0.74598,1.00,2.25
2016.05.05 02:49:35.226,0.74566,0.74598,1.37,1.75
2016.05.05 02:49:42.639,0.74566,0.74597,1.00,1.12
2016.05.05 02:49:43.290,0.74566,0.74595,1.37,1.75
2016.05.05 02:49:45.810,0.74565,0.74595,1.50,1.75
2016.05.05 02:49:45.860,0.74565,0.74594,1.12,1.12
2016.05.05 02:49:46.348,0.74561,0.74592,1.50,1.12
2016.05.05 02:49:47.007,0.74561,0.74591,1.50,1.75
2016.05.05 02:49:48.965,0.74562,0.74591,1.00,1.75
2016.05.05 02:49:49.258,0.74562,0.74594,1.50,1.75
2016.05.05 02:49:50.016,0.74562,0.74591,1.50,1.00
2016.05.05 02:49:51.118,0.74562,0.74594,1.37,1.75
2016.05.05 02:49:53.118,0.74562,0.74594,1.37,1.75
2016.05.05 02:49:54.014,0.74562,0.74594,1.75,1.75
2016.05.05 02:50:13.673,0.74563,0.74591,1.00,1.00
2016.05.05 02:50:13.804,0.74563,0.74593,1.00,1.87
2016.05.05 02:50:17.112,0.74558,0.7459,1.75,1.87
2016.05.05 02:50:17.998,0.74559,0.7459,1.00,1.87
2016.05.05 02:50:20.797,0.74558,0.7459,1.75,1.87
2016.05.05 02:50:23.442,0.74559,0.7459,1.50,1.12
2016.05.05 02:50:23.555,0.74562,0.74593,1.00,2.62
2016.05.05 02:50:25.242,0.74562,0.74593,1.50,1.87
2016.05.05 02:50:25.375,0.74564,0.74593,1.00,1.75
2016.05.05 02:50:34.532,0.7456,0.74593,1.75,1.12
2016.05.05 02:50:41.334,0.74564,0.74593,1.00,1.12
2016.05.05 02:50:41.485,0.74567,0.74594,1.00,1.50
2016.05.05 02:50:41.891,0.74565,0.74594,1.50,1.50
2016.05.05 02:50:45.346,0.74565,0.74597,1.50,1.75
2016.05.05 02:50:47.478,0.74565,0.74596,1.50,1.75
2016.05.05 02:50:48.429,0.74565,0.74596,1.50,1.75
2016.05.05 02:50:48.553,0.74567,0.74595,1.37,1.37
2016.05.05 02:50:48.661,0.74565,0.74595,1.50,1.50
2016.05.05 02:50:48.981,0.74565,0.74596,1.75,1.75
2016.05.05 02:50:52.664,0.74566,0.74596,1.00,1.75
2016.05.05 02:51:02.895,0.74566,0.74594,1.50,1.37
2016.05.05 02:51:03.341,0.74566,0.74596,1.50,1.37
2016.05.05 02:51:03.480,0.74564,0.74596,2.62,1.50
2016.05.05 02:51:03.590,0.74564,0.74595,2.25,1.37
2016.05.05 02:51:05.589,0.74562,0.74594,1.50,1.87
2016.05.05 02:51:20.333,0.74561,0.74591,1.00,1.12
2016.05.05 02:51:21.111,0.74559,0.74591,1.50,1.87
2016.05.05 02:51:39.779,0.74559,0.7459,1.75,1.75
2016.05.05 02:51:43.636,0.74559,0.74589,1.12,1.12
2016.05.05 02:51:44.088,0.74559,0.74591,1.37,1.87
2016.05.05 02:52:03.651,0.74555,0.74587,1.75,2.62
2016.05.05 02:52:10.929,0.74558,0.74587,1.00,1.50
2016.05.05 02:52:12.444,0.74557,0.74588,1.50,2.62
2016.05.05 02:52:13.746,0.74557,0.74587,1.50,1.87
2016.05.05 02:52:19.167,0.74557,0.74588,1.50,2.62
2016.05.05 02:52:19.768,0.74556,0.74587,1.75,1.37
2016.05.05 02:52:23.266,0.74557,0.74588,1.50,1.87
2016.05.05 02:52:25.270,0.74557,0.74589,1.50,2.62
2016.05.05 02:52:29.323,0.74555,0.74589,1.75,2.62
2016.05.05 02:52:30.078,0.74555,0.74588,1.75,1.87
2016.05.05 02:52:32.784,0.74555,0.74588,1.37,1.87
2016.05.05 02:52:35.455,0.74557,0.74588,1.00,1.87
2016.05.05 02:52:35.991,0.74555,0.74588,1.75,1.87
2016.05.05 02:52:59.732,0.74557,0.74588,1.00,1.50
2016.05.05 02:53:00.793,0.74557,0.74588,1.00,1.75
2016.05.05 02:53:02.562,0.74553,0.74582,1.37,1.50
2016.05.05 02:53:08.358,0.74554,0.74582,1.50,1.37
2016.05.05 02:53:11.511,0.74554,0.74586,1.75,1.87
2016.05.05 02:53:11.621,0.74556,0.74586,1.37,1.50
2016.05.05 02:53:11.672,0.74557,0.74589,1.75,1.75
2016.05.05 02:53:11.964,0.74556,0.74586,1.12,1.12
2016.05.05 02:53:12.266,0.74555,0.74582,1.00,1.75
2016.05.05 02:53:12.675,0.74549,0.74577,1.12,1.00
2016.05.05 02:53:12.726,0.74548,0.74577,1.00,1.50
2016.05.05 02:53:20.691,0.74543,0.74574,1.75,1.37
2016.05.05 02:53:21.041,0.74544,0.74572,1.00,1.12
2016.05.05 02:53:39.845,0.74544,0.74574,1.00,1.12
2016.05.05 02:53:41.362,0.74544,0.74574,1.37,1.87
2016.05.05 02:53:45.843,0.74544,0.74574,1.12,1.87
2016.05.05 02:53:50.239,0.74544,0.74573,1.00,1.12
2016.05.05 02:53:55.824,0.74542,0.74574,1.12,2.25
2016.05.05 02:53:55.925,0.7454,0.74571,1.12,1.87
2016.05.05 02:53:56.032,0.7454,0.74569,1.00,1.12
2016.05.05 02:53:58.414,0.74542,0.7457,1.00,1.37
2016.05.05 02:54:19.765,0.74542,0.74574,1.37,2.25
2016.05.05 02:54:24.050,0.74544,0.74573,1.00,1.87
2016.05.05 02:54:24.170,0.74544,0.74573,1.50,1.50
2016.05.05 02:54:33.482,0.74543,0.74573,1.12,1.37
2016.05.05 02:54:50.964,0.74542,0.74573,1.75,1.50
2016.05.05 02:54:52.467,0.74543,0.74573,1.50,1.50
2016.05.05 02:54:53.068,0.74543,0.74574,1.75,1.87
2016.05.05 02:54:53.569,0.74544,0.74574,1.00,1.87
2016.05.05 02:54:56.174,0.74543,0.74574,1.75,1.87
2016.05.05 02:54:58.378,0.74544,0.74574,1.00,1.87
2016.05.05 02:54:59.183,0.74543,0.74574,1.75,1.50
2016.05.05 02:55:01.114,0.74543,0.74574,1.37,1.87
2016.05.05 02:55:07.343,0.74543,0.74574,1.75,1.87
2016.05.05 02:55:07.908,0.74543,0.74574,1.37,1.87
2016.05.05 02:55:10.367,0.74543,0.74575,1.37,1.87
2016.05.05 02:55:12.271,0.74543,0.74573,1.12,1.12
2016.05.05 02:55:14.806,0.74544,0.74573,1.00,1.12
2016.05.05 02:55:15.409,0.74543,0.74573,1.00,1.12
2016.05.05 02:55:29.119,0.74542,0.74572,1.12,1.87
2016.05.05 02:55:30.354,0.74541,0.74572,1.50,1.87
2016.05.05 02:55:31.374,0.74544,0.74573,1.00,1.37
2016.05.05 02:55:33.227,0.74543,0.74572,1.00,1.75
2016.05.05 02:55:36.253,0.74544,0.74572,1.00,1.75
2016.05.05 02:55:37.530,0.74543,0.74573,1.00,1.87
2016.05.05 02:55:47.238,0.74544,0.74572,1.00,1.50
2016.05.05 02:55:48.306,0.74544,0.74573,1.12,1.37
2016.05.05 02:55:52.917,0.74542,0.74572,1.00,1.87
2016.05.05 02:56:02.668,0.7454,0.74572,1.75,1.50
2016.05.05 02:56:03.938,0.7454,0.74572,2.25,1.75
2016.05.05 02:56:04.054,0.74541,0.74571,1.00,1.87
2016.05.05 02:56:19.045,0.74539,0.7457,1.50,1.37
2016.05.05 02:56:35.866,0.7454,0.7457,1.00,1.50
2016.05.05 02:56:35.916,0.74537,0.7457,1.50,1.50
2016.05.05 02:56:39.008,0.74537,0.74569,1.50,1.75
2016.05.05 02:56:39.471,0.74537,0.74569,1.75,1.37
2016.05.05 02:56:40.011,0.7454,0.74572,1.75,1.50
2016.05.05 02:56:44.218,0.7454,0.74572,1.75,1.50
2016.05.05 02:56:48.425,0.7454,0.74572,1.75,1.50
2016.05.05 02:56:50.229,0.7454,0.74572,1.75,1.37
2016.05.05 02:56:54.278,0.74541,0.74573,1.50,1.50
2016.05.05 02:56:54.838,0.74541,0.74572,1.75,1.87
2016.05.05 02:56:55.316,0.7454,0.74572,2.62,1.37
2016.05.05 02:57:03.127,0.74542,0.74574,1.75,1.87
2016.05.05 02:57:04.863,0.74541,0.74573,1.75,1.87
2016.05.05 02:57:05.476,0.74543,0.74573,1.00,1.87
2016.05.05 02:57:06.466,0.74541,0.74573,1.75,1.87
2016.05.05 02:57:06.977,0.74543,0.74573,1.00,1.12
2016.05.05 02:57:07.491,0.74543,0.74573,1.50,1.37
2016.05.05 02:57:08.279,0.74542,0.74573,1.50,1.37
2016.05.05 02:57:11.292,0.74544,0.74572,1.00,1.37
2016.05.05 02:57:11.857,0.74543,0.74572,1.12,1.50
2016.05.05 02:57:19.030,0.74544,0.74573,1.00,1.50
2016.05.05 02:57:19.589,0.74543,0.74572,1.50,1.37
2016.05.05 02:57:30.222,0.74541,0.74573,1.75,1.87
2016.05.05 02:57:31.464,0.74541,0.74573,1.37,1.37
2016.05.05 02:57:38.476,0.74544,0.74573,1.00,1.37
2016.05.05 02:57:39.003,0.74544,0.74573,1.12,1.50
2016.05.05 02:57:41.358,0.74542,0.74573,1.50,1.75
2016.05.05 02:57:42.753,0.74544,0.74573,1.00,1.75
2016.05.05 02:57:47.958,0.74543,0.74573,1.00,2.25
2016.05.05 02:57:52.970,0.74541,0.74573,1.75,2.25
2016.05.05 02:57:53.681,0.74541,0.74573,1.75,1.37
2016.05.05 02:57:54.274,0.74541,0.74573,1.75,1.37
2016.05.05 02:57:54.807,0.74541,0.74573,1.75,1.50
2016.05.05 02:57:55.316,0.74544,0.74573,1.00,1.50
2016.05.05 02:58:11.855,0.74542,0.74574,1.75,2.25
2016.05.05 02:58:27.511,0.74544,0.74575,1.00,2.62
2016.05.05 02:58:28.633,0.74543,0.74575,1.75,2.62
2016.05.05 02:58:29.698,0.74543,0.74574,1.75,1.87
2016.05.05 02:58:30.254,0.74543,0.74574,1.75,1.50
2016.05.05 02:58:30.505,0.74546,0.74574,1.50,1.37
2016.05.05 02:58:31.271,0.74546,0.74574,1.50,1.37
2016.05.05 02:58:31.858,0.74546,0.74574,1.50,1.37
2016.05.05 02:58:32.760,0.74546,0.74574,1.50,1.37
2016.05.05 02:58:33.361,0.74546,0.74574,1.50,1.37
2016.05.05 02:58:34.163,0.74546,0.74574,1.50,1.37
2016.05.05 02:58:35.886,0.74546,0.74577,1.50,1.12
2016.05.05 02:58:35.937,0.74546,0.74578,1.75,1.75
2016.05.05 02:58:36.619,0.74546,0.74578,1.37,2.62
2016.05.05 02:58:40.076,0.74545,0.74577,1.50,1.75
2016.05.05 02:58:41.036,0.74545,0.74577,1.50,1.75
2016.05.05 02:58:41.554,0.74548,0.74578,1.00,1.87
2016.05.05 02:58:44.608,0.74552,0.74579,1.00,1.75
2016.05.05 02:58:47.042,0.74552,0.74578,1.00,1.37
2016.05.05 02:58:47.543,0.74553,0.74578,1.00,1.37
2016.05.05 02:58:48.132,0.74553,0.74578,1.00,1.50
2016.05.05 02:58:48.183,0.74549,0.74578,1.00,1.50
2016.05.05 02:58:48.419,0.74551,0.74578,1.00,1.87
2016.05.05 02:58:48.921,0.74551,0.74579,1.00,1.37
2016.05.05 02:58:49.064,0.74553,0.74578,1.00,1.37
2016.05.05 02:58:49.607,0.74554,0.74578,1.00,1.37
2016.05.05 02:58:50.744,0.74553,0.74578,1.00,1.37
2016.05.05 02:58:52.063,0.74554,0.74578,1.00,1.37
2016.05.05 02:58:53.623,0.74553,0.74581,1.00,1.75
2016.05.05 02:58:58.231,0.7455,0.7458,1.12,1.87
2016.05.05 02:58:58.577,0.74552,0.7458,1.00,1.87
2016.05.05 02:58:58.891,0.74557,0.74582,1.00,1.12
2016.05.05 02:58:58.942,0.74557,0.74583,1.00,1.75
2016.05.05 02:58:59.132,0.74555,0.74583,1.00,1.75
2016.05.05 02:59:14.456,0.74555,0.74581,1.00,1.12
2016.05.05 02:59:21.953,0.7455,0.74581,1.50,1.87
2016.05.05 02:59:39.795,0.7455,0.74579,1.00,1.12
2016.05.05 02:59:40.545,0.74549,0.74579,1.12,1.12
2016.05.05 02:59:40.863,0.74549,0.74577,1.00,1.12
2016.05.05 02:59:43.392,0.74548,0.74577,1.00,1.12
2016.05.05 02:59:48.972,0.74546,0.74577,1.12,1.12
2016.05.05 02:59:59.869,0.74546,0.74576,1.00,1.87
