2014.11.27 06:00:00.033,0.8537,0.85394,1.00,1.72
2014.11.27 06:00:00.685,0.8537,0.85395,1.00,1.72
2014.11.27 06:00:01.494,0.8537,0.85394,1.00,1.72
2014.11.27 06:00:02.494,0.8537,0.85395,1.00,1.72
2014.11.27 06:00:04.088,0.85375,0.85397,1.00,1.72
2014.11.27 06:00:05.154,0.85375,0.85396,1.00,1.72
2014.11.27 06:00:06.848,0.85375,0.85398,1.00,1.72
2014.11.27 06:00:13.954,0.85375,0.85399,1.00,1.72
2014.11.27 06:00:16.515,0.85375,0.854,1.00,1.72
2014.11.27 06:00:33.514,0.85369,0.854,1.00,1.72
2014.11.27 06:00:34.333,0.85369,0.85399,1.00,1.72
2014.11.27 06:00:35.035,0.8537,0.85399,1.00,1.72
2014.11.27 06:00:35.920,0.85369,0.85402,2.47,1.72
2014.11.27 06:00:36.694,0.8537,0.85402,1.00,1.72
2014.11.27 06:00:37.917,0.8537,0.85401,1.00,1.72
2014.11.27 06:00:40.604,0.8537,0.85399,1.00,1.72
2014.11.27 06:00:48.524,0.8537,0.85398,1.00,1.72
2014.11.27 06:00:52.126,0.85369,0.85398,1.00,1.72
2014.11.27 06:00:53.633,0.8537,0.85398,1.00,1.72
2014.11.27 06:00:56.697,0.8537,0.85399,1.00,1.72
2014.11.27 06:00:56.798,0.8537,0.85401,1.00,1.72
2014.11.27 06:00:56.848,0.85375,0.85401,1.00,1.72
2014.11.27 06:00:57.370,0.85375,0.85399,1.00,1.72
2014.11.27 06:00:57.421,0.85369,0.85399,1.00,1.72
2014.11.27 06:00:58.753,0.85369,0.854,1.00,1.72
2014.11.27 06:00:59.454,0.85375,0.85399,1.00,1.72
2014.11.27 06:01:00.204,0.85375,0.854,1.00,1.72
2014.11.27 06:01:00.255,0.8537,0.854,1.00,1.72
2014.11.27 06:01:05.835,0.85369,0.854,1.00,1.72
2014.11.27 06:01:07.553,0.85369,0.85399,1.00,1.72
2014.11.27 06:01:10.124,0.8537,0.85399,1.00,1.72
2014.11.27 06:01:11.113,0.85374,0.85399,1.00,1.72
2014.11.27 06:01:12.013,0.8537,0.85399,1.00,1.72
2014.11.27 06:01:13.754,0.85374,0.85399,1.00,1.72
2014.11.27 06:01:14.732,0.85375,0.854,1.00,1.72
2014.11.27 06:01:16.334,0.85375,0.85399,1.00,1.72
2014.11.27 06:01:17.470,0.85375,0.85401,1.00,1.72
2014.11.27 06:01:17.783,0.85375,0.85399,1.00,1.72
2014.11.27 06:01:21.562,0.85369,0.85399,1.00,1.72
2014.11.27 06:01:22.584,0.85369,0.85398,1.00,1.72
2014.11.27 06:01:23.225,0.8537,0.85398,1.00,1.72
2014.11.27 06:01:23.443,0.85375,0.85398,1.00,1.72
2014.11.27 06:01:23.657,0.8537,0.85398,1.00,1.72
2014.11.27 06:01:39.603,0.85369,0.85398,1.00,1.72
2014.11.27 06:01:49.854,0.85369,0.85397,1.00,1.72
2014.11.27 06:01:52.572,0.85369,0.85399,1.00,1.72
2014.11.27 06:01:53.562,0.8537,0.85399,1.00,1.72
2014.11.27 06:01:55.433,0.8537,0.85397,1.00,1.72
2014.11.27 06:02:01.263,0.8537,0.85396,1.00,1.72
2014.11.27 06:02:03.030,0.8537,0.85397,1.00,1.72
2014.11.27 06:02:10.733,0.8537,0.85396,1.00,1.72
2014.11.27 06:02:11.303,0.8537,0.85397,1.00,1.72
2014.11.27 06:02:16.461,0.8537,0.85394,1.00,1.72
2014.11.27 06:02:16.512,0.85365,0.85394,1.00,1.72
2014.11.27 06:02:16.663,0.85365,0.85397,1.00,1.72
2014.11.27 06:02:20.512,0.85365,0.85396,1.00,1.72
2014.11.27 06:02:23.182,0.85365,0.85395,1.00,1.72
2014.11.27 06:02:23.375,0.85366,0.85398,1.72,1.72
2014.11.27 06:02:27.197,0.85366,0.85398,1.72,2.10
2014.11.27 06:02:29.971,0.85364,0.85398,1.00,2.10
2014.11.27 06:02:30.874,0.85365,0.85398,1.72,2.10
2014.11.27 06:02:31.953,0.85365,0.85398,1.72,1.72
2014.11.27 06:02:32.203,0.8537,0.85398,1.00,2.10
2014.11.27 06:02:33.634,0.85365,0.85398,1.72,2.10
2014.11.27 06:02:34.149,0.85365,0.85398,2.47,1.72
2014.11.27 06:02:34.623,0.85369,0.85398,1.00,1.72
2014.11.27 06:02:34.733,0.85365,0.85398,2.47,1.72
2014.11.27 06:02:35.340,0.85365,0.85398,2.47,2.10
2014.11.27 06:02:44.601,0.85365,0.85396,1.00,1.72
2014.11.27 06:02:45.926,0.85365,0.85398,1.00,2.10
2014.11.27 06:02:47.382,0.85365,0.85396,1.00,1.72
2014.11.27 06:02:47.903,0.85365,0.85397,1.00,2.10
2014.11.27 06:02:49.803,0.85362,0.85396,1.72,1.72
2014.11.27 06:02:49.912,0.85364,0.85396,1.00,1.72
2014.11.27 06:02:51.180,0.85364,0.85397,1.00,2.10
2014.11.27 06:02:51.947,0.85369,0.85397,1.00,2.10
2014.11.27 06:02:52.712,0.85369,0.85394,1.00,1.72
2014.11.27 06:02:53.251,0.8537,0.85398,1.00,2.10
2014.11.27 06:02:54.044,0.8537,0.85398,1.00,2.10
2014.11.27 06:03:03.360,0.8537,0.85392,1.00,1.72
2014.11.27 06:03:04.101,0.8537,0.85393,1.00,2.10
2014.11.27 06:03:07.440,0.8537,0.85394,1.00,2.10
2014.11.27 06:03:07.898,0.8537,0.85398,1.00,2.10
2014.11.27 06:03:08.447,0.85369,0.85398,1.00,2.10
2014.11.27 06:03:09.054,0.8537,0.85398,1.00,2.10
2014.11.27 06:03:14.440,0.85369,0.85398,1.00,2.10
2014.11.27 06:03:21.509,0.85369,0.85396,1.00,1.72
2014.11.27 06:03:24.341,0.85369,0.85397,1.00,2.10
2014.11.27 06:03:27.421,0.85369,0.85396,1.00,1.72
2014.11.27 06:03:27.692,0.85375,0.85396,1.00,1.72
2014.11.27 06:03:27.863,0.85369,0.85397,1.00,1.72
2014.11.27 06:03:28.475,0.8537,0.85398,1.00,2.10
2014.11.27 06:03:30.284,0.85375,0.85398,1.00,1.72
2014.11.27 06:03:30.879,0.85374,0.85399,1.00,2.10
2014.11.27 06:03:31.382,0.8537,0.85399,1.00,2.10
2014.11.27 06:03:32.052,0.8537,0.85398,1.00,1.72
2014.11.27 06:03:32.198,0.85375,0.85398,1.00,1.72
2014.11.27 06:03:32.701,0.85374,0.85398,1.00,1.72
2014.11.27 06:03:32.964,0.85374,0.854,1.00,1.72
2014.11.27 06:03:33.143,0.8538,0.854,1.00,1.72
2014.11.27 06:03:33.758,0.8538,0.85401,1.00,1.72
2014.11.27 06:03:33.911,0.85375,0.85401,1.00,1.72
2014.11.27 06:03:34.241,0.85375,0.85403,1.00,1.72
2014.11.27 06:03:34.292,0.85379,0.85403,1.00,1.72
2014.11.27 06:03:35.218,0.8538,0.85403,1.00,1.72
2014.11.27 06:03:36.441,0.8538,0.85404,1.00,1.72
2014.11.27 06:03:37.323,0.85374,0.85404,1.00,1.72
2014.11.27 06:03:37.541,0.85374,0.85401,1.00,1.72
2014.11.27 06:03:39.599,0.85375,0.85401,1.00,1.72
2014.11.27 06:03:46.562,0.85375,0.85403,1.00,1.72
2014.11.27 06:03:49.804,0.85375,0.85402,1.00,1.72
2014.11.27 06:03:51.732,0.85374,0.85402,1.00,1.72
2014.11.27 06:03:59.982,0.85375,0.85402,1.00,1.72
2014.11.27 06:04:00.680,0.8538,0.85403,1.00,1.72
2014.11.27 06:04:01.102,0.8538,0.85406,1.00,1.72
2014.11.27 06:04:01.523,0.85375,0.85406,1.00,1.72
2014.11.27 06:04:01.634,0.85379,0.85406,1.00,1.72
2014.11.27 06:04:02.294,0.8538,0.85406,1.00,1.72
2014.11.27 06:04:07.788,0.8538,0.85406,1.00,2.32
2014.11.27 06:04:07.838,0.85375,0.85403,1.00,2.32
2014.11.27 06:04:08.164,0.85375,0.85401,1.00,1.72
2014.11.27 06:04:08.867,0.85375,0.85399,1.00,1.72
2014.11.27 06:04:09.661,0.8537,0.85399,1.00,1.72
2014.11.27 06:04:11.778,0.85369,0.85399,1.00,1.72
2014.11.27 06:04:12.522,0.85369,0.85394,1.00,1.72
2014.11.27 06:04:12.974,0.8537,0.85396,1.00,1.72
2014.11.27 06:04:16.959,0.8537,0.85397,1.00,1.72
2014.11.27 06:04:19.714,0.8537,0.85398,1.00,2.32
2014.11.27 06:04:21.140,0.8537,0.85396,1.00,1.72
2014.11.27 06:04:25.280,0.85369,0.85396,1.00,1.72
2014.11.27 06:04:26.768,0.85369,0.85397,1.00,1.72
2014.11.27 06:04:27.709,0.85369,0.85398,1.00,2.32
2014.11.27 06:04:28.399,0.8537,0.85398,1.00,2.32
2014.11.27 06:04:31.809,0.8537,0.85397,1.00,1.72
2014.11.27 06:04:34.119,0.8537,0.85398,1.00,2.32
2014.11.27 06:04:43.580,0.8537,0.85397,1.00,1.72
2014.11.27 06:04:44.129,0.8537,0.85398,1.00,1.72
2014.11.27 06:04:45.302,0.85369,0.85398,1.00,1.72
2014.11.27 06:04:45.885,0.8537,0.85398,1.00,1.72
2014.11.27 06:04:48.101,0.8537,0.85396,1.00,1.72
2014.11.27 06:04:49.159,0.85369,0.85396,1.00,1.72
2014.11.27 06:04:49.959,0.85369,0.85398,1.00,1.72
2014.11.27 06:04:50.802,0.8537,0.85398,1.00,1.72
2014.11.27 06:04:50.852,0.8537,0.85396,1.00,1.72
2014.11.27 06:04:52.059,0.8537,0.85394,1.00,1.72
2014.11.27 06:04:52.483,0.85365,0.85389,1.00,1.72
2014.11.27 06:04:53.369,0.85365,0.85391,1.00,1.72
2014.11.27 06:04:54.319,0.8537,0.85391,1.00,1.72
2014.11.27 06:04:54.474,0.8537,0.85394,1.00,2.32
2014.11.27 06:04:59.059,0.8537,0.85396,1.00,1.72
2014.11.27 06:05:00.083,0.85369,0.85396,1.00,1.72
2014.11.27 06:05:00.133,0.85369,0.85393,1.00,1.72
2014.11.27 06:05:00.299,0.85369,0.85396,1.00,1.72
2014.11.27 06:05:00.849,0.8537,0.85395,1.00,1.72
2014.11.27 06:05:01.289,0.85369,0.85398,1.00,1.72
2014.11.27 06:05:01.490,0.85375,0.85398,1.00,1.72
2014.11.27 06:05:01.713,0.85369,0.85398,1.00,1.72
2014.11.27 06:05:07.301,0.8537,0.85398,1.00,1.72
2014.11.27 06:05:12.031,0.85375,0.85398,1.00,1.72
2014.11.27 06:05:20.986,0.8537,0.85398,1.00,1.72
2014.11.27 06:05:21.246,0.8537,0.85395,1.00,1.72
2014.11.27 06:05:22.080,0.8537,0.85396,1.00,1.72
2014.11.27 06:05:22.959,0.8537,0.85395,1.00,1.72
2014.11.27 06:05:24.350,0.85374,0.85396,1.00,1.72
2014.11.27 06:05:27.957,0.85375,0.85396,1.00,1.72
2014.11.27 06:05:29.479,0.85375,0.85397,1.00,1.72
2014.11.27 06:05:32.599,0.8537,0.85397,1.00,1.72
2014.11.27 06:05:36.710,0.8537,0.85396,1.00,1.72
2014.11.27 06:05:39.968,0.8537,0.85397,1.00,1.72
2014.11.27 06:05:41.029,0.8537,0.85396,1.00,1.72
2014.11.27 06:05:45.580,0.85369,0.85396,1.00,1.72
2014.11.27 06:05:46.129,0.8537,0.85396,1.00,1.72
2014.11.27 06:05:46.640,0.8537,0.85397,1.00,1.72
2014.11.27 06:05:51.977,0.8537,0.85396,1.00,1.72
2014.11.27 06:05:53.610,0.85369,0.85396,1.00,1.72
2014.11.27 06:05:54.161,0.8537,0.85397,1.00,1.72
2014.11.27 06:05:56.140,0.85369,0.85397,1.00,1.72
2014.11.27 06:06:02.073,0.85369,0.85393,1.00,1.72
2014.11.27 06:06:02.418,0.8537,0.8539,1.00,1.72
2014.11.27 06:06:02.480,0.8537,0.85393,1.00,1.72
2014.11.27 06:06:02.531,0.85365,0.85393,1.00,1.72
2014.11.27 06:06:02.889,0.8537,0.85393,1.00,1.72
2014.11.27 06:06:04.138,0.8537,0.85392,1.00,1.72
2014.11.27 06:06:10.399,0.8537,0.85391,1.00,1.72
2014.11.27 06:06:16.338,0.8537,0.85392,1.00,1.72
2014.11.27 06:06:16.888,0.8537,0.85391,1.00,1.72
2014.11.27 06:06:18.098,0.8537,0.8539,1.00,1.72
2014.11.27 06:06:18.428,0.8537,0.85392,1.00,1.72
2014.11.27 06:06:22.388,0.8537,0.85391,1.00,1.72
2014.11.27 06:06:26.858,0.85369,0.85391,1.00,1.72
2014.11.27 06:06:33.020,0.8537,0.85391,1.00,1.72
2014.11.27 06:06:46.375,0.8537,0.85393,1.00,1.72
2014.11.27 06:06:46.618,0.8537,0.85391,1.00,1.72
2014.11.27 06:06:48.048,0.8537,0.85393,1.00,1.72
2014.11.27 06:06:48.208,0.8537,0.85395,1.00,2.32
2014.11.27 06:06:58.622,0.8537,0.85397,1.00,1.72
2014.11.27 06:07:01.027,0.8537,0.85395,1.00,1.72
2014.11.27 06:07:03.905,0.8537,0.85395,1.00,2.10
2014.11.27 06:07:08.513,0.8537,0.85395,1.00,2.10
2014.11.27 06:07:08.768,0.85365,0.85392,1.12,2.10
2014.11.27 06:07:09.407,0.85365,0.85391,1.00,2.10
2014.11.27 06:07:12.378,0.85365,0.85389,1.00,1.72
2014.11.27 06:07:23.487,0.85365,0.8539,1.00,1.72
2014.11.27 06:07:28.437,0.85365,0.85391,1.00,2.10
2014.11.27 06:07:29.155,0.85365,0.85391,1.00,2.10
2014.11.27 06:07:33.161,0.85365,0.85392,1.00,2.10
2014.11.27 06:07:34.964,0.85365,0.85392,1.00,2.10
2014.11.27 06:07:35.469,0.85365,0.8539,1.00,2.10
2014.11.27 06:07:36.157,0.85365,0.85389,1.00,2.10
2014.11.27 06:07:37.272,0.85365,0.85389,1.00,1.72
2014.11.27 06:07:38.916,0.85365,0.8539,1.00,2.10
2014.11.27 06:07:43.117,0.85364,0.8539,1.00,2.10
2014.11.27 06:07:43.218,0.8536,0.8539,1.00,2.10
2014.11.27 06:07:43.319,0.8536,0.85384,1.00,1.72
2014.11.27 06:07:43.859,0.8536,0.85383,1.00,1.72
2014.11.27 06:07:45.047,0.8536,0.85384,1.00,1.72
2014.11.27 06:07:47.091,0.85359,0.85383,1.00,1.72
2014.11.27 06:07:48.346,0.85359,0.85384,1.00,1.72
2014.11.27 06:07:52.327,0.8536,0.85384,1.00,1.72
2014.11.27 06:07:54.726,0.8536,0.85383,1.00,1.72
2014.11.27 06:07:56.286,0.85359,0.85383,1.00,1.72
2014.11.27 06:08:00.449,0.85359,0.85385,1.00,2.10
2014.11.27 06:08:03.438,0.8536,0.85385,1.00,2.10
2014.11.27 06:08:03.967,0.8536,0.85383,1.00,1.72
2014.11.27 06:08:12.428,0.8536,0.85383,1.00,2.10
2014.11.27 06:08:12.729,0.85355,0.85381,1.00,2.10
2014.11.27 06:08:13.167,0.85355,0.85381,1.00,2.47
2014.11.27 06:08:13.368,0.8535,0.85377,1.00,2.70
2014.11.27 06:08:15.131,0.8535,0.85373,1.00,1.72
2014.11.27 06:08:23.154,0.8535,0.85373,1.00,2.10
2014.11.27 06:08:23.399,0.85349,0.85373,1.00,2.10
2014.11.27 06:08:23.500,0.85349,0.85372,1.00,2.10
2014.11.27 06:08:24.544,0.8535,0.85372,1.00,2.10
2014.11.27 06:08:27.156,0.8535,0.85376,1.00,2.10
2014.11.27 06:08:44.933,0.8535,0.85374,1.00,2.10
2014.11.27 06:08:50.316,0.8535,0.85373,1.00,1.72
2014.11.27 06:08:53.122,0.8535,0.85373,1.00,2.10
2014.11.27 06:08:54.426,0.8535,0.85373,1.00,2.10
2014.11.27 06:08:57.658,0.8535,0.85374,1.00,2.10
2014.11.27 06:08:57.738,0.8535,0.85374,1.00,2.10
2014.11.27 06:09:01.346,0.8535,0.85375,1.00,2.10
2014.11.27 06:09:07.273,0.8535,0.85375,1.00,2.10
2014.11.27 06:09:08.776,0.8535,0.85375,1.00,2.10
2014.11.27 06:09:09.770,0.85349,0.85374,1.00,2.10
2014.11.27 06:09:12.206,0.85349,0.85373,1.00,1.72
2014.11.27 06:09:13.745,0.85349,0.85375,1.00,2.10
2014.11.27 06:09:15.343,0.85349,0.85373,1.00,1.72
2014.11.27 06:09:17.036,0.85349,0.85374,1.00,2.10
2014.11.27 06:09:19.667,0.85349,0.85373,1.00,1.72
2014.11.27 06:09:21.445,0.85349,0.85375,1.00,2.10
2014.11.27 06:09:27.306,0.85349,0.85375,1.00,2.10
2014.11.27 06:09:34.217,0.8535,0.85375,1.00,2.10
2014.11.27 06:09:43.547,0.8535,0.85376,1.00,2.70
2014.11.27 06:09:43.931,0.8535,0.85375,1.00,2.10
2014.11.27 06:09:43.982,0.85345,0.85375,1.00,2.10
2014.11.27 06:09:44.836,0.85345,0.85374,1.12,2.10
2014.11.27 06:09:44.967,0.8535,0.85374,1.00,2.10
2014.11.27 06:09:50.169,0.8535,0.85375,1.00,2.10
2014.11.27 06:09:51.519,0.8535,0.85375,1.00,2.10
2014.11.27 06:09:52.711,0.8535,0.85375,1.00,2.10
2014.11.27 06:09:53.216,0.85349,0.85375,1.00,2.10
2014.11.27 06:09:57.835,0.8535,0.85377,1.00,2.70
2014.11.27 06:10:00.145,0.85349,0.85377,1.00,2.70
2014.11.27 06:10:01.355,0.8535,0.85376,1.00,2.70
2014.11.27 06:10:01.922,0.8535,0.85376,1.00,2.70
2014.11.27 06:10:07.307,0.8535,0.85375,1.00,2.10
2014.11.27 06:10:16.423,0.8535,0.85375,1.00,2.10
2014.11.27 06:10:21.928,0.85349,0.85376,1.00,2.10
2014.11.27 06:10:27.652,0.85349,0.85375,1.00,2.10
2014.11.27 06:10:28.235,0.8535,0.85375,1.00,2.10
2014.11.27 06:10:40.777,0.8535,0.85372,1.00,1.72
2014.11.27 06:10:42.027,0.8535,0.85371,1.00,1.72
2014.11.27 06:10:58.057,0.8535,0.8537,1.00,1.72
2014.11.27 06:10:59.915,0.8535,0.85371,1.00,1.72
2014.11.27 06:11:16.880,0.8535,0.8537,1.00,1.72
2014.11.27 06:11:25.454,0.8535,0.85371,1.00,1.72
2014.11.27 06:11:29.356,0.85349,0.85371,1.00,1.72
2014.11.27 06:11:33.212,0.8535,0.85371,1.00,1.72
2014.11.27 06:11:36.676,0.8535,0.85373,1.00,2.10
2014.11.27 06:11:42.286,0.8535,0.85373,1.00,2.10
2014.11.27 06:11:42.881,0.8535,0.85373,1.00,2.70
2014.11.27 06:11:42.932,0.85345,0.85373,1.00,2.70
2014.11.27 06:11:44.314,0.85349,0.85372,1.00,2.70
2014.11.27 06:11:44.864,0.85349,0.85373,1.00,2.70
2014.11.27 06:11:48.387,0.85345,0.85373,1.12,2.70
2014.11.27 06:11:52.095,0.8535,0.85371,1.00,2.32
2014.11.27 06:11:54.325,0.85344,0.85371,1.37,2.32
2014.11.27 06:12:13.245,0.8535,0.85373,1.00,2.70
2014.11.27 06:12:16.132,0.8535,0.85373,1.00,2.10
2014.11.27 06:12:26.168,0.8535,0.85374,1.00,2.10
2014.11.27 06:12:26.723,0.8535,0.85372,1.00,1.72
2014.11.27 06:12:29.084,0.85349,0.85372,1.00,1.72
2014.11.27 06:12:32.799,0.85349,0.85374,1.00,2.10
2014.11.27 06:12:41.845,0.85345,0.85375,1.37,2.10
2014.11.27 06:12:50.517,0.85345,0.85374,1.37,2.10
2014.11.27 06:13:11.651,0.85345,0.85374,1.37,2.10
2014.11.27 06:13:13.053,0.85345,0.85373,1.37,2.10
2014.11.27 06:13:16.758,0.85345,0.85374,1.12,2.10
2014.11.27 06:13:22.403,0.85345,0.85375,1.37,2.10
2014.11.27 06:13:22.868,0.85345,0.85375,1.12,2.10
2014.11.27 06:13:24.550,0.85345,0.85375,1.37,2.10
2014.11.27 06:13:29.403,0.85345,0.85374,1.37,2.10
2014.11.27 06:13:35.636,0.85345,0.85378,2.85,2.70
2014.11.27 06:13:35.938,0.8535,0.85381,1.37,2.70
2014.11.27 06:13:36.576,0.8535,0.85378,1.37,1.30
2014.11.27 06:13:36.894,0.85355,0.85378,1.00,1.30
2014.11.27 06:13:43.162,0.8535,0.85378,1.37,1.30
2014.11.27 06:13:48.002,0.85354,0.85378,1.00,1.30
2014.11.27 06:13:49.982,0.85355,0.8538,1.00,2.70
2014.11.27 06:13:54.713,0.8535,0.85382,2.85,2.70
2014.11.27 06:14:06.091,0.8535,0.85383,2.85,2.70
2014.11.27 06:14:15.233,0.85355,0.85385,1.00,3.82
2014.11.27 06:14:37.123,0.85354,0.85383,1.12,2.70
2014.11.27 06:14:40.092,0.85355,0.85383,1.00,2.70
2014.11.27 06:14:55.071,0.85354,0.85382,1.12,2.70
2014.11.27 06:15:06.432,0.85355,0.85384,1.00,2.70
2014.11.27 06:15:46.923,0.85355,0.85381,1.00,1.72
2014.11.27 06:15:47.425,0.85355,0.85382,1.00,2.10
2014.11.27 06:15:48.422,0.85355,0.85382,1.00,2.10
2014.11.27 06:15:54.045,0.85355,0.85382,1.00,2.10
2014.11.27 06:16:01.295,0.85354,0.85382,1.12,2.10
2014.11.27 06:16:37.812,0.85355,0.85382,1.00,2.10
2014.11.27 06:16:41.400,0.85355,0.85382,1.12,2.10
2014.11.27 06:17:16.460,0.85355,0.8538,1.12,1.72
2014.11.27 06:17:29.841,0.85354,0.85384,1.12,2.70
2014.11.27 06:17:35.021,0.85355,0.85381,1.00,2.10
2014.11.27 06:17:37.023,0.8535,0.85381,1.37,2.10
2014.11.27 06:17:44.510,0.85349,0.85379,1.50,1.72
2014.11.27 06:17:52.009,0.8535,0.85379,1.37,1.72
2014.11.27 06:17:52.152,0.8535,0.85378,1.37,2.10
2014.11.27 06:17:52.459,0.8535,0.85375,1.12,2.10
2014.11.27 06:17:53.841,0.8535,0.85376,1.12,2.10
2014.11.27 06:17:54.740,0.8535,0.85379,1.37,2.10
2014.11.27 06:17:55.042,0.85355,0.85379,1.00,2.10
2014.11.27 06:17:58.781,0.8535,0.85379,1.37,2.10
2014.11.27 06:17:58.891,0.85354,0.85379,1.00,2.10
2014.11.27 06:18:25.399,0.8535,0.85379,1.37,1.72
2014.11.27 06:18:28.480,0.85355,0.85379,1.00,1.72
2014.11.27 06:18:46.918,0.85355,0.8538,1.00,1.72
2014.11.27 06:18:48.941,0.85349,0.8538,1.37,1.72
2014.11.27 06:18:49.895,0.8535,0.85379,1.37,2.10
2014.11.27 06:18:52.131,0.85355,0.85379,1.00,2.10
2014.11.27 06:18:55.431,0.8535,0.85379,1.37,2.10
2014.11.27 06:19:01.071,0.85355,0.85379,1.00,2.10
2014.11.27 06:19:21.990,0.85354,0.85379,1.12,2.10
2014.11.27 06:19:22.603,0.85355,0.85379,1.00,2.10
2014.11.27 06:19:28.388,0.85355,0.85378,1.00,1.72
2014.11.27 06:19:36.967,0.85355,0.85379,1.00,2.10
2014.11.27 06:19:44.740,0.8535,0.85379,1.37,2.10
2014.11.27 06:20:06.568,0.8535,0.85379,1.37,2.10
2014.11.27 06:20:09.908,0.85352,0.85385,2.10,3.45
2014.11.27 06:20:10.737,0.85355,0.85382,1.37,1.72
2014.11.27 06:20:16.166,0.85355,0.85383,1.37,1.72
2014.11.27 06:20:16.639,0.85355,0.85383,1.37,1.72
2014.11.27 06:20:16.740,0.85355,0.85385,1.37,1.72
2014.11.27 06:20:40.057,0.8536,0.85386,1.00,2.10
2014.11.27 06:20:53.216,0.8536,0.85386,1.37,1.72
2014.11.27 06:20:53.378,0.8536,0.85391,1.37,2.10
2014.11.27 06:20:53.429,0.8536,0.85391,1.37,2.10
2014.11.27 06:20:53.479,0.85365,0.85391,1.00,2.10
2014.11.27 06:20:53.703,0.85359,0.85391,1.37,2.10
2014.11.27 06:20:55.766,0.85359,0.85389,1.37,1.72
2014.11.27 06:20:57.127,0.85359,0.85389,1.50,1.72
2014.11.27 06:21:04.580,0.8536,0.85387,1.12,2.10
2014.11.27 06:21:08.103,0.8536,0.85387,1.37,2.10
2014.11.27 06:21:08.745,0.8536,0.85389,1.37,2.10
2014.11.27 06:21:09.246,0.8536,0.85389,1.37,2.10
2014.11.27 06:21:09.892,0.8536,0.85388,1.12,2.10
2014.11.27 06:21:10.396,0.8536,0.85388,1.12,2.10
2014.11.27 06:21:13.717,0.8536,0.85388,1.12,2.10
2014.11.27 06:21:13.917,0.8536,0.85389,1.37,2.10
2014.11.27 06:21:14.464,0.8536,0.85391,1.37,2.10
2014.11.27 06:21:14.808,0.8536,0.8539,1.37,1.37
2014.11.27 06:21:15.322,0.85359,0.85391,1.37,2.85
2014.11.27 06:21:26.285,0.8536,0.85391,1.37,2.70
2014.11.27 06:21:26.617,0.8536,0.8539,1.12,2.10
2014.11.27 06:21:27.136,0.8536,0.8539,1.12,1.97
2014.11.27 06:22:31.248,0.85355,0.85387,3.22,2.10
2014.11.27 06:22:51.875,0.85355,0.85385,1.37,1.12
2014.11.27 06:22:58.085,0.85355,0.85385,1.50,1.00
2014.11.27 06:22:58.537,0.85354,0.85386,1.37,1.72
2014.11.27 06:22:58.913,0.85355,0.85384,1.12,2.10
2014.11.27 06:22:59.499,0.85355,0.85384,1.37,2.10
2014.11.27 06:23:08.519,0.85355,0.85384,1.37,2.10
2014.11.27 06:23:08.925,0.85355,0.85385,2.85,1.30
2014.11.27 06:23:09.126,0.8536,0.85385,1.00,1.30
2014.11.27 06:23:15.744,0.8536,0.85389,1.00,2.10
2014.11.27 06:23:16.054,0.85364,0.85391,1.00,2.70
2014.11.27 06:23:16.365,0.8536,0.85391,1.37,2.70
2014.11.27 06:23:17.310,0.85365,0.85391,1.00,2.70
2014.11.27 06:23:23.623,0.8536,0.85391,1.37,2.70
2014.11.27 06:23:24.083,0.8536,0.85389,1.00,2.10
2014.11.27 06:23:24.423,0.85365,0.85387,1.00,1.72
2014.11.27 06:23:24.473,0.85365,0.8539,1.00,2.70
2014.11.27 06:23:29.773,0.85365,0.85391,1.00,2.70
2014.11.27 06:23:29.895,0.8536,0.8539,1.37,1.72
2014.11.27 06:23:31.434,0.85365,0.8539,1.00,2.70
2014.11.27 06:23:34.080,0.85365,0.8539,1.00,2.70
2014.11.27 06:23:38.936,0.85364,0.85391,1.12,2.32
2014.11.27 06:23:39.463,0.85365,0.85391,1.00,2.32
2014.11.27 06:23:40.384,0.85365,0.85391,1.37,2.32
2014.11.27 06:23:42.799,0.85365,0.85391,1.37,2.32
2014.11.27 06:23:42.950,0.8537,0.85399,1.00,2.10
2014.11.27 06:23:43.051,0.85369,0.85393,1.00,1.72
2014.11.27 06:23:43.352,0.85365,0.85392,1.12,2.10
2014.11.27 06:23:43.626,0.85359,0.85391,1.37,2.10
2014.11.27 06:23:44.342,0.8536,0.85389,1.37,2.10
2014.11.27 06:23:45.250,0.8536,0.85388,1.37,1.72
2014.11.27 06:24:00.662,0.8536,0.85389,1.37,2.10
2014.11.27 06:24:04.182,0.8536,0.85388,1.37,1.72
2014.11.27 06:24:09.133,0.8536,0.85389,1.37,2.10
2014.11.27 06:24:10.013,0.8536,0.85388,1.37,1.72
2014.11.27 06:24:17.558,0.8536,0.85389,1.37,2.70
2014.11.27 06:24:18.125,0.8536,0.8539,1.37,3.45
2014.11.27 06:24:22.120,0.8536,0.85389,1.37,1.30
2014.11.27 06:24:29.648,0.85365,0.85389,1.00,1.30
2014.11.27 06:24:30.944,0.85364,0.8539,1.00,2.32
2014.11.27 06:24:32.154,0.85365,0.8539,1.00,2.32
2014.11.27 06:24:32.262,0.8536,0.8539,1.37,2.32
2014.11.27 06:24:33.950,0.8536,0.8539,1.37,3.45
2014.11.27 06:24:37.832,0.8536,0.85389,1.37,2.70
2014.11.27 06:24:42.764,0.8536,0.85389,1.37,2.70
2014.11.27 06:24:47.042,0.8536,0.85389,1.37,2.70
2014.11.27 06:24:47.092,0.8536,0.85389,1.00,2.70
2014.11.27 06:24:47.143,0.85356,0.85385,2.10,1.00
2014.11.27 06:24:47.400,0.85354,0.85385,1.37,2.10
2014.11.27 06:24:47.613,0.8535,0.85381,1.37,2.10
2014.11.27 06:24:53.782,0.85349,0.8538,1.75,1.72
2014.11.27 06:24:54.671,0.85359,0.85381,1.00,1.72
2014.11.27 06:24:55.964,0.8536,0.85381,1.00,1.72
2014.11.27 06:25:06.365,0.85354,0.85381,1.37,1.72
2014.11.27 06:25:07.220,0.85354,0.85381,1.37,1.72
2014.11.27 06:25:09.224,0.8536,0.85381,1.00,1.72
2014.11.27 06:25:09.854,0.8536,0.8538,1.00,1.72
2014.11.27 06:25:11.943,0.8536,0.85383,1.00,2.10
2014.11.27 06:25:12.932,0.8536,0.85381,1.00,1.72
2014.11.27 06:25:15.382,0.85355,0.85381,1.37,1.72
2014.11.27 06:25:15.843,0.8536,0.85381,1.00,1.72
2014.11.27 06:25:18.683,0.85355,0.85381,1.00,2.10
2014.11.27 06:25:22.167,0.85355,0.85381,1.00,2.10
2014.11.27 06:25:25.052,0.85354,0.8538,1.37,1.72
2014.11.27 06:25:27.878,0.85355,0.8538,1.37,1.72
2014.11.27 06:25:27.978,0.85355,0.8538,1.00,1.72
2014.11.27 06:25:37.042,0.85355,0.85381,1.00,1.72
2014.11.27 06:25:38.296,0.85355,0.85381,1.37,2.10
2014.11.27 06:25:38.632,0.85355,0.85381,1.12,2.10
2014.11.27 06:25:38.732,0.85355,0.85381,1.37,1.72
2014.11.27 06:25:39.082,0.8536,0.85383,1.00,1.72
2014.11.27 06:25:44.862,0.8536,0.85384,1.00,1.72
2014.11.27 06:25:51.671,0.8536,0.85385,1.00,2.10
2014.11.27 06:25:52.772,0.8536,0.85384,1.00,1.72
2014.11.27 06:25:53.996,0.8536,0.85386,1.00,2.10
2014.11.27 06:25:54.862,0.8536,0.85384,1.00,1.72
2014.11.27 06:25:55.972,0.8536,0.85385,1.00,2.10
2014.11.27 06:25:56.621,0.8536,0.85384,1.00,1.72
2014.11.27 06:25:57.173,0.8536,0.85383,1.00,1.72
2014.11.27 06:26:00.912,0.8536,0.85385,1.00,2.10
2014.11.27 06:26:02.653,0.8536,0.85385,1.37,1.72
2014.11.27 06:26:02.803,0.8536,0.85387,1.37,2.10
2014.11.27 06:26:03.594,0.8536,0.85386,1.37,1.72
2014.11.27 06:26:06.304,0.85359,0.85386,1.75,1.72
2014.11.27 06:26:06.972,0.85359,0.85389,1.75,2.10
2014.11.27 06:26:11.251,0.85359,0.85391,1.75,2.10
2014.11.27 06:26:11.301,0.85359,0.85391,1.75,2.10
2014.11.27 06:26:11.681,0.8536,0.85391,1.37,2.10
2014.11.27 06:26:18.992,0.85359,0.85394,1.37,2.47
2014.11.27 06:26:19.501,0.8536,0.8539,1.00,2.10
2014.11.27 06:26:19.893,0.8536,0.85392,1.00,2.10
2014.11.27 06:26:20.902,0.8536,0.85393,1.37,2.10
2014.11.27 06:26:21.398,0.85359,0.85393,1.37,2.10
2014.11.27 06:26:22.299,0.8536,0.8539,1.00,2.10
2014.11.27 06:26:26.706,0.8536,0.85392,1.00,2.10
2014.11.27 06:26:32.114,0.8536,0.85392,1.00,2.47
2014.11.27 06:26:32.331,0.85354,0.85392,1.37,2.47
2014.11.27 06:26:32.523,0.8536,0.85392,1.00,2.47
2014.11.27 06:26:32.793,0.85355,0.85392,1.37,2.47
2014.11.27 06:26:38.471,0.85355,0.85391,1.75,2.10
2014.11.27 06:26:44.352,0.85355,0.85389,1.50,2.10
2014.11.27 06:26:58.381,0.85355,0.85388,1.37,2.47
2014.11.27 06:26:58.481,0.85355,0.85387,1.37,2.10
2014.11.27 06:26:58.864,0.85355,0.85387,1.37,2.10
2014.11.27 06:26:59.515,0.8535,0.85386,1.75,2.10
2014.11.27 06:27:00.268,0.8535,0.85385,1.75,2.10
2014.11.27 06:27:12.687,0.8535,0.85386,1.75,2.47
2014.11.27 06:27:13.088,0.85355,0.85386,1.37,2.10
2014.11.27 06:27:14.366,0.85355,0.85386,1.50,2.10
2014.11.27 06:27:16.532,0.85355,0.85388,1.75,2.70
2014.11.27 06:27:17.290,0.85355,0.85388,1.75,1.30
2014.11.27 06:27:18.553,0.85355,0.85388,1.75,1.30
2014.11.27 06:27:20.723,0.85355,0.85389,1.75,2.70
2014.11.27 06:27:20.824,0.85354,0.85388,1.75,1.30
2014.11.27 06:27:21.141,0.85354,0.85388,1.75,2.70
2014.11.27 06:27:21.622,0.85355,0.85389,1.75,2.70
2014.11.27 06:27:21.783,0.85355,0.85387,1.75,2.10
2014.11.27 06:27:22.623,0.85355,0.85387,1.75,2.10
2014.11.27 06:27:28.740,0.85354,0.85387,1.50,2.10
2014.11.27 06:27:28.942,0.85355,0.85385,1.37,2.10
2014.11.27 06:27:29.290,0.8535,0.85384,1.75,2.10
2014.11.27 06:27:30.605,0.8535,0.85384,1.75,2.10
2014.11.27 06:27:32.152,0.8535,0.85385,1.37,2.47
2014.11.27 06:27:42.629,0.85355,0.85383,1.00,2.10
2014.11.27 06:27:43.150,0.8536,0.85385,1.00,2.10
2014.11.27 06:27:44.294,0.85359,0.85385,1.00,2.10
2014.11.27 06:27:50.050,0.8536,0.85385,1.00,2.10
2014.11.27 06:27:59.731,0.85359,0.85385,1.00,2.10
2014.11.27 06:28:01.817,0.85359,0.85385,1.00,2.10
2014.11.27 06:28:05.707,0.8536,0.85385,1.00,2.10
2014.11.27 06:28:25.301,0.8536,0.85385,1.00,1.72
2014.11.27 06:28:25.402,0.8536,0.85388,1.37,2.32
2014.11.27 06:28:25.502,0.85365,0.85388,1.00,2.32
2014.11.27 06:28:34.279,0.85359,0.85387,1.12,1.30
2014.11.27 06:28:34.925,0.8536,0.85387,1.00,2.70
2014.11.27 06:28:36.103,0.8536,0.85387,1.00,2.70
2014.11.27 06:28:36.690,0.85359,0.85385,1.00,1.72
2014.11.27 06:28:37.898,0.85359,0.85386,1.00,2.10
2014.11.27 06:28:39.000,0.8536,0.85385,1.00,1.72
2014.11.27 06:28:41.968,0.8536,0.85386,1.00,2.10
2014.11.27 06:28:55.718,0.8536,0.85387,1.00,2.10
2014.11.27 06:29:06.962,0.8536,0.85385,1.00,1.72
2014.11.27 06:29:11.887,0.8536,0.85386,1.00,1.72
2014.11.27 06:29:13.059,0.8536,0.85385,1.00,1.72
2014.11.27 06:29:13.758,0.8536,0.85388,1.00,2.10
2014.11.27 06:29:14.879,0.8536,0.85386,1.00,1.72
2014.11.27 06:29:20.047,0.85359,0.85386,1.12,2.10
2014.11.27 06:29:20.981,0.85359,0.85386,1.00,2.10
2014.11.27 06:29:22.708,0.85359,0.85386,1.00,1.72
2014.11.27 06:29:38.564,0.8536,0.85386,1.00,2.10
2014.11.27 06:29:45.899,0.85359,0.85386,1.12,1.72
2014.11.27 06:29:51.069,0.8536,0.85386,1.00,2.10
2014.11.27 06:29:56.148,0.85359,0.85387,1.00,2.10
2014.11.27 06:29:57.129,0.85359,0.85387,1.12,2.10
2014.11.27 06:29:57.788,0.8536,0.85387,1.00,1.72
2014.11.27 06:29:57.890,0.85365,0.85387,1.00,1.72
2014.11.27 06:29:59.466,0.8536,0.85387,1.12,1.72
2014.11.27 06:30:00.689,0.85359,0.85387,1.12,2.10
2014.11.27 06:30:01.933,0.8536,0.85389,1.12,2.10
2014.11.27 06:30:03.504,0.8536,0.85387,1.00,2.10
2014.11.27 06:30:03.805,0.8536,0.85387,1.37,2.10
2014.11.27 06:30:03.906,0.8536,0.85387,1.00,1.72
2014.11.27 06:30:04.599,0.8536,0.85388,1.00,1.72
2014.11.27 06:30:13.398,0.8536,0.85389,1.00,1.72
2014.11.27 06:30:18.128,0.8536,0.8539,1.00,2.10
2014.11.27 06:30:44.568,0.8536,0.8539,1.37,2.10
2014.11.27 06:30:46.771,0.8536,0.8539,1.12,2.10
2014.11.27 06:30:47.573,0.8536,0.8539,1.37,2.10
2014.11.27 06:30:52.338,0.85365,0.85392,1.00,2.10
2014.11.27 06:30:52.847,0.85365,0.85393,1.00,2.10
2014.11.27 06:30:57.178,0.85364,0.85393,1.00,2.10
2014.11.27 06:31:05.007,0.85364,0.85393,1.12,2.10
2014.11.27 06:31:07.608,0.85364,0.85393,1.00,2.10
2014.11.27 06:31:08.286,0.85365,0.85393,1.00,2.10
2014.11.27 06:31:09.279,0.8536,0.85393,2.10,2.10
2014.11.27 06:31:13.128,0.85364,0.85393,1.00,2.10
2014.11.27 06:31:18.228,0.85364,0.85393,1.37,1.72
2014.11.27 06:31:18.529,0.8537,0.85398,1.00,2.70
2014.11.27 06:31:19.747,0.85369,0.85398,1.00,2.70
2014.11.27 06:31:20.429,0.8537,0.85397,1.00,1.30
2014.11.27 06:31:26.109,0.85364,0.85397,3.22,1.30
2014.11.27 06:31:26.877,0.8537,0.85397,1.00,1.30
2014.11.27 06:31:28.686,0.8537,0.854,1.37,2.10
2014.11.27 06:31:32.759,0.8537,0.85399,1.12,2.10
2014.11.27 06:31:34.796,0.8537,0.85398,1.00,2.10
2014.11.27 06:31:35.560,0.85369,0.85397,1.00,2.10
2014.11.27 06:31:36.094,0.85369,0.85397,1.12,2.10
2014.11.27 06:31:36.618,0.8537,0.85397,1.37,2.10
2014.11.27 06:31:40.486,0.8537,0.85405,3.22,1.97
2014.11.27 06:31:40.788,0.85375,0.85409,1.37,3.07
2014.11.27 06:31:41.604,0.85379,0.85406,1.00,2.70
2014.11.27 06:31:42.607,0.8538,0.85406,1.00,2.70
2014.11.27 06:31:42.968,0.8538,0.85407,1.00,3.07
2014.11.27 06:31:43.901,0.8538,0.85407,1.00,2.70
2014.11.27 06:31:47.948,0.85379,0.85407,1.00,2.70
2014.11.27 06:31:47.998,0.85379,0.85405,1.12,1.30
2014.11.27 06:31:50.610,0.8538,0.85407,1.00,2.10
2014.11.27 06:31:50.748,0.85375,0.85407,1.37,2.10
2014.11.27 06:31:50.798,0.85375,0.85403,1.37,1.72
2014.11.27 06:31:51.279,0.85375,0.85406,1.37,2.10
2014.11.27 06:31:52.255,0.85379,0.85407,1.00,2.10
2014.11.27 06:31:52.518,0.85379,0.85407,1.37,2.10
2014.11.27 06:31:52.948,0.8538,0.85407,1.37,1.72
2014.11.27 06:31:53.126,0.8538,0.85409,1.37,2.70
2014.11.27 06:31:53.924,0.8538,0.85409,1.37,2.70
2014.11.27 06:31:56.010,0.8538,0.85409,1.37,2.70
2014.11.27 06:31:58.744,0.8538,0.85409,1.00,2.70
2014.11.27 06:31:58.996,0.85375,0.85407,1.37,2.10
2014.11.27 06:31:59.575,0.85375,0.85405,1.37,2.10
2014.11.27 06:32:08.362,0.85375,0.85405,1.75,2.10
2014.11.27 06:32:12.972,0.85375,0.85406,1.37,2.10
2014.11.27 06:32:22.426,0.85375,0.85405,1.00,2.47
2014.11.27 06:32:22.741,0.85369,0.85401,1.37,2.10
2014.11.27 06:32:23.155,0.85375,0.854,1.00,2.10
2014.11.27 06:32:26.616,0.85375,0.85401,1.12,2.10
2014.11.27 06:32:26.666,0.8538,0.85406,1.00,2.47
2014.11.27 06:32:26.917,0.8538,0.85407,1.00,1.67
2014.11.27 06:32:28.107,0.85374,0.85407,1.37,1.67
2014.11.27 06:32:28.208,0.85374,0.85407,1.12,2.47
2014.11.27 06:32:28.258,0.85374,0.85407,1.12,2.47
2014.11.27 06:32:30.077,0.85375,0.85406,1.00,2.47
2014.11.27 06:32:33.918,0.85375,0.85406,1.00,2.47
2014.11.27 06:32:34.519,0.85375,0.85406,1.00,2.10
2014.11.27 06:32:34.620,0.85379,0.85406,1.00,2.10
2014.11.27 06:32:34.821,0.85375,0.85408,2.85,2.47
2014.11.27 06:32:34.972,0.85375,0.85407,1.12,2.47
2014.11.27 06:32:37.529,0.85375,0.85407,1.00,2.10
2014.11.27 06:32:37.579,0.8538,0.85407,1.00,2.10
2014.11.27 06:32:40.936,0.8538,0.85408,1.00,2.47
2014.11.27 06:32:41.096,0.85375,0.85405,1.00,2.47
2014.11.27 06:32:42.341,0.85375,0.85402,1.00,2.10
2014.11.27 06:32:42.441,0.85375,0.85401,1.00,2.47
2014.11.27 06:32:47.450,0.85375,0.85401,1.00,2.10
2014.11.27 06:32:49.165,0.85375,0.85401,1.00,2.10
2014.11.27 06:32:49.369,0.8537,0.85399,1.12,2.10
2014.11.27 06:32:50.875,0.8538,0.85402,1.00,1.30
2014.11.27 06:32:51.126,0.85375,0.85406,1.12,2.47
2014.11.27 06:32:51.176,0.85375,0.85401,1.00,1.67
2014.11.27 06:32:51.565,0.85375,0.85399,1.00,2.10
2014.11.27 06:32:52.316,0.85374,0.85405,1.12,1.35
2014.11.27 06:32:52.367,0.85375,0.85406,1.00,3.07
2014.11.27 06:32:52.880,0.85375,0.85405,1.00,1.35
2014.11.27 06:32:54.815,0.85375,0.85405,1.00,1.35
2014.11.27 06:32:54.936,0.8537,0.85405,1.37,1.35
2014.11.27 06:32:58.015,0.8537,0.85405,1.37,3.07
2014.11.27 06:32:58.636,0.8537,0.85405,1.37,1.35
2014.11.27 06:32:58.686,0.85374,0.85405,1.00,1.35
2014.11.27 06:32:59.778,0.85375,0.85405,1.12,1.67
2014.11.27 06:33:00.564,0.85375,0.85405,1.00,1.35
2014.11.27 06:33:04.178,0.85374,0.85405,1.12,1.35
2014.11.27 06:33:10.036,0.85375,0.85405,1.00,1.35
2014.11.27 06:33:17.735,0.85374,0.85405,1.12,1.35
2014.11.27 06:33:18.286,0.85375,0.85405,1.00,1.35
2014.11.27 06:33:20.327,0.85375,0.85405,1.00,1.67
2014.11.27 06:33:23.454,0.8537,0.85405,1.37,1.50
2014.11.27 06:33:27.158,0.8537,0.85407,1.50,2.47
2014.11.27 06:33:34.008,0.8537,0.85405,1.37,2.47
2014.11.27 06:33:40.995,0.85368,0.854,2.10,2.85
2014.11.27 06:34:17.960,0.85366,0.85399,2.47,2.10
2014.11.27 06:34:33.891,0.85366,0.85398,2.10,2.10
2014.11.27 06:34:40.201,0.85366,0.85398,2.10,2.10
2014.11.27 06:34:40.302,0.85366,0.85398,2.47,2.10
2014.11.27 06:35:26.159,0.85366,0.85395,2.47,1.00
2014.11.27 06:35:38.411,0.85366,0.85395,2.47,1.00
2014.11.27 06:35:49.116,0.85366,0.85399,2.47,2.70
2014.11.27 06:35:50.482,0.85366,0.85395,2.47,1.00
2014.11.27 06:35:55.566,0.85366,0.85398,2.47,2.70
2014.11.27 06:36:25.856,0.85366,0.85395,2.47,1.00
2014.11.27 06:36:54.780,0.85365,0.85395,1.37,1.72
2014.11.27 06:36:54.880,0.85365,0.85393,1.12,2.70
2014.11.27 06:36:55.383,0.85356,0.85389,2.47,1.72
2014.11.27 06:36:57.694,0.85356,0.85389,2.47,2.10
2014.11.27 06:36:58.575,0.85355,0.85387,3.22,2.10
2014.11.27 06:37:01.282,0.85354,0.85385,1.75,1.72
2014.11.27 06:37:01.332,0.85354,0.85385,1.50,2.10
2014.11.27 06:37:01.433,0.85354,0.85385,1.37,2.10
2014.11.27 06:37:01.721,0.85355,0.85382,1.37,1.72
2014.11.27 06:37:02.051,0.85355,0.85384,1.37,2.10
2014.11.27 06:37:02.811,0.85355,0.85384,1.12,2.10
2014.11.27 06:37:03.113,0.8535,0.8538,1.37,2.10
2014.11.27 06:37:04.346,0.8535,0.8538,1.37,2.10
2014.11.27 06:37:05.107,0.8535,0.8538,1.37,2.10
2014.11.27 06:37:05.684,0.85344,0.85379,1.75,1.72
2014.11.27 06:37:09.244,0.85345,0.85379,1.75,2.10
2014.11.27 06:37:10.631,0.85345,0.85377,1.75,1.72
2014.11.27 06:37:11.291,0.85344,0.85376,1.75,1.72
2014.11.27 06:37:12.721,0.85344,0.85377,1.75,1.72
2014.11.27 06:37:13.271,0.85344,0.85376,1.75,1.72
2014.11.27 06:37:17.231,0.85344,0.85377,1.75,1.72
2014.11.27 06:37:18.001,0.85344,0.85376,1.75,1.72
2014.11.27 06:37:18.226,0.85345,0.85376,1.37,1.72
2014.11.27 06:37:19.530,0.85345,0.85376,1.37,2.10
2014.11.27 06:37:20.509,0.85345,0.85376,1.37,2.10
2014.11.27 06:37:20.933,0.85345,0.85374,1.37,2.10
2014.11.27 06:37:21.034,0.85345,0.85375,1.37,2.10
2014.11.27 06:37:21.235,0.85345,0.85376,1.37,2.10
2014.11.27 06:37:21.851,0.85345,0.85375,1.37,2.85
2014.11.27 06:37:24.980,0.85344,0.85375,1.75,2.10
2014.11.27 06:37:27.044,0.85344,0.85377,3.22,2.10
2014.11.27 06:37:39.002,0.85344,0.85375,1.75,1.72
2014.11.27 06:37:39.261,0.85344,0.85375,1.37,2.10
2014.11.27 06:37:54.131,0.85345,0.85376,1.37,2.10
2014.11.27 06:37:54.851,0.85345,0.85376,1.37,2.10
2014.11.27 06:37:58.197,0.85345,0.85376,1.37,1.72
2014.11.27 06:38:00.351,0.85345,0.85377,1.37,2.10
2014.11.27 06:38:01.121,0.85345,0.85376,1.37,1.72
2014.11.27 06:38:01.230,0.85345,0.85374,1.37,1.72
2014.11.27 06:38:03.752,0.85344,0.85374,1.37,1.72
2014.11.27 06:38:04.677,0.8534,0.85373,3.22,1.72
2014.11.27 06:38:23.155,0.85343,0.85375,2.10,2.10
2014.11.27 06:38:23.756,0.85343,0.85375,2.10,2.10
2014.11.27 06:38:36.773,0.85345,0.85375,1.37,2.10
2014.11.27 06:38:51.203,0.85345,0.85375,1.37,2.10
2014.11.27 06:38:54.409,0.85345,0.85375,1.37,2.10
2014.11.27 06:38:54.740,0.85345,0.85376,1.00,2.10
2014.11.27 06:38:54.961,0.8534,0.85372,1.37,2.10
2014.11.27 06:38:55.504,0.8534,0.85372,1.37,1.72
2014.11.27 06:38:55.613,0.8534,0.85372,1.75,2.10
2014.11.27 06:38:55.720,0.8534,0.85372,1.37,1.72
2014.11.27 06:38:55.842,0.85345,0.85372,1.37,1.72
2014.11.27 06:38:57.319,0.85345,0.85373,1.37,1.72
2014.11.27 06:39:00.672,0.85345,0.85375,1.37,2.10
2014.11.27 06:39:01.179,0.85345,0.85375,1.37,2.10
2014.11.27 06:39:01.229,0.85345,0.85375,1.37,2.10
2014.11.27 06:39:03.646,0.85344,0.85375,1.75,1.72
2014.11.27 06:39:03.761,0.85347,0.8538,2.47,2.10
2014.11.27 06:39:07.271,0.8535,0.8538,1.37,2.10
2014.11.27 06:39:19.198,0.8535,0.8538,1.37,2.10
2014.11.27 06:39:19.358,0.85344,0.85376,3.22,1.72
2014.11.27 06:39:19.869,0.85345,0.85376,1.37,1.72
2014.11.27 06:39:19.919,0.85345,0.85376,1.37,1.72
2014.11.27 06:39:20.201,0.85345,0.85377,1.75,1.72
2014.11.27 06:39:20.352,0.85347,0.8538,2.47,2.85
2014.11.27 06:39:21.760,0.85345,0.85377,3.22,1.72
2014.11.27 06:39:23.106,0.85345,0.85377,3.22,1.72
2014.11.27 06:39:24.959,0.85345,0.85376,1.50,1.72
2014.11.27 06:39:25.673,0.85345,0.85377,3.22,1.72
2014.11.27 06:39:26.939,0.85345,0.85376,1.50,1.72
2014.11.27 06:39:29.249,0.85345,0.85378,1.50,2.10
2014.11.27 06:39:31.030,0.85345,0.85376,1.50,1.72
2014.11.27 06:39:31.989,0.85345,0.85377,1.50,1.72
2014.11.27 06:39:35.299,0.85345,0.85378,1.50,2.10
2014.11.27 06:39:36.983,0.85345,0.85376,1.50,1.72
2014.11.27 06:39:38.021,0.85345,0.85377,1.50,1.72
2014.11.27 06:39:38.943,0.85345,0.85376,1.50,1.72
2014.11.27 06:39:40.131,0.85345,0.85377,1.50,1.72
2014.11.27 06:39:41.625,0.85345,0.85376,1.50,1.72
2014.11.27 06:39:44.360,0.85345,0.85375,1.50,1.72
2014.11.27 06:39:45.746,0.85345,0.85376,1.50,1.72
2014.11.27 06:39:53.013,0.85345,0.85377,1.50,1.72
2014.11.27 06:39:54.658,0.85345,0.85376,1.50,1.72
2014.11.27 06:40:00.259,0.85345,0.85376,1.75,1.72
2014.11.27 06:40:00.410,0.85345,0.85376,1.37,2.10
2014.11.27 06:40:01.056,0.85345,0.85375,1.37,2.10
2014.11.27 06:40:01.559,0.85345,0.85375,1.50,1.72
2014.11.27 06:40:03.391,0.85344,0.85375,1.37,1.72
2014.11.27 06:40:04.474,0.85344,0.85375,1.37,1.72
2014.11.27 06:40:04.991,0.85343,0.85376,2.47,2.10
2014.11.27 06:40:05.126,0.85344,0.85377,2.47,2.10
2014.11.27 06:40:06.800,0.85345,0.85376,1.50,1.72
2014.11.27 06:40:07.309,0.85345,0.85375,1.50,1.72
2014.11.27 06:40:09.931,0.85343,0.85375,2.47,1.72
2014.11.27 06:40:09.982,0.85346,0.85378,2.47,1.72
2014.11.27 06:40:10.082,0.85347,0.8538,2.47,2.70
2014.11.27 06:40:10.342,0.85347,0.85375,2.47,1.00
2014.11.27 06:40:11.556,0.85346,0.85378,2.47,1.72
2014.11.27 06:40:11.707,0.85346,0.85378,2.10,1.72
2014.11.27 06:40:11.808,0.85346,0.85375,2.47,1.00
2014.11.27 06:40:11.908,0.85346,0.85378,2.47,1.72
2014.11.27 06:40:12.102,0.85346,0.85375,2.47,1.00
2014.11.27 06:40:13.310,0.85346,0.85378,2.47,1.72
2014.11.27 06:40:14.081,0.85347,0.85379,2.47,1.72
2014.11.27 06:40:14.214,0.85347,0.85379,2.47,1.72
2014.11.27 06:40:15.677,0.85348,0.8538,2.47,1.72
2014.11.27 06:40:19.429,0.85348,0.8538,2.10,2.10
2014.11.27 06:40:19.680,0.8535,0.85377,1.37,1.72
2014.11.27 06:40:20.232,0.85345,0.85377,1.75,1.72
2014.11.27 06:40:21.077,0.85345,0.85375,1.75,1.72
2014.11.27 06:40:22.091,0.8534,0.85372,2.47,1.72
2014.11.27 06:40:22.622,0.8534,0.85373,3.22,2.10
2014.11.27 06:40:25.242,0.85341,0.85373,2.47,2.10
2014.11.27 06:40:25.843,0.85341,0.85373,2.47,1.72
2014.11.27 06:40:29.093,0.8534,0.85372,3.22,1.72
2014.11.27 06:40:31.259,0.85339,0.85372,3.22,2.10
2014.11.27 06:40:31.460,0.8534,0.85371,1.37,2.10
2014.11.27 06:40:31.761,0.85335,0.85368,3.22,1.72
2014.11.27 06:40:35.268,0.85335,0.85368,3.22,2.10
2014.11.27 06:40:35.971,0.85335,0.85367,1.75,2.10
2014.11.27 06:40:37.010,0.85335,0.85366,1.50,2.10
2014.11.27 06:40:40.094,0.85334,0.85366,1.50,2.10
2014.11.27 06:40:41.021,0.85334,0.85367,3.22,2.10
2014.11.27 06:40:43.004,0.85335,0.85367,1.75,1.72
2014.11.27 06:40:43.105,0.85335,0.8537,3.22,1.37
2014.11.27 06:40:43.670,0.8534,0.8537,1.37,1.00
2014.11.27 06:40:44.408,0.8534,0.8537,1.75,1.00
2014.11.27 06:40:44.660,0.85339,0.85371,3.22,1.37
2014.11.27 06:40:44.760,0.85339,0.85371,3.22,1.12
2014.11.27 06:40:44.861,0.8534,0.8537,1.75,1.00
2014.11.27 06:40:46.181,0.8534,0.85373,1.75,2.70
2014.11.27 06:40:46.432,0.85349,0.8538,1.00,2.32
2014.11.27 06:40:46.780,0.85345,0.85375,1.00,1.60
2014.11.27 06:40:47.631,0.85342,0.85375,2.10,2.32
2014.11.27 06:40:48.723,0.85341,0.85374,2.47,2.70
2014.11.27 06:40:54.440,0.85341,0.85375,2.47,2.70
2014.11.27 06:40:54.743,0.85344,0.85375,1.75,2.70
2014.11.27 06:40:55.245,0.85345,0.85376,1.75,2.10
2014.11.27 06:40:56.152,0.85345,0.85375,3.22,1.60
2014.11.27 06:40:56.957,0.85344,0.85376,1.50,2.10
2014.11.27 06:40:57.060,0.85344,0.85376,1.37,2.47
2014.11.27 06:40:58.680,0.85345,0.85375,1.37,2.70
2014.11.27 06:41:00.773,0.85345,0.85375,1.50,2.70
2014.11.27 06:41:11.100,0.85345,0.85376,1.37,4.20
2014.11.27 06:41:13.373,0.8534,0.8537,3.22,1.00
2014.11.27 06:41:13.719,0.85339,0.85369,1.75,1.72
2014.11.27 06:41:13.819,0.85337,0.85369,2.47,2.32
2014.11.27 06:41:13.870,0.85335,0.85367,3.22,1.72
2014.11.27 06:41:14.180,0.85335,0.85365,1.75,1.72
2014.11.27 06:41:14.920,0.85335,0.85364,1.75,1.72
2014.11.27 06:41:20.026,0.85335,0.85364,1.50,1.72
2014.11.27 06:41:20.545,0.85335,0.85364,1.37,1.72
2014.11.27 06:41:24.308,0.85335,0.85363,1.37,1.72
2014.11.27 06:41:25.680,0.85335,0.85364,1.37,2.10
2014.11.27 06:41:27.177,0.85334,0.85363,1.50,1.72
2014.11.27 06:41:30.276,0.85335,0.85365,1.37,2.10
2014.11.27 06:41:33.262,0.85335,0.85365,1.37,2.10
2014.11.27 06:41:34.491,0.85335,0.85365,1.37,2.10
2014.11.27 06:41:39.797,0.85335,0.85365,1.50,2.10
2014.11.27 06:41:51.235,0.85334,0.85365,1.75,1.72
2014.11.27 06:41:51.336,0.85336,0.85371,2.47,3.45
2014.11.27 06:41:54.568,0.85338,0.8537,2.10,1.72
2014.11.27 06:41:55.643,0.85336,0.8537,2.47,1.72
2014.11.27 06:41:56.876,0.85338,0.8537,2.10,1.72
2014.11.27 06:41:58.367,0.85337,0.8537,2.10,3.45
2014.11.27 06:42:00.565,0.85337,0.8537,2.10,1.72
2014.11.27 06:42:22.708,0.85335,0.85368,3.22,2.10
2014.11.27 06:42:39.197,0.85336,0.85368,2.47,2.10
2014.11.27 06:42:40.797,0.85335,0.85367,2.47,1.72
2014.11.27 06:42:41.787,0.85335,0.85368,2.47,2.10
2014.11.27 06:42:46.847,0.85334,0.85367,3.22,1.72
2014.11.27 06:42:48.694,0.85335,0.85368,2.47,2.10
2014.11.27 06:42:50.773,0.85336,0.85369,2.10,2.10
2014.11.27 06:43:03.514,0.85335,0.85368,3.22,2.10
2014.11.27 06:43:07.624,0.85334,0.85366,2.10,2.10
2014.11.27 06:43:14.236,0.85335,0.85366,1.50,1.72
2014.11.27 06:43:14.838,0.85335,0.85366,1.50,2.10
2014.11.27 06:43:20.949,0.85335,0.85364,1.50,1.72
2014.11.27 06:43:21.596,0.85335,0.85365,1.50,2.10
2014.11.27 06:43:24.355,0.85335,0.85365,1.37,2.10
2014.11.27 06:43:31.767,0.85335,0.85364,1.37,1.72
2014.11.27 06:43:32.368,0.85335,0.85363,1.37,1.72
2014.11.27 06:43:32.875,0.85335,0.85364,1.37,2.10
2014.11.27 06:43:37.777,0.85335,0.85364,1.37,1.72
2014.11.27 06:43:39.926,0.85335,0.85363,1.37,1.72
2014.11.27 06:43:41.985,0.85335,0.85363,1.37,1.72
2014.11.27 06:43:42.991,0.85334,0.85363,1.50,1.72
2014.11.27 06:43:43.819,0.85335,0.85364,1.37,2.10
2014.11.27 06:43:47.024,0.8533,0.85363,1.75,2.10
2014.11.27 06:43:47.217,0.8533,0.85363,3.22,2.10
2014.11.27 06:43:48.006,0.85335,0.85364,1.37,1.72
2014.11.27 06:43:48.917,0.85334,0.85364,1.37,1.72
2014.11.27 06:43:49.796,0.85334,0.85363,1.37,1.72
2014.11.27 06:43:50.691,0.85334,0.85364,1.37,1.72
2014.11.27 06:43:53.627,0.85334,0.85364,1.37,2.10
2014.11.27 06:43:53.729,0.8533,0.85363,3.22,1.72
2014.11.27 06:43:53.981,0.8533,0.85362,1.37,2.10
2014.11.27 06:43:54.904,0.8533,0.85363,1.75,2.10
2014.11.27 06:43:55.692,0.8533,0.85362,3.22,1.72
2014.11.27 06:43:56.406,0.8533,0.85363,1.75,2.10
2014.11.27 06:43:56.845,0.8533,0.85361,1.75,1.72
2014.11.27 06:43:59.007,0.8533,0.85363,1.75,2.10
2014.11.27 06:43:59.058,0.8533,0.85361,1.75,1.72
2014.11.27 06:43:59.815,0.8533,0.85362,1.75,1.72
2014.11.27 06:44:00.916,0.8533,0.85361,1.75,1.72
2014.11.27 06:44:02.459,0.8533,0.85362,1.37,1.72
2014.11.27 06:44:03.455,0.85329,0.85362,1.75,1.72
2014.11.27 06:44:04.108,0.8533,0.85361,1.75,1.72
2014.11.27 06:44:04.655,0.8533,0.85362,3.22,1.72
2014.11.27 06:44:05.065,0.8533,0.85362,1.37,1.72
2014.11.27 06:44:05.637,0.8533,0.85362,1.37,2.10
2014.11.27 06:44:06.144,0.8533,0.85361,1.37,1.72
2014.11.27 06:44:06.276,0.8533,0.85361,1.75,1.72
2014.11.27 06:44:09.275,0.8533,0.85362,1.75,1.72
2014.11.27 06:44:11.054,0.8533,0.85361,1.75,1.72
2014.11.27 06:44:11.806,0.8533,0.85362,1.75,1.72
2014.11.27 06:44:16.584,0.8533,0.85362,1.37,2.10
2014.11.27 06:44:16.735,0.8533,0.85361,1.37,2.10
2014.11.27 06:44:17.037,0.85325,0.85356,1.75,1.72
2014.11.27 06:44:17.188,0.85325,0.85356,1.50,1.72
2014.11.27 06:44:17.915,0.85324,0.85355,1.50,1.72
2014.11.27 06:44:18.969,0.85324,0.85354,1.50,1.72
2014.11.27 06:44:19.020,0.8532,0.85351,1.75,2.10
2014.11.27 06:44:19.121,0.8532,0.85352,1.37,1.72
2014.11.27 06:44:19.322,0.85325,0.85353,1.00,1.72
2014.11.27 06:44:19.778,0.85321,0.85354,1.72,1.72
2014.11.27 06:44:19.847,0.85325,0.85354,1.00,1.72
2014.11.27 06:44:20.527,0.85325,0.85354,1.37,1.72
2014.11.27 06:44:21.046,0.85325,0.85353,1.37,1.72
2014.11.27 06:44:21.265,0.85325,0.85355,1.37,2.32
2014.11.27 06:44:22.035,0.85325,0.85353,1.37,1.72
2014.11.27 06:44:23.289,0.85325,0.85354,1.37,1.72
2014.11.27 06:44:23.915,0.85325,0.85355,1.37,2.32
2014.11.27 06:44:34.240,0.85325,0.85355,2.10,1.30
2014.11.27 06:44:35.153,0.85325,0.85359,3.22,2.70
2014.11.27 06:44:35.694,0.85326,0.85358,2.47,2.10
2014.11.27 06:44:36.846,0.85325,0.85357,3.22,2.10
2014.11.27 06:44:37.275,0.85332,0.85364,2.10,1.35
2014.11.27 06:44:37.585,0.85336,0.8537,2.10,2.10
2014.11.27 06:44:38.196,0.85335,0.8537,1.37,2.10
2014.11.27 06:44:40.957,0.85335,0.8537,1.37,2.10
2014.11.27 06:44:41.258,0.85338,0.8537,2.10,2.10
2014.11.27 06:44:43.876,0.85338,0.85365,1.72,1.37
2014.11.27 06:44:44.425,0.85336,0.8537,2.10,3.82
2014.11.27 06:44:44.778,0.85337,0.8537,2.10,3.82
2014.11.27 06:44:45.696,0.85336,0.85368,2.10,2.10
2014.11.27 06:44:49.534,0.85335,0.85368,1.50,2.10
2014.11.27 06:44:52.291,0.85335,0.85368,1.37,2.10
2014.11.27 06:44:55.438,0.85333,0.85365,2.10,1.37
2014.11.27 06:44:55.797,0.85333,0.85368,2.47,2.10
2014.11.27 06:44:56.302,0.85335,0.85371,1.75,2.10
2014.11.27 06:45:01.745,0.85335,0.85367,2.85,2.10
2014.11.27 06:45:01.845,0.85335,0.85366,1.37,2.10
2014.11.27 06:45:02.227,0.8533,0.85365,1.37,1.37
2014.11.27 06:45:02.750,0.8533,0.85365,1.37,1.37
2014.11.27 06:45:03.016,0.8533,0.85365,1.00,1.00
2014.11.27 06:45:03.666,0.85325,0.8536,1.00,1.00
2014.11.27 06:45:04.619,0.85325,0.8536,1.50,1.37
2014.11.27 06:45:05.056,0.85328,0.8536,2.47,2.85
2014.11.27 06:45:05.621,0.8533,0.8536,1.75,1.72
2014.11.27 06:45:06.122,0.85329,0.85362,3.22,2.10
2014.11.27 06:45:06.376,0.85329,0.85363,1.75,2.10
2014.11.27 06:45:06.746,0.85329,0.85361,1.75,1.72
2014.11.27 06:45:07.336,0.85329,0.85359,1.75,1.72
2014.11.27 06:45:07.437,0.8533,0.85365,1.37,2.85
2014.11.27 06:45:07.806,0.8533,0.85356,1.37,1.72
2014.11.27 06:45:08.236,0.8533,0.85356,1.50,1.72
2014.11.27 06:45:08.337,0.85325,0.85356,1.00,1.72
2014.11.27 06:45:08.387,0.8533,0.85355,1.00,1.72
2014.11.27 06:45:08.506,0.85325,0.85356,1.00,1.72
2014.11.27 06:45:08.588,0.85325,0.85353,1.00,1.72
2014.11.27 06:45:08.689,0.85325,0.85355,1.00,1.72
2014.11.27 06:45:08.796,0.85325,0.8536,1.00,1.60
2014.11.27 06:45:09.128,0.85324,0.85353,1.00,1.72
2014.11.27 06:45:09.431,0.85325,0.85353,1.37,1.72
2014.11.27 06:45:09.481,0.85325,0.85356,1.37,1.72
2014.11.27 06:45:09.678,0.85325,0.85353,1.37,1.72
2014.11.27 06:45:10.334,0.85325,0.85353,1.37,1.72
2014.11.27 06:45:10.556,0.85325,0.85356,1.37,1.72
2014.11.27 06:45:11.591,0.85325,0.85352,1.75,1.72
2014.11.27 06:45:12.108,0.85325,0.85353,1.75,1.72
2014.11.27 06:45:12.159,0.85325,0.85353,1.50,1.72
2014.11.27 06:45:12.464,0.85325,0.85362,1.50,2.10
2014.11.27 06:45:12.770,0.85325,0.85354,1.50,1.72
2014.11.27 06:45:13.236,0.85325,0.85356,1.37,1.72
2014.11.27 06:45:14.046,0.85325,0.85355,1.37,1.72
2014.11.27 06:45:14.627,0.85325,0.85357,1.37,2.10
2014.11.27 06:45:16.849,0.85325,0.85357,1.37,1.72
2014.11.27 06:45:19.519,0.85325,0.85357,1.37,2.10
2014.11.27 06:45:20.756,0.85325,0.85357,1.50,1.72
2014.11.27 06:45:21.995,0.85325,0.85357,3.22,1.72
2014.11.27 06:45:23.453,0.85325,0.85357,1.75,2.32
2014.11.27 06:45:23.866,0.85325,0.85351,1.37,1.72
2014.11.27 06:45:28.155,0.85325,0.85352,1.37,2.10
2014.11.27 06:45:28.315,0.85325,0.85355,1.37,2.70
2014.11.27 06:45:30.574,0.85325,0.85355,1.37,2.70
2014.11.27 06:45:36.488,0.85325,0.85356,1.37,2.70
2014.11.27 06:45:36.990,0.85325,0.85354,1.37,2.10
2014.11.27 06:45:37.803,0.85325,0.85356,1.37,2.70
2014.11.27 06:45:38.320,0.85326,0.85359,2.10,2.10
2014.11.27 06:45:40.752,0.8533,0.85359,1.12,2.10
2014.11.27 06:45:41.078,0.8533,0.8536,1.37,2.10
2014.11.27 06:45:41.226,0.8533,0.8536,1.37,2.10
2014.11.27 06:45:43.737,0.8533,0.8536,1.37,2.10
2014.11.27 06:45:44.326,0.8533,0.85362,1.37,2.10
2014.11.27 06:45:44.376,0.8533,0.85362,1.37,2.10
2014.11.27 06:45:44.896,0.8533,0.8536,1.37,1.72
2014.11.27 06:45:44.961,0.8533,0.8536,1.50,2.10
2014.11.27 06:45:45.263,0.85334,0.85363,1.37,1.72
2014.11.27 06:45:46.051,0.85335,0.85365,1.37,1.37
2014.11.27 06:45:46.567,0.85335,0.85365,1.37,1.12
2014.11.27 06:45:47.794,0.85335,0.85365,1.37,1.37
2014.11.27 06:45:48.115,0.85329,0.85362,1.37,2.10
2014.11.27 06:45:49.175,0.8533,0.85359,1.37,2.10
2014.11.27 06:45:49.691,0.8533,0.85359,1.37,2.10
2014.11.27 06:45:50.677,0.8533,0.85359,1.37,1.72
2014.11.27 06:45:51.375,0.8533,0.8536,1.37,2.10
2014.11.27 06:45:52.080,0.8533,0.8536,1.37,2.10
2014.11.27 06:45:54.395,0.8533,0.8536,1.37,2.10
2014.11.27 06:45:55.046,0.85329,0.8536,1.75,2.10
2014.11.27 06:45:56.058,0.85329,0.8536,1.50,2.10
2014.11.27 06:45:57.793,0.85329,0.8536,1.37,2.10
2014.11.27 06:45:57.893,0.85329,0.8536,1.12,2.10
2014.11.27 06:45:58.044,0.85324,0.85357,1.50,2.10
2014.11.27 06:45:58.407,0.85324,0.85352,1.50,1.72
2014.11.27 06:45:58.625,0.85321,0.85354,2.47,1.72
2014.11.27 06:45:59.696,0.85323,0.85356,2.47,2.10
2014.11.27 06:46:08.310,0.85325,0.85356,1.50,2.10
2014.11.27 06:46:08.661,0.85325,0.85357,3.22,2.10
2014.11.27 06:46:09.127,0.8533,0.8536,1.37,2.10
2014.11.27 06:46:09.680,0.8533,0.85359,1.37,1.72
2014.11.27 06:46:11.948,0.8533,0.85359,1.50,1.72
2014.11.27 06:46:12.827,0.8533,0.85359,1.37,1.72
2014.11.27 06:46:13.129,0.8533,0.85359,1.37,2.10
2014.11.27 06:46:13.361,0.8533,0.85359,1.37,2.10
2014.11.27 06:46:13.766,0.85325,0.85359,1.37,2.10
2014.11.27 06:46:17.875,0.85325,0.85356,1.37,1.72
2014.11.27 06:46:20.067,0.85325,0.85357,2.85,2.10
2014.11.27 06:46:21.855,0.85325,0.85356,1.37,1.72
2014.11.27 06:46:23.630,0.85325,0.85358,1.37,2.10
2014.11.27 06:46:25.754,0.85325,0.85356,1.37,1.72
2014.11.27 06:46:36.104,0.85325,0.85356,1.37,2.10
2014.11.27 06:46:46.813,0.85325,0.85357,2.85,1.72
2014.11.27 06:46:46.964,0.85325,0.85355,1.37,1.72
2014.11.27 06:46:47.594,0.85325,0.85357,1.37,1.72
2014.11.27 06:46:49.794,0.85325,0.85356,1.37,1.72
2014.11.27 06:46:50.707,0.85325,0.85357,1.37,1.72
2014.11.27 06:46:51.884,0.85325,0.85356,1.37,1.72
2014.11.27 06:46:52.580,0.85325,0.85357,2.85,1.72
2014.11.27 06:46:54.295,0.85325,0.85358,1.37,2.10
2014.11.27 06:46:54.826,0.85325,0.85358,1.37,2.10
2014.11.27 06:47:02.146,0.85325,0.85358,1.37,2.10
2014.11.27 06:47:03.286,0.8533,0.85358,1.00,2.10
2014.11.27 06:47:13.690,0.8533,0.85359,1.12,2.10
2014.11.27 06:47:14.115,0.8533,0.85359,1.12,2.10
2014.11.27 06:47:15.105,0.8533,0.85357,1.00,2.10
2014.11.27 06:47:15.526,0.85325,0.85357,2.85,2.10
2014.11.27 06:47:16.059,0.85325,0.85356,1.37,2.10
2014.11.27 06:47:19.093,0.85325,0.85357,2.85,2.10
2014.11.27 06:47:19.204,0.85327,0.8536,2.47,2.70
2014.11.27 06:47:19.406,0.8533,0.8536,1.37,2.10
2014.11.27 06:47:20.095,0.85331,0.85363,2.10,2.10
2014.11.27 06:47:32.419,0.85331,0.85363,2.47,2.10
2014.11.27 06:47:33.392,0.8533,0.85365,3.22,2.10
2014.11.27 06:47:37.431,0.8533,0.85365,3.22,2.47
2014.11.27 06:47:39.839,0.85332,0.85364,2.47,2.10
2014.11.27 06:47:45.365,0.8533,0.85364,1.75,2.47
2014.11.27 06:47:47.356,0.8533,0.85362,1.75,2.10
2014.11.27 06:47:48.759,0.8533,0.85362,1.75,2.10
2014.11.27 06:47:51.110,0.8533,0.85361,1.75,1.30
2014.11.27 06:47:54.872,0.8533,0.85361,1.50,1.30
2014.11.27 06:48:00.489,0.8533,0.85362,1.75,2.70
2014.11.27 06:48:12.924,0.85331,0.85361,2.47,1.30
2014.11.27 06:48:16.370,0.85331,0.85363,2.47,2.70
2014.11.27 06:48:17.124,0.85337,0.85365,2.10,1.97
2014.11.27 06:48:18.743,0.85337,0.85365,2.10,1.72
2014.11.27 06:48:19.625,0.85338,0.85365,2.10,1.37
2014.11.27 06:48:20.270,0.85339,0.85366,2.10,1.72
2014.11.27 06:48:20.793,0.85341,0.85365,2.10,1.00
2014.11.27 06:48:21.153,0.85341,0.85365,2.10,1.00
2014.11.27 06:48:21.455,0.85341,0.85365,2.47,1.00
2014.11.27 06:48:21.505,0.85341,0.8537,2.47,1.72
2014.11.27 06:48:21.758,0.85343,0.8537,2.47,1.60
2014.11.27 06:48:23.064,0.85344,0.8537,2.10,1.60
2014.11.27 06:48:24.213,0.85344,0.8537,2.47,1.60
2014.11.27 06:48:45.010,0.8534,0.8537,1.75,1.60
2014.11.27 06:48:51.022,0.85337,0.8537,2.47,2.32
2014.11.27 06:48:51.278,0.85337,0.8537,2.47,2.32
2014.11.27 06:49:00.465,0.85337,0.8537,2.47,2.32
2014.11.27 06:49:00.566,0.85337,0.8537,2.47,3.07
2014.11.27 06:49:00.616,0.85336,0.85366,2.47,1.00
2014.11.27 06:49:01.146,0.85333,0.85365,2.47,1.00
2014.11.27 06:49:03.913,0.85334,0.85366,1.75,2.47
2014.11.27 06:49:04.683,0.85335,0.85365,1.75,1.00
2014.11.27 06:49:07.543,0.85334,0.85366,1.75,2.47
2014.11.27 06:49:11.006,0.85333,0.85365,2.47,1.72
2014.11.27 06:49:13.483,0.85333,0.85365,2.47,1.72
2014.11.27 06:49:13.784,0.85339,0.8537,1.75,2.32
2014.11.27 06:49:20.708,0.85337,0.8537,2.47,3.07
2014.11.27 06:49:21.451,0.8534,0.8537,1.75,3.07
2014.11.27 06:49:21.974,0.85345,0.85374,1.75,2.32
2014.11.27 06:49:23.051,0.85345,0.85374,1.75,2.32
2014.11.27 06:49:23.652,0.85342,0.85373,2.47,1.30
2014.11.27 06:49:24.372,0.85342,0.85375,2.47,3.07
2014.11.27 06:49:27.021,0.85341,0.8537,2.47,1.00
2014.11.27 06:49:28.272,0.85342,0.85375,2.47,3.07
2014.11.27 06:49:28.651,0.85345,0.85375,1.75,3.07
2014.11.27 06:49:32.160,0.85342,0.85375,2.47,3.45
2014.11.27 06:49:33.392,0.85345,0.85374,1.50,2.32
2014.11.27 06:49:33.442,0.85342,0.8537,2.47,1.00
2014.11.27 06:49:33.493,0.85342,0.8537,2.47,1.00
2014.11.27 06:49:33.593,0.8534,0.85369,1.75,2.10
2014.11.27 06:49:33.694,0.85336,0.85369,2.47,3.82
2014.11.27 06:49:33.794,0.85337,0.85369,1.72,2.10
2014.11.27 06:49:33.844,0.8534,0.85369,1.00,2.10
2014.11.27 06:49:34.153,0.8534,0.8537,1.00,1.00
2014.11.27 06:49:35.228,0.85339,0.85371,2.47,1.00
2014.11.27 06:49:35.278,0.8534,0.85369,1.00,1.72
2014.11.27 06:49:36.118,0.8534,0.85369,1.50,1.72
2014.11.27 06:49:40.080,0.85335,0.85369,1.75,1.72
2014.11.27 06:49:40.720,0.85335,0.8537,3.22,2.47
2014.11.27 06:49:41.202,0.85335,0.85369,1.75,1.72
2014.11.27 06:49:41.402,0.85335,0.85369,1.50,2.10
2014.11.27 06:49:41.553,0.8533,0.85362,1.75,1.72
2014.11.27 06:49:41.901,0.8533,0.85362,2.47,1.72
2014.11.27 06:49:42.084,0.8533,0.8536,2.47,1.00
2014.11.27 06:49:42.335,0.85326,0.85363,2.47,2.10
2014.11.27 06:49:42.543,0.85328,0.8536,2.47,1.00
2014.11.27 06:49:42.732,0.85326,0.85362,2.47,2.10
2014.11.27 06:49:43.402,0.8533,0.85362,3.22,1.72
2014.11.27 06:49:45.705,0.8533,0.85362,3.22,1.72
2014.11.27 06:49:45.956,0.85335,0.85364,1.75,2.10
2014.11.27 06:49:46.007,0.85335,0.85364,1.75,1.72
2014.11.27 06:49:46.208,0.85335,0.85365,1.00,1.72
2014.11.27 06:49:46.309,0.85335,0.85367,1.00,1.72
2014.11.27 06:49:47.230,0.8533,0.85362,2.85,1.72
2014.11.27 06:49:47.801,0.8533,0.85362,1.50,1.72
2014.11.27 06:49:50.969,0.8533,0.85362,1.75,1.72
2014.11.27 06:49:51.271,0.85335,0.85362,1.37,1.72
2014.11.27 06:49:52.031,0.85335,0.85362,1.37,1.72
2014.11.27 06:49:52.623,0.8533,0.85362,1.75,1.72
2014.11.27 06:49:54.455,0.85335,0.85362,1.37,1.72
2014.11.27 06:49:55.351,0.85335,0.85363,1.50,1.72
2014.11.27 06:49:56.067,0.85335,0.85363,1.37,1.72
2014.11.27 06:49:56.233,0.85335,0.85363,1.37,1.72
2014.11.27 06:49:56.858,0.85335,0.85362,1.37,1.72
2014.11.27 06:50:04.846,0.85335,0.85362,1.50,1.72
2014.11.27 06:50:05.070,0.85335,0.85365,1.50,1.72
2014.11.27 06:50:05.648,0.85335,0.85365,1.37,1.72
2014.11.27 06:50:05.770,0.85335,0.85363,1.37,1.72
2014.11.27 06:50:06.149,0.85335,0.85363,1.37,1.72
2014.11.27 06:50:07.380,0.85335,0.85364,1.37,1.72
2014.11.27 06:50:07.933,0.85335,0.85364,1.37,1.72
2014.11.27 06:50:08.471,0.85335,0.85363,1.37,1.72
2014.11.27 06:50:11.384,0.85335,0.85364,1.37,1.72
2014.11.27 06:50:11.710,0.85339,0.8537,1.37,2.10
2014.11.27 06:50:11.761,0.85339,0.8537,1.37,1.72
2014.11.27 06:50:12.770,0.85339,0.8537,1.37,2.10
2014.11.27 06:50:13.464,0.8534,0.85371,1.37,2.10
2014.11.27 06:50:14.325,0.85339,0.8537,1.50,1.72
2014.11.27 06:50:26.959,0.8534,0.85372,1.37,2.10
2014.11.27 06:50:27.336,0.85339,0.85369,1.37,1.72
2014.11.27 06:50:31.405,0.85339,0.85372,1.37,2.10
2014.11.27 06:50:38.679,0.8534,0.85374,1.37,2.10
2014.11.27 06:50:39.010,0.8534,0.8537,1.37,1.72
2014.11.27 06:50:42.642,0.85339,0.85369,1.37,1.72
2014.11.27 06:50:43.544,0.85345,0.85371,1.37,1.72
2014.11.27 06:50:43.612,0.85345,0.8537,1.37,1.72
2014.11.27 06:50:44.039,0.85345,0.85369,1.00,1.72
2014.11.27 06:50:44.231,0.8534,0.85369,1.00,1.72
2014.11.27 06:50:44.341,0.8534,0.8537,1.37,1.72
2014.11.27 06:51:02.350,0.8534,0.8537,1.50,2.10
2014.11.27 06:51:21.080,0.8534,0.8537,1.75,2.10
2014.11.27 06:51:30.992,0.85339,0.8537,1.75,2.10
2014.11.27 06:51:53.041,0.8534,0.85372,1.75,2.10
2014.11.27 06:52:01.255,0.8534,0.85371,1.50,2.10
2014.11.27 06:52:06.362,0.8534,0.85371,1.50,2.10
2014.11.27 06:52:20.329,0.8534,0.85369,1.37,2.10
2014.11.27 06:53:24.646,0.8534,0.85371,1.37,2.10
2014.11.27 06:53:34.007,0.85339,0.8537,1.75,2.10
2014.11.27 06:53:38.310,0.8534,0.8537,1.75,2.10
2014.11.27 06:53:39.914,0.85339,0.8537,1.75,2.10
2014.11.27 06:53:55.439,0.85339,0.85372,3.22,2.10
2014.11.27 06:53:55.840,0.85345,0.85373,1.50,2.70
2014.11.27 06:53:56.922,0.85339,0.85374,1.75,1.72
2014.11.27 06:53:56.972,0.85339,0.85372,3.22,1.72
2014.11.27 06:54:02.087,0.85345,0.85371,1.37,1.72
2014.11.27 06:54:02.460,0.8534,0.85371,1.75,2.10
2014.11.27 06:54:03.859,0.8534,0.8537,1.75,2.10
2014.11.27 06:54:13.616,0.8534,0.8537,1.75,2.10
2014.11.27 06:54:14.094,0.8534,0.85372,1.75,1.72
2014.11.27 06:54:21.809,0.85339,0.85372,3.22,2.10
2014.11.27 06:54:23.115,0.85345,0.85372,1.50,2.10
2014.11.27 06:54:23.746,0.85345,0.85373,1.75,2.10
2014.11.27 06:54:27.529,0.85345,0.85373,1.75,1.72
2014.11.27 06:54:27.730,0.85344,0.85376,1.75,1.72
2014.11.27 06:54:28.045,0.85345,0.85374,1.75,1.72
2014.11.27 06:54:28.577,0.85345,0.85374,1.75,1.72
2014.11.27 06:54:28.733,0.85344,0.85374,1.50,1.72
2014.11.27 06:54:28.965,0.85345,0.85374,1.75,2.10
2014.11.27 06:54:31.939,0.85345,0.85374,1.50,1.72
2014.11.27 06:54:37.725,0.85345,0.85375,1.50,1.72
2014.11.27 06:54:38.807,0.85345,0.85375,1.75,1.72
2014.11.27 06:54:38.958,0.85345,0.85377,3.22,2.10
2014.11.27 06:54:49.166,0.85345,0.85377,3.22,1.72
2014.11.27 06:54:50.255,0.85346,0.85378,2.47,2.10
2014.11.27 06:54:50.791,0.85346,0.85378,2.47,1.72
2014.11.27 06:54:52.884,0.85345,0.85375,3.22,1.00
2014.11.27 06:54:54.596,0.85345,0.85375,1.75,1.00
2014.11.27 06:54:55.854,0.85345,0.85377,1.75,2.10
2014.11.27 06:54:56.584,0.85345,0.85377,1.75,2.10
2014.11.27 06:54:58.914,0.85346,0.85378,2.47,2.10
2014.11.27 06:54:59.265,0.8535,0.85381,1.75,2.10
2014.11.27 06:54:59.417,0.8535,0.85381,1.75,2.10
2014.11.27 06:54:59.927,0.85349,0.85381,1.75,2.10
2014.11.27 06:55:00.128,0.85348,0.85381,2.47,2.10
2014.11.27 06:55:00.316,0.85347,0.85379,2.47,1.72
2014.11.27 06:55:03.334,0.85347,0.85379,2.47,2.10
2014.11.27 06:55:03.434,0.85348,0.8538,2.47,1.72
2014.11.27 06:55:03.666,0.85348,0.8538,2.47,2.10
2014.11.27 06:55:04.606,0.85346,0.85379,2.47,2.10
2014.11.27 06:55:04.656,0.85346,0.85379,2.47,2.10
2014.11.27 06:55:05.743,0.85342,0.85377,2.47,2.10
2014.11.27 06:55:06.743,0.85344,0.85377,2.47,2.10
2014.11.27 06:55:10.795,0.85344,0.85377,2.47,2.10
2014.11.27 06:55:16.564,0.85344,0.85377,2.47,2.10
2014.11.27 06:55:17.186,0.85345,0.85378,3.22,2.10
2014.11.27 06:55:22.878,0.85344,0.85377,2.47,2.10
2014.11.27 06:55:25.986,0.85345,0.85377,1.75,2.10
2014.11.27 06:55:27.490,0.85346,0.85378,2.47,2.10
2014.11.27 06:55:27.795,0.85346,0.85378,2.47,2.10
2014.11.27 06:55:37.307,0.85347,0.85379,2.47,2.10
2014.11.27 06:55:39.011,0.85344,0.85379,3.22,2.10
2014.11.27 06:56:04.089,0.85345,0.85377,3.22,1.72
2014.11.27 06:56:04.700,0.85349,0.85378,1.75,2.10
2014.11.27 06:56:06.756,0.8535,0.85377,1.37,2.10
2014.11.27 06:56:12.303,0.8535,0.85378,1.37,2.10
2014.11.27 06:56:13.607,0.85345,0.85379,1.75,2.10
2014.11.27 06:56:13.756,0.8535,0.85379,1.50,2.10
2014.11.27 06:56:21.646,0.8535,0.85378,1.37,2.10
2014.11.27 06:56:23.423,0.8535,0.85379,1.37,2.10
2014.11.27 06:56:24.415,0.8535,0.85379,1.50,2.10
2014.11.27 06:56:29.043,0.8535,0.85379,1.50,2.10
2014.11.27 06:56:29.157,0.8535,0.85379,1.75,2.10
2014.11.27 06:56:29.685,0.8535,0.8538,1.50,2.10
2014.11.27 06:56:33.575,0.8535,0.85381,1.75,2.10
2014.11.27 06:56:34.675,0.8535,0.85381,1.75,2.10
2014.11.27 06:56:35.960,0.85349,0.85381,1.75,3.22
2014.11.27 06:56:50.208,0.85347,0.8538,2.47,3.22
2014.11.27 06:56:55.017,0.85347,0.8538,2.47,2.85
2014.11.27 06:56:56.215,0.85347,0.8538,2.47,2.85
2014.11.27 06:57:11.046,0.85347,0.8538,2.47,2.85
2014.11.27 06:57:12.449,0.85347,0.8538,2.47,2.85
2014.11.27 06:57:13.451,0.85346,0.85379,2.47,2.10
2014.11.27 06:57:18.465,0.85347,0.85379,2.47,2.10
2014.11.27 06:57:36.147,0.85347,0.85379,2.47,2.10
2014.11.27 06:57:36.199,0.85347,0.85379,2.47,1.72
2014.11.27 06:57:36.400,0.85349,0.85381,3.22,1.37
2014.11.27 06:57:37.804,0.85352,0.85384,2.47,2.70
2014.11.27 06:57:51.774,0.85356,0.85385,2.47,1.37
2014.11.27 06:57:54.137,0.85356,0.85385,2.47,1.37
2014.11.27 06:57:56.180,0.85355,0.85385,1.75,1.37
2014.11.27 06:57:56.509,0.85355,0.85385,1.75,1.12
2014.11.27 06:58:03.776,0.85357,0.85385,2.47,1.37
2014.11.27 06:58:06.693,0.85354,0.85386,1.75,1.12
2014.11.27 06:58:07.269,0.85357,0.85389,2.47,2.70
2014.11.27 06:58:08.429,0.8536,0.8539,1.75,1.97
2014.11.27 06:58:09.011,0.8536,0.8539,3.22,1.37
2014.11.27 06:58:10.521,0.8536,0.85391,2.47,1.37
2014.11.27 06:58:11.134,0.8536,0.85391,2.47,1.37
2014.11.27 06:58:12.117,0.8536,0.85391,2.47,1.37
2014.11.27 06:58:12.168,0.8536,0.8539,1.50,1.37
2014.11.27 06:58:12.863,0.8536,0.8539,3.22,1.37
2014.11.27 06:58:19.482,0.8536,0.8539,1.75,1.37
2014.11.27 06:58:20.342,0.8536,0.85392,1.75,2.10
2014.11.27 06:58:26.180,0.8536,0.8539,1.75,1.12
2014.11.27 06:58:30.810,0.8536,0.8539,1.75,1.12
2014.11.27 06:58:41.626,0.85359,0.85391,3.22,3.45
2014.11.27 06:58:42.200,0.85359,0.8539,2.47,1.37
2014.11.27 06:58:44.233,0.85359,0.8539,2.47,1.37
2014.11.27 06:58:51.867,0.8536,0.8539,1.75,1.37
2014.11.27 06:58:53.070,0.8536,0.8539,1.75,1.37
2014.11.27 06:58:53.575,0.8536,0.8539,1.75,1.37
2014.11.27 06:58:54.479,0.8536,0.8539,1.75,1.37
2014.11.27 06:58:55.101,0.8536,0.8539,3.22,1.37
2014.11.27 06:58:56.223,0.8536,0.8539,1.75,1.37
2014.11.27 06:58:56.992,0.8536,0.8539,1.50,1.37
2014.11.27 06:58:57.344,0.85357,0.8539,2.47,1.37
2014.11.27 06:58:58.769,0.85357,0.8539,2.47,3.22
2014.11.27 06:59:10.652,0.85359,0.85391,1.75,3.45
2014.11.27 06:59:11.253,0.8536,0.8539,1.50,1.72
2014.11.27 06:59:25.881,0.85359,0.85391,1.75,3.45
2014.11.27 06:59:26.634,0.8536,0.8539,1.75,1.30
2014.11.27 06:59:30.544,0.85362,0.85395,2.47,3.22
2014.11.27 06:59:31.105,0.85364,0.85395,2.10,1.37
2014.11.27 06:59:31.940,0.85365,0.85395,1.50,1.37
2014.11.27 06:59:40.041,0.85365,0.85395,1.50,2.85
2014.11.27 06:59:47.585,0.85365,0.85396,2.47,1.37
2014.11.27 06:59:49.030,0.85367,0.85395,2.47,1.12
2014.11.27 06:59:52.608,0.85367,0.854,2.47,3.22
2014.11.27 06:59:52.859,0.85366,0.85395,2.47,1.12
2014.11.27 06:59:57.058,0.85365,0.85395,2.47,1.37
2014.11.27 06:59:57.732,0.85365,0.85395,2.10,1.12
2014.11.27 06:59:57.834,0.85365,0.85395,2.47,1.12
