2016.09.20 08:00:00.038,0.73996,0.74015,1.37,2.10
2016.09.20 08:00:00.088,0.73996,0.74015,1.37,1.72
2016.09.20 08:00:00.139,0.73993,0.7401,2.25,1.00
2016.09.20 08:00:00.189,0.73995,0.7401,1.37,1.00
2016.09.20 08:00:00.240,0.73995,0.74008,1.12,1.00
2016.09.20 08:00:00.474,0.73991,0.7401,1.37,1.37
2016.09.20 08:00:00.575,0.73991,0.7401,1.87,1.37
2016.09.20 08:00:00.629,0.73991,0.7401,1.87,1.12
2016.09.20 08:00:00.730,0.73991,0.7401,1.37,1.12
2016.09.20 08:00:00.938,0.73991,0.7401,1.37,1.00
2016.09.20 08:00:01.132,0.73991,0.7401,1.37,1.12
2016.09.20 08:00:01.643,0.73991,0.74009,1.37,1.00
2016.09.20 08:00:01.781,0.73991,0.74009,1.37,1.12
2016.09.20 08:00:01.835,0.73991,0.74009,1.37,1.00
2016.09.20 08:00:02.135,0.73991,0.74009,1.37,1.12
2016.09.20 08:00:02.186,0.73991,0.7401,1.37,1.37
2016.09.20 08:00:02.937,0.73991,0.7401,1.37,1.12
2016.09.20 08:00:04.477,0.73991,0.7401,1.87,1.12
2016.09.20 08:00:04.742,0.73992,0.7401,1.37,1.12
2016.09.20 08:00:05.244,0.73993,0.7401,1.37,1.00
2016.09.20 08:00:05.504,0.73993,0.7401,1.87,1.00
2016.09.20 08:00:05.605,0.73993,0.74009,1.37,1.00
2016.09.20 08:00:05.845,0.73992,0.74008,1.12,1.12
2016.09.20 08:00:06.363,0.73992,0.74008,1.37,1.00
2016.09.20 08:00:07.213,0.73992,0.74008,1.37,1.12
2016.09.20 08:00:07.589,0.73991,0.74007,1.37,1.00
2016.09.20 08:00:08.098,0.73989,0.74006,1.37,1.00
2016.09.20 08:00:08.250,0.73989,0.74006,1.37,1.12
2016.09.20 08:00:08.642,0.73989,0.74004,1.00,1.12
2016.09.20 08:00:08.693,0.73987,0.74004,1.37,1.12
2016.09.20 08:00:09.051,0.73987,0.74004,1.37,1.00
2016.09.20 08:00:09.469,0.7399,0.74006,1.12,1.12
2016.09.20 08:00:09.553,0.7399,0.74006,1.37,1.00
2016.09.20 08:00:09.802,0.7399,0.74006,1.12,1.37
2016.09.20 08:00:09.853,0.7399,0.74006,1.12,1.72
2016.09.20 08:00:09.903,0.73988,0.74004,1.37,1.00
2016.09.20 08:00:10.165,0.73988,0.74006,1.37,1.72
2016.09.20 08:00:10.216,0.73988,0.74006,1.87,1.00
2016.09.20 08:00:11.780,0.7399,0.74006,1.37,1.00
2016.09.20 08:00:11.831,0.7399,0.74006,1.37,1.35
2016.09.20 08:00:11.881,0.73989,0.74005,1.37,1.00
2016.09.20 08:00:11.982,0.73988,0.74005,1.37,1.12
2016.09.20 08:00:12.217,0.73987,0.74005,1.37,1.72
2016.09.20 08:00:12.759,0.73987,0.74005,1.37,1.37
2016.09.20 08:00:12.809,0.73987,0.74005,1.12,1.37
2016.09.20 08:00:12.910,0.73989,0.74005,1.12,1.12
2016.09.20 08:00:12.976,0.73989,0.74005,1.37,1.00
2016.09.20 08:00:13.308,0.73988,0.74004,1.37,1.12
2016.09.20 08:00:13.479,0.73988,0.74004,1.37,1.00
2016.09.20 08:00:13.580,0.73988,0.74004,1.37,1.12
2016.09.20 08:00:14.353,0.73987,0.74004,1.37,1.12
2016.09.20 08:00:14.403,0.73988,0.74006,1.00,1.37
2016.09.20 08:00:14.504,0.73988,0.74006,1.37,1.12
2016.09.20 08:00:14.605,0.73988,0.74006,1.37,1.37
2016.09.20 08:00:14.861,0.73988,0.74005,1.37,1.30
2016.09.20 08:00:14.912,0.73988,0.74006,1.37,1.97
2016.09.20 08:00:15.020,0.73988,0.74006,1.37,1.72
2016.09.20 08:00:15.450,0.7399,0.74006,1.37,1.12
2016.09.20 08:00:15.791,0.7399,0.74006,1.37,1.00
2016.09.20 08:00:16.591,0.7399,0.74006,1.37,1.12
2016.09.20 08:00:17.910,0.73988,0.74006,1.87,1.37
2016.09.20 08:00:18.287,0.73988,0.74006,1.37,1.37
2016.09.20 08:00:18.394,0.73988,0.74006,1.37,1.12
2016.09.20 08:00:18.494,0.73988,0.74006,1.37,1.37
2016.09.20 08:00:18.985,0.73988,0.74004,1.37,1.00
2016.09.20 08:00:19.280,0.73989,0.74005,1.37,1.12
2016.09.20 08:00:19.381,0.7399,0.74006,1.12,1.37
2016.09.20 08:00:19.431,0.7399,0.74006,1.12,1.12
2016.09.20 08:00:19.498,0.7399,0.74006,1.37,1.00
2016.09.20 08:00:20.099,0.7399,0.74006,1.37,1.12
2016.09.20 08:00:20.600,0.7399,0.74006,1.00,1.00
2016.09.20 08:00:23.393,0.7399,0.74005,1.00,1.00
2016.09.20 08:00:23.683,0.73988,0.74004,1.37,1.00
2016.09.20 08:00:23.734,0.73988,0.74004,1.12,1.37
2016.09.20 08:00:23.817,0.73987,0.74004,1.37,1.37
2016.09.20 08:00:23.919,0.73987,0.74003,1.37,1.00
2016.09.20 08:00:24.024,0.73989,0.74005,1.00,1.37
2016.09.20 08:00:24.125,0.73989,0.74005,1.00,1.12
2016.09.20 08:00:24.400,0.73987,0.74003,1.37,1.00
2016.09.20 08:00:24.451,0.73987,0.74003,1.12,1.12
2016.09.20 08:00:24.553,0.73987,0.74003,1.00,1.37
2016.09.20 08:00:24.607,0.73987,0.74003,1.37,1.00
2016.09.20 08:00:24.709,0.73987,0.74003,1.37,1.12
2016.09.20 08:00:25.031,0.73988,0.74005,1.37,1.12
2016.09.20 08:00:25.301,0.73986,0.74002,1.37,1.00
2016.09.20 08:00:28.319,0.73985,0.74001,1.87,1.00
2016.09.20 08:00:28.479,0.73985,0.74001,1.37,1.00
2016.09.20 08:00:28.630,0.73983,0.73999,1.37,1.00
2016.09.20 08:00:28.906,0.73983,0.73999,1.37,1.12
2016.09.20 08:00:29.022,0.73982,0.73998,1.37,1.00
2016.09.20 08:00:30.392,0.73983,0.73998,1.12,1.00
2016.09.20 08:00:30.907,0.73983,0.73999,1.12,1.12
2016.09.20 08:00:31.520,0.73983,0.73998,1.12,1.00
2016.09.20 08:00:32.673,0.73983,0.73998,1.00,1.37
2016.09.20 08:00:32.723,0.7398,0.73995,1.37,1.00
2016.09.20 08:00:32.774,0.7398,0.73995,1.00,1.00
2016.09.20 08:00:32.875,0.7398,0.73995,1.00,1.37
2016.09.20 08:00:32.925,0.73976,0.7399,1.37,1.00
2016.09.20 08:00:33.336,0.73972,0.73987,1.12,1.00
2016.09.20 08:00:33.438,0.73972,0.73987,1.37,1.00
2016.09.20 08:00:33.938,0.73972,0.73989,1.37,1.12
2016.09.20 08:00:34.039,0.73971,0.73987,1.37,1.00
2016.09.20 08:00:34.438,0.7397,0.73985,1.37,1.00
2016.09.20 08:00:34.743,0.73971,0.73986,1.12,1.00
2016.09.20 08:00:34.914,0.7397,0.73985,1.37,1.00
2016.09.20 08:00:36.262,0.73968,0.73983,1.12,1.00
2016.09.20 08:00:36.749,0.73967,0.73982,1.00,1.12
2016.09.20 08:00:36.800,0.73964,0.73979,1.12,1.00
2016.09.20 08:00:38.329,0.73966,0.73981,1.00,1.00
2016.09.20 08:00:38.381,0.73966,0.73981,1.37,1.00
2016.09.20 08:00:39.542,0.73965,0.7398,1.37,1.00
2016.09.20 08:00:40.123,0.73964,0.73981,1.37,1.00
2016.09.20 08:00:40.624,0.73966,0.73981,1.12,1.00
2016.09.20 08:00:41.329,0.73965,0.7398,1.37,1.00
2016.09.20 08:00:41.481,0.73964,0.73979,1.12,1.00
2016.09.20 08:00:41.531,0.73965,0.7398,1.00,1.12
2016.09.20 08:00:41.581,0.73965,0.7398,1.00,1.37
2016.09.20 08:00:41.632,0.73962,0.73979,1.37,1.12
2016.09.20 08:00:41.779,0.73962,0.73979,1.37,1.37
2016.09.20 08:00:41.829,0.73965,0.73979,1.00,1.37
2016.09.20 08:00:41.880,0.73965,0.73979,1.00,1.12
2016.09.20 08:00:41.930,0.73965,0.73982,1.00,1.37
2016.09.20 08:00:41.981,0.73965,0.73982,1.12,1.37
2016.09.20 08:00:42.081,0.73965,0.73982,1.37,1.12
2016.09.20 08:00:42.142,0.73965,0.73982,1.37,1.00
2016.09.20 08:00:42.343,0.73965,0.73982,1.37,1.12
2016.09.20 08:00:42.544,0.73965,0.73982,1.37,1.00
2016.09.20 08:00:43.044,0.73965,0.7398,1.37,1.00
2016.09.20 08:00:43.690,0.73963,0.7398,1.37,1.00
2016.09.20 08:00:44.553,0.73964,0.73981,1.37,1.00
2016.09.20 08:00:45.131,0.73966,0.73981,1.00,1.00
2016.09.20 08:00:45.182,0.73966,0.73981,1.37,1.00
2016.09.20 08:00:45.554,0.73968,0.73984,1.00,1.12
2016.09.20 08:00:45.789,0.73968,0.73984,1.37,1.00
2016.09.20 08:00:46.403,0.73967,0.73982,1.87,1.00
2016.09.20 08:00:46.784,0.73967,0.73982,1.37,1.00
2016.09.20 08:00:47.293,0.73968,0.73983,1.37,1.00
2016.09.20 08:00:48.892,0.73969,0.73983,1.12,1.00
2016.09.20 08:00:48.943,0.73967,0.73984,1.37,1.00
2016.09.20 08:00:49.912,0.73967,0.73984,1.37,1.12
2016.09.20 08:00:51.555,0.73967,0.73983,1.37,1.00
2016.09.20 08:00:51.656,0.73968,0.73983,1.12,1.00
2016.09.20 08:00:53.467,0.73968,0.73983,1.12,1.12
2016.09.20 08:00:53.569,0.73967,0.73982,1.37,1.00
2016.09.20 08:00:53.670,0.73967,0.73982,1.37,1.35
2016.09.20 08:00:53.773,0.73969,0.73984,1.00,1.37
2016.09.20 08:00:54.177,0.73967,0.73982,1.37,1.00
2016.09.20 08:00:54.278,0.73969,0.73984,1.37,1.00
2016.09.20 08:00:54.466,0.73969,0.73984,1.12,1.00
2016.09.20 08:00:55.070,0.73969,0.73984,1.00,1.00
2016.09.20 08:00:55.424,0.73969,0.73984,1.12,1.00
2016.09.20 08:00:55.552,0.73968,0.73983,1.37,1.00
2016.09.20 08:00:56.176,0.73968,0.73983,1.12,1.00
2016.09.20 08:00:57.958,0.73964,0.7398,1.12,1.00
2016.09.20 08:00:58.374,0.73966,0.73982,1.00,1.12
2016.09.20 08:00:58.425,0.73966,0.73982,1.37,1.00
2016.09.20 08:00:58.476,0.73968,0.73984,1.37,1.00
2016.09.20 08:00:59.016,0.73967,0.73983,1.37,1.00
2016.09.20 08:00:59.283,0.73965,0.73981,1.37,1.12
2016.09.20 08:00:59.571,0.73964,0.7398,1.37,1.00
2016.09.20 08:01:00.585,0.73964,0.7398,1.12,1.00
2016.09.20 08:01:01.186,0.73964,0.7398,1.37,1.12
2016.09.20 08:01:01.889,0.73964,0.7398,1.12,1.12
2016.09.20 08:01:01.940,0.73962,0.7398,1.37,1.12
2016.09.20 08:01:03.187,0.73963,0.7398,1.37,1.12
2016.09.20 08:01:03.272,0.73963,0.73979,1.37,1.00
2016.09.20 08:01:03.839,0.73963,0.73979,1.37,2.85
2016.09.20 08:01:04.062,0.73963,0.73978,1.37,1.60
2016.09.20 08:01:04.113,0.73957,0.73974,1.37,1.12
2016.09.20 08:01:04.278,0.73958,0.73974,1.12,1.12
2016.09.20 08:01:04.329,0.73958,0.73974,1.00,1.37
2016.09.20 08:01:04.430,0.73958,0.73974,1.37,1.12
2016.09.20 08:01:04.531,0.73958,0.73974,1.12,1.12
2016.09.20 08:01:05.094,0.73958,0.73974,1.37,1.12
2016.09.20 08:01:05.147,0.73958,0.73975,1.37,1.37
2016.09.20 08:01:05.197,0.73958,0.73975,1.37,1.00
2016.09.20 08:01:05.515,0.73957,0.73973,1.37,1.00
2016.09.20 08:01:05.679,0.7396,0.73974,1.00,1.12
2016.09.20 08:01:05.729,0.7396,0.73974,1.37,1.00
2016.09.20 08:01:05.954,0.73962,0.73974,1.00,1.00
2016.09.20 08:01:06.005,0.73966,0.73983,1.37,1.00
2016.09.20 08:01:06.262,0.73966,0.73983,1.87,1.00
2016.09.20 08:01:06.914,0.73967,0.73982,1.37,1.00
2016.09.20 08:01:08.230,0.73967,0.73983,1.37,1.00
2016.09.20 08:01:08.690,0.7397,0.73986,1.00,1.37
2016.09.20 08:01:08.741,0.7397,0.73986,1.37,1.12
2016.09.20 08:01:08.805,0.7397,0.73989,1.37,1.37
2016.09.20 08:01:09.032,0.73973,0.73989,1.37,1.00
2016.09.20 08:01:09.388,0.73974,0.7399,1.37,1.12
2016.09.20 08:01:09.439,0.73974,0.7399,1.37,1.00
2016.09.20 08:01:10.390,0.73973,0.73991,1.37,1.12
2016.09.20 08:01:10.540,0.73973,0.73991,1.37,1.37
2016.09.20 08:01:11.232,0.73976,0.73991,1.00,1.12
2016.09.20 08:01:11.333,0.73976,0.73991,1.37,1.00
2016.09.20 08:01:11.532,0.73976,0.73991,1.12,1.00
2016.09.20 08:01:12.012,0.73976,0.73991,1.12,1.12
2016.09.20 08:01:12.084,0.73975,0.7399,1.37,1.00
2016.09.20 08:01:12.224,0.73975,0.7399,1.00,1.00
2016.09.20 08:01:12.493,0.73975,0.73992,1.00,1.35
2016.09.20 08:01:12.978,0.73975,0.73992,1.00,1.00
2016.09.20 08:01:13.715,0.73976,0.7399,1.00,1.00
2016.09.20 08:01:14.227,0.73976,0.73991,1.00,1.00
2016.09.20 08:01:15.578,0.73976,0.73991,1.00,1.12
2016.09.20 08:01:15.942,0.73977,0.73992,1.00,1.37
2016.09.20 08:01:16.151,0.73978,0.73993,1.12,1.12
2016.09.20 08:01:16.844,0.73977,0.73992,1.37,1.00
2016.09.20 08:01:17.071,0.73977,0.73991,1.00,1.00
2016.09.20 08:01:17.171,0.73976,0.73991,1.12,1.12
2016.09.20 08:01:17.746,0.73976,0.73991,1.12,1.00
2016.09.20 08:01:18.869,0.73976,0.73991,1.00,1.12
2016.09.20 08:01:19.249,0.73974,0.7399,1.37,1.00
2016.09.20 08:01:19.658,0.73974,0.7399,1.37,1.12
2016.09.20 08:01:19.923,0.73974,0.7399,1.00,1.37
2016.09.20 08:01:20.206,0.73974,0.73989,1.00,1.12
2016.09.20 08:01:20.256,0.73974,0.73989,1.12,1.00
2016.09.20 08:01:20.838,0.73974,0.73989,1.37,1.00
2016.09.20 08:01:20.989,0.73973,0.73989,1.37,1.12
2016.09.20 08:01:21.091,0.73973,0.73989,1.37,1.00
2016.09.20 08:01:22.611,0.73973,0.7399,1.37,1.12
2016.09.20 08:01:23.258,0.73974,0.73989,1.00,1.00
2016.09.20 08:01:23.308,0.73974,0.73989,1.37,1.00
2016.09.20 08:01:23.712,0.73974,0.7399,1.37,1.12
2016.09.20 08:01:24.183,0.73975,0.7399,1.12,1.12
2016.09.20 08:01:24.660,0.73975,0.7399,1.00,1.12
2016.09.20 08:01:25.304,0.73974,0.7399,1.37,1.12
2016.09.20 08:01:27.870,0.73974,0.7399,1.37,1.00
2016.09.20 08:01:27.920,0.73975,0.73989,1.12,1.00
2016.09.20 08:01:28.100,0.73973,0.7399,1.37,1.00
2016.09.20 08:01:28.150,0.73975,0.73991,1.00,1.37
2016.09.20 08:01:28.532,0.73976,0.73993,1.00,1.37
2016.09.20 08:01:28.583,0.73976,0.73993,1.12,1.37
2016.09.20 08:01:28.817,0.73976,0.73993,1.00,1.12
2016.09.20 08:01:28.920,0.73978,0.73994,1.00,1.37
2016.09.20 08:01:28.971,0.73978,0.73994,1.12,1.37
2016.09.20 08:01:29.249,0.73979,0.73996,1.00,1.37
2016.09.20 08:01:29.300,0.73979,0.73996,1.12,1.37
2016.09.20 08:01:29.350,0.73977,0.73995,1.37,1.12
2016.09.20 08:01:29.571,0.73977,0.73995,1.12,1.12
2016.09.20 08:01:29.822,0.73979,0.73996,1.00,1.37
2016.09.20 08:01:30.924,0.73979,0.73995,1.00,1.12
2016.09.20 08:01:31.224,0.73976,0.73994,1.37,1.00
2016.09.20 08:01:31.825,0.73978,0.73994,1.00,1.00
2016.09.20 08:01:31.876,0.73978,0.73994,1.37,1.00
2016.09.20 08:01:32.128,0.73979,0.73995,1.12,1.12
2016.09.20 08:01:32.226,0.73977,0.73993,1.37,1.00
2016.09.20 08:01:32.326,0.73979,0.73996,1.12,1.37
2016.09.20 08:01:32.377,0.73979,0.73996,1.00,1.37
2016.09.20 08:01:32.427,0.73978,0.73994,1.12,1.12
2016.09.20 08:01:32.478,0.73978,0.73994,1.37,1.00
2016.09.20 08:01:32.918,0.73976,0.73994,1.87,1.00
2016.09.20 08:01:32.970,0.73976,0.73991,1.37,1.00
2016.09.20 08:01:33.071,0.73972,0.73988,3.75,1.00
2016.09.20 08:01:33.123,0.73972,0.73988,1.87,1.00
2016.09.20 08:01:33.174,0.73973,0.73989,1.37,1.00
2016.09.20 08:01:33.224,0.73973,0.73989,1.37,1.12
2016.09.20 08:01:33.325,0.73973,0.73989,1.12,1.37
2016.09.20 08:01:33.376,0.73971,0.73987,1.37,1.00
2016.09.20 08:01:34.059,0.73973,0.73989,1.12,1.37
2016.09.20 08:01:34.131,0.73972,0.73988,1.37,1.12
2016.09.20 08:01:34.181,0.73972,0.73988,1.12,1.37
2016.09.20 08:01:34.832,0.73973,0.73989,1.00,1.37
2016.09.20 08:01:34.933,0.73972,0.73988,1.12,1.12
2016.09.20 08:01:34.983,0.73972,0.73988,1.37,1.12
2016.09.20 08:01:35.088,0.73972,0.73988,1.12,1.37
2016.09.20 08:01:35.139,0.73971,0.73987,1.37,1.12
2016.09.20 08:01:35.233,0.73971,0.73988,1.37,1.37
2016.09.20 08:01:35.283,0.73971,0.73988,1.37,1.12
2016.09.20 08:01:35.475,0.73971,0.73988,1.00,1.12
2016.09.20 08:01:35.576,0.73972,0.73989,1.00,1.37
2016.09.20 08:01:35.899,0.73972,0.73989,1.12,1.37
2016.09.20 08:01:35.949,0.73971,0.7399,1.37,1.37
2016.09.20 08:01:36.644,0.73971,0.73988,1.37,1.37
2016.09.20 08:01:36.795,0.73971,0.73988,1.37,1.12
2016.09.20 08:01:37.159,0.73973,0.73991,1.12,1.37
2016.09.20 08:01:37.210,0.73973,0.73991,1.37,1.37
2016.09.20 08:01:37.742,0.73973,0.73992,1.37,1.37
2016.09.20 08:01:38.642,0.73973,0.7399,1.37,1.00
2016.09.20 08:01:38.693,0.73973,0.7399,1.37,1.12
2016.09.20 08:01:38.795,0.73973,0.7399,1.37,1.37
2016.09.20 08:01:38.943,0.73974,0.73991,1.12,1.37
2016.09.20 08:01:39.044,0.73973,0.73989,1.37,1.00
2016.09.20 08:01:39.189,0.73973,0.73989,1.37,1.12
2016.09.20 08:01:39.575,0.73973,0.73989,1.87,1.00
2016.09.20 08:01:39.626,0.73976,0.73993,1.37,1.12
2016.09.20 08:01:39.677,0.73976,0.73995,1.37,1.37
2016.09.20 08:01:41.292,0.73978,0.73994,1.00,1.37
2016.09.20 08:01:41.350,0.73977,0.73994,1.12,1.37
2016.09.20 08:01:43.261,0.73978,0.73994,1.00,1.37
2016.09.20 08:01:43.311,0.73978,0.73994,1.00,1.12
2016.09.20 08:01:44.413,0.73977,0.73994,1.12,1.12
2016.09.20 08:01:44.656,0.73977,0.73995,1.12,1.37
2016.09.20 08:01:44.802,0.73977,0.73995,1.37,1.12
2016.09.20 08:01:45.002,0.73979,0.73996,1.37,1.37
2016.09.20 08:01:45.057,0.73978,0.73994,1.37,1.00
2016.09.20 08:01:45.108,0.73978,0.73994,1.37,1.12
2016.09.20 08:01:45.316,0.73978,0.73994,1.12,1.12
2016.09.20 08:01:45.382,0.73977,0.73993,1.37,1.00
2016.09.20 08:01:45.504,0.73977,0.73993,1.12,1.12
2016.09.20 08:01:45.611,0.73977,0.73993,1.12,1.00
2016.09.20 08:01:45.703,0.73977,0.73993,1.37,1.12
2016.09.20 08:01:46.059,0.73978,0.73993,1.12,1.12
2016.09.20 08:01:47.653,0.73978,0.73993,1.37,1.00
2016.09.20 08:01:47.704,0.73978,0.73994,1.37,1.12
2016.09.20 08:01:47.755,0.73978,0.73994,1.12,1.12
2016.09.20 08:01:48.264,0.73978,0.73995,1.12,1.37
2016.09.20 08:01:48.665,0.73978,0.73994,1.12,1.12
2016.09.20 08:01:48.766,0.73979,0.73995,1.00,1.37
2016.09.20 08:01:48.816,0.73979,0.73995,1.37,1.12
2016.09.20 08:01:48.917,0.73979,0.73995,1.37,1.00
2016.09.20 08:01:49.121,0.73979,0.73995,1.00,1.12
2016.09.20 08:01:49.535,0.73978,0.73994,1.37,1.12
2016.09.20 08:01:50.167,0.73979,0.73994,1.12,1.12
2016.09.20 08:01:50.368,0.7398,0.73996,1.00,1.37
2016.09.20 08:01:50.419,0.7398,0.73996,1.12,1.12
2016.09.20 08:01:50.523,0.7398,0.73996,1.37,1.12
2016.09.20 08:01:50.789,0.73979,0.73994,1.37,1.00
2016.09.20 08:01:51.370,0.73977,0.73994,1.87,1.00
2016.09.20 08:01:51.420,0.73977,0.73994,1.37,1.12
2016.09.20 08:01:51.521,0.73977,0.73994,1.37,1.00
2016.09.20 08:01:51.722,0.73977,0.73994,1.37,1.12
2016.09.20 08:01:51.773,0.73978,0.73994,1.12,1.12
2016.09.20 08:01:52.372,0.73979,0.73994,1.00,1.12
2016.09.20 08:01:52.776,0.73979,0.73995,1.00,1.37
2016.09.20 08:01:52.827,0.73979,0.73995,1.37,1.12
2016.09.20 08:01:52.928,0.73979,0.73995,1.37,1.00
2016.09.20 08:01:53.605,0.7398,0.73995,1.37,1.00
2016.09.20 08:01:54.228,0.73979,0.73995,1.37,1.00
2016.09.20 08:01:54.598,0.73981,0.73996,1.00,1.12
2016.09.20 08:01:54.648,0.73981,0.73996,1.12,1.12
2016.09.20 08:01:54.700,0.73982,0.73997,1.00,1.37
2016.09.20 08:01:54.750,0.73982,0.73997,1.12,1.00
2016.09.20 08:01:54.801,0.73983,0.73998,1.00,1.00
2016.09.20 08:01:54.851,0.73983,0.73998,1.37,1.00
2016.09.20 08:01:54.952,0.73983,0.73998,1.00,1.37
2016.09.20 08:01:55.003,0.73981,0.73997,1.37,1.12
2016.09.20 08:01:55.053,0.73981,0.73997,1.12,1.37
2016.09.20 08:01:55.325,0.73979,0.73997,1.37,1.37
2016.09.20 08:01:55.469,0.73979,0.73997,1.37,1.12
2016.09.20 08:01:55.654,0.73979,0.73997,1.37,1.00
2016.09.20 08:01:55.854,0.73979,0.73997,1.37,1.12
2016.09.20 08:01:56.077,0.73979,0.73997,1.37,1.37
2016.09.20 08:01:56.280,0.73979,0.73995,1.37,1.00
2016.09.20 08:01:56.824,0.7398,0.73995,1.37,1.00
2016.09.20 08:01:57.155,0.7398,0.73995,1.12,1.00
2016.09.20 08:01:57.728,0.7398,0.73995,1.37,1.00
2016.09.20 08:02:00.288,0.7398,0.73996,1.37,1.00
2016.09.20 08:02:01.015,0.73981,0.73996,1.12,1.00
2016.09.20 08:02:02.637,0.73981,0.73996,1.37,1.00
2016.09.20 08:02:03.632,0.73982,0.73997,1.12,1.00
2016.09.20 08:02:04.498,0.73983,0.73997,1.00,1.00
2016.09.20 08:02:05.932,0.73982,0.73997,1.12,1.00
2016.09.20 08:02:07.368,0.73982,0.73998,1.12,1.12
2016.09.20 08:02:07.489,0.73982,0.73998,1.37,1.00
2016.09.20 08:02:08.370,0.73981,0.73997,1.37,1.00
2016.09.20 08:02:08.522,0.73981,0.73997,1.12,1.12
2016.09.20 08:02:08.572,0.73981,0.73997,1.00,1.37
2016.09.20 08:02:08.692,0.73981,0.73997,1.12,1.00
2016.09.20 08:02:09.194,0.73981,0.73997,1.87,1.00
2016.09.20 08:02:09.245,0.73983,0.73998,1.37,1.00
2016.09.20 08:02:09.296,0.73983,0.73998,1.12,1.00
2016.09.20 08:02:09.397,0.73983,0.73998,1.00,1.00
2016.09.20 08:02:10.155,0.73982,0.74,1.00,1.37
2016.09.20 08:02:11.592,0.73982,0.74,1.37,1.37
2016.09.20 08:02:11.811,0.73982,0.73998,1.37,1.12
2016.09.20 08:02:12.011,0.73983,0.73998,1.12,1.12
2016.09.20 08:02:12.343,0.73982,0.73997,1.37,1.00
2016.09.20 08:02:12.457,0.73982,0.73997,1.12,1.12
2016.09.20 08:02:12.512,0.73981,0.73997,1.37,1.12
2016.09.20 08:02:12.951,0.7398,0.73996,1.87,1.00
2016.09.20 08:02:13.013,0.7398,0.73998,1.87,1.37
2016.09.20 08:02:13.159,0.7398,0.73998,1.87,1.12
2016.09.20 08:02:13.536,0.7398,0.73997,1.12,1.00
2016.09.20 08:02:13.961,0.7398,0.73997,1.37,1.37
2016.09.20 08:02:14.716,0.73981,0.73996,1.12,1.12
2016.09.20 08:02:15.235,0.73982,0.73996,1.00,1.12
2016.09.20 08:02:15.286,0.73982,0.73996,1.12,1.00
2016.09.20 08:02:15.336,0.73982,0.73997,1.12,1.12
2016.09.20 08:02:15.387,0.73982,0.73997,1.00,1.37
2016.09.20 08:02:15.517,0.7398,0.73996,1.87,1.12
2016.09.20 08:02:15.764,0.7398,0.73996,1.50,1.00
2016.09.20 08:02:16.196,0.7398,0.73996,1.50,1.12
2016.09.20 08:02:16.319,0.73981,0.73996,1.00,1.12
2016.09.20 08:02:16.369,0.73981,0.73996,1.12,1.12
2016.09.20 08:02:16.509,0.73981,0.73996,1.00,1.12
2016.09.20 08:02:16.560,0.73982,0.73998,1.00,1.37
2016.09.20 08:02:16.812,0.73983,0.73999,1.37,1.12
2016.09.20 08:02:16.863,0.73984,0.74,1.12,1.37
2016.09.20 08:02:17.080,0.73984,0.74,1.12,1.12
2016.09.20 08:02:17.522,0.73984,0.74002,1.12,1.37
2016.09.20 08:02:17.622,0.73985,0.74,1.00,1.12
2016.09.20 08:02:18.057,0.73985,0.74,1.00,1.00
2016.09.20 08:02:18.391,0.73985,0.74,1.12,1.12
2016.09.20 08:02:18.525,0.73983,0.74,1.37,1.12
2016.09.20 08:02:18.576,0.73983,0.74,1.37,1.00
2016.09.20 08:02:18.910,0.73983,0.74,1.37,1.12
2016.09.20 08:02:19.028,0.73982,0.73999,1.37,1.00
2016.09.20 08:02:19.348,0.73985,0.74002,1.12,1.37
2016.09.20 08:02:19.499,0.73985,0.74002,1.37,1.00
2016.09.20 08:02:20.095,0.73984,0.74002,1.87,1.00
2016.09.20 08:02:20.173,0.73984,0.74002,1.87,1.12
2016.09.20 08:02:20.372,0.73984,0.74002,1.37,1.12
2016.09.20 08:02:20.473,0.73984,0.74,1.37,1.00
2016.09.20 08:02:20.747,0.73983,0.74001,1.37,1.12
2016.09.20 08:02:21.152,0.73983,0.74,1.37,1.00
2016.09.20 08:02:21.203,0.73983,0.74,1.37,1.12
2016.09.20 08:02:21.253,0.73982,0.73999,1.87,1.00
2016.09.20 08:02:21.411,0.73982,0.73999,1.37,1.12
2016.09.20 08:02:21.462,0.73982,0.73997,1.37,1.00
2016.09.20 08:02:21.512,0.73982,0.73997,1.12,1.00
2016.09.20 08:02:21.613,0.73982,0.73997,1.37,1.00
2016.09.20 08:02:22.235,0.73982,0.73998,1.37,1.12
2016.09.20 08:02:23.078,0.73981,0.73997,1.37,1.00
2016.09.20 08:02:23.285,0.73981,0.73999,1.37,1.12
2016.09.20 08:02:23.529,0.73981,0.73999,1.37,1.37
2016.09.20 08:02:24.134,0.73981,0.73997,1.37,1.12
2016.09.20 08:02:24.184,0.73981,0.73999,1.37,1.37
2016.09.20 08:02:24.386,0.73983,0.73999,1.37,1.00
2016.09.20 08:02:24.674,0.73984,0.74,1.12,1.12
2016.09.20 08:02:25.741,0.73983,0.73999,1.37,1.00
2016.09.20 08:02:25.983,0.73984,0.74,1.12,1.12
2016.09.20 08:02:26.744,0.73983,0.74,1.37,1.12
2016.09.20 08:02:28.769,0.73984,0.74,1.12,1.12
2016.09.20 08:02:28.870,0.73985,0.74001,1.00,1.37
2016.09.20 08:02:29.289,0.73985,0.74001,1.12,1.00
2016.09.20 08:02:29.724,0.73985,0.74001,1.00,1.00
2016.09.20 08:02:29.880,0.73984,0.74,1.12,1.00
2016.09.20 08:02:30.551,0.73983,0.73999,1.37,1.00
2016.09.20 08:02:30.764,0.73983,0.74001,1.37,1.00
2016.09.20 08:02:30.815,0.73983,0.74001,1.37,1.12
2016.09.20 08:02:30.866,0.73983,0.73999,1.37,1.00
2016.09.20 08:02:30.917,0.73983,0.73999,1.37,1.12
2016.09.20 08:02:31.019,0.73983,0.73999,1.00,1.37
2016.09.20 08:02:31.092,0.73983,0.73999,1.37,1.00
2016.09.20 08:02:31.153,0.73984,0.74,1.12,1.12
2016.09.20 08:02:31.536,0.73984,0.74,1.00,1.12
2016.09.20 08:02:31.693,0.73984,0.74,1.12,1.12
2016.09.20 08:02:32.234,0.73984,0.74,1.00,1.37
2016.09.20 08:02:32.284,0.73982,0.74,1.37,1.37
2016.09.20 08:02:32.385,0.73981,0.73999,1.87,1.37
2016.09.20 08:02:32.436,0.73981,0.73999,1.37,1.37
2016.09.20 08:02:33.067,0.7398,0.73996,1.37,1.00
2016.09.20 08:02:33.118,0.7398,0.73996,1.37,1.12
2016.09.20 08:02:33.708,0.7398,0.73996,1.12,1.12
2016.09.20 08:02:33.977,0.7398,0.73996,1.37,1.12
2016.09.20 08:02:34.078,0.73981,0.73997,1.12,1.37
2016.09.20 08:02:34.128,0.73981,0.73997,1.37,1.00
2016.09.20 08:02:35.707,0.73986,0.74002,1.00,1.37
2016.09.20 08:02:35.760,0.73987,0.74003,1.00,1.87
2016.09.20 08:02:35.811,0.73987,0.74003,1.00,1.00
2016.09.20 08:02:36.000,0.73987,0.74003,1.37,1.00
2016.09.20 08:02:36.201,0.73987,0.74003,1.37,1.12
2016.09.20 08:02:37.229,0.73987,0.74003,1.37,1.00
2016.09.20 08:02:37.592,0.73987,0.74003,1.12,1.00
2016.09.20 08:02:37.643,0.73987,0.74003,1.37,1.00
2016.09.20 08:02:38.665,0.73988,0.74004,1.37,1.12
2016.09.20 08:02:38.716,0.73988,0.74004,1.37,1.00
2016.09.20 08:02:38.979,0.73988,0.74004,1.37,1.12
2016.09.20 08:02:39.772,0.73986,0.74004,1.87,1.12
2016.09.20 08:02:39.823,0.73986,0.74004,1.87,1.00
2016.09.20 08:02:39.873,0.73988,0.74004,1.37,1.00
2016.09.20 08:02:40.110,0.73988,0.74004,1.37,1.12
2016.09.20 08:02:41.569,0.73986,0.74004,1.87,1.12
2016.09.20 08:02:41.870,0.73988,0.74004,1.37,1.12
2016.09.20 08:02:43.472,0.73988,0.74003,1.37,1.00
2016.09.20 08:02:43.922,0.73986,0.74003,1.37,1.00
2016.09.20 08:02:44.213,0.73987,0.74003,1.37,1.12
2016.09.20 08:02:44.448,0.73987,0.74003,1.37,1.00
2016.09.20 08:02:45.946,0.73986,0.74002,1.37,1.00
2016.09.20 08:02:46.978,0.73987,0.74002,1.37,1.00
2016.09.20 08:02:49.102,0.73986,0.74002,1.87,1.00
2016.09.20 08:02:49.153,0.73986,0.74002,1.37,1.00
2016.09.20 08:02:49.220,0.73986,0.74002,1.12,1.00
2016.09.20 08:02:49.521,0.73986,0.74002,1.37,1.00
2016.09.20 08:02:49.922,0.73986,0.74002,1.12,1.00
2016.09.20 08:02:50.467,0.73987,0.74002,1.00,1.00
2016.09.20 08:02:50.765,0.73987,0.74002,1.37,1.00
2016.09.20 08:02:50.823,0.73987,0.74002,1.12,1.00
2016.09.20 08:02:51.266,0.73987,0.74001,1.37,1.00
2016.09.20 08:02:52.094,0.73986,0.74002,1.37,1.00
2016.09.20 08:02:52.636,0.73986,0.74002,1.12,1.00
2016.09.20 08:02:52.926,0.73986,0.74002,1.37,1.00
2016.09.20 08:02:53.588,0.73987,0.74003,1.37,1.12
2016.09.20 08:02:53.688,0.73986,0.74002,1.37,1.00
2016.09.20 08:02:54.889,0.73987,0.74003,1.37,1.00
2016.09.20 08:02:57.018,0.73986,0.74002,1.37,1.00
2016.09.20 08:02:57.906,0.73986,0.74003,1.37,1.00
2016.09.20 08:02:58.569,0.73986,0.74003,1.87,1.00
2016.09.20 08:02:58.967,0.73986,0.74003,1.37,1.00
2016.09.20 08:02:59.018,0.73986,0.74003,1.87,1.00
2016.09.20 08:02:59.068,0.73986,0.74003,1.37,1.00
2016.09.20 08:02:59.169,0.73987,0.74003,1.12,1.00
2016.09.20 08:02:59.797,0.73988,0.74004,1.00,1.00
2016.09.20 08:02:59.848,0.73988,0.74004,1.37,1.12
2016.09.20 08:03:00.126,0.7399,0.74006,1.00,1.37
2016.09.20 08:03:00.177,0.7399,0.74006,1.12,1.37
2016.09.20 08:03:00.228,0.73992,0.74008,1.00,1.37
2016.09.20 08:03:00.380,0.73992,0.74008,1.12,1.00
2016.09.20 08:03:00.772,0.73992,0.74008,1.37,1.00
2016.09.20 08:03:03.503,0.73993,0.74008,1.12,1.00
2016.09.20 08:03:04.414,0.73994,0.74008,1.00,1.00
2016.09.20 08:03:04.464,0.73994,0.74008,1.00,1.12
2016.09.20 08:03:04.604,0.73993,0.74008,1.12,1.12
2016.09.20 08:03:05.708,0.73993,0.74008,1.00,1.37
2016.09.20 08:03:05.758,0.73994,0.74009,1.00,1.12
2016.09.20 08:03:05.809,0.73993,0.74008,1.12,1.00
2016.09.20 08:03:06.258,0.73993,0.74008,1.00,1.12
2016.09.20 08:03:06.923,0.73993,0.74007,1.00,1.00
2016.09.20 08:03:07.710,0.73993,0.74008,1.00,1.12
2016.09.20 08:03:09.912,0.73992,0.74008,1.12,1.12
2016.09.20 08:03:11.147,0.73992,0.74007,1.12,1.00
2016.09.20 08:03:11.673,0.73991,0.74005,1.37,1.00
2016.09.20 08:03:11.960,0.73991,0.74005,1.12,1.00
2016.09.20 08:03:12.116,0.7399,0.74005,1.37,1.00
2016.09.20 08:03:13.919,0.7399,0.74007,1.37,1.37
2016.09.20 08:03:14.155,0.73991,0.74005,1.12,1.00
2016.09.20 08:03:15.421,0.7399,0.74005,1.37,1.00
2016.09.20 08:03:16.322,0.73991,0.74006,1.12,1.00
2016.09.20 08:03:16.422,0.7399,0.74004,1.37,1.00
2016.09.20 08:03:16.648,0.73988,0.74003,1.87,1.00
2016.09.20 08:03:16.699,0.73988,0.74003,1.12,1.12
2016.09.20 08:03:16.864,0.7399,0.74004,1.00,1.37
2016.09.20 08:03:17.069,0.7399,0.74004,1.00,1.12
2016.09.20 08:03:17.324,0.73989,0.74006,1.12,1.37
2016.09.20 08:03:17.374,0.73989,0.74006,1.00,1.37
2016.09.20 08:03:17.783,0.73989,0.74005,1.12,1.37
2016.09.20 08:03:18.172,0.73989,0.74005,1.00,1.37
2016.09.20 08:03:18.225,0.73988,0.74003,1.72,1.00
2016.09.20 08:03:18.426,0.73989,0.74005,1.00,1.37
2016.09.20 08:03:18.951,0.73988,0.74004,1.72,1.12
2016.09.20 08:03:19.528,0.73988,0.74003,1.30,1.00
2016.09.20 08:03:19.596,0.73987,0.74003,1.37,1.00
2016.09.20 08:03:20.019,0.73988,0.74004,1.12,1.12
2016.09.20 08:03:20.578,0.73988,0.74004,1.37,1.12
2016.09.20 08:03:21.317,0.73988,0.74004,1.12,1.12
2016.09.20 08:03:21.457,0.73987,0.74003,1.37,1.00
2016.09.20 08:03:21.507,0.73987,0.74003,1.12,1.37
2016.09.20 08:03:21.732,0.73987,0.74002,1.12,1.12
2016.09.20 08:03:21.833,0.73986,0.74002,1.37,1.12
2016.09.20 08:03:22.876,0.73985,0.74001,1.72,1.00
2016.09.20 08:03:22.929,0.73985,0.74001,1.37,1.00
2016.09.20 08:03:23.522,0.73984,0.74,1.37,1.00
2016.09.20 08:03:24.470,0.73985,0.74,1.37,1.00
2016.09.20 08:03:24.858,0.73985,0.74001,1.37,1.12
2016.09.20 08:03:24.909,0.73985,0.74001,1.37,1.00
2016.09.20 08:03:25.287,0.73985,0.74001,1.37,1.12
2016.09.20 08:03:25.856,0.73986,0.74,1.12,1.00
2016.09.20 08:03:27.353,0.73984,0.74001,1.37,1.12
2016.09.20 08:03:27.703,0.73984,0.74001,1.37,1.00
2016.09.20 08:03:27.754,0.73986,0.74,1.00,1.00
2016.09.20 08:03:28.544,0.73986,0.74001,1.00,1.00
2016.09.20 08:03:28.944,0.73985,0.74001,1.12,1.00
2016.09.20 08:03:29.145,0.73986,0.74001,1.00,1.00
2016.09.20 08:03:30.330,0.73984,0.73999,1.12,1.00
2016.09.20 08:03:30.381,0.73986,0.74,1.00,1.00
2016.09.20 08:03:31.449,0.73984,0.74001,1.12,1.12
2016.09.20 08:03:31.549,0.73984,0.74,1.12,1.00
2016.09.20 08:03:31.602,0.73984,0.74,1.37,1.00
2016.09.20 08:03:31.753,0.73985,0.74001,1.37,1.12
2016.09.20 08:03:32.453,0.73984,0.74,1.37,1.00
2016.09.20 08:03:32.653,0.73985,0.74001,1.37,1.12
2016.09.20 08:03:33.288,0.73984,0.74,1.37,1.00
2016.09.20 08:03:33.485,0.73985,0.74001,1.37,1.12
2016.09.20 08:03:34.476,0.73986,0.74001,1.12,1.12
2016.09.20 08:03:34.592,0.73987,0.74001,1.00,1.12
2016.09.20 08:03:34.643,0.73987,0.74001,1.12,1.00
2016.09.20 08:03:34.694,0.73988,0.74002,1.00,1.12
2016.09.20 08:03:34.744,0.73988,0.74002,1.12,1.00
2016.09.20 08:03:34.795,0.73988,0.74004,1.12,1.37
2016.09.20 08:03:34.846,0.73988,0.74004,1.12,1.00
2016.09.20 08:03:34.966,0.73988,0.74002,1.12,1.00
2016.09.20 08:03:35.067,0.73987,0.74002,1.37,1.00
2016.09.20 08:03:35.739,0.73987,0.74001,1.37,1.00
2016.09.20 08:03:36.386,0.73986,0.74001,1.37,1.00
2016.09.20 08:03:36.786,0.73985,0.73999,1.37,1.00
2016.09.20 08:03:37.361,0.73984,0.73999,1.37,1.00
2016.09.20 08:03:37.892,0.73983,0.73999,1.37,1.00
2016.09.20 08:03:37.999,0.73985,0.74001,1.00,1.37
2016.09.20 08:03:38.050,0.73985,0.74001,1.12,1.37
2016.09.20 08:03:38.150,0.73985,0.74001,1.37,1.00
2016.09.20 08:03:38.963,0.73985,0.74,1.00,1.00
2016.09.20 08:03:39.014,0.73984,0.74002,1.12,1.37
2016.09.20 08:03:39.119,0.73984,0.74002,1.37,1.00
2016.09.20 08:03:39.367,0.73984,0.74002,1.37,1.12
2016.09.20 08:03:39.519,0.73984,0.74002,1.12,1.12
2016.09.20 08:03:39.766,0.73985,0.74,1.00,1.00
2016.09.20 08:03:40.044,0.73985,0.74,1.12,1.12
2016.09.20 08:03:40.522,0.73985,0.74,1.12,1.00
2016.09.20 08:03:40.953,0.73984,0.74,1.37,1.00
2016.09.20 08:03:41.004,0.73985,0.74001,1.12,1.12
2016.09.20 08:03:41.054,0.73985,0.74001,1.12,1.37
2016.09.20 08:03:41.155,0.73985,0.74001,1.37,1.00
2016.09.20 08:03:41.466,0.73984,0.74001,1.37,1.12
2016.09.20 08:03:43.020,0.73984,0.74001,1.12,1.37
2016.09.20 08:03:43.075,0.73983,0.74,1.37,1.12
2016.09.20 08:03:43.271,0.73983,0.73999,1.37,1.00
2016.09.20 08:03:43.972,0.73984,0.74,1.12,1.12
2016.09.20 08:03:44.111,0.73985,0.73999,1.00,1.00
2016.09.20 08:03:44.975,0.73984,0.73999,1.12,1.00
2016.09.20 08:03:45.487,0.73984,0.74001,1.12,1.37
2016.09.20 08:03:45.537,0.73984,0.74001,1.37,1.12
2016.09.20 08:03:45.631,0.73984,0.74001,1.37,1.00
2016.09.20 08:03:45.915,0.73986,0.74,1.12,1.00
2016.09.20 08:03:45.966,0.73986,0.74,1.37,1.00
2016.09.20 08:03:46.067,0.73986,0.74001,1.12,1.00
2016.09.20 08:03:46.237,0.73986,0.74001,1.37,1.00
2016.09.20 08:03:47.117,0.73989,0.74004,1.00,1.37
2016.09.20 08:03:47.277,0.73989,0.74004,1.37,1.00
2016.09.20 08:03:47.736,0.73989,0.74004,1.12,1.12
2016.09.20 08:03:48.620,0.73987,0.74003,1.72,1.00
2016.09.20 08:03:48.978,0.73987,0.74003,1.72,1.12
2016.09.20 08:03:50.984,0.73987,0.74002,1.72,1.00
2016.09.20 08:03:51.616,0.73987,0.74002,1.37,1.00
2016.09.20 08:03:51.792,0.73988,0.74002,1.12,1.00
2016.09.20 08:03:52.589,0.73986,0.74003,1.37,1.12
2016.09.20 08:03:53.445,0.73986,0.74003,1.37,1.00
2016.09.20 08:03:54.089,0.73988,0.74002,1.12,1.00
2016.09.20 08:03:54.247,0.73988,0.74002,1.00,1.00
2016.09.20 08:03:59.060,0.73988,0.74002,1.12,1.00
2016.09.20 08:03:59.260,0.73988,0.74002,1.00,1.12
2016.09.20 08:04:00.508,0.73988,0.74002,1.12,1.00
2016.09.20 08:04:03.311,0.73988,0.74003,1.12,1.12
2016.09.20 08:04:03.926,0.73987,0.74003,1.37,1.00
2016.09.20 08:04:04.474,0.73987,0.74002,1.37,1.00
2016.09.20 08:04:04.524,0.73988,0.74003,1.12,1.12
2016.09.20 08:04:05.815,0.73988,0.74002,1.12,1.00
2016.09.20 08:04:06.461,0.73987,0.74001,1.37,1.00
2016.09.20 08:04:07.062,0.73987,0.74004,1.37,1.37
2016.09.20 08:04:07.113,0.73987,0.74004,1.37,1.12
2016.09.20 08:04:07.328,0.73988,0.74003,1.37,1.00
2016.09.20 08:04:07.919,0.73987,0.74002,1.37,1.00
2016.09.20 08:04:13.674,0.73989,0.74003,1.12,1.00
2016.09.20 08:04:13.725,0.73989,0.74003,1.00,1.00
2016.09.20 08:04:13.803,0.73989,0.74003,1.12,1.00
2016.09.20 08:04:14.383,0.73988,0.74002,1.37,1.00
2016.09.20 08:04:15.396,0.73988,0.74002,1.12,1.00
2016.09.20 08:04:19.037,0.73987,0.74002,1.37,1.00
2016.09.20 08:04:20.547,0.73985,0.74003,1.37,1.12
2016.09.20 08:04:20.603,0.73985,0.74003,1.37,1.00
2016.09.20 08:04:20.704,0.73985,0.74003,1.37,1.12
2016.09.20 08:04:21.141,0.73986,0.74001,1.37,1.00
2016.09.20 08:04:21.643,0.73985,0.74003,1.37,1.00
2016.09.20 08:04:22.447,0.73986,0.74001,1.37,1.00
2016.09.20 08:04:23.075,0.73986,0.74002,1.37,1.00
2016.09.20 08:04:23.760,0.73985,0.74002,1.37,1.00
2016.09.20 08:04:25.015,0.73986,0.74001,1.37,1.00
2016.09.20 08:04:25.686,0.73986,0.74002,1.37,1.00
2016.09.20 08:04:34.039,0.73987,0.74002,1.37,1.00
2016.09.20 08:04:34.870,0.73987,0.74003,1.37,1.00
2016.09.20 08:04:36.114,0.73987,0.74002,1.37,1.00
2016.09.20 08:04:36.886,0.73986,0.74002,1.37,1.00
2016.09.20 08:04:37.974,0.73986,0.74001,1.37,1.00
2016.09.20 08:04:38.225,0.73983,0.73998,1.87,1.00
2016.09.20 08:04:38.386,0.73983,0.73998,1.37,1.00
2016.09.20 08:04:39.220,0.73984,0.73998,1.12,1.00
2016.09.20 08:04:39.776,0.73984,0.73999,1.12,1.00
2016.09.20 08:04:40.540,0.73984,0.73999,1.37,1.00
2016.09.20 08:04:41.548,0.73984,0.73998,1.37,1.00
2016.09.20 08:04:43.777,0.73984,0.73998,1.12,1.00
2016.09.20 08:04:43.984,0.73985,0.74,1.00,1.00
2016.09.20 08:04:44.405,0.73984,0.73999,1.12,1.00
2016.09.20 08:04:44.748,0.73984,0.73999,1.37,1.00
2016.09.20 08:04:48.061,0.73984,0.73999,1.12,1.00
2016.09.20 08:04:49.248,0.73986,0.74001,1.00,1.12
2016.09.20 08:04:49.320,0.73985,0.74002,1.12,1.37
2016.09.20 08:04:49.371,0.73985,0.74002,1.37,1.12
2016.09.20 08:04:49.422,0.73988,0.74003,1.00,1.37
2016.09.20 08:04:49.573,0.73988,0.74003,1.00,1.12
2016.09.20 08:04:49.674,0.73988,0.74003,1.00,1.37
2016.09.20 08:04:50.318,0.73987,0.74003,1.12,1.37
2016.09.20 08:04:50.369,0.73987,0.74003,1.00,1.00
2016.09.20 08:04:50.767,0.73987,0.74002,1.37,1.00
2016.09.20 08:04:51.345,0.73987,0.74003,1.37,1.00
2016.09.20 08:04:51.511,0.73987,0.74003,1.12,1.12
2016.09.20 08:04:51.595,0.73986,0.74002,1.37,1.00
2016.09.20 08:04:54.298,0.73987,0.74003,1.12,1.12
2016.09.20 08:04:54.399,0.73986,0.74002,1.37,1.00
2016.09.20 08:04:54.602,0.73987,0.74003,1.12,1.12
2016.09.20 08:04:54.775,0.73987,0.74003,1.12,1.37
2016.09.20 08:04:54.875,0.73987,0.74003,1.00,1.00
2016.09.20 08:04:55.323,0.73987,0.74003,1.37,1.00
2016.09.20 08:04:55.380,0.73987,0.74003,1.12,1.12
2016.09.20 08:04:55.881,0.73987,0.74003,1.12,1.00
2016.09.20 08:04:57.627,0.73987,0.74003,1.12,1.12
2016.09.20 08:04:58.687,0.73987,0.74003,1.37,1.00
2016.09.20 08:04:58.737,0.73987,0.74004,1.37,1.12
2016.09.20 08:04:58.808,0.73987,0.74004,1.12,1.00
2016.09.20 08:04:58.909,0.73988,0.74004,1.37,1.00
2016.09.20 08:04:59.031,0.73986,0.74004,1.87,1.00
2016.09.20 08:04:59.726,0.73986,0.74001,1.87,1.00
2016.09.20 08:04:59.781,0.73984,0.74001,1.37,1.00
2016.09.20 08:04:59.831,0.73983,0.74001,1.37,1.12
2016.09.20 08:05:00.235,0.73983,0.73999,1.37,1.00
2016.09.20 08:05:00.337,0.73982,0.73997,1.87,1.00
2016.09.20 08:05:00.441,0.73982,0.73997,1.37,1.00
2016.09.20 08:05:00.680,0.73984,0.74,1.00,1.37
2016.09.20 08:05:00.778,0.73984,0.74,1.12,1.00
2016.09.20 08:05:00.828,0.73984,0.74,1.37,1.00
2016.09.20 08:05:01.430,0.73985,0.74001,1.37,1.00
2016.09.20 08:05:01.531,0.73985,0.74001,1.12,1.00
2016.09.20 08:05:01.610,0.73984,0.74,1.37,1.00
2016.09.20 08:05:01.713,0.73984,0.74,1.37,1.12
2016.09.20 08:05:01.814,0.73985,0.74001,1.12,1.00
2016.09.20 08:05:01.915,0.73985,0.74001,1.37,1.00
2016.09.20 08:05:02.750,0.73984,0.74,1.37,1.00
2016.09.20 08:05:02.851,0.73985,0.74001,1.12,1.00
2016.09.20 08:05:02.953,0.73984,0.74,1.37,1.00
2016.09.20 08:05:04.642,0.73984,0.74,1.37,1.12
2016.09.20 08:05:05.377,0.73984,0.74,1.37,1.00
2016.09.20 08:05:05.660,0.73984,0.74,1.37,1.12
2016.09.20 08:05:05.712,0.73984,0.74,1.12,1.37
2016.09.20 08:05:06.206,0.73984,0.74,1.37,1.12
2016.09.20 08:05:06.321,0.73984,0.73999,1.37,1.00
2016.09.20 08:05:07.322,0.73983,0.73999,1.37,1.00
2016.09.20 08:05:10.071,0.73981,0.73999,1.87,1.00
2016.09.20 08:05:10.504,0.73981,0.73999,1.37,1.00
2016.09.20 08:05:10.554,0.73981,0.73999,1.37,1.12
2016.09.20 08:05:10.664,0.73982,0.73998,1.37,1.00
2016.09.20 08:05:11.280,0.73983,0.73998,1.37,1.00
2016.09.20 08:05:13.168,0.73982,0.73997,1.12,1.00
2016.09.20 08:05:13.370,0.7398,0.73997,1.37,1.12
2016.09.20 08:05:16.749,0.73982,0.73997,1.12,1.12
2016.09.20 08:05:17.536,0.73982,0.73999,1.12,1.37
2016.09.20 08:05:18.116,0.73982,0.73997,1.12,1.12
2016.09.20 08:05:18.379,0.73982,0.73996,1.12,1.00
2016.09.20 08:05:18.638,0.73983,0.73997,1.00,1.12
2016.09.20 08:05:18.838,0.73982,0.73996,1.12,1.00
2016.09.20 08:05:18.938,0.73983,0.73997,1.00,1.12
2016.09.20 08:05:19.339,0.73982,0.73997,1.12,1.12
2016.09.20 08:05:20.860,0.73985,0.74,1.00,1.37
2016.09.20 08:05:21.032,0.73985,0.74,1.37,1.00
2016.09.20 08:05:21.133,0.73985,0.74,1.00,1.12
2016.09.20 08:05:21.360,0.73985,0.74,1.12,1.12
2016.09.20 08:05:21.533,0.73985,0.74,1.00,1.12
2016.09.20 08:05:21.892,0.73984,0.73999,1.00,1.00
2016.09.20 08:05:22.234,0.73984,0.73999,1.12,1.00
2016.09.20 08:05:22.588,0.73983,0.73998,1.37,1.00
2016.09.20 08:05:23.061,0.73983,0.73999,1.37,1.12
2016.09.20 08:05:24.084,0.73983,0.73999,1.12,1.00
2016.09.20 08:05:24.135,0.73985,0.74,1.00,1.00
2016.09.20 08:05:24.467,0.73983,0.74,1.12,1.00
2016.09.20 08:05:24.838,0.73983,0.74,1.37,1.12
2016.09.20 08:05:26.240,0.73983,0.74,1.37,1.00
2016.09.20 08:05:26.341,0.73983,0.74,1.37,1.12
2016.09.20 08:05:27.012,0.73983,0.74,1.37,1.00
2016.09.20 08:05:27.296,0.73985,0.73999,1.12,1.00
2016.09.20 08:05:28.966,0.73985,0.73999,1.00,1.00
2016.09.20 08:05:29.467,0.73985,0.73999,1.12,1.00
2016.09.20 08:05:29.668,0.73985,0.73999,1.00,1.00
2016.09.20 08:05:29.747,0.73985,0.73999,1.00,1.12
2016.09.20 08:05:29.797,0.73984,0.73999,1.12,1.12
2016.09.20 08:05:29.848,0.73984,0.73999,1.00,1.37
2016.09.20 08:05:30.203,0.73983,0.73998,1.12,1.12
2016.09.20 08:05:30.674,0.73983,0.73997,1.00,1.00
2016.09.20 08:05:30.750,0.73983,0.73997,1.00,1.12
2016.09.20 08:05:31.179,0.73982,0.73999,1.00,1.12
2016.09.20 08:05:31.632,0.73984,0.73998,1.00,1.00
2016.09.20 08:05:32.761,0.73984,0.73998,1.00,1.12
2016.09.20 08:05:33.057,0.73984,0.73998,1.00,1.00
2016.09.20 08:05:33.593,0.73985,0.73999,1.12,1.00
2016.09.20 08:05:34.062,0.73986,0.74001,1.00,1.12
2016.09.20 08:05:34.259,0.73986,0.74001,1.12,1.12
2016.09.20 08:05:34.359,0.73986,0.74001,1.00,1.12
2016.09.20 08:05:34.979,0.73986,0.74001,1.12,1.12
2016.09.20 08:05:35.064,0.73986,0.74003,1.12,1.37
2016.09.20 08:05:35.163,0.73986,0.74001,1.12,1.12
2016.09.20 08:05:35.461,0.73986,0.74001,1.00,1.12
2016.09.20 08:05:35.762,0.73986,0.74001,1.12,1.12
2016.09.20 08:05:35.976,0.73986,0.74001,1.00,1.12
2016.09.20 08:05:36.163,0.73986,0.74001,1.12,1.12
2016.09.20 08:05:37.428,0.73984,0.73999,1.00,1.37
2016.09.20 08:05:37.478,0.73983,0.73998,1.12,1.12
2016.09.20 08:05:37.565,0.73983,0.73998,1.00,1.37
2016.09.20 08:05:37.984,0.73983,0.73998,1.00,1.12
2016.09.20 08:05:38.068,0.73983,0.74,1.00,1.37
2016.09.20 08:05:38.416,0.73981,0.73997,1.00,1.12
2016.09.20 08:05:38.517,0.73981,0.73997,1.37,1.00
2016.09.20 08:05:38.569,0.73981,0.73995,1.37,1.00
2016.09.20 08:05:39.370,0.73979,0.73996,1.87,1.00
2016.09.20 08:05:40.206,0.73981,0.73995,1.37,1.00
2016.09.20 08:05:43.266,0.73981,0.73995,1.12,1.00
2016.09.20 08:05:43.317,0.73981,0.73995,1.37,1.00
2016.09.20 08:05:44.489,0.73981,0.73996,1.37,1.00
2016.09.20 08:05:44.576,0.73981,0.73996,1.00,1.00
2016.09.20 08:05:45.179,0.73982,0.73996,1.00,1.00
2016.09.20 08:05:45.779,0.73982,0.73998,1.00,1.12
2016.09.20 08:05:54.292,0.73981,0.73997,1.00,1.00
2016.09.20 08:05:54.392,0.73982,0.73998,1.00,1.12
2016.09.20 08:05:54.592,0.73982,0.73996,1.00,1.00
2016.09.20 08:05:54.691,0.73982,0.73996,1.12,1.00
2016.09.20 08:05:55.141,0.73981,0.73995,1.37,1.00
2016.09.20 08:05:55.242,0.7398,0.73998,1.37,1.37
2016.09.20 08:05:55.343,0.73981,0.73996,1.12,1.12
2016.09.20 08:05:55.394,0.73981,0.73996,1.00,1.37
2016.09.20 08:05:55.722,0.73979,0.73995,1.12,1.37
2016.09.20 08:05:56.194,0.73979,0.73995,1.12,1.12
2016.09.20 08:05:56.295,0.73976,0.73993,2.62,1.00
2016.09.20 08:05:56.526,0.73977,0.73991,1.12,1.00
2016.09.20 08:05:57.115,0.73978,0.73993,1.00,1.00
2016.09.20 08:05:57.297,0.73976,0.73993,1.37,1.00
2016.09.20 08:05:57.670,0.73978,0.73992,1.00,1.00
2016.09.20 08:05:57.798,0.73977,0.73992,1.12,1.00
2016.09.20 08:05:58.449,0.73977,0.73991,1.12,1.00
2016.09.20 08:05:58.701,0.73974,0.73989,1.37,1.00
2016.09.20 08:05:58.802,0.73975,0.7399,1.12,1.12
2016.09.20 08:05:58.905,0.73975,0.7399,1.00,1.00
2016.09.20 08:05:59.006,0.73975,0.7399,1.12,1.12
2016.09.20 08:05:59.100,0.73975,0.73992,1.12,1.37
2016.09.20 08:05:59.151,0.73975,0.73992,1.37,1.37
2016.09.20 08:05:59.207,0.73975,0.73992,1.37,1.12
2016.09.20 08:05:59.548,0.73975,0.73992,1.37,1.00
2016.09.20 08:05:59.599,0.73975,0.73992,1.37,1.12
2016.09.20 08:06:00.208,0.73975,0.73992,1.12,1.12
2016.09.20 08:06:00.509,0.73975,0.73992,1.37,1.00
2016.09.20 08:06:00.989,0.73977,0.73992,1.37,1.00
2016.09.20 08:06:01.040,0.73977,0.73992,1.12,1.12
2016.09.20 08:06:01.447,0.73976,0.73995,1.37,1.37
2016.09.20 08:06:01.705,0.73977,0.73993,1.12,1.00
2016.09.20 08:06:02.010,0.73972,0.73987,3.00,1.00
2016.09.20 08:06:02.060,0.73972,0.73987,1.00,1.12
2016.09.20 08:06:02.111,0.73972,0.73988,1.00,1.37
2016.09.20 08:06:02.346,0.73972,0.73988,1.87,1.00
2016.09.20 08:06:02.406,0.73973,0.7399,1.12,1.37
2016.09.20 08:06:02.974,0.73973,0.73988,1.12,1.00
2016.09.20 08:06:03.024,0.73973,0.73989,1.12,1.12
2016.09.20 08:06:03.408,0.73972,0.73989,1.37,1.12
2016.09.20 08:06:06.216,0.73973,0.73987,1.12,1.00
2016.09.20 08:06:06.823,0.73973,0.73987,1.00,1.00
2016.09.20 08:06:07.223,0.73973,0.73987,1.12,1.00
2016.09.20 08:06:08.774,0.73972,0.73987,1.37,1.00
2016.09.20 08:06:10.226,0.73973,0.73987,1.12,1.00
2016.09.20 08:06:10.850,0.73973,0.73987,1.37,1.00
2016.09.20 08:06:11.027,0.73973,0.73989,1.37,1.00
2016.09.20 08:06:11.130,0.73973,0.73988,1.12,1.00
2016.09.20 08:06:11.519,0.73976,0.73991,1.12,1.12
2016.09.20 08:06:11.569,0.73976,0.73991,1.12,1.00
2016.09.20 08:06:11.630,0.73977,0.73992,1.00,1.00
2016.09.20 08:06:11.680,0.73977,0.73992,1.12,1.00
2016.09.20 08:06:12.016,0.73977,0.73992,1.12,1.12
2016.09.20 08:06:12.067,0.73973,0.73989,1.37,1.00
2016.09.20 08:06:12.132,0.73973,0.73989,1.37,1.12
2016.09.20 08:06:12.183,0.73973,0.73991,1.37,1.37
2016.09.20 08:06:12.895,0.73974,0.73991,1.37,1.37
2016.09.20 08:06:13.635,0.73974,0.73991,1.00,1.12
2016.09.20 08:06:13.685,0.73974,0.73993,1.00,1.37
2016.09.20 08:06:13.964,0.73975,0.7399,1.12,1.00
2016.09.20 08:06:14.035,0.73975,0.7399,1.37,1.00
2016.09.20 08:06:14.142,0.73974,0.73989,1.87,1.00
2016.09.20 08:06:14.193,0.73975,0.73989,1.37,1.00
2016.09.20 08:06:14.466,0.73975,0.73992,1.87,1.00
2016.09.20 08:06:14.940,0.73979,0.73993,1.37,1.00
2016.09.20 08:06:14.993,0.73979,0.73993,1.87,1.00
2016.09.20 08:06:15.489,0.73979,0.73993,1.37,1.00
2016.09.20 08:06:15.590,0.73978,0.73993,1.87,1.00
2016.09.20 08:06:15.866,0.73979,0.73993,1.37,1.00
2016.09.20 08:06:16.748,0.73978,0.73994,1.87,1.00
2016.09.20 08:06:17.348,0.73978,0.73996,1.87,1.00
2016.09.20 08:06:18.349,0.73978,0.73994,1.87,1.00
2016.09.20 08:06:18.450,0.73979,0.73995,1.37,1.00
2016.09.20 08:06:18.986,0.73978,0.73994,1.87,1.00
2016.09.20 08:06:19.658,0.73979,0.73995,1.37,1.00
2016.09.20 08:06:20.263,0.73978,0.73995,1.37,1.00
2016.09.20 08:06:20.787,0.7398,0.73995,1.37,1.00
2016.09.20 08:06:21.944,0.73979,0.73995,1.37,1.00
2016.09.20 08:06:25.272,0.7398,0.73995,1.37,1.00
2016.09.20 08:06:25.688,0.73981,0.73996,1.12,1.00
2016.09.20 08:06:26.081,0.73979,0.73996,1.37,1.00
2016.09.20 08:06:26.487,0.73979,0.73994,1.37,1.00
2016.09.20 08:06:27.189,0.73979,0.73995,1.37,1.00
2016.09.20 08:06:28.392,0.73978,0.73994,1.87,1.00
2016.09.20 08:06:29.231,0.73979,0.73994,1.37,1.00
2016.09.20 08:06:29.613,0.73978,0.73993,1.87,1.00
2016.09.20 08:06:30.412,0.73974,0.73991,1.87,1.00
2016.09.20 08:06:30.995,0.73976,0.73991,1.37,1.00
2016.09.20 08:06:31.516,0.73977,0.73994,1.37,1.00
2016.09.20 08:06:31.741,0.73976,0.73993,1.87,1.00
2016.09.20 08:06:31.797,0.73977,0.73993,1.37,1.00
2016.09.20 08:06:32.420,0.73978,0.73994,1.87,1.00
2016.09.20 08:06:32.792,0.73978,0.73994,1.37,1.00
2016.09.20 08:06:33.319,0.73979,0.73994,1.37,1.00
2016.09.20 08:06:33.530,0.73979,0.73996,1.37,1.00
2016.09.20 08:06:34.833,0.73981,0.73998,1.37,1.12
2016.09.20 08:06:34.884,0.73981,0.73998,1.37,1.00
2016.09.20 08:06:34.934,0.73981,0.73996,1.37,1.00
2016.09.20 08:06:35.384,0.73982,0.73997,1.12,1.00
2016.09.20 08:06:35.504,0.73981,0.73996,1.37,1.00
2016.09.20 08:06:36.305,0.73981,0.73995,1.37,1.00
2016.09.20 08:06:38.280,0.73981,0.73995,1.12,1.00
2016.09.20 08:06:38.409,0.7398,0.73994,1.87,1.00
2016.09.20 08:06:39.037,0.73978,0.73992,1.37,1.00
2016.09.20 08:06:39.270,0.73978,0.73994,1.37,1.00
2016.09.20 08:06:39.634,0.7398,0.73994,1.37,1.00
2016.09.20 08:06:41.720,0.73978,0.73995,1.87,1.00
2016.09.20 08:06:41.771,0.73979,0.73995,1.37,1.00
2016.09.20 08:06:42.288,0.7398,0.73994,1.37,1.00
2016.09.20 08:06:42.555,0.73981,0.73996,1.37,1.00
2016.09.20 08:06:43.090,0.7398,0.73995,1.37,1.00
2016.09.20 08:06:43.842,0.73979,0.73994,1.87,1.00
2016.09.20 08:06:44.250,0.73979,0.73994,1.50,1.00
2016.09.20 08:06:44.302,0.73976,0.73991,1.37,1.00
2016.09.20 08:06:44.823,0.73977,0.73992,1.37,1.00
2016.09.20 08:06:45.431,0.73976,0.73991,1.37,1.00
2016.09.20 08:06:45.532,0.73975,0.73989,1.37,1.00
2016.09.20 08:06:45.683,0.73973,0.73989,1.37,1.00
2016.09.20 08:06:45.834,0.73973,0.73986,1.37,1.00
2016.09.20 08:06:46.341,0.73972,0.73986,1.37,1.00
2016.09.20 08:06:46.636,0.73972,0.73989,1.37,1.12
2016.09.20 08:06:46.737,0.73972,0.73989,1.37,1.00
2016.09.20 08:06:47.137,0.73975,0.73989,1.00,1.00
2016.09.20 08:06:47.799,0.73975,0.73989,1.37,1.00
2016.09.20 08:06:50.241,0.73974,0.73989,1.37,1.00
2016.09.20 08:06:51.265,0.73974,0.73988,1.37,1.00
2016.09.20 08:06:51.972,0.73974,0.73989,1.37,1.00
2016.09.20 08:07:02.715,0.73975,0.73991,1.37,1.12
2016.09.20 08:07:02.816,0.73977,0.73991,1.00,1.12
2016.09.20 08:07:03.243,0.73976,0.73991,1.37,1.00
2016.09.20 08:07:03.344,0.73975,0.73989,1.12,1.00
2016.09.20 08:07:04.529,0.73975,0.73989,1.37,1.00
2016.09.20 08:07:06.109,0.73974,0.73989,1.37,1.00
2016.09.20 08:07:07.674,0.73974,0.73988,1.37,1.00
2016.09.20 08:07:08.725,0.73973,0.73988,1.37,1.00
2016.09.20 08:07:09.822,0.73974,0.73989,1.37,1.00
2016.09.20 08:07:10.370,0.73978,0.73992,1.37,1.00
2016.09.20 08:07:10.979,0.73978,0.73993,1.37,1.00
2016.09.20 08:07:11.440,0.73977,0.73993,1.12,1.12
2016.09.20 08:07:12.781,0.73977,0.73992,1.12,1.00
2016.09.20 08:07:13.095,0.73977,0.73992,1.37,1.00
2016.09.20 08:07:13.983,0.73977,0.73991,1.37,1.00
2016.09.20 08:07:14.084,0.73977,0.73991,1.00,1.00
2016.09.20 08:07:14.834,0.73975,0.73992,1.87,1.00
2016.09.20 08:07:15.048,0.73975,0.73992,1.87,1.12
2016.09.20 08:07:16.148,0.73977,0.73992,1.37,1.00
2016.09.20 08:07:16.299,0.73979,0.73994,1.12,1.12
2016.09.20 08:07:16.400,0.73978,0.73993,1.37,1.00
2016.09.20 08:07:16.594,0.7398,0.73994,1.00,1.00
2016.09.20 08:07:17.095,0.73977,0.73993,1.87,1.00
2016.09.20 08:07:17.146,0.73977,0.73993,1.37,1.00
2016.09.20 08:07:17.496,0.73977,0.73991,1.37,1.00
2016.09.20 08:07:18.183,0.73975,0.7399,1.87,1.00
2016.09.20 08:07:18.717,0.73975,0.7399,1.12,1.00
2016.09.20 08:07:19.269,0.73975,0.7399,1.37,1.00
2016.09.20 08:07:19.320,0.73975,0.73991,1.37,1.12
2016.09.20 08:07:19.557,0.73975,0.73991,1.37,1.00
2016.09.20 08:07:19.608,0.73976,0.7399,1.12,1.00
2016.09.20 08:07:20.090,0.73976,0.7399,1.37,1.00
2016.09.20 08:07:20.802,0.73976,0.73991,1.37,1.00
2016.09.20 08:07:21.004,0.73974,0.7399,1.37,1.00
2016.09.20 08:07:21.105,0.73974,0.73988,1.37,1.00
2016.09.20 08:07:21.503,0.73972,0.73987,1.37,1.00
2016.09.20 08:07:22.080,0.73972,0.73987,1.12,1.00
2016.09.20 08:07:22.131,0.73973,0.73987,1.00,1.00
2016.09.20 08:07:22.181,0.73973,0.73987,1.37,1.00
2016.09.20 08:07:22.232,0.73971,0.73986,1.37,1.00
2016.09.20 08:07:22.430,0.73971,0.73986,1.87,1.00
2016.09.20 08:07:22.616,0.73973,0.73987,1.37,1.00
2016.09.20 08:07:23.197,0.73972,0.73986,1.37,1.00
2016.09.20 08:07:24.199,0.73972,0.73987,1.37,1.00
2016.09.20 08:07:25.200,0.73972,0.73986,1.37,1.00
2016.09.20 08:07:25.731,0.73971,0.73986,1.37,1.00
2016.09.20 08:07:25.781,0.7397,0.73985,1.87,1.00
2016.09.20 08:07:29.006,0.7397,0.73983,1.37,1.00
2016.09.20 08:07:29.531,0.73969,0.73984,1.37,1.00
2016.09.20 08:07:30.809,0.73969,0.73986,1.37,1.12
2016.09.20 08:07:30.882,0.73969,0.73986,1.37,1.00
2016.09.20 08:07:30.933,0.7397,0.73988,1.37,1.37
2016.09.20 08:07:31.110,0.7397,0.73986,1.37,1.00
2016.09.20 08:07:31.550,0.7397,0.73984,1.37,1.00
2016.09.20 08:07:32.186,0.7397,0.73984,1.12,1.00
2016.09.20 08:07:33.010,0.73969,0.73984,1.37,1.00
2016.09.20 08:07:33.591,0.73969,0.73983,1.37,1.00
2016.09.20 08:07:33.692,0.73969,0.73984,1.12,1.00
2016.09.20 08:07:34.199,0.73969,0.73984,1.37,1.00
2016.09.20 08:07:34.441,0.73971,0.73985,1.12,1.00
2016.09.20 08:07:34.491,0.73971,0.73985,1.37,1.00
2016.09.20 08:07:35.412,0.7397,0.73984,1.12,1.00
2016.09.20 08:07:35.463,0.73969,0.73984,1.37,1.00
2016.09.20 08:07:38.621,0.73971,0.73985,1.00,1.00
2016.09.20 08:07:38.722,0.73972,0.73986,1.12,1.00
2016.09.20 08:07:39.722,0.73971,0.73988,1.37,1.12
2016.09.20 08:07:40.252,0.73972,0.73988,1.12,1.12
2016.09.20 08:07:40.400,0.73972,0.73988,1.37,1.00
2016.09.20 08:07:41.183,0.73972,0.73988,1.37,1.12
2016.09.20 08:07:41.263,0.73969,0.73983,1.37,1.00
2016.09.20 08:07:41.604,0.73969,0.73983,1.12,1.00
2016.09.20 08:07:42.202,0.73969,0.73984,1.37,1.00
2016.09.20 08:07:42.903,0.7397,0.73985,1.37,1.00
2016.09.20 08:07:43.251,0.73972,0.73987,1.12,1.12
2016.09.20 08:07:43.325,0.73972,0.73987,1.37,1.00
2016.09.20 08:07:43.429,0.73973,0.73988,1.12,1.00
2016.09.20 08:07:44.255,0.73972,0.73987,1.37,1.00
2016.09.20 08:07:44.768,0.73971,0.73985,1.37,1.00
2016.09.20 08:07:45.257,0.73972,0.73987,1.12,1.00
2016.09.20 08:07:45.633,0.73971,0.73986,1.37,1.00
2016.09.20 08:07:46.020,0.73971,0.73986,1.12,1.12
2016.09.20 08:07:46.071,0.73968,0.73985,2.62,1.00
2016.09.20 08:07:46.352,0.73968,0.73985,2.62,1.37
2016.09.20 08:07:46.403,0.73968,0.73985,1.87,1.37
2016.09.20 08:07:46.454,0.73968,0.73985,1.87,1.12
2016.09.20 08:07:46.610,0.73968,0.73985,1.87,1.37
2016.09.20 08:07:46.715,0.73968,0.73985,1.87,1.12
2016.09.20 08:07:46.766,0.73968,0.73981,1.37,1.00
2016.09.20 08:07:46.817,0.73966,0.73981,2.62,1.00
2016.09.20 08:07:46.868,0.73966,0.73981,1.87,1.00
2016.09.20 08:07:46.918,0.73966,0.73981,1.37,1.00
2016.09.20 08:07:48.170,0.73966,0.73982,1.37,1.00
2016.09.20 08:07:48.813,0.73966,0.73982,1.37,1.12
2016.09.20 08:07:49.044,0.73967,0.73982,1.12,1.12
2016.09.20 08:07:49.095,0.73968,0.73982,1.00,1.00
2016.09.20 08:07:49.214,0.73968,0.73982,1.37,1.00
2016.09.20 08:07:49.264,0.73969,0.73983,1.12,1.00
2016.09.20 08:07:49.315,0.73969,0.73983,1.37,1.00
2016.09.20 08:07:49.365,0.73967,0.73982,1.87,1.00
2016.09.20 08:07:49.466,0.73969,0.73983,1.12,1.00
2016.09.20 08:07:49.517,0.73969,0.73983,1.00,1.00
2016.09.20 08:07:49.622,0.73969,0.73983,1.37,1.00
2016.09.20 08:07:49.961,0.73969,0.73983,1.12,1.00
2016.09.20 08:07:50.062,0.7397,0.73984,1.00,1.00
2016.09.20 08:07:50.762,0.73971,0.73985,1.00,1.00
2016.09.20 08:07:51.024,0.73972,0.73987,1.37,1.00
2016.09.20 08:07:51.742,0.73972,0.73986,1.37,1.00
2016.09.20 08:07:52.263,0.73971,0.73985,1.37,1.00
2016.09.20 08:07:52.531,0.73971,0.73985,1.12,1.00
2016.09.20 08:07:52.744,0.7397,0.73984,1.37,1.00
2016.09.20 08:07:53.145,0.73971,0.73985,1.12,1.00
2016.09.20 08:07:53.246,0.73971,0.73985,1.37,1.00
2016.09.20 08:07:55.447,0.73971,0.73986,1.37,1.00
2016.09.20 08:07:56.248,0.73972,0.73986,1.12,1.00
2016.09.20 08:07:58.068,0.73971,0.73985,1.37,1.00
2016.09.20 08:07:58.169,0.73971,0.73985,1.00,1.00
2016.09.20 08:07:58.466,0.73969,0.73986,1.87,1.00
2016.09.20 08:07:58.617,0.73969,0.73984,1.37,1.00
2016.09.20 08:08:00.154,0.7397,0.73984,1.37,1.00
2016.09.20 08:08:02.227,0.7397,0.73986,1.37,1.00
2016.09.20 08:08:02.641,0.7397,0.73984,1.37,1.00
2016.09.20 08:08:03.359,0.7397,0.73985,1.37,1.00
2016.09.20 08:08:04.260,0.73971,0.73985,1.37,1.00
2016.09.20 08:08:04.862,0.73971,0.73986,1.37,1.00
2016.09.20 08:08:04.913,0.73971,0.73986,1.12,1.00
2016.09.20 08:08:04.963,0.7397,0.73985,1.37,1.00
2016.09.20 08:08:05.064,0.73969,0.73986,1.87,1.00
2016.09.20 08:08:05.215,0.73969,0.73986,1.37,1.00
2016.09.20 08:08:05.638,0.73969,0.73983,1.37,1.00
2016.09.20 08:08:05.996,0.7397,0.73985,1.37,1.00
2016.09.20 08:08:10.370,0.73972,0.73988,1.12,1.12
2016.09.20 08:08:10.471,0.73972,0.73988,1.12,1.37
2016.09.20 08:08:10.571,0.73973,0.73988,1.12,1.00
2016.09.20 08:08:10.672,0.73973,0.73988,1.37,1.00
2016.09.20 08:08:11.461,0.73973,0.73988,1.12,1.00
2016.09.20 08:08:12.325,0.73973,0.73987,1.12,1.00
2016.09.20 08:08:12.376,0.73973,0.73987,1.37,1.00
2016.09.20 08:08:12.664,0.73973,0.73987,1.12,1.00
2016.09.20 08:08:12.714,0.73972,0.73987,1.37,1.00
2016.09.20 08:08:12.873,0.73972,0.73987,1.00,1.00
2016.09.20 08:08:13.360,0.73972,0.73986,1.37,1.00
2016.09.20 08:08:13.875,0.73973,0.73987,1.37,1.00
2016.09.20 08:08:13.965,0.73973,0.73987,1.00,1.00
2016.09.20 08:08:14.016,0.73972,0.73987,1.12,1.00
2016.09.20 08:08:14.208,0.73972,0.73987,1.37,1.00
2016.09.20 08:08:14.515,0.73971,0.73986,1.12,1.00
2016.09.20 08:08:14.616,0.7397,0.73986,1.37,1.00
2016.09.20 08:08:14.977,0.7397,0.73986,1.37,1.12
2016.09.20 08:08:16.579,0.7397,0.73985,1.37,1.00
2016.09.20 08:08:21.485,0.73969,0.73985,1.37,1.00
2016.09.20 08:08:21.987,0.73969,0.73984,1.37,1.00
2016.09.20 08:08:23.975,0.73968,0.73983,1.87,1.00
2016.09.20 08:08:30.603,0.73969,0.73984,1.12,1.00
2016.09.20 08:08:31.267,0.73969,0.73985,1.12,1.00
2016.09.20 08:08:31.352,0.73969,0.73985,1.37,1.00
2016.09.20 08:08:31.650,0.7397,0.73985,1.12,1.00
2016.09.20 08:08:31.793,0.7397,0.73985,1.37,1.00
2016.09.20 08:08:32.472,0.7397,0.73984,1.37,1.00
2016.09.20 08:08:35.391,0.7397,0.73985,1.37,1.00
2016.09.20 08:08:36.812,0.7397,0.73985,1.00,1.00
2016.09.20 08:08:37.224,0.73969,0.73984,1.12,1.00
2016.09.20 08:08:37.325,0.73969,0.73983,1.00,1.37
2016.09.20 08:08:37.600,0.73969,0.73983,1.12,1.00
2016.09.20 08:08:37.651,0.73969,0.73983,1.37,1.00
2016.09.20 08:08:38.273,0.73969,0.73984,1.37,1.00
2016.09.20 08:08:40.620,0.73969,0.73983,1.37,1.00
2016.09.20 08:08:41.520,0.73969,0.73984,1.37,1.00
2016.09.20 08:08:47.736,0.73969,0.73984,1.00,1.00
2016.09.20 08:08:49.933,0.73969,0.73984,1.12,1.12
2016.09.20 08:08:49.984,0.73966,0.73983,1.37,1.00
2016.09.20 08:08:50.034,0.73966,0.73983,1.87,1.00
2016.09.20 08:08:50.400,0.73966,0.73983,1.37,1.00
2016.09.20 08:08:50.450,0.73968,0.73983,1.12,1.00
2016.09.20 08:08:50.751,0.73968,0.73983,1.37,1.00
2016.09.20 08:08:51.522,0.73968,0.73983,1.12,1.00
2016.09.20 08:08:51.848,0.73969,0.73986,1.12,1.37
2016.09.20 08:08:51.949,0.7397,0.73984,1.37,1.00
2016.09.20 08:08:52.053,0.73969,0.73983,1.12,1.00
2016.09.20 08:08:52.255,0.73968,0.73982,1.00,1.00
2016.09.20 08:08:52.324,0.73968,0.73982,1.12,1.00
2016.09.20 08:08:52.723,0.73968,0.73982,1.00,1.00
2016.09.20 08:08:52.774,0.73966,0.73981,1.37,1.00
2016.09.20 08:08:53.045,0.73965,0.73981,1.12,1.00
2016.09.20 08:08:53.776,0.73966,0.73981,1.00,1.00
2016.09.20 08:08:54.236,0.73966,0.73981,1.12,1.12
2016.09.20 08:08:54.928,0.73966,0.73981,1.00,1.00
2016.09.20 08:08:55.346,0.73965,0.7398,1.37,1.00
2016.09.20 08:08:56.460,0.73967,0.73984,1.12,1.37
2016.09.20 08:08:56.564,0.73967,0.73984,1.37,1.12
2016.09.20 08:08:56.665,0.73969,0.73984,1.12,1.12
2016.09.20 08:08:56.731,0.73969,0.73984,1.12,1.00
2016.09.20 08:08:57.374,0.73971,0.73985,1.00,1.12
2016.09.20 08:08:57.474,0.73972,0.73986,1.00,1.37
2016.09.20 08:08:57.575,0.73972,0.73986,1.00,1.00
2016.09.20 08:08:57.676,0.73972,0.73988,1.37,1.12
2016.09.20 08:08:57.777,0.73972,0.73988,1.37,1.00
2016.09.20 08:08:58.211,0.73972,0.73988,1.37,1.12
2016.09.20 08:08:58.399,0.73972,0.73987,1.37,1.00
2016.09.20 08:08:59.609,0.73972,0.73987,1.12,1.00
2016.09.20 08:08:59.660,0.73972,0.73987,1.37,1.00
2016.09.20 08:08:59.951,0.73973,0.73987,1.12,1.00
2016.09.20 08:09:00.275,0.73973,0.73988,1.12,1.12
2016.09.20 08:09:00.487,0.73973,0.73988,1.12,1.00
2016.09.20 08:09:00.738,0.73973,0.73988,1.00,1.12
2016.09.20 08:09:00.938,0.73973,0.73988,1.37,1.00
2016.09.20 08:09:00.989,0.73974,0.73988,1.12,1.00
2016.09.20 08:09:03.057,0.73974,0.73989,1.12,1.12
2016.09.20 08:09:03.498,0.73975,0.7399,1.00,1.37
2016.09.20 08:09:03.549,0.73975,0.7399,1.12,1.12
2016.09.20 08:09:04.145,0.73975,0.7399,1.12,1.00
2016.09.20 08:09:06.871,0.73975,0.7399,1.12,1.50
2016.09.20 08:09:06.979,0.73975,0.7399,1.00,1.87
2016.09.20 08:09:07.149,0.73975,0.7399,1.12,1.87
2016.09.20 08:09:07.200,0.73975,0.73989,1.12,1.00
2016.09.20 08:09:07.357,0.73975,0.73989,1.00,1.00
2016.09.20 08:09:08.208,0.73974,0.73989,1.12,1.00
2016.09.20 08:09:08.258,0.73974,0.73989,1.12,1.12
2016.09.20 08:09:08.913,0.73973,0.73987,1.37,1.00
2016.09.20 08:09:08.964,0.73973,0.73987,1.12,1.00
2016.09.20 08:09:09.014,0.73971,0.73986,1.37,1.00
2016.09.20 08:09:09.065,0.73971,0.73986,1.12,1.00
2016.09.20 08:09:09.275,0.73971,0.73987,1.12,1.12
2016.09.20 08:09:09.326,0.73971,0.73987,1.12,1.87
2016.09.20 08:09:09.376,0.73971,0.73987,1.00,1.87
2016.09.20 08:09:09.492,0.73971,0.73987,1.12,1.87
2016.09.20 08:09:09.543,0.73971,0.73986,1.12,1.12
2016.09.20 08:09:10.073,0.73971,0.73986,1.12,1.87
2016.09.20 08:09:18.636,0.73971,0.73986,1.12,1.12
2016.09.20 08:09:19.114,0.7397,0.73986,1.37,1.12
2016.09.20 08:09:19.217,0.7397,0.73986,1.37,1.00
2016.09.20 08:09:20.110,0.7397,0.73985,1.37,1.00
2016.09.20 08:09:21.596,0.73971,0.73986,1.12,1.50
2016.09.20 08:09:21.696,0.73971,0.73985,1.12,1.00
2016.09.20 08:09:22.602,0.7397,0.73985,1.37,1.00
2016.09.20 08:09:24.836,0.73971,0.73986,1.12,1.87
2016.09.20 08:09:24.887,0.73971,0.73986,1.12,1.12
2016.09.20 08:09:24.937,0.73971,0.73985,1.12,1.00
2016.09.20 08:09:27.643,0.73971,0.73986,1.12,1.12
2016.09.20 08:09:27.693,0.73971,0.73986,1.00,1.12
2016.09.20 08:09:27.782,0.73971,0.73986,1.12,1.12
2016.09.20 08:09:28.024,0.73971,0.73986,1.12,1.00
2016.09.20 08:09:28.317,0.73972,0.73987,1.00,1.12
2016.09.20 08:09:28.417,0.73972,0.73987,1.12,1.12
2016.09.20 08:09:28.984,0.73972,0.73987,1.00,1.12
2016.09.20 08:09:33.992,0.73972,0.73987,1.12,1.00
2016.09.20 08:09:34.042,0.73975,0.73989,1.00,1.87
2016.09.20 08:09:34.093,0.73975,0.73989,1.00,1.50
2016.09.20 08:09:34.143,0.73975,0.73989,1.00,1.00
2016.09.20 08:09:34.636,0.73976,0.7399,1.12,1.00
2016.09.20 08:09:35.473,0.73977,0.73991,1.00,1.12
2016.09.20 08:09:35.524,0.73977,0.73992,1.00,1.87
2016.09.20 08:09:35.756,0.73978,0.73992,1.37,1.00
2016.09.20 08:09:36.210,0.73978,0.73993,1.12,1.12
2016.09.20 08:09:36.270,0.73977,0.73992,1.37,1.00
2016.09.20 08:09:36.558,0.73978,0.73993,1.12,1.12
2016.09.20 08:09:36.609,0.73977,0.73992,1.12,1.00
2016.09.20 08:09:39.077,0.73977,0.73991,1.12,1.00
2016.09.20 08:09:39.633,0.73976,0.7399,1.37,1.00
2016.09.20 08:09:40.303,0.73976,0.7399,1.12,1.00
2016.09.20 08:09:40.841,0.73976,0.73991,1.12,1.00
2016.09.20 08:09:41.914,0.73969,0.73984,1.97,1.00
2016.09.20 08:09:41.967,0.73969,0.73984,1.00,1.12
2016.09.20 08:09:42.136,0.73968,0.73982,1.12,1.00
2016.09.20 08:09:45.041,0.73968,0.73983,1.12,1.00
2016.09.20 08:09:46.827,0.73969,0.73983,1.00,1.00
2016.09.20 08:09:47.715,0.73969,0.73983,1.12,1.00
2016.09.20 08:09:54.327,0.73969,0.73983,1.00,1.00
2016.09.20 08:09:55.263,0.73968,0.73983,1.00,1.00
2016.09.20 08:09:56.431,0.73969,0.73983,1.00,1.00
2016.09.20 08:09:58.113,0.73969,0.73984,1.00,1.00
2016.09.20 08:09:58.833,0.73969,0.73984,1.00,1.12
2016.09.20 08:09:59.635,0.73969,0.73984,1.12,1.00
2016.09.20 08:10:00.358,0.73969,0.73984,1.00,1.00
2016.09.20 08:10:00.898,0.73969,0.73983,1.00,1.00
2016.09.20 08:10:02.519,0.73969,0.73984,1.00,1.12
2016.09.20 08:10:03.382,0.73969,0.73983,1.00,1.00
2016.09.20 08:10:04.089,0.73969,0.73984,1.00,1.12
2016.09.20 08:10:04.384,0.73969,0.73983,1.00,1.00
2016.09.20 08:10:05.003,0.73968,0.73983,1.00,1.00
2016.09.20 08:10:05.664,0.73969,0.73983,1.00,1.00
2016.09.20 08:10:05.854,0.73969,0.73983,1.12,1.00
2016.09.20 08:10:06.731,0.73969,0.73985,1.12,1.37
2016.09.20 08:10:06.882,0.73969,0.73985,1.37,1.00
2016.09.20 08:10:06.988,0.73967,0.7399,1.37,1.50
2016.09.20 08:10:07.091,0.73971,0.73985,1.00,1.00
2016.09.20 08:10:07.159,0.73971,0.73985,1.12,1.00
2016.09.20 08:10:07.209,0.73972,0.73987,1.00,1.12
2016.09.20 08:10:07.674,0.73972,0.73987,1.00,1.00
2016.09.20 08:10:07.809,0.73972,0.73987,1.37,1.00
2016.09.20 08:10:07.994,0.73973,0.73988,1.12,1.00
2016.09.20 08:10:08.095,0.73973,0.73988,1.00,1.37
2016.09.20 08:10:08.164,0.73973,0.73988,1.12,1.12
2016.09.20 08:10:08.325,0.73975,0.73989,1.00,1.37
2016.09.20 08:10:08.538,0.73976,0.73991,1.00,1.37
2016.09.20 08:10:08.588,0.73976,0.73991,1.12,1.12
2016.09.20 08:10:09.896,0.73977,0.73991,1.00,1.12
2016.09.20 08:10:10.725,0.73977,0.73992,1.00,1.12
2016.09.20 08:10:16.082,0.73977,0.73992,1.12,1.00
2016.09.20 08:10:17.711,0.73976,0.73991,1.37,1.00
2016.09.20 08:10:21.660,0.73976,0.73991,1.00,1.37
2016.09.20 08:10:21.738,0.73971,0.73988,1.87,1.00
2016.09.20 08:10:21.945,0.73971,0.73988,1.12,1.00
2016.09.20 08:10:22.056,0.73971,0.73986,1.12,1.00
2016.09.20 08:10:22.657,0.73971,0.73985,1.12,1.00
2016.09.20 08:10:23.026,0.7397,0.73985,1.37,1.00
2016.09.20 08:10:23.547,0.73969,0.73984,1.37,1.00
2016.09.20 08:10:26.156,0.7397,0.73984,1.12,1.00
2016.09.20 08:10:26.206,0.7397,0.73984,1.37,1.00
2016.09.20 08:10:31.857,0.73971,0.73985,1.12,1.00
2016.09.20 08:10:31.910,0.73971,0.73985,1.00,1.00
2016.09.20 08:10:32.149,0.73968,0.73986,1.37,1.00
2016.09.20 08:10:32.462,0.73969,0.73983,1.37,1.00
2016.09.20 08:10:33.182,0.7397,0.73985,1.12,1.00
2016.09.20 08:10:35.871,0.73968,0.73983,1.37,1.00
2016.09.20 08:10:36.022,0.73968,0.73983,1.00,1.12
2016.09.20 08:10:36.073,0.73966,0.73984,1.37,1.87
2016.09.20 08:10:36.124,0.73966,0.73984,1.37,1.50
2016.09.20 08:10:36.573,0.73967,0.73985,1.12,1.12
2016.09.20 08:10:36.771,0.73967,0.73983,1.12,1.00
2016.09.20 08:10:38.971,0.7397,0.73986,1.00,1.37
2016.09.20 08:10:39.172,0.73971,0.73987,1.12,1.12
2016.09.20 08:10:39.273,0.73972,0.73988,1.00,1.37
2016.09.20 08:10:39.324,0.73972,0.73988,1.37,1.00
2016.09.20 08:10:40.025,0.73973,0.73989,1.37,1.00
2016.09.20 08:10:41.858,0.73973,0.73989,1.12,1.00
2016.09.20 08:10:41.976,0.73973,0.73989,1.12,1.12
2016.09.20 08:10:43.652,0.73973,0.73989,1.12,1.37
2016.09.20 08:10:44.679,0.73973,0.73989,1.37,1.00
2016.09.20 08:10:44.733,0.73973,0.73989,1.12,1.12
2016.09.20 08:10:45.137,0.73973,0.73989,1.37,1.00
2016.09.20 08:10:45.187,0.73977,0.73992,1.12,1.12
2016.09.20 08:10:45.237,0.73977,0.73992,1.37,1.00
2016.09.20 08:10:45.288,0.73975,0.73991,1.37,1.00
2016.09.20 08:10:45.848,0.73975,0.7399,1.37,1.00
2016.09.20 08:10:45.999,0.73975,0.73992,1.37,1.12
2016.09.20 08:10:46.100,0.73975,0.7399,1.37,1.00
2016.09.20 08:10:46.712,0.73973,0.73989,1.87,1.00
2016.09.20 08:10:46.764,0.73973,0.73989,1.37,1.00
2016.09.20 08:10:46.865,0.73973,0.73989,1.00,1.37
2016.09.20 08:10:47.000,0.73971,0.73989,1.37,1.37
2016.09.20 08:10:47.166,0.73971,0.73989,1.12,1.12
2016.09.20 08:10:47.755,0.73971,0.73989,1.37,1.37
2016.09.20 08:10:49.774,0.73971,0.73987,1.37,1.12
2016.09.20 08:10:50.778,0.73972,0.73987,1.12,1.12
2016.09.20 08:10:51.146,0.73972,0.73987,1.12,1.00
2016.09.20 08:10:52.222,0.73973,0.73987,1.00,1.00
2016.09.20 08:10:52.272,0.73973,0.73987,1.12,1.00
2016.09.20 08:10:52.553,0.73973,0.73988,1.37,1.00
2016.09.20 08:10:52.606,0.73975,0.7399,1.37,1.00
2016.09.20 08:10:52.950,0.73974,0.73989,1.12,1.00
2016.09.20 08:10:53.122,0.73973,0.73988,1.37,1.00
2016.09.20 08:10:53.173,0.73973,0.73988,1.00,1.00
2016.09.20 08:10:53.381,0.73971,0.73988,1.37,1.37
2016.09.20 08:10:53.451,0.73971,0.73988,1.37,1.12
2016.09.20 08:10:53.554,0.73971,0.73988,1.12,1.37
2016.09.20 08:10:54.288,0.7397,0.73987,1.37,1.12
2016.09.20 08:10:55.978,0.7397,0.73987,1.50,1.12
2016.09.20 08:10:56.029,0.73975,0.73989,1.00,1.37
2016.09.20 08:10:56.080,0.73975,0.73989,1.00,1.12
2016.09.20 08:10:56.156,0.73975,0.73989,1.37,1.00
2016.09.20 08:10:56.993,0.73975,0.7399,1.37,1.00
2016.09.20 08:10:57.926,0.73975,0.73989,1.37,1.00
2016.09.20 08:10:58.059,0.73975,0.73989,1.00,1.12
2016.09.20 08:10:58.965,0.73974,0.7399,1.12,1.37
2016.09.20 08:10:59.028,0.73974,0.7399,1.37,1.12
2016.09.20 08:11:00.308,0.73973,0.7399,1.37,1.12
2016.09.20 08:11:00.364,0.73973,0.7399,1.37,1.37
2016.09.20 08:11:00.414,0.73973,0.73988,1.37,1.00
2016.09.20 08:11:00.464,0.73973,0.73988,1.12,1.12
2016.09.20 08:11:00.515,0.73974,0.73989,1.00,1.37
2016.09.20 08:11:00.565,0.73974,0.73989,1.00,1.12
2016.09.20 08:11:00.616,0.73975,0.7399,1.00,1.37
2016.09.20 08:11:00.666,0.73975,0.7399,1.12,1.12
2016.09.20 08:11:03.862,0.73973,0.7399,1.12,1.37
2016.09.20 08:11:04.171,0.73973,0.7399,1.12,1.00
2016.09.20 08:11:04.677,0.73972,0.7399,1.37,1.12
2016.09.20 08:11:04.728,0.73974,0.73989,1.12,1.00
2016.09.20 08:11:05.020,0.73972,0.7399,1.37,1.12
2016.09.20 08:11:05.072,0.73972,0.7399,1.37,1.00
2016.09.20 08:11:05.634,0.73973,0.73988,1.37,1.00
2016.09.20 08:11:05.685,0.73973,0.73988,1.12,1.00
2016.09.20 08:11:05.773,0.73973,0.73988,1.37,1.00
2016.09.20 08:11:05.874,0.73973,0.73988,1.12,1.00
2016.09.20 08:11:06.800,0.73973,0.73989,1.37,1.12
2016.09.20 08:11:07.201,0.73973,0.73989,1.12,1.12
2016.09.20 08:11:07.251,0.73971,0.73988,1.37,1.00
2016.09.20 08:11:07.302,0.73971,0.73988,1.37,1.12
2016.09.20 08:11:07.453,0.73972,0.73989,1.12,1.37
2016.09.20 08:11:08.068,0.73972,0.73987,1.12,1.00
2016.09.20 08:11:08.494,0.73972,0.73987,1.00,1.00
2016.09.20 08:11:08.704,0.73971,0.73987,1.37,1.00
2016.09.20 08:11:09.230,0.73969,0.73983,1.87,1.00
2016.09.20 08:11:09.331,0.73969,0.73983,1.37,1.00
2016.09.20 08:11:09.381,0.73969,0.73983,1.12,1.00
2016.09.20 08:11:09.963,0.73967,0.73984,1.37,1.00
2016.09.20 08:11:10.014,0.73967,0.73984,1.37,1.12
2016.09.20 08:11:10.065,0.73969,0.73984,1.00,1.12
2016.09.20 08:11:10.116,0.73969,0.73984,1.12,1.12
2016.09.20 08:11:10.166,0.73967,0.73986,1.37,1.37
2016.09.20 08:11:10.267,0.7397,0.73985,1.00,1.12
2016.09.20 08:11:10.318,0.7397,0.73985,1.12,1.00
2016.09.20 08:11:10.369,0.73971,0.73987,1.00,1.37
2016.09.20 08:11:10.419,0.73971,0.73987,1.12,1.12
2016.09.20 08:11:11.112,0.73969,0.73985,1.37,1.00
2016.09.20 08:11:11.658,0.7397,0.73986,1.37,1.12
2016.09.20 08:11:12.056,0.73969,0.73985,1.37,1.00
2016.09.20 08:11:12.270,0.7397,0.73988,1.37,1.37
2016.09.20 08:11:12.422,0.7397,0.73988,1.50,1.12
2016.09.20 08:11:12.472,0.73972,0.73988,1.00,1.12
2016.09.20 08:11:12.523,0.73972,0.73988,1.12,1.00
2016.09.20 08:11:12.661,0.73973,0.73988,1.00,1.00
2016.09.20 08:11:12.711,0.73973,0.73988,1.00,1.12
2016.09.20 08:11:13.009,0.73974,0.7399,1.00,1.37
2016.09.20 08:11:13.211,0.73975,0.73991,1.12,1.37
2016.09.20 08:11:13.261,0.73975,0.73993,1.12,1.37
2016.09.20 08:11:13.412,0.73975,0.73993,1.37,1.37
2016.09.20 08:11:13.525,0.73975,0.73993,1.12,1.37
2016.09.20 08:11:13.576,0.73976,0.73993,1.00,1.37
2016.09.20 08:11:14.120,0.73977,0.73993,1.00,1.12
2016.09.20 08:11:14.700,0.73977,0.73993,1.00,1.37
2016.09.20 08:11:15.072,0.73976,0.73992,1.12,1.12
2016.09.20 08:11:15.174,0.73977,0.73993,1.00,1.37
2016.09.20 08:11:15.432,0.73977,0.73993,1.37,1.12
2016.09.20 08:11:15.668,0.73978,0.73994,1.12,1.37
2016.09.20 08:11:15.719,0.73978,0.73994,1.12,1.12
2016.09.20 08:11:15.934,0.73978,0.73994,1.00,1.37
2016.09.20 08:11:16.921,0.73978,0.73994,1.12,1.37
2016.09.20 08:11:17.175,0.73977,0.73993,1.37,1.12
2016.09.20 08:11:17.225,0.73977,0.73993,1.12,1.37
2016.09.20 08:11:17.276,0.73978,0.73994,1.00,1.37
2016.09.20 08:11:17.508,0.73978,0.73994,1.12,1.37
2016.09.20 08:11:18.982,0.73976,0.73994,1.50,1.37
2016.09.20 08:11:19.193,0.73978,0.73994,1.12,1.37
2016.09.20 08:11:19.244,0.73978,0.73994,1.00,1.37
2016.09.20 08:11:19.295,0.73976,0.73992,1.37,1.12
2016.09.20 08:11:19.414,0.73976,0.73992,1.12,1.12
2016.09.20 08:11:19.515,0.73976,0.73992,1.37,1.12
2016.09.20 08:11:19.565,0.73978,0.73994,1.00,1.37
2016.09.20 08:11:19.616,0.73978,0.73994,1.12,1.12
2016.09.20 08:11:19.816,0.73978,0.73994,1.37,1.12
2016.09.20 08:11:19.918,0.73978,0.73994,1.12,1.12
2016.09.20 08:11:20.117,0.73978,0.73994,1.37,1.12
2016.09.20 08:11:20.503,0.73978,0.73994,1.00,1.12
2016.09.20 08:11:20.556,0.73978,0.73994,1.00,1.00
2016.09.20 08:11:20.837,0.73978,0.73994,1.37,1.12
2016.09.20 08:11:20.887,0.73978,0.73996,1.37,1.37
2016.09.20 08:11:21.061,0.73978,0.73994,1.37,1.12
2016.09.20 08:11:23.039,0.73978,0.73994,1.12,1.37
2016.09.20 08:11:23.224,0.73978,0.73994,1.00,1.37
2016.09.20 08:11:25.179,0.73978,0.73994,1.12,1.12
2016.09.20 08:11:25.230,0.73979,0.73995,1.00,1.37
2016.09.20 08:11:25.280,0.73979,0.73995,1.00,1.00
2016.09.20 08:11:26.268,0.73979,0.73995,1.12,1.37
2016.09.20 08:11:27.174,0.73979,0.73995,1.00,1.37
2016.09.20 08:11:27.235,0.73979,0.73995,1.12,1.37
2016.09.20 08:11:28.183,0.73979,0.73994,1.12,1.12
2016.09.20 08:11:30.814,0.73978,0.73993,1.37,1.00
2016.09.20 08:11:31.716,0.73978,0.73995,1.37,1.37
2016.09.20 08:11:31.766,0.73978,0.73995,1.37,1.12
2016.09.20 08:11:31.817,0.7398,0.73996,1.00,1.37
2016.09.20 08:11:31.867,0.7398,0.73996,1.00,1.00
2016.09.20 08:11:31.968,0.73981,0.73996,1.12,1.12
2016.09.20 08:11:32.234,0.73981,0.73996,1.00,1.00
2016.09.20 08:11:32.493,0.73981,0.73996,1.12,1.12
2016.09.20 08:11:32.789,0.73982,0.73997,1.00,1.37
2016.09.20 08:11:33.090,0.73982,0.73996,1.00,1.12
2016.09.20 08:11:33.486,0.73982,0.73996,1.00,1.37
2016.09.20 08:11:33.620,0.73981,0.73995,1.00,1.12
2016.09.20 08:11:33.977,0.73981,0.73995,1.00,1.00
2016.09.20 08:11:34.600,0.73979,0.73996,1.37,1.12
2016.09.20 08:11:35.951,0.73979,0.73996,1.12,1.12
2016.09.20 08:11:38.893,0.7398,0.73994,1.00,1.00
2016.09.20 08:11:38.955,0.7398,0.73994,1.00,1.12
2016.09.20 08:11:39.205,0.73978,0.73994,1.12,1.12
2016.09.20 08:11:39.356,0.73978,0.73994,1.00,1.37
2016.09.20 08:11:39.457,0.73978,0.73994,1.37,1.12
2016.09.20 08:11:39.508,0.73981,0.73996,1.00,1.37
2016.09.20 08:11:39.558,0.73981,0.73996,1.00,1.12
2016.09.20 08:11:39.958,0.73981,0.73996,1.12,1.12
2016.09.20 08:11:40.059,0.73981,0.73996,1.00,1.12
2016.09.20 08:11:40.110,0.73981,0.73998,1.00,1.37
2016.09.20 08:11:40.160,0.73981,0.73998,1.37,1.37
2016.09.20 08:11:40.261,0.73981,0.73998,1.12,1.37
2016.09.20 08:11:40.413,0.73986,0.74001,1.00,1.37
2016.09.20 08:11:40.463,0.73986,0.74001,1.00,1.00
2016.09.20 08:11:40.513,0.73986,0.74002,1.00,1.12
2016.09.20 08:11:44.683,0.73987,0.74002,1.00,1.12
2016.09.20 08:11:49.103,0.73987,0.74001,1.00,1.00
2016.09.20 08:11:50.283,0.73987,0.74001,1.00,1.12
2016.09.20 08:11:50.805,0.73987,0.74001,1.12,1.00
2016.09.20 08:11:50.906,0.73987,0.74001,1.37,1.00
2016.09.20 08:11:51.153,0.73989,0.74003,1.12,1.00
2016.09.20 08:11:51.979,0.73988,0.74003,1.37,1.00
2016.09.20 08:11:52.030,0.73988,0.74003,1.00,1.00
2016.09.20 08:11:54.374,0.73989,0.74004,1.00,1.12
2016.09.20 08:11:54.424,0.73989,0.74004,1.12,1.12
2016.09.20 08:11:56.046,0.73987,0.74001,1.37,1.00
2016.09.20 08:11:56.199,0.73987,0.74001,1.00,1.12
2016.09.20 08:11:56.350,0.73985,0.73999,1.12,1.00
2016.09.20 08:11:56.552,0.73985,0.73999,1.00,1.00
2016.09.20 08:11:56.602,0.73985,0.73999,1.12,1.00
2016.09.20 08:11:56.810,0.73985,0.73999,1.00,1.00
2016.09.20 08:11:56.911,0.73985,0.73999,1.12,1.00
2016.09.20 08:11:56.962,0.73985,0.74001,1.12,1.12
2016.09.20 08:11:57.012,0.73985,0.74001,1.37,1.00
2016.09.20 08:11:57.519,0.73984,0.74001,1.37,1.00
2016.09.20 08:11:57.723,0.73984,0.74001,1.37,1.12
2016.09.20 08:11:57.810,0.73984,0.74001,1.12,1.37
2016.09.20 08:11:58.181,0.73985,0.73999,1.00,1.12
2016.09.20 08:11:59.868,0.73984,0.74001,1.00,1.37
2016.09.20 08:11:59.919,0.73984,0.74001,1.12,1.37
2016.09.20 08:12:00.375,0.73987,0.74001,1.00,1.37
2016.09.20 08:12:00.476,0.73985,0.74,1.00,1.12
2016.09.20 08:12:00.526,0.73985,0.74,1.37,1.00
2016.09.20 08:12:00.627,0.73985,0.74,1.00,1.12
2016.09.20 08:12:01.193,0.73984,0.74,1.00,1.12
2016.09.20 08:12:02.355,0.73984,0.74001,1.00,1.37
2016.09.20 08:12:02.406,0.73984,0.74001,1.37,1.12
2016.09.20 08:12:02.827,0.73984,0.74001,1.00,1.37
2016.09.20 08:12:02.928,0.73984,0.74001,1.12,1.37
2016.09.20 08:12:03.340,0.73984,0.74,1.12,1.12
2016.09.20 08:12:03.540,0.73986,0.74,1.00,1.12
2016.09.20 08:12:03.982,0.73985,0.73999,1.00,1.00
2016.09.20 08:12:06.387,0.73983,0.73999,1.37,1.00
2016.09.20 08:12:06.437,0.73983,0.73999,1.12,1.12
2016.09.20 08:12:06.488,0.73983,0.73998,1.12,1.00
2016.09.20 08:12:06.538,0.73983,0.73998,1.00,1.12
2016.09.20 08:12:06.634,0.73983,0.73998,1.12,1.12
2016.09.20 08:12:06.975,0.73983,0.73998,1.00,1.37
2016.09.20 08:12:07.345,0.73982,0.73997,1.12,1.12
2016.09.20 08:12:07.447,0.73981,0.73999,1.37,1.37
2016.09.20 08:12:08.169,0.73984,0.73998,1.00,1.37
2016.09.20 08:12:08.341,0.73984,0.73998,1.00,1.00
2016.09.20 08:12:08.843,0.73984,0.73998,1.00,1.37
2016.09.20 08:12:09.453,0.73983,0.73998,1.00,1.37
2016.09.20 08:12:09.504,0.73983,0.73998,1.00,1.12
2016.09.20 08:12:12.248,0.73983,0.73998,1.12,1.12
2016.09.20 08:12:12.299,0.73986,0.74,1.00,1.37
2016.09.20 08:12:12.349,0.73986,0.74,1.00,1.12
2016.09.20 08:12:12.549,0.73985,0.73999,1.00,1.00
2016.09.20 08:12:12.949,0.73985,0.73999,1.00,1.37
2016.09.20 08:12:13.000,0.73984,0.73998,1.00,1.12
2016.09.20 08:12:13.400,0.73982,0.73996,1.37,1.00
2016.09.20 08:12:13.451,0.73982,0.73996,1.12,1.00
2016.09.20 08:12:13.599,0.73982,0.73996,1.00,1.00
2016.09.20 08:12:13.920,0.73984,0.74,1.00,1.37
2016.09.20 08:12:13.971,0.73986,0.74002,1.00,1.37
2016.09.20 08:12:14.072,0.73986,0.74002,1.12,1.37
2016.09.20 08:12:15.504,0.73987,0.74002,1.00,1.37
2016.09.20 08:12:15.706,0.73987,0.74002,1.00,1.12
2016.09.20 08:12:16.432,0.73987,0.74003,1.00,1.37
2016.09.20 08:12:16.504,0.73988,0.74002,1.00,1.12
2016.09.20 08:12:19.309,0.73989,0.74003,1.00,1.37
2016.09.20 08:12:19.359,0.73989,0.74003,1.00,1.12
2016.09.20 08:12:19.410,0.73989,0.74004,1.12,1.12
2016.09.20 08:12:19.463,0.73989,0.74004,1.00,1.12
2016.09.20 08:12:20.565,0.73989,0.74004,1.00,1.00
2016.09.20 08:12:20.895,0.7399,0.74005,1.00,1.12
2016.09.20 08:12:21.212,0.73991,0.74006,1.00,1.37
2016.09.20 08:12:21.482,0.7399,0.74005,1.00,1.12
2016.09.20 08:12:22.993,0.73991,0.74006,1.12,1.12
2016.09.20 08:12:23.983,0.73991,0.74005,1.12,1.00
2016.09.20 08:12:25.411,0.73991,0.74005,1.00,1.12
2016.09.20 08:12:25.815,0.7399,0.74004,1.00,1.00
2016.09.20 08:12:25.917,0.73988,0.74005,1.37,1.12
2016.09.20 08:12:26.121,0.73988,0.74005,1.37,1.37
2016.09.20 08:12:26.174,0.73988,0.74005,1.37,1.12
2016.09.20 08:12:26.613,0.73986,0.74,1.00,1.00
2016.09.20 08:12:26.714,0.73986,0.74,1.00,1.12
2016.09.20 08:12:26.876,0.73986,0.74,1.12,1.00
2016.09.20 08:12:26.926,0.73988,0.74002,1.00,1.12
2016.09.20 08:12:26.977,0.73988,0.74002,1.00,1.00
2016.09.20 08:12:27.077,0.73988,0.74002,1.12,1.00
2016.09.20 08:12:27.327,0.73988,0.74002,1.00,1.12
2016.09.20 08:12:27.502,0.73988,0.74003,1.00,1.37
2016.09.20 08:12:27.677,0.73988,0.74003,1.12,1.12
2016.09.20 08:12:28.541,0.73988,0.74002,1.12,1.00
2016.09.20 08:12:28.592,0.73988,0.74002,1.00,1.37
2016.09.20 08:12:29.180,0.73988,0.74003,1.00,1.00
2016.09.20 08:12:29.642,0.73988,0.74002,1.00,1.37
2016.09.20 08:12:29.693,0.73988,0.74002,1.00,1.00
2016.09.20 08:12:30.416,0.73987,0.74002,1.12,1.00
2016.09.20 08:12:30.863,0.73986,0.74001,1.37,1.00
2016.09.20 08:12:31.218,0.73988,0.74005,1.00,1.37
2016.09.20 08:12:31.284,0.73988,0.74005,1.12,1.37
2016.09.20 08:12:31.334,0.73988,0.74002,1.12,1.00
2016.09.20 08:12:31.385,0.73988,0.74002,1.00,1.37
2016.09.20 08:12:33.387,0.73988,0.74002,1.00,1.00
2016.09.20 08:12:33.487,0.73988,0.74002,1.00,1.12
2016.09.20 08:12:33.992,0.73988,0.74002,1.00,1.37
2016.09.20 08:12:34.491,0.73988,0.74002,1.00,1.00
2016.09.20 08:12:34.592,0.73988,0.74002,1.00,1.37
2016.09.20 08:12:35.092,0.73988,0.74002,1.00,1.00
2016.09.20 08:12:38.801,0.73988,0.74002,1.12,1.00
2016.09.20 08:12:39.101,0.73988,0.74002,1.00,1.00
2016.09.20 08:12:40.204,0.73988,0.74002,1.12,1.00
2016.09.20 08:12:40.304,0.73988,0.74002,1.00,1.00
2016.09.20 08:12:40.770,0.73987,0.74007,1.12,1.87
2016.09.20 08:12:40.821,0.73987,0.74006,1.72,1.37
2016.09.20 08:12:40.871,0.73991,0.74006,1.00,1.87
2016.09.20 08:12:40.922,0.73991,0.74006,1.00,1.37
2016.09.20 08:12:41.042,0.73992,0.74006,1.00,1.12
2016.09.20 08:12:41.444,0.73992,0.74006,1.00,1.37
2016.09.20 08:12:41.535,0.73991,0.74005,1.00,1.12
2016.09.20 08:12:41.837,0.7399,0.74005,1.12,1.12
2016.09.20 08:12:41.909,0.7399,0.74005,1.00,1.37
2016.09.20 08:12:42.445,0.73992,0.74006,1.00,1.37
2016.09.20 08:12:42.496,0.73992,0.74006,1.00,1.12
2016.09.20 08:12:43.038,0.73991,0.74005,1.12,1.00
2016.09.20 08:12:43.139,0.7399,0.74005,1.37,1.00
2016.09.20 08:12:44.013,0.7399,0.74005,1.12,1.12
2016.09.20 08:12:44.430,0.7399,0.74005,1.00,1.37
2016.09.20 08:12:44.531,0.73991,0.74006,1.00,1.12
2016.09.20 08:12:44.582,0.73992,0.74007,1.00,1.37
2016.09.20 08:12:44.632,0.73992,0.74007,1.00,1.12
2016.09.20 08:12:44.734,0.73992,0.74007,1.12,1.00
2016.09.20 08:12:44.851,0.73992,0.74007,1.37,1.00
2016.09.20 08:12:44.918,0.73992,0.74007,1.12,1.12
2016.09.20 08:12:45.019,0.73992,0.74007,1.00,1.00
2016.09.20 08:12:45.544,0.73992,0.74007,1.12,1.12
2016.09.20 08:12:45.645,0.73992,0.74007,1.00,1.37
2016.09.20 08:12:45.731,0.73992,0.74007,1.12,1.12
2016.09.20 08:12:45.843,0.73992,0.74006,1.12,1.00
2016.09.20 08:12:46.044,0.73991,0.74005,1.87,1.00
2016.09.20 08:12:46.322,0.73988,0.74002,1.50,1.12
2016.09.20 08:12:46.372,0.73988,0.74002,1.00,1.12
2016.09.20 08:12:46.423,0.73988,0.74002,1.00,1.00
2016.09.20 08:12:47.070,0.73989,0.74003,1.00,1.12
2016.09.20 08:12:47.121,0.73989,0.74003,1.00,1.00
2016.09.20 08:12:47.171,0.73989,0.74003,1.00,1.12
2016.09.20 08:12:47.646,0.7399,0.74007,1.00,1.37
2016.09.20 08:12:47.765,0.73992,0.74008,1.00,1.87
2016.09.20 08:12:48.134,0.73992,0.74008,1.00,1.37
2016.09.20 08:12:48.193,0.7399,0.74008,1.00,1.37
2016.09.20 08:12:48.244,0.7399,0.74008,1.12,1.37
2016.09.20 08:12:48.546,0.7399,0.74008,1.37,1.37
2016.09.20 08:12:48.932,0.73991,0.74006,1.12,1.12
2016.09.20 08:12:49.053,0.73989,0.74006,1.37,1.12
2016.09.20 08:12:49.268,0.73989,0.74005,1.12,1.37
2016.09.20 08:12:49.451,0.73991,0.74007,1.00,1.37
2016.09.20 08:12:49.772,0.73991,0.74007,1.12,1.37
2016.09.20 08:12:49.873,0.73992,0.74008,1.00,1.37
2016.09.20 08:12:50.055,0.7399,0.74008,1.37,1.37
2016.09.20 08:12:50.169,0.73992,0.74007,1.00,1.37
2016.09.20 08:12:50.834,0.73992,0.74007,1.00,1.12
2016.09.20 08:12:51.202,0.73992,0.74007,1.00,1.37
2016.09.20 08:12:52.388,0.73991,0.74007,1.12,1.37
2016.09.20 08:12:53.363,0.7399,0.74005,1.12,1.12
2016.09.20 08:12:53.778,0.73988,0.74004,1.37,1.00
2016.09.20 08:12:53.835,0.73988,0.74004,1.12,1.37
2016.09.20 08:12:54.158,0.73989,0.74003,1.00,1.12
2016.09.20 08:12:54.564,0.73986,0.74001,1.87,1.00
2016.09.20 08:12:54.668,0.73987,0.74002,1.00,1.37
2016.09.20 08:12:54.737,0.73987,0.74002,1.00,1.12
2016.09.20 08:12:54.888,0.73985,0.74002,1.37,1.12
2016.09.20 08:12:54.938,0.73985,0.74002,1.37,1.37
2016.09.20 08:12:55.039,0.73985,0.74002,1.12,1.37
2016.09.20 08:12:55.090,0.73984,0.74,2.47,1.00
2016.09.20 08:12:55.475,0.73987,0.74003,1.00,1.37
2016.09.20 08:12:55.576,0.73987,0.74003,1.12,1.37
2016.09.20 08:12:56.039,0.73987,0.74003,1.37,1.12
2016.09.20 08:12:56.262,0.73988,0.74002,1.12,1.00
2016.09.20 08:12:58.381,0.73988,0.74002,1.00,1.00
2016.09.20 08:12:58.645,0.73988,0.74002,1.00,1.12
2016.09.20 08:12:59.782,0.73989,0.74003,1.00,1.00
2016.09.20 08:12:59.997,0.73988,0.74005,1.37,1.12
2016.09.20 08:13:00.369,0.73988,0.74003,1.37,1.00
2016.09.20 08:13:00.483,0.73988,0.74003,1.12,1.12
2016.09.20 08:13:00.970,0.73988,0.74002,1.12,1.00
2016.09.20 08:13:01.070,0.73989,0.74003,1.00,1.12
2016.09.20 08:13:02.088,0.73989,0.74004,1.00,1.37
2016.09.20 08:13:02.143,0.73989,0.74003,1.00,1.12
2016.09.20 08:13:03.419,0.73989,0.74004,1.00,1.37
2016.09.20 08:13:03.520,0.73988,0.74004,1.12,1.37
2016.09.20 08:13:03.926,0.73987,0.74001,1.12,1.00
2016.09.20 08:13:03.976,0.73987,0.74001,1.00,1.00
2016.09.20 08:13:04.056,0.73987,0.74001,1.00,1.12
2016.09.20 08:13:04.157,0.73987,0.74001,1.00,1.00
2016.09.20 08:13:04.357,0.73987,0.74001,1.12,1.00
2016.09.20 08:13:04.836,0.73986,0.74001,1.37,1.00
2016.09.20 08:13:06.408,0.73986,0.74002,1.37,1.12
2016.09.20 08:13:06.480,0.73988,0.74003,1.00,1.37
2016.09.20 08:13:06.692,0.73989,0.74003,1.00,1.00
2016.09.20 08:13:07.338,0.73991,0.74005,1.00,1.37
2016.09.20 08:13:07.465,0.73991,0.74005,1.00,1.12
2016.09.20 08:13:07.516,0.73992,0.74006,1.00,1.37
2016.09.20 08:13:07.866,0.73992,0.74006,1.00,1.12
2016.09.20 08:13:08.094,0.73991,0.74005,1.00,1.00
2016.09.20 08:13:08.338,0.73991,0.74005,1.12,1.00
2016.09.20 08:13:08.884,0.7399,0.74005,1.37,1.00
2016.09.20 08:13:12.460,0.73991,0.74005,1.12,1.00
2016.09.20 08:13:12.510,0.7399,0.74005,1.37,1.00
2016.09.20 08:13:13.930,0.73992,0.74006,1.00,1.00
2016.09.20 08:13:15.683,0.73992,0.74006,1.00,1.12
2016.09.20 08:13:16.384,0.73992,0.74006,1.00,1.00
2016.09.20 08:13:17.949,0.73989,0.74006,1.37,1.00
2016.09.20 08:13:18.000,0.73989,0.74006,1.37,1.12
2016.09.20 08:13:18.101,0.73989,0.74006,1.37,1.37
2016.09.20 08:13:18.188,0.73989,0.74006,1.37,1.12
2016.09.20 08:13:18.318,0.73989,0.74006,1.37,1.00
2016.09.20 08:13:18.905,0.73991,0.74005,1.12,1.00
2016.09.20 08:13:20.010,0.73988,0.74005,2.47,1.00
2016.09.20 08:13:20.111,0.73988,0.74005,1.72,1.12
2016.09.20 08:13:20.162,0.73988,0.74005,1.37,1.12
2016.09.20 08:13:20.212,0.73989,0.74003,1.37,1.00
2016.09.20 08:13:21.001,0.73989,0.74003,1.12,1.00
2016.09.20 08:13:21.518,0.73988,0.74003,1.37,1.00
2016.09.20 08:13:22.315,0.73987,0.74003,1.37,1.00
2016.09.20 08:13:22.516,0.73987,0.74001,1.12,1.00
2016.09.20 08:13:23.417,0.73987,0.74002,1.12,1.00
2016.09.20 08:13:23.733,0.73987,0.74001,1.12,1.00
2016.09.20 08:13:24.619,0.73986,0.74001,1.37,1.00
2016.09.20 08:13:26.110,0.73986,0.74001,1.12,1.12
2016.09.20 08:13:26.160,0.73984,0.74001,1.37,1.12
2016.09.20 08:13:26.453,0.73984,0.74001,1.37,1.00
2016.09.20 08:13:27.054,0.73984,0.74001,1.12,1.12
2016.09.20 08:13:27.123,0.73984,0.74,1.12,1.00
2016.09.20 08:13:28.130,0.73984,0.73999,1.12,1.12
2016.09.20 08:13:28.231,0.73985,0.73999,1.00,1.12
2016.09.20 08:13:28.516,0.73985,0.73999,1.00,1.00
2016.09.20 08:13:29.024,0.73985,0.73999,1.00,1.12
2016.09.20 08:13:29.075,0.73983,0.74,1.12,1.37
2016.09.20 08:13:29.932,0.73983,0.73998,1.12,1.12
2016.09.20 08:13:30.158,0.73982,0.73997,1.37,1.00
2016.09.20 08:13:31.050,0.73982,0.73996,1.37,1.00
2016.09.20 08:13:33.929,0.73982,0.73997,1.37,1.00
2016.09.20 08:13:34.144,0.73983,0.73998,1.12,1.12
2016.09.20 08:13:34.546,0.73983,0.73999,1.12,1.37
2016.09.20 08:13:34.646,0.73983,0.73997,1.12,1.00
2016.09.20 08:13:35.928,0.73983,0.73997,1.00,1.00
2016.09.20 08:13:36.229,0.73983,0.73997,1.12,1.00
2016.09.20 08:13:36.666,0.73983,0.73997,1.00,1.00
2016.09.20 08:13:37.531,0.73983,0.73997,1.12,1.00
2016.09.20 08:13:38.255,0.73984,0.73998,1.00,1.00
2016.09.20 08:13:38.332,0.73984,0.73998,1.00,1.12
2016.09.20 08:13:38.605,0.73985,0.73999,1.00,1.37
2016.09.20 08:13:38.655,0.73985,0.73999,1.00,1.12
2016.09.20 08:13:38.888,0.73985,0.73999,1.12,1.00
2016.09.20 08:13:39.658,0.73985,0.74,1.12,1.00
2016.09.20 08:13:39.864,0.73982,0.73996,1.87,1.00
2016.09.20 08:13:39.915,0.73983,0.73996,1.37,1.00
2016.09.20 08:13:40.036,0.73983,0.73996,1.12,1.00
2016.09.20 08:13:40.087,0.73982,0.73996,1.87,1.00
2016.09.20 08:13:40.137,0.73982,0.73996,1.37,1.00
2016.09.20 08:13:41.176,0.73982,0.73996,1.12,1.00
2016.09.20 08:13:41.741,0.73982,0.73997,1.12,1.00
2016.09.20 08:13:41.980,0.73985,0.73999,1.00,1.37
2016.09.20 08:13:42.031,0.73985,0.73999,1.00,1.12
2016.09.20 08:13:43.134,0.73984,0.73999,1.00,1.12
2016.09.20 08:13:44.242,0.73984,0.73999,1.12,1.00
2016.09.20 08:13:44.366,0.73982,0.73997,1.37,1.00
2016.09.20 08:13:44.808,0.73984,0.73998,1.12,1.00
2016.09.20 08:13:45.242,0.73984,0.73998,1.37,1.00
2016.09.20 08:13:45.410,0.73985,0.73999,1.12,1.00
2016.09.20 08:13:48.140,0.73984,0.74001,1.37,1.37
2016.09.20 08:13:48.191,0.73983,0.73998,1.37,1.00
2016.09.20 08:13:48.359,0.73983,0.73998,1.00,1.00
2016.09.20 08:13:48.665,0.73983,0.73998,1.12,1.00
2016.09.20 08:13:49.167,0.73983,0.73998,1.37,1.00
2016.09.20 08:13:49.218,0.73985,0.74,1.00,1.12
2016.09.20 08:13:49.268,0.73985,0.74,1.12,1.00
2016.09.20 08:13:49.369,0.73985,0.74,1.12,1.12
2016.09.20 08:13:50.128,0.73987,0.74002,1.00,1.37
2016.09.20 08:13:50.279,0.73987,0.74002,1.12,1.12
2016.09.20 08:13:50.329,0.73988,0.74002,1.00,1.12
2016.09.20 08:13:50.555,0.73988,0.74002,1.00,1.00
2016.09.20 08:13:50.676,0.73988,0.74002,1.00,1.12
2016.09.20 08:13:50.930,0.73986,0.74003,1.37,1.37
2016.09.20 08:13:51.841,0.73987,0.74002,1.37,1.00
2016.09.20 08:13:51.891,0.73987,0.74002,1.00,1.12
2016.09.20 08:13:52.022,0.73987,0.74002,1.12,1.12
2016.09.20 08:13:52.079,0.73987,0.74002,1.00,1.00
2016.09.20 08:13:52.129,0.73985,0.74002,1.12,1.00
2016.09.20 08:13:52.180,0.73985,0.74002,1.37,1.00
2016.09.20 08:13:52.230,0.73985,0.74,1.37,1.00
2016.09.20 08:13:52.780,0.73985,0.74,1.00,1.00
2016.09.20 08:13:52.881,0.73985,0.74,1.37,1.00
2016.09.20 08:13:54.776,0.73984,0.74001,1.37,1.12
2016.09.20 08:13:55.737,0.73985,0.74001,1.37,1.12
2016.09.20 08:13:57.329,0.73985,0.74,1.37,1.00
2016.09.20 08:13:57.620,0.73985,0.74,1.12,1.12
2016.09.20 08:13:58.094,0.73985,0.74,1.37,1.00
2016.09.20 08:13:58.196,0.73985,0.74,1.12,1.12
2016.09.20 08:13:58.247,0.73984,0.73999,1.37,1.00
2016.09.20 08:13:58.297,0.73984,0.73999,1.00,1.00
2016.09.20 08:13:58.813,0.73984,0.73998,1.12,1.00
2016.09.20 08:13:59.216,0.73984,0.73999,1.12,1.12
2016.09.20 08:13:59.317,0.73983,0.73998,1.37,1.00
2016.09.20 08:14:00.399,0.73983,0.73998,1.12,1.00
2016.09.20 08:14:00.499,0.73983,0.73998,1.37,1.00
2016.09.20 08:14:00.600,0.73983,0.73998,1.12,1.12
2016.09.20 08:14:01.752,0.73983,0.73998,1.12,1.00
2016.09.20 08:14:01.802,0.73983,0.73998,1.12,1.12
2016.09.20 08:14:01.852,0.73983,0.73997,1.12,1.00
2016.09.20 08:14:02.603,0.73983,0.73997,1.00,1.00
2016.09.20 08:14:02.653,0.73983,0.73998,1.00,1.12
2016.09.20 08:14:02.704,0.73983,0.73998,1.12,1.00
2016.09.20 08:14:03.110,0.73983,0.73997,1.00,1.00
2016.09.20 08:14:03.756,0.73983,0.73998,1.00,1.12
2016.09.20 08:14:04.113,0.73983,0.73998,1.12,1.12
2016.09.20 08:14:04.256,0.73984,0.73999,1.00,1.37
2016.09.20 08:14:04.706,0.73984,0.73999,1.12,1.00
2016.09.20 08:14:05.276,0.73984,0.73998,1.12,1.00
2016.09.20 08:14:05.327,0.73985,0.74,1.00,1.12
2016.09.20 08:14:05.609,0.73985,0.74,1.00,1.37
2016.09.20 08:14:06.228,0.73985,0.73999,1.00,1.12
2016.09.20 08:14:06.329,0.73985,0.74,1.12,1.00
2016.09.20 08:14:07.097,0.73985,0.74,1.00,1.00
2016.09.20 08:14:07.170,0.73985,0.74,1.12,1.00
2016.09.20 08:14:07.372,0.73984,0.73999,1.37,1.00
2016.09.20 08:14:07.422,0.73984,0.73999,1.12,1.12
2016.09.20 08:14:08.398,0.73984,0.73998,1.12,1.00
2016.09.20 08:14:08.668,0.73984,0.73998,1.00,1.00
2016.09.20 08:14:08.719,0.73984,0.73998,1.37,1.00
2016.09.20 08:14:08.867,0.73984,0.73998,1.12,1.00
2016.09.20 08:14:09.852,0.73985,0.73999,1.12,1.00
2016.09.20 08:14:09.970,0.73985,0.74,1.12,1.12
2016.09.20 08:14:10.071,0.73985,0.74,1.12,1.00
2016.09.20 08:14:10.124,0.73985,0.74,1.00,1.12
2016.09.20 08:14:10.175,0.73984,0.73998,1.12,1.00
2016.09.20 08:14:10.225,0.73984,0.73998,1.00,1.00
2016.09.20 08:14:10.934,0.73984,0.73999,1.00,1.00
2016.09.20 08:14:11.936,0.73985,0.73999,1.00,1.00
2016.09.20 08:14:12.536,0.73984,0.73998,1.00,1.00
2016.09.20 08:14:12.937,0.73983,0.74,1.12,1.12
2016.09.20 08:14:13.938,0.73984,0.74,1.00,1.12
2016.09.20 08:14:14.077,0.73983,0.73999,1.00,1.37
2016.09.20 08:14:16.378,0.73985,0.73999,1.00,1.37
2016.09.20 08:14:16.479,0.73985,0.73999,1.00,1.12
2016.09.20 08:14:16.985,0.73985,0.74,1.00,1.37
2016.09.20 08:14:19.050,0.73986,0.74,1.00,1.12
2016.09.20 08:14:19.139,0.73986,0.74,1.00,1.37
2016.09.20 08:14:19.352,0.73986,0.74,1.00,1.00
2016.09.20 08:14:19.440,0.73986,0.74,1.00,1.37
2016.09.20 08:14:20.341,0.73986,0.74,1.00,1.00
2016.09.20 08:14:20.647,0.73986,0.74,1.00,1.12
2016.09.20 08:14:23.146,0.73986,0.74,1.00,1.00
2016.09.20 08:14:23.375,0.73982,0.73997,1.12,1.12
2016.09.20 08:14:23.425,0.73981,0.73997,1.37,1.12
2016.09.20 08:14:23.476,0.73982,0.73997,1.12,1.12
2016.09.20 08:14:23.589,0.73981,0.73995,1.00,1.00
2016.09.20 08:14:23.646,0.73981,0.73995,1.12,1.00
2016.09.20 08:14:24.753,0.73981,0.73996,1.12,1.00
2016.09.20 08:14:27.554,0.73981,0.73996,1.00,1.12
2016.09.20 08:14:27.793,0.73979,0.73996,1.87,1.12
2016.09.20 08:14:27.854,0.73979,0.73996,1.87,1.37
2016.09.20 08:14:34.196,0.73979,0.73996,1.37,1.37
2016.09.20 08:14:35.502,0.73978,0.73993,1.12,1.00
2016.09.20 08:14:35.566,0.73978,0.73993,1.00,1.12
2016.09.20 08:14:37.903,0.73978,0.73993,1.00,1.37
2016.09.20 08:14:38.180,0.73977,0.73993,1.00,1.00
2016.09.20 08:14:38.990,0.73978,0.73993,1.00,1.00
2016.09.20 08:14:40.573,0.73978,0.73993,1.12,1.12
2016.09.20 08:14:41.298,0.73979,0.73993,1.00,1.12
2016.09.20 08:14:41.411,0.73979,0.73997,1.00,1.37
2016.09.20 08:14:41.516,0.73979,0.73998,1.00,1.87
2016.09.20 08:14:41.575,0.73979,0.73998,1.12,1.87
2016.09.20 08:14:41.625,0.73979,0.73998,1.12,1.37
2016.09.20 08:14:42.075,0.73979,0.73998,1.37,1.37
2016.09.20 08:14:42.524,0.73979,0.73999,1.37,1.72
2016.09.20 08:14:42.731,0.73979,0.73999,1.37,2.47
2016.09.20 08:14:42.832,0.7398,0.73997,1.12,1.37
2016.09.20 08:14:43.277,0.7398,0.73998,1.37,1.37
2016.09.20 08:14:43.837,0.73979,0.73998,1.37,1.37
2016.09.20 08:14:43.944,0.73977,0.73994,1.37,1.00
2016.09.20 08:14:43.995,0.73977,0.73994,1.37,1.12
2016.09.20 08:14:44.196,0.73977,0.73994,1.37,1.00
2016.09.20 08:14:44.347,0.73979,0.73996,1.37,1.37
2016.09.20 08:14:44.590,0.73979,0.73996,1.37,1.00
2016.09.20 08:14:45.099,0.73978,0.73995,1.37,1.12
2016.09.20 08:14:45.459,0.73979,0.73993,1.12,1.00
2016.09.20 08:14:46.092,0.73979,0.73993,1.00,1.00
2016.09.20 08:14:46.142,0.73979,0.73994,1.00,1.12
2016.09.20 08:14:46.193,0.73979,0.73994,1.00,1.00
2016.09.20 08:14:46.384,0.73979,0.73994,1.00,1.12
2016.09.20 08:14:46.435,0.73977,0.73994,1.37,1.12
2016.09.20 08:14:47.110,0.73978,0.73995,1.12,1.37
2016.09.20 08:14:47.511,0.7398,0.73995,1.00,1.37
2016.09.20 08:14:48.033,0.73979,0.73993,1.00,1.00
2016.09.20 08:14:48.156,0.73979,0.73994,1.00,1.12
2016.09.20 08:14:54.697,0.73979,0.73994,1.12,1.00
2016.09.20 08:14:58.627,0.7398,0.73995,1.00,1.12
2016.09.20 08:14:58.733,0.73979,0.73995,1.12,1.12
2016.09.20 08:14:59.672,0.73979,0.73994,1.12,1.00
2016.09.20 08:15:00.507,0.73979,0.73994,1.12,1.12
2016.09.20 08:15:00.963,0.7398,0.73995,1.00,1.37
2016.09.20 08:15:02.711,0.7398,0.73995,1.00,1.00
2016.09.20 08:15:05.125,0.7398,0.73995,1.00,1.12
2016.09.20 08:15:05.615,0.7398,0.73995,1.00,1.37
2016.09.20 08:15:06.641,0.73981,0.73995,1.00,1.37
2016.09.20 08:15:07.068,0.73979,0.73996,1.12,1.37
2016.09.20 08:15:07.642,0.7398,0.73996,1.00,1.37
2016.09.20 08:15:08.044,0.73979,0.73994,1.12,1.12
2016.09.20 08:15:08.931,0.7398,0.73997,1.00,1.37
2016.09.20 08:15:09.009,0.7398,0.73997,1.12,1.37
2016.09.20 08:15:09.386,0.7398,0.73995,1.12,1.00
2016.09.20 08:15:11.162,0.73981,0.73996,1.00,1.12
2016.09.20 08:15:11.224,0.73981,0.73996,1.00,1.37
2016.09.20 08:15:12.049,0.73981,0.73995,1.00,1.12
2016.09.20 08:15:13.886,0.73979,0.73996,1.12,1.37
2016.09.20 08:15:13.936,0.73979,0.73996,1.37,1.12
2016.09.20 08:15:14.029,0.73979,0.73996,1.37,1.37
2016.09.20 08:15:14.479,0.73979,0.73996,1.37,1.12
2016.09.20 08:15:18.336,0.73979,0.73996,1.12,1.37
2016.09.20 08:15:22.528,0.7398,0.73994,1.00,1.00
2016.09.20 08:15:22.677,0.73979,0.73994,1.12,1.00
2016.09.20 08:15:24.169,0.7398,0.73995,1.00,1.12
2016.09.20 08:15:25.367,0.7398,0.73995,1.00,1.37
2016.09.20 08:15:25.417,0.73978,0.73992,1.00,1.00
2016.09.20 08:15:25.936,0.73978,0.73992,1.00,1.37
2016.09.20 08:15:26.257,0.73977,0.73992,1.12,1.12
2016.09.20 08:15:26.731,0.73977,0.73992,1.00,1.37
2016.09.20 08:15:26.782,0.73977,0.73991,1.00,1.12
2016.09.20 08:15:27.663,0.73977,0.73991,1.12,1.00
2016.09.20 08:15:27.714,0.73976,0.73991,1.37,1.00
2016.09.20 08:15:27.777,0.73977,0.73992,1.12,1.12
2016.09.20 08:15:27.852,0.73977,0.73992,1.37,1.00
2016.09.20 08:15:27.903,0.73978,0.73993,1.12,1.00
2016.09.20 08:15:27.953,0.73978,0.73993,1.00,1.12
2016.09.20 08:15:28.502,0.73979,0.73994,1.00,1.37
2016.09.20 08:15:28.654,0.73979,0.73994,1.12,1.12
2016.09.20 08:15:28.981,0.73979,0.73994,1.00,1.00
2016.09.20 08:15:29.155,0.73979,0.73994,1.12,1.12
2016.09.20 08:15:30.918,0.73979,0.73993,1.12,1.00
2016.09.20 08:15:30.969,0.73979,0.73993,1.00,1.00
2016.09.20 08:15:31.275,0.73978,0.73992,1.12,1.00
2016.09.20 08:15:31.326,0.73978,0.73993,1.12,1.12
2016.09.20 08:15:31.568,0.73979,0.73994,1.12,1.00
2016.09.20 08:15:32.226,0.7398,0.73995,1.00,1.12
2016.09.20 08:15:32.661,0.7398,0.73995,1.12,1.12
2016.09.20 08:15:35.887,0.73979,0.73995,1.37,1.12
2016.09.20 08:15:36.288,0.7398,0.73995,1.12,1.12
2016.09.20 08:15:36.889,0.7398,0.73994,1.12,1.00
2016.09.20 08:15:37.390,0.7398,0.73995,1.12,1.12
2016.09.20 08:15:40.504,0.7398,0.73995,1.00,1.12
2016.09.20 08:15:40.574,0.7398,0.73995,1.12,1.00
2016.09.20 08:15:40.894,0.73979,0.73994,1.37,1.00
2016.09.20 08:15:41.003,0.73979,0.73994,1.12,1.12
2016.09.20 08:15:41.275,0.73979,0.73994,1.37,1.00
2016.09.20 08:15:41.485,0.73979,0.73996,1.12,1.37
2016.09.20 08:15:41.540,0.73979,0.73994,1.12,1.12
2016.09.20 08:15:41.907,0.73979,0.73994,1.37,1.00
2016.09.20 08:15:43.699,0.73978,0.73994,1.37,1.00
2016.09.20 08:15:43.813,0.73979,0.73994,1.12,1.12
2016.09.20 08:15:43.914,0.7398,0.73995,1.00,1.37
2016.09.20 08:15:44.302,0.73981,0.73996,1.00,1.00
2016.09.20 08:15:44.801,0.73982,0.73997,1.00,1.12
2016.09.20 08:15:44.902,0.73981,0.73996,1.12,1.00
2016.09.20 08:15:45.189,0.73981,0.73996,1.00,1.00
2016.09.20 08:15:45.240,0.73982,0.73997,1.00,1.12
2016.09.20 08:15:46.273,0.73982,0.73996,1.00,1.00
2016.09.20 08:15:47.899,0.73982,0.73996,1.00,1.37
2016.09.20 08:15:49.509,0.73981,0.73998,1.00,1.37
2016.09.20 08:15:49.719,0.73984,0.73999,1.00,1.37
2016.09.20 08:15:50.107,0.73986,0.74,1.00,1.12
2016.09.20 08:15:50.337,0.73984,0.73999,1.12,1.00
2016.09.20 08:15:50.408,0.73984,0.73999,1.00,1.37
2016.09.20 08:15:50.609,0.73984,0.73999,1.12,1.00
2016.09.20 08:15:50.710,0.73984,0.73998,1.00,1.12
2016.09.20 08:15:50.810,0.73984,0.73998,1.00,1.00
2016.09.20 08:15:51.222,0.73982,0.73998,1.37,1.00
2016.09.20 08:15:51.323,0.73982,0.73998,1.12,1.12
2016.09.20 08:15:51.851,0.73983,0.73998,1.00,1.12
2016.09.20 08:15:52.544,0.73983,0.73998,1.00,1.00
2016.09.20 08:15:53.016,0.73984,0.73999,1.00,1.12
2016.09.20 08:15:53.817,0.73983,0.73998,1.00,1.00
2016.09.20 08:15:54.051,0.73983,0.73998,1.00,1.37
2016.09.20 08:15:54.391,0.73983,0.73998,1.12,1.12
2016.09.20 08:15:54.809,0.73983,0.73998,1.00,1.12
2016.09.20 08:15:54.860,0.73983,0.73998,1.00,1.00
2016.09.20 08:15:55.030,0.73983,0.73998,1.00,1.37
2016.09.20 08:15:55.155,0.73983,0.73998,1.12,1.12
2016.09.20 08:15:55.459,0.73983,0.73998,1.00,1.12
2016.09.20 08:15:55.524,0.73983,0.73998,1.12,1.12
2016.09.20 08:15:55.721,0.73982,0.73999,1.37,1.37
2016.09.20 08:15:55.921,0.73983,0.73999,1.12,1.37
2016.09.20 08:15:56.058,0.73983,0.73999,1.12,1.12
2016.09.20 08:15:56.125,0.73983,0.73999,1.12,1.37
2016.09.20 08:15:56.335,0.73983,0.73999,1.00,1.37
2016.09.20 08:15:56.722,0.73982,0.73998,1.00,1.12
2016.09.20 08:15:56.823,0.73982,0.73999,1.00,1.37
2016.09.20 08:15:56.963,0.73983,0.73998,1.00,1.12
2016.09.20 08:15:57.662,0.73983,0.73998,1.12,1.12
2016.09.20 08:15:57.824,0.73984,0.73998,1.00,1.12
2016.09.20 08:15:58.822,0.73984,0.73999,1.00,1.37
2016.09.20 08:15:58.873,0.73984,0.73999,1.12,1.12
2016.09.20 08:15:59.031,0.73984,0.73999,1.37,1.00
2016.09.20 08:15:59.267,0.73984,0.73999,1.12,1.12
2016.09.20 08:15:59.327,0.73984,0.73998,1.12,1.00
2016.09.20 08:15:59.378,0.73984,0.73998,1.00,1.12
2016.09.20 08:15:59.432,0.73984,0.73998,1.00,1.00
2016.09.20 08:15:59.680,0.73984,0.73998,1.00,1.37
2016.09.20 08:15:59.731,0.73985,0.74,1.00,1.37
2016.09.20 08:15:59.934,0.73982,0.74,1.37,1.12
2016.09.20 08:16:00.035,0.73982,0.74,1.37,1.37
2016.09.20 08:16:00.136,0.73982,0.74,1.12,1.37
2016.09.20 08:16:00.537,0.73981,0.73997,1.87,1.00
2016.09.20 08:16:00.588,0.73981,0.73997,1.12,1.00
2016.09.20 08:16:00.639,0.73981,0.73997,1.37,1.00
2016.09.20 08:16:00.740,0.73984,0.74,1.00,1.37
2016.09.20 08:16:00.971,0.73984,0.74,1.12,1.37
2016.09.20 08:16:01.075,0.73984,0.74,1.12,1.00
2016.09.20 08:16:01.137,0.73984,0.74,1.00,1.12
2016.09.20 08:16:01.698,0.73984,0.74,1.00,1.37
2016.09.20 08:16:01.883,0.73982,0.74,1.12,1.37
2016.09.20 08:16:01.933,0.73982,0.73998,1.12,1.00
2016.09.20 08:16:01.984,0.73982,0.73998,1.37,1.00
2016.09.20 08:16:02.239,0.73982,0.73998,1.12,1.12
2016.09.20 08:16:02.828,0.73982,0.73998,1.00,1.12
2016.09.20 08:16:03.935,0.73981,0.73997,1.00,1.00
2016.09.20 08:16:04.035,0.73978,0.73993,1.37,1.00
2016.09.20 08:16:04.086,0.73976,0.73993,1.87,1.00
2016.09.20 08:16:04.187,0.73976,0.73993,1.00,1.12
2016.09.20 08:16:04.246,0.73976,0.73993,1.00,1.37
2016.09.20 08:16:04.346,0.73975,0.73991,1.12,1.12
2016.09.20 08:16:04.436,0.73973,0.73988,1.37,1.00
2016.09.20 08:16:04.938,0.73969,0.73986,1.12,1.37
2016.09.20 08:16:04.994,0.73969,0.73986,1.37,1.37
2016.09.20 08:16:05.044,0.73971,0.73988,1.00,1.37
2016.09.20 08:16:05.095,0.73971,0.73988,1.37,1.37
2016.09.20 08:16:05.150,0.73971,0.73988,1.37,1.12
2016.09.20 08:16:05.352,0.73971,0.73988,1.12,1.00
2016.09.20 08:16:05.644,0.73969,0.73985,1.37,1.00
2016.09.20 08:16:05.694,0.73969,0.73985,1.37,1.12
2016.09.20 08:16:05.745,0.73968,0.73984,1.37,1.00
2016.09.20 08:16:05.894,0.73968,0.73984,1.37,1.12
2016.09.20 08:16:06.639,0.73969,0.73985,1.12,1.37
2016.09.20 08:16:06.755,0.73969,0.73985,1.00,1.37
2016.09.20 08:16:08.004,0.73966,0.73982,1.12,1.00
2016.09.20 08:16:08.055,0.73965,0.73981,1.37,1.00
2016.09.20 08:16:08.985,0.73964,0.73981,1.37,1.12
2016.09.20 08:16:09.327,0.73963,0.73981,1.37,1.72
2016.09.20 08:16:09.377,0.73961,0.73977,1.37,1.00
2016.09.20 08:16:09.505,0.73961,0.73977,1.12,1.12
2016.09.20 08:16:09.870,0.73961,0.73977,1.12,1.37
2016.09.20 08:16:10.308,0.73961,0.73977,1.00,1.37
2016.09.20 08:16:10.464,0.7396,0.73978,1.12,1.37
2016.09.20 08:16:10.514,0.7396,0.73978,1.37,1.37
2016.09.20 08:16:10.917,0.7396,0.73976,1.37,1.12
2016.09.20 08:16:11.267,0.7396,0.73976,1.37,1.00
2016.09.20 08:16:11.370,0.73958,0.73974,1.87,1.00
2016.09.20 08:16:11.531,0.73958,0.73974,1.37,1.00
2016.09.20 08:16:11.791,0.73956,0.73972,1.37,1.00
2016.09.20 08:16:12.771,0.73956,0.73972,1.00,1.00
2016.09.20 08:16:14.996,0.73953,0.73969,1.87,1.00
2016.09.20 08:16:15.097,0.73953,0.73969,1.37,1.00
2016.09.20 08:16:15.944,0.73953,0.73969,1.37,1.35
2016.09.20 08:16:15.994,0.7395,0.73966,2.62,1.00
2016.09.20 08:16:16.106,0.7395,0.73965,1.37,1.00
2016.09.20 08:16:16.158,0.7395,0.73967,1.87,1.00
2016.09.20 08:16:16.208,0.7395,0.73967,1.12,1.37
2016.09.20 08:16:16.309,0.7395,0.73967,1.37,1.12
2016.09.20 08:16:16.380,0.7395,0.73967,1.37,1.00
2016.09.20 08:16:16.625,0.7395,0.73967,1.12,1.00
2016.09.20 08:16:16.959,0.7395,0.73969,1.12,1.12
2016.09.20 08:16:17.172,0.73948,0.73965,1.37,1.00
2016.09.20 08:16:17.643,0.73946,0.73964,1.37,1.00
2016.09.20 08:16:17.799,0.73946,0.73964,1.12,1.37
2016.09.20 08:16:17.886,0.73946,0.73964,1.37,1.00
2016.09.20 08:16:18.495,0.73946,0.73964,1.87,1.00
2016.09.20 08:16:18.548,0.73948,0.73965,1.37,1.00
2016.09.20 08:16:18.764,0.7395,0.73967,1.12,1.00
2016.09.20 08:16:18.965,0.73951,0.73969,1.00,1.00
2016.09.20 08:16:19.016,0.73951,0.73969,1.12,1.37
2016.09.20 08:16:19.270,0.73951,0.73969,1.37,1.00
2016.09.20 08:16:19.321,0.73951,0.73969,1.37,1.12
2016.09.20 08:16:19.467,0.73951,0.73968,1.37,1.00
2016.09.20 08:16:19.698,0.73949,0.73968,1.87,1.00
2016.09.20 08:16:19.748,0.73948,0.73968,1.37,1.00
2016.09.20 08:16:19.799,0.73948,0.73968,1.37,1.37
2016.09.20 08:16:20.067,0.73949,0.73966,1.37,1.00
2016.09.20 08:16:20.377,0.7395,0.73967,1.12,1.12
2016.09.20 08:16:20.611,0.7395,0.73967,1.37,1.00
2016.09.20 08:16:20.796,0.7395,0.73967,1.12,1.12
2016.09.20 08:16:21.149,0.73952,0.73969,1.00,1.12
2016.09.20 08:16:21.200,0.73951,0.7397,1.37,1.12
2016.09.20 08:16:21.406,0.73951,0.7397,1.37,1.37
2016.09.20 08:16:21.507,0.73951,0.7397,1.12,1.37
2016.09.20 08:16:21.679,0.7395,0.73968,1.37,1.12
2016.09.20 08:16:22.275,0.73951,0.73969,1.12,1.37
2016.09.20 08:16:22.325,0.73951,0.73969,1.37,1.12
2016.09.20 08:16:22.400,0.73951,0.73969,1.37,1.37
2016.09.20 08:16:22.501,0.73951,0.73969,1.37,1.12
2016.09.20 08:16:22.601,0.73951,0.73969,1.12,1.37
2016.09.20 08:16:23.203,0.73951,0.73968,1.37,1.37
2016.09.20 08:16:23.378,0.73952,0.7397,1.12,1.87
2016.09.20 08:16:23.428,0.73952,0.7397,1.12,1.37
2016.09.20 08:16:23.504,0.73952,0.7397,1.37,1.37
2016.09.20 08:16:23.604,0.73952,0.73969,1.12,1.37
2016.09.20 08:16:24.143,0.73951,0.73968,1.00,1.12
2016.09.20 08:16:24.206,0.73951,0.73968,1.12,1.37
2016.09.20 08:16:24.307,0.73951,0.73968,1.37,1.37
2016.09.20 08:16:25.023,0.7395,0.73968,1.37,1.37
2016.09.20 08:16:25.074,0.73951,0.7397,1.87,1.37
2016.09.20 08:16:25.124,0.73953,0.73971,1.12,1.37
2016.09.20 08:16:25.175,0.73953,0.73971,1.12,1.97
2016.09.20 08:16:25.226,0.73952,0.7397,1.37,1.72
2016.09.20 08:16:25.326,0.73951,0.73968,1.37,1.12
2016.09.20 08:16:25.410,0.73951,0.73968,1.12,1.37
2016.09.20 08:16:26.486,0.73951,0.73969,1.12,1.37
2016.09.20 08:16:26.587,0.73953,0.7397,1.00,1.37
2016.09.20 08:16:27.041,0.73951,0.73968,1.12,1.37
2016.09.20 08:16:27.096,0.7395,0.73967,1.37,1.37
2016.09.20 08:16:27.290,0.73951,0.73967,1.12,1.37
2016.09.20 08:16:27.392,0.73952,0.73969,1.00,1.37
2016.09.20 08:16:27.442,0.73952,0.73969,1.12,1.37
2016.09.20 08:16:27.615,0.73952,0.73969,1.00,1.37
2016.09.20 08:16:27.716,0.7395,0.73967,1.37,1.12
2016.09.20 08:16:28.116,0.7395,0.73967,1.12,1.12
2016.09.20 08:16:28.181,0.7395,0.73967,1.87,1.12
2016.09.20 08:16:28.231,0.73951,0.73968,1.37,1.37
2016.09.20 08:16:28.453,0.7395,0.73967,1.87,1.12
2016.09.20 08:16:29.018,0.7395,0.73967,1.50,1.12
2016.09.20 08:16:29.119,0.7395,0.73967,1.87,1.12
2016.09.20 08:16:29.277,0.7395,0.73967,1.37,1.12
2016.09.20 08:16:29.515,0.7395,0.73967,1.12,1.12
2016.09.20 08:16:29.566,0.7395,0.73967,1.12,1.37
2016.09.20 08:16:29.617,0.73949,0.73966,1.37,1.37
2016.09.20 08:16:29.667,0.73949,0.73966,1.37,1.12
2016.09.20 08:16:29.822,0.73949,0.73966,1.37,1.00
2016.09.20 08:16:30.454,0.73949,0.73967,1.37,1.12
2016.09.20 08:16:30.699,0.73949,0.73968,1.37,1.37
2016.09.20 08:16:30.749,0.73949,0.73968,1.37,1.00
2016.09.20 08:16:30.800,0.7395,0.73969,1.37,1.12
2016.09.20 08:16:31.401,0.7395,0.73968,1.37,1.00
2016.09.20 08:16:31.575,0.7395,0.73968,1.37,1.12
2016.09.20 08:16:31.626,0.73952,0.73969,1.37,1.37
2016.09.20 08:16:31.676,0.73952,0.73969,1.12,1.00
2016.09.20 08:16:31.727,0.73953,0.7397,1.00,1.12
2016.09.20 08:16:31.778,0.73953,0.7397,1.37,1.00
2016.09.20 08:16:32.129,0.73953,0.7397,1.37,1.37
2016.09.20 08:16:32.305,0.73951,0.73968,1.87,1.00
2016.09.20 08:16:32.356,0.73951,0.73968,1.37,1.00
2016.09.20 08:16:32.430,0.73951,0.73968,1.37,1.12
2016.09.20 08:16:32.912,0.73951,0.73968,1.37,1.00
2016.09.20 08:16:33.530,0.73952,0.73969,1.37,1.00
2016.09.20 08:16:33.581,0.73947,0.73964,4.50,1.00
2016.09.20 08:16:33.633,0.73947,0.73964,2.62,1.00
2016.09.20 08:16:33.821,0.73947,0.73964,1.87,1.00
2016.09.20 08:16:34.054,0.73947,0.73964,1.37,1.00
2016.09.20 08:16:34.105,0.73949,0.73966,1.12,1.00
2016.09.20 08:16:34.156,0.7395,0.73967,1.12,1.37
2016.09.20 08:16:34.338,0.7395,0.73967,1.37,1.00
2016.09.20 08:16:34.438,0.7395,0.73967,1.37,1.12
2016.09.20 08:16:34.512,0.73951,0.73968,1.37,1.37
2016.09.20 08:16:34.900,0.73951,0.73968,1.12,1.37
2016.09.20 08:16:35.040,0.73951,0.73968,1.37,1.37
2016.09.20 08:16:35.214,0.73949,0.73968,1.37,1.37
2016.09.20 08:16:35.916,0.7395,0.73968,1.37,1.37
2016.09.20 08:16:36.995,0.73949,0.73967,1.37,1.12
2016.09.20 08:16:37.069,0.73949,0.73969,1.37,1.37
2016.09.20 08:16:37.120,0.73948,0.73968,3.75,1.37
2016.09.20 08:16:37.170,0.73948,0.73968,1.87,1.37
2016.09.20 08:16:37.221,0.73948,0.73968,1.87,1.72
2016.09.20 08:16:37.322,0.73948,0.73968,1.87,1.37
2016.09.20 08:16:37.772,0.7395,0.73969,1.37,3.00
2016.09.20 08:16:37.873,0.7395,0.73969,1.37,1.37
2016.09.20 08:16:38.050,0.7395,0.73969,3.00,1.12
2016.09.20 08:16:38.250,0.7395,0.73967,3.00,1.00
2016.09.20 08:16:38.351,0.73951,0.73968,1.37,1.00
2016.09.20 08:16:38.402,0.73951,0.73968,1.12,1.12
2016.09.20 08:16:38.619,0.73948,0.73965,1.37,1.00
2016.09.20 08:16:38.774,0.73947,0.73964,1.37,1.37
2016.09.20 08:16:38.879,0.73947,0.73964,1.37,1.12
2016.09.20 08:16:39.105,0.73947,0.73964,1.72,1.12
2016.09.20 08:16:39.155,0.73947,0.73965,1.72,1.37
2016.09.20 08:16:39.206,0.73948,0.73965,1.12,1.37
2016.09.20 08:16:39.256,0.73948,0.73966,1.87,1.37
2016.09.20 08:16:39.452,0.73948,0.73966,1.87,1.00
2016.09.20 08:16:39.503,0.73949,0.73966,1.37,1.12
2016.09.20 08:16:40.204,0.73949,0.73966,1.37,1.00
2016.09.20 08:16:40.655,0.73948,0.73966,1.87,1.12
2016.09.20 08:16:40.709,0.73948,0.73966,1.37,1.37
2016.09.20 08:16:41.178,0.73948,0.73966,1.37,1.12
2016.09.20 08:16:41.571,0.73946,0.73963,1.87,1.00
2016.09.20 08:16:41.634,0.73946,0.73962,1.37,1.00
2016.09.20 08:16:41.684,0.73945,0.73962,1.12,1.12
2016.09.20 08:16:41.912,0.73945,0.73962,1.12,1.37
2016.09.20 08:16:42.012,0.73945,0.73962,1.00,1.37
2016.09.20 08:16:42.063,0.73945,0.73962,1.00,3.00
2016.09.20 08:16:42.307,0.73943,0.73961,1.37,1.37
2016.09.20 08:16:42.641,0.73941,0.73961,3.00,1.37
2016.09.20 08:16:42.913,0.73941,0.73961,1.37,1.37
2016.09.20 08:16:43.448,0.73941,0.7396,1.37,1.37
2016.09.20 08:16:43.940,0.73942,0.73959,1.37,1.12
2016.09.20 08:16:44.179,0.73942,0.73959,1.12,1.37
2016.09.20 08:16:44.231,0.73941,0.73959,1.37,1.12
2016.09.20 08:16:44.342,0.7394,0.73959,3.00,1.12
2016.09.20 08:16:44.393,0.7394,0.73959,1.37,1.37
2016.09.20 08:16:44.983,0.73939,0.73959,1.37,1.37
2016.09.20 08:16:45.119,0.73939,0.73959,1.37,3.00
2016.09.20 08:16:45.345,0.73939,0.73957,1.37,1.37
2016.09.20 08:16:45.974,0.73939,0.73956,1.00,1.37
2016.09.20 08:16:46.397,0.73938,0.73955,1.37,1.37
2016.09.20 08:16:46.448,0.73939,0.73956,1.12,1.37
2016.09.20 08:16:46.498,0.73939,0.73956,1.37,1.37
2016.09.20 08:16:46.549,0.73939,0.73959,1.37,3.75
2016.09.20 08:16:46.599,0.73939,0.73959,1.37,1.87
2016.09.20 08:16:46.671,0.73939,0.73959,1.37,1.37
2016.09.20 08:16:47.449,0.73941,0.73957,1.37,1.12
2016.09.20 08:16:47.499,0.73941,0.73957,1.37,1.00
2016.09.20 08:16:48.174,0.7394,0.73956,1.37,1.00
2016.09.20 08:16:48.937,0.7394,0.73957,1.37,1.00
2016.09.20 08:16:49.327,0.7394,0.73956,1.12,1.00
2016.09.20 08:16:49.452,0.73939,0.73955,1.37,1.00
2016.09.20 08:16:49.953,0.7394,0.73956,1.12,1.00
2016.09.20 08:16:50.153,0.73938,0.73956,1.87,1.00
2016.09.20 08:16:50.254,0.73939,0.73955,1.37,1.00
2016.09.20 08:16:50.995,0.73938,0.73954,1.87,1.00
2016.09.20 08:16:51.081,0.73938,0.73954,1.37,1.00
2016.09.20 08:16:51.132,0.73938,0.73954,1.37,1.12
2016.09.20 08:16:51.182,0.73939,0.73955,1.12,1.37
2016.09.20 08:16:52.745,0.73939,0.73955,1.37,1.00
2016.09.20 08:16:53.689,0.7394,0.73956,1.37,1.00
2016.09.20 08:16:55.670,0.73941,0.73957,1.12,1.12
2016.09.20 08:16:56.293,0.73941,0.73957,1.37,1.12
2016.09.20 08:16:57.407,0.73942,0.73958,1.12,1.37
2016.09.20 08:16:57.594,0.73942,0.73958,1.37,1.00
2016.09.20 08:16:58.177,0.73943,0.73959,1.12,1.00
2016.09.20 08:16:58.377,0.73944,0.7396,1.00,1.00
2016.09.20 08:16:58.427,0.73944,0.7396,1.37,1.12
2016.09.20 08:16:58.978,0.73945,0.7396,1.12,1.12
2016.09.20 08:16:59.029,0.73945,0.7396,1.00,1.12
2016.09.20 08:16:59.504,0.73944,0.7396,1.37,1.00
2016.09.20 08:17:00.181,0.73944,0.73961,1.37,1.12
2016.09.20 08:17:00.500,0.73944,0.73961,1.37,1.37
2016.09.20 08:17:01.102,0.73944,0.73961,1.37,1.12
2016.09.20 08:17:01.707,0.73939,0.73957,1.87,1.12
2016.09.20 08:17:01.886,0.73941,0.73958,1.12,1.37
2016.09.20 08:17:01.987,0.73939,0.73957,1.87,1.37
2016.09.20 08:17:02.733,0.73941,0.73957,1.12,1.37
2016.09.20 08:17:02.911,0.73941,0.73957,1.12,1.12
2016.09.20 08:17:02.989,0.73942,0.73958,1.00,1.37
2016.09.20 08:17:03.040,0.73942,0.73958,1.12,1.12
2016.09.20 08:17:04.126,0.73941,0.73957,1.37,1.00
2016.09.20 08:17:04.662,0.73941,0.73956,1.37,1.00
2016.09.20 08:17:07.723,0.73939,0.73957,1.37,1.00
2016.09.20 08:17:07.800,0.73941,0.73955,1.37,1.00
2016.09.20 08:17:07.850,0.73941,0.73955,1.12,1.00
2016.09.20 08:17:08.801,0.73941,0.73957,1.12,1.00
2016.09.20 08:17:08.914,0.73941,0.73957,1.37,1.00
2016.09.20 08:17:09.804,0.73942,0.73957,1.12,1.00
2016.09.20 08:17:10.421,0.73942,0.73956,1.12,1.00
2016.09.20 08:17:12.709,0.73941,0.73956,1.37,1.00
2016.09.20 08:17:12.835,0.73941,0.73956,1.12,1.00
2016.09.20 08:17:13.010,0.73939,0.73955,1.72,1.00
2016.09.20 08:17:13.061,0.73939,0.73955,1.37,1.00
2016.09.20 08:17:13.111,0.73938,0.73955,3.00,1.00
2016.09.20 08:17:13.340,0.73938,0.73955,1.37,1.12
2016.09.20 08:17:13.739,0.7394,0.73955,1.12,1.12
2016.09.20 08:17:14.362,0.73941,0.73955,1.00,1.12
2016.09.20 08:17:14.627,0.73941,0.73955,1.00,1.00
2016.09.20 08:17:14.827,0.7394,0.73955,1.37,1.00
2016.09.20 08:17:15.351,0.73943,0.73958,1.00,1.00
2016.09.20 08:17:15.451,0.73944,0.73959,1.12,1.00
2016.09.20 08:17:15.552,0.73945,0.73962,1.37,1.37
2016.09.20 08:17:15.617,0.73947,0.73962,1.00,1.37
2016.09.20 08:17:15.668,0.73947,0.73962,1.00,1.12
2016.09.20 08:17:15.718,0.73948,0.73963,1.00,1.37
2016.09.20 08:17:15.769,0.73948,0.73963,1.00,1.00
2016.09.20 08:17:15.829,0.73948,0.73963,1.37,1.00
2016.09.20 08:17:16.485,0.73949,0.73964,1.37,1.00
2016.09.20 08:17:17.099,0.73948,0.73964,1.37,1.00
2016.09.20 08:17:17.789,0.73948,0.73963,1.37,1.00
2016.09.20 08:17:18.841,0.73949,0.73964,1.12,1.00
2016.09.20 08:17:19.411,0.73951,0.73965,1.00,1.00
2016.09.20 08:17:19.461,0.73951,0.73967,1.12,1.37
2016.09.20 08:17:19.745,0.73951,0.73967,1.00,1.37
2016.09.20 08:17:19.925,0.73951,0.73965,1.00,1.00
2016.09.20 08:17:20.025,0.73951,0.73967,1.00,1.37
2016.09.20 08:17:20.127,0.73951,0.73965,1.00,1.00
2016.09.20 08:17:20.747,0.73949,0.73966,1.37,1.37
2016.09.20 08:17:21.330,0.73948,0.73964,1.37,1.00
2016.09.20 08:17:21.431,0.7395,0.73966,1.00,1.37
2016.09.20 08:17:21.675,0.73948,0.73964,1.37,1.00
2016.09.20 08:17:21.731,0.73949,0.73966,1.12,1.37
2016.09.20 08:17:21.932,0.7395,0.73966,1.00,1.37
2016.09.20 08:17:22.742,0.73947,0.73964,1.37,1.00
2016.09.20 08:17:22.843,0.73949,0.73965,1.12,1.12
2016.09.20 08:17:23.034,0.73948,0.73963,1.37,1.00
2016.09.20 08:17:23.335,0.73949,0.73965,1.12,1.37
2016.09.20 08:17:23.436,0.73948,0.73964,1.37,1.12
2016.09.20 08:17:23.537,0.73948,0.73966,1.37,1.37
2016.09.20 08:17:23.805,0.73949,0.73965,1.37,1.12
2016.09.20 08:17:23.880,0.73947,0.73965,1.37,1.12
2016.09.20 08:17:24.854,0.73946,0.73962,1.37,1.00
2016.09.20 08:17:25.615,0.73947,0.73963,1.12,1.37
2016.09.20 08:17:25.666,0.73947,0.73962,1.12,1.00
2016.09.20 08:17:26.280,0.73947,0.73963,1.12,1.00
2016.09.20 08:17:26.544,0.73946,0.73961,1.37,1.00
2016.09.20 08:17:26.644,0.73947,0.73963,1.12,1.00
2016.09.20 08:17:26.844,0.73946,0.73962,1.37,1.00
2016.09.20 08:17:26.951,0.73946,0.73962,1.12,1.12
2016.09.20 08:17:27.766,0.73947,0.73963,1.00,1.37
2016.09.20 08:17:27.867,0.73945,0.73962,1.37,1.00
2016.09.20 08:17:27.953,0.73945,0.73962,1.37,1.12
2016.09.20 08:17:28.164,0.73946,0.73962,1.12,1.12
2016.09.20 08:17:28.449,0.73945,0.73962,1.37,1.12
2016.09.20 08:17:28.684,0.73945,0.73962,1.37,1.00
2016.09.20 08:17:30.521,0.73946,0.73963,1.37,1.12
2016.09.20 08:17:30.657,0.73946,0.73963,1.37,1.37
2016.09.20 08:17:30.757,0.73946,0.73963,1.37,1.12
2016.09.20 08:17:34.069,0.73945,0.73961,1.12,1.12
2016.09.20 08:17:34.170,0.73946,0.73962,1.00,1.37
2016.09.20 08:17:34.271,0.73946,0.73962,1.00,1.12
2016.09.20 08:17:34.376,0.73945,0.73961,1.37,1.12
2016.09.20 08:17:34.477,0.73945,0.73961,1.12,1.37
2016.09.20 08:17:34.578,0.73944,0.7396,1.37,1.00
2016.09.20 08:17:34.912,0.73944,0.73961,1.12,1.37
2016.09.20 08:17:35.380,0.73942,0.7396,1.37,1.12
2016.09.20 08:17:35.582,0.73944,0.7396,1.00,1.00
2016.09.20 08:17:36.009,0.73945,0.7396,1.37,1.00
2016.09.20 08:17:36.368,0.73944,0.73959,1.12,1.00
2016.09.20 08:17:37.517,0.73944,0.7396,1.12,1.00
2016.09.20 08:17:37.570,0.73945,0.73962,1.37,1.12
2016.09.20 08:17:37.671,0.73945,0.73962,1.12,1.37
2016.09.20 08:17:38.172,0.73945,0.73961,1.12,1.12
2016.09.20 08:17:38.372,0.73945,0.73961,1.12,1.37
2016.09.20 08:17:38.472,0.73945,0.73961,1.37,1.12
2016.09.20 08:17:38.946,0.73944,0.73962,1.87,1.37
2016.09.20 08:17:40.577,0.73944,0.73962,1.87,1.12
2016.09.20 08:17:40.860,0.73944,0.73962,1.12,1.12
2016.09.20 08:17:40.910,0.73942,0.73956,1.37,1.00
2016.09.20 08:17:41.011,0.73941,0.73956,2.25,1.00
2016.09.20 08:17:41.112,0.7394,0.73954,1.12,1.00
2016.09.20 08:17:41.163,0.73938,0.73954,1.87,1.00
2016.09.20 08:17:41.213,0.73938,0.73954,1.87,1.12
2016.09.20 08:17:41.281,0.73939,0.73955,1.12,1.37
2016.09.20 08:17:41.487,0.73937,0.73953,3.75,1.00
2016.09.20 08:17:41.588,0.73939,0.73955,1.12,1.37
2016.09.20 08:17:41.690,0.73939,0.73955,1.12,1.00
2016.09.20 08:17:41.791,0.73936,0.73953,1.37,1.00
2016.09.20 08:17:42.402,0.73938,0.73955,1.37,1.37
2016.09.20 08:17:42.503,0.73937,0.73954,1.37,1.00
2016.09.20 08:17:43.208,0.73939,0.73956,1.12,1.37
2016.09.20 08:17:43.309,0.73937,0.73957,1.72,1.37
2016.09.20 08:17:43.360,0.73937,0.73957,1.37,1.37
2016.09.20 08:17:43.410,0.73937,0.73955,1.37,1.12
2016.09.20 08:17:43.461,0.73937,0.73955,1.87,1.12
2016.09.20 08:17:43.511,0.73938,0.73956,1.37,1.37
2016.09.20 08:17:44.288,0.73938,0.73956,3.00,1.00
2016.09.20 08:17:44.394,0.73938,0.73956,1.37,1.00
2016.09.20 08:17:44.699,0.73939,0.73956,1.37,1.12
2016.09.20 08:17:44.990,0.73939,0.73956,1.37,1.00
2016.09.20 08:17:45.439,0.73939,0.73956,3.00,1.00
2016.09.20 08:17:45.661,0.73939,0.73958,3.00,1.12
2016.09.20 08:17:45.712,0.7394,0.73958,3.00,1.00
2016.09.20 08:17:45.891,0.73941,0.73958,1.37,1.00
2016.09.20 08:17:46.192,0.7394,0.73957,3.75,1.00
2016.09.20 08:17:46.893,0.73941,0.73957,1.37,1.00
2016.09.20 08:17:47.713,0.7394,0.73959,1.87,1.12
2016.09.20 08:17:47.764,0.7394,0.73959,1.37,1.12
2016.09.20 08:17:48.670,0.7394,0.73959,1.87,1.12
2016.09.20 08:17:48.721,0.73942,0.73958,1.37,1.00
2016.09.20 08:17:49.147,0.73941,0.7396,1.37,1.37
2016.09.20 08:17:49.201,0.73941,0.7396,3.00,1.12
2016.09.20 08:17:49.321,0.73942,0.7396,1.37,1.12
2016.09.20 08:17:49.371,0.73942,0.7396,1.87,1.12
2016.09.20 08:17:49.422,0.73942,0.7396,3.75,1.00
2016.09.20 08:17:49.498,0.73942,0.73958,3.75,1.00
2016.09.20 08:17:49.549,0.73942,0.73958,3.00,1.00
2016.09.20 08:17:49.773,0.73941,0.73958,1.37,1.00
2016.09.20 08:17:49.824,0.73941,0.73958,1.37,1.37
2016.09.20 08:17:49.925,0.73943,0.7396,1.12,1.37
2016.09.20 08:17:50.099,0.73942,0.73959,1.37,1.00
2016.09.20 08:17:50.150,0.73942,0.73959,3.00,1.00
2016.09.20 08:17:50.206,0.73942,0.73959,1.37,1.00
2016.09.20 08:17:50.601,0.73943,0.7396,1.37,1.12
2016.09.20 08:17:50.911,0.73944,0.73961,1.12,1.37
2016.09.20 08:17:51.252,0.73944,0.73961,1.37,1.12
2016.09.20 08:17:51.431,0.73943,0.73962,1.37,1.37
2016.09.20 08:17:51.671,0.73945,0.73961,1.12,1.12
2016.09.20 08:17:52.186,0.73944,0.7396,2.25,1.00
2016.09.20 08:17:52.404,0.73944,0.73962,2.25,1.12
2016.09.20 08:17:52.513,0.73943,0.73962,1.87,1.12
2016.09.20 08:17:52.614,0.73943,0.73962,3.75,1.12
2016.09.20 08:17:53.870,0.73943,0.73962,3.00,1.12
2016.09.20 08:17:54.307,0.73945,0.73961,1.37,1.00
2016.09.20 08:17:54.960,0.73945,0.73961,1.12,1.12
2016.09.20 08:17:55.010,0.73943,0.7396,1.87,1.00
2016.09.20 08:17:55.111,0.73943,0.73962,1.87,1.37
2016.09.20 08:17:55.212,0.73943,0.7396,1.87,1.00
2016.09.20 08:17:55.540,0.73943,0.7396,1.37,1.00
2016.09.20 08:17:55.751,0.73943,0.7396,1.87,1.00
2016.09.20 08:17:55.952,0.73943,0.73959,1.37,1.00
2016.09.20 08:17:56.061,0.7394,0.73955,2.25,1.00
2016.09.20 08:17:56.162,0.73939,0.73956,1.37,1.00
2016.09.20 08:17:56.481,0.73939,0.73956,1.37,1.37
2016.09.20 08:17:56.626,0.73939,0.73956,1.12,1.00
2016.09.20 08:17:56.826,0.73939,0.73956,1.37,1.00
2016.09.20 08:17:57.012,0.7394,0.73957,1.37,1.12
2016.09.20 08:17:57.290,0.7394,0.73957,1.37,1.37
2016.09.20 08:17:58.047,0.73939,0.73956,1.37,1.37
2016.09.20 08:17:59.833,0.73939,0.73956,1.37,1.12
2016.09.20 08:18:00.500,0.73939,0.73956,1.37,1.37
2016.09.20 08:18:00.550,0.7394,0.73958,1.12,1.37
2016.09.20 08:18:00.651,0.73943,0.73958,1.00,1.37
2016.09.20 08:18:00.752,0.73943,0.73958,1.12,1.00
2016.09.20 08:18:00.853,0.73943,0.73958,1.37,1.00
2016.09.20 08:18:00.969,0.73942,0.73958,1.12,1.00
2016.09.20 08:18:01.620,0.73941,0.73957,1.37,1.00
2016.09.20 08:18:01.922,0.73942,0.73958,1.12,1.00
2016.09.20 08:18:02.235,0.73941,0.73957,1.37,1.00
2016.09.20 08:18:02.664,0.73944,0.73959,1.00,1.37
2016.09.20 08:18:02.765,0.73945,0.73961,1.00,1.37
2016.09.20 08:18:02.823,0.73946,0.73962,1.00,3.00
2016.09.20 08:18:02.874,0.73946,0.73962,1.12,1.37
2016.09.20 08:18:02.943,0.73946,0.73962,1.37,1.00
2016.09.20 08:18:03.825,0.73945,0.73961,1.37,1.00
2016.09.20 08:18:03.926,0.73946,0.73964,1.37,1.37
2016.09.20 08:18:04.111,0.73948,0.73964,1.00,1.37
2016.09.20 08:18:04.166,0.73949,0.73967,1.37,1.12
2016.09.20 08:18:04.512,0.73948,0.73963,3.00,1.00
2016.09.20 08:18:04.562,0.73947,0.73963,1.37,1.00
2016.09.20 08:18:04.752,0.73947,0.73963,3.00,1.00
2016.09.20 08:18:05.059,0.73948,0.73964,1.37,1.00
2016.09.20 08:18:05.174,0.73948,0.73964,1.12,1.00
2016.09.20 08:18:05.332,0.73946,0.73964,1.87,1.00
2016.09.20 08:18:05.382,0.73946,0.73964,1.37,1.00
2016.09.20 08:18:06.029,0.73944,0.73963,3.75,1.00
2016.09.20 08:18:06.080,0.73944,0.73963,3.00,1.00
2016.09.20 08:18:06.271,0.73944,0.73963,3.75,1.00
2016.09.20 08:18:06.330,0.73946,0.73962,1.37,1.00
2016.09.20 08:18:06.530,0.73944,0.73963,3.75,1.00
2016.09.20 08:18:07.531,0.73946,0.73962,1.37,1.00
2016.09.20 08:18:07.964,0.73944,0.73962,3.75,1.00
2016.09.20 08:18:08.015,0.73944,0.73962,3.00,1.00
2016.09.20 08:18:08.458,0.73944,0.7396,1.37,1.00
2016.09.20 08:18:09.135,0.73943,0.7396,1.37,1.00
2016.09.20 08:18:09.603,0.73943,0.7396,1.37,1.12
2016.09.20 08:18:09.864,0.73943,0.7396,1.12,1.12
2016.09.20 08:18:10.137,0.73944,0.73959,1.00,1.00
2016.09.20 08:18:10.574,0.73944,0.73959,1.37,1.00
2016.09.20 08:18:10.776,0.73945,0.73962,1.37,1.12
2016.09.20 08:18:12.172,0.73945,0.73962,1.37,1.00
2016.09.20 08:18:12.273,0.73945,0.73962,1.37,1.12
2016.09.20 08:18:12.443,0.73946,0.73961,1.37,1.00
2016.09.20 08:18:12.988,0.73948,0.73964,1.12,1.00
2016.09.20 08:18:13.045,0.73949,0.73965,1.00,1.12
2016.09.20 08:18:13.177,0.73949,0.73965,1.37,1.12
2016.09.20 08:18:13.468,0.73951,0.73969,1.37,1.37
2016.09.20 08:18:13.519,0.73951,0.73969,1.37,1.72
2016.09.20 08:18:13.670,0.73951,0.73969,1.37,1.12
2016.09.20 08:18:13.720,0.73951,0.73969,1.12,1.37
2016.09.20 08:18:13.771,0.73949,0.73967,1.37,1.37
2016.09.20 08:18:13.983,0.73951,0.73967,1.12,1.37
2016.09.20 08:18:14.361,0.7395,0.73966,1.37,1.12
2016.09.20 08:18:14.750,0.73951,0.73967,1.12,1.37
2016.09.20 08:18:14.800,0.73951,0.73967,1.00,1.12
2016.09.20 08:18:15.189,0.7395,0.73966,1.00,1.00
2016.09.20 08:18:15.686,0.7395,0.73966,1.00,1.37
2016.09.20 08:18:16.043,0.7395,0.73966,1.12,1.37
2016.09.20 08:18:16.195,0.73949,0.73965,1.12,1.12
2016.09.20 08:18:16.287,0.73949,0.73965,1.12,1.37
2016.09.20 08:18:16.494,0.73948,0.73964,1.00,1.37
2016.09.20 08:18:16.595,0.73945,0.73961,1.87,1.00
2016.09.20 08:18:16.646,0.73945,0.73961,1.37,1.00
2016.09.20 08:18:16.891,0.73943,0.73959,1.87,1.12
2016.09.20 08:18:16.942,0.73943,0.73959,1.12,1.12
2016.09.20 08:18:17.370,0.73944,0.7396,1.00,1.37
2016.09.20 08:18:17.452,0.73944,0.7396,1.00,1.12
2016.09.20 08:18:17.502,0.73944,0.73962,1.12,1.37
2016.09.20 08:18:17.603,0.73944,0.73962,1.37,1.12
2016.09.20 08:18:18.580,0.73946,0.73962,1.37,1.12
2016.09.20 08:18:18.884,0.73946,0.73961,1.00,1.12
2016.09.20 08:18:19.595,0.73946,0.73961,1.12,1.00
2016.09.20 08:18:20.279,0.73946,0.73963,1.12,1.37
2016.09.20 08:18:20.329,0.73946,0.73963,1.37,1.37
2016.09.20 08:18:20.380,0.73946,0.73961,1.37,1.00
2016.09.20 08:18:20.430,0.73946,0.73961,1.12,1.00
2016.09.20 08:18:20.481,0.73947,0.73962,1.00,1.12
2016.09.20 08:18:20.920,0.73946,0.73961,1.12,1.00
2016.09.20 08:18:21.404,0.73945,0.73959,1.12,1.00
2016.09.20 08:18:21.505,0.73945,0.73959,1.00,1.00
2016.09.20 08:18:22.033,0.73944,0.73959,1.00,1.00
2016.09.20 08:18:22.286,0.73943,0.73958,1.12,1.00
2016.09.20 08:18:22.337,0.73943,0.73958,1.37,1.00
2016.09.20 08:18:22.402,0.73943,0.73958,1.12,1.00
2016.09.20 08:18:22.629,0.73944,0.73959,1.00,1.12
2016.09.20 08:18:22.680,0.73945,0.7396,1.00,1.37
2016.09.20 08:18:22.731,0.73945,0.7396,1.00,1.00
2016.09.20 08:18:22.802,0.73945,0.7396,1.12,1.00
2016.09.20 08:18:23.619,0.73945,0.7396,1.12,1.12
2016.09.20 08:18:23.970,0.73945,0.7396,1.12,1.00
2016.09.20 08:18:24.512,0.73943,0.73958,1.37,1.00
2016.09.20 08:18:24.613,0.73944,0.73959,1.00,1.00
2016.09.20 08:18:24.714,0.73943,0.73958,1.12,1.00
2016.09.20 08:18:24.850,0.73943,0.73958,1.00,1.00
2016.09.20 08:18:24.900,0.73942,0.73957,1.12,1.00
2016.09.20 08:18:25.052,0.73942,0.73957,1.00,1.00
2016.09.20 08:18:26.484,0.73943,0.73958,1.00,1.00
2016.09.20 08:18:26.638,0.73943,0.73958,1.12,1.12
2016.09.20 08:18:26.689,0.73942,0.73957,1.37,1.00
2016.09.20 08:18:27.040,0.73941,0.73956,1.12,1.00
2016.09.20 08:18:27.112,0.73941,0.73956,1.37,1.00
2016.09.20 08:18:27.500,0.73941,0.73956,1.12,1.00
2016.09.20 08:18:27.693,0.73939,0.73954,1.37,1.00
2016.09.20 08:18:27.794,0.73941,0.73955,1.12,1.00
2016.09.20 08:18:27.845,0.73941,0.73955,1.00,1.00
2016.09.20 08:18:27.896,0.7394,0.73956,1.12,1.12
2016.09.20 08:18:27.947,0.7394,0.73956,1.00,1.37
2016.09.20 08:18:28.237,0.7394,0.73956,1.37,1.00
2016.09.20 08:18:28.692,0.7394,0.73957,1.37,1.12
2016.09.20 08:18:29.050,0.73941,0.73957,1.12,1.12
2016.09.20 08:18:29.300,0.7394,0.73957,1.37,1.12
2016.09.20 08:18:29.594,0.7394,0.73955,1.37,1.00
2016.09.20 08:18:29.644,0.7394,0.73955,1.12,1.00
2016.09.20 08:18:29.718,0.7394,0.73955,1.00,1.37
2016.09.20 08:18:29.972,0.7394,0.73955,1.12,1.00
2016.09.20 08:18:30.097,0.73939,0.73954,1.37,1.00
2016.09.20 08:18:30.669,0.73937,0.73955,1.37,1.12
2016.09.20 08:18:30.799,0.73939,0.73955,1.12,1.12
2016.09.20 08:18:31.033,0.73938,0.73954,1.37,1.12
2016.09.20 08:18:31.356,0.73938,0.73954,1.12,1.37
2016.09.20 08:18:31.723,0.73938,0.73954,1.37,1.12
2016.09.20 08:18:32.424,0.73938,0.73954,1.37,1.00
2016.09.20 08:18:32.639,0.73939,0.73955,1.12,1.12
2016.09.20 08:18:33.721,0.7394,0.73956,1.00,1.37
2016.09.20 08:18:34.130,0.7394,0.73956,1.12,1.12
2016.09.20 08:18:34.180,0.73939,0.73955,1.12,1.00
2016.09.20 08:18:34.231,0.73938,0.73954,1.37,1.00
2016.09.20 08:18:35.206,0.73936,0.73952,1.87,1.00
2016.09.20 08:18:35.307,0.73937,0.73953,1.37,1.00
2016.09.20 08:18:35.841,0.73938,0.73954,1.37,1.00
2016.09.20 08:18:35.942,0.73936,0.73954,3.75,1.00
2016.09.20 08:18:36.043,0.73936,0.73954,1.87,1.12
2016.09.20 08:18:36.409,0.73938,0.73954,1.37,1.12
2016.09.20 08:18:37.684,0.73938,0.73954,1.37,1.00
2016.09.20 08:18:38.638,0.73938,0.73954,1.37,1.12
2016.09.20 08:18:39.714,0.73939,0.73955,1.12,1.37
2016.09.20 08:18:40.516,0.73939,0.73954,1.12,1.12
2016.09.20 08:18:40.742,0.73939,0.73954,1.00,1.00
2016.09.20 08:18:42.688,0.73939,0.73954,1.00,1.37
2016.09.20 08:18:43.043,0.73941,0.73956,1.00,1.37
2016.09.20 08:18:43.147,0.73941,0.73956,1.00,1.00
2016.09.20 08:18:43.421,0.73941,0.73957,1.00,1.12
2016.09.20 08:18:43.924,0.7394,0.73957,1.12,1.12
2016.09.20 08:18:44.194,0.73942,0.73957,1.00,1.12
2016.09.20 08:18:44.424,0.73941,0.73956,1.00,1.00
2016.09.20 08:18:44.524,0.7394,0.73955,1.12,1.00
2016.09.20 08:18:44.974,0.73939,0.73954,1.37,1.00
2016.09.20 08:18:45.174,0.73937,0.73954,1.37,1.00
2016.09.20 08:18:45.390,0.73937,0.73954,1.12,1.12
2016.09.20 08:18:45.528,0.73937,0.73953,1.12,1.00
2016.09.20 08:18:45.873,0.73936,0.73951,1.12,1.00
2016.09.20 08:18:46.075,0.73935,0.73953,1.37,1.37
2016.09.20 08:18:46.125,0.73936,0.73953,1.30,1.37
2016.09.20 08:18:46.176,0.73937,0.73953,1.00,1.37
2016.09.20 08:18:46.313,0.73937,0.73953,1.37,1.12
2016.09.20 08:18:46.414,0.73937,0.73953,1.12,1.00
2016.09.20 08:18:46.530,0.73938,0.73954,1.00,1.00
2016.09.20 08:18:46.871,0.73937,0.73953,1.12,1.00
2016.09.20 08:18:47.065,0.73934,0.73954,2.47,1.00
2016.09.20 08:18:47.115,0.73935,0.73954,1.37,1.00
2016.09.20 08:18:47.216,0.73935,0.73952,2.25,1.00
2016.09.20 08:18:47.267,0.73937,0.73953,1.37,1.00
2016.09.20 08:18:47.317,0.73937,0.73953,1.37,1.12
2016.09.20 08:18:47.855,0.73937,0.73953,1.37,1.00
2016.09.20 08:18:47.928,0.73937,0.73953,1.12,1.00
2016.09.20 08:18:48.173,0.73937,0.73953,1.37,1.12
2016.09.20 08:18:48.375,0.73938,0.73954,1.12,1.37
2016.09.20 08:18:48.426,0.73938,0.73954,1.00,1.37
2016.09.20 08:18:48.634,0.73937,0.73953,1.12,1.37
2016.09.20 08:18:48.696,0.73937,0.73953,1.37,1.00
2016.09.20 08:18:48.877,0.73937,0.73953,1.37,1.12
2016.09.20 08:18:49.235,0.73937,0.73955,1.37,1.37
2016.09.20 08:18:50.640,0.73937,0.73955,1.12,1.37
2016.09.20 08:18:50.891,0.73937,0.73955,1.37,1.37
2016.09.20 08:18:51.174,0.73938,0.73954,1.12,1.12
2016.09.20 08:18:51.837,0.73938,0.73954,1.37,1.00
2016.09.20 08:18:51.888,0.73939,0.73955,1.37,1.12
2016.09.20 08:18:51.938,0.73939,0.73955,3.00,1.00
2016.09.20 08:18:51.989,0.73941,0.73957,1.37,1.12
2016.09.20 08:18:52.041,0.73939,0.73957,3.00,1.12
2016.09.20 08:18:52.092,0.73939,0.73957,3.00,1.00
2016.09.20 08:18:53.042,0.7394,0.73955,1.37,1.00
2016.09.20 08:18:53.655,0.73941,0.73956,1.12,1.00
2016.09.20 08:18:53.798,0.73941,0.73956,1.37,1.00
2016.09.20 08:18:53.849,0.7394,0.73958,1.37,1.00
2016.09.20 08:18:54.080,0.7394,0.73958,1.87,1.00
2016.09.20 08:18:54.244,0.73942,0.73956,1.12,1.00
2016.09.20 08:18:54.749,0.73942,0.73958,1.12,1.00
2016.09.20 08:18:58.277,0.73941,0.73955,1.37,1.00
2016.09.20 08:18:58.428,0.73941,0.73956,1.12,1.12
2016.09.20 08:18:58.478,0.7394,0.73955,1.87,1.00
2016.09.20 08:18:58.579,0.7394,0.73955,1.37,1.00
2016.09.20 08:18:59.000,0.73939,0.73953,1.37,1.00
2016.09.20 08:18:59.051,0.73939,0.73953,1.00,1.00
2016.09.20 08:18:59.413,0.73938,0.73952,1.00,1.12
2016.09.20 08:18:59.464,0.73937,0.73951,1.00,1.00
2016.09.20 08:18:59.514,0.73937,0.73951,1.12,1.00
2016.09.20 08:18:59.748,0.73934,0.73949,1.00,1.12
2016.09.20 08:18:59.914,0.73934,0.73949,1.12,1.00
2016.09.20 08:19:00.115,0.73934,0.73949,1.37,1.00
2016.09.20 08:19:00.782,0.73933,0.73949,1.37,1.00
2016.09.20 08:19:00.856,0.73932,0.73948,3.75,1.00
2016.09.20 08:19:00.957,0.73934,0.7395,1.37,1.12
2016.09.20 08:19:01.042,0.73934,0.7395,1.12,1.12
2016.09.20 08:19:01.093,0.73934,0.73951,1.12,1.37
2016.09.20 08:19:01.143,0.73934,0.73951,1.12,1.12
2016.09.20 08:19:01.194,0.73933,0.73951,1.37,1.12
2016.09.20 08:19:01.443,0.73933,0.73951,1.37,1.37
2016.09.20 08:19:01.619,0.73933,0.73951,1.00,1.37
2016.09.20 08:19:01.864,0.73933,0.73949,1.00,1.00
2016.09.20 08:19:02.021,0.73933,0.73949,1.37,1.12
2016.09.20 08:19:02.337,0.73933,0.73949,1.12,1.12
2016.09.20 08:19:02.387,0.73932,0.73948,1.37,1.00
2016.09.20 08:19:02.438,0.73932,0.73948,1.37,1.12
2016.09.20 08:19:02.860,0.73932,0.73947,1.37,1.00
2016.09.20 08:19:03.167,0.73932,0.73948,1.37,1.12
2016.09.20 08:19:03.268,0.73932,0.7395,1.37,1.37
2016.09.20 08:19:03.319,0.73932,0.7395,1.87,1.37
2016.09.20 08:19:03.369,0.73932,0.7395,3.75,1.00
2016.09.20 08:19:03.474,0.73933,0.73947,2.25,1.00
2016.09.20 08:19:04.037,0.7393,0.73947,3.75,1.00
2016.09.20 08:19:04.141,0.7393,0.73947,1.87,1.00
2016.09.20 08:19:04.334,0.7393,0.73947,1.37,1.12
2016.09.20 08:19:04.384,0.73928,0.73943,3.00,1.00
2016.09.20 08:19:04.435,0.73928,0.73943,1.00,1.12
2016.09.20 08:19:04.578,0.73927,0.73942,1.00,1.00
2016.09.20 08:19:05.266,0.73928,0.73944,1.00,1.37
2016.09.20 08:19:05.330,0.73928,0.73944,1.00,1.12
2016.09.20 08:19:05.803,0.73928,0.73946,1.00,1.37
2016.09.20 08:19:05.854,0.73928,0.73946,1.12,1.37
2016.09.20 08:19:05.932,0.73928,0.73946,1.37,1.37
2016.09.20 08:19:05.982,0.73928,0.73945,1.37,1.12
2016.09.20 08:19:06.133,0.73928,0.73945,1.37,1.37
2016.09.20 08:19:06.232,0.73928,0.73945,1.12,1.37
2016.09.20 08:19:06.384,0.73928,0.73943,1.12,1.00
2016.09.20 08:19:06.434,0.73928,0.73943,1.12,1.12
2016.09.20 08:19:06.485,0.73927,0.73942,1.37,1.00
2016.09.20 08:19:06.535,0.73927,0.73942,1.12,1.00
2016.09.20 08:19:06.966,0.73928,0.73943,1.37,1.00
2016.09.20 08:19:07.337,0.73929,0.73944,1.12,1.00
2016.09.20 08:19:07.473,0.73928,0.73943,1.37,1.00
2016.09.20 08:19:07.761,0.73928,0.73943,1.00,3.75
2016.09.20 08:19:07.811,0.73925,0.73943,1.00,3.00
2016.09.20 08:19:07.862,0.73925,0.73942,1.00,2.25
2016.09.20 08:19:07.912,0.73924,0.73941,1.00,1.37
2016.09.20 08:19:07.963,0.73924,0.73941,1.12,1.37
2016.09.20 08:19:08.075,0.73924,0.73941,1.00,1.37
2016.09.20 08:19:08.139,0.73924,0.73941,1.12,1.37
2016.09.20 08:19:08.189,0.73924,0.73941,1.87,1.37
2016.09.20 08:19:08.292,0.73925,0.73941,1.00,1.37
2016.09.20 08:19:08.746,0.73924,0.7394,1.12,1.37
2016.09.20 08:19:10.562,0.73924,0.7394,1.37,1.00
2016.09.20 08:19:10.663,0.73925,0.73941,1.37,1.12
2016.09.20 08:19:10.745,0.73925,0.73941,1.37,1.00
2016.09.20 08:19:10.795,0.73926,0.73942,1.37,1.12
2016.09.20 08:19:10.846,0.73926,0.73942,1.12,1.37
2016.09.20 08:19:11.023,0.73925,0.7394,1.37,1.00
2016.09.20 08:19:11.074,0.73925,0.7394,1.12,1.00
2016.09.20 08:19:11.786,0.73924,0.7394,1.37,1.00
2016.09.20 08:19:12.098,0.73922,0.73937,3.75,1.00
2016.09.20 08:19:12.148,0.73922,0.73937,3.00,1.00
2016.09.20 08:19:12.348,0.73922,0.73937,1.37,1.00
2016.09.20 08:19:12.421,0.73917,0.73934,1.37,1.00
2016.09.20 08:19:12.550,0.73917,0.73934,1.37,1.37
2016.09.20 08:19:15.494,0.73919,0.73934,1.00,1.37
2016.09.20 08:19:15.707,0.73919,0.73935,1.12,1.37
2016.09.20 08:19:16.450,0.73919,0.73935,1.37,1.00
2016.09.20 08:19:16.508,0.73918,0.73933,3.00,1.00
2016.09.20 08:19:16.770,0.73918,0.73933,1.00,1.37
2016.09.20 08:19:17.300,0.73919,0.73935,1.00,3.00
2016.09.20 08:19:17.400,0.73919,0.73935,1.00,1.37
2016.09.20 08:19:17.624,0.7392,0.73935,1.12,1.00
2016.09.20 08:19:18.113,0.73921,0.73936,1.37,1.00
2016.09.20 08:19:18.506,0.73921,0.73936,1.12,1.00
2016.09.20 08:19:19.694,0.73921,0.73936,1.00,1.00
2016.09.20 08:19:19.763,0.7392,0.73936,1.12,1.00
2016.09.20 08:19:19.916,0.73918,0.73934,1.12,1.12
2016.09.20 08:19:20.018,0.73917,0.73932,1.12,1.00
2016.09.20 08:19:20.069,0.73917,0.73932,1.00,1.37
2016.09.20 08:19:20.119,0.73916,0.73931,1.00,1.12
2016.09.20 08:19:20.408,0.73914,0.7393,1.87,1.00
2016.09.20 08:19:20.521,0.73916,0.73931,1.12,1.12
2016.09.20 08:19:20.572,0.73916,0.73931,1.00,1.12
2016.09.20 08:19:20.622,0.73919,0.73934,1.00,3.00
2016.09.20 08:19:20.673,0.73919,0.73934,1.00,1.12
2016.09.20 08:19:20.820,0.73919,0.73934,1.12,1.12
2016.09.20 08:19:21.020,0.73919,0.73934,1.00,1.37
2016.09.20 08:19:21.302,0.73919,0.73934,1.00,1.12
2016.09.20 08:19:21.383,0.73917,0.73934,1.12,1.12
2016.09.20 08:19:21.608,0.73918,0.73933,1.00,1.00
2016.09.20 08:19:22.123,0.73919,0.73933,1.00,1.00
2016.09.20 08:19:22.322,0.73918,0.73934,1.00,1.12
2016.09.20 08:19:22.372,0.73918,0.73934,1.12,1.37
2016.09.20 08:19:22.435,0.73917,0.73933,1.00,1.00
2016.09.20 08:19:22.843,0.73917,0.73933,1.12,1.12
2016.09.20 08:19:22.893,0.73917,0.73933,1.37,1.12
2016.09.20 08:19:22.944,0.73915,0.73933,1.37,1.12
2016.09.20 08:19:22.994,0.73915,0.73933,1.37,1.00
2016.09.20 08:19:23.045,0.73915,0.73931,1.37,1.00
2016.09.20 08:19:23.430,0.73913,0.73929,1.37,1.00
2016.09.20 08:19:23.480,0.73913,0.73929,1.37,1.12
2016.09.20 08:19:23.626,0.73913,0.73929,1.12,1.12
2016.09.20 08:19:23.677,0.73913,0.73929,1.37,1.12
2016.09.20 08:19:24.115,0.73913,0.7393,1.37,1.37
2016.09.20 08:19:25.179,0.73913,0.7393,1.37,1.00
2016.09.20 08:19:25.801,0.73914,0.7393,1.37,1.00
2016.09.20 08:19:25.880,0.73914,0.7393,1.37,1.12
2016.09.20 08:19:26.819,0.73913,0.7393,1.37,1.12
2016.09.20 08:19:29.175,0.73914,0.7393,1.37,1.12
2016.09.20 08:19:29.225,0.73914,0.7393,1.37,1.00
2016.09.20 08:19:29.769,0.73915,0.7393,1.37,1.00
2016.09.20 08:19:30.327,0.73913,0.7393,3.00,1.00
2016.09.20 08:19:30.795,0.73913,0.7393,1.37,1.00
2016.09.20 08:19:30.896,0.73914,0.73928,1.00,1.00
2016.09.20 08:19:31.125,0.7391,0.73926,1.37,1.12
2016.09.20 08:19:31.176,0.73909,0.73924,1.37,1.00
2016.09.20 08:19:31.397,0.7391,0.73925,1.12,1.00
2016.09.20 08:19:32.103,0.7391,0.73925,1.37,1.00
2016.09.20 08:19:32.632,0.7391,0.73926,1.37,1.00
2016.09.20 08:19:32.682,0.73912,0.73927,1.12,1.00
2016.09.20 08:19:33.103,0.73912,0.73927,1.37,1.00
2016.09.20 08:19:33.866,0.73911,0.73926,1.37,1.00
2016.09.20 08:19:35.266,0.7391,0.73926,3.00,1.00
2016.09.20 08:19:35.336,0.73911,0.73927,1.37,1.00
2016.09.20 08:19:35.471,0.7391,0.73927,3.75,1.00
2016.09.20 08:19:36.063,0.7391,0.73928,3.75,1.00
2016.09.20 08:19:36.238,0.73911,0.73928,1.37,1.00
2016.09.20 08:19:36.839,0.73912,0.73926,1.37,1.00
2016.09.20 08:19:37.340,0.73911,0.73927,1.37,1.00
2016.09.20 08:19:37.561,0.73911,0.73927,3.00,1.00
2016.09.20 08:19:37.662,0.73914,0.73929,1.12,1.12
2016.09.20 08:19:37.717,0.73914,0.73929,1.37,1.00
2016.09.20 08:19:37.969,0.73916,0.73932,1.12,1.37
2016.09.20 08:19:38.020,0.73916,0.73932,1.37,1.00
2016.09.20 08:19:38.070,0.73918,0.73933,1.00,1.12
2016.09.20 08:19:38.219,0.73918,0.73933,1.12,1.00
2016.09.20 08:19:38.537,0.73916,0.73932,1.12,1.00
2016.09.20 08:19:38.587,0.73914,0.73932,1.87,1.00
2016.09.20 08:19:38.829,0.73914,0.73932,1.37,1.00
2016.09.20 08:19:38.980,0.73917,0.73933,1.00,1.12
2016.09.20 08:19:39.031,0.73917,0.73933,1.00,1.37
2016.09.20 08:19:39.152,0.73918,0.73934,1.12,1.37
2016.09.20 08:19:39.616,0.73918,0.73934,1.37,1.00
2016.09.20 08:19:40.145,0.73919,0.73934,1.12,1.00
2016.09.20 08:19:40.224,0.73919,0.73934,1.12,1.12
2016.09.20 08:19:40.325,0.73919,0.73934,1.12,1.00
2016.09.20 08:19:40.621,0.73919,0.73934,1.12,1.12
2016.09.20 08:19:41.396,0.73918,0.73936,1.37,1.37
2016.09.20 08:19:41.446,0.73918,0.73936,1.12,1.12
2016.09.20 08:19:41.526,0.73918,0.73936,1.37,1.37
2016.09.20 08:19:41.755,0.73918,0.73936,1.12,1.12
2016.09.20 08:19:41.952,0.73921,0.73937,1.00,1.37
2016.09.20 08:19:42.154,0.73921,0.73937,1.37,1.12
2016.09.20 08:19:42.229,0.73921,0.73937,1.37,1.00
2016.09.20 08:19:42.666,0.73919,0.73937,1.37,1.12
2016.09.20 08:19:42.716,0.73921,0.73937,1.00,1.12
2016.09.20 08:19:42.767,0.7392,0.73936,1.00,1.00
2016.09.20 08:19:42.829,0.7392,0.73936,1.37,1.00
2016.09.20 08:19:42.931,0.7392,0.73936,1.37,1.12
2016.09.20 08:19:43.153,0.73921,0.73937,1.12,1.37
2016.09.20 08:19:43.254,0.73921,0.73936,1.12,1.12
2016.09.20 08:19:43.331,0.73921,0.73936,1.37,1.00
2016.09.20 08:19:43.733,0.73919,0.73935,1.37,1.00
2016.09.20 08:19:43.991,0.7392,0.73936,1.12,1.00
2016.09.20 08:19:44.042,0.7392,0.73936,1.12,1.37
2016.09.20 08:19:44.132,0.7392,0.73936,1.37,1.00
2016.09.20 08:19:44.853,0.7392,0.73935,1.37,1.00
2016.09.20 08:19:45.296,0.73921,0.73936,1.12,1.00
2016.09.20 08:19:46.248,0.73919,0.73936,1.37,1.00
2016.09.20 08:19:46.299,0.73919,0.73936,1.37,1.12
2016.09.20 08:19:46.400,0.73917,0.73932,3.00,1.00
2016.09.20 08:19:46.450,0.73917,0.73932,1.37,1.00
2016.09.20 08:19:46.572,0.73915,0.73932,1.37,1.12
2016.09.20 08:19:46.638,0.73915,0.73932,1.37,1.37
2016.09.20 08:19:46.739,0.73915,0.73932,1.12,1.37
2016.09.20 08:19:47.368,0.73915,0.73932,1.37,1.12
2016.09.20 08:19:48.473,0.73916,0.73934,1.00,3.00
2016.09.20 08:19:48.574,0.73918,0.73934,1.00,1.37
2016.09.20 08:19:48.642,0.73918,0.73934,1.12,1.12
2016.09.20 08:19:48.693,0.73917,0.73932,1.37,1.00
2016.09.20 08:19:49.175,0.73917,0.73932,1.12,1.12
2016.09.20 08:19:49.366,0.73916,0.73932,1.37,1.12
2016.09.20 08:19:49.647,0.73916,0.73932,1.37,1.00
2016.09.20 08:19:50.913,0.73919,0.73934,1.12,1.12
2016.09.20 08:19:51.289,0.73918,0.73935,1.37,1.12
2016.09.20 08:19:51.390,0.73918,0.73935,1.37,1.00
2016.09.20 08:19:51.447,0.73918,0.73935,1.37,1.12
2016.09.20 08:19:51.973,0.73917,0.73934,1.37,1.00
2016.09.20 08:19:52.304,0.73916,0.73933,3.75,1.00
2016.09.20 08:19:52.712,0.73918,0.73933,1.37,1.00
2016.09.20 08:19:52.775,0.73918,0.73933,1.12,1.00
2016.09.20 08:19:54.378,0.73917,0.73934,1.37,1.12
2016.09.20 08:19:54.478,0.73917,0.73932,1.37,1.00
2016.09.20 08:19:55.661,0.73919,0.73936,1.00,1.37
2016.09.20 08:19:55.764,0.73919,0.73936,1.12,1.37
2016.09.20 08:19:55.815,0.73919,0.73934,1.12,1.00
2016.09.20 08:19:55.865,0.73919,0.73934,1.37,1.00
2016.09.20 08:19:56.056,0.73919,0.73934,1.00,1.12
2016.09.20 08:19:56.107,0.73919,0.73934,1.12,1.00
2016.09.20 08:19:56.157,0.73919,0.73934,1.37,1.00
2016.09.20 08:19:56.270,0.73919,0.73934,1.12,1.00
2016.09.20 08:19:56.583,0.73918,0.73934,1.37,1.00
2016.09.20 08:19:57.558,0.73918,0.73934,1.37,1.12
2016.09.20 08:19:57.609,0.73919,0.73934,1.12,1.12
2016.09.20 08:19:57.659,0.73919,0.73934,1.12,1.00
2016.09.20 08:19:58.960,0.73919,0.73934,1.12,1.12
2016.09.20 08:19:59.428,0.73919,0.73934,1.00,1.00
2016.09.20 08:19:59.826,0.73921,0.73936,1.00,1.12
2016.09.20 08:20:00.362,0.73921,0.73936,1.00,1.37
2016.09.20 08:20:01.229,0.73921,0.73937,1.00,1.37
2016.09.20 08:20:01.779,0.73921,0.73936,1.00,1.37
2016.09.20 08:20:02.294,0.7392,0.73935,1.12,1.12
2016.09.20 08:20:02.395,0.73921,0.73935,1.00,1.12
2016.09.20 08:20:02.767,0.73921,0.73935,1.00,1.37
2016.09.20 08:20:03.508,0.73921,0.73935,1.00,1.00
2016.09.20 08:20:04.609,0.73921,0.73935,1.37,1.00
2016.09.20 08:20:05.043,0.73922,0.73936,1.12,1.00
2016.09.20 08:20:05.210,0.73921,0.73937,1.37,1.12
2016.09.20 08:20:05.505,0.73922,0.73936,1.12,1.00
2016.09.20 08:20:05.711,0.73922,0.73936,1.00,1.00
2016.09.20 08:20:06.098,0.7392,0.73936,1.37,1.00
2016.09.20 08:20:06.771,0.73921,0.73936,1.12,1.00
2016.09.20 08:20:06.822,0.73921,0.73936,1.12,1.12
2016.09.20 08:20:07.116,0.73921,0.73937,1.00,1.12
2016.09.20 08:20:07.217,0.73921,0.73937,1.00,1.00
2016.09.20 08:20:07.318,0.73921,0.73937,1.00,1.37
2016.09.20 08:20:07.419,0.73921,0.73937,1.12,1.12
2016.09.20 08:20:07.723,0.73921,0.73936,1.12,1.00
2016.09.20 08:20:08.402,0.73921,0.73935,1.12,1.00
2016.09.20 08:20:08.478,0.73921,0.73935,1.00,1.00
2016.09.20 08:20:08.879,0.73921,0.73935,1.00,1.12
2016.09.20 08:20:09.505,0.7392,0.73934,1.12,1.00
2016.09.20 08:20:10.909,0.7392,0.73936,1.12,1.37
2016.09.20 08:20:11.022,0.7392,0.73936,1.12,1.12
2016.09.20 08:20:11.910,0.7392,0.73934,1.12,1.00
2016.09.20 08:20:12.124,0.7392,0.73934,1.37,1.00
2016.09.20 08:20:12.248,0.73918,0.73934,1.37,1.00
2016.09.20 08:20:12.349,0.73918,0.73932,1.37,1.00
2016.09.20 08:20:12.612,0.73918,0.73932,1.00,1.12
2016.09.20 08:20:12.984,0.73918,0.73932,1.12,1.00
2016.09.20 08:20:13.250,0.73918,0.73934,1.12,1.12
2016.09.20 08:20:13.300,0.73918,0.73934,1.37,1.00
2016.09.20 08:20:13.351,0.7392,0.73934,1.00,1.00
2016.09.20 08:20:14.029,0.7392,0.73934,1.00,1.12
2016.09.20 08:20:14.630,0.7392,0.73934,1.12,1.00
2016.09.20 08:20:15.056,0.7392,0.73934,1.00,1.00
2016.09.20 08:20:16.191,0.7392,0.73934,3.00,1.00
2016.09.20 08:20:16.242,0.7392,0.73934,2.25,1.00
2016.09.20 08:20:16.293,0.73919,0.73934,3.00,1.00
2016.09.20 08:20:16.343,0.7392,0.73937,1.37,1.00
2016.09.20 08:20:16.729,0.73922,0.73938,1.37,1.00
2016.09.20 08:20:16.779,0.73922,0.73938,3.00,1.00
2016.09.20 08:20:16.892,0.73923,0.73938,2.25,1.00
2016.09.20 08:20:16.942,0.73925,0.73939,1.37,1.00
2016.09.20 08:20:17.319,0.73927,0.73941,1.37,1.00
2016.09.20 08:20:17.393,0.73927,0.73941,3.00,1.00
2016.09.20 08:20:17.924,0.73927,0.73942,3.00,1.00
2016.09.20 08:20:18.070,0.73928,0.73942,1.37,1.00
2016.09.20 08:20:18.373,0.73927,0.73942,3.00,1.00
2016.09.20 08:20:18.697,0.73927,0.73942,1.37,1.00
2016.09.20 08:20:18.748,0.73926,0.73941,3.00,1.00
2016.09.20 08:20:18.849,0.73927,0.73942,1.37,1.00
2016.09.20 08:20:19.729,0.73926,0.73941,1.87,1.00
2016.09.20 08:20:20.465,0.73926,0.7394,1.87,1.00
2016.09.20 08:20:20.566,0.73926,0.73942,1.37,1.00
2016.09.20 08:20:20.726,0.73926,0.73942,1.12,1.37
2016.09.20 08:20:21.506,0.73925,0.73941,1.37,1.12
2016.09.20 08:20:21.740,0.73926,0.7394,1.37,1.00
2016.09.20 08:20:22.762,0.73925,0.73939,1.87,1.00
2016.09.20 08:20:22.864,0.73925,0.73939,1.12,1.00
2016.09.20 08:20:23.248,0.73924,0.73942,1.37,1.37
2016.09.20 08:20:23.299,0.73926,0.73941,1.12,1.00
2016.09.20 08:20:23.631,0.73926,0.73941,1.37,1.00
2016.09.20 08:20:24.182,0.73926,0.7394,1.37,1.00
2016.09.20 08:20:24.316,0.73926,0.7394,1.12,1.00
2016.09.20 08:20:24.517,0.73926,0.7394,1.37,1.00
2016.09.20 08:20:24.618,0.73926,0.73941,3.00,1.00
2016.09.20 08:20:24.669,0.73928,0.73943,1.37,1.00
2016.09.20 08:20:24.770,0.73929,0.73944,1.12,1.00
2016.09.20 08:20:24.820,0.73929,0.73944,1.37,1.00
2016.09.20 08:20:25.574,0.73929,0.73946,1.37,1.12
2016.09.20 08:20:25.686,0.73931,0.73946,1.12,1.12
2016.09.20 08:20:26.129,0.73931,0.73946,1.37,1.00
2016.09.20 08:20:26.376,0.73929,0.73946,1.37,1.12
2016.09.20 08:20:26.426,0.73929,0.73946,1.37,1.37
2016.09.20 08:20:27.166,0.73927,0.73943,1.37,1.12
2016.09.20 08:20:29.356,0.73929,0.73945,1.00,1.37
2016.09.20 08:20:29.432,0.73929,0.73945,1.12,1.12
2016.09.20 08:20:29.533,0.73929,0.73945,1.12,1.00
2016.09.20 08:20:29.583,0.73927,0.73944,1.87,1.00
2016.09.20 08:20:29.634,0.73927,0.73944,1.87,1.12
2016.09.20 08:20:29.850,0.73927,0.73944,1.37,1.12
2016.09.20 08:20:30.035,0.73927,0.73944,1.37,1.00
2016.09.20 08:20:31.663,0.73929,0.73944,1.12,1.12
2016.09.20 08:20:31.764,0.73929,0.73944,1.12,1.00
2016.09.20 08:20:31.962,0.73929,0.73944,1.37,1.00
2016.09.20 08:20:32.040,0.73929,0.73944,1.12,1.00
2016.09.20 08:20:32.964,0.73929,0.73946,1.12,1.00
2016.09.20 08:20:36.171,0.73929,0.73944,1.12,1.00
2016.09.20 08:20:37.231,0.73928,0.73943,1.37,1.00
2016.09.20 08:20:37.749,0.73927,0.73942,1.12,1.12
2016.09.20 08:20:37.849,0.73927,0.73942,1.37,1.00
2016.09.20 08:20:38.409,0.73927,0.73941,1.37,1.00
2016.09.20 08:20:38.461,0.73927,0.73941,1.00,1.12
2016.09.20 08:20:38.511,0.73924,0.73942,1.37,1.37
2016.09.20 08:20:38.664,0.73924,0.73942,1.37,1.12
2016.09.20 08:20:38.900,0.73926,0.73944,1.12,1.87
2016.09.20 08:20:38.952,0.73926,0.73944,1.37,1.87
2016.09.20 08:20:39.002,0.73926,0.73944,1.37,1.37
2016.09.20 08:20:40.008,0.73928,0.73943,1.12,1.12
2016.09.20 08:20:40.685,0.73928,0.73944,1.12,1.37
2016.09.20 08:20:40.887,0.73929,0.73945,1.12,1.12
2016.09.20 08:20:40.988,0.73929,0.73945,1.37,1.12
2016.09.20 08:20:41.057,0.73929,0.73945,1.37,1.00
2016.09.20 08:20:41.714,0.73929,0.73946,1.37,1.00
2016.09.20 08:20:42.237,0.73929,0.73945,1.37,1.00
2016.09.20 08:20:42.611,0.73927,0.73944,1.37,1.00
2016.09.20 08:20:42.661,0.73927,0.73944,1.12,1.12
2016.09.20 08:20:42.712,0.73927,0.73943,1.12,1.00
2016.09.20 08:20:42.763,0.73927,0.73943,1.12,1.12
2016.09.20 08:20:43.462,0.73927,0.73943,1.37,1.00
2016.09.20 08:20:43.513,0.73928,0.73944,1.37,1.12
2016.09.20 08:20:43.801,0.73928,0.73944,1.00,1.37
2016.09.20 08:20:43.922,0.73926,0.73944,1.37,1.37
2016.09.20 08:20:44.178,0.73926,0.73944,1.37,1.12
2016.09.20 08:20:44.723,0.73929,0.73945,1.00,1.37
2016.09.20 08:20:45.057,0.73929,0.73945,1.37,1.00
2016.09.20 08:20:45.208,0.73929,0.73945,1.37,1.12
2016.09.20 08:20:45.266,0.73929,0.73945,1.37,1.00
2016.09.20 08:20:45.367,0.73929,0.73945,1.37,1.12
2016.09.20 08:20:45.467,0.73929,0.73945,1.37,1.00
2016.09.20 08:20:45.775,0.73929,0.73945,1.37,1.12
2016.09.20 08:20:46.398,0.73928,0.73944,1.37,1.00
2016.09.20 08:20:46.798,0.73929,0.73945,1.37,1.12
2016.09.20 08:20:47.184,0.73929,0.73945,1.12,1.00
2016.09.20 08:20:47.514,0.73928,0.73944,3.00,1.00
2016.09.20 08:20:47.580,0.73928,0.73944,1.37,1.00
2016.09.20 08:20:48.101,0.73929,0.73945,1.37,1.12
2016.09.20 08:20:48.157,0.73929,0.73944,1.37,1.00
2016.09.20 08:20:49.507,0.7393,0.73945,1.12,1.12
2016.09.20 08:20:49.614,0.7393,0.73945,1.37,1.00
2016.09.20 08:20:50.517,0.73929,0.73944,1.12,1.00
2016.09.20 08:20:51.396,0.73929,0.73944,1.00,1.00
2016.09.20 08:20:51.914,0.73929,0.73943,1.00,1.00
2016.09.20 08:20:52.635,0.73928,0.73943,1.12,1.00
2016.09.20 08:20:52.780,0.73928,0.73943,1.37,1.00
2016.09.20 08:20:53.081,0.73928,0.73943,1.12,1.12
2016.09.20 08:20:54.787,0.73928,0.73943,1.00,1.12
2016.09.20 08:20:54.838,0.73924,0.73943,1.37,1.30
2016.09.20 08:20:54.888,0.73924,0.73945,1.37,1.97
2016.09.20 08:20:54.939,0.73924,0.73936,1.37,1.00
2016.09.20 08:20:54.989,0.73924,0.73936,1.00,1.12
2016.09.20 08:20:55.040,0.73919,0.73933,1.37,1.00
2016.09.20 08:20:55.090,0.73919,0.73933,1.12,1.00
2016.09.20 08:20:55.141,0.73918,0.73932,1.37,1.00
2016.09.20 08:20:55.191,0.73918,0.73932,1.12,1.00
2016.09.20 08:20:55.242,0.73915,0.7393,3.75,1.00
2016.09.20 08:20:55.292,0.73915,0.7393,1.87,1.00
2016.09.20 08:20:55.343,0.73913,0.73929,1.37,1.00
2016.09.20 08:20:55.393,0.73913,0.73929,1.12,1.37
2016.09.20 08:20:55.610,0.73913,0.73929,1.00,1.37
2016.09.20 08:20:55.665,0.73914,0.73931,1.00,2.25
2016.09.20 08:20:55.715,0.73914,0.73933,1.37,2.25
2016.09.20 08:20:55.948,0.73916,0.73933,1.00,3.00
2016.09.20 08:20:56.188,0.73916,0.73933,1.12,1.37
2016.09.20 08:20:56.813,0.73917,0.73934,1.12,1.37
2016.09.20 08:20:56.864,0.73917,0.73932,1.12,1.12
2016.09.20 08:20:56.932,0.73916,0.73935,1.37,1.37
2016.09.20 08:20:57.233,0.73917,0.73936,1.12,3.75
2016.09.20 08:20:57.706,0.73917,0.73936,1.12,3.00
2016.09.20 08:20:58.701,0.73917,0.73935,1.12,1.37
2016.09.20 08:20:59.438,0.73918,0.73932,1.00,1.12
2016.09.20 08:21:03.964,0.73918,0.73933,1.00,1.37
2016.09.20 08:21:04.014,0.73918,0.73933,1.12,1.12
2016.09.20 08:21:04.115,0.73918,0.73933,1.00,1.37
2016.09.20 08:21:04.166,0.73918,0.73935,1.00,1.37
2016.09.20 08:21:04.216,0.73918,0.73935,1.37,1.12
2016.09.20 08:21:04.624,0.73918,0.73935,1.00,1.87
2016.09.20 08:21:04.817,0.73918,0.73935,1.00,1.37
2016.09.20 08:21:05.046,0.73917,0.73934,1.12,1.37
2016.09.20 08:21:05.529,0.73917,0.73934,1.37,1.37
2016.09.20 08:21:05.907,0.73917,0.73934,1.00,1.37
2016.09.20 08:21:07.011,0.73917,0.73934,1.12,1.37
2016.09.20 08:21:07.111,0.73917,0.73934,1.37,1.12
2016.09.20 08:21:07.161,0.73919,0.73933,1.00,1.00
2016.09.20 08:21:07.729,0.73919,0.73933,1.12,1.00
2016.09.20 08:21:08.151,0.73918,0.73933,1.37,1.00
2016.09.20 08:21:08.415,0.73918,0.73933,1.00,1.12
2016.09.20 08:21:08.466,0.73917,0.73932,1.12,1.00
2016.09.20 08:21:08.516,0.73917,0.73932,1.00,1.37
2016.09.20 08:21:08.836,0.73917,0.73932,1.37,1.00
2016.09.20 08:21:09.018,0.73917,0.73932,1.12,1.12
2016.09.20 08:21:09.620,0.73917,0.73932,1.12,1.00
2016.09.20 08:21:10.183,0.73919,0.73934,1.00,1.12
2016.09.20 08:21:10.233,0.73919,0.73934,1.12,1.12
2016.09.20 08:21:10.283,0.73919,0.73935,1.12,1.37
2016.09.20 08:21:10.334,0.73919,0.73935,1.37,1.12
2016.09.20 08:21:10.442,0.73919,0.73935,1.37,1.00
2016.09.20 08:21:10.492,0.73921,0.73936,1.12,1.12
2016.09.20 08:21:10.543,0.73921,0.73936,1.12,1.00
2016.09.20 08:21:10.884,0.73921,0.73936,1.00,1.37
2016.09.20 08:21:11.026,0.73921,0.73936,1.12,1.12
2016.09.20 08:21:11.394,0.7392,0.73936,1.37,1.12
2016.09.20 08:21:12.031,0.7392,0.73936,1.37,1.00
2016.09.20 08:21:13.041,0.7392,0.73936,3.00,1.00
2016.09.20 08:21:13.091,0.7392,0.73937,3.75,1.00
2016.09.20 08:21:13.335,0.7392,0.73937,1.87,1.12
2016.09.20 08:21:13.386,0.7392,0.73937,1.37,1.12
2016.09.20 08:21:13.991,0.73921,0.73935,1.37,1.00
2016.09.20 08:21:14.042,0.73921,0.73935,1.12,1.00
2016.09.20 08:21:14.092,0.7392,0.73934,1.37,1.00
2016.09.20 08:21:14.562,0.7392,0.73937,1.37,1.00
2016.09.20 08:21:15.292,0.73923,0.73937,1.12,1.00
2016.09.20 08:21:16.426,0.73921,0.73938,1.37,1.00
2016.09.20 08:21:17.486,0.73922,0.73937,1.37,1.00
2016.09.20 08:21:17.679,0.73921,0.73936,1.00,1.00
2016.09.20 08:21:17.780,0.73921,0.73936,1.37,1.00
2016.09.20 08:21:17.886,0.73921,0.73936,1.00,1.00
2016.09.20 08:21:18.046,0.73921,0.73936,1.00,1.12
2016.09.20 08:21:18.167,0.7392,0.73937,1.12,1.37
2016.09.20 08:21:18.268,0.7392,0.73936,1.12,1.12
2016.09.20 08:21:18.925,0.73923,0.73939,1.00,3.75
2016.09.20 08:21:18.975,0.73921,0.73937,1.12,1.00
2016.09.20 08:21:19.176,0.73921,0.73936,1.00,1.37
2016.09.20 08:21:19.248,0.73921,0.73936,1.37,1.00
2016.09.20 08:21:19.349,0.73921,0.73936,1.12,1.12
2016.09.20 08:21:19.843,0.73921,0.73936,1.12,1.00
2016.09.20 08:21:19.918,0.73922,0.73938,1.37,1.00
2016.09.20 08:21:20.882,0.73921,0.73936,1.37,1.00
2016.09.20 08:21:21.254,0.73921,0.73936,1.00,1.00
2016.09.20 08:21:21.382,0.73921,0.73937,1.00,1.12
2016.09.20 08:21:21.670,0.73921,0.73937,1.37,1.00
2016.09.20 08:21:22.008,0.73922,0.73938,1.37,1.12
2016.09.20 08:21:22.258,0.73922,0.73938,1.12,1.37
2016.09.20 08:21:22.520,0.73921,0.73938,1.37,1.37
2016.09.20 08:21:23.878,0.73922,0.73939,1.12,1.37
2016.09.20 08:21:24.062,0.73922,0.7394,1.37,1.37
2016.09.20 08:21:24.113,0.73921,0.73936,1.37,1.00
2016.09.20 08:21:24.264,0.73921,0.73936,1.00,1.12
2016.09.20 08:21:24.366,0.73921,0.73936,1.00,1.37
2016.09.20 08:21:24.622,0.73919,0.73935,1.37,1.12
2016.09.20 08:21:24.780,0.73919,0.73935,1.12,1.37
2016.09.20 08:21:24.964,0.73919,0.73935,1.00,1.37
2016.09.20 08:21:25.014,0.73917,0.73935,1.37,1.37
2016.09.20 08:21:25.318,0.73918,0.73936,1.12,1.37
2016.09.20 08:21:26.964,0.73918,0.73933,1.00,2.25
2016.09.20 08:21:27.015,0.73915,0.7393,1.00,1.37
2016.09.20 08:21:27.116,0.73915,0.7393,1.12,1.12
2016.09.20 08:21:27.883,0.73914,0.7393,1.37,1.12
2016.09.20 08:21:28.871,0.73914,0.7393,1.12,1.37
2016.09.20 08:21:28.921,0.73913,0.73931,1.37,1.37
2016.09.20 08:21:29.886,0.73915,0.7393,1.00,1.37
2016.09.20 08:21:32.179,0.73914,0.73932,1.37,1.37
2016.09.20 08:21:32.229,0.73916,0.73931,1.00,1.12
2016.09.20 08:21:32.280,0.73916,0.73931,1.12,1.12
2016.09.20 08:21:33.193,0.73915,0.73931,1.37,1.12
2016.09.20 08:21:33.393,0.73916,0.73931,1.12,1.12
2016.09.20 08:21:33.980,0.73916,0.73931,1.00,1.12
2016.09.20 08:21:34.081,0.73916,0.73931,1.12,1.12
2016.09.20 08:21:34.199,0.73913,0.73931,1.37,1.12
2016.09.20 08:21:34.574,0.73912,0.73929,1.12,1.12
2016.09.20 08:21:34.726,0.73914,0.7393,1.00,1.12
2016.09.20 08:21:34.782,0.73914,0.7393,1.00,1.00
2016.09.20 08:21:34.883,0.73914,0.7393,1.12,1.00
2016.09.20 08:21:34.984,0.73914,0.7393,1.12,1.37
2016.09.20 08:21:35.283,0.73914,0.7393,1.12,1.12
2016.09.20 08:21:35.333,0.73912,0.73928,1.37,1.00
2016.09.20 08:21:35.485,0.73912,0.73928,1.12,1.00
2016.09.20 08:21:35.697,0.73914,0.7393,1.12,1.12
2016.09.20 08:21:35.939,0.73913,0.73931,1.37,1.37
2016.09.20 08:21:35.990,0.73913,0.73931,1.12,1.37
2016.09.20 08:21:36.731,0.73913,0.73931,1.37,1.37
2016.09.20 08:21:37.512,0.73915,0.7393,1.12,1.12
2016.09.20 08:21:38.104,0.73915,0.73931,1.12,1.37
2016.09.20 08:21:38.494,0.73915,0.73931,1.12,1.12
2016.09.20 08:21:38.544,0.73916,0.73932,1.00,1.37
2016.09.20 08:21:38.645,0.73914,0.73932,1.37,1.37
2016.09.20 08:21:39.507,0.73915,0.7393,1.12,1.00
2016.09.20 08:21:39.608,0.73915,0.7393,1.37,1.00
2016.09.20 08:21:39.709,0.73913,0.7393,1.37,1.00
2016.09.20 08:21:39.810,0.73913,0.73931,1.37,1.12
2016.09.20 08:21:39.910,0.73913,0.73931,1.37,1.37
2016.09.20 08:21:40.494,0.73913,0.73931,1.37,1.12
2016.09.20 08:21:40.694,0.73913,0.73931,1.37,1.37
2016.09.20 08:21:40.795,0.73913,0.73931,1.37,1.12
2016.09.20 08:21:40.846,0.73915,0.7393,1.12,1.00
2016.09.20 08:21:41.927,0.73916,0.73931,1.00,1.37
2016.09.20 08:21:42.028,0.73916,0.73931,1.37,1.00
2016.09.20 08:21:42.129,0.73914,0.7393,1.37,1.00
2016.09.20 08:21:42.299,0.73914,0.7393,1.37,1.12
2016.09.20 08:21:42.350,0.73914,0.73929,1.37,1.00
2016.09.20 08:21:42.688,0.73914,0.7393,1.12,1.37
2016.09.20 08:21:43.100,0.73914,0.7393,1.00,1.37
2016.09.20 08:21:43.252,0.73912,0.73927,1.37,1.00
2016.09.20 08:21:43.353,0.73912,0.7393,1.37,1.37
2016.09.20 08:21:43.632,0.73914,0.73929,1.12,1.00
2016.09.20 08:21:43.734,0.73915,0.7393,1.00,1.37
2016.09.20 08:21:43.835,0.73915,0.7393,1.12,1.00
2016.09.20 08:21:44.668,0.73916,0.73932,1.00,1.12
2016.09.20 08:21:45.157,0.73915,0.73932,1.12,1.12
2016.09.20 08:21:45.522,0.73915,0.73934,1.12,1.37
2016.09.20 08:21:45.606,0.73915,0.73934,1.37,1.37
2016.09.20 08:21:45.758,0.73917,0.73933,1.12,1.37
2016.09.20 08:21:45.809,0.73917,0.73933,1.12,1.12
2016.09.20 08:21:45.909,0.73917,0.73933,1.37,1.00
2016.09.20 08:21:46.101,0.73917,0.73933,1.00,1.12
2016.09.20 08:21:46.152,0.73917,0.73933,1.00,1.37
2016.09.20 08:21:46.208,0.73917,0.73933,1.12,1.37
2016.09.20 08:21:46.308,0.73917,0.73933,1.00,1.37
2016.09.20 08:21:47.561,0.73915,0.73934,1.37,1.37
2016.09.20 08:21:48.427,0.73917,0.73933,1.00,1.37
2016.09.20 08:21:49.613,0.73917,0.73933,1.12,1.37
2016.09.20 08:21:49.714,0.73917,0.73933,1.00,1.12
2016.09.20 08:21:49.866,0.73917,0.73933,1.00,1.72
2016.09.20 08:21:50.134,0.73917,0.73933,1.12,1.72
2016.09.20 08:21:51.030,0.73916,0.73932,1.37,1.12
2016.09.20 08:21:52.024,0.73916,0.73932,1.00,1.00
2016.09.20 08:21:52.129,0.73916,0.73932,1.12,1.12
2016.09.20 08:21:53.057,0.73917,0.73933,1.00,1.37
2016.09.20 08:21:53.108,0.73917,0.73933,1.12,1.12
2016.09.20 08:21:53.318,0.73917,0.73933,1.37,1.12
2016.09.20 08:21:53.369,0.73918,0.73933,1.12,1.12
2016.09.20 08:21:53.472,0.73917,0.73932,1.37,1.00
2016.09.20 08:21:53.523,0.73917,0.73932,1.12,1.12
2016.09.20 08:21:53.624,0.73917,0.73932,1.00,1.12
2016.09.20 08:21:53.770,0.73915,0.73931,1.12,1.00
2016.09.20 08:21:54.145,0.73915,0.73933,1.37,1.37
2016.09.20 08:21:54.423,0.73915,0.73933,1.12,1.37
2016.09.20 08:21:54.671,0.73915,0.73933,1.12,1.50
2016.09.20 08:21:54.782,0.73916,0.73931,1.00,1.37
2016.09.20 08:21:55.067,0.73914,0.73931,1.37,1.00
2016.09.20 08:21:55.122,0.73914,0.73931,1.37,1.37
2016.09.20 08:21:55.172,0.73915,0.73931,1.12,1.37
2016.09.20 08:21:55.223,0.73915,0.73931,1.00,1.37
2016.09.20 08:21:55.342,0.73915,0.73931,1.12,1.12
2016.09.20 08:21:55.423,0.73915,0.73931,1.37,1.12
2016.09.20 08:21:55.473,0.73916,0.73932,1.12,1.37
2016.09.20 08:21:56.082,0.73916,0.73932,1.00,1.37
2016.09.20 08:21:56.133,0.73914,0.7393,1.12,1.00
2016.09.20 08:21:56.270,0.73914,0.7393,1.12,1.12
2016.09.20 08:21:56.324,0.73914,0.7393,1.37,1.12
2016.09.20 08:21:56.529,0.73914,0.7393,1.12,1.37
2016.09.20 08:21:57.091,0.73914,0.73931,1.12,1.37
2016.09.20 08:21:57.141,0.73914,0.73931,1.37,1.37
2016.09.20 08:21:57.192,0.73915,0.73931,1.12,1.37
2016.09.20 08:21:57.572,0.73914,0.73931,1.37,1.37
2016.09.20 08:21:57.927,0.73914,0.73932,1.12,1.37
2016.09.20 08:21:58.072,0.73914,0.73932,1.37,1.37
2016.09.20 08:21:58.324,0.73914,0.73932,1.12,1.37
2016.09.20 08:21:58.375,0.73914,0.73932,1.37,1.37
2016.09.20 08:21:58.857,0.73914,0.73932,1.12,1.37
2016.09.20 08:21:58.918,0.73914,0.73932,1.12,1.72
2016.09.20 08:21:58.968,0.73915,0.73931,1.12,1.37
2016.09.20 08:21:59.074,0.73915,0.73931,1.00,1.12
2016.09.20 08:21:59.129,0.73915,0.73931,1.12,1.37
2016.09.20 08:21:59.229,0.73915,0.73931,1.00,1.37
2016.09.20 08:21:59.527,0.73915,0.73931,1.12,1.37
2016.09.20 08:21:59.730,0.73915,0.73931,1.00,1.37
2016.09.20 08:22:00.331,0.73915,0.73931,1.12,1.37
2016.09.20 08:22:00.533,0.73915,0.73931,1.00,1.37
2016.09.20 08:22:00.634,0.73915,0.73931,1.12,1.37
2016.09.20 08:22:00.825,0.73915,0.73931,1.00,1.37
2016.09.20 08:22:01.032,0.73915,0.73931,1.00,1.12
2016.09.20 08:22:01.477,0.73915,0.73931,1.12,1.12
2016.09.20 08:22:01.578,0.73915,0.73931,1.12,1.00
2016.09.20 08:22:01.633,0.73915,0.73931,1.12,1.12
2016.09.20 08:22:01.895,0.73914,0.73932,1.37,1.37
2016.09.20 08:22:03.042,0.73916,0.73932,1.12,1.37
2016.09.20 08:22:03.129,0.73916,0.73932,1.00,1.72
2016.09.20 08:22:03.281,0.73916,0.73932,1.00,1.35
2016.09.20 08:22:03.336,0.73916,0.73932,1.00,1.72
2016.09.20 08:22:03.621,0.73916,0.73932,1.00,1.37
2016.09.20 08:22:03.821,0.73916,0.73932,1.00,1.72
2016.09.20 08:22:04.219,0.73915,0.73931,1.00,1.12
2016.09.20 08:22:05.040,0.73915,0.73931,1.12,1.12
2016.09.20 08:22:05.900,0.73916,0.73931,1.00,1.00
2016.09.20 08:22:06.379,0.73916,0.73932,1.00,1.12
2016.09.20 08:22:06.442,0.73916,0.73932,1.37,1.12
2016.09.20 08:22:07.503,0.73918,0.73933,1.00,1.37
2016.09.20 08:22:07.553,0.73918,0.73933,1.12,1.12
2016.09.20 08:22:07.971,0.73918,0.73933,1.37,1.00
2016.09.20 08:22:08.481,0.73916,0.73931,1.37,1.00
2016.09.20 08:22:08.581,0.73914,0.7393,1.37,1.00
2016.09.20 08:22:08.845,0.73913,0.73929,1.37,1.12
2016.09.20 08:22:08.909,0.73913,0.73929,1.37,1.00
2016.09.20 08:22:09.097,0.73914,0.73931,1.37,1.37
2016.09.20 08:22:09.148,0.73914,0.73931,1.37,1.12
2016.09.20 08:22:09.349,0.73914,0.73931,1.37,1.00
2016.09.20 08:22:09.850,0.73915,0.73932,1.12,1.12
2016.09.20 08:22:09.904,0.73915,0.73932,1.37,1.12
2016.09.20 08:22:10.287,0.73914,0.73931,1.37,1.00
2016.09.20 08:22:10.349,0.73914,0.73931,1.37,1.12
2016.09.20 08:22:10.629,0.73916,0.73932,1.12,1.37
2016.09.20 08:22:10.679,0.73916,0.73932,1.12,1.12
2016.09.20 08:22:10.886,0.73916,0.73932,1.37,1.00
2016.09.20 08:22:11.489,0.73916,0.73932,3.00,1.00
2016.09.20 08:22:11.789,0.73916,0.73932,1.37,1.00
2016.09.20 08:22:12.803,0.73917,0.73933,1.37,1.00
2016.09.20 08:22:13.746,0.73917,0.73932,1.37,1.00
2016.09.20 08:22:15.880,0.73916,0.73931,1.12,1.00
2016.09.20 08:22:15.980,0.73916,0.73931,1.37,1.00
2016.09.20 08:22:16.081,0.73916,0.73931,1.12,1.00
2016.09.20 08:22:16.182,0.73916,0.73931,1.37,1.00
2016.09.20 08:22:16.510,0.73916,0.73932,1.37,1.12
2016.09.20 08:22:16.670,0.73916,0.73932,1.37,1.00
2016.09.20 08:22:17.192,0.73917,0.73933,1.37,1.00
2016.09.20 08:22:17.694,0.73916,0.73932,1.37,1.00
2016.09.20 08:22:17.796,0.73916,0.73932,1.00,1.00
2016.09.20 08:22:18.195,0.73916,0.73932,1.00,1.37
2016.09.20 08:22:18.246,0.73913,0.73932,1.87,1.37
2016.09.20 08:22:18.297,0.73913,0.73932,3.75,1.37
2016.09.20 08:22:18.611,0.73914,0.73932,1.37,1.37
2016.09.20 08:22:18.910,0.73914,0.73931,1.37,1.12
2016.09.20 08:22:19.414,0.73915,0.73931,1.12,1.12
2016.09.20 08:22:19.465,0.73915,0.73931,1.37,1.12
2016.09.20 08:22:20.414,0.73916,0.73934,1.12,1.97
2016.09.20 08:22:20.647,0.73916,0.73934,1.37,1.72
2016.09.20 08:22:20.748,0.73917,0.73935,1.12,1.37
2016.09.20 08:22:20.798,0.73917,0.73935,1.37,1.37
2016.09.20 08:22:21.014,0.73917,0.73935,1.37,1.00
2016.09.20 08:22:21.115,0.73917,0.73935,1.37,1.12
2016.09.20 08:22:21.354,0.73918,0.73936,1.37,1.37
2016.09.20 08:22:21.414,0.73919,0.73938,1.37,1.72
2016.09.20 08:22:21.520,0.7392,0.73937,1.12,1.37
2016.09.20 08:22:21.571,0.7392,0.73937,1.37,1.12
2016.09.20 08:22:21.621,0.7392,0.73938,1.37,1.72
2016.09.20 08:22:21.771,0.73919,0.73938,1.37,1.37
2016.09.20 08:22:21.921,0.7392,0.73937,1.37,1.12
2016.09.20 08:22:22.177,0.7392,0.73937,1.37,1.37
2016.09.20 08:22:22.227,0.73918,0.73935,1.37,1.00
2016.09.20 08:22:22.523,0.7392,0.73936,1.00,1.12
2016.09.20 08:22:22.574,0.7392,0.73936,1.00,1.00
2016.09.20 08:22:22.624,0.73917,0.73937,1.87,1.50
2016.09.20 08:22:23.928,0.73918,0.73935,1.37,1.00
2016.09.20 08:22:24.184,0.73918,0.73935,1.37,1.12
2016.09.20 08:22:25.634,0.73917,0.73935,1.37,1.12
2016.09.20 08:22:26.819,0.73917,0.73935,1.37,1.37
2016.09.20 08:22:26.880,0.73917,0.73935,1.37,1.12
2016.09.20 08:22:27.139,0.73917,0.73934,1.37,1.00
2016.09.20 08:22:27.843,0.73918,0.73933,1.37,1.00
2016.09.20 08:22:32.281,0.73918,0.73936,1.37,1.37
2016.09.20 08:22:32.331,0.73918,0.73936,1.00,1.37
2016.09.20 08:22:32.382,0.7392,0.73935,1.00,1.37
2016.09.20 08:22:32.533,0.7392,0.73936,1.00,1.12
2016.09.20 08:22:32.964,0.73918,0.73936,1.12,1.37
2016.09.20 08:22:33.014,0.73918,0.73936,1.37,1.37
2016.09.20 08:22:33.323,0.73917,0.73934,1.12,1.37
2016.09.20 08:22:36.274,0.73918,0.73935,1.00,1.37
2016.09.20 08:22:36.326,0.7392,0.73936,1.00,1.87
2016.09.20 08:22:36.377,0.7392,0.73938,1.00,4.12
2016.09.20 08:22:36.428,0.7392,0.73938,1.12,2.25
2016.09.20 08:22:36.478,0.7392,0.73938,1.12,1.50
2016.09.20 08:22:36.529,0.7392,0.73938,1.37,1.50
2016.09.20 08:22:36.918,0.7392,0.73938,1.12,1.50
2016.09.20 08:22:37.019,0.7392,0.73938,1.00,3.37
2016.09.20 08:22:37.070,0.7392,0.73938,1.00,4.12
2016.09.20 08:22:37.451,0.7392,0.73938,1.00,3.00
2016.09.20 08:22:37.502,0.73921,0.73937,1.00,1.37
2016.09.20 08:22:37.553,0.73921,0.73937,1.12,1.12
2016.09.20 08:22:37.924,0.73921,0.73937,1.00,1.37
2016.09.20 08:22:38.746,0.73922,0.73937,1.00,1.37
2016.09.20 08:22:39.279,0.73921,0.73937,1.00,1.37
2016.09.20 08:22:41.278,0.73922,0.73939,1.00,3.60
2016.09.20 08:22:41.336,0.73922,0.73939,1.00,1.72
2016.09.20 08:22:41.537,0.73922,0.73939,1.12,1.72
2016.09.20 08:22:41.957,0.73922,0.73939,1.12,1.37
2016.09.20 08:22:42.038,0.73922,0.73939,1.00,1.37
2016.09.20 08:22:42.139,0.73922,0.73939,1.37,1.37
2016.09.20 08:22:42.190,0.73924,0.73939,1.00,1.37
2016.09.20 08:22:42.380,0.73924,0.7394,1.00,1.00
2016.09.20 08:22:42.481,0.73925,0.73941,1.12,1.37
2016.09.20 08:22:43.040,0.73925,0.73941,1.00,1.37
2016.09.20 08:22:43.178,0.73924,0.7394,1.12,1.37
2016.09.20 08:22:44.098,0.73923,0.73939,1.87,1.00
2016.09.20 08:22:44.149,0.73923,0.73939,1.37,1.00
2016.09.20 08:22:44.199,0.73924,0.7394,1.37,1.12
2016.09.20 08:22:44.250,0.73924,0.7394,1.37,1.00
2016.09.20 08:22:44.351,0.73924,0.7394,1.37,1.12
2016.09.20 08:22:44.451,0.73923,0.7394,1.37,1.00
2016.09.20 08:22:44.552,0.73923,0.7394,1.12,1.00
2016.09.20 08:22:44.788,0.73925,0.73942,1.00,1.37
2016.09.20 08:22:45.294,0.73924,0.7394,1.12,1.12
2016.09.20 08:22:47.655,0.73924,0.7394,1.00,1.12
2016.09.20 08:22:47.994,0.73922,0.73938,1.37,1.00
2016.09.20 08:22:48.104,0.73922,0.73938,1.12,1.00
2016.09.20 08:22:49.298,0.73921,0.73937,1.37,1.00
2016.09.20 08:22:49.398,0.73921,0.73937,1.12,1.00
2016.09.20 08:22:49.460,0.73921,0.73937,1.12,1.37
2016.09.20 08:22:49.598,0.7392,0.73936,1.37,1.12
2016.09.20 08:22:50.100,0.73921,0.73938,1.12,1.37
2016.09.20 08:22:50.354,0.73921,0.73938,1.12,1.00
2016.09.20 08:22:50.405,0.73922,0.73938,1.37,1.00
2016.09.20 08:22:50.720,0.7392,0.73939,1.37,1.12
2016.09.20 08:22:50.771,0.7392,0.73939,1.37,2.10
2016.09.20 08:22:50.821,0.73919,0.73934,1.37,1.00
2016.09.20 08:22:50.872,0.73917,0.73934,1.37,1.00
2016.09.20 08:22:51.352,0.73917,0.73934,1.37,1.12
2016.09.20 08:22:51.403,0.73915,0.73932,3.75,1.00
2016.09.20 08:22:51.504,0.73915,0.73932,3.00,1.00
2016.09.20 08:22:51.617,0.73915,0.73932,1.37,1.00
2016.09.20 08:22:52.049,0.73916,0.73932,1.12,1.00
2016.09.20 08:22:52.099,0.73916,0.73932,1.37,1.12
2016.09.20 08:22:53.342,0.73914,0.73933,1.37,1.37
2016.09.20 08:22:55.362,0.73914,0.73933,1.37,1.50
2016.09.20 08:22:55.412,0.73914,0.73933,1.37,1.37
2016.09.20 08:22:55.479,0.73914,0.73933,1.37,1.50
2016.09.20 08:22:55.580,0.73914,0.73933,1.37,1.37
2016.09.20 08:22:55.731,0.73915,0.73933,1.12,1.12
2016.09.20 08:22:56.016,0.73915,0.73932,1.12,1.00
2016.09.20 08:22:56.285,0.73915,0.73932,1.37,1.00
2016.09.20 08:22:56.336,0.73917,0.73933,1.00,1.00
2016.09.20 08:22:56.387,0.73917,0.73933,1.37,1.00
2016.09.20 08:22:56.437,0.73915,0.73932,3.00,1.00
2016.09.20 08:22:57.418,0.73915,0.73932,1.37,1.00
2016.09.20 08:22:57.470,0.73916,0.73933,1.37,1.12
2016.09.20 08:22:57.956,0.73916,0.73933,1.37,1.50
2016.09.20 08:22:58.121,0.73915,0.73931,1.37,1.00
2016.09.20 08:22:59.448,0.73915,0.73934,1.37,1.50
2016.09.20 08:22:59.670,0.73918,0.73934,1.00,1.50
2016.09.20 08:22:59.720,0.73919,0.73935,1.12,1.12
2016.09.20 08:23:00.440,0.73918,0.73934,1.37,1.12
2016.09.20 08:23:00.670,0.73918,0.73935,1.37,1.37
2016.09.20 08:23:00.720,0.73918,0.73935,1.37,1.12
2016.09.20 08:23:00.926,0.73918,0.73935,1.37,1.37
2016.09.20 08:23:01.031,0.73918,0.73935,1.37,1.00
2016.09.20 08:23:01.241,0.73918,0.73935,1.37,1.12
2016.09.20 08:23:01.442,0.73918,0.73935,1.37,1.00
2016.09.20 08:23:01.699,0.73918,0.73935,1.37,1.12
2016.09.20 08:23:01.750,0.73917,0.73934,1.37,1.72
2016.09.20 08:23:01.850,0.73917,0.73934,1.00,1.72
2016.09.20 08:23:02.731,0.73917,0.73934,1.37,1.12
2016.09.20 08:23:02.789,0.73917,0.73934,1.72,1.12
2016.09.20 08:23:02.840,0.73919,0.73936,1.00,1.37
2016.09.20 08:23:02.941,0.73922,0.73938,1.00,3.00
2016.09.20 08:23:02.996,0.73922,0.73938,1.00,2.25
2016.09.20 08:23:03.046,0.73923,0.7394,1.00,1.72
2016.09.20 08:23:03.147,0.73923,0.7394,1.12,1.72
2016.09.20 08:23:03.860,0.73923,0.73939,1.12,1.12
2016.09.20 08:23:03.961,0.73921,0.73938,1.37,1.00
2016.09.20 08:23:04.374,0.7392,0.73936,1.37,1.12
2016.09.20 08:23:04.853,0.73921,0.73937,1.12,1.37
2016.09.20 08:23:05.100,0.73923,0.7394,1.00,1.37
2016.09.20 08:23:05.150,0.73923,0.7394,1.12,1.37
2016.09.20 08:23:05.225,0.73923,0.7394,1.00,1.37
2016.09.20 08:23:05.276,0.73919,0.73938,4.50,1.12
2016.09.20 08:23:05.326,0.73919,0.73938,3.00,1.12
2016.09.20 08:23:05.814,0.73919,0.73938,1.37,1.37
2016.09.20 08:23:05.869,0.7392,0.73937,1.37,1.12
2016.09.20 08:23:05.972,0.7392,0.73937,1.00,1.12
2016.09.20 08:23:06.160,0.73917,0.73934,2.62,1.12
2016.09.20 08:23:06.211,0.73917,0.73934,1.37,1.12
2016.09.20 08:23:06.261,0.73916,0.73935,1.12,2.25
2016.09.20 08:23:06.362,0.73916,0.73936,1.37,3.00
2016.09.20 08:23:06.463,0.73916,0.73936,1.37,1.37
2016.09.20 08:23:06.726,0.73916,0.73935,1.12,2.25
2016.09.20 08:23:06.776,0.73916,0.73934,1.12,1.37
2016.09.20 08:23:06.941,0.73915,0.73933,1.87,1.37
2016.09.20 08:23:07.061,0.73915,0.73933,1.50,1.37
2016.09.20 08:23:07.352,0.73915,0.73933,1.00,1.37
2016.09.20 08:23:07.560,0.73916,0.73933,1.37,1.37
2016.09.20 08:23:07.844,0.73916,0.73935,1.37,3.75
2016.09.20 08:23:08.263,0.73918,0.73935,1.12,1.37
2016.09.20 08:23:08.314,0.73918,0.73936,1.12,1.72
2016.09.20 08:23:08.365,0.73918,0.73936,1.12,1.37
2016.09.20 08:23:08.965,0.7392,0.73937,1.00,3.00
2016.09.20 08:23:09.066,0.7392,0.73938,1.00,1.37
2016.09.20 08:23:09.133,0.7392,0.73938,1.12,1.37
2016.09.20 08:23:10.670,0.7392,0.73939,1.37,1.37
2016.09.20 08:23:10.760,0.7392,0.73939,1.12,3.75
2016.09.20 08:23:11.151,0.73921,0.73939,1.00,3.75
2016.09.20 08:23:11.438,0.73918,0.73934,1.12,1.00
2016.09.20 08:23:11.540,0.73918,0.73934,1.00,1.37
2016.09.20 08:23:11.591,0.73917,0.73933,1.12,1.12
2016.09.20 08:23:11.742,0.73917,0.73933,1.00,1.12
2016.09.20 08:23:11.874,0.73917,0.73933,1.00,1.37
2016.09.20 08:23:11.930,0.73917,0.73933,1.00,1.72
2016.09.20 08:23:12.206,0.73917,0.73933,1.00,1.37
2016.09.20 08:23:12.261,0.73918,0.73935,1.00,1.37
2016.09.20 08:23:12.578,0.7392,0.73937,1.00,1.37
2016.09.20 08:23:12.642,0.7392,0.73937,1.12,1.37
2016.09.20 08:23:13.148,0.7392,0.73937,1.87,1.37
2016.09.20 08:23:13.199,0.73921,0.73938,1.00,1.37
2016.09.20 08:23:13.249,0.73921,0.73938,1.12,1.37
2016.09.20 08:23:13.300,0.73922,0.73938,1.00,1.37
2016.09.20 08:23:13.547,0.73922,0.73938,1.00,1.12
2016.09.20 08:23:14.144,0.73921,0.7394,1.37,1.37
2016.09.20 08:23:14.361,0.73922,0.73939,1.12,1.37
2016.09.20 08:23:14.661,0.73921,0.73938,1.37,1.12
2016.09.20 08:23:15.852,0.73921,0.73938,1.12,1.12
2016.09.20 08:23:16.986,0.73921,0.73937,1.37,1.00
2016.09.20 08:23:17.087,0.73921,0.73937,1.12,1.12
2016.09.20 08:23:17.287,0.7392,0.73939,1.37,1.37
2016.09.20 08:23:17.797,0.73919,0.73938,1.87,1.37
2016.09.20 08:23:18.509,0.73921,0.73937,1.12,1.37
2016.09.20 08:23:18.723,0.73921,0.73937,1.00,1.37
2016.09.20 08:23:18.980,0.7392,0.73936,1.12,1.37
2016.09.20 08:23:19.081,0.73919,0.73935,1.37,1.12
2016.09.20 08:23:19.191,0.73919,0.73935,1.37,1.00
2016.09.20 08:23:19.292,0.73919,0.73935,1.12,1.37
2016.09.20 08:23:19.862,0.73919,0.73935,1.37,1.12
2016.09.20 08:23:19.962,0.73919,0.73935,1.12,1.37
2016.09.20 08:23:20.988,0.73919,0.73937,1.12,1.37
2016.09.20 08:23:21.096,0.73919,0.73936,1.37,1.37
2016.09.20 08:23:21.600,0.73919,0.73936,1.12,1.37
2016.09.20 08:23:21.790,0.7392,0.73937,1.00,1.37
2016.09.20 08:23:21.900,0.7392,0.73937,1.37,1.37
2016.09.20 08:23:22.498,0.73918,0.73936,1.37,1.12
2016.09.20 08:23:22.600,0.73918,0.73936,1.12,1.37
2016.09.20 08:23:22.668,0.73918,0.73936,1.00,1.37
2016.09.20 08:23:22.719,0.73917,0.73934,1.00,1.12
2016.09.20 08:23:22.884,0.73917,0.73936,1.12,1.37
2016.09.20 08:23:23.270,0.73917,0.73936,1.37,1.37
2016.09.20 08:23:23.894,0.73916,0.73932,1.37,1.00
2016.09.20 08:23:24.288,0.73917,0.73933,1.00,3.00
2016.09.20 08:23:24.419,0.73917,0.73933,1.00,1.37
2016.09.20 08:23:24.520,0.73918,0.73934,1.00,3.00
2016.09.20 08:23:24.571,0.73918,0.73934,1.00,2.25
2016.09.20 08:23:24.621,0.7392,0.73934,1.00,2.25
2016.09.20 08:23:24.722,0.7392,0.73938,1.00,3.75
2016.09.20 08:23:25.159,0.7392,0.73938,1.00,3.00
2016.09.20 08:23:25.511,0.7392,0.73938,1.37,1.37
2016.09.20 08:23:25.773,0.7392,0.73938,1.87,1.37
2016.09.20 08:23:26.021,0.73922,0.73939,1.12,1.37
2016.09.20 08:23:26.187,0.73923,0.7394,1.00,1.37
2016.09.20 08:23:26.512,0.73923,0.7394,1.12,1.37
2016.09.20 08:23:26.727,0.73924,0.7394,1.00,1.37
2016.09.20 08:23:27.395,0.73923,0.7394,1.12,1.37
2016.09.20 08:23:27.629,0.73924,0.73941,1.00,1.37
2016.09.20 08:23:27.830,0.73924,0.73942,1.00,3.00
2016.09.20 08:23:27.889,0.73924,0.73942,1.37,1.37
2016.09.20 08:23:28.332,0.73924,0.73942,1.12,1.37
2016.09.20 08:23:28.432,0.73922,0.73938,1.37,1.00
2016.09.20 08:23:28.533,0.73924,0.7394,1.00,1.37
2016.09.20 08:23:28.584,0.73924,0.73942,1.00,2.25
2016.09.20 08:23:28.735,0.73927,0.73945,1.00,3.75
2016.09.20 08:23:28.961,0.73927,0.73945,1.00,3.00
2016.09.20 08:23:29.043,0.73926,0.73945,1.72,1.37
2016.09.20 08:23:29.335,0.73926,0.73945,1.37,1.37
2016.09.20 08:23:29.540,0.73926,0.73945,1.37,1.87
2016.09.20 08:23:29.590,0.73926,0.73945,1.12,3.00
2016.09.20 08:23:29.786,0.73926,0.73945,1.37,1.37
2016.09.20 08:23:30.234,0.73929,0.73946,1.00,3.00
2016.09.20 08:23:30.335,0.7393,0.73946,1.00,2.25
2016.09.20 08:23:30.436,0.73929,0.73949,1.37,3.00
2016.09.20 08:23:30.537,0.73932,0.73949,1.12,1.37
2016.09.20 08:23:30.911,0.73934,0.7395,1.12,1.37
2016.09.20 08:23:30.961,0.73934,0.73952,1.12,3.75
2016.09.20 08:23:31.012,0.73934,0.73952,1.00,3.75
2016.09.20 08:23:31.195,0.73934,0.73952,1.12,1.87
2016.09.20 08:23:31.387,0.73934,0.73952,1.12,1.37
2016.09.20 08:23:31.438,0.73934,0.73952,1.37,1.37
2016.09.20 08:23:31.539,0.73936,0.73952,1.00,1.37
2016.09.20 08:23:31.604,0.73934,0.73951,1.37,1.37
2016.09.20 08:23:31.710,0.73933,0.7395,1.87,1.12
2016.09.20 08:23:31.968,0.73933,0.7395,1.50,1.12
2016.09.20 08:23:32.397,0.73933,0.7395,1.00,1.12
2016.09.20 08:23:33.782,0.73934,0.7395,1.00,1.12
2016.09.20 08:23:34.643,0.73935,0.73951,1.00,1.37
2016.09.20 08:23:34.703,0.73935,0.73951,1.00,3.00
2016.09.20 08:23:34.803,0.73936,0.73951,1.00,1.37
2016.09.20 08:23:35.317,0.73938,0.73953,1.00,2.25
2016.09.20 08:23:35.417,0.73939,0.73953,1.00,1.37
2016.09.20 08:23:35.518,0.73939,0.73955,1.00,1.37
2016.09.20 08:23:35.720,0.73938,0.73954,1.12,1.37
2016.09.20 08:23:36.230,0.73938,0.73955,1.00,1.37
2016.09.20 08:23:36.348,0.73938,0.73955,1.12,1.37
2016.09.20 08:23:36.949,0.73937,0.73953,1.37,1.12
2016.09.20 08:23:37.362,0.73937,0.73953,1.00,1.37
2016.09.20 08:23:37.463,0.73938,0.73954,1.00,2.25
2016.09.20 08:23:37.513,0.73938,0.73955,1.00,3.00
2016.09.20 08:23:37.665,0.73938,0.73954,1.00,1.37
2016.09.20 08:23:37.715,0.73938,0.73954,1.12,1.12
2016.09.20 08:23:37.766,0.73937,0.73957,1.37,3.37
2016.09.20 08:23:37.816,0.73937,0.73956,1.00,2.25
2016.09.20 08:23:37.867,0.73939,0.73956,1.00,2.25
2016.09.20 08:23:37.945,0.73937,0.73956,1.50,3.00
2016.09.20 08:23:37.995,0.73937,0.73956,1.50,3.60
2016.09.20 08:23:38.202,0.73937,0.73956,1.50,2.85
2016.09.20 08:23:38.253,0.73939,0.73956,1.00,2.85
2016.09.20 08:23:38.303,0.73939,0.73955,1.00,1.37
2016.09.20 08:23:38.455,0.73937,0.73955,1.00,3.75
2016.09.20 08:23:38.506,0.73937,0.73955,1.00,3.00
2016.09.20 08:23:38.657,0.73936,0.73953,1.87,1.37
2016.09.20 08:23:38.998,0.73936,0.73953,1.12,1.37
2016.09.20 08:23:39.150,0.73936,0.73953,1.00,1.37
2016.09.20 08:23:39.961,0.73936,0.73954,1.00,3.75
2016.09.20 08:23:40.062,0.73936,0.73953,1.00,1.37
2016.09.20 08:23:40.119,0.73936,0.73953,1.00,3.00
2016.09.20 08:23:40.272,0.73937,0.73953,1.00,2.25
2016.09.20 08:23:40.691,0.73942,0.73959,1.00,3.00
2016.09.20 08:23:40.742,0.73942,0.73959,1.12,1.37
2016.09.20 08:23:41.636,0.73941,0.73959,1.37,1.37
2016.09.20 08:23:42.338,0.73942,0.73958,1.12,1.37
2016.09.20 08:23:43.102,0.73942,0.73959,1.12,1.37
2016.09.20 08:23:43.264,0.7394,0.73957,1.37,1.00
2016.09.20 08:23:43.471,0.7394,0.73956,1.12,1.12
2016.09.20 08:23:43.526,0.7394,0.73956,1.00,1.37
2016.09.20 08:23:44.235,0.7394,0.73957,1.00,1.37
2016.09.20 08:23:44.682,0.73939,0.73957,1.00,2.25
2016.09.20 08:23:44.842,0.73939,0.73957,1.00,1.37
2016.09.20 08:23:44.943,0.73939,0.73959,1.12,1.87
2016.09.20 08:23:44.993,0.73942,0.73959,1.00,1.87
2016.09.20 08:23:45.044,0.73942,0.73959,1.00,3.00
2016.09.20 08:23:45.219,0.73942,0.73959,1.00,3.75
2016.09.20 08:23:45.647,0.73942,0.73959,1.00,1.37
2016.09.20 08:23:45.748,0.73942,0.73958,1.12,1.12
2016.09.20 08:23:45.799,0.73944,0.7396,1.00,1.37
2016.09.20 08:23:46.427,0.73944,0.73962,1.00,3.00
2016.09.20 08:23:46.478,0.73944,0.73962,1.12,1.37
2016.09.20 08:23:46.528,0.73944,0.73963,1.12,3.00
2016.09.20 08:23:46.579,0.73944,0.73963,1.37,3.00
2016.09.20 08:23:47.073,0.73945,0.73961,1.12,1.37
2016.09.20 08:23:47.304,0.73944,0.73961,1.37,1.12
2016.09.20 08:23:47.749,0.73944,0.73961,1.72,1.12
2016.09.20 08:23:47.800,0.73947,0.73963,1.00,1.37
2016.09.20 08:23:47.900,0.73948,0.73964,1.00,3.75
2016.09.20 08:23:47.951,0.73948,0.73964,1.12,1.37
2016.09.20 08:23:48.140,0.73948,0.73964,1.12,1.12
2016.09.20 08:23:48.276,0.73947,0.73963,1.37,1.00
2016.09.20 08:23:48.377,0.73948,0.73964,1.00,1.37
2016.09.20 08:23:49.008,0.73948,0.73964,1.12,1.37
2016.09.20 08:23:49.262,0.73948,0.73965,1.00,1.37
2016.09.20 08:23:49.679,0.73946,0.73964,1.37,1.37
2016.09.20 08:23:50.145,0.73946,0.73963,1.00,1.37
2016.09.20 08:23:50.265,0.73943,0.73963,1.37,1.37
2016.09.20 08:23:50.431,0.73943,0.73963,1.37,1.87
2016.09.20 08:23:50.481,0.73943,0.73963,1.12,1.87
2016.09.20 08:23:50.532,0.73943,0.73963,1.12,1.37
2016.09.20 08:23:50.688,0.73943,0.73961,1.00,1.37
2016.09.20 08:23:50.743,0.73943,0.73961,1.37,1.37
2016.09.20 08:23:51.023,0.73944,0.73962,1.12,1.37
2016.09.20 08:23:51.258,0.73943,0.73961,1.37,1.37
2016.09.20 08:23:51.571,0.73944,0.73962,1.12,1.12
2016.09.20 08:23:51.671,0.73946,0.73963,1.12,1.37
2016.09.20 08:23:52.354,0.73945,0.73962,1.12,1.37
2016.09.20 08:23:52.560,0.73944,0.73962,1.37,1.37
2016.09.20 08:23:52.770,0.73945,0.73962,1.12,1.37
2016.09.20 08:23:52.871,0.73945,0.73962,1.37,1.37
2016.09.20 08:23:52.961,0.73946,0.73963,1.12,1.37
2016.09.20 08:23:53.353,0.73946,0.73963,1.00,3.00
2016.09.20 08:23:53.881,0.73945,0.73963,1.00,3.00
2016.09.20 08:23:54.182,0.73945,0.73962,1.00,1.37
2016.09.20 08:23:54.251,0.73945,0.73962,1.12,1.37
2016.09.20 08:23:54.611,0.73944,0.7396,1.37,1.12
2016.09.20 08:23:54.662,0.73944,0.7396,1.00,1.12
2016.09.20 08:23:54.712,0.73944,0.73961,1.00,1.37
2016.09.20 08:23:54.813,0.73945,0.73963,1.00,1.37
2016.09.20 08:23:54.863,0.73945,0.73963,1.12,1.37
2016.09.20 08:23:54.989,0.73945,0.73963,1.00,1.37
2016.09.20 08:23:55.155,0.73945,0.73963,1.37,1.37
2016.09.20 08:23:55.480,0.73947,0.73964,1.00,1.37
2016.09.20 08:23:55.556,0.73947,0.73964,1.12,1.37
2016.09.20 08:23:55.968,0.73946,0.73964,1.37,1.37
2016.09.20 08:23:56.471,0.73947,0.73964,1.37,1.37
2016.09.20 08:23:56.572,0.73947,0.73964,1.12,1.37
2016.09.20 08:23:56.697,0.73947,0.73964,1.37,1.37
2016.09.20 08:23:56.797,0.73944,0.73964,3.00,1.37
2016.09.20 08:23:57.704,0.73944,0.73964,1.37,1.37
2016.09.20 08:23:58.137,0.73946,0.73963,1.37,1.37
2016.09.20 08:23:59.613,0.73945,0.73963,1.37,1.37
2016.09.20 08:23:59.664,0.73945,0.73963,1.00,1.37
2016.09.20 08:23:59.714,0.73945,0.73962,1.37,1.37
2016.09.20 08:23:59.971,0.73945,0.73962,1.00,1.12
2016.09.20 08:24:00.022,0.73943,0.73961,1.37,1.00
2016.09.20 08:24:00.073,0.73943,0.73961,3.00,1.00
2016.09.20 08:24:00.270,0.73943,0.73961,1.37,1.12
2016.09.20 08:24:00.695,0.73942,0.73961,1.72,1.37
2016.09.20 08:24:00.795,0.73946,0.73962,1.00,1.37
2016.09.20 08:24:00.896,0.73946,0.73962,1.37,1.00
2016.09.20 08:24:00.999,0.73945,0.73965,1.37,1.97
2016.09.20 08:24:01.050,0.73945,0.73965,1.37,1.37
2016.09.20 08:24:01.434,0.73947,0.73965,1.00,1.37
2016.09.20 08:24:01.484,0.73947,0.73965,1.12,1.37
2016.09.20 08:24:02.076,0.73947,0.73964,1.12,1.37
2016.09.20 08:24:04.019,0.73945,0.73961,1.37,1.00
2016.09.20 08:24:04.231,0.73945,0.73961,1.00,1.37
2016.09.20 08:24:04.281,0.73945,0.73961,1.12,1.37
2016.09.20 08:24:04.683,0.73945,0.73961,1.12,1.12
2016.09.20 08:24:04.987,0.73945,0.73962,1.12,1.37
2016.09.20 08:24:07.173,0.73945,0.73962,1.12,1.72
2016.09.20 08:24:07.224,0.73943,0.7396,1.37,1.00
2016.09.20 08:24:07.425,0.73943,0.73959,1.00,1.37
2016.09.20 08:24:07.882,0.73942,0.73958,1.37,1.12
2016.09.20 08:24:07.932,0.73942,0.73958,1.00,1.00
2016.09.20 08:24:08.093,0.73942,0.73958,1.37,1.12
2016.09.20 08:24:09.945,0.73941,0.73957,1.37,1.12
2016.09.20 08:24:09.999,0.73941,0.73957,1.12,1.37
2016.09.20 08:24:10.242,0.73941,0.73957,1.00,1.37
2016.09.20 08:24:10.302,0.73939,0.73956,1.37,1.12
2016.09.20 08:24:10.504,0.73939,0.73956,1.12,1.37
2016.09.20 08:24:10.787,0.7394,0.73956,1.00,1.37
2016.09.20 08:24:10.944,0.73939,0.73955,1.37,1.00
2016.09.20 08:24:11.321,0.73939,0.73955,1.37,1.12
2016.09.20 08:24:11.422,0.73939,0.73955,1.00,1.12
2016.09.20 08:24:11.523,0.73939,0.73955,1.37,1.12
2016.09.20 08:24:11.623,0.73939,0.73955,1.37,1.00
2016.09.20 08:24:11.703,0.73939,0.73955,1.00,1.12
2016.09.20 08:24:11.952,0.73938,0.73955,1.37,1.37
2016.09.20 08:24:12.746,0.73939,0.73956,1.37,1.37
2016.09.20 08:24:13.413,0.73939,0.73955,1.37,1.12
2016.09.20 08:24:14.416,0.73938,0.73957,1.37,1.37
2016.09.20 08:24:15.519,0.73939,0.73957,1.37,1.37
2016.09.20 08:24:15.833,0.7394,0.73957,1.12,1.37
2016.09.20 08:24:16.423,0.73942,0.73958,1.00,1.37
2016.09.20 08:24:16.931,0.73941,0.73958,1.12,1.37
2016.09.20 08:24:17.032,0.73943,0.73959,1.00,1.37
2016.09.20 08:24:17.114,0.73943,0.73959,1.00,1.00
2016.09.20 08:24:17.526,0.73942,0.73961,1.12,1.37
2016.09.20 08:24:18.027,0.73943,0.73959,1.00,1.00
2016.09.20 08:24:18.128,0.73943,0.73959,1.00,1.37
2016.09.20 08:24:18.316,0.73943,0.73959,1.12,1.37
2016.09.20 08:24:18.766,0.73941,0.73959,1.37,1.37
2016.09.20 08:24:18.845,0.73941,0.73959,1.12,1.37
2016.09.20 08:24:19.018,0.73941,0.73959,1.00,3.00
2016.09.20 08:24:19.118,0.73941,0.73959,1.12,1.37
2016.09.20 08:24:20.520,0.73941,0.73959,1.37,1.37
2016.09.20 08:24:21.393,0.73943,0.73959,1.00,1.12
2016.09.20 08:24:21.444,0.73942,0.73959,1.37,1.00
2016.09.20 08:24:21.936,0.73942,0.7396,1.37,1.12
2016.09.20 08:24:22.639,0.73943,0.73958,1.12,1.00
2016.09.20 08:24:23.693,0.73943,0.73958,1.00,1.12
2016.09.20 08:24:23.743,0.73943,0.7396,1.00,1.37
2016.09.20 08:24:23.873,0.73943,0.7396,1.37,1.37
2016.09.20 08:24:23.942,0.73943,0.73958,1.37,1.00
2016.09.20 08:24:24.174,0.73943,0.73958,1.12,1.12
2016.09.20 08:24:24.331,0.73943,0.73958,1.37,1.00
2016.09.20 08:24:24.645,0.73944,0.73959,1.12,1.00
2016.09.20 08:24:28.867,0.73944,0.7396,1.37,1.12
2016.09.20 08:24:29.251,0.73945,0.73962,1.37,1.12
2016.09.20 08:24:30.326,0.73948,0.73963,1.00,1.37
2016.09.20 08:24:30.377,0.73948,0.73963,1.00,1.00
2016.09.20 08:24:30.459,0.73949,0.73964,1.00,1.12
2016.09.20 08:24:30.643,0.73949,0.73964,1.00,1.37
2016.09.20 08:24:31.195,0.73949,0.73965,1.00,1.37
2016.09.20 08:24:32.428,0.73947,0.73965,1.37,1.37
2016.09.20 08:24:32.478,0.73947,0.73965,1.37,1.12
2016.09.20 08:24:33.109,0.73948,0.73965,1.37,1.12
2016.09.20 08:24:33.159,0.73948,0.73965,1.12,1.37
2016.09.20 08:24:33.950,0.73948,0.73965,1.00,1.37
2016.09.20 08:24:35.354,0.73948,0.73965,1.12,1.37
2016.09.20 08:24:35.455,0.73948,0.73965,1.37,1.37
2016.09.20 08:24:35.755,0.73948,0.73965,1.37,1.00
2016.09.20 08:24:35.855,0.73948,0.73965,1.37,1.37
2016.09.20 08:24:36.918,0.7395,0.73965,1.00,1.37
2016.09.20 08:24:37.675,0.73948,0.73966,1.37,1.37
2016.09.20 08:24:39.741,0.73948,0.73966,1.00,1.37
2016.09.20 08:24:39.791,0.73948,0.73966,1.37,1.37
2016.09.20 08:24:40.293,0.73948,0.73966,1.12,1.37
2016.09.20 08:24:40.466,0.73948,0.73966,1.37,1.37
2016.09.20 08:24:40.666,0.73948,0.73966,1.37,1.12
2016.09.20 08:24:40.867,0.73948,0.73966,1.12,1.37
2016.09.20 08:24:40.968,0.73948,0.73966,1.37,1.12
2016.09.20 08:24:41.068,0.73948,0.73966,1.12,1.37
2016.09.20 08:24:41.391,0.73948,0.73966,1.37,1.37
2016.09.20 08:24:42.497,0.7395,0.73965,1.00,1.37
2016.09.20 08:24:43.654,0.73948,0.73966,1.00,1.37
2016.09.20 08:24:43.705,0.73948,0.73963,1.00,1.00
2016.09.20 08:24:43.806,0.73948,0.73965,1.37,1.37
2016.09.20 08:24:43.907,0.73948,0.73963,1.12,1.12
2016.09.20 08:24:44.008,0.73948,0.73965,1.00,1.37
2016.09.20 08:24:44.109,0.73948,0.73964,1.12,1.12
2016.09.20 08:24:44.210,0.73948,0.73964,1.12,1.37
2016.09.20 08:24:44.415,0.73946,0.73963,1.37,1.12
2016.09.20 08:24:45.076,0.73946,0.73963,1.37,1.00
2016.09.20 08:24:45.177,0.73947,0.73963,1.12,1.00
2016.09.20 08:24:47.393,0.73946,0.73963,1.37,1.00
2016.09.20 08:24:47.622,0.73944,0.73961,3.00,1.00
2016.09.20 08:24:47.814,0.73943,0.7396,1.37,1.12
2016.09.20 08:24:47.918,0.73943,0.7396,1.12,1.12
2016.09.20 08:24:48.019,0.73942,0.73958,1.37,1.00
2016.09.20 08:24:48.651,0.73941,0.73958,1.37,1.00
2016.09.20 08:24:48.701,0.73942,0.73963,1.37,2.25
2016.09.20 08:24:48.810,0.73944,0.73961,1.37,1.37
2016.09.20 08:24:48.911,0.73944,0.73961,1.12,1.37
2016.09.20 08:24:48.995,0.73943,0.73959,1.37,1.12
2016.09.20 08:24:49.578,0.73941,0.73957,1.37,1.00
2016.09.20 08:24:49.628,0.73941,0.73957,1.12,1.12
2016.09.20 08:24:50.099,0.7394,0.73957,1.37,1.12
2016.09.20 08:24:52.322,0.7394,0.73958,1.37,1.37
2016.09.20 08:24:52.630,0.73942,0.73958,1.00,1.37
2016.09.20 08:24:52.802,0.73942,0.73957,1.00,1.12
2016.09.20 08:24:53.202,0.73941,0.73956,1.12,1.00
2016.09.20 08:24:53.904,0.73942,0.73957,1.00,1.12
2016.09.20 08:24:54.016,0.73941,0.73956,1.12,1.00
2016.09.20 08:24:54.117,0.73941,0.73956,1.37,1.00
2016.09.20 08:24:54.218,0.73942,0.73957,1.00,1.00
2016.09.20 08:24:54.587,0.73942,0.73957,1.12,1.12
2016.09.20 08:24:54.897,0.73942,0.73957,1.12,1.00
2016.09.20 08:24:55.652,0.73942,0.73957,1.00,1.37
2016.09.20 08:24:56.243,0.73942,0.73958,1.00,1.37
2016.09.20 08:24:56.301,0.73942,0.73958,1.12,1.37
2016.09.20 08:24:56.558,0.73941,0.73957,1.37,1.12
2016.09.20 08:24:56.609,0.73941,0.73957,1.12,1.37
2016.09.20 08:24:56.659,0.73942,0.73958,1.00,1.37
2016.09.20 08:24:56.710,0.73942,0.73958,1.12,1.12
2016.09.20 08:24:56.811,0.73941,0.73957,1.37,1.12
2016.09.20 08:24:56.912,0.73941,0.73957,1.12,1.37
2016.09.20 08:24:57.321,0.73941,0.73957,1.00,1.37
2016.09.20 08:24:57.423,0.73939,0.73955,1.37,1.00
2016.09.20 08:24:58.152,0.73939,0.73957,1.37,1.37
2016.09.20 08:24:58.313,0.73939,0.73957,1.12,1.37
2016.09.20 08:24:59.109,0.73939,0.73957,1.37,1.37
2016.09.20 08:24:59.259,0.7394,0.73957,1.12,1.37
2016.09.20 08:24:59.360,0.73939,0.73957,1.37,1.37
2016.09.20 08:25:00.115,0.7394,0.73955,1.12,1.12
2016.09.20 08:25:00.511,0.7394,0.73955,1.12,1.00
2016.09.20 08:25:01.117,0.7394,0.73957,1.12,1.37
2016.09.20 08:25:01.218,0.7394,0.73957,1.37,1.12
2016.09.20 08:25:01.995,0.7394,0.73957,1.00,1.12
2016.09.20 08:25:02.046,0.73942,0.73957,1.00,1.12
2016.09.20 08:25:02.148,0.73941,0.73957,1.00,1.00
2016.09.20 08:25:02.249,0.73941,0.73957,1.37,1.00
2016.09.20 08:25:02.421,0.73942,0.73957,1.12,1.00
2016.09.20 08:25:04.270,0.73942,0.73958,1.12,1.12
2016.09.20 08:25:04.321,0.73942,0.73958,1.37,1.00
2016.09.20 08:25:04.421,0.73942,0.73958,1.37,1.12
2016.09.20 08:25:04.853,0.73942,0.73958,1.12,1.12
2016.09.20 08:25:05.045,0.7394,0.73959,3.00,1.12
2016.09.20 08:25:05.247,0.7394,0.73959,1.37,1.37
2016.09.20 08:25:05.425,0.73942,0.73958,1.12,1.12
2016.09.20 08:25:05.526,0.73941,0.73958,1.37,1.12
2016.09.20 08:25:05.626,0.73942,0.73959,1.12,1.37
2016.09.20 08:25:05.728,0.73942,0.73959,1.37,1.12
2016.09.20 08:25:06.463,0.73943,0.73959,1.12,1.12
2016.09.20 08:25:06.564,0.7394,0.73957,3.00,1.00
2016.09.20 08:25:06.633,0.7394,0.73957,1.37,1.12
2016.09.20 08:25:06.950,0.73938,0.73953,1.12,1.00
2016.09.20 08:25:07.051,0.73938,0.73953,1.00,1.12
2016.09.20 08:25:07.136,0.73938,0.73953,1.12,1.12
2016.09.20 08:25:07.236,0.73938,0.73953,1.00,1.12
2016.09.20 08:25:07.336,0.73938,0.73953,1.00,1.37
2016.09.20 08:25:07.922,0.73939,0.73954,1.00,1.37
2016.09.20 08:25:07.972,0.73939,0.73954,1.00,1.00
2016.09.20 08:25:08.138,0.73939,0.73954,1.00,1.37
2016.09.20 08:25:09.438,0.73937,0.73953,1.37,1.12
2016.09.20 08:25:09.489,0.73937,0.73953,1.00,1.37
2016.09.20 08:25:09.539,0.73938,0.73955,1.00,1.37
2016.09.20 08:25:09.774,0.7394,0.73956,1.00,1.37
2016.09.20 08:25:10.150,0.7394,0.73956,1.12,1.37
2016.09.20 08:25:10.251,0.7394,0.73956,1.00,1.37
2016.09.20 08:25:10.958,0.7394,0.73957,1.00,1.37
2016.09.20 08:25:12.193,0.73941,0.73957,1.00,1.37
2016.09.20 08:25:12.467,0.73937,0.73952,2.25,1.00
2016.09.20 08:25:12.568,0.73936,0.73952,3.00,1.00
2016.09.20 08:25:12.618,0.73936,0.73952,2.25,1.00
2016.09.20 08:25:12.669,0.73932,0.73951,1.37,1.37
2016.09.20 08:25:12.870,0.73934,0.73951,1.12,1.37
2016.09.20 08:25:12.971,0.73934,0.73951,1.00,1.37
2016.09.20 08:25:13.331,0.73934,0.73951,1.12,1.37
2016.09.20 08:25:13.463,0.73934,0.73951,1.00,1.37
2016.09.20 08:25:13.650,0.73933,0.73951,1.12,1.37
2016.09.20 08:25:13.751,0.73934,0.73952,1.00,1.87
2016.09.20 08:25:13.801,0.73934,0.73952,1.00,1.37
2016.09.20 08:25:13.864,0.73934,0.73952,1.12,1.37
2016.09.20 08:25:14.535,0.73933,0.73952,1.37,1.37
2016.09.20 08:25:14.594,0.73933,0.73949,1.37,1.12
2016.09.20 08:25:14.768,0.73933,0.7395,1.00,1.37
2016.09.20 08:25:14.869,0.73932,0.73949,1.12,1.12
2016.09.20 08:25:15.555,0.73932,0.73948,1.12,1.00
2016.09.20 08:25:15.769,0.73932,0.7395,1.12,1.37
2016.09.20 08:25:15.872,0.73932,0.7395,1.37,1.37
2016.09.20 08:25:16.897,0.73932,0.7395,1.37,1.50
2016.09.20 08:25:16.998,0.73932,0.73948,1.37,1.00
2016.09.20 08:25:17.489,0.73929,0.73946,1.37,1.00
2016.09.20 08:25:17.541,0.73929,0.73946,1.12,1.00
2016.09.20 08:25:17.674,0.73929,0.73946,1.37,1.12
2016.09.20 08:25:17.900,0.73931,0.73947,1.37,1.00
2016.09.20 08:25:18.259,0.73928,0.73946,3.75,1.00
2016.09.20 08:25:18.336,0.73928,0.73945,1.37,1.12
2016.09.20 08:25:18.387,0.73928,0.73945,1.12,1.37
2016.09.20 08:25:18.487,0.73928,0.73945,1.37,1.37
2016.09.20 08:25:19.362,0.73928,0.73944,1.37,1.12
2016.09.20 08:25:19.910,0.73926,0.73942,1.37,1.12
2016.09.20 08:25:20.345,0.73926,0.73942,1.50,1.00
2016.09.20 08:25:20.395,0.73929,0.73946,1.12,1.37
2016.09.20 08:25:20.690,0.73929,0.73946,1.37,1.37
2016.09.20 08:25:21.146,0.73928,0.73944,1.12,1.00
2016.09.20 08:25:21.197,0.73928,0.73944,1.37,1.12
2016.09.20 08:25:21.392,0.73929,0.73945,1.00,1.37
2016.09.20 08:25:23.562,0.7393,0.73946,1.00,1.37
2016.09.20 08:25:23.613,0.7393,0.73946,1.12,1.12
2016.09.20 08:25:23.673,0.73929,0.73945,1.37,1.00
2016.09.20 08:25:24.775,0.7393,0.73946,1.12,1.12
2016.09.20 08:25:24.896,0.7393,0.73946,1.00,1.37
2016.09.20 08:25:24.975,0.73929,0.73945,1.12,1.12
2016.09.20 08:25:25.026,0.73929,0.73945,1.00,1.37
2016.09.20 08:25:25.527,0.73929,0.73945,1.12,1.12
2016.09.20 08:25:26.900,0.73929,0.73945,1.37,1.00
2016.09.20 08:25:27.001,0.73931,0.73947,1.00,1.37
2016.09.20 08:25:27.102,0.73931,0.73947,1.37,1.12
2016.09.20 08:25:27.203,0.73931,0.73947,1.12,1.12
2016.09.20 08:25:27.281,0.73932,0.73948,1.00,1.37
2016.09.20 08:25:27.332,0.73932,0.73948,1.12,1.37
2016.09.20 08:25:27.636,0.73931,0.73947,1.00,1.37
2016.09.20 08:25:28.283,0.73933,0.73948,1.00,2.25
2016.09.20 08:25:28.333,0.73933,0.73949,1.00,3.75
2016.09.20 08:25:28.388,0.73933,0.73949,1.00,3.00
2016.09.20 08:25:28.602,0.73932,0.73948,1.00,1.37
2016.09.20 08:25:28.654,0.73932,0.73948,1.12,1.12
2016.09.20 08:25:28.886,0.73934,0.7395,1.00,1.37
2016.09.20 08:25:29.297,0.73932,0.7395,1.37,1.37
2016.09.20 08:25:29.633,0.73932,0.7395,1.00,1.00
2016.09.20 08:25:30.076,0.73932,0.7395,1.12,1.97
2016.09.20 08:25:30.126,0.73931,0.73947,1.12,1.37
2016.09.20 08:25:30.447,0.73931,0.73947,1.37,1.12
2016.09.20 08:25:30.497,0.73933,0.7395,1.00,1.97
2016.09.20 08:25:30.548,0.73933,0.7395,1.12,1.37
2016.09.20 08:25:30.648,0.73933,0.73949,1.12,1.12
2016.09.20 08:25:30.699,0.73934,0.7395,1.00,1.37
2016.09.20 08:25:30.945,0.73933,0.73949,1.12,1.12
2016.09.20 08:25:31.193,0.73934,0.7395,1.00,1.37
2016.09.20 08:25:31.415,0.73933,0.73949,1.12,1.37
2016.09.20 08:25:31.519,0.73931,0.73947,1.00,1.00
2016.09.20 08:25:31.638,0.7393,0.73946,1.12,1.12
2016.09.20 08:25:32.048,0.7393,0.73946,1.37,1.00
2016.09.20 08:25:32.452,0.7393,0.73946,1.37,1.12
2016.09.20 08:25:32.502,0.73931,0.73947,1.12,1.37
2016.09.20 08:25:32.553,0.73931,0.73947,1.12,1.12
2016.09.20 08:25:32.654,0.73931,0.73947,1.37,1.12
2016.09.20 08:25:33.319,0.73931,0.73947,1.12,1.37
2016.09.20 08:25:33.400,0.7393,0.73946,1.37,1.12
2016.09.20 08:25:33.501,0.73928,0.73946,1.87,1.12
2016.09.20 08:25:33.605,0.73928,0.73946,1.37,1.12
2016.09.20 08:25:35.422,0.73928,0.73946,1.37,1.37
2016.09.20 08:25:35.707,0.7393,0.73946,1.00,1.37
2016.09.20 08:25:37.110,0.73929,0.73945,1.12,1.12
2016.09.20 08:25:37.363,0.73929,0.73945,1.37,1.12
2016.09.20 08:25:38.898,0.73931,0.73947,1.12,1.37
2016.09.20 08:25:38.948,0.73931,0.73947,1.37,1.00
2016.09.20 08:25:39.016,0.73932,0.73948,1.12,1.12
2016.09.20 08:25:39.067,0.73932,0.73948,1.37,1.12
2016.09.20 08:25:40.909,0.73933,0.73949,1.37,1.00
2016.09.20 08:25:40.960,0.73933,0.73951,1.37,1.37
2016.09.20 08:25:41.924,0.73934,0.73949,1.12,1.00
2016.09.20 08:25:43.351,0.73934,0.73948,1.12,1.00
2016.09.20 08:25:44.080,0.73934,0.73948,1.00,1.12
2016.09.20 08:25:44.980,0.73934,0.73948,1.00,1.00
2016.09.20 08:25:45.803,0.73934,0.73948,1.12,1.00
2016.09.20 08:25:45.853,0.73931,0.73946,1.12,1.00
2016.09.20 08:25:46.583,0.73931,0.73946,1.37,1.00
2016.09.20 08:25:48.950,0.73931,0.73946,1.12,1.00
2016.09.20 08:25:49.429,0.73931,0.73946,1.37,1.00
2016.09.20 08:25:51.241,0.73931,0.73948,1.12,1.37
2016.09.20 08:25:51.588,0.73931,0.73945,1.00,1.30
2016.09.20 08:25:51.689,0.73927,0.73943,1.00,3.00
2016.09.20 08:25:51.744,0.73926,0.73941,1.00,1.37
2016.09.20 08:25:51.945,0.7392,0.73935,1.37,1.00
2016.09.20 08:25:52.015,0.73918,0.73935,1.87,1.00
2016.09.20 08:25:52.066,0.73918,0.73935,1.87,1.37
2016.09.20 08:25:52.168,0.73916,0.73934,1.00,1.37
2016.09.20 08:25:52.269,0.73912,0.73931,1.12,3.75
2016.09.20 08:25:52.370,0.73912,0.73931,1.37,1.87
2016.09.20 08:25:52.471,0.73912,0.73931,1.75,1.37
2016.09.20 08:25:52.715,0.73913,0.73931,1.00,1.12
2016.09.20 08:25:52.766,0.73915,0.73933,1.00,3.00
2016.09.20 08:25:53.271,0.73915,0.73933,1.00,1.37
2016.09.20 08:25:53.373,0.73914,0.73931,1.12,1.37
2016.09.20 08:25:53.592,0.73915,0.73931,3.00,1.00
2016.09.20 08:25:53.643,0.73918,0.73935,1.37,1.37
2016.09.20 08:25:53.693,0.73918,0.73937,1.12,2.25
2016.09.20 08:25:53.794,0.73921,0.73938,1.00,1.37
2016.09.20 08:25:54.005,0.73921,0.73938,1.12,1.37
2016.09.20 08:25:54.056,0.73922,0.73939,1.00,1.87
2016.09.20 08:25:54.106,0.73922,0.73939,1.00,3.75
2016.09.20 08:25:54.157,0.73922,0.73939,1.00,3.00
2016.09.20 08:25:54.590,0.73922,0.73939,1.00,1.37
2016.09.20 08:25:54.774,0.73922,0.7394,1.00,3.00
2016.09.20 08:25:55.485,0.73924,0.7394,1.00,2.25
2016.09.20 08:25:55.554,0.73922,0.7394,1.00,2.25
2016.09.20 08:25:56.155,0.73924,0.7394,1.00,2.25
2016.09.20 08:25:56.586,0.73923,0.7394,1.00,3.00
2016.09.20 08:25:57.584,0.73925,0.73941,1.00,1.00
2016.09.20 08:25:57.709,0.73927,0.73944,1.00,1.37
2016.09.20 08:25:57.813,0.73927,0.73944,1.72,1.37
2016.09.20 08:25:57.913,0.73927,0.73944,1.35,1.37
2016.09.20 08:25:57.964,0.73929,0.73946,1.00,1.37
2016.09.20 08:25:58.661,0.73929,0.73947,1.00,3.75
2016.09.20 08:25:58.809,0.73929,0.73946,1.00,1.37
2016.09.20 08:25:59.342,0.73929,0.73946,1.00,3.00
2016.09.20 08:25:59.396,0.73928,0.73945,1.00,1.87
2016.09.20 08:25:59.466,0.73928,0.73945,1.00,1.37
2016.09.20 08:26:00.064,0.73929,0.73946,1.00,2.25
2016.09.20 08:26:00.450,0.73931,0.73946,1.00,2.25
2016.09.20 08:26:00.501,0.73928,0.73946,1.50,1.37
2016.09.20 08:26:00.603,0.7393,0.73947,1.00,1.37
2016.09.20 08:26:00.867,0.73928,0.73946,1.37,1.37
2016.09.20 08:26:01.488,0.73929,0.73946,1.12,1.37
2016.09.20 08:26:02.272,0.7393,0.73947,1.00,3.00
2016.09.20 08:26:02.373,0.7393,0.73947,1.00,3.75
2016.09.20 08:26:02.758,0.73928,0.73945,1.00,1.37
2016.09.20 08:26:02.887,0.73928,0.73945,1.37,1.37
2016.09.20 08:26:02.988,0.73928,0.73945,1.12,1.00
2016.09.20 08:26:03.272,0.73929,0.73946,1.00,1.12
2016.09.20 08:26:03.322,0.73929,0.73946,1.12,1.37
2016.09.20 08:26:03.389,0.73929,0.73946,1.00,1.12
2016.09.20 08:26:03.525,0.73929,0.73946,1.12,1.37
2016.09.20 08:26:03.575,0.73927,0.73946,1.37,1.37
2016.09.20 08:26:04.191,0.73925,0.73945,3.00,1.87
2016.09.20 08:26:04.242,0.73925,0.73945,1.37,3.75
2016.09.20 08:26:04.292,0.73925,0.73944,1.12,2.25
2016.09.20 08:26:04.828,0.73925,0.73945,1.37,3.75
2016.09.20 08:26:04.878,0.73925,0.73945,1.50,3.75
2016.09.20 08:26:04.929,0.73925,0.73945,1.50,1.87
2016.09.20 08:26:04.979,0.73925,0.73945,1.12,1.37
2016.09.20 08:26:05.176,0.73927,0.73944,1.00,1.37
2016.09.20 08:26:06.480,0.73926,0.73944,1.00,1.37
2016.09.20 08:26:07.074,0.73927,0.73943,1.00,1.37
2016.09.20 08:26:07.282,0.73926,0.73942,1.00,1.12
2016.09.20 08:26:07.482,0.73926,0.73944,1.00,1.87
2016.09.20 08:26:07.601,0.73926,0.73944,1.12,1.87
2016.09.20 08:26:07.734,0.73926,0.73943,1.00,2.25
2016.09.20 08:26:07.955,0.73926,0.73944,1.12,1.87
2016.09.20 08:26:08.006,0.73926,0.73944,1.37,1.37
2016.09.20 08:26:08.102,0.73926,0.73944,1.12,1.37
2016.09.20 08:26:09.860,0.73926,0.73944,1.12,1.72
2016.09.20 08:26:10.106,0.73926,0.73944,1.00,1.72
2016.09.20 08:26:10.316,0.73926,0.73944,1.00,3.60
2016.09.20 08:26:10.388,0.73926,0.73942,1.00,1.37
2016.09.20 08:26:10.488,0.73925,0.73941,1.12,1.37
2016.09.20 08:26:10.539,0.73925,0.73941,1.37,1.12
2016.09.20 08:26:10.826,0.73925,0.73941,1.12,1.37
2016.09.20 08:26:11.330,0.73925,0.73941,1.00,1.37
2016.09.20 08:26:12.392,0.73922,0.73941,1.37,1.37
2016.09.20 08:26:12.443,0.73922,0.73941,1.12,1.72
2016.09.20 08:26:12.495,0.7392,0.73936,1.75,1.00
2016.09.20 08:26:12.545,0.7392,0.73936,1.12,1.50
2016.09.20 08:26:12.610,0.7392,0.73937,1.12,1.87
2016.09.20 08:26:12.661,0.7392,0.73937,1.00,1.87
2016.09.20 08:26:12.711,0.73919,0.73936,1.12,1.37
2016.09.20 08:26:12.762,0.73919,0.73935,1.00,2.25
2016.09.20 08:26:12.812,0.73915,0.73935,1.37,3.00
2016.09.20 08:26:12.863,0.73915,0.73935,1.37,1.37
2016.09.20 08:26:12.913,0.73914,0.73933,3.00,1.12
2016.09.20 08:26:13.327,0.73914,0.73933,3.00,1.00
2016.09.20 08:26:13.379,0.73915,0.73933,1.00,3.00
2016.09.20 08:26:13.431,0.73917,0.73933,1.12,1.00
2016.09.20 08:26:13.499,0.73917,0.73936,1.12,1.37
2016.09.20 08:26:13.550,0.73917,0.73936,1.72,1.37
2016.09.20 08:26:14.206,0.73919,0.73936,1.00,1.37
2016.09.20 08:26:14.498,0.73919,0.73936,1.00,1.72
2016.09.20 08:26:14.549,0.73919,0.73936,1.12,1.72
2016.09.20 08:26:14.599,0.73918,0.73935,1.37,1.37
2016.09.20 08:26:14.650,0.73918,0.73935,1.37,1.12
2016.09.20 08:26:14.700,0.73919,0.73936,1.12,1.37
2016.09.20 08:26:14.751,0.73919,0.73936,1.00,1.37
2016.09.20 08:26:14.821,0.73919,0.73936,1.00,3.00
2016.09.20 08:26:14.922,0.73919,0.73936,1.00,1.37
2016.09.20 08:26:15.225,0.73919,0.73936,1.12,1.37
2016.09.20 08:26:15.697,0.73919,0.73937,1.12,2.62
2016.09.20 08:26:15.758,0.73919,0.73937,1.12,3.22
2016.09.20 08:26:15.824,0.73919,0.73937,1.00,5.10
2016.09.20 08:26:16.153,0.73916,0.73933,1.37,1.12
2016.09.20 08:26:16.308,0.73917,0.73934,1.12,1.87
2016.09.20 08:26:17.400,0.73919,0.73934,1.00,1.37
2016.09.20 08:26:17.450,0.73919,0.73934,1.12,1.12
2016.09.20 08:26:17.501,0.73919,0.73936,1.12,1.50
2016.09.20 08:26:17.551,0.73919,0.73936,1.00,1.12
2016.09.20 08:26:17.736,0.73919,0.73936,1.37,1.12
2016.09.20 08:26:17.787,0.73919,0.73938,1.37,1.87
2016.09.20 08:26:18.007,0.73919,0.73938,1.37,1.12
2016.09.20 08:26:18.058,0.73919,0.73938,1.37,1.37
2016.09.20 08:26:18.159,0.73919,0.73938,1.12,3.00
2016.09.20 08:26:18.370,0.73919,0.73938,1.37,1.37
2016.09.20 08:26:18.471,0.73919,0.73938,1.12,3.00
2016.09.20 08:26:18.658,0.73919,0.73938,1.12,1.37
2016.09.20 08:26:18.845,0.73921,0.73938,1.00,1.37
2016.09.20 08:26:19.268,0.73921,0.73938,1.12,1.37
2016.09.20 08:26:21.247,0.73921,0.73938,1.00,1.37
2016.09.20 08:26:21.307,0.7392,0.73937,1.12,1.37
2016.09.20 08:26:21.357,0.7392,0.73937,1.00,3.22
2016.09.20 08:26:21.598,0.7392,0.73937,1.00,1.37
2016.09.20 08:26:21.648,0.7392,0.73937,1.00,1.12
2016.09.20 08:26:21.765,0.7392,0.73937,1.12,1.37
2016.09.20 08:26:21.839,0.7392,0.73937,1.00,1.37
2016.09.20 08:26:22.320,0.73919,0.73937,1.12,1.37
2016.09.20 08:26:22.441,0.73919,0.73937,1.37,1.37
2016.09.20 08:26:23.167,0.73919,0.73937,1.12,1.37
2016.09.20 08:26:23.278,0.73919,0.73937,1.72,1.37
2016.09.20 08:26:23.328,0.73922,0.73938,1.00,3.00
2016.09.20 08:26:23.379,0.73922,0.73939,1.00,3.75
2016.09.20 08:26:23.580,0.73922,0.73939,1.37,1.87
2016.09.20 08:26:23.680,0.73923,0.7394,1.00,1.87
2016.09.20 08:26:23.781,0.73923,0.7394,1.00,1.37
2016.09.20 08:26:23.894,0.73923,0.7394,1.00,1.12
2016.09.20 08:26:23.946,0.73923,0.7394,1.37,1.37
2016.09.20 08:26:24.011,0.73924,0.73941,1.12,1.37
2016.09.20 08:26:24.061,0.73924,0.73941,1.37,1.37
2016.09.20 08:26:24.405,0.73925,0.73942,1.12,1.37
2016.09.20 08:26:24.456,0.73925,0.73943,1.37,1.37
2016.09.20 08:26:25.524,0.73924,0.73941,1.37,1.50
2016.09.20 08:26:25.575,0.73924,0.73941,1.12,1.87
2016.09.20 08:26:25.675,0.73924,0.73941,1.00,1.87
2016.09.20 08:26:25.726,0.73924,0.7394,1.00,1.37
2016.09.20 08:26:25.776,0.73924,0.7394,1.12,1.37
2016.09.20 08:26:25.877,0.73924,0.73941,1.37,1.72
2016.09.20 08:26:25.978,0.73924,0.73941,1.12,1.72
2016.09.20 08:26:26.028,0.73923,0.7394,1.37,1.37
2016.09.20 08:26:26.477,0.73923,0.7394,1.00,1.37
2016.09.20 08:26:26.802,0.73923,0.7394,1.12,1.37
2016.09.20 08:26:26.852,0.73921,0.7394,1.37,1.37
2016.09.20 08:26:27.618,0.73922,0.7394,1.37,1.37
2016.09.20 08:26:27.758,0.73922,0.7394,1.37,1.72
2016.09.20 08:26:27.980,0.73917,0.73935,2.62,1.37
2016.09.20 08:26:28.030,0.73917,0.73935,1.37,1.37
2016.09.20 08:26:29.022,0.73917,0.73933,1.37,1.12
2016.09.20 08:26:29.184,0.73917,0.73933,1.12,1.12
2016.09.20 08:26:31.159,0.73917,0.73933,1.37,1.00
2016.09.20 08:26:31.470,0.73917,0.73933,1.37,1.12
2016.09.20 08:26:32.474,0.73916,0.73937,1.12,2.47
2016.09.20 08:26:32.528,0.73918,0.73934,1.00,1.12
2016.09.20 08:26:32.628,0.73921,0.73937,1.00,1.87
2016.09.20 08:26:32.679,0.73921,0.73937,1.37,1.00
2016.09.20 08:26:32.780,0.7392,0.73936,1.12,1.12
2016.09.20 08:26:32.830,0.73919,0.73936,1.37,3.22
2016.09.20 08:26:32.881,0.73918,0.73936,1.00,3.22
2016.09.20 08:26:32.931,0.73918,0.73936,1.00,1.37
2016.09.20 08:26:33.082,0.73918,0.73936,1.37,1.37
2016.09.20 08:26:33.457,0.73918,0.73936,1.00,1.37
2016.09.20 08:26:33.611,0.73918,0.73936,1.12,1.37
2016.09.20 08:26:33.661,0.73921,0.73937,1.00,3.00
2016.09.20 08:26:33.712,0.73921,0.73937,1.00,1.37
2016.09.20 08:26:33.763,0.7392,0.73937,1.12,1.37
2016.09.20 08:26:33.814,0.7392,0.73937,1.00,1.37
2016.09.20 08:26:34.388,0.7392,0.73937,1.12,1.72
2016.09.20 08:26:34.439,0.7392,0.73937,1.12,1.37
2016.09.20 08:26:34.779,0.73921,0.73938,1.00,1.37
2016.09.20 08:26:34.933,0.73922,0.73939,1.00,3.00
2016.09.20 08:26:34.983,0.73922,0.73939,1.00,1.37
2016.09.20 08:26:37.141,0.7392,0.73937,1.37,1.37
2016.09.20 08:26:37.192,0.7392,0.73937,1.37,1.72
2016.09.20 08:26:37.242,0.73919,0.73936,1.37,1.00
2016.09.20 08:26:37.509,0.73919,0.73936,1.12,1.37
2016.09.20 08:26:37.993,0.73919,0.73936,1.00,1.37
2016.09.20 08:26:38.044,0.73918,0.73935,1.12,1.37
2016.09.20 08:26:38.372,0.73917,0.73936,1.37,1.37
2016.09.20 08:26:38.941,0.73918,0.73935,1.37,1.37
2016.09.20 08:26:40.346,0.73918,0.73935,1.12,1.37
2016.09.20 08:26:40.397,0.73918,0.73935,1.37,1.37
2016.09.20 08:26:40.509,0.73918,0.73935,1.12,1.37
2016.09.20 08:26:41.100,0.73918,0.73935,1.37,1.37
2016.09.20 08:26:42.056,0.73919,0.73935,1.12,1.37
2016.09.20 08:26:42.294,0.73917,0.73935,1.37,1.37
2016.09.20 08:26:42.564,0.73917,0.73933,1.37,1.00
2016.09.20 08:26:42.615,0.73917,0.73933,1.37,1.12
2016.09.20 08:26:42.914,0.73917,0.73933,1.00,1.37
2016.09.20 08:26:44.019,0.73917,0.73933,1.12,1.37
2016.09.20 08:26:44.371,0.73916,0.73932,1.37,1.12
2016.09.20 08:26:44.451,0.73917,0.73933,1.12,1.37
2016.09.20 08:26:44.652,0.73916,0.73932,1.37,1.12
2016.09.20 08:26:46.155,0.73917,0.73933,1.12,1.37
2016.09.20 08:26:46.256,0.73917,0.73933,1.37,1.00
2016.09.20 08:26:46.357,0.73915,0.73933,1.37,1.37
2016.09.20 08:26:46.458,0.73915,0.73933,1.37,1.00
2016.09.20 08:26:46.559,0.73915,0.73933,1.37,1.37
2016.09.20 08:26:46.660,0.73915,0.73931,1.37,1.00
2016.09.20 08:26:47.157,0.73915,0.73933,1.37,1.37
2016.09.20 08:26:51.566,0.73916,0.73931,1.37,1.00
2016.09.20 08:26:51.970,0.73918,0.73934,1.00,1.37
2016.09.20 08:26:52.127,0.73918,0.73934,1.12,1.37
2016.09.20 08:26:52.368,0.73917,0.73933,1.37,1.12
2016.09.20 08:26:52.425,0.73917,0.73933,1.12,1.12
2016.09.20 08:26:52.526,0.73917,0.73933,1.37,1.12
2016.09.20 08:26:53.331,0.73917,0.73933,1.12,1.37
2016.09.20 08:26:54.531,0.73917,0.73933,1.00,1.00
2016.09.20 08:26:54.581,0.73915,0.73933,1.37,1.00
2016.09.20 08:26:55.274,0.73917,0.73932,1.00,1.00
2016.09.20 08:26:55.374,0.73916,0.73932,1.12,1.00
2016.09.20 08:26:55.475,0.73916,0.73932,1.37,1.12
2016.09.20 08:26:55.700,0.73914,0.7393,1.37,1.00
2016.09.20 08:26:55.751,0.73914,0.7393,1.00,1.72
2016.09.20 08:26:55.876,0.73913,0.73932,1.12,4.35
2016.09.20 08:26:56.283,0.73913,0.73932,1.00,1.37
2016.09.20 08:26:56.578,0.73913,0.73931,1.12,1.37
2016.09.20 08:26:56.797,0.73913,0.73931,1.37,1.37
2016.09.20 08:26:56.899,0.73912,0.73928,1.37,1.00
2016.09.20 08:26:57.438,0.73912,0.73928,1.37,1.12
2016.09.20 08:26:57.752,0.73912,0.73928,1.37,1.00
2016.09.20 08:26:59.242,0.73912,0.73928,1.12,1.00
2016.09.20 08:27:00.359,0.73915,0.73931,1.00,1.37
2016.09.20 08:27:00.410,0.73913,0.73929,1.12,1.12
2016.09.20 08:27:00.460,0.73913,0.73929,1.00,1.37
2016.09.20 08:27:00.561,0.73914,0.7393,1.00,3.00
2016.09.20 08:27:00.612,0.73916,0.7393,1.00,2.25
2016.09.20 08:27:00.662,0.73916,0.73931,1.00,1.12
2016.09.20 08:27:00.713,0.73916,0.73932,1.00,1.37
2016.09.20 08:27:00.948,0.73916,0.73932,1.12,1.00
2016.09.20 08:27:01.259,0.73916,0.73932,1.00,1.37
2016.09.20 08:27:01.807,0.73915,0.73931,1.00,1.37
2016.09.20 08:27:01.857,0.73915,0.73931,1.12,1.12
2016.09.20 08:27:01.908,0.73916,0.73932,1.00,1.37
2016.09.20 08:27:02.353,0.73916,0.73932,1.12,1.12
2016.09.20 08:27:02.403,0.73915,0.73931,1.37,1.00
2016.09.20 08:27:02.470,0.73915,0.73931,1.12,1.12
2016.09.20 08:27:02.571,0.73915,0.73931,1.37,1.12
2016.09.20 08:27:03.138,0.73914,0.73933,1.37,1.72
2016.09.20 08:27:03.589,0.73914,0.73932,1.37,1.37
2016.09.20 08:27:05.170,0.73914,0.73932,1.37,1.72
2016.09.20 08:27:05.322,0.73912,0.73927,3.00,1.00
2016.09.20 08:27:05.372,0.73912,0.73927,1.00,1.37
2016.09.20 08:27:05.564,0.73911,0.73927,1.12,1.37
2016.09.20 08:27:05.615,0.7391,0.73926,1.37,1.12
2016.09.20 08:27:05.716,0.73911,0.73927,1.12,1.37
2016.09.20 08:27:06.272,0.73911,0.73927,1.37,1.12
2016.09.20 08:27:07.096,0.7391,0.73926,1.37,1.00
2016.09.20 08:27:07.737,0.73909,0.73925,1.37,1.00
2016.09.20 08:27:07.788,0.7391,0.73926,1.37,1.12
2016.09.20 08:27:08.075,0.7391,0.73926,1.37,1.00
2016.09.20 08:27:08.869,0.73911,0.73927,1.37,1.12
2016.09.20 08:27:09.601,0.7391,0.73926,1.37,1.00
2016.09.20 08:27:09.901,0.73911,0.73927,1.37,1.12
2016.09.20 08:27:10.102,0.7391,0.73926,1.37,1.00
2016.09.20 08:27:10.504,0.73911,0.73927,1.37,1.12
2016.09.20 08:27:10.679,0.73911,0.73927,1.12,1.12
2016.09.20 08:27:10.930,0.73911,0.73927,1.37,1.12
2016.09.20 08:27:11.482,0.73911,0.73927,1.37,1.00
2016.09.20 08:27:11.686,0.73911,0.73927,1.12,1.12
2016.09.20 08:27:11.787,0.73911,0.73927,1.12,1.00
2016.09.20 08:27:11.837,0.73911,0.73929,1.12,1.37
2016.09.20 08:27:11.938,0.73911,0.73927,1.12,1.12
2016.09.20 08:27:11.989,0.73911,0.73927,1.37,1.12
2016.09.20 08:27:12.828,0.73911,0.73927,1.37,1.00
2016.09.20 08:27:12.989,0.73911,0.73927,1.37,1.12
2016.09.20 08:27:13.234,0.73912,0.73928,1.12,1.37
2016.09.20 08:27:13.761,0.73913,0.73929,1.12,1.37
2016.09.20 08:27:14.293,0.73913,0.73929,1.00,1.12
2016.09.20 08:27:15.213,0.73912,0.73928,1.00,1.00
2016.09.20 08:27:15.613,0.73913,0.73929,1.00,1.12
2016.09.20 08:27:15.714,0.73912,0.73928,1.00,1.00
2016.09.20 08:27:16.014,0.73913,0.73929,1.00,1.12
2016.09.20 08:27:17.027,0.73912,0.73928,1.37,1.12
2016.09.20 08:27:17.128,0.73911,0.73928,1.37,1.00
2016.09.20 08:27:17.202,0.73911,0.73928,1.37,1.12
2016.09.20 08:27:17.252,0.73912,0.73928,1.12,1.12
2016.09.20 08:27:17.554,0.73912,0.73926,1.12,1.00
2016.09.20 08:27:18.206,0.73912,0.73926,1.00,1.00
2016.09.20 08:27:18.307,0.73912,0.73926,1.12,1.00
2016.09.20 08:27:19.318,0.73912,0.73927,1.12,1.00
2016.09.20 08:27:19.368,0.73909,0.73926,2.25,1.00
2016.09.20 08:27:19.419,0.73907,0.73926,2.25,1.72
2016.09.20 08:27:19.469,0.73907,0.73922,2.25,1.00
2016.09.20 08:27:19.520,0.73907,0.73923,1.37,1.00
2016.09.20 08:27:19.726,0.73907,0.73923,1.12,1.37
2016.09.20 08:27:19.831,0.73907,0.73923,1.37,1.12
2016.09.20 08:27:19.912,0.73907,0.73923,1.00,1.37
2016.09.20 08:27:20.221,0.73905,0.73922,1.37,1.12
2016.09.20 08:27:20.313,0.73905,0.73922,1.12,1.37
2016.09.20 08:27:20.363,0.73906,0.73922,1.00,1.37
2016.09.20 08:27:20.914,0.73904,0.7392,1.37,1.12
2016.09.20 08:27:20.964,0.73905,0.7392,1.00,1.37
2016.09.20 08:27:21.016,0.73905,0.7392,1.12,1.12
2016.09.20 08:27:21.066,0.73905,0.73923,1.12,1.37
2016.09.20 08:27:21.167,0.73905,0.73923,1.00,1.37
2016.09.20 08:27:21.228,0.73905,0.73923,1.37,1.37
2016.09.20 08:27:21.367,0.73908,0.73923,1.00,1.37
2016.09.20 08:27:21.418,0.73908,0.73923,1.37,1.00
2016.09.20 08:27:21.469,0.73908,0.73926,1.37,1.37
2016.09.20 08:27:21.907,0.73908,0.73926,1.37,1.72
2016.09.20 08:27:21.958,0.73909,0.73926,1.37,1.37
2016.09.20 08:27:22.059,0.73908,0.73923,1.12,1.00
2016.09.20 08:27:22.122,0.73908,0.73923,1.00,1.37
2016.09.20 08:27:22.976,0.73906,0.73924,1.12,1.37
2016.09.20 08:27:23.175,0.73908,0.73923,1.00,1.37
2016.09.20 08:27:25.642,0.73909,0.73925,1.00,3.00
2016.09.20 08:27:25.886,0.73909,0.73925,1.37,1.12
2016.09.20 08:27:26.177,0.73907,0.73925,1.37,1.12
2016.09.20 08:27:26.281,0.73907,0.73923,1.37,1.00
2016.09.20 08:27:26.438,0.73907,0.73923,1.00,1.37
2016.09.20 08:27:27.069,0.73908,0.73924,1.00,1.37
2016.09.20 08:27:27.809,0.73909,0.73924,1.00,1.37
2016.09.20 08:27:28.057,0.73908,0.73926,1.12,3.00
2016.09.20 08:27:28.158,0.73909,0.73927,1.12,1.87
2016.09.20 08:27:28.208,0.73909,0.73927,1.12,1.37
2016.09.20 08:27:28.259,0.73909,0.73927,1.37,1.37
2016.09.20 08:27:28.744,0.73907,0.73925,3.75,1.00
2016.09.20 08:27:28.845,0.73909,0.73925,1.37,1.00
2016.09.20 08:27:28.899,0.73909,0.73925,1.12,1.00
2016.09.20 08:27:28.950,0.73906,0.73925,3.00,1.37
2016.09.20 08:27:29.000,0.73906,0.73925,3.00,1.72
2016.09.20 08:27:29.051,0.73906,0.73922,1.37,1.00
2016.09.20 08:27:29.427,0.73906,0.73922,1.00,1.37
2016.09.20 08:27:29.477,0.73906,0.73922,1.00,1.72
2016.09.20 08:27:29.530,0.73906,0.73922,1.00,1.37
2016.09.20 08:27:29.580,0.73905,0.73921,1.00,1.12
2016.09.20 08:27:29.849,0.73905,0.73921,1.12,1.12
2016.09.20 08:27:30.041,0.73906,0.73921,1.00,1.12
2016.09.20 08:27:30.542,0.73905,0.73921,1.12,1.12
2016.09.20 08:27:35.851,0.73906,0.73921,1.00,1.12
2016.09.20 08:27:36.152,0.73905,0.7392,1.12,1.00
2016.09.20 08:27:38.062,0.73906,0.73921,1.00,1.12
2016.09.20 08:27:38.473,0.73906,0.73921,1.12,1.12
2016.09.20 08:27:38.781,0.73906,0.73921,1.00,1.12
2016.09.20 08:27:39.702,0.73906,0.73921,1.00,1.00
2016.09.20 08:27:40.478,0.73906,0.73921,1.12,1.12
2016.09.20 08:27:41.193,0.73907,0.73922,1.00,1.37
2016.09.20 08:27:41.564,0.73906,0.73922,1.12,1.37
2016.09.20 08:27:41.680,0.73906,0.73922,1.00,1.37
2016.09.20 08:27:42.306,0.73905,0.7392,1.00,1.12
2016.09.20 08:27:43.582,0.73899,0.73916,3.75,1.00
2016.09.20 08:27:43.633,0.73899,0.73916,1.37,1.00
2016.09.20 08:27:43.683,0.73901,0.73916,1.12,1.00
2016.09.20 08:27:43.785,0.73901,0.73916,1.00,1.37
2016.09.20 08:27:43.918,0.739,0.73915,1.00,1.12
2016.09.20 08:27:44.085,0.739,0.73915,1.00,1.37
2016.09.20 08:27:44.706,0.73899,0.73915,1.00,1.37
2016.09.20 08:27:45.106,0.73898,0.73915,1.00,2.25
2016.09.20 08:27:45.207,0.73898,0.73916,1.00,3.75
2016.09.20 08:27:45.257,0.73898,0.73916,1.00,3.00
2016.09.20 08:27:45.308,0.73898,0.73916,1.12,1.37
2016.09.20 08:27:45.496,0.739,0.73916,1.00,1.37
2016.09.20 08:27:45.706,0.73898,0.73916,2.25,1.12
2016.09.20 08:27:45.807,0.73896,0.73911,1.12,1.12
2016.09.20 08:27:45.858,0.73895,0.73911,1.37,1.12
2016.09.20 08:27:45.908,0.73895,0.73913,1.00,3.00
2016.09.20 08:27:46.009,0.73897,0.73913,1.12,1.12
2016.09.20 08:27:46.110,0.73899,0.73915,1.00,1.37
2016.09.20 08:27:46.344,0.73899,0.73916,1.12,1.37
2016.09.20 08:27:46.394,0.73899,0.73916,1.00,1.37
2016.09.20 08:27:46.513,0.73899,0.73916,1.00,3.00
2016.09.20 08:27:46.895,0.739,0.73916,1.00,1.37
2016.09.20 08:27:47.403,0.73896,0.73913,1.00,1.12
2016.09.20 08:27:47.503,0.73897,0.73913,1.00,1.37
2016.09.20 08:27:48.645,0.73897,0.73913,1.12,1.37
2016.09.20 08:27:48.703,0.73897,0.73913,1.12,1.12
2016.09.20 08:27:48.804,0.73898,0.73914,1.00,1.37
2016.09.20 08:27:48.904,0.73898,0.73914,1.12,1.12
2016.09.20 08:27:49.171,0.73899,0.73915,1.00,1.37
2016.09.20 08:27:49.506,0.73899,0.73915,1.12,1.37
2016.09.20 08:27:49.606,0.73899,0.73915,1.00,1.37
2016.09.20 08:27:50.204,0.739,0.73916,1.00,1.37
2016.09.20 08:27:50.309,0.739,0.73916,1.00,1.00
2016.09.20 08:27:50.411,0.73901,0.73917,1.00,1.37
2016.09.20 08:27:50.511,0.739,0.73916,1.37,1.00
2016.09.20 08:27:50.781,0.73901,0.73917,1.12,1.12
2016.09.20 08:27:51.034,0.73901,0.73917,1.00,1.37
2016.09.20 08:27:51.135,0.73901,0.73917,1.12,1.12
2016.09.20 08:27:51.212,0.73901,0.73917,1.00,1.37
2016.09.20 08:27:51.313,0.73901,0.73917,1.12,1.37
2016.09.20 08:27:51.584,0.739,0.73916,1.37,1.12
2016.09.20 08:27:51.635,0.739,0.73916,1.12,1.12
2016.09.20 08:27:52.217,0.73901,0.73917,1.00,1.12
2016.09.20 08:27:52.324,0.73901,0.73917,1.00,1.37
2016.09.20 08:27:52.614,0.73901,0.73917,1.00,1.00
2016.09.20 08:27:52.715,0.73902,0.73918,1.00,1.37
2016.09.20 08:27:53.417,0.73901,0.73917,1.12,1.12
2016.09.20 08:27:53.588,0.73901,0.73919,1.12,1.37
2016.09.20 08:27:54.587,0.73901,0.73917,1.12,1.12
2016.09.20 08:27:54.718,0.73901,0.73917,1.12,1.37
2016.09.20 08:27:55.228,0.73901,0.73917,1.00,1.37
2016.09.20 08:27:55.542,0.73901,0.73917,1.12,1.37
2016.09.20 08:27:55.707,0.73902,0.73918,1.00,1.37
2016.09.20 08:27:56.322,0.73902,0.73918,1.00,1.12
2016.09.20 08:27:56.422,0.73902,0.73918,1.00,1.37
2016.09.20 08:27:56.522,0.73902,0.73918,1.12,1.37
2016.09.20 08:27:56.624,0.73902,0.73918,1.00,1.37
2016.09.20 08:27:58.826,0.73902,0.73918,1.12,1.37
2016.09.20 08:27:59.806,0.73902,0.73919,1.12,1.37
2016.09.20 08:28:00.405,0.73903,0.73919,1.00,1.37
2016.09.20 08:28:00.455,0.73903,0.73919,1.12,1.37
2016.09.20 08:28:00.558,0.73903,0.73919,1.12,1.12
2016.09.20 08:28:00.633,0.73903,0.73919,1.00,1.37
2016.09.20 08:28:00.733,0.73903,0.73919,1.12,1.12
2016.09.20 08:28:00.960,0.73903,0.73919,1.00,1.37
2016.09.20 08:28:02.506,0.73902,0.7392,1.12,1.37
2016.09.20 08:28:04.468,0.73902,0.73919,1.12,1.37
2016.09.20 08:28:05.621,0.73902,0.73918,1.12,1.12
2016.09.20 08:28:05.708,0.73901,0.73918,1.37,1.12
2016.09.20 08:28:07.113,0.739,0.73918,1.37,1.12
2016.09.20 08:28:07.455,0.739,0.73918,1.37,1.37
2016.09.20 08:28:07.927,0.73903,0.73919,1.00,1.37
2016.09.20 08:28:08.028,0.73906,0.7392,1.00,3.00
2016.09.20 08:28:08.078,0.73906,0.73921,1.00,2.25
2016.09.20 08:28:08.179,0.73906,0.73924,1.37,1.87
2016.09.20 08:28:08.578,0.73906,0.73922,1.00,2.25
2016.09.20 08:28:08.637,0.73903,0.7392,1.12,1.37
2016.09.20 08:28:08.688,0.73903,0.7392,1.00,1.37
2016.09.20 08:28:09.085,0.73903,0.7392,1.12,1.37
2016.09.20 08:28:09.318,0.73904,0.7392,1.00,1.37
2016.09.20 08:28:10.320,0.73903,0.7392,1.00,1.37
2016.09.20 08:28:11.568,0.73901,0.73917,1.00,1.37
2016.09.20 08:28:11.724,0.739,0.73916,1.12,1.12
2016.09.20 08:28:11.774,0.739,0.73916,1.12,1.37
2016.09.20 08:28:11.875,0.739,0.73916,1.00,1.37
2016.09.20 08:28:12.172,0.73901,0.73917,1.12,1.37
2016.09.20 08:28:12.273,0.73901,0.73917,1.37,1.12
2016.09.20 08:28:12.374,0.73901,0.73917,1.00,1.37
2016.09.20 08:28:13.015,0.739,0.73917,1.00,1.37
2016.09.20 08:28:14.130,0.73901,0.73916,1.00,1.12
2016.09.20 08:28:14.531,0.73902,0.73917,1.00,1.37
2016.09.20 08:28:14.631,0.739,0.73917,1.00,1.37
2016.09.20 08:28:15.072,0.739,0.73918,1.37,1.37
2016.09.20 08:28:15.273,0.739,0.73918,1.12,1.37
2016.09.20 08:28:16.636,0.73902,0.73917,1.00,1.37
2016.09.20 08:28:16.936,0.73897,0.73912,3.00,1.00
2016.09.20 08:28:17.037,0.73897,0.73911,2.25,1.00
2016.09.20 08:28:17.274,0.73896,0.73913,1.00,1.37
2016.09.20 08:28:17.540,0.73893,0.73909,1.37,1.00
2016.09.20 08:28:17.677,0.73893,0.73909,1.00,1.37
2016.09.20 08:28:17.778,0.73891,0.73911,1.37,3.00
2016.09.20 08:28:18.181,0.73891,0.73911,1.37,2.25
2016.09.20 08:28:18.255,0.73894,0.7391,1.00,1.37
2016.09.20 08:28:18.941,0.73896,0.73912,1.00,3.00
2016.09.20 08:28:19.126,0.73896,0.73912,1.00,1.37
2016.09.20 08:28:19.727,0.73896,0.73911,1.00,1.37
2016.09.20 08:28:19.983,0.73896,0.73911,1.00,1.12
2016.09.20 08:28:20.591,0.73896,0.73913,1.00,1.87
2016.09.20 08:28:20.698,0.73896,0.73913,1.00,1.37
2016.09.20 08:28:20.899,0.73897,0.73913,1.12,1.37
2016.09.20 08:28:21.024,0.73897,0.73913,1.00,1.37
2016.09.20 08:28:21.533,0.73898,0.73914,1.00,1.37
2016.09.20 08:28:22.603,0.73899,0.73915,1.00,3.75
2016.09.20 08:28:22.802,0.73899,0.73915,1.00,3.00
2016.09.20 08:28:22.853,0.73898,0.73914,1.00,1.37
2016.09.20 08:28:23.167,0.73898,0.73914,1.00,1.12
2016.09.20 08:28:23.573,0.73898,0.73914,1.00,1.37
2016.09.20 08:28:23.956,0.73898,0.73915,1.00,3.00
2016.09.20 08:28:25.494,0.73897,0.73914,1.00,3.00
2016.09.20 08:28:25.572,0.73897,0.73914,1.00,1.37
2016.09.20 08:28:25.942,0.73898,0.73915,1.00,1.87
2016.09.20 08:28:25.992,0.73897,0.73913,1.12,1.37
2016.09.20 08:28:26.093,0.73898,0.73914,1.00,1.37
2016.09.20 08:28:26.824,0.73899,0.73915,1.00,1.37
2016.09.20 08:28:26.875,0.739,0.73917,1.00,3.00
2016.09.20 08:28:26.925,0.739,0.73917,1.00,3.75
2016.09.20 08:28:27.077,0.739,0.73917,1.00,1.87
2016.09.20 08:28:27.266,0.739,0.73917,1.00,1.37
2016.09.20 08:28:27.788,0.73899,0.73917,1.00,1.37
2016.09.20 08:28:27.889,0.73899,0.73916,1.00,3.00
2016.09.20 08:28:27.990,0.739,0.73916,1.00,2.25
2016.09.20 08:28:28.204,0.739,0.73917,1.00,3.75
2016.09.20 08:28:28.305,0.739,0.73917,1.12,1.87
2016.09.20 08:28:28.356,0.739,0.73917,1.12,1.37
2016.09.20 08:28:28.779,0.739,0.73917,1.12,1.87
2016.09.20 08:28:28.829,0.73899,0.73916,1.00,1.37
2016.09.20 08:28:28.891,0.73899,0.73916,1.37,1.37
2016.09.20 08:28:28.991,0.73899,0.73916,1.00,1.37
2016.09.20 08:28:29.386,0.73899,0.73916,1.12,1.37
2016.09.20 08:28:29.708,0.73901,0.73917,1.00,3.00
2016.09.20 08:28:29.758,0.73901,0.73917,1.00,3.75
2016.09.20 08:28:29.809,0.73901,0.73917,1.00,1.37
2016.09.20 08:28:30.189,0.73901,0.73918,1.12,1.37
2016.09.20 08:28:30.289,0.73901,0.73918,1.00,1.37
2016.09.20 08:28:33.380,0.73902,0.73917,1.00,1.37
2016.09.20 08:28:36.000,0.73902,0.73919,1.00,3.75
2016.09.20 08:28:36.051,0.73902,0.73919,1.00,1.87
2016.09.20 08:28:36.102,0.73902,0.73917,1.00,1.12
2016.09.20 08:28:36.152,0.73902,0.73917,1.00,1.37
2016.09.20 08:28:36.825,0.73903,0.73918,1.00,1.37
2016.09.20 08:28:37.236,0.73903,0.7392,1.00,3.75
2016.09.20 08:28:37.706,0.73905,0.7392,1.00,1.87
2016.09.20 08:28:38.194,0.73905,0.7392,1.00,1.37
2016.09.20 08:28:38.941,0.73905,0.73921,1.00,1.37
2016.09.20 08:28:39.612,0.73906,0.73921,1.00,1.37
2016.09.20 08:28:40.241,0.73905,0.7392,1.00,1.12
2016.09.20 08:28:40.500,0.73906,0.73921,1.00,1.37
2016.09.20 08:28:41.505,0.73905,0.73922,1.00,1.37
2016.09.20 08:28:41.606,0.73907,0.73922,1.00,1.37
2016.09.20 08:28:42.510,0.73906,0.73921,1.00,1.37
2016.09.20 08:28:43.249,0.73907,0.73922,1.00,1.37
2016.09.20 08:28:43.647,0.7391,0.73924,1.00,1.50
2016.09.20 08:28:43.702,0.7391,0.73924,1.00,1.00
2016.09.20 08:28:43.853,0.7391,0.73928,1.12,1.87
2016.09.20 08:28:44.119,0.7391,0.73928,1.12,1.12
2016.09.20 08:28:44.169,0.7391,0.73928,1.37,1.37
2016.09.20 08:28:44.985,0.73911,0.73927,1.00,1.37
2016.09.20 08:28:45.618,0.7391,0.73926,1.00,1.37
2016.09.20 08:28:46.213,0.73912,0.73928,1.00,1.87
2016.09.20 08:28:46.307,0.73912,0.73928,1.00,1.37
2016.09.20 08:28:46.458,0.73912,0.73928,1.00,1.87
2016.09.20 08:28:47.009,0.73912,0.73928,1.00,1.37
2016.09.20 08:28:47.715,0.73912,0.73928,1.00,1.87
2016.09.20 08:28:48.416,0.7391,0.73928,1.00,1.87
2016.09.20 08:28:48.466,0.7391,0.73928,1.12,1.87
2016.09.20 08:28:48.710,0.73908,0.73924,1.12,1.37
2016.09.20 08:28:48.767,0.73909,0.73925,1.00,1.37
2016.09.20 08:28:48.846,0.73909,0.73925,1.12,1.12
2016.09.20 08:28:48.946,0.73909,0.73925,1.12,1.37
2016.09.20 08:28:49.080,0.73909,0.73925,1.00,1.00
2016.09.20 08:28:49.143,0.73909,0.73925,1.12,1.37
2016.09.20 08:28:49.218,0.73911,0.73927,1.00,1.37
2016.09.20 08:28:49.369,0.7391,0.73926,1.00,1.12
2016.09.20 08:28:49.772,0.7391,0.73926,1.12,1.37
2016.09.20 08:28:49.823,0.73911,0.73927,1.00,1.37
2016.09.20 08:28:50.119,0.73909,0.73927,1.12,1.37
2016.09.20 08:28:51.283,0.73909,0.73927,1.37,1.37
2016.09.20 08:28:51.434,0.73911,0.73927,1.12,1.37
2016.09.20 08:28:51.485,0.73911,0.73927,1.00,1.37
2016.09.20 08:28:51.536,0.7391,0.73926,1.12,1.37
2016.09.20 08:28:52.222,0.73911,0.73927,1.00,1.37
2016.09.20 08:28:53.925,0.73911,0.73929,1.00,3.00
2016.09.20 08:28:53.975,0.73911,0.73929,1.12,1.37
2016.09.20 08:28:54.080,0.73911,0.73929,1.00,3.00
2016.09.20 08:28:54.460,0.73911,0.73929,1.12,1.37
2016.09.20 08:28:54.566,0.73911,0.73927,1.00,1.12
2016.09.20 08:28:54.681,0.73911,0.73927,1.00,1.37
2016.09.20 08:28:55.902,0.73912,0.73928,1.00,1.37
2016.09.20 08:28:56.167,0.73912,0.73928,1.00,1.12
2016.09.20 08:28:56.227,0.73911,0.73927,1.00,1.00
2016.09.20 08:28:56.278,0.73911,0.73927,1.00,1.37
2016.09.20 08:28:56.699,0.73911,0.73927,1.00,1.12
2016.09.20 08:28:56.816,0.73911,0.73927,1.12,1.12
2016.09.20 08:28:56.872,0.73911,0.73927,1.00,1.12
2016.09.20 08:28:57.072,0.73911,0.73927,1.12,1.37
2016.09.20 08:28:58.130,0.73912,0.73928,1.00,1.37
2016.09.20 08:29:00.642,0.73911,0.73927,1.12,1.12
2016.09.20 08:29:00.692,0.73911,0.73927,1.12,1.37
2016.09.20 08:29:01.744,0.73912,0.73927,1.00,1.37
2016.09.20 08:29:04.293,0.73912,0.73927,1.00,1.12
2016.09.20 08:29:04.347,0.73911,0.73926,1.12,1.00
2016.09.20 08:29:04.398,0.73911,0.73926,1.00,1.37
2016.09.20 08:29:04.448,0.73911,0.73925,1.00,1.12
2016.09.20 08:29:04.499,0.73911,0.73925,1.12,1.00
2016.09.20 08:29:04.595,0.73911,0.73925,1.00,1.00
2016.09.20 08:29:04.903,0.73911,0.73925,1.12,1.00
2016.09.20 08:29:06.316,0.73911,0.73926,1.12,1.12
2016.09.20 08:29:06.366,0.73911,0.73926,1.12,1.00
2016.09.20 08:29:06.614,0.73911,0.73926,1.00,1.00
2016.09.20 08:29:07.106,0.73911,0.73926,1.00,1.12
2016.09.20 08:29:07.207,0.7391,0.73926,1.37,1.12
2016.09.20 08:29:07.352,0.7391,0.73927,1.37,1.37
2016.09.20 08:29:07.407,0.7391,0.73927,1.12,1.37
2016.09.20 08:29:07.507,0.7391,0.73927,1.37,1.12
2016.09.20 08:29:07.748,0.73912,0.73926,1.12,1.00
2016.09.20 08:29:07.799,0.73912,0.73926,1.00,1.12
2016.09.20 08:29:08.365,0.73912,0.73927,1.00,1.37
2016.09.20 08:29:09.756,0.73911,0.73926,1.12,1.12
2016.09.20 08:29:11.689,0.73911,0.73926,1.12,1.00
2016.09.20 08:29:11.740,0.73911,0.73926,1.00,1.37
2016.09.20 08:29:11.790,0.7391,0.73925,1.12,1.12
2016.09.20 08:29:11.900,0.7391,0.73927,1.12,1.37
2016.09.20 08:29:13.052,0.7391,0.73925,1.12,1.00
2016.09.20 08:29:13.293,0.73911,0.73927,1.00,1.37
2016.09.20 08:29:13.344,0.73911,0.73927,1.12,1.37
2016.09.20 08:29:14.318,0.73911,0.73927,1.00,1.37
2016.09.20 08:29:15.571,0.73911,0.73926,1.00,1.37
2016.09.20 08:29:15.625,0.73911,0.73926,1.00,1.12
2016.09.20 08:29:15.725,0.73911,0.73926,1.00,1.37
2016.09.20 08:29:15.877,0.7391,0.73925,1.12,1.12
2016.09.20 08:29:15.927,0.7391,0.73925,1.00,1.12
2016.09.20 08:29:15.977,0.73911,0.73926,1.00,1.37
2016.09.20 08:29:16.874,0.73909,0.73927,1.00,3.00
2016.09.20 08:29:17.875,0.73909,0.73927,1.12,3.00
2016.09.20 08:29:17.932,0.73909,0.73927,1.00,3.00
2016.09.20 08:29:18.322,0.73911,0.73926,1.00,1.37
2016.09.20 08:29:20.590,0.73909,0.73926,1.12,1.37
2016.09.20 08:29:20.640,0.73909,0.73926,1.00,1.37
2016.09.20 08:29:20.743,0.73909,0.73926,1.00,3.00
2016.09.20 08:29:21.732,0.7391,0.73925,1.00,1.37
2016.09.20 08:29:21.833,0.73909,0.73924,1.00,1.12
2016.09.20 08:29:21.884,0.73909,0.73924,1.00,1.37
2016.09.20 08:29:22.091,0.73907,0.73922,1.37,1.00
2016.09.20 08:29:22.141,0.73909,0.73923,1.00,1.37
2016.09.20 08:29:22.685,0.7391,0.73925,1.00,1.37
2016.09.20 08:29:23.358,0.73909,0.73926,1.12,1.37
2016.09.20 08:29:23.648,0.73909,0.73925,1.00,1.37
2016.09.20 08:29:24.253,0.7391,0.73926,1.00,1.37
2016.09.20 08:29:24.303,0.7391,0.73925,1.00,1.12
2016.09.20 08:29:26.254,0.7391,0.73925,1.12,1.00
2016.09.20 08:29:26.305,0.73911,0.73925,1.00,1.00
2016.09.20 08:29:26.551,0.7391,0.73925,1.12,1.00
2016.09.20 08:29:27.597,0.73911,0.73925,1.00,1.00
2016.09.20 08:29:28.161,0.73911,0.73925,1.00,1.12
2016.09.20 08:29:28.211,0.73909,0.73926,1.12,1.37
2016.09.20 08:29:28.417,0.73911,0.73926,1.00,1.87
2016.09.20 08:29:28.486,0.73911,0.73926,1.00,3.75
2016.09.20 08:29:28.537,0.73909,0.73924,1.00,1.37
2016.09.20 08:29:28.745,0.7391,0.73926,1.00,3.75
2016.09.20 08:29:29.000,0.7391,0.73925,1.00,1.37
2016.09.20 08:29:29.063,0.7391,0.73925,1.00,1.12
2016.09.20 08:29:29.113,0.73909,0.73927,1.00,1.37
2016.09.20 08:29:29.164,0.73909,0.73926,1.00,2.25
2016.09.20 08:29:30.786,0.73909,0.73927,1.00,3.00
2016.09.20 08:29:30.836,0.73909,0.73926,1.00,1.37
2016.09.20 08:29:38.516,0.73909,0.73924,1.00,1.37
2016.09.20 08:29:43.022,0.73909,0.73923,1.00,1.12
2016.09.20 08:29:43.340,0.7391,0.73925,1.00,1.37
2016.09.20 08:29:43.594,0.7391,0.73925,1.00,1.12
2016.09.20 08:29:43.726,0.7391,0.73925,1.00,1.37
2016.09.20 08:29:46.631,0.73909,0.73924,1.00,1.12
2016.09.20 08:29:46.949,0.73907,0.73922,1.00,1.12
2016.09.20 08:29:47.367,0.73907,0.73922,1.00,1.37
2016.09.20 08:29:49.613,0.73907,0.73922,1.00,1.12
2016.09.20 08:29:49.715,0.73907,0.73922,1.00,1.37
2016.09.20 08:29:50.278,0.73908,0.73923,1.00,1.37
2016.09.20 08:29:52.244,0.73907,0.73922,1.00,1.37
2016.09.20 08:29:55.033,0.73907,0.73922,1.00,1.12
2016.09.20 08:29:55.084,0.73905,0.73922,1.12,1.12
2016.09.20 08:29:55.134,0.73905,0.73922,1.00,1.37
2016.09.20 08:29:55.332,0.73905,0.73922,1.12,1.37
2016.09.20 08:29:55.579,0.73905,0.73922,1.00,1.37
2016.09.20 08:29:57.358,0.73906,0.73921,1.00,1.12
2016.09.20 08:29:58.359,0.73907,0.73921,1.00,1.12
2016.09.20 08:29:58.741,0.73907,0.73921,1.00,1.37
2016.09.20 08:29:59.943,0.73907,0.73922,1.00,1.37
2016.09.20 08:30:00.474,0.73908,0.73924,1.00,2.25
2016.09.20 08:30:00.524,0.73908,0.73924,1.00,3.00
2016.09.20 08:30:00.625,0.73908,0.73924,1.00,2.25
2016.09.20 08:30:00.883,0.73909,0.73925,1.00,1.37
2016.09.20 08:30:01.193,0.73909,0.73925,1.00,3.00
2016.09.20 08:30:01.464,0.73909,0.73923,1.00,1.37
2016.09.20 08:30:01.552,0.73909,0.73923,1.00,1.12
2016.09.20 08:30:02.135,0.73909,0.73924,1.00,1.12
2016.09.20 08:30:02.369,0.73909,0.73926,1.00,1.87
2016.09.20 08:30:02.610,0.73909,0.73926,1.00,1.37
2016.09.20 08:30:02.855,0.73911,0.73925,1.00,1.12
2016.09.20 08:30:03.471,0.73911,0.73925,1.00,1.37
2016.09.20 08:30:03.814,0.73912,0.73927,1.00,1.37
2016.09.20 08:30:04.549,0.73911,0.73926,1.00,1.37
2016.09.20 08:30:04.673,0.73908,0.73926,1.37,1.37
2016.09.20 08:30:04.774,0.73908,0.73924,1.37,1.12
2016.09.20 08:30:04.875,0.73906,0.73921,1.37,1.00
2016.09.20 08:30:04.976,0.73906,0.73921,1.00,1.12
2016.09.20 08:30:05.077,0.73906,0.73921,1.00,1.37
2016.09.20 08:30:05.423,0.73904,0.73919,1.12,1.12
2016.09.20 08:30:05.863,0.73904,0.73919,1.00,1.12
2016.09.20 08:30:05.972,0.73905,0.7392,1.00,1.37
2016.09.20 08:30:06.480,0.73907,0.73921,1.00,1.37
2016.09.20 08:30:07.789,0.73907,0.73921,1.00,1.12
2016.09.20 08:30:07.890,0.73907,0.73921,1.00,1.37
2016.09.20 08:30:08.635,0.73906,0.73921,1.00,1.37
2016.09.20 08:30:09.811,0.73904,0.73921,1.00,1.37
2016.09.20 08:30:09.912,0.73904,0.73921,1.12,1.37
2016.09.20 08:30:10.079,0.73907,0.73921,1.00,1.37
2016.09.20 08:30:10.180,0.73905,0.73921,1.00,1.37
2016.09.20 08:30:10.281,0.73905,0.73921,1.12,1.12
2016.09.20 08:30:10.382,0.73905,0.73921,1.37,1.12
2016.09.20 08:30:10.901,0.73906,0.73924,1.37,1.37
2016.09.20 08:30:12.385,0.73906,0.73924,1.00,1.37
2016.09.20 08:30:12.936,0.73907,0.73923,1.12,1.37
2016.09.20 08:30:15.215,0.73907,0.73923,1.12,1.12
2016.09.20 08:30:15.316,0.73907,0.73923,1.00,1.37
2016.09.20 08:30:15.493,0.73907,0.73923,1.12,1.37
2016.09.20 08:30:16.017,0.73907,0.73923,1.37,1.12
2016.09.20 08:30:16.095,0.73907,0.73923,1.12,1.37
2016.09.20 08:30:16.493,0.73908,0.73923,1.00,1.37
2016.09.20 08:30:16.543,0.73908,0.73923,1.12,1.12
2016.09.20 08:30:16.597,0.73908,0.73923,1.00,1.12
2016.09.20 08:30:16.698,0.73908,0.73923,1.00,1.37
2016.09.20 08:30:17.421,0.73909,0.73925,1.00,2.25
2016.09.20 08:30:17.522,0.73909,0.73926,1.00,3.00
2016.09.20 08:30:17.597,0.73911,0.73926,1.00,3.00
2016.09.20 08:30:17.647,0.73911,0.73926,1.00,1.37
2016.09.20 08:30:17.823,0.7391,0.73926,1.12,1.37
2016.09.20 08:30:17.897,0.73911,0.73926,1.00,1.37
2016.09.20 08:30:19.599,0.73912,0.73926,1.00,1.37
2016.09.20 08:30:19.794,0.73912,0.73926,1.00,1.12
2016.09.20 08:30:20.407,0.73912,0.73926,1.00,1.00
2016.09.20 08:30:20.508,0.73912,0.73926,1.00,1.12
2016.09.20 08:30:21.012,0.73911,0.73926,1.00,1.12
2016.09.20 08:30:21.998,0.7391,0.73925,1.12,1.00
2016.09.20 08:30:22.113,0.7391,0.73924,1.00,1.00
2016.09.20 08:30:22.614,0.7391,0.73924,1.12,1.00
2016.09.20 08:30:23.156,0.73909,0.73926,1.37,1.00
2016.09.20 08:30:23.516,0.73909,0.73926,1.37,1.37
2016.09.20 08:30:24.319,0.73909,0.73926,1.37,1.12
2016.09.20 08:30:24.410,0.73909,0.73924,1.37,1.00
2016.09.20 08:30:24.711,0.7391,0.73925,1.12,1.12
2016.09.20 08:30:25.521,0.7391,0.73925,1.12,1.00
2016.09.20 08:30:25.622,0.7391,0.73925,1.00,1.37
2016.09.20 08:30:25.914,0.73903,0.73926,1.72,3.00
2016.09.20 08:30:25.964,0.73904,0.73926,2.25,3.00
2016.09.20 08:30:26.168,0.73903,0.73925,2.85,2.25
2016.09.20 08:30:26.716,0.73908,0.73923,1.00,1.37
2016.09.20 08:30:27.155,0.73908,0.73923,1.00,1.12
2016.09.20 08:30:28.439,0.73908,0.73922,1.00,1.00
2016.09.20 08:30:28.520,0.7391,0.73924,1.00,1.37
2016.09.20 08:30:28.672,0.73911,0.73925,1.00,1.12
2016.09.20 08:30:29.543,0.7391,0.73924,1.12,1.00
2016.09.20 08:30:29.732,0.7391,0.73925,1.00,1.00
2016.09.20 08:30:29.833,0.7391,0.73924,1.12,1.00
2016.09.20 08:30:30.234,0.7391,0.73924,1.00,1.00
2016.09.20 08:30:30.763,0.7391,0.73925,1.00,1.00
2016.09.20 08:30:31.898,0.7391,0.73925,1.12,1.00
2016.09.20 08:30:31.948,0.7391,0.73925,1.00,1.00
2016.09.20 08:30:32.238,0.7391,0.73925,1.12,1.00
2016.09.20 08:30:32.339,0.7391,0.73925,1.37,1.00
2016.09.20 08:30:33.367,0.7391,0.73925,1.12,1.12
2016.09.20 08:30:34.943,0.7391,0.73925,1.37,1.00
2016.09.20 08:30:35.482,0.73909,0.73924,1.37,1.00
2016.09.20 08:30:35.585,0.7391,0.73925,1.12,1.12
2016.09.20 08:30:35.645,0.7391,0.73925,1.00,1.37
2016.09.20 08:30:35.746,0.7391,0.73925,1.12,1.00
2016.09.20 08:30:35.847,0.7391,0.73925,1.37,1.00
2016.09.20 08:30:36.557,0.73911,0.73926,1.12,1.12
2016.09.20 08:30:36.983,0.73914,0.73929,1.00,1.37
2016.09.20 08:30:37.139,0.73916,0.73931,1.00,2.25
2016.09.20 08:30:37.189,0.73916,0.73932,1.00,1.37
2016.09.20 08:30:37.250,0.73916,0.73932,1.37,1.00
2016.09.20 08:30:38.274,0.73915,0.73931,1.37,1.00
2016.09.20 08:30:39.104,0.73916,0.73931,1.37,1.00
2016.09.20 08:30:39.744,0.73915,0.7393,1.37,1.00
2016.09.20 08:30:40.657,0.73915,0.7393,3.00,1.00
2016.09.20 08:30:40.758,0.73915,0.7393,1.37,1.00
2016.09.20 08:30:41.087,0.73914,0.73929,3.00,1.00
2016.09.20 08:30:41.159,0.73914,0.73929,1.37,1.00
2016.09.20 08:30:42.050,0.73915,0.73929,1.37,1.00
2016.09.20 08:30:42.749,0.73915,0.7393,1.37,1.00
2016.09.20 08:30:42.964,0.73915,0.73929,1.12,1.00
2016.09.20 08:30:43.064,0.73915,0.73929,1.00,1.00
2016.09.20 08:30:43.163,0.73915,0.73929,1.12,1.00
2016.09.20 08:30:43.252,0.73914,0.73929,1.37,1.00
2016.09.20 08:30:43.353,0.73912,0.73927,1.87,1.00
2016.09.20 08:30:43.404,0.73912,0.73927,3.00,1.00
2016.09.20 08:30:43.464,0.73912,0.73927,1.37,1.00
2016.09.20 08:30:43.992,0.73911,0.73927,1.37,1.00
2016.09.20 08:30:44.298,0.73911,0.73927,1.37,1.12
2016.09.20 08:30:44.465,0.73911,0.73927,1.37,1.00
2016.09.20 08:30:44.555,0.73914,0.73929,1.00,1.37
2016.09.20 08:30:44.792,0.73914,0.73929,1.37,1.00
2016.09.20 08:30:45.168,0.73914,0.73929,1.12,1.12
2016.09.20 08:30:46.366,0.73914,0.73929,1.00,1.12
2016.09.20 08:30:46.417,0.73911,0.73928,1.37,1.12
2016.09.20 08:30:46.467,0.73914,0.73928,1.00,1.12
2016.09.20 08:30:46.518,0.73914,0.73928,1.00,1.00
2016.09.20 08:30:46.681,0.73914,0.73929,1.00,1.12
2016.09.20 08:30:46.861,0.73913,0.73929,1.12,1.12
2016.09.20 08:30:46.911,0.73913,0.73929,1.12,1.37
2016.09.20 08:30:46.973,0.73913,0.73929,1.37,1.12
2016.09.20 08:30:47.445,0.73913,0.73929,1.12,1.12
2016.09.20 08:30:47.976,0.73913,0.73929,1.12,1.37
2016.09.20 08:30:48.277,0.73913,0.73929,1.12,1.00
2016.09.20 08:30:48.483,0.73913,0.73929,1.12,1.12
2016.09.20 08:30:48.817,0.73913,0.73929,1.37,1.00
2016.09.20 08:30:49.340,0.73913,0.73929,1.12,1.12
2016.09.20 08:30:49.390,0.73913,0.73929,1.12,1.37
2016.09.20 08:30:49.480,0.73913,0.73929,1.37,1.12
2016.09.20 08:30:49.581,0.73913,0.73929,1.12,1.12
2016.09.20 08:30:49.981,0.73913,0.73929,1.12,1.37
2016.09.20 08:30:50.420,0.73913,0.73929,1.00,1.00
2016.09.20 08:30:51.171,0.73914,0.73928,1.00,1.00
2016.09.20 08:30:52.475,0.73913,0.73928,1.12,1.00
2016.09.20 08:30:52.588,0.73913,0.73928,1.12,1.12
2016.09.20 08:30:52.689,0.73913,0.73928,1.37,1.00
2016.09.20 08:30:52.789,0.73913,0.73928,1.00,1.00
2016.09.20 08:30:53.026,0.73913,0.73928,1.12,1.00
2016.09.20 08:30:53.090,0.73913,0.73928,1.12,1.12
2016.09.20 08:30:53.177,0.73913,0.73929,1.12,1.37
2016.09.20 08:30:53.228,0.73913,0.73929,1.12,1.00
2016.09.20 08:30:53.290,0.73913,0.73929,1.12,1.37
2016.09.20 08:30:53.692,0.73913,0.73929,1.37,1.12
2016.09.20 08:30:53.812,0.73913,0.73929,1.12,1.12
2016.09.20 08:30:54.524,0.73912,0.7393,1.37,1.37
2016.09.20 08:30:54.580,0.73916,0.73931,1.00,1.87
2016.09.20 08:30:54.631,0.73916,0.73931,1.00,3.00
2016.09.20 08:30:54.700,0.73916,0.73931,1.00,1.12
2016.09.20 08:30:54.804,0.73917,0.73932,1.12,1.12
2016.09.20 08:30:54.896,0.73917,0.73932,1.00,1.00
2016.09.20 08:30:54.997,0.73917,0.73932,1.12,1.12
2016.09.20 08:30:55.097,0.73917,0.73932,1.00,1.12
2016.09.20 08:30:55.182,0.73916,0.73932,1.12,1.12
2016.09.20 08:30:55.430,0.73916,0.73932,1.12,1.37
2016.09.20 08:30:55.483,0.73916,0.73931,1.12,1.12
2016.09.20 08:30:56.200,0.73916,0.73931,1.12,1.00
2016.09.20 08:30:56.501,0.73916,0.73931,1.00,1.37
2016.09.20 08:30:56.602,0.73916,0.73931,1.00,1.00
2016.09.20 08:30:57.002,0.73916,0.73931,1.00,1.37
2016.09.20 08:30:57.086,0.73915,0.7393,1.12,1.12
2016.09.20 08:30:57.502,0.73914,0.73929,1.00,1.12
2016.09.20 08:30:57.552,0.73914,0.73929,1.00,1.37
2016.09.20 08:30:57.842,0.73912,0.73929,1.12,1.00
2016.09.20 08:30:57.894,0.73911,0.73928,1.37,1.00
2016.09.20 08:30:57.944,0.73911,0.73928,3.00,1.00
2016.09.20 08:30:58.006,0.73911,0.73928,1.12,1.37
2016.09.20 08:30:58.106,0.73911,0.73928,1.37,1.37
2016.09.20 08:30:58.391,0.73911,0.73925,1.37,1.00
2016.09.20 08:30:58.637,0.7391,0.73924,1.00,1.00
2016.09.20 08:30:58.738,0.73909,0.73927,1.12,1.12
2016.09.20 08:30:58.923,0.73911,0.73927,1.12,1.00
2016.09.20 08:30:59.011,0.73911,0.73927,1.00,1.37
2016.09.20 08:30:59.093,0.73909,0.73925,1.37,1.12
2016.09.20 08:30:59.385,0.73912,0.73928,1.00,1.37
2016.09.20 08:30:59.514,0.7391,0.73926,1.37,1.12
2016.09.20 08:30:59.615,0.73911,0.73927,1.12,1.37
2016.09.20 08:30:59.716,0.73911,0.73927,1.00,1.37
2016.09.20 08:31:00.016,0.73911,0.73927,1.12,1.37
2016.09.20 08:31:00.546,0.7391,0.73926,1.12,1.37
2016.09.20 08:31:00.919,0.7391,0.73926,1.00,1.37
2016.09.20 08:31:01.704,0.73909,0.73925,1.00,1.37
2016.09.20 08:31:01.804,0.73908,0.73924,1.12,1.37
2016.09.20 08:31:01.855,0.73908,0.73924,1.00,1.37
2016.09.20 08:31:01.905,0.73907,0.73923,1.12,1.12
2016.09.20 08:31:01.956,0.73907,0.73923,1.12,1.37
2016.09.20 08:31:02.178,0.73907,0.73923,1.00,1.37
2016.09.20 08:31:02.325,0.73906,0.73922,1.12,1.12
2016.09.20 08:31:02.425,0.73906,0.73922,1.12,1.37
2016.09.20 08:31:02.707,0.73907,0.73923,1.00,1.37
2016.09.20 08:31:03.559,0.73907,0.73923,1.12,1.37
2016.09.20 08:31:04.611,0.73908,0.73922,1.00,1.12
2016.09.20 08:31:04.935,0.73908,0.73922,1.00,1.37
2016.09.20 08:31:05.658,0.73905,0.73922,1.12,1.37
2016.09.20 08:31:07.140,0.73905,0.73922,1.37,1.37
2016.09.20 08:31:07.218,0.73906,0.73923,1.12,1.37
2016.09.20 08:31:07.318,0.73906,0.73921,1.12,1.12
2016.09.20 08:31:07.368,0.73906,0.73921,1.12,1.00
2016.09.20 08:31:07.851,0.73905,0.7392,1.12,1.12
2016.09.20 08:31:07.952,0.73907,0.73921,1.00,1.00
2016.09.20 08:31:08.020,0.73908,0.73923,1.00,1.37
2016.09.20 08:31:08.869,0.73906,0.73922,1.12,1.37
2016.09.20 08:31:08.943,0.73906,0.73922,1.00,1.00
2016.09.20 08:31:09.826,0.73906,0.73921,1.00,1.00
2016.09.20 08:31:10.065,0.73906,0.73921,1.00,1.12
2016.09.20 08:31:11.162,0.73906,0.7392,1.00,1.00
2016.09.20 08:31:11.377,0.73904,0.73921,1.12,1.37
2016.09.20 08:31:11.447,0.73904,0.73921,1.00,1.37
2016.09.20 08:31:12.629,0.73905,0.7392,1.00,1.12
2016.09.20 08:31:12.850,0.73905,0.7392,1.00,1.00
2016.09.20 08:31:12.950,0.73905,0.7392,1.00,1.37
2016.09.20 08:31:16.842,0.73906,0.7392,1.00,1.37
2016.09.20 08:31:17.944,0.73905,0.7392,1.00,1.37
2016.09.20 08:31:18.056,0.73905,0.7392,1.00,1.00
2016.09.20 08:31:18.239,0.73906,0.73922,1.00,1.37
2016.09.20 08:31:18.682,0.73908,0.73923,1.00,1.37
2016.09.20 08:31:18.783,0.73907,0.73921,1.00,1.12
2016.09.20 08:31:18.901,0.73907,0.73921,1.00,1.00
2016.09.20 08:31:19.204,0.73907,0.73921,1.00,1.12
2016.09.20 08:31:19.747,0.73906,0.73921,1.12,1.12
2016.09.20 08:31:22.372,0.73906,0.73921,1.00,1.00
2016.09.20 08:31:22.665,0.73906,0.73921,1.00,1.12
2016.09.20 08:31:22.982,0.73905,0.7392,1.12,1.12
2016.09.20 08:31:23.065,0.73905,0.7392,1.12,1.00
2016.09.20 08:31:23.266,0.73903,0.73918,1.37,1.00
2016.09.20 08:31:23.666,0.73904,0.73919,1.00,1.12
2016.09.20 08:31:23.866,0.73904,0.73919,1.12,1.00
2016.09.20 08:31:24.060,0.73902,0.73919,1.37,1.00
2016.09.20 08:31:24.167,0.73902,0.73919,1.37,1.12
2016.09.20 08:31:24.561,0.73903,0.7392,1.37,1.37
2016.09.20 08:31:24.862,0.73903,0.73918,1.37,1.00
2016.09.20 08:31:24.968,0.73903,0.73918,1.12,1.12
2016.09.20 08:31:28.469,0.73904,0.73919,1.00,1.37
2016.09.20 08:31:28.519,0.73904,0.73919,1.00,1.00
2016.09.20 08:31:29.075,0.73907,0.73921,1.00,1.00
2016.09.20 08:31:29.125,0.73907,0.73921,1.00,1.12
2016.09.20 08:31:29.974,0.73905,0.73922,1.37,1.37
2016.09.20 08:31:30.977,0.73906,0.7392,1.12,1.00
2016.09.20 08:31:31.185,0.73906,0.7392,1.00,1.12
2016.09.20 08:31:32.081,0.73905,0.7392,1.12,1.12
2016.09.20 08:31:33.184,0.73904,0.73919,1.37,1.00
2016.09.20 08:31:33.386,0.73903,0.73918,1.12,1.12
2016.09.20 08:31:33.487,0.73903,0.73918,1.00,1.00
2016.09.20 08:31:33.689,0.73903,0.73918,1.00,1.37
2016.09.20 08:31:33.790,0.73901,0.73916,1.12,1.00
2016.09.20 08:31:33.899,0.73901,0.73916,1.00,1.37
2016.09.20 08:31:34.207,0.73901,0.73918,1.00,3.00
2016.09.20 08:31:34.289,0.73901,0.73918,1.00,1.37
2016.09.20 08:31:34.790,0.73902,0.73918,1.00,1.37
2016.09.20 08:31:34.910,0.73901,0.73917,1.12,1.37
2016.09.20 08:31:35.112,0.73901,0.73917,1.00,1.37
2016.09.20 08:31:35.753,0.739,0.73916,1.00,1.37
2016.09.20 08:31:35.993,0.73898,0.73917,1.37,1.37
2016.09.20 08:31:37.004,0.73899,0.73915,1.37,1.12
2016.09.20 08:31:37.616,0.73898,0.73914,1.37,1.00
2016.09.20 08:31:37.694,0.73898,0.73914,1.00,1.00
2016.09.20 08:31:38.683,0.73898,0.73914,1.00,1.37
2016.09.20 08:31:39.300,0.73899,0.73914,1.00,1.37
2016.09.20 08:31:39.597,0.73899,0.73914,1.00,1.12
2016.09.20 08:31:40.217,0.73897,0.73915,1.37,1.37
2016.09.20 08:31:40.326,0.73898,0.73913,1.12,1.12
2016.09.20 08:31:40.532,0.73896,0.73913,1.00,1.12
2016.09.20 08:31:40.599,0.73896,0.73913,1.00,1.37
2016.09.20 08:31:40.928,0.73896,0.73913,1.12,1.37
2016.09.20 08:31:41.328,0.73895,0.73911,1.37,1.12
2016.09.20 08:31:42.309,0.73897,0.73912,1.00,1.37
2016.09.20 08:31:42.890,0.73895,0.73911,1.12,1.37
2016.09.20 08:31:42.943,0.73895,0.73913,1.37,1.37
2016.09.20 08:31:45.774,0.73895,0.73911,1.37,1.00
2016.09.20 08:31:46.309,0.73895,0.73912,1.37,1.12
2016.09.20 08:31:46.710,0.73895,0.73912,1.12,1.12
2016.09.20 08:31:46.810,0.73895,0.73912,1.12,1.37
2016.09.20 08:31:47.414,0.73895,0.73912,1.37,1.12
2016.09.20 08:31:47.465,0.73896,0.73912,1.12,1.12
2016.09.20 08:31:47.515,0.73896,0.73912,1.12,1.37
2016.09.20 08:31:47.566,0.73895,0.73911,1.37,1.12
2016.09.20 08:31:47.616,0.73895,0.73911,1.12,1.37
2016.09.20 08:31:47.814,0.73895,0.73911,1.00,1.37
2016.09.20 08:31:48.491,0.73896,0.73912,1.00,1.37
2016.09.20 08:31:48.542,0.73893,0.73912,1.37,1.37
2016.09.20 08:31:49.064,0.73895,0.73911,1.12,1.37
2016.09.20 08:31:49.164,0.73895,0.73911,1.12,1.12
2016.09.20 08:31:49.218,0.73895,0.73911,1.00,1.12
2016.09.20 08:31:49.319,0.73895,0.73911,1.12,1.12
2016.09.20 08:31:49.552,0.73896,0.73912,1.00,1.37
2016.09.20 08:31:50.334,0.73895,0.73911,1.00,1.37
2016.09.20 08:31:52.727,0.73895,0.73911,1.12,1.12
2016.09.20 08:31:52.931,0.73895,0.73911,1.00,1.37
2016.09.20 08:31:53.032,0.73895,0.73911,1.12,1.37
2016.09.20 08:31:53.162,0.73896,0.73912,1.00,1.37
2016.09.20 08:31:53.429,0.73896,0.73912,1.00,1.00
2016.09.20 08:31:53.480,0.73896,0.73914,1.00,1.50
2016.09.20 08:31:53.907,0.73896,0.73914,1.00,1.37
2016.09.20 08:31:54.267,0.73896,0.73914,1.00,1.50
2016.09.20 08:31:54.342,0.73896,0.73912,1.00,1.00
2016.09.20 08:31:54.432,0.73896,0.73912,1.00,1.37
2016.09.20 08:31:54.482,0.73896,0.73911,1.00,1.12
2016.09.20 08:31:54.769,0.73897,0.73912,1.00,1.37
2016.09.20 08:31:55.745,0.73896,0.73912,1.00,1.37
2016.09.20 08:31:57.438,0.73896,0.73912,1.00,1.12
2016.09.20 08:31:58.144,0.73897,0.73912,1.00,1.12
2016.09.20 08:31:58.593,0.73896,0.73912,1.00,1.37
2016.09.20 08:31:59.090,0.73896,0.73912,1.00,1.12
2016.09.20 08:31:59.142,0.73896,0.73912,1.00,1.37
2016.09.20 08:31:59.755,0.73897,0.73912,1.00,1.37
2016.09.20 08:32:00.353,0.73896,0.73912,1.00,1.37
2016.09.20 08:32:00.744,0.73896,0.73911,1.00,1.12
2016.09.20 08:32:00.845,0.73896,0.73911,1.12,1.12
2016.09.20 08:32:01.045,0.73896,0.73911,1.00,1.37
2016.09.20 08:32:01.357,0.73894,0.73912,1.37,1.37
2016.09.20 08:32:01.558,0.73894,0.73912,1.12,1.37
2016.09.20 08:32:01.647,0.73894,0.73912,1.00,1.37
2016.09.20 08:32:02.362,0.73896,0.73911,1.00,1.37
2016.09.20 08:32:03.251,0.73897,0.73912,1.00,1.37
2016.09.20 08:32:03.675,0.73897,0.73912,1.00,1.00
2016.09.20 08:32:03.952,0.73897,0.73912,1.12,1.12
2016.09.20 08:32:04.053,0.73897,0.73912,1.00,1.12
2016.09.20 08:32:04.104,0.73897,0.73913,1.00,1.37
2016.09.20 08:32:05.164,0.73899,0.73914,1.00,1.37
2016.09.20 08:32:05.265,0.73897,0.73912,1.12,1.12
2016.09.20 08:32:05.366,0.73897,0.73912,1.12,1.00
2016.09.20 08:32:05.594,0.73901,0.73915,1.00,1.37
2016.09.20 08:32:05.808,0.73901,0.73915,1.00,1.00
2016.09.20 08:32:05.959,0.73901,0.73915,1.12,1.00
2016.09.20 08:32:06.169,0.73897,0.73917,1.37,1.37
2016.09.20 08:32:06.653,0.739,0.73916,1.00,1.37
2016.09.20 08:32:07.477,0.73896,0.73911,1.12,1.00
2016.09.20 08:32:07.578,0.73896,0.73911,1.00,1.12
2016.09.20 08:32:07.665,0.73896,0.73911,1.00,1.00
2016.09.20 08:32:07.766,0.73896,0.73911,1.00,1.12
2016.09.20 08:32:08.399,0.73897,0.73911,1.00,1.12
2016.09.20 08:32:09.772,0.73896,0.73911,1.00,1.37
2016.09.20 08:32:10.941,0.73896,0.73911,1.00,1.12
2016.09.20 08:32:11.075,0.73896,0.73911,1.00,1.37
2016.09.20 08:32:11.217,0.73896,0.73911,1.00,1.12
2016.09.20 08:32:11.318,0.73895,0.7391,1.00,1.37
2016.09.20 08:32:12.981,0.73895,0.73911,1.00,1.37
2016.09.20 08:32:13.582,0.73895,0.73911,1.12,1.12
2016.09.20 08:32:13.781,0.73894,0.73911,1.37,1.12
2016.09.20 08:32:13.851,0.73894,0.73911,1.00,1.37
2016.09.20 08:32:14.557,0.73897,0.73912,1.00,1.12
2016.09.20 08:32:15.022,0.73897,0.73912,1.00,1.37
2016.09.20 08:32:15.087,0.73897,0.73912,1.00,1.12
2016.09.20 08:32:15.287,0.73897,0.73912,1.00,1.37
2016.09.20 08:32:15.434,0.73896,0.73912,1.12,1.12
2016.09.20 08:32:15.488,0.73896,0.73912,1.00,1.12
2016.09.20 08:32:15.986,0.73895,0.7391,1.00,1.00
2016.09.20 08:32:16.036,0.73895,0.7391,1.37,1.00
2016.09.20 08:32:16.101,0.73895,0.7391,1.12,1.00
2016.09.20 08:32:16.223,0.73895,0.73911,1.37,1.00
2016.09.20 08:32:16.424,0.73895,0.73912,1.37,1.12
2016.09.20 08:32:17.188,0.73897,0.73912,1.00,1.12
2016.09.20 08:32:17.388,0.73897,0.73913,1.00,1.37
2016.09.20 08:32:17.906,0.73898,0.73913,1.00,1.37
2016.09.20 08:32:18.730,0.73898,0.73913,1.12,1.12
2016.09.20 08:32:19.291,0.73899,0.73914,1.00,1.37
2016.09.20 08:32:19.342,0.73899,0.73914,1.00,1.00
2016.09.20 08:32:19.400,0.73899,0.73914,1.00,1.37
2016.09.20 08:32:20.193,0.739,0.73915,1.00,1.72
2016.09.20 08:32:20.244,0.739,0.73915,1.00,1.37
2016.09.20 08:32:20.294,0.73901,0.73916,1.00,2.25
2016.09.20 08:32:20.345,0.73901,0.73918,1.00,3.75
2016.09.20 08:32:20.395,0.739,0.73916,1.00,1.37
2016.09.20 08:32:20.446,0.739,0.73916,1.12,1.37
2016.09.20 08:32:20.504,0.739,0.73916,1.00,1.37
2016.09.20 08:32:20.603,0.739,0.73916,1.12,1.37
2016.09.20 08:32:20.704,0.739,0.73916,1.00,1.37
2016.09.20 08:32:23.583,0.73899,0.73916,1.00,1.37
2016.09.20 08:32:23.710,0.73899,0.73916,1.12,1.37
2016.09.20 08:32:24.203,0.73899,0.73917,1.12,2.25
2016.09.20 08:32:24.315,0.73899,0.73917,1.12,1.87
2016.09.20 08:32:24.401,0.73901,0.73916,1.00,1.37
2016.09.20 08:32:25.014,0.73901,0.73917,1.12,1.37
2016.09.20 08:32:25.214,0.73901,0.73917,1.00,1.37
2016.09.20 08:32:25.852,0.73902,0.73917,1.00,1.37
2016.09.20 08:32:29.423,0.73902,0.73917,1.00,1.12
2016.09.20 08:32:29.816,0.73902,0.73917,1.12,1.12
2016.09.20 08:32:30.125,0.73902,0.73917,1.00,1.37
2016.09.20 08:32:31.119,0.73901,0.73916,1.00,1.37
2016.09.20 08:32:32.316,0.73902,0.73917,1.00,1.37
2016.09.20 08:32:32.502,0.73902,0.73917,1.00,1.12
2016.09.20 08:32:34.264,0.73903,0.7392,1.00,3.97
2016.09.20 08:32:34.320,0.73904,0.7392,1.00,3.22
2016.09.20 08:32:34.430,0.73904,0.7392,1.00,1.72
2016.09.20 08:32:34.531,0.73904,0.7392,1.00,1.37
2016.09.20 08:32:35.322,0.73904,0.7392,1.00,1.87
2016.09.20 08:32:35.681,0.73904,0.7392,1.00,1.37
2016.09.20 08:32:36.038,0.73905,0.73919,1.00,1.12
2016.09.20 08:32:36.089,0.73905,0.73919,1.00,1.37
2016.09.20 08:32:36.139,0.73905,0.73919,1.00,1.12
2016.09.20 08:32:36.239,0.73905,0.73919,1.00,1.37
2016.09.20 08:32:36.726,0.73904,0.73921,1.00,1.37
2016.09.20 08:32:37.929,0.73904,0.7392,1.00,1.37
2016.09.20 08:32:38.329,0.739,0.7392,1.37,3.75
2016.09.20 08:32:38.452,0.739,0.73919,1.37,1.37
2016.09.20 08:32:38.719,0.739,0.73919,1.12,3.00
2016.09.20 08:32:39.482,0.739,0.73916,1.12,1.00
2016.09.20 08:32:39.692,0.739,0.73916,1.00,3.00
2016.09.20 08:32:39.744,0.73898,0.73913,1.00,1.37
2016.09.20 08:32:39.845,0.73896,0.73913,1.12,1.37
2016.09.20 08:32:39.895,0.73896,0.73913,1.00,1.37
2016.09.20 08:32:40.309,0.73896,0.73913,1.00,3.00
2016.09.20 08:32:40.450,0.73896,0.73913,1.00,1.37
2016.09.20 08:32:40.581,0.73896,0.73913,1.00,1.87
2016.09.20 08:32:40.650,0.73896,0.73913,1.12,1.87
2016.09.20 08:32:40.701,0.73896,0.73913,1.12,1.37
2016.09.20 08:32:43.443,0.73896,0.73912,1.12,1.37
2016.09.20 08:32:43.493,0.73896,0.73912,1.00,1.37
2016.09.20 08:32:44.045,0.73895,0.73912,1.00,1.37
2016.09.20 08:32:44.146,0.73895,0.73913,1.00,2.25
2016.09.20 08:32:44.247,0.73897,0.73913,1.00,2.25
2016.09.20 08:32:44.298,0.73897,0.73914,1.00,3.00
2016.09.20 08:32:44.694,0.73897,0.73914,1.37,1.37
2016.09.20 08:32:44.745,0.73899,0.73915,1.00,1.37
2016.09.20 08:32:48.257,0.73898,0.73914,1.00,1.12
2016.09.20 08:32:48.308,0.73898,0.73914,1.00,1.37
2016.09.20 08:32:49.159,0.73896,0.73911,1.12,1.12
2016.09.20 08:32:49.216,0.73896,0.73911,1.00,1.37
2016.09.20 08:32:49.266,0.73894,0.73911,1.37,1.37
2016.09.20 08:32:49.317,0.73894,0.73911,1.12,1.37
2016.09.20 08:32:49.461,0.73895,0.73912,1.00,1.37
2016.09.20 08:32:49.512,0.73895,0.73912,1.00,3.00
2016.09.20 08:32:49.684,0.73893,0.73909,1.00,1.12
2016.09.20 08:32:49.949,0.73892,0.73911,1.00,1.87
2016.09.20 08:32:50.006,0.73892,0.73911,1.37,1.87
2016.09.20 08:32:50.063,0.73895,0.73911,1.00,1.87
2016.09.20 08:32:51.135,0.73897,0.73911,1.00,1.37
2016.09.20 08:32:51.382,0.73897,0.73912,1.00,1.12
2016.09.20 08:32:51.965,0.73897,0.73912,1.00,1.37
2016.09.20 08:32:52.175,0.73897,0.73911,1.00,1.12
2016.09.20 08:32:52.370,0.73897,0.73912,1.00,1.37
2016.09.20 08:32:52.928,0.73895,0.73912,1.00,1.37
2016.09.20 08:32:54.475,0.73896,0.73911,1.00,1.37
2016.09.20 08:32:54.793,0.73896,0.73911,1.00,3.00
2016.09.20 08:32:54.844,0.73896,0.73911,1.00,3.75
2016.09.20 08:32:54.894,0.73896,0.73911,1.00,1.37
2016.09.20 08:32:54.945,0.73896,0.73912,1.00,3.60
2016.09.20 08:32:55.477,0.73896,0.73911,1.00,1.37
2016.09.20 08:32:56.879,0.73896,0.73912,1.00,3.60
2016.09.20 08:32:56.930,0.73896,0.73912,1.00,1.37
2016.09.20 08:32:57.081,0.73898,0.73912,1.00,1.37
2016.09.20 08:32:58.786,0.73898,0.73913,1.00,1.37
2016.09.20 08:32:58.906,0.73898,0.73915,1.00,3.00
2016.09.20 08:32:59.007,0.73898,0.73915,1.00,1.37
2016.09.20 08:32:59.136,0.739,0.73915,1.00,2.25
2016.09.20 08:32:59.208,0.739,0.73916,1.00,3.75
2016.09.20 08:32:59.309,0.739,0.73915,1.00,2.25
2016.09.20 08:32:59.658,0.73899,0.73915,1.00,1.87
2016.09.20 08:32:59.911,0.73899,0.73915,1.00,3.75
2016.09.20 08:33:00.112,0.73899,0.73915,1.00,1.87
2016.09.20 08:33:00.547,0.73899,0.73915,1.00,1.37
2016.09.20 08:33:01.107,0.73899,0.73916,1.00,1.37
2016.09.20 08:33:01.157,0.73899,0.73916,1.00,3.00
2016.09.20 08:33:01.258,0.73899,0.73916,1.00,1.37
2016.09.20 08:33:01.460,0.73899,0.73916,1.12,1.37
2016.09.20 08:33:01.616,0.73899,0.73916,1.00,1.37
2016.09.20 08:33:01.852,0.73899,0.73916,1.37,1.37
2016.09.20 08:33:01.903,0.739,0.73916,1.12,1.37
2016.09.20 08:33:01.953,0.739,0.73916,1.00,1.37
2016.09.20 08:33:02.018,0.739,0.73916,1.12,1.37
2016.09.20 08:33:02.093,0.739,0.73918,1.12,1.50
2016.09.20 08:33:02.144,0.739,0.73918,1.00,3.37
2016.09.20 08:33:02.494,0.73902,0.73916,1.00,1.37
2016.09.20 08:33:05.325,0.73901,0.73917,1.00,1.37
2016.09.20 08:33:06.535,0.73901,0.73917,1.12,1.37
2016.09.20 08:33:06.636,0.73901,0.73917,1.00,1.37
2016.09.20 08:33:06.938,0.73901,0.73917,1.00,1.12
2016.09.20 08:33:07.522,0.73902,0.73917,1.00,1.37
2016.09.20 08:33:08.106,0.73903,0.73917,1.00,1.37
2016.09.20 08:33:08.901,0.73903,0.73917,1.00,1.12
2016.09.20 08:33:09.678,0.73903,0.73917,1.00,1.37
2016.09.20 08:33:13.013,0.73902,0.73917,1.00,1.37
2016.09.20 08:33:13.764,0.73903,0.73918,1.00,1.37
2016.09.20 08:33:14.890,0.73903,0.73918,1.00,1.12
2016.09.20 08:33:15.589,0.73903,0.73918,1.00,1.37
2016.09.20 08:33:19.163,0.73903,0.73917,1.00,1.37
2016.09.20 08:33:20.570,0.73903,0.73917,1.00,1.12
2016.09.20 08:33:21.132,0.73903,0.73918,1.00,1.37
2016.09.20 08:33:22.742,0.73903,0.73917,1.00,1.12
2016.09.20 08:33:24.310,0.73903,0.73917,1.00,1.37
2016.09.20 08:33:24.410,0.73903,0.73917,1.00,1.00
2016.09.20 08:33:25.568,0.73903,0.73917,1.00,1.37
2016.09.20 08:33:25.619,0.73903,0.73917,1.00,1.12
2016.09.20 08:33:27.187,0.73903,0.73917,1.00,1.37
2016.09.20 08:33:28.815,0.73903,0.73917,1.00,1.00
2016.09.20 08:33:29.298,0.73902,0.73917,1.00,1.37
2016.09.20 08:33:29.428,0.73902,0.73917,1.00,1.12
2016.09.20 08:33:30.379,0.73902,0.73916,1.00,1.00
2016.09.20 08:33:31.329,0.73902,0.73916,1.00,1.37
2016.09.20 08:33:32.101,0.73901,0.73916,1.00,1.12
2016.09.20 08:33:32.804,0.73901,0.73916,1.12,1.00
2016.09.20 08:33:32.856,0.73902,0.73916,1.00,1.00
2016.09.20 08:33:32.957,0.73903,0.73919,1.00,2.62
2016.09.20 08:33:33.149,0.73903,0.73918,1.00,1.37
2016.09.20 08:33:33.250,0.73903,0.73918,1.12,1.12
2016.09.20 08:33:33.300,0.73905,0.73919,1.00,1.37
2016.09.20 08:33:33.351,0.73905,0.73919,1.00,1.00
2016.09.20 08:33:33.401,0.73906,0.7392,1.00,1.12
2016.09.20 08:33:33.733,0.73906,0.7392,1.00,1.00
2016.09.20 08:33:33.808,0.73906,0.7392,1.00,1.37
2016.09.20 08:33:35.082,0.73906,0.7392,1.00,1.12
2016.09.20 08:33:35.191,0.73907,0.73921,1.00,1.37
2016.09.20 08:33:35.703,0.73907,0.73922,1.00,1.37
2016.09.20 08:33:36.478,0.73907,0.73921,1.00,1.12
2016.09.20 08:33:40.780,0.73907,0.73923,1.00,1.37
2016.09.20 08:33:41.113,0.7391,0.73924,1.00,1.37
2016.09.20 08:33:42.071,0.7391,0.73925,1.00,1.37
2016.09.20 08:33:44.547,0.7391,0.73925,1.00,1.12
2016.09.20 08:33:44.771,0.7391,0.73925,1.00,1.37
2016.09.20 08:33:45.271,0.7391,0.73925,1.00,1.12
2016.09.20 08:33:45.768,0.7391,0.73925,1.00,1.37
2016.09.20 08:33:48.381,0.7391,0.73925,1.00,1.72
2016.09.20 08:33:48.730,0.73909,0.73924,1.12,1.12
2016.09.20 08:33:48.983,0.73909,0.73924,1.00,1.37
2016.09.20 08:33:49.134,0.73909,0.73925,1.00,1.87
2016.09.20 08:33:49.547,0.73909,0.73923,1.00,1.37
2016.09.20 08:33:49.598,0.73907,0.73922,1.00,1.12
2016.09.20 08:33:49.699,0.73908,0.73923,1.00,2.47
2016.09.20 08:33:49.750,0.73908,0.73922,1.00,1.12
2016.09.20 08:33:49.801,0.73906,0.73922,1.00,1.12
2016.09.20 08:33:49.852,0.73906,0.73922,1.00,1.37
2016.09.20 08:33:49.903,0.73905,0.73921,1.00,1.12
2016.09.20 08:33:49.953,0.73905,0.73921,1.00,1.00
2016.09.20 08:33:50.044,0.73905,0.73921,1.00,1.37
2016.09.20 08:33:50.644,0.73905,0.73921,1.12,1.37
2016.09.20 08:33:51.045,0.73905,0.73921,1.00,1.37
2016.09.20 08:33:54.940,0.73907,0.73922,1.00,1.87
2016.09.20 08:33:55.041,0.73907,0.73922,1.00,1.12
2016.09.20 08:33:55.279,0.73907,0.73922,1.00,1.37
2016.09.20 08:33:55.408,0.73906,0.73922,1.00,1.87
2016.09.20 08:33:55.905,0.73906,0.73921,1.00,1.37
2016.09.20 08:33:57.999,0.73904,0.73921,1.12,1.37
2016.09.20 08:33:58.911,0.73906,0.7392,1.00,1.37
2016.09.20 08:34:00.537,0.73906,0.7392,1.00,1.12
2016.09.20 08:34:02.721,0.73908,0.73922,1.00,1.87
2016.09.20 08:34:02.772,0.73908,0.73922,1.00,1.12
2016.09.20 08:34:02.822,0.73908,0.73924,1.00,1.87
2016.09.20 08:34:02.876,0.73908,0.73924,1.00,2.25
2016.09.20 08:34:02.927,0.73907,0.73922,1.00,1.12
2016.09.20 08:34:03.028,0.73905,0.73922,1.37,1.12
2016.09.20 08:34:03.263,0.73905,0.73922,1.12,1.37
2016.09.20 08:34:04.727,0.73905,0.73921,1.12,1.37
2016.09.20 08:34:04.777,0.73905,0.73921,1.00,1.37
2016.09.20 08:34:04.878,0.73905,0.73921,1.12,1.37
2016.09.20 08:34:05.569,0.73905,0.7392,1.00,1.12
2016.09.20 08:34:05.785,0.73905,0.7392,1.00,1.37
2016.09.20 08:34:05.886,0.73905,0.7392,1.00,1.12
2016.09.20 08:34:07.435,0.73906,0.73921,1.00,1.37
2016.09.20 08:34:08.858,0.73907,0.73922,1.00,1.87
2016.09.20 08:34:08.959,0.73908,0.73923,1.00,1.37
2016.09.20 08:34:09.168,0.73908,0.73923,1.12,1.00
2016.09.20 08:34:09.997,0.73908,0.73923,1.12,1.12
2016.09.20 08:34:10.246,0.73908,0.73922,1.12,1.00
2016.09.20 08:34:10.400,0.73908,0.73922,1.00,1.00
2016.09.20 08:34:11.283,0.73907,0.73922,1.00,1.00
2016.09.20 08:34:12.946,0.73907,0.73922,1.00,1.12
2016.09.20 08:34:13.552,0.73907,0.73921,1.00,1.00
2016.09.20 08:34:15.919,0.73907,0.73921,1.12,1.00
2016.09.20 08:34:17.507,0.73906,0.73923,1.12,1.37
2016.09.20 08:34:17.607,0.73906,0.73923,1.37,1.37
2016.09.20 08:34:17.663,0.73906,0.73921,1.37,1.00
2016.09.20 08:34:17.763,0.73908,0.73923,1.00,1.37
2016.09.20 08:34:17.814,0.73908,0.73923,1.12,1.00
2016.09.20 08:34:17.864,0.73909,0.73924,1.00,1.12
2016.09.20 08:34:18.060,0.73908,0.73923,1.12,1.00
2016.09.20 08:34:18.111,0.73908,0.73923,1.00,2.25
2016.09.20 08:34:18.185,0.73908,0.73923,1.00,4.12
2016.09.20 08:34:18.264,0.73906,0.73921,1.00,1.37
2016.09.20 08:34:18.464,0.73904,0.73921,1.12,1.37
2016.09.20 08:34:18.615,0.73904,0.73921,1.12,1.12
2016.09.20 08:34:19.166,0.73904,0.73921,1.00,1.12
2016.09.20 08:34:19.254,0.73905,0.7392,1.00,1.00
2016.09.20 08:34:22.834,0.73905,0.7392,1.12,1.00
2016.09.20 08:34:26.095,0.73905,0.7392,1.00,1.12
2016.09.20 08:34:28.872,0.73905,0.7392,1.00,1.50
2016.09.20 08:34:28.932,0.739,0.73915,1.37,1.00
2016.09.20 08:34:29.001,0.739,0.73915,1.12,1.00
2016.09.20 08:34:29.102,0.739,0.73915,1.00,1.12
2016.09.20 08:34:31.084,0.73901,0.73916,1.00,1.37
2016.09.20 08:34:31.185,0.73903,0.73918,1.00,1.87
2016.09.20 08:34:31.248,0.73903,0.73918,1.00,1.37
2016.09.20 08:34:31.405,0.73903,0.73918,1.00,1.12
2016.09.20 08:34:31.705,0.73903,0.73918,1.12,1.00
2016.09.20 08:34:32.285,0.73904,0.73919,1.00,1.12
2016.09.20 08:34:32.436,0.73904,0.73919,1.00,1.37
2016.09.20 08:34:32.607,0.73905,0.7392,1.00,1.12
2016.09.20 08:34:33.169,0.73904,0.73921,1.12,1.37
2016.09.20 08:34:33.437,0.73904,0.73921,1.12,1.12
2016.09.20 08:34:33.817,0.73905,0.73922,1.00,1.37
2016.09.20 08:34:34.054,0.73904,0.73921,1.12,1.12
2016.09.20 08:34:36.391,0.73905,0.73922,1.00,1.37
2016.09.20 08:34:36.441,0.73905,0.73922,1.37,1.37
2016.09.20 08:34:38.707,0.73907,0.73922,1.00,1.37
2016.09.20 08:34:38.817,0.73905,0.73922,1.37,1.37
2016.09.20 08:34:39.724,0.73907,0.73922,1.00,1.37
2016.09.20 08:34:40.340,0.73907,0.73922,1.00,1.12
2016.09.20 08:34:40.521,0.73907,0.73922,1.00,1.00
2016.09.20 08:34:41.348,0.73904,0.73921,1.37,1.37
2016.09.20 08:34:41.800,0.73905,0.73919,1.12,1.00
2016.09.20 08:34:43.907,0.73905,0.73919,1.00,1.00
2016.09.20 08:34:44.717,0.73905,0.7392,1.00,1.12
2016.09.20 08:34:45.706,0.73905,0.73919,1.00,1.00
2016.09.20 08:34:46.117,0.73906,0.7392,1.00,1.12
2016.09.20 08:34:46.167,0.73906,0.7392,1.00,1.00
2016.09.20 08:34:46.908,0.73905,0.7392,1.00,1.00
2016.09.20 08:34:48.891,0.73905,0.73919,1.00,1.00
2016.09.20 08:34:48.942,0.73905,0.73919,1.12,1.00
2016.09.20 08:34:49.241,0.73904,0.73921,1.37,1.37
2016.09.20 08:34:49.347,0.73906,0.73921,1.00,1.37
2016.09.20 08:34:50.013,0.73905,0.7392,1.12,1.12
2016.09.20 08:34:50.513,0.73905,0.73921,1.12,1.37
2016.09.20 08:34:50.651,0.73904,0.73919,1.37,1.00
2016.09.20 08:34:52.439,0.73904,0.73919,1.12,1.00
2016.09.20 08:34:52.843,0.73905,0.73919,1.00,1.00
2016.09.20 08:34:52.979,0.73905,0.73919,1.12,1.00
2016.09.20 08:35:02.951,0.73907,0.73921,1.00,1.37
2016.09.20 08:35:03.002,0.73907,0.73921,1.00,1.00
2016.09.20 08:35:03.533,0.73906,0.7392,1.00,1.00
2016.09.20 08:35:03.583,0.73906,0.7392,1.00,1.12
2016.09.20 08:35:04.673,0.73907,0.73921,1.00,1.00
2016.09.20 08:35:05.540,0.73907,0.73921,1.00,1.37
2016.09.20 08:35:05.590,0.73904,0.73919,1.12,1.00
2016.09.20 08:35:05.691,0.73904,0.73919,1.00,1.12
2016.09.20 08:35:06.550,0.73904,0.73918,1.00,1.00
2016.09.20 08:35:06.637,0.73904,0.73919,1.00,1.12
2016.09.20 08:35:07.077,0.73904,0.73919,1.12,1.00
2016.09.20 08:35:07.178,0.73904,0.73919,1.00,1.00
2016.09.20 08:35:07.348,0.73905,0.7392,1.00,1.12
2016.09.20 08:35:07.399,0.73905,0.7392,1.00,1.00
2016.09.20 08:35:07.606,0.73905,0.7392,1.37,1.00
2016.09.20 08:35:07.656,0.73905,0.73922,1.37,1.12
2016.09.20 08:35:08.074,0.73907,0.73922,1.12,1.12
2016.09.20 08:35:08.900,0.73907,0.73923,1.12,1.37
2016.09.20 08:35:09.581,0.73908,0.73923,1.12,1.12
2016.09.20 08:35:13.688,0.73908,0.73923,1.00,1.12
2016.09.20 08:35:14.387,0.73909,0.73923,1.00,1.12
2016.09.20 08:35:15.492,0.7391,0.73926,1.00,1.87
2016.09.20 08:35:15.542,0.7391,0.73926,1.00,1.37
2016.09.20 08:35:15.593,0.73908,0.73925,1.37,1.12
2016.09.20 08:35:15.694,0.73908,0.73925,1.12,1.37
2016.09.20 08:35:15.751,0.73909,0.73923,1.00,1.00
2016.09.20 08:35:15.801,0.73909,0.73923,1.37,1.00
2016.09.20 08:35:16.796,0.73909,0.73923,1.12,1.00
2016.09.20 08:35:16.897,0.73909,0.73924,1.00,1.37
2016.09.20 08:35:17.199,0.73908,0.73923,1.37,1.00
2016.09.20 08:35:17.746,0.73908,0.73923,1.00,1.37
2016.09.20 08:35:20.656,0.73908,0.73923,1.37,1.00
2016.09.20 08:35:20.706,0.7391,0.73925,1.12,1.50
2016.09.20 08:35:20.757,0.7391,0.73925,1.12,1.00
2016.09.20 08:35:20.807,0.7391,0.73927,1.12,1.87
2016.09.20 08:35:20.903,0.7391,0.73927,1.37,1.87
2016.09.20 08:35:21.185,0.7391,0.73926,1.37,1.12
2016.09.20 08:35:21.236,0.7391,0.73926,1.12,1.37
2016.09.20 08:35:21.561,0.73908,0.73925,1.37,1.12
2016.09.20 08:35:21.664,0.73907,0.73923,1.37,1.00
2016.09.20 08:35:21.765,0.73908,0.73924,1.37,1.12
2016.09.20 08:35:21.962,0.73908,0.73924,1.37,1.87
2016.09.20 08:35:22.012,0.73908,0.73924,1.37,1.12
2016.09.20 08:35:22.575,0.73908,0.73923,1.37,1.00
2016.09.20 08:35:23.263,0.73908,0.73922,1.37,1.00
2016.09.20 08:35:23.771,0.73908,0.73923,1.37,1.00
2016.09.20 08:35:23.951,0.73909,0.73924,1.12,1.00
2016.09.20 08:35:26.468,0.7391,0.73925,1.00,1.12
2016.09.20 08:35:27.323,0.7391,0.73925,1.12,1.12
2016.09.20 08:35:27.373,0.73911,0.73927,1.00,1.37
2016.09.20 08:35:27.424,0.73911,0.73927,1.12,1.12
2016.09.20 08:35:27.580,0.73913,0.73928,1.00,1.37
2016.09.20 08:35:27.630,0.73913,0.73928,1.00,1.00
2016.09.20 08:35:27.731,0.73913,0.73928,1.37,1.00
2016.09.20 08:35:28.291,0.73914,0.73929,1.12,1.12
2016.09.20 08:35:28.394,0.73913,0.73928,1.37,1.00
2016.09.20 08:35:28.971,0.73914,0.73929,1.12,1.12
2016.09.20 08:35:31.488,0.73914,0.73928,1.12,1.00
2016.09.20 08:35:31.600,0.73913,0.73928,1.37,1.00
2016.09.20 08:35:31.651,0.73913,0.73928,1.00,1.12
2016.09.20 08:35:32.034,0.73913,0.73928,1.12,1.00
2016.09.20 08:35:32.680,0.73911,0.73925,1.37,1.00
2016.09.20 08:35:33.530,0.7391,0.73927,1.37,1.12
2016.09.20 08:35:34.545,0.7391,0.73927,1.37,1.37
2016.09.20 08:35:34.933,0.7391,0.73925,1.37,1.00
2016.09.20 08:35:36.569,0.73909,0.73924,1.12,1.00
2016.09.20 08:35:36.861,0.73909,0.73924,1.37,1.00
2016.09.20 08:35:37.583,0.73911,0.73926,1.12,1.12
2016.09.20 08:35:38.113,0.73909,0.73924,1.37,1.00
2016.09.20 08:35:38.365,0.73909,0.73924,1.12,1.00
2016.09.20 08:35:38.415,0.73908,0.73923,1.37,1.00
2016.09.20 08:35:38.648,0.73908,0.73923,1.12,1.12
2016.09.20 08:35:39.699,0.73907,0.73922,1.87,1.00
2016.09.20 08:35:40.700,0.73907,0.73923,1.87,1.00
2016.09.20 08:35:42.303,0.73907,0.73924,1.87,1.00
2016.09.20 08:35:47.713,0.73908,0.73922,1.00,1.00
2016.09.20 08:35:48.320,0.73906,0.73921,1.37,1.00
2016.09.20 08:35:48.758,0.73905,0.73919,1.37,1.00
2016.09.20 08:35:49.606,0.73906,0.7392,1.12,1.00
2016.09.20 08:35:50.985,0.73905,0.7392,1.37,1.00
2016.09.20 08:35:51.222,0.73906,0.7392,1.12,1.00
2016.09.20 08:35:53.384,0.73906,0.7392,1.37,1.00
2016.09.20 08:35:53.434,0.73907,0.73923,1.37,1.12
2016.09.20 08:35:53.485,0.73907,0.73923,1.12,1.00
2016.09.20 08:35:54.369,0.73908,0.73923,1.00,1.00
2016.09.20 08:35:54.420,0.73908,0.73923,1.37,1.00
2016.09.20 08:35:54.838,0.73909,0.73923,1.00,1.00
2016.09.20 08:35:55.745,0.73907,0.73924,1.12,1.00
2016.09.20 08:35:55.909,0.73907,0.73924,1.37,1.12
2016.09.20 08:35:56.010,0.73907,0.73924,1.37,1.37
2016.09.20 08:35:56.389,0.73907,0.73924,1.37,1.12
2016.09.20 08:35:56.690,0.73907,0.73924,1.37,1.37
2016.09.20 08:35:57.191,0.73907,0.73924,1.37,1.12
2016.09.20 08:35:57.669,0.73907,0.73923,1.37,1.00
2016.09.20 08:36:00.738,0.73907,0.73923,1.37,1.12
2016.09.20 08:36:00.789,0.73908,0.73923,1.12,1.12
2016.09.20 08:36:01.236,0.73908,0.73923,1.37,1.00
2016.09.20 08:36:01.393,0.73908,0.73925,1.37,1.37
2016.09.20 08:36:02.533,0.73909,0.73925,1.12,1.00
2016.09.20 08:36:02.583,0.7391,0.73925,1.00,1.00
2016.09.20 08:36:02.634,0.7391,0.73925,1.12,1.00
2016.09.20 08:36:02.875,0.7391,0.73925,1.00,1.37
2016.09.20 08:36:03.505,0.7391,0.73925,1.12,1.12
2016.09.20 08:36:03.905,0.7391,0.73925,1.00,1.37
2016.09.20 08:36:04.497,0.73911,0.73926,1.00,1.37
2016.09.20 08:36:04.547,0.73911,0.73926,1.00,1.00
2016.09.20 08:36:04.648,0.73911,0.73926,1.12,1.00
2016.09.20 08:36:05.327,0.73911,0.73926,1.00,1.00
2016.09.20 08:36:05.493,0.73909,0.73925,1.12,1.00
2016.09.20 08:36:05.544,0.73909,0.73925,1.37,1.12
2016.09.20 08:36:05.700,0.73909,0.73923,1.37,1.00
2016.09.20 08:36:06.137,0.73909,0.73923,1.12,1.00
2016.09.20 08:36:06.515,0.73909,0.73923,1.00,1.00
2016.09.20 08:36:06.615,0.73909,0.73923,1.12,1.00
2016.09.20 08:36:06.666,0.73909,0.73923,1.87,1.00
2016.09.20 08:36:06.880,0.73912,0.73926,1.00,1.37
2016.09.20 08:36:07.116,0.73912,0.73926,1.00,1.12
2016.09.20 08:36:07.167,0.73912,0.73926,1.00,1.00
2016.09.20 08:36:08.404,0.73911,0.73926,1.00,1.00
2016.09.20 08:36:08.958,0.7391,0.73926,1.00,1.00
2016.09.20 08:36:09.022,0.7391,0.73926,1.12,1.00
2016.09.20 08:36:09.073,0.73911,0.73926,1.00,1.00
2016.09.20 08:36:10.024,0.73911,0.73926,1.37,1.00
2016.09.20 08:36:10.125,0.73911,0.73926,1.00,1.00
2016.09.20 08:36:10.325,0.73911,0.73926,1.37,1.00
2016.09.20 08:36:10.606,0.73911,0.73926,1.12,1.12
2016.09.20 08:36:12.364,0.73911,0.73925,1.12,1.00
2016.09.20 08:36:12.611,0.73912,0.73927,1.00,1.37
2016.09.20 08:36:12.830,0.73913,0.73928,1.00,1.12
2016.09.20 08:36:12.931,0.73913,0.73928,1.00,1.37
2016.09.20 08:36:13.031,0.73913,0.73928,1.00,1.00
2016.09.20 08:36:13.331,0.73913,0.73928,1.00,1.37
2016.09.20 08:36:13.382,0.73913,0.73928,1.00,1.12
2016.09.20 08:36:13.766,0.73913,0.73927,1.00,1.00
2016.09.20 08:36:13.883,0.73913,0.73928,1.00,1.12
2016.09.20 08:36:14.034,0.73913,0.73928,1.12,1.00
2016.09.20 08:36:14.342,0.73915,0.7393,1.00,1.12
2016.09.20 08:36:14.613,0.73914,0.73929,1.00,1.00
2016.09.20 08:36:15.128,0.73914,0.7393,1.00,1.12
2016.09.20 08:36:15.770,0.73915,0.73929,1.00,1.00
2016.09.20 08:36:15.971,0.73915,0.7393,1.00,1.12
2016.09.20 08:36:16.872,0.73915,0.73929,1.00,1.00
2016.09.20 08:36:17.016,0.73915,0.7393,1.00,1.12
2016.09.20 08:36:17.073,0.73915,0.73929,1.00,1.00
2016.09.20 08:36:17.974,0.73915,0.7393,1.00,1.12
2016.09.20 08:36:18.375,0.73914,0.73929,1.00,1.00
2016.09.20 08:36:18.830,0.73915,0.7393,1.00,1.12
2016.09.20 08:36:22.423,0.73915,0.73931,1.00,1.37
2016.09.20 08:36:23.383,0.73915,0.7393,1.00,1.12
2016.09.20 08:36:23.484,0.73915,0.73929,1.00,1.00
2016.09.20 08:36:23.554,0.73915,0.73929,1.12,1.00
2016.09.20 08:36:24.327,0.73914,0.73928,1.37,1.00
2016.09.20 08:36:24.483,0.73914,0.73928,1.12,1.00
2016.09.20 08:36:24.533,0.73915,0.73929,1.00,1.00
2016.09.20 08:36:24.586,0.73915,0.73931,1.00,1.37
2016.09.20 08:36:25.529,0.73915,0.73929,1.00,1.00
2016.09.20 08:36:25.888,0.73915,0.7393,1.00,1.12
2016.09.20 08:36:26.663,0.73915,0.7393,1.12,1.12
2016.09.20 08:36:27.391,0.73916,0.7393,1.00,1.12
2016.09.20 08:36:33.599,0.73915,0.7393,1.12,1.12
2016.09.20 08:36:36.842,0.73914,0.73929,1.37,1.00
2016.09.20 08:36:37.850,0.73914,0.73928,1.37,1.00
2016.09.20 08:36:38.608,0.73913,0.73928,1.37,1.00
2016.09.20 08:36:39.910,0.73913,0.73927,1.37,1.00
2016.09.20 08:36:40.761,0.73912,0.73927,1.37,1.00
2016.09.20 08:36:40.912,0.7391,0.73926,2.62,1.00
2016.09.20 08:36:41.030,0.7391,0.73926,1.87,1.00
2016.09.20 08:36:42.248,0.73911,0.73925,1.12,1.00
2016.09.20 08:36:44.011,0.73911,0.73926,1.12,1.00
2016.09.20 08:36:45.520,0.73911,0.73928,1.12,1.00
2016.09.20 08:36:45.636,0.73914,0.73928,1.00,1.00
2016.09.20 08:36:45.797,0.73914,0.73928,1.12,1.00
2016.09.20 08:36:46.396,0.73914,0.73929,1.12,1.00
2016.09.20 08:36:46.446,0.73913,0.73927,1.00,1.00
2016.09.20 08:36:47.727,0.73913,0.73927,1.12,1.00
2016.09.20 08:36:49.827,0.73912,0.73926,1.37,1.00
2016.09.20 08:36:51.229,0.73912,0.73927,1.37,1.00
2016.09.20 08:36:53.436,0.73912,0.73926,1.37,1.00
2016.09.20 08:36:54.015,0.73912,0.73926,1.12,1.00
2016.09.20 08:36:54.079,0.73911,0.73926,1.37,1.00
2016.09.20 08:36:54.244,0.73913,0.73928,1.00,1.12
2016.09.20 08:36:55.028,0.73911,0.73928,1.37,1.00
2016.09.20 08:36:56.849,0.73913,0.73928,1.37,1.00
2016.09.20 08:36:57.445,0.73914,0.73929,1.37,1.00
2016.09.20 08:36:59.977,0.73912,0.73929,1.37,1.12
2016.09.20 08:37:02.842,0.73914,0.73928,1.12,1.00
2016.09.20 08:37:02.943,0.73914,0.73928,1.37,1.00
2016.09.20 08:37:02.994,0.73915,0.7393,1.12,1.12
2016.09.20 08:37:03.208,0.73916,0.73931,1.00,1.37
2016.09.20 08:37:03.259,0.73916,0.73931,1.12,1.12
2016.09.20 08:37:03.360,0.73916,0.73931,1.00,1.37
2016.09.20 08:37:03.940,0.73916,0.73931,1.12,1.12
2016.09.20 08:37:04.152,0.73916,0.73931,1.00,1.37
2016.09.20 08:37:04.204,0.73912,0.73927,1.12,1.00
2016.09.20 08:37:04.355,0.73912,0.73927,1.00,1.12
2016.09.20 08:37:04.945,0.73912,0.73927,1.00,1.37
2016.09.20 08:37:04.996,0.73911,0.73926,1.12,1.12
2016.09.20 08:37:05.046,0.73911,0.73926,1.37,1.00
2016.09.20 08:37:05.097,0.73912,0.73927,1.12,1.12
2016.09.20 08:37:05.383,0.73913,0.73927,1.12,1.00
2016.09.20 08:37:05.582,0.73913,0.73927,1.00,1.12
2016.09.20 08:37:07.260,0.73913,0.73927,1.00,1.00
2016.09.20 08:37:08.492,0.73912,0.73927,1.12,1.00
2016.09.20 08:37:09.091,0.73913,0.73928,1.12,1.12
2016.09.20 08:37:11.863,0.73913,0.73928,1.37,1.00
2016.09.20 08:37:12.087,0.73915,0.73929,1.00,1.00
2016.09.20 08:37:12.764,0.73915,0.73929,1.12,1.00
2016.09.20 08:37:12.815,0.73916,0.7393,1.00,1.00
2016.09.20 08:37:13.992,0.73915,0.73932,1.12,1.37
2016.09.20 08:37:16.288,0.73916,0.73932,1.00,1.37
2016.09.20 08:37:16.339,0.73916,0.73932,1.37,1.12
2016.09.20 08:37:16.398,0.73916,0.73931,1.37,1.00
2016.09.20 08:37:18.008,0.73916,0.7393,1.37,1.00
2016.09.20 08:37:18.573,0.73915,0.7393,1.37,1.00
2016.09.20 08:37:18.807,0.73915,0.7393,1.12,1.00
2016.09.20 08:37:18.976,0.73915,0.7393,1.00,1.12
2016.09.20 08:37:19.503,0.73916,0.7393,1.00,1.12
2016.09.20 08:37:23.512,0.73915,0.73932,1.12,1.37
2016.09.20 08:37:25.484,0.73915,0.73932,1.37,1.37
2016.09.20 08:37:27.587,0.73915,0.73932,1.12,1.37
2016.09.20 08:37:28.464,0.73915,0.73932,1.37,1.37
2016.09.20 08:37:28.514,0.73918,0.73932,1.00,1.37
2016.09.20 08:37:28.565,0.73917,0.73931,1.00,1.12
2016.09.20 08:37:29.019,0.73916,0.7393,1.12,1.00
2016.09.20 08:37:29.540,0.73916,0.7393,1.00,1.00
2016.09.20 08:37:30.021,0.73915,0.73932,1.12,1.37
2016.09.20 08:37:30.221,0.73915,0.73932,1.37,1.37
2016.09.20 08:37:32.294,0.73915,0.73932,1.12,1.37
2016.09.20 08:37:33.896,0.73915,0.73932,1.37,1.37
2016.09.20 08:37:34.127,0.73916,0.73931,1.12,1.12
2016.09.20 08:37:34.380,0.73918,0.73933,1.00,1.12
2016.09.20 08:37:34.431,0.73918,0.73933,1.00,1.00
2016.09.20 08:37:34.532,0.73918,0.73935,1.00,1.12
2016.09.20 08:37:34.697,0.73918,0.73935,1.12,1.37
2016.09.20 08:37:35.575,0.73918,0.73935,1.00,1.37
2016.09.20 08:37:35.729,0.73918,0.73935,1.12,1.37
2016.09.20 08:37:35.971,0.73918,0.73933,1.12,1.00
2016.09.20 08:37:36.072,0.73916,0.73933,1.37,1.00
2016.09.20 08:37:36.122,0.73916,0.73933,1.37,1.37
2016.09.20 08:37:36.173,0.73916,0.7393,1.37,1.00
2016.09.20 08:37:38.535,0.73916,0.73931,1.37,1.00
2016.09.20 08:37:39.379,0.73916,0.73932,1.37,1.00
2016.09.20 08:37:39.606,0.73916,0.73932,3.00,1.00
2016.09.20 08:37:39.677,0.73918,0.73933,1.37,1.00
2016.09.20 08:37:40.524,0.73917,0.73932,1.37,1.00
2016.09.20 08:37:41.438,0.73915,0.73932,3.75,1.00
2016.09.20 08:37:41.911,0.73917,0.73932,1.37,1.00
2016.09.20 08:37:43.640,0.73915,0.73932,3.00,1.00
2016.09.20 08:37:44.492,0.73915,0.73932,1.37,1.00
2016.09.20 08:37:45.051,0.73916,0.73932,1.37,1.00
2016.09.20 08:37:45.489,0.73918,0.73934,1.12,1.00
2016.09.20 08:37:46.114,0.73918,0.73933,1.12,1.00
2016.09.20 08:37:46.995,0.73918,0.73935,1.12,1.37
2016.09.20 08:37:47.045,0.73918,0.73935,1.12,1.00
2016.09.20 08:37:47.146,0.73919,0.73935,1.00,1.00
2016.09.20 08:37:47.546,0.73919,0.73935,1.12,1.00
2016.09.20 08:37:48.247,0.73919,0.73934,1.12,1.00
2016.09.20 08:37:48.953,0.73916,0.73929,2.25,1.00
2016.09.20 08:37:49.054,0.73914,0.73929,1.37,1.00
2016.09.20 08:37:49.155,0.73914,0.73929,1.12,1.00
2016.09.20 08:37:49.256,0.73914,0.73929,1.37,1.00
2016.09.20 08:37:49.357,0.73914,0.73931,1.37,1.12
2016.09.20 08:37:49.640,0.73914,0.73931,1.00,1.37
2016.09.20 08:37:49.696,0.73912,0.73928,1.37,1.00
2016.09.20 08:37:49.747,0.73912,0.73928,1.37,1.12
2016.09.20 08:37:49.951,0.73913,0.73929,1.12,1.37
2016.09.20 08:37:50.536,0.73913,0.73928,1.12,1.12
2016.09.20 08:37:50.646,0.73913,0.73928,1.12,1.00
2016.09.20 08:37:50.747,0.73913,0.73928,1.37,1.00
2016.09.20 08:37:50.798,0.73914,0.7393,1.12,1.12
2016.09.20 08:37:50.848,0.73914,0.7393,1.00,1.37
2016.09.20 08:37:50.899,0.73914,0.73929,1.00,1.12
2016.09.20 08:37:52.040,0.73914,0.73929,1.12,1.12
2016.09.20 08:37:54.958,0.73913,0.7393,1.37,1.37
2016.09.20 08:37:57.332,0.73913,0.7393,1.37,1.12
2016.09.20 08:37:57.664,0.73915,0.7393,1.00,1.12
2016.09.20 08:37:58.007,0.73916,0.73931,1.00,1.00
2016.09.20 08:38:00.967,0.73917,0.73932,1.00,1.12
2016.09.20 08:38:01.068,0.73917,0.73932,1.12,1.12
2016.09.20 08:38:01.168,0.73917,0.73932,1.12,1.00
2016.09.20 08:38:01.588,0.73917,0.73932,1.00,1.12
2016.09.20 08:38:01.689,0.73916,0.7393,1.12,1.00
2016.09.20 08:38:01.739,0.73916,0.7393,1.00,1.12
2016.09.20 08:38:01.790,0.73915,0.73929,1.12,1.00
2016.09.20 08:38:02.067,0.73915,0.73929,1.37,1.00
2016.09.20 08:38:02.118,0.73916,0.7393,1.12,1.00
2016.09.20 08:38:02.219,0.73915,0.7393,1.37,1.00
2016.09.20 08:38:02.468,0.73915,0.7393,1.12,1.00
2016.09.20 08:38:02.741,0.73915,0.7393,1.37,1.00
2016.09.20 08:38:04.272,0.73915,0.73929,1.37,1.00
2016.09.20 08:38:09.078,0.73915,0.73931,1.37,1.00
2016.09.20 08:38:09.179,0.73916,0.73931,1.00,1.00
2016.09.20 08:38:09.280,0.73915,0.7393,1.37,1.00
2016.09.20 08:38:09.493,0.73915,0.73929,1.12,1.00
2016.09.20 08:38:09.857,0.73915,0.73929,1.37,1.00
2016.09.20 08:38:09.951,0.73915,0.73929,1.12,1.00
2016.09.20 08:38:10.669,0.73914,0.73929,1.37,1.00
2016.09.20 08:38:10.720,0.73915,0.7393,1.12,1.00
2016.09.20 08:38:11.884,0.73914,0.7393,1.37,1.00
2016.09.20 08:38:13.185,0.73914,0.73929,1.37,1.00
2016.09.20 08:38:17.991,0.73915,0.73929,1.37,1.00
2016.09.20 08:38:18.468,0.73915,0.73929,1.00,1.00
2016.09.20 08:38:18.519,0.73914,0.73928,1.12,1.00
2016.09.20 08:38:18.569,0.73914,0.73928,1.00,1.00
2016.09.20 08:38:18.620,0.73911,0.73927,1.37,1.00
2016.09.20 08:38:19.103,0.73911,0.73928,1.37,1.12
2016.09.20 08:38:19.206,0.73914,0.73929,1.12,1.12
2016.09.20 08:38:19.307,0.73912,0.73929,1.37,1.00
2016.09.20 08:38:19.638,0.73914,0.73928,1.00,1.00
2016.09.20 08:38:19.933,0.73913,0.73929,1.12,1.00
2016.09.20 08:38:19.983,0.73913,0.73929,1.12,1.37
2016.09.20 08:38:20.286,0.73913,0.73929,1.12,1.00
2016.09.20 08:38:20.468,0.73913,0.73929,1.37,1.12
2016.09.20 08:38:22.022,0.73913,0.73929,1.37,1.00
2016.09.20 08:38:22.073,0.73915,0.73929,1.12,1.00
2016.09.20 08:38:22.299,0.73913,0.73929,1.37,1.00
2016.09.20 08:38:24.719,0.73913,0.7393,1.37,1.12
2016.09.20 08:38:24.775,0.73913,0.7393,1.12,1.12
2016.09.20 08:38:24.826,0.73914,0.73928,1.00,1.00
2016.09.20 08:38:25.785,0.73913,0.7393,1.12,1.12
2016.09.20 08:38:26.304,0.73915,0.7393,1.00,1.12
2016.09.20 08:38:26.505,0.73914,0.7393,1.12,1.12
2016.09.20 08:38:26.605,0.73914,0.7393,1.37,1.00
2016.09.20 08:38:26.778,0.73914,0.73931,1.12,1.37
2016.09.20 08:38:30.122,0.73916,0.73931,1.00,1.37
2016.09.20 08:38:30.223,0.73916,0.73931,1.12,1.12
2016.09.20 08:38:31.618,0.73916,0.73931,1.00,1.37
2016.09.20 08:38:32.521,0.73915,0.7393,1.00,1.12
2016.09.20 08:38:32.622,0.73915,0.7393,1.12,1.12
2016.09.20 08:38:32.762,0.73916,0.73931,1.00,1.37
2016.09.20 08:38:32.813,0.73916,0.73931,1.00,1.00
2016.09.20 08:38:33.709,0.73916,0.73931,1.00,1.37
2016.09.20 08:38:34.089,0.73916,0.73931,1.00,1.00
2016.09.20 08:38:34.226,0.73916,0.73933,1.00,1.37
2016.09.20 08:38:35.528,0.73916,0.73931,1.00,1.00
2016.09.20 08:38:35.629,0.73916,0.73931,1.00,1.37
2016.09.20 08:38:36.531,0.73916,0.7393,1.00,1.12
2016.09.20 08:38:37.767,0.73916,0.73933,1.00,1.37
2016.09.20 08:38:37.818,0.73916,0.73933,1.12,1.37
2016.09.20 08:38:37.919,0.73916,0.73933,1.37,1.37
2016.09.20 08:38:38.208,0.73916,0.73933,1.37,1.12
2016.09.20 08:38:38.638,0.73915,0.73932,1.37,1.00
2016.09.20 08:38:38.739,0.73915,0.73932,1.37,1.37
2016.09.20 08:38:39.401,0.73915,0.7393,1.37,1.00
2016.09.20 08:38:39.599,0.73915,0.7393,1.12,1.12
2016.09.20 08:38:40.100,0.73915,0.7393,1.00,1.12
2016.09.20 08:38:40.382,0.73913,0.7393,1.37,1.12
2016.09.20 08:38:40.844,0.73916,0.73931,1.00,1.37
2016.09.20 08:38:40.945,0.73916,0.73931,1.00,1.00
2016.09.20 08:38:41.292,0.73915,0.7393,1.12,1.00
2016.09.20 08:38:41.343,0.73915,0.7393,1.00,1.12
2016.09.20 08:38:41.394,0.73914,0.73929,1.12,1.00
2016.09.20 08:38:41.444,0.73914,0.73929,1.37,1.00
2016.09.20 08:38:41.502,0.73914,0.73929,1.12,1.12
2016.09.20 08:38:41.553,0.73914,0.7393,1.12,1.37
2016.09.20 08:38:41.603,0.73914,0.7393,1.12,1.12
2016.09.20 08:38:41.654,0.73914,0.73929,1.12,1.00
2016.09.20 08:38:46.657,0.73912,0.73929,1.37,1.37
2016.09.20 08:38:46.758,0.73912,0.73929,1.37,1.12
2016.09.20 08:38:46.862,0.73913,0.73928,1.37,1.00
2016.09.20 08:38:48.513,0.73913,0.73928,1.00,1.00
2016.09.20 08:38:49.113,0.73912,0.73927,1.12,1.12
2016.09.20 08:38:49.263,0.73912,0.73928,1.12,1.37
2016.09.20 08:38:49.463,0.73913,0.73931,1.00,3.37
2016.09.20 08:38:49.514,0.73913,0.73931,1.00,3.00
2016.09.20 08:38:49.564,0.73915,0.7393,1.00,1.37
2016.09.20 08:38:49.615,0.73915,0.7393,1.12,1.12
2016.09.20 08:38:50.809,0.73913,0.7393,1.37,1.12
2016.09.20 08:38:50.860,0.73913,0.7393,1.37,1.37
2016.09.20 08:38:50.910,0.73913,0.73929,1.37,1.12
2016.09.20 08:38:51.109,0.73912,0.73928,1.37,1.00
2016.09.20 08:38:51.159,0.73912,0.73928,1.37,1.12
2016.09.20 08:38:51.210,0.7391,0.73926,1.37,1.00
2016.09.20 08:38:51.261,0.7391,0.73926,3.00,1.00
2016.09.20 08:38:51.373,0.7391,0.73926,3.75,1.00
2016.09.20 08:38:51.529,0.7391,0.73926,1.87,1.00
2016.09.20 08:38:51.672,0.7391,0.73926,1.37,1.00
2016.09.20 08:38:52.200,0.73912,0.73928,1.37,1.12
2016.09.20 08:38:52.251,0.73912,0.73928,1.37,1.00
2016.09.20 08:38:53.336,0.73912,0.73928,1.12,1.00
2016.09.20 08:38:53.521,0.73912,0.73928,1.37,1.00
2016.09.20 08:38:53.675,0.73913,0.73929,1.37,1.12
2016.09.20 08:38:53.725,0.73913,0.73929,1.37,1.00
2016.09.20 08:38:53.821,0.73913,0.73929,1.37,1.12
2016.09.20 08:38:53.921,0.73913,0.73929,1.37,1.00
2016.09.20 08:38:54.021,0.73913,0.73929,1.37,1.12
2016.09.20 08:38:54.269,0.73913,0.73929,1.37,1.00
2016.09.20 08:38:54.320,0.73915,0.73931,1.00,1.12
2016.09.20 08:38:54.705,0.73914,0.73932,3.00,1.12
2016.09.20 08:38:55.141,0.73914,0.73932,1.37,1.37
2016.09.20 08:38:55.562,0.73912,0.73928,1.37,1.00
2016.09.20 08:38:55.614,0.7391,0.73926,3.00,1.00
2016.09.20 08:38:55.666,0.7391,0.73926,1.37,1.00
2016.09.20 08:38:56.880,0.73912,0.73928,1.12,1.37
2016.09.20 08:38:56.931,0.73912,0.73928,1.37,1.00
2016.09.20 08:38:58.382,0.73913,0.73929,1.12,1.00
2016.09.20 08:38:58.432,0.73913,0.73929,1.37,1.00
2016.09.20 08:38:58.483,0.73912,0.73926,2.25,1.00
2016.09.20 08:38:58.764,0.7391,0.73926,1.00,1.37
2016.09.20 08:38:58.831,0.7391,0.73926,1.00,1.12
2016.09.20 08:38:59.078,0.7391,0.73926,1.00,1.37
2016.09.20 08:38:59.131,0.7391,0.73926,1.12,1.37
2016.09.20 08:38:59.262,0.7391,0.73926,1.12,1.00
2016.09.20 08:38:59.613,0.73912,0.73928,1.00,1.12
2016.09.20 08:38:59.664,0.73912,0.73928,1.00,1.00
2016.09.20 08:38:59.833,0.73912,0.73928,1.37,1.00
2016.09.20 08:38:59.965,0.73912,0.73928,1.12,1.00
2016.09.20 08:39:00.519,0.73913,0.73929,1.00,1.12
2016.09.20 08:39:00.569,0.73913,0.73929,1.37,1.12
2016.09.20 08:39:00.681,0.73913,0.73929,1.00,1.37
2016.09.20 08:39:00.735,0.73913,0.73929,1.00,1.12
2016.09.20 08:39:00.986,0.73914,0.7393,1.00,1.37
2016.09.20 08:39:01.037,0.73914,0.7393,1.12,1.12
2016.09.20 08:39:01.138,0.73914,0.7393,1.37,1.12
2016.09.20 08:39:01.570,0.73914,0.7393,1.37,1.00
2016.09.20 08:39:02.288,0.73915,0.73931,1.12,1.12
2016.09.20 08:39:02.624,0.73914,0.73931,1.37,1.12
2016.09.20 08:39:02.675,0.73914,0.73931,1.37,1.00
2016.09.20 08:39:02.776,0.73914,0.73932,1.37,1.12
2016.09.20 08:39:02.939,0.73914,0.73932,1.37,1.50
2016.09.20 08:39:03.069,0.73914,0.73932,1.37,1.00
2016.09.20 08:39:03.542,0.73916,0.73932,1.37,1.00
2016.09.20 08:39:03.693,0.73917,0.73933,1.12,1.50
2016.09.20 08:39:03.794,0.73917,0.73933,1.12,1.37
2016.09.20 08:39:04.171,0.73917,0.73933,1.12,1.12
2016.09.20 08:39:04.603,0.73917,0.73933,1.00,1.37
2016.09.20 08:39:04.883,0.73916,0.73932,1.12,1.37
2016.09.20 08:39:04.995,0.73916,0.73934,1.12,1.50
2016.09.20 08:39:05.045,0.73916,0.73934,1.37,1.50
2016.09.20 08:39:05.243,0.73916,0.73934,1.12,1.50
2016.09.20 08:39:05.496,0.73915,0.73933,1.37,1.37
2016.09.20 08:39:05.546,0.73915,0.73933,1.12,1.37
2016.09.20 08:39:06.159,0.73915,0.73933,1.37,1.37
2016.09.20 08:39:06.260,0.73914,0.73932,1.37,1.50
2016.09.20 08:39:06.311,0.73914,0.7393,1.37,1.00
2016.09.20 08:39:06.361,0.73914,0.7393,1.12,1.12
2016.09.20 08:39:06.412,0.73913,0.73929,1.37,1.00
2016.09.20 08:39:06.462,0.73913,0.73929,1.12,1.12
2016.09.20 08:39:06.563,0.73913,0.73929,1.37,1.00
2016.09.20 08:39:07.175,0.73913,0.73929,1.37,1.12
2016.09.20 08:39:07.469,0.73914,0.7393,1.12,1.12
2016.09.20 08:39:07.647,0.73914,0.7393,1.37,1.12
2016.09.20 08:39:07.983,0.73914,0.7393,1.12,1.12
2016.09.20 08:39:08.088,0.73914,0.7393,1.37,1.12
2016.09.20 08:39:08.148,0.73914,0.7393,1.37,1.00
2016.09.20 08:39:09.059,0.73914,0.7393,1.12,1.00
2016.09.20 08:39:10.312,0.73914,0.7393,1.00,1.00
2016.09.20 08:39:10.604,0.73915,0.73931,1.00,1.12
2016.09.20 08:39:10.654,0.73915,0.73931,1.12,1.12
2016.09.20 08:39:10.705,0.73917,0.73933,1.00,1.37
2016.09.20 08:39:10.953,0.73917,0.73933,1.12,1.37
2016.09.20 08:39:11.381,0.73917,0.73933,1.00,1.37
2016.09.20 08:39:11.962,0.73917,0.73933,1.12,1.37
2016.09.20 08:39:12.013,0.73917,0.73932,1.12,1.12
2016.09.20 08:39:12.407,0.73915,0.73933,1.37,1.37
2016.09.20 08:39:12.698,0.73917,0.73932,1.37,1.00
2016.09.20 08:39:13.645,0.73917,0.73932,1.12,1.00
2016.09.20 08:39:13.695,0.73917,0.73932,1.37,1.00
2016.09.20 08:39:13.824,0.73917,0.73933,1.37,1.12
2016.09.20 08:39:13.909,0.73917,0.73932,1.37,1.00
2016.09.20 08:39:14.484,0.73917,0.73932,1.00,1.00
2016.09.20 08:39:15.010,0.73917,0.73933,1.00,1.00
2016.09.20 08:39:15.061,0.73917,0.73933,1.37,1.12
2016.09.20 08:39:15.111,0.73917,0.73932,1.37,1.00
2016.09.20 08:39:15.162,0.73917,0.73932,1.12,1.00
2016.09.20 08:39:16.092,0.73917,0.73932,1.37,1.00
2016.09.20 08:39:16.143,0.73917,0.73932,1.12,1.00
2016.09.20 08:39:16.212,0.73917,0.73933,1.12,1.12
2016.09.20 08:39:16.263,0.73917,0.73933,1.37,1.12
2016.09.20 08:39:16.313,0.73917,0.73932,1.37,1.00
2016.09.20 08:39:16.364,0.73917,0.73932,1.12,1.00
2016.09.20 08:39:16.414,0.73916,0.73932,1.37,1.00
2016.09.20 08:39:16.515,0.73915,0.7393,3.00,1.00
2016.09.20 08:39:16.566,0.73915,0.7393,1.12,1.00
2016.09.20 08:39:17.432,0.73915,0.73931,1.12,1.00
2016.09.20 08:39:17.482,0.73915,0.73931,1.12,1.12
2016.09.20 08:39:18.218,0.73914,0.7393,1.37,1.00
2016.09.20 08:39:18.370,0.73914,0.7393,1.37,1.12
2016.09.20 08:39:18.528,0.73915,0.73931,1.12,1.37
2016.09.20 08:39:19.053,0.73915,0.73931,1.00,1.00
2016.09.20 08:39:21.244,0.73914,0.73931,1.12,1.00
2016.09.20 08:39:23.431,0.73918,0.73933,1.00,1.37
2016.09.20 08:39:23.482,0.73918,0.73933,1.12,1.00
2016.09.20 08:39:23.532,0.73919,0.73934,1.00,1.00
2016.09.20 08:39:23.738,0.73918,0.73933,1.12,1.00
2016.09.20 08:39:23.839,0.73918,0.73935,1.12,1.12
2016.09.20 08:39:23.890,0.73918,0.73935,1.37,1.12
2016.09.20 08:39:24.551,0.73919,0.73936,1.12,1.37
2016.09.20 08:39:26.311,0.73919,0.73935,1.12,1.12
2016.09.20 08:39:27.429,0.7392,0.73934,1.00,1.00
2016.09.20 08:39:28.495,0.7392,0.73934,1.12,1.00
2016.09.20 08:39:29.232,0.73919,0.73934,1.37,1.00
2016.09.20 08:39:29.751,0.73919,0.73935,1.37,1.00
2016.09.20 08:39:30.762,0.73919,0.73934,1.37,1.00
2016.09.20 08:39:31.271,0.73918,0.73933,1.37,1.00
2016.09.20 08:39:31.423,0.73917,0.73933,1.12,1.12
2016.09.20 08:39:31.493,0.73917,0.73933,1.37,1.00
2016.09.20 08:39:31.795,0.73917,0.73933,1.12,1.12
2016.09.20 08:39:32.304,0.73918,0.73932,1.00,1.00
2016.09.20 08:39:33.065,0.73919,0.73933,1.00,1.12
2016.09.20 08:39:33.166,0.7392,0.73934,1.00,1.37
2016.09.20 08:39:33.217,0.7392,0.73934,1.00,1.12
2016.09.20 08:39:34.034,0.73918,0.73935,1.00,1.37
2016.09.20 08:39:34.235,0.7392,0.73935,1.12,1.00
2016.09.20 08:39:34.489,0.7392,0.73935,1.00,1.12
2016.09.20 08:39:35.061,0.73921,0.73935,1.00,1.12
2016.09.20 08:39:35.443,0.73921,0.73935,1.12,1.00
2016.09.20 08:39:35.494,0.73921,0.73935,1.00,1.00
2016.09.20 08:39:35.544,0.73921,0.73935,1.12,1.00
2016.09.20 08:39:36.813,0.73921,0.73935,1.00,1.12
2016.09.20 08:39:37.210,0.73921,0.73935,1.00,1.00
2016.09.20 08:39:37.410,0.73921,0.73935,1.12,1.00
2016.09.20 08:39:38.794,0.7392,0.73935,1.37,1.00
2016.09.20 08:39:39.514,0.7392,0.73935,1.12,1.12
2016.09.20 08:39:39.716,0.7392,0.73935,1.12,1.00
2016.09.20 08:39:40.017,0.7392,0.73935,1.12,1.12
2016.09.20 08:39:40.386,0.7392,0.73934,1.12,1.00
2016.09.20 08:39:41.105,0.73922,0.73937,1.37,1.00
2016.09.20 08:39:41.250,0.7392,0.73937,3.00,1.00
2016.09.20 08:39:41.366,0.7392,0.73937,1.37,1.12
2016.09.20 08:39:41.547,0.7392,0.73937,1.37,1.50
2016.09.20 08:39:41.598,0.7392,0.73937,1.37,1.12
2016.09.20 08:39:41.651,0.73921,0.73935,1.12,1.00
2016.09.20 08:39:42.759,0.7392,0.73935,1.37,1.00
2016.09.20 08:39:42.852,0.73921,0.73936,1.12,1.12
2016.09.20 08:39:43.325,0.73921,0.73936,1.12,1.00
2016.09.20 08:39:43.525,0.73921,0.73936,1.37,1.00
2016.09.20 08:39:43.625,0.73921,0.73936,1.12,1.00
2016.09.20 08:39:44.527,0.73921,0.73936,1.12,1.12
2016.09.20 08:39:44.828,0.73921,0.73936,1.00,1.00
2016.09.20 08:39:44.929,0.73921,0.73936,1.12,1.12
2016.09.20 08:39:48.034,0.73921,0.73936,1.12,1.00
2016.09.20 08:39:48.867,0.7392,0.73935,1.37,1.00
2016.09.20 08:39:50.062,0.7392,0.73937,1.37,1.12
2016.09.20 08:39:50.337,0.7392,0.73937,1.37,1.37
2016.09.20 08:39:50.738,0.7392,0.73937,1.37,1.12
2016.09.20 08:39:54.868,0.7392,0.73935,1.37,1.00
2016.09.20 08:39:55.398,0.73921,0.73936,1.12,1.00
2016.09.20 08:39:56.871,0.73921,0.73935,1.12,1.00
2016.09.20 08:40:00.205,0.73922,0.73937,1.00,1.00
2016.09.20 08:40:01.177,0.73921,0.73937,1.12,1.00
2016.09.20 08:40:01.257,0.73921,0.73937,1.37,1.00
2016.09.20 08:40:01.556,0.73921,0.73937,1.37,1.12
2016.09.20 08:40:02.061,0.7392,0.73937,1.37,1.00
2016.09.20 08:40:02.906,0.73921,0.73935,1.00,1.00
2016.09.20 08:40:02.963,0.73921,0.73935,1.12,1.00
2016.09.20 08:40:03.013,0.73923,0.73938,1.00,1.37
2016.09.20 08:40:03.064,0.73923,0.73938,1.12,1.00
2016.09.20 08:40:03.165,0.73923,0.73938,1.12,1.12
2016.09.20 08:40:03.481,0.73921,0.73936,1.37,1.00
2016.09.20 08:40:03.550,0.73921,0.73936,1.12,1.00
2016.09.20 08:40:03.764,0.73921,0.73936,1.00,1.00
2016.09.20 08:40:04.165,0.73921,0.73936,1.00,1.12
2016.09.20 08:40:04.766,0.73921,0.73936,1.12,1.00
2016.09.20 08:40:05.077,0.73921,0.73936,1.12,1.12
2016.09.20 08:40:05.368,0.73921,0.73936,1.12,1.00
2016.09.20 08:40:05.419,0.73922,0.73937,1.00,1.12
2016.09.20 08:40:05.469,0.73922,0.73937,1.12,1.12
2016.09.20 08:40:05.895,0.73922,0.73937,1.00,1.12
2016.09.20 08:40:06.472,0.73922,0.73937,1.37,1.00
2016.09.20 08:40:06.624,0.73923,0.73937,1.12,1.00
2016.09.20 08:40:06.674,0.73923,0.73937,1.37,1.00
2016.09.20 08:40:08.511,0.73923,0.73938,1.37,1.00
2016.09.20 08:40:10.085,0.73923,0.73938,3.00,1.00
2016.09.20 08:40:10.135,0.73923,0.7394,3.75,1.00
2016.09.20 08:40:10.194,0.73925,0.7394,1.37,1.00
2016.09.20 08:40:10.496,0.73927,0.73942,1.37,1.00
2016.09.20 08:40:10.698,0.73927,0.73944,1.37,1.00
2016.09.20 08:40:11.385,0.73927,0.73944,1.37,1.12
2016.09.20 08:40:11.435,0.73927,0.73942,1.37,1.00
2016.09.20 08:40:13.829,0.73926,0.73941,1.37,1.00
2016.09.20 08:40:14.519,0.73926,0.7394,1.37,1.00
2016.09.20 08:40:15.027,0.73926,0.73941,1.37,1.00
2016.09.20 08:40:15.317,0.73927,0.73941,1.00,1.00
2016.09.20 08:40:15.625,0.73927,0.73941,1.12,1.00
2016.09.20 08:40:15.729,0.73926,0.7394,1.00,1.00
2016.09.20 08:40:15.918,0.73926,0.7394,1.37,1.00
2016.09.20 08:40:16.425,0.73926,0.7394,1.12,1.00
2016.09.20 08:40:16.475,0.73924,0.73941,1.37,1.00
2016.09.20 08:40:16.719,0.73924,0.73941,1.37,1.12
2016.09.20 08:40:16.820,0.73924,0.73941,1.37,1.00
2016.09.20 08:40:29.766,0.73926,0.73941,1.37,1.00
2016.09.20 08:40:30.555,0.73925,0.7394,1.37,1.00
2016.09.20 08:40:31.922,0.73927,0.73941,1.12,1.00
2016.09.20 08:40:32.233,0.73926,0.73942,3.00,1.00
2016.09.20 08:40:32.595,0.73928,0.73943,1.37,1.00
2016.09.20 08:40:32.924,0.73929,0.73945,1.37,1.00
2016.09.20 08:40:34.729,0.7393,0.73945,1.12,1.00
2016.09.20 08:40:35.528,0.7393,0.73944,1.12,1.00
2016.09.20 08:40:35.830,0.7393,0.73944,1.37,1.00
2016.09.20 08:40:36.230,0.7393,0.73944,1.12,1.00
2016.09.20 08:40:36.532,0.7393,0.73945,1.37,1.00
2016.09.20 08:40:37.130,0.73931,0.73945,1.37,1.00
2016.09.20 08:40:37.331,0.73932,0.73946,1.12,1.00
2016.09.20 08:40:37.432,0.73931,0.73946,1.37,1.00
2016.09.20 08:40:37.583,0.73931,0.73946,1.12,1.00
2016.09.20 08:40:37.634,0.73931,0.73946,1.37,1.00
2016.09.20 08:40:38.645,0.73932,0.73946,1.37,1.00
2016.09.20 08:40:40.435,0.73931,0.73946,1.37,1.00
2016.09.20 08:40:40.675,0.73932,0.73946,1.12,1.00
2016.09.20 08:40:42.440,0.73932,0.73946,1.37,1.00
2016.09.20 08:40:43.542,0.73932,0.73947,1.37,1.00
2016.09.20 08:40:43.641,0.73932,0.73949,1.37,1.12
2016.09.20 08:40:43.742,0.73934,0.73948,1.12,1.00
2016.09.20 08:40:44.287,0.73934,0.73948,1.37,1.00
2016.09.20 08:40:44.443,0.73932,0.73947,1.37,1.00
2016.09.20 08:40:44.544,0.73931,0.73945,1.37,1.00
2016.09.20 08:40:45.068,0.7393,0.73945,1.37,1.00
2016.09.20 08:40:45.544,0.73929,0.73945,1.87,1.00
2016.09.20 08:40:46.046,0.73929,0.73945,3.75,1.00
2016.09.20 08:40:46.365,0.73929,0.73945,1.87,1.00
2016.09.20 08:40:47.107,0.73929,0.73945,1.37,1.00
2016.09.20 08:40:47.409,0.73929,0.73945,1.87,1.00
2016.09.20 08:40:47.459,0.7393,0.73945,1.37,1.00
2016.09.20 08:40:48.391,0.7393,0.73946,2.25,1.00
2016.09.20 08:40:48.492,0.73931,0.73946,1.37,1.00
2016.09.20 08:40:49.574,0.73931,0.73945,1.37,1.00
2016.09.20 08:40:49.876,0.7393,0.73947,1.37,1.00
2016.09.20 08:40:50.160,0.73929,0.73943,1.37,1.00
2016.09.20 08:40:50.368,0.73929,0.73943,3.00,1.00
2016.09.20 08:40:51.262,0.73929,0.73943,1.37,1.00
2016.09.20 08:40:51.920,0.7393,0.73944,1.37,1.00
2016.09.20 08:40:52.760,0.73928,0.73944,3.75,1.00
2016.09.20 08:40:52.862,0.73928,0.73943,1.37,1.00
2016.09.20 08:40:53.023,0.73927,0.73943,3.00,1.00
2016.09.20 08:40:53.074,0.73927,0.73943,1.37,1.00
2016.09.20 08:40:53.222,0.73927,0.73943,1.87,1.00
2016.09.20 08:40:53.504,0.73928,0.73942,1.37,1.00
2016.09.20 08:40:54.364,0.73928,0.73943,1.37,1.00
2016.09.20 08:40:55.468,0.73928,0.73944,1.37,1.00
2016.09.20 08:40:56.069,0.73929,0.73945,1.37,1.12
2016.09.20 08:40:56.269,0.73929,0.73943,1.37,1.00
2016.09.20 08:40:56.414,0.73927,0.73942,1.37,1.00
2016.09.20 08:40:56.464,0.73926,0.73942,2.25,1.00
2016.09.20 08:40:56.515,0.73925,0.73942,1.37,1.00
2016.09.20 08:40:56.565,0.73925,0.73942,1.37,1.35
2016.09.20 08:40:56.616,0.73925,0.73939,1.37,1.00
2016.09.20 08:40:56.716,0.73925,0.73939,1.12,1.00
2016.09.20 08:40:57.099,0.73923,0.73938,1.37,1.00
2016.09.20 08:40:59.672,0.73922,0.73939,1.87,1.00
2016.09.20 08:41:00.772,0.73924,0.73938,1.12,1.00
2016.09.20 08:41:00.823,0.73923,0.73937,1.37,1.00
2016.09.20 08:41:02.926,0.73923,0.73939,1.37,1.00
2016.09.20 08:41:03.435,0.73923,0.73938,1.37,1.00
2016.09.20 08:41:04.080,0.73923,0.73938,3.00,1.00
2016.09.20 08:41:04.131,0.73923,0.73939,2.25,1.00
2016.09.20 08:41:04.181,0.73924,0.73939,1.37,1.00
2016.09.20 08:41:04.381,0.73922,0.73939,3.75,1.00
2016.09.20 08:41:04.605,0.73923,0.73938,3.00,1.00
2016.09.20 08:41:04.782,0.73923,0.73938,1.37,1.00
2016.09.20 08:41:07.828,0.73923,0.73939,1.37,1.00
2016.09.20 08:41:08.901,0.73923,0.73939,1.37,1.12
2016.09.20 08:41:08.988,0.73924,0.73938,1.12,1.00
2016.09.20 08:41:09.826,0.73924,0.73938,1.37,1.00
2016.09.20 08:41:10.395,0.73924,0.73938,1.00,1.00
2016.09.20 08:41:10.490,0.73923,0.7394,1.12,1.00
2016.09.20 08:41:10.540,0.73923,0.7394,1.37,1.00
2016.09.20 08:41:10.591,0.73924,0.73938,1.12,1.00
2016.09.20 08:41:10.641,0.73924,0.73938,1.37,1.00
2016.09.20 08:41:11.172,0.73924,0.73939,1.37,1.00
2016.09.20 08:41:11.723,0.73923,0.73939,1.37,1.00
2016.09.20 08:41:12.440,0.73924,0.7394,1.12,1.12
2016.09.20 08:41:12.625,0.73923,0.73939,1.37,1.00
2016.09.20 08:41:12.697,0.73924,0.7394,1.12,1.12
2016.09.20 08:41:12.797,0.73923,0.73939,1.37,1.00
2016.09.20 08:41:12.926,0.73923,0.73939,1.37,1.12
2016.09.20 08:41:13.003,0.73923,0.73939,1.37,1.00
2016.09.20 08:41:14.440,0.73924,0.73939,1.37,1.00
2016.09.20 08:41:16.709,0.73924,0.73939,1.12,1.12
2016.09.20 08:41:17.306,0.73923,0.7394,1.37,1.37
2016.09.20 08:41:17.457,0.73923,0.7394,1.37,1.00
2016.09.20 08:41:18.739,0.73925,0.73939,1.37,1.00
2016.09.20 08:41:19.446,0.73925,0.7394,1.37,1.00
2016.09.20 08:41:24.248,0.73926,0.7394,1.12,1.00
2016.09.20 08:41:24.349,0.73925,0.7394,1.37,1.00
2016.09.20 08:41:24.747,0.73925,0.7394,3.00,1.00
2016.09.20 08:41:24.850,0.73925,0.7394,1.37,1.00
2016.09.20 08:41:25.135,0.73925,0.7394,3.00,1.00
2016.09.20 08:41:25.321,0.73926,0.73941,1.37,1.00
2016.09.20 08:41:26.344,0.73926,0.7394,1.37,1.00
2016.09.20 08:41:28.328,0.73926,0.73941,1.37,1.00
2016.09.20 08:41:29.431,0.73927,0.73941,1.37,1.00
2016.09.20 08:41:34.187,0.73929,0.73944,1.00,1.12
2016.09.20 08:41:34.442,0.73929,0.73944,1.37,1.00
2016.09.20 08:41:34.942,0.73927,0.73942,1.37,1.00
2016.09.20 08:41:35.544,0.73927,0.73943,1.37,1.00
2016.09.20 08:41:36.643,0.73928,0.73943,1.37,1.00
2016.09.20 08:41:37.192,0.73928,0.73942,1.37,1.00
2016.09.20 08:41:39.599,0.73925,0.73942,1.37,1.00
2016.09.20 08:41:39.754,0.73926,0.7394,1.12,1.00
2016.09.20 08:41:39.804,0.73926,0.7394,1.37,1.00
2016.09.20 08:41:40.423,0.73926,0.73942,1.37,1.00
2016.09.20 08:41:40.936,0.73926,0.73941,1.37,1.00
2016.09.20 08:41:40.986,0.73924,0.73939,3.75,1.00
2016.09.20 08:41:41.193,0.73924,0.73939,1.87,1.00
2016.09.20 08:41:41.247,0.73924,0.73939,1.37,1.00
2016.09.20 08:41:41.297,0.73925,0.7394,1.00,1.37
2016.09.20 08:41:41.449,0.73925,0.73941,1.50,1.37
2016.09.20 08:41:41.499,0.73926,0.73943,1.12,1.37
2016.09.20 08:41:41.550,0.73926,0.73943,1.87,1.37
2016.09.20 08:41:41.600,0.73926,0.73943,1.37,1.12
2016.09.20 08:41:41.701,0.73926,0.73943,3.00,1.00
2016.09.20 08:41:42.010,0.73927,0.73943,1.37,1.00
2016.09.20 08:41:42.390,0.73927,0.73943,1.12,1.37
2016.09.20 08:41:42.461,0.73926,0.73942,1.37,1.12
2016.09.20 08:41:42.617,0.73926,0.73942,1.37,1.00
2016.09.20 08:41:43.170,0.73926,0.73942,1.37,1.12
2016.09.20 08:41:43.516,0.73926,0.73942,1.12,1.37
2016.09.20 08:41:43.567,0.73925,0.73941,1.37,1.12
2016.09.20 08:41:43.617,0.73925,0.73941,1.37,1.00
2016.09.20 08:41:44.773,0.73925,0.73941,1.37,1.12
2016.09.20 08:41:45.376,0.73925,0.73941,1.37,1.00
2016.09.20 08:41:46.169,0.73926,0.73941,1.37,1.00
2016.09.20 08:41:48.607,0.73925,0.7394,1.37,1.00
2016.09.20 08:41:48.827,0.73925,0.7394,1.12,1.12
2016.09.20 08:41:49.374,0.73926,0.7394,1.00,1.12
2016.09.20 08:41:49.621,0.73925,0.7394,1.12,1.12
2016.09.20 08:41:49.672,0.73925,0.7394,1.12,1.00
2016.09.20 08:41:50.184,0.73925,0.7394,1.12,1.12
2016.09.20 08:41:51.177,0.73925,0.73941,1.12,1.37
2016.09.20 08:41:51.281,0.73924,0.7394,1.37,1.12
2016.09.20 08:41:52.279,0.73924,0.73939,1.37,1.00
2016.09.20 08:41:53.815,0.73925,0.7394,1.37,1.00
2016.09.20 08:41:54.191,0.73927,0.73941,1.00,1.12
2016.09.20 08:41:54.243,0.73927,0.73941,1.12,1.00
2016.09.20 08:41:54.968,0.73927,0.73943,1.12,1.12
2016.09.20 08:41:56.521,0.73929,0.73943,1.00,1.12
2016.09.20 08:41:56.622,0.73929,0.73943,1.12,1.00
2016.09.20 08:41:58.609,0.73929,0.73944,1.12,1.12
2016.09.20 08:41:59.196,0.7393,0.73944,1.00,1.12
2016.09.20 08:41:59.492,0.7393,0.73944,1.00,1.00
2016.09.20 08:41:59.543,0.73929,0.73943,1.00,1.12
2016.09.20 08:42:01.432,0.73929,0.73944,1.00,1.37
2016.09.20 08:42:01.723,0.73929,0.73944,1.12,1.12
2016.09.20 08:42:01.835,0.73929,0.73944,1.00,1.37
2016.09.20 08:42:02.233,0.73928,0.73943,1.12,1.12
2016.09.20 08:42:02.334,0.73926,0.73941,1.37,1.00
2016.09.20 08:42:02.555,0.73924,0.73939,3.75,1.00
2016.09.20 08:42:02.606,0.73925,0.73941,1.37,1.00
2016.09.20 08:42:02.656,0.73925,0.73941,1.12,1.12
2016.09.20 08:42:02.757,0.73925,0.73941,1.37,1.12
2016.09.20 08:42:03.062,0.73925,0.73941,1.12,1.37
2016.09.20 08:42:03.113,0.73924,0.7394,1.37,1.12
2016.09.20 08:42:03.449,0.73924,0.7394,1.12,1.12
2016.09.20 08:42:03.714,0.73925,0.7394,1.00,1.12
2016.09.20 08:42:03.764,0.73925,0.7394,1.12,1.12
2016.09.20 08:42:03.822,0.73925,0.7394,1.00,1.12
2016.09.20 08:42:04.324,0.73925,0.7394,1.12,1.12
2016.09.20 08:42:04.710,0.73925,0.7394,1.00,1.12
2016.09.20 08:42:04.761,0.73924,0.7394,1.37,1.12
2016.09.20 08:42:04.942,0.73923,0.73939,1.00,1.00
2016.09.20 08:42:05.247,0.73921,0.73938,1.37,1.00
2016.09.20 08:42:05.472,0.73921,0.73938,1.37,1.37
2016.09.20 08:42:05.993,0.7392,0.73938,1.37,1.37
2016.09.20 08:42:06.043,0.7392,0.73938,1.12,1.37
2016.09.20 08:42:07.246,0.73921,0.73936,1.00,1.37
2016.09.20 08:42:08.551,0.73921,0.73936,1.00,1.12
2016.09.20 08:42:09.520,0.7392,0.73935,1.12,1.00
2016.09.20 08:42:09.621,0.73921,0.73936,1.00,1.12
2016.09.20 08:42:10.356,0.73921,0.73936,1.12,1.12
2016.09.20 08:42:10.441,0.73921,0.73936,1.00,1.00
2016.09.20 08:42:10.566,0.73921,0.73936,1.12,1.12
2016.09.20 08:42:10.666,0.73921,0.73936,1.00,1.12
2016.09.20 08:42:11.129,0.73921,0.73938,1.00,1.37
2016.09.20 08:42:11.258,0.73921,0.73938,1.12,1.37
2016.09.20 08:42:11.380,0.73921,0.73938,1.12,1.12
2016.09.20 08:42:11.431,0.73922,0.73936,1.00,1.00
2016.09.20 08:42:11.533,0.73921,0.73935,1.12,1.00
2016.09.20 08:42:11.781,0.73921,0.73935,1.00,1.00
2016.09.20 08:42:11.831,0.7392,0.73934,1.12,1.00
2016.09.20 08:42:12.047,0.7392,0.73934,1.37,1.00
2016.09.20 08:42:12.283,0.7392,0.73934,1.00,1.00
2016.09.20 08:42:12.333,0.73922,0.73937,1.00,1.12
2016.09.20 08:42:12.484,0.73922,0.73937,1.12,1.12
2016.09.20 08:42:12.535,0.73923,0.73938,1.00,1.37
2016.09.20 08:42:12.585,0.73923,0.73938,1.12,1.00
2016.09.20 08:42:12.856,0.73924,0.7394,1.00,1.37
2016.09.20 08:42:13.266,0.73922,0.7394,1.12,1.37
2016.09.20 08:42:13.766,0.73924,0.73942,1.12,3.75
2016.09.20 08:42:13.881,0.73924,0.7394,1.12,1.37
2016.09.20 08:42:13.932,0.73925,0.73941,1.00,1.37
2016.09.20 08:42:14.179,0.73925,0.73941,1.12,1.12
2016.09.20 08:42:14.286,0.73925,0.73941,1.37,1.12
2016.09.20 08:42:14.649,0.73924,0.7394,1.12,1.12
2016.09.20 08:42:14.933,0.73925,0.73941,1.00,1.37
2016.09.20 08:42:15.069,0.73925,0.73941,1.12,1.12
2016.09.20 08:42:15.170,0.73924,0.7394,1.37,1.00
2016.09.20 08:42:15.936,0.73925,0.7394,1.12,1.00
2016.09.20 08:42:16.361,0.73925,0.7394,1.00,1.12
2016.09.20 08:42:17.238,0.73925,0.73941,1.00,1.37
2016.09.20 08:42:17.392,0.73925,0.73941,1.12,1.12
2016.09.20 08:42:18.640,0.73926,0.73941,1.00,1.12
2016.09.20 08:42:19.660,0.73924,0.7394,1.12,1.37
2016.09.20 08:42:19.779,0.73924,0.7394,1.00,1.37
2016.09.20 08:42:20.670,0.73925,0.73941,1.12,1.12
2016.09.20 08:42:20.745,0.73925,0.7394,1.12,1.00
2016.09.20 08:42:21.258,0.73924,0.73939,1.12,1.00
2016.09.20 08:42:21.346,0.73924,0.73941,1.12,1.37
2016.09.20 08:42:22.574,0.73924,0.73941,1.00,1.12
2016.09.20 08:42:23.319,0.73924,0.73941,1.37,1.12
2016.09.20 08:42:23.370,0.73927,0.73941,1.00,1.12
2016.09.20 08:42:23.421,0.73927,0.73941,1.00,1.00
2016.09.20 08:42:23.471,0.73928,0.73942,1.00,1.12
2016.09.20 08:42:23.595,0.73927,0.73945,1.12,1.37
2016.09.20 08:42:23.695,0.73925,0.73943,1.37,1.37
2016.09.20 08:42:23.746,0.73926,0.73943,1.12,1.37
2016.09.20 08:42:24.054,0.73926,0.7394,1.12,1.00
2016.09.20 08:42:24.104,0.73923,0.73939,1.12,1.12
2016.09.20 08:42:24.205,0.73923,0.73939,1.12,1.37
2016.09.20 08:42:24.306,0.73923,0.73939,1.12,1.12
2016.09.20 08:42:24.356,0.73924,0.7394,1.00,1.37
2016.09.20 08:42:25.064,0.73924,0.7394,1.12,1.12
2016.09.20 08:42:25.115,0.73925,0.73942,1.00,1.37
2016.09.20 08:42:25.500,0.73922,0.7394,1.87,1.37
2016.09.20 08:42:25.551,0.73922,0.7394,1.37,1.37
2016.09.20 08:42:25.652,0.73922,0.73939,1.87,1.37
2016.09.20 08:42:25.899,0.73923,0.73941,1.00,3.00
2016.09.20 08:42:26.003,0.73925,0.73941,1.00,1.37
2016.09.20 08:42:26.209,0.73927,0.73942,1.00,1.87
2016.09.20 08:42:26.739,0.73927,0.73942,1.00,1.37
2016.09.20 08:42:27.492,0.73926,0.73943,1.00,3.00
2016.09.20 08:42:28.187,0.73926,0.73942,1.00,1.37
2016.09.20 08:42:28.707,0.73926,0.73941,1.00,1.12
2016.09.20 08:42:28.927,0.73926,0.73941,1.00,1.37
2016.09.20 08:42:29.460,0.73925,0.7394,1.00,1.37
2016.09.20 08:42:30.270,0.73924,0.7394,1.00,1.37
2016.09.20 08:42:31.491,0.73925,0.7394,1.00,1.37
2016.09.20 08:42:32.581,0.73925,0.73939,1.00,1.37
2016.09.20 08:42:32.632,0.73925,0.73939,1.00,1.12
2016.09.20 08:42:34.226,0.73922,0.73939,1.37,1.72
2016.09.20 08:42:34.277,0.73921,0.73935,1.37,1.00
2016.09.20 08:42:34.378,0.7392,0.73937,1.37,1.00
2016.09.20 08:42:34.428,0.7392,0.73937,1.87,1.37
2016.09.20 08:42:34.622,0.73923,0.73937,1.00,1.37
2016.09.20 08:42:34.888,0.7392,0.73935,1.37,1.00
2016.09.20 08:42:35.353,0.7392,0.73938,1.37,1.37
2016.09.20 08:42:35.791,0.73922,0.73938,1.00,1.37
2016.09.20 08:42:36.326,0.73923,0.73939,1.00,1.37
2016.09.20 08:42:36.667,0.73924,0.73941,1.12,1.87
2016.09.20 08:42:36.718,0.73924,0.73941,1.12,1.37
2016.09.20 08:42:36.772,0.73924,0.73941,1.37,1.37
2016.09.20 08:42:37.128,0.73924,0.7394,1.00,1.37
2016.09.20 08:42:37.229,0.73923,0.73939,1.12,1.37
2016.09.20 08:42:37.514,0.73923,0.73939,1.00,1.37
2016.09.20 08:42:37.722,0.73923,0.73939,1.00,1.12
2016.09.20 08:42:37.931,0.73923,0.73939,1.00,1.00
2016.09.20 08:42:38.132,0.73924,0.7394,1.00,1.12
2016.09.20 08:42:38.233,0.73926,0.73942,1.00,1.37
2016.09.20 08:42:38.642,0.73924,0.73942,1.87,1.12
2016.09.20 08:42:38.743,0.73924,0.73942,1.87,1.37
2016.09.20 08:42:38.794,0.73924,0.7394,1.87,1.12
2016.09.20 08:42:38.870,0.73924,0.7394,1.87,1.00
2016.09.20 08:42:39.590,0.73926,0.73941,1.00,1.12
2016.09.20 08:42:39.736,0.73926,0.73941,1.00,1.37
2016.09.20 08:42:41.236,0.73924,0.7394,1.12,1.12
2016.09.20 08:42:41.810,0.73923,0.7394,1.00,3.00
2016.09.20 08:42:41.861,0.73921,0.73936,1.37,1.00
2016.09.20 08:42:42.295,0.73922,0.73937,1.12,1.12
2016.09.20 08:42:42.765,0.73922,0.73939,1.12,1.37
2016.09.20 08:42:45.399,0.73922,0.73936,1.12,1.00
2016.09.20 08:42:46.401,0.73922,0.73937,1.12,1.12
2016.09.20 08:42:48.326,0.73922,0.73936,1.12,1.00
2016.09.20 08:42:48.377,0.73922,0.73936,1.00,1.12
2016.09.20 08:42:49.697,0.73921,0.73937,1.12,1.37
2016.09.20 08:42:49.748,0.73921,0.73937,1.00,1.37
2016.09.20 08:42:50.272,0.73922,0.73937,1.00,1.37
2016.09.20 08:42:50.460,0.73922,0.73937,1.00,1.12
2016.09.20 08:42:51.262,0.73922,0.73937,1.12,1.12
2016.09.20 08:42:51.432,0.73923,0.7394,1.00,3.00
2016.09.20 08:42:51.483,0.73923,0.7394,1.00,1.37
2016.09.20 08:42:51.584,0.73923,0.7394,1.12,1.37
2016.09.20 08:42:51.968,0.73923,0.73938,1.12,1.12
2016.09.20 08:42:52.420,0.73923,0.73937,1.12,1.00
2016.09.20 08:42:52.470,0.73923,0.73937,1.00,1.12
2016.09.20 08:42:52.521,0.73922,0.73936,1.12,1.00
2016.09.20 08:42:52.680,0.73922,0.73936,1.00,1.00
2016.09.20 08:42:53.168,0.73922,0.73936,1.12,1.00
2016.09.20 08:42:53.565,0.73921,0.73938,1.87,1.37
2016.09.20 08:42:54.070,0.73922,0.73937,1.12,1.12
2016.09.20 08:42:54.120,0.73922,0.73937,1.00,1.12
2016.09.20 08:42:54.783,0.73922,0.73937,1.12,1.00
2016.09.20 08:42:55.276,0.73923,0.73938,1.00,1.12
2016.09.20 08:42:55.377,0.73923,0.73938,1.37,1.00
2016.09.20 08:42:55.428,0.73926,0.7394,1.00,1.12
2016.09.20 08:42:55.478,0.73926,0.7394,1.12,1.00
2016.09.20 08:42:55.529,0.73927,0.73942,1.00,1.12
2016.09.20 08:42:55.579,0.73927,0.73942,1.37,1.00
2016.09.20 08:42:55.982,0.73927,0.73942,1.00,1.12
2016.09.20 08:42:56.431,0.73925,0.73943,1.37,1.37
2016.09.20 08:42:57.133,0.73926,0.73943,1.12,1.37
2016.09.20 08:42:57.184,0.73926,0.73943,1.37,1.00
2016.09.20 08:42:57.374,0.73926,0.73941,1.37,1.00
2016.09.20 08:42:57.482,0.73926,0.73941,1.00,1.12
2016.09.20 08:42:59.154,0.73927,0.73942,1.00,1.37
2016.09.20 08:42:59.205,0.73927,0.73942,1.00,1.12
2016.09.20 08:42:59.742,0.73928,0.73942,1.00,1.12
2016.09.20 08:43:00.051,0.73926,0.73941,1.00,1.37
2016.09.20 08:43:00.953,0.73925,0.73941,1.00,1.37
2016.09.20 08:43:01.396,0.73925,0.73941,1.12,1.37
2016.09.20 08:43:01.623,0.73925,0.73941,1.12,1.12
2016.09.20 08:43:01.674,0.73927,0.73942,1.00,1.37
2016.09.20 08:43:03.233,0.73927,0.73942,1.12,1.12
2016.09.20 08:43:03.475,0.73928,0.73942,1.00,1.12
2016.09.20 08:43:03.986,0.73932,0.73945,1.00,2.25
2016.09.20 08:43:04.418,0.73934,0.7395,1.00,1.87
2016.09.20 08:43:04.469,0.73935,0.73951,1.00,1.37
2016.09.20 08:43:04.520,0.73935,0.73951,1.00,1.12
2016.09.20 08:43:05.156,0.73935,0.7395,1.00,1.00
2016.09.20 08:43:06.349,0.73935,0.7395,1.00,1.37
2016.09.20 08:43:07.365,0.73936,0.7395,1.00,1.37
2016.09.20 08:43:08.248,0.73936,0.7395,1.00,1.12
2016.09.20 08:43:09.157,0.73935,0.7395,1.00,1.12
2016.09.20 08:43:09.384,0.73935,0.73951,1.00,1.37
2016.09.20 08:43:09.767,0.73935,0.73948,1.00,1.12
2016.09.20 08:43:10.757,0.73935,0.7395,1.50,1.37
2016.09.20 08:43:11.075,0.73936,0.73952,1.00,3.75
2016.09.20 08:43:11.189,0.73936,0.73951,1.00,1.37
2016.09.20 08:43:11.239,0.73935,0.73951,1.87,1.37
2016.09.20 08:43:11.290,0.73935,0.73951,1.50,1.00
2016.09.20 08:43:11.342,0.73935,0.73951,1.50,1.12
2016.09.20 08:43:11.393,0.73935,0.73951,1.00,1.12
2016.09.20 08:43:11.443,0.73935,0.73951,1.00,1.37
2016.09.20 08:43:11.687,0.73934,0.73949,1.00,1.00
2016.09.20 08:43:11.743,0.73934,0.73949,1.12,1.12
2016.09.20 08:43:12.208,0.73935,0.7395,1.00,1.37
2016.09.20 08:43:12.259,0.73935,0.7395,1.00,1.12
2016.09.20 08:43:12.675,0.73934,0.7395,1.12,1.12
2016.09.20 08:43:13.106,0.73933,0.73949,1.37,1.00
2016.09.20 08:43:13.156,0.73933,0.73949,1.12,1.12
2016.09.20 08:43:13.207,0.73932,0.73948,1.87,1.00
2016.09.20 08:43:13.258,0.73932,0.73948,1.12,1.12
2016.09.20 08:43:14.612,0.7393,0.73948,1.37,1.12
2016.09.20 08:43:14.663,0.7393,0.73948,1.37,1.37
2016.09.20 08:43:15.518,0.73931,0.73946,1.37,1.00
2016.09.20 08:43:15.569,0.73931,0.73946,1.00,1.00
2016.09.20 08:43:15.619,0.7393,0.73946,1.12,1.00
2016.09.20 08:43:15.670,0.7393,0.73946,1.12,1.37
2016.09.20 08:43:15.721,0.73928,0.73946,1.37,1.37
2016.09.20 08:43:16.480,0.7393,0.73945,1.00,1.37
2016.09.20 08:43:16.771,0.7393,0.73946,1.12,1.37
2016.09.20 08:43:16.871,0.7393,0.73946,1.72,1.12
2016.09.20 08:43:16.922,0.73931,0.73947,1.00,1.37
2016.09.20 08:43:16.973,0.73931,0.73947,1.12,1.37
2016.09.20 08:43:17.393,0.73934,0.7395,1.00,1.37
2016.09.20 08:43:17.558,0.73933,0.73948,1.12,1.00
2016.09.20 08:43:17.659,0.73933,0.73948,1.00,1.00
2016.09.20 08:43:18.533,0.73931,0.73947,1.12,1.00
2016.09.20 08:43:19.689,0.73932,0.73948,1.00,1.00
2016.09.20 08:43:20.234,0.73932,0.73948,1.50,1.00
2016.09.20 08:43:20.285,0.73933,0.73949,1.00,1.00
2016.09.20 08:43:20.572,0.73934,0.73949,1.12,1.12
2016.09.20 08:43:21.395,0.73933,0.73951,1.37,1.50
2016.09.20 08:43:21.838,0.73934,0.73949,1.12,1.12
2016.09.20 08:43:21.888,0.73934,0.73949,1.37,1.00
2016.09.20 08:43:25.103,0.73934,0.7395,1.37,1.12
2016.09.20 08:43:25.290,0.73934,0.7395,1.37,1.00
2016.09.20 08:43:25.341,0.73934,0.73952,1.97,1.37
2016.09.20 08:43:25.391,0.73935,0.73952,1.30,1.37
2016.09.20 08:43:25.707,0.73935,0.7395,1.30,1.00
2016.09.20 08:43:25.757,0.73934,0.7395,1.37,1.00
2016.09.20 08:43:25.808,0.73934,0.7395,1.12,1.12
2016.09.20 08:43:25.868,0.73934,0.7395,1.37,1.12
2016.09.20 08:43:25.919,0.73933,0.73948,1.87,1.00
2016.09.20 08:43:25.969,0.73933,0.73948,1.37,1.00
2016.09.20 08:43:26.345,0.73934,0.73949,1.12,1.00
2016.09.20 08:43:26.396,0.73934,0.73949,1.37,1.00
2016.09.20 08:43:28.003,0.73934,0.7395,1.72,1.00
2016.09.20 08:43:28.072,0.73934,0.7395,1.72,1.12
2016.09.20 08:43:28.951,0.73933,0.7395,1.97,1.12
2016.09.20 08:43:29.987,0.73933,0.7395,1.72,1.37
2016.09.20 08:43:30.040,0.73932,0.73949,3.97,1.12
2016.09.20 08:43:30.275,0.73932,0.73949,3.97,1.37
2016.09.20 08:43:30.325,0.73934,0.7395,1.00,1.37
2016.09.20 08:43:30.376,0.73934,0.7395,1.12,1.37
2016.09.20 08:43:30.490,0.73934,0.7395,1.37,1.12
2016.09.20 08:43:30.591,0.73934,0.7395,1.12,1.12
2016.09.20 08:43:31.077,0.73934,0.7395,1.37,1.12
2016.09.20 08:43:31.178,0.73934,0.7395,1.12,1.12
2016.09.20 08:43:32.125,0.73934,0.7395,1.12,1.37
2016.09.20 08:43:32.362,0.73934,0.73949,1.12,1.12
2016.09.20 08:43:33.283,0.73934,0.73949,1.37,1.00
2016.09.20 08:43:33.334,0.73934,0.7395,1.37,1.12
2016.09.20 08:43:33.830,0.73935,0.7395,1.12,1.12
2016.09.20 08:43:34.195,0.73935,0.7395,1.12,1.00
2016.09.20 08:43:34.330,0.73934,0.7395,1.37,1.00
2016.09.20 08:43:34.687,0.73934,0.7395,1.37,1.12
2016.09.20 08:43:35.074,0.73935,0.7395,1.12,1.12
2016.09.20 08:43:36.769,0.73934,0.73949,1.37,1.00
2016.09.20 08:43:37.343,0.73935,0.7395,1.37,1.00
2016.09.20 08:43:38.597,0.73935,0.7395,1.12,1.00
2016.09.20 08:43:38.898,0.73935,0.73949,1.37,1.00
2016.09.20 08:43:39.099,0.73935,0.73949,1.12,1.00
2016.09.20 08:43:39.551,0.73935,0.73949,1.37,1.00
2016.09.20 08:43:39.700,0.73935,0.73949,1.12,1.00
2016.09.20 08:43:40.804,0.73934,0.73949,1.37,1.00
2016.09.20 08:43:41.347,0.73935,0.7395,1.12,1.12
2016.09.20 08:43:42.678,0.73934,0.73949,1.37,1.00
2016.09.20 08:43:43.687,0.73935,0.73949,1.37,1.00
2016.09.20 08:43:49.094,0.73935,0.7395,1.37,1.00
2016.09.20 08:43:49.174,0.73936,0.73951,1.12,1.12
2016.09.20 08:43:50.487,0.73937,0.73951,1.00,1.12
2016.09.20 08:43:50.563,0.73935,0.73952,1.37,1.37
2016.09.20 08:43:50.719,0.73935,0.73952,1.12,1.37
2016.09.20 08:43:50.769,0.73935,0.7395,1.12,1.00
2016.09.20 08:43:53.774,0.73935,0.73954,1.12,2.25
2016.09.20 08:43:53.875,0.73937,0.73954,1.00,1.87
2016.09.20 08:43:53.927,0.73937,0.73954,1.00,3.75
2016.09.20 08:43:53.977,0.73938,0.73954,1.00,3.00
2016.09.20 08:43:54.028,0.73938,0.73954,1.00,1.37
2016.09.20 08:43:54.079,0.73939,0.73954,1.00,1.87
2016.09.20 08:43:54.180,0.73937,0.73953,1.00,1.00
2016.09.20 08:43:54.230,0.73937,0.73953,1.37,1.00
2016.09.20 08:43:54.331,0.73937,0.73953,1.12,1.12
2016.09.20 08:43:54.929,0.73937,0.73953,1.37,1.00
2016.09.20 08:43:58.312,0.73938,0.73953,1.12,1.00
2016.09.20 08:43:58.665,0.73937,0.73952,1.37,1.00
2016.09.20 08:43:58.792,0.73938,0.73955,1.37,1.12
2016.09.20 08:43:58.858,0.73938,0.73955,1.87,1.00
2016.09.20 08:43:58.909,0.73939,0.73953,1.37,1.00
2016.09.20 08:43:58.959,0.73939,0.73953,1.12,1.00
2016.09.20 08:43:59.010,0.73939,0.73955,1.12,1.12
2016.09.20 08:43:59.419,0.73939,0.73955,1.00,1.12
2016.09.20 08:43:59.646,0.73939,0.73955,1.37,1.12
2016.09.20 08:43:59.697,0.73938,0.73954,1.37,1.00
2016.09.20 08:43:59.747,0.73938,0.73954,1.12,1.37
2016.09.20 08:43:59.797,0.73939,0.73955,1.00,1.37
2016.09.20 08:43:59.848,0.73939,0.73955,1.12,1.37
2016.09.20 08:43:59.949,0.73939,0.73955,1.37,1.12
2016.09.20 08:44:00.049,0.73939,0.73955,1.37,1.00
2016.09.20 08:44:00.471,0.73941,0.73957,1.00,1.37
2016.09.20 08:44:00.556,0.73941,0.73957,1.37,1.12
2016.09.20 08:44:01.181,0.73941,0.73956,1.37,1.00
2016.09.20 08:44:02.131,0.73941,0.73957,1.37,1.12
2016.09.20 08:44:02.958,0.73941,0.73957,1.12,1.37
2016.09.20 08:44:03.276,0.7394,0.73957,1.37,1.00
2016.09.20 08:44:03.458,0.7394,0.73957,3.75,1.00
2016.09.20 08:44:03.509,0.73943,0.73958,1.37,1.00
2016.09.20 08:44:03.561,0.73943,0.73958,1.12,1.12
2016.09.20 08:44:03.873,0.73943,0.73958,1.37,1.00
2016.09.20 08:44:04.968,0.73943,0.73958,1.00,1.00
2016.09.20 08:44:05.170,0.73943,0.73958,1.37,1.00
2016.09.20 08:44:06.778,0.73944,0.7396,1.37,1.00
2016.09.20 08:44:06.829,0.73944,0.73958,1.37,1.00
2016.09.20 08:44:07.680,0.73942,0.73958,1.37,1.00
2016.09.20 08:44:07.781,0.73941,0.73958,1.37,1.12
2016.09.20 08:44:08.500,0.73943,0.73958,1.12,1.12
2016.09.20 08:44:09.653,0.73943,0.73958,1.12,1.00
2016.09.20 08:44:11.607,0.73943,0.73957,1.12,1.00
2016.09.20 08:44:13.309,0.73943,0.73958,1.12,1.00
2016.09.20 08:44:13.895,0.73943,0.73958,1.00,1.00
2016.09.20 08:44:14.296,0.73943,0.73958,1.37,1.00
2016.09.20 08:44:15.048,0.73944,0.73959,1.37,1.00
2016.09.20 08:44:15.614,0.73945,0.7396,1.12,1.00
2016.09.20 08:44:15.816,0.73943,0.73957,1.37,1.00
2016.09.20 08:44:15.999,0.73943,0.73957,1.12,1.00
2016.09.20 08:44:16.150,0.73941,0.73956,1.37,1.00
2016.09.20 08:44:16.251,0.73942,0.73955,1.30,1.00
2016.09.20 08:44:16.816,0.73943,0.73958,1.00,1.12
2016.09.20 08:44:16.868,0.73943,0.73958,1.37,1.00
2016.09.20 08:44:17.519,0.73943,0.73957,1.37,1.00
2016.09.20 08:44:18.354,0.73943,0.73958,1.37,1.00
2016.09.20 08:44:19.055,0.73943,0.73957,1.37,1.00
2016.09.20 08:44:20.054,0.73942,0.73956,1.37,1.00
2016.09.20 08:44:20.107,0.73942,0.73956,1.12,1.00
2016.09.20 08:44:20.157,0.7394,0.73955,1.37,1.00
2016.09.20 08:44:21.230,0.73941,0.73955,1.37,1.00
2016.09.20 08:44:21.359,0.73942,0.73957,1.37,1.00
2016.09.20 08:44:22.161,0.73943,0.73957,1.12,1.00
2016.09.20 08:44:22.261,0.73943,0.73957,1.37,1.00
2016.09.20 08:44:22.427,0.73944,0.73958,1.12,1.00
2016.09.20 08:44:27.319,0.73944,0.73958,1.37,1.00
2016.09.20 08:44:27.471,0.73947,0.73961,1.00,1.00
2016.09.20 08:44:27.521,0.73947,0.73961,1.00,1.12
2016.09.20 08:44:29.176,0.73947,0.73961,1.00,1.00
2016.09.20 08:44:29.227,0.73946,0.73963,1.00,1.12
2016.09.20 08:44:29.823,0.73946,0.73963,1.37,1.00
2016.09.20 08:44:29.873,0.73946,0.73961,1.37,1.00
2016.09.20 08:44:30.042,0.73943,0.73957,3.75,1.00
2016.09.20 08:44:30.143,0.73943,0.73957,1.37,1.00
2016.09.20 08:44:31.168,0.73943,0.73957,1.12,1.00
2016.09.20 08:44:31.244,0.73941,0.73956,1.37,1.00
2016.09.20 08:44:31.777,0.73943,0.73957,1.37,1.00
2016.09.20 08:44:33.953,0.73942,0.73957,1.37,1.00
2016.09.20 08:44:37.358,0.73941,0.73956,1.37,1.00
2016.09.20 08:44:38.486,0.73941,0.73956,1.87,1.00
2016.09.20 08:44:38.587,0.73941,0.73955,1.37,1.00
2016.09.20 08:44:38.688,0.7394,0.73955,1.72,1.00
2016.09.20 08:44:38.739,0.73941,0.73955,2.25,1.00
2016.09.20 08:44:38.840,0.7394,0.73955,4.35,1.00
2016.09.20 08:44:39.088,0.73941,0.73954,1.37,1.00
2016.09.20 08:44:39.374,0.7394,0.73955,1.72,1.00
2016.09.20 08:44:47.375,0.7394,0.73954,1.72,1.00
2016.09.20 08:44:49.099,0.73939,0.73955,3.60,1.00
2016.09.20 08:44:49.503,0.73939,0.73955,4.35,1.00
2016.09.20 08:44:50.080,0.7394,0.73955,1.72,1.00
2016.09.20 08:44:51.382,0.7394,0.73954,1.72,1.00
2016.09.20 08:44:52.411,0.7394,0.73955,1.72,1.00
2016.09.20 08:44:53.589,0.7394,0.73956,1.72,1.00
2016.09.20 08:44:56.593,0.7394,0.73956,1.37,1.00
2016.09.20 08:44:56.644,0.73939,0.73956,3.75,1.00
2016.09.20 08:44:56.694,0.73939,0.73956,1.37,1.00
2016.09.20 08:44:57.036,0.73939,0.73956,1.72,1.00
2016.09.20 08:44:57.596,0.7394,0.73956,1.37,1.00
2016.09.20 08:44:58.645,0.73939,0.73956,1.72,1.00
2016.09.20 08:44:59.778,0.73939,0.73956,3.60,1.00
2016.09.20 08:44:59.829,0.73941,0.73955,1.37,1.00
2016.09.20 08:44:59.929,0.73943,0.73958,1.12,1.12
2016.09.20 08:44:59.980,0.73943,0.73958,1.12,1.00
2016.09.20 08:45:00.030,0.73944,0.73959,1.00,1.00
2016.09.20 08:45:00.081,0.73944,0.73959,1.37,1.00
2016.09.20 08:45:00.592,0.73944,0.73959,3.00,1.00
2016.09.20 08:45:00.643,0.73944,0.73959,3.75,1.00
2016.09.20 08:45:01.081,0.73944,0.73959,1.87,1.00
2016.09.20 08:45:01.403,0.73944,0.73959,1.37,1.00
2016.09.20 08:45:01.936,0.73943,0.73958,3.00,1.00
2016.09.20 08:45:02.085,0.73943,0.73958,1.37,1.00
2016.09.20 08:45:02.599,0.73944,0.73959,1.37,1.00
2016.09.20 08:45:03.817,0.73945,0.73959,1.37,1.00
2016.09.20 08:45:06.421,0.73945,0.73959,3.00,1.00
2016.09.20 08:45:06.613,0.73945,0.73961,2.25,1.00
2016.09.20 08:45:06.927,0.73946,0.73961,1.37,1.00
2016.09.20 08:45:06.978,0.73946,0.73961,1.87,1.00
2016.09.20 08:45:07.028,0.73946,0.73961,3.75,1.00
2016.09.20 08:45:07.079,0.73946,0.73961,3.00,1.00
2016.09.20 08:45:07.129,0.73947,0.73961,1.37,1.00
2016.09.20 08:45:07.180,0.73947,0.73961,1.87,1.00
2016.09.20 08:45:07.230,0.73947,0.73962,3.75,1.00
2016.09.20 08:45:07.281,0.73947,0.73962,3.00,1.00
2016.09.20 08:45:07.525,0.73947,0.73962,1.37,1.00
2016.09.20 08:45:08.215,0.73947,0.73963,1.37,1.00
2016.09.20 08:45:08.289,0.73947,0.73963,1.87,1.00
2016.09.20 08:45:08.339,0.73947,0.73963,3.75,1.00
2016.09.20 08:45:09.360,0.73947,0.73961,1.37,1.00
2016.09.20 08:45:09.579,0.73946,0.73961,1.87,1.00
2016.09.20 08:45:09.630,0.73946,0.7396,3.00,1.00
2016.09.20 08:45:09.680,0.73946,0.7396,2.25,1.00
2016.09.20 08:45:09.731,0.73944,0.7396,3.75,1.00
2016.09.20 08:45:10.031,0.73945,0.7396,2.25,1.00
2016.09.20 08:45:10.132,0.73946,0.7396,1.37,1.00
2016.09.20 08:45:10.520,0.73946,0.7396,3.00,1.00
2016.09.20 08:45:10.582,0.73946,0.7396,2.25,1.00
2016.09.20 08:45:10.632,0.73945,0.7396,3.00,1.00
2016.09.20 08:45:10.683,0.73945,0.7396,3.75,1.00
2016.09.20 08:45:10.733,0.73946,0.7396,2.25,1.00
2016.09.20 08:45:11.082,0.73946,0.7396,3.00,1.00
2016.09.20 08:45:11.184,0.73946,0.73959,2.25,1.00
2016.09.20 08:45:11.401,0.73945,0.73959,1.37,1.00
2016.09.20 08:45:11.452,0.73945,0.73959,3.00,1.00
2016.09.20 08:45:11.503,0.73945,0.73959,1.37,1.00
2016.09.20 08:45:11.904,0.73945,0.73959,3.00,1.00
2016.09.20 08:45:12.427,0.73946,0.73963,3.75,1.00
2016.09.20 08:45:12.624,0.73946,0.73963,3.00,1.00
2016.09.20 08:45:12.732,0.73946,0.73963,3.75,1.00
2016.09.20 08:45:12.838,0.73947,0.73961,2.25,1.00
2016.09.20 08:45:13.430,0.73948,0.73963,1.37,1.00
2016.09.20 08:45:15.045,0.73949,0.73964,1.37,1.00
2016.09.20 08:45:15.250,0.7395,0.73965,1.00,1.37
2016.09.20 08:45:15.351,0.73948,0.73962,1.12,1.00
2016.09.20 08:45:15.764,0.73948,0.73962,1.00,1.00
2016.09.20 08:45:16.411,0.73948,0.73962,1.12,1.00
2016.09.20 08:45:16.691,0.73948,0.73962,1.00,1.00
2016.09.20 08:45:17.513,0.73948,0.73962,1.12,1.00
2016.09.20 08:45:17.835,0.73948,0.73962,1.00,1.00
2016.09.20 08:45:18.714,0.73948,0.73962,1.12,1.00
2016.09.20 08:45:19.658,0.73947,0.73962,1.37,1.00
2016.09.20 08:45:25.584,0.73948,0.73962,1.12,1.00
2016.09.20 08:45:26.284,0.73947,0.73962,1.37,1.00
2016.09.20 08:45:27.650,0.73948,0.73963,1.12,1.12
2016.09.20 08:45:27.751,0.73948,0.73963,1.12,1.00
2016.09.20 08:45:27.929,0.73948,0.73963,1.12,1.12
2016.09.20 08:45:27.980,0.73947,0.73963,1.37,1.12
2016.09.20 08:45:28.030,0.73947,0.73963,1.37,1.00
2016.09.20 08:45:28.478,0.73947,0.73963,1.37,1.12
2016.09.20 08:45:28.688,0.73947,0.73963,1.37,1.00
2016.09.20 08:45:29.181,0.73947,0.73962,1.12,1.00
2016.09.20 08:45:29.480,0.73947,0.73962,1.37,1.00
2016.09.20 08:45:30.060,0.73947,0.73964,1.37,1.37
2016.09.20 08:45:30.134,0.73947,0.73964,1.37,1.12
2016.09.20 08:45:30.284,0.73947,0.73962,1.12,1.00
2016.09.20 08:45:30.335,0.73947,0.73962,1.37,1.00
2016.09.20 08:45:31.884,0.73949,0.73963,1.12,1.00
2016.09.20 08:45:32.337,0.73949,0.73963,1.00,1.00
2016.09.20 08:45:33.273,0.73949,0.73964,1.00,1.00
2016.09.20 08:45:33.574,0.73948,0.73963,1.12,1.12
2016.09.20 08:45:33.639,0.73948,0.73963,1.37,1.00
2016.09.20 08:45:36.560,0.73947,0.73962,1.37,1.00
2016.09.20 08:45:36.901,0.73944,0.7396,2.47,1.00
2016.09.20 08:45:36.951,0.73944,0.7396,1.87,1.00
2016.09.20 08:45:37.002,0.73944,0.7396,1.37,1.00
2016.09.20 08:45:37.879,0.73945,0.73959,1.37,1.00
2016.09.20 08:45:40.663,0.73945,0.7396,1.37,1.00
2016.09.20 08:45:44.187,0.73945,0.73959,1.37,1.00
2016.09.20 08:45:45.457,0.73945,0.73959,1.12,1.00
2016.09.20 08:45:46.284,0.73945,0.73962,1.37,1.12
2016.09.20 08:45:46.385,0.73947,0.73962,1.00,1.12
2016.09.20 08:45:46.590,0.73948,0.73963,1.37,1.00
2016.09.20 08:45:51.579,0.73949,0.73964,1.12,1.00
2016.09.20 08:45:52.380,0.73946,0.73963,1.87,1.00
2016.09.20 08:45:52.431,0.73946,0.73963,1.37,1.00
2016.09.20 08:45:52.900,0.73948,0.73963,1.12,1.12
2016.09.20 08:45:52.970,0.73948,0.73963,1.37,1.00
2016.09.20 08:45:53.301,0.73947,0.73965,1.37,1.12
2016.09.20 08:45:53.421,0.73949,0.73964,1.37,1.00
2016.09.20 08:45:53.471,0.73949,0.73964,1.12,1.00
2016.09.20 08:45:53.671,0.73949,0.73964,1.37,1.00
2016.09.20 08:45:55.986,0.73949,0.73963,1.37,1.00
2016.09.20 08:45:58.391,0.73949,0.73964,1.37,1.00
2016.09.20 08:45:58.492,0.73949,0.73964,1.12,1.00
2016.09.20 08:45:58.593,0.73949,0.73964,1.37,1.00
2016.09.20 08:45:58.694,0.73948,0.73966,1.37,1.37
2016.09.20 08:45:59.686,0.73947,0.73963,1.37,1.12
2016.09.20 08:46:01.275,0.73947,0.73963,1.37,1.00
2016.09.20 08:46:01.402,0.73948,0.73963,1.12,1.00
2016.09.20 08:46:01.502,0.73949,0.73964,1.00,1.00
2016.09.20 08:46:02.221,0.7395,0.73964,1.00,1.00
2016.09.20 08:46:02.404,0.73951,0.73966,1.00,1.12
2016.09.20 08:46:03.652,0.73952,0.73966,1.00,1.12
2016.09.20 08:46:05.395,0.73947,0.73964,1.37,1.12
2016.09.20 08:46:05.513,0.73947,0.73963,1.37,1.00
2016.09.20 08:46:06.415,0.73949,0.73963,1.12,1.00
2016.09.20 08:46:09.521,0.73948,0.73963,1.37,1.00
2016.09.20 08:46:11.024,0.73949,0.73964,1.37,1.00
2016.09.20 08:46:11.499,0.73949,0.73964,1.12,1.12
2016.09.20 08:46:12.260,0.7395,0.73965,1.00,1.37
2016.09.20 08:46:12.311,0.7395,0.73965,1.00,1.12
2016.09.20 08:46:12.362,0.7395,0.73966,1.00,1.37
2016.09.20 08:46:12.412,0.7395,0.73966,1.12,1.37
2016.09.20 08:46:12.603,0.7395,0.73966,1.12,1.12
2016.09.20 08:46:13.630,0.73951,0.73966,1.00,1.12
2016.09.20 08:46:14.904,0.73951,0.73966,1.00,1.37
2016.09.20 08:46:15.233,0.73952,0.73966,1.00,1.00
2016.09.20 08:46:16.390,0.73952,0.73966,1.00,1.12
2016.09.20 08:46:16.507,0.73952,0.73966,1.00,1.37
2016.09.20 08:46:16.608,0.73952,0.73966,1.00,1.12
2016.09.20 08:46:16.908,0.73952,0.73966,1.00,1.37
2016.09.20 08:46:17.009,0.73952,0.73966,1.00,1.12
2016.09.20 08:46:17.976,0.73952,0.73967,1.00,1.37
2016.09.20 08:46:18.941,0.73952,0.73966,1.00,1.12
2016.09.20 08:46:19.944,0.73952,0.73967,1.00,1.37
2016.09.20 08:46:20.947,0.73952,0.73966,1.00,1.12
2016.09.20 08:46:21.554,0.73951,0.73968,1.00,1.37
2016.09.20 08:46:25.578,0.73953,0.73968,1.00,1.37
2016.09.20 08:46:25.679,0.7395,0.73965,1.37,1.00
2016.09.20 08:46:25.729,0.7395,0.73965,1.00,1.37
2016.09.20 08:46:25.780,0.73949,0.73964,1.12,1.12
2016.09.20 08:46:25.831,0.73949,0.73964,1.00,1.12
2016.09.20 08:46:26.127,0.73949,0.73964,1.12,1.12
2016.09.20 08:46:26.464,0.73949,0.73964,1.00,1.37
2016.09.20 08:46:26.565,0.73949,0.73964,1.12,1.12
2016.09.20 08:46:26.628,0.73949,0.73964,1.00,1.12
2016.09.20 08:46:30.043,0.73949,0.73964,1.00,1.37
2016.09.20 08:46:35.781,0.73947,0.73962,1.12,1.12
2016.09.20 08:46:35.882,0.73947,0.73961,1.12,1.00
2016.09.20 08:46:36.979,0.73947,0.73962,1.12,1.12
2016.09.20 08:46:37.080,0.73947,0.73962,1.12,1.00
2016.09.20 08:46:37.130,0.73948,0.73963,1.00,1.12
2016.09.20 08:46:37.181,0.73948,0.73963,1.37,1.00
2016.09.20 08:46:37.231,0.73949,0.73965,1.12,1.37
2016.09.20 08:46:37.282,0.73949,0.73965,1.37,1.12
2016.09.20 08:46:37.387,0.7395,0.73965,1.12,1.12
2016.09.20 08:46:37.488,0.7395,0.73965,1.00,1.12
2016.09.20 08:46:37.589,0.7395,0.73965,1.00,1.00
2016.09.20 08:46:37.785,0.7395,0.73965,1.00,1.12
2016.09.20 08:46:37.889,0.73949,0.73964,1.12,1.12
2016.09.20 08:46:38.069,0.73949,0.73964,1.00,1.37
2016.09.20 08:46:38.902,0.73949,0.73964,1.12,1.00
2016.09.20 08:46:38.988,0.7395,0.73965,1.00,1.12
2016.09.20 08:46:39.990,0.7395,0.73966,1.00,1.37
2016.09.20 08:46:40.172,0.7395,0.73966,1.00,1.12
2016.09.20 08:46:41.092,0.73951,0.73966,1.00,1.12
2016.09.20 08:46:41.712,0.73951,0.73966,1.12,1.12
2016.09.20 08:46:41.764,0.73953,0.73968,1.00,1.37
2016.09.20 08:46:41.815,0.73954,0.73968,1.00,1.12
2016.09.20 08:46:41.865,0.73954,0.73968,1.12,1.00
2016.09.20 08:46:42.166,0.73954,0.73968,1.00,1.00
2016.09.20 08:46:43.635,0.73953,0.73968,1.12,1.00
2016.09.20 08:46:44.171,0.73953,0.73968,1.12,1.12
2016.09.20 08:46:44.788,0.73953,0.73968,1.00,1.12
2016.09.20 08:46:45.317,0.73951,0.73968,1.37,1.12
2016.09.20 08:46:45.419,0.73951,0.73968,1.37,1.00
2016.09.20 08:46:46.276,0.73951,0.73968,1.37,1.37
2016.09.20 08:46:46.517,0.73951,0.73968,1.12,1.37
2016.09.20 08:46:48.227,0.73951,0.73968,1.37,1.37
2016.09.20 08:46:49.781,0.73951,0.73968,1.00,1.12
2016.09.20 08:46:50.410,0.73951,0.73966,1.00,1.00
2016.09.20 08:46:50.711,0.73952,0.73966,1.37,1.00
2016.09.20 08:46:50.786,0.73953,0.73968,1.00,1.00
2016.09.20 08:46:51.103,0.73953,0.73968,1.12,1.12
2016.09.20 08:46:51.920,0.7395,0.73964,1.35,1.00
2016.09.20 08:46:51.971,0.73949,0.73964,1.12,1.00
2016.09.20 08:46:52.213,0.73949,0.73966,1.87,1.37
2016.09.20 08:46:52.313,0.7395,0.73966,1.00,1.37
2016.09.20 08:46:53.080,0.7395,0.73966,1.12,1.12
2016.09.20 08:46:53.130,0.73949,0.73965,1.87,1.00
2016.09.20 08:46:53.215,0.7395,0.73965,1.12,1.00
2016.09.20 08:46:54.838,0.73951,0.73966,1.00,1.12
2016.09.20 08:46:55.895,0.73951,0.73966,1.12,1.00
2016.09.20 08:46:56.165,0.73949,0.73965,1.37,1.00
2016.09.20 08:46:56.317,0.73948,0.73965,1.37,1.37
2016.09.20 08:46:56.732,0.73948,0.73965,1.12,1.37
2016.09.20 08:46:56.833,0.73948,0.73965,1.37,1.12
2016.09.20 08:46:57.569,0.73949,0.73963,1.12,1.00
2016.09.20 08:46:57.790,0.73949,0.73963,1.00,1.37
2016.09.20 08:46:57.841,0.73947,0.73961,1.00,1.00
2016.09.20 08:46:58.013,0.73947,0.73961,1.12,1.00
2016.09.20 08:46:58.722,0.73947,0.73962,1.12,1.12
2016.09.20 08:46:59.166,0.73948,0.73963,1.00,1.37
2016.09.20 08:46:59.224,0.73948,0.73963,1.00,1.12
2016.09.20 08:46:59.302,0.73948,0.73963,1.00,1.00
2016.09.20 08:46:59.725,0.73947,0.73962,1.12,1.00
2016.09.20 08:47:00.511,0.73947,0.73962,1.37,1.00
2016.09.20 08:47:00.624,0.73947,0.73962,1.12,1.12
2016.09.20 08:47:01.406,0.73947,0.73962,1.00,1.12
2016.09.20 08:47:02.781,0.73946,0.73961,1.12,1.00
2016.09.20 08:47:02.831,0.73946,0.73961,1.37,1.00
2016.09.20 08:47:02.909,0.73946,0.73961,1.12,1.12
2016.09.20 08:47:02.959,0.73945,0.7396,1.37,1.00
2016.09.20 08:47:03.010,0.73945,0.7396,1.00,1.00
2016.09.20 08:47:05.030,0.73945,0.7396,1.00,1.12
2016.09.20 08:47:05.080,0.73945,0.73959,1.00,1.00
2016.09.20 08:47:05.131,0.73945,0.73959,1.12,1.00
2016.09.20 08:47:05.181,0.73944,0.73959,1.37,1.00
2016.09.20 08:47:05.232,0.73944,0.73959,1.12,1.12
2016.09.20 08:47:05.314,0.73944,0.73959,1.12,1.00
2016.09.20 08:47:06.623,0.73944,0.73959,1.12,1.12
2016.09.20 08:47:07.397,0.73944,0.7396,1.12,1.37
2016.09.20 08:47:07.448,0.73944,0.7396,1.37,1.00
2016.09.20 08:47:07.518,0.73944,0.7396,1.37,1.12
2016.09.20 08:47:08.340,0.73945,0.7396,1.12,1.12
2016.09.20 08:47:09.341,0.73944,0.73959,1.37,1.00
2016.09.20 08:47:09.872,0.73944,0.73959,1.12,1.00
2016.09.20 08:47:10.223,0.73944,0.73959,1.37,1.00
2016.09.20 08:47:10.323,0.73944,0.73959,1.12,1.00
2016.09.20 08:47:10.424,0.73944,0.73959,1.37,1.00
2016.09.20 08:47:10.744,0.73945,0.7396,1.12,1.12
2016.09.20 08:47:11.077,0.73944,0.73959,1.37,1.00
2016.09.20 08:47:11.232,0.73944,0.73959,1.12,1.00
2016.09.20 08:47:11.326,0.73944,0.73959,1.12,1.12
2016.09.20 08:47:12.143,0.73944,0.73959,1.00,1.12
2016.09.20 08:47:12.928,0.73944,0.73959,1.00,1.37
2016.09.20 08:47:13.029,0.73944,0.73959,1.00,1.12
2016.09.20 08:47:13.548,0.73944,0.73959,1.12,1.12
2016.09.20 08:47:13.601,0.73944,0.73959,1.00,1.12
2016.09.20 08:47:14.491,0.73942,0.73957,1.12,1.12
2016.09.20 08:47:14.642,0.73942,0.73957,1.00,1.37
2016.09.20 08:47:15.140,0.73942,0.73957,1.00,1.12
2016.09.20 08:47:15.579,0.73942,0.73956,1.00,1.00
2016.09.20 08:47:15.858,0.73942,0.73957,1.00,1.12
2016.09.20 08:47:15.959,0.73942,0.73957,1.12,1.12
2016.09.20 08:47:16.482,0.73943,0.73958,1.00,1.37
2016.09.20 08:47:16.716,0.73941,0.73959,1.37,1.37
2016.09.20 08:47:16.881,0.73942,0.73956,1.37,1.00
2016.09.20 08:47:16.982,0.73942,0.73958,1.12,1.12
2016.09.20 08:47:17.083,0.73943,0.73958,1.00,1.12
2016.09.20 08:47:17.184,0.73943,0.73958,1.12,1.12
2016.09.20 08:47:17.721,0.73943,0.73959,1.12,1.37
2016.09.20 08:47:17.772,0.73943,0.73959,1.12,1.00
2016.09.20 08:47:17.938,0.73943,0.73959,1.12,1.37
2016.09.20 08:47:19.341,0.73943,0.73959,1.37,1.12
2016.09.20 08:47:19.642,0.73943,0.73959,1.12,1.37
2016.09.20 08:47:20.550,0.73943,0.73959,1.00,1.12
2016.09.20 08:47:21.371,0.73943,0.73958,1.00,1.00
2016.09.20 08:47:21.470,0.73943,0.73959,1.00,1.12
2016.09.20 08:47:22.087,0.73942,0.73958,1.50,1.00
2016.09.20 08:47:22.246,0.73942,0.73958,1.87,1.37
2016.09.20 08:47:22.297,0.73942,0.73958,1.12,1.37
2016.09.20 08:47:22.488,0.73942,0.73957,1.12,1.12
2016.09.20 08:47:22.589,0.73942,0.73957,1.00,1.37
2016.09.20 08:47:23.983,0.73943,0.73958,1.00,1.37
2016.09.20 08:47:24.977,0.73942,0.73958,1.00,1.37
2016.09.20 08:47:26.181,0.73943,0.73958,1.00,1.37
2016.09.20 08:47:28.815,0.73945,0.73959,1.00,2.25
2016.09.20 08:47:28.865,0.73945,0.7396,1.00,3.00
2016.09.20 08:47:28.966,0.73945,0.7396,1.00,1.37
2016.09.20 08:47:29.097,0.73945,0.73961,1.50,1.37
2016.09.20 08:47:29.198,0.73945,0.73961,1.12,1.37
2016.09.20 08:47:30.194,0.73946,0.73961,1.00,1.37
2016.09.20 08:47:30.694,0.73946,0.73961,1.12,1.12
2016.09.20 08:47:30.760,0.73946,0.73961,1.37,1.00
2016.09.20 08:47:30.979,0.73946,0.73961,1.87,1.00
2016.09.20 08:47:31.029,0.73948,0.73963,1.00,1.12
2016.09.20 08:47:31.080,0.73948,0.73963,1.00,1.00
2016.09.20 08:47:31.200,0.73949,0.73964,1.12,1.00
2016.09.20 08:47:32.101,0.73947,0.73964,1.87,1.00
2016.09.20 08:47:32.344,0.73947,0.73962,1.12,1.00
2016.09.20 08:47:32.395,0.73947,0.73962,1.00,1.12
2016.09.20 08:47:32.974,0.73947,0.73962,1.12,1.00
2016.09.20 08:47:33.101,0.73948,0.73963,1.00,1.12
2016.09.20 08:47:33.265,0.73948,0.73963,1.00,1.37
2016.09.20 08:47:33.675,0.73948,0.73963,1.00,1.12
2016.09.20 08:47:34.076,0.73948,0.73963,1.37,1.00
2016.09.20 08:47:34.126,0.73949,0.73966,1.37,1.12
2016.09.20 08:47:34.233,0.73952,0.73967,1.00,1.37
2016.09.20 08:47:34.283,0.73952,0.73967,1.00,1.12
2016.09.20 08:47:34.804,0.73952,0.73967,1.12,1.00
2016.09.20 08:47:35.105,0.73952,0.73968,1.12,1.12
2016.09.20 08:47:37.774,0.73952,0.73968,1.37,1.00
2016.09.20 08:47:39.686,0.73952,0.73968,1.37,1.12
2016.09.20 08:47:39.737,0.73953,0.73968,1.12,1.12
2016.09.20 08:47:40.215,0.73953,0.73968,1.12,1.00
2016.09.20 08:47:40.880,0.73953,0.73968,1.12,1.12
2016.09.20 08:47:41.566,0.73952,0.73967,1.00,1.12
2016.09.20 08:47:43.624,0.73951,0.73967,1.72,1.12
2016.09.20 08:47:43.725,0.73951,0.73966,1.00,1.12
2016.09.20 08:47:43.826,0.73951,0.73966,1.12,1.00
2016.09.20 08:47:44.039,0.73949,0.73965,1.72,1.00
2016.09.20 08:47:44.493,0.73949,0.73965,1.37,1.00
2016.09.20 08:47:44.545,0.73949,0.73964,1.00,1.12
2016.09.20 08:47:44.818,0.73949,0.73964,1.37,1.00
2016.09.20 08:47:45.131,0.7395,0.73964,1.12,1.00
2016.09.20 08:47:45.432,0.73949,0.73964,1.37,1.00
2016.09.20 08:47:46.616,0.73951,0.73966,1.12,1.12
2016.09.20 08:47:46.736,0.73952,0.73967,1.00,1.37
2016.09.20 08:47:46.836,0.73952,0.73967,1.00,1.12
2016.09.20 08:47:47.623,0.73952,0.73966,1.00,1.00
2016.09.20 08:47:48.541,0.73953,0.73967,1.00,1.12
2016.09.20 08:47:50.747,0.73953,0.73968,1.00,1.37
2016.09.20 08:47:51.051,0.73952,0.73967,1.12,1.12
2016.09.20 08:47:51.995,0.73953,0.73967,1.00,1.12
2016.09.20 08:47:52.096,0.73953,0.73969,1.00,1.37
2016.09.20 08:47:53.559,0.73953,0.73968,1.00,1.37
2016.09.20 08:47:53.609,0.73953,0.73968,1.12,1.12
2016.09.20 08:47:53.760,0.73954,0.73968,1.00,1.12
2016.09.20 08:47:54.619,0.73954,0.73968,1.12,1.00
2016.09.20 08:47:54.670,0.73955,0.73969,1.00,1.12
2016.09.20 08:47:54.720,0.73955,0.73969,1.12,1.00
2016.09.20 08:47:56.203,0.73955,0.73969,1.00,1.12
2016.09.20 08:47:56.272,0.73954,0.73969,1.12,1.12
2016.09.20 08:47:58.828,0.73954,0.7397,1.12,1.37
2016.09.20 08:48:00.541,0.73954,0.7397,1.00,1.00
2016.09.20 08:48:00.642,0.73954,0.7397,1.00,1.37
2016.09.20 08:48:01.492,0.73956,0.7397,1.00,1.37
2016.09.20 08:48:01.822,0.73957,0.73971,1.00,1.12
2016.09.20 08:48:02.595,0.73956,0.7397,1.12,1.00
2016.09.20 08:48:03.226,0.73956,0.7397,1.00,1.12
2016.09.20 08:48:04.692,0.73956,0.7397,1.00,1.00
2016.09.20 08:48:05.744,0.73955,0.7397,1.00,1.37
2016.09.20 08:48:06.643,0.73954,0.73969,1.00,1.12
2016.09.20 08:48:06.744,0.73952,0.73967,1.37,1.00
2016.09.20 08:48:06.845,0.73952,0.73967,1.12,1.00
2016.09.20 08:48:07.057,0.73952,0.73967,1.37,1.00
2016.09.20 08:48:07.158,0.73952,0.73967,1.12,1.00
2016.09.20 08:48:07.545,0.73953,0.73968,1.37,1.00
2016.09.20 08:48:07.716,0.73952,0.7397,1.37,1.00
2016.09.20 08:48:07.973,0.73952,0.7397,1.37,1.12
2016.09.20 08:48:08.024,0.73953,0.73968,1.87,1.00
2016.09.20 08:48:08.074,0.73953,0.73968,1.37,1.00
2016.09.20 08:48:08.175,0.73953,0.73968,1.12,1.00
2016.09.20 08:48:08.226,0.73955,0.73969,1.00,1.12
2016.09.20 08:48:08.276,0.73955,0.73969,1.00,1.00
2016.09.20 08:48:08.327,0.73954,0.73969,1.12,1.00
2016.09.20 08:48:08.377,0.73954,0.73969,1.37,1.00
2016.09.20 08:48:08.548,0.73954,0.73969,1.12,1.00
2016.09.20 08:48:09.053,0.73954,0.73969,1.00,1.12
2016.09.20 08:48:09.260,0.73953,0.73968,1.72,1.12
2016.09.20 08:48:09.325,0.73954,0.73969,1.00,1.37
2016.09.20 08:48:09.492,0.73954,0.73969,1.00,1.00
2016.09.20 08:48:09.946,0.73954,0.73969,1.12,1.00
2016.09.20 08:48:11.333,0.73955,0.73969,1.00,1.00
2016.09.20 08:48:11.742,0.73952,0.73969,1.87,1.00
2016.09.20 08:48:12.356,0.73952,0.73969,3.75,1.00
2016.09.20 08:48:12.407,0.73954,0.73969,1.37,1.00
2016.09.20 08:48:13.068,0.73954,0.73968,1.37,1.00
2016.09.20 08:48:13.169,0.73954,0.73968,1.00,1.00
2016.09.20 08:48:13.503,0.73954,0.73968,1.12,1.00
2016.09.20 08:48:14.070,0.73954,0.73969,1.12,1.00
2016.09.20 08:48:15.247,0.73954,0.73968,1.12,1.00
2016.09.20 08:48:15.556,0.73954,0.73968,1.37,1.00
2016.09.20 08:48:16.572,0.73955,0.73969,1.37,1.00
2016.09.20 08:48:16.775,0.73953,0.73967,3.75,1.00
2016.09.20 08:48:16.899,0.73953,0.73967,1.87,1.00
2016.09.20 08:48:17.137,0.73953,0.73967,1.12,1.00
2016.09.20 08:48:20.585,0.73952,0.73967,1.37,1.00
2016.09.20 08:48:21.065,0.73952,0.73967,1.12,1.00
2016.09.20 08:48:22.491,0.73954,0.73969,1.12,1.12
2016.09.20 08:48:22.606,0.73954,0.73969,1.37,1.00
2016.09.20 08:48:22.657,0.73954,0.73969,1.87,1.00
2016.09.20 08:48:22.707,0.73956,0.7397,1.00,1.12
2016.09.20 08:48:22.868,0.73957,0.73971,1.37,1.00
2016.09.20 08:48:23.667,0.73957,0.73972,1.37,1.00
2016.09.20 08:48:24.971,0.73956,0.73972,1.87,1.00
2016.09.20 08:48:28.113,0.73956,0.73971,1.87,1.00
2016.09.20 08:48:28.214,0.73955,0.7397,1.72,1.00
2016.09.20 08:48:28.376,0.73955,0.7397,1.35,1.00
2016.09.20 08:48:28.426,0.73955,0.7397,1.00,1.00
2016.09.20 08:48:29.502,0.73955,0.7397,1.00,1.37
2016.09.20 08:48:29.781,0.73955,0.7397,1.37,1.00
2016.09.20 08:48:29.832,0.73953,0.73969,1.37,1.00
2016.09.20 08:48:30.251,0.73953,0.73969,1.37,1.12
2016.09.20 08:48:30.863,0.73952,0.73969,1.37,1.12
2016.09.20 08:48:36.045,0.73953,0.73971,1.37,1.37
2016.09.20 08:48:36.146,0.73955,0.7397,1.00,1.12
2016.09.20 08:48:36.196,0.73955,0.7397,1.12,1.00
2016.09.20 08:48:36.247,0.73955,0.73972,1.12,1.12
2016.09.20 08:48:36.297,0.73955,0.73972,1.37,1.12
2016.09.20 08:48:36.398,0.73955,0.73972,1.37,1.37
2016.09.20 08:48:36.841,0.73954,0.7397,1.37,1.00
2016.09.20 08:48:36.927,0.73954,0.7397,1.12,1.00
2016.09.20 08:48:37.190,0.73954,0.7397,1.37,1.00
2016.09.20 08:48:38.429,0.73954,0.73971,1.37,1.37
2016.09.20 08:48:38.530,0.73954,0.73971,1.37,1.00
2016.09.20 08:48:38.693,0.73954,0.73971,1.37,1.12
2016.09.20 08:48:38.744,0.73954,0.73971,1.72,1.12
2016.09.20 08:48:39.027,0.73954,0.7397,1.72,1.00
2016.09.20 08:48:39.128,0.73953,0.7397,1.97,1.12
2016.09.20 08:48:39.194,0.73954,0.7397,1.30,1.12
2016.09.20 08:48:39.381,0.73953,0.7397,1.37,1.12
2016.09.20 08:48:39.579,0.73953,0.73969,1.37,1.00
2016.09.20 08:48:42.316,0.73952,0.73971,1.72,1.37
2016.09.20 08:48:42.516,0.73952,0.73969,1.72,1.00
2016.09.20 08:48:42.845,0.73951,0.73968,3.00,1.00
2016.09.20 08:48:42.946,0.73951,0.73968,1.37,1.12
2016.09.20 08:48:45.120,0.73952,0.73967,1.37,1.00
2016.09.20 08:48:45.207,0.73952,0.73967,1.12,1.00
2016.09.20 08:48:45.430,0.73951,0.73967,1.37,1.00
2016.09.20 08:48:45.523,0.73952,0.73967,1.12,1.00
2016.09.20 08:48:46.225,0.73953,0.73968,1.00,1.12
2016.09.20 08:48:46.311,0.73953,0.73968,1.00,1.00
2016.09.20 08:48:48.231,0.73952,0.73967,1.12,1.00
2016.09.20 08:48:48.331,0.73953,0.73968,1.00,1.00
2016.09.20 08:48:49.035,0.73953,0.73968,1.12,1.00
2016.09.20 08:48:49.232,0.73951,0.73968,1.37,1.00
2016.09.20 08:48:50.952,0.73954,0.73968,1.12,1.00
2016.09.20 08:48:51.222,0.73954,0.73968,1.00,1.00
2016.09.20 08:48:51.752,0.73954,0.73968,1.12,1.00
2016.09.20 08:48:52.541,0.73955,0.7397,1.00,1.37
2016.09.20 08:48:54.883,0.73955,0.73969,1.00,1.12
2016.09.20 08:48:55.585,0.73954,0.73971,1.12,1.37
2016.09.20 08:48:55.636,0.73954,0.73971,1.37,1.37
2016.09.20 08:48:55.686,0.73955,0.73969,1.12,1.00
2016.09.20 08:48:55.737,0.73955,0.73969,1.00,1.00
2016.09.20 08:48:55.838,0.73955,0.73969,1.37,1.00
2016.09.20 08:48:56.395,0.73954,0.73969,1.37,1.00
2016.09.20 08:48:57.656,0.73955,0.7397,1.37,1.00
2016.09.20 08:48:58.206,0.73955,0.7397,1.12,1.12
2016.09.20 08:48:58.257,0.73952,0.73968,3.00,1.00
2016.09.20 08:48:58.371,0.73952,0.73968,1.37,1.00
2016.09.20 08:48:59.147,0.73954,0.73969,1.12,1.00
2016.09.20 08:48:59.198,0.73955,0.7397,1.00,1.12
2016.09.20 08:48:59.248,0.73955,0.7397,1.12,1.12
2016.09.20 08:48:59.337,0.73955,0.7397,1.37,1.00
2016.09.20 08:48:59.438,0.73955,0.7397,1.12,1.00
2016.09.20 08:48:59.488,0.73957,0.73971,1.00,1.00
2016.09.20 08:48:59.539,0.73957,0.73971,1.12,1.00
2016.09.20 08:48:59.640,0.73957,0.73971,1.37,1.00
2016.09.20 08:48:59.741,0.73957,0.73971,1.00,1.00
2016.09.20 08:48:59.971,0.73956,0.7397,1.12,1.00
2016.09.20 08:49:00.139,0.73956,0.7397,1.00,1.00
2016.09.20 08:49:00.539,0.73956,0.7397,1.00,1.12
2016.09.20 08:49:00.913,0.73955,0.73972,1.12,1.37
2016.09.20 08:49:02.091,0.73956,0.73971,1.00,1.00
2016.09.20 08:49:02.193,0.73956,0.73971,1.12,1.12
2016.09.20 08:49:02.302,0.73954,0.7397,1.37,1.00
2016.09.20 08:49:02.353,0.73954,0.7397,1.00,1.00
2016.09.20 08:49:02.404,0.73953,0.73969,1.12,1.00
2016.09.20 08:49:02.454,0.73953,0.73969,1.37,1.00
2016.09.20 08:49:02.909,0.73955,0.73969,1.37,1.00
2016.09.20 08:49:03.454,0.73954,0.73968,1.37,1.00
2016.09.20 08:49:04.046,0.73954,0.73968,1.00,1.00
2016.09.20 08:49:04.307,0.73953,0.73969,1.72,1.00
2016.09.20 08:49:04.597,0.73954,0.73969,1.37,1.00
2016.09.20 08:49:05.511,0.73954,0.7397,1.37,1.00
2016.09.20 08:49:05.561,0.73954,0.7397,1.37,1.12
2016.09.20 08:49:05.612,0.73953,0.73969,1.37,1.00
2016.09.20 08:49:06.626,0.73954,0.73969,1.37,1.00
2016.09.20 08:49:06.794,0.73954,0.73969,1.12,1.00
2016.09.20 08:49:07.036,0.73954,0.73968,1.00,1.12
2016.09.20 08:49:07.087,0.73954,0.73968,1.12,1.00
2016.09.20 08:49:07.138,0.73953,0.73967,1.37,1.00
2016.09.20 08:49:07.188,0.73953,0.73967,1.12,1.00
2016.09.20 08:49:07.252,0.73953,0.73967,1.00,1.12
2016.09.20 08:49:07.515,0.7395,0.73964,1.37,1.00
2016.09.20 08:49:07.928,0.7395,0.73964,1.00,1.12
2016.09.20 08:49:07.979,0.7395,0.73964,1.12,1.00
2016.09.20 08:49:08.131,0.73949,0.73964,1.37,1.00
2016.09.20 08:49:08.181,0.73949,0.73964,1.12,1.00
2016.09.20 08:49:08.520,0.7395,0.73965,1.00,1.12
2016.09.20 08:49:08.656,0.7395,0.73965,1.00,1.37
2016.09.20 08:49:08.996,0.7395,0.73965,1.00,1.12
2016.09.20 08:49:09.152,0.73949,0.73964,1.12,1.00
2016.09.20 08:49:09.202,0.73949,0.73964,1.00,1.00
2016.09.20 08:49:10.107,0.73949,0.73965,1.00,1.00
2016.09.20 08:49:10.160,0.73949,0.73965,1.37,1.12
2016.09.20 08:49:10.886,0.73949,0.73964,1.12,1.00
2016.09.20 08:49:10.936,0.7395,0.73965,1.00,1.00
2016.09.20 08:49:10.987,0.7395,0.73965,1.00,1.12
2016.09.20 08:49:11.112,0.7395,0.73965,1.12,1.12
2016.09.20 08:49:11.932,0.73949,0.73965,1.12,1.12
2016.09.20 08:49:11.986,0.73949,0.73965,1.12,1.37
2016.09.20 08:49:12.132,0.7395,0.73966,1.00,1.37
2016.09.20 08:49:12.182,0.7395,0.73966,1.12,1.37
2016.09.20 08:49:12.233,0.73953,0.73969,1.00,3.00
2016.09.20 08:49:12.284,0.73953,0.73969,1.00,1.37
2016.09.20 08:49:12.465,0.73953,0.73969,1.12,1.00
2016.09.20 08:49:12.886,0.73953,0.73969,1.12,1.37
2016.09.20 08:49:13.113,0.73953,0.73968,1.12,1.12
2016.09.20 08:49:13.241,0.73951,0.73967,1.37,1.00
2016.09.20 08:49:13.292,0.73951,0.73967,1.37,1.12
2016.09.20 08:49:13.849,0.7395,0.73966,1.37,1.00
2016.09.20 08:49:13.921,0.73948,0.73964,4.50,1.00
2016.09.20 08:49:13.972,0.73948,0.73964,3.75,1.00
2016.09.20 08:49:14.073,0.73948,0.73964,1.87,1.00
2016.09.20 08:49:14.123,0.73947,0.73962,1.37,1.00
2016.09.20 08:49:14.174,0.73947,0.73962,1.00,1.00
2016.09.20 08:49:14.269,0.73947,0.73962,1.37,1.00
2016.09.20 08:49:14.979,0.73948,0.73964,1.12,1.12
2016.09.20 08:49:15.991,0.73946,0.73962,2.47,1.00
2016.09.20 08:49:16.145,0.73946,0.73962,1.72,1.00
2016.09.20 08:49:16.196,0.73946,0.73962,1.72,1.12
2016.09.20 08:49:16.272,0.73946,0.73962,1.35,1.00
2016.09.20 08:49:17.120,0.73946,0.73961,1.35,1.00
2016.09.20 08:49:17.584,0.73946,0.73961,1.72,1.00
2016.09.20 08:49:20.170,0.73945,0.73961,2.47,1.00
2016.09.20 08:49:20.500,0.73945,0.73961,1.87,1.00
2016.09.20 08:49:20.761,0.73945,0.73961,1.37,1.00
2016.09.20 08:49:20.811,0.73945,0.73961,1.12,1.37
2016.09.20 08:49:21.128,0.73944,0.7396,1.37,1.12
2016.09.20 08:49:21.392,0.73944,0.7396,1.37,1.00
2016.09.20 08:49:22.522,0.73945,0.73961,1.37,1.00
2016.09.20 08:49:23.735,0.73946,0.7396,1.12,1.00
2016.09.20 08:49:23.835,0.73945,0.7396,1.37,1.00
2016.09.20 08:49:24.437,0.73945,0.73959,1.37,1.00
2016.09.20 08:49:25.287,0.73945,0.73959,1.12,1.00
2016.09.20 08:49:26.443,0.73945,0.7396,1.12,1.00
2016.09.20 08:49:28.279,0.73944,0.7396,1.37,1.00
2016.09.20 08:49:28.948,0.73945,0.7396,1.12,1.00
2016.09.20 08:49:29.287,0.73943,0.73959,2.47,1.00
2016.09.20 08:49:30.017,0.73943,0.73959,4.35,1.00
2016.09.20 08:49:30.235,0.73943,0.73959,3.75,1.00
2016.09.20 08:49:30.296,0.73945,0.73959,1.37,1.00
2016.09.20 08:49:30.611,0.73945,0.73959,1.00,1.00
2016.09.20 08:49:31.196,0.73944,0.73959,1.12,1.00
2016.09.20 08:49:31.401,0.73944,0.73959,1.37,1.00
2016.09.20 08:49:32.291,0.73945,0.7396,1.37,1.00
2016.09.20 08:49:32.616,0.73945,0.7396,1.12,1.12
2016.09.20 08:49:33.016,0.73945,0.7396,1.12,1.00
2016.09.20 08:49:33.066,0.73947,0.73962,1.00,1.00
2016.09.20 08:49:33.117,0.73947,0.73962,1.00,1.37
2016.09.20 08:49:33.220,0.73947,0.73962,1.37,1.00
2016.09.20 08:49:33.567,0.73948,0.73963,1.12,1.00
2016.09.20 08:49:33.618,0.73948,0.73963,1.37,1.00
2016.09.20 08:49:33.668,0.73949,0.73965,1.12,1.00
2016.09.20 08:49:33.719,0.73949,0.73965,1.37,1.00
2016.09.20 08:49:34.661,0.7395,0.73965,1.37,1.00
2016.09.20 08:49:36.642,0.7395,0.73965,1.12,1.00
2016.09.20 08:49:41.829,0.7395,0.73965,1.12,1.12
2016.09.20 08:49:41.888,0.73949,0.73963,1.37,1.00
2016.09.20 08:49:45.510,0.73949,0.73964,1.37,1.00
2016.09.20 08:49:49.001,0.73947,0.73963,3.00,1.00
2016.09.20 08:49:49.051,0.73947,0.73963,1.37,1.00
2016.09.20 08:49:49.654,0.73947,0.73964,1.37,1.12
2016.09.20 08:49:54.505,0.73946,0.73963,1.37,1.00
2016.09.20 08:49:54.657,0.73947,0.73963,1.37,1.12
2016.09.20 08:49:54.752,0.73947,0.73963,1.37,1.00
2016.09.20 08:49:54.953,0.73947,0.73963,1.37,1.12
2016.09.20 08:49:55.112,0.73947,0.73962,1.37,1.00
2016.09.20 08:49:55.670,0.73947,0.73962,1.12,1.00
2016.09.20 08:49:56.877,0.73947,0.73962,1.37,1.00
2016.09.20 08:49:57.058,0.73947,0.73962,1.12,1.00
2016.09.20 08:49:58.070,0.73947,0.73962,1.37,1.00
2016.09.20 08:49:58.261,0.73947,0.73962,1.12,1.00
2016.09.20 08:49:58.397,0.73946,0.73961,1.37,1.00
2016.09.20 08:49:58.724,0.73948,0.73963,1.12,1.00
2016.09.20 08:49:58.775,0.73948,0.73963,1.37,1.00
2016.09.20 08:49:59.054,0.73948,0.73963,1.12,1.00
2016.09.20 08:49:59.370,0.73948,0.73963,1.12,1.12
2016.09.20 08:49:59.727,0.73948,0.73963,1.12,1.00
2016.09.20 08:49:59.879,0.73948,0.73962,1.37,1.00
2016.09.20 08:49:59.980,0.73948,0.73962,1.12,1.00
2016.09.20 08:50:00.780,0.73948,0.73962,1.00,1.12
2016.09.20 08:50:00.830,0.73946,0.73961,1.37,1.00
2016.09.20 08:50:01.431,0.73948,0.73963,1.00,1.12
2016.09.20 08:50:01.545,0.73947,0.73962,1.12,1.00
2016.09.20 08:50:03.703,0.73946,0.73961,1.12,1.00
2016.09.20 08:50:03.777,0.73946,0.73961,1.37,1.00
2016.09.20 08:50:06.010,0.73946,0.73961,1.00,1.00
2016.09.20 08:50:06.117,0.73944,0.73961,1.37,1.00
2016.09.20 08:50:06.458,0.73946,0.73961,1.12,1.00
2016.09.20 08:50:06.508,0.73946,0.73961,1.37,1.00
2016.09.20 08:50:07.377,0.73946,0.73962,1.37,1.00
2016.09.20 08:50:08.314,0.73948,0.73963,1.00,1.12
2016.09.20 08:50:08.415,0.73948,0.73963,1.12,1.00
2016.09.20 08:50:08.516,0.73948,0.73963,1.37,1.00
2016.09.20 08:50:09.218,0.73947,0.73962,1.00,1.37
2016.09.20 08:50:09.269,0.73945,0.7396,1.37,1.00
2016.09.20 08:50:09.319,0.73943,0.7396,1.87,1.00
2016.09.20 08:50:09.420,0.73943,0.7396,1.87,1.12
2016.09.20 08:50:09.521,0.73945,0.7396,1.12,1.12
2016.09.20 08:50:10.317,0.73945,0.7396,1.37,1.00
2016.09.20 08:50:11.633,0.73946,0.73961,1.12,1.00
2016.09.20 08:50:11.734,0.73946,0.73961,1.37,1.00
2016.09.20 08:50:11.835,0.73947,0.73962,1.12,1.12
2016.09.20 08:50:12.250,0.73947,0.73962,1.37,1.00
2016.09.20 08:50:13.306,0.73947,0.73962,1.12,1.00
2016.09.20 08:50:14.105,0.73947,0.73962,1.37,1.00
2016.09.20 08:50:15.370,0.73946,0.73961,1.37,1.00
2016.09.20 08:50:15.955,0.73947,0.73962,1.37,1.00
2016.09.20 08:50:17.201,0.73949,0.73964,1.12,1.12
2016.09.20 08:50:17.252,0.7395,0.73965,1.00,1.37
2016.09.20 08:50:17.439,0.73949,0.73964,1.12,1.00
2016.09.20 08:50:18.066,0.73949,0.73964,1.37,1.00
2016.09.20 08:50:18.693,0.73949,0.73965,1.37,1.00
2016.09.20 08:50:21.738,0.73949,0.73965,1.00,1.00
2016.09.20 08:50:21.839,0.73949,0.73964,1.37,1.00
2016.09.20 08:50:24.053,0.73948,0.73963,1.37,1.00
2016.09.20 08:50:25.447,0.73948,0.73963,1.12,1.12
2016.09.20 08:50:25.497,0.73947,0.73963,1.37,1.12
2016.09.20 08:50:25.624,0.73947,0.73963,1.37,1.00
2016.09.20 08:50:26.025,0.73947,0.73963,1.12,1.12
2016.09.20 08:50:26.561,0.73946,0.73963,1.37,1.12
2016.09.20 08:50:28.228,0.73946,0.73963,1.37,1.00
2016.09.20 08:50:29.330,0.73946,0.73963,1.37,1.12
2016.09.20 08:50:32.823,0.73946,0.73963,3.00,1.00
2016.09.20 08:50:32.875,0.73949,0.73964,1.37,1.00
2016.09.20 08:50:32.925,0.7395,0.73965,1.12,1.12
2016.09.20 08:50:33.177,0.7395,0.73965,1.37,1.00
2016.09.20 08:50:33.238,0.7395,0.73965,1.00,1.12
2016.09.20 08:50:33.363,0.7395,0.73965,1.37,1.00
2016.09.20 08:50:33.413,0.73951,0.73966,1.12,1.12
2016.09.20 08:50:33.736,0.73951,0.73966,1.37,1.00
2016.09.20 08:50:33.787,0.73952,0.73967,1.12,1.00
2016.09.20 08:50:33.863,0.73952,0.73967,1.12,1.12
2016.09.20 08:50:34.164,0.73952,0.73967,1.00,1.12
2016.09.20 08:50:35.743,0.73954,0.73969,1.00,1.37
2016.09.20 08:50:37.088,0.73955,0.7397,1.00,1.37
2016.09.20 08:50:39.691,0.73956,0.73971,1.00,1.87
2016.09.20 08:50:39.741,0.73956,0.73971,1.00,1.12
2016.09.20 08:50:40.339,0.73957,0.73972,1.00,1.37
2016.09.20 08:50:40.708,0.73957,0.73971,1.12,1.00
2016.09.20 08:50:41.252,0.73957,0.73971,1.00,1.12
2016.09.20 08:50:41.735,0.73956,0.73971,1.12,1.12
2016.09.20 08:50:41.786,0.73956,0.73971,1.00,1.12
2016.09.20 08:50:42.602,0.73956,0.7397,1.00,1.00
2016.09.20 08:50:43.604,0.73957,0.73972,1.00,1.37
2016.09.20 08:50:43.776,0.73957,0.73972,1.00,1.12
2016.09.20 08:50:44.031,0.73956,0.73971,1.37,1.00
2016.09.20 08:50:44.088,0.73956,0.73971,1.12,1.00
2016.09.20 08:50:44.139,0.73957,0.73972,1.00,1.12
2016.09.20 08:50:50.483,0.73957,0.73972,1.00,1.37
2016.09.20 08:50:51.985,0.73957,0.73972,1.12,1.12
2016.09.20 08:50:52.035,0.73956,0.73971,1.37,1.00
2016.09.20 08:50:52.378,0.73955,0.7397,1.12,1.00
2016.09.20 08:50:52.879,0.73955,0.7397,1.12,1.12
2016.09.20 08:50:54.574,0.73956,0.73971,1.37,1.00
2016.09.20 08:50:54.682,0.73956,0.73971,1.00,1.12
2016.09.20 08:50:54.783,0.73956,0.73971,1.37,1.00
2016.09.20 08:50:55.852,0.73954,0.73971,1.37,1.00
2016.09.20 08:50:55.902,0.73954,0.73971,1.12,1.00
2016.09.20 08:50:55.953,0.73955,0.73969,1.00,1.00
2016.09.20 08:50:56.003,0.73955,0.73969,1.00,1.12
2016.09.20 08:50:56.937,0.73954,0.73969,1.12,1.12
2016.09.20 08:50:56.988,0.73954,0.73969,1.37,1.00
2016.09.20 08:50:57.388,0.73954,0.73969,1.12,1.12
2016.09.20 08:50:58.241,0.73954,0.73971,1.12,1.37
2016.09.20 08:50:58.458,0.73956,0.73971,1.00,1.37
2016.09.20 08:50:59.282,0.73955,0.7397,1.12,1.12
2016.09.20 08:50:59.332,0.73955,0.7397,1.12,1.00
2016.09.20 08:50:59.391,0.73955,0.7397,1.12,1.12
2016.09.20 08:50:59.692,0.73955,0.7397,1.00,1.12
2016.09.20 08:51:00.594,0.73955,0.7397,1.00,1.00
2016.09.20 08:51:00.696,0.73956,0.7397,1.00,1.12
2016.09.20 08:51:00.817,0.73956,0.7397,1.00,1.00
2016.09.20 08:51:01.118,0.73956,0.7397,1.00,1.12
2016.09.20 08:51:02.250,0.73957,0.73972,1.00,1.37
2016.09.20 08:51:02.416,0.73957,0.73972,1.12,1.00
2016.09.20 08:51:02.466,0.73958,0.73973,1.00,1.12
2016.09.20 08:51:03.252,0.73957,0.73972,1.12,1.00
2016.09.20 08:51:04.856,0.73958,0.73973,1.00,1.12
2016.09.20 08:51:06.175,0.73959,0.73973,1.00,1.12
2016.09.20 08:51:07.261,0.73959,0.73974,1.00,1.37
2016.09.20 08:51:08.094,0.7396,0.73975,1.00,1.37
2016.09.20 08:51:08.212,0.7396,0.73975,1.00,1.12
2016.09.20 08:51:08.538,0.7396,0.73975,1.00,1.37
2016.09.20 08:51:09.616,0.7396,0.73975,1.00,1.12
2016.09.20 08:51:09.669,0.73959,0.73974,1.12,1.00
2016.09.20 08:51:09.941,0.73959,0.73974,1.00,1.37
2016.09.20 08:51:09.992,0.73958,0.73973,1.12,1.12
2016.09.20 08:51:10.799,0.73958,0.73974,1.12,1.37
2016.09.20 08:51:11.077,0.73958,0.73974,1.37,1.12
2016.09.20 08:51:11.128,0.73958,0.73974,1.12,1.00
2016.09.20 08:51:11.229,0.73958,0.73975,1.37,1.37
2016.09.20 08:51:11.330,0.73958,0.73975,1.12,1.37
2016.09.20 08:51:14.081,0.7396,0.73974,1.00,1.12
2016.09.20 08:51:14.186,0.7396,0.73976,1.00,1.37
2016.09.20 08:51:14.237,0.7396,0.73976,1.12,1.37
2016.09.20 08:51:14.435,0.7396,0.73976,1.37,1.00
2016.09.20 08:51:14.486,0.73962,0.73979,1.12,1.37
2016.09.20 08:51:14.637,0.73962,0.73979,1.37,1.12
2016.09.20 08:51:15.578,0.73964,0.73979,1.00,1.12
2016.09.20 08:51:15.914,0.73964,0.7398,1.00,1.37
2016.09.20 08:51:15.964,0.73964,0.7398,1.37,1.00
2016.09.20 08:51:16.452,0.73963,0.73979,1.12,1.12
2016.09.20 08:51:16.503,0.73965,0.73981,1.00,1.37
2016.09.20 08:51:16.658,0.73964,0.73982,1.37,1.37
2016.09.20 08:51:18.108,0.73963,0.73979,1.37,1.00
2016.09.20 08:51:18.159,0.73963,0.73979,1.12,1.12
2016.09.20 08:51:18.209,0.73964,0.7398,1.00,1.37
2016.09.20 08:51:18.260,0.73964,0.7398,1.00,1.00
2016.09.20 08:51:18.691,0.73964,0.7398,1.00,1.12
2016.09.20 08:51:18.972,0.73964,0.7398,1.00,1.37
2016.09.20 08:51:19.695,0.73963,0.73979,1.00,1.37
2016.09.20 08:51:19.873,0.73963,0.73979,1.12,1.37
2016.09.20 08:51:20.111,0.73961,0.73979,1.97,1.37
2016.09.20 08:51:20.162,0.73962,0.73979,1.30,1.37
2016.09.20 08:51:20.409,0.73962,0.73978,1.12,1.12
2016.09.20 08:51:20.460,0.73962,0.73978,1.72,1.12
2016.09.20 08:51:20.561,0.73962,0.73978,1.72,1.00
2016.09.20 08:51:21.400,0.73963,0.73979,1.37,1.12
2016.09.20 08:51:22.740,0.73963,0.73979,1.12,1.37
2016.09.20 08:51:23.112,0.73963,0.73979,1.37,1.12
2016.09.20 08:51:23.163,0.73965,0.73981,1.00,1.37
2016.09.20 08:51:23.342,0.73965,0.73981,1.12,1.37
2016.09.20 08:51:23.834,0.73963,0.73981,1.37,1.37
2016.09.20 08:51:24.544,0.73963,0.73981,1.12,1.37
2016.09.20 08:51:24.645,0.73964,0.73982,1.00,1.37
2016.09.20 08:51:24.708,0.73964,0.7398,1.00,1.12
2016.09.20 08:51:24.761,0.73964,0.7398,1.37,1.00
2016.09.20 08:51:24.811,0.73965,0.73981,1.12,1.12
2016.09.20 08:51:24.909,0.73964,0.7398,1.37,1.00
2016.09.20 08:51:25.442,0.73964,0.7398,1.37,1.12
2016.09.20 08:51:25.595,0.73964,0.7398,1.37,1.00
2016.09.20 08:51:25.646,0.73964,0.7398,1.12,1.37
2016.09.20 08:51:27.137,0.73965,0.73981,1.00,1.37
2016.09.20 08:51:27.188,0.73965,0.73981,1.00,1.12
2016.09.20 08:51:27.248,0.73965,0.73981,1.12,1.12
2016.09.20 08:51:27.348,0.73965,0.73981,1.12,1.37
2016.09.20 08:51:27.448,0.73965,0.73981,1.12,1.12
2016.09.20 08:51:28.315,0.73964,0.7398,1.37,1.00
2016.09.20 08:51:29.117,0.73965,0.73981,1.12,1.12
2016.09.20 08:51:29.442,0.73966,0.73982,1.00,1.37
2016.09.20 08:51:29.543,0.73964,0.73982,1.12,1.37
2016.09.20 08:51:30.217,0.73964,0.73982,3.00,1.00
2016.09.20 08:51:30.267,0.73966,0.73982,1.12,1.12
2016.09.20 08:51:30.453,0.73966,0.73982,1.37,1.12
2016.09.20 08:51:33.071,0.73966,0.73982,1.00,1.12
2016.09.20 08:51:34.928,0.73966,0.73981,1.00,1.00
2016.09.20 08:51:35.028,0.73966,0.73982,1.00,1.12
2016.09.20 08:51:35.231,0.73966,0.73981,1.00,1.00
2016.09.20 08:51:35.282,0.73966,0.73981,1.37,1.00
2016.09.20 08:51:36.401,0.73966,0.73981,1.12,1.12
2016.09.20 08:51:36.572,0.73966,0.73981,1.00,1.37
2016.09.20 08:51:37.264,0.73966,0.73981,1.12,1.12
2016.09.20 08:51:37.896,0.73967,0.73982,1.00,1.37
2016.09.20 08:51:38.175,0.73966,0.73981,1.00,1.00
2016.09.20 08:51:38.276,0.73967,0.73982,1.00,1.12
2016.09.20 08:51:38.334,0.73966,0.73981,1.00,1.00
2016.09.20 08:51:38.384,0.73966,0.73981,1.12,1.12
2016.09.20 08:51:38.466,0.73966,0.73981,1.00,1.12
2016.09.20 08:51:39.368,0.73966,0.73981,1.00,1.37
2016.09.20 08:51:39.468,0.73966,0.73981,1.00,1.12
2016.09.20 08:51:40.781,0.73966,0.73981,1.00,1.37
2016.09.20 08:51:40.882,0.73966,0.73981,1.00,1.00
2016.09.20 08:51:42.492,0.73966,0.73981,1.00,1.37
2016.09.20 08:51:42.573,0.73966,0.73981,1.00,1.00
2016.09.20 08:51:42.842,0.73966,0.73983,1.00,1.37
2016.09.20 08:51:42.892,0.73966,0.73983,1.00,3.00
2016.09.20 08:51:43.085,0.73966,0.73983,1.12,1.37
2016.09.20 08:51:43.325,0.73966,0.73983,1.37,1.37
2016.09.20 08:51:43.675,0.73966,0.73983,1.12,1.37
2016.09.20 08:51:44.442,0.73967,0.73981,1.00,1.12
2016.09.20 08:51:44.572,0.73965,0.73982,1.37,1.37
2016.09.20 08:51:44.623,0.73965,0.73982,1.12,1.37
2016.09.20 08:51:44.989,0.73965,0.73982,1.12,1.00
2016.09.20 08:51:46.091,0.73965,0.73982,1.12,1.37
2016.09.20 08:51:46.372,0.73966,0.73983,1.00,1.37
2016.09.20 08:51:46.565,0.73966,0.73983,1.37,1.12
2016.09.20 08:51:46.673,0.73968,0.73982,1.00,1.00
2016.09.20 08:51:47.466,0.73967,0.73982,1.12,1.00
2016.09.20 08:51:48.265,0.73968,0.73983,1.00,1.12
2016.09.20 08:51:48.365,0.73967,0.73982,1.12,1.00
2016.09.20 08:51:48.416,0.73967,0.73982,1.37,1.00
2016.09.20 08:51:49.426,0.73967,0.73982,1.12,1.12
2016.09.20 08:51:49.999,0.73967,0.73981,1.12,1.00
2016.09.20 08:51:50.299,0.73967,0.73981,1.00,1.12
2016.09.20 08:51:51.979,0.73966,0.73981,1.12,1.12
2016.09.20 08:51:52.030,0.73966,0.73981,1.00,1.00
2016.09.20 08:51:52.417,0.73966,0.73981,1.12,1.12
2016.09.20 08:51:52.981,0.73967,0.73982,1.00,1.37
2016.09.20 08:51:54.091,0.73967,0.73982,1.00,1.00
2016.09.20 08:51:54.684,0.73968,0.73985,1.00,1.87
2016.09.20 08:51:54.735,0.73968,0.73985,1.12,1.87
2016.09.20 08:51:54.858,0.73968,0.73985,1.12,1.37
2016.09.20 08:51:54.909,0.73968,0.73985,1.37,1.12
2016.09.20 08:51:55.214,0.73968,0.73985,1.00,1.12
2016.09.20 08:51:55.524,0.73968,0.73983,1.00,1.00
2016.09.20 08:51:55.837,0.73968,0.73983,1.00,1.12
2016.09.20 08:51:56.264,0.73967,0.73982,1.12,1.00
2016.09.20 08:51:56.687,0.73968,0.73983,1.00,1.12
2016.09.20 08:51:56.794,0.73967,0.73982,1.12,1.00
2016.09.20 08:51:56.896,0.73967,0.73982,1.00,1.00
2016.09.20 08:51:57.365,0.73968,0.73983,1.00,1.12
2016.09.20 08:51:57.513,0.73968,0.73983,1.12,1.12
2016.09.20 08:51:57.766,0.73967,0.73982,1.37,1.00
2016.09.20 08:51:58.240,0.73967,0.73982,1.00,1.00
2016.09.20 08:51:58.690,0.73968,0.73983,1.00,1.12
2016.09.20 08:51:58.741,0.73968,0.73983,1.12,1.12
2016.09.20 08:51:59.136,0.73966,0.73981,1.12,1.00
2016.09.20 08:51:59.186,0.73965,0.73981,1.37,1.00
2016.09.20 08:51:59.237,0.73965,0.73981,1.12,1.12
2016.09.20 08:51:59.287,0.73963,0.73979,1.37,1.00
2016.09.20 08:51:59.400,0.73963,0.73979,1.00,1.37
2016.09.20 08:51:59.569,0.73959,0.73978,1.37,1.37
2016.09.20 08:51:59.620,0.73959,0.73978,1.12,1.37
2016.09.20 08:51:59.701,0.73959,0.73978,1.12,3.00
2016.09.20 08:52:00.105,0.7396,0.73976,1.00,1.37
2016.09.20 08:52:00.170,0.7396,0.73975,1.00,1.12
2016.09.20 08:52:00.286,0.73959,0.73975,1.12,1.12
2016.09.20 08:52:00.337,0.73959,0.73975,1.00,1.37
2016.09.20 08:52:00.585,0.73957,0.73973,1.72,1.12
2016.09.20 08:52:00.636,0.73957,0.73973,1.37,1.00
2016.09.20 08:52:00.736,0.73957,0.73973,1.00,1.37
2016.09.20 08:52:01.472,0.73956,0.73972,1.12,1.12
2016.09.20 08:52:01.523,0.73956,0.73972,1.12,1.00
2016.09.20 08:52:01.573,0.73955,0.73971,1.37,1.00
2016.09.20 08:52:01.624,0.73955,0.73971,1.12,1.12
2016.09.20 08:52:01.675,0.73956,0.73972,1.00,1.37
2016.09.20 08:52:02.120,0.73954,0.73972,1.12,1.12
2016.09.20 08:52:03.837,0.73954,0.73972,1.37,1.37
2016.09.20 08:52:04.209,0.73954,0.73972,1.37,1.12
2016.09.20 08:52:04.309,0.73954,0.73972,1.37,1.37
2016.09.20 08:52:04.577,0.73956,0.73971,1.00,1.12
2016.09.20 08:52:04.778,0.73954,0.73972,1.37,1.37
2016.09.20 08:52:04.878,0.73956,0.73971,1.12,1.12
2016.09.20 08:52:05.611,0.73956,0.73971,1.00,1.12
2016.09.20 08:52:05.879,0.73956,0.7397,1.00,1.00
2016.09.20 08:52:06.593,0.73957,0.73972,1.00,1.37
2016.09.20 08:52:06.645,0.73957,0.73972,1.12,1.12
2016.09.20 08:52:13.021,0.73957,0.73972,1.00,1.12
2016.09.20 08:52:14.715,0.73959,0.73974,1.00,1.37
2016.09.20 08:52:15.065,0.73959,0.73974,1.12,1.12
2016.09.20 08:52:17.595,0.7396,0.73974,1.00,1.12
2016.09.20 08:52:17.646,0.7396,0.73974,1.00,1.00
2016.09.20 08:52:17.696,0.73958,0.73975,1.12,1.00
2016.09.20 08:52:17.797,0.73957,0.73974,1.37,1.00
2016.09.20 08:52:17.847,0.73957,0.73974,1.37,1.12
2016.09.20 08:52:17.960,0.73957,0.73974,1.37,1.37
2016.09.20 08:52:18.070,0.73957,0.73974,1.12,1.37
2016.09.20 08:52:18.171,0.73957,0.73974,1.37,1.37
2016.09.20 08:52:18.229,0.73957,0.73974,1.12,1.37
2016.09.20 08:52:18.567,0.73957,0.73974,1.37,1.12
2016.09.20 08:52:18.618,0.73959,0.73974,1.00,1.12
2016.09.20 08:52:19.399,0.73958,0.73973,1.00,1.00
2016.09.20 08:52:19.449,0.73958,0.73973,1.12,1.00
2016.09.20 08:52:19.739,0.73958,0.73973,1.00,1.12
2016.09.20 08:52:19.792,0.73958,0.73973,1.12,1.00
2016.09.20 08:52:19.843,0.73958,0.73973,1.12,1.12
2016.09.20 08:52:20.063,0.73958,0.73973,1.37,1.00
2016.09.20 08:52:20.335,0.73958,0.73973,1.12,1.12
2016.09.20 08:52:20.403,0.73958,0.73975,1.12,1.37
2016.09.20 08:52:21.808,0.73957,0.73974,1.37,1.37
2016.09.20 08:52:21.858,0.73957,0.73974,1.12,1.37
2016.09.20 08:52:21.909,0.73959,0.73974,1.00,1.37
2016.09.20 08:52:22.117,0.73958,0.73973,1.00,1.12
2016.09.20 08:52:22.167,0.73958,0.73973,1.00,1.00
2016.09.20 08:52:22.269,0.73958,0.73973,1.00,1.12
2016.09.20 08:52:22.370,0.73958,0.73973,1.12,1.00
2016.09.20 08:52:22.442,0.73958,0.73973,1.37,1.00
2016.09.20 08:52:22.510,0.73959,0.73974,1.12,1.12
2016.09.20 08:52:22.561,0.73959,0.73974,1.00,1.37
2016.09.20 08:52:23.874,0.73958,0.73973,1.12,1.12
2016.09.20 08:52:26.020,0.73958,0.73974,1.12,1.37
2016.09.20 08:52:26.121,0.73959,0.73974,1.00,1.37
2016.09.20 08:52:26.171,0.73959,0.73974,1.00,1.12
2016.09.20 08:52:28.127,0.7396,0.73975,1.00,1.37
2016.09.20 08:52:28.280,0.7396,0.73975,1.00,1.00
2016.09.20 08:52:28.817,0.7396,0.73975,1.12,1.12
2016.09.20 08:52:29.282,0.7396,0.73975,1.00,1.37
2016.09.20 08:52:29.754,0.7396,0.73975,1.12,1.12
2016.09.20 08:52:30.969,0.73961,0.73976,1.00,1.12
2016.09.20 08:52:31.087,0.7396,0.73974,1.12,1.00
2016.09.20 08:52:31.188,0.73961,0.73976,1.00,1.12
2016.09.20 08:52:31.258,0.73961,0.73976,1.00,1.37
2016.09.20 08:52:31.787,0.73962,0.73977,1.00,1.37
2016.09.20 08:52:32.048,0.73962,0.73977,1.00,1.12
2016.09.20 08:52:32.288,0.73962,0.73977,1.00,1.37
2016.09.20 08:52:32.743,0.73961,0.73976,1.00,1.12
2016.09.20 08:52:37.300,0.73961,0.73976,1.12,1.00
2016.09.20 08:52:37.401,0.73961,0.73976,1.00,1.12
2016.09.20 08:52:38.810,0.73961,0.73976,1.12,1.12
2016.09.20 08:52:38.911,0.73961,0.73976,1.37,1.00
2016.09.20 08:52:39.066,0.73962,0.73977,1.12,1.00
2016.09.20 08:52:39.974,0.73962,0.73977,1.00,1.37
2016.09.20 08:52:40.605,0.73962,0.73977,1.00,1.00
2016.09.20 08:52:40.873,0.73961,0.73976,1.12,1.00
2016.09.20 08:52:41.203,0.73961,0.73976,1.12,1.12
2016.09.20 08:52:41.304,0.73961,0.73976,1.12,1.00
2016.09.20 08:52:41.407,0.73959,0.73976,1.37,1.37
2016.09.20 08:52:41.507,0.73959,0.73976,1.12,1.37
2016.09.20 08:52:41.576,0.73959,0.73976,1.37,1.00
2016.09.20 08:52:41.677,0.73959,0.73976,1.37,1.37
2016.09.20 08:52:41.807,0.73961,0.73976,1.00,1.37
2016.09.20 08:52:41.908,0.73961,0.73976,1.12,1.12
2016.09.20 08:52:41.977,0.73961,0.73976,1.37,1.00
2016.09.20 08:52:45.119,0.73961,0.73976,1.12,1.00
2016.09.20 08:52:45.220,0.73961,0.73976,1.12,1.12
2016.09.20 08:52:45.715,0.73961,0.73976,1.00,1.37
2016.09.20 08:52:45.783,0.73961,0.73976,1.00,1.00
2016.09.20 08:52:46.116,0.73961,0.73976,1.00,1.12
2016.09.20 08:52:46.284,0.73961,0.73976,1.12,1.00
2016.09.20 08:52:46.417,0.73961,0.73976,1.00,1.37
2016.09.20 08:52:46.701,0.73961,0.73976,1.12,1.00
2016.09.20 08:52:46.802,0.73961,0.73976,1.37,1.00
2016.09.20 08:52:48.323,0.73961,0.73976,1.12,1.00
2016.09.20 08:52:48.424,0.73961,0.73976,1.00,1.12
2016.09.20 08:52:49.086,0.73961,0.73976,1.12,1.00
2016.09.20 08:52:52.627,0.73961,0.73978,1.37,1.12
2016.09.20 08:52:53.115,0.73961,0.73978,1.37,1.00
2016.09.20 08:52:53.192,0.73963,0.73978,1.12,1.00
2016.09.20 08:52:56.558,0.73961,0.73976,1.37,1.00
2016.09.20 08:52:56.609,0.73961,0.73976,1.12,1.12
2016.09.20 08:52:56.736,0.73963,0.73978,1.00,1.37
2016.09.20 08:52:56.837,0.73963,0.73978,1.00,1.12
2016.09.20 08:52:56.938,0.73963,0.73978,1.12,1.00
2016.09.20 08:52:57.531,0.73963,0.73978,1.00,1.12
2016.09.20 08:52:58.240,0.73963,0.73978,1.00,1.37
2016.09.20 08:52:58.424,0.73962,0.73977,1.12,1.12
2016.09.20 08:52:58.525,0.73963,0.73978,1.00,1.37
2016.09.20 08:52:58.641,0.73963,0.73978,1.12,1.12
2016.09.20 08:52:58.841,0.73963,0.73978,1.37,1.00
2016.09.20 08:52:59.721,0.73963,0.73978,1.12,1.12
2016.09.20 08:52:59.843,0.73962,0.73977,1.37,1.00
2016.09.20 08:52:59.944,0.73963,0.73978,1.00,1.37
2016.09.20 08:53:00.538,0.73962,0.73977,1.12,1.12
2016.09.20 08:53:00.745,0.73961,0.73976,1.00,1.00
2016.09.20 08:53:02.640,0.7396,0.73975,1.12,1.12
2016.09.20 08:53:02.749,0.73959,0.73974,1.12,1.00
2016.09.20 08:53:04.225,0.73959,0.73974,1.00,1.37
2016.09.20 08:53:05.641,0.73959,0.73974,1.12,1.12
2016.09.20 08:53:07.028,0.73959,0.73974,1.37,1.00
2016.09.20 08:53:08.818,0.73958,0.73973,1.37,1.00
2016.09.20 08:53:09.128,0.73958,0.73973,1.12,1.00
2016.09.20 08:53:09.228,0.73957,0.73972,1.37,1.00
2016.09.20 08:53:09.863,0.73958,0.73973,1.12,1.12
2016.09.20 08:53:11.923,0.73957,0.73972,1.37,1.00
2016.09.20 08:53:18.279,0.73957,0.73972,1.00,1.00
2016.09.20 08:53:20.256,0.73958,0.73973,1.12,1.12
2016.09.20 08:53:20.672,0.73958,0.73973,1.37,1.00
2016.09.20 08:53:20.722,0.73958,0.73973,1.12,1.12
2016.09.20 08:53:25.272,0.73959,0.73974,1.00,1.37
2016.09.20 08:53:25.693,0.73959,0.73974,1.00,1.12
2016.09.20 08:53:26.961,0.73958,0.73973,1.00,1.00
2016.09.20 08:53:27.475,0.73958,0.73973,1.12,1.12
2016.09.20 08:53:35.245,0.73958,0.73973,1.87,1.12
2016.09.20 08:53:35.296,0.73958,0.73973,1.87,1.00
2016.09.20 08:53:41.320,0.73959,0.73974,1.12,1.12
2016.09.20 08:53:41.421,0.73959,0.73974,1.12,1.00
2016.09.20 08:53:41.522,0.73959,0.73976,1.12,1.00
2016.09.20 08:53:42.023,0.73959,0.73974,1.12,1.12
2016.09.20 08:53:42.722,0.73959,0.73974,1.00,1.12
2016.09.20 08:53:44.423,0.73958,0.73973,1.87,1.00
2016.09.20 08:53:46.039,0.73959,0.73974,1.00,1.12
2016.09.20 08:53:46.304,0.73959,0.73974,1.12,1.12
2016.09.20 08:53:46.355,0.7396,0.73975,1.00,1.37
2016.09.20 08:53:51.943,0.7396,0.73975,1.12,1.12
2016.09.20 08:53:52.215,0.7396,0.73975,1.00,1.12
2016.09.20 08:53:52.453,0.73958,0.73975,1.37,1.12
2016.09.20 08:53:52.516,0.73958,0.73975,1.37,1.37
2016.09.20 08:53:52.953,0.73958,0.73975,1.87,1.37
2016.09.20 08:53:53.444,0.73958,0.73975,1.87,1.12
2016.09.20 08:53:59.529,0.73958,0.73975,1.87,1.37
2016.09.20 08:53:59.752,0.7396,0.73975,1.00,1.37
2016.09.20 08:53:59.856,0.7396,0.73975,1.12,1.00
2016.09.20 08:54:00.361,0.7396,0.73975,1.12,1.12
2016.09.20 08:54:00.935,0.73958,0.73975,1.87,1.37
2016.09.20 08:54:01.391,0.7396,0.73975,1.00,1.37
2016.09.20 08:54:01.442,0.7396,0.73975,1.00,1.12
2016.09.20 08:54:02.044,0.73959,0.73974,1.00,1.00
2016.09.20 08:54:02.164,0.73959,0.73974,1.00,1.12
2016.09.20 08:54:03.266,0.73959,0.73974,1.12,1.00
2016.09.20 08:54:03.867,0.73959,0.73974,1.00,1.12
2016.09.20 08:54:06.518,0.73958,0.73973,1.87,1.00
2016.09.20 08:54:07.033,0.73958,0.73973,1.12,1.00
2016.09.20 08:54:07.775,0.73958,0.73973,1.37,1.00
2016.09.20 08:54:07.934,0.7396,0.73977,1.37,1.37
2016.09.20 08:54:07.984,0.7396,0.73977,1.12,1.37
2016.09.20 08:54:08.086,0.7396,0.73977,1.37,1.12
2016.09.20 08:54:08.136,0.73962,0.73977,1.12,1.12
2016.09.20 08:54:08.187,0.73962,0.73977,1.37,1.00
2016.09.20 08:54:08.936,0.73963,0.73978,1.12,1.12
2016.09.20 08:54:10.808,0.73963,0.73978,1.12,1.00
2016.09.20 08:54:13.091,0.73964,0.73979,1.12,1.00
2016.09.20 08:54:13.192,0.73964,0.73981,1.37,1.00
2016.09.20 08:54:13.350,0.73964,0.73981,1.87,1.00
2016.09.20 08:54:13.492,0.73967,0.73981,1.12,1.00
2016.09.20 08:54:14.091,0.73964,0.73981,3.75,1.00
2016.09.20 08:54:14.193,0.73964,0.73981,1.87,1.00
2016.09.20 08:54:14.857,0.73963,0.73977,2.25,1.00
2016.09.20 08:54:14.908,0.73962,0.73977,1.37,1.00
2016.09.20 08:54:15.009,0.73962,0.73977,1.12,1.12
2016.09.20 08:54:15.060,0.73963,0.73978,1.00,1.37
2016.09.20 08:54:15.110,0.73963,0.73978,1.12,1.12
2016.09.20 08:54:15.269,0.73963,0.73978,1.12,1.00
2016.09.20 08:54:15.468,0.73963,0.73978,1.12,1.12
2016.09.20 08:54:16.050,0.73963,0.73977,1.12,1.00
2016.09.20 08:54:16.845,0.73963,0.73977,1.00,1.12
2016.09.20 08:54:17.052,0.73962,0.73977,1.12,1.12
2016.09.20 08:54:17.103,0.73962,0.73977,1.00,1.37
2016.09.20 08:54:17.291,0.73962,0.73977,1.12,1.00
2016.09.20 08:54:17.515,0.73962,0.73977,1.37,1.00
2016.09.20 08:54:19.343,0.73962,0.73978,1.37,1.12
2016.09.20 08:54:20.057,0.73963,0.73979,1.12,1.37
2016.09.20 08:54:20.108,0.73963,0.73979,1.00,1.37
2016.09.20 08:54:20.580,0.73962,0.73977,1.00,1.12
2016.09.20 08:54:21.481,0.7396,0.73978,1.37,1.37
2016.09.20 08:54:21.860,0.73962,0.73977,1.00,1.12
2016.09.20 08:54:22.911,0.73962,0.73979,1.37,1.37
2016.09.20 08:54:23.307,0.73962,0.73979,1.37,1.12
2016.09.20 08:54:25.755,0.73964,0.73979,1.00,1.12
2016.09.20 08:54:25.806,0.73964,0.73979,1.37,1.00
2016.09.20 08:54:26.485,0.73964,0.73979,1.12,1.12
2016.09.20 08:54:28.315,0.73963,0.73978,1.37,1.00
2016.09.20 08:54:28.470,0.73964,0.73979,1.12,1.12
2016.09.20 08:54:31.192,0.73965,0.7398,1.00,1.37
2016.09.20 08:54:31.477,0.73963,0.7398,1.37,1.37
2016.09.20 08:54:32.884,0.73965,0.73981,1.00,1.37
2016.09.20 08:54:33.230,0.73967,0.73982,1.12,1.12
2016.09.20 08:54:33.304,0.73967,0.73982,1.12,1.00
2016.09.20 08:54:33.405,0.73967,0.73982,1.00,1.12
2016.09.20 08:54:33.530,0.73965,0.7398,1.00,1.00
2016.09.20 08:54:34.203,0.73964,0.73979,1.12,1.00
2016.09.20 08:54:34.332,0.73965,0.7398,1.00,1.00
2016.09.20 08:54:34.433,0.73965,0.7398,1.00,1.37
2016.09.20 08:54:34.638,0.73965,0.7398,1.12,1.12
2016.09.20 08:54:35.195,0.73966,0.73981,1.00,1.37
2016.09.20 08:54:35.440,0.73965,0.7398,1.12,1.12
2016.09.20 08:54:35.512,0.73965,0.7398,1.12,1.00
2016.09.20 08:54:35.640,0.73964,0.73979,1.12,1.12
2016.09.20 08:54:35.940,0.73964,0.73979,1.00,1.12
2016.09.20 08:54:36.188,0.73964,0.73979,1.12,1.12
2016.09.20 08:54:36.238,0.73965,0.7398,1.00,1.37
2016.09.20 08:54:36.400,0.73964,0.73979,1.12,1.12
2016.09.20 08:54:38.319,0.73964,0.73979,1.00,1.37
2016.09.20 08:54:38.569,0.73964,0.73979,1.12,1.12
2016.09.20 08:54:39.063,0.73964,0.73981,1.00,1.37
2016.09.20 08:54:39.164,0.73964,0.73981,1.12,1.37
2016.09.20 08:54:39.214,0.73964,0.73979,1.12,1.12
2016.09.20 08:54:39.322,0.73964,0.73979,1.00,1.00
2016.09.20 08:54:39.547,0.73964,0.73979,1.37,1.00
2016.09.20 08:54:39.622,0.73964,0.73979,1.12,1.00
2016.09.20 08:54:40.155,0.73965,0.7398,1.12,1.12
2016.09.20 08:54:40.356,0.73965,0.7398,1.00,1.12
2016.09.20 08:54:40.418,0.73963,0.7398,1.37,1.12
2016.09.20 08:54:41.321,0.73965,0.7398,1.12,1.12
2016.09.20 08:54:41.837,0.73964,0.7398,1.12,1.37
2016.09.20 08:54:41.966,0.73963,0.73979,1.37,1.00
2016.09.20 08:54:42.151,0.73963,0.73979,1.12,1.00
2016.09.20 08:54:42.252,0.73964,0.7398,1.37,1.12
2016.09.20 08:54:42.383,0.73964,0.7398,1.87,1.12
2016.09.20 08:54:42.434,0.73966,0.73982,1.00,1.37
2016.09.20 08:54:42.739,0.73964,0.7398,1.87,1.00
2016.09.20 08:54:42.790,0.73964,0.7398,3.97,1.00
2016.09.20 08:54:42.840,0.73964,0.7398,1.87,1.00
2016.09.20 08:54:42.962,0.73965,0.73981,1.37,1.00
2016.09.20 08:54:43.164,0.73965,0.73981,1.12,1.00
2016.09.20 08:54:43.230,0.73965,0.73981,1.37,1.12
2016.09.20 08:54:43.431,0.73965,0.73981,1.37,1.00
2016.09.20 08:54:43.828,0.73966,0.73982,1.12,1.12
2016.09.20 08:54:43.879,0.73965,0.73981,1.37,1.00
2016.09.20 08:54:43.979,0.73966,0.73982,1.12,1.12
2016.09.20 08:54:44.232,0.73966,0.73982,1.37,1.00
2016.09.20 08:54:45.184,0.73965,0.73982,1.37,1.00
2016.09.20 08:54:45.235,0.73965,0.73982,1.37,1.12
2016.09.20 08:54:45.468,0.73965,0.73982,1.37,1.00
2016.09.20 08:54:46.270,0.73964,0.7398,3.75,1.00
2016.09.20 08:54:46.320,0.73964,0.7398,3.00,1.00
2016.09.20 08:54:46.371,0.73964,0.7398,1.37,1.00
2016.09.20 08:54:46.437,0.73964,0.7398,1.37,1.12
2016.09.20 08:54:47.072,0.73964,0.7398,1.37,1.00
2016.09.20 08:54:47.338,0.73964,0.7398,1.12,1.12
2016.09.20 08:54:47.446,0.73963,0.7398,1.37,1.12
2016.09.20 08:54:47.572,0.73963,0.73981,1.87,1.37
2016.09.20 08:54:48.156,0.73965,0.73981,1.37,1.00
2016.09.20 08:54:48.273,0.73966,0.73982,1.00,1.12
2016.09.20 08:54:48.340,0.73966,0.73982,1.12,1.12
2016.09.20 08:54:48.474,0.73966,0.73984,1.12,1.37
2016.09.20 08:54:48.575,0.73965,0.73983,1.37,1.12
2016.09.20 08:54:48.742,0.73965,0.73983,1.37,1.37
2016.09.20 08:54:49.176,0.73967,0.73983,1.00,1.37
2016.09.20 08:54:49.443,0.73967,0.73983,1.12,1.37
2016.09.20 08:54:49.494,0.73965,0.73983,1.37,1.37
2016.09.20 08:54:49.595,0.73967,0.73983,1.00,1.37
2016.09.20 08:54:49.777,0.73964,0.73982,3.00,1.00
2016.09.20 08:54:49.844,0.73964,0.73982,1.37,1.00
2016.09.20 08:54:50.251,0.73965,0.73983,1.12,1.12
2016.09.20 08:54:50.351,0.73965,0.73981,1.12,1.00
2016.09.20 08:54:50.445,0.73965,0.73981,1.37,1.00
2016.09.20 08:54:50.545,0.73965,0.73981,1.37,1.12
2016.09.20 08:54:50.596,0.73966,0.73982,1.12,1.37
2016.09.20 08:54:50.646,0.73966,0.73982,1.37,1.12
2016.09.20 08:54:50.867,0.73966,0.73982,1.00,1.00
2016.09.20 08:54:50.979,0.73965,0.73981,1.12,1.00
2016.09.20 08:54:51.046,0.73965,0.73981,1.37,1.00
2016.09.20 08:54:53.456,0.73967,0.73983,1.00,1.37
2016.09.20 08:54:54.457,0.73966,0.73982,1.12,1.12
2016.09.20 08:54:54.969,0.73963,0.73981,1.72,1.12
2016.09.20 08:54:56.291,0.73965,0.73983,1.37,1.37
2016.09.20 08:54:56.554,0.73965,0.73983,1.37,1.12
2016.09.20 08:54:56.854,0.73965,0.73983,1.12,1.12
2016.09.20 08:54:57.206,0.73965,0.73983,1.12,1.37
2016.09.20 08:54:57.261,0.73965,0.73983,1.37,1.37
2016.09.20 08:54:57.312,0.73965,0.73981,1.37,1.00
2016.09.20 08:54:57.363,0.73966,0.73982,1.87,1.12
2016.09.20 08:54:57.494,0.73966,0.73982,1.87,1.37
2016.09.20 08:54:57.737,0.73966,0.73982,1.12,1.37
2016.09.20 08:54:58.257,0.73965,0.73983,1.37,1.37
2016.09.20 08:54:58.357,0.73965,0.73983,1.00,1.37
2016.09.20 08:54:58.463,0.73965,0.73981,1.00,1.12
2016.09.20 08:54:58.698,0.73966,0.73982,1.00,1.37
2016.09.20 08:54:58.799,0.73965,0.73981,1.00,1.12
2016.09.20 08:54:58.874,0.73965,0.73981,1.12,1.12
2016.09.20 08:54:58.999,0.73965,0.73981,1.12,1.37
2016.09.20 08:54:59.058,0.73965,0.73981,1.12,1.12
2016.09.20 08:54:59.363,0.73965,0.73981,1.00,1.37
2016.09.20 08:54:59.413,0.73963,0.73979,1.87,1.00
2016.09.20 08:54:59.600,0.73964,0.7398,1.00,1.37
2016.09.20 08:54:59.701,0.73964,0.7398,1.12,1.12
2016.09.20 08:54:59.760,0.73964,0.7398,1.12,1.37
2016.09.20 08:54:59.860,0.73964,0.7398,1.12,1.12
2016.09.20 08:55:00.437,0.73964,0.7398,1.12,1.00
2016.09.20 08:55:00.566,0.73965,0.73981,1.00,1.12
2016.09.20 08:55:01.003,0.73964,0.7398,1.12,1.00
2016.09.20 08:55:01.062,0.73964,0.7398,1.12,1.12
2016.09.20 08:55:01.162,0.73964,0.7398,1.12,1.37
2016.09.20 08:55:01.303,0.73964,0.7398,1.37,1.00
2016.09.20 08:55:01.404,0.73964,0.7398,1.12,1.37
2016.09.20 08:55:01.608,0.73964,0.7398,1.37,1.12
2016.09.20 08:55:02.078,0.73964,0.7398,1.12,1.37
2016.09.20 08:55:02.268,0.73964,0.7398,1.37,1.12
2016.09.20 08:55:02.368,0.73964,0.7398,1.12,1.12
2016.09.20 08:55:02.493,0.73964,0.7398,1.12,1.00
2016.09.20 08:55:03.162,0.73965,0.73981,1.00,1.12
2016.09.20 08:55:03.223,0.73965,0.73981,1.37,1.00
2016.09.20 08:55:03.574,0.73966,0.73982,1.12,1.12
2016.09.20 08:55:03.712,0.73967,0.73983,1.00,1.12
2016.09.20 08:55:03.772,0.73967,0.73983,1.00,1.37
2016.09.20 08:55:04.056,0.73967,0.73983,1.37,1.12
2016.09.20 08:55:06.197,0.73968,0.73984,1.12,1.12
2016.09.20 08:55:07.630,0.73969,0.73985,1.00,1.37
2016.09.20 08:55:07.730,0.73969,0.73985,1.12,1.12
2016.09.20 08:55:08.882,0.73969,0.73984,1.12,1.00
2016.09.20 08:55:09.375,0.73972,0.73984,1.00,1.00
2016.09.20 08:55:09.426,0.73974,0.73989,1.37,1.00
2016.09.20 08:55:09.967,0.73971,0.73986,1.00,1.00
2016.09.20 08:55:10.324,0.73971,0.73986,1.37,1.00
2016.09.20 08:55:10.486,0.7397,0.73985,1.00,1.00
2016.09.20 08:55:11.689,0.7397,0.73985,1.37,1.00
2016.09.20 08:55:11.930,0.73973,0.73988,1.00,1.37
2016.09.20 08:55:12.121,0.73971,0.73989,1.37,1.37
2016.09.20 08:55:12.172,0.73971,0.73989,1.72,1.37
2016.09.20 08:55:12.222,0.73971,0.73989,1.72,1.00
2016.09.20 08:55:12.333,0.73971,0.73989,1.72,1.37
2016.09.20 08:55:13.034,0.73971,0.73989,1.72,1.12
2016.09.20 08:55:13.220,0.73973,0.73989,1.37,1.00
2016.09.20 08:55:13.634,0.73971,0.73989,1.37,1.37
2016.09.20 08:55:13.735,0.73971,0.73989,1.37,1.12
2016.09.20 08:55:13.836,0.73971,0.73989,1.37,1.37
2016.09.20 08:55:14.099,0.73969,0.73985,3.22,1.00
2016.09.20 08:55:14.149,0.73969,0.73985,1.87,1.00
2016.09.20 08:55:14.200,0.73969,0.73985,1.37,1.00
2016.09.20 08:55:15.197,0.73968,0.73984,1.37,1.00
2016.09.20 08:55:17.143,0.73969,0.73985,1.37,1.00
2016.09.20 08:55:17.401,0.73969,0.73985,1.12,1.12
2016.09.20 08:55:17.503,0.73969,0.73985,1.37,1.12
2016.09.20 08:55:17.704,0.73969,0.73985,1.37,1.00
2016.09.20 08:55:18.484,0.73968,0.73984,1.37,1.00
2016.09.20 08:55:18.535,0.73967,0.73983,3.75,1.00
2016.09.20 08:55:18.847,0.73967,0.73983,1.87,1.00
2016.09.20 08:55:18.905,0.73967,0.73983,1.37,1.00
2016.09.20 08:55:19.349,0.73966,0.73982,4.35,1.00
2016.09.20 08:55:19.598,0.73966,0.73982,2.47,1.00
2016.09.20 08:55:20.405,0.73967,0.73982,1.12,1.00
2016.09.20 08:55:22.736,0.73966,0.7398,1.37,1.00
2016.09.20 08:55:22.837,0.73964,0.73978,3.00,1.00
2016.09.20 08:55:22.938,0.73964,0.73979,1.37,1.00
2016.09.20 08:55:23.370,0.73964,0.7398,2.47,1.00
2016.09.20 08:55:23.421,0.73964,0.7398,1.72,1.00
2016.09.20 08:55:23.615,0.73964,0.7398,1.72,1.12
2016.09.20 08:55:23.751,0.73964,0.7398,1.72,1.00
2016.09.20 08:55:23.815,0.73964,0.7398,1.72,1.12
2016.09.20 08:55:24.615,0.73964,0.73979,1.72,1.00
2016.09.20 08:55:24.956,0.73963,0.73978,1.12,1.00
2016.09.20 08:55:25.016,0.73962,0.73978,1.87,1.00
2016.09.20 08:55:25.222,0.73962,0.73978,1.87,1.12
2016.09.20 08:55:25.283,0.73962,0.73978,1.87,1.37
2016.09.20 08:55:25.385,0.73962,0.73978,1.12,1.37
2016.09.20 08:55:25.436,0.73962,0.73978,1.12,1.12
2016.09.20 08:55:25.518,0.73962,0.73977,1.12,1.00
2016.09.20 08:55:25.618,0.73961,0.73979,1.37,1.37
2016.09.20 08:55:25.719,0.73961,0.73979,1.00,1.37
2016.09.20 08:55:26.154,0.73961,0.73979,1.37,1.37
2016.09.20 08:55:26.205,0.73961,0.73978,1.87,1.12
2016.09.20 08:55:27.985,0.73963,0.73978,1.12,1.12
2016.09.20 08:55:28.426,0.73964,0.73979,1.37,1.00
2016.09.20 08:55:28.754,0.73963,0.73979,1.12,1.12
2016.09.20 08:55:29.127,0.73963,0.7398,1.12,1.37
2016.09.20 08:55:29.327,0.73964,0.73979,1.00,1.12
2016.09.20 08:55:29.940,0.73965,0.73981,1.12,1.12
2016.09.20 08:55:30.041,0.73965,0.73981,1.37,1.00
2016.09.20 08:55:30.142,0.73965,0.73981,1.00,1.00
2016.09.20 08:55:30.243,0.73965,0.73981,1.37,1.00
2016.09.20 08:55:30.580,0.73964,0.73982,1.37,1.37
2016.09.20 08:55:31.048,0.73964,0.7398,1.37,1.00
2016.09.20 08:55:31.149,0.73964,0.7398,1.37,1.12
2016.09.20 08:55:31.250,0.73964,0.7398,1.00,1.37
2016.09.20 08:55:31.577,0.73962,0.73981,1.37,1.37
2016.09.20 08:55:32.136,0.73963,0.73981,1.12,1.37
2016.09.20 08:55:32.236,0.73963,0.73981,1.37,1.37
2016.09.20 08:55:32.337,0.73963,0.73981,1.37,1.00
2016.09.20 08:55:32.744,0.73964,0.73981,1.00,1.37
2016.09.20 08:55:32.845,0.73964,0.73981,1.37,1.12
2016.09.20 08:55:33.339,0.73964,0.73981,1.12,1.37
2016.09.20 08:55:33.389,0.73965,0.73982,1.00,1.37
2016.09.20 08:55:33.440,0.73965,0.73982,1.00,1.12
2016.09.20 08:55:33.642,0.73965,0.73981,1.00,1.00
2016.09.20 08:55:34.239,0.73965,0.73981,1.37,1.00
2016.09.20 08:55:34.438,0.73965,0.73981,1.37,1.12
2016.09.20 08:55:35.283,0.73965,0.73981,1.37,1.00
2016.09.20 08:55:36.821,0.73966,0.73981,1.37,1.00
2016.09.20 08:55:37.085,0.73967,0.73983,1.37,1.00
2016.09.20 08:55:37.289,0.73967,0.73983,1.12,1.00
2016.09.20 08:55:38.047,0.73967,0.73984,1.12,1.12
2016.09.20 08:55:39.752,0.73967,0.73982,1.12,1.00
2016.09.20 08:55:40.548,0.73967,0.73982,1.12,1.12
2016.09.20 08:55:40.648,0.73967,0.73982,1.12,1.00
2016.09.20 08:55:41.802,0.73968,0.73983,1.00,1.00
2016.09.20 08:55:41.852,0.73968,0.73983,1.12,1.00
2016.09.20 08:55:42.051,0.73968,0.73983,1.12,1.12
2016.09.20 08:55:42.243,0.73967,0.73982,1.37,1.00
2016.09.20 08:55:42.853,0.73967,0.73982,1.00,1.00
2016.09.20 08:55:43.592,0.73967,0.73982,1.12,1.00
2016.09.20 08:55:44.556,0.73967,0.73982,1.12,1.12
2016.09.20 08:55:44.607,0.73966,0.73982,1.37,1.12
2016.09.20 08:55:48.985,0.73967,0.73982,1.12,1.12
2016.09.20 08:55:50.578,0.73967,0.73982,1.12,1.00
2016.09.20 08:55:50.679,0.73968,0.73984,1.00,1.37
2016.09.20 08:55:51.075,0.73971,0.73986,1.00,1.00
2016.09.20 08:55:51.589,0.73972,0.73987,1.12,1.00
2016.09.20 08:55:52.017,0.73972,0.73987,1.00,1.00
2016.09.20 08:55:53.860,0.73972,0.73987,1.00,1.37
2016.09.20 08:55:54.173,0.73972,0.73987,1.12,1.12
2016.09.20 08:55:57.225,0.73972,0.73989,1.12,1.37
2016.09.20 08:55:57.326,0.73972,0.73989,1.37,1.37
2016.09.20 08:55:57.896,0.73972,0.73989,1.12,1.37
2016.09.20 08:55:57.979,0.73972,0.73989,1.37,1.00
2016.09.20 08:55:58.513,0.73973,0.7399,1.37,1.12
2016.09.20 08:56:00.012,0.73973,0.73988,1.37,1.00
2016.09.20 08:56:01.816,0.73973,0.73988,1.12,1.00
2016.09.20 08:56:02.397,0.73974,0.73989,1.00,1.00
2016.09.20 08:56:02.865,0.73974,0.73989,1.12,1.00
2016.09.20 08:56:06.028,0.73974,0.73989,1.37,1.00
2016.09.20 08:56:06.330,0.73971,0.73987,1.37,1.00
2016.09.20 08:56:06.381,0.7397,0.73987,3.75,1.00
2016.09.20 08:56:06.431,0.7397,0.73987,1.87,1.12
2016.09.20 08:56:06.482,0.7397,0.73987,1.37,1.12
2016.09.20 08:56:07.306,0.7397,0.73986,1.37,1.00
2016.09.20 08:56:10.750,0.73971,0.73986,1.37,1.00
2016.09.20 08:56:10.800,0.73971,0.73986,1.12,1.00
2016.09.20 08:56:10.943,0.73971,0.73986,1.37,1.00
2016.09.20 08:56:12.214,0.7397,0.73985,1.37,1.00
2016.09.20 08:56:14.718,0.73969,0.73985,1.37,1.00
2016.09.20 08:56:15.212,0.73969,0.73985,1.12,1.12
2016.09.20 08:56:15.352,0.73969,0.73984,1.37,1.00
2016.09.20 08:56:18.065,0.73968,0.73985,1.37,1.12
2016.09.20 08:56:18.166,0.73967,0.73982,1.37,1.00
2016.09.20 08:56:18.267,0.73968,0.73984,1.37,1.00
2016.09.20 08:56:18.468,0.73969,0.73986,1.37,1.00
2016.09.20 08:56:18.519,0.73969,0.73986,1.12,1.37
2016.09.20 08:56:18.725,0.73966,0.73984,1.37,1.37
2016.09.20 08:56:18.960,0.73965,0.73983,3.00,1.00
2016.09.20 08:56:19.626,0.73965,0.73982,3.00,1.00
2016.09.20 08:56:19.715,0.73965,0.73982,1.37,1.00
2016.09.20 08:56:20.223,0.73966,0.73983,1.37,1.00
2016.09.20 08:56:20.274,0.73966,0.73981,1.37,1.00
2016.09.20 08:56:21.228,0.73965,0.7398,1.37,1.00
2016.09.20 08:56:21.806,0.73964,0.73979,1.37,1.00
2016.09.20 08:56:22.215,0.73966,0.73981,1.37,1.00
2016.09.20 08:56:27.088,0.73967,0.73982,1.37,1.00
2016.09.20 08:56:27.573,0.73966,0.73981,1.12,1.00
2016.09.20 08:56:27.742,0.73965,0.7398,1.37,1.00
2016.09.20 08:56:29.782,0.73966,0.73981,1.37,1.00
2016.09.20 08:56:31.250,0.73965,0.7398,1.37,1.00
2016.09.20 08:56:34.256,0.73966,0.73981,1.37,1.00
2016.09.20 08:56:34.655,0.73964,0.73979,3.75,1.00
2016.09.20 08:56:34.756,0.73964,0.73979,1.37,1.00
2016.09.20 08:56:34.807,0.73965,0.73982,1.12,1.37
2016.09.20 08:56:34.857,0.73965,0.73982,1.37,1.00
2016.09.20 08:56:35.086,0.73964,0.73981,2.47,1.00
2016.09.20 08:56:35.561,0.73964,0.73979,1.87,1.00
2016.09.20 08:56:35.622,0.73964,0.73979,1.37,1.00
2016.09.20 08:56:38.065,0.73964,0.73979,1.12,1.00
2016.09.20 08:56:38.859,0.73964,0.73979,1.37,1.00
2016.09.20 08:56:39.060,0.73963,0.7398,1.37,1.12
2016.09.20 08:56:39.111,0.73962,0.73977,1.37,1.00
2016.09.20 08:56:39.161,0.73962,0.73977,1.12,1.00
2016.09.20 08:56:39.212,0.73962,0.73979,1.12,1.12
2016.09.20 08:56:39.312,0.73962,0.73977,1.12,1.00
2016.09.20 08:56:39.771,0.73962,0.73979,1.37,1.00
2016.09.20 08:56:39.872,0.73962,0.73981,1.87,1.37
2016.09.20 08:56:39.974,0.73963,0.73981,2.25,1.00
2016.09.20 08:56:40.276,0.73963,0.73978,2.25,1.00
2016.09.20 08:56:40.558,0.73961,0.73977,1.37,1.00
2016.09.20 08:56:40.608,0.73961,0.73977,3.00,1.00
2016.09.20 08:56:40.664,0.73961,0.73977,1.37,1.00
2016.09.20 08:56:43.676,0.73961,0.73976,1.37,1.00
2016.09.20 08:56:46.467,0.73961,0.73978,1.37,1.12
2016.09.20 08:56:46.579,0.73961,0.73976,1.37,1.00
2016.09.20 08:56:47.625,0.73961,0.73976,1.12,1.00
2016.09.20 08:56:52.785,0.73961,0.73976,1.37,1.00
2016.09.20 08:56:53.308,0.7396,0.73977,1.72,1.00
2016.09.20 08:56:53.390,0.73961,0.73976,1.37,1.00
2016.09.20 08:56:53.587,0.73961,0.73976,1.12,1.00
2016.09.20 08:56:53.857,0.7396,0.73978,1.72,1.37
2016.09.20 08:56:53.991,0.73961,0.73976,1.12,1.00
2016.09.20 08:56:54.293,0.73961,0.73977,1.12,1.12
2016.09.20 08:56:55.739,0.73961,0.73977,1.12,1.37
2016.09.20 08:56:55.896,0.73961,0.73976,1.12,1.12
2016.09.20 08:56:56.733,0.7396,0.73975,1.00,1.12
2016.09.20 08:56:58.847,0.73959,0.73974,1.12,1.00
2016.09.20 08:56:58.997,0.73959,0.73974,1.37,1.00
2016.09.20 08:56:59.799,0.73959,0.73974,1.12,1.00
2016.09.20 08:57:00.404,0.7396,0.73975,1.00,1.12
2016.09.20 08:57:00.504,0.73959,0.73974,1.37,1.00
2016.09.20 08:57:00.802,0.73959,0.73974,1.12,1.00
2016.09.20 08:57:02.707,0.73959,0.73974,1.37,1.00
2016.09.20 08:57:04.441,0.73957,0.73974,1.37,1.12
2016.09.20 08:57:09.417,0.73958,0.73975,1.37,1.37
2016.09.20 08:57:09.654,0.73958,0.73975,1.37,1.12
2016.09.20 08:57:20.630,0.73959,0.73975,1.12,1.12
2016.09.20 08:57:20.681,0.73959,0.73975,1.37,1.00
2016.09.20 08:57:21.782,0.73959,0.73976,1.37,1.12
2016.09.20 08:57:28.746,0.73959,0.73974,1.37,1.00
2016.09.20 08:57:30.876,0.73959,0.73974,1.12,1.00
2016.09.20 08:57:30.986,0.73958,0.73973,1.37,1.00
2016.09.20 08:57:31.097,0.73959,0.73974,1.12,1.00
2016.09.20 08:57:31.337,0.73959,0.73974,1.37,1.00
2016.09.20 08:57:34.590,0.73958,0.73973,1.12,1.00
2016.09.20 08:57:34.691,0.73955,0.73972,3.00,1.00
2016.09.20 08:57:35.125,0.73955,0.73972,1.37,1.12
2016.09.20 08:57:35.176,0.73959,0.73974,1.00,1.37
2016.09.20 08:57:35.286,0.73959,0.73974,1.00,1.12
2016.09.20 08:57:35.387,0.73959,0.73976,1.37,1.37
2016.09.20 08:57:35.492,0.73959,0.73976,1.37,1.12
2016.09.20 08:57:35.693,0.73959,0.73975,1.37,1.00
2016.09.20 08:57:35.917,0.73959,0.73975,1.12,1.37
2016.09.20 08:57:35.967,0.73958,0.73973,1.00,1.00
2016.09.20 08:57:36.304,0.73957,0.73973,1.12,1.12
2016.09.20 08:57:36.463,0.73957,0.73973,1.12,1.37
2016.09.20 08:57:36.883,0.73957,0.73973,1.37,1.12
2016.09.20 08:57:37.171,0.73959,0.73974,1.00,1.37
2016.09.20 08:57:37.314,0.73958,0.73973,1.12,1.00
2016.09.20 08:57:37.365,0.73958,0.73973,1.12,1.12
2016.09.20 08:57:37.882,0.73959,0.73974,1.12,1.00
2016.09.20 08:57:38.173,0.73959,0.73976,1.12,1.12
2016.09.20 08:57:38.767,0.73959,0.73976,1.12,1.37
2016.09.20 08:57:38.967,0.73959,0.73976,1.37,1.12
2016.09.20 08:57:40.683,0.73959,0.73976,1.00,1.37
2016.09.20 08:57:41.000,0.73958,0.73975,1.37,1.12
2016.09.20 08:57:41.129,0.7396,0.73975,1.12,1.12
2016.09.20 08:57:41.877,0.7396,0.73976,1.12,1.37
2016.09.20 08:57:42.482,0.73959,0.73976,1.37,1.37
2016.09.20 08:57:42.884,0.73961,0.73976,1.00,1.37
2016.09.20 08:57:43.075,0.73961,0.73976,1.00,1.12
2016.09.20 08:57:44.022,0.73963,0.73979,1.00,1.37
2016.09.20 08:57:44.123,0.73963,0.73978,1.37,1.00
2016.09.20 08:57:44.223,0.73964,0.73979,1.00,1.00
2016.09.20 08:57:44.379,0.73964,0.73979,1.12,1.12
2016.09.20 08:57:44.989,0.73962,0.73979,1.37,1.12
2016.09.20 08:57:48.123,0.73963,0.73979,1.72,1.00
2016.09.20 08:57:48.184,0.73963,0.73979,1.72,1.12
2016.09.20 08:57:48.342,0.73963,0.73978,1.72,1.00
2016.09.20 08:57:48.392,0.73963,0.73978,1.35,1.00
2016.09.20 08:57:48.485,0.73963,0.73978,1.72,1.00
2016.09.20 08:57:48.586,0.73963,0.73978,1.35,1.12
2016.09.20 08:57:48.636,0.73962,0.73977,1.72,1.00
2016.09.20 08:57:49.100,0.73962,0.73977,1.72,1.12
2016.09.20 08:57:52.951,0.73962,0.73977,1.12,1.12
2016.09.20 08:57:53.052,0.73961,0.73976,1.37,1.00
2016.09.20 08:57:53.294,0.73961,0.73976,1.00,1.37
2016.09.20 08:57:53.344,0.73959,0.73974,1.12,1.12
2016.09.20 08:57:53.453,0.73958,0.73973,1.37,1.00
2016.09.20 08:57:53.504,0.73958,0.73973,1.00,1.00
2016.09.20 08:57:53.554,0.73957,0.73973,1.30,1.00
2016.09.20 08:57:53.712,0.73958,0.73973,1.00,1.00
2016.09.20 08:57:53.824,0.73959,0.73974,1.00,1.12
2016.09.20 08:57:54.104,0.73959,0.73974,1.12,1.00
2016.09.20 08:57:56.709,0.73959,0.73974,1.37,1.00
2016.09.20 08:57:57.221,0.73958,0.73972,1.72,1.00
2016.09.20 08:57:57.453,0.73958,0.73975,1.87,1.12
2016.09.20 08:57:57.503,0.73958,0.73975,1.00,1.37
2016.09.20 08:57:57.762,0.73958,0.73973,1.00,1.12
2016.09.20 08:57:57.822,0.73956,0.73973,1.87,1.12
2016.09.20 08:57:59.560,0.73956,0.73973,1.37,1.12
2016.09.20 08:58:00.009,0.73956,0.73973,1.12,1.12
2016.09.20 08:58:00.327,0.73957,0.73972,1.00,1.00
2016.09.20 08:58:00.409,0.73957,0.73972,1.12,1.00
2016.09.20 08:58:01.169,0.73956,0.73971,1.37,1.00
2016.09.20 08:58:01.344,0.73954,0.73971,1.37,1.37
2016.09.20 08:58:01.822,0.73954,0.7397,1.37,1.00
2016.09.20 08:58:01.872,0.73957,0.73973,1.60,1.37
2016.09.20 08:58:01.923,0.73957,0.73973,1.72,1.12
2016.09.20 08:58:01.973,0.73958,0.73974,1.35,1.37
2016.09.20 08:58:02.024,0.73958,0.73974,1.72,1.00
2016.09.20 08:58:02.874,0.73959,0.73975,1.12,1.12
2016.09.20 08:58:02.925,0.73959,0.73975,1.12,1.00
2016.09.20 08:58:02.976,0.7396,0.73976,1.60,1.00
2016.09.20 08:58:03.145,0.73961,0.73976,1.30,1.12
2016.09.20 08:58:03.636,0.73961,0.73977,1.72,1.37
2016.09.20 08:58:03.737,0.73961,0.73977,1.72,1.12
2016.09.20 08:58:04.037,0.73961,0.73977,1.30,1.12
2016.09.20 08:58:06.442,0.73961,0.73979,1.30,1.37
2016.09.20 08:58:06.492,0.73959,0.73979,1.37,1.37
2016.09.20 08:58:06.759,0.73961,0.73977,1.37,1.12
2016.09.20 08:58:06.859,0.73961,0.73977,1.37,1.00
2016.09.20 08:58:06.960,0.73961,0.73977,1.12,1.37
2016.09.20 08:58:07.061,0.73961,0.73977,1.00,1.37
2016.09.20 08:58:07.274,0.73961,0.73977,1.12,1.37
2016.09.20 08:58:07.375,0.73961,0.73977,1.37,1.12
2016.09.20 08:58:07.882,0.73962,0.73978,1.00,1.37
2016.09.20 08:58:08.445,0.73961,0.73978,1.12,1.37
2016.09.20 08:58:09.273,0.73962,0.73978,1.00,1.37
2016.09.20 08:58:09.374,0.73962,0.73978,1.12,1.12
2016.09.20 08:58:09.539,0.73962,0.73978,1.37,1.12
2016.09.20 08:58:09.640,0.73962,0.73978,1.12,1.12
2016.09.20 08:58:09.741,0.73962,0.73978,1.37,1.00
2016.09.20 08:58:10.969,0.73963,0.73979,1.37,1.00
2016.09.20 08:58:11.483,0.73963,0.73979,1.12,1.00
2016.09.20 08:58:12.048,0.73963,0.73978,1.37,1.00
2016.09.20 08:58:12.124,0.73963,0.73978,1.12,1.00
2016.09.20 08:58:12.645,0.73963,0.73978,1.37,1.00
2016.09.20 08:58:12.746,0.73963,0.73978,1.12,1.00
2016.09.20 08:58:13.161,0.73963,0.7398,1.37,1.12
2016.09.20 08:58:13.264,0.73965,0.73981,1.12,1.37
2016.09.20 08:58:13.548,0.73965,0.73981,1.00,1.00
2016.09.20 08:58:14.198,0.73965,0.73981,1.12,1.37
2016.09.20 08:58:14.256,0.73965,0.7398,1.12,1.12
2016.09.20 08:58:14.650,0.73965,0.7398,1.12,1.00
2016.09.20 08:58:14.750,0.73965,0.7398,1.12,1.12
2016.09.20 08:58:15.252,0.73965,0.7398,1.12,1.00
2016.09.20 08:58:15.352,0.73965,0.7398,1.12,1.12
2016.09.20 08:58:16.554,0.73965,0.7398,1.12,1.00
2016.09.20 08:58:16.755,0.73965,0.7398,1.12,1.12
2016.09.20 08:58:17.376,0.73965,0.7398,1.00,1.12
2016.09.20 08:58:17.568,0.73965,0.7398,1.12,1.12
2016.09.20 08:58:17.768,0.73965,0.7398,1.00,1.12
2016.09.20 08:58:18.563,0.73965,0.7398,1.12,1.12
2016.09.20 08:58:20.226,0.73965,0.7398,1.00,1.12
2016.09.20 08:58:20.561,0.73965,0.7398,1.12,1.12
2016.09.20 08:58:21.182,0.73966,0.73981,1.00,1.37
2016.09.20 08:58:21.283,0.73966,0.73981,1.12,1.12
2016.09.20 08:58:21.551,0.73966,0.73981,1.12,1.00
2016.09.20 08:58:21.781,0.73964,0.73982,1.37,1.37
2016.09.20 08:58:21.832,0.73964,0.73981,1.37,1.00
2016.09.20 08:58:21.983,0.73964,0.73979,1.12,1.00
2016.09.20 08:58:22.084,0.73964,0.73979,1.12,1.12
2016.09.20 08:58:22.874,0.73961,0.73976,1.87,1.00
2016.09.20 08:58:22.925,0.7396,0.73976,3.00,1.00
2016.09.20 08:58:22.976,0.7396,0.73976,1.12,1.12
2016.09.20 08:58:23.077,0.7396,0.73978,1.12,3.37
2016.09.20 08:58:23.183,0.7396,0.73978,1.37,1.50
2016.09.20 08:58:24.080,0.7396,0.73976,1.37,1.12
2016.09.20 08:58:25.072,0.73961,0.73976,1.12,1.12
2016.09.20 08:58:25.774,0.73961,0.73976,1.37,1.00
2016.09.20 08:58:27.001,0.73959,0.73975,1.87,1.00
2016.09.20 08:58:27.051,0.73959,0.73975,1.37,1.00
2016.09.20 08:58:27.207,0.73959,0.73974,1.12,1.00
2016.09.20 08:58:27.276,0.73959,0.73974,1.00,1.00
2016.09.20 08:58:27.402,0.73959,0.73974,1.37,1.00
2016.09.20 08:58:27.503,0.73959,0.73974,1.12,1.12
2016.09.20 08:58:29.880,0.73959,0.73974,1.00,1.12
2016.09.20 08:58:29.984,0.73958,0.73975,1.30,1.37
2016.09.20 08:58:34.587,0.73957,0.73975,2.47,1.37
2016.09.20 08:58:38.324,0.73956,0.73972,1.97,1.00
2016.09.20 08:58:38.375,0.73956,0.73972,1.37,1.00
2016.09.20 08:58:38.425,0.73956,0.73972,1.12,1.12
2016.09.20 08:58:38.594,0.73956,0.73972,1.37,1.12
2016.09.20 08:58:38.644,0.73958,0.73973,1.35,1.37
2016.09.20 08:58:38.695,0.73958,0.73973,1.35,1.00
2016.09.20 08:58:38.745,0.73959,0.73975,1.00,1.12
2016.09.20 08:58:38.796,0.73959,0.73975,1.12,1.12
2016.09.20 08:58:39.008,0.73959,0.73975,1.12,1.00
2016.09.20 08:58:39.131,0.73959,0.73975,1.37,1.12
2016.09.20 08:58:39.403,0.73958,0.73974,1.87,1.00
2016.09.20 08:58:39.505,0.73958,0.73974,1.37,1.00
2016.09.20 08:58:39.606,0.73958,0.73974,1.37,1.12
2016.09.20 08:58:40.245,0.73958,0.73974,1.12,1.12
2016.09.20 08:58:40.500,0.73958,0.73974,1.37,1.00
2016.09.20 08:58:40.600,0.73958,0.73974,1.37,1.12
2016.09.20 08:58:40.699,0.73958,0.73974,1.00,1.37
2016.09.20 08:58:41.104,0.73958,0.73973,1.00,1.12
2016.09.20 08:58:41.341,0.73956,0.73974,1.87,1.37
2016.09.20 08:58:42.091,0.73957,0.73972,1.12,1.00
2016.09.20 08:58:42.210,0.73957,0.73973,1.12,1.12
2016.09.20 08:58:42.311,0.73956,0.73973,1.87,1.12
2016.09.20 08:58:42.511,0.73957,0.73973,1.12,1.12
2016.09.20 08:58:42.611,0.73957,0.73972,1.12,1.00
2016.09.20 08:58:46.220,0.73956,0.73974,1.87,1.37
2016.09.20 08:58:46.321,0.73957,0.73972,1.12,1.00
2016.09.20 08:58:46.520,0.73957,0.73973,1.12,1.12
2016.09.20 08:58:46.621,0.73956,0.73973,1.87,1.12
2016.09.20 08:58:47.026,0.73956,0.73974,1.87,1.37
2016.09.20 08:58:47.077,0.73956,0.73973,1.37,1.12
2016.09.20 08:58:47.128,0.73955,0.73971,1.37,1.00
2016.09.20 08:58:48.198,0.73955,0.7397,1.37,1.00
2016.09.20 08:58:48.709,0.73954,0.73969,1.37,1.00
2016.09.20 08:58:48.760,0.73953,0.73971,1.87,1.37
2016.09.20 08:58:48.829,0.73953,0.73968,1.87,1.00
2016.09.20 08:58:49.533,0.73953,0.73967,1.12,1.00
2016.09.20 08:58:49.634,0.73952,0.73967,1.00,1.00
2016.09.20 08:58:49.974,0.73952,0.73967,1.00,1.12
2016.09.20 08:58:50.414,0.73952,0.73967,1.00,1.37
2016.09.20 08:58:50.464,0.73951,0.73966,1.50,1.12
2016.09.20 08:58:52.568,0.7395,0.73965,1.87,1.00
2016.09.20 08:58:52.619,0.7395,0.73965,1.00,1.37
2016.09.20 08:58:52.770,0.73947,0.73964,1.87,1.12
2016.09.20 08:58:52.820,0.73947,0.73964,1.37,1.12
2016.09.20 08:58:53.156,0.73947,0.73962,1.00,1.12
2016.09.20 08:58:59.850,0.73946,0.73961,1.50,1.00
2016.09.20 08:58:59.900,0.73947,0.73962,1.00,1.00
2016.09.20 08:58:59.951,0.73947,0.73962,1.12,1.12
2016.09.20 08:59:00.001,0.73948,0.73963,1.00,1.37
2016.09.20 08:59:00.228,0.73948,0.73963,1.00,1.00
2016.09.20 08:59:00.529,0.73948,0.73963,1.00,1.37
2016.09.20 08:59:00.629,0.73948,0.73963,1.12,1.12
2016.09.20 08:59:00.679,0.73947,0.73962,1.37,1.00
2016.09.20 08:59:01.431,0.73947,0.73962,1.00,1.37
2016.09.20 08:59:01.482,0.73944,0.73959,1.12,1.12
2016.09.20 08:59:01.533,0.73944,0.73959,1.00,1.12
2016.09.20 08:59:01.634,0.73944,0.73959,1.00,1.37
2016.09.20 08:59:01.684,0.73943,0.73958,1.00,1.12
2016.09.20 08:59:01.785,0.73944,0.73959,1.00,1.37
2016.09.20 08:59:02.311,0.73944,0.73959,1.00,1.12
2016.09.20 08:59:02.452,0.73944,0.73959,1.00,1.37
2016.09.20 08:59:02.503,0.73942,0.73957,1.12,1.12
2016.09.20 08:59:04.172,0.73941,0.73956,1.37,1.00
2016.09.20 08:59:04.436,0.73941,0.73956,1.12,1.12
2016.09.20 08:59:07.299,0.73942,0.73957,1.00,1.37
2016.09.20 08:59:08.364,0.73942,0.73957,1.12,1.00
2016.09.20 08:59:08.414,0.73943,0.73958,1.00,1.12
2016.09.20 08:59:08.465,0.73943,0.73958,1.00,1.00
2016.09.20 08:59:10.868,0.73943,0.73958,1.12,1.12
2016.09.20 08:59:11.021,0.73946,0.73961,1.00,3.00
2016.09.20 08:59:11.072,0.73946,0.73961,1.00,1.37
2016.09.20 08:59:11.123,0.73944,0.7396,1.37,1.12
2016.09.20 08:59:11.173,0.73944,0.7396,1.00,1.12
2016.09.20 08:59:11.224,0.73942,0.7396,1.87,1.12
2016.09.20 08:59:11.325,0.73945,0.7396,1.12,1.12
2016.09.20 08:59:11.520,0.73945,0.7396,1.00,1.12
2016.09.20 08:59:11.574,0.73945,0.7396,1.12,1.12
2016.09.20 08:59:11.974,0.73945,0.7396,1.12,1.00
2016.09.20 08:59:12.075,0.73945,0.7396,1.00,1.00
2016.09.20 08:59:12.126,0.73945,0.73961,1.00,1.12
2016.09.20 08:59:12.279,0.73945,0.73961,1.00,1.37
2016.09.20 08:59:12.380,0.73945,0.73961,1.12,1.00
2016.09.20 08:59:12.629,0.73947,0.73964,1.00,1.37
2016.09.20 08:59:12.936,0.73946,0.73964,1.12,1.37
2016.09.20 08:59:12.987,0.73946,0.73964,1.37,1.37
2016.09.20 08:59:13.173,0.73946,0.73964,1.00,1.37
2016.09.20 08:59:13.534,0.73946,0.73962,1.00,1.12
2016.09.20 08:59:13.584,0.73946,0.73962,1.12,1.37
2016.09.20 08:59:14.529,0.73947,0.73962,1.00,1.37
2016.09.20 08:59:14.580,0.73947,0.73962,1.00,1.12
2016.09.20 08:59:16.057,0.73947,0.73963,1.12,1.12
2016.09.20 08:59:17.111,0.73947,0.73962,1.12,1.00
2016.09.20 08:59:19.060,0.73947,0.73962,1.00,1.37
2016.09.20 08:59:19.280,0.73946,0.73961,1.37,1.00
2016.09.20 08:59:19.490,0.73945,0.7396,1.12,1.12
2016.09.20 08:59:19.687,0.73945,0.7396,1.00,1.37
2016.09.20 08:59:19.738,0.73944,0.73959,1.12,1.12
2016.09.20 08:59:20.590,0.73944,0.73959,1.00,1.12
2016.09.20 08:59:21.461,0.73941,0.73958,1.37,1.00
2016.09.20 08:59:21.512,0.73941,0.73958,1.37,1.12
2016.09.20 08:59:21.612,0.73941,0.73958,1.37,1.37
2016.09.20 08:59:21.713,0.73941,0.73958,1.00,1.37
2016.09.20 08:59:21.994,0.73941,0.73958,1.37,1.12
2016.09.20 08:59:25.232,0.73942,0.73956,1.12,1.00
2016.09.20 08:59:25.333,0.73941,0.73956,1.37,1.00
2016.09.20 08:59:25.787,0.7394,0.73955,1.00,1.00
2016.09.20 08:59:25.872,0.7394,0.73955,1.37,1.00
2016.09.20 08:59:25.974,0.73942,0.73957,1.00,1.37
2016.09.20 08:59:26.203,0.73944,0.73958,1.00,1.00
2016.09.20 08:59:26.255,0.73945,0.7396,1.00,1.12
2016.09.20 08:59:26.406,0.73945,0.7396,1.00,1.37
2016.09.20 08:59:26.598,0.73945,0.7396,1.00,1.12
2016.09.20 08:59:26.648,0.73944,0.73959,1.12,1.00
2016.09.20 08:59:26.699,0.73944,0.73959,1.12,1.12
2016.09.20 08:59:26.868,0.73942,0.73958,1.87,1.00
2016.09.20 08:59:26.994,0.73942,0.73958,1.37,1.00
2016.09.20 08:59:27.044,0.73943,0.73959,1.37,1.12
2016.09.20 08:59:27.227,0.73943,0.73959,1.37,1.00
2016.09.20 08:59:27.485,0.73946,0.73961,1.00,1.12
2016.09.20 08:59:27.540,0.73944,0.7396,1.00,1.00
2016.09.20 08:59:27.591,0.73944,0.7396,1.37,1.00
2016.09.20 08:59:27.704,0.73944,0.7396,1.37,1.12
2016.09.20 08:59:27.776,0.73944,0.7396,1.37,1.00
2016.09.20 08:59:27.840,0.73945,0.73961,1.12,1.12
2016.09.20 08:59:27.891,0.73945,0.73961,1.37,1.12
2016.09.20 08:59:27.941,0.73944,0.7396,1.37,1.00
2016.09.20 08:59:28.316,0.73945,0.73961,1.37,1.12
2016.09.20 08:59:28.366,0.73945,0.73961,1.37,1.00
2016.09.20 08:59:28.624,0.73945,0.73961,1.37,1.12
2016.09.20 08:59:28.724,0.73945,0.73961,1.12,1.12
2016.09.20 08:59:28.775,0.73944,0.7396,1.37,1.00
2016.09.20 08:59:28.876,0.73944,0.73961,1.37,1.12
2016.09.20 08:59:29.146,0.73944,0.7396,1.37,1.00
2016.09.20 08:59:29.580,0.73944,0.7396,1.12,1.12
2016.09.20 08:59:29.680,0.73944,0.7396,1.37,1.00
2016.09.20 08:59:30.248,0.73943,0.73959,1.37,1.00
2016.09.20 08:59:32.253,0.73943,0.73958,1.37,1.00
2016.09.20 08:59:32.419,0.73943,0.73958,1.00,1.00
2016.09.20 08:59:32.651,0.73943,0.73958,1.00,1.12
2016.09.20 08:59:32.726,0.73944,0.7396,1.37,1.12
2016.09.20 08:59:32.827,0.73944,0.7396,1.00,1.37
2016.09.20 08:59:32.928,0.73944,0.7396,1.12,1.37
2016.09.20 08:59:32.987,0.73944,0.7396,1.00,1.12
2016.09.20 08:59:33.099,0.73944,0.73959,1.37,1.00
2016.09.20 08:59:33.597,0.73943,0.73961,1.37,1.12
2016.09.20 08:59:34.682,0.73942,0.7396,3.75,1.00
2016.09.20 08:59:34.733,0.73942,0.7396,1.87,1.12
2016.09.20 08:59:34.783,0.73944,0.73961,1.12,1.37
2016.09.20 08:59:34.834,0.73944,0.73961,1.37,1.12
2016.09.20 08:59:40.395,0.73945,0.73961,1.12,1.12
2016.09.20 08:59:42.281,0.73945,0.73962,1.12,1.37
2016.09.20 08:59:43.344,0.73945,0.73962,1.12,1.00
2016.09.20 08:59:44.271,0.73947,0.73962,1.37,1.00
2016.09.20 08:59:44.532,0.73944,0.7396,1.37,1.00
2016.09.20 08:59:44.585,0.73943,0.7396,3.00,1.00
2016.09.20 08:59:44.635,0.73943,0.7396,1.37,1.00
2016.09.20 08:59:44.868,0.73942,0.7396,1.37,1.37
2016.09.20 08:59:45.398,0.73941,0.73958,1.37,1.00
2016.09.20 08:59:45.449,0.73941,0.73958,1.37,1.12
2016.09.20 08:59:45.499,0.73945,0.73962,1.00,3.75
2016.09.20 08:59:45.736,0.73943,0.73961,1.37,1.37
2016.09.20 08:59:45.837,0.73944,0.73963,2.25,1.12
2016.09.20 08:59:46.040,0.73943,0.73963,3.75,1.37
2016.09.20 08:59:46.448,0.73943,0.73963,1.87,1.37
2016.09.20 08:59:46.498,0.73943,0.7396,1.87,1.00
2016.09.20 08:59:46.549,0.73943,0.7396,1.37,1.12
2016.09.20 08:59:48.320,0.73941,0.73959,2.62,1.12
2016.09.20 08:59:48.508,0.73942,0.73958,1.12,1.37
2016.09.20 08:59:48.559,0.73942,0.73958,1.12,1.12
2016.09.20 08:59:48.609,0.73943,0.73959,1.00,1.37
2016.09.20 08:59:48.660,0.73943,0.73959,1.12,1.37
2016.09.20 08:59:48.761,0.73943,0.73959,1.00,1.37
2016.09.20 08:59:49.557,0.73943,0.73959,1.00,1.12
2016.09.20 08:59:51.022,0.73943,0.73959,1.00,1.37
2016.09.20 08:59:51.123,0.73941,0.73958,1.00,1.12
2016.09.20 08:59:51.523,0.73942,0.73958,1.12,1.12
2016.09.20 08:59:51.624,0.73942,0.7396,1.37,1.87
2016.09.20 08:59:51.675,0.73942,0.7396,1.37,1.37
2016.09.20 08:59:52.288,0.73943,0.7396,1.37,1.37
2016.09.20 08:59:53.003,0.73942,0.73958,1.37,1.00
2016.09.20 08:59:53.483,0.73942,0.73959,1.37,1.12
2016.09.20 08:59:53.915,0.73943,0.73959,1.12,1.12
2016.09.20 08:59:53.966,0.73943,0.73959,1.00,1.37
2016.09.20 08:59:54.067,0.73943,0.73959,1.00,1.12
2016.09.20 08:59:54.253,0.73943,0.73959,1.00,1.37
2016.09.20 08:59:54.304,0.73943,0.73959,1.12,1.37
2016.09.20 08:59:54.570,0.73943,0.73959,1.00,1.00
2016.09.20 08:59:54.630,0.73943,0.73959,1.00,1.12
2016.09.20 08:59:55.252,0.73943,0.73959,1.00,1.37
2016.09.20 08:59:56.648,0.73943,0.73959,1.12,1.37
2016.09.20 08:59:57.134,0.73943,0.73959,1.37,1.00
2016.09.20 08:59:57.210,0.73944,0.7396,1.12,1.12
2016.09.20 08:59:57.260,0.73944,0.7396,1.12,1.37
2016.09.20 08:59:57.325,0.73945,0.73961,1.00,1.37
2016.09.20 08:59:57.556,0.73945,0.73962,1.00,1.12
2016.09.20 08:59:58.212,0.73945,0.73962,1.00,1.87
