2013.02.18 08:00:00.425,0.91718,0.91758,1.95,1.58
2013.02.18 08:00:01.348,0.91718,0.91758,1.95,2.80
2013.02.18 08:00:01.474,0.91718,0.91758,1.95,1.58
2013.02.18 08:00:01.745,0.91718,0.91758,1.95,2.33
2013.02.18 08:00:01.965,0.91718,0.91758,1.95,1.58
2013.02.18 08:00:02.175,0.91718,0.91753,1.95,1.35
2013.02.18 08:00:02.235,0.91718,0.91757,1.95,1.59
2013.02.18 08:00:02.415,0.91712,0.91748,1.35,1.58
2013.02.18 08:00:02.505,0.91712,0.91748,1.35,1.58
2013.02.18 08:00:02.684,0.91712,0.91748,1.58,1.35
2013.02.18 08:00:03.217,0.91712,0.91754,1.58,1.43
2013.02.18 08:00:04.086,0.91712,0.91754,1.58,1.58
2013.02.18 08:00:04.265,0.91712,0.91748,1.58,1.20
2013.02.18 08:00:05.226,0.91712,0.91749,1.58,1.25
2013.02.18 08:00:05.344,0.91712,0.91749,1.58,1.25
2013.02.18 08:00:05.885,0.91712,0.91749,1.58,1.38
2013.02.18 08:00:05.943,0.91711,0.91748,1.95,1.38
2013.02.18 08:00:06.003,0.91712,0.9175,1.58,1.38
2013.02.18 08:00:06.534,0.91712,0.91748,1.58,1.38
2013.02.18 08:00:06.740,0.91712,0.91749,1.58,1.38
2013.02.18 08:00:07.145,0.91711,0.91749,1.58,1.38
2013.02.18 08:00:13.013,0.91712,0.91749,1.58,1.38
2013.02.18 08:00:15.594,0.91712,0.91748,1.58,1.38
2013.02.18 08:00:29.326,0.91712,0.91748,1.35,1.43
2013.02.18 08:00:29.443,0.91712,0.91748,1.58,1.45
2013.02.18 08:00:31.740,0.91712,0.91748,1.58,1.45
2013.02.18 08:00:32.084,0.91731,0.91754,1.58,1.50
2013.02.18 08:00:32.145,0.91731,0.91759,1.58,2.48
2013.02.18 08:00:32.204,0.91731,0.91759,1.58,2.48
2013.02.18 08:00:32.349,0.91731,0.91759,1.58,2.48
2013.02.18 08:00:32.416,0.91731,0.91768,1.58,1.01
2013.02.18 08:00:32.474,0.91731,0.91773,1.58,1.73
2013.02.18 08:00:32.537,0.91731,0.91775,1.58,1.59
2013.02.18 08:00:32.596,0.91731,0.91778,1.58,1.58
2013.02.18 08:00:32.774,0.91731,0.91777,1.58,1.37
2013.02.18 08:00:33.574,0.91731,0.91777,1.58,1.37
2013.02.18 08:00:41.016,0.91731,0.91775,1.58,1.25
2013.02.18 08:00:41.393,0.91731,0.91773,1.58,1.29
2013.02.18 08:00:42.538,0.91731,0.91771,1.58,1.29
2013.02.18 08:00:45.433,0.91729,0.91769,1.35,2.38
2013.02.18 08:00:46.643,0.91729,0.91771,1.35,3.13
2013.02.18 08:00:47.206,0.91724,0.91765,1.58,1.32
2013.02.18 08:00:47.323,0.9172,0.91763,1.29,1.32
2013.02.18 08:00:47.443,0.91719,0.91762,1.58,1.95
2013.02.18 08:00:47.604,0.91719,0.91759,1.58,1.47
2013.02.18 08:00:48.023,0.91719,0.91759,1.43,1.58
2013.02.18 08:00:48.302,0.9172,0.91763,2.12,2.48
2013.02.18 08:00:48.538,0.9172,0.91761,1.58,1.38
2013.02.18 08:00:48.876,0.9172,0.91764,1.58,2.48
2013.02.18 08:00:50.429,0.9172,0.91764,2.16,1.45
2013.02.18 08:00:50.573,0.91721,0.91766,1.29,1.89
2013.02.18 08:00:50.870,0.91723,0.91765,1.61,1.38
2013.02.18 08:00:51.113,0.91726,0.91769,1.58,1.71
2013.02.18 08:00:53.955,0.91729,0.91769,1.83,1.35
2013.02.18 08:00:54.270,0.91733,0.91776,1.58,2.48
2013.02.18 08:00:54.903,0.91733,0.91774,1.58,1.36
2013.02.18 08:01:00.184,0.91733,0.91774,1.58,1.36
2013.02.18 08:01:00.633,0.91737,0.91778,1.58,1.35
2013.02.18 08:01:00.793,0.91737,0.91778,1.58,1.35
2013.02.18 08:01:01.318,0.91737,0.9178,1.58,1.41
2013.02.18 08:01:04.254,0.91737,0.91778,1.58,1.35
2013.02.18 08:01:04.414,0.91737,0.91778,1.58,1.35
2013.02.18 08:01:10.143,0.91736,0.91775,1.41,1.35
2013.02.18 08:01:15.333,0.91736,0.9178,1.41,1.20
2013.02.18 08:01:15.855,0.91736,0.91779,1.41,1.58
2013.02.18 08:01:20.574,0.91736,0.91778,1.41,1.35
2013.02.18 08:01:21.283,0.91736,0.91782,1.41,1.95
2013.02.18 08:01:21.343,0.91737,0.91782,1.27,1.73
2013.02.18 08:01:23.978,0.91737,0.91783,1.27,1.73
2013.02.18 08:01:24.333,0.91745,0.91783,1.29,1.73
2013.02.18 08:01:25.100,0.91745,0.91788,1.29,1.73
2013.02.18 08:01:25.164,0.91744,0.91788,1.35,1.73
2013.02.18 08:01:25.283,0.91744,0.91788,1.87,1.73
2013.02.18 08:01:25.626,0.91745,0.91779,1.59,1.35
2013.02.18 08:01:26.043,0.9174,0.91778,1.61,1.35
2013.02.18 08:01:27.175,0.91734,0.91776,3.45,1.95
2013.02.18 08:01:27.614,0.91734,0.91776,2.22,2.56
2013.02.18 08:01:27.794,0.91734,0.91776,2.22,2.56
2013.02.18 08:01:28.895,0.91734,0.91776,2.22,2.56
2013.02.18 08:01:29.186,0.91734,0.91776,1.95,1.95
2013.02.18 08:01:29.513,0.91734,0.91772,1.95,1.27
2013.02.18 08:01:31.974,0.91734,0.91772,1.95,1.45
2013.02.18 08:01:34.283,0.91734,0.91768,1.13,2.22
2013.02.18 08:01:34.403,0.91731,0.91766,1.35,1.52
2013.02.18 08:01:34.983,0.91723,0.91763,1.58,1.60
2013.02.18 08:01:35.283,0.91721,0.91757,1.35,1.35
2013.02.18 08:01:35.344,0.91721,0.91757,1.35,1.35
2013.02.18 08:01:35.892,0.9172,0.91759,2.33,1.52
2013.02.18 08:01:36.125,0.9172,0.91761,2.33,1.39
2013.02.18 08:01:36.893,0.91722,0.91763,1.52,1.95
2013.02.18 08:01:41.104,0.91724,0.91766,1.58,1.10
2013.02.18 08:01:41.345,0.9173,0.91767,1.58,1.21
2013.02.18 08:01:41.625,0.9173,0.91768,1.58,1.35
2013.02.18 08:01:42.124,0.91735,0.91768,1.58,1.35
2013.02.18 08:01:42.674,0.91736,0.91776,1.43,2.10
2013.02.18 08:01:43.293,0.91739,0.91779,1.35,1.95
2013.02.18 08:01:43.626,0.91745,0.91783,1.58,1.35
2013.02.18 08:01:44.214,0.91745,0.91784,1.95,1.73
2013.02.18 08:01:44.543,0.91751,0.9179,1.58,1.35
2013.02.18 08:01:45.444,0.91752,0.91791,1.58,1.21
2013.02.18 08:01:45.564,0.91752,0.91793,1.58,1.35
2013.02.18 08:01:45.629,0.91752,0.91793,1.58,1.35
2013.02.18 08:01:45.753,0.91752,0.91793,1.94,1.35
2013.02.18 08:01:48.344,0.91754,0.91794,1.80,1.35
2013.02.18 08:01:48.762,0.91762,0.918,1.58,1.73
2013.02.18 08:01:48.915,0.91762,0.918,1.58,1.73
2013.02.18 08:01:49.034,0.91758,0.918,1.35,1.45
2013.02.18 08:01:49.153,0.91758,0.91796,1.35,1.29
2013.02.18 08:01:49.980,0.91758,0.91795,1.35,1.56
2013.02.18 08:01:50.503,0.91756,0.91796,1.35,1.32
2013.02.18 08:01:50.763,0.91749,0.91791,1.50,1.65
2013.02.18 08:01:51.123,0.91747,0.91789,1.47,1.65
2013.02.18 08:01:51.363,0.91745,0.91787,1.35,2.01
2013.02.18 08:01:51.424,0.91745,0.91786,1.35,1.32
2013.02.18 08:01:53.875,0.91745,0.91786,1.35,3.79
2013.02.18 08:01:53.965,0.91745,0.91786,1.35,3.79
2013.02.18 08:01:54.136,0.91745,0.91786,1.35,3.79
2013.02.18 08:01:54.791,0.91745,0.91786,1.35,3.02
2013.02.18 08:01:55.075,0.91745,0.91786,1.35,2.69
2013.02.18 08:01:57.833,0.91746,0.91787,1.23,1.73
2013.02.18 08:01:58.154,0.91752,0.91791,1.56,1.35
2013.02.18 08:02:01.463,0.91751,0.91792,1.58,1.12
2013.02.18 08:02:01.583,0.91751,0.91793,1.80,2.10
2013.02.18 08:02:01.993,0.91751,0.91791,1.58,1.35
2013.02.18 08:02:02.234,0.91745,0.91791,1.35,1.35
2013.02.18 08:02:02.394,0.91745,0.91791,1.35,1.35
2013.02.18 08:02:03.374,0.91745,0.91791,1.78,1.35
2013.02.18 08:02:07.046,0.91745,0.91791,1.35,2.85
2013.02.18 08:02:07.889,0.91745,0.91791,1.35,2.85
2013.02.18 08:02:11.294,0.91742,0.91789,2.49,2.85
2013.02.18 08:02:11.505,0.91742,0.91789,1.95,2.85
2013.02.18 08:02:11.724,0.91742,0.91789,1.95,2.85
2013.02.18 08:02:11.843,0.91742,0.91786,1.35,1.73
2013.02.18 08:02:12.490,0.91742,0.91785,1.35,1.73
2013.02.18 08:02:12.733,0.91745,0.91788,1.58,1.73
2013.02.18 08:02:13.555,0.91745,0.91789,1.58,1.35
2013.02.18 08:02:22.453,0.91745,0.91789,1.58,1.35
2013.02.18 08:02:22.514,0.91745,0.91789,1.58,1.35
2013.02.18 08:02:26.043,0.91746,0.9179,1.61,1.73
2013.02.18 08:02:27.170,0.91746,0.91791,1.61,2.85
2013.02.18 08:02:29.954,0.91745,0.91791,1.95,2.10
2013.02.18 08:02:30.193,0.91745,0.91791,1.95,2.10
2013.02.18 08:02:34.924,0.91745,0.91791,1.95,2.10
2013.02.18 08:02:35.287,0.91745,0.91788,1.95,1.73
2013.02.18 08:02:37.093,0.91745,0.91788,1.95,1.73
2013.02.18 08:02:37.731,0.91745,0.91789,1.95,1.73
2013.02.18 08:02:38.172,0.91745,0.91789,1.95,1.73
2013.02.18 08:02:41.204,0.91745,0.91788,1.95,1.73
2013.02.18 08:02:41.274,0.91745,0.91788,1.95,1.73
2013.02.18 08:02:41.763,0.9175,0.9179,1.35,2.48
2013.02.18 08:02:42.328,0.91745,0.91791,1.95,1.35
2013.02.18 08:02:43.203,0.91745,0.91788,1.95,1.73
2013.02.18 08:02:49.593,0.91745,0.91788,1.35,1.73
2013.02.18 08:02:49.713,0.91745,0.91789,1.13,1.73
2013.02.18 08:02:49.913,0.91745,0.91788,1.35,3.11
2013.02.18 08:02:50.244,0.91745,0.91785,1.35,2.48
2013.02.18 08:02:50.774,0.91745,0.91785,1.35,2.48
2013.02.18 08:02:54.270,0.91745,0.91786,1.35,2.48
2013.02.18 08:02:54.624,0.91745,0.91788,1.35,2.48
2013.02.18 08:02:55.134,0.91745,0.91788,1.35,2.48
2013.02.18 08:02:56.508,0.91745,0.91788,1.35,2.48
2013.02.18 08:02:56.803,0.91743,0.91788,1.35,1.35
2013.02.18 08:02:57.310,0.91743,0.91788,1.92,2.10
2013.02.18 08:02:57.973,0.91743,0.91788,1.74,2.10
2013.02.18 08:03:01.018,0.91743,0.91788,1.74,1.35
2013.02.18 08:03:03.546,0.91743,0.91788,1.74,2.10
2013.02.18 08:03:03.987,0.91743,0.91788,1.74,2.10
2013.02.18 08:03:05.197,0.91743,0.91788,1.74,1.35
2013.02.18 08:03:05.313,0.91743,0.91788,1.35,1.35
2013.02.18 08:03:05.516,0.91743,0.91789,1.89,1.35
2013.02.18 08:03:05.643,0.91743,0.91788,1.89,1.35
2013.02.18 08:03:06.012,0.91744,0.91787,1.32,1.61
2013.02.18 08:03:06.701,0.91743,0.91785,1.35,1.25
2013.02.18 08:03:07.043,0.91743,0.91785,1.35,1.20
2013.02.18 08:03:08.044,0.91742,0.91782,1.35,1.73
2013.02.18 08:03:09.423,0.91743,0.91784,1.35,3.23
2013.02.18 08:03:21.783,0.91743,0.91782,1.35,1.52
2013.02.18 08:03:22.603,0.91743,0.91783,1.35,1.58
2013.02.18 08:03:23.944,0.91743,0.91783,1.35,1.58
2013.02.18 08:03:28.116,0.91743,0.91783,1.35,1.58
2013.02.18 08:03:31.274,0.91741,0.91783,1.35,2.03
2013.02.18 08:03:31.638,0.91742,0.91783,1.27,1.58
2013.02.18 08:03:33.824,0.91741,0.91782,1.35,2.34
2013.02.18 08:03:42.793,0.91741,0.91783,1.80,1.58
2013.02.18 08:03:47.727,0.91741,0.91783,1.80,1.58
2013.02.18 08:03:48.385,0.91741,0.91783,1.80,1.58
2013.02.18 08:03:48.714,0.91741,0.91783,1.35,1.89
2013.02.18 08:03:50.266,0.91741,0.91783,1.35,1.14
2013.02.18 08:03:50.384,0.91742,0.91783,1.67,1.58
2013.02.18 08:03:59.883,0.91742,0.91783,1.35,1.21
2013.02.18 08:04:00.463,0.91742,0.91784,1.67,1.58
2013.02.18 08:04:11.483,0.91741,0.91783,1.35,2.12
2013.02.18 08:04:13.853,0.91741,0.91783,1.35,2.21
2013.02.18 08:04:14.195,0.91739,0.9178,1.20,2.34
2013.02.18 08:04:14.434,0.91733,0.91774,2.48,1.35
2013.02.18 08:04:14.673,0.91727,0.91774,1.35,2.85
2013.02.18 08:04:15.023,0.91727,0.91767,1.35,1.73
2013.02.18 08:04:15.084,0.91727,0.91765,1.13,1.63
2013.02.18 08:04:20.173,0.91719,0.9176,1.58,1.35
2013.02.18 08:04:20.303,0.91716,0.9176,1.35,1.85
2013.02.18 08:04:20.625,0.91716,0.91756,1.13,1.73
2013.02.18 08:04:20.687,0.91716,0.91756,1.13,1.73
2013.02.18 08:04:20.864,0.91716,0.91754,1.35,1.25
2013.02.18 08:04:21.571,0.91716,0.91754,1.35,1.25
2013.02.18 08:04:28.503,0.91716,0.91754,1.35,2.00
2013.02.18 08:04:28.941,0.91716,0.91755,1.35,1.52
2013.02.18 08:04:29.266,0.91716,0.91755,1.35,1.52
2013.02.18 08:04:29.324,0.91716,0.91755,1.13,1.32
2013.02.18 08:04:29.843,0.91716,0.91754,1.13,1.41
2013.02.18 08:04:29.935,0.91716,0.91754,1.13,1.41
2013.02.18 08:04:30.221,0.91716,0.91755,1.35,2.88
2013.02.18 08:04:31.063,0.91716,0.91754,1.35,1.36
2013.02.18 08:04:31.406,0.91716,0.91755,1.35,1.54
2013.02.18 08:04:31.866,0.91716,0.91755,1.35,1.54
2013.02.18 08:04:36.714,0.91716,0.91754,1.13,1.27
2013.02.18 08:04:37.361,0.9171,0.91755,1.35,2.34
2013.02.18 08:04:37.916,0.9171,0.91755,1.35,2.20
2013.02.18 08:04:37.973,0.9171,0.91754,1.35,1.54
2013.02.18 08:04:38.575,0.9171,0.91754,1.35,1.50
2013.02.18 08:04:38.797,0.9171,0.91754,1.35,1.50
2013.02.18 08:04:39.015,0.9171,0.91754,1.35,1.50
2013.02.18 08:04:40.503,0.9171,0.91754,1.35,1.50
2013.02.18 08:04:43.573,0.9171,0.91754,1.35,1.32
2013.02.18 08:04:45.291,0.9171,0.91754,1.35,1.32
2013.02.18 08:04:46.432,0.91711,0.91755,1.23,1.47
2013.02.18 08:04:48.286,0.9171,0.91755,1.35,1.34
2013.02.18 08:04:49.574,0.9171,0.91755,1.35,1.34
2013.02.18 08:04:50.545,0.9171,0.91755,1.35,1.34
2013.02.18 08:04:51.486,0.9171,0.91754,1.35,1.29
2013.02.18 08:04:52.632,0.9171,0.91754,1.35,1.20
2013.02.18 08:04:58.086,0.91708,0.91754,1.35,1.58
2013.02.18 08:05:01.543,0.91708,0.91752,1.35,1.73
2013.02.18 08:05:02.054,0.91708,0.91754,1.35,1.58
2013.02.18 08:05:02.594,0.91708,0.91754,1.35,3.08
2013.02.18 08:05:03.063,0.91708,0.91754,1.35,3.08
2013.02.18 08:05:03.695,0.91708,0.91752,1.35,1.73
2013.02.18 08:05:05.565,0.91708,0.91753,1.35,2.48
2013.02.18 08:05:05.623,0.91708,0.91753,1.35,2.73
2013.02.18 08:05:06.075,0.91708,0.91749,1.35,1.47
2013.02.18 08:05:06.394,0.91708,0.91749,1.35,1.56
2013.02.18 08:05:06.454,0.91708,0.91747,1.35,1.43
2013.02.18 08:05:06.514,0.91708,0.91745,1.35,1.25
2013.02.18 08:05:08.765,0.91708,0.91744,1.35,1.63
2013.02.18 08:05:09.865,0.91708,0.91745,1.35,1.29
2013.02.18 08:05:12.275,0.91709,0.91746,1.13,2.67
2013.02.18 08:05:12.394,0.91709,0.91748,1.35,3.24
2013.02.18 08:05:12.454,0.91703,0.91747,2.14,2.11
2013.02.18 08:05:12.514,0.91703,0.91745,1.58,1.43
2013.02.18 08:05:13.204,0.91703,0.91746,1.58,1.60
2013.02.18 08:05:14.162,0.91703,0.91744,1.58,1.54
2013.02.18 08:05:15.265,0.91703,0.91745,1.58,1.38
2013.02.18 08:05:17.415,0.91703,0.91749,1.58,1.74
2013.02.18 08:05:17.654,0.91704,0.91749,2.13,1.35
2013.02.18 08:05:17.714,0.91704,0.91752,2.13,4.21
2013.02.18 08:05:17.917,0.91706,0.91752,1.45,2.91
2013.02.18 08:05:17.974,0.91704,0.9175,2.77,1.12
2013.02.18 08:05:18.550,0.91704,0.9175,1.27,1.12
2013.02.18 08:05:18.605,0.91706,0.91752,1.45,1.80
2013.02.18 08:05:18.663,0.91706,0.91752,1.45,1.80
2013.02.18 08:05:19.170,0.91706,0.91749,1.45,1.35
2013.02.18 08:05:19.664,0.91715,0.91753,1.58,1.52
2013.02.18 08:05:19.724,0.91715,0.91755,1.58,1.73
2013.02.18 08:05:19.784,0.91715,0.91756,1.58,1.36
2013.02.18 08:05:20.160,0.91715,0.91756,1.58,1.36
2013.02.18 08:05:21.031,0.91715,0.91759,1.58,1.95
2013.02.18 08:05:21.770,0.91716,0.91759,1.73,2.70
2013.02.18 08:05:22.280,0.91716,0.91759,1.73,2.18
2013.02.18 08:05:22.684,0.91716,0.91759,1.73,2.18
2013.02.18 08:05:22.821,0.91716,0.91759,2.00,1.95
2013.02.18 08:05:23.356,0.91716,0.91759,1.50,1.95
2013.02.18 08:05:23.793,0.91716,0.91759,1.38,1.95
2013.02.18 08:05:26.755,0.91716,0.91759,1.38,1.95
2013.02.18 08:05:29.234,0.91726,0.91763,1.35,1.36
2013.02.18 08:05:29.413,0.91726,0.91767,1.35,1.37
2013.02.18 08:05:29.882,0.91726,0.91766,1.35,1.52
2013.02.18 08:05:29.955,0.91726,0.91765,1.35,1.29
2013.02.18 08:05:30.648,0.91726,0.91766,1.35,1.63
2013.02.18 08:05:30.764,0.91726,0.91764,1.35,1.61
2013.02.18 08:05:31.523,0.91726,0.91767,1.35,1.48
2013.02.18 08:05:31.874,0.91726,0.91767,1.35,1.47
2013.02.18 08:05:32.420,0.91726,0.91763,1.35,1.25
2013.02.18 08:05:33.337,0.91726,0.91763,1.35,1.61
2013.02.18 08:05:33.693,0.91726,0.91763,1.35,1.47
2013.02.18 08:05:36.154,0.91726,0.91763,1.35,1.38
2013.02.18 08:05:36.594,0.91726,0.91767,1.35,1.72
2013.02.18 08:05:36.683,0.91726,0.91767,1.35,1.59
2013.02.18 08:05:38.354,0.91729,0.91766,1.35,1.21
2013.02.18 08:05:38.574,0.91726,0.91764,1.35,1.21
2013.02.18 08:05:39.340,0.91726,0.91764,1.35,1.30
2013.02.18 08:05:39.950,0.91726,0.91764,1.35,1.30
2013.02.18 08:05:40.164,0.91726,0.91767,1.35,1.35
2013.02.18 08:05:40.744,0.91728,0.91768,1.73,1.38
2013.02.18 08:05:40.804,0.91727,0.9177,2.89,1.35
2013.02.18 08:05:41.414,0.91735,0.91773,1.58,2.18
2013.02.18 08:05:41.474,0.91735,0.91773,1.58,1.95
2013.02.18 08:05:42.243,0.91728,0.91771,1.58,1.20
2013.02.18 08:05:42.887,0.91728,0.9177,1.58,1.35
2013.02.18 08:05:43.475,0.91728,0.91771,1.58,1.20
2013.02.18 08:05:44.685,0.91728,0.91772,1.58,1.41
2013.02.18 08:05:44.744,0.91731,0.91774,1.58,1.94
2013.02.18 08:05:44.864,0.91731,0.91774,1.80,1.35
2013.02.18 08:05:44.924,0.91731,0.91774,1.80,1.35
2013.02.18 08:05:45.254,0.91733,0.91774,1.54,1.35
2013.02.18 08:05:45.869,0.91735,0.91774,1.20,1.35
2013.02.18 08:05:46.371,0.91735,0.91778,1.58,1.12
2013.02.18 08:05:46.554,0.9174,0.91783,1.95,2.12
2013.02.18 08:05:46.694,0.9174,0.91783,3.06,1.58
2013.02.18 08:05:46.754,0.9174,0.91784,3.06,1.58
2013.02.18 08:05:46.814,0.91743,0.91784,1.52,1.58
2013.02.18 08:05:46.893,0.9174,0.91784,1.95,2.21
2013.02.18 08:05:47.075,0.9174,0.91783,1.95,1.58
2013.02.18 08:05:47.254,0.9174,0.91778,1.73,1.47
2013.02.18 08:05:47.805,0.9174,0.91778,1.73,1.47
2013.02.18 08:05:48.156,0.9174,0.91778,1.73,1.47
2013.02.18 08:05:48.304,0.9174,0.91783,1.73,1.58
2013.02.18 08:05:48.534,0.9174,0.91779,1.73,1.50
2013.02.18 08:05:49.035,0.9174,0.91779,1.73,1.50
2013.02.18 08:05:49.384,0.9174,0.9178,1.95,1.38
2013.02.18 08:05:50.125,0.9174,0.9178,1.95,1.38
2013.02.18 08:05:50.345,0.9174,0.91782,1.95,1.01
2013.02.18 08:05:50.543,0.9174,0.91783,2.33,2.25
2013.02.18 08:05:50.604,0.91745,0.91784,1.95,2.62
2013.02.18 08:05:50.685,0.91745,0.91784,1.95,2.62
2013.02.18 08:05:50.804,0.91749,0.91785,1.35,1.28
2013.02.18 08:05:51.003,0.91752,0.91788,1.58,1.34
2013.02.18 08:05:51.288,0.91752,0.91789,1.58,1.35
2013.02.18 08:05:51.634,0.91757,0.91793,1.58,1.52
2013.02.18 08:05:51.694,0.91757,0.91794,1.58,2.12
2013.02.18 08:05:51.753,0.91757,0.91794,1.58,1.58
2013.02.18 08:05:52.460,0.91757,0.91794,1.58,1.58
2013.02.18 08:05:52.760,0.91757,0.91793,1.58,1.25
2013.02.18 08:05:52.884,0.91757,0.91793,1.58,1.35
2013.02.18 08:05:52.944,0.91756,0.91794,1.58,1.80
2013.02.18 08:05:53.003,0.91756,0.91794,1.58,1.58
2013.02.18 08:05:53.575,0.91757,0.91796,1.58,1.39
2013.02.18 08:05:53.905,0.91757,0.91796,1.58,1.39
2013.02.18 08:05:54.239,0.91757,0.91794,1.58,1.58
2013.02.18 08:05:55.115,0.91757,0.91796,1.58,1.77
2013.02.18 08:05:55.335,0.91763,0.91798,1.58,1.35
2013.02.18 08:05:55.579,0.91755,0.91795,2.33,1.20
2013.02.18 08:05:56.926,0.91755,0.91798,2.43,1.69
2013.02.18 08:05:57.019,0.91755,0.91798,1.95,1.85
2013.02.18 08:05:57.134,0.91755,0.91798,2.33,1.67
2013.02.18 08:05:57.459,0.91755,0.91795,2.70,1.50
2013.02.18 08:05:57.762,0.91755,0.91797,2.03,1.12
2013.02.18 08:05:58.311,0.91758,0.91796,1.35,1.50
2013.02.18 08:05:59.836,0.91755,0.91792,1.95,1.36
2013.02.18 08:06:00.614,0.91755,0.91796,1.95,1.45
2013.02.18 08:06:01.395,0.91758,0.91798,1.73,1.83
2013.02.18 08:06:01.454,0.91758,0.91798,1.73,1.35
2013.02.18 08:06:06.201,0.91759,0.918,1.83,1.58
2013.02.18 08:06:07.133,0.91764,0.918,1.95,1.23
2013.02.18 08:06:08.174,0.91764,0.91801,1.58,1.10
2013.02.18 08:06:08.980,0.91764,0.918,1.58,1.35
2013.02.18 08:06:09.586,0.91761,0.918,1.58,1.35
2013.02.18 08:06:13.875,0.91764,0.91802,1.58,1.94
2013.02.18 08:06:14.536,0.91762,0.918,1.58,1.35
2013.02.18 08:06:19.361,0.91764,0.91801,1.95,1.26
2013.02.18 08:06:22.839,0.91764,0.91804,1.95,1.58
2013.02.18 08:06:24.521,0.91764,0.91805,1.95,3.08
2013.02.18 08:06:24.794,0.91767,0.91808,2.33,1.35
2013.02.18 08:06:24.915,0.91767,0.91808,2.33,1.35
2013.02.18 08:06:25.823,0.91762,0.91805,2.48,1.76
2013.02.18 08:06:26.226,0.9176,0.91805,1.35,1.01
2013.02.18 08:06:26.676,0.91767,0.91806,1.25,1.20
2013.02.18 08:06:27.364,0.91767,0.91809,1.58,1.35
2013.02.18 08:06:28.097,0.91767,0.91809,1.87,1.35
2013.02.18 08:06:28.974,0.91767,0.91805,1.58,1.52
2013.02.18 08:06:29.223,0.91767,0.91809,1.58,1.73
2013.02.18 08:06:36.383,0.91776,0.91814,2.10,1.45
2013.02.18 08:06:36.686,0.91791,0.9182,1.73,2.48
2013.02.18 08:06:36.804,0.91791,0.91834,2.73,1.35
2013.02.18 08:06:36.923,0.91797,0.91838,1.73,2.48
2013.02.18 08:06:36.984,0.918,0.91844,1.35,2.48
2013.02.18 08:06:37.059,0.918,0.91844,1.35,1.73
2013.02.18 08:06:37.384,0.918,0.91841,1.35,1.27
2013.02.18 08:06:38.044,0.918,0.91841,1.35,1.25
2013.02.18 08:06:44.149,0.918,0.91843,1.35,1.62
2013.02.18 08:06:45.095,0.918,0.91843,1.35,1.62
2013.02.18 08:06:45.453,0.918,0.91835,1.35,1.34
2013.02.18 08:06:45.934,0.91795,0.91829,1.58,1.35
2013.02.18 08:06:46.055,0.9179,0.91827,1.35,1.81
2013.02.18 08:06:48.624,0.91789,0.91822,1.35,1.35
2013.02.18 08:06:48.744,0.91783,0.9182,1.20,1.52
2013.02.18 08:06:48.864,0.91777,0.91816,1.73,1.46
2013.02.18 08:06:48.984,0.91777,0.91812,1.73,1.05
2013.02.18 08:06:49.224,0.91772,0.91814,1.35,2.33
2013.02.18 08:06:49.760,0.91773,0.91816,1.58,1.08
2013.02.18 08:06:51.475,0.91773,0.91816,1.58,1.08
2013.02.18 08:06:52.435,0.91773,0.91814,1.58,1.62
2013.02.18 08:06:52.773,0.91773,0.91813,1.58,1.58
2013.02.18 08:06:53.375,0.91773,0.91813,1.58,1.35
2013.02.18 08:06:53.664,0.91773,0.91818,1.58,1.95
2013.02.18 08:06:54.273,0.91773,0.91819,1.58,1.95
2013.02.18 08:06:57.604,0.91773,0.91818,1.58,1.58
2013.02.18 08:06:59.476,0.91775,0.91818,1.50,1.58
2013.02.18 08:06:59.591,0.91773,0.91818,1.58,1.58
2013.02.18 08:07:00.083,0.91777,0.91818,1.32,1.58
2013.02.18 08:07:01.953,0.91778,0.91822,1.58,1.20
2013.02.18 08:07:02.073,0.91779,0.91824,1.58,1.73
2013.02.18 08:07:02.133,0.91779,0.91824,1.58,2.09
2013.02.18 08:07:08.364,0.91779,0.91824,1.58,1.71
2013.02.18 08:07:08.548,0.91784,0.91824,1.52,1.35
2013.02.18 08:07:08.924,0.91782,0.91824,1.59,1.35
2013.02.18 08:07:09.100,0.9178,0.91824,1.94,1.35
2013.02.18 08:07:09.684,0.9178,0.91827,3.44,1.35
2013.02.18 08:07:09.904,0.9178,0.91824,3.44,1.35
2013.02.18 08:07:10.224,0.91782,0.91824,1.54,1.35
2013.02.18 08:07:11.483,0.91782,0.91827,1.54,1.36
2013.02.18 08:07:11.684,0.91787,0.91831,1.58,1.29
2013.02.18 08:07:11.804,0.91795,0.91834,1.35,1.58
2013.02.18 08:07:11.984,0.91799,0.91839,1.35,1.35
2013.02.18 08:07:12.104,0.91797,0.91841,1.73,1.20
2013.02.18 08:07:12.223,0.91797,0.91843,1.73,1.35
2013.02.18 08:07:12.783,0.91799,0.91847,1.35,1.58
2013.02.18 08:07:13.385,0.91802,0.91848,1.58,1.73
2013.02.18 08:07:15.406,0.91802,0.91843,1.58,1.35
2013.02.18 08:07:15.721,0.91802,0.91845,1.35,1.98
2013.02.18 08:07:16.894,0.91802,0.91845,1.35,1.58
2013.02.18 08:07:16.954,0.91802,0.91845,1.35,1.58
2013.02.18 08:07:17.535,0.91801,0.91841,1.95,1.45
2013.02.18 08:07:18.444,0.91802,0.9184,1.35,1.61
2013.02.18 08:07:19.316,0.91802,0.91842,1.13,1.78
2013.02.18 08:07:22.754,0.91802,0.91842,1.13,1.03
2013.02.18 08:07:24.093,0.91802,0.91843,1.35,1.69
2013.02.18 08:07:25.069,0.91802,0.9184,1.35,1.32
2013.02.18 08:07:27.094,0.91804,0.9184,1.35,1.59
2013.02.18 08:07:50.444,0.91801,0.91836,1.35,1.20
2013.02.18 08:07:53.085,0.91801,0.91836,1.35,1.95
2013.02.18 08:07:54.625,0.91801,0.91836,1.35,1.20
2013.02.18 08:07:54.745,0.91801,0.9184,1.58,1.35
2013.02.18 08:07:55.234,0.91808,0.91843,1.35,1.35
2013.02.18 08:07:57.658,0.91808,0.91846,1.35,1.35
2013.02.18 08:07:58.365,0.91808,0.91843,1.35,1.35
2013.02.18 08:07:58.545,0.91805,0.9184,1.35,1.35
2013.02.18 08:07:58.870,0.91805,0.9184,1.35,1.35
2013.02.18 08:07:59.304,0.91801,0.9184,1.58,1.74
2013.02.18 08:08:10.734,0.91807,0.91843,1.35,1.96
2013.02.18 08:08:10.854,0.91811,0.91847,1.13,1.21
2013.02.18 08:08:10.957,0.91811,0.91847,1.35,1.26
2013.02.18 08:08:11.084,0.91812,0.91849,1.35,1.50
2013.02.18 08:08:11.214,0.91812,0.91855,1.13,3.42
2013.02.18 08:08:11.444,0.91812,0.91849,1.35,1.61
2013.02.18 08:08:12.348,0.91812,0.9185,1.35,1.46
2013.02.18 08:08:12.473,0.91811,0.91849,1.35,1.61
2013.02.18 08:08:13.614,0.91811,0.9185,1.35,1.87
2013.02.18 08:08:22.974,0.91811,0.91849,1.35,1.54
2013.02.18 08:08:23.106,0.91811,0.91849,1.35,1.34
2013.02.18 08:08:24.644,0.91811,0.9185,1.35,1.58
2013.02.18 08:08:24.765,0.91812,0.91851,1.35,1.12
2013.02.18 08:08:24.976,0.91814,0.91854,1.35,1.10
2013.02.18 08:08:26.413,0.91816,0.91859,2.05,1.69
2013.02.18 08:08:27.857,0.91816,0.9186,2.05,1.32
2013.02.18 08:08:27.983,0.91816,0.91863,1.58,2.33
2013.02.18 08:08:28.108,0.91817,0.91863,1.23,2.58
2013.02.18 08:08:29.417,0.91816,0.91863,1.58,1.95
2013.02.18 08:08:30.391,0.91817,0.91863,1.41,2.56
2013.02.18 08:08:30.925,0.91816,0.91863,1.58,1.95
2013.02.18 08:08:31.744,0.91816,0.91863,1.58,1.95
2013.02.18 08:08:32.074,0.91826,0.91864,1.73,1.52
2013.02.18 08:08:32.245,0.91826,0.91865,1.95,1.73
2013.02.18 08:08:32.424,0.91827,0.91872,1.35,3.60
2013.02.18 08:08:32.725,0.91827,0.91869,1.35,1.45
2013.02.18 08:08:33.064,0.91826,0.91869,1.13,1.73
2013.02.18 08:08:33.571,0.91821,0.91863,1.73,2.48
2013.02.18 08:08:34.347,0.91821,0.91865,1.73,2.48
2013.02.18 08:08:34.869,0.91821,0.91866,1.50,3.23
2013.02.18 08:08:35.315,0.91827,0.91867,1.13,1.73
2013.02.18 08:08:37.857,0.91827,0.91867,1.13,1.73
2013.02.18 08:08:38.082,0.91827,0.91867,1.13,3.23
2013.02.18 08:08:38.614,0.91827,0.91863,1.13,1.73
2013.02.18 08:08:38.675,0.91827,0.91866,1.35,1.73
2013.02.18 08:08:39.179,0.91827,0.91866,1.13,1.73
2013.02.18 08:08:39.582,0.91822,0.91866,1.73,3.23
2013.02.18 08:08:39.695,0.91815,0.91859,3.33,1.35
2013.02.18 08:08:39.754,0.91817,0.91859,1.27,1.71
2013.02.18 08:08:40.346,0.91816,0.91859,1.50,1.94
2013.02.18 08:08:40.464,0.91815,0.91859,1.35,1.35
2013.02.18 08:08:40.524,0.91815,0.91859,1.35,1.35
2013.02.18 08:08:40.774,0.91815,0.91857,1.35,1.73
2013.02.18 08:08:45.417,0.91815,0.91857,1.35,1.73
2013.02.18 08:08:46.515,0.91815,0.91857,1.35,1.73
2013.02.18 08:08:47.055,0.91815,0.91854,1.35,1.73
2013.02.18 08:08:47.692,0.91815,0.91858,1.35,1.73
2013.02.18 08:08:52.715,0.91815,0.91852,1.35,1.73
2013.02.18 08:08:52.835,0.91815,0.91852,1.35,2.25
2013.02.18 08:08:53.374,0.91815,0.9185,1.35,1.56
2013.02.18 08:08:53.469,0.91815,0.91852,1.35,2.29
2013.02.18 08:08:58.238,0.91807,0.91852,1.95,2.10
2013.02.18 08:08:58.665,0.91807,0.91848,1.35,1.58
2013.02.18 08:08:58.725,0.91807,0.91848,1.35,1.58
2013.02.18 08:08:59.695,0.91806,0.91848,1.35,1.58
2013.02.18 08:09:00.432,0.91807,0.91848,1.35,1.58
2013.02.18 08:09:01.510,0.91807,0.91848,1.35,1.92
2013.02.18 08:09:01.837,0.91807,0.91844,1.35,1.54
2013.02.18 08:09:02.188,0.91807,0.91839,1.35,1.43
2013.02.18 08:09:02.374,0.91807,0.91838,1.35,1.43
2013.02.18 08:09:05.257,0.91798,0.91838,1.58,1.63
2013.02.18 08:09:05.491,0.91798,0.91835,1.58,1.47
2013.02.18 08:09:05.691,0.91798,0.91835,1.58,1.47
2013.02.18 08:09:08.095,0.91798,0.91831,1.58,1.59
2013.02.18 08:09:08.830,0.91794,0.91831,1.73,1.59
2013.02.18 08:09:09.166,0.91794,0.91831,1.35,1.59
2013.02.18 08:09:09.225,0.91794,0.91831,1.35,1.59
2013.02.18 08:09:09.284,0.91794,0.91832,1.35,1.58
2013.02.18 08:09:11.504,0.91794,0.91831,1.73,1.38
2013.02.18 08:09:12.071,0.91794,0.91832,1.73,1.23
2013.02.18 08:09:12.274,0.91799,0.91839,1.58,1.20
2013.02.18 08:09:13.014,0.91797,0.91838,1.58,1.20
2013.02.18 08:09:15.929,0.91799,0.91838,1.58,1.20
2013.02.18 08:09:18.137,0.91799,0.91841,1.58,1.35
2013.02.18 08:09:18.254,0.91803,0.91841,1.58,1.35
2013.02.18 08:09:18.314,0.91803,0.91841,1.58,1.35
2013.02.18 08:09:18.494,0.91803,0.91841,1.58,1.35
2013.02.18 08:09:19.424,0.91801,0.91839,1.35,1.73
2013.02.18 08:09:19.880,0.91801,0.91833,1.35,1.58
2013.02.18 08:09:20.263,0.91801,0.91833,1.13,1.58
2013.02.18 08:09:20.384,0.91797,0.91833,1.35,1.58
2013.02.18 08:09:20.504,0.91793,0.91833,1.35,1.58
2013.02.18 08:09:21.125,0.91792,0.9183,1.58,1.43
2013.02.18 08:09:21.646,0.91792,0.9183,1.58,1.43
2013.02.18 08:09:21.765,0.91789,0.91826,1.35,1.94
2013.02.18 08:09:22.610,0.91789,0.91828,1.35,1.58
2013.02.18 08:09:22.844,0.91787,0.91831,1.95,1.61
2013.02.18 08:09:23.274,0.91789,0.91831,1.13,1.61
2013.02.18 08:09:23.334,0.91786,0.91831,1.35,1.61
2013.02.18 08:09:26.351,0.91786,0.91832,1.35,2.12
2013.02.18 08:09:26.655,0.91789,0.91831,1.35,1.23
2013.02.18 08:09:28.069,0.91789,0.91831,1.35,1.23
2013.02.18 08:09:28.315,0.91789,0.91833,1.35,2.33
2013.02.18 08:09:28.478,0.91789,0.91832,1.35,1.32
2013.02.18 08:09:34.250,0.91791,0.91832,1.13,1.32
2013.02.18 08:09:43.581,0.91791,0.91832,1.13,1.32
2013.02.18 08:09:46.226,0.91791,0.91832,1.13,1.32
2013.02.18 08:09:46.285,0.91791,0.91832,1.13,1.32
2013.02.18 08:09:46.565,0.91791,0.91833,1.13,1.17
2013.02.18 08:09:46.995,0.91791,0.91833,1.35,1.58
2013.02.18 08:09:50.905,0.91791,0.91833,1.35,1.58
2013.02.18 08:09:51.564,0.91791,0.91833,1.35,1.58
2013.02.18 08:09:52.165,0.91791,0.91833,1.35,1.58
2013.02.18 08:09:53.109,0.91791,0.91833,1.35,1.58
2013.02.18 08:09:55.584,0.91791,0.91834,1.35,1.58
2013.02.18 08:09:56.398,0.91791,0.91833,1.35,1.58
2013.02.18 08:09:57.388,0.91791,0.91834,1.35,1.58
2013.02.18 08:09:58.685,0.91791,0.91833,1.35,1.58
2013.02.18 08:10:00.964,0.91791,0.91833,1.35,1.58
2013.02.18 08:10:01.103,0.91791,0.91833,1.35,2.16
2013.02.18 08:10:01.488,0.91792,0.91829,1.35,1.38
2013.02.18 08:10:03.805,0.91795,0.91833,1.35,1.83
2013.02.18 08:10:03.992,0.91795,0.91832,1.35,1.63
2013.02.18 08:10:08.829,0.91795,0.91831,1.13,1.32
2013.02.18 08:10:09.165,0.91795,0.91829,1.13,1.23
2013.02.18 08:10:09.224,0.91791,0.91829,1.35,1.23
2013.02.18 08:10:09.283,0.91791,0.91826,1.13,1.36
2013.02.18 08:10:09.855,0.91787,0.91825,1.73,1.63
2013.02.18 08:10:18.172,0.91787,0.91825,1.73,1.63
2013.02.18 08:10:20.582,0.91787,0.91825,1.35,1.63
2013.02.18 08:10:21.730,0.91788,0.91829,1.13,1.63
2013.02.18 08:10:22.280,0.91788,0.91825,1.13,1.63
2013.02.18 08:10:23.435,0.91786,0.91825,1.35,1.63
2013.02.18 08:10:28.330,0.91788,0.91825,1.13,1.63
2013.02.18 08:10:29.102,0.91786,0.91825,1.35,1.63
2013.02.18 08:10:30.860,0.91788,0.91825,1.13,1.63
2013.02.18 08:10:31.409,0.91786,0.91825,1.35,1.63
2013.02.18 08:10:33.684,0.91788,0.91825,1.13,1.63
2013.02.18 08:10:34.605,0.91788,0.91827,1.13,1.26
2013.02.18 08:10:36.566,0.91784,0.91827,1.35,1.10
2013.02.18 08:10:38.007,0.91784,0.91827,1.35,1.10
2013.02.18 08:10:38.425,0.91784,0.91828,1.35,1.73
2013.02.18 08:10:39.155,0.91784,0.91828,1.35,1.62
2013.02.18 08:10:39.216,0.91784,0.91828,1.35,1.35
2013.02.18 08:10:39.454,0.91784,0.91828,1.35,1.73
2013.02.18 08:10:39.675,0.91784,0.91828,1.35,1.35
2013.02.18 08:10:39.999,0.91784,0.91826,1.35,1.54
2013.02.18 08:10:41.218,0.91784,0.91826,1.35,1.50
2013.02.18 08:10:41.793,0.91784,0.91826,1.35,1.44
2013.02.18 08:10:41.854,0.91784,0.91828,1.35,1.95
2013.02.18 08:10:41.964,0.91784,0.91828,1.35,1.20
2013.02.18 08:10:42.597,0.91784,0.91828,2.78,1.35
2013.02.18 08:10:43.155,0.91785,0.91833,1.35,1.73
2013.02.18 08:10:43.479,0.91785,0.91833,1.67,1.98
2013.02.18 08:10:43.534,0.91785,0.91833,1.35,1.73
2013.02.18 08:10:43.952,0.91785,0.91833,1.32,1.54
2013.02.18 08:10:44.938,0.91784,0.91834,2.85,2.04
2013.02.18 08:10:45.464,0.91785,0.91833,1.29,1.43
2013.02.18 08:10:46.019,0.91787,0.91834,1.43,2.48
2013.02.18 08:10:47.625,0.91787,0.91833,1.43,1.73
2013.02.18 08:10:47.804,0.91795,0.91836,1.35,3.08
2013.02.18 08:10:47.864,0.91792,0.91836,2.16,3.08
2013.02.18 08:10:47.924,0.91793,0.91835,1.35,1.45
2013.02.18 08:10:48.264,0.91791,0.91827,1.73,1.58
2013.02.18 08:10:50.245,0.91792,0.91827,1.50,1.58
2013.02.18 08:10:50.552,0.91792,0.91826,1.50,1.50
2013.02.18 08:10:50.674,0.91792,0.91826,1.73,1.50
2013.02.18 08:10:50.814,0.91794,0.91831,1.20,1.41
2013.02.18 08:10:50.987,0.91794,0.91831,1.95,1.41
2013.02.18 08:10:51.365,0.91794,0.91831,1.95,1.41
2013.02.18 08:10:51.443,0.91794,0.91829,1.73,1.29
2013.02.18 08:10:52.965,0.91796,0.91829,1.13,1.34
2013.02.18 08:10:53.306,0.91796,0.91829,1.50,1.41
2013.02.18 08:10:53.751,0.91797,0.91833,1.13,3.66
2013.02.18 08:10:54.014,0.91797,0.91828,1.50,1.34
2013.02.18 08:10:54.385,0.91802,0.91833,1.13,2.33
2013.02.18 08:10:56.103,0.91797,0.91831,1.50,1.41
2013.02.18 08:10:57.537,0.91797,0.91828,1.50,1.20
2013.02.18 08:10:58.912,0.91797,0.91828,1.50,1.43
2013.02.18 08:10:59.096,0.91797,0.91831,1.50,1.38
2013.02.18 08:11:00.098,0.91797,0.91828,1.50,1.63
2013.02.18 08:11:00.872,0.91797,0.91832,1.50,1.61
2013.02.18 08:11:00.934,0.91798,0.91832,1.13,1.61
2013.02.18 08:11:02.324,0.91798,0.91828,1.13,1.12
2013.02.18 08:11:02.407,0.91798,0.91829,1.13,1.35
2013.02.18 08:11:02.925,0.91789,0.91829,1.73,1.35
2013.02.18 08:11:03.432,0.91789,0.91829,1.73,1.35
2013.02.18 08:11:03.701,0.91789,0.91826,1.73,1.20
2013.02.18 08:11:03.765,0.91795,0.91825,1.35,1.58
2013.02.18 08:11:04.011,0.91795,0.91827,1.35,1.20
2013.02.18 08:11:04.137,0.91795,0.91827,1.13,1.20
2013.02.18 08:11:04.659,0.91795,0.91826,1.13,1.20
2013.02.18 08:11:04.714,0.91795,0.91826,1.35,1.20
2013.02.18 08:11:04.834,0.91795,0.91826,1.13,1.20
2013.02.18 08:11:05.356,0.91795,0.91826,1.13,1.20
2013.02.18 08:11:07.877,0.91795,0.91826,1.13,1.20
2013.02.18 08:11:08.928,0.91795,0.91826,1.13,1.56
2013.02.18 08:11:10.905,0.91791,0.91825,1.13,1.58
2013.02.18 08:11:11.510,0.91791,0.9182,1.13,1.05
2013.02.18 08:11:11.644,0.91791,0.91821,1.13,2.70
2013.02.18 08:11:12.268,0.91791,0.91821,1.13,3.36
2013.02.18 08:11:12.386,0.91791,0.91819,1.13,1.58
2013.02.18 08:11:14.537,0.91795,0.91821,1.13,2.70
2013.02.18 08:11:14.855,0.91787,0.91821,1.73,2.80
2013.02.18 08:11:15.180,0.91786,0.91819,1.50,2.05
2013.02.18 08:11:17.847,0.91784,0.91819,1.35,2.16
2013.02.18 08:11:19.015,0.91784,0.91817,1.13,1.32
2013.02.18 08:11:19.484,0.91784,0.91819,1.35,1.87
2013.02.18 08:11:22.564,0.91782,0.91818,1.35,1.58
2013.02.18 08:11:24.095,0.91784,0.91819,1.35,1.87
2013.02.18 08:11:24.388,0.91781,0.91819,1.35,1.87
2013.02.18 08:11:25.766,0.91784,0.91818,1.35,1.58
2013.02.18 08:11:27.300,0.91784,0.91819,1.35,2.03
2013.02.18 08:11:27.438,0.91784,0.91819,1.35,1.58
2013.02.18 08:11:27.554,0.91784,0.91819,1.35,1.58
2013.02.18 08:11:27.670,0.91784,0.91819,1.35,1.58
2013.02.18 08:11:28.606,0.91784,0.91819,1.13,1.58
2013.02.18 08:11:29.284,0.91781,0.91819,1.35,1.58
2013.02.18 08:11:29.995,0.91784,0.91818,1.13,1.58
2013.02.18 08:11:30.448,0.91782,0.91817,1.35,1.58
2013.02.18 08:11:30.860,0.91782,0.91817,1.35,1.58
2013.02.18 08:11:32.158,0.91784,0.91818,1.13,1.58
2013.02.18 08:11:33.366,0.91782,0.91818,1.35,1.58
2013.02.18 08:11:33.485,0.91782,0.91816,1.35,1.50
2013.02.18 08:11:33.915,0.91779,0.91813,1.58,1.98
2013.02.18 08:11:34.239,0.91777,0.91811,1.50,1.12
2013.02.18 08:11:35.885,0.91776,0.91811,1.50,1.30
2013.02.18 08:11:36.614,0.91782,0.91808,1.13,1.89
2013.02.18 08:11:36.784,0.91782,0.91811,1.13,1.37
2013.02.18 08:11:36.996,0.91782,0.91812,1.13,1.20
2013.02.18 08:11:37.233,0.91782,0.91811,1.13,1.37
2013.02.18 08:11:38.247,0.91776,0.9181,1.50,1.23
2013.02.18 08:11:40.471,0.91776,0.9181,1.73,1.58
2013.02.18 08:11:41.033,0.91781,0.91812,1.13,1.20
2013.02.18 08:11:41.514,0.91785,0.91812,1.13,1.20
2013.02.18 08:11:41.575,0.91785,0.91813,1.13,1.58
2013.02.18 08:11:41.774,0.91782,0.91814,1.35,2.33
2013.02.18 08:11:41.834,0.91782,0.91816,1.35,1.20
2013.02.18 08:11:41.954,0.91782,0.91815,1.13,1.19
2013.02.18 08:11:42.894,0.91782,0.91816,1.35,1.20
2013.02.18 08:11:43.096,0.91782,0.91814,1.35,1.58
2013.02.18 08:11:43.275,0.91782,0.91814,1.35,1.58
2013.02.18 08:11:50.476,0.91782,0.91818,1.13,2.33
2013.02.18 08:11:50.536,0.91782,0.91818,1.35,2.33
2013.02.18 08:11:51.134,0.91786,0.91823,1.35,2.61
2013.02.18 08:11:51.394,0.91786,0.91823,1.35,2.61
2013.02.18 08:11:52.021,0.91786,0.91823,1.35,2.18
2013.02.18 08:11:52.389,0.91786,0.91823,1.35,2.34
2013.02.18 08:11:52.945,0.91786,0.91817,1.13,1.61
2013.02.18 08:11:54.547,0.91786,0.91817,1.13,1.61
2013.02.18 08:11:55.069,0.91786,0.91815,1.13,1.28
2013.02.18 08:11:55.964,0.91786,0.91814,1.13,1.61
2013.02.18 08:11:57.294,0.91776,0.91814,2.10,1.41
2013.02.18 08:11:58.572,0.91776,0.91815,2.10,2.03
2013.02.18 08:11:59.099,0.91776,0.91814,2.10,1.50
2013.02.18 08:12:00.197,0.91787,0.91815,1.13,2.23
2013.02.18 08:12:00.791,0.91787,0.91815,1.13,1.58
2013.02.18 08:12:01.785,0.91781,0.91814,1.50,1.43
2013.02.18 08:12:02.305,0.91777,0.91815,1.50,2.16
2013.02.18 08:12:02.835,0.91777,0.91814,1.50,1.56
2013.02.18 08:12:03.185,0.91777,0.91815,1.73,1.58
2013.02.18 08:12:03.248,0.91781,0.91819,1.73,3.53
2013.02.18 08:12:03.527,0.91782,0.91815,1.13,1.17
2013.02.18 08:12:05.105,0.91782,0.91815,1.13,1.58
2013.02.18 08:12:05.985,0.91782,0.91815,1.13,1.58
2013.02.18 08:12:07.915,0.91782,0.91819,1.13,3.08
2013.02.18 08:12:10.734,0.91781,0.91819,1.13,3.08
2013.02.18 08:12:14.857,0.91781,0.91819,1.95,1.32
2013.02.18 08:12:15.364,0.91782,0.91819,1.13,1.36
2013.02.18 08:12:15.424,0.91781,0.91819,1.95,1.36
2013.02.18 08:12:17.805,0.91782,0.91817,1.13,1.59
2013.02.18 08:12:18.148,0.91782,0.91814,1.13,1.46
2013.02.18 08:12:19.808,0.91782,0.91814,1.13,2.21
2013.02.18 08:12:19.934,0.91782,0.91814,1.13,1.58
2013.02.18 08:12:20.577,0.91781,0.91814,1.13,2.21
2013.02.18 08:12:20.695,0.91781,0.91814,1.13,1.95
2013.02.18 08:12:20.843,0.91781,0.91814,1.50,1.58
2013.02.18 08:12:22.362,0.91777,0.91814,1.50,1.58
2013.02.18 08:12:22.494,0.91777,0.91814,1.73,1.58
2013.02.18 08:12:22.614,0.91779,0.91814,1.35,1.58
2013.02.18 08:12:25.783,0.91785,0.91817,1.13,1.52
2013.02.18 08:12:26.445,0.91781,0.91817,1.35,1.52
2013.02.18 08:12:26.564,0.91781,0.91814,1.13,1.44
2013.02.18 08:12:31.006,0.91781,0.91819,1.73,1.58
2013.02.18 08:12:35.131,0.91785,0.91821,1.73,1.20
2013.02.18 08:12:36.926,0.91785,0.91819,1.73,1.58
2013.02.18 08:12:51.714,0.91786,0.91819,1.35,1.58
2013.02.18 08:12:53.806,0.91789,0.91821,1.13,1.20
2013.02.18 08:12:53.865,0.91786,0.91821,1.35,1.20
2013.02.18 08:12:53.947,0.91785,0.91821,1.35,1.20
2013.02.18 08:12:54.359,0.91781,0.91819,1.35,1.58
2013.02.18 08:12:54.579,0.91781,0.91823,1.35,1.58
2013.02.18 08:12:54.853,0.91783,0.91823,1.35,1.58
2013.02.18 08:12:55.015,0.91782,0.91823,1.35,1.58
2013.02.18 08:12:55.124,0.91782,0.91822,1.35,1.36
2013.02.18 08:12:55.186,0.91782,0.91823,1.35,1.58
2013.02.18 08:12:55.290,0.91782,0.9182,1.35,1.61
2013.02.18 08:12:55.904,0.91783,0.9182,1.35,1.61
2013.02.18 08:12:56.060,0.91783,0.91823,1.13,1.58
2013.02.18 08:12:57.216,0.91782,0.91823,2.10,1.58
2013.02.18 08:12:57.419,0.91783,0.91824,1.13,1.58
2013.02.18 08:12:58.315,0.91782,0.91823,1.35,1.58
2013.02.18 08:12:58.834,0.91783,0.91823,1.13,1.58
2013.02.18 08:12:59.508,0.91782,0.91823,2.10,1.58
2013.02.18 08:13:02.975,0.91783,0.91823,1.13,1.58
2013.02.18 08:13:05.206,0.91784,0.91824,1.35,1.58
2013.02.18 08:13:19.092,0.91786,0.91826,1.35,1.58
2013.02.18 08:13:19.255,0.91786,0.91826,1.35,1.58
2013.02.18 08:13:19.556,0.91786,0.91826,1.35,2.01
2013.02.18 08:13:19.895,0.91786,0.91823,1.35,1.25
2013.02.18 08:13:20.114,0.91786,0.91826,1.35,2.01
2013.02.18 08:13:20.255,0.91786,0.91826,1.35,2.01
2013.02.18 08:13:21.522,0.91786,0.91826,1.35,2.01
2013.02.18 08:13:21.840,0.91786,0.91826,1.35,1.58
2013.02.18 08:13:22.167,0.91786,0.91826,1.35,1.85
2013.02.18 08:13:22.939,0.91786,0.91823,1.35,1.25
2013.02.18 08:13:23.392,0.91786,0.91824,1.35,1.25
2013.02.18 08:13:23.555,0.91786,0.91826,1.35,1.87
2013.02.18 08:13:24.157,0.91786,0.91826,1.35,1.58
2013.02.18 08:13:27.758,0.91784,0.9182,1.73,1.58
2013.02.18 08:13:28.593,0.91784,0.91824,2.33,1.34
2013.02.18 08:13:30.004,0.91784,0.91824,2.33,1.34
2013.02.18 08:13:30.705,0.91789,0.91825,1.35,1.58
2013.02.18 08:13:30.825,0.91789,0.91828,1.35,1.50
2013.02.18 08:13:31.376,0.91789,0.91829,1.35,1.35
2013.02.18 08:13:31.438,0.91791,0.91832,1.73,1.56
2013.02.18 08:13:31.555,0.91791,0.91832,1.73,1.56
2013.02.18 08:13:31.946,0.91791,0.91832,1.73,1.20
2013.02.18 08:13:32.106,0.91791,0.91832,1.73,1.20
2013.02.18 08:13:32.666,0.9179,0.91832,1.35,1.20
2013.02.18 08:13:34.416,0.91795,0.91836,1.13,1.35
2013.02.18 08:13:34.848,0.91795,0.91838,1.35,2.33
2013.02.18 08:13:35.916,0.91795,0.91834,1.35,1.58
2013.02.18 08:13:36.036,0.91795,0.91833,1.35,1.28
2013.02.18 08:13:36.235,0.91795,0.91834,1.13,1.58
2013.02.18 08:13:37.465,0.91795,0.91833,1.13,1.58
2013.02.18 08:13:37.966,0.91797,0.91833,1.13,1.58
2013.02.18 08:13:50.130,0.91791,0.91833,1.35,1.58
2013.02.18 08:13:50.495,0.91791,0.91833,1.35,1.58
2013.02.18 08:13:50.847,0.91791,0.91832,1.35,1.56
2013.02.18 08:13:50.907,0.91791,0.91834,1.35,1.58
2013.02.18 08:13:59.127,0.91788,0.91833,1.35,1.58
2013.02.18 08:14:00.117,0.91788,0.91834,2.40,1.58
2013.02.18 08:14:03.414,0.91788,0.91834,3.15,1.58
2013.02.18 08:14:05.084,0.91788,0.91834,3.15,1.58
2013.02.18 08:14:08.196,0.91788,0.91834,1.35,1.58
2013.02.18 08:14:08.315,0.91788,0.91832,1.35,1.36
2013.02.18 08:14:08.984,0.91788,0.91832,1.35,1.36
2013.02.18 08:14:09.197,0.91788,0.91829,1.35,1.23
2013.02.18 08:14:10.517,0.91788,0.91832,1.35,1.52
2013.02.18 08:14:10.726,0.91788,0.91832,1.35,1.52
2013.02.18 08:14:11.374,0.91788,0.91832,1.35,1.52
2013.02.18 08:14:12.115,0.91788,0.91829,1.35,1.20
2013.02.18 08:14:13.484,0.91788,0.91833,1.35,1.80
2013.02.18 08:14:13.787,0.91788,0.91833,2.10,1.58
2013.02.18 08:14:14.518,0.91788,0.91833,1.35,2.10
2013.02.18 08:14:15.037,0.91788,0.91831,1.35,1.23
2013.02.18 08:14:16.517,0.91788,0.91832,1.35,1.47
2013.02.18 08:14:18.625,0.91788,0.9183,1.35,1.23
2013.02.18 08:14:18.759,0.91788,0.91833,1.35,2.14
2013.02.18 08:14:18.943,0.91788,0.9183,1.35,1.59
2013.02.18 08:14:19.328,0.91788,0.91832,1.35,1.32
2013.02.18 08:14:19.440,0.91788,0.9183,1.35,1.27
2013.02.18 08:14:19.665,0.91788,0.91833,1.35,2.21
2013.02.18 08:14:19.876,0.9179,0.91833,1.41,1.96
2013.02.18 08:14:19.995,0.91789,0.91833,1.25,1.58
2013.02.18 08:14:20.537,0.91789,0.91833,1.25,1.58
2013.02.18 08:14:20.640,0.91788,0.91833,1.35,1.58
2013.02.18 08:14:22.846,0.91789,0.91833,1.41,1.58
2013.02.18 08:14:23.166,0.91792,0.91833,1.58,1.58
2013.02.18 08:14:35.558,0.91793,0.91834,1.45,1.58
2013.02.18 08:14:35.905,0.91795,0.91836,1.50,1.35
2013.02.18 08:14:37.755,0.91795,0.91836,1.50,1.35
2013.02.18 08:14:38.685,0.91798,0.9184,1.20,1.29
2013.02.18 08:14:38.864,0.91797,0.91842,1.36,1.20
2013.02.18 08:14:38.985,0.91798,0.9184,1.20,1.32
2013.02.18 08:14:41.594,0.91799,0.91841,1.45,1.35
2013.02.18 08:14:42.634,0.918,0.91842,1.52,1.58
2013.02.18 08:14:42.755,0.918,0.91842,1.38,1.20
2013.02.18 08:14:42.874,0.91797,0.91842,1.52,1.20
2013.02.18 08:14:46.506,0.91796,0.91838,1.80,1.41
2013.02.18 08:14:48.416,0.91796,0.91837,1.74,1.21
2013.02.18 08:14:49.515,0.91796,0.91836,1.35,2.20
2013.02.18 08:14:49.574,0.91796,0.91835,1.35,1.58
2013.02.18 08:14:50.064,0.91796,0.91837,1.35,2.10
2013.02.18 08:14:50.125,0.91796,0.91837,1.35,1.35
2013.02.18 08:14:50.652,0.91796,0.91841,1.35,1.23
2013.02.18 08:14:51.634,0.91796,0.91836,1.35,1.44
2013.02.18 08:14:52.774,0.91796,0.91833,1.35,1.58
2013.02.18 08:14:53.278,0.91796,0.91833,1.13,1.58
2013.02.18 08:14:53.395,0.91796,0.91833,1.13,1.58
2013.02.18 08:14:54.272,0.91792,0.91833,1.54,1.58
2013.02.18 08:14:55.275,0.91789,0.91828,1.35,1.59
2013.02.18 08:14:55.416,0.91788,0.91825,1.35,1.21
2013.02.18 08:14:55.600,0.91788,0.91828,1.35,1.58
2013.02.18 08:14:55.725,0.91788,0.91833,1.35,2.48
2013.02.18 08:14:55.844,0.91788,0.91831,1.35,1.25
2013.02.18 08:14:56.164,0.91788,0.91834,1.35,3.23
2013.02.18 08:14:56.284,0.91788,0.9183,1.35,1.35
2013.02.18 08:14:56.345,0.91788,0.91828,1.35,1.58
2013.02.18 08:14:56.405,0.91788,0.91827,1.35,1.58
2013.02.18 08:14:56.525,0.91786,0.91825,1.35,1.54
2013.02.18 08:14:56.715,0.91786,0.91827,1.13,1.95
2013.02.18 08:14:57.045,0.91786,0.91824,1.35,1.20
2013.02.18 08:14:57.785,0.91786,0.91827,1.13,3.08
2013.02.18 08:14:57.954,0.91786,0.91825,1.35,1.36
2013.02.18 08:14:58.260,0.91786,0.91827,1.35,3.45
2013.02.18 08:14:58.315,0.91776,0.91819,1.29,1.73
2013.02.18 08:14:58.616,0.91778,0.91819,1.35,1.58
2013.02.18 08:14:58.955,0.9178,0.9182,1.85,1.35
2013.02.18 08:14:59.105,0.91781,0.91822,1.32,1.20
2013.02.18 08:14:59.165,0.9178,0.91822,1.35,1.58
2013.02.18 08:14:59.416,0.91781,0.91822,1.61,1.20
2013.02.18 08:15:02.507,0.91785,0.91826,1.73,1.76
2013.02.18 08:15:02.745,0.9179,0.91829,1.87,1.58
2013.02.18 08:15:02.945,0.91792,0.91831,1.38,1.20
2013.02.18 08:15:13.235,0.9179,0.91838,4.46,2.33
2013.02.18 08:15:16.466,0.91791,0.91838,1.73,1.58
2013.02.18 08:15:18.386,0.9179,0.91838,2.96,2.33
2013.02.18 08:15:18.960,0.91794,0.91838,1.41,2.33
2013.02.18 08:15:19.017,0.91791,0.91838,2.48,2.33
2013.02.18 08:15:20.548,0.91791,0.91837,2.10,1.35
2013.02.18 08:15:20.664,0.91791,0.91836,2.40,1.74
2013.02.18 08:15:28.955,0.91791,0.91833,1.65,1.73
2013.02.18 08:15:29.256,0.91791,0.91824,1.65,1.13
2013.02.18 08:15:29.529,0.91781,0.91824,1.58,2.07
2013.02.18 08:15:29.770,0.91781,0.91824,1.58,1.32
2013.02.18 08:15:29.993,0.91791,0.91826,1.20,2.33
2013.02.18 08:15:30.235,0.91784,0.91823,1.56,1.35
2013.02.18 08:15:30.964,0.91781,0.91823,2.07,1.35
2013.02.18 08:15:31.751,0.91781,0.91825,2.07,1.32
2013.02.18 08:15:31.985,0.91781,0.91824,1.58,1.35
2013.02.18 08:15:32.046,0.91781,0.91826,1.58,1.58
2013.02.18 08:15:32.196,0.91781,0.91824,1.58,1.73
2013.02.18 08:15:32.965,0.91781,0.91824,1.58,2.04
2013.02.18 08:15:33.853,0.91781,0.91822,1.58,1.35
2013.02.18 08:15:36.095,0.91783,0.91818,1.35,1.38
2013.02.18 08:15:36.665,0.91783,0.91817,1.35,1.38
2013.02.18 08:15:38.649,0.91776,0.91812,1.73,1.73
2013.02.18 08:15:41.597,0.91763,0.91803,1.35,1.35
2013.02.18 08:15:42.155,0.91763,0.91801,1.35,1.35
2013.02.18 08:15:42.684,0.91763,0.91803,1.35,1.21
2013.02.18 08:15:42.985,0.91764,0.91804,1.63,1.58
2013.02.18 08:15:43.515,0.9177,0.91804,1.35,1.58
2013.02.18 08:15:43.634,0.91764,0.91804,1.63,1.58
2013.02.18 08:15:44.255,0.91763,0.91807,1.98,1.20
2013.02.18 08:15:44.807,0.91763,0.91804,1.78,1.58
2013.02.18 08:15:45.064,0.9177,0.91809,1.34,1.73
2013.02.18 08:15:46.485,0.91776,0.91813,1.35,1.58
2013.02.18 08:15:50.244,0.91776,0.91815,1.35,1.63
2013.02.18 08:15:50.309,0.91776,0.91813,1.35,1.45
2013.02.18 08:15:59.315,0.91771,0.91809,1.35,1.58
2013.02.18 08:15:59.645,0.91771,0.91806,1.35,1.65
2013.02.18 08:16:00.305,0.91755,0.91799,3.23,1.35
2013.02.18 08:16:00.393,0.91758,0.91799,1.34,1.35
2013.02.18 08:16:00.636,0.91754,0.91799,1.35,1.35
2013.02.18 08:16:13.959,0.91752,0.91799,2.38,1.35
2013.02.18 08:16:19.895,0.91752,0.91788,1.17,1.13
2013.02.18 08:16:19.955,0.91748,0.91784,2.10,1.35
2013.02.18 08:16:20.135,0.91746,0.91784,1.35,1.58
2013.02.18 08:16:25.854,0.91746,0.91784,1.35,1.58
2013.02.18 08:16:27.097,0.91746,0.91784,1.35,1.58
2013.02.18 08:16:30.132,0.91747,0.91786,1.35,1.39
2013.02.18 08:16:30.636,0.91747,0.91784,1.35,1.58
2013.02.18 08:16:34.085,0.91742,0.91782,2.48,1.58
2013.02.18 08:16:34.145,0.91742,0.91778,2.48,3.08
2013.02.18 08:16:34.513,0.91734,0.91774,1.95,1.58
2013.02.18 08:16:34.658,0.91734,0.91774,1.95,1.58
2013.02.18 08:16:34.775,0.91734,0.91774,1.95,1.58
2013.02.18 08:16:35.244,0.91734,0.91774,1.95,1.58
2013.02.18 08:16:35.576,0.91734,0.91774,1.95,1.58
2013.02.18 08:16:35.961,0.91734,0.91774,1.95,1.58
2013.02.18 08:16:36.015,0.91734,0.91774,1.95,1.58
2013.02.18 08:16:36.302,0.91734,0.91774,1.95,1.58
2013.02.18 08:16:36.740,0.91734,0.91774,1.95,1.35
2013.02.18 08:16:36.796,0.91739,0.9178,1.58,1.35
2013.02.18 08:16:36.855,0.9174,0.9178,1.58,1.35
2013.02.18 08:16:37.294,0.9174,0.9178,1.58,1.35
2013.02.18 08:16:37.385,0.9174,0.9178,1.58,1.35
2013.02.18 08:16:38.446,0.91734,0.91773,1.35,1.58
2013.02.18 08:16:38.824,0.91734,0.91774,1.35,1.58
2013.02.18 08:16:39.181,0.91734,0.91774,1.35,1.58
2013.02.18 08:16:39.245,0.91734,0.91774,1.35,1.58
2013.02.18 08:16:41.625,0.91729,0.91764,1.41,2.48
2013.02.18 08:16:41.702,0.91727,0.91763,1.73,1.20
2013.02.18 08:16:41.766,0.91727,0.91763,2.33,1.35
2013.02.18 08:16:41.885,0.91727,0.91763,2.33,1.76
2013.02.18 08:16:41.945,0.91727,0.91763,2.33,1.35
2013.02.18 08:16:42.065,0.91727,0.91763,1.58,1.35
2013.02.18 08:16:42.185,0.91723,0.91763,1.27,1.95
2013.02.18 08:16:42.602,0.9172,0.91758,1.35,3.08
2013.02.18 08:16:42.725,0.91722,0.91762,1.58,1.58
2013.02.18 08:16:43.555,0.91721,0.91762,1.95,1.92
2013.02.18 08:16:44.054,0.91721,0.91759,1.58,1.34
2013.02.18 08:16:44.435,0.91722,0.91763,1.58,1.20
2013.02.18 08:16:44.854,0.91722,0.91763,1.58,1.20
2013.02.18 08:16:44.975,0.91723,0.91769,2.23,2.33
2013.02.18 08:16:46.476,0.91723,0.91764,1.96,1.35
2013.02.18 08:16:47.144,0.91723,0.91768,2.07,2.48
2013.02.18 08:16:47.745,0.9173,0.91769,1.58,2.48
2013.02.18 08:16:48.005,0.91726,0.91766,1.35,1.58
2013.02.18 08:16:50.048,0.91726,0.91764,1.35,1.50
2013.02.18 08:16:50.165,0.91726,0.91766,1.35,1.58
2013.02.18 08:16:50.286,0.91726,0.91766,1.73,1.58
2013.02.18 08:16:51.065,0.91726,0.91766,1.73,2.01
2013.02.18 08:16:54.935,0.91729,0.91766,1.35,1.14
2013.02.18 08:16:55.136,0.91729,0.91766,1.35,1.17
2013.02.18 08:16:55.257,0.91729,0.91768,1.35,1.58
2013.02.18 08:16:55.709,0.91727,0.91766,1.35,1.58
2013.02.18 08:17:03.815,0.91722,0.91763,1.35,1.35
2013.02.18 08:17:04.055,0.91722,0.91763,1.71,1.35
2013.02.18 08:17:20.476,0.91727,0.91763,1.35,1.41
2013.02.18 08:17:26.584,0.91729,0.91763,1.35,1.78
2013.02.18 08:17:27.135,0.91727,0.91763,1.35,1.78
2013.02.18 08:17:29.686,0.91726,0.91766,1.35,2.19
2013.02.18 08:17:29.805,0.91726,0.91766,1.35,1.58
2013.02.18 08:17:30.915,0.91726,0.91766,1.35,1.58
2013.02.18 08:17:31.375,0.91726,0.91764,1.35,1.20
2013.02.18 08:17:33.190,0.91726,0.91764,1.35,1.58
2013.02.18 08:17:33.706,0.91726,0.91764,1.35,1.58
2013.02.18 08:17:34.256,0.91726,0.91764,1.35,1.20
2013.02.18 08:17:34.883,0.91726,0.91764,1.35,1.20
2013.02.18 08:17:34.945,0.91726,0.91764,1.35,1.20
2013.02.18 08:17:37.521,0.91721,0.91763,1.35,1.63
2013.02.18 08:17:37.785,0.91721,0.91757,1.35,1.37
2013.02.18 08:17:38.198,0.91721,0.91758,1.35,1.20
2013.02.18 08:17:38.315,0.91721,0.91759,1.73,1.58
2013.02.18 08:17:38.565,0.91721,0.91759,1.35,1.58
2013.02.18 08:17:39.093,0.91721,0.91759,1.73,1.58
2013.02.18 08:17:39.325,0.91721,0.91763,2.33,1.58
2013.02.18 08:17:39.445,0.91721,0.91762,2.33,1.35
2013.02.18 08:17:39.796,0.91721,0.91761,2.33,1.20
2013.02.18 08:17:42.789,0.91721,0.91763,2.33,2.18
2013.02.18 08:17:42.942,0.91721,0.91763,2.33,1.95
2013.02.18 08:17:43.247,0.91727,0.91768,1.35,1.85
2013.02.18 08:17:43.307,0.91727,0.91768,1.58,1.20
2013.02.18 08:17:43.685,0.91727,0.91768,1.58,1.20
2013.02.18 08:17:43.892,0.91727,0.91768,1.58,1.20
2013.02.18 08:17:44.505,0.91727,0.91767,1.58,1.35
2013.02.18 08:17:45.706,0.91727,0.91768,1.58,1.20
2013.02.18 08:17:48.205,0.91726,0.91764,1.35,1.58
2013.02.18 08:17:55.418,0.91725,0.91764,1.35,1.58
2013.02.18 08:17:55.545,0.91726,0.91769,1.35,2.47
2013.02.18 08:17:55.665,0.91726,0.91766,1.35,1.63
2013.02.18 08:17:56.564,0.91725,0.91764,1.13,2.19
2013.02.18 08:17:56.905,0.91725,0.91764,1.13,1.58
2013.02.18 08:18:00.916,0.91725,0.91764,1.13,1.58
2013.02.18 08:18:08.955,0.91722,0.91764,1.73,1.58
2013.02.18 08:18:09.015,0.91722,0.91763,1.73,1.54
2013.02.18 08:18:09.216,0.91721,0.91764,1.13,1.58
2013.02.18 08:18:09.345,0.91721,0.91764,1.13,2.10
2013.02.18 08:18:19.015,0.91721,0.91763,1.35,1.10
2013.02.18 08:18:23.635,0.91721,0.9176,1.35,1.58
2013.02.18 08:18:24.687,0.91721,0.9176,1.13,1.58
2013.02.18 08:18:26.695,0.91719,0.91763,1.13,1.58
2013.02.18 08:18:26.755,0.91719,0.91763,1.35,1.58
2013.02.18 08:18:27.846,0.91719,0.91765,3.60,1.20
2013.02.18 08:18:28.056,0.91724,0.91765,1.73,1.20
2013.02.18 08:18:28.176,0.91724,0.91765,1.73,1.20
2013.02.18 08:18:28.479,0.91722,0.91765,2.48,1.20
2013.02.18 08:18:28.536,0.91722,0.91765,2.48,1.20
2013.02.18 08:18:28.596,0.91722,0.91765,2.48,1.20
2013.02.18 08:18:30.766,0.91721,0.91764,2.48,1.58
2013.02.18 08:18:30.826,0.91723,0.91764,1.63,1.58
2013.02.18 08:18:31.053,0.91721,0.91764,2.48,1.58
2013.02.18 08:18:31.756,0.91721,0.91765,2.48,1.20
2013.02.18 08:18:31.979,0.91724,0.91764,1.27,1.58
2013.02.18 08:18:32.259,0.91723,0.91764,1.61,1.58
2013.02.18 08:18:32.947,0.91723,0.91765,1.29,1.20
2013.02.18 08:18:37.196,0.91723,0.91768,2.48,2.70
2013.02.18 08:18:37.255,0.91723,0.91768,2.48,3.45
2013.02.18 08:18:37.375,0.91723,0.91768,2.48,1.35
2013.02.18 08:18:38.546,0.91724,0.91769,2.48,1.35
2013.02.18 08:18:40.166,0.91723,0.91768,2.48,1.35
2013.02.18 08:18:40.646,0.91723,0.91765,2.48,1.35
2013.02.18 08:18:40.946,0.91719,0.91763,1.35,1.58
2013.02.18 08:18:41.301,0.91722,0.91769,1.73,1.35
2013.02.18 08:18:41.377,0.91722,0.91768,1.73,1.35
2013.02.18 08:18:41.656,0.91724,0.91771,2.48,1.58
2013.02.18 08:18:42.207,0.91724,0.91771,2.48,1.58
2013.02.18 08:18:52.541,0.91726,0.91771,1.73,1.20
2013.02.18 08:18:53.256,0.91727,0.91773,2.48,1.35
2013.02.18 08:18:53.905,0.91735,0.91775,1.35,1.58
2013.02.18 08:18:54.081,0.91736,0.91779,1.35,1.58
2013.02.18 08:18:54.976,0.91735,0.91779,1.35,1.58
2013.02.18 08:18:55.335,0.91735,0.91777,1.35,1.10
2013.02.18 08:18:55.726,0.91735,0.91777,1.35,1.85
2013.02.18 08:18:56.278,0.91735,0.91776,1.35,1.73
2013.02.18 08:18:56.443,0.91735,0.91776,1.35,1.73
2013.02.18 08:18:56.994,0.91735,0.91776,1.13,1.73
2013.02.18 08:18:57.757,0.91735,0.91773,1.13,1.46
2013.02.18 08:18:59.476,0.9173,0.91771,1.73,1.20
2013.02.18 08:18:59.605,0.91736,0.91776,1.13,1.73
2013.02.18 08:18:59.665,0.91736,0.91776,1.13,1.73
2013.02.18 08:18:59.746,0.91736,0.91776,1.35,1.73
2013.02.18 08:18:59.867,0.91736,0.9178,1.35,1.35
2013.02.18 08:18:59.927,0.91736,0.91781,1.35,1.20
2013.02.18 08:19:00.538,0.91736,0.91781,1.35,1.20
2013.02.18 08:19:00.692,0.91736,0.91781,1.35,1.20
2013.02.18 08:19:07.846,0.91736,0.91781,2.85,1.58
2013.02.18 08:19:07.907,0.91736,0.91779,2.85,1.35
2013.02.18 08:19:08.115,0.91736,0.91779,1.35,1.58
2013.02.18 08:19:08.295,0.91736,0.91779,1.35,1.58
2013.02.18 08:19:08.418,0.91736,0.91779,1.35,2.23
2013.02.18 08:19:08.537,0.91736,0.91778,1.35,1.58
2013.02.18 08:19:09.235,0.91736,0.91778,1.35,1.58
2013.02.18 08:19:10.315,0.91736,0.91778,1.35,1.58
2013.02.18 08:19:10.665,0.91736,0.91779,1.13,1.58
2013.02.18 08:19:11.400,0.91736,0.91778,1.13,1.58
2013.02.18 08:19:11.987,0.91736,0.91778,1.13,1.58
2013.02.18 08:19:20.175,0.91731,0.91778,1.35,3.45
2013.02.18 08:19:21.017,0.91731,0.91779,1.35,1.35
2013.02.18 08:19:21.426,0.91736,0.91779,1.34,1.35
2013.02.18 08:19:22.409,0.91731,0.91777,1.35,1.10
2013.02.18 08:19:26.052,0.91731,0.91776,1.35,1.62
2013.02.18 08:19:26.249,0.91731,0.91776,1.35,1.62
2013.02.18 08:19:28.666,0.91731,0.91777,1.35,1.25
2013.02.18 08:19:28.785,0.91733,0.91779,1.59,1.35
2013.02.18 08:19:31.418,0.91731,0.91776,1.35,1.78
2013.02.18 08:19:33.396,0.91731,0.91776,1.73,2.16
2013.02.18 08:19:34.236,0.91731,0.91776,1.73,1.41
2013.02.18 08:19:34.566,0.91741,0.91783,1.95,2.64
2013.02.18 08:19:34.770,0.91741,0.91783,1.95,1.58
2013.02.18 08:19:36.697,0.91741,0.91784,1.95,1.58
2013.02.18 08:19:37.675,0.91741,0.91784,1.95,1.58
2013.02.18 08:19:39.795,0.91741,0.91783,1.95,1.58
2013.02.18 08:19:42.399,0.91741,0.91783,1.95,1.58
2013.02.18 08:19:51.866,0.91741,0.91784,1.58,1.58
2013.02.18 08:19:52.276,0.91741,0.91784,1.94,1.58
2013.02.18 08:19:53.737,0.91741,0.91786,1.94,2.70
2013.02.18 08:19:53.859,0.91741,0.91786,1.94,2.70
2013.02.18 08:19:54.186,0.91747,0.9179,1.58,1.23
2013.02.18 08:19:54.306,0.9175,0.91794,1.95,3.84
2013.02.18 08:19:54.386,0.9175,0.91794,1.95,3.45
2013.02.18 08:19:54.506,0.9175,0.91794,1.95,1.95
2013.02.18 08:19:54.567,0.9175,0.91794,1.95,1.95
2013.02.18 08:19:55.636,0.9175,0.91793,1.95,1.35
2013.02.18 08:19:57.795,0.91752,0.91793,1.59,1.35
2013.02.18 08:19:58.595,0.91749,0.91788,1.35,1.20
2013.02.18 08:20:00.898,0.9175,0.91783,1.35,2.33
2013.02.18 08:20:01.655,0.91748,0.91789,1.38,1.58
2013.02.18 08:20:01.775,0.91749,0.91789,1.38,1.58
2013.02.18 08:20:01.896,0.91749,0.91789,1.38,1.58
2013.02.18 08:20:04.535,0.91746,0.91785,1.36,1.58
2013.02.18 08:20:04.656,0.91745,0.91785,1.35,1.58
2013.02.18 08:20:10.986,0.91746,0.91786,1.35,1.20
2013.02.18 08:20:11.521,0.91747,0.91786,1.27,1.58
2013.02.18 08:20:12.259,0.91747,0.91786,1.27,1.20
2013.02.18 08:20:12.542,0.91748,0.91786,1.36,1.20
2013.02.18 08:20:13.067,0.91754,0.91787,1.56,1.20
2013.02.18 08:20:13.129,0.91751,0.91787,1.29,1.20
2013.02.18 08:20:13.187,0.91751,0.91787,1.29,1.20
2013.02.18 08:20:13.575,0.91758,0.91796,1.58,1.35
2013.02.18 08:20:13.826,0.91759,0.91798,1.23,2.85
2013.02.18 08:20:14.236,0.91761,0.91795,1.25,1.58
2013.02.18 08:20:14.319,0.91756,0.91795,1.23,1.58
2013.02.18 08:20:14.587,0.91757,0.91798,1.43,2.33
2013.02.18 08:20:14.646,0.91757,0.91798,1.32,1.20
2013.02.18 08:20:15.543,0.91761,0.91803,1.52,2.48
2013.02.18 08:20:16.496,0.91759,0.91802,1.58,1.03
2013.02.18 08:20:17.395,0.91759,0.91798,1.58,1.35
2013.02.18 08:20:17.657,0.91759,0.91798,1.58,1.35
2013.02.18 08:20:18.153,0.91754,0.91796,1.35,1.28
2013.02.18 08:20:18.216,0.91754,0.91794,1.35,1.05
2013.02.18 08:20:21.135,0.91754,0.91796,1.35,1.96
2013.02.18 08:20:22.872,0.91754,0.91794,1.35,1.69
2013.02.18 08:20:24.052,0.91754,0.91792,1.35,1.35
2013.02.18 08:20:24.269,0.91754,0.91794,1.35,1.35
2013.02.18 08:20:27.210,0.91754,0.91793,1.35,1.32
2013.02.18 08:20:27.385,0.91745,0.91785,2.48,1.35
2013.02.18 08:20:27.566,0.91745,0.91782,2.48,1.14
2013.02.18 08:20:27.625,0.91738,0.91782,1.62,1.14
2013.02.18 08:20:28.617,0.91733,0.91773,1.59,1.73
2013.02.18 08:20:28.765,0.91731,0.91773,1.35,1.35
2013.02.18 08:20:33.387,0.9173,0.91774,1.98,2.34
2013.02.18 08:20:33.553,0.91733,0.91774,1.63,1.73
2013.02.18 08:20:37.306,0.91733,0.91775,1.63,1.20
2013.02.18 08:20:37.536,0.91738,0.91777,1.20,1.35
2013.02.18 08:20:37.665,0.9174,0.91781,1.52,1.58
2013.02.18 08:20:38.296,0.91743,0.91781,1.47,1.58
2013.02.18 08:20:38.595,0.91745,0.91783,1.41,1.20
2013.02.18 08:20:38.775,0.91751,0.91787,1.63,2.48
2013.02.18 08:20:41.996,0.91749,0.91786,1.32,1.20
2013.02.18 08:20:42.115,0.91744,0.91786,1.27,1.20
2013.02.18 08:20:44.051,0.91746,0.91786,1.52,1.20
2013.02.18 08:20:44.375,0.91749,0.91786,1.36,1.20
2013.02.18 08:20:45.476,0.91749,0.91786,1.36,1.20
2013.02.18 08:20:46.061,0.91748,0.91786,1.27,1.20
2013.02.18 08:20:46.504,0.91754,0.91793,1.50,1.73
2013.02.18 08:20:46.718,0.91754,0.91794,1.50,2.33
2013.02.18 08:20:46.896,0.91748,0.91794,1.52,2.33
2013.02.18 08:20:47.235,0.91748,0.91791,1.25,1.73
2013.02.18 08:20:47.355,0.91752,0.91791,1.54,1.73
2013.02.18 08:20:47.560,0.9175,0.91789,1.56,1.73
2013.02.18 08:20:47.805,0.91749,0.91789,1.32,1.73
2013.02.18 08:20:48.354,0.91744,0.91789,1.94,1.73
2013.02.18 08:20:48.475,0.91749,0.91789,1.32,2.48
2013.02.18 08:20:49.148,0.9175,0.9179,1.20,1.73
2013.02.18 08:20:50.140,0.91749,0.91791,1.56,1.52
2013.02.18 08:20:50.451,0.91749,0.91791,1.56,2.27
2013.02.18 08:20:50.566,0.91749,0.91791,1.56,2.27
2013.02.18 08:20:50.686,0.9175,0.91792,1.43,1.73
2013.02.18 08:20:50.957,0.91748,0.91788,1.45,1.35
2013.02.18 08:20:51.076,0.91745,0.91788,1.23,1.35
2013.02.18 08:20:51.315,0.91748,0.91791,1.56,2.48
2013.02.18 08:20:51.615,0.91744,0.91791,2.10,2.48
2013.02.18 08:20:51.735,0.91748,0.91789,1.45,1.73
2013.02.18 08:20:52.090,0.91748,0.9179,1.45,1.73
2013.02.18 08:20:53.832,0.9175,0.91792,1.61,1.35
2013.02.18 08:20:54.301,0.9175,0.91792,1.61,1.35
2013.02.18 08:20:54.906,0.9175,0.91791,1.61,1.73
2013.02.18 08:20:55.420,0.9175,0.91791,1.61,1.73
2013.02.18 08:20:55.766,0.91749,0.91787,1.36,1.35
2013.02.18 08:20:56.006,0.91744,0.91788,1.58,1.35
2013.02.18 08:20:56.417,0.91745,0.91783,1.35,1.58
2013.02.18 08:20:56.755,0.91742,0.91782,1.35,1.10
2013.02.18 08:20:58.231,0.91742,0.91782,1.35,1.10
2013.02.18 08:20:58.596,0.91742,0.91787,2.60,1.54
2013.02.18 08:21:00.205,0.91744,0.91788,1.45,1.45
2013.02.18 08:21:00.412,0.91742,0.91787,2.10,1.17
2013.02.18 08:21:02.006,0.91742,0.91786,1.35,1.20
2013.02.18 08:21:02.065,0.91742,0.91786,1.35,1.20
2013.02.18 08:21:02.837,0.91742,0.91786,1.96,1.23
2013.02.18 08:21:04.499,0.91742,0.91786,1.35,1.20
2013.02.18 08:21:09.558,0.91742,0.91786,1.35,1.20
2013.02.18 08:21:09.867,0.91744,0.91787,1.20,1.98
2013.02.18 08:21:10.155,0.91743,0.91786,1.73,1.29
2013.02.18 08:21:12.127,0.91744,0.91788,1.50,1.63
2013.02.18 08:21:12.905,0.91743,0.91788,1.73,1.52
2013.02.18 08:21:13.028,0.91745,0.91788,1.56,1.77
2013.02.18 08:21:17.128,0.91745,0.91788,1.56,1.77
2013.02.18 08:21:17.317,0.91748,0.91789,1.32,1.35
2013.02.18 08:21:21.105,0.91744,0.91788,1.38,1.47
2013.02.18 08:21:25.547,0.91744,0.91788,1.38,2.22
2013.02.18 08:21:25.846,0.91752,0.91793,1.36,1.73
2013.02.18 08:21:27.931,0.91754,0.91794,1.27,1.73
2013.02.18 08:21:31.779,0.91751,0.91794,2.09,1.73
2013.02.18 08:21:33.968,0.91751,0.91795,1.34,1.59
2013.02.18 08:21:34.087,0.9175,0.91789,1.73,1.74
2013.02.18 08:21:34.637,0.9175,0.91789,1.35,1.52
2013.02.18 08:21:36.800,0.9175,0.91789,1.35,1.61
2013.02.18 08:21:37.026,0.9175,0.91789,1.35,1.29
2013.02.18 08:21:38.373,0.9175,0.91787,1.35,1.46
2013.02.18 08:21:38.910,0.9175,0.91787,1.35,1.46
2013.02.18 08:21:43.298,0.9175,0.91788,1.35,1.41
2013.02.18 08:21:45.128,0.9175,0.91787,1.35,1.10
2013.02.18 08:21:45.916,0.91746,0.91786,1.35,1.36
2013.02.18 08:21:46.170,0.91747,0.91786,1.35,1.29
2013.02.18 08:21:48.652,0.91747,0.91786,1.35,1.25
2013.02.18 08:21:50.476,0.91747,0.91787,1.56,1.58
2013.02.18 08:21:50.897,0.91745,0.91786,1.54,1.25
2013.02.18 08:21:51.067,0.91744,0.91787,1.35,2.14
2013.02.18 08:21:51.552,0.91744,0.91787,1.83,2.21
2013.02.18 08:21:52.207,0.91744,0.91787,1.35,1.12
2013.02.18 08:21:53.546,0.91744,0.91784,1.35,1.27
2013.02.18 08:21:53.665,0.91744,0.91786,1.35,1.35
2013.02.18 08:21:54.750,0.91745,0.91787,1.35,2.40
2013.02.18 08:21:57.059,0.91745,0.91787,1.35,2.40
2013.02.18 08:21:59.075,0.91746,0.91787,1.61,1.58
2013.02.18 08:21:59.285,0.91745,0.91787,2.10,2.43
2013.02.18 08:21:59.828,0.91746,0.91787,1.25,1.58
2013.02.18 08:22:02.765,0.91746,0.91788,1.25,1.20
2013.02.18 08:22:02.946,0.91749,0.91788,2.38,1.20
2013.02.18 08:22:03.247,0.9175,0.91788,1.35,1.20
2013.02.18 08:22:03.990,0.91751,0.91788,1.36,1.20
2013.02.18 08:22:05.886,0.91751,0.91786,1.35,1.05
2013.02.18 08:22:06.226,0.91746,0.9178,1.35,1.58
2013.02.18 08:22:06.407,0.9174,0.9178,1.73,1.58
2013.02.18 08:22:07.209,0.91741,0.9178,1.35,1.58
2013.02.18 08:22:07.431,0.91741,0.9178,1.60,1.58
2013.02.18 08:22:08.873,0.91741,0.9178,1.32,1.58
2013.02.18 08:22:09.055,0.9174,0.91784,1.35,3.08
2013.02.18 08:22:10.377,0.91741,0.9178,1.25,1.58
2013.02.18 08:22:11.302,0.91741,0.9178,1.27,1.58
2013.02.18 08:22:21.531,0.91743,0.9178,1.52,1.58
2013.02.18 08:22:44.243,0.91742,0.9178,1.43,1.58
2013.02.18 08:22:44.516,0.91738,0.9178,1.35,1.58
2013.02.18 08:22:50.897,0.91746,0.91784,2.33,1.71
2013.02.18 08:22:51.016,0.91751,0.91786,1.58,1.35
2013.02.18 08:22:51.415,0.91749,0.91788,1.35,1.35
2013.02.18 08:22:51.885,0.91749,0.91789,1.35,2.33
2013.02.18 08:22:52.070,0.91747,0.91787,1.35,1.58
2013.02.18 08:22:58.703,0.91746,0.91787,1.35,3.08
2013.02.18 08:23:00.018,0.91746,0.91786,1.35,2.48
2013.02.18 08:23:01.570,0.91746,0.91786,1.35,2.48
2013.02.18 08:23:01.703,0.91746,0.91786,1.35,2.48
2013.02.18 08:23:07.333,0.91741,0.91786,1.35,2.85
2013.02.18 08:23:10.546,0.91741,0.91786,1.35,1.35
2013.02.18 08:23:11.258,0.91741,0.91786,1.35,1.35
2013.02.18 08:23:15.422,0.91741,0.91776,1.35,1.13
2013.02.18 08:23:15.725,0.91736,0.91773,1.35,1.35
2013.02.18 08:23:15.908,0.9173,0.91772,1.35,1.13
2013.02.18 08:23:16.405,0.91729,0.91768,1.35,1.58
2013.02.18 08:23:17.537,0.91729,0.91772,1.35,2.70
2013.02.18 08:23:17.966,0.91729,0.91769,1.35,1.35
2013.02.18 08:23:19.675,0.91729,0.91768,1.35,1.95
2013.02.18 08:23:20.006,0.91721,0.91763,1.35,1.35
2013.02.18 08:23:20.065,0.91717,0.91761,1.43,1.20
2013.02.18 08:23:20.186,0.91716,0.91758,2.85,1.58
2013.02.18 08:23:20.636,0.91716,0.91758,1.35,1.58
2013.02.18 08:23:21.046,0.91716,0.91761,1.35,1.20
2013.02.18 08:23:22.276,0.91716,0.91759,1.35,1.58
2013.02.18 08:23:22.721,0.91716,0.91759,1.35,1.58
2013.02.18 08:23:23.397,0.91716,0.91761,1.35,2.70
2013.02.18 08:23:23.798,0.91716,0.91758,1.35,1.58
2013.02.18 08:23:23.857,0.91716,0.91758,1.35,1.58
2013.02.18 08:23:26.276,0.91716,0.91761,1.35,3.83
2013.02.18 08:23:27.060,0.91716,0.91761,1.35,2.33
2013.02.18 08:23:28.487,0.91717,0.91761,1.29,2.33
2013.02.18 08:23:28.796,0.91721,0.91762,1.56,2.10
2013.02.18 08:23:31.314,0.91721,0.91766,1.35,1.35
2013.02.18 08:23:34.108,0.91716,0.91763,1.35,2.85
2013.02.18 08:23:34.574,0.91716,0.91762,1.35,2.10
2013.02.18 08:23:35.076,0.91716,0.91763,1.83,1.35
2013.02.18 08:23:36.226,0.91718,0.91762,1.32,2.10
2013.02.18 08:23:36.447,0.91715,0.91762,1.80,2.10
2013.02.18 08:23:36.760,0.91715,0.91762,1.35,2.85
2013.02.18 08:23:39.725,0.91715,0.91761,1.35,1.73
2013.02.18 08:23:40.065,0.91719,0.91763,1.41,2.10
2013.02.18 08:23:41.776,0.91719,0.91763,1.41,2.10
2013.02.18 08:23:44.634,0.91719,0.91764,1.41,1.35
2013.02.18 08:23:44.916,0.91716,0.91763,1.61,1.35
2013.02.18 08:23:47.167,0.91716,0.91758,1.61,1.73
2013.02.18 08:23:47.226,0.91715,0.91758,1.35,1.50
2013.02.18 08:23:47.466,0.91715,0.91759,1.35,1.73
2013.02.18 08:23:51.877,0.91716,0.91761,1.35,2.85
2013.02.18 08:23:55.122,0.91716,0.91762,1.35,2.10
2013.02.18 08:23:55.476,0.9172,0.91762,1.35,1.73
2013.02.18 08:23:55.897,0.9172,0.91764,1.35,1.35
2013.02.18 08:23:57.826,0.91725,0.91759,1.35,1.95
2013.02.18 08:23:58.006,0.91725,0.91759,1.13,1.35
2013.02.18 08:23:58.066,0.91725,0.91764,1.13,1.58
2013.02.18 08:23:58.577,0.91725,0.91758,1.13,2.25
2013.02.18 08:23:58.799,0.91725,0.91759,1.13,1.73
2013.02.18 08:23:59.028,0.91721,0.91759,1.35,2.48
2013.02.18 08:23:59.146,0.91721,0.91759,1.35,1.73
2013.02.18 08:24:05.466,0.91717,0.91758,1.73,2.48
2013.02.18 08:24:06.532,0.91721,0.9176,1.35,2.48
2013.02.18 08:24:11.246,0.91719,0.91759,1.35,3.23
2013.02.18 08:24:11.425,0.91719,0.91759,1.35,2.48
2013.02.18 08:24:13.986,0.91719,0.91758,1.35,1.73
2013.02.18 08:24:14.285,0.91719,0.91759,1.35,3.23
2013.02.18 08:24:25.699,0.91714,0.91759,1.52,3.60
2013.02.18 08:24:26.068,0.91713,0.91759,1.96,3.60
2013.02.18 08:24:27.122,0.91715,0.91759,1.50,3.60
2013.02.18 08:24:27.473,0.91716,0.91759,1.47,2.85
2013.02.18 08:24:27.906,0.91719,0.91759,1.38,2.10
2013.02.18 08:24:28.216,0.91721,0.91762,1.38,2.10
2013.02.18 08:24:31.277,0.91721,0.91764,1.38,3.08
2013.02.18 08:24:33.898,0.91718,0.91764,1.63,3.08
2013.02.18 08:24:33.956,0.9172,0.91764,1.61,3.08
2013.02.18 08:24:34.230,0.9172,0.91764,1.61,2.70
2013.02.18 08:24:34.299,0.91719,0.91764,1.69,1.95
2013.02.18 08:24:35.700,0.91721,0.91764,1.47,3.45
2013.02.18 08:24:40.995,0.91721,0.91767,1.47,2.10
2013.02.18 08:24:41.507,0.91726,0.91768,1.56,1.73
2013.02.18 08:24:43.406,0.91726,0.91768,1.56,1.73
2013.02.18 08:24:45.629,0.91728,0.91769,1.45,1.73
2013.02.18 08:24:50.698,0.9173,0.91772,1.29,1.73
2013.02.18 08:24:51.237,0.91729,0.91772,1.43,1.73
2013.02.18 08:24:55.594,0.91729,0.91772,1.43,1.73
2013.02.18 08:24:55.716,0.91729,0.91772,1.43,1.35
2013.02.18 08:24:55.858,0.91731,0.91772,1.20,1.35
2013.02.18 08:25:03.291,0.91731,0.91772,1.20,1.35
2013.02.18 08:25:03.477,0.91729,0.91772,1.25,1.35
2013.02.18 08:25:03.607,0.91726,0.91772,1.45,1.35
2013.02.18 08:25:03.816,0.91729,0.91771,1.63,2.85
2013.02.18 08:25:04.296,0.91727,0.91771,1.20,2.85
2013.02.18 08:25:04.803,0.91725,0.91771,1.35,2.85
2013.02.18 08:25:05.610,0.91725,0.91769,1.35,1.73
2013.02.18 08:25:05.771,0.91727,0.9177,1.43,1.73
2013.02.18 08:25:12.186,0.91726,0.9177,1.35,2.48
2013.02.18 08:25:12.578,0.91726,0.91769,1.35,1.73
2013.02.18 08:25:12.801,0.91726,0.91769,1.35,1.73
2013.02.18 08:25:15.767,0.91727,0.91771,1.32,3.23
2013.02.18 08:25:17.376,0.91725,0.91769,1.20,1.35
2013.02.18 08:25:17.677,0.91724,0.91768,1.35,1.35
2013.02.18 08:25:22.547,0.91724,0.91768,1.35,1.35
2013.02.18 08:25:23.157,0.91724,0.91769,1.35,2.10
2013.02.18 08:25:24.526,0.91724,0.91768,1.35,1.35
2013.02.18 08:25:25.636,0.91724,0.91769,1.35,2.10
2013.02.18 08:25:48.677,0.91722,0.91767,1.27,2.10
2013.02.18 08:25:48.986,0.91722,0.91765,1.25,1.45
2013.02.18 08:25:58.515,0.91721,0.91763,1.56,3.45
2013.02.18 08:25:59.831,0.9172,0.91762,1.35,1.41
2013.02.18 08:26:23.118,0.91717,0.9176,1.43,1.20
2013.02.18 08:26:23.566,0.91718,0.9176,1.50,1.20
2013.02.18 08:26:48.196,0.91717,0.91759,1.35,1.58
2013.02.18 08:26:49.108,0.91717,0.91759,1.35,1.58
2013.02.18 08:26:49.807,0.91717,0.91762,1.78,2.42
2013.02.18 08:26:50.050,0.91717,0.91759,1.69,1.59
2013.02.18 08:26:53.156,0.91721,0.91762,1.35,1.56
2013.02.18 08:27:02.751,0.91716,0.9176,1.62,1.98
2013.02.18 08:27:03.311,0.91716,0.9176,1.62,1.98
2013.02.18 08:27:03.846,0.91716,0.91752,1.35,1.20
2013.02.18 08:27:04.176,0.91716,0.91754,1.35,1.58
2013.02.18 08:27:04.296,0.91716,0.91752,1.35,1.20
2013.02.18 08:27:05.437,0.91716,0.91752,1.35,2.61
2013.02.18 08:27:19.630,0.91711,0.91751,1.35,1.94
2013.02.18 08:27:25.359,0.91713,0.91751,1.35,1.58
2013.02.18 08:27:26.735,0.91713,0.91752,1.35,1.32
2013.02.18 08:27:26.901,0.91713,0.91753,1.35,1.58
2013.02.18 08:27:28.147,0.91715,0.91751,1.50,1.58
2013.02.18 08:27:29.776,0.91715,0.91754,1.50,1.58
2013.02.18 08:27:30.108,0.91716,0.91754,1.63,1.58
2013.02.18 08:27:31.465,0.91716,0.91755,1.63,2.33
2013.02.18 08:27:32.186,0.91716,0.91754,1.63,1.58
2013.02.18 08:27:32.447,0.91715,0.91754,1.23,1.58
2013.02.18 08:27:32.776,0.91718,0.91753,1.32,1.58
2013.02.18 08:27:33.315,0.91718,0.91754,1.32,1.58
2013.02.18 08:27:36.297,0.91715,0.91753,1.35,1.58
2013.02.18 08:27:37.075,0.91715,0.91753,1.35,1.20
2013.02.18 08:27:37.226,0.91716,0.91754,1.25,1.58
2013.02.18 08:27:39.167,0.91716,0.91757,1.25,2.70
2013.02.18 08:27:49.006,0.91718,0.91757,1.23,2.33
2013.02.18 08:27:49.510,0.91716,0.91757,1.45,2.33
2013.02.18 08:27:52.901,0.91715,0.91756,1.35,1.10
2013.02.18 08:27:52.956,0.91715,0.91753,1.35,2.33
2013.02.18 08:27:56.695,0.91713,0.9175,1.35,1.58
2013.02.18 08:27:56.827,0.91714,0.9175,1.32,1.58
2013.02.18 08:27:57.384,0.91714,0.91753,1.25,2.33
2013.02.18 08:27:57.992,0.91714,0.91753,1.20,3.08
2013.02.18 08:27:58.376,0.91715,0.91753,1.23,3.08
2013.02.18 08:27:58.598,0.91715,0.91753,1.23,3.08
2013.02.18 08:27:59.340,0.91715,0.91753,1.23,3.08
2013.02.18 08:28:00.577,0.91715,0.9175,1.27,1.58
2013.02.18 08:28:01.369,0.91713,0.91753,1.35,2.33
2013.02.18 08:28:03.488,0.91713,0.91753,2.10,3.08
2013.02.18 08:28:03.618,0.91716,0.91753,1.25,3.08
2013.02.18 08:28:04.546,0.91716,0.91753,1.25,2.33
2013.02.18 08:28:04.726,0.91716,0.9175,1.35,1.58
2013.02.18 08:28:06.243,0.91715,0.91753,1.23,3.08
2013.02.18 08:28:06.815,0.91715,0.91753,1.34,2.33
2013.02.18 08:28:07.186,0.91718,0.91753,1.23,2.33
2013.02.18 08:28:09.008,0.91721,0.91756,1.20,1.58
2013.02.18 08:28:09.488,0.91723,0.91756,1.50,1.58
2013.02.18 08:28:09.997,0.91723,0.9176,1.50,1.35
2013.02.18 08:28:10.177,0.91724,0.91763,1.47,1.20
2013.02.18 08:28:11.040,0.91723,0.91763,1.29,1.95
2013.02.18 08:28:11.796,0.91724,0.91763,1.41,1.20
2013.02.18 08:28:12.094,0.91724,0.91763,1.41,1.95
2013.02.18 08:28:12.156,0.91728,0.91763,1.54,1.95
2013.02.18 08:28:13.052,0.91728,0.91763,1.54,1.58
2013.02.18 08:28:14.416,0.91731,0.91768,1.35,1.20
2013.02.18 08:28:14.546,0.91733,0.91768,1.61,1.20
2013.02.18 08:28:21.323,0.91736,0.91769,1.45,1.58
2013.02.18 08:28:21.668,0.9174,0.91778,1.92,1.20
2013.02.18 08:28:21.726,0.91741,0.91778,1.27,1.20
2013.02.18 08:28:22.496,0.91739,0.91779,1.58,1.58
2013.02.18 08:28:26.780,0.91739,0.91778,1.58,1.58
2013.02.18 08:28:26.896,0.91739,0.91778,1.58,1.58
2013.02.18 08:28:27.150,0.91739,0.91778,1.58,1.58
2013.02.18 08:28:27.939,0.91739,0.91779,1.58,1.58
2013.02.18 08:28:28.587,0.91739,0.91778,1.58,1.58
2013.02.18 08:28:32.609,0.91739,0.91778,1.58,1.58
2013.02.18 08:28:32.968,0.91739,0.91778,1.58,1.58
2013.02.18 08:28:33.476,0.91739,0.91778,1.58,1.58
2013.02.18 08:28:35.396,0.91741,0.91778,1.29,1.58
2013.02.18 08:28:35.511,0.91739,0.91778,1.58,1.58
2013.02.18 08:28:52.437,0.91742,0.91778,1.61,1.58
2013.02.18 08:28:57.832,0.91739,0.91778,1.58,1.58
2013.02.18 08:28:58.177,0.91739,0.91778,1.58,1.58
2013.02.18 08:28:59.062,0.91739,0.91778,1.58,1.58
2013.02.18 08:28:59.389,0.91736,0.91773,1.35,1.20
2013.02.18 08:29:00.757,0.91736,0.91773,1.35,1.95
2013.02.18 08:29:01.316,0.91736,0.91772,1.35,1.58
2013.02.18 08:29:05.939,0.91736,0.91772,1.69,1.58
2013.02.18 08:29:07.098,0.91736,0.91772,1.69,1.58
2013.02.18 08:29:07.218,0.91736,0.91768,1.35,1.58
2013.02.18 08:29:08.718,0.91727,0.91767,2.27,2.33
2013.02.18 08:29:08.777,0.91727,0.91764,1.67,2.85
2013.02.18 08:29:09.192,0.91727,0.9176,1.35,1.58
2013.02.18 08:29:09.876,0.91727,0.91762,1.35,1.20
2013.02.18 08:29:10.078,0.91727,0.91765,1.35,1.58
2013.02.18 08:29:10.197,0.9173,0.91765,1.52,1.58
2013.02.18 08:29:12.189,0.91731,0.91767,1.41,1.20
2013.02.18 08:29:12.811,0.91733,0.91767,1.56,1.20
2013.02.18 08:29:14.736,0.91731,0.91768,1.36,3.08
2013.02.18 08:29:15.427,0.91731,0.91765,1.36,1.58
2013.02.18 08:29:15.626,0.91727,0.91765,1.85,1.58
2013.02.18 08:29:18.168,0.91727,0.91769,1.85,2.48
2013.02.18 08:29:18.226,0.91731,0.91769,1.27,2.48
2013.02.18 08:29:18.528,0.91727,0.91767,1.94,2.33
2013.02.18 08:29:26.393,0.9173,0.91764,1.54,1.58
2013.02.18 08:29:29.597,0.91727,0.91767,1.23,2.33
2013.02.18 08:29:33.789,0.91729,0.91767,1.36,2.33
2013.02.18 08:29:37.105,0.91727,0.91767,1.50,2.33
2013.02.18 08:29:37.371,0.91725,0.91763,1.59,1.58
2013.02.18 08:29:38.696,0.91727,0.91763,1.38,1.58
2013.02.18 08:29:39.256,0.91725,0.91763,1.60,1.58
2013.02.18 08:29:40.866,0.91726,0.91763,1.27,1.58
2013.02.18 08:29:41.021,0.91728,0.91763,1.52,1.58
2013.02.18 08:29:41.380,0.91725,0.91763,1.43,1.58
2013.02.18 08:29:41.840,0.91724,0.91763,1.71,1.58
2013.02.18 08:29:50.430,0.91728,0.91764,1.52,1.58
2013.02.18 08:29:54.200,0.91724,0.91764,1.32,2.33
2013.02.18 08:29:54.526,0.91722,0.91758,1.52,1.58
2013.02.18 08:29:54.837,0.91722,0.91758,1.52,1.58
2013.02.18 08:29:54.971,0.91721,0.91756,1.35,1.73
2013.02.18 08:29:55.080,0.91723,0.91756,1.63,1.73
2013.02.18 08:29:55.416,0.91721,0.91756,1.35,1.73
2013.02.18 08:29:55.476,0.91721,0.91753,1.35,3.08
2013.02.18 08:29:55.683,0.91721,0.91756,1.35,2.33
2013.02.18 08:29:55.967,0.91722,0.91757,1.59,1.20
2013.02.18 08:29:56.514,0.91725,0.91758,1.61,1.58
2013.02.18 08:29:57.406,0.91726,0.91758,1.23,1.58
2013.02.18 08:30:01.925,0.91725,0.91758,1.35,1.58
2013.02.18 08:30:02.549,0.91725,0.9176,1.69,2.33
2013.02.18 08:30:11.024,0.91725,0.91758,1.35,1.58
2013.02.18 08:30:12.421,0.91725,0.9176,1.35,2.33
2013.02.18 08:30:12.796,0.91726,0.91758,1.54,1.58
2013.02.18 08:30:15.000,0.91725,0.9176,1.78,2.33
2013.02.18 08:30:15.398,0.91725,0.9176,1.35,2.33
2013.02.18 08:30:16.260,0.91725,0.9176,1.87,2.33
2013.02.18 08:30:18.477,0.91725,0.9176,1.35,2.33
2013.02.18 08:30:22.237,0.91725,0.91756,1.35,1.58
2013.02.18 08:30:23.168,0.91725,0.91758,1.35,1.58
2013.02.18 08:30:26.919,0.91725,0.9176,1.35,2.33
2013.02.18 08:30:27.458,0.91725,0.9176,1.35,2.33
2013.02.18 08:30:31.881,0.91725,0.9176,1.35,2.33
2013.02.18 08:30:33.447,0.91725,0.9176,1.96,2.33
2013.02.18 08:30:40.517,0.91725,0.9176,1.29,2.33
2013.02.18 08:30:40.603,0.91725,0.91762,1.29,1.20
2013.02.18 08:30:40.958,0.91732,0.91767,1.47,1.58
2013.02.18 08:30:41.437,0.91735,0.91768,1.35,1.58
2013.02.18 08:30:42.052,0.91735,0.91769,1.35,1.58
2013.02.18 08:30:42.256,0.91735,0.91769,1.35,1.58
2013.02.18 08:30:42.377,0.91733,0.91769,1.36,1.58
2013.02.18 08:30:42.757,0.9173,0.91769,2.09,1.58
2013.02.18 08:30:42.818,0.91734,0.91769,1.59,1.58
2013.02.18 08:30:43.147,0.91734,0.91769,1.35,1.58
2013.02.18 08:30:43.266,0.91733,0.91769,1.41,1.58
2013.02.18 08:30:43.956,0.91734,0.91769,1.35,1.58
2013.02.18 08:30:44.137,0.91734,0.91769,1.35,1.58
2013.02.18 08:30:46.577,0.9173,0.91769,1.60,1.58
2013.02.18 08:30:46.737,0.91734,0.91769,1.35,1.58
2013.02.18 08:30:47.326,0.91734,0.91769,1.35,1.58
2013.02.18 08:30:47.587,0.91735,0.91769,1.35,1.58
2013.02.18 08:30:48.315,0.91735,0.91769,1.35,1.58
2013.02.18 08:30:48.437,0.91733,0.91769,1.23,1.58
2013.02.18 08:30:48.917,0.91731,0.91769,1.54,1.58
2013.02.18 08:30:49.348,0.91734,0.91769,1.35,1.58
2013.02.18 08:30:50.298,0.91734,0.91769,1.35,1.58
2013.02.18 08:30:50.457,0.91733,0.91769,1.43,1.58
2013.02.18 08:30:50.766,0.91731,0.91769,1.23,1.58
2013.02.18 08:30:51.118,0.91734,0.91769,1.35,1.58
2013.02.18 08:30:51.287,0.91734,0.91769,1.35,1.58
2013.02.18 08:30:51.510,0.91735,0.91769,1.35,1.58
2013.02.18 08:30:51.739,0.91735,0.91769,1.35,1.58
2013.02.18 08:30:51.857,0.91735,0.91769,1.35,1.58
2013.02.18 08:30:51.950,0.91735,0.91769,1.35,1.58
2013.02.18 08:30:52.767,0.9173,0.91769,1.35,1.58
2013.02.18 08:30:52.887,0.91735,0.91769,1.35,1.58
2013.02.18 08:30:53.133,0.91735,0.91769,1.35,1.58
2013.02.18 08:30:53.534,0.91735,0.91769,1.35,1.58
2013.02.18 08:30:54.018,0.91735,0.91769,1.35,1.58
2013.02.18 08:30:54.137,0.9173,0.91769,1.62,1.58
2013.02.18 08:30:54.537,0.91735,0.91771,1.35,2.70
2013.02.18 08:30:54.922,0.91735,0.91768,1.35,1.58
2013.02.18 08:30:55.238,0.9173,0.91766,1.35,1.35
2013.02.18 08:30:55.911,0.91725,0.91765,1.35,1.23
2013.02.18 08:30:56.147,0.91725,0.91761,1.35,1.35
2013.02.18 08:30:56.212,0.91725,0.91759,1.35,1.50
2013.02.18 08:30:56.476,0.91721,0.91758,1.35,1.58
2013.02.18 08:30:56.701,0.91721,0.91758,1.35,1.58
2013.02.18 08:30:57.338,0.91719,0.91758,1.65,1.58
2013.02.18 08:31:00.467,0.91722,0.91758,1.32,1.58
2013.02.18 08:31:01.438,0.91722,0.91762,2.07,2.33
2013.02.18 08:31:01.497,0.91726,0.91765,1.94,1.35
2013.02.18 08:31:05.948,0.91726,0.91766,1.94,1.20
2013.02.18 08:31:06.357,0.91728,0.91766,1.47,1.20
2013.02.18 08:31:07.218,0.91728,0.91766,1.47,1.20
2013.02.18 08:31:07.878,0.91728,0.91765,1.47,1.35
2013.02.18 08:31:08.032,0.91726,0.91765,1.71,1.35
2013.02.18 08:31:22.781,0.91726,0.91766,1.71,1.20
2013.02.18 08:31:23.469,0.91728,0.91766,1.54,1.20
2013.02.18 08:31:26.970,0.91726,0.91766,1.85,1.20
2013.02.18 08:31:32.348,0.91726,0.91766,1.47,1.58
2013.02.18 08:31:32.537,0.91725,0.91763,1.95,1.87
2013.02.18 08:31:39.158,0.91722,0.91761,1.74,1.58
2013.02.18 08:31:39.468,0.91726,0.91759,1.73,1.58
2013.02.18 08:31:39.615,0.91725,0.91759,1.35,1.58
2013.02.18 08:31:41.029,0.91725,0.91758,1.35,1.58
2013.02.18 08:31:41.527,0.91725,0.9176,1.35,2.33
2013.02.18 08:31:43.427,0.91725,0.9176,1.35,2.33
2013.02.18 08:31:43.547,0.91725,0.91758,1.35,1.58
2013.02.18 08:31:43.667,0.91725,0.91758,1.35,1.58
2013.02.18 08:31:43.857,0.91725,0.91758,1.35,1.58
2013.02.18 08:31:44.107,0.91725,0.9176,1.35,2.33
2013.02.18 08:31:44.378,0.91725,0.9176,1.35,2.33
2013.02.18 08:31:44.847,0.91725,0.9176,1.35,2.33
2013.02.18 08:31:45.767,0.91727,0.91765,1.23,1.58
2013.02.18 08:31:48.265,0.91726,0.91765,1.58,1.58
2013.02.18 08:31:48.627,0.91726,0.91762,1.95,1.35
2013.02.18 08:31:48.807,0.91726,0.91762,1.95,1.35
2013.02.18 08:31:49.117,0.91724,0.91759,1.20,1.58
2013.02.18 08:31:54.878,0.91726,0.91762,1.35,1.20
2013.02.18 08:31:54.937,0.91726,0.91762,1.35,1.20
2013.02.18 08:31:55.457,0.91731,0.91766,1.35,1.20
2013.02.18 08:31:56.548,0.91727,0.91763,1.56,2.33
2013.02.18 08:31:56.778,0.91723,0.91763,1.38,3.08
2013.02.18 08:31:58.492,0.91724,0.91763,1.25,3.08
2013.02.18 08:32:03.132,0.91723,0.91763,1.32,3.08
2013.02.18 08:32:05.701,0.91724,0.91763,1.29,3.08
2013.02.18 08:32:07.218,0.91724,0.91763,1.29,2.33
2013.02.18 08:32:09.137,0.91719,0.91753,2.25,1.13
2013.02.18 08:32:09.219,0.91719,0.91749,2.25,1.13
2013.02.18 08:32:09.278,0.91721,0.91756,1.60,1.58
2013.02.18 08:32:09.366,0.91721,0.91756,1.35,2.10
2013.02.18 08:32:09.572,0.91715,0.91756,1.96,2.21
2013.02.18 08:32:10.340,0.91706,0.91746,1.35,1.58
2013.02.18 08:32:10.878,0.91705,0.91746,1.89,1.58
2013.02.18 08:32:13.257,0.91711,0.91748,1.35,1.58
2013.02.18 08:32:20.301,0.91711,0.91742,1.35,2.10
2013.02.18 08:32:20.417,0.91705,0.91738,1.35,1.20
2013.02.18 08:32:20.488,0.91707,0.9174,1.63,1.20
2013.02.18 08:32:20.547,0.9171,0.91745,1.35,1.58
2013.02.18 08:32:20.609,0.9171,0.91745,1.35,1.58
2013.02.18 08:32:21.167,0.91706,0.91745,1.35,1.58
2013.02.18 08:32:21.226,0.91708,0.91745,1.20,1.58
2013.02.18 08:32:21.293,0.91706,0.91745,1.35,1.58
2013.02.18 08:32:22.072,0.91706,0.91745,1.35,1.58
2013.02.18 08:32:23.197,0.91706,0.91745,1.35,1.58
2013.02.18 08:32:23.988,0.91706,0.91745,1.35,1.58
2013.02.18 08:32:25.397,0.91706,0.91745,1.35,1.58
2013.02.18 08:32:28.267,0.91706,0.91745,1.35,1.58
2013.02.18 08:32:28.447,0.91706,0.91745,1.35,1.58
2013.02.18 08:32:28.507,0.91706,0.91745,1.35,1.58
2013.02.18 08:32:28.807,0.91704,0.91742,1.35,1.58
2013.02.18 08:32:29.797,0.91704,0.91742,1.35,1.95
2013.02.18 08:32:30.127,0.91704,0.91742,1.35,1.58
2013.02.18 08:32:30.225,0.91704,0.91742,1.35,1.58
2013.02.18 08:32:30.439,0.91704,0.91742,1.35,1.58
2013.02.18 08:32:30.987,0.91701,0.91738,1.35,1.58
2013.02.18 08:32:33.596,0.91704,0.91739,1.35,1.58
2013.02.18 08:32:35.828,0.91704,0.91738,1.35,1.58
2013.02.18 08:32:40.244,0.91704,0.91738,1.35,1.58
2013.02.18 08:32:44.647,0.91699,0.91734,1.36,1.58
2013.02.18 08:32:45.041,0.91697,0.91734,1.41,1.58
2013.02.18 08:32:46.969,0.91696,0.91733,1.43,1.58
2013.02.18 08:32:51.118,0.91696,0.91732,1.35,1.35
2013.02.18 08:32:51.238,0.91694,0.91733,1.35,2.58
2013.02.18 08:32:54.404,0.91694,0.91728,1.35,1.58
2013.02.18 08:32:55.941,0.91694,0.91728,1.35,1.58
2013.02.18 08:32:59.027,0.91694,0.91728,1.87,1.58
2013.02.18 08:33:00.397,0.91697,0.91732,1.27,1.58
2013.02.18 08:33:00.898,0.91696,0.91732,1.69,1.58
2013.02.18 08:33:02.021,0.91695,0.91732,1.74,1.58
2013.02.18 08:33:02.464,0.91692,0.91732,1.58,1.58
2013.02.18 08:33:02.629,0.91692,0.91732,1.58,1.58
2013.02.18 08:33:02.958,0.91692,0.91732,1.58,1.58
2013.02.18 08:33:03.190,0.91693,0.91732,1.20,1.58
2013.02.18 08:33:04.018,0.91694,0.91732,1.47,1.58
2013.02.18 08:33:04.968,0.91692,0.91732,1.92,1.58
2013.02.18 08:33:10.481,0.91694,0.91732,1.61,1.58
2013.02.18 08:33:10.678,0.91695,0.91732,1.36,1.58
2013.02.18 08:33:10.737,0.91692,0.91732,1.58,1.58
2013.02.18 08:33:10.858,0.91693,0.91733,1.56,1.58
2013.02.18 08:33:11.087,0.91692,0.91733,1.58,1.35
2013.02.18 08:33:12.208,0.91694,0.91732,1.41,1.58
2013.02.18 08:33:12.935,0.91693,0.91733,1.47,1.58
2013.02.18 08:33:13.377,0.91692,0.91733,1.58,1.58
2013.02.18 08:33:14.385,0.91692,0.91732,1.58,1.35
2013.02.18 08:33:15.275,0.91692,0.91733,1.58,1.58
2013.02.18 08:33:15.787,0.91694,0.91733,1.35,1.35
2013.02.18 08:33:18.058,0.91692,0.91732,1.95,1.35
2013.02.18 08:33:18.867,0.91692,0.91732,1.95,1.58
2013.02.18 08:33:20.571,0.91694,0.91732,1.35,1.58
2013.02.18 08:33:22.552,0.91694,0.91732,1.35,1.58
2013.02.18 08:33:22.677,0.91694,0.91732,1.35,1.35
2013.02.18 08:33:23.017,0.91694,0.91732,1.35,1.35
2013.02.18 08:33:23.079,0.91694,0.91734,1.35,1.58
2013.02.18 08:33:25.478,0.91694,0.91732,1.35,1.35
2013.02.18 08:33:26.887,0.91694,0.91732,1.35,1.58
2013.02.18 08:33:28.017,0.91694,0.91732,1.35,1.58
2013.02.18 08:33:30.827,0.91692,0.91732,1.58,1.58
2013.02.18 08:33:31.703,0.91691,0.91732,1.95,1.58
2013.02.18 08:33:32.971,0.91692,0.91732,1.58,1.58
2013.02.18 08:33:37.678,0.91692,0.91732,1.58,1.58
2013.02.18 08:33:37.888,0.91692,0.91732,1.58,1.58
2013.02.18 08:33:38.408,0.91692,0.91733,1.58,1.58
2013.02.18 08:33:38.754,0.91694,0.91732,1.59,1.58
2013.02.18 08:33:39.008,0.91692,0.91734,1.58,1.58
2013.02.18 08:33:39.195,0.9169,0.91729,1.73,1.58
2013.02.18 08:33:39.437,0.9169,0.91728,1.35,1.58
2013.02.18 08:33:39.977,0.9169,0.91728,1.35,1.58
2013.02.18 08:33:41.521,0.9169,0.91728,1.35,1.58
2013.02.18 08:33:42.088,0.9169,0.91728,1.35,1.58
2013.02.18 08:33:43.087,0.91691,0.91729,1.85,1.58
2013.02.18 08:33:43.538,0.91695,0.91733,1.41,1.58
2013.02.18 08:33:44.271,0.91694,0.91733,1.50,1.58
2013.02.18 08:33:44.781,0.91691,0.91733,1.73,1.58
2013.02.18 08:33:48.196,0.91694,0.91733,1.35,1.58
2013.02.18 08:33:49.100,0.91694,0.91728,1.35,1.58
2013.02.18 08:33:52.810,0.91688,0.91728,1.36,1.58
2013.02.18 08:33:52.968,0.91687,0.91728,1.73,1.58
2013.02.18 08:33:53.227,0.91691,0.91733,1.35,2.33
2013.02.18 08:33:57.218,0.91694,0.91733,1.13,2.33
2013.02.18 08:33:57.447,0.91694,0.91735,1.13,1.58
2013.02.18 08:34:07.415,0.91693,0.91735,1.35,1.58
2013.02.18 08:34:10.027,0.91696,0.91738,1.35,1.58
2013.02.18 08:34:10.328,0.91696,0.91741,1.35,1.95
2013.02.18 08:34:10.447,0.91696,0.91741,1.35,1.95
2013.02.18 08:34:11.849,0.91696,0.91741,1.35,1.95
2013.02.18 08:34:13.078,0.91696,0.91741,1.35,1.95
2013.02.18 08:34:16.209,0.91696,0.91741,1.35,1.95
2013.02.18 08:34:22.558,0.91698,0.91741,1.35,1.58
2013.02.18 08:35:34.747,0.91697,0.91745,1.73,1.38
2013.02.18 08:35:34.814,0.91703,0.91745,1.13,1.38
2013.02.18 08:35:35.119,0.91705,0.91744,1.35,1.58
2013.02.18 08:35:38.332,0.91705,0.91744,1.35,1.58
2013.02.18 08:35:39.796,0.91706,0.91747,1.58,1.58
2013.02.18 08:35:40.198,0.91705,0.91744,1.35,1.94
2013.02.18 08:35:42.027,0.91702,0.91742,1.13,1.58
2013.02.18 08:35:48.434,0.91697,0.91742,1.73,1.58
2013.02.18 08:35:48.878,0.91696,0.9174,1.73,1.38
2013.02.18 08:35:49.271,0.91696,0.91742,1.73,1.95
2013.02.18 08:35:50.235,0.91696,0.91742,2.48,1.58
2013.02.18 08:35:57.545,0.91697,0.9174,1.35,1.36
2013.02.18 08:36:02.197,0.91697,0.91742,1.35,1.58
2013.02.18 08:36:02.338,0.91697,0.91741,1.35,1.61
2013.02.18 08:36:02.677,0.91697,0.91742,1.35,1.58
2013.02.18 08:36:09.088,0.917,0.91743,1.35,2.05
2013.02.18 08:36:09.675,0.917,0.91742,1.35,1.58
2013.02.18 08:36:10.643,0.91696,0.9174,1.73,1.41
2013.02.18 08:36:16.074,0.917,0.9174,1.13,1.41
2013.02.18 08:36:16.287,0.917,0.91742,1.13,1.58
2013.02.18 08:36:16.409,0.91696,0.91742,1.73,1.58
2013.02.18 08:36:17.089,0.91696,0.91742,1.35,1.58
2013.02.18 08:36:20.789,0.91696,0.9174,2.10,1.61
2013.02.18 08:36:21.727,0.91696,0.91742,1.73,1.58
2013.02.18 08:36:23.998,0.91696,0.91742,2.10,1.58
2013.02.18 08:36:24.758,0.91697,0.91742,1.35,1.58
2013.02.18 08:36:25.477,0.91696,0.91742,2.10,1.58
2013.02.18 08:36:26.799,0.91697,0.91742,2.10,1.58
2013.02.18 08:36:31.692,0.91696,0.91742,1.73,1.58
2013.02.18 08:36:32.079,0.91698,0.91742,1.35,1.58
2013.02.18 08:36:32.358,0.91696,0.91742,3.23,1.58
2013.02.18 08:36:32.542,0.91698,0.91742,1.35,1.58
2013.02.18 08:36:32.659,0.91696,0.91742,2.10,1.58
2013.02.18 08:37:08.988,0.91696,0.91744,2.10,1.61
2013.02.18 08:37:09.458,0.91702,0.91744,1.73,1.45
2013.02.18 08:37:10.882,0.91702,0.91744,1.73,1.45
2013.02.18 08:37:11.000,0.91707,0.91748,1.20,1.58
2013.02.18 08:37:21.907,0.91707,0.91746,1.20,1.35
2013.02.18 08:37:22.749,0.91706,0.9174,1.35,1.58
2013.02.18 08:37:23.087,0.917,0.91738,1.35,2.33
2013.02.18 08:37:23.148,0.91697,0.91735,1.73,1.58
2013.02.18 08:37:23.268,0.91696,0.91735,1.35,1.58
2013.02.18 08:37:23.397,0.91696,0.91735,1.35,1.58
2013.02.18 08:37:39.379,0.91695,0.91734,1.35,1.58
2013.02.18 08:37:39.679,0.91693,0.91734,1.35,1.58
2013.02.18 08:37:39.808,0.91695,0.91734,2.10,2.03
2013.02.18 08:37:47.868,0.91696,0.91734,1.73,1.58
2013.02.18 08:37:47.993,0.91697,0.91738,1.73,3.45
2013.02.18 08:37:50.709,0.917,0.91738,1.50,1.35
2013.02.18 08:37:50.829,0.91701,0.91738,1.50,1.35
2013.02.18 08:37:52.627,0.91699,0.91738,1.50,1.35
2013.02.18 08:37:52.688,0.91698,0.91738,2.25,1.35
2013.02.18 08:37:52.748,0.91696,0.91738,2.48,1.35
2013.02.18 08:37:53.360,0.91696,0.91738,2.48,1.35
2013.02.18 08:37:53.473,0.91696,0.91738,2.48,1.35
2013.02.18 08:37:55.778,0.91696,0.91738,1.73,1.35
2013.02.18 08:37:57.484,0.91696,0.91739,1.73,1.35
2013.02.18 08:37:58.148,0.91696,0.9174,2.10,1.58
2013.02.18 08:38:05.561,0.91696,0.9174,2.48,1.58
2013.02.18 08:38:06.068,0.91698,0.9174,1.35,1.58
2013.02.18 08:38:09.112,0.91699,0.9174,1.50,1.58
2013.02.18 08:38:09.497,0.91697,0.91737,1.35,1.58
2013.02.18 08:38:16.288,0.91697,0.91737,1.88,1.58
2013.02.18 08:38:16.557,0.91695,0.91736,1.13,1.32
2013.02.18 08:38:17.127,0.91695,0.91736,1.13,1.32
2013.02.18 08:38:17.859,0.91692,0.91736,1.35,1.32
2013.02.18 08:38:19.561,0.91692,0.91734,1.73,1.43
2013.02.18 08:38:21.667,0.91692,0.91736,2.10,1.54
2013.02.18 08:38:29.141,0.91695,0.91736,1.13,1.54
2013.02.18 08:38:31.226,0.91692,0.91736,2.10,1.54
2013.02.18 08:38:31.718,0.91695,0.91736,1.13,1.54
2013.02.18 08:38:32.047,0.91695,0.91734,1.73,1.41
2013.02.18 08:38:36.767,0.91692,0.91736,1.35,1.38
2013.02.18 08:38:40.311,0.91689,0.91736,1.73,1.38
2013.02.18 08:38:40.669,0.91691,0.91726,1.35,1.58
2013.02.18 08:38:40.867,0.91688,0.91726,1.73,1.58
2013.02.18 08:38:43.231,0.91687,0.91726,2.10,1.58
2013.02.18 08:38:43.368,0.91692,0.91731,1.73,2.07
2013.02.18 08:38:45.028,0.91691,0.91729,1.73,1.32
2013.02.18 08:38:56.359,0.9169,0.91729,1.35,1.32
2013.02.18 08:38:56.613,0.91694,0.91731,1.73,1.58
2013.02.18 08:39:45.547,0.91692,0.91731,2.85,1.34
2013.02.18 08:39:46.128,0.91688,0.91732,2.48,1.63
2013.02.18 08:39:46.653,0.91692,0.91734,1.35,1.32
2013.02.18 08:39:46.975,0.91692,0.91736,1.13,1.43
2013.02.18 08:39:47.651,0.91691,0.91736,1.35,1.43
2013.02.18 08:39:47.809,0.91691,0.91734,1.35,1.50
2013.02.18 08:39:47.875,0.91691,0.91734,1.35,1.54
2013.02.18 08:39:48.431,0.91691,0.91735,1.35,1.56
2013.02.18 08:39:49.741,0.91692,0.91736,1.13,1.59
2013.02.18 08:39:52.091,0.91691,0.91736,1.35,1.59
2013.02.18 08:39:55.389,0.91691,0.91735,1.35,1.59
2013.02.18 08:39:56.268,0.91692,0.91735,1.35,1.59
2013.02.18 08:39:56.484,0.91692,0.91736,1.13,1.32
2013.02.18 08:39:56.715,0.91692,0.91734,1.35,1.23
2013.02.18 08:39:57.329,0.91691,0.91734,1.35,1.23
2013.02.18 08:39:58.418,0.91691,0.91735,1.35,1.63
2013.02.18 08:39:59.605,0.91691,0.91734,1.35,1.50
2013.02.18 08:39:59.823,0.91691,0.91736,1.35,1.27
2013.02.18 08:40:00.884,0.91691,0.91735,1.35,1.32
2013.02.18 08:40:01.438,0.91691,0.91735,1.35,1.41
2013.02.18 08:40:03.198,0.91692,0.91735,1.35,1.41
2013.02.18 08:40:07.776,0.91687,0.91734,2.10,1.35
2013.02.18 08:40:07.840,0.91687,0.91734,2.10,1.35
2013.02.18 08:40:08.039,0.91689,0.91734,1.35,2.10
2013.02.18 08:40:11.731,0.91689,0.91734,1.35,1.98
2013.02.18 08:40:12.111,0.91689,0.91734,1.35,1.35
2013.02.18 08:40:12.733,0.91689,0.91734,1.35,1.35
2013.02.18 08:40:13.138,0.91692,0.91734,1.17,1.35
2013.02.18 08:40:24.620,0.91693,0.91738,1.47,1.35
2013.02.18 08:40:25.009,0.91692,0.91736,1.73,1.54
2013.02.18 08:40:26.957,0.91691,0.91731,1.25,1.73
2013.02.18 08:40:27.018,0.91687,0.91723,1.73,1.35
2013.02.18 08:40:27.181,0.91687,0.91723,1.73,1.58
2013.02.18 08:40:31.828,0.91689,0.91727,1.35,1.58
2013.02.18 08:40:39.283,0.91691,0.91732,2.20,1.58
2013.02.18 08:40:50.288,0.91691,0.91729,1.35,1.58
2013.02.18 08:40:51.697,0.9169,0.91729,1.38,1.58
2013.02.18 08:40:53.018,0.91689,0.91728,1.01,1.58
2013.02.18 08:40:53.228,0.91687,0.91728,1.35,1.58
2013.02.18 08:40:53.422,0.91687,0.91728,1.35,1.58
2013.02.18 08:40:54.002,0.91689,0.91728,1.35,1.58
2013.02.18 08:40:54.649,0.91687,0.91728,1.35,1.58
2013.02.18 08:40:55.719,0.91689,0.91729,1.35,1.58
2013.02.18 08:40:56.698,0.91686,0.91728,2.85,1.58
2013.02.18 08:40:57.219,0.91689,0.91729,1.35,1.58
2013.02.18 08:40:57.344,0.91689,0.91729,1.35,1.58
2013.02.18 08:40:58.359,0.91689,0.91732,1.35,2.33
2013.02.18 08:40:58.538,0.91701,0.91738,1.58,1.35
2013.02.18 08:40:59.037,0.91695,0.91734,2.48,1.71
2013.02.18 08:41:00.584,0.91689,0.91734,1.71,1.35
2013.02.18 08:41:02.508,0.91689,0.91734,1.35,1.87
2013.02.18 08:41:06.200,0.91689,0.91734,2.10,1.35
2013.02.18 08:41:06.609,0.91689,0.91734,2.10,1.35
2013.02.18 08:41:06.970,0.917,0.91734,1.92,1.13
2013.02.18 08:41:07.218,0.91697,0.91734,1.95,1.35
2013.02.18 08:41:07.278,0.91694,0.91734,2.48,1.35
2013.02.18 08:41:07.630,0.91695,0.91734,1.35,1.13
2013.02.18 08:41:07.688,0.91695,0.91734,1.35,1.13
2013.02.18 08:41:07.845,0.91689,0.91734,3.60,1.13
2013.02.18 08:41:09.209,0.91689,0.91734,2.85,1.13
2013.02.18 08:41:09.298,0.91689,0.91734,2.85,1.35
2013.02.18 08:41:10.293,0.91689,0.91734,1.35,1.35
2013.02.18 08:41:10.679,0.91693,0.91739,1.35,2.10
2013.02.18 08:41:10.738,0.91693,0.91739,1.35,1.35
2013.02.18 08:41:12.279,0.91693,0.91739,1.35,1.35
2013.02.18 08:41:12.498,0.91693,0.91739,1.35,1.35
2013.02.18 08:41:13.048,0.91695,0.91739,2.10,1.35
2013.02.18 08:41:13.987,0.91693,0.91739,2.85,1.35
2013.02.18 08:41:15.328,0.91693,0.91739,1.35,1.35
2013.02.18 08:41:20.142,0.91694,0.91739,1.73,1.35
2013.02.18 08:41:23.359,0.91693,0.91739,2.85,1.35
2013.02.18 08:41:25.259,0.91694,0.91739,2.48,1.35
2013.02.18 08:41:25.884,0.91694,0.91739,2.48,1.35
2013.02.18 08:41:29.699,0.91697,0.91741,1.35,2.33
2013.02.18 08:41:32.317,0.91701,0.91744,1.58,1.35
2013.02.18 08:41:32.648,0.91706,0.91744,1.58,1.35
2013.02.18 08:41:33.188,0.91706,0.91744,1.58,1.35
2013.02.18 08:41:33.568,0.91703,0.91744,2.48,1.35
2013.02.18 08:41:33.748,0.91702,0.91744,3.23,1.35
2013.02.18 08:41:33.808,0.91703,0.91744,1.73,1.35
2013.02.18 08:41:34.078,0.91705,0.91744,1.58,1.13
2013.02.18 08:41:35.258,0.91705,0.91744,1.58,1.13
2013.02.18 08:41:36.269,0.91705,0.91748,1.58,1.20
2013.02.18 08:41:38.579,0.91705,0.91744,1.58,1.13
2013.02.18 08:41:38.970,0.91702,0.91744,2.48,1.35
2013.02.18 08:41:40.045,0.91702,0.91744,2.48,1.35
2013.02.18 08:41:42.388,0.91702,0.91745,2.48,1.20
2013.02.18 08:41:43.790,0.91704,0.91748,3.45,1.13
2013.02.18 08:41:44.202,0.91705,0.91748,2.48,1.13
2013.02.18 08:41:48.045,0.91705,0.91748,1.73,1.35
2013.02.18 08:41:52.516,0.91704,0.91748,1.58,1.73
2013.02.18 08:41:53.647,0.91704,0.91744,1.58,1.13
2013.02.18 08:41:55.789,0.91704,0.91748,3.45,1.73
2013.02.18 08:42:04.097,0.91704,0.91749,3.45,1.58
2013.02.18 08:42:04.378,0.9171,0.91753,1.35,1.58
2013.02.18 08:42:04.884,0.9171,0.91749,1.35,1.58
2013.02.18 08:42:08.278,0.9171,0.91749,1.35,1.58
2013.02.18 08:42:08.400,0.9171,0.91745,1.35,2.10
2013.02.18 08:42:08.564,0.9171,0.91745,1.35,2.10
2013.02.18 08:42:08.868,0.9171,0.91749,1.35,1.58
2013.02.18 08:42:08.928,0.9171,0.91749,1.35,1.58
2013.02.18 08:42:25.518,0.91708,0.91749,1.35,1.58
2013.02.18 08:42:29.885,0.91706,0.91749,1.58,1.58
2013.02.18 08:42:30.019,0.91706,0.91749,1.58,1.58
2013.02.18 08:42:33.899,0.91706,0.91749,1.95,1.58
2013.02.18 08:42:33.969,0.91706,0.91749,1.95,1.58
2013.02.18 08:42:37.009,0.91708,0.91749,1.35,1.58
2013.02.18 08:42:37.538,0.91709,0.91749,1.35,1.58
2013.02.18 08:42:40.363,0.91706,0.91749,2.33,1.58
2013.02.18 08:42:40.702,0.91706,0.91749,2.91,1.58
2013.02.18 08:42:41.168,0.91706,0.91746,2.16,1.73
2013.02.18 08:42:41.350,0.91702,0.91741,4.21,1.58
2013.02.18 08:43:00.619,0.91702,0.91741,1.21,1.58
2013.02.18 08:43:00.738,0.91698,0.91736,1.58,1.58
2013.02.18 08:43:06.618,0.91702,0.91738,1.35,1.35
2013.02.18 08:43:07.209,0.91702,0.91738,1.35,1.35
2013.02.18 08:43:08.750,0.91701,0.91736,1.35,1.35
2013.02.18 08:43:09.098,0.91702,0.91737,1.35,1.20
2013.02.18 08:43:09.519,0.91702,0.91736,1.35,1.58
2013.02.18 08:43:12.270,0.91702,0.91736,1.35,1.58
2013.02.18 08:43:25.409,0.91699,0.91736,1.35,1.58
2013.02.18 08:43:25.618,0.91699,0.91736,1.96,1.58
2013.02.18 08:43:30.138,0.91699,0.91736,1.96,1.58
2013.02.18 08:43:30.278,0.91699,0.91736,1.35,1.58
2013.02.18 08:43:37.612,0.91699,0.91736,1.35,1.58
2013.02.18 08:43:37.668,0.917,0.91737,1.58,1.35
2013.02.18 08:43:44.998,0.917,0.9174,1.95,2.70
2013.02.18 08:43:46.448,0.917,0.9174,1.95,2.70
2013.02.18 08:43:49.391,0.91703,0.9174,1.35,1.58
2013.02.18 08:43:49.539,0.91708,0.9174,1.35,1.58
2013.02.18 08:43:50.171,0.91703,0.91741,1.21,1.58
2013.02.18 08:43:50.409,0.91702,0.91741,1.35,1.58
2013.02.18 08:43:51.341,0.91703,0.91741,1.35,1.58
2013.02.18 08:43:51.630,0.91706,0.91744,1.58,3.29
2013.02.18 08:43:51.749,0.91709,0.91743,1.35,1.58
2013.02.18 08:43:51.810,0.91709,0.91743,1.35,1.58
2013.02.18 08:43:52.575,0.91709,0.91742,1.35,1.35
2013.02.18 08:43:52.729,0.91709,0.91744,1.35,1.95
2013.02.18 08:43:52.809,0.91709,0.91744,1.35,1.95
2013.02.18 08:43:53.048,0.9171,0.91748,1.58,1.58
2013.02.18 08:43:53.441,0.9171,0.91748,1.58,1.58
2013.02.18 08:43:53.979,0.9171,0.91748,1.58,1.58
2013.02.18 08:43:54.160,0.9171,0.91748,1.58,1.58
2013.02.18 08:43:54.481,0.9171,0.91748,1.58,1.58
2013.02.18 08:43:56.779,0.9171,0.91748,1.58,1.58
2013.02.18 08:43:56.886,0.9171,0.91748,1.58,1.58
2013.02.18 08:43:57.440,0.9171,0.91748,1.58,1.58
2013.02.18 08:44:00.028,0.9171,0.91748,1.58,1.58
2013.02.18 08:44:04.788,0.9171,0.91749,1.58,1.58
2013.02.18 08:44:09.420,0.9171,0.91748,1.58,1.58
2013.02.18 08:44:10.568,0.9171,0.91748,1.95,1.58
2013.02.18 08:44:10.750,0.91714,0.91752,1.60,2.33
2013.02.18 08:44:11.596,0.91719,0.91756,1.58,2.70
2013.02.18 08:44:11.676,0.91719,0.91756,1.95,1.58
2013.02.18 08:44:13.600,0.91719,0.91756,1.95,1.58
2013.02.18 08:44:13.666,0.91719,0.91756,1.95,1.58
2013.02.18 08:44:13.775,0.91719,0.91756,1.95,1.58
2013.02.18 08:44:14.138,0.91714,0.91753,1.35,3.08
2013.02.18 08:44:15.586,0.91714,0.91753,1.35,2.33
2013.02.18 08:44:15.808,0.91714,0.91753,1.35,3.08
2013.02.18 08:44:15.998,0.9172,0.91757,1.58,1.58
2013.02.18 08:44:16.058,0.9172,0.91757,1.58,1.58
2013.02.18 08:44:16.826,0.9172,0.91757,1.58,1.58
2013.02.18 08:44:16.908,0.9172,0.91757,1.58,1.58
2013.02.18 08:44:17.647,0.91713,0.91754,1.58,1.58
2013.02.18 08:44:18.661,0.91713,0.91754,1.58,1.58
2013.02.18 08:44:19.210,0.91711,0.91746,1.35,1.20
2013.02.18 08:44:19.408,0.91711,0.91748,1.35,2.33
2013.02.18 08:44:21.965,0.91711,0.91743,1.35,1.35
2013.02.18 08:44:22.079,0.91711,0.91747,1.58,1.73
2013.02.18 08:44:22.258,0.91711,0.91746,1.58,1.58
2013.02.18 08:44:22.579,0.91711,0.91748,1.35,1.28
2013.02.18 08:44:23.318,0.91711,0.91746,1.35,1.58
2013.02.18 08:44:23.820,0.91709,0.91743,1.35,1.58
2013.02.18 08:44:27.308,0.91705,0.9174,1.58,1.73
2013.02.18 08:44:27.820,0.91704,0.91738,1.35,1.58
2013.02.18 08:44:29.128,0.91704,0.91738,1.35,1.35
2013.02.18 08:44:29.762,0.91698,0.91738,1.95,1.58
2013.02.18 08:44:31.028,0.91698,0.91735,1.95,1.58
2013.02.18 08:44:33.556,0.91698,0.91738,1.95,1.20
2013.02.18 08:44:33.759,0.91708,0.91743,1.35,1.73
2013.02.18 08:44:33.949,0.91703,0.91741,1.35,1.58
2013.02.18 08:44:34.009,0.91703,0.91738,1.35,1.21
2013.02.18 08:44:34.437,0.91702,0.91738,1.35,1.21
2013.02.18 08:44:34.560,0.91703,0.91738,1.35,1.21
2013.02.18 08:44:35.754,0.91701,0.91739,1.35,1.21
2013.02.18 08:44:36.300,0.91703,0.91739,1.35,1.21
2013.02.18 08:44:36.698,0.91708,0.91743,1.13,2.19
2013.02.18 08:44:36.759,0.91708,0.91743,1.35,2.19
2013.02.18 08:44:37.026,0.91708,0.91743,1.35,1.95
2013.02.18 08:44:37.628,0.91704,0.91741,1.35,1.58
2013.02.18 08:44:38.177,0.91704,0.91743,1.35,1.95
2013.02.18 08:44:38.451,0.91704,0.91743,1.35,1.20
2013.02.18 08:44:48.984,0.91704,0.91743,1.35,1.35
2013.02.18 08:44:49.529,0.91704,0.91743,1.35,1.35
2013.02.18 08:44:51.509,0.91704,0.91744,1.35,1.58
2013.02.18 08:44:51.621,0.91704,0.91744,1.35,2.05
2013.02.18 08:44:52.729,0.91703,0.91743,1.35,1.35
2013.02.18 08:45:04.099,0.91707,0.91744,1.35,1.58
2013.02.18 08:45:09.205,0.91707,0.91749,1.35,1.58
2013.02.18 08:45:09.269,0.91707,0.91749,1.35,1.58
2013.02.18 08:45:09.498,0.91707,0.91749,1.35,1.58
2013.02.18 08:45:09.625,0.91707,0.91751,1.35,1.20
2013.02.18 08:45:09.828,0.91707,0.91751,1.35,1.20
2013.02.18 08:45:12.323,0.91707,0.91751,1.35,1.20
2013.02.18 08:45:13.768,0.91707,0.91749,1.35,1.95
2013.02.18 08:45:14.128,0.91707,0.91749,1.35,1.58
2013.02.18 08:45:14.398,0.91707,0.91749,1.35,1.58
2013.02.18 08:45:16.278,0.91707,0.91744,1.35,1.95
2013.02.18 08:45:16.809,0.91707,0.91744,1.35,1.83
2013.02.18 08:45:23.679,0.91698,0.9174,2.62,2.33
2013.02.18 08:45:23.739,0.91699,0.91736,1.35,1.20
2013.02.18 08:45:24.790,0.91699,0.91736,1.35,1.20
2013.02.18 08:45:27.459,0.91699,0.91736,1.35,1.20
2013.02.18 08:45:34.879,0.91699,0.91735,1.35,1.35
2013.02.18 08:45:35.168,0.91706,0.9174,1.73,1.05
2013.02.18 08:45:35.228,0.91706,0.91743,1.95,2.10
2013.02.18 08:45:35.288,0.91706,0.9174,1.35,2.70
2013.02.18 08:45:35.419,0.91699,0.9174,1.35,2.70
2013.02.18 08:45:35.873,0.91698,0.9174,1.95,2.70
2013.02.18 08:45:43.560,0.91698,0.9174,1.95,2.70
2013.02.18 08:45:45.818,0.91702,0.9174,1.61,2.70
2013.02.18 08:45:46.923,0.91698,0.91738,1.95,1.58
2013.02.18 08:45:47.640,0.91698,0.91739,1.95,1.58
2013.02.18 08:45:50.549,0.91698,0.91739,1.95,1.58
2013.02.18 08:45:51.599,0.91698,0.91738,1.95,1.58
2013.02.18 08:45:54.020,0.91699,0.91738,1.35,1.58
2013.02.18 08:45:54.569,0.91699,0.91738,1.35,1.58
2013.02.18 08:45:55.559,0.91699,0.91739,1.35,1.58
2013.02.18 08:45:55.749,0.91699,0.91736,1.73,1.35
2013.02.18 08:45:56.065,0.91699,0.91739,1.35,1.58
2013.02.18 08:45:56.308,0.91699,0.91736,1.73,1.35
2013.02.18 08:45:56.379,0.91699,0.91738,1.73,1.35
2013.02.18 08:45:58.868,0.91699,0.91738,1.35,1.58
2013.02.18 08:46:03.129,0.91699,0.9174,1.35,2.33
2013.02.18 08:46:03.680,0.91699,0.9174,1.35,2.33
2013.02.18 08:46:06.045,0.91699,0.9174,1.35,2.33
2013.02.18 08:46:10.000,0.91699,0.91738,1.35,1.58
2013.02.18 08:46:10.775,0.91699,0.9174,1.35,2.33
2013.02.18 08:46:20.218,0.91702,0.9174,1.35,2.33
2013.02.18 08:46:20.279,0.91703,0.91747,1.61,1.20
2013.02.18 08:46:21.060,0.91706,0.91747,1.63,1.20
2013.02.18 08:46:22.379,0.91706,0.91747,1.63,1.20
2013.02.18 08:46:22.954,0.91702,0.91747,1.98,1.20
2013.02.18 08:46:30.024,0.91705,0.91747,1.25,1.20
2013.02.18 08:46:32.120,0.91705,0.91747,1.25,1.20
2013.02.18 08:46:33.850,0.91703,0.91747,1.50,1.20
2013.02.18 08:46:43.010,0.91703,0.91747,1.50,1.20
2013.02.18 08:46:46.479,0.91703,0.91745,1.50,1.58
2013.02.18 08:46:49.631,0.91703,0.91745,1.50,1.58
2013.02.18 08:46:54.764,0.91702,0.91745,1.35,1.58
2013.02.18 08:46:55.220,0.91702,0.91745,1.35,1.58
2013.02.18 08:46:57.419,0.91703,0.91747,1.63,1.20
2013.02.18 08:46:57.970,0.91705,0.91747,1.50,1.20
2013.02.18 08:46:58.029,0.91702,0.91747,1.62,1.20
2013.02.18 08:47:03.500,0.91705,0.91747,1.63,1.20
2013.02.18 08:47:04.019,0.91705,0.91745,1.63,1.58
2013.02.18 08:47:04.820,0.91709,0.91745,1.59,1.58
2013.02.18 08:47:07.750,0.91706,0.91747,1.56,1.20
2013.02.18 08:47:10.239,0.91709,0.91747,1.45,1.20
2013.02.18 08:47:12.060,0.91705,0.91745,1.63,1.58
2013.02.18 08:47:14.870,0.91704,0.91745,1.61,1.58
2013.02.18 08:47:14.989,0.91705,0.91747,1.63,1.20
2013.02.18 08:47:27.980,0.91702,0.91748,1.58,1.35
2013.02.18 08:47:32.388,0.91706,0.91747,1.50,1.35
2013.02.18 08:47:41.000,0.91709,0.91749,1.35,1.73
2013.02.18 08:47:54.959,0.91718,0.91753,1.35,1.95
2013.02.18 08:47:55.019,0.91718,0.91753,1.35,1.95
2013.02.18 08:47:55.140,0.91714,0.91751,1.83,1.58
2013.02.18 08:47:55.203,0.91714,0.91751,1.20,1.58
2013.02.18 08:47:55.259,0.91712,0.91743,1.35,1.35
2013.02.18 08:47:55.559,0.91708,0.91743,1.35,1.58
2013.02.18 08:47:56.130,0.91708,0.91744,1.35,2.33
2013.02.18 08:47:56.309,0.91709,0.91749,2.00,1.58
2013.02.18 08:48:02.370,0.91714,0.91749,1.50,1.58
2013.02.18 08:48:03.240,0.91714,0.91749,1.35,1.58
2013.02.18 08:48:04.959,0.91709,0.91747,1.35,1.20
2013.02.18 08:48:08.169,0.91698,0.91743,2.51,1.10
2013.02.18 08:48:09.591,0.91698,0.91739,1.35,1.35
2013.02.18 08:48:10.066,0.91698,0.91738,1.35,1.54
2013.02.18 08:48:10.426,0.91698,0.91739,1.35,1.35
2013.02.18 08:48:11.530,0.91699,0.91742,1.35,1.58
2013.02.18 08:48:11.662,0.91699,0.91742,1.35,1.58
2013.02.18 08:48:12.850,0.91699,0.91743,1.35,1.58
2013.02.18 08:48:21.211,0.91699,0.91742,1.35,1.58
2013.02.18 08:48:24.061,0.91703,0.91742,1.35,1.58
2013.02.18 08:48:24.952,0.91703,0.91742,1.35,1.58
2013.02.18 08:48:25.301,0.91704,0.91746,2.18,2.33
2013.02.18 08:48:25.359,0.91704,0.91746,1.73,2.33
2013.02.18 08:48:31.149,0.91704,0.91746,1.73,2.33
2013.02.18 08:48:31.520,0.91709,0.9175,1.78,1.35
2013.02.18 08:48:32.881,0.91709,0.9175,1.35,1.35
2013.02.18 08:48:34.526,0.91709,0.9175,1.35,1.35
2013.02.18 08:48:44.971,0.91709,0.91751,1.35,1.58
2013.02.18 08:48:48.459,0.91708,0.91751,1.35,1.58
2013.02.18 08:48:51.632,0.91708,0.91751,1.35,2.01
2013.02.18 08:48:51.799,0.91708,0.91751,1.35,1.58
2013.02.18 08:48:53.905,0.91707,0.91751,2.10,1.98
2013.02.18 08:49:02.106,0.91708,0.91751,1.23,1.58
2013.02.18 08:49:07.556,0.91708,0.91751,1.23,1.58
2013.02.18 08:49:22.851,0.91708,0.91751,1.98,1.58
2013.02.18 08:49:23.212,0.91716,0.91753,1.52,2.33
2013.02.18 08:49:23.271,0.91715,0.91753,1.58,2.33
2013.02.18 08:49:23.623,0.91715,0.91753,1.58,2.33
2013.02.18 08:49:23.680,0.91715,0.91753,1.58,2.33
2013.02.18 08:49:24.011,0.91715,0.91752,1.58,1.38
2013.02.18 08:49:26.695,0.91715,0.91752,1.58,1.38
2013.02.18 08:49:26.939,0.91708,0.91749,1.73,2.62
2013.02.18 08:49:27.280,0.91713,0.91749,1.35,1.35
2013.02.18 08:49:27.459,0.91708,0.91749,2.09,1.35
2013.02.18 08:49:27.519,0.91708,0.9175,1.71,1.58
2013.02.18 08:49:28.061,0.91708,0.91753,1.71,3.08
2013.02.18 08:49:28.270,0.91708,0.9175,1.71,1.58
2013.02.18 08:49:29.151,0.91708,0.91753,1.71,3.08
2013.02.18 08:49:29.269,0.91708,0.9175,1.71,1.58
2013.02.18 08:49:29.660,0.91708,0.9175,1.73,1.58
2013.02.18 08:49:29.769,0.91708,0.9175,2.27,1.58
2013.02.18 08:49:29.904,0.91708,0.9175,1.73,1.58
2013.02.18 08:49:30.915,0.91708,0.9175,1.73,1.58
2013.02.18 08:49:33.530,0.91708,0.9175,1.73,1.58
2013.02.18 08:49:34.970,0.91711,0.91753,1.35,2.33
2013.02.18 08:49:35.030,0.91711,0.91753,1.35,2.33
2013.02.18 08:49:35.874,0.91711,0.91753,1.35,2.33
2013.02.18 08:49:35.980,0.91711,0.91753,1.35,2.33
2013.02.18 08:49:39.613,0.91712,0.91753,1.63,2.10
2013.02.18 08:49:39.729,0.91717,0.91757,1.58,1.20
2013.02.18 08:49:39.860,0.91716,0.91756,1.58,1.13
2013.02.18 08:49:39.979,0.91716,0.91755,1.35,1.58
2013.02.18 08:49:40.860,0.91711,0.91755,1.35,1.58
2013.02.18 08:49:41.220,0.91717,0.91754,1.35,1.35
2013.02.18 08:49:41.341,0.91711,0.91753,1.95,1.73
2013.02.18 08:49:58.962,0.91711,0.91752,1.95,1.73
2013.02.18 08:50:00.125,0.91711,0.91754,1.95,2.33
2013.02.18 08:50:02.329,0.91711,0.91752,1.95,1.73
2013.02.18 08:50:02.611,0.91711,0.91753,1.95,1.73
2013.02.18 08:50:05.579,0.91713,0.91753,1.36,1.73
2013.02.18 08:50:06.190,0.91711,0.91753,1.95,1.73
2013.02.18 08:50:10.711,0.91711,0.91754,1.95,1.58
2013.02.18 08:50:18.391,0.91711,0.91754,1.95,1.58
2013.02.18 08:50:18.511,0.91709,0.91749,1.58,1.58
2013.02.18 08:50:22.180,0.91706,0.91746,1.73,1.35
2013.02.18 08:50:22.299,0.91706,0.91746,1.35,1.58
2013.02.18 08:50:22.360,0.91702,0.91746,1.73,1.58
2013.02.18 08:50:22.669,0.91708,0.91746,1.13,1.95
2013.02.18 08:50:22.729,0.91708,0.91746,1.35,1.95
2013.02.18 08:50:40.000,0.91705,0.91746,1.56,1.58
2013.02.18 08:50:43.574,0.91705,0.91747,1.56,1.20
2013.02.18 08:50:44.101,0.91706,0.91748,1.92,1.35
2013.02.18 08:50:49.049,0.91706,0.91749,1.92,1.58
2013.02.18 08:51:18.739,0.91706,0.91749,1.92,1.95
2013.02.18 08:51:20.698,0.91706,0.91749,1.92,1.95
2013.02.18 08:51:55.684,0.91706,0.9175,1.69,1.35
2013.02.18 08:51:59.330,0.91706,0.9175,1.69,1.35
2013.02.18 08:52:07.061,0.91703,0.91743,1.35,1.95
2013.02.18 08:52:07.200,0.917,0.91743,2.18,1.20
2013.02.18 08:52:07.259,0.917,0.9174,2.18,1.35
2013.02.18 08:52:09.391,0.917,0.91741,2.18,1.35
2013.02.18 08:52:14.241,0.917,0.91741,1.95,1.35
2013.02.18 08:52:19.509,0.917,0.91738,1.95,1.78
2013.02.18 08:52:20.223,0.917,0.91735,1.35,1.20
2013.02.18 08:52:20.770,0.91688,0.91733,1.56,1.58
2013.02.18 08:52:20.890,0.91688,0.91733,1.56,1.58
2013.02.18 08:52:21.439,0.91687,0.91733,1.35,1.58
2013.02.18 08:52:22.164,0.91687,0.91734,1.35,1.95
2013.02.18 08:52:28.760,0.9169,0.91734,1.59,1.95
2013.02.18 08:52:29.418,0.9169,0.91734,1.59,1.95
2013.02.18 08:52:29.990,0.9169,0.91733,1.59,1.58
2013.02.18 08:52:32.251,0.9169,0.91733,1.59,1.58
2013.02.18 08:52:35.320,0.91689,0.91733,1.69,2.40
2013.02.18 08:52:36.450,0.9169,0.91733,1.92,1.58
2013.02.18 08:52:36.570,0.9169,0.91733,1.35,1.58
2013.02.18 08:52:36.921,0.9169,0.91733,1.35,1.58
2013.02.18 08:52:37.250,0.9169,0.91733,1.80,1.58
2013.02.18 08:52:37.421,0.91691,0.91736,1.32,1.20
2013.02.18 08:52:38.960,0.91691,0.91733,2.07,1.58
2013.02.18 08:52:43.724,0.91692,0.91733,1.73,1.58
2013.02.18 08:52:45.750,0.91691,0.91733,1.73,2.25
2013.02.18 08:52:46.310,0.91697,0.91736,1.20,1.35
2013.02.18 08:52:46.430,0.91699,0.91736,1.35,1.35
2013.02.18 08:52:46.966,0.91692,0.91736,1.58,1.35
2013.02.18 08:52:51.170,0.91692,0.91737,1.58,1.20
2013.02.18 08:52:52.282,0.91692,0.91737,1.95,1.58
2013.02.18 08:52:53.082,0.91692,0.91733,1.35,1.58
2013.02.18 08:52:53.261,0.91692,0.91733,1.35,1.58
2013.02.18 08:52:53.320,0.91692,0.91733,1.35,1.58
2013.02.18 08:52:57.369,0.91691,0.91731,1.74,1.58
2013.02.18 08:52:58.826,0.91692,0.91734,1.35,1.58
2013.02.18 08:52:59.540,0.91692,0.91734,1.35,1.58
2013.02.18 08:52:59.660,0.91694,0.91736,1.58,1.35
2013.02.18 08:53:00.547,0.91695,0.91736,1.38,1.35
2013.02.18 08:53:07.724,0.91693,0.9173,1.61,1.58
2013.02.18 08:53:10.271,0.91691,0.91729,1.35,1.58
2013.02.18 08:53:10.480,0.91691,0.91729,2.10,1.58
2013.02.18 08:53:11.509,0.91692,0.91728,2.10,1.58
2013.02.18 08:53:12.250,0.91692,0.91725,1.35,1.20
2013.02.18 08:53:12.380,0.91692,0.91725,1.35,1.20
2013.02.18 08:53:18.205,0.91688,0.91725,1.83,1.58
2013.02.18 08:53:18.597,0.91694,0.91729,1.35,1.58
2013.02.18 08:53:19.640,0.91694,0.91729,1.35,1.58
2013.02.18 08:53:32.850,0.91693,0.91729,2.03,1.58
2013.02.18 08:53:33.113,0.91693,0.91729,1.58,1.58
2013.02.18 08:53:33.430,0.91693,0.91729,1.79,1.58
2013.02.18 08:53:35.980,0.91693,0.91729,2.54,1.58
2013.02.18 08:53:36.220,0.91694,0.91729,1.61,1.58
2013.02.18 08:53:44.954,0.91693,0.91729,2.43,1.58
2013.02.18 08:53:46.483,0.91694,0.91729,1.47,1.58
2013.02.18 08:53:50.910,0.91697,0.91729,1.03,1.58
2013.02.18 08:53:53.449,0.91697,0.91729,1.78,1.58
2013.02.18 08:53:53.536,0.91697,0.91729,1.35,1.58
2013.02.18 08:53:54.093,0.91697,0.91729,1.35,1.58
2013.02.18 08:53:58.832,0.91696,0.91729,1.35,1.58
2013.02.18 08:53:58.890,0.91697,0.91729,1.26,1.58
2013.02.18 08:54:38.151,0.91698,0.91734,1.20,1.35
2013.02.18 08:54:40.121,0.91698,0.91734,1.20,1.35
2013.02.18 08:54:41.001,0.91698,0.91734,1.20,1.35
2013.02.18 08:54:43.921,0.91698,0.91734,1.95,1.35
2013.02.18 08:54:46.951,0.91698,0.91734,1.20,1.35
2013.02.18 08:54:47.821,0.91698,0.91734,1.20,1.35
2013.02.18 08:54:47.944,0.91692,0.91728,2.23,1.35
2013.02.18 08:54:48.025,0.91692,0.91728,1.58,1.58
2013.02.18 08:54:48.707,0.91691,0.91727,1.20,1.58
2013.02.18 08:54:49.051,0.91691,0.91727,1.95,1.58
2013.02.18 08:54:49.310,0.91693,0.91728,1.35,1.58
2013.02.18 08:54:49.630,0.91692,0.91729,1.20,1.95
2013.02.18 08:54:49.750,0.91692,0.91729,1.20,1.95
2013.02.18 08:54:49.827,0.91692,0.91729,1.20,1.95
2013.02.18 08:54:53.060,0.91691,0.91729,1.95,1.58
2013.02.18 08:55:02.714,0.91693,0.91729,1.47,1.58
2013.02.18 08:55:09.662,0.91694,0.91732,1.63,2.33
2013.02.18 08:55:31.832,0.91694,0.91732,1.63,2.33
2013.02.18 08:55:31.940,0.91694,0.91732,1.63,2.33
2013.02.18 08:55:32.001,0.91698,0.91732,1.61,2.33
2013.02.18 08:55:32.121,0.91696,0.91732,1.59,2.33
2013.02.18 08:55:33.721,0.91695,0.91732,1.25,2.33
2013.02.18 08:55:36.253,0.91695,0.91732,1.25,2.33
2013.02.18 08:55:36.700,0.91698,0.91732,1.47,2.33
2013.02.18 08:55:38.441,0.91696,0.91732,1.41,2.33
2013.02.18 08:55:42.056,0.91696,0.91732,1.32,2.33
2013.02.18 08:55:42.560,0.91698,0.91732,1.41,2.33
2013.02.18 08:55:46.970,0.91693,0.91732,1.56,2.33
2013.02.18 08:55:47.901,0.91693,0.91735,1.56,1.35
2013.02.18 08:56:05.021,0.91692,0.91723,1.35,1.58
2013.02.18 08:56:05.140,0.9169,0.91723,1.73,1.58
2013.02.18 08:56:05.262,0.91687,0.91723,1.83,1.58
2013.02.18 08:56:06.400,0.91687,0.9172,1.83,1.58
2013.02.18 08:56:06.700,0.91683,0.91719,1.73,1.35
2013.02.18 08:56:06.820,0.91681,0.91719,2.48,1.35
2013.02.18 08:56:15.718,0.91684,0.91719,1.50,1.35
2013.02.18 08:56:18.135,0.9168,0.91719,2.76,1.35
2013.02.18 08:56:20.889,0.9168,0.91719,1.58,1.35
2013.02.18 08:56:22.020,0.91684,0.91724,1.32,1.58
2013.02.18 08:56:26.510,0.91685,0.91724,1.45,1.58
2013.02.18 08:56:27.190,0.91683,0.91724,1.43,1.58
2013.02.18 08:56:37.069,0.91689,0.91726,1.25,2.33
2013.02.18 08:56:53.073,0.91691,0.91729,1.27,1.35
2013.02.18 08:56:53.311,0.91694,0.91732,1.20,1.35
2013.02.18 08:56:53.523,0.91693,0.91733,1.41,1.20
2013.02.18 08:57:09.541,0.91694,0.91734,1.58,1.35
2013.02.18 08:57:21.021,0.91694,0.91734,1.58,1.35
2013.02.18 08:57:22.419,0.91693,0.91731,1.30,1.35
2013.02.18 08:57:22.540,0.91693,0.91729,1.45,1.35
2013.02.18 08:57:22.670,0.91692,0.91729,1.52,1.95
2013.02.18 08:57:22.790,0.91693,0.91729,1.54,1.35
2013.02.18 08:57:23.040,0.91691,0.91729,1.29,1.35
2013.02.18 08:57:23.360,0.91694,0.91733,1.36,1.58
2013.02.18 08:57:24.118,0.91692,0.91729,1.36,1.35
2013.02.18 08:57:24.251,0.91689,0.91728,1.32,1.58
2013.02.18 08:57:24.790,0.91689,0.91726,1.32,1.20
2013.02.18 08:57:25.661,0.91684,0.91722,1.56,1.20
2013.02.18 08:57:26.222,0.91684,0.91722,1.52,1.20
2013.02.18 08:57:27.700,0.91688,0.91723,1.25,1.58
2013.02.18 08:57:27.921,0.91687,0.91724,1.20,1.73
2013.02.18 08:57:29.316,0.9169,0.91728,1.58,1.95
2013.02.18 08:57:30.584,0.91696,0.91728,2.33,1.35
2013.02.18 08:57:30.640,0.91701,0.91733,1.35,3.42
2013.02.18 08:57:30.780,0.91701,0.91733,1.58,2.48
2013.02.18 08:57:31.030,0.91691,0.91729,1.95,1.58
2013.02.18 08:57:32.001,0.91693,0.91733,2.01,1.58
2013.02.18 08:57:32.306,0.91687,0.91732,1.35,1.58
2013.02.18 08:57:32.551,0.91686,0.91728,1.38,1.35
2013.02.18 08:57:32.922,0.91684,0.91724,1.23,1.13
2013.02.18 08:57:32.980,0.91682,0.91724,3.08,1.13
2013.02.18 08:57:33.341,0.9168,0.91718,1.35,1.35
2013.02.18 08:57:33.446,0.9168,0.91724,1.35,1.35
2013.02.18 08:57:34.106,0.91685,0.91724,2.33,1.35
2013.02.18 08:57:34.420,0.91688,0.91724,1.35,1.35
2013.02.18 08:57:34.725,0.91687,0.91723,1.12,1.58
2013.02.18 08:57:34.780,0.91682,0.91723,1.73,1.58
2013.02.18 08:57:36.211,0.91682,0.91723,1.58,1.73
2013.02.18 08:57:36.330,0.91684,0.91723,1.41,1.73
2013.02.18 08:57:37.654,0.91682,0.91724,2.01,1.35
2013.02.18 08:57:37.772,0.91682,0.91724,2.01,1.35
2013.02.18 08:57:37.891,0.91682,0.91721,1.98,1.35
2013.02.18 08:57:40.702,0.9168,0.91719,1.67,1.58
2013.02.18 08:57:43.751,0.9168,0.91719,1.96,1.58
2013.02.18 08:57:43.990,0.91686,0.91724,1.58,3.45
2013.02.18 08:57:44.170,0.91684,0.91724,1.39,1.95
2013.02.18 08:57:44.351,0.91681,0.91722,1.35,1.58
2013.02.18 08:57:49.171,0.9168,0.91722,1.29,2.70
2013.02.18 08:57:49.760,0.9168,0.91722,1.56,2.70
2013.02.18 08:57:50.506,0.9168,0.91722,1.52,2.70
2013.02.18 08:57:52.152,0.91679,0.91722,1.34,2.70
2013.02.18 08:58:00.550,0.91684,0.91723,1.38,1.95
2013.02.18 08:58:00.861,0.91681,0.91722,1.38,1.73
2013.02.18 08:58:00.920,0.9168,0.91722,1.36,1.95
2013.02.18 08:58:01.552,0.91679,0.91722,1.45,1.95
2013.02.18 08:58:02.672,0.91679,0.91722,1.61,1.95
2013.02.18 08:58:05.491,0.91679,0.91722,1.34,1.95
2013.02.18 08:58:06.247,0.91678,0.91722,1.41,1.58
2013.02.18 08:58:10.014,0.91678,0.91722,1.23,1.58
2013.02.18 08:58:19.722,0.9168,0.91722,1.52,1.20
2013.02.18 08:58:20.411,0.91676,0.91715,1.36,1.58
2013.02.18 08:58:20.630,0.91676,0.91715,1.43,1.58
2013.02.18 08:58:20.750,0.91676,0.91715,1.29,1.58
2013.02.18 08:58:23.360,0.91675,0.91714,1.35,1.35
2013.02.18 08:58:23.681,0.91674,0.91708,1.36,1.95
2013.02.18 08:58:23.761,0.91672,0.91707,1.73,1.20
2013.02.18 08:58:24.340,0.91668,0.91707,1.20,1.58
2013.02.18 08:58:24.422,0.91667,0.917,2.37,2.10
2013.02.18 08:58:24.601,0.91663,0.91701,1.62,1.20
2013.02.18 08:58:24.721,0.91658,0.91703,1.73,3.45
2013.02.18 08:58:24.897,0.91658,0.917,1.73,1.20
2013.02.18 08:58:31.028,0.9166,0.91699,1.23,1.58
2013.02.18 08:58:33.462,0.91664,0.91703,1.35,1.95
2013.02.18 08:58:33.580,0.91665,0.91703,1.98,1.20
2013.02.18 08:58:34.873,0.91667,0.91703,1.50,1.20
2013.02.18 08:58:35.751,0.91668,0.91704,1.52,1.95
2013.02.18 08:58:47.877,0.91666,0.91704,2.16,1.58
2013.02.18 08:58:53.331,0.91666,0.91704,1.58,1.58
2013.02.18 08:58:53.636,0.91666,0.91704,1.58,1.58
2013.02.18 08:59:00.850,0.91665,0.91708,2.23,3.45
2013.02.18 08:59:04.351,0.91665,0.91693,2.38,2.10
2013.02.18 08:59:04.411,0.91665,0.91706,1.63,2.33
2013.02.18 08:59:04.470,0.91662,0.91703,1.58,1.58
2013.02.18 08:59:04.597,0.91661,0.917,3.02,2.33
2013.02.18 08:59:18.380,0.91662,0.917,1.45,2.33
2013.02.18 08:59:21.751,0.9166,0.91698,1.61,1.58
2013.02.18 08:59:21.871,0.91661,0.91698,1.59,1.58
2013.02.18 08:59:33.185,0.9166,0.91703,1.38,1.73
2013.02.18 08:59:34.550,0.91664,0.91703,1.25,1.35
2013.02.18 08:59:35.100,0.91664,0.91703,1.52,1.73
2013.02.18 08:59:35.272,0.9166,0.91701,1.32,1.73
2013.02.18 08:59:35.450,0.91651,0.91698,3.00,1.35
2013.02.18 08:59:35.571,0.91653,0.91699,1.59,2.16
2013.02.18 08:59:35.811,0.91656,0.91698,1.23,1.73
2013.02.18 08:59:36.230,0.91659,0.91698,1.32,1.35
2013.02.18 08:59:36.890,0.91656,0.917,1.50,1.29
2013.02.18 08:59:36.975,0.91656,0.91701,1.50,2.10
2013.02.18 08:59:37.551,0.91655,0.91698,1.87,1.73
2013.02.18 08:59:38.092,0.91656,0.91698,1.32,1.73
2013.02.18 08:59:39.612,0.91656,0.91698,1.47,1.73
2013.02.18 08:59:39.730,0.91656,0.91697,1.23,1.35
2013.02.18 08:59:40.160,0.91653,0.91694,1.62,1.35
2013.02.18 08:59:41.530,0.91653,0.91692,1.35,1.36
2013.02.18 08:59:41.790,0.91653,0.91694,1.35,1.73
2013.02.18 08:59:41.967,0.91648,0.9169,1.38,2.48
2013.02.18 08:59:42.301,0.91651,0.91692,1.50,2.48
2013.02.18 08:59:42.551,0.91648,0.91692,1.29,2.48
2013.02.18 08:59:43.650,0.91646,0.91683,1.38,1.35
2013.02.18 08:59:44.626,0.91643,0.91683,1.41,1.13
2013.02.18 08:59:45.001,0.91646,0.91683,1.61,1.35
2013.02.18 08:59:45.577,0.91646,0.91683,1.38,1.35
2013.02.18 08:59:47.640,0.91638,0.91681,1.35,2.54
2013.02.18 08:59:47.834,0.91645,0.91681,1.52,2.54
2013.02.18 08:59:47.891,0.91645,0.91681,1.52,1.35
2013.02.18 08:59:47.950,0.91641,0.91681,1.23,1.35
2013.02.18 08:59:48.071,0.91638,0.91682,1.65,1.50
2013.02.18 08:59:48.321,0.91633,0.91671,1.73,1.58
2013.02.18 08:59:48.450,0.91626,0.91671,1.73,1.58
2013.02.18 08:59:48.515,0.91627,0.91671,1.73,1.58
2013.02.18 08:59:49.021,0.91617,0.91666,1.58,1.58
2013.02.18 08:59:49.692,0.91617,0.91665,1.58,1.35
2013.02.18 08:59:50.509,0.91617,0.91661,2.33,1.35
2013.02.18 08:59:50.857,0.91614,0.91656,1.17,1.45
2013.02.18 08:59:51.180,0.91617,0.91658,1.14,1.23
2013.02.18 08:59:53.111,0.91614,0.91656,1.37,1.34
2013.02.18 08:59:54.531,0.9161,0.91653,1.01,1.50
2013.02.18 08:59:55.553,0.9161,0.91654,1.10,1.73
2013.02.18 08:59:55.992,0.91606,0.91649,2.85,1.45
2013.02.18 08:59:56.402,0.91602,0.91647,1.36,1.43
2013.02.18 08:59:58.432,0.91601,0.91644,1.63,2.48
2013.02.18 08:59:58.889,0.91601,0.91645,1.20,2.91
2013.02.18 08:59:59.401,0.91595,0.91638,1.10,1.73
2013.02.18 08:59:59.801,0.91592,0.91637,2.04,1.73
