2011.10.25 16:00:00.568,0.86685,0.86732,3.00,3.00
2011.10.25 16:00:00.898,0.86689,0.86735,1.35,3.00
2011.10.25 16:00:01.468,0.86684,0.86734,1.35,3.00
2011.10.25 16:00:01.910,0.8669,0.86735,1.35,3.00
2011.10.25 16:00:02.536,0.86695,0.86744,2.63,3.00
2011.10.25 16:00:02.648,0.8669,0.86734,1.35,3.00
2011.10.25 16:00:02.757,0.8669,0.86734,1.35,2.25
2011.10.25 16:00:02.867,0.86695,0.86744,3.00,3.00
2011.10.25 16:00:02.978,0.86694,0.86743,3.00,3.00
2011.10.25 16:00:03.421,0.86692,0.86738,1.35,1.35
2011.10.25 16:00:03.729,0.86691,0.86738,1.35,1.35
2011.10.25 16:00:04.169,0.86693,0.86735,2.48,3.00
2011.10.25 16:00:04.874,0.86703,0.86738,1.35,2.25
2011.10.25 16:00:04.970,0.86703,0.86746,1.35,2.63
2011.10.25 16:00:05.381,0.86703,0.86749,1.35,3.23
2011.10.25 16:00:05.498,0.86703,0.86748,1.35,3.60
2011.10.25 16:00:05.827,0.86703,0.86748,1.35,3.60
2011.10.25 16:00:06.047,0.86703,0.86748,1.35,3.23
2011.10.25 16:00:06.692,0.8671,0.86753,1.35,2.63
2011.10.25 16:00:07.027,0.8671,0.86754,3.23,1.35
2011.10.25 16:00:07.797,0.8671,0.86755,3.60,1.35
2011.10.25 16:00:08.959,0.8671,0.86756,3.60,3.23
2011.10.25 16:00:09.408,0.86718,0.8676,3.00,2.48
2011.10.25 16:00:09.518,0.86718,0.86759,2.63,1.35
2011.10.25 16:00:13.009,0.86704,0.86747,1.35,1.35
2011.10.25 16:00:13.119,0.86704,0.86747,1.35,1.35
2011.10.25 16:00:13.229,0.86709,0.86749,1.35,2.63
2011.10.25 16:00:13.642,0.86709,0.86753,2.85,1.35
2011.10.25 16:00:13.759,0.86704,0.86746,3.23,1.35
2011.10.25 16:00:13.869,0.86704,0.86741,2.63,1.35
2011.10.25 16:00:14.503,0.86694,0.86738,5.10,1.35
2011.10.25 16:00:15.067,0.86695,0.86741,1.35,1.35
2011.10.25 16:00:15.399,0.86696,0.86742,1.35,3.23
2011.10.25 16:00:16.390,0.86696,0.86745,1.35,1.35
2011.10.25 16:00:16.726,0.86703,0.86749,1.35,3.60
2011.10.25 16:00:17.450,0.867,0.86749,3.23,1.35
2011.10.25 16:00:17.928,0.867,0.86747,1.35,3.00
2011.10.25 16:00:18.038,0.86703,0.86747,1.35,2.63
2011.10.25 16:00:18.367,0.86704,0.86752,3.00,1.35
2011.10.25 16:00:19.229,0.86705,0.86754,1.35,3.00
2011.10.25 16:00:20.780,0.86705,0.86751,3.60,1.35
2011.10.25 16:00:21.117,0.86713,0.86758,1.35,1.35
2011.10.25 16:00:21.228,0.8671,0.86758,3.60,1.35
2011.10.25 16:00:21.451,0.86713,0.86757,1.35,3.00
2011.10.25 16:00:22.518,0.86707,0.8676,3.00,3.60
2011.10.25 16:00:23.170,0.86718,0.86764,1.35,2.63
2011.10.25 16:00:23.262,0.86728,0.86776,1.35,2.63
2011.10.25 16:00:24.768,0.86728,0.86776,1.35,3.00
2011.10.25 16:00:25.097,0.86728,0.86771,1.35,2.63
2011.10.25 16:00:26.037,0.86734,0.86776,1.35,2.63
2011.10.25 16:00:27.037,0.86734,0.86775,1.35,2.63
2011.10.25 16:00:28.550,0.86734,0.8678,1.35,3.00
2011.10.25 16:00:29.783,0.86734,0.86776,1.35,3.00
2011.10.25 16:00:29.902,0.86728,0.86772,1.35,3.00
2011.10.25 16:00:30.020,0.86728,0.86772,1.35,2.25
2011.10.25 16:00:30.128,0.86728,0.86775,1.35,3.00
2011.10.25 16:00:30.802,0.86728,0.86774,1.35,2.63
2011.10.25 16:00:30.919,0.86728,0.86774,1.35,3.00
2011.10.25 16:00:31.887,0.86725,0.86776,1.35,1.35
2011.10.25 16:00:33.549,0.86729,0.86771,1.35,2.63
2011.10.25 16:00:33.767,0.86725,0.86769,1.35,1.35
2011.10.25 16:00:35.852,0.86725,0.86769,1.35,1.35
2011.10.25 16:00:36.158,0.86725,0.86769,1.35,1.35
2011.10.25 16:00:36.412,0.86725,0.8677,1.35,3.23
2011.10.25 16:00:36.750,0.86725,0.86768,1.35,1.35
2011.10.25 16:00:37.319,0.86725,0.86768,1.35,3.60
2011.10.25 16:00:37.988,0.86724,0.86766,1.35,3.00
2011.10.25 16:00:38.152,0.8672,0.86766,1.35,3.00
2011.10.25 16:00:38.271,0.8672,0.86764,1.35,1.35
2011.10.25 16:00:41.007,0.8672,0.86767,1.35,2.85
2011.10.25 16:00:41.679,0.86723,0.86768,1.35,1.35
2011.10.25 16:00:42.232,0.86726,0.86772,1.35,1.35
2011.10.25 16:00:47.727,0.86728,0.86771,1.35,2.48
2011.10.25 16:00:48.110,0.86724,0.86766,1.35,1.35
2011.10.25 16:00:49.017,0.86728,0.86771,1.35,2.85
2011.10.25 16:00:53.257,0.86728,0.86771,1.35,2.48
2011.10.25 16:00:53.591,0.86731,0.86773,1.35,2.48
2011.10.25 16:00:53.707,0.86731,0.86773,1.35,2.48
2011.10.25 16:00:54.288,0.86731,0.86773,1.35,2.48
2011.10.25 16:00:56.159,0.86727,0.86771,2.10,1.35
2011.10.25 16:00:56.635,0.86731,0.86772,1.35,3.23
2011.10.25 16:00:58.452,0.86726,0.86773,1.35,3.23
2011.10.25 16:00:58.797,0.86732,0.86779,3.23,1.35
2011.10.25 16:00:59.477,0.86731,0.86774,1.35,3.00
2011.10.25 16:00:59.900,0.86733,0.86774,1.35,2.63
2011.10.25 16:01:00.128,0.8673,0.86778,1.35,3.00
2011.10.25 16:01:00.799,0.86738,0.8678,1.35,1.35
2011.10.25 16:01:01.714,0.86738,0.8678,1.35,3.23
2011.10.25 16:01:02.299,0.86739,0.86781,1.35,1.35
2011.10.25 16:01:02.410,0.86742,0.86785,1.35,1.35
2011.10.25 16:01:03.131,0.8674,0.86781,2.48,1.35
2011.10.25 16:01:03.241,0.86735,0.86777,1.35,1.35
2011.10.25 16:01:04.788,0.86737,0.8678,1.35,3.23
2011.10.25 16:01:05.119,0.86738,0.86784,1.35,3.23
2011.10.25 16:01:06.022,0.86738,0.86784,1.35,3.23
2011.10.25 16:01:06.159,0.86738,0.86783,1.35,1.35
2011.10.25 16:01:09.910,0.86738,0.8678,1.35,2.63
2011.10.25 16:01:10.546,0.86737,0.86781,1.35,3.00
2011.10.25 16:01:10.780,0.86738,0.86781,1.35,3.00
2011.10.25 16:01:11.508,0.86738,0.86782,1.35,3.60
2011.10.25 16:01:11.630,0.86738,0.86784,1.35,3.60
2011.10.25 16:01:16.284,0.86738,0.86783,1.35,1.35
2011.10.25 16:01:17.778,0.86738,0.86782,1.35,3.23
2011.10.25 16:01:18.108,0.86738,0.86786,1.35,1.35
2011.10.25 16:01:21.160,0.86738,0.86783,1.35,1.35
2011.10.25 16:01:23.869,0.86738,0.86783,1.35,3.23
2011.10.25 16:01:24.420,0.86743,0.86786,1.35,3.00
2011.10.25 16:01:25.389,0.86742,0.86786,1.35,3.00
2011.10.25 16:01:28.607,0.86743,0.86787,1.35,1.35
2011.10.25 16:01:29.281,0.86745,0.86787,1.35,1.35
2011.10.25 16:01:29.405,0.86743,0.86787,1.35,3.60
2011.10.25 16:01:30.136,0.86744,0.86787,1.35,3.23
2011.10.25 16:01:30.557,0.86741,0.86787,2.48,1.35
2011.10.25 16:01:30.887,0.86745,0.86787,1.35,1.35
2011.10.25 16:01:31.217,0.86741,0.86787,2.48,3.60
2011.10.25 16:01:32.317,0.86744,0.86784,1.35,2.63
2011.10.25 16:01:32.757,0.8674,0.86783,1.35,1.35
2011.10.25 16:01:33.578,0.86739,0.86783,1.35,1.35
2011.10.25 16:01:33.687,0.8674,0.86786,1.35,3.23
2011.10.25 16:01:34.500,0.8674,0.86786,1.35,1.35
2011.10.25 16:01:34.838,0.86745,0.86789,1.35,1.35
2011.10.25 16:01:35.609,0.86745,0.8679,1.35,3.23
2011.10.25 16:01:35.939,0.86744,0.86786,1.35,1.35
2011.10.25 16:01:36.474,0.86744,0.86788,1.35,1.35
2011.10.25 16:01:37.676,0.86744,0.8679,2.85,3.00
2011.10.25 16:01:37.820,0.86748,0.86793,1.35,1.35
2011.10.25 16:01:38.329,0.8675,0.86794,1.35,1.35
2011.10.25 16:01:38.440,0.8675,0.86796,1.35,1.35
2011.10.25 16:01:38.560,0.86757,0.86799,1.35,3.23
2011.10.25 16:01:38.667,0.86759,0.86799,1.35,3.23
2011.10.25 16:01:39.000,0.86754,0.86798,1.35,3.60
2011.10.25 16:01:42.510,0.8676,0.86813,3.23,2.85
2011.10.25 16:01:42.617,0.86765,0.86817,2.25,2.85
2011.10.25 16:01:43.277,0.8676,0.86812,2.85,2.85
2011.10.25 16:01:43.767,0.86765,0.86817,2.25,2.85
2011.10.25 16:01:47.309,0.86765,0.86815,2.25,2.10
2011.10.25 16:01:47.417,0.86757,0.86807,1.35,3.00
2011.10.25 16:01:47.747,0.86757,0.86807,1.35,3.00
2011.10.25 16:01:48.297,0.86757,0.86808,1.35,1.35
2011.10.25 16:01:48.721,0.86757,0.86808,1.35,1.35
2011.10.25 16:01:49.249,0.86757,0.86808,1.35,3.60
2011.10.25 16:01:56.300,0.86753,0.86808,2.85,2.85
2011.10.25 16:01:56.782,0.86757,0.86808,1.35,3.60
2011.10.25 16:02:08.708,0.86762,0.86805,1.13,3.00
2011.10.25 16:02:08.940,0.86758,0.86805,2.63,3.00
2011.10.25 16:02:09.317,0.86757,0.86806,3.60,3.00
2011.10.25 16:02:17.139,0.86763,0.86807,3.00,3.00
2011.10.25 16:02:17.368,0.86757,0.86808,1.35,1.35
2011.10.25 16:02:17.479,0.86757,0.86809,1.35,3.23
2011.10.25 16:02:18.239,0.86757,0.86804,1.35,3.00
2011.10.25 16:02:18.788,0.86756,0.86804,1.35,3.00
2011.10.25 16:02:18.900,0.86756,0.86804,1.35,3.00
2011.10.25 16:02:19.527,0.86757,0.86804,1.35,2.63
2011.10.25 16:02:22.057,0.8676,0.86803,1.35,3.60
2011.10.25 16:02:22.428,0.8676,0.86803,1.35,3.23
2011.10.25 16:02:23.583,0.86764,0.86806,2.85,3.00
2011.10.25 16:02:23.699,0.86752,0.86795,1.35,1.35
2011.10.25 16:02:24.036,0.86754,0.86798,1.35,1.35
2011.10.25 16:02:24.699,0.86763,0.86805,3.00,2.63
2011.10.25 16:02:24.921,0.86763,0.86803,2.63,1.35
2011.10.25 16:02:25.378,0.86753,0.86803,3.00,1.35
2011.10.25 16:02:26.066,0.86752,0.86803,1.35,1.35
2011.10.25 16:02:26.391,0.86752,0.86803,1.35,1.35
2011.10.25 16:02:26.729,0.86752,0.86801,1.35,3.00
2011.10.25 16:02:28.668,0.86756,0.86806,3.00,3.00
2011.10.25 16:02:30.971,0.86757,0.86806,3.00,2.63
2011.10.25 16:02:37.848,0.86762,0.86809,4.35,3.23
2011.10.25 16:02:38.180,0.86764,0.86808,3.00,1.35
2011.10.25 16:02:38.507,0.86765,0.86809,3.00,3.23
2011.10.25 16:02:39.615,0.86764,0.86808,3.00,1.35
2011.10.25 16:02:39.947,0.86762,0.86808,3.60,1.35
2011.10.25 16:02:40.477,0.86765,0.86809,3.00,3.60
2011.10.25 16:02:41.410,0.86765,0.8681,3.00,3.60
2011.10.25 16:02:42.758,0.86765,0.86805,1.35,2.63
2011.10.25 16:02:43.737,0.86768,0.86804,1.35,2.25
2011.10.25 16:02:43.847,0.86768,0.86808,1.35,2.63
2011.10.25 16:02:45.021,0.86768,0.8681,1.35,2.25
2011.10.25 16:02:45.964,0.86769,0.86815,3.00,3.23
2011.10.25 16:02:46.420,0.86769,0.86815,3.00,2.85
2011.10.25 16:02:47.597,0.86776,0.86816,1.35,2.63
2011.10.25 16:02:49.706,0.86776,0.86815,1.35,2.25
2011.10.25 16:02:50.716,0.86776,0.86817,1.35,3.23
2011.10.25 16:02:52.988,0.86775,0.86818,3.23,1.35
2011.10.25 16:02:56.189,0.86775,0.86814,1.35,2.63
2011.10.25 16:02:56.412,0.86776,0.86818,1.35,3.23
2011.10.25 16:02:56.972,0.86777,0.86817,1.35,2.63
2011.10.25 16:02:57.298,0.86779,0.86817,1.35,2.25
2011.10.25 16:02:57.408,0.86779,0.86823,1.35,3.23
2011.10.25 16:02:57.520,0.86777,0.86818,1.35,2.63
2011.10.25 16:02:58.829,0.86779,0.86819,1.35,2.63
2011.10.25 16:03:00.039,0.86781,0.86819,1.35,2.25
2011.10.25 16:03:00.986,0.86781,0.86818,1.35,2.63
2011.10.25 16:03:01.099,0.86779,0.86818,1.35,2.63
2011.10.25 16:03:03.071,0.86776,0.86816,1.35,2.25
2011.10.25 16:03:03.307,0.86778,0.8682,3.00,2.25
2011.10.25 16:03:03.550,0.86776,0.86818,1.35,2.25
2011.10.25 16:03:05.269,0.86784,0.86818,1.35,2.25
2011.10.25 16:03:05.384,0.86784,0.86821,1.35,2.25
2011.10.25 16:03:05.497,0.86783,0.86821,1.35,2.63
2011.10.25 16:03:05.607,0.86783,0.86818,1.35,2.25
2011.10.25 16:03:07.219,0.8678,0.86821,1.35,2.63
2011.10.25 16:03:07.522,0.8678,0.8682,1.35,2.25
2011.10.25 16:03:07.637,0.86783,0.86825,3.00,2.85
2011.10.25 16:03:08.216,0.86787,0.86826,1.35,2.63
2011.10.25 16:03:17.590,0.86787,0.86822,1.35,2.25
2011.10.25 16:03:17.703,0.86787,0.8683,1.35,3.23
2011.10.25 16:03:17.817,0.86789,0.8683,1.35,3.23
2011.10.25 16:03:20.578,0.86791,0.8683,1.35,2.63
2011.10.25 16:03:20.690,0.86789,0.86831,3.00,2.25
2011.10.25 16:03:20.802,0.86789,0.86832,2.63,1.35
2011.10.25 16:03:21.439,0.86785,0.86823,1.35,2.25
2011.10.25 16:03:21.955,0.86785,0.86829,3.60,2.63
2011.10.25 16:03:22.489,0.86788,0.86829,1.35,2.25
2011.10.25 16:03:22.819,0.86789,0.86831,3.00,2.25
2011.10.25 16:03:23.038,0.86792,0.86836,3.00,2.63
2011.10.25 16:03:25.587,0.86793,0.86837,3.00,2.25
2011.10.25 16:03:25.697,0.86797,0.86841,3.00,3.23
2011.10.25 16:03:26.435,0.86798,0.86841,1.35,2.63
2011.10.25 16:03:26.616,0.86798,0.86841,1.35,3.00
2011.10.25 16:03:27.517,0.86794,0.86838,3.23,3.00
2011.10.25 16:03:28.129,0.86797,0.86833,1.35,2.25
2011.10.25 16:03:28.249,0.86797,0.86839,1.35,2.63
2011.10.25 16:03:28.987,0.86798,0.86842,3.60,3.23
2011.10.25 16:03:32.367,0.86798,0.86842,3.60,3.23
2011.10.25 16:03:34.459,0.86798,0.86842,3.60,3.23
2011.10.25 16:03:34.737,0.86796,0.86839,1.35,3.00
2011.10.25 16:03:40.463,0.86796,0.86832,1.35,2.25
2011.10.25 16:03:41.701,0.86794,0.86832,1.35,2.25
2011.10.25 16:03:41.930,0.86794,0.8683,1.35,2.25
2011.10.25 16:03:42.698,0.86794,0.86832,1.35,2.25
2011.10.25 16:03:44.232,0.86794,0.86834,1.35,2.63
2011.10.25 16:03:44.738,0.86795,0.86834,1.35,2.63
2011.10.25 16:03:48.954,0.86795,0.86831,1.35,2.25
2011.10.25 16:03:49.290,0.86798,0.86831,1.35,2.25
2011.10.25 16:03:49.397,0.86798,0.86836,1.35,2.25
2011.10.25 16:03:50.773,0.86798,0.86839,1.35,2.63
2011.10.25 16:03:51.366,0.86795,0.86839,3.60,3.00
2011.10.25 16:03:53.730,0.86799,0.86834,1.35,2.25
2011.10.25 16:03:54.310,0.86796,0.86837,1.35,2.63
2011.10.25 16:03:55.007,0.86799,0.86839,1.35,2.63
2011.10.25 16:03:57.948,0.86799,0.86837,1.35,2.63
2011.10.25 16:03:58.853,0.86799,0.86836,1.35,2.25
2011.10.25 16:03:59.380,0.86799,0.86835,1.35,2.25
2011.10.25 16:04:00.600,0.86799,0.86836,1.35,2.25
2011.10.25 16:04:01.198,0.86801,0.86836,1.35,2.25
2011.10.25 16:04:01.705,0.868,0.86836,2.48,2.63
2011.10.25 16:04:01.820,0.86797,0.86834,1.35,2.63
2011.10.25 16:04:01.929,0.86795,0.86834,2.85,2.63
2011.10.25 16:04:02.037,0.86795,0.86832,2.85,2.25
2011.10.25 16:04:02.603,0.86796,0.86832,1.35,2.25
2011.10.25 16:04:04.388,0.868,0.86832,1.35,2.25
2011.10.25 16:04:04.504,0.868,0.86837,1.35,2.25
2011.10.25 16:04:06.233,0.868,0.86838,1.35,3.23
2011.10.25 16:04:06.876,0.868,0.86832,1.35,2.25
2011.10.25 16:04:07.099,0.86797,0.86832,1.35,2.25
2011.10.25 16:04:07.209,0.86794,0.86836,3.00,2.63
2011.10.25 16:04:07.443,0.86793,0.86834,1.35,2.63
2011.10.25 16:04:08.234,0.86793,0.86831,1.35,2.25
2011.10.25 16:04:08.680,0.86793,0.86838,3.60,3.00
2011.10.25 16:04:12.648,0.86796,0.86841,2.63,3.60
2011.10.25 16:04:14.699,0.86793,0.86836,1.35,2.25
2011.10.25 16:04:15.739,0.86796,0.86841,3.00,3.23
2011.10.25 16:04:21.778,0.86802,0.8684,1.35,2.25
2011.10.25 16:04:21.887,0.86802,0.86845,1.35,3.23
2011.10.25 16:04:24.193,0.86803,0.86845,3.00,2.85
2011.10.25 16:04:24.299,0.86808,0.86852,1.35,3.00
2011.10.25 16:04:24.758,0.86813,0.86849,1.35,2.25
2011.10.25 16:04:25.703,0.86813,0.86854,1.35,2.63
2011.10.25 16:04:30.028,0.86808,0.8685,1.35,2.63
2011.10.25 16:04:31.069,0.86809,0.86852,2.63,3.00
2011.10.25 16:04:40.980,0.86802,0.86849,3.23,1.35
2011.10.25 16:04:42.778,0.86795,0.86838,3.60,3.00
2011.10.25 16:04:43.486,0.86799,0.86842,2.63,3.60
2011.10.25 16:04:43.928,0.86804,0.86842,1.35,2.63
2011.10.25 16:04:46.851,0.86804,0.86846,3.23,3.00
2011.10.25 16:04:47.168,0.86802,0.86846,3.60,3.00
2011.10.25 16:04:47.886,0.86802,0.86844,3.00,2.85
2011.10.25 16:04:48.919,0.8681,0.86853,3.00,4.73
2011.10.25 16:04:53.359,0.86806,0.86849,3.23,3.60
2011.10.25 16:04:54.670,0.86806,0.86848,2.63,2.48
2011.10.25 16:04:54.998,0.8681,0.86848,3.00,2.48
2011.10.25 16:04:55.109,0.8681,0.86853,3.00,5.10
2011.10.25 16:04:56.437,0.8681,0.86853,3.60,3.60
2011.10.25 16:04:58.726,0.86814,0.86858,3.00,5.10
2011.10.25 16:04:59.233,0.86814,0.86858,3.60,3.60
2011.10.25 16:04:59.431,0.86816,0.86858,1.35,3.23
2011.10.25 16:05:02.046,0.86814,0.86858,3.60,3.60
2011.10.25 16:05:02.448,0.8682,0.86861,2.63,3.60
2011.10.25 16:05:05.107,0.8682,0.86858,2.25,1.35
2011.10.25 16:05:05.328,0.86807,0.86848,3.60,2.63
2011.10.25 16:05:05.438,0.86807,0.86848,4.35,2.25
2011.10.25 16:05:05.548,0.86815,0.86855,3.00,2.48
2011.10.25 16:05:05.938,0.86815,0.86857,3.60,3.60
2011.10.25 16:05:06.547,0.86815,0.86853,3.23,1.35
2011.10.25 16:05:06.998,0.86805,0.86849,2.85,1.35
2011.10.25 16:05:07.220,0.8681,0.86851,1.35,3.23
2011.10.25 16:05:08.251,0.86811,0.86852,3.00,2.63
2011.10.25 16:05:18.037,0.8681,0.86853,3.60,2.63
2011.10.25 16:05:19.182,0.86812,0.8686,3.23,3.00
2011.10.25 16:05:20.663,0.86812,0.86852,1.35,2.63
2011.10.25 16:05:20.761,0.8682,0.86861,2.63,3.23
2011.10.25 16:05:21.998,0.8682,0.86861,2.25,3.60
2011.10.25 16:05:22.109,0.86809,0.86848,1.35,2.63
2011.10.25 16:05:22.218,0.86814,0.86848,1.35,2.25
2011.10.25 16:05:22.329,0.86815,0.86857,3.00,3.60
2011.10.25 16:05:22.439,0.86818,0.86857,1.35,2.63
2011.10.25 16:05:28.175,0.86819,0.86862,3.23,3.00
2011.10.25 16:05:28.508,0.86819,0.86858,1.35,2.63
2011.10.25 16:05:28.839,0.86817,0.86858,2.85,2.63
2011.10.25 16:05:29.167,0.86823,0.86865,3.00,1.35
2011.10.25 16:05:29.940,0.86823,0.86861,2.63,1.35
2011.10.25 16:05:32.498,0.8682,0.86861,2.48,3.00
2011.10.25 16:05:32.779,0.86824,0.86861,1.35,2.63
2011.10.25 16:05:34.025,0.86827,0.86861,2.48,2.63
2011.10.25 16:05:34.371,0.86833,0.8686,1.35,2.25
2011.10.25 16:05:34.505,0.86833,0.86871,1.35,2.25
2011.10.25 16:05:34.618,0.86831,0.86871,1.35,2.63
2011.10.25 16:05:35.267,0.86833,0.8687,1.35,2.63
2011.10.25 16:05:35.599,0.86827,0.86869,1.35,2.63
2011.10.25 16:05:35.709,0.86828,0.86869,1.35,2.63
2011.10.25 16:05:37.893,0.86832,0.86873,2.63,1.35
2011.10.25 16:05:38.750,0.86828,0.86869,1.35,2.63
2011.10.25 16:05:39.360,0.86835,0.86876,3.00,2.63
2011.10.25 16:05:39.467,0.86835,0.86876,2.25,3.00
2011.10.25 16:05:39.577,0.86828,0.86869,1.35,2.63
2011.10.25 16:05:40.159,0.86831,0.86869,1.35,2.25
2011.10.25 16:05:40.788,0.86831,0.86869,1.35,2.63
2011.10.25 16:05:43.132,0.86828,0.86869,1.35,2.25
2011.10.25 16:05:43.631,0.86834,0.86872,1.35,2.25
2011.10.25 16:05:43.790,0.86834,0.86872,1.35,2.25
2011.10.25 16:05:44.551,0.8684,0.86881,3.23,3.00
2011.10.25 16:05:44.669,0.86841,0.86881,1.35,2.63
2011.10.25 16:05:45.628,0.8684,0.86875,1.35,2.25
2011.10.25 16:05:45.741,0.86831,0.86865,2.25,2.10
2011.10.25 16:05:46.080,0.86819,0.86853,2.25,1.35
2011.10.25 16:05:46.308,0.86806,0.86852,3.60,1.35
2011.10.25 16:05:46.750,0.86806,0.86854,1.35,1.35
2011.10.25 16:05:46.859,0.86806,0.86853,1.35,1.35
2011.10.25 16:05:46.967,0.86806,0.86851,1.35,1.35
2011.10.25 16:05:47.508,0.86806,0.86851,1.35,1.35
2011.10.25 16:05:48.059,0.86806,0.86852,1.35,1.35
2011.10.25 16:05:49.491,0.86807,0.86857,1.35,1.35
2011.10.25 16:05:49.612,0.86807,0.86857,1.35,1.35
2011.10.25 16:05:52.759,0.86806,0.86857,1.35,1.35
2011.10.25 16:05:52.977,0.86807,0.86854,1.35,3.00
2011.10.25 16:05:54.004,0.86807,0.86855,1.35,3.00
2011.10.25 16:05:54.124,0.86816,0.86858,3.00,1.35
2011.10.25 16:05:56.761,0.86811,0.86856,3.00,3.00
2011.10.25 16:05:56.988,0.86817,0.86858,2.63,1.35
2011.10.25 16:05:57.530,0.86818,0.86863,3.23,1.35
2011.10.25 16:05:57.651,0.8682,0.86864,1.35,1.35
2011.10.25 16:05:58.947,0.86817,0.86865,3.00,3.60
2011.10.25 16:06:01.942,0.86814,0.86861,3.60,3.00
2011.10.25 16:06:02.288,0.86815,0.86862,3.00,3.00
2011.10.25 16:06:02.507,0.86816,0.86862,3.00,3.00
2011.10.25 16:06:02.851,0.86816,0.86862,3.00,3.00
2011.10.25 16:06:03.000,0.86816,0.86862,3.00,3.00
2011.10.25 16:06:03.547,0.86814,0.86862,3.60,3.00
2011.10.25 16:06:03.768,0.86814,0.86862,3.60,3.00
2011.10.25 16:06:03.878,0.86815,0.86863,2.63,3.00
2011.10.25 16:06:04.467,0.86814,0.86861,1.35,3.00
2011.10.25 16:06:12.446,0.86813,0.86861,1.35,3.00
2011.10.25 16:06:13.131,0.86809,0.86857,3.00,2.63
2011.10.25 16:06:15.228,0.86816,0.8686,1.35,3.00
2011.10.25 16:06:16.049,0.86816,0.86861,1.35,3.60
2011.10.25 16:06:16.777,0.86816,0.8686,1.35,3.00
2011.10.25 16:06:17.590,0.86816,0.8686,3.60,2.63
2011.10.25 16:06:17.709,0.86816,0.8686,3.60,3.00
2011.10.25 16:06:18.463,0.86816,0.8686,3.60,3.00
2011.10.25 16:06:19.525,0.86816,0.86861,1.35,3.60
2011.10.25 16:06:20.181,0.86816,0.8686,1.35,3.00
2011.10.25 16:06:20.787,0.86816,0.86861,1.35,3.60
2011.10.25 16:06:21.517,0.86816,0.8686,1.35,3.00
2011.10.25 16:06:21.849,0.86819,0.86863,3.00,1.35
2011.10.25 16:06:21.957,0.86819,0.86863,3.00,1.35
2011.10.25 16:06:22.288,0.86818,0.86863,3.00,1.35
2011.10.25 16:06:22.992,0.8682,0.86861,2.63,1.35
2011.10.25 16:06:23.100,0.8682,0.86863,3.00,1.35
2011.10.25 16:06:23.441,0.86819,0.86863,3.00,1.35
2011.10.25 16:06:23.959,0.86819,0.86862,3.00,1.35
2011.10.25 16:06:24.379,0.86818,0.86864,3.00,1.35
2011.10.25 16:06:24.713,0.86819,0.86862,3.00,1.35
2011.10.25 16:06:25.156,0.86819,0.86864,3.00,3.60
2011.10.25 16:06:25.589,0.86819,0.86862,2.63,1.35
2011.10.25 16:06:25.927,0.86817,0.86862,3.00,1.35
2011.10.25 16:06:26.917,0.8682,0.86863,3.00,1.35
2011.10.25 16:06:27.611,0.86818,0.86862,3.00,1.35
2011.10.25 16:06:28.148,0.86819,0.86863,3.00,3.60
2011.10.25 16:06:29.363,0.86818,0.86862,3.00,1.35
2011.10.25 16:06:31.173,0.86818,0.86863,3.00,3.23
2011.10.25 16:06:32.169,0.86822,0.86866,3.00,2.63
2011.10.25 16:06:33.412,0.86821,0.86868,3.00,3.00
2011.10.25 16:06:34.307,0.86823,0.86868,3.00,3.00
2011.10.25 16:06:35.571,0.86821,0.86868,3.00,3.00
2011.10.25 16:06:35.999,0.86821,0.86868,3.00,3.00
2011.10.25 16:06:36.338,0.86823,0.86868,3.00,3.00
2011.10.25 16:06:36.450,0.86823,0.86868,3.00,3.00
2011.10.25 16:06:36.905,0.86827,0.86868,1.35,2.63
2011.10.25 16:06:37.456,0.86829,0.86871,1.35,3.00
2011.10.25 16:06:38.128,0.86828,0.86871,3.23,3.00
2011.10.25 16:06:38.577,0.86829,0.86871,1.35,3.00
2011.10.25 16:06:39.120,0.86828,0.86874,3.23,3.00
2011.10.25 16:06:39.682,0.86828,0.86874,1.35,3.00
2011.10.25 16:06:39.939,0.86828,0.86874,3.60,3.00
2011.10.25 16:06:41.591,0.86829,0.86873,1.35,3.00
2011.10.25 16:06:42.058,0.86832,0.86878,3.00,3.60
2011.10.25 16:06:42.171,0.86834,0.86879,3.00,1.35
2011.10.25 16:06:42.860,0.86833,0.86876,3.00,2.63
2011.10.25 16:06:43.395,0.86833,0.86876,3.00,2.25
2011.10.25 16:06:43.508,0.86838,0.86879,3.00,3.23
2011.10.25 16:06:44.130,0.86834,0.86877,3.00,2.63
2011.10.25 16:06:46.088,0.86831,0.86872,3.00,2.63
2011.10.25 16:06:46.201,0.86824,0.86868,3.00,3.00
2011.10.25 16:06:46.903,0.86821,0.86868,1.35,3.00
2011.10.25 16:06:47.243,0.86821,0.86872,3.60,3.23
2011.10.25 16:06:49.433,0.86827,0.86868,1.35,2.25
2011.10.25 16:06:49.552,0.86825,0.86867,2.63,3.00
2011.10.25 16:06:49.669,0.86827,0.86865,1.35,2.63
2011.10.25 16:06:50.000,0.86826,0.8687,2.85,2.25
2011.10.25 16:06:50.227,0.86828,0.8688,2.85,2.25
2011.10.25 16:06:50.821,0.86829,0.8688,1.35,3.00
2011.10.25 16:06:50.943,0.86829,0.86878,1.35,2.63
2011.10.25 16:06:51.058,0.86829,0.86883,3.60,3.00
2011.10.25 16:06:51.750,0.86828,0.86872,1.35,2.63
2011.10.25 16:06:52.733,0.86822,0.86874,3.00,3.00
2011.10.25 16:06:57.448,0.8682,0.86877,3.00,3.00
2011.10.25 16:06:57.563,0.86807,0.86865,3.75,3.00
2011.10.25 16:06:57.899,0.8682,0.86877,3.00,3.60
2011.10.25 16:06:58.008,0.86823,0.86877,3.00,1.35
2011.10.25 16:06:58.228,0.86824,0.86877,2.63,1.35
2011.10.25 16:06:58.558,0.86823,0.86877,3.00,3.60
2011.10.25 16:06:58.887,0.86824,0.86877,3.00,3.60
2011.10.25 16:06:58.998,0.86824,0.86877,3.00,3.60
2011.10.25 16:06:59.439,0.86823,0.86877,3.00,1.35
2011.10.25 16:07:00.218,0.86824,0.86877,3.00,1.35
2011.10.25 16:07:00.330,0.86824,0.86877,3.00,1.35
2011.10.25 16:07:00.728,0.86824,0.86877,3.00,1.35
2011.10.25 16:07:00.838,0.86826,0.86877,3.00,1.35
2011.10.25 16:07:01.279,0.86829,0.86878,3.00,3.00
2011.10.25 16:07:03.728,0.86826,0.86878,3.00,3.00
2011.10.25 16:07:04.061,0.86826,0.86878,3.00,3.00
2011.10.25 16:07:04.618,0.86827,0.86878,3.00,3.00
2011.10.25 16:07:05.174,0.86827,0.86878,3.00,3.00
2011.10.25 16:07:05.291,0.86826,0.86877,3.00,3.00
2011.10.25 16:07:07.153,0.8683,0.86881,3.00,3.00
2011.10.25 16:07:07.489,0.86825,0.86878,3.60,3.00
2011.10.25 16:07:11.049,0.86829,0.86882,2.63,3.00
2011.10.25 16:07:11.158,0.86825,0.86874,1.35,2.63
2011.10.25 16:07:11.691,0.86829,0.86882,3.00,3.00
2011.10.25 16:07:14.917,0.86825,0.86878,3.60,3.00
2011.10.25 16:07:15.249,0.86822,0.86872,3.00,1.35
2011.10.25 16:07:15.358,0.86822,0.86872,3.00,1.35
2011.10.25 16:07:15.799,0.8681,0.86861,1.35,3.60
2011.10.25 16:07:16.428,0.8681,0.86861,1.35,3.60
2011.10.25 16:07:17.058,0.86813,0.86861,3.00,1.35
2011.10.25 16:07:19.330,0.86813,0.86861,3.00,1.35
2011.10.25 16:07:20.149,0.8682,0.86864,1.35,2.25
2011.10.25 16:07:20.261,0.86826,0.86872,3.00,1.35
2011.10.25 16:07:20.631,0.86826,0.86872,3.00,1.35
2011.10.25 16:07:25.383,0.8682,0.86874,3.00,3.00
2011.10.25 16:07:26.947,0.86829,0.86877,2.63,3.00
2011.10.25 16:07:27.600,0.86823,0.86875,1.35,3.00
2011.10.25 16:07:28.550,0.86823,0.86875,1.35,3.00
2011.10.25 16:07:29.083,0.86823,0.86875,1.35,2.63
2011.10.25 16:07:30.669,0.8683,0.86882,3.00,3.23
2011.10.25 16:07:31.371,0.86841,0.86888,2.63,1.35
2011.10.25 16:07:31.500,0.86835,0.86886,1.35,3.00
2011.10.25 16:07:31.718,0.86835,0.86887,3.60,3.00
2011.10.25 16:07:32.012,0.8684,0.86888,3.00,1.35
2011.10.25 16:07:32.130,0.8684,0.86888,2.63,1.35
2011.10.25 16:07:32.904,0.86837,0.86884,3.00,2.63
2011.10.25 16:07:34.520,0.86846,0.86892,3.00,3.00
2011.10.25 16:07:34.999,0.86846,0.86892,2.63,3.00
2011.10.25 16:07:37.241,0.86844,0.86894,1.35,1.35
2011.10.25 16:07:37.467,0.86844,0.86894,1.35,3.60
2011.10.25 16:07:37.578,0.86844,0.86894,1.35,3.60
2011.10.25 16:07:37.908,0.86842,0.86894,1.35,3.60
2011.10.25 16:07:38.145,0.86837,0.8689,3.60,3.00
2011.10.25 16:07:38.260,0.86837,0.8689,3.60,3.00
2011.10.25 16:07:38.698,0.86837,0.86891,1.35,3.60
2011.10.25 16:07:39.049,0.86831,0.86883,1.35,1.35
2011.10.25 16:07:39.951,0.86831,0.86883,1.35,1.35
2011.10.25 16:07:40.737,0.86825,0.8688,3.00,1.35
2011.10.25 16:07:40.847,0.86823,0.8688,1.35,1.35
2011.10.25 16:07:41.178,0.86824,0.86882,3.00,3.00
2011.10.25 16:07:41.617,0.86833,0.86889,3.00,3.60
2011.10.25 16:07:41.837,0.86834,0.86889,3.60,1.35
2011.10.25 16:07:42.291,0.86838,0.86889,3.00,3.60
2011.10.25 16:07:42.938,0.86836,0.86889,3.00,3.60
2011.10.25 16:07:44.447,0.86834,0.86886,1.35,3.00
2011.10.25 16:07:46.529,0.86839,0.86891,1.35,3.00
2011.10.25 16:07:46.637,0.86846,0.86898,3.00,3.00
2011.10.25 16:07:47.396,0.86839,0.86891,1.35,3.00
2011.10.25 16:07:47.617,0.86839,0.8689,1.35,3.00
2011.10.25 16:07:47.837,0.86839,0.8689,1.35,3.00
2011.10.25 16:07:47.947,0.86839,0.86891,1.35,3.00
2011.10.25 16:07:48.278,0.86834,0.86891,3.00,3.00
2011.10.25 16:07:48.388,0.86836,0.8689,3.00,3.00
2011.10.25 16:07:48.498,0.86833,0.86885,3.00,3.00
2011.10.25 16:07:48.718,0.86832,0.86883,3.00,2.63
2011.10.25 16:07:48.830,0.86832,0.86883,3.00,2.63
2011.10.25 16:07:48.937,0.86835,0.86892,3.00,1.35
2011.10.25 16:07:49.048,0.86847,0.86897,3.00,3.00
2011.10.25 16:07:49.381,0.86839,0.86892,1.35,3.00
2011.10.25 16:07:50.127,0.86836,0.8689,3.00,1.35
2011.10.25 16:07:50.700,0.86836,0.8689,3.00,1.35
2011.10.25 16:07:51.471,0.86834,0.8689,3.00,1.35
2011.10.25 16:07:52.470,0.86834,0.8689,3.00,1.35
2011.10.25 16:07:52.771,0.86835,0.8689,3.00,1.35
2011.10.25 16:07:53.388,0.86833,0.86889,3.00,3.00
2011.10.25 16:07:53.523,0.86844,0.8689,2.25,2.25
2011.10.25 16:07:53.641,0.86853,0.86898,2.25,2.85
2011.10.25 16:07:53.978,0.86844,0.86896,3.00,1.35
2011.10.25 16:07:54.198,0.86837,0.86896,3.00,1.35
2011.10.25 16:07:54.790,0.86836,0.86889,3.00,3.00
2011.10.25 16:07:55.388,0.86832,0.86886,3.60,3.00
2011.10.25 16:07:55.497,0.86832,0.86886,3.60,3.00
2011.10.25 16:07:56.736,0.86837,0.8689,3.00,3.00
2011.10.25 16:07:57.417,0.8684,0.86894,3.00,3.00
2011.10.25 16:07:58.959,0.86844,0.86895,2.25,3.00
2011.10.25 16:07:59.291,0.86844,0.86876,2.25,1.35
2011.10.25 16:07:59.411,0.86838,0.86887,2.25,1.35
2011.10.25 16:07:59.531,0.86836,0.86887,3.00,1.35
2011.10.25 16:07:59.758,0.86834,0.86887,1.35,3.60
2011.10.25 16:08:00.089,0.86836,0.86887,3.00,1.35
2011.10.25 16:08:01.188,0.86825,0.86884,3.00,3.00
2011.10.25 16:08:02.520,0.86825,0.86884,3.00,3.00
2011.10.25 16:08:02.629,0.86825,0.86884,3.00,3.00
2011.10.25 16:08:03.230,0.86844,0.86888,2.25,1.50
2011.10.25 16:08:03.450,0.86844,0.86888,2.25,1.50
2011.10.25 16:08:03.559,0.86831,0.86883,3.00,3.00
2011.10.25 16:08:03.667,0.86831,0.86884,3.00,3.00
2011.10.25 16:08:04.379,0.86827,0.86884,3.00,3.00
2011.10.25 16:08:06.726,0.86829,0.86883,3.00,3.00
2011.10.25 16:08:07.258,0.86833,0.86887,3.00,3.00
2011.10.25 16:08:07.698,0.86831,0.86875,2.63,1.35
2011.10.25 16:08:08.209,0.86831,0.86875,3.00,1.35
2011.10.25 16:08:09.352,0.8683,0.86878,1.35,3.00
2011.10.25 16:08:10.385,0.86823,0.86873,1.35,1.35
2011.10.25 16:08:11.950,0.86823,0.86873,1.35,1.35
2011.10.25 16:08:14.298,0.86822,0.86865,2.63,1.35
2011.10.25 16:08:14.628,0.86824,0.8687,3.00,1.35
2011.10.25 16:08:14.738,0.86824,0.86865,2.63,1.35
2011.10.25 16:08:18.921,0.86824,0.86869,2.48,3.00
2011.10.25 16:08:19.148,0.86831,0.86881,2.85,1.35
2011.10.25 16:08:19.728,0.8683,0.86881,1.35,1.35
2011.10.25 16:08:21.660,0.8683,0.86877,1.35,3.00
2011.10.25 16:08:21.778,0.86836,0.86877,1.35,2.25
2011.10.25 16:08:21.889,0.86838,0.86887,3.00,1.35
2011.10.25 16:08:22.110,0.86838,0.86887,3.00,1.35
2011.10.25 16:08:22.280,0.86838,0.86887,3.00,1.35
2011.10.25 16:08:23.298,0.86838,0.86887,3.00,1.35
2011.10.25 16:08:23.627,0.86836,0.86887,1.35,3.60
2011.10.25 16:08:24.050,0.86833,0.86879,3.00,1.35
2011.10.25 16:08:24.269,0.8683,0.86879,1.35,3.60
2011.10.25 16:08:24.779,0.86825,0.86874,3.00,1.35
2011.10.25 16:08:25.258,0.86822,0.86873,2.10,3.00
2011.10.25 16:08:25.983,0.86829,0.86878,1.35,3.00
2011.10.25 16:08:28.651,0.86829,0.86878,1.35,3.00
2011.10.25 16:08:28.769,0.86827,0.86871,3.00,1.35
2011.10.25 16:08:28.988,0.86826,0.86874,3.60,1.35
2011.10.25 16:08:29.338,0.86826,0.86874,1.35,3.60
2011.10.25 16:08:30.011,0.86832,0.86876,3.00,1.35
2011.10.25 16:08:30.128,0.86832,0.86878,3.00,1.35
2011.10.25 16:08:31.183,0.86832,0.86879,3.23,1.35
2011.10.25 16:08:31.299,0.86827,0.86874,1.35,3.00
2011.10.25 16:08:32.052,0.86825,0.86872,1.35,1.35
2011.10.25 16:08:32.780,0.86826,0.86872,3.00,1.35
2011.10.25 16:08:34.942,0.86826,0.86872,3.00,1.35
2011.10.25 16:08:35.060,0.86826,0.86872,2.63,1.35
2011.10.25 16:08:35.167,0.86825,0.86871,1.35,3.00
2011.10.25 16:08:35.440,0.86825,0.86872,3.23,1.35
2011.10.25 16:08:35.767,0.86825,0.86871,1.35,3.00
2011.10.25 16:08:38.540,0.8682,0.86867,1.35,3.00
2011.10.25 16:08:39.431,0.86828,0.86872,3.00,1.35
2011.10.25 16:08:39.658,0.86825,0.86874,1.35,3.23
2011.10.25 16:08:41.179,0.86827,0.86873,3.00,1.35
2011.10.25 16:08:41.847,0.86827,0.86874,3.00,3.60
2011.10.25 16:08:43.219,0.86825,0.8687,1.35,2.63
2011.10.25 16:08:43.761,0.86825,0.8687,1.35,3.00
2011.10.25 16:08:44.098,0.86827,0.86873,3.00,3.60
2011.10.25 16:08:45.410,0.86825,0.86867,1.35,2.63
2011.10.25 16:08:45.628,0.86836,0.8688,1.35,3.00
2011.10.25 16:08:45.738,0.86833,0.86875,2.63,1.35
2011.10.25 16:08:45.959,0.86827,0.86871,1.35,3.00
2011.10.25 16:08:46.710,0.8683,0.86866,1.35,2.25
2011.10.25 16:08:46.817,0.8683,0.86871,1.35,2.63
2011.10.25 16:08:47.300,0.86826,0.86871,2.85,3.00
2011.10.25 16:08:47.888,0.86828,0.86874,1.35,3.00
2011.10.25 16:08:47.999,0.86832,0.86874,1.35,2.63
2011.10.25 16:08:48.702,0.8683,0.8688,3.23,1.35
2011.10.25 16:08:49.847,0.86831,0.86879,1.35,3.00
2011.10.25 16:08:51.481,0.86831,0.8688,1.35,3.60
2011.10.25 16:08:52.069,0.86834,0.8688,3.60,1.35
2011.10.25 16:08:53.719,0.86836,0.86883,3.00,2.85
2011.10.25 16:08:53.830,0.86841,0.86883,1.35,2.25
2011.10.25 16:08:53.941,0.86841,0.86883,1.35,2.63
2011.10.25 16:08:56.929,0.86843,0.86889,3.23,3.00
2011.10.25 16:08:57.507,0.86845,0.86886,1.35,2.63
2011.10.25 16:08:58.008,0.86842,0.8689,3.23,3.00
2011.10.25 16:08:58.670,0.8684,0.86885,1.35,3.60
2011.10.25 16:09:03.258,0.86837,0.86884,3.23,3.00
2011.10.25 16:09:03.369,0.86832,0.86875,1.35,3.23
2011.10.25 16:09:03.728,0.86832,0.86874,1.35,1.35
2011.10.25 16:09:04.487,0.86833,0.86875,1.35,3.60
2011.10.25 16:09:06.050,0.86831,0.86872,2.48,1.35
2011.10.25 16:09:06.158,0.86827,0.86871,2.85,1.35
2011.10.25 16:09:07.028,0.86832,0.86874,1.35,3.00
2011.10.25 16:09:07.969,0.86835,0.86879,3.60,1.35
2011.10.25 16:09:08.671,0.86835,0.86877,3.23,1.35
2011.10.25 16:09:09.009,0.8683,0.86876,3.23,1.35
2011.10.25 16:09:09.838,0.86828,0.86874,2.85,3.00
2011.10.25 16:09:10.701,0.86826,0.8687,3.00,1.35
2011.10.25 16:09:10.820,0.86826,0.86867,2.63,1.35
2011.10.25 16:09:11.408,0.86826,0.86869,3.00,1.35
2011.10.25 16:09:12.790,0.8682,0.86862,1.35,3.00
2011.10.25 16:09:13.339,0.86823,0.86866,1.35,3.00
2011.10.25 16:09:13.465,0.86824,0.86866,1.35,2.63
2011.10.25 16:09:15.172,0.86824,0.86868,1.35,3.00
2011.10.25 16:09:15.290,0.86828,0.86868,1.35,2.63
2011.10.25 16:09:15.510,0.86825,0.86867,1.35,2.63
2011.10.25 16:09:17.419,0.86825,0.86867,1.35,3.00
2011.10.25 16:09:17.829,0.86822,0.86867,1.35,3.00
2011.10.25 16:09:18.048,0.86822,0.86867,1.35,2.63
2011.10.25 16:09:18.381,0.8683,0.86865,1.35,2.25
2011.10.25 16:09:18.490,0.86829,0.86874,1.35,3.00
2011.10.25 16:09:19.179,0.8683,0.86874,1.35,2.63
2011.10.25 16:09:20.371,0.8683,0.86877,1.35,3.00
2011.10.25 16:09:20.691,0.8683,0.86877,1.35,2.63
2011.10.25 16:09:25.741,0.86831,0.86875,3.00,2.63
2011.10.25 16:09:28.428,0.86829,0.86871,1.35,3.00
2011.10.25 16:09:28.828,0.86823,0.86864,1.35,2.25
2011.10.25 16:09:29.050,0.86808,0.86853,2.63,2.25
2011.10.25 16:09:29.766,0.86809,0.86848,2.63,1.35
2011.10.25 16:09:30.512,0.86802,0.86848,3.00,3.23
2011.10.25 16:09:31.058,0.86802,0.86848,3.00,1.35
2011.10.25 16:09:31.278,0.86801,0.86849,3.00,1.35
2011.10.25 16:09:31.498,0.86802,0.8685,3.00,3.23
2011.10.25 16:09:32.221,0.86813,0.86858,3.00,3.23
2011.10.25 16:09:32.341,0.86815,0.86858,1.35,2.63
2011.10.25 16:09:34.290,0.86816,0.86859,1.35,2.63
2011.10.25 16:09:35.028,0.86818,0.86861,3.00,2.63
2011.10.25 16:09:35.740,0.86821,0.86866,3.00,2.63
2011.10.25 16:09:39.207,0.86821,0.86866,3.00,3.00
2011.10.25 16:09:40.129,0.86811,0.86865,3.60,3.60
2011.10.25 16:09:40.239,0.86818,0.86865,3.00,1.35
2011.10.25 16:09:41.848,0.86819,0.86872,3.00,1.35
2011.10.25 16:09:42.770,0.86819,0.86874,3.00,3.23
2011.10.25 16:09:42.991,0.86825,0.86872,2.25,1.35
2011.10.25 16:09:43.218,0.86818,0.86869,3.00,3.00
2011.10.25 16:09:45.238,0.86814,0.86866,3.00,3.00
2011.10.25 16:09:45.426,0.86814,0.86866,2.63,3.00
2011.10.25 16:09:45.757,0.86807,0.86861,1.35,3.00
2011.10.25 16:09:48.080,0.86807,0.8686,3.60,3.00
2011.10.25 16:09:50.137,0.86812,0.86864,3.00,3.00
2011.10.25 16:09:50.357,0.86812,0.86865,3.00,3.00
2011.10.25 16:09:50.470,0.86812,0.86865,3.00,3.00
2011.10.25 16:09:50.858,0.86812,0.86865,3.00,3.00
2011.10.25 16:09:51.560,0.86811,0.86865,3.00,3.00
2011.10.25 16:09:51.888,0.8682,0.86869,3.00,2.63
2011.10.25 16:09:52.498,0.86826,0.86871,3.00,2.63
2011.10.25 16:09:55.603,0.86833,0.8688,3.00,3.23
2011.10.25 16:09:56.731,0.86836,0.86883,1.35,3.60
2011.10.25 16:09:57.531,0.86834,0.86877,1.35,3.00
2011.10.25 16:09:58.434,0.86832,0.86873,1.35,2.63
2011.10.25 16:10:00.095,0.86828,0.8687,1.35,2.25
2011.10.25 16:10:00.440,0.86828,0.8687,1.35,2.63
2011.10.25 16:10:00.990,0.86828,0.86866,1.35,2.25
2011.10.25 16:10:01.208,0.86828,0.86868,1.35,2.25
2011.10.25 16:10:02.600,0.86828,0.8687,1.35,2.63
2011.10.25 16:10:03.748,0.86828,0.86868,1.35,2.25
2011.10.25 16:10:03.858,0.86828,0.86866,1.35,2.25
2011.10.25 16:10:04.511,0.86828,0.86866,1.35,2.25
2011.10.25 16:10:10.548,0.86825,0.86866,1.35,2.25
2011.10.25 16:10:10.769,0.86825,0.86862,1.35,2.25
2011.10.25 16:10:11.141,0.86825,0.86862,1.35,2.25
2011.10.25 16:10:11.411,0.86825,0.86866,1.35,2.25
2011.10.25 16:10:12.309,0.86823,0.86866,2.63,3.60
2011.10.25 16:10:12.419,0.86816,0.86855,1.35,2.63
2011.10.25 16:10:12.529,0.86816,0.86859,1.35,2.63
2011.10.25 16:10:13.731,0.86816,0.86859,1.35,2.25
2011.10.25 16:10:14.323,0.86816,0.86857,1.35,2.63
2011.10.25 16:10:21.751,0.86809,0.86848,1.35,2.25
2011.10.25 16:10:22.079,0.86809,0.86848,1.35,2.25
2011.10.25 16:10:22.188,0.86818,0.8686,1.35,3.00
2011.10.25 16:10:23.949,0.86818,0.8686,1.35,2.63
2011.10.25 16:10:28.279,0.86818,0.86861,1.35,2.63
2011.10.25 16:10:29.479,0.86818,0.8686,1.35,2.25
2011.10.25 16:10:29.590,0.86821,0.86864,3.00,3.23
2011.10.25 16:10:29.821,0.86821,0.86864,2.63,3.60
2011.10.25 16:10:31.685,0.86818,0.86858,1.35,2.25
2011.10.25 16:10:33.217,0.86813,0.86855,1.35,2.63
2011.10.25 16:10:34.268,0.86815,0.86855,2.48,2.63
2011.10.25 16:10:34.490,0.86816,0.86862,1.35,1.35
2011.10.25 16:10:34.708,0.86821,0.86861,1.35,2.63
2011.10.25 16:10:35.658,0.86815,0.8686,1.35,3.60
2011.10.25 16:10:37.058,0.86815,0.8686,1.35,3.23
2011.10.25 16:10:37.380,0.86819,0.8686,2.63,1.35
2011.10.25 16:10:41.015,0.86815,0.8686,1.35,3.60
2011.10.25 16:10:41.684,0.86815,0.86859,1.35,3.00
2011.10.25 16:10:41.799,0.86815,0.86859,1.35,3.00
2011.10.25 16:10:43.171,0.86815,0.86859,1.35,2.63
2011.10.25 16:10:46.750,0.86815,0.86859,1.35,3.00
2011.10.25 16:10:47.600,0.86813,0.86859,3.23,3.00
2011.10.25 16:10:47.818,0.86812,0.86855,1.35,3.00
2011.10.25 16:10:48.630,0.86808,0.86851,2.85,2.63
2011.10.25 16:10:48.738,0.86807,0.86851,1.35,2.63
2011.10.25 16:10:51.905,0.86807,0.86851,1.35,2.63
2011.10.25 16:10:54.058,0.86807,0.86851,1.35,3.00
2011.10.25 16:11:00.710,0.86807,0.86851,1.35,3.00
2011.10.25 16:11:03.458,0.86804,0.86851,3.60,3.00
2011.10.25 16:11:14.551,0.86799,0.86847,3.60,3.00
2011.10.25 16:11:14.902,0.868,0.86848,3.00,3.23
2011.10.25 16:11:16.245,0.86799,0.86848,3.60,1.35
2011.10.25 16:11:16.798,0.86799,0.86845,1.35,3.00
2011.10.25 16:11:17.949,0.86799,0.86845,1.35,3.00
2011.10.25 16:11:18.657,0.86799,0.86845,1.35,2.63
2011.10.25 16:11:19.462,0.868,0.86848,3.00,3.60
2011.10.25 16:11:23.699,0.86799,0.86848,3.60,3.60
2011.10.25 16:11:25.112,0.86799,0.86843,1.35,2.63
2011.10.25 16:11:25.707,0.86799,0.86846,1.35,3.00
2011.10.25 16:11:29.671,0.86796,0.86846,1.35,3.00
2011.10.25 16:11:32.969,0.86798,0.86842,1.35,3.00
2011.10.25 16:11:33.519,0.86796,0.86842,1.35,3.00
2011.10.25 16:11:33.642,0.86795,0.86842,2.85,3.00
2011.10.25 16:11:33.760,0.86792,0.86841,3.23,3.00
2011.10.25 16:11:44.950,0.86786,0.86831,1.35,3.00
2011.10.25 16:11:45.818,0.86786,0.86833,1.35,3.00
2011.10.25 16:11:46.174,0.86786,0.86833,1.35,2.63
2011.10.25 16:11:46.990,0.86786,0.86837,3.60,3.23
2011.10.25 16:11:47.540,0.86792,0.8684,1.35,3.60
2011.10.25 16:11:53.491,0.86792,0.8684,3.60,3.60
2011.10.25 16:11:53.709,0.86792,0.8684,1.35,1.35
2011.10.25 16:12:00.229,0.86792,0.86839,3.60,3.00
2011.10.25 16:12:00.882,0.86792,0.86836,1.35,2.63
2011.10.25 16:12:02.761,0.86796,0.86837,1.35,2.63
2011.10.25 16:12:04.284,0.86796,0.86842,1.35,3.00
2011.10.25 16:12:06.251,0.86798,0.86841,3.00,2.63
2011.10.25 16:12:06.588,0.86804,0.86846,1.35,2.63
2011.10.25 16:12:09.809,0.86804,0.86849,1.35,2.63
2011.10.25 16:12:10.337,0.86804,0.86853,3.60,3.00
2011.10.25 16:12:15.969,0.86804,0.86853,3.60,3.00
2011.10.25 16:12:16.188,0.86804,0.86852,3.60,2.63
2011.10.25 16:12:17.732,0.86804,0.86853,3.60,2.63
2011.10.25 16:12:18.068,0.86812,0.86855,1.35,3.00
2011.10.25 16:12:18.633,0.86812,0.86855,1.35,3.00
2011.10.25 16:12:25.084,0.86812,0.86844,1.35,2.25
2011.10.25 16:12:25.202,0.86808,0.86844,1.35,2.25
2011.10.25 16:12:25.428,0.86804,0.86849,3.60,3.00
2011.10.25 16:12:26.199,0.86805,0.86848,3.00,2.63
2011.10.25 16:12:26.781,0.86804,0.86848,1.35,2.63
2011.10.25 16:12:28.160,0.86804,0.86848,1.35,3.00
2011.10.25 16:12:28.622,0.86804,0.86848,1.35,2.63
2011.10.25 16:12:29.891,0.86804,0.86849,3.60,2.63
2011.10.25 16:12:30.229,0.86805,0.86851,3.00,3.00
2011.10.25 16:12:30.753,0.86801,0.86842,1.35,2.63
2011.10.25 16:12:33.697,0.86803,0.86842,1.35,2.25
2011.10.25 16:12:34.318,0.86799,0.86848,3.00,3.00
2011.10.25 16:12:34.428,0.86799,0.86848,3.00,3.00
2011.10.25 16:12:49.149,0.86798,0.86844,1.35,3.23
2011.10.25 16:12:49.257,0.86798,0.86844,1.35,3.23
2011.10.25 16:12:49.767,0.86803,0.86844,1.35,2.63
2011.10.25 16:12:51.568,0.86799,0.86847,1.35,1.35
2011.10.25 16:12:52.879,0.86799,0.86844,1.35,3.00
2011.10.25 16:12:54.969,0.86799,0.86842,1.35,2.25
2011.10.25 16:12:55.188,0.86805,0.86849,3.00,3.23
2011.10.25 16:12:55.299,0.86806,0.86849,1.35,2.63
2011.10.25 16:12:58.232,0.86806,0.86854,1.35,3.00
2011.10.25 16:13:07.333,0.86806,0.86844,1.35,2.25
2011.10.25 16:13:07.919,0.868,0.86846,3.60,2.85
2011.10.25 16:13:08.251,0.86803,0.86845,1.35,3.00
2011.10.25 16:13:08.370,0.86806,0.86848,1.35,2.63
2011.10.25 16:13:09.281,0.86807,0.8685,1.35,3.00
2011.10.25 16:13:11.873,0.86806,0.8685,1.35,3.00
2011.10.25 16:13:12.098,0.86807,0.86849,1.35,3.00
2011.10.25 16:13:17.968,0.86806,0.86847,1.35,2.63
2011.10.25 16:13:18.558,0.86807,0.8685,1.35,3.00
2011.10.25 16:13:19.421,0.86806,0.8685,1.35,3.00
2011.10.25 16:13:20.190,0.86807,0.86849,1.35,3.00
2011.10.25 16:13:20.691,0.86806,0.8685,1.35,3.00
2011.10.25 16:13:21.610,0.86807,0.86849,1.35,3.00
2011.10.25 16:13:22.100,0.86806,0.86849,1.35,2.63
2011.10.25 16:13:23.268,0.86807,0.86849,1.35,3.00
2011.10.25 16:13:23.610,0.86806,0.86849,1.35,3.00
2011.10.25 16:13:25.916,0.86807,0.86849,1.35,2.63
2011.10.25 16:13:26.891,0.86806,0.86849,1.35,2.63
2011.10.25 16:13:28.108,0.86806,0.86848,1.35,2.63
2011.10.25 16:13:31.030,0.86807,0.86848,1.35,2.63
2011.10.25 16:13:31.749,0.86813,0.86849,2.48,2.63
2011.10.25 16:13:31.859,0.86815,0.86858,2.85,1.50
2011.10.25 16:13:32.300,0.86819,0.86864,2.85,1.35
2011.10.25 16:13:32.409,0.86819,0.86865,2.85,2.85
2011.10.25 16:13:32.521,0.86825,0.86865,2.10,2.25
2011.10.25 16:13:33.109,0.86825,0.86874,2.10,2.85
2011.10.25 16:13:33.222,0.86822,0.86874,2.85,2.25
2011.10.25 16:13:33.338,0.86823,0.86868,1.35,2.63
2011.10.25 16:13:33.955,0.86823,0.86868,1.35,2.63
2011.10.25 16:13:34.588,0.8683,0.86868,1.35,2.25
2011.10.25 16:13:34.698,0.8683,0.8687,1.35,2.63
2011.10.25 16:13:36.840,0.86828,0.86871,1.35,2.63
2011.10.25 16:13:37.231,0.86821,0.86869,3.60,3.00
2011.10.25 16:13:38.896,0.86821,0.8687,1.35,2.25
2011.10.25 16:13:39.119,0.86828,0.86877,3.00,1.35
2011.10.25 16:13:39.720,0.86826,0.86875,3.00,3.23
2011.10.25 16:13:40.548,0.86825,0.86875,3.00,3.60
2011.10.25 16:13:41.209,0.86822,0.86868,2.63,3.00
2011.10.25 16:13:41.540,0.86814,0.86859,1.35,1.35
2011.10.25 16:13:42.983,0.86814,0.86859,1.35,1.35
2011.10.25 16:13:43.103,0.86814,0.86863,2.10,2.25
2011.10.25 16:13:43.328,0.86819,0.8687,2.85,2.25
2011.10.25 16:13:43.550,0.86821,0.86871,1.35,3.00
2011.10.25 16:13:44.634,0.86815,0.86866,3.00,2.63
2011.10.25 16:13:45.631,0.86823,0.86871,3.00,2.85
2011.10.25 16:13:45.848,0.86831,0.86875,3.00,2.63
2011.10.25 16:13:52.649,0.86827,0.8687,1.35,2.63
2011.10.25 16:13:58.171,0.86824,0.86869,3.00,3.00
2011.10.25 16:13:58.291,0.86824,0.86869,3.00,2.63
2011.10.25 16:14:00.478,0.86823,0.86871,3.00,3.00
2011.10.25 16:14:08.697,0.86822,0.86875,3.00,3.00
2011.10.25 16:14:11.539,0.86823,0.86875,3.00,3.00
2011.10.25 16:14:12.937,0.86827,0.86878,3.00,1.35
2011.10.25 16:14:16.509,0.86825,0.86874,3.00,2.63
2011.10.25 16:14:17.110,0.86831,0.86878,1.35,2.25
2011.10.25 16:14:17.835,0.86837,0.86882,3.00,2.63
2011.10.25 16:14:18.169,0.86831,0.86879,1.35,3.00
2011.10.25 16:14:20.252,0.8683,0.86877,2.63,1.35
2011.10.25 16:14:25.019,0.86826,0.86877,3.00,1.35
2011.10.25 16:14:25.834,0.86825,0.86877,2.63,1.35
2011.10.25 16:14:26.260,0.86825,0.86874,3.00,1.35
2011.10.25 16:14:27.123,0.8683,0.86874,2.63,1.35
2011.10.25 16:14:27.338,0.8683,0.86874,2.63,1.35
2011.10.25 16:14:31.438,0.86835,0.86878,2.25,3.00
2011.10.25 16:14:31.548,0.86835,0.86878,3.00,2.63
2011.10.25 16:14:33.869,0.86835,0.86872,3.00,2.10
2011.10.25 16:14:33.980,0.86835,0.8687,2.25,1.35
2011.10.25 16:14:34.090,0.86832,0.8687,2.63,1.35
2011.10.25 16:14:34.310,0.86831,0.86869,2.25,1.35
2011.10.25 16:14:34.420,0.86825,0.86873,3.00,1.35
2011.10.25 16:14:34.970,0.86836,0.86873,2.25,1.35
2011.10.25 16:14:36.348,0.86836,0.86881,3.00,3.00
2011.10.25 16:14:36.462,0.86836,0.86881,2.63,3.00
2011.10.25 16:14:36.579,0.86847,0.86884,2.25,1.35
2011.10.25 16:14:36.689,0.86837,0.86876,2.63,1.35
2011.10.25 16:14:37.042,0.86837,0.86876,2.63,1.35
2011.10.25 16:14:37.406,0.86844,0.86883,2.63,1.35
2011.10.25 16:14:37.629,0.86838,0.86883,2.63,1.35
2011.10.25 16:14:37.739,0.86835,0.86882,3.00,3.00
2011.10.25 16:14:38.318,0.86835,0.86881,3.00,3.00
2011.10.25 16:14:39.218,0.86835,0.8688,3.00,2.63
2011.10.25 16:14:39.363,0.86835,0.8688,3.00,2.25
2011.10.25 16:14:39.588,0.8684,0.86884,3.00,2.63
2011.10.25 16:14:39.921,0.86848,0.8689,3.60,2.25
2011.10.25 16:14:40.320,0.86843,0.86888,3.00,1.35
2011.10.25 16:14:40.541,0.8684,0.86887,1.35,1.35
2011.10.25 16:14:41.182,0.86838,0.86883,1.35,3.00
2011.10.25 16:14:41.850,0.86837,0.86882,3.00,3.00
2011.10.25 16:14:42.099,0.86843,0.86884,3.00,1.35
2011.10.25 16:14:42.208,0.86841,0.86885,3.00,3.23
2011.10.25 16:14:42.808,0.86843,0.86885,2.63,3.60
2011.10.25 16:14:44.189,0.86842,0.86884,3.00,3.23
2011.10.25 16:14:44.408,0.86842,0.86885,3.00,1.35
2011.10.25 16:14:44.629,0.86847,0.86889,3.60,3.98
2011.10.25 16:14:45.150,0.86848,0.8689,3.60,3.60
2011.10.25 16:14:50.962,0.86848,0.86887,3.23,1.35
2011.10.25 16:14:51.190,0.86843,0.86886,3.23,1.35
2011.10.25 16:14:51.299,0.8684,0.86883,2.63,3.00
2011.10.25 16:14:57.859,0.86844,0.86884,1.35,3.23
2011.10.25 16:14:59.841,0.86843,0.86876,2.25,1.35
2011.10.25 16:15:00.068,0.86842,0.86886,3.00,2.48
2011.10.25 16:15:01.202,0.86842,0.86882,2.63,1.35
2011.10.25 16:15:02.922,0.86841,0.86884,1.35,3.23
2011.10.25 16:15:09.715,0.86843,0.86886,3.00,4.73
2011.10.25 16:15:10.420,0.86847,0.86892,3.00,1.35
2011.10.25 16:15:11.610,0.86847,0.86885,2.63,1.35
2011.10.25 16:15:12.239,0.86847,0.8689,2.63,3.60
2011.10.25 16:15:12.382,0.86847,0.86886,2.63,1.35
2011.10.25 16:15:13.420,0.86841,0.86887,3.60,2.63
2011.10.25 16:15:13.529,0.86842,0.86887,2.48,2.25
2011.10.25 16:15:13.639,0.86841,0.86887,3.60,2.25
2011.10.25 16:15:14.217,0.86844,0.86892,2.63,2.25
2011.10.25 16:15:14.333,0.86844,0.86892,3.00,3.00
2011.10.25 16:15:14.932,0.86843,0.86892,3.00,3.00
2011.10.25 16:15:15.888,0.86848,0.86896,3.00,3.60
2011.10.25 16:15:17.261,0.86846,0.86894,3.00,3.00
2011.10.25 16:15:17.848,0.86847,0.86893,3.00,3.00
2011.10.25 16:15:19.799,0.86847,0.86893,3.00,2.63
2011.10.25 16:15:19.911,0.86855,0.86899,1.35,2.25
2011.10.25 16:15:20.021,0.86855,0.86899,1.35,2.63
2011.10.25 16:15:20.130,0.86855,0.86899,1.35,2.63
2011.10.25 16:15:23.339,0.8685,0.86897,3.00,2.63
2011.10.25 16:15:24.859,0.8685,0.86897,3.00,2.63
2011.10.25 16:15:24.968,0.86851,0.869,3.00,3.00
2011.10.25 16:15:25.383,0.86851,0.869,2.63,3.00
2011.10.25 16:15:25.718,0.86846,0.86889,1.35,2.25
2011.10.25 16:15:25.827,0.86854,0.86897,3.00,2.63
2011.10.25 16:15:25.941,0.86857,0.86897,1.35,2.63
2011.10.25 16:15:27.748,0.86857,0.86902,1.35,2.63
2011.10.25 16:15:28.424,0.86857,0.86902,1.35,3.00
2011.10.25 16:15:29.269,0.86857,0.86902,1.35,2.63
2011.10.25 16:15:30.808,0.86861,0.86907,3.00,3.60
2011.10.25 16:15:31.342,0.86861,0.86907,3.00,3.23
2011.10.25 16:15:34.624,0.86865,0.86908,1.35,3.23
2011.10.25 16:15:34.978,0.86865,0.86903,1.35,2.25
2011.10.25 16:15:35.633,0.86865,0.86906,1.35,2.63
2011.10.25 16:15:35.754,0.86859,0.86898,1.35,2.63
2011.10.25 16:15:35.983,0.86847,0.86885,1.35,2.63
2011.10.25 16:15:36.209,0.86856,0.86894,1.35,2.63
2011.10.25 16:15:36.641,0.86851,0.86894,2.85,3.00
2011.10.25 16:15:37.423,0.86851,0.86889,1.35,2.63
2011.10.25 16:15:38.481,0.86851,0.86889,1.35,2.25
2011.10.25 16:15:39.047,0.86851,0.86895,1.35,3.23
2011.10.25 16:15:45.454,0.86851,0.86894,1.35,3.23
2011.10.25 16:15:45.567,0.86851,0.86894,1.35,3.60
2011.10.25 16:15:47.161,0.86851,0.86894,1.35,3.98
2011.10.25 16:15:48.875,0.86853,0.86897,3.00,3.23
2011.10.25 16:15:50.818,0.86852,0.86894,3.00,1.35
2011.10.25 16:15:51.038,0.86848,0.86888,3.23,1.35
2011.10.25 16:15:51.149,0.86846,0.86887,2.48,2.63
2011.10.25 16:15:52.047,0.86852,0.86895,1.35,2.48
2011.10.25 16:15:54.451,0.86852,0.86895,1.35,2.10
2011.10.25 16:15:54.567,0.86857,0.86899,1.35,3.23
2011.10.25 16:16:07.319,0.86857,0.86902,1.35,2.85
2011.10.25 16:16:07.431,0.86863,0.86902,1.35,2.63
2011.10.25 16:16:08.557,0.86858,0.86902,3.00,2.63
2011.10.25 16:16:09.028,0.86858,0.86898,3.00,2.25
2011.10.25 16:16:09.387,0.86857,0.86897,3.00,2.63
2011.10.25 16:16:10.348,0.86857,0.86897,3.00,2.25
2011.10.25 16:16:10.502,0.86857,0.86897,2.63,2.25
2011.10.25 16:16:10.616,0.86856,0.86907,1.35,1.35
2011.10.25 16:16:11.830,0.86856,0.86913,1.35,1.73
2011.10.25 16:16:12.159,0.86868,0.86911,1.35,2.25
2011.10.25 16:16:13.719,0.86865,0.86911,3.00,3.23
2011.10.25 16:16:13.852,0.86867,0.86906,2.63,2.63
2011.10.25 16:16:15.618,0.86863,0.86902,3.00,2.25
2011.10.25 16:16:19.527,0.86864,0.86905,3.00,2.63
2011.10.25 16:16:24.640,0.86866,0.86907,2.63,3.00
2011.10.25 16:16:25.703,0.86867,0.86905,2.63,1.35
2011.10.25 16:16:26.060,0.86867,0.86907,3.00,3.23
2011.10.25 16:16:26.637,0.86869,0.86907,1.35,3.23
2011.10.25 16:16:29.265,0.8687,0.86909,2.48,2.63
2011.10.25 16:16:29.382,0.86871,0.86909,1.35,2.25
2011.10.25 16:16:30.046,0.86872,0.86911,1.35,3.23
2011.10.25 16:16:31.569,0.86872,0.86909,1.35,2.25
2011.10.25 16:16:32.099,0.86872,0.86912,1.35,3.23
2011.10.25 16:16:35.288,0.8687,0.86911,3.23,1.35
2011.10.25 16:16:37.823,0.86868,0.86904,1.35,2.25
2011.10.25 16:16:39.344,0.86867,0.86904,1.35,2.25
2011.10.25 16:16:42.687,0.86867,0.86903,1.35,2.25
2011.10.25 16:16:44.568,0.86863,0.86903,3.60,2.63
2011.10.25 16:16:45.660,0.86864,0.86899,1.35,2.25
2011.10.25 16:16:45.768,0.86859,0.86899,3.00,2.25
2011.10.25 16:16:45.971,0.86863,0.86903,3.00,2.25
2011.10.25 16:16:47.298,0.86864,0.86905,1.35,2.25
2011.10.25 16:16:49.413,0.86864,0.86905,1.35,2.63
2011.10.25 16:16:49.638,0.86864,0.86901,1.35,2.25
2011.10.25 16:16:49.920,0.86862,0.86906,3.00,3.23
2011.10.25 16:16:50.140,0.86862,0.86904,2.63,1.35
2011.10.25 16:16:53.009,0.86858,0.86902,1.35,2.63
2011.10.25 16:17:14.441,0.86863,0.86906,3.60,2.63
2011.10.25 16:17:16.711,0.86864,0.86908,3.00,2.63
2011.10.25 16:17:19.309,0.86864,0.86908,3.00,2.25
2011.10.25 16:17:19.527,0.86867,0.8691,3.00,2.63
2011.10.25 16:17:20.261,0.86876,0.8691,1.35,2.25
2011.10.25 16:17:20.378,0.86876,0.86918,3.60,2.25
2011.10.25 16:17:22.650,0.86876,0.86918,3.60,2.63
2011.10.25 16:17:23.181,0.86876,0.86914,1.35,2.25
2011.10.25 16:17:23.298,0.8687,0.86913,1.35,2.63
2011.10.25 16:17:23.409,0.8687,0.86913,1.35,2.25
2011.10.25 16:17:24.681,0.86872,0.86915,3.00,2.63
2011.10.25 16:17:27.261,0.86871,0.8691,3.00,2.25
2011.10.25 16:17:27.956,0.86872,0.86913,3.00,2.25
2011.10.25 16:17:28.069,0.86874,0.86915,3.00,2.63
2011.10.25 16:17:28.980,0.86874,0.86915,3.00,2.63
2011.10.25 16:17:30.547,0.86873,0.86912,3.00,2.25
2011.10.25 16:17:33.307,0.86872,0.86913,3.00,2.25
2011.10.25 16:17:33.892,0.86875,0.86915,1.35,2.63
2011.10.25 16:17:39.031,0.86877,0.86915,1.35,2.25
2011.10.25 16:17:39.371,0.86884,0.86911,1.35,2.25
2011.10.25 16:17:39.491,0.86884,0.86924,1.35,2.63
2011.10.25 16:17:40.205,0.86883,0.86924,3.23,3.00
2011.10.25 16:17:40.320,0.86879,0.8692,1.35,3.23
2011.10.25 16:17:57.007,0.86878,0.8692,3.00,3.23
2011.10.25 16:17:58.418,0.86878,0.86919,1.35,3.00
2011.10.25 16:17:58.530,0.86881,0.86919,1.35,2.63
2011.10.25 16:17:59.781,0.86884,0.86926,3.60,2.63
2011.10.25 16:18:00.290,0.86885,0.86927,3.00,2.63
2011.10.25 16:18:01.830,0.86884,0.86924,1.35,2.25
2011.10.25 16:18:02.397,0.86884,0.86924,1.35,2.25
2011.10.25 16:18:05.935,0.86883,0.86924,1.35,2.63
2011.10.25 16:18:06.141,0.86882,0.86924,3.23,3.00
2011.10.25 16:18:06.869,0.86878,0.86915,1.35,2.25
2011.10.25 16:18:10.038,0.86878,0.86915,1.35,2.25
2011.10.25 16:18:10.148,0.86879,0.86918,3.00,2.25
2011.10.25 16:18:10.341,0.86879,0.86918,3.00,2.63
2011.10.25 16:18:10.558,0.86878,0.86915,1.35,2.25
2011.10.25 16:18:11.269,0.86876,0.86915,1.35,2.63
2011.10.25 16:18:11.430,0.86876,0.86912,1.35,2.25
2011.10.25 16:18:11.659,0.86875,0.86916,3.00,2.63
2011.10.25 16:18:11.770,0.86878,0.86916,1.35,2.25
2011.10.25 16:18:11.878,0.86879,0.86919,3.00,2.25
2011.10.25 16:18:17.429,0.86878,0.86921,1.35,3.23
2011.10.25 16:18:17.869,0.86874,0.86913,1.35,2.25
2011.10.25 16:18:18.087,0.86877,0.86916,3.00,2.25
2011.10.25 16:18:18.338,0.86881,0.86921,3.00,2.85
2011.10.25 16:18:18.977,0.86883,0.86921,1.35,2.25
2011.10.25 16:18:21.642,0.86883,0.86917,1.35,2.25
2011.10.25 16:18:21.760,0.86883,0.8692,1.35,2.25
2011.10.25 16:18:21.868,0.86883,0.86922,1.35,2.63
2011.10.25 16:18:23.943,0.86883,0.86921,1.35,2.25
2011.10.25 16:18:24.072,0.86888,0.86921,2.48,2.25
2011.10.25 16:18:24.187,0.86888,0.86925,2.85,2.63
2011.10.25 16:18:26.529,0.86904,0.86928,1.35,2.25
2011.10.25 16:18:26.638,0.86907,0.86945,2.48,2.63
2011.10.25 16:18:26.748,0.86907,0.86945,2.48,2.63
2011.10.25 16:18:26.978,0.86906,0.86947,3.23,3.60
2011.10.25 16:18:27.683,0.86905,0.86942,1.35,2.63
2011.10.25 16:18:29.849,0.86905,0.86941,1.35,2.25
2011.10.25 16:18:31.485,0.86904,0.86941,1.35,2.63
2011.10.25 16:18:31.820,0.86895,0.86935,1.35,2.63
2011.10.25 16:18:31.928,0.86894,0.86933,1.35,3.23
2011.10.25 16:18:32.368,0.86895,0.86933,2.48,2.63
2011.10.25 16:18:32.478,0.869,0.86943,1.35,1.35
2011.10.25 16:18:32.589,0.86901,0.86947,1.35,3.60
2011.10.25 16:18:33.162,0.86892,0.86934,1.35,2.63
2011.10.25 16:18:33.808,0.86892,0.86928,1.35,2.25
2011.10.25 16:18:34.469,0.86892,0.86933,1.35,2.63
2011.10.25 16:18:35.824,0.86892,0.8693,1.35,2.25
2011.10.25 16:18:36.421,0.86893,0.8693,1.35,2.25
2011.10.25 16:18:36.532,0.86894,0.86938,3.00,2.25
2011.10.25 16:18:37.151,0.86895,0.86941,3.00,2.63
2011.10.25 16:18:37.977,0.86895,0.86941,3.00,3.00
2011.10.25 16:18:38.349,0.86896,0.8694,3.00,2.63
2011.10.25 16:18:38.792,0.86896,0.86937,3.00,2.25
2011.10.25 16:18:39.778,0.869,0.8694,3.00,2.25
2011.10.25 16:18:41.661,0.86901,0.86939,1.35,2.25
2011.10.25 16:18:42.040,0.86901,0.86939,1.35,2.63
2011.10.25 16:18:42.147,0.86901,0.86936,1.35,2.25
2011.10.25 16:18:42.368,0.86901,0.86939,1.35,2.25
2011.10.25 16:18:44.472,0.86901,0.8694,1.35,2.25
2011.10.25 16:18:44.699,0.86901,0.86942,3.60,2.63
2011.10.25 16:18:45.538,0.86904,0.86945,3.00,2.63
2011.10.25 16:18:45.650,0.86905,0.86947,3.00,2.63
2011.10.25 16:18:47.162,0.86913,0.86951,1.35,2.25
2011.10.25 16:18:48.039,0.86913,0.86953,1.35,2.63
2011.10.25 16:18:50.538,0.86913,0.8695,1.35,2.25
2011.10.25 16:18:51.091,0.86913,0.8695,1.35,2.25
2011.10.25 16:18:51.889,0.86913,0.86951,1.35,2.63
2011.10.25 16:18:52.266,0.86913,0.86959,1.35,1.73
2011.10.25 16:18:52.887,0.86913,0.86958,1.35,1.50
2011.10.25 16:18:54.404,0.86912,0.86958,1.35,1.50
2011.10.25 16:18:57.268,0.86912,0.86958,1.35,1.50
2011.10.25 16:18:57.597,0.86912,0.86947,1.35,2.25
2011.10.25 16:18:57.709,0.86906,0.86947,3.00,2.63
2011.10.25 16:18:57.820,0.86905,0.86939,1.35,2.25
2011.10.25 16:18:57.930,0.86901,0.86939,3.00,2.25
2011.10.25 16:18:58.171,0.86901,0.86939,3.00,2.25
2011.10.25 16:18:58.289,0.86904,0.86945,3.00,2.25
2011.10.25 16:18:59.586,0.86901,0.86943,3.00,2.25
2011.10.25 16:19:02.415,0.86899,0.86941,3.00,2.25
2011.10.25 16:19:08.168,0.86899,0.86941,3.00,2.63
2011.10.25 16:19:08.812,0.86898,0.86938,1.35,2.25
2011.10.25 16:19:09.435,0.86898,0.86939,1.35,2.25
2011.10.25 16:19:11.556,0.86898,0.8694,3.60,2.63
2011.10.25 16:19:13.411,0.86901,0.86941,3.00,2.63
2011.10.25 16:19:16.599,0.86899,0.86937,1.35,2.63
2011.10.25 16:19:19.258,0.86899,0.86935,1.35,2.25
2011.10.25 16:19:20.378,0.86899,0.86936,1.35,2.63
2011.10.25 16:19:27.400,0.86894,0.86936,3.60,3.00
2011.10.25 16:19:28.259,0.86895,0.8693,1.35,2.25
2011.10.25 16:19:28.641,0.86895,0.86933,1.35,2.63
2011.10.25 16:19:29.870,0.86895,0.86934,3.23,2.63
2011.10.25 16:19:31.937,0.86894,0.8693,1.35,2.25
2011.10.25 16:19:32.486,0.86894,0.86932,1.35,2.63
2011.10.25 16:19:34.734,0.86895,0.86932,1.35,2.63
2011.10.25 16:19:36.116,0.86894,0.86935,3.60,2.63
2011.10.25 16:19:38.249,0.86893,0.86933,2.85,2.63
2011.10.25 16:19:39.299,0.86893,0.86931,2.85,2.25
2011.10.25 16:19:39.411,0.86899,0.86931,1.35,2.25
2011.10.25 16:19:39.748,0.86899,0.86938,1.35,2.25
2011.10.25 16:19:40.264,0.86899,0.86939,3.00,2.25
2011.10.25 16:19:51.512,0.86901,0.86939,1.35,2.25
2011.10.25 16:19:51.761,0.86901,0.86937,1.35,2.25
2011.10.25 16:19:58.691,0.86899,0.86937,1.35,2.25
2011.10.25 16:19:58.920,0.86899,0.86936,1.35,2.25
2011.10.25 16:19:59.028,0.86899,0.86938,1.35,2.63
2011.10.25 16:20:03.282,0.86899,0.86938,1.35,2.63
2011.10.25 16:20:06.640,0.86899,0.86939,1.35,2.63
2011.10.25 16:20:09.531,0.86899,0.86939,3.60,2.25
2011.10.25 16:20:10.904,0.86899,0.8694,1.35,2.63
2011.10.25 16:20:13.659,0.869,0.8694,2.63,2.63
2011.10.25 16:20:20.274,0.869,0.86939,2.63,2.63
2011.10.25 16:20:23.210,0.86895,0.86934,2.63,2.63
2011.10.25 16:20:25.449,0.86895,0.86934,2.63,2.63
2011.10.25 16:20:25.858,0.86889,0.86931,1.35,3.00
2011.10.25 16:20:26.078,0.86888,0.86932,2.85,3.00
2011.10.25 16:20:26.191,0.86887,0.86927,1.35,2.63
2011.10.25 16:20:26.622,0.86887,0.86928,1.35,3.23
2011.10.25 16:20:32.710,0.86882,0.86921,3.23,2.63
2011.10.25 16:20:35.883,0.86884,0.86921,1.35,2.25
2011.10.25 16:20:36.460,0.86886,0.86926,2.63,3.23
2011.10.25 16:20:40.572,0.86886,0.86926,3.00,2.85
2011.10.25 16:20:40.692,0.86891,0.8693,3.23,3.23
2011.10.25 16:20:42.241,0.86894,0.86931,2.63,2.48
2011.10.25 16:20:42.889,0.86891,0.8693,3.23,3.23
2011.10.25 16:20:46.711,0.86886,0.86924,3.23,2.63
2011.10.25 16:20:47.720,0.86886,0.86926,3.23,3.60
2011.10.25 16:20:51.029,0.86887,0.86925,3.23,2.63
2011.10.25 16:20:52.150,0.86887,0.86925,2.85,3.00
2011.10.25 16:20:52.369,0.86881,0.86922,3.23,3.23
2011.10.25 16:20:53.420,0.86882,0.86922,2.48,2.63
2011.10.25 16:20:55.298,0.86881,0.86922,3.23,3.23
2011.10.25 16:20:57.052,0.86881,0.86922,4.73,2.63
2011.10.25 16:21:00.027,0.86881,0.86922,5.10,2.63
2011.10.25 16:21:00.536,0.86883,0.86922,3.23,2.63
2011.10.25 16:21:04.915,0.86881,0.86919,2.48,2.63
2011.10.25 16:21:05.138,0.86878,0.86917,3.60,2.25
2011.10.25 16:21:05.791,0.86878,0.86919,3.60,3.23
2011.10.25 16:21:06.225,0.86878,0.86919,3.60,3.23
2011.10.25 16:21:06.338,0.86878,0.86915,1.35,2.25
2011.10.25 16:21:06.778,0.86876,0.86912,1.35,2.25
2011.10.25 16:21:06.888,0.86873,0.86914,5.10,2.63
2011.10.25 16:21:07.291,0.86873,0.86912,4.73,2.63
2011.10.25 16:21:09.911,0.86873,0.86913,2.10,3.00
2011.10.25 16:21:10.028,0.86872,0.86912,2.63,1.35
2011.10.25 16:21:11.642,0.86874,0.86912,2.63,3.23
2011.10.25 16:21:11.979,0.86863,0.86905,1.35,1.35
2011.10.25 16:21:12.308,0.86873,0.86911,2.63,2.63
2011.10.25 16:21:12.827,0.86873,0.86913,3.00,3.23
2011.10.25 16:21:15.742,0.86873,0.86912,3.00,2.48
2011.10.25 16:21:17.391,0.86873,0.86911,2.25,1.35
2011.10.25 16:21:18.359,0.86869,0.86908,3.23,3.23
2011.10.25 16:21:21.560,0.86869,0.86908,2.63,3.23
2011.10.25 16:21:21.970,0.86869,0.86908,3.00,3.23
2011.10.25 16:21:22.822,0.86875,0.8691,2.10,2.63
2011.10.25 16:21:22.932,0.86877,0.8692,1.35,3.23
2011.10.25 16:21:24.681,0.86876,0.8692,3.23,3.00
2011.10.25 16:21:26.766,0.86872,0.86914,3.60,2.63
2011.10.25 16:21:28.430,0.86871,0.86911,1.35,2.63
2011.10.25 16:21:29.847,0.86871,0.86911,1.35,2.63
2011.10.25 16:21:30.596,0.8687,0.86911,3.00,3.23
2011.10.25 16:21:31.979,0.86873,0.8691,1.35,2.25
2011.10.25 16:21:32.089,0.86874,0.86913,3.00,2.63
2011.10.25 16:21:42.146,0.86873,0.86915,3.60,3.23
2011.10.25 16:21:42.987,0.86875,0.86915,1.35,2.63
2011.10.25 16:21:51.575,0.86876,0.86917,2.25,3.00
2011.10.25 16:21:52.128,0.86868,0.86911,1.35,2.63
2011.10.25 16:21:52.673,0.86868,0.86908,1.35,2.25
2011.10.25 16:21:53.259,0.86862,0.86906,1.35,2.63
2011.10.25 16:21:53.827,0.86862,0.86908,1.35,2.63
2011.10.25 16:21:56.041,0.86857,0.86905,2.85,2.25
2011.10.25 16:21:56.158,0.86857,0.86905,2.25,2.25
2011.10.25 16:21:56.269,0.86857,0.86905,2.63,3.00
2011.10.25 16:21:56.911,0.8685,0.86903,3.00,3.00
2011.10.25 16:21:59.019,0.8685,0.86903,3.00,3.00
2011.10.25 16:22:00.723,0.8685,0.86905,3.00,3.00
2011.10.25 16:22:00.950,0.86848,0.869,3.00,3.00
2011.10.25 16:22:01.408,0.86847,0.86899,3.00,3.00
2011.10.25 16:22:03.948,0.86847,0.86899,3.00,3.00
2011.10.25 16:22:04.288,0.8685,0.86897,3.00,3.00
2011.10.25 16:22:04.619,0.86863,0.86903,2.63,2.63
2011.10.25 16:22:07.240,0.86866,0.86905,2.63,3.23
2011.10.25 16:22:08.479,0.86864,0.86901,2.63,1.35
2011.10.25 16:22:09.340,0.86859,0.869,3.23,2.63
2011.10.25 16:22:11.319,0.8686,0.86899,3.23,2.63
2011.10.25 16:22:13.941,0.86861,0.86899,2.48,2.63
2011.10.25 16:22:14.048,0.86864,0.86904,3.23,2.63
2011.10.25 16:22:17.999,0.86867,0.86904,1.35,2.63
2011.10.25 16:22:18.529,0.86868,0.86905,2.25,1.35
2011.10.25 16:22:18.638,0.86864,0.86902,3.23,2.63
2011.10.25 16:22:19.961,0.86864,0.86902,3.23,2.63
2011.10.25 16:22:29.361,0.86864,0.86904,3.23,3.23
2011.10.25 16:22:29.965,0.86865,0.86903,2.63,2.63
2011.10.25 16:22:30.563,0.86864,0.86904,3.23,3.23
2011.10.25 16:22:33.550,0.86864,0.86904,3.23,3.00
2011.10.25 16:22:34.273,0.86865,0.86903,3.23,2.63
2011.10.25 16:22:35.093,0.86865,0.86903,3.23,2.63
2011.10.25 16:22:36.029,0.86864,0.86902,3.23,2.63
2011.10.25 16:22:36.141,0.86864,0.86902,3.23,3.00
2011.10.25 16:22:36.870,0.86859,0.86895,2.63,2.10
2011.10.25 16:22:36.984,0.8686,0.86898,2.63,3.23
2011.10.25 16:22:37.231,0.8686,0.86897,2.25,1.35
2011.10.25 16:22:37.348,0.86853,0.86897,1.35,1.35
2011.10.25 16:22:37.458,0.86856,0.86898,1.35,3.23
2011.10.25 16:22:37.902,0.86856,0.86894,1.35,2.25
2011.10.25 16:22:38.241,0.86852,0.86894,1.35,3.00
2011.10.25 16:22:39.658,0.86854,0.86898,1.35,1.35
2011.10.25 16:22:41.069,0.86856,0.869,1.35,3.60
2011.10.25 16:22:41.581,0.86855,0.86901,2.85,3.23
2011.10.25 16:22:41.699,0.8684,0.86892,2.25,2.85
2011.10.25 16:22:41.919,0.86842,0.8689,2.25,2.85
2011.10.25 16:22:42.469,0.86836,0.86887,1.35,1.35
2011.10.25 16:22:45.160,0.86845,0.86889,3.00,2.63
2011.10.25 16:22:53.848,0.86846,0.86889,3.00,2.63
2011.10.25 16:22:54.228,0.8685,0.86894,3.00,3.00
2011.10.25 16:22:54.340,0.86849,0.86894,3.60,3.00
2011.10.25 16:22:54.449,0.86847,0.8689,1.35,3.00
2011.10.25 16:22:57.179,0.86842,0.86889,1.35,3.00
2011.10.25 16:22:57.399,0.86842,0.86891,1.35,3.00
2011.10.25 16:22:59.293,0.86842,0.86891,1.35,3.00
2011.10.25 16:23:02.139,0.86857,0.86891,2.10,3.00
2011.10.25 16:23:02.250,0.86857,0.86914,2.10,1.50
2011.10.25 16:23:02.358,0.8684,0.86911,2.10,1.35
2011.10.25 16:23:02.689,0.86849,0.86906,1.35,1.35
2011.10.25 16:23:02.798,0.86849,0.86906,1.35,1.35
2011.10.25 16:23:02.908,0.86849,0.86906,1.35,1.35
2011.10.25 16:23:03.240,0.86851,0.86901,2.63,3.00
2011.10.25 16:23:04.464,0.86848,0.86897,1.35,3.00
2011.10.25 16:23:12.742,0.86843,0.86898,3.00,3.00
2011.10.25 16:23:13.118,0.86851,0.86898,2.63,3.00
2011.10.25 16:23:17.497,0.86844,0.86897,2.63,3.00
2011.10.25 16:23:19.815,0.86838,0.86894,3.60,2.63
2011.10.25 16:23:25.971,0.86853,0.86893,1.35,2.25
2011.10.25 16:23:26.260,0.86856,0.86897,3.00,2.63
2011.10.25 16:23:26.884,0.86856,0.86897,3.00,2.63
2011.10.25 16:23:27.280,0.86859,0.86897,1.35,2.25
2011.10.25 16:23:28.819,0.86865,0.86902,1.35,2.25
2011.10.25 16:23:29.533,0.86865,0.86901,1.35,2.25
2011.10.25 16:23:30.156,0.86865,0.869,1.35,2.25
2011.10.25 16:23:37.154,0.8686,0.86903,3.60,2.63
2011.10.25 16:23:37.946,0.8686,0.86903,3.60,2.63
2011.10.25 16:23:38.041,0.86869,0.86908,2.25,2.25
2011.10.25 16:23:39.589,0.86869,0.86908,2.85,2.25
2011.10.25 16:23:40.614,0.86874,0.86908,1.35,2.25
2011.10.25 16:23:42.678,0.86874,0.86908,1.35,2.25
2011.10.25 16:23:44.529,0.86873,0.86908,1.35,2.25
2011.10.25 16:23:46.419,0.86869,0.86908,3.23,3.00
2011.10.25 16:23:46.529,0.86869,0.86908,2.63,3.00
2011.10.25 16:23:46.968,0.86857,0.86903,2.63,3.00
2011.10.25 16:23:47.520,0.86853,0.86902,1.35,2.63
2011.10.25 16:23:50.922,0.86847,0.86894,3.00,2.25
2011.10.25 16:23:51.250,0.86847,0.869,3.00,3.00
2011.10.25 16:23:52.519,0.86847,0.86899,3.00,3.00
2011.10.25 16:23:58.414,0.86845,0.86898,3.00,1.35
2011.10.25 16:24:03.273,0.8684,0.86898,1.35,3.60
2011.10.25 16:24:05.239,0.86846,0.86898,3.00,1.35
2011.10.25 16:24:07.708,0.86847,0.86898,3.00,1.35
2011.10.25 16:24:08.318,0.86843,0.86894,3.00,3.00
2011.10.25 16:24:09.126,0.86843,0.86893,3.00,3.00
2011.10.25 16:24:09.914,0.86842,0.86895,3.00,3.00
2011.10.25 16:24:11.230,0.86846,0.86898,3.00,1.35
2011.10.25 16:24:11.948,0.86843,0.86894,3.00,3.00
2011.10.25 16:24:15.775,0.86843,0.86894,3.00,3.00
2011.10.25 16:24:19.952,0.86841,0.86892,3.00,3.00
2011.10.25 16:24:20.075,0.86841,0.86892,3.00,3.00
2011.10.25 16:24:20.280,0.86841,0.86892,3.00,3.00
2011.10.25 16:24:23.739,0.86842,0.86889,3.00,2.25
2011.10.25 16:24:23.850,0.86852,0.86896,1.35,3.00
2011.10.25 16:24:24.228,0.86841,0.86896,2.25,2.85
2011.10.25 16:24:24.449,0.86842,0.86892,2.25,2.25
2011.10.25 16:24:29.540,0.86848,0.86897,2.25,2.25
2011.10.25 16:24:30.137,0.86843,0.86897,3.00,3.00
2011.10.25 16:24:30.252,0.86843,0.86897,3.00,3.00
2011.10.25 16:24:40.241,0.86843,0.86896,3.00,3.00
2011.10.25 16:24:43.579,0.86834,0.86895,3.00,3.00
2011.10.25 16:24:44.179,0.8684,0.86895,2.63,3.00
2011.10.25 16:24:44.900,0.86836,0.86887,3.00,2.63
2011.10.25 16:24:45.229,0.86836,0.86887,3.00,3.00
2011.10.25 16:24:48.190,0.8683,0.86884,3.00,3.00
2011.10.25 16:24:48.462,0.8683,0.86884,3.00,3.00
2011.10.25 16:24:48.689,0.86829,0.86881,3.00,3.00
2011.10.25 16:24:49.382,0.86829,0.8688,3.00,2.63
2011.10.25 16:24:54.401,0.86839,0.86884,3.00,3.00
2011.10.25 16:24:55.700,0.86837,0.86884,3.00,3.00
2011.10.25 16:24:58.421,0.86834,0.86883,3.00,2.63
2011.10.25 16:25:05.357,0.86837,0.86888,1.35,3.00
2011.10.25 16:25:06.809,0.86837,0.86887,1.35,3.00
2011.10.25 16:25:06.929,0.86836,0.86887,3.23,3.00
2011.10.25 16:25:07.149,0.86835,0.86885,3.00,3.60
2011.10.25 16:25:08.153,0.86835,0.86882,3.00,3.00
2011.10.25 16:25:19.809,0.86837,0.86883,3.00,3.00
2011.10.25 16:25:20.358,0.86839,0.86882,3.00,3.00
2011.10.25 16:25:27.431,0.86839,0.86882,3.00,3.00
2011.10.25 16:25:27.542,0.86839,0.86882,3.00,2.63
2011.10.25 16:25:34.799,0.86842,0.86883,2.63,3.00
2011.10.25 16:25:36.068,0.86839,0.86882,3.00,3.00
2011.10.25 16:25:37.011,0.86839,0.86881,2.63,2.63
2011.10.25 16:25:40.451,0.86834,0.86879,3.00,3.00
2011.10.25 16:25:42.912,0.86834,0.86878,3.00,3.00
2011.10.25 16:25:43.990,0.86836,0.86886,3.00,3.00
2011.10.25 16:25:44.209,0.86836,0.86886,2.63,3.00
2011.10.25 16:25:44.321,0.86835,0.86878,2.63,3.00
2011.10.25 16:25:53.079,0.86835,0.86881,3.00,3.00
2011.10.25 16:25:53.409,0.86843,0.86883,2.63,3.00
2011.10.25 16:25:54.168,0.86838,0.86883,3.00,3.00
2011.10.25 16:26:00.191,0.86842,0.86884,2.63,3.00
2011.10.25 16:26:00.528,0.86839,0.86879,3.00,2.25
2011.10.25 16:26:00.810,0.86843,0.86883,2.63,3.00
2011.10.25 16:26:03.386,0.86847,0.86888,2.25,3.00
2011.10.25 16:26:03.501,0.86847,0.86888,2.63,3.00
2011.10.25 16:26:10.249,0.86842,0.86886,2.63,3.00
2011.10.25 16:26:23.439,0.86837,0.86884,3.00,3.00
2011.10.25 16:26:24.651,0.86837,0.86883,3.00,2.63
2011.10.25 16:26:27.199,0.86842,0.86888,1.35,3.00
2011.10.25 16:26:28.561,0.86842,0.86887,1.35,3.00
2011.10.25 16:26:30.529,0.86843,0.86884,1.35,2.63
2011.10.25 16:26:36.869,0.86843,0.86888,1.35,3.00
2011.10.25 16:26:42.369,0.86843,0.86876,1.35,2.25
2011.10.25 16:26:47.370,0.86843,0.86876,1.35,2.25
2011.10.25 16:26:47.660,0.86843,0.86881,1.35,2.25
2011.10.25 16:26:54.812,0.86843,0.86879,1.35,2.25
2011.10.25 16:26:54.930,0.86843,0.86879,1.35,2.25
2011.10.25 16:26:56.663,0.86843,0.86879,1.35,2.25
2011.10.25 16:26:56.779,0.86843,0.86875,1.35,2.25
2011.10.25 16:26:56.888,0.86843,0.86879,1.35,2.25
2011.10.25 16:26:59.452,0.86843,0.86875,1.35,2.25
2011.10.25 16:26:59.770,0.86843,0.86879,1.35,2.25
2011.10.25 16:27:02.995,0.86843,0.86879,1.35,2.25
2011.10.25 16:27:03.112,0.86843,0.86883,3.60,2.25
2011.10.25 16:27:07.098,0.86849,0.86884,1.35,2.25
2011.10.25 16:27:17.159,0.86852,0.86891,3.00,2.25
2011.10.25 16:27:17.271,0.86848,0.86884,1.35,2.25
2011.10.25 16:27:20.729,0.86843,0.86884,1.35,3.38
2011.10.25 16:27:20.949,0.86843,0.86879,1.35,2.25
2011.10.25 16:27:25.528,0.86843,0.86884,1.35,1.13
2011.10.25 16:27:29.648,0.86849,0.86889,2.25,1.35
2011.10.25 16:27:30.271,0.86843,0.86886,3.60,2.63
2011.10.25 16:27:36.679,0.86844,0.86882,1.35,2.25
2011.10.25 16:27:36.850,0.86847,0.86886,3.00,2.25
2011.10.25 16:27:38.110,0.86847,0.86886,3.00,2.63
2011.10.25 16:27:38.941,0.8685,0.86892,2.63,3.60
2011.10.25 16:27:39.980,0.86847,0.86886,3.00,2.25
2011.10.25 16:27:44.780,0.86851,0.86891,3.60,2.63
2011.10.25 16:27:44.888,0.86851,0.86891,3.23,2.63
2011.10.25 16:27:45.036,0.86851,0.86891,3.23,2.63
2011.10.25 16:27:47.689,0.86846,0.86887,3.60,2.25
2011.10.25 16:27:47.799,0.86856,0.86896,1.35,2.63
2011.10.25 16:27:48.616,0.86853,0.86899,1.35,1.35
2011.10.25 16:27:48.734,0.86852,0.86894,3.00,2.25
2011.10.25 16:27:49.069,0.86859,0.86903,3.00,1.35
2011.10.25 16:27:51.759,0.86859,0.86904,2.63,3.00
2011.10.25 16:27:52.440,0.86859,0.86904,3.00,3.00
2011.10.25 16:27:52.782,0.86859,0.86904,3.00,2.63
2011.10.25 16:27:53.118,0.86859,0.86904,3.00,3.00
2011.10.25 16:28:01.439,0.86857,0.86895,1.35,2.25
2011.10.25 16:28:02.923,0.8686,0.86899,3.00,2.63
2011.10.25 16:28:17.282,0.86857,0.86896,3.60,2.25
2011.10.25 16:28:17.920,0.86857,0.86898,3.60,2.63
2011.10.25 16:28:18.138,0.86857,0.86896,3.60,2.25
2011.10.25 16:28:19.954,0.86857,0.86897,1.35,2.25
2011.10.25 16:28:20.530,0.8686,0.86902,3.00,2.63
2011.10.25 16:28:35.782,0.86853,0.86896,1.35,3.00
2011.10.25 16:28:42.154,0.8685,0.86898,3.00,2.63
2011.10.25 16:28:42.902,0.86865,0.86905,2.25,3.00
2011.10.25 16:28:43.019,0.86865,0.86905,2.25,3.00
2011.10.25 16:28:43.130,0.86855,0.86901,3.00,2.63
2011.10.25 16:28:45.337,0.86852,0.86896,3.00,2.25
2011.10.25 16:28:46.153,0.86851,0.86895,3.00,2.85
2011.10.25 16:28:46.261,0.86841,0.86892,2.63,2.25
2011.10.25 16:28:46.657,0.86841,0.86892,3.00,3.00
2011.10.25 16:28:49.062,0.86839,0.8689,3.00,3.00
2011.10.25 16:28:50.921,0.86842,0.86891,3.00,3.00
2011.10.25 16:28:55.059,0.86848,0.86893,2.63,1.35
2011.10.25 16:28:55.302,0.86848,0.86894,3.00,1.35
2011.10.25 16:28:56.191,0.8685,0.86892,3.00,3.23
2011.10.25 16:28:57.709,0.86855,0.86896,2.63,3.00
2011.10.25 16:28:58.638,0.86852,0.86892,1.35,2.25
2011.10.25 16:28:59.009,0.86856,0.86896,2.63,2.63
2011.10.25 16:29:16.734,0.86856,0.86896,2.25,3.00
2011.10.25 16:29:16.849,0.86849,0.86895,1.35,3.00
2011.10.25 16:29:17.381,0.86848,0.86896,1.35,3.00
2011.10.25 16:29:18.303,0.86847,0.86895,3.00,1.35
2011.10.25 16:29:20.391,0.86848,0.86894,2.63,3.00
2011.10.25 16:29:22.212,0.86844,0.86893,1.35,3.00
2011.10.25 16:29:23.029,0.86837,0.86886,3.00,3.00
2011.10.25 16:29:23.192,0.86837,0.86886,3.00,2.63
2011.10.25 16:29:23.971,0.86837,0.86889,3.00,3.00
2011.10.25 16:29:26.879,0.86834,0.86888,3.00,3.00
2011.10.25 16:29:27.127,0.86833,0.86887,3.60,2.63
2011.10.25 16:29:29.779,0.8684,0.86886,3.00,2.25
2011.10.25 16:29:30.003,0.86845,0.86884,3.00,2.25
2011.10.25 16:29:30.170,0.86843,0.86882,3.00,2.25
2011.10.25 16:29:30.948,0.86845,0.86881,1.35,2.25
2011.10.25 16:29:31.254,0.86853,0.86893,2.63,2.63
2011.10.25 16:29:31.701,0.86845,0.86893,1.35,3.00
2011.10.25 16:29:31.812,0.86846,0.86892,3.00,3.00
2011.10.25 16:29:32.151,0.86842,0.86886,1.35,1.35
2011.10.25 16:29:32.791,0.86842,0.86887,1.35,1.35
2011.10.25 16:29:33.440,0.86835,0.86884,3.00,3.00
2011.10.25 16:29:36.051,0.86835,0.86884,3.00,3.00
2011.10.25 16:29:37.341,0.86834,0.8688,1.35,2.63
2011.10.25 16:29:37.779,0.86835,0.86885,3.00,2.63
2011.10.25 16:29:38.380,0.86841,0.86892,3.00,2.63
2011.10.25 16:29:38.712,0.86845,0.86896,3.00,3.00
2011.10.25 16:29:39.060,0.86845,0.86888,3.00,2.25
2011.10.25 16:29:39.314,0.86845,0.86891,3.00,2.63
2011.10.25 16:29:40.522,0.86844,0.86895,3.00,3.00
2011.10.25 16:29:40.750,0.86844,0.86894,3.00,3.00
2011.10.25 16:29:40.970,0.86843,0.86889,3.00,3.00
2011.10.25 16:29:43.240,0.86843,0.86893,3.00,3.00
2011.10.25 16:29:43.791,0.8685,0.86899,3.00,3.00
2011.10.25 16:29:45.180,0.8685,0.86899,3.00,3.00
2011.10.25 16:29:45.513,0.86852,0.86898,1.35,2.63
2011.10.25 16:29:45.951,0.86852,0.86899,1.35,2.63
2011.10.25 16:29:46.280,0.86856,0.86903,2.63,3.00
2011.10.25 16:29:48.541,0.86851,0.86899,3.00,3.00
2011.10.25 16:29:49.238,0.86851,0.86899,2.63,3.00
2011.10.25 16:29:49.579,0.8685,0.86898,3.00,3.00
2011.10.25 16:29:50.192,0.8685,0.86898,3.00,2.63
2011.10.25 16:29:50.529,0.8685,0.86899,3.00,3.00
2011.10.25 16:29:50.640,0.8685,0.86895,3.00,2.25
2011.10.25 16:29:51.561,0.86852,0.86898,1.35,3.00
2011.10.25 16:29:52.178,0.86851,0.86898,3.23,3.00
2011.10.25 16:29:53.278,0.8685,0.86896,3.00,1.35
2011.10.25 16:29:53.770,0.86851,0.86899,1.35,2.63
2011.10.25 16:29:54.132,0.86859,0.86905,3.00,1.35
2011.10.25 16:29:54.817,0.86856,0.86902,3.00,3.00
2011.10.25 16:29:54.932,0.86856,0.86902,2.63,3.00
2011.10.25 16:29:57.274,0.86848,0.86894,2.63,3.00
2011.10.25 16:29:57.390,0.86847,0.86894,3.00,3.00
2011.10.25 16:30:02.342,0.86851,0.86896,3.00,1.35
2011.10.25 16:30:03.119,0.86862,0.86903,2.25,3.00
2011.10.25 16:30:03.688,0.86859,0.86899,2.25,3.00
2011.10.25 16:30:04.790,0.86861,0.869,2.25,3.00
2011.10.25 16:30:04.899,0.86853,0.86898,2.63,3.00
2011.10.25 16:30:08.281,0.86851,0.86898,2.25,2.63
2011.10.25 16:30:08.389,0.86851,0.86891,2.25,2.10
2011.10.25 16:30:08.609,0.86847,0.86893,2.63,2.85
2011.10.25 16:30:08.721,0.86849,0.86892,2.25,2.85
2011.10.25 16:30:09.408,0.86849,0.86892,2.63,3.60
2011.10.25 16:30:09.739,0.86847,0.86892,3.00,3.60
2011.10.25 16:30:10.284,0.86847,0.86892,3.00,3.60
2011.10.25 16:30:11.853,0.8685,0.86891,3.00,2.63
2011.10.25 16:30:12.190,0.86853,0.86892,2.25,1.35
2011.10.25 16:30:12.299,0.86845,0.86887,3.23,2.63
2011.10.25 16:30:12.411,0.86846,0.86887,1.35,2.63
2011.10.25 16:30:18.451,0.86849,0.86892,2.63,3.60
2011.10.25 16:30:24.684,0.86847,0.86891,3.00,2.63
2011.10.25 16:30:25.129,0.86851,0.86895,2.63,3.00
2011.10.25 16:30:25.778,0.86849,0.8689,3.23,2.63
2011.10.25 16:30:26.392,0.8685,0.8689,1.35,2.63
2011.10.25 16:30:34.396,0.86854,0.86893,2.85,3.00
2011.10.25 16:30:34.509,0.8685,0.86891,2.25,3.60
2011.10.25 16:30:35.749,0.8685,0.86891,2.63,3.00
2011.10.25 16:30:39.879,0.86837,0.86878,3.00,2.25
2011.10.25 16:30:39.989,0.86843,0.86889,2.25,1.35
2011.10.25 16:30:40.320,0.86838,0.86879,2.25,3.00
2011.10.25 16:30:40.804,0.86838,0.86877,2.63,2.63
2011.10.25 16:30:40.922,0.8684,0.86879,1.35,2.63
2011.10.25 16:30:41.646,0.86844,0.86882,2.25,3.00
2011.10.25 16:30:41.751,0.86842,0.86882,2.63,2.63
2011.10.25 16:30:42.102,0.86838,0.86877,3.23,2.63
2011.10.25 16:30:45.392,0.86839,0.86877,1.35,2.25
2011.10.25 16:30:45.818,0.86842,0.8688,2.63,1.35
2011.10.25 16:30:46.071,0.86838,0.86877,3.23,3.00
2011.10.25 16:30:49.212,0.86838,0.86877,3.23,2.63
2011.10.25 16:30:49.871,0.86839,0.86877,1.35,2.25
2011.10.25 16:30:50.828,0.86842,0.86882,2.63,3.23
2011.10.25 16:30:52.049,0.86842,0.8688,2.25,1.35
2011.10.25 16:30:53.869,0.86837,0.86878,3.23,3.23
2011.10.25 16:30:57.170,0.86843,0.86878,1.35,2.25
2011.10.25 16:30:57.503,0.86842,0.86878,2.10,2.63
2011.10.25 16:30:57.730,0.86843,0.86882,2.85,1.35
2011.10.25 16:30:58.333,0.86845,0.8688,1.35,2.25
2011.10.25 16:30:58.455,0.86847,0.86892,2.63,3.00
2011.10.25 16:31:30.425,0.86844,0.86886,2.63,3.00
2011.10.25 16:31:30.650,0.86838,0.86886,1.35,2.63
2011.10.25 16:31:33.080,0.86848,0.86892,2.63,3.60
2011.10.25 16:31:34.453,0.8685,0.86891,2.25,3.00
2011.10.25 16:31:34.570,0.86845,0.86887,2.63,3.00
2011.10.25 16:31:37.001,0.86845,0.86887,2.63,3.00
2011.10.25 16:31:37.319,0.86845,0.86887,2.25,3.00
2011.10.25 16:31:37.429,0.86841,0.86883,2.63,3.00
2011.10.25 16:31:39.362,0.86845,0.86886,2.25,3.00
2011.10.25 16:31:39.834,0.86845,0.86886,2.63,3.00
2011.10.25 16:31:40.760,0.86848,0.86892,2.63,1.35
2011.10.25 16:31:44.218,0.86846,0.86892,2.63,1.35
2011.10.25 16:31:44.330,0.8685,0.86892,2.63,1.35
2011.10.25 16:31:45.130,0.86846,0.86892,2.63,3.60
2011.10.25 16:31:45.242,0.86847,0.86892,2.63,1.35
2011.10.25 16:31:45.360,0.86843,0.8689,2.63,3.00
2011.10.25 16:31:51.160,0.86844,0.8689,2.25,3.00
2011.10.25 16:31:51.489,0.86844,0.86891,3.00,3.60
2011.10.25 16:32:01.124,0.8684,0.86884,1.35,2.63
2011.10.25 16:32:01.240,0.8684,0.86883,1.35,3.00
2011.10.25 16:32:13.359,0.86838,0.86884,2.63,3.00
2011.10.25 16:32:15.070,0.8683,0.86874,3.60,3.00
2011.10.25 16:32:15.960,0.8683,0.86874,2.63,3.00
2011.10.25 16:32:16.181,0.86829,0.86873,1.35,2.63
2011.10.25 16:32:16.665,0.86829,0.86875,2.85,3.00
2011.10.25 16:32:16.888,0.86816,0.86862,3.60,3.00
2011.10.25 16:32:17.021,0.86816,0.86862,3.60,2.63
2011.10.25 16:32:17.912,0.86818,0.86867,3.00,3.00
2011.10.25 16:32:18.559,0.86825,0.86867,1.35,2.63
2011.10.25 16:32:19.248,0.86825,0.86873,1.35,3.00
2011.10.25 16:32:21.600,0.86825,0.86872,1.35,2.25
2011.10.25 16:32:21.945,0.86834,0.86872,1.35,2.25
2011.10.25 16:32:22.059,0.86834,0.86874,1.35,2.63
2011.10.25 16:32:22.719,0.86837,0.86889,2.25,2.25
2011.10.25 16:32:22.831,0.86834,0.86887,1.35,2.25
2011.10.25 16:32:32.928,0.86837,0.8689,2.63,3.00
2011.10.25 16:32:33.263,0.86838,0.8689,2.63,3.00
2011.10.25 16:32:33.489,0.86837,0.86891,3.00,3.00
2011.10.25 16:32:35.891,0.86837,0.86891,2.63,3.00
2011.10.25 16:32:36.111,0.86837,0.86891,2.25,3.00
2011.10.25 16:32:36.219,0.8683,0.86886,2.63,1.35
2011.10.25 16:32:36.329,0.86824,0.86879,3.00,3.00
2011.10.25 16:32:36.439,0.86824,0.86879,3.00,3.00
2011.10.25 16:32:36.662,0.86828,0.86883,2.63,3.00
2011.10.25 16:32:37.520,0.8682,0.86873,3.60,3.00
2011.10.25 16:32:37.651,0.8682,0.86873,3.60,3.00
2011.10.25 16:32:39.908,0.86825,0.86878,2.63,3.00
2011.10.25 16:32:46.662,0.8682,0.86874,1.35,3.00
2011.10.25 16:32:47.279,0.86825,0.86878,3.00,3.00
2011.10.25 16:32:50.350,0.86829,0.86882,2.63,3.00
2011.10.25 16:32:53.543,0.86825,0.86879,3.00,3.00
2011.10.25 16:32:54.247,0.86826,0.86879,3.00,3.00
2011.10.25 16:32:54.360,0.86835,0.86879,1.35,2.63
2011.10.25 16:32:58.039,0.86834,0.86883,1.35,2.63
2011.10.25 16:32:58.151,0.86828,0.86883,2.85,2.25
2011.10.25 16:32:58.262,0.86831,0.86878,2.85,2.25
2011.10.25 16:32:58.372,0.86831,0.86878,2.25,2.25
2011.10.25 16:32:58.494,0.86822,0.86879,2.85,2.25
2011.10.25 16:32:58.611,0.86824,0.86879,1.35,3.00
2011.10.25 16:32:59.019,0.86824,0.86883,1.35,3.00
2011.10.25 16:33:01.188,0.86824,0.86883,3.60,3.00
2011.10.25 16:33:03.662,0.86826,0.86882,3.00,3.00
2011.10.25 16:33:03.990,0.86825,0.86883,3.00,3.00
2011.10.25 16:33:05.663,0.86821,0.86879,1.35,3.00
2011.10.25 16:33:07.230,0.86825,0.86883,3.00,3.00
2011.10.25 16:33:07.377,0.86825,0.86883,3.00,3.00
2011.10.25 16:33:07.601,0.86825,0.86883,3.00,3.00
2011.10.25 16:33:08.934,0.86825,0.86883,3.00,3.00
2011.10.25 16:33:09.271,0.86826,0.86883,1.35,3.00
2011.10.25 16:33:13.633,0.86826,0.86883,1.35,3.00
2011.10.25 16:33:15.639,0.86826,0.86876,1.35,2.63
2011.10.25 16:33:19.419,0.86827,0.86882,3.00,3.00
2011.10.25 16:33:19.531,0.86826,0.86873,1.35,2.63
2011.10.25 16:33:19.641,0.86826,0.86873,1.35,2.63
2011.10.25 16:33:25.650,0.86826,0.86881,1.35,3.00
2011.10.25 16:33:27.257,0.86826,0.86882,1.35,2.63
2011.10.25 16:33:28.035,0.86829,0.86875,3.00,2.25
2011.10.25 16:33:28.762,0.86829,0.86876,3.00,2.25
2011.10.25 16:33:29.251,0.86829,0.86876,3.00,2.25
2011.10.25 16:33:29.769,0.86828,0.86878,3.00,2.63
2011.10.25 16:33:29.882,0.86828,0.86878,3.00,2.63
2011.10.25 16:33:35.701,0.86825,0.86875,2.63,1.35
2011.10.25 16:33:35.812,0.86825,0.86875,2.25,1.35
2011.10.25 16:33:36.631,0.86813,0.86871,3.00,2.63
2011.10.25 16:33:37.069,0.86823,0.86874,1.35,3.00
2011.10.25 16:33:42.794,0.86823,0.86869,1.35,2.25
2011.10.25 16:33:42.909,0.86824,0.86878,3.00,2.63
2011.10.25 16:33:44.587,0.86824,0.86878,3.00,3.00
2011.10.25 16:33:44.809,0.86823,0.86869,1.35,3.00
2011.10.25 16:33:45.029,0.86823,0.86869,1.35,2.25
2011.10.25 16:33:45.139,0.86825,0.86875,3.00,2.63
2011.10.25 16:33:45.382,0.86825,0.86875,3.00,3.00
2011.10.25 16:33:45.631,0.86823,0.86874,1.35,2.63
2011.10.25 16:33:49.648,0.86825,0.86876,3.00,3.00
2011.10.25 16:33:49.981,0.86824,0.86872,3.00,3.00
2011.10.25 16:33:50.202,0.86825,0.86867,2.63,3.00
2011.10.25 16:33:51.342,0.86816,0.86869,3.00,3.00
2011.10.25 16:33:51.450,0.86819,0.86869,3.00,3.00
2011.10.25 16:33:53.980,0.86812,0.86869,3.60,3.00
2011.10.25 16:34:05.893,0.86818,0.8687,2.10,2.25
2011.10.25 16:34:06.675,0.8684,0.8688,3.00,2.25
2011.10.25 16:34:07.274,0.8684,0.8688,3.00,2.25
2011.10.25 16:34:08.866,0.8684,0.86882,3.00,2.63
2011.10.25 16:34:10.075,0.86844,0.86885,3.00,2.25
2011.10.25 16:34:10.200,0.86839,0.86877,1.35,2.25
2011.10.25 16:34:10.530,0.86839,0.8688,1.35,2.25
2011.10.25 16:34:11.332,0.86841,0.86881,3.00,2.25
2011.10.25 16:34:13.339,0.86839,0.86881,3.60,2.25
2011.10.25 16:34:21.249,0.86839,0.8688,2.25,1.35
2011.10.25 16:34:22.112,0.8683,0.86867,1.35,2.25
2011.10.25 16:34:22.330,0.86831,0.86872,3.00,2.25
2011.10.25 16:34:22.884,0.86831,0.86872,3.00,2.25
2011.10.25 16:34:23.108,0.86832,0.8688,3.00,3.23
2011.10.25 16:34:30.789,0.86834,0.86883,3.00,3.75
2011.10.25 16:34:31.120,0.8683,0.86871,3.00,2.63
2011.10.25 16:34:31.469,0.86829,0.86868,1.35,2.25
2011.10.25 16:34:32.161,0.86829,0.86872,3.23,3.00
2011.10.25 16:34:33.763,0.86825,0.86868,2.63,3.00
2011.10.25 16:34:34.101,0.86821,0.86873,1.35,3.00
2011.10.25 16:34:34.619,0.86822,0.86872,1.35,3.00
2011.10.25 16:34:35.965,0.86822,0.86875,1.35,2.63
2011.10.25 16:34:37.323,0.86823,0.86879,3.00,3.00
2011.10.25 16:34:39.669,0.86823,0.86885,3.60,3.00
2011.10.25 16:34:40.050,0.86824,0.86884,3.00,3.00
2011.10.25 16:34:47.112,0.86824,0.86884,3.00,3.75
2011.10.25 16:34:55.709,0.86823,0.86876,3.00,3.00
2011.10.25 16:34:56.039,0.86827,0.86881,3.00,3.60
2011.10.25 16:34:57.760,0.86822,0.86874,3.00,3.00
2011.10.25 16:34:57.979,0.86813,0.86864,3.00,3.00
2011.10.25 16:34:58.090,0.86812,0.86856,3.00,2.25
2011.10.25 16:34:59.371,0.86812,0.86854,3.00,2.25
2011.10.25 16:35:02.081,0.86814,0.86856,3.00,2.25
2011.10.25 16:35:02.820,0.86814,0.86856,3.00,2.25
2011.10.25 16:35:02.930,0.86815,0.86864,3.00,2.25
2011.10.25 16:35:04.410,0.86823,0.86862,3.00,2.25
2011.10.25 16:35:04.921,0.86823,0.86862,3.00,2.63
2011.10.25 16:35:05.068,0.8682,0.86859,1.35,2.25
2011.10.25 16:35:05.399,0.86815,0.86853,3.00,2.25
2011.10.25 16:35:08.474,0.86814,0.86852,3.60,2.25
2011.10.25 16:35:09.485,0.86814,0.86852,3.60,2.25
2011.10.25 16:35:09.607,0.86813,0.86851,1.35,2.63
2011.10.25 16:35:09.830,0.86808,0.86849,3.00,2.63
2011.10.25 16:35:24.020,0.86813,0.86853,3.00,2.63
2011.10.25 16:35:25.003,0.86813,0.86853,3.00,2.63
2011.10.25 16:35:25.343,0.86809,0.86848,3.00,2.63
2011.10.25 16:35:25.724,0.86806,0.86844,1.35,2.25
2011.10.25 16:35:26.061,0.86812,0.86854,1.35,2.63
2011.10.25 16:35:26.631,0.86812,0.86851,1.35,2.25
2011.10.25 16:35:26.749,0.86812,0.86856,3.60,2.63
2011.10.25 16:35:26.970,0.86813,0.86854,3.00,2.25
2011.10.25 16:35:27.082,0.86813,0.86862,3.00,1.35
2011.10.25 16:35:29.812,0.86813,0.86862,3.00,3.60
2011.10.25 16:35:30.489,0.86813,0.86859,3.00,2.63
2011.10.25 16:35:34.429,0.86812,0.8686,3.60,3.00
2011.10.25 16:35:36.081,0.86812,0.86855,1.35,2.25
2011.10.25 16:35:36.875,0.86817,0.86856,3.00,2.25
2011.10.25 16:35:36.972,0.86808,0.86851,2.25,2.25
2011.10.25 16:35:37.750,0.86807,0.86851,2.25,2.25
2011.10.25 16:35:38.279,0.868,0.8685,2.25,2.25
2011.10.25 16:35:38.652,0.868,0.8685,2.25,2.63
2011.10.25 16:35:39.010,0.86792,0.8684,2.25,2.25
2011.10.25 16:35:39.230,0.86791,0.86832,2.25,2.25
2011.10.25 16:35:41.443,0.86796,0.86837,2.25,2.25
2011.10.25 16:35:41.649,0.868,0.86841,2.25,2.25
2011.10.25 16:35:42.021,0.86796,0.86837,2.25,2.25
2011.10.25 16:35:42.574,0.86791,0.86832,2.85,2.25
2011.10.25 16:35:43.131,0.86794,0.86839,3.00,3.00
2011.10.25 16:35:43.243,0.86794,0.86839,3.00,3.00
2011.10.25 16:35:43.661,0.86797,0.86838,2.63,3.00
2011.10.25 16:35:48.280,0.86797,0.86839,2.63,3.00
2011.10.25 16:35:48.722,0.86792,0.86835,2.63,3.00
2011.10.25 16:35:49.327,0.86789,0.86833,3.00,2.63
2011.10.25 16:35:49.444,0.8679,0.86831,3.00,2.63
2011.10.25 16:35:52.252,0.8679,0.86831,2.63,2.63
2011.10.25 16:35:52.593,0.86788,0.86829,2.25,3.00
2011.10.25 16:35:52.701,0.86775,0.86814,3.00,2.63
2011.10.25 16:35:53.303,0.86775,0.86814,3.00,2.25
2011.10.25 16:35:53.419,0.86779,0.86818,2.63,2.63
2011.10.25 16:35:53.530,0.86779,0.86818,3.00,2.25
2011.10.25 16:35:55.412,0.86783,0.86825,2.63,3.00
2011.10.25 16:35:55.522,0.86783,0.86825,2.63,3.00
2011.10.25 16:35:55.741,0.86778,0.86824,3.00,2.63
2011.10.25 16:36:00.160,0.86781,0.86825,3.00,2.63
2011.10.25 16:36:02.750,0.86781,0.86826,3.00,2.63
2011.10.25 16:36:04.261,0.86781,0.86826,3.00,2.63
2011.10.25 16:36:09.352,0.86787,0.86826,2.63,3.00
2011.10.25 16:36:09.960,0.86784,0.86825,2.25,3.60
2011.10.25 16:36:11.080,0.86779,0.8682,2.63,3.00
2011.10.25 16:36:11.573,0.86779,0.8682,2.63,3.00
2011.10.25 16:36:13.211,0.86779,0.86822,2.85,2.25
2011.10.25 16:36:13.322,0.86781,0.86827,2.85,2.25
2011.10.25 16:36:13.978,0.86786,0.86826,2.25,2.25
2011.10.25 16:36:14.344,0.86778,0.8682,2.25,2.25
2011.10.25 16:36:17.956,0.86785,0.86824,2.63,2.63
2011.10.25 16:36:18.290,0.86782,0.86825,1.35,2.25
2011.10.25 16:36:18.402,0.86782,0.8683,3.60,2.63
2011.10.25 16:36:18.512,0.86783,0.86828,3.00,3.00
2011.10.25 16:36:20.512,0.86779,0.86824,3.00,3.00
2011.10.25 16:36:20.731,0.86781,0.86822,3.00,2.25
2011.10.25 16:36:21.059,0.86785,0.86826,3.00,2.63
2011.10.25 16:36:21.279,0.86789,0.86831,3.00,2.63
2011.10.25 16:36:21.902,0.8679,0.86831,2.63,3.00
2011.10.25 16:36:23.261,0.86781,0.86823,3.00,2.63
2011.10.25 16:36:23.363,0.86782,0.86826,3.00,2.63
2011.10.25 16:36:23.480,0.86786,0.8683,3.00,2.63
2011.10.25 16:36:25.203,0.86785,0.8683,3.60,2.25
2011.10.25 16:36:25.429,0.86786,0.86838,3.00,3.00
2011.10.25 16:36:26.452,0.86785,0.86824,1.35,2.25
2011.10.25 16:36:26.669,0.86789,0.86833,3.00,2.63
2011.10.25 16:36:27.029,0.86789,0.86833,3.00,2.25
2011.10.25 16:36:27.138,0.86792,0.86838,3.00,2.63
2011.10.25 16:36:28.703,0.86792,0.86838,3.00,3.00
2011.10.25 16:36:28.929,0.86791,0.86833,1.35,2.25
2011.10.25 16:36:29.039,0.86792,0.86838,3.00,2.63
2011.10.25 16:36:33.020,0.86797,0.86843,3.00,2.63
2011.10.25 16:36:33.239,0.86797,0.86843,3.00,3.75
2011.10.25 16:36:35.789,0.86798,0.86843,3.00,2.63
2011.10.25 16:36:35.944,0.86798,0.86843,3.00,3.00
2011.10.25 16:36:39.619,0.86798,0.86839,3.00,2.25
2011.10.25 16:36:39.731,0.86798,0.86839,3.00,2.63
2011.10.25 16:36:40.212,0.86794,0.86833,3.00,2.25
2011.10.25 16:36:40.429,0.86799,0.86841,3.00,2.63
2011.10.25 16:36:40.650,0.86794,0.86836,3.00,2.25
2011.10.25 16:36:41.241,0.86797,0.8684,3.00,2.63
2011.10.25 16:36:41.460,0.86792,0.86835,3.00,2.63
2011.10.25 16:36:43.635,0.86791,0.86836,3.00,2.63
2011.10.25 16:36:43.863,0.86789,0.86835,3.60,3.00
2011.10.25 16:36:44.151,0.86789,0.86835,3.60,3.00
2011.10.25 16:36:44.669,0.8679,0.86832,3.00,2.63
2011.10.25 16:36:45.505,0.8679,0.86832,3.00,2.25
2011.10.25 16:36:45.617,0.86793,0.86839,3.00,2.63
2011.10.25 16:36:45.731,0.86793,0.86839,3.00,3.00
2011.10.25 16:36:48.880,0.86799,0.8684,2.63,3.00
2011.10.25 16:36:49.930,0.86793,0.86838,3.00,2.63
2011.10.25 16:36:53.902,0.86799,0.86841,2.63,3.00
2011.10.25 16:36:55.373,0.86794,0.86839,2.63,3.00
2011.10.25 16:36:56.611,0.86801,0.8684,2.63,3.00
2011.10.25 16:36:58.106,0.86805,0.86842,2.25,1.35
2011.10.25 16:36:58.222,0.86805,0.86843,2.63,1.35
2011.10.25 16:36:59.621,0.86805,0.86848,3.00,2.25
2011.10.25 16:36:59.839,0.8681,0.86851,3.00,2.63
2011.10.25 16:37:00.903,0.86811,0.8685,2.63,2.63
2011.10.25 16:37:02.161,0.86804,0.86845,3.00,2.25
2011.10.25 16:37:02.710,0.86812,0.86845,1.35,2.25
2011.10.25 16:37:02.820,0.86812,0.86849,1.35,2.25
2011.10.25 16:37:03.329,0.86812,0.86848,1.35,2.25
2011.10.25 16:37:03.439,0.86812,0.86848,1.35,2.25
2011.10.25 16:37:03.666,0.86815,0.86855,3.00,2.63
2011.10.25 16:37:03.794,0.86815,0.86853,3.00,2.25
2011.10.25 16:37:08.280,0.86813,0.86853,3.00,2.25
2011.10.25 16:37:08.392,0.86817,0.86858,3.00,2.85
2011.10.25 16:37:10.093,0.86817,0.86853,1.35,2.25
2011.10.25 16:37:11.067,0.86815,0.86853,3.00,4.35
2011.10.25 16:37:11.181,0.86815,0.86851,2.25,1.35
2011.10.25 16:37:11.294,0.86815,0.86853,3.00,2.85
2011.10.25 16:37:13.740,0.86817,0.86853,2.63,2.10
2011.10.25 16:37:13.850,0.86817,0.8685,2.25,1.35
2011.10.25 16:37:13.959,0.86804,0.86844,1.35,2.25
2011.10.25 16:37:14.392,0.86804,0.86844,1.35,2.63
2011.10.25 16:37:15.762,0.86811,0.86844,1.35,2.25
2011.10.25 16:37:15.869,0.86811,0.86852,3.60,3.23
2011.10.25 16:37:16.493,0.86813,0.86851,1.35,2.85
2011.10.25 16:37:22.352,0.86816,0.86854,2.63,2.63
2011.10.25 16:37:25.009,0.86816,0.86854,3.00,2.25
2011.10.25 16:37:25.894,0.86818,0.86856,2.63,3.23
2011.10.25 16:37:26.615,0.86821,0.86862,3.00,3.23
2011.10.25 16:37:27.182,0.86821,0.86861,2.63,1.35
2011.10.25 16:37:29.928,0.86818,0.86853,1.35,2.25
2011.10.25 16:37:30.914,0.86819,0.86853,1.35,2.25
2011.10.25 16:37:31.031,0.86819,0.86858,1.35,1.13
2011.10.25 16:37:31.142,0.86818,0.86858,3.23,1.50
2011.10.25 16:37:31.470,0.86809,0.8685,3.60,2.63
2011.10.25 16:37:33.153,0.86805,0.86846,3.00,2.25
2011.10.25 16:37:33.271,0.8681,0.86849,3.00,2.25
2011.10.25 16:37:33.382,0.8681,0.86849,3.00,2.25
2011.10.25 16:37:33.491,0.86816,0.86854,3.00,2.25
2011.10.25 16:37:33.711,0.86813,0.86851,1.35,2.63
2011.10.25 16:37:34.105,0.86813,0.86852,3.23,3.00
2011.10.25 16:37:36.309,0.86812,0.86848,1.35,2.25
2011.10.25 16:37:36.419,0.86812,0.86852,1.35,2.63
2011.10.25 16:37:36.531,0.86814,0.86852,1.35,2.25
2011.10.25 16:37:36.640,0.86816,0.86856,3.00,3.23
2011.10.25 16:37:36.784,0.86816,0.86856,2.63,3.60
2011.10.25 16:37:39.040,0.86811,0.86852,2.63,3.60
2011.10.25 16:37:42.492,0.86807,0.86841,2.25,1.35
2011.10.25 16:37:42.601,0.86796,0.86834,1.35,2.25
2011.10.25 16:37:42.712,0.86796,0.86834,1.35,2.63
2011.10.25 16:37:43.471,0.868,0.8684,3.00,3.23
2011.10.25 16:37:44.257,0.86796,0.86839,1.35,3.60
2011.10.25 16:37:45.313,0.86791,0.86832,3.00,2.63
2011.10.25 16:37:57.303,0.86791,0.86832,2.63,2.63
2011.10.25 16:37:57.531,0.86792,0.86831,2.63,2.63
2011.10.25 16:37:57.905,0.86792,0.86831,2.63,2.63
2011.10.25 16:37:58.538,0.8679,0.86829,3.00,2.25
2011.10.25 16:38:00.322,0.86787,0.86826,1.35,2.25
2011.10.25 16:38:01.685,0.86787,0.86826,1.35,2.25
2011.10.25 16:38:02.800,0.86788,0.86825,1.35,2.25
2011.10.25 16:38:04.065,0.86788,0.86825,1.35,2.25
2011.10.25 16:38:04.182,0.86782,0.86829,2.48,1.35
2011.10.25 16:38:04.290,0.86788,0.86829,1.35,1.73
2011.10.25 16:38:05.292,0.86784,0.86827,1.35,2.10
2011.10.25 16:38:05.399,0.8678,0.86824,2.85,1.35
2011.10.25 16:38:05.552,0.8678,0.86821,2.48,1.35
2011.10.25 16:38:06.105,0.86777,0.86821,1.35,1.35
2011.10.25 16:38:06.222,0.86783,0.86829,1.35,1.35
2011.10.25 16:38:09.349,0.86787,0.86827,2.63,2.63
2011.10.25 16:38:09.574,0.86793,0.86833,2.63,2.63
2011.10.25 16:38:11.211,0.86788,0.86832,3.00,2.63
2011.10.25 16:38:20.701,0.8679,0.8683,3.00,2.25
2011.10.25 16:38:23.174,0.8679,0.8683,3.00,2.63
2011.10.25 16:38:23.321,0.86785,0.86826,3.60,2.25
2011.10.25 16:38:23.730,0.86789,0.86831,2.63,3.00
2011.10.25 16:38:23.841,0.86789,0.86831,2.63,3.00
2011.10.25 16:38:23.950,0.86785,0.86823,1.35,2.25
2011.10.25 16:38:24.059,0.86785,0.86826,1.35,2.63
2011.10.25 16:38:26.841,0.86785,0.86826,1.35,2.63
2011.10.25 16:38:27.372,0.86785,0.86822,1.35,2.25
2011.10.25 16:38:27.612,0.86786,0.86825,3.00,2.25
2011.10.25 16:38:28.732,0.86786,0.86827,3.00,2.63
2011.10.25 16:38:29.013,0.86786,0.86827,2.63,3.00
2011.10.25 16:38:30.764,0.86782,0.86823,3.00,2.63
2011.10.25 16:38:32.183,0.86783,0.86824,3.00,2.25
2011.10.25 16:38:32.290,0.86788,0.86827,2.25,3.00
2011.10.25 16:38:32.619,0.86783,0.86824,3.00,2.63
2011.10.25 16:38:43.856,0.86788,0.86829,3.00,3.23
2011.10.25 16:38:54.682,0.8679,0.86829,3.00,2.63
2011.10.25 16:38:54.789,0.8679,0.86829,3.00,2.25
2011.10.25 16:38:57.901,0.8679,0.86829,3.00,2.63
2011.10.25 16:38:58.932,0.86789,0.86825,1.35,2.25
2011.10.25 16:38:59.259,0.8679,0.86828,2.63,1.13
2011.10.25 16:38:59.370,0.86785,0.86821,1.35,2.25
2011.10.25 16:39:00.351,0.86789,0.86825,1.35,2.25
2011.10.25 16:39:03.392,0.86786,0.86825,3.60,2.63
2011.10.25 16:39:04.199,0.86789,0.86822,1.35,2.25
2011.10.25 16:39:04.311,0.86789,0.86826,1.35,2.25
2011.10.25 16:39:04.912,0.86789,0.86826,1.35,2.25
2011.10.25 16:39:05.129,0.86789,0.8683,3.60,3.60
2011.10.25 16:39:05.239,0.86789,0.86829,3.23,1.50
2011.10.25 16:39:06.184,0.86784,0.86824,3.23,3.23
2011.10.25 16:39:06.686,0.86781,0.86819,3.00,2.85
2011.10.25 16:39:07.393,0.86781,0.86819,2.63,3.60
2011.10.25 16:39:07.500,0.8678,0.8682,3.00,3.23
2011.10.25 16:39:07.953,0.8678,0.8682,3.00,3.23
2011.10.25 16:39:13.580,0.86786,0.86827,2.63,2.63
2011.10.25 16:39:13.689,0.86786,0.86827,3.00,2.63
2011.10.25 16:39:14.001,0.86783,0.86822,3.60,2.25
2011.10.25 16:39:15.383,0.86783,0.86822,3.23,2.63
2011.10.25 16:39:15.622,0.86781,0.86818,1.35,2.25
2011.10.25 16:39:19.348,0.8678,0.86818,1.35,2.63
2011.10.25 16:39:20.885,0.86777,0.86815,1.35,2.25
2011.10.25 16:39:22.281,0.86777,0.86815,1.35,2.25
2011.10.25 16:39:22.391,0.8678,0.8682,3.00,2.63
2011.10.25 16:39:23.255,0.8678,0.86818,3.00,2.85
2011.10.25 16:39:23.363,0.86775,0.86813,1.35,2.25
2011.10.25 16:39:24.234,0.86775,0.86812,1.35,2.25
2011.10.25 16:39:24.349,0.86775,0.86812,1.35,2.25
2011.10.25 16:39:24.900,0.86775,0.86812,1.35,2.25
2011.10.25 16:39:25.011,0.86781,0.86816,1.35,2.25
2011.10.25 16:39:25.309,0.86778,0.86811,1.35,2.25
2011.10.25 16:39:25.540,0.86781,0.86816,1.35,2.25
2011.10.25 16:39:26.120,0.86782,0.86817,1.35,2.25
2011.10.25 16:39:26.841,0.86782,0.86816,1.35,2.25
2011.10.25 16:39:26.950,0.86782,0.86816,1.35,2.25
2011.10.25 16:39:27.060,0.86782,0.8682,1.35,2.25
2011.10.25 16:39:27.462,0.86781,0.86819,2.63,1.73
2011.10.25 16:39:27.791,0.86772,0.86807,1.35,2.25
2011.10.25 16:39:28.269,0.86772,0.86811,3.60,2.63
2011.10.25 16:39:29.470,0.86775,0.86811,1.35,2.25
2011.10.25 16:39:29.584,0.86775,0.86816,3.60,2.63
2011.10.25 16:39:32.019,0.86775,0.86816,3.60,2.25
2011.10.25 16:39:32.239,0.86781,0.86819,3.60,2.25
2011.10.25 16:39:34.551,0.86781,0.86819,1.35,2.25
2011.10.25 16:39:34.660,0.86781,0.86819,1.35,2.63
2011.10.25 16:39:35.262,0.86786,0.86821,1.35,2.25
2011.10.25 16:39:35.395,0.86788,0.86826,2.63,3.23
2011.10.25 16:39:35.513,0.86788,0.86826,3.00,3.23
2011.10.25 16:39:39.083,0.86786,0.86824,1.35,2.25
2011.10.25 16:39:40.186,0.86787,0.86827,3.00,3.23
2011.10.25 16:39:40.753,0.8679,0.86829,3.00,2.85
2011.10.25 16:39:41.242,0.8679,0.86829,3.60,2.25
2011.10.25 16:39:41.740,0.8679,0.86828,1.35,2.25
2011.10.25 16:39:41.849,0.8679,0.86835,1.35,3.23
2011.10.25 16:39:44.721,0.86793,0.86835,2.63,1.35
2011.10.25 16:39:48.780,0.86792,0.86823,2.25,1.35
2011.10.25 16:39:49.384,0.86778,0.86821,1.35,2.63
2011.10.25 16:39:49.490,0.86776,0.86821,3.23,3.00
2011.10.25 16:39:51.623,0.86778,0.86815,1.35,2.25
2011.10.25 16:39:52.471,0.8678,0.86819,2.63,3.23
2011.10.25 16:39:52.915,0.86771,0.86816,2.25,1.35
2011.10.25 16:39:53.433,0.86762,0.86809,3.00,3.00
2011.10.25 16:39:53.961,0.86762,0.86809,3.00,3.00
2011.10.25 16:39:55.500,0.86768,0.8681,2.25,1.35
2011.10.25 16:39:55.611,0.86765,0.86807,2.25,3.00
2011.10.25 16:39:59.887,0.8677,0.86808,2.25,1.35
2011.10.25 16:40:00.001,0.86764,0.86807,3.00,2.63
2011.10.25 16:40:00.111,0.86764,0.86808,3.00,2.63
2011.10.25 16:40:01.217,0.86764,0.86806,3.00,2.25
2011.10.25 16:40:01.330,0.86769,0.86811,3.00,2.63
2011.10.25 16:40:02.191,0.86769,0.86811,2.63,3.00
2011.10.25 16:40:02.871,0.86764,0.86806,3.00,2.63
2011.10.25 16:40:03.309,0.86764,0.86805,3.00,2.63
2011.10.25 16:40:03.910,0.86764,0.86805,3.00,2.63
2011.10.25 16:40:05.143,0.86764,0.86805,2.63,3.00
2011.10.25 16:40:05.794,0.86759,0.86802,3.60,2.63
2011.10.25 16:40:06.022,0.86758,0.86794,1.35,2.25
2011.10.25 16:40:07.871,0.86754,0.86794,3.00,2.63
2011.10.25 16:40:08.381,0.86754,0.86794,3.00,2.63
2011.10.25 16:40:08.748,0.86755,0.86793,3.00,2.25
2011.10.25 16:40:08.969,0.86757,0.86796,3.00,2.63
2011.10.25 16:40:09.411,0.86758,0.868,3.00,2.25
2011.10.25 16:40:09.677,0.86763,0.86803,3.00,2.63
2011.10.25 16:40:10.020,0.86757,0.86794,1.35,2.25
2011.10.25 16:40:10.916,0.86755,0.86794,3.00,2.25
2011.10.25 16:40:11.042,0.86749,0.8679,3.60,2.63
2011.10.25 16:40:11.623,0.8675,0.86791,3.00,2.25
2011.10.25 16:40:11.960,0.8676,0.86799,2.63,3.23
2011.10.25 16:40:12.691,0.8676,0.86799,2.63,3.60
2011.10.25 16:40:13.252,0.86756,0.86795,2.63,2.63
2011.10.25 16:40:13.433,0.86756,0.86795,2.63,3.00
2011.10.25 16:40:13.770,0.86751,0.86791,3.00,2.25
2011.10.25 16:40:14.395,0.86749,0.8679,3.60,2.25
2011.10.25 16:40:15.352,0.86749,0.8679,3.60,2.63
2011.10.25 16:40:16.899,0.86749,0.86788,1.35,2.63
2011.10.25 16:40:19.270,0.86751,0.86791,3.00,2.25
2011.10.25 16:40:19.490,0.86759,0.868,3.00,2.63
2011.10.25 16:40:19.770,0.86759,0.868,3.00,2.63
2011.10.25 16:40:20.637,0.86758,0.86794,1.35,2.25
2011.10.25 16:40:21.446,0.86758,0.86797,1.35,2.63
2011.10.25 16:40:22.393,0.86759,0.86801,3.00,3.00
2011.10.25 16:40:22.761,0.86758,0.86796,3.60,2.25
2011.10.25 16:40:24.821,0.86758,0.86801,3.60,2.63
2011.10.25 16:40:26.849,0.86759,0.868,2.63,1.35
2011.10.25 16:40:27.196,0.8675,0.86794,3.60,3.00
2011.10.25 16:40:27.849,0.86756,0.86795,3.00,2.63
2011.10.25 16:40:27.960,0.86755,0.86795,3.00,2.63
2011.10.25 16:40:37.107,0.86755,0.86801,3.60,2.63
2011.10.25 16:40:38.192,0.86755,0.86801,3.60,3.00
2011.10.25 16:40:38.672,0.86755,0.86802,1.35,3.00
2011.10.25 16:40:40.371,0.86749,0.86797,3.00,2.63
2011.10.25 16:40:42.950,0.86748,0.86793,3.00,2.63
2011.10.25 16:40:46.090,0.86748,0.86786,3.00,2.25
2011.10.25 16:40:46.851,0.86746,0.86789,1.35,2.63
2011.10.25 16:40:46.971,0.86746,0.86789,1.35,2.63
2011.10.25 16:40:47.750,0.86751,0.86791,3.00,2.63
2011.10.25 16:40:48.472,0.8675,0.86789,3.00,2.25
2011.10.25 16:40:49.583,0.86751,0.86791,3.00,2.63
2011.10.25 16:40:50.451,0.8675,0.86789,3.00,2.63
2011.10.25 16:40:53.358,0.86747,0.86786,1.35,2.25
2011.10.25 16:40:53.470,0.86746,0.86786,1.35,2.63
2011.10.25 16:40:56.823,0.86747,0.86786,3.23,3.00
2011.10.25 16:40:57.670,0.86743,0.86783,3.00,2.63
2011.10.25 16:40:58.910,0.86744,0.86784,3.60,2.63
2011.10.25 16:40:59.682,0.86744,0.86784,3.23,3.00
2011.10.25 16:41:02.962,0.86739,0.8678,3.00,2.25
2011.10.25 16:41:03.293,0.86736,0.86773,1.35,2.63
2011.10.25 16:41:03.634,0.86743,0.86781,3.00,2.25
2011.10.25 16:41:05.005,0.86751,0.86781,1.35,2.25
2011.10.25 16:41:05.120,0.86754,0.86795,2.63,2.63
2011.10.25 16:41:05.230,0.86754,0.86794,2.25,1.50
2011.10.25 16:41:05.339,0.86744,0.86781,1.35,2.25
2011.10.25 16:41:06.840,0.86735,0.86773,1.35,2.25
2011.10.25 16:41:07.061,0.86735,0.86773,1.35,2.63
2011.10.25 16:41:07.172,0.86735,0.86769,1.35,2.25
2011.10.25 16:41:07.280,0.86726,0.86764,3.00,2.25
2011.10.25 16:41:07.423,0.86726,0.86764,3.00,2.25
2011.10.25 16:41:08.012,0.86729,0.86769,3.00,2.25
2011.10.25 16:41:08.452,0.86735,0.86769,1.35,2.25
2011.10.25 16:41:08.559,0.86737,0.86778,3.00,2.25
2011.10.25 16:41:08.670,0.86737,0.86778,3.00,2.25
2011.10.25 16:41:08.889,0.86743,0.86781,3.00,2.25
2011.10.25 16:41:11.432,0.86743,0.86781,3.00,2.25
2011.10.25 16:41:11.651,0.86747,0.86786,3.00,2.25
2011.10.25 16:41:12.120,0.86747,0.86786,2.63,3.00
2011.10.25 16:41:12.233,0.86738,0.86778,1.35,2.25
2011.10.25 16:41:12.640,0.86742,0.86782,3.00,2.25
2011.10.25 16:41:13.676,0.86739,0.86777,3.00,2.25
2011.10.25 16:41:13.900,0.86738,0.86773,1.35,2.25
2011.10.25 16:41:14.163,0.86738,0.86775,1.35,2.25
2011.10.25 16:41:14.932,0.86744,0.86785,3.00,2.63
2011.10.25 16:41:15.454,0.86744,0.86786,3.00,2.63
2011.10.25 16:41:16.902,0.86744,0.86787,3.00,2.25
2011.10.25 16:41:17.121,0.86749,0.86791,3.00,2.63
2011.10.25 16:41:17.890,0.86747,0.86787,3.00,2.25
2011.10.25 16:41:18.471,0.86745,0.86784,1.35,2.25
2011.10.25 16:41:19.296,0.86745,0.86783,3.60,2.25
2011.10.25 16:41:19.891,0.86745,0.86784,3.60,2.25
2011.10.25 16:41:20.431,0.86744,0.86778,1.35,2.25
2011.10.25 16:41:23.132,0.8674,0.86778,1.35,2.25
2011.10.25 16:41:23.362,0.86735,0.86775,1.35,2.25
2011.10.25 16:41:23.579,0.86739,0.86787,3.00,2.63
2011.10.25 16:41:23.819,0.86739,0.86778,3.00,2.25
2011.10.25 16:41:24.452,0.86739,0.86778,3.00,2.25
2011.10.25 16:41:24.559,0.86744,0.86782,3.00,2.25
2011.10.25 16:41:24.892,0.86744,0.86782,3.00,2.63
2011.10.25 16:41:25.109,0.86738,0.86779,3.00,2.25
2011.10.25 16:41:26.997,0.86741,0.86784,3.00,2.63
2011.10.25 16:41:28.006,0.8674,0.86779,3.00,2.25
2011.10.25 16:41:30.012,0.8674,0.86779,3.00,2.63
2011.10.25 16:41:32.871,0.86738,0.86779,2.63,3.00
2011.10.25 16:41:33.202,0.86733,0.86782,3.00,1.35
2011.10.25 16:41:33.312,0.86731,0.86777,3.00,2.63
2011.10.25 16:41:38.575,0.86731,0.86775,2.63,2.63
2011.10.25 16:41:38.693,0.86731,0.86775,3.00,2.63
2011.10.25 16:41:39.130,0.86739,0.86779,3.00,2.25
2011.10.25 16:41:40.046,0.86738,0.86781,3.00,2.63
2011.10.25 16:41:40.601,0.86738,0.86781,3.00,2.63
2011.10.25 16:41:40.796,0.86737,0.86776,3.00,2.25
2011.10.25 16:41:44.530,0.86737,0.86776,2.63,2.63
2011.10.25 16:41:44.751,0.86733,0.86772,2.63,2.63
2011.10.25 16:41:45.265,0.86729,0.86767,3.00,2.25
2011.10.25 16:41:46.114,0.86732,0.86771,3.00,2.25
2011.10.25 16:41:46.665,0.8673,0.86766,1.35,2.25
2011.10.25 16:41:46.893,0.86736,0.86777,3.00,2.25
2011.10.25 16:41:47.003,0.8673,0.86781,3.60,3.00
2011.10.25 16:41:47.564,0.86731,0.86778,3.00,3.00
2011.10.25 16:41:48.794,0.8673,0.86777,3.60,2.25
2011.10.25 16:41:49.676,0.86736,0.8678,3.00,2.63
2011.10.25 16:41:51.246,0.86734,0.86775,3.00,2.25
2011.10.25 16:41:55.161,0.86736,0.86778,3.00,2.63
2011.10.25 16:41:55.273,0.86732,0.86777,3.00,2.63
2011.10.25 16:41:55.610,0.86726,0.86777,1.35,3.00
2011.10.25 16:41:55.981,0.86732,0.86775,3.00,2.63
2011.10.25 16:42:00.215,0.86732,0.86777,3.00,2.63
2011.10.25 16:42:01.152,0.86732,0.86778,2.63,3.00
2011.10.25 16:42:02.891,0.86726,0.86772,1.35,2.63
2011.10.25 16:42:06.661,0.86726,0.86774,1.35,3.00
2011.10.25 16:42:07.001,0.86725,0.86771,3.00,2.63
2011.10.25 16:42:09.684,0.86724,0.86771,3.00,2.25
2011.10.25 16:42:09.910,0.86735,0.86777,3.00,2.63
2011.10.25 16:42:10.021,0.86735,0.86777,2.63,3.00
2011.10.25 16:42:10.240,0.86728,0.86768,2.63,2.63
2011.10.25 16:42:12.081,0.86725,0.86769,3.00,3.00
2011.10.25 16:42:12.190,0.86725,0.86769,3.00,2.63
2011.10.25 16:42:13.753,0.8673,0.86774,1.35,2.63
2011.10.25 16:42:15.742,0.8673,0.86776,1.35,3.00
2011.10.25 16:42:16.070,0.86731,0.86775,3.00,2.63
2011.10.25 16:42:16.981,0.86742,0.86775,1.35,2.25
2011.10.25 16:42:17.310,0.86744,0.86788,3.00,2.63
2011.10.25 16:42:17.530,0.86744,0.86788,3.00,2.25
2011.10.25 16:42:17.641,0.86749,0.86791,3.00,2.63
2011.10.25 16:42:19.803,0.86749,0.86789,3.00,2.25
2011.10.25 16:42:20.934,0.86749,0.86791,3.00,2.63
2011.10.25 16:42:21.262,0.86754,0.86795,3.00,2.63
2011.10.25 16:42:21.479,0.86754,0.86795,3.00,2.63
2011.10.25 16:42:21.914,0.86754,0.86795,2.63,3.00
2011.10.25 16:42:23.466,0.86749,0.86791,3.00,2.25
2011.10.25 16:42:23.691,0.86754,0.86795,3.00,2.63
2011.10.25 16:42:23.905,0.86754,0.86795,2.63,3.00
2011.10.25 16:42:26.273,0.86749,0.86791,2.63,3.00
2011.10.25 16:42:26.600,0.86754,0.86795,3.00,2.63
2011.10.25 16:42:26.711,0.86754,0.86795,2.63,3.00
2011.10.25 16:42:27.703,0.86749,0.86791,3.00,2.25
2011.10.25 16:42:27.920,0.86754,0.86795,2.63,3.00
2011.10.25 16:42:29.299,0.86754,0.86795,3.00,2.63
2011.10.25 16:42:31.210,0.86754,0.86795,2.63,3.00
2011.10.25 16:42:31.935,0.86749,0.86789,2.63,3.00
2011.10.25 16:42:32.330,0.86735,0.86777,3.00,2.63
2011.10.25 16:42:33.220,0.86735,0.86777,2.63,2.63
2011.10.25 16:42:35.425,0.86731,0.86773,3.00,2.25
2011.10.25 16:42:36.016,0.86736,0.86776,3.00,2.25
2011.10.25 16:42:37.081,0.86736,0.86778,3.00,2.63
2011.10.25 16:42:37.628,0.86736,0.86776,3.00,2.25
2011.10.25 16:42:38.431,0.86736,0.86778,3.00,2.63
2011.10.25 16:42:38.540,0.86737,0.86778,1.35,2.25
2011.10.25 16:42:38.650,0.86741,0.86783,3.00,2.63
2011.10.25 16:42:38.873,0.86741,0.86783,3.00,2.25
2011.10.25 16:42:39.211,0.86742,0.8679,3.00,3.23
2011.10.25 16:42:40.291,0.8674,0.86784,3.00,2.63
2011.10.25 16:42:41.290,0.8674,0.86784,3.00,2.25
2011.10.25 16:42:41.400,0.86741,0.86791,3.00,1.35
2011.10.25 16:42:44.729,0.86747,0.86788,3.00,2.63
2011.10.25 16:42:45.063,0.86747,0.86788,3.23,3.00
2011.10.25 16:42:45.736,0.86741,0.8678,1.35,2.25
2011.10.25 16:42:46.129,0.86741,0.86787,3.60,2.63
2011.10.25 16:42:46.480,0.86741,0.8678,1.35,2.63
2011.10.25 16:42:46.936,0.86741,0.86777,1.35,2.25
2011.10.25 16:42:47.414,0.86741,0.86775,1.35,2.25
2011.10.25 16:42:47.533,0.86745,0.86775,1.35,2.25
2011.10.25 16:42:48.142,0.86737,0.86783,3.00,2.25
2011.10.25 16:42:48.263,0.86735,0.86783,3.60,3.00
2011.10.25 16:42:48.381,0.86735,0.86783,3.60,3.75
2011.10.25 16:42:48.491,0.86738,0.8678,3.00,2.25
2011.10.25 16:42:48.710,0.86739,0.86783,3.00,2.63
2011.10.25 16:42:48.820,0.86739,0.86783,3.00,2.63
2011.10.25 16:42:49.612,0.86748,0.86788,2.63,2.63
2011.10.25 16:42:49.720,0.86749,0.86788,2.25,3.00
2011.10.25 16:42:50.226,0.86742,0.86788,3.00,3.00
2011.10.25 16:42:50.799,0.86739,0.86788,3.00,3.00
2011.10.25 16:42:51.169,0.86739,0.86781,2.63,3.00
2011.10.25 16:42:51.680,0.86739,0.86781,2.25,3.00
2011.10.25 16:42:51.960,0.86737,0.86779,1.35,2.63
2011.10.25 16:42:55.520,0.86739,0.86781,3.00,3.00
2011.10.25 16:42:56.195,0.86741,0.8678,3.00,2.63
2011.10.25 16:42:59.673,0.86742,0.86783,2.63,1.35
2011.10.25 16:42:59.929,0.8674,0.86781,3.00,2.63
2011.10.25 16:43:06.183,0.86741,0.86783,2.63,1.35
2011.10.25 16:43:06.409,0.86741,0.8678,3.00,2.25
2011.10.25 16:43:07.341,0.86741,0.86786,3.00,1.35
2011.10.25 16:43:08.398,0.86741,0.86784,3.00,1.35
2011.10.25 16:43:20.503,0.8674,0.86787,3.00,3.00
2011.10.25 16:43:21.214,0.86742,0.86788,3.00,3.00
2011.10.25 16:43:27.817,0.86742,0.86788,2.63,3.00
2011.10.25 16:43:27.933,0.86742,0.86788,3.00,3.00
2011.10.25 16:43:33.920,0.86741,0.86783,3.00,2.25
2011.10.25 16:43:34.033,0.86742,0.86789,3.00,2.63
2011.10.25 16:43:35.410,0.86744,0.86791,1.35,2.63
2011.10.25 16:43:35.630,0.86744,0.86791,1.35,2.63
2011.10.25 16:43:36.616,0.86745,0.86791,3.00,2.63
2011.10.25 16:43:37.973,0.86745,0.86791,3.00,2.63
2011.10.25 16:43:38.300,0.86749,0.86795,1.35,2.25
2011.10.25 16:43:38.411,0.86759,0.86799,2.63,2.63
2011.10.25 16:43:38.520,0.86751,0.86791,3.00,2.63
2011.10.25 16:43:38.861,0.86746,0.86788,1.35,2.63
2011.10.25 16:43:41.729,0.86746,0.86788,1.35,2.25
2011.10.25 16:43:41.846,0.86754,0.86795,3.00,2.63
2011.10.25 16:43:42.549,0.86755,0.86794,2.63,2.63
2011.10.25 16:43:42.895,0.86754,0.86794,3.00,2.63
2011.10.25 16:43:46.321,0.86755,0.86799,3.00,3.00
2011.10.25 16:43:47.032,0.86749,0.86796,3.60,3.00
2011.10.25 16:43:47.763,0.86749,0.86796,1.35,3.00
2011.10.25 16:43:47.996,0.86745,0.86793,3.00,2.25
2011.10.25 16:43:48.692,0.86758,0.86797,3.00,2.25
2011.10.25 16:43:49.104,0.86756,0.86795,3.00,2.25
2011.10.25 16:43:53.539,0.86757,0.86798,3.00,2.63
2011.10.25 16:43:53.651,0.86756,0.86796,1.35,2.25
2011.10.25 16:43:55.880,0.86756,0.86796,1.35,2.63
2011.10.25 16:43:56.212,0.8676,0.86792,1.35,2.25
2011.10.25 16:43:56.431,0.86757,0.86796,3.23,2.63
2011.10.25 16:43:57.463,0.86756,0.86794,1.35,2.25
2011.10.25 16:43:59.400,0.8676,0.86794,1.35,2.25
2011.10.25 16:43:59.733,0.8676,0.86803,1.35,2.25
2011.10.25 16:44:00.840,0.86764,0.86803,2.63,2.63
2011.10.25 16:44:01.402,0.86761,0.868,3.00,2.25
2011.10.25 16:44:02.452,0.8676,0.868,1.35,2.63
2011.10.25 16:44:11.771,0.86759,0.868,3.60,2.63
2011.10.25 16:44:14.164,0.86759,0.86798,3.23,2.63
2011.10.25 16:44:14.563,0.86758,0.86799,3.00,3.23
2011.10.25 16:44:15.334,0.86758,0.86799,2.25,3.60
2011.10.25 16:44:15.670,0.86754,0.86794,3.00,2.63
2011.10.25 16:44:18.722,0.86756,0.86796,2.63,3.00
2011.10.25 16:44:22.051,0.86751,0.86796,3.60,3.00
2011.10.25 16:44:24.830,0.86753,0.86794,3.00,2.63
2011.10.25 16:44:25.052,0.86753,0.86794,3.00,2.63
2011.10.25 16:44:25.272,0.86752,0.868,3.00,2.63
2011.10.25 16:44:26.256,0.86754,0.868,3.00,2.25
2011.10.25 16:44:26.373,0.86761,0.86802,3.00,2.63
2011.10.25 16:44:26.530,0.86753,0.86795,3.00,2.25
2011.10.25 16:44:26.642,0.86753,0.86795,3.00,2.63
2011.10.25 16:44:26.873,0.86753,0.86795,3.00,2.25
2011.10.25 16:44:27.052,0.86754,0.86803,3.00,3.00
2011.10.25 16:44:27.202,0.86754,0.86803,3.00,3.00
2011.10.25 16:44:27.530,0.86754,0.86795,3.00,2.63
2011.10.25 16:44:30.214,0.86755,0.868,3.00,3.00
2011.10.25 16:44:30.854,0.86753,0.86795,3.00,2.63
2011.10.25 16:44:31.229,0.86753,0.86795,3.00,2.63
2011.10.25 16:44:42.640,0.86755,0.86794,3.00,2.25
2011.10.25 16:44:42.891,0.86759,0.86799,3.00,2.63
2011.10.25 16:44:44.673,0.86759,0.86799,2.63,3.00
2011.10.25 16:44:51.652,0.86755,0.86798,3.00,3.60
2011.10.25 16:44:55.710,0.86753,0.86793,2.63,3.00
2011.10.25 16:44:56.599,0.86745,0.86792,3.00,3.00
2011.10.25 16:44:57.216,0.86746,0.8679,2.63,3.00
2011.10.25 16:44:57.551,0.8674,0.8679,3.60,3.00
2011.10.25 16:45:09.781,0.86739,0.86782,3.00,2.63
2011.10.25 16:45:11.403,0.8674,0.86788,2.63,1.35
2011.10.25 16:45:11.770,0.86739,0.86782,3.00,2.63
2011.10.25 16:45:12.297,0.86739,0.86782,3.00,2.63
2011.10.25 16:45:12.630,0.8674,0.86784,3.00,3.00
2011.10.25 16:45:13.051,0.8674,0.86783,3.00,2.63
2011.10.25 16:45:13.468,0.8674,0.86784,3.00,2.63
2011.10.25 16:45:15.443,0.86741,0.86786,3.00,3.00
2011.10.25 16:45:15.889,0.86741,0.86791,3.00,3.00
2011.10.25 16:45:23.111,0.8674,0.86789,3.60,2.63
2011.10.25 16:45:31.562,0.86742,0.86797,3.00,3.60
2011.10.25 16:45:42.198,0.86741,0.86797,3.00,3.60
2011.10.25 16:45:42.888,0.86741,0.86797,3.00,3.60
2011.10.25 16:45:43.331,0.86747,0.86797,3.00,1.35
2011.10.25 16:45:45.475,0.86741,0.86797,3.00,1.35
2011.10.25 16:45:47.183,0.86741,0.86789,3.00,2.63
2011.10.25 16:45:47.881,0.8675,0.86794,3.00,2.63
2011.10.25 16:45:49.720,0.8675,0.86794,3.00,2.25
2011.10.25 16:45:50.275,0.86749,0.86802,3.00,3.00
2011.10.25 16:45:50.624,0.86757,0.86803,3.00,2.63
2011.10.25 16:45:59.824,0.86756,0.86795,3.00,2.25
2011.10.25 16:45:59.941,0.86757,0.86802,3.00,2.63
2011.10.25 16:46:01.131,0.86758,0.86797,3.00,2.25
2011.10.25 16:46:01.460,0.86757,0.86801,3.00,2.63
2011.10.25 16:46:01.663,0.86757,0.86801,3.00,2.25
2011.10.25 16:46:01.813,0.86761,0.86805,3.00,2.63
2011.10.25 16:46:02.142,0.86761,0.86805,3.00,3.00
2011.10.25 16:46:02.360,0.86757,0.86798,3.00,2.25
2011.10.25 16:46:05.701,0.86757,0.86801,3.00,2.63
2011.10.25 16:46:12.775,0.86758,0.86801,3.00,2.63
2011.10.25 16:46:15.923,0.86759,0.86807,2.63,3.60
2011.10.25 16:46:16.150,0.86756,0.86802,2.63,3.00
2011.10.25 16:46:17.191,0.86752,0.86797,3.00,3.60
2011.10.25 16:46:17.801,0.86745,0.86795,1.35,1.35
2011.10.25 16:46:22.583,0.86739,0.86787,3.00,3.00
2011.10.25 16:46:23.403,0.86739,0.86785,3.00,3.00
2011.10.25 16:46:23.511,0.86739,0.86785,2.63,3.00
2011.10.25 16:46:23.840,0.86738,0.86786,3.00,3.00
2011.10.25 16:46:31.831,0.8674,0.86786,3.00,3.00
2011.10.25 16:46:33.044,0.86738,0.86786,3.00,3.00
2011.10.25 16:46:37.550,0.8674,0.86786,1.35,2.63
2011.10.25 16:46:43.813,0.86742,0.86786,3.00,2.63
2011.10.25 16:46:44.542,0.86742,0.86786,2.63,3.00
2011.10.25 16:46:44.644,0.86734,0.8678,3.00,3.00
2011.10.25 16:46:44.762,0.86734,0.86789,3.00,3.00
2011.10.25 16:46:46.962,0.86734,0.86789,3.00,3.00
2011.10.25 16:46:47.932,0.86742,0.86783,3.00,2.63
2011.10.25 16:46:58.202,0.86742,0.86789,3.00,3.00
2011.10.25 16:46:59.290,0.86733,0.86781,3.00,3.00
2011.10.25 16:47:00.081,0.86733,0.86781,2.63,3.60
2011.10.25 16:47:00.300,0.86733,0.86781,3.00,3.60
2011.10.25 16:47:05.680,0.86733,0.86779,3.00,2.25
2011.10.25 16:47:06.011,0.86744,0.86782,3.00,2.63
2011.10.25 16:47:16.670,0.86744,0.86784,2.63,3.23
2011.10.25 16:47:17.622,0.86744,0.86784,2.63,3.23
2011.10.25 16:47:28.330,0.86743,0.86783,2.63,3.00
2011.10.25 16:47:29.170,0.86739,0.86781,1.35,2.63
2011.10.25 16:47:29.770,0.86744,0.86784,2.63,3.23
2011.10.25 16:47:30.752,0.86744,0.86784,3.00,3.23
2011.10.25 16:47:32.180,0.86746,0.86784,2.63,3.23
2011.10.25 16:47:33.741,0.86746,0.86784,2.63,3.23
2011.10.25 16:47:35.920,0.86746,0.86784,2.25,3.60
2011.10.25 16:47:36.142,0.86736,0.86777,3.00,3.23
2011.10.25 16:47:36.361,0.86738,0.86782,3.60,1.35
2011.10.25 16:47:40.696,0.86738,0.86783,3.00,3.23
2011.10.25 16:47:40.814,0.86738,0.86785,3.00,3.23
2011.10.25 16:47:47.290,0.86738,0.86784,3.00,1.73
2011.10.25 16:47:47.620,0.86746,0.86786,3.00,2.63
2011.10.25 16:47:52.550,0.86746,0.86786,2.25,3.00
2011.10.25 16:47:52.818,0.86746,0.86784,2.25,1.35
2011.10.25 16:47:57.094,0.86743,0.86781,2.63,2.63
2011.10.25 16:48:02.966,0.86743,0.86779,2.63,2.48
2011.10.25 16:48:03.074,0.86736,0.86776,2.63,3.23
2011.10.25 16:48:08.475,0.86736,0.86776,2.25,3.00
2011.10.25 16:48:09.506,0.86728,0.86772,3.00,1.35
2011.10.25 16:48:11.112,0.86728,0.86774,3.00,2.63
2011.10.25 16:48:11.443,0.86731,0.86775,3.00,2.63
2011.10.25 16:48:12.183,0.86734,0.86773,2.63,2.63
2011.10.25 16:48:17.923,0.8673,0.86773,3.00,2.25
2011.10.25 16:48:18.631,0.86735,0.86778,3.00,3.23
2011.10.25 16:48:19.193,0.86735,0.86778,3.00,3.23
2011.10.25 16:48:21.150,0.86737,0.86778,2.63,3.23
2011.10.25 16:48:27.110,0.86735,0.86778,2.63,3.60
2011.10.25 16:48:27.221,0.8673,0.86776,3.00,2.63
2011.10.25 16:48:34.343,0.86736,0.86779,2.63,3.60
2011.10.25 16:48:34.450,0.86736,0.86778,2.63,1.35
2011.10.25 16:48:38.113,0.86734,0.86773,3.00,2.25
2011.10.25 16:48:38.332,0.86738,0.86778,3.00,3.23
2011.10.25 16:48:40.731,0.86737,0.86784,3.00,3.23
2011.10.25 16:48:40.842,0.86743,0.86785,3.00,2.63
2011.10.25 16:48:41.063,0.86744,0.86785,3.00,2.63
2011.10.25 16:48:41.281,0.86743,0.86784,3.00,2.63
2011.10.25 16:48:42.702,0.86743,0.86784,3.00,2.25
2011.10.25 16:48:42.810,0.86747,0.86788,3.00,3.23
2011.10.25 16:48:43.730,0.86743,0.86784,3.00,2.63
2011.10.25 16:48:46.461,0.86744,0.86784,3.00,2.25
2011.10.25 16:48:47.263,0.86745,0.86784,2.63,2.63
2011.10.25 16:48:47.800,0.86742,0.86781,3.00,2.25
2011.10.25 16:48:48.311,0.86742,0.86786,3.00,2.63
2011.10.25 16:48:58.595,0.86743,0.86785,2.63,3.00
2011.10.25 16:48:59.353,0.86741,0.86782,1.35,2.63
2011.10.25 16:49:00.852,0.86737,0.86778,3.00,2.63
2011.10.25 16:49:00.964,0.8674,0.86781,2.63,2.63
2011.10.25 16:49:03.018,0.86737,0.86776,3.00,2.25
2011.10.25 16:49:10.540,0.86737,0.86776,2.63,3.00
2011.10.25 16:49:12.024,0.86729,0.86774,3.00,3.00
2011.10.25 16:49:12.850,0.86726,0.86768,3.00,2.63
2011.10.25 16:49:13.681,0.86726,0.86768,3.00,3.00
2011.10.25 16:49:18.031,0.86726,0.8677,3.00,3.60
2011.10.25 16:49:18.471,0.8673,0.86774,3.00,1.35
2011.10.25 16:49:20.491,0.86726,0.86773,1.35,1.35
2011.10.25 16:49:22.674,0.86722,0.86773,3.23,1.35
2011.10.25 16:49:22.791,0.86722,0.86771,2.63,1.35
2011.10.25 16:49:26.191,0.86727,0.86767,2.25,3.00
2011.10.25 16:49:26.302,0.86727,0.86767,3.00,2.63
2011.10.25 16:49:26.823,0.86728,0.86768,2.25,3.00
2011.10.25 16:49:27.313,0.86719,0.8676,2.63,2.63
2011.10.25 16:49:36.640,0.86719,0.8676,3.23,3.60
2011.10.25 16:49:42.770,0.86716,0.86758,3.00,3.23
2011.10.25 16:49:45.329,0.86716,0.86765,3.00,3.00
2011.10.25 16:49:45.415,0.86716,0.86761,3.00,3.00
2011.10.25 16:50:13.692,0.86714,0.86753,3.00,2.25
2011.10.25 16:50:14.691,0.86714,0.86754,3.00,2.25
2011.10.25 16:50:15.250,0.86717,0.86759,3.00,2.63
2011.10.25 16:50:17.763,0.86718,0.86761,2.25,3.00
2011.10.25 16:50:17.990,0.8671,0.86751,2.63,3.00
2011.10.25 16:50:18.760,0.86706,0.86746,3.00,2.25
2011.10.25 16:50:18.873,0.86706,0.86748,3.00,2.25
2011.10.25 16:50:18.990,0.86706,0.86755,3.00,1.35
2011.10.25 16:50:20.569,0.86714,0.86756,3.00,2.63
2011.10.25 16:50:25.949,0.86715,0.86757,2.63,3.00
2011.10.25 16:50:33.056,0.86714,0.86753,2.63,2.63
2011.10.25 16:50:34.264,0.86713,0.86753,2.63,2.63
2011.10.25 16:50:36.540,0.86718,0.86757,2.25,3.00
2011.10.25 16:50:37.179,0.86717,0.86758,2.63,3.00
2011.10.25 16:50:41.351,0.86715,0.86754,2.63,2.63
2011.10.25 16:50:41.459,0.8672,0.86759,2.25,3.00
2011.10.25 16:50:42.073,0.8672,0.86751,2.25,1.35
2011.10.25 16:50:42.195,0.86708,0.86749,2.63,3.00
2011.10.25 16:50:47.419,0.86706,0.86745,2.63,3.23
2011.10.25 16:50:47.528,0.86706,0.86745,2.63,3.23
2011.10.25 16:50:53.183,0.86706,0.86744,2.63,1.35
2011.10.25 16:50:53.519,0.86702,0.86741,2.63,3.23
2011.10.25 16:50:55.798,0.86697,0.86738,3.23,3.00
2011.10.25 16:50:56.184,0.867,0.86738,1.35,2.63
2011.10.25 16:50:59.816,0.86702,0.86741,2.63,3.23
2011.10.25 16:51:00.082,0.86702,0.86741,2.63,3.23
2011.10.25 16:51:01.409,0.86701,0.8674,2.63,2.63
2011.10.25 16:51:04.382,0.86701,0.8674,3.00,2.63
2011.10.25 16:51:04.500,0.86704,0.8674,1.35,2.25
2011.10.25 16:51:06.626,0.86705,0.86744,3.23,3.23
2011.10.25 16:51:13.114,0.86705,0.86744,3.23,3.23
2011.10.25 16:51:14.871,0.86701,0.86741,3.00,4.73
2011.10.25 16:51:14.982,0.86699,0.86739,2.63,3.23
2011.10.25 16:51:15.091,0.86699,0.86731,2.25,1.35
2011.10.25 16:51:15.201,0.86696,0.86731,2.25,1.35
2011.10.25 16:51:15.312,0.86691,0.86729,2.25,1.35
2011.10.25 16:51:16.107,0.86689,0.86729,2.63,1.35
2011.10.25 16:51:16.201,0.86692,0.86731,2.63,1.35
2011.10.25 16:51:16.310,0.86692,0.86733,2.63,2.85
2011.10.25 16:51:16.531,0.86697,0.86736,2.10,2.25
2011.10.25 16:51:16.751,0.86696,0.86735,2.25,2.85
2011.10.25 16:51:16.861,0.867,0.86735,2.25,1.35
2011.10.25 16:51:16.971,0.86692,0.86731,3.23,2.63
2011.10.25 16:51:17.079,0.8669,0.86729,3.23,3.00
2011.10.25 16:51:17.189,0.86687,0.86728,2.63,3.60
2011.10.25 16:51:17.522,0.86691,0.8673,2.63,4.73
2011.10.25 16:51:17.640,0.86691,0.8673,3.23,3.23
2011.10.25 16:51:19.188,0.86697,0.8673,2.10,2.63
2011.10.25 16:51:19.301,0.86699,0.86739,1.35,3.23
2011.10.25 16:51:19.964,0.86696,0.86739,1.35,2.63
2011.10.25 16:51:22.902,0.86712,0.86751,2.63,3.23
2011.10.25 16:51:23.269,0.86708,0.86746,2.63,2.63
2011.10.25 16:51:23.645,0.86708,0.86746,2.63,2.63
2011.10.25 16:51:24.441,0.86702,0.86747,3.00,2.63
2011.10.25 16:51:24.572,0.86702,0.86747,3.00,2.63
2011.10.25 16:51:27.189,0.86708,0.86746,2.63,2.63
2011.10.25 16:51:27.729,0.86702,0.86747,3.00,2.63
2011.10.25 16:51:28.511,0.86707,0.86747,2.63,3.00
2011.10.25 16:51:35.659,0.86704,0.8675,3.00,2.63
2011.10.25 16:51:44.710,0.86704,0.86747,3.00,2.63
2011.10.25 16:51:45.347,0.86706,0.86751,3.00,3.23
2011.10.25 16:51:49.629,0.86706,0.86751,3.00,3.60
2011.10.25 16:51:56.682,0.86699,0.86742,3.00,2.25
2011.10.25 16:52:04.274,0.86699,0.86742,3.00,2.63
2011.10.25 16:52:04.500,0.86699,0.86742,3.00,2.25
2011.10.25 16:52:05.036,0.86698,0.86737,1.35,2.25
2011.10.25 16:52:05.152,0.867,0.86741,3.00,2.25
2011.10.25 16:52:05.652,0.867,0.86741,3.60,2.25
2011.10.25 16:52:05.879,0.86705,0.86744,3.00,2.25
2011.10.25 16:52:08.700,0.867,0.86744,1.35,2.63
2011.10.25 16:52:08.944,0.867,0.86744,1.35,2.63
2011.10.25 16:52:12.197,0.867,0.86731,1.35,2.25
2011.10.25 16:52:12.311,0.86692,0.86731,3.00,2.25
2011.10.25 16:52:14.216,0.86692,0.86731,2.63,2.25
2011.10.25 16:52:14.894,0.86692,0.86731,3.23,2.25
2011.10.25 16:52:15.462,0.86688,0.86727,3.23,2.25
2011.10.25 16:52:15.790,0.86698,0.86738,3.00,3.23
2011.10.25 16:52:19.970,0.86692,0.86735,3.00,2.63
2011.10.25 16:52:20.510,0.86692,0.86735,3.00,3.00
2011.10.25 16:52:32.294,0.86691,0.86735,3.00,3.00
2011.10.25 16:52:33.584,0.86691,0.86735,3.00,3.00
2011.10.25 16:52:34.565,0.86691,0.86735,3.00,3.00
2011.10.25 16:52:34.681,0.86691,0.86735,3.00,2.63
2011.10.25 16:52:36.410,0.86696,0.86738,2.63,1.35
2011.10.25 16:52:36.741,0.86691,0.8673,3.00,2.63
2011.10.25 16:52:37.548,0.86689,0.86733,3.00,3.60
2011.10.25 16:52:40.490,0.8669,0.86733,2.25,1.35
2011.10.25 16:52:40.709,0.86685,0.86725,1.35,2.63
2011.10.25 16:52:46.242,0.86683,0.86724,3.00,2.25
2011.10.25 16:52:46.980,0.86683,0.86729,3.00,2.63
2011.10.25 16:52:50.516,0.86693,0.86734,2.63,1.35
2011.10.25 16:52:50.731,0.86687,0.86733,3.00,2.63
2011.10.25 16:52:52.713,0.86687,0.86733,3.00,2.25
2011.10.25 16:52:52.829,0.86692,0.86738,3.00,2.63
2011.10.25 16:52:52.939,0.86692,0.86736,3.00,2.25
2011.10.25 16:52:53.159,0.86695,0.86741,3.00,3.23
2011.10.25 16:52:54.245,0.86696,0.86742,3.00,2.25
2011.10.25 16:52:54.361,0.86703,0.86744,3.00,2.63
2011.10.25 16:52:54.469,0.86703,0.86744,2.63,2.63
2011.10.25 16:52:55.680,0.86696,0.86742,3.00,2.63
2011.10.25 16:52:56.962,0.86696,0.86742,3.00,2.25
2011.10.25 16:52:57.589,0.86704,0.86743,3.00,2.25
2011.10.25 16:52:58.182,0.86704,0.86743,2.63,2.63
2011.10.25 16:53:03.529,0.86695,0.86742,3.00,3.00
2011.10.25 16:53:03.640,0.86692,0.86737,2.63,3.00
2011.10.25 16:53:05.172,0.86688,0.86732,3.00,2.25
2011.10.25 16:53:05.400,0.86691,0.86738,2.63,3.00
2011.10.25 16:53:05.511,0.86692,0.86734,2.63,3.00
2011.10.25 16:53:05.839,0.86687,0.86727,2.63,2.63
2011.10.25 16:53:15.527,0.86687,0.86727,2.25,3.00
2011.10.25 16:53:16.286,0.86681,0.86727,3.60,3.00
2011.10.25 16:53:22.351,0.86682,0.86728,2.63,3.00
2011.10.25 16:53:22.463,0.86682,0.86732,3.00,3.00
2011.10.25 16:53:23.931,0.86683,0.86733,3.00,3.00
2011.10.25 16:53:24.434,0.86686,0.8673,3.00,3.00
2011.10.25 16:53:25.040,0.86685,0.86728,2.63,3.00
2011.10.25 16:53:25.150,0.86685,0.86728,3.00,2.63
2011.10.25 16:53:26.875,0.86687,0.86732,2.63,3.00
2011.10.25 16:53:27.099,0.86687,0.86732,2.63,3.00
2011.10.25 16:53:32.189,0.86687,0.86734,2.25,3.00
2011.10.25 16:53:33.393,0.86684,0.86728,2.63,3.00
2011.10.25 16:53:36.199,0.86691,0.8673,3.00,2.63
2011.10.25 16:53:36.308,0.86691,0.8673,3.00,2.63
2011.10.25 16:53:37.059,0.86692,0.86731,2.25,3.00
2011.10.25 16:53:37.353,0.86681,0.8673,3.00,3.00
2011.10.25 16:53:38.043,0.86681,0.8673,3.00,3.00
2011.10.25 16:53:38.163,0.8669,0.8673,2.25,3.00
2011.10.25 16:53:38.694,0.8669,0.8673,2.25,3.00
2011.10.25 16:53:38.810,0.8669,0.86731,2.63,3.00
2011.10.25 16:53:48.389,0.86688,0.86731,2.63,3.60
2011.10.25 16:53:49.909,0.86689,0.86729,2.63,3.00
2011.10.25 16:53:51.069,0.86688,0.8673,2.63,3.00
2011.10.25 16:53:52.970,0.86691,0.8673,2.25,3.00
2011.10.25 16:53:53.563,0.86686,0.86728,2.63,2.63
2011.10.25 16:53:56.624,0.86687,0.86729,2.63,3.00
2011.10.25 16:54:01.073,0.86683,0.86725,1.35,3.00
2011.10.25 16:54:04.234,0.86685,0.86726,2.63,3.00
2011.10.25 16:54:05.871,0.86682,0.86725,3.60,3.00
2011.10.25 16:54:08.190,0.86682,0.86725,3.23,3.00
2011.10.25 16:54:08.522,0.86686,0.86727,2.25,3.60
2011.10.25 16:54:08.630,0.86686,0.86727,3.00,3.23
2011.10.25 16:54:09.109,0.86681,0.86724,1.35,3.00
2011.10.25 16:54:09.732,0.86682,0.86725,1.35,3.00
2011.10.25 16:54:10.554,0.86687,0.86729,2.63,3.00
2011.10.25 16:54:10.672,0.86687,0.86729,3.00,3.00
2011.10.25 16:54:11.049,0.86686,0.86729,2.63,3.00
2011.10.25 16:54:12.551,0.86688,0.86729,1.35,2.63
2011.10.25 16:54:13.466,0.86688,0.86735,3.60,3.00
2011.10.25 16:54:13.811,0.86686,0.86729,1.35,2.63
2011.10.25 16:54:14.344,0.86688,0.86731,1.35,3.00
2011.10.25 16:54:18.142,0.86687,0.86733,2.63,3.00
2011.10.25 16:54:18.250,0.86683,0.86726,3.00,2.63
2011.10.25 16:54:21.992,0.86682,0.86723,3.00,2.63
2011.10.25 16:54:22.104,0.86682,0.86723,3.00,3.00
2011.10.25 16:54:24.300,0.86681,0.86723,1.35,2.63
2011.10.25 16:54:24.570,0.86681,0.86723,1.35,2.25
2011.10.25 16:54:24.681,0.86681,0.86726,3.60,2.63
2011.10.25 16:54:24.791,0.86685,0.8673,3.00,2.63
2011.10.25 16:54:25.331,0.86684,0.8673,3.00,2.63
2011.10.25 16:54:29.859,0.86686,0.8673,3.00,2.63
2011.10.25 16:54:30.378,0.86689,0.86732,3.00,2.63
2011.10.25 16:54:32.659,0.86691,0.86736,3.00,1.35
2011.10.25 16:54:33.019,0.86689,0.86736,3.00,1.35
2011.10.25 16:54:33.579,0.86689,0.86736,3.00,1.35
2011.10.25 16:54:34.010,0.86691,0.86736,3.00,1.35
2011.10.25 16:54:34.590,0.86691,0.86736,3.00,1.35
2011.10.25 16:54:35.029,0.86681,0.86736,3.60,1.35
2011.10.25 16:54:38.315,0.86681,0.86735,3.00,1.35
2011.10.25 16:54:38.823,0.86681,0.86729,3.00,3.00
2011.10.25 16:54:54.015,0.86688,0.86731,3.00,2.63
2011.10.25 16:54:54.129,0.86693,0.86744,2.48,1.50
2011.10.25 16:54:54.243,0.86693,0.86753,2.10,1.13
2011.10.25 16:54:54.832,0.86702,0.86758,1.35,1.13
2011.10.25 16:54:56.972,0.86717,0.86755,3.00,2.25
2011.10.25 16:54:59.044,0.86716,0.86754,3.00,2.25
2011.10.25 16:54:59.354,0.86716,0.86754,2.25,3.00
2011.10.25 16:54:59.692,0.8671,0.86749,2.63,2.63
2011.10.25 16:55:00.600,0.86709,0.86751,2.63,1.35
2011.10.25 16:55:02.610,0.86707,0.86751,3.00,1.35
2011.10.25 16:55:03.863,0.86711,0.86754,1.35,2.63
2011.10.25 16:55:06.412,0.86711,0.86755,1.35,3.00
2011.10.25 16:55:06.745,0.86698,0.86745,2.63,1.35
2011.10.25 16:55:09.160,0.86693,0.86745,4.35,2.25
2011.10.25 16:55:09.271,0.86693,0.86745,2.25,2.25
2011.10.25 16:55:09.381,0.86698,0.86746,2.25,2.25
2011.10.25 16:55:09.710,0.86692,0.86744,2.85,2.25
2011.10.25 16:55:10.184,0.86706,0.86746,2.25,2.25
2011.10.25 16:55:10.735,0.86708,0.86746,2.25,2.25
2011.10.25 16:55:11.791,0.86708,0.86746,2.63,2.63
2011.10.25 16:55:13.757,0.86708,0.86746,3.00,2.25
2011.10.25 16:55:13.981,0.86713,0.86751,2.25,3.60
2011.10.25 16:55:14.514,0.86708,0.86746,2.63,2.63
2011.10.25 16:55:16.266,0.86708,0.86746,3.00,2.25
2011.10.25 16:55:16.380,0.86712,0.86752,3.00,2.63
2011.10.25 16:55:16.969,0.86712,0.86752,3.00,2.63
2011.10.25 16:55:30.898,0.8671,0.86756,1.35,1.13
2011.10.25 16:55:31.009,0.8671,0.86758,1.35,1.73
2011.10.25 16:55:31.121,0.86714,0.86753,3.00,2.25
2011.10.25 16:55:31.530,0.86714,0.86753,3.23,3.38
2011.10.25 16:55:31.749,0.86709,0.8675,3.60,3.23
2011.10.25 16:55:32.101,0.86708,0.86746,3.23,2.63
2011.10.25 16:55:32.732,0.86708,0.86743,1.35,2.25
2011.10.25 16:55:32.940,0.86709,0.86746,1.35,2.63
2011.10.25 16:55:34.482,0.86708,0.86745,1.35,2.25
2011.10.25 16:55:34.590,0.8671,0.86751,3.00,2.25
2011.10.25 16:55:34.700,0.86715,0.86756,3.00,3.23
2011.10.25 16:55:35.711,0.86713,0.86753,3.00,2.63
2011.10.25 16:55:42.632,0.86713,0.86751,3.00,2.25
2011.10.25 16:55:42.982,0.86717,0.86757,1.35,2.63
2011.10.25 16:55:43.780,0.8672,0.86761,3.60,3.23
2011.10.25 16:55:47.373,0.86721,0.8676,2.63,1.35
2011.10.25 16:55:49.913,0.8672,0.86757,1.35,2.25
2011.10.25 16:55:50.774,0.8672,0.8676,1.35,3.23
2011.10.25 16:56:04.101,0.86717,0.86758,3.23,3.23
2011.10.25 16:56:04.209,0.86716,0.86753,1.35,2.25
2011.10.25 16:56:04.663,0.86716,0.86751,1.35,2.25
2011.10.25 16:56:05.395,0.86716,0.8675,1.35,2.25
2011.10.25 16:56:08.289,0.86713,0.86749,1.35,2.25
2011.10.25 16:56:08.509,0.86714,0.86753,3.00,2.25
2011.10.25 16:56:10.012,0.86713,0.86751,1.35,2.25
2011.10.25 16:56:20.779,0.86717,0.86756,2.63,2.63
2011.10.25 16:56:34.113,0.86714,0.86755,3.00,2.63
2011.10.25 16:56:34.723,0.86711,0.8675,3.00,2.63
2011.10.25 16:56:35.900,0.86711,0.8675,3.00,2.63
2011.10.25 16:56:37.074,0.8671,0.86749,3.00,2.25
2011.10.25 16:56:45.581,0.86708,0.86747,3.00,2.25
2011.10.25 16:56:47.693,0.86708,0.86747,3.00,2.85
2011.10.25 16:56:47.962,0.86697,0.86749,1.35,2.85
2011.10.25 16:56:51.784,0.86698,0.86744,1.35,1.35
2011.10.25 16:56:52.213,0.86697,0.86744,1.35,1.35
2011.10.25 16:56:52.330,0.86703,0.86744,2.85,2.25
2011.10.25 16:56:52.910,0.86706,0.86747,2.25,2.85
2011.10.25 16:56:53.363,0.86706,0.86747,3.00,3.23
2011.10.25 16:56:54.252,0.86715,0.86748,1.35,2.25
2011.10.25 16:56:54.469,0.86716,0.86756,3.00,2.63
2011.10.25 16:56:58.010,0.86717,0.86759,2.63,2.10
2011.10.25 16:57:04.252,0.86715,0.86751,1.35,2.25
2011.10.25 16:57:04.600,0.86715,0.86746,1.35,2.25
2011.10.25 16:57:04.710,0.86708,0.86749,3.00,2.63
2011.10.25 16:57:05.395,0.86708,0.86749,3.00,2.25
2011.10.25 16:57:05.572,0.86714,0.86752,3.00,2.63
2011.10.25 16:57:05.789,0.86709,0.86748,3.00,2.63
2011.10.25 16:57:18.136,0.8671,0.86751,3.00,2.25
2011.10.25 16:57:18.312,0.8671,0.86751,2.63,2.63
2011.10.25 16:57:18.419,0.86716,0.86754,2.25,3.00
2011.10.25 16:57:18.661,0.86711,0.8675,2.63,2.63
2011.10.25 16:57:37.572,0.86713,0.86749,1.35,2.25
2011.10.25 16:57:37.902,0.86721,0.86758,1.35,2.63
2011.10.25 16:57:38.692,0.86714,0.86758,3.60,2.63
2011.10.25 16:57:39.361,0.86715,0.86756,3.00,2.63
2011.10.25 16:57:40.452,0.86714,0.86756,3.00,2.63
2011.10.25 16:57:41.412,0.86714,0.86756,3.00,2.63
2011.10.25 16:57:41.629,0.86711,0.86752,1.35,2.63
2011.10.25 16:57:43.162,0.86712,0.86752,3.00,2.63
2011.10.25 16:57:43.270,0.86712,0.86752,3.00,2.63
2011.10.25 16:57:50.552,0.86706,0.86747,3.00,2.25
2011.10.25 16:57:50.663,0.86704,0.86744,1.35,2.63
2011.10.25 16:57:51.741,0.86704,0.86744,1.35,2.63
2011.10.25 16:57:51.983,0.86704,0.86744,1.35,2.25
2011.10.25 16:57:52.101,0.86708,0.86747,3.00,2.25
2011.10.25 16:57:52.890,0.86709,0.86749,3.00,2.63
2011.10.25 16:57:55.106,0.86705,0.86744,3.00,2.25
2011.10.25 16:57:55.617,0.86706,0.86747,3.00,2.63
2011.10.25 16:57:55.732,0.86707,0.86749,3.00,2.63
2011.10.25 16:57:56.430,0.86708,0.86749,3.00,2.63
2011.10.25 16:57:57.317,0.86706,0.86748,3.00,2.63
2011.10.25 16:57:57.650,0.86704,0.86745,1.35,2.63
2011.10.25 16:58:01.543,0.86701,0.86748,3.60,2.63
2011.10.25 16:58:05.142,0.86705,0.8675,3.00,1.35
2011.10.25 16:58:07.051,0.86702,0.86747,2.63,3.00
2011.10.25 16:58:09.478,0.86701,0.86738,1.35,2.25
2011.10.25 16:58:22.102,0.86701,0.86746,3.60,3.00
2011.10.25 16:58:24.162,0.86702,0.86743,2.63,3.00
2011.10.25 16:58:24.489,0.86695,0.86736,3.60,3.00
2011.10.25 16:58:24.711,0.86695,0.86736,3.60,2.63
2011.10.25 16:58:24.831,0.86695,0.86736,3.60,2.63
2011.10.25 16:58:26.942,0.86695,0.86736,3.60,2.25
2011.10.25 16:58:28.320,0.86698,0.86737,3.00,2.25
2011.10.25 16:58:28.540,0.86703,0.86743,2.63,2.63
2011.10.25 16:58:37.766,0.86702,0.86739,1.35,2.25
2011.10.25 16:58:37.843,0.86707,0.86749,2.63,3.23
2011.10.25 16:58:43.141,0.86702,0.8674,1.35,2.25
2011.10.25 16:58:43.251,0.86702,0.8674,1.35,2.63
2011.10.25 16:58:45.072,0.86702,0.86741,1.35,2.25
2011.10.25 16:58:49.710,0.86705,0.86744,3.00,2.63
2011.10.25 16:58:49.931,0.8671,0.86749,2.63,1.73
2011.10.25 16:58:50.491,0.8671,0.86748,2.25,2.10
2011.10.25 16:58:53.245,0.86706,0.86745,2.63,2.63
2011.10.25 16:59:02.123,0.86706,0.86745,3.00,2.63
2011.10.25 16:59:10.141,0.86707,0.8675,3.00,1.35
2011.10.25 16:59:11.212,0.86707,0.86749,3.00,1.35
2011.10.25 16:59:12.490,0.86711,0.86753,3.00,2.48
2011.10.25 16:59:13.021,0.86707,0.86749,3.00,1.35
2011.10.25 16:59:28.162,0.86707,0.8675,3.00,1.35
2011.10.25 16:59:28.270,0.86711,0.8675,2.63,3.60
2011.10.25 16:59:30.911,0.86708,0.8675,3.00,2.63
2011.10.25 16:59:31.263,0.86711,0.86753,2.63,1.35
2011.10.25 16:59:32.882,0.86708,0.86749,3.00,2.63
2011.10.25 16:59:34.373,0.86711,0.86753,2.63,1.35
2011.10.25 16:59:34.480,0.86708,0.8675,2.63,3.00
2011.10.25 16:59:34.635,0.86708,0.8675,3.00,2.63
2011.10.25 16:59:38.663,0.86711,0.86755,3.00,3.23
2011.10.25 16:59:38.991,0.86714,0.86753,2.63,1.35
2011.10.25 16:59:39.102,0.86715,0.86758,1.35,3.23
2011.10.25 16:59:39.322,0.86715,0.8676,1.35,3.60
2011.10.25 16:59:41.790,0.8671,0.86756,1.35,2.63
2011.10.25 16:59:42.342,0.8671,0.86758,1.35,3.00
2011.10.25 16:59:44.101,0.86705,0.86752,3.00,3.00
2011.10.25 16:59:44.541,0.8671,0.86755,3.00,2.25
2011.10.25 16:59:45.371,0.86707,0.86754,3.00,2.63
2011.10.25 16:59:47.712,0.86707,0.86753,3.00,2.63
2011.10.25 16:59:50.271,0.86717,0.86762,2.63,3.00
2011.10.25 16:59:52.301,0.8671,0.86762,3.00,3.00
2011.10.25 16:59:54.403,0.86711,0.86762,3.00,3.00
2011.10.25 16:59:55.121,0.86707,0.86757,3.00,3.00
2011.10.25 16:59:55.738,0.86711,0.86758,3.00,3.00
2011.10.25 16:59:58.912,0.86712,0.86759,2.25,3.00
2011.10.25 16:59:59.510,0.86706,0.86756,3.00,3.00
2011.10.25 16:59:59.761,0.86707,0.86763,3.00,3.60
2011.10.25 16:59:59.980,0.86711,0.8676,2.63,3.00
