2015.03.06 10:00:00.416,0.78224,0.78265,1.00,1.00
2015.03.06 10:00:00.517,0.7823,0.783,0.75,0.75
2015.03.06 10:00:00.737,0.7823,0.7826,1.00,1.00
2015.03.06 10:00:00.889,0.78224,0.78258,1.00,1.00
2015.03.06 10:00:01.094,0.7822,0.78259,1.00,1.00
2015.03.06 10:00:01.280,0.78224,0.78259,1.00,1.00
2015.03.06 10:00:01.609,0.78224,0.78257,1.00,1.00
2015.03.06 10:00:02.362,0.7823,0.78257,1.00,1.00
2015.03.06 10:00:02.413,0.78229,0.78265,1.00,1.00
2015.03.06 10:00:02.489,0.78236,0.78276,1.00,1.00
2015.03.06 10:00:02.598,0.78239,0.78301,1.00,1.50
2015.03.06 10:00:02.749,0.78239,0.78306,1.50,1.00
2015.03.06 10:00:02.969,0.78245,0.7831,1.00,1.00
2015.03.06 10:00:03.309,0.78245,0.78293,1.00,1.00
2015.03.06 10:00:03.641,0.78242,0.78281,1.00,1.00
2015.03.06 10:00:04.490,0.78245,0.78273,1.00,1.00
2015.03.06 10:00:04.540,0.78245,0.78285,1.00,1.00
2015.03.06 10:00:04.591,0.78247,0.78288,1.00,1.00
2015.03.06 10:00:04.691,0.78251,0.78289,1.00,1.00
2015.03.06 10:00:05.349,0.78255,0.78293,1.00,1.00
2015.03.06 10:00:05.898,0.78256,0.78294,1.00,1.00
2015.03.06 10:00:06.738,0.78256,0.78294,1.50,1.00
2015.03.06 10:00:07.330,0.78257,0.78295,1.37,1.00
2015.03.06 10:00:10.203,0.78257,0.78295,1.50,1.00
2015.03.06 10:00:11.179,0.78257,0.78297,1.50,1.00
2015.03.06 10:00:11.449,0.78252,0.78292,1.75,1.00
2015.03.06 10:00:12.332,0.78252,0.78292,1.75,1.00
2015.03.06 10:00:14.311,0.78252,0.78292,1.37,1.00
2015.03.06 10:00:14.369,0.78245,0.78282,1.75,1.00
2015.03.06 10:00:14.420,0.78244,0.78282,1.75,1.00
2015.03.06 10:00:14.809,0.78245,0.78279,1.50,1.00
2015.03.06 10:00:15.919,0.7824,0.78278,1.75,1.00
2015.03.06 10:00:16.453,0.7824,0.78278,3.00,1.00
2015.03.06 10:00:17.118,0.78241,0.78279,1.75,1.00
2015.03.06 10:00:17.830,0.78241,0.78279,1.75,1.00
2015.03.06 10:00:17.888,0.78245,0.78283,1.37,1.00
2015.03.06 10:00:18.032,0.78245,0.78283,1.50,1.00
2015.03.06 10:00:19.054,0.78245,0.78283,1.37,1.00
2015.03.06 10:00:21.763,0.78245,0.78283,1.12,1.00
2015.03.06 10:00:21.901,0.78245,0.78283,1.37,1.00
2015.03.06 10:00:23.376,0.78245,0.78283,1.37,1.00
2015.03.06 10:00:23.480,0.78245,0.78283,1.37,1.00
2015.03.06 10:00:23.582,0.78244,0.78282,1.12,1.00
2015.03.06 10:00:23.633,0.78242,0.7828,1.37,1.00
2015.03.06 10:00:24.162,0.78242,0.7828,1.37,1.00
2015.03.06 10:00:24.938,0.78242,0.7828,1.37,1.00
2015.03.06 10:00:26.343,0.7824,0.78279,1.37,1.00
2015.03.06 10:00:26.959,0.7824,0.78279,1.37,1.00
2015.03.06 10:00:29.648,0.7824,0.78279,1.12,1.12
2015.03.06 10:00:29.699,0.78234,0.78272,1.75,1.00
2015.03.06 10:00:29.749,0.78234,0.78272,1.37,1.00
2015.03.06 10:00:29.800,0.78232,0.7827,1.75,1.00
2015.03.06 10:00:29.850,0.78232,0.7827,1.37,1.00
2015.03.06 10:00:29.959,0.78232,0.7827,1.37,1.00
2015.03.06 10:00:30.010,0.78234,0.78268,1.12,1.00
2015.03.06 10:00:30.648,0.78235,0.78268,1.00,1.00
2015.03.06 10:00:31.198,0.7823,0.78268,1.37,1.00
2015.03.06 10:00:32.078,0.78229,0.78267,3.00,1.00
2015.03.06 10:00:33.443,0.78229,0.78267,1.37,1.00
2015.03.06 10:00:37.815,0.78226,0.78264,1.75,1.00
2015.03.06 10:00:37.918,0.78229,0.78267,1.37,1.00
2015.03.06 10:00:38.459,0.78229,0.78267,1.50,1.00
2015.03.06 10:00:39.063,0.78227,0.78267,1.37,1.00
2015.03.06 10:00:39.179,0.78227,0.78267,1.75,1.00
2015.03.06 10:00:42.566,0.78229,0.78267,1.75,1.00
2015.03.06 10:00:42.616,0.78229,0.78267,1.37,1.00
2015.03.06 10:00:42.667,0.78227,0.78265,1.50,1.00
2015.03.06 10:00:43.174,0.78227,0.78265,1.75,1.00
2015.03.06 10:00:47.985,0.78225,0.78265,3.00,1.00
2015.03.06 10:00:51.194,0.78225,0.78265,3.00,1.00
2015.03.06 10:00:51.846,0.7823,0.78265,1.37,1.00
2015.03.06 10:00:53.344,0.7823,0.78266,1.50,1.00
2015.03.06 10:00:58.797,0.78229,0.78267,3.00,1.00
2015.03.06 10:01:00.468,0.78235,0.78267,1.00,1.00
2015.03.06 10:01:00.792,0.78234,0.78265,1.00,1.00
2015.03.06 10:01:01.375,0.78235,0.78265,1.00,1.00
2015.03.06 10:01:02.999,0.78234,0.78265,1.00,1.00
2015.03.06 10:01:03.687,0.78235,0.78265,1.00,1.00
2015.03.06 10:01:04.759,0.78234,0.78265,1.00,1.00
2015.03.06 10:01:05.077,0.78234,0.78262,1.00,1.00
2015.03.06 10:01:05.968,0.78235,0.78262,1.00,1.00
2015.03.06 10:01:06.737,0.7824,0.78262,1.00,1.00
2015.03.06 10:01:07.840,0.78235,0.78262,1.00,1.00
2015.03.06 10:01:11.476,0.7824,0.78262,1.00,1.00
2015.03.06 10:01:11.688,0.78235,0.78262,1.00,1.00
2015.03.06 10:01:13.455,0.78234,0.78262,1.00,1.00
2015.03.06 10:01:15.102,0.7823,0.78258,1.00,1.00
2015.03.06 10:01:15.537,0.78225,0.78258,1.37,1.00
2015.03.06 10:01:16.957,0.78225,0.78256,1.37,1.00
2015.03.06 10:01:17.008,0.78224,0.78256,1.37,1.00
2015.03.06 10:01:34.898,0.78224,0.78254,1.00,1.00
2015.03.06 10:01:35.557,0.78225,0.78254,1.00,1.00
2015.03.06 10:01:36.126,0.78224,0.78254,1.00,1.00
2015.03.06 10:01:37.537,0.78225,0.78254,1.00,1.00
2015.03.06 10:01:37.857,0.78225,0.78251,1.00,1.00
2015.03.06 10:01:38.207,0.7823,0.78251,1.00,1.00
2015.03.06 10:01:38.518,0.7823,0.78257,1.00,1.00
2015.03.06 10:01:38.627,0.7823,0.78255,1.00,1.00
2015.03.06 10:01:39.081,0.78229,0.78252,1.00,1.00
2015.03.06 10:01:40.345,0.7823,0.78252,1.00,1.00
2015.03.06 10:01:40.398,0.78225,0.78255,1.00,1.00
2015.03.06 10:01:40.827,0.78225,0.78252,1.00,1.00
2015.03.06 10:01:43.468,0.78225,0.78251,1.00,1.00
2015.03.06 10:01:44.237,0.78225,0.78253,1.00,1.00
2015.03.06 10:01:47.329,0.7823,0.78253,1.00,1.00
2015.03.06 10:01:49.521,0.7823,0.78255,1.00,1.00
2015.03.06 10:01:49.963,0.7823,0.78258,1.00,1.00
2015.03.06 10:01:50.618,0.7823,0.7826,1.00,1.00
2015.03.06 10:01:52.388,0.7823,0.7826,1.37,1.00
2015.03.06 10:01:52.438,0.78235,0.7826,1.00,1.00
2015.03.06 10:01:52.489,0.78235,0.78263,1.00,1.00
2015.03.06 10:01:54.136,0.7824,0.78263,1.00,1.00
2015.03.06 10:01:54.258,0.78234,0.78263,1.37,1.00
2015.03.06 10:01:54.367,0.7824,0.78263,1.00,1.00
2015.03.06 10:01:55.146,0.78235,0.78263,1.12,1.00
2015.03.06 10:01:57.887,0.78234,0.78263,1.12,1.00
2015.03.06 10:01:59.610,0.78234,0.78261,1.00,1.00
2015.03.06 10:02:00.166,0.78235,0.78261,1.00,1.00
2015.03.06 10:02:01.507,0.78235,0.78264,1.00,1.00
2015.03.06 10:02:02.399,0.78234,0.78264,1.00,1.00
2015.03.06 10:02:02.845,0.78235,0.78261,1.00,1.00
2015.03.06 10:02:03.168,0.78235,0.78258,1.00,1.00
2015.03.06 10:02:04.046,0.78234,0.78258,1.00,1.00
2015.03.06 10:02:04.600,0.78235,0.78258,1.00,1.00
2015.03.06 10:02:06.028,0.78234,0.78258,1.00,1.00
2015.03.06 10:02:06.907,0.78235,0.78258,1.00,1.00
2015.03.06 10:02:10.459,0.7823,0.78258,1.00,1.00
2015.03.06 10:02:12.300,0.78229,0.78258,1.00,1.00
2015.03.06 10:02:12.847,0.7823,0.78258,1.00,1.00
2015.03.06 10:02:13.421,0.78229,0.78258,1.00,1.00
2015.03.06 10:02:13.944,0.7823,0.78258,1.00,1.00
2015.03.06 10:02:16.185,0.78229,0.78258,1.00,1.00
2015.03.06 10:02:16.367,0.78235,0.78258,1.00,1.00
2015.03.06 10:02:16.505,0.7823,0.78258,1.00,1.00
2015.03.06 10:02:16.918,0.78235,0.78258,1.00,1.00
2015.03.06 10:02:17.026,0.7823,0.78258,1.00,1.00
2015.03.06 10:02:17.166,0.78235,0.78258,1.00,1.00
2015.03.06 10:02:17.266,0.7823,0.78258,1.00,1.00
2015.03.06 10:02:17.393,0.78235,0.78258,1.00,1.00
2015.03.06 10:02:18.523,0.7823,0.78258,1.00,1.00
2015.03.06 10:02:19.336,0.78229,0.78258,1.00,1.00
2015.03.06 10:02:19.571,0.78235,0.78258,1.00,1.00
2015.03.06 10:02:20.182,0.78235,0.78257,1.00,1.00
2015.03.06 10:02:21.220,0.7824,0.78257,1.00,1.00
2015.03.06 10:02:21.561,0.78234,0.78257,1.00,1.00
2015.03.06 10:02:22.088,0.78235,0.78257,1.00,1.00
2015.03.06 10:02:23.632,0.7823,0.78257,1.00,1.00
2015.03.06 10:02:23.738,0.78234,0.78257,1.00,1.00
2015.03.06 10:02:24.192,0.78229,0.78257,1.00,1.00
2015.03.06 10:02:24.727,0.7823,0.78257,1.00,1.00
2015.03.06 10:02:25.826,0.78229,0.78257,1.00,1.00
2015.03.06 10:02:25.936,0.78234,0.78257,1.00,1.00
2015.03.06 10:02:27.004,0.78235,0.78257,1.00,1.00
2015.03.06 10:02:27.187,0.7823,0.78255,1.00,1.00
2015.03.06 10:02:27.816,0.78229,0.78255,1.00,1.00
2015.03.06 10:02:28.611,0.7823,0.78255,1.00,1.00
2015.03.06 10:02:28.824,0.78234,0.78258,1.00,1.00
2015.03.06 10:02:28.925,0.78234,0.7826,1.00,1.00
2015.03.06 10:02:29.579,0.78235,0.7826,1.00,1.00
2015.03.06 10:02:29.896,0.7823,0.7826,1.00,1.00
2015.03.06 10:02:30.006,0.78234,0.7826,1.00,1.00
2015.03.06 10:02:30.326,0.78235,0.78258,1.00,1.00
2015.03.06 10:02:30.377,0.7823,0.78258,1.00,1.00
2015.03.06 10:02:30.557,0.78235,0.78258,1.00,1.00
2015.03.06 10:02:30.666,0.7823,0.78258,1.00,1.00
2015.03.06 10:02:32.476,0.78235,0.78258,1.00,1.00
2015.03.06 10:02:36.827,0.78234,0.78258,1.00,1.00
2015.03.06 10:02:37.421,0.78235,0.78258,1.00,1.00
2015.03.06 10:02:37.488,0.7823,0.78258,1.00,1.00
2015.03.06 10:02:38.083,0.78234,0.78258,1.00,1.00
2015.03.06 10:02:38.587,0.78235,0.78258,1.00,1.00
2015.03.06 10:02:43.107,0.78244,0.78272,1.00,1.00
2015.03.06 10:02:43.207,0.7824,0.78272,1.37,1.00
2015.03.06 10:02:43.528,0.7824,0.7827,1.00,1.00
2015.03.06 10:02:43.869,0.78245,0.7827,1.00,1.00
2015.03.06 10:02:43.986,0.7824,0.7827,1.00,1.00
2015.03.06 10:02:44.199,0.78244,0.7827,1.00,1.00
2015.03.06 10:02:44.628,0.78245,0.78272,1.00,1.00
2015.03.06 10:02:44.847,0.78244,0.78279,1.00,1.00
2015.03.06 10:02:44.898,0.7825,0.78279,1.00,1.00
2015.03.06 10:02:44.957,0.7825,0.78283,1.00,1.00
2015.03.06 10:02:45.108,0.78254,0.78283,1.00,1.00
2015.03.06 10:02:45.300,0.7825,0.78281,1.00,1.00
2015.03.06 10:02:45.849,0.7825,0.7828,1.00,1.00
2015.03.06 10:02:46.359,0.78249,0.7828,1.00,1.00
2015.03.06 10:02:46.421,0.78245,0.7828,1.00,1.00
2015.03.06 10:02:46.527,0.7825,0.7828,1.00,1.00
2015.03.06 10:02:48.878,0.78245,0.7828,1.37,1.00
2015.03.06 10:02:49.386,0.7825,0.7828,1.00,1.00
2015.03.06 10:02:50.242,0.78249,0.7828,1.00,1.00
2015.03.06 10:02:50.709,0.78255,0.7828,1.00,1.00
2015.03.06 10:02:50.949,0.7825,0.7828,1.00,1.00
2015.03.06 10:02:51.808,0.78255,0.7828,1.00,1.00
2015.03.06 10:02:52.268,0.7825,0.7828,1.00,1.00
2015.03.06 10:02:52.711,0.7825,0.78275,1.00,1.00
2015.03.06 10:02:52.836,0.7825,0.78279,1.00,1.00
2015.03.06 10:02:53.346,0.78255,0.7828,1.00,1.00
2015.03.06 10:02:53.446,0.78255,0.78282,1.00,1.00
2015.03.06 10:02:53.719,0.7826,0.78282,1.00,1.00
2015.03.06 10:02:53.920,0.78255,0.78282,1.00,1.00
2015.03.06 10:02:54.327,0.78254,0.78285,1.00,1.00
2015.03.06 10:02:54.860,0.78255,0.78285,1.00,1.00
2015.03.06 10:02:55.241,0.78254,0.78283,1.00,1.00
2015.03.06 10:02:55.766,0.78255,0.78283,1.00,1.00
2015.03.06 10:02:56.315,0.78254,0.78283,1.00,1.00
2015.03.06 10:02:57.102,0.7826,0.78283,1.00,1.00
2015.03.06 10:02:57.847,0.7826,0.78286,1.00,1.00
2015.03.06 10:02:58.407,0.78259,0.78286,1.00,1.00
2015.03.06 10:02:58.626,0.78255,0.78286,1.12,1.00
2015.03.06 10:02:59.521,0.7826,0.78286,1.00,1.00
2015.03.06 10:02:59.946,0.78255,0.78286,1.12,1.00
2015.03.06 10:03:00.056,0.78249,0.78286,1.37,1.00
2015.03.06 10:03:00.385,0.78255,0.78286,1.00,1.00
2015.03.06 10:03:00.717,0.7825,0.78286,1.37,1.00
2015.03.06 10:03:00.817,0.7825,0.78283,1.37,1.00
2015.03.06 10:03:02.256,0.78255,0.78283,1.00,1.00
2015.03.06 10:03:03.135,0.7825,0.78283,1.37,1.00
2015.03.06 10:03:03.409,0.7825,0.78283,1.00,1.00
2015.03.06 10:03:03.460,0.7825,0.78278,1.00,1.00
2015.03.06 10:03:03.616,0.78245,0.78278,1.37,1.00
2015.03.06 10:03:04.982,0.7824,0.78268,1.00,1.00
2015.03.06 10:03:05.559,0.78239,0.78268,1.00,1.00
2015.03.06 10:03:06.108,0.78245,0.78268,1.00,1.00
2015.03.06 10:03:06.577,0.7824,0.78269,1.00,1.00
2015.03.06 10:03:07.657,0.7825,0.78278,1.00,1.00
2015.03.06 10:03:07.974,0.78249,0.78276,1.00,1.00
2015.03.06 10:03:08.230,0.78249,0.78279,1.00,1.00
2015.03.06 10:03:08.626,0.78245,0.78279,1.00,1.00
2015.03.06 10:03:08.676,0.7825,0.78277,1.00,1.00
2015.03.06 10:03:08.746,0.78245,0.78277,1.00,1.00
2015.03.06 10:03:08.857,0.78249,0.78277,1.00,1.00
2015.03.06 10:03:09.777,0.78245,0.78279,1.37,1.00
2015.03.06 10:03:09.830,0.78245,0.78279,1.00,1.00
2015.03.06 10:03:09.881,0.78244,0.78277,1.00,1.00
2015.03.06 10:03:10.182,0.7825,0.78281,1.12,1.00
2015.03.06 10:03:10.283,0.7825,0.78284,1.37,1.00
2015.03.06 10:03:10.623,0.78254,0.78285,1.00,1.00
2015.03.06 10:03:10.952,0.78254,0.78282,1.00,1.00
2015.03.06 10:03:11.055,0.7825,0.78282,1.37,1.00
2015.03.06 10:03:11.316,0.78255,0.78282,1.00,1.00
2015.03.06 10:03:11.645,0.7825,0.7828,1.00,1.00
2015.03.06 10:03:11.708,0.7825,0.78277,1.00,1.00
2015.03.06 10:03:11.758,0.78245,0.78277,1.37,1.00
2015.03.06 10:03:12.237,0.78244,0.78277,1.37,1.00
2015.03.06 10:03:13.340,0.78244,0.78277,1.00,1.00
2015.03.06 10:03:13.497,0.78245,0.78275,1.00,1.00
2015.03.06 10:03:14.266,0.78245,0.78277,1.37,1.00
2015.03.06 10:03:14.455,0.78245,0.78279,1.37,1.00
2015.03.06 10:03:15.684,0.78245,0.78275,1.37,1.00
2015.03.06 10:03:16.016,0.78249,0.78277,1.00,1.00
2015.03.06 10:03:16.118,0.78244,0.78277,1.37,1.00
2015.03.06 10:03:16.558,0.7825,0.78278,1.00,1.00
2015.03.06 10:03:16.887,0.78245,0.78278,1.37,1.00
2015.03.06 10:03:17.109,0.7825,0.78278,1.00,1.00
2015.03.06 10:03:17.656,0.78249,0.78278,1.00,1.00
2015.03.06 10:03:17.916,0.78245,0.78278,1.12,1.00
2015.03.06 10:03:18.027,0.7825,0.78277,1.00,1.00
2015.03.06 10:03:18.138,0.78245,0.78275,1.12,1.00
2015.03.06 10:03:18.238,0.78245,0.78272,1.00,1.00
2015.03.06 10:03:18.576,0.78245,0.78269,1.00,1.00
2015.03.06 10:03:19.198,0.78239,0.78269,1.00,1.00
2015.03.06 10:03:19.277,0.78239,0.78269,1.37,1.00
2015.03.06 10:03:19.328,0.78245,0.78272,1.00,1.00
2015.03.06 10:03:19.430,0.78245,0.78277,1.37,1.00
2015.03.06 10:03:19.677,0.78249,0.78278,1.00,1.00
2015.03.06 10:03:21.407,0.7825,0.7828,1.00,1.00
2015.03.06 10:03:21.458,0.7825,0.78278,1.00,1.00
2015.03.06 10:03:21.936,0.7825,0.78276,1.00,1.00
2015.03.06 10:03:23.198,0.78245,0.78276,1.00,1.00
2015.03.06 10:03:23.595,0.78249,0.78276,1.00,1.00
2015.03.06 10:03:23.965,0.78249,0.7828,1.00,1.00
2015.03.06 10:03:24.514,0.7825,0.7828,1.00,1.00
2015.03.06 10:03:25.797,0.7826,0.7828,1.00,1.00
2015.03.06 10:03:25.897,0.7826,0.78282,1.00,1.00
2015.03.06 10:03:26.276,0.7825,0.78282,1.12,1.00
2015.03.06 10:03:26.345,0.78255,0.78282,1.00,1.00
2015.03.06 10:03:26.916,0.7825,0.78282,1.37,1.00
2015.03.06 10:03:27.556,0.78255,0.78282,1.00,1.00
2015.03.06 10:03:27.682,0.7825,0.78282,1.37,1.00
2015.03.06 10:03:28.234,0.7825,0.78282,1.00,1.00
2015.03.06 10:03:29.086,0.7825,0.7828,1.00,1.00
2015.03.06 10:03:29.949,0.78245,0.7828,1.37,1.00
2015.03.06 10:03:29.999,0.78244,0.78286,1.12,1.37
2015.03.06 10:03:30.049,0.78244,0.78274,1.50,1.00
2015.03.06 10:03:30.100,0.78249,0.78278,1.12,1.00
2015.03.06 10:03:30.370,0.78245,0.78279,1.75,1.00
2015.03.06 10:03:30.471,0.78245,0.78278,1.37,1.00
2015.03.06 10:03:33.557,0.78245,0.78278,1.37,1.00
2015.03.06 10:03:33.717,0.78244,0.78276,1.37,1.00
2015.03.06 10:03:35.466,0.78245,0.78273,1.00,1.00
2015.03.06 10:03:35.769,0.78245,0.78269,1.00,1.00
2015.03.06 10:03:35.819,0.78245,0.78274,1.00,1.00
2015.03.06 10:03:36.156,0.78245,0.78272,1.00,1.00
2015.03.06 10:03:37.501,0.78245,0.78277,1.00,1.00
2015.03.06 10:03:38.153,0.78245,0.78277,1.37,1.00
2015.03.06 10:03:39.938,0.78245,0.78277,1.37,1.00
2015.03.06 10:03:40.400,0.7825,0.78285,1.12,1.00
2015.03.06 10:03:40.450,0.78255,0.78285,1.00,1.00
2015.03.06 10:03:40.759,0.78254,0.78283,1.00,1.00
2015.03.06 10:03:40.860,0.78254,0.78285,1.00,1.00
2015.03.06 10:03:41.005,0.78249,0.78285,1.37,1.00
2015.03.06 10:03:41.105,0.78255,0.78285,1.00,1.00
2015.03.06 10:03:41.845,0.78255,0.78288,1.12,1.00
2015.03.06 10:03:41.896,0.7826,0.78288,1.00,1.00
2015.03.06 10:03:42.857,0.78259,0.78288,1.00,1.00
2015.03.06 10:03:43.358,0.7826,0.78288,1.00,1.00
2015.03.06 10:03:44.507,0.78259,0.78288,1.00,1.00
2015.03.06 10:03:45.008,0.7826,0.78288,1.00,1.00
2015.03.06 10:03:45.387,0.78264,0.78288,1.00,1.00
2015.03.06 10:03:45.606,0.7826,0.78288,1.00,1.00
2015.03.06 10:03:45.717,0.78265,0.78288,1.00,1.00
2015.03.06 10:03:46.201,0.78259,0.78288,1.00,1.00
2015.03.06 10:03:46.963,0.7826,0.78288,1.00,1.00
2015.03.06 10:03:48.218,0.78255,0.78288,1.37,1.00
2015.03.06 10:03:49.304,0.7825,0.78288,3.00,1.00
2015.03.06 10:03:53.627,0.78251,0.78289,1.50,1.00
2015.03.06 10:03:53.745,0.7826,0.78289,1.00,1.00
2015.03.06 10:03:54.705,0.78255,0.78289,1.37,1.00
2015.03.06 10:03:55.945,0.7826,0.78289,1.00,1.00
2015.03.06 10:03:56.613,0.7826,0.78289,1.37,1.00
2015.03.06 10:03:58.045,0.7826,0.78291,1.37,1.00
2015.03.06 10:03:58.745,0.7826,0.78291,1.00,1.00
2015.03.06 10:03:59.474,0.78259,0.78291,1.12,1.00
2015.03.06 10:04:01.226,0.7826,0.78291,1.00,1.00
2015.03.06 10:04:02.106,0.78255,0.78291,1.37,1.00
2015.03.06 10:04:02.768,0.7826,0.78291,1.00,1.00
2015.03.06 10:04:04.135,0.78254,0.78291,1.50,1.00
2015.03.06 10:04:04.854,0.78254,0.78291,1.00,1.00
2015.03.06 10:04:04.954,0.78254,0.78281,1.00,1.00
2015.03.06 10:04:05.405,0.7825,0.78279,1.00,1.00
2015.03.06 10:04:06.066,0.78249,0.78279,1.00,1.00
2015.03.06 10:04:06.775,0.7825,0.78279,1.00,1.00
2015.03.06 10:04:10.075,0.7825,0.78279,1.37,1.00
2015.03.06 10:04:10.134,0.78255,0.78279,1.00,1.00
2015.03.06 10:04:10.485,0.7826,0.78279,1.00,1.00
2015.03.06 10:04:10.668,0.7826,0.78281,1.00,1.00
2015.03.06 10:04:10.846,0.7826,0.78286,1.00,1.00
2015.03.06 10:04:11.484,0.7826,0.78289,1.00,1.00
2015.03.06 10:04:12.180,0.78254,0.78289,1.37,1.00
2015.03.06 10:04:12.231,0.78255,0.78289,1.37,1.00
2015.03.06 10:04:12.297,0.78255,0.78289,1.00,1.00
2015.03.06 10:04:12.348,0.78251,0.78289,1.00,1.00
2015.03.06 10:04:12.448,0.78254,0.78283,1.00,1.00
2015.03.06 10:04:12.907,0.7825,0.78282,1.00,1.00
2015.03.06 10:04:13.767,0.78255,0.78282,1.00,1.00
2015.03.06 10:04:13.967,0.78255,0.78284,1.00,1.00
2015.03.06 10:04:14.097,0.78259,0.78284,1.00,1.00
2015.03.06 10:04:14.754,0.7826,0.78285,1.00,1.00
2015.03.06 10:04:14.807,0.78255,0.78285,1.00,1.00
2015.03.06 10:04:14.956,0.78255,0.78287,1.00,1.00
2015.03.06 10:04:15.304,0.7826,0.78287,1.00,1.00
2015.03.06 10:04:15.744,0.78255,0.78287,1.12,1.00
2015.03.06 10:04:15.856,0.78259,0.78287,1.00,1.00
2015.03.06 10:04:16.077,0.78255,0.78287,1.12,1.00
2015.03.06 10:04:16.276,0.78255,0.78289,1.12,1.00
2015.03.06 10:04:16.326,0.78254,0.78289,1.37,1.00
2015.03.06 10:04:16.655,0.78255,0.78287,1.00,1.00
2015.03.06 10:04:17.064,0.7825,0.78281,1.00,1.00
2015.03.06 10:04:17.414,0.7825,0.78279,1.00,1.00
2015.03.06 10:04:19.199,0.78254,0.78279,1.00,1.00
2015.03.06 10:04:20.309,0.78255,0.78281,1.00,1.00
2015.03.06 10:04:22.034,0.78254,0.78281,1.00,1.00
2015.03.06 10:04:22.631,0.78255,0.78281,1.00,1.00
2015.03.06 10:04:25.640,0.78255,0.78283,1.00,1.00
2015.03.06 10:04:26.065,0.78255,0.78285,1.00,1.00
2015.03.06 10:04:27.497,0.78255,0.78283,1.00,1.00
2015.03.06 10:04:27.866,0.78255,0.78281,1.00,1.00
2015.03.06 10:04:28.017,0.78249,0.78279,1.00,1.00
2015.03.06 10:04:28.563,0.7825,0.78279,1.00,1.00
2015.03.06 10:04:30.612,0.7825,0.78281,1.00,1.00
2015.03.06 10:04:31.057,0.7825,0.78283,1.12,1.00
2015.03.06 10:04:31.369,0.7825,0.78281,1.00,1.00
2015.03.06 10:04:34.069,0.78249,0.78281,1.00,1.00
2015.03.06 10:04:34.680,0.7825,0.78281,1.00,1.00
2015.03.06 10:04:36.141,0.78255,0.78281,1.00,1.00
2015.03.06 10:04:36.685,0.78249,0.78281,1.00,1.00
2015.03.06 10:04:37.215,0.7825,0.78281,1.00,1.00
2015.03.06 10:04:37.345,0.78255,0.78281,1.00,1.00
2015.03.06 10:04:38.754,0.78255,0.78286,1.00,1.00
2015.03.06 10:04:39.085,0.78259,0.78286,1.00,1.00
2015.03.06 10:04:39.265,0.78259,0.78288,1.00,1.00
2015.03.06 10:04:39.415,0.78255,0.78288,1.12,1.00
2015.03.06 10:04:40.265,0.78255,0.78286,1.00,1.00
2015.03.06 10:04:41.680,0.78255,0.78284,1.00,1.00
2015.03.06 10:04:44.143,0.78254,0.78284,1.00,1.00
2015.03.06 10:04:44.930,0.78255,0.78284,1.00,1.00
2015.03.06 10:04:47.885,0.78254,0.78284,1.00,1.00
2015.03.06 10:04:48.434,0.78255,0.78284,1.00,1.00
2015.03.06 10:04:49.990,0.78255,0.78286,1.00,1.00
2015.03.06 10:04:50.844,0.78255,0.78286,1.37,1.00
2015.03.06 10:04:50.944,0.78255,0.78289,1.37,1.00
2015.03.06 10:04:52.223,0.78255,0.7829,1.37,1.00
2015.03.06 10:04:52.695,0.78255,0.78288,1.37,1.00
2015.03.06 10:04:55.575,0.78255,0.78288,1.37,1.00
2015.03.06 10:04:57.896,0.7826,0.78288,1.00,1.00
2015.03.06 10:04:58.116,0.78255,0.78288,1.37,1.00
2015.03.06 10:05:01.858,0.7826,0.78288,1.00,1.00
2015.03.06 10:05:02.076,0.78255,0.78288,1.37,1.00
2015.03.06 10:05:02.601,0.78259,0.78288,1.00,1.00
2015.03.06 10:05:03.395,0.78255,0.78288,1.37,1.00
2015.03.06 10:05:03.642,0.78254,0.78288,1.37,1.00
2015.03.06 10:05:04.614,0.7825,0.78288,3.00,1.00
2015.03.06 10:05:04.686,0.7825,0.78286,1.50,1.00
2015.03.06 10:05:04.736,0.7825,0.78286,1.37,1.00
2015.03.06 10:05:05.815,0.78255,0.78286,1.00,1.00
2015.03.06 10:05:05.952,0.78249,0.78286,1.37,1.00
2015.03.06 10:05:06.369,0.78255,0.78286,1.00,1.00
2015.03.06 10:05:06.613,0.7825,0.78286,1.37,1.00
2015.03.06 10:05:06.714,0.78255,0.78286,1.00,1.00
2015.03.06 10:05:07.136,0.7825,0.78286,1.37,1.00
2015.03.06 10:05:08.549,0.7825,0.78286,1.50,1.00
2015.03.06 10:05:09.118,0.7826,0.78286,1.00,1.00
2015.03.06 10:05:09.225,0.78255,0.78286,1.37,1.00
2015.03.06 10:05:09.636,0.78254,0.78283,1.37,1.00
2015.03.06 10:05:10.106,0.7826,0.78283,1.00,1.00
2015.03.06 10:05:10.324,0.78255,0.78283,1.37,1.00
2015.03.06 10:05:11.750,0.78255,0.78283,1.00,1.00
2015.03.06 10:05:29.775,0.78255,0.78283,1.75,1.00
2015.03.06 10:05:29.980,0.78255,0.78295,2.00,1.00
2015.03.06 10:05:30.281,0.78255,0.78295,2.00,1.00
2015.03.06 10:05:30.575,0.78255,0.78289,1.75,1.00
2015.03.06 10:05:30.757,0.78258,0.78295,1.75,1.00
2015.03.06 10:05:30.920,0.78266,0.78295,1.37,1.00
2015.03.06 10:05:30.979,0.7827,0.78295,1.00,1.00
2015.03.06 10:05:31.090,0.78268,0.78295,1.12,1.00
2015.03.06 10:05:32.237,0.7826,0.78295,1.50,1.00
2015.03.06 10:05:32.897,0.78257,0.78295,1.75,1.50
2015.03.06 10:05:37.278,0.78257,0.78295,1.75,1.50
2015.03.06 10:05:38.748,0.78257,0.78295,1.75,1.50
2015.03.06 10:05:39.812,0.78257,0.78295,1.37,1.50
2015.03.06 10:05:39.886,0.78255,0.78292,1.75,1.00
2015.03.06 10:05:40.494,0.78255,0.78291,1.75,1.00
2015.03.06 10:05:40.997,0.78255,0.78291,1.75,1.00
2015.03.06 10:05:41.316,0.78255,0.78293,3.00,1.00
2015.03.06 10:05:41.803,0.78255,0.78293,1.87,1.00
2015.03.06 10:05:42.195,0.78255,0.78291,1.37,1.00
2015.03.06 10:05:44.617,0.78255,0.78291,1.37,1.00
2015.03.06 10:05:45.125,0.78255,0.78291,1.00,1.00
2015.03.06 10:05:45.496,0.78255,0.78288,1.00,1.00
2015.03.06 10:05:46.054,0.78255,0.78289,1.12,1.00
2015.03.06 10:05:47.159,0.78255,0.78289,1.37,1.00
2015.03.06 10:05:48.034,0.78255,0.78288,1.37,1.00
2015.03.06 10:05:48.578,0.78255,0.7829,1.00,1.00
2015.03.06 10:05:48.690,0.78255,0.78288,1.12,1.00
2015.03.06 10:05:49.350,0.78255,0.78288,1.37,1.00
2015.03.06 10:05:50.157,0.78255,0.78288,1.00,1.00
2015.03.06 10:05:51.113,0.78255,0.78286,1.00,1.00
2015.03.06 10:05:52.439,0.78255,0.78284,1.00,1.00
2015.03.06 10:05:59.266,0.78255,0.78289,1.37,1.00
2015.03.06 10:06:00.345,0.78255,0.78291,1.37,1.00
2015.03.06 10:06:01.951,0.78255,0.78291,1.75,1.00
2015.03.06 10:06:02.001,0.78255,0.78293,3.00,1.00
2015.03.06 10:06:02.114,0.78257,0.78295,1.50,1.50
2015.03.06 10:06:02.656,0.78257,0.78295,1.75,1.50
2015.03.06 10:06:11.923,0.78257,0.7829,1.75,1.00
2015.03.06 10:06:13.137,0.78258,0.78296,1.50,1.00
2015.03.06 10:06:13.358,0.7828,0.78296,1.00,1.00
2015.03.06 10:06:14.734,0.78265,0.78296,1.00,1.00
2015.03.06 10:06:14.835,0.7827,0.78296,1.00,1.00
2015.03.06 10:06:15.663,0.78265,0.78296,1.00,1.00
2015.03.06 10:06:15.885,0.78269,0.78296,1.00,1.00
2015.03.06 10:06:16.632,0.7827,0.78296,1.00,1.00
2015.03.06 10:06:17.864,0.78265,0.78296,1.00,1.00
2015.03.06 10:06:20.976,0.78265,0.78296,1.37,1.00
2015.03.06 10:06:21.026,0.78265,0.78292,1.37,1.00
2015.03.06 10:06:21.127,0.78264,0.78292,1.12,1.00
2015.03.06 10:06:21.177,0.7827,0.78292,1.00,1.00
2015.03.06 10:06:21.278,0.78265,0.78289,1.00,1.00
2015.03.06 10:06:21.384,0.7826,0.78289,1.00,1.00
2015.03.06 10:06:21.493,0.78265,0.78289,1.00,1.00
2015.03.06 10:06:21.933,0.78259,0.78289,1.00,1.00
2015.03.06 10:06:22.046,0.78265,0.78289,1.00,1.00
2015.03.06 10:06:22.486,0.7826,0.78289,1.00,1.00
2015.03.06 10:06:22.595,0.78265,0.78289,1.00,1.00
2015.03.06 10:06:23.162,0.78264,0.78289,1.00,1.00
2015.03.06 10:06:25.461,0.7826,0.78289,1.00,1.00
2015.03.06 10:06:26.003,0.78264,0.78289,1.00,1.00
2015.03.06 10:06:26.334,0.7826,0.78289,1.00,1.00
2015.03.06 10:06:26.825,0.78255,0.78289,1.12,1.00
2015.03.06 10:06:26.925,0.78255,0.78291,1.37,1.00
2015.03.06 10:06:26.976,0.78256,0.78294,1.37,1.00
2015.03.06 10:06:27.076,0.78256,0.78294,1.37,1.00
2015.03.06 10:06:27.127,0.78251,0.78289,1.75,1.00
2015.03.06 10:06:27.263,0.78251,0.78289,1.00,1.00
2015.03.06 10:06:27.313,0.78249,0.78287,1.50,1.00
2015.03.06 10:06:27.874,0.7825,0.78287,1.00,1.00
2015.03.06 10:06:28.205,0.78246,0.78286,1.00,1.00
2015.03.06 10:06:28.284,0.78245,0.78283,1.50,1.00
2015.03.06 10:06:29.062,0.78243,0.78281,1.00,1.00
2015.03.06 10:06:30.612,0.78245,0.78281,1.00,1.00
2015.03.06 10:06:30.949,0.7825,0.78285,1.37,1.00
2015.03.06 10:06:33.430,0.78249,0.78285,1.37,1.00
2015.03.06 10:06:33.674,0.78249,0.78283,1.37,1.00
2015.03.06 10:06:34.633,0.7825,0.78283,1.75,1.00
2015.03.06 10:06:34.795,0.78255,0.78285,1.00,1.00
2015.03.06 10:06:35.185,0.78249,0.78285,1.37,1.00
2015.03.06 10:06:35.386,0.78255,0.78285,1.00,1.00
2015.03.06 10:06:35.486,0.7825,0.78283,1.37,1.00
2015.03.06 10:06:35.575,0.78255,0.78283,1.00,1.00
2015.03.06 10:06:36.401,0.78254,0.78283,1.00,1.00
2015.03.06 10:06:37.336,0.78255,0.78283,1.00,1.00
2015.03.06 10:06:39.421,0.78255,0.78284,1.00,1.00
2015.03.06 10:06:40.084,0.78254,0.78284,1.00,1.00
2015.03.06 10:06:42.284,0.7825,0.78284,1.37,1.00
2015.03.06 10:06:42.804,0.7825,0.78286,1.37,1.00
2015.03.06 10:06:43.264,0.7825,0.78284,1.37,1.00
2015.03.06 10:06:43.476,0.7825,0.78287,1.37,1.00
2015.03.06 10:06:43.677,0.7825,0.78287,1.75,1.00
2015.03.06 10:06:43.953,0.7825,0.78291,1.75,1.00
2015.03.06 10:06:44.522,0.78255,0.7829,1.37,1.00
2015.03.06 10:06:44.787,0.78255,0.78293,1.87,1.00
2015.03.06 10:06:44.888,0.78255,0.78293,3.00,1.00
2015.03.06 10:06:45.194,0.78256,0.78294,1.75,1.00
2015.03.06 10:06:45.244,0.78258,0.78296,1.75,1.00
2015.03.06 10:06:45.345,0.78255,0.7829,1.37,1.00
2015.03.06 10:06:46.867,0.78253,0.78291,1.37,1.00
2015.03.06 10:06:47.294,0.78255,0.7829,1.12,1.00
2015.03.06 10:06:49.090,0.7825,0.78286,1.50,1.00
2015.03.06 10:06:52.779,0.78249,0.78286,1.50,1.00
2015.03.06 10:06:54.819,0.78254,0.78286,1.37,1.00
2015.03.06 10:06:55.485,0.78255,0.78286,1.37,1.00
2015.03.06 10:06:57.534,0.78255,0.78286,1.37,1.00
2015.03.06 10:06:58.294,0.78255,0.78286,1.37,1.00
2015.03.06 10:07:01.404,0.78255,0.78286,1.37,1.00
2015.03.06 10:07:03.080,0.78255,0.78286,1.37,1.00
2015.03.06 10:07:03.811,0.78255,0.78286,1.00,1.00
2015.03.06 10:07:03.911,0.78255,0.78284,1.00,1.00
2015.03.06 10:07:04.447,0.78254,0.78285,1.37,1.00
2015.03.06 10:07:05.205,0.78255,0.78279,1.00,1.00
2015.03.06 10:07:05.542,0.78254,0.78277,1.00,1.00
2015.03.06 10:07:05.681,0.78254,0.78279,1.00,1.00
2015.03.06 10:07:05.732,0.78249,0.78279,1.00,1.00
2015.03.06 10:07:05.894,0.78249,0.78277,1.00,1.00
2015.03.06 10:07:06.404,0.78249,0.78281,1.00,1.00
2015.03.06 10:07:06.482,0.78255,0.78281,1.00,1.00
2015.03.06 10:07:06.592,0.78249,0.78281,1.00,1.00
2015.03.06 10:07:06.702,0.78255,0.7828,1.00,1.00
2015.03.06 10:07:06.822,0.7825,0.7828,1.00,1.00
2015.03.06 10:07:07.032,0.78255,0.7828,1.00,1.00
2015.03.06 10:07:07.143,0.7825,0.7828,1.00,1.00
2015.03.06 10:07:07.585,0.78254,0.7828,1.00,1.00
2015.03.06 10:07:07.896,0.78255,0.78278,1.00,1.00
2015.03.06 10:07:08.715,0.78255,0.78276,1.00,1.00
2015.03.06 10:07:08.916,0.7825,0.78276,1.00,1.00
2015.03.06 10:07:10.112,0.78245,0.78276,1.12,1.00
2015.03.06 10:07:10.337,0.7825,0.78276,1.00,1.00
2015.03.06 10:07:11.121,0.78245,0.78276,1.12,1.00
2015.03.06 10:07:11.652,0.78244,0.78276,1.12,1.00
2015.03.06 10:07:12.532,0.78245,0.78276,1.00,1.00
2015.03.06 10:07:13.803,0.78245,0.78275,1.00,1.00
2015.03.06 10:07:13.857,0.78249,0.78275,1.00,1.00
2015.03.06 10:07:14.404,0.78245,0.78275,1.00,1.00
2015.03.06 10:07:14.952,0.78244,0.78275,1.00,1.00
2015.03.06 10:07:15.394,0.78249,0.78275,1.00,1.00
2015.03.06 10:07:15.544,0.78245,0.78275,1.00,1.00
2015.03.06 10:07:15.614,0.7825,0.78275,1.00,1.00
2015.03.06 10:07:15.722,0.78244,0.78271,1.00,1.00
2015.03.06 10:07:16.385,0.78245,0.78271,1.00,1.00
2015.03.06 10:07:17.704,0.78244,0.78271,1.00,1.00
2015.03.06 10:07:19.473,0.78245,0.78271,1.00,1.00
2015.03.06 10:07:21.585,0.7825,0.78271,1.00,1.00
2015.03.06 10:07:21.807,0.78244,0.78271,1.00,1.00
2015.03.06 10:07:22.431,0.78245,0.78271,1.00,1.00
2015.03.06 10:07:24.114,0.7825,0.78271,1.00,1.00
2015.03.06 10:07:26.772,0.7825,0.78275,1.00,1.00
2015.03.06 10:07:26.833,0.78245,0.78275,1.12,1.00
2015.03.06 10:07:26.941,0.7825,0.78275,1.00,1.00
2015.03.06 10:07:27.382,0.78245,0.78275,1.37,1.00
2015.03.06 10:07:27.983,0.78244,0.78275,1.37,1.00
2015.03.06 10:07:28.481,0.7825,0.78275,1.00,1.00
2015.03.06 10:07:29.297,0.78249,0.78275,1.00,1.00
2015.03.06 10:07:30.264,0.7825,0.78275,1.00,1.00
2015.03.06 10:07:30.314,0.7825,0.78279,1.00,1.00
2015.03.06 10:07:30.464,0.78255,0.78279,1.00,1.00
2015.03.06 10:07:30.572,0.7825,0.78279,1.00,1.00
2015.03.06 10:07:31.152,0.78254,0.78279,1.00,1.00
2015.03.06 10:07:31.202,0.78254,0.78285,1.00,1.00
2015.03.06 10:07:31.353,0.7826,0.78285,1.00,1.00
2015.03.06 10:07:31.403,0.7826,0.78288,1.00,1.00
2015.03.06 10:07:31.505,0.7826,0.78292,1.12,1.00
2015.03.06 10:07:31.564,0.78265,0.78292,1.00,1.00
2015.03.06 10:07:31.854,0.78265,0.78295,1.00,1.00
2015.03.06 10:07:32.184,0.78265,0.78295,1.00,1.37
2015.03.06 10:07:32.234,0.7826,0.78295,1.00,1.37
2015.03.06 10:07:32.285,0.7826,0.78287,1.00,1.00
2015.03.06 10:07:32.603,0.7826,0.78285,1.00,1.00
2015.03.06 10:07:32.822,0.7826,0.78287,1.00,1.00
2015.03.06 10:07:34.242,0.78265,0.78287,1.00,1.00
2015.03.06 10:07:34.393,0.78265,0.78293,1.00,1.00
2015.03.06 10:07:35.806,0.7826,0.78289,1.00,1.00
2015.03.06 10:07:36.512,0.78255,0.78289,1.12,1.00
2015.03.06 10:07:36.562,0.78255,0.78285,1.12,1.00
2015.03.06 10:07:36.863,0.78254,0.78283,1.00,1.00
2015.03.06 10:07:37.061,0.7825,0.78283,1.37,1.00
2015.03.06 10:07:37.391,0.78255,0.78283,1.00,1.00
2015.03.06 10:07:37.825,0.7825,0.78283,1.37,1.00
2015.03.06 10:07:38.603,0.78255,0.78283,1.00,1.00
2015.03.06 10:07:39.958,0.78254,0.78281,1.00,1.00
2015.03.06 10:07:40.058,0.7825,0.78281,1.00,1.00
2015.03.06 10:07:40.109,0.7825,0.78278,1.00,1.00
2015.03.06 10:07:40.445,0.7825,0.78274,1.00,1.00
2015.03.06 10:07:40.496,0.78245,0.78274,1.00,1.00
2015.03.06 10:07:40.602,0.78239,0.78274,1.37,1.00
2015.03.06 10:07:40.912,0.78245,0.78273,1.00,1.00
2015.03.06 10:07:41.234,0.78245,0.78269,1.00,1.00
2015.03.06 10:07:41.793,0.78244,0.78269,1.00,1.00
2015.03.06 10:07:42.341,0.78245,0.78269,1.00,1.00
2015.03.06 10:07:42.393,0.7824,0.78269,1.12,1.00
2015.03.06 10:07:45.382,0.7824,0.78267,1.12,1.00
2015.03.06 10:07:50.702,0.78245,0.78267,1.00,1.00
2015.03.06 10:07:52.263,0.7824,0.7827,1.00,1.00
2015.03.06 10:07:53.149,0.7824,0.7827,1.37,1.00
2015.03.06 10:07:53.451,0.7825,0.78271,1.00,1.00
2015.03.06 10:07:53.502,0.7825,0.78276,1.00,1.00
2015.03.06 10:07:54.223,0.78244,0.78276,1.00,1.00
2015.03.06 10:07:54.331,0.7825,0.78276,1.00,1.00
2015.03.06 10:07:56.531,0.78244,0.78276,1.37,1.00
2015.03.06 10:07:58.421,0.78249,0.78276,1.00,1.00
2015.03.06 10:07:59.063,0.7825,0.78276,1.00,1.00
2015.03.06 10:07:59.393,0.78249,0.78278,1.12,1.00
2015.03.06 10:07:59.513,0.78255,0.78278,1.00,1.00
2015.03.06 10:07:59.722,0.7825,0.78278,1.00,1.00
2015.03.06 10:08:00.071,0.78255,0.78278,1.00,1.00
2015.03.06 10:08:01.422,0.7825,0.78271,1.00,1.00
2015.03.06 10:08:01.523,0.7825,0.78273,1.00,1.00
2015.03.06 10:08:01.623,0.78245,0.78273,1.00,1.00
2015.03.06 10:08:01.724,0.7824,0.78273,1.00,1.00
2015.03.06 10:08:01.774,0.7824,0.78269,1.00,1.00
2015.03.06 10:08:01.825,0.78235,0.78269,1.37,1.00
2015.03.06 10:08:02.871,0.7824,0.78267,1.00,1.00
2015.03.06 10:08:03.791,0.78235,0.78267,1.12,1.00
2015.03.06 10:08:06.121,0.7825,0.78267,1.00,1.00
2015.03.06 10:08:06.172,0.7825,0.78269,1.00,1.00
2015.03.06 10:08:06.272,0.7825,0.78271,1.00,1.00
2015.03.06 10:08:06.481,0.7825,0.78273,1.00,1.00
2015.03.06 10:08:06.581,0.78245,0.78273,1.00,1.00
2015.03.06 10:08:08.292,0.78249,0.78273,1.00,1.00
2015.03.06 10:08:08.852,0.7825,0.78273,1.00,1.00
2015.03.06 10:08:09.185,0.78245,0.78273,1.00,1.00
2015.03.06 10:08:09.511,0.7825,0.78273,1.00,1.00
2015.03.06 10:08:09.951,0.78244,0.78273,1.12,1.00
2015.03.06 10:08:10.210,0.7825,0.78275,1.00,1.00
2015.03.06 10:08:10.611,0.78245,0.78275,1.00,1.00
2015.03.06 10:08:12.396,0.78244,0.78275,1.12,1.00
2015.03.06 10:08:12.497,0.78249,0.78275,1.00,1.00
2015.03.06 10:08:13.106,0.7825,0.78275,1.00,1.00
2015.03.06 10:08:14.684,0.78245,0.78275,1.37,1.00
2015.03.06 10:08:15.232,0.7825,0.78275,1.00,1.00
2015.03.06 10:08:15.893,0.78245,0.78275,1.37,1.00
2015.03.06 10:08:16.430,0.78245,0.78275,1.00,1.00
2015.03.06 10:08:16.664,0.7825,0.78275,1.00,1.00
2015.03.06 10:08:16.714,0.7825,0.78277,1.00,1.00
2015.03.06 10:08:16.815,0.78244,0.78277,1.37,1.00
2015.03.06 10:08:16.991,0.78249,0.78277,1.00,1.00
2015.03.06 10:08:17.211,0.78245,0.78277,1.12,1.00
2015.03.06 10:08:17.309,0.78245,0.78277,1.37,1.00
2015.03.06 10:08:17.727,0.78249,0.78277,1.00,1.00
2015.03.06 10:08:18.780,0.7825,0.78277,1.00,1.00
2015.03.06 10:08:19.191,0.78255,0.78277,1.00,1.00
2015.03.06 10:08:19.321,0.7825,0.78277,1.00,1.00
2015.03.06 10:08:19.774,0.78245,0.78274,1.00,1.00
2015.03.06 10:08:19.862,0.7824,0.78274,1.37,1.00
2015.03.06 10:08:20.741,0.78244,0.78274,1.00,1.00
2015.03.06 10:08:20.792,0.78244,0.78276,1.00,1.00
2015.03.06 10:08:20.842,0.78244,0.78276,1.37,1.00
2015.03.06 10:08:20.892,0.7825,0.78283,1.00,1.00
2015.03.06 10:08:21.203,0.7825,0.78278,1.00,1.00
2015.03.06 10:08:21.510,0.78244,0.78278,1.37,1.00
2015.03.06 10:08:22.283,0.7825,0.78278,1.00,1.00
2015.03.06 10:08:22.613,0.78245,0.78278,1.37,1.00
2015.03.06 10:08:24.753,0.78245,0.78281,1.37,1.00
2015.03.06 10:08:24.863,0.78245,0.78279,1.37,1.00
2015.03.06 10:08:31.644,0.78244,0.78279,1.37,1.00
2015.03.06 10:08:33.291,0.78245,0.78279,1.00,1.00
2015.03.06 10:08:33.611,0.78245,0.78273,1.00,1.00
2015.03.06 10:08:34.562,0.78235,0.78262,1.00,1.00
2015.03.06 10:08:35.451,0.78235,0.78265,1.00,1.00
2015.03.06 10:08:36.802,0.78234,0.78265,1.00,1.00
2015.03.06 10:08:37.242,0.7824,0.78265,1.00,1.00
2015.03.06 10:08:37.292,0.7824,0.78267,1.00,1.00
2015.03.06 10:08:37.484,0.7824,0.78269,1.00,1.00
2015.03.06 10:08:38.600,0.78239,0.78269,1.00,1.00
2015.03.06 10:08:40.883,0.7824,0.78269,1.00,1.00
2015.03.06 10:08:44.083,0.7824,0.78272,1.00,1.00
2015.03.06 10:08:44.624,0.78244,0.78272,1.00,1.00
2015.03.06 10:08:44.674,0.78244,0.78274,1.00,1.00
2015.03.06 10:08:45.162,0.78239,0.78274,1.37,1.00
2015.03.06 10:08:45.212,0.78239,0.78271,1.37,1.00
2015.03.06 10:08:45.322,0.78235,0.78269,1.00,1.00
2015.03.06 10:08:45.434,0.78235,0.78266,1.00,1.00
2015.03.06 10:08:45.493,0.78229,0.78266,1.37,1.00
2015.03.06 10:08:45.594,0.78229,0.78263,1.37,1.00
2015.03.06 10:08:46.212,0.7823,0.78259,1.00,1.00
2015.03.06 10:08:46.592,0.7823,0.78257,1.00,1.00
2015.03.06 10:08:46.812,0.78225,0.78257,1.12,1.00
2015.03.06 10:08:47.472,0.7823,0.78257,1.00,1.00
2015.03.06 10:08:48.620,0.7823,0.78259,1.00,1.00
2015.03.06 10:08:50.279,0.78229,0.78259,1.00,1.00
2015.03.06 10:08:50.440,0.78235,0.78259,1.00,1.00
2015.03.06 10:08:51.475,0.78234,0.78259,1.00,1.00
2015.03.06 10:08:51.528,0.78225,0.78259,1.37,1.00
2015.03.06 10:08:51.948,0.78225,0.78259,1.12,1.00
2015.03.06 10:08:52.102,0.78229,0.78259,1.00,1.00
2015.03.06 10:08:52.203,0.78225,0.78259,1.12,1.00
2015.03.06 10:08:52.810,0.78224,0.78257,1.37,1.00
2015.03.06 10:08:53.852,0.78224,0.78257,1.00,1.00
2015.03.06 10:08:54.440,0.78224,0.78255,1.00,1.00
2015.03.06 10:08:55.099,0.78225,0.78255,1.00,1.00
2015.03.06 10:08:57.812,0.7822,0.78255,1.37,1.00
2015.03.06 10:08:58.030,0.78225,0.78255,1.00,1.00
2015.03.06 10:08:58.142,0.7822,0.78255,1.37,1.00
2015.03.06 10:09:00.450,0.78225,0.78255,1.00,1.00
2015.03.06 10:09:01.002,0.78225,0.78252,1.00,1.00
2015.03.06 10:09:01.110,0.7822,0.78252,1.12,1.00
2015.03.06 10:09:02.380,0.78219,0.78249,1.37,1.00
2015.03.06 10:09:02.703,0.78224,0.78249,1.00,1.00
2015.03.06 10:09:02.760,0.7822,0.78249,1.00,1.00
2015.03.06 10:09:04.960,0.78225,0.78249,1.00,1.00
2015.03.06 10:09:05.010,0.78225,0.78251,1.00,1.00
2015.03.06 10:09:07.930,0.7822,0.78251,1.12,1.00
2015.03.06 10:09:08.370,0.78224,0.78251,1.00,1.00
2015.03.06 10:09:08.742,0.78225,0.78253,1.00,1.00
2015.03.06 10:09:09.473,0.78225,0.78253,1.37,1.00
2015.03.06 10:09:09.824,0.7822,0.78253,1.37,1.00
2015.03.06 10:09:10.776,0.7822,0.78253,1.00,1.00
2015.03.06 10:09:10.826,0.7823,0.78253,1.00,1.00
2015.03.06 10:09:10.927,0.78234,0.78259,1.00,1.00
2015.03.06 10:09:11.178,0.78234,0.78262,1.00,1.00
2015.03.06 10:09:11.343,0.7824,0.78263,1.00,1.00
2015.03.06 10:09:11.394,0.7824,0.78265,1.00,1.00
2015.03.06 10:09:11.452,0.78245,0.78265,1.00,1.00
2015.03.06 10:09:11.502,0.78245,0.78269,1.00,1.00
2015.03.06 10:09:13.247,0.78245,0.78271,1.00,1.00
2015.03.06 10:09:14.471,0.78245,0.78274,1.00,1.00
2015.03.06 10:09:17.061,0.7825,0.78274,1.00,1.00
2015.03.06 10:09:17.391,0.78245,0.78274,1.00,1.00
2015.03.06 10:09:17.500,0.78249,0.78274,1.00,1.00
2015.03.06 10:09:18.050,0.78245,0.78274,1.00,1.00
2015.03.06 10:09:21.021,0.78244,0.78274,1.00,1.00
2015.03.06 10:09:21.577,0.7825,0.78274,1.00,1.00
2015.03.06 10:09:22.356,0.78245,0.78274,1.00,1.00
2015.03.06 10:09:22.890,0.78244,0.78274,1.00,1.00
2015.03.06 10:09:23.906,0.78245,0.78274,1.00,1.00
2015.03.06 10:09:29.212,0.78244,0.78276,1.12,1.00
2015.03.06 10:09:29.489,0.7825,0.78276,1.00,1.00
2015.03.06 10:09:32.131,0.78245,0.78276,1.00,1.00
2015.03.06 10:09:32.241,0.7825,0.78276,1.00,1.00
2015.03.06 10:09:32.679,0.78245,0.78276,1.00,1.00
2015.03.06 10:09:33.913,0.78245,0.78274,1.00,1.00
2015.03.06 10:09:37.890,0.78239,0.78269,1.37,1.00
2015.03.06 10:09:38.091,0.78235,0.78269,1.37,1.00
2015.03.06 10:09:38.141,0.78235,0.78267,1.37,1.00
2015.03.06 10:09:38.451,0.78235,0.78263,1.00,1.00
2015.03.06 10:09:38.771,0.78235,0.78258,1.00,1.00
2015.03.06 10:09:39.918,0.7823,0.78256,1.00,1.00
2015.03.06 10:09:40.049,0.78235,0.78256,1.00,1.00
2015.03.06 10:09:40.100,0.78235,0.78259,1.00,1.00
2015.03.06 10:09:40.161,0.7823,0.78259,1.00,1.00
2015.03.06 10:09:40.212,0.7823,0.78257,1.00,1.00
2015.03.06 10:09:40.581,0.78235,0.78256,1.00,1.00
2015.03.06 10:09:43.021,0.7824,0.78256,1.00,1.00
2015.03.06 10:09:43.072,0.7824,0.78266,1.00,1.00
2015.03.06 10:09:43.179,0.78234,0.78262,1.00,1.00
2015.03.06 10:09:43.880,0.78235,0.78262,1.00,1.00
2015.03.06 10:09:44.121,0.7824,0.78262,1.00,1.00
2015.03.06 10:09:45.842,0.7824,0.78266,1.00,1.00
2015.03.06 10:09:45.942,0.7824,0.7827,1.00,1.00
2015.03.06 10:09:46.012,0.7824,0.78268,1.00,1.00
2015.03.06 10:09:46.759,0.78239,0.78268,1.00,1.00
2015.03.06 10:09:47.419,0.7824,0.78268,1.00,1.00
2015.03.06 10:09:48.198,0.78245,0.78268,1.00,1.00
2015.03.06 10:09:48.300,0.7824,0.78268,1.12,1.00
2015.03.06 10:09:48.879,0.7824,0.78267,1.00,1.00
2015.03.06 10:09:50.207,0.7824,0.78268,1.00,1.00
2015.03.06 10:09:50.307,0.7824,0.78272,1.00,1.00
2015.03.06 10:09:50.831,0.78244,0.78273,1.00,1.00
2015.03.06 10:09:52.592,0.78245,0.78273,1.00,1.00
2015.03.06 10:09:52.921,0.7825,0.78273,1.00,1.00
2015.03.06 10:09:53.141,0.78245,0.78273,1.00,1.00
2015.03.06 10:09:53.509,0.78249,0.78273,1.00,1.00
2015.03.06 10:09:54.162,0.7825,0.78273,1.00,1.00
2015.03.06 10:09:56.471,0.78245,0.78273,1.00,1.00
2015.03.06 10:09:57.002,0.78244,0.78273,1.00,1.00
2015.03.06 10:09:58.201,0.78245,0.78273,1.00,1.00
2015.03.06 10:09:58.759,0.7824,0.78273,1.37,1.00
2015.03.06 10:09:59.441,0.78245,0.78273,1.00,1.00
2015.03.06 10:10:00.292,0.7824,0.78273,1.00,1.00
2015.03.06 10:10:00.509,0.78245,0.78273,1.00,1.00
2015.03.06 10:10:00.621,0.7824,0.78273,1.00,1.00
2015.03.06 10:10:01.972,0.78244,0.78273,1.00,1.00
2015.03.06 10:10:02.162,0.7824,0.78273,1.12,1.00
2015.03.06 10:10:04.032,0.78245,0.78273,1.00,1.00
2015.03.06 10:10:04.350,0.7824,0.78268,1.00,1.00
2015.03.06 10:10:05.013,0.78239,0.78268,1.00,1.00
2015.03.06 10:10:05.064,0.78235,0.78268,1.37,1.00
2015.03.06 10:10:05.285,0.7824,0.78268,1.00,1.00
2015.03.06 10:10:05.679,0.78245,0.78268,1.00,1.00
2015.03.06 10:10:05.900,0.7824,0.78268,1.00,1.00
2015.03.06 10:10:06.171,0.7824,0.78265,1.00,1.00
2015.03.06 10:10:06.230,0.78235,0.78265,1.37,1.00
2015.03.06 10:10:06.451,0.7824,0.78265,1.00,1.00
2015.03.06 10:10:06.593,0.78234,0.78265,1.37,1.00
2015.03.06 10:10:07.049,0.78235,0.78265,1.37,1.00
2015.03.06 10:10:07.221,0.78239,0.78265,1.00,1.00
2015.03.06 10:10:07.271,0.78239,0.78267,1.00,1.00
2015.03.06 10:10:07.379,0.78235,0.78267,1.37,1.00
2015.03.06 10:10:08.210,0.7824,0.78267,1.00,1.00
2015.03.06 10:10:08.700,0.78245,0.78267,1.00,1.00
2015.03.06 10:10:08.871,0.7824,0.78267,1.00,1.00
2015.03.06 10:10:09.309,0.78235,0.78267,1.00,1.00
2015.03.06 10:10:11.402,0.78234,0.78267,1.00,1.00
2015.03.06 10:10:13.602,0.78235,0.78267,1.00,1.00
2015.03.06 10:10:15.360,0.78239,0.78267,1.00,1.00
2015.03.06 10:10:15.472,0.78235,0.78267,1.00,1.00
2015.03.06 10:10:16.459,0.7824,0.78267,1.00,1.00
2015.03.06 10:10:16.610,0.78235,0.78267,1.00,1.00
2015.03.06 10:10:18.386,0.78239,0.78267,1.00,1.00
2015.03.06 10:10:19.045,0.7824,0.78267,1.00,1.00
2015.03.06 10:10:22.289,0.78239,0.78267,1.00,1.00
2015.03.06 10:10:22.840,0.7824,0.78267,1.00,1.00
2015.03.06 10:10:23.098,0.78235,0.78263,1.12,1.00
2015.03.06 10:10:23.219,0.78235,0.78265,1.12,1.00
2015.03.06 10:10:25.922,0.78234,0.78265,1.00,1.00
2015.03.06 10:10:26.141,0.7824,0.78265,1.00,1.00
2015.03.06 10:10:26.251,0.78235,0.78265,1.00,1.00
2015.03.06 10:10:26.801,0.78234,0.78265,1.00,1.00
2015.03.06 10:10:27.241,0.78239,0.78265,1.00,1.00
2015.03.06 10:10:27.795,0.7824,0.78265,1.00,1.00
2015.03.06 10:10:29.001,0.78245,0.78265,1.00,1.00
2015.03.06 10:10:29.051,0.78245,0.78267,1.00,1.00
2015.03.06 10:10:29.439,0.7824,0.78267,1.00,1.00
2015.03.06 10:10:29.550,0.78245,0.78267,1.00,1.00
2015.03.06 10:10:29.773,0.7824,0.78267,1.00,1.00
2015.03.06 10:10:29.883,0.78245,0.78267,1.00,1.00
2015.03.06 10:10:29.991,0.7824,0.78267,1.00,1.00
2015.03.06 10:10:30.210,0.78245,0.78267,1.00,1.00
2015.03.06 10:10:31.090,0.78244,0.78267,1.00,1.00
2015.03.06 10:10:31.749,0.78245,0.78267,1.00,1.00
2015.03.06 10:10:32.201,0.7824,0.78267,1.00,1.00
2015.03.06 10:10:32.419,0.7824,0.78269,1.00,1.00
2015.03.06 10:10:32.971,0.78239,0.78269,1.00,1.00
2015.03.06 10:10:34.401,0.7824,0.78269,1.00,1.00
2015.03.06 10:10:34.730,0.78245,0.78269,1.00,1.00
2015.03.06 10:10:34.841,0.7824,0.78269,1.00,1.00
2015.03.06 10:10:35.316,0.78244,0.78269,1.00,1.00
2015.03.06 10:10:35.829,0.7824,0.78269,1.00,1.00
2015.03.06 10:10:39.603,0.78235,0.78269,1.37,1.00
2015.03.06 10:10:39.944,0.78235,0.78269,1.37,1.00
2015.03.06 10:10:40.012,0.7824,0.78269,1.00,1.00
2015.03.06 10:10:40.328,0.78245,0.78269,1.00,1.00
2015.03.06 10:10:40.378,0.7824,0.78269,1.00,1.00
2015.03.06 10:10:40.779,0.78245,0.78269,1.00,1.00
2015.03.06 10:10:41.582,0.78244,0.78269,1.00,1.00
2015.03.06 10:10:41.990,0.7824,0.78269,1.00,1.00
2015.03.06 10:10:42.523,0.78239,0.78269,1.12,1.00
2015.03.06 10:10:43.182,0.7824,0.78269,1.00,1.00
2015.03.06 10:10:43.232,0.78245,0.78272,1.00,1.00
2015.03.06 10:10:43.748,0.7824,0.78272,1.00,1.00
2015.03.06 10:10:44.836,0.78245,0.78272,1.00,1.00
2015.03.06 10:10:44.961,0.7824,0.78268,1.12,1.00
2015.03.06 10:10:45.205,0.7824,0.7827,1.37,1.00
2015.03.06 10:10:45.316,0.78245,0.78268,1.00,1.00
2015.03.06 10:10:45.426,0.78239,0.78264,1.00,1.00
2015.03.06 10:10:45.535,0.78235,0.78262,1.00,1.00
2015.03.06 10:10:46.062,0.78235,0.78261,1.00,1.00
2015.03.06 10:10:46.162,0.78235,0.78264,1.00,1.00
2015.03.06 10:10:46.980,0.7824,0.78264,1.00,1.00
2015.03.06 10:10:47.292,0.78235,0.78264,1.00,1.00
2015.03.06 10:10:50.581,0.7824,0.78265,1.00,1.00
2015.03.06 10:10:51.119,0.78244,0.78265,1.00,1.00
2015.03.06 10:10:51.341,0.7824,0.78265,1.00,1.00
2015.03.06 10:10:52.439,0.78244,0.78265,1.00,1.00
2015.03.06 10:10:55.299,0.78245,0.78265,1.00,1.00
2015.03.06 10:10:55.409,0.78239,0.78265,1.00,1.00
2015.03.06 10:10:56.190,0.78244,0.78265,1.00,1.00
2015.03.06 10:10:56.291,0.7824,0.78265,1.37,1.00
2015.03.06 10:10:56.840,0.7824,0.78265,1.12,1.00
2015.03.06 10:10:57.379,0.7824,0.78265,1.37,1.00
2015.03.06 10:10:58.600,0.78244,0.78265,1.00,1.00
2015.03.06 10:10:59.259,0.7824,0.78265,1.37,1.00
2015.03.06 10:10:59.860,0.78245,0.78265,1.00,1.00
2015.03.06 10:10:59.964,0.7824,0.78265,1.00,1.00
2015.03.06 10:11:00.070,0.78234,0.78265,1.37,1.00
2015.03.06 10:11:00.179,0.7824,0.78265,1.00,1.00
2015.03.06 10:11:01.062,0.78245,0.78266,1.00,1.00
2015.03.06 10:11:01.289,0.78245,0.78272,1.00,1.00
2015.03.06 10:11:01.928,0.7825,0.78272,1.00,1.00
2015.03.06 10:11:02.151,0.78255,0.78282,1.00,1.00
2015.03.06 10:11:02.272,0.7825,0.78278,1.00,1.00
2015.03.06 10:11:02.372,0.78255,0.78284,1.00,1.00
2015.03.06 10:11:02.473,0.78254,0.78282,1.00,1.00
2015.03.06 10:11:02.799,0.78259,0.78288,1.00,1.00
2015.03.06 10:11:02.929,0.78265,0.78288,1.00,1.00
2015.03.06 10:11:03.145,0.78269,0.78296,1.00,1.00
2015.03.06 10:11:03.302,0.7827,0.78298,1.00,1.12
2015.03.06 10:11:04.200,0.7827,0.78301,1.00,1.37
2015.03.06 10:11:06.693,0.78269,0.78301,1.00,1.37
2015.03.06 10:11:07.208,0.7827,0.78301,1.00,1.37
2015.03.06 10:11:07.508,0.78264,0.78301,1.00,1.87
2015.03.06 10:11:07.869,0.7827,0.78301,1.00,1.37
2015.03.06 10:11:08.192,0.7827,0.78298,1.00,1.00
2015.03.06 10:11:08.993,0.78265,0.78298,1.00,1.00
2015.03.06 10:11:09.144,0.78265,0.78298,1.00,1.37
2015.03.06 10:11:09.194,0.7826,0.78293,1.00,1.00
2015.03.06 10:11:09.308,0.7826,0.78295,1.00,1.87
2015.03.06 10:11:09.358,0.7826,0.78295,1.00,1.87
2015.03.06 10:11:09.489,0.78255,0.78295,1.50,1.87
2015.03.06 10:11:09.639,0.7826,0.78295,1.00,1.87
2015.03.06 10:11:09.969,0.78255,0.78295,1.50,1.87
2015.03.06 10:11:10.040,0.7826,0.78295,1.00,1.87
2015.03.06 10:11:10.178,0.78255,0.7829,1.50,1.00
2015.03.06 10:11:10.292,0.7826,0.78293,1.00,1.37
2015.03.06 10:11:10.520,0.78255,0.7829,1.00,1.00
2015.03.06 10:11:10.629,0.7826,0.78294,1.00,1.37
2015.03.06 10:11:11.953,0.7826,0.78294,1.00,1.50
2015.03.06 10:11:12.963,0.7826,0.78294,1.00,1.37
2015.03.06 10:11:15.175,0.7826,0.78294,1.00,1.00
2015.03.06 10:11:15.327,0.78256,0.78294,1.12,1.00
2015.03.06 10:11:15.744,0.78256,0.7829,1.12,1.00
2015.03.06 10:11:16.119,0.7826,0.78292,1.00,1.00
2015.03.06 10:11:16.578,0.7826,0.78295,1.00,1.00
2015.03.06 10:11:17.513,0.78265,0.78297,1.00,1.12
2015.03.06 10:11:17.564,0.7826,0.78297,1.00,1.12
2015.03.06 10:11:17.629,0.78265,0.78297,1.00,1.12
2015.03.06 10:11:18.217,0.7826,0.78295,1.00,1.00
2015.03.06 10:11:19.207,0.7826,0.78297,1.00,1.12
2015.03.06 10:11:19.388,0.78265,0.78297,1.00,1.12
2015.03.06 10:11:19.538,0.7826,0.78295,1.00,1.00
2015.03.06 10:11:19.655,0.78265,0.78297,1.00,1.00
2015.03.06 10:11:19.807,0.78265,0.78299,1.00,1.00
2015.03.06 10:11:24.891,0.78264,0.78299,1.00,1.00
2015.03.06 10:11:25.879,0.78265,0.78299,1.00,1.00
2015.03.06 10:11:26.343,0.78261,0.78299,1.12,1.00
2015.03.06 10:11:26.829,0.78265,0.78299,1.00,1.00
2015.03.06 10:11:27.433,0.78264,0.78299,1.00,1.00
2015.03.06 10:11:27.948,0.78265,0.78299,1.00,1.00
2015.03.06 10:11:28.460,0.78264,0.78299,1.00,1.00
2015.03.06 10:11:29.178,0.78261,0.78299,1.12,1.00
2015.03.06 10:11:29.621,0.78265,0.78299,1.00,1.00
2015.03.06 10:11:29.979,0.78265,0.78301,1.00,1.00
2015.03.06 10:11:30.600,0.78265,0.783,1.12,1.00
2015.03.06 10:11:31.089,0.78265,0.78301,1.37,1.00
2015.03.06 10:11:31.139,0.78268,0.78305,1.37,1.00
2015.03.06 10:11:31.469,0.78272,0.7831,1.00,1.87
2015.03.06 10:11:31.779,0.78275,0.78313,1.00,1.00
2015.03.06 10:11:32.080,0.78279,0.78316,1.00,1.00
2015.03.06 10:11:32.240,0.78279,0.78325,1.37,1.87
2015.03.06 10:11:32.291,0.78279,0.78325,1.50,1.87
2015.03.06 10:11:33.485,0.78285,0.78324,1.00,1.37
2015.03.06 10:11:34.028,0.78285,0.78324,1.12,1.37
2015.03.06 10:11:35.102,0.78283,0.78323,1.12,1.37
2015.03.06 10:11:35.189,0.78283,0.78323,1.00,1.37
2015.03.06 10:11:35.746,0.78282,0.7832,1.12,1.12
2015.03.06 10:11:36.079,0.7828,0.78318,1.00,1.37
2015.03.06 10:11:36.180,0.78277,0.78315,1.12,1.00
2015.03.06 10:11:36.230,0.78277,0.78315,1.00,1.37
2015.03.06 10:11:36.291,0.78277,0.78315,1.00,1.12
2015.03.06 10:11:36.392,0.78275,0.78313,1.87,1.00
2015.03.06 10:11:36.492,0.78277,0.78315,1.00,1.12
2015.03.06 10:11:38.824,0.78277,0.78315,1.00,1.37
2015.03.06 10:11:38.875,0.78273,0.78311,1.00,1.12
2015.03.06 10:11:39.398,0.78273,0.78311,1.00,1.37
2015.03.06 10:11:39.590,0.7827,0.78307,1.12,1.00
2015.03.06 10:11:40.019,0.78269,0.78305,1.00,1.00
2015.03.06 10:11:40.329,0.78265,0.78303,1.87,1.00
2015.03.06 10:11:40.402,0.78265,0.78303,1.50,1.00
2015.03.06 10:11:40.452,0.78265,0.78301,1.00,1.00
2015.03.06 10:11:40.779,0.78265,0.78299,1.00,1.00
2015.03.06 10:11:41.080,0.7827,0.78302,1.00,1.00
2015.03.06 10:11:41.588,0.7827,0.78304,1.00,1.37
2015.03.06 10:11:41.889,0.78273,0.78311,1.00,3.00
2015.03.06 10:11:41.939,0.78273,0.78311,1.00,3.00
2015.03.06 10:11:42.327,0.78275,0.78311,1.00,1.75
2015.03.06 10:11:42.859,0.78275,0.78313,1.50,1.75
2015.03.06 10:11:45.415,0.78275,0.78313,1.00,1.37
2015.03.06 10:11:47.279,0.78278,0.7831,1.00,1.37
2015.03.06 10:11:47.641,0.78278,0.7831,1.00,1.37
2015.03.06 10:11:49.667,0.78276,0.7831,1.00,1.37
2015.03.06 10:11:58.077,0.78276,0.7831,1.00,1.00
2015.03.06 10:11:58.587,0.78276,0.78314,1.00,1.50
2015.03.06 10:11:58.638,0.78278,0.78315,1.00,1.75
2015.03.06 10:11:58.812,0.78275,0.78315,1.00,3.00
2015.03.06 10:11:59.467,0.78274,0.7831,1.00,1.50
2015.03.06 10:11:59.517,0.78272,0.7831,1.00,3.00
2015.03.06 10:11:59.688,0.78272,0.7831,1.00,3.00
2015.03.06 10:12:00.100,0.78272,0.7831,1.00,3.00
2015.03.06 10:12:00.920,0.78268,0.78306,1.00,1.75
2015.03.06 10:12:01.164,0.78268,0.78306,1.00,1.37
2015.03.06 10:12:01.469,0.78268,0.78306,1.00,1.75
2015.03.06 10:12:01.891,0.78264,0.78304,1.00,1.50
2015.03.06 10:12:02.240,0.78267,0.78305,1.00,1.75
2015.03.06 10:12:06.068,0.78267,0.78305,1.00,3.00
2015.03.06 10:12:06.118,0.78259,0.78299,1.00,1.75
2015.03.06 10:12:06.269,0.78259,0.78295,1.00,1.75
2015.03.06 10:12:06.319,0.78253,0.78291,1.00,1.75
2015.03.06 10:12:06.419,0.78251,0.78289,1.00,1.00
2015.03.06 10:12:06.511,0.78248,0.78286,1.00,1.00
2015.03.06 10:12:07.171,0.78245,0.78285,1.00,1.00
2015.03.06 10:12:08.679,0.78248,0.78286,1.00,1.75
2015.03.06 10:12:09.197,0.78248,0.78286,1.00,1.75
2015.03.06 10:12:09.607,0.78248,0.78286,1.00,1.75
2015.03.06 10:12:13.987,0.78248,0.78286,1.00,3.00
2015.03.06 10:12:14.088,0.78244,0.78282,1.00,1.75
2015.03.06 10:12:14.138,0.78238,0.78276,1.00,1.75
2015.03.06 10:12:14.238,0.7824,0.78278,1.00,1.00
2015.03.06 10:12:14.321,0.78238,0.7828,1.00,1.00
2015.03.06 10:12:15.219,0.78239,0.7828,1.00,1.00
2015.03.06 10:12:15.489,0.78239,0.78281,1.00,1.75
2015.03.06 10:12:16.683,0.78239,0.78284,1.00,1.75
2015.03.06 10:12:16.783,0.78234,0.78274,1.00,1.75
2015.03.06 10:12:16.884,0.78238,0.78276,1.00,1.75
2015.03.06 10:12:16.985,0.78235,0.78273,1.00,1.50
2015.03.06 10:12:17.184,0.78235,0.78273,1.00,1.75
2015.03.06 10:12:17.308,0.78235,0.78273,1.00,1.00
2015.03.06 10:12:17.477,0.78235,0.7827,1.00,1.00
2015.03.06 10:12:17.527,0.78232,0.7827,1.00,1.50
2015.03.06 10:12:19.426,0.78232,0.7827,1.00,3.00
2015.03.06 10:12:19.526,0.78229,0.78265,1.00,1.37
2015.03.06 10:12:19.627,0.78226,0.78264,1.00,1.37
2015.03.06 10:12:19.677,0.78226,0.7826,1.00,1.00
2015.03.06 10:12:19.828,0.78212,0.7826,1.00,3.00
2015.03.06 10:12:20.037,0.78212,0.7825,1.00,1.75
2015.03.06 10:12:20.088,0.78209,0.7825,1.00,1.75
2015.03.06 10:12:20.191,0.78209,0.7825,1.00,1.00
2015.03.06 10:12:20.387,0.78213,0.7825,1.00,1.00
2015.03.06 10:12:20.488,0.78212,0.78252,1.00,1.00
2015.03.06 10:12:20.848,0.78211,0.78249,1.00,1.00
2015.03.06 10:12:21.219,0.78213,0.7825,1.00,1.00
2015.03.06 10:12:21.729,0.78213,0.78251,1.00,1.00
2015.03.06 10:12:22.059,0.78213,0.78251,1.00,1.75
2015.03.06 10:12:22.389,0.78215,0.78253,1.00,1.75
2015.03.06 10:12:23.499,0.78215,0.78253,1.00,1.37
2015.03.06 10:12:23.599,0.78213,0.78251,1.00,1.12
2015.03.06 10:12:24.942,0.78216,0.78254,1.00,1.75
2015.03.06 10:12:25.117,0.78217,0.78255,1.00,1.75
2015.03.06 10:12:25.450,0.7822,0.78258,1.00,1.75
2015.03.06 10:12:25.651,0.7822,0.78258,1.00,1.75
2015.03.06 10:12:25.779,0.78216,0.78254,1.00,1.37
2015.03.06 10:12:25.830,0.78216,0.78254,1.00,1.75
2015.03.06 10:12:25.880,0.7821,0.7825,1.00,1.37
2015.03.06 10:12:26.031,0.7821,0.7825,1.50,1.00
2015.03.06 10:12:26.131,0.78217,0.78255,1.00,1.00
2015.03.06 10:12:26.498,0.78213,0.78251,1.00,1.50
2015.03.06 10:12:26.920,0.78209,0.78247,1.00,1.00
2015.03.06 10:12:27.512,0.78209,0.78247,1.00,1.37
2015.03.06 10:12:28.970,0.78209,0.78247,1.00,1.00
2015.03.06 10:12:29.423,0.78209,0.78244,1.00,1.00
2015.03.06 10:12:29.724,0.78204,0.7824,1.00,1.37
2015.03.06 10:12:30.238,0.78202,0.78235,1.00,1.00
2015.03.06 10:12:31.079,0.78202,0.78235,1.00,1.37
2015.03.06 10:12:31.232,0.782,0.78235,1.00,1.37
2015.03.06 10:12:31.283,0.78202,0.78235,1.00,1.37
2015.03.06 10:12:31.947,0.78202,0.7823,1.00,1.00
2015.03.06 10:12:32.190,0.78202,0.78235,1.00,1.00
2015.03.06 10:12:32.426,0.78202,0.7823,1.00,1.00
2015.03.06 10:12:32.617,0.78202,0.78235,1.00,1.00
2015.03.06 10:12:33.043,0.78202,0.78235,1.00,1.37
2015.03.06 10:12:33.377,0.78202,0.7823,1.00,1.00
2015.03.06 10:12:33.598,0.782,0.7823,1.00,1.12
2015.03.06 10:12:36.507,0.782,0.78231,1.00,1.00
2015.03.06 10:12:37.025,0.782,0.78235,1.00,1.37
2015.03.06 10:12:37.887,0.782,0.7823,1.00,1.00
2015.03.06 10:12:38.006,0.78201,0.78235,1.00,1.37
2015.03.06 10:12:38.107,0.78201,0.78235,1.00,1.50
2015.03.06 10:12:38.258,0.78201,0.78235,1.00,1.37
2015.03.06 10:12:38.437,0.78201,0.7823,1.00,1.00
2015.03.06 10:12:38.989,0.78201,0.78235,1.00,1.37
2015.03.06 10:12:39.868,0.78201,0.7823,1.00,1.00
2015.03.06 10:12:43.717,0.78201,0.78225,1.00,1.00
2015.03.06 10:12:43.767,0.78201,0.78236,1.00,1.75
2015.03.06 10:12:43.868,0.78197,0.7823,1.00,1.12
2015.03.06 10:12:43.918,0.78197,0.7823,1.00,1.37
2015.03.06 10:12:44.131,0.78193,0.78231,1.00,3.00
2015.03.06 10:12:44.231,0.78193,0.78225,1.00,1.37
2015.03.06 10:12:44.282,0.78191,0.78225,1.00,1.37
2015.03.06 10:12:44.537,0.78191,0.78225,1.00,1.75
2015.03.06 10:12:44.587,0.78187,0.78225,1.00,3.00
2015.03.06 10:12:44.638,0.78187,0.7822,1.00,1.37
2015.03.06 10:12:44.688,0.78181,0.78219,1.00,1.37
2015.03.06 10:12:44.798,0.78181,0.78219,1.00,1.00
2015.03.06 10:12:45.477,0.78181,0.78215,1.00,1.00
2015.03.06 10:12:45.588,0.78181,0.78219,1.00,1.00
2015.03.06 10:12:47.322,0.7818,0.78212,1.00,1.00
2015.03.06 10:12:47.669,0.7817,0.78197,1.00,1.00
2015.03.06 10:12:48.186,0.7817,0.78198,1.00,1.00
2015.03.06 10:12:48.566,0.78175,0.78198,1.00,1.00
2015.03.06 10:12:48.667,0.78175,0.782,1.00,1.00
2015.03.06 10:12:49.009,0.78175,0.78202,1.12,1.00
2015.03.06 10:12:49.110,0.7818,0.78205,1.00,1.00
2015.03.06 10:12:49.530,0.78175,0.78205,1.00,1.00
2015.03.06 10:12:49.580,0.7818,0.78205,1.00,1.00
2015.03.06 10:12:49.905,0.78174,0.78205,1.37,1.00
2015.03.06 10:12:49.986,0.7818,0.78205,1.00,1.00
2015.03.06 10:12:50.326,0.78179,0.78209,1.00,1.00
2015.03.06 10:12:50.566,0.78185,0.78209,1.00,1.00
2015.03.06 10:12:50.812,0.78179,0.78209,1.12,1.00
2015.03.06 10:12:52.070,0.7818,0.78209,1.00,1.00
2015.03.06 10:12:52.121,0.78184,0.78209,1.00,1.00
2015.03.06 10:12:52.630,0.78185,0.78209,1.00,1.00
2015.03.06 10:12:52.771,0.7818,0.78209,1.00,1.00
2015.03.06 10:12:53.371,0.7818,0.78213,1.00,1.00
2015.03.06 10:12:53.422,0.78185,0.78213,1.00,1.00
2015.03.06 10:12:53.481,0.78185,0.78217,1.00,1.00
2015.03.06 10:12:53.592,0.78185,0.78214,1.00,1.00
2015.03.06 10:12:53.865,0.7818,0.78214,1.37,1.00
2015.03.06 10:12:53.946,0.78185,0.78214,1.00,1.00
2015.03.06 10:12:54.091,0.7818,0.78214,1.37,1.00
2015.03.06 10:12:54.169,0.78184,0.78214,1.00,1.00
2015.03.06 10:12:54.477,0.7819,0.78217,1.00,1.00
2015.03.06 10:12:54.528,0.78185,0.78217,1.37,1.00
2015.03.06 10:12:54.937,0.7819,0.78217,1.00,1.00
2015.03.06 10:12:55.082,0.78185,0.78217,1.37,1.00
2015.03.06 10:12:55.741,0.7819,0.78217,1.00,1.00
2015.03.06 10:12:55.937,0.7819,0.78219,1.00,1.00
2015.03.06 10:12:56.275,0.78185,0.78219,1.37,1.00
2015.03.06 10:12:57.852,0.78185,0.78219,1.37,1.00
2015.03.06 10:12:58.281,0.78182,0.7822,1.75,1.00
2015.03.06 10:12:58.902,0.78185,0.78222,1.50,1.00
2015.03.06 10:12:59.350,0.78182,0.7822,1.75,1.00
2015.03.06 10:12:59.452,0.78185,0.7822,1.37,1.00
2015.03.06 10:12:59.738,0.78185,0.7822,1.75,1.00
2015.03.06 10:13:00.098,0.78184,0.78222,3.00,1.00
2015.03.06 10:13:00.267,0.7819,0.78222,1.37,1.00
2015.03.06 10:13:00.317,0.7819,0.78225,1.37,1.00
2015.03.06 10:13:00.418,0.7819,0.78228,1.37,1.00
2015.03.06 10:13:00.986,0.7819,0.78228,1.37,1.00
2015.03.06 10:13:01.648,0.78195,0.78228,1.00,1.00
2015.03.06 10:13:01.976,0.78195,0.78225,1.00,1.00
2015.03.06 10:13:02.416,0.78189,0.78225,1.37,1.00
2015.03.06 10:13:03.087,0.78195,0.78225,1.00,1.00
2015.03.06 10:13:03.736,0.7819,0.78225,1.37,1.00
2015.03.06 10:13:04.067,0.78195,0.78225,1.00,1.00
2015.03.06 10:13:04.728,0.78194,0.78225,1.00,1.00
2015.03.06 10:13:04.957,0.7819,0.78228,1.75,1.00
2015.03.06 10:13:05.957,0.78195,0.78228,1.37,1.00
2015.03.06 10:13:08.560,0.7819,0.78228,1.75,1.00
2015.03.06 10:13:08.892,0.7819,0.78232,1.75,1.00
2015.03.06 10:13:09.448,0.78197,0.78235,1.37,1.00
2015.03.06 10:13:09.567,0.78197,0.78239,1.37,1.37
2015.03.06 10:13:10.076,0.78195,0.78242,1.50,1.37
2015.03.06 10:13:10.367,0.78195,0.78242,1.75,1.37
2015.03.06 10:13:10.966,0.78195,0.78244,1.87,1.37
2015.03.06 10:13:11.016,0.78195,0.7824,1.87,1.00
2015.03.06 10:13:11.356,0.78195,0.78244,3.00,1.37
2015.03.06 10:13:11.497,0.78195,0.7824,3.00,1.37
2015.03.06 10:13:11.548,0.78195,0.78232,1.50,1.00
2015.03.06 10:13:11.598,0.78194,0.78232,1.00,1.00
2015.03.06 10:13:11.649,0.78192,0.78235,1.12,1.37
2015.03.06 10:13:11.699,0.78195,0.78237,1.37,1.00
2015.03.06 10:13:12.020,0.78198,0.7824,1.37,1.37
2015.03.06 10:13:12.121,0.78196,0.78244,1.37,1.37
2015.03.06 10:13:12.171,0.78196,0.78244,1.75,1.37
2015.03.06 10:13:14.077,0.78199,0.78251,1.75,1.50
2015.03.06 10:13:14.196,0.7821,0.78255,1.00,3.00
2015.03.06 10:13:14.439,0.78205,0.78255,1.37,3.00
2015.03.06 10:13:14.600,0.78205,0.78252,1.75,1.37
2015.03.06 10:13:14.907,0.78212,0.78252,1.37,1.00
2015.03.06 10:13:14.957,0.78212,0.78257,1.37,1.37
2015.03.06 10:13:15.008,0.78212,0.7825,1.00,1.37
2015.03.06 10:13:15.058,0.78207,0.78247,1.37,1.12
2015.03.06 10:13:15.270,0.78212,0.7825,1.00,1.37
2015.03.06 10:13:15.377,0.78212,0.7825,1.00,1.00
2015.03.06 10:13:15.760,0.78215,0.7825,1.00,1.00
2015.03.06 10:13:15.820,0.78215,0.78252,1.00,1.00
2015.03.06 10:13:16.465,0.7822,0.78258,1.00,1.00
2015.03.06 10:13:17.250,0.78222,0.7826,1.00,1.50
2015.03.06 10:13:18.098,0.78222,0.7826,1.00,1.87
2015.03.06 10:13:18.249,0.78216,0.78256,1.37,1.00
2015.03.06 10:13:18.299,0.7822,0.78256,1.00,1.00
2015.03.06 10:13:18.819,0.78219,0.78257,1.37,1.00
2015.03.06 10:13:18.928,0.78219,0.78257,1.12,1.00
2015.03.06 10:13:19.916,0.78218,0.78256,1.12,1.00
2015.03.06 10:13:21.594,0.78218,0.78256,1.37,1.00
2015.03.06 10:13:22.296,0.78218,0.78256,1.00,1.37
2015.03.06 10:13:22.919,0.78218,0.78256,1.00,1.37
2015.03.06 10:13:23.548,0.78215,0.78253,1.00,1.37
2015.03.06 10:13:23.660,0.78215,0.7825,1.00,1.00
2015.03.06 10:13:23.899,0.78212,0.78252,1.37,1.12
2015.03.06 10:13:24.013,0.78212,0.7825,1.37,1.00
2015.03.06 10:13:24.984,0.78216,0.78254,1.37,1.00
2015.03.06 10:13:25.034,0.78218,0.78256,1.12,1.50
2015.03.06 10:13:25.858,0.78218,0.78255,1.12,1.00
2015.03.06 10:13:26.530,0.78218,0.78256,1.12,1.00
2015.03.06 10:13:27.338,0.78218,0.78256,1.00,1.37
2015.03.06 10:13:27.946,0.78218,0.78256,1.37,1.50
2015.03.06 10:13:28.618,0.78218,0.78255,1.37,1.00
2015.03.06 10:13:30.642,0.78221,0.78255,1.00,1.00
2015.03.06 10:13:31.139,0.78222,0.78261,1.12,1.37
2015.03.06 10:13:33.337,0.78222,0.78255,1.12,1.00
2015.03.06 10:13:33.470,0.78217,0.78255,1.00,1.50
2015.03.06 10:13:33.667,0.78217,0.7825,1.37,1.00
2015.03.06 10:13:33.777,0.78213,0.7825,1.00,1.12
2015.03.06 10:13:33.884,0.78206,0.78246,1.00,1.00
2015.03.06 10:13:33.985,0.78213,0.7825,1.00,1.00
2015.03.06 10:13:34.237,0.78206,0.78244,1.00,1.00
2015.03.06 10:13:34.301,0.78212,0.7825,1.00,1.50
2015.03.06 10:13:34.655,0.78214,0.78251,1.00,1.00
2015.03.06 10:13:34.987,0.78215,0.78255,1.00,1.50
2015.03.06 10:13:35.318,0.78215,0.7825,1.00,1.00
2015.03.06 10:13:35.449,0.78221,0.78261,1.00,1.00
2015.03.06 10:13:35.550,0.78224,0.78262,1.00,1.00
2015.03.06 10:13:35.622,0.78221,0.78261,1.00,1.00
2015.03.06 10:13:35.672,0.7823,0.78261,1.00,1.00
2015.03.06 10:13:35.772,0.78229,0.78263,1.00,1.00
2015.03.06 10:13:35.873,0.7823,0.78273,1.00,1.00
2015.03.06 10:13:35.975,0.7823,0.78275,1.50,1.50
2015.03.06 10:13:36.126,0.78234,0.78278,1.00,1.00
2015.03.06 10:13:36.176,0.78234,0.78281,1.00,1.50
2015.03.06 10:13:36.307,0.78231,0.78276,1.00,1.00
2015.03.06 10:13:36.416,0.78234,0.78281,1.00,1.50
2015.03.06 10:13:36.746,0.78231,0.78275,1.00,1.00
2015.03.06 10:13:36.858,0.78234,0.78281,1.00,1.50
2015.03.06 10:13:37.110,0.78234,0.78281,1.37,3.00
2015.03.06 10:13:38.018,0.78235,0.78281,1.37,1.75
2015.03.06 10:13:38.221,0.78235,0.78281,1.37,1.37
2015.03.06 10:13:38.523,0.78235,0.7828,1.12,1.75
2015.03.06 10:13:38.834,0.78238,0.78279,1.12,1.37
2015.03.06 10:13:39.606,0.78238,0.78275,1.12,1.00
2015.03.06 10:13:39.716,0.78238,0.78279,1.12,1.12
2015.03.06 10:13:39.825,0.7824,0.7828,1.00,1.37
2015.03.06 10:13:40.158,0.78242,0.78283,1.37,1.37
2015.03.06 10:13:40.259,0.78242,0.78283,1.37,1.12
2015.03.06 10:13:40.359,0.78246,0.78284,1.00,1.37
2015.03.06 10:13:41.392,0.78258,0.78285,1.00,1.00
2015.03.06 10:13:42.356,0.78258,0.78286,1.00,1.00
2015.03.06 10:13:42.701,0.78258,0.7828,1.00,1.00
2015.03.06 10:13:42.910,0.78258,0.78285,1.00,1.00
2015.03.06 10:13:43.219,0.78261,0.78286,1.00,1.00
2015.03.06 10:13:43.359,0.78261,0.78291,1.00,1.37
2015.03.06 10:13:43.485,0.78261,0.78291,1.00,1.37
2015.03.06 10:13:43.570,0.78261,0.78285,1.00,1.00
2015.03.06 10:13:44.558,0.78261,0.78286,1.00,1.00
2015.03.06 10:13:45.289,0.78261,0.78285,1.00,1.00
2015.03.06 10:13:45.438,0.78261,0.7829,1.00,1.12
2015.03.06 10:13:47.083,0.78261,0.7829,1.00,1.37
2015.03.06 10:13:47.626,0.78261,0.7829,1.00,1.37
2015.03.06 10:13:48.497,0.78261,0.78285,1.00,1.00
2015.03.06 10:13:48.626,0.78261,0.7829,1.00,1.37
2015.03.06 10:13:51.847,0.78261,0.78291,1.00,1.37
2015.03.06 10:13:58.806,0.78261,0.78295,1.00,1.75
2015.03.06 10:13:58.988,0.78263,0.78295,1.00,1.50
2015.03.06 10:13:59.372,0.78263,0.78295,1.00,1.75
2015.03.06 10:13:59.874,0.78263,0.78295,1.00,1.75
2015.03.06 10:14:00.040,0.7826,0.78295,1.00,1.75
2015.03.06 10:14:00.260,0.78258,0.78285,1.00,1.00
2015.03.06 10:14:00.372,0.78256,0.78286,1.00,1.00
2015.03.06 10:14:00.422,0.78256,0.78286,1.00,1.37
2015.03.06 10:14:00.479,0.78256,0.78286,1.00,1.37
2015.03.06 10:14:00.617,0.78247,0.78285,1.37,1.00
2015.03.06 10:14:00.768,0.78249,0.7828,1.37,1.00
2015.03.06 10:14:00.847,0.78249,0.78285,1.37,1.00
2015.03.06 10:14:01.276,0.7825,0.78281,1.37,1.00
2015.03.06 10:14:01.376,0.78235,0.78271,1.37,1.00
2015.03.06 10:14:01.477,0.78239,0.7827,1.00,1.00
2015.03.06 10:14:01.527,0.78239,0.78275,1.00,1.00
2015.03.06 10:14:01.628,0.78233,0.78265,1.00,1.00
2015.03.06 10:14:01.691,0.78225,0.78264,1.00,1.00
2015.03.06 10:14:01.742,0.78223,0.78261,1.12,1.00
2015.03.06 10:14:03.158,0.78225,0.7826,1.00,1.00
2015.03.06 10:14:03.340,0.78223,0.7826,1.12,1.00
2015.03.06 10:14:04.134,0.78223,0.7826,1.37,1.00
2015.03.06 10:14:04.361,0.78226,0.7826,1.00,1.00
2015.03.06 10:14:05.175,0.78226,0.78264,1.00,1.00
2015.03.06 10:14:05.615,0.7823,0.78264,1.00,1.00
2015.03.06 10:14:05.665,0.7823,0.78266,1.00,1.12
2015.03.06 10:14:06.223,0.7823,0.78265,1.00,1.00
2015.03.06 10:14:06.567,0.78235,0.78266,1.00,1.00
2015.03.06 10:14:09.256,0.7823,0.78266,1.00,1.00
2015.03.06 10:14:09.415,0.7823,0.78264,1.00,1.00
2015.03.06 10:14:10.745,0.78226,0.7826,1.37,1.00
2015.03.06 10:14:10.965,0.78226,0.78264,1.37,1.00
2015.03.06 10:14:11.295,0.7823,0.78264,1.00,1.00
2015.03.06 10:14:11.845,0.78226,0.78264,1.37,1.00
2015.03.06 10:14:14.033,0.78226,0.7826,1.37,1.00
2015.03.06 10:14:14.084,0.78226,0.78264,1.37,1.00
2015.03.06 10:14:14.925,0.78226,0.7826,1.37,1.00
2015.03.06 10:14:15.440,0.78234,0.7826,1.00,1.00
2015.03.06 10:14:16.101,0.78237,0.7826,1.00,1.00
2015.03.06 10:14:16.152,0.78237,0.78265,1.00,1.00
2015.03.06 10:14:16.249,0.78237,0.7826,1.00,1.00
2015.03.06 10:14:16.386,0.78237,0.78265,1.00,1.00
2015.03.06 10:14:16.577,0.78237,0.7826,1.00,1.00
2015.03.06 10:14:17.235,0.78237,0.78265,1.00,1.00
2015.03.06 10:14:19.535,0.78237,0.7826,1.00,1.00
2015.03.06 10:14:19.985,0.78237,0.78265,1.00,1.00
2015.03.06 10:14:20.210,0.78237,0.78261,1.00,1.00
2015.03.06 10:14:20.504,0.78234,0.78261,1.00,1.00
2015.03.06 10:14:20.555,0.78234,0.7826,1.00,1.75
2015.03.06 10:14:20.767,0.78212,0.7824,1.00,1.00
2015.03.06 10:14:20.869,0.78208,0.7824,1.00,1.00
2015.03.06 10:14:21.050,0.78205,0.78241,1.00,1.00
2015.03.06 10:14:21.206,0.78203,0.78241,1.00,1.00
2015.03.06 10:14:21.380,0.78208,0.7824,1.00,1.00
2015.03.06 10:14:22.056,0.78208,0.78241,1.00,1.00
2015.03.06 10:14:22.386,0.78208,0.78241,1.00,1.37
2015.03.06 10:14:26.250,0.78208,0.7824,1.00,1.37
2015.03.06 10:14:26.553,0.78207,0.78231,1.00,1.00
2015.03.06 10:14:26.705,0.78204,0.7823,1.00,1.00
2015.03.06 10:14:32.195,0.78204,0.78231,1.00,1.00
2015.03.06 10:14:33.077,0.78204,0.7823,1.00,1.00
2015.03.06 10:14:33.433,0.78204,0.78225,1.00,1.00
2015.03.06 10:14:33.484,0.78202,0.78225,1.00,1.00
2015.03.06 10:14:33.639,0.78202,0.7823,1.00,1.00
2015.03.06 10:14:33.740,0.78202,0.78226,1.00,1.00
2015.03.06 10:14:34.248,0.78202,0.78225,1.00,1.00
2015.03.06 10:14:35.880,0.78202,0.7823,1.00,1.00
2015.03.06 10:14:36.779,0.78206,0.7823,1.00,1.00
2015.03.06 10:14:37.375,0.78208,0.7824,1.00,1.37
2015.03.06 10:14:37.475,0.78209,0.78241,1.00,1.00
2015.03.06 10:14:37.855,0.78209,0.78235,1.00,1.00
2015.03.06 10:14:37.915,0.78209,0.7824,1.00,1.00
2015.03.06 10:14:38.245,0.78209,0.78245,1.00,1.37
2015.03.06 10:14:38.576,0.78209,0.7824,1.00,1.00
2015.03.06 10:14:39.062,0.78209,0.78245,1.00,1.37
2015.03.06 10:14:39.128,0.78209,0.7824,1.00,1.00
2015.03.06 10:14:39.869,0.78212,0.7824,1.00,1.00
2015.03.06 10:14:40.080,0.7821,0.7824,1.00,1.00
2015.03.06 10:14:46.396,0.7821,0.78235,1.00,1.00
2015.03.06 10:14:48.365,0.7821,0.78241,1.00,1.37
2015.03.06 10:14:48.809,0.7821,0.78235,1.00,1.00
2015.03.06 10:14:49.906,0.7821,0.7823,1.00,1.00
2015.03.06 10:14:50.089,0.78207,0.7823,1.00,1.00
2015.03.06 10:14:51.960,0.78206,0.7823,1.00,1.00
2015.03.06 10:14:52.624,0.78206,0.78231,1.00,1.00
2015.03.06 10:14:53.545,0.78202,0.7823,1.00,1.12
2015.03.06 10:14:54.087,0.78203,0.7823,1.00,1.00
2015.03.06 10:14:55.409,0.78203,0.78235,1.00,1.37
2015.03.06 10:14:55.459,0.78203,0.78235,1.00,1.37
2015.03.06 10:14:55.663,0.78203,0.78235,1.00,1.37
2015.03.06 10:14:55.786,0.78203,0.78231,1.00,1.00
2015.03.06 10:14:56.406,0.78203,0.7823,1.00,1.00
2015.03.06 10:14:56.666,0.78193,0.7823,1.37,1.00
2015.03.06 10:14:56.889,0.7819,0.78224,1.50,1.00
2015.03.06 10:15:01.340,0.7819,0.78224,1.75,1.00
2015.03.06 10:15:02.859,0.78194,0.78227,1.37,1.00
2015.03.06 10:15:03.607,0.782,0.78227,1.00,1.00
2015.03.06 10:15:04.765,0.78199,0.78227,1.00,1.00
2015.03.06 10:15:05.099,0.78195,0.78227,1.37,1.00
2015.03.06 10:15:05.210,0.782,0.78227,1.00,1.00
2015.03.06 10:15:05.567,0.78195,0.78227,1.37,1.00
2015.03.06 10:15:05.670,0.78196,0.78235,1.37,1.12
2015.03.06 10:15:05.871,0.78199,0.78236,1.00,1.37
2015.03.06 10:15:06.417,0.782,0.78235,1.00,1.00
2015.03.06 10:15:06.729,0.78196,0.7823,1.37,1.00
2015.03.06 10:15:07.078,0.78196,0.78236,1.37,1.50
2015.03.06 10:15:08.548,0.782,0.78235,1.00,1.00
2015.03.06 10:15:09.167,0.78196,0.78235,1.37,1.00
2015.03.06 10:15:09.606,0.782,0.78235,1.00,1.00
2015.03.06 10:15:28.663,0.782,0.78228,1.00,1.00
2015.03.06 10:15:28.774,0.782,0.78233,1.00,1.00
2015.03.06 10:15:28.995,0.78224,0.78235,1.00,1.00
2015.03.06 10:15:30.644,0.78222,0.78235,1.00,1.00
2015.03.06 10:15:30.756,0.78219,0.78235,1.00,1.00
2015.03.06 10:15:30.910,0.78218,0.78235,1.00,1.37
2015.03.06 10:15:30.963,0.78218,0.78235,1.00,1.00
2015.03.06 10:15:31.836,0.78217,0.78235,1.12,1.00
2015.03.06 10:15:32.399,0.78218,0.78235,1.00,1.00
2015.03.06 10:15:32.515,0.7822,0.78235,1.00,1.00
2015.03.06 10:15:32.819,0.7822,0.78235,1.37,1.00
2015.03.06 10:15:34.354,0.7822,0.78235,1.37,1.00
2015.03.06 10:15:34.601,0.78218,0.78235,1.12,1.00
2015.03.06 10:15:35.188,0.78217,0.78235,1.12,1.00
2015.03.06 10:15:40.253,0.78217,0.78235,1.37,1.00
2015.03.06 10:15:41.012,0.78217,0.78235,1.37,1.00
2015.03.06 10:15:47.444,0.78217,0.78236,1.37,1.00
2015.03.06 10:15:48.217,0.78217,0.78235,1.37,1.00
2015.03.06 10:15:48.549,0.78217,0.78225,1.37,1.00
2015.03.06 10:15:48.659,0.78217,0.78231,1.37,1.00
2015.03.06 10:15:48.885,0.78217,0.78256,1.37,1.12
2015.03.06 10:15:50.236,0.78217,0.78255,1.37,1.00
2015.03.06 10:15:50.305,0.7822,0.78255,1.00,1.00
2015.03.06 10:15:51.871,0.78217,0.78255,1.37,1.00
2015.03.06 10:15:52.395,0.78217,0.78255,1.37,1.00
2015.03.06 10:15:52.616,0.7822,0.78257,1.00,1.00
2015.03.06 10:15:52.749,0.78217,0.78255,1.37,1.00
2015.03.06 10:15:52.800,0.78217,0.78255,1.12,1.00
2015.03.06 10:15:52.850,0.7822,0.78255,1.00,1.00
2015.03.06 10:15:53.157,0.78222,0.78255,1.12,1.00
2015.03.06 10:15:53.386,0.78222,0.7826,1.12,1.87
2015.03.06 10:15:58.554,0.78225,0.7826,1.00,1.50
2015.03.06 10:15:59.925,0.78225,0.78262,1.00,1.00
2015.03.06 10:16:00.485,0.78225,0.78262,1.37,1.00
2015.03.06 10:16:02.075,0.78225,0.7826,1.37,1.00
2015.03.06 10:16:03.177,0.78225,0.78262,1.37,1.00
2015.03.06 10:16:04.274,0.7823,0.78262,1.00,1.00
2015.03.06 10:16:04.494,0.78224,0.78262,1.87,1.00
2015.03.06 10:16:06.029,0.78221,0.78259,1.37,1.00
2015.03.06 10:16:06.079,0.78225,0.78259,1.00,1.00
2015.03.06 10:16:06.382,0.78221,0.78259,1.00,1.00
2015.03.06 10:16:06.804,0.78221,0.78255,1.00,1.00
2015.03.06 10:16:07.037,0.78221,0.78259,1.00,1.00
2015.03.06 10:16:07.246,0.78221,0.78255,1.00,1.00
2015.03.06 10:16:07.698,0.78221,0.78259,1.00,1.00
2015.03.06 10:16:08.565,0.78221,0.78255,1.00,1.00
2015.03.06 10:16:12.747,0.78224,0.78259,1.00,1.00
2015.03.06 10:16:13.297,0.78225,0.78259,1.00,1.00
2015.03.06 10:16:14.403,0.78225,0.78259,1.00,1.37
2015.03.06 10:16:14.716,0.78225,0.78254,1.00,1.12
2015.03.06 10:16:14.767,0.7822,0.78254,1.00,1.12
2015.03.06 10:16:14.817,0.7822,0.78254,1.00,1.37
2015.03.06 10:16:14.868,0.78215,0.78249,1.00,1.00
2015.03.06 10:16:15.406,0.7821,0.78248,1.87,1.00
2015.03.06 10:16:15.509,0.7821,0.78245,1.50,1.00
2015.03.06 10:16:15.610,0.78207,0.78245,1.12,1.50
2015.03.06 10:16:15.660,0.78205,0.78243,1.87,1.00
2015.03.06 10:16:15.711,0.78205,0.78243,1.87,1.00
2015.03.06 10:16:15.761,0.78209,0.78244,1.00,1.12
2015.03.06 10:16:16.046,0.78206,0.78244,1.00,1.37
2015.03.06 10:16:16.209,0.78206,0.78244,1.00,1.12
2015.03.06 10:16:16.704,0.78206,0.7824,1.00,1.00
2015.03.06 10:16:16.926,0.78209,0.78244,1.00,1.12
2015.03.06 10:16:17.145,0.78206,0.78244,1.00,1.12
2015.03.06 10:16:17.256,0.78206,0.7824,1.00,1.00
2015.03.06 10:16:18.092,0.78205,0.78237,1.12,1.00
2015.03.06 10:16:19.583,0.78204,0.78237,1.12,1.00
2015.03.06 10:16:20.886,0.78205,0.78237,1.00,1.00
2015.03.06 10:16:22.205,0.7821,0.78237,1.00,1.00
2015.03.06 10:16:22.796,0.78205,0.78237,1.12,1.00
2015.03.06 10:16:27.384,0.782,0.78237,1.37,1.00
2015.03.06 10:16:27.814,0.78205,0.78237,1.00,1.00
2015.03.06 10:16:28.526,0.78205,0.78235,1.00,1.00
2015.03.06 10:16:29.028,0.78199,0.78235,1.37,1.00
2015.03.06 10:16:29.359,0.78205,0.78235,1.00,1.00
2015.03.06 10:16:32.264,0.78204,0.78235,1.00,1.00
2015.03.06 10:16:32.854,0.78205,0.78235,1.00,1.00
2015.03.06 10:16:35.228,0.782,0.78235,1.37,1.00
2015.03.06 10:16:35.446,0.782,0.78231,1.37,1.00
2015.03.06 10:16:36.802,0.782,0.78231,1.37,1.00
2015.03.06 10:16:36.903,0.782,0.78233,1.37,1.00
2015.03.06 10:16:37.303,0.782,0.78233,1.00,1.00
2015.03.06 10:16:37.545,0.782,0.78231,1.00,1.00
2015.03.06 10:16:38.265,0.78199,0.78231,1.12,1.00
2015.03.06 10:16:39.109,0.78199,0.78231,1.37,1.00
2015.03.06 10:16:39.209,0.78205,0.78234,1.00,1.00
2015.03.06 10:16:39.805,0.7821,0.78234,1.00,1.00
2015.03.06 10:16:39.856,0.7821,0.78237,1.00,1.00
2015.03.06 10:16:40.244,0.78205,0.78237,1.00,1.00
2015.03.06 10:16:42.443,0.78209,0.78237,1.00,1.00
2015.03.06 10:16:42.554,0.78205,0.78237,1.00,1.00
2015.03.06 10:16:42.775,0.7821,0.78237,1.00,1.00
2015.03.06 10:16:43.435,0.78205,0.78237,1.00,1.00
2015.03.06 10:16:43.985,0.7821,0.78237,1.00,1.00
2015.03.06 10:16:44.647,0.78209,0.78237,1.00,1.00
2015.03.06 10:16:45.211,0.7821,0.78237,1.00,1.00
2015.03.06 10:16:45.355,0.78209,0.78239,1.37,1.00
2015.03.06 10:16:45.413,0.78215,0.78239,1.00,1.00
2015.03.06 10:16:45.464,0.78215,0.78241,1.00,1.00
2015.03.06 10:16:45.923,0.78214,0.78245,1.00,1.00
2015.03.06 10:16:46.514,0.78215,0.78245,1.00,1.00
2015.03.06 10:16:47.724,0.7821,0.78245,1.37,1.00
2015.03.06 10:16:47.834,0.78215,0.78245,1.00,1.00
2015.03.06 10:16:48.513,0.78214,0.78245,1.00,1.00
2015.03.06 10:16:49.156,0.78215,0.78245,1.00,1.00
2015.03.06 10:16:50.186,0.78215,0.78243,1.00,1.00
2015.03.06 10:16:50.414,0.78205,0.78242,1.50,1.00
2015.03.06 10:16:50.514,0.78205,0.78239,1.37,1.00
2015.03.06 10:16:50.677,0.78204,0.78237,1.00,1.00
2015.03.06 10:16:50.727,0.782,0.78235,1.37,1.00
2015.03.06 10:16:51.546,0.78205,0.78235,1.00,1.00
2015.03.06 10:16:52.461,0.78199,0.78235,1.37,1.00
2015.03.06 10:16:53.003,0.78204,0.78235,1.00,1.00
2015.03.06 10:16:53.556,0.782,0.78235,1.37,1.00
2015.03.06 10:16:53.665,0.78205,0.78235,1.00,1.00
2015.03.06 10:16:54.327,0.782,0.78235,1.37,1.00
2015.03.06 10:16:54.378,0.782,0.78238,1.37,1.00
2015.03.06 10:16:54.481,0.782,0.78232,1.37,1.00
2015.03.06 10:16:54.985,0.78195,0.78231,1.75,1.00
2015.03.06 10:16:55.191,0.78194,0.78231,1.50,1.00
2015.03.06 10:16:55.973,0.782,0.78231,1.00,1.00
2015.03.06 10:16:56.514,0.78195,0.78231,1.37,1.00
2015.03.06 10:16:57.946,0.782,0.78236,1.37,1.00
2015.03.06 10:16:58.972,0.782,0.78236,1.37,1.00
2015.03.06 10:16:59.083,0.78198,0.78236,1.75,1.00
2015.03.06 10:16:59.360,0.782,0.78236,1.37,1.00
2015.03.06 10:16:59.913,0.782,0.78236,1.37,1.00
2015.03.06 10:17:02.103,0.782,0.78236,1.75,1.00
2015.03.06 10:17:04.504,0.782,0.78236,1.00,1.00
2015.03.06 10:17:04.556,0.78198,0.78235,1.00,1.00
2015.03.06 10:17:04.608,0.78195,0.78233,1.87,1.00
2015.03.06 10:17:04.935,0.782,0.78236,1.37,1.00
2015.03.06 10:17:06.866,0.782,0.78235,1.37,1.00
2015.03.06 10:17:08.795,0.78199,0.78236,1.75,1.50
2015.03.06 10:17:09.682,0.78196,0.78236,1.75,1.00
2015.03.06 10:17:10.684,0.782,0.78236,1.37,1.00
2015.03.06 10:17:11.098,0.782,0.78236,1.75,1.00
2015.03.06 10:17:12.699,0.78205,0.78236,1.37,1.00
2015.03.06 10:17:14.227,0.782,0.78236,1.75,1.00
2015.03.06 10:17:19.800,0.782,0.78236,1.37,1.00
2015.03.06 10:17:19.901,0.78199,0.78236,1.75,1.00
2015.03.06 10:17:20.504,0.78205,0.78237,1.12,1.00
2015.03.06 10:17:21.175,0.78204,0.78237,1.37,1.00
2015.03.06 10:17:21.833,0.7821,0.78237,1.00,1.00
2015.03.06 10:17:23.262,0.78205,0.78237,1.37,1.00
2015.03.06 10:17:24.993,0.78205,0.78237,1.37,1.00
2015.03.06 10:17:25.414,0.78205,0.78237,1.00,1.00
2015.03.06 10:17:25.515,0.78205,0.78237,1.37,1.00
2015.03.06 10:17:31.126,0.782,0.78237,1.75,1.00
2015.03.06 10:17:31.968,0.78206,0.78241,1.37,1.00
2015.03.06 10:17:32.063,0.78206,0.78244,1.37,1.00
2015.03.06 10:17:32.863,0.78208,0.78245,1.12,1.12
2015.03.06 10:17:33.713,0.78208,0.7824,1.12,1.00
2015.03.06 10:17:35.477,0.78208,0.78246,1.12,1.87
2015.03.06 10:17:36.242,0.78208,0.78246,1.12,1.12
2015.03.06 10:17:36.738,0.78208,0.78246,1.00,1.87
2015.03.06 10:17:37.080,0.78205,0.78243,1.87,1.00
2015.03.06 10:17:37.562,0.78205,0.7824,1.37,1.00
2015.03.06 10:17:37.893,0.78205,0.78243,1.87,1.00
2015.03.06 10:17:38.442,0.78205,0.7824,1.37,1.00
2015.03.06 10:17:40.184,0.78205,0.7824,1.37,1.00
2015.03.06 10:17:40.235,0.78205,0.78243,1.37,1.00
2015.03.06 10:17:41.292,0.78205,0.78243,1.37,1.00
2015.03.06 10:17:42.512,0.78205,0.7824,1.37,1.00
2015.03.06 10:17:42.734,0.78205,0.78243,1.37,1.00
2015.03.06 10:17:42.784,0.78207,0.78245,1.37,1.00
2015.03.06 10:17:43.666,0.78207,0.78245,1.37,1.50
2015.03.06 10:17:44.068,0.78209,0.78247,1.37,1.12
2015.03.06 10:17:46.916,0.78211,0.78245,1.37,1.00
2015.03.06 10:17:47.091,0.78211,0.78245,1.12,1.00
2015.03.06 10:17:48.566,0.78211,0.78246,1.12,1.00
2015.03.06 10:17:48.675,0.78211,0.7825,1.12,1.37
2015.03.06 10:17:48.783,0.78214,0.7825,1.00,1.00
2015.03.06 10:17:48.833,0.78217,0.78255,1.00,1.00
2015.03.06 10:17:49.553,0.78217,0.7825,1.00,1.00
2015.03.06 10:17:49.662,0.78217,0.78255,1.00,1.50
2015.03.06 10:17:50.420,0.78217,0.78255,1.37,1.50
2015.03.06 10:17:50.647,0.78217,0.78255,1.37,1.00
2015.03.06 10:17:51.095,0.78217,0.78251,1.37,1.00
2015.03.06 10:17:51.530,0.78217,0.78251,1.00,1.00
2015.03.06 10:17:51.581,0.78215,0.7825,1.12,1.00
2015.03.06 10:17:51.682,0.78207,0.78249,1.37,1.12
2015.03.06 10:17:51.733,0.78207,0.78249,1.37,1.37
2015.03.06 10:17:51.984,0.78205,0.78245,1.12,1.37
2015.03.06 10:17:52.649,0.78205,0.78242,1.12,1.00
2015.03.06 10:17:53.199,0.78205,0.78245,1.87,1.87
2015.03.06 10:17:54.065,0.7821,0.78245,1.00,1.37
2015.03.06 10:17:54.284,0.78205,0.78245,1.37,1.12
2015.03.06 10:17:54.598,0.78205,0.78245,1.87,1.87
2015.03.06 10:17:55.492,0.7821,0.78245,1.50,1.00
2015.03.06 10:17:55.826,0.7821,0.78248,1.50,1.12
2015.03.06 10:17:56.373,0.7821,0.78245,1.50,1.00
2015.03.06 10:17:57.524,0.7821,0.78246,1.00,1.12
2015.03.06 10:17:57.856,0.78215,0.78248,1.00,1.12
2015.03.06 10:17:58.903,0.7821,0.78248,1.50,1.12
2015.03.06 10:18:02.939,0.78215,0.78248,1.00,1.12
2015.03.06 10:18:05.172,0.7821,0.78248,1.50,1.12
2015.03.06 10:18:05.392,0.7821,0.78245,1.50,1.00
2015.03.06 10:18:06.213,0.7821,0.78246,1.00,1.00
2015.03.06 10:18:06.686,0.78205,0.7824,1.00,1.00
2015.03.06 10:18:06.991,0.78201,0.7824,1.37,1.12
2015.03.06 10:18:07.091,0.782,0.78238,1.87,1.00
2015.03.06 10:18:07.412,0.78198,0.78235,1.00,1.37
2015.03.06 10:18:07.924,0.78198,0.7823,1.00,1.00
2015.03.06 10:18:09.574,0.78198,0.78235,1.00,1.37
2015.03.06 10:18:10.821,0.78194,0.7823,1.12,1.00
2015.03.06 10:18:10.895,0.78195,0.78234,1.00,1.37
2015.03.06 10:18:14.083,0.78194,0.7823,1.12,1.00
2015.03.06 10:18:14.886,0.78193,0.7823,1.00,1.00
2015.03.06 10:18:15.649,0.78193,0.7823,1.00,1.37
2015.03.06 10:18:19.196,0.78193,0.7823,1.00,1.37
2015.03.06 10:18:19.246,0.7819,0.7823,1.00,1.37
2015.03.06 10:18:19.372,0.7819,0.78225,1.00,1.00
2015.03.06 10:18:19.523,0.78187,0.78225,1.00,1.37
2015.03.06 10:18:19.673,0.78187,0.78226,1.00,1.50
2015.03.06 10:18:20.192,0.7819,0.78226,1.00,1.37
2015.03.06 10:18:20.412,0.78192,0.78226,1.00,1.12
2015.03.06 10:18:20.755,0.78192,0.7823,1.00,1.87
2015.03.06 10:18:21.609,0.78195,0.7823,1.00,1.12
2015.03.06 10:18:22.359,0.78195,0.7823,1.00,1.87
2015.03.06 10:18:22.451,0.78192,0.7823,1.00,1.87
2015.03.06 10:18:23.061,0.78192,0.7823,1.00,1.12
2015.03.06 10:18:23.663,0.78192,0.7823,1.00,1.37
2015.03.06 10:18:24.064,0.78192,0.7823,1.00,1.00
2015.03.06 10:18:26.069,0.78192,0.7823,1.00,1.87
2015.03.06 10:18:26.119,0.78192,0.78225,1.00,1.00
2015.03.06 10:18:26.220,0.7819,0.78227,1.00,1.00
2015.03.06 10:18:27.073,0.78189,0.78227,1.00,1.00
2015.03.06 10:18:28.169,0.78191,0.78229,1.00,1.00
2015.03.06 10:18:28.874,0.78191,0.78229,1.00,1.37
2015.03.06 10:18:30.165,0.78191,0.78229,1.00,1.00
2015.03.06 10:18:30.775,0.78194,0.78229,1.00,1.00
2015.03.06 10:18:32.808,0.78191,0.78229,1.12,1.00
2015.03.06 10:18:32.903,0.78195,0.78229,1.00,1.00
2015.03.06 10:18:33.138,0.78191,0.78229,1.12,1.00
2015.03.06 10:18:33.468,0.78191,0.78225,1.12,1.00
2015.03.06 10:18:33.561,0.78191,0.78229,1.12,1.00
2015.03.06 10:18:35.534,0.78193,0.78226,1.00,1.00
2015.03.06 10:18:36.062,0.78193,0.78225,1.00,1.00
2015.03.06 10:18:36.318,0.78199,0.78235,1.12,1.00
2015.03.06 10:18:36.442,0.78203,0.78235,1.00,1.00
2015.03.06 10:18:36.643,0.78203,0.78242,1.12,1.12
2015.03.06 10:18:36.912,0.78205,0.78243,1.00,1.37
2015.03.06 10:18:37.467,0.78205,0.7824,1.00,1.00
2015.03.06 10:18:38.698,0.78205,0.7824,1.37,1.00
2015.03.06 10:18:39.031,0.78209,0.78241,1.00,1.00
2015.03.06 10:18:39.442,0.78211,0.7824,1.00,1.00
2015.03.06 10:18:39.750,0.78211,0.78245,1.00,1.00
2015.03.06 10:18:40.274,0.78211,0.78246,1.00,1.00
2015.03.06 10:18:40.933,0.78211,0.78245,1.00,1.00
2015.03.06 10:18:41.153,0.78211,0.7824,1.00,1.00
2015.03.06 10:18:41.374,0.78211,0.78245,1.00,1.00
2015.03.06 10:18:41.704,0.78211,0.7824,1.00,1.00
2015.03.06 10:18:42.033,0.78211,0.78245,1.00,1.00
2015.03.06 10:18:42.162,0.78211,0.7824,1.00,1.00
2015.03.06 10:18:42.262,0.78211,0.78245,1.00,1.00
2015.03.06 10:18:42.802,0.78211,0.78246,1.00,1.00
2015.03.06 10:18:43.161,0.78211,0.7824,1.00,1.00
2015.03.06 10:18:43.360,0.78211,0.78245,1.00,1.00
2015.03.06 10:18:43.463,0.78211,0.7824,1.00,1.00
2015.03.06 10:18:45.472,0.78211,0.78245,1.00,1.00
2015.03.06 10:18:46.451,0.78211,0.7824,1.00,1.00
2015.03.06 10:18:46.651,0.78211,0.78245,1.00,1.12
2015.03.06 10:18:47.893,0.78211,0.7825,1.00,1.37
2015.03.06 10:18:49.455,0.78211,0.78251,1.00,1.87
2015.03.06 10:18:50.192,0.78215,0.7825,1.00,1.37
2015.03.06 10:18:52.105,0.78211,0.7825,1.12,1.37
2015.03.06 10:18:52.747,0.78211,0.7825,1.00,1.37
2015.03.06 10:18:54.903,0.78215,0.7825,1.00,1.37
2015.03.06 10:18:58.019,0.78211,0.7825,1.00,1.37
2015.03.06 10:18:58.096,0.78215,0.7825,1.00,1.37
2015.03.06 10:18:58.350,0.78211,0.7825,1.00,1.37
2015.03.06 10:18:58.862,0.78214,0.78251,1.00,1.87
2015.03.06 10:18:59.411,0.78214,0.78251,1.00,1.87
2015.03.06 10:18:59.521,0.78211,0.78251,1.12,1.87
2015.03.06 10:18:59.742,0.78215,0.7825,1.00,1.37
2015.03.06 10:18:59.889,0.78211,0.7825,1.12,1.37
2015.03.06 10:19:00.072,0.78215,0.78251,1.00,1.37
2015.03.06 10:19:04.472,0.78214,0.78251,1.00,1.37
2015.03.06 10:19:06.391,0.78211,0.78251,1.00,1.37
2015.03.06 10:19:06.781,0.78215,0.78251,1.00,1.37
2015.03.06 10:19:08.695,0.78215,0.78251,1.00,1.50
2015.03.06 10:19:08.796,0.78211,0.7825,1.00,1.37
2015.03.06 10:19:08.896,0.78211,0.7825,1.00,1.37
2015.03.06 10:19:12.201,0.7821,0.78247,1.00,1.00
2015.03.06 10:19:12.812,0.78209,0.78247,1.87,1.00
2015.03.06 10:19:13.433,0.7821,0.78247,1.00,1.00
2015.03.06 10:19:14.851,0.7821,0.78246,1.00,1.00
2015.03.06 10:19:15.452,0.78209,0.78246,1.00,1.50
2015.03.06 10:19:17.341,0.7821,0.78245,1.00,1.00
2015.03.06 10:19:22.071,0.7821,0.78247,1.00,1.00
2015.03.06 10:19:22.340,0.7821,0.78247,1.00,1.37
2015.03.06 10:19:22.670,0.78207,0.78245,1.00,1.87
2015.03.06 10:19:22.840,0.7821,0.78245,1.00,1.87
2015.03.06 10:19:24.425,0.7821,0.78245,1.00,1.00
2015.03.06 10:19:24.595,0.78215,0.78245,1.00,1.00
2015.03.06 10:19:24.862,0.7822,0.78251,1.00,1.00
2015.03.06 10:19:25.142,0.78215,0.78251,1.00,1.00
2015.03.06 10:19:25.250,0.78215,0.78255,1.00,1.00
2015.03.06 10:19:25.360,0.7822,0.78255,1.00,1.50
2015.03.06 10:19:25.929,0.7822,0.78255,1.00,1.87
2015.03.06 10:19:28.001,0.78215,0.78255,1.50,1.87
2015.03.06 10:19:28.551,0.78215,0.7825,1.50,1.00
2015.03.06 10:19:29.132,0.78215,0.78255,1.00,1.37
2015.03.06 10:19:29.234,0.78215,0.78255,1.00,1.37
2015.03.06 10:19:31.520,0.78215,0.78251,1.00,1.00
2015.03.06 10:19:32.432,0.78215,0.7825,1.50,1.00
2015.03.06 10:19:35.296,0.78215,0.78251,1.00,1.12
2015.03.06 10:19:37.350,0.78215,0.78255,1.00,3.00
2015.03.06 10:19:37.502,0.78213,0.7825,1.00,1.37
2015.03.06 10:19:40.064,0.78213,0.78251,1.00,1.87
2015.03.06 10:19:41.958,0.78213,0.7825,1.00,1.50
2015.03.06 10:19:42.132,0.78211,0.78249,1.00,1.37
2015.03.06 10:19:42.282,0.7821,0.78245,1.00,1.37
2015.03.06 10:19:42.333,0.78207,0.78245,1.00,1.37
2015.03.06 10:19:42.383,0.78207,0.78245,1.00,1.50
2015.03.06 10:19:42.433,0.78205,0.78243,1.50,1.37
2015.03.06 10:19:42.632,0.78203,0.78241,1.00,1.37
2015.03.06 10:19:42.682,0.78203,0.78241,1.00,1.37
2015.03.06 10:19:43.122,0.78201,0.78239,1.00,1.37
2015.03.06 10:19:43.462,0.78201,0.78239,1.00,1.37
2015.03.06 10:19:44.191,0.782,0.78238,1.00,1.37
2015.03.06 10:19:44.890,0.782,0.78236,1.00,1.37
2015.03.06 10:19:45.380,0.78196,0.78235,1.00,1.37
2015.03.06 10:19:45.481,0.78195,0.78233,1.00,1.37
2015.03.06 10:19:45.531,0.78193,0.78231,1.12,1.12
2015.03.06 10:19:46.102,0.78193,0.78231,1.00,1.37
2015.03.06 10:19:46.153,0.78195,0.78231,1.00,1.37
2015.03.06 10:19:50.804,0.78193,0.78231,1.00,1.37
2015.03.06 10:19:52.482,0.78193,0.78231,1.00,1.37
2015.03.06 10:19:52.590,0.7819,0.78227,1.00,1.37
2015.03.06 10:19:52.972,0.78195,0.78227,1.00,1.37
2015.03.06 10:19:54.705,0.78194,0.78227,1.00,1.37
2015.03.06 10:19:54.757,0.78192,0.78232,1.12,1.37
2015.03.06 10:19:55.281,0.78195,0.78232,1.00,1.37
2015.03.06 10:19:55.503,0.78192,0.78232,1.12,1.37
2015.03.06 10:19:55.640,0.78195,0.78232,1.00,1.00
2015.03.06 10:19:55.944,0.78192,0.7823,1.00,1.12
2015.03.06 10:19:55.994,0.7819,0.78228,1.50,1.37
2015.03.06 10:19:56.967,0.78189,0.78227,1.50,1.37
2015.03.06 10:19:57.590,0.7819,0.78227,1.00,1.37
2015.03.06 10:19:58.397,0.7819,0.78227,1.00,1.12
2015.03.06 10:19:58.898,0.7819,0.78227,1.00,1.37
2015.03.06 10:20:00.101,0.7819,0.78227,1.00,1.37
2015.03.06 10:20:00.252,0.78185,0.78223,1.87,1.00
2015.03.06 10:20:00.890,0.78185,0.78223,1.00,1.37
2015.03.06 10:20:01.650,0.78185,0.78223,1.00,1.00
2015.03.06 10:20:02.923,0.78185,0.78223,1.87,1.00
2015.03.06 10:20:03.216,0.7819,0.78228,1.00,1.37
2015.03.06 10:20:04.050,0.78195,0.78228,1.00,1.37
2015.03.06 10:20:04.194,0.78191,0.78231,1.00,1.37
2015.03.06 10:20:07.619,0.78191,0.78231,1.00,1.50
2015.03.06 10:20:08.221,0.78191,0.78231,1.00,1.87
2015.03.06 10:20:09.465,0.78196,0.78231,1.00,1.37
2015.03.06 10:20:09.566,0.78196,0.78234,1.00,1.37
2015.03.06 10:20:10.738,0.78198,0.78235,1.00,1.37
2015.03.06 10:20:13.031,0.78198,0.78235,1.00,1.37
2015.03.06 10:20:13.653,0.782,0.78236,1.00,1.37
2015.03.06 10:20:13.982,0.78198,0.78235,1.00,1.37
2015.03.06 10:20:15.261,0.78198,0.78235,1.00,1.37
2015.03.06 10:20:17.047,0.78197,0.78235,1.00,1.87
2015.03.06 10:20:17.396,0.782,0.78235,1.00,1.37
2015.03.06 10:20:17.521,0.78197,0.78235,1.00,1.37
2015.03.06 10:20:18.050,0.78198,0.78235,1.00,1.37
2015.03.06 10:20:19.337,0.78198,0.78236,1.00,1.37
2015.03.06 10:20:20.144,0.78198,0.78236,1.37,1.00
2015.03.06 10:20:20.298,0.78204,0.78242,1.00,1.37
2015.03.06 10:20:20.348,0.78206,0.78244,1.00,1.37
2015.03.06 10:20:20.449,0.78206,0.78244,1.00,1.12
2015.03.06 10:20:20.704,0.7821,0.78245,1.00,1.00
2015.03.06 10:20:21.166,0.78212,0.7825,1.00,1.87
2015.03.06 10:20:21.364,0.78212,0.78245,1.00,1.00
2015.03.06 10:20:22.040,0.78212,0.7825,1.00,1.87
2015.03.06 10:20:22.231,0.78212,0.78245,1.00,1.00
2015.03.06 10:20:22.685,0.78212,0.7825,1.00,1.87
2015.03.06 10:20:22.786,0.78214,0.78252,1.00,1.37
2015.03.06 10:20:22.989,0.78216,0.78254,1.00,1.37
2015.03.06 10:20:23.207,0.78218,0.78255,1.00,1.37
2015.03.06 10:20:24.723,0.78218,0.78255,1.00,1.37
2015.03.06 10:20:24.773,0.78216,0.78251,1.00,1.12
2015.03.06 10:20:25.569,0.78216,0.78254,1.00,1.12
2015.03.06 10:20:30.278,0.78216,0.78254,1.00,1.37
2015.03.06 10:20:30.378,0.78216,0.78254,1.00,1.37
2015.03.06 10:20:30.702,0.78216,0.7825,1.00,1.00
2015.03.06 10:20:31.030,0.78216,0.78254,1.00,1.37
2015.03.06 10:20:35.336,0.78216,0.7825,1.00,1.00
2015.03.06 10:20:35.987,0.78216,0.78251,1.00,1.00
2015.03.06 10:20:36.423,0.78216,0.78254,1.00,1.37
2015.03.06 10:20:36.530,0.78216,0.7825,1.00,1.00
2015.03.06 10:20:36.780,0.78216,0.78254,1.00,1.37
2015.03.06 10:20:37.302,0.78216,0.7825,1.12,1.00
2015.03.06 10:20:37.851,0.78216,0.78254,1.12,1.12
2015.03.06 10:20:38.070,0.78216,0.7825,1.00,1.00
2015.03.06 10:20:38.510,0.78218,0.78255,1.00,1.37
2015.03.06 10:20:39.047,0.78212,0.78252,1.37,1.00
2015.03.06 10:20:40.949,0.78213,0.7825,1.37,1.00
2015.03.06 10:20:41.480,0.78213,0.78251,1.37,1.00
2015.03.06 10:20:41.999,0.78213,0.7825,1.12,1.00
2015.03.06 10:20:43.007,0.78217,0.7825,1.00,1.00
2015.03.06 10:20:43.271,0.78212,0.7825,1.37,1.50
2015.03.06 10:20:45.305,0.78212,0.7825,1.00,1.50
2015.03.06 10:20:45.405,0.78212,0.7825,1.00,1.87
2015.03.06 10:20:45.772,0.7821,0.78245,1.00,1.00
2015.03.06 10:20:50.267,0.78208,0.78246,1.00,1.87
2015.03.06 10:20:53.019,0.78208,0.78246,1.00,1.87
2015.03.06 10:20:53.787,0.78209,0.78245,1.00,1.37
2015.03.06 10:20:53.837,0.78209,0.78245,1.00,1.00
2015.03.06 10:20:55.350,0.78209,0.78246,1.00,1.12
2015.03.06 10:20:57.066,0.78208,0.78246,1.00,1.87
2015.03.06 10:21:00.481,0.78208,0.78246,1.00,1.87
2015.03.06 10:21:00.544,0.78208,0.78246,1.00,1.87
2015.03.06 10:21:00.657,0.78208,0.78245,1.00,1.12
2015.03.06 10:21:06.161,0.78208,0.78245,1.00,1.37
2015.03.06 10:21:06.591,0.78211,0.78245,1.00,1.00
2015.03.06 10:21:08.183,0.78211,0.78245,1.00,1.37
2015.03.06 10:21:08.233,0.78208,0.78245,1.00,1.37
2015.03.06 10:21:08.284,0.78208,0.78245,1.00,1.12
2015.03.06 10:21:11.167,0.7821,0.78245,1.00,1.00
2015.03.06 10:21:12.953,0.7821,0.78246,1.00,1.00
2015.03.06 10:21:13.576,0.7821,0.78245,1.00,1.00
2015.03.06 10:21:15.371,0.7821,0.78246,1.00,1.00
2015.03.06 10:21:15.852,0.7821,0.78248,1.87,1.00
2015.03.06 10:21:17.065,0.78212,0.7825,1.12,1.50
2015.03.06 10:21:20.130,0.78212,0.7825,1.37,1.50
2015.03.06 10:21:23.450,0.78212,0.7825,1.37,1.00
2015.03.06 10:21:23.848,0.78214,0.7825,1.37,1.00
2015.03.06 10:21:25.578,0.78215,0.78253,1.87,1.12
2015.03.06 10:21:27.068,0.78217,0.78255,1.00,1.87
2015.03.06 10:21:27.409,0.7822,0.78258,1.87,1.00
2015.03.06 10:21:30.416,0.78222,0.7826,1.00,1.87
2015.03.06 10:21:30.851,0.78226,0.7826,1.00,1.00
2015.03.06 10:21:30.901,0.78227,0.78265,1.00,1.87
2015.03.06 10:21:30.975,0.78227,0.78265,1.00,1.87
2015.03.06 10:21:31.126,0.78229,0.7826,1.00,1.00
2015.03.06 10:21:31.457,0.78232,0.78266,1.00,1.00
2015.03.06 10:21:31.759,0.78232,0.7826,1.00,1.00
2015.03.06 10:21:31.885,0.7823,0.7826,1.00,1.00
2015.03.06 10:21:32.004,0.78227,0.7826,1.00,1.00
2015.03.06 10:21:32.751,0.78227,0.78255,1.00,1.00
2015.03.06 10:21:32.904,0.78227,0.7826,1.00,1.00
2015.03.06 10:21:32.955,0.78229,0.7826,1.00,1.00
2015.03.06 10:21:33.084,0.78229,0.78265,1.00,1.00
2015.03.06 10:21:33.300,0.78229,0.78269,1.00,1.00
2015.03.06 10:21:33.537,0.78229,0.78267,1.00,1.00
2015.03.06 10:21:33.962,0.7823,0.7826,1.00,1.00
2015.03.06 10:21:34.290,0.7823,0.78268,1.00,1.00
2015.03.06 10:21:34.377,0.78232,0.7827,1.00,1.00
2015.03.06 10:21:34.526,0.7823,0.7827,1.00,1.00
2015.03.06 10:21:34.597,0.78228,0.78266,1.00,1.00
2015.03.06 10:21:35.059,0.78228,0.7826,1.00,1.00
2015.03.06 10:21:36.669,0.7823,0.7826,1.00,1.00
2015.03.06 10:21:37.558,0.7823,0.78265,1.00,1.00
2015.03.06 10:21:41.356,0.78229,0.78265,1.00,1.00
2015.03.06 10:21:43.478,0.78227,0.78265,1.12,1.87
2015.03.06 10:21:43.971,0.78227,0.7826,1.00,1.00
2015.03.06 10:21:44.411,0.78227,0.78265,1.00,1.87
2015.03.06 10:21:44.633,0.78227,0.7826,1.00,1.00
2015.03.06 10:21:44.754,0.78227,0.78265,1.00,1.12
2015.03.06 10:21:44.863,0.78227,0.7826,1.00,1.00
2015.03.06 10:21:45.072,0.78227,0.78265,1.00,1.87
2015.03.06 10:21:46.244,0.78227,0.78265,1.00,1.87
2015.03.06 10:21:46.294,0.78227,0.7826,1.00,1.00
2015.03.06 10:21:47.709,0.78227,0.78261,1.00,1.00
2015.03.06 10:21:48.260,0.78227,0.78265,1.00,1.87
2015.03.06 10:21:48.826,0.78227,0.7826,1.00,1.00
2015.03.06 10:21:49.073,0.78227,0.78265,1.00,1.87
2015.03.06 10:21:49.124,0.78229,0.78265,1.00,1.12
2015.03.06 10:21:49.496,0.78231,0.7826,1.00,1.00
2015.03.06 10:21:49.579,0.78231,0.78265,1.00,1.12
2015.03.06 10:21:49.799,0.78231,0.7826,1.00,1.00
2015.03.06 10:21:52.586,0.78231,0.78261,1.00,1.00
2015.03.06 10:21:53.888,0.78231,0.7826,1.00,1.00
2015.03.06 10:21:54.635,0.78226,0.7826,1.37,1.00
2015.03.06 10:21:55.301,0.78226,0.78265,1.37,1.00
2015.03.06 10:21:56.438,0.78226,0.78265,1.12,1.00
2015.03.06 10:21:56.489,0.7823,0.78265,1.00,1.00
2015.03.06 10:21:57.082,0.78229,0.78265,1.00,1.00
2015.03.06 10:21:57.507,0.78236,0.78265,1.00,1.00
2015.03.06 10:21:57.838,0.78236,0.7826,1.00,1.00
2015.03.06 10:22:01.106,0.78239,0.7826,1.00,1.00
2015.03.06 10:22:01.156,0.78239,0.78266,1.00,1.00
2015.03.06 10:22:01.699,0.78239,0.78265,1.00,1.00
2015.03.06 10:22:03.348,0.78239,0.7826,1.00,1.00
2015.03.06 10:22:06.520,0.78239,0.78266,1.00,1.00
2015.03.06 10:22:08.654,0.78239,0.78265,1.00,1.00
2015.03.06 10:22:17.310,0.78239,0.78266,1.00,1.00
2015.03.06 10:22:18.518,0.78239,0.78265,1.00,1.00
2015.03.06 10:22:19.258,0.78239,0.78266,1.00,1.37
2015.03.06 10:22:26.055,0.78239,0.78265,1.00,1.12
2015.03.06 10:22:28.716,0.78237,0.78265,1.00,1.12
2015.03.06 10:22:28.827,0.7824,0.78265,1.00,1.00
2015.03.06 10:22:29.738,0.7824,0.7826,1.00,1.00
2015.03.06 10:22:29.993,0.7824,0.78266,1.00,1.37
2015.03.06 10:22:30.178,0.78235,0.78265,1.00,1.37
2015.03.06 10:22:34.401,0.78235,0.78265,1.00,1.00
2015.03.06 10:22:35.229,0.78237,0.78265,1.00,1.00
2015.03.06 10:22:35.569,0.78237,0.7827,1.00,1.37
2015.03.06 10:22:35.646,0.78239,0.7827,1.00,1.37
2015.03.06 10:22:35.697,0.78239,0.7827,1.00,1.12
2015.03.06 10:22:36.218,0.78243,0.7827,1.00,1.37
2015.03.06 10:22:38.375,0.78243,0.7827,1.00,1.37
2015.03.06 10:22:38.528,0.7824,0.7827,1.00,1.50
2015.03.06 10:22:39.092,0.78239,0.78265,1.00,1.12
2015.03.06 10:22:43.491,0.78239,0.78265,1.00,1.37
2015.03.06 10:22:45.190,0.78239,0.78265,1.00,1.37
2015.03.06 10:22:49.601,0.78239,0.78265,1.00,1.00
2015.03.06 10:22:55.610,0.78239,0.78266,1.00,1.12
2015.03.06 10:22:57.205,0.7823,0.78266,1.00,1.12
2015.03.06 10:22:57.921,0.7823,0.7826,1.00,1.00
2015.03.06 10:22:59.625,0.78238,0.7826,1.00,1.00
2015.03.06 10:23:05.345,0.78236,0.78259,1.00,1.00
2015.03.06 10:23:16.017,0.78237,0.7826,1.00,1.50
2015.03.06 10:23:27.566,0.78236,0.78259,1.00,1.00
2015.03.06 10:23:41.447,0.78232,0.78255,1.00,1.00
2015.03.06 10:23:41.548,0.78226,0.78251,1.00,1.00
2015.03.06 10:23:41.678,0.78223,0.78246,1.00,1.00
2015.03.06 10:23:41.866,0.78213,0.78246,1.37,1.00
2015.03.06 10:23:42.017,0.78205,0.78245,1.00,1.00
2015.03.06 10:23:42.218,0.78205,0.78243,1.00,1.00
2015.03.06 10:23:42.268,0.78195,0.78235,1.00,1.00
2015.03.06 10:23:42.610,0.7819,0.78235,1.00,1.00
2015.03.06 10:23:42.660,0.78193,0.78229,1.00,1.00
2015.03.06 10:23:43.005,0.78197,0.78228,1.00,1.00
2015.03.06 10:23:43.328,0.782,0.78224,1.00,1.00
2015.03.06 10:23:46.356,0.78204,0.78227,1.00,1.00
2015.03.06 10:23:49.188,0.78205,0.78228,1.00,1.00
2015.03.06 10:23:50.245,0.78206,0.78229,1.00,1.00
2015.03.06 10:23:51.270,0.7821,0.78233,1.00,1.00
2015.03.06 10:23:51.722,0.78212,0.78235,1.00,1.00
2015.03.06 10:23:57.431,0.78214,0.78237,1.00,1.00
2015.03.06 10:24:02.550,0.78215,0.7824,1.00,1.00
2015.03.06 10:24:09.197,0.78214,0.78237,1.00,1.00
2015.03.06 10:24:10.374,0.78212,0.78235,1.00,1.00
2015.03.06 10:24:13.070,0.7821,0.78233,1.00,1.00
2015.03.06 10:24:14.039,0.78211,0.78234,1.00,1.00
2015.03.06 10:24:18.740,0.78212,0.78235,1.00,1.00
2015.03.06 10:24:19.756,0.7821,0.78233,1.00,1.00
2015.03.06 10:24:20.991,0.78211,0.78234,1.00,1.00
2015.03.06 10:24:21.924,0.78211,0.78236,1.00,1.87
2015.03.06 10:24:22.568,0.78211,0.78236,1.00,1.50
2015.03.06 10:24:22.915,0.78211,0.78234,1.00,1.00
2015.03.06 10:24:25.885,0.78209,0.78232,1.00,1.00
2015.03.06 10:24:29.624,0.78211,0.78234,1.00,1.00
2015.03.06 10:24:31.384,0.78209,0.78232,1.00,1.00
2015.03.06 10:24:38.915,0.7821,0.78233,1.00,1.00
2015.03.06 10:24:39.634,0.78211,0.78234,1.00,1.00
2015.03.06 10:24:49.534,0.7821,0.78233,1.00,1.00
2015.03.06 10:24:51.185,0.78208,0.78231,1.00,1.00
2015.03.06 10:24:55.946,0.78208,0.78233,1.00,1.00
2015.03.06 10:24:56.574,0.7821,0.78233,1.00,1.00
2015.03.06 10:25:00.451,0.78212,0.78237,1.00,1.00
2015.03.06 10:25:00.552,0.78215,0.7824,1.00,1.50
2015.03.06 10:25:00.861,0.78217,0.7824,1.00,1.00
2015.03.06 10:25:02.283,0.78217,0.78242,1.00,1.00
2015.03.06 10:25:02.880,0.78219,0.78244,1.00,1.12
2015.03.06 10:25:03.217,0.78222,0.78245,1.00,1.50
2015.03.06 10:25:29.690,0.78223,0.78245,1.00,1.00
2015.03.06 10:25:30.034,0.78229,0.78245,1.00,1.00
2015.03.06 10:25:31.096,0.78224,0.78245,1.00,1.00
2015.03.06 10:25:32.437,0.78227,0.78245,1.00,1.00
2015.03.06 10:25:40.167,0.78228,0.78245,1.00,1.00
2015.03.06 10:25:41.724,0.78224,0.78245,1.00,1.00
2015.03.06 10:25:42.337,0.78223,0.78245,1.00,1.00
2015.03.06 10:25:42.869,0.78223,0.78246,1.00,1.50
2015.03.06 10:25:43.444,0.78225,0.7825,1.00,1.50
2015.03.06 10:25:43.548,0.78227,0.7825,1.00,1.00
2015.03.06 10:25:47.511,0.78228,0.78251,1.00,1.50
2015.03.06 10:25:48.056,0.78229,0.7825,1.00,1.00
2015.03.06 10:25:48.648,0.78229,0.78252,1.00,1.00
2015.03.06 10:25:49.156,0.7823,0.78253,1.00,1.00
2015.03.06 10:25:49.267,0.78233,0.78255,1.00,1.00
2015.03.06 10:25:49.833,0.78233,0.78256,1.00,1.50
2015.03.06 10:25:52.014,0.78233,0.78255,1.00,1.00
2015.03.06 10:25:54.547,0.78235,0.78255,1.00,1.00
2015.03.06 10:25:54.827,0.78235,0.78258,1.00,1.00
2015.03.06 10:25:56.973,0.78236,0.78259,1.00,1.00
2015.03.06 10:25:58.988,0.78236,0.78256,1.00,1.00
2015.03.06 10:25:59.669,0.78236,0.78255,1.00,1.00
2015.03.06 10:26:00.090,0.78236,0.78259,1.00,1.00
2015.03.06 10:26:00.747,0.78236,0.78256,1.00,1.00
2015.03.06 10:26:01.189,0.78236,0.78259,1.00,1.00
2015.03.06 10:26:05.326,0.78234,0.78257,1.00,1.00
2015.03.06 10:26:05.595,0.78234,0.78259,1.00,1.00
2015.03.06 10:26:05.698,0.78236,0.78259,1.00,1.00
2015.03.06 10:26:09.647,0.78237,0.7826,1.00,1.00
2015.03.06 10:26:11.377,0.78238,0.78261,1.00,1.00
2015.03.06 10:26:11.950,0.78238,0.78261,1.00,1.37
2015.03.06 10:26:12.051,0.78238,0.7826,1.00,1.00
2015.03.06 10:26:12.630,0.78238,0.78261,1.00,1.12
2015.03.06 10:26:12.680,0.78238,0.78261,1.00,1.37
2015.03.06 10:26:13.053,0.78238,0.78261,1.00,1.00
2015.03.06 10:26:14.808,0.7824,0.78263,1.00,1.00
2015.03.06 10:26:15.367,0.78237,0.78262,1.00,1.12
2015.03.06 10:26:15.417,0.78237,0.7826,1.00,1.00
2015.03.06 10:26:15.737,0.7823,0.78253,1.00,1.00
2015.03.06 10:26:16.059,0.78234,0.78257,1.00,1.00
2015.03.06 10:26:16.438,0.78237,0.7826,1.00,1.00
2015.03.06 10:26:19.846,0.78238,0.78261,1.00,1.00
2015.03.06 10:26:20.188,0.78239,0.78264,1.00,1.00
2015.03.06 10:26:20.600,0.78239,0.78264,1.00,1.37
2015.03.06 10:26:20.708,0.78239,0.78264,1.00,1.12
2015.03.06 10:26:20.769,0.78239,0.7826,1.00,1.00
2015.03.06 10:26:20.988,0.78239,0.78264,1.00,1.37
2015.03.06 10:26:21.198,0.78239,0.78264,1.00,1.00
2015.03.06 10:26:21.318,0.78239,0.78261,1.00,1.00
2015.03.06 10:26:21.427,0.78239,0.78264,1.00,1.00
2015.03.06 10:26:21.870,0.78239,0.78261,1.00,1.00
2015.03.06 10:26:23.695,0.78239,0.78262,1.00,1.00
2015.03.06 10:26:24.037,0.78239,0.7826,1.00,1.00
2015.03.06 10:26:24.087,0.78239,0.78262,1.00,1.12
2015.03.06 10:26:24.176,0.78239,0.7826,1.00,1.00
2015.03.06 10:26:24.287,0.78239,0.78262,1.00,1.12
2015.03.06 10:26:24.884,0.78239,0.78262,1.00,1.37
2015.03.06 10:26:25.377,0.7824,0.78263,1.00,1.00
2015.03.06 10:26:25.427,0.7824,0.7826,1.00,1.00
2015.03.06 10:26:25.528,0.78239,0.78262,1.00,1.00
2015.03.06 10:26:25.578,0.78237,0.7826,1.00,1.00
2015.03.06 10:26:31.179,0.78239,0.78262,1.00,1.00
2015.03.06 10:26:31.743,0.7824,0.78263,1.00,1.00
2015.03.06 10:26:34.553,0.78231,0.78254,1.00,1.00
2015.03.06 10:26:34.711,0.78228,0.78253,1.00,1.00
2015.03.06 10:26:34.937,0.78228,0.78251,1.00,1.00
2015.03.06 10:26:35.602,0.7823,0.78253,1.00,1.00
2015.03.06 10:26:40.123,0.7823,0.78253,1.00,1.37
2015.03.06 10:26:40.224,0.78225,0.78248,1.00,1.00
2015.03.06 10:26:41.811,0.78222,0.78247,1.00,1.00
2015.03.06 10:26:42.471,0.7823,0.78246,1.00,1.00
2015.03.06 10:26:42.581,0.7823,0.78253,1.00,1.00
2015.03.06 10:26:43.129,0.78231,0.78254,1.00,1.00
2015.03.06 10:26:43.732,0.78232,0.78255,1.00,1.50
2015.03.06 10:26:43.997,0.78229,0.78252,1.00,1.00
2015.03.06 10:26:44.372,0.78226,0.78249,1.00,1.00
2015.03.06 10:26:44.885,0.78225,0.78248,1.00,1.00
2015.03.06 10:26:46.169,0.78224,0.78247,1.00,1.00
2015.03.06 10:26:46.421,0.78219,0.78244,1.00,1.00
2015.03.06 10:26:46.847,0.78223,0.78246,1.00,1.00
2015.03.06 10:26:47.858,0.78222,0.78245,1.00,1.00
2015.03.06 10:26:48.949,0.7822,0.78243,1.00,1.00
2015.03.06 10:26:49.541,0.78221,0.78244,1.00,1.00
2015.03.06 10:26:53.205,0.78222,0.78245,1.00,1.12
2015.03.06 10:26:57.636,0.78219,0.78242,1.00,1.00
2015.03.06 10:26:59.423,0.7822,0.7824,1.00,1.00
2015.03.06 10:27:02.071,0.7822,0.78243,1.00,1.00
2015.03.06 10:27:07.121,0.78219,0.78242,1.00,1.00
2015.03.06 10:27:09.376,0.78221,0.78244,1.00,1.00
2015.03.06 10:27:09.940,0.78213,0.78236,1.00,1.00
2015.03.06 10:27:18.395,0.78214,0.78237,1.00,1.00
2015.03.06 10:27:18.930,0.78213,0.78236,1.00,1.00
2015.03.06 10:27:30.385,0.78211,0.78234,1.00,1.00
2015.03.06 10:27:32.685,0.78209,0.78232,1.00,1.00
2015.03.06 10:27:32.736,0.78205,0.7823,1.00,1.00
2015.03.06 10:27:32.805,0.78202,0.78225,1.00,1.00
2015.03.06 10:27:32.915,0.78203,0.78228,1.00,1.00
2015.03.06 10:27:33.065,0.78201,0.78224,1.00,1.00
2015.03.06 10:27:33.405,0.78205,0.78228,1.00,1.00
2015.03.06 10:27:45.356,0.78203,0.78226,1.00,1.00
2015.03.06 10:27:46.365,0.78203,0.78228,1.00,1.00
2015.03.06 10:27:51.066,0.78205,0.78228,1.00,1.00
2015.03.06 10:27:52.073,0.78209,0.78232,1.00,1.00
2015.03.06 10:27:55.388,0.78207,0.7823,1.00,1.00
2015.03.06 10:27:57.526,0.78204,0.78227,1.00,1.00
2015.03.06 10:27:58.242,0.78211,0.78234,1.00,1.00
2015.03.06 10:27:58.443,0.78208,0.78233,1.00,1.00
2015.03.06 10:27:58.655,0.78213,0.78236,1.00,1.00
2015.03.06 10:28:05.841,0.78212,0.78235,1.00,1.00
2015.03.06 10:28:08.229,0.7821,0.78233,1.00,1.00
2015.03.06 10:28:08.545,0.78206,0.78229,1.00,1.00
2015.03.06 10:28:09.905,0.78207,0.78232,1.00,1.00
2015.03.06 10:28:11.416,0.78207,0.7823,1.00,1.00
2015.03.06 10:28:17.463,0.78206,0.78229,1.00,1.00
2015.03.06 10:28:17.995,0.78207,0.7823,1.00,1.00
2015.03.06 10:28:18.156,0.78207,0.78232,1.00,1.00
2015.03.06 10:28:18.265,0.78207,0.7823,1.00,1.00
2015.03.06 10:28:18.766,0.78209,0.78232,1.00,1.00
2015.03.06 10:28:20.214,0.78207,0.78232,1.00,1.00
2015.03.06 10:28:22.007,0.78207,0.7823,1.00,1.00
2015.03.06 10:28:24.883,0.78206,0.78229,1.00,1.00
2015.03.06 10:28:29.828,0.78207,0.7823,1.00,1.00
2015.03.06 10:28:32.015,0.78206,0.78229,1.00,1.00
2015.03.06 10:28:33.439,0.78205,0.78228,1.00,1.00
2015.03.06 10:28:41.150,0.78208,0.78231,1.00,1.00
2015.03.06 10:28:41.795,0.78207,0.7823,1.00,1.00
2015.03.06 10:28:42.305,0.78206,0.78229,1.00,1.00
2015.03.06 10:28:43.099,0.78205,0.78228,1.00,1.00
2015.03.06 10:28:51.127,0.78204,0.78227,1.00,1.00
2015.03.06 10:28:51.655,0.78205,0.78228,1.00,1.00
2015.03.06 10:28:52.885,0.78204,0.78227,1.00,1.00
2015.03.06 10:28:56.074,0.78205,0.78228,1.00,1.00
2015.03.06 10:29:02.453,0.782,0.78225,1.00,1.00
2015.03.06 10:29:14.787,0.78202,0.78227,1.00,1.00
2015.03.06 10:29:16.015,0.78202,0.78225,1.00,1.00
2015.03.06 10:29:16.721,0.78203,0.78226,1.00,1.00
2015.03.06 10:29:22.034,0.78204,0.78227,1.00,1.00
2015.03.06 10:29:24.821,0.78203,0.78226,1.00,1.00
2015.03.06 10:29:30.426,0.78206,0.78229,1.00,1.00
2015.03.06 10:29:40.630,0.78205,0.78228,1.50,1.00
2015.03.06 10:29:40.961,0.78207,0.7823,1.00,1.00
2015.03.06 10:29:44.478,0.78208,0.78231,1.00,1.00
2015.03.06 10:29:46.060,0.78209,0.78232,1.00,1.00
2015.03.06 10:29:52.084,0.78205,0.7823,1.00,1.00
2015.03.06 10:29:52.613,0.78203,0.78226,1.00,1.00
2015.03.06 10:29:54.293,0.78202,0.78225,1.00,1.00
2015.03.06 10:29:56.734,0.7821,0.78233,1.00,1.00
2015.03.06 10:29:57.236,0.78209,0.78232,1.00,1.00
2015.03.06 10:30:00.354,0.7821,0.78233,1.00,1.00
2015.03.06 10:30:00.693,0.78212,0.78235,1.00,1.00
2015.03.06 10:30:00.864,0.78205,0.7825,1.37,1.37
2015.03.06 10:30:02.180,0.78213,0.78236,1.00,1.00
2015.03.06 10:30:07.370,0.78214,0.78237,1.00,1.00
2015.03.06 10:30:10.574,0.78211,0.78234,1.00,1.00
2015.03.06 10:30:14.205,0.78215,0.78238,1.00,1.00
2015.03.06 10:30:14.900,0.78214,0.78237,1.00,1.00
2015.03.06 10:30:19.844,0.78215,0.78238,1.00,1.00
2015.03.06 10:30:20.214,0.78211,0.78234,1.00,1.00
2015.03.06 10:30:23.899,0.78212,0.78237,1.00,1.00
2015.03.06 10:30:27.845,0.7821,0.78235,1.00,1.00
2015.03.06 10:30:29.132,0.78212,0.78235,1.00,1.00
2015.03.06 10:30:29.786,0.78211,0.78234,1.00,1.00
2015.03.06 10:30:30.336,0.78212,0.78235,1.00,1.00
2015.03.06 10:30:32.695,0.78212,0.78237,1.00,1.00
2015.03.06 10:30:38.741,0.78214,0.78237,1.00,1.00
2015.03.06 10:30:45.254,0.78213,0.78236,1.00,1.00
2015.03.06 10:31:01.773,0.78215,0.78238,1.00,1.00
2015.03.06 10:31:08.995,0.78216,0.78239,1.00,1.00
2015.03.06 10:31:10.855,0.78217,0.7824,1.00,1.00
2015.03.06 10:31:13.054,0.78215,0.7824,1.00,1.00
2015.03.06 10:31:14.923,0.78214,0.78237,1.00,1.00
2015.03.06 10:31:15.633,0.78215,0.78238,1.00,1.00
2015.03.06 10:31:16.024,0.78213,0.78238,1.00,1.00
2015.03.06 10:31:23.632,0.78214,0.78239,1.00,1.00
2015.03.06 10:31:24.270,0.78215,0.7824,1.00,1.00
2015.03.06 10:31:28.162,0.78217,0.7824,1.00,1.00
2015.03.06 10:31:38.880,0.78231,0.78254,1.00,1.00
2015.03.06 10:31:38.983,0.7823,0.78274,1.00,1.37
2015.03.06 10:31:39.083,0.7823,0.78276,1.00,1.00
2015.03.06 10:31:39.134,0.7823,0.7828,1.50,1.50
2015.03.06 10:31:39.234,0.78235,0.78283,1.00,1.00
2015.03.06 10:31:39.548,0.78234,0.7828,1.00,1.00
2015.03.06 10:31:39.878,0.78236,0.78276,1.00,1.00
2015.03.06 10:31:40.209,0.78244,0.78269,1.00,1.00
2015.03.06 10:31:42.203,0.78249,0.78272,1.00,1.00
2015.03.06 10:31:49.710,0.78253,0.78276,1.00,1.00
2015.03.06 10:31:50.374,0.78254,0.78277,1.00,1.00
2015.03.06 10:31:51.798,0.78249,0.78272,1.00,1.00
2015.03.06 10:32:01.013,0.78251,0.78274,1.00,1.00
2015.03.06 10:32:04.606,0.78252,0.78275,1.00,1.00
2015.03.06 10:32:05.349,0.78253,0.78276,1.00,1.00
2015.03.06 10:32:08.506,0.78254,0.78277,1.00,1.00
2015.03.06 10:32:10.121,0.7825,0.78275,1.00,1.00
2015.03.06 10:32:10.583,0.7825,0.78273,1.00,1.00
2015.03.06 10:32:11.573,0.78249,0.78272,1.00,1.00
2015.03.06 10:32:12.388,0.78248,0.78271,1.00,1.00
2015.03.06 10:32:14.234,0.7825,0.78275,1.00,1.00
2015.03.06 10:32:14.435,0.78255,0.78278,1.00,1.00
2015.03.06 10:32:14.543,0.78257,0.78282,1.00,1.00
2015.03.06 10:32:14.694,0.78259,0.78282,1.00,1.00
2015.03.06 10:32:14.902,0.7826,0.78285,1.00,1.00
2015.03.06 10:32:15.003,0.78262,0.78285,1.00,1.00
2015.03.06 10:32:15.103,0.7826,0.78287,1.00,1.00
2015.03.06 10:32:15.423,0.78264,0.7829,1.00,1.50
2015.03.06 10:32:15.919,0.78267,0.7829,1.00,1.50
2015.03.06 10:32:16.412,0.78261,0.78284,1.00,1.00
2015.03.06 10:32:16.523,0.78263,0.78288,1.00,1.00
2015.03.06 10:32:17.645,0.78259,0.78285,1.00,1.00
2015.03.06 10:32:17.846,0.78262,0.78288,1.00,1.00
2015.03.06 10:32:18.404,0.78258,0.78286,1.00,1.00
2015.03.06 10:32:18.504,0.78264,0.78287,1.00,1.00
2015.03.06 10:32:19.284,0.78261,0.78284,1.00,1.00
2015.03.06 10:32:21.062,0.78261,0.7828,1.00,1.00
2015.03.06 10:32:21.162,0.78257,0.7828,1.00,1.00
2015.03.06 10:32:21.494,0.78255,0.78278,1.00,1.00
2015.03.06 10:32:23.041,0.78255,0.78275,1.00,1.00
2015.03.06 10:32:23.592,0.78255,0.78278,1.00,1.00
2015.03.06 10:32:23.703,0.78255,0.78275,1.00,1.00
2015.03.06 10:32:23.842,0.78255,0.78278,1.00,1.00
2015.03.06 10:32:23.943,0.78255,0.78275,1.00,1.00
2015.03.06 10:32:24.474,0.78255,0.78278,1.00,1.00
2015.03.06 10:32:24.994,0.78253,0.78276,1.00,1.00
2015.03.06 10:32:26.420,0.78255,0.78278,1.00,1.00
2015.03.06 10:32:28.852,0.78251,0.78274,1.00,1.00
2015.03.06 10:32:29.392,0.78255,0.78278,1.00,1.00
2015.03.06 10:32:33.243,0.78251,0.78274,1.00,1.00
2015.03.06 10:32:33.578,0.78254,0.78277,1.00,1.00
2015.03.06 10:32:34.091,0.78255,0.78278,1.00,1.00
2015.03.06 10:32:38.443,0.78254,0.78277,1.00,1.00
2015.03.06 10:32:38.742,0.7825,0.78275,1.00,1.00
2015.03.06 10:32:38.854,0.78253,0.78276,1.00,1.00
2015.03.06 10:32:45.315,0.78249,0.78272,1.00,1.00
2015.03.06 10:32:46.021,0.78244,0.78267,1.00,1.00
2015.03.06 10:32:48.312,0.78247,0.7827,1.00,1.00
2015.03.06 10:32:50.312,0.78242,0.78265,1.00,1.00
2015.03.06 10:32:50.623,0.78235,0.78258,1.00,1.00
2015.03.06 10:32:51.172,0.78235,0.7826,1.00,1.00
2015.03.06 10:32:51.528,0.78233,0.78256,1.00,1.00
2015.03.06 10:32:52.969,0.78234,0.78257,1.00,1.00
2015.03.06 10:32:53.152,0.78237,0.78262,1.00,1.00
2015.03.06 10:32:53.707,0.78238,0.78261,1.00,1.00
2015.03.06 10:33:01.622,0.78239,0.78262,1.00,1.00
2015.03.06 10:33:30.647,0.78238,0.78261,1.00,1.00
2015.03.06 10:33:36.354,0.78236,0.78259,1.00,1.00
2015.03.06 10:33:46.611,0.78235,0.78258,1.00,1.00
2015.03.06 10:33:46.947,0.78233,0.78256,1.00,1.00
2015.03.06 10:34:02.406,0.78235,0.78258,1.00,1.00
2015.03.06 10:34:03.396,0.78236,0.78259,1.00,1.00
2015.03.06 10:34:03.942,0.78235,0.78258,1.00,1.00
2015.03.06 10:34:13.185,0.78233,0.78258,1.00,1.00
2015.03.06 10:34:13.515,0.78232,0.78255,1.00,1.00
2015.03.06 10:34:14.634,0.78235,0.78258,1.00,1.00
2015.03.06 10:34:14.739,0.78237,0.78262,1.00,1.00
2015.03.06 10:34:15.381,0.7824,0.78263,1.00,1.00
2015.03.06 10:34:22.531,0.78241,0.78264,1.00,1.00
2015.03.06 10:34:46.641,0.78238,0.78261,1.00,1.00
2015.03.06 10:34:48.172,0.78236,0.78259,1.00,1.00
2015.03.06 10:34:48.509,0.78234,0.78257,1.00,1.00
2015.03.06 10:35:00.830,0.78235,0.78258,1.00,1.00
2015.03.06 10:35:05.767,0.78234,0.78257,1.00,1.00
2015.03.06 10:35:06.098,0.78234,0.78259,1.00,1.00
2015.03.06 10:35:06.426,0.78237,0.7826,1.00,1.00
2015.03.06 10:35:06.728,0.78235,0.78258,1.00,1.00
2015.03.06 10:35:07.036,0.7824,0.78263,1.00,1.00
2015.03.06 10:35:07.087,0.78235,0.78259,1.00,1.00
2015.03.06 10:35:07.302,0.7824,0.78263,1.00,1.00
2015.03.06 10:35:09.750,0.78238,0.78261,1.00,1.00
2015.03.06 10:35:11.051,0.78236,0.78261,1.00,1.00
2015.03.06 10:35:29.986,0.78234,0.78259,1.00,1.00
2015.03.06 10:35:30.298,0.78232,0.78255,1.00,1.00
2015.03.06 10:35:33.720,0.78231,0.78254,1.00,1.00
2015.03.06 10:35:34.083,0.7823,0.78251,1.00,1.00
2015.03.06 10:35:35.902,0.7823,0.78253,1.00,1.00
2015.03.06 10:35:38.038,0.7823,0.78255,1.50,1.00
2015.03.06 10:35:38.102,0.7823,0.78253,1.50,1.00
2015.03.06 10:35:39.193,0.78231,0.78254,1.00,1.00
2015.03.06 10:35:40.742,0.78232,0.78257,1.00,1.00
2015.03.06 10:35:42.612,0.78234,0.78257,1.00,1.00
2015.03.06 10:35:43.922,0.78235,0.78258,1.00,1.00
2015.03.06 10:35:45.170,0.78231,0.78256,1.00,1.00
2015.03.06 10:35:51.741,0.7823,0.78253,1.00,1.00
2015.03.06 10:36:00.983,0.78233,0.78256,1.00,1.00
2015.03.06 10:36:01.291,0.78236,0.78259,1.00,1.00
2015.03.06 10:36:01.777,0.78239,0.78262,1.00,1.00
2015.03.06 10:36:04.708,0.7824,0.78262,1.00,1.00
2015.03.06 10:36:04.759,0.78244,0.78267,1.00,1.00
2015.03.06 10:36:04.859,0.78247,0.78272,1.00,1.00
2015.03.06 10:36:04.960,0.7825,0.78275,1.00,1.00
2015.03.06 10:36:05.161,0.78255,0.78281,1.00,1.00
2015.03.06 10:36:05.398,0.78255,0.78278,1.00,1.00
2015.03.06 10:36:05.908,0.78256,0.78279,1.00,1.00
2015.03.06 10:36:06.258,0.78258,0.78281,1.00,1.00
2015.03.06 10:36:08.833,0.78256,0.78281,1.00,1.00
2015.03.06 10:36:09.491,0.78259,0.78282,1.00,1.00
2015.03.06 10:36:10.111,0.78257,0.7828,1.00,1.00
2015.03.06 10:36:10.689,0.78255,0.78278,1.00,1.00
2015.03.06 10:36:14.203,0.78256,0.78279,1.00,1.00
2015.03.06 10:36:15.194,0.78252,0.78275,1.00,1.00
2015.03.06 10:36:15.524,0.78255,0.78278,1.00,1.00
2015.03.06 10:36:19.316,0.78258,0.78281,1.00,1.00
2015.03.06 10:36:19.629,0.78256,0.78279,1.00,1.00
2015.03.06 10:36:20.231,0.78254,0.78279,1.00,1.00
2015.03.06 10:36:20.451,0.78254,0.78277,1.00,1.00
2015.03.06 10:36:21.551,0.78255,0.78278,1.00,1.00
2015.03.06 10:36:26.737,0.78253,0.78278,1.00,1.00
2015.03.06 10:36:32.002,0.78256,0.78279,1.00,1.00
2015.03.06 10:36:32.675,0.78257,0.7828,1.00,1.00
2015.03.06 10:36:33.200,0.78258,0.78281,1.00,1.00
2015.03.06 10:36:33.528,0.78263,0.78286,1.00,1.00
2015.03.06 10:36:34.835,0.78261,0.78284,1.00,1.00
2015.03.06 10:36:35.347,0.78262,0.78285,1.00,1.00
2015.03.06 10:36:39.278,0.78263,0.78286,1.00,1.00
2015.03.06 10:36:39.579,0.78277,0.783,1.00,1.00
2015.03.06 10:36:39.680,0.78278,0.78303,1.00,1.00
2015.03.06 10:36:39.780,0.78281,0.78305,1.00,1.00
2015.03.06 10:36:39.881,0.78281,0.78308,1.00,1.00
2015.03.06 10:36:40.081,0.78283,0.78307,1.00,1.00
2015.03.06 10:36:48.330,0.78285,0.78308,1.00,1.00
2015.03.06 10:36:48.660,0.78282,0.78307,1.00,1.00
2015.03.06 10:36:52.111,0.78282,0.78305,1.00,1.00
2015.03.06 10:36:53.215,0.7828,0.78303,1.00,1.00
2015.03.06 10:36:53.767,0.78279,0.78302,1.00,1.00
2015.03.06 10:36:54.342,0.78277,0.783,1.00,1.00
2015.03.06 10:36:54.869,0.78276,0.78299,1.00,1.00
2015.03.06 10:37:05.857,0.78275,0.78298,1.00,1.00
2015.03.06 10:37:08.240,0.78276,0.78299,1.00,1.00
2015.03.06 10:37:12.006,0.78275,0.78298,1.00,1.00
2015.03.06 10:37:12.640,0.78276,0.78299,1.00,1.00
2015.03.06 10:37:16.978,0.78272,0.78295,1.00,1.00
2015.03.06 10:37:17.371,0.78268,0.78293,1.00,1.00
2015.03.06 10:37:17.847,0.78267,0.7829,1.00,1.00
2015.03.06 10:37:20.254,0.78269,0.78292,1.00,1.00
2015.03.06 10:37:21.337,0.78268,0.78291,1.00,1.00
2015.03.06 10:37:37.587,0.7827,0.78291,1.00,1.00
2015.03.06 10:37:37.638,0.7827,0.78293,1.50,1.00
2015.03.06 10:37:37.747,0.78274,0.78297,1.00,1.00
2015.03.06 10:37:38.629,0.78274,0.78299,1.00,1.00
2015.03.06 10:37:39.188,0.78275,0.78299,1.00,1.00
2015.03.06 10:37:39.746,0.78274,0.78299,1.50,1.00
2015.03.06 10:37:40.912,0.78273,0.78298,1.00,1.00
2015.03.06 10:37:41.063,0.78273,0.78296,1.00,1.00
2015.03.06 10:37:45.419,0.78272,0.78295,1.00,1.00
2015.03.06 10:37:51.153,0.78271,0.78294,1.00,1.00
2015.03.06 10:37:53.012,0.78273,0.78298,1.00,1.00
2015.03.06 10:37:57.974,0.78275,0.78298,1.00,1.00
2015.03.06 10:38:03.037,0.78274,0.78297,1.00,1.00
2015.03.06 10:38:11.066,0.78275,0.78297,1.00,1.00
2015.03.06 10:38:11.664,0.78274,0.78297,1.00,1.00
2015.03.06 10:38:12.526,0.78275,0.78297,1.00,1.00
2015.03.06 10:38:13.406,0.78272,0.78297,1.00,1.00
2015.03.06 10:38:13.738,0.78275,0.78297,1.00,1.00
2015.03.06 10:38:14.316,0.78274,0.78297,1.00,1.00
2015.03.06 10:38:14.900,0.78273,0.78296,1.00,1.00
2015.03.06 10:38:15.950,0.78275,0.78297,1.00,1.00
2015.03.06 10:38:16.278,0.78272,0.78295,1.00,1.00
2015.03.06 10:38:16.570,0.7827,0.78293,1.00,1.00
2015.03.06 10:38:16.771,0.78271,0.78296,1.00,1.00
2015.03.06 10:38:18.749,0.78269,0.78293,1.00,1.00
2015.03.06 10:38:19.086,0.78268,0.78291,1.00,1.00
2015.03.06 10:38:19.898,0.78267,0.7829,1.00,1.00
2015.03.06 10:38:21.530,0.78265,0.78287,1.00,1.00
2015.03.06 10:38:22.050,0.78264,0.78285,1.00,1.00
2015.03.06 10:38:22.276,0.78261,0.78284,1.00,1.00
2015.03.06 10:38:22.386,0.78265,0.78284,1.00,1.00
2015.03.06 10:38:22.935,0.78265,0.78283,1.00,1.00
2015.03.06 10:38:23.179,0.7826,0.78283,1.00,1.00
2015.03.06 10:38:24.580,0.78262,0.78285,1.00,1.00
2015.03.06 10:38:24.945,0.78265,0.78285,1.00,1.00
2015.03.06 10:38:25.687,0.78262,0.78285,1.00,1.00
2015.03.06 10:38:25.798,0.78265,0.78285,1.00,1.00
2015.03.06 10:38:26.787,0.78264,0.78285,1.00,1.00
2015.03.06 10:38:27.336,0.78265,0.78285,1.00,1.00
2015.03.06 10:38:28.219,0.78264,0.78285,1.00,1.00
2015.03.06 10:38:28.777,0.78265,0.78286,1.00,1.00
2015.03.06 10:38:28.909,0.78263,0.78286,1.00,1.00
2015.03.06 10:38:29.141,0.78265,0.78285,1.00,1.00
2015.03.06 10:38:29.427,0.78262,0.78285,1.00,1.00
2015.03.06 10:38:32.610,0.78263,0.78286,1.00,1.00
2015.03.06 10:38:32.861,0.78265,0.78286,1.00,1.00
2015.03.06 10:38:32.990,0.78263,0.78286,1.00,1.00
2015.03.06 10:38:33.717,0.78263,0.78288,1.00,1.00
2015.03.06 10:38:33.822,0.78265,0.78288,1.00,1.00
2015.03.06 10:38:34.261,0.78262,0.78285,1.00,1.00
2015.03.06 10:38:34.818,0.78261,0.78284,1.00,1.00
2015.03.06 10:38:37.686,0.78262,0.78285,1.00,1.00
2015.03.06 10:38:43.059,0.78263,0.78286,1.00,1.00
2015.03.06 10:38:43.210,0.78266,0.78291,1.00,1.00
2015.03.06 10:38:43.609,0.78266,0.78289,1.00,1.00
2015.03.06 10:38:43.939,0.78264,0.78287,1.00,1.00
2015.03.06 10:38:45.705,0.78265,0.78287,1.00,1.00
2015.03.06 10:38:46.224,0.78264,0.78287,1.00,1.00
2015.03.06 10:38:48.661,0.78265,0.78287,1.00,1.00
2015.03.06 10:38:49.312,0.78264,0.78287,1.00,1.00
2015.03.06 10:39:01.210,0.78262,0.78285,1.00,1.00
2015.03.06 10:39:03.299,0.78263,0.78286,1.00,1.00
2015.03.06 10:39:05.060,0.78261,0.78286,1.00,1.00
2015.03.06 10:39:05.169,0.78259,0.78282,1.00,1.00
2015.03.06 10:39:05.505,0.78262,0.78285,1.00,1.00
2015.03.06 10:39:05.939,0.7826,0.78285,1.00,1.00
2015.03.06 10:39:06.049,0.78259,0.78282,1.00,1.00
2015.03.06 10:39:07.369,0.78257,0.7828,1.00,1.00
2015.03.06 10:39:10.276,0.78255,0.78278,1.00,1.00
2015.03.06 10:39:11.549,0.78256,0.78279,1.00,1.00
2015.03.06 10:39:12.099,0.78258,0.78281,1.00,1.00
2015.03.06 10:39:22.219,0.78255,0.78278,1.00,1.00
2015.03.06 10:39:26.650,0.78256,0.78279,1.00,1.00
2015.03.06 10:39:27.214,0.78255,0.78278,1.00,1.00
2015.03.06 10:39:27.828,0.78253,0.78278,1.00,1.00
2015.03.06 10:39:28.165,0.78253,0.78276,1.00,1.00
2015.03.06 10:39:28.774,0.78252,0.78275,1.00,1.00
2015.03.06 10:39:31.024,0.7825,0.78273,1.37,1.00
2015.03.06 10:39:32.217,0.7825,0.78273,1.00,1.00
2015.03.06 10:39:32.778,0.78248,0.78271,1.00,1.00
2015.03.06 10:39:34.876,0.78248,0.78273,1.00,1.00
2015.03.06 10:39:34.926,0.7825,0.78273,1.00,1.00
2015.03.06 10:39:35.214,0.78248,0.78273,1.00,1.00
2015.03.06 10:39:37.138,0.7825,0.78273,1.00,1.00
2015.03.06 10:39:38.287,0.78252,0.78275,1.00,1.00
2015.03.06 10:39:40.154,0.78254,0.78279,1.00,1.00
2015.03.06 10:39:40.713,0.78255,0.7828,1.00,1.00
2015.03.06 10:39:42.539,0.78255,0.78278,1.00,1.00
2015.03.06 10:39:52.216,0.78253,0.78276,1.00,1.00
2015.03.06 10:39:53.574,0.78254,0.78277,1.00,1.00
2015.03.06 10:39:54.195,0.78253,0.78276,1.00,1.00
2015.03.06 10:39:58.554,0.78254,0.78277,1.00,1.00
2015.03.06 10:39:59.169,0.78253,0.78276,1.00,1.00
2015.03.06 10:40:00.488,0.78254,0.78277,1.00,1.00
2015.03.06 10:40:01.690,0.78259,0.78282,1.00,1.00
2015.03.06 10:40:03.803,0.78258,0.78281,1.00,1.00
2015.03.06 10:40:08.408,0.78256,0.78281,1.00,1.00
2015.03.06 10:40:08.518,0.78254,0.78277,1.00,1.00
2015.03.06 10:40:09.201,0.78255,0.78278,1.00,1.00
2015.03.06 10:40:10.718,0.78257,0.7828,1.00,1.00
2015.03.06 10:40:13.829,0.78252,0.78277,1.00,1.00
2015.03.06 10:40:14.683,0.78252,0.78275,1.00,1.00
2015.03.06 10:40:15.243,0.78253,0.78276,1.00,1.00
2015.03.06 10:40:18.006,0.78255,0.78276,1.00,1.00
2015.03.06 10:40:18.115,0.78253,0.78276,1.00,1.00
2015.03.06 10:40:18.367,0.78255,0.78276,1.00,1.00
2015.03.06 10:40:18.554,0.78253,0.78276,1.00,1.00
2015.03.06 10:40:18.884,0.78255,0.78276,1.00,1.00
2015.03.06 10:40:20.008,0.78254,0.78279,1.00,1.00
2015.03.06 10:40:20.423,0.7826,0.78279,1.00,1.00
2015.03.06 10:40:20.533,0.78255,0.78279,1.00,1.00
2015.03.06 10:40:21.084,0.7826,0.78279,1.00,1.00
2015.03.06 10:40:21.194,0.78254,0.78279,1.00,1.00
2015.03.06 10:40:21.538,0.7826,0.78281,1.00,1.00
2015.03.06 10:40:21.637,0.78256,0.78281,1.00,1.00
2015.03.06 10:40:21.856,0.78259,0.78281,1.00,1.00
2015.03.06 10:40:21.967,0.78256,0.78281,1.00,1.00
2015.03.06 10:40:22.049,0.7826,0.78283,1.00,1.00
2015.03.06 10:40:22.378,0.78246,0.78269,1.00,1.00
2015.03.06 10:40:22.487,0.78251,0.78276,1.00,1.00
2015.03.06 10:40:23.037,0.78254,0.78277,1.00,1.00
2015.03.06 10:40:25.358,0.78252,0.78275,1.00,1.00
2015.03.06 10:40:25.906,0.78251,0.78274,1.00,1.00
2015.03.06 10:40:26.009,0.78249,0.78274,1.00,1.00
2015.03.06 10:40:27.984,0.7825,0.78274,1.00,1.00
2015.03.06 10:40:28.443,0.78252,0.78275,1.00,1.00
2015.03.06 10:40:30.232,0.78254,0.78277,1.00,1.00
2015.03.06 10:40:36.457,0.78253,0.78276,1.00,1.00
2015.03.06 10:40:41.742,0.78254,0.78277,1.00,1.00
2015.03.06 10:40:46.704,0.78255,0.78278,1.00,1.00
2015.03.06 10:40:47.032,0.78253,0.78276,1.00,1.00
2015.03.06 10:40:47.352,0.78255,0.78278,1.00,1.00
2015.03.06 10:40:49.107,0.78257,0.7828,1.00,1.00
2015.03.06 10:40:49.652,0.78256,0.78279,1.00,1.00
2015.03.06 10:40:50.247,0.78254,0.78279,1.00,1.00
2015.03.06 10:41:00.265,0.78253,0.78278,1.00,1.00
2015.03.06 10:41:00.366,0.78255,0.78278,1.00,1.00
2015.03.06 10:41:02.543,0.78256,0.78279,1.00,1.00
2015.03.06 10:41:03.532,0.78258,0.78281,1.00,1.00
2015.03.06 10:41:04.146,0.78259,0.78282,1.00,1.00
2015.03.06 10:41:08.247,0.7826,0.78285,1.00,1.00
2015.03.06 10:41:12.442,0.78262,0.78285,1.00,1.00
2015.03.06 10:41:12.773,0.78264,0.78287,1.00,1.00
2015.03.06 10:41:12.984,0.78261,0.78286,1.00,1.00
2015.03.06 10:41:13.198,0.78264,0.78287,1.00,1.00
2015.03.06 10:41:21.244,0.78266,0.78289,1.00,1.00
2015.03.06 10:41:21.345,0.78267,0.78292,1.00,1.00
2015.03.06 10:41:33.622,0.78267,0.7829,1.00,1.00
2015.03.06 10:41:33.673,0.7826,0.78285,1.00,1.00
2015.03.06 10:41:36.532,0.78261,0.78286,1.00,1.00
2015.03.06 10:41:36.642,0.78264,0.78289,1.00,1.00
2015.03.06 10:41:37.144,0.78266,0.78289,1.00,1.00
2015.03.06 10:41:37.761,0.78266,0.7829,1.00,1.00
2015.03.06 10:41:41.240,0.78266,0.78291,1.00,1.00
2015.03.06 10:41:41.623,0.78263,0.78286,1.00,1.00
2015.03.06 10:41:42.013,0.78266,0.78289,1.00,1.00
2015.03.06 10:41:43.130,0.78266,0.78291,1.00,1.00
2015.03.06 10:41:43.934,0.78268,0.78291,1.00,1.00
2015.03.06 10:41:47.342,0.78271,0.78294,1.00,1.00
2015.03.06 10:41:48.818,0.78272,0.78295,1.00,1.00
2015.03.06 10:41:49.129,0.7827,0.78293,1.00,1.00
2015.03.06 10:41:49.711,0.78269,0.78292,1.00,1.00
2015.03.06 10:41:51.273,0.78266,0.78291,1.00,1.00
2015.03.06 10:41:51.938,0.78266,0.78289,1.00,1.00
2015.03.06 10:41:52.283,0.78268,0.78291,1.00,1.00
2015.03.06 10:41:56.866,0.78266,0.78291,1.00,1.00
2015.03.06 10:41:58.626,0.78266,0.78289,1.00,1.00
2015.03.06 10:41:59.930,0.78263,0.78288,1.00,1.00
2015.03.06 10:42:02.148,0.78265,0.78288,1.00,1.00
2015.03.06 10:42:02.474,0.78273,0.78296,1.00,1.00
2015.03.06 10:42:02.525,0.78269,0.78294,1.00,1.00
2015.03.06 10:42:02.627,0.78269,0.78292,1.00,1.00
2015.03.06 10:42:02.941,0.78267,0.7829,1.00,1.00
2015.03.06 10:42:05.887,0.78268,0.78291,1.00,1.00
2015.03.06 10:42:08.214,0.78269,0.78292,1.00,1.00
2015.03.06 10:42:09.536,0.78271,0.78294,1.00,1.00
2015.03.06 10:42:10.946,0.78267,0.7829,1.00,1.00
2015.03.06 10:42:11.248,0.78269,0.78292,1.00,1.00
2015.03.06 10:42:11.553,0.78272,0.78295,1.00,1.00
2015.03.06 10:42:13.192,0.78272,0.78297,1.00,1.00
2015.03.06 10:42:15.171,0.78268,0.78291,1.00,1.00
2015.03.06 10:42:16.232,0.78267,0.7829,1.00,1.00
2015.03.06 10:42:16.795,0.78264,0.78289,1.00,1.00
2015.03.06 10:42:17.676,0.78266,0.78289,1.00,1.00
2015.03.06 10:42:22.846,0.78269,0.78292,1.00,1.00
2015.03.06 10:42:39.346,0.78265,0.7829,1.00,1.00
2015.03.06 10:42:39.676,0.78265,0.78288,1.00,1.00
2015.03.06 10:42:40.121,0.78263,0.78286,1.00,1.00
2015.03.06 10:42:40.885,0.78262,0.78285,1.00,1.00
2015.03.06 10:42:42.001,0.78261,0.78284,1.00,1.00
2015.03.06 10:42:42.461,0.78258,0.78283,1.00,1.00
2015.03.06 10:42:43.873,0.78262,0.78285,1.00,1.00
2015.03.06 10:42:45.364,0.78261,0.78284,1.00,1.00
2015.03.06 10:42:46.760,0.78259,0.78284,1.00,1.00
2015.03.06 10:42:50.707,0.78258,0.78281,1.00,1.00
2015.03.06 10:42:51.996,0.7826,0.78283,1.00,1.00
2015.03.06 10:42:56.851,0.78265,0.7829,1.00,1.50
2015.03.06 10:42:58.735,0.78262,0.78285,1.00,1.00
2015.03.06 10:43:01.037,0.78267,0.7829,1.00,1.00
2015.03.06 10:43:04.755,0.78269,0.78292,1.00,1.00
2015.03.06 10:43:05.123,0.78278,0.78301,1.00,1.00
2015.03.06 10:43:06.543,0.78276,0.78299,1.00,1.00
2015.03.06 10:43:10.828,0.78278,0.78301,1.00,1.00
2015.03.06 10:43:11.164,0.78281,0.78304,1.00,1.00
2015.03.06 10:43:12.150,0.7828,0.78303,1.00,1.00
2015.03.06 10:43:13.373,0.78278,0.78303,1.00,1.00
2015.03.06 10:43:15.535,0.78277,0.78302,1.00,1.00
2015.03.06 10:43:15.636,0.78277,0.783,1.00,1.00
2015.03.06 10:43:15.961,0.78273,0.78296,1.00,1.00
2015.03.06 10:43:17.350,0.78272,0.78295,1.00,1.00
2015.03.06 10:43:18.540,0.78271,0.78294,1.00,1.00
2015.03.06 10:43:20.077,0.78269,0.78292,1.00,1.00
2015.03.06 10:43:21.475,0.78268,0.78291,1.00,1.00
2015.03.06 10:43:24.464,0.78267,0.78292,1.00,1.00
2015.03.06 10:43:24.815,0.78266,0.78289,1.00,1.00
2015.03.06 10:43:27.729,0.78266,0.78285,1.00,1.00
2015.03.06 10:43:27.840,0.78266,0.78289,1.00,1.00
2015.03.06 10:43:28.514,0.78265,0.78288,1.00,1.00
2015.03.06 10:43:33.795,0.78262,0.78287,1.00,1.00
2015.03.06 10:43:35.335,0.78264,0.78287,1.00,1.00
2015.03.06 10:43:38.670,0.78267,0.7829,1.00,1.00
2015.03.06 10:43:39.889,0.78266,0.78289,1.00,1.00
2015.03.06 10:43:42.742,0.78265,0.78288,1.00,1.00
2015.03.06 10:43:44.394,0.78267,0.7829,1.00,1.00
2015.03.06 10:43:45.125,0.78267,0.78292,1.00,1.00
2015.03.06 10:43:52.289,0.7827,0.78293,1.00,1.00
2015.03.06 10:43:52.529,0.78272,0.78297,1.00,1.00
2015.03.06 10:43:54.026,0.78274,0.78297,1.00,1.00
2015.03.06 10:43:57.649,0.78274,0.78295,1.00,1.00
2015.03.06 10:43:57.700,0.7827,0.78293,1.00,1.00
2015.03.06 10:43:57.809,0.78264,0.78287,1.00,1.00
2015.03.06 10:43:59.864,0.78265,0.78288,1.00,1.00
2015.03.06 10:44:00.510,0.78264,0.78287,1.00,1.00
2015.03.06 10:44:02.430,0.78263,0.78286,1.00,1.00
2015.03.06 10:44:03.496,0.78262,0.78285,1.00,1.00
2015.03.06 10:44:04.147,0.78261,0.78284,1.00,1.00
2015.03.06 10:44:09.160,0.78274,0.78297,1.00,1.00
2015.03.06 10:44:09.479,0.78271,0.78294,1.00,1.00
2015.03.06 10:44:10.800,0.78269,0.78294,1.00,1.00
2015.03.06 10:44:11.006,0.78268,0.78291,1.00,1.00
2015.03.06 10:44:12.549,0.78267,0.7829,1.00,1.00
2015.03.06 10:44:12.880,0.78268,0.78293,1.00,1.00
2015.03.06 10:44:12.980,0.78271,0.78296,1.00,1.00
2015.03.06 10:44:13.339,0.78274,0.78299,1.00,1.00
2015.03.06 10:44:13.871,0.78273,0.78298,1.00,1.00
2015.03.06 10:44:17.691,0.7827,0.78293,1.00,1.00
2015.03.06 10:44:18.148,0.78273,0.78298,1.00,1.00
2015.03.06 10:44:19.698,0.78271,0.78294,1.00,1.00
2015.03.06 10:44:20.039,0.78273,0.78296,1.00,1.00
2015.03.06 10:44:20.545,0.78274,0.78299,1.00,1.00
2015.03.06 10:44:20.919,0.78276,0.78301,1.00,1.00
2015.03.06 10:44:21.249,0.78278,0.78301,1.00,1.00
2015.03.06 10:44:21.631,0.78276,0.78299,1.00,1.00
2015.03.06 10:44:21.965,0.78278,0.78301,1.00,1.00
2015.03.06 10:44:22.675,0.78273,0.78296,1.00,1.00
2015.03.06 10:44:27.144,0.78271,0.78294,1.00,1.00
2015.03.06 10:44:27.694,0.78272,0.78295,1.00,1.00
2015.03.06 10:44:29.894,0.78273,0.78296,1.00,1.00
2015.03.06 10:44:31.434,0.78272,0.78297,1.00,1.00
2015.03.06 10:44:31.943,0.78273,0.78296,1.00,1.00
2015.03.06 10:44:33.855,0.78269,0.78294,1.12,1.00
2015.03.06 10:44:34.633,0.78269,0.78292,1.12,1.00
2015.03.06 10:44:41.174,0.78268,0.78291,1.00,1.00
2015.03.06 10:44:41.495,0.78263,0.78286,1.00,1.00
2015.03.06 10:44:41.818,0.78265,0.78288,1.00,1.00
2015.03.06 10:44:42.155,0.78262,0.78285,1.00,1.00
2015.03.06 10:44:42.255,0.78262,0.78287,1.00,1.00
2015.03.06 10:44:42.912,0.78264,0.78289,1.00,1.00
2015.03.06 10:44:43.315,0.78266,0.78289,1.00,1.00
2015.03.06 10:44:45.074,0.78263,0.78286,1.00,1.00
2015.03.06 10:44:54.644,0.78263,0.78288,1.00,1.00
2015.03.06 10:44:56.302,0.78262,0.78287,1.00,1.00
2015.03.06 10:44:59.367,0.78262,0.78287,1.37,1.00
2015.03.06 10:44:59.813,0.78266,0.78289,1.00,1.00
2015.03.06 10:45:00.144,0.78268,0.78291,1.00,1.00
2015.03.06 10:45:00.464,0.78273,0.78296,1.00,1.00
2015.03.06 10:45:01.010,0.78274,0.78297,1.00,1.00
2015.03.06 10:45:03.598,0.78276,0.78299,1.00,1.00
2015.03.06 10:45:10.053,0.78278,0.78301,1.00,1.00
2015.03.06 10:45:11.476,0.78276,0.78301,1.00,1.00
2015.03.06 10:45:29.663,0.78276,0.78299,1.00,1.00
2015.03.06 10:45:29.989,0.78284,0.78307,1.00,1.00
2015.03.06 10:45:31.715,0.78285,0.78308,1.00,1.00
2015.03.06 10:45:46.945,0.78283,0.78308,1.00,1.00
2015.03.06 10:45:48.044,0.7828,0.78303,1.00,1.00
2015.03.06 10:45:50.472,0.78284,0.78307,1.00,1.00
2015.03.06 10:45:53.017,0.78285,0.78308,1.00,1.00
2015.03.06 10:45:57.167,0.78286,0.78309,1.00,1.00
2015.03.06 10:46:04.984,0.78285,0.7831,1.00,1.00
2015.03.06 10:46:07.350,0.78283,0.78306,1.00,1.00
2015.03.06 10:46:07.881,0.78286,0.78309,1.00,1.00
2015.03.06 10:46:13.675,0.78284,0.78307,1.00,1.00
2015.03.06 10:46:14.115,0.78286,0.78309,1.00,1.00
2015.03.06 10:46:14.445,0.7828,0.78303,1.00,1.00
2015.03.06 10:46:15.258,0.78277,0.78302,1.00,1.00
2015.03.06 10:46:15.434,0.78276,0.78299,1.00,1.00
2015.03.06 10:46:16.097,0.78275,0.78298,1.00,1.00
2015.03.06 10:46:16.648,0.78276,0.78299,1.00,1.00
2015.03.06 10:46:24.786,0.78274,0.78297,1.00,1.00
2015.03.06 10:46:30.284,0.78276,0.78299,1.00,1.00
2015.03.06 10:46:30.705,0.78274,0.78297,1.00,1.00
2015.03.06 10:46:31.163,0.78268,0.78293,1.00,1.00
2015.03.06 10:46:41.775,0.7827,0.78293,1.00,1.00
2015.03.06 10:46:42.388,0.78271,0.78294,1.00,1.00
2015.03.06 10:47:02.513,0.78269,0.78294,1.00,1.00
2015.03.06 10:47:03.833,0.78271,0.78294,1.00,1.00
2015.03.06 10:47:03.943,0.78269,0.78294,1.00,1.00
2015.03.06 10:47:04.714,0.78271,0.78294,1.00,1.00
2015.03.06 10:47:12.161,0.78268,0.78293,1.00,1.00
2015.03.06 10:47:14.416,0.78269,0.78294,1.00,1.00
2015.03.06 10:47:17.034,0.78271,0.78294,1.00,1.00
2015.03.06 10:47:18.903,0.78268,0.78291,1.00,1.00
2015.03.06 10:47:19.233,0.7827,0.78293,1.00,1.00
2015.03.06 10:47:29.948,0.78272,0.78297,1.00,1.00
2015.03.06 10:47:30.050,0.78274,0.78297,1.00,1.00
2015.03.06 10:47:30.371,0.78277,0.78302,1.00,1.00
2015.03.06 10:47:31.430,0.7828,0.78303,1.00,1.00
2015.03.06 10:47:33.205,0.78281,0.78304,1.00,1.00
2015.03.06 10:47:37.304,0.78281,0.78306,1.00,1.00
2015.03.06 10:47:39.522,0.78281,0.78304,1.00,1.00
2015.03.06 10:47:47.943,0.78279,0.78302,1.00,1.00
2015.03.06 10:47:48.527,0.7828,0.78303,1.00,1.00
2015.03.06 10:47:49.562,0.78279,0.78302,1.00,1.00
2015.03.06 10:47:57.757,0.78278,0.78301,1.00,1.00
2015.03.06 10:48:03.984,0.78275,0.78298,1.00,1.00
2015.03.06 10:48:04.313,0.78277,0.783,1.00,1.00
2015.03.06 10:48:05.104,0.78275,0.78298,1.00,1.00
2015.03.06 10:48:05.353,0.78275,0.783,1.00,1.00
2015.03.06 10:48:06.203,0.78275,0.78298,1.00,1.00
2015.03.06 10:48:09.943,0.78274,0.78297,1.00,1.00
2015.03.06 10:48:10.485,0.78271,0.78294,1.00,1.00
2015.03.06 10:48:11.527,0.78269,0.78292,1.00,1.00
2015.03.06 10:48:12.239,0.78267,0.78292,1.00,1.00
2015.03.06 10:48:12.487,0.78262,0.78285,1.00,1.00
2015.03.06 10:48:12.803,0.78265,0.78288,1.00,1.00
2015.03.06 10:48:13.133,0.78263,0.78286,1.00,1.00
2015.03.06 10:48:15.333,0.78262,0.78285,1.00,1.00
2015.03.06 10:48:15.883,0.78257,0.7828,1.12,1.00
2015.03.06 10:48:16.207,0.78255,0.78278,1.50,1.00
2015.03.06 10:48:16.530,0.78257,0.7828,1.00,1.00
2015.03.06 10:48:22.505,0.78258,0.78281,1.00,1.00
2015.03.06 10:48:23.033,0.78259,0.78282,1.00,1.00
2015.03.06 10:48:25.563,0.78261,0.78284,1.00,1.00
2015.03.06 10:48:25.714,0.78262,0.78287,1.00,1.00
2015.03.06 10:48:25.936,0.78264,0.78287,1.00,1.00
2015.03.06 10:48:26.702,0.78265,0.78288,1.00,1.00
2015.03.06 10:48:28.009,0.78264,0.78287,1.00,1.00
2015.03.06 10:48:30.648,0.78265,0.78288,1.00,1.00
2015.03.06 10:48:31.636,0.78266,0.78289,1.00,1.00
2015.03.06 10:48:33.152,0.78268,0.78291,1.00,1.00
2015.03.06 10:48:33.665,0.78269,0.78292,1.00,1.00
2015.03.06 10:48:35.242,0.78272,0.78297,1.00,1.00
2015.03.06 10:48:48.441,0.78272,0.78295,1.00,1.00
2015.03.06 10:48:50.202,0.78271,0.78294,1.00,1.00
2015.03.06 10:48:51.678,0.78269,0.78292,1.00,1.00
2015.03.06 10:48:56.507,0.78271,0.78294,1.00,1.00
2015.03.06 10:48:58.256,0.78269,0.78292,1.00,1.00
2015.03.06 10:48:58.758,0.78268,0.78291,1.00,1.00
2015.03.06 10:48:59.337,0.78267,0.7829,1.00,1.00
2015.03.06 10:48:59.663,0.78265,0.78288,1.00,1.00
2015.03.06 10:49:01.116,0.78268,0.78291,1.00,1.00
2015.03.06 10:49:06.174,0.7827,0.78293,1.00,1.00
2015.03.06 10:49:15.942,0.78267,0.7829,1.00,1.00
2015.03.06 10:49:18.599,0.78266,0.78289,1.00,1.00
2015.03.06 10:49:19.461,0.78265,0.78288,1.00,1.00
2015.03.06 10:49:20.669,0.78262,0.78285,1.00,1.00
2015.03.06 10:49:20.978,0.7827,0.78286,1.00,1.00
2015.03.06 10:49:21.028,0.7827,0.7829,1.00,1.00
2015.03.06 10:49:21.131,0.78271,0.78294,1.00,1.00
2015.03.06 10:49:21.959,0.78269,0.78292,1.00,1.00
2015.03.06 10:49:22.635,0.78268,0.78291,1.00,1.00
2015.03.06 10:49:23.077,0.78266,0.78289,1.00,1.00
2015.03.06 10:49:26.490,0.7827,0.78293,1.00,1.00
2015.03.06 10:49:33.085,0.78276,0.78299,1.00,1.00
2015.03.06 10:49:33.492,0.78279,0.78302,1.00,1.00
2015.03.06 10:49:33.592,0.78277,0.78302,1.00,1.00
2015.03.06 10:49:34.096,0.78283,0.78306,1.00,1.00
2015.03.06 10:49:42.787,0.78287,0.7831,1.00,1.00
2015.03.06 10:49:46.793,0.78286,0.78309,1.00,1.00
2015.03.06 10:49:51.962,0.78288,0.78311,1.00,1.00
2015.03.06 10:49:53.446,0.78294,0.78317,1.00,1.12
2015.03.06 10:49:55.701,0.78292,0.78315,1.00,1.00
2015.03.06 10:50:02.450,0.78291,0.78314,1.00,1.00
2015.03.06 10:50:02.963,0.78288,0.78311,1.00,1.00
2015.03.06 10:50:07.979,0.78289,0.78312,1.00,1.00
2015.03.06 10:50:09.826,0.78287,0.78312,1.00,1.00
2015.03.06 10:50:09.893,0.78287,0.7831,1.00,1.00
2015.03.06 10:50:12.456,0.78282,0.78307,1.00,1.00
2015.03.06 10:50:12.657,0.78281,0.78304,1.00,1.00
2015.03.06 10:50:13.236,0.78277,0.78302,1.00,1.00
2015.03.06 10:50:13.787,0.78273,0.78298,1.00,1.00
2015.03.06 10:50:15.299,0.78268,0.78291,1.00,1.00
2015.03.06 10:50:15.393,0.78266,0.78291,1.00,1.00
2015.03.06 10:50:16.319,0.78266,0.7829,1.00,1.00
2015.03.06 10:50:16.895,0.78266,0.78289,1.00,1.00
2015.03.06 10:50:19.134,0.78263,0.78286,1.00,1.00
2015.03.06 10:50:19.665,0.78264,0.78287,1.00,1.00
2015.03.06 10:50:20.031,0.78265,0.7829,1.00,1.00
2015.03.06 10:50:20.783,0.78268,0.78291,1.00,1.00
2015.03.06 10:50:23.796,0.78268,0.7829,1.00,1.00
2015.03.06 10:50:24.304,0.78267,0.7829,1.00,1.50
2015.03.06 10:50:24.552,0.78265,0.7829,1.00,1.50
2015.03.06 10:50:25.866,0.78262,0.78285,1.00,1.50
2015.03.06 10:50:26.436,0.78261,0.78284,1.00,1.00
2015.03.06 10:50:26.943,0.78258,0.78283,1.00,1.00
2015.03.06 10:50:31.373,0.7826,0.78283,1.00,1.00
2015.03.06 10:50:31.693,0.78262,0.78285,1.00,1.00
2015.03.06 10:50:33.991,0.78265,0.78288,1.00,1.00
2015.03.06 10:50:36.995,0.78265,0.78285,1.00,1.00
2015.03.06 10:50:37.095,0.78261,0.78284,1.00,1.00
2015.03.06 10:50:37.503,0.78255,0.7828,1.00,1.00
2015.03.06 10:50:45.863,0.78255,0.78278,1.00,1.00
2015.03.06 10:50:47.556,0.78257,0.7828,1.00,1.00
2015.03.06 10:50:49.274,0.78255,0.78278,1.00,1.00
2015.03.06 10:50:49.862,0.78253,0.78278,1.00,1.00
2015.03.06 10:50:52.289,0.78251,0.78276,1.00,1.00
2015.03.06 10:50:54.334,0.78253,0.78276,1.00,1.00
2015.03.06 10:50:54.862,0.78252,0.78275,1.00,1.00
2015.03.06 10:50:56.297,0.78253,0.78276,1.00,1.00
2015.03.06 10:50:57.085,0.78255,0.78278,1.00,1.00
2015.03.06 10:50:57.467,0.78253,0.78276,1.00,1.00
2015.03.06 10:50:58.475,0.78247,0.78272,1.00,1.00
2015.03.06 10:50:58.623,0.78249,0.78272,1.00,1.00
2015.03.06 10:50:58.959,0.78251,0.78274,1.00,1.00
2015.03.06 10:50:59.284,0.78251,0.78276,1.00,1.00
2015.03.06 10:51:00.056,0.78252,0.78275,1.00,1.00
2015.03.06 10:51:00.424,0.78252,0.78277,1.00,1.00
2015.03.06 10:51:00.493,0.78254,0.78277,1.00,1.00
2015.03.06 10:51:00.825,0.78261,0.78285,1.00,1.00
2015.03.06 10:51:00.934,0.78264,0.78285,1.00,1.00
2015.03.06 10:51:02.196,0.78264,0.78287,1.00,1.37
2015.03.06 10:51:04.059,0.78259,0.78282,1.00,1.00
2015.03.06 10:51:04.565,0.78258,0.78281,1.00,1.00
2015.03.06 10:51:10.833,0.78259,0.78282,1.00,1.00
2015.03.06 10:51:11.273,0.78256,0.78279,1.00,1.00
2015.03.06 10:51:18.343,0.78258,0.78281,1.00,1.00
2015.03.06 10:51:26.783,0.78256,0.78279,1.00,1.00
2015.03.06 10:51:28.916,0.78258,0.78281,1.00,1.00
2015.03.06 10:51:29.255,0.78256,0.78279,1.00,1.00
2015.03.06 10:51:40.092,0.78255,0.78278,1.00,1.00
2015.03.06 10:51:40.635,0.78254,0.78277,1.00,1.00
2015.03.06 10:51:41.853,0.78253,0.78276,1.00,1.00
2015.03.06 10:51:42.404,0.78252,0.78275,1.00,1.00
2015.03.06 10:51:42.631,0.78248,0.78273,1.00,1.00
2015.03.06 10:51:46.145,0.78247,0.7827,1.00,1.00
2015.03.06 10:51:47.806,0.78247,0.78272,1.00,1.00
2015.03.06 10:51:48.344,0.78248,0.78273,1.00,1.00
2015.03.06 10:51:55.185,0.78247,0.7827,1.00,1.00
2015.03.06 10:51:56.042,0.78245,0.7827,1.00,1.00
2015.03.06 10:51:58.056,0.78245,0.78268,1.00,1.00
2015.03.06 10:51:58.408,0.78243,0.78266,1.00,1.00
2015.03.06 10:51:59.013,0.78245,0.78268,1.00,1.00
2015.03.06 10:51:59.496,0.78243,0.78266,1.00,1.00
2015.03.06 10:52:00.124,0.78244,0.78267,1.00,1.00
2015.03.06 10:52:00.994,0.78244,0.78269,1.00,1.00
2015.03.06 10:52:05.546,0.78249,0.78272,1.00,1.00
2015.03.06 10:52:10.563,0.78247,0.7827,1.00,1.00
2015.03.06 10:52:10.894,0.78243,0.78266,1.00,1.00
2015.03.06 10:52:11.487,0.78237,0.78262,1.37,1.00
2015.03.06 10:52:11.538,0.78237,0.78262,1.00,1.00
2015.03.06 10:52:11.588,0.78236,0.78259,1.00,1.00
2015.03.06 10:52:13.134,0.78234,0.78257,1.00,1.00
2015.03.06 10:52:13.671,0.78233,0.78256,1.00,1.00
2015.03.06 10:52:14.786,0.78231,0.78256,1.00,1.00
2015.03.06 10:52:17.099,0.7823,0.78255,1.00,1.00
2015.03.06 10:52:20.357,0.7823,0.78253,1.00,1.00
2015.03.06 10:52:38.721,0.78228,0.78251,1.00,1.00
2015.03.06 10:52:40.490,0.78224,0.78247,1.00,1.00
2015.03.06 10:52:41.653,0.78223,0.78246,1.00,1.00
2015.03.06 10:52:43.235,0.78221,0.78246,1.00,1.00
2015.03.06 10:52:43.350,0.7822,0.78243,1.00,1.00
2015.03.06 10:52:45.335,0.78221,0.78244,1.00,1.00
2015.03.06 10:52:55.663,0.78224,0.78248,1.00,1.00
2015.03.06 10:52:56.241,0.78225,0.78248,1.00,1.00
2015.03.06 10:52:57.719,0.7823,0.78255,1.00,1.00
2015.03.06 10:53:00.501,0.7823,0.78253,1.00,1.00
2015.03.06 10:53:01.933,0.78231,0.78254,1.00,1.00
2015.03.06 10:53:04.352,0.78229,0.78252,1.00,1.00
2015.03.06 10:53:22.611,0.7823,0.78253,1.00,1.00
2015.03.06 10:53:29.653,0.78231,0.78254,1.00,1.00
2015.03.06 10:53:36.358,0.78229,0.78252,1.00,1.00
2015.03.06 10:53:42.040,0.78231,0.78256,1.00,1.00
2015.03.06 10:53:42.343,0.78234,0.78257,1.00,1.00
2015.03.06 10:53:43.732,0.78235,0.78258,1.00,1.00
2015.03.06 10:53:45.094,0.78236,0.78259,1.00,1.00
2015.03.06 10:53:45.942,0.78235,0.78258,1.00,1.00
2015.03.06 10:53:46.621,0.78234,0.78257,1.00,1.00
2015.03.06 10:53:47.625,0.78234,0.78259,1.00,1.00
2015.03.06 10:54:02.133,0.78236,0.78259,1.00,1.00
2015.03.06 10:54:06.105,0.78233,0.78256,1.00,1.00
2015.03.06 10:54:16.221,0.78232,0.78255,1.00,1.00
2015.03.06 10:54:17.541,0.78227,0.7825,1.00,1.00
2015.03.06 10:54:17.977,0.78225,0.78248,1.00,1.00
2015.03.06 10:54:18.636,0.78224,0.78247,1.00,1.00
2015.03.06 10:54:27.953,0.78222,0.78247,1.00,1.00
2015.03.06 10:54:28.392,0.78222,0.78245,1.00,1.00
2015.03.06 10:54:50.576,0.78226,0.78249,1.00,1.00
2015.03.06 10:54:50.940,0.7823,0.78255,1.00,1.00
2015.03.06 10:54:55.012,0.78232,0.78257,1.00,1.00
2015.03.06 10:54:57.411,0.78235,0.78258,1.00,1.00
2015.03.06 10:55:04.020,0.78236,0.78259,1.00,1.00
2015.03.06 10:55:06.879,0.78233,0.78256,1.00,1.00
2015.03.06 10:55:09.440,0.78235,0.78258,1.00,1.00
2015.03.06 10:55:09.959,0.78234,0.78259,1.00,1.00
2015.03.06 10:55:19.403,0.78235,0.78258,1.00,1.00
2015.03.06 10:55:20.443,0.78234,0.78257,1.00,1.00
2015.03.06 10:55:27.230,0.78233,0.78256,1.00,1.00
2015.03.06 10:55:35.612,0.78234,0.78257,1.00,1.00
2015.03.06 10:55:36.332,0.78235,0.78258,1.00,1.00
2015.03.06 10:55:38.383,0.78238,0.78261,1.00,1.00
2015.03.06 10:55:43.956,0.78236,0.78259,1.00,1.00
2015.03.06 10:55:46.292,0.78238,0.78261,1.00,1.00
2015.03.06 10:55:52.544,0.78238,0.7826,1.00,1.00
2015.03.06 10:55:53.153,0.78238,0.78261,1.00,1.00
2015.03.06 10:55:53.739,0.78237,0.7826,1.00,1.00
2015.03.06 10:55:55.171,0.78234,0.78257,1.00,1.00
2015.03.06 10:55:55.941,0.78237,0.7826,1.00,1.50
2015.03.06 10:55:58.040,0.78238,0.78261,1.00,1.00
2015.03.06 10:55:58.700,0.78237,0.7826,1.00,1.00
2015.03.06 10:55:59.019,0.78239,0.78262,1.00,1.00
2015.03.06 10:55:59.923,0.7824,0.78263,1.00,1.00
2015.03.06 10:56:02.258,0.78241,0.78264,1.00,1.00
2015.03.06 10:56:02.862,0.7824,0.78263,1.00,1.00
2015.03.06 10:56:03.655,0.78241,0.78264,1.00,1.00
2015.03.06 10:56:03.800,0.78241,0.78266,1.00,1.00
2015.03.06 10:56:07.953,0.78244,0.78269,1.00,1.00
2015.03.06 10:56:10.681,0.78244,0.78267,1.00,1.00
2015.03.06 10:56:13.208,0.78245,0.78268,1.00,1.00
2015.03.06 10:56:16.399,0.78243,0.78268,1.00,1.00
2015.03.06 10:56:17.610,0.7824,0.78263,1.00,1.00
2015.03.06 10:56:18.676,0.78244,0.78267,1.00,1.00
2015.03.06 10:56:20.693,0.78241,0.78264,1.00,1.00
2015.03.06 10:56:20.798,0.78243,0.78268,1.00,1.00
2015.03.06 10:56:26.848,0.78242,0.78265,1.00,1.00
2015.03.06 10:56:27.842,0.78244,0.78267,1.00,1.00
2015.03.06 10:56:28.363,0.78245,0.78268,1.00,1.00
2015.03.06 10:56:28.620,0.7825,0.78275,1.00,1.12
2015.03.06 10:56:30.821,0.7825,0.7827,1.00,1.00
2015.03.06 10:56:30.931,0.7825,0.78275,1.00,1.87
2015.03.06 10:56:33.450,0.78253,0.78275,1.00,1.00
2015.03.06 10:56:34.899,0.78256,0.78275,1.00,1.00
2015.03.06 10:56:35.319,0.78254,0.78275,1.00,1.00
2015.03.06 10:56:36.345,0.78252,0.78275,1.00,1.87
2015.03.06 10:56:36.396,0.78252,0.78275,1.00,1.87
2015.03.06 10:56:36.447,0.7825,0.78273,1.00,1.12
2015.03.06 10:56:36.758,0.7825,0.78271,1.00,1.00
2015.03.06 10:56:37.203,0.7825,0.78273,1.00,1.00
2015.03.06 10:56:41.158,0.7825,0.7827,1.00,1.00
2015.03.06 10:56:41.392,0.78247,0.7827,1.00,1.50
2015.03.06 10:56:41.702,0.7825,0.78273,1.00,1.00
2015.03.06 10:56:41.809,0.78248,0.78273,1.00,1.00
2015.03.06 10:56:42.478,0.78248,0.7827,1.00,1.00
2015.03.06 10:56:44.489,0.7825,0.78273,1.00,1.00
2015.03.06 10:56:45.136,0.78251,0.78274,1.00,1.00
2015.03.06 10:56:47.116,0.78251,0.78275,1.00,1.00
2015.03.06 10:56:47.238,0.78253,0.78275,1.00,1.00
2015.03.06 10:56:47.458,0.78255,0.78278,1.00,1.00
2015.03.06 10:56:53.798,0.78253,0.78276,1.00,1.00
2015.03.06 10:56:57.463,0.78257,0.7828,1.00,1.50
2015.03.06 10:56:57.564,0.78255,0.7828,1.00,1.50
2015.03.06 10:56:57.665,0.78257,0.7828,1.00,1.00
2015.03.06 10:56:57.879,0.78257,0.78282,1.00,1.00
2015.03.06 10:57:00.398,0.7826,0.78283,1.00,1.00
2015.03.06 10:57:01.058,0.78255,0.7828,1.00,1.00
2015.03.06 10:57:04.248,0.78257,0.7828,1.00,1.00
2015.03.06 10:57:05.460,0.78257,0.78282,1.00,1.00
2015.03.06 10:57:06.322,0.78254,0.78277,1.00,1.00
2015.03.06 10:57:09.309,0.78253,0.78276,1.00,1.00
2015.03.06 10:57:17.558,0.78251,0.78276,1.00,1.00
2015.03.06 10:57:20.775,0.78248,0.78271,1.00,1.00
2015.03.06 10:57:25.808,0.78247,0.7827,1.00,1.00
2015.03.06 10:57:29.685,0.78245,0.78268,1.00,1.00
2015.03.06 10:57:30.324,0.78244,0.78267,1.00,1.00
2015.03.06 10:57:30.638,0.7824,0.78263,1.00,1.00
2015.03.06 10:57:30.689,0.78238,0.78263,1.00,1.00
2015.03.06 10:57:30.908,0.78238,0.78261,1.00,1.00
2015.03.06 10:57:31.622,0.78237,0.7826,1.00,1.00
2015.03.06 10:57:31.956,0.78239,0.78262,1.00,1.00
2015.03.06 10:57:32.616,0.7824,0.78263,1.00,1.00
2015.03.06 10:57:35.157,0.78242,0.78265,1.00,1.00
2015.03.06 10:57:44.357,0.78241,0.78264,1.00,1.00
2015.03.06 10:57:47.218,0.78239,0.78264,1.00,1.00
2015.03.06 10:57:47.327,0.78238,0.78261,1.00,1.00
2015.03.06 10:57:50.630,0.7824,0.78263,1.00,1.00
2015.03.06 10:57:54.697,0.78242,0.78265,1.00,1.00
2015.03.06 10:58:00.419,0.78244,0.78267,1.00,1.00
2015.03.06 10:58:07.146,0.78245,0.78268,1.00,1.00
2015.03.06 10:58:07.828,0.78242,0.78265,1.00,1.00
2015.03.06 10:58:13.838,0.78245,0.78268,1.00,1.00
2015.03.06 10:58:14.205,0.78248,0.78271,1.00,1.00
2015.03.06 10:58:15.048,0.78249,0.78272,1.00,1.00
2015.03.06 10:58:24.302,0.78256,0.78279,1.00,1.12
2015.03.06 10:58:26.707,0.78252,0.78277,1.00,1.00
2015.03.06 10:58:28.607,0.7825,0.78273,1.00,1.00
2015.03.06 10:58:30.060,0.78249,0.78272,1.00,1.00
2015.03.06 10:58:30.715,0.78246,0.78269,1.00,1.00
2015.03.06 10:58:34.176,0.78247,0.7827,1.00,1.00
2015.03.06 10:58:35.766,0.78249,0.78272,1.00,1.12
2015.03.06 10:58:40.789,0.7825,0.78273,1.00,1.00
2015.03.06 10:58:43.892,0.78249,0.78272,1.00,1.00
2015.03.06 10:58:44.884,0.7825,0.78273,1.00,1.00
2015.03.06 10:58:46.837,0.78249,0.78272,1.00,1.00
2015.03.06 10:58:50.401,0.78247,0.7827,1.00,1.00
2015.03.06 10:58:50.745,0.78249,0.78272,1.00,1.00
2015.03.06 10:58:54.321,0.78246,0.78271,1.00,1.00
2015.03.06 10:58:54.558,0.78249,0.78272,1.00,1.00
2015.03.06 10:58:54.757,0.78247,0.78272,1.00,1.00
2015.03.06 10:58:59.707,0.78246,0.78269,1.00,1.00
2015.03.06 10:59:01.021,0.78247,0.7827,1.00,1.00
2015.03.06 10:59:02.896,0.78244,0.78267,1.00,1.00
2015.03.06 10:59:03.658,0.78243,0.78266,1.00,1.00
2015.03.06 10:59:04.216,0.78239,0.78262,1.00,1.00
2015.03.06 10:59:06.538,0.78239,0.78264,1.00,1.00
2015.03.06 10:59:06.639,0.78241,0.78264,1.00,1.00
2015.03.06 10:59:06.747,0.78239,0.78264,1.00,1.00
2015.03.06 10:59:06.989,0.78239,0.78262,1.00,1.00
2015.03.06 10:59:14.118,0.78238,0.78261,1.00,1.00
2015.03.06 10:59:17.414,0.7824,0.78264,1.00,1.00
2015.03.06 10:59:17.656,0.78235,0.78259,1.00,1.00
2015.03.06 10:59:17.958,0.78231,0.78254,1.00,1.00
2015.03.06 10:59:20.505,0.7823,0.78253,1.00,1.00
2015.03.06 10:59:21.038,0.78229,0.78252,1.00,1.00
2015.03.06 10:59:23.125,0.78231,0.78256,1.00,1.00
2015.03.06 10:59:26.326,0.78231,0.78254,1.00,1.00
2015.03.06 10:59:26.895,0.78232,0.78255,1.00,1.00
2015.03.06 10:59:30.195,0.78235,0.78258,1.00,1.00
2015.03.06 10:59:30.299,0.78232,0.78257,1.00,1.00
2015.03.06 10:59:30.620,0.78232,0.78255,1.00,1.00
2015.03.06 10:59:32.667,0.78235,0.78255,1.00,1.00
2015.03.06 10:59:33.871,0.7824,0.78265,1.00,1.00
2015.03.06 10:59:34.426,0.78241,0.78266,1.00,1.00
2015.03.06 10:59:35.017,0.78243,0.78266,1.00,1.00
2015.03.06 10:59:35.460,0.78247,0.7827,1.00,1.00
2015.03.06 10:59:35.802,0.78243,0.78266,1.00,1.00
2015.03.06 10:59:35.902,0.78245,0.7827,1.00,1.00
2015.03.06 10:59:36.117,0.78248,0.78271,1.00,1.00
2015.03.06 10:59:39.309,0.78251,0.78274,1.00,1.00
2015.03.06 10:59:39.649,0.78253,0.78276,1.00,1.00
2015.03.06 10:59:40.205,0.78255,0.78278,1.00,1.00
2015.03.06 10:59:40.844,0.78254,0.78277,1.00,1.00
2015.03.06 10:59:45.187,0.78251,0.78274,1.00,1.00
2015.03.06 10:59:45.706,0.78248,0.78271,1.00,1.00
2015.03.06 10:59:46.027,0.78243,0.78266,1.00,1.00
2015.03.06 10:59:46.636,0.78244,0.78267,1.00,1.00
2015.03.06 10:59:46.965,0.78247,0.7827,1.00,1.00
2015.03.06 10:59:47.608,0.78249,0.78272,1.00,1.00
2015.03.06 10:59:47.659,0.78244,0.78269,1.00,1.00
2015.03.06 10:59:48.034,0.78246,0.78269,1.00,1.00
2015.03.06 10:59:48.677,0.78247,0.7827,1.00,1.00
2015.03.06 10:59:49.236,0.78248,0.78271,1.00,1.00
2015.03.06 10:59:50.143,0.78246,0.78271,1.00,1.00
2015.03.06 10:59:50.245,0.78249,0.78274,1.00,1.12
2015.03.06 10:59:50.788,0.7825,0.78273,1.00,1.00
2015.03.06 10:59:52.286,0.7825,0.78275,1.00,1.12
2015.03.06 10:59:52.762,0.78253,0.78276,1.00,1.00
2015.03.06 10:59:53.063,0.78256,0.78279,1.00,1.00
2015.03.06 10:59:54.267,0.78258,0.78281,1.00,1.00
2015.03.06 10:59:55.924,0.78262,0.78285,1.00,1.00
2015.03.06 10:59:57.171,0.78261,0.78284,1.00,1.00
2015.03.06 10:59:57.477,0.78258,0.78283,1.00,1.00
2015.03.06 10:59:57.978,0.78259,0.78282,1.00,1.00
2015.03.06 10:59:58.528,0.7826,0.78283,1.00,1.00
