2015.03.09 20:00:00.215,0.78245,0.78269,1.00,1.37
2015.03.09 20:00:00.265,0.78243,0.78269,1.00,1.37
2015.03.09 20:00:00.396,0.7823,0.7827,1.37,2.00
2015.03.09 20:00:00.509,0.78244,0.78268,1.00,1.37
2015.03.09 20:00:00.824,0.78245,0.78269,1.00,1.37
2015.03.09 20:00:00.947,0.78247,0.7827,1.00,1.37
2015.03.09 20:00:01.137,0.78243,0.78267,1.00,1.37
2015.03.09 20:00:01.694,0.78243,0.78267,1.00,1.37
2015.03.09 20:00:03.918,0.78245,0.78269,1.00,1.50
2015.03.09 20:00:04.068,0.78245,0.78269,1.00,1.37
2015.03.09 20:00:04.617,0.78244,0.78268,1.00,1.37
2015.03.09 20:00:04.668,0.78245,0.78269,1.00,1.37
2015.03.09 20:00:05.235,0.78246,0.7827,1.00,1.37
2015.03.09 20:00:06.750,0.78246,0.7827,1.00,1.87
2015.03.09 20:00:07.308,0.78246,0.7827,1.00,1.87
2015.03.09 20:00:13.376,0.78246,0.7827,1.00,1.37
2015.03.09 20:00:13.997,0.78248,0.78271,1.00,1.37
2015.03.09 20:00:14.501,0.78249,0.78273,1.00,1.37
2015.03.09 20:00:14.552,0.78251,0.78275,1.00,3.00
2015.03.09 20:00:14.674,0.78251,0.78275,1.00,1.37
2015.03.09 20:00:15.076,0.78251,0.78275,1.00,1.50
2015.03.09 20:00:15.581,0.78252,0.78275,1.00,1.50
2015.03.09 20:00:16.683,0.78252,0.78275,1.00,1.37
2015.03.09 20:00:20.914,0.78252,0.78275,1.00,1.75
2015.03.09 20:00:21.072,0.78249,0.78273,1.00,1.37
2015.03.09 20:00:21.496,0.78249,0.78273,1.00,1.75
2015.03.09 20:00:21.597,0.78246,0.7827,1.00,1.50
2015.03.09 20:00:21.727,0.78243,0.78267,1.00,1.37
2015.03.09 20:00:21.831,0.7824,0.78264,1.00,1.12
2015.03.09 20:00:22.298,0.7824,0.78264,1.00,1.37
2015.03.09 20:00:23.719,0.78242,0.78266,1.00,1.37
2015.03.09 20:00:24.050,0.78249,0.78273,1.00,1.75
2015.03.09 20:00:24.105,0.78249,0.78273,1.00,1.37
2015.03.09 20:00:24.271,0.78252,0.78275,1.00,1.37
2015.03.09 20:00:24.321,0.78252,0.78275,1.00,1.37
2015.03.09 20:00:24.372,0.78256,0.78275,1.00,1.37
2015.03.09 20:00:24.472,0.78256,0.7828,1.00,1.00
2015.03.09 20:00:24.686,0.78256,0.78282,1.00,1.00
2015.03.09 20:00:24.798,0.78256,0.7828,1.00,1.00
2015.03.09 20:00:25.217,0.78256,0.78281,1.00,1.37
2015.03.09 20:00:27.318,0.78261,0.78285,1.00,1.50
2015.03.09 20:00:27.419,0.78259,0.78283,1.00,1.37
2015.03.09 20:00:27.674,0.78257,0.78281,1.00,1.37
2015.03.09 20:00:27.774,0.78254,0.78278,1.00,1.12
2015.03.09 20:00:27.824,0.78254,0.78278,1.00,1.37
2015.03.09 20:00:27.875,0.78251,0.78275,1.00,1.37
2015.03.09 20:00:27.925,0.78251,0.78275,1.00,1.50
2015.03.09 20:00:28.077,0.78247,0.78271,1.00,1.37
2015.03.09 20:00:29.066,0.78245,0.78271,1.00,1.37
2015.03.09 20:00:29.218,0.78245,0.78271,1.00,1.37
2015.03.09 20:00:30.626,0.78245,0.78269,1.00,1.00
2015.03.09 20:00:31.947,0.78247,0.78271,1.00,1.37
2015.03.09 20:00:32.456,0.78246,0.7827,1.00,1.37
2015.03.09 20:00:35.596,0.78247,0.78271,1.00,1.37
2015.03.09 20:00:35.647,0.78247,0.78271,1.00,1.12
2015.03.09 20:00:35.697,0.78249,0.78273,1.00,1.37
2015.03.09 20:00:36.229,0.78247,0.78271,1.00,1.00
2015.03.09 20:00:36.279,0.78247,0.78271,1.00,1.37
2015.03.09 20:00:36.335,0.78247,0.78271,1.00,1.37
2015.03.09 20:00:37.037,0.78247,0.78271,1.00,1.37
2015.03.09 20:00:39.742,0.78247,0.78271,1.00,1.37
2015.03.09 20:00:41.941,0.7825,0.78274,1.00,1.75
2015.03.09 20:00:41.991,0.7825,0.78274,1.00,1.37
2015.03.09 20:00:42.406,0.78247,0.78273,1.00,1.37
2015.03.09 20:00:42.506,0.7825,0.78274,1.00,1.37
2015.03.09 20:00:42.635,0.78248,0.78272,1.00,1.37
2015.03.09 20:00:42.957,0.7825,0.78274,1.00,1.37
2015.03.09 20:00:43.466,0.7825,0.78274,1.00,1.37
2015.03.09 20:00:43.585,0.78247,0.78273,1.00,1.37
2015.03.09 20:00:43.751,0.78246,0.7827,1.00,1.37
2015.03.09 20:00:43.915,0.78243,0.78269,1.00,1.37
2015.03.09 20:00:44.635,0.78243,0.78269,1.00,1.37
2015.03.09 20:00:47.435,0.78242,0.78266,1.00,1.00
2015.03.09 20:00:47.486,0.78242,0.78266,1.00,1.37
2015.03.09 20:00:47.770,0.78244,0.78268,1.00,1.12
2015.03.09 20:00:48.280,0.78245,0.78271,1.00,1.37
2015.03.09 20:00:57.172,0.78245,0.78271,1.00,1.37
2015.03.09 20:00:57.273,0.78247,0.78271,1.00,1.37
2015.03.09 20:00:57.852,0.78248,0.78272,1.00,1.37
2015.03.09 20:00:58.776,0.78248,0.78272,1.00,1.37
2015.03.09 20:00:59.086,0.7825,0.78274,1.00,1.37
2015.03.09 20:00:59.237,0.78246,0.7827,1.00,1.37
2015.03.09 20:01:01.335,0.78248,0.78274,1.00,1.50
2015.03.09 20:01:01.864,0.7825,0.78274,1.00,1.50
2015.03.09 20:01:01.965,0.78248,0.78272,1.00,1.37
2015.03.09 20:01:04.189,0.78248,0.78272,1.00,1.37
2015.03.09 20:01:04.305,0.78245,0.78269,1.00,1.37
2015.03.09 20:01:04.496,0.78243,0.78267,1.00,1.37
2015.03.09 20:01:04.597,0.78243,0.78267,1.00,1.37
2015.03.09 20:01:08.464,0.7824,0.78264,1.00,1.37
2015.03.09 20:01:08.565,0.78238,0.78264,1.00,1.37
2015.03.09 20:01:08.799,0.78241,0.78265,1.00,1.37
2015.03.09 20:01:09.258,0.78243,0.78267,1.00,1.37
2015.03.09 20:01:09.858,0.78243,0.78267,1.00,1.37
2015.03.09 20:01:14.834,0.78243,0.78267,1.00,1.37
2015.03.09 20:01:14.935,0.78245,0.78269,1.00,1.37
2015.03.09 20:01:15.466,0.78245,0.78269,1.00,1.37
2015.03.09 20:01:15.965,0.78243,0.78267,1.00,1.37
2015.03.09 20:01:18.377,0.78243,0.78267,1.00,1.37
2015.03.09 20:01:20.168,0.78243,0.78269,1.00,1.37
2015.03.09 20:01:23.583,0.78243,0.78269,1.00,1.37
2015.03.09 20:01:24.166,0.78242,0.78265,1.00,1.00
2015.03.09 20:01:24.930,0.78243,0.78267,1.00,1.37
2015.03.09 20:01:25.495,0.78243,0.78267,1.00,1.50
2015.03.09 20:01:25.545,0.78241,0.78267,1.00,1.50
2015.03.09 20:01:25.696,0.78242,0.78266,1.00,1.37
2015.03.09 20:01:26.299,0.78243,0.78267,1.00,1.37
2015.03.09 20:01:28.794,0.78245,0.78269,1.00,1.37
2015.03.09 20:01:34.334,0.78244,0.78268,1.00,1.37
2015.03.09 20:01:34.870,0.78245,0.78269,1.00,1.37
2015.03.09 20:01:35.130,0.78245,0.78269,1.00,1.00
2015.03.09 20:01:35.231,0.78249,0.78271,1.00,1.37
2015.03.09 20:01:35.536,0.78252,0.78275,1.00,1.50
2015.03.09 20:01:35.873,0.78253,0.78275,1.00,1.37
2015.03.09 20:01:35.985,0.78255,0.78275,1.00,1.37
2015.03.09 20:01:37.264,0.78253,0.78277,1.00,1.37
2015.03.09 20:01:41.005,0.78254,0.78278,1.00,1.37
2015.03.09 20:01:47.474,0.78254,0.78278,1.00,1.37
2015.03.09 20:01:47.524,0.78256,0.7828,1.00,1.87
2015.03.09 20:01:47.575,0.78256,0.7828,1.00,1.50
2015.03.09 20:01:47.625,0.7826,0.7828,1.00,1.00
2015.03.09 20:01:47.675,0.7826,0.78284,1.00,1.37
2015.03.09 20:01:48.978,0.7826,0.78284,1.00,1.37
2015.03.09 20:01:49.514,0.78259,0.78283,1.00,1.37
2015.03.09 20:01:52.885,0.78258,0.7828,1.00,1.37
2015.03.09 20:01:53.216,0.78253,0.78277,1.00,1.37
2015.03.09 20:01:53.342,0.78248,0.78274,1.00,1.12
2015.03.09 20:01:53.442,0.78248,0.78272,1.00,1.37
2015.03.09 20:01:53.978,0.78248,0.7827,1.00,1.37
2015.03.09 20:02:02.849,0.78248,0.7827,1.00,1.37
2015.03.09 20:02:02.899,0.78245,0.78269,1.00,1.37
2015.03.09 20:02:03.484,0.78243,0.78267,1.00,1.12
2015.03.09 20:02:03.603,0.78243,0.78267,1.00,1.37
2015.03.09 20:02:04.314,0.78243,0.78265,1.00,1.37
2015.03.09 20:02:04.364,0.78241,0.78265,1.00,1.87
2015.03.09 20:02:05.539,0.78242,0.78266,1.00,1.37
2015.03.09 20:02:05.644,0.7824,0.78264,1.00,1.37
2015.03.09 20:02:06.285,0.7824,0.78264,1.00,1.12
2015.03.09 20:02:08.215,0.78239,0.78263,1.00,1.37
2015.03.09 20:02:08.745,0.7824,0.78264,1.00,1.37
2015.03.09 20:02:10.414,0.78238,0.78264,1.00,1.37
2015.03.09 20:02:11.039,0.7824,0.78264,1.00,1.12
2015.03.09 20:02:17.634,0.78243,0.78265,1.00,1.37
2015.03.09 20:02:18.081,0.78245,0.78269,1.00,1.37
2015.03.09 20:02:18.293,0.78242,0.78266,1.00,1.12
2015.03.09 20:02:20.825,0.78243,0.78267,1.00,1.12
2015.03.09 20:02:20.945,0.78246,0.7827,1.00,1.87
2015.03.09 20:02:20.995,0.78246,0.7827,1.00,1.50
2015.03.09 20:02:21.166,0.78249,0.7827,1.00,1.00
2015.03.09 20:02:21.710,0.78249,0.78273,1.00,1.37
2015.03.09 20:02:22.594,0.7825,0.78274,1.00,1.37
2015.03.09 20:02:23.167,0.78249,0.78273,1.00,1.37
2015.03.09 20:02:23.703,0.78249,0.7827,1.00,1.00
2015.03.09 20:02:24.853,0.78249,0.78273,1.00,1.37
2015.03.09 20:02:25.386,0.7825,0.78274,1.00,1.37
2015.03.09 20:02:26.114,0.78247,0.78271,1.00,1.12
2015.03.09 20:02:28.373,0.78247,0.7827,1.00,1.00
2015.03.09 20:02:29.914,0.78247,0.78271,1.00,1.87
2015.03.09 20:02:34.503,0.78251,0.78275,1.00,1.37
2015.03.09 20:02:35.011,0.78251,0.78275,1.00,1.87
2015.03.09 20:02:35.539,0.78251,0.78275,1.00,1.37
2015.03.09 20:02:35.903,0.78253,0.78277,1.00,1.37
2015.03.09 20:02:47.334,0.78256,0.7828,1.00,3.00
2015.03.09 20:02:47.494,0.78257,0.7828,1.00,1.37
2015.03.09 20:02:47.674,0.78255,0.78279,1.00,1.50
2015.03.09 20:02:48.243,0.78254,0.78278,1.00,1.37
2015.03.09 20:03:00.104,0.78254,0.78278,1.00,1.37
2015.03.09 20:03:18.661,0.78254,0.78275,1.00,1.37
2015.03.09 20:03:37.072,0.78253,0.78275,1.00,1.37
2015.03.09 20:03:42.835,0.78253,0.78275,1.00,1.12
2015.03.09 20:03:46.422,0.78256,0.78275,1.00,1.00
2015.03.09 20:03:47.725,0.78256,0.78275,1.00,1.37
2015.03.09 20:03:51.816,0.78254,0.78276,1.00,1.37
2015.03.09 20:03:53.352,0.78255,0.78281,1.00,1.75
2015.03.09 20:04:00.531,0.78257,0.7828,1.00,1.75
2015.03.09 20:04:00.613,0.78253,0.78279,1.00,1.50
2015.03.09 20:04:00.878,0.78253,0.78279,1.00,1.37
2015.03.09 20:04:01.272,0.78256,0.7828,1.00,1.87
2015.03.09 20:04:02.220,0.78256,0.7828,1.00,1.50
2015.03.09 20:04:02.610,0.78254,0.78278,1.00,1.37
2015.03.09 20:04:02.702,0.78256,0.78282,1.00,1.50
2015.03.09 20:04:02.924,0.78254,0.78278,1.00,1.37
2015.03.09 20:04:03.034,0.78257,0.7828,1.00,1.37
2015.03.09 20:04:03.340,0.78257,0.7828,1.00,1.50
2015.03.09 20:04:03.692,0.78254,0.78278,1.00,1.37
2015.03.09 20:04:03.912,0.78256,0.7828,1.00,3.00
2015.03.09 20:04:04.737,0.78256,0.7828,1.00,1.75
2015.03.09 20:04:15.222,0.78256,0.7828,1.00,1.50
2015.03.09 20:04:16.455,0.78253,0.78277,1.00,1.37
2015.03.09 20:04:17.532,0.78253,0.78277,1.00,1.12
2015.03.09 20:04:18.133,0.78253,0.78277,1.00,1.37
2015.03.09 20:04:20.742,0.78254,0.78278,1.00,1.37
2015.03.09 20:04:26.684,0.78256,0.7828,1.00,3.00
2015.03.09 20:04:26.995,0.78258,0.78284,1.00,1.50
2015.03.09 20:04:27.045,0.78261,0.78287,1.00,1.75
2015.03.09 20:04:27.095,0.78261,0.78287,1.00,1.50
2015.03.09 20:04:27.146,0.78263,0.78287,1.00,1.50
2015.03.09 20:04:27.297,0.78265,0.78289,1.00,1.37
2015.03.09 20:04:27.778,0.78265,0.78289,1.00,1.37
2015.03.09 20:04:28.162,0.78265,0.78289,1.00,1.37
2015.03.09 20:04:30.482,0.78265,0.78289,1.00,1.37
2015.03.09 20:04:30.802,0.78273,0.78295,1.00,1.12
2015.03.09 20:04:30.902,0.78277,0.78295,1.00,1.00
2015.03.09 20:04:30.953,0.78277,0.78303,1.00,1.50
2015.03.09 20:04:31.337,0.78279,0.78303,1.00,1.50
2015.03.09 20:04:36.475,0.78277,0.78301,1.00,1.37
2015.03.09 20:04:37.833,0.78274,0.783,1.00,1.37
2015.03.09 20:04:42.522,0.78271,0.78295,1.00,1.00
2015.03.09 20:04:43.027,0.7827,0.78294,1.00,1.00
2015.03.09 20:05:10.024,0.78268,0.78294,1.00,1.00
2015.03.09 20:05:34.003,0.78268,0.78292,1.00,1.00
2015.03.09 20:05:38.300,0.7827,0.78294,1.00,1.00
2015.03.09 20:05:38.632,0.78273,0.78297,1.00,1.00
2015.03.09 20:05:39.038,0.78275,0.78299,1.00,1.00
2015.03.09 20:05:39.507,0.78277,0.78301,1.00,1.00
2015.03.09 20:05:40.014,0.78278,0.78302,1.00,1.00
2015.03.09 20:05:40.064,0.7828,0.78306,1.00,1.00
2015.03.09 20:05:40.640,0.7828,0.78304,1.00,1.00
2015.03.09 20:05:41.545,0.78279,0.78303,1.00,1.00
2015.03.09 20:05:42.052,0.78275,0.78299,1.37,1.00
2015.03.09 20:05:46.291,0.78275,0.78299,1.37,1.00
2015.03.09 20:05:48.121,0.78273,0.78299,1.37,1.00
2015.03.09 20:05:48.221,0.78273,0.78297,1.37,1.00
2015.03.09 20:06:04.040,0.78273,0.78297,1.37,1.00
2015.03.09 20:06:04.161,0.78275,0.78301,1.37,1.00
2015.03.09 20:06:11.073,0.78274,0.783,1.37,1.00
2015.03.09 20:06:15.274,0.78277,0.78301,1.00,1.00
2015.03.09 20:06:33.239,0.78275,0.78301,1.37,1.00
2015.03.09 20:06:33.850,0.78276,0.78302,1.37,1.00
2015.03.09 20:06:36.660,0.78276,0.78302,1.37,1.00
2015.03.09 20:06:36.711,0.78275,0.78299,1.87,1.00
2015.03.09 20:06:37.269,0.78274,0.783,1.37,1.00
2015.03.09 20:06:39.300,0.78274,0.783,1.12,1.00
2015.03.09 20:06:39.350,0.78274,0.78298,1.12,1.00
2015.03.09 20:06:55.323,0.78276,0.783,1.00,1.00
2015.03.09 20:06:55.780,0.78278,0.78302,1.00,1.00
2015.03.09 20:06:56.340,0.78277,0.78301,1.37,1.00
2015.03.09 20:07:00.505,0.78277,0.78301,1.37,1.00
2015.03.09 20:07:17.536,0.78277,0.78301,1.37,1.00
2015.03.09 20:07:19.051,0.78278,0.78302,1.12,1.00
2015.03.09 20:07:19.623,0.78277,0.78301,1.37,1.00
2015.03.09 20:07:26.090,0.78276,0.783,1.37,1.00
2015.03.09 20:07:39.731,0.78277,0.78301,1.37,1.00
2015.03.09 20:07:48.311,0.78278,0.78302,1.12,1.00
2015.03.09 20:07:48.738,0.78278,0.78302,1.37,1.00
2015.03.09 20:07:51.278,0.78278,0.78302,1.37,1.00
2015.03.09 20:07:51.328,0.7828,0.78304,1.37,1.00
2015.03.09 20:07:51.832,0.78279,0.78303,1.37,1.00
2015.03.09 20:07:52.436,0.7828,0.78304,1.37,1.00
2015.03.09 20:07:56.379,0.78278,0.78302,1.37,1.00
2015.03.09 20:07:56.450,0.7828,0.78304,1.37,1.00
2015.03.09 20:07:57.085,0.7828,0.78304,1.37,1.00
2015.03.09 20:07:58.613,0.78278,0.78304,1.75,1.00
2015.03.09 20:08:06.130,0.78278,0.78302,1.75,1.00
2015.03.09 20:08:08.236,0.78281,0.78305,1.37,1.00
2015.03.09 20:08:09.689,0.78283,0.78307,1.37,1.00
2015.03.09 20:08:10.253,0.78283,0.78307,1.37,1.00
2015.03.09 20:08:10.353,0.78281,0.78305,1.37,1.00
2015.03.09 20:08:10.927,0.78281,0.78305,1.37,1.00
2015.03.09 20:08:11.670,0.7828,0.78304,1.37,1.00
2015.03.09 20:08:12.068,0.7828,0.78304,1.37,1.00
2015.03.09 20:08:12.667,0.78281,0.78305,1.37,1.00
2015.03.09 20:08:14.535,0.78281,0.78305,1.12,1.00
2015.03.09 20:08:14.938,0.78278,0.78302,1.37,1.00
2015.03.09 20:08:15.167,0.78282,0.78306,1.00,1.00
2015.03.09 20:08:18.891,0.78278,0.78302,1.37,1.00
2015.03.09 20:08:19.220,0.7828,0.78304,1.37,1.00
2015.03.09 20:08:19.330,0.78282,0.78306,1.00,1.00
2015.03.09 20:08:23.422,0.7828,0.78304,1.37,1.00
2015.03.09 20:08:23.511,0.78282,0.78306,1.00,1.00
2015.03.09 20:08:24.940,0.78279,0.78303,1.37,1.00
2015.03.09 20:08:28.376,0.7828,0.78306,1.37,1.00
2015.03.09 20:08:40.451,0.78278,0.78302,1.37,1.00
2015.03.09 20:08:40.988,0.78278,0.78302,1.37,1.00
2015.03.09 20:08:45.330,0.78279,0.78303,1.37,1.00
2015.03.09 20:08:45.917,0.78279,0.78303,1.37,1.00
2015.03.09 20:08:46.197,0.78281,0.78307,1.37,1.00
2015.03.09 20:08:46.416,0.78284,0.78308,1.37,1.00
2015.03.09 20:08:46.924,0.78284,0.78308,1.50,1.00
2015.03.09 20:08:47.467,0.78285,0.78309,1.37,1.00
2015.03.09 20:08:50.020,0.78284,0.7831,1.50,1.00
2015.03.09 20:08:51.890,0.78285,0.78309,1.37,1.00
2015.03.09 20:09:04.284,0.78285,0.78309,1.50,1.00
2015.03.09 20:09:20.411,0.78285,0.78309,1.37,1.00
2015.03.09 20:09:39.011,0.78283,0.78307,1.75,1.00
2015.03.09 20:09:39.622,0.78284,0.78308,1.75,1.00
2015.03.09 20:09:47.779,0.78286,0.78312,1.37,1.00
2015.03.09 20:09:54.456,0.78286,0.78312,1.37,1.00
2015.03.09 20:09:56.185,0.78285,0.78311,1.37,1.00
2015.03.09 20:09:56.759,0.78284,0.7831,1.37,1.00
2015.03.09 20:09:56.809,0.78282,0.78308,1.50,1.00
2015.03.09 20:09:57.240,0.78282,0.78306,1.50,1.00
2015.03.09 20:09:58.889,0.78284,0.78308,1.37,1.00
2015.03.09 20:10:00.367,0.78284,0.78308,1.37,1.00
2015.03.09 20:10:00.468,0.78281,0.78305,1.37,1.00
2015.03.09 20:10:02.850,0.7828,0.78304,1.50,1.00
2015.03.09 20:10:02.975,0.7828,0.78304,1.37,1.00
2015.03.09 20:10:10.440,0.78279,0.78303,1.37,1.00
2015.03.09 20:10:10.992,0.78279,0.78303,1.37,1.00
2015.03.09 20:10:13.120,0.78281,0.78305,1.12,1.00
2015.03.09 20:10:15.855,0.78279,0.78303,1.00,1.00
2015.03.09 20:10:16.275,0.78274,0.783,1.37,1.00
2015.03.09 20:10:17.115,0.78274,0.783,1.37,1.00
2015.03.09 20:10:29.168,0.78277,0.78301,1.00,1.00
2015.03.09 20:10:38.050,0.78275,0.78301,1.00,1.00
2015.03.09 20:10:52.350,0.78274,0.78298,1.00,1.00
2015.03.09 20:11:01.506,0.78273,0.78297,1.12,1.00
2015.03.09 20:11:04.571,0.78273,0.78297,1.37,1.00
2015.03.09 20:11:13.250,0.78274,0.78298,1.12,1.00
2015.03.09 20:11:14.052,0.78273,0.78297,1.37,1.00
2015.03.09 20:11:22.355,0.78273,0.78297,1.12,1.00
2015.03.09 20:11:22.965,0.78271,0.78295,1.37,1.00
2015.03.09 20:11:34.570,0.78271,0.78295,1.12,1.00
2015.03.09 20:11:46.802,0.78271,0.78297,1.12,1.00
2015.03.09 20:12:10.805,0.7827,0.78296,1.12,1.00
2015.03.09 20:12:11.244,0.7827,0.78294,1.00,1.00
2015.03.09 20:12:11.546,0.78267,0.78291,1.00,1.00
2015.03.09 20:12:11.596,0.78265,0.78291,1.00,1.00
2015.03.09 20:12:11.696,0.78264,0.78288,1.12,1.00
2015.03.09 20:12:24.430,0.78262,0.78288,1.12,1.00
2015.03.09 20:12:24.719,0.7826,0.78284,1.37,1.00
2015.03.09 20:12:24.820,0.7826,0.78284,1.00,1.00
2015.03.09 20:12:24.971,0.78257,0.78281,1.37,1.00
2015.03.09 20:12:25.189,0.78259,0.78283,1.00,1.00
2015.03.09 20:12:25.547,0.78257,0.78281,1.00,1.00
2015.03.09 20:12:25.959,0.7826,0.78284,1.00,1.00
2015.03.09 20:12:27.185,0.78261,0.78285,1.00,1.00
2015.03.09 20:12:27.733,0.78262,0.78286,1.00,1.00
2015.03.09 20:12:34.868,0.78263,0.78287,1.00,1.00
2015.03.09 20:12:36.518,0.78267,0.78291,1.00,1.37
2015.03.09 20:12:41.123,0.78267,0.78291,1.00,1.37
2015.03.09 20:12:41.930,0.78266,0.7829,1.00,1.87
2015.03.09 20:13:01.255,0.78266,0.7829,1.00,1.37
2015.03.09 20:13:18.488,0.78266,0.7829,1.00,1.37
2015.03.09 20:13:37.717,0.78268,0.78292,1.00,1.50
2015.03.09 20:13:39.816,0.78268,0.78292,1.00,1.75
2015.03.09 20:13:40.647,0.78267,0.78291,1.00,1.50
2015.03.09 20:13:46.392,0.78266,0.7829,1.00,1.37
2015.03.09 20:13:46.664,0.78267,0.78291,1.00,1.37
2015.03.09 20:13:46.764,0.78266,0.7829,1.00,1.37
2015.03.09 20:13:46.917,0.78264,0.78288,1.00,1.37
2015.03.09 20:13:47.432,0.78264,0.78288,1.00,1.37
2015.03.09 20:13:47.637,0.78264,0.7829,1.00,1.50
2015.03.09 20:13:48.382,0.78264,0.78288,1.00,1.37
2015.03.09 20:13:48.505,0.78261,0.78287,1.00,1.37
2015.03.09 20:13:56.672,0.78261,0.78285,1.00,1.37
2015.03.09 20:13:57.272,0.78262,0.78286,1.00,1.37
2015.03.09 20:14:02.283,0.78262,0.78286,1.00,1.50
2015.03.09 20:14:13.122,0.78264,0.78288,1.00,1.50
2015.03.09 20:14:18.607,0.78264,0.78288,1.00,1.37
2015.03.09 20:14:19.985,0.78264,0.78288,1.00,1.37
2015.03.09 20:14:20.723,0.78263,0.78287,1.00,1.37
2015.03.09 20:14:22.557,0.78264,0.78288,1.00,1.37
2015.03.09 20:14:29.745,0.78261,0.78285,1.00,1.37
2015.03.09 20:14:30.147,0.78263,0.78285,1.00,1.37
2015.03.09 20:14:33.474,0.78266,0.7829,1.00,3.00
2015.03.09 20:14:33.556,0.78264,0.78288,1.00,1.37
2015.03.09 20:14:34.909,0.78264,0.78288,1.00,1.37
2015.03.09 20:14:38.616,0.7826,0.78284,1.00,1.00
2015.03.09 20:14:42.030,0.78258,0.78284,1.00,1.00
2015.03.09 20:14:42.246,0.78263,0.78287,1.00,1.37
2015.03.09 20:14:48.831,0.78263,0.78287,1.00,1.12
2015.03.09 20:14:49.457,0.78263,0.78287,1.00,1.37
2015.03.09 20:14:54.676,0.78262,0.78286,1.00,1.12
2015.03.09 20:14:58.751,0.78262,0.78286,1.00,1.37
2015.03.09 20:15:00.408,0.78263,0.78287,1.00,1.37
2015.03.09 20:15:01.455,0.78263,0.78287,1.00,1.37
2015.03.09 20:15:02.160,0.78264,0.78288,1.00,1.37
2015.03.09 20:15:02.210,0.78264,0.78288,1.00,1.00
2015.03.09 20:15:02.624,0.78266,0.7829,1.00,1.37
2015.03.09 20:15:02.830,0.78263,0.78289,1.00,1.37
2015.03.09 20:15:03.485,0.78263,0.78289,1.00,1.37
2015.03.09 20:15:03.665,0.78266,0.7829,1.00,1.12
2015.03.09 20:15:03.999,0.78266,0.7829,1.00,1.37
2015.03.09 20:15:04.554,0.78266,0.7829,1.00,1.37
2015.03.09 20:15:11.921,0.78266,0.7829,1.00,1.87
2015.03.09 20:15:12.125,0.78264,0.78288,1.00,1.12
2015.03.09 20:15:12.749,0.78265,0.78289,1.00,1.37
2015.03.09 20:15:14.544,0.78265,0.78289,1.00,1.12
2015.03.09 20:15:37.014,0.78265,0.78289,1.00,1.37
2015.03.09 20:15:47.311,0.78265,0.78289,1.00,1.00
2015.03.09 20:15:47.433,0.78269,0.78293,1.00,1.37
2015.03.09 20:15:47.655,0.78271,0.78295,1.00,1.12
2015.03.09 20:16:01.488,0.78273,0.78297,1.00,1.12
2015.03.09 20:16:01.803,0.78275,0.78299,1.00,1.37
2015.03.09 20:16:05.273,0.78275,0.78299,1.00,1.37
2015.03.09 20:16:05.988,0.78276,0.783,1.00,1.37
2015.03.09 20:16:10.828,0.78271,0.78297,1.00,1.00
2015.03.09 20:16:12.262,0.78271,0.78295,1.00,1.00
2015.03.09 20:16:15.045,0.78272,0.78296,1.00,1.00
2015.03.09 20:16:17.917,0.78274,0.78298,1.00,1.00
2015.03.09 20:16:18.294,0.78276,0.783,1.00,1.00
2015.03.09 20:16:19.056,0.78277,0.78301,1.00,1.00
2015.03.09 20:16:21.718,0.78275,0.78299,1.00,1.00
2015.03.09 20:16:22.258,0.78274,0.78298,1.00,1.00
2015.03.09 20:16:26.013,0.78273,0.78297,1.00,1.00
2015.03.09 20:16:26.342,0.78267,0.78291,1.37,1.00
2015.03.09 20:16:26.393,0.78267,0.78291,1.00,1.00
2015.03.09 20:16:26.702,0.78265,0.78291,1.12,1.00
2015.03.09 20:16:26.803,0.78268,0.78294,1.00,1.00
2015.03.09 20:16:27.144,0.78265,0.78291,1.00,1.00
2015.03.09 20:16:28.098,0.78266,0.7829,1.00,1.00
2015.03.09 20:16:30.015,0.7827,0.78294,1.00,1.00
2015.03.09 20:17:00.255,0.78268,0.78292,1.00,1.00
2015.03.09 20:17:00.371,0.78268,0.78294,1.00,1.00
2015.03.09 20:17:18.918,0.78264,0.7829,1.12,1.00
2015.03.09 20:17:19.731,0.78265,0.7829,1.00,1.00
2015.03.09 20:17:22.121,0.78264,0.7829,1.12,1.00
2015.03.09 20:17:31.018,0.78263,0.78287,1.37,1.00
2015.03.09 20:17:35.197,0.78265,0.78289,1.00,1.00
2015.03.09 20:17:36.616,0.78265,0.78289,1.87,1.00
2015.03.09 20:17:36.666,0.78268,0.78292,1.00,1.00
2015.03.09 20:17:36.767,0.7827,0.78294,1.00,1.00
2015.03.09 20:17:37.284,0.78269,0.78295,1.00,1.00
2015.03.09 20:17:38.057,0.78269,0.78293,1.00,1.00
2015.03.09 20:17:39.280,0.78267,0.78293,1.37,1.00
2015.03.09 20:17:39.588,0.78266,0.7829,1.12,1.00
2015.03.09 20:17:40.477,0.78265,0.78289,1.37,1.00
2015.03.09 20:17:40.807,0.78267,0.78291,1.00,1.00
2015.03.09 20:17:44.217,0.78265,0.78291,1.37,1.00
2015.03.09 20:17:44.361,0.78265,0.78288,1.37,1.00
2015.03.09 20:17:44.437,0.78265,0.78291,1.87,1.00
2015.03.09 20:17:44.538,0.78265,0.78291,1.87,1.00
2015.03.09 20:17:45.050,0.78268,0.78292,1.12,1.00
2015.03.09 20:17:45.476,0.7827,0.78294,1.37,1.00
2015.03.09 20:17:46.138,0.78271,0.78295,1.12,1.00
2015.03.09 20:17:48.950,0.78269,0.78293,1.12,1.00
2015.03.09 20:17:49.355,0.78266,0.78292,1.37,1.00
2015.03.09 20:17:49.497,0.78266,0.7829,1.37,1.00
2015.03.09 20:17:50.098,0.78266,0.7829,1.12,1.00
2015.03.09 20:17:53.273,0.78265,0.78289,1.37,1.00
2015.03.09 20:17:54.055,0.78265,0.78289,1.37,1.00
2015.03.09 20:17:54.722,0.78265,0.78289,1.37,1.00
2015.03.09 20:17:57.337,0.78268,0.78292,1.00,1.00
2015.03.09 20:17:57.439,0.78268,0.78292,1.37,1.00
2015.03.09 20:17:57.672,0.7827,0.78294,1.12,1.00
2015.03.09 20:17:57.773,0.78268,0.78292,1.12,1.00
2015.03.09 20:17:58.353,0.78267,0.78291,1.37,1.00
2015.03.09 20:17:58.996,0.78266,0.7829,1.37,1.00
2015.03.09 20:18:00.375,0.78266,0.7829,1.37,1.00
2015.03.09 20:18:00.425,0.78268,0.78292,1.37,1.00
2015.03.09 20:18:00.525,0.7827,0.78294,1.00,1.00
2015.03.09 20:18:03.273,0.78269,0.78293,1.12,1.00
2015.03.09 20:18:04.127,0.78268,0.78292,1.37,1.00
2015.03.09 20:18:05.780,0.78265,0.78282,1.00,1.00
2015.03.09 20:18:05.906,0.78245,0.78279,1.00,1.00
2015.03.09 20:18:06.112,0.78244,0.78277,1.00,1.00
2015.03.09 20:18:06.437,0.78261,0.78285,1.00,1.00
2015.03.09 20:18:06.767,0.78256,0.78282,1.00,1.00
2015.03.09 20:18:06.880,0.78265,0.78291,1.50,1.00
2015.03.09 20:18:07.210,0.78267,0.78293,1.00,1.00
2015.03.09 20:18:07.695,0.78267,0.78291,1.00,1.00
2015.03.09 20:18:08.121,0.78267,0.78291,1.37,1.00
2015.03.09 20:18:12.919,0.78265,0.78291,3.00,1.00
2015.03.09 20:18:13.369,0.78265,0.78289,1.87,1.00
2015.03.09 20:18:13.590,0.78265,0.78291,1.87,1.00
2015.03.09 20:18:13.700,0.78265,0.78289,1.87,1.00
2015.03.09 20:18:14.531,0.78265,0.78289,1.87,1.00
2015.03.09 20:18:23.551,0.78265,0.78289,1.37,1.00
2015.03.09 20:18:25.246,0.78264,0.78288,1.87,1.00
2015.03.09 20:18:31.186,0.78265,0.78287,1.37,1.00
2015.03.09 20:18:31.672,0.78265,0.78289,1.37,1.00
2015.03.09 20:18:40.207,0.78267,0.78291,1.12,1.00
2015.03.09 20:18:41.199,0.78265,0.7829,1.37,1.00
2015.03.09 20:18:41.934,0.78265,0.7829,1.37,1.00
2015.03.09 20:18:42.609,0.78267,0.78291,1.00,1.00
2015.03.09 20:18:46.149,0.78267,0.78291,1.37,1.00
2015.03.09 20:18:46.260,0.78269,0.78293,1.37,1.00
2015.03.09 20:18:46.902,0.7827,0.78294,1.37,1.00
2015.03.09 20:18:50.219,0.78267,0.78291,1.37,1.00
2015.03.09 20:18:50.270,0.78267,0.78291,1.12,1.00
2015.03.09 20:18:50.863,0.78266,0.7829,1.37,1.00
2015.03.09 20:18:51.220,0.78267,0.78293,1.12,1.00
2015.03.09 20:18:51.270,0.78267,0.78293,1.37,1.00
2015.03.09 20:18:53.296,0.78267,0.78291,1.37,1.00
2015.03.09 20:18:55.387,0.78266,0.7829,1.37,1.00
2015.03.09 20:18:57.697,0.78265,0.78288,1.37,1.00
2015.03.09 20:18:59.050,0.78265,0.78288,1.37,1.00
2015.03.09 20:19:12.589,0.78264,0.78288,1.50,1.00
2015.03.09 20:19:13.139,0.78265,0.78289,3.00,1.00
2015.03.09 20:19:13.189,0.78265,0.78289,1.87,1.00
2015.03.09 20:19:13.320,0.78265,0.78287,1.37,1.00
2015.03.09 20:19:14.178,0.78265,0.78287,1.37,1.00
2015.03.09 20:19:14.964,0.78265,0.78288,1.37,1.00
2015.03.09 20:19:15.329,0.78265,0.78286,1.37,1.00
2015.03.09 20:19:16.175,0.78265,0.78287,1.37,1.00
2015.03.09 20:19:16.616,0.78265,0.78289,1.37,1.00
2015.03.09 20:19:16.949,0.78263,0.78287,1.50,1.00
2015.03.09 20:19:17.385,0.78259,0.78285,1.75,1.00
2015.03.09 20:19:26.995,0.78261,0.78285,1.75,1.00
2015.03.09 20:19:27.318,0.78263,0.78287,1.37,1.00
2015.03.09 20:19:31.201,0.78263,0.78287,1.50,1.00
2015.03.09 20:19:32.226,0.78263,0.78287,1.37,1.00
2015.03.09 20:19:32.799,0.78262,0.78286,1.37,1.00
2015.03.09 20:19:33.206,0.78262,0.78286,1.50,1.00
2015.03.09 20:19:33.338,0.78264,0.78288,1.37,1.00
2015.03.09 20:19:34.207,0.78264,0.78288,1.37,1.00
2015.03.09 20:19:34.308,0.78263,0.78287,1.37,1.00
2015.03.09 20:19:34.508,0.78262,0.78286,1.37,1.00
2015.03.09 20:19:35.205,0.78263,0.78287,1.12,1.00
2015.03.09 20:19:35.255,0.78263,0.78287,1.37,1.00
2015.03.09 20:19:35.771,0.78264,0.78288,1.37,1.00
2015.03.09 20:19:37.208,0.78267,0.78291,1.12,1.00
2015.03.09 20:19:50.605,0.78265,0.78289,1.37,1.00
2015.03.09 20:19:56.641,0.78265,0.78289,1.37,1.00
2015.03.09 20:19:57.317,0.78264,0.78288,1.37,1.00
2015.03.09 20:19:57.372,0.78264,0.78288,1.12,1.00
2015.03.09 20:19:57.973,0.78263,0.78287,1.37,1.00
2015.03.09 20:20:01.164,0.78262,0.78286,1.37,1.00
2015.03.09 20:20:01.348,0.78262,0.78286,1.00,1.00
2015.03.09 20:20:01.887,0.7826,0.78286,1.87,1.00
2015.03.09 20:20:02.046,0.7826,0.78284,1.87,1.00
2015.03.09 20:20:06.934,0.7826,0.78283,1.12,1.00
2015.03.09 20:20:15.384,0.78259,0.78283,1.87,1.00
2015.03.09 20:20:21.845,0.78259,0.78282,1.12,1.00
2015.03.09 20:20:37.135,0.78259,0.78283,1.87,1.00
2015.03.09 20:20:38.815,0.78259,0.78283,1.87,1.00
2015.03.09 20:20:39.397,0.7826,0.78284,1.37,1.00
2015.03.09 20:20:39.929,0.7826,0.78284,1.37,1.00
2015.03.09 20:20:40.038,0.78261,0.78285,1.12,1.00
2015.03.09 20:20:40.218,0.78261,0.78285,1.37,1.00
2015.03.09 20:20:40.324,0.78263,0.78287,1.37,1.00
2015.03.09 20:20:55.175,0.78261,0.78285,1.37,1.00
2015.03.09 20:20:55.877,0.78261,0.78285,1.37,1.00
2015.03.09 20:20:56.389,0.78262,0.78286,1.12,1.00
2015.03.09 20:20:56.927,0.78262,0.78286,1.37,1.00
2015.03.09 20:20:57.291,0.7826,0.78284,1.37,1.00
2015.03.09 20:20:57.641,0.7826,0.78284,1.12,1.00
2015.03.09 20:20:58.282,0.78263,0.78287,1.00,1.00
2015.03.09 20:20:58.851,0.78263,0.78287,1.37,1.00
2015.03.09 20:21:00.234,0.78261,0.78285,1.37,1.00
2015.03.09 20:21:25.534,0.78258,0.78284,1.75,1.00
2015.03.09 20:21:32.134,0.78259,0.78283,3.00,1.00
2015.03.09 20:21:34.337,0.78259,0.78283,1.87,1.00
2015.03.09 20:21:36.579,0.78259,0.78283,1.37,1.00
2015.03.09 20:21:37.248,0.78259,0.78283,1.37,1.00
2015.03.09 20:21:37.304,0.78261,0.78285,1.37,1.00
2015.03.09 20:21:37.956,0.78261,0.78285,1.37,1.00
2015.03.09 20:21:38.184,0.78259,0.78283,1.50,1.00
2015.03.09 20:21:38.694,0.78258,0.78282,1.50,1.00
2015.03.09 20:21:40.457,0.78258,0.78282,1.37,1.00
2015.03.09 20:21:41.009,0.78258,0.78282,1.37,1.00
2015.03.09 20:21:41.276,0.78258,0.78282,1.50,1.00
2015.03.09 20:21:41.389,0.78259,0.78285,1.37,1.00
2015.03.09 20:21:43.284,0.78259,0.78285,1.37,1.00
2015.03.09 20:21:43.385,0.78258,0.78282,1.37,1.00
2015.03.09 20:21:44.254,0.7826,0.78284,1.37,1.00
2015.03.09 20:21:44.304,0.7826,0.78284,1.37,1.00
2015.03.09 20:21:44.887,0.78261,0.78285,1.37,1.00
2015.03.09 20:22:24.248,0.7826,0.78284,1.37,1.00
2015.03.09 20:22:26.520,0.78262,0.78286,1.37,1.00
2015.03.09 20:22:33.973,0.78263,0.78287,1.37,1.00
2015.03.09 20:22:46.750,0.78263,0.78287,1.12,1.00
2015.03.09 20:23:00.397,0.78264,0.78288,1.00,1.00
2015.03.09 20:23:20.334,0.78264,0.78288,1.37,1.00
2015.03.09 20:23:21.382,0.78265,0.78289,1.12,1.00
2015.03.09 20:23:22.087,0.78265,0.78289,1.37,1.00
2015.03.09 20:23:33.475,0.78265,0.78289,1.37,1.00
2015.03.09 20:23:43.465,0.78265,0.78289,1.37,1.00
2015.03.09 20:23:44.201,0.78266,0.7829,1.12,1.00
2015.03.09 20:23:47.602,0.78265,0.78289,1.37,1.00
2015.03.09 20:24:08.829,0.78265,0.78289,1.12,1.00
2015.03.09 20:24:29.580,0.78265,0.78289,1.37,1.00
2015.03.09 20:24:36.841,0.78262,0.78288,1.37,1.00
2015.03.09 20:24:43.442,0.78265,0.78289,1.37,1.00
2015.03.09 20:24:53.431,0.78265,0.78289,1.00,1.00
2015.03.09 20:24:53.481,0.78263,0.78287,1.37,1.00
2015.03.09 20:24:53.609,0.78265,0.78289,1.00,1.00
2015.03.09 20:24:58.137,0.78265,0.78289,1.37,1.00
2015.03.09 20:24:58.188,0.78263,0.78287,1.37,1.00
2015.03.09 20:24:58.707,0.78264,0.78288,1.37,1.00
2015.03.09 20:25:04.234,0.78265,0.78289,1.37,1.00
2015.03.09 20:25:11.383,0.78266,0.7829,1.12,1.00
2015.03.09 20:25:14.465,0.78266,0.7829,1.37,1.00
2015.03.09 20:25:15.564,0.78267,0.78291,1.37,1.00
2015.03.09 20:25:19.773,0.78267,0.78291,1.37,1.00
2015.03.09 20:25:20.775,0.78267,0.78291,1.00,1.00
2015.03.09 20:25:21.113,0.78265,0.78289,1.37,1.00
2015.03.09 20:25:21.502,0.78267,0.78291,1.12,1.00
2015.03.09 20:25:22.382,0.78265,0.78289,1.12,1.00
2015.03.09 20:25:23.297,0.78265,0.78289,1.37,1.00
2015.03.09 20:25:23.372,0.78267,0.78291,1.12,1.00
2015.03.09 20:25:24.362,0.78265,0.78289,1.37,1.00
2015.03.09 20:25:25.352,0.78265,0.78291,1.37,1.00
2015.03.09 20:25:33.162,0.78263,0.78289,1.37,1.00
2015.03.09 20:25:33.506,0.78262,0.78286,1.50,1.00
2015.03.09 20:25:34.262,0.78264,0.78288,1.37,1.00
2015.03.09 20:25:34.372,0.78265,0.78291,1.37,1.00
2015.03.09 20:25:49.816,0.78265,0.78291,1.37,1.00
2015.03.09 20:25:51.312,0.78263,0.78287,1.37,1.00
2015.03.09 20:25:52.302,0.78264,0.78288,1.37,1.00
2015.03.09 20:25:52.453,0.78266,0.7829,1.37,1.00
2015.03.09 20:25:53.182,0.78264,0.78288,1.37,1.00
2015.03.09 20:25:54.003,0.78263,0.78287,1.37,1.00
2015.03.09 20:25:54.282,0.78265,0.78291,1.37,1.00
2015.03.09 20:25:54.993,0.78265,0.78291,1.12,1.00
2015.03.09 20:26:03.837,0.78265,0.78291,1.37,1.00
2015.03.09 20:26:04.292,0.78262,0.78288,1.50,1.00
2015.03.09 20:26:04.342,0.78262,0.78288,1.37,1.00
2015.03.09 20:26:04.949,0.78262,0.78288,1.37,1.00
2015.03.09 20:26:05.285,0.78266,0.7829,1.37,1.00
2015.03.09 20:26:06.271,0.78262,0.78286,1.50,1.00
2015.03.09 20:26:07.151,0.78264,0.78288,1.37,1.00
2015.03.09 20:26:07.261,0.78264,0.7829,1.37,1.00
2015.03.09 20:26:07.871,0.78264,0.7829,1.37,1.00
2015.03.09 20:26:19.185,0.78266,0.7829,1.37,1.00
2015.03.09 20:26:20.264,0.78263,0.78287,1.37,1.00
2015.03.09 20:26:20.314,0.78263,0.78287,1.37,1.00
2015.03.09 20:26:20.843,0.78263,0.78287,1.37,1.00
2015.03.09 20:26:21.342,0.78266,0.7829,1.12,1.00
2015.03.09 20:26:41.151,0.78263,0.78289,1.37,1.00
2015.03.09 20:26:49.644,0.78266,0.78292,1.12,1.00
2015.03.09 20:26:50.321,0.78265,0.78289,1.37,1.00
2015.03.09 20:26:51.371,0.78267,0.78291,1.00,1.00
2015.03.09 20:26:59.436,0.78267,0.78291,1.37,1.00
2015.03.09 20:26:59.536,0.7827,0.78294,1.12,1.00
2015.03.09 20:27:00.285,0.78267,0.78291,1.37,1.00
2015.03.09 20:27:04.462,0.78266,0.7829,1.37,1.00
2015.03.09 20:27:07.060,0.78266,0.7829,1.37,1.00
2015.03.09 20:27:07.161,0.78266,0.7829,1.37,1.00
2015.03.09 20:27:07.309,0.78267,0.78293,1.37,1.00
2015.03.09 20:27:15.461,0.7827,0.78294,1.00,1.00
2015.03.09 20:27:20.740,0.78267,0.78293,1.37,1.00
2015.03.09 20:27:23.384,0.7827,0.78294,1.00,1.00
2015.03.09 20:27:23.891,0.78271,0.78295,1.12,1.00
2015.03.09 20:27:27.243,0.78269,0.78293,1.12,1.00
2015.03.09 20:27:35.913,0.78269,0.78293,1.37,1.00
2015.03.09 20:27:39.119,0.78269,0.78293,1.00,1.00
2015.03.09 20:27:39.620,0.78268,0.78292,1.37,1.00
2015.03.09 20:27:52.640,0.78266,0.7829,1.37,1.00
2015.03.09 20:28:00.010,0.78267,0.78291,1.37,1.00
2015.03.09 20:28:08.480,0.78266,0.7829,1.37,1.00
2015.03.09 20:28:16.689,0.78266,0.7829,1.37,1.00
2015.03.09 20:28:31.469,0.78265,0.78289,1.37,1.00
2015.03.09 20:28:46.650,0.78267,0.78291,1.37,1.00
2015.03.09 20:29:05.206,0.78267,0.78291,1.12,1.00
2015.03.09 20:29:16.069,0.78266,0.7829,1.37,1.00
2015.03.09 20:29:23.898,0.78264,0.78288,1.00,1.00
2015.03.09 20:29:32.946,0.78262,0.78286,1.37,1.00
2015.03.09 20:29:33.009,0.78264,0.78288,1.00,1.00
2015.03.09 20:29:45.841,0.78264,0.78288,1.37,1.00
2015.03.09 20:29:45.891,0.78266,0.7829,1.12,1.00
2015.03.09 20:29:47.748,0.78264,0.78288,1.12,1.00
2015.03.09 20:30:00.748,0.78263,0.78287,1.00,1.00
2015.03.09 20:30:00.857,0.78267,0.78292,1.00,1.00
2015.03.09 20:30:00.953,0.7825,0.78295,2.00,1.00
2015.03.09 20:30:01.484,0.78251,0.78295,1.75,1.37
2015.03.09 20:30:01.586,0.78251,0.78295,1.75,1.37
2015.03.09 20:30:01.787,0.7825,0.7829,1.75,1.00
2015.03.09 20:30:02.318,0.78251,0.78296,1.75,1.50
2015.03.09 20:30:02.647,0.78251,0.78296,1.75,1.75
2015.03.09 20:30:03.893,0.78248,0.7829,1.75,1.37
2015.03.09 20:30:04.018,0.78248,0.7829,1.50,1.37
2015.03.09 20:30:04.896,0.78246,0.7829,1.75,1.75
2015.03.09 20:30:17.952,0.78243,0.78289,1.75,1.75
2015.03.09 20:30:21.862,0.78243,0.78289,1.75,1.75
2015.03.09 20:30:23.553,0.78243,0.78289,1.75,1.50
2015.03.09 20:30:23.679,0.78243,0.78289,1.75,1.75
2015.03.09 20:30:36.793,0.78244,0.78286,1.50,1.37
2015.03.09 20:30:37.039,0.78241,0.78286,1.75,1.75
2015.03.09 20:30:47.423,0.78241,0.78285,1.75,1.37
2015.03.09 20:30:52.829,0.78241,0.78285,1.75,1.37
2015.03.09 20:30:53.438,0.78241,0.78285,1.75,1.37
2015.03.09 20:30:54.186,0.78245,0.78285,1.75,1.37
2015.03.09 20:31:03.698,0.78245,0.78285,1.75,1.37
2015.03.09 20:31:36.557,0.78245,0.78285,1.37,1.37
2015.03.09 20:31:36.668,0.7824,0.78281,3.00,1.12
2015.03.09 20:31:37.089,0.78239,0.78285,1.75,1.50
2015.03.09 20:31:37.677,0.78239,0.78285,1.75,1.37
2015.03.09 20:31:49.914,0.78239,0.78286,1.75,1.37
2015.03.09 20:31:49.965,0.78241,0.78285,1.75,1.37
2015.03.09 20:32:00.206,0.78243,0.78285,1.75,1.37
2015.03.09 20:32:18.965,0.78244,0.78287,1.75,1.75
2015.03.09 20:32:19.680,0.78244,0.78285,1.50,1.50
2015.03.09 20:32:21.381,0.78241,0.78285,1.75,1.37
2015.03.09 20:33:23.322,0.7824,0.78285,2.00,1.37
2015.03.09 20:33:27.129,0.78241,0.78284,1.75,1.37
2015.03.09 20:33:30.039,0.78241,0.78284,1.75,1.37
2015.03.09 20:33:33.596,0.78239,0.78281,1.75,1.12
2015.03.09 20:33:33.707,0.7824,0.78277,1.50,1.37
2015.03.09 20:33:34.381,0.7824,0.78275,1.37,1.37
2015.03.09 20:33:39.167,0.78237,0.78275,1.75,1.00
2015.03.09 20:33:39.267,0.78235,0.7828,1.75,1.37
2015.03.09 20:33:39.868,0.78235,0.7828,1.75,1.12
2015.03.09 20:33:41.572,0.78237,0.7828,1.75,1.37
2015.03.09 20:33:42.091,0.78231,0.7828,1.75,1.37
2015.03.09 20:33:42.574,0.78231,0.7828,1.75,1.37
2015.03.09 20:33:43.240,0.78234,0.78276,1.75,1.37
2015.03.09 20:33:43.798,0.78234,0.78276,1.75,1.37
2015.03.09 20:33:43.848,0.78234,0.78271,1.75,1.00
2015.03.09 20:33:43.898,0.78234,0.78271,1.37,1.37
2015.03.09 20:33:44.099,0.78224,0.7827,1.75,1.37
2015.03.09 20:34:05.510,0.78229,0.78276,1.37,1.75
2015.03.09 20:34:05.646,0.78222,0.78265,1.75,1.00
2015.03.09 20:34:05.955,0.78223,0.78266,1.75,1.37
2015.03.09 20:34:07.152,0.7822,0.7827,1.75,1.75
2015.03.09 20:34:07.740,0.7822,0.78277,1.75,1.75
2015.03.09 20:34:11.041,0.7822,0.78277,1.75,1.75
2015.03.09 20:34:11.434,0.78221,0.78278,1.75,1.75
2015.03.09 20:34:11.981,0.7823,0.78279,1.75,1.75
2015.03.09 20:34:14.524,0.7823,0.78279,1.75,1.75
2015.03.09 20:34:14.767,0.78228,0.78273,1.75,1.37
2015.03.09 20:34:22.104,0.78231,0.78267,1.75,1.00
2015.03.09 20:34:22.154,0.78231,0.78267,1.50,1.37
2015.03.09 20:34:22.732,0.78231,0.78267,1.50,1.12
2015.03.09 20:34:23.364,0.78227,0.78269,1.75,1.37
2015.03.09 20:34:23.438,0.78227,0.78269,1.50,1.37
2015.03.09 20:34:23.746,0.78225,0.7827,1.50,3.00
2015.03.09 20:34:24.139,0.78221,0.78264,1.75,1.50
2015.03.09 20:34:26.644,0.7822,0.78261,1.75,1.12
2015.03.09 20:34:33.855,0.78219,0.78267,1.75,1.50
2015.03.09 20:34:34.055,0.78222,0.78265,1.75,1.37
2015.03.09 20:34:52.790,0.78225,0.78265,1.50,1.37
2015.03.09 20:34:53.482,0.78226,0.78262,1.37,1.12
2015.03.09 20:34:58.604,0.78223,0.78262,1.75,1.37
2015.03.09 20:35:02.234,0.78226,0.78263,1.37,1.50
2015.03.09 20:35:02.335,0.78224,0.78264,1.50,1.37
2015.03.09 20:35:07.424,0.78221,0.78259,1.75,1.37
2015.03.09 20:35:07.525,0.78221,0.78259,1.37,1.37
2015.03.09 20:35:08.117,0.78219,0.78258,1.50,1.37
2015.03.09 20:35:11.917,0.78219,0.78258,1.50,1.37
2015.03.09 20:35:12.286,0.78217,0.7826,1.75,1.87
2015.03.09 20:35:12.796,0.78217,0.7826,1.75,1.50
2015.03.09 20:35:15.674,0.78215,0.78263,3.00,1.75
2015.03.09 20:35:16.033,0.7822,0.78263,1.75,1.50
2015.03.09 20:35:21.551,0.7822,0.78263,1.75,1.37
2015.03.09 20:35:22.197,0.78222,0.78266,1.75,3.00
2015.03.09 20:35:22.458,0.78222,0.78265,1.75,1.37
2015.03.09 20:35:34.813,0.78222,0.78265,1.75,1.50
2015.03.09 20:35:34.914,0.7822,0.78264,3.00,1.37
2015.03.09 20:35:35.540,0.7822,0.7826,1.75,1.37
2015.03.09 20:35:35.994,0.7822,0.7826,1.75,1.37
2015.03.09 20:35:36.505,0.7822,0.78265,1.75,1.50
2015.03.09 20:35:37.903,0.78219,0.78266,1.75,1.75
2015.03.09 20:35:38.515,0.78219,0.78266,1.75,1.75
2015.03.09 20:35:39.709,0.78219,0.78266,1.75,1.50
2015.03.09 20:35:40.010,0.78219,0.78266,1.75,1.75
2015.03.09 20:35:40.111,0.78219,0.78266,1.75,1.75
2015.03.09 20:35:42.020,0.78219,0.78266,1.75,1.50
2015.03.09 20:35:42.121,0.78219,0.78266,1.75,1.75
2015.03.09 20:35:49.883,0.7822,0.78265,1.75,1.75
2015.03.09 20:35:55.162,0.78217,0.78265,1.75,1.75
2015.03.09 20:35:58.273,0.78217,0.7826,1.75,1.37
2015.03.09 20:35:59.481,0.78217,0.7826,1.75,1.37
2015.03.09 20:36:00.686,0.78217,0.78265,1.75,1.37
2015.03.09 20:36:00.788,0.78217,0.78265,1.75,1.50
2015.03.09 20:36:02.916,0.78217,0.78265,1.75,1.75
2015.03.09 20:36:04.400,0.78217,0.7826,1.75,1.37
2015.03.09 20:36:04.513,0.78217,0.7826,1.75,1.37
2015.03.09 20:36:13.121,0.78217,0.7826,1.75,1.37
2015.03.09 20:36:14.022,0.78217,0.78263,1.75,1.75
2015.03.09 20:36:18.570,0.78217,0.7826,1.37,1.37
2015.03.09 20:36:18.623,0.78217,0.78255,1.37,1.00
2015.03.09 20:36:18.932,0.78216,0.78255,1.75,1.12
2015.03.09 20:36:19.136,0.78211,0.78256,1.75,1.12
2015.03.09 20:36:19.672,0.78211,0.78255,1.75,1.00
2015.03.09 20:36:20.409,0.78211,0.7826,1.75,1.37
2015.03.09 20:36:24.473,0.78212,0.78255,1.75,1.00
2015.03.09 20:36:28.964,0.78212,0.7826,1.75,1.37
2015.03.09 20:36:29.691,0.78212,0.78255,1.75,1.00
2015.03.09 20:36:33.584,0.78212,0.7826,1.75,1.37
2015.03.09 20:36:34.302,0.78212,0.78255,1.75,1.00
2015.03.09 20:36:35.783,0.78212,0.78256,1.75,1.12
2015.03.09 20:36:36.349,0.78212,0.78255,1.75,1.00
2015.03.09 20:36:36.959,0.78212,0.78256,1.75,1.12
2015.03.09 20:36:39.372,0.78217,0.78256,1.75,1.12
2015.03.09 20:36:39.472,0.78217,0.7826,1.75,1.37
2015.03.09 20:36:44.276,0.78217,0.7826,1.75,1.37
2015.03.09 20:36:45.376,0.78217,0.78255,1.75,1.12
2015.03.09 20:36:45.652,0.78211,0.78255,1.75,1.37
2015.03.09 20:36:59.284,0.78211,0.78255,1.75,1.12
2015.03.09 20:37:10.522,0.78211,0.78261,1.75,1.75
2015.03.09 20:37:12.028,0.78211,0.78261,1.75,1.75
2015.03.09 20:37:13.231,0.78211,0.78256,1.75,1.37
2015.03.09 20:37:13.934,0.78211,0.7826,1.75,1.75
2015.03.09 20:37:15.338,0.78211,0.78255,1.75,1.37
2015.03.09 20:37:15.882,0.78211,0.78255,1.75,1.37
2015.03.09 20:37:24.160,0.78211,0.78255,1.75,1.12
2015.03.09 20:37:24.261,0.78211,0.78255,1.75,1.00
2015.03.09 20:37:24.834,0.78214,0.78255,1.75,1.12
2015.03.09 20:37:34.304,0.78214,0.78256,1.75,1.37
2015.03.09 20:37:34.454,0.78214,0.78256,1.75,1.37
2015.03.09 20:37:34.961,0.78211,0.78256,1.75,1.50
2015.03.09 20:37:35.670,0.78209,0.78255,1.75,1.50
2015.03.09 20:37:36.012,0.78209,0.78255,1.75,1.50
2015.03.09 20:37:36.915,0.78209,0.78255,1.75,1.75
2015.03.09 20:37:37.702,0.78206,0.78255,1.75,1.75
2015.03.09 20:37:46.561,0.78206,0.7825,1.75,1.37
2015.03.09 20:37:46.665,0.78206,0.7825,1.75,1.12
2015.03.09 20:37:55.907,0.78203,0.78255,1.75,1.75
2015.03.09 20:37:56.484,0.782,0.78255,3.00,1.75
2015.03.09 20:37:59.701,0.78208,0.78246,1.75,1.37
2015.03.09 20:38:00.204,0.78208,0.78246,1.37,1.37
2015.03.09 20:38:01.409,0.78206,0.78246,1.50,1.50
2015.03.09 20:38:01.711,0.78206,0.78246,1.75,1.37
2015.03.09 20:38:02.351,0.78206,0.78245,1.75,1.37
2015.03.09 20:38:02.916,0.78206,0.78245,1.75,1.37
2015.03.09 20:38:04.018,0.78206,0.78245,1.75,1.00
2015.03.09 20:38:04.438,0.78208,0.78245,1.75,1.00
2015.03.09 20:38:08.831,0.78211,0.78245,1.50,1.00
2015.03.09 20:38:08.981,0.78212,0.78255,1.75,1.50
2015.03.09 20:38:09.144,0.78212,0.78255,1.75,1.37
2015.03.09 20:38:10.136,0.7821,0.78255,1.75,1.37
2015.03.09 20:38:14.749,0.78209,0.78256,3.00,1.37
2015.03.09 20:38:18.758,0.7822,0.78265,1.00,1.75
2015.03.09 20:38:21.160,0.78219,0.78266,1.00,1.75
2015.03.09 20:38:21.773,0.78219,0.78266,1.37,1.75
2015.03.09 20:38:24.182,0.78215,0.78265,1.37,1.75
2015.03.09 20:38:24.296,0.78215,0.78265,1.75,1.75
2015.03.09 20:38:29.918,0.78215,0.78265,1.37,1.37
2015.03.09 20:38:30.002,0.78215,0.78265,1.37,1.75
2015.03.09 20:38:31.105,0.78215,0.78265,1.75,1.75
2015.03.09 20:38:31.808,0.78215,0.78265,1.37,1.75
2015.03.09 20:38:31.909,0.78215,0.78265,1.75,1.75
2015.03.09 20:38:35.622,0.78215,0.78265,1.37,1.75
2015.03.09 20:38:36.138,0.78215,0.78265,1.37,1.75
2015.03.09 20:38:37.629,0.78215,0.78265,1.75,1.75
2015.03.09 20:38:39.434,0.78215,0.78265,1.75,1.75
2015.03.09 20:38:43.344,0.78215,0.78265,1.75,1.75
2015.03.09 20:38:44.781,0.78215,0.78265,1.37,1.75
2015.03.09 20:38:45.392,0.78215,0.78265,1.37,1.75
2015.03.09 20:38:48.356,0.78215,0.78265,1.75,1.75
2015.03.09 20:38:48.557,0.78215,0.78265,1.37,1.75
2015.03.09 20:38:48.858,0.78215,0.78265,1.75,1.75
2015.03.09 20:38:55.273,0.78215,0.78265,1.37,1.75
2015.03.09 20:38:55.373,0.78215,0.78265,1.75,1.75
2015.03.09 20:39:04.110,0.7821,0.7826,1.75,1.75
2015.03.09 20:39:04.929,0.78215,0.7826,1.50,1.75
2015.03.09 20:39:05.426,0.78215,0.7826,1.37,1.75
2015.03.09 20:39:10.059,0.7821,0.78255,1.75,1.75
2015.03.09 20:39:18.942,0.78206,0.78255,1.75,1.75
2015.03.09 20:39:25.764,0.7821,0.78255,1.75,1.75
2015.03.09 20:39:30.476,0.7821,0.78254,1.37,1.75
2015.03.09 20:39:30.581,0.7821,0.78253,1.00,1.75
2015.03.09 20:39:30.684,0.78204,0.78251,1.37,1.75
2015.03.09 20:39:31.593,0.782,0.7825,1.50,1.75
2015.03.09 20:39:31.902,0.78195,0.78245,1.75,1.75
2015.03.09 20:39:32.493,0.78195,0.78245,1.75,1.75
2015.03.09 20:39:33.319,0.78194,0.78246,1.75,1.75
2015.03.09 20:39:34.992,0.78194,0.78246,1.75,1.75
2015.03.09 20:39:35.243,0.78195,0.7824,1.37,1.75
2015.03.09 20:39:35.396,0.78195,0.78238,1.00,1.75
2015.03.09 20:39:35.497,0.7819,0.78238,1.37,1.75
2015.03.09 20:39:35.913,0.78185,0.78235,1.75,1.75
2015.03.09 20:39:37.305,0.7819,0.78235,1.00,1.75
2015.03.09 20:39:38.711,0.7819,0.78235,1.37,1.75
2015.03.09 20:39:39.023,0.78185,0.78226,1.00,1.37
2015.03.09 20:39:39.187,0.78179,0.78222,1.00,1.12
2015.03.09 20:39:40.254,0.78179,0.78217,1.00,1.00
2015.03.09 20:39:40.799,0.7818,0.78221,1.00,1.75
2015.03.09 20:39:41.132,0.78185,0.78221,1.00,1.75
2015.03.09 20:39:42.449,0.7818,0.78221,1.00,1.75
2015.03.09 20:39:43.768,0.78175,0.78221,1.00,1.75
2015.03.09 20:39:54.778,0.7818,0.78217,1.00,1.75
2015.03.09 20:39:59.168,0.78175,0.78217,1.00,1.75
2015.03.09 20:40:00.928,0.78174,0.78217,1.00,1.75
2015.03.09 20:40:06.510,0.78174,0.78217,1.00,1.75
2015.03.09 20:40:06.561,0.7817,0.78217,1.37,1.75
2015.03.09 20:40:06.990,0.78175,0.78217,1.00,1.75
2015.03.09 20:40:14.025,0.78175,0.78217,1.00,1.75
2015.03.09 20:40:15.027,0.78175,0.78217,1.00,1.75
2015.03.09 20:40:15.901,0.78174,0.78217,1.12,1.75
2015.03.09 20:40:26.571,0.7817,0.78217,1.37,1.75
2015.03.09 20:40:26.769,0.7817,0.78217,1.37,1.75
2015.03.09 20:40:27.672,0.7817,0.78217,1.37,1.75
2015.03.09 20:40:51.232,0.7817,0.7822,1.37,2.00
2015.03.09 20:40:53.135,0.7817,0.7822,1.37,2.00
2015.03.09 20:41:01.161,0.7817,0.7822,1.50,3.00
2015.03.09 20:41:01.848,0.78169,0.7822,1.75,1.75
2015.03.09 20:41:06.955,0.78169,0.7822,1.75,1.75
2015.03.09 20:41:09.761,0.7817,0.78215,1.50,1.75
2015.03.09 20:41:26.891,0.7817,0.78215,1.37,1.75
2015.03.09 20:41:27.793,0.7817,0.7822,1.75,3.00
2015.03.09 20:41:28.895,0.7817,0.7822,1.37,3.00
2015.03.09 20:41:29.570,0.7817,0.7822,1.50,3.00
2015.03.09 20:41:41.013,0.7817,0.7822,1.50,3.00
2015.03.09 20:41:42.164,0.7817,0.7822,1.50,3.00
2015.03.09 20:41:43.818,0.7817,0.7822,1.50,3.00
2015.03.09 20:41:49.029,0.7817,0.7822,1.75,3.00
2015.03.09 20:41:49.706,0.78175,0.7822,1.37,3.00
2015.03.09 20:41:50.938,0.78169,0.7822,1.50,1.75
2015.03.09 20:41:51.767,0.78169,0.78221,1.75,1.75
2015.03.09 20:42:01.552,0.7817,0.7822,1.50,1.75
2015.03.09 20:42:01.898,0.7817,0.7822,1.00,1.00
2015.03.09 20:42:02.437,0.78175,0.7822,1.00,1.00
2015.03.09 20:42:02.904,0.78175,0.7822,1.12,1.75
2015.03.09 20:42:05.007,0.78175,0.7822,1.37,1.75
2015.03.09 20:42:06.870,0.78175,0.7822,1.37,1.75
2015.03.09 20:42:10.412,0.7817,0.78215,1.37,1.37
2015.03.09 20:42:10.521,0.7817,0.7822,1.75,1.75
2015.03.09 20:42:10.838,0.7817,0.78215,1.75,1.50
2015.03.09 20:42:11.397,0.7817,0.7822,1.75,1.75
2015.03.09 20:42:20.718,0.7817,0.7822,1.75,1.75
2015.03.09 20:42:26.644,0.78175,0.78225,1.75,1.75
2015.03.09 20:42:26.977,0.78175,0.7822,1.75,1.75
2015.03.09 20:42:29.252,0.78174,0.78226,1.75,1.75
2015.03.09 20:42:34.270,0.78175,0.7822,1.75,1.75
2015.03.09 20:42:34.771,0.78175,0.7822,1.75,1.50
2015.03.09 20:42:34.872,0.78175,0.7822,1.75,1.37
2015.03.09 20:42:35.446,0.78175,0.78225,1.75,1.75
2015.03.09 20:42:48.037,0.78174,0.78221,1.75,1.75
2015.03.09 20:42:49.149,0.78175,0.7822,1.75,1.75
2015.03.09 20:42:49.956,0.78175,0.7822,1.50,1.75
2015.03.09 20:42:50.660,0.78175,0.78225,1.75,1.75
2015.03.09 20:42:59.146,0.78174,0.78226,1.75,1.75
2015.03.09 20:43:01.119,0.78169,0.78221,1.75,1.75
2015.03.09 20:43:01.668,0.7817,0.78215,1.75,1.37
2015.03.09 20:43:06.654,0.78175,0.7822,1.50,1.75
2015.03.09 20:43:08.503,0.78175,0.78225,1.75,1.75
2015.03.09 20:43:09.776,0.78175,0.7822,1.75,1.75
2015.03.09 20:43:11.688,0.78175,0.7822,1.50,1.75
2015.03.09 20:43:16.124,0.78174,0.78226,1.75,1.75
2015.03.09 20:43:21.990,0.78174,0.78226,1.75,1.75
2015.03.09 20:43:23.772,0.78174,0.78226,1.75,1.75
2015.03.09 20:43:25.621,0.78174,0.78226,1.75,1.75
2015.03.09 20:43:27.603,0.7818,0.78225,1.37,1.75
2015.03.09 20:43:28.840,0.7818,0.78225,1.37,1.75
2015.03.09 20:43:29.098,0.7818,0.7823,1.37,3.00
2015.03.09 20:43:31.413,0.78179,0.7823,1.37,1.75
2015.03.09 20:43:31.726,0.78185,0.7823,1.12,1.75
2015.03.09 20:43:32.136,0.78185,0.7823,1.12,1.75
2015.03.09 20:43:32.242,0.78185,0.78231,1.37,1.75
2015.03.09 20:43:33.223,0.78184,0.78231,1.50,1.75
2015.03.09 20:43:33.793,0.78184,0.78231,1.37,1.75
2015.03.09 20:43:37.741,0.78185,0.78231,1.37,1.75
2015.03.09 20:43:39.649,0.78185,0.78231,1.37,1.75
2015.03.09 20:43:40.429,0.78185,0.78231,1.37,1.75
2015.03.09 20:43:41.561,0.78185,0.78231,1.37,1.75
2015.03.09 20:43:42.079,0.78185,0.78231,1.37,1.75
2015.03.09 20:43:44.085,0.7819,0.78231,1.00,1.75
2015.03.09 20:43:44.174,0.7819,0.78231,1.00,1.75
2015.03.09 20:43:44.303,0.7819,0.78232,1.12,1.75
2015.03.09 20:43:44.504,0.78185,0.78233,1.00,1.37
2015.03.09 20:43:45.277,0.78185,0.78233,1.37,1.75
2015.03.09 20:43:58.983,0.78185,0.78233,1.37,1.75
2015.03.09 20:43:59.549,0.78185,0.78233,1.37,1.75
2015.03.09 20:43:59.865,0.7819,0.78235,1.00,1.75
2015.03.09 20:44:02.942,0.78185,0.78235,1.37,1.75
2015.03.09 20:44:03.271,0.7819,0.78235,1.00,1.75
2015.03.09 20:44:03.795,0.7819,0.78235,1.00,1.75
2015.03.09 20:44:06.025,0.7819,0.78239,1.00,1.75
2015.03.09 20:44:06.745,0.78194,0.78241,1.00,1.75
2015.03.09 20:44:07.295,0.78195,0.7824,1.00,1.75
2015.03.09 20:44:07.966,0.78195,0.7824,1.00,1.75
2015.03.09 20:44:08.397,0.7819,0.7824,1.37,1.75
2015.03.09 20:44:09.025,0.7819,0.7824,1.37,1.75
2015.03.09 20:44:09.176,0.78195,0.7824,1.00,1.75
2015.03.09 20:44:11.054,0.78195,0.7824,1.00,1.75
2015.03.09 20:44:14.350,0.78195,0.7824,1.00,1.75
2015.03.09 20:44:17.194,0.78195,0.7824,1.00,1.75
2015.03.09 20:44:21.595,0.7819,0.7824,1.37,1.75
2015.03.09 20:44:21.755,0.78195,0.7824,1.00,1.75
2015.03.09 20:44:21.814,0.78189,0.78241,1.37,1.75
2015.03.09 20:44:23.125,0.7819,0.78231,1.00,1.37
2015.03.09 20:44:23.232,0.7819,0.78235,1.00,1.75
2015.03.09 20:44:23.282,0.78185,0.7823,1.37,1.75
2015.03.09 20:44:23.590,0.78185,0.78228,1.12,1.75
2015.03.09 20:44:24.216,0.78185,0.7823,1.12,1.75
2015.03.09 20:44:24.727,0.78184,0.7824,1.37,1.75
2015.03.09 20:44:24.835,0.78189,0.7824,1.00,1.75
2015.03.09 20:44:25.336,0.7819,0.7824,1.00,1.75
2015.03.09 20:44:27.645,0.78184,0.7824,1.37,1.75
2015.03.09 20:44:29.674,0.78185,0.7824,1.37,3.00
2015.03.09 20:44:29.730,0.78185,0.7824,1.37,3.00
2015.03.09 20:44:30.664,0.78184,0.78241,1.37,1.75
2015.03.09 20:44:33.038,0.78184,0.78236,1.00,1.75
2015.03.09 20:44:35.234,0.78179,0.78236,1.37,1.75
2015.03.09 20:44:36.347,0.7818,0.7823,1.37,1.75
2015.03.09 20:44:36.448,0.7818,0.7823,1.37,1.75
2015.03.09 20:44:37.484,0.78175,0.7823,1.75,1.75
2015.03.09 20:44:38.567,0.78175,0.7823,1.75,1.75
2015.03.09 20:44:41.260,0.78175,0.7823,1.75,1.75
2015.03.09 20:44:47.840,0.78175,0.78225,1.37,1.75
2015.03.09 20:44:47.940,0.7817,0.78225,1.75,1.75
2015.03.09 20:44:48.095,0.7817,0.78225,1.37,1.75
2015.03.09 20:44:49.034,0.78164,0.78221,1.75,1.75
2015.03.09 20:44:49.144,0.78164,0.78221,1.50,1.75
2015.03.09 20:44:50.134,0.78165,0.7822,1.50,1.75
2015.03.09 20:44:50.635,0.78165,0.78215,1.37,1.75
2015.03.09 20:44:52.553,0.78165,0.7822,1.37,1.75
2015.03.09 20:44:54.038,0.78165,0.7822,1.37,1.75
2015.03.09 20:44:56.546,0.78165,0.78215,1.37,1.75
2015.03.09 20:45:00.203,0.78165,0.78215,1.37,1.75
2015.03.09 20:45:01.703,0.78165,0.78215,1.37,1.75
2015.03.09 20:45:08.633,0.7816,0.78215,1.75,1.75
2015.03.09 20:45:09.298,0.7816,0.78215,1.75,1.75
2015.03.09 20:45:12.414,0.78159,0.78211,1.75,1.75
2015.03.09 20:45:12.873,0.78159,0.78211,1.75,1.50
2015.03.09 20:45:29.805,0.78165,0.7822,1.75,1.75
2015.03.09 20:45:38.689,0.78165,0.7822,1.75,1.75
2015.03.09 20:45:42.367,0.78165,0.78215,1.50,1.50
2015.03.09 20:45:42.483,0.78165,0.7822,1.75,1.75
2015.03.09 20:45:44.374,0.7817,0.7822,1.37,1.75
2015.03.09 20:45:44.512,0.7817,0.7822,1.37,1.75
2015.03.09 20:45:48.015,0.7817,0.7822,1.37,1.75
2015.03.09 20:45:50.604,0.78165,0.7822,1.75,1.75
2015.03.09 20:45:50.690,0.78165,0.7822,1.75,1.75
2015.03.09 20:45:50.790,0.78169,0.78226,1.75,3.00
2015.03.09 20:45:51.335,0.7817,0.78225,1.75,1.75
2015.03.09 20:45:51.793,0.7817,0.78225,1.75,1.75
2015.03.09 20:45:57.007,0.7817,0.78225,1.75,1.75
2015.03.09 20:45:57.149,0.7817,0.78225,1.75,1.75
2015.03.09 20:46:03.564,0.78174,0.78226,1.75,1.75
2015.03.09 20:46:08.579,0.7818,0.7823,1.37,3.00
2015.03.09 20:46:08.856,0.7818,0.7823,1.37,3.00
2015.03.09 20:46:11.044,0.7818,0.7823,1.37,3.00
2015.03.09 20:46:24.981,0.7818,0.78233,1.37,1.75
2015.03.09 20:46:27.906,0.7818,0.78233,1.50,1.75
2015.03.09 20:46:28.643,0.7818,0.78233,1.75,1.75
2015.03.09 20:46:30.715,0.78179,0.78233,1.75,1.75
2015.03.09 20:46:30.866,0.7818,0.78235,1.75,1.75
2015.03.09 20:46:31.925,0.7818,0.78235,1.75,1.75
2015.03.09 20:46:36.049,0.7818,0.78235,1.75,1.75
2015.03.09 20:46:48.803,0.78185,0.7824,1.37,1.75
2015.03.09 20:46:53.233,0.78184,0.78241,1.75,3.00
2015.03.09 20:47:00.362,0.78185,0.7824,1.50,1.75
2015.03.09 20:47:06.201,0.78185,0.7824,1.50,1.75
2015.03.09 20:47:07.521,0.78185,0.78235,1.37,1.75
2015.03.09 20:47:10.332,0.78184,0.78236,1.50,1.75
2015.03.09 20:47:11.603,0.7818,0.78235,1.75,1.75
2015.03.09 20:47:18.034,0.7818,0.78235,1.75,1.75
2015.03.09 20:47:18.745,0.7818,0.78235,1.75,1.75
2015.03.09 20:47:21.931,0.7818,0.78235,1.75,1.75
2015.03.09 20:47:23.035,0.7818,0.78235,1.75,1.75
2015.03.09 20:47:24.435,0.7818,0.78235,1.75,1.75
2015.03.09 20:47:28.041,0.7818,0.7823,1.75,1.75
2015.03.09 20:47:33.860,0.78174,0.78231,1.75,1.75
2015.03.09 20:47:40.914,0.7818,0.78235,1.75,1.75
2015.03.09 20:47:41.014,0.7818,0.78235,1.75,1.75
2015.03.09 20:47:44.571,0.78184,0.78241,1.50,3.00
2015.03.09 20:47:46.575,0.78184,0.78241,1.75,3.00
2015.03.09 20:47:49.882,0.78184,0.78241,1.50,3.00
2015.03.09 20:48:07.353,0.78185,0.7824,1.50,1.75
2015.03.09 20:48:10.655,0.78185,0.7824,1.50,1.75
2015.03.09 20:48:14.438,0.78185,0.7824,1.37,1.75
2015.03.09 20:48:14.946,0.78185,0.7824,1.50,1.75
2015.03.09 20:48:15.541,0.78185,0.7824,1.37,1.75
2015.03.09 20:48:16.217,0.78185,0.7824,1.50,1.75
2015.03.09 20:48:19.051,0.78185,0.7824,1.50,1.75
2015.03.09 20:48:29.672,0.78185,0.7824,1.37,1.75
2015.03.09 20:48:33.594,0.7819,0.78238,1.00,1.75
2015.03.09 20:48:34.806,0.78185,0.78238,1.37,1.75
2015.03.09 20:48:36.341,0.7819,0.78238,1.00,1.75
2015.03.09 20:48:37.116,0.7819,0.78238,1.00,1.75
2015.03.09 20:48:37.688,0.7819,0.78238,1.00,1.75
2015.03.09 20:48:38.321,0.78184,0.78238,1.50,1.75
2015.03.09 20:48:39.097,0.78185,0.78238,1.37,1.75
2015.03.09 20:48:45.371,0.7819,0.78238,1.00,1.75
2015.03.09 20:48:51.451,0.78185,0.78238,1.37,1.75
2015.03.09 20:48:55.704,0.7819,0.78238,1.00,1.75
2015.03.09 20:48:56.361,0.78189,0.78238,1.00,1.75
2015.03.09 20:48:56.899,0.7819,0.78238,1.00,1.75
2015.03.09 20:48:58.376,0.7819,0.78238,1.37,1.75
2015.03.09 20:49:00.042,0.78189,0.78238,1.75,1.75
2015.03.09 20:49:00.545,0.78189,0.78238,1.75,1.75
2015.03.09 20:49:01.569,0.78189,0.78238,1.75,1.75
2015.03.09 20:49:01.898,0.7819,0.78241,1.75,1.75
2015.03.09 20:49:02.510,0.7819,0.78241,1.75,1.75
2015.03.09 20:49:03.948,0.7819,0.78241,1.75,1.75
2015.03.09 20:49:05.650,0.7819,0.78241,1.75,1.75
2015.03.09 20:49:25.078,0.7819,0.78241,1.75,1.75
2015.03.09 20:49:25.634,0.7819,0.78241,1.75,1.75
2015.03.09 20:49:54.232,0.7819,0.78241,1.75,1.75
2015.03.09 20:50:00.443,0.78189,0.78241,1.75,1.75
2015.03.09 20:50:03.086,0.78195,0.7825,1.37,2.00
2015.03.09 20:50:03.759,0.7819,0.78245,1.37,2.00
2015.03.09 20:50:03.871,0.7819,0.78245,2.00,2.00
2015.03.09 20:50:07.062,0.7819,0.7824,1.37,2.00
2015.03.09 20:50:10.996,0.7819,0.7824,2.00,2.00
2015.03.09 20:50:37.773,0.7819,0.78239,1.37,1.75
2015.03.09 20:50:44.806,0.7819,0.78239,1.37,1.75
2015.03.09 20:50:51.176,0.7819,0.78236,1.37,1.75
2015.03.09 20:50:55.552,0.7819,0.78236,1.37,1.75
2015.03.09 20:50:57.591,0.78195,0.78236,1.00,1.75
2015.03.09 20:50:57.700,0.7819,0.78236,1.37,1.75
2015.03.09 20:51:00.472,0.7819,0.78236,1.37,1.75
2015.03.09 20:51:14.372,0.78175,0.7824,1.75,1.75
2015.03.09 20:51:14.932,0.78175,0.7824,1.75,1.75
2015.03.09 20:51:18.094,0.78175,0.78245,1.75,1.75
2015.03.09 20:51:20.192,0.7818,0.78245,1.75,1.75
2015.03.09 20:51:24.085,0.78175,0.78245,1.75,1.75
2015.03.09 20:51:34.399,0.7818,0.7824,1.75,1.75
2015.03.09 20:51:34.500,0.7818,0.7824,1.75,1.75
2015.03.09 20:51:34.819,0.7818,0.7824,1.75,1.75
2015.03.09 20:51:40.348,0.78174,0.78241,1.75,1.75
2015.03.09 20:51:41.126,0.78174,0.78241,1.75,1.75
2015.03.09 20:51:41.699,0.78175,0.7824,1.75,1.75
2015.03.09 20:51:57.280,0.78174,0.78241,1.75,1.75
2015.03.09 20:52:01.570,0.78175,0.7824,1.75,1.75
2015.03.09 20:52:22.238,0.78175,0.78235,1.50,1.37
2015.03.09 20:52:28.009,0.78175,0.78235,1.37,1.75
2015.03.09 20:52:29.328,0.7818,0.78235,1.00,1.75
2015.03.09 20:52:29.878,0.78179,0.78238,1.00,1.75
2015.03.09 20:52:34.168,0.7818,0.78235,1.00,1.75
2015.03.09 20:52:36.147,0.78179,0.78236,1.00,1.75
2015.03.09 20:52:36.248,0.78179,0.78236,1.37,1.50
2015.03.09 20:52:36.809,0.7818,0.7823,1.12,1.50
2015.03.09 20:52:47.591,0.78185,0.7823,1.00,1.00
2015.03.09 20:52:47.807,0.7818,0.7823,1.12,1.00
2015.03.09 20:52:49.761,0.7818,0.7823,1.00,1.37
2015.03.09 20:53:12.588,0.7818,0.78227,1.00,1.00
2015.03.09 20:53:13.016,0.78184,0.78227,1.00,1.00
2015.03.09 20:53:13.550,0.78179,0.78227,1.00,1.00
2015.03.09 20:53:13.601,0.78179,0.7823,1.00,1.37
2015.03.09 20:53:16.853,0.7818,0.7823,1.00,1.37
2015.03.09 20:53:17.398,0.78185,0.7823,1.00,1.37
2015.03.09 20:53:21.579,0.7819,0.7823,1.00,1.37
2015.03.09 20:53:21.841,0.7819,0.78232,1.00,1.37
2015.03.09 20:53:21.909,0.78185,0.78232,1.00,1.37
2015.03.09 20:53:22.191,0.78179,0.7823,1.37,1.00
2015.03.09 20:53:24.498,0.78185,0.7823,1.00,1.00
2015.03.09 20:53:24.656,0.7818,0.7823,1.12,1.00
2015.03.09 20:53:28.130,0.78185,0.7823,1.00,1.00
2015.03.09 20:53:29.669,0.7818,0.7823,1.12,1.00
2015.03.09 20:53:32.198,0.78185,0.7823,1.00,1.00
2015.03.09 20:53:32.970,0.78184,0.7823,1.00,1.00
2015.03.09 20:53:33.677,0.78185,0.7823,1.00,1.00
2015.03.09 20:53:38.125,0.78185,0.7823,1.00,1.37
2015.03.09 20:53:41.878,0.78184,0.7823,1.00,1.37
2015.03.09 20:53:42.542,0.78185,0.7823,1.00,1.37
2015.03.09 20:53:49.249,0.7819,0.7823,1.00,1.37
2015.03.09 20:53:49.577,0.78185,0.7823,1.00,1.37
2015.03.09 20:53:51.338,0.78184,0.7823,1.00,1.37
2015.03.09 20:53:51.668,0.7818,0.7823,1.00,1.37
2015.03.09 20:53:52.436,0.7818,0.78226,1.00,1.00
2015.03.09 20:53:52.775,0.78185,0.78226,1.00,1.00
2015.03.09 20:53:52.986,0.7818,0.78226,1.00,1.00
2015.03.09 20:53:59.147,0.78175,0.78226,1.37,1.00
2015.03.09 20:54:01.129,0.7818,0.78226,1.00,1.00
2015.03.09 20:54:12.603,0.78179,0.78226,1.00,1.00
2015.03.09 20:54:16.087,0.7818,0.78226,1.00,1.00
2015.03.09 20:54:16.747,0.78185,0.78226,1.00,1.00
2015.03.09 20:54:17.736,0.78184,0.78226,1.00,1.00
2015.03.09 20:54:18.238,0.78185,0.78226,1.00,1.00
2015.03.09 20:54:18.652,0.7818,0.78226,1.00,1.00
2015.03.09 20:54:19.831,0.78184,0.78226,1.00,1.00
2015.03.09 20:54:19.940,0.7818,0.78226,1.00,1.00
2015.03.09 20:54:24.337,0.78185,0.78226,1.00,1.00
2015.03.09 20:54:24.886,0.78185,0.78222,1.00,1.00
2015.03.09 20:54:24.937,0.7818,0.78222,1.00,1.00
2015.03.09 20:54:26.319,0.78179,0.78222,1.00,1.00
2015.03.09 20:54:26.406,0.78179,0.7822,1.00,1.00
2015.03.09 20:54:31.596,0.7818,0.7822,1.00,1.00
2015.03.09 20:54:39.414,0.78184,0.7822,1.00,1.00
2015.03.09 20:54:40.024,0.78185,0.7822,1.00,1.00
2015.03.09 20:54:45.035,0.78184,0.7822,1.00,1.00
2015.03.09 20:54:50.865,0.78179,0.7822,1.00,1.00
2015.03.09 20:54:50.982,0.78185,0.7822,1.00,1.00
2015.03.09 20:54:54.059,0.7818,0.7822,1.00,1.00
2015.03.09 20:54:54.827,0.78179,0.7822,1.00,1.00
2015.03.09 20:54:56.145,0.7818,0.7822,1.00,1.00
2015.03.09 20:55:00.194,0.7818,0.78225,1.00,1.00
2015.03.09 20:55:00.905,0.78174,0.78225,1.37,1.00
2015.03.09 20:55:01.425,0.78175,0.7822,1.37,1.00
2015.03.09 20:55:02.136,0.78175,0.7822,1.00,1.00
2015.03.09 20:55:02.306,0.7817,0.7822,1.37,1.00
2015.03.09 20:55:02.556,0.78175,0.78219,1.00,1.00
2015.03.09 20:55:02.726,0.78175,0.78222,1.00,1.00
2015.03.09 20:55:02.827,0.78175,0.78222,1.00,1.37
2015.03.09 20:55:03.077,0.7817,0.7822,1.12,1.12
2015.03.09 20:55:03.296,0.78175,0.7822,1.00,1.12
2015.03.09 20:55:03.407,0.78169,0.78221,1.37,1.37
2015.03.09 20:55:03.535,0.78169,0.78216,1.37,1.00
2015.03.09 20:55:03.866,0.7817,0.7822,1.12,1.12
2015.03.09 20:55:04.250,0.7817,0.78218,1.12,1.00
2015.03.09 20:55:04.806,0.78175,0.78218,1.00,1.00
2015.03.09 20:55:08.026,0.7817,0.78218,1.12,1.00
2015.03.09 20:55:08.589,0.7817,0.78215,1.12,1.00
2015.03.09 20:55:12.466,0.78169,0.78216,1.00,1.00
2015.03.09 20:55:12.538,0.7817,0.78218,1.00,1.00
2015.03.09 20:55:12.698,0.78169,0.78216,1.00,1.00
2015.03.09 20:55:13.256,0.7817,0.78215,1.00,1.00
2015.03.09 20:55:15.106,0.78175,0.78218,1.00,1.00
2015.03.09 20:55:15.506,0.7817,0.78218,1.00,1.00
2015.03.09 20:55:15.837,0.78175,0.78218,1.00,1.00
2015.03.09 20:55:16.456,0.78175,0.78216,1.00,1.00
2015.03.09 20:55:16.507,0.7817,0.78216,1.00,1.00
2015.03.09 20:55:17.036,0.7817,0.78215,1.00,1.00
2015.03.09 20:55:18.477,0.7817,0.78216,1.00,1.00
2015.03.09 20:55:23.206,0.78169,0.78216,1.00,1.87
2015.03.09 20:55:23.895,0.78169,0.78215,1.00,1.00
2015.03.09 20:55:25.670,0.7817,0.78215,1.00,1.00
2015.03.09 20:55:26.280,0.78169,0.78217,1.00,1.37
2015.03.09 20:55:34.316,0.7817,0.78218,1.00,1.37
2015.03.09 20:55:38.056,0.78169,0.78218,1.00,1.37
2015.03.09 20:55:38.646,0.78165,0.78215,1.12,1.00
2015.03.09 20:55:42.183,0.78164,0.78216,1.37,1.12
2015.03.09 20:55:43.006,0.78165,0.78215,1.12,1.00
2015.03.09 20:55:54.890,0.78164,0.78216,1.37,1.12
2015.03.09 20:55:57.306,0.78165,0.78215,1.12,1.00
2015.03.09 20:56:00.617,0.7817,0.78216,1.00,1.12
2015.03.09 20:56:01.598,0.7817,0.78215,1.00,1.00
2015.03.09 20:56:02.525,0.78165,0.78215,1.12,1.00
2015.03.09 20:56:02.626,0.78169,0.78215,1.00,1.00
2015.03.09 20:56:03.164,0.7817,0.78215,1.00,1.00
2015.03.09 20:56:09.519,0.78169,0.78215,1.00,1.00
2015.03.09 20:56:10.194,0.7817,0.78215,1.00,1.00
2015.03.09 20:56:36.356,0.78169,0.78215,1.00,1.00
2015.03.09 20:56:38.228,0.7817,0.78215,1.00,1.50
2015.03.09 20:56:57.476,0.78169,0.78215,1.00,1.00
2015.03.09 20:56:58.206,0.78169,0.78216,1.00,1.00
2015.03.09 20:56:59.343,0.78169,0.78217,1.00,1.12
2015.03.09 20:57:02.634,0.78169,0.78216,1.00,1.00
2015.03.09 20:57:03.348,0.78169,0.78218,1.00,1.37
2015.03.09 20:57:05.305,0.7817,0.78215,1.00,1.00
2015.03.09 20:57:14.074,0.78169,0.78216,1.00,1.00
2015.03.09 20:57:22.766,0.7817,0.78215,1.00,1.00
2015.03.09 20:57:26.613,0.78169,0.78216,1.00,1.00
2015.03.09 20:57:29.502,0.7817,0.78215,1.00,1.00
2015.03.09 20:57:32.003,0.78165,0.78215,1.37,1.00
2015.03.09 20:57:32.245,0.7817,0.78215,1.00,1.00
2015.03.09 20:57:32.684,0.7817,0.78219,1.00,1.37
2015.03.09 20:57:32.784,0.7817,0.78219,1.00,1.12
2015.03.09 20:57:35.116,0.7817,0.78215,1.00,1.00
2015.03.09 20:57:41.714,0.78175,0.7822,1.00,1.50
2015.03.09 20:57:41.903,0.7817,0.7822,1.12,1.50
2015.03.09 20:57:44.235,0.78169,0.78216,1.37,1.00
2015.03.09 20:57:44.931,0.7817,0.78215,1.12,1.00
2015.03.09 20:57:46.556,0.78164,0.78216,1.37,1.00
2015.03.09 20:57:46.745,0.7817,0.78215,1.00,1.00
2015.03.09 20:57:47.114,0.78165,0.78215,1.37,1.00
2015.03.09 20:57:47.327,0.7817,0.78215,1.00,1.00
2015.03.09 20:57:48.723,0.78169,0.78216,1.00,1.00
2015.03.09 20:57:49.536,0.7817,0.78215,1.00,1.00
2015.03.09 20:57:50.153,0.78165,0.78215,1.37,1.00
2015.03.09 20:57:51.144,0.7817,0.78215,1.00,1.00
2015.03.09 20:57:53.904,0.7817,0.7822,1.00,1.37
2015.03.09 20:57:54.013,0.78165,0.78215,1.37,1.00
2015.03.09 20:57:54.354,0.7817,0.78215,1.00,1.00
2015.03.09 20:57:54.869,0.78169,0.78216,1.00,1.00
2015.03.09 20:57:55.983,0.78165,0.78215,1.37,1.00
2015.03.09 20:57:56.302,0.7817,0.78215,1.00,1.00
2015.03.09 20:57:56.353,0.78165,0.78215,1.37,1.00
2015.03.09 20:58:01.209,0.78165,0.78215,1.75,1.00
2015.03.09 20:58:01.384,0.7816,0.7822,1.75,1.00
2015.03.09 20:58:02.035,0.78158,0.78225,1.75,1.37
2015.03.09 20:58:02.253,0.78158,0.7822,1.75,1.00
2015.03.09 20:58:02.474,0.78158,0.78225,1.75,1.37
2015.03.09 20:58:02.524,0.78158,0.78225,1.75,1.37
2015.03.09 20:58:03.963,0.78161,0.78225,1.75,1.00
2015.03.09 20:58:08.841,0.78161,0.78225,1.75,1.12
2015.03.09 20:58:17.473,0.78164,0.78226,1.75,1.37
2015.03.09 20:58:18.715,0.78165,0.78235,1.75,3.00
2015.03.09 20:58:19.182,0.78165,0.78235,1.75,3.00
2015.03.09 20:58:19.283,0.78164,0.78235,1.75,1.75
2015.03.09 20:58:19.384,0.78165,0.78235,1.75,1.37
2015.03.09 20:58:21.591,0.78145,0.78259,1.75,1.75
2015.03.09 20:58:28.520,0.78135,0.78259,1.75,1.75
2015.03.09 20:58:28.856,0.78142,0.78256,1.75,1.75
2015.03.09 20:58:33.662,0.78144,0.78256,1.75,1.75
2015.03.09 20:58:33.872,0.7814,0.78266,1.75,1.75
2015.03.09 20:58:36.664,0.7815,0.78247,3.00,1.75
2015.03.09 20:58:38.050,0.78155,0.78247,1.75,1.75
2015.03.09 20:58:41.162,0.78161,0.78238,1.75,1.75
2015.03.09 20:58:42.163,0.78161,0.78238,1.75,1.75
2015.03.09 20:58:43.403,0.78162,0.78244,1.75,1.75
2015.03.09 20:58:43.704,0.78155,0.78255,1.75,1.75
2015.03.09 20:58:44.872,0.78145,0.78255,3.00,1.75
2015.03.09 20:58:45.202,0.78145,0.78255,1.75,1.75
2015.03.09 20:58:45.304,0.78149,0.78261,1.75,1.75
2015.03.09 20:58:47.090,0.78149,0.78261,1.75,1.75
2015.03.09 20:58:50.601,0.7815,0.7826,1.75,1.75
2015.03.09 20:58:52.903,0.78145,0.78253,1.75,1.75
2015.03.09 20:58:53.121,0.78145,0.78253,1.75,1.75
2015.03.09 20:58:53.606,0.7815,0.78255,1.75,1.75
2015.03.09 20:58:54.914,0.7815,0.78255,1.75,1.75
2015.03.09 20:58:55.015,0.7815,0.78255,1.75,1.75
2015.03.09 20:58:56.127,0.78145,0.78255,3.00,1.75
2015.03.09 20:58:57.983,0.78145,0.78255,3.00,1.75
2015.03.09 20:58:58.339,0.78145,0.7825,3.00,1.75
2015.03.09 20:58:58.541,0.78165,0.78243,1.75,1.75
2015.03.09 20:58:58.843,0.78165,0.78243,1.75,1.75
2015.03.09 20:58:58.974,0.78165,0.78243,1.75,1.75
2015.03.09 20:58:59.746,0.78165,0.78243,1.75,1.00
2015.03.09 20:58:59.847,0.78165,0.78243,1.75,1.75
2015.03.09 20:59:00.116,0.78155,0.7825,1.00,1.00
2015.03.09 20:59:00.224,0.7817,0.7828,1.00,1.00
2015.03.09 20:59:00.444,0.78165,0.78275,1.00,1.00
2015.03.09 20:59:00.664,0.7816,0.78275,1.00,1.00
2015.03.09 20:59:00.771,0.78165,0.78275,1.00,1.00
2015.03.09 20:59:01.433,0.7816,0.78275,1.00,1.00
2015.03.09 20:59:02.245,0.78159,0.78276,1.00,1.00
2015.03.09 20:59:02.422,0.78165,0.78275,1.00,1.00
2015.03.09 20:59:02.831,0.78165,0.7827,1.00,1.00
2015.03.09 20:59:03.124,0.7816,0.7827,1.00,1.00
2015.03.09 20:59:03.192,0.78164,0.78276,1.00,1.00
2015.03.09 20:59:03.711,0.78165,0.78275,1.00,1.00
2015.03.09 20:59:04.182,0.7816,0.7827,1.00,1.00
2015.03.09 20:59:04.841,0.78165,0.78275,1.00,1.00
2015.03.09 20:59:05.197,0.7816,0.7827,1.00,1.00
2015.03.09 20:59:05.526,0.78165,0.78275,1.00,1.00
2015.03.09 20:59:05.833,0.7816,0.7827,1.00,1.00
2015.03.09 20:59:06.204,0.78164,0.78271,1.00,1.00
2015.03.09 20:59:06.711,0.78165,0.7827,1.00,1.00
2015.03.09 20:59:09.132,0.78164,0.78271,1.00,1.00
2015.03.09 20:59:09.241,0.7816,0.7827,1.00,1.00
2015.03.09 20:59:09.351,0.78159,0.78266,1.00,1.00
2015.03.09 20:59:11.790,0.78165,0.78245,1.00,1.00
2015.03.09 20:59:13.352,0.78165,0.7824,1.00,1.00
2015.03.09 20:59:13.444,0.78165,0.7825,1.00,1.00
2015.03.09 20:59:13.883,0.78165,0.78245,1.00,1.00
2015.03.09 20:59:19.491,0.78159,0.78246,1.00,1.00
2015.03.09 20:59:21.363,0.7816,0.7824,1.00,1.00
2015.03.09 20:59:24.333,0.7816,0.78235,1.00,1.00
2015.03.09 20:59:27.301,0.7816,0.7823,1.00,1.00
2015.03.09 20:59:27.874,0.78165,0.78235,1.00,1.00
2015.03.09 20:59:29.182,0.78164,0.78231,1.00,1.00
2015.03.09 20:59:29.721,0.78164,0.78236,1.00,1.00
2015.03.09 20:59:31.701,0.78165,0.78235,1.00,1.00
2015.03.09 20:59:39.622,0.7816,0.7824,1.00,1.00
2015.03.09 20:59:39.732,0.78165,0.7824,1.00,1.00
2015.03.09 20:59:39.952,0.7816,0.7824,1.00,1.00
2015.03.09 20:59:41.381,0.78164,0.78241,1.00,1.00
2015.03.09 20:59:46.034,0.78169,0.78236,1.00,1.00
2015.03.09 20:59:46.332,0.78164,0.78236,1.00,1.00
2015.03.09 20:59:46.880,0.78165,0.78235,1.00,1.00
2015.03.09 20:59:48.532,0.7816,0.7824,1.00,1.00
2015.03.09 20:59:53.283,0.78165,0.78245,1.00,1.00
2015.03.09 20:59:55.792,0.7816,0.78265,1.00,1.00
2015.03.09 20:59:55.900,0.78165,0.78265,1.00,1.00
2015.03.09 20:59:58.140,0.78164,0.78266,1.00,1.00
2015.03.09 20:59:58.651,0.7817,0.78265,1.00,1.00
2015.03.09 20:59:58.760,0.7817,0.7827,1.00,1.00
