2015.03.16 04:00:01.903,0.78555,0.786,1.00,1.00
2015.03.16 04:00:07.728,0.78555,0.78596,1.00,1.00
2015.03.16 04:00:08.120,0.78555,0.78592,1.00,1.00
2015.03.16 04:00:08.746,0.78556,0.78591,1.00,1.00
2015.03.16 04:00:10.171,0.78553,0.7859,1.00,1.00
2015.03.16 04:00:15.791,0.78553,0.78587,1.00,1.00
2015.03.16 04:00:17.402,0.78551,0.78585,1.00,1.00
2015.03.16 04:00:17.955,0.7855,0.78585,1.00,1.00
2015.03.16 04:00:36.546,0.78552,0.78588,1.00,1.00
2015.03.16 04:00:36.655,0.78555,0.78589,1.00,1.00
2015.03.16 04:00:36.987,0.78553,0.78587,1.00,1.00
2015.03.16 04:00:37.313,0.78555,0.78589,1.00,1.00
2015.03.16 04:00:38.857,0.78556,0.78592,1.00,1.00
2015.03.16 04:00:41.699,0.78559,0.78593,1.00,1.00
2015.03.16 04:00:42.689,0.78558,0.78591,1.00,1.00
2015.03.16 04:00:42.992,0.78556,0.78589,1.00,1.00
2015.03.16 04:00:43.294,0.78554,0.78587,1.00,1.00
2015.03.16 04:00:43.789,0.78556,0.7859,1.00,1.00
2015.03.16 04:00:44.372,0.78558,0.78591,1.00,1.00
2015.03.16 04:00:45.439,0.78555,0.7859,1.00,1.00
2015.03.16 04:00:45.549,0.78554,0.78588,1.00,1.00
2015.03.16 04:00:47.873,0.78557,0.7859,1.00,1.00
2015.03.16 04:00:48.316,0.7856,0.78593,1.00,1.00
2015.03.16 04:00:48.417,0.78557,0.78592,1.00,1.00
2015.03.16 04:00:48.965,0.78555,0.78588,1.00,1.00
2015.03.16 04:00:50.185,0.78555,0.78591,1.00,1.00
2015.03.16 04:00:50.406,0.78559,0.78592,1.00,1.00
2015.03.16 04:00:59.234,0.78561,0.78594,1.00,1.00
2015.03.16 04:01:00.856,0.78558,0.78592,1.00,1.00
2015.03.16 04:01:02.158,0.78559,0.78594,1.00,1.12
2015.03.16 04:01:17.684,0.78558,0.78591,1.00,1.00
2015.03.16 04:01:17.907,0.78556,0.7859,1.00,1.00
2015.03.16 04:01:18.238,0.78554,0.78587,1.00,1.00
2015.03.16 04:01:19.215,0.78551,0.78585,1.00,1.00
2015.03.16 04:01:19.806,0.78548,0.78583,1.00,1.00
2015.03.16 04:01:20.207,0.78547,0.7858,1.00,1.00
2015.03.16 04:01:20.460,0.78544,0.78578,1.00,1.00
2015.03.16 04:01:20.560,0.78542,0.78577,1.00,1.00
2015.03.16 04:01:20.660,0.7854,0.78574,1.00,1.00
2015.03.16 04:01:20.987,0.78538,0.78572,1.00,1.00
2015.03.16 04:01:27.804,0.78542,0.78576,1.00,1.00
2015.03.16 04:01:28.134,0.78544,0.78578,1.00,1.00
2015.03.16 04:01:29.125,0.78545,0.78581,1.00,1.00
2015.03.16 04:01:32.426,0.78542,0.78583,1.00,1.00
2015.03.16 04:01:49.834,0.78542,0.78583,1.00,1.37
2015.03.16 04:02:00.567,0.78542,0.78583,1.00,1.12
2015.03.16 04:02:02.548,0.78541,0.78578,1.00,1.00
2015.03.16 04:02:10.596,0.78545,0.78579,1.00,1.00
2015.03.16 04:02:10.847,0.78545,0.78581,1.00,1.00
2015.03.16 04:02:11.144,0.78543,0.78579,1.00,1.00
2015.03.16 04:02:17.337,0.78541,0.78575,1.00,1.00
2015.03.16 04:02:17.694,0.78539,0.78573,1.00,1.00
2015.03.16 04:02:49.457,0.78549,0.7858,1.00,1.37
2015.03.16 04:02:49.809,0.78541,0.78575,1.00,1.00
2015.03.16 04:02:55.309,0.78545,0.78579,1.00,1.00
2015.03.16 04:03:26.347,0.78542,0.78578,1.00,1.00
2015.03.16 04:03:26.549,0.7854,0.78576,1.00,1.00
2015.03.16 04:03:27.104,0.78539,0.78573,1.00,1.00
2015.03.16 04:03:30.517,0.78548,0.78584,1.00,1.75
2015.03.16 04:03:30.567,0.78548,0.78584,1.00,1.37
2015.03.16 04:03:30.833,0.78553,0.78586,1.00,1.37
2015.03.16 04:03:31.053,0.78554,0.78594,1.00,1.75
2015.03.16 04:03:31.239,0.78554,0.78594,1.00,1.37
2015.03.16 04:03:31.289,0.78557,0.7859,1.00,1.12
2015.03.16 04:03:34.777,0.78549,0.78583,1.00,1.00
2015.03.16 04:03:45.667,0.78545,0.78579,1.00,1.00
2015.03.16 04:03:55.033,0.78553,0.78586,1.00,1.12
2015.03.16 04:03:55.475,0.78554,0.78588,1.00,1.12
2015.03.16 04:03:55.787,0.78556,0.7859,1.00,1.37
2015.03.16 04:03:57.292,0.78556,0.78585,1.00,1.00
2015.03.16 04:03:57.342,0.78547,0.78581,1.00,1.00
2015.03.16 04:03:58.867,0.78544,0.7858,1.00,1.00
2015.03.16 04:03:58.977,0.78543,0.78577,1.00,1.00
2015.03.16 04:04:28.824,0.78541,0.78574,1.00,1.00
2015.03.16 04:04:29.142,0.78539,0.78572,1.00,1.00
2015.03.16 04:04:29.242,0.78536,0.78571,1.00,1.00
2015.03.16 04:04:38.351,0.78545,0.78579,1.00,1.37
2015.03.16 04:04:38.402,0.78545,0.78579,1.00,1.12
2015.03.16 04:04:38.916,0.78545,0.78579,1.00,1.37
2015.03.16 04:04:39.017,0.78537,0.78571,1.00,1.00
2015.03.16 04:04:39.362,0.78536,0.78569,1.00,1.00
2015.03.16 04:05:03.329,0.78539,0.78572,1.00,1.00
2015.03.16 04:05:18.399,0.7854,0.78574,1.00,1.00
2015.03.16 04:05:19.279,0.78541,0.78575,1.00,1.00
2015.03.16 04:05:24.275,0.78543,0.7858,1.00,1.50
2015.03.16 04:05:24.333,0.78543,0.78581,1.00,1.37
2015.03.16 04:05:24.583,0.78553,0.78585,1.00,1.75
2015.03.16 04:05:24.633,0.78553,0.7859,1.00,1.75
2015.03.16 04:05:24.683,0.78555,0.78588,1.00,1.50
2015.03.16 04:05:24.734,0.78555,0.78588,1.00,1.12
2015.03.16 04:05:24.864,0.78555,0.78588,1.00,1.37
2015.03.16 04:05:24.965,0.78555,0.7859,1.00,1.37
2015.03.16 04:05:25.015,0.78557,0.7859,1.00,1.87
2015.03.16 04:05:25.333,0.78547,0.78585,1.00,1.00
2015.03.16 04:05:25.878,0.78545,0.78581,1.00,1.00
2015.03.16 04:05:26.466,0.78545,0.7858,1.00,1.00
2015.03.16 04:05:33.835,0.78545,0.78581,1.00,1.00
2015.03.16 04:05:42.853,0.78545,0.7858,1.00,1.00
2015.03.16 04:05:50.886,0.78545,0.78581,1.00,1.00
2015.03.16 04:05:53.307,0.78545,0.7858,1.00,1.00
2015.03.16 04:05:53.889,0.78545,0.78581,1.00,1.50
2015.03.16 04:05:54.473,0.78545,0.7858,1.00,1.00
2015.03.16 04:05:55.044,0.78545,0.78581,1.00,1.00
2015.03.16 04:06:02.296,0.78544,0.78578,1.00,1.00
2015.03.16 04:06:05.274,0.78542,0.78576,1.00,1.00
2015.03.16 04:06:07.235,0.78542,0.78576,1.00,1.37
2015.03.16 04:06:07.285,0.78539,0.78575,1.00,1.12
2015.03.16 04:06:07.349,0.78538,0.78573,1.00,1.00
2015.03.16 04:06:07.678,0.78533,0.78568,1.00,1.00
2015.03.16 04:06:17.579,0.78535,0.7857,1.00,1.12
2015.03.16 04:06:21.105,0.78532,0.78565,1.00,1.00
2015.03.16 04:06:21.318,0.78529,0.78564,1.00,1.00
2015.03.16 04:06:31.878,0.7854,0.78571,1.00,1.12
2015.03.16 04:06:31.928,0.7854,0.78573,1.00,1.00
2015.03.16 04:06:32.126,0.7854,0.78573,1.00,1.37
2015.03.16 04:06:32.318,0.7853,0.78563,1.00,1.00
2015.03.16 04:06:38.861,0.7853,0.78563,1.37,1.00
2015.03.16 04:06:38.964,0.7854,0.78573,1.00,1.00
2015.03.16 04:06:39.068,0.78529,0.78564,1.00,1.00
2015.03.16 04:06:42.882,0.78531,0.78567,1.00,1.00
2015.03.16 04:06:42.993,0.78534,0.78567,1.00,1.00
2015.03.16 04:06:43.629,0.78536,0.78569,1.00,1.00
2015.03.16 04:07:02.467,0.78534,0.78567,1.00,1.00
2015.03.16 04:07:03.038,0.78536,0.78569,1.00,1.00
2015.03.16 04:07:11.477,0.78534,0.78567,1.00,1.00
2015.03.16 04:07:16.758,0.78536,0.78569,1.00,1.00
2015.03.16 04:07:38.982,0.78545,0.78578,1.00,1.37
2015.03.16 04:07:39.314,0.78548,0.78583,1.00,1.37
2015.03.16 04:07:39.424,0.78548,0.78583,1.00,1.37
2015.03.16 04:07:39.964,0.78548,0.78583,1.00,1.00
2015.03.16 04:07:40.521,0.78541,0.78578,1.00,1.00
2015.03.16 04:07:40.667,0.78545,0.78578,1.00,1.00
2015.03.16 04:07:43.272,0.78552,0.78586,1.00,1.50
2015.03.16 04:07:43.325,0.78552,0.78586,1.00,1.37
2015.03.16 04:07:43.828,0.78545,0.78578,1.00,1.00
2015.03.16 04:07:44.357,0.78546,0.78581,1.00,1.00
2015.03.16 04:07:44.577,0.78542,0.78581,1.00,1.00
2015.03.16 04:07:45.208,0.78542,0.7858,1.00,1.00
2015.03.16 04:07:45.457,0.78541,0.78578,1.00,1.00
2015.03.16 04:07:47.738,0.78541,0.78578,1.00,1.37
2015.03.16 04:07:55.541,0.78541,0.78575,1.00,1.00
2015.03.16 04:07:55.866,0.78537,0.7857,1.00,1.00
2015.03.16 04:07:59.025,0.78547,0.7858,1.00,1.87
2015.03.16 04:07:59.076,0.78547,0.7858,1.00,1.50
2015.03.16 04:07:59.233,0.78539,0.78572,1.00,1.00
2015.03.16 04:07:59.661,0.78537,0.7857,1.00,1.00
2015.03.16 04:08:04.707,0.78546,0.7858,1.00,1.12
2015.03.16 04:08:04.832,0.78546,0.78581,1.00,1.37
2015.03.16 04:08:04.942,0.78546,0.7858,1.00,1.00
2015.03.16 04:08:05.042,0.78539,0.78572,1.00,1.00
2015.03.16 04:08:05.347,0.78534,0.78567,1.00,1.00
2015.03.16 04:08:10.222,0.78532,0.78566,1.00,1.00
2015.03.16 04:08:11.102,0.78534,0.78567,1.00,1.00
2015.03.16 04:08:13.511,0.78541,0.78577,1.00,1.00
2015.03.16 04:08:13.762,0.78538,0.78571,1.00,1.00
2015.03.16 04:08:31.551,0.78536,0.78569,1.00,1.00
2015.03.16 04:08:32.882,0.78532,0.78566,1.00,1.00
2015.03.16 04:08:35.287,0.78537,0.78571,1.00,1.00
2015.03.16 04:08:35.852,0.78539,0.78572,1.00,1.00
2015.03.16 04:08:36.277,0.7854,0.78574,1.00,1.00
2015.03.16 04:08:36.841,0.78536,0.7857,1.00,1.00
2015.03.16 04:08:40.686,0.78534,0.78568,1.00,1.00
2015.03.16 04:08:43.694,0.78537,0.78573,1.00,1.00
2015.03.16 04:08:43.794,0.7854,0.78574,1.00,1.00
2015.03.16 04:08:44.102,0.78534,0.78568,1.00,1.00
2015.03.16 04:08:44.762,0.78533,0.78566,1.00,1.00
2015.03.16 04:08:47.505,0.7854,0.78574,1.00,1.00
2015.03.16 04:08:47.611,0.78543,0.78575,1.00,1.00
2015.03.16 04:08:47.717,0.78535,0.78569,1.00,1.00
2015.03.16 04:08:47.937,0.78534,0.78567,1.00,1.00
2015.03.16 04:08:55.380,0.78536,0.78569,1.00,1.00
2015.03.16 04:08:55.710,0.78534,0.78567,1.00,1.00
2015.03.16 04:09:02.420,0.78534,0.78567,1.37,1.00
2015.03.16 04:09:02.470,0.7854,0.78575,1.00,1.00
2015.03.16 04:09:02.922,0.78545,0.78578,1.00,1.00
2015.03.16 04:09:05.660,0.78542,0.78576,1.00,1.00
2015.03.16 04:09:05.756,0.78541,0.78574,1.00,1.00
2015.03.16 04:09:06.090,0.78539,0.78572,1.00,1.00
2015.03.16 04:09:07.186,0.78536,0.78572,1.00,1.00
2015.03.16 04:09:13.912,0.78535,0.78576,1.00,1.00
2015.03.16 04:09:14.570,0.78536,0.78572,1.00,1.00
2015.03.16 04:09:17.540,0.78548,0.78582,1.00,1.37
2015.03.16 04:09:17.590,0.78548,0.78582,1.00,1.00
2015.03.16 04:09:17.746,0.7854,0.78575,1.00,1.00
2015.03.16 04:09:18.186,0.78537,0.78571,1.00,1.00
2015.03.16 04:09:21.266,0.78544,0.78579,1.00,1.00
2015.03.16 04:09:21.634,0.78542,0.78576,1.00,1.00
2015.03.16 04:09:22.000,0.78538,0.78572,1.00,1.00
2015.03.16 04:10:03.407,0.78539,0.78575,1.00,1.00
2015.03.16 04:10:03.508,0.78542,0.78575,1.00,1.00
2015.03.16 04:11:03.532,0.78525,0.7859,2.00,2.00
2015.03.16 04:11:05.803,0.78529,0.78591,2.00,2.00
2015.03.16 04:11:11.410,0.78525,0.78585,2.00,1.37
2015.03.16 04:11:14.515,0.78525,0.7859,2.00,2.00
2015.03.16 04:11:17.219,0.7853,0.7859,1.37,1.00
2015.03.16 04:11:17.756,0.78529,0.78591,2.00,1.12
2015.03.16 04:11:17.924,0.78525,0.7859,2.00,2.00
2015.03.16 04:11:21.133,0.78525,0.7859,2.00,2.00
2015.03.16 04:11:24.641,0.78525,0.7859,2.00,2.00
2015.03.16 04:11:25.745,0.78524,0.78586,2.00,1.00
2015.03.16 04:11:25.896,0.78525,0.78585,2.00,1.37
2015.03.16 04:11:26.462,0.78525,0.78585,2.00,1.12
2015.03.16 04:11:38.104,0.78544,0.78577,1.00,1.00
2015.03.16 04:12:28.748,0.78545,0.7858,1.00,1.00
2015.03.16 04:12:34.864,0.78548,0.78581,1.00,1.00
2015.03.16 04:12:36.074,0.78546,0.78579,1.00,1.00
2015.03.16 04:12:40.729,0.78548,0.78581,1.00,1.00
2015.03.16 04:12:40.838,0.78548,0.78584,1.00,1.00
2015.03.16 04:12:56.565,0.78547,0.7858,1.00,1.00
2015.03.16 04:13:45.163,0.78548,0.78581,1.00,1.00
2015.03.16 04:13:48.944,0.78551,0.78587,1.00,1.00
2015.03.16 04:13:49.045,0.78554,0.78587,1.00,1.00
2015.03.16 04:13:49.347,0.78556,0.78589,1.00,1.00
2015.03.16 04:13:58.034,0.78554,0.78587,1.00,1.00
2015.03.16 04:14:06.735,0.78553,0.78586,1.00,1.00
2015.03.16 04:14:51.205,0.7855,0.78584,1.00,1.00
2015.03.16 04:14:51.384,0.78547,0.7858,1.00,1.00
2015.03.16 04:14:52.421,0.78545,0.78579,1.00,1.00
2015.03.16 04:14:52.933,0.78543,0.78576,1.00,1.00
2015.03.16 04:14:53.292,0.78541,0.78574,1.00,1.00
2015.03.16 04:15:10.083,0.78539,0.78572,1.00,1.00
2015.03.16 04:15:44.071,0.78537,0.7857,1.00,1.00
2015.03.16 04:16:08.464,0.78538,0.78572,1.00,1.00
2015.03.16 04:16:41.637,0.78536,0.78569,1.00,1.00
2015.03.16 04:17:04.041,0.78537,0.78572,1.00,1.00
2015.03.16 04:17:15.040,0.7854,0.78573,1.00,1.00
2015.03.16 04:17:48.068,0.7854,0.78576,1.00,1.00
2015.03.16 04:17:48.670,0.78541,0.78575,1.00,1.00
2015.03.16 04:18:24.481,0.78538,0.78574,1.00,1.00
2015.03.16 04:18:24.910,0.78538,0.78571,1.00,1.00
2015.03.16 04:18:25.350,0.78536,0.7857,1.00,1.00
2015.03.16 04:18:27.028,0.78534,0.78568,1.00,1.00
2015.03.16 04:18:28.083,0.78532,0.78565,1.00,1.00
2015.03.16 04:18:28.342,0.78529,0.78564,1.00,1.00
2015.03.16 04:18:28.576,0.78528,0.78562,1.00,1.00
2015.03.16 04:18:56.489,0.78527,0.7856,1.00,1.00
2015.03.16 04:19:01.219,0.78528,0.78562,1.00,1.00
2015.03.16 04:19:10.177,0.7853,0.78563,1.00,1.00
2015.03.16 04:19:15.091,0.78528,0.78561,1.00,1.00
2015.03.16 04:19:15.651,0.78529,0.78563,1.00,1.00
2015.03.16 04:19:31.909,0.78531,0.78564,1.00,1.00
2015.03.16 04:20:06.308,0.78532,0.78567,1.00,1.00
2015.03.16 04:20:08.541,0.78537,0.7857,1.00,1.00
2015.03.16 04:20:08.891,0.78539,0.78572,1.00,1.00
2015.03.16 04:20:21.740,0.7854,0.78574,1.00,1.00
2015.03.16 04:20:25.280,0.78538,0.78571,1.00,1.00
2015.03.16 04:20:25.500,0.78536,0.7857,1.00,1.00
2015.03.16 04:20:33.657,0.78538,0.78572,1.00,1.00
2015.03.16 04:20:46.709,0.78541,0.78574,1.00,1.00
2015.03.16 04:20:48.182,0.78543,0.78576,1.00,1.00
2015.03.16 04:20:48.469,0.78544,0.7858,1.00,1.00
2015.03.16 04:20:48.690,0.78543,0.78582,1.00,1.00
2015.03.16 04:20:50.340,0.78546,0.78584,1.00,1.00
2015.03.16 04:21:03.029,0.78547,0.78582,1.00,1.00
2015.03.16 04:21:07.870,0.78544,0.78584,1.00,1.12
2015.03.16 04:21:08.049,0.78547,0.78581,1.00,1.00
2015.03.16 04:21:08.419,0.78544,0.78584,1.00,1.00
2015.03.16 04:21:27.299,0.78547,0.78582,1.00,1.00
2015.03.16 04:21:27.739,0.78545,0.78584,1.00,1.12
2015.03.16 04:21:40.742,0.78548,0.78581,1.00,1.00
2015.03.16 04:21:40.868,0.78545,0.78584,1.00,1.00
2015.03.16 04:22:00.667,0.78547,0.7858,1.00,1.00
2015.03.16 04:22:00.860,0.78544,0.78583,1.00,1.00
2015.03.16 04:22:33.446,0.78544,0.78583,1.00,1.37
2015.03.16 04:22:35.131,0.78544,0.78583,1.00,1.37
2015.03.16 04:22:35.181,0.78541,0.78581,1.00,1.37
2015.03.16 04:22:52.375,0.78541,0.78581,1.00,1.12
2015.03.16 04:22:54.088,0.78542,0.78583,1.00,1.37
2015.03.16 04:22:54.635,0.78542,0.78583,1.00,1.37
2015.03.16 04:23:01.274,0.78542,0.78583,1.12,1.00
2015.03.16 04:23:02.228,0.78543,0.78584,1.00,1.12
2015.03.16 04:24:02.245,0.7853,0.78595,2.00,2.00
2015.03.16 04:24:06.808,0.78544,0.78587,1.00,1.37
2015.03.16 04:24:10.383,0.78544,0.78587,1.12,1.37
2015.03.16 04:24:10.992,0.78544,0.78585,1.00,1.00
2015.03.16 04:24:45.407,0.78546,0.78587,1.00,1.37
2015.03.16 04:24:47.538,0.78546,0.78587,1.12,1.12
2015.03.16 04:24:47.871,0.78546,0.78582,1.00,1.00
2015.03.16 04:24:48.291,0.78549,0.78583,1.00,1.00
2015.03.16 04:25:18.712,0.78551,0.78584,1.00,1.00
2015.03.16 04:25:22.892,0.78553,0.78587,1.00,1.00
2015.03.16 04:25:49.200,0.78551,0.78586,1.00,1.00
2015.03.16 04:25:49.861,0.78554,0.78587,1.00,1.00
2015.03.16 04:25:50.190,0.78552,0.78586,1.00,1.00
2015.03.16 04:25:56.332,0.7855,0.78589,1.00,1.12
2015.03.16 04:25:58.313,0.78552,0.78588,1.00,1.00
2015.03.16 04:26:19.982,0.78555,0.78589,1.00,1.00
2015.03.16 04:26:23.551,0.78557,0.7859,1.00,1.12
2015.03.16 04:26:42.437,0.78555,0.78588,1.00,1.00
2015.03.16 04:26:43.192,0.78553,0.78587,1.00,1.00
2015.03.16 04:26:43.678,0.78551,0.78585,1.00,1.00
2015.03.16 04:26:53.202,0.78549,0.78582,1.00,1.00
2015.03.16 04:27:16.205,0.78551,0.78585,1.00,1.00
2015.03.16 04:28:07.166,0.78548,0.78584,1.00,1.00
2015.03.16 04:28:41.001,0.7855,0.78585,1.00,1.00
2015.03.16 04:28:45.519,0.78553,0.78586,1.00,1.00
2015.03.16 04:28:45.624,0.78551,0.78585,1.00,1.00
2015.03.16 04:28:45.777,0.78554,0.78587,1.00,1.00
2015.03.16 04:28:47.537,0.78556,0.78589,1.00,1.00
2015.03.16 04:29:15.870,0.78558,0.78591,1.00,1.00
2015.03.16 04:29:38.750,0.78556,0.78589,1.00,1.00
2015.03.16 04:29:39.520,0.78553,0.78587,1.00,1.00
2015.03.16 04:30:04.603,0.7855,0.78585,1.00,1.00
2015.03.16 04:30:05.291,0.78547,0.78584,1.00,1.00
2015.03.16 04:30:05.948,0.78545,0.78583,1.00,1.00
2015.03.16 04:30:17.616,0.78547,0.78585,1.00,1.00
2015.03.16 04:30:18.416,0.78547,0.78586,1.00,1.00
2015.03.16 04:30:18.973,0.78547,0.78585,1.00,1.00
2015.03.16 04:30:19.128,0.78542,0.78585,1.12,1.00
2015.03.16 04:30:19.277,0.78542,0.78589,1.12,1.37
2015.03.16 04:30:19.557,0.78549,0.78582,1.00,1.00
2015.03.16 04:30:26.717,0.78545,0.78584,1.00,1.00
2015.03.16 04:30:27.934,0.78543,0.78582,1.00,1.00
2015.03.16 04:30:59.996,0.7854,0.78584,1.00,1.12
2015.03.16 04:31:01.473,0.7854,0.78584,1.00,1.37
2015.03.16 04:31:17.156,0.78539,0.78585,1.00,1.87
2015.03.16 04:32:02.118,0.78539,0.78585,1.00,3.00
2015.03.16 04:32:02.168,0.78536,0.7858,1.00,1.37
2015.03.16 04:32:02.218,0.78536,0.7858,1.00,1.75
2015.03.16 04:32:02.369,0.78533,0.78575,1.00,1.37
2015.03.16 04:32:02.828,0.78528,0.78579,1.12,1.75
2015.03.16 04:32:06.930,0.78528,0.78579,1.00,1.75
2015.03.16 04:32:08.828,0.78528,0.78579,1.75,1.37
2015.03.16 04:32:09.161,0.78549,0.7859,1.37,1.37
2015.03.16 04:32:09.329,0.7855,0.7859,1.00,1.00
2015.03.16 04:32:09.429,0.78553,0.78595,1.00,1.00
2015.03.16 04:32:09.654,0.78557,0.78596,1.00,1.00
2015.03.16 04:32:09.704,0.78557,0.786,1.00,1.00
2015.03.16 04:32:10.050,0.78561,0.78597,1.00,1.00
2015.03.16 04:32:25.081,0.78561,0.78595,1.00,1.00
2015.03.16 04:32:25.300,0.78561,0.78597,1.00,1.12
2015.03.16 04:32:38.969,0.78561,0.78597,1.00,1.37
2015.03.16 04:32:45.484,0.78561,0.78597,1.00,1.00
2015.03.16 04:32:46.088,0.78561,0.78597,1.00,1.37
2015.03.16 04:32:52.520,0.78561,0.78595,1.00,1.37
2015.03.16 04:32:53.207,0.78561,0.78594,1.00,1.37
2015.03.16 04:32:53.295,0.78558,0.78593,1.00,1.37
2015.03.16 04:32:53.346,0.78558,0.78593,1.00,1.37
2015.03.16 04:32:54.610,0.78558,0.78593,1.00,1.37
2015.03.16 04:32:57.850,0.7856,0.78594,1.00,1.00
2015.03.16 04:33:19.618,0.78564,0.78597,1.00,1.00
2015.03.16 04:33:19.718,0.78566,0.78601,1.00,1.00
2015.03.16 04:33:19.819,0.78568,0.78601,1.00,1.00
2015.03.16 04:33:20.140,0.78565,0.78598,1.00,1.00
2015.03.16 04:33:20.610,0.78563,0.78596,1.00,1.00
2015.03.16 04:33:24.042,0.78563,0.78595,1.00,1.00
2015.03.16 04:33:33.974,0.78563,0.78596,1.00,1.00
2015.03.16 04:33:35.149,0.78563,0.78595,1.00,1.00
2015.03.16 04:33:39.111,0.78563,0.78596,1.00,1.50
2015.03.16 04:33:53.629,0.78563,0.78595,1.00,1.00
2015.03.16 04:34:03.860,0.78563,0.78596,1.00,1.87
2015.03.16 04:34:04.959,0.78563,0.78595,1.00,1.00
2015.03.16 04:34:05.949,0.78563,0.78596,1.00,1.12
2015.03.16 04:34:06.720,0.78563,0.78595,1.00,1.00
2015.03.16 04:34:08.370,0.78563,0.78596,1.00,1.87
2015.03.16 04:34:09.359,0.78563,0.78595,1.00,1.00
2015.03.16 04:34:10.792,0.78563,0.78596,1.00,1.12
2015.03.16 04:34:16.396,0.78563,0.78596,1.00,1.87
2015.03.16 04:34:17.131,0.78563,0.78596,1.00,1.00
2015.03.16 04:34:17.948,0.78563,0.78596,1.00,1.37
2015.03.16 04:34:20.419,0.7854,0.786,2.00,2.00
2015.03.16 04:34:22.408,0.7854,0.786,2.00,1.37
2015.03.16 04:34:23.132,0.7854,0.78595,2.00,1.00
2015.03.16 04:34:23.899,0.7854,0.786,2.00,1.37
2015.03.16 04:34:24.120,0.7854,0.78595,2.00,1.00
2015.03.16 04:34:39.848,0.78539,0.78596,2.00,1.00
2015.03.16 04:34:41.648,0.78539,0.78601,2.00,1.37
2015.03.16 04:34:43.972,0.78561,0.78595,1.00,1.12
2015.03.16 04:34:44.945,0.78559,0.78592,1.00,1.00
2015.03.16 04:34:51.654,0.7856,0.78593,1.00,1.00
2015.03.16 04:34:52.659,0.78558,0.78591,1.00,1.00
2015.03.16 04:35:50.505,0.78559,0.78592,1.00,1.00
2015.03.16 04:36:16.245,0.7856,0.78595,1.00,1.00
2015.03.16 04:36:36.609,0.78559,0.78592,1.00,1.00
2015.03.16 04:36:37.136,0.78556,0.78589,1.00,1.00
2015.03.16 04:36:38.413,0.78556,0.78589,1.75,1.00
2015.03.16 04:36:38.514,0.78567,0.78595,1.00,1.00
2015.03.16 04:36:38.564,0.78567,0.78595,1.75,1.00
2015.03.16 04:36:38.664,0.78568,0.78608,1.37,1.00
2015.03.16 04:36:38.765,0.78569,0.78615,1.00,1.00
2015.03.16 04:36:38.871,0.7857,0.7862,1.00,1.00
2015.03.16 04:36:38.980,0.78571,0.78626,1.00,1.12
2015.03.16 04:36:39.140,0.78576,0.78628,1.00,1.37
2015.03.16 04:36:39.487,0.7858,0.78624,1.00,1.00
2015.03.16 04:36:39.798,0.78584,0.7862,1.00,1.00
2015.03.16 04:36:40.018,0.7858,0.78617,1.00,1.00
2015.03.16 04:36:40.224,0.78579,0.78615,1.00,1.00
2015.03.16 04:36:40.682,0.78581,0.78618,1.00,1.00
2015.03.16 04:36:40.782,0.78583,0.78619,1.00,1.00
2015.03.16 04:36:45.847,0.78581,0.78618,1.00,1.00
2015.03.16 04:36:50.234,0.78584,0.7862,1.00,1.12
2015.03.16 04:36:51.555,0.78583,0.78617,1.00,1.00
2015.03.16 04:36:52.309,0.78583,0.78623,1.12,1.00
2015.03.16 04:36:52.359,0.78585,0.78626,1.00,1.37
2015.03.16 04:36:52.684,0.78582,0.78627,1.12,1.75
2015.03.16 04:36:53.058,0.78585,0.78623,1.00,1.50
2015.03.16 04:36:53.495,0.78585,0.78623,1.00,1.37
2015.03.16 04:36:53.595,0.78585,0.78623,1.00,1.37
2015.03.16 04:37:01.564,0.78586,0.7862,1.00,1.37
2015.03.16 04:37:01.908,0.78582,0.78621,1.00,1.37
2015.03.16 04:37:02.567,0.78583,0.78619,1.00,1.12
2015.03.16 04:37:03.723,0.78583,0.78619,1.00,1.37
2015.03.16 04:37:04.128,0.78582,0.78615,1.00,1.00
2015.03.16 04:37:19.802,0.78585,0.78618,1.00,1.00
2015.03.16 04:37:20.207,0.78582,0.78616,1.00,1.00
2015.03.16 04:37:40.774,0.78583,0.78618,1.00,1.00
2015.03.16 04:37:42.315,0.78586,0.78619,1.00,1.12
2015.03.16 04:37:45.657,0.78587,0.7862,1.00,1.00
2015.03.16 04:37:46.392,0.78593,0.78627,1.00,1.50
2015.03.16 04:37:46.442,0.78593,0.78627,1.00,1.12
2015.03.16 04:37:46.608,0.78594,0.7863,1.00,1.37
2015.03.16 04:37:46.823,0.78597,0.78632,1.00,1.37
2015.03.16 04:37:47.153,0.78595,0.78631,1.00,1.37
2015.03.16 04:37:52.450,0.78594,0.78629,1.00,1.12
2015.03.16 04:38:11.796,0.78596,0.7863,1.00,1.37
2015.03.16 04:38:13.668,0.78596,0.7863,1.00,1.00
2015.03.16 04:38:33.818,0.78596,0.7863,1.00,1.37
2015.03.16 04:38:34.330,0.78596,0.7863,1.00,1.12
2015.03.16 04:38:50.980,0.78598,0.78632,1.00,1.00
2015.03.16 04:38:51.446,0.786,0.78633,1.00,1.00
2015.03.16 04:39:06.683,0.78598,0.78634,1.00,1.00
2015.03.16 04:39:17.936,0.78598,0.78634,1.00,1.37
2015.03.16 04:39:20.591,0.78597,0.7863,1.00,1.00
2015.03.16 04:39:21.659,0.786,0.78633,1.00,1.00
2015.03.16 04:39:22.188,0.786,0.78634,1.00,1.00
2015.03.16 04:39:22.578,0.78598,0.78632,1.00,1.00
2015.03.16 04:39:23.141,0.78599,0.78633,1.00,1.00
2015.03.16 04:39:23.851,0.78598,0.78631,1.00,1.00
2015.03.16 04:39:24.002,0.78595,0.78629,1.00,1.00
2015.03.16 04:39:25.603,0.78597,0.7863,1.00,1.00
2015.03.16 04:39:27.278,0.78598,0.78632,1.00,1.00
2015.03.16 04:39:27.956,0.786,0.78634,1.00,1.00
2015.03.16 04:39:32.643,0.78599,0.78633,1.00,1.00
2015.03.16 04:40:03.118,0.78598,0.78631,1.00,1.00
2015.03.16 04:40:07.961,0.78599,0.78634,1.00,1.00
2015.03.16 04:40:10.048,0.78598,0.78631,1.00,1.00
2015.03.16 04:40:38.454,0.78595,0.7863,1.00,1.00
2015.03.16 04:41:29.950,0.78593,0.78627,1.00,1.00
2015.03.16 04:41:30.151,0.7859,0.78625,1.00,1.00
2015.03.16 04:41:30.252,0.78589,0.78622,1.00,1.00
2015.03.16 04:41:31.007,0.78586,0.7862,1.00,1.00
2015.03.16 04:41:40.367,0.78589,0.78622,1.00,1.00
2015.03.16 04:41:42.053,0.78591,0.78625,1.00,1.00
2015.03.16 04:41:42.557,0.78593,0.78628,1.00,1.00
2015.03.16 04:42:15.301,0.78593,0.78628,1.00,1.37
2015.03.16 04:42:15.401,0.78593,0.78628,1.00,1.37
2015.03.16 04:42:23.147,0.78592,0.78625,1.00,1.00
2015.03.16 04:42:27.217,0.78591,0.78624,1.00,1.00
2015.03.16 04:43:14.742,0.78588,0.78622,1.00,1.00
2015.03.16 04:43:14.846,0.7859,0.78623,1.00,1.00
2015.03.16 04:43:15.767,0.78591,0.78625,1.00,1.00
2015.03.16 04:43:16.327,0.78592,0.78626,1.00,1.50
2015.03.16 04:43:16.878,0.78593,0.78625,1.00,1.00
2015.03.16 04:43:24.689,0.78593,0.78629,1.00,1.00
2015.03.16 04:43:25.347,0.78593,0.78625,1.00,1.00
2015.03.16 04:43:38.659,0.78593,0.78626,1.00,1.00
2015.03.16 04:43:38.937,0.78591,0.78626,1.00,1.00
2015.03.16 04:43:42.399,0.78591,0.7863,1.00,1.87
2015.03.16 04:43:43.084,0.78591,0.7863,1.00,1.87
2015.03.16 04:43:43.623,0.7859,0.7863,1.00,1.37
2015.03.16 04:43:45.440,0.78592,0.78635,1.00,1.75
2015.03.16 04:43:45.490,0.78592,0.78636,1.00,1.37
2015.03.16 04:43:45.591,0.78592,0.78646,1.00,1.00
2015.03.16 04:43:45.646,0.78598,0.78644,1.00,1.00
2015.03.16 04:43:45.982,0.78607,0.78646,1.00,1.00
2015.03.16 04:43:46.033,0.78607,0.78648,1.00,1.00
2015.03.16 04:43:46.086,0.7861,0.78646,1.00,1.00
2015.03.16 04:43:46.416,0.78612,0.78645,1.00,1.00
2015.03.16 04:43:46.467,0.78612,0.78647,1.00,1.00
2015.03.16 04:43:46.567,0.78611,0.7865,1.00,1.12
2015.03.16 04:43:47.293,0.78611,0.7865,1.00,1.37
2015.03.16 04:43:47.795,0.78614,0.78648,1.00,1.37
2015.03.16 04:43:56.527,0.78614,0.78648,1.00,1.75
2015.03.16 04:43:56.577,0.78611,0.78645,1.00,1.37
2015.03.16 04:43:56.801,0.78608,0.78643,1.00,1.37
2015.03.16 04:43:56.901,0.78606,0.78645,1.00,1.37
2015.03.16 04:43:56.952,0.78606,0.78645,1.00,1.37
2015.03.16 04:43:57.519,0.78606,0.78645,1.00,1.37
2015.03.16 04:43:57.850,0.78606,0.78645,1.00,1.00
2015.03.16 04:43:57.901,0.7861,0.78643,1.00,1.00
2015.03.16 04:43:58.001,0.78611,0.78645,1.00,1.00
2015.03.16 04:43:58.102,0.7861,0.78649,1.12,1.37
2015.03.16 04:43:58.296,0.7861,0.78649,1.00,1.12
2015.03.16 04:43:58.347,0.78609,0.78647,1.00,1.00
2015.03.16 04:44:01.646,0.78609,0.78645,1.00,1.00
2015.03.16 04:44:02.026,0.78614,0.78647,1.00,1.12
2015.03.16 04:44:16.919,0.78615,0.78649,1.00,1.37
2015.03.16 04:44:20.218,0.78615,0.78649,1.00,1.00
2015.03.16 04:44:20.388,0.78615,0.78649,1.00,1.37
2015.03.16 04:44:20.727,0.78614,0.78652,1.00,1.37
2015.03.16 04:44:22.386,0.7861,0.78651,1.00,1.37
2015.03.16 04:44:24.820,0.78611,0.78644,1.00,1.00
2015.03.16 04:44:25.168,0.78613,0.78646,1.00,1.00
2015.03.16 04:44:30.196,0.78615,0.78649,1.00,1.00
2015.03.16 04:44:31.626,0.78613,0.7865,1.00,1.12
2015.03.16 04:44:32.327,0.78613,0.78651,1.00,1.37
2015.03.16 04:44:33.716,0.78611,0.78649,1.00,1.37
2015.03.16 04:44:33.870,0.78611,0.78649,1.00,1.50
2015.03.16 04:44:33.986,0.78609,0.78648,1.00,1.37
2015.03.16 04:44:34.207,0.78605,0.78644,1.00,1.37
2015.03.16 04:44:34.748,0.78606,0.7864,1.00,1.12
2015.03.16 04:44:40.095,0.78606,0.7864,1.00,1.37
2015.03.16 04:44:56.045,0.78607,0.7864,1.00,1.37
2015.03.16 04:44:56.645,0.78604,0.78641,1.00,1.37
2015.03.16 04:45:01.581,0.78604,0.78641,1.00,1.37
2015.03.16 04:45:08.371,0.78604,0.78641,1.00,1.37
2015.03.16 04:45:12.296,0.78604,0.78641,1.00,1.12
2015.03.16 04:45:12.347,0.78607,0.78644,1.00,1.37
2015.03.16 04:45:12.397,0.78607,0.78644,1.00,1.37
2015.03.16 04:45:12.448,0.7861,0.78644,1.00,1.37
2015.03.16 04:45:12.548,0.7861,0.78647,1.00,1.00
2015.03.16 04:45:12.706,0.78609,0.7865,1.00,1.00
2015.03.16 04:45:12.806,0.78613,0.7865,1.00,1.00
2015.03.16 04:45:13.415,0.78613,0.78649,1.00,1.00
2015.03.16 04:45:13.566,0.78613,0.78654,1.00,1.37
2015.03.16 04:45:14.308,0.78613,0.78654,1.00,1.37
2015.03.16 04:45:16.038,0.78613,0.78654,1.00,1.12
2015.03.16 04:45:16.435,0.78613,0.78654,1.00,1.37
2015.03.16 04:45:17.028,0.78613,0.78654,1.00,1.37
2015.03.16 04:45:18.466,0.78613,0.78654,1.00,1.37
2015.03.16 04:45:19.026,0.78613,0.78654,1.00,1.37
2015.03.16 04:45:28.851,0.78613,0.78654,1.00,1.37
2015.03.16 04:45:29.374,0.78613,0.78654,1.00,1.37
2015.03.16 04:45:29.476,0.78613,0.78654,1.00,1.37
2015.03.16 04:45:29.733,0.78608,0.78651,1.00,1.50
2015.03.16 04:45:30.167,0.78608,0.78651,1.00,1.37
2015.03.16 04:45:30.595,0.78608,0.78651,1.00,1.50
2015.03.16 04:45:35.066,0.78608,0.78651,1.00,1.37
2015.03.16 04:45:35.795,0.78608,0.78651,1.00,1.50
2015.03.16 04:45:36.870,0.78608,0.78651,1.00,1.75
2015.03.16 04:45:37.171,0.78612,0.78645,1.00,1.00
2015.03.16 04:45:37.221,0.78609,0.78645,1.00,1.00
2015.03.16 04:45:38.826,0.78609,0.78645,1.00,1.37
2015.03.16 04:45:38.880,0.78604,0.78645,1.00,1.37
2015.03.16 04:45:39.296,0.78602,0.78643,1.00,1.37
2015.03.16 04:45:49.899,0.78602,0.78643,1.00,1.37
2015.03.16 04:46:01.141,0.78602,0.78643,1.00,1.37
2015.03.16 04:46:02.506,0.78602,0.78641,1.00,1.00
2015.03.16 04:46:06.446,0.78607,0.78644,1.00,1.00
2015.03.16 04:46:06.876,0.7861,0.78647,1.00,1.37
2015.03.16 04:46:07.387,0.7861,0.78647,1.00,1.00
2015.03.16 04:46:07.437,0.78607,0.78645,1.00,1.00
2015.03.16 04:46:07.647,0.78606,0.78643,1.00,1.00
2015.03.16 04:46:07.797,0.78604,0.78643,1.00,1.00
2015.03.16 04:46:09.296,0.78598,0.78645,1.37,1.87
2015.03.16 04:46:15.028,0.78601,0.78646,1.00,1.37
2015.03.16 04:46:15.352,0.78605,0.78644,1.00,1.12
2015.03.16 04:46:31.600,0.78601,0.78641,1.00,1.12
2015.03.16 04:46:31.651,0.786,0.78639,1.00,1.00
2015.03.16 04:46:31.952,0.78603,0.78636,1.00,1.00
2015.03.16 04:46:32.635,0.78599,0.7864,1.00,1.37
2015.03.16 04:46:38.354,0.78599,0.7864,1.00,1.12
2015.03.16 04:46:40.648,0.78601,0.78642,1.00,1.12
2015.03.16 04:46:42.677,0.78601,0.78642,1.00,1.37
2015.03.16 04:47:05.130,0.78601,0.78642,1.00,1.37
2015.03.16 04:47:13.095,0.78599,0.7864,1.00,1.37
2015.03.16 04:47:13.364,0.78599,0.7864,1.00,1.37
2015.03.16 04:47:13.743,0.78598,0.78639,1.00,1.50
2015.03.16 04:47:13.967,0.78596,0.78637,1.00,1.37
2015.03.16 04:47:29.144,0.78597,0.78638,1.00,1.37
2015.03.16 04:47:29.244,0.78597,0.78638,1.00,1.00
2015.03.16 04:47:50.995,0.786,0.78633,1.00,1.00
2015.03.16 04:47:51.264,0.78598,0.78632,1.00,1.00
2015.03.16 04:48:27.449,0.78597,0.7863,1.00,1.00
2015.03.16 04:48:27.625,0.78595,0.78629,1.00,1.00
2015.03.16 04:49:03.878,0.78593,0.78631,1.00,1.00
2015.03.16 04:49:08.264,0.78591,0.78629,1.00,1.00
2015.03.16 04:49:08.465,0.78582,0.78631,1.37,1.37
2015.03.16 04:49:09.043,0.78586,0.78628,1.00,1.12
2015.03.16 04:49:09.662,0.78584,0.7863,1.00,1.37
2015.03.16 04:49:10.133,0.78587,0.78627,1.00,1.00
2015.03.16 04:49:15.034,0.78585,0.78625,1.00,1.00
2015.03.16 04:49:15.474,0.78581,0.78628,1.00,1.37
2015.03.16 04:49:17.251,0.78581,0.78628,1.00,1.75
2015.03.16 04:49:17.555,0.78577,0.78623,1.00,1.37
2015.03.16 04:49:17.657,0.78577,0.78623,1.37,1.37
2015.03.16 04:49:17.996,0.7858,0.78615,1.00,1.37
2015.03.16 04:49:18.156,0.78577,0.78616,1.00,1.37
2015.03.16 04:49:18.274,0.78577,0.78616,1.00,1.12
2015.03.16 04:49:18.663,0.78579,0.78617,1.00,1.37
2015.03.16 04:49:18.969,0.78583,0.78621,1.00,1.12
2015.03.16 04:49:19.071,0.78584,0.78624,1.00,1.37
2015.03.16 04:49:19.121,0.78588,0.78622,1.00,1.00
2015.03.16 04:49:26.283,0.78588,0.78624,1.00,1.00
2015.03.16 04:49:26.524,0.78591,0.78625,1.00,1.00
2015.03.16 04:49:26.854,0.78593,0.78626,1.00,1.00
2015.03.16 04:49:26.962,0.78594,0.78629,1.00,1.00
2015.03.16 04:49:27.293,0.78596,0.7863,1.00,1.00
2015.03.16 04:49:28.453,0.78599,0.78632,1.00,1.00
2015.03.16 04:49:29.052,0.786,0.78633,1.00,1.00
2015.03.16 04:49:29.162,0.78599,0.78638,1.00,1.00
2015.03.16 04:49:38.665,0.78599,0.78638,1.00,1.37
2015.03.16 04:49:41.377,0.78599,0.78638,1.00,1.00
2015.03.16 04:49:58.632,0.78599,0.78642,1.00,1.37
2015.03.16 04:49:59.453,0.78599,0.78642,1.00,1.37
2015.03.16 04:50:02.004,0.78601,0.78638,1.00,1.12
2015.03.16 04:50:04.573,0.786,0.78637,1.00,1.00
2015.03.16 04:51:04.818,0.7859,0.7865,2.00,2.00
2015.03.16 04:51:17.459,0.7859,0.7865,1.37,2.00
2015.03.16 04:51:24.616,0.78602,0.78639,1.00,1.12
2015.03.16 04:51:44.633,0.786,0.78637,1.00,1.00
2015.03.16 04:52:04.913,0.78603,0.78637,1.00,1.00
2015.03.16 04:52:14.690,0.78602,0.78635,1.00,1.00
2015.03.16 04:52:15.231,0.78599,0.78633,1.00,1.00
2015.03.16 04:52:27.753,0.78598,0.78635,1.00,1.00
2015.03.16 04:52:28.307,0.78598,0.78635,1.37,1.00
2015.03.16 04:52:29.312,0.78598,0.78635,1.37,1.00
2015.03.16 04:52:43.373,0.78597,0.7864,1.37,1.00
2015.03.16 04:52:43.904,0.78597,0.7864,1.37,1.00
2015.03.16 04:52:44.004,0.78597,0.7864,1.75,1.00
2015.03.16 04:52:44.320,0.78598,0.78635,1.12,1.00
2015.03.16 04:52:46.570,0.78598,0.78635,1.37,1.00
2015.03.16 04:52:47.443,0.786,0.78638,1.12,1.00
2015.03.16 04:52:47.494,0.786,0.78638,1.37,1.00
2015.03.16 04:52:48.324,0.786,0.78638,1.37,1.00
2015.03.16 04:52:52.062,0.78602,0.78635,1.00,1.00
2015.03.16 04:52:52.615,0.78602,0.78635,1.37,1.00
2015.03.16 04:53:02.429,0.78605,0.78635,1.00,1.00
2015.03.16 04:53:10.983,0.78605,0.78637,1.00,1.00
2015.03.16 04:53:12.333,0.78603,0.78637,1.12,1.00
2015.03.16 04:53:12.624,0.78603,0.78637,1.37,1.00
2015.03.16 04:53:12.943,0.78602,0.78635,1.37,1.00
2015.03.16 04:53:13.650,0.78602,0.78635,1.37,1.00
2015.03.16 04:53:14.656,0.78602,0.78635,1.37,1.00
2015.03.16 04:53:15.272,0.786,0.78649,1.50,1.37
2015.03.16 04:53:15.373,0.786,0.78649,3.00,1.00
2015.03.16 04:53:15.423,0.786,0.78653,1.75,1.37
2015.03.16 04:53:15.492,0.786,0.78649,1.75,1.00
2015.03.16 04:53:15.809,0.78612,0.7865,1.12,1.00
2015.03.16 04:53:15.860,0.78613,0.78652,1.00,1.00
2015.03.16 04:53:15.960,0.78616,0.78649,1.00,1.00
2015.03.16 04:53:16.061,0.78612,0.78653,1.00,1.00
2015.03.16 04:53:16.111,0.78612,0.78653,1.00,1.75
2015.03.16 04:53:16.371,0.78612,0.78653,1.12,1.37
2015.03.16 04:53:16.472,0.78612,0.78653,1.00,1.75
2015.03.16 04:53:17.581,0.78612,0.78653,1.00,1.37
2015.03.16 04:53:19.415,0.78612,0.78653,1.00,1.75
2015.03.16 04:53:21.323,0.78616,0.78653,1.00,1.75
2015.03.16 04:53:21.922,0.78616,0.78653,1.00,1.75
2015.03.16 04:53:23.632,0.78615,0.7865,1.00,1.50
2015.03.16 04:53:23.852,0.78613,0.78654,1.00,1.75
2015.03.16 04:53:24.110,0.78613,0.78654,1.00,1.75
2015.03.16 04:53:25.612,0.78616,0.78651,1.00,1.37
2015.03.16 04:53:26.750,0.78614,0.78648,1.00,1.37
2015.03.16 04:53:26.860,0.78612,0.78646,1.00,1.12
2015.03.16 04:53:34.776,0.78614,0.7865,1.00,1.12
2015.03.16 04:53:35.732,0.78614,0.7865,1.00,1.37
2015.03.16 04:53:36.272,0.78614,0.7865,1.00,1.00
2015.03.16 04:53:36.502,0.78612,0.78645,1.00,1.00
2015.03.16 04:53:36.982,0.7861,0.78644,1.00,1.00
2015.03.16 04:53:48.932,0.78607,0.78643,1.37,1.00
2015.03.16 04:53:49.475,0.78607,0.78643,1.00,1.00
2015.03.16 04:53:50.038,0.78607,0.78643,1.37,1.00
2015.03.16 04:53:50.650,0.78607,0.78643,1.00,1.00
2015.03.16 04:53:51.157,0.78607,0.78643,1.37,1.00
2015.03.16 04:53:57.989,0.7861,0.78644,1.00,1.00
2015.03.16 04:54:05.682,0.78607,0.78642,1.37,1.00
2015.03.16 04:54:05.909,0.78603,0.78644,1.37,1.00
2015.03.16 04:54:06.229,0.78602,0.78642,1.37,1.00
2015.03.16 04:54:07.322,0.78599,0.7864,1.75,1.00
2015.03.16 04:54:08.188,0.78599,0.7864,1.37,1.00
2015.03.16 04:54:08.789,0.78599,0.7864,1.00,1.00
2015.03.16 04:54:09.001,0.78599,0.7864,1.50,1.00
2015.03.16 04:54:12.095,0.78599,0.7864,1.37,1.00
2015.03.16 04:54:15.352,0.78603,0.78637,1.12,1.00
2015.03.16 04:54:22.502,0.78605,0.7864,1.00,1.00
2015.03.16 04:54:25.473,0.78609,0.78642,1.00,1.00
2015.03.16 04:54:29.871,0.78607,0.78641,1.00,1.00
2015.03.16 04:54:47.471,0.78604,0.78639,1.00,1.00
2015.03.16 04:54:58.801,0.78606,0.7864,1.00,1.00
2015.03.16 04:55:03.205,0.78604,0.78638,1.00,1.00
2015.03.16 04:55:07.494,0.78602,0.78635,1.00,1.00
2015.03.16 04:55:07.954,0.78604,0.78637,1.00,1.00
2015.03.16 04:55:25.222,0.78606,0.78639,1.00,1.00
2015.03.16 04:55:25.546,0.78604,0.78637,1.00,1.00
2015.03.16 04:55:26.981,0.78602,0.78635,1.00,1.00
2015.03.16 04:55:29.410,0.786,0.78634,1.00,1.00
2015.03.16 04:55:29.835,0.78598,0.78631,1.12,1.00
2015.03.16 04:55:30.168,0.786,0.78631,1.00,1.00
2015.03.16 04:55:30.218,0.78598,0.78631,1.00,1.00
2015.03.16 04:55:30.329,0.786,0.78631,1.00,1.00
2015.03.16 04:55:30.890,0.78599,0.78631,1.00,1.00
2015.03.16 04:55:31.584,0.78599,0.78629,1.00,1.00
2015.03.16 04:55:34.041,0.78596,0.78629,1.12,1.00
2015.03.16 04:55:34.246,0.78596,0.78629,1.37,1.00
2015.03.16 04:55:34.775,0.78594,0.78628,1.37,1.00
2015.03.16 04:55:35.311,0.78594,0.78628,1.37,1.00
2015.03.16 04:55:35.646,0.78588,0.78622,1.37,1.00
2015.03.16 04:55:35.697,0.78588,0.78622,1.37,1.00
2015.03.16 04:55:35.751,0.78588,0.78622,1.00,1.00
2015.03.16 04:55:36.102,0.78594,0.78628,1.00,1.00
2015.03.16 04:55:36.253,0.78593,0.78633,1.00,1.00
2015.03.16 04:55:36.353,0.78595,0.78633,1.00,1.00
2015.03.16 04:55:36.502,0.78593,0.78633,1.00,1.00
2015.03.16 04:55:36.632,0.78594,0.78636,1.00,1.00
2015.03.16 04:55:37.491,0.78594,0.78636,1.87,1.00
2015.03.16 04:55:37.674,0.78595,0.78635,1.12,1.00
2015.03.16 04:55:37.757,0.78595,0.78635,1.37,1.00
2015.03.16 04:55:38.003,0.78592,0.78635,1.37,1.00
2015.03.16 04:55:38.058,0.78592,0.78635,1.50,1.00
2015.03.16 04:55:38.760,0.78592,0.78635,1.75,1.00
2015.03.16 04:55:38.847,0.78589,0.78639,1.75,1.37
2015.03.16 04:55:38.947,0.78588,0.78639,1.75,1.00
2015.03.16 04:55:39.389,0.78595,0.78639,1.75,1.12
2015.03.16 04:55:39.580,0.78588,0.78641,2.00,1.00
2015.03.16 04:55:39.681,0.78587,0.78643,1.75,1.00
2015.03.16 04:55:39.875,0.78587,0.78643,1.75,1.37
2015.03.16 04:55:43.471,0.7859,0.78643,1.75,1.00
2015.03.16 04:55:43.873,0.786,0.78643,1.37,1.37
2015.03.16 04:55:44.420,0.78595,0.78643,1.75,1.37
2015.03.16 04:55:46.878,0.78594,0.78643,1.75,1.37
2015.03.16 04:55:48.430,0.7859,0.78643,1.75,1.00
2015.03.16 04:55:48.760,0.78603,0.78643,1.75,1.00
2015.03.16 04:55:48.911,0.7861,0.78644,1.00,1.00
2015.03.16 04:55:48.964,0.78609,0.78653,1.00,1.00
2015.03.16 04:55:49.750,0.78614,0.78651,1.00,1.00
2015.03.16 04:55:49.851,0.78615,0.78655,1.00,1.00
2015.03.16 04:55:50.315,0.78613,0.7866,1.00,1.00
2015.03.16 04:55:50.504,0.78614,0.78667,1.00,1.00
2015.03.16 04:55:51.088,0.78614,0.78667,1.75,1.37
2015.03.16 04:55:51.570,0.78614,0.78667,3.00,1.00
2015.03.16 04:55:52.591,0.78615,0.78667,1.75,1.12
2015.03.16 04:55:53.267,0.78618,0.78667,1.75,1.37
2015.03.16 04:55:55.134,0.78618,0.78667,1.50,1.00
2015.03.16 04:55:55.405,0.78618,0.78663,1.00,1.00
2015.03.16 04:55:55.456,0.78618,0.78659,1.00,1.00
2015.03.16 04:55:55.804,0.78613,0.7866,1.00,1.00
2015.03.16 04:55:56.499,0.78613,0.7866,1.50,1.00
2015.03.16 04:55:57.020,0.78613,0.7866,1.37,1.00
2015.03.16 04:56:00.207,0.78613,0.7866,1.37,1.37
2015.03.16 04:56:00.307,0.78613,0.7866,1.12,1.37
2015.03.16 04:56:00.408,0.78615,0.78655,1.00,1.00
2015.03.16 04:56:00.785,0.78611,0.78651,1.12,1.00
2015.03.16 04:56:01.115,0.7861,0.78644,1.37,1.00
2015.03.16 04:56:01.650,0.7861,0.78644,1.00,1.00
2015.03.16 04:56:02.073,0.78603,0.78643,1.37,1.00
2015.03.16 04:56:02.124,0.78603,0.78643,1.12,1.00
2015.03.16 04:56:02.242,0.78603,0.78643,1.37,1.00
2015.03.16 04:56:02.552,0.78609,0.78643,1.00,1.00
2015.03.16 04:56:03.760,0.7861,0.78643,1.00,1.00
2015.03.16 04:56:04.364,0.7861,0.78644,1.00,1.00
2015.03.16 04:56:04.414,0.78607,0.78644,1.00,1.00
2015.03.16 04:56:09.314,0.78607,0.78648,1.12,1.00
2015.03.16 04:56:09.364,0.78607,0.78648,1.37,1.00
2015.03.16 04:56:11.429,0.78607,0.78648,1.12,1.00
2015.03.16 04:56:16.340,0.78607,0.78648,1.37,1.00
2015.03.16 04:56:18.258,0.78607,0.78648,1.12,1.00
2015.03.16 04:56:19.578,0.78607,0.78648,1.37,1.00
2015.03.16 04:56:21.744,0.78609,0.7865,1.00,1.00
2015.03.16 04:56:23.615,0.78611,0.78646,1.00,1.00
2015.03.16 04:56:25.190,0.78611,0.78646,1.00,1.37
2015.03.16 04:56:25.704,0.78614,0.78647,1.00,1.12
2015.03.16 04:56:27.903,0.78616,0.78651,1.00,1.37
2015.03.16 04:56:28.178,0.78616,0.78651,1.00,1.00
2015.03.16 04:56:28.235,0.78619,0.78653,1.00,1.37
2015.03.16 04:56:28.564,0.7862,0.78656,1.00,1.37
2015.03.16 04:56:35.610,0.7862,0.78656,1.00,1.37
2015.03.16 04:56:36.161,0.78617,0.78652,1.00,1.37
2015.03.16 04:56:36.492,0.78613,0.78648,1.00,1.75
2015.03.16 04:56:37.228,0.78613,0.78648,1.00,1.50
2015.03.16 04:56:38.463,0.78612,0.78646,1.00,1.37
2015.03.16 04:56:38.929,0.78612,0.78646,1.00,1.50
2015.03.16 04:56:39.344,0.78609,0.78649,1.00,1.75
2015.03.16 04:56:40.337,0.78612,0.78647,1.00,1.75
2015.03.16 04:56:41.429,0.78612,0.78647,1.00,1.37
2015.03.16 04:56:41.580,0.78607,0.78647,1.00,1.37
2015.03.16 04:56:46.054,0.78604,0.7865,1.00,1.75
2015.03.16 04:56:46.682,0.78604,0.7865,1.00,1.50
2015.03.16 04:56:49.346,0.78604,0.7865,1.00,1.75
2015.03.16 04:56:49.719,0.78604,0.78637,1.00,1.00
2015.03.16 04:56:50.348,0.78602,0.78636,1.00,1.00
2015.03.16 04:56:51.351,0.78604,0.78638,1.00,1.00
2015.03.16 04:56:51.839,0.7861,0.78638,1.00,1.00
2015.03.16 04:56:51.923,0.78604,0.78638,1.00,1.00
2015.03.16 04:56:52.024,0.78607,0.78641,1.00,1.00
2015.03.16 04:56:52.476,0.78608,0.78644,1.00,1.00
2015.03.16 04:56:53.356,0.7861,0.78644,1.00,1.00
2015.03.16 04:56:53.861,0.78611,0.78644,1.00,1.00
2015.03.16 04:56:59.190,0.78608,0.78643,1.00,1.00
2015.03.16 04:56:59.392,0.7861,0.78649,1.00,1.00
2015.03.16 04:57:15.216,0.7861,0.78649,1.00,1.37
2015.03.16 04:57:15.548,0.78607,0.7865,1.00,1.37
2015.03.16 04:57:16.159,0.78607,0.7865,1.00,1.75
2015.03.16 04:57:16.629,0.78607,0.7865,1.00,1.50
2015.03.16 04:57:22.653,0.78598,0.78651,1.12,1.75
2015.03.16 04:57:26.059,0.78598,0.78651,1.00,1.75
2015.03.16 04:57:26.438,0.78601,0.78646,1.00,1.37
2015.03.16 04:57:27.629,0.78598,0.78649,1.00,1.50
2015.03.16 04:57:28.140,0.78598,0.78649,1.12,1.37
2015.03.16 04:57:28.420,0.78602,0.78647,1.00,1.37
2015.03.16 04:57:28.620,0.78598,0.78651,1.12,1.75
2015.03.16 04:57:28.923,0.78602,0.78647,1.00,1.37
2015.03.16 04:57:29.310,0.78602,0.78647,1.00,1.37
2015.03.16 04:57:30.373,0.78602,0.78647,1.00,1.75
2015.03.16 04:57:30.758,0.78605,0.78644,1.00,1.37
2015.03.16 04:57:31.578,0.78605,0.78644,1.00,1.37
2015.03.16 04:57:31.949,0.78605,0.78644,1.00,1.37
2015.03.16 04:57:32.268,0.786,0.78635,1.00,1.00
2015.03.16 04:57:32.628,0.78595,0.78628,1.00,1.00
2015.03.16 04:57:33.983,0.78597,0.7863,1.00,1.00
2015.03.16 04:57:34.683,0.78594,0.78634,1.37,1.00
2015.03.16 04:57:37.406,0.78594,0.78634,1.00,1.00
2015.03.16 04:57:42.272,0.78598,0.78632,1.00,1.00
2015.03.16 04:57:49.053,0.78595,0.78634,1.00,1.00
2015.03.16 04:57:59.628,0.78597,0.78631,1.00,1.00
2015.03.16 04:58:02.958,0.78599,0.78633,1.00,1.00
2015.03.16 04:58:03.173,0.786,0.7864,1.00,1.00
2015.03.16 04:58:03.388,0.78605,0.78638,1.00,1.00
2015.03.16 04:58:16.662,0.78607,0.78641,1.00,1.00
2015.03.16 04:58:17.657,0.78609,0.78643,1.00,1.00
2015.03.16 04:58:35.582,0.78611,0.78644,1.00,1.00
2015.03.16 04:58:37.672,0.78612,0.78646,1.00,1.00
2015.03.16 04:58:43.522,0.7861,0.78644,1.00,1.00
2015.03.16 04:58:44.848,0.78613,0.78646,1.00,1.37
2015.03.16 04:58:45.604,0.78613,0.78646,1.00,1.00
2015.03.16 04:58:46.628,0.78613,0.78646,1.00,1.37
2015.03.16 04:58:47.022,0.78611,0.78644,1.00,1.00
2015.03.16 04:58:47.179,0.78609,0.78643,1.00,1.00
2015.03.16 04:58:47.708,0.78607,0.78641,1.00,1.00
2015.03.16 04:58:48.321,0.78604,0.7864,1.00,1.00
2015.03.16 04:59:24.642,0.78604,0.78637,1.00,1.00
2015.03.16 04:59:32.896,0.786,0.78639,1.00,1.00
