2014.09.10 02:00:02.884,0.85035,0.85066,2.40,1.00
2014.09.10 02:00:06.296,0.85035,0.85065,3.15,1.00
2014.09.10 02:00:07.396,0.85035,0.85068,3.15,1.65
2014.09.10 02:00:09.052,0.85035,0.85068,3.15,1.65
2014.09.10 02:00:10.174,0.85036,0.85069,2.40,2.02
2014.09.10 02:00:11.828,0.8504,0.85069,1.75,1.65
2014.09.10 02:00:12.345,0.85037,0.85069,1.35,2.02
2014.09.10 02:00:13.099,0.85037,0.85069,1.35,2.02
2014.09.10 02:00:13.150,0.85037,0.85065,1.35,1.00
2014.09.10 02:00:15.314,0.85037,0.85069,1.35,2.02
2014.09.10 02:00:16.195,0.85037,0.85066,1.35,1.00
2014.09.10 02:00:17.239,0.85037,0.85066,1.35,1.12
2014.09.10 02:00:23.045,0.85037,0.85065,1.35,1.00
2014.09.10 02:00:23.365,0.85036,0.85065,1.35,2.40
2014.09.10 02:00:24.059,0.85037,0.85065,1.67,1.12
2014.09.10 02:00:24.360,0.85037,0.85065,1.35,1.00
2014.09.10 02:00:24.460,0.85037,0.85069,1.35,2.02
2014.09.10 02:00:24.674,0.85037,0.85069,3.00,2.02
2014.09.10 02:00:27.835,0.85037,0.85068,1.35,1.65
2014.09.10 02:00:27.885,0.85037,0.85068,1.35,1.65
2014.09.10 02:00:31.183,0.85037,0.85068,1.35,2.02
2014.09.10 02:00:32.224,0.85037,0.85067,1.67,2.02
2014.09.10 02:00:32.324,0.85037,0.85066,1.30,2.02
2014.09.10 02:00:32.375,0.85033,0.85055,2.02,1.00
2014.09.10 02:00:32.635,0.85026,0.85055,1.35,1.00
2014.09.10 02:00:36.133,0.8503,0.8506,1.75,1.37
2014.09.10 02:00:36.935,0.8503,0.85063,3.15,2.62
2014.09.10 02:00:37.708,0.8503,0.8506,3.15,1.37
2014.09.10 02:00:37.960,0.85027,0.8506,2.02,1.37
2014.09.10 02:00:38.135,0.85027,0.8506,2.02,1.37
2014.09.10 02:00:38.235,0.85027,0.8506,2.02,1.37
2014.09.10 02:00:42.646,0.85027,0.8506,2.40,1.37
2014.09.10 02:00:43.255,0.85025,0.85058,3.15,1.65
2014.09.10 02:00:43.363,0.85025,0.85058,3.15,2.02
2014.09.10 02:00:45.233,0.85025,0.85058,3.15,1.65
2014.09.10 02:00:45.334,0.85025,0.85058,3.15,2.02
2014.09.10 02:00:45.637,0.85025,0.85055,2.40,1.00
2014.09.10 02:00:46.885,0.85025,0.85055,2.40,1.00
2014.09.10 02:00:47.452,0.85025,0.85056,2.02,1.12
2014.09.10 02:00:47.685,0.85022,0.85056,2.40,2.77
2014.09.10 02:00:50.075,0.85022,0.8505,2.40,1.00
2014.09.10 02:00:50.268,0.85022,0.8505,2.40,1.00
2014.09.10 02:00:53.044,0.85019,0.85051,3.15,1.00
2014.09.10 02:00:58.324,0.85019,0.8505,2.40,1.00
2014.09.10 02:01:01.836,0.85019,0.8505,2.40,1.00
2014.09.10 02:01:03.844,0.8502,0.8505,1.75,1.00
2014.09.10 02:01:04.712,0.8502,0.85054,1.75,2.02
2014.09.10 02:01:05.305,0.8502,0.85054,1.75,2.02
2014.09.10 02:01:05.557,0.8502,0.85055,3.15,2.77
2014.09.10 02:01:08.179,0.8502,0.85055,2.40,2.02
2014.09.10 02:01:09.994,0.8502,0.85055,2.40,2.02
2014.09.10 02:01:14.105,0.8502,0.85055,3.15,2.77
2014.09.10 02:01:14.944,0.85022,0.85055,2.40,2.02
2014.09.10 02:01:15.843,0.85021,0.8505,2.40,1.00
2014.09.10 02:01:16.171,0.85024,0.85056,1.75,1.12
2014.09.10 02:01:16.693,0.85025,0.8506,2.10,2.77
2014.09.10 02:01:20.885,0.85025,0.85055,2.10,1.00
2014.09.10 02:01:21.345,0.85025,0.8506,3.75,1.37
2014.09.10 02:01:25.683,0.85025,0.85061,3.00,1.37
2014.09.10 02:01:25.784,0.85025,0.85061,3.00,1.12
2014.09.10 02:01:26.115,0.85027,0.85061,2.40,1.37
2014.09.10 02:01:26.446,0.85026,0.85055,2.40,1.00
2014.09.10 02:01:26.498,0.85026,0.85055,2.02,1.00
2014.09.10 02:01:27.013,0.85025,0.85056,2.62,1.00
2014.09.10 02:01:27.155,0.85025,0.85056,1.35,1.12
2014.09.10 02:01:27.765,0.85025,0.85056,1.35,1.37
2014.09.10 02:01:31.654,0.85025,0.85056,1.67,1.37
2014.09.10 02:01:31.970,0.8502,0.8505,1.75,1.00
2014.09.10 02:01:32.272,0.8502,0.8505,1.75,1.00
2014.09.10 02:01:33.039,0.8502,0.8505,1.50,1.12
2014.09.10 02:01:35.077,0.8502,0.8505,1.75,1.12
2014.09.10 02:01:35.613,0.85019,0.8505,1.35,2.77
2014.09.10 02:01:36.018,0.85015,0.85045,1.75,1.00
2014.09.10 02:01:36.605,0.85015,0.85045,1.75,1.00
2014.09.10 02:01:41.116,0.85015,0.85046,2.40,1.00
2014.09.10 02:01:42.338,0.85015,0.85045,3.15,1.00
2014.09.10 02:01:42.871,0.85015,0.85045,3.15,1.00
2014.09.10 02:01:42.924,0.85016,0.8505,2.40,2.77
2014.09.10 02:01:45.504,0.8502,0.8505,1.75,1.00
2014.09.10 02:01:46.707,0.8502,0.8505,1.75,1.00
2014.09.10 02:01:47.238,0.8502,0.8505,1.75,2.77
2014.09.10 02:01:50.022,0.8502,0.8505,1.50,2.77
2014.09.10 02:02:00.168,0.8502,0.8505,1.37,2.77
2014.09.10 02:02:04.227,0.85016,0.85045,2.40,1.00
2014.09.10 02:02:04.328,0.85014,0.85046,3.15,1.00
2014.09.10 02:02:05.067,0.85015,0.85045,1.75,1.12
2014.09.10 02:02:07.430,0.85015,0.85045,1.75,1.00
2014.09.10 02:02:07.759,0.85015,0.85048,3.15,2.02
2014.09.10 02:02:08.003,0.85015,0.85048,3.15,2.02
2014.09.10 02:02:11.916,0.85015,0.85048,3.15,2.02
2014.09.10 02:02:12.663,0.85015,0.85047,1.75,1.65
2014.09.10 02:02:12.713,0.85017,0.85049,2.40,2.62
2014.09.10 02:02:13.039,0.8502,0.8505,2.10,2.40
2014.09.10 02:02:13.649,0.85025,0.85054,1.37,2.02
2014.09.10 02:02:17.853,0.8502,0.85053,3.75,2.02
2014.09.10 02:02:21.093,0.85019,0.85051,1.50,2.77
2014.09.10 02:02:21.425,0.85015,0.85045,1.75,1.37
2014.09.10 02:02:26.803,0.85014,0.85045,1.75,2.02
2014.09.10 02:02:27.342,0.85015,0.85047,1.75,2.02
2014.09.10 02:02:27.663,0.8502,0.8505,1.37,1.37
2014.09.10 02:02:28.170,0.8502,0.85049,1.37,2.02
2014.09.10 02:02:30.441,0.8502,0.8505,1.37,2.77
2014.09.10 02:02:30.570,0.8502,0.8505,1.50,2.77
2014.09.10 02:02:30.670,0.85025,0.85054,1.37,2.02
2014.09.10 02:02:30.771,0.85025,0.85054,1.37,2.02
2014.09.10 02:02:30.972,0.85025,0.85059,3.15,2.02
2014.09.10 02:02:31.383,0.8503,0.85059,1.37,2.02
2014.09.10 02:02:32.036,0.85026,0.85059,2.40,2.02
2014.09.10 02:02:33.544,0.85026,0.85059,2.40,2.02
2014.09.10 02:02:35.943,0.85028,0.8506,2.40,1.37
2014.09.10 02:02:36.445,0.85028,0.8506,2.40,1.37
2014.09.10 02:02:37.347,0.8503,0.8506,1.37,1.37
2014.09.10 02:02:40.155,0.8503,0.8506,1.50,1.37
2014.09.10 02:02:48.468,0.85028,0.85061,2.40,1.37
2014.09.10 02:02:55.001,0.8503,0.8506,1.37,1.37
2014.09.10 02:02:57.123,0.85026,0.85055,2.40,1.12
2014.09.10 02:02:57.923,0.85025,0.85055,3.15,1.00
2014.09.10 02:02:58.572,0.85025,0.85057,3.15,2.02
2014.09.10 02:02:59.981,0.85025,0.85055,3.15,1.00
2014.09.10 02:03:00.252,0.85025,0.85055,1.50,1.37
2014.09.10 02:03:00.450,0.85025,0.85055,3.15,1.12
2014.09.10 02:03:00.929,0.85024,0.85056,2.10,1.37
2014.09.10 02:03:01.273,0.85025,0.85055,1.75,1.12
2014.09.10 02:03:01.882,0.85025,0.85055,1.75,1.37
2014.09.10 02:03:06.763,0.85024,0.85056,1.75,1.37
2014.09.10 02:03:13.380,0.85025,0.85057,3.15,2.02
2014.09.10 02:03:13.583,0.85025,0.85055,1.37,1.37
2014.09.10 02:03:13.684,0.85021,0.85054,2.40,2.02
2014.09.10 02:03:14.488,0.85019,0.85052,1.75,2.02
2014.09.10 02:03:15.691,0.8502,0.8505,1.50,1.37
2014.09.10 02:03:16.125,0.8502,0.8505,1.37,1.37
2014.09.10 02:03:16.641,0.8502,0.8505,1.37,2.77
2014.09.10 02:03:17.413,0.85018,0.8505,2.02,3.15
2014.09.10 02:03:17.915,0.85015,0.85045,1.75,1.37
2014.09.10 02:03:18.117,0.85015,0.85045,1.37,1.00
2014.09.10 02:03:18.900,0.85014,0.85045,1.37,2.02
2014.09.10 02:03:21.604,0.85014,0.85045,1.37,2.02
2014.09.10 02:03:23.610,0.85015,0.85044,1.37,2.02
2014.09.10 02:03:24.112,0.85012,0.85044,2.40,2.02
2014.09.10 02:03:24.676,0.85015,0.85043,1.37,2.02
2014.09.10 02:03:25.816,0.85015,0.85043,1.50,2.02
2014.09.10 02:03:26.361,0.85015,0.85044,1.75,2.02
2014.09.10 02:03:26.807,0.85014,0.85046,1.75,2.77
2014.09.10 02:03:27.036,0.85014,0.85046,1.75,2.77
2014.09.10 02:03:28.076,0.85012,0.8504,2.40,1.00
2014.09.10 02:03:28.631,0.85011,0.8504,2.40,1.00
2014.09.10 02:03:29.297,0.85011,0.8504,2.40,1.00
2014.09.10 02:03:29.398,0.85015,0.85043,1.50,2.02
2014.09.10 02:03:29.952,0.85015,0.85046,1.75,2.02
2014.09.10 02:03:30.433,0.85015,0.85046,1.50,2.02
2014.09.10 02:03:33.140,0.85013,0.85045,2.40,1.37
2014.09.10 02:03:37.756,0.85015,0.85045,1.75,1.00
2014.09.10 02:03:43.374,0.85015,0.85045,1.50,1.12
2014.09.10 02:03:51.495,0.85014,0.85046,1.75,2.77
2014.09.10 02:03:54.706,0.85015,0.85045,1.75,1.12
2014.09.10 02:03:55.431,0.85012,0.85045,3.00,2.02
2014.09.10 02:03:55.963,0.85012,0.85044,1.35,2.02
2014.09.10 02:03:56.697,0.85014,0.85046,3.15,2.02
2014.09.10 02:03:57.921,0.85015,0.85046,1.75,2.02
2014.09.10 02:04:00.430,0.85012,0.85044,1.35,1.65
2014.09.10 02:04:00.480,0.85012,0.85044,1.35,2.02
2014.09.10 02:04:00.934,0.85014,0.85046,3.15,2.02
2014.09.10 02:04:01.943,0.85015,0.85048,1.75,2.02
2014.09.10 02:04:07.681,0.85015,0.85046,1.75,2.02
2014.09.10 02:04:08.183,0.85015,0.85046,1.75,1.65
2014.09.10 02:04:08.709,0.85015,0.85046,1.75,2.02
2014.09.10 02:04:14.451,0.8502,0.85048,1.37,2.02
2014.09.10 02:04:15.059,0.8502,0.85049,1.50,2.02
2014.09.10 02:04:15.824,0.8502,0.85049,1.75,2.02
2014.09.10 02:04:16.409,0.8502,0.8505,1.75,1.12
2014.09.10 02:04:21.079,0.8502,0.8505,1.75,2.77
2014.09.10 02:04:23.485,0.8502,0.8505,1.50,2.77
2014.09.10 02:04:24.095,0.8502,0.8505,1.75,1.37
2014.09.10 02:04:37.368,0.85019,0.85051,1.75,2.77
2014.09.10 02:04:37.770,0.8502,0.85053,3.15,1.65
2014.09.10 02:04:38.074,0.85024,0.85055,1.75,1.65
2014.09.10 02:04:38.175,0.85024,0.85055,1.75,2.02
2014.09.10 02:04:38.701,0.85025,0.85054,1.75,1.65
2014.09.10 02:04:39.293,0.85025,0.85055,1.75,1.37
2014.09.10 02:04:48.533,0.85025,0.85055,1.50,2.77
2014.09.10 02:04:50.136,0.85025,0.85054,1.75,2.02
2014.09.10 02:04:56.469,0.85025,0.85054,1.37,2.02
2014.09.10 02:04:58.790,0.85025,0.85054,1.75,2.02
2014.09.10 02:05:02.238,0.85025,0.8505,2.40,1.00
2014.09.10 02:05:03.399,0.85025,0.85055,2.40,1.37
2014.09.10 02:05:03.950,0.85027,0.85055,2.40,1.12
2014.09.10 02:05:04.501,0.85027,0.85056,2.40,1.12
2014.09.10 02:05:07.800,0.85026,0.85055,2.40,1.00
2014.09.10 02:05:08.411,0.85026,0.85055,2.40,1.00
2014.09.10 02:05:09.163,0.8503,0.85059,1.37,2.62
2014.09.10 02:05:09.612,0.85029,0.85061,3.15,1.37
2014.09.10 02:05:09.913,0.8504,0.85064,1.50,1.65
2014.09.10 02:05:09.963,0.8504,0.8507,1.50,1.37
2014.09.10 02:05:10.631,0.85039,0.85071,1.75,1.72
2014.09.10 02:05:11.310,0.85039,0.85071,1.75,1.72
2014.09.10 02:05:12.641,0.85035,0.8507,1.75,1.37
2014.09.10 02:05:13.252,0.8504,0.8507,1.37,1.37
2014.09.10 02:05:13.853,0.8504,0.8507,1.37,1.37
2014.09.10 02:05:15.518,0.8504,0.8507,1.37,1.37
2014.09.10 02:05:19.927,0.85039,0.85071,1.75,1.72
2014.09.10 02:05:20.433,0.8504,0.8507,1.37,1.37
2014.09.10 02:05:24.444,0.8504,0.8507,1.37,1.37
2014.09.10 02:05:25.245,0.8504,0.8507,1.37,1.37
2014.09.10 02:05:26.053,0.8504,0.8507,1.37,1.37
2014.09.10 02:05:34.278,0.8504,0.8507,1.37,1.50
2014.09.10 02:05:37.298,0.8504,0.8507,1.37,1.37
2014.09.10 02:05:38.827,0.8504,0.8507,1.37,1.37
2014.09.10 02:05:39.157,0.8504,0.8507,1.37,1.37
2014.09.10 02:05:41.217,0.8504,0.8507,1.37,1.50
2014.09.10 02:05:42.624,0.8504,0.8507,1.37,1.37
2014.09.10 02:05:43.125,0.8504,0.8507,1.50,1.37
2014.09.10 02:05:44.530,0.8504,0.8507,1.75,1.37
2014.09.10 02:05:45.135,0.8504,0.85073,1.50,2.40
2014.09.10 02:05:45.640,0.8504,0.85069,1.37,2.02
2014.09.10 02:05:46.789,0.8504,0.8507,1.37,2.77
2014.09.10 02:05:55.070,0.8504,0.8507,1.37,2.77
2014.09.10 02:05:56.229,0.8504,0.8507,2.77,1.37
2014.09.10 02:05:56.782,0.85041,0.85074,2.02,2.02
2014.09.10 02:05:58.300,0.8504,0.8507,1.50,1.37
2014.09.10 02:05:58.923,0.8504,0.8507,3.15,1.37
2014.09.10 02:05:59.495,0.8504,0.8507,3.15,1.12
2014.09.10 02:06:00.098,0.8504,0.8507,3.15,1.37
2014.09.10 02:06:06.239,0.8504,0.8507,1.50,1.37
2014.09.10 02:06:06.848,0.8504,0.85071,2.40,1.37
2014.09.10 02:06:26.808,0.85041,0.85075,2.40,2.77
2014.09.10 02:06:27.350,0.85041,0.8507,2.40,1.00
2014.09.10 02:06:27.976,0.85041,0.85075,2.40,2.77
2014.09.10 02:06:29.198,0.85041,0.8507,2.40,1.00
2014.09.10 02:06:31.009,0.85041,0.8507,2.40,1.00
2014.09.10 02:06:31.552,0.8504,0.8507,3.15,1.37
2014.09.10 02:06:45.344,0.8504,0.8507,3.15,1.37
2014.09.10 02:06:45.690,0.85038,0.8507,2.02,1.50
2014.09.10 02:06:46.192,0.85039,0.85071,1.37,2.40
2014.09.10 02:06:46.292,0.85039,0.85072,1.37,2.02
2014.09.10 02:06:46.393,0.85035,0.8507,3.75,3.15
2014.09.10 02:06:55.771,0.85037,0.8507,2.40,2.40
2014.09.10 02:07:13.057,0.8504,0.85071,1.37,2.02
2014.09.10 02:07:13.314,0.8504,0.85071,1.37,2.40
2014.09.10 02:07:31.460,0.85035,0.8507,1.50,3.15
2014.09.10 02:07:32.013,0.85035,0.8507,1.50,3.15
2014.09.10 02:07:34.177,0.85035,0.85065,1.37,1.37
2014.09.10 02:07:35.573,0.85035,0.85065,2.77,1.37
2014.09.10 02:07:35.948,0.85034,0.85071,1.75,3.15
2014.09.10 02:07:40.315,0.85035,0.8507,1.50,1.75
2014.09.10 02:07:42.117,0.85035,0.85065,2.77,1.37
2014.09.10 02:07:43.716,0.85035,0.8507,1.50,3.15
2014.09.10 02:07:50.148,0.85035,0.85065,2.77,1.37
2014.09.10 02:07:51.613,0.85035,0.85065,3.15,1.37
2014.09.10 02:07:52.187,0.85035,0.85069,1.37,2.40
2014.09.10 02:08:02.046,0.85035,0.85068,1.37,2.40
2014.09.10 02:08:02.150,0.85035,0.85068,1.37,2.40
2014.09.10 02:08:14.788,0.85035,0.85068,1.50,2.40
2014.09.10 02:08:15.290,0.85035,0.85068,1.37,2.40
2014.09.10 02:08:17.333,0.85035,0.85067,1.37,2.02
2014.09.10 02:08:17.433,0.85035,0.8507,2.40,3.15
2014.09.10 02:08:17.537,0.8504,0.8507,1.37,2.77
2014.09.10 02:08:26.408,0.8504,0.8507,1.37,1.37
2014.09.10 02:08:27.663,0.85039,0.85071,1.50,1.37
2014.09.10 02:08:47.506,0.8504,0.8507,1.37,1.37
2014.09.10 02:08:48.505,0.85039,0.85071,2.10,1.37
2014.09.10 02:09:04.666,0.85036,0.8507,1.35,2.77
2014.09.10 02:09:18.776,0.85035,0.85069,1.35,2.02
2014.09.10 02:09:18.915,0.85036,0.85065,1.35,1.37
2014.09.10 02:09:19.424,0.85037,0.85065,1.35,1.12
2014.09.10 02:09:26.890,0.85036,0.85071,1.35,3.15
2014.09.10 02:09:31.016,0.85036,0.85065,2.40,1.12
2014.09.10 02:09:31.575,0.85036,0.85065,2.40,1.00
2014.09.10 02:09:32.710,0.85036,0.85065,2.40,1.12
2014.09.10 02:09:36.501,0.85037,0.85066,2.40,1.00
2014.09.10 02:09:36.805,0.8504,0.8507,1.37,1.37
2014.09.10 02:09:36.855,0.8504,0.85069,1.37,2.02
2014.09.10 02:09:36.956,0.85033,0.85069,2.40,2.02
2014.09.10 02:09:37.178,0.85032,0.85065,2.02,1.00
2014.09.10 02:09:37.607,0.85034,0.85065,1.65,1.00
2014.09.10 02:09:38.054,0.8503,0.85065,2.77,2.40
2014.09.10 02:09:39.061,0.8503,0.85065,3.15,1.50
2014.09.10 02:09:40.067,0.8503,0.85065,3.15,1.50
2014.09.10 02:09:40.879,0.85029,0.85061,2.40,1.37
2014.09.10 02:09:41.503,0.85028,0.8506,2.40,1.37
2014.09.10 02:09:42.214,0.85027,0.8506,2.40,1.37
2014.09.10 02:09:44.093,0.85026,0.8506,2.40,1.37
2014.09.10 02:09:44.706,0.85027,0.85065,2.40,1.75
2014.09.10 02:09:45.098,0.85026,0.85065,2.40,1.75
2014.09.10 02:09:46.935,0.85027,0.85065,2.40,1.75
2014.09.10 02:09:47.444,0.85028,0.85065,2.02,1.75
2014.09.10 02:09:50.136,0.85028,0.85066,2.02,3.15
2014.09.10 02:09:50.266,0.85028,0.8506,2.40,1.37
2014.09.10 02:09:50.721,0.85028,0.85065,2.40,1.50
2014.09.10 02:09:51.826,0.85029,0.85065,2.40,1.50
2014.09.10 02:09:52.629,0.85029,0.85065,2.02,1.50
2014.09.10 02:09:52.744,0.85026,0.85065,2.40,3.15
2014.09.10 02:09:53.359,0.85025,0.8506,3.15,1.37
2014.09.10 02:09:53.560,0.85029,0.8506,1.37,2.02
2014.09.10 02:09:53.761,0.85026,0.8506,1.65,1.00
2014.09.10 02:09:53.862,0.85027,0.85063,1.65,1.65
2014.09.10 02:09:54.096,0.85026,0.8506,1.65,1.00
2014.09.10 02:09:54.707,0.85025,0.8506,1.00,1.00
2014.09.10 02:09:55.658,0.85025,0.8506,1.50,1.50
2014.09.10 02:09:57.849,0.85025,0.8506,1.50,1.75
2014.09.10 02:09:58.251,0.85024,0.8506,2.02,1.37
2014.09.10 02:09:58.953,0.85024,0.8506,1.65,1.00
2014.09.10 02:09:59.486,0.85025,0.85061,1.65,1.00
2014.09.10 02:09:59.988,0.85024,0.85061,2.40,1.00
2014.09.10 02:10:00.117,0.85021,0.85056,2.40,1.50
2014.09.10 02:10:00.459,0.85021,0.85055,2.40,1.37
2014.09.10 02:10:00.961,0.85023,0.85055,2.02,1.50
2014.09.10 02:10:01.906,0.85022,0.8505,2.02,1.37
2014.09.10 02:10:02.586,0.8502,0.85046,2.02,1.00
2014.09.10 02:10:02.686,0.85018,0.8505,1.65,1.00
2014.09.10 02:10:02.737,0.85015,0.8505,2.40,1.00
2014.09.10 02:10:02.940,0.85014,0.85046,1.65,1.00
2014.09.10 02:10:03.141,0.85014,0.8505,2.40,1.65
2014.09.10 02:10:03.447,0.85014,0.85046,1.65,1.00
2014.09.10 02:10:03.937,0.85012,0.85045,2.02,1.00
2014.09.10 02:10:05.000,0.85012,0.85046,2.02,1.00
2014.09.10 02:10:05.538,0.85013,0.85045,1.65,1.00
2014.09.10 02:10:05.661,0.85015,0.8505,1.00,1.00
2014.09.10 02:10:05.888,0.85015,0.8505,1.75,1.37
2014.09.10 02:10:06.189,0.85016,0.8505,3.00,1.00
2014.09.10 02:10:06.340,0.85019,0.85056,1.75,1.37
2014.09.10 02:10:06.527,0.85016,0.8505,3.00,1.00
2014.09.10 02:10:06.908,0.85017,0.85051,2.02,1.00
2014.09.10 02:10:07.437,0.85019,0.8505,2.02,1.00
2014.09.10 02:10:07.641,0.8502,0.85055,1.00,1.00
2014.09.10 02:10:07.691,0.85022,0.85055,1.65,1.00
2014.09.10 02:10:08.000,0.85022,0.85055,2.02,1.37
2014.09.10 02:10:08.337,0.85022,0.85055,2.40,1.37
2014.09.10 02:10:08.538,0.85027,0.85059,2.02,2.02
2014.09.10 02:10:08.789,0.85024,0.85055,1.65,1.00
2014.09.10 02:10:09.197,0.85021,0.85055,1.65,1.00
2014.09.10 02:10:09.699,0.8502,0.85056,1.65,2.40
2014.09.10 02:10:09.848,0.85017,0.85055,2.02,1.65
2014.09.10 02:10:10.002,0.85017,0.85053,2.02,1.65
2014.09.10 02:10:11.368,0.85019,0.85053,1.00,1.65
2014.09.10 02:10:11.725,0.8502,0.85053,1.37,2.02
2014.09.10 02:10:12.227,0.8502,0.85058,1.37,2.40
2014.09.10 02:10:13.399,0.85022,0.85058,2.02,2.40
2014.09.10 02:10:14.008,0.85019,0.85055,2.02,1.37
2014.09.10 02:10:14.522,0.85019,0.85055,2.02,1.37
2014.09.10 02:10:14.828,0.8502,0.85055,1.75,1.37
2014.09.10 02:10:15.512,0.85017,0.85055,2.40,1.37
2014.09.10 02:10:17.356,0.85019,0.8506,1.50,2.40
2014.09.10 02:10:21.983,0.85019,0.8506,1.37,2.40
2014.09.10 02:10:22.772,0.85016,0.85053,3.00,2.40
2014.09.10 02:10:28.485,0.85016,0.85055,3.00,1.75
2014.09.10 02:10:30.554,0.85016,0.85055,3.00,1.37
2014.09.10 02:10:31.403,0.85016,0.85055,3.00,1.50
2014.09.10 02:10:31.957,0.85016,0.85055,3.00,1.50
2014.09.10 02:10:37.068,0.85016,0.85055,2.40,1.50
2014.09.10 02:10:37.169,0.85016,0.85055,2.40,1.37
2014.09.10 02:10:37.673,0.85017,0.85055,2.40,1.37
2014.09.10 02:10:39.185,0.85017,0.85055,2.40,1.37
2014.09.10 02:10:42.099,0.8502,0.8506,1.50,3.15
2014.09.10 02:10:42.250,0.85022,0.8506,2.40,2.77
2014.09.10 02:10:43.111,0.85026,0.85059,2.02,2.40
2014.09.10 02:10:43.215,0.85026,0.85059,2.02,2.40
2014.09.10 02:10:43.366,0.85024,0.85057,2.02,2.40
2014.09.10 02:10:43.867,0.85022,0.85056,2.40,1.37
2014.09.10 02:10:44.022,0.85021,0.85056,2.40,1.37
2014.09.10 02:10:44.325,0.85021,0.85056,2.40,1.75
2014.09.10 02:10:45.267,0.85021,0.85055,2.02,1.37
2014.09.10 02:10:46.259,0.85021,0.85055,2.40,1.37
2014.09.10 02:10:47.176,0.8502,0.85053,2.02,2.02
2014.09.10 02:10:47.447,0.85021,0.85053,2.02,2.02
2014.09.10 02:10:47.960,0.85016,0.8505,2.02,1.37
2014.09.10 02:10:48.519,0.85016,0.8505,2.02,1.37
2014.09.10 02:10:49.257,0.85016,0.8505,2.02,1.37
2014.09.10 02:10:49.705,0.85016,0.8505,2.40,1.37
2014.09.10 02:10:50.216,0.85015,0.85053,3.15,2.40
2014.09.10 02:10:50.267,0.85015,0.85052,1.37,2.40
2014.09.10 02:10:58.634,0.85015,0.85051,1.37,2.40
2014.09.10 02:11:01.824,0.85011,0.8505,2.40,1.75
2014.09.10 02:11:03.310,0.85011,0.8505,2.40,1.50
2014.09.10 02:11:06.329,0.85011,0.8505,2.40,1.37
2014.09.10 02:11:09.045,0.85011,0.8505,2.40,1.50
2014.09.10 02:11:15.002,0.85011,0.8505,2.40,1.75
2014.09.10 02:11:15.074,0.85011,0.8505,2.02,1.37
2014.09.10 02:11:15.478,0.85011,0.85051,2.40,1.75
2014.09.10 02:11:16.270,0.85011,0.8505,2.40,1.75
2014.09.10 02:11:16.804,0.85011,0.8505,2.02,1.75
2014.09.10 02:11:20.496,0.85011,0.8505,2.02,1.75
2014.09.10 02:11:22.101,0.85011,0.8505,2.40,1.75
2014.09.10 02:11:22.203,0.85011,0.8505,2.40,1.75
2014.09.10 02:11:23.712,0.85011,0.8505,2.40,1.75
2014.09.10 02:11:24.523,0.85011,0.8505,2.02,1.75
2014.09.10 02:11:24.624,0.85011,0.8505,2.40,1.50
2014.09.10 02:11:24.945,0.85018,0.85051,2.02,1.37
2014.09.10 02:11:26.726,0.85019,0.8505,2.02,1.37
2014.09.10 02:11:31.847,0.85019,0.8505,2.02,1.37
2014.09.10 02:11:32.348,0.85019,0.8505,2.02,1.37
2014.09.10 02:11:35.625,0.85019,0.85045,2.02,1.00
2014.09.10 02:11:35.675,0.85019,0.85045,2.02,1.00
2014.09.10 02:11:36.407,0.85015,0.85045,2.40,1.00
2014.09.10 02:11:37.983,0.85015,0.85046,2.02,1.37
2014.09.10 02:11:41.272,0.85015,0.85046,2.40,1.37
2014.09.10 02:11:44.224,0.85014,0.85046,2.40,1.37
2014.09.10 02:11:44.414,0.85014,0.85045,2.02,1.37
2014.09.10 02:11:44.514,0.85012,0.85045,2.40,1.37
2014.09.10 02:11:45.383,0.85011,0.85045,2.62,1.37
2014.09.10 02:11:47.388,0.85011,0.85043,3.00,2.02
2014.09.10 02:11:47.958,0.85011,0.85043,2.62,2.02
2014.09.10 02:11:48.734,0.85007,0.8504,3.00,1.12
2014.09.10 02:11:49.474,0.85007,0.85039,3.00,1.65
2014.09.10 02:11:50.627,0.85007,0.85039,3.00,2.02
2014.09.10 02:11:51.259,0.85004,0.85038,3.15,2.02
2014.09.10 02:11:55.118,0.85004,0.85038,3.15,2.02
2014.09.10 02:11:55.366,0.85004,0.85035,2.40,1.37
2014.09.10 02:11:55.524,0.85003,0.85035,1.65,1.00
2014.09.10 02:11:56.428,0.85003,0.85035,2.40,1.37
2014.09.10 02:11:57.200,0.85003,0.85035,2.40,1.37
2014.09.10 02:11:57.705,0.85002,0.85035,2.40,2.77
2014.09.10 02:11:57.935,0.85002,0.85035,2.40,2.77
2014.09.10 02:11:58.468,0.85004,0.85035,1.75,1.65
2014.09.10 02:11:59.077,0.85005,0.85036,1.50,2.02
2014.09.10 02:11:59.178,0.85005,0.85037,2.02,2.02
2014.09.10 02:11:59.278,0.85005,0.85037,2.40,1.65
2014.09.10 02:11:59.737,0.85005,0.85035,1.65,1.00
2014.09.10 02:11:59.793,0.85003,0.85035,1.65,1.00
2014.09.10 02:12:00.306,0.85002,0.85034,1.65,1.65
2014.09.10 02:12:03.751,0.85002,0.85034,2.40,2.02
2014.09.10 02:12:04.333,0.85002,0.85034,2.40,2.02
2014.09.10 02:12:05.855,0.85002,0.85034,2.40,2.02
2014.09.10 02:12:06.357,0.85002,0.85034,2.40,2.02
2014.09.10 02:12:10.978,0.85002,0.85034,2.02,2.02
2014.09.10 02:12:11.373,0.85002,0.85034,2.02,2.02
2014.09.10 02:12:20.101,0.85001,0.85034,2.40,2.02
2014.09.10 02:12:22.907,0.85001,0.85034,2.02,2.02
2014.09.10 02:12:23.058,0.85001,0.85034,2.02,2.40
2014.09.10 02:12:24.010,0.85001,0.85034,2.02,2.40
2014.09.10 02:12:24.358,0.85002,0.85035,2.02,3.15
2014.09.10 02:12:24.929,0.85002,0.85035,2.02,3.15
2014.09.10 02:12:25.920,0.85,0.8503,2.40,1.37
2014.09.10 02:12:28.022,0.84999,0.8503,1.35,1.37
2014.09.10 02:12:28.423,0.85,0.8503,2.02,1.12
2014.09.10 02:12:28.875,0.84998,0.8503,3.00,1.37
2014.09.10 02:12:28.925,0.84998,0.8503,2.62,1.37
2014.09.10 02:12:29.253,0.84998,0.85031,3.00,2.77
2014.09.10 02:12:29.573,0.84999,0.8503,1.67,1.00
2014.09.10 02:12:30.074,0.85,0.8503,3.75,1.12
2014.09.10 02:12:35.304,0.85005,0.85033,1.37,2.02
2014.09.10 02:12:35.404,0.85005,0.85035,1.37,2.77
2014.09.10 02:12:35.923,0.85005,0.85035,2.77,1.37
2014.09.10 02:12:36.267,0.85005,0.85035,2.77,1.00
2014.09.10 02:12:36.769,0.85005,0.85035,2.77,1.12
2014.09.10 02:12:36.871,0.85005,0.85035,2.77,1.37
2014.09.10 02:12:36.972,0.85005,0.85035,2.77,1.37
2014.09.10 02:12:38.583,0.85005,0.85035,2.77,1.37
2014.09.10 02:12:39.122,0.85005,0.85036,2.02,1.37
2014.09.10 02:12:40.543,0.85005,0.85035,1.37,1.37
2014.09.10 02:12:41.040,0.85005,0.85035,1.12,2.77
2014.09.10 02:12:41.141,0.85003,0.85035,2.02,1.75
2014.09.10 02:12:44.944,0.85004,0.85035,1.37,2.40
2014.09.10 02:12:45.479,0.85001,0.85034,2.02,2.02
2014.09.10 02:12:50.484,0.85,0.8503,3.37,1.37
2014.09.10 02:12:51.064,0.85,0.8503,2.10,1.00
2014.09.10 02:12:53.885,0.85,0.8503,2.10,1.12
2014.09.10 02:12:58.600,0.85,0.8503,3.75,1.37
2014.09.10 02:12:59.407,0.85001,0.8503,2.02,1.37
2014.09.10 02:12:59.751,0.84996,0.8502,1.67,1.00
2014.09.10 02:12:59.953,0.84994,0.85021,1.35,1.00
2014.09.10 02:13:00.154,0.8499,0.8502,1.75,1.00
2014.09.10 02:13:00.542,0.84989,0.8502,1.67,1.37
2014.09.10 02:13:00.843,0.84988,0.8502,3.00,1.37
2014.09.10 02:13:01.162,0.8499,0.8502,1.37,1.37
2014.09.10 02:13:05.348,0.8499,0.8502,1.37,1.37
2014.09.10 02:13:24.025,0.84989,0.8502,1.35,1.00
2014.09.10 02:13:24.429,0.8499,0.8502,2.77,1.37
2014.09.10 02:13:27.139,0.84989,0.8502,3.00,1.00
2014.09.10 02:13:27.240,0.84989,0.8502,3.00,1.12
2014.09.10 02:13:27.780,0.8499,0.85021,2.02,1.37
2014.09.10 02:13:33.892,0.8499,0.85021,2.40,1.37
2014.09.10 02:13:34.431,0.8499,0.8502,2.40,1.37
2014.09.10 02:13:34.830,0.8499,0.8502,2.02,1.37
2014.09.10 02:13:44.323,0.84989,0.85015,2.40,1.00
2014.09.10 02:13:45.642,0.84989,0.8502,2.40,1.37
2014.09.10 02:13:45.935,0.84989,0.85021,3.00,1.37
2014.09.10 02:13:46.448,0.8499,0.85023,2.02,2.02
2014.09.10 02:13:46.633,0.8499,0.8502,2.02,1.00
2014.09.10 02:13:47.071,0.8499,0.85023,2.02,2.02
2014.09.10 02:13:47.122,0.8499,0.85023,2.02,2.40
2014.09.10 02:13:47.539,0.8499,0.85023,2.40,2.02
2014.09.10 02:13:48.061,0.8499,0.8502,2.40,1.37
2014.09.10 02:13:48.711,0.8499,0.85023,2.02,2.40
2014.09.10 02:13:49.468,0.84989,0.85016,1.67,1.00
2014.09.10 02:13:50.391,0.8499,0.85021,2.02,1.37
2014.09.10 02:13:52.352,0.84989,0.85015,3.00,1.00
2014.09.10 02:13:52.453,0.84987,0.85015,3.00,1.00
2014.09.10 02:13:53.478,0.84988,0.85015,1.35,1.00
2014.09.10 02:13:54.012,0.84988,0.85021,3.00,3.15
2014.09.10 02:13:54.521,0.84989,0.8502,1.67,2.77
2014.09.10 02:13:55.648,0.84989,0.8502,3.00,1.37
2014.09.10 02:13:56.661,0.84989,0.8502,1.67,1.37
2014.09.10 02:13:59.091,0.84988,0.8502,1.35,2.77
2014.09.10 02:13:59.613,0.84988,0.85015,1.35,1.00
2014.09.10 02:14:00.363,0.84987,0.85015,3.00,1.00
2014.09.10 02:14:01.520,0.84987,0.8502,3.00,2.02
2014.09.10 02:14:02.212,0.84989,0.8502,1.67,2.77
2014.09.10 02:14:03.576,0.84989,0.8502,1.35,2.77
2014.09.10 02:14:04.201,0.84989,0.85021,1.67,2.77
2014.09.10 02:14:05.284,0.84988,0.8502,3.00,1.37
2014.09.10 02:14:06.025,0.84989,0.8502,1.67,1.37
2014.09.10 02:14:08.597,0.84989,0.85021,1.35,2.77
2014.09.10 02:14:09.194,0.8499,0.8502,3.15,1.37
2014.09.10 02:14:10.497,0.8499,0.85021,2.02,1.37
2014.09.10 02:14:11.035,0.8499,0.8502,1.37,1.37
2014.09.10 02:14:13.103,0.8499,0.8502,1.37,1.37
2014.09.10 02:14:13.442,0.84985,0.85016,1.35,1.37
2014.09.10 02:14:13.734,0.84987,0.85015,1.30,2.77
2014.09.10 02:14:13.948,0.84976,0.8501,1.35,1.12
2014.09.10 02:14:14.452,0.8498,0.8501,1.50,1.37
2014.09.10 02:14:15.648,0.8498,0.85014,1.50,2.02
2014.09.10 02:14:15.748,0.8498,0.85015,1.75,1.37
2014.09.10 02:14:15.849,0.8498,0.85015,1.75,1.37
2014.09.10 02:14:16.721,0.8498,0.85015,1.75,1.37
2014.09.10 02:14:17.813,0.8498,0.85015,1.75,1.37
2014.09.10 02:14:18.615,0.8498,0.85015,1.75,1.37
2014.09.10 02:14:20.418,0.8498,0.85015,1.75,1.37
2014.09.10 02:14:21.157,0.8498,0.85015,1.75,1.37
2014.09.10 02:14:21.924,0.84975,0.85016,1.35,1.37
2014.09.10 02:14:22.024,0.84975,0.85016,1.35,1.12
2014.09.10 02:14:22.365,0.8498,0.85015,1.37,1.00
2014.09.10 02:14:25.352,0.8498,0.85016,2.02,1.00
2014.09.10 02:14:25.537,0.8498,0.85016,2.40,1.37
2014.09.10 02:14:25.847,0.8498,0.85016,2.40,1.50
2014.09.10 02:14:26.052,0.84983,0.85016,2.40,1.00
2014.09.10 02:14:26.163,0.84982,0.85015,2.40,1.37
2014.09.10 02:14:26.273,0.84983,0.8502,2.02,1.75
2014.09.10 02:14:26.651,0.84981,0.85015,2.02,1.00
2014.09.10 02:14:27.330,0.8498,0.85016,2.02,1.00
2014.09.10 02:14:29.749,0.8498,0.85016,2.40,1.50
2014.09.10 02:14:30.571,0.8498,0.85015,1.37,1.37
2014.09.10 02:14:30.672,0.8498,0.8501,1.75,1.37
2014.09.10 02:14:30.986,0.8498,0.8501,1.37,1.37
2014.09.10 02:14:31.661,0.8498,0.8501,1.12,2.77
2014.09.10 02:14:31.790,0.8498,0.8501,1.12,3.15
2014.09.10 02:14:32.112,0.84971,0.8501,2.40,3.15
2014.09.10 02:14:32.720,0.84975,0.85005,1.75,1.37
2014.09.10 02:14:36.183,0.84979,0.85011,1.37,3.15
2014.09.10 02:14:36.612,0.84974,0.85006,3.15,1.37
2014.09.10 02:14:38.975,0.84975,0.85005,1.50,1.37
2014.09.10 02:14:39.176,0.8497,0.85005,3.75,1.37
2014.09.10 02:14:43.686,0.84971,0.85006,2.40,1.37
2014.09.10 02:14:44.212,0.84975,0.85009,1.75,2.40
2014.09.10 02:14:46.731,0.84975,0.8501,3.15,1.37
2014.09.10 02:14:46.848,0.84975,0.85005,3.15,1.00
2014.09.10 02:14:47.221,0.84976,0.85009,2.40,2.02
2014.09.10 02:14:49.301,0.84976,0.85006,2.40,1.00
2014.09.10 02:14:49.897,0.84976,0.85005,2.40,1.00
2014.09.10 02:14:50.760,0.84976,0.85009,2.40,2.02
2014.09.10 02:14:50.811,0.84976,0.85009,2.40,2.02
2014.09.10 02:14:51.031,0.84975,0.85007,2.40,2.02
2014.09.10 02:14:51.144,0.84975,0.85005,3.15,1.00
2014.09.10 02:14:51.614,0.84976,0.85005,2.02,1.00
2014.09.10 02:14:51.859,0.84977,0.85005,2.40,1.00
2014.09.10 02:14:53.240,0.84976,0.85005,3.00,1.12
2014.09.10 02:14:54.781,0.84976,0.85008,2.62,2.02
2014.09.10 02:14:56.070,0.84975,0.85007,1.37,2.02
2014.09.10 02:14:56.863,0.84972,0.85005,2.02,2.02
2014.09.10 02:14:57.289,0.84971,0.85,2.40,1.00
2014.09.10 02:14:57.830,0.8497,0.85,3.75,1.00
2014.09.10 02:14:58.132,0.8497,0.85005,3.75,2.77
2014.09.10 02:14:59.229,0.8497,0.85,3.75,1.00
2014.09.10 02:14:59.449,0.8497,0.85005,3.75,2.77
2014.09.10 02:14:59.562,0.8497,0.85,3.75,1.00
2014.09.10 02:14:59.712,0.84971,0.85005,2.40,1.37
2014.09.10 02:15:00.457,0.84971,0.85004,2.40,2.02
2014.09.10 02:15:00.712,0.84974,0.85004,1.75,1.65
2014.09.10 02:15:00.827,0.84974,0.85004,1.75,2.02
2014.09.10 02:15:01.542,0.84973,0.85,2.40,1.00
2014.09.10 02:15:01.911,0.84971,0.85,2.40,1.00
2014.09.10 02:15:02.132,0.84974,0.85004,1.37,2.02
2014.09.10 02:15:02.301,0.84974,0.85002,1.12,2.02
2014.09.10 02:15:02.602,0.84975,0.85001,1.00,2.40
2014.09.10 02:15:02.903,0.84967,0.84998,1.35,2.02
2014.09.10 02:15:03.452,0.8497,0.84996,1.72,2.02
2014.09.10 02:15:03.752,0.84965,0.84995,2.77,1.37
2014.09.10 02:15:04.323,0.84965,0.84992,1.00,2.02
2014.09.10 02:15:04.645,0.84957,0.8499,1.35,2.77
2014.09.10 02:15:05.382,0.8496,0.8499,1.37,1.37
2014.09.10 02:15:05.433,0.8496,0.8499,1.37,1.12
2014.09.10 02:15:05.615,0.8496,0.8499,1.50,1.00
2014.09.10 02:15:06.161,0.84959,0.84991,1.75,2.40
2014.09.10 02:15:06.711,0.84959,0.8499,1.50,1.65
2014.09.10 02:15:07.142,0.84959,0.84988,1.50,1.65
2014.09.10 02:15:07.362,0.84959,0.8499,1.50,1.65
2014.09.10 02:15:07.783,0.8496,0.8499,1.75,1.37
2014.09.10 02:15:08.465,0.8496,0.8499,1.75,1.00
2014.09.10 02:15:09.022,0.84961,0.84993,2.40,2.02
2014.09.10 02:15:09.754,0.84963,0.84995,2.40,2.77
2014.09.10 02:15:10.162,0.84961,0.8499,3.00,1.00
2014.09.10 02:15:10.342,0.84961,0.84993,3.00,2.02
2014.09.10 02:15:11.160,0.84965,0.84994,1.00,1.65
2014.09.10 02:15:11.265,0.84964,0.84996,1.12,3.15
2014.09.10 02:15:11.813,0.8496,0.8499,1.60,1.00
2014.09.10 02:15:12.141,0.84951,0.8498,1.35,1.00
2014.09.10 02:15:12.302,0.8495,0.8498,1.60,1.00
2014.09.10 02:15:12.353,0.84949,0.84986,1.72,1.00
2014.09.10 02:15:12.543,0.84955,0.84985,1.00,1.00
2014.09.10 02:15:14.193,0.84955,0.8499,1.00,1.37
2014.09.10 02:15:14.302,0.84955,0.84985,1.00,1.00
2014.09.10 02:15:14.523,0.8495,0.84985,1.35,1.00
2014.09.10 02:15:14.781,0.84955,0.84985,1.00,1.00
2014.09.10 02:15:14.852,0.84954,0.84991,1.00,1.37
2014.09.10 02:15:14.903,0.84954,0.84991,1.37,1.75
2014.09.10 02:15:15.231,0.84955,0.8499,1.37,1.75
2014.09.10 02:15:15.287,0.84955,0.8499,1.37,1.75
2014.09.10 02:15:15.789,0.84955,0.84985,1.97,1.37
2014.09.10 02:15:15.890,0.84955,0.84985,1.97,1.37
2014.09.10 02:15:16.003,0.8496,0.8499,1.37,1.75
2014.09.10 02:15:16.542,0.8496,0.8499,1.37,1.50
2014.09.10 02:15:17.069,0.8496,0.8499,1.37,1.37
2014.09.10 02:15:18.404,0.84959,0.84991,1.37,1.37
2014.09.10 02:15:19.415,0.84955,0.8499,2.10,1.50
2014.09.10 02:15:19.932,0.84956,0.8499,1.35,1.50
2014.09.10 02:15:20.673,0.84956,0.8499,1.35,1.37
2014.09.10 02:15:21.035,0.84959,0.8499,2.02,1.37
2014.09.10 02:15:21.353,0.84959,0.84991,2.77,1.37
2014.09.10 02:15:21.453,0.84958,0.8499,2.02,1.37
2014.09.10 02:15:21.920,0.84964,0.84994,1.00,1.35
2014.09.10 02:15:23.651,0.84959,0.84994,1.37,1.35
2014.09.10 02:15:24.653,0.84964,0.84994,1.00,1.35
2014.09.10 02:15:25.212,0.8496,0.8499,1.37,1.37
2014.09.10 02:15:26.061,0.8496,0.8499,1.37,1.37
2014.09.10 02:15:26.364,0.8496,0.84994,1.37,1.35
2014.09.10 02:15:28.973,0.8496,0.8499,1.37,1.37
2014.09.10 02:15:29.424,0.84964,0.84994,1.37,1.35
2014.09.10 02:15:29.726,0.84961,0.84994,2.02,3.00
2014.09.10 02:15:30.192,0.84959,0.84991,1.00,1.75
2014.09.10 02:15:30.292,0.84959,0.84991,1.00,1.00
2014.09.10 02:15:30.801,0.8496,0.8499,1.00,1.00
2014.09.10 02:15:31.191,0.8496,0.8499,1.37,1.50
2014.09.10 02:15:31.582,0.8496,0.8499,1.12,1.75
2014.09.10 02:15:32.144,0.8496,0.8499,1.37,1.75
2014.09.10 02:15:32.480,0.8496,0.8499,1.37,1.37
2014.09.10 02:15:33.139,0.8496,0.8499,1.37,1.37
2014.09.10 02:15:33.492,0.8496,0.8499,2.77,1.37
2014.09.10 02:15:33.832,0.84961,0.8499,2.02,1.37
2014.09.10 02:15:33.935,0.84965,0.84995,1.37,1.37
2014.09.10 02:15:34.394,0.84963,0.84995,2.62,1.37
2014.09.10 02:15:35.070,0.84963,0.84995,2.62,1.50
2014.09.10 02:15:36.819,0.84963,0.84994,1.30,2.02
2014.09.10 02:15:37.343,0.84963,0.84995,1.30,3.15
2014.09.10 02:15:37.908,0.84962,0.84995,2.25,3.15
2014.09.10 02:15:38.441,0.84962,0.84994,2.62,2.40
2014.09.10 02:15:38.943,0.84961,0.84993,2.02,2.02
2014.09.10 02:15:39.397,0.84961,0.84993,2.02,2.02
2014.09.10 02:15:39.762,0.84962,0.84994,2.02,2.02
2014.09.10 02:15:40.627,0.84962,0.84994,2.02,2.02
2014.09.10 02:15:40.831,0.84961,0.84993,2.02,2.02
2014.09.10 02:15:41.334,0.84961,0.84993,2.02,2.40
2014.09.10 02:15:41.441,0.84961,0.84993,2.02,2.02
2014.09.10 02:15:42.244,0.84961,0.84993,2.02,2.02
2014.09.10 02:15:42.848,0.84961,0.84993,1.65,2.02
2014.09.10 02:15:42.951,0.84961,0.84993,2.02,2.02
2014.09.10 02:15:43.404,0.84961,0.84995,2.02,1.50
2014.09.10 02:15:47.181,0.84963,0.84995,2.02,2.77
2014.09.10 02:15:48.090,0.84961,0.84995,2.02,1.37
2014.09.10 02:15:48.594,0.84961,0.84995,2.40,1.37
2014.09.10 02:15:49.032,0.84965,0.84997,1.12,2.02
2014.09.10 02:15:49.231,0.84965,0.84996,1.37,2.02
2014.09.10 02:15:49.604,0.84963,0.84995,2.02,1.37
2014.09.10 02:15:50.913,0.84963,0.84995,2.02,1.37
2014.09.10 02:15:56.667,0.84961,0.84995,2.40,1.37
2014.09.10 02:15:57.235,0.84964,0.84995,2.02,1.37
2014.09.10 02:16:01.902,0.84963,0.84995,2.02,1.37
2014.09.10 02:16:02.982,0.84965,0.84997,1.12,2.02
2014.09.10 02:16:03.083,0.84965,0.84997,1.37,2.40
2014.09.10 02:16:03.690,0.84964,0.84996,2.77,1.37
2014.09.10 02:16:04.493,0.84964,0.84996,2.77,1.37
2014.09.10 02:16:04.898,0.84964,0.84996,1.65,1.50
2014.09.10 02:16:05.486,0.84965,0.84995,1.00,1.37
2014.09.10 02:16:06.008,0.84965,0.84995,1.00,1.50
2014.09.10 02:16:06.526,0.84965,0.84995,1.00,1.37
2014.09.10 02:16:07.101,0.84965,0.84995,1.37,1.37
2014.09.10 02:16:07.650,0.84965,0.84997,1.37,2.40
2014.09.10 02:16:11.650,0.84965,0.84997,1.37,2.40
2014.09.10 02:16:12.162,0.84964,0.84995,2.02,1.50
2014.09.10 02:16:13.365,0.84965,0.84995,1.37,1.37
2014.09.10 02:16:18.201,0.84965,0.84995,1.37,1.37
2014.09.10 02:16:18.743,0.84966,0.84995,2.02,1.37
2014.09.10 02:16:19.560,0.8497,0.85001,1.37,2.40
2014.09.10 02:16:19.879,0.84971,0.85004,2.02,2.40
2014.09.10 02:16:20.208,0.84973,0.85006,2.02,2.40
2014.09.10 02:16:22.739,0.84973,0.85005,2.02,1.37
2014.09.10 02:16:23.309,0.84972,0.85005,2.02,3.15
2014.09.10 02:16:25.363,0.84972,0.85,2.02,1.37
2014.09.10 02:16:26.379,0.84973,0.85005,2.02,1.37
2014.09.10 02:16:30.772,0.84975,0.85005,2.02,1.37
2014.09.10 02:16:31.686,0.84975,0.85006,2.02,1.50
2014.09.10 02:16:36.362,0.84973,0.85,2.02,1.00
2014.09.10 02:16:36.866,0.84973,0.85,2.02,1.12
2014.09.10 02:16:38.833,0.84973,0.85,2.02,1.00
2014.09.10 02:16:39.769,0.84973,0.85005,2.02,1.37
2014.09.10 02:16:44.369,0.84973,0.85006,2.02,3.15
2014.09.10 02:16:49.385,0.84975,0.85007,2.02,2.40
2014.09.10 02:16:50.592,0.84975,0.85007,2.02,2.40
2014.09.10 02:16:55.332,0.84975,0.85007,2.02,2.40
2014.09.10 02:16:55.659,0.84975,0.85008,3.15,2.40
2014.09.10 02:16:56.444,0.84976,0.85009,2.02,2.02
2014.09.10 02:16:57.386,0.84974,0.85008,1.75,2.02
2014.09.10 02:17:01.109,0.84977,0.85011,2.40,2.77
2014.09.10 02:17:01.463,0.84981,0.85014,2.40,2.02
2014.09.10 02:17:02.179,0.84982,0.85014,2.40,1.65
2014.09.10 02:17:02.723,0.84989,0.8502,1.50,2.02
2014.09.10 02:17:02.924,0.84987,0.8502,1.67,2.02
2014.09.10 02:17:02.986,0.84985,0.8502,2.25,1.65
2014.09.10 02:17:03.620,0.84985,0.85019,1.60,1.65
2014.09.10 02:17:03.671,0.84984,0.85015,2.25,1.00
2014.09.10 02:17:04.119,0.84985,0.85015,1.35,2.77
2014.09.10 02:17:04.449,0.84983,0.85015,1.35,2.77
2014.09.10 02:17:04.946,0.8498,0.85015,3.00,3.15
2014.09.10 02:17:05.208,0.8498,0.85015,2.62,3.15
2014.09.10 02:17:05.729,0.8498,0.85013,2.62,2.02
2014.09.10 02:17:06.296,0.8498,0.85013,2.62,2.02
2014.09.10 02:17:08.436,0.8498,0.8501,2.40,1.12
2014.09.10 02:17:08.751,0.8498,0.85013,2.40,2.02
2014.09.10 02:17:09.748,0.84979,0.85012,2.40,1.65
2014.09.10 02:17:09.799,0.84983,0.85015,2.40,1.00
2014.09.10 02:17:09.899,0.84984,0.85015,2.02,1.00
2014.09.10 02:17:11.051,0.84986,0.85015,2.40,1.00
2014.09.10 02:17:11.558,0.84986,0.85015,2.02,1.00
2014.09.10 02:17:11.660,0.84986,0.85015,2.40,1.00
2014.09.10 02:17:13.321,0.84986,0.85018,2.40,2.02
2014.09.10 02:17:13.538,0.84986,0.85015,2.40,1.00
2014.09.10 02:17:15.109,0.84986,0.85019,2.40,2.02
2014.09.10 02:17:15.210,0.84989,0.8502,2.40,1.12
2014.09.10 02:17:15.318,0.8499,0.85024,3.15,1.65
2014.09.10 02:17:15.419,0.84992,0.85024,2.40,2.02
2014.09.10 02:17:15.519,0.84993,0.85025,2.40,1.37
2014.09.10 02:17:15.720,0.84994,0.85026,1.65,1.65
2014.09.10 02:17:16.379,0.84994,0.85029,1.65,1.65
2014.09.10 02:17:17.228,0.84994,0.85029,2.40,2.02
2014.09.10 02:17:18.626,0.84995,0.8503,3.75,2.77
2014.09.10 02:17:19.397,0.84997,0.8503,2.40,2.77
2014.09.10 02:17:21.411,0.84996,0.85029,2.40,2.02
2014.09.10 02:17:22.523,0.84996,0.85029,2.40,2.02
2014.09.10 02:17:22.875,0.84997,0.8503,2.25,1.65
2014.09.10 02:17:22.988,0.85,0.8503,1.65,1.00
2014.09.10 02:17:23.139,0.85001,0.85036,1.65,1.00
2014.09.10 02:17:23.340,0.85002,0.8503,1.65,1.00
2014.09.10 02:17:25.546,0.85002,0.8503,2.40,1.00
2014.09.10 02:17:25.995,0.85002,0.8503,2.40,1.00
2014.09.10 02:17:26.763,0.85002,0.8503,2.40,1.00
2014.09.10 02:17:27.083,0.85002,0.8503,2.02,1.00
2014.09.10 02:17:27.184,0.85005,0.85035,1.65,1.00
2014.09.10 02:17:27.387,0.85008,0.85035,1.65,1.00
2014.09.10 02:17:27.538,0.85011,0.8504,1.65,1.00
2014.09.10 02:17:28.083,0.85012,0.8504,1.65,1.00
2014.09.10 02:17:29.426,0.85012,0.85046,1.65,1.00
2014.09.10 02:17:29.835,0.85015,0.85045,1.00,1.00
2014.09.10 02:17:30.162,0.85015,0.85045,1.37,1.37
2014.09.10 02:17:30.664,0.85015,0.85045,1.37,1.37
2014.09.10 02:17:32.177,0.85011,0.85045,2.40,1.37
2014.09.10 02:17:33.169,0.85011,0.85045,2.40,1.37
2014.09.10 02:17:33.694,0.85011,0.85045,2.40,1.37
2014.09.10 02:17:34.171,0.85011,0.85045,2.40,1.37
2014.09.10 02:17:34.271,0.85011,0.85045,2.40,1.37
2014.09.10 02:17:35.474,0.85011,0.85045,2.40,1.37
2014.09.10 02:17:38.381,0.85011,0.85046,2.40,1.37
2014.09.10 02:17:39.388,0.85012,0.85046,2.40,1.37
2014.09.10 02:17:39.489,0.8501,0.85045,1.75,1.50
2014.09.10 02:17:39.589,0.85009,0.85046,2.40,1.00
2014.09.10 02:17:39.640,0.85013,0.8504,1.65,1.00
2014.09.10 02:17:39.700,0.8501,0.8504,2.40,1.00
2014.09.10 02:17:39.751,0.8501,0.85043,2.40,1.65
2014.09.10 02:17:40.291,0.85014,0.85047,1.00,1.65
2014.09.10 02:17:40.442,0.85011,0.85048,1.65,1.65
2014.09.10 02:17:40.593,0.85014,0.8505,1.65,2.77
2014.09.10 02:17:41.033,0.85017,0.85051,1.65,1.00
2014.09.10 02:17:41.589,0.85016,0.85051,1.65,1.00
2014.09.10 02:17:42.147,0.85016,0.8505,1.65,1.00
2014.09.10 02:17:42.697,0.85016,0.8505,2.40,1.37
2014.09.10 02:17:43.267,0.85016,0.8505,2.40,1.37
2014.09.10 02:17:45.632,0.85018,0.85051,1.35,1.37
2014.09.10 02:17:46.134,0.8502,0.85055,1.50,3.15
2014.09.10 02:17:46.657,0.85017,0.85054,2.40,2.02
2014.09.10 02:17:47.227,0.85019,0.85055,2.40,2.77
2014.09.10 02:17:47.379,0.8502,0.85055,1.35,2.77
2014.09.10 02:17:47.480,0.85025,0.85059,1.37,2.40
2014.09.10 02:17:47.797,0.85025,0.85059,1.50,2.02
2014.09.10 02:17:48.768,0.85025,0.8506,3.15,1.37
2014.09.10 02:17:49.070,0.8503,0.85062,1.50,2.02
2014.09.10 02:17:49.589,0.8503,0.85062,1.37,2.02
2014.09.10 02:17:49.689,0.85026,0.85062,2.40,2.02
2014.09.10 02:17:49.890,0.85026,0.85061,2.40,1.12
2014.09.10 02:17:50.529,0.85026,0.8506,2.40,1.00
2014.09.10 02:17:50.908,0.85026,0.8506,2.40,1.37
2014.09.10 02:17:51.398,0.85032,0.85065,2.62,3.15
2014.09.10 02:17:51.730,0.85035,0.85065,1.37,2.77
2014.09.10 02:17:52.574,0.85035,0.85065,1.37,2.77
2014.09.10 02:17:53.076,0.85033,0.85065,2.02,1.37
2014.09.10 02:17:53.783,0.85035,0.85065,3.37,1.37
2014.09.10 02:17:55.199,0.85035,0.85068,3.37,2.40
2014.09.10 02:17:56.519,0.85034,0.85065,2.62,1.37
2014.09.10 02:17:56.620,0.85034,0.85067,3.00,1.65
2014.09.10 02:17:56.670,0.85033,0.85065,2.25,1.00
2014.09.10 02:17:57.051,0.85033,0.8506,2.25,1.00
2014.09.10 02:17:57.102,0.85031,0.85064,2.25,1.65
2014.09.10 02:17:57.252,0.85031,0.8506,2.25,1.00
2014.09.10 02:17:57.510,0.85031,0.8506,1.65,1.00
2014.09.10 02:17:57.661,0.85025,0.85058,3.37,1.65
2014.09.10 02:17:57.762,0.85025,0.85055,3.37,1.00
2014.09.10 02:17:58.225,0.85025,0.85055,3.00,1.00
2014.09.10 02:17:59.058,0.85024,0.85056,3.00,1.65
2014.09.10 02:18:00.148,0.85025,0.85056,1.97,2.02
2014.09.10 02:18:00.249,0.85025,0.85055,2.10,1.37
2014.09.10 02:18:00.349,0.85025,0.85055,1.60,2.40
2014.09.10 02:18:00.608,0.85024,0.85053,1.60,1.65
2014.09.10 02:18:00.909,0.85021,0.85051,2.10,2.40
2014.09.10 02:18:01.421,0.85021,0.8505,2.10,1.00
2014.09.10 02:18:02.267,0.85025,0.85054,1.60,1.65
2014.09.10 02:18:03.038,0.85025,0.85055,1.60,1.00
2014.09.10 02:18:04.112,0.85026,0.85055,1.30,1.75
2014.09.10 02:18:04.721,0.85026,0.85051,1.30,1.37
2014.09.10 02:18:05.686,0.85021,0.85054,2.47,2.40
2014.09.10 02:18:05.887,0.85019,0.85049,1.00,2.02
2014.09.10 02:18:05.937,0.85015,0.85045,1.37,1.37
2014.09.10 02:18:06.439,0.85014,0.85049,1.37,2.40
2014.09.10 02:18:06.697,0.85014,0.85049,1.37,2.02
2014.09.10 02:18:06.848,0.85015,0.85049,1.00,1.65
2014.09.10 02:18:06.898,0.8502,0.85053,1.00,2.02
2014.09.10 02:18:07.149,0.85015,0.85053,2.40,2.02
2014.09.10 02:18:07.559,0.85021,0.85051,1.65,1.00
2014.09.10 02:18:07.659,0.85018,0.85051,1.65,1.00
2014.09.10 02:18:07.710,0.8502,0.85053,1.00,2.02
2014.09.10 02:18:08.108,0.85021,0.8505,1.65,1.00
2014.09.10 02:18:08.364,0.85022,0.85055,1.65,1.65
2014.09.10 02:18:08.645,0.85024,0.85055,1.65,1.00
2014.09.10 02:18:08.848,0.85022,0.85055,1.65,1.00
2014.09.10 02:18:09.328,0.85022,0.85057,1.65,1.65
2014.09.10 02:18:09.686,0.85023,0.85055,1.65,1.00
2014.09.10 02:18:10.002,0.85023,0.85055,2.02,1.37
2014.09.10 02:18:11.044,0.85024,0.85055,2.02,1.37
2014.09.10 02:18:11.540,0.85025,0.8506,2.02,1.75
2014.09.10 02:18:12.089,0.85025,0.85055,1.37,1.37
2014.09.10 02:18:16.162,0.85024,0.85056,2.02,1.37
2014.09.10 02:18:16.368,0.85023,0.85055,2.02,1.37
2014.09.10 02:18:16.510,0.85023,0.85055,2.02,1.37
2014.09.10 02:18:16.661,0.85021,0.85054,2.02,2.02
2014.09.10 02:18:16.711,0.85021,0.85054,2.02,2.40
2014.09.10 02:18:17.058,0.85021,0.8505,2.02,1.37
2014.09.10 02:18:17.108,0.85023,0.8505,1.65,1.37
2014.09.10 02:18:17.410,0.85025,0.8505,1.65,1.00
2014.09.10 02:18:17.460,0.85019,0.85046,1.65,1.00
2014.09.10 02:18:17.561,0.85016,0.8505,2.62,1.00
2014.09.10 02:18:17.762,0.85019,0.8505,1.65,1.00
2014.09.10 02:18:18.437,0.85018,0.85045,1.65,1.00
2014.09.10 02:18:18.875,0.8502,0.85045,1.65,1.00
2014.09.10 02:18:18.925,0.8502,0.8505,1.65,1.00
2014.09.10 02:18:20.457,0.8502,0.8505,2.02,1.37
2014.09.10 02:18:20.859,0.8502,0.8505,2.02,1.37
2014.09.10 02:18:22.541,0.8502,0.8505,2.02,1.37
2014.09.10 02:18:22.945,0.8502,0.85051,2.02,1.75
2014.09.10 02:18:23.449,0.8502,0.8505,2.02,1.37
2014.09.10 02:18:23.686,0.8502,0.8505,1.65,1.00
2014.09.10 02:18:24.956,0.8502,0.8505,2.02,1.37
2014.09.10 02:18:26.412,0.8502,0.85051,2.02,1.75
2014.09.10 02:18:26.464,0.8502,0.85051,2.02,1.75
2014.09.10 02:18:26.665,0.85019,0.8505,2.02,1.37
2014.09.10 02:18:26.766,0.85019,0.8505,2.02,1.75
2014.09.10 02:18:27.287,0.85019,0.85051,2.02,3.15
2014.09.10 02:18:27.473,0.85019,0.85051,2.02,3.15
2014.09.10 02:18:28.376,0.85019,0.8505,2.02,1.50
2014.09.10 02:18:28.477,0.85019,0.8505,2.02,1.50
2014.09.10 02:18:28.778,0.85019,0.8505,2.02,1.50
2014.09.10 02:18:29.984,0.85019,0.8505,2.02,1.50
2014.09.10 02:18:33.393,0.85019,0.8505,2.02,1.75
2014.09.10 02:18:34.824,0.85019,0.8505,2.02,1.37
2014.09.10 02:18:40.857,0.85017,0.85051,2.02,2.77
2014.09.10 02:18:40.958,0.85016,0.8505,2.62,2.02
2014.09.10 02:18:41.704,0.85016,0.85046,2.62,1.37
2014.09.10 02:18:43.843,0.85016,0.85046,2.62,1.37
2014.09.10 02:18:46.376,0.85015,0.85045,2.02,1.37
2014.09.10 02:18:46.686,0.85015,0.8504,2.02,1.00
2014.09.10 02:18:46.968,0.85013,0.8504,2.02,1.00
2014.09.10 02:18:47.476,0.85013,0.85041,2.02,1.00
2014.09.10 02:18:48.580,0.85013,0.8504,2.02,1.00
2014.09.10 02:18:50.117,0.85013,0.85041,2.02,1.00
2014.09.10 02:18:50.620,0.85013,0.8504,2.02,1.00
2014.09.10 02:18:52.321,0.85013,0.85041,2.02,1.00
2014.09.10 02:18:52.589,0.85013,0.8504,2.02,1.00
2014.09.10 02:18:52.649,0.85014,0.85045,2.02,1.37
2014.09.10 02:18:56.157,0.85015,0.85046,2.02,1.37
2014.09.10 02:18:57.379,0.85015,0.8504,2.02,1.00
2014.09.10 02:18:58.696,0.85015,0.85045,2.02,1.37
2014.09.10 02:19:03.070,0.85014,0.85047,2.77,2.40
2014.09.10 02:19:04.204,0.85013,0.85045,2.02,3.15
2014.09.10 02:19:04.683,0.85013,0.85046,2.02,2.40
2014.09.10 02:19:04.926,0.85015,0.85045,1.12,2.02
2014.09.10 02:19:05.217,0.85015,0.85045,1.37,1.50
2014.09.10 02:19:05.277,0.85015,0.85045,1.37,1.37
2014.09.10 02:19:05.578,0.85015,0.85045,1.12,1.50
2014.09.10 02:19:06.079,0.85014,0.85045,1.37,2.40
2014.09.10 02:19:06.726,0.85015,0.85045,1.12,1.50
2014.09.10 02:19:09.988,0.85015,0.85045,1.37,1.37
2014.09.10 02:19:10.589,0.85015,0.85045,1.12,1.50
2014.09.10 02:19:10.890,0.85015,0.85045,1.12,1.37
2014.09.10 02:19:11.414,0.85015,0.85045,2.77,1.37
2014.09.10 02:19:12.109,0.85016,0.85045,2.02,1.37
2014.09.10 02:19:12.696,0.85017,0.85049,2.02,2.02
2014.09.10 02:19:15.556,0.85017,0.85045,2.02,1.00
2014.09.10 02:19:16.365,0.85017,0.85049,2.02,2.02
2014.09.10 02:19:18.232,0.85017,0.85049,2.02,2.02
2014.09.10 02:19:18.445,0.85017,0.85049,2.02,2.40
2014.09.10 02:19:19.005,0.85016,0.85049,2.02,2.40
2014.09.10 02:19:19.666,0.85016,0.85049,2.02,2.02
2014.09.10 02:19:20.438,0.85016,0.85049,2.02,2.40
2014.09.10 02:19:20.639,0.85016,0.85046,2.02,1.12
2014.09.10 02:19:20.740,0.85015,0.85046,2.02,1.37
2014.09.10 02:19:21.086,0.85016,0.85045,2.02,1.37
2014.09.10 02:19:21.643,0.85016,0.85049,2.02,2.40
2014.09.10 02:19:21.848,0.85016,0.85045,2.02,1.37
2014.09.10 02:19:22.236,0.85011,0.85045,2.40,1.75
2014.09.10 02:19:22.568,0.85011,0.85045,2.02,1.75
2014.09.10 02:19:22.748,0.85011,0.85045,1.65,1.00
2014.09.10 02:19:22.899,0.85014,0.85045,1.65,1.00
2014.09.10 02:19:23.200,0.85016,0.8505,1.65,1.37
2014.09.10 02:19:23.751,0.85016,0.8505,2.02,1.75
2014.09.10 02:19:24.253,0.8502,0.8505,1.12,1.75
2014.09.10 02:19:26.760,0.8502,0.8505,1.00,3.15
2014.09.10 02:19:27.066,0.8502,0.8505,1.00,3.15
2014.09.10 02:19:27.116,0.85015,0.8505,1.37,3.15
2014.09.10 02:19:29.189,0.85015,0.85051,2.40,1.75
2014.09.10 02:19:32.619,0.85015,0.8505,3.75,1.75
2014.09.10 02:19:32.782,0.85015,0.8505,3.37,1.75
2014.09.10 02:19:34.386,0.85015,0.85054,3.00,2.40
2014.09.10 02:19:39.596,0.85016,0.8505,2.02,1.75
2014.09.10 02:19:44.411,0.85015,0.8505,3.37,1.75
2014.09.10 02:19:44.646,0.85015,0.8505,3.37,1.75
2014.09.10 02:19:44.746,0.85015,0.8505,3.37,1.75
2014.09.10 02:19:45.048,0.85015,0.85045,1.30,1.75
2014.09.10 02:19:45.118,0.85012,0.85045,2.25,1.00
2014.09.10 02:19:45.815,0.85012,0.85046,2.25,1.00
2014.09.10 02:19:46.326,0.85012,0.85045,2.25,1.00
2014.09.10 02:19:46.546,0.85012,0.85041,2.25,1.00
2014.09.10 02:19:46.596,0.85012,0.85041,1.65,1.00
2014.09.10 02:19:46.647,0.85013,0.85041,1.65,1.37
2014.09.10 02:19:47.149,0.8501,0.85045,2.77,1.75
2014.09.10 02:19:47.757,0.8501,0.8504,2.02,1.37
2014.09.10 02:19:48.296,0.85011,0.85045,2.02,1.75
2014.09.10 02:19:48.746,0.85015,0.85047,1.00,2.40
2014.09.10 02:19:48.846,0.85015,0.85048,2.40,2.40
2014.09.10 02:19:48.947,0.85015,0.85048,2.02,2.40
2014.09.10 02:19:49.338,0.85017,0.8505,2.02,1.75
2014.09.10 02:19:49.389,0.85017,0.8505,2.02,1.37
2014.09.10 02:19:49.489,0.85016,0.85051,2.02,1.00
2014.09.10 02:19:49.553,0.85016,0.85055,2.02,2.40
2014.09.10 02:19:49.656,0.85018,0.8505,1.65,1.00
2014.09.10 02:19:50.097,0.85021,0.8505,1.65,1.00
2014.09.10 02:19:50.276,0.85017,0.8505,1.65,1.00
2014.09.10 02:19:50.547,0.8502,0.85055,1.00,1.00
2014.09.10 02:19:51.273,0.8502,0.85055,1.37,3.15
2014.09.10 02:19:57.186,0.85017,0.85055,2.02,2.02
2014.09.10 02:19:57.337,0.85019,0.85055,2.02,3.15
2014.09.10 02:19:58.029,0.85018,0.8505,2.02,1.37
2014.09.10 02:20:04.858,0.85018,0.8505,2.02,1.37
2014.09.10 02:20:05.059,0.85017,0.85045,2.02,1.00
2014.09.10 02:20:05.427,0.85017,0.85045,2.02,1.00
2014.09.10 02:20:05.849,0.85016,0.85045,2.02,1.37
2014.09.10 02:20:06.037,0.85016,0.8504,2.02,1.00
2014.09.10 02:20:06.546,0.85015,0.8504,2.02,1.00
2014.09.10 02:20:06.597,0.85015,0.85045,2.02,1.37
2014.09.10 02:20:07.558,0.85013,0.8504,2.40,1.00
2014.09.10 02:20:08.063,0.85014,0.8504,2.40,1.00
2014.09.10 02:20:08.260,0.85014,0.85045,2.40,1.12
2014.09.10 02:20:08.310,0.85014,0.85045,2.02,1.37
2014.09.10 02:20:08.511,0.85015,0.85045,2.02,1.37
2014.09.10 02:20:08.612,0.85015,0.85045,2.40,1.37
2014.09.10 02:20:09.115,0.85017,0.8505,2.02,3.15
2014.09.10 02:20:09.448,0.85017,0.85045,2.02,1.37
2014.09.10 02:20:09.499,0.85017,0.85045,2.02,1.37
2014.09.10 02:20:10.088,0.85015,0.8504,2.02,1.00
2014.09.10 02:20:10.308,0.85015,0.85045,2.02,1.37
2014.09.10 02:20:10.813,0.85015,0.85045,2.02,1.37
2014.09.10 02:20:11.186,0.85016,0.85045,2.02,1.37
2014.09.10 02:20:11.892,0.85015,0.8504,2.02,1.00
2014.09.10 02:20:12.727,0.85015,0.85045,2.02,1.37
2014.09.10 02:20:12.823,0.85015,0.85045,2.02,1.37
2014.09.10 02:20:13.262,0.85016,0.85051,2.02,3.15
2014.09.10 02:20:15.030,0.85016,0.85051,2.02,3.15
2014.09.10 02:20:15.574,0.85016,0.85051,2.02,3.15
2014.09.10 02:20:16.137,0.85015,0.85045,2.02,1.37
2014.09.10 02:20:16.836,0.85015,0.85045,2.02,1.37
2014.09.10 02:20:17.167,0.85015,0.8505,2.02,1.75
2014.09.10 02:20:18.873,0.85015,0.8505,2.02,1.75
2014.09.10 02:20:27.877,0.85015,0.8505,2.77,1.37
2014.09.10 02:20:28.134,0.85017,0.85045,2.02,1.00
2014.09.10 02:20:28.185,0.85017,0.85045,2.02,1.00
2014.09.10 02:20:28.755,0.85017,0.8505,2.02,1.37
2014.09.10 02:20:28.805,0.8502,0.8505,1.00,1.37
2014.09.10 02:20:29.062,0.8502,0.8505,1.12,1.37
2014.09.10 02:20:29.466,0.8502,0.8505,1.65,1.37
2014.09.10 02:20:29.600,0.85019,0.8505,1.65,1.00
2014.09.10 02:20:29.700,0.85017,0.8505,1.65,1.00
2014.09.10 02:20:29.801,0.85016,0.85045,1.65,1.00
2014.09.10 02:20:29.901,0.85013,0.85045,1.65,1.00
2014.09.10 02:20:30.126,0.85011,0.85046,2.25,1.00
2014.09.10 02:20:30.656,0.85012,0.85045,1.65,1.00
2014.09.10 02:20:32.370,0.85012,0.85045,2.40,1.37
2014.09.10 02:20:33.772,0.85012,0.85045,2.02,1.12
2014.09.10 02:20:33.872,0.85012,0.85045,2.40,1.37
2014.09.10 02:20:35.775,0.85012,0.85045,2.40,1.37
2014.09.10 02:20:36.088,0.85012,0.85041,2.40,1.12
2014.09.10 02:20:36.675,0.85012,0.85041,2.02,1.12
2014.09.10 02:20:37.579,0.85012,0.85041,2.40,1.00
2014.09.10 02:20:37.780,0.85012,0.85045,2.40,1.37
2014.09.10 02:20:38.326,0.85012,0.85045,2.40,1.37
2014.09.10 02:20:38.846,0.85012,0.85045,2.40,1.37
2014.09.10 02:20:43.711,0.85013,0.85045,2.02,1.37
2014.09.10 02:20:44.127,0.85014,0.85045,2.02,1.37
2014.09.10 02:20:44.506,0.85013,0.85045,2.02,1.75
2014.09.10 02:20:44.997,0.85011,0.85045,2.02,1.75
2014.09.10 02:20:45.310,0.85011,0.8504,2.02,1.12
2014.09.10 02:20:45.837,0.85011,0.85048,2.40,2.40
2014.09.10 02:20:47.046,0.85015,0.8504,2.02,1.00
2014.09.10 02:20:47.149,0.85013,0.8504,2.02,1.00
2014.09.10 02:20:47.621,0.85013,0.85045,2.40,1.37
2014.09.10 02:20:48.940,0.85017,0.85045,2.02,1.12
2014.09.10 02:20:51.957,0.85017,0.85045,2.02,1.00
2014.09.10 02:20:53.317,0.85017,0.8505,2.02,2.77
2014.09.10 02:20:53.436,0.85017,0.8505,2.02,1.12
2014.09.10 02:20:53.637,0.85015,0.85051,2.40,1.37
2014.09.10 02:20:53.968,0.85016,0.8505,2.02,1.50
2014.09.10 02:20:55.623,0.85015,0.85045,2.02,1.12
2014.09.10 02:20:56.040,0.85015,0.85045,2.02,1.37
2014.09.10 02:20:56.362,0.85014,0.8504,2.02,1.12
2014.09.10 02:20:57.143,0.85014,0.8504,2.02,1.00
2014.09.10 02:20:57.646,0.85015,0.85045,2.02,1.37
2014.09.10 02:20:57.955,0.85015,0.85045,2.02,1.37
2014.09.10 02:20:58.028,0.85015,0.85045,2.02,1.00
2014.09.10 02:20:58.729,0.85015,0.85045,2.02,1.37
2014.09.10 02:20:59.531,0.85015,0.85045,2.02,1.37
2014.09.10 02:20:59.833,0.85015,0.8504,2.02,1.00
2014.09.10 02:21:00.576,0.85015,0.85041,2.02,1.12
2014.09.10 02:21:00.692,0.85015,0.85045,2.02,1.37
2014.09.10 02:21:00.742,0.85015,0.85045,2.02,1.37
2014.09.10 02:21:00.943,0.85019,0.8505,1.65,1.37
2014.09.10 02:21:01.094,0.85018,0.85045,2.02,1.00
2014.09.10 02:21:01.764,0.85017,0.85051,2.02,1.50
2014.09.10 02:21:02.277,0.85017,0.8505,2.40,1.37
2014.09.10 02:21:03.793,0.8502,0.85054,1.37,2.40
2014.09.10 02:21:03.894,0.85018,0.8505,2.02,1.37
2014.09.10 02:21:04.054,0.85019,0.85051,2.40,1.00
2014.09.10 02:21:05.296,0.8502,0.85051,1.65,1.00
2014.09.10 02:21:05.347,0.8502,0.85053,2.40,1.65
2014.09.10 02:21:05.447,0.8502,0.85055,1.00,1.00
2014.09.10 02:21:07.605,0.8502,0.85055,1.37,1.37
2014.09.10 02:21:08.075,0.8502,0.85055,1.37,1.37
2014.09.10 02:21:11.172,0.85019,0.85056,3.15,1.75
2014.09.10 02:21:11.895,0.8502,0.85055,1.37,1.37
2014.09.10 02:21:12.081,0.8502,0.85055,1.12,1.37
2014.09.10 02:21:13.184,0.8502,0.85055,1.37,1.37
2014.09.10 02:21:20.402,0.8502,0.8505,1.37,1.00
2014.09.10 02:21:20.717,0.8502,0.8505,1.37,1.37
2014.09.10 02:21:22.728,0.8502,0.8505,1.37,1.37
2014.09.10 02:21:26.850,0.8502,0.8505,1.37,1.37
2014.09.10 02:21:28.760,0.85019,0.85051,2.77,1.37
2014.09.10 02:21:30.668,0.85019,0.85051,2.77,1.37
2014.09.10 02:21:31.474,0.85019,0.85051,2.77,1.37
2014.09.10 02:21:33.181,0.8502,0.85055,1.12,3.15
2014.09.10 02:21:34.286,0.8502,0.85055,1.37,3.15
2014.09.10 02:21:34.988,0.8502,0.85055,1.37,3.15
2014.09.10 02:21:39.831,0.8502,0.85055,2.77,3.15
2014.09.10 02:21:40.387,0.8502,0.85055,2.77,3.15
2014.09.10 02:21:40.655,0.85021,0.85055,2.02,1.37
2014.09.10 02:21:41.757,0.85021,0.85055,2.02,1.37
2014.09.10 02:21:44.132,0.85021,0.85055,2.02,1.37
2014.09.10 02:21:45.139,0.85021,0.85055,2.02,1.37
2014.09.10 02:21:49.460,0.85021,0.85056,2.02,3.15
2014.09.10 02:21:56.981,0.85022,0.85055,2.02,3.15
2014.09.10 02:22:02.551,0.85022,0.85055,2.02,3.15
2014.09.10 02:22:08.720,0.85022,0.85055,2.02,2.02
2014.09.10 02:22:08.925,0.8502,0.85052,1.37,2.02
2014.09.10 02:22:09.622,0.8502,0.85054,2.77,2.40
2014.09.10 02:22:12.228,0.8502,0.85054,2.77,2.40
2014.09.10 02:22:17.065,0.85022,0.85055,2.02,3.15
2014.09.10 02:22:20.242,0.85022,0.85055,2.02,3.15
2014.09.10 02:22:22.753,0.85022,0.85055,1.65,3.15
2014.09.10 02:22:23.296,0.85021,0.85054,2.02,2.40
2014.09.10 02:22:26.355,0.85022,0.85055,1.65,2.40
2014.09.10 02:22:26.954,0.85022,0.85055,2.02,2.40
2014.09.10 02:22:30.304,0.85022,0.85055,2.02,2.02
2014.09.10 02:22:38.799,0.85022,0.85055,2.02,2.40
2014.09.10 02:22:41.884,0.85025,0.85055,1.00,3.15
2014.09.10 02:22:42.795,0.85021,0.85054,2.02,2.02
2014.09.10 02:22:42.895,0.85021,0.85054,2.02,2.02
2014.09.10 02:22:53.945,0.85021,0.8505,2.02,1.12
2014.09.10 02:22:54.691,0.85021,0.85054,2.02,2.40
2014.09.10 02:22:55.402,0.85021,0.85054,2.02,2.02
2014.09.10 02:22:56.792,0.8502,0.8505,1.00,1.37
2014.09.10 02:22:57.833,0.85019,0.85051,1.12,1.50
2014.09.10 02:22:58.663,0.85019,0.85051,1.00,1.75
2014.09.10 02:22:59.015,0.8502,0.8505,1.00,1.50
2014.09.10 02:22:59.383,0.85016,0.8505,2.02,2.40
2014.09.10 02:22:59.994,0.85019,0.85051,1.00,3.15
2014.09.10 02:23:02.025,0.8502,0.8505,1.00,1.50
2014.09.10 02:23:03.016,0.8502,0.8505,1.00,1.37
2014.09.10 02:23:03.625,0.85019,0.85051,1.12,2.77
2014.09.10 02:23:05.185,0.85019,0.85051,1.00,3.15
2014.09.10 02:23:07.638,0.85019,0.85051,2.77,1.37
2014.09.10 02:23:07.843,0.85019,0.85051,2.77,1.37
2014.09.10 02:23:07.943,0.8502,0.8505,1.37,1.37
2014.09.10 02:23:08.702,0.85018,0.8505,2.02,1.37
2014.09.10 02:23:08.752,0.85018,0.85045,2.02,1.00
2014.09.10 02:23:08.853,0.85015,0.85045,1.37,1.37
2014.09.10 02:23:09.054,0.85012,0.85046,2.40,1.37
2014.09.10 02:23:09.356,0.85014,0.85051,1.75,2.77
2014.09.10 02:23:09.457,0.8502,0.8505,1.37,1.37
2014.09.10 02:23:09.864,0.85019,0.85054,1.75,2.62
2014.09.10 02:23:10.413,0.85025,0.85058,1.37,3.00
2014.09.10 02:23:10.625,0.85025,0.85058,1.00,2.25
2014.09.10 02:23:10.937,0.85024,0.85056,1.00,1.00
2014.09.10 02:23:11.267,0.85025,0.85058,1.37,3.00
2014.09.10 02:23:11.877,0.85025,0.85058,1.37,1.67
2014.09.10 02:23:12.184,0.85029,0.85058,1.00,2.25
2014.09.10 02:23:12.624,0.85029,0.85061,1.00,1.00
2014.09.10 02:23:13.246,0.8503,0.8506,1.00,1.00
2014.09.10 02:23:14.114,0.8503,0.85065,1.00,1.72
2014.09.10 02:23:16.063,0.8503,0.85065,1.37,2.10
2014.09.10 02:23:16.393,0.8503,0.85065,1.37,2.10
2014.09.10 02:23:16.993,0.8503,0.85065,3.15,2.10
2014.09.10 02:23:17.814,0.8503,0.85065,3.15,2.10
2014.09.10 02:23:23.492,0.8503,0.85065,2.77,2.10
2014.09.10 02:23:23.903,0.85031,0.8506,2.02,1.37
2014.09.10 02:23:24.003,0.8503,0.8506,2.77,1.37
2014.09.10 02:23:24.104,0.8503,0.8506,2.77,1.37
2014.09.10 02:23:24.605,0.8503,0.8506,1.37,1.37
2014.09.10 02:23:26.609,0.8503,0.8506,1.37,1.37
2014.09.10 02:23:26.925,0.85031,0.8506,2.02,1.37
2014.09.10 02:23:27.642,0.85031,0.8506,2.02,1.37
2014.09.10 02:23:29.120,0.85031,0.8506,2.02,1.37
2014.09.10 02:23:29.701,0.85031,0.8506,2.02,1.37
2014.09.10 02:23:32.526,0.85031,0.8506,2.02,1.50
2014.09.10 02:23:33.272,0.8503,0.8506,2.77,1.75
2014.09.10 02:23:33.990,0.8503,0.8506,2.77,1.50
2014.09.10 02:23:34.530,0.8503,0.8506,2.77,1.50
2014.09.10 02:23:40.454,0.8503,0.85063,2.77,2.40
2014.09.10 02:23:40.735,0.85025,0.8506,1.37,1.75
2014.09.10 02:23:40.895,0.85025,0.8506,1.00,1.00
2014.09.10 02:23:41.303,0.8503,0.8506,1.00,1.00
2014.09.10 02:23:42.850,0.8503,0.8506,1.37,1.50
2014.09.10 02:23:43.413,0.8503,0.8506,1.12,1.37
2014.09.10 02:23:48.766,0.8503,0.8506,1.12,1.50
2014.09.10 02:23:52.912,0.8503,0.8506,1.12,1.75
2014.09.10 02:23:54.508,0.8503,0.8506,1.37,1.37
2014.09.10 02:23:54.677,0.8503,0.8506,1.37,1.37
2014.09.10 02:23:54.928,0.8503,0.85062,1.37,2.02
2014.09.10 02:23:55.032,0.8503,0.8506,1.37,1.00
2014.09.10 02:23:56.022,0.85029,0.85061,1.37,1.12
2014.09.10 02:23:56.581,0.85029,0.85061,1.37,1.37
2014.09.10 02:23:56.922,0.8503,0.85063,1.50,3.00
2014.09.10 02:23:58.402,0.8503,0.8506,1.37,1.00
2014.09.10 02:23:59.022,0.8503,0.8506,1.37,1.37
2014.09.10 02:23:59.587,0.8503,0.8506,1.37,1.12
2014.09.10 02:24:00.120,0.85025,0.8506,3.15,1.37
2014.09.10 02:24:00.322,0.8503,0.8506,1.37,1.37
2014.09.10 02:24:00.390,0.8503,0.8506,1.37,1.37
2014.09.10 02:24:00.713,0.8503,0.8506,2.77,1.12
2014.09.10 02:24:01.193,0.8503,0.8506,2.77,1.37
2014.09.10 02:24:01.694,0.8503,0.8506,1.12,1.37
2014.09.10 02:24:02.143,0.8503,0.8506,1.00,1.50
2014.09.10 02:24:02.196,0.8503,0.8506,1.12,1.37
2014.09.10 02:24:06.542,0.85029,0.85061,3.15,1.37
2014.09.10 02:24:07.155,0.85034,0.85063,1.12,2.62
2014.09.10 02:24:07.660,0.85034,0.85063,1.37,2.62
2014.09.10 02:24:09.533,0.8503,0.85063,2.40,2.62
2014.09.10 02:24:10.352,0.8503,0.85063,2.02,3.00
2014.09.10 02:24:10.742,0.8503,0.8506,2.77,1.37
2014.09.10 02:24:11.162,0.8503,0.8506,1.00,3.15
2014.09.10 02:24:11.248,0.85026,0.85055,2.02,1.37
2014.09.10 02:24:11.872,0.85025,0.85055,2.77,1.37
2014.09.10 02:24:13.092,0.85026,0.85058,2.02,1.35
2014.09.10 02:24:13.192,0.85025,0.85055,1.12,1.37
2014.09.10 02:24:14.307,0.85024,0.85056,1.00,2.10
2014.09.10 02:24:14.558,0.8502,0.85051,2.02,1.37
2014.09.10 02:24:15.072,0.8502,0.8505,2.77,1.37
2014.09.10 02:24:15.590,0.8502,0.8505,2.40,1.37
2014.09.10 02:24:16.627,0.8502,0.8505,1.00,1.37
2014.09.10 02:24:17.190,0.8502,0.8505,1.00,1.37
2014.09.10 02:24:18.049,0.8502,0.8505,1.00,1.50
2014.09.10 02:24:18.813,0.8502,0.8505,1.00,1.75
2014.09.10 02:24:19.594,0.85019,0.8505,1.65,1.75
2014.09.10 02:24:20.205,0.8502,0.8505,1.00,1.75
2014.09.10 02:24:20.717,0.8502,0.8505,1.37,1.50
2014.09.10 02:24:21.433,0.8502,0.8505,1.00,1.50
2014.09.10 02:24:21.956,0.85019,0.8505,2.02,1.37
2014.09.10 02:24:22.056,0.85021,0.85051,2.02,1.37
2014.09.10 02:24:22.257,0.85022,0.85054,2.02,2.02
2014.09.10 02:24:24.313,0.85022,0.8505,2.02,1.00
2014.09.10 02:24:24.514,0.8502,0.8505,1.00,1.37
2014.09.10 02:24:24.715,0.8502,0.85051,1.37,2.02
2014.09.10 02:24:24.878,0.85025,0.8505,1.00,2.02
2014.09.10 02:24:25.792,0.8502,0.85051,1.37,2.02
2014.09.10 02:24:26.478,0.8502,0.8505,1.37,2.02
2014.09.10 02:24:27.139,0.8502,0.85051,1.37,2.02
2014.09.10 02:24:27.800,0.8502,0.85051,1.37,2.02
2014.09.10 02:24:31.153,0.85025,0.85055,1.12,3.15
2014.09.10 02:24:31.682,0.85025,0.85056,1.37,3.00
2014.09.10 02:24:32.420,0.85025,0.85055,1.37,1.37
2014.09.10 02:24:33.367,0.85024,0.85056,2.77,3.75
2014.09.10 02:24:41.071,0.85025,0.85055,1.12,1.37
2014.09.10 02:24:41.661,0.85025,0.85055,1.37,1.37
2014.09.10 02:24:43.379,0.85025,0.85055,1.12,1.37
2014.09.10 02:24:43.480,0.85025,0.85055,1.12,1.50
2014.09.10 02:25:02.626,0.85024,0.85055,1.37,2.40
2014.09.10 02:25:03.164,0.85024,0.85055,1.37,2.40
2014.09.10 02:25:03.824,0.85024,0.85055,1.37,2.02
2014.09.10 02:25:06.766,0.85024,0.85057,1.37,2.02
2014.09.10 02:25:07.046,0.85024,0.85056,3.15,2.02
2014.09.10 02:25:07.612,0.8503,0.85059,1.37,2.62
2014.09.10 02:25:08.439,0.85029,0.85059,1.37,2.62
2014.09.10 02:25:09.157,0.8503,0.85059,1.37,2.62
2014.09.10 02:25:12.747,0.8503,0.8506,1.37,2.77
2014.09.10 02:25:13.696,0.8503,0.8506,1.37,3.15
2014.09.10 02:25:14.953,0.8503,0.8506,1.12,3.15
2014.09.10 02:25:18.105,0.8503,0.8506,1.37,2.77
2014.09.10 02:25:18.205,0.8503,0.8506,1.37,1.37
2014.09.10 02:25:19.964,0.85031,0.8506,2.02,1.50
2014.09.10 02:25:23.872,0.8503,0.8506,1.37,1.75
2014.09.10 02:25:24.916,0.8503,0.8506,1.37,1.50
2014.09.10 02:25:32.027,0.8503,0.8506,2.77,1.37
2014.09.10 02:25:33.492,0.8503,0.8506,2.77,1.50
2014.09.10 02:25:33.936,0.8503,0.8506,2.77,1.75
2014.09.10 02:25:34.570,0.85027,0.8506,2.02,3.15
2014.09.10 02:25:35.231,0.85028,0.8506,2.02,1.75
2014.09.10 02:25:37.099,0.85028,0.8506,2.02,1.75
2014.09.10 02:25:37.699,0.85028,0.8506,2.02,1.75
2014.09.10 02:25:38.001,0.85028,0.8506,2.02,1.75
2014.09.10 02:25:38.503,0.85028,0.8506,1.65,1.75
2014.09.10 02:25:39.244,0.85028,0.8506,1.65,1.75
2014.09.10 02:25:40.233,0.85028,0.8506,2.02,1.75
2014.09.10 02:25:41.224,0.85028,0.8506,1.65,1.75
2014.09.10 02:25:41.335,0.8503,0.8506,1.00,1.75
2014.09.10 02:25:42.545,0.85028,0.8506,1.65,1.75
2014.09.10 02:25:51.344,0.8503,0.8506,1.00,1.75
2014.09.10 02:25:51.546,0.85028,0.8506,1.65,1.75
2014.09.10 02:25:52.084,0.85028,0.8506,1.65,1.75
2014.09.10 02:25:53.254,0.85027,0.8506,2.02,3.15
2014.09.10 02:25:53.405,0.85024,0.85059,2.77,2.40
2014.09.10 02:25:53.463,0.85024,0.85059,2.77,2.40
2014.09.10 02:25:53.967,0.85025,0.85055,1.37,1.37
2014.09.10 02:25:54.268,0.85026,0.85055,1.65,1.37
2014.09.10 02:25:54.419,0.85027,0.85059,1.65,2.40
2014.09.10 02:25:54.685,0.85029,0.8506,1.65,1.75
2014.09.10 02:25:55.177,0.85029,0.8506,1.65,1.37
2014.09.10 02:25:55.680,0.8503,0.8506,1.65,1.37
2014.09.10 02:25:55.894,0.85024,0.85061,2.77,1.75
2014.09.10 02:25:58.491,0.85025,0.8506,1.37,1.75
2014.09.10 02:26:02.601,0.85025,0.8506,2.77,1.75
2014.09.10 02:26:06.265,0.8502,0.85056,3.15,2.40
2014.09.10 02:26:06.466,0.85026,0.85055,2.02,1.37
2014.09.10 02:26:06.567,0.85025,0.85055,1.00,1.00
2014.09.10 02:26:06.667,0.85024,0.8505,1.65,1.00
2014.09.10 02:26:06.768,0.85023,0.85055,1.65,1.00
2014.09.10 02:26:06.868,0.85022,0.8505,1.65,1.00
2014.09.10 02:26:07.168,0.85023,0.85055,1.65,1.00
2014.09.10 02:26:08.816,0.85025,0.85055,1.00,1.00
2014.09.10 02:26:09.848,0.85025,0.85055,1.00,1.75
2014.09.10 02:26:10.050,0.85023,0.85055,2.02,1.37
2014.09.10 02:26:10.553,0.85024,0.85055,1.37,2.02
2014.09.10 02:26:11.068,0.8502,0.85055,1.50,2.77
2014.09.10 02:26:11.478,0.85024,0.85056,1.00,2.77
2014.09.10 02:26:11.578,0.85025,0.85055,1.37,2.77
2014.09.10 02:26:11.679,0.85025,0.85057,1.12,2.02
2014.09.10 02:26:11.780,0.85027,0.8506,1.65,3.15
2014.09.10 02:26:12.231,0.8503,0.8506,1.00,1.75
2014.09.10 02:26:12.771,0.8503,0.8506,1.00,1.50
2014.09.10 02:26:12.985,0.85025,0.8506,1.37,1.75
2014.09.10 02:26:13.421,0.85029,0.8506,1.00,2.02
2014.09.10 02:26:13.522,0.85029,0.8506,1.00,2.40
2014.09.10 02:26:14.095,0.8503,0.8506,1.00,3.15
2014.09.10 02:26:18.933,0.85029,0.85061,2.77,3.15
2014.09.10 02:26:19.492,0.85029,0.85061,2.77,3.15
2014.09.10 02:26:19.844,0.85029,0.85061,2.77,2.77
2014.09.10 02:26:19.997,0.85029,0.85061,2.77,3.15
2014.09.10 02:26:21.004,0.85029,0.85061,2.77,3.15
2014.09.10 02:26:21.574,0.8503,0.8506,1.00,1.75
2014.09.10 02:26:21.908,0.8503,0.8506,1.12,1.37
2014.09.10 02:26:22.445,0.85025,0.85059,1.37,2.40
2014.09.10 02:26:22.793,0.85025,0.85059,1.37,2.40
2014.09.10 02:26:22.844,0.85025,0.85057,1.00,1.65
2014.09.10 02:26:23.214,0.85025,0.85059,1.00,1.65
2014.09.10 02:26:23.774,0.85024,0.85059,1.65,1.65
2014.09.10 02:26:23.824,0.85024,0.85059,2.02,2.40
2014.09.10 02:26:24.026,0.85023,0.85056,2.02,2.02
2014.09.10 02:26:24.177,0.85025,0.85059,1.37,2.40
2014.09.10 02:26:24.769,0.85023,0.85058,2.02,2.02
2014.09.10 02:26:25.037,0.85022,0.8506,2.02,3.15
2014.09.10 02:26:27.175,0.85023,0.85056,2.02,2.40
2014.09.10 02:26:27.276,0.85023,0.85056,2.02,2.02
2014.09.10 02:26:27.785,0.85021,0.85055,2.02,1.50
2014.09.10 02:26:27.895,0.85021,0.85055,2.02,1.37
2014.09.10 02:26:27.996,0.8502,0.85055,2.77,1.75
2014.09.10 02:26:28.544,0.8502,0.85055,1.37,1.75
2014.09.10 02:26:31.794,0.8502,0.85055,1.37,3.15
2014.09.10 02:26:33.824,0.8502,0.85055,1.37,3.15
2014.09.10 02:26:34.703,0.8502,0.85052,2.77,2.02
2014.09.10 02:26:34.826,0.8502,0.85052,3.15,2.02
2014.09.10 02:26:36.035,0.85021,0.85054,2.02,2.02
2014.09.10 02:26:36.531,0.85021,0.85054,2.02,2.40
2014.09.10 02:26:40.163,0.85024,0.85054,1.37,2.02
2014.09.10 02:26:41.045,0.8502,0.85055,3.15,3.15
2014.09.10 02:26:43.591,0.8502,0.85053,2.77,2.02
2014.09.10 02:26:43.691,0.8502,0.85053,3.15,2.02
2014.09.10 02:26:44.013,0.85021,0.85054,2.02,2.40
2014.09.10 02:26:44.396,0.8502,0.85053,2.40,1.65
2014.09.10 02:26:44.496,0.85021,0.85055,1.65,1.00
2014.09.10 02:26:44.883,0.8502,0.85053,2.40,1.65
2014.09.10 02:26:45.834,0.85021,0.85054,1.65,1.65
2014.09.10 02:26:47.703,0.8502,0.85053,2.40,1.65
2014.09.10 02:26:48.195,0.8502,0.85053,2.77,2.02
2014.09.10 02:26:49.402,0.8502,0.8505,1.37,2.02
2014.09.10 02:26:49.786,0.8502,0.8505,1.12,1.75
2014.09.10 02:26:51.129,0.8502,0.85049,1.12,2.02
2014.09.10 02:26:56.535,0.8502,0.85049,1.00,2.40
2014.09.10 02:26:58.865,0.85016,0.85049,2.02,2.40
2014.09.10 02:26:59.455,0.85016,0.85049,2.02,2.40
2014.09.10 02:27:00.625,0.8502,0.85049,1.00,2.40
2014.09.10 02:27:00.734,0.8502,0.85049,1.00,2.02
2014.09.10 02:27:01.432,0.8502,0.8505,1.12,1.37
2014.09.10 02:27:08.593,0.8502,0.8505,1.12,1.37
2014.09.10 02:27:09.202,0.8502,0.8505,2.77,1.37
2014.09.10 02:27:09.520,0.85023,0.85055,1.65,2.10
2014.09.10 02:27:09.571,0.85025,0.85055,1.00,2.10
2014.09.10 02:27:10.350,0.85025,0.85055,1.00,1.97
2014.09.10 02:27:10.523,0.85023,0.85055,2.02,1.97
2014.09.10 02:27:10.852,0.85025,0.85055,1.00,1.97
2014.09.10 02:27:11.388,0.85025,0.85055,2.77,1.37
2014.09.10 02:27:17.012,0.85029,0.8506,1.00,3.00
2014.09.10 02:27:17.212,0.85029,0.8506,1.00,3.00
2014.09.10 02:27:17.715,0.8503,0.8506,2.40,2.10
2014.09.10 02:27:18.322,0.8503,0.8506,2.77,2.10
2014.09.10 02:27:18.525,0.8503,0.8506,2.77,1.37
2014.09.10 02:27:18.931,0.8503,0.85063,3.15,2.40
2014.09.10 02:27:19.843,0.8503,0.8506,2.77,1.37
2014.09.10 02:27:20.532,0.8503,0.85063,2.40,2.40
2014.09.10 02:27:20.783,0.85032,0.85064,2.02,2.02
2014.09.10 02:27:20.884,0.85032,0.85064,2.02,2.40
2014.09.10 02:27:21.386,0.85031,0.85064,2.02,3.00
2014.09.10 02:27:22.357,0.85029,0.85061,2.77,1.37
2014.09.10 02:27:23.062,0.85029,0.85061,3.15,1.37
2014.09.10 02:27:25.204,0.8503,0.8506,1.12,1.50
2014.09.10 02:27:25.304,0.8503,0.8506,2.77,1.37
2014.09.10 02:27:25.626,0.85035,0.85064,1.37,2.62
2014.09.10 02:27:25.726,0.85035,0.85065,1.00,1.72
2014.09.10 02:27:25.827,0.85029,0.85066,1.00,1.97
2014.09.10 02:27:25.877,0.8503,0.85063,2.25,1.65
2014.09.10 02:27:26.252,0.85035,0.85063,1.00,1.65
2014.09.10 02:27:26.590,0.85032,0.8506,1.35,1.00
2014.09.10 02:27:28.361,0.85032,0.85063,1.35,2.02
2014.09.10 02:27:32.133,0.8503,0.85063,3.75,2.02
2014.09.10 02:27:32.234,0.85031,0.85063,1.35,2.02
2014.09.10 02:27:37.251,0.8503,0.85061,1.50,2.02
2014.09.10 02:27:38.730,0.8503,0.85061,1.37,2.02
2014.09.10 02:27:39.343,0.85034,0.85062,1.37,2.02
2014.09.10 02:27:40.562,0.85035,0.85062,1.37,2.02
2014.09.10 02:27:41.263,0.85034,0.85063,1.37,2.02
2014.09.10 02:27:42.091,0.85035,0.85065,1.00,3.15
2014.09.10 02:27:43.082,0.85032,0.85065,2.02,3.15
2014.09.10 02:27:45.152,0.85031,0.85065,2.02,1.50
2014.09.10 02:27:45.711,0.85029,0.85061,2.77,1.50
2014.09.10 02:27:46.112,0.85027,0.8506,2.02,1.75
2014.09.10 02:27:46.643,0.85025,0.85059,1.50,2.02
2014.09.10 02:27:46.972,0.85025,0.85059,1.37,2.02
2014.09.10 02:27:47.087,0.85025,0.85059,1.50,2.40
2014.09.10 02:27:47.591,0.8503,0.8506,1.37,1.75
2014.09.10 02:27:50.612,0.8503,0.8506,1.37,1.50
2014.09.10 02:28:02.601,0.85035,0.85062,1.00,3.00
2014.09.10 02:28:05.635,0.85035,0.85062,1.00,2.40
2014.09.10 02:28:06.623,0.85034,0.85062,1.00,2.40
2014.09.10 02:28:07.393,0.85035,0.85062,1.00,2.40
2014.09.10 02:28:08.185,0.85035,0.85062,1.00,2.40
2014.09.10 02:28:11.269,0.85035,0.85062,1.00,2.40
2014.09.10 02:28:11.811,0.85034,0.85062,1.37,2.02
2014.09.10 02:28:12.651,0.85035,0.85062,1.37,2.02
2014.09.10 02:28:13.400,0.85035,0.85062,1.37,2.02
2014.09.10 02:28:14.170,0.85035,0.85062,1.37,2.02
2014.09.10 02:28:14.471,0.85035,0.85064,1.37,2.02
2014.09.10 02:28:15.001,0.8504,0.85066,1.37,2.02
2014.09.10 02:28:17.404,0.85039,0.85066,1.37,2.02
2014.09.10 02:28:18.060,0.85039,0.85066,1.37,1.65
2014.09.10 02:28:18.401,0.85039,0.8507,1.75,2.62
2014.09.10 02:28:18.931,0.8504,0.8507,1.37,2.02
2014.09.10 02:28:19.735,0.85039,0.85068,1.50,1.65
2014.09.10 02:28:20.369,0.85039,0.85068,1.37,1.65
2014.09.10 02:28:21.552,0.85039,0.8507,1.37,1.65
2014.09.10 02:28:22.473,0.85039,0.8507,1.37,2.02
2014.09.10 02:28:24.176,0.85039,0.8507,1.37,2.02
2014.09.10 02:28:25.879,0.85039,0.8507,1.37,2.02
2014.09.10 02:28:27.428,0.85039,0.8507,1.37,2.02
2014.09.10 02:28:30.190,0.85039,0.8507,1.50,2.02
2014.09.10 02:28:30.890,0.85039,0.8507,1.37,2.02
2014.09.10 02:28:32.413,0.8504,0.8507,1.37,2.02
2014.09.10 02:28:32.945,0.8504,0.85071,1.50,2.02
2014.09.10 02:28:34.122,0.8504,0.85068,1.37,2.02
2014.09.10 02:28:34.680,0.8504,0.85069,1.37,1.65
2014.09.10 02:28:34.731,0.8504,0.85069,1.00,2.02
2014.09.10 02:28:35.256,0.85036,0.85068,1.35,2.02
2014.09.10 02:28:35.914,0.85035,0.85068,3.00,2.02
2014.09.10 02:28:41.410,0.85036,0.85068,1.35,2.02
2014.09.10 02:28:41.911,0.85035,0.85068,3.75,2.02
2014.09.10 02:28:42.421,0.85035,0.85068,3.37,2.02
2014.09.10 02:28:42.613,0.85037,0.85068,1.67,1.65
2014.09.10 02:28:42.914,0.8504,0.8507,1.50,1.00
2014.09.10 02:28:43.315,0.8504,0.85072,1.75,2.02
2014.09.10 02:28:43.901,0.85041,0.85075,2.40,3.37
2014.09.10 02:28:44.102,0.85042,0.85075,2.02,2.77
2014.09.10 02:28:44.152,0.85042,0.85075,2.40,2.02
2014.09.10 02:28:44.252,0.85042,0.85075,1.65,1.65
2014.09.10 02:28:44.825,0.85043,0.85076,1.65,1.65
2014.09.10 02:28:46.544,0.85043,0.85076,2.40,2.02
2014.09.10 02:28:46.645,0.85041,0.85076,2.40,2.02
2014.09.10 02:28:47.178,0.85041,0.85074,2.40,2.02
2014.09.10 02:28:47.929,0.85041,0.85074,2.40,1.65
2014.09.10 02:28:51.238,0.85041,0.85074,2.40,1.65
2014.09.10 02:28:51.825,0.85041,0.85075,2.40,2.02
2014.09.10 02:28:52.343,0.85045,0.85076,1.37,2.02
2014.09.10 02:28:52.644,0.85045,0.85076,1.75,2.02
2014.09.10 02:28:54.851,0.85045,0.85076,1.37,2.02
2014.09.10 02:28:55.853,0.85045,0.85076,1.50,2.02
2014.09.10 02:28:56.557,0.85045,0.85075,1.37,2.77
2014.09.10 02:28:56.808,0.85041,0.85074,2.40,2.02
2014.09.10 02:28:57.165,0.85041,0.85074,2.02,2.02
2014.09.10 02:28:58.271,0.85041,0.85074,2.40,2.02
2014.09.10 02:28:58.975,0.85041,0.85074,2.02,2.02
2014.09.10 02:28:59.277,0.85041,0.85074,2.40,2.02
2014.09.10 02:29:00.884,0.85042,0.85075,2.40,2.02
2014.09.10 02:29:02.791,0.85042,0.85075,2.40,2.02
2014.09.10 02:29:03.243,0.85041,0.85075,2.40,2.02
2014.09.10 02:29:03.344,0.85041,0.85075,2.40,2.02
2014.09.10 02:29:04.398,0.85041,0.85075,2.40,2.02
2014.09.10 02:29:04.829,0.85042,0.8507,2.40,1.00
2014.09.10 02:29:05.031,0.8504,0.8507,2.40,1.00
2014.09.10 02:29:05.631,0.85038,0.8507,2.02,1.37
2014.09.10 02:29:06.108,0.85036,0.8507,1.35,2.77
2014.09.10 02:29:06.259,0.85035,0.8507,3.15,2.77
2014.09.10 02:29:07.230,0.85035,0.85066,2.40,1.00
2014.09.10 02:29:07.780,0.85035,0.8507,2.40,2.02
2014.09.10 02:29:08.118,0.85035,0.8507,2.40,2.40
2014.09.10 02:29:08.829,0.85035,0.85065,2.77,1.00
2014.09.10 02:29:09.423,0.85035,0.8507,2.77,2.77
2014.09.10 02:29:09.932,0.85035,0.8507,2.77,2.77
2014.09.10 02:29:10.144,0.85035,0.8507,3.15,2.77
2014.09.10 02:29:10.749,0.85037,0.8507,2.40,2.77
2014.09.10 02:29:11.098,0.85037,0.85065,2.02,1.00
2014.09.10 02:29:11.198,0.85035,0.85065,1.37,2.77
2014.09.10 02:29:11.801,0.85033,0.85065,2.02,2.77
2014.09.10 02:29:11.902,0.85035,0.85065,1.37,2.02
2014.09.10 02:29:12.003,0.85035,0.85066,1.37,2.02
2014.09.10 02:29:12.070,0.8504,0.85066,1.00,2.02
2014.09.10 02:29:13.612,0.85036,0.85068,2.02,2.02
2014.09.10 02:29:13.713,0.85036,0.85068,2.02,2.02
2014.09.10 02:29:14.053,0.85036,0.85068,2.40,2.02
2014.09.10 02:29:14.583,0.8504,0.8507,1.37,1.37
2014.09.10 02:29:14.773,0.8504,0.8507,1.00,1.37
2014.09.10 02:29:14.824,0.85034,0.85061,2.40,1.00
2014.09.10 02:29:14.874,0.85034,0.85061,2.02,1.00
2014.09.10 02:29:15.376,0.85024,0.85066,1.75,1.37
2014.09.10 02:29:17.390,0.8503,0.85065,1.50,1.75
2014.09.10 02:29:17.825,0.85024,0.85066,1.75,1.75
2014.09.10 02:29:19.012,0.85025,0.85065,1.75,3.15
2014.09.10 02:29:19.116,0.85025,0.85065,1.50,3.15
2014.09.10 02:29:19.266,0.8503,0.85065,1.37,3.15
2014.09.10 02:29:19.561,0.85022,0.8506,2.40,1.50
2014.09.10 02:29:19.762,0.8502,0.8506,1.75,1.75
2014.09.10 02:29:19.863,0.8502,0.8506,1.75,1.75
2014.09.10 02:29:20.229,0.8502,0.85055,1.75,1.75
2014.09.10 02:29:20.340,0.8502,0.85055,1.37,1.75
2014.09.10 02:29:20.430,0.8502,0.85055,1.37,1.75
2014.09.10 02:29:21.038,0.85015,0.85055,1.75,3.15
2014.09.10 02:29:21.361,0.85015,0.8505,1.75,1.37
2014.09.10 02:29:21.929,0.85015,0.8505,1.75,1.37
2014.09.10 02:29:22.342,0.85015,0.8505,1.75,1.50
2014.09.10 02:29:24.301,0.85015,0.85047,1.75,2.62
2014.09.10 02:29:24.501,0.85015,0.85045,1.12,2.77
2014.09.10 02:29:25.060,0.85014,0.85046,1.37,3.15
2014.09.10 02:29:25.162,0.8501,0.85045,1.72,1.37
2014.09.10 02:29:25.701,0.8501,0.8504,1.37,1.00
2014.09.10 02:29:26.975,0.8501,0.8504,1.37,1.37
2014.09.10 02:29:27.884,0.8501,0.8504,1.37,1.12
2014.09.10 02:29:28.132,0.85005,0.8504,1.75,1.12
2014.09.10 02:29:28.649,0.8501,0.8504,1.37,1.37
2014.09.10 02:29:29.394,0.8501,0.8504,1.37,1.12
2014.09.10 02:29:29.694,0.8501,0.8504,1.37,1.37
2014.09.10 02:29:30.398,0.8501,0.85045,1.37,1.75
2014.09.10 02:29:30.841,0.8501,0.85045,1.37,2.77
2014.09.10 02:29:31.389,0.8501,0.85045,1.37,2.77
2014.09.10 02:29:31.864,0.8501,0.8504,1.37,1.00
2014.09.10 02:29:32.909,0.8501,0.8504,1.37,1.12
2014.09.10 02:29:33.149,0.85009,0.85046,1.50,2.77
2014.09.10 02:29:33.250,0.85014,0.85046,1.37,1.75
2014.09.10 02:29:33.617,0.85015,0.85045,1.12,1.37
2014.09.10 02:29:34.263,0.85015,0.85045,1.37,1.37
2014.09.10 02:29:34.930,0.85015,0.85045,1.12,1.50
2014.09.10 02:29:37.237,0.85015,0.8505,1.37,1.75
2014.09.10 02:29:37.865,0.85015,0.85045,1.12,1.75
2014.09.10 02:29:38.385,0.85015,0.85045,1.37,1.75
2014.09.10 02:29:38.867,0.85015,0.85045,1.37,1.37
2014.09.10 02:29:39.068,0.85015,0.85045,2.77,1.37
2014.09.10 02:29:39.271,0.85017,0.8505,2.02,3.15
2014.09.10 02:29:39.780,0.8502,0.85049,1.00,2.40
2014.09.10 02:29:40.269,0.85015,0.85047,1.12,2.40
2014.09.10 02:29:40.880,0.85014,0.85046,1.12,3.15
2014.09.10 02:29:41.067,0.85014,0.85046,1.12,3.15
2014.09.10 02:29:41.417,0.85015,0.85045,1.37,1.37
2014.09.10 02:29:41.591,0.85015,0.85047,1.37,2.40
2014.09.10 02:29:41.692,0.85017,0.85049,2.02,2.40
2014.09.10 02:29:42.730,0.85015,0.85045,1.12,1.37
2014.09.10 02:29:43.031,0.85012,0.85044,2.62,2.02
2014.09.10 02:29:43.580,0.85012,0.85044,2.62,2.02
2014.09.10 02:29:44.900,0.85012,0.85044,2.62,2.02
2014.09.10 02:29:46.103,0.85012,0.85044,2.62,2.02
2014.09.10 02:29:46.908,0.85013,0.85046,2.02,3.15
2014.09.10 02:29:47.008,0.85015,0.85045,1.00,1.00
2014.09.10 02:29:49.679,0.85014,0.85046,1.00,2.40
2014.09.10 02:29:51.616,0.85014,0.85046,1.37,2.40
2014.09.10 02:29:51.921,0.85011,0.85045,2.62,2.40
2014.09.10 02:29:52.962,0.85011,0.8504,2.62,1.37
2014.09.10 02:29:53.342,0.8501,0.8504,1.97,1.37
2014.09.10 02:29:53.572,0.85012,0.85041,1.30,1.37
2014.09.10 02:29:53.901,0.85011,0.85045,2.25,2.40
2014.09.10 02:29:54.625,0.85011,0.85045,2.62,3.15
2014.09.10 02:29:55.229,0.85015,0.85045,1.12,2.77
2014.09.10 02:29:57.266,0.85015,0.85045,1.37,3.15
2014.09.10 02:29:57.968,0.85015,0.85045,1.37,1.37
2014.09.10 02:29:58.310,0.8501,0.8504,3.75,1.37
2014.09.10 02:30:00.503,0.85012,0.8504,1.67,1.12
2014.09.10 02:30:00.731,0.85015,0.85045,1.12,1.50
2014.09.10 02:30:02.696,0.85015,0.85043,1.37,2.02
2014.09.10 02:30:03.210,0.85015,0.85044,1.37,2.02
2014.09.10 02:30:03.819,0.85015,0.85045,1.37,2.02
2014.09.10 02:30:04.000,0.85015,0.85045,1.12,2.02
2014.09.10 02:30:04.502,0.85014,0.85045,1.37,2.02
2014.09.10 02:30:05.840,0.85014,0.85048,1.75,2.02
2014.09.10 02:30:05.940,0.85015,0.85048,2.40,1.65
2014.09.10 02:30:05.991,0.85017,0.8505,1.65,1.65
2014.09.10 02:30:06.410,0.8502,0.85049,1.00,1.65
2014.09.10 02:30:06.620,0.85015,0.85049,1.00,1.65
2014.09.10 02:30:06.728,0.8502,0.85049,1.00,1.65
2014.09.10 02:30:06.948,0.85014,0.85049,2.40,1.65
2014.09.10 02:30:07.939,0.85015,0.85049,1.00,1.65
2014.09.10 02:30:08.090,0.85019,0.85049,1.00,1.65
2014.09.10 02:30:08.598,0.8502,0.8505,1.00,1.00
2014.09.10 02:30:09.040,0.8502,0.8505,1.37,1.37
2014.09.10 02:30:09.841,0.8502,0.8505,1.37,1.37
2014.09.10 02:30:10.373,0.8502,0.8505,1.12,1.37
2014.09.10 02:30:11.083,0.8502,0.8505,1.37,1.37
2014.09.10 02:30:11.946,0.8502,0.8505,1.37,1.37
2014.09.10 02:30:12.685,0.8502,0.8505,1.37,1.37
2014.09.10 02:30:13.751,0.85019,0.85051,1.37,2.77
2014.09.10 02:30:14.056,0.85019,0.85051,1.37,3.15
2014.09.10 02:30:14.666,0.85015,0.85045,3.15,1.37
2014.09.10 02:30:15.858,0.85015,0.85045,2.77,1.37
2014.09.10 02:30:16.564,0.85015,0.85045,1.37,2.77
2014.09.10 02:30:17.168,0.85015,0.85045,1.37,3.15
2014.09.10 02:30:17.500,0.85012,0.85045,2.02,3.15
2014.09.10 02:30:17.903,0.8501,0.8504,1.37,1.50
2014.09.10 02:30:18.534,0.8501,0.8504,1.37,1.75
2014.09.10 02:30:18.839,0.8501,0.8504,2.77,1.37
2014.09.10 02:30:19.379,0.8501,0.8504,2.77,1.37
2014.09.10 02:30:19.529,0.8501,0.8504,1.12,1.37
2014.09.10 02:30:19.630,0.8501,0.8504,1.75,1.37
2014.09.10 02:30:19.934,0.85015,0.85045,1.50,1.37
2014.09.10 02:30:20.235,0.8502,0.85053,1.00,1.65
2014.09.10 02:30:20.386,0.85026,0.85055,1.65,1.37
2014.09.10 02:30:20.919,0.85023,0.85055,1.65,1.37
2014.09.10 02:30:22.129,0.85023,0.85051,1.65,1.00
2014.09.10 02:30:22.358,0.85024,0.85055,1.65,1.37
2014.09.10 02:30:22.458,0.85024,0.8505,1.65,1.00
2014.09.10 02:30:22.678,0.85024,0.85055,1.65,1.37
2014.09.10 02:30:22.788,0.85024,0.8505,1.65,1.00
2014.09.10 02:30:23.308,0.85023,0.8505,1.65,1.00
2014.09.10 02:30:23.610,0.85023,0.85056,2.02,3.15
2014.09.10 02:30:24.539,0.85024,0.85056,2.02,1.37
2014.09.10 02:30:25.849,0.85025,0.85058,2.02,2.02
2014.09.10 02:30:27.594,0.85025,0.85056,2.02,1.37
2014.09.10 02:30:28.408,0.85025,0.85058,2.02,2.40
2014.09.10 02:30:29.018,0.85025,0.85058,2.02,2.02
2014.09.10 02:30:29.905,0.85025,0.85058,2.02,2.02
2014.09.10 02:30:30.510,0.85025,0.85058,2.77,2.02
2014.09.10 02:30:32.208,0.85025,0.85058,2.77,2.40
2014.09.10 02:30:32.597,0.85025,0.85058,2.77,2.02
2014.09.10 02:30:32.918,0.85025,0.85058,2.77,2.40
2014.09.10 02:30:33.403,0.85025,0.85058,2.77,2.40
2014.09.10 02:30:34.097,0.85025,0.85058,2.02,2.02
2014.09.10 02:30:35.415,0.85025,0.85058,2.02,2.40
2014.09.10 02:30:37.425,0.85025,0.85058,2.02,2.02
2014.09.10 02:30:40.534,0.85025,0.85058,2.77,2.40
2014.09.10 02:30:41.084,0.85025,0.85058,2.77,2.02
2014.09.10 02:30:41.727,0.85025,0.85058,2.77,2.02
2014.09.10 02:30:42.544,0.85025,0.85058,2.02,2.02
2014.09.10 02:30:43.057,0.85025,0.85058,2.77,2.02
2014.09.10 02:30:43.798,0.85026,0.85059,2.02,2.02
2014.09.10 02:30:43.898,0.85026,0.85059,2.02,2.02
2014.09.10 02:30:45.560,0.85026,0.85059,2.02,2.40
2014.09.10 02:30:46.768,0.85026,0.85059,2.02,2.40
2014.09.10 02:30:47.220,0.85025,0.85055,1.37,1.37
2014.09.10 02:30:47.981,0.85025,0.85055,1.00,1.50
2014.09.10 02:30:48.489,0.85024,0.85056,1.37,1.75
2014.09.10 02:30:50.307,0.85025,0.85055,1.12,1.50
2014.09.10 02:30:50.650,0.85025,0.85055,1.12,1.75
2014.09.10 02:30:52.210,0.85025,0.85055,1.00,1.75
2014.09.10 02:30:52.730,0.85025,0.85055,1.12,1.75
2014.09.10 02:30:53.617,0.85025,0.85055,1.00,1.75
2014.09.10 02:30:54.120,0.85025,0.85055,1.12,1.75
2014.09.10 02:31:01.839,0.85025,0.85055,1.37,1.50
2014.09.10 02:31:02.512,0.85025,0.85057,1.37,2.40
2014.09.10 02:31:03.043,0.85024,0.85057,1.37,2.40
2014.09.10 02:31:03.396,0.85027,0.8506,1.65,3.75
2014.09.10 02:31:03.597,0.85025,0.85058,2.77,2.40
2014.09.10 02:31:04.197,0.85025,0.8506,1.75,1.35
2014.09.10 02:31:04.649,0.8503,0.85065,1.37,1.37
2014.09.10 02:31:04.699,0.8503,0.85065,1.00,1.37
2014.09.10 02:31:04.900,0.85035,0.8507,1.00,1.00
2014.09.10 02:31:05.001,0.85029,0.85071,1.37,1.00
2014.09.10 02:31:05.137,0.85029,0.85065,2.77,1.65
2014.09.10 02:31:05.472,0.8503,0.85064,1.00,2.02
2014.09.10 02:31:07.776,0.8503,0.85065,2.77,1.75
2014.09.10 02:31:07.978,0.85029,0.85064,1.37,2.40
2014.09.10 02:31:09.185,0.85027,0.85064,2.40,2.40
2014.09.10 02:31:09.627,0.85029,0.85063,1.37,2.40
2014.09.10 02:31:09.977,0.85025,0.85056,2.02,1.50
2014.09.10 02:31:10.027,0.85025,0.85056,1.65,1.00
2014.09.10 02:31:10.156,0.85025,0.8506,2.40,1.12
2014.09.10 02:31:11.592,0.85025,0.85061,3.15,2.40
2014.09.10 02:31:11.928,0.85025,0.8506,2.77,1.75
2014.09.10 02:31:12.699,0.85025,0.8506,1.37,1.75
2014.09.10 02:31:14.208,0.85028,0.85064,2.02,3.00
2014.09.10 02:31:16.046,0.85028,0.85061,2.02,2.40
2014.09.10 02:31:17.917,0.85028,0.85061,2.02,2.40
2014.09.10 02:31:19.453,0.85028,0.85061,2.02,2.40
2014.09.10 02:31:19.757,0.8503,0.8506,2.02,1.50
2014.09.10 02:31:33.382,0.8503,0.85063,2.02,2.40
2014.09.10 02:31:35.896,0.8503,0.85063,2.77,2.40
2014.09.10 02:31:36.564,0.8503,0.85063,2.02,2.40
2014.09.10 02:31:37.106,0.8503,0.85063,2.02,2.40
2014.09.10 02:31:40.720,0.8503,0.85061,2.02,1.75
2014.09.10 02:31:41.729,0.8503,0.8506,2.02,1.75
2014.09.10 02:31:43.867,0.85027,0.85061,2.02,1.50
2014.09.10 02:31:44.939,0.85027,0.85062,2.02,2.40
2014.09.10 02:31:45.686,0.8503,0.85062,1.37,2.40
2014.09.10 02:31:46.456,0.8503,0.85063,1.37,2.40
2014.09.10 02:31:46.853,0.85035,0.85065,1.00,3.15
2014.09.10 02:31:47.054,0.85035,0.85065,1.37,2.40
2014.09.10 02:31:47.255,0.85034,0.85066,1.37,2.40
2014.09.10 02:31:47.576,0.85034,0.85066,1.37,2.40
2014.09.10 02:31:47.889,0.85034,0.85066,1.37,2.40
2014.09.10 02:31:48.351,0.85034,0.85066,1.37,2.40
2014.09.10 02:31:49.296,0.85035,0.85068,1.12,2.40
2014.09.10 02:31:54.962,0.8503,0.85068,1.50,2.40
2014.09.10 02:32:02.186,0.8503,0.85065,1.37,1.75
2014.09.10 02:32:03.013,0.85029,0.85067,1.75,2.40
2014.09.10 02:32:17.655,0.8503,0.85065,1.75,1.75
2014.09.10 02:32:18.186,0.85031,0.85068,2.40,2.40
2014.09.10 02:32:18.337,0.85035,0.85069,1.12,2.40
2014.09.10 02:32:18.437,0.85035,0.85068,1.37,2.40
2014.09.10 02:32:19.848,0.8504,0.85072,1.00,2.40
2014.09.10 02:32:20.068,0.85035,0.85072,1.37,2.40
2014.09.10 02:32:20.883,0.85035,0.85072,1.37,2.40
2014.09.10 02:32:21.021,0.85035,0.85072,1.50,2.40
2014.09.10 02:32:21.172,0.8504,0.8507,1.12,1.50
2014.09.10 02:32:23.035,0.8504,0.8507,1.37,2.40
2014.09.10 02:32:23.579,0.8504,0.85072,1.37,2.40
2014.09.10 02:32:24.121,0.8504,0.8507,1.37,2.40
2014.09.10 02:32:24.568,0.8504,0.8507,1.00,3.75
2014.09.10 02:32:24.668,0.85037,0.85065,1.65,1.75
2014.09.10 02:32:24.719,0.85035,0.85065,1.00,1.75
2014.09.10 02:32:24.769,0.85035,0.85065,1.00,1.75
2014.09.10 02:32:24.955,0.8503,0.85065,1.37,1.75
2014.09.10 02:32:25.534,0.8503,0.85065,1.37,1.75
2014.09.10 02:32:26.076,0.8503,0.85065,1.50,1.75
2014.09.10 02:32:26.176,0.8503,0.8507,1.50,2.10
2014.09.10 02:32:27.273,0.8503,0.8507,1.75,2.10
2014.09.10 02:32:27.474,0.8503,0.8507,1.75,2.10
2014.09.10 02:32:31.398,0.85029,0.85066,1.75,1.37
2014.09.10 02:32:32.107,0.8503,0.85065,1.75,1.37
2014.09.10 02:32:32.914,0.8503,0.8507,1.75,1.75
2014.09.10 02:32:33.015,0.8503,0.8507,1.75,1.37
2014.09.10 02:32:33.117,0.85035,0.8507,1.37,1.75
2014.09.10 02:32:33.218,0.85035,0.8507,1.50,1.00
2014.09.10 02:32:33.319,0.8503,0.8507,1.37,1.12
2014.09.10 02:32:33.598,0.85035,0.8507,1.00,1.12
2014.09.10 02:32:33.705,0.85029,0.85071,1.37,1.37
2014.09.10 02:32:33.859,0.85035,0.8507,1.00,1.12
2014.09.10 02:32:34.189,0.8503,0.8507,1.37,1.12
2014.09.10 02:32:34.327,0.8503,0.8507,1.75,1.75
2014.09.10 02:32:37.490,0.8503,0.8507,1.75,1.37
2014.09.10 02:32:37.554,0.8503,0.8507,1.75,1.75
2014.09.10 02:32:37.656,0.85029,0.85071,1.75,1.75
2014.09.10 02:32:37.806,0.85029,0.85071,1.75,1.75
2014.09.10 02:32:37.907,0.8503,0.8507,1.12,1.00
2014.09.10 02:32:38.216,0.85034,0.85071,1.00,1.12
2014.09.10 02:32:38.480,0.8503,0.8507,1.12,1.00
2014.09.10 02:32:38.547,0.85029,0.85066,1.37,1.00
2014.09.10 02:32:38.810,0.8503,0.8507,1.12,1.00
2014.09.10 02:32:39.140,0.8503,0.85065,1.12,1.00
2014.09.10 02:32:41.121,0.8503,0.85065,1.75,1.37
2014.09.10 02:32:42.441,0.8503,0.85065,1.75,1.37
2014.09.10 02:32:42.947,0.8503,0.85065,1.75,1.37
2014.09.10 02:32:46.960,0.85034,0.85071,1.37,1.75
2014.09.10 02:32:47.464,0.8503,0.8507,1.75,1.75
2014.09.10 02:32:48.003,0.8503,0.85065,1.75,1.12
2014.09.10 02:32:48.271,0.8503,0.85065,1.37,1.00
2014.09.10 02:32:49.175,0.8503,0.85065,1.75,1.12
2014.09.10 02:32:52.696,0.8503,0.85065,1.75,1.12
2014.09.10 02:32:54.055,0.8503,0.85065,1.75,1.37
2014.09.10 02:32:54.612,0.8503,0.85065,1.37,1.00
2014.09.10 02:32:54.936,0.8503,0.8507,1.37,1.37
2014.09.10 02:32:56.220,0.85029,0.85071,1.75,1.75
2014.09.10 02:32:56.824,0.8503,0.85065,1.75,1.37
2014.09.10 02:32:58.836,0.8503,0.8507,1.75,1.75
2014.09.10 02:32:59.542,0.8503,0.8507,1.75,1.50
2014.09.10 02:32:59.851,0.85035,0.8507,1.75,1.37
2014.09.10 02:33:00.284,0.8503,0.8507,1.75,1.50
2014.09.10 02:33:00.542,0.8503,0.8507,3.15,1.37
2014.09.10 02:33:00.643,0.8503,0.8507,3.15,1.37
2014.09.10 02:33:00.895,0.85033,0.8507,2.40,1.00
2014.09.10 02:33:02.314,0.85034,0.85071,1.37,1.00
2014.09.10 02:33:02.416,0.8504,0.85071,1.65,1.00
2014.09.10 02:33:02.466,0.8504,0.85076,1.65,2.40
2014.09.10 02:33:02.529,0.85044,0.85076,1.00,2.40
2014.09.10 02:33:03.205,0.85045,0.85075,1.00,1.00
2014.09.10 02:33:03.771,0.85045,0.85075,1.37,1.50
2014.09.10 02:33:04.394,0.85045,0.85075,1.12,1.75
2014.09.10 02:33:05.215,0.85044,0.85076,1.37,1.37
2014.09.10 02:33:05.736,0.85045,0.85075,1.37,1.37
2014.09.10 02:33:06.504,0.85045,0.85075,1.37,1.37
2014.09.10 02:33:07.156,0.85045,0.85075,1.37,1.37
2014.09.10 02:33:13.212,0.85045,0.85075,1.37,1.37
2014.09.10 02:33:13.352,0.85045,0.85075,1.37,1.37
2014.09.10 02:33:13.616,0.85044,0.85076,1.75,1.12
2014.09.10 02:33:14.044,0.85044,0.85076,1.50,1.37
2014.09.10 02:33:14.566,0.85046,0.85075,2.02,1.00
2014.09.10 02:33:15.087,0.85046,0.85079,2.02,2.02
2014.09.10 02:33:16.457,0.85046,0.85079,2.02,2.02
2014.09.10 02:33:16.788,0.85044,0.85076,3.15,1.37
2014.09.10 02:33:17.035,0.85045,0.85075,1.37,1.37
2014.09.10 02:33:17.538,0.85045,0.85075,1.37,1.37
2014.09.10 02:33:17.644,0.85045,0.85075,1.37,1.37
2014.09.10 02:33:18.086,0.85045,0.85075,3.15,1.12
2014.09.10 02:33:18.645,0.85048,0.8508,2.02,1.37
2014.09.10 02:33:28.595,0.8505,0.85079,1.00,2.40
2014.09.10 02:33:29.282,0.85045,0.8508,1.37,3.15
2014.09.10 02:33:31.868,0.85045,0.8508,1.50,3.15
2014.09.10 02:33:33.873,0.85044,0.8508,1.75,2.40
2014.09.10 02:33:34.084,0.85042,0.8508,2.40,3.15
2014.09.10 02:33:37.999,0.85046,0.8508,2.02,1.75
2014.09.10 02:33:38.414,0.85046,0.8508,2.40,1.50
2014.09.10 02:33:42.492,0.85043,0.8508,2.40,1.75
2014.09.10 02:33:42.701,0.85042,0.85079,2.02,2.40
2014.09.10 02:33:42.802,0.85041,0.85077,2.02,2.40
2014.09.10 02:33:43.163,0.8504,0.85075,1.37,3.15
2014.09.10 02:33:43.498,0.8504,0.8507,1.37,1.37
2014.09.10 02:33:44.397,0.8504,0.8507,1.37,1.37
2014.09.10 02:33:45.523,0.8504,0.85072,1.37,2.02
2014.09.10 02:33:46.133,0.8504,0.85072,1.37,2.40
2014.09.10 02:33:46.652,0.85045,0.85072,1.00,2.40
2014.09.10 02:33:46.845,0.85045,0.85073,1.00,2.02
2014.09.10 02:33:47.405,0.8504,0.85073,3.15,2.40
2014.09.10 02:33:50.712,0.85045,0.85073,1.37,2.02
2014.09.10 02:33:50.863,0.8504,0.85073,2.77,2.02
2014.09.10 02:33:50.917,0.8504,0.85073,3.15,2.02
2014.09.10 02:33:51.168,0.85045,0.85074,1.37,2.02
2014.09.10 02:33:51.677,0.85045,0.85075,2.77,1.37
2014.09.10 02:33:51.732,0.85045,0.85075,2.77,1.37
2014.09.10 02:33:53.648,0.85045,0.85079,3.15,2.02
2014.09.10 02:33:53.799,0.8505,0.85079,1.12,2.02
2014.09.10 02:33:53.900,0.8505,0.85079,1.37,2.02
2014.09.10 02:33:54.001,0.8505,0.8508,1.00,1.00
2014.09.10 02:33:54.336,0.85046,0.8508,1.65,1.00
2014.09.10 02:33:54.444,0.8505,0.8508,1.00,1.00
2014.09.10 02:33:54.883,0.85046,0.8508,1.65,1.00
2014.09.10 02:33:56.670,0.85046,0.8508,2.40,1.75
2014.09.10 02:33:57.283,0.85046,0.8508,2.02,1.75
2014.09.10 02:33:57.980,0.85046,0.8508,2.40,1.50
2014.09.10 02:33:58.678,0.85047,0.8508,2.40,1.37
2014.09.10 02:33:59.194,0.85045,0.8508,3.15,1.37
2014.09.10 02:33:59.836,0.85048,0.85083,2.02,2.40
2014.09.10 02:34:00.343,0.85047,0.85083,2.40,2.40
2014.09.10 02:34:00.597,0.85046,0.85075,2.02,1.37
2014.09.10 02:34:00.848,0.85045,0.85073,1.00,2.02
2014.09.10 02:34:01.179,0.8504,0.85073,1.37,2.02
2014.09.10 02:34:01.714,0.8504,0.85073,1.75,1.65
2014.09.10 02:34:01.764,0.85043,0.85075,2.40,1.12
2014.09.10 02:34:02.265,0.85047,0.8508,2.02,2.77
2014.09.10 02:34:03.208,0.85047,0.8508,2.40,2.77
2014.09.10 02:34:04.342,0.85047,0.8508,2.40,2.02
2014.09.10 02:34:04.442,0.85045,0.8508,3.15,1.37
2014.09.10 02:34:04.543,0.85046,0.85081,2.40,1.50
2014.09.10 02:34:05.854,0.85045,0.8508,2.77,1.97
2014.09.10 02:34:05.904,0.85044,0.85071,2.02,1.00
2014.09.10 02:34:06.055,0.85039,0.85071,3.75,1.37
2014.09.10 02:34:06.444,0.8504,0.8507,1.37,1.37
2014.09.10 02:34:09.738,0.8504,0.85075,1.37,1.75
2014.09.10 02:34:10.043,0.85035,0.8507,1.75,1.75
2014.09.10 02:34:12.353,0.85039,0.85073,1.37,2.40
2014.09.10 02:34:12.668,0.85035,0.8507,3.15,1.37
2014.09.10 02:34:12.776,0.85036,0.8507,1.65,1.00
2014.09.10 02:34:13.055,0.85035,0.85075,1.12,1.00
2014.09.10 02:34:13.305,0.85035,0.8507,1.12,1.00
2014.09.10 02:34:13.658,0.85029,0.85066,1.75,1.00
2014.09.10 02:34:13.759,0.8503,0.8507,1.50,1.00
2014.09.10 02:34:13.874,0.8503,0.85065,1.50,1.00
2014.09.10 02:34:13.974,0.8503,0.8507,1.50,1.00
2014.09.10 02:34:15.585,0.85029,0.85066,1.75,1.00
2014.09.10 02:34:16.793,0.8503,0.8507,1.50,1.00
2014.09.10 02:34:17.089,0.8503,0.8507,1.75,1.75
2014.09.10 02:34:18.296,0.8503,0.8507,1.75,1.75
2014.09.10 02:34:19.803,0.8503,0.8507,1.75,1.75
2014.09.10 02:34:20.136,0.85029,0.85066,1.75,1.37
2014.09.10 02:34:23.715,0.85029,0.85066,1.75,1.50
2014.09.10 02:34:24.418,0.8503,0.8507,1.50,1.75
2014.09.10 02:34:24.922,0.8503,0.85065,1.75,1.37
2014.09.10 02:34:25.593,0.8503,0.8507,1.75,1.75
2014.09.10 02:34:27.031,0.8503,0.8507,1.75,1.75
2014.09.10 02:34:27.730,0.8503,0.8507,1.50,1.75
2014.09.10 02:34:28.237,0.8503,0.8507,1.75,1.75
2014.09.10 02:34:29.343,0.8503,0.85065,1.75,1.37
2014.09.10 02:34:29.884,0.8503,0.85065,1.75,1.37
2014.09.10 02:34:30.449,0.8503,0.85065,1.75,1.37
2014.09.10 02:34:31.081,0.8503,0.85065,1.75,1.12
2014.09.10 02:34:31.464,0.85029,0.85071,1.75,1.75
2014.09.10 02:34:32.020,0.85029,0.85071,1.75,1.75
2014.09.10 02:34:32.524,0.8503,0.85065,1.75,1.37
2014.09.10 02:34:35.274,0.8503,0.8507,1.75,1.50
2014.09.10 02:34:38.481,0.8503,0.8507,1.75,1.50
2014.09.10 02:34:44.617,0.85032,0.85066,2.40,1.37
2014.09.10 02:34:49.843,0.85033,0.85066,2.40,1.37
2014.09.10 02:34:50.344,0.8503,0.85065,2.10,1.37
2014.09.10 02:34:51.734,0.8503,0.85065,1.35,1.37
2014.09.10 02:34:52.036,0.8503,0.85065,1.35,1.37
2014.09.10 02:34:52.371,0.8503,0.85065,1.35,1.37
2014.09.10 02:34:53.345,0.8503,0.85065,2.10,1.37
2014.09.10 02:34:54.954,0.8503,0.85065,2.10,1.37
2014.09.10 02:34:55.055,0.8503,0.85065,1.35,1.00
2014.09.10 02:34:55.106,0.85028,0.8506,2.25,1.00
2014.09.10 02:34:55.206,0.85035,0.85075,1.00,1.00
2014.09.10 02:34:55.307,0.85034,0.85071,1.00,1.00
2014.09.10 02:34:55.456,0.85035,0.85075,1.00,1.00
2014.09.10 02:34:55.992,0.85035,0.85075,1.37,1.12
2014.09.10 02:34:56.336,0.85039,0.85076,1.00,1.37
2014.09.10 02:34:56.800,0.8504,0.8507,1.00,1.00
2014.09.10 02:34:57.714,0.85039,0.85071,1.00,1.00
2014.09.10 02:34:58.373,0.8504,0.85075,1.00,1.12
2014.09.10 02:34:58.424,0.8504,0.85075,1.37,1.75
2014.09.10 02:34:58.781,0.8504,0.8507,1.37,1.37
2014.09.10 02:34:58.882,0.8504,0.8507,1.50,1.37
2014.09.10 02:34:59.886,0.8504,0.8507,1.37,1.50
2014.09.10 02:35:00.187,0.8504,0.8507,1.00,1.75
2014.09.10 02:35:00.275,0.8503,0.8507,2.10,1.75
2014.09.10 02:35:00.526,0.85029,0.85066,1.50,1.75
2014.09.10 02:35:00.627,0.85025,0.8506,1.75,1.50
2014.09.10 02:35:00.828,0.85025,0.8506,1.00,1.00
2014.09.10 02:35:00.929,0.8502,0.8506,2.77,1.00
2014.09.10 02:35:01.013,0.85024,0.85061,1.00,1.00
2014.09.10 02:35:01.234,0.8502,0.8506,1.37,1.00
2014.09.10 02:35:01.346,0.85025,0.8506,1.00,1.00
2014.09.10 02:35:01.676,0.85025,0.8506,1.75,1.37
2014.09.10 02:35:01.827,0.8503,0.85065,1.00,1.00
2014.09.10 02:35:01.928,0.85025,0.85065,1.37,1.00
2014.09.10 02:35:02.028,0.8503,0.85065,1.00,1.00
2014.09.10 02:35:02.274,0.85025,0.85065,1.37,1.00
2014.09.10 02:35:03.033,0.85025,0.85065,1.75,1.37
2014.09.10 02:35:03.654,0.8503,0.85065,1.50,1.37
2014.09.10 02:35:04.212,0.8503,0.85065,1.75,1.37
2014.09.10 02:35:04.723,0.8503,0.85065,1.75,1.37
2014.09.10 02:35:05.244,0.85025,0.85065,1.75,1.37
2014.09.10 02:35:05.763,0.85025,0.85065,1.75,1.37
2014.09.10 02:35:08.950,0.85025,0.85065,1.75,1.37
2014.09.10 02:35:09.164,0.85025,0.85065,1.75,1.37
2014.09.10 02:35:10.330,0.8503,0.85065,1.75,1.37
2014.09.10 02:35:10.854,0.8503,0.85065,1.75,1.37
2014.09.10 02:35:12.039,0.8503,0.85065,1.75,1.37
2014.09.10 02:35:12.548,0.8503,0.85065,1.75,1.37
2014.09.10 02:35:12.697,0.8503,0.85065,1.75,1.37
2014.09.10 02:35:12.753,0.8503,0.85065,1.37,1.37
2014.09.10 02:35:12.990,0.85034,0.85066,1.37,2.77
2014.09.10 02:35:13.636,0.8503,0.85065,1.75,1.37
2014.09.10 02:35:13.938,0.85034,0.85066,1.37,2.77
2014.09.10 02:35:15.415,0.8503,0.85065,1.75,2.77
2014.09.10 02:35:16.294,0.8503,0.85062,1.37,2.40
2014.09.10 02:35:16.394,0.85025,0.85061,2.40,3.15
2014.09.10 02:35:16.495,0.85019,0.8506,1.75,2.02
2014.09.10 02:35:16.596,0.85019,0.8506,1.75,2.40
2014.09.10 02:35:17.116,0.85019,0.8506,1.75,2.02
2014.09.10 02:35:17.318,0.85019,0.85061,3.15,1.37
2014.09.10 02:35:17.928,0.85025,0.85062,1.37,2.40
2014.09.10 02:35:18.003,0.85025,0.85062,1.37,2.02
2014.09.10 02:35:18.105,0.85025,0.85062,1.50,2.40
2014.09.10 02:35:18.709,0.85025,0.85059,1.50,2.02
2014.09.10 02:35:19.628,0.85025,0.85059,1.75,2.02
2014.09.10 02:35:20.219,0.85025,0.85059,1.50,2.02
2014.09.10 02:35:21.434,0.85025,0.85059,1.75,2.02
2014.09.10 02:35:21.739,0.8503,0.85059,1.37,2.02
2014.09.10 02:35:22.241,0.85029,0.85059,1.37,2.02
2014.09.10 02:35:22.879,0.85029,0.85059,1.37,2.02
2014.09.10 02:35:23.224,0.85029,0.8506,1.75,2.02
2014.09.10 02:35:24.774,0.8503,0.85061,1.75,2.02
2014.09.10 02:35:26.066,0.8503,0.85062,1.75,1.65
2014.09.10 02:35:26.890,0.8503,0.85062,1.75,2.02
2014.09.10 02:35:27.434,0.8503,0.85062,1.50,2.02
2014.09.10 02:35:27.584,0.8503,0.85062,1.37,2.02
2014.09.10 02:35:27.782,0.8503,0.85062,1.50,2.02
2014.09.10 02:35:28.491,0.8503,0.8506,1.37,1.37
2014.09.10 02:35:28.994,0.85035,0.85062,1.12,2.02
2014.09.10 02:35:29.608,0.85035,0.85062,1.00,2.02
2014.09.10 02:35:30.121,0.8503,0.8506,1.37,1.37
2014.09.10 02:35:30.222,0.8503,0.8506,1.50,1.37
2014.09.10 02:35:30.766,0.85029,0.85061,1.75,1.37
2014.09.10 02:35:31.845,0.85029,0.85061,1.75,1.37
2014.09.10 02:35:32.160,0.85035,0.85069,1.37,2.40
2014.09.10 02:35:32.419,0.85035,0.85069,1.00,2.02
2014.09.10 02:35:32.519,0.85035,0.85065,1.00,1.00
2014.09.10 02:35:32.733,0.8503,0.85065,1.00,1.00
2014.09.10 02:35:32.884,0.85035,0.85065,1.00,1.00
2014.09.10 02:35:33.065,0.8503,0.85065,1.00,1.00
2014.09.10 02:35:33.324,0.8503,0.85065,1.75,1.50
2014.09.10 02:35:34.154,0.8503,0.85065,1.50,1.75
2014.09.10 02:35:34.692,0.8503,0.85065,1.37,1.75
2014.09.10 02:35:36.082,0.8503,0.85065,1.37,3.75
2014.09.10 02:35:36.952,0.85029,0.85065,1.75,2.62
2014.09.10 02:35:37.053,0.85026,0.8506,2.40,1.00
2014.09.10 02:35:37.256,0.85032,0.85065,2.40,2.62
2014.09.10 02:35:37.475,0.85032,0.85065,2.40,2.77
2014.09.10 02:35:37.684,0.85035,0.85067,2.77,2.62
2014.09.10 02:35:37.885,0.85035,0.8507,1.75,1.37
2014.09.10 02:35:38.403,0.85034,0.8507,2.40,2.77
2014.09.10 02:35:39.484,0.85037,0.8507,2.40,1.37
2014.09.10 02:35:39.985,0.85037,0.8507,2.02,1.37
2014.09.10 02:35:40.186,0.85034,0.8507,2.40,1.50
2014.09.10 02:35:40.287,0.85034,0.8507,2.02,1.00
2014.09.10 02:35:40.438,0.85036,0.85075,1.65,1.37
2014.09.10 02:35:40.655,0.85039,0.85076,1.00,1.37
2014.09.10 02:35:41.195,0.8504,0.8508,1.37,1.60
2014.09.10 02:35:41.284,0.8504,0.8508,1.37,1.00
2014.09.10 02:35:41.798,0.85039,0.85081,1.37,1.00
2014.09.10 02:35:43.074,0.85042,0.8508,2.02,1.00
2014.09.10 02:35:43.272,0.85042,0.8508,2.40,1.37
2014.09.10 02:35:43.773,0.85042,0.8508,2.40,1.37
2014.09.10 02:35:44.075,0.85045,0.85085,1.75,3.15
2014.09.10 02:35:44.477,0.85048,0.85085,2.40,1.75
2014.09.10 02:35:45.177,0.85048,0.85085,2.40,1.75
2014.09.10 02:35:45.524,0.8505,0.85084,1.75,2.02
2014.09.10 02:35:46.281,0.85052,0.85089,2.40,3.00
2014.09.10 02:35:46.493,0.85051,0.85087,2.02,2.62
2014.09.10 02:35:46.703,0.8505,0.85082,2.02,2.40
2014.09.10 02:35:46.782,0.8505,0.85082,2.02,2.40
2014.09.10 02:35:47.034,0.85049,0.85081,2.02,1.37
2014.09.10 02:35:47.084,0.85049,0.85081,2.02,1.75
2014.09.10 02:35:47.585,0.85045,0.8508,2.40,1.37
2014.09.10 02:35:48.093,0.85045,0.8508,2.40,1.50
2014.09.10 02:35:49.789,0.85045,0.8508,2.40,1.50
2014.09.10 02:35:49.903,0.85045,0.8508,2.02,1.75
2014.09.10 02:35:56.806,0.85044,0.85077,2.40,2.02
2014.09.10 02:35:58.523,0.85044,0.85077,2.40,2.02
2014.09.10 02:35:59.424,0.85044,0.85075,2.02,1.12
2014.09.10 02:35:59.732,0.85048,0.8508,2.02,2.02
2014.09.10 02:35:59.833,0.85045,0.85075,2.40,1.00
2014.09.10 02:35:59.984,0.85047,0.85075,1.65,1.00
2014.09.10 02:36:00.034,0.8505,0.85083,1.00,2.02
2014.09.10 02:36:00.135,0.85046,0.8508,1.65,1.00
2014.09.10 02:36:00.242,0.85048,0.85081,1.65,1.00
2014.09.10 02:36:00.572,0.85046,0.85075,1.65,1.00
2014.09.10 02:36:00.683,0.8505,0.8508,1.00,1.00
2014.09.10 02:36:00.785,0.85049,0.85083,1.00,2.02
2014.09.10 02:36:01.123,0.8505,0.8508,1.65,1.00
2014.09.10 02:36:01.333,0.8505,0.85086,1.65,2.77
2014.09.10 02:36:03.322,0.8505,0.85085,2.77,1.75
2014.09.10 02:36:04.724,0.8505,0.85085,3.15,1.75
2014.09.10 02:36:05.326,0.85049,0.85086,3.15,3.15
2014.09.10 02:36:05.852,0.85049,0.85086,3.15,2.40
2014.09.10 02:36:17.663,0.8505,0.85086,1.75,2.40
2014.09.10 02:36:19.762,0.85055,0.85086,1.37,2.40
2014.09.10 02:36:21.161,0.8505,0.85086,1.75,2.40
2014.09.10 02:36:21.913,0.8505,0.85084,1.75,2.02
2014.09.10 02:36:22.408,0.8505,0.85085,3.15,1.37
2014.09.10 02:36:22.509,0.8505,0.85083,3.15,2.02
2014.09.10 02:36:22.614,0.8505,0.85083,2.77,2.02
2014.09.10 02:36:22.715,0.8505,0.85081,1.37,2.02
2014.09.10 02:36:31.019,0.85049,0.85082,1.37,2.40
2014.09.10 02:36:34.640,0.85049,0.85083,1.37,2.40
2014.09.10 02:36:35.892,0.85049,0.85083,1.37,2.02
2014.09.10 02:36:43.409,0.8505,0.85083,2.02,2.02
2014.09.10 02:36:43.510,0.8505,0.85083,2.02,2.02
2014.09.10 02:36:43.691,0.8505,0.85084,2.02,2.02
2014.09.10 02:36:46.071,0.8505,0.85084,3.15,2.02
2014.09.10 02:36:46.373,0.85055,0.85088,3.15,2.62
2014.09.10 02:36:47.070,0.85056,0.85087,2.40,1.30
2014.09.10 02:36:49.180,0.85056,0.8509,2.40,2.10
2014.09.10 02:36:49.482,0.85056,0.85087,2.40,1.30
2014.09.10 02:36:50.002,0.85056,0.85087,2.40,1.30
2014.09.10 02:36:50.800,0.85057,0.8509,2.02,3.37
2014.09.10 02:36:50.900,0.85057,0.8509,2.40,3.37
2014.09.10 02:36:51.051,0.8506,0.8509,3.00,1.12
2014.09.10 02:36:51.102,0.8507,0.85093,1.00,2.02
2014.09.10 02:36:51.202,0.85065,0.85095,1.37,1.37
2014.09.10 02:36:51.339,0.85065,0.85095,1.37,1.12
2014.09.10 02:36:51.440,0.85065,0.85095,1.75,1.00
2014.09.10 02:36:53.421,0.85066,0.85095,2.40,1.00
2014.09.10 02:36:53.522,0.85065,0.85095,3.15,1.00
2014.09.10 02:36:54.408,0.85065,0.85095,3.15,1.00
2014.09.10 02:36:54.743,0.8507,0.85095,2.02,1.00
2014.09.10 02:36:54.944,0.8507,0.85105,1.75,1.37
2014.09.10 02:36:55.112,0.8507,0.85105,1.75,1.37
2014.09.10 02:36:55.453,0.8507,0.85105,3.15,1.37
2014.09.10 02:36:56.231,0.8507,0.85105,1.37,1.37
2014.09.10 02:36:57.022,0.85069,0.851,2.02,1.00
2014.09.10 02:36:57.275,0.85065,0.851,2.77,1.00
2014.09.10 02:36:57.325,0.8507,0.85105,1.00,1.00
2014.09.10 02:36:57.661,0.85071,0.851,1.65,1.00
2014.09.10 02:36:58.271,0.8507,0.851,2.40,1.00
2014.09.10 02:36:58.862,0.85069,0.851,1.65,1.00
2014.09.10 02:36:58.962,0.85065,0.851,1.12,1.00
2014.09.10 02:36:59.102,0.8507,0.851,1.00,1.00
2014.09.10 02:36:59.962,0.85068,0.851,1.65,1.00
2014.09.10 02:37:00.081,0.85068,0.85095,1.65,1.00
2014.09.10 02:37:00.566,0.85067,0.85095,2.02,1.37
2014.09.10 02:37:01.132,0.85062,0.85095,2.40,1.37
2014.09.10 02:37:01.901,0.85063,0.85095,2.40,1.37
2014.09.10 02:37:03.107,0.85063,0.85095,2.40,1.37
2014.09.10 02:37:03.157,0.85063,0.8509,2.40,1.00
2014.09.10 02:37:03.386,0.85061,0.85096,2.40,2.77
2014.09.10 02:37:04.611,0.85065,0.85095,1.37,1.37
2014.09.10 02:37:05.787,0.85063,0.85095,2.40,1.37
2014.09.10 02:37:05.888,0.85066,0.85095,2.40,1.00
2014.09.10 02:37:06.189,0.8507,0.851,1.37,1.37
2014.09.10 02:37:06.491,0.85071,0.851,2.02,1.37
2014.09.10 02:37:07.071,0.8507,0.851,3.15,1.37
2014.09.10 02:37:08.321,0.8507,0.851,1.37,1.37
2014.09.10 02:37:08.608,0.85069,0.85101,1.50,1.37
2014.09.10 02:37:08.759,0.85069,0.85101,1.37,1.12
2014.09.10 02:37:09.314,0.8507,0.851,1.37,1.00
2014.09.10 02:37:13.442,0.85069,0.851,2.02,1.37
2014.09.10 02:37:13.762,0.8507,0.851,1.00,1.50
2014.09.10 02:37:13.863,0.85065,0.85096,2.62,1.37
2014.09.10 02:37:14.441,0.85064,0.85096,2.77,1.37
2014.09.10 02:37:15.176,0.85065,0.85095,2.77,1.37
2014.09.10 02:37:17.168,0.85065,0.85095,2.77,1.37
2014.09.10 02:37:18.383,0.85065,0.85096,2.02,1.37
2014.09.10 02:37:18.891,0.85066,0.85095,2.02,1.37
2014.09.10 02:37:25.701,0.85067,0.85095,2.02,1.37
2014.09.10 02:37:26.612,0.85064,0.85095,2.02,1.50
2014.09.10 02:37:28.390,0.85063,0.85095,2.02,2.77
2014.09.10 02:37:28.611,0.85067,0.8509,2.02,1.00
2014.09.10 02:37:28.897,0.85064,0.85095,2.02,1.37
2014.09.10 02:37:31.119,0.85066,0.85091,2.02,1.00
2014.09.10 02:37:31.630,0.85063,0.85091,2.02,1.12
2014.09.10 02:37:32.290,0.85065,0.85095,1.37,1.37
2014.09.10 02:37:32.899,0.85065,0.85095,1.37,1.37
2014.09.10 02:37:35.244,0.85065,0.85095,1.50,1.12
2014.09.10 02:37:35.433,0.85064,0.85095,2.02,1.00
2014.09.10 02:37:35.641,0.85064,0.85095,2.40,1.00
2014.09.10 02:37:37.109,0.85067,0.85095,2.02,1.12
2014.09.10 02:37:37.451,0.85064,0.85095,2.02,1.37
2014.09.10 02:37:38.943,0.85065,0.85095,2.02,1.37
2014.09.10 02:37:40.816,0.85065,0.85095,2.02,1.50
2014.09.10 02:37:41.533,0.85064,0.85095,2.02,1.37
2014.09.10 02:37:44.841,0.85064,0.85095,2.02,1.37
2014.09.10 02:37:45.554,0.85064,0.85095,2.02,1.37
2014.09.10 02:37:49.847,0.85065,0.85095,1.37,1.37
2014.09.10 02:37:51.838,0.85065,0.85095,1.37,1.50
2014.09.10 02:37:53.086,0.85065,0.85095,1.12,1.75
2014.09.10 02:37:55.082,0.85062,0.85085,2.02,1.00
2014.09.10 02:37:55.631,0.85059,0.85086,2.62,1.12
2014.09.10 02:37:55.681,0.8506,0.85086,1.30,1.12
2014.09.10 02:37:55.960,0.8506,0.85085,1.30,1.37
2014.09.10 02:37:59.472,0.85057,0.85085,2.62,1.37
2014.09.10 02:38:00.452,0.85057,0.85086,2.02,1.50
2014.09.10 02:38:01.186,0.85057,0.85086,2.02,1.75
2014.09.10 02:38:01.788,0.85057,0.85085,1.65,1.37
2014.09.10 02:38:08.651,0.8506,0.85091,1.65,1.75
2014.09.10 02:38:08.880,0.85058,0.8509,2.02,1.75
2014.09.10 02:38:09.031,0.85058,0.8509,2.02,1.75
2014.09.10 02:38:17.042,0.85058,0.8509,2.02,1.75
2014.09.10 02:38:17.646,0.85058,0.8509,2.02,1.75
2014.09.10 02:38:18.154,0.85056,0.8509,2.02,3.15
2014.09.10 02:38:18.458,0.85056,0.8509,2.02,3.15
2014.09.10 02:38:18.963,0.8506,0.8509,1.00,3.15
2014.09.10 02:38:20.169,0.8506,0.85089,1.12,2.40
2014.09.10 02:38:20.904,0.8506,0.85089,1.00,2.02
2014.09.10 02:38:21.513,0.85056,0.85089,2.02,2.02
2014.09.10 02:38:33.206,0.85056,0.85089,2.02,2.40
2014.09.10 02:38:42.851,0.85057,0.8509,2.02,2.77
2014.09.10 02:38:43.072,0.85058,0.8509,2.02,2.02
2014.09.10 02:38:43.620,0.85059,0.85091,2.77,2.02
2014.09.10 02:38:43.741,0.85059,0.85091,2.77,2.02
2014.09.10 02:38:44.242,0.85059,0.85091,2.77,2.02
2014.09.10 02:38:44.750,0.85059,0.85091,3.15,2.02
2014.09.10 02:38:44.992,0.85059,0.85094,3.00,1.65
2014.09.10 02:38:45.093,0.85062,0.85094,1.65,1.65
2014.09.10 02:38:45.606,0.85062,0.85095,1.65,2.40
2014.09.10 02:38:45.985,0.85062,0.85095,2.02,2.77
2014.09.10 02:38:46.975,0.85062,0.85095,2.02,2.77
2014.09.10 02:38:49.781,0.85064,0.85095,1.65,1.37
2014.09.10 02:38:51.791,0.85064,0.85096,2.02,1.37
2014.09.10 02:38:56.301,0.85066,0.85095,1.65,1.37
2014.09.10 02:38:56.352,0.85066,0.85096,2.02,1.37
2014.09.10 02:38:56.452,0.85066,0.85095,2.02,1.37
2014.09.10 02:38:56.753,0.85065,0.851,3.75,1.75
2014.09.10 02:38:57.054,0.8507,0.851,1.12,1.37
2014.09.10 02:38:57.159,0.8507,0.851,1.37,1.75
2014.09.10 02:38:57.238,0.8507,0.851,1.00,1.00
2014.09.10 02:38:57.329,0.85065,0.851,3.00,1.00
2014.09.10 02:38:57.769,0.8507,0.851,1.00,1.00
2014.09.10 02:38:58.143,0.8507,0.851,2.77,1.50
2014.09.10 02:39:01.353,0.8507,0.851,2.77,1.50
2014.09.10 02:39:02.558,0.8507,0.851,2.77,1.75
2014.09.10 02:39:05.409,0.8507,0.851,1.12,1.50
2014.09.10 02:39:05.672,0.8507,0.851,1.37,1.50
2014.09.10 02:39:06.126,0.85066,0.851,2.62,1.75
2014.09.10 02:39:06.726,0.8507,0.851,1.00,1.75
2014.09.10 02:39:17.351,0.85069,0.85101,1.12,1.75
2014.09.10 02:39:19.969,0.85069,0.85099,1.37,2.02
2014.09.10 02:39:20.170,0.85066,0.85098,2.62,2.40
2014.09.10 02:39:20.924,0.85065,0.85095,3.37,1.37
2014.09.10 02:39:20.975,0.85065,0.85095,3.37,1.50
2014.09.10 02:39:25.596,0.85065,0.85095,3.37,1.37
2014.09.10 02:39:28.897,0.85065,0.85096,2.02,1.37
2014.09.10 02:39:29.601,0.85067,0.851,2.02,2.40
2014.09.10 02:39:29.906,0.8507,0.851,1.37,2.77
2014.09.10 02:39:29.957,0.85073,0.851,1.65,1.37
2014.09.10 02:39:30.258,0.85073,0.85105,2.02,1.75
2014.09.10 02:39:31.258,0.85073,0.85106,2.02,3.15
2014.09.10 02:39:31.315,0.85073,0.85106,1.65,3.15
2014.09.10 02:39:31.366,0.85071,0.85106,2.02,3.15
2014.09.10 02:39:32.138,0.85071,0.851,2.02,1.37
2014.09.10 02:39:32.239,0.85071,0.851,2.02,1.37
2014.09.10 02:39:32.317,0.85071,0.851,2.02,1.37
2014.09.10 02:39:33.620,0.85071,0.851,2.02,1.37
2014.09.10 02:39:35.550,0.85071,0.85101,2.02,1.37
2014.09.10 02:39:37.430,0.85071,0.85101,2.02,1.37
2014.09.10 02:39:37.580,0.85069,0.85101,2.02,1.75
2014.09.10 02:39:38.102,0.85066,0.85095,2.02,1.37
2014.09.10 02:39:41.645,0.85066,0.85095,2.02,1.37
2014.09.10 02:40:01.746,0.85065,0.85095,2.77,1.75
2014.09.10 02:40:02.255,0.85065,0.85095,2.77,1.75
2014.09.10 02:40:03.516,0.85065,0.85095,2.77,1.50
2014.09.10 02:40:04.549,0.85065,0.85095,2.77,1.37
2014.09.10 02:40:04.861,0.85068,0.85095,2.02,1.37
2014.09.10 02:40:05.120,0.85069,0.85101,2.02,1.50
2014.09.10 02:40:05.420,0.85071,0.85101,2.02,1.75
2014.09.10 02:40:08.928,0.85071,0.85101,2.02,1.37
2014.09.10 02:40:10.938,0.85071,0.85101,2.02,1.37
2014.09.10 02:40:11.272,0.85071,0.85101,2.02,1.50
2014.09.10 02:40:13.272,0.85071,0.851,2.02,1.75
2014.09.10 02:40:13.473,0.85069,0.85095,1.65,1.37
2014.09.10 02:40:13.674,0.85065,0.85095,1.97,1.37
2014.09.10 02:40:13.790,0.85064,0.85095,2.25,1.00
2014.09.10 02:40:13.941,0.85064,0.8509,2.25,1.00
2014.09.10 02:40:14.659,0.85062,0.85091,2.10,1.00
2014.09.10 02:40:15.251,0.85062,0.8509,2.10,1.00
2014.09.10 02:40:16.472,0.85062,0.85095,2.10,2.40
2014.09.10 02:40:16.573,0.85062,0.8509,2.10,1.00
2014.09.10 02:40:17.075,0.85065,0.85095,1.97,1.37
2014.09.10 02:40:17.125,0.85062,0.85095,3.75,1.00
2014.09.10 02:40:19.619,0.85067,0.85095,2.62,1.37
2014.09.10 02:40:19.731,0.85066,0.85095,2.25,1.37
2014.09.10 02:40:20.232,0.85066,0.85095,2.62,1.37
2014.09.10 02:40:21.533,0.85066,0.85096,2.25,1.37
2014.09.10 02:40:22.936,0.85066,0.85096,2.62,1.37
2014.09.10 02:40:26.451,0.85066,0.85095,2.62,1.37
2014.09.10 02:40:26.653,0.85062,0.85095,4.12,1.50
2014.09.10 02:40:27.654,0.85062,0.85095,4.12,1.37
2014.09.10 02:40:28.201,0.85064,0.85095,2.62,1.50
2014.09.10 02:40:29.458,0.85064,0.85095,2.62,1.37
2014.09.10 02:40:30.883,0.85064,0.85095,2.62,1.37
2014.09.10 02:40:31.184,0.85068,0.851,2.62,1.50
2014.09.10 02:40:31.404,0.85068,0.851,2.62,1.37
2014.09.10 02:40:31.570,0.8507,0.851,2.02,1.37
2014.09.10 02:40:31.671,0.85071,0.85106,2.02,1.75
2014.09.10 02:40:32.096,0.85072,0.851,2.02,1.12
2014.09.10 02:40:32.640,0.85073,0.851,2.02,1.12
2014.09.10 02:40:37.884,0.85074,0.85105,2.02,1.75
2014.09.10 02:40:41.790,0.85074,0.85105,2.02,1.37
2014.09.10 02:40:42.245,0.85076,0.851,2.02,1.00
2014.09.10 02:40:50.024,0.85073,0.851,2.02,1.00
2014.09.10 02:40:50.579,0.85073,0.851,2.40,1.00
2014.09.10 02:40:52.388,0.85073,0.85095,2.40,1.00
2014.09.10 02:40:54.643,0.85073,0.85095,2.40,1.00
2014.09.10 02:40:58.952,0.85074,0.85095,2.02,1.00
2014.09.10 02:40:59.002,0.85074,0.851,2.02,1.00
2014.09.10 02:40:59.209,0.85074,0.85095,2.02,1.00
2014.09.10 02:41:00.117,0.85074,0.851,2.02,1.00
2014.09.10 02:41:03.068,0.85075,0.851,2.02,1.00
2014.09.10 02:41:15.090,0.85076,0.851,2.02,1.00
2014.09.10 02:41:19.734,0.85076,0.851,2.02,1.00
2014.09.10 02:41:20.255,0.85076,0.851,2.02,1.00
2014.09.10 02:41:21.016,0.85076,0.851,2.02,1.00
2014.09.10 02:41:23.938,0.85075,0.851,2.02,1.00
2014.09.10 02:41:24.070,0.85075,0.85095,2.02,1.00
2014.09.10 02:41:24.548,0.85073,0.851,2.02,1.00
2014.09.10 02:41:25.158,0.85073,0.851,2.02,1.00
2014.09.10 02:41:27.038,0.85073,0.85096,2.02,1.00
2014.09.10 02:41:29.569,0.85073,0.851,2.02,1.00
2014.09.10 02:41:29.680,0.85073,0.85096,2.02,1.00
2014.09.10 02:41:29.845,0.85073,0.85096,1.65,1.00
2014.09.10 02:41:29.898,0.85073,0.85101,1.65,1.00
2014.09.10 02:41:32.472,0.85073,0.851,1.65,1.00
2014.09.10 02:41:32.868,0.85073,0.85095,1.65,1.00
2014.09.10 02:41:33.659,0.85073,0.85095,2.02,1.00
2014.09.10 02:41:34.121,0.85073,0.851,2.02,1.00
2014.09.10 02:41:37.267,0.85073,0.85101,2.02,1.12
2014.09.10 02:41:38.167,0.85073,0.85101,2.02,1.12
2014.09.10 02:41:46.187,0.85073,0.85101,2.02,1.12
2014.09.10 02:41:48.817,0.85073,0.851,2.02,1.00
2014.09.10 02:41:49.635,0.85075,0.85105,1.37,1.37
2014.09.10 02:41:49.736,0.85075,0.85105,2.77,1.37
2014.09.10 02:41:50.487,0.85075,0.851,2.02,1.00
2014.09.10 02:41:55.611,0.85075,0.851,2.40,1.00
2014.09.10 02:41:59.734,0.85077,0.851,2.02,1.00
2014.09.10 02:41:59.835,0.85076,0.85105,2.40,1.37
2014.09.10 02:42:00.148,0.85075,0.851,2.40,1.00
2014.09.10 02:42:00.859,0.85075,0.851,2.02,1.00
2014.09.10 02:42:05.749,0.85075,0.851,2.40,1.00
2014.09.10 02:42:07.527,0.85077,0.85106,2.02,1.37
2014.09.10 02:42:07.629,0.85077,0.85101,2.02,1.00
2014.09.10 02:42:15.219,0.85077,0.851,2.02,1.00
2014.09.10 02:42:21.047,0.85077,0.85101,2.02,1.00
2014.09.10 02:42:24.569,0.85077,0.851,2.02,1.00
2014.09.10 02:42:28.747,0.85077,0.85101,2.02,1.00
2014.09.10 02:42:33.647,0.85077,0.85101,2.02,1.00
2014.09.10 02:42:34.193,0.85077,0.851,2.02,1.00
2014.09.10 02:42:45.408,0.85077,0.851,2.40,1.00
2014.09.10 02:42:45.609,0.8508,0.85105,2.02,1.00
2014.09.10 02:42:45.709,0.85079,0.85105,2.40,1.00
2014.09.10 02:42:45.910,0.85083,0.8511,1.65,1.00
2014.09.10 02:42:46.127,0.85083,0.85105,1.65,1.00
2014.09.10 02:42:46.346,0.85082,0.8511,1.65,1.00
2014.09.10 02:42:46.683,0.85084,0.8511,1.65,1.00
2014.09.10 02:42:46.884,0.8508,0.8511,1.00,1.00
2014.09.10 02:42:46.935,0.85079,0.85106,1.65,1.00
2014.09.10 02:42:47.296,0.85082,0.85105,1.65,1.00
2014.09.10 02:42:47.347,0.85082,0.8511,1.65,1.00
2014.09.10 02:42:48.057,0.85083,0.8511,1.65,1.00
2014.09.10 02:42:49.167,0.85081,0.8511,1.65,1.00
2014.09.10 02:42:49.217,0.85081,0.8511,2.02,1.37
2014.09.10 02:42:49.603,0.85082,0.8511,2.02,1.37
2014.09.10 02:42:50.037,0.8508,0.85105,2.40,1.00
2014.09.10 02:42:56.337,0.8508,0.85105,2.02,1.00
2014.09.10 02:42:56.468,0.8508,0.851,2.02,1.00
2014.09.10 02:42:56.518,0.8508,0.851,2.02,1.00
2014.09.10 02:42:56.738,0.85079,0.85105,2.02,1.00
2014.09.10 02:42:56.918,0.85078,0.851,2.40,1.00
2014.09.10 02:42:57.136,0.85078,0.85105,2.40,1.00
2014.09.10 02:42:57.236,0.8508,0.85105,2.02,1.12
2014.09.10 02:42:57.538,0.8508,0.85105,2.40,1.00
2014.09.10 02:42:58.223,0.8508,0.85105,2.02,1.00
2014.09.10 02:42:59.329,0.85079,0.85106,2.02,1.12
2014.09.10 02:42:59.543,0.8508,0.85106,2.02,1.12
2014.09.10 02:42:59.644,0.85077,0.85105,2.40,1.00
2014.09.10 02:43:00.156,0.85079,0.85105,2.40,1.00
2014.09.10 02:43:00.866,0.8508,0.85106,2.02,1.00
2014.09.10 02:43:01.418,0.85081,0.85105,2.02,1.00
2014.09.10 02:43:02.348,0.85081,0.85105,2.02,1.00
2014.09.10 02:43:03.386,0.85081,0.85105,2.02,1.00
2014.09.10 02:43:03.902,0.85081,0.85105,2.02,1.00
2014.09.10 02:43:04.302,0.8508,0.85105,2.02,1.12
2014.09.10 02:43:06.613,0.8508,0.85105,2.02,1.37
2014.09.10 02:43:07.200,0.8508,0.85105,2.02,1.12
2014.09.10 02:43:07.768,0.8508,0.85105,2.02,1.00
2014.09.10 02:43:08.312,0.85082,0.85105,2.02,1.00
2014.09.10 02:43:08.851,0.85083,0.85106,2.02,1.00
2014.09.10 02:43:13.826,0.85083,0.85106,2.02,1.12
2014.09.10 02:43:14.027,0.85079,0.85105,2.02,1.37
2014.09.10 02:43:32.844,0.85076,0.85105,2.02,1.37
2014.09.10 02:43:34.486,0.85076,0.85105,2.40,1.37
2014.09.10 02:43:34.687,0.85078,0.85106,2.02,1.12
2014.09.10 02:43:34.856,0.85078,0.85106,2.40,1.00
2014.09.10 02:43:35.049,0.85081,0.8511,2.02,1.37
2014.09.10 02:43:38.663,0.85081,0.85111,2.02,1.37
2014.09.10 02:43:40.057,0.85081,0.85111,2.40,1.37
2014.09.10 02:43:40.407,0.85081,0.8511,2.02,1.37
2014.09.10 02:43:40.727,0.85079,0.85105,2.02,1.12
2014.09.10 02:43:41.056,0.85082,0.8511,2.02,1.37
2014.09.10 02:43:41.864,0.85082,0.8511,2.02,1.37
2014.09.10 02:43:41.914,0.85082,0.85105,2.02,1.00
2014.09.10 02:43:42.252,0.85082,0.85105,2.02,1.00
2014.09.10 02:43:42.995,0.85082,0.8511,2.02,1.37
2014.09.10 02:43:44.870,0.85082,0.8511,2.02,1.37
2014.09.10 02:43:44.971,0.85082,0.8511,2.02,1.37
2014.09.10 02:43:45.297,0.85083,0.8511,2.02,1.37
2014.09.10 02:43:46.674,0.85083,0.85111,2.02,1.37
2014.09.10 02:43:47.085,0.85083,0.85105,2.02,1.00
2014.09.10 02:43:47.175,0.85083,0.85105,1.65,1.00
2014.09.10 02:43:47.226,0.85079,0.85105,2.02,1.00
2014.09.10 02:43:47.427,0.85078,0.851,2.02,1.00
2014.09.10 02:43:48.825,0.85078,0.85105,2.02,1.12
2014.09.10 02:43:50.725,0.85082,0.85105,1.65,1.12
2014.09.10 02:43:50.926,0.85084,0.85111,2.02,1.37
2014.09.10 02:43:51.127,0.85082,0.85111,2.40,1.37
2014.09.10 02:43:51.825,0.85084,0.8511,2.62,1.00
2014.09.10 02:43:52.387,0.85084,0.8511,2.62,1.37
2014.09.10 02:43:57.196,0.85084,0.8511,2.62,1.37
2014.09.10 02:43:57.998,0.85084,0.8511,2.62,1.37
2014.09.10 02:43:58.428,0.85084,0.8511,2.62,1.37
2014.09.10 02:43:59.000,0.85084,0.8511,2.62,1.12
2014.09.10 02:44:00.402,0.85084,0.8511,2.02,1.00
2014.09.10 02:44:01.069,0.85083,0.8511,2.02,1.12
2014.09.10 02:44:03.125,0.85082,0.85105,2.40,1.00
2014.09.10 02:44:03.259,0.85081,0.85111,2.40,1.37
2014.09.10 02:44:03.409,0.85081,0.85111,2.40,1.00
2014.09.10 02:44:03.726,0.85081,0.8511,2.02,1.37
2014.09.10 02:44:05.214,0.85081,0.8511,2.02,1.37
2014.09.10 02:44:05.415,0.85081,0.8511,2.02,1.12
2014.09.10 02:44:05.645,0.85081,0.8511,2.40,1.12
2014.09.10 02:44:05.947,0.85089,0.85115,2.02,1.37
2014.09.10 02:44:06.417,0.85087,0.85116,2.02,1.12
2014.09.10 02:44:07.419,0.85087,0.85116,2.02,1.37
2014.09.10 02:44:07.920,0.85089,0.85116,2.02,1.37
2014.09.10 02:44:08.622,0.85089,0.85116,1.65,1.50
2014.09.10 02:44:08.672,0.85085,0.85115,2.02,1.37
2014.09.10 02:44:08.892,0.85089,0.85115,1.65,1.37
2014.09.10 02:44:09.075,0.85087,0.85115,2.02,1.37
2014.09.10 02:44:10.657,0.85085,0.85115,2.02,1.37
2014.09.10 02:44:11.291,0.85084,0.85115,2.02,1.50
2014.09.10 02:44:11.866,0.85084,0.85115,2.02,1.75
2014.09.10 02:44:19.352,0.85084,0.85111,2.40,1.00
2014.09.10 02:44:19.445,0.85084,0.85111,2.02,1.37
2014.09.10 02:44:19.596,0.85083,0.8511,2.40,1.00
2014.09.10 02:44:19.747,0.85082,0.8511,2.02,1.00
2014.09.10 02:44:19.848,0.85082,0.8511,1.65,1.00
2014.09.10 02:44:20.434,0.85083,0.85111,1.65,1.00
2014.09.10 02:44:21.258,0.85083,0.85111,2.02,1.37
2014.09.10 02:44:21.476,0.85082,0.8511,1.65,1.37
2014.09.10 02:44:21.577,0.85082,0.8511,2.02,1.12
2014.09.10 02:44:21.964,0.85079,0.8511,2.62,1.37
2014.09.10 02:44:22.434,0.85079,0.85105,2.02,1.00
2014.09.10 02:44:23.155,0.85076,0.85105,2.40,1.00
2014.09.10 02:44:23.849,0.85076,0.85106,2.40,1.00
2014.09.10 02:44:25.426,0.85076,0.85105,2.40,1.00
2014.09.10 02:44:27.015,0.85078,0.85105,2.02,1.00
2014.09.10 02:44:27.065,0.85078,0.8511,2.02,1.00
2014.09.10 02:44:27.216,0.85079,0.8511,2.02,1.00
2014.09.10 02:44:27.809,0.85081,0.8511,2.02,1.00
2014.09.10 02:44:29.894,0.85081,0.85111,2.02,1.00
2014.09.10 02:44:30.804,0.85081,0.8511,2.02,1.00
2014.09.10 02:44:31.441,0.85081,0.8511,2.02,1.00
2014.09.10 02:44:31.820,0.85081,0.8511,2.62,1.00
2014.09.10 02:44:32.136,0.85083,0.8511,3.00,1.00
2014.09.10 02:44:32.624,0.85082,0.8511,2.62,1.00
2014.09.10 02:44:33.414,0.85082,0.85111,2.62,1.00
2014.09.10 02:44:33.964,0.85082,0.8511,2.62,1.00
2014.09.10 02:44:35.936,0.85084,0.8511,2.02,1.00
2014.09.10 02:44:36.442,0.85082,0.8511,3.00,1.00
2014.09.10 02:44:46.066,0.85082,0.8511,2.62,1.00
2014.09.10 02:44:52.773,0.85082,0.85111,2.62,1.00
2014.09.10 02:44:53.324,0.85082,0.85111,3.00,1.00
2014.09.10 02:44:54.062,0.85082,0.85111,2.62,1.00
2014.09.10 02:44:57.372,0.85082,0.85111,2.62,1.12
2014.09.10 02:44:57.619,0.85082,0.8511,2.62,1.00
2014.09.10 02:44:58.984,0.85082,0.8511,3.00,1.00
2014.09.10 02:45:02.126,0.85082,0.85111,3.00,1.00
2014.09.10 02:45:02.637,0.85082,0.8511,2.02,1.00
2014.09.10 02:45:03.158,0.85082,0.8511,2.40,1.00
2014.09.10 02:45:03.807,0.85082,0.85111,2.40,1.12
2014.09.10 02:45:04.501,0.85082,0.85111,2.40,1.12
2014.09.10 02:45:06.011,0.85082,0.85111,2.40,1.12
2014.09.10 02:45:07.115,0.85082,0.85111,2.02,1.37
2014.09.10 02:45:07.417,0.85081,0.8511,2.02,1.37
2014.09.10 02:45:07.744,0.85081,0.85105,2.02,1.00
2014.09.10 02:45:08.184,0.85081,0.8511,2.02,1.12
2014.09.10 02:45:08.285,0.85081,0.85105,2.02,1.00
2014.09.10 02:45:08.925,0.85081,0.85105,2.02,1.00
2014.09.10 02:45:13.351,0.85078,0.85105,2.40,1.00
2014.09.10 02:45:14.126,0.85078,0.8511,2.40,1.37
2014.09.10 02:45:15.657,0.85078,0.85105,2.40,1.00
2014.09.10 02:45:17.871,0.85078,0.85105,2.40,1.00
2014.09.10 02:45:18.122,0.85078,0.85105,2.40,1.00
2014.09.10 02:45:18.222,0.8508,0.8511,2.02,1.12
2014.09.10 02:45:18.514,0.85078,0.85105,2.40,1.00
2014.09.10 02:45:21.187,0.85078,0.85105,2.40,1.00
2014.09.10 02:45:21.388,0.85078,0.8511,2.40,1.00
2014.09.10 02:45:22.165,0.8508,0.85111,2.40,1.12
2014.09.10 02:45:23.051,0.85077,0.8511,2.40,1.00
2014.09.10 02:45:23.554,0.85077,0.8511,2.40,1.00
2014.09.10 02:45:24.126,0.85077,0.8511,2.40,1.37
2014.09.10 02:45:24.361,0.85077,0.85106,2.40,1.00
2014.09.10 02:45:24.984,0.85077,0.85105,2.40,1.00
2014.09.10 02:45:25.165,0.85077,0.85111,2.40,1.37
2014.09.10 02:45:25.865,0.85079,0.85111,2.40,1.37
2014.09.10 02:45:26.519,0.85079,0.85111,2.40,1.12
2014.09.10 02:45:28.663,0.85079,0.8511,2.40,1.00
2014.09.10 02:45:29.271,0.8508,0.85111,2.40,1.12
2014.09.10 02:45:29.932,0.8508,0.8511,2.40,1.00
2014.09.10 02:45:32.626,0.8508,0.85111,2.40,1.12
2014.09.10 02:45:33.170,0.8508,0.8511,2.40,1.00
2014.09.10 02:45:34.489,0.8508,0.8511,2.40,1.00
2014.09.10 02:45:36.262,0.8508,0.8511,3.15,1.00
2014.09.10 02:45:36.386,0.8508,0.8511,2.40,1.12
2014.09.10 02:45:36.587,0.85079,0.8511,2.40,1.37
2014.09.10 02:45:37.196,0.85079,0.8511,2.40,1.12
2014.09.10 02:45:38.665,0.85077,0.85106,2.40,1.00
2014.09.10 02:45:38.816,0.85078,0.85106,2.40,1.00
2014.09.10 02:45:38.916,0.85079,0.8511,1.75,1.65
2014.09.10 02:45:39.117,0.85078,0.85105,2.40,1.00
2014.09.10 02:45:39.218,0.85079,0.8511,2.02,1.00
2014.09.10 02:45:39.434,0.85078,0.85105,1.65,1.00
2014.09.10 02:45:39.555,0.85078,0.8511,1.65,1.00
2014.09.10 02:45:39.677,0.85076,0.8511,2.02,1.00
2014.09.10 02:45:39.727,0.85078,0.85105,1.65,1.00
2014.09.10 02:45:39.777,0.85078,0.8511,1.65,1.00
2014.09.10 02:45:39.978,0.85076,0.85105,2.02,1.00
2014.09.10 02:45:40.079,0.85078,0.8511,1.65,1.00
2014.09.10 02:45:40.393,0.85078,0.8511,2.02,1.37
2014.09.10 02:45:41.997,0.85078,0.8511,2.02,1.50
2014.09.10 02:45:42.408,0.85075,0.851,1.65,1.00
2014.09.10 02:45:43.850,0.85075,0.85101,1.65,1.00
2014.09.10 02:45:44.841,0.85075,0.85101,2.40,1.00
2014.09.10 02:45:47.756,0.85075,0.85101,2.02,1.37
2014.09.10 02:45:47.872,0.85075,0.85101,2.40,1.00
2014.09.10 02:45:47.924,0.85072,0.85101,2.02,1.00
2014.09.10 02:45:48.470,0.85072,0.851,2.02,1.00
2014.09.10 02:45:50.059,0.85072,0.851,2.40,1.00
2014.09.10 02:45:55.084,0.85072,0.85101,2.40,1.00
2014.09.10 02:45:55.734,0.85072,0.851,2.40,1.00
2014.09.10 02:45:56.693,0.85073,0.85105,2.40,1.37
2014.09.10 02:45:57.125,0.85073,0.851,2.40,1.00
2014.09.10 02:45:58.564,0.85073,0.851,2.40,1.00
2014.09.10 02:45:59.568,0.85073,0.851,2.40,1.00
2014.09.10 02:46:00.079,0.85071,0.851,2.40,1.00
2014.09.10 02:46:00.130,0.85076,0.85105,2.62,1.12
2014.09.10 02:46:00.180,0.85076,0.85105,3.00,1.00
2014.09.10 02:46:00.689,0.85077,0.85106,2.40,1.00
2014.09.10 02:46:01.194,0.85077,0.85105,2.40,1.00
2014.09.10 02:46:02.124,0.85077,0.85105,2.40,1.12
2014.09.10 02:46:02.282,0.85075,0.85105,1.35,1.12
2014.09.10 02:46:04.389,0.85076,0.85105,1.67,1.00
2014.09.10 02:46:05.491,0.85075,0.85105,2.10,1.37
2014.09.10 02:46:05.640,0.85073,0.851,2.40,1.00
2014.09.10 02:46:06.745,0.85073,0.851,2.40,1.00
2014.09.10 02:46:07.514,0.85075,0.85105,2.02,1.37
2014.09.10 02:46:07.687,0.85075,0.851,2.02,1.00
2014.09.10 02:46:07.963,0.85075,0.85105,2.02,1.37
2014.09.10 02:46:08.808,0.85075,0.85106,2.02,1.37
2014.09.10 02:46:08.941,0.85075,0.85106,2.40,1.37
2014.09.10 02:46:09.313,0.85075,0.85106,2.40,1.12
2014.09.10 02:46:09.816,0.85076,0.85105,2.02,1.00
2014.09.10 02:46:10.547,0.85075,0.85105,2.02,1.37
2014.09.10 02:46:11.120,0.85075,0.85105,2.40,1.37
2014.09.10 02:46:14.327,0.85075,0.85105,2.02,1.37
2014.09.10 02:46:14.832,0.85075,0.851,2.02,1.00
2014.09.10 02:46:19.337,0.85075,0.851,2.40,1.00
2014.09.10 02:46:20.114,0.85073,0.851,2.40,1.00
2014.09.10 02:46:20.774,0.85073,0.851,2.40,1.00
2014.09.10 02:46:21.643,0.85073,0.851,2.40,1.00
2014.09.10 02:46:24.576,0.85073,0.85101,2.40,1.00
2014.09.10 02:46:24.649,0.85073,0.85101,2.02,1.00
2014.09.10 02:46:25.653,0.85073,0.85101,2.40,1.00
2014.09.10 02:46:29.413,0.85073,0.851,2.40,1.00
2014.09.10 02:46:31.623,0.85075,0.851,2.40,1.00
2014.09.10 02:46:31.951,0.85075,0.85101,2.02,1.00
2014.09.10 02:46:32.657,0.85075,0.85101,2.02,1.00
2014.09.10 02:46:33.485,0.85075,0.851,2.02,1.00
2014.09.10 02:46:37.736,0.85073,0.851,2.02,1.12
2014.09.10 02:46:39.740,0.85073,0.851,2.40,1.00
2014.09.10 02:46:44.402,0.85073,0.85101,2.40,1.12
2014.09.10 02:46:47.784,0.85073,0.85095,2.40,1.00
2014.09.10 02:46:47.891,0.85073,0.85095,2.02,1.00
2014.09.10 02:46:47.991,0.85073,0.85095,2.02,1.00
2014.09.10 02:46:48.192,0.85071,0.85095,1.65,1.00
2014.09.10 02:46:48.705,0.85071,0.85096,1.65,1.00
2014.09.10 02:46:49.491,0.85071,0.85095,1.65,1.00
2014.09.10 02:46:50.761,0.85071,0.85095,2.02,1.00
2014.09.10 02:46:53.883,0.85071,0.85101,2.02,1.37
2014.09.10 02:46:54.864,0.8507,0.85095,2.40,1.00
2014.09.10 02:46:55.153,0.85069,0.851,2.40,1.37
2014.09.10 02:46:59.693,0.85069,0.851,2.40,1.37
2014.09.10 02:47:01.279,0.85069,0.851,2.40,1.37
2014.09.10 02:47:01.430,0.85069,0.85095,2.40,1.00
2014.09.10 02:47:01.480,0.85069,0.85095,2.02,1.00
2014.09.10 02:47:01.885,0.85061,0.85096,2.40,1.37
2014.09.10 02:47:01.982,0.85061,0.85096,2.40,1.12
2014.09.10 02:47:02.502,0.85063,0.85096,2.40,1.37
2014.09.10 02:47:07.092,0.85063,0.85095,2.40,1.12
2014.09.10 02:47:07.305,0.85063,0.85099,2.02,1.65
2014.09.10 02:47:07.405,0.85063,0.85096,2.02,1.00
2014.09.10 02:47:07.976,0.85063,0.85095,2.02,1.00
2014.09.10 02:47:08.637,0.85063,0.85096,2.02,1.00
2014.09.10 02:47:09.019,0.85063,0.85096,2.40,1.00
2014.09.10 02:47:09.627,0.85063,0.85095,2.40,1.00
2014.09.10 02:47:14.905,0.85063,0.85095,2.40,1.00
2014.09.10 02:47:15.570,0.85063,0.85095,2.40,1.00
2014.09.10 02:47:16.093,0.85063,0.85096,2.40,1.00
2014.09.10 02:47:17.509,0.85063,0.85096,2.40,1.00
2014.09.10 02:47:18.012,0.85065,0.85096,2.40,1.00
2014.09.10 02:47:18.294,0.85068,0.851,2.40,1.12
2014.09.10 02:47:18.712,0.85069,0.851,2.40,1.37
2014.09.10 02:47:19.043,0.85069,0.851,2.40,1.00
2014.09.10 02:47:19.143,0.8507,0.851,2.40,1.00
2014.09.10 02:47:19.294,0.85071,0.85105,2.40,2.02
2014.09.10 02:47:19.445,0.85071,0.85105,2.40,2.02
2014.09.10 02:47:20.244,0.85071,0.85101,2.40,1.00
2014.09.10 02:47:20.854,0.85071,0.851,2.40,1.00
2014.09.10 02:47:21.620,0.85071,0.851,2.40,1.00
2014.09.10 02:47:22.170,0.85071,0.851,2.40,1.00
2014.09.10 02:47:22.220,0.85071,0.85105,2.40,1.37
2014.09.10 02:47:23.422,0.85071,0.85101,2.40,1.00
2014.09.10 02:47:23.472,0.85071,0.85101,2.40,1.00
2014.09.10 02:47:23.943,0.85071,0.851,2.40,1.37
2014.09.10 02:47:24.244,0.8507,0.85095,2.40,1.00
2014.09.10 02:47:24.553,0.85068,0.851,2.40,1.37
2014.09.10 02:47:25.412,0.85068,0.85095,2.40,1.00
2014.09.10 02:47:33.653,0.85068,0.851,2.40,1.37
2014.09.10 02:47:38.853,0.85069,0.851,2.02,1.12
2014.09.10 02:47:39.555,0.85069,0.851,2.40,1.37
2014.09.10 02:47:41.388,0.85069,0.851,2.40,1.37
2014.09.10 02:47:41.922,0.85069,0.851,2.40,1.12
2014.09.10 02:48:00.627,0.85069,0.85104,2.40,2.02
2014.09.10 02:48:04.722,0.85069,0.85101,2.40,1.37
2014.09.10 02:48:13.211,0.85069,0.85102,2.40,2.02
2014.09.10 02:48:13.722,0.85069,0.85101,2.40,1.37
2014.09.10 02:48:14.731,0.85069,0.85101,2.40,1.37
2014.09.10 02:48:22.230,0.85069,0.851,2.02,1.12
2014.09.10 02:48:22.655,0.85069,0.851,2.02,1.37
2014.09.10 02:48:23.261,0.85068,0.851,2.40,1.37
2014.09.10 02:48:24.682,0.85068,0.851,2.02,1.12
2014.09.10 02:48:25.274,0.85068,0.851,2.40,1.37
2014.09.10 02:48:26.271,0.85068,0.851,2.40,1.37
2014.09.10 02:48:27.243,0.85068,0.851,2.02,1.12
2014.09.10 02:48:27.914,0.85068,0.851,2.40,1.37
2014.09.10 02:48:30.551,0.85068,0.851,2.40,1.37
2014.09.10 02:48:31.586,0.85068,0.851,2.40,1.37
2014.09.10 02:48:31.687,0.85068,0.851,2.40,1.37
2014.09.10 02:48:34.971,0.85068,0.851,2.40,1.37
2014.09.10 02:48:35.562,0.85068,0.851,2.02,1.37
2014.09.10 02:48:36.467,0.85068,0.851,2.40,1.37
2014.09.10 02:48:37.072,0.85069,0.851,2.40,1.37
2014.09.10 02:48:39.003,0.85069,0.851,2.40,1.37
2014.09.10 02:48:39.516,0.85069,0.851,2.40,1.37
2014.09.10 02:48:40.582,0.85069,0.851,2.40,1.37
2014.09.10 02:48:41.687,0.85069,0.851,2.40,1.37
2014.09.10 02:48:42.290,0.85069,0.851,2.40,1.12
2014.09.10 02:48:42.792,0.85069,0.851,2.02,1.00
2014.09.10 02:48:43.111,0.85069,0.851,2.40,1.37
2014.09.10 02:48:43.646,0.85069,0.85101,2.40,1.37
2014.09.10 02:48:44.164,0.85069,0.851,2.40,1.37
2014.09.10 02:48:44.746,0.85069,0.851,2.40,1.12
2014.09.10 02:48:47.207,0.85072,0.851,2.02,1.00
2014.09.10 02:48:47.377,0.85072,0.85105,2.02,2.77
2014.09.10 02:48:47.581,0.85072,0.851,2.02,1.00
2014.09.10 02:48:48.121,0.85072,0.85101,2.40,1.00
2014.09.10 02:48:48.342,0.85072,0.85105,2.40,1.12
2014.09.10 02:48:48.593,0.85072,0.85101,2.40,1.00
2014.09.10 02:48:50.650,0.85072,0.851,2.40,1.00
2014.09.10 02:48:50.806,0.85072,0.85106,2.40,1.12
2014.09.10 02:48:50.912,0.85072,0.851,2.40,1.00
2014.09.10 02:48:52.122,0.85072,0.85105,2.40,1.00
2014.09.10 02:48:52.172,0.85074,0.85105,2.02,1.37
2014.09.10 02:48:52.438,0.85074,0.85106,2.40,1.12
2014.09.10 02:48:53.233,0.8508,0.85108,1.37,2.02
2014.09.10 02:48:53.434,0.85076,0.85108,2.02,2.02
2014.09.10 02:48:53.484,0.85076,0.85105,2.02,1.00
2014.09.10 02:48:53.988,0.85076,0.85105,2.02,1.00
2014.09.10 02:48:54.649,0.85076,0.85108,2.40,2.02
2014.09.10 02:48:55.202,0.85076,0.85108,2.02,2.02
2014.09.10 02:48:55.610,0.85076,0.85108,2.40,2.02
2014.09.10 02:48:55.748,0.85076,0.85108,2.02,2.02
2014.09.10 02:48:56.853,0.85079,0.85108,1.37,2.02
2014.09.10 02:48:57.055,0.8508,0.85108,1.37,2.02
2014.09.10 02:48:58.003,0.8508,0.85108,1.37,2.02
2014.09.10 02:48:58.511,0.85076,0.85108,2.02,2.02
2014.09.10 02:48:58.561,0.85076,0.85108,2.40,2.02
2014.09.10 02:49:01.569,0.85076,0.85108,2.40,2.02
2014.09.10 02:49:02.170,0.8508,0.85108,1.37,2.02
2014.09.10 02:49:02.291,0.85076,0.85108,2.02,2.02
2014.09.10 02:49:02.400,0.8508,0.85108,1.37,2.02
2014.09.10 02:49:02.621,0.85076,0.85108,2.40,2.02
2014.09.10 02:49:04.604,0.85076,0.85108,2.40,2.02
2014.09.10 02:49:06.091,0.85076,0.85108,2.40,2.02
2014.09.10 02:49:09.003,0.8508,0.85108,1.37,2.02
2014.09.10 02:49:12.211,0.8508,0.85108,1.37,2.02
2014.09.10 02:49:12.811,0.8508,0.85108,1.37,2.02
2014.09.10 02:49:14.101,0.8508,0.85106,1.37,1.65
2014.09.10 02:49:14.252,0.85075,0.85107,3.15,2.02
2014.09.10 02:49:14.568,0.85075,0.85105,3.15,1.00
2014.09.10 02:49:14.769,0.85075,0.85105,3.15,1.12
2014.09.10 02:49:15.050,0.85073,0.85105,2.40,1.00
2014.09.10 02:49:16.652,0.85073,0.85106,2.40,2.77
2014.09.10 02:49:17.360,0.85073,0.85106,2.40,2.77
2014.09.10 02:49:17.687,0.85073,0.85101,2.40,1.00
2014.09.10 02:49:17.738,0.85073,0.85101,2.40,1.00
2014.09.10 02:49:18.424,0.85073,0.85101,2.40,1.00
2014.09.10 02:49:21.869,0.85073,0.851,2.40,1.00
2014.09.10 02:49:22.385,0.85073,0.851,2.40,1.00
2014.09.10 02:49:22.855,0.85073,0.85105,2.40,1.37
2014.09.10 02:49:23.032,0.85073,0.851,2.40,1.00
2014.09.10 02:49:29.853,0.85073,0.85105,2.40,1.37
2014.09.10 02:49:32.382,0.85073,0.851,2.40,1.00
2014.09.10 02:49:34.362,0.85073,0.85105,2.40,1.37
2014.09.10 02:49:34.800,0.85073,0.851,2.40,1.00
2014.09.10 02:49:35.680,0.85073,0.85105,2.40,1.37
2014.09.10 02:49:38.830,0.85075,0.85105,1.37,1.00
2014.09.10 02:49:42.838,0.85075,0.85105,1.37,1.37
2014.09.10 02:49:50.859,0.85075,0.85105,1.37,1.00
2014.09.10 02:49:51.368,0.85075,0.85105,1.37,1.00
2014.09.10 02:49:54.871,0.85075,0.85105,1.50,1.37
2014.09.10 02:49:56.173,0.85075,0.85105,1.37,1.37
2014.09.10 02:49:57.103,0.85075,0.85105,1.50,1.37
2014.09.10 02:49:58.282,0.85075,0.85105,1.37,1.37
2014.09.10 02:50:01.742,0.85074,0.85105,2.40,1.37
2014.09.10 02:50:02.302,0.85074,0.85105,2.02,1.37
2014.09.10 02:50:02.402,0.85074,0.85105,2.40,1.12
2014.09.10 02:50:03.704,0.85075,0.85107,1.37,2.02
2014.09.10 02:50:04.076,0.85075,0.85107,1.50,2.02
2014.09.10 02:50:09.234,0.85075,0.85105,1.50,1.37
2014.09.10 02:50:13.151,0.85071,0.85104,2.40,2.02
2014.09.10 02:50:14.632,0.8507,0.85104,1.75,2.02
2014.09.10 02:50:16.642,0.8507,0.85102,1.50,1.30
2014.09.10 02:50:16.712,0.8507,0.851,1.50,1.00
2014.09.10 02:50:20.450,0.85069,0.85102,3.15,1.30
2014.09.10 02:50:21.669,0.8507,0.85104,1.75,3.00
2014.09.10 02:50:25.011,0.85069,0.851,2.40,1.12
2014.09.10 02:50:26.185,0.8507,0.851,1.75,1.37
2014.09.10 02:50:35.914,0.8507,0.85102,1.75,1.30
2014.09.10 02:50:35.964,0.8507,0.851,1.75,1.00
2014.09.10 02:50:36.730,0.8507,0.85102,1.75,1.30
2014.09.10 02:50:41.627,0.8507,0.85104,1.75,2.62
2014.09.10 02:50:44.132,0.8507,0.851,1.75,1.00
2014.09.10 02:50:44.730,0.8507,0.85105,2.40,2.62
2014.09.10 02:50:46.551,0.8507,0.851,3.15,1.00
2014.09.10 02:50:48.442,0.85069,0.851,2.40,1.00
2014.09.10 02:50:55.690,0.85067,0.851,2.02,2.77
2014.09.10 02:50:55.991,0.8506,0.85093,2.40,2.02
2014.09.10 02:50:56.318,0.85059,0.8509,2.40,1.00
2014.09.10 02:50:59.770,0.85059,0.8509,2.40,1.00
2014.09.10 02:51:00.823,0.85059,0.8509,2.40,1.12
2014.09.10 02:51:01.260,0.85059,0.85085,2.40,1.00
2014.09.10 02:51:01.773,0.85057,0.85085,2.40,1.00
2014.09.10 02:51:01.877,0.85057,0.85086,2.40,1.00
2014.09.10 02:51:01.978,0.85057,0.85086,2.02,1.00
2014.09.10 02:51:02.030,0.85057,0.8509,2.02,1.65
2014.09.10 02:51:03.181,0.85057,0.8509,2.40,2.40
2014.09.10 02:51:03.682,0.85057,0.8509,2.40,2.02
2014.09.10 02:51:04.299,0.85058,0.85091,2.40,2.77
2014.09.10 02:51:04.670,0.85057,0.8509,2.40,2.77
2014.09.10 02:51:05.188,0.85057,0.8509,2.40,2.77
2014.09.10 02:51:05.522,0.85057,0.8509,2.40,2.77
2014.09.10 02:51:06.790,0.85057,0.8509,2.40,1.37
2014.09.10 02:51:07.397,0.8506,0.8509,2.40,1.12
2014.09.10 02:51:08.194,0.8506,0.8509,2.40,1.00
2014.09.10 02:51:14.050,0.8506,0.8509,2.40,1.00
2014.09.10 02:51:25.602,0.8506,0.85085,2.40,1.00
2014.09.10 02:51:25.652,0.85056,0.85085,2.40,1.00
2014.09.10 02:51:25.801,0.85055,0.85085,1.37,1.12
2014.09.10 02:51:25.911,0.85055,0.85085,1.37,1.37
2014.09.10 02:51:26.220,0.8505,0.8508,3.15,1.00
2014.09.10 02:51:27.549,0.8505,0.85081,2.40,1.00
2014.09.10 02:51:31.860,0.8505,0.85076,2.40,1.00
2014.09.10 02:51:31.911,0.8505,0.85076,2.40,1.00
2014.09.10 02:51:32.460,0.85046,0.85075,2.40,1.00
2014.09.10 02:51:32.561,0.85046,0.85075,2.40,1.00
2014.09.10 02:51:32.611,0.85046,0.85071,2.40,1.00
2014.09.10 02:51:32.711,0.85044,0.85071,1.35,1.00
2014.09.10 02:51:33.265,0.85044,0.85071,1.35,1.00
2014.09.10 02:51:33.535,0.85044,0.85075,1.35,1.37
2014.09.10 02:51:34.039,0.85045,0.85075,1.75,1.12
2014.09.10 02:51:36.273,0.85045,0.85075,1.75,1.00
2014.09.10 02:51:36.679,0.85045,0.85075,1.75,1.00
2014.09.10 02:51:36.779,0.85045,0.85075,1.75,1.00
2014.09.10 02:51:36.930,0.85045,0.85075,3.15,1.00
2014.09.10 02:51:37.010,0.85045,0.8508,3.15,1.37
2014.09.10 02:51:37.224,0.8505,0.8508,3.75,1.00
2014.09.10 02:51:37.274,0.8505,0.85083,3.75,2.02
2014.09.10 02:51:38.079,0.85051,0.85084,2.40,2.02
2014.09.10 02:51:38.699,0.85054,0.85084,1.37,2.02
2014.09.10 02:51:39.604,0.85054,0.85085,1.37,2.02
2014.09.10 02:51:39.958,0.85054,0.85085,1.37,2.02
2014.09.10 02:51:42.518,0.85055,0.85085,1.37,2.77
2014.09.10 02:51:46.179,0.85054,0.85087,3.15,2.02
2014.09.10 02:51:46.279,0.85056,0.85089,2.40,2.02
2014.09.10 02:51:46.434,0.85059,0.85089,1.50,2.02
2014.09.10 02:51:47.938,0.85059,0.8509,1.75,2.02
2014.09.10 02:51:48.468,0.85057,0.8509,2.40,2.02
2014.09.10 02:51:51.952,0.8506,0.8509,1.75,2.40
2014.09.10 02:51:52.454,0.8506,0.85093,3.15,2.02
2014.09.10 02:51:52.657,0.85059,0.8509,1.35,1.00
2014.09.10 02:51:52.832,0.85059,0.8509,2.62,1.00
2014.09.10 02:51:53.690,0.85059,0.8509,1.35,1.00
2014.09.10 02:51:54.681,0.85059,0.8509,1.35,1.00
2014.09.10 02:51:55.211,0.85059,0.85091,1.35,2.40
2014.09.10 02:51:55.701,0.85059,0.85091,3.00,1.00
2014.09.10 02:51:56.102,0.8506,0.85091,2.40,1.00
2014.09.10 02:51:56.153,0.8506,0.85095,3.15,1.12
2014.09.10 02:51:56.422,0.8506,0.85091,2.40,1.00
2014.09.10 02:51:56.522,0.8506,0.85096,2.02,2.40
2014.09.10 02:51:56.623,0.8506,0.85091,2.02,1.00
2014.09.10 02:51:57.170,0.8506,0.8509,1.37,1.00
2014.09.10 02:51:57.272,0.85059,0.85095,3.37,1.65
2014.09.10 02:51:57.640,0.8506,0.85095,4.87,1.00
2014.09.10 02:51:58.080,0.85065,0.85095,1.60,1.00
2014.09.10 02:51:58.180,0.85066,0.851,2.25,1.00
2014.09.10 02:51:58.363,0.85066,0.85095,2.25,1.00
2014.09.10 02:51:58.922,0.85064,0.85096,3.00,1.00
2014.09.10 02:51:59.512,0.85067,0.85095,1.67,1.00
2014.09.10 02:52:00.060,0.85067,0.85095,1.35,1.00
2014.09.10 02:52:00.364,0.85065,0.8509,1.35,1.00
2014.09.10 02:52:00.465,0.85061,0.8509,2.62,1.00
2014.09.10 02:52:01.524,0.85061,0.8509,3.00,1.00
2014.09.10 02:52:02.126,0.85061,0.8509,3.00,1.00
2014.09.10 02:52:03.639,0.85061,0.85091,3.00,1.00
2014.09.10 02:52:03.986,0.85061,0.85086,2.02,1.00
2014.09.10 02:52:04.087,0.85056,0.85085,3.00,1.00
2014.09.10 02:52:04.291,0.85056,0.85085,1.67,1.00
2014.09.10 02:52:04.492,0.85048,0.85085,2.40,1.12
2014.09.10 02:52:05.571,0.85052,0.85085,2.40,1.00
2014.09.10 02:52:06.744,0.85052,0.85085,2.40,1.12
2014.09.10 02:52:07.409,0.85049,0.85091,3.15,1.72
2014.09.10 02:52:07.461,0.85049,0.85091,3.15,1.72
2014.09.10 02:52:07.835,0.85051,0.85085,2.40,1.00
2014.09.10 02:52:08.964,0.85051,0.85085,2.40,1.00
2014.09.10 02:52:09.508,0.85053,0.85085,2.40,1.00
2014.09.10 02:52:09.719,0.85051,0.85085,3.00,1.00
2014.09.10 02:52:10.222,0.85054,0.85085,2.40,1.00
2014.09.10 02:52:10.388,0.85054,0.85085,2.40,1.00
2014.09.10 02:52:16.889,0.85052,0.85085,2.40,1.37
2014.09.10 02:52:20.767,0.85052,0.85085,2.40,1.37
2014.09.10 02:52:20.817,0.85051,0.8508,1.35,1.00
2014.09.10 02:52:21.870,0.85051,0.8508,1.35,1.00
2014.09.10 02:52:24.110,0.85048,0.85075,2.40,1.00
2014.09.10 02:52:24.211,0.85047,0.85075,2.40,1.00
2014.09.10 02:52:24.324,0.85047,0.8508,2.40,2.77
2014.09.10 02:52:24.680,0.85045,0.85075,1.75,1.00
2014.09.10 02:52:24.860,0.85044,0.85077,2.40,2.02
2014.09.10 02:52:25.178,0.85044,0.85077,2.40,1.65
2014.09.10 02:52:25.712,0.85045,0.85078,2.40,2.02
2014.09.10 02:52:27.881,0.85045,0.85078,2.40,2.02
2014.09.10 02:52:28.020,0.85045,0.85078,2.40,2.02
2014.09.10 02:52:28.639,0.85043,0.85075,2.40,1.00
2014.09.10 02:52:29.218,0.85043,0.85075,2.40,1.12
2014.09.10 02:52:31.619,0.85043,0.85075,2.40,1.00
2014.09.10 02:52:32.148,0.85045,0.85076,1.75,2.02
2014.09.10 02:52:36.188,0.85043,0.85075,2.40,1.00
2014.09.10 02:52:36.850,0.85044,0.85076,1.75,2.02
2014.09.10 02:52:37.121,0.85043,0.85075,2.40,1.37
2014.09.10 02:52:39.005,0.85043,0.85075,2.40,1.12
2014.09.10 02:52:40.007,0.85043,0.85075,2.40,1.00
2014.09.10 02:52:42.311,0.85043,0.85075,2.40,1.00
2014.09.10 02:52:43.158,0.85045,0.8508,2.40,2.77
2014.09.10 02:52:43.214,0.85045,0.8508,2.40,2.77
2014.09.10 02:52:44.124,0.85045,0.85078,3.15,2.02
2014.09.10 02:52:44.804,0.85045,0.85078,3.15,2.02
2014.09.10 02:52:50.825,0.85045,0.85078,3.15,2.02
2014.09.10 02:52:52.028,0.85046,0.85079,2.40,2.02
2014.09.10 02:52:53.130,0.85046,0.85079,2.40,1.65
2014.09.10 02:52:54.760,0.85046,0.85079,2.40,2.02
2014.09.10 02:52:56.318,0.85046,0.85075,2.40,1.00
2014.09.10 02:53:00.368,0.85046,0.85075,2.40,1.00
2014.09.10 02:53:00.843,0.85046,0.85075,2.40,1.00
2014.09.10 02:53:01.358,0.85046,0.85075,2.40,1.00
2014.09.10 02:53:01.968,0.85046,0.85075,2.40,1.00
2014.09.10 02:53:02.449,0.85046,0.85075,2.40,1.00
2014.09.10 02:53:02.747,0.85046,0.85075,2.40,1.00
2014.09.10 02:53:03.348,0.85048,0.85075,2.40,1.00
2014.09.10 02:53:03.949,0.85048,0.85075,2.40,1.00
2014.09.10 02:53:05.400,0.85048,0.85075,2.40,1.00
2014.09.10 02:53:06.353,0.85048,0.85075,2.40,1.00
2014.09.10 02:53:06.553,0.85048,0.85075,2.40,1.00
2014.09.10 02:53:09.358,0.8505,0.85075,2.02,1.00
2014.09.10 02:53:11.062,0.8505,0.85075,2.40,1.00
2014.09.10 02:53:13.292,0.8505,0.85075,2.02,1.00
2014.09.10 02:53:14.138,0.8505,0.85076,2.02,1.00
2014.09.10 02:53:17.291,0.8505,0.85076,2.02,1.00
2014.09.10 02:53:18.796,0.8505,0.85076,2.02,1.00
2014.09.10 02:53:19.682,0.8505,0.85075,2.02,1.00
2014.09.10 02:53:25.227,0.8505,0.85075,2.40,1.00
2014.09.10 02:53:25.727,0.85051,0.8508,2.40,1.00
2014.09.10 02:53:26.137,0.85051,0.85076,2.40,1.00
2014.09.10 02:53:26.368,0.85051,0.8508,2.40,1.00
2014.09.10 02:53:35.837,0.85051,0.85084,2.40,2.02
2014.09.10 02:53:35.916,0.85051,0.85081,2.40,1.00
2014.09.10 02:53:36.420,0.85051,0.8508,2.40,1.00
2014.09.10 02:53:36.979,0.85051,0.85081,2.40,1.12
2014.09.10 02:53:37.547,0.85051,0.85081,2.40,1.00
2014.09.10 02:53:38.298,0.85047,0.8508,2.40,1.00
2014.09.10 02:53:43.299,0.8505,0.85085,1.75,2.77
2014.09.10 02:53:43.400,0.85053,0.85085,2.40,1.37
2014.09.10 02:53:43.557,0.85055,0.85085,2.02,1.00
2014.09.10 02:53:43.838,0.85055,0.8509,2.77,3.00
2014.09.10 02:53:43.938,0.85058,0.8509,1.65,1.60
2014.09.10 02:53:44.558,0.85059,0.8509,2.40,1.00
2014.09.10 02:53:44.876,0.85059,0.8509,2.40,1.12
2014.09.10 02:53:45.477,0.85063,0.8509,2.02,1.00
2014.09.10 02:53:45.962,0.85063,0.8509,2.40,1.00
2014.09.10 02:53:46.187,0.85063,0.8509,2.02,1.37
2014.09.10 02:53:46.288,0.85063,0.8509,2.40,1.00
2014.09.10 02:53:47.006,0.85063,0.8509,2.02,1.00
2014.09.10 02:53:47.539,0.85063,0.85091,2.02,1.12
2014.09.10 02:53:52.474,0.85063,0.85091,2.02,1.37
2014.09.10 02:53:53.076,0.85063,0.8509,2.02,1.00
2014.09.10 02:53:56.818,0.85063,0.85096,2.02,3.75
2014.09.10 02:54:00.007,0.85061,0.8509,2.40,1.00
2014.09.10 02:54:00.599,0.85061,0.85091,2.40,1.12
2014.09.10 02:54:01.108,0.85061,0.8509,2.40,1.00
2014.09.10 02:54:02.429,0.85061,0.85091,2.40,1.12
2014.09.10 02:54:04.226,0.8506,0.85085,2.40,1.00
2014.09.10 02:54:04.741,0.8506,0.85085,2.40,1.00
2014.09.10 02:54:06.443,0.8506,0.85085,2.40,1.00
2014.09.10 02:54:07.021,0.8506,0.85085,2.02,1.00
2014.09.10 02:54:07.121,0.8506,0.8509,2.40,1.37
2014.09.10 02:54:07.596,0.8506,0.85086,2.40,1.00
2014.09.10 02:54:07.928,0.8506,0.8509,2.40,1.37
2014.09.10 02:54:08.256,0.8506,0.85085,2.40,1.00
2014.09.10 02:54:09.275,0.85062,0.8509,2.02,1.12
2014.09.10 02:54:09.357,0.85062,0.85085,2.02,1.00
2014.09.10 02:54:09.707,0.85062,0.8509,2.02,1.12
2014.09.10 02:54:10.428,0.85062,0.8509,2.02,1.12
2014.09.10 02:54:10.478,0.85062,0.85085,2.02,1.00
2014.09.10 02:54:24.646,0.85062,0.85086,2.02,1.00
2014.09.10 02:54:24.866,0.85062,0.85091,2.02,1.37
2014.09.10 02:54:28.605,0.8506,0.85085,2.40,1.00
2014.09.10 02:54:30.871,0.85062,0.85085,2.02,1.00
2014.09.10 02:54:32.936,0.85064,0.8509,2.02,1.12
2014.09.10 02:54:32.986,0.85064,0.8509,2.02,1.00
2014.09.10 02:54:33.166,0.85065,0.85095,2.02,1.37
2014.09.10 02:54:33.336,0.85065,0.8509,2.02,1.00
2014.09.10 02:54:34.122,0.85065,0.8509,2.02,1.00
2014.09.10 02:54:38.868,0.85065,0.8509,2.02,1.00
2014.09.10 02:54:42.173,0.85065,0.8509,2.02,1.00
2014.09.10 02:54:42.702,0.85065,0.85091,2.02,1.12
2014.09.10 02:54:46.182,0.85065,0.85091,2.02,1.00
2014.09.10 02:54:46.686,0.85062,0.85096,2.40,1.37
2014.09.10 02:54:49.287,0.85062,0.85095,2.40,1.37
2014.09.10 02:54:50.289,0.85064,0.85095,2.02,1.37
2014.09.10 02:54:50.952,0.85064,0.85095,2.02,1.37
2014.09.10 02:54:51.103,0.85065,0.85096,2.02,1.12
2014.09.10 02:54:51.203,0.85068,0.85096,2.02,1.00
2014.09.10 02:54:51.942,0.8507,0.85095,2.02,1.00
2014.09.10 02:54:58.995,0.85068,0.85096,2.02,1.00
2014.09.10 02:54:59.455,0.85068,0.85096,2.40,1.00
2014.09.10 02:55:02.107,0.85066,0.85095,2.40,1.00
2014.09.10 02:55:02.636,0.85068,0.85095,2.02,1.00
2014.09.10 02:55:03.548,0.85068,0.85095,2.02,1.12
2014.09.10 02:55:06.422,0.85069,0.85095,2.02,1.00
2014.09.10 02:55:08.831,0.85069,0.85095,2.02,1.00
2014.09.10 02:55:13.548,0.85069,0.85095,2.02,1.00
2014.09.10 02:55:14.061,0.85069,0.85095,2.40,1.00
2014.09.10 02:55:15.456,0.85069,0.85095,2.02,1.00
2014.09.10 02:55:16.759,0.85069,0.85095,2.02,1.00
2014.09.10 02:55:17.412,0.85069,0.85096,2.02,1.00
2014.09.10 02:55:17.916,0.85069,0.85095,2.02,1.00
2014.09.10 02:55:17.971,0.85069,0.85095,2.02,1.00
2014.09.10 02:55:18.478,0.85068,0.85095,2.02,1.00
2014.09.10 02:55:19.014,0.85069,0.85096,2.02,1.12
2014.09.10 02:55:19.591,0.85069,0.85096,2.02,1.00
2014.09.10 02:55:20.186,0.85069,0.85095,2.02,1.00
2014.09.10 02:55:24.866,0.85069,0.85095,2.02,1.00
2014.09.10 02:55:25.396,0.85069,0.851,2.02,1.37
2014.09.10 02:55:25.524,0.85069,0.851,2.02,1.50
2014.09.10 02:55:26.277,0.85069,0.85101,2.02,1.50
2014.09.10 02:55:28.444,0.85069,0.85101,2.02,1.50
2014.09.10 02:55:29.040,0.85069,0.85095,2.40,1.00
2014.09.10 02:55:31.557,0.85069,0.85096,2.40,1.00
2014.09.10 02:55:32.465,0.85069,0.85096,2.02,1.00
2014.09.10 02:55:35.477,0.85071,0.85096,2.02,1.00
2014.09.10 02:55:36.182,0.85071,0.85095,2.02,1.00
2014.09.10 02:55:36.757,0.85071,0.85095,2.02,1.00
2014.09.10 02:55:37.482,0.85071,0.85095,2.02,1.00
2014.09.10 02:55:38.507,0.85071,0.85095,2.02,1.00
2014.09.10 02:55:43.598,0.85071,0.85095,2.02,1.00
2014.09.10 02:55:45.499,0.85071,0.85095,2.40,1.00
2014.09.10 02:55:50.507,0.85072,0.85095,2.40,1.00
2014.09.10 02:55:52.010,0.85072,0.85095,2.02,1.00
2014.09.10 02:55:55.445,0.85072,0.85096,2.02,1.00
2014.09.10 02:55:55.866,0.85072,0.851,2.02,1.37
2014.09.10 02:55:56.385,0.85072,0.851,2.02,1.37
2014.09.10 02:55:56.996,0.85072,0.851,2.02,1.37
2014.09.10 02:55:57.405,0.85072,0.85095,2.02,1.00
2014.09.10 02:55:57.627,0.85072,0.851,2.02,1.37
2014.09.10 02:55:57.845,0.85072,0.85095,2.02,1.00
2014.09.10 02:55:58.065,0.85072,0.851,2.02,1.37
2014.09.10 02:56:00.583,0.85072,0.851,2.40,1.12
2014.09.10 02:56:00.633,0.85072,0.85096,2.40,1.00
2014.09.10 02:56:06.315,0.85072,0.85095,2.40,1.00
2014.09.10 02:56:08.185,0.85073,0.85096,2.02,1.00
2014.09.10 02:56:10.275,0.85073,0.85095,2.02,1.00
2014.09.10 02:56:11.377,0.85073,0.85096,2.02,1.00
2014.09.10 02:56:12.086,0.85073,0.85095,2.02,1.00
2014.09.10 02:56:14.705,0.85072,0.85095,2.02,1.00
2014.09.10 02:56:18.998,0.85072,0.85095,2.40,1.00
2014.09.10 02:56:28.095,0.85072,0.85096,2.40,1.00
2014.09.10 02:56:28.621,0.85072,0.85096,2.02,1.00
2014.09.10 02:56:30.088,0.85073,0.85095,2.02,1.00
2014.09.10 02:56:31.944,0.85073,0.85101,2.02,1.37
2014.09.10 02:56:32.935,0.85073,0.85101,2.02,1.37
2014.09.10 02:56:33.175,0.85073,0.85095,2.02,1.00
2014.09.10 02:56:34.539,0.85071,0.85095,2.02,1.00
2014.09.10 02:56:36.743,0.85071,0.85095,2.02,1.37
2014.09.10 02:56:37.297,0.85071,0.85095,2.02,1.00
2014.09.10 02:56:39.327,0.85071,0.85096,2.02,1.12
2014.09.10 02:56:42.851,0.85071,0.85096,2.02,1.12
2014.09.10 02:56:43.752,0.85071,0.85096,2.02,1.37
2014.09.10 02:56:47.758,0.85071,0.85096,2.02,1.12
2014.09.10 02:56:48.518,0.85071,0.85095,2.02,1.00
2014.09.10 02:56:49.074,0.8507,0.85095,2.02,1.12
2014.09.10 02:56:49.839,0.8507,0.85095,2.02,1.00
2014.09.10 02:56:51.265,0.8507,0.85095,2.02,1.12
2014.09.10 02:56:54.181,0.8507,0.85095,2.02,1.00
2014.09.10 02:56:54.573,0.85071,0.85096,2.02,1.00
2014.09.10 02:56:55.165,0.85067,0.85095,2.40,1.00
2014.09.10 02:56:55.496,0.85065,0.85095,2.10,1.12
2014.09.10 02:56:56.113,0.85065,0.85095,3.15,1.12
2014.09.10 02:56:56.679,0.85065,0.85095,3.15,1.00
2014.09.10 02:56:57.236,0.85065,0.85095,3.15,1.00
2014.09.10 02:56:57.761,0.85065,0.85095,3.15,1.12
2014.09.10 02:56:59.283,0.85065,0.85095,2.77,1.37
2014.09.10 02:57:09.126,0.85063,0.8509,1.35,1.00
2014.09.10 02:57:12.206,0.85063,0.8509,1.35,1.00
2014.09.10 02:57:12.903,0.85063,0.8509,1.35,1.00
2014.09.10 02:57:15.505,0.85063,0.85095,1.35,1.12
2014.09.10 02:57:19.628,0.85063,0.85095,1.35,1.37
2014.09.10 02:57:20.832,0.85063,0.85095,1.35,1.12
2014.09.10 02:57:21.183,0.85066,0.85095,2.40,1.00
2014.09.10 02:57:21.384,0.85069,0.85095,2.02,1.00
2014.09.10 02:57:21.485,0.85065,0.85095,2.10,1.00
2014.09.10 02:57:21.585,0.85065,0.85095,1.35,1.00
2014.09.10 02:57:21.686,0.85055,0.8509,3.15,1.00
2014.09.10 02:57:22.333,0.85054,0.85091,1.75,1.00
2014.09.10 02:57:22.761,0.85055,0.8509,1.75,1.37
2014.09.10 02:57:23.062,0.85055,0.8509,1.75,1.37
2014.09.10 02:57:23.264,0.85055,0.8509,1.75,1.37
2014.09.10 02:57:23.814,0.85053,0.8509,2.40,1.37
2014.09.10 02:57:27.588,0.85054,0.85091,1.75,2.77
2014.09.10 02:57:28.486,0.85052,0.85085,1.35,1.00
2014.09.10 02:57:28.536,0.85052,0.85085,1.35,1.00
2014.09.10 02:57:29.048,0.85052,0.85086,1.35,1.00
2014.09.10 02:57:29.594,0.85052,0.85085,1.35,1.00
2014.09.10 02:57:30.055,0.85052,0.85088,1.35,2.02
2014.09.10 02:57:30.473,0.85052,0.85085,1.35,1.00
2014.09.10 02:57:31.009,0.85052,0.85085,1.35,1.12
2014.09.10 02:57:33.015,0.85052,0.85086,3.00,2.02
2014.09.10 02:57:34.222,0.85052,0.85086,3.00,2.02
2014.09.10 02:57:34.368,0.85055,0.85086,1.75,2.02
2014.09.10 02:57:35.044,0.85052,0.85085,1.35,2.77
2014.09.10 02:57:35.778,0.85052,0.85085,1.35,2.02
2014.09.10 02:57:36.438,0.85052,0.85085,1.35,2.40
2014.09.10 02:57:37.100,0.85052,0.85085,1.35,2.77
2014.09.10 02:57:39.145,0.85052,0.85085,1.35,2.40
2014.09.10 02:57:41.355,0.85052,0.85085,1.35,2.77
2014.09.10 02:57:42.154,0.8505,0.8508,1.75,1.00
2014.09.10 02:57:42.204,0.8505,0.8508,1.75,1.00
2014.09.10 02:57:42.364,0.8505,0.85082,1.75,2.02
2014.09.10 02:57:43.752,0.8505,0.85083,3.15,2.02
2014.09.10 02:57:43.917,0.8505,0.85083,2.40,1.65
2014.09.10 02:57:44.068,0.85052,0.85085,2.40,2.02
2014.09.10 02:57:45.872,0.85053,0.85085,2.40,1.00
2014.09.10 02:57:45.929,0.85053,0.85085,2.40,1.12
2014.09.10 02:57:46.534,0.85053,0.85085,2.40,1.37
2014.09.10 02:57:56.861,0.85052,0.85085,2.40,2.77
2014.09.10 02:57:58.664,0.85052,0.85085,2.40,2.77
2014.09.10 02:58:00.073,0.85052,0.85085,2.40,2.77
2014.09.10 02:58:00.377,0.85052,0.85085,2.40,2.02
2014.09.10 02:58:01.205,0.85052,0.85085,2.40,2.77
2014.09.10 02:58:01.774,0.85052,0.85085,2.40,1.37
2014.09.10 02:58:02.323,0.85051,0.85084,2.40,2.02
2014.09.10 02:58:19.481,0.85055,0.85086,2.40,1.00
2014.09.10 02:58:19.572,0.85055,0.85086,2.40,1.00
2014.09.10 02:58:20.073,0.85055,0.85089,1.75,2.02
2014.09.10 02:58:20.274,0.85055,0.85089,1.75,2.02
2014.09.10 02:58:20.374,0.85056,0.85089,2.40,2.02
2014.09.10 02:58:22.082,0.85056,0.85089,2.40,2.02
2014.09.10 02:58:28.392,0.85055,0.85085,3.15,1.00
2014.09.10 02:58:28.693,0.85056,0.85089,2.40,2.02
2014.09.10 02:58:28.793,0.85054,0.85086,3.75,1.00
2014.09.10 02:58:29.076,0.85059,0.85089,1.50,1.65
2014.09.10 02:58:29.414,0.85056,0.85089,2.40,2.02
2014.09.10 02:58:29.716,0.85056,0.85085,2.40,1.00
2014.09.10 02:58:29.866,0.85056,0.85089,2.40,2.02
2014.09.10 02:58:40.096,0.85056,0.85085,2.40,1.00
2014.09.10 02:58:40.246,0.85056,0.85085,2.40,1.00
2014.09.10 02:58:44.933,0.85056,0.85086,2.40,1.00
2014.09.10 02:58:45.478,0.85056,0.85086,2.40,1.00
2014.09.10 02:58:45.773,0.85056,0.85085,2.40,1.00
2014.09.10 02:58:45.831,0.85056,0.85085,2.40,1.00
2014.09.10 02:58:45.955,0.85056,0.85085,2.40,1.00
2014.09.10 02:58:46.256,0.85051,0.85085,3.00,1.37
2014.09.10 02:58:46.810,0.8505,0.8508,1.35,1.12
2014.09.10 02:58:47.573,0.85054,0.8508,1.35,1.00
2014.09.10 02:58:47.950,0.85055,0.85085,2.40,1.00
2014.09.10 02:58:48.459,0.85055,0.85086,2.40,1.12
2014.09.10 02:58:48.560,0.85052,0.85085,1.35,2.02
2014.09.10 02:58:48.761,0.85054,0.8508,1.30,1.00
2014.09.10 02:58:48.871,0.85051,0.8508,1.35,1.00
2014.09.10 02:58:55.757,0.85049,0.8508,2.40,1.37
2014.09.10 02:58:56.331,0.85049,0.8508,2.40,1.12
2014.09.10 02:58:58.132,0.85049,0.85075,2.40,1.00
2014.09.10 02:59:00.222,0.85049,0.8508,2.40,1.12
2014.09.10 02:59:05.293,0.85049,0.8508,2.40,1.00
2014.09.10 02:59:06.732,0.85049,0.8508,2.40,1.00
2014.09.10 02:59:07.122,0.85049,0.8508,2.40,1.00
2014.09.10 02:59:07.300,0.85049,0.8508,2.40,1.00
2014.09.10 02:59:07.602,0.85049,0.8508,2.40,1.00
2014.09.10 02:59:08.212,0.85051,0.8508,2.40,1.00
2014.09.10 02:59:09.115,0.8505,0.8508,3.15,1.00
2014.09.10 02:59:09.255,0.8505,0.8508,3.15,1.00
2014.09.10 02:59:12.457,0.85051,0.85081,2.40,1.00
2014.09.10 02:59:13.163,0.85051,0.8508,2.40,1.00
2014.09.10 02:59:13.695,0.8505,0.85075,2.40,1.00
2014.09.10 02:59:14.242,0.85048,0.85076,2.40,1.00
2014.09.10 02:59:15.051,0.85048,0.85076,2.40,1.00
2014.09.10 02:59:15.501,0.85048,0.85075,2.40,1.00
2014.09.10 02:59:15.671,0.85048,0.85075,2.40,1.00
2014.09.10 02:59:15.882,0.85048,0.85075,2.40,1.00
2014.09.10 02:59:15.982,0.85046,0.85076,2.40,1.00
2014.09.10 02:59:16.613,0.85047,0.85075,2.40,1.00
2014.09.10 02:59:17.175,0.85047,0.85075,2.40,1.00
2014.09.10 02:59:17.406,0.85047,0.8508,2.40,1.37
2014.09.10 02:59:17.607,0.85047,0.85075,2.40,1.00
2014.09.10 02:59:17.713,0.85047,0.85075,2.02,1.00
2014.09.10 02:59:18.219,0.85045,0.85076,2.02,1.00
2014.09.10 02:59:18.826,0.85045,0.85075,2.02,1.00
2014.09.10 02:59:21.517,0.85045,0.85075,3.15,1.00
2014.09.10 02:59:21.568,0.85045,0.85078,2.40,1.65
2014.09.10 02:59:21.618,0.85045,0.85078,2.40,1.65
2014.09.10 02:59:21.668,0.85048,0.85081,2.40,2.40
2014.09.10 02:59:21.719,0.85049,0.85081,1.37,2.40
2014.09.10 02:59:22.662,0.8505,0.8508,1.37,1.00
2014.09.10 02:59:23.492,0.8505,0.8508,1.75,1.00
2014.09.10 02:59:24.770,0.8505,0.85083,1.75,2.02
2014.09.10 02:59:24.822,0.8505,0.85081,1.75,2.02
2014.09.10 02:59:25.225,0.85045,0.8508,3.15,1.00
2014.09.10 02:59:25.642,0.8505,0.8508,2.77,1.00
2014.09.10 02:59:27.462,0.85045,0.8508,3.15,1.00
2014.09.10 02:59:28.047,0.85052,0.85081,3.00,1.00
2014.09.10 02:59:28.558,0.85052,0.8508,3.00,1.00
2014.09.10 02:59:28.931,0.85052,0.85085,3.00,1.12
2014.09.10 02:59:29.713,0.85052,0.85085,3.00,1.37
2014.09.10 02:59:30.375,0.85052,0.85085,3.00,1.12
2014.09.10 02:59:31.681,0.85053,0.85085,2.40,1.12
2014.09.10 02:59:34.669,0.85053,0.85085,2.40,1.37
2014.09.10 02:59:35.281,0.85053,0.85085,2.40,1.12
2014.09.10 02:59:35.675,0.85053,0.8508,2.40,1.00
2014.09.10 02:59:37.479,0.85053,0.8508,2.40,1.00
2014.09.10 02:59:39.887,0.85053,0.8508,2.40,1.00
2014.09.10 02:59:40.393,0.85053,0.85081,2.40,1.00
2014.09.10 02:59:40.617,0.85053,0.85085,2.40,1.12
2014.09.10 02:59:41.119,0.85056,0.85085,2.40,1.12
2014.09.10 02:59:41.665,0.85056,0.85085,2.40,1.00
2014.09.10 02:59:41.720,0.85056,0.85085,1.65,1.00
2014.09.10 02:59:41.771,0.85052,0.8508,2.62,1.00
2014.09.10 02:59:41.972,0.85052,0.85085,2.62,1.00
2014.09.10 02:59:43.561,0.85052,0.85085,1.35,1.37
2014.09.10 02:59:44.552,0.85052,0.85085,1.35,1.37
2014.09.10 02:59:44.954,0.85052,0.8508,1.35,1.00
2014.09.10 02:59:45.745,0.85052,0.85085,1.35,1.37
2014.09.10 02:59:46.230,0.85051,0.85085,3.00,1.37
2014.09.10 02:59:46.331,0.85052,0.85085,1.35,1.37
2014.09.10 02:59:46.632,0.85053,0.8508,2.40,1.00
2014.09.10 02:59:46.812,0.85053,0.85085,2.40,1.37
2014.09.10 02:59:46.862,0.85053,0.85085,2.02,1.37
2014.09.10 02:59:47.364,0.85052,0.85085,3.00,2.77
2014.09.10 02:59:48.594,0.85052,0.8508,2.40,1.00
2014.09.10 02:59:48.744,0.85048,0.8508,2.40,1.37
2014.09.10 02:59:49.245,0.85048,0.8508,2.40,1.00
2014.09.10 02:59:49.906,0.85048,0.8508,2.40,1.37
2014.09.10 02:59:53.479,0.8505,0.8508,1.75,1.00
2014.09.10 02:59:53.792,0.85051,0.8508,2.40,1.00
2014.09.10 02:59:54.123,0.85051,0.8508,2.40,1.00
2014.09.10 02:59:55.433,0.85051,0.8508,2.40,1.00
2014.09.10 02:59:56.394,0.85051,0.8508,2.40,1.00
2014.09.10 02:59:57.153,0.85053,0.85085,2.40,1.37
2014.09.10 02:59:57.441,0.85053,0.85085,2.40,1.12
2014.09.10 02:59:57.640,0.85053,0.85085,2.40,1.37
2014.09.10 02:59:58.100,0.85053,0.85085,2.40,1.12
2014.09.10 02:59:58.511,0.85053,0.85081,2.40,1.00
2014.09.10 02:59:59.352,0.85053,0.8508,2.40,1.00
