2011.09.12 01:00:00.204,0.88853,0.88948,2.25,1.35
2011.09.12 01:00:01.148,0.88853,0.88948,2.25,1.35
2011.09.12 01:00:01.376,0.88853,0.88948,2.25,1.35
2011.09.12 01:00:03.178,0.88853,0.88948,2.25,1.35
2011.09.12 01:00:03.738,0.88853,0.88948,2.25,1.35
2011.09.12 01:00:05.015,0.88853,0.88948,2.25,1.35
2011.09.12 01:00:05.125,0.88853,0.88948,2.25,1.35
2011.09.12 01:00:05.535,0.88854,0.88948,2.25,1.35
2011.09.12 01:00:05.764,0.88854,0.88948,2.25,1.35
2011.09.12 01:00:05.939,0.88857,0.88948,2.25,1.35
2011.09.12 01:00:06.275,0.88854,0.88948,2.25,1.35
2011.09.12 01:00:06.384,0.88854,0.88948,2.25,1.35
2011.09.12 01:00:06.495,0.88854,0.88948,2.25,1.35
2011.09.12 01:00:06.604,0.88854,0.88948,2.25,1.35
2011.09.12 01:00:06.715,0.88854,0.88948,2.25,1.35
2011.09.12 01:00:08.254,0.8884,0.88939,3.00,3.00
2011.09.12 01:00:08.484,0.88847,0.88945,2.25,3.00
2011.09.12 01:00:08.908,0.88847,0.88945,2.25,3.00
2011.09.12 01:00:09.244,0.88847,0.88925,2.25,1.35
2011.09.12 01:00:09.468,0.88845,0.88925,2.25,1.35
2011.09.12 01:00:09.586,0.88849,0.88925,2.25,1.35
2011.09.12 01:00:09.804,0.88846,0.88925,3.00,1.35
2011.09.12 01:00:11.216,0.88846,0.88925,3.00,1.35
2011.09.12 01:00:13.424,0.8885,0.88925,2.25,1.35
2011.09.12 01:00:15.176,0.8885,0.88925,3.00,1.35
2011.09.12 01:00:24.115,0.88849,0.88925,2.25,1.35
2011.09.12 01:00:24.224,0.88847,0.88925,2.25,1.35
2011.09.12 01:00:25.915,0.8885,0.88925,2.25,1.35
2011.09.12 01:00:26.464,0.88852,0.88925,2.25,1.35
2011.09.12 01:00:27.016,0.8886,0.8894,2.25,1.35
2011.09.12 01:00:27.234,0.8886,0.8894,2.25,1.35
2011.09.12 01:00:27.841,0.88861,0.8894,2.25,1.35
2011.09.12 01:00:28.825,0.88861,0.8894,2.25,1.35
2011.09.12 01:00:29.090,0.88866,0.8894,2.25,1.35
2011.09.12 01:00:29.604,0.88865,0.8894,2.25,1.35
2011.09.12 01:00:30.076,0.88867,0.8894,2.25,1.35
2011.09.12 01:00:30.765,0.88867,0.8894,2.25,1.35
2011.09.12 01:00:30.984,0.8887,0.8894,2.25,1.35
2011.09.12 01:00:31.094,0.88872,0.8894,2.25,1.35
2011.09.12 01:00:31.314,0.88879,0.88958,2.25,1.35
2011.09.12 01:00:31.534,0.88881,0.88958,2.25,1.35
2011.09.12 01:00:32.026,0.88877,0.88958,2.25,1.35
2011.09.12 01:00:32.667,0.88877,0.88958,2.25,1.35
2011.09.12 01:00:33.324,0.88877,0.88959,2.25,1.35
2011.09.12 01:00:33.458,0.88877,0.88958,2.25,1.35
2011.09.12 01:00:33.830,0.88873,0.88958,2.25,1.35
2011.09.12 01:00:34.167,0.8887,0.88958,2.25,1.35
2011.09.12 01:00:34.879,0.88871,0.88958,2.25,1.35
2011.09.12 01:00:36.149,0.88871,0.88958,2.25,1.35
2011.09.12 01:00:37.264,0.88869,0.88958,2.25,1.35
2011.09.12 01:00:37.789,0.88872,0.88958,2.25,1.35
2011.09.12 01:00:37.905,0.88872,0.88958,2.25,1.35
2011.09.12 01:00:38.015,0.88872,0.88958,2.25,1.35
2011.09.12 01:00:38.235,0.88872,0.88955,2.25,1.35
2011.09.12 01:00:38.345,0.88865,0.88955,2.25,1.35
2011.09.12 01:00:42.185,0.88865,0.88955,2.25,1.35
2011.09.12 01:00:42.465,0.88876,0.88955,2.25,1.35
2011.09.12 01:00:42.871,0.88876,0.88955,2.25,1.35
2011.09.12 01:00:44.274,0.88875,0.88955,2.25,1.35
2011.09.12 01:00:44.785,0.88875,0.88955,2.25,1.35
2011.09.12 01:00:45.354,0.88876,0.88955,2.25,1.35
2011.09.12 01:00:45.794,0.88875,0.88955,2.25,1.35
2011.09.12 01:00:45.904,0.88875,0.88955,2.25,1.35
2011.09.12 01:00:47.179,0.88875,0.88955,2.25,1.35
2011.09.12 01:00:48.046,0.88875,0.88948,2.25,1.35
2011.09.12 01:00:48.374,0.88867,0.88943,3.00,1.35
2011.09.12 01:00:50.253,0.88867,0.88939,3.00,1.35
2011.09.12 01:00:50.516,0.88867,0.88934,2.25,1.35
2011.09.12 01:00:50.625,0.88856,0.88934,2.25,1.35
2011.09.12 01:00:50.844,0.88858,0.88934,2.25,1.35
2011.09.12 01:00:50.953,0.88856,0.88934,2.25,1.35
2011.09.12 01:00:52.715,0.88863,0.88934,2.25,1.35
2011.09.12 01:00:54.944,0.88865,0.88934,2.25,1.35
2011.09.12 01:01:01.514,0.88862,0.88934,3.00,1.35
2011.09.12 01:01:03.340,0.88862,0.88934,2.25,1.35
2011.09.12 01:01:03.458,0.88862,0.88934,2.25,1.35
2011.09.12 01:01:03.688,0.88857,0.88934,3.00,1.35
2011.09.12 01:01:03.886,0.88857,0.88934,2.25,1.35
2011.09.12 01:01:05.609,0.88857,0.88934,3.00,1.35
2011.09.12 01:01:06.423,0.88859,0.88932,2.25,2.10
2011.09.12 01:01:07.419,0.88862,0.88928,2.25,1.35
2011.09.12 01:01:08.144,0.88859,0.88928,2.25,1.35
2011.09.12 01:01:18.377,0.8886,0.88923,2.25,1.35
2011.09.12 01:01:19.674,0.88855,0.88929,2.25,1.35
2011.09.12 01:01:21.425,0.88855,0.88923,3.00,1.35
2011.09.12 01:01:24.636,0.8886,0.88923,2.25,1.35
2011.09.12 01:01:24.854,0.88858,0.88923,2.25,1.35
2011.09.12 01:01:25.240,0.8886,0.88923,2.25,1.35
2011.09.12 01:01:25.937,0.88859,0.88924,2.25,1.35
2011.09.12 01:01:33.185,0.88852,0.88923,3.00,1.35
2011.09.12 01:01:33.785,0.88848,0.88923,3.00,1.35
2011.09.12 01:01:33.894,0.88848,0.88924,3.00,1.35
2011.09.12 01:01:34.124,0.88847,0.88923,3.00,1.35
2011.09.12 01:01:34.345,0.88845,0.88922,2.25,1.35
2011.09.12 01:01:34.724,0.88839,0.88922,3.00,1.35
2011.09.12 01:01:34.835,0.88839,0.88922,2.25,1.35
2011.09.12 01:01:34.946,0.88839,0.88922,3.00,1.35
2011.09.12 01:01:35.056,0.88838,0.88922,2.25,1.35
2011.09.12 01:01:35.165,0.8884,0.88922,3.00,1.35
2011.09.12 01:01:35.278,0.8884,0.88919,3.00,1.35
2011.09.12 01:01:35.400,0.88827,0.88914,3.00,1.35
2011.09.12 01:01:35.517,0.88827,0.88914,3.00,1.35
2011.09.12 01:01:35.627,0.88822,0.88914,3.00,1.35
2011.09.12 01:01:35.736,0.88822,0.88914,3.00,1.35
2011.09.12 01:01:35.957,0.88825,0.88914,3.00,1.35
2011.09.12 01:01:36.507,0.88824,0.88914,3.00,1.35
2011.09.12 01:01:36.818,0.88822,0.88914,3.00,1.35
2011.09.12 01:01:37.335,0.88822,0.88914,2.25,1.35
2011.09.12 01:01:37.666,0.88801,0.88884,1.35,2.10
2011.09.12 01:01:39.206,0.88801,0.88884,1.35,2.85
2011.09.12 01:01:39.937,0.88801,0.88884,1.35,2.10
2011.09.12 01:01:41.236,0.88801,0.88884,1.35,2.10
2011.09.12 01:01:41.889,0.88806,0.88878,3.00,1.35
2011.09.12 01:01:42.005,0.88806,0.88879,3.00,1.35
2011.09.12 01:01:43.277,0.88807,0.88874,2.25,1.35
2011.09.12 01:01:43.657,0.88807,0.88874,3.00,1.35
2011.09.12 01:01:44.114,0.88806,0.88873,3.00,1.35
2011.09.12 01:01:45.246,0.88806,0.88873,3.00,1.35
2011.09.12 01:01:46.189,0.88806,0.88873,3.00,1.35
2011.09.12 01:01:47.335,0.88801,0.88884,1.35,2.85
2011.09.12 01:01:47.840,0.88801,0.88873,1.35,1.35
2011.09.12 01:01:47.957,0.88801,0.88884,1.35,2.85
2011.09.12 01:01:48.118,0.88801,0.88873,1.35,1.35
2011.09.12 01:01:48.234,0.88801,0.88873,1.35,1.35
2011.09.12 01:01:51.397,0.88797,0.88873,2.85,1.35
2011.09.12 01:01:52.234,0.88798,0.88873,2.85,1.35
2011.09.12 01:01:52.345,0.88804,0.88873,2.25,1.35
2011.09.12 01:01:52.721,0.88804,0.88873,2.25,1.35
2011.09.12 01:01:53.686,0.88802,0.88873,3.00,1.35
2011.09.12 01:01:54.675,0.88803,0.88873,2.25,1.35
2011.09.12 01:01:56.130,0.88803,0.88873,3.00,1.35
2011.09.12 01:01:59.099,0.88803,0.88874,3.00,1.35
2011.09.12 01:01:59.362,0.88803,0.88874,2.25,1.35
2011.09.12 01:02:00.118,0.88803,0.88873,2.25,1.35
2011.09.12 01:02:00.259,0.88803,0.88873,2.25,1.35
2011.09.12 01:02:00.484,0.88805,0.88873,2.25,1.35
2011.09.12 01:02:01.099,0.88805,0.88873,3.00,1.35
2011.09.12 01:02:01.867,0.88802,0.88878,3.00,1.35
2011.09.12 01:02:02.205,0.88806,0.88879,2.25,1.35
2011.09.12 01:02:02.316,0.88802,0.88874,2.25,1.35
2011.09.12 01:02:02.534,0.88811,0.88879,2.25,1.35
2011.09.12 01:02:04.600,0.88811,0.88873,2.25,1.35
2011.09.12 01:02:04.729,0.88811,0.88879,2.25,1.35
2011.09.12 01:02:04.955,0.88807,0.88879,2.25,1.35
2011.09.12 01:02:05.174,0.8881,0.88879,2.25,1.35
2011.09.12 01:02:05.676,0.88812,0.88879,2.25,1.35
2011.09.12 01:02:07.354,0.88817,0.88884,2.25,2.85
2011.09.12 01:02:07.466,0.88815,0.88878,2.25,1.35
2011.09.12 01:02:08.054,0.88816,0.88879,2.25,1.35
2011.09.12 01:02:08.675,0.88813,0.88878,2.25,1.35
2011.09.12 01:02:08.894,0.88814,0.88879,2.25,1.35
2011.09.12 01:02:09.588,0.88813,0.88879,2.25,1.35
2011.09.12 01:02:09.709,0.88813,0.88875,2.25,1.35
2011.09.12 01:02:10.555,0.88813,0.88878,2.25,1.35
2011.09.12 01:02:10.664,0.88815,0.88878,2.25,1.35
2011.09.12 01:02:11.756,0.88816,0.88878,2.25,1.35
2011.09.12 01:02:12.769,0.88819,0.88879,2.25,1.35
2011.09.12 01:02:17.716,0.88819,0.88875,2.25,1.35
2011.09.12 01:02:19.422,0.88819,0.88878,2.25,1.35
2011.09.12 01:02:20.397,0.88819,0.88875,2.25,1.35
2011.09.12 01:02:20.504,0.88819,0.88879,2.25,1.35
2011.09.12 01:02:20.618,0.88819,0.88875,2.25,1.35
2011.09.12 01:02:21.226,0.88819,0.88875,2.25,1.35
2011.09.12 01:02:21.732,0.88819,0.88878,2.25,1.35
2011.09.12 01:02:22.495,0.88819,0.88875,2.25,1.35
2011.09.12 01:02:23.330,0.88819,0.88878,2.25,1.35
2011.09.12 01:02:23.736,0.88816,0.88875,3.00,2.10
2011.09.12 01:02:24.624,0.88807,0.88875,3.00,2.10
2011.09.12 01:02:24.954,0.88807,0.88875,3.00,2.10
2011.09.12 01:02:25.694,0.88807,0.88863,3.00,2.10
2011.09.12 01:02:25.857,0.88807,0.88863,2.25,2.10
2011.09.12 01:02:26.028,0.88812,0.88863,2.25,2.10
2011.09.12 01:02:26.409,0.88807,0.88863,3.00,2.10
2011.09.12 01:02:26.527,0.88807,0.88863,3.00,2.10
2011.09.12 01:02:26.935,0.88803,0.88863,1.35,2.10
2011.09.12 01:02:28.435,0.88801,0.88863,3.60,2.10
2011.09.12 01:02:28.534,0.88803,0.88863,1.35,2.10
2011.09.12 01:02:28.644,0.88802,0.88863,1.35,2.10
2011.09.12 01:02:28.754,0.88803,0.88863,1.35,2.10
2011.09.12 01:02:29.266,0.88801,0.88863,3.60,2.10
2011.09.12 01:02:29.695,0.88801,0.88869,3.60,1.35
2011.09.12 01:02:30.540,0.88805,0.88869,2.25,1.35
2011.09.12 01:02:30.875,0.88809,0.88868,2.25,1.35
2011.09.12 01:02:31.330,0.88805,0.88868,3.00,1.35
2011.09.12 01:02:31.445,0.88809,0.88868,2.25,1.35
2011.09.12 01:02:31.665,0.88806,0.88874,3.00,1.35
2011.09.12 01:02:32.335,0.88809,0.88868,2.25,1.35
2011.09.12 01:02:32.445,0.88806,0.88873,3.00,1.35
2011.09.12 01:02:32.633,0.8881,0.88873,2.25,1.35
2011.09.12 01:02:33.525,0.88807,0.88868,3.00,1.35
2011.09.12 01:02:33.634,0.8881,0.88868,2.25,1.35
2011.09.12 01:02:33.745,0.88807,0.88868,3.00,1.35
2011.09.12 01:02:33.950,0.8881,0.88868,2.25,1.35
2011.09.12 01:02:34.624,0.88806,0.88869,3.00,1.35
2011.09.12 01:02:35.065,0.88811,0.88869,2.25,1.35
2011.09.12 01:02:35.284,0.88805,0.88874,3.00,1.35
2011.09.12 01:02:36.868,0.88805,0.88868,3.00,1.35
2011.09.12 01:02:36.977,0.88814,0.88868,2.25,1.35
2011.09.12 01:02:37.088,0.88809,0.88868,2.25,1.35
2011.09.12 01:02:37.648,0.88807,0.88868,2.25,1.35
2011.09.12 01:02:38.134,0.88811,0.88873,2.25,1.35
2011.09.12 01:02:38.672,0.88811,0.88861,2.25,2.10
2011.09.12 01:02:40.225,0.88812,0.88861,2.25,2.10
2011.09.12 01:02:42.853,0.88816,0.88869,2.10,1.35
2011.09.12 01:02:42.965,0.88826,0.88869,2.25,1.35
2011.09.12 01:02:43.496,0.8883,0.88889,2.25,2.10
2011.09.12 01:02:53.688,0.88832,0.88889,2.25,2.10
2011.09.12 01:02:53.933,0.88832,0.88898,2.25,1.35
2011.09.12 01:02:54.053,0.88837,0.88898,2.25,1.35
2011.09.12 01:02:54.604,0.88833,0.88903,2.25,2.85
2011.09.12 01:02:57.749,0.88839,0.88904,2.25,1.35
2011.09.12 01:02:58.308,0.88839,0.88904,2.25,1.35
2011.09.12 01:02:58.687,0.8884,0.88904,2.25,1.35
2011.09.12 01:02:58.906,0.88843,0.88904,2.25,1.35
2011.09.12 01:02:59.017,0.88839,0.88904,2.25,1.35
2011.09.12 01:02:59.345,0.88848,0.88904,2.25,1.35
2011.09.12 01:02:59.564,0.88842,0.88909,2.25,1.35
2011.09.12 01:03:00.245,0.88838,0.88909,2.25,1.35
2011.09.12 01:03:00.844,0.88836,0.88909,2.25,1.35
2011.09.12 01:03:02.419,0.88839,0.88903,2.25,1.35
2011.09.12 01:03:03.817,0.88832,0.88903,1.35,1.35
2011.09.12 01:03:06.388,0.88835,0.88908,1.35,1.35
2011.09.12 01:03:13.058,0.88835,0.88909,1.35,1.35
2011.09.12 01:03:13.505,0.88814,0.88904,3.00,1.35
2011.09.12 01:03:13.725,0.88814,0.88903,3.00,1.35
2011.09.12 01:03:14.354,0.88814,0.88903,3.00,1.35
2011.09.12 01:03:14.465,0.88823,0.88909,1.35,1.35
2011.09.12 01:03:14.593,0.88823,0.88912,1.35,2.85
2011.09.12 01:03:15.144,0.88823,0.88913,3.60,1.35
2011.09.12 01:03:16.266,0.88823,0.88913,3.60,1.35
2011.09.12 01:03:17.985,0.88823,0.88914,3.60,1.35
2011.09.12 01:03:20.642,0.88823,0.88913,1.35,1.35
2011.09.12 01:03:30.704,0.88826,0.88913,3.00,1.35
2011.09.12 01:03:31.174,0.88826,0.88914,3.00,1.35
2011.09.12 01:03:32.399,0.88823,0.88904,1.35,1.35
2011.09.12 01:03:34.155,0.88823,0.88901,1.35,1.35
2011.09.12 01:03:34.487,0.88823,0.88903,1.35,1.35
2011.09.12 01:03:36.114,0.88823,0.88904,1.35,1.35
2011.09.12 01:03:36.457,0.88823,0.88901,1.35,1.35
2011.09.12 01:03:36.585,0.88823,0.88903,1.35,1.35
2011.09.12 01:03:37.059,0.88823,0.88901,1.35,1.35
2011.09.12 01:03:37.575,0.88819,0.88898,1.35,1.35
2011.09.12 01:03:41.596,0.88819,0.88894,1.35,1.35
2011.09.12 01:03:44.695,0.88819,0.88899,1.35,1.35
2011.09.12 01:03:45.760,0.88819,0.88902,1.35,2.10
2011.09.12 01:03:45.877,0.88819,0.88902,1.35,2.10
2011.09.12 01:03:47.214,0.88831,0.88898,1.35,1.35
2011.09.12 01:03:47.909,0.88831,0.88893,1.35,1.35
2011.09.12 01:03:48.236,0.88831,0.88898,1.35,1.35
2011.09.12 01:03:48.357,0.88831,0.88894,1.35,1.35
2011.09.12 01:03:55.214,0.88831,0.88893,1.35,1.35
2011.09.12 01:03:59.274,0.8882,0.88893,1.35,1.35
2011.09.12 01:04:01.437,0.8882,0.88889,1.35,1.35
2011.09.12 01:04:03.583,0.8882,0.88888,1.35,1.35
2011.09.12 01:04:07.338,0.8882,0.88889,1.35,1.35
2011.09.12 01:04:08.324,0.8882,0.88893,1.35,1.35
2011.09.12 01:04:09.495,0.88827,0.88893,1.35,1.35
2011.09.12 01:04:20.236,0.88832,0.88896,1.35,2.10
2011.09.12 01:04:20.455,0.88831,0.88894,1.35,1.35
2011.09.12 01:04:25.575,0.88827,0.88885,1.35,2.10
2011.09.12 01:04:30.474,0.88835,0.88894,2.10,2.10
2011.09.12 01:04:30.694,0.88832,0.88904,1.35,2.10
2011.09.12 01:04:31.872,0.88836,0.88914,1.35,1.35
2011.09.12 01:04:32.926,0.88837,0.88919,1.35,1.35
2011.09.12 01:04:33.035,0.88837,0.88913,1.35,1.35
2011.09.12 01:04:33.614,0.88837,0.88914,1.35,1.35
2011.09.12 01:04:33.726,0.88836,0.88909,1.35,1.35
2011.09.12 01:04:35.085,0.88837,0.8892,1.35,2.10
2011.09.12 01:04:35.195,0.88839,0.88929,1.35,1.35
2011.09.12 01:04:37.179,0.88839,0.88929,1.35,1.35
2011.09.12 01:04:38.094,0.88839,0.88923,1.35,1.35
2011.09.12 01:04:39.855,0.88839,0.88929,1.35,1.35
2011.09.12 01:04:40.185,0.88839,0.88923,1.35,1.35
2011.09.12 01:04:43.027,0.88839,0.88921,1.35,1.35
2011.09.12 01:04:43.239,0.88839,0.88924,1.35,1.35
2011.09.12 01:04:43.966,0.88829,0.88921,3.00,1.35
2011.09.12 01:04:46.156,0.88829,0.88924,3.00,1.35
2011.09.12 01:04:47.165,0.88825,0.88923,3.60,3.60
2011.09.12 01:04:47.389,0.88825,0.88921,3.60,1.35
2011.09.12 01:04:47.617,0.88825,0.88918,1.35,2.25
2011.09.12 01:04:47.726,0.88825,0.88913,1.35,3.00
2011.09.12 01:04:48.244,0.88815,0.88913,3.00,3.60
2011.09.12 01:04:49.016,0.88812,0.8891,3.00,3.00
2011.09.12 01:04:49.346,0.8881,0.88908,3.00,2.25
2011.09.12 01:04:49.648,0.88808,0.88906,3.60,2.25
2011.09.12 01:04:50.337,0.88808,0.88905,1.35,2.25
2011.09.12 01:04:50.887,0.88808,0.88908,3.60,3.00
2011.09.12 01:04:51.327,0.88814,0.88911,3.00,1.35
2011.09.12 01:04:51.434,0.8882,0.88911,3.00,1.35
2011.09.12 01:04:51.764,0.8882,0.88911,3.00,1.35
2011.09.12 01:04:52.394,0.8882,0.88913,3.00,1.35
2011.09.12 01:04:53.176,0.88819,0.88913,3.00,1.35
2011.09.12 01:04:53.936,0.88821,0.88919,3.00,3.60
2011.09.12 01:04:54.155,0.88821,0.88914,3.00,1.35
2011.09.12 01:04:54.266,0.88821,0.88919,3.00,1.35
2011.09.12 01:04:54.815,0.8882,0.88914,3.00,1.35
2011.09.12 01:04:55.108,0.88819,0.88913,3.00,1.35
2011.09.12 01:04:55.695,0.8882,0.88914,3.00,1.35
2011.09.12 01:04:56.355,0.88828,0.88916,1.35,1.35
2011.09.12 01:04:56.795,0.88828,0.88916,1.35,1.35
2011.09.12 01:04:57.234,0.88828,0.88919,1.35,1.35
2011.09.12 01:05:00.116,0.88833,0.88923,3.00,1.35
2011.09.12 01:05:14.136,0.88829,0.88918,3.00,1.35
2011.09.12 01:05:14.466,0.88828,0.88923,1.35,2.85
2011.09.12 01:05:14.687,0.88828,0.88919,1.35,3.60
2011.09.12 01:05:18.207,0.88828,0.88916,1.35,1.35
2011.09.12 01:05:22.137,0.88828,0.88919,1.35,1.35
2011.09.12 01:05:26.135,0.88828,0.88918,1.35,1.35
2011.09.12 01:05:31.376,0.88829,0.88924,3.00,1.35
2011.09.12 01:05:31.965,0.88828,0.88923,1.35,3.60
2011.09.12 01:05:32.074,0.88828,0.88923,1.35,2.85
2011.09.12 01:05:39.447,0.88828,0.88918,1.35,1.35
2011.09.12 01:05:42.636,0.88828,0.88919,1.35,1.35
2011.09.12 01:05:45.848,0.88829,0.88923,3.00,1.35
2011.09.12 01:05:56.834,0.88824,0.88924,3.00,3.00
2011.09.12 01:06:00.637,0.88824,0.88924,3.00,3.00
2011.09.12 01:06:01.078,0.88824,0.88924,3.00,3.00
2011.09.12 01:06:05.093,0.88824,0.88924,3.00,3.00
2011.09.12 01:06:05.205,0.88825,0.88925,3.00,3.00
2011.09.12 01:06:08.524,0.88825,0.88925,3.00,3.00
2011.09.12 01:06:09.189,0.88825,0.88925,3.00,3.00
2011.09.12 01:06:10.021,0.88825,0.88925,3.00,3.00
2011.09.12 01:06:13.544,0.88825,0.88925,3.00,3.00
2011.09.12 01:06:13.783,0.88825,0.88925,3.00,3.00
2011.09.12 01:06:14.754,0.88823,0.88923,3.00,3.00
2011.09.12 01:06:15.125,0.88823,0.88923,3.00,3.00
2011.09.12 01:06:15.906,0.88825,0.88925,3.00,3.00
2011.09.12 01:06:16.397,0.88825,0.88925,3.00,3.00
2011.09.12 01:06:16.754,0.88825,0.88925,3.00,3.00
2011.09.12 01:06:16.864,0.88825,0.88925,3.00,3.00
2011.09.12 01:06:19.196,0.88821,0.88919,3.00,3.00
2011.09.12 01:06:21.945,0.88821,0.88919,3.00,3.00
2011.09.12 01:06:23.155,0.88821,0.88919,3.00,3.00
2011.09.12 01:06:24.145,0.88821,0.88919,3.00,3.00
2011.09.12 01:06:27.395,0.88821,0.88919,3.00,3.00
2011.09.12 01:06:32.635,0.88822,0.8892,3.00,3.00
2011.09.12 01:06:33.103,0.88822,0.8892,3.00,3.00
2011.09.12 01:06:37.024,0.88821,0.88921,3.00,3.00
2011.09.12 01:06:38.096,0.88823,0.88909,1.35,1.35
2011.09.12 01:06:39.894,0.88823,0.88903,1.35,1.35
2011.09.12 01:06:40.846,0.88823,0.889,1.35,1.35
2011.09.12 01:06:41.476,0.88823,0.88908,1.35,1.35
2011.09.12 01:06:42.197,0.88823,0.88904,1.35,1.35
2011.09.12 01:06:46.755,0.88823,0.889,1.35,1.35
2011.09.12 01:06:46.865,0.88823,0.88904,1.35,1.35
2011.09.12 01:06:47.454,0.88823,0.88908,1.35,1.35
2011.09.12 01:06:47.998,0.88823,0.88912,1.35,2.85
2011.09.12 01:06:48.127,0.88823,0.88912,1.35,2.85
2011.09.12 01:06:48.556,0.88823,0.88908,1.35,1.35
2011.09.12 01:06:49.107,0.88823,0.88909,1.35,1.35
2011.09.12 01:06:50.175,0.88823,0.88909,1.35,1.35
2011.09.12 01:06:52.594,0.88823,0.88903,1.35,1.35
2011.09.12 01:06:55.038,0.88823,0.88914,1.35,2.85
2011.09.12 01:06:55.155,0.88823,0.88908,1.35,1.35
2011.09.12 01:06:55.266,0.88837,0.88908,1.35,1.35
2011.09.12 01:06:55.375,0.88837,0.88908,1.35,1.35
2011.09.12 01:06:55.774,0.88836,0.88909,1.35,1.35
2011.09.12 01:06:55.995,0.88834,0.88902,1.35,2.10
2011.09.12 01:06:57.215,0.88834,0.88902,1.35,2.10
2011.09.12 01:06:57.572,0.88834,0.88902,1.35,2.10
2011.09.12 01:06:57.684,0.88834,0.88902,1.35,2.10
2011.09.12 01:06:58.666,0.88834,0.88902,1.35,2.10
2011.09.12 01:06:59.214,0.88834,0.88902,1.35,2.10
2011.09.12 01:06:59.898,0.88834,0.88902,1.35,2.10
2011.09.12 01:07:00.785,0.8883,0.88904,1.35,1.35
2011.09.12 01:07:04.147,0.8883,0.88908,1.35,1.35
2011.09.12 01:07:13.308,0.8883,0.88909,1.35,1.35
2011.09.12 01:07:13.935,0.88836,0.88909,1.35,1.35
2011.09.12 01:07:15.776,0.88831,0.88909,1.35,1.35
2011.09.12 01:07:16.498,0.88831,0.88914,1.35,1.35
2011.09.12 01:07:16.665,0.88831,0.88914,1.35,1.35
2011.09.12 01:07:17.015,0.88831,0.88914,1.35,2.85
2011.09.12 01:07:17.376,0.88831,0.88913,1.35,1.35
2011.09.12 01:07:17.707,0.88831,0.88913,1.35,1.35
2011.09.12 01:07:17.826,0.88831,0.88914,1.35,1.35
2011.09.12 01:07:19.248,0.88831,0.88913,1.35,1.35
2011.09.12 01:07:22.779,0.88831,0.88914,1.35,1.35
2011.09.12 01:07:24.064,0.88831,0.88913,1.35,1.35
2011.09.12 01:07:24.174,0.88831,0.88913,1.35,1.35
2011.09.12 01:07:24.307,0.88831,0.88913,1.35,1.35
2011.09.12 01:07:28.974,0.88831,0.88913,1.35,1.35
2011.09.12 01:07:29.844,0.88831,0.88914,1.35,1.35
2011.09.12 01:07:30.194,0.88831,0.88909,1.35,1.35
2011.09.12 01:07:30.306,0.88831,0.88913,1.35,1.35
2011.09.12 01:07:31.198,0.88831,0.88914,1.35,1.35
2011.09.12 01:07:31.457,0.88831,0.88909,1.35,1.35
2011.09.12 01:07:32.398,0.88831,0.88909,1.35,1.35
2011.09.12 01:07:32.510,0.88831,0.88908,1.35,1.35
2011.09.12 01:07:33.044,0.88831,0.88908,1.35,1.35
2011.09.12 01:07:33.604,0.88831,0.88909,1.35,1.35
2011.09.12 01:07:43.066,0.88827,0.88907,1.35,1.35
2011.09.12 01:07:43.177,0.88831,0.88913,1.35,1.35
2011.09.12 01:07:43.500,0.88831,0.88914,1.35,1.35
2011.09.12 01:07:44.777,0.88831,0.88908,1.35,1.35
2011.09.12 01:07:52.864,0.88831,0.88914,1.35,1.35
2011.09.12 01:07:52.977,0.88831,0.88913,1.35,1.35
2011.09.12 01:07:54.786,0.88831,0.88914,1.35,1.35
2011.09.12 01:07:55.124,0.88831,0.88908,1.35,1.35
2011.09.12 01:07:55.394,0.88831,0.88908,1.35,1.35
2011.09.12 01:07:57.165,0.88831,0.88908,1.35,1.35
2011.09.12 01:07:58.387,0.88831,0.88907,1.35,1.35
2011.09.12 01:07:59.157,0.88831,0.88909,1.35,1.35
2011.09.12 01:07:59.885,0.88831,0.88909,1.35,1.35
2011.09.12 01:08:16.646,0.88819,0.88917,3.00,3.00
2011.09.12 01:08:18.263,0.88814,0.88912,3.00,3.00
2011.09.12 01:08:21.221,0.88814,0.88912,3.00,3.00
2011.09.12 01:08:21.565,0.88815,0.88913,3.00,3.00
2011.09.12 01:08:22.731,0.88815,0.88913,3.00,3.00
2011.09.12 01:08:23.347,0.88821,0.88919,3.00,3.00
2011.09.12 01:08:23.776,0.88821,0.88919,3.00,3.00
2011.09.12 01:08:23.936,0.88821,0.88919,3.00,3.00
2011.09.12 01:08:25.652,0.88815,0.88913,3.00,3.00
2011.09.12 01:08:25.768,0.88815,0.88913,3.00,3.00
2011.09.12 01:08:26.466,0.88815,0.88913,3.00,3.00
2011.09.12 01:08:26.688,0.88815,0.88913,3.00,3.00
2011.09.12 01:08:27.956,0.88815,0.88913,3.00,3.00
2011.09.12 01:08:28.334,0.88814,0.88912,3.00,3.00
2011.09.12 01:08:28.727,0.88814,0.88912,3.00,3.00
2011.09.12 01:08:29.153,0.88814,0.88914,3.00,3.00
2011.09.12 01:08:31.146,0.88814,0.88914,3.00,3.00
2011.09.12 01:08:36.656,0.88814,0.88914,3.00,3.00
2011.09.12 01:08:54.967,0.88814,0.88914,3.00,3.00
2011.09.12 01:08:58.165,0.88828,0.88905,1.35,2.10
2011.09.12 01:08:58.277,0.88828,0.88905,1.35,2.10
2011.09.12 01:08:59.746,0.88828,0.88904,1.35,1.35
2011.09.12 01:09:02.180,0.88828,0.88904,1.35,1.35
2011.09.12 01:09:03.940,0.88828,0.88905,1.35,2.10
2011.09.12 01:09:05.527,0.88828,0.88905,1.35,2.10
2011.09.12 01:09:05.867,0.88827,0.88903,1.35,1.35
2011.09.12 01:09:08.397,0.88828,0.88904,1.35,1.35
2011.09.12 01:09:09.056,0.88815,0.88904,1.35,1.35
2011.09.12 01:09:09.833,0.88815,0.88902,1.35,1.35
2011.09.12 01:09:10.318,0.88815,0.88904,1.35,1.35
2011.09.12 01:09:10.900,0.88815,0.88903,1.35,1.35
2011.09.12 01:09:14.005,0.88815,0.88902,1.35,1.35
2011.09.12 01:09:14.117,0.88815,0.88904,1.35,1.35
2011.09.12 01:09:14.906,0.88815,0.88908,1.35,1.35
2011.09.12 01:09:15.019,0.88815,0.88903,1.35,1.35
2011.09.12 01:09:15.137,0.88815,0.88904,1.35,3.60
2011.09.12 01:09:15.245,0.88815,0.88903,1.35,1.35
2011.09.12 01:09:15.355,0.88815,0.88903,1.35,1.35
2011.09.12 01:09:16.093,0.88815,0.88904,1.35,1.35
2011.09.12 01:09:16.766,0.88826,0.88904,1.35,1.35
2011.09.12 01:09:17.369,0.88826,0.88903,1.35,1.35
2011.09.12 01:09:19.666,0.88826,0.88903,1.35,1.35
2011.09.12 01:09:20.175,0.88826,0.88909,1.35,1.35
2011.09.12 01:09:20.734,0.88826,0.88903,1.35,1.35
2011.09.12 01:09:23.888,0.88826,0.88909,1.35,1.35
2011.09.12 01:09:24.047,0.88826,0.88908,1.35,1.35
2011.09.12 01:09:24.218,0.88826,0.88908,1.35,1.35
2011.09.12 01:09:24.325,0.88826,0.88909,1.35,1.35
2011.09.12 01:09:24.565,0.88826,0.88909,1.35,1.35
2011.09.12 01:09:28.907,0.88826,0.88909,1.35,1.35
2011.09.12 01:09:29.438,0.88826,0.88914,1.35,1.35
2011.09.12 01:09:29.545,0.88826,0.88908,1.35,1.35
2011.09.12 01:09:29.657,0.88837,0.88908,1.35,1.35
2011.09.12 01:09:33.186,0.88838,0.88901,1.35,2.10
2011.09.12 01:09:33.295,0.88831,0.88901,1.35,2.10
2011.09.12 01:09:33.736,0.88829,0.88907,1.35,2.10
2011.09.12 01:09:35.647,0.88829,0.88903,1.35,1.35
2011.09.12 01:09:36.617,0.88829,0.88907,1.35,2.10
2011.09.12 01:09:37.885,0.88829,0.88903,1.35,1.35
2011.09.12 01:09:47.336,0.88829,0.88904,1.35,1.35
2011.09.12 01:09:49.207,0.88817,0.88904,1.35,1.35
2011.09.12 01:09:50.966,0.88817,0.88898,1.35,1.35
2011.09.12 01:09:51.740,0.88817,0.88904,1.35,1.35
2011.09.12 01:09:52.721,0.88817,0.88898,1.35,1.35
2011.09.12 01:09:53.465,0.88817,0.88898,1.35,1.35
2011.09.12 01:09:54.267,0.88817,0.88898,1.35,2.85
2011.09.12 01:09:56.336,0.88817,0.88893,1.35,1.35
2011.09.12 01:09:58.194,0.88817,0.88894,1.35,1.35
2011.09.12 01:09:58.706,0.88816,0.88888,1.35,2.10
2011.09.12 01:09:59.555,0.88826,0.88893,1.35,2.10
2011.09.12 01:10:00.197,0.88828,0.88893,1.35,2.10
2011.09.12 01:10:00.307,0.88829,0.88903,1.35,1.35
2011.09.12 01:10:00.549,0.88827,0.88898,1.35,1.35
2011.09.12 01:10:02.246,0.88829,0.88899,1.35,1.35
2011.09.12 01:10:03.035,0.88829,0.88898,1.35,1.35
2011.09.12 01:10:04.069,0.88826,0.88899,1.35,1.35
2011.09.12 01:10:04.188,0.88829,0.88903,1.35,1.35
2011.09.12 01:10:04.295,0.88826,0.88902,1.35,2.85
2011.09.12 01:10:10.157,0.88829,0.88903,1.35,1.35
2011.09.12 01:10:10.890,0.88829,0.88904,1.35,1.35
2011.09.12 01:10:11.974,0.88836,0.88904,2.85,1.35
2011.09.12 01:10:22.565,0.88841,0.88901,1.35,2.10
2011.09.12 01:10:23.034,0.88846,0.88908,2.10,2.10
2011.09.12 01:10:56.845,0.88845,0.88908,1.35,2.10
2011.09.12 01:11:06.017,0.88843,0.88908,2.10,1.35
2011.09.12 01:11:06.235,0.88836,0.88907,1.35,2.10
2011.09.12 01:11:33.368,0.88844,0.88907,1.35,2.10
2011.09.12 01:11:33.490,0.88837,0.88907,1.35,2.10
2011.09.12 01:11:56.048,0.88844,0.88907,1.35,2.10
2011.09.12 01:11:56.156,0.88842,0.88907,1.35,2.10
2011.09.12 01:12:07.395,0.88818,0.88913,1.13,3.00
2011.09.12 01:12:26.223,0.88815,0.88912,1.13,3.00
2011.09.12 01:12:26.814,0.88818,0.88912,1.13,3.00
2011.09.12 01:12:29.406,0.88817,0.88912,1.13,3.00
2011.09.12 01:12:31.178,0.88817,0.88912,1.13,3.00
2011.09.12 01:12:32.152,0.88817,0.88912,1.13,3.00
2011.09.12 01:12:35.689,0.88819,0.88912,1.13,3.00
2011.09.12 01:12:35.805,0.88819,0.88912,1.13,2.25
2011.09.12 01:12:36.115,0.88819,0.88912,1.13,3.00
2011.09.12 01:12:36.881,0.88819,0.88912,1.13,3.00
2011.09.12 01:12:39.761,0.8882,0.88912,1.13,3.00
2011.09.12 01:12:41.239,0.88818,0.88912,1.13,3.00
2011.09.12 01:12:41.446,0.88818,0.88912,1.13,3.00
2011.09.12 01:12:44.185,0.8882,0.88912,1.13,3.00
2011.09.12 01:12:46.067,0.88816,0.88912,1.13,3.00
2011.09.12 01:12:51.014,0.88808,0.88908,3.00,2.25
2011.09.12 01:12:52.450,0.88807,0.88905,3.00,2.25
2011.09.12 01:12:53.517,0.88805,0.88905,3.00,3.00
2011.09.12 01:12:55.096,0.88807,0.88905,3.00,3.00
2011.09.12 01:12:55.439,0.88836,0.88902,1.35,2.10
2011.09.12 01:12:55.942,0.88832,0.88898,1.35,1.35
2011.09.12 01:13:01.497,0.88836,0.88902,1.35,2.10
2011.09.12 01:13:01.926,0.8881,0.88892,5.10,2.10
2011.09.12 01:13:02.146,0.88827,0.88891,1.35,2.10
2011.09.12 01:13:05.564,0.88819,0.88902,1.35,2.85
2011.09.12 01:13:07.114,0.88819,0.88904,1.35,1.35
2011.09.12 01:13:07.445,0.88819,0.88903,1.35,1.35
2011.09.12 01:13:09.686,0.88832,0.88903,1.35,1.35
2011.09.12 01:13:10.237,0.88833,0.88904,1.35,1.35
2011.09.12 01:13:10.346,0.88832,0.88903,1.35,1.35
2011.09.12 01:13:27.224,0.88802,0.88892,2.85,2.10
2011.09.12 01:13:27.339,0.88802,0.88892,2.85,2.10
2011.09.12 01:13:28.159,0.88802,0.88892,2.85,2.10
2011.09.12 01:13:28.755,0.88802,0.88892,2.85,2.10
2011.09.12 01:13:28.865,0.88802,0.88892,2.85,2.10
2011.09.12 01:13:30.205,0.88802,0.88892,2.85,2.10
2011.09.12 01:13:36.189,0.88802,0.88892,2.85,2.10
2011.09.12 01:13:38.995,0.88802,0.88892,2.85,2.10
2011.09.12 01:13:41.250,0.88802,0.88892,2.85,2.85
2011.09.12 01:13:41.366,0.88802,0.88892,2.85,2.10
2011.09.12 01:13:41.477,0.88802,0.88889,2.85,2.25
2011.09.12 01:13:42.475,0.88802,0.88892,2.85,2.85
2011.09.12 01:13:42.807,0.88802,0.88892,2.85,2.10
2011.09.12 01:13:45.207,0.88802,0.88892,2.85,2.85
2011.09.12 01:13:47.208,0.88802,0.88892,2.85,2.10
2011.09.12 01:13:47.856,0.88802,0.88892,2.85,2.10
2011.09.12 01:13:48.141,0.88803,0.88892,3.00,2.10
2011.09.12 01:13:50.340,0.88802,0.88892,2.85,2.10
2011.09.12 01:13:50.666,0.88802,0.88892,2.85,2.10
2011.09.12 01:13:50.928,0.88802,0.88892,2.85,2.10
2011.09.12 01:13:54.135,0.88802,0.88892,2.85,2.10
2011.09.12 01:13:55.165,0.88804,0.88892,3.00,2.10
2011.09.12 01:13:55.277,0.88818,0.88894,1.35,1.35
2011.09.12 01:13:58.622,0.88818,0.88893,1.35,1.35
2011.09.12 01:13:59.796,0.88818,0.88897,1.35,2.10
2011.09.12 01:14:02.166,0.88818,0.88897,1.35,2.10
2011.09.12 01:14:02.626,0.88818,0.88893,1.35,1.35
2011.09.12 01:14:03.162,0.88818,0.88895,1.35,2.85
2011.09.12 01:14:03.605,0.88816,0.88894,1.35,1.35
2011.09.12 01:14:05.097,0.88818,0.88893,1.35,1.35
2011.09.12 01:14:12.769,0.88818,0.88893,1.35,1.35
2011.09.12 01:14:12.999,0.88818,0.88894,1.35,1.35
2011.09.12 01:14:13.597,0.88818,0.88897,1.35,2.10
2011.09.12 01:14:14.787,0.88818,0.88893,1.35,1.35
2011.09.12 01:14:20.067,0.88818,0.88894,1.35,1.35
2011.09.12 01:14:21.496,0.88818,0.88893,1.35,1.35
2011.09.12 01:14:21.795,0.88818,0.88893,1.35,1.35
2011.09.12 01:14:29.939,0.88818,0.88893,1.35,1.35
2011.09.12 01:14:30.647,0.88818,0.88894,1.35,1.35
2011.09.12 01:14:32.150,0.88818,0.88894,1.35,1.35
2011.09.12 01:14:32.267,0.88818,0.88889,1.35,1.35
2011.09.12 01:14:32.889,0.88818,0.88888,1.35,1.35
2011.09.12 01:14:33.199,0.88817,0.88888,1.35,1.35
2011.09.12 01:14:41.637,0.88818,0.88893,1.35,1.35
2011.09.12 01:14:44.592,0.88818,0.88893,1.35,1.35
2011.09.12 01:14:46.497,0.88818,0.88892,1.35,2.85
2011.09.12 01:14:47.495,0.88816,0.88889,1.35,1.35
2011.09.12 01:14:48.337,0.88818,0.88894,1.35,1.35
2011.09.12 01:14:50.147,0.88818,0.88894,1.35,1.35
2011.09.12 01:14:52.337,0.88818,0.88892,1.35,2.85
2011.09.12 01:14:52.927,0.88818,0.88894,1.35,2.85
2011.09.12 01:14:53.038,0.88817,0.88893,1.35,1.35
2011.09.12 01:14:55.855,0.88787,0.88887,3.00,2.25
2011.09.12 01:14:56.411,0.88785,0.88885,3.00,2.25
2011.09.12 01:14:56.528,0.88784,0.88884,3.00,3.00
2011.09.12 01:14:56.855,0.88789,0.88889,3.00,3.00
2011.09.12 01:14:57.085,0.88789,0.88887,3.00,2.25
2011.09.12 01:14:57.616,0.88787,0.88887,3.00,3.00
2011.09.12 01:15:03.535,0.88793,0.88891,3.00,3.00
2011.09.12 01:15:04.439,0.88793,0.88891,3.00,3.00
2011.09.12 01:15:06.458,0.88788,0.88888,3.00,3.00
2011.09.12 01:15:07.361,0.88788,0.88888,3.00,3.00
2011.09.12 01:15:07.738,0.88788,0.88888,3.00,3.00
2011.09.12 01:15:07.846,0.88788,0.88888,3.00,3.00
2011.09.12 01:15:08.066,0.88796,0.88879,1.35,2.10
2011.09.12 01:15:12.116,0.88796,0.88877,1.35,2.25
2011.09.12 01:15:12.227,0.88796,0.88877,1.35,3.00
2011.09.12 01:15:14.437,0.88796,0.88874,1.35,3.00
2011.09.12 01:15:14.655,0.88796,0.88874,1.35,3.00
2011.09.12 01:15:15.256,0.88796,0.88868,1.35,1.35
2011.09.12 01:15:15.366,0.88796,0.88873,1.35,1.35
2011.09.12 01:15:15.476,0.88796,0.88873,1.35,1.35
2011.09.12 01:15:16.077,0.88796,0.88879,1.35,1.35
2011.09.12 01:15:16.297,0.88796,0.88873,1.35,1.35
2011.09.12 01:15:17.445,0.88796,0.88874,1.35,1.35
2011.09.12 01:15:19.367,0.88796,0.88878,1.35,1.35
2011.09.12 01:15:20.726,0.88796,0.88878,1.35,2.85
2011.09.12 01:15:22.465,0.88796,0.88873,1.35,1.35
2011.09.12 01:15:22.879,0.88796,0.88874,1.35,1.35
2011.09.12 01:15:28.525,0.88796,0.88869,1.35,1.35
2011.09.12 01:15:28.661,0.88796,0.88868,1.35,1.35
2011.09.12 01:15:29.379,0.88792,0.88867,1.35,1.35
2011.09.12 01:15:29.876,0.88796,0.88868,1.35,1.35
2011.09.12 01:15:30.476,0.88796,0.88869,1.35,1.35
2011.09.12 01:15:30.854,0.88796,0.88869,1.35,1.35
2011.09.12 01:15:32.276,0.88796,0.88869,1.35,1.35
2011.09.12 01:15:34.978,0.88796,0.88873,1.35,1.35
2011.09.12 01:15:35.189,0.88796,0.88868,1.35,1.35
2011.09.12 01:15:36.397,0.88796,0.88873,1.35,1.35
2011.09.12 01:15:40.316,0.88796,0.88874,1.35,1.35
2011.09.12 01:15:40.431,0.88796,0.88868,1.35,1.35
2011.09.12 01:15:40.549,0.88796,0.88873,1.35,1.35
2011.09.12 01:15:43.457,0.88796,0.88873,1.35,1.35
2011.09.12 01:15:43.566,0.88796,0.88874,1.35,1.35
2011.09.12 01:15:43.677,0.88796,0.88869,1.35,1.35
2011.09.12 01:15:44.337,0.88796,0.88867,1.35,1.35
2011.09.12 01:15:44.445,0.88796,0.88874,1.35,1.35
2011.09.12 01:15:45.277,0.88796,0.88874,1.35,1.35
2011.09.12 01:15:46.893,0.88796,0.88869,1.35,1.35
2011.09.12 01:15:47.009,0.88796,0.88874,1.35,1.35
2011.09.12 01:15:47.491,0.88796,0.88869,1.35,1.35
2011.09.12 01:15:48.400,0.88796,0.88868,1.35,1.35
2011.09.12 01:15:49.177,0.88796,0.88867,1.35,1.35
2011.09.12 01:15:49.678,0.88796,0.88868,1.35,1.35
2011.09.12 01:15:49.837,0.88796,0.88869,1.35,1.35
2011.09.12 01:15:50.789,0.88796,0.88868,1.35,1.35
2011.09.12 01:15:52.149,0.88796,0.88869,1.35,1.35
2011.09.12 01:15:54.137,0.88796,0.88867,1.35,1.35
2011.09.12 01:15:54.249,0.88796,0.88868,1.35,1.35
2011.09.12 01:15:54.368,0.88796,0.88869,1.35,1.35
2011.09.12 01:15:55.026,0.88796,0.88868,1.35,1.35
2011.09.12 01:15:55.136,0.88796,0.88879,1.35,1.35
2011.09.12 01:15:55.245,0.88796,0.88874,1.35,1.35
2011.09.12 01:15:57.877,0.88796,0.88878,1.35,1.35
2011.09.12 01:15:59.425,0.88796,0.88879,1.35,1.35
2011.09.12 01:16:00.486,0.88796,0.88878,1.35,1.35
2011.09.12 01:16:01.478,0.88796,0.88874,1.35,1.35
2011.09.12 01:16:03.128,0.88796,0.8888,1.35,2.10
2011.09.12 01:16:03.238,0.88796,0.88878,1.35,1.35
2011.09.12 01:16:04.228,0.88796,0.88879,1.35,1.35
2011.09.12 01:16:04.447,0.88796,0.88878,1.35,1.35
2011.09.12 01:16:04.557,0.88796,0.88878,1.35,1.35
2011.09.12 01:16:10.607,0.88796,0.88879,1.35,1.35
2011.09.12 01:16:11.296,0.88796,0.88878,1.35,1.35
2011.09.12 01:16:12.229,0.88796,0.88873,1.35,1.35
2011.09.12 01:16:15.049,0.88796,0.88874,1.35,1.35
2011.09.12 01:16:15.155,0.88796,0.88873,1.35,1.35
2011.09.12 01:16:15.265,0.88786,0.88884,3.00,3.00
2011.09.12 01:16:15.486,0.88808,0.88873,1.35,1.35
2011.09.12 01:16:16.470,0.88808,0.88874,1.35,1.35
2011.09.12 01:16:17.138,0.88806,0.88874,1.35,1.35
2011.09.12 01:16:27.011,0.88808,0.88874,1.35,1.35
2011.09.12 01:16:29.205,0.88808,0.88868,1.35,1.35
2011.09.12 01:16:30.089,0.88808,0.88874,1.35,1.35
2011.09.12 01:16:34.928,0.88808,0.88868,1.35,1.35
2011.09.12 01:16:35.937,0.88808,0.88874,1.35,1.35
2011.09.12 01:16:36.784,0.88808,0.88873,1.35,1.35
2011.09.12 01:16:41.296,0.88808,0.88875,1.35,2.10
2011.09.12 01:16:41.968,0.88808,0.88875,1.35,2.10
2011.09.12 01:16:42.847,0.88808,0.88874,1.35,1.35
2011.09.12 01:16:43.235,0.88808,0.88875,1.35,2.10
2011.09.12 01:16:43.397,0.88808,0.88873,1.35,1.35
2011.09.12 01:16:49.406,0.88808,0.88874,1.35,1.35
2011.09.12 01:17:04.147,0.88808,0.88875,1.35,2.10
2011.09.12 01:17:05.515,0.88808,0.88875,1.35,2.10
2011.09.12 01:17:09.335,0.88808,0.88875,1.35,2.10
2011.09.12 01:17:12.138,0.88808,0.88875,1.35,2.10
2011.09.12 01:17:12.720,0.88808,0.88875,1.35,2.10
2011.09.12 01:17:15.329,0.88808,0.88875,1.35,2.10
2011.09.12 01:17:15.446,0.88786,0.88884,3.00,3.00
2011.09.12 01:17:15.708,0.88786,0.88884,3.00,3.00
2011.09.12 01:17:22.331,0.88786,0.88884,3.00,3.00
2011.09.12 01:17:22.926,0.88788,0.88888,3.00,3.00
2011.09.12 01:17:23.977,0.88788,0.88888,3.00,3.00
2011.09.12 01:17:24.455,0.88792,0.88892,3.00,3.00
2011.09.12 01:17:24.807,0.88806,0.88879,1.35,1.35
2011.09.12 01:17:26.472,0.88806,0.88878,1.35,1.35
2011.09.12 01:17:39.460,0.88806,0.88883,1.35,1.35
2011.09.12 01:17:50.628,0.88806,0.88883,1.35,1.35
2011.09.12 01:17:52.551,0.88806,0.88883,1.35,1.35
2011.09.12 01:18:03.558,0.88806,0.88878,1.35,1.35
2011.09.12 01:18:03.665,0.88806,0.88884,1.35,1.35
2011.09.12 01:18:04.268,0.88806,0.88879,1.35,1.35
2011.09.12 01:18:04.387,0.88806,0.88884,1.35,1.35
2011.09.12 01:18:11.966,0.88806,0.88884,1.35,1.35
2011.09.12 01:18:13.198,0.88806,0.88883,1.35,1.35
2011.09.12 01:18:13.685,0.88806,0.88884,1.35,1.35
2011.09.12 01:18:15.158,0.88806,0.88884,1.35,1.35
2011.09.12 01:18:19.040,0.88806,0.88883,1.35,1.35
2011.09.12 01:18:20.215,0.88806,0.88884,1.35,1.35
2011.09.12 01:18:24.749,0.88801,0.88893,1.13,3.00
2011.09.12 01:19:08.987,0.88797,0.88893,1.13,3.00
2011.09.12 01:19:11.005,0.88797,0.88893,1.13,3.00
2011.09.12 01:19:12.005,0.88796,0.8889,1.13,3.00
2011.09.12 01:19:12.115,0.88797,0.8889,1.13,3.00
2011.09.12 01:19:13.887,0.88801,0.88893,1.13,3.00
2011.09.12 01:19:13.994,0.88801,0.88893,1.13,3.00
2011.09.12 01:19:14.222,0.88801,0.88893,1.13,3.00
2011.09.12 01:19:14.608,0.88801,0.88892,1.13,3.00
2011.09.12 01:19:15.586,0.88801,0.88892,1.13,3.00
2011.09.12 01:19:15.700,0.88816,0.88889,1.35,1.35
2011.09.12 01:19:19.548,0.88817,0.88888,1.35,1.35
2011.09.12 01:19:21.087,0.88802,0.8888,1.35,2.10
2011.09.12 01:19:24.866,0.88802,0.88879,1.35,3.00
2011.09.12 01:19:27.398,0.88802,0.88879,1.35,3.00
2011.09.12 01:19:27.776,0.88802,0.88879,1.35,3.00
2011.09.12 01:19:28.058,0.88802,0.88879,1.35,3.00
2011.09.12 01:19:29.157,0.88802,0.88879,1.35,3.00
2011.09.12 01:19:31.448,0.88802,0.88879,1.35,3.00
2011.09.12 01:19:33.423,0.88802,0.88883,1.35,1.35
2011.09.12 01:19:37.497,0.88802,0.88882,1.35,1.35
2011.09.12 01:19:50.716,0.88802,0.88881,1.35,3.00
2011.09.12 01:19:51.198,0.88802,0.88882,1.35,1.35
2011.09.12 01:19:51.692,0.88802,0.88882,1.35,3.60
2011.09.12 01:19:52.460,0.88802,0.88883,1.35,1.35
2011.09.12 01:19:56.202,0.88802,0.88882,1.35,1.35
2011.09.12 01:19:56.427,0.88802,0.88884,1.35,3.60
2011.09.12 01:19:58.227,0.88802,0.88883,1.35,1.35
2011.09.12 01:20:02.249,0.88802,0.88883,1.35,1.35
2011.09.12 01:20:11.457,0.88794,0.8888,3.60,2.10
2011.09.12 01:20:11.896,0.88794,0.8888,1.35,2.10
2011.09.12 01:20:12.117,0.88807,0.88884,1.35,1.35
2011.09.12 01:20:14.157,0.88807,0.88878,1.35,1.35
2011.09.12 01:20:16.127,0.88807,0.88874,1.35,1.35
2011.09.12 01:20:17.456,0.88807,0.88874,1.35,1.35
2011.09.12 01:20:19.110,0.88807,0.88878,1.35,1.35
2011.09.12 01:20:19.555,0.88817,0.88876,1.35,2.10
2011.09.12 01:20:25.156,0.88816,0.88866,1.35,2.10
2011.09.12 01:20:27.416,0.88815,0.88875,1.35,2.10
2011.09.12 01:20:32.755,0.88815,0.88875,1.35,2.10
2011.09.12 01:20:33.080,0.88811,0.88875,1.35,2.10
2011.09.12 01:20:45.320,0.88801,0.88874,1.35,1.35
2011.09.12 01:21:05.397,0.88809,0.88876,2.10,2.10
2011.09.12 01:21:29.807,0.88809,0.88865,2.10,2.25
2011.09.12 01:21:30.250,0.88792,0.88849,1.35,2.10
2011.09.12 01:21:34.557,0.88789,0.88837,1.35,2.10
2011.09.12 01:21:35.106,0.88789,0.88837,1.35,2.10
2011.09.12 01:21:36.888,0.88787,0.88837,1.35,2.10
2011.09.12 01:21:40.150,0.88789,0.88837,1.35,2.10
2011.09.12 01:21:42.035,0.8879,0.88845,1.35,2.10
2011.09.12 01:21:44.218,0.88786,0.88845,1.35,2.10
2011.09.12 01:21:46.955,0.8879,0.88845,1.35,2.10
2011.09.12 01:21:47.066,0.88786,0.88845,1.35,2.10
2011.09.12 01:21:48.577,0.88791,0.88846,2.85,2.10
2011.09.12 01:21:52.586,0.88781,0.88834,1.35,2.10
2011.09.12 01:21:52.808,0.88781,0.88833,1.35,2.10
2011.09.12 01:21:54.458,0.88781,0.88833,1.35,2.10
2011.09.12 01:21:54.567,0.88783,0.88842,2.10,2.10
2011.09.12 01:21:55.468,0.88789,0.88857,1.35,2.10
2011.09.12 01:21:55.686,0.88786,0.88857,1.35,2.10
2011.09.12 01:21:56.386,0.88789,0.88857,1.35,2.10
2011.09.12 01:22:00.233,0.88789,0.88857,1.35,2.10
2011.09.12 01:22:05.496,0.88789,0.88858,1.35,1.35
2011.09.12 01:22:06.056,0.88789,0.88864,1.35,1.35
2011.09.12 01:22:06.576,0.88769,0.88847,3.60,2.10
2011.09.12 01:22:07.365,0.88769,0.88847,1.35,2.10
2011.09.12 01:22:07.980,0.88769,0.88847,1.35,2.10
2011.09.12 01:22:08.247,0.88769,0.88843,1.35,1.35
2011.09.12 01:22:09.147,0.88776,0.88831,1.35,2.10
2011.09.12 01:22:09.678,0.88776,0.88831,1.35,2.10
2011.09.12 01:22:10.749,0.88776,0.88831,1.35,2.10
2011.09.12 01:22:10.858,0.88776,0.88831,1.35,2.10
2011.09.12 01:22:11.078,0.88776,0.88831,1.35,2.10
2011.09.12 01:22:12.396,0.88776,0.88831,1.35,2.10
2011.09.12 01:22:12.727,0.88776,0.88831,1.35,2.10
2011.09.12 01:22:12.838,0.88776,0.88831,1.35,2.10
2011.09.12 01:22:13.366,0.88772,0.88831,1.35,2.10
2011.09.12 01:22:13.886,0.88776,0.88831,1.35,2.10
2011.09.12 01:22:15.967,0.88776,0.88831,1.35,2.10
2011.09.12 01:22:18.508,0.88776,0.88836,2.85,2.10
2011.09.12 01:22:25.656,0.88775,0.88837,1.35,2.10
2011.09.12 01:22:30.055,0.8877,0.88828,1.35,2.10
2011.09.12 01:22:30.166,0.8877,0.88828,1.35,2.10
2011.09.12 01:22:30.320,0.88767,0.88837,1.35,2.10
2011.09.12 01:22:40.338,0.88767,0.88837,1.35,2.10
2011.09.12 01:22:40.669,0.88767,0.88837,1.35,2.10
2011.09.12 01:22:40.996,0.88767,0.88837,1.35,2.10
2011.09.12 01:22:41.159,0.88767,0.88837,1.35,2.10
2011.09.12 01:22:42.051,0.88767,0.88837,1.35,2.10
2011.09.12 01:22:42.166,0.88766,0.88837,1.35,2.10
2011.09.12 01:22:43.697,0.88767,0.88837,1.35,2.10
2011.09.12 01:22:43.917,0.88766,0.88837,1.35,2.10
2011.09.12 01:22:44.140,0.88767,0.88837,1.35,2.10
2011.09.12 01:22:44.368,0.88766,0.88834,1.35,1.35
2011.09.12 01:22:44.656,0.88767,0.88837,1.35,2.10
2011.09.12 01:22:46.404,0.88767,0.88837,1.35,2.10
2011.09.12 01:22:46.799,0.88767,0.88837,1.35,2.10
2011.09.12 01:22:50.718,0.88767,0.88837,1.35,2.10
2011.09.12 01:22:55.087,0.88767,0.88837,1.35,2.10
2011.09.12 01:22:55.227,0.88767,0.88837,1.35,2.10
2011.09.12 01:22:55.915,0.88767,0.88837,1.35,2.10
2011.09.12 01:22:57.337,0.88767,0.88837,1.35,2.10
2011.09.12 01:23:00.438,0.88767,0.88837,1.35,2.10
2011.09.12 01:23:02.397,0.88767,0.88837,1.35,2.10
2011.09.12 01:23:02.506,0.88767,0.88837,1.35,2.10
2011.09.12 01:23:03.625,0.8877,0.88848,1.35,1.35
2011.09.12 01:23:05.260,0.8877,0.88843,1.35,1.35
2011.09.12 01:23:05.827,0.8877,0.88849,1.35,1.35
2011.09.12 01:23:07.406,0.8877,0.88849,1.35,1.35
2011.09.12 01:23:13.476,0.8877,0.88849,1.35,1.35
2011.09.12 01:23:43.449,0.8877,0.88848,1.35,1.35
2011.09.12 01:23:47.679,0.8877,0.8885,1.35,2.10
2011.09.12 01:23:47.786,0.88781,0.88854,1.35,1.35
2011.09.12 01:23:55.400,0.88785,0.88853,1.35,1.35
2011.09.12 01:23:57.578,0.88782,0.88848,1.35,1.35
2011.09.12 01:23:57.686,0.88785,0.88853,1.35,1.35
2011.09.12 01:23:58.338,0.88785,0.88854,1.35,1.35
2011.09.12 01:23:59.631,0.88785,0.88853,1.35,1.35
2011.09.12 01:24:26.870,0.88781,0.88849,1.35,1.35
2011.09.12 01:24:27.137,0.88775,0.88849,1.35,1.35
2011.09.12 01:24:27.798,0.88775,0.88848,1.35,1.35
2011.09.12 01:24:28.457,0.88775,0.88851,1.35,2.10
2011.09.12 01:24:28.847,0.88775,0.88851,1.35,2.10
2011.09.12 01:24:41.777,0.88775,0.88851,1.35,2.10
2011.09.12 01:24:43.217,0.88775,0.88851,1.35,2.10
2011.09.12 01:24:43.722,0.88775,0.88851,1.35,2.10
2011.09.12 01:24:46.631,0.88775,0.88848,1.35,1.35
2011.09.12 01:24:52.746,0.88787,0.88851,1.35,2.10
2011.09.12 01:25:09.067,0.88781,0.88843,1.35,2.10
2011.09.12 01:25:09.538,0.88779,0.88852,1.35,2.10
2011.09.12 01:25:09.768,0.88776,0.88844,1.35,1.35
2011.09.12 01:25:10.138,0.88779,0.88849,1.35,1.35
2011.09.12 01:25:10.789,0.88779,0.88848,1.35,1.35
2011.09.12 01:25:12.428,0.88779,0.88848,1.35,1.35
2011.09.12 01:25:13.755,0.88779,0.88849,1.35,1.35
2011.09.12 01:25:33.608,0.88779,0.88852,1.35,2.10
2011.09.12 01:25:34.136,0.88779,0.88849,1.35,1.35
2011.09.12 01:25:36.152,0.88779,0.88849,1.35,1.35
2011.09.12 01:25:37.564,0.88788,0.88853,1.35,2.10
2011.09.12 01:25:39.127,0.88788,0.88853,1.35,2.85
2011.09.12 01:25:39.399,0.88788,0.88853,1.35,2.10
2011.09.12 01:25:39.739,0.88786,0.88849,1.35,1.35
2011.09.12 01:25:39.847,0.88788,0.88853,1.35,2.85
2011.09.12 01:25:40.736,0.88787,0.88853,1.35,2.85
2011.09.12 01:25:41.055,0.88788,0.88853,1.35,2.85
2011.09.12 01:25:43.138,0.88788,0.88849,1.35,1.35
2011.09.12 01:25:43.912,0.88788,0.88853,1.35,2.85
2011.09.12 01:25:45.214,0.88788,0.88853,1.35,2.10
2011.09.12 01:25:48.768,0.88788,0.88848,1.35,1.35
2011.09.12 01:25:49.270,0.88786,0.88849,1.35,1.35
2011.09.12 01:25:49.506,0.88788,0.88848,1.35,1.35
2011.09.12 01:25:49.738,0.88787,0.88848,1.35,1.35
2011.09.12 01:26:25.350,0.88786,0.88842,1.35,2.10
2011.09.12 01:26:26.677,0.88786,0.88842,1.35,2.10
2011.09.12 01:26:30.086,0.88786,0.88842,1.35,2.10
2011.09.12 01:26:32.663,0.88786,0.88842,1.35,2.10
2011.09.12 01:26:33.382,0.88786,0.88842,1.35,2.10
2011.09.12 01:26:35.030,0.88786,0.88842,1.35,2.10
2011.09.12 01:26:41.797,0.88778,0.88836,1.35,2.10
2011.09.12 01:26:42.021,0.88776,0.88836,1.35,2.10
2011.09.12 01:26:55.896,0.88765,0.8882,1.35,2.10
2011.09.12 01:26:56.008,0.88771,0.88836,2.10,2.10
2011.09.12 01:26:56.118,0.8878,0.88845,2.10,2.10
2011.09.12 01:27:01.769,0.88789,0.88845,1.35,2.10
2011.09.12 01:27:02.006,0.88786,0.88845,1.35,2.10
2011.09.12 01:27:12.577,0.88782,0.88848,1.35,1.35
2011.09.12 01:27:14.757,0.88783,0.88849,1.35,1.35
2011.09.12 01:27:15.106,0.88781,0.88849,1.35,1.35
2011.09.12 01:27:17.211,0.88783,0.88848,1.35,1.35
2011.09.12 01:27:19.788,0.88783,0.88849,1.35,1.35
2011.09.12 01:27:23.433,0.88782,0.88848,1.35,1.35
2011.09.12 01:27:24.213,0.88783,0.88849,1.35,1.35
2011.09.12 01:27:24.330,0.88782,0.88848,1.35,1.35
2011.09.12 01:27:25.536,0.88783,0.88849,1.35,1.35
2011.09.12 01:27:26.487,0.88778,0.8886,1.35,1.13
2011.09.12 01:27:26.628,0.88778,0.8886,1.35,1.13
2011.09.12 01:27:27.131,0.88778,0.8886,1.35,1.13
2011.09.12 01:27:32.238,0.88778,0.8886,1.35,1.13
2011.09.12 01:27:36.078,0.88778,0.88862,1.35,1.73
2011.09.12 01:27:39.466,0.88778,0.88862,1.35,1.35
2011.09.12 01:27:40.159,0.88778,0.88862,1.35,1.35
2011.09.12 01:27:41.200,0.88778,0.88862,1.35,1.35
2011.09.12 01:27:41.606,0.88778,0.88862,1.35,1.35
2011.09.12 01:27:42.047,0.88778,0.88862,1.35,1.35
2011.09.12 01:27:42.488,0.88781,0.88864,3.00,1.35
2011.09.12 01:27:43.551,0.88778,0.88862,1.35,1.35
2011.09.12 01:27:44.161,0.88778,0.88862,1.35,1.35
2011.09.12 01:27:47.350,0.88778,0.88862,1.35,1.35
2011.09.12 01:27:47.467,0.88778,0.88862,1.35,1.35
2011.09.12 01:27:47.714,0.88778,0.88864,1.35,1.35
2011.09.12 01:27:48.079,0.88778,0.88862,1.35,1.35
2011.09.12 01:27:48.659,0.88778,0.88862,1.35,1.35
2011.09.12 01:27:49.636,0.88778,0.88862,1.35,1.35
2011.09.12 01:27:50.197,0.88778,0.88862,1.35,1.35
2011.09.12 01:27:51.662,0.88778,0.88862,1.35,1.35
2011.09.12 01:27:52.038,0.88778,0.88862,1.35,1.35
2011.09.12 01:27:52.258,0.88778,0.88862,1.35,1.35
2011.09.12 01:27:53.056,0.88778,0.88864,1.35,1.35
2011.09.12 01:27:53.269,0.88778,0.88862,1.35,1.35
2011.09.12 01:27:53.376,0.88778,0.88862,1.35,1.35
2011.09.12 01:27:55.589,0.88778,0.88862,1.35,1.35
2011.09.12 01:27:56.439,0.88778,0.88862,1.35,1.35
2011.09.12 01:27:56.559,0.88778,0.88862,1.35,1.35
2011.09.12 01:27:56.796,0.88778,0.88862,1.35,1.35
2011.09.12 01:27:57.978,0.88778,0.88862,1.35,1.35
2011.09.12 01:27:58.441,0.88791,0.88862,1.35,1.35
2011.09.12 01:27:58.669,0.88792,0.88863,1.35,1.35
2011.09.12 01:27:58.778,0.88791,0.88862,1.35,1.35
2011.09.12 01:27:59.173,0.88792,0.88863,1.35,1.35
2011.09.12 01:27:59.726,0.88792,0.88863,1.35,1.35
2011.09.12 01:27:59.837,0.88792,0.88863,1.35,1.35
2011.09.12 01:28:02.259,0.88792,0.88862,1.35,1.35
2011.09.12 01:28:03.246,0.88792,0.88864,1.35,1.35
2011.09.12 01:28:06.220,0.88792,0.88863,1.35,1.35
2011.09.12 01:28:07.071,0.88792,0.88869,1.35,1.35
2011.09.12 01:28:08.567,0.88792,0.88869,1.35,1.35
2011.09.12 01:28:08.679,0.88792,0.88868,1.35,1.35
2011.09.12 01:28:08.788,0.88792,0.88863,1.35,1.35
2011.09.12 01:28:08.989,0.88792,0.88863,1.35,1.35
2011.09.12 01:28:09.098,0.88792,0.88864,1.35,1.35
2011.09.12 01:28:09.567,0.88792,0.88864,1.35,1.35
2011.09.12 01:28:10.248,0.88792,0.88864,1.35,1.35
2011.09.12 01:28:10.797,0.88792,0.88868,1.35,1.35
2011.09.12 01:28:10.908,0.88792,0.88869,1.35,1.35
2011.09.12 01:28:11.018,0.88792,0.88868,1.35,1.35
2011.09.12 01:28:11.640,0.88792,0.88864,1.35,1.35
2011.09.12 01:28:12.517,0.88792,0.88868,1.35,1.35
2011.09.12 01:28:15.520,0.88792,0.88862,1.35,1.35
2011.09.12 01:28:15.640,0.88792,0.88864,1.35,1.35
2011.09.12 01:28:16.577,0.88792,0.88862,1.35,1.35
2011.09.12 01:28:16.689,0.88792,0.88864,1.35,1.35
2011.09.12 01:28:17.127,0.88792,0.88864,1.35,1.35
2011.09.12 01:28:17.391,0.88792,0.88862,1.35,1.35
2011.09.12 01:28:17.550,0.88792,0.88864,1.35,1.35
2011.09.12 01:28:17.672,0.88791,0.88864,1.35,1.35
2011.09.12 01:28:18.339,0.88792,0.88863,1.35,1.35
2011.09.12 01:28:18.676,0.88792,0.88862,1.35,1.35
2011.09.12 01:28:23.317,0.88792,0.88864,1.35,1.35
2011.09.12 01:28:23.429,0.88781,0.88864,1.35,1.35
2011.09.12 01:28:23.928,0.88781,0.88858,1.35,1.35
2011.09.12 01:28:24.931,0.88781,0.88856,1.35,1.35
2011.09.12 01:28:25.420,0.88781,0.88858,1.35,1.35
2011.09.12 01:28:26.128,0.88781,0.88856,1.35,1.35
2011.09.12 01:28:32.386,0.88781,0.88858,1.35,1.35
2011.09.12 01:28:32.499,0.88781,0.88856,1.35,1.35
2011.09.12 01:28:32.608,0.88781,0.88859,1.35,1.35
2011.09.12 01:28:33.538,0.88781,0.88863,1.35,1.35
2011.09.12 01:28:33.658,0.88781,0.88864,1.35,1.35
2011.09.12 01:28:34.528,0.88781,0.88864,1.35,1.35
2011.09.12 01:28:34.776,0.88781,0.88859,1.35,1.35
2011.09.12 01:28:35.606,0.88781,0.88858,1.35,1.35
2011.09.12 01:28:36.127,0.88781,0.88856,1.35,1.35
2011.09.12 01:28:37.208,0.88781,0.88859,1.35,1.35
2011.09.12 01:28:37.717,0.88781,0.88864,1.35,1.35
2011.09.12 01:28:40.649,0.88781,0.88856,1.35,1.35
2011.09.12 01:28:41.117,0.88781,0.88858,1.35,1.35
2011.09.12 01:28:41.557,0.88781,0.88856,1.35,1.35
2011.09.12 01:28:43.185,0.88781,0.88856,1.35,1.35
2011.09.12 01:28:47.408,0.88781,0.88856,1.35,1.35
2011.09.12 01:28:49.943,0.88781,0.88856,1.35,1.35
2011.09.12 01:28:51.541,0.88781,0.88856,1.35,1.35
2011.09.12 01:28:53.680,0.88781,0.88856,1.35,1.35
2011.09.12 01:28:55.606,0.88781,0.88856,1.35,1.35
2011.09.12 01:28:57.517,0.88781,0.88856,1.35,1.35
2011.09.12 01:28:57.779,0.88781,0.88856,1.35,1.35
2011.09.12 01:28:58.458,0.88781,0.88856,1.35,1.35
2011.09.12 01:28:59.161,0.88781,0.88856,1.35,1.35
2011.09.12 01:28:59.477,0.88781,0.88856,1.35,1.35
2011.09.12 01:28:59.697,0.88781,0.88856,1.35,1.35
2011.09.12 01:29:00.027,0.88781,0.88856,1.35,1.35
2011.09.12 01:29:00.247,0.88776,0.88849,1.35,1.35
2011.09.12 01:29:00.577,0.88768,0.8885,1.35,1.35
2011.09.12 01:29:02.528,0.88763,0.88863,3.00,3.00
2011.09.12 01:29:03.569,0.88763,0.88858,3.00,1.13
2011.09.12 01:29:03.767,0.88763,0.88858,3.00,1.13
2011.09.12 01:29:05.159,0.88763,0.88858,3.00,1.13
2011.09.12 01:29:06.862,0.8877,0.8887,3.00,3.00
2011.09.12 01:29:07.449,0.8877,0.8887,3.00,3.00
2011.09.12 01:29:07.569,0.8877,0.8887,3.00,3.00
2011.09.12 01:29:08.161,0.8877,0.8887,3.00,3.00
2011.09.12 01:29:11.627,0.88772,0.8887,3.00,3.00
2011.09.12 01:29:11.846,0.88772,0.8887,3.00,3.38
2011.09.12 01:29:12.120,0.88772,0.8887,3.00,3.38
2011.09.12 01:29:12.225,0.88772,0.8887,3.00,3.38
2011.09.12 01:29:13.109,0.88772,0.8887,3.00,3.00
2011.09.12 01:29:18.585,0.88772,0.8887,3.00,3.00
2011.09.12 01:29:18.936,0.88767,0.88863,3.00,1.13
2011.09.12 01:29:19.661,0.88767,0.88863,3.00,1.13
2011.09.12 01:29:20.477,0.88767,0.88863,3.00,1.13
2011.09.12 01:29:24.126,0.88771,0.8887,3.00,1.13
2011.09.12 01:29:25.037,0.88771,0.88869,3.00,1.13
2011.09.12 01:29:29.127,0.88773,0.8887,3.00,1.13
2011.09.12 01:29:30.057,0.88773,0.8887,3.00,1.13
2011.09.12 01:29:30.817,0.88773,0.8887,3.00,1.13
2011.09.12 01:29:31.537,0.88773,0.8887,3.00,1.13
2011.09.12 01:29:34.178,0.88773,0.8887,3.00,1.13
2011.09.12 01:29:41.002,0.88771,0.8887,3.00,1.13
2011.09.12 01:29:42.931,0.88771,0.88871,3.00,3.38
2011.09.12 01:29:43.157,0.88772,0.88872,3.00,3.00
2011.09.12 01:29:43.942,0.88772,0.88872,3.00,3.00
2011.09.12 01:29:45.378,0.88772,0.88871,3.00,1.13
2011.09.12 01:29:46.412,0.88772,0.88871,3.00,1.13
2011.09.12 01:29:47.415,0.88772,0.88871,3.00,1.13
2011.09.12 01:29:49.098,0.88772,0.88871,3.00,1.13
2011.09.12 01:29:49.378,0.88772,0.88871,3.00,1.13
2011.09.12 01:29:49.659,0.88772,0.88871,3.00,1.13
2011.09.12 01:30:00.332,0.88772,0.88871,3.00,1.13
2011.09.12 01:30:01.325,0.88769,0.88864,1.13,1.13
2011.09.12 01:30:03.479,0.88772,0.88872,3.00,3.00
2011.09.12 01:30:06.707,0.88773,0.88871,3.00,3.38
2011.09.12 01:30:06.818,0.88773,0.88871,3.00,3.38
2011.09.12 01:30:13.372,0.88771,0.88869,3.00,3.00
2011.09.12 01:30:15.127,0.88771,0.88869,3.00,3.38
2011.09.12 01:30:15.236,0.88768,0.88868,3.00,3.00
2011.09.12 01:30:15.346,0.88768,0.88868,3.00,3.00
2011.09.12 01:30:15.470,0.88768,0.88868,3.00,3.00
2011.09.12 01:30:18.588,0.88771,0.88869,3.00,1.13
2011.09.12 01:30:18.696,0.88771,0.88869,3.00,1.13
2011.09.12 01:30:18.806,0.88771,0.8887,3.00,1.13
2011.09.12 01:30:19.162,0.88771,0.8887,3.00,1.13
2011.09.12 01:30:19.606,0.88771,0.8887,3.00,1.13
2011.09.12 01:30:19.718,0.88771,0.8887,3.00,1.13
2011.09.12 01:30:19.826,0.88768,0.88868,3.00,3.00
2011.09.12 01:30:20.356,0.88768,0.88867,3.00,1.13
2011.09.12 01:30:21.852,0.88768,0.88867,3.00,1.13
2011.09.12 01:30:29.280,0.88751,0.88854,1.13,1.13
2011.09.12 01:30:29.663,0.88751,0.88854,1.13,1.13
2011.09.12 01:30:30.006,0.88768,0.88841,1.35,2.10
2011.09.12 01:30:30.636,0.88768,0.88841,1.35,2.10
2011.09.12 01:30:30.746,0.88781,0.88849,1.35,1.35
2011.09.12 01:30:30.857,0.88782,0.88848,1.35,1.35
2011.09.12 01:30:32.826,0.88782,0.88853,1.35,2.10
2011.09.12 01:30:35.006,0.88775,0.88855,1.35,1.35
2011.09.12 01:30:35.843,0.88775,0.88855,1.35,1.35
2011.09.12 01:30:35.970,0.88775,0.88855,1.35,1.35
2011.09.12 01:30:36.197,0.88775,0.88855,1.35,1.35
2011.09.12 01:30:37.493,0.88775,0.88855,1.35,1.35
2011.09.12 01:30:38.409,0.88775,0.88855,1.35,1.35
2011.09.12 01:30:38.861,0.88775,0.88855,1.35,1.35
2011.09.12 01:30:39.409,0.88775,0.88855,1.35,1.35
2011.09.12 01:30:39.516,0.88775,0.88855,1.35,1.35
2011.09.12 01:30:39.626,0.88775,0.88855,1.35,1.35
2011.09.12 01:30:40.956,0.88776,0.88858,3.00,1.35
2011.09.12 01:30:41.066,0.88791,0.88854,2.10,1.35
2011.09.12 01:30:41.690,0.88788,0.88853,2.10,2.10
2011.09.12 01:30:42.027,0.88794,0.88854,2.10,1.35
2011.09.12 01:30:42.218,0.88777,0.88841,1.35,2.10
2011.09.12 01:30:42.546,0.88772,0.88848,1.35,1.35
2011.09.12 01:30:43.400,0.88778,0.88852,1.35,2.10
2011.09.12 01:30:43.517,0.88781,0.88854,1.35,1.35
2011.09.12 01:30:44.906,0.88782,0.88853,1.35,1.35
2011.09.12 01:30:47.251,0.88782,0.88853,1.35,1.35
2011.09.12 01:30:49.928,0.88782,0.88859,1.35,1.35
2011.09.12 01:30:50.035,0.88791,0.8886,1.35,1.35
2011.09.12 01:30:50.256,0.88794,0.8886,1.35,1.35
2011.09.12 01:30:52.208,0.88772,0.88846,3.00,1.50
2011.09.12 01:30:52.315,0.88772,0.88846,3.00,1.50
2011.09.12 01:30:53.156,0.88772,0.88846,3.00,1.50
2011.09.12 01:30:53.266,0.88772,0.88846,3.00,1.50
2011.09.12 01:30:53.956,0.88775,0.88846,3.00,1.50
2011.09.12 01:30:54.066,0.88775,0.88846,3.00,1.50
2011.09.12 01:30:57.196,0.88772,0.88846,3.00,1.50
2011.09.12 01:30:57.915,0.88776,0.88846,3.00,1.50
2011.09.12 01:31:02.367,0.88773,0.88846,3.00,1.50
2011.09.12 01:31:03.545,0.88777,0.88848,1.35,2.10
2011.09.12 01:31:03.656,0.88778,0.88849,1.35,1.50
2011.09.12 01:31:03.769,0.88778,0.88849,1.35,1.50
2011.09.12 01:31:04.318,0.88784,0.88849,3.00,1.50
2011.09.12 01:31:04.537,0.88789,0.88849,3.00,1.50
2011.09.12 01:31:04.868,0.88786,0.8885,1.35,1.50
2011.09.12 01:31:05.396,0.88786,0.8885,1.35,1.50
2011.09.12 01:31:05.507,0.88786,0.8885,1.35,1.50
2011.09.12 01:31:05.738,0.88784,0.88846,1.35,2.10
2011.09.12 01:31:06.169,0.88784,0.88846,1.35,2.10
2011.09.12 01:31:06.276,0.88784,0.88851,1.35,1.50
2011.09.12 01:31:06.449,0.88784,0.88851,1.35,1.50
2011.09.12 01:31:06.826,0.88784,0.88851,1.35,1.50
2011.09.12 01:31:06.936,0.88784,0.88851,1.35,1.50
2011.09.12 01:31:07.048,0.88785,0.88847,1.35,2.10
2011.09.12 01:31:08.055,0.88786,0.88847,3.00,2.10
2011.09.12 01:31:10.578,0.88786,0.88846,1.35,1.50
2011.09.12 01:31:13.208,0.88786,0.88846,1.35,1.50
2011.09.12 01:31:13.393,0.88786,0.88846,1.35,1.50
2011.09.12 01:31:17.158,0.88786,0.88846,1.35,1.50
2011.09.12 01:31:21.467,0.88781,0.88846,1.35,2.10
2011.09.12 01:31:22.170,0.88781,0.88846,1.35,2.10
2011.09.12 01:31:22.505,0.88771,0.88846,3.60,2.10
2011.09.12 01:31:23.217,0.88771,0.88846,3.60,2.10
2011.09.12 01:31:25.196,0.88771,0.88847,3.60,1.50
2011.09.12 01:31:26.046,0.88771,0.88847,3.60,1.50
2011.09.12 01:31:29.306,0.88771,0.88847,3.60,1.50
2011.09.12 01:31:29.898,0.88771,0.88847,3.60,1.50
2011.09.12 01:31:30.865,0.88774,0.88851,3.60,2.10
2011.09.12 01:31:31.231,0.88774,0.88851,3.60,2.10
2011.09.12 01:31:32.085,0.88774,0.88851,3.60,2.10
2011.09.12 01:31:32.587,0.88774,0.88847,3.00,1.50
2011.09.12 01:31:32.869,0.88774,0.88847,3.00,1.50
2011.09.12 01:31:32.975,0.88774,0.88847,3.00,1.50
2011.09.12 01:31:33.679,0.88774,0.88845,3.00,2.10
2011.09.12 01:31:33.786,0.88774,0.88845,3.00,2.10
2011.09.12 01:31:33.897,0.88774,0.88849,3.00,2.10
2011.09.12 01:31:34.227,0.88773,0.88849,3.00,2.10
2011.09.12 01:31:34.618,0.88782,0.88843,1.35,2.10
2011.09.12 01:31:34.972,0.88782,0.88843,1.35,2.10
2011.09.12 01:31:35.088,0.88782,0.88843,1.35,2.10
2011.09.12 01:31:36.520,0.88782,0.88843,1.35,2.10
2011.09.12 01:31:37.183,0.88782,0.88843,1.35,2.10
2011.09.12 01:31:37.656,0.88787,0.88854,1.35,2.10
2011.09.12 01:31:37.876,0.88786,0.88853,1.35,2.10
2011.09.12 01:31:39.086,0.88789,0.88853,1.13,2.10
2011.09.12 01:31:41.180,0.8879,0.88853,1.13,2.10
2011.09.12 01:31:42.554,0.88789,0.88853,1.13,2.10
2011.09.12 01:31:42.773,0.88789,0.88853,1.13,2.10
2011.09.12 01:31:43.350,0.88786,0.88853,1.35,2.10
2011.09.12 01:31:45.086,0.88787,0.88853,1.13,2.10
2011.09.12 01:31:45.524,0.88787,0.88853,1.13,2.10
2011.09.12 01:31:46.119,0.88787,0.88853,1.13,2.10
2011.09.12 01:31:49.771,0.88787,0.88853,1.13,2.10
2011.09.12 01:31:49.887,0.88796,0.88858,1.35,1.50
2011.09.12 01:31:50.456,0.88796,0.88858,1.35,1.50
2011.09.12 01:31:50.785,0.88796,0.88858,1.35,1.50
2011.09.12 01:31:50.895,0.88796,0.88858,1.35,1.50
2011.09.12 01:31:52.296,0.88796,0.88858,1.35,1.50
2011.09.12 01:31:52.405,0.88796,0.88858,1.35,1.50
2011.09.12 01:31:52.516,0.88796,0.88858,1.35,1.50
2011.09.12 01:31:53.068,0.88799,0.88862,1.35,2.10
2011.09.12 01:31:55.727,0.88799,0.88862,1.35,2.10
2011.09.12 01:31:56.141,0.88799,0.8886,1.35,2.10
2011.09.12 01:31:56.369,0.88798,0.88858,1.35,2.10
2011.09.12 01:31:56.587,0.88809,0.88872,1.35,1.50
2011.09.12 01:31:56.696,0.88807,0.88872,1.35,1.50
2011.09.12 01:31:56.920,0.88809,0.88872,1.35,1.50
2011.09.12 01:31:57.326,0.88809,0.88876,1.35,2.10
2011.09.12 01:31:57.435,0.88801,0.88893,2.85,3.00
2011.09.12 01:31:59.469,0.88801,0.88895,2.85,3.00
2011.09.12 01:31:59.588,0.88801,0.88895,2.85,3.00
2011.09.12 01:31:59.698,0.88806,0.88902,3.00,2.85
2011.09.12 01:32:00.122,0.88808,0.88902,3.00,2.85
2011.09.12 01:32:00.238,0.88808,0.88902,3.00,2.85
2011.09.12 01:32:00.378,0.88808,0.88902,3.00,2.85
2011.09.12 01:32:01.186,0.88812,0.88902,3.00,2.85
2011.09.12 01:32:01.517,0.88811,0.88902,3.00,2.85
2011.09.12 01:32:01.766,0.88813,0.88902,3.00,2.85
2011.09.12 01:32:02.575,0.8882,0.88902,3.00,2.85
2011.09.12 01:32:03.786,0.88813,0.88896,3.00,2.10
2011.09.12 01:32:04.691,0.88812,0.88894,1.35,1.35
2011.09.12 01:32:06.158,0.88812,0.88894,1.35,1.35
2011.09.12 01:32:06.266,0.88825,0.88894,1.35,1.35
2011.09.12 01:32:06.596,0.88825,0.88899,1.35,1.35
2011.09.12 01:32:10.187,0.88825,0.88898,1.35,1.35
2011.09.12 01:32:10.468,0.88825,0.88898,1.35,1.35
2011.09.12 01:32:10.808,0.88825,0.88894,1.35,1.35
2011.09.12 01:32:10.918,0.88825,0.88898,1.35,1.35
2011.09.12 01:32:11.138,0.88825,0.88894,1.35,1.35
2011.09.12 01:32:11.467,0.88825,0.88899,1.35,1.35
2011.09.12 01:32:12.656,0.88825,0.88899,1.35,1.35
2011.09.12 01:32:15.817,0.88825,0.88898,1.35,1.35
2011.09.12 01:32:17.189,0.88825,0.88898,1.35,1.35
2011.09.12 01:32:17.676,0.88825,0.88893,1.35,1.35
2011.09.12 01:32:18.898,0.88825,0.88893,1.35,1.35
2011.09.12 01:32:20.161,0.88825,0.88893,1.35,1.35
2011.09.12 01:32:20.276,0.88836,0.88894,1.35,1.35
2011.09.12 01:32:22.058,0.88836,0.88899,1.35,1.35
2011.09.12 01:32:22.266,0.88836,0.88893,1.35,1.35
2011.09.12 01:32:23.049,0.88831,0.88899,1.35,1.35
2011.09.12 01:32:24.056,0.88836,0.88898,1.35,1.35
2011.09.12 01:32:24.278,0.88831,0.88904,1.35,1.35
2011.09.12 01:32:24.898,0.88824,0.889,2.10,1.35
2011.09.12 01:32:25.447,0.88832,0.88903,1.35,1.35
2011.09.12 01:32:27.690,0.88836,0.88903,1.35,1.35
2011.09.12 01:32:30.382,0.88836,0.88903,1.35,1.35
2011.09.12 01:32:31.018,0.88836,0.88909,1.35,1.35
2011.09.12 01:32:31.468,0.88836,0.88903,1.35,1.35
2011.09.12 01:32:32.178,0.88836,0.88904,1.35,1.35
2011.09.12 01:32:36.639,0.88824,0.88904,1.35,1.35
2011.09.12 01:32:36.752,0.88824,0.88904,1.35,1.35
2011.09.12 01:32:37.239,0.88824,0.88909,1.35,1.35
2011.09.12 01:32:37.347,0.88824,0.88903,1.35,1.35
2011.09.12 01:32:40.167,0.88824,0.88899,1.35,1.35
2011.09.12 01:32:40.387,0.88824,0.88904,1.35,1.35
2011.09.12 01:32:40.949,0.88824,0.88903,1.35,1.35
2011.09.12 01:32:43.154,0.88836,0.88903,1.35,1.35
2011.09.12 01:32:43.267,0.88836,0.88904,1.35,1.35
2011.09.12 01:32:43.487,0.88836,0.88904,1.35,1.35
2011.09.12 01:32:44.166,0.88836,0.88904,1.35,1.35
2011.09.12 01:32:44.827,0.88836,0.88901,1.35,1.35
2011.09.12 01:32:45.047,0.88836,0.88904,1.35,1.35
2011.09.12 01:32:45.266,0.88836,0.88903,1.35,1.35
2011.09.12 01:32:46.516,0.88836,0.88903,1.35,1.35
2011.09.12 01:32:46.626,0.88836,0.88903,1.35,1.35
2011.09.12 01:32:47.544,0.88836,0.88903,1.35,1.35
2011.09.12 01:32:49.006,0.88836,0.88903,1.35,1.35
2011.09.12 01:32:49.116,0.88836,0.88903,1.35,1.35
2011.09.12 01:32:49.226,0.88836,0.88904,1.35,1.35
2011.09.12 01:32:49.336,0.88836,0.88904,1.35,1.35
2011.09.12 01:32:55.957,0.8881,0.88885,1.35,2.10
2011.09.12 01:32:56.065,0.88829,0.889,1.35,2.10
2011.09.12 01:32:56.405,0.88829,0.889,1.35,2.10
2011.09.12 01:32:56.515,0.88829,0.889,1.35,2.10
2011.09.12 01:32:56.625,0.88829,0.889,1.35,2.10
2011.09.12 01:32:56.848,0.88829,0.889,1.35,2.10
2011.09.12 01:32:56.957,0.88829,0.88898,1.35,1.35
2011.09.12 01:32:57.795,0.88829,0.88899,1.35,1.35
2011.09.12 01:32:58.430,0.88827,0.88893,1.35,1.35
2011.09.12 01:32:58.549,0.88829,0.88899,1.35,1.35
2011.09.12 01:32:59.567,0.88829,0.88898,1.35,1.35
2011.09.12 01:33:00.298,0.88829,0.88899,1.35,1.35
2011.09.12 01:33:02.241,0.88829,0.88898,1.35,1.35
2011.09.12 01:33:06.187,0.88829,0.88899,1.35,1.35
2011.09.12 01:33:09.263,0.88829,0.88899,1.35,1.35
2011.09.12 01:33:10.106,0.88829,0.889,1.35,2.10
2011.09.12 01:33:10.326,0.88838,0.88904,1.35,2.85
2011.09.12 01:33:10.472,0.88838,0.88904,1.35,2.85
2011.09.12 01:33:10.696,0.88838,0.88903,1.35,1.35
2011.09.12 01:33:11.151,0.88838,0.88903,1.35,1.35
2011.09.12 01:33:14.748,0.88835,0.88908,1.35,1.35
2011.09.12 01:33:15.186,0.88835,0.88913,1.35,1.35
2011.09.12 01:33:23.738,0.88835,0.88909,1.35,1.35
2011.09.12 01:33:24.367,0.88835,0.88914,1.35,1.35
2011.09.12 01:33:25.018,0.88835,0.88913,1.35,1.35
2011.09.12 01:33:27.746,0.88835,0.88919,1.35,1.35
2011.09.12 01:33:29.210,0.88835,0.88913,1.35,1.35
2011.09.12 01:33:34.920,0.88835,0.88914,1.35,1.35
2011.09.12 01:33:35.638,0.88849,0.88919,1.35,1.35
2011.09.12 01:33:37.020,0.88849,0.88919,1.35,1.35
2011.09.12 01:33:38.187,0.88849,0.88923,1.35,1.35
2011.09.12 01:33:38.455,0.88857,0.88923,1.35,1.35
2011.09.12 01:33:42.316,0.88861,0.88915,1.35,2.10
2011.09.12 01:33:45.388,0.88851,0.88904,1.35,2.10
2011.09.12 01:33:45.717,0.88851,0.88904,1.35,2.10
2011.09.12 01:33:49.246,0.88853,0.88913,1.35,2.85
2011.09.12 01:33:49.356,0.88853,0.88913,1.35,2.10
2011.09.12 01:33:50.868,0.88853,0.88913,1.35,2.10
2011.09.12 01:33:52.947,0.88853,0.88913,1.35,2.10
2011.09.12 01:33:53.099,0.88853,0.88913,1.35,2.10
2011.09.12 01:33:54.057,0.88853,0.88913,1.35,2.10
2011.09.12 01:33:56.178,0.88853,0.88913,1.35,2.10
2011.09.12 01:33:57.168,0.88853,0.88913,1.35,2.10
2011.09.12 01:33:57.277,0.88853,0.88913,1.35,2.10
2011.09.12 01:33:58.786,0.88853,0.88913,1.35,2.10
2011.09.12 01:33:58.896,0.88853,0.88913,1.35,2.10
2011.09.12 01:33:59.139,0.88853,0.88913,1.35,2.10
2011.09.12 01:34:00.753,0.88844,0.88916,1.35,2.10
2011.09.12 01:34:00.976,0.88844,0.88916,1.35,2.10
2011.09.12 01:34:02.159,0.88844,0.88913,1.35,1.35
2011.09.12 01:34:03.268,0.88844,0.88913,1.35,1.35
2011.09.12 01:34:04.427,0.88844,0.88908,1.35,1.35
2011.09.12 01:34:05.157,0.88844,0.88913,1.35,1.35
2011.09.12 01:34:05.641,0.88844,0.88908,1.35,1.35
2011.09.12 01:34:05.936,0.88844,0.88909,1.35,1.35
2011.09.12 01:34:13.065,0.88844,0.88913,1.35,1.35
2011.09.12 01:34:14.478,0.88844,0.88909,1.35,1.35
2011.09.12 01:34:15.221,0.88844,0.88908,1.35,1.35
2011.09.12 01:34:16.098,0.88844,0.88909,1.35,1.35
2011.09.12 01:34:18.618,0.88839,0.88902,1.35,2.10
2011.09.12 01:34:19.707,0.88839,0.88902,1.35,2.10
2011.09.12 01:34:21.213,0.88839,0.88902,1.35,2.10
2011.09.12 01:34:22.201,0.88839,0.88902,1.35,2.10
2011.09.12 01:34:22.981,0.88839,0.88902,1.35,2.10
2011.09.12 01:34:24.997,0.88836,0.88908,1.35,1.35
2011.09.12 01:34:25.692,0.88836,0.88909,1.35,1.35
2011.09.12 01:34:26.026,0.88836,0.88908,1.35,1.35
2011.09.12 01:34:26.607,0.88836,0.88914,1.35,1.35
2011.09.12 01:34:26.717,0.88836,0.88909,1.35,1.35
2011.09.12 01:34:26.863,0.88836,0.88913,1.35,1.35
2011.09.12 01:34:27.486,0.88836,0.88909,1.35,1.35
2011.09.12 01:34:28.010,0.88836,0.88908,1.35,1.35
2011.09.12 01:34:28.247,0.88836,0.88914,1.35,1.35
2011.09.12 01:34:29.686,0.88836,0.88914,1.35,1.35
2011.09.12 01:34:30.430,0.88836,0.88914,1.35,1.35
2011.09.12 01:34:30.548,0.88836,0.88914,1.35,1.35
2011.09.12 01:34:33.451,0.88836,0.88913,1.35,1.35
2011.09.12 01:34:36.960,0.88836,0.88917,1.35,2.10
2011.09.12 01:34:37.862,0.88836,0.88917,1.35,2.10
2011.09.12 01:34:38.689,0.88836,0.88914,1.35,1.35
2011.09.12 01:34:42.577,0.88836,0.88913,1.35,1.35
2011.09.12 01:34:43.259,0.88836,0.88917,1.35,2.10
2011.09.12 01:34:43.428,0.88836,0.88913,1.35,1.35
2011.09.12 01:34:45.241,0.88836,0.88909,1.35,1.35
2011.09.12 01:34:46.177,0.88836,0.88905,1.35,1.35
2011.09.12 01:34:47.659,0.88836,0.88909,1.35,1.35
2011.09.12 01:34:48.269,0.88836,0.88905,1.35,1.35
2011.09.12 01:34:52.566,0.88836,0.88905,1.35,1.35
2011.09.12 01:34:52.677,0.88836,0.88905,1.35,1.35
2011.09.12 01:34:59.499,0.88836,0.88905,1.35,1.35
2011.09.12 01:34:59.718,0.88836,0.88908,1.35,1.35
2011.09.12 01:34:59.827,0.88836,0.88905,1.35,1.35
2011.09.12 01:35:00.051,0.88836,0.88909,1.35,1.35
2011.09.12 01:35:00.449,0.88836,0.88905,1.35,1.35
2011.09.12 01:35:09.480,0.88826,0.88898,1.35,1.35
2011.09.12 01:35:10.959,0.88826,0.88899,1.35,1.35
2011.09.12 01:35:11.988,0.88826,0.88898,1.35,1.35
2011.09.12 01:35:12.758,0.88826,0.88899,1.35,1.35
2011.09.12 01:35:14.190,0.88826,0.88893,1.35,1.35
2011.09.12 01:35:15.727,0.88828,0.88902,1.35,1.35
2011.09.12 01:35:24.926,0.88828,0.88902,1.35,1.35
2011.09.12 01:35:26.507,0.88832,0.88893,2.85,1.35
2011.09.12 01:35:49.121,0.8884,0.88897,1.35,2.10
2011.09.12 01:35:50.169,0.8884,0.88897,1.35,2.10
2011.09.12 01:35:53.046,0.88841,0.88899,1.35,1.35
2011.09.12 01:35:53.777,0.88837,0.88899,1.35,1.35
2011.09.12 01:35:57.150,0.88845,0.88899,1.35,1.35
2011.09.12 01:35:57.267,0.88841,0.88899,1.35,1.35
2011.09.12 01:36:00.760,0.88845,0.88903,1.35,1.35
2011.09.12 01:36:00.878,0.88841,0.88899,1.35,1.35
2011.09.12 01:36:01.740,0.88846,0.88903,2.10,1.35
2011.09.12 01:36:06.688,0.88846,0.88897,1.35,2.10
2011.09.12 01:36:11.676,0.88836,0.88899,1.35,1.35
2011.09.12 01:36:14.550,0.88837,0.88898,1.35,1.35
2011.09.12 01:36:19.228,0.88837,0.889,1.35,2.10
2011.09.12 01:36:19.996,0.88841,0.88904,1.35,1.35
2011.09.12 01:36:20.106,0.88845,0.88903,1.35,1.35
2011.09.12 01:36:22.961,0.88841,0.88904,1.35,1.35
2011.09.12 01:36:33.189,0.88845,0.88904,1.35,1.35
2011.09.12 01:36:38.850,0.88845,0.88898,1.35,1.35
2011.09.12 01:36:40.157,0.88842,0.88898,1.35,1.35
2011.09.12 01:36:43.699,0.88845,0.88898,1.35,1.35
2011.09.12 01:36:45.386,0.88845,0.88904,1.35,1.35
2011.09.12 01:36:46.228,0.88842,0.88905,1.35,2.10
2011.09.12 01:36:50.718,0.88845,0.88905,1.35,2.10
2011.09.12 01:36:51.090,0.88846,0.88906,2.10,2.10
2011.09.12 01:36:55.899,0.88853,0.88906,1.35,2.10
2011.09.12 01:36:56.008,0.88852,0.88906,1.35,2.10
2011.09.12 01:36:58.155,0.88853,0.88906,1.35,2.10
2011.09.12 01:36:59.211,0.88851,0.88906,1.35,2.10
2011.09.12 01:37:02.160,0.88853,0.88906,1.35,2.10
2011.09.12 01:37:03.921,0.88846,0.88906,2.85,2.10
2011.09.12 01:37:07.252,0.88842,0.88907,1.35,2.10
2011.09.12 01:37:09.418,0.88846,0.88907,1.35,2.10
2011.09.12 01:37:10.410,0.88842,0.88907,1.35,2.10
2011.09.12 01:37:10.516,0.88853,0.88912,2.10,2.10
2011.09.12 01:37:14.180,0.88857,0.88918,1.35,1.35
2011.09.12 01:37:21.796,0.88851,0.88913,1.35,1.35
2011.09.12 01:37:22.778,0.88851,0.88914,1.35,1.35
2011.09.12 01:37:23.380,0.88851,0.88913,1.35,1.35
2011.09.12 01:37:23.490,0.88851,0.88909,1.35,1.35
2011.09.12 01:37:25.509,0.88852,0.88915,1.35,1.35
2011.09.12 01:37:28.121,0.88852,0.88918,1.35,1.35
2011.09.12 01:37:31.198,0.88856,0.88923,1.35,1.35
2011.09.12 01:37:34.837,0.88856,0.88924,1.35,1.35
2011.09.12 01:37:36.148,0.88856,0.88918,1.35,1.35
2011.09.12 01:37:42.176,0.88856,0.88924,1.35,1.35
2011.09.12 01:37:43.118,0.88856,0.88923,1.35,1.35
2011.09.12 01:37:43.728,0.88856,0.88924,1.35,1.35
2011.09.12 01:37:43.836,0.88856,0.88924,1.35,1.35
2011.09.12 01:37:45.296,0.88856,0.88924,1.35,1.35
2011.09.12 01:37:48.859,0.88854,0.88916,1.35,2.10
2011.09.12 01:37:48.967,0.88854,0.88916,1.35,2.10
2011.09.12 01:37:50.226,0.88854,0.88913,1.35,1.35
2011.09.12 01:37:51.265,0.88854,0.88916,1.35,2.10
2011.09.12 01:37:52.049,0.88857,0.88917,2.10,2.10
2011.09.12 01:38:21.249,0.88852,0.88909,1.35,2.10
2011.09.12 01:38:31.499,0.88851,0.88904,1.35,2.10
2011.09.12 01:38:31.719,0.88846,0.88904,1.35,2.10
2011.09.12 01:38:32.048,0.88845,0.88913,1.35,2.10
2011.09.12 01:38:32.648,0.88842,0.88908,1.35,1.35
2011.09.12 01:38:34.179,0.88834,0.88908,1.35,1.35
2011.09.12 01:38:36.589,0.88834,0.88905,1.35,1.35
2011.09.12 01:38:38.997,0.88834,0.88903,1.35,1.35
2011.09.12 01:38:40.108,0.88834,0.88903,1.35,1.35
2011.09.12 01:38:47.826,0.88834,0.88899,1.35,1.35
2011.09.12 01:38:53.169,0.88835,0.88891,1.35,2.10
2011.09.12 01:38:53.386,0.88835,0.88891,1.35,2.10
2011.09.12 01:38:55.398,0.88835,0.88891,1.35,2.10
2011.09.12 01:38:57.467,0.88831,0.88891,1.35,2.10
2011.09.12 01:38:57.689,0.88829,0.88882,1.35,2.10
2011.09.12 01:39:00.397,0.88829,0.88882,1.35,2.10
2011.09.12 01:39:02.137,0.88829,0.88882,1.35,2.10
2011.09.12 01:39:03.219,0.88829,0.88882,1.35,2.10
2011.09.12 01:39:03.327,0.88829,0.88882,1.35,2.10
2011.09.12 01:39:06.099,0.88819,0.88882,1.35,2.10
2011.09.12 01:39:06.887,0.88819,0.88882,1.35,2.10
2011.09.12 01:39:07.011,0.88819,0.88882,1.35,2.10
2011.09.12 01:39:07.249,0.88828,0.88888,1.35,2.10
2011.09.12 01:39:07.577,0.88827,0.88888,1.35,2.85
2011.09.12 01:39:08.917,0.88828,0.88888,1.35,2.10
2011.09.12 01:39:13.088,0.88828,0.88888,1.35,2.10
2011.09.12 01:39:18.217,0.88828,0.88888,1.35,2.10
2011.09.12 01:39:21.546,0.88828,0.88888,1.35,2.10
2011.09.12 01:39:22.304,0.88828,0.88888,1.35,2.85
2011.09.12 01:39:23.686,0.88828,0.88888,1.35,2.10
2011.09.12 01:39:24.377,0.88828,0.88888,1.35,2.10
2011.09.12 01:39:25.078,0.88828,0.88888,1.35,2.10
2011.09.12 01:39:27.788,0.88827,0.88888,1.35,2.10
2011.09.12 01:39:28.110,0.88828,0.88888,1.35,2.10
2011.09.12 01:39:28.220,0.88827,0.88888,1.35,2.10
2011.09.12 01:39:28.515,0.88828,0.88888,1.35,2.10
2011.09.12 01:39:28.957,0.88826,0.88888,1.35,2.10
2011.09.12 01:39:29.303,0.88828,0.88888,1.35,2.10
2011.09.12 01:39:29.417,0.88826,0.88888,1.35,2.10
2011.09.12 01:39:29.967,0.88827,0.88893,1.35,1.35
2011.09.12 01:39:32.638,0.88818,0.88893,1.35,1.35
2011.09.12 01:39:49.996,0.88827,0.88893,1.35,1.35
2011.09.12 01:39:52.854,0.88831,0.88898,1.35,1.35
2011.09.12 01:39:54.900,0.88831,0.88898,1.35,1.35
2011.09.12 01:39:56.707,0.88827,0.88898,1.35,1.35
2011.09.12 01:39:58.138,0.88831,0.88898,1.35,1.35
2011.09.12 01:39:59.575,0.88826,0.88899,1.35,1.35
2011.09.12 01:40:01.941,0.88826,0.88893,1.35,1.35
2011.09.12 01:40:03.106,0.88831,0.88893,1.35,1.35
2011.09.12 01:40:06.498,0.88831,0.88893,1.35,1.35
2011.09.12 01:40:11.607,0.88826,0.88893,1.35,1.35
2011.09.12 01:40:12.326,0.88831,0.88893,1.35,1.35
2011.09.12 01:40:12.548,0.88827,0.88893,1.35,1.35
2011.09.12 01:40:13.646,0.88827,0.88893,1.35,1.35
2011.09.12 01:40:13.773,0.88826,0.88893,1.35,1.35
2011.09.12 01:40:13.887,0.88826,0.88894,1.35,1.35
2011.09.12 01:40:29.306,0.88826,0.88893,1.35,2.10
2011.09.12 01:40:35.670,0.88828,0.88899,2.10,1.35
2011.09.12 01:40:49.329,0.8883,0.88893,1.35,2.10
2011.09.12 01:40:49.658,0.8883,0.88893,1.35,2.10
2011.09.12 01:40:49.768,0.8883,0.88893,1.35,2.10
2011.09.12 01:40:50.147,0.8883,0.88893,1.35,2.10
2011.09.12 01:40:50.259,0.8883,0.88893,1.35,2.10
2011.09.12 01:40:52.250,0.8883,0.88893,1.35,2.10
2011.09.12 01:40:53.356,0.8883,0.88893,1.35,2.85
2011.09.12 01:40:55.415,0.8883,0.88893,1.35,2.10
2011.09.12 01:40:56.448,0.8883,0.88893,1.35,2.10
2011.09.12 01:40:57.469,0.8883,0.88893,1.35,2.10
2011.09.12 01:40:58.014,0.8883,0.88893,1.35,2.10
2011.09.12 01:40:58.779,0.8883,0.88893,1.35,2.10
2011.09.12 01:41:03.657,0.88822,0.88884,1.35,2.10
2011.09.12 01:41:03.877,0.88813,0.88894,1.35,2.85
2011.09.12 01:41:04.978,0.88813,0.88894,1.35,2.85
2011.09.12 01:41:14.117,0.88813,0.88894,1.35,2.85
2011.09.12 01:41:15.780,0.88813,0.88893,1.35,1.35
2011.09.12 01:41:17.287,0.88813,0.88894,1.35,2.85
2011.09.12 01:41:23.017,0.88813,0.88893,1.35,1.35
2011.09.12 01:41:23.257,0.88813,0.88894,1.35,2.85
2011.09.12 01:41:25.164,0.88813,0.88893,1.35,1.35
2011.09.12 01:41:25.730,0.88813,0.88894,1.35,2.85
2011.09.12 01:41:33.918,0.88813,0.88894,1.35,2.85
2011.09.12 01:41:34.098,0.88813,0.88894,1.35,2.85
2011.09.12 01:41:39.759,0.88813,0.88893,1.35,1.35
2011.09.12 01:41:40.289,0.88813,0.88894,1.35,2.10
2011.09.12 01:41:41.958,0.88813,0.88893,1.35,1.35
2011.09.12 01:41:50.607,0.88823,0.88895,1.35,1.35
2011.09.12 01:41:51.757,0.88823,0.88899,1.35,1.35
2011.09.12 01:41:52.398,0.88823,0.88895,1.35,1.35
2011.09.12 01:41:53.030,0.88823,0.88895,1.35,1.35
2011.09.12 01:41:53.612,0.88823,0.88899,1.35,1.35
2011.09.12 01:41:53.948,0.88826,0.8889,1.35,2.10
2011.09.12 01:41:55.574,0.88829,0.8889,1.35,2.10
2011.09.12 01:41:56.296,0.88829,0.8889,1.35,2.10
2011.09.12 01:41:56.632,0.88837,0.88895,1.35,2.10
2011.09.12 01:41:58.237,0.88839,0.88895,1.35,2.10
2011.09.12 01:41:58.769,0.88837,0.88895,1.35,2.10
2011.09.12 01:41:59.988,0.88836,0.88904,1.35,1.35
2011.09.12 01:42:01.888,0.88838,0.88905,1.35,2.10
2011.09.12 01:42:02.562,0.88836,0.88904,1.35,1.35
2011.09.12 01:42:02.680,0.88838,0.88905,1.35,2.10
2011.09.12 01:42:03.097,0.88836,0.88904,1.35,1.35
2011.09.12 01:42:06.543,0.88828,0.88894,2.10,2.25
2011.09.12 01:42:06.662,0.88822,0.8888,1.35,2.10
2011.09.12 01:42:06.889,0.88822,0.8888,1.35,2.10
2011.09.12 01:42:06.997,0.88822,0.88893,2.10,2.10
2011.09.12 01:42:09.281,0.88816,0.88877,1.35,2.10
2011.09.12 01:42:09.655,0.88816,0.88877,1.35,2.10
2011.09.12 01:42:09.768,0.88816,0.88877,1.35,2.10
2011.09.12 01:42:10.070,0.88806,0.88888,1.35,2.10
2011.09.12 01:42:12.170,0.88806,0.88888,1.35,2.10
2011.09.12 01:42:14.146,0.88806,0.88888,1.35,2.10
2011.09.12 01:42:14.257,0.88816,0.88894,1.35,1.35
2011.09.12 01:42:22.328,0.88816,0.88893,1.35,1.35
2011.09.12 01:42:22.546,0.88816,0.88894,1.35,1.35
2011.09.12 01:42:23.325,0.88816,0.88894,1.35,1.35
2011.09.12 01:42:23.874,0.88816,0.88894,1.35,1.35
2011.09.12 01:42:24.540,0.88816,0.88894,1.35,1.35
2011.09.12 01:42:27.017,0.88816,0.88894,1.35,1.35
2011.09.12 01:42:27.651,0.88816,0.88893,1.35,1.35
2011.09.12 01:42:29.148,0.88816,0.88889,1.35,1.35
2011.09.12 01:42:32.194,0.88816,0.88888,1.35,1.35
2011.09.12 01:42:32.740,0.88816,0.88889,1.35,1.35
2011.09.12 01:42:33.756,0.88818,0.88882,1.35,2.10
2011.09.12 01:42:34.467,0.88818,0.88882,1.35,2.10
2011.09.12 01:42:35.249,0.88818,0.88882,1.35,2.10
2011.09.12 01:42:36.317,0.88826,0.88889,1.35,2.10
2011.09.12 01:42:37.044,0.88827,0.88889,1.35,2.10
2011.09.12 01:42:37.297,0.88821,0.88889,1.35,2.10
2011.09.12 01:42:44.002,0.88827,0.88889,1.35,2.10
2011.09.12 01:42:49.007,0.88826,0.88889,1.35,2.10
2011.09.12 01:42:55.276,0.88811,0.88873,1.35,2.10
2011.09.12 01:42:55.650,0.88811,0.88873,1.35,2.10
2011.09.12 01:42:55.907,0.88809,0.88886,1.35,2.10
2011.09.12 01:42:56.568,0.88809,0.88886,1.35,2.10
2011.09.12 01:43:04.742,0.88809,0.88886,1.35,2.10
2011.09.12 01:43:06.211,0.88809,0.88884,1.35,1.35
2011.09.12 01:43:06.651,0.88809,0.88884,1.35,1.35
2011.09.12 01:43:06.990,0.88799,0.88884,1.35,2.10
2011.09.12 01:43:07.209,0.88799,0.88884,1.35,2.10
2011.09.12 01:43:07.757,0.88799,0.88883,1.35,1.35
2011.09.12 01:43:08.078,0.88799,0.88884,1.35,2.85
2011.09.12 01:43:09.948,0.88799,0.88879,1.35,1.35
2011.09.12 01:43:10.057,0.88799,0.88883,1.35,1.35
2011.09.12 01:43:10.386,0.88786,0.88872,3.00,2.48
2011.09.12 01:43:12.277,0.88794,0.88854,1.35,2.10
2011.09.12 01:43:12.658,0.88794,0.88854,1.35,2.10
2011.09.12 01:43:13.547,0.88796,0.88859,2.85,1.35
2011.09.12 01:43:13.877,0.88796,0.88854,1.35,2.10
2011.09.12 01:43:13.987,0.88796,0.88854,1.35,2.10
2011.09.12 01:43:14.739,0.88796,0.88854,1.35,2.10
2011.09.12 01:43:16.418,0.88796,0.88854,1.35,2.10
2011.09.12 01:43:18.267,0.88796,0.88854,1.35,2.10
2011.09.12 01:43:18.572,0.88787,0.88851,1.35,2.10
2011.09.12 01:43:19.477,0.88787,0.88851,1.35,2.10
2011.09.12 01:43:29.375,0.88794,0.88858,1.35,1.35
2011.09.12 01:43:40.867,0.88794,0.88864,1.35,2.85
2011.09.12 01:43:51.157,0.88794,0.88864,1.35,2.85
2011.09.12 01:43:51.378,0.88799,0.88864,1.35,1.35
2011.09.12 01:43:51.707,0.88797,0.88863,1.35,1.35
2011.09.12 01:43:54.523,0.88799,0.88864,1.35,1.35
2011.09.12 01:44:00.868,0.88799,0.88868,1.35,1.35
2011.09.12 01:44:01.392,0.88799,0.88869,1.35,1.35
2011.09.12 01:44:02.940,0.88781,0.88862,3.60,2.10
2011.09.12 01:44:03.048,0.88781,0.88862,1.35,2.10
2011.09.12 01:44:03.947,0.88781,0.88862,1.35,2.10
2011.09.12 01:44:05.237,0.88781,0.88853,1.35,1.35
2011.09.12 01:44:05.347,0.88794,0.88853,1.35,1.35
2011.09.12 01:44:07.037,0.88794,0.88855,1.35,2.10
2011.09.12 01:44:07.761,0.88794,0.88855,1.35,2.10
2011.09.12 01:44:09.447,0.88794,0.88854,1.35,1.35
2011.09.12 01:44:11.295,0.88796,0.88854,1.35,1.35
2011.09.12 01:44:14.705,0.8881,0.88863,2.10,1.35
2011.09.12 01:44:15.377,0.88806,0.88869,1.35,2.10
2011.09.12 01:44:20.204,0.88796,0.88868,1.35,1.35
2011.09.12 01:44:25.477,0.88796,0.88864,1.35,1.35
2011.09.12 01:44:30.499,0.88796,0.88868,1.35,1.35
2011.09.12 01:44:44.681,0.88796,0.88869,1.35,1.35
2011.09.12 01:44:46.161,0.88796,0.88863,1.35,1.35
2011.09.12 01:44:54.861,0.88796,0.88864,1.35,1.35
2011.09.12 01:45:00.008,0.88777,0.88861,3.00,2.10
2011.09.12 01:45:00.449,0.88789,0.88861,1.35,2.10
2011.09.12 01:45:00.561,0.88793,0.88868,1.35,1.35
2011.09.12 01:45:02.014,0.88793,0.88865,1.35,1.35
2011.09.12 01:45:02.335,0.88793,0.88865,1.35,1.35
2011.09.12 01:45:02.463,0.88788,0.88863,1.35,2.10
2011.09.12 01:45:02.689,0.88788,0.88863,1.35,2.85
2011.09.12 01:45:02.797,0.88788,0.88863,1.35,2.10
2011.09.12 01:45:02.907,0.88788,0.88863,1.35,2.10
2011.09.12 01:45:03.017,0.88788,0.88863,1.35,2.85
2011.09.12 01:45:08.846,0.88788,0.88863,1.35,2.10
2011.09.12 01:45:11.158,0.88788,0.88858,1.35,1.35
2011.09.12 01:45:11.379,0.88788,0.88858,1.35,1.35
2011.09.12 01:45:12.248,0.88782,0.88866,2.85,1.13
2011.09.12 01:45:12.751,0.88782,0.88876,2.85,3.00
2011.09.12 01:45:13.289,0.88782,0.88876,2.85,3.00
2011.09.12 01:45:13.597,0.88782,0.88876,2.85,3.00
2011.09.12 01:45:13.799,0.88782,0.88876,2.85,3.00
2011.09.12 01:45:21.997,0.88778,0.88864,3.00,1.35
2011.09.12 01:45:22.109,0.88778,0.88863,3.00,1.35
2011.09.12 01:45:22.871,0.88774,0.88859,1.35,1.35
2011.09.12 01:45:24.907,0.88774,0.88856,1.35,1.35
2011.09.12 01:45:29.472,0.88788,0.88855,1.35,2.10
2011.09.12 01:45:32.554,0.88788,0.88855,1.35,2.10
2011.09.12 01:45:33.213,0.88788,0.88853,1.35,1.35
2011.09.12 01:45:39.011,0.88797,0.88853,1.35,1.35
2011.09.12 01:45:39.238,0.88797,0.88854,1.35,2.10
2011.09.12 01:45:45.708,0.88808,0.88867,2.10,2.10
2011.09.12 01:45:45.928,0.88815,0.88868,2.10,1.35
2011.09.12 01:45:46.147,0.88806,0.88863,1.35,2.10
2011.09.12 01:45:46.429,0.88806,0.88874,1.35,1.35
2011.09.12 01:45:49.258,0.88806,0.8888,1.35,3.00
2011.09.12 01:45:51.042,0.88807,0.88881,1.35,3.00
2011.09.12 01:45:53.951,0.88806,0.88881,1.35,3.00
2011.09.12 01:45:54.138,0.88807,0.88881,1.35,3.00
2011.09.12 01:45:54.249,0.88806,0.88881,1.35,3.00
2011.09.12 01:45:54.381,0.88807,0.88881,1.35,3.00
2011.09.12 01:45:54.500,0.88806,0.88881,1.35,3.00
2011.09.12 01:45:57.961,0.88806,0.88881,1.35,3.00
2011.09.12 01:45:58.461,0.88807,0.88881,1.35,3.00
2011.09.12 01:45:58.869,0.88807,0.88882,1.35,1.35
2011.09.12 01:45:59.511,0.88807,0.88882,1.35,1.35
2011.09.12 01:46:01.481,0.88807,0.88882,1.35,1.35
2011.09.12 01:46:03.927,0.88816,0.88883,2.10,1.35
2011.09.12 01:46:04.258,0.88811,0.88874,1.35,1.35
2011.09.12 01:46:06.238,0.88815,0.88881,2.10,1.35
2011.09.12 01:46:06.567,0.88815,0.88883,2.10,1.35
2011.09.12 01:46:10.080,0.88825,0.88884,1.35,1.35
2011.09.12 01:46:10.728,0.88819,0.8888,1.35,2.10
2011.09.12 01:46:11.057,0.88819,0.88878,1.35,1.35
2011.09.12 01:46:11.167,0.88812,0.88878,1.35,1.35
2011.09.12 01:46:11.767,0.88812,0.88886,2.85,1.35
2011.09.12 01:46:12.342,0.88811,0.88883,1.35,1.35
2011.09.12 01:46:13.177,0.88812,0.88888,1.35,3.60
2011.09.12 01:46:13.727,0.88812,0.88888,1.35,1.35
2011.09.12 01:46:13.948,0.88808,0.88878,1.35,1.35
2011.09.12 01:46:14.429,0.88812,0.88888,1.35,1.35
2011.09.12 01:46:14.539,0.88811,0.88888,1.35,1.35
2011.09.12 01:46:15.188,0.88812,0.88888,1.35,3.60
2011.09.12 01:46:15.298,0.88808,0.88879,1.35,1.35
2011.09.12 01:46:17.121,0.88808,0.88879,1.35,1.35
2011.09.12 01:46:19.711,0.88808,0.88879,1.35,1.35
2011.09.12 01:46:25.157,0.88808,0.88879,1.35,1.35
2011.09.12 01:46:25.867,0.88806,0.88879,1.35,1.35
2011.09.12 01:46:26.972,0.88798,0.88867,1.35,2.10
2011.09.12 01:46:27.630,0.88798,0.88867,1.35,2.10
2011.09.12 01:46:28.182,0.88798,0.88867,1.35,2.10
2011.09.12 01:46:29.768,0.88802,0.88849,1.35,2.10
2011.09.12 01:46:31.079,0.88805,0.88859,2.10,1.35
2011.09.12 01:46:32.097,0.88806,0.88866,1.35,2.10
2011.09.12 01:46:32.649,0.88806,0.88866,1.35,2.10
2011.09.12 01:46:34.120,0.88806,0.88864,1.35,1.35
2011.09.12 01:46:35.619,0.88806,0.88869,1.35,1.35
2011.09.12 01:46:36.358,0.88796,0.88874,1.35,1.35
2011.09.12 01:46:36.709,0.88796,0.88874,1.35,1.35
2011.09.12 01:46:39.017,0.88796,0.88873,1.35,1.35
2011.09.12 01:46:39.731,0.88792,0.8887,1.35,1.35
2011.09.12 01:46:40.258,0.88796,0.8887,1.35,1.35
2011.09.12 01:46:41.219,0.88796,0.8887,1.35,1.35
2011.09.12 01:46:45.827,0.88796,0.8887,1.35,1.35
2011.09.12 01:46:46.110,0.88796,0.8887,1.35,1.35
2011.09.12 01:46:46.599,0.88796,0.8887,1.35,1.35
2011.09.12 01:46:47.269,0.88796,0.8887,1.35,1.35
2011.09.12 01:46:49.559,0.88796,0.88874,1.35,1.35
2011.09.12 01:46:50.129,0.88796,0.8887,1.35,1.35
2011.09.12 01:46:51.161,0.88796,0.8887,1.35,1.35
2011.09.12 01:46:52.428,0.88796,0.8887,1.35,1.35
2011.09.12 01:46:52.591,0.88796,0.8887,1.35,1.35
2011.09.12 01:46:54.131,0.88796,0.8887,1.35,1.35
2011.09.12 01:46:55.022,0.88796,0.8887,1.35,1.35
2011.09.12 01:46:56.729,0.88796,0.8887,1.35,1.35
2011.09.12 01:46:58.328,0.88796,0.8887,1.35,1.35
2011.09.12 01:46:59.867,0.88796,0.8887,1.35,1.35
2011.09.12 01:46:59.978,0.88791,0.88863,1.35,1.35
2011.09.12 01:47:01.114,0.88791,0.88864,1.35,1.35
2011.09.12 01:47:02.438,0.88791,0.88864,1.35,1.35
2011.09.12 01:47:03.119,0.88791,0.8886,1.35,1.35
2011.09.12 01:47:03.402,0.88791,0.88863,1.35,1.35
2011.09.12 01:47:05.109,0.88791,0.88864,1.35,1.35
2011.09.12 01:47:05.980,0.88791,0.88868,1.35,1.35
2011.09.12 01:47:07.228,0.88791,0.88869,1.35,1.35
2011.09.12 01:47:09.581,0.88799,0.88872,1.35,1.35
2011.09.12 01:47:13.828,0.88788,0.88869,1.35,1.35
2011.09.12 01:47:13.938,0.88788,0.88868,1.35,1.35
2011.09.12 01:47:17.100,0.88788,0.88861,1.35,1.35
2011.09.12 01:47:27.299,0.88788,0.88869,1.35,1.35
2011.09.12 01:47:38.488,0.88788,0.88869,1.35,1.35
2011.09.12 01:47:47.690,0.88788,0.88869,1.35,1.35
2011.09.12 01:47:48.017,0.88788,0.88868,1.35,1.35
2011.09.12 01:47:50.439,0.88788,0.88868,1.35,1.35
2011.09.12 01:48:14.507,0.8878,0.88878,3.00,3.00
2011.09.12 01:48:22.137,0.8878,0.88878,3.00,3.00
2011.09.12 01:48:23.180,0.8878,0.88878,3.00,3.00
2011.09.12 01:48:23.287,0.8878,0.88878,3.00,3.00
2011.09.12 01:48:24.339,0.8878,0.88878,3.00,3.00
2011.09.12 01:48:24.829,0.8878,0.88878,3.00,3.00
2011.09.12 01:48:25.351,0.88777,0.88877,3.00,3.00
2011.09.12 01:48:30.168,0.88777,0.88877,3.00,3.00
2011.09.12 01:48:30.387,0.88777,0.88877,3.00,3.00
2011.09.12 01:48:34.646,0.88777,0.88877,3.00,3.00
2011.09.12 01:48:34.897,0.8878,0.88878,3.00,3.00
2011.09.12 01:48:35.143,0.8878,0.88878,3.00,3.00
2011.09.12 01:48:35.698,0.88784,0.88882,3.00,3.00
2011.09.12 01:48:36.317,0.88784,0.88882,3.00,3.00
2011.09.12 01:48:36.713,0.88784,0.88882,3.00,3.00
2011.09.12 01:48:38.730,0.88784,0.88882,3.00,3.00
2011.09.12 01:48:39.000,0.88784,0.88882,3.00,3.00
2011.09.12 01:48:40.739,0.88785,0.88885,3.00,3.00
2011.09.12 01:48:42.037,0.88787,0.88885,3.00,3.00
2011.09.12 01:48:44.108,0.88791,0.88891,3.00,3.00
2011.09.12 01:48:44.997,0.88791,0.88891,3.00,3.00
2011.09.12 01:48:45.257,0.88791,0.88889,3.00,3.00
2011.09.12 01:48:47.110,0.88793,0.88873,3.60,1.35
2011.09.12 01:48:47.218,0.88793,0.88871,3.60,1.35
2011.09.12 01:48:47.426,0.88793,0.88873,3.60,1.35
2011.09.12 01:48:49.198,0.88798,0.88878,3.00,1.35
2011.09.12 01:48:51.196,0.88799,0.88883,3.00,1.35
2011.09.12 01:48:56.298,0.88807,0.88883,1.35,1.35
2011.09.12 01:48:56.765,0.88807,0.88883,1.35,1.35
2011.09.12 01:49:00.481,0.88807,0.88881,1.35,1.35
2011.09.12 01:49:00.876,0.88807,0.88884,1.35,1.35
2011.09.12 01:49:02.018,0.88807,0.88884,1.35,1.35
2011.09.12 01:49:10.290,0.88816,0.88884,1.35,1.35
2011.09.12 01:49:15.768,0.8882,0.88888,1.35,1.35
2011.09.12 01:49:16.100,0.88817,0.88888,1.35,1.35
2011.09.12 01:49:17.031,0.8882,0.88889,1.35,1.35
2011.09.12 01:49:17.139,0.88821,0.88891,1.35,1.35
2011.09.12 01:49:18.139,0.88816,0.88889,1.35,1.35
2011.09.12 01:49:18.748,0.88816,0.88883,1.35,1.35
2011.09.12 01:49:21.180,0.8882,0.88883,2.10,1.35
2011.09.12 01:49:27.780,0.88823,0.88878,1.35,2.10
2011.09.12 01:49:28.310,0.88816,0.88878,1.35,2.10
2011.09.12 01:49:30.084,0.88816,0.88884,1.35,1.35
2011.09.12 01:49:30.869,0.88816,0.88878,1.35,1.35
2011.09.12 01:49:31.518,0.88816,0.8889,1.35,1.35
2011.09.12 01:49:34.220,0.88816,0.88894,1.35,1.35
2011.09.12 01:49:34.384,0.88819,0.88893,1.35,1.35
2011.09.12 01:49:35.154,0.88811,0.88905,2.85,3.00
2011.09.12 01:49:35.378,0.88811,0.88909,5.10,3.00
2011.09.12 01:49:39.340,0.88811,0.88908,2.85,3.00
2011.09.12 01:49:41.532,0.88811,0.88908,2.85,3.00
2011.09.12 01:49:42.089,0.88811,0.88908,2.85,2.25
2011.09.12 01:49:43.076,0.88811,0.88909,2.85,3.00
2011.09.12 01:49:45.771,0.88811,0.88909,2.85,3.00
2011.09.12 01:49:46.101,0.88803,0.88898,1.35,2.25
2011.09.12 01:49:47.421,0.88803,0.88898,1.35,3.00
2011.09.12 01:49:48.189,0.88822,0.88893,1.35,1.35
2011.09.12 01:49:49.069,0.88822,0.88894,1.35,1.35
2011.09.12 01:49:58.008,0.88818,0.88894,1.35,2.85
2011.09.12 01:49:58.118,0.88818,0.88888,1.35,1.35
2011.09.12 01:50:27.188,0.88818,0.88893,1.35,1.35
2011.09.12 01:50:32.237,0.88818,0.88894,1.35,2.85
2011.09.12 01:50:33.728,0.88818,0.88893,1.35,1.35
2011.09.12 01:50:34.786,0.88818,0.88893,1.35,1.35
2011.09.12 01:50:37.044,0.88818,0.88894,1.35,2.85
2011.09.12 01:50:37.908,0.88818,0.88893,1.35,1.35
2011.09.12 01:50:38.032,0.88829,0.88893,1.35,1.35
2011.09.12 01:50:39.229,0.88829,0.88894,1.35,1.35
2011.09.12 01:50:47.364,0.88829,0.88893,1.35,1.35
2011.09.12 01:50:47.810,0.88829,0.88898,1.35,1.35
2011.09.12 01:50:47.919,0.88837,0.88898,1.35,2.85
2011.09.12 01:50:53.852,0.88837,0.88898,1.35,2.85
2011.09.12 01:50:55.270,0.88837,0.88898,1.35,2.85
2011.09.12 01:50:55.538,0.88839,0.88896,2.10,2.10
2011.09.12 01:51:01.599,0.88842,0.8889,1.35,2.10
2011.09.12 01:51:02.449,0.88833,0.88899,2.10,2.85
2011.09.12 01:51:04.508,0.88842,0.88899,1.35,2.10
2011.09.12 01:51:04.620,0.88841,0.88899,1.35,2.10
2011.09.12 01:51:07.431,0.88841,0.88904,1.35,1.35
2011.09.12 01:51:08.009,0.88846,0.88907,1.35,2.10
2011.09.12 01:51:08.740,0.88846,0.88907,1.35,2.10
2011.09.12 01:51:10.799,0.88846,0.88907,1.35,2.10
2011.09.12 01:51:14.969,0.88846,0.88907,1.35,2.10
2011.09.12 01:51:16.678,0.88846,0.88909,1.35,1.35
2011.09.12 01:51:17.986,0.88842,0.88907,1.35,2.10
2011.09.12 01:51:29.294,0.88842,0.88907,1.35,2.10
2011.09.12 01:51:29.893,0.88842,0.88907,1.35,2.10
2011.09.12 01:51:30.870,0.88841,0.88907,1.35,2.10
2011.09.12 01:51:32.363,0.88842,0.88903,1.35,1.35
2011.09.12 01:51:33.319,0.88841,0.88904,1.35,1.35
2011.09.12 01:51:37.701,0.88831,0.88902,1.35,2.10
2011.09.12 01:51:51.169,0.88831,0.88899,1.35,1.35
2011.09.12 01:51:55.649,0.88821,0.88891,2.10,1.35
2011.09.12 01:51:55.759,0.88831,0.88902,1.35,2.10
2011.09.12 01:51:56.090,0.88831,0.88902,1.35,2.10
2011.09.12 01:51:56.200,0.88841,0.88903,1.35,1.35
2011.09.12 01:51:58.174,0.88841,0.88904,1.35,2.85
2011.09.12 01:51:59.091,0.88841,0.88904,1.35,2.85
2011.09.12 01:51:59.420,0.88841,0.88903,1.35,1.35
2011.09.12 01:52:04.222,0.88841,0.88904,1.35,2.10
2011.09.12 01:52:04.601,0.88839,0.88895,1.35,2.10
2011.09.12 01:52:04.990,0.88836,0.88895,1.35,2.10
2011.09.12 01:52:05.102,0.88839,0.88895,1.35,2.10
2011.09.12 01:52:05.318,0.88837,0.88895,1.35,2.10
2011.09.12 01:52:05.540,0.88837,0.88905,1.35,2.10
2011.09.12 01:52:18.799,0.88832,0.889,1.35,2.10
2011.09.12 01:52:19.510,0.88832,0.88899,1.35,1.35
2011.09.12 01:52:24.329,0.88832,0.88898,1.35,1.35
2011.09.12 01:52:33.072,0.88832,0.88898,1.35,1.35
2011.09.12 01:52:34.211,0.88832,0.889,1.35,2.10
2011.09.12 01:52:34.770,0.88832,0.88899,1.35,1.35
2011.09.12 01:52:34.879,0.88831,0.889,1.35,2.10
2011.09.12 01:52:35.100,0.88832,0.889,1.35,2.10
2011.09.12 01:52:35.232,0.88836,0.88903,1.35,1.35
2011.09.12 01:52:36.090,0.88836,0.88909,1.35,1.35
2011.09.12 01:52:36.913,0.88836,0.88903,1.35,1.35
2011.09.12 01:52:46.970,0.88836,0.88904,1.35,1.35
2011.09.12 01:52:53.639,0.88836,0.88899,1.35,1.35
2011.09.12 01:52:55.469,0.88832,0.88899,1.35,1.35
2011.09.12 01:52:56.974,0.88836,0.88903,1.35,1.35
2011.09.12 01:52:58.942,0.88831,0.88899,1.35,1.35
2011.09.12 01:53:01.152,0.88836,0.88899,1.35,1.35
2011.09.12 01:53:02.928,0.88832,0.88903,1.35,1.35
2011.09.12 01:53:06.263,0.88836,0.88903,1.35,1.35
2011.09.12 01:53:07.641,0.88836,0.88899,1.35,1.35
2011.09.12 01:53:08.148,0.88836,0.88899,1.35,1.35
2011.09.12 01:53:08.949,0.88832,0.88899,1.35,1.35
2011.09.12 01:53:09.961,0.88836,0.88904,1.35,1.35
2011.09.12 01:53:13.001,0.88836,0.88903,1.35,1.35
2011.09.12 01:53:16.692,0.88831,0.88899,1.35,1.35
2011.09.12 01:53:17.943,0.88836,0.88908,1.35,1.35
2011.09.12 01:53:18.174,0.88836,0.88903,1.35,1.35
2011.09.12 01:53:19.152,0.88831,0.88904,1.35,1.35
2011.09.12 01:53:20.372,0.88836,0.88903,1.35,1.35
2011.09.12 01:53:23.856,0.88836,0.88908,1.35,1.35
2011.09.12 01:53:23.970,0.88836,0.88903,1.35,1.35
2011.09.12 01:53:27.649,0.88836,0.88899,1.35,1.35
2011.09.12 01:53:35.265,0.88818,0.88916,3.00,3.00
2011.09.12 01:53:35.379,0.88818,0.88916,3.00,3.00
2011.09.12 01:53:35.978,0.88815,0.88915,3.00,3.00
2011.09.12 01:53:36.470,0.88815,0.88915,3.00,3.00
2011.09.12 01:53:37.082,0.88815,0.88915,3.00,3.00
2011.09.12 01:53:37.327,0.88815,0.88915,3.00,3.00
2011.09.12 01:53:37.439,0.8882,0.88918,3.00,1.13
2011.09.12 01:53:37.548,0.88818,0.88918,3.00,3.38
2011.09.12 01:53:38.718,0.88818,0.88918,3.00,3.38
2011.09.12 01:53:38.937,0.88817,0.88915,3.00,3.00
2011.09.12 01:53:39.047,0.88817,0.88915,3.00,3.00
2011.09.12 01:53:39.158,0.88817,0.88915,3.00,3.00
2011.09.12 01:53:41.194,0.8882,0.8892,3.00,3.00
2011.09.12 01:53:43.340,0.8882,0.8892,3.00,3.00
2011.09.12 01:53:43.668,0.88819,0.88917,3.00,3.00
2011.09.12 01:53:52.231,0.88817,0.88915,3.00,3.00
2011.09.12 01:53:56.584,0.88819,0.88917,3.00,3.00
2011.09.12 01:53:57.001,0.88819,0.88917,3.00,3.00
2011.09.12 01:53:57.777,0.88819,0.88917,3.00,3.00
2011.09.12 01:54:04.470,0.88819,0.88917,3.00,3.00
2011.09.12 01:54:04.628,0.88819,0.88917,3.00,3.00
2011.09.12 01:54:15.352,0.88818,0.88916,3.00,3.00
2011.09.12 01:54:15.961,0.88817,0.88915,3.00,3.00
2011.09.12 01:54:16.878,0.88817,0.88915,3.00,3.00
2011.09.12 01:54:17.643,0.88817,0.88915,3.00,3.00
2011.09.12 01:54:18.267,0.88817,0.88915,3.00,3.00
2011.09.12 01:54:21.514,0.88816,0.88916,3.00,3.00
2011.09.12 01:54:35.127,0.88802,0.88919,1.13,1.13
2011.09.12 01:54:35.328,0.88808,0.88873,1.35,2.10
2011.09.12 01:54:35.439,0.88808,0.88873,1.35,2.10
2011.09.12 01:54:37.449,0.88808,0.88873,1.35,2.10
2011.09.12 01:54:38.888,0.88808,0.88868,1.35,1.35
2011.09.12 01:54:39.754,0.88812,0.88868,1.35,1.35
2011.09.12 01:54:40.476,0.88816,0.88884,1.35,2.10
2011.09.12 01:54:42.435,0.88816,0.88883,1.35,1.35
2011.09.12 01:54:46.781,0.88816,0.88884,1.35,2.10
2011.09.12 01:54:57.026,0.88818,0.88891,1.35,1.35
2011.09.12 01:54:57.140,0.88817,0.88891,1.35,1.35
2011.09.12 01:54:58.211,0.88818,0.88891,1.35,1.35
2011.09.12 01:55:04.399,0.88822,0.8889,1.35,1.35
2011.09.12 01:55:04.509,0.88821,0.88894,1.35,1.35
2011.09.12 01:55:08.464,0.88826,0.88884,1.35,2.10
2011.09.12 01:55:12.329,0.88832,0.88884,2.10,2.10
2011.09.12 01:55:14.053,0.88839,0.88891,2.10,2.10
2011.09.12 01:55:16.250,0.88837,0.88886,1.35,2.10
2011.09.12 01:55:19.639,0.88821,0.88889,1.35,1.35
2011.09.12 01:55:40.890,0.88816,0.88887,1.35,1.35
2011.09.12 01:55:41.219,0.88817,0.88888,1.35,1.35
2011.09.12 01:55:41.440,0.88816,0.88887,1.35,1.35
2011.09.12 01:55:42.141,0.88817,0.88887,1.35,1.35
2011.09.12 01:55:44.182,0.88816,0.88887,1.35,1.35
2011.09.12 01:55:49.509,0.88812,0.88887,1.35,1.35
2011.09.12 01:55:50.170,0.88817,0.88887,1.35,1.35
2011.09.12 01:55:50.615,0.88817,0.88888,1.35,1.35
2011.09.12 01:55:52.151,0.88817,0.88887,1.35,1.35
2011.09.12 01:55:53.251,0.88817,0.88887,1.35,1.35
2011.09.12 01:55:58.218,0.88816,0.88887,1.35,1.35
2011.09.12 01:56:01.171,0.88816,0.88887,1.35,1.35
2011.09.12 01:56:13.709,0.88803,0.88873,1.35,2.10
2011.09.12 01:56:13.819,0.88803,0.88873,1.35,2.85
2011.09.12 01:56:14.370,0.88802,0.8888,2.85,1.35
2011.09.12 01:56:26.212,0.88802,0.8888,2.85,1.35
2011.09.12 01:56:26.581,0.88802,0.8888,2.85,1.35
2011.09.12 01:56:35.689,0.88801,0.88879,1.35,1.35
2011.09.12 01:56:41.468,0.88812,0.88873,1.35,1.35
2011.09.12 01:56:45.153,0.88812,0.88871,1.35,1.35
2011.09.12 01:56:45.645,0.88812,0.88874,1.35,1.35
2011.09.12 01:56:46.243,0.88811,0.88874,1.35,1.35
2011.09.12 01:56:48.800,0.88812,0.88866,1.35,2.10
2011.09.12 01:56:55.482,0.88809,0.88868,1.35,1.35
2011.09.12 01:56:55.920,0.88809,0.88875,1.35,2.10
2011.09.12 01:56:56.033,0.88811,0.88883,1.35,1.35
2011.09.12 01:56:56.259,0.88802,0.88896,2.85,2.25
2011.09.12 01:56:56.368,0.88802,0.88896,2.85,2.25
2011.09.12 01:56:56.588,0.88802,0.88884,2.85,2.25
2011.09.12 01:56:56.918,0.88806,0.88884,1.35,2.85
2011.09.12 01:56:58.180,0.88806,0.88876,1.35,1.35
2011.09.12 01:56:59.161,0.88806,0.88876,1.35,1.35
2011.09.12 01:57:00.807,0.88807,0.88876,1.35,1.35
2011.09.12 01:57:01.029,0.88807,0.88876,1.35,1.35
2011.09.12 01:57:02.190,0.88806,0.88876,1.35,1.35
2011.09.12 01:57:07.442,0.88802,0.88876,1.35,1.35
2011.09.12 01:57:07.549,0.88807,0.88878,1.35,1.35
2011.09.12 01:57:09.149,0.88809,0.88878,1.35,1.35
2011.09.12 01:57:46.010,0.88797,0.88859,1.35,2.10
2011.09.12 01:57:46.340,0.88808,0.88871,2.10,2.10
2011.09.12 01:57:46.671,0.88815,0.88879,2.10,2.10
2011.09.12 01:57:46.889,0.88807,0.88903,2.85,3.00
2011.09.12 01:57:47.519,0.88807,0.88905,2.85,3.00
2011.09.12 01:57:50.961,0.88807,0.88904,2.85,3.00
2011.09.12 01:57:51.081,0.88807,0.88904,2.85,3.00
2011.09.12 01:57:52.231,0.88807,0.88906,2.85,5.10
2011.09.12 01:58:29.019,0.88809,0.88906,3.00,2.85
2011.09.12 01:58:29.129,0.88809,0.88906,3.00,2.85
2011.09.12 01:58:30.059,0.88809,0.88906,3.00,2.85
2011.09.12 01:58:30.399,0.88809,0.88906,3.00,2.85
2011.09.12 01:58:30.729,0.88807,0.88906,2.85,5.10
2011.09.12 01:58:30.948,0.88807,0.88906,2.85,5.10
2011.09.12 01:58:33.359,0.88816,0.8891,1.35,3.00
2011.09.12 01:58:34.371,0.88822,0.88911,1.35,3.60
2011.09.12 01:58:36.260,0.88824,0.88911,1.35,1.35
2011.09.12 01:58:36.661,0.88824,0.88911,1.35,1.35
2011.09.12 01:58:38.212,0.88824,0.88911,1.35,1.35
2011.09.12 01:58:44.290,0.88836,0.88918,1.35,3.00
2011.09.12 01:58:45.189,0.88826,0.8891,1.35,1.35
2011.09.12 01:58:48.582,0.88826,0.8891,1.35,1.35
2011.09.12 01:58:56.969,0.88826,0.8891,1.35,1.35
2011.09.12 01:58:57.743,0.88826,0.8891,1.35,1.35
2011.09.12 01:58:57.862,0.88826,0.8891,1.35,1.35
2011.09.12 01:58:57.970,0.88826,0.88913,1.35,1.35
2011.09.12 01:58:58.931,0.88826,0.88914,1.35,1.35
2011.09.12 01:58:59.461,0.88826,0.88913,1.35,1.35
2011.09.12 01:59:00.197,0.88826,0.88914,1.35,1.35
2011.09.12 01:59:05.404,0.88827,0.8891,3.00,1.35
2011.09.12 01:59:05.521,0.88827,0.88913,3.00,1.35
2011.09.12 01:59:05.739,0.88826,0.8891,1.35,1.35
2011.09.12 01:59:06.050,0.88826,0.8891,1.35,1.35
2011.09.12 01:59:07.289,0.88831,0.88913,3.00,1.35
2011.09.12 01:59:07.399,0.88831,0.8891,3.00,1.35
2011.09.12 01:59:07.630,0.88832,0.88914,3.00,1.35
2011.09.12 01:59:08.591,0.88839,0.88914,1.35,1.35
2011.09.12 01:59:08.973,0.88839,0.88914,1.35,1.35
2011.09.12 01:59:10.069,0.88839,0.88913,1.35,1.35
2011.09.12 01:59:12.981,0.88839,0.88913,1.35,1.35
2011.09.12 01:59:13.264,0.88839,0.88913,1.35,1.35
2011.09.12 01:59:16.213,0.88839,0.88914,1.35,1.35
2011.09.12 01:59:16.329,0.88839,0.88914,1.35,1.35
2011.09.12 01:59:16.879,0.88839,0.88918,1.35,1.35
2011.09.12 01:59:19.059,0.88839,0.88914,1.35,1.35
2011.09.12 01:59:20.453,0.88839,0.88909,1.35,1.35
2011.09.12 01:59:20.570,0.88839,0.88913,1.35,1.35
2011.09.12 01:59:21.384,0.88839,0.88909,1.35,1.35
2011.09.12 01:59:22.522,0.88839,0.88913,1.35,1.35
2011.09.12 01:59:23.070,0.88839,0.88914,1.35,1.35
2011.09.12 01:59:23.723,0.88839,0.88913,1.35,1.35
2011.09.12 01:59:24.283,0.88839,0.88909,1.35,1.35
2011.09.12 01:59:24.754,0.88839,0.88913,1.35,1.35
2011.09.12 01:59:26.123,0.88839,0.88913,1.35,1.35
2011.09.12 01:59:26.350,0.88839,0.88914,1.35,1.35
2011.09.12 01:59:27.113,0.88839,0.88918,1.35,1.35
2011.09.12 01:59:28.872,0.88839,0.88919,1.35,1.35
2011.09.12 01:59:29.177,0.88839,0.88914,1.35,1.35
2011.09.12 01:59:29.703,0.88839,0.88913,1.35,1.35
2011.09.12 01:59:30.310,0.88839,0.88913,1.35,1.35
2011.09.12 01:59:37.799,0.88839,0.88909,1.35,1.35
2011.09.12 01:59:37.911,0.88839,0.88909,1.35,1.35
2011.09.12 01:59:44.922,0.88839,0.88913,1.35,1.35
2011.09.12 01:59:45.471,0.88839,0.88913,1.35,1.35
2011.09.12 01:59:46.020,0.88839,0.88914,1.35,1.35
2011.09.12 01:59:49.176,0.88839,0.88914,1.35,1.35
2011.09.12 01:59:49.559,0.88839,0.88914,1.35,1.35
2011.09.12 01:59:49.944,0.88837,0.88913,1.35,1.35
2011.09.12 01:59:50.434,0.88839,0.88913,1.35,1.35
2011.09.12 01:59:53.172,0.88839,0.88909,1.35,1.35
2011.09.12 01:59:53.351,0.88831,0.88909,1.35,1.35
2011.09.12 01:59:53.679,0.88822,0.8891,3.00,1.35
2011.09.12 01:59:55.773,0.88822,0.8891,3.00,1.35
