2017.08.07 11:00:00.044,0.76635,0.76648,1.00,1.12
2017.08.07 11:00:00.456,0.76637,0.76651,1.00,1.37
2017.08.07 11:00:00.508,0.76637,0.76651,1.12,1.00
2017.08.07 11:00:02.136,0.76636,0.76651,1.12,1.00
2017.08.07 11:00:02.237,0.76633,0.76649,1.37,1.00
2017.08.07 11:00:02.586,0.76633,0.76646,1.00,1.00
2017.08.07 11:00:03.405,0.76634,0.76647,1.00,1.37
2017.08.07 11:00:04.446,0.76633,0.76647,1.00,1.37
2017.08.07 11:00:05.238,0.76633,0.76647,1.00,1.12
2017.08.07 11:00:05.569,0.76635,0.76649,1.00,1.37
2017.08.07 11:00:06.376,0.76635,0.76649,1.00,1.12
2017.08.07 11:00:07.441,0.76635,0.76649,1.00,1.37
2017.08.07 11:00:10.246,0.76635,0.76649,1.00,1.12
2017.08.07 11:00:12.898,0.76635,0.76648,1.00,1.00
2017.08.07 11:00:13.535,0.76634,0.76648,1.00,1.12
2017.08.07 11:00:16.390,0.76633,0.76648,1.00,1.12
2017.08.07 11:00:16.957,0.76634,0.76648,1.00,1.12
2017.08.07 11:00:18.505,0.76637,0.76651,1.00,1.37
2017.08.07 11:00:18.698,0.76638,0.76653,1.00,1.37
2017.08.07 11:00:18.750,0.7664,0.76654,1.00,1.37
2017.08.07 11:00:18.800,0.7664,0.76654,1.00,1.12
2017.08.07 11:00:18.851,0.76638,0.76652,1.00,1.00
2017.08.07 11:00:19.844,0.76639,0.76652,1.00,1.00
2017.08.07 11:00:20.096,0.7664,0.76654,1.00,1.12
2017.08.07 11:00:20.351,0.76638,0.76654,1.00,1.12
2017.08.07 11:00:20.503,0.76638,0.76654,1.00,1.37
2017.08.07 11:00:22.384,0.76639,0.76653,1.00,1.37
2017.08.07 11:00:23.356,0.76638,0.76652,1.00,1.12
2017.08.07 11:00:23.949,0.76639,0.76653,1.00,1.37
2017.08.07 11:00:27.943,0.76638,0.76652,1.00,1.00
2017.08.07 11:00:28.886,0.76638,0.76651,1.00,1.00
2017.08.07 11:00:29.166,0.76642,0.76656,1.00,1.00
2017.08.07 11:00:30.674,0.7664,0.76654,1.35,1.00
2017.08.07 11:00:30.977,0.76638,0.76652,1.00,1.37
2017.08.07 11:00:31.485,0.76639,0.76653,1.00,1.37
2017.08.07 11:00:32.028,0.76641,0.76655,1.00,1.12
2017.08.07 11:00:32.080,0.7664,0.76653,1.00,1.00
2017.08.07 11:00:32.606,0.7664,0.76656,1.00,1.37
2017.08.07 11:00:32.808,0.76642,0.76656,1.00,1.37
2017.08.07 11:00:33.071,0.7664,0.76654,1.00,1.00
2017.08.07 11:00:34.626,0.76642,0.76656,1.00,1.37
2017.08.07 11:00:35.297,0.76642,0.76656,1.00,1.00
2017.08.07 11:00:35.989,0.76642,0.76655,1.00,1.00
2017.08.07 11:00:36.649,0.76642,0.76656,1.00,1.00
2017.08.07 11:00:40.379,0.76643,0.76657,1.00,1.00
2017.08.07 11:00:40.608,0.76645,0.76661,1.12,1.00
2017.08.07 11:00:41.496,0.76645,0.76659,1.12,1.00
2017.08.07 11:00:42.453,0.76644,0.76658,1.00,1.00
2017.08.07 11:00:44.371,0.76644,0.76657,1.00,1.00
2017.08.07 11:00:44.981,0.76643,0.76656,1.00,1.00
2017.08.07 11:00:45.938,0.76644,0.76658,1.00,1.12
2017.08.07 11:00:46.939,0.76644,0.76657,1.00,1.00
2017.08.07 11:00:47.946,0.76643,0.76659,1.00,1.37
2017.08.07 11:00:48.879,0.76644,0.76659,1.00,1.37
2017.08.07 11:00:48.930,0.76646,0.76659,1.00,1.37
2017.08.07 11:00:49.668,0.76646,0.76659,1.00,1.00
2017.08.07 11:00:49.881,0.76644,0.7666,1.12,1.00
2017.08.07 11:00:50.915,0.76646,0.7666,1.00,1.00
2017.08.07 11:00:53.593,0.76648,0.76662,1.00,1.37
2017.08.07 11:00:53.845,0.7665,0.76664,1.00,1.12
2017.08.07 11:00:56.922,0.76649,0.76668,1.00,3.75
2017.08.07 11:00:57.023,0.76649,0.76663,1.00,1.00
2017.08.07 11:00:57.326,0.76648,0.76662,1.00,1.37
2017.08.07 11:00:58.989,0.76646,0.76662,1.00,1.37
2017.08.07 11:01:00.970,0.76646,0.76662,1.00,1.37
2017.08.07 11:01:01.474,0.76648,0.76661,1.00,1.12
2017.08.07 11:01:02.122,0.76647,0.76661,1.00,1.12
2017.08.07 11:01:02.902,0.76647,0.76661,1.00,1.37
2017.08.07 11:01:03.467,0.76647,0.76661,1.00,1.00
2017.08.07 11:01:04.379,0.76647,0.76661,1.00,1.37
2017.08.07 11:01:04.590,0.76648,0.76662,1.00,1.12
2017.08.07 11:01:08.685,0.76647,0.76662,1.00,1.12
2017.08.07 11:01:09.927,0.76647,0.76661,1.00,1.00
2017.08.07 11:01:10.536,0.76647,0.76661,1.00,1.37
2017.08.07 11:01:10.889,0.7665,0.76664,1.00,3.00
2017.08.07 11:01:11.041,0.7665,0.76666,1.00,1.37
2017.08.07 11:01:11.549,0.7665,0.76664,1.00,1.37
2017.08.07 11:01:11.600,0.7665,0.76664,1.00,1.12
2017.08.07 11:01:11.701,0.76649,0.76663,1.00,1.37
2017.08.07 11:01:12.208,0.76649,0.76663,1.00,1.12
2017.08.07 11:01:13.314,0.7665,0.76664,1.00,1.37
2017.08.07 11:01:13.516,0.76651,0.76665,1.00,1.12
2017.08.07 11:01:13.946,0.7665,0.76664,1.00,1.37
2017.08.07 11:01:14.515,0.7665,0.76664,1.00,1.00
2017.08.07 11:01:15.064,0.76647,0.76661,1.00,1.00
2017.08.07 11:01:15.368,0.76645,0.76659,1.00,1.12
2017.08.07 11:01:15.708,0.76643,0.76657,1.00,1.12
2017.08.07 11:01:16.255,0.76645,0.76659,1.00,1.37
2017.08.07 11:01:16.305,0.76645,0.76659,1.00,1.00
2017.08.07 11:01:16.861,0.76646,0.76659,1.00,1.00
2017.08.07 11:01:18.006,0.76645,0.76659,1.00,1.00
2017.08.07 11:01:18.685,0.76646,0.7666,1.00,1.12
2017.08.07 11:01:20.458,0.76648,0.76662,1.00,1.37
2017.08.07 11:01:21.167,0.76647,0.76661,1.00,1.00
2017.08.07 11:01:27.916,0.76645,0.76661,1.12,1.00
2017.08.07 11:01:29.568,0.76647,0.76662,1.00,1.37
2017.08.07 11:01:29.871,0.76649,0.76663,1.00,1.12
2017.08.07 11:01:30.377,0.76648,0.76662,1.00,1.00
2017.08.07 11:01:33.078,0.76648,0.76661,1.00,1.00
2017.08.07 11:01:33.796,0.76647,0.76661,1.00,1.12
2017.08.07 11:01:35.228,0.76647,0.76661,1.00,1.37
2017.08.07 11:01:36.055,0.76647,0.76661,1.00,1.00
2017.08.07 11:01:40.537,0.76647,0.76661,1.00,1.37
2017.08.07 11:01:48.740,0.76647,0.76661,1.00,1.12
2017.08.07 11:01:52.426,0.76648,0.76663,1.00,1.37
2017.08.07 11:01:52.933,0.76648,0.76664,1.00,1.72
2017.08.07 11:01:58.864,0.7665,0.76664,1.00,1.37
2017.08.07 11:01:59.066,0.7665,0.76666,1.00,1.37
2017.08.07 11:01:59.378,0.76649,0.76665,1.00,1.37
2017.08.07 11:02:05.123,0.7665,0.76664,1.00,1.37
2017.08.07 11:02:05.370,0.7665,0.76665,1.00,1.12
2017.08.07 11:02:05.522,0.76649,0.76665,1.00,1.47
2017.08.07 11:02:05.829,0.76648,0.76663,1.00,1.37
2017.08.07 11:02:07.345,0.76647,0.76664,1.00,1.37
2017.08.07 11:02:07.604,0.76647,0.76665,1.00,1.80
2017.08.07 11:02:07.783,0.76647,0.76665,1.00,1.80
2017.08.07 11:02:08.483,0.76647,0.76665,1.00,1.80
2017.08.07 11:02:09.675,0.76648,0.76662,1.00,1.00
2017.08.07 11:02:09.978,0.76645,0.76659,1.00,1.00
2017.08.07 11:02:11.225,0.76646,0.7666,1.00,1.00
2017.08.07 11:02:11.606,0.76648,0.76663,1.00,1.37
2017.08.07 11:02:11.986,0.76646,0.76662,1.00,1.37
2017.08.07 11:02:12.597,0.76646,0.7666,1.00,1.00
2017.08.07 11:02:13.694,0.76646,0.7666,1.00,1.37
2017.08.07 11:02:14.247,0.76645,0.76659,1.00,1.12
2017.08.07 11:02:15.190,0.76646,0.7666,1.00,1.37
2017.08.07 11:02:15.898,0.76646,0.7666,1.00,1.12
2017.08.07 11:02:16.550,0.76645,0.76659,1.00,1.00
2017.08.07 11:02:16.651,0.76642,0.76658,1.37,1.00
2017.08.07 11:02:17.177,0.76642,0.76658,1.00,1.12
2017.08.07 11:02:18.089,0.76644,0.76658,1.00,1.12
2017.08.07 11:02:18.322,0.76646,0.76661,1.00,1.12
2017.08.07 11:02:18.373,0.76649,0.76663,1.00,1.37
2017.08.07 11:02:18.423,0.76649,0.76663,1.00,1.00
2017.08.07 11:02:19.122,0.76649,0.76665,1.00,1.12
2017.08.07 11:02:19.258,0.76649,0.76663,1.00,1.00
2017.08.07 11:02:19.835,0.7665,0.76665,1.00,1.12
2017.08.07 11:02:20.959,0.7665,0.76664,1.00,1.00
2017.08.07 11:02:21.060,0.76647,0.76662,1.00,1.00
2017.08.07 11:02:21.612,0.76648,0.76663,1.00,1.00
2017.08.07 11:02:21.775,0.76646,0.76663,1.00,1.00
2017.08.07 11:02:22.497,0.76646,0.76663,1.00,1.37
2017.08.07 11:02:23.089,0.76645,0.7666,1.12,1.00
2017.08.07 11:02:23.611,0.76646,0.76661,1.00,1.00
2017.08.07 11:02:24.152,0.76647,0.76662,1.00,1.12
2017.08.07 11:02:24.558,0.76649,0.76663,1.00,1.37
2017.08.07 11:02:25.980,0.76648,0.76663,1.00,1.37
2017.08.07 11:02:27.517,0.76648,0.76663,1.00,1.12
2017.08.07 11:02:27.966,0.76648,0.76662,1.00,1.37
2017.08.07 11:02:28.476,0.76647,0.76661,1.00,1.37
2017.08.07 11:02:29.043,0.76647,0.76661,1.00,1.37
2017.08.07 11:02:29.167,0.76647,0.76661,1.00,1.12
2017.08.07 11:02:29.699,0.76648,0.76662,1.00,1.37
2017.08.07 11:02:29.750,0.76648,0.76662,1.00,1.12
2017.08.07 11:02:29.952,0.76648,0.76665,1.00,1.12
2017.08.07 11:02:30.380,0.76647,0.76662,1.12,1.00
2017.08.07 11:02:31.352,0.76645,0.7666,1.20,1.00
2017.08.07 11:02:31.655,0.76644,0.76659,1.00,1.37
2017.08.07 11:02:32.200,0.76644,0.76659,1.00,1.00
2017.08.07 11:02:32.714,0.76643,0.76659,1.00,1.37
2017.08.07 11:02:33.045,0.76645,0.76661,1.00,3.00
2017.08.07 11:02:33.095,0.76643,0.7666,1.00,1.37
2017.08.07 11:02:33.146,0.76643,0.7666,1.00,1.37
2017.08.07 11:02:34.733,0.76643,0.7666,1.00,1.00
2017.08.07 11:02:35.917,0.76646,0.76661,1.00,1.12
2017.08.07 11:02:36.469,0.76646,0.76663,1.00,1.37
2017.08.07 11:02:36.973,0.76646,0.76661,1.00,1.00
2017.08.07 11:02:38.875,0.76646,0.76663,1.00,1.37
2017.08.07 11:02:40.235,0.76644,0.76661,1.47,1.00
2017.08.07 11:02:40.793,0.76645,0.7666,1.00,1.12
2017.08.07 11:02:41.329,0.76644,0.7666,1.00,1.12
2017.08.07 11:02:41.939,0.76643,0.7666,1.00,1.12
2017.08.07 11:02:44.445,0.76644,0.7666,1.00,1.12
2017.08.07 11:02:47.264,0.76645,0.76659,1.00,1.00
2017.08.07 11:02:47.604,0.76643,0.76657,1.00,1.37
2017.08.07 11:02:48.217,0.76642,0.76656,1.00,1.00
2017.08.07 11:02:51.987,0.76643,0.76657,1.00,1.12
2017.08.07 11:02:58.873,0.76644,0.76658,1.00,1.12
2017.08.07 11:02:59.487,0.76643,0.76657,1.00,1.00
2017.08.07 11:03:02.095,0.76643,0.76659,1.00,1.12
2017.08.07 11:03:05.039,0.76643,0.76657,1.00,1.00
2017.08.07 11:03:11.732,0.76644,0.76658,1.00,1.12
2017.08.07 11:03:12.233,0.76645,0.76659,1.00,1.12
2017.08.07 11:03:23.522,0.76646,0.76659,1.00,1.00
2017.08.07 11:03:23.623,0.76646,0.76662,1.00,1.37
2017.08.07 11:03:23.674,0.76648,0.76662,1.00,1.37
2017.08.07 11:03:24.188,0.76648,0.76662,1.00,1.00
2017.08.07 11:03:25.469,0.76648,0.76661,1.00,1.00
2017.08.07 11:03:25.520,0.76646,0.7666,1.00,1.00
2017.08.07 11:03:26.035,0.76645,0.76659,1.00,1.12
2017.08.07 11:03:26.545,0.76644,0.76658,1.00,1.00
2017.08.07 11:03:28.033,0.76643,0.7666,1.00,1.37
2017.08.07 11:03:28.134,0.76645,0.76659,1.00,1.00
2017.08.07 11:03:33.276,0.76644,0.76658,1.00,1.00
2017.08.07 11:03:37.434,0.76647,0.76661,1.00,1.37
2017.08.07 11:03:37.586,0.76648,0.76662,1.00,1.00
2017.08.07 11:03:37.637,0.7665,0.76663,1.00,1.00
2017.08.07 11:03:37.904,0.76648,0.76662,1.12,1.00
2017.08.07 11:03:38.587,0.76648,0.76664,1.12,1.00
2017.08.07 11:03:44.802,0.7665,0.76663,1.00,1.00
2017.08.07 11:03:44.853,0.7665,0.76665,1.00,1.12
2017.08.07 11:03:47.487,0.7665,0.76663,1.00,1.00
2017.08.07 11:03:52.821,0.76651,0.76664,1.00,1.00
2017.08.07 11:04:03.336,0.7665,0.76664,1.00,1.00
2017.08.07 11:04:07.948,0.76652,0.76665,1.00,1.12
2017.08.07 11:04:08.559,0.76651,0.76666,1.00,1.37
2017.08.07 11:04:11.901,0.76651,0.76665,1.00,1.37
2017.08.07 11:04:13.130,0.76652,0.76665,1.00,1.12
2017.08.07 11:04:13.675,0.76652,0.76665,1.00,1.37
2017.08.07 11:04:15.315,0.76651,0.76664,1.00,1.12
2017.08.07 11:04:15.849,0.76652,0.76665,1.00,1.37
2017.08.07 11:04:17.712,0.7665,0.76665,1.00,1.37
2017.08.07 11:04:18.113,0.76652,0.76665,1.00,1.37
2017.08.07 11:04:18.698,0.76651,0.76664,1.00,1.12
2017.08.07 11:04:21.096,0.7665,0.76663,1.00,1.00
2017.08.07 11:04:22.572,0.7665,0.76664,1.00,1.12
2017.08.07 11:04:24.075,0.7665,0.76663,1.00,1.00
2017.08.07 11:04:24.565,0.76648,0.76662,1.00,1.00
2017.08.07 11:04:24.666,0.76646,0.76662,1.12,1.00
2017.08.07 11:04:25.119,0.76646,0.7666,1.00,1.00
2017.08.07 11:04:30.103,0.76646,0.76659,1.00,1.00
2017.08.07 11:04:32.461,0.76645,0.76661,1.00,1.10
2017.08.07 11:04:32.836,0.76647,0.76662,1.00,1.10
2017.08.07 11:04:33.381,0.76646,0.76661,1.00,1.00
2017.08.07 11:04:34.159,0.76645,0.76661,1.00,1.37
2017.08.07 11:04:35.063,0.76645,0.76661,1.00,1.00
2017.08.07 11:04:37.238,0.76646,0.76659,1.00,1.00
2017.08.07 11:04:37.635,0.76644,0.76657,1.12,1.00
2017.08.07 11:04:42.182,0.76643,0.76656,1.00,1.00
2017.08.07 11:04:42.934,0.76642,0.76656,1.00,1.00
2017.08.07 11:04:43.594,0.76642,0.76655,1.00,1.00
2017.08.07 11:04:45.294,0.76642,0.76657,1.00,1.37
2017.08.07 11:04:46.323,0.76643,0.76657,1.00,1.37
2017.08.07 11:04:46.932,0.76643,0.76657,1.00,1.12
2017.08.07 11:04:52.654,0.76645,0.76658,1.00,1.37
2017.08.07 11:04:52.872,0.76647,0.76663,1.00,1.47
2017.08.07 11:04:53.535,0.76647,0.76663,1.00,1.47
2017.08.07 11:04:55.117,0.76646,0.76661,1.00,1.12
2017.08.07 11:04:56.935,0.76648,0.76661,1.00,1.12
2017.08.07 11:04:58.881,0.76648,0.76662,1.00,1.37
2017.08.07 11:05:00.209,0.76644,0.76659,1.00,1.00
2017.08.07 11:05:00.515,0.76644,0.76659,1.00,1.37
2017.08.07 11:05:01.123,0.76644,0.76659,1.00,1.37
2017.08.07 11:05:01.453,0.76643,0.76656,1.00,1.37
2017.08.07 11:05:03.732,0.76643,0.76656,1.00,1.00
2017.08.07 11:05:07.322,0.76644,0.76657,1.00,1.12
2017.08.07 11:05:35.019,0.76643,0.76657,1.00,1.12
2017.08.07 11:05:37.723,0.76643,0.76656,1.00,1.00
2017.08.07 11:05:42.389,0.76642,0.76656,1.00,1.00
2017.08.07 11:05:47.901,0.76643,0.76657,1.00,1.37
2017.08.07 11:05:52.494,0.76643,0.76658,1.00,1.37
2017.08.07 11:06:00.718,0.76641,0.76655,1.00,1.00
2017.08.07 11:06:01.262,0.76642,0.76656,1.00,1.12
2017.08.07 11:06:16.560,0.7664,0.76658,1.00,1.80
2017.08.07 11:06:16.711,0.76642,0.76657,1.00,1.37
2017.08.07 11:06:18.375,0.76641,0.76657,1.00,1.37
2017.08.07 11:06:19.161,0.76642,0.76657,1.00,1.12
2017.08.07 11:06:20.860,0.76642,0.76657,1.00,1.37
2017.08.07 11:06:21.455,0.76642,0.76657,1.00,1.37
2017.08.07 11:06:23.450,0.76642,0.76657,1.00,1.37
2017.08.07 11:06:24.168,0.76642,0.76657,1.00,1.37
2017.08.07 11:06:24.674,0.76641,0.76657,1.00,1.37
2017.08.07 11:06:25.661,0.76641,0.76657,1.00,1.47
2017.08.07 11:06:26.187,0.76641,0.76657,1.00,1.37
2017.08.07 11:06:26.390,0.76639,0.76655,1.12,1.00
2017.08.07 11:06:26.441,0.76638,0.76652,1.12,1.00
2017.08.07 11:06:26.737,0.76631,0.76647,1.00,1.00
2017.08.07 11:06:27.160,0.76634,0.76649,1.00,1.37
2017.08.07 11:06:27.837,0.76635,0.76649,1.00,1.00
2017.08.07 11:06:31.562,0.76631,0.76646,1.37,1.00
2017.08.07 11:06:31.880,0.76628,0.76642,1.00,1.00
2017.08.07 11:06:32.466,0.76628,0.76642,1.00,1.37
2017.08.07 11:06:33.065,0.76627,0.76642,1.00,1.37
2017.08.07 11:06:37.135,0.76624,0.76639,1.12,1.00
2017.08.07 11:06:37.337,0.76626,0.76642,1.00,3.00
2017.08.07 11:06:37.488,0.76626,0.76642,1.00,1.00
2017.08.07 11:06:38.186,0.76625,0.76643,1.00,1.20
2017.08.07 11:06:38.875,0.76625,0.76642,1.00,1.00
2017.08.07 11:06:39.597,0.76625,0.76641,1.00,1.00
2017.08.07 11:06:40.551,0.76627,0.76642,1.00,1.00
2017.08.07 11:06:41.245,0.76627,0.76642,1.00,1.37
2017.08.07 11:06:42.008,0.76629,0.76644,1.00,2.32
2017.08.07 11:06:42.160,0.76629,0.76645,1.00,1.47
2017.08.07 11:06:42.665,0.76628,0.76644,1.00,1.47
2017.08.07 11:06:43.273,0.76628,0.76645,1.00,1.47
2017.08.07 11:06:45.752,0.76628,0.76643,1.00,1.00
2017.08.07 11:06:48.666,0.76627,0.76645,1.12,1.47
2017.08.07 11:06:48.966,0.76629,0.76644,1.00,1.12
2017.08.07 11:06:56.905,0.76627,0.76641,1.12,1.00
2017.08.07 11:06:57.406,0.76629,0.76643,1.00,1.37
2017.08.07 11:06:57.507,0.7663,0.76644,1.00,1.12
2017.08.07 11:06:58.492,0.7663,0.76644,1.00,1.37
2017.08.07 11:06:58.543,0.76628,0.76643,1.00,1.12
2017.08.07 11:06:59.479,0.76628,0.76642,1.00,1.00
2017.08.07 11:07:00.520,0.76627,0.76642,1.00,1.00
2017.08.07 11:07:02.204,0.76628,0.76642,1.00,1.00
2017.08.07 11:07:04.216,0.76624,0.7664,1.37,1.00
2017.08.07 11:07:04.427,0.76624,0.7664,1.12,1.00
2017.08.07 11:07:05.824,0.76625,0.76641,1.00,1.37
2017.08.07 11:07:16.515,0.76623,0.76641,1.12,1.37
2017.08.07 11:07:16.616,0.76628,0.76642,1.00,1.37
2017.08.07 11:07:16.856,0.76626,0.76642,1.12,1.00
2017.08.07 11:07:17.008,0.76624,0.7664,1.72,1.00
2017.08.07 11:07:24.437,0.76624,0.76639,1.35,1.00
2017.08.07 11:07:30.242,0.76625,0.7664,1.00,1.37
2017.08.07 11:07:30.967,0.76624,0.76641,1.35,1.37
2017.08.07 11:07:35.572,0.76623,0.76641,1.35,1.37
2017.08.07 11:07:36.115,0.76623,0.76639,1.00,1.37
2017.08.07 11:07:36.666,0.76624,0.7664,1.00,1.37
2017.08.07 11:07:37.982,0.76625,0.7664,1.00,1.37
2017.08.07 11:07:40.032,0.76624,0.7664,1.00,1.37
2017.08.07 11:07:41.217,0.76626,0.76641,1.00,1.37
2017.08.07 11:07:41.419,0.76628,0.76644,1.00,1.47
2017.08.07 11:07:41.959,0.76627,0.76643,1.00,1.12
2017.08.07 11:07:44.566,0.76628,0.76644,1.00,1.47
2017.08.07 11:07:46.302,0.76628,0.76644,1.00,1.37
2017.08.07 11:07:46.913,0.76628,0.76644,1.00,1.37
2017.08.07 11:07:56.163,0.76629,0.76645,1.00,1.47
2017.08.07 11:07:58.891,0.7663,0.76646,1.00,1.47
2017.08.07 11:07:59.892,0.76629,0.76645,1.00,1.37
2017.08.07 11:08:00.418,0.7663,0.76646,1.00,1.47
2017.08.07 11:08:02.158,0.76629,0.76647,1.00,3.07
2017.08.07 11:08:03.840,0.7663,0.76645,1.00,1.37
2017.08.07 11:08:04.931,0.7663,0.76645,1.00,1.37
2017.08.07 11:08:13.961,0.76631,0.76646,1.00,1.12
2017.08.07 11:08:26.975,0.76632,0.76646,1.00,1.12
2017.08.07 11:08:27.574,0.76633,0.76647,1.00,1.37
2017.08.07 11:08:30.530,0.76632,0.76646,1.00,1.12
2017.08.07 11:08:32.200,0.76637,0.76649,1.00,1.37
2017.08.07 11:08:32.415,0.76641,0.76656,1.00,1.37
2017.08.07 11:08:32.466,0.76641,0.76656,1.35,1.12
2017.08.07 11:08:33.008,0.76642,0.76657,1.00,1.37
2017.08.07 11:08:33.543,0.76641,0.76656,1.00,1.12
2017.08.07 11:08:34.303,0.76641,0.76656,1.00,1.37
2017.08.07 11:08:39.946,0.7664,0.76658,1.00,1.47
2017.08.07 11:08:40.426,0.76642,0.76658,1.00,1.37
2017.08.07 11:08:43.045,0.76643,0.76658,1.00,1.47
2017.08.07 11:08:44.985,0.76643,0.76658,1.00,1.37
2017.08.07 11:08:45.687,0.76643,0.76658,1.00,1.37
2017.08.07 11:08:45.829,0.76643,0.76658,1.00,1.37
2017.08.07 11:08:48.906,0.76642,0.76657,1.00,1.12
2017.08.07 11:08:50.908,0.76643,0.76658,1.00,1.37
2017.08.07 11:08:56.463,0.76642,0.76658,1.00,1.37
2017.08.07 11:08:59.936,0.7664,0.76658,1.12,1.37
2017.08.07 11:09:00.467,0.7664,0.76658,1.37,1.12
2017.08.07 11:09:01.467,0.76643,0.76658,1.00,1.12
2017.08.07 11:09:02.010,0.76642,0.76658,1.00,1.12
2017.08.07 11:09:03.463,0.76643,0.76657,1.00,1.00
2017.08.07 11:09:08.143,0.76643,0.76658,1.00,1.12
2017.08.07 11:09:11.187,0.76644,0.76658,1.00,1.12
2017.08.07 11:09:11.779,0.76643,0.76658,1.00,1.12
2017.08.07 11:09:17.463,0.76643,0.76657,1.00,1.00
2017.08.07 11:09:18.966,0.76643,0.76658,1.00,1.12
2017.08.07 11:09:20.092,0.76644,0.76659,1.00,1.37
2017.08.07 11:09:21.848,0.76644,0.76659,1.00,1.12
2017.08.07 11:09:23.208,0.76643,0.76659,1.00,1.12
2017.08.07 11:09:26.050,0.76645,0.76659,1.00,1.12
2017.08.07 11:09:29.975,0.76645,0.76661,1.00,1.12
2017.08.07 11:09:30.025,0.76647,0.76661,1.00,1.12
2017.08.07 11:09:30.328,0.76651,0.76665,1.00,1.00
2017.08.07 11:09:30.989,0.76651,0.76665,1.00,1.37
2017.08.07 11:09:31.112,0.76649,0.76666,1.00,1.95
2017.08.07 11:09:34.012,0.7665,0.76666,1.00,1.87
2017.08.07 11:09:35.177,0.76649,0.76663,1.00,1.00
2017.08.07 11:09:35.941,0.76649,0.76663,1.00,1.37
2017.08.07 11:09:39.182,0.76649,0.76664,1.00,1.12
2017.08.07 11:09:39.924,0.7665,0.76664,1.00,1.12
2017.08.07 11:09:40.171,0.76652,0.76666,1.00,1.37
2017.08.07 11:09:40.323,0.76655,0.7667,1.00,1.12
2017.08.07 11:09:40.914,0.76655,0.76671,1.12,1.00
2017.08.07 11:09:41.733,0.76657,0.76671,1.00,1.00
2017.08.07 11:09:42.079,0.76655,0.76669,1.00,1.00
2017.08.07 11:09:42.990,0.7666,0.76674,1.00,1.37
2017.08.07 11:09:43.293,0.76675,0.76684,1.00,2.25
2017.08.07 11:09:43.394,0.76678,0.76692,1.00,3.75
2017.08.07 11:09:43.525,0.76678,0.76692,1.00,1.37
2017.08.07 11:09:44.078,0.76678,0.76692,1.12,1.00
2017.08.07 11:09:44.129,0.76674,0.76688,3.00,1.00
2017.08.07 11:09:44.230,0.76672,0.76686,1.37,1.00
2017.08.07 11:09:44.331,0.76671,0.76685,1.12,1.00
2017.08.07 11:09:44.875,0.76672,0.76686,1.00,1.00
2017.08.07 11:09:45.743,0.76673,0.76688,1.00,1.20
2017.08.07 11:09:45.894,0.76675,0.76689,1.00,1.00
2017.08.07 11:09:46.240,0.76678,0.76692,1.00,1.00
2017.08.07 11:09:46.906,0.76679,0.76692,1.00,1.00
2017.08.07 11:09:47.946,0.76678,0.76692,1.00,1.00
2017.08.07 11:09:49.025,0.76679,0.76693,1.00,1.00
2017.08.07 11:09:49.575,0.76681,0.76695,1.00,1.37
2017.08.07 11:09:49.878,0.76677,0.76693,1.37,1.00
2017.08.07 11:09:50.080,0.76675,0.76689,1.37,1.00
2017.08.07 11:09:50.361,0.76672,0.76686,1.00,1.12
2017.08.07 11:09:50.411,0.76676,0.7669,1.00,1.37
2017.08.07 11:09:50.525,0.76676,0.7669,1.12,1.00
2017.08.07 11:09:50.846,0.76677,0.76692,1.12,1.00
2017.08.07 11:09:51.348,0.76677,0.76693,1.12,1.00
2017.08.07 11:09:51.449,0.76679,0.76692,1.00,1.00
2017.08.07 11:09:52.590,0.76678,0.76694,1.37,1.50
2017.08.07 11:09:52.847,0.76678,0.76692,1.37,1.00
2017.08.07 11:09:53.456,0.76678,0.76692,1.12,1.00
2017.08.07 11:09:54.217,0.76679,0.76692,1.00,1.00
2017.08.07 11:09:57.142,0.76679,0.76693,1.00,1.00
2017.08.07 11:09:57.445,0.76684,0.76698,1.37,1.00
2017.08.07 11:09:58.936,0.76684,0.76698,1.12,1.00
2017.08.07 11:10:00.437,0.76683,0.76697,1.12,1.00
2017.08.07 11:10:00.823,0.7668,0.76694,1.00,1.00
2017.08.07 11:10:01.749,0.76676,0.7669,3.00,1.00
2017.08.07 11:10:01.952,0.76672,0.76686,1.00,1.00
2017.08.07 11:10:02.002,0.76674,0.76688,1.00,1.00
2017.08.07 11:10:02.364,0.76672,0.76687,2.25,1.00
2017.08.07 11:10:02.466,0.76671,0.76687,1.37,1.00
2017.08.07 11:10:02.567,0.76671,0.76687,1.12,1.00
2017.08.07 11:10:02.718,0.76673,0.76687,1.00,1.00
2017.08.07 11:10:03.123,0.76675,0.76689,1.00,1.12
2017.08.07 11:10:04.784,0.76674,0.76688,1.37,1.00
2017.08.07 11:10:05.361,0.76674,0.76688,1.12,1.00
2017.08.07 11:10:05.921,0.76673,0.76687,1.37,1.00
2017.08.07 11:10:06.520,0.76674,0.76688,1.12,1.00
2017.08.07 11:10:07.417,0.76673,0.76687,1.37,1.00
2017.08.07 11:10:07.987,0.76673,0.76687,1.12,1.00
2017.08.07 11:10:08.521,0.76672,0.76686,1.37,1.00
2017.08.07 11:10:13.879,0.76675,0.76691,1.12,1.00
2017.08.07 11:10:13.930,0.76677,0.76691,1.00,1.00
2017.08.07 11:10:17.129,0.76677,0.7669,1.12,1.00
2017.08.07 11:10:17.331,0.76676,0.76692,1.00,1.12
2017.08.07 11:10:17.583,0.76676,0.76692,1.37,1.00
2017.08.07 11:10:17.765,0.76676,0.76692,1.12,1.00
2017.08.07 11:10:18.266,0.76677,0.76693,1.00,1.50
2017.08.07 11:10:19.089,0.76678,0.76691,1.00,1.00
2017.08.07 11:10:19.417,0.7668,0.76694,1.00,1.37
2017.08.07 11:10:19.926,0.7668,0.76694,1.12,1.00
2017.08.07 11:10:20.620,0.76682,0.76698,1.00,1.37
2017.08.07 11:10:20.671,0.76684,0.76698,1.00,1.37
2017.08.07 11:10:21.184,0.76684,0.76698,1.00,1.00
2017.08.07 11:10:21.699,0.76685,0.76698,1.00,1.00
2017.08.07 11:10:21.749,0.76683,0.76699,1.00,1.12
2017.08.07 11:10:22.237,0.76682,0.76697,1.00,1.00
2017.08.07 11:10:22.549,0.76677,0.76693,3.00,1.00
2017.08.07 11:10:22.701,0.76677,0.76691,1.00,1.00
2017.08.07 11:10:23.276,0.76677,0.76691,1.37,1.00
2017.08.07 11:10:23.763,0.76679,0.76693,1.00,1.00
2017.08.07 11:10:24.658,0.7668,0.76694,1.00,1.00
2017.08.07 11:10:25.961,0.76679,0.76693,1.12,1.00
2017.08.07 11:10:27.665,0.76678,0.76692,1.12,1.00
2017.08.07 11:10:30.066,0.76676,0.76689,1.37,1.00
2017.08.07 11:10:30.229,0.76675,0.76689,1.37,1.00
2017.08.07 11:10:30.790,0.76675,0.76689,1.00,1.00
2017.08.07 11:10:31.539,0.76675,0.76688,1.00,1.00
2017.08.07 11:10:32.174,0.76674,0.76688,1.00,1.00
2017.08.07 11:10:33.736,0.76674,0.7669,1.00,1.12
2017.08.07 11:10:33.933,0.76676,0.7669,1.00,1.12
2017.08.07 11:10:34.507,0.76677,0.76691,1.00,1.00
2017.08.07 11:10:35.055,0.76676,0.7669,1.00,1.00
2017.08.07 11:10:38.330,0.76674,0.76691,1.12,1.00
2017.08.07 11:10:39.830,0.76676,0.76691,1.00,1.00
2017.08.07 11:10:42.169,0.76677,0.76691,1.00,1.12
2017.08.07 11:10:45.510,0.76675,0.76692,1.37,1.00
2017.08.07 11:10:45.811,0.76678,0.76694,1.12,1.00
2017.08.07 11:10:46.518,0.7668,0.76694,1.00,1.00
2017.08.07 11:10:47.150,0.76679,0.76693,1.00,1.00
2017.08.07 11:10:49.149,0.76679,0.76692,1.00,1.00
2017.08.07 11:10:50.280,0.76677,0.76693,1.37,1.00
2017.08.07 11:10:51.172,0.76678,0.76694,1.12,1.00
2017.08.07 11:10:53.662,0.76679,0.76693,1.00,1.00
2017.08.07 11:10:53.976,0.76683,0.76697,1.00,1.37
2017.08.07 11:10:54.027,0.76684,0.76698,1.00,1.37
2017.08.07 11:10:54.231,0.76687,0.76701,1.00,1.00
2017.08.07 11:10:55.093,0.76687,0.767,1.12,1.00
2017.08.07 11:10:55.629,0.76688,0.76702,1.00,1.00
2017.08.07 11:10:56.139,0.76688,0.76703,1.12,1.00
2017.08.07 11:10:56.533,0.76691,0.76705,1.00,1.87
2017.08.07 11:10:57.089,0.76692,0.76706,1.12,1.00
2017.08.07 11:10:57.911,0.76693,0.76707,1.00,1.00
2017.08.07 11:10:58.416,0.76691,0.76707,1.37,1.00
2017.08.07 11:10:59.309,0.76693,0.76707,1.00,1.00
2017.08.07 11:11:01.625,0.76691,0.76705,1.37,1.00
2017.08.07 11:11:01.877,0.76688,0.76702,1.12,1.00
2017.08.07 11:11:02.943,0.76688,0.76702,1.37,1.00
2017.08.07 11:11:03.044,0.76687,0.76703,1.12,1.00
2017.08.07 11:11:04.178,0.76687,0.76701,1.12,1.00
2017.08.07 11:11:09.889,0.76688,0.76701,1.00,1.00
2017.08.07 11:11:10.436,0.76688,0.76702,1.00,1.00
2017.08.07 11:11:11.440,0.76688,0.76704,1.00,1.37
2017.08.07 11:11:12.775,0.76689,0.76704,1.00,1.37
2017.08.07 11:11:12.876,0.76691,0.76708,1.00,1.37
2017.08.07 11:11:13.014,0.76691,0.76708,1.12,1.12
2017.08.07 11:11:15.433,0.76693,0.76707,1.00,1.00
2017.08.07 11:11:19.208,0.76692,0.76707,1.00,1.00
2017.08.07 11:11:20.975,0.76692,0.76706,1.00,1.00
2017.08.07 11:11:21.212,0.7669,0.76707,1.00,1.35
2017.08.07 11:11:21.263,0.7669,0.76707,1.00,1.72
2017.08.07 11:11:21.805,0.7669,0.76704,1.00,1.00
2017.08.07 11:11:24.668,0.7669,0.76706,1.00,1.37
2017.08.07 11:11:25.275,0.76691,0.76705,1.00,1.00
2017.08.07 11:11:25.968,0.76692,0.76706,1.00,1.12
2017.08.07 11:11:26.220,0.76693,0.76709,1.00,1.12
2017.08.07 11:11:26.548,0.76692,0.76707,1.12,1.00
2017.08.07 11:11:27.068,0.76691,0.76707,1.00,1.00
2017.08.07 11:11:27.940,0.76692,0.76707,1.00,1.00
2017.08.07 11:11:28.624,0.76693,0.76707,1.00,1.00
2017.08.07 11:11:29.284,0.76693,0.76708,1.00,1.00
2017.08.07 11:11:31.365,0.76695,0.76709,1.00,1.12
2017.08.07 11:11:32.448,0.76695,0.7671,1.00,1.00
2017.08.07 11:11:33.084,0.76695,0.76709,1.00,1.00
2017.08.07 11:11:33.905,0.76695,0.7671,1.00,1.00
2017.08.07 11:11:34.566,0.76694,0.7671,1.12,1.00
2017.08.07 11:11:34.898,0.76694,0.76708,1.12,1.00
2017.08.07 11:11:39.286,0.76695,0.76709,1.00,1.00
2017.08.07 11:11:44.174,0.76695,0.7671,1.00,1.00
2017.08.07 11:11:45.328,0.76695,0.76709,1.12,1.00
2017.08.07 11:11:45.939,0.76696,0.7671,1.00,1.12
2017.08.07 11:11:46.141,0.76695,0.76713,1.12,1.37
2017.08.07 11:11:46.292,0.76697,0.76711,1.00,1.00
2017.08.07 11:11:46.929,0.76698,0.76712,1.00,1.12
2017.08.07 11:11:47.977,0.76696,0.76712,1.00,1.12
2017.08.07 11:11:48.323,0.76698,0.76714,1.00,1.12
2017.08.07 11:11:48.626,0.76701,0.76717,1.00,1.37
2017.08.07 11:11:50.084,0.76699,0.76717,1.12,1.37
2017.08.07 11:11:50.749,0.76699,0.76717,1.00,1.37
2017.08.07 11:11:51.348,0.76698,0.76714,1.12,1.00
2017.08.07 11:11:51.510,0.76694,0.7671,3.00,1.00
2017.08.07 11:11:51.561,0.76695,0.76711,1.12,1.00
2017.08.07 11:11:51.662,0.76695,0.76711,1.00,1.37
2017.08.07 11:11:51.763,0.76695,0.76711,1.00,1.12
2017.08.07 11:11:52.352,0.76692,0.76713,1.37,1.37
2017.08.07 11:11:53.097,0.76694,0.76711,1.37,1.00
2017.08.07 11:11:53.759,0.76694,0.76712,1.37,1.87
2017.08.07 11:11:54.332,0.76694,0.76712,1.37,1.50
2017.08.07 11:11:57.670,0.76693,0.76711,1.37,1.00
2017.08.07 11:11:58.051,0.76693,0.76709,1.37,1.00
2017.08.07 11:11:59.334,0.76693,0.76708,1.37,1.00
2017.08.07 11:12:00.139,0.76693,0.7671,1.00,1.37
2017.08.07 11:12:00.655,0.76694,0.76709,1.12,1.00
2017.08.07 11:12:01.176,0.76694,0.7671,1.12,1.00
2017.08.07 11:12:02.318,0.76692,0.76708,1.37,1.00
2017.08.07 11:12:02.479,0.76692,0.76708,1.00,1.00
2017.08.07 11:12:03.743,0.76691,0.76707,1.12,1.00
2017.08.07 11:12:07.165,0.76692,0.76707,1.00,1.12
2017.08.07 11:12:07.500,0.76693,0.76708,1.37,1.00
2017.08.07 11:12:08.506,0.76692,0.7671,1.37,1.00
2017.08.07 11:12:08.924,0.76692,0.76708,1.37,1.00
2017.08.07 11:12:08.975,0.76692,0.7671,1.37,1.00
2017.08.07 11:12:09.228,0.76691,0.76708,1.37,1.00
2017.08.07 11:12:09.481,0.76691,0.76708,1.12,1.12
2017.08.07 11:12:10.091,0.76691,0.76708,1.00,1.37
2017.08.07 11:12:13.338,0.76691,0.76705,1.12,1.00
2017.08.07 11:12:13.626,0.76691,0.76707,1.12,1.00
2017.08.07 11:12:14.366,0.76692,0.76708,1.00,1.12
2017.08.07 11:12:14.740,0.76691,0.76707,1.00,1.37
2017.08.07 11:12:15.060,0.76691,0.76707,1.37,1.00
2017.08.07 11:12:17.826,0.76692,0.76709,1.00,1.37
2017.08.07 11:12:18.794,0.76692,0.76709,1.00,1.12
2017.08.07 11:12:18.895,0.7669,0.76706,1.00,1.00
2017.08.07 11:12:19.286,0.76693,0.76706,1.00,1.00
2017.08.07 11:12:20.012,0.76693,0.76707,1.00,1.00
2017.08.07 11:12:20.672,0.76694,0.76707,1.00,1.00
2017.08.07 11:12:23.054,0.76693,0.76709,1.00,1.12
2017.08.07 11:12:24.099,0.76695,0.76708,1.00,1.00
2017.08.07 11:12:25.364,0.76696,0.76709,1.00,1.00
2017.08.07 11:12:25.516,0.76696,0.76712,1.00,1.37
2017.08.07 11:12:25.917,0.76698,0.76712,1.00,1.00
2017.08.07 11:12:29.382,0.76698,0.76714,1.00,1.47
2017.08.07 11:12:29.913,0.76698,0.76712,1.00,1.00
2017.08.07 11:12:34.359,0.76697,0.76711,1.00,1.00
2017.08.07 11:12:39.448,0.76697,0.76713,1.00,1.12
2017.08.07 11:12:39.599,0.767,0.76714,1.00,1.12
2017.08.07 11:12:40.257,0.76701,0.76714,1.00,1.00
2017.08.07 11:12:40.540,0.767,0.76716,1.00,1.12
2017.08.07 11:12:40.692,0.76702,0.76716,1.00,1.12
2017.08.07 11:12:41.213,0.76701,0.76716,1.12,1.00
2017.08.07 11:12:42.464,0.76701,0.76717,1.12,1.12
2017.08.07 11:12:43.183,0.76701,0.76716,1.12,1.00
2017.08.07 11:12:43.723,0.76702,0.76716,1.12,1.00
2017.08.07 11:12:44.063,0.76701,0.76719,1.37,1.12
2017.08.07 11:12:44.379,0.76701,0.76717,1.37,1.00
2017.08.07 11:12:44.725,0.76701,0.76715,1.12,1.00
2017.08.07 11:12:45.302,0.76701,0.76714,1.00,1.00
2017.08.07 11:12:45.554,0.76702,0.76716,1.00,1.00
2017.08.07 11:12:47.563,0.76701,0.76716,1.12,1.00
2017.08.07 11:12:49.208,0.76701,0.7672,1.00,1.95
2017.08.07 11:12:49.359,0.76701,0.7672,1.37,1.95
2017.08.07 11:12:51.463,0.76702,0.76718,1.12,1.00
2017.08.07 11:12:52.113,0.76702,0.76719,1.12,1.12
2017.08.07 11:12:52.501,0.76704,0.7672,1.00,1.37
2017.08.07 11:12:52.710,0.76704,0.76721,1.37,1.00
2017.08.07 11:12:53.277,0.76704,0.76721,1.00,1.37
2017.08.07 11:12:53.494,0.76706,0.7672,1.00,1.12
2017.08.07 11:12:53.645,0.76703,0.76721,1.12,1.37
2017.08.07 11:12:54.171,0.76703,0.76721,1.00,1.37
2017.08.07 11:12:55.099,0.76704,0.76719,1.00,1.12
2017.08.07 11:12:58.894,0.76704,0.76718,1.00,1.00
2017.08.07 11:13:00.730,0.76704,0.76719,1.00,1.12
2017.08.07 11:13:00.948,0.767,0.76714,1.50,1.00
2017.08.07 11:13:00.999,0.76699,0.76713,1.87,1.00
2017.08.07 11:13:01.201,0.76698,0.76714,1.00,1.37
2017.08.07 11:13:01.816,0.76695,0.76711,1.12,1.00
2017.08.07 11:13:02.924,0.76697,0.7671,1.00,1.00
2017.08.07 11:13:03.075,0.76694,0.76708,1.00,1.00
2017.08.07 11:13:03.379,0.76692,0.76708,1.00,1.12
2017.08.07 11:13:04.116,0.76693,0.76709,1.00,1.00
2017.08.07 11:13:04.778,0.76693,0.76708,1.00,1.00
2017.08.07 11:13:05.439,0.76692,0.76708,1.00,1.12
2017.08.07 11:13:06.377,0.76691,0.76709,1.12,1.37
2017.08.07 11:13:07.521,0.76691,0.76709,1.00,1.37
2017.08.07 11:13:08.229,0.76693,0.76708,1.00,1.37
2017.08.07 11:13:08.638,0.76691,0.76709,1.37,1.12
2017.08.07 11:13:08.919,0.76691,0.76709,1.00,1.37
2017.08.07 11:13:09.575,0.76691,0.76709,1.12,1.37
2017.08.07 11:13:10.111,0.76692,0.76709,1.00,1.37
2017.08.07 11:13:11.862,0.76692,0.76706,1.00,1.00
2017.08.07 11:13:12.462,0.76692,0.76706,1.00,1.37
2017.08.07 11:13:13.095,0.76693,0.76707,1.00,1.37
2017.08.07 11:13:13.146,0.76691,0.76707,1.00,1.37
2017.08.07 11:13:13.683,0.76691,0.76707,1.00,1.87
2017.08.07 11:13:13.734,0.76686,0.76701,1.37,1.00
2017.08.07 11:13:13.835,0.76684,0.76699,1.12,1.00
2017.08.07 11:13:13.932,0.76686,0.767,1.00,1.00
2017.08.07 11:13:14.722,0.76686,0.76702,1.00,1.12
2017.08.07 11:13:15.168,0.76688,0.76701,1.00,1.00
2017.08.07 11:13:15.310,0.76686,0.767,1.00,1.00
2017.08.07 11:13:17.891,0.76685,0.76699,1.00,1.00
2017.08.07 11:13:18.042,0.76687,0.76701,1.00,1.12
2017.08.07 11:13:18.384,0.76684,0.76698,1.12,1.00
2017.08.07 11:13:19.405,0.76684,0.767,1.00,1.37
2017.08.07 11:13:20.155,0.76685,0.767,1.00,1.12
2017.08.07 11:13:25.425,0.76687,0.76702,1.00,1.37
2017.08.07 11:13:25.526,0.76687,0.76703,1.00,1.37
2017.08.07 11:13:26.046,0.76688,0.76704,1.00,1.37
2017.08.07 11:13:26.675,0.76688,0.76703,1.00,1.37
2017.08.07 11:13:27.028,0.76689,0.76706,1.00,1.37
2017.08.07 11:13:27.546,0.76689,0.76706,1.12,1.12
2017.08.07 11:13:28.287,0.7669,0.76706,1.00,1.12
2017.08.07 11:13:28.590,0.76692,0.76707,1.00,1.00
2017.08.07 11:13:28.792,0.7669,0.76707,1.00,1.00
2017.08.07 11:13:29.321,0.76691,0.76708,1.00,1.37
2017.08.07 11:13:30.232,0.76691,0.76708,1.37,1.00
2017.08.07 11:13:30.567,0.76691,0.76706,1.12,1.00
2017.08.07 11:13:31.327,0.76693,0.76708,1.00,1.37
2017.08.07 11:13:31.378,0.76691,0.76709,1.00,1.37
2017.08.07 11:13:31.428,0.76693,0.76708,1.00,1.37
2017.08.07 11:13:31.914,0.76691,0.76708,1.12,1.12
2017.08.07 11:13:32.442,0.76692,0.76709,1.00,1.37
2017.08.07 11:13:33.237,0.76693,0.76708,1.00,1.00
2017.08.07 11:13:33.948,0.76694,0.76709,1.00,1.12
2017.08.07 11:13:34.329,0.76691,0.76707,1.12,1.00
2017.08.07 11:13:34.940,0.76691,0.76706,1.00,1.12
2017.08.07 11:13:35.600,0.76692,0.76706,1.00,1.12
2017.08.07 11:13:36.078,0.76693,0.76711,1.00,2.70
2017.08.07 11:13:36.612,0.76691,0.76706,1.12,1.00
2017.08.07 11:13:37.238,0.7669,0.76705,1.00,1.00
2017.08.07 11:13:37.782,0.76691,0.76706,1.00,1.00
2017.08.07 11:13:38.256,0.76692,0.76709,1.12,1.12
2017.08.07 11:13:38.774,0.7669,0.76708,1.37,1.12
2017.08.07 11:13:39.661,0.76691,0.76707,1.12,1.00
2017.08.07 11:13:41.658,0.76691,0.76708,1.12,1.12
2017.08.07 11:13:42.033,0.76693,0.7671,1.00,1.37
2017.08.07 11:13:44.630,0.76691,0.76709,1.37,1.12
2017.08.07 11:13:44.957,0.76691,0.76707,1.00,1.12
2017.08.07 11:13:45.891,0.7669,0.76705,1.00,1.00
2017.08.07 11:13:45.992,0.76691,0.76707,1.00,1.12
2017.08.07 11:13:46.297,0.76691,0.7671,1.37,1.37
2017.08.07 11:13:46.992,0.7669,0.76707,1.37,1.00
2017.08.07 11:13:47.281,0.7669,0.76707,1.12,1.12
2017.08.07 11:13:48.973,0.7669,0.76707,1.00,1.37
2017.08.07 11:13:49.512,0.7669,0.76708,1.12,1.37
2017.08.07 11:13:49.822,0.76694,0.76709,1.00,1.37
2017.08.07 11:13:49.977,0.76694,0.76709,1.00,1.00
2017.08.07 11:13:50.128,0.76693,0.76707,1.12,1.00
2017.08.07 11:13:52.549,0.76691,0.76707,1.12,1.00
2017.08.07 11:13:53.179,0.76691,0.76706,1.00,1.00
2017.08.07 11:13:53.230,0.7669,0.76704,1.12,1.00
2017.08.07 11:13:53.535,0.76686,0.767,1.00,1.12
2017.08.07 11:13:54.289,0.76685,0.767,1.00,1.12
2017.08.07 11:13:54.806,0.76686,0.76701,1.00,1.37
2017.08.07 11:13:55.426,0.76686,0.76701,1.00,1.00
2017.08.07 11:13:56.311,0.76687,0.76702,1.00,1.00
2017.08.07 11:13:56.840,0.76686,0.76702,1.12,1.00
2017.08.07 11:13:57.497,0.76685,0.76704,1.47,1.37
2017.08.07 11:13:57.887,0.76686,0.767,1.12,1.00
2017.08.07 11:13:58.941,0.76687,0.76703,1.00,1.37
2017.08.07 11:13:59.144,0.76686,0.76705,1.12,1.37
2017.08.07 11:13:59.245,0.76686,0.76705,1.12,1.12
2017.08.07 11:13:59.511,0.76688,0.76702,1.00,1.00
2017.08.07 11:13:59.814,0.7669,0.76704,1.00,1.37
2017.08.07 11:14:00.130,0.76686,0.76701,1.12,1.00
2017.08.07 11:14:00.332,0.76686,0.767,1.00,1.37
2017.08.07 11:14:01.093,0.76685,0.767,1.00,1.37
2017.08.07 11:14:02.240,0.76686,0.767,1.00,1.37
2017.08.07 11:14:02.543,0.76688,0.76702,1.00,1.12
2017.08.07 11:14:02.695,0.76688,0.76704,1.00,1.12
2017.08.07 11:14:03.078,0.76686,0.76702,1.00,1.00
2017.08.07 11:14:03.428,0.76687,0.76702,1.00,1.37
2017.08.07 11:14:03.630,0.76687,0.76705,1.00,1.37
2017.08.07 11:14:04.182,0.76687,0.76705,1.12,1.37
2017.08.07 11:14:04.867,0.76688,0.76705,1.00,1.37
2017.08.07 11:14:07.187,0.7669,0.76707,1.00,2.25
2017.08.07 11:14:07.440,0.76692,0.76707,1.00,1.12
2017.08.07 11:14:08.608,0.76693,0.76707,1.00,1.12
2017.08.07 11:14:12.330,0.76692,0.7671,1.00,1.37
2017.08.07 11:14:12.683,0.76693,0.7671,1.00,1.12
2017.08.07 11:14:12.868,0.76695,0.76711,1.00,1.12
2017.08.07 11:14:13.500,0.76697,0.76712,1.00,1.37
2017.08.07 11:14:14.003,0.76697,0.76712,1.00,1.12
2017.08.07 11:14:15.307,0.76695,0.76713,1.12,1.37
2017.08.07 11:14:17.354,0.76694,0.7671,1.12,1.00
2017.08.07 11:14:17.677,0.76693,0.76708,1.00,1.00
2017.08.07 11:14:17.980,0.7669,0.76707,1.12,1.12
2017.08.07 11:14:18.662,0.7669,0.76707,1.00,1.37
2017.08.07 11:14:19.344,0.76691,0.76707,1.00,1.37
2017.08.07 11:14:20.004,0.7669,0.76707,1.00,1.37
2017.08.07 11:14:21.044,0.76689,0.76704,1.12,1.00
2017.08.07 11:14:21.196,0.76685,0.76702,1.37,1.00
2017.08.07 11:14:21.342,0.76682,0.76698,1.12,1.00
2017.08.07 11:14:21.646,0.76679,0.76694,1.00,1.00
2017.08.07 11:14:21.973,0.76679,0.76694,1.00,1.37
2017.08.07 11:14:22.175,0.76679,0.76694,1.00,1.12
2017.08.07 11:14:22.277,0.76681,0.76696,1.00,1.37
2017.08.07 11:14:22.593,0.76682,0.76697,1.00,1.00
2017.08.07 11:14:23.354,0.76683,0.76697,1.00,1.00
2017.08.07 11:14:23.882,0.76681,0.76698,1.00,1.12
2017.08.07 11:14:24.607,0.76682,0.76698,1.00,1.37
2017.08.07 11:14:25.274,0.76682,0.76696,1.00,1.00
2017.08.07 11:14:25.325,0.7668,0.76695,1.12,1.00
2017.08.07 11:14:25.375,0.76678,0.76693,1.00,1.00
2017.08.07 11:14:25.721,0.76676,0.76693,1.00,1.37
2017.08.07 11:14:26.346,0.76677,0.76691,1.00,1.12
2017.08.07 11:14:26.548,0.76675,0.76691,1.00,1.37
2017.08.07 11:14:27.159,0.76674,0.76689,1.00,1.12
2017.08.07 11:14:27.678,0.76673,0.76688,1.00,1.00
2017.08.07 11:14:28.411,0.76674,0.7669,1.00,1.37
2017.08.07 11:14:29.022,0.76674,0.7669,1.00,1.12
2017.08.07 11:14:29.285,0.76676,0.76693,1.00,1.37
2017.08.07 11:14:29.827,0.76676,0.76693,1.12,1.12
2017.08.07 11:14:30.178,0.76679,0.76694,1.00,1.37
2017.08.07 11:14:31.004,0.76679,0.76694,1.00,1.00
2017.08.07 11:14:33.249,0.76679,0.76696,1.00,1.72
2017.08.07 11:14:33.552,0.76681,0.76696,1.00,1.00
2017.08.07 11:14:35.161,0.7668,0.76695,1.00,1.00
2017.08.07 11:14:35.933,0.76681,0.76696,1.00,1.12
2017.08.07 11:14:37.045,0.7668,0.76695,1.12,1.00
2017.08.07 11:14:40.928,0.7668,0.76694,1.00,1.00
2017.08.07 11:14:41.029,0.76678,0.76693,1.12,1.00
2017.08.07 11:14:42.160,0.76678,0.76692,1.00,1.00
2017.08.07 11:14:42.711,0.76677,0.76691,1.00,1.00
2017.08.07 11:14:44.339,0.76678,0.76692,1.00,1.37
2017.08.07 11:14:44.897,0.76678,0.76692,1.00,1.12
2017.08.07 11:14:45.754,0.76678,0.76693,1.00,1.12
2017.08.07 11:14:46.313,0.76678,0.76694,1.00,1.12
2017.08.07 11:14:46.881,0.76678,0.76695,1.12,1.12
2017.08.07 11:14:48.848,0.76679,0.76694,1.00,1.00
2017.08.07 11:14:49.674,0.76678,0.76695,1.00,1.37
2017.08.07 11:14:50.240,0.76679,0.76694,1.00,1.00
2017.08.07 11:14:52.728,0.76678,0.76695,1.00,1.12
2017.08.07 11:14:52.829,0.76679,0.76696,1.00,1.47
2017.08.07 11:14:53.582,0.76678,0.76694,1.00,1.12
2017.08.07 11:14:54.115,0.76677,0.76693,1.12,1.00
2017.08.07 11:14:54.624,0.76679,0.76695,1.00,1.37
2017.08.07 11:14:55.151,0.7668,0.76695,1.00,1.00
2017.08.07 11:14:56.782,0.76678,0.76695,1.37,1.00
2017.08.07 11:14:57.159,0.76676,0.76693,1.37,1.00
2017.08.07 11:14:57.261,0.76676,0.76693,1.00,1.12
2017.08.07 11:14:57.597,0.76674,0.76692,1.12,1.00
2017.08.07 11:14:59.053,0.76676,0.76692,1.00,1.00
2017.08.07 11:14:59.645,0.76676,0.76692,1.37,1.00
2017.08.07 11:15:00.386,0.76676,0.76692,1.00,1.00
2017.08.07 11:15:00.716,0.76673,0.76689,1.37,1.00
2017.08.07 11:15:00.767,0.76673,0.76689,1.00,1.12
2017.08.07 11:15:00.817,0.76673,0.76687,1.00,1.00
2017.08.07 11:15:01.616,0.76672,0.76687,1.00,1.12
2017.08.07 11:15:02.830,0.76672,0.76686,1.00,1.00
2017.08.07 11:15:04.817,0.76672,0.76687,1.00,1.12
2017.08.07 11:15:05.874,0.76673,0.76688,1.00,1.00
2017.08.07 11:15:06.656,0.76673,0.76688,1.00,1.37
2017.08.07 11:15:07.469,0.76673,0.76688,1.00,1.00
2017.08.07 11:15:08.862,0.76673,0.76687,1.00,1.00
2017.08.07 11:15:09.088,0.76672,0.76689,1.00,1.00
2017.08.07 11:15:09.239,0.76674,0.76689,1.00,1.00
2017.08.07 11:15:11.512,0.76674,0.76688,1.00,1.00
2017.08.07 11:15:12.249,0.76672,0.76688,1.00,1.00
2017.08.07 11:15:12.996,0.76672,0.76688,1.00,1.37
2017.08.07 11:15:13.099,0.76673,0.7669,1.00,1.12
2017.08.07 11:15:13.377,0.76675,0.7669,1.00,1.12
2017.08.07 11:15:13.878,0.76674,0.76689,1.00,1.00
2017.08.07 11:15:14.674,0.76674,0.7669,1.00,1.12
2017.08.07 11:15:16.909,0.76675,0.76691,1.00,1.37
2017.08.07 11:15:17.090,0.76676,0.76693,1.12,1.12
2017.08.07 11:15:17.622,0.76676,0.76693,1.37,1.00
2017.08.07 11:15:19.669,0.76676,0.76693,1.12,1.12
2017.08.07 11:15:22.058,0.76676,0.76692,1.12,1.00
2017.08.07 11:15:22.159,0.76676,0.76694,1.12,1.00
2017.08.07 11:15:22.260,0.76679,0.76695,1.00,1.12
2017.08.07 11:15:22.893,0.76679,0.76697,1.12,1.45
2017.08.07 11:15:23.542,0.76681,0.76696,1.00,1.20
2017.08.07 11:15:24.113,0.76681,0.76698,1.00,1.87
2017.08.07 11:15:24.649,0.7668,0.76697,1.12,1.12
2017.08.07 11:15:25.171,0.76681,0.76697,1.00,1.37
2017.08.07 11:15:26.042,0.76681,0.76695,1.00,1.00
2017.08.07 11:15:27.605,0.7668,0.76697,1.00,1.37
2017.08.07 11:15:28.835,0.76678,0.76692,1.12,1.00
2017.08.07 11:15:29.594,0.76677,0.76692,1.00,1.37
2017.08.07 11:15:29.928,0.76681,0.76695,1.00,1.12
2017.08.07 11:15:30.755,0.76681,0.76694,1.00,1.00
2017.08.07 11:15:31.179,0.76679,0.76695,1.00,1.12
2017.08.07 11:15:32.099,0.76677,0.76693,1.37,1.00
2017.08.07 11:15:32.550,0.76677,0.76691,1.00,1.00
2017.08.07 11:15:33.138,0.76676,0.76691,1.00,1.00
2017.08.07 11:15:34.050,0.76677,0.76691,1.00,1.00
2017.08.07 11:15:34.551,0.76677,0.7669,1.00,1.00
2017.08.07 11:15:35.212,0.76677,0.76691,1.00,1.00
2017.08.07 11:15:37.549,0.76675,0.7669,1.37,1.00
2017.08.07 11:15:38.105,0.76675,0.76689,1.00,1.00
2017.08.07 11:15:38.617,0.76674,0.76691,1.00,1.37
2017.08.07 11:15:40.215,0.76673,0.76689,1.12,1.00
2017.08.07 11:15:41.768,0.76675,0.76689,1.00,1.00
2017.08.07 11:15:42.281,0.76675,0.7669,1.00,1.12
2017.08.07 11:15:43.088,0.76676,0.7669,1.00,1.12
2017.08.07 11:15:52.314,0.76675,0.76689,1.12,1.00
2017.08.07 11:15:52.365,0.76675,0.76691,1.12,1.00
2017.08.07 11:15:52.466,0.76675,0.76689,1.12,1.00
2017.08.07 11:15:52.759,0.76675,0.76691,1.12,1.00
2017.08.07 11:15:53.677,0.76677,0.76692,1.00,1.12
2017.08.07 11:15:54.360,0.76677,0.76691,1.00,1.12
2017.08.07 11:15:54.880,0.76676,0.76691,1.00,1.00
2017.08.07 11:15:55.971,0.76677,0.76691,1.00,1.00
2017.08.07 11:15:57.436,0.76676,0.76691,1.12,1.00
2017.08.07 11:15:58.390,0.76675,0.76691,1.12,1.00
2017.08.07 11:15:59.475,0.76674,0.76691,1.12,1.12
2017.08.07 11:16:03.271,0.76676,0.7669,1.00,1.00
2017.08.07 11:16:05.799,0.76676,0.76691,1.00,1.12
2017.08.07 11:16:06.410,0.76677,0.76691,1.00,1.00
2017.08.07 11:16:20.394,0.76676,0.76693,1.00,1.37
2017.08.07 11:16:20.718,0.76683,0.76697,1.00,3.00
2017.08.07 11:16:20.769,0.76681,0.76697,1.00,3.00
2017.08.07 11:16:20.820,0.76681,0.76697,1.00,1.00
2017.08.07 11:16:20.871,0.7668,0.76694,1.00,1.00
2017.08.07 11:16:21.389,0.76678,0.76694,1.00,1.12
2017.08.07 11:16:21.890,0.76679,0.76695,1.00,1.00
2017.08.07 11:16:22.246,0.76681,0.76697,1.00,1.37
2017.08.07 11:16:22.347,0.76682,0.76698,1.00,1.12
2017.08.07 11:16:22.940,0.76682,0.767,1.12,1.37
2017.08.07 11:16:23.480,0.76682,0.76698,1.12,1.00
2017.08.07 11:16:23.531,0.76685,0.767,1.00,1.37
2017.08.07 11:16:24.050,0.76685,0.767,1.00,1.00
2017.08.07 11:16:25.515,0.76685,0.76701,1.00,1.00
2017.08.07 11:16:26.461,0.76683,0.76699,1.12,1.00
2017.08.07 11:16:27.072,0.76682,0.76699,1.12,1.12
2017.08.07 11:16:27.670,0.76683,0.76699,1.00,1.12
2017.08.07 11:16:29.245,0.76684,0.76699,1.00,1.12
2017.08.07 11:16:29.856,0.76684,0.76701,1.12,1.12
2017.08.07 11:16:29.906,0.76683,0.76699,1.37,1.00
2017.08.07 11:16:30.424,0.76683,0.76699,1.00,1.12
2017.08.07 11:16:30.803,0.76681,0.76697,1.37,1.00
2017.08.07 11:16:31.361,0.76681,0.76696,1.00,1.00
2017.08.07 11:16:32.435,0.7668,0.76696,1.12,1.00
2017.08.07 11:16:34.252,0.76681,0.76696,1.00,1.00
2017.08.07 11:16:34.404,0.76682,0.76698,1.00,1.12
2017.08.07 11:16:39.737,0.76679,0.76694,1.87,1.00
2017.08.07 11:16:39.838,0.76678,0.76696,1.37,1.00
2017.08.07 11:16:40.182,0.76679,0.76694,1.37,1.00
2017.08.07 11:16:40.864,0.76681,0.76697,1.00,1.72
2017.08.07 11:16:41.063,0.7668,0.76695,1.12,1.00
2017.08.07 11:16:41.693,0.7668,0.76697,1.12,1.37
2017.08.07 11:16:42.267,0.7668,0.76695,1.00,1.00
2017.08.07 11:16:42.803,0.76679,0.76695,1.12,1.00
2017.08.07 11:16:46.913,0.76679,0.76697,1.12,1.37
2017.08.07 11:16:47.250,0.76682,0.76698,1.00,1.37
2017.08.07 11:16:47.301,0.76682,0.76698,1.00,1.00
2017.08.07 11:16:47.843,0.76682,0.76696,1.00,1.00
2017.08.07 11:16:47.994,0.76682,0.76698,1.00,1.12
2017.08.07 11:16:48.247,0.76682,0.76696,1.00,1.00
2017.08.07 11:16:48.894,0.76682,0.76698,1.00,1.00
2017.08.07 11:16:49.559,0.76683,0.76699,1.00,1.00
2017.08.07 11:16:50.600,0.76683,0.76698,1.00,1.00
2017.08.07 11:16:51.141,0.76682,0.76697,1.37,1.00
2017.08.07 11:16:51.192,0.7668,0.76696,1.37,1.00
2017.08.07 11:16:51.394,0.76676,0.76692,1.37,1.00
2017.08.07 11:16:51.596,0.76677,0.76693,1.12,1.00
2017.08.07 11:16:52.371,0.76677,0.76693,1.00,1.37
2017.08.07 11:16:53.058,0.76677,0.76693,1.00,1.12
2017.08.07 11:16:53.395,0.76678,0.76695,1.12,1.12
2017.08.07 11:16:54.025,0.76679,0.76692,1.00,1.00
2017.08.07 11:16:54.328,0.76677,0.76691,1.00,1.00
2017.08.07 11:16:56.715,0.76675,0.76694,1.37,1.37
2017.08.07 11:16:57.493,0.76675,0.76692,1.12,1.12
2017.08.07 11:16:58.570,0.76676,0.76692,1.00,1.00
2017.08.07 11:16:59.146,0.76676,0.76691,1.12,1.00
2017.08.07 11:16:59.815,0.76679,0.76693,1.00,1.12
2017.08.07 11:17:01.369,0.76678,0.76694,1.00,1.12
2017.08.07 11:17:03.156,0.76678,0.76695,1.12,1.12
2017.08.07 11:17:05.015,0.76679,0.76695,1.00,1.12
2017.08.07 11:17:06.857,0.7668,0.76695,1.00,1.12
2017.08.07 11:17:07.260,0.76683,0.76699,1.00,1.37
2017.08.07 11:17:07.796,0.76683,0.76697,1.00,1.00
2017.08.07 11:17:08.532,0.76681,0.76697,1.37,1.00
2017.08.07 11:17:09.508,0.76681,0.76699,1.37,1.12
2017.08.07 11:17:10.647,0.76682,0.76697,1.12,1.00
2017.08.07 11:17:15.788,0.7668,0.76696,1.87,1.00
2017.08.07 11:17:15.890,0.76678,0.76694,1.00,1.00
2017.08.07 11:17:16.404,0.76678,0.76694,1.00,1.37
2017.08.07 11:17:16.828,0.76676,0.76694,1.87,1.72
2017.08.07 11:17:18.936,0.76679,0.76695,1.00,1.37
2017.08.07 11:17:19.087,0.7668,0.76696,1.00,1.12
2017.08.07 11:17:20.204,0.7668,0.76698,1.12,1.37
2017.08.07 11:17:20.760,0.76681,0.76697,1.00,1.00
2017.08.07 11:17:22.020,0.76681,0.76696,1.00,1.00
2017.08.07 11:17:22.576,0.7668,0.76695,1.00,1.00
2017.08.07 11:17:22.627,0.76678,0.76694,1.00,1.00
2017.08.07 11:17:23.145,0.76679,0.76694,1.00,1.12
2017.08.07 11:17:23.819,0.76679,0.76695,1.00,1.12
2017.08.07 11:17:24.844,0.7668,0.76696,1.00,1.37
2017.08.07 11:17:25.360,0.76681,0.76697,1.00,1.37
2017.08.07 11:17:25.868,0.76682,0.76697,1.00,1.37
2017.08.07 11:17:26.467,0.76682,0.76697,1.00,1.00
2017.08.07 11:17:27.067,0.76681,0.76697,1.12,1.00
2017.08.07 11:17:28.687,0.7668,0.76697,1.12,1.12
2017.08.07 11:17:28.788,0.7668,0.76697,1.00,1.37
2017.08.07 11:17:29.321,0.76682,0.767,1.50,1.37
2017.08.07 11:17:29.372,0.76684,0.76701,1.00,2.25
2017.08.07 11:17:29.523,0.76684,0.76702,1.00,1.37
2017.08.07 11:17:30.494,0.76685,0.76702,1.00,1.37
2017.08.07 11:17:30.821,0.76685,0.76703,1.50,1.37
2017.08.07 11:17:31.854,0.76686,0.76703,1.00,1.37
2017.08.07 11:17:32.382,0.76686,0.76705,1.87,1.45
2017.08.07 11:17:32.916,0.76686,0.76705,1.00,1.95
2017.08.07 11:17:33.395,0.76686,0.76705,1.87,1.45
2017.08.07 11:17:33.920,0.76687,0.76706,1.00,1.45
2017.08.07 11:17:34.105,0.76689,0.76704,1.00,1.00
2017.08.07 11:17:34.384,0.7669,0.76706,1.00,1.00
2017.08.07 11:17:35.042,0.7669,0.76707,1.12,1.12
2017.08.07 11:17:35.582,0.76689,0.76707,1.12,1.47
2017.08.07 11:17:36.092,0.7669,0.76708,1.00,1.45
2017.08.07 11:17:37.043,0.76689,0.76708,1.12,1.47
2017.08.07 11:17:37.995,0.7669,0.76707,1.00,1.47
2017.08.07 11:17:39.025,0.76689,0.76708,1.12,1.37
2017.08.07 11:17:39.535,0.76688,0.76704,1.37,1.00
2017.08.07 11:17:39.838,0.76691,0.76709,1.00,1.45
2017.08.07 11:17:39.940,0.76691,0.76709,1.37,1.12
2017.08.07 11:17:40.489,0.76693,0.76708,1.00,1.00
2017.08.07 11:17:40.992,0.76692,0.76708,1.12,1.00
2017.08.07 11:17:42.043,0.76693,0.76709,1.00,1.20
2017.08.07 11:17:42.792,0.76692,0.76708,1.12,1.00
2017.08.07 11:17:43.386,0.76692,0.76708,1.37,1.00
2017.08.07 11:17:43.897,0.76693,0.76709,1.37,1.00
2017.08.07 11:17:44.413,0.76693,0.76709,1.00,1.00
2017.08.07 11:17:44.951,0.76693,0.76709,1.37,1.00
2017.08.07 11:17:45.489,0.76691,0.7671,1.37,1.10
2017.08.07 11:17:45.540,0.76692,0.76707,1.37,1.00
2017.08.07 11:17:45.742,0.76691,0.76706,1.12,1.00
2017.08.07 11:17:46.594,0.76692,0.76707,1.00,1.00
2017.08.07 11:17:48.837,0.76691,0.76706,1.12,1.00
2017.08.07 11:17:49.040,0.76689,0.76705,1.12,1.00
2017.08.07 11:17:50.038,0.76689,0.76703,1.00,1.00
2017.08.07 11:17:51.305,0.76688,0.76703,1.00,1.00
2017.08.07 11:17:53.617,0.76686,0.76703,1.37,1.00
2017.08.07 11:17:54.973,0.76686,0.76703,1.00,1.37
2017.08.07 11:17:56.254,0.76686,0.76701,1.00,1.00
2017.08.07 11:17:57.764,0.76685,0.767,1.00,1.00
2017.08.07 11:17:58.188,0.76687,0.76702,1.00,1.00
2017.08.07 11:18:00.331,0.76686,0.76701,1.00,1.00
2017.08.07 11:18:01.097,0.76685,0.767,1.00,1.00
2017.08.07 11:18:01.840,0.76684,0.76699,1.00,1.00
2017.08.07 11:18:02.747,0.76685,0.767,1.00,1.12
2017.08.07 11:18:03.748,0.76684,0.767,1.12,1.00
2017.08.07 11:18:07.600,0.76682,0.76701,1.37,1.12
2017.08.07 11:18:09.236,0.76686,0.76702,1.00,1.37
2017.08.07 11:18:09.388,0.76687,0.76703,1.00,1.00
2017.08.07 11:18:09.911,0.76685,0.76703,1.37,1.12
2017.08.07 11:18:10.725,0.76686,0.76701,1.12,1.00
2017.08.07 11:18:11.283,0.76683,0.76701,1.37,1.12
2017.08.07 11:18:11.828,0.76685,0.767,1.00,1.00
2017.08.07 11:18:12.361,0.76684,0.767,1.12,1.00
2017.08.07 11:18:16.421,0.76683,0.76699,1.12,1.00
2017.08.07 11:18:20.043,0.76683,0.767,1.12,1.12
2017.08.07 11:18:20.667,0.76683,0.767,1.37,1.00
2017.08.07 11:18:22.466,0.76685,0.76701,1.00,1.12
2017.08.07 11:18:23.025,0.76686,0.76702,1.12,1.00
2017.08.07 11:18:24.233,0.76686,0.76703,1.12,1.12
2017.08.07 11:18:24.385,0.76688,0.76705,1.00,1.37
2017.08.07 11:18:24.536,0.76688,0.76705,1.00,1.00
2017.08.07 11:18:24.687,0.7669,0.76706,1.00,1.12
2017.08.07 11:18:25.288,0.7669,0.76707,1.12,1.12
2017.08.07 11:18:26.047,0.76691,0.76708,1.00,1.37
2017.08.07 11:18:26.657,0.76691,0.76708,1.12,1.12
2017.08.07 11:18:28.140,0.76693,0.76708,1.00,1.12
2017.08.07 11:18:28.442,0.76695,0.76712,1.37,1.00
2017.08.07 11:18:28.772,0.76699,0.76714,1.00,1.00
2017.08.07 11:18:28.975,0.76697,0.76714,1.72,1.12
2017.08.07 11:18:29.025,0.76697,0.76714,1.00,1.37
2017.08.07 11:18:29.328,0.76703,0.76718,1.00,1.12
2017.08.07 11:18:29.817,0.76708,0.76723,1.00,1.37
2017.08.07 11:18:29.868,0.76708,0.76723,1.00,1.12
2017.08.07 11:18:29.919,0.7671,0.76725,1.00,1.37
2017.08.07 11:18:29.969,0.7671,0.76725,1.00,1.00
2017.08.07 11:18:30.774,0.76711,0.76726,1.00,1.37
2017.08.07 11:18:31.019,0.76716,0.76729,1.00,2.25
2017.08.07 11:18:31.170,0.76716,0.76731,1.00,1.37
2017.08.07 11:18:31.372,0.76714,0.76729,1.00,1.00
2017.08.07 11:18:32.022,0.76715,0.76731,1.00,1.37
2017.08.07 11:18:32.174,0.76716,0.76732,1.00,1.37
2017.08.07 11:18:32.375,0.76713,0.76728,1.37,1.00
2017.08.07 11:18:32.559,0.7671,0.76725,1.00,1.00
2017.08.07 11:18:33.014,0.76712,0.76727,1.00,1.37
2017.08.07 11:18:33.536,0.76711,0.76725,1.00,1.00
2017.08.07 11:18:33.638,0.76708,0.76724,1.37,1.00
2017.08.07 11:18:33.840,0.76707,0.76725,1.12,1.45
2017.08.07 11:18:34.391,0.76707,0.76725,1.00,1.45
2017.08.07 11:18:34.856,0.76707,0.76725,1.12,1.47
2017.08.07 11:18:35.195,0.76707,0.76722,1.12,1.00
2017.08.07 11:18:35.725,0.76708,0.76723,1.00,1.00
2017.08.07 11:18:37.151,0.76708,0.76722,1.00,1.00
2017.08.07 11:18:37.354,0.76706,0.76721,1.12,1.00
2017.08.07 11:18:37.749,0.76708,0.76724,1.00,1.57
2017.08.07 11:18:37.984,0.76708,0.76724,1.00,1.20
2017.08.07 11:18:38.585,0.76707,0.76723,1.12,1.00
2017.08.07 11:18:40.338,0.76707,0.76722,1.00,1.00
2017.08.07 11:18:40.439,0.7671,0.76726,1.00,1.37
2017.08.07 11:18:40.656,0.76713,0.76728,1.00,1.12
2017.08.07 11:18:41.488,0.76712,0.76726,1.00,1.00
2017.08.07 11:18:41.539,0.76708,0.76726,1.37,1.00
2017.08.07 11:18:41.640,0.76709,0.76724,1.37,1.00
2017.08.07 11:18:42.218,0.76709,0.76724,1.00,1.12
2017.08.07 11:18:42.878,0.76708,0.76723,1.00,1.00
2017.08.07 11:18:43.864,0.76708,0.76724,1.00,1.12
2017.08.07 11:18:45.363,0.76708,0.76724,1.37,1.00
2017.08.07 11:18:46.180,0.76708,0.76724,1.12,1.00
2017.08.07 11:18:48.136,0.76709,0.76724,1.00,1.00
2017.08.07 11:18:49.107,0.76709,0.76725,1.00,1.12
2017.08.07 11:18:50.623,0.7671,0.76727,1.00,1.12
2017.08.07 11:18:50.724,0.76711,0.76727,1.00,1.37
2017.08.07 11:18:50.826,0.76712,0.76728,1.00,1.37
2017.08.07 11:18:51.477,0.7671,0.76728,1.37,1.00
2017.08.07 11:18:51.988,0.7671,0.76728,1.12,1.37
2017.08.07 11:18:52.913,0.76712,0.76728,1.00,1.37
2017.08.07 11:18:53.441,0.76712,0.76728,1.00,1.00
2017.08.07 11:18:54.318,0.76711,0.76727,1.00,1.00
2017.08.07 11:18:54.763,0.76713,0.76728,1.00,1.00
2017.08.07 11:18:55.175,0.76715,0.76732,1.00,1.37
2017.08.07 11:18:55.751,0.76715,0.76731,1.00,1.12
2017.08.07 11:18:57.919,0.76714,0.7673,1.00,1.00
2017.08.07 11:18:58.020,0.76712,0.76729,1.12,1.00
2017.08.07 11:18:58.678,0.76712,0.76729,1.00,1.37
2017.08.07 11:18:59.203,0.76712,0.76729,1.12,1.12
2017.08.07 11:18:59.748,0.76714,0.76729,1.00,1.12
2017.08.07 11:19:00.524,0.76713,0.76728,1.00,1.00
2017.08.07 11:19:01.451,0.76714,0.76728,1.00,1.00
2017.08.07 11:19:03.630,0.76714,0.76729,1.00,1.12
2017.08.07 11:19:04.186,0.76715,0.76729,1.00,1.12
2017.08.07 11:19:04.443,0.76715,0.76732,1.12,1.12
2017.08.07 11:19:05.045,0.76715,0.76732,1.00,1.37
2017.08.07 11:19:05.886,0.76715,0.76729,1.12,1.00
2017.08.07 11:19:06.649,0.76714,0.76728,1.00,1.00
2017.08.07 11:19:07.186,0.76713,0.7673,1.00,1.37
2017.08.07 11:19:07.742,0.76713,0.7673,1.00,1.37
2017.08.07 11:19:08.946,0.76713,0.76729,1.00,1.00
2017.08.07 11:19:09.249,0.76713,0.76729,1.00,1.37
2017.08.07 11:19:10.845,0.76712,0.76727,1.00,1.12
2017.08.07 11:19:20.482,0.76711,0.76728,1.00,1.37
2017.08.07 11:19:20.782,0.76709,0.76727,1.12,1.37
2017.08.07 11:19:21.225,0.76709,0.76727,1.37,1.00
2017.08.07 11:19:21.927,0.76712,0.76727,1.00,1.12
2017.08.07 11:19:23.382,0.76711,0.76727,1.00,1.12
2017.08.07 11:19:23.685,0.76714,0.7673,1.12,1.00
2017.08.07 11:19:24.547,0.76715,0.76731,1.00,1.12
2017.08.07 11:19:25.095,0.76713,0.76731,1.45,1.00
2017.08.07 11:19:25.663,0.76715,0.76731,1.47,1.00
2017.08.07 11:19:26.184,0.76715,0.76731,1.12,1.12
2017.08.07 11:19:28.038,0.76716,0.76732,1.00,1.37
2017.08.07 11:19:28.598,0.76717,0.76732,1.00,1.12
2017.08.07 11:19:29.099,0.76718,0.76735,1.00,1.37
2017.08.07 11:19:29.633,0.76717,0.76733,1.00,1.12
2017.08.07 11:19:30.183,0.76722,0.76737,1.00,1.37
2017.08.07 11:19:30.436,0.76727,0.76743,1.00,3.00
2017.08.07 11:19:30.487,0.76725,0.76741,1.00,1.37
2017.08.07 11:19:30.588,0.76723,0.76739,1.12,1.00
2017.08.07 11:19:30.739,0.76719,0.76736,1.37,1.00
2017.08.07 11:19:30.841,0.76717,0.76734,1.37,1.00
2017.08.07 11:19:30.942,0.76717,0.76734,1.00,1.95
2017.08.07 11:19:31.528,0.76716,0.76732,1.00,1.37
2017.08.07 11:19:31.911,0.7672,0.76735,1.00,1.37
2017.08.07 11:19:32.012,0.76718,0.76734,1.00,1.37
2017.08.07 11:19:32.628,0.76717,0.76733,1.00,1.37
2017.08.07 11:19:33.098,0.76717,0.76734,1.00,1.12
2017.08.07 11:19:33.475,0.76719,0.76735,1.00,1.37
2017.08.07 11:19:33.778,0.76721,0.76737,1.00,1.37
2017.08.07 11:19:33.980,0.76719,0.76735,1.00,1.12
2017.08.07 11:19:34.232,0.76718,0.76734,1.00,1.37
2017.08.07 11:19:34.769,0.76719,0.76734,1.00,1.37
2017.08.07 11:19:35.021,0.76719,0.76734,1.00,1.00
2017.08.07 11:19:35.570,0.76718,0.76734,1.00,1.37
2017.08.07 11:19:36.080,0.76719,0.76734,1.00,1.37
2017.08.07 11:19:37.116,0.76718,0.76733,1.00,1.12
2017.08.07 11:19:38.724,0.76717,0.76735,1.00,1.37
2017.08.07 11:19:39.620,0.76719,0.76734,1.00,1.37
2017.08.07 11:19:40.149,0.76718,0.76733,1.00,1.12
2017.08.07 11:19:40.665,0.76717,0.76733,1.00,1.37
2017.08.07 11:19:41.181,0.76717,0.76733,1.00,1.37
2017.08.07 11:19:41.682,0.76717,0.76733,1.00,1.37
2017.08.07 11:19:42.279,0.76717,0.76733,1.00,1.37
2017.08.07 11:19:42.839,0.76718,0.76732,1.00,1.00
2017.08.07 11:19:43.376,0.76718,0.76734,1.00,1.37
2017.08.07 11:19:44.757,0.76717,0.76732,1.00,1.00
2017.08.07 11:19:45.317,0.76717,0.76732,1.00,1.37
2017.08.07 11:19:46.157,0.76715,0.76731,1.00,1.12
2017.08.07 11:19:46.208,0.76712,0.76727,1.82,1.00
2017.08.07 11:19:46.359,0.76711,0.7673,1.37,1.12
2017.08.07 11:19:46.463,0.76711,0.7673,1.00,1.45
2017.08.07 11:19:46.842,0.76713,0.76728,1.00,1.37
2017.08.07 11:19:47.354,0.76713,0.76728,1.00,1.12
2017.08.07 11:19:48.230,0.76713,0.76728,1.00,1.37
2017.08.07 11:19:48.768,0.76711,0.76726,1.00,1.00
2017.08.07 11:19:49.276,0.76711,0.76725,1.00,1.00
2017.08.07 11:19:49.600,0.76709,0.76725,1.12,1.00
2017.08.07 11:19:50.188,0.76708,0.76724,1.00,1.00
2017.08.07 11:19:50.441,0.76708,0.76722,1.00,1.00
2017.08.07 11:19:50.760,0.76703,0.76718,1.37,1.00
2017.08.07 11:19:51.348,0.76703,0.76718,1.00,1.37
2017.08.07 11:19:55.084,0.76702,0.76716,1.00,1.00
2017.08.07 11:19:55.589,0.76701,0.76715,1.00,1.12
2017.08.07 11:19:59.670,0.767,0.76714,1.00,1.00
2017.08.07 11:20:00.299,0.76701,0.76715,1.00,1.00
2017.08.07 11:20:00.803,0.76702,0.76716,1.00,1.12
2017.08.07 11:20:00.854,0.767,0.76716,1.00,1.12
2017.08.07 11:20:01.055,0.767,0.76714,1.00,1.00
2017.08.07 11:20:01.603,0.76695,0.76711,1.37,1.00
2017.08.07 11:20:01.705,0.76694,0.7671,1.37,1.00
2017.08.07 11:20:01.861,0.76694,0.7671,1.00,1.37
2017.08.07 11:20:02.381,0.76694,0.7671,1.00,1.12
2017.08.07 11:20:02.931,0.76694,0.76709,1.00,1.00
2017.08.07 11:20:03.202,0.76695,0.76711,1.12,1.00
2017.08.07 11:20:03.527,0.76695,0.76709,1.12,1.00
2017.08.07 11:20:03.577,0.76695,0.76712,1.00,1.12
2017.08.07 11:20:03.678,0.76697,0.76712,1.00,1.12
2017.08.07 11:20:05.293,0.76698,0.76712,1.00,1.00
2017.08.07 11:20:05.853,0.76699,0.76713,1.00,1.00
2017.08.07 11:20:08.640,0.76699,0.76714,1.00,1.00
2017.08.07 11:20:09.173,0.76699,0.76713,1.12,1.00
2017.08.07 11:20:09.698,0.76699,0.76713,1.37,1.00
2017.08.07 11:20:09.896,0.767,0.76715,1.12,1.00
2017.08.07 11:20:10.852,0.76701,0.76715,1.00,1.00
2017.08.07 11:20:11.969,0.767,0.76714,1.12,1.00
2017.08.07 11:20:12.538,0.76701,0.76715,1.00,1.00
2017.08.07 11:20:13.585,0.767,0.76714,1.12,1.00
2017.08.07 11:20:14.307,0.76697,0.76714,1.12,1.00
2017.08.07 11:20:14.358,0.76698,0.76712,1.00,1.00
2017.08.07 11:20:14.459,0.76699,0.76714,1.00,1.12
2017.08.07 11:20:15.121,0.767,0.76715,1.00,1.37
2017.08.07 11:20:15.498,0.76701,0.76716,1.00,1.12
2017.08.07 11:20:16.020,0.76702,0.76717,1.12,1.00
2017.08.07 11:20:16.675,0.76702,0.76716,1.12,1.00
2017.08.07 11:20:16.980,0.76701,0.76718,1.12,1.12
2017.08.07 11:20:17.565,0.76701,0.76718,1.37,1.00
2017.08.07 11:20:18.077,0.76703,0.76717,1.00,1.00
2017.08.07 11:20:18.554,0.76705,0.76719,1.00,1.12
2017.08.07 11:20:19.092,0.76704,0.76718,1.00,1.00
2017.08.07 11:20:19.633,0.76703,0.76717,1.00,1.00
2017.08.07 11:20:20.303,0.76703,0.76718,1.00,1.00
2017.08.07 11:20:21.021,0.76702,0.76717,1.00,1.00
2017.08.07 11:20:22.025,0.76703,0.76718,1.00,1.12
2017.08.07 11:20:22.584,0.76704,0.76718,1.00,1.00
2017.08.07 11:20:23.144,0.76704,0.7672,1.00,1.37
2017.08.07 11:20:23.524,0.76701,0.76716,1.37,1.00
2017.08.07 11:20:23.699,0.767,0.76714,1.00,1.00
2017.08.07 11:20:27.196,0.767,0.76715,1.00,1.12
2017.08.07 11:20:27.246,0.76702,0.76717,1.00,1.37
2017.08.07 11:20:27.347,0.76703,0.76719,1.00,1.37
2017.08.07 11:20:28.116,0.76703,0.76719,1.12,1.00
2017.08.07 11:20:28.695,0.76704,0.76719,1.00,1.00
2017.08.07 11:20:28.898,0.76706,0.7672,1.00,1.37
2017.08.07 11:20:28.949,0.76707,0.76723,1.00,1.37
2017.08.07 11:20:29.050,0.76707,0.76723,1.00,1.12
2017.08.07 11:20:29.101,0.7671,0.76724,1.00,1.37
2017.08.07 11:20:29.291,0.76708,0.76723,1.00,1.37
2017.08.07 11:20:29.443,0.7671,0.76724,1.00,1.37
2017.08.07 11:20:29.544,0.7671,0.76724,1.00,1.00
2017.08.07 11:20:29.789,0.76706,0.76721,1.37,1.00
2017.08.07 11:20:29.839,0.76706,0.7672,1.12,1.00
2017.08.07 11:20:30.171,0.76709,0.76723,1.00,1.37
2017.08.07 11:20:30.262,0.76709,0.76723,1.00,1.12
2017.08.07 11:20:30.616,0.76712,0.76726,1.00,1.00
2017.08.07 11:20:32.552,0.76712,0.76727,1.00,1.12
2017.08.07 11:20:33.063,0.76712,0.76726,1.00,1.00
2017.08.07 11:20:33.750,0.76711,0.76727,1.00,1.37
2017.08.07 11:20:34.176,0.76713,0.76727,1.00,1.37
2017.08.07 11:20:34.682,0.76713,0.76727,1.00,1.00
2017.08.07 11:20:35.184,0.76713,0.76726,1.00,1.12
2017.08.07 11:20:35.730,0.76712,0.76726,1.00,1.12
2017.08.07 11:20:37.524,0.76711,0.76725,1.00,1.00
2017.08.07 11:20:38.183,0.76709,0.76725,1.12,1.00
2017.08.07 11:20:38.717,0.7671,0.76724,1.00,1.00
2017.08.07 11:20:39.542,0.76709,0.76723,1.00,1.00
2017.08.07 11:20:42.306,0.76711,0.76725,1.00,1.37
2017.08.07 11:20:42.357,0.76708,0.76722,1.00,1.00
2017.08.07 11:20:42.667,0.7671,0.76724,1.00,2.25
2017.08.07 11:20:42.768,0.7671,0.76726,1.00,3.00
2017.08.07 11:20:42.869,0.7671,0.76726,1.00,1.12
2017.08.07 11:20:43.218,0.7671,0.76724,1.00,1.00
2017.08.07 11:20:43.529,0.7671,0.76725,1.00,1.37
2017.08.07 11:20:43.580,0.7671,0.76725,1.00,1.12
2017.08.07 11:20:44.116,0.7671,0.76725,1.00,1.37
2017.08.07 11:20:44.348,0.76706,0.7672,1.47,1.00
2017.08.07 11:20:44.399,0.76707,0.76722,1.12,1.00
2017.08.07 11:20:44.773,0.76707,0.76722,1.00,1.37
2017.08.07 11:20:45.301,0.76704,0.7672,1.12,1.00
2017.08.07 11:20:45.503,0.76703,0.7672,1.00,1.37
2017.08.07 11:20:46.156,0.76703,0.7672,1.00,1.37
2017.08.07 11:20:47.772,0.76703,0.76718,1.00,1.00
2017.08.07 11:20:48.349,0.76702,0.76718,1.12,1.00
2017.08.07 11:20:48.661,0.76701,0.76716,1.00,1.00
2017.08.07 11:20:48.958,0.76701,0.76718,1.00,1.00
2017.08.07 11:20:49.567,0.76701,0.76718,1.00,1.37
2017.08.07 11:20:50.149,0.76701,0.76716,1.00,1.00
2017.08.07 11:20:50.688,0.76702,0.76716,1.00,1.12
2017.08.07 11:20:51.224,0.767,0.76716,1.00,1.12
2017.08.07 11:20:52.015,0.767,0.76716,1.00,1.37
2017.08.07 11:20:52.283,0.76701,0.76718,1.00,1.12
2017.08.07 11:20:52.875,0.76701,0.76717,1.00,1.12
2017.08.07 11:20:53.127,0.76701,0.76715,1.00,1.00
2017.08.07 11:20:54.275,0.76701,0.76716,1.00,1.12
2017.08.07 11:20:54.860,0.76702,0.76716,1.00,1.00
2017.08.07 11:20:55.667,0.76701,0.76715,1.00,1.00
2017.08.07 11:20:56.035,0.76703,0.76717,1.00,1.12
2017.08.07 11:20:56.368,0.76705,0.76719,1.00,1.37
2017.08.07 11:20:56.871,0.76705,0.76719,1.00,1.00
2017.08.07 11:20:57.247,0.76703,0.76717,1.00,1.37
2017.08.07 11:20:57.551,0.76708,0.76721,1.00,3.00
2017.08.07 11:20:57.601,0.76708,0.76721,1.00,1.37
2017.08.07 11:20:57.753,0.76708,0.76723,1.00,1.12
2017.08.07 11:20:58.275,0.76707,0.76722,1.00,1.12
2017.08.07 11:20:58.377,0.76706,0.76719,1.00,1.00
2017.08.07 11:20:58.529,0.76703,0.76717,1.00,1.00
2017.08.07 11:20:59.897,0.76703,0.76719,1.00,1.37
2017.08.07 11:20:59.947,0.76705,0.76719,1.00,1.37
2017.08.07 11:21:00.491,0.76705,0.76719,1.00,1.12
2017.08.07 11:21:00.829,0.76707,0.76721,1.00,1.37
2017.08.07 11:21:00.930,0.76709,0.76724,1.00,1.37
2017.08.07 11:21:01.032,0.76709,0.76724,1.00,1.12
2017.08.07 11:21:01.544,0.76708,0.76723,1.00,1.00
2017.08.07 11:21:02.369,0.76709,0.76724,1.00,1.00
2017.08.07 11:21:04.406,0.76711,0.76728,1.50,2.25
2017.08.07 11:21:04.729,0.76717,0.76733,1.00,1.12
2017.08.07 11:21:05.032,0.76714,0.76733,1.47,1.37
2017.08.07 11:21:05.724,0.76716,0.76733,1.00,1.37
2017.08.07 11:21:06.338,0.76716,0.76733,1.00,1.37
2017.08.07 11:21:06.984,0.76717,0.76733,1.00,1.37
2017.08.07 11:21:07.485,0.76716,0.76731,1.00,1.12
2017.08.07 11:21:07.823,0.76719,0.76733,1.00,1.12
2017.08.07 11:21:08.426,0.76719,0.76733,1.00,1.37
2017.08.07 11:21:08.937,0.76717,0.76732,1.00,1.12
2017.08.07 11:21:09.492,0.76718,0.76733,1.00,1.12
2017.08.07 11:21:10.191,0.76718,0.76731,1.00,1.00
2017.08.07 11:21:10.831,0.76716,0.7673,1.00,1.00
2017.08.07 11:21:11.472,0.76715,0.76729,1.00,1.00
2017.08.07 11:21:13.011,0.76715,0.76729,1.00,1.37
2017.08.07 11:21:13.062,0.76709,0.76723,1.37,1.00
2017.08.07 11:21:13.113,0.76709,0.76723,1.00,1.12
2017.08.07 11:21:14.594,0.76708,0.76722,1.00,1.00
2017.08.07 11:21:16.808,0.76709,0.76723,1.00,1.12
2017.08.07 11:21:17.240,0.76711,0.76725,1.00,1.00
2017.08.07 11:21:17.341,0.76711,0.76727,1.00,1.12
2017.08.07 11:21:18.637,0.76713,0.76729,1.00,1.37
2017.08.07 11:21:18.738,0.76713,0.76729,1.00,1.12
2017.08.07 11:21:19.622,0.76713,0.76729,1.60,1.12
2017.08.07 11:21:19.925,0.76717,0.76731,1.00,1.00
2017.08.07 11:21:20.759,0.76716,0.7673,1.00,1.00
2017.08.07 11:21:21.620,0.76716,0.76731,1.00,1.00
2017.08.07 11:21:22.391,0.76717,0.76731,1.00,1.00
2017.08.07 11:21:23.387,0.76716,0.7673,1.00,1.00
2017.08.07 11:21:23.438,0.76714,0.76731,1.00,1.12
2017.08.07 11:21:23.488,0.76715,0.76729,1.00,1.00
2017.08.07 11:21:24.908,0.76716,0.7673,1.00,1.37
2017.08.07 11:21:25.469,0.76716,0.76731,1.00,1.37
2017.08.07 11:21:26.546,0.76716,0.76731,1.00,1.12
2017.08.07 11:21:28.175,0.76716,0.7673,1.00,1.00
2017.08.07 11:21:34.280,0.76717,0.76731,1.00,1.00
2017.08.07 11:21:37.065,0.76715,0.76732,1.12,1.12
2017.08.07 11:21:37.166,0.76715,0.7673,1.00,1.37
2017.08.07 11:21:37.669,0.76716,0.7673,1.00,1.00
2017.08.07 11:21:38.166,0.76715,0.76729,1.00,1.37
2017.08.07 11:21:39.017,0.76714,0.76728,1.00,1.00
2017.08.07 11:21:39.541,0.76712,0.76726,1.00,1.00
2017.08.07 11:21:39.891,0.76714,0.76728,1.00,1.00
2017.08.07 11:21:40.422,0.76713,0.76727,1.00,1.00
2017.08.07 11:21:40.783,0.76715,0.76729,1.00,1.37
2017.08.07 11:21:40.998,0.76713,0.76727,1.00,1.00
2017.08.07 11:21:41.545,0.76712,0.76729,1.00,1.37
2017.08.07 11:21:42.316,0.76712,0.76727,1.00,1.00
2017.08.07 11:21:42.865,0.76713,0.76728,1.00,1.37
2017.08.07 11:21:44.014,0.76712,0.76727,1.00,1.12
2017.08.07 11:21:44.392,0.76711,0.76727,1.00,1.37
2017.08.07 11:21:44.807,0.76713,0.76728,1.00,1.37
2017.08.07 11:21:45.344,0.76712,0.76727,1.00,1.12
2017.08.07 11:21:46.226,0.76713,0.76728,1.00,1.37
2017.08.07 11:21:46.640,0.7671,0.76727,1.00,1.37
2017.08.07 11:21:47.373,0.7671,0.76725,1.00,1.12
2017.08.07 11:21:50.206,0.76709,0.76724,1.00,1.00
2017.08.07 11:21:50.710,0.7671,0.76725,1.00,1.37
2017.08.07 11:21:50.881,0.76707,0.76725,1.87,1.37
2017.08.07 11:21:50.932,0.76709,0.76723,1.00,1.00
2017.08.07 11:21:51.245,0.76709,0.76723,1.00,1.37
2017.08.07 11:21:51.462,0.76707,0.76722,1.00,1.37
2017.08.07 11:21:52.447,0.76706,0.76722,1.50,1.37
2017.08.07 11:21:53.105,0.76706,0.76722,1.50,1.12
2017.08.07 11:21:53.816,0.76706,0.76722,1.50,1.37
2017.08.07 11:21:54.471,0.76705,0.7672,1.00,1.12
2017.08.07 11:21:55.020,0.76706,0.76721,1.00,1.37
2017.08.07 11:21:55.570,0.76706,0.76722,1.00,1.37
2017.08.07 11:21:56.221,0.76707,0.76722,1.00,1.00
2017.08.07 11:21:56.969,0.76706,0.7672,1.00,1.00
2017.08.07 11:21:57.293,0.76708,0.76723,1.00,1.37
2017.08.07 11:21:57.344,0.76708,0.76723,1.00,1.12
2017.08.07 11:21:58.232,0.76709,0.76723,1.00,1.12
2017.08.07 11:21:58.766,0.76708,0.76722,1.00,1.00
2017.08.07 11:21:59.897,0.76707,0.76721,1.00,1.00
2017.08.07 11:22:00.183,0.76711,0.76725,1.00,1.12
2017.08.07 11:22:00.940,0.76708,0.76724,1.00,1.37
2017.08.07 11:22:01.042,0.76709,0.76722,1.00,1.37
2017.08.07 11:22:01.640,0.76708,0.76722,1.00,1.37
2017.08.07 11:22:05.138,0.76709,0.76723,1.00,1.37
2017.08.07 11:22:05.431,0.76709,0.76723,1.00,1.12
2017.08.07 11:22:06.259,0.76709,0.76723,1.00,1.37
2017.08.07 11:22:06.847,0.76708,0.76723,1.00,1.37
2017.08.07 11:22:09.072,0.76708,0.76722,1.00,1.37
2017.08.07 11:22:09.175,0.76708,0.76722,1.00,1.12
2017.08.07 11:22:12.604,0.76706,0.7672,1.00,1.00
2017.08.07 11:22:13.066,0.76705,0.76719,1.00,1.37
2017.08.07 11:22:13.594,0.76704,0.76719,1.00,1.37
2017.08.07 11:22:15.302,0.76703,0.76717,1.00,1.12
2017.08.07 11:22:15.855,0.76703,0.76719,1.00,1.37
2017.08.07 11:22:16.990,0.76702,0.76719,1.00,1.37
2017.08.07 11:22:17.993,0.76704,0.76719,1.00,1.37
2017.08.07 11:22:18.602,0.76702,0.76718,1.00,1.12
2017.08.07 11:22:20.429,0.76701,0.76717,1.12,1.00
2017.08.07 11:22:20.480,0.76701,0.76718,1.00,1.37
2017.08.07 11:22:21.526,0.76702,0.76716,1.00,1.37
2017.08.07 11:22:22.194,0.76703,0.76717,1.00,1.37
2017.08.07 11:22:22.673,0.76701,0.76716,1.00,1.37
2017.08.07 11:22:22.875,0.76701,0.76716,1.00,1.37
2017.08.07 11:22:23.206,0.76699,0.76716,1.00,1.37
2017.08.07 11:22:23.513,0.76697,0.76712,1.00,1.00
2017.08.07 11:22:23.696,0.76699,0.76714,1.00,1.37
2017.08.07 11:22:23.970,0.76701,0.76716,1.00,1.12
2017.08.07 11:22:24.071,0.76703,0.76718,1.00,1.37
2017.08.07 11:22:24.374,0.76705,0.76718,1.00,1.00
2017.08.07 11:22:24.759,0.76703,0.7672,1.12,1.12
2017.08.07 11:22:24.809,0.76703,0.7672,1.00,1.37
2017.08.07 11:22:25.120,0.76704,0.7672,1.00,1.37
2017.08.07 11:22:26.038,0.76707,0.76721,1.00,1.37
2017.08.07 11:22:26.340,0.76711,0.76725,1.00,3.00
2017.08.07 11:22:26.441,0.76709,0.76726,1.00,3.00
2017.08.07 11:22:26.492,0.76709,0.76726,1.00,1.37
2017.08.07 11:22:27.181,0.7671,0.76724,1.00,1.00
2017.08.07 11:22:29.547,0.76708,0.76724,1.12,1.00
2017.08.07 11:22:30.266,0.76708,0.76724,1.00,1.37
2017.08.07 11:22:30.808,0.76709,0.76725,1.00,1.37
2017.08.07 11:22:31.349,0.76709,0.76724,1.00,1.12
2017.08.07 11:22:31.932,0.76709,0.76725,1.00,1.37
2017.08.07 11:22:32.469,0.76712,0.76726,1.00,1.37
2017.08.07 11:22:32.721,0.76712,0.76726,1.00,1.12
2017.08.07 11:22:33.252,0.76711,0.76726,1.00,1.37
2017.08.07 11:22:33.783,0.7671,0.76725,1.00,1.12
2017.08.07 11:22:34.375,0.76709,0.76725,1.00,1.37
2017.08.07 11:22:35.401,0.76709,0.76724,1.00,1.37
2017.08.07 11:22:35.596,0.76711,0.76726,1.00,1.37
2017.08.07 11:22:36.206,0.76712,0.76727,1.00,1.37
2017.08.07 11:22:36.771,0.76713,0.76727,1.00,1.37
2017.08.07 11:22:38.066,0.76712,0.76726,1.00,1.37
2017.08.07 11:22:38.419,0.76714,0.76728,1.00,1.37
2017.08.07 11:22:39.178,0.76713,0.76727,1.00,1.37
2017.08.07 11:22:39.710,0.76714,0.76728,1.00,1.37
2017.08.07 11:22:39.912,0.76716,0.7673,1.00,1.37
2017.08.07 11:22:40.500,0.76717,0.76731,1.00,1.37
2017.08.07 11:22:41.273,0.76715,0.76732,1.00,1.37
2017.08.07 11:22:47.076,0.76717,0.76732,1.00,1.37
2017.08.07 11:22:47.329,0.76718,0.76733,1.00,1.37
2017.08.07 11:22:48.409,0.76717,0.76732,1.00,1.12
2017.08.07 11:22:49.075,0.76717,0.76732,1.00,1.37
2017.08.07 11:22:49.997,0.76716,0.76731,1.00,1.12
2017.08.07 11:22:50.536,0.76717,0.76732,1.00,1.37
2017.08.07 11:22:51.242,0.76715,0.76731,1.00,1.37
2017.08.07 11:22:51.416,0.76715,0.76731,1.00,1.37
2017.08.07 11:22:52.024,0.76716,0.7673,1.00,1.12
2017.08.07 11:22:53.263,0.76717,0.76731,1.00,1.37
2017.08.07 11:22:53.820,0.76717,0.76731,1.00,1.12
2017.08.07 11:22:54.340,0.76718,0.76732,1.00,1.00
2017.08.07 11:22:54.824,0.76715,0.76732,1.00,1.37
2017.08.07 11:22:55.398,0.76715,0.7673,1.00,1.12
2017.08.07 11:22:56.169,0.76715,0.7673,1.00,1.37
2017.08.07 11:22:56.220,0.76713,0.76729,1.00,1.12
2017.08.07 11:22:56.862,0.76714,0.76729,1.00,1.00
2017.08.07 11:23:00.554,0.76714,0.7673,1.50,1.12
2017.08.07 11:23:01.555,0.76716,0.7673,1.00,1.12
2017.08.07 11:23:02.125,0.76717,0.76732,1.00,1.37
2017.08.07 11:23:03.272,0.76717,0.76732,1.00,1.37
2017.08.07 11:23:03.774,0.76716,0.7673,1.00,1.00
2017.08.07 11:23:07.672,0.76716,0.7673,1.00,1.37
2017.08.07 11:23:10.272,0.76715,0.76731,1.00,1.37
2017.08.07 11:23:10.794,0.76715,0.76731,1.00,1.37
2017.08.07 11:23:11.301,0.76715,0.76729,1.00,1.12
2017.08.07 11:23:12.279,0.76715,0.76729,1.00,1.37
2017.08.07 11:23:12.809,0.76715,0.76729,1.00,1.00
2017.08.07 11:23:13.340,0.76717,0.76731,1.00,1.37
2017.08.07 11:23:13.491,0.76717,0.76733,1.00,1.37
2017.08.07 11:23:13.761,0.76717,0.76733,1.00,1.12
2017.08.07 11:23:13.996,0.76717,0.76731,1.00,1.00
2017.08.07 11:23:14.541,0.76719,0.76733,1.00,1.37
2017.08.07 11:23:14.862,0.76717,0.76731,1.00,1.00
2017.08.07 11:23:15.481,0.76717,0.76731,1.00,1.37
2017.08.07 11:23:15.754,0.76719,0.76733,1.00,1.37
2017.08.07 11:23:16.260,0.76718,0.76732,1.00,1.00
2017.08.07 11:23:17.843,0.76719,0.76733,1.00,1.12
2017.08.07 11:23:18.399,0.76718,0.76735,1.00,1.37
2017.08.07 11:23:18.760,0.7672,0.76734,1.00,1.00
2017.08.07 11:23:19.309,0.7672,0.76734,1.00,1.37
2017.08.07 11:23:20.103,0.76719,0.76734,1.00,1.37
2017.08.07 11:23:21.412,0.76718,0.76733,1.00,1.37
2017.08.07 11:23:23.101,0.76719,0.76733,1.00,1.37
2017.08.07 11:23:24.860,0.76718,0.76733,1.00,1.37
2017.08.07 11:23:27.015,0.76717,0.76732,1.00,1.37
2017.08.07 11:23:27.217,0.76717,0.76732,1.00,1.12
2017.08.07 11:23:27.574,0.76716,0.76731,1.00,1.37
2017.08.07 11:23:28.977,0.76716,0.76731,1.00,1.12
2017.08.07 11:23:29.407,0.76716,0.76731,1.00,1.37
2017.08.07 11:23:30.982,0.76717,0.76731,1.00,1.37
2017.08.07 11:23:31.206,0.76716,0.76732,1.00,1.00
2017.08.07 11:23:32.140,0.76717,0.76733,1.00,1.37
2017.08.07 11:23:32.671,0.76717,0.76731,1.00,1.00
2017.08.07 11:23:34.177,0.76715,0.76732,1.12,1.12
2017.08.07 11:23:35.933,0.76717,0.76732,1.00,1.12
2017.08.07 11:23:36.308,0.7672,0.76734,1.00,1.37
2017.08.07 11:23:36.409,0.76721,0.76735,1.00,1.00
2017.08.07 11:23:36.611,0.76721,0.76737,1.00,1.12
2017.08.07 11:23:37.186,0.76721,0.76735,1.00,1.00
2017.08.07 11:23:37.376,0.76719,0.76734,1.12,1.00
2017.08.07 11:23:37.477,0.76719,0.76732,1.00,1.00
2017.08.07 11:23:38.413,0.76719,0.76733,1.00,1.12
2017.08.07 11:23:43.551,0.76718,0.76732,1.00,1.00
2017.08.07 11:23:44.585,0.76717,0.76735,1.50,1.37
2017.08.07 11:23:45.554,0.76718,0.76733,1.00,1.37
2017.08.07 11:23:50.617,0.76719,0.76734,1.00,1.37
2017.08.07 11:23:59.865,0.76718,0.76733,1.00,1.37
2017.08.07 11:24:00.377,0.76718,0.76733,1.00,1.12
2017.08.07 11:24:02.410,0.76719,0.76734,1.00,1.37
2017.08.07 11:24:08.471,0.7672,0.76735,1.00,1.37
2017.08.07 11:24:08.673,0.76721,0.76738,1.00,1.37
2017.08.07 11:24:09.184,0.76721,0.76735,1.00,1.12
2017.08.07 11:24:09.335,0.76721,0.76735,1.00,1.37
2017.08.07 11:24:09.904,0.76721,0.76735,1.00,1.37
2017.08.07 11:24:10.494,0.7672,0.76734,1.00,1.37
2017.08.07 11:24:12.917,0.76719,0.76733,1.00,1.12
2017.08.07 11:24:13.438,0.76722,0.76736,1.00,1.37
2017.08.07 11:24:13.539,0.76723,0.76737,1.00,1.00
2017.08.07 11:24:13.590,0.76725,0.76739,1.00,1.37
2017.08.07 11:24:13.910,0.7673,0.76744,1.00,1.00
2017.08.07 11:24:14.518,0.76731,0.76745,1.00,1.12
2017.08.07 11:24:15.612,0.7673,0.76745,1.00,1.12
2017.08.07 11:24:20.647,0.7673,0.76744,1.00,1.00
2017.08.07 11:24:21.184,0.76729,0.76743,1.00,1.12
2017.08.07 11:24:26.483,0.76728,0.76743,1.00,1.00
2017.08.07 11:24:27.042,0.76728,0.76744,1.00,1.12
2017.08.07 11:24:27.093,0.76727,0.76741,1.00,1.00
2017.08.07 11:24:29.219,0.76726,0.7674,1.00,1.00
2017.08.07 11:24:29.776,0.76725,0.7674,1.00,1.00
2017.08.07 11:24:31.428,0.76725,0.76739,1.00,1.00
2017.08.07 11:24:31.936,0.76725,0.76739,1.00,1.37
2017.08.07 11:24:34.404,0.76724,0.76738,1.00,1.12
2017.08.07 11:24:34.934,0.76723,0.76737,1.00,1.12
2017.08.07 11:24:42.194,0.76723,0.76739,1.00,1.37
2017.08.07 11:24:42.726,0.76719,0.76733,1.37,1.00
2017.08.07 11:24:42.827,0.76718,0.76732,1.00,1.00
2017.08.07 11:24:43.786,0.76717,0.76731,1.00,1.00
2017.08.07 11:24:50.507,0.76717,0.76731,1.00,1.37
2017.08.07 11:24:50.558,0.76712,0.76727,1.37,1.00
2017.08.07 11:24:51.091,0.76712,0.76727,1.00,1.37
2017.08.07 11:24:51.655,0.76711,0.76726,1.00,1.12
2017.08.07 11:24:55.768,0.76708,0.76722,1.37,1.00
2017.08.07 11:24:55.869,0.76708,0.76724,1.37,1.00
2017.08.07 11:24:55.920,0.76708,0.76724,1.00,1.37
2017.08.07 11:24:55.970,0.76705,0.76721,1.20,1.00
2017.08.07 11:24:56.021,0.76707,0.76722,1.00,1.00
2017.08.07 11:24:56.324,0.76706,0.7672,1.00,1.12
2017.08.07 11:24:56.771,0.76704,0.7672,1.00,1.12
2017.08.07 11:24:57.284,0.76705,0.76721,1.00,1.37
2017.08.07 11:24:57.809,0.76705,0.7672,1.00,1.37
2017.08.07 11:24:58.578,0.76705,0.7672,1.00,1.37
2017.08.07 11:25:00.152,0.76705,0.76719,1.00,1.37
2017.08.07 11:25:01.600,0.76704,0.76718,1.00,1.37
2017.08.07 11:25:04.902,0.76705,0.76719,1.00,1.37
2017.08.07 11:25:06.533,0.76704,0.76718,1.00,1.37
2017.08.07 11:25:07.213,0.76705,0.76719,1.00,1.37
2017.08.07 11:25:07.740,0.76704,0.76718,1.00,1.37
2017.08.07 11:25:10.499,0.76702,0.76716,1.00,1.00
2017.08.07 11:25:10.600,0.76699,0.76714,1.12,1.00
2017.08.07 11:25:10.751,0.76698,0.76712,1.00,1.12
2017.08.07 11:25:11.026,0.76696,0.76712,1.00,1.12
2017.08.07 11:25:11.127,0.76696,0.76712,1.00,3.75
2017.08.07 11:25:11.687,0.76697,0.76711,1.00,1.37
2017.08.07 11:25:11.738,0.76695,0.76711,1.00,1.37
2017.08.07 11:25:13.334,0.76696,0.7671,1.00,1.37
2017.08.07 11:25:13.932,0.76697,0.76711,1.00,1.37
2017.08.07 11:25:14.033,0.76701,0.76713,1.00,2.25
2017.08.07 11:25:14.235,0.76699,0.76713,1.00,1.37
2017.08.07 11:25:14.387,0.76696,0.76713,1.00,1.37
2017.08.07 11:25:15.018,0.76696,0.76713,1.00,1.37
2017.08.07 11:25:15.119,0.76698,0.76712,1.00,1.12
2017.08.07 11:25:16.111,0.76699,0.76713,1.00,1.37
2017.08.07 11:25:16.276,0.76694,0.7671,1.37,1.00
2017.08.07 11:25:16.327,0.76694,0.76708,1.37,1.00
2017.08.07 11:25:16.378,0.76693,0.76707,1.00,1.00
2017.08.07 11:25:17.098,0.76693,0.76707,1.00,1.37
2017.08.07 11:25:18.610,0.76692,0.76708,1.00,1.37
2017.08.07 11:25:19.428,0.76688,0.76703,1.37,1.00
2017.08.07 11:25:19.766,0.76687,0.76701,1.00,1.12
2017.08.07 11:25:20.761,0.76687,0.76702,1.00,1.37
2017.08.07 11:25:21.993,0.76686,0.76701,1.00,1.37
2017.08.07 11:25:24.464,0.76688,0.76703,1.00,1.37
2017.08.07 11:25:24.666,0.7669,0.76705,1.00,1.12
2017.08.07 11:25:24.981,0.76689,0.76705,1.00,1.37
2017.08.07 11:25:25.648,0.76691,0.76706,1.00,1.37
2017.08.07 11:25:26.302,0.7669,0.76704,1.00,1.00
2017.08.07 11:25:30.448,0.7669,0.76705,1.00,1.12
2017.08.07 11:25:31.162,0.76689,0.76704,1.00,1.00
2017.08.07 11:25:31.263,0.76687,0.76703,1.12,1.00
2017.08.07 11:25:31.313,0.76691,0.76705,1.00,1.37
2017.08.07 11:25:31.672,0.76691,0.76707,1.00,1.37
2017.08.07 11:25:32.169,0.76693,0.76707,1.00,1.12
2017.08.07 11:25:33.145,0.76693,0.76706,1.00,1.00
2017.08.07 11:25:33.665,0.76692,0.76707,1.00,1.12
2017.08.07 11:25:34.577,0.76691,0.76706,1.00,1.00
2017.08.07 11:25:35.124,0.7669,0.76705,1.00,1.12
2017.08.07 11:25:35.452,0.76688,0.76702,1.00,1.00
2017.08.07 11:25:35.970,0.76689,0.76703,1.00,1.12
2017.08.07 11:25:36.273,0.76693,0.76708,1.00,1.12
2017.08.07 11:25:36.628,0.76693,0.76706,1.00,1.00
2017.08.07 11:25:37.168,0.76691,0.76707,1.12,1.00
2017.08.07 11:25:37.269,0.76693,0.76708,1.00,1.12
2017.08.07 11:25:37.471,0.76694,0.7671,1.00,1.12
2017.08.07 11:25:37.985,0.76695,0.7671,1.12,1.00
2017.08.07 11:25:38.609,0.76695,0.76711,1.12,1.00
2017.08.07 11:25:38.865,0.76694,0.7671,1.00,1.37
2017.08.07 11:25:39.348,0.76696,0.7671,1.00,1.37
2017.08.07 11:25:39.399,0.76697,0.76711,1.00,1.12
2017.08.07 11:25:40.093,0.76697,0.76711,1.00,1.37
2017.08.07 11:25:40.600,0.76697,0.76711,1.00,1.00
2017.08.07 11:25:40.701,0.76695,0.76712,1.00,1.12
2017.08.07 11:25:41.078,0.76696,0.7671,1.00,1.00
2017.08.07 11:25:42.263,0.76695,0.76709,1.00,1.00
2017.08.07 11:25:42.314,0.76693,0.76709,1.50,1.00
2017.08.07 11:25:43.767,0.76694,0.76709,1.00,1.12
2017.08.07 11:25:44.302,0.76695,0.7671,1.00,1.37
2017.08.07 11:25:44.964,0.76695,0.7671,1.00,1.12
2017.08.07 11:25:45.661,0.76695,0.76709,1.00,1.00
2017.08.07 11:25:45.977,0.76698,0.76712,1.00,1.37
2017.08.07 11:25:46.078,0.76697,0.76713,1.00,1.37
2017.08.07 11:25:46.129,0.76701,0.76715,1.00,1.37
2017.08.07 11:25:46.280,0.76701,0.76715,1.00,1.00
2017.08.07 11:25:47.001,0.76701,0.76717,1.00,1.12
2017.08.07 11:25:47.781,0.76703,0.76717,1.00,1.12
2017.08.07 11:25:48.607,0.76702,0.76716,1.00,1.00
2017.08.07 11:25:54.334,0.76701,0.76715,1.00,1.00
2017.08.07 11:25:59.398,0.76701,0.76716,1.00,1.00
2017.08.07 11:25:59.724,0.76703,0.76719,1.00,1.37
2017.08.07 11:26:00.052,0.76706,0.7672,1.00,1.00
2017.08.07 11:26:00.678,0.76706,0.76721,1.00,1.12
2017.08.07 11:26:02.371,0.76708,0.76723,1.00,1.37
2017.08.07 11:26:03.135,0.76707,0.76723,1.00,1.37
2017.08.07 11:26:04.248,0.76706,0.76722,1.00,1.12
2017.08.07 11:26:04.782,0.76705,0.76721,1.00,1.12
2017.08.07 11:26:05.326,0.76705,0.76721,1.00,1.37
2017.08.07 11:26:06.811,0.76708,0.76723,1.00,2.25
2017.08.07 11:26:06.862,0.76708,0.76724,1.00,1.47
2017.08.07 11:26:06.995,0.76712,0.76727,1.00,3.00
2017.08.07 11:26:07.147,0.76715,0.76729,1.00,1.37
2017.08.07 11:26:07.869,0.76715,0.76729,1.00,1.00
2017.08.07 11:26:08.410,0.76714,0.76729,1.00,1.00
2017.08.07 11:26:08.562,0.76716,0.7673,1.00,1.00
2017.08.07 11:26:09.075,0.76715,0.76729,1.00,1.00
2017.08.07 11:26:09.604,0.76714,0.76729,1.00,1.12
2017.08.07 11:26:10.065,0.76713,0.76728,1.00,1.37
2017.08.07 11:26:10.729,0.76713,0.76728,1.00,1.12
2017.08.07 11:26:13.294,0.76713,0.76727,1.00,1.00
2017.08.07 11:26:14.585,0.76714,0.76729,1.00,1.37
2017.08.07 11:26:14.787,0.76711,0.76728,1.37,1.00
2017.08.07 11:26:14.837,0.76711,0.76726,1.37,1.00
2017.08.07 11:26:14.942,0.76711,0.76726,1.12,1.00
2017.08.07 11:26:15.583,0.76709,0.76724,1.12,1.00
2017.08.07 11:26:19.413,0.76711,0.76725,1.00,1.37
2017.08.07 11:26:20.097,0.7671,0.76725,1.00,1.12
2017.08.07 11:26:22.135,0.76711,0.76725,1.00,1.12
2017.08.07 11:26:22.595,0.76709,0.76726,1.00,1.37
2017.08.07 11:26:22.645,0.76711,0.76727,1.00,1.37
2017.08.07 11:26:23.295,0.7671,0.76725,1.00,1.12
2017.08.07 11:26:24.793,0.76711,0.76725,1.00,1.12
2017.08.07 11:26:25.295,0.7671,0.76725,1.00,1.12
2017.08.07 11:26:27.119,0.76708,0.76726,1.00,1.37
2017.08.07 11:26:27.496,0.7671,0.76725,1.00,1.12
2017.08.07 11:26:28.770,0.76709,0.76724,1.00,1.00
2017.08.07 11:26:29.423,0.76708,0.76726,1.00,1.37
2017.08.07 11:26:29.868,0.7671,0.76725,1.00,1.12
2017.08.07 11:26:30.467,0.7671,0.76725,1.00,1.37
2017.08.07 11:26:31.095,0.7671,0.76725,1.00,1.12
2017.08.07 11:26:31.681,0.76709,0.76724,1.00,1.12
2017.08.07 11:26:32.246,0.7671,0.76725,1.00,1.00
2017.08.07 11:26:32.559,0.76705,0.76719,1.00,1.00
2017.08.07 11:26:33.540,0.76704,0.76718,1.00,1.00
2017.08.07 11:26:34.067,0.76705,0.76719,1.00,1.00
2017.08.07 11:26:34.573,0.76705,0.76719,1.00,1.37
2017.08.07 11:26:34.716,0.76703,0.76719,1.00,1.12
2017.08.07 11:26:35.093,0.76703,0.76719,1.00,1.37
2017.08.07 11:26:36.693,0.76702,0.76718,1.00,1.37
2017.08.07 11:26:37.119,0.76702,0.76717,1.00,1.37
2017.08.07 11:26:37.719,0.76702,0.76717,1.00,1.37
2017.08.07 11:26:38.520,0.76703,0.76718,1.00,1.37
2017.08.07 11:26:40.468,0.76702,0.76717,1.00,1.37
2017.08.07 11:26:41.018,0.76703,0.76717,1.00,1.37
2017.08.07 11:26:41.995,0.76704,0.76718,1.00,1.37
2017.08.07 11:26:42.106,0.76702,0.76718,1.00,1.37
2017.08.07 11:26:43.297,0.76704,0.76718,1.00,1.37
2017.08.07 11:26:43.845,0.76703,0.76717,1.00,1.37
2017.08.07 11:26:44.370,0.76702,0.76717,1.00,1.37
2017.08.07 11:26:44.906,0.76702,0.76717,1.00,1.12
2017.08.07 11:26:45.446,0.76702,0.76717,1.00,1.37
2017.08.07 11:26:45.974,0.76702,0.76717,1.00,1.12
2017.08.07 11:26:46.734,0.76703,0.76717,1.00,1.12
2017.08.07 11:26:47.037,0.76706,0.76719,1.00,1.12
2017.08.07 11:26:47.570,0.76706,0.76719,1.00,1.37
2017.08.07 11:26:48.043,0.76704,0.7672,1.00,1.37
2017.08.07 11:26:48.524,0.76704,0.7672,1.00,3.07
2017.08.07 11:26:49.088,0.76705,0.76719,1.00,1.37
2017.08.07 11:26:50.387,0.76704,0.76718,1.00,1.37
2017.08.07 11:26:50.538,0.76703,0.76719,1.00,1.20
2017.08.07 11:26:50.644,0.76703,0.76719,1.00,1.47
2017.08.07 11:26:51.304,0.76704,0.76718,1.00,1.37
2017.08.07 11:26:51.541,0.76701,0.76715,1.00,1.12
2017.08.07 11:26:51.692,0.76703,0.76716,1.00,1.37
2017.08.07 11:26:52.217,0.76703,0.76716,1.00,1.12
2017.08.07 11:26:53.511,0.76703,0.76716,1.00,1.37
2017.08.07 11:26:54.090,0.76703,0.76716,1.00,1.37
2017.08.07 11:26:54.343,0.76704,0.76717,1.00,1.37
2017.08.07 11:26:55.328,0.76703,0.76716,1.00,1.37
2017.08.07 11:26:56.011,0.76702,0.76716,1.00,1.12
2017.08.07 11:26:56.551,0.76702,0.76716,1.00,1.37
2017.08.07 11:26:57.054,0.76701,0.76716,1.00,1.37
2017.08.07 11:26:57.155,0.76703,0.76716,1.00,1.37
2017.08.07 11:26:57.673,0.76704,0.76717,1.00,1.37
2017.08.07 11:26:58.207,0.76703,0.76716,1.00,1.37
2017.08.07 11:26:58.617,0.76704,0.76717,1.00,1.12
2017.08.07 11:26:59.020,0.76703,0.76716,1.00,1.37
2017.08.07 11:26:59.348,0.76703,0.76716,1.00,1.12
2017.08.07 11:26:59.449,0.76703,0.76716,1.00,1.37
2017.08.07 11:26:59.949,0.76703,0.76716,1.00,1.12
2017.08.07 11:27:00.469,0.76703,0.76717,1.00,1.37
2017.08.07 11:27:01.024,0.76702,0.76715,1.00,1.12
2017.08.07 11:27:01.572,0.76703,0.76717,1.00,1.37
2017.08.07 11:27:02.096,0.76702,0.76716,1.00,1.37
2017.08.07 11:27:02.794,0.76703,0.76717,1.00,1.37
2017.08.07 11:27:05.020,0.76704,0.76718,1.00,1.37
2017.08.07 11:27:05.222,0.76704,0.76718,1.00,1.12
2017.08.07 11:27:08.479,0.76703,0.76717,1.00,1.00
2017.08.07 11:27:08.994,0.76703,0.76716,1.00,1.12
2017.08.07 11:27:09.247,0.76701,0.76717,1.00,1.37
2017.08.07 11:27:09.830,0.76704,0.76718,1.00,1.12
2017.08.07 11:27:10.249,0.76704,0.76718,1.00,1.37
2017.08.07 11:27:10.571,0.76702,0.76718,1.00,1.37
2017.08.07 11:27:11.049,0.76704,0.76718,1.00,1.37
2017.08.07 11:27:11.644,0.76703,0.76717,1.00,1.37
2017.08.07 11:27:12.182,0.76702,0.76716,1.00,1.37
2017.08.07 11:27:12.702,0.76704,0.76719,1.00,1.37
2017.08.07 11:27:13.220,0.76703,0.76718,1.00,1.37
2017.08.07 11:27:13.932,0.76703,0.76718,1.00,1.37
2017.08.07 11:27:17.882,0.76704,0.7672,1.00,1.37
2017.08.07 11:27:18.187,0.76706,0.7672,1.00,1.37
2017.08.07 11:27:19.249,0.76705,0.76719,1.00,1.37
2017.08.07 11:27:21.124,0.76704,0.76719,1.00,1.37
2017.08.07 11:27:22.079,0.76705,0.76721,1.00,1.37
2017.08.07 11:27:22.383,0.76708,0.76721,1.00,1.37
2017.08.07 11:27:23.045,0.76707,0.7672,1.00,1.37
2017.08.07 11:27:23.841,0.76706,0.76719,1.00,1.12
2017.08.07 11:27:23.993,0.767,0.76714,1.00,1.00
2017.08.07 11:27:24.145,0.76699,0.76713,1.00,1.37
2017.08.07 11:27:24.829,0.76698,0.76711,1.00,1.37
2017.08.07 11:27:24.981,0.76699,0.76713,1.00,1.37
2017.08.07 11:27:25.082,0.76699,0.76713,1.00,1.37
2017.08.07 11:27:25.629,0.76699,0.76713,1.00,1.37
2017.08.07 11:27:25.846,0.76694,0.76711,1.00,1.37
2017.08.07 11:27:30.138,0.76694,0.76708,1.00,1.00
2017.08.07 11:27:30.771,0.76694,0.76708,1.00,1.37
2017.08.07 11:27:32.355,0.76693,0.76707,1.00,1.12
2017.08.07 11:27:34.701,0.76693,0.76708,1.00,1.12
2017.08.07 11:27:35.255,0.76693,0.76708,1.00,1.37
2017.08.07 11:27:35.815,0.76693,0.76709,1.00,1.37
2017.08.07 11:27:36.096,0.76694,0.7671,1.00,1.12
2017.08.07 11:27:36.648,0.76694,0.7671,1.00,1.37
2017.08.07 11:27:37.168,0.76695,0.76708,1.00,1.00
2017.08.07 11:27:37.714,0.76694,0.7671,1.00,1.37
2017.08.07 11:27:38.503,0.76695,0.76709,1.00,1.37
2017.08.07 11:27:39.054,0.76694,0.76707,1.00,1.12
2017.08.07 11:27:39.155,0.76692,0.76708,1.00,1.37
2017.08.07 11:27:39.206,0.76695,0.76708,1.00,1.37
2017.08.07 11:27:39.742,0.76695,0.76708,1.00,1.12
2017.08.07 11:27:40.316,0.76694,0.76707,1.00,1.00
2017.08.07 11:27:41.242,0.76695,0.76709,1.00,1.12
2017.08.07 11:27:41.801,0.76697,0.76711,1.00,1.37
2017.08.07 11:27:42.324,0.76698,0.76712,1.00,1.37
2017.08.07 11:27:42.984,0.76698,0.76712,1.00,1.37
2017.08.07 11:27:43.248,0.76696,0.76712,1.00,1.37
2017.08.07 11:27:45.345,0.76697,0.76712,1.00,1.37
2017.08.07 11:27:45.497,0.76699,0.76713,1.00,3.00
2017.08.07 11:27:45.598,0.76699,0.76714,1.00,1.37
2017.08.07 11:27:46.486,0.767,0.76714,1.00,1.37
2017.08.07 11:27:47.046,0.76699,0.76713,1.00,1.37
2017.08.07 11:27:47.607,0.76698,0.76713,1.00,1.37
2017.08.07 11:27:48.928,0.76698,0.76712,1.00,1.37
2017.08.07 11:27:50.892,0.76697,0.76712,1.00,1.37
2017.08.07 11:27:51.411,0.76696,0.76712,1.00,1.37
2017.08.07 11:27:51.810,0.76695,0.76708,1.00,1.00
2017.08.07 11:27:52.420,0.76695,0.76709,1.00,1.37
2017.08.07 11:27:52.865,0.76695,0.76709,1.00,3.75
2017.08.07 11:27:56.403,0.76695,0.76709,1.00,1.87
2017.08.07 11:27:56.912,0.76695,0.76709,1.00,1.87
2017.08.07 11:27:59.552,0.76694,0.76708,1.00,1.37
2017.08.07 11:28:00.929,0.76694,0.76708,1.00,1.37
2017.08.07 11:28:02.328,0.76695,0.76709,1.00,1.37
2017.08.07 11:28:03.567,0.76696,0.7671,1.00,3.00
2017.08.07 11:28:03.819,0.76697,0.76711,1.00,1.37
2017.08.07 11:28:04.455,0.76699,0.76713,1.00,2.25
2017.08.07 11:28:04.557,0.76699,0.76714,1.00,1.37
2017.08.07 11:28:05.096,0.76698,0.76713,1.00,1.37
2017.08.07 11:28:06.249,0.76699,0.76713,1.00,1.37
2017.08.07 11:28:07.350,0.76699,0.76713,1.00,1.37
2017.08.07 11:28:07.914,0.767,0.76713,1.00,1.37
2017.08.07 11:28:17.641,0.767,0.76714,1.00,3.00
2017.08.07 11:28:18.252,0.767,0.76714,1.00,1.37
2017.08.07 11:28:18.910,0.76699,0.76713,1.00,1.37
2017.08.07 11:28:19.417,0.76698,0.76712,1.00,1.37
2017.08.07 11:28:24.400,0.76697,0.7671,1.00,1.00
2017.08.07 11:28:24.570,0.76696,0.7671,1.00,3.00
2017.08.07 11:28:25.971,0.76696,0.76709,1.00,1.37
2017.08.07 11:28:26.073,0.76696,0.76709,1.00,1.12
2017.08.07 11:28:26.355,0.76694,0.7671,1.00,1.37
2017.08.07 11:28:26.770,0.76694,0.7671,1.00,3.00
2017.08.07 11:28:27.355,0.76695,0.76708,1.00,1.37
2017.08.07 11:28:29.941,0.767,0.76711,1.00,2.25
2017.08.07 11:28:29.992,0.767,0.76713,1.00,1.37
2017.08.07 11:28:30.093,0.76701,0.76714,1.00,1.37
2017.08.07 11:28:30.910,0.76701,0.76716,1.00,1.37
2017.08.07 11:28:31.351,0.76703,0.76716,1.00,1.37
2017.08.07 11:28:33.612,0.76701,0.76717,1.00,1.37
2017.08.07 11:28:34.603,0.76702,0.76715,1.00,1.12
2017.08.07 11:28:34.848,0.767,0.76714,1.00,1.37
2017.08.07 11:28:35.398,0.767,0.76714,1.00,1.37
2017.08.07 11:28:35.977,0.76699,0.76713,1.00,1.37
2017.08.07 11:28:37.873,0.76698,0.76712,1.00,1.12
2017.08.07 11:28:38.513,0.76698,0.76712,1.00,1.37
2017.08.07 11:28:40.423,0.76697,0.76712,1.00,1.37
2017.08.07 11:28:41.015,0.76696,0.76711,1.00,1.12
2017.08.07 11:28:42.049,0.76697,0.76711,1.00,1.12
2017.08.07 11:28:42.788,0.76698,0.76712,1.00,1.37
2017.08.07 11:28:42.940,0.76699,0.76715,1.00,1.37
2017.08.07 11:28:43.142,0.76697,0.76715,1.12,1.37
2017.08.07 11:28:43.795,0.76697,0.76715,1.00,1.37
2017.08.07 11:28:49.774,0.76697,0.76712,1.00,1.00
2017.08.07 11:28:49.875,0.76694,0.76708,1.37,1.00
2017.08.07 11:28:49.925,0.76694,0.76708,1.12,1.00
2017.08.07 11:28:50.436,0.76693,0.76708,1.00,1.12
2017.08.07 11:28:51.223,0.76692,0.76706,1.00,1.00
2017.08.07 11:28:52.139,0.76693,0.76707,1.00,1.37
2017.08.07 11:28:53.526,0.76692,0.76706,1.00,1.12
2017.08.07 11:28:55.528,0.76691,0.76707,1.00,1.37
2017.08.07 11:28:57.017,0.76692,0.76707,1.00,1.37
2017.08.07 11:28:57.918,0.76692,0.76707,1.00,1.12
2017.08.07 11:28:58.461,0.76692,0.76707,1.00,1.37
2017.08.07 11:28:59.764,0.76693,0.76707,1.00,1.37
2017.08.07 11:29:01.673,0.76691,0.76708,1.00,1.37
2017.08.07 11:29:01.811,0.76695,0.7671,1.00,1.37
2017.08.07 11:29:01.963,0.76695,0.7671,1.00,1.37
2017.08.07 11:29:03.342,0.76694,0.76709,1.00,1.37
2017.08.07 11:29:03.443,0.76693,0.76708,1.00,1.37
2017.08.07 11:29:05.236,0.76694,0.76709,1.00,1.37
2017.08.07 11:29:05.811,0.76694,0.76709,1.00,1.12
2017.08.07 11:29:06.770,0.76694,0.76709,1.00,1.37
2017.08.07 11:29:07.527,0.76693,0.76708,1.00,1.12
2017.08.07 11:29:10.714,0.76689,0.76705,1.37,1.00
2017.08.07 11:29:11.050,0.76689,0.76704,1.00,1.37
2017.08.07 11:29:11.799,0.76689,0.76704,1.00,1.00
2017.08.07 11:29:12.510,0.7669,0.76704,1.00,1.00
2017.08.07 11:29:16.099,0.76689,0.76706,1.00,1.37
2017.08.07 11:29:16.402,0.76694,0.76709,1.00,1.12
2017.08.07 11:29:19.261,0.76694,0.76711,1.00,1.12
2017.08.07 11:29:19.881,0.76695,0.76711,1.00,1.12
2017.08.07 11:29:20.756,0.76692,0.76708,1.12,1.00
2017.08.07 11:29:21.178,0.76693,0.76708,1.00,1.37
2017.08.07 11:29:21.713,0.76692,0.76708,1.00,1.37
2017.08.07 11:29:22.272,0.76692,0.76708,1.00,1.12
2017.08.07 11:29:22.574,0.76694,0.76708,1.00,1.12
2017.08.07 11:29:22.902,0.76696,0.76712,1.00,1.37
2017.08.07 11:29:23.103,0.76696,0.76712,1.00,1.37
2017.08.07 11:29:23.558,0.76694,0.76714,1.72,3.00
2017.08.07 11:29:23.659,0.76697,0.76712,1.00,1.37
2017.08.07 11:29:24.165,0.76697,0.76712,1.00,1.12
2017.08.07 11:29:25.115,0.76696,0.76714,1.00,1.37
2017.08.07 11:29:32.091,0.76697,0.76716,1.00,3.75
2017.08.07 11:29:34.519,0.76698,0.76715,1.00,1.37
2017.08.07 11:29:37.745,0.76699,0.76716,1.00,2.25
2017.08.07 11:29:38.150,0.76701,0.76716,1.00,3.75
2017.08.07 11:29:38.251,0.76701,0.76716,1.00,1.37
2017.08.07 11:29:38.380,0.76701,0.76716,1.00,1.12
2017.08.07 11:29:38.885,0.76701,0.76716,1.00,1.37
2017.08.07 11:29:38.936,0.76701,0.76716,1.00,1.37
2017.08.07 11:29:39.016,0.76701,0.76716,1.00,1.37
2017.08.07 11:29:39.693,0.767,0.76716,1.00,1.37
2017.08.07 11:29:40.240,0.76701,0.76716,1.00,1.37
2017.08.07 11:29:40.763,0.76702,0.76717,1.00,1.37
2017.08.07 11:29:41.307,0.767,0.76717,1.00,1.37
2017.08.07 11:29:42.068,0.767,0.76717,1.12,1.12
2017.08.07 11:29:42.169,0.767,0.76717,1.00,1.37
2017.08.07 11:29:42.769,0.767,0.76717,1.00,1.37
2017.08.07 11:29:43.071,0.767,0.76717,1.00,1.37
2017.08.07 11:29:43.606,0.76701,0.76717,1.00,1.37
2017.08.07 11:29:44.132,0.76702,0.76718,1.00,1.37
2017.08.07 11:29:44.718,0.76703,0.7672,1.00,3.00
2017.08.07 11:29:45.266,0.76704,0.7672,1.00,1.37
2017.08.07 11:29:45.367,0.76701,0.76717,1.00,1.12
2017.08.07 11:29:45.569,0.76701,0.76717,1.00,1.37
2017.08.07 11:29:46.339,0.76701,0.76717,1.00,1.37
2017.08.07 11:29:48.411,0.767,0.76717,1.00,1.37
2017.08.07 11:29:48.801,0.767,0.76717,1.00,3.75
2017.08.07 11:29:49.054,0.76701,0.76716,1.00,1.37
2017.08.07 11:29:49.158,0.76699,0.76716,1.00,1.37
2017.08.07 11:29:49.260,0.76699,0.76716,1.00,1.37
2017.08.07 11:29:49.804,0.76699,0.76714,1.00,1.12
2017.08.07 11:29:50.315,0.767,0.76715,1.00,1.37
2017.08.07 11:29:50.837,0.76699,0.76714,1.00,1.37
2017.08.07 11:29:51.427,0.767,0.76715,1.00,1.37
2017.08.07 11:29:51.659,0.767,0.76715,1.00,1.00
2017.08.07 11:29:52.186,0.76701,0.76716,1.00,1.12
2017.08.07 11:29:52.364,0.76699,0.76715,1.00,1.00
2017.08.07 11:29:52.875,0.767,0.76716,1.00,1.37
2017.08.07 11:29:53.847,0.76701,0.76716,1.00,1.37
2017.08.07 11:29:54.374,0.767,0.76716,1.00,1.37
2017.08.07 11:29:54.979,0.767,0.76717,1.00,1.37
2017.08.07 11:29:55.905,0.767,0.76715,1.00,1.37
2017.08.07 11:29:57.545,0.76699,0.76715,1.00,1.37
2017.08.07 11:29:59.204,0.76699,0.76713,1.00,1.37
2017.08.07 11:29:59.706,0.76699,0.76713,1.00,1.12
2017.08.07 11:30:00.763,0.76698,0.76713,1.00,1.12
2017.08.07 11:30:01.463,0.76698,0.76713,1.00,1.37
2017.08.07 11:30:06.302,0.76699,0.76713,1.00,1.37
2017.08.07 11:30:06.440,0.76696,0.76714,1.00,1.37
2017.08.07 11:30:06.491,0.767,0.76715,1.00,3.00
2017.08.07 11:30:06.593,0.767,0.76715,1.00,1.37
2017.08.07 11:30:06.744,0.76698,0.76713,1.00,1.00
2017.08.07 11:30:06.895,0.76698,0.76713,1.00,1.37
2017.08.07 11:30:07.447,0.76697,0.76713,1.00,1.37
2017.08.07 11:30:07.497,0.76697,0.76713,1.00,1.12
2017.08.07 11:30:08.221,0.76697,0.76713,1.00,1.37
2017.08.07 11:30:08.747,0.76697,0.76713,1.00,1.12
2017.08.07 11:30:08.899,0.76697,0.76712,1.00,1.37
2017.08.07 11:30:09.521,0.76697,0.76712,1.00,1.37
2017.08.07 11:30:09.594,0.76697,0.76712,1.00,1.00
2017.08.07 11:30:09.695,0.76697,0.76712,1.00,1.37
2017.08.07 11:30:10.219,0.76697,0.76712,1.00,1.00
2017.08.07 11:30:10.744,0.76696,0.76712,1.00,1.00
2017.08.07 11:30:10.845,0.76696,0.76712,1.00,1.37
2017.08.07 11:30:10.946,0.76696,0.76712,1.00,1.12
2017.08.07 11:30:11.437,0.76696,0.76712,1.00,1.37
2017.08.07 11:30:11.538,0.76696,0.76712,1.00,1.12
2017.08.07 11:30:12.040,0.76696,0.76713,1.00,1.47
2017.08.07 11:30:12.201,0.76696,0.76713,1.00,1.47
2017.08.07 11:30:12.845,0.76696,0.76713,1.00,1.47
2017.08.07 11:30:12.946,0.76696,0.76713,1.00,1.47
2017.08.07 11:30:13.195,0.76698,0.76713,1.00,1.47
2017.08.07 11:30:13.512,0.76698,0.76713,1.00,1.37
2017.08.07 11:30:13.725,0.76695,0.76711,1.00,1.12
2017.08.07 11:30:14.300,0.76695,0.76711,1.00,1.37
2017.08.07 11:30:15.246,0.76696,0.76712,1.00,1.37
2017.08.07 11:30:15.806,0.76695,0.76711,1.00,1.37
2017.08.07 11:30:17.025,0.76695,0.76711,1.00,1.37
2017.08.07 11:30:17.677,0.76694,0.7671,1.00,1.37
2017.08.07 11:30:18.134,0.76696,0.7671,1.00,1.37
2017.08.07 11:30:18.331,0.76696,0.7671,1.00,1.12
2017.08.07 11:30:19.650,0.76695,0.76709,1.00,1.00
2017.08.07 11:30:19.858,0.76693,0.76707,1.00,1.00
2017.08.07 11:30:20.946,0.76694,0.76708,1.00,1.37
2017.08.07 11:30:21.485,0.76695,0.76709,1.00,1.37
2017.08.07 11:30:22.113,0.76694,0.76709,1.00,1.37
2017.08.07 11:30:24.331,0.76693,0.76708,1.00,1.37
2017.08.07 11:30:24.635,0.76693,0.76709,1.00,1.12
2017.08.07 11:30:24.948,0.76695,0.76709,1.00,1.37
2017.08.07 11:30:25.150,0.76695,0.7671,1.00,1.12
2017.08.07 11:30:26.123,0.76694,0.76711,1.00,1.37
2017.08.07 11:30:27.529,0.76694,0.76711,1.00,1.37
2017.08.07 11:30:32.000,0.76695,0.76712,1.00,1.37
2017.08.07 11:30:32.152,0.76696,0.76712,1.00,1.37
2017.08.07 11:30:33.247,0.76695,0.76711,1.00,1.12
2017.08.07 11:30:34.788,0.76694,0.76712,1.00,1.37
2017.08.07 11:30:35.505,0.76695,0.76712,1.00,1.37
2017.08.07 11:30:36.513,0.76696,0.76712,1.00,1.37
2017.08.07 11:30:37.106,0.76697,0.76713,1.00,1.37
2017.08.07 11:30:37.308,0.76693,0.7671,1.00,1.00
2017.08.07 11:30:37.359,0.76693,0.7671,1.00,1.37
2017.08.07 11:30:38.144,0.76693,0.7671,1.00,1.37
2017.08.07 11:30:40.868,0.76694,0.76709,1.00,1.37
2017.08.07 11:30:41.394,0.76693,0.76708,1.00,1.37
2017.08.07 11:30:52.384,0.76693,0.76707,1.00,1.37
2017.08.07 11:30:52.485,0.76691,0.76707,1.00,1.37
2017.08.07 11:30:53.998,0.76691,0.76707,1.00,1.00
2017.08.07 11:30:54.111,0.76694,0.76708,1.00,1.12
2017.08.07 11:30:54.473,0.76691,0.76706,1.47,1.00
2017.08.07 11:30:54.986,0.76691,0.76706,1.00,1.37
2017.08.07 11:30:55.904,0.76692,0.76706,1.00,1.37
2017.08.07 11:30:56.419,0.76693,0.76707,1.00,1.37
2017.08.07 11:30:56.520,0.76695,0.7671,1.00,1.37
2017.08.07 11:30:56.622,0.76693,0.7671,1.00,1.37
2017.08.07 11:30:57.249,0.76693,0.7671,1.12,1.12
2017.08.07 11:30:57.519,0.76695,0.76709,1.00,1.12
2017.08.07 11:31:00.475,0.76699,0.76713,1.00,3.00
2017.08.07 11:31:00.626,0.767,0.76715,1.00,1.37
2017.08.07 11:31:00.828,0.767,0.76715,1.00,1.12
2017.08.07 11:31:01.467,0.76701,0.76716,1.00,1.37
2017.08.07 11:31:06.076,0.767,0.76716,1.00,1.37
2017.08.07 11:31:06.126,0.76702,0.76716,1.00,1.37
2017.08.07 11:31:06.868,0.76702,0.76716,1.00,1.00
2017.08.07 11:31:07.464,0.76701,0.76717,1.00,1.12
2017.08.07 11:31:07.795,0.76704,0.76719,1.00,1.37
2017.08.07 11:31:08.240,0.76702,0.76719,1.00,1.37
2017.08.07 11:31:08.622,0.76704,0.76719,1.00,1.37
2017.08.07 11:31:08.824,0.76705,0.7672,1.00,1.12
2017.08.07 11:31:09.448,0.76706,0.76721,1.00,1.37
2017.08.07 11:31:09.983,0.76705,0.7672,1.00,1.12
2017.08.07 11:31:10.255,0.76703,0.76719,1.12,1.00
2017.08.07 11:31:12.288,0.76702,0.76721,1.12,1.37
2017.08.07 11:31:12.582,0.76704,0.76721,1.00,1.37
2017.08.07 11:31:12.935,0.76702,0.7672,1.00,1.37
2017.08.07 11:31:14.590,0.76701,0.76719,1.20,1.37
2017.08.07 11:31:14.812,0.76701,0.76719,1.00,3.75
2017.08.07 11:31:15.383,0.76699,0.76717,1.57,1.37
2017.08.07 11:31:15.763,0.76704,0.76718,1.00,1.00
2017.08.07 11:31:15.814,0.767,0.76717,1.12,1.00
2017.08.07 11:31:15.966,0.767,0.76715,1.12,1.00
2017.08.07 11:31:16.894,0.76699,0.76713,1.00,1.00
2017.08.07 11:31:17.235,0.76704,0.76718,1.00,1.00
2017.08.07 11:31:17.720,0.76705,0.7672,1.00,1.12
2017.08.07 11:31:18.461,0.76704,0.76719,1.00,1.00
2017.08.07 11:31:18.763,0.76703,0.76718,1.00,1.37
2017.08.07 11:31:19.505,0.76704,0.76718,1.00,1.37
2017.08.07 11:31:20.024,0.76704,0.7672,1.00,1.37
2017.08.07 11:31:23.069,0.76706,0.7672,1.00,1.37
2017.08.07 11:31:23.635,0.76706,0.7672,1.00,1.37
2017.08.07 11:31:24.884,0.76705,0.7672,1.00,1.37
2017.08.07 11:31:25.394,0.76705,0.7672,1.00,1.37
2017.08.07 11:31:25.930,0.76706,0.76721,1.00,1.37
2017.08.07 11:31:26.031,0.76707,0.76722,1.00,1.37
2017.08.07 11:31:26.764,0.76706,0.7672,1.00,1.00
2017.08.07 11:31:27.832,0.76706,0.76721,1.00,1.12
2017.08.07 11:31:30.188,0.76707,0.76722,1.00,1.37
2017.08.07 11:31:30.339,0.7671,0.76724,1.00,1.37
2017.08.07 11:31:30.541,0.7671,0.76724,1.00,1.12
2017.08.07 11:31:31.136,0.76706,0.76722,1.37,1.00
2017.08.07 11:31:31.237,0.76706,0.7672,1.12,1.00
2017.08.07 11:31:31.553,0.76705,0.76719,1.00,1.37
2017.08.07 11:31:31.900,0.76707,0.76722,1.00,3.75
2017.08.07 11:31:32.038,0.76707,0.76722,1.00,1.37
2017.08.07 11:31:32.139,0.76705,0.76722,1.00,1.37
2017.08.07 11:31:32.472,0.76705,0.7672,1.00,1.37
2017.08.07 11:31:35.361,0.76705,0.7672,1.00,1.12
2017.08.07 11:31:37.345,0.76705,0.7672,1.00,1.37
2017.08.07 11:31:38.195,0.76703,0.7672,1.00,1.37
2017.08.07 11:31:40.213,0.76705,0.7672,1.00,1.37
2017.08.07 11:31:40.567,0.76702,0.76718,1.00,1.12
2017.08.07 11:31:40.668,0.76701,0.76716,1.00,1.00
2017.08.07 11:31:40.972,0.76701,0.76716,1.00,1.37
2017.08.07 11:31:41.662,0.767,0.76715,1.00,1.37
2017.08.07 11:31:42.373,0.76701,0.76715,1.00,1.37
2017.08.07 11:31:47.331,0.76699,0.76716,1.00,1.37
2017.08.07 11:31:47.482,0.76698,0.76712,1.00,1.00
2017.08.07 11:31:47.935,0.76698,0.76712,1.00,1.37
2017.08.07 11:31:48.132,0.76696,0.76712,1.00,1.37
2017.08.07 11:31:52.419,0.76698,0.76713,1.00,3.75
2017.08.07 11:31:52.570,0.767,0.76715,1.00,1.37
2017.08.07 11:31:52.672,0.76697,0.76714,1.00,1.37
2017.08.07 11:31:52.773,0.76697,0.76711,1.00,1.00
2017.08.07 11:31:53.097,0.76697,0.76711,1.00,1.37
2017.08.07 11:31:53.969,0.76696,0.76711,1.00,1.37
2017.08.07 11:31:56.444,0.76697,0.76711,1.00,1.37
2017.08.07 11:31:56.873,0.76697,0.76712,1.00,1.37
2017.08.07 11:31:57.465,0.76697,0.76711,1.00,1.37
2017.08.07 11:31:59.414,0.76696,0.7671,1.00,1.12
2017.08.07 11:31:59.581,0.76696,0.7671,1.00,1.37
2017.08.07 11:32:00.816,0.76695,0.76709,1.00,1.37
2017.08.07 11:32:00.918,0.7669,0.76707,1.37,1.00
2017.08.07 11:32:01.019,0.7669,0.76704,1.37,1.00
2017.08.07 11:32:01.760,0.7669,0.76704,1.00,1.37
2017.08.07 11:32:02.435,0.76689,0.76704,1.00,1.37
2017.08.07 11:32:11.391,0.76688,0.76702,1.00,1.00
2017.08.07 11:32:12.085,0.76688,0.76702,1.00,1.37
2017.08.07 11:32:13.066,0.76689,0.76703,1.00,1.37
2017.08.07 11:32:13.369,0.76694,0.76709,1.00,2.25
2017.08.07 11:32:13.521,0.76693,0.76708,1.00,1.37
2017.08.07 11:32:14.492,0.76694,0.76709,1.00,1.37
2017.08.07 11:32:14.643,0.76694,0.76711,1.00,1.37
2017.08.07 11:32:20.644,0.76695,0.7671,1.00,1.37
2017.08.07 11:32:21.159,0.76694,0.76709,1.00,1.12
2017.08.07 11:32:21.753,0.76695,0.76709,1.00,1.12
2017.08.07 11:32:22.535,0.76693,0.7671,1.00,1.37
2017.08.07 11:32:24.086,0.76695,0.76709,1.00,1.12
2017.08.07 11:32:25.087,0.76693,0.7671,1.00,1.37
2017.08.07 11:32:25.366,0.76695,0.7671,1.00,1.37
2017.08.07 11:32:26.068,0.76696,0.76711,1.00,1.37
2017.08.07 11:32:26.371,0.76698,0.76713,1.00,1.12
2017.08.07 11:32:27.086,0.76699,0.76713,1.00,1.12
2017.08.07 11:32:27.643,0.76698,0.76713,1.00,1.12
2017.08.07 11:32:30.203,0.76699,0.76714,1.00,1.37
2017.08.07 11:32:31.864,0.76696,0.76712,1.12,1.00
2017.08.07 11:32:31.965,0.76694,0.76711,1.12,1.12
2017.08.07 11:32:32.123,0.76698,0.76712,1.00,1.37
2017.08.07 11:32:32.376,0.76699,0.76713,1.00,1.12
2017.08.07 11:32:34.085,0.767,0.76714,1.00,1.37
2017.08.07 11:32:34.763,0.767,0.76714,1.00,1.12
2017.08.07 11:32:34.865,0.76698,0.76715,1.00,1.37
2017.08.07 11:32:34.916,0.767,0.76715,1.00,1.37
2017.08.07 11:32:35.643,0.767,0.76715,1.00,1.37
2017.08.07 11:32:37.831,0.76699,0.76713,1.00,1.00
2017.08.07 11:32:39.376,0.767,0.76714,1.00,1.12
2017.08.07 11:32:39.891,0.767,0.76716,1.00,1.37
2017.08.07 11:32:40.194,0.76702,0.76717,1.00,1.12
2017.08.07 11:32:42.466,0.76702,0.76718,1.00,1.12
2017.08.07 11:32:42.794,0.76705,0.76722,1.00,1.37
2017.08.07 11:32:43.347,0.76702,0.76719,1.87,1.10
2017.08.07 11:32:43.398,0.76699,0.76718,1.87,1.37
2017.08.07 11:32:43.974,0.767,0.76717,1.00,1.37
2017.08.07 11:32:44.025,0.767,0.76717,1.12,1.12
2017.08.07 11:32:44.836,0.76701,0.76717,1.00,1.12
2017.08.07 11:32:47.121,0.76701,0.76715,1.00,1.00
2017.08.07 11:32:48.453,0.76699,0.76715,1.00,1.12
2017.08.07 11:32:50.236,0.76701,0.76716,1.00,1.37
2017.08.07 11:32:51.069,0.76698,0.76717,1.12,1.37
2017.08.07 11:32:51.120,0.767,0.76716,1.00,1.37
2017.08.07 11:32:51.448,0.76703,0.76717,1.00,1.00
2017.08.07 11:32:51.768,0.76701,0.76715,1.12,1.00
2017.08.07 11:32:52.071,0.76697,0.76711,1.00,1.12
2017.08.07 11:32:53.394,0.76697,0.76713,1.00,1.37
2017.08.07 11:32:53.903,0.76697,0.76716,1.00,1.37
2017.08.07 11:32:54.390,0.767,0.76717,1.00,3.00
2017.08.07 11:32:54.440,0.767,0.76717,1.00,1.37
2017.08.07 11:32:54.994,0.767,0.76717,1.00,1.37
2017.08.07 11:32:55.511,0.76699,0.76716,1.00,1.37
2017.08.07 11:32:58.118,0.76699,0.76717,1.00,1.37
2017.08.07 11:32:58.169,0.76701,0.76717,1.00,1.37
2017.08.07 11:32:58.220,0.76701,0.76718,1.00,1.37
2017.08.07 11:32:58.335,0.76705,0.76721,1.00,4.50
2017.08.07 11:32:58.436,0.76707,0.76723,1.00,1.37
2017.08.07 11:32:58.537,0.76705,0.76723,1.00,1.37
2017.08.07 11:32:59.685,0.76706,0.76721,1.00,1.12
2017.08.07 11:33:00.282,0.76705,0.76722,1.00,1.37
2017.08.07 11:33:00.809,0.76705,0.7672,1.00,1.12
2017.08.07 11:33:02.555,0.76705,0.7672,1.00,1.37
2017.08.07 11:33:03.288,0.76705,0.76721,1.00,1.37
2017.08.07 11:33:04.288,0.76703,0.76719,1.00,1.12
2017.08.07 11:33:04.339,0.76703,0.76721,1.00,3.07
2017.08.07 11:33:04.439,0.76703,0.76721,1.00,1.45
2017.08.07 11:33:04.541,0.76704,0.76719,1.00,1.37
2017.08.07 11:33:04.945,0.76704,0.76719,1.00,1.12
2017.08.07 11:33:05.979,0.76703,0.76719,1.00,1.12
2017.08.07 11:33:06.970,0.76702,0.76719,1.00,1.12
2017.08.07 11:33:07.121,0.76704,0.76719,1.00,1.12
2017.08.07 11:33:07.630,0.76702,0.76719,1.00,1.37
2017.08.07 11:33:08.866,0.76703,0.7672,1.00,1.37
2017.08.07 11:33:09.076,0.76705,0.76719,1.00,1.12
2017.08.07 11:33:10.129,0.76705,0.76723,1.10,1.37
2017.08.07 11:33:10.527,0.76707,0.76721,1.00,1.37
2017.08.07 11:33:10.876,0.76705,0.7672,1.00,1.37
2017.08.07 11:33:11.873,0.76705,0.76722,1.00,1.37
2017.08.07 11:33:13.117,0.76707,0.76723,1.00,3.00
2017.08.07 11:33:13.269,0.76707,0.76723,1.00,1.37
2017.08.07 11:33:13.784,0.76707,0.76723,1.00,1.37
2017.08.07 11:33:14.945,0.76707,0.76724,1.00,1.37
2017.08.07 11:33:15.472,0.76708,0.76724,1.00,1.37
2017.08.07 11:33:16.510,0.76709,0.76726,1.00,3.75
2017.08.07 11:33:18.226,0.76711,0.76726,1.00,3.00
2017.08.07 11:33:18.378,0.76711,0.76726,1.00,1.00
2017.08.07 11:33:18.919,0.76712,0.76727,1.00,1.37
2017.08.07 11:33:18.970,0.76712,0.76727,1.00,1.12
2017.08.07 11:33:19.121,0.76709,0.76725,1.37,1.00
2017.08.07 11:33:19.424,0.76708,0.76723,1.00,1.37
2017.08.07 11:33:19.676,0.76708,0.76728,1.20,1.37
2017.08.07 11:33:20.090,0.76711,0.76729,1.00,1.37
2017.08.07 11:33:20.395,0.76714,0.76728,1.00,1.00
2017.08.07 11:33:20.740,0.76713,0.76727,1.00,1.37
2017.08.07 11:33:21.329,0.76712,0.76727,1.00,1.37
2017.08.07 11:33:21.717,0.76717,0.76731,1.00,1.37
2017.08.07 11:33:21.770,0.76715,0.76729,1.00,1.00
2017.08.07 11:33:22.244,0.76712,0.76729,1.00,1.37
2017.08.07 11:33:22.455,0.76712,0.76729,1.00,1.37
2017.08.07 11:33:23.169,0.76713,0.76728,1.00,1.12
2017.08.07 11:33:23.636,0.76715,0.7673,1.00,1.12
2017.08.07 11:33:24.115,0.76717,0.76732,1.00,1.12
2017.08.07 11:33:24.767,0.76716,0.76731,1.00,1.00
2017.08.07 11:33:25.585,0.76717,0.76733,1.00,1.37
2017.08.07 11:33:25.686,0.76718,0.76734,1.00,1.37
2017.08.07 11:33:26.484,0.76717,0.76734,1.00,1.37
2017.08.07 11:33:32.877,0.76718,0.76733,1.00,1.12
2017.08.07 11:33:32.927,0.76717,0.76731,1.00,1.00
2017.08.07 11:33:32.978,0.76715,0.76733,1.37,1.12
2017.08.07 11:33:33.029,0.76716,0.76731,1.12,1.00
2017.08.07 11:33:33.080,0.76714,0.76731,1.12,1.12
2017.08.07 11:33:33.385,0.76715,0.7673,1.00,1.37
2017.08.07 11:33:34.029,0.76715,0.7673,1.00,1.00
2017.08.07 11:33:34.573,0.76714,0.7673,1.00,1.12
2017.08.07 11:33:35.117,0.76715,0.76731,1.00,1.12
2017.08.07 11:33:35.532,0.76712,0.7673,1.00,1.37
2017.08.07 11:33:36.121,0.76713,0.76728,1.00,1.12
2017.08.07 11:33:36.633,0.76713,0.76728,1.00,1.37
2017.08.07 11:33:38.292,0.76712,0.76729,1.00,1.37
2017.08.07 11:33:39.895,0.76716,0.76731,1.00,1.12
2017.08.07 11:33:41.560,0.76717,0.76732,1.00,1.37
2017.08.07 11:33:43.715,0.76716,0.76731,1.00,1.12
2017.08.07 11:33:48.993,0.76716,0.7673,1.00,1.00
2017.08.07 11:33:49.311,0.76719,0.76733,1.00,1.12
2017.08.07 11:33:49.982,0.76718,0.76733,1.00,1.12
2017.08.07 11:33:51.353,0.76716,0.76734,1.00,1.37
2017.08.07 11:33:51.902,0.76717,0.76734,1.00,1.37
2017.08.07 11:33:52.898,0.76717,0.76734,1.00,1.12
2017.08.07 11:33:53.415,0.76719,0.76736,1.00,1.95
2017.08.07 11:33:54.065,0.76717,0.76733,1.47,1.00
2017.08.07 11:33:54.370,0.76716,0.76731,1.00,1.00
2017.08.07 11:33:55.019,0.76716,0.76732,1.00,1.12
2017.08.07 11:33:55.679,0.7672,0.76736,1.00,3.00
2017.08.07 11:33:55.831,0.7672,0.76734,1.00,1.00
2017.08.07 11:33:56.360,0.76719,0.76733,1.00,1.00
2017.08.07 11:33:56.461,0.76716,0.76731,1.37,1.00
2017.08.07 11:33:56.562,0.76716,0.76731,1.00,1.12
2017.08.07 11:33:56.959,0.76718,0.76733,1.00,1.37
2017.08.07 11:33:57.060,0.76716,0.76732,1.00,1.12
2017.08.07 11:33:57.626,0.76716,0.76733,1.00,1.12
2017.08.07 11:33:57.744,0.76718,0.76732,1.00,1.00
2017.08.07 11:33:58.286,0.76717,0.76733,1.12,1.00
2017.08.07 11:33:59.047,0.76717,0.76733,1.00,1.37
2017.08.07 11:33:59.608,0.76716,0.76734,1.00,1.47
2017.08.07 11:33:59.945,0.76715,0.7673,1.00,1.00
2017.08.07 11:34:00.288,0.76715,0.76731,1.00,1.37
2017.08.07 11:34:00.799,0.76714,0.76731,1.00,1.37
2017.08.07 11:34:01.016,0.76712,0.76731,1.00,1.37
2017.08.07 11:34:01.168,0.76714,0.76728,1.00,1.00
2017.08.07 11:34:01.219,0.76715,0.7673,1.00,1.12
2017.08.07 11:34:01.320,0.76717,0.76731,1.00,1.37
2017.08.07 11:34:01.421,0.76718,0.76733,1.00,1.37
2017.08.07 11:34:01.888,0.76715,0.7673,1.37,1.00
2017.08.07 11:34:02.456,0.76715,0.7673,1.00,1.37
2017.08.07 11:34:03.168,0.76715,0.7673,1.00,1.00
2017.08.07 11:34:04.950,0.76716,0.7673,1.00,1.00
2017.08.07 11:34:05.184,0.76713,0.76728,1.00,1.00
2017.08.07 11:34:05.235,0.76715,0.76729,1.00,1.37
2017.08.07 11:34:05.779,0.76715,0.76729,1.00,1.00
2017.08.07 11:34:06.374,0.76714,0.7673,1.12,1.00
2017.08.07 11:34:07.560,0.76714,0.76732,1.00,1.37
2017.08.07 11:34:09.292,0.76713,0.7673,1.00,1.37
2017.08.07 11:34:09.595,0.76712,0.76726,1.00,1.00
2017.08.07 11:34:10.369,0.76713,0.76727,1.00,1.12
2017.08.07 11:34:10.893,0.76712,0.76726,1.00,1.00
2017.08.07 11:34:11.441,0.76711,0.76726,1.00,1.00
2017.08.07 11:34:11.744,0.76708,0.76723,1.37,1.00
2017.08.07 11:34:11.794,0.76709,0.76725,1.37,1.00
2017.08.07 11:34:11.845,0.76709,0.76723,1.00,1.00
2017.08.07 11:34:12.047,0.7671,0.76725,1.00,1.00
2017.08.07 11:34:12.186,0.76712,0.76726,1.00,1.00
2017.08.07 11:34:12.672,0.76714,0.76728,1.00,1.00
2017.08.07 11:34:13.214,0.76714,0.7673,1.00,1.00
2017.08.07 11:34:13.315,0.76713,0.76728,1.12,1.00
2017.08.07 11:34:14.277,0.76712,0.76728,1.12,1.00
2017.08.07 11:34:14.910,0.76711,0.76727,1.37,1.00
2017.08.07 11:34:15.221,0.7671,0.76725,1.00,1.00
2017.08.07 11:34:15.756,0.7671,0.76724,1.12,1.00
2017.08.07 11:34:16.931,0.76709,0.76723,1.12,1.00
2017.08.07 11:34:17.531,0.76709,0.76724,1.00,1.00
2017.08.07 11:34:18.193,0.76709,0.76726,1.00,1.47
2017.08.07 11:34:21.963,0.7671,0.76726,1.00,1.37
2017.08.07 11:34:22.795,0.76711,0.76727,1.00,1.37
2017.08.07 11:34:22.896,0.76711,0.76727,1.00,1.00
2017.08.07 11:34:23.415,0.76711,0.76727,1.00,1.37
2017.08.07 11:34:23.930,0.76711,0.76725,1.00,1.00
2017.08.07 11:34:30.322,0.7671,0.76724,1.00,1.00
2017.08.07 11:34:30.423,0.76707,0.76721,1.37,1.00
2017.08.07 11:34:30.524,0.76706,0.76723,1.00,1.00
2017.08.07 11:34:30.713,0.76706,0.76721,1.00,1.00
2017.08.07 11:34:31.254,0.76707,0.76724,1.12,1.37
2017.08.07 11:34:31.381,0.76709,0.76724,1.00,1.00
2017.08.07 11:34:31.858,0.76705,0.76719,1.37,1.00
2017.08.07 11:34:31.909,0.76703,0.76718,2.62,1.00
2017.08.07 11:34:32.010,0.76702,0.76716,1.12,1.00
2017.08.07 11:34:32.810,0.76702,0.76718,1.00,1.12
2017.08.07 11:34:32.953,0.76702,0.76718,1.00,1.37
2017.08.07 11:34:33.403,0.76704,0.76718,1.00,1.00
2017.08.07 11:34:33.965,0.76704,0.76719,1.00,1.12
2017.08.07 11:34:34.911,0.76703,0.76717,1.00,1.00
2017.08.07 11:34:35.820,0.767,0.76714,1.12,1.00
2017.08.07 11:34:35.921,0.76698,0.76715,1.12,1.12
2017.08.07 11:34:36.022,0.767,0.76715,1.00,1.37
2017.08.07 11:34:36.555,0.767,0.76715,1.00,1.00
2017.08.07 11:34:36.899,0.76704,0.76719,1.00,1.00
2017.08.07 11:34:37.489,0.76703,0.7672,1.00,1.47
2017.08.07 11:34:37.791,0.76708,0.76722,1.00,1.00
2017.08.07 11:34:37.842,0.76706,0.76721,1.00,1.00
2017.08.07 11:34:38.485,0.76705,0.76721,1.00,1.00
2017.08.07 11:34:38.937,0.76707,0.76722,1.00,1.12
2017.08.07 11:34:40.701,0.76707,0.76723,1.00,1.12
2017.08.07 11:34:41.113,0.76706,0.76721,1.00,1.12
2017.08.07 11:34:42.295,0.76707,0.76724,1.00,1.37
2017.08.07 11:34:42.346,0.76707,0.76724,1.00,1.37
2017.08.07 11:34:42.905,0.76707,0.76724,1.12,1.12
2017.08.07 11:34:42.955,0.76709,0.76724,1.00,1.12
2017.08.07 11:34:43.626,0.76708,0.76725,1.00,1.00
2017.08.07 11:34:46.710,0.76708,0.76725,1.37,1.00
2017.08.07 11:34:47.143,0.76709,0.76724,1.00,1.37
2017.08.07 11:34:47.712,0.76709,0.76724,1.00,1.12
2017.08.07 11:34:47.880,0.76707,0.76725,1.12,1.37
2017.08.07 11:34:48.569,0.76709,0.76725,1.00,1.37
2017.08.07 11:34:48.822,0.76709,0.76727,1.00,1.12
2017.08.07 11:34:48.923,0.76709,0.76727,1.00,1.37
2017.08.07 11:34:49.455,0.76709,0.76725,1.00,1.00
2017.08.07 11:34:49.980,0.7671,0.76725,1.00,1.12
2017.08.07 11:34:50.400,0.76707,0.76723,1.12,1.00
2017.08.07 11:34:51.561,0.76707,0.76722,1.00,1.00
2017.08.07 11:34:52.978,0.76708,0.76724,1.00,1.37
2017.08.07 11:34:53.180,0.76709,0.76725,1.00,1.37
2017.08.07 11:34:53.888,0.76708,0.76725,1.00,1.37
2017.08.07 11:34:54.054,0.7671,0.76725,1.00,1.37
2017.08.07 11:34:54.256,0.76711,0.76727,1.00,1.37
2017.08.07 11:34:57.939,0.76708,0.76726,1.12,1.37
2017.08.07 11:34:58.112,0.7671,0.76726,1.00,1.37
2017.08.07 11:34:58.625,0.7671,0.76726,1.00,1.12
2017.08.07 11:34:59.474,0.76711,0.76726,1.00,1.12
2017.08.07 11:35:00.109,0.7671,0.76729,1.12,1.37
2017.08.07 11:35:00.441,0.76712,0.76729,1.00,1.37
2017.08.07 11:35:01.230,0.76711,0.7673,1.00,1.37
2017.08.07 11:35:02.387,0.7671,0.76729,1.12,1.37
2017.08.07 11:35:02.721,0.76711,0.76727,1.00,1.37
2017.08.07 11:35:04.523,0.7671,0.76727,1.00,1.47
2017.08.07 11:35:04.877,0.76712,0.76729,1.00,1.37
2017.08.07 11:35:04.978,0.76714,0.76729,1.00,1.12
2017.08.07 11:35:05.843,0.76715,0.76731,1.00,1.37
2017.08.07 11:35:05.944,0.76713,0.76729,1.00,1.12
2017.08.07 11:35:06.476,0.76716,0.76731,1.00,1.37
2017.08.07 11:35:06.701,0.76716,0.76731,1.00,1.12
2017.08.07 11:35:06.966,0.76714,0.76728,1.12,1.00
2017.08.07 11:35:07.937,0.76715,0.76729,1.00,1.12
2017.08.07 11:35:08.528,0.76715,0.76731,1.00,1.47
2017.08.07 11:35:09.282,0.76714,0.76731,1.00,1.12
2017.08.07 11:35:09.383,0.76712,0.76729,1.12,1.00
2017.08.07 11:35:10.012,0.76712,0.76729,1.00,1.37
2017.08.07 11:35:10.533,0.76713,0.76732,1.00,3.45
2017.08.07 11:35:11.037,0.76714,0.76732,1.00,3.07
2017.08.07 11:35:11.628,0.76714,0.76732,1.00,1.45
2017.08.07 11:35:11.881,0.76716,0.76733,1.00,1.80
2017.08.07 11:35:12.422,0.76715,0.76735,1.00,2.17
2017.08.07 11:35:12.953,0.76718,0.76735,1.00,1.80
2017.08.07 11:35:13.465,0.76717,0.76735,1.00,1.47
2017.08.07 11:35:14.045,0.76715,0.76732,1.12,1.12
2017.08.07 11:35:14.191,0.76716,0.76734,1.00,4.57
2017.08.07 11:35:14.799,0.76716,0.76734,1.00,3.07
2017.08.07 11:35:16.725,0.76716,0.76736,1.12,3.07
2017.08.07 11:35:17.251,0.76716,0.76736,1.00,3.07
2017.08.07 11:35:17.403,0.76719,0.76736,1.00,3.45
2017.08.07 11:35:17.922,0.76719,0.76736,1.00,1.57
2017.08.07 11:35:19.728,0.76719,0.76736,1.00,1.45
2017.08.07 11:35:20.272,0.76719,0.76736,1.00,1.47
2017.08.07 11:35:22.305,0.76719,0.76738,1.00,3.45
2017.08.07 11:35:22.793,0.7672,0.76739,1.00,4.20
2017.08.07 11:35:22.995,0.7672,0.76738,1.00,2.32
2017.08.07 11:35:23.500,0.7672,0.76738,1.00,1.47
2017.08.07 11:35:24.053,0.7672,0.76737,1.00,2.25
2017.08.07 11:35:25.042,0.76716,0.76733,1.12,1.20
2017.08.07 11:35:25.245,0.76715,0.76732,1.00,1.37
2017.08.07 11:35:25.530,0.76715,0.76732,1.00,1.37
2017.08.07 11:35:27.363,0.76713,0.76733,1.00,1.45
2017.08.07 11:35:27.414,0.76713,0.76733,1.00,3.82
2017.08.07 11:35:27.846,0.76713,0.76733,1.00,1.95
2017.08.07 11:35:28.004,0.76715,0.76733,1.00,1.45
2017.08.07 11:35:28.514,0.76713,0.76732,1.00,1.47
2017.08.07 11:35:28.616,0.76711,0.76729,1.37,1.72
2017.08.07 11:35:28.962,0.76711,0.76729,1.00,3.67
2017.08.07 11:35:29.677,0.76711,0.76727,1.00,1.47
2017.08.07 11:35:30.195,0.7671,0.76728,1.00,3.07
2017.08.07 11:35:35.105,0.76711,0.76728,1.00,3.07
2017.08.07 11:35:35.622,0.76711,0.76728,1.00,1.47
2017.08.07 11:35:36.083,0.76713,0.76729,1.00,1.47
2017.08.07 11:35:36.211,0.76713,0.76729,1.00,1.47
2017.08.07 11:35:36.712,0.76714,0.76731,1.00,2.32
2017.08.07 11:35:37.213,0.76715,0.76732,1.00,1.87
2017.08.07 11:35:37.932,0.76715,0.76732,1.00,1.87
2017.08.07 11:35:38.646,0.76714,0.76732,1.00,1.37
2017.08.07 11:35:41.018,0.76714,0.76733,1.00,1.45
2017.08.07 11:35:41.544,0.76715,0.76734,1.00,2.70
2017.08.07 11:35:42.280,0.76713,0.76729,1.00,1.00
2017.08.07 11:35:42.613,0.76712,0.76728,1.00,1.37
2017.08.07 11:35:42.927,0.76711,0.76728,1.00,1.47
2017.08.07 11:35:43.366,0.76711,0.76727,1.00,1.45
2017.08.07 11:35:44.064,0.76711,0.76727,1.00,3.07
2017.08.07 11:35:44.199,0.76709,0.76727,1.00,2.32
2017.08.07 11:35:44.746,0.7671,0.76727,1.00,3.82
2017.08.07 11:35:45.648,0.7671,0.76727,1.00,1.95
2017.08.07 11:35:46.237,0.7671,0.76727,1.00,3.82
2017.08.07 11:35:46.548,0.76711,0.76727,1.00,1.45
2017.08.07 11:35:46.726,0.76708,0.76724,1.00,1.20
2017.08.07 11:35:46.776,0.76704,0.76722,1.37,1.00
2017.08.07 11:35:46.827,0.76704,0.76722,1.00,2.17
2017.08.07 11:35:46.928,0.76703,0.7672,1.00,1.37
2017.08.07 11:35:47.462,0.76703,0.7672,1.00,3.07
2017.08.07 11:35:47.664,0.76703,0.7672,1.00,1.12
2017.08.07 11:35:47.765,0.76703,0.7672,1.00,1.47
2017.08.07 11:35:48.285,0.76702,0.7672,1.00,1.37
2017.08.07 11:35:48.802,0.76702,0.7672,1.00,1.47
2017.08.07 11:35:49.054,0.76702,0.76721,1.12,1.47
2017.08.07 11:35:49.155,0.76702,0.76721,1.00,3.07
2017.08.07 11:35:49.727,0.76703,0.7672,1.00,1.37
2017.08.07 11:35:50.322,0.76706,0.76721,1.00,2.25
2017.08.07 11:35:50.372,0.76702,0.76721,1.00,2.25
2017.08.07 11:35:50.423,0.76704,0.76721,1.00,2.32
2017.08.07 11:35:50.474,0.76704,0.76722,1.00,1.45
2017.08.07 11:35:51.492,0.76702,0.7672,1.00,1.37
2017.08.07 11:35:51.542,0.76704,0.7672,1.00,1.37
2017.08.07 11:35:52.282,0.76704,0.7672,1.00,1.12
2017.08.07 11:35:52.786,0.76704,0.7672,1.00,1.37
2017.08.07 11:35:52.887,0.76702,0.7672,1.12,1.37
2017.08.07 11:35:52.938,0.76705,0.76721,1.00,1.72
2017.08.07 11:35:53.448,0.76706,0.76721,1.00,1.12
2017.08.07 11:35:54.651,0.76705,0.76721,1.00,1.12
2017.08.07 11:35:55.287,0.76705,0.76721,1.00,1.37
2017.08.07 11:35:55.813,0.76706,0.76721,1.00,1.37
2017.08.07 11:35:56.140,0.76706,0.76721,1.00,1.12
2017.08.07 11:35:56.851,0.76706,0.76722,1.00,1.37
2017.08.07 11:35:57.341,0.76704,0.76723,1.12,1.72
2017.08.07 11:35:57.845,0.76705,0.76722,1.00,1.37
2017.08.07 11:35:58.077,0.76703,0.7672,1.00,1.00
2017.08.07 11:35:58.581,0.76704,0.7672,1.00,1.37
2017.08.07 11:35:59.113,0.76704,0.7672,1.00,1.12
2017.08.07 11:35:59.677,0.76704,0.76723,1.12,1.80
2017.08.07 11:36:00.713,0.76706,0.76722,1.00,1.37
2017.08.07 11:36:01.905,0.76705,0.76721,1.00,1.12
2017.08.07 11:36:02.598,0.76705,0.76721,1.00,1.37
2017.08.07 11:36:04.072,0.76704,0.76721,1.00,1.37
2017.08.07 11:36:04.581,0.76704,0.7672,1.00,1.37
2017.08.07 11:36:04.787,0.76705,0.76721,1.00,1.12
2017.08.07 11:36:04.858,0.76705,0.76721,1.00,1.37
2017.08.07 11:36:05.372,0.76705,0.76721,1.00,1.12
2017.08.07 11:36:05.473,0.76705,0.76721,1.00,1.37
2017.08.07 11:36:06.046,0.76705,0.76721,1.00,1.37
2017.08.07 11:36:06.692,0.76705,0.76721,1.00,1.37
2017.08.07 11:36:07.394,0.76705,0.76721,1.00,1.37
2017.08.07 11:36:07.927,0.76706,0.76721,1.00,1.12
2017.08.07 11:36:08.562,0.76706,0.76721,1.00,1.37
2017.08.07 11:36:09.398,0.76706,0.76721,1.00,1.12
2017.08.07 11:36:09.932,0.76706,0.76721,1.00,1.37
2017.08.07 11:36:10.619,0.76706,0.76722,1.00,1.37
2017.08.07 11:36:11.656,0.76705,0.76722,1.00,1.37
2017.08.07 11:36:12.281,0.76706,0.76722,1.00,1.37
2017.08.07 11:36:12.889,0.76705,0.76721,1.00,1.12
2017.08.07 11:36:13.536,0.76706,0.76722,1.00,1.37
2017.08.07 11:36:14.357,0.76707,0.76723,1.00,1.47
2017.08.07 11:36:14.876,0.76706,0.76722,1.00,1.37
2017.08.07 11:36:15.128,0.76706,0.76722,1.00,1.12
2017.08.07 11:36:15.179,0.76706,0.76722,1.00,1.37
2017.08.07 11:36:15.718,0.76705,0.76722,1.00,1.37
2017.08.07 11:36:16.401,0.76706,0.76722,1.00,1.37
2017.08.07 11:36:16.580,0.76706,0.76722,1.00,1.12
2017.08.07 11:36:16.681,0.76706,0.76722,1.00,1.37
2017.08.07 11:36:17.215,0.76706,0.76722,1.00,1.37
2017.08.07 11:36:17.783,0.76706,0.76723,1.00,1.37
2017.08.07 11:36:18.112,0.7671,0.76726,1.00,1.87
2017.08.07 11:36:18.403,0.76711,0.76727,1.00,1.37
2017.08.07 11:36:19.191,0.76709,0.76728,1.12,1.37
2017.08.07 11:36:19.772,0.7671,0.76726,1.00,1.12
2017.08.07 11:36:20.310,0.7671,0.76726,1.00,1.37
2017.08.07 11:36:20.972,0.7671,0.76726,1.00,1.12
2017.08.07 11:36:21.704,0.76711,0.76727,1.00,1.37
2017.08.07 11:36:22.293,0.76711,0.76727,1.00,1.12
2017.08.07 11:36:24.163,0.76711,0.76726,1.00,1.00
2017.08.07 11:36:24.682,0.7671,0.76726,1.12,1.00
2017.08.07 11:36:25.198,0.76711,0.76727,1.00,1.12
2017.08.07 11:36:27.079,0.7671,0.76729,1.12,1.72
2017.08.07 11:36:27.196,0.7671,0.76729,1.12,1.72
2017.08.07 11:36:28.301,0.76711,0.76729,1.00,1.72
2017.08.07 11:36:29.023,0.76712,0.76731,1.00,4.35
2017.08.07 11:36:29.225,0.76711,0.76729,1.37,1.30
2017.08.07 11:36:31.619,0.7671,0.76729,1.00,1.37
2017.08.07 11:36:32.278,0.76711,0.76729,1.00,1.37
2017.08.07 11:36:32.692,0.76713,0.76729,1.00,1.37
2017.08.07 11:36:33.319,0.76713,0.7673,1.00,1.37
2017.08.07 11:36:33.521,0.76714,0.76731,1.00,1.37
2017.08.07 11:36:34.043,0.76713,0.76731,1.12,1.37
2017.08.07 11:36:34.583,0.76714,0.76731,1.00,1.37
2017.08.07 11:36:41.377,0.76715,0.76732,1.00,1.72
2017.08.07 11:36:47.904,0.76716,0.76732,1.00,1.72
2017.08.07 11:36:49.766,0.76718,0.76733,1.00,1.97
2017.08.07 11:36:50.142,0.7672,0.76737,1.12,1.12
2017.08.07 11:36:50.751,0.76719,0.76736,1.12,1.12
2017.08.07 11:36:50.924,0.76718,0.76734,1.37,1.00
2017.08.07 11:36:51.274,0.76715,0.76732,1.00,1.00
2017.08.07 11:36:52.045,0.76715,0.76733,1.00,1.20
2017.08.07 11:36:52.240,0.76718,0.76734,1.00,1.37
2017.08.07 11:36:52.790,0.76718,0.76734,1.12,1.00
2017.08.07 11:36:56.474,0.76718,0.76735,1.12,1.12
2017.08.07 11:36:57.979,0.76719,0.76735,1.00,1.12
2017.08.07 11:36:58.555,0.76718,0.76737,1.12,1.12
2017.08.07 11:36:58.606,0.7672,0.76739,1.00,1.37
2017.08.07 11:36:59.120,0.76721,0.76739,1.00,1.37
2017.08.07 11:37:05.196,0.76722,0.76739,1.00,1.37
2017.08.07 11:37:07.192,0.76721,0.76737,1.00,1.00
2017.08.07 11:37:07.725,0.76721,0.76738,1.00,1.12
2017.08.07 11:37:08.385,0.76722,0.76738,1.00,1.12
2017.08.07 11:37:12.320,0.76724,0.7674,1.00,1.37
2017.08.07 11:37:13.291,0.76723,0.76739,1.00,1.37
2017.08.07 11:37:13.469,0.76721,0.76739,1.12,1.05
2017.08.07 11:37:13.999,0.76722,0.76737,1.00,1.00
2017.08.07 11:37:14.667,0.76721,0.76738,1.12,1.20
2017.08.07 11:37:14.768,0.76719,0.76734,1.00,1.00
2017.08.07 11:37:15.703,0.76717,0.76735,1.37,1.12
2017.08.07 11:37:16.424,0.76719,0.76737,1.00,1.47
2017.08.07 11:37:16.952,0.7672,0.76738,1.00,1.37
2017.08.07 11:37:17.472,0.76721,0.76737,1.00,1.12
2017.08.07 11:37:18.248,0.7672,0.76737,1.12,1.12
2017.08.07 11:37:18.695,0.76724,0.76741,1.00,1.45
2017.08.07 11:37:19.447,0.76725,0.76742,1.00,3.07
2017.08.07 11:37:19.651,0.76725,0.76742,1.00,1.37
2017.08.07 11:37:20.185,0.76726,0.76743,1.00,1.47
2017.08.07 11:37:20.768,0.76726,0.76743,1.00,1.47
2017.08.07 11:37:21.625,0.76725,0.76742,1.00,1.37
2017.08.07 11:37:22.187,0.76725,0.76742,1.00,1.47
2017.08.07 11:37:22.339,0.76727,0.76744,1.12,1.20
2017.08.07 11:37:22.440,0.76724,0.76742,1.37,1.00
2017.08.07 11:37:22.779,0.76724,0.76739,1.00,1.00
2017.08.07 11:37:29.231,0.76724,0.7674,1.00,1.12
2017.08.07 11:37:29.685,0.76723,0.76739,1.00,1.37
2017.08.07 11:37:30.342,0.76724,0.7674,1.00,1.37
2017.08.07 11:37:30.749,0.76724,0.7674,1.00,1.12
2017.08.07 11:37:33.967,0.76725,0.76742,1.00,1.37
2017.08.07 11:37:35.190,0.76726,0.76742,1.00,1.37
2017.08.07 11:37:36.157,0.76725,0.76742,1.00,1.37
2017.08.07 11:37:36.450,0.76725,0.76742,1.12,1.12
2017.08.07 11:37:37.362,0.76726,0.76742,1.00,1.12
2017.08.07 11:37:38.067,0.76726,0.76742,1.00,1.37
2017.08.07 11:37:38.630,0.76727,0.76742,1.00,1.12
2017.08.07 11:37:39.291,0.76727,0.76742,1.00,1.37
2017.08.07 11:37:42.918,0.76729,0.76744,1.00,1.37
2017.08.07 11:37:42.969,0.76729,0.76744,1.00,1.37
2017.08.07 11:37:43.070,0.76727,0.76744,1.00,1.37
2017.08.07 11:37:43.585,0.76726,0.76743,1.12,1.12
2017.08.07 11:37:44.369,0.76726,0.76743,1.00,1.37
2017.08.07 11:37:44.897,0.76726,0.76743,1.12,1.12
2017.08.07 11:37:45.533,0.76727,0.76743,1.00,1.12
2017.08.07 11:37:46.273,0.76728,0.76743,1.00,1.12
2017.08.07 11:37:52.108,0.76729,0.76744,1.00,1.37
2017.08.07 11:37:52.201,0.76727,0.76745,1.47,1.00
2017.08.07 11:37:52.252,0.76726,0.76743,1.47,1.00
2017.08.07 11:37:52.304,0.76726,0.76743,1.20,1.12
2017.08.07 11:37:58.098,0.76727,0.76743,1.00,1.12
2017.08.07 11:38:00.030,0.76726,0.76742,1.00,1.12
2017.08.07 11:38:02.212,0.76725,0.76741,1.00,1.00
2017.08.07 11:38:04.915,0.76723,0.76739,1.12,1.00
2017.08.07 11:38:05.264,0.76721,0.76738,1.10,1.37
2017.08.07 11:38:05.910,0.76722,0.76739,1.00,1.37
2017.08.07 11:38:06.637,0.76722,0.76739,1.00,1.12
2017.08.07 11:38:07.413,0.76723,0.76739,1.00,1.12
2017.08.07 11:38:09.349,0.76721,0.76739,1.00,1.12
2017.08.07 11:38:09.450,0.76722,0.76737,1.00,1.00
2017.08.07 11:38:09.853,0.7672,0.76737,1.00,1.37
2017.08.07 11:38:09.955,0.76719,0.76734,1.00,1.00
2017.08.07 11:38:10.324,0.76719,0.76734,1.00,1.37
2017.08.07 11:38:10.631,0.76717,0.76733,1.00,1.37
2017.08.07 11:38:11.145,0.76716,0.76733,1.00,1.37
2017.08.07 11:38:11.737,0.76716,0.76733,1.12,1.12
2017.08.07 11:38:12.606,0.76716,0.76732,1.12,1.00
2017.08.07 11:38:13.137,0.76715,0.76734,1.00,1.37
2017.08.07 11:38:20.941,0.76716,0.76732,1.00,1.37
2017.08.07 11:38:22.523,0.76716,0.76732,1.00,1.00
2017.08.07 11:38:22.624,0.76718,0.76734,1.00,1.37
2017.08.07 11:38:22.833,0.76719,0.76735,1.00,1.12
2017.08.07 11:38:23.958,0.7672,0.76735,1.00,1.12
2017.08.07 11:38:24.312,0.76722,0.76737,1.00,1.37
2017.08.07 11:38:24.825,0.76722,0.76737,1.00,1.37
2017.08.07 11:38:25.373,0.76722,0.76737,1.00,1.00
2017.08.07 11:38:25.626,0.76723,0.7674,1.00,1.12
2017.08.07 11:38:26.164,0.76723,0.76739,1.37,1.00
2017.08.07 11:38:26.741,0.76723,0.76739,1.12,1.00
2017.08.07 11:38:27.411,0.76722,0.7674,1.37,1.12
2017.08.07 11:38:33.127,0.76721,0.76739,1.47,1.00
2017.08.07 11:38:33.178,0.76722,0.76737,1.37,1.00
2017.08.07 11:38:33.279,0.7672,0.76738,1.47,1.00
2017.08.07 11:38:33.790,0.76721,0.76737,1.00,1.00
2017.08.07 11:38:34.333,0.76722,0.76738,1.00,1.12
2017.08.07 11:38:35.862,0.76723,0.76739,1.00,1.37
2017.08.07 11:38:37.222,0.76721,0.76739,1.00,1.37
2017.08.07 11:38:37.830,0.76721,0.76737,1.00,1.00
2017.08.07 11:38:38.411,0.76722,0.76738,1.00,1.12
2017.08.07 11:38:38.959,0.76722,0.7674,1.00,1.12
2017.08.07 11:38:39.467,0.76723,0.7674,1.00,1.12
2017.08.07 11:38:40.070,0.76723,0.7674,1.00,1.37
2017.08.07 11:38:40.951,0.76723,0.7674,1.00,1.37
2017.08.07 11:38:41.052,0.76723,0.7674,1.00,1.12
2017.08.07 11:38:41.670,0.76722,0.76739,1.00,1.37
2017.08.07 11:38:42.195,0.76722,0.76739,1.12,1.12
2017.08.07 11:38:42.772,0.7672,0.76738,1.12,1.37
2017.08.07 11:38:44.375,0.76722,0.7674,1.00,1.37
2017.08.07 11:38:44.761,0.76719,0.76739,1.37,1.37
2017.08.07 11:38:45.059,0.76719,0.76739,1.00,3.00
2017.08.07 11:38:47.205,0.76719,0.76737,1.20,1.37
2017.08.07 11:38:49.830,0.76722,0.76738,1.00,1.37
2017.08.07 11:38:49.881,0.76722,0.76738,1.00,1.12
2017.08.07 11:38:50.909,0.76723,0.76739,1.00,1.37
2017.08.07 11:38:51.011,0.76726,0.76741,1.00,3.00
2017.08.07 11:38:51.112,0.76726,0.76741,1.00,1.00
2017.08.07 11:38:51.988,0.76725,0.76741,1.00,1.12
2017.08.07 11:38:52.502,0.76726,0.76741,1.00,1.12
2017.08.07 11:38:53.075,0.76726,0.76741,1.00,1.37
2017.08.07 11:38:53.341,0.76723,0.7674,1.20,1.12
2017.08.07 11:38:53.442,0.76725,0.7674,1.00,1.00
2017.08.07 11:38:53.977,0.76724,0.76739,1.00,1.00
2017.08.07 11:38:56.715,0.76722,0.76739,1.20,1.00
2017.08.07 11:38:58.104,0.76722,0.76739,1.00,1.00
2017.08.07 11:38:58.432,0.76724,0.76739,1.10,1.00
2017.08.07 11:39:00.304,0.76723,0.76739,1.12,1.00
2017.08.07 11:39:00.846,0.76723,0.76738,1.12,1.00
2017.08.07 11:39:02.193,0.76722,0.76738,1.12,1.12
2017.08.07 11:39:02.756,0.76722,0.76738,1.00,1.37
2017.08.07 11:39:03.817,0.76723,0.76739,1.00,1.37
2017.08.07 11:39:03.918,0.76723,0.76739,1.00,1.12
2017.08.07 11:39:06.533,0.76722,0.7674,1.12,1.37
2017.08.07 11:39:07.047,0.76722,0.7674,1.00,1.37
2017.08.07 11:39:08.178,0.76721,0.76738,1.12,1.12
2017.08.07 11:39:08.339,0.76723,0.76738,1.00,1.00
2017.08.07 11:39:08.646,0.76725,0.7674,1.00,1.00
2017.08.07 11:39:09.210,0.76725,0.7674,1.00,1.37
2017.08.07 11:39:13.248,0.76726,0.76741,1.00,1.37
2017.08.07 11:39:18.417,0.76726,0.76741,1.00,1.37
2017.08.07 11:39:19.510,0.76726,0.76741,1.00,1.00
2017.08.07 11:39:23.315,0.76726,0.76741,1.00,1.37
2017.08.07 11:39:24.392,0.76727,0.76742,1.00,1.37
2017.08.07 11:39:24.995,0.76727,0.76742,1.00,1.37
2017.08.07 11:39:28.492,0.76726,0.76744,1.00,1.37
2017.08.07 11:39:28.996,0.76725,0.7674,1.00,1.00
2017.08.07 11:39:29.516,0.76724,0.76742,1.00,1.37
2017.08.07 11:39:30.517,0.76726,0.76741,1.00,1.12
2017.08.07 11:39:36.539,0.76725,0.7674,1.00,1.00
2017.08.07 11:39:37.539,0.76725,0.76742,1.00,1.37
2017.08.07 11:39:37.954,0.76725,0.7674,1.00,1.37
2017.08.07 11:39:40.834,0.76724,0.7674,1.00,1.37
2017.08.07 11:39:41.522,0.76725,0.7674,1.00,1.37
2017.08.07 11:39:43.308,0.76726,0.76741,1.00,1.37
2017.08.07 11:39:43.677,0.76726,0.76741,1.00,1.12
2017.08.07 11:39:44.223,0.76725,0.7674,1.00,1.00
2017.08.07 11:39:58.399,0.76723,0.76741,1.12,1.37
2017.08.07 11:39:59.064,0.76723,0.76741,1.00,1.37
2017.08.07 11:40:02.077,0.76724,0.76739,1.00,1.12
2017.08.07 11:40:02.457,0.76722,0.76737,1.12,1.00
2017.08.07 11:40:02.760,0.76716,0.76731,1.37,1.00
2017.08.07 11:40:02.811,0.76716,0.76731,1.12,1.00
2017.08.07 11:40:02.912,0.76716,0.76731,1.00,1.37
2017.08.07 11:40:03.013,0.76716,0.76731,1.00,1.72
2017.08.07 11:40:03.121,0.76716,0.76731,1.00,1.72
2017.08.07 11:40:03.730,0.76715,0.7673,1.00,1.37
2017.08.07 11:40:04.359,0.76714,0.76729,1.00,1.12
2017.08.07 11:40:06.976,0.76713,0.76728,1.00,1.00
2017.08.07 11:40:07.412,0.76713,0.76728,1.00,1.37
2017.08.07 11:40:08.753,0.76712,0.76727,1.00,1.37
2017.08.07 11:40:09.288,0.76713,0.76728,1.00,1.37
2017.08.07 11:40:09.339,0.76713,0.76728,1.00,1.12
2017.08.07 11:40:10.163,0.76714,0.76729,1.00,1.37
2017.08.07 11:40:11.497,0.76714,0.7673,1.00,1.37
2017.08.07 11:40:12.274,0.76715,0.7673,1.00,1.37
2017.08.07 11:40:13.515,0.76715,0.76732,1.00,1.37
2017.08.07 11:40:13.818,0.76714,0.7673,1.00,1.37
2017.08.07 11:40:14.345,0.76714,0.7673,1.00,1.37
2017.08.07 11:40:14.954,0.76715,0.7673,1.00,1.37
2017.08.07 11:40:15.673,0.76716,0.76731,1.00,1.37
2017.08.07 11:40:16.277,0.76716,0.76731,1.00,1.37
2017.08.07 11:40:16.934,0.76716,0.76731,1.00,1.12
2017.08.07 11:40:18.025,0.76715,0.76731,1.00,1.12
2017.08.07 11:40:19.050,0.76715,0.7673,1.00,1.00
2017.08.07 11:40:21.322,0.76715,0.76732,1.00,1.12
2017.08.07 11:40:21.945,0.76717,0.76731,1.00,1.00
2017.08.07 11:40:22.197,0.76715,0.76734,1.00,1.37
2017.08.07 11:40:22.349,0.76713,0.7673,1.37,1.00
2017.08.07 11:40:22.680,0.76713,0.7673,1.00,1.37
2017.08.07 11:40:22.832,0.76713,0.7673,1.00,1.12
2017.08.07 11:40:22.933,0.76713,0.7673,1.00,1.37
2017.08.07 11:40:23.418,0.76713,0.76731,1.12,1.72
2017.08.07 11:40:23.957,0.76713,0.76731,1.00,1.72
2017.08.07 11:40:24.108,0.76715,0.76731,1.00,1.37
2017.08.07 11:40:24.610,0.76714,0.7673,1.00,1.12
2017.08.07 11:40:25.121,0.76714,0.7673,1.00,1.37
2017.08.07 11:40:25.622,0.76714,0.7673,1.00,1.12
2017.08.07 11:40:26.323,0.76714,0.7673,1.00,1.37
2017.08.07 11:40:31.248,0.76713,0.7673,1.00,1.37
2017.08.07 11:40:32.169,0.76714,0.76731,1.00,1.37
2017.08.07 11:40:32.816,0.76715,0.76732,1.00,1.72
2017.08.07 11:40:33.533,0.76715,0.76732,1.00,1.72
2017.08.07 11:40:34.307,0.76713,0.76731,1.12,1.37
2017.08.07 11:40:34.767,0.76713,0.76731,1.00,1.37
2017.08.07 11:40:34.969,0.76713,0.76731,1.00,1.12
2017.08.07 11:40:35.246,0.76715,0.7673,1.00,1.12
2017.08.07 11:40:35.735,0.76714,0.76729,1.00,1.37
2017.08.07 11:40:36.246,0.76716,0.76731,1.00,1.37
2017.08.07 11:40:36.420,0.76714,0.76733,1.00,3.60
2017.08.07 11:40:36.952,0.76714,0.76733,1.00,1.72
2017.08.07 11:40:37.456,0.76715,0.76734,1.00,4.35
2017.08.07 11:40:38.101,0.76714,0.76731,1.00,1.37
2017.08.07 11:40:38.831,0.76715,0.7673,1.00,1.12
2017.08.07 11:40:39.752,0.76715,0.76732,1.00,1.37
2017.08.07 11:40:40.266,0.76713,0.76728,1.12,1.00
2017.08.07 11:40:40.368,0.76711,0.76726,1.37,1.00
2017.08.07 11:40:40.958,0.76711,0.76726,1.00,1.12
2017.08.07 11:40:42.216,0.76712,0.76728,1.00,1.37
2017.08.07 11:40:42.938,0.76713,0.76729,1.00,1.37
2017.08.07 11:40:43.442,0.76713,0.76729,1.00,1.37
2017.08.07 11:40:43.795,0.76713,0.76733,1.00,2.47
2017.08.07 11:40:44.251,0.76715,0.76731,1.00,1.37
2017.08.07 11:40:44.791,0.76715,0.76731,1.00,1.12
2017.08.07 11:40:45.315,0.76716,0.76732,1.00,1.72
2017.08.07 11:40:45.850,0.76715,0.76731,1.00,1.12
2017.08.07 11:40:46.400,0.76715,0.76731,1.00,1.37
2017.08.07 11:40:46.922,0.76716,0.76732,1.00,1.37
2017.08.07 11:40:49.862,0.76716,0.76733,1.00,1.37
2017.08.07 11:40:50.608,0.76716,0.76733,1.00,1.37
2017.08.07 11:40:57.376,0.76716,0.76733,1.00,1.12
2017.08.07 11:40:59.442,0.76717,0.76731,1.00,1.00
2017.08.07 11:40:59.829,0.76714,0.76729,1.00,1.00
2017.08.07 11:41:00.032,0.76712,0.76728,1.00,1.12
2017.08.07 11:41:00.221,0.76712,0.76728,1.00,1.37
2017.08.07 11:41:01.389,0.76712,0.76728,1.00,1.37
2017.08.07 11:41:02.136,0.76712,0.76728,1.00,1.12
2017.08.07 11:41:03.437,0.76712,0.76727,1.00,1.00
2017.08.07 11:41:04.181,0.76711,0.76727,1.00,1.12
2017.08.07 11:41:04.731,0.76712,0.76727,1.00,1.00
2017.08.07 11:41:05.168,0.7671,0.76725,1.37,1.00
2017.08.07 11:41:05.770,0.7671,0.76725,1.00,1.00
2017.08.07 11:41:06.436,0.76711,0.76725,1.00,1.00
2017.08.07 11:41:07.438,0.7671,0.76727,1.00,1.37
2017.08.07 11:41:08.246,0.76711,0.76727,1.00,1.37
2017.08.07 11:41:09.533,0.76712,0.76728,1.00,1.37
2017.08.07 11:41:09.735,0.76712,0.76728,1.00,1.00
2017.08.07 11:41:09.836,0.76712,0.76728,1.00,1.37
2017.08.07 11:41:10.418,0.76712,0.76728,1.00,1.12
2017.08.07 11:41:10.620,0.76712,0.76727,1.00,1.37
2017.08.07 11:41:10.942,0.76713,0.76728,1.00,1.37
2017.08.07 11:41:11.585,0.76713,0.76728,1.00,1.37
2017.08.07 11:41:12.404,0.76707,0.76724,1.95,1.00
2017.08.07 11:41:12.656,0.76707,0.76724,1.00,1.37
2017.08.07 11:41:12.968,0.7671,0.76727,1.00,1.80
2017.08.07 11:41:14.439,0.76709,0.76724,1.00,1.00
2017.08.07 11:41:15.968,0.7671,0.76726,1.00,1.37
2017.08.07 11:41:16.642,0.7671,0.76726,1.00,1.37
2017.08.07 11:41:17.684,0.76709,0.76726,1.00,1.37
2017.08.07 11:41:19.333,0.76709,0.76725,1.12,1.00
2017.08.07 11:41:20.266,0.76708,0.76725,1.00,1.00
2017.08.07 11:41:20.770,0.76708,0.76723,1.00,1.00
2017.08.07 11:41:21.336,0.76706,0.76723,1.37,1.00
2017.08.07 11:41:21.991,0.76708,0.76723,1.00,1.00
2017.08.07 11:41:22.651,0.76708,0.76724,1.00,1.12
2017.08.07 11:41:25.500,0.76706,0.76724,1.37,1.12
2017.08.07 11:41:25.811,0.76706,0.76724,1.00,1.47
2017.08.07 11:41:26.370,0.76708,0.76723,1.00,1.37
2017.08.07 11:41:26.471,0.76709,0.76725,1.00,1.37
2017.08.07 11:41:26.572,0.76711,0.76728,1.00,1.37
2017.08.07 11:41:26.873,0.76711,0.76728,1.00,1.45
2017.08.07 11:41:27.075,0.7671,0.76726,1.00,1.37
2017.08.07 11:41:27.905,0.76709,0.76725,1.00,1.12
2017.08.07 11:41:28.410,0.76708,0.76724,1.00,1.12
2017.08.07 11:41:29.166,0.76709,0.76726,1.00,1.47
2017.08.07 11:41:29.740,0.76708,0.76724,1.00,1.12
2017.08.07 11:41:30.866,0.76707,0.76722,1.00,1.00
2017.08.07 11:41:32.375,0.76707,0.76723,1.00,1.12
2017.08.07 11:41:32.476,0.76707,0.76726,1.37,1.37
2017.08.07 11:41:33.130,0.7671,0.76726,1.00,1.37
2017.08.07 11:41:36.340,0.76708,0.76727,1.12,1.37
2017.08.07 11:41:36.965,0.76707,0.76723,1.47,1.00
2017.08.07 11:41:37.393,0.76706,0.76724,1.20,1.00
2017.08.07 11:41:37.513,0.76705,0.76722,1.57,1.00
2017.08.07 11:41:38.167,0.76705,0.76722,1.12,1.12
2017.08.07 11:41:41.065,0.76702,0.76717,1.37,1.00
2017.08.07 11:41:41.217,0.76701,0.76718,1.12,1.12
2017.08.07 11:41:41.268,0.76703,0.76718,1.00,1.12
2017.08.07 11:41:42.027,0.76703,0.76719,1.12,1.00
2017.08.07 11:41:42.546,0.76704,0.7672,1.12,1.00
2017.08.07 11:41:43.547,0.76704,0.76719,1.00,1.00
2017.08.07 11:41:44.051,0.76702,0.76719,1.37,1.00
2017.08.07 11:41:44.820,0.76702,0.76717,1.00,1.00
2017.08.07 11:41:45.122,0.76696,0.76711,1.12,1.00
2017.08.07 11:41:45.518,0.76694,0.7671,1.00,1.12
2017.08.07 11:41:46.496,0.76694,0.7671,1.00,1.37
2017.08.07 11:41:47.013,0.76695,0.76712,1.00,3.00
2017.08.07 11:41:47.517,0.76695,0.7671,1.00,1.00
2017.08.07 11:41:47.968,0.76693,0.76708,1.00,1.00
2017.08.07 11:41:48.360,0.76692,0.76707,1.00,1.37
2017.08.07 11:41:48.618,0.76695,0.7671,1.00,1.12
2017.08.07 11:41:49.320,0.76694,0.76711,1.12,1.37
2017.08.07 11:41:50.592,0.76694,0.76711,1.00,1.37
2017.08.07 11:41:51.111,0.76696,0.76712,1.00,1.45
2017.08.07 11:41:51.650,0.76695,0.76712,1.00,1.37
2017.08.07 11:41:52.004,0.76697,0.76712,1.00,1.12
2017.08.07 11:41:53.230,0.76698,0.76715,1.00,1.47
2017.08.07 11:41:53.839,0.76699,0.76716,1.00,1.47
2017.08.07 11:41:54.825,0.76698,0.76716,1.00,1.47
2017.08.07 11:41:55.650,0.76699,0.76717,1.00,1.80
2017.08.07 11:41:58.577,0.767,0.76715,1.00,1.37
2017.08.07 11:42:01.570,0.76698,0.76715,1.00,1.37
2017.08.07 11:42:02.203,0.76698,0.76715,1.12,1.12
2017.08.07 11:42:02.721,0.76698,0.76716,1.00,1.37
2017.08.07 11:42:03.126,0.76697,0.76714,1.00,1.37
2017.08.07 11:42:03.441,0.76699,0.76714,1.00,1.37
2017.08.07 11:42:06.597,0.76694,0.76711,1.37,1.10
2017.08.07 11:42:06.647,0.76695,0.76709,1.12,1.00
2017.08.07 11:42:07.173,0.76694,0.76709,1.00,1.37
2017.08.07 11:42:07.730,0.76693,0.76708,1.00,1.12
2017.08.07 11:42:08.331,0.76693,0.76708,1.00,1.37
2017.08.07 11:42:08.870,0.76694,0.76709,1.00,1.47
2017.08.07 11:42:09.395,0.76694,0.76709,1.00,1.37
2017.08.07 11:42:09.607,0.76692,0.76707,1.00,1.00
2017.08.07 11:42:10.130,0.76692,0.76707,1.00,1.37
2017.08.07 11:42:13.761,0.76694,0.76711,1.00,3.00
2017.08.07 11:42:13.862,0.76694,0.76711,1.00,1.37
2017.08.07 11:42:15.689,0.76696,0.76712,1.00,1.37
2017.08.07 11:42:16.042,0.76698,0.76714,1.00,1.37
2017.08.07 11:42:16.145,0.76698,0.76714,1.00,1.37
2017.08.07 11:42:16.723,0.767,0.76715,1.00,1.37
2017.08.07 11:42:16.976,0.76702,0.76716,1.00,1.12
2017.08.07 11:42:18.266,0.767,0.76716,1.00,1.00
2017.08.07 11:42:27.467,0.767,0.76717,1.12,1.12
2017.08.07 11:42:28.475,0.76699,0.76715,1.37,1.00
2017.08.07 11:42:29.010,0.767,0.76717,1.00,1.37
2017.08.07 11:42:29.868,0.76699,0.76715,1.12,1.00
2017.08.07 11:42:31.675,0.76699,0.76715,1.00,1.37
2017.08.07 11:42:32.440,0.76699,0.76715,1.00,1.12
2017.08.07 11:42:33.169,0.767,0.76716,1.00,1.37
2017.08.07 11:42:33.427,0.76701,0.76717,1.00,1.12
2017.08.07 11:42:33.807,0.76699,0.76716,1.12,1.12
2017.08.07 11:42:34.472,0.76701,0.76717,1.00,1.47
2017.08.07 11:42:35.082,0.767,0.76716,1.00,1.12
2017.08.07 11:42:35.881,0.76698,0.76716,1.00,1.12
2017.08.07 11:42:37.951,0.76699,0.76715,1.00,1.00
2017.08.07 11:42:42.494,0.76699,0.76717,1.00,1.37
2017.08.07 11:42:42.598,0.76699,0.76717,1.00,1.47
2017.08.07 11:42:43.130,0.76699,0.76717,1.00,1.45
2017.08.07 11:42:43.702,0.767,0.76717,1.00,1.37
2017.08.07 11:42:44.414,0.76698,0.76713,1.37,1.00
2017.08.07 11:42:44.704,0.76696,0.76712,1.00,1.12
2017.08.07 11:42:47.727,0.76696,0.76711,1.00,1.00
2017.08.07 11:42:48.821,0.76697,0.76712,1.00,1.12
2017.08.07 11:42:51.518,0.76696,0.76712,1.00,1.12
2017.08.07 11:42:52.755,0.76695,0.76711,1.00,1.12
2017.08.07 11:42:52.805,0.76694,0.76709,1.12,1.00
2017.08.07 11:42:53.279,0.76693,0.76708,1.00,1.37
2017.08.07 11:42:53.664,0.76694,0.7671,1.00,1.45
2017.08.07 11:42:54.268,0.76694,0.76712,1.00,2.32
2017.08.07 11:42:55.170,0.76696,0.76712,1.00,1.37
2017.08.07 11:42:55.322,0.76696,0.76713,1.00,1.47
2017.08.07 11:42:55.849,0.76696,0.76712,1.00,1.37
2017.08.07 11:42:56.696,0.76698,0.76713,1.00,1.37
2017.08.07 11:42:57.204,0.76698,0.76713,1.00,1.37
2017.08.07 11:42:57.609,0.76695,0.76714,1.12,1.80
2017.08.07 11:42:58.123,0.76696,0.76711,1.00,1.12
2017.08.07 11:42:58.326,0.76694,0.76712,1.12,1.47
2017.08.07 11:42:58.873,0.76695,0.76711,1.00,1.37
2017.08.07 11:42:59.539,0.76695,0.7671,1.00,1.37
2017.08.07 11:43:00.066,0.76694,0.7671,1.00,1.37
2017.08.07 11:43:00.697,0.76695,0.76711,1.00,1.37
2017.08.07 11:43:00.748,0.76695,0.76711,1.00,1.12
2017.08.07 11:43:01.795,0.76696,0.76712,1.00,1.00
2017.08.07 11:43:02.322,0.76696,0.76713,1.00,1.12
2017.08.07 11:43:04.966,0.76699,0.76713,1.00,1.12
2017.08.07 11:43:05.955,0.76699,0.76714,1.00,1.00
2017.08.07 11:43:07.385,0.76697,0.76715,1.37,1.12
2017.08.07 11:43:07.920,0.76697,0.76715,1.00,1.20
2017.08.07 11:43:08.619,0.76696,0.76714,1.12,1.00
2017.08.07 11:43:09.280,0.76697,0.76715,1.00,1.12
2017.08.07 11:43:09.995,0.76698,0.76715,1.00,1.12
2017.08.07 11:43:10.445,0.767,0.76714,1.00,1.00
2017.08.07 11:43:10.596,0.76698,0.76714,1.00,1.00
2017.08.07 11:43:11.162,0.76698,0.76715,1.00,1.12
2017.08.07 11:43:11.949,0.76699,0.76716,1.00,1.37
2017.08.07 11:43:12.998,0.76698,0.76715,1.00,1.12
2017.08.07 11:43:13.804,0.76698,0.76714,1.00,1.00
2017.08.07 11:43:21.538,0.76698,0.76715,1.00,1.12
2017.08.07 11:43:23.487,0.76699,0.76715,1.00,1.12
2017.08.07 11:43:27.157,0.76698,0.76715,1.00,1.12
2017.08.07 11:43:27.208,0.76701,0.76717,1.00,1.37
2017.08.07 11:43:27.330,0.76699,0.76716,1.12,1.12
2017.08.07 11:43:28.951,0.767,0.76716,1.00,1.12
2017.08.07 11:43:31.882,0.767,0.76717,1.00,1.12
2017.08.07 11:43:32.273,0.76698,0.76718,1.12,1.47
2017.08.07 11:43:34.006,0.76698,0.76716,1.12,1.00
2017.08.07 11:43:34.107,0.76696,0.76714,1.37,1.12
2017.08.07 11:43:34.753,0.76696,0.76714,1.00,1.12
2017.08.07 11:43:35.409,0.76696,0.76713,1.00,1.00
2017.08.07 11:43:35.988,0.76697,0.76714,1.00,1.12
2017.08.07 11:43:36.309,0.76699,0.76715,1.00,1.47
2017.08.07 11:43:37.115,0.767,0.76716,1.00,1.37
2017.08.07 11:43:37.418,0.767,0.76716,1.00,1.12
2017.08.07 11:43:41.350,0.76699,0.76715,1.00,1.00
2017.08.07 11:43:46.759,0.76698,0.76714,1.00,1.00
2017.08.07 11:43:47.297,0.76697,0.76714,1.00,1.37
2017.08.07 11:43:48.056,0.76696,0.76712,1.12,1.00
2017.08.07 11:43:49.330,0.76694,0.7671,1.12,1.00
2017.08.07 11:43:52.204,0.76692,0.7671,1.12,1.00
2017.08.07 11:43:52.798,0.76692,0.7671,1.37,1.12
2017.08.07 11:43:56.524,0.76692,0.7671,1.12,1.37
2017.08.07 11:44:02.015,0.76694,0.7671,1.00,1.37
2017.08.07 11:44:02.390,0.76697,0.76714,1.00,1.47
2017.08.07 11:44:02.643,0.76697,0.76714,1.00,1.12
2017.08.07 11:44:04.819,0.76696,0.76714,1.00,1.12
2017.08.07 11:44:04.971,0.76696,0.76714,1.00,1.47
2017.08.07 11:44:05.441,0.76694,0.76711,1.00,1.00
2017.08.07 11:44:05.631,0.76692,0.76708,1.37,1.00
2017.08.07 11:44:06.289,0.76692,0.76708,1.00,1.12
2017.08.07 11:44:07.952,0.76691,0.76708,1.12,1.12
2017.08.07 11:44:11.066,0.76691,0.76707,1.12,1.00
2017.08.07 11:44:11.168,0.76689,0.76706,1.00,1.00
2017.08.07 11:44:11.865,0.76689,0.76706,1.00,1.37
2017.08.07 11:44:12.563,0.76688,0.76706,1.12,1.37
2017.08.07 11:44:18.313,0.7669,0.76705,1.00,1.12
2017.08.07 11:44:18.565,0.76688,0.76706,1.00,1.37
2017.08.07 11:44:18.807,0.76686,0.76702,1.12,1.00
2017.08.07 11:44:18.908,0.76683,0.76701,1.12,1.37
2017.08.07 11:44:19.416,0.76683,0.76701,1.00,1.37
2017.08.07 11:44:20.569,0.76685,0.76701,1.00,1.37
2017.08.07 11:44:21.147,0.76685,0.76701,1.00,1.37
2017.08.07 11:44:23.177,0.76684,0.76701,1.00,1.37
2017.08.07 11:44:24.978,0.76684,0.76701,1.12,1.12
2017.08.07 11:44:25.488,0.76684,0.76701,1.00,1.37
2017.08.07 11:44:25.881,0.76684,0.76701,1.12,1.12
2017.08.07 11:44:25.932,0.76686,0.76702,1.00,1.37
2017.08.07 11:44:26.475,0.76686,0.76702,1.00,1.00
2017.08.07 11:44:27.138,0.76686,0.76704,1.12,1.37
2017.08.07 11:44:27.506,0.76689,0.76705,1.00,1.37
2017.08.07 11:44:27.582,0.76689,0.76705,1.00,1.12
2017.08.07 11:44:28.573,0.76689,0.76707,1.12,1.37
2017.08.07 11:44:31.157,0.7669,0.76707,1.00,1.37
2017.08.07 11:44:31.799,0.7669,0.76707,1.00,1.37
2017.08.07 11:44:32.103,0.76691,0.76709,1.12,1.72
2017.08.07 11:44:32.204,0.7669,0.76709,1.12,1.72
2017.08.07 11:44:32.808,0.7669,0.76709,1.00,1.72
2017.08.07 11:44:35.825,0.76691,0.76706,1.00,1.00
2017.08.07 11:44:36.401,0.7669,0.76705,1.00,1.00
2017.08.07 11:44:36.815,0.76692,0.76708,1.00,1.12
2017.08.07 11:44:37.068,0.7669,0.76705,1.37,1.00
2017.08.07 11:44:37.118,0.7669,0.76705,1.00,1.00
2017.08.07 11:44:38.019,0.7669,0.76707,1.00,1.37
2017.08.07 11:44:44.907,0.7669,0.76707,1.00,1.37
2017.08.07 11:45:00.866,0.76691,0.76709,1.00,3.07
2017.08.07 11:45:01.002,0.76693,0.76708,1.00,1.37
2017.08.07 11:45:01.053,0.76693,0.76711,1.00,1.47
2017.08.07 11:45:01.373,0.76695,0.7671,1.00,1.37
2017.08.07 11:45:01.929,0.76695,0.7671,1.00,1.12
2017.08.07 11:45:02.643,0.76696,0.76711,1.00,1.47
2017.08.07 11:45:03.155,0.76696,0.76711,1.00,1.12
2017.08.07 11:45:03.882,0.76696,0.76711,1.00,1.37
2017.08.07 11:45:14.374,0.76695,0.7671,1.00,1.12
2017.08.07 11:45:14.717,0.76692,0.76707,1.00,1.12
2017.08.07 11:45:15.431,0.76691,0.76707,1.00,1.12
2017.08.07 11:45:16.777,0.76691,0.76706,1.00,1.00
2017.08.07 11:45:18.375,0.76691,0.76706,1.00,1.37
2017.08.07 11:45:21.454,0.76691,0.76706,1.00,1.00
2017.08.07 11:45:23.097,0.7669,0.76707,1.00,1.00
2017.08.07 11:45:24.874,0.7669,0.76707,1.00,1.37
2017.08.07 11:45:27.670,0.7669,0.76706,1.00,1.00
2017.08.07 11:45:28.945,0.7669,0.76707,1.00,1.12
2017.08.07 11:45:29.264,0.76692,0.76708,1.00,1.12
2017.08.07 11:45:31.692,0.76693,0.76708,1.00,1.00
2017.08.07 11:45:32.275,0.76693,0.76709,1.00,1.12
2017.08.07 11:45:34.618,0.76695,0.76711,1.00,1.37
2017.08.07 11:45:34.719,0.76695,0.76713,1.10,1.37
2017.08.07 11:45:34.820,0.76697,0.76713,1.00,1.37
2017.08.07 11:45:35.347,0.76697,0.76713,1.00,1.12
2017.08.07 11:45:35.986,0.76697,0.76712,1.00,1.00
2017.08.07 11:45:36.629,0.76698,0.76713,1.00,1.12
2017.08.07 11:45:42.398,0.76696,0.76713,1.12,1.12
2017.08.07 11:45:43.369,0.76697,0.76714,1.00,1.37
2017.08.07 11:45:46.919,0.76698,0.76712,1.00,1.00
2017.08.07 11:45:50.430,0.76696,0.76711,1.00,1.00
2017.08.07 11:45:50.531,0.76694,0.76709,1.37,1.00
2017.08.07 11:45:51.172,0.76694,0.76709,1.00,1.00
2017.08.07 11:45:51.687,0.76694,0.7671,1.00,1.12
2017.08.07 11:45:55.045,0.76695,0.7671,1.00,1.00
2017.08.07 11:45:55.616,0.76695,0.76711,1.00,1.12
2017.08.07 11:45:56.866,0.76696,0.76711,1.00,1.12
2017.08.07 11:45:57.370,0.76695,0.7671,1.00,1.00
2017.08.07 11:45:58.682,0.76696,0.76711,1.00,1.12
2017.08.07 11:45:59.208,0.76697,0.76712,1.00,1.12
2017.08.07 11:46:00.049,0.76698,0.76713,1.00,1.12
2017.08.07 11:46:01.547,0.76698,0.76714,1.12,1.00
2017.08.07 11:46:02.105,0.76699,0.76714,1.00,1.00
2017.08.07 11:46:02.714,0.76698,0.76714,1.12,1.00
2017.08.07 11:46:03.497,0.76697,0.76715,1.12,1.37
2017.08.07 11:46:04.171,0.76697,0.76715,1.12,1.00
2017.08.07 11:46:05.028,0.76697,0.76715,1.12,1.37
2017.08.07 11:46:06.520,0.767,0.76715,1.00,1.37
2017.08.07 11:46:06.913,0.76698,0.76714,1.00,1.00
2017.08.07 11:46:07.166,0.76696,0.76712,1.37,1.00
2017.08.07 11:46:07.267,0.76696,0.76712,1.12,1.00
2017.08.07 11:46:07.927,0.76697,0.76713,1.00,1.00
2017.08.07 11:46:08.536,0.76698,0.76713,1.00,1.00
2017.08.07 11:46:09.198,0.76698,0.76714,1.00,1.00
2017.08.07 11:46:09.750,0.76699,0.76716,1.00,1.37
2017.08.07 11:46:13.687,0.76698,0.76713,1.12,1.00
2017.08.07 11:46:15.709,0.76699,0.76713,1.00,1.00
2017.08.07 11:46:15.911,0.76699,0.76715,1.00,1.12
2017.08.07 11:46:16.466,0.76699,0.76713,1.00,1.00
2017.08.07 11:46:17.364,0.76697,0.76713,1.12,1.00
2017.08.07 11:46:18.180,0.76696,0.76713,1.00,1.00
2017.08.07 11:46:19.258,0.76698,0.76713,1.00,1.00
2017.08.07 11:46:19.813,0.76699,0.76715,1.00,1.47
2017.08.07 11:46:21.896,0.76698,0.76715,1.00,1.37
2017.08.07 11:46:23.399,0.76699,0.76715,1.00,1.37
2017.08.07 11:46:24.119,0.76701,0.76717,1.00,1.47
2017.08.07 11:46:24.270,0.76701,0.76717,1.00,1.12
2017.08.07 11:46:24.836,0.76699,0.76717,1.12,1.12
2017.08.07 11:46:24.937,0.76698,0.76715,1.37,1.00
2017.08.07 11:46:25.436,0.76697,0.76712,1.12,1.00
2017.08.07 11:46:26.463,0.76696,0.76713,1.00,1.00
2017.08.07 11:46:27.058,0.76697,0.76714,1.00,1.12
2017.08.07 11:46:27.600,0.76698,0.76715,1.00,1.37
2017.08.07 11:46:28.138,0.76698,0.76714,1.37,1.00
2017.08.07 11:46:28.406,0.76697,0.76713,1.12,1.00
2017.08.07 11:46:29.029,0.76698,0.76713,1.00,1.00
2017.08.07 11:46:29.561,0.76699,0.76713,1.12,1.00
2017.08.07 11:46:29.866,0.76699,0.76715,1.37,1.00
2017.08.07 11:46:30.473,0.76699,0.76715,1.12,1.00
2017.08.07 11:46:30.991,0.76697,0.76717,1.87,1.37
2017.08.07 11:46:31.514,0.76697,0.76717,1.00,1.37
2017.08.07 11:46:32.046,0.76697,0.76717,1.37,1.47
2017.08.07 11:46:32.549,0.76697,0.76716,1.37,1.37
2017.08.07 11:46:33.136,0.76697,0.76716,1.00,1.37
2017.08.07 11:46:33.433,0.76699,0.76716,1.00,1.45
2017.08.07 11:46:33.585,0.76697,0.76714,1.00,1.00
2017.08.07 11:46:38.529,0.76697,0.76713,1.12,1.00
2017.08.07 11:46:39.203,0.76695,0.76711,1.37,1.00
2017.08.07 11:46:39.254,0.76695,0.76713,1.37,1.35
2017.08.07 11:46:39.618,0.76695,0.76711,1.37,1.00
2017.08.07 11:46:40.131,0.76695,0.76711,1.00,1.37
2017.08.07 11:46:40.258,0.76693,0.76712,1.12,1.37
2017.08.07 11:46:40.493,0.76696,0.76713,1.00,1.47
2017.08.07 11:46:40.694,0.76696,0.76713,1.00,1.37
2017.08.07 11:46:41.203,0.76699,0.76716,1.00,3.82
2017.08.07 11:46:41.305,0.76699,0.76716,1.00,1.37
2017.08.07 11:46:41.406,0.76699,0.76716,1.12,1.12
2017.08.07 11:46:42.246,0.76701,0.76715,1.00,1.00
2017.08.07 11:46:42.818,0.767,0.76715,1.00,1.00
2017.08.07 11:46:44.226,0.76699,0.76716,1.00,1.37
2017.08.07 11:46:46.332,0.76699,0.76714,1.00,1.00
2017.08.07 11:46:46.866,0.767,0.76715,1.00,1.37
2017.08.07 11:46:49.020,0.76698,0.76716,1.00,1.37
2017.08.07 11:46:50.022,0.76699,0.76714,1.00,1.12
2017.08.07 11:46:50.796,0.76697,0.76715,1.12,1.37
2017.08.07 11:46:51.306,0.76698,0.76714,1.00,1.12
2017.08.07 11:46:51.817,0.76697,0.76713,1.12,1.00
2017.08.07 11:46:52.367,0.76696,0.76712,1.12,1.00
2017.08.07 11:46:53.239,0.76697,0.76713,1.00,1.12
2017.08.07 11:46:53.791,0.76697,0.76716,1.12,1.45
2017.08.07 11:46:54.355,0.76697,0.76713,1.37,1.00
2017.08.07 11:46:55.013,0.76697,0.76713,1.12,1.00
2017.08.07 11:46:55.895,0.76698,0.76715,1.00,1.37
2017.08.07 11:46:58.339,0.76697,0.76714,1.12,1.12
2017.08.07 11:46:59.930,0.76696,0.76713,1.37,1.00
2017.08.07 11:47:00.454,0.76696,0.76714,1.37,1.12
2017.08.07 11:47:01.551,0.76698,0.76714,1.00,1.12
2017.08.07 11:47:01.955,0.76696,0.76713,1.12,1.12
2017.08.07 11:47:02.463,0.76696,0.76713,1.00,1.37
2017.08.07 11:47:03.174,0.76696,0.76711,1.00,1.00
2017.08.07 11:47:03.686,0.76696,0.76713,1.00,1.37
2017.08.07 11:47:06.578,0.76696,0.76713,1.00,1.37
2017.08.07 11:47:06.637,0.76696,0.76713,1.12,1.12
2017.08.07 11:47:07.178,0.76696,0.76712,1.00,1.12
2017.08.07 11:47:07.788,0.76696,0.76712,1.00,1.37
2017.08.07 11:47:08.449,0.76696,0.76712,1.00,1.12
2017.08.07 11:47:09.109,0.76697,0.76712,1.00,1.12
2017.08.07 11:47:09.747,0.76698,0.76713,1.00,1.37
2017.08.07 11:47:10.173,0.76697,0.76716,1.12,1.72
2017.08.07 11:47:19.458,0.76699,0.76715,1.00,1.37
2017.08.07 11:47:20.061,0.76699,0.76715,1.37,1.00
2017.08.07 11:47:20.775,0.76698,0.76713,1.12,1.00
2017.08.07 11:47:22.338,0.76698,0.76715,1.00,1.37
2017.08.07 11:47:23.810,0.76698,0.76713,1.00,1.00
2017.08.07 11:47:27.834,0.76697,0.76712,1.12,1.00
2017.08.07 11:47:28.162,0.76695,0.7671,1.12,1.00
2017.08.07 11:47:28.977,0.76694,0.7671,1.00,1.12
2017.08.07 11:47:29.494,0.76694,0.76709,1.00,1.00
2017.08.07 11:47:29.897,0.76696,0.76712,1.00,1.37
2017.08.07 11:47:30.627,0.76696,0.76712,1.00,1.00
2017.08.07 11:47:31.840,0.76696,0.76711,1.00,1.00
2017.08.07 11:47:33.963,0.76697,0.76712,1.00,1.00
2017.08.07 11:47:34.302,0.76699,0.76714,1.37,1.00
2017.08.07 11:47:34.971,0.767,0.76715,1.12,1.00
2017.08.07 11:47:36.179,0.76701,0.76717,1.00,1.12
2017.08.07 11:47:37.371,0.76702,0.76717,1.00,1.12
2017.08.07 11:47:37.889,0.76703,0.76718,1.00,1.00
2017.08.07 11:47:38.412,0.76704,0.76719,1.00,1.00
2017.08.07 11:47:39.810,0.76707,0.76722,1.00,1.37
2017.08.07 11:47:40.532,0.76707,0.76722,1.12,1.00
2017.08.07 11:47:41.162,0.76708,0.76722,1.00,1.00
2017.08.07 11:47:41.424,0.76703,0.76723,1.37,1.12
2017.08.07 11:47:42.920,0.76704,0.76721,1.37,1.00
2017.08.07 11:47:43.238,0.76703,0.76718,1.12,1.00
2017.08.07 11:47:43.901,0.76702,0.76717,1.00,1.00
2017.08.07 11:47:44.273,0.76703,0.76719,1.00,1.12
2017.08.07 11:47:44.626,0.76706,0.76721,1.00,1.37
2017.08.07 11:47:44.828,0.76708,0.76723,1.00,1.12
2017.08.07 11:47:46.306,0.76707,0.76723,1.12,1.00
2017.08.07 11:47:49.395,0.76709,0.76725,1.00,1.37
2017.08.07 11:47:49.642,0.7671,0.76726,1.00,1.12
2017.08.07 11:47:50.386,0.76709,0.76725,1.00,1.00
2017.08.07 11:47:54.919,0.76709,0.76725,1.00,1.37
2017.08.07 11:47:55.532,0.76709,0.76725,1.00,1.12
2017.08.07 11:48:00.925,0.76709,0.76725,1.00,1.37
2017.08.07 11:48:04.938,0.76709,0.76725,1.00,1.12
2017.08.07 11:48:08.610,0.76709,0.76724,1.00,1.00
2017.08.07 11:48:26.129,0.7671,0.76725,1.00,1.00
2017.08.07 11:48:29.357,0.7671,0.76726,1.12,1.00
2017.08.07 11:48:33.070,0.76711,0.76726,1.00,1.00
2017.08.07 11:48:33.272,0.76713,0.76728,1.00,1.37
2017.08.07 11:48:33.424,0.76714,0.76729,1.00,1.12
2017.08.07 11:48:35.459,0.76714,0.76731,1.12,1.12
2017.08.07 11:48:36.271,0.76713,0.76728,1.37,1.00
2017.08.07 11:48:36.850,0.76713,0.76728,1.12,1.00
2017.08.07 11:48:37.464,0.76712,0.76727,1.37,1.00
2017.08.07 11:48:37.687,0.76712,0.76729,1.37,1.00
2017.08.07 11:48:38.504,0.76712,0.76731,1.37,1.47
2017.08.07 11:48:39.115,0.76713,0.76729,1.00,1.12
2017.08.07 11:48:39.773,0.76711,0.76729,1.37,1.12
2017.08.07 11:48:39.902,0.76709,0.76727,3.00,1.00
2017.08.07 11:48:40.154,0.76708,0.76725,1.00,1.37
2017.08.07 11:48:40.763,0.76709,0.76723,1.00,1.12
2017.08.07 11:48:42.254,0.76708,0.76723,1.00,1.12
2017.08.07 11:48:42.449,0.7671,0.76724,1.00,1.37
2017.08.07 11:48:42.958,0.7671,0.76724,1.00,1.00
2017.08.07 11:48:43.009,0.7671,0.76726,1.00,1.12
2017.08.07 11:48:43.899,0.7671,0.76725,1.00,1.00
2017.08.07 11:48:44.433,0.76709,0.76725,1.00,1.12
2017.08.07 11:48:51.685,0.76709,0.76724,1.00,1.00
2017.08.07 11:48:52.650,0.76709,0.76725,1.00,1.12
2017.08.07 11:49:05.727,0.76709,0.76724,1.00,1.00
2017.08.07 11:49:12.573,0.7671,0.76726,1.00,1.37
2017.08.07 11:49:12.894,0.76711,0.76728,1.12,1.20
2017.08.07 11:49:13.665,0.76708,0.76726,1.72,1.00
2017.08.07 11:49:13.867,0.76708,0.76724,1.12,1.00
2017.08.07 11:49:14.487,0.76708,0.76725,1.12,1.00
2017.08.07 11:49:15.512,0.76709,0.76725,1.00,1.00
2017.08.07 11:49:16.086,0.7671,0.76725,1.00,1.12
2017.08.07 11:49:16.813,0.76709,0.76727,1.12,1.37
2017.08.07 11:49:18.285,0.76709,0.76727,1.37,1.12
2017.08.07 11:49:22.256,0.76711,0.76726,1.00,1.00
2017.08.07 11:49:23.188,0.7671,0.76725,1.00,1.00
2017.08.07 11:49:25.494,0.7671,0.76726,1.00,1.12
2017.08.07 11:49:29.589,0.7671,0.76726,1.37,1.00
2017.08.07 11:49:30.693,0.7671,0.76726,1.00,1.12
2017.08.07 11:49:31.349,0.7671,0.76725,1.00,1.00
2017.08.07 11:49:35.690,0.76709,0.76726,1.00,1.00
2017.08.07 11:49:35.791,0.76709,0.76724,1.00,1.00
2017.08.07 11:49:36.169,0.76711,0.76725,1.00,1.12
2017.08.07 11:49:37.368,0.76709,0.76726,1.00,1.00
2017.08.07 11:49:37.874,0.76709,0.76726,1.00,1.37
2017.08.07 11:49:38.522,0.76709,0.76726,1.12,1.12
2017.08.07 11:49:38.828,0.7671,0.76724,1.00,1.00
2017.08.07 11:49:39.562,0.76708,0.76723,1.12,1.00
2017.08.07 11:49:40.099,0.76708,0.76723,1.37,1.00
2017.08.07 11:49:40.733,0.76708,0.76723,1.00,1.00
2017.08.07 11:49:40.969,0.76707,0.76725,1.20,1.00
2017.08.07 11:49:41.134,0.76709,0.76723,1.00,1.00
2017.08.07 11:49:41.674,0.76709,0.76724,1.00,1.00
2017.08.07 11:49:41.944,0.76709,0.76726,1.12,1.12
2017.08.07 11:49:42.197,0.76711,0.76726,1.00,1.37
2017.08.07 11:49:42.726,0.7671,0.76725,1.00,1.00
2017.08.07 11:49:44.651,0.7671,0.76727,1.00,1.37
2017.08.07 11:49:45.037,0.76707,0.76724,1.37,1.00
2017.08.07 11:49:45.327,0.76706,0.76724,1.12,1.37
2017.08.07 11:49:45.559,0.76707,0.76721,1.00,1.00
2017.08.07 11:49:47.017,0.76706,0.7672,1.12,1.00
2017.08.07 11:49:47.169,0.76704,0.76722,1.37,1.00
2017.08.07 11:49:47.270,0.76704,0.76722,1.12,1.37
2017.08.07 11:49:47.968,0.76704,0.76722,1.00,1.37
2017.08.07 11:49:51.531,0.76704,0.7672,1.00,1.37
2017.08.07 11:49:52.044,0.76704,0.7672,1.00,1.00
2017.08.07 11:49:52.639,0.76704,0.76719,1.00,1.12
2017.08.07 11:49:57.975,0.76704,0.7672,1.00,1.12
2017.08.07 11:49:58.513,0.76704,0.76719,1.00,1.00
2017.08.07 11:49:59.214,0.76703,0.76718,1.12,1.00
2017.08.07 11:49:59.925,0.76704,0.76719,1.00,1.12
2017.08.07 11:50:00.584,0.76704,0.7672,1.00,1.12
2017.08.07 11:50:01.132,0.76705,0.7672,1.00,1.12
2017.08.07 11:50:01.658,0.76706,0.7672,1.00,1.12
2017.08.07 11:50:02.225,0.76704,0.76721,1.00,1.37
2017.08.07 11:50:02.755,0.76704,0.76721,1.00,1.37
2017.08.07 11:50:03.303,0.76704,0.76721,1.00,1.37
2017.08.07 11:50:04.358,0.76704,0.76721,1.00,1.37
2017.08.07 11:50:07.263,0.76704,0.76721,1.00,1.37
2017.08.07 11:50:09.016,0.76704,0.76721,1.00,1.37
2017.08.07 11:50:09.071,0.76704,0.76721,1.12,1.12
2017.08.07 11:50:09.902,0.76704,0.76721,1.12,1.72
2017.08.07 11:50:09.953,0.76703,0.76718,1.37,1.00
2017.08.07 11:50:10.260,0.767,0.76716,1.12,1.00
2017.08.07 11:50:12.819,0.76701,0.76719,1.00,1.37
2017.08.07 11:50:12.970,0.76703,0.76719,1.00,1.37
2017.08.07 11:50:13.021,0.76703,0.76719,1.00,1.37
2017.08.07 11:50:13.537,0.76703,0.76719,1.00,1.12
2017.08.07 11:50:14.198,0.76703,0.76719,1.00,1.37
2017.08.07 11:50:16.044,0.76703,0.76719,1.00,1.37
2017.08.07 11:50:17.134,0.76703,0.76719,1.00,1.37
2017.08.07 11:50:17.749,0.76703,0.76719,1.00,1.12
2017.08.07 11:50:18.494,0.76702,0.76718,1.37,1.00
2017.08.07 11:50:19.316,0.76703,0.76719,1.12,1.00
2017.08.07 11:50:22.956,0.767,0.76717,1.37,1.00
2017.08.07 11:50:23.158,0.76698,0.76718,1.87,1.12
2017.08.07 11:50:23.364,0.767,0.76716,1.12,1.00
2017.08.07 11:50:24.001,0.767,0.76715,1.00,1.00
2017.08.07 11:50:25.078,0.76701,0.76717,1.00,1.37
2017.08.07 11:50:25.232,0.76701,0.76717,1.00,1.12
2017.08.07 11:50:27.844,0.76701,0.76718,1.00,1.37
2017.08.07 11:50:27.957,0.76701,0.76718,1.12,1.12
2017.08.07 11:50:29.471,0.76701,0.76716,1.12,1.00
2017.08.07 11:50:30.561,0.76703,0.76718,1.00,1.00
2017.08.07 11:50:31.997,0.76702,0.76717,1.12,1.00
2017.08.07 11:50:32.637,0.76702,0.76717,1.37,1.00
2017.08.07 11:50:34.340,0.76702,0.76717,1.12,1.00
2017.08.07 11:50:34.799,0.767,0.76715,1.37,1.00
2017.08.07 11:50:34.850,0.767,0.76715,1.00,1.00
2017.08.07 11:50:36.061,0.76701,0.76716,1.00,1.00
2017.08.07 11:50:36.651,0.767,0.76716,1.00,1.00
2017.08.07 11:50:38.908,0.76701,0.76717,1.00,1.00
2017.08.07 11:50:39.613,0.76702,0.76717,1.00,1.00
2017.08.07 11:50:40.245,0.767,0.76717,1.37,1.00
2017.08.07 11:50:40.895,0.76702,0.76717,1.00,1.00
2017.08.07 11:50:41.129,0.76699,0.76715,1.37,1.00
2017.08.07 11:50:41.643,0.76699,0.76715,1.00,1.37
2017.08.07 11:50:43.121,0.767,0.76714,1.00,1.12
2017.08.07 11:50:43.586,0.76698,0.76715,1.00,1.37
2017.08.07 11:50:44.665,0.76699,0.76715,1.00,1.37
2017.08.07 11:51:00.020,0.76699,0.76715,1.00,1.00
2017.08.07 11:51:00.822,0.76699,0.76716,1.00,1.00
2017.08.07 11:51:02.524,0.76698,0.76716,1.12,1.00
2017.08.07 11:51:02.690,0.76698,0.76716,1.00,1.37
2017.08.07 11:51:03.357,0.76696,0.76712,1.37,1.00
2017.08.07 11:51:03.508,0.76696,0.76712,1.12,1.00
2017.08.07 11:51:04.257,0.76695,0.76711,1.37,1.00
2017.08.07 11:51:04.864,0.76696,0.76712,1.12,1.00
2017.08.07 11:51:08.315,0.76697,0.76713,1.00,1.12
2017.08.07 11:51:09.019,0.76697,0.76714,1.12,1.12
2017.08.07 11:51:13.525,0.76699,0.76716,1.00,1.37
2017.08.07 11:51:13.626,0.76699,0.76716,1.00,1.00
2017.08.07 11:51:14.159,0.76699,0.76717,1.00,1.12
2017.08.07 11:51:15.175,0.76699,0.76715,1.00,1.00
2017.08.07 11:51:15.533,0.76696,0.76714,1.12,1.37
2017.08.07 11:51:23.997,0.76698,0.76712,1.00,1.00
2017.08.07 11:51:26.395,0.76698,0.76713,1.00,1.00
2017.08.07 11:51:27.011,0.76699,0.76714,1.00,1.00
2017.08.07 11:51:27.720,0.76696,0.76712,1.37,1.00
2017.08.07 11:51:27.872,0.76696,0.76712,1.12,1.00
2017.08.07 11:51:28.716,0.76697,0.76712,1.00,1.00
2017.08.07 11:51:30.489,0.76696,0.7671,1.12,1.00
2017.08.07 11:51:31.076,0.76695,0.76709,1.00,1.00
2017.08.07 11:51:31.632,0.76694,0.76709,1.00,1.00
2017.08.07 11:51:33.846,0.76695,0.7671,1.00,1.12
2017.08.07 11:51:34.533,0.76696,0.76711,1.12,1.00
2017.08.07 11:51:35.137,0.76697,0.76712,1.00,1.00
2017.08.07 11:51:35.572,0.76696,0.7671,1.37,1.00
2017.08.07 11:51:37.853,0.76696,0.7671,1.00,1.00
2017.08.07 11:51:38.233,0.76694,0.76708,1.12,1.00
2017.08.07 11:51:40.503,0.76692,0.76709,1.37,1.00
2017.08.07 11:51:42.050,0.76692,0.76708,1.37,1.00
2017.08.07 11:51:43.681,0.76695,0.76709,1.00,1.00
2017.08.07 11:51:44.744,0.76694,0.76711,1.12,1.00
2017.08.07 11:51:45.013,0.76694,0.76711,1.37,1.00
2017.08.07 11:51:45.562,0.76697,0.76711,1.00,1.00
2017.08.07 11:51:46.515,0.76697,0.76713,1.12,1.00
2017.08.07 11:51:46.778,0.76698,0.76716,1.37,1.20
2017.08.07 11:51:47.466,0.76698,0.76716,1.37,1.10
2017.08.07 11:51:48.663,0.767,0.76715,1.12,1.00
2017.08.07 11:51:48.764,0.767,0.76717,1.12,1.72
2017.08.07 11:51:48.915,0.767,0.76717,1.37,1.35
2017.08.07 11:51:49.111,0.767,0.76717,1.12,1.35
2017.08.07 11:51:49.962,0.767,0.76715,1.12,1.00
2017.08.07 11:51:53.219,0.76698,0.76713,1.37,1.00
2017.08.07 11:51:53.762,0.76698,0.76713,1.00,1.00
2017.08.07 11:51:54.482,0.76697,0.76712,1.12,1.00
2017.08.07 11:51:58.017,0.76698,0.76713,1.00,1.00
2017.08.07 11:51:59.768,0.76696,0.76712,1.37,1.00
2017.08.07 11:52:00.119,0.76694,0.76709,1.00,1.00
2017.08.07 11:52:06.062,0.76695,0.7671,1.00,1.00
2017.08.07 11:52:09.087,0.76695,0.76709,1.00,1.00
2017.08.07 11:52:16.218,0.76693,0.76708,1.37,1.00
2017.08.07 11:52:16.269,0.76692,0.76707,1.37,1.00
2017.08.07 11:52:16.928,0.76692,0.76707,1.00,1.00
2017.08.07 11:52:17.641,0.76692,0.76706,1.00,1.00
2017.08.07 11:52:21.183,0.76692,0.76707,1.00,1.00
2017.08.07 11:52:22.805,0.76693,0.76708,1.00,1.00
2017.08.07 11:52:22.957,0.76695,0.7671,1.00,1.12
2017.08.07 11:52:23.501,0.76696,0.76711,1.00,1.37
2017.08.07 11:52:25.189,0.76699,0.76713,1.00,1.37
2017.08.07 11:52:25.392,0.76701,0.76715,1.00,1.00
2017.08.07 11:52:32.590,0.767,0.76714,1.37,1.00
2017.08.07 11:52:32.691,0.76698,0.76712,1.37,1.00
2017.08.07 11:52:32.792,0.76698,0.76712,1.12,1.00
2017.08.07 11:52:34.469,0.76697,0.76712,1.12,1.00
2017.08.07 11:52:34.993,0.76697,0.76712,1.37,1.00
2017.08.07 11:52:42.305,0.76698,0.76713,1.12,1.00
2017.08.07 11:52:43.361,0.76699,0.76713,1.00,1.00
2017.08.07 11:52:54.221,0.76699,0.76715,1.12,1.00
2017.08.07 11:52:54.272,0.76699,0.76713,1.12,1.00
2017.08.07 11:53:00.163,0.76698,0.76712,1.37,1.00
2017.08.07 11:53:00.823,0.76699,0.76713,1.12,1.00
2017.08.07 11:53:01.377,0.767,0.76714,1.00,1.00
2017.08.07 11:53:01.905,0.76701,0.76715,1.00,1.00
2017.08.07 11:53:03.754,0.767,0.76714,1.00,1.00
2017.08.07 11:53:04.804,0.767,0.76715,1.00,1.00
2017.08.07 11:53:09.206,0.76701,0.76715,1.00,1.00
2017.08.07 11:53:10.445,0.76703,0.76717,1.00,1.72
2017.08.07 11:53:10.773,0.76701,0.76715,1.37,1.00
2017.08.07 11:53:12.277,0.767,0.76717,1.37,1.00
2017.08.07 11:53:12.825,0.76702,0.76716,1.12,1.00
2017.08.07 11:53:13.421,0.76703,0.76717,1.00,1.00
2017.08.07 11:53:14.457,0.76702,0.76717,1.12,1.00
2017.08.07 11:53:21.240,0.76704,0.76718,1.00,1.00
2017.08.07 11:53:21.499,0.76702,0.76718,1.12,1.00
2017.08.07 11:53:22.198,0.76702,0.76717,1.12,1.00
2017.08.07 11:53:23.201,0.76703,0.76717,1.00,1.00
2017.08.07 11:53:25.127,0.76704,0.76718,1.00,1.12
2017.08.07 11:53:25.684,0.76703,0.76717,1.00,1.00
2017.08.07 11:53:26.671,0.76702,0.76717,1.00,1.00
2017.08.07 11:53:28.451,0.76703,0.76717,1.00,1.00
2017.08.07 11:53:29.453,0.76702,0.76717,1.00,1.00
2017.08.07 11:53:31.983,0.76702,0.76716,1.00,1.00
2017.08.07 11:53:32.034,0.76701,0.76719,1.12,1.37
2017.08.07 11:53:32.085,0.76701,0.76719,1.37,1.00
2017.08.07 11:53:32.592,0.76702,0.76716,1.00,1.00
2017.08.07 11:53:34.237,0.767,0.76715,1.37,1.00
2017.08.07 11:53:37.763,0.76699,0.76716,1.37,1.00
2017.08.07 11:53:41.707,0.76702,0.76716,1.00,1.00
2017.08.07 11:53:42.303,0.76701,0.76715,1.12,1.00
2017.08.07 11:53:42.827,0.76701,0.76715,1.37,1.00
2017.08.07 11:53:43.378,0.76701,0.76715,1.12,1.00
2017.08.07 11:53:44.884,0.76701,0.76715,1.37,1.00
2017.08.07 11:53:50.301,0.76702,0.76717,1.12,1.00
2017.08.07 11:53:50.503,0.76703,0.76717,1.37,1.00
2017.08.07 11:53:53.539,0.76702,0.76717,1.37,1.00
2017.08.07 11:53:55.106,0.76704,0.76718,1.00,1.00
2017.08.07 11:54:00.308,0.76704,0.7672,1.12,1.35
2017.08.07 11:54:00.359,0.76704,0.7672,1.37,1.35
2017.08.07 11:54:01.821,0.76704,0.76718,1.12,1.00
2017.08.07 11:54:06.613,0.76704,0.76719,1.12,1.00
2017.08.07 11:54:15.046,0.76705,0.76719,1.00,1.00
2017.08.07 11:54:23.352,0.76703,0.76718,1.37,1.00
2017.08.07 11:54:23.966,0.76703,0.76718,1.37,1.00
2017.08.07 11:54:24.311,0.76702,0.76716,1.37,1.00
2017.08.07 11:54:24.362,0.76702,0.76716,1.37,1.00
2017.08.07 11:54:24.880,0.76702,0.76716,1.12,1.00
2017.08.07 11:54:25.554,0.76703,0.76717,1.12,1.00
2017.08.07 11:54:25.933,0.76704,0.7672,1.00,1.00
2017.08.07 11:54:26.034,0.76706,0.7672,1.00,1.00
2017.08.07 11:54:27.382,0.76705,0.76722,1.12,1.72
2017.08.07 11:54:27.432,0.76707,0.76722,1.00,1.72
2017.08.07 11:54:28.337,0.76706,0.76721,1.37,1.00
2017.08.07 11:54:29.330,0.76706,0.76722,1.37,1.35
2017.08.07 11:54:30.205,0.76707,0.76723,1.12,1.00
2017.08.07 11:54:32.622,0.76707,0.76722,1.12,1.00
2017.08.07 11:54:35.070,0.76707,0.76721,1.12,1.00
2017.08.07 11:54:37.883,0.76706,0.76723,1.37,1.00
2017.08.07 11:54:39.443,0.76706,0.76722,1.37,1.00
2017.08.07 11:54:47.413,0.76706,0.76722,1.37,1.00
2017.08.07 11:54:55.139,0.76707,0.76723,1.72,1.00
2017.08.07 11:54:55.190,0.7671,0.76724,1.00,1.00
2017.08.07 11:54:55.566,0.76711,0.76725,1.37,1.00
2017.08.07 11:54:56.162,0.76711,0.76727,1.37,1.00
2017.08.07 11:55:00.524,0.76711,0.76726,1.37,1.00
2017.08.07 11:55:00.776,0.7671,0.76726,1.00,1.00
2017.08.07 11:55:01.414,0.7671,0.76726,1.37,1.00
2017.08.07 11:55:01.965,0.76711,0.76726,1.37,1.00
2017.08.07 11:55:02.715,0.76711,0.76726,1.37,1.00
2017.08.07 11:55:04.971,0.76713,0.76727,1.12,1.00
2017.08.07 11:55:09.941,0.76712,0.76726,1.12,1.00
2017.08.07 11:55:11.650,0.76712,0.76725,1.00,1.00
2017.08.07 11:55:12.330,0.76711,0.76725,1.12,1.00
2017.08.07 11:55:13.571,0.76708,0.76722,1.37,1.00
2017.08.07 11:55:13.672,0.76708,0.76722,1.00,1.00
2017.08.07 11:55:14.326,0.76707,0.76721,1.12,1.00
2017.08.07 11:55:20.085,0.76707,0.76722,1.00,1.00
2017.08.07 11:55:20.609,0.76707,0.76722,1.37,1.00
2017.08.07 11:55:21.383,0.76707,0.76722,1.12,1.00
2017.08.07 11:55:21.788,0.76707,0.76725,1.37,1.47
2017.08.07 11:55:22.667,0.76709,0.76725,1.12,1.00
2017.08.07 11:55:32.303,0.76709,0.76725,1.37,1.00
2017.08.07 11:55:32.924,0.76709,0.76725,1.37,1.00
2017.08.07 11:55:33.185,0.76714,0.76728,1.00,1.12
2017.08.07 11:55:33.734,0.76715,0.76729,1.12,1.00
2017.08.07 11:55:34.283,0.76716,0.7673,1.00,1.00
2017.08.07 11:55:34.607,0.76714,0.76728,1.37,1.00
2017.08.07 11:55:34.731,0.76714,0.7673,1.37,1.00
2017.08.07 11:55:36.508,0.76715,0.76731,1.12,1.00
2017.08.07 11:55:39.013,0.76713,0.76727,1.37,1.00
2017.08.07 11:55:39.214,0.76709,0.76725,1.37,1.00
2017.08.07 11:55:40.350,0.76709,0.76724,1.37,1.00
2017.08.07 11:55:40.893,0.76708,0.76725,1.37,1.00
2017.08.07 11:55:44.153,0.76707,0.7672,1.37,1.00
2017.08.07 11:55:44.355,0.76706,0.7672,1.37,1.00
2017.08.07 11:55:44.946,0.76706,0.7672,1.12,1.00
2017.08.07 11:55:45.245,0.76704,0.7672,1.00,1.00
2017.08.07 11:55:45.778,0.76704,0.7672,1.37,1.00
2017.08.07 11:55:47.544,0.76707,0.76721,1.00,1.00
2017.08.07 11:55:47.746,0.76708,0.76723,1.12,1.00
2017.08.07 11:55:48.164,0.76709,0.76725,1.00,1.72
2017.08.07 11:55:48.268,0.76708,0.76723,1.37,1.00
2017.08.07 11:55:48.816,0.76706,0.76722,1.37,1.00
2017.08.07 11:55:48.974,0.76706,0.76722,1.12,1.00
2017.08.07 11:55:49.936,0.76706,0.76722,1.37,1.00
2017.08.07 11:55:50.880,0.76706,0.7672,1.37,1.00
2017.08.07 11:55:51.498,0.76705,0.76719,1.37,1.00
2017.08.07 11:55:52.710,0.76705,0.76719,1.00,1.00
2017.08.07 11:55:57.432,0.76705,0.76721,1.12,1.00
2017.08.07 11:55:57.583,0.76706,0.76723,1.00,1.00
2017.08.07 11:55:57.957,0.76706,0.76721,1.37,1.00
2017.08.07 11:55:58.762,0.76706,0.76721,1.37,1.00
2017.08.07 11:55:59.260,0.76705,0.7672,1.37,1.00
2017.08.07 11:55:59.802,0.76705,0.76719,1.12,1.00
2017.08.07 11:56:02.184,0.76706,0.7672,1.00,1.00
2017.08.07 11:56:02.700,0.76706,0.76721,1.00,1.12
2017.08.07 11:56:03.309,0.76706,0.7672,1.00,1.00
2017.08.07 11:56:03.511,0.76703,0.7672,1.12,1.00
2017.08.07 11:56:04.044,0.76703,0.7672,1.37,1.00
2017.08.07 11:56:04.704,0.76705,0.76719,1.00,1.00
2017.08.07 11:56:06.152,0.76704,0.76719,1.12,1.00
2017.08.07 11:56:06.657,0.76702,0.76718,1.37,1.00
2017.08.07 11:56:06.868,0.76702,0.76718,1.00,1.12
2017.08.07 11:56:07.676,0.76701,0.76717,1.12,1.00
2017.08.07 11:56:07.852,0.76702,0.76715,1.00,1.00
2017.08.07 11:56:08.004,0.76702,0.76717,1.00,1.00
2017.08.07 11:56:08.594,0.76702,0.76715,1.12,1.00
2017.08.07 11:56:08.951,0.76699,0.76715,1.37,1.00
2017.08.07 11:56:09.188,0.76699,0.76713,1.00,1.00
2017.08.07 11:56:09.928,0.767,0.76714,1.00,1.00
2017.08.07 11:56:10.253,0.76702,0.76716,1.00,1.00
2017.08.07 11:56:12.605,0.76703,0.76718,1.00,1.00
2017.08.07 11:56:12.807,0.76703,0.7672,1.37,1.00
2017.08.07 11:56:12.858,0.76703,0.76718,1.37,1.00
2017.08.07 11:56:13.123,0.76702,0.76717,1.12,1.00
2017.08.07 11:56:13.245,0.76702,0.76715,1.12,1.00
2017.08.07 11:56:14.965,0.76702,0.76717,1.00,1.00
2017.08.07 11:56:15.131,0.76705,0.76718,1.00,1.00
2017.08.07 11:56:15.434,0.76701,0.76715,3.00,1.00
2017.08.07 11:56:15.485,0.76701,0.76715,1.37,1.00
2017.08.07 11:56:16.115,0.76701,0.76715,1.12,1.00
2017.08.07 11:56:17.025,0.76701,0.76715,1.37,1.00
2017.08.07 11:56:17.126,0.76701,0.76715,1.12,1.00
2017.08.07 11:56:18.456,0.76702,0.76716,1.00,1.00
2017.08.07 11:56:19.434,0.767,0.76718,1.12,1.00
2017.08.07 11:56:19.535,0.767,0.76718,1.37,1.00
2017.08.07 11:56:20.337,0.76702,0.76717,1.12,1.00
2017.08.07 11:56:22.719,0.767,0.76717,1.37,1.00
2017.08.07 11:56:23.398,0.767,0.76717,1.37,1.00
2017.08.07 11:56:24.010,0.76702,0.76717,1.37,1.00
2017.08.07 11:56:24.599,0.76701,0.76719,1.37,1.00
2017.08.07 11:56:27.453,0.76701,0.76719,1.37,1.00
2017.08.07 11:56:30.318,0.76702,0.76717,1.37,1.00
2017.08.07 11:56:34.055,0.76702,0.76718,1.37,1.00
2017.08.07 11:56:34.309,0.76705,0.76721,1.12,1.00
2017.08.07 11:56:34.463,0.76708,0.76722,1.00,1.00
2017.08.07 11:56:35.433,0.76706,0.76723,1.12,1.00
2017.08.07 11:56:38.126,0.76708,0.76722,1.00,1.00
2017.08.07 11:56:38.628,0.76709,0.76723,1.12,1.00
2017.08.07 11:56:38.729,0.76709,0.76725,1.37,1.00
2017.08.07 11:56:41.914,0.76709,0.76724,1.37,1.00
2017.08.07 11:56:42.343,0.76707,0.76722,1.37,1.00
2017.08.07 11:56:42.545,0.76706,0.76721,1.00,1.00
2017.08.07 11:56:44.615,0.76706,0.76724,1.00,1.37
2017.08.07 11:56:44.876,0.76706,0.76724,1.37,1.00
2017.08.07 11:56:46.040,0.76706,0.76723,1.37,1.00
2017.08.07 11:56:46.381,0.76706,0.7672,1.00,1.00
2017.08.07 11:56:46.868,0.76706,0.76724,1.00,1.37
2017.08.07 11:56:46.920,0.76709,0.76724,1.00,1.37
2017.08.07 11:56:47.073,0.76709,0.76725,1.00,1.37
2017.08.07 11:56:47.611,0.76709,0.76725,1.12,1.00
2017.08.07 11:56:49.447,0.76707,0.76723,1.37,1.00
2017.08.07 11:56:49.909,0.76706,0.76721,1.37,1.00
2017.08.07 11:56:50.435,0.76706,0.7672,1.00,1.00
2017.08.07 11:56:54.684,0.76706,0.76721,1.00,1.00
2017.08.07 11:56:56.666,0.76707,0.76723,1.00,1.37
2017.08.07 11:56:57.026,0.76708,0.76724,1.00,1.00
2017.08.07 11:57:01.098,0.76708,0.76726,1.12,1.72
2017.08.07 11:57:01.149,0.7671,0.76725,1.00,1.12
2017.08.07 11:57:01.665,0.7671,0.76725,1.37,1.00
2017.08.07 11:57:02.508,0.76711,0.76726,1.12,1.00
2017.08.07 11:57:02.929,0.76712,0.76727,1.37,1.00
2017.08.07 11:57:03.419,0.76714,0.76729,1.00,1.00
2017.08.07 11:57:04.313,0.76713,0.76728,1.12,1.00
2017.08.07 11:57:04.505,0.76713,0.76726,1.37,1.00
2017.08.07 11:57:05.254,0.76713,0.76726,1.00,1.00
2017.08.07 11:57:05.915,0.76712,0.76727,1.00,1.00
2017.08.07 11:57:06.635,0.76713,0.76728,1.00,1.12
2017.08.07 11:57:07.236,0.76714,0.76729,1.00,1.00
2017.08.07 11:57:08.062,0.76713,0.76727,1.12,1.00
2017.08.07 11:57:09.690,0.76712,0.76726,1.12,1.00
2017.08.07 11:57:10.198,0.76708,0.76724,3.75,1.00
2017.08.07 11:57:10.451,0.76708,0.76722,1.00,1.00
2017.08.07 11:57:11.150,0.76707,0.76721,1.12,1.00
2017.08.07 11:57:11.628,0.76708,0.76724,1.00,1.00
2017.08.07 11:57:11.730,0.7671,0.76726,1.00,1.12
2017.08.07 11:57:12.098,0.76712,0.76727,1.00,1.00
2017.08.07 11:57:12.603,0.76712,0.76727,1.37,1.00
2017.08.07 11:57:12.704,0.76715,0.76732,1.00,1.37
2017.08.07 11:57:12.754,0.76719,0.76733,1.00,3.00
2017.08.07 11:57:12.957,0.7672,0.76736,1.00,1.37
2017.08.07 11:57:13.058,0.7672,0.76736,1.37,1.00
2017.08.07 11:57:13.560,0.76722,0.76736,1.00,1.00
2017.08.07 11:57:16.042,0.76721,0.76736,1.12,1.00
2017.08.07 11:57:16.194,0.7672,0.76734,1.37,1.00
2017.08.07 11:57:16.810,0.7672,0.76734,1.00,1.00
2017.08.07 11:57:18.411,0.76719,0.76734,1.12,1.00
2017.08.07 11:57:21.915,0.76723,0.76737,1.00,1.00
2017.08.07 11:57:22.347,0.76721,0.76737,1.00,1.00
2017.08.07 11:57:23.466,0.7672,0.76737,1.20,1.00
2017.08.07 11:57:24.720,0.7672,0.76736,1.20,1.00
2017.08.07 11:57:25.251,0.76719,0.76734,1.47,1.00
2017.08.07 11:57:25.452,0.76717,0.76733,1.37,1.00
2017.08.07 11:57:25.964,0.76716,0.76733,1.37,1.00
2017.08.07 11:57:26.339,0.76715,0.76729,1.37,1.00
2017.08.07 11:57:26.543,0.76715,0.76729,1.00,1.00
2017.08.07 11:57:27.089,0.76714,0.76728,1.00,1.00
2017.08.07 11:57:28.296,0.76713,0.76728,1.12,1.00
2017.08.07 11:57:29.210,0.76711,0.76726,1.37,1.00
2017.08.07 11:57:29.750,0.76712,0.76726,1.37,1.00
2017.08.07 11:57:30.287,0.76712,0.76727,1.37,1.00
2017.08.07 11:57:30.590,0.7671,0.76725,1.00,1.00
2017.08.07 11:57:33.096,0.76708,0.76726,1.37,1.12
2017.08.07 11:57:33.147,0.76709,0.76724,1.12,1.00
2017.08.07 11:57:33.662,0.76709,0.76726,1.12,1.37
2017.08.07 11:57:34.179,0.76709,0.76724,1.12,1.00
2017.08.07 11:57:34.739,0.7671,0.76725,1.00,1.12
2017.08.07 11:57:35.047,0.76708,0.76723,1.12,1.00
2017.08.07 11:57:35.405,0.76705,0.76722,1.12,1.12
2017.08.07 11:57:35.455,0.76707,0.76722,1.00,1.12
2017.08.07 11:57:36.053,0.76706,0.76721,1.00,1.12
2017.08.07 11:57:36.819,0.76705,0.7672,1.00,1.00
2017.08.07 11:57:37.268,0.76706,0.76722,1.00,1.00
2017.08.07 11:57:37.369,0.76705,0.76724,1.37,1.12
2017.08.07 11:57:37.571,0.76705,0.76722,1.37,1.00
2017.08.07 11:57:37.772,0.76705,0.76722,1.12,1.12
2017.08.07 11:57:38.566,0.76706,0.7672,1.00,1.00
2017.08.07 11:57:39.103,0.76705,0.76721,1.37,1.00
2017.08.07 11:57:39.611,0.76704,0.76718,1.12,1.00
2017.08.07 11:57:39.813,0.76704,0.7672,1.00,1.12
2017.08.07 11:57:40.786,0.76705,0.7672,1.12,1.00
2017.08.07 11:57:41.493,0.76707,0.76722,1.00,1.12
2017.08.07 11:57:42.057,0.76707,0.76723,1.12,1.00
2017.08.07 11:57:42.734,0.76707,0.76722,1.00,1.00
2017.08.07 11:57:43.361,0.76706,0.76722,1.00,1.12
2017.08.07 11:57:43.664,0.76707,0.76722,1.37,1.00
2017.08.07 11:57:44.414,0.76707,0.76722,1.12,1.00
2017.08.07 11:57:45.454,0.76708,0.76723,1.00,1.00
2017.08.07 11:57:45.975,0.76707,0.76722,1.00,1.00
2017.08.07 11:57:47.600,0.76708,0.76723,1.00,1.12
2017.08.07 11:57:48.410,0.76708,0.76724,1.12,1.00
2017.08.07 11:57:48.883,0.76707,0.76722,1.37,1.00
2017.08.07 11:57:50.772,0.76709,0.76723,1.00,1.00
2017.08.07 11:57:50.822,0.76709,0.76726,1.00,1.37
2017.08.07 11:57:50.873,0.76711,0.76726,1.00,1.37
2017.08.07 11:57:51.380,0.76712,0.76727,1.00,1.00
2017.08.07 11:57:52.776,0.76712,0.76726,1.00,1.00
2017.08.07 11:57:53.394,0.76711,0.76726,1.00,1.00
2017.08.07 11:57:54.189,0.76712,0.76727,1.00,1.12
2017.08.07 11:57:54.441,0.76712,0.7673,1.12,1.00
2017.08.07 11:57:55.044,0.76713,0.7673,1.00,1.00
2017.08.07 11:57:58.601,0.76713,0.76731,1.00,1.12
2017.08.07 11:57:58.805,0.76713,0.7673,1.37,1.00
2017.08.07 11:57:59.642,0.76713,0.7673,1.12,1.00
2017.08.07 11:57:59.819,0.76713,0.7673,1.37,1.00
2017.08.07 11:58:00.021,0.76713,0.76731,1.12,1.00
2017.08.07 11:58:00.606,0.76712,0.7673,1.00,1.20
2017.08.07 11:58:00.899,0.76715,0.76729,1.00,1.00
2017.08.07 11:58:01.411,0.76714,0.76732,1.37,1.37
2017.08.07 11:58:01.512,0.76714,0.76731,1.37,1.00
2017.08.07 11:58:02.219,0.76714,0.76731,1.37,1.00
2017.08.07 11:58:04.443,0.76715,0.76731,1.12,1.12
2017.08.07 11:58:05.781,0.76717,0.76731,1.00,1.12
2017.08.07 11:58:07.751,0.76716,0.76731,1.12,1.00
2017.08.07 11:58:08.303,0.76716,0.7673,1.00,1.00
2017.08.07 11:58:11.424,0.76714,0.7673,1.12,1.00
2017.08.07 11:58:19.397,0.76713,0.76731,1.37,1.12
2017.08.07 11:58:20.299,0.76712,0.76728,1.37,1.00
2017.08.07 11:58:20.349,0.76712,0.76728,1.12,1.00
2017.08.07 11:58:20.740,0.7671,0.76728,1.12,1.37
2017.08.07 11:58:21.508,0.7671,0.76726,1.12,1.00
2017.08.07 11:58:22.042,0.76709,0.76726,1.12,1.00
2017.08.07 11:58:23.385,0.7671,0.76726,1.12,1.00
2017.08.07 11:58:25.731,0.7671,0.76725,1.00,1.00
2017.08.07 11:58:28.683,0.76711,0.76726,1.00,1.12
2017.08.07 11:58:30.257,0.76713,0.76727,1.00,1.00
2017.08.07 11:58:32.859,0.76715,0.7673,1.00,1.12
2017.08.07 11:58:32.960,0.76716,0.76732,1.00,1.12
2017.08.07 11:58:40.510,0.76718,0.76734,1.00,1.37
2017.08.07 11:58:41.139,0.76717,0.76732,1.00,1.00
2017.08.07 11:58:46.377,0.76718,0.76732,1.00,1.00
2017.08.07 11:58:47.625,0.76717,0.76731,1.00,1.00
2017.08.07 11:58:51.993,0.76719,0.76733,1.00,1.37
2017.08.07 11:58:52.245,0.76724,0.76738,1.00,1.12
2017.08.07 11:58:52.296,0.7672,0.76736,1.37,1.00
2017.08.07 11:58:52.347,0.7672,0.76736,3.00,1.00
2017.08.07 11:58:52.448,0.76719,0.76733,1.12,1.00
2017.08.07 11:58:53.406,0.76719,0.76734,1.00,1.00
2017.08.07 11:58:54.359,0.76719,0.76735,1.12,1.00
2017.08.07 11:58:54.899,0.76719,0.76734,1.12,1.00
2017.08.07 11:58:58.803,0.7672,0.76735,1.00,1.00
2017.08.07 11:58:59.423,0.76718,0.76736,1.37,1.00
2017.08.07 11:59:01.041,0.76718,0.76735,1.37,1.00
2017.08.07 11:59:02.558,0.7672,0.76736,1.12,1.00
2017.08.07 11:59:03.223,0.7672,0.76735,1.12,1.00
2017.08.07 11:59:03.727,0.7672,0.76735,1.37,1.00
2017.08.07 11:59:08.958,0.7672,0.76737,1.37,1.00
2017.08.07 11:59:09.941,0.7672,0.76735,1.00,1.00
2017.08.07 11:59:10.313,0.7672,0.76735,1.37,1.00
2017.08.07 11:59:10.364,0.7672,0.76735,1.00,1.00
2017.08.07 11:59:12.092,0.7672,0.76736,1.00,1.00
2017.08.07 11:59:12.627,0.7672,0.76735,1.00,1.00
2017.08.07 11:59:15.393,0.7672,0.76737,1.00,1.00
2017.08.07 11:59:18.011,0.7672,0.76735,1.00,1.00
2017.08.07 11:59:20.605,0.76716,0.76732,2.25,1.00
2017.08.07 11:59:20.803,0.76717,0.76732,1.00,1.00
2017.08.07 11:59:21.005,0.76717,0.76734,1.12,1.12
2017.08.07 11:59:21.156,0.76718,0.76733,1.37,1.00
2017.08.07 11:59:21.703,0.76719,0.76734,1.12,1.00
2017.08.07 11:59:22.139,0.7672,0.76736,1.00,1.30
2017.08.07 11:59:22.442,0.76719,0.76734,1.12,1.00
2017.08.07 11:59:22.809,0.7672,0.76736,1.12,1.35
2017.08.07 11:59:23.523,0.76719,0.76735,1.12,1.00
2017.08.07 11:59:25.394,0.7672,0.76736,1.00,1.30
2017.08.07 11:59:26.213,0.76718,0.76735,1.37,1.00
2017.08.07 11:59:26.728,0.76718,0.76734,1.37,1.00
2017.08.07 11:59:27.255,0.76718,0.76735,1.12,1.12
2017.08.07 11:59:28.192,0.76718,0.76735,1.37,1.00
2017.08.07 11:59:29.388,0.76718,0.76736,1.37,1.12
2017.08.07 11:59:30.208,0.76717,0.76734,1.37,1.00
2017.08.07 11:59:30.309,0.76717,0.76734,1.12,1.00
2017.08.07 11:59:30.360,0.76716,0.76732,1.37,1.00
2017.08.07 11:59:31.052,0.76716,0.76732,1.12,1.00
2017.08.07 11:59:36.300,0.76715,0.76734,1.37,1.72
2017.08.07 11:59:36.865,0.76715,0.76734,1.37,1.72
2017.08.07 11:59:37.175,0.76719,0.76734,1.12,1.00
2017.08.07 11:59:38.833,0.76717,0.76734,1.12,1.12
2017.08.07 11:59:51.773,0.76717,0.76733,1.37,1.00
2017.08.07 11:59:52.076,0.76716,0.76732,1.00,1.12
2017.08.07 11:59:52.859,0.76716,0.76731,1.00,1.00
2017.08.07 11:59:53.402,0.76717,0.76733,1.00,1.37
2017.08.07 11:59:53.943,0.76716,0.76732,1.00,1.12
2017.08.07 11:59:57.095,0.76716,0.76733,1.12,1.12
2017.08.07 11:59:57.694,0.76716,0.76732,1.00,1.12
2017.08.07 11:59:58.232,0.76715,0.76734,1.12,1.47
2017.08.07 11:59:59.016,0.76716,0.76732,1.00,1.00
2017.08.07 11:59:59.565,0.76716,0.76733,1.12,1.12
2017.08.07 11:59:59.616,0.76716,0.76731,1.12,1.00
