2015.05.18 05:00:04.620,0.76193,0.76231,1.37,1.00
2015.05.18 05:00:09.427,0.76193,0.76231,1.37,1.37
2015.05.18 05:00:09.827,0.76193,0.76231,1.37,1.00
2015.05.18 05:00:10.730,0.76193,0.76231,1.37,1.37
2015.05.18 05:00:11.606,0.76193,0.76231,1.00,1.37
2015.05.18 05:00:12.963,0.76206,0.76242,1.00,1.75
2015.05.18 05:00:13.034,0.76206,0.76242,1.00,1.37
2015.05.18 05:00:13.135,0.76206,0.76242,1.00,1.75
2015.05.18 05:00:13.236,0.76206,0.76242,1.00,1.97
2015.05.18 05:00:13.473,0.76194,0.7623,1.00,1.00
2015.05.18 05:00:16.741,0.76194,0.7623,1.37,1.00
2015.05.18 05:00:26.274,0.76195,0.7623,1.37,1.00
2015.05.18 05:00:27.255,0.76195,0.7623,1.37,1.00
2015.05.18 05:00:33.676,0.76194,0.7623,2.25,1.00
2015.05.18 05:00:48.688,0.76195,0.7623,1.75,1.00
2015.05.18 05:00:48.989,0.76194,0.7623,2.25,1.00
2015.05.18 05:00:49.299,0.76195,0.7623,1.37,1.00
2015.05.18 05:00:49.352,0.76198,0.76234,1.00,1.37
2015.05.18 05:00:49.936,0.76198,0.76234,1.00,1.00
2015.05.18 05:00:50.635,0.76198,0.76234,1.37,1.00
2015.05.18 05:00:56.157,0.76197,0.76233,1.37,1.00
2015.05.18 05:00:56.611,0.76197,0.76235,1.37,1.12
2015.05.18 05:01:24.294,0.76205,0.76241,1.00,1.35
2015.05.18 05:01:24.345,0.76205,0.76243,1.00,2.10
2015.05.18 05:01:24.715,0.76208,0.76243,1.00,1.35
2015.05.18 05:01:25.236,0.76208,0.76244,1.00,1.97
2015.05.18 05:01:27.565,0.76208,0.76244,1.00,1.97
2015.05.18 05:01:31.554,0.76208,0.76243,1.00,1.35
2015.05.18 05:01:44.863,0.76208,0.76243,1.00,1.35
2015.05.18 05:01:53.977,0.76208,0.76243,1.00,1.35
2015.05.18 05:01:54.194,0.76206,0.76242,1.00,1.75
2015.05.18 05:02:20.081,0.76203,0.76239,1.00,1.37
2015.05.18 05:02:25.124,0.76203,0.76239,1.00,1.37
2015.05.18 05:02:26.325,0.76203,0.76239,1.00,2.10
2015.05.18 05:02:32.734,0.76203,0.76239,1.00,1.72
2015.05.18 05:02:38.545,0.76203,0.76239,1.00,1.72
2015.05.18 05:03:09.989,0.76203,0.76239,1.00,2.10
2015.05.18 05:03:21.615,0.76195,0.76239,1.75,1.67
2015.05.18 05:03:26.152,0.76195,0.76241,1.75,1.35
2015.05.18 05:03:26.612,0.76195,0.76243,1.75,1.35
2015.05.18 05:03:26.723,0.76195,0.76245,2.10,1.67
2015.05.18 05:03:29.116,0.76204,0.76242,1.50,1.00
2015.05.18 05:03:29.252,0.76204,0.76242,1.37,1.12
2015.05.18 05:03:31.420,0.76204,0.76242,1.37,1.12
2015.05.18 05:03:34.862,0.76204,0.76242,1.37,1.37
2015.05.18 05:03:49.913,0.76208,0.76244,1.00,1.37
2015.05.18 05:03:54.092,0.76206,0.76242,1.37,1.37
2015.05.18 05:03:54.812,0.76206,0.76242,1.12,1.37
2015.05.18 05:03:54.862,0.76206,0.76242,1.12,1.37
2015.05.18 05:03:54.991,0.76209,0.76245,1.00,1.72
2015.05.18 05:03:59.809,0.76206,0.76242,1.37,1.37
2015.05.18 05:03:59.870,0.76206,0.76242,1.00,1.37
2015.05.18 05:04:09.184,0.76206,0.76242,1.12,1.12
2015.05.18 05:04:12.135,0.76206,0.76242,1.00,1.75
2015.05.18 05:04:12.352,0.76202,0.7624,1.00,1.50
2015.05.18 05:04:13.300,0.76202,0.76239,1.12,2.47
2015.05.18 05:04:13.490,0.76205,0.76239,1.00,2.47
2015.05.18 05:04:14.063,0.76207,0.76239,1.00,2.47
2015.05.18 05:04:14.781,0.76207,0.76243,1.00,2.10
2015.05.18 05:04:39.549,0.76207,0.76243,1.00,1.97
2015.05.18 05:04:53.584,0.76207,0.76243,1.00,1.75
2015.05.18 05:05:10.811,0.76207,0.76243,1.00,1.37
2015.05.18 05:05:11.414,0.76207,0.76243,1.00,1.37
2015.05.18 05:05:14.204,0.762,0.76244,1.37,1.67
2015.05.18 05:05:25.837,0.762,0.76244,1.37,1.35
2015.05.18 05:05:25.938,0.762,0.76243,1.37,1.67
2015.05.18 05:05:34.863,0.762,0.76246,1.37,1.35
2015.05.18 05:05:34.964,0.762,0.76243,1.37,1.67
2015.05.18 05:05:42.677,0.762,0.76247,1.12,1.35
2015.05.18 05:05:42.780,0.762,0.76243,1.37,1.67
2015.05.18 05:05:43.882,0.762,0.76246,1.00,1.35
2015.05.18 05:05:43.982,0.762,0.76243,1.37,1.67
2015.05.18 05:05:44.784,0.762,0.76245,1.12,1.35
2015.05.18 05:05:44.884,0.762,0.76244,1.37,1.35
2015.05.18 05:06:12.629,0.762,0.76243,1.37,1.35
2015.05.18 05:06:38.159,0.762,0.76242,1.37,1.35
2015.05.18 05:06:41.166,0.762,0.76242,1.37,1.35
2015.05.18 05:06:41.789,0.762,0.76242,1.37,1.35
2015.05.18 05:07:01.489,0.76209,0.76244,1.00,1.35
2015.05.18 05:07:01.540,0.76209,0.76251,1.00,2.10
2015.05.18 05:07:01.590,0.76214,0.76246,1.00,1.60
2015.05.18 05:07:01.691,0.76214,0.7625,1.87,1.00
2015.05.18 05:07:01.741,0.76215,0.7625,1.37,1.00
2015.05.18 05:07:01.798,0.76215,0.7625,1.37,1.37
2015.05.18 05:07:01.898,0.7622,0.76256,1.00,1.60
2015.05.18 05:07:03.501,0.7622,0.76256,1.00,2.10
2015.05.18 05:07:03.927,0.7622,0.76256,1.00,1.97
2015.05.18 05:07:04.002,0.7622,0.76255,1.00,1.35
2015.05.18 05:07:10.711,0.7622,0.76256,1.00,1.97
2015.05.18 05:07:28.149,0.7622,0.76256,1.00,1.37
2015.05.18 05:07:59.724,0.7622,0.76256,1.00,1.12
2015.05.18 05:08:02.218,0.76215,0.76261,1.37,1.35
2015.05.18 05:08:13.308,0.76215,0.76261,1.50,1.67
2015.05.18 05:08:15.166,0.76215,0.76263,1.75,1.35
2015.05.18 05:08:15.398,0.76222,0.76258,1.37,1.00
2015.05.18 05:08:15.669,0.76225,0.76261,1.00,1.72
2015.05.18 05:08:16.568,0.76228,0.76261,1.00,1.30
2015.05.18 05:08:25.698,0.76228,0.76264,1.00,1.97
2015.05.18 05:08:31.098,0.76228,0.76264,1.00,1.97
2015.05.18 05:08:31.458,0.7623,0.76266,1.00,1.97
2015.05.18 05:08:32.001,0.7623,0.76265,1.00,1.35
2015.05.18 05:08:32.536,0.7623,0.76264,1.00,1.35
2015.05.18 05:08:32.847,0.76224,0.7626,1.00,1.75
2015.05.18 05:08:33.010,0.76224,0.7626,1.00,1.75
2015.05.18 05:08:33.367,0.76226,0.76261,1.00,1.35
2015.05.18 05:08:33.657,0.76228,0.76261,1.00,1.67
2015.05.18 05:08:34.210,0.76228,0.76262,1.00,1.35
2015.05.18 05:08:36.349,0.76228,0.76261,1.00,1.30
2015.05.18 05:08:36.400,0.7623,0.76261,1.00,1.30
2015.05.18 05:08:36.960,0.7623,0.76265,1.00,1.35
2015.05.18 05:08:37.536,0.7623,0.76264,1.00,1.35
2015.05.18 05:08:46.848,0.7623,0.76266,1.00,1.50
2015.05.18 05:08:46.898,0.76243,0.76269,1.00,1.35
2015.05.18 05:08:47.003,0.76243,0.76277,1.00,1.35
2015.05.18 05:08:47.104,0.7623,0.76268,2.25,1.00
2015.05.18 05:08:47.154,0.7624,0.76273,1.00,1.67
2015.05.18 05:08:47.348,0.76238,0.76273,1.00,1.67
2015.05.18 05:08:47.747,0.76236,0.76271,1.00,1.37
2015.05.18 05:08:49.963,0.76236,0.76271,1.00,1.50
2015.05.18 05:08:51.470,0.76236,0.76271,1.00,1.37
2015.05.18 05:09:14.630,0.76236,0.76271,1.00,1.00
2015.05.18 05:09:14.857,0.76232,0.76268,1.37,1.00
2015.05.18 05:09:14.907,0.76235,0.7628,1.37,1.50
2015.05.18 05:09:15.068,0.76234,0.76275,1.12,1.12
2015.05.18 05:09:15.118,0.76234,0.76275,1.00,1.37
2015.05.18 05:09:15.527,0.76233,0.76271,1.00,1.00
2015.05.18 05:09:15.899,0.76235,0.76276,1.00,1.37
2015.05.18 05:09:19.247,0.76235,0.76276,1.37,1.37
2015.05.18 05:09:19.566,0.76239,0.76275,1.00,1.37
2015.05.18 05:09:23.766,0.76241,0.76277,1.00,1.37
2015.05.18 05:09:25.631,0.76241,0.76277,1.00,1.75
2015.05.18 05:09:25.686,0.76238,0.76274,1.00,1.37
2015.05.18 05:09:27.933,0.76238,0.76274,1.00,1.37
2015.05.18 05:09:28.334,0.76238,0.76274,1.00,1.37
2015.05.18 05:09:40.387,0.76238,0.76274,1.00,1.37
2015.05.18 05:09:40.456,0.76241,0.76277,1.00,1.37
2015.05.18 05:09:40.586,0.76238,0.76274,1.00,1.37
2015.05.18 05:09:41.156,0.76238,0.76274,1.00,1.37
2015.05.18 05:09:41.799,0.76238,0.76274,1.00,1.37
2015.05.18 05:09:59.456,0.76242,0.76277,1.00,1.37
2015.05.18 05:10:04.308,0.76242,0.76277,1.00,1.50
2015.05.18 05:10:06.493,0.76242,0.76277,1.00,1.37
2015.05.18 05:10:08.718,0.76239,0.76275,1.00,1.12
2015.05.18 05:10:09.297,0.76239,0.76275,1.00,1.37
2015.05.18 05:10:11.100,0.76239,0.76275,1.00,1.37
2015.05.18 05:10:13.304,0.76239,0.76275,1.00,1.37
2015.05.18 05:10:13.428,0.76231,0.76267,1.37,1.37
2015.05.18 05:10:13.548,0.76231,0.76267,1.37,1.00
2015.05.18 05:10:13.749,0.76239,0.76275,1.00,1.00
2015.05.18 05:10:14.509,0.76239,0.76275,1.00,1.37
2015.05.18 05:10:16.215,0.76239,0.76275,1.00,1.75
2015.05.18 05:10:16.340,0.76235,0.76271,1.00,1.37
2015.05.18 05:10:16.443,0.76235,0.76271,1.00,1.50
2015.05.18 05:10:16.852,0.76231,0.76269,1.12,1.37
2015.05.18 05:10:46.588,0.76229,0.76265,1.37,1.00
2015.05.18 05:10:47.030,0.76234,0.76269,1.00,1.35
2015.05.18 05:10:47.720,0.76234,0.7627,1.00,1.97
2015.05.18 05:10:47.821,0.76234,0.76269,1.00,1.35
2015.05.18 05:10:49.633,0.76234,0.7627,1.00,2.10
2015.05.18 05:10:50.340,0.76234,0.7627,1.00,1.97
2015.05.18 05:11:27.128,0.76234,0.7627,1.00,1.97
2015.05.18 05:11:32.586,0.76234,0.76269,1.00,1.35
2015.05.18 05:11:32.636,0.7623,0.76268,1.00,1.72
2015.05.18 05:11:32.749,0.7623,0.76268,1.37,1.72
2015.05.18 05:11:42.168,0.7623,0.76268,1.37,1.72
2015.05.18 05:11:47.477,0.7623,0.76268,1.37,1.37
2015.05.18 05:11:50.886,0.7623,0.76268,1.00,1.37
2015.05.18 05:11:50.987,0.7623,0.76268,1.37,1.37
2015.05.18 05:12:01.411,0.76235,0.76271,1.00,1.50
2015.05.18 05:12:06.321,0.76235,0.76271,1.00,1.75
2015.05.18 05:12:08.707,0.76232,0.76268,1.12,1.37
2015.05.18 05:12:08.927,0.76232,0.76268,1.37,1.37
2015.05.18 05:12:18.195,0.76232,0.76268,1.37,1.37
2015.05.18 05:12:26.356,0.76232,0.76268,1.37,1.00
2015.05.18 05:12:26.487,0.76232,0.76268,1.37,1.37
2015.05.18 05:12:26.596,0.76232,0.76268,1.37,1.00
2015.05.18 05:12:27.548,0.76232,0.76268,1.37,1.37
2015.05.18 05:12:28.104,0.76235,0.76271,1.12,1.97
2015.05.18 05:12:28.386,0.76237,0.76272,1.00,1.35
2015.05.18 05:12:28.963,0.76237,0.7627,1.00,1.30
2015.05.18 05:12:33.915,0.76231,0.76267,1.37,1.12
2015.05.18 05:12:34.224,0.76225,0.7626,1.75,1.00
2015.05.18 05:12:34.274,0.76225,0.7626,1.50,1.00
2015.05.18 05:12:34.407,0.76225,0.7626,1.37,1.00
2015.05.18 05:12:35.776,0.76225,0.7626,1.37,1.12
2015.05.18 05:12:37.680,0.76225,0.7626,1.37,1.37
2015.05.18 05:12:43.235,0.76225,0.7626,1.37,1.00
2015.05.18 05:12:43.336,0.76225,0.7626,1.75,1.00
2015.05.18 05:12:43.417,0.76225,0.76268,1.75,1.00
2015.05.18 05:12:43.696,0.76234,0.76274,1.00,1.00
2015.05.18 05:12:43.900,0.76235,0.76283,1.00,1.72
2015.05.18 05:12:45.193,0.76235,0.76283,1.75,1.97
2015.05.18 05:12:47.396,0.76235,0.76283,1.75,1.97
2015.05.18 05:12:48.144,0.76243,0.76283,1.37,1.37
2015.05.18 05:12:48.425,0.76243,0.76295,1.37,2.10
2015.05.18 05:12:50.245,0.76243,0.76295,1.50,2.10
2015.05.18 05:12:51.405,0.76243,0.76295,1.37,2.10
2015.05.18 05:12:51.947,0.76247,0.76295,1.00,2.10
2015.05.18 05:12:52.609,0.76247,0.76295,1.00,2.10
2015.05.18 05:12:52.709,0.76247,0.76295,1.00,2.10
2015.05.18 05:12:53.327,0.76247,0.76295,1.00,1.00
2015.05.18 05:12:53.428,0.76246,0.76315,1.00,1.35
2015.05.18 05:12:53.707,0.76252,0.76315,1.00,1.35
2015.05.18 05:12:53.827,0.76252,0.76315,1.00,1.35
2015.05.18 05:12:54.716,0.76252,0.76311,1.12,1.75
2015.05.18 05:12:55.035,0.76252,0.76311,1.75,1.75
2015.05.18 05:12:55.566,0.76251,0.76315,1.75,1.35
2015.05.18 05:12:57.067,0.76264,0.76315,1.00,1.35
2015.05.18 05:12:57.835,0.76263,0.76315,1.00,1.35
2015.05.18 05:12:58.825,0.76264,0.76305,1.00,1.75
2015.05.18 05:13:00.529,0.76264,0.76305,1.00,1.75
2015.05.18 05:13:02.985,0.76264,0.76305,1.00,1.75
2015.05.18 05:13:04.976,0.76262,0.76302,1.00,1.75
2015.05.18 05:13:12.464,0.76262,0.76302,1.00,1.75
2015.05.18 05:13:12.886,0.76261,0.76314,1.00,1.35
2015.05.18 05:13:13.556,0.76262,0.76314,1.00,1.35
2015.05.18 05:13:13.773,0.76262,0.76314,1.00,1.35
2015.05.18 05:13:13.974,0.76262,0.76314,1.37,1.35
2015.05.18 05:13:14.114,0.7625,0.76324,1.75,1.75
2015.05.18 05:13:14.276,0.7625,0.76324,1.75,1.75
2015.05.18 05:13:14.778,0.76249,0.76317,1.75,1.75
2015.05.18 05:13:15.704,0.76249,0.76317,1.75,1.75
2015.05.18 05:13:18.516,0.76249,0.76317,1.75,1.75
2015.05.18 05:13:18.631,0.76249,0.76317,1.75,1.75
2015.05.18 05:13:20.095,0.76262,0.76317,1.00,1.75
2015.05.18 05:13:20.513,0.76262,0.76317,1.37,1.75
2015.05.18 05:13:23.205,0.76262,0.76317,1.37,1.75
2015.05.18 05:13:23.710,0.76262,0.76317,1.37,1.75
2015.05.18 05:13:24.111,0.76262,0.76317,1.37,1.75
2015.05.18 05:13:24.236,0.76262,0.76317,1.12,1.75
2015.05.18 05:13:24.454,0.76261,0.76325,1.37,1.75
2015.05.18 05:13:25.121,0.76262,0.76311,1.37,1.75
2015.05.18 05:13:25.225,0.76262,0.76311,1.37,1.75
2015.05.18 05:13:25.623,0.76262,0.76311,1.37,1.75
2015.05.18 05:13:27.330,0.76262,0.76311,1.37,1.75
2015.05.18 05:13:33.864,0.76262,0.76298,1.37,1.00
2015.05.18 05:13:34.171,0.76262,0.76298,1.00,1.37
2015.05.18 05:13:40.220,0.76262,0.76298,1.00,1.60
2015.05.18 05:13:40.553,0.76262,0.76296,1.00,1.35
2015.05.18 05:13:43.119,0.76262,0.76298,1.00,1.97
2015.05.18 05:13:43.427,0.76262,0.76298,1.00,1.37
2015.05.18 05:13:44.839,0.76262,0.76298,1.00,1.37
2015.05.18 05:13:45.948,0.76262,0.76298,1.00,1.50
2015.05.18 05:13:51.069,0.76262,0.76298,1.00,1.75
2015.05.18 05:13:51.622,0.76262,0.76298,1.00,1.50
2015.05.18 05:13:54.099,0.76262,0.76298,1.00,1.37
2015.05.18 05:14:02.868,0.76262,0.76298,1.00,1.37
2015.05.18 05:14:26.754,0.76263,0.763,1.00,1.35
2015.05.18 05:14:30.835,0.76261,0.76297,1.00,1.37
2015.05.18 05:14:34.005,0.76261,0.76297,1.00,1.37
2015.05.18 05:14:38.693,0.76251,0.76294,1.75,1.37
2015.05.18 05:14:38.744,0.76251,0.76294,1.37,1.37
2015.05.18 05:14:41.526,0.76251,0.76294,1.37,1.37
2015.05.18 05:14:41.676,0.7625,0.76288,1.37,1.00
2015.05.18 05:14:49.442,0.7625,0.76288,1.37,1.00
2015.05.18 05:14:50.745,0.7625,0.76288,1.37,1.00
2015.05.18 05:14:50.845,0.7625,0.76288,1.37,1.00
2015.05.18 05:14:52.073,0.76248,0.76287,1.50,1.00
2015.05.18 05:15:12.415,0.76253,0.76288,1.12,1.00
2015.05.18 05:15:12.787,0.76253,0.76288,1.37,1.00
2015.05.18 05:15:12.924,0.76253,0.76288,1.12,1.00
2015.05.18 05:15:14.106,0.76253,0.76288,1.37,1.00
2015.05.18 05:15:15.029,0.76253,0.76288,1.37,1.00
2015.05.18 05:15:19.716,0.76253,0.76288,1.50,1.00
2015.05.18 05:15:19.875,0.76256,0.76292,1.37,1.00
2015.05.18 05:15:20.097,0.76259,0.76295,1.00,1.12
2015.05.18 05:15:20.147,0.76259,0.76295,1.37,1.00
2015.05.18 05:15:20.217,0.76259,0.76295,1.37,1.00
2015.05.18 05:15:20.335,0.7626,0.763,1.12,1.37
2015.05.18 05:15:20.436,0.7626,0.763,1.12,1.00
2015.05.18 05:15:20.943,0.7626,0.763,1.37,1.00
2015.05.18 05:15:27.673,0.7627,0.76306,1.00,1.50
2015.05.18 05:15:28.251,0.7627,0.76306,1.00,1.37
2015.05.18 05:15:28.356,0.7627,0.76306,1.00,1.37
2015.05.18 05:15:30.104,0.76273,0.7631,1.00,1.50
2015.05.18 05:15:30.261,0.76265,0.76301,1.00,1.72
2015.05.18 05:15:30.328,0.76262,0.76298,1.37,1.00
2015.05.18 05:15:30.696,0.76265,0.76301,1.00,2.10
2015.05.18 05:15:31.036,0.76271,0.76307,1.00,1.75
2015.05.18 05:15:31.205,0.76272,0.76308,1.00,1.75
2015.05.18 05:15:31.330,0.76272,0.76308,1.00,1.75
2015.05.18 05:15:31.555,0.76269,0.76305,1.00,1.50
2015.05.18 05:15:31.776,0.76269,0.76305,1.00,1.75
2015.05.18 05:15:36.955,0.7626,0.76295,1.37,1.00
2015.05.18 05:15:37.006,0.76259,0.76295,1.12,1.72
2015.05.18 05:15:37.133,0.76259,0.76295,1.37,1.00
2015.05.18 05:15:37.560,0.76269,0.76305,1.00,1.75
2015.05.18 05:15:42.219,0.76269,0.76305,1.00,1.37
2015.05.18 05:15:42.447,0.76272,0.76308,1.00,1.75
2015.05.18 05:15:42.814,0.76272,0.76308,1.00,1.75
2015.05.18 05:15:44.283,0.76264,0.763,1.00,1.37
2015.05.18 05:15:44.336,0.76264,0.763,1.00,1.37
2015.05.18 05:15:44.953,0.76264,0.763,1.00,1.50
2015.05.18 05:15:45.873,0.76264,0.763,1.00,1.37
2015.05.18 05:15:45.923,0.76274,0.76307,1.00,1.35
2015.05.18 05:15:45.974,0.76274,0.76307,1.00,1.35
2015.05.18 05:15:46.043,0.76274,0.76307,1.00,1.67
2015.05.18 05:15:46.546,0.76274,0.76308,1.00,1.35
2015.05.18 05:15:46.597,0.76271,0.76307,1.00,1.72
2015.05.18 05:15:46.975,0.76274,0.76308,1.00,1.35
2015.05.18 05:15:48.175,0.76265,0.76301,1.37,1.00
2015.05.18 05:15:48.276,0.76265,0.76301,1.12,1.37
2015.05.18 05:15:49.915,0.76271,0.76307,1.00,2.10
2015.05.18 05:15:49.966,0.76271,0.76307,1.00,2.10
2015.05.18 05:15:50.674,0.76271,0.76307,1.00,1.72
2015.05.18 05:15:51.259,0.76271,0.76307,1.00,2.10
2015.05.18 05:15:54.923,0.76268,0.76304,1.12,1.37
2015.05.18 05:15:55.085,0.7627,0.76307,1.00,1.67
2015.05.18 05:15:55.674,0.7627,0.76308,1.00,1.75
2015.05.18 05:15:57.055,0.76267,0.76303,1.00,1.37
2015.05.18 05:15:57.155,0.76267,0.76303,1.00,1.12
2015.05.18 05:15:58.522,0.76267,0.76303,1.12,1.37
2015.05.18 05:16:04.691,0.76264,0.76302,1.37,1.37
2015.05.18 05:16:11.694,0.76268,0.76306,1.00,1.75
2015.05.18 05:16:11.745,0.76268,0.76306,1.00,1.37
2015.05.18 05:16:14.622,0.76268,0.76306,1.00,1.37
2015.05.18 05:16:17.665,0.76269,0.76305,1.00,1.37
2015.05.18 05:16:18.082,0.76275,0.76311,1.00,2.10
2015.05.18 05:16:18.462,0.76269,0.76305,1.37,1.37
2015.05.18 05:16:18.534,0.76274,0.76311,1.00,1.35
2015.05.18 05:16:19.137,0.76274,0.76311,1.00,1.67
2015.05.18 05:16:19.842,0.76274,0.76312,1.00,1.97
2015.05.18 05:16:19.953,0.76274,0.76311,1.12,1.30
2015.05.18 05:16:20.871,0.76274,0.7631,1.12,1.00
2015.05.18 05:16:21.063,0.76267,0.76303,1.37,1.00
2015.05.18 05:16:21.164,0.76267,0.76303,1.00,1.00
2015.05.18 05:16:23.774,0.76267,0.76303,1.37,1.00
2015.05.18 05:16:24.159,0.76274,0.7631,1.12,1.37
2015.05.18 05:16:25.881,0.76274,0.7631,1.00,1.37
2015.05.18 05:16:32.283,0.76274,0.7631,1.00,1.37
2015.05.18 05:16:33.274,0.76274,0.7631,1.00,1.37
2015.05.18 05:16:44.289,0.76274,0.7631,1.00,1.75
2015.05.18 05:16:50.792,0.76272,0.76308,1.00,1.37
2015.05.18 05:16:56.616,0.76272,0.76308,1.00,1.37
2015.05.18 05:16:57.218,0.76272,0.76308,1.37,1.37
2015.05.18 05:16:58.642,0.76272,0.76308,1.37,1.37
2015.05.18 05:17:02.728,0.76272,0.76308,1.00,1.12
2015.05.18 05:17:03.273,0.76272,0.76308,1.00,1.37
2015.05.18 05:17:03.536,0.76264,0.76306,1.75,1.37
2015.05.18 05:17:04.540,0.76264,0.76306,1.75,1.12
2015.05.18 05:17:05.141,0.76264,0.76306,1.75,1.37
2015.05.18 05:17:05.342,0.76264,0.76306,1.75,1.37
2015.05.18 05:17:05.644,0.76264,0.76306,1.75,1.37
2015.05.18 05:17:07.348,0.76264,0.76306,1.75,1.37
2015.05.18 05:17:07.649,0.76264,0.76306,1.75,1.37
2015.05.18 05:17:07.849,0.76264,0.76306,1.75,1.37
2015.05.18 05:17:08.151,0.76264,0.76306,1.75,1.37
2015.05.18 05:17:08.582,0.76264,0.76306,1.75,1.37
2015.05.18 05:17:11.155,0.76264,0.76306,1.75,1.37
2015.05.18 05:17:12.760,0.76264,0.76306,1.75,1.37
2015.05.18 05:17:13.125,0.76271,0.76307,1.00,1.37
2015.05.18 05:17:13.516,0.76271,0.76307,1.00,1.75
2015.05.18 05:17:13.864,0.76259,0.76306,1.12,1.75
2015.05.18 05:17:14.493,0.76259,0.76306,1.00,1.75
2015.05.18 05:17:17.080,0.76259,0.76306,1.00,1.75
2015.05.18 05:17:23.597,0.76259,0.76306,1.00,1.75
2015.05.18 05:17:28.324,0.76259,0.76306,1.00,1.75
2015.05.18 05:17:43.365,0.76259,0.76306,1.00,1.75
2015.05.18 05:17:45.303,0.76261,0.76309,1.00,1.75
2015.05.18 05:18:10.203,0.76258,0.76307,1.12,1.75
2015.05.18 05:18:11.725,0.76258,0.76307,1.00,1.75
2015.05.18 05:18:20.179,0.76259,0.763,1.00,1.75
2015.05.18 05:18:20.573,0.76252,0.76306,1.37,1.75
2015.05.18 05:18:20.625,0.76252,0.76306,1.37,1.75
2015.05.18 05:18:23.648,0.76252,0.76306,1.12,1.75
2015.05.18 05:18:23.749,0.76252,0.76306,1.37,1.75
2015.05.18 05:18:24.153,0.76252,0.76306,1.12,1.75
2015.05.18 05:18:24.353,0.76259,0.76302,1.00,1.75
2015.05.18 05:18:24.404,0.76258,0.76299,1.00,1.50
2015.05.18 05:18:24.689,0.76258,0.76299,1.00,1.75
2015.05.18 05:18:25.193,0.76258,0.76299,1.00,1.75
2015.05.18 05:18:28.584,0.76258,0.76299,1.00,1.75
2015.05.18 05:18:29.996,0.76258,0.76299,1.00,1.75
2015.05.18 05:18:30.323,0.76252,0.76291,1.00,1.37
2015.05.18 05:18:34.415,0.76252,0.76291,1.00,1.37
2015.05.18 05:18:37.528,0.76252,0.76291,1.00,1.37
2015.05.18 05:18:37.730,0.76252,0.76291,1.00,1.37
2015.05.18 05:18:50.083,0.76252,0.76291,1.00,1.37
2015.05.18 05:18:53.588,0.76252,0.76291,1.00,1.37
2015.05.18 05:18:53.639,0.76247,0.76285,1.37,1.00
2015.05.18 05:18:55.708,0.76247,0.76285,1.00,1.00
2015.05.18 05:18:56.676,0.76247,0.76285,1.37,1.00
2015.05.18 05:19:01.910,0.76247,0.76285,1.00,1.12
2015.05.18 05:19:02.569,0.76247,0.76285,1.00,1.37
2015.05.18 05:19:04.115,0.76247,0.76285,1.00,1.37
2015.05.18 05:19:17.181,0.76243,0.76281,1.37,1.00
2015.05.18 05:19:20.349,0.76248,0.76284,1.00,1.37
2015.05.18 05:19:24.088,0.76251,0.76287,1.00,1.37
2015.05.18 05:19:26.301,0.76248,0.76284,1.00,1.37
2015.05.18 05:19:28.988,0.76248,0.76284,1.00,1.37
2015.05.18 05:19:41.690,0.76248,0.76284,1.00,1.37
2015.05.18 05:19:44.576,0.76248,0.76284,1.00,1.50
2015.05.18 05:19:45.269,0.76248,0.76284,1.00,1.37
2015.05.18 05:20:00.941,0.76248,0.76284,1.00,1.37
2015.05.18 05:20:01.656,0.76248,0.76284,1.00,1.37
2015.05.18 05:20:02.507,0.76248,0.76284,1.00,1.00
2015.05.18 05:20:04.511,0.76248,0.76284,1.00,1.37
2015.05.18 05:20:05.701,0.76244,0.7628,1.12,1.00
2015.05.18 05:20:12.830,0.76241,0.76277,1.37,1.00
2015.05.18 05:20:14.029,0.76241,0.76277,1.00,1.00
2015.05.18 05:20:16.121,0.76244,0.7628,1.00,1.37
2015.05.18 05:20:16.390,0.76244,0.7628,1.00,1.12
2015.05.18 05:20:22.610,0.76248,0.76284,1.00,1.37
2015.05.18 05:20:22.829,0.76244,0.7628,1.00,1.12
2015.05.18 05:20:32.619,0.76248,0.76284,1.00,1.37
2015.05.18 05:20:33.338,0.76248,0.76284,1.00,1.37
2015.05.18 05:20:40.343,0.76243,0.76281,1.37,1.00
2015.05.18 05:20:40.583,0.76248,0.76284,1.00,1.12
2015.05.18 05:20:41.303,0.76244,0.7628,1.37,1.00
2015.05.18 05:20:41.846,0.76244,0.7628,1.37,1.00
2015.05.18 05:20:44.609,0.76248,0.76284,1.00,1.37
2015.05.18 05:20:45.202,0.76246,0.76282,1.00,1.00
2015.05.18 05:20:46.043,0.76248,0.76286,1.00,1.37
2015.05.18 05:20:54.728,0.76246,0.76282,1.00,1.00
2015.05.18 05:20:54.948,0.76249,0.76285,1.00,1.37
2015.05.18 05:20:59.387,0.76249,0.76285,1.00,1.37
2015.05.18 05:21:03.322,0.76252,0.76288,1.00,1.37
2015.05.18 05:21:07.162,0.76249,0.76285,1.00,1.37
2015.05.18 05:21:08.318,0.76249,0.76285,1.00,1.37
2015.05.18 05:21:08.368,0.76252,0.76288,1.00,1.50
2015.05.18 05:21:14.462,0.76252,0.76288,1.00,1.37
2015.05.18 05:21:14.536,0.76252,0.76288,1.00,1.12
2015.05.18 05:21:14.587,0.76246,0.76282,1.37,1.00
2015.05.18 05:21:14.962,0.76252,0.76288,1.00,1.37
2015.05.18 05:21:15.078,0.76252,0.76288,1.00,1.37
2015.05.18 05:21:19.345,0.76252,0.76288,1.00,1.37
2015.05.18 05:21:19.947,0.76252,0.76288,1.00,1.37
2015.05.18 05:21:25.702,0.76249,0.76285,1.00,1.12
2015.05.18 05:21:45.344,0.76252,0.76288,1.00,1.37
2015.05.18 05:21:47.885,0.76252,0.76288,1.00,1.12
2015.05.18 05:21:54.902,0.76252,0.76288,1.00,1.37
2015.05.18 05:22:00.121,0.76252,0.76288,1.00,1.37
2015.05.18 05:22:00.326,0.76248,0.76286,1.00,1.37
2015.05.18 05:22:02.601,0.76252,0.76288,1.00,1.37
2015.05.18 05:22:02.652,0.76252,0.76288,1.00,1.37
2015.05.18 05:22:03.536,0.76252,0.76288,1.00,1.37
2015.05.18 05:22:03.586,0.76249,0.76285,1.00,1.37
2015.05.18 05:22:04.248,0.76249,0.76285,1.00,1.37
2015.05.18 05:22:05.346,0.76249,0.76285,1.00,1.12
2015.05.18 05:22:28.391,0.76249,0.76285,1.00,1.37
2015.05.18 05:22:45.019,0.76249,0.76285,1.00,1.75
2015.05.18 05:22:52.836,0.76249,0.76285,1.00,1.37
2015.05.18 05:22:53.738,0.76249,0.76285,1.00,1.75
2015.05.18 05:23:00.371,0.76249,0.76285,1.00,1.50
2015.05.18 05:23:03.793,0.7624,0.76288,1.75,1.35
2015.05.18 05:23:27.103,0.7624,0.76288,1.50,1.35
2015.05.18 05:23:46.464,0.7624,0.76288,1.37,1.35
2015.05.18 05:23:46.550,0.7624,0.76288,1.50,1.35
2015.05.18 05:23:46.688,0.76245,0.76288,1.37,1.67
2015.05.18 05:23:46.753,0.76245,0.7629,1.37,1.35
2015.05.18 05:23:47.456,0.76245,0.7629,1.37,1.35
2015.05.18 05:23:50.661,0.76245,0.7629,1.75,1.35
2015.05.18 05:23:56.169,0.76245,0.76288,1.75,1.67
2015.05.18 05:23:57.172,0.76245,0.7629,1.75,1.35
2015.05.18 05:23:58.213,0.76245,0.76289,1.75,1.35
2015.05.18 05:23:58.777,0.76245,0.7629,1.75,1.35
2015.05.18 05:24:08.245,0.76252,0.76288,1.37,1.35
2015.05.18 05:24:13.469,0.76248,0.76284,1.75,1.00
2015.05.18 05:24:15.517,0.76248,0.76284,1.37,1.00
2015.05.18 05:24:15.569,0.76245,0.7628,1.75,1.00
2015.05.18 05:24:15.619,0.76245,0.7628,1.50,1.00
2015.05.18 05:24:15.753,0.76245,0.7628,1.37,1.00
2015.05.18 05:24:27.334,0.76244,0.7628,1.37,1.37
2015.05.18 05:24:28.843,0.76244,0.7628,1.37,1.37
2015.05.18 05:24:29.638,0.76244,0.7628,1.37,1.37
2015.05.18 05:24:52.269,0.76247,0.76285,1.12,1.97
2015.05.18 05:24:55.159,0.76244,0.76282,1.37,1.12
2015.05.18 05:24:56.700,0.76244,0.76282,1.37,1.00
2015.05.18 05:24:57.283,0.76235,0.76273,2.25,1.00
2015.05.18 05:24:57.388,0.76235,0.76273,1.75,1.00
2015.05.18 05:24:57.439,0.76245,0.76281,1.00,1.37
2015.05.18 05:24:57.989,0.76245,0.76281,1.37,1.00
2015.05.18 05:25:05.206,0.76245,0.76281,1.12,1.00
2015.05.18 05:25:05.337,0.76251,0.76287,1.00,1.37
2015.05.18 05:25:05.405,0.76251,0.76287,1.37,1.00
2015.05.18 05:25:05.565,0.76253,0.76291,1.00,1.37
2015.05.18 05:25:05.688,0.76253,0.76291,1.00,1.12
2015.05.18 05:25:05.886,0.7625,0.76288,1.37,1.00
2015.05.18 05:25:09.511,0.76254,0.7629,1.00,1.37
2015.05.18 05:25:10.624,0.76254,0.7629,1.00,1.50
2015.05.18 05:25:16.752,0.76254,0.7629,1.00,1.75
2015.05.18 05:25:39.593,0.76254,0.7629,1.00,1.50
2015.05.18 05:25:42.625,0.76254,0.7629,1.00,1.37
2015.05.18 05:25:42.870,0.76257,0.76293,1.00,1.50
2015.05.18 05:25:43.214,0.76254,0.7629,1.00,1.37
2015.05.18 05:25:50.370,0.7626,0.76296,1.00,2.10
2015.05.18 05:25:50.471,0.7626,0.76296,1.00,1.72
2015.05.18 05:25:55.384,0.76249,0.76285,1.75,1.00
2015.05.18 05:25:55.443,0.76249,0.76285,1.37,1.12
2015.05.18 05:25:55.543,0.76249,0.76285,1.00,1.37
2015.05.18 05:25:55.882,0.76249,0.76285,1.00,1.37
2015.05.18 05:25:56.266,0.76249,0.76285,1.00,1.37
2015.05.18 05:25:56.317,0.76244,0.76282,1.37,1.00
2015.05.18 05:25:56.367,0.76244,0.76282,1.00,1.37
2015.05.18 05:25:56.625,0.76242,0.76278,1.12,1.00
2015.05.18 05:25:56.850,0.76245,0.76281,1.00,1.37
2015.05.18 05:25:58.290,0.76252,0.76288,1.00,2.10
2015.05.18 05:25:58.457,0.76252,0.76288,1.00,1.72
2015.05.18 05:26:00.362,0.76252,0.76288,1.00,1.72
2015.05.18 05:26:07.174,0.76252,0.76288,1.00,1.72
2015.05.18 05:26:15.493,0.76252,0.76288,1.00,1.72
2015.05.18 05:26:19.234,0.76252,0.76288,1.00,1.72
2015.05.18 05:26:19.393,0.76257,0.76292,1.00,1.37
2015.05.18 05:26:19.702,0.76257,0.76292,1.00,1.75
2015.05.18 05:26:19.753,0.76257,0.76292,1.00,1.37
2015.05.18 05:26:19.855,0.76257,0.76292,1.00,1.37
2015.05.18 05:26:20.190,0.76259,0.76295,1.00,1.50
2015.05.18 05:26:26.740,0.76259,0.76295,1.00,1.75
2015.05.18 05:26:29.995,0.76259,0.76295,1.00,1.50
2015.05.18 05:26:30.955,0.76259,0.76295,1.00,1.75
2015.05.18 05:26:31.057,0.76259,0.76295,1.00,1.37
2015.05.18 05:26:31.158,0.76261,0.76297,1.00,1.37
2015.05.18 05:26:31.523,0.76261,0.76297,1.00,1.75
2015.05.18 05:26:59.955,0.76261,0.76297,1.00,1.50
2015.05.18 05:27:00.509,0.76261,0.76297,1.00,1.75
2015.05.18 05:27:25.371,0.76261,0.76297,1.00,1.37
2015.05.18 05:27:27.475,0.76261,0.76297,1.00,1.50
2015.05.18 05:27:31.452,0.7625,0.76303,1.37,1.35
2015.05.18 05:27:40.058,0.76258,0.76296,1.00,1.37
2015.05.18 05:27:40.421,0.76261,0.76297,1.00,1.50
2015.05.18 05:27:45.617,0.76261,0.76297,1.00,1.75
2015.05.18 05:27:50.798,0.76257,0.76293,1.00,1.37
2015.05.18 05:27:51.713,0.76257,0.76293,1.00,1.37
2015.05.18 05:27:59.545,0.76257,0.76293,1.00,1.37
2015.05.18 05:28:11.777,0.76257,0.76293,1.00,1.12
2015.05.18 05:28:28.915,0.76257,0.76293,1.00,1.37
2015.05.18 05:28:53.199,0.7625,0.76302,1.37,1.35
2015.05.18 05:29:11.525,0.7625,0.76302,1.00,1.35
2015.05.18 05:29:13.329,0.7625,0.76302,1.37,1.35
2015.05.18 05:29:13.731,0.7625,0.76302,1.00,1.35
2015.05.18 05:29:14.558,0.76256,0.76294,1.00,1.37
2015.05.18 05:29:18.341,0.76256,0.76294,1.00,1.37
2015.05.18 05:29:20.044,0.76256,0.76294,1.00,1.37
2015.05.18 05:29:22.650,0.76256,0.76294,1.00,1.37
2015.05.18 05:29:23.676,0.76254,0.76289,1.00,1.00
2015.05.18 05:29:23.916,0.76256,0.76294,1.00,1.37
2015.05.18 05:29:25.889,0.76256,0.76294,1.00,1.37
2015.05.18 05:29:26.271,0.76257,0.76293,1.00,1.00
2015.05.18 05:29:26.382,0.76257,0.76293,1.00,1.37
2015.05.18 05:29:26.669,0.76257,0.76293,1.00,1.12
2015.05.18 05:29:33.489,0.76257,0.76293,1.00,1.37
2015.05.18 05:29:39.801,0.76257,0.76293,1.00,1.37
2015.05.18 05:29:40.349,0.76257,0.76293,1.00,1.37
2015.05.18 05:29:40.399,0.76253,0.76292,1.00,1.37
2015.05.18 05:29:40.508,0.76253,0.76292,1.12,1.50
2015.05.18 05:29:41.098,0.76253,0.76292,1.12,1.37
2015.05.18 05:29:41.719,0.76253,0.76292,1.00,1.50
2015.05.18 05:29:45.453,0.76252,0.76291,1.12,1.37
2015.05.18 05:29:46.840,0.76252,0.76291,1.12,1.37
2015.05.18 05:29:48.433,0.76252,0.76291,1.37,1.12
2015.05.18 05:29:50.641,0.76252,0.76291,1.37,1.00
2015.05.18 05:29:55.654,0.76252,0.76291,1.00,1.00
2015.05.18 05:30:00.337,0.76245,0.76303,1.75,1.35
2015.05.18 05:30:00.996,0.76253,0.76292,1.00,1.12
2015.05.18 05:30:18.638,0.76253,0.76292,1.37,1.37
2015.05.18 05:30:18.961,0.76259,0.76295,1.00,1.50
2015.05.18 05:30:19.012,0.76259,0.76295,1.00,1.37
2015.05.18 05:30:19.313,0.76259,0.76295,1.00,1.37
2015.05.18 05:30:19.690,0.76259,0.76295,1.00,1.50
2015.05.18 05:30:20.014,0.76258,0.76294,1.00,1.75
2015.05.18 05:30:33.590,0.76252,0.76291,1.00,1.37
2015.05.18 05:30:34.250,0.76252,0.76291,1.00,1.37
2015.05.18 05:30:35.079,0.76252,0.76288,1.00,1.37
2015.05.18 05:30:37.756,0.76252,0.76288,1.00,1.00
2015.05.18 05:30:47.940,0.76252,0.76292,1.12,1.00
2015.05.18 05:30:54.833,0.76252,0.76292,1.37,1.12
2015.05.18 05:31:03.562,0.76252,0.76292,1.00,1.00
2015.05.18 05:31:04.741,0.76252,0.76292,1.37,1.37
2015.05.18 05:31:07.360,0.76256,0.76294,1.00,1.37
2015.05.18 05:31:07.579,0.76252,0.76292,1.37,1.37
2015.05.18 05:31:14.563,0.76252,0.76292,1.12,1.00
2015.05.18 05:31:15.077,0.76258,0.76294,1.00,1.37
2015.05.18 05:31:15.867,0.76258,0.76294,1.00,1.12
2015.05.18 05:31:20.679,0.76258,0.76294,1.00,1.37
2015.05.18 05:31:22.082,0.76258,0.76294,1.00,1.00
2015.05.18 05:31:27.077,0.76253,0.76293,1.37,1.00
2015.05.18 05:31:27.599,0.76253,0.76293,1.37,1.00
2015.05.18 05:31:28.145,0.76252,0.76288,1.37,1.00
2015.05.18 05:31:28.196,0.76252,0.76288,1.37,1.00
2015.05.18 05:31:28.937,0.76252,0.76291,1.37,1.37
2015.05.18 05:31:29.038,0.76249,0.76285,1.37,1.00
2015.05.18 05:31:29.200,0.76249,0.76285,1.37,1.00
2015.05.18 05:31:29.297,0.76253,0.7629,1.00,1.37
2015.05.18 05:31:29.590,0.76249,0.76285,1.37,1.00
2015.05.18 05:31:29.640,0.76249,0.76285,1.50,1.00
2015.05.18 05:31:29.820,0.76249,0.76285,1.37,1.37
2015.05.18 05:31:29.871,0.76246,0.76282,1.75,1.00
2015.05.18 05:31:29.921,0.7625,0.76286,1.37,1.37
2015.05.18 05:31:30.304,0.7625,0.76286,1.37,1.12
2015.05.18 05:31:31.728,0.7625,0.76286,1.37,1.00
2015.05.18 05:31:35.297,0.76253,0.7629,1.00,1.37
2015.05.18 05:31:37.953,0.76253,0.7629,1.37,1.37
2015.05.18 05:31:46.470,0.76253,0.7629,1.00,1.37
2015.05.18 05:31:56.195,0.76253,0.7629,1.00,1.37
2015.05.18 05:31:57.201,0.76253,0.7629,1.00,1.37
2015.05.18 05:31:57.506,0.76253,0.7629,1.37,1.37
2015.05.18 05:31:59.512,0.76253,0.7629,1.37,1.12
2015.05.18 05:32:00.429,0.76257,0.76293,1.00,1.37
2015.05.18 05:32:01.468,0.76257,0.76293,1.00,1.37
2015.05.18 05:32:02.208,0.76257,0.76293,1.00,1.37
2015.05.18 05:32:03.031,0.76257,0.76293,1.00,1.75
2015.05.18 05:32:03.081,0.76254,0.7629,1.37,1.37
2015.05.18 05:32:03.182,0.76254,0.7629,1.37,1.12
2015.05.18 05:32:03.283,0.76258,0.76294,1.37,1.37
2015.05.18 05:32:03.383,0.76258,0.76294,1.37,1.00
2015.05.18 05:32:03.491,0.76258,0.76294,1.37,1.00
2015.05.18 05:32:03.792,0.76261,0.76296,1.37,1.00
2015.05.18 05:32:04.457,0.76265,0.76301,1.00,1.37
2015.05.18 05:32:05.000,0.76265,0.76301,1.37,1.12
2015.05.18 05:32:05.061,0.76265,0.76301,1.37,1.00
2015.05.18 05:32:11.390,0.76265,0.76301,1.37,1.00
2015.05.18 05:32:11.962,0.76265,0.76301,1.50,1.00
2015.05.18 05:32:12.077,0.76271,0.76307,1.37,1.00
2015.05.18 05:32:12.206,0.76271,0.76307,1.37,1.00
2015.05.18 05:32:12.322,0.76273,0.76311,1.37,1.00
2015.05.18 05:32:15.229,0.76273,0.76311,1.37,1.37
2015.05.18 05:32:15.630,0.76273,0.76311,1.37,1.37
2015.05.18 05:32:15.731,0.76273,0.76311,1.00,1.12
2015.05.18 05:32:16.157,0.76281,0.76316,1.00,1.50
2015.05.18 05:32:19.655,0.76281,0.76316,1.00,1.75
2015.05.18 05:32:31.197,0.76281,0.76316,1.00,1.50
2015.05.18 05:32:34.112,0.76281,0.76316,1.00,1.37
2015.05.18 05:32:34.621,0.76281,0.76316,1.00,1.37
2015.05.18 05:32:35.928,0.76275,0.76313,1.37,1.12
2015.05.18 05:32:36.196,0.76281,0.76317,1.00,1.37
2015.05.18 05:32:37.331,0.76281,0.76317,1.00,1.37
2015.05.18 05:32:52.169,0.76281,0.76317,1.00,1.50
2015.05.18 05:33:00.348,0.76282,0.76318,1.00,1.75
2015.05.18 05:33:01.603,0.76282,0.76318,1.00,1.75
2015.05.18 05:33:03.649,0.76282,0.76318,1.00,1.75
2015.05.18 05:33:10.579,0.76282,0.76318,1.00,1.75
2015.05.18 05:33:17.617,0.76281,0.76315,1.00,1.35
2015.05.18 05:33:17.780,0.76275,0.76313,1.12,2.10
2015.05.18 05:33:17.880,0.76275,0.76313,1.37,1.72
2015.05.18 05:33:17.956,0.76275,0.76313,1.37,1.72
2015.05.18 05:33:18.258,0.76275,0.76313,1.37,1.72
2015.05.18 05:33:18.481,0.76281,0.76317,1.00,1.37
2015.05.18 05:33:19.108,0.76282,0.76318,1.00,1.50
2015.05.18 05:33:24.871,0.76282,0.76318,1.00,1.37
2015.05.18 05:33:38.020,0.76286,0.76322,1.00,1.75
2015.05.18 05:33:43.576,0.76276,0.76314,1.50,1.12
2015.05.18 05:33:43.815,0.76286,0.7632,1.00,1.35
2015.05.18 05:33:43.931,0.76286,0.76321,1.00,1.35
2015.05.18 05:33:44.036,0.76286,0.76322,1.00,1.97
2015.05.18 05:33:44.295,0.76291,0.76324,1.00,1.35
2015.05.18 05:33:44.626,0.76291,0.76322,1.00,1.35
2015.05.18 05:33:45.537,0.76291,0.76323,1.00,1.35
2015.05.18 05:33:51.705,0.76291,0.76321,1.00,1.35
2015.05.18 05:34:09.507,0.76291,0.76327,1.00,1.75
2015.05.18 05:34:09.816,0.76291,0.76327,1.00,1.50
2015.05.18 05:34:10.734,0.76291,0.76327,1.00,1.37
2015.05.18 05:34:16.787,0.76291,0.76327,1.00,1.50
2015.05.18 05:34:17.620,0.76291,0.76327,1.00,1.37
2015.05.18 05:34:18.495,0.76291,0.76327,1.00,1.50
2015.05.18 05:34:19.052,0.76291,0.76327,1.00,1.75
2015.05.18 05:34:19.154,0.76291,0.76329,1.00,2.10
2015.05.18 05:34:21.125,0.76291,0.76329,1.00,2.10
2015.05.18 05:34:21.176,0.76289,0.76327,1.00,1.75
2015.05.18 05:34:21.298,0.76289,0.76327,1.00,1.75
2015.05.18 05:34:21.570,0.76289,0.76327,1.00,1.75
2015.05.18 05:34:22.276,0.76289,0.76327,1.00,1.75
2015.05.18 05:34:22.779,0.76289,0.76327,1.00,1.75
2015.05.18 05:34:23.894,0.76289,0.76327,1.00,1.75
2015.05.18 05:34:24.494,0.76289,0.76327,1.00,1.75
2015.05.18 05:34:24.996,0.76289,0.76327,1.00,1.75
2015.05.18 05:34:28.009,0.76289,0.76327,1.00,1.75
2015.05.18 05:34:37.132,0.76289,0.76327,1.00,1.50
2015.05.18 05:34:38.236,0.76289,0.76327,1.00,1.75
2015.05.18 05:34:39.438,0.76289,0.76327,1.00,1.50
2015.05.18 05:34:40.539,0.76289,0.76327,1.00,1.75
2015.05.18 05:34:41.543,0.76289,0.76327,1.00,1.75
2015.05.18 05:34:43.149,0.76289,0.76327,1.00,1.75
2015.05.18 05:34:45.116,0.76288,0.76324,1.00,1.50
2015.05.18 05:34:45.455,0.76288,0.76324,1.00,1.75
2015.05.18 05:34:46.356,0.76288,0.76324,1.00,1.50
2015.05.18 05:34:46.657,0.76288,0.76324,1.00,1.37
2015.05.18 05:34:52.265,0.76288,0.76324,1.00,1.37
2015.05.18 05:34:54.785,0.76288,0.76324,1.00,1.50
2015.05.18 05:34:57.718,0.76288,0.76324,1.00,1.72
2015.05.18 05:34:57.873,0.76288,0.76324,1.00,2.10
2015.05.18 05:34:58.994,0.76286,0.76324,1.00,2.10
2015.05.18 05:34:59.377,0.76286,0.76324,1.00,2.10
2015.05.18 05:35:01.486,0.76286,0.76324,1.00,2.10
2015.05.18 05:35:02.187,0.76286,0.76324,1.00,2.10
2015.05.18 05:35:08.720,0.76285,0.76321,1.00,1.37
2015.05.18 05:35:09.079,0.76291,0.76324,1.00,1.35
2015.05.18 05:35:09.141,0.76291,0.76324,1.00,1.67
2015.05.18 05:35:09.198,0.76293,0.76324,1.00,1.67
2015.05.18 05:35:09.248,0.76293,0.76331,1.00,1.75
2015.05.18 05:35:09.299,0.76298,0.76334,1.00,1.75
2015.05.18 05:35:09.349,0.76298,0.76334,1.00,1.37
2015.05.18 05:35:09.506,0.76298,0.76334,1.00,1.75
2015.05.18 05:35:10.147,0.76298,0.76334,1.00,1.50
2015.05.18 05:35:10.452,0.76304,0.7634,1.00,1.00
2015.05.18 05:35:11.307,0.76304,0.7634,1.00,1.75
2015.05.18 05:35:11.506,0.76304,0.7634,1.00,1.75
2015.05.18 05:35:11.557,0.76306,0.76342,1.00,1.75
2015.05.18 05:35:12.077,0.76301,0.76339,1.00,1.75
2015.05.18 05:35:13.126,0.76301,0.76339,1.00,1.75
2015.05.18 05:35:13.342,0.76298,0.76334,1.00,1.75
2015.05.18 05:35:13.819,0.76302,0.76338,1.00,1.75
2015.05.18 05:35:14.415,0.76302,0.76338,1.00,1.75
2015.05.18 05:35:14.916,0.76302,0.76338,1.00,1.75
2015.05.18 05:35:15.817,0.76302,0.76338,1.00,1.75
2015.05.18 05:35:17.118,0.76304,0.7634,1.00,1.75
2015.05.18 05:35:19.158,0.76303,0.76339,1.00,1.75
2015.05.18 05:35:23.658,0.76298,0.76334,1.00,1.75
2015.05.18 05:35:24.077,0.76302,0.76338,1.00,1.75
2015.05.18 05:35:25.437,0.76302,0.76338,1.00,1.75
2015.05.18 05:35:25.577,0.76297,0.76335,1.00,1.75
2015.05.18 05:35:26.537,0.76297,0.76334,1.00,1.35
2015.05.18 05:35:26.959,0.76297,0.76334,1.00,1.35
2015.05.18 05:35:33.753,0.76297,0.76334,1.00,1.35
2015.05.18 05:35:35.578,0.76297,0.76334,1.00,1.35
2015.05.18 05:35:36.377,0.76297,0.76335,1.12,1.97
2015.05.18 05:35:36.898,0.76301,0.76337,1.00,1.97
2015.05.18 05:35:37.311,0.76303,0.76339,1.00,1.97
2015.05.18 05:35:39.677,0.76302,0.76338,1.00,1.72
2015.05.18 05:35:40.639,0.76303,0.76339,1.00,1.97
2015.05.18 05:35:41.956,0.76305,0.76341,1.00,1.97
2015.05.18 05:35:42.377,0.76309,0.76345,1.00,1.75
2015.05.18 05:35:42.573,0.76309,0.76345,1.00,1.37
2015.05.18 05:35:43.123,0.76309,0.76345,1.00,1.50
2015.05.18 05:35:43.975,0.76309,0.76345,1.00,1.75
2015.05.18 05:35:55.192,0.76309,0.76345,1.00,1.75
2015.05.18 05:35:55.597,0.76306,0.76342,1.00,1.75
2015.05.18 05:35:56.427,0.76306,0.76342,1.00,1.75
2015.05.18 05:35:59.099,0.76306,0.76342,1.00,1.75
2015.05.18 05:36:00.796,0.76301,0.76339,1.00,1.75
2015.05.18 05:36:01.304,0.76301,0.76339,1.00,1.75
2015.05.18 05:36:01.911,0.76301,0.76339,1.00,1.75
2015.05.18 05:36:02.087,0.76298,0.76334,1.00,1.37
2015.05.18 05:36:02.417,0.76302,0.76338,1.00,1.75
2015.05.18 05:36:04.710,0.76302,0.76338,1.00,1.75
2015.05.18 05:36:07.166,0.76302,0.76338,1.00,1.75
2015.05.18 05:36:07.309,0.76295,0.76333,1.00,1.75
2015.05.18 05:36:08.656,0.76292,0.76328,1.00,1.37
2015.05.18 05:36:11.961,0.76292,0.76328,1.00,1.12
2015.05.18 05:36:12.134,0.76292,0.76328,1.00,1.37
2015.05.18 05:36:12.236,0.76292,0.76328,1.00,1.12
2015.05.18 05:36:12.567,0.76296,0.76332,1.00,1.37
2015.05.18 05:36:12.668,0.76296,0.76332,1.00,1.12
2015.05.18 05:36:12.810,0.763,0.76336,1.00,1.37
2015.05.18 05:36:13.747,0.763,0.76336,1.00,1.37
2015.05.18 05:36:13.857,0.76302,0.76338,1.00,1.37
2015.05.18 05:36:14.250,0.76305,0.76343,1.00,1.75
2015.05.18 05:36:20.062,0.76305,0.76343,1.00,1.75
2015.05.18 05:36:20.112,0.76296,0.76336,1.00,1.12
2015.05.18 05:36:20.163,0.76296,0.76336,1.00,1.75
2015.05.18 05:36:20.348,0.76292,0.76334,1.37,1.37
2015.05.18 05:36:20.906,0.76292,0.76328,1.37,1.00
2015.05.18 05:36:34.095,0.76292,0.76328,1.37,1.00
2015.05.18 05:36:34.446,0.76292,0.76328,1.00,1.37
2015.05.18 05:36:35.366,0.76289,0.76327,1.12,1.37
2015.05.18 05:36:35.976,0.76289,0.76327,1.00,1.37
2015.05.18 05:36:36.402,0.76289,0.76327,1.00,1.37
2015.05.18 05:36:36.913,0.76289,0.76327,1.12,1.12
2015.05.18 05:36:37.906,0.76289,0.76327,1.37,1.12
2015.05.18 05:36:38.308,0.76289,0.76327,1.37,1.00
2015.05.18 05:36:38.886,0.76292,0.76328,1.12,1.37
2015.05.18 05:36:44.319,0.76292,0.76328,1.00,1.00
2015.05.18 05:36:58.385,0.76292,0.76328,1.37,1.37
2015.05.18 05:37:12.956,0.76292,0.76328,1.37,1.37
2015.05.18 05:37:17.732,0.76292,0.76328,1.12,1.37
2015.05.18 05:37:18.136,0.76292,0.76328,1.12,1.12
2015.05.18 05:37:18.737,0.76292,0.76328,1.12,1.37
2015.05.18 05:37:21.643,0.76292,0.76328,1.37,1.37
2015.05.18 05:37:22.627,0.76292,0.76328,1.12,1.12
2015.05.18 05:37:24.251,0.76292,0.76328,1.00,1.37
2015.05.18 05:37:24.351,0.76292,0.76328,1.12,1.12
2015.05.18 05:37:24.952,0.76292,0.76328,1.00,1.37
2015.05.18 05:37:25.875,0.7629,0.76328,1.37,1.37
2015.05.18 05:37:26.754,0.7629,0.76328,1.00,1.37
2015.05.18 05:37:29.361,0.7629,0.76328,1.37,1.37
2015.05.18 05:37:30.812,0.7629,0.76328,1.12,1.37
2015.05.18 05:37:39.036,0.7629,0.76328,1.37,1.37
2015.05.18 05:37:40.990,0.76291,0.76327,1.00,1.37
2015.05.18 05:37:41.694,0.76291,0.76329,1.12,1.37
2015.05.18 05:37:44.132,0.7629,0.76328,1.37,1.37
2015.05.18 05:37:44.410,0.7629,0.76328,1.00,1.12
2015.05.18 05:37:45.434,0.76291,0.76329,1.00,1.37
2015.05.18 05:37:48.626,0.76291,0.76329,1.00,1.37
2015.05.18 05:38:01.766,0.76291,0.76327,1.00,1.12
2015.05.18 05:38:02.629,0.76292,0.76328,1.12,1.12
2015.05.18 05:38:03.363,0.76292,0.76328,1.00,1.37
2015.05.18 05:38:03.463,0.7629,0.76328,1.12,1.37
2015.05.18 05:38:03.565,0.76292,0.76328,1.00,1.37
2015.05.18 05:38:06.268,0.76292,0.76328,1.00,1.12
2015.05.18 05:38:06.604,0.76291,0.76327,1.37,1.37
2015.05.18 05:38:07.629,0.76291,0.76327,1.00,1.12
2015.05.18 05:38:08.244,0.76292,0.76328,1.00,1.37
2015.05.18 05:38:09.123,0.76302,0.76338,1.00,1.75
2015.05.18 05:38:09.223,0.76302,0.76338,1.00,1.75
2015.05.18 05:38:09.327,0.76297,0.76333,1.00,1.37
2015.05.18 05:38:09.564,0.76302,0.76338,1.00,1.75
2015.05.18 05:38:09.615,0.76302,0.76338,1.00,1.50
2015.05.18 05:38:11.844,0.76302,0.76338,1.00,1.75
2015.05.18 05:38:13.425,0.76302,0.76338,1.00,1.75
2015.05.18 05:38:17.165,0.76297,0.76333,1.00,1.37
2015.05.18 05:38:17.428,0.76302,0.76338,1.00,1.75
2015.05.18 05:38:22.126,0.76302,0.76338,1.00,1.75
2015.05.18 05:38:24.265,0.76303,0.7634,1.00,1.75
2015.05.18 05:38:29.675,0.76303,0.7634,1.00,1.75
2015.05.18 05:38:30.439,0.76303,0.7634,1.00,1.75
2015.05.18 05:38:37.463,0.76306,0.76342,1.00,1.75
2015.05.18 05:38:45.458,0.76306,0.76342,1.00,1.75
2015.05.18 05:38:50.064,0.76303,0.76339,1.00,1.75
2015.05.18 05:38:50.304,0.76306,0.76341,1.00,1.75
2015.05.18 05:38:50.966,0.76306,0.76341,1.00,1.75
2015.05.18 05:38:51.173,0.76306,0.76341,1.00,1.37
2015.05.18 05:38:51.285,0.7631,0.76346,1.00,1.75
2015.05.18 05:38:51.507,0.7631,0.76346,1.00,1.50
2015.05.18 05:38:52.139,0.76312,0.76348,1.00,1.75
2015.05.18 05:38:57.177,0.76312,0.76348,1.00,1.75
2015.05.18 05:38:59.094,0.76312,0.76348,1.00,1.50
2015.05.18 05:39:00.375,0.76312,0.76348,1.00,1.37
2015.05.18 05:39:00.686,0.76312,0.76348,1.00,1.37
2015.05.18 05:39:00.798,0.76312,0.76348,1.00,1.37
2015.05.18 05:39:01.388,0.76312,0.76348,1.00,1.37
2015.05.18 05:39:01.604,0.76309,0.76345,1.00,1.37
2015.05.18 05:39:02.105,0.76309,0.76345,1.00,1.37
2015.05.18 05:39:02.454,0.76311,0.76347,1.00,1.50
2015.05.18 05:39:03.093,0.76311,0.76347,1.00,1.75
2015.05.18 05:39:03.764,0.76309,0.76345,1.00,1.37
2015.05.18 05:39:08.705,0.76309,0.76345,1.00,1.37
2015.05.18 05:39:10.409,0.76309,0.76345,1.00,1.37
2015.05.18 05:39:27.972,0.76309,0.76345,1.00,1.75
2015.05.18 05:39:28.112,0.76299,0.76335,1.37,1.37
2015.05.18 05:39:28.363,0.76299,0.76335,1.00,1.37
2015.05.18 05:39:29.122,0.76299,0.76335,1.12,1.37
2015.05.18 05:39:32.091,0.76299,0.76335,1.00,1.37
2015.05.18 05:39:34.986,0.76299,0.76335,1.12,1.12
2015.05.18 05:39:35.290,0.76299,0.76335,1.00,1.37
2015.05.18 05:39:35.711,0.76299,0.76335,1.37,1.37
2015.05.18 05:39:36.492,0.76301,0.76337,1.00,1.37
2015.05.18 05:39:39.132,0.76301,0.76337,1.12,1.37
2015.05.18 05:39:40.020,0.76301,0.76337,1.37,1.12
2015.05.18 05:39:41.622,0.76301,0.76337,1.50,1.00
2015.05.18 05:39:41.841,0.76303,0.76341,1.50,1.37
2015.05.18 05:39:41.924,0.76303,0.76341,1.37,1.00
2015.05.18 05:39:42.125,0.76308,0.76344,1.00,1.37
2015.05.18 05:39:42.704,0.76308,0.76344,1.00,1.00
2015.05.18 05:39:43.729,0.76308,0.76344,1.12,1.37
2015.05.18 05:39:44.095,0.76311,0.76347,1.00,1.75
2015.05.18 05:39:44.833,0.76311,0.76347,1.00,1.50
2015.05.18 05:39:46.554,0.76308,0.76344,1.37,1.37
2015.05.18 05:39:47.238,0.76308,0.76344,1.12,1.00
2015.05.18 05:39:48.321,0.76308,0.76344,1.12,1.37
2015.05.18 05:39:48.372,0.76311,0.76347,1.00,1.37
2015.05.18 05:39:50.273,0.76313,0.76349,1.00,1.75
2015.05.18 05:39:56.122,0.76313,0.76349,1.00,1.75
2015.05.18 05:39:56.173,0.76313,0.76349,1.00,1.37
2015.05.18 05:39:56.855,0.76313,0.76349,1.00,1.75
2015.05.18 05:39:59.961,0.76313,0.76349,1.00,1.75
2015.05.18 05:40:00.062,0.76311,0.76347,1.00,1.75
2015.05.18 05:40:00.563,0.76311,0.76347,1.00,1.37
2015.05.18 05:40:03.372,0.76311,0.76347,1.00,1.75
2015.05.18 05:40:03.973,0.76311,0.76347,1.00,1.37
2015.05.18 05:40:04.325,0.76317,0.76353,1.00,1.75
2015.05.18 05:40:04.828,0.76317,0.76353,1.00,1.75
2015.05.18 05:40:05.695,0.76315,0.76351,1.00,1.75
2015.05.18 05:40:15.991,0.76315,0.76351,1.00,1.37
2015.05.18 05:40:16.200,0.76315,0.76353,1.00,1.75
2015.05.18 05:40:16.765,0.76314,0.7635,1.00,1.50
2015.05.18 05:40:17.143,0.76314,0.7635,1.00,1.75
2015.05.18 05:40:17.584,0.76314,0.7635,1.00,1.75
2015.05.18 05:40:18.548,0.76314,0.7635,1.00,1.37
2015.05.18 05:40:18.655,0.76318,0.76354,1.00,1.75
2015.05.18 05:40:18.705,0.76318,0.76354,1.00,1.37
2015.05.18 05:40:18.776,0.7632,0.76356,1.00,2.10
2015.05.18 05:40:18.826,0.7632,0.76356,1.00,1.72
2015.05.18 05:40:18.979,0.76322,0.76358,1.00,1.97
2015.05.18 05:40:19.107,0.76322,0.76356,1.00,1.30
2015.05.18 05:40:19.673,0.76323,0.76361,1.00,1.97
2015.05.18 05:40:19.947,0.76323,0.76361,1.00,1.37
2015.05.18 05:40:21.419,0.76323,0.76361,1.00,1.00
2015.05.18 05:40:21.520,0.76326,0.76364,1.00,1.37
2015.05.18 05:40:24.128,0.76326,0.76364,1.00,1.37
2015.05.18 05:40:24.633,0.76326,0.76364,1.00,1.75
2015.05.18 05:40:25.137,0.76326,0.76364,1.00,1.50
2015.05.18 05:40:28.086,0.76326,0.76364,1.00,1.37
2015.05.18 05:40:28.150,0.76326,0.76364,1.00,1.37
2015.05.18 05:40:29.657,0.76326,0.76364,1.00,1.75
2015.05.18 05:40:30.193,0.76326,0.76364,1.00,1.37
2015.05.18 05:40:30.303,0.76326,0.76364,1.00,1.12
2015.05.18 05:40:30.805,0.76327,0.76366,1.00,1.37
2015.05.18 05:40:31.273,0.76333,0.76369,1.00,1.37
2015.05.18 05:40:35.887,0.76333,0.76369,1.00,1.75
2015.05.18 05:40:37.901,0.76333,0.76369,1.00,1.37
2015.05.18 05:40:38.443,0.76333,0.76369,1.00,1.37
2015.05.18 05:40:39.107,0.76333,0.76369,1.00,1.37
2015.05.18 05:40:39.309,0.76333,0.76369,1.00,1.75
2015.05.18 05:40:40.015,0.76329,0.76368,1.00,1.50
2015.05.18 05:40:40.245,0.7633,0.76371,1.00,1.75
2015.05.18 05:40:40.623,0.76329,0.76365,1.00,1.37
2015.05.18 05:40:41.945,0.76329,0.76365,1.00,1.37
2015.05.18 05:40:43.434,0.76326,0.76362,1.00,1.12
2015.05.18 05:40:46.838,0.76326,0.76362,1.00,1.37
2015.05.18 05:40:47.141,0.76329,0.76365,1.00,1.75
2015.05.18 05:40:47.192,0.76325,0.76361,1.00,1.75
2015.05.18 05:40:49.151,0.76325,0.76361,1.00,1.50
2015.05.18 05:41:07.794,0.76328,0.76364,1.00,1.75
2015.05.18 05:41:09.354,0.76326,0.76362,1.00,1.75
2015.05.18 05:41:09.774,0.76328,0.76364,1.00,1.75
2015.05.18 05:41:10.595,0.76325,0.76363,1.00,1.75
2015.05.18 05:41:11.111,0.76329,0.76365,1.00,1.75
2015.05.18 05:41:11.262,0.76326,0.76362,1.00,1.50
2015.05.18 05:41:11.363,0.76331,0.76367,1.00,1.75
2015.05.18 05:41:11.933,0.76331,0.76367,1.00,1.75
2015.05.18 05:41:12.255,0.76331,0.76367,1.00,1.75
2015.05.18 05:41:14.275,0.76329,0.76365,1.00,1.75
2015.05.18 05:41:17.155,0.76327,0.76363,1.00,1.75
2015.05.18 05:41:17.306,0.76327,0.76363,1.00,1.75
2015.05.18 05:41:17.641,0.76327,0.76363,1.00,1.75
2015.05.18 05:41:18.181,0.76327,0.76363,1.00,1.75
2015.05.18 05:41:18.764,0.76327,0.76363,1.00,1.75
2015.05.18 05:41:18.973,0.7633,0.76365,1.00,1.75
2015.05.18 05:41:19.734,0.76328,0.76363,1.00,1.75
2015.05.18 05:41:24.216,0.76328,0.76363,1.00,1.75
2015.05.18 05:41:24.594,0.76324,0.7636,1.00,1.37
2015.05.18 05:41:29.642,0.76324,0.7636,1.00,1.37
2015.05.18 05:41:35.033,0.76327,0.76363,1.00,1.50
2015.05.18 05:41:38.382,0.76327,0.76363,1.00,1.37
2015.05.18 05:41:44.293,0.76327,0.76363,1.00,1.75
2015.05.18 05:41:45.701,0.76327,0.76363,1.00,1.37
2015.05.18 05:41:47.454,0.76324,0.7636,1.00,1.37
2015.05.18 05:41:49.233,0.76324,0.7636,1.00,1.37
2015.05.18 05:41:51.833,0.76327,0.76363,1.00,1.50
2015.05.18 05:41:54.932,0.76324,0.7636,1.00,1.37
2015.05.18 05:41:56.973,0.76324,0.7636,1.00,1.50
2015.05.18 05:42:01.314,0.76326,0.76364,1.00,1.75
2015.05.18 05:42:04.342,0.76324,0.7636,1.00,1.50
2015.05.18 05:42:07.561,0.76324,0.7636,1.00,1.75
2015.05.18 05:42:11.878,0.76324,0.7636,1.00,1.75
2015.05.18 05:42:29.813,0.76327,0.76363,1.00,1.75
2015.05.18 05:42:31.913,0.7633,0.76365,1.00,2.25
2015.05.18 05:42:31.973,0.76328,0.76364,1.00,1.75
2015.05.18 05:42:34.489,0.76328,0.76364,1.00,1.75
2015.05.18 05:42:36.355,0.7633,0.76366,1.00,2.25
2015.05.18 05:42:36.751,0.7633,0.76365,1.00,1.75
2015.05.18 05:42:36.802,0.76328,0.76364,1.00,1.75
2015.05.18 05:42:37.053,0.76328,0.76364,1.00,1.75
2015.05.18 05:42:40.673,0.76324,0.76363,1.00,1.75
2015.05.18 05:42:40.779,0.76324,0.7636,1.00,1.75
2015.05.18 05:42:41.221,0.7632,0.7636,1.00,1.75
2015.05.18 05:42:41.519,0.76319,0.7636,1.00,1.87
2015.05.18 05:42:41.789,0.76319,0.76357,1.00,1.37
2015.05.18 05:42:42.351,0.7632,0.76358,1.00,1.50
2015.05.18 05:42:43.094,0.7632,0.76358,1.00,1.75
2015.05.18 05:42:48.719,0.7632,0.76355,1.00,1.75
2015.05.18 05:42:49.012,0.76317,0.76353,1.00,1.75
2015.05.18 05:42:49.122,0.76317,0.76353,1.00,1.37
2015.05.18 05:42:49.229,0.76314,0.76352,1.00,1.50
2015.05.18 05:42:50.130,0.76317,0.76353,1.00,1.75
2015.05.18 05:42:53.092,0.76315,0.76351,1.00,1.37
2015.05.18 05:42:55.640,0.76315,0.76351,1.00,1.37
2015.05.18 05:42:55.741,0.76315,0.76351,1.00,1.75
2015.05.18 05:42:55.842,0.76312,0.7635,1.00,1.50
2015.05.18 05:42:59.092,0.76314,0.76352,1.00,1.75
2015.05.18 05:43:01.170,0.76313,0.76349,1.00,1.37
2015.05.18 05:43:02.457,0.76313,0.76349,1.00,1.50
2015.05.18 05:43:03.408,0.76313,0.76349,1.00,1.75
2015.05.18 05:43:03.718,0.76315,0.76353,1.00,1.75
2015.05.18 05:43:03.774,0.76311,0.76348,1.00,1.75
2015.05.18 05:43:05.280,0.76311,0.76348,1.00,1.75
2015.05.18 05:43:05.720,0.76311,0.76348,1.00,1.50
2015.05.18 05:43:31.011,0.76314,0.7635,1.00,1.75
2015.05.18 05:43:33.754,0.76314,0.7635,1.00,1.75
2015.05.18 05:43:33.891,0.76314,0.7635,1.00,1.37
2015.05.18 05:43:36.069,0.76314,0.7635,1.00,1.75
2015.05.18 05:43:36.170,0.76314,0.7635,1.00,1.50
2015.05.18 05:43:36.461,0.76314,0.7635,1.00,1.37
2015.05.18 05:43:37.509,0.76314,0.7635,1.00,1.50
2015.05.18 05:43:39.499,0.76314,0.7635,1.00,1.37
2015.05.18 05:43:39.567,0.76314,0.7635,1.00,1.75
2015.05.18 05:43:43.073,0.76314,0.7635,1.00,1.37
2015.05.18 05:43:46.678,0.76314,0.7635,1.00,1.37
2015.05.18 05:43:49.012,0.76312,0.76348,1.12,1.12
2015.05.18 05:43:49.071,0.76314,0.7635,1.00,1.37
2015.05.18 05:43:49.731,0.76314,0.7635,1.00,1.37
2015.05.18 05:43:50.341,0.76314,0.7635,1.00,2.25
2015.05.18 05:43:50.985,0.76314,0.7635,1.00,1.87
2015.05.18 05:43:51.892,0.76314,0.7635,1.00,2.25
2015.05.18 05:43:53.692,0.7631,0.76348,1.00,1.37
2015.05.18 05:43:58.897,0.7631,0.76348,1.00,1.50
2015.05.18 05:43:59.212,0.76307,0.76343,1.12,1.12
2015.05.18 05:43:59.899,0.76307,0.76343,1.00,1.37
2015.05.18 05:44:02.003,0.76307,0.76343,1.00,1.00
2015.05.18 05:44:02.272,0.7631,0.76346,1.00,1.37
2015.05.18 05:44:02.331,0.76307,0.76343,1.00,1.00
2015.05.18 05:44:02.505,0.76307,0.76343,1.00,1.37
2015.05.18 05:44:04.409,0.76307,0.76343,1.00,1.37
2015.05.18 05:44:04.960,0.76307,0.76343,1.12,1.00
2015.05.18 05:44:19.268,0.76307,0.76343,1.00,1.37
2015.05.18 05:44:20.037,0.76307,0.76343,1.00,1.37
2015.05.18 05:44:23.629,0.76307,0.76343,1.00,1.37
2015.05.18 05:44:25.207,0.7631,0.76346,1.00,1.75
2015.05.18 05:44:26.829,0.76307,0.76343,1.00,1.37
2015.05.18 05:44:31.910,0.7631,0.76346,1.00,1.75
2015.05.18 05:44:34.725,0.7631,0.76346,1.00,1.37
2015.05.18 05:44:34.827,0.7631,0.76346,1.37,1.12
2015.05.18 05:44:35.191,0.76315,0.76351,1.00,1.50
2015.05.18 05:44:36.438,0.76315,0.76351,1.00,1.75
2015.05.18 05:44:46.864,0.76315,0.76351,1.00,1.75
2015.05.18 05:44:47.572,0.76315,0.76351,1.00,2.25
2015.05.18 05:44:47.875,0.76318,0.76351,1.00,1.75
2015.05.18 05:44:48.927,0.76315,0.7635,1.00,1.75
2015.05.18 05:44:49.020,0.76317,0.7635,1.00,1.75
2015.05.18 05:44:49.882,0.76314,0.7635,1.00,1.75
2015.05.18 05:44:50.887,0.76312,0.76348,1.00,1.75
2015.05.18 05:44:51.492,0.76312,0.76348,1.00,1.75
2015.05.18 05:44:51.934,0.76312,0.76348,1.00,1.75
2015.05.18 05:44:54.018,0.76312,0.76346,1.00,1.75
2015.05.18 05:44:54.407,0.76314,0.7635,1.00,1.75
2015.05.18 05:44:55.039,0.76314,0.7635,1.00,2.25
2015.05.18 05:44:59.636,0.76314,0.7635,1.00,2.25
2015.05.18 05:45:00.039,0.76314,0.7635,1.00,2.25
2015.05.18 05:45:00.600,0.76295,0.7635,1.75,1.75
2015.05.18 05:45:00.840,0.76314,0.7635,1.00,2.25
2015.05.18 05:45:02.550,0.76314,0.7635,1.00,2.25
2015.05.18 05:45:02.848,0.76314,0.7635,1.00,1.75
2015.05.18 05:45:03.358,0.76314,0.76346,1.12,1.37
2015.05.18 05:45:03.409,0.76322,0.76353,1.00,1.35
2015.05.18 05:45:03.632,0.76314,0.7635,1.00,2.25
2015.05.18 05:45:03.682,0.76314,0.7635,1.00,2.25
2015.05.18 05:45:04.038,0.76314,0.7635,1.00,2.25
2015.05.18 05:45:06.603,0.76314,0.7635,1.00,2.25
2015.05.18 05:45:06.804,0.76314,0.7635,1.00,2.25
2015.05.18 05:45:08.488,0.76314,0.7635,1.00,1.37
2015.05.18 05:45:10.069,0.76314,0.7635,1.00,1.50
2015.05.18 05:45:10.270,0.76314,0.7635,1.00,1.75
2015.05.18 05:45:23.537,0.76314,0.7635,1.00,1.37
2015.05.18 05:45:24.587,0.76314,0.7635,1.00,1.50
2015.05.18 05:45:25.114,0.76314,0.7635,1.00,2.25
2015.05.18 05:45:29.061,0.76314,0.7635,1.00,1.75
2015.05.18 05:45:32.738,0.76314,0.7635,1.00,2.25
2015.05.18 05:45:38.154,0.76314,0.76348,1.00,1.35
2015.05.18 05:45:38.257,0.76314,0.76348,1.00,1.35
2015.05.18 05:45:38.661,0.76314,0.7635,1.00,2.85
2015.05.18 05:45:39.669,0.76314,0.76348,1.00,1.35
2015.05.18 05:45:39.771,0.76314,0.7635,1.00,2.85
2015.05.18 05:45:40.031,0.76328,0.7635,1.00,1.35
2015.05.18 05:45:40.081,0.76328,0.76354,1.00,2.47
2015.05.18 05:45:40.331,0.76314,0.76352,1.37,1.97
2015.05.18 05:45:40.381,0.76314,0.76351,1.00,1.35
2015.05.18 05:45:40.683,0.76319,0.76354,1.00,2.85
2015.05.18 05:45:40.733,0.76316,0.76352,1.00,1.97
2015.05.18 05:45:40.880,0.76316,0.7635,1.00,2.10
2015.05.18 05:45:41.208,0.76315,0.76351,1.00,1.97
2015.05.18 05:45:41.397,0.76317,0.7635,1.00,1.97
2015.05.18 05:45:41.448,0.76313,0.7635,1.00,1.97
2015.05.18 05:45:41.770,0.76317,0.76353,1.00,1.97
2015.05.18 05:45:42.089,0.76315,0.7635,1.00,1.97
2015.05.18 05:45:42.189,0.76315,0.7635,1.00,2.10
2015.05.18 05:45:42.704,0.76315,0.76349,1.00,1.35
2015.05.18 05:45:43.054,0.76315,0.76348,1.00,1.35
2015.05.18 05:45:46.499,0.76312,0.76348,1.00,1.35
2015.05.18 05:45:51.519,0.76312,0.76348,1.00,1.67
2015.05.18 05:45:51.631,0.76314,0.76352,1.00,1.97
2015.05.18 05:45:51.682,0.76318,0.76354,1.00,2.85
2015.05.18 05:45:52.326,0.76318,0.76355,1.00,2.25
2015.05.18 05:45:52.916,0.76318,0.76355,1.00,2.25
2015.05.18 05:45:55.151,0.76318,0.76355,1.00,1.75
2015.05.18 05:45:57.164,0.76318,0.76355,1.00,1.75
2015.05.18 05:45:57.568,0.76318,0.76355,1.00,1.75
2015.05.18 05:45:58.069,0.76318,0.76355,1.00,2.25
2015.05.18 05:46:00.082,0.76321,0.76355,1.00,1.75
2015.05.18 05:46:00.618,0.76321,0.76356,1.00,1.75
2015.05.18 05:46:04.006,0.76316,0.76352,1.00,1.75
2015.05.18 05:46:04.186,0.76314,0.7635,1.00,1.75
2015.05.18 05:46:37.847,0.76314,0.76349,1.12,1.35
2015.05.18 05:46:55.400,0.76315,0.76349,1.00,1.35
2015.05.18 05:47:02.159,0.76315,0.76349,1.12,1.35
2015.05.18 05:47:02.264,0.76315,0.76352,1.37,1.35
2015.05.18 05:47:02.597,0.7632,0.76358,1.12,2.10
2015.05.18 05:47:02.648,0.76323,0.76358,1.00,1.35
2015.05.18 05:47:02.959,0.76325,0.76357,1.00,1.35
2015.05.18 05:47:11.617,0.76323,0.76355,1.00,1.75
2015.05.18 05:47:14.418,0.76323,0.76355,1.00,1.75
2015.05.18 05:47:17.123,0.76323,0.76357,1.00,1.35
2015.05.18 05:47:17.925,0.76323,0.76357,1.00,1.35
2015.05.18 05:47:26.356,0.76323,0.76352,1.00,1.35
2015.05.18 05:47:26.411,0.76316,0.76352,1.37,2.10
2015.05.18 05:47:26.462,0.76316,0.7635,1.00,1.35
2015.05.18 05:47:26.567,0.76314,0.7635,1.00,2.10
2015.05.18 05:47:26.667,0.76309,0.76345,1.00,1.37
2015.05.18 05:47:26.910,0.76312,0.76348,1.00,1.75
2015.05.18 05:47:26.960,0.76307,0.76343,1.00,1.37
2015.05.18 05:47:27.063,0.76307,0.76343,1.00,1.00
2015.05.18 05:47:27.114,0.76305,0.76345,1.00,1.00
2015.05.18 05:47:27.236,0.76306,0.76342,1.00,1.00
2015.05.18 05:47:28.006,0.76306,0.76342,1.00,1.50
2015.05.18 05:47:29.971,0.76306,0.76342,1.00,1.37
2015.05.18 05:47:30.918,0.76308,0.76344,1.00,1.50
2015.05.18 05:47:31.475,0.76308,0.76344,1.00,1.37
2015.05.18 05:47:31.986,0.76308,0.76344,1.00,1.50
2015.05.18 05:47:32.987,0.76308,0.76344,1.00,1.37
2015.05.18 05:47:41.107,0.76308,0.76344,1.00,1.50
2015.05.18 05:47:48.517,0.76308,0.76344,1.00,1.37
2015.05.18 05:47:52.436,0.76308,0.76344,1.00,1.50
2015.05.18 05:48:11.455,0.76306,0.76342,1.00,1.37
2015.05.18 05:48:27.850,0.76306,0.76342,1.00,1.37
2015.05.18 05:48:29.456,0.76306,0.76342,1.12,1.37
2015.05.18 05:48:31.067,0.76306,0.76342,1.37,1.37
2015.05.18 05:48:33.578,0.76306,0.76342,1.12,1.37
2015.05.18 05:48:47.934,0.76306,0.76342,1.37,1.37
2015.05.18 05:48:48.235,0.76306,0.76342,1.37,1.37
2015.05.18 05:49:02.402,0.76306,0.76342,1.12,1.37
2015.05.18 05:49:02.907,0.76306,0.76342,1.00,1.37
2015.05.18 05:49:06.027,0.76306,0.76342,1.00,1.37
2015.05.18 05:49:06.743,0.76306,0.76342,1.00,1.75
2015.05.18 05:49:06.794,0.76302,0.76338,1.00,1.37
2015.05.18 05:49:06.895,0.763,0.76336,1.00,1.37
2015.05.18 05:49:07.008,0.763,0.76336,1.00,1.50
2015.05.18 05:49:07.658,0.76297,0.76333,1.00,1.37
2015.05.18 05:49:24.183,0.76297,0.76333,1.00,1.37
2015.05.18 05:50:07.695,0.76284,0.7634,1.75,1.35
2015.05.18 05:50:09.440,0.76284,0.7634,1.75,1.35
2015.05.18 05:50:16.251,0.7628,0.76335,1.75,1.75
2015.05.18 05:50:17.753,0.7628,0.76335,1.75,1.37
2015.05.18 05:50:17.868,0.76298,0.76336,1.00,1.37
2015.05.18 05:50:18.133,0.76295,0.7633,1.00,1.00
2015.05.18 05:50:18.255,0.76296,0.76333,1.00,1.12
2015.05.18 05:50:18.508,0.76295,0.7633,1.00,1.00
2015.05.18 05:50:18.856,0.76293,0.76328,1.37,1.12
2015.05.18 05:50:18.957,0.76295,0.7633,1.00,1.00
2015.05.18 05:50:19.508,0.76295,0.7633,1.00,1.37
2015.05.18 05:50:24.565,0.76295,0.7633,1.00,1.00
2015.05.18 05:50:26.713,0.76295,0.7633,1.37,1.12
2015.05.18 05:50:27.382,0.76297,0.76335,1.00,1.50
2015.05.18 05:50:31.674,0.76297,0.76335,1.12,1.37
2015.05.18 05:50:39.284,0.76297,0.76335,1.12,1.50
2015.05.18 05:50:51.905,0.76295,0.76333,1.37,1.37
2015.05.18 05:50:55.111,0.76295,0.76333,1.37,1.37
2015.05.18 05:51:00.154,0.76295,0.76333,1.37,1.37
2015.05.18 05:51:02.329,0.76295,0.76333,1.12,1.75
2015.05.18 05:51:03.433,0.76295,0.76333,1.37,1.50
2015.05.18 05:51:15.470,0.76296,0.76334,1.37,1.50
2015.05.18 05:51:16.172,0.76296,0.76334,1.37,1.75
2015.05.18 05:51:17.075,0.76296,0.76334,1.37,1.75
2015.05.18 05:51:46.742,0.76296,0.76334,1.12,1.75
2015.05.18 05:51:47.670,0.76295,0.76329,1.00,1.37
2015.05.18 05:52:10.072,0.76295,0.76329,1.37,1.37
2015.05.18 05:52:10.272,0.76295,0.76331,1.12,1.37
2015.05.18 05:52:15.580,0.76295,0.76331,1.37,1.37
2015.05.18 05:52:17.182,0.76295,0.76331,1.37,1.37
2015.05.18 05:52:17.723,0.76295,0.76331,1.37,1.37
2015.05.18 05:52:18.886,0.76295,0.76331,1.00,1.50
2015.05.18 05:52:21.691,0.76295,0.76331,1.00,1.75
2015.05.18 05:52:21.841,0.76297,0.76332,1.00,1.75
2015.05.18 05:52:21.996,0.76298,0.76336,1.00,1.75
2015.05.18 05:52:41.923,0.76298,0.76336,1.00,1.75
2015.05.18 05:52:42.345,0.76295,0.76331,1.00,1.75
2015.05.18 05:52:44.227,0.76295,0.76331,1.00,1.75
2015.05.18 05:52:44.728,0.76294,0.7633,1.00,1.50
2015.05.18 05:52:54.443,0.76294,0.7633,1.00,1.37
2015.05.18 05:52:54.944,0.76294,0.7633,1.00,1.75
2015.05.18 05:52:55.646,0.76294,0.7633,1.00,1.50
2015.05.18 05:52:57.148,0.76294,0.7633,1.00,1.75
2015.05.18 05:52:57.650,0.76294,0.7633,1.00,1.37
2015.05.18 05:52:58.953,0.76294,0.7633,1.00,1.75
2015.05.18 05:52:59.354,0.76294,0.7633,1.00,1.50
2015.05.18 05:53:00.358,0.76294,0.7633,1.00,1.37
2015.05.18 05:53:00.662,0.76295,0.76331,1.00,1.75
2015.05.18 05:53:01.159,0.76295,0.76331,1.00,1.75
2015.05.18 05:53:07.176,0.76295,0.76333,1.00,1.75
2015.05.18 05:53:13.994,0.76295,0.76333,1.00,1.75
2015.05.18 05:53:20.961,0.76295,0.76333,1.12,1.75
2015.05.18 05:53:33.746,0.76295,0.76333,1.00,1.75
2015.05.18 05:53:48.281,0.76295,0.76329,1.00,1.50
2015.05.18 05:53:50.796,0.76295,0.76331,1.37,1.00
2015.05.18 05:53:50.897,0.76298,0.76336,1.37,1.37
2015.05.18 05:53:51.499,0.76298,0.76336,1.12,1.37
2015.05.18 05:53:54.109,0.76298,0.76336,1.00,1.75
2015.05.18 05:53:54.512,0.76298,0.76333,1.00,1.37
2015.05.18 05:53:55.059,0.76299,0.76335,1.00,1.37
2015.05.18 05:53:58.200,0.76301,0.76337,1.00,1.50
2015.05.18 05:54:02.233,0.76301,0.76337,1.00,1.75
2015.05.18 05:54:02.624,0.76298,0.76336,1.12,1.75
2015.05.18 05:54:04.237,0.76297,0.76333,1.12,1.75
2015.05.18 05:54:04.800,0.76294,0.7633,1.37,1.75
2015.05.18 05:54:04.850,0.76294,0.7633,1.00,1.50
2015.05.18 05:54:05.242,0.76295,0.76325,1.00,1.37
2015.05.18 05:54:05.387,0.76295,0.76325,1.00,1.00
2015.05.18 05:54:06.244,0.76295,0.76325,1.00,1.37
2015.05.18 05:54:11.934,0.76294,0.76328,1.00,1.75
2015.05.18 05:54:11.985,0.76294,0.76328,1.00,1.37
2015.05.18 05:54:12.500,0.76295,0.7633,1.00,1.37
2015.05.18 05:54:12.868,0.76296,0.76332,1.00,1.37
2015.05.18 05:54:13.028,0.76298,0.76334,1.00,1.50
2015.05.18 05:54:13.356,0.76298,0.76334,1.00,1.37
2015.05.18 05:54:16.763,0.76298,0.76334,1.00,1.75
2015.05.18 05:54:16.914,0.76296,0.76332,1.00,1.37
2015.05.18 05:54:17.168,0.76296,0.76332,1.00,1.37
2015.05.18 05:54:18.809,0.76296,0.76332,1.00,1.50
2015.05.18 05:54:18.973,0.76296,0.76332,1.00,1.37
2015.05.18 05:54:23.188,0.76296,0.76332,1.00,1.50
2015.05.18 05:54:26.007,0.76296,0.76332,1.00,1.75
2015.05.18 05:54:26.316,0.76296,0.76332,1.00,1.75
2015.05.18 05:54:26.566,0.76296,0.7633,1.00,1.50
2015.05.18 05:54:26.827,0.76295,0.76328,1.00,1.75
2015.05.18 05:54:27.331,0.76295,0.76328,1.00,1.37
2015.05.18 05:54:28.147,0.76295,0.76331,1.00,1.37
2015.05.18 05:54:28.248,0.76296,0.76334,1.00,1.37
2015.05.18 05:54:28.378,0.76299,0.76335,1.00,1.50
2015.05.18 05:54:28.854,0.76295,0.76331,1.00,1.37
2015.05.18 05:54:29.550,0.76295,0.76329,1.00,1.37
2015.05.18 05:54:29.600,0.76295,0.76329,1.00,1.37
2015.05.18 05:54:35.572,0.76295,0.76329,1.12,1.37
2015.05.18 05:54:35.951,0.76295,0.76329,1.12,1.50
2015.05.18 05:54:38.438,0.76295,0.76329,1.37,1.37
2015.05.18 05:54:39.402,0.76295,0.76329,1.00,1.50
2015.05.18 05:54:42.358,0.76295,0.76329,1.00,1.37
2015.05.18 05:54:42.924,0.76295,0.76329,1.12,1.37
2015.05.18 05:54:44.379,0.76295,0.76329,1.00,1.37
2015.05.18 05:54:52.967,0.76295,0.76329,1.00,1.37
2015.05.18 05:54:53.275,0.76295,0.76324,1.00,1.37
2015.05.18 05:54:53.968,0.76295,0.76324,1.00,1.37
2015.05.18 05:54:58.749,0.76295,0.76324,1.00,1.37
2015.05.18 05:55:00.815,0.76295,0.76324,1.00,1.37
2015.05.18 05:55:02.042,0.76295,0.76324,1.00,1.37
2015.05.18 05:55:03.933,0.76295,0.76324,1.00,1.37
2015.05.18 05:55:08.278,0.76294,0.76322,1.00,1.12
2015.05.18 05:55:12.658,0.76295,0.76323,1.00,1.37
2015.05.18 05:55:21.194,0.76295,0.76323,1.00,1.37
2015.05.18 05:55:22.533,0.76295,0.76323,1.00,1.37
2015.05.18 05:55:30.418,0.76295,0.76323,1.00,1.37
2015.05.18 05:55:31.123,0.76295,0.76323,1.00,1.37
2015.05.18 05:55:31.631,0.76294,0.76319,1.00,1.37
2015.05.18 05:55:32.533,0.76295,0.7632,1.00,1.37
2015.05.18 05:55:47.824,0.76295,0.76324,1.00,1.75
2015.05.18 05:55:48.383,0.76295,0.76324,1.00,1.75
2015.05.18 05:55:49.102,0.76295,0.76324,1.00,1.50
2015.05.18 05:55:49.590,0.76295,0.76324,1.00,1.37
2015.05.18 05:55:50.118,0.76294,0.76326,1.00,1.50
2015.05.18 05:55:50.639,0.76295,0.76328,1.00,1.75
2015.05.18 05:55:50.690,0.76295,0.76328,1.00,1.37
2015.05.18 05:55:51.314,0.76295,0.76329,1.12,1.37
2015.05.18 05:55:58.114,0.76295,0.76331,1.37,1.37
2015.05.18 05:55:58.696,0.76295,0.76331,1.00,1.50
2015.05.18 05:55:59.001,0.76295,0.76325,1.00,1.37
2015.05.18 05:55:59.992,0.76295,0.76325,1.00,1.37
2015.05.18 05:56:17.127,0.76295,0.76323,1.00,1.37
2015.05.18 05:56:19.533,0.76295,0.76323,1.00,1.37
2015.05.18 05:56:24.341,0.76295,0.76323,1.00,1.37
2015.05.18 05:56:24.649,0.76295,0.76323,1.00,1.75
2015.05.18 05:56:25.844,0.76295,0.7632,1.00,1.37
2015.05.18 05:56:37.205,0.76295,0.7632,1.00,1.37
2015.05.18 05:56:37.256,0.76295,0.76316,1.00,1.00
2015.05.18 05:56:37.306,0.76295,0.76318,1.00,1.00
2015.05.18 05:56:37.356,0.76295,0.76311,1.00,1.00
2015.05.18 05:56:39.067,0.76295,0.76314,1.00,1.37
2015.05.18 05:56:40.416,0.76294,0.76313,1.00,1.37
2015.05.18 05:56:43.679,0.76294,0.76313,1.00,1.37
2015.05.18 05:56:44.582,0.76294,0.76313,1.00,1.37
2015.05.18 05:56:49.793,0.76294,0.76313,1.00,1.75
2015.05.18 05:56:50.394,0.76294,0.76313,1.00,1.37
2015.05.18 05:56:52.400,0.76294,0.76313,1.00,1.37
2015.05.18 05:56:53.294,0.76294,0.76313,1.00,1.37
2015.05.18 05:57:11.728,0.76294,0.76313,1.00,1.50
2015.05.18 05:57:12.327,0.76294,0.76313,1.00,1.75
2015.05.18 05:57:18.327,0.76294,0.76309,1.00,1.37
2015.05.18 05:57:23.262,0.76295,0.76311,1.00,1.37
2015.05.18 05:57:23.563,0.76295,0.76311,1.00,1.37
2015.05.18 05:57:23.865,0.76295,0.76311,1.00,1.37
2015.05.18 05:57:31.886,0.76295,0.76311,1.00,1.50
2015.05.18 05:57:32.487,0.76295,0.76311,1.00,1.37
2015.05.18 05:57:37.896,0.76295,0.76311,1.00,1.37
2015.05.18 05:57:52.325,0.76295,0.76311,1.00,1.50
2015.05.18 05:57:53.030,0.76295,0.76311,1.00,1.37
2015.05.18 05:58:20.078,0.76295,0.76312,1.00,1.75
2015.05.18 05:58:24.677,0.76293,0.76309,1.00,1.50
2015.05.18 05:58:28.259,0.76294,0.7631,1.00,1.50
2015.05.18 05:58:28.479,0.76295,0.76312,1.00,1.50
2015.05.18 05:58:40.545,0.76293,0.7631,1.00,1.37
2015.05.18 05:58:43.989,0.76293,0.7631,1.00,1.50
2015.05.18 05:58:44.664,0.76294,0.76313,1.00,1.75
2015.05.18 05:58:45.447,0.76294,0.76313,1.00,1.75
2015.05.18 05:58:46.055,0.76292,0.76313,1.00,1.75
2015.05.18 05:58:55.726,0.76294,0.76315,1.00,1.75
2015.05.18 05:59:14.212,0.76293,0.76309,1.00,1.75
2015.05.18 05:59:14.785,0.76292,0.76309,1.00,1.75
2015.05.18 05:59:16.732,0.76289,0.76307,1.00,1.75
2015.05.18 05:59:16.782,0.76279,0.76305,1.00,1.50
2015.05.18 05:59:16.937,0.76279,0.76305,1.00,1.75
2015.05.18 05:59:17.346,0.76269,0.76305,1.00,1.75
2015.05.18 05:59:18.636,0.76269,0.76305,1.12,1.75
2015.05.18 05:59:19.545,0.76269,0.76305,1.37,1.37
2015.05.18 05:59:20.285,0.76269,0.76305,1.37,1.37
2015.05.18 05:59:24.453,0.76272,0.76307,1.00,1.50
2015.05.18 05:59:25.059,0.76272,0.76307,1.00,1.37
2015.05.18 05:59:26.283,0.76272,0.76307,1.12,1.37
2015.05.18 05:59:29.055,0.76272,0.76307,1.12,1.37
2015.05.18 05:59:35.553,0.76274,0.7631,1.00,1.75
2015.05.18 05:59:36.234,0.76274,0.7631,1.12,1.75
2015.05.18 05:59:42.685,0.76274,0.7631,1.00,1.75
2015.05.18 05:59:43.689,0.76274,0.7631,1.12,1.75
2015.05.18 05:59:44.597,0.76274,0.7631,1.12,1.75
2015.05.18 05:59:45.002,0.76274,0.7631,1.00,1.75
2015.05.18 05:59:46.353,0.76272,0.76308,1.12,1.75
2015.05.18 05:59:46.680,0.76275,0.76311,1.37,1.75
2015.05.18 05:59:46.731,0.76276,0.76311,1.12,1.50
2015.05.18 05:59:46.846,0.76278,0.7631,1.00,1.75
2015.05.18 05:59:46.947,0.7628,0.76316,1.00,1.75
2015.05.18 05:59:47.319,0.7628,0.76316,1.00,1.75
2015.05.18 05:59:47.620,0.76281,0.76319,1.00,1.75
2015.05.18 05:59:47.925,0.76282,0.7632,1.00,1.75
2015.05.18 05:59:47.976,0.76284,0.7632,1.00,1.75
2015.05.18 05:59:48.393,0.76286,0.76322,1.00,1.75
2015.05.18 05:59:49.085,0.76286,0.76322,1.00,1.75
2015.05.18 05:59:50.368,0.76286,0.76322,1.00,1.75
2015.05.18 05:59:50.541,0.76286,0.76322,1.00,1.37
2015.05.18 05:59:50.591,0.76289,0.76325,1.00,1.75
2015.05.18 05:59:50.904,0.76293,0.76329,1.00,1.75
2015.05.18 05:59:51.166,0.76295,0.7633,1.00,1.87
2015.05.18 05:59:51.777,0.76295,0.7633,1.00,2.25
2015.05.18 05:59:51.997,0.76287,0.76323,1.00,1.00
2015.05.18 05:59:53.561,0.76287,0.76323,1.00,1.37
2015.05.18 05:59:54.155,0.76289,0.76325,1.00,1.87
2015.05.18 05:59:55.771,0.76289,0.76325,1.00,1.50
2015.05.18 05:59:56.875,0.76289,0.76325,1.00,1.87
2015.05.18 05:59:57.304,0.76286,0.76322,1.00,1.37
2015.05.18 05:59:59.390,0.76286,0.76322,1.00,1.00
2015.05.18 05:59:59.796,0.76287,0.76326,1.00,1.87
