2011.08.31 01:00:00.508,0.83572,0.83654,2.93,2.93
2011.08.31 01:00:00.947,0.83565,0.83649,2.93,2.18
2011.08.31 01:00:01.057,0.83565,0.83649,2.93,2.18
2011.08.31 01:00:01.528,0.83565,0.83649,2.93,2.18
2011.08.31 01:00:01.636,0.83568,0.83652,2.18,2.18
2011.08.31 01:00:04.167,0.83568,0.8365,2.18,2.18
2011.08.31 01:00:04.597,0.83568,0.83652,2.18,2.18
2011.08.31 01:00:07.707,0.83568,0.8365,2.18,2.18
2011.08.31 01:00:15.276,0.83569,0.83651,2.18,2.18
2011.08.31 01:00:16.366,0.83566,0.83648,2.18,2.18
2011.08.31 01:00:19.746,0.83564,0.83648,2.18,2.93
2011.08.31 01:00:20.438,0.83579,0.83663,2.18,2.93
2011.08.31 01:00:20.766,0.83572,0.83656,2.18,2.93
2011.08.31 01:00:22.039,0.83574,0.83656,2.18,2.93
2011.08.31 01:00:22.821,0.83572,0.83656,2.18,2.93
2011.08.31 01:00:23.986,0.83584,0.83665,2.18,2.93
2011.08.31 01:00:24.239,0.83577,0.83661,2.78,2.93
2011.08.31 01:00:26.607,0.83589,0.83669,2.18,1.35
2011.08.31 01:00:26.716,0.83577,0.83661,2.78,2.93
2011.08.31 01:00:26.827,0.83578,0.83662,2.18,2.93
2011.08.31 01:00:27.376,0.83577,0.83661,2.78,2.93
2011.08.31 01:00:32.078,0.83577,0.83661,3.53,2.93
2011.08.31 01:00:36.662,0.83577,0.83661,3.53,2.93
2011.08.31 01:00:42.076,0.83577,0.83661,3.53,2.93
2011.08.31 01:00:42.417,0.83577,0.83661,3.53,2.93
2011.08.31 01:00:42.526,0.83583,0.83664,2.18,2.93
2011.08.31 01:00:43.897,0.83583,0.83664,2.18,2.93
2011.08.31 01:00:45.408,0.83583,0.83664,2.18,2.93
2011.08.31 01:00:46.006,0.83583,0.83664,2.18,2.93
2011.08.31 01:00:46.226,0.83578,0.8366,2.18,2.93
2011.08.31 01:00:47.819,0.83578,0.8366,2.18,2.93
2011.08.31 01:00:49.691,0.83578,0.8366,2.93,2.93
2011.08.31 01:00:51.498,0.83578,0.83655,2.18,1.35
2011.08.31 01:00:51.716,0.8357,0.83652,2.93,2.18
2011.08.31 01:00:53.932,0.8357,0.83652,2.18,2.18
2011.08.31 01:00:54.046,0.8357,0.83654,2.18,2.93
2011.08.31 01:00:54.158,0.83572,0.83654,2.18,2.93
2011.08.31 01:00:55.798,0.83572,0.83654,2.18,2.93
2011.08.31 01:00:56.686,0.83572,0.83654,2.93,2.93
2011.08.31 01:00:59.196,0.83572,0.83654,2.18,2.93
2011.08.31 01:01:00.659,0.83571,0.83655,2.93,2.93
2011.08.31 01:01:07.388,0.83571,0.83653,2.93,2.18
2011.08.31 01:01:10.653,0.83571,0.83653,2.93,2.93
2011.08.31 01:01:10.770,0.83571,0.83653,2.93,2.93
2011.08.31 01:01:10.886,0.83571,0.83655,2.93,2.93
2011.08.31 01:01:12.521,0.83571,0.83655,2.93,2.93
2011.08.31 01:01:12.850,0.83568,0.83652,2.93,2.18
2011.08.31 01:01:13.067,0.83567,0.83649,2.93,2.18
2011.08.31 01:01:13.736,0.83568,0.8365,2.93,2.18
2011.08.31 01:01:14.389,0.83567,0.83649,2.93,2.18
2011.08.31 01:01:14.937,0.83567,0.83649,2.93,2.18
2011.08.31 01:01:15.158,0.83571,0.83655,2.93,2.18
2011.08.31 01:01:15.270,0.83575,0.83659,2.93,3.53
2011.08.31 01:01:18.907,0.8359,0.83664,2.18,1.35
2011.08.31 01:01:19.018,0.8359,0.83669,2.18,1.35
2011.08.31 01:01:19.436,0.8359,0.83669,2.18,1.35
2011.08.31 01:01:19.816,0.83587,0.83668,2.18,2.18
2011.08.31 01:01:19.926,0.83587,0.83668,2.93,2.93
2011.08.31 01:01:21.327,0.83587,0.83663,2.93,1.35
2011.08.31 01:01:21.767,0.8359,0.83667,2.93,2.10
2011.08.31 01:01:22.098,0.83592,0.83666,1.35,2.78
2011.08.31 01:01:22.476,0.83582,0.83656,1.35,2.78
2011.08.31 01:01:24.055,0.83582,0.83656,1.35,2.78
2011.08.31 01:01:25.788,0.83587,0.83656,1.35,2.78
2011.08.31 01:01:26.446,0.83578,0.8366,2.18,2.18
2011.08.31 01:01:26.557,0.83578,0.83669,2.18,2.18
2011.08.31 01:01:26.887,0.83577,0.83667,2.93,2.18
2011.08.31 01:01:27.368,0.83575,0.83663,2.93,2.18
2011.08.31 01:01:28.087,0.83577,0.83668,2.93,2.18
2011.08.31 01:01:28.416,0.83575,0.83663,2.93,2.18
2011.08.31 01:01:28.636,0.83577,0.83667,2.93,2.18
2011.08.31 01:01:28.856,0.83575,0.83663,2.93,2.18
2011.08.31 01:01:29.416,0.83575,0.83663,2.18,2.18
2011.08.31 01:01:29.888,0.83574,0.83671,2.18,2.18
2011.08.31 01:01:29.998,0.83576,0.83671,2.18,2.18
2011.08.31 01:01:30.503,0.83577,0.83672,2.93,2.18
2011.08.31 01:01:32.807,0.83576,0.83672,2.93,2.18
2011.08.31 01:01:33.118,0.83576,0.83672,2.93,2.93
2011.08.31 01:01:33.226,0.83579,0.83662,2.18,2.18
2011.08.31 01:01:33.796,0.83574,0.83658,2.93,2.18
2011.08.31 01:01:36.830,0.83574,0.83658,2.18,2.18
2011.08.31 01:01:38.367,0.83574,0.83658,2.93,2.18
2011.08.31 01:01:38.586,0.83578,0.8366,2.18,2.18
2011.08.31 01:01:39.278,0.83579,0.83661,2.18,2.18
2011.08.31 01:01:41.621,0.83573,0.83662,2.18,2.18
2011.08.31 01:01:42.306,0.83575,0.83661,2.18,2.18
2011.08.31 01:01:43.906,0.83579,0.83662,2.18,2.18
2011.08.31 01:01:48.431,0.8358,0.83662,2.18,2.18
2011.08.31 01:01:49.017,0.83579,0.83662,2.18,2.18
2011.08.31 01:01:49.629,0.83574,0.83658,2.93,2.18
2011.08.31 01:01:49.736,0.83574,0.83658,2.18,2.18
2011.08.31 01:01:50.204,0.83576,0.83658,2.18,2.18
2011.08.31 01:01:50.615,0.83579,0.83663,2.18,2.18
2011.08.31 01:01:55.467,0.83579,0.83662,2.18,2.18
2011.08.31 01:01:59.252,0.83575,0.83657,2.18,2.18
2011.08.31 01:02:00.900,0.83575,0.83657,2.93,2.18
2011.08.31 01:02:02.938,0.83575,0.83657,2.18,2.18
2011.08.31 01:02:04.865,0.83573,0.83657,2.18,2.18
2011.08.31 01:02:08.171,0.83573,0.83656,2.18,2.18
2011.08.31 01:02:09.469,0.83574,0.83656,2.18,2.18
2011.08.31 01:02:11.406,0.83576,0.83661,2.18,2.18
2011.08.31 01:02:21.606,0.83574,0.83656,2.18,2.18
2011.08.31 01:02:24.687,0.83575,0.83657,2.18,2.18
2011.08.31 01:02:34.117,0.83576,0.83662,2.18,2.18
2011.08.31 01:02:34.868,0.83577,0.83662,2.18,2.18
2011.08.31 01:02:37.723,0.83579,0.83661,2.18,2.18
2011.08.31 01:02:40.057,0.83579,0.83661,2.18,2.93
2011.08.31 01:02:40.940,0.83579,0.83661,2.18,2.18
2011.08.31 01:02:45.178,0.83579,0.83661,2.18,2.93
2011.08.31 01:02:54.668,0.83576,0.83662,2.18,2.93
2011.08.31 01:02:59.178,0.83579,0.83661,2.18,2.93
2011.08.31 01:03:00.076,0.83576,0.8366,2.18,2.93
2011.08.31 01:03:00.911,0.83576,0.8366,2.18,2.18
2011.08.31 01:03:01.728,0.83576,0.8366,2.18,2.93
2011.08.31 01:03:02.756,0.83586,0.83667,2.18,2.93
2011.08.31 01:03:02.866,0.83586,0.83667,2.18,2.93
2011.08.31 01:03:03.406,0.83576,0.8366,2.18,2.18
2011.08.31 01:03:03.516,0.83581,0.83664,2.18,2.18
2011.08.31 01:03:04.986,0.83582,0.83666,2.18,2.18
2011.08.31 01:03:05.629,0.83581,0.83665,2.18,2.18
2011.08.31 01:03:06.330,0.83582,0.83666,2.18,2.18
2011.08.31 01:03:06.546,0.83583,0.83664,2.18,2.18
2011.08.31 01:03:07.118,0.83581,0.83662,2.18,2.18
2011.08.31 01:03:10.502,0.83582,0.83663,2.18,2.18
2011.08.31 01:03:15.377,0.8358,0.83663,2.18,2.18
2011.08.31 01:03:17.186,0.83583,0.83664,2.18,2.18
2011.08.31 01:03:17.296,0.83581,0.83664,2.18,2.18
2011.08.31 01:03:18.671,0.83581,0.83664,2.18,2.93
2011.08.31 01:03:19.850,0.83577,0.83659,2.18,2.18
2011.08.31 01:03:19.990,0.83577,0.83661,2.18,2.18
2011.08.31 01:03:20.208,0.83579,0.83661,2.18,2.18
2011.08.31 01:03:20.760,0.83577,0.83659,2.18,2.18
2011.08.31 01:03:21.689,0.83577,0.83659,2.18,2.93
2011.08.31 01:03:22.170,0.83578,0.8366,2.18,2.18
2011.08.31 01:03:23.448,0.83576,0.8366,2.18,2.18
2011.08.31 01:03:24.010,0.83575,0.83659,2.18,2.18
2011.08.31 01:03:24.920,0.83577,0.83659,2.18,2.18
2011.08.31 01:03:28.883,0.83577,0.83661,2.93,2.18
2011.08.31 01:03:36.807,0.83579,0.83663,2.18,2.18
2011.08.31 01:03:37.325,0.83577,0.83661,2.18,2.18
2011.08.31 01:03:38.149,0.83582,0.83665,2.18,2.18
2011.08.31 01:03:58.368,0.83583,0.83666,2.18,2.18
2011.08.31 01:04:02.176,0.83584,0.83667,2.18,2.18
2011.08.31 01:04:02.728,0.83583,0.83666,2.18,2.18
2011.08.31 01:04:05.469,0.83583,0.83666,2.18,2.93
2011.08.31 01:04:05.576,0.83583,0.83666,2.18,2.18
2011.08.31 01:04:06.287,0.83582,0.83665,2.18,2.18
2011.08.31 01:04:09.256,0.83585,0.83666,2.18,2.18
2011.08.31 01:04:09.475,0.83582,0.83665,2.18,2.18
2011.08.31 01:04:09.915,0.83584,0.83665,2.18,2.18
2011.08.31 01:04:10.163,0.83582,0.83665,2.18,2.18
2011.08.31 01:04:10.495,0.83582,0.83663,2.18,2.18
2011.08.31 01:04:12.189,0.8358,0.83663,2.18,2.18
2011.08.31 01:04:13.180,0.83581,0.83664,2.18,2.18
2011.08.31 01:04:14.165,0.83578,0.83659,2.18,2.18
2011.08.31 01:04:19.096,0.83581,0.83662,2.18,2.93
2011.08.31 01:04:19.317,0.83581,0.83662,2.18,2.18
2011.08.31 01:04:43.796,0.83578,0.83661,2.18,2.18
2011.08.31 01:04:44.020,0.83572,0.83657,2.18,2.18
2011.08.31 01:04:44.437,0.83571,0.83652,2.18,2.18
2011.08.31 01:04:48.819,0.83565,0.83649,2.93,2.18
2011.08.31 01:04:50.791,0.83565,0.83649,2.93,2.18
2011.08.31 01:04:53.378,0.83565,0.83649,2.93,2.18
2011.08.31 01:04:53.930,0.83565,0.83649,2.18,2.18
2011.08.31 01:04:58.939,0.83565,0.83649,2.93,2.18
2011.08.31 01:04:59.157,0.83576,0.83659,2.18,3.30
2011.08.31 01:04:59.488,0.83579,0.83662,2.18,2.18
2011.08.31 01:05:04.431,0.83579,0.83662,2.18,2.93
2011.08.31 01:05:06.037,0.83583,0.83666,2.18,2.93
2011.08.31 01:05:08.312,0.83581,0.83664,2.18,2.93
2011.08.31 01:05:12.487,0.83585,0.83668,2.18,2.93
2011.08.31 01:05:13.430,0.83586,0.83669,2.18,2.93
2011.08.31 01:05:15.371,0.83586,0.83669,2.18,2.93
2011.08.31 01:05:16.067,0.83585,0.83668,2.18,2.93
2011.08.31 01:05:16.508,0.83584,0.83667,2.18,2.18
2011.08.31 01:05:16.838,0.83586,0.83667,2.18,2.18
2011.08.31 01:05:18.817,0.83585,0.83666,2.18,2.18
2011.08.31 01:05:23.287,0.83573,0.83664,2.18,2.18
2011.08.31 01:05:23.856,0.83573,0.83661,2.18,2.18
2011.08.31 01:05:24.366,0.83572,0.83658,2.18,2.18
2011.08.31 01:05:24.588,0.83573,0.8366,2.18,2.18
2011.08.31 01:05:26.037,0.83568,0.83656,2.18,2.18
2011.08.31 01:05:26.257,0.83573,0.8366,2.18,2.18
2011.08.31 01:05:28.277,0.83572,0.8366,2.18,2.18
2011.08.31 01:05:29.057,0.83573,0.83667,2.18,2.93
2011.08.31 01:05:34.502,0.83573,0.83661,2.18,2.18
2011.08.31 01:05:35.042,0.83574,0.83667,2.18,2.93
2011.08.31 01:05:35.267,0.83573,0.83659,2.18,2.18
2011.08.31 01:05:36.058,0.83572,0.83659,2.18,2.18
2011.08.31 01:05:36.520,0.83573,0.83661,2.18,2.18
2011.08.31 01:05:36.743,0.83573,0.83663,2.18,2.18
2011.08.31 01:05:37.748,0.83577,0.83666,2.18,2.93
2011.08.31 01:05:38.079,0.83577,0.83661,2.18,2.18
2011.08.31 01:05:38.777,0.83577,0.83666,2.18,2.93
2011.08.31 01:05:39.107,0.83577,0.83661,2.18,2.18
2011.08.31 01:05:39.821,0.83577,0.83662,2.18,2.18
2011.08.31 01:05:41.032,0.83577,0.83661,2.18,2.18
2011.08.31 01:05:41.789,0.83577,0.83662,2.18,2.18
2011.08.31 01:05:42.577,0.83577,0.83665,2.18,2.93
2011.08.31 01:05:43.121,0.83577,0.83662,2.18,2.18
2011.08.31 01:05:43.819,0.83577,0.83661,2.18,2.18
2011.08.31 01:05:44.332,0.83577,0.83665,2.18,2.93
2011.08.31 01:05:45.067,0.83577,0.83665,2.18,2.18
2011.08.31 01:05:45.177,0.83578,0.83667,2.18,2.18
2011.08.31 01:05:45.287,0.83577,0.83663,2.18,2.18
2011.08.31 01:05:45.867,0.83577,0.83667,2.18,2.93
2011.08.31 01:05:46.478,0.83577,0.83667,2.18,2.18
2011.08.31 01:05:47.521,0.83578,0.83674,2.18,2.93
2011.08.31 01:05:47.636,0.83578,0.83674,2.18,2.93
2011.08.31 01:05:47.857,0.83578,0.83671,2.18,2.18
2011.08.31 01:05:48.778,0.83578,0.83671,2.18,2.93
2011.08.31 01:05:54.858,0.83577,0.8366,2.18,2.18
2011.08.31 01:05:57.367,0.8359,0.83674,2.18,2.93
2011.08.31 01:05:58.233,0.8359,0.83674,2.18,2.93
2011.08.31 01:05:59.682,0.8359,0.83674,2.93,2.93
2011.08.31 01:06:00.012,0.83592,0.83663,1.35,1.35
2011.08.31 01:06:00.640,0.83599,0.83669,2.18,1.35
2011.08.31 01:06:00.749,0.83595,0.83673,2.78,1.35
2011.08.31 01:06:01.039,0.836,0.83668,2.18,1.35
2011.08.31 01:06:01.368,0.83595,0.83674,2.78,1.35
2011.08.31 01:06:03.597,0.83597,0.83677,1.35,1.35
2011.08.31 01:06:03.872,0.83601,0.83677,2.78,1.35
2011.08.31 01:06:04.097,0.83601,0.83679,3.53,1.35
2011.08.31 01:06:04.680,0.83602,0.83677,1.35,1.35
2011.08.31 01:06:06.347,0.83606,0.83677,1.35,1.35
2011.08.31 01:06:06.680,0.83612,0.83683,2.78,1.35
2011.08.31 01:06:13.820,0.83604,0.83679,3.53,1.35
2011.08.31 01:06:14.309,0.83601,0.83674,1.35,1.35
2011.08.31 01:06:14.637,0.836,0.83683,2.18,2.93
2011.08.31 01:06:14.747,0.836,0.83683,2.18,2.93
2011.08.31 01:06:15.059,0.83586,0.83672,2.78,2.18
2011.08.31 01:06:15.171,0.83586,0.83669,2.18,2.78
2011.08.31 01:06:15.498,0.83575,0.83667,2.18,2.18
2011.08.31 01:06:15.607,0.83574,0.83663,2.18,2.78
2011.08.31 01:06:15.731,0.83574,0.83663,2.18,2.18
2011.08.31 01:06:15.957,0.83574,0.83668,2.18,2.93
2011.08.31 01:06:16.998,0.83575,0.83671,2.18,2.18
2011.08.31 01:06:17.645,0.83575,0.8367,2.18,2.18
2011.08.31 01:06:17.898,0.83573,0.83669,2.18,2.18
2011.08.31 01:06:21.537,0.8359,0.83673,2.18,2.18
2011.08.31 01:06:21.647,0.83593,0.83677,2.18,2.18
2011.08.31 01:06:22.657,0.83592,0.83676,2.18,2.18
2011.08.31 01:06:23.437,0.83592,0.83676,2.18,2.93
2011.08.31 01:06:23.657,0.83592,0.83676,2.18,2.18
2011.08.31 01:06:24.707,0.83592,0.83677,2.18,2.18
2011.08.31 01:06:24.928,0.836,0.83683,2.18,2.93
2011.08.31 01:06:25.257,0.83603,0.83686,2.18,2.18
2011.08.31 01:06:27.907,0.83606,0.83689,2.18,2.18
2011.08.31 01:06:28.412,0.83606,0.83689,2.93,2.18
2011.08.31 01:06:30.288,0.83606,0.83689,2.93,2.93
2011.08.31 01:06:30.619,0.83601,0.83682,2.93,2.18
2011.08.31 01:06:30.839,0.836,0.83681,2.18,2.18
2011.08.31 01:06:31.192,0.83594,0.83677,2.18,2.18
2011.08.31 01:06:31.301,0.83588,0.83677,2.18,2.18
2011.08.31 01:06:31.926,0.83581,0.83676,2.18,2.18
2011.08.31 01:06:32.037,0.83577,0.83676,2.18,2.18
2011.08.31 01:06:32.609,0.83576,0.83675,2.93,2.18
2011.08.31 01:06:33.151,0.83576,0.83675,2.93,2.18
2011.08.31 01:06:33.378,0.83576,0.8368,2.93,2.18
2011.08.31 01:06:33.924,0.83577,0.83679,2.93,2.18
2011.08.31 01:06:35.251,0.83577,0.8368,2.93,2.18
2011.08.31 01:06:35.804,0.83573,0.83655,2.93,2.18
2011.08.31 01:06:36.737,0.83577,0.83661,2.18,2.18
2011.08.31 01:06:37.087,0.8357,0.83651,2.18,2.18
2011.08.31 01:06:38.293,0.8357,0.83651,2.78,2.18
2011.08.31 01:06:38.408,0.83582,0.83664,2.18,3.53
2011.08.31 01:06:38.937,0.83582,0.83662,2.18,1.35
2011.08.31 01:06:40.642,0.83583,0.83662,2.18,1.35
2011.08.31 01:06:40.758,0.83578,0.8366,2.18,2.93
2011.08.31 01:06:40.977,0.83572,0.83656,3.53,4.28
2011.08.31 01:06:43.778,0.83574,0.83656,2.18,2.18
2011.08.31 01:06:43.891,0.83579,0.83661,2.18,2.18
2011.08.31 01:06:44.218,0.83581,0.83666,2.18,2.78
2011.08.31 01:06:44.679,0.83582,0.83672,2.18,2.18
2011.08.31 01:06:44.790,0.83582,0.8367,2.18,2.78
2011.08.31 01:06:45.540,0.83582,0.8367,2.18,2.18
2011.08.31 01:06:46.107,0.83583,0.83677,2.18,2.18
2011.08.31 01:06:47.010,0.83582,0.83677,2.18,2.18
2011.08.31 01:06:48.448,0.83582,0.83678,2.18,2.93
2011.08.31 01:06:48.697,0.83583,0.8368,2.18,2.18
2011.08.31 01:06:49.539,0.8361,0.83693,2.18,2.93
2011.08.31 01:06:50.206,0.83611,0.83694,2.18,2.93
2011.08.31 01:06:50.534,0.83611,0.83694,2.18,2.93
2011.08.31 01:06:51.037,0.83614,0.83697,2.18,2.93
2011.08.31 01:06:51.258,0.83616,0.83697,2.18,2.18
2011.08.31 01:06:52.470,0.83616,0.83697,2.18,2.93
2011.08.31 01:06:52.870,0.83614,0.83695,2.18,2.93
2011.08.31 01:06:53.623,0.83614,0.83695,2.18,2.18
2011.08.31 01:06:53.738,0.83614,0.83697,2.18,2.18
2011.08.31 01:06:53.958,0.83617,0.83698,2.18,2.18
2011.08.31 01:06:54.082,0.83617,0.837,2.18,2.18
2011.08.31 01:06:55.068,0.83619,0.837,2.18,2.18
2011.08.31 01:07:03.001,0.83617,0.837,2.18,2.18
2011.08.31 01:07:11.607,0.83617,0.83698,2.18,2.18
2011.08.31 01:07:12.099,0.83615,0.83698,2.18,2.18
2011.08.31 01:07:21.767,0.83614,0.83697,2.18,2.18
2011.08.31 01:07:22.317,0.83613,0.83694,2.18,2.18
2011.08.31 01:07:22.720,0.83614,0.83697,2.18,2.18
2011.08.31 01:07:23.382,0.83613,0.83696,2.18,2.93
2011.08.31 01:07:23.807,0.83615,0.83696,2.18,2.93
2011.08.31 01:07:24.257,0.83613,0.83696,2.18,2.93
2011.08.31 01:07:27.037,0.83614,0.83697,2.18,2.93
2011.08.31 01:07:29.298,0.83614,0.83697,2.18,2.93
2011.08.31 01:07:31.249,0.83611,0.83692,2.18,2.93
2011.08.31 01:07:31.467,0.83611,0.83692,2.18,2.18
2011.08.31 01:07:32.109,0.83605,0.83689,2.18,2.18
2011.08.31 01:07:33.587,0.83605,0.83689,2.18,2.93
2011.08.31 01:07:34.141,0.83605,0.83689,2.18,2.18
2011.08.31 01:07:34.800,0.83605,0.83689,2.18,2.93
2011.08.31 01:07:37.599,0.83605,0.83689,2.18,2.93
2011.08.31 01:07:38.208,0.83602,0.83686,2.18,2.18
2011.08.31 01:07:38.519,0.83602,0.83686,2.18,2.93
2011.08.31 01:07:40.799,0.83602,0.83686,2.18,2.93
2011.08.31 01:07:41.697,0.83602,0.83686,2.18,2.93
2011.08.31 01:07:44.419,0.83602,0.83686,2.18,2.93
2011.08.31 01:07:44.639,0.83602,0.83686,2.18,2.93
2011.08.31 01:07:45.027,0.83602,0.83686,2.18,2.93
2011.08.31 01:07:45.137,0.83602,0.83686,2.18,2.93
2011.08.31 01:07:45.247,0.83602,0.83686,2.18,2.93
2011.08.31 01:07:47.863,0.83601,0.83685,2.18,2.93
2011.08.31 01:07:48.091,0.83587,0.83677,2.18,2.18
2011.08.31 01:07:48.208,0.83589,0.83676,2.18,2.18
2011.08.31 01:07:48.609,0.83598,0.83678,2.18,1.35
2011.08.31 01:07:48.938,0.83603,0.83684,2.18,1.35
2011.08.31 01:07:54.311,0.83604,0.83684,2.18,1.35
2011.08.31 01:07:54.955,0.83603,0.83684,2.18,1.35
2011.08.31 01:07:57.170,0.83604,0.83684,2.18,1.35
2011.08.31 01:07:57.567,0.83602,0.83684,2.18,1.35
2011.08.31 01:07:58.133,0.83603,0.83684,2.18,1.35
2011.08.31 01:07:58.359,0.83603,0.83687,2.18,2.78
2011.08.31 01:07:58.984,0.83604,0.83684,2.18,1.35
2011.08.31 01:08:10.369,0.83602,0.83684,2.18,1.35
2011.08.31 01:08:10.987,0.83603,0.83684,2.18,1.35
2011.08.31 01:08:11.867,0.83603,0.83684,2.18,1.35
2011.08.31 01:08:18.948,0.83603,0.83687,2.18,2.93
2011.08.31 01:08:19.060,0.83588,0.83678,2.18,2.78
2011.08.31 01:08:19.279,0.83566,0.83668,2.18,2.18
2011.08.31 01:08:19.388,0.83568,0.83668,2.18,2.18
2011.08.31 01:08:19.997,0.83569,0.83669,2.18,2.18
2011.08.31 01:08:20.767,0.83563,0.83669,2.18,2.18
2011.08.31 01:08:21.700,0.83567,0.83673,2.18,2.18
2011.08.31 01:08:22.894,0.83571,0.83677,2.18,2.18
2011.08.31 01:08:29.779,0.83574,0.83682,2.18,2.18
2011.08.31 01:08:33.019,0.83574,0.83681,2.18,2.18
2011.08.31 01:08:35.023,0.83574,0.83682,2.18,2.18
2011.08.31 01:08:35.141,0.8358,0.83683,2.18,2.18
2011.08.31 01:08:37.101,0.83582,0.83682,2.18,2.18
2011.08.31 01:08:39.207,0.8358,0.83683,2.18,2.18
2011.08.31 01:08:41.877,0.83584,0.83685,2.18,2.85
2011.08.31 01:08:42.380,0.8358,0.83685,2.18,2.10
2011.08.31 01:08:43.860,0.8358,0.83685,2.18,2.85
2011.08.31 01:08:44.467,0.8358,0.83685,2.18,2.10
2011.08.31 01:08:44.584,0.83583,0.83685,2.18,2.10
2011.08.31 01:08:44.918,0.83589,0.83694,2.18,2.93
2011.08.31 01:08:45.028,0.83585,0.8369,2.18,2.93
2011.08.31 01:08:45.279,0.8358,0.83686,2.18,2.18
2011.08.31 01:08:49.171,0.8358,0.83686,2.18,2.93
2011.08.31 01:08:53.680,0.8358,0.83686,2.18,2.18
2011.08.31 01:08:53.898,0.83567,0.83673,2.18,2.18
2011.08.31 01:08:54.227,0.83574,0.83682,2.18,2.18
2011.08.31 01:08:56.880,0.83575,0.83679,2.18,2.18
2011.08.31 01:08:59.738,0.83575,0.83679,2.18,2.93
2011.08.31 01:09:00.449,0.83574,0.83679,2.18,2.93
2011.08.31 01:09:00.892,0.83574,0.8368,2.18,2.93
2011.08.31 01:09:01.008,0.83576,0.8368,2.18,2.93
2011.08.31 01:09:01.780,0.83575,0.83679,2.18,2.93
2011.08.31 01:09:02.715,0.83576,0.83676,2.18,2.93
2011.08.31 01:09:02.922,0.83574,0.83677,2.18,2.93
2011.08.31 01:09:06.849,0.8358,0.83676,2.18,2.93
2011.08.31 01:09:09.788,0.8358,0.83679,2.18,2.93
2011.08.31 01:09:10.803,0.8358,0.83679,2.18,2.93
2011.08.31 01:09:10.918,0.83574,0.8368,2.18,2.93
2011.08.31 01:09:11.027,0.83576,0.83678,2.18,2.18
2011.08.31 01:09:11.774,0.83576,0.83679,2.18,2.93
2011.08.31 01:09:13.176,0.83575,0.83678,2.18,2.18
2011.08.31 01:09:13.840,0.83574,0.83679,2.18,2.93
2011.08.31 01:09:14.799,0.83574,0.83679,2.18,2.93
2011.08.31 01:09:14.907,0.83574,0.83679,2.18,2.93
2011.08.31 01:09:17.578,0.83576,0.83679,2.18,2.93
2011.08.31 01:09:18.177,0.83574,0.83669,2.18,2.18
2011.08.31 01:09:18.398,0.83576,0.8368,2.18,2.18
2011.08.31 01:09:19.155,0.83577,0.8368,2.18,2.18
2011.08.31 01:09:19.267,0.83574,0.8368,2.18,2.18
2011.08.31 01:09:19.933,0.83575,0.8369,2.18,2.93
2011.08.31 01:09:20.053,0.83578,0.83689,2.18,2.18
2011.08.31 01:09:20.744,0.83578,0.83688,2.18,2.18
2011.08.31 01:09:21.058,0.83578,0.8369,2.18,2.18
2011.08.31 01:09:21.797,0.83578,0.83689,2.18,2.18
2011.08.31 01:09:22.421,0.83579,0.83689,2.18,2.18
2011.08.31 01:09:22.638,0.83583,0.83689,2.18,2.18
2011.08.31 01:09:23.958,0.83579,0.8369,2.18,2.18
2011.08.31 01:09:24.678,0.83578,0.83689,2.18,2.18
2011.08.31 01:09:25.340,0.83578,0.8369,2.18,2.18
2011.08.31 01:09:27.729,0.83578,0.8369,2.18,2.93
2011.08.31 01:09:33.139,0.83578,0.8369,2.18,2.18
2011.08.31 01:09:35.820,0.83577,0.8369,2.93,2.18
2011.08.31 01:09:37.830,0.83579,0.83689,2.18,2.18
2011.08.31 01:09:39.931,0.83577,0.8369,2.93,2.18
2011.08.31 01:09:40.862,0.83579,0.83689,2.18,2.18
2011.08.31 01:09:41.197,0.83581,0.83689,2.18,2.93
2011.08.31 01:09:44.719,0.83581,0.83689,2.18,2.18
2011.08.31 01:09:51.487,0.83579,0.83689,2.18,2.18
2011.08.31 01:09:51.597,0.83581,0.83689,2.18,2.18
2011.08.31 01:09:53.051,0.83582,0.8369,2.18,2.18
2011.08.31 01:09:53.727,0.83583,0.83691,2.18,2.18
2011.08.31 01:09:56.020,0.83583,0.83689,2.18,2.18
2011.08.31 01:09:59.897,0.83582,0.83689,2.18,2.18
2011.08.31 01:10:00.278,0.83581,0.83687,2.18,2.18
2011.08.31 01:10:01.710,0.8358,0.83687,2.18,2.18
2011.08.31 01:10:02.776,0.8358,0.83687,2.18,2.93
2011.08.31 01:10:03.298,0.8358,0.83687,2.93,2.18
2011.08.31 01:10:04.786,0.8358,0.83687,2.93,2.93
2011.08.31 01:10:05.949,0.8358,0.83687,2.18,2.93
2011.08.31 01:10:06.056,0.83577,0.83686,2.93,2.93
2011.08.31 01:10:10.557,0.83578,0.83681,2.18,2.18
2011.08.31 01:10:10.889,0.83578,0.83681,2.93,2.18
2011.08.31 01:10:14.512,0.83578,0.83679,2.93,2.18
2011.08.31 01:10:14.947,0.83574,0.8368,2.93,2.18
2011.08.31 01:10:15.059,0.83576,0.83685,2.93,2.18
2011.08.31 01:10:15.169,0.83578,0.83685,2.18,2.18
2011.08.31 01:10:16.447,0.83576,0.83685,2.93,2.18
2011.08.31 01:10:16.800,0.83576,0.83669,2.93,2.18
2011.08.31 01:10:16.909,0.83574,0.8368,2.93,2.18
2011.08.31 01:10:24.989,0.83576,0.83679,2.93,2.18
2011.08.31 01:10:31.845,0.83577,0.83679,2.93,2.93
2011.08.31 01:10:34.830,0.83577,0.83679,2.18,2.18
2011.08.31 01:10:35.725,0.83578,0.8368,2.18,2.18
2011.08.31 01:10:38.308,0.83578,0.83679,2.18,2.18
2011.08.31 01:10:39.153,0.83578,0.83679,2.18,2.93
2011.08.31 01:10:41.040,0.8358,0.83679,2.18,2.93
2011.08.31 01:10:41.900,0.83581,0.83679,2.18,2.18
2011.08.31 01:10:43.819,0.83581,0.83679,2.93,2.18
2011.08.31 01:10:44.680,0.83585,0.83681,2.18,2.18
2011.08.31 01:10:45.149,0.83581,0.83679,2.93,2.18
2011.08.31 01:10:45.690,0.83581,0.83679,2.18,2.18
2011.08.31 01:10:46.286,0.83582,0.83679,2.93,2.18
2011.08.31 01:10:56.047,0.8358,0.8368,2.93,2.18
2011.08.31 01:11:17.359,0.83582,0.8368,2.18,2.18
2011.08.31 01:11:17.849,0.83588,0.83676,2.18,2.18
2011.08.31 01:11:24.717,0.83584,0.83668,2.93,2.18
2011.08.31 01:11:25.735,0.83587,0.83671,2.93,2.18
2011.08.31 01:11:28.877,0.83587,0.83676,2.93,2.18
2011.08.31 01:11:29.458,0.83603,0.83684,2.18,2.93
2011.08.31 01:11:29.570,0.83603,0.83684,2.18,2.93
2011.08.31 01:11:29.788,0.8361,0.83693,2.18,2.18
2011.08.31 01:11:29.937,0.8361,0.83691,2.18,2.18
2011.08.31 01:11:30.288,0.83613,0.83695,2.18,2.18
2011.08.31 01:11:31.169,0.83615,0.83701,2.18,2.18
2011.08.31 01:11:31.397,0.83613,0.837,2.18,2.18
2011.08.31 01:11:54.793,0.83613,0.837,2.18,2.93
2011.08.31 01:11:55.569,0.83613,0.837,2.18,2.18
2011.08.31 01:12:26.752,0.83613,0.837,2.18,2.93
2011.08.31 01:12:26.933,0.83613,0.837,2.18,2.18
2011.08.31 01:12:32.157,0.8361,0.83695,2.18,2.18
2011.08.31 01:12:45.208,0.83608,0.83696,2.18,2.18
2011.08.31 01:12:45.877,0.83609,0.83696,2.18,2.18
2011.08.31 01:12:46.897,0.8361,0.83697,2.18,2.18
2011.08.31 01:12:47.237,0.83611,0.837,2.18,2.18
2011.08.31 01:12:49.827,0.83606,0.83695,2.18,2.18
2011.08.31 01:12:51.618,0.83602,0.83691,2.18,2.18
2011.08.31 01:12:54.999,0.83598,0.83687,2.18,2.18
2011.08.31 01:12:55.397,0.83601,0.83692,2.18,2.18
2011.08.31 01:13:05.359,0.83605,0.83696,2.18,2.18
2011.08.31 01:13:10.002,0.83605,0.83695,2.18,2.18
2011.08.31 01:13:10.505,0.83606,0.83695,2.18,2.18
2011.08.31 01:13:23.776,0.83605,0.83695,2.18,2.18
2011.08.31 01:13:25.338,0.83605,0.83696,2.18,2.18
2011.08.31 01:13:25.824,0.83605,0.83692,2.18,2.18
2011.08.31 01:13:26.160,0.83605,0.83696,2.18,2.18
2011.08.31 01:13:31.472,0.83606,0.83694,2.18,2.18
2011.08.31 01:13:37.997,0.83606,0.83695,2.18,2.18
2011.08.31 01:13:39.919,0.83605,0.83695,2.18,2.18
2011.08.31 01:13:40.247,0.83606,0.83689,2.18,2.18
2011.08.31 01:13:40.370,0.83605,0.83695,2.18,2.18
2011.08.31 01:13:41.590,0.83601,0.83691,2.18,2.18
2011.08.31 01:13:43.749,0.83601,0.83691,2.18,2.93
2011.08.31 01:13:46.997,0.83601,0.83692,2.18,2.18
2011.08.31 01:13:48.413,0.83601,0.83687,2.18,2.18
2011.08.31 01:13:48.651,0.83602,0.83691,2.18,2.18
2011.08.31 01:14:02.131,0.83606,0.83695,2.18,2.93
2011.08.31 01:14:03.572,0.83606,0.83695,2.18,2.93
2011.08.31 01:14:06.255,0.83606,0.83695,2.18,2.18
2011.08.31 01:14:23.529,0.83606,0.83694,2.18,2.18
2011.08.31 01:14:24.742,0.83606,0.83695,2.18,2.18
2011.08.31 01:14:37.167,0.83601,0.83692,2.18,2.18
2011.08.31 01:14:42.637,0.83601,0.83691,2.18,2.18
2011.08.31 01:14:43.652,0.83602,0.83691,2.18,2.18
2011.08.31 01:14:54.404,0.83602,0.83691,2.18,2.93
2011.08.31 01:14:56.342,0.83597,0.83688,2.93,2.93
2011.08.31 01:14:56.788,0.83602,0.83691,2.18,2.18
2011.08.31 01:15:07.511,0.83602,0.83692,2.18,2.18
2011.08.31 01:15:09.142,0.83602,0.83691,2.18,2.18
2011.08.31 01:15:13.321,0.83602,0.83692,2.93,2.18
2011.08.31 01:15:18.264,0.83602,0.83691,2.93,2.18
2011.08.31 01:15:22.278,0.83606,0.83695,2.18,2.18
2011.08.31 01:15:33.379,0.83605,0.83695,2.18,2.18
2011.08.31 01:15:34.592,0.83605,0.83695,2.18,2.93
2011.08.31 01:15:38.901,0.83605,0.8369,2.18,2.18
2011.08.31 01:15:41.020,0.83605,0.8369,2.18,2.93
2011.08.31 01:15:42.191,0.83605,0.8369,2.18,2.18
2011.08.31 01:15:42.418,0.83605,0.83696,2.18,2.18
2011.08.31 01:15:42.651,0.83606,0.83693,2.18,2.18
2011.08.31 01:15:56.173,0.83607,0.83694,2.18,2.93
2011.08.31 01:15:59.170,0.83607,0.83694,2.18,2.93
2011.08.31 01:16:00.360,0.83606,0.83693,2.18,2.18
2011.08.31 01:16:00.802,0.83606,0.83691,2.18,2.18
2011.08.31 01:16:01.670,0.83606,0.8369,2.18,2.18
2011.08.31 01:16:01.889,0.83605,0.83696,2.18,2.18
2011.08.31 01:16:02.139,0.83605,0.83695,2.18,2.93
2011.08.31 01:16:08.523,0.83605,0.83691,2.18,2.18
2011.08.31 01:16:10.173,0.83603,0.83685,2.18,2.18
2011.08.31 01:16:10.619,0.83605,0.83696,2.18,2.18
2011.08.31 01:16:12.610,0.83605,0.83695,2.18,2.18
2011.08.31 01:16:13.760,0.83605,0.83695,2.18,2.93
2011.08.31 01:16:15.883,0.83605,0.83694,2.18,2.93
2011.08.31 01:16:16.901,0.83606,0.83695,2.18,2.93
2011.08.31 01:16:17.348,0.83606,0.83691,2.18,2.18
2011.08.31 01:16:18.075,0.83606,0.8369,2.18,2.18
2011.08.31 01:16:18.818,0.83606,0.83695,2.18,2.18
2011.08.31 01:16:19.589,0.83606,0.83692,2.18,2.18
2011.08.31 01:16:21.392,0.83606,0.83691,2.18,2.18
2011.08.31 01:16:25.242,0.83604,0.83687,2.18,2.18
2011.08.31 01:16:26.798,0.83605,0.83688,2.18,2.18
2011.08.31 01:16:27.801,0.83605,0.83688,2.18,2.93
2011.08.31 01:16:34.041,0.83603,0.83685,2.18,2.93
2011.08.31 01:16:35.660,0.83603,0.83685,2.18,2.18
2011.08.31 01:16:35.879,0.836,0.83684,2.18,2.93
2011.08.31 01:16:51.627,0.836,0.83684,2.18,2.93
2011.08.31 01:16:51.739,0.83605,0.83686,2.18,2.18
2011.08.31 01:16:52.061,0.83603,0.83685,2.18,2.18
2011.08.31 01:16:52.168,0.83603,0.83685,2.18,2.93
2011.08.31 01:16:53.692,0.83603,0.83685,2.18,2.18
2011.08.31 01:16:54.792,0.83603,0.83685,2.18,2.93
2011.08.31 01:16:59.961,0.83603,0.83685,2.18,2.18
2011.08.31 01:17:05.281,0.83605,0.83686,2.18,2.18
2011.08.31 01:17:05.392,0.83602,0.83686,2.18,2.18
2011.08.31 01:17:05.941,0.83604,0.83687,2.18,2.18
2011.08.31 01:17:08.581,0.83605,0.83688,2.18,2.18
2011.08.31 01:17:10.028,0.83605,0.83686,2.18,2.18
2011.08.31 01:17:10.490,0.83602,0.83686,2.18,2.18
2011.08.31 01:17:14.411,0.83604,0.83687,2.18,2.18
2011.08.31 01:17:15.400,0.83603,0.83685,2.18,2.18
2011.08.31 01:17:18.319,0.83603,0.83685,2.18,2.93
2011.08.31 01:17:35.708,0.83605,0.83686,2.18,2.93
2011.08.31 01:17:37.573,0.83603,0.83685,2.18,2.93
2011.08.31 01:17:40.304,0.83605,0.83686,2.18,2.93
2011.08.31 01:17:40.520,0.83602,0.83686,2.18,2.93
2011.08.31 01:17:56.829,0.83604,0.83687,2.18,2.93
2011.08.31 01:18:00.899,0.83603,0.83685,2.18,2.93
2011.08.31 01:18:01.561,0.83605,0.83686,2.18,2.93
2011.08.31 01:18:02.689,0.83605,0.83686,2.18,2.18
2011.08.31 01:18:11.137,0.83612,0.83696,2.18,2.93
2011.08.31 01:18:13.709,0.83613,0.83695,2.18,2.93
2011.08.31 01:18:15.831,0.83613,0.83695,2.18,2.93
2011.08.31 01:18:19.679,0.83608,0.83691,2.18,2.18
2011.08.31 01:18:20.188,0.83605,0.83686,2.18,2.18
2011.08.31 01:18:21.631,0.83603,0.83685,2.18,2.18
2011.08.31 01:18:23.050,0.83602,0.83684,2.18,2.18
2011.08.31 01:18:23.160,0.83602,0.83686,2.18,2.18
2011.08.31 01:18:23.378,0.83602,0.83684,2.18,2.18
2011.08.31 01:18:23.487,0.836,0.83684,2.18,2.18
2011.08.31 01:18:26.668,0.83601,0.83685,2.18,2.18
2011.08.31 01:18:30.599,0.83601,0.83685,2.18,2.93
2011.08.31 01:18:30.710,0.83592,0.83676,2.18,2.18
2011.08.31 01:18:32.118,0.83592,0.83676,2.18,2.93
2011.08.31 01:18:32.890,0.83592,0.83676,2.18,2.93
2011.08.31 01:18:38.892,0.83592,0.83676,2.18,2.93
2011.08.31 01:18:42.629,0.83592,0.83671,2.93,1.35
2011.08.31 01:18:45.431,0.83592,0.83671,2.93,1.35
2011.08.31 01:18:49.140,0.8359,0.83671,2.93,1.35
2011.08.31 01:18:50.597,0.8359,0.83671,2.18,1.35
2011.08.31 01:18:52.751,0.8359,0.83671,2.18,1.35
2011.08.31 01:18:53.300,0.8359,0.83671,2.18,1.35
2011.08.31 01:18:54.358,0.83592,0.83671,2.18,1.35
2011.08.31 01:18:54.468,0.83592,0.83673,2.93,1.35
2011.08.31 01:18:56.739,0.8359,0.83673,2.18,1.35
2011.08.31 01:18:57.250,0.8359,0.83671,2.18,1.35
2011.08.31 01:18:58.789,0.8359,0.83671,2.93,1.35
2011.08.31 01:19:00.528,0.83592,0.83671,2.18,1.35
2011.08.31 01:19:00.639,0.83592,0.83674,2.18,2.78
2011.08.31 01:19:00.748,0.83594,0.83678,2.18,2.78
2011.08.31 01:19:10.161,0.83593,0.83674,2.18,1.35
2011.08.31 01:19:10.489,0.83595,0.83674,2.18,1.35
2011.08.31 01:19:15.599,0.83587,0.83668,1.35,2.18
2011.08.31 01:19:15.819,0.83586,0.83668,2.18,2.78
2011.08.31 01:19:15.928,0.83582,0.83664,2.18,2.78
2011.08.31 01:19:16.039,0.83585,0.83669,2.18,2.78
2011.08.31 01:19:16.610,0.83585,0.83669,2.18,2.18
2011.08.31 01:19:23.474,0.83586,0.8367,2.18,2.18
2011.08.31 01:19:26.005,0.83585,0.83669,2.18,2.18
2011.08.31 01:19:26.488,0.83599,0.83681,2.18,2.93
2011.08.31 01:19:26.710,0.83599,0.83681,2.18,2.93
2011.08.31 01:19:26.929,0.83607,0.8369,2.18,2.93
2011.08.31 01:19:27.679,0.83607,0.83688,2.18,2.93
2011.08.31 01:19:28.261,0.83607,0.83688,2.18,2.93
2011.08.31 01:19:28.372,0.83609,0.8369,2.18,2.93
2011.08.31 01:19:28.479,0.83609,0.8369,2.18,2.93
2011.08.31 01:19:30.229,0.83609,0.8369,2.18,2.93
2011.08.31 01:19:36.769,0.83609,0.8369,2.18,2.93
2011.08.31 01:19:37.540,0.83609,0.8369,2.18,2.93
2011.08.31 01:19:54.090,0.83608,0.83689,2.18,2.93
2011.08.31 01:19:56.162,0.83607,0.83688,2.18,2.93
2011.08.31 01:19:56.491,0.83605,0.83688,2.18,2.93
2011.08.31 01:19:56.740,0.83605,0.83688,2.18,2.93
2011.08.31 01:20:07.302,0.83605,0.83688,2.18,2.93
2011.08.31 01:20:08.076,0.83606,0.83689,2.18,2.93
2011.08.31 01:20:13.647,0.83605,0.83688,2.18,2.93
2011.08.31 01:20:14.771,0.83605,0.83688,2.18,2.93
2011.08.31 01:20:17.749,0.83596,0.83678,2.93,2.18
2011.08.31 01:20:17.968,0.83594,0.83679,2.18,2.93
2011.08.31 01:20:18.079,0.83592,0.83677,2.18,2.18
2011.08.31 01:20:18.190,0.83586,0.83677,2.18,2.18
2011.08.31 01:20:19.253,0.83585,0.83677,2.18,2.18
2011.08.31 01:20:23.681,0.83585,0.83674,2.18,2.18
2011.08.31 01:20:29.707,0.83585,0.83674,2.18,2.93
2011.08.31 01:20:30.211,0.83585,0.83674,2.18,2.93
2011.08.31 01:20:31.001,0.83585,0.83675,2.18,2.18
2011.08.31 01:20:32.029,0.83585,0.83676,2.18,2.18
2011.08.31 01:20:32.144,0.83585,0.83679,2.18,2.18
2011.08.31 01:20:32.259,0.83585,0.83675,2.18,2.18
2011.08.31 01:20:39.128,0.83585,0.83679,2.18,2.93
2011.08.31 01:20:39.459,0.83586,0.83676,2.18,2.18
2011.08.31 01:20:41.538,0.83585,0.83678,2.18,2.18
2011.08.31 01:20:44.578,0.83585,0.83678,2.93,2.93
2011.08.31 01:20:49.298,0.83585,0.83678,2.93,2.18
2011.08.31 01:20:52.050,0.83585,0.83678,2.18,2.93
2011.08.31 01:20:52.449,0.83586,0.83681,2.18,2.18
2011.08.31 01:20:58.982,0.83589,0.8368,2.18,2.18
2011.08.31 01:20:59.501,0.83589,0.8368,2.18,2.93
2011.08.31 01:21:00.917,0.8359,0.8368,2.18,2.93
2011.08.31 01:21:01.428,0.83591,0.83681,2.18,2.93
2011.08.31 01:21:07.908,0.83591,0.83681,2.18,2.93
2011.08.31 01:21:08.019,0.83588,0.83681,2.18,2.93
2011.08.31 01:21:08.549,0.83586,0.83679,2.18,2.93
2011.08.31 01:21:09.416,0.83586,0.83677,2.18,2.18
2011.08.31 01:21:09.922,0.83587,0.83675,2.18,2.18
2011.08.31 01:21:11.351,0.83586,0.83675,2.18,2.93
2011.08.31 01:21:12.548,0.83589,0.8368,2.18,2.93
2011.08.31 01:21:14.113,0.83589,0.8368,2.18,2.93
2011.08.31 01:21:14.430,0.8359,0.83678,2.18,2.18
2011.08.31 01:21:15.286,0.83589,0.83678,2.18,2.18
2011.08.31 01:21:15.623,0.83589,0.83678,2.18,2.93
2011.08.31 01:21:15.849,0.83589,0.83677,2.18,2.18
2011.08.31 01:21:16.183,0.8359,0.83675,2.18,2.18
2011.08.31 01:21:17.820,0.8359,0.83675,2.18,2.93
2011.08.31 01:21:17.928,0.8359,0.83675,2.18,2.18
2011.08.31 01:21:18.449,0.83586,0.83668,2.18,2.18
2011.08.31 01:21:20.147,0.83579,0.83665,2.93,2.18
2011.08.31 01:21:20.260,0.83579,0.83665,2.18,2.18
2011.08.31 01:21:20.588,0.83579,0.83668,2.18,2.18
2011.08.31 01:21:20.700,0.83583,0.83668,2.18,2.18
2011.08.31 01:21:21.299,0.83583,0.83673,2.18,2.18
2011.08.31 01:21:21.628,0.83584,0.83669,2.18,2.18
2011.08.31 01:21:36.689,0.83584,0.83669,2.78,2.18
2011.08.31 01:21:37.019,0.83599,0.83682,2.18,2.18
2011.08.31 01:21:37.479,0.83601,0.83684,2.18,2.18
2011.08.31 01:21:37.799,0.83605,0.83686,2.18,2.18
2011.08.31 01:21:39.091,0.83608,0.83691,2.18,2.18
2011.08.31 01:21:39.309,0.83604,0.83687,2.18,2.18
2011.08.31 01:21:45.822,0.83605,0.83688,2.18,2.18
2011.08.31 01:21:46.520,0.83604,0.83687,2.18,2.18
2011.08.31 01:21:51.871,0.83603,0.83686,2.18,2.18
2011.08.31 01:21:53.392,0.83602,0.83685,2.18,2.18
2011.08.31 01:21:56.181,0.83602,0.83685,2.18,2.93
2011.08.31 01:21:56.953,0.83602,0.83685,2.18,2.18
2011.08.31 01:21:58.315,0.836,0.83683,2.18,2.18
2011.08.31 01:22:01.886,0.83603,0.83684,2.18,2.93
2011.08.31 01:22:02.898,0.83601,0.83684,2.18,2.93
2011.08.31 01:22:09.309,0.83604,0.83685,2.18,2.18
2011.08.31 01:22:09.812,0.83604,0.83685,2.18,2.93
2011.08.31 01:22:10.203,0.83604,0.83685,2.18,2.18
2011.08.31 01:22:16.004,0.83602,0.83685,2.18,2.18
2011.08.31 01:22:16.682,0.83602,0.83683,2.18,2.18
2011.08.31 01:22:20.100,0.83604,0.83685,2.18,2.93
2011.08.31 01:22:20.230,0.83604,0.83685,2.18,2.18
2011.08.31 01:22:20.339,0.83606,0.83689,2.18,2.93
2011.08.31 01:22:21.320,0.83606,0.83689,2.18,2.18
2011.08.31 01:22:21.526,0.83591,0.83675,2.93,2.18
2011.08.31 01:22:21.858,0.83584,0.83666,2.93,2.18
2011.08.31 01:22:23.172,0.83584,0.83666,2.93,2.18
2011.08.31 01:22:23.382,0.83585,0.83669,2.93,2.18
2011.08.31 01:22:27.162,0.83585,0.83669,2.93,2.18
2011.08.31 01:22:29.697,0.83585,0.83669,2.93,2.18
2011.08.31 01:22:41.401,0.83579,0.83661,2.93,2.18
2011.08.31 01:22:41.510,0.83582,0.83666,2.93,2.18
2011.08.31 01:22:41.618,0.83582,0.83666,2.93,2.18
2011.08.31 01:22:41.730,0.83579,0.83663,2.93,2.18
2011.08.31 01:22:42.140,0.83584,0.83668,2.18,2.18
2011.08.31 01:22:42.359,0.83583,0.83665,2.18,2.18
2011.08.31 01:22:42.612,0.83584,0.83668,2.18,2.18
2011.08.31 01:22:43.500,0.83584,0.83668,2.93,2.18
2011.08.31 01:22:44.370,0.83583,0.83667,2.93,2.18
2011.08.31 01:22:44.478,0.83583,0.83667,2.18,2.18
2011.08.31 01:22:44.590,0.83581,0.83665,2.93,2.18
2011.08.31 01:22:45.002,0.8358,0.83662,2.93,2.18
2011.08.31 01:22:45.811,0.8358,0.83662,2.93,2.18
2011.08.31 01:22:53.728,0.83587,0.83669,2.18,2.18
2011.08.31 01:22:53.838,0.8358,0.83662,2.93,2.18
2011.08.31 01:22:53.951,0.83585,0.83667,2.18,2.18
2011.08.31 01:22:56.030,0.83585,0.83667,2.93,2.18
2011.08.31 01:23:05.181,0.83585,0.83667,2.93,2.93
2011.08.31 01:23:17.699,0.83583,0.83667,2.93,2.18
2011.08.31 01:23:19.148,0.83584,0.83668,2.93,2.93
2011.08.31 01:23:20.684,0.83584,0.83668,2.93,2.93
2011.08.31 01:23:28.950,0.83584,0.83668,2.18,2.93
2011.08.31 01:23:35.430,0.83584,0.83668,2.93,2.93
2011.08.31 01:23:35.710,0.83584,0.83668,2.18,2.93
2011.08.31 01:23:50.914,0.83583,0.83667,2.18,2.93
2011.08.31 01:23:51.290,0.83586,0.8367,2.18,2.93
2011.08.31 01:23:51.492,0.83584,0.83668,2.18,2.93
2011.08.31 01:23:52.734,0.83584,0.83668,2.93,2.93
2011.08.31 01:23:54.400,0.83584,0.83668,2.18,2.93
2011.08.31 01:23:56.224,0.83583,0.83667,2.18,2.93
2011.08.31 01:23:57.310,0.83585,0.83667,2.18,2.93
2011.08.31 01:24:00.720,0.83587,0.83669,2.18,2.93
2011.08.31 01:24:01.700,0.83587,0.83669,2.93,2.93
2011.08.31 01:24:01.921,0.83587,0.83669,2.18,2.93
2011.08.31 01:24:02.158,0.83585,0.83667,2.18,2.93
2011.08.31 01:24:02.268,0.83583,0.83667,2.18,2.93
2011.08.31 01:24:02.380,0.83585,0.83667,2.18,2.93
2011.08.31 01:24:04.893,0.83587,0.83669,2.18,2.93
2011.08.31 01:24:06.765,0.83587,0.83669,2.18,2.93
2011.08.31 01:24:12.383,0.83585,0.83669,2.93,2.93
2011.08.31 01:24:13.671,0.83585,0.83667,2.18,2.93
2011.08.31 01:24:20.097,0.83585,0.83667,2.93,2.18
2011.08.31 01:24:21.699,0.83585,0.83667,2.18,2.18
2011.08.31 01:24:25.311,0.83583,0.83667,2.18,2.18
2011.08.31 01:24:26.897,0.83583,0.83667,2.93,2.18
2011.08.31 01:24:27.070,0.83588,0.83672,2.18,2.18
2011.08.31 01:24:29.163,0.83603,0.83686,2.18,2.93
2011.08.31 01:24:29.280,0.83603,0.83686,2.18,2.93
2011.08.31 01:24:29.610,0.83607,0.83688,2.18,2.18
2011.08.31 01:24:30.440,0.83612,0.83695,2.18,2.93
2011.08.31 01:24:30.555,0.83612,0.83695,2.18,2.18
2011.08.31 01:24:32.299,0.83613,0.83696,2.18,2.18
2011.08.31 01:24:32.761,0.83613,0.83696,2.93,2.18
2011.08.31 01:24:35.039,0.83604,0.83686,1.35,2.18
2011.08.31 01:24:35.550,0.83614,0.83695,2.18,2.93
2011.08.31 01:24:37.301,0.83612,0.83695,2.18,2.93
2011.08.31 01:24:39.283,0.83604,0.83687,2.78,2.18
2011.08.31 01:24:39.619,0.83604,0.83687,2.78,2.93
2011.08.31 01:24:41.170,0.83604,0.83687,2.78,2.93
2011.08.31 01:24:42.648,0.83603,0.83686,2.18,2.93
2011.08.31 01:24:43.541,0.83603,0.83686,2.18,2.93
2011.08.31 01:24:45.629,0.83603,0.83674,2.78,1.35
2011.08.31 01:24:46.143,0.83592,0.83666,1.35,2.10
2011.08.31 01:24:46.759,0.83582,0.83666,2.18,2.78
2011.08.31 01:24:48.480,0.83597,0.8368,2.18,3.53
2011.08.31 01:24:48.700,0.83585,0.83667,1.35,2.18
2011.08.31 01:24:48.810,0.83583,0.83667,2.93,2.78
2011.08.31 01:24:48.984,0.83583,0.83667,2.18,2.78
2011.08.31 01:24:49.853,0.83582,0.83664,2.18,3.53
2011.08.31 01:24:51.103,0.83581,0.83663,2.93,2.78
2011.08.31 01:24:51.838,0.83578,0.83662,2.93,2.18
2011.08.31 01:24:53.359,0.83578,0.83662,2.93,2.18
2011.08.31 01:24:58.481,0.83578,0.83662,2.18,2.18
2011.08.31 01:24:58.593,0.83583,0.83665,2.18,2.78
2011.08.31 01:25:03.769,0.83579,0.83663,2.18,2.78
2011.08.31 01:25:05.520,0.83579,0.83663,2.93,2.78
2011.08.31 01:25:06.870,0.83578,0.83662,2.93,2.18
2011.08.31 01:25:08.759,0.83578,0.83662,2.18,2.18
2011.08.31 01:25:09.186,0.83583,0.83666,2.18,2.78
2011.08.31 01:25:09.894,0.83589,0.83669,2.18,1.35
2011.08.31 01:25:10.790,0.83589,0.83668,2.93,1.35
2011.08.31 01:25:11.822,0.83589,0.83668,2.93,1.35
2011.08.31 01:25:12.518,0.83592,0.83675,2.93,2.93
2011.08.31 01:25:12.629,0.83593,0.83676,2.93,2.93
2011.08.31 01:25:14.131,0.83593,0.83676,2.93,2.18
2011.08.31 01:25:14.570,0.83598,0.8368,2.78,3.53
2011.08.31 01:25:17.481,0.83607,0.83683,1.35,1.35
2011.08.31 01:25:17.810,0.83618,0.83699,2.78,2.93
2011.08.31 01:25:18.029,0.83625,0.83703,2.18,1.35
2011.08.31 01:25:18.249,0.83614,0.83698,2.78,2.18
2011.08.31 01:25:18.362,0.83616,0.83701,2.78,2.78
2011.08.31 01:25:18.579,0.83616,0.83701,2.18,2.18
2011.08.31 01:25:18.689,0.83614,0.83701,2.18,2.18
2011.08.31 01:25:18.910,0.83606,0.837,2.18,2.18
2011.08.31 01:25:19.442,0.83607,0.837,2.18,2.18
2011.08.31 01:25:19.549,0.83609,0.83699,2.18,2.18
2011.08.31 01:25:20.610,0.83613,0.83701,2.18,2.18
2011.08.31 01:25:20.951,0.8361,0.83695,2.18,2.18
2011.08.31 01:25:22.268,0.83607,0.83696,2.18,2.18
2011.08.31 01:25:22.959,0.83609,0.83695,2.18,2.18
2011.08.31 01:25:23.908,0.83609,0.83695,2.18,2.93
2011.08.31 01:25:25.351,0.83609,0.83695,2.18,2.93
2011.08.31 01:25:25.598,0.83606,0.8369,2.18,2.93
2011.08.31 01:25:25.711,0.83603,0.83688,2.18,2.93
2011.08.31 01:25:27.638,0.83608,0.83692,2.18,2.93
2011.08.31 01:25:28.020,0.83608,0.83692,2.18,2.18
2011.08.31 01:25:30.849,0.836,0.83682,2.18,2.18
2011.08.31 01:25:31.182,0.83594,0.83678,2.18,2.18
2011.08.31 01:25:31.290,0.83594,0.83676,2.18,2.18
2011.08.31 01:25:31.700,0.83594,0.83676,2.93,2.18
2011.08.31 01:25:32.320,0.83595,0.83677,2.18,2.18
2011.08.31 01:25:34.074,0.83598,0.8368,2.18,2.93
2011.08.31 01:25:35.822,0.83598,0.8368,2.18,2.93
2011.08.31 01:25:37.579,0.83594,0.83678,2.93,2.18
2011.08.31 01:25:38.733,0.83594,0.83678,2.93,2.93
2011.08.31 01:25:40.629,0.836,0.83684,2.18,2.93
2011.08.31 01:25:40.738,0.83595,0.83677,2.93,2.93
2011.08.31 01:25:42.249,0.83595,0.83677,2.93,2.18
2011.08.31 01:25:43.290,0.83598,0.83682,2.18,2.93
2011.08.31 01:25:44.289,0.83598,0.83682,2.93,2.93
2011.08.31 01:25:46.940,0.83598,0.83681,2.93,1.35
2011.08.31 01:25:48.058,0.83595,0.83671,2.93,2.10
2011.08.31 01:25:48.234,0.83595,0.83673,2.93,1.35
2011.08.31 01:25:50.461,0.83598,0.83682,2.18,2.78
2011.08.31 01:25:50.684,0.83595,0.83679,2.93,2.78
2011.08.31 01:25:52.113,0.83601,0.83683,2.18,2.78
2011.08.31 01:25:52.219,0.83601,0.83683,2.18,2.18
2011.08.31 01:25:52.550,0.83601,0.83685,2.18,2.18
2011.08.31 01:25:52.770,0.83602,0.83692,2.18,2.18
2011.08.31 01:25:53.247,0.83602,0.83694,2.18,2.18
2011.08.31 01:25:53.362,0.83609,0.83698,2.18,2.78
2011.08.31 01:25:53.590,0.8361,0.83709,2.18,2.93
2011.08.31 01:25:53.699,0.83611,0.83702,2.18,2.18
2011.08.31 01:25:53.919,0.83611,0.83705,2.18,2.18
2011.08.31 01:25:54.985,0.83611,0.83704,2.18,2.18
2011.08.31 01:25:59.890,0.83626,0.83712,2.18,2.18
2011.08.31 01:26:00.252,0.83626,0.83718,2.18,2.18
2011.08.31 01:26:00.469,0.83627,0.83722,2.18,2.18
2011.08.31 01:26:01.181,0.83627,0.83721,2.18,2.18
2011.08.31 01:26:02.850,0.83627,0.83721,2.18,2.93
2011.08.31 01:26:03.801,0.83623,0.83704,2.18,2.18
2011.08.31 01:26:05.392,0.83633,0.83715,2.18,2.93
2011.08.31 01:26:06.713,0.83633,0.83714,2.18,1.35
2011.08.31 01:26:07.820,0.83633,0.83714,2.93,1.35
2011.08.31 01:26:08.250,0.83641,0.83714,2.18,1.35
2011.08.31 01:26:08.581,0.83648,0.83718,2.18,1.35
2011.08.31 01:26:09.130,0.83633,0.83715,4.28,2.78
2011.08.31 01:26:09.240,0.83633,0.83717,2.18,2.18
2011.08.31 01:26:09.350,0.83614,0.83716,2.18,2.18
2011.08.31 01:26:09.460,0.83614,0.83716,2.18,2.93
2011.08.31 01:26:09.792,0.83614,0.83716,2.18,2.18
2011.08.31 01:26:09.900,0.83612,0.83715,2.18,2.18
2011.08.31 01:26:10.019,0.83612,0.83715,2.18,2.93
2011.08.31 01:26:10.349,0.8361,0.83696,2.18,2.18
2011.08.31 01:26:10.669,0.83624,0.83707,2.18,2.93
2011.08.31 01:26:11.334,0.83624,0.83707,2.18,3.53
2011.08.31 01:26:11.782,0.83624,0.83707,2.18,3.53
2011.08.31 01:26:12.000,0.83624,0.83707,2.18,3.53
2011.08.31 01:26:12.110,0.8362,0.83703,2.18,2.93
2011.08.31 01:26:12.651,0.83615,0.83699,2.18,2.93
2011.08.31 01:26:12.822,0.83615,0.83699,2.93,2.93
2011.08.31 01:26:13.433,0.83615,0.83693,2.93,1.35
2011.08.31 01:26:15.854,0.83615,0.83689,2.93,1.35
2011.08.31 01:26:16.500,0.83605,0.83688,2.78,1.35
2011.08.31 01:26:16.829,0.83602,0.83686,2.93,2.18
2011.08.31 01:26:18.822,0.83602,0.83686,2.18,2.93
2011.08.31 01:26:19.770,0.83602,0.83686,2.18,2.93
2011.08.31 01:26:21.675,0.83603,0.83687,2.18,2.93
2011.08.31 01:26:22.971,0.83603,0.83687,2.18,2.93
2011.08.31 01:26:23.782,0.83603,0.83687,2.18,2.93
2011.08.31 01:26:30.950,0.83603,0.83687,2.18,2.93
2011.08.31 01:26:31.280,0.836,0.83684,2.18,2.93
2011.08.31 01:26:32.149,0.83601,0.83684,2.18,2.93
2011.08.31 01:26:35.512,0.83603,0.83685,2.18,2.93
2011.08.31 01:26:35.717,0.83601,0.83684,2.18,2.93
2011.08.31 01:26:35.829,0.83601,0.83682,2.18,2.18
2011.08.31 01:26:36.822,0.836,0.83681,2.18,2.93
2011.08.31 01:26:39.169,0.83597,0.8368,2.93,2.93
2011.08.31 01:26:40.332,0.83599,0.83682,2.18,2.93
2011.08.31 01:26:51.623,0.83597,0.8368,2.93,2.93
2011.08.31 01:27:07.052,0.83597,0.8368,2.18,2.18
2011.08.31 01:27:07.169,0.83597,0.8368,2.93,2.93
2011.08.31 01:27:07.515,0.836,0.83681,2.18,2.93
2011.08.31 01:27:10.361,0.83604,0.83686,2.18,2.93
2011.08.31 01:27:11.270,0.83608,0.83691,2.18,2.93
2011.08.31 01:27:11.611,0.83608,0.83691,2.18,2.93
2011.08.31 01:27:13.812,0.83608,0.83691,2.18,2.93
2011.08.31 01:27:15.463,0.83608,0.83691,2.18,2.93
2011.08.31 01:27:19.381,0.83609,0.83692,2.18,2.93
2011.08.31 01:27:20.153,0.83611,0.83692,2.18,2.93
2011.08.31 01:27:21.542,0.83611,0.83692,2.18,2.93
2011.08.31 01:27:22.353,0.83612,0.83695,2.18,2.93
2011.08.31 01:27:24.047,0.83613,0.83696,2.18,2.93
2011.08.31 01:27:26.321,0.83615,0.83698,2.18,2.93
2011.08.31 01:27:26.539,0.83611,0.83693,2.93,2.93
2011.08.31 01:27:26.872,0.83611,0.83693,2.93,2.18
2011.08.31 01:27:27.430,0.83611,0.83695,2.93,2.18
2011.08.31 01:27:27.539,0.83614,0.83696,2.18,2.18
2011.08.31 01:27:27.887,0.83612,0.83696,2.93,2.18
2011.08.31 01:27:30.131,0.83614,0.83696,2.18,2.18
2011.08.31 01:27:30.510,0.83614,0.83698,2.18,2.18
2011.08.31 01:27:31.702,0.83614,0.83698,2.18,2.93
2011.08.31 01:27:33.640,0.8362,0.83701,2.18,2.93
2011.08.31 01:27:33.860,0.83623,0.83706,2.18,3.53
2011.08.31 01:27:34.120,0.83623,0.83706,2.18,3.53
2011.08.31 01:27:35.291,0.83626,0.83706,2.18,1.35
2011.08.31 01:27:36.276,0.83626,0.83706,2.93,1.35
2011.08.31 01:27:36.651,0.83629,0.83706,2.18,1.35
2011.08.31 01:27:37.259,0.83629,0.83706,2.93,1.35
2011.08.31 01:27:37.525,0.83629,0.83712,2.93,2.78
2011.08.31 01:27:38.319,0.83629,0.83708,2.93,1.73
2011.08.31 01:27:38.650,0.83623,0.83704,2.93,2.18
2011.08.31 01:27:38.760,0.83623,0.83703,2.93,1.13
2011.08.31 01:27:38.980,0.83616,0.83698,2.93,2.18
2011.08.31 01:27:39.199,0.83611,0.83695,2.93,2.18
2011.08.31 01:27:39.551,0.83609,0.83691,2.93,2.78
2011.08.31 01:27:39.909,0.83609,0.83691,2.93,2.78
2011.08.31 01:27:42.032,0.83622,0.83694,1.35,2.78
2011.08.31 01:27:42.142,0.83622,0.837,1.35,2.78
2011.08.31 01:27:44.040,0.83619,0.83698,2.93,1.35
2011.08.31 01:27:44.259,0.83619,0.83698,2.18,1.35
2011.08.31 01:27:45.205,0.83619,0.83703,2.18,2.93
2011.08.31 01:27:45.323,0.83619,0.83703,2.18,2.93
2011.08.31 01:27:45.439,0.83616,0.837,2.18,2.93
2011.08.31 01:27:45.601,0.83613,0.83695,2.18,2.18
2011.08.31 01:27:46.196,0.83613,0.83695,2.18,2.93
2011.08.31 01:27:47.508,0.83613,0.83695,2.18,2.18
2011.08.31 01:27:49.396,0.83611,0.83695,2.93,2.93
2011.08.31 01:27:49.591,0.83611,0.83695,2.93,2.93
2011.08.31 01:27:51.071,0.8361,0.83692,2.93,2.18
2011.08.31 01:27:51.343,0.8361,0.83692,2.93,2.93
2011.08.31 01:27:52.546,0.83606,0.8369,2.93,2.93
2011.08.31 01:27:54.420,0.83605,0.83689,2.93,2.93
2011.08.31 01:27:55.891,0.83601,0.83684,2.93,2.93
2011.08.31 01:27:57.503,0.83601,0.83684,2.93,2.93
2011.08.31 01:27:58.529,0.836,0.83682,2.93,2.93
2011.08.31 01:28:02.840,0.836,0.83684,2.93,2.93
2011.08.31 01:28:03.519,0.83597,0.83674,2.93,1.35
2011.08.31 01:28:12.222,0.83596,0.83673,2.93,1.35
2011.08.31 01:28:13.042,0.83596,0.83669,2.93,1.35
2011.08.31 01:28:15.041,0.83599,0.83678,2.93,1.35
2011.08.31 01:28:15.741,0.83599,0.83678,2.93,1.35
2011.08.31 01:28:20.852,0.83599,0.83678,2.93,1.35
2011.08.31 01:28:23.849,0.83602,0.83678,2.93,1.35
2011.08.31 01:28:24.104,0.83602,0.83678,2.93,1.35
2011.08.31 01:28:25.301,0.836,0.83678,2.93,1.35
2011.08.31 01:28:31.476,0.83599,0.83679,2.93,1.35
2011.08.31 01:28:32.028,0.83601,0.83678,2.93,1.35
2011.08.31 01:28:33.710,0.83606,0.83679,2.93,1.35
2011.08.31 01:28:42.733,0.83602,0.83678,2.93,1.35
2011.08.31 01:28:48.614,0.83601,0.83678,2.93,1.35
2011.08.31 01:28:56.520,0.83599,0.83681,2.93,2.93
2011.08.31 01:28:56.925,0.83601,0.83685,2.93,2.93
2011.08.31 01:29:02.804,0.83601,0.83685,2.93,2.93
2011.08.31 01:29:03.790,0.83601,0.83685,2.93,2.93
2011.08.31 01:29:05.519,0.83601,0.83683,2.93,2.93
2011.08.31 01:29:06.301,0.83598,0.83679,2.93,2.93
2011.08.31 01:29:06.862,0.83596,0.83677,2.93,2.18
2011.08.31 01:29:07.336,0.83594,0.83677,2.93,2.93
2011.08.31 01:29:09.494,0.83594,0.83677,2.93,2.93
2011.08.31 01:29:09.829,0.83592,0.83675,2.93,2.93
2011.08.31 01:29:11.959,0.83592,0.83675,2.93,2.93
2011.08.31 01:29:13.011,0.83597,0.83679,2.93,2.93
2011.08.31 01:29:13.892,0.83599,0.83683,2.93,2.93
2011.08.31 01:29:14.223,0.83599,0.83683,2.93,2.93
2011.08.31 01:29:46.959,0.83595,0.83677,2.93,2.18
2011.08.31 01:29:47.258,0.83595,0.83677,2.93,2.18
2011.08.31 01:29:47.368,0.83597,0.83679,2.93,2.93
2011.08.31 01:29:52.191,0.83597,0.83681,2.93,2.93
2011.08.31 01:29:52.409,0.83589,0.83672,2.93,2.18
2011.08.31 01:29:52.628,0.83593,0.83674,2.93,2.93
2011.08.31 01:29:53.841,0.83597,0.83679,2.93,2.93
2011.08.31 01:29:55.811,0.83597,0.83679,2.93,2.93
2011.08.31 01:29:56.360,0.83597,0.83679,2.93,2.93
2011.08.31 01:29:56.822,0.83594,0.83675,2.93,2.18
2011.08.31 01:29:57.518,0.83594,0.83675,2.93,2.93
2011.08.31 01:30:05.830,0.83597,0.83678,2.93,2.93
2011.08.31 01:30:08.738,0.83594,0.83677,2.93,2.93
2011.08.31 01:30:11.650,0.83594,0.83677,2.93,2.93
2011.08.31 01:30:12.019,0.83594,0.83677,2.93,2.18
2011.08.31 01:30:13.411,0.83602,0.83686,2.93,2.93
2011.08.31 01:30:13.738,0.83598,0.83682,2.93,2.93
2011.08.31 01:30:15.830,0.83598,0.83682,2.93,2.93
2011.08.31 01:30:18.769,0.83603,0.83685,2.93,2.93
2011.08.31 01:30:20.089,0.83608,0.8369,2.18,2.93
2011.08.31 01:30:20.651,0.83608,0.8369,2.93,2.93
2011.08.31 01:30:22.181,0.83609,0.83693,2.93,2.18
2011.08.31 01:30:22.399,0.83606,0.83688,2.93,2.93
2011.08.31 01:30:22.829,0.83603,0.83685,2.93,2.18
2011.08.31 01:30:23.749,0.83603,0.83685,2.93,2.93
2011.08.31 01:30:25.759,0.836,0.83682,2.93,2.93
2011.08.31 01:30:29.770,0.83606,0.83682,1.35,2.93
2011.08.31 01:30:31.019,0.83606,0.83686,1.35,3.53
2011.08.31 01:30:31.369,0.83603,0.83684,2.93,1.35
2011.08.31 01:30:32.056,0.83603,0.83683,2.93,1.73
2011.08.31 01:30:32.701,0.83594,0.83678,2.93,3.15
2011.08.31 01:30:33.570,0.83595,0.83679,2.93,3.90
2011.08.31 01:30:34.653,0.83592,0.83673,2.93,2.78
2011.08.31 01:30:35.792,0.83592,0.83673,2.93,3.53
2011.08.31 01:30:36.737,0.83592,0.83673,2.93,3.53
2011.08.31 01:30:38.831,0.83592,0.83673,2.93,3.53
2011.08.31 01:30:47.962,0.83592,0.83673,2.93,2.78
2011.08.31 01:30:48.071,0.83589,0.8367,2.93,2.18
2011.08.31 01:30:51.053,0.83589,0.8367,2.93,2.18
2011.08.31 01:30:51.384,0.83589,0.8367,2.93,2.18
2011.08.31 01:30:51.612,0.83583,0.83664,2.93,2.18
2011.08.31 01:30:51.762,0.83583,0.83664,2.93,2.18
2011.08.31 01:30:53.640,0.83583,0.83664,2.93,2.18
2011.08.31 01:30:57.419,0.83587,0.83668,2.93,2.18
2011.08.31 01:31:02.734,0.83588,0.83671,2.93,2.55
2011.08.31 01:31:02.849,0.83588,0.83669,2.93,2.18
2011.08.31 01:31:03.830,0.83587,0.83668,2.93,2.18
2011.08.31 01:31:04.181,0.83587,0.83668,2.93,2.18
2011.08.31 01:31:04.292,0.83582,0.83665,2.93,2.18
2011.08.31 01:31:05.555,0.83582,0.83665,2.93,2.18
2011.08.31 01:31:05.974,0.83582,0.83663,2.93,2.18
2011.08.31 01:31:19.500,0.83586,0.83667,2.93,2.18
2011.08.31 01:31:19.609,0.8359,0.83672,2.93,2.18
2011.08.31 01:31:20.392,0.8359,0.83672,2.93,2.18
2011.08.31 01:31:22.902,0.8359,0.83672,2.93,2.18
2011.08.31 01:31:23.010,0.8359,0.83672,2.93,2.18
2011.08.31 01:31:23.619,0.83585,0.83668,2.93,2.18
2011.08.31 01:31:24.671,0.83585,0.83668,2.93,2.18
2011.08.31 01:31:24.852,0.83585,0.83668,2.93,2.18
2011.08.31 01:31:29.681,0.83585,0.83668,2.93,2.18
2011.08.31 01:31:30.951,0.83585,0.83668,2.93,2.18
2011.08.31 01:31:34.130,0.83585,0.83668,2.93,2.18
2011.08.31 01:31:35.676,0.83587,0.83668,2.93,2.18
2011.08.31 01:31:36.266,0.83587,0.8367,2.93,2.93
2011.08.31 01:31:38.261,0.83587,0.8367,2.93,2.93
2011.08.31 01:31:38.600,0.83588,0.83671,2.93,2.18
2011.08.31 01:31:38.822,0.83588,0.83671,2.93,2.18
2011.08.31 01:31:39.051,0.83588,0.83671,2.93,2.18
2011.08.31 01:31:39.470,0.8359,0.83673,2.93,2.93
2011.08.31 01:31:44.513,0.8359,0.83673,2.93,2.18
2011.08.31 01:31:46.159,0.8359,0.83673,2.93,2.93
2011.08.31 01:31:47.989,0.8359,0.83673,2.93,2.18
2011.08.31 01:31:48.678,0.83591,0.83674,2.93,3.53
2011.08.31 01:31:49.853,0.83591,0.83674,2.93,2.78
2011.08.31 01:31:50.510,0.83592,0.83673,2.93,2.18
2011.08.31 01:31:52.598,0.83592,0.83673,2.93,2.78
2011.08.31 01:31:58.703,0.83591,0.83672,2.93,2.78
2011.08.31 01:31:59.140,0.83587,0.8367,2.93,2.18
2011.08.31 01:32:00.783,0.83587,0.8367,2.93,2.18
2011.08.31 01:32:03.120,0.83587,0.8367,2.93,2.18
2011.08.31 01:32:04.500,0.83592,0.83674,2.93,2.78
2011.08.31 01:32:10.274,0.83592,0.83676,2.93,2.78
2011.08.31 01:32:10.662,0.83595,0.83674,2.93,1.35
2011.08.31 01:32:10.971,0.83595,0.83677,2.93,2.78
2011.08.31 01:32:14.271,0.83595,0.83674,2.93,1.35
2011.08.31 01:32:15.721,0.83591,0.83672,2.93,3.53
2011.08.31 01:32:19.010,0.8359,0.83671,2.93,2.93
2011.08.31 01:32:20.011,0.8359,0.83671,2.93,2.18
2011.08.31 01:32:20.890,0.83587,0.8367,2.93,2.18
2011.08.31 01:32:21.000,0.83587,0.83668,2.93,2.18
2011.08.31 01:32:25.491,0.83587,0.83668,2.93,2.18
2011.08.31 01:32:26.220,0.8359,0.83671,2.93,2.18
2011.08.31 01:32:26.813,0.8359,0.83671,2.18,2.93
2011.08.31 01:32:29.496,0.8359,0.83671,2.93,2.18
2011.08.31 01:32:30.170,0.8359,0.83671,2.93,2.93
2011.08.31 01:32:31.275,0.8359,0.83671,2.18,2.93
2011.08.31 01:32:32.531,0.8359,0.83671,2.93,2.93
2011.08.31 01:32:33.351,0.83586,0.83667,3.53,2.18
2011.08.31 01:32:37.492,0.83587,0.83667,1.35,2.78
2011.08.31 01:33:07.780,0.83583,0.83664,1.35,2.18
2011.08.31 01:33:08.256,0.83586,0.83667,2.93,2.18
2011.08.31 01:33:10.362,0.83586,0.83667,2.93,2.18
2011.08.31 01:33:16.930,0.8359,0.83672,2.93,2.78
2011.08.31 01:33:31.695,0.8359,0.83672,2.93,2.78
2011.08.31 01:33:32.412,0.8359,0.83672,2.93,2.78
2011.08.31 01:33:33.512,0.8359,0.83672,2.93,2.78
2011.08.31 01:33:34.887,0.8359,0.83672,2.93,2.78
2011.08.31 01:33:39.250,0.83588,0.8367,2.93,2.78
2011.08.31 01:33:39.360,0.83573,0.83654,2.93,2.78
2011.08.31 01:33:41.233,0.83587,0.83654,1.35,2.78
2011.08.31 01:33:41.561,0.83587,0.83663,1.35,2.78
2011.08.31 01:33:42.299,0.83588,0.8367,2.93,2.78
2011.08.31 01:33:45.684,0.83587,0.83663,1.35,2.18
2011.08.31 01:33:46.911,0.83587,0.83662,1.35,2.18
2011.08.31 01:33:51.281,0.83587,0.83665,1.35,2.93
2011.08.31 01:33:51.569,0.83587,0.83665,1.35,2.93
2011.08.31 01:33:52.180,0.83589,0.83671,2.93,2.78
2011.08.31 01:33:58.072,0.83587,0.83668,1.35,2.78
2011.08.31 01:34:21.994,0.83587,0.83671,3.53,2.78
2011.08.31 01:34:33.852,0.83587,0.83671,3.53,2.78
2011.08.31 01:34:38.084,0.83587,0.83671,3.53,2.78
2011.08.31 01:34:42.381,0.83587,0.83671,2.93,2.18
2011.08.31 01:34:45.621,0.83592,0.83671,1.35,2.18
2011.08.31 01:34:45.731,0.83592,0.83675,1.35,2.18
2011.08.31 01:34:45.840,0.836,0.83686,2.78,2.78
2011.08.31 01:34:47.470,0.836,0.83689,2.18,2.18
2011.08.31 01:34:48.221,0.83619,0.83698,2.18,1.35
2011.08.31 01:34:50.240,0.83619,0.83696,2.18,1.13
2011.08.31 01:34:50.804,0.83612,0.83693,2.93,2.93
2011.08.31 01:34:51.732,0.83612,0.83693,2.93,2.93
2011.08.31 01:34:52.662,0.83612,0.83693,2.18,2.93
2011.08.31 01:34:53.255,0.83612,0.83693,2.18,2.93
2011.08.31 01:34:56.300,0.83612,0.83693,2.18,2.93
2011.08.31 01:35:09.093,0.83612,0.83693,2.93,2.93
2011.08.31 01:35:09.199,0.83612,0.83693,2.93,2.93
2011.08.31 01:35:15.141,0.83612,0.83693,2.18,2.93
2011.08.31 01:35:15.344,0.83601,0.83683,2.18,2.18
2011.08.31 01:35:21.795,0.83597,0.83679,2.18,2.18
2011.08.31 01:35:22.120,0.83593,0.83674,2.18,2.18
2011.08.31 01:35:22.935,0.83601,0.83682,2.18,2.78
2011.08.31 01:35:23.711,0.83601,0.83682,2.93,2.78
2011.08.31 01:35:24.780,0.83602,0.83682,1.35,2.78
2011.08.31 01:35:25.675,0.83607,0.8368,1.35,1.35
2011.08.31 01:35:50.182,0.83606,0.83684,1.35,1.35
2011.08.31 01:35:50.860,0.83611,0.83688,2.18,1.35
2011.08.31 01:35:56.781,0.83611,0.83688,2.93,1.35
2011.08.31 01:36:11.260,0.83612,0.83688,2.93,1.35
2011.08.31 01:36:13.613,0.83612,0.83689,2.93,1.35
2011.08.31 01:36:17.915,0.83616,0.83689,1.35,1.35
2011.08.31 01:36:35.789,0.83608,0.83682,3.53,2.10
2011.08.31 01:36:35.901,0.83608,0.83682,2.78,2.10
2011.08.31 01:36:41.621,0.83607,0.83684,2.18,1.35
2011.08.31 01:36:42.284,0.83609,0.83684,2.18,1.35
2011.08.31 01:36:43.625,0.83609,0.83683,2.93,1.35
2011.08.31 01:36:43.991,0.83609,0.83684,2.18,1.35
2011.08.31 01:36:47.541,0.83601,0.83684,2.18,1.35
2011.08.31 01:36:47.826,0.83596,0.83678,3.53,2.78
2011.08.31 01:36:54.570,0.83594,0.83678,2.93,2.18
2011.08.31 01:36:54.822,0.83601,0.83684,2.18,1.35
2011.08.31 01:36:56.694,0.83593,0.83675,2.93,2.18
2011.08.31 01:36:57.030,0.83593,0.83675,2.93,2.18
2011.08.31 01:36:59.529,0.83593,0.83675,2.93,2.93
2011.08.31 01:37:00.413,0.83593,0.83674,2.93,1.35
2011.08.31 01:37:01.449,0.83601,0.83681,2.93,2.10
2011.08.31 01:37:02.615,0.83601,0.83683,2.93,1.35
2011.08.31 01:37:02.841,0.83613,0.83688,2.18,1.35
2011.08.31 01:37:04.499,0.83604,0.83686,2.18,2.78
2011.08.31 01:37:04.610,0.836,0.83682,2.93,2.78
2011.08.31 01:37:05.850,0.836,0.83682,2.93,2.78
2011.08.31 01:37:06.069,0.83591,0.83673,2.93,2.18
2011.08.31 01:37:06.180,0.83591,0.83673,2.93,2.18
2011.08.31 01:37:08.003,0.83591,0.83673,2.93,2.78
2011.08.31 01:37:10.765,0.83593,0.83675,2.93,2.78
2011.08.31 01:37:11.752,0.83593,0.83674,2.93,1.35
2011.08.31 01:37:25.274,0.83601,0.83674,1.35,1.35
2011.08.31 01:37:26.483,0.83602,0.83686,2.93,2.78
2011.08.31 01:37:27.854,0.83603,0.83687,2.18,2.78
2011.08.31 01:37:28.071,0.83603,0.83687,2.93,2.78
2011.08.31 01:37:30.602,0.83614,0.83688,2.18,1.35
2011.08.31 01:37:30.930,0.83614,0.83694,2.93,1.35
2011.08.31 01:37:31.900,0.83617,0.83693,2.93,1.35
2011.08.31 01:37:32.233,0.83617,0.83693,2.93,1.35
2011.08.31 01:37:33.823,0.83617,0.83689,2.93,1.35
2011.08.31 01:37:35.802,0.83617,0.83688,2.93,1.35
2011.08.31 01:37:40.610,0.83613,0.83688,2.93,1.35
2011.08.31 01:37:43.710,0.83614,0.83688,2.93,1.35
2011.08.31 01:37:43.820,0.83614,0.83688,2.18,1.35
2011.08.31 01:37:43.930,0.83605,0.83683,2.93,1.35
2011.08.31 01:37:50.491,0.8361,0.83688,2.93,1.35
2011.08.31 01:37:51.811,0.8361,0.83684,2.93,1.35
2011.08.31 01:37:56.580,0.83612,0.83688,2.93,1.35
2011.08.31 01:37:57.475,0.83611,0.83688,2.93,1.35
2011.08.31 01:37:59.730,0.83603,0.83684,2.93,1.35
2011.08.31 01:38:11.961,0.83603,0.83683,2.93,1.35
2011.08.31 01:38:12.538,0.83603,0.8368,2.93,1.35
2011.08.31 01:38:14.991,0.83599,0.83679,2.93,1.35
2011.08.31 01:38:16.861,0.83599,0.83676,2.93,1.35
2011.08.31 01:38:17.083,0.83599,0.83678,2.93,1.35
2011.08.31 01:38:17.631,0.83586,0.83667,1.35,2.10
2011.08.31 01:38:17.740,0.83586,0.83667,1.35,2.10
2011.08.31 01:38:18.243,0.83586,0.83667,1.35,2.10
2011.08.31 01:38:19.961,0.83597,0.83663,1.35,1.35
2011.08.31 01:38:20.713,0.83598,0.83673,1.35,5.03
2011.08.31 01:38:25.492,0.83595,0.83678,2.93,2.78
2011.08.31 01:38:26.619,0.836,0.83679,2.93,1.35
2011.08.31 01:38:27.695,0.836,0.83679,2.93,1.35
2011.08.31 01:38:29.510,0.836,0.83679,2.93,1.35
2011.08.31 01:38:30.503,0.83595,0.83671,2.93,1.35
2011.08.31 01:38:31.053,0.83595,0.83673,2.93,1.35
2011.08.31 01:38:31.840,0.83595,0.83671,2.93,1.35
2011.08.31 01:38:33.193,0.83595,0.83671,2.93,1.35
2011.08.31 01:38:34.286,0.83595,0.83671,2.93,1.35
2011.08.31 01:38:35.825,0.83595,0.83671,2.93,1.35
2011.08.31 01:38:38.253,0.83595,0.83665,2.93,2.10
2011.08.31 01:38:40.668,0.83595,0.83665,2.93,2.10
2011.08.31 01:38:40.782,0.83595,0.83665,2.93,2.10
2011.08.31 01:38:45.734,0.83596,0.83668,2.93,1.35
2011.08.31 01:38:48.693,0.83594,0.83673,2.93,1.35
2011.08.31 01:38:49.240,0.83592,0.83673,2.93,2.78
2011.08.31 01:38:49.414,0.83592,0.83673,2.93,2.78
2011.08.31 01:38:54.292,0.83592,0.83673,2.93,2.78
2011.08.31 01:38:57.154,0.83595,0.83676,2.93,2.18
2011.08.31 01:39:02.250,0.83592,0.83675,2.93,2.18
2011.08.31 01:39:04.861,0.83588,0.83671,2.93,2.18
2011.08.31 01:39:05.080,0.83588,0.83671,2.93,2.18
2011.08.31 01:39:06.130,0.8359,0.83673,2.93,3.53
2011.08.31 01:39:06.240,0.8359,0.83673,2.93,3.53
2011.08.31 01:39:06.765,0.8359,0.83673,2.93,3.53
2011.08.31 01:39:07.100,0.8359,0.83673,2.93,2.93
2011.08.31 01:39:09.855,0.83595,0.83678,2.93,3.53
2011.08.31 01:39:12.824,0.83597,0.83678,2.93,3.53
2011.08.31 01:39:13.252,0.83592,0.83673,2.93,2.78
2011.08.31 01:39:13.719,0.83593,0.83672,2.93,1.35
2011.08.31 01:39:14.317,0.83588,0.83671,2.93,2.93
2011.08.31 01:39:17.160,0.83589,0.8367,2.93,2.93
2011.08.31 01:39:21.362,0.83596,0.83672,2.18,1.35
2011.08.31 01:39:21.960,0.8359,0.83671,2.93,2.93
2011.08.31 01:39:22.394,0.8359,0.83668,2.93,1.35
2011.08.31 01:39:25.184,0.83591,0.83664,2.93,1.35
2011.08.31 01:39:32.441,0.8359,0.83668,2.93,1.35
2011.08.31 01:39:33.175,0.83588,0.83669,2.93,2.10
2011.08.31 01:39:33.442,0.83588,0.83669,2.93,2.10
2011.08.31 01:39:33.770,0.83589,0.83669,2.93,2.10
2011.08.31 01:39:35.641,0.83589,0.83669,2.93,2.10
2011.08.31 01:39:36.302,0.83589,0.83669,2.93,2.10
2011.08.31 01:39:44.772,0.83589,0.83669,2.93,2.85
2011.08.31 01:39:57.856,0.83589,0.83669,2.93,2.85
2011.08.31 01:40:00.390,0.83589,0.83669,2.93,1.35
2011.08.31 01:40:00.502,0.83593,0.83676,2.93,2.78
2011.08.31 01:40:02.080,0.83593,0.83676,2.18,2.78
2011.08.31 01:40:02.206,0.83593,0.83676,2.93,2.78
2011.08.31 01:40:05.984,0.83594,0.83677,2.93,2.78
2011.08.31 01:40:06.220,0.83593,0.83676,2.93,2.78
2011.08.31 01:40:18.300,0.83594,0.83677,2.93,2.78
2011.08.31 01:40:22.689,0.83594,0.83677,2.93,2.78
2011.08.31 01:40:37.451,0.8359,0.83669,2.93,1.35
2011.08.31 01:40:41.582,0.8359,0.83669,2.93,1.35
2011.08.31 01:40:42.171,0.8359,0.83669,2.93,1.35
2011.08.31 01:40:42.390,0.8359,0.83669,2.93,1.35
2011.08.31 01:40:42.761,0.8359,0.83669,2.93,1.35
2011.08.31 01:40:42.963,0.8359,0.83669,2.93,1.35
2011.08.31 01:40:44.941,0.83596,0.83669,2.18,1.35
2011.08.31 01:40:45.494,0.83595,0.83669,2.18,1.35
2011.08.31 01:40:45.920,0.83594,0.83669,2.93,1.35
2011.08.31 01:40:47.241,0.83598,0.83669,2.18,1.35
2011.08.31 01:40:47.571,0.83591,0.83669,2.93,1.35
2011.08.31 01:40:47.900,0.83594,0.83669,2.93,1.35
2011.08.31 01:40:48.013,0.83594,0.83669,2.93,1.35
2011.08.31 01:40:48.121,0.83604,0.83684,2.18,1.35
2011.08.31 01:40:48.370,0.83604,0.83686,2.18,2.93
2011.08.31 01:40:48.481,0.83604,0.83686,2.18,2.18
2011.08.31 01:40:48.594,0.8361,0.83695,2.18,2.18
2011.08.31 01:40:48.702,0.83612,0.83698,2.18,2.18
2011.08.31 01:40:48.811,0.83614,0.83717,2.18,2.18
2011.08.31 01:40:49.030,0.83614,0.83727,2.18,2.18
2011.08.31 01:40:49.252,0.83615,0.83729,2.18,2.93
2011.08.31 01:40:49.953,0.83614,0.83729,2.18,2.93
2011.08.31 01:40:51.430,0.83614,0.83729,2.18,2.93
2011.08.31 01:40:51.805,0.83632,0.83731,2.18,2.18
2011.08.31 01:40:52.031,0.83633,0.83736,2.18,2.93
2011.08.31 01:40:53.461,0.83633,0.83736,2.18,2.93
2011.08.31 01:40:54.671,0.83632,0.83735,2.18,2.93
2011.08.31 01:40:55.835,0.83632,0.83735,2.18,2.93
2011.08.31 01:40:58.349,0.83632,0.83735,2.18,2.93
2011.08.31 01:40:58.690,0.83626,0.83709,2.18,2.18
2011.08.31 01:41:00.932,0.83626,0.83709,2.18,2.93
2011.08.31 01:41:01.513,0.83625,0.83707,2.18,2.18
2011.08.31 01:41:02.754,0.83625,0.83707,2.18,2.93
2011.08.31 01:41:04.060,0.83625,0.83707,2.18,2.93
2011.08.31 01:41:04.414,0.83625,0.83707,2.18,2.18
2011.08.31 01:41:10.869,0.83623,0.83707,2.18,2.18
2011.08.31 01:41:11.203,0.83622,0.83704,2.18,2.18
2011.08.31 01:41:11.313,0.8362,0.83704,2.18,2.18
2011.08.31 01:41:11.429,0.83626,0.83707,2.18,2.18
2011.08.31 01:41:11.541,0.83623,0.83706,2.18,2.18
2011.08.31 01:41:11.651,0.83625,0.83706,2.18,2.18
2011.08.31 01:41:18.140,0.83622,0.83703,2.18,2.18
2011.08.31 01:41:24.072,0.83617,0.83699,2.18,2.18
2011.08.31 01:41:24.401,0.83621,0.83704,2.18,2.93
2011.08.31 01:41:25.579,0.8362,0.83701,2.18,2.18
2011.08.31 01:41:26.343,0.8362,0.83701,2.18,2.93
2011.08.31 01:41:29.771,0.83615,0.83699,2.18,2.93
2011.08.31 01:41:31.092,0.83618,0.83699,2.18,2.93
2011.08.31 01:41:33.229,0.83618,0.83698,2.78,1.35
2011.08.31 01:41:34.203,0.83627,0.83708,2.18,2.93
2011.08.31 01:41:34.312,0.83627,0.83717,2.18,2.93
2011.08.31 01:41:34.421,0.83627,0.83717,2.18,2.18
2011.08.31 01:41:39.280,0.83628,0.83709,2.18,2.18
2011.08.31 01:41:41.791,0.83628,0.83709,2.18,2.93
2011.08.31 01:41:42.322,0.83628,0.83716,2.18,2.18
2011.08.31 01:41:43.644,0.83629,0.83717,2.18,2.18
2011.08.31 01:41:47.889,0.83628,0.83716,2.18,2.18
2011.08.31 01:41:48.746,0.83627,0.83716,2.18,2.18
2011.08.31 01:41:51.453,0.83628,0.83714,2.18,2.18
2011.08.31 01:41:52.096,0.83628,0.83713,2.18,2.18
2011.08.31 01:41:53.755,0.83628,0.83712,2.18,2.18
2011.08.31 01:42:03.791,0.83624,0.83708,2.18,2.18
2011.08.31 01:42:06.876,0.83623,0.83711,2.18,2.18
2011.08.31 01:42:07.284,0.83625,0.83711,2.18,2.18
2011.08.31 01:42:07.832,0.83626,0.8371,2.18,2.18
2011.08.31 01:42:15.821,0.83625,0.83713,2.18,2.18
2011.08.31 01:42:16.501,0.83626,0.83713,2.18,2.18
2011.08.31 01:42:18.683,0.83627,0.83714,2.18,2.93
2011.08.31 01:42:20.829,0.83623,0.83714,2.18,2.93
2011.08.31 01:42:21.053,0.83624,0.83711,2.18,2.18
2011.08.31 01:42:22.155,0.83623,0.83711,2.18,2.18
2011.08.31 01:42:23.270,0.8362,0.83702,2.18,2.18
2011.08.31 01:42:30.291,0.83617,0.83701,2.18,2.18
2011.08.31 01:42:37.983,0.83608,0.83694,2.18,2.18
2011.08.31 01:42:38.200,0.83603,0.83694,2.18,2.18
2011.08.31 01:42:39.803,0.83625,0.83707,2.18,2.93
2011.08.31 01:42:40.744,0.83625,0.83707,2.18,2.18
2011.08.31 01:42:41.965,0.83625,0.83707,2.18,2.93
2011.08.31 01:42:42.505,0.83625,0.83707,2.18,2.93
2011.08.31 01:42:45.081,0.83625,0.83707,2.18,2.18
2011.08.31 01:42:45.192,0.83627,0.8371,2.18,2.93
2011.08.31 01:42:45.646,0.83627,0.83707,2.18,2.10
2011.08.31 01:42:45.763,0.83627,0.83709,2.18,1.35
2011.08.31 01:42:45.982,0.83635,0.83709,2.18,1.35
2011.08.31 01:42:46.535,0.83635,0.83713,2.18,1.35
2011.08.31 01:42:47.123,0.83635,0.8371,2.93,1.35
2011.08.31 01:42:48.772,0.83635,0.8371,2.93,1.35
2011.08.31 01:42:52.787,0.83633,0.8371,2.93,1.35
2011.08.31 01:42:53.447,0.83633,0.8371,2.93,1.35
2011.08.31 01:43:00.040,0.83633,0.8371,2.93,1.35
2011.08.31 01:43:04.821,0.83627,0.83708,2.18,2.93
2011.08.31 01:43:05.321,0.83627,0.83704,2.18,1.35
2011.08.31 01:43:06.314,0.83623,0.83704,2.18,1.35
2011.08.31 01:43:07.219,0.83623,0.83705,2.18,1.35
2011.08.31 01:43:07.976,0.83625,0.83705,2.18,1.35
2011.08.31 01:43:08.907,0.83625,0.83707,2.18,2.78
2011.08.31 01:43:09.763,0.83623,0.83707,2.18,2.78
2011.08.31 01:43:10.346,0.83623,0.83705,2.18,3.53
2011.08.31 01:43:11.906,0.83623,0.83705,2.18,3.53
2011.08.31 01:43:12.021,0.83627,0.83705,2.18,1.35
2011.08.31 01:43:12.167,0.83627,0.83705,2.18,1.35
2011.08.31 01:43:13.521,0.83624,0.83705,2.18,1.35
2011.08.31 01:43:16.597,0.83609,0.83693,2.93,2.18
2011.08.31 01:43:16.711,0.83609,0.83693,2.18,2.78
2011.08.31 01:43:16.824,0.83603,0.83688,2.18,2.18
2011.08.31 01:43:17.966,0.83603,0.83689,2.18,2.18
2011.08.31 01:43:18.653,0.83602,0.83689,2.18,2.18
2011.08.31 01:43:18.981,0.83625,0.83707,2.18,2.93
2011.08.31 01:43:19.200,0.83623,0.83707,2.18,2.93
2011.08.31 01:43:20.529,0.83623,0.83696,2.78,1.35
2011.08.31 01:43:21.133,0.83623,0.83696,2.78,1.35
2011.08.31 01:43:21.629,0.83623,0.83687,2.18,2.10
2011.08.31 01:43:21.852,0.8361,0.83687,1.35,2.10
2011.08.31 01:43:22.400,0.83602,0.83683,2.78,3.53
2011.08.31 01:43:22.623,0.83602,0.83683,2.18,2.93
2011.08.31 01:43:22.976,0.83604,0.8369,2.18,2.93
2011.08.31 01:43:23.491,0.83604,0.8369,2.18,2.18
2011.08.31 01:43:23.777,0.83619,0.83696,2.18,2.10
2011.08.31 01:43:31.556,0.83619,0.83703,2.18,2.18
2011.08.31 01:43:41.281,0.83618,0.837,2.18,2.18
2011.08.31 01:43:41.391,0.83615,0.83698,2.18,2.18
2011.08.31 01:43:42.644,0.83623,0.83705,2.18,2.93
2011.08.31 01:43:42.751,0.83618,0.83702,2.18,2.18
2011.08.31 01:43:42.860,0.83618,0.83702,2.18,2.93
2011.08.31 01:43:43.190,0.8362,0.83702,2.18,2.18
2011.08.31 01:43:46.624,0.83622,0.83706,2.18,2.93
2011.08.31 01:43:46.955,0.83622,0.83706,2.18,2.93
2011.08.31 01:43:47.070,0.83622,0.83706,2.18,2.93
2011.08.31 01:43:48.157,0.83619,0.83701,2.18,2.18
2011.08.31 01:43:51.226,0.83619,0.83703,2.18,2.93
2011.08.31 01:43:55.639,0.83618,0.837,2.18,2.18
2011.08.31 01:43:55.978,0.83618,0.83702,2.18,2.18
2011.08.31 01:43:56.092,0.83608,0.83698,2.18,2.18
2011.08.31 01:43:56.200,0.83592,0.83697,2.18,2.18
2011.08.31 01:43:56.420,0.83594,0.83696,2.18,2.18
2011.08.31 01:43:56.747,0.83594,0.83694,2.18,2.18
2011.08.31 01:43:58.661,0.83613,0.83698,2.18,2.18
2011.08.31 01:43:59.021,0.83605,0.83687,2.18,2.18
2011.08.31 01:43:59.262,0.83605,0.83689,2.18,2.18
2011.08.31 01:43:59.370,0.83605,0.83687,2.18,2.18
2011.08.31 01:44:03.191,0.83606,0.83691,2.18,2.18
2011.08.31 01:44:03.933,0.83608,0.83694,2.18,2.18
2011.08.31 01:44:04.883,0.8361,0.83695,2.18,2.18
2011.08.31 01:44:05.712,0.83609,0.83693,2.18,2.18
2011.08.31 01:44:09.484,0.8361,0.83695,2.18,2.18
2011.08.31 01:44:09.623,0.83611,0.83693,2.18,2.18
2011.08.31 01:44:10.484,0.83611,0.83694,2.18,2.18
2011.08.31 01:44:11.396,0.83611,0.83695,2.18,2.18
2011.08.31 01:44:12.036,0.83613,0.83695,2.18,2.18
2011.08.31 01:44:14.521,0.83613,0.83697,2.18,2.18
2011.08.31 01:44:14.631,0.83614,0.837,2.18,2.93
2011.08.31 01:44:14.917,0.83605,0.83689,2.18,2.18
2011.08.31 01:44:15.253,0.83605,0.83687,2.18,2.18
2011.08.31 01:44:15.796,0.83608,0.8369,2.18,2.18
2011.08.31 01:44:16.115,0.83607,0.83692,2.18,2.18
2011.08.31 01:44:17.384,0.83609,0.83695,2.18,2.18
2011.08.31 01:44:18.353,0.83609,0.83696,2.18,2.18
2011.08.31 01:44:21.400,0.83609,0.83697,2.18,2.18
2011.08.31 01:44:21.512,0.83608,0.83699,2.18,2.18
2011.08.31 01:44:21.620,0.83604,0.83688,2.18,2.18
2011.08.31 01:44:23.574,0.83606,0.83688,2.18,2.18
2011.08.31 01:44:33.694,0.83605,0.83687,2.18,2.18
2011.08.31 01:44:37.334,0.83606,0.83688,2.18,2.18
2011.08.31 01:44:38.482,0.83607,0.83689,2.18,2.18
2011.08.31 01:44:41.350,0.83605,0.83687,2.93,2.18
2011.08.31 01:44:41.571,0.83602,0.83686,2.18,2.18
2011.08.31 01:44:42.652,0.83604,0.83686,2.18,2.18
2011.08.31 01:44:43.311,0.83603,0.83685,2.18,2.18
2011.08.31 01:44:45.168,0.83604,0.83686,2.18,2.18
2011.08.31 01:44:45.732,0.83605,0.83687,2.18,2.18
2011.08.31 01:44:50.205,0.83607,0.83689,2.18,2.93
2011.08.31 01:44:52.187,0.83613,0.83692,2.18,1.35
2011.08.31 01:44:52.301,0.83613,0.83693,2.18,1.35
2011.08.31 01:44:54.224,0.83611,0.83693,2.93,1.35
2011.08.31 01:44:55.685,0.83612,0.83694,2.93,2.78
2011.08.31 01:44:59.621,0.83613,0.83697,2.93,2.78
2011.08.31 01:45:02.774,0.83613,0.83694,2.93,1.35
2011.08.31 01:45:13.334,0.83612,0.83694,2.93,2.78
2011.08.31 01:45:19.871,0.83622,0.83699,2.18,1.35
2011.08.31 01:45:20.497,0.83622,0.83699,2.18,1.35
2011.08.31 01:45:21.115,0.83622,0.83698,2.93,1.35
2011.08.31 01:45:23.756,0.83622,0.83699,2.93,1.35
2011.08.31 01:45:26.121,0.83632,0.83706,2.78,2.10
2011.08.31 01:45:27.055,0.83633,0.83706,2.18,2.10
2011.08.31 01:45:27.643,0.83633,0.83714,2.18,2.78
2011.08.31 01:45:36.461,0.83633,0.83714,2.93,2.78
2011.08.31 01:45:36.640,0.83633,0.83714,2.18,3.53
2011.08.31 01:45:43.061,0.83633,0.83714,2.18,2.18
2011.08.31 01:45:43.282,0.8364,0.83723,2.18,2.93
2011.08.31 01:45:45.007,0.8364,0.83723,2.18,2.93
2011.08.31 01:45:47.101,0.8364,0.83721,2.18,2.18
2011.08.31 01:45:48.340,0.83642,0.83723,2.18,2.93
2011.08.31 01:45:55.710,0.83641,0.83722,2.18,2.18
2011.08.31 01:45:55.931,0.83641,0.83724,2.18,2.18
2011.08.31 01:45:57.157,0.83642,0.83725,2.18,2.18
2011.08.31 01:45:57.803,0.83641,0.83724,2.18,2.18
2011.08.31 01:46:02.311,0.83643,0.83724,2.18,2.18
2011.08.31 01:46:04.823,0.83643,0.83726,2.18,2.78
2011.08.31 01:46:06.271,0.83642,0.83723,2.18,2.18
2011.08.31 01:46:06.390,0.83642,0.83725,2.18,2.18
2011.08.31 01:46:10.214,0.83644,0.83725,2.18,2.18
2011.08.31 01:46:13.776,0.83644,0.83725,2.18,2.93
2011.08.31 01:46:15.314,0.83644,0.83725,2.18,2.18
2011.08.31 01:46:16.111,0.8364,0.83721,2.18,2.18
2011.08.31 01:46:29.166,0.8364,0.83721,2.18,2.93
2011.08.31 01:46:29.442,0.8364,0.83721,2.18,2.18
2011.08.31 01:46:31.001,0.8364,0.83721,2.18,2.93
2011.08.31 01:46:31.545,0.83639,0.8372,2.18,2.93
2011.08.31 01:46:33.201,0.8364,0.83721,2.18,2.93
2011.08.31 01:46:34.112,0.83648,0.83726,2.18,1.35
2011.08.31 01:46:34.713,0.83649,0.83726,2.18,1.35
2011.08.31 01:46:35.724,0.83648,0.83726,2.18,1.35
2011.08.31 01:46:37.295,0.83647,0.83726,2.93,1.35
2011.08.31 01:46:37.772,0.83647,0.83726,2.93,1.35
2011.08.31 01:46:39.022,0.83647,0.83718,2.93,1.35
2011.08.31 01:46:39.362,0.83639,0.83718,2.78,1.35
2011.08.31 01:46:39.802,0.83627,0.83712,2.78,2.18
2011.08.31 01:46:40.021,0.83633,0.83715,2.78,2.78
2011.08.31 01:46:40.132,0.83632,0.83715,2.18,2.78
2011.08.31 01:46:40.353,0.8363,0.83711,2.18,2.78
2011.08.31 01:46:40.571,0.83628,0.83709,2.18,2.18
2011.08.31 01:46:40.681,0.83615,0.83709,2.18,2.18
2011.08.31 01:46:40.791,0.83614,0.83707,2.18,2.18
2011.08.31 01:46:42.444,0.83636,0.83717,2.18,2.93
2011.08.31 01:46:42.772,0.83638,0.83719,2.18,2.93
2011.08.31 01:46:42.880,0.83638,0.83719,2.18,2.93
2011.08.31 01:46:43.771,0.83636,0.83717,2.18,2.93
2011.08.31 01:46:43.880,0.83634,0.83717,2.18,2.93
2011.08.31 01:46:45.705,0.83634,0.83717,2.18,2.18
2011.08.31 01:46:47.680,0.83635,0.83718,2.18,2.18
2011.08.31 01:46:50.042,0.83637,0.8372,2.18,2.18
2011.08.31 01:46:50.372,0.83635,0.83718,2.18,2.18
2011.08.31 01:46:50.702,0.83648,0.83724,2.18,1.35
2011.08.31 01:46:50.813,0.83648,0.83724,2.18,1.35
2011.08.31 01:46:50.923,0.83643,0.83724,2.18,1.35
2011.08.31 01:46:51.905,0.83644,0.83725,2.18,3.53
2011.08.31 01:46:52.802,0.83644,0.83725,2.93,3.53
2011.08.31 01:47:00.147,0.83635,0.83718,2.93,2.18
2011.08.31 01:47:00.262,0.83635,0.83718,2.18,2.18
2011.08.31 01:47:00.370,0.83637,0.83718,2.18,2.18
2011.08.31 01:47:01.032,0.83636,0.83717,2.18,2.18
2011.08.31 01:47:07.820,0.83636,0.83717,2.18,2.93
2011.08.31 01:47:08.952,0.83628,0.83709,2.18,2.18
2011.08.31 01:47:09.482,0.83628,0.83709,2.18,2.93
2011.08.31 01:47:10.164,0.83628,0.83708,2.18,1.35
2011.08.31 01:47:10.678,0.83629,0.83708,2.93,1.35
2011.08.31 01:47:10.795,0.83629,0.83708,2.18,1.35
2011.08.31 01:47:10.911,0.83625,0.83707,2.93,2.78
2011.08.31 01:47:11.021,0.83625,0.83707,2.93,2.78
2011.08.31 01:47:11.663,0.8363,0.83703,2.18,1.35
2011.08.31 01:47:12.922,0.8363,0.83708,2.93,1.35
2011.08.31 01:47:13.461,0.8363,0.83713,2.93,2.93
2011.08.31 01:47:13.790,0.83634,0.83715,2.18,3.53
2011.08.31 01:47:13.901,0.83632,0.83715,2.93,3.53
2011.08.31 01:47:17.274,0.83632,0.83715,2.93,3.53
2011.08.31 01:47:19.405,0.83634,0.83715,2.18,1.35
2011.08.31 01:47:23.871,0.83637,0.83715,2.18,1.35
2011.08.31 01:47:23.983,0.83637,0.83718,2.18,2.18
2011.08.31 01:47:24.511,0.83636,0.8372,2.18,2.93
2011.08.31 01:47:32.713,0.83639,0.8372,2.18,2.93
2011.08.31 01:47:34.101,0.8364,0.83721,2.18,2.93
2011.08.31 01:47:35.022,0.8364,0.83721,2.18,2.93
2011.08.31 01:47:37.116,0.8364,0.83721,2.18,2.18
2011.08.31 01:47:38.343,0.83637,0.8372,2.18,2.18
2011.08.31 01:47:40.062,0.83637,0.8372,2.18,2.93
2011.08.31 01:47:44.661,0.83639,0.8372,2.18,2.93
2011.08.31 01:47:46.265,0.83637,0.8372,2.18,2.18
2011.08.31 01:47:48.762,0.83637,0.8372,2.18,2.93
2011.08.31 01:47:50.710,0.83637,0.8372,2.18,2.93
2011.08.31 01:47:52.471,0.83637,0.8372,2.18,2.93
2011.08.31 01:47:52.583,0.83632,0.83716,2.18,2.93
2011.08.31 01:47:54.571,0.83629,0.83713,2.18,2.93
2011.08.31 01:47:54.842,0.83629,0.83713,2.18,2.93
2011.08.31 01:47:55.502,0.83627,0.83709,2.18,2.93
2011.08.31 01:47:55.870,0.83627,0.83709,2.93,2.93
2011.08.31 01:47:58.851,0.83627,0.83709,2.18,2.93
2011.08.31 01:47:59.462,0.83625,0.83709,2.93,2.93
2011.08.31 01:48:04.702,0.83622,0.83706,2.93,2.93
2011.08.31 01:48:05.512,0.83631,0.8371,2.18,1.13
2011.08.31 01:48:05.622,0.83631,0.83708,2.18,1.35
2011.08.31 01:48:05.842,0.83631,0.83698,2.18,1.35
2011.08.31 01:48:05.951,0.83623,0.83698,2.93,1.35
2011.08.31 01:48:21.511,0.83623,0.83699,2.93,1.35
2011.08.31 01:48:22.584,0.83625,0.83698,2.93,1.35
2011.08.31 01:48:22.801,0.8363,0.83698,2.18,1.35
2011.08.31 01:48:22.911,0.8363,0.83712,2.18,1.35
2011.08.31 01:48:24.905,0.8363,0.83712,2.18,1.35
2011.08.31 01:48:25.132,0.83634,0.83712,2.18,1.35
2011.08.31 01:48:28.306,0.83635,0.83712,2.18,1.35
2011.08.31 01:48:30.425,0.83634,0.83712,2.18,1.35
2011.08.31 01:48:30.771,0.83636,0.83712,2.18,1.35
2011.08.31 01:48:30.883,0.83633,0.83714,2.18,1.35
2011.08.31 01:48:35.492,0.83633,0.83712,2.18,1.35
2011.08.31 01:48:35.601,0.8363,0.83712,2.18,1.35
2011.08.31 01:48:35.872,0.8363,0.83714,2.18,3.53
2011.08.31 01:48:36.153,0.83634,0.83714,2.18,1.35
2011.08.31 01:48:38.014,0.83634,0.83712,2.18,1.35
2011.08.31 01:48:38.197,0.83634,0.83713,2.18,1.35
2011.08.31 01:48:39.233,0.83634,0.83712,2.18,1.35
2011.08.31 01:48:42.253,0.83634,0.83713,2.18,1.35
2011.08.31 01:48:43.954,0.83636,0.83713,2.18,1.35
2011.08.31 01:48:45.172,0.83636,0.83712,2.18,1.35
2011.08.31 01:48:51.993,0.83636,0.83713,2.18,1.35
2011.08.31 01:48:53.791,0.83636,0.83712,2.18,1.35
2011.08.31 01:48:55.140,0.83636,0.83714,2.18,1.35
2011.08.31 01:48:55.287,0.83633,0.83714,2.18,1.35
2011.08.31 01:48:55.421,0.83629,0.83713,2.18,2.78
2011.08.31 01:48:56.787,0.83629,0.83712,2.18,1.35
2011.08.31 01:48:57.386,0.83629,0.83713,2.18,3.53
2011.08.31 01:48:57.921,0.8363,0.83713,2.18,1.35
2011.08.31 01:49:00.821,0.83632,0.83714,2.18,3.53
2011.08.31 01:49:06.921,0.83632,0.83712,2.18,1.35
2011.08.31 01:49:16.734,0.8363,0.83712,2.18,1.35
2011.08.31 01:49:17.982,0.83631,0.83712,2.18,1.35
2011.08.31 01:49:25.730,0.83631,0.83715,2.18,2.93
2011.08.31 01:49:32.832,0.83631,0.83715,2.18,2.93
2011.08.31 01:49:33.250,0.8363,0.83712,2.18,2.93
2011.08.31 01:49:36.843,0.8363,0.83712,2.18,2.93
2011.08.31 01:49:40.200,0.8363,0.83708,2.18,1.13
2011.08.31 01:49:40.310,0.83622,0.83703,2.18,2.18
2011.08.31 01:49:40.533,0.83619,0.837,2.18,2.18
2011.08.31 01:49:41.042,0.8362,0.83701,2.18,2.18
2011.08.31 01:49:42.113,0.83623,0.83706,2.18,2.93
2011.08.31 01:49:42.880,0.83628,0.8371,2.18,2.93
2011.08.31 01:49:43.761,0.83628,0.8371,2.18,2.93
2011.08.31 01:49:43.870,0.83625,0.83709,2.18,2.93
2011.08.31 01:49:46.854,0.83625,0.83709,2.18,2.93
2011.08.31 01:49:46.961,0.83625,0.83708,2.18,1.13
2011.08.31 01:49:47.070,0.83622,0.83703,2.93,2.93
2011.08.31 01:49:47.180,0.83623,0.83704,2.93,2.93
2011.08.31 01:49:48.173,0.83623,0.83704,2.18,2.93
2011.08.31 01:49:50.014,0.83627,0.83709,2.18,2.93
2011.08.31 01:49:51.491,0.83622,0.83705,2.93,2.93
2011.08.31 01:49:51.606,0.83619,0.837,2.93,2.18
2011.08.31 01:49:51.722,0.83619,0.837,2.18,2.93
2011.08.31 01:49:51.913,0.83619,0.837,2.93,2.18
2011.08.31 01:49:53.663,0.83619,0.837,2.18,2.93
2011.08.31 01:49:55.086,0.83619,0.837,2.18,2.93
2011.08.31 01:49:56.495,0.83619,0.837,2.18,2.93
2011.08.31 01:49:58.161,0.83619,0.837,2.18,2.93
2011.08.31 01:50:00.175,0.83619,0.837,2.18,2.93
2011.08.31 01:50:01.285,0.83618,0.83701,2.18,2.93
2011.08.31 01:50:04.610,0.83617,0.837,2.93,2.93
2011.08.31 01:50:05.128,0.8362,0.83701,2.18,2.93
2011.08.31 01:50:08.850,0.83624,0.83706,2.18,2.93
2011.08.31 01:50:09.290,0.8362,0.83703,2.18,2.93
2011.08.31 01:50:11.156,0.83623,0.83707,2.18,2.93
2011.08.31 01:50:13.363,0.83621,0.83702,2.18,2.93
2011.08.31 01:50:23.924,0.83622,0.83704,2.18,2.93
2011.08.31 01:50:31.983,0.83621,0.83702,2.18,2.93
2011.08.31 01:50:32.491,0.83623,0.83707,2.18,2.93
2011.08.31 01:50:32.711,0.83621,0.83705,2.18,2.93
2011.08.31 01:50:34.125,0.83621,0.83705,2.18,2.93
2011.08.31 01:50:34.703,0.83621,0.83702,2.18,2.93
2011.08.31 01:50:37.353,0.8362,0.83703,2.18,2.93
2011.08.31 01:50:39.993,0.83622,0.83706,2.18,2.93
2011.08.31 01:50:40.322,0.83625,0.83707,2.18,2.93
2011.08.31 01:50:40.545,0.83623,0.83707,2.18,2.93
2011.08.31 01:50:41.853,0.83621,0.83702,2.18,2.93
2011.08.31 01:50:42.308,0.83623,0.83705,2.18,2.93
2011.08.31 01:50:42.635,0.8362,0.83703,2.18,2.93
2011.08.31 01:50:42.895,0.8362,0.83703,2.18,2.93
2011.08.31 01:50:43.012,0.83617,0.83698,2.18,2.93
2011.08.31 01:50:44.797,0.83617,0.83698,2.18,2.93
2011.08.31 01:50:48.842,0.83617,0.83698,2.18,2.93
2011.08.31 01:50:55.192,0.83619,0.83702,2.18,2.93
2011.08.31 01:50:55.392,0.83616,0.83699,2.18,2.93
2011.08.31 01:50:56.389,0.83621,0.83702,2.18,2.93
2011.08.31 01:50:56.920,0.83618,0.83699,2.18,2.93
2011.08.31 01:50:57.592,0.83617,0.83698,2.18,2.93
2011.08.31 01:51:00.013,0.83616,0.83699,2.18,2.93
2011.08.31 01:51:00.563,0.83617,0.837,2.18,2.93
2011.08.31 01:51:05.172,0.83618,0.83699,2.18,2.93
2011.08.31 01:51:07.162,0.83616,0.83699,2.18,2.93
2011.08.31 01:51:11.123,0.83617,0.837,2.18,2.93
2011.08.31 01:51:11.450,0.8362,0.83701,2.18,2.93
2011.08.31 01:51:11.671,0.83616,0.83699,2.18,2.93
2011.08.31 01:51:13.211,0.8362,0.83703,2.18,2.93
2011.08.31 01:51:13.438,0.83617,0.83698,2.18,2.93
2011.08.31 01:51:19.704,0.83618,0.83701,2.18,2.93
2011.08.31 01:51:19.981,0.83618,0.83701,2.18,2.93
2011.08.31 01:51:20.516,0.83623,0.83706,2.18,2.93
2011.08.31 01:51:21.243,0.83623,0.83704,2.18,2.93
2011.08.31 01:51:22.393,0.83623,0.83704,2.18,2.93
2011.08.31 01:51:24.292,0.83621,0.83704,2.18,2.93
2011.08.31 01:51:31.513,0.83621,0.83704,2.18,2.93
2011.08.31 01:51:31.621,0.83623,0.83704,2.18,2.93
2011.08.31 01:51:33.428,0.83625,0.83706,2.18,2.93
2011.08.31 01:51:35.516,0.83622,0.83705,2.18,2.93
2011.08.31 01:51:36.238,0.83622,0.83703,2.18,2.93
2011.08.31 01:51:49.081,0.83616,0.83699,2.18,2.93
2011.08.31 01:51:51.354,0.83619,0.837,2.18,2.93
2011.08.31 01:51:53.501,0.83619,0.837,2.18,2.93
2011.08.31 01:51:53.611,0.83624,0.83705,2.18,2.93
2011.08.31 01:51:54.491,0.83622,0.83705,2.18,2.93
2011.08.31 01:51:54.601,0.83621,0.83704,2.18,2.93
2011.08.31 01:51:55.163,0.8362,0.83703,2.18,2.93
2011.08.31 01:51:56.857,0.83622,0.83703,2.18,2.93
2011.08.31 01:52:02.508,0.83622,0.83703,2.18,2.93
2011.08.31 01:52:05.654,0.8362,0.83703,2.18,2.93
2011.08.31 01:52:06.704,0.8362,0.83703,2.18,2.93
2011.08.31 01:52:06.810,0.8362,0.83701,2.18,2.93
2011.08.31 01:52:09.875,0.83616,0.83699,2.18,2.93
2011.08.31 01:52:10.980,0.83619,0.83702,2.18,2.93
2011.08.31 01:52:11.488,0.83616,0.83699,2.18,2.93
2011.08.31 01:52:11.980,0.83619,0.83702,2.18,2.93
2011.08.31 01:52:13.380,0.83616,0.83699,2.18,2.93
2011.08.31 01:52:14.718,0.83616,0.83699,2.18,2.93
2011.08.31 01:52:14.830,0.8362,0.83701,2.18,2.93
2011.08.31 01:52:20.272,0.8362,0.83703,2.18,2.93
2011.08.31 01:52:21.758,0.8362,0.83703,2.18,2.93
2011.08.31 01:52:22.363,0.8362,0.83703,2.18,2.93
2011.08.31 01:52:23.345,0.83619,0.83702,2.18,2.93
2011.08.31 01:52:23.462,0.83621,0.83702,2.18,2.93
2011.08.31 01:52:25.000,0.8362,0.83701,2.18,2.93
2011.08.31 01:52:37.023,0.83618,0.83701,2.18,2.93
2011.08.31 01:52:37.242,0.83618,0.83701,2.18,2.18
2011.08.31 01:52:37.668,0.83622,0.83706,2.18,2.93
2011.08.31 01:52:39.288,0.83622,0.83706,2.18,2.93
2011.08.31 01:52:41.197,0.83624,0.83706,2.18,2.93
2011.08.31 01:52:42.095,0.83624,0.83706,2.18,2.93
2011.08.31 01:52:46.987,0.83624,0.83706,2.18,2.93
2011.08.31 01:52:47.290,0.83621,0.83705,2.18,2.93
2011.08.31 01:52:47.840,0.8362,0.83703,2.18,2.93
2011.08.31 01:52:50.727,0.8362,0.83703,2.18,2.93
2011.08.31 01:52:52.714,0.8362,0.83703,2.18,2.93
2011.08.31 01:52:54.804,0.8362,0.83703,2.18,2.93
2011.08.31 01:52:59.456,0.83619,0.83702,2.18,2.93
2011.08.31 01:52:59.681,0.83621,0.83702,2.18,2.93
2011.08.31 01:53:00.076,0.83621,0.83702,2.18,2.93
2011.08.31 01:53:00.372,0.83621,0.83702,2.18,2.93
2011.08.31 01:53:00.590,0.83625,0.83707,2.18,2.93
2011.08.31 01:53:01.031,0.8362,0.83704,2.18,2.93
2011.08.31 01:53:03.351,0.83623,0.83705,2.18,2.93
2011.08.31 01:53:20.630,0.83621,0.83703,2.18,2.93
2011.08.31 01:53:21.353,0.83621,0.83703,2.18,2.93
2011.08.31 01:53:21.476,0.83621,0.83703,2.18,2.93
2011.08.31 01:53:21.922,0.83624,0.83706,2.18,2.93
2011.08.31 01:53:22.417,0.83624,0.83706,2.18,2.93
2011.08.31 01:53:22.933,0.83626,0.83708,2.18,2.93
2011.08.31 01:53:23.041,0.83624,0.83706,2.18,2.18
2011.08.31 01:53:23.371,0.83626,0.83708,2.18,2.18
2011.08.31 01:53:23.877,0.83622,0.83706,2.18,2.18
2011.08.31 01:53:25.873,0.83622,0.83706,2.18,2.93
2011.08.31 01:53:27.825,0.83626,0.83708,2.18,2.93
2011.08.31 01:53:32.346,0.83627,0.83711,2.18,2.93
2011.08.31 01:53:32.760,0.83626,0.8371,2.18,2.93
2011.08.31 01:53:33.502,0.83625,0.83709,2.18,2.93
2011.08.31 01:53:34.716,0.83625,0.83709,2.18,2.93
2011.08.31 01:53:34.983,0.83632,0.83716,2.18,3.30
2011.08.31 01:53:35.441,0.83632,0.83716,2.18,3.30
2011.08.31 01:53:35.661,0.83629,0.83711,2.18,2.93
2011.08.31 01:53:36.255,0.83629,0.83711,2.18,2.93
2011.08.31 01:53:36.471,0.83629,0.83711,2.18,2.93
2011.08.31 01:53:38.305,0.83631,0.83713,2.18,2.93
2011.08.31 01:53:41.403,0.83631,0.83713,2.18,2.93
2011.08.31 01:53:41.695,0.83629,0.83713,2.18,2.93
2011.08.31 01:53:42.320,0.8363,0.83714,2.18,2.93
2011.08.31 01:53:42.971,0.83629,0.83713,2.18,2.93
2011.08.31 01:53:44.986,0.83628,0.8371,2.18,2.93
2011.08.31 01:53:45.101,0.8363,0.83712,2.18,2.93
2011.08.31 01:53:46.160,0.83627,0.83711,2.18,2.93
2011.08.31 01:53:49.790,0.83627,0.83709,2.93,2.93
2011.08.31 01:53:50.697,0.83627,0.83709,2.18,2.93
2011.08.31 01:53:50.920,0.83619,0.837,2.93,2.93
2011.08.31 01:53:51.824,0.83625,0.83709,2.18,2.93
2011.08.31 01:53:52.041,0.83619,0.837,2.18,2.93
2011.08.31 01:53:52.851,0.83618,0.83699,2.18,2.93
2011.08.31 01:53:53.520,0.83618,0.83699,2.18,2.93
2011.08.31 01:53:55.452,0.83622,0.83706,2.18,2.93
2011.08.31 01:53:57.523,0.83621,0.83702,2.18,2.93
2011.08.31 01:53:58.436,0.83621,0.83705,2.18,2.93
2011.08.31 01:53:58.970,0.8362,0.83703,2.18,2.93
2011.08.31 01:53:59.527,0.83622,0.83704,2.18,2.93
2011.08.31 01:53:59.742,0.83618,0.83699,2.18,2.93
2011.08.31 01:54:00.322,0.83618,0.83699,2.18,2.93
2011.08.31 01:54:04.411,0.83614,0.83695,2.18,2.93
2011.08.31 01:54:04.524,0.83614,0.83695,2.18,2.93
2011.08.31 01:54:10.103,0.83614,0.83689,2.18,1.35
2011.08.31 01:54:11.956,0.83613,0.83689,2.18,1.35
2011.08.31 01:54:12.827,0.83614,0.83689,2.18,1.35
2011.08.31 01:54:17.014,0.83614,0.83689,2.93,1.35
2011.08.31 01:54:17.392,0.83615,0.83689,2.18,1.35
2011.08.31 01:54:18.622,0.83614,0.83689,2.18,1.35
2011.08.31 01:54:19.032,0.8361,0.83689,2.93,1.35
2011.08.31 01:54:20.544,0.8361,0.83689,2.93,1.35
2011.08.31 01:54:22.183,0.8361,0.83689,2.93,1.35
2011.08.31 01:54:25.387,0.83612,0.83685,2.93,2.10
2011.08.31 01:54:28.953,0.83609,0.83684,1.35,1.35
2011.08.31 01:54:36.542,0.83609,0.83678,3.53,1.35
2011.08.31 01:54:58.392,0.83606,0.83679,1.35,1.35
2011.08.31 01:55:00.593,0.83609,0.83678,1.35,1.35
2011.08.31 01:55:03.732,0.8361,0.83685,2.93,2.10
2011.08.31 01:55:05.276,0.8361,0.83685,2.93,2.10
2011.08.31 01:55:18.682,0.8361,0.83683,2.93,1.35
2011.08.31 01:55:18.924,0.8361,0.83684,2.93,1.35
2011.08.31 01:55:19.397,0.8361,0.83684,2.93,1.35
2011.08.31 01:55:19.636,0.8361,0.83684,2.93,1.35
2011.08.31 01:55:20.742,0.8361,0.83684,2.93,1.35
2011.08.31 01:55:22.384,0.8361,0.83684,2.93,1.35
2011.08.31 01:55:22.491,0.8361,0.83683,2.93,1.35
2011.08.31 01:55:24.195,0.8361,0.83684,2.93,1.35
2011.08.31 01:55:25.530,0.8361,0.83691,2.93,2.93
2011.08.31 01:55:25.734,0.8361,0.83691,2.93,2.93
2011.08.31 01:55:26.016,0.8361,0.83691,2.93,2.93
2011.08.31 01:55:26.944,0.8361,0.83693,2.93,2.93
2011.08.31 01:55:27.613,0.8361,0.83693,2.93,2.93
2011.08.31 01:55:30.472,0.8361,0.83693,2.93,2.93
2011.08.31 01:55:30.692,0.8361,0.83693,2.93,2.93
2011.08.31 01:55:33.333,0.83609,0.8369,2.18,2.93
2011.08.31 01:55:33.553,0.83609,0.83683,2.18,1.35
2011.08.31 01:55:33.662,0.83615,0.83683,2.18,1.35
2011.08.31 01:55:33.774,0.83612,0.83688,2.93,1.35
2011.08.31 01:55:34.922,0.83616,0.83693,2.18,1.35
2011.08.31 01:55:35.551,0.83615,0.83693,2.18,1.35
2011.08.31 01:55:36.144,0.83617,0.83693,2.18,1.35
2011.08.31 01:55:36.363,0.83617,0.83697,2.18,1.35
2011.08.31 01:55:38.842,0.83616,0.83697,2.18,1.35
2011.08.31 01:55:39.855,0.83616,0.83699,2.18,3.53
2011.08.31 01:55:40.462,0.83615,0.83698,2.18,2.78
2011.08.31 01:55:43.244,0.83615,0.83697,2.18,1.35
2011.08.31 01:55:43.618,0.83613,0.83694,2.18,2.93
2011.08.31 01:55:45.045,0.83611,0.83694,2.18,2.93
2011.08.31 01:55:46.345,0.83611,0.83694,2.18,2.93
2011.08.31 01:55:46.451,0.83609,0.83692,2.18,2.93
2011.08.31 01:55:48.435,0.83609,0.83692,2.18,2.18
2011.08.31 01:55:48.664,0.83611,0.83694,2.18,2.93
2011.08.31 01:55:49.211,0.83611,0.83694,2.18,2.18
2011.08.31 01:55:50.362,0.8361,0.83693,2.18,2.18
2011.08.31 01:55:51.292,0.83613,0.83698,2.18,2.93
2011.08.31 01:55:53.172,0.83624,0.83706,2.18,2.93
2011.08.31 01:55:53.282,0.83624,0.83706,2.18,2.93
2011.08.31 01:55:54.861,0.83627,0.83711,2.18,2.93
2011.08.31 01:55:55.243,0.83627,0.83703,2.18,1.35
2011.08.31 01:55:55.613,0.83611,0.83692,2.18,2.18
2011.08.31 01:55:55.722,0.83615,0.83695,2.18,1.35
2011.08.31 01:55:55.942,0.83611,0.83692,2.18,2.18
2011.08.31 01:55:56.272,0.83612,0.83695,2.18,1.35
2011.08.31 01:55:56.383,0.83617,0.83695,2.18,1.35
2011.08.31 01:55:56.846,0.83617,0.83702,2.18,2.18
2011.08.31 01:55:56.952,0.83618,0.83704,2.18,2.93
2011.08.31 01:55:57.286,0.83618,0.83704,2.18,2.93
2011.08.31 01:56:02.454,0.83618,0.83702,2.18,2.18
2011.08.31 01:56:02.864,0.83622,0.83706,2.18,2.93
2011.08.31 01:56:03.596,0.83622,0.83706,2.18,2.93
2011.08.31 01:56:03.983,0.83625,0.83711,2.18,2.93
2011.08.31 01:56:04.486,0.83626,0.83708,2.18,2.93
2011.08.31 01:56:04.602,0.83624,0.83708,2.18,2.93
2011.08.31 01:56:05.923,0.83623,0.83708,2.18,2.93
2011.08.31 01:56:07.773,0.83623,0.83708,2.18,2.93
2011.08.31 01:56:08.376,0.83622,0.83706,2.18,2.93
2011.08.31 01:56:08.901,0.83624,0.83707,2.18,2.93
2011.08.31 01:56:09.865,0.83622,0.83704,2.18,2.93
2011.08.31 01:56:11.615,0.83624,0.83707,2.18,2.93
2011.08.31 01:56:15.112,0.83622,0.83706,2.18,2.93
2011.08.31 01:56:18.074,0.83627,0.8371,2.18,2.93
2011.08.31 01:56:18.292,0.83623,0.83707,2.18,2.93
2011.08.31 01:56:18.660,0.8363,0.83711,2.18,2.93
2011.08.31 01:56:21.182,0.8363,0.83704,2.18,1.35
2011.08.31 01:56:21.402,0.83612,0.83694,2.93,2.18
2011.08.31 01:56:22.300,0.83612,0.83691,2.93,2.10
2011.08.31 01:56:22.632,0.8361,0.83684,2.93,1.35
2011.08.31 01:56:23.775,0.8361,0.83678,2.93,1.35
2011.08.31 01:56:28.923,0.83616,0.83684,2.18,1.35
2011.08.31 01:56:29.254,0.8362,0.83695,2.18,1.35
2011.08.31 01:56:29.763,0.83619,0.83703,2.18,2.93
2011.08.31 01:56:29.872,0.83626,0.83708,2.18,2.93
2011.08.31 01:56:30.092,0.83626,0.83708,2.18,2.93
2011.08.31 01:56:32.792,0.83628,0.83711,2.18,2.93
2011.08.31 01:56:34.344,0.83627,0.8371,2.18,2.93
2011.08.31 01:56:38.533,0.83628,0.83711,2.18,2.93
2011.08.31 01:56:44.153,0.83623,0.83707,2.18,2.93
2011.08.31 01:56:44.263,0.8362,0.83701,2.18,2.18
2011.08.31 01:56:44.673,0.8361,0.83691,2.93,2.18
2011.08.31 01:56:45.208,0.8361,0.83691,2.93,2.18
2011.08.31 01:56:45.712,0.8361,0.83691,2.93,2.18
2011.08.31 01:56:47.752,0.8361,0.83691,2.93,2.93
2011.08.31 01:56:49.853,0.8361,0.83691,2.18,2.93
2011.08.31 01:56:50.073,0.83607,0.8369,2.18,2.93
2011.08.31 01:56:50.334,0.83607,0.8369,2.18,2.93
2011.08.31 01:56:51.823,0.83607,0.8369,2.18,2.93
2011.08.31 01:56:52.392,0.83606,0.8368,2.93,1.35
2011.08.31 01:56:52.813,0.83608,0.8368,2.18,1.35
2011.08.31 01:56:53.302,0.83604,0.8368,2.18,1.35
2011.08.31 01:56:53.412,0.83604,0.8368,2.18,1.35
2011.08.31 01:56:55.066,0.83604,0.8368,2.18,1.35
2011.08.31 01:56:56.863,0.836,0.83678,2.93,1.13
2011.08.31 01:56:57.432,0.83602,0.8368,2.18,1.35
2011.08.31 01:56:57.545,0.83602,0.8368,2.93,1.35
2011.08.31 01:56:57.652,0.83605,0.8368,2.18,1.35
2011.08.31 01:56:59.742,0.83606,0.8368,2.18,1.35
2011.08.31 01:56:59.853,0.83606,0.8368,2.18,1.35
2011.08.31 01:56:59.972,0.83601,0.83684,3.53,3.53
2011.08.31 01:57:00.194,0.83607,0.83684,2.18,1.35
2011.08.31 01:57:00.762,0.83612,0.83687,2.18,2.10
2011.08.31 01:57:02.873,0.8361,0.83687,2.18,2.10
2011.08.31 01:57:04.134,0.8361,0.83693,2.18,1.35
2011.08.31 01:57:04.685,0.8361,0.83694,2.18,3.53
2011.08.31 01:57:13.003,0.83619,0.83694,2.18,1.35
2011.08.31 01:57:13.525,0.83619,0.83695,2.18,1.35
2011.08.31 01:57:14.725,0.83619,0.83695,2.18,1.35
2011.08.31 01:57:15.257,0.83619,0.83693,2.18,1.35
2011.08.31 01:57:15.482,0.83609,0.83693,2.93,3.53
2011.08.31 01:57:15.725,0.83609,0.83689,2.18,1.35
2011.08.31 01:57:15.843,0.83606,0.83688,2.78,1.35
2011.08.31 01:57:16.062,0.8361,0.83688,2.18,1.35
2011.08.31 01:57:18.283,0.83611,0.83694,2.18,1.35
2011.08.31 01:57:18.833,0.83611,0.83695,2.18,2.78
2011.08.31 01:57:21.033,0.8362,0.83699,2.18,1.35
2011.08.31 01:57:22.452,0.83621,0.83698,2.93,1.35
2011.08.31 01:57:23.805,0.83624,0.83698,2.93,1.35
2011.08.31 01:57:24.672,0.83624,0.837,2.93,1.35
2011.08.31 01:57:25.702,0.83624,0.83703,2.93,1.35
2011.08.31 01:57:26.642,0.83624,0.83695,2.93,2.10
2011.08.31 01:57:27.322,0.83616,0.83695,2.78,2.10
2011.08.31 01:57:27.432,0.8362,0.83695,2.18,2.10
2011.08.31 01:57:40.495,0.8362,0.83698,2.78,1.35
2011.08.31 01:57:49.312,0.8362,0.83699,2.18,1.35
2011.08.31 01:57:49.424,0.83611,0.83695,2.18,2.78
2011.08.31 01:57:50.195,0.83612,0.83696,2.18,2.78
2011.08.31 01:57:50.785,0.83611,0.83695,2.18,2.78
2011.08.31 01:57:57.743,0.83613,0.83695,2.18,2.78
2011.08.31 01:58:00.056,0.83612,0.83694,2.18,2.78
2011.08.31 01:58:06.105,0.83615,0.83697,2.18,2.78
2011.08.31 01:58:07.756,0.83616,0.83698,2.18,2.78
2011.08.31 01:58:07.872,0.83614,0.83698,2.18,2.78
2011.08.31 01:58:07.984,0.83616,0.83698,2.18,2.78
2011.08.31 01:58:09.039,0.83615,0.83697,2.18,2.78
2011.08.31 01:58:10.175,0.83614,0.83698,2.18,2.78
2011.08.31 01:58:11.599,0.83616,0.83698,2.18,2.78
2011.08.31 01:58:11.713,0.83614,0.83698,2.18,2.78
2011.08.31 01:58:13.555,0.83615,0.83699,2.18,3.53
2011.08.31 01:58:14.793,0.83615,0.83699,2.93,2.78
2011.08.31 01:58:16.533,0.83615,0.83699,2.93,3.53
2011.08.31 01:58:17.953,0.83615,0.83697,2.18,2.78
2011.08.31 01:58:21.945,0.83616,0.83698,2.18,3.53
2011.08.31 01:58:22.502,0.83614,0.83698,2.18,3.53
2011.08.31 01:58:25.609,0.83616,0.83698,2.18,2.78
2011.08.31 01:58:26.937,0.83617,0.83699,2.18,3.53
2011.08.31 01:58:29.294,0.83612,0.83696,2.18,3.15
2011.08.31 01:58:30.131,0.8362,0.83703,2.18,3.90
2011.08.31 01:58:30.232,0.83616,0.83698,2.18,2.78
2011.08.31 01:58:32.168,0.83617,0.83701,2.18,2.78
2011.08.31 01:58:34.056,0.8362,0.83699,2.18,1.35
2011.08.31 01:58:34.543,0.83617,0.83699,2.18,1.35
2011.08.31 01:58:44.063,0.83622,0.83693,2.18,1.35
2011.08.31 01:58:44.393,0.83617,0.83699,2.18,1.35
2011.08.31 01:58:49.833,0.83617,0.83701,2.93,2.93
2011.08.31 01:58:52.146,0.83617,0.83701,2.18,2.93
2011.08.31 01:59:02.925,0.83617,0.83701,2.93,2.93
2011.08.31 01:59:03.566,0.83615,0.83699,2.18,2.55
2011.08.31 01:59:03.892,0.83611,0.83694,2.93,2.18
2011.08.31 01:59:07.122,0.83611,0.83692,2.93,2.18
2011.08.31 01:59:07.231,0.83611,0.83694,2.93,2.93
2011.08.31 01:59:07.544,0.83609,0.83692,2.93,2.18
2011.08.31 01:59:08.785,0.83609,0.83692,2.93,2.18
2011.08.31 01:59:11.994,0.83612,0.83693,2.93,2.93
2011.08.31 01:59:17.754,0.83612,0.83693,2.93,2.18
2011.08.31 01:59:18.474,0.83612,0.83693,2.18,2.18
2011.08.31 01:59:21.303,0.83612,0.83693,2.93,2.18
2011.08.31 01:59:23.082,0.83612,0.83693,2.93,2.18
2011.08.31 01:59:24.853,0.83612,0.83693,2.93,2.93
2011.08.31 01:59:27.373,0.83612,0.83693,2.93,2.93
2011.08.31 01:59:31.843,0.83612,0.83693,2.18,2.93
2011.08.31 01:59:38.940,0.83621,0.83696,2.18,1.13
2011.08.31 01:59:39.051,0.83621,0.83696,2.18,1.13
2011.08.31 01:59:39.161,0.83616,0.83699,2.18,2.93
2011.08.31 01:59:42.824,0.83618,0.83696,2.18,1.35
2011.08.31 01:59:43.083,0.83619,0.83699,2.18,1.35
2011.08.31 01:59:48.575,0.83619,0.83698,2.93,1.35
2011.08.31 01:59:48.792,0.83619,0.83699,2.18,1.35
2011.08.31 01:59:50.004,0.83619,0.83696,2.18,1.35
2011.08.31 01:59:50.223,0.83619,0.83698,2.18,1.35
2011.08.31 01:59:50.623,0.83626,0.83703,2.18,1.35
2011.08.31 01:59:50.733,0.83621,0.83703,2.18,1.73
2011.08.31 01:59:53.479,0.83626,0.83698,2.18,1.35
2011.08.31 01:59:53.593,0.83624,0.83699,2.18,1.35
2011.08.31 01:59:54.248,0.83623,0.83699,2.18,1.35
2011.08.31 01:59:59.765,0.83623,0.83696,2.18,1.35
